# step       rmse_trn   rmse_gl_trn   lr      
# If there is no available reference data, rmse_*_{val,trn} will print nan
      0      6.80e-01      4.90e-02    1.0e-03
    100      3.39e-01      2.44e-02    1.0e-03
    200      2.92e-01      2.11e-02    1.0e-03
    300      2.59e-01      1.87e-02    1.0e-03
    400      2.28e-01      1.64e-02    1.0e-03
    500      3.54e-01      2.55e-02    1.0e-03
    600      2.23e-01      1.61e-02    1.0e-03
    700      2.65e-01      1.91e-02    1.0e-03
    800      3.24e-01      2.34e-02    1.0e-03
    900      3.03e-01      2.19e-02    1.0e-03
   1000      2.35e-01      1.70e-02    1.0e-03
   1100      1.39e-01      1.00e-02    1.0e-03
   1200      3.84e-01      2.77e-02    1.0e-03
   1300      2.90e-01      2.09e-02    1.0e-03
   1400      2.24e-01      1.62e-02    1.0e-03
   1500      1.91e-01      1.38e-02    1.0e-03
   1600      2.36e-01      1.70e-02    1.0e-03
   1700      3.84e-01      2.77e-02    1.0e-03
   1800      2.05e-01      1.48e-02    1.0e-03
   1900      1.45e-01      1.05e-02    1.0e-03
   2000      2.14e-01      1.54e-02    1.0e-03
   2100      2.78e-01      2.01e-02    1.0e-03
   2200      2.33e-01      1.68e-02    1.0e-03
   2300      1.67e-01      1.20e-02    1.0e-03
   2400      2.10e-01      1.52e-02    1.0e-03
   2500      3.89e-01      2.81e-02    1.0e-03
   2600      2.53e-01      1.83e-02    1.0e-03
   2700      2.00e-01      1.45e-02    1.0e-03
   2800      2.14e-01      1.54e-02    1.0e-03
   2900      1.66e-01      1.20e-02    1.0e-03
   3000      3.20e-01      2.31e-02    1.0e-03
   3100      2.76e-01      1.99e-02    1.0e-03
   3200      2.32e-01      1.67e-02    1.0e-03
   3300      1.63e-01      1.18e-02    1.0e-03
   3400      1.50e-01      1.08e-02    1.0e-03
   3500      5.69e-02      4.10e-03    1.0e-03
   3600      1.46e-01      1.05e-02    1.0e-03
   3700      1.67e-01      1.20e-02    1.0e-03
   3800      1.62e-01      1.17e-02    1.0e-03
   3900      3.23e-01      2.33e-02    1.0e-03
   4000      1.64e-01      1.19e-02    1.0e-03
   4100      1.96e-01      1.41e-02    1.0e-03
   4200      2.16e-01      1.56e-02    1.0e-03
   4300      2.19e-01      1.58e-02    1.0e-03
   4400      1.50e-01      1.08e-02    1.0e-03
   4500      1.04e-01      7.51e-03    1.0e-03
   4600      1.53e-01      1.10e-02    1.0e-03
   4700      1.76e-01      1.27e-02    1.0e-03
   4800      1.73e-01      1.24e-02    1.0e-03
   4900      1.70e-01      1.23e-02    1.0e-03
   5000      1.47e-01      1.06e-02    9.7e-04
   5100      2.25e-01      1.62e-02    9.7e-04
   5200      2.20e-01      1.59e-02    9.7e-04
   5300      1.49e-01      1.08e-02    9.7e-04
   5400      1.10e-01      7.91e-03    9.7e-04
   5500      1.62e-01      1.17e-02    9.7e-04
   5600      1.29e-01      9.29e-03    9.7e-04
   5700      2.16e-01      1.56e-02    9.7e-04
   5800      1.82e-01      1.31e-02    9.7e-04
   5900      1.61e-01      1.16e-02    9.7e-04
   6000      1.47e-01      1.06e-02    9.7e-04
   6100      1.99e-01      1.44e-02    9.7e-04
   6200      1.86e-01      1.35e-02    9.7e-04
   6300      2.34e-01      1.69e-02    9.7e-04
   6400      2.61e-01      1.88e-02    9.7e-04
   6500      1.89e-01      1.36e-02    9.7e-04
   6600      1.63e-01      1.18e-02    9.7e-04
   6700      1.59e-01      1.15e-02    9.7e-04
   6800      1.31e-01      9.48e-03    9.7e-04
   6900      2.55e-01      1.84e-02    9.7e-04
   7000      2.18e-01      1.57e-02    9.7e-04
   7100      1.65e-01      1.19e-02    9.7e-04
   7200      1.53e-01      1.11e-02    9.7e-04
   7300      2.08e-01      1.50e-02    9.7e-04
   7400      9.85e-02      7.11e-03    9.7e-04
   7500      8.64e-02      6.23e-03    9.7e-04
   7600      1.84e-01      1.33e-02    9.7e-04
   7700      2.23e-01      1.61e-02    9.7e-04
   7800      2.04e-01      1.47e-02    9.7e-04
   7900      2.12e-01      1.53e-02    9.7e-04
   8000      8.12e-02      5.86e-03    9.7e-04
   8100      8.29e-02      5.98e-03    9.7e-04
   8200      1.54e-01      1.11e-02    9.7e-04
   8300      1.90e-01      1.37e-02    9.7e-04
   8400      6.22e-02      4.49e-03    9.7e-04
   8500      8.95e-02      6.46e-03    9.7e-04
   8600      1.57e-01      1.13e-02    9.7e-04
   8700      1.31e-01      9.44e-03    9.7e-04
   8800      1.03e-01      7.45e-03    9.7e-04
   8900      1.56e-01      1.12e-02    9.7e-04
   9000      2.15e-01      1.55e-02    9.7e-04
   9100      1.79e-01      1.29e-02    9.7e-04
   9200      1.93e-01      1.39e-02    9.7e-04
   9300      1.37e-01      9.90e-03    9.7e-04
   9400      1.14e-01      8.22e-03    9.7e-04
   9500      1.09e-01      7.88e-03    9.7e-04
   9600      2.37e-01      1.71e-02    9.7e-04
   9700      1.76e-01      1.27e-02    9.7e-04
   9800      2.65e-01      1.91e-02    9.7e-04
   9900      1.11e-01      7.99e-03    9.7e-04
  10000      1.85e-01      1.33e-02    9.4e-04
  10100      1.69e-01      1.22e-02    9.4e-04
  10200      1.19e-01      8.61e-03    9.4e-04
  10300      2.23e-01      1.61e-02    9.4e-04
  10400      1.25e-01      9.01e-03    9.4e-04
  10500      1.44e-01      1.04e-02    9.4e-04
  10600      1.62e-01      1.17e-02    9.4e-04
  10700      4.40e-02      3.18e-03    9.4e-04
  10800      2.08e-01      1.50e-02    9.4e-04
  10900      1.10e-01      7.91e-03    9.4e-04
  11000      9.55e-02      6.89e-03    9.4e-04
  11100      1.20e-01      8.64e-03    9.4e-04
  11200      1.51e-01      1.09e-02    9.4e-04
  11300      2.15e-01      1.55e-02    9.4e-04
  11400      6.74e-02      4.86e-03    9.4e-04
  11500      1.14e-01      8.21e-03    9.4e-04
  11600      8.82e-02      6.37e-03    9.4e-04
  11700      8.03e-02      5.79e-03    9.4e-04
  11800      1.54e-01      1.11e-02    9.4e-04
  11900      2.05e-01      1.48e-02    9.4e-04
  12000      1.53e-01      1.10e-02    9.4e-04
  12100      8.32e-02      6.01e-03    9.4e-04
  12200      1.18e-01      8.52e-03    9.4e-04
  12300      1.56e-01      1.12e-02    9.4e-04
  12400      1.43e-01      1.03e-02    9.4e-04
  12500      1.70e-01      1.22e-02    9.4e-04
  12600      1.80e-01      1.30e-02    9.4e-04
  12700      1.90e-01      1.37e-02    9.4e-04
  12800      1.60e-01      1.15e-02    9.4e-04
  12900      2.82e-01      2.04e-02    9.4e-04
  13000      1.57e-01      1.13e-02    9.4e-04
  13100      5.82e-02      4.20e-03    9.4e-04
  13200      7.27e-02      5.25e-03    9.4e-04
  13300      1.08e-01      7.79e-03    9.4e-04
  13400      1.58e-01      1.14e-02    9.4e-04
  13500      1.86e-01      1.34e-02    9.4e-04
  13600      1.42e-01      1.02e-02    9.4e-04
  13700      8.58e-02      6.20e-03    9.4e-04
  13800      9.87e-02      7.12e-03    9.4e-04
  13900      1.51e-01      1.09e-02    9.4e-04
  14000      1.30e-01      9.41e-03    9.4e-04
  14100      9.81e-02      7.08e-03    9.4e-04
  14200      1.76e-01      1.27e-02    9.4e-04
  14300      2.58e-01      1.86e-02    9.4e-04
  14400      1.32e-01      9.55e-03    9.4e-04
  14500      7.73e-02      5.58e-03    9.4e-04
  14600      1.45e-01      1.05e-02    9.4e-04
  14700      1.34e-01      9.67e-03    9.4e-04
  14800      9.73e-02      7.02e-03    9.4e-04
  14900      9.39e-02      6.77e-03    9.4e-04
  15000      1.83e-01      1.32e-02    9.2e-04
  15100      1.77e-01      1.28e-02    9.2e-04
  15200      1.27e-01      9.16e-03    9.2e-04
  15300      1.84e-01      1.33e-02    9.2e-04
  15400      1.13e-01      8.18e-03    9.2e-04
  15500      1.54e-01      1.11e-02    9.2e-04
  15600      8.57e-02      6.18e-03    9.2e-04
  15700      1.87e-01      1.35e-02    9.2e-04
  15800      1.69e-01      1.22e-02    9.2e-04
  15900      1.05e-01      7.61e-03    9.2e-04
  16000      1.18e-01      8.55e-03    9.2e-04
  16100      1.45e-01      1.05e-02    9.2e-04
  16200      2.12e-01      1.53e-02    9.2e-04
  16300      8.74e-02      6.31e-03    9.2e-04
  16400      1.69e-01      1.22e-02    9.2e-04
  16500      2.40e-01      1.73e-02    9.2e-04
  16600      9.79e-02      7.07e-03    9.2e-04
  16700      1.36e-01      9.81e-03    9.2e-04
  16800      1.81e-01      1.31e-02    9.2e-04
  16900      2.41e-01      1.74e-02    9.2e-04
  17000      1.92e-01      1.39e-02    9.2e-04
  17100      1.63e-01      1.18e-02    9.2e-04
  17200      1.61e-01      1.16e-02    9.2e-04
  17300      1.82e-01      1.31e-02    9.2e-04
  17400      1.27e-01      9.19e-03    9.2e-04
  17500      1.86e-01      1.34e-02    9.2e-04
  17600      2.13e-01      1.54e-02    9.2e-04
  17700      1.82e-01      1.31e-02    9.2e-04
  17800      2.45e-01      1.77e-02    9.2e-04
  17900      1.39e-01      1.00e-02    9.2e-04
  18000      1.16e-01      8.36e-03    9.2e-04
  18100      9.68e-02      6.98e-03    9.2e-04
  18200      1.02e-01      7.34e-03    9.2e-04
  18300      2.13e-01      1.54e-02    9.2e-04
  18400      8.94e-02      6.45e-03    9.2e-04
  18500      2.13e-01      1.54e-02    9.2e-04
  18600      1.61e-01      1.16e-02    9.2e-04
  18700      1.54e-01      1.11e-02    9.2e-04
  18800      1.41e-01      1.02e-02    9.2e-04
  18900      1.40e-01      1.01e-02    9.2e-04
  19000      2.68e-01      1.93e-02    9.2e-04
  19100      6.94e-02      5.01e-03    9.2e-04
  19200      1.46e-01      1.05e-02    9.2e-04
  19300      1.27e-01      9.16e-03    9.2e-04
  19400      6.60e-02      4.76e-03    9.2e-04
  19500      1.48e-01      1.07e-02    9.2e-04
  19600      1.43e-01      1.03e-02    9.2e-04
  19700      1.84e-01      1.33e-02    9.2e-04
  19800      1.35e-01      9.76e-03    9.2e-04
  19900      6.62e-02      4.78e-03    9.2e-04
  20000      1.60e-01      1.16e-02    8.9e-04
  20100      1.30e-01      9.38e-03    8.9e-04
  20200      8.94e-02      6.45e-03    8.9e-04
  20300      1.16e-01      8.36e-03    8.9e-04
  20400      2.16e-01      1.56e-02    8.9e-04
  20500      1.88e-01      1.36e-02    8.9e-04
  20600      9.82e-02      7.09e-03    8.9e-04
  20700      1.65e-01      1.19e-02    8.9e-04
  20800      8.77e-02      6.33e-03    8.9e-04
  20900      9.47e-02      6.83e-03    8.9e-04
  21000      1.62e-01      1.17e-02    8.9e-04
  21100      1.09e-01      7.87e-03    8.9e-04
  21200      8.16e-02      5.89e-03    8.9e-04
  21300      1.25e-01      9.04e-03    8.9e-04
  21400      1.26e-01      9.07e-03    8.9e-04
  21500      1.88e-01      1.35e-02    8.9e-04
  21600      1.14e-01      8.22e-03    8.9e-04
  21700      1.19e-01      8.61e-03    8.9e-04
  21800      1.93e-01      1.40e-02    8.9e-04
  21900      1.44e-01      1.04e-02    8.9e-04
  22000      1.66e-01      1.20e-02    8.9e-04
  22100      1.07e-01      7.70e-03    8.9e-04
  22200      8.68e-02      6.26e-03    8.9e-04
  22300      7.05e-02      5.09e-03    8.9e-04
  22400      9.63e-02      6.95e-03    8.9e-04
  22500      1.51e-01      1.09e-02    8.9e-04
  22600      7.24e-02      5.23e-03    8.9e-04
  22700      1.65e-01      1.19e-02    8.9e-04
  22800      2.24e-01      1.62e-02    8.9e-04
  22900      1.55e-01      1.12e-02    8.9e-04
  23000      9.95e-02      7.18e-03    8.9e-04
  23100      1.37e-01      9.89e-03    8.9e-04
  23200      1.36e-01      9.81e-03    8.9e-04
  23300      1.12e-01      8.09e-03    8.9e-04
  23400      1.31e-01      9.45e-03    8.9e-04
  23500      1.02e-01      7.37e-03    8.9e-04
  23600      1.25e-01      9.00e-03    8.9e-04
  23700      1.12e-01      8.11e-03    8.9e-04
  23800      1.18e-01      8.49e-03    8.9e-04
  23900      1.46e-01      1.05e-02    8.9e-04
  24000      1.94e-01      1.40e-02    8.9e-04
  24100      1.05e-01      7.55e-03    8.9e-04
  24200      7.68e-02      5.54e-03    8.9e-04
  24300      1.05e-01      7.58e-03    8.9e-04
  24400      7.25e-02      5.23e-03    8.9e-04
  24500      9.22e-02      6.65e-03    8.9e-04
  24600      1.04e-01      7.47e-03    8.9e-04
  24700      1.02e-01      7.33e-03    8.9e-04
  24800      6.41e-02      4.62e-03    8.9e-04
  24900      1.78e-01      1.28e-02    8.9e-04
  25000      2.82e-01      2.03e-02    8.7e-04
  25100      8.44e-02      6.09e-03    8.7e-04
  25200      1.29e-01      9.29e-03    8.7e-04
  25300      1.72e-01      1.24e-02    8.7e-04
  25400      8.28e-02      5.97e-03    8.7e-04
  25500      9.97e-02      7.20e-03    8.7e-04
  25600      1.84e-01      1.33e-02    8.7e-04
  25700      1.96e-01      1.41e-02    8.7e-04
  25800      1.40e-01      1.01e-02    8.7e-04
  25900      1.15e-01      8.31e-03    8.7e-04
  26000      1.50e-01      1.08e-02    8.7e-04
  26100      1.25e-01      9.01e-03    8.7e-04
  26200      1.44e-01      1.04e-02    8.7e-04
  26300      1.28e-01      9.24e-03    8.7e-04
  26400      1.28e-01      9.26e-03    8.7e-04
  26500      8.95e-02      6.46e-03    8.7e-04
  26600      9.64e-02      6.96e-03    8.7e-04
  26700      1.52e-01      1.10e-02    8.7e-04
  26800      2.51e-01      1.81e-02    8.7e-04
  26900      1.78e-01      1.28e-02    8.7e-04
  27000      1.24e-01      8.95e-03    8.7e-04
  27100      1.41e-01      1.02e-02    8.7e-04
  27200      7.43e-02      5.36e-03    8.7e-04
  27300      1.69e-01      1.22e-02    8.7e-04
  27400      1.54e-01      1.11e-02    8.7e-04
  27500      1.26e-01      9.06e-03    8.7e-04
  27600      1.61e-01      1.16e-02    8.7e-04
  27700      9.12e-02      6.58e-03    8.7e-04
  27800      1.30e-01      9.41e-03    8.7e-04
  27900      1.10e-01      7.91e-03    8.7e-04
  28000      1.06e-01      7.67e-03    8.7e-04
  28100      1.47e-01      1.06e-02    8.7e-04
  28200      1.25e-01      9.02e-03    8.7e-04
  28300      7.80e-02      5.63e-03    8.7e-04
  28400      1.26e-01      9.10e-03    8.7e-04
  28500      1.13e-01      8.13e-03    8.7e-04
  28600      1.26e-01      9.13e-03    8.7e-04
  28700      1.18e-01      8.52e-03    8.7e-04
  28800      1.02e-01      7.37e-03    8.7e-04
  28900      1.20e-01      8.64e-03    8.7e-04
  29000      1.04e-01      7.49e-03    8.7e-04
  29100      1.75e-01      1.26e-02    8.7e-04
  29200      2.15e-01      1.55e-02    8.7e-04
  29300      1.36e-01      9.82e-03    8.7e-04
  29400      8.63e-02      6.23e-03    8.7e-04
  29500      1.73e-01      1.25e-02    8.7e-04
  29600      1.37e-01      9.85e-03    8.7e-04
  29700      1.70e-01      1.23e-02    8.7e-04
  29800      1.42e-01      1.02e-02    8.7e-04
  29900      1.25e-01      9.00e-03    8.7e-04
  30000      6.88e-02      4.96e-03    8.4e-04
  30100      1.09e-01      7.86e-03    8.4e-04
  30200      9.69e-02      6.99e-03    8.4e-04
  30300      1.97e-01      1.42e-02    8.4e-04
  30400      9.25e-02      6.67e-03    8.4e-04
  30500      7.44e-02      5.37e-03    8.4e-04
  30600      1.03e-01      7.44e-03    8.4e-04
  30700      2.07e-01      1.49e-02    8.4e-04
  30800      7.39e-02      5.34e-03    8.4e-04
  30900      8.53e-02      6.16e-03    8.4e-04
  31000      1.18e-01      8.53e-03    8.4e-04
  31100      1.14e-01      8.23e-03    8.4e-04
  31200      1.45e-01      1.04e-02    8.4e-04
  31300      1.22e-01      8.82e-03    8.4e-04
  31400      9.85e-02      7.11e-03    8.4e-04
  31500      1.90e-01      1.37e-02    8.4e-04
  31600      9.35e-02      6.74e-03    8.4e-04
  31700      8.65e-02      6.24e-03    8.4e-04
  31800      8.70e-02      6.28e-03    8.4e-04
  31900      8.17e-02      5.89e-03    8.4e-04
  32000      9.47e-02      6.84e-03    8.4e-04
  32100      1.33e-01      9.60e-03    8.4e-04
  32200      6.02e-02      4.34e-03    8.4e-04
  32300      1.05e-01      7.60e-03    8.4e-04
  32400      1.27e-01      9.17e-03    8.4e-04
  32500      1.32e-01      9.53e-03    8.4e-04
  32600      1.37e-01      9.89e-03    8.4e-04
  32700      1.06e-01      7.62e-03    8.4e-04
  32800      1.45e-01      1.05e-02    8.4e-04
  32900      1.68e-01      1.21e-02    8.4e-04
  33000      1.59e-01      1.15e-02    8.4e-04
  33100      1.74e-01      1.26e-02    8.4e-04
  33200      1.91e-01      1.38e-02    8.4e-04
  33300      1.60e-01      1.16e-02    8.4e-04
  33400      5.97e-02      4.31e-03    8.4e-04
  33500      1.47e-01      1.06e-02    8.4e-04
  33600      1.60e-01      1.15e-02    8.4e-04
  33700      6.39e-02      4.61e-03    8.4e-04
  33800      7.37e-02      5.32e-03    8.4e-04
  33900      1.47e-01      1.06e-02    8.4e-04
  34000      1.58e-01      1.14e-02    8.4e-04
  34100      8.20e-02      5.92e-03    8.4e-04
  34200      7.22e-02      5.21e-03    8.4e-04
  34300      1.74e-01      1.26e-02    8.4e-04
  34400      1.06e-01      7.63e-03    8.4e-04
  34500      1.53e-01      1.10e-02    8.4e-04
  34600      6.47e-02      4.67e-03    8.4e-04
  34700      1.14e-01      8.22e-03    8.4e-04
  34800      8.16e-02      5.89e-03    8.4e-04
  34900      7.59e-02      5.48e-03    8.4e-04
  35000      1.45e-01      1.04e-02    8.2e-04
  35100      1.35e-01      9.75e-03    8.2e-04
  35200      1.35e-01      9.73e-03    8.2e-04
  35300      1.12e-01      8.11e-03    8.2e-04
  35400      2.40e-01      1.73e-02    8.2e-04
  35500      1.11e-01      8.04e-03    8.2e-04
  35600      9.93e-02      7.17e-03    8.2e-04
  35700      1.11e-01      8.01e-03    8.2e-04
  35800      7.92e-02      5.71e-03    8.2e-04
  35900      1.14e-01      8.24e-03    8.2e-04
  36000      9.29e-02      6.71e-03    8.2e-04
  36100      1.88e-01      1.36e-02    8.2e-04
  36200      1.07e-01      7.71e-03    8.2e-04
  36300      6.29e-02      4.54e-03    8.2e-04
  36400      8.18e-02      5.91e-03    8.2e-04
  36500      8.20e-02      5.91e-03    8.2e-04
  36600      1.43e-01      1.03e-02    8.2e-04
  36700      7.76e-02      5.60e-03    8.2e-04
  36800      9.15e-02      6.60e-03    8.2e-04
  36900      1.50e-01      1.08e-02    8.2e-04
  37000      1.83e-01      1.32e-02    8.2e-04
  37100      1.53e-01      1.10e-02    8.2e-04
  37200      6.72e-02      4.85e-03    8.2e-04
  37300      1.01e-01      7.26e-03    8.2e-04
  37400      1.18e-01      8.53e-03    8.2e-04
  37500      1.73e-01      1.25e-02    8.2e-04
  37600      1.29e-01      9.30e-03    8.2e-04
  37700      1.08e-01      7.80e-03    8.2e-04
  37800      1.02e-01      7.33e-03    8.2e-04
  37900      9.71e-02      7.01e-03    8.2e-04
  38000      1.15e-01      8.30e-03    8.2e-04
  38100      1.24e-01      8.93e-03    8.2e-04
  38200      1.69e-01      1.22e-02    8.2e-04
  38300      7.99e-02      5.77e-03    8.2e-04
  38400      1.14e-01      8.22e-03    8.2e-04
  38500      1.12e-01      8.07e-03    8.2e-04
  38600      9.32e-02      6.72e-03    8.2e-04
  38700      1.41e-01      1.02e-02    8.2e-04
  38800      1.14e-01      8.26e-03    8.2e-04
  38900      1.14e-01      8.25e-03    8.2e-04
  39000      1.33e-01      9.58e-03    8.2e-04
  39100      1.21e-01      8.71e-03    8.2e-04
  39200      1.13e-01      8.18e-03    8.2e-04
  39300      1.13e-01      8.17e-03    8.2e-04
  39400      1.76e-01      1.27e-02    8.2e-04
  39500      1.60e-01      1.16e-02    8.2e-04
  39600      9.43e-02      6.81e-03    8.2e-04
  39700      1.49e-01      1.07e-02    8.2e-04
  39800      1.12e-01      8.08e-03    8.2e-04
  39900      7.46e-02      5.38e-03    8.2e-04
  40000      1.59e-01      1.15e-02    7.9e-04
  40100      1.29e-01      9.31e-03    7.9e-04
  40200      1.49e-01      1.07e-02    7.9e-04
  40300      4.79e-02      3.46e-03    7.9e-04
  40400      1.27e-01      9.16e-03    7.9e-04
  40500      1.22e-01      8.81e-03    7.9e-04
  40600      5.68e-02      4.10e-03    7.9e-04
  40700      1.06e-01      7.62e-03    7.9e-04
  40800      1.29e-01      9.31e-03    7.9e-04
  40900      9.38e-02      6.77e-03    7.9e-04
  41000      1.61e-01      1.16e-02    7.9e-04
  41100      1.28e-01      9.23e-03    7.9e-04
  41200      1.78e-01      1.28e-02    7.9e-04
  41300      4.83e-02      3.49e-03    7.9e-04
  41400      1.77e-01      1.28e-02    7.9e-04
  41500      9.44e-02      6.81e-03    7.9e-04
  41600      8.63e-02      6.23e-03    7.9e-04
  41700      1.13e-01      8.16e-03    7.9e-04
  41800      2.44e-01      1.76e-02    7.9e-04
  41900      7.61e-02      5.49e-03    7.9e-04
  42000      6.46e-02      4.66e-03    7.9e-04
  42100      1.45e-01      1.05e-02    7.9e-04
  42200      1.13e-01      8.15e-03    7.9e-04
  42300      1.19e-01      8.60e-03    7.9e-04
  42400      1.20e-01      8.68e-03    7.9e-04
  42500      1.12e-01      8.11e-03    7.9e-04
  42600      1.34e-01      9.65e-03    7.9e-04
  42700      1.09e-01      7.88e-03    7.9e-04
  42800      8.65e-02      6.24e-03    7.9e-04
  42900      1.53e-01      1.11e-02    7.9e-04
  43000      8.60e-02      6.20e-03    7.9e-04
  43100      1.18e-01      8.51e-03    7.9e-04
  43200      1.53e-01      1.10e-02    7.9e-04
  43300      1.62e-01      1.17e-02    7.9e-04
  43400      1.16e-01      8.37e-03    7.9e-04
  43500      1.71e-01      1.24e-02    7.9e-04
  43600      1.40e-01      1.01e-02    7.9e-04
  43700      8.63e-02      6.23e-03    7.9e-04
  43800      1.42e-01      1.03e-02    7.9e-04
  43900      1.82e-01      1.31e-02    7.9e-04
  44000      9.88e-02      7.13e-03    7.9e-04
  44100      1.53e-01      1.10e-02    7.9e-04
  44200      1.62e-01      1.17e-02    7.9e-04
  44300      5.44e-02      3.92e-03    7.9e-04
  44400      7.24e-02      5.23e-03    7.9e-04
  44500      1.05e-01      7.56e-03    7.9e-04
  44600      1.23e-01      8.91e-03    7.9e-04
  44700      9.08e-02      6.55e-03    7.9e-04
  44800      8.08e-02      5.83e-03    7.9e-04
  44900      1.07e-01      7.69e-03    7.9e-04
  45000      1.12e-01      8.11e-03    7.7e-04
  45100      1.07e-01      7.75e-03    7.7e-04
  45200      2.07e-01      1.50e-02    7.7e-04
  45300      9.44e-02      6.81e-03    7.7e-04
  45400      1.15e-01      8.27e-03    7.7e-04
  45500      1.12e-01      8.07e-03    7.7e-04
  45600      1.25e-01      9.02e-03    7.7e-04
  45700      8.57e-02      6.18e-03    7.7e-04
  45800      1.02e-01      7.37e-03    7.7e-04
  45900      1.05e-01      7.57e-03    7.7e-04
  46000      1.30e-01      9.37e-03    7.7e-04
  46100      8.09e-02      5.84e-03    7.7e-04
  46200      1.22e-01      8.83e-03    7.7e-04
  46300      8.77e-02      6.33e-03    7.7e-04
  46400      1.25e-01      9.00e-03    7.7e-04
  46500      1.70e-01      1.22e-02    7.7e-04
  46600      1.41e-01      1.02e-02    7.7e-04
  46700      1.15e-01      8.30e-03    7.7e-04
  46800      1.18e-01      8.49e-03    7.7e-04
  46900      1.11e-01      8.02e-03    7.7e-04
  47000      8.37e-02      6.04e-03    7.7e-04
  47100      1.06e-01      7.68e-03    7.7e-04
  47200      9.86e-02      7.11e-03    7.7e-04
  47300      1.37e-01      9.85e-03    7.7e-04
  47400      8.77e-02      6.33e-03    7.7e-04
  47500      1.10e-01      7.95e-03    7.7e-04
  47600      9.96e-02      7.19e-03    7.7e-04
  47700      6.65e-02      4.80e-03    7.7e-04
  47800      5.25e-02      3.79e-03    7.7e-04
  47900      1.99e-01      1.44e-02    7.7e-04
  48000      9.69e-02      7.00e-03    7.7e-04
  48100      1.38e-01      9.95e-03    7.7e-04
  48200      6.52e-02      4.70e-03    7.7e-04
  48300      2.19e-01      1.58e-02    7.7e-04
  48400      1.15e-01      8.29e-03    7.7e-04
  48500      9.08e-02      6.56e-03    7.7e-04
  48600      5.32e-02      3.84e-03    7.7e-04
  48700      1.14e-01      8.21e-03    7.7e-04
  48800      1.16e-01      8.41e-03    7.7e-04
  48900      1.03e-01      7.46e-03    7.7e-04
  49000      4.90e-02      3.54e-03    7.7e-04
  49100      1.34e-01      9.70e-03    7.7e-04
  49200      1.70e-01      1.23e-02    7.7e-04
  49300      8.59e-02      6.20e-03    7.7e-04
  49400      8.90e-02      6.42e-03    7.7e-04
  49500      8.09e-02      5.84e-03    7.7e-04
  49600      5.29e-02      3.82e-03    7.7e-04
  49700      8.15e-02      5.88e-03    7.7e-04
  49800      9.28e-02      6.70e-03    7.7e-04
  49900      5.23e-02      3.78e-03    7.7e-04
  50000      8.54e-02      6.16e-03    7.5e-04
  50100      7.89e-02      5.69e-03    7.5e-04
  50200      1.13e-01      8.16e-03    7.5e-04
  50300      5.37e-02      3.87e-03    7.5e-04
  50400      1.18e-01      8.50e-03    7.5e-04
  50500      4.96e-02      3.58e-03    7.5e-04
  50600      6.74e-02      4.86e-03    7.5e-04
  50700      1.15e-01      8.33e-03    7.5e-04
  50800      9.28e-02      6.70e-03    7.5e-04
  50900      1.01e-01      7.31e-03    7.5e-04
  51000      7.58e-02      5.47e-03    7.5e-04
  51100      1.59e-01      1.15e-02    7.5e-04
  51200      5.07e-02      3.66e-03    7.5e-04
  51300      1.68e-01      1.22e-02    7.5e-04
  51400      2.26e-01      1.63e-02    7.5e-04
  51500      1.34e-01      9.69e-03    7.5e-04
  51600      8.53e-02      6.16e-03    7.5e-04
  51700      1.76e-01      1.27e-02    7.5e-04
  51800      1.27e-01      9.15e-03    7.5e-04
  51900      5.39e-02      3.89e-03    7.5e-04
  52000      1.56e-01      1.12e-02    7.5e-04
  52100      8.78e-02      6.34e-03    7.5e-04
  52200      1.36e-01      9.78e-03    7.5e-04
  52300      1.47e-01      1.06e-02    7.5e-04
  52400      1.09e-01      7.84e-03    7.5e-04
  52500      1.57e-01      1.13e-02    7.5e-04
  52600      2.38e-01      1.72e-02    7.5e-04
  52700      1.26e-01      9.11e-03    7.5e-04
  52800      9.74e-02      7.03e-03    7.5e-04
  52900      4.40e-02      3.18e-03    7.5e-04
  53000      6.08e-02      4.38e-03    7.5e-04
  53100      1.30e-01      9.35e-03    7.5e-04
  53200      7.56e-02      5.46e-03    7.5e-04
  53300      9.74e-02      7.03e-03    7.5e-04
  53400      7.62e-02      5.50e-03    7.5e-04
  53500      1.06e-01      7.67e-03    7.5e-04
  53600      1.29e-01      9.31e-03    7.5e-04
  53700      5.08e-02      3.67e-03    7.5e-04
  53800      1.20e-01      8.66e-03    7.5e-04
  53900      1.87e-01      1.35e-02    7.5e-04
  54000      1.11e-01      8.00e-03    7.5e-04
  54100      6.63e-02      4.78e-03    7.5e-04
  54200      1.18e-01      8.52e-03    7.5e-04
  54300      7.36e-02      5.31e-03    7.5e-04
  54400      1.08e-01      7.77e-03    7.5e-04
  54500      1.17e-01      8.45e-03    7.5e-04
  54600      1.28e-01      9.27e-03    7.5e-04
  54700      1.02e-01      7.35e-03    7.5e-04
  54800      9.33e-02      6.73e-03    7.5e-04
  54900      1.60e-01      1.15e-02    7.5e-04
  55000      4.52e-02      3.26e-03    7.3e-04
  55100      9.14e-02      6.60e-03    7.3e-04
  55200      4.18e-02      3.02e-03    7.3e-04
  55300      1.21e-01      8.72e-03    7.3e-04
  55400      6.62e-02      4.78e-03    7.3e-04
  55500      1.16e-01      8.40e-03    7.3e-04
  55600      1.07e-01      7.74e-03    7.3e-04
  55700      1.52e-01      1.09e-02    7.3e-04
  55800      9.69e-02      7.00e-03    7.3e-04
  55900      1.25e-01      9.04e-03    7.3e-04
  56000      1.03e-01      7.41e-03    7.3e-04
  56100      1.77e-01      1.28e-02    7.3e-04
  56200      1.03e-01      7.43e-03    7.3e-04
  56300      9.85e-02      7.11e-03    7.3e-04
  56400      1.47e-01      1.06e-02    7.3e-04
  56500      1.06e-01      7.63e-03    7.3e-04
  56600      1.00e-01      7.23e-03    7.3e-04
  56700      1.92e-01      1.39e-02    7.3e-04
  56800      1.07e-01      7.72e-03    7.3e-04
  56900      9.98e-02      7.20e-03    7.3e-04
  57000      1.36e-01      9.79e-03    7.3e-04
  57100      1.69e-01      1.22e-02    7.3e-04
  57200      1.10e-01      7.95e-03    7.3e-04
  57300      1.48e-01      1.07e-02    7.3e-04
  57400      1.37e-01      9.86e-03    7.3e-04
  57500      8.89e-02      6.42e-03    7.3e-04
  57600      6.50e-02      4.69e-03    7.3e-04
  57700      1.46e-01      1.05e-02    7.3e-04
  57800      1.07e-01      7.73e-03    7.3e-04
  57900      9.07e-02      6.54e-03    7.3e-04
  58000      7.58e-02      5.47e-03    7.3e-04
  58100      9.03e-02      6.52e-03    7.3e-04
  58200      8.49e-02      6.13e-03    7.3e-04
  58300      6.98e-02      5.03e-03    7.3e-04
  58400      1.78e-01      1.28e-02    7.3e-04
  58500      7.90e-02      5.70e-03    7.3e-04
  58600      1.00e-01      7.22e-03    7.3e-04
  58700      8.05e-02      5.81e-03    7.3e-04
  58800      8.73e-02      6.30e-03    7.3e-04
  58900      1.00e-01      7.22e-03    7.3e-04
  59000      8.47e-02      6.11e-03    7.3e-04
  59100      1.61e-01      1.16e-02    7.3e-04
  59200      8.42e-02      6.08e-03    7.3e-04
  59300      9.08e-02      6.55e-03    7.3e-04
  59400      1.07e-01      7.76e-03    7.3e-04
  59500      9.64e-02      6.95e-03    7.3e-04
  59600      4.80e-02      3.46e-03    7.3e-04
  59700      1.00e-01      7.22e-03    7.3e-04
  59800      1.00e-01      7.23e-03    7.3e-04
  59900      1.61e-01      1.16e-02    7.3e-04
  60000      5.89e-02      4.25e-03    7.1e-04
  60100      1.10e-01      7.95e-03    7.1e-04
  60200      6.78e-02      4.89e-03    7.1e-04
  60300      1.17e-01      8.45e-03    7.1e-04
  60400      9.96e-02      7.19e-03    7.1e-04
  60500      5.06e-02      3.65e-03    7.1e-04
  60600      9.18e-02      6.62e-03    7.1e-04
  60700      1.37e-01      9.91e-03    7.1e-04
  60800      5.40e-02      3.90e-03    7.1e-04
  60900      8.20e-02      5.92e-03    7.1e-04
  61000      1.23e-01      8.87e-03    7.1e-04
  61100      8.75e-02      6.31e-03    7.1e-04
  61200      6.53e-02      4.71e-03    7.1e-04
  61300      1.05e-01      7.58e-03    7.1e-04
  61400      7.76e-02      5.60e-03    7.1e-04
  61500      1.01e-01      7.27e-03    7.1e-04
  61600      6.62e-02      4.78e-03    7.1e-04
  61700      7.21e-02      5.20e-03    7.1e-04
  61800      1.06e-01      7.63e-03    7.1e-04
  61900      1.59e-01      1.15e-02    7.1e-04
  62000      1.16e-01      8.37e-03    7.1e-04
  62100      1.64e-01      1.18e-02    7.1e-04
  62200      1.20e-01      8.67e-03    7.1e-04
  62300      9.86e-02      7.11e-03    7.1e-04
  62400      8.59e-02      6.20e-03    7.1e-04
  62500      9.57e-02      6.91e-03    7.1e-04
  62600      3.88e-02      2.80e-03    7.1e-04
  62700      6.93e-02      5.00e-03    7.1e-04
  62800      9.09e-02      6.56e-03    7.1e-04
  62900      1.26e-01      9.13e-03    7.1e-04
  63000      8.75e-02      6.31e-03    7.1e-04
  63100      1.64e-01      1.19e-02    7.1e-04
  63200      5.70e-02      4.11e-03    7.1e-04
  63300      1.19e-01      8.62e-03    7.1e-04
  63400      1.01e-01      7.32e-03    7.1e-04
  63500      4.38e-02      3.16e-03    7.1e-04
  63600      1.15e-01      8.30e-03    7.1e-04
  63700      8.21e-02      5.93e-03    7.1e-04
  63800      6.77e-02      4.89e-03    7.1e-04
  63900      8.47e-02      6.12e-03    7.1e-04
  64000      9.16e-02      6.61e-03    7.1e-04
  64100      1.09e-01      7.87e-03    7.1e-04
  64200      1.11e-01      8.00e-03    7.1e-04
  64300      1.71e-01      1.23e-02    7.1e-04
  64400      6.48e-02      4.67e-03    7.1e-04
  64500      1.02e-01      7.35e-03    7.1e-04
  64600      6.17e-02      4.45e-03    7.1e-04
  64700      9.02e-02      6.51e-03    7.1e-04
  64800      8.77e-02      6.33e-03    7.1e-04
  64900      1.16e-01      8.35e-03    7.1e-04
  65000      1.35e-01      9.76e-03    6.9e-04
  65100      1.30e-01      9.37e-03    6.9e-04
  65200      8.62e-02      6.22e-03    6.9e-04
  65300      8.53e-02      6.16e-03    6.9e-04
  65400      1.11e-01      7.99e-03    6.9e-04
  65500      9.38e-02      6.77e-03    6.9e-04
  65600      7.54e-02      5.44e-03    6.9e-04
  65700      1.03e-01      7.44e-03    6.9e-04
  65800      6.50e-02      4.69e-03    6.9e-04
  65900      5.56e-02      4.01e-03    6.9e-04
  66000      1.18e-01      8.49e-03    6.9e-04
  66100      9.93e-02      7.17e-03    6.9e-04
  66200      8.29e-02      5.98e-03    6.9e-04
  66300      1.61e-01      1.16e-02    6.9e-04
  66400      1.39e-01      1.00e-02    6.9e-04
  66500      7.85e-02      5.67e-03    6.9e-04
  66600      1.14e-01      8.24e-03    6.9e-04
  66700      9.51e-02      6.86e-03    6.9e-04
  66800      8.32e-02      6.01e-03    6.9e-04
  66900      1.78e-01      1.29e-02    6.9e-04
  67000      7.31e-02      5.28e-03    6.9e-04
  67100      6.71e-02      4.84e-03    6.9e-04
  67200      1.76e-01      1.27e-02    6.9e-04
  67300      5.35e-02      3.86e-03    6.9e-04
  67400      1.14e-01      8.20e-03    6.9e-04
  67500      8.27e-02      5.97e-03    6.9e-04
  67600      4.83e-02      3.49e-03    6.9e-04
  67700      1.09e-01      7.83e-03    6.9e-04
  67800      7.90e-02      5.70e-03    6.9e-04
  67900      5.65e-02      4.08e-03    6.9e-04
  68000      1.17e-01      8.44e-03    6.9e-04
  68100      3.52e-02      2.54e-03    6.9e-04
  68200      8.92e-02      6.43e-03    6.9e-04
  68300      1.49e-01      1.07e-02    6.9e-04
  68400      5.79e-02      4.18e-03    6.9e-04
  68500      1.42e-01      1.03e-02    6.9e-04
  68600      4.08e-02      2.94e-03    6.9e-04
  68700      1.66e-01      1.19e-02    6.9e-04
  68800      5.64e-02      4.07e-03    6.9e-04
  68900      7.66e-02      5.53e-03    6.9e-04
  69000      1.22e-01      8.78e-03    6.9e-04
  69100      7.99e-02      5.77e-03    6.9e-04
  69200      5.59e-02      4.03e-03    6.9e-04
  69300      1.13e-01      8.18e-03    6.9e-04
  69400      9.62e-02      6.94e-03    6.9e-04
  69500      8.61e-02      6.21e-03    6.9e-04
  69600      5.21e-02      3.76e-03    6.9e-04
  69700      7.10e-02      5.12e-03    6.9e-04
  69800      1.28e-01      9.23e-03    6.9e-04
  69900      6.08e-02      4.39e-03    6.9e-04
  70000      1.02e-01      7.39e-03    6.7e-04
  70100      7.25e-02      5.23e-03    6.7e-04
  70200      7.73e-02      5.58e-03    6.7e-04
  70300      1.42e-01      1.02e-02    6.7e-04
  70400      1.39e-01      1.01e-02    6.7e-04
  70500      7.17e-02      5.17e-03    6.7e-04
  70600      8.17e-02      5.89e-03    6.7e-04
  70700      8.68e-02      6.26e-03    6.7e-04
  70800      1.92e-01      1.39e-02    6.7e-04
  70900      8.30e-02      5.99e-03    6.7e-04
  71000      1.11e-01      7.98e-03    6.7e-04
  71100      7.94e-02      5.73e-03    6.7e-04
  71200      1.13e-01      8.13e-03    6.7e-04
  71300      1.12e-01      8.11e-03    6.7e-04
  71400      6.73e-02      4.86e-03    6.7e-04
  71500      1.38e-01      9.99e-03    6.7e-04
  71600      1.11e-01      8.00e-03    6.7e-04
  71700      8.81e-02      6.36e-03    6.7e-04
  71800      5.40e-02      3.90e-03    6.7e-04
  71900      1.51e-01      1.09e-02    6.7e-04
  72000      1.02e-01      7.36e-03    6.7e-04
  72100      5.22e-02      3.76e-03    6.7e-04
  72200      5.42e-02      3.91e-03    6.7e-04
  72300      9.63e-02      6.95e-03    6.7e-04
  72400      9.80e-02      7.07e-03    6.7e-04
  72500      8.80e-02      6.35e-03    6.7e-04
  72600      4.21e-02      3.04e-03    6.7e-04
  72700      1.27e-01      9.14e-03    6.7e-04
  72800      1.12e-01      8.07e-03    6.7e-04
  72900      1.11e-01      8.00e-03    6.7e-04
  73000      1.38e-01      9.98e-03    6.7e-04
  73100      6.80e-02      4.91e-03    6.7e-04
  73200      5.66e-02      4.08e-03    6.7e-04
  73300      1.19e-01      8.59e-03    6.7e-04
  73400      3.78e-02      2.73e-03    6.7e-04
  73500      1.04e-01      7.53e-03    6.7e-04
  73600      1.10e-01      7.95e-03    6.7e-04
  73700      7.71e-02      5.56e-03    6.7e-04
  73800      6.81e-02      4.92e-03    6.7e-04
  73900      6.19e-02      4.47e-03    6.7e-04
  74000      8.21e-02      5.92e-03    6.7e-04
  74100      1.16e-01      8.40e-03    6.7e-04
  74200      1.08e-01      7.81e-03    6.7e-04
  74300      1.09e-01      7.85e-03    6.7e-04
  74400      7.40e-02      5.34e-03    6.7e-04
  74500      1.29e-01      9.32e-03    6.7e-04
  74600      6.54e-02      4.72e-03    6.7e-04
  74700      1.42e-01      1.03e-02    6.7e-04
  74800      1.23e-01      8.88e-03    6.7e-04
  74900      9.63e-02      6.95e-03    6.7e-04
  75000      5.68e-02      4.10e-03    6.5e-04
  75100      8.42e-02      6.07e-03    6.5e-04
  75200      1.68e-01      1.21e-02    6.5e-04
  75300      4.30e-02      3.10e-03    6.5e-04
  75400      1.24e-01      8.93e-03    6.5e-04
  75500      6.28e-02      4.53e-03    6.5e-04
  75600      1.72e-01      1.24e-02    6.5e-04
  75700      8.70e-02      6.28e-03    6.5e-04
  75800      3.92e-02      2.83e-03    6.5e-04
  75900      9.98e-02      7.20e-03    6.5e-04
  76000      1.48e-01      1.07e-02    6.5e-04
  76100      2.30e-01      1.66e-02    6.5e-04
  76200      7.31e-02      5.28e-03    6.5e-04
  76300      1.29e-01      9.31e-03    6.5e-04
  76400      7.33e-02      5.29e-03    6.5e-04
  76500      1.30e-01      9.39e-03    6.5e-04
  76600      1.46e-01      1.05e-02    6.5e-04
  76700      1.04e-01      7.53e-03    6.5e-04
  76800      1.00e-01      7.23e-03    6.5e-04
  76900      1.24e-01      8.94e-03    6.5e-04
  77000      6.60e-02      4.76e-03    6.5e-04
  77100      8.72e-02      6.29e-03    6.5e-04
  77200      6.50e-02      4.69e-03    6.5e-04
  77300      1.54e-01      1.11e-02    6.5e-04
  77400      8.41e-02      6.07e-03    6.5e-04
  77500      8.27e-02      5.97e-03    6.5e-04
  77600      7.00e-02      5.05e-03    6.5e-04
  77700      8.13e-02      5.87e-03    6.5e-04
  77800      7.81e-02      5.64e-03    6.5e-04
  77900      1.06e-01      7.65e-03    6.5e-04
  78000      9.12e-02      6.58e-03    6.5e-04
  78100      5.97e-02      4.31e-03    6.5e-04
  78200      6.53e-02      4.71e-03    6.5e-04
  78300      1.02e-01      7.35e-03    6.5e-04
  78400      1.47e-01      1.06e-02    6.5e-04
  78500      1.01e-01      7.28e-03    6.5e-04
  78600      7.82e-02      5.64e-03    6.5e-04
  78700      1.07e-01      7.73e-03    6.5e-04
  78800      1.26e-01      9.07e-03    6.5e-04
  78900      7.97e-02      5.75e-03    6.5e-04
  79000      8.40e-02      6.06e-03    6.5e-04
  79100      7.26e-02      5.24e-03    6.5e-04
  79200      1.03e-01      7.46e-03    6.5e-04
  79300      7.95e-02      5.74e-03    6.5e-04
  79400      5.51e-02      3.98e-03    6.5e-04
  79500      7.51e-02      5.42e-03    6.5e-04
  79600      1.22e-01      8.78e-03    6.5e-04
  79700      1.01e-01      7.33e-03    6.5e-04
  79800      1.05e-01      7.60e-03    6.5e-04
  79900      1.31e-01      9.49e-03    6.5e-04
  80000      1.53e-01      1.10e-02    6.3e-04
  80100      9.12e-02      6.58e-03    6.3e-04
  80200      8.46e-02      6.10e-03    6.3e-04
  80300      6.85e-02      4.94e-03    6.3e-04
  80400      8.23e-02      5.94e-03    6.3e-04
  80500      1.13e-01      8.19e-03    6.3e-04
  80600      9.99e-02      7.21e-03    6.3e-04
  80700      7.25e-02      5.23e-03    6.3e-04
  80800      7.08e-02      5.11e-03    6.3e-04
  80900      4.57e-02      3.30e-03    6.3e-04
  81000      1.33e-01      9.59e-03    6.3e-04
  81100      7.53e-02      5.44e-03    6.3e-04
  81200      8.13e-02      5.87e-03    6.3e-04
  81300      1.08e-01      7.83e-03    6.3e-04
  81400      9.65e-02      6.96e-03    6.3e-04
  81500      6.68e-02      4.82e-03    6.3e-04
  81600      7.95e-02      5.74e-03    6.3e-04
  81700      5.28e-02      3.81e-03    6.3e-04
  81800      1.22e-01      8.79e-03    6.3e-04
  81900      9.45e-02      6.82e-03    6.3e-04
  82000      9.75e-02      7.04e-03    6.3e-04
  82100      4.19e-02      3.02e-03    6.3e-04
  82200      1.38e-01      9.94e-03    6.3e-04
  82300      6.65e-02      4.80e-03    6.3e-04
  82400      7.44e-02      5.37e-03    6.3e-04
  82500      1.23e-01      8.88e-03    6.3e-04
  82600      7.86e-02      5.67e-03    6.3e-04
  82700      8.33e-02      6.01e-03    6.3e-04
  82800      5.54e-02      4.00e-03    6.3e-04
  82900      5.86e-02      4.23e-03    6.3e-04
  83000      1.08e-01      7.83e-03    6.3e-04
  83100      1.21e-01      8.70e-03    6.3e-04
  83200      8.65e-02      6.24e-03    6.3e-04
  83300      6.97e-02      5.03e-03    6.3e-04
  83400      6.34e-02      4.58e-03    6.3e-04
  83500      1.31e-01      9.46e-03    6.3e-04
  83600      1.59e-01      1.14e-02    6.3e-04
  83700      1.43e-01      1.04e-02    6.3e-04
  83800      5.20e-02      3.75e-03    6.3e-04
  83900      9.84e-02      7.10e-03    6.3e-04
  84000      6.01e-02      4.34e-03    6.3e-04
  84100      1.42e-01      1.03e-02    6.3e-04
  84200      6.41e-02      4.62e-03    6.3e-04
  84300      1.23e-01      8.87e-03    6.3e-04
  84400      8.18e-02      5.90e-03    6.3e-04
  84500      9.56e-02      6.90e-03    6.3e-04
  84600      1.14e-01      8.24e-03    6.3e-04
  84700      6.22e-02      4.49e-03    6.3e-04
  84800      1.49e-01      1.08e-02    6.3e-04
  84900      1.09e-01      7.84e-03    6.3e-04
  85000      9.73e-02      7.02e-03    6.1e-04
  85100      8.79e-02      6.34e-03    6.1e-04
  85200      9.62e-02      6.94e-03    6.1e-04
  85300      7.72e-02      5.57e-03    6.1e-04
  85400      8.57e-02      6.19e-03    6.1e-04
  85500      4.00e-02      2.88e-03    6.1e-04
  85600      7.04e-02      5.08e-03    6.1e-04
  85700      3.47e-02      2.51e-03    6.1e-04
  85800      1.26e-01      9.09e-03    6.1e-04
  85900      8.64e-02      6.24e-03    6.1e-04
  86000      7.64e-02      5.51e-03    6.1e-04
  86100      6.59e-02      4.75e-03    6.1e-04
  86200      6.36e-02      4.59e-03    6.1e-04
  86300      7.49e-02      5.40e-03    6.1e-04
  86400      4.93e-02      3.56e-03    6.1e-04
  86500      7.49e-02      5.41e-03    6.1e-04
  86600      8.97e-02      6.47e-03    6.1e-04
  86700      5.97e-02      4.31e-03    6.1e-04
  86800      7.06e-02      5.10e-03    6.1e-04
  86900      7.24e-02      5.22e-03    6.1e-04
  87000      6.98e-02      5.03e-03    6.1e-04
  87100      1.10e-01      7.96e-03    6.1e-04
  87200      1.05e-01      7.56e-03    6.1e-04
  87300      5.83e-02      4.21e-03    6.1e-04
  87400      1.52e-01      1.10e-02    6.1e-04
  87500      9.12e-02      6.58e-03    6.1e-04
  87600      9.23e-02      6.66e-03    6.1e-04
  87700      1.30e-01      9.40e-03    6.1e-04
  87800      1.28e-01      9.27e-03    6.1e-04
  87900      1.47e-01      1.06e-02    6.1e-04
  88000      3.16e-02      2.28e-03    6.1e-04
  88100      8.95e-02      6.46e-03    6.1e-04
  88200      4.87e-02      3.51e-03    6.1e-04
  88300      4.71e-02      3.40e-03    6.1e-04
  88400      1.12e-01      8.10e-03    6.1e-04
  88500      7.39e-02      5.33e-03    6.1e-04
  88600      1.19e-01      8.59e-03    6.1e-04
  88700      7.71e-02      5.56e-03    6.1e-04
  88800      7.24e-02      5.22e-03    6.1e-04
  88900      7.36e-02      5.31e-03    6.1e-04
  89000      8.56e-02      6.18e-03    6.1e-04
  89100      1.30e-01      9.41e-03    6.1e-04
  89200      6.98e-02      5.04e-03    6.1e-04
  89300      1.29e-01      9.28e-03    6.1e-04
  89400      6.38e-02      4.60e-03    6.1e-04
  89500      1.46e-01      1.05e-02    6.1e-04
  89600      7.11e-02      5.13e-03    6.1e-04
  89700      7.74e-02      5.58e-03    6.1e-04
  89800      8.78e-02      6.33e-03    6.1e-04
  89900      4.62e-02      3.34e-03    6.1e-04
  90000      5.71e-02      4.12e-03    6.0e-04
  90100      4.90e-02      3.53e-03    6.0e-04
  90200      3.10e-02      2.24e-03    6.0e-04
  90300      7.24e-02      5.23e-03    6.0e-04
  90400      9.59e-02      6.92e-03    6.0e-04
  90500      1.02e-01      7.34e-03    6.0e-04
  90600      6.87e-02      4.96e-03    6.0e-04
  90700      7.84e-02      5.66e-03    6.0e-04
  90800      9.24e-02      6.67e-03    6.0e-04
  90900      1.11e-01      7.98e-03    6.0e-04
  91000      1.05e-01      7.54e-03    6.0e-04
  91100      7.67e-02      5.54e-03    6.0e-04
  91200      7.40e-02      5.34e-03    6.0e-04
  91300      2.15e-01      1.55e-02    6.0e-04
  91400      9.01e-02      6.50e-03    6.0e-04
  91500      5.94e-02      4.29e-03    6.0e-04
  91600      4.23e-02      3.05e-03    6.0e-04
  91700      1.01e-01      7.30e-03    6.0e-04
  91800      1.73e-01      1.25e-02    6.0e-04
  91900      6.65e-02      4.80e-03    6.0e-04
  92000      8.11e-02      5.85e-03    6.0e-04
  92100      1.14e-01      8.25e-03    6.0e-04
  92200      8.42e-02      6.08e-03    6.0e-04
  92300      7.63e-02      5.51e-03    6.0e-04
  92400      9.16e-02      6.61e-03    6.0e-04
  92500      7.54e-02      5.44e-03    6.0e-04
  92600      3.89e-02      2.81e-03    6.0e-04
  92700      1.13e-01      8.16e-03    6.0e-04
  92800      1.51e-01      1.09e-02    6.0e-04
  92900      1.07e-01      7.74e-03    6.0e-04
  93000      6.67e-02      4.81e-03    6.0e-04
  93100      4.62e-02      3.33e-03    6.0e-04
  93200      9.84e-02      7.10e-03    6.0e-04
  93300      7.54e-02      5.44e-03    6.0e-04
  93400      8.57e-02      6.19e-03    6.0e-04
  93500      6.43e-02      4.64e-03    6.0e-04
  93600      1.41e-01      1.02e-02    6.0e-04
  93700      7.85e-02      5.66e-03    6.0e-04
  93800      6.62e-02      4.78e-03    6.0e-04
  93900      1.57e-01      1.13e-02    6.0e-04
  94000      9.82e-02      7.09e-03    6.0e-04
  94100      9.19e-02      6.64e-03    6.0e-04
  94200      7.78e-02      5.61e-03    6.0e-04
  94300      6.47e-02      4.67e-03    6.0e-04
  94400      8.02e-02      5.79e-03    6.0e-04
  94500      6.32e-02      4.56e-03    6.0e-04
  94600      5.82e-02      4.20e-03    6.0e-04
  94700      3.60e-02      2.60e-03    6.0e-04
  94800      6.80e-02      4.91e-03    6.0e-04
  94900      5.64e-02      4.07e-03    6.0e-04
  95000      5.79e-02      4.18e-03    5.8e-04
  95100      1.26e-01      9.13e-03    5.8e-04
  95200      7.90e-02      5.70e-03    5.8e-04
  95300      1.04e-01      7.52e-03    5.8e-04
  95400      4.44e-02      3.20e-03    5.8e-04
  95500      7.22e-02      5.21e-03    5.8e-04
  95600      6.02e-02      4.35e-03    5.8e-04
  95700      1.27e-01      9.18e-03    5.8e-04
  95800      5.55e-02      4.01e-03    5.8e-04
  95900      5.75e-02      4.15e-03    5.8e-04
  96000      6.67e-02      4.82e-03    5.8e-04
  96100      9.59e-02      6.92e-03    5.8e-04
  96200      8.85e-02      6.38e-03    5.8e-04
  96300      4.44e-02      3.21e-03    5.8e-04
  96400      1.19e-01      8.57e-03    5.8e-04
  96500      6.62e-02      4.78e-03    5.8e-04
  96600      1.40e-01      1.01e-02    5.8e-04
  96700      8.01e-02      5.78e-03    5.8e-04
  96800      4.65e-02      3.35e-03    5.8e-04
  96900      5.61e-02      4.05e-03    5.8e-04
  97000      5.04e-02      3.64e-03    5.8e-04
  97100      7.69e-02      5.55e-03    5.8e-04
  97200      7.49e-02      5.41e-03    5.8e-04
  97300      1.09e-01      7.90e-03    5.8e-04
  97400      6.36e-02      4.59e-03    5.8e-04
  97500      8.29e-02      5.98e-03    5.8e-04
  97600      6.14e-02      4.43e-03    5.8e-04
  97700      1.07e-01      7.73e-03    5.8e-04
  97800      7.19e-02      5.19e-03    5.8e-04
  97900      1.17e-01      8.45e-03    5.8e-04
  98000      8.32e-02      6.01e-03    5.8e-04
  98100      8.14e-02      5.88e-03    5.8e-04
  98200      6.79e-02      4.90e-03    5.8e-04
  98300      7.47e-02      5.39e-03    5.8e-04
  98400      5.81e-02      4.20e-03    5.8e-04
  98500      7.04e-02      5.08e-03    5.8e-04
  98600      9.61e-02      6.93e-03    5.8e-04
  98700      1.21e-01      8.72e-03    5.8e-04
  98800      7.18e-02      5.18e-03    5.8e-04
  98900      5.68e-02      4.10e-03    5.8e-04
  99000      6.85e-02      4.94e-03    5.8e-04
  99100      6.08e-02      4.39e-03    5.8e-04
  99200      6.25e-02      4.51e-03    5.8e-04
  99300      6.08e-02      4.39e-03    5.8e-04
  99400      5.21e-02      3.76e-03    5.8e-04
  99500      5.69e-02      4.10e-03    5.8e-04
  99600      8.07e-02      5.83e-03    5.8e-04
  99700      1.06e-01      7.65e-03    5.8e-04
  99800      6.28e-02      4.53e-03    5.8e-04
  99900      1.21e-01      8.74e-03    5.8e-04
 100000      1.20e-01      8.67e-03    5.6e-04
 100100      3.94e-02      2.84e-03    5.6e-04
 100200      9.47e-02      6.84e-03    5.6e-04
 100300      8.14e-02      5.87e-03    5.6e-04
 100400      6.97e-02      5.03e-03    5.6e-04
 100500      1.03e-01      7.45e-03    5.6e-04
 100600      3.70e-02      2.67e-03    5.6e-04
 100700      5.81e-02      4.19e-03    5.6e-04
 100800      6.74e-02      4.87e-03    5.6e-04
 100900      1.28e-01      9.27e-03    5.6e-04
 101000      8.26e-02      5.96e-03    5.6e-04
 101100      7.31e-02      5.28e-03    5.6e-04
 101200      4.29e-02      3.10e-03    5.6e-04
 101300      7.51e-02      5.42e-03    5.6e-04
 101400      9.18e-02      6.63e-03    5.6e-04
 101500      9.78e-02      7.06e-03    5.6e-04
 101600      8.90e-02      6.42e-03    5.6e-04
 101700      7.30e-02      5.27e-03    5.6e-04
 101800      6.02e-02      4.34e-03    5.6e-04
 101900      9.98e-02      7.20e-03    5.6e-04
 102000      6.24e-02      4.50e-03    5.6e-04
 102100      5.38e-02      3.88e-03    5.6e-04
 102200      3.79e-02      2.74e-03    5.6e-04
 102300      1.73e-01      1.25e-02    5.6e-04
 102400      9.68e-02      6.99e-03    5.6e-04
 102500      1.05e-01      7.56e-03    5.6e-04
 102600      5.14e-02      3.71e-03    5.6e-04
 102700      7.34e-02      5.30e-03    5.6e-04
 102800      6.23e-02      4.49e-03    5.6e-04
 102900      7.07e-02      5.10e-03    5.6e-04
 103000      1.13e-01      8.15e-03    5.6e-04
 103100      1.36e-01      9.80e-03    5.6e-04
 103200      3.99e-02      2.88e-03    5.6e-04
 103300      3.27e-02      2.36e-03    5.6e-04
 103400      4.45e-02      3.21e-03    5.6e-04
 103500      5.03e-02      3.63e-03    5.6e-04
 103600      4.72e-02      3.40e-03    5.6e-04
 103700      1.02e-01      7.34e-03    5.6e-04
 103800      7.36e-02      5.31e-03    5.6e-04
 103900      1.12e-01      8.12e-03    5.6e-04
 104000      7.55e-02      5.45e-03    5.6e-04
 104100      4.94e-02      3.57e-03    5.6e-04
 104200      6.72e-02      4.85e-03    5.6e-04
 104300      6.45e-02      4.66e-03    5.6e-04
 104400      4.10e-02      2.96e-03    5.6e-04
 104500      6.80e-02      4.91e-03    5.6e-04
 104600      7.17e-02      5.17e-03    5.6e-04
 104700      4.20e-02      3.03e-03    5.6e-04
 104800      5.28e-02      3.81e-03    5.6e-04
 104900      6.58e-02      4.75e-03    5.6e-04
 105000      8.03e-02      5.80e-03    5.5e-04
 105100      7.72e-02      5.57e-03    5.5e-04
 105200      4.12e-02      2.98e-03    5.5e-04
 105300      6.38e-02      4.60e-03    5.5e-04
 105400      7.44e-02      5.37e-03    5.5e-04
 105500      8.41e-02      6.07e-03    5.5e-04
 105600      6.54e-02      4.72e-03    5.5e-04
 105700      9.22e-02      6.66e-03    5.5e-04
 105800      5.12e-02      3.70e-03    5.5e-04
 105900      7.24e-02      5.23e-03    5.5e-04
 106000      6.24e-02      4.50e-03    5.5e-04
 106100      6.77e-02      4.88e-03    5.5e-04
 106200      2.90e-02      2.09e-03    5.5e-04
 106300      9.21e-02      6.64e-03    5.5e-04
 106400      7.31e-02      5.27e-03    5.5e-04
 106500      5.73e-02      4.14e-03    5.5e-04
 106600      6.77e-02      4.89e-03    5.5e-04
 106700      6.01e-02      4.34e-03    5.5e-04
 106800      1.46e-01      1.05e-02    5.5e-04
 106900      8.70e-02      6.28e-03    5.5e-04
 107000      1.04e-01      7.47e-03    5.5e-04
 107100      7.01e-02      5.06e-03    5.5e-04
 107200      4.94e-02      3.56e-03    5.5e-04
 107300      8.85e-02      6.39e-03    5.5e-04
 107400      3.90e-02      2.82e-03    5.5e-04
 107500      7.59e-02      5.48e-03    5.5e-04
 107600      1.12e-01      8.08e-03    5.5e-04
 107700      8.86e-02      6.39e-03    5.5e-04
 107800      6.94e-02      5.01e-03    5.5e-04
 107900      1.02e-01      7.39e-03    5.5e-04
 108000      6.12e-02      4.41e-03    5.5e-04
 108100      7.60e-02      5.48e-03    5.5e-04
 108200      9.63e-02      6.95e-03    5.5e-04
 108300      6.67e-02      4.81e-03    5.5e-04
 108400      7.93e-02      5.72e-03    5.5e-04
 108500      8.66e-02      6.25e-03    5.5e-04
 108600      8.12e-02      5.86e-03    5.5e-04
 108700      5.93e-02      4.28e-03    5.5e-04
 108800      9.53e-02      6.88e-03    5.5e-04
 108900      8.52e-02      6.15e-03    5.5e-04
 109000      7.23e-02      5.22e-03    5.5e-04
 109100      6.74e-02      4.86e-03    5.5e-04
 109200      4.82e-02      3.48e-03    5.5e-04
 109300      9.45e-02      6.82e-03    5.5e-04
 109400      9.41e-02      6.79e-03    5.5e-04
 109500      9.21e-02      6.65e-03    5.5e-04
 109600      6.69e-02      4.83e-03    5.5e-04
 109700      4.83e-02      3.48e-03    5.5e-04
 109800      1.00e-01      7.24e-03    5.5e-04
 109900      5.77e-02      4.16e-03    5.5e-04
 110000      2.58e-02      1.86e-03    5.3e-04
 110100      9.63e-02      6.95e-03    5.3e-04
 110200      5.93e-02      4.28e-03    5.3e-04
 110300      6.68e-02      4.82e-03    5.3e-04
 110400      8.70e-02      6.28e-03    5.3e-04
 110500      5.99e-02      4.32e-03    5.3e-04
 110600      1.29e-01      9.31e-03    5.3e-04
 110700      8.08e-02      5.83e-03    5.3e-04
 110800      3.82e-02      2.76e-03    5.3e-04
 110900      7.16e-02      5.17e-03    5.3e-04
 111000      6.32e-02      4.56e-03    5.3e-04
 111100      4.84e-02      3.49e-03    5.3e-04
 111200      9.77e-02      7.05e-03    5.3e-04
 111300      4.71e-02      3.40e-03    5.3e-04
 111400      5.16e-02      3.73e-03    5.3e-04
 111500      3.68e-02      2.66e-03    5.3e-04
 111600      7.02e-02      5.06e-03    5.3e-04
 111700      5.65e-02      4.07e-03    5.3e-04
 111800      5.48e-02      3.96e-03    5.3e-04
 111900      8.69e-02      6.27e-03    5.3e-04
 112000      7.63e-02      5.51e-03    5.3e-04
 112100      4.47e-02      3.22e-03    5.3e-04
 112200      7.48e-02      5.40e-03    5.3e-04
 112300      8.43e-02      6.08e-03    5.3e-04
 112400      5.20e-02      3.75e-03    5.3e-04
 112500      1.08e-01      7.76e-03    5.3e-04
 112600      6.78e-02      4.90e-03    5.3e-04
 112700      9.29e-02      6.71e-03    5.3e-04
 112800      6.68e-02      4.82e-03    5.3e-04
 112900      1.07e-01      7.72e-03    5.3e-04
 113000      8.92e-02      6.44e-03    5.3e-04
 113100      1.02e-01      7.40e-03    5.3e-04
 113200      8.20e-02      5.92e-03    5.3e-04
 113300      7.55e-02      5.45e-03    5.3e-04
 113400      4.64e-02      3.35e-03    5.3e-04
 113500      6.74e-02      4.86e-03    5.3e-04
 113600      5.63e-02      4.06e-03    5.3e-04
 113700      8.24e-02      5.95e-03    5.3e-04
 113800      1.32e-01      9.55e-03    5.3e-04
 113900      5.53e-02      3.99e-03    5.3e-04
 114000      1.18e-01      8.52e-03    5.3e-04
 114100      4.79e-02      3.46e-03    5.3e-04
 114200      7.54e-02      5.44e-03    5.3e-04
 114300      6.53e-02      4.72e-03    5.3e-04
 114400      5.58e-02      4.03e-03    5.3e-04
 114500      7.25e-02      5.23e-03    5.3e-04
 114600      5.63e-02      4.06e-03    5.3e-04
 114700      1.05e-01      7.55e-03    5.3e-04
 114800      4.54e-02      3.28e-03    5.3e-04
 114900      5.24e-02      3.78e-03    5.3e-04
 115000      7.65e-02      5.52e-03    5.2e-04
 115100      5.73e-02      4.13e-03    5.2e-04
 115200      8.47e-02      6.11e-03    5.2e-04
 115300      8.03e-02      5.79e-03    5.2e-04
 115400      7.10e-02      5.12e-03    5.2e-04
 115500      6.36e-02      4.59e-03    5.2e-04
 115600      8.46e-02      6.10e-03    5.2e-04
 115700      7.82e-02      5.64e-03    5.2e-04
 115800      9.25e-02      6.67e-03    5.2e-04
 115900      1.40e-01      1.01e-02    5.2e-04
 116000      4.28e-02      3.09e-03    5.2e-04
 116100      5.30e-02      3.82e-03    5.2e-04
 116200      3.81e-02      2.75e-03    5.2e-04
 116300      8.78e-02      6.33e-03    5.2e-04
 116400      8.50e-02      6.14e-03    5.2e-04
 116500      5.11e-02      3.69e-03    5.2e-04
 116600      5.50e-02      3.97e-03    5.2e-04
 116700      7.05e-02      5.09e-03    5.2e-04
 116800      7.28e-02      5.26e-03    5.2e-04
 116900      4.19e-02      3.03e-03    5.2e-04
 117000      7.77e-02      5.61e-03    5.2e-04
 117100      5.34e-02      3.85e-03    5.2e-04
 117200      5.46e-02      3.94e-03    5.2e-04
 117300      7.57e-02      5.46e-03    5.2e-04
 117400      5.07e-02      3.66e-03    5.2e-04
 117500      7.71e-02      5.56e-03    5.2e-04
 117600      6.20e-02      4.48e-03    5.2e-04
 117700      6.66e-02      4.81e-03    5.2e-04
 117800      5.52e-02      3.99e-03    5.2e-04
 117900      7.92e-02      5.72e-03    5.2e-04
 118000      5.47e-02      3.95e-03    5.2e-04
 118100      8.11e-02      5.85e-03    5.2e-04
 118200      8.17e-02      5.89e-03    5.2e-04
 118300      3.83e-02      2.76e-03    5.2e-04
 118400      6.23e-02      4.49e-03    5.2e-04
 118500      6.47e-02      4.67e-03    5.2e-04
 118600      7.42e-02      5.36e-03    5.2e-04
 118700      6.09e-02      4.39e-03    5.2e-04
 118800      1.12e-01      8.06e-03    5.2e-04
 118900      5.08e-02      3.66e-03    5.2e-04
 119000      5.59e-02      4.03e-03    5.2e-04
 119100      5.34e-02      3.86e-03    5.2e-04
 119200      4.06e-02      2.93e-03    5.2e-04
 119300      6.67e-02      4.81e-03    5.2e-04
 119400      6.85e-02      4.95e-03    5.2e-04
 119500      7.48e-02      5.40e-03    5.2e-04
 119600      4.99e-02      3.60e-03    5.2e-04
 119700      7.76e-02      5.60e-03    5.2e-04
 119800      4.55e-02      3.28e-03    5.2e-04
 119900      5.01e-02      3.62e-03    5.2e-04
 120000      5.48e-02      3.96e-03    5.0e-04
 120100      7.09e-02      5.11e-03    5.0e-04
 120200      7.86e-02      5.67e-03    5.0e-04
 120300      7.58e-02      5.47e-03    5.0e-04
 120400      4.44e-02      3.20e-03    5.0e-04
 120500      7.31e-02      5.28e-03    5.0e-04
 120600      7.85e-02      5.67e-03    5.0e-04
 120700      9.93e-02      7.17e-03    5.0e-04
 120800      5.93e-02      4.28e-03    5.0e-04
 120900      6.20e-02      4.48e-03    5.0e-04
 121000      6.43e-02      4.64e-03    5.0e-04
 121100      7.08e-02      5.11e-03    5.0e-04
 121200      4.48e-02      3.23e-03    5.0e-04
 121300      8.44e-02      6.09e-03    5.0e-04
 121400      5.70e-02      4.11e-03    5.0e-04
 121500      6.93e-02      5.00e-03    5.0e-04
 121600      4.41e-02      3.18e-03    5.0e-04
 121700      5.86e-02      4.23e-03    5.0e-04
 121800      1.18e-01      8.54e-03    5.0e-04
 121900      6.80e-02      4.91e-03    5.0e-04
 122000      9.31e-02      6.72e-03    5.0e-04
 122100      5.19e-02      3.75e-03    5.0e-04
 122200      6.61e-02      4.77e-03    5.0e-04
 122300      6.27e-02      4.53e-03    5.0e-04
 122400      9.38e-02      6.77e-03    5.0e-04
 122500      8.31e-02      6.00e-03    5.0e-04
 122600      5.12e-02      3.70e-03    5.0e-04
 122700      7.49e-02      5.41e-03    5.0e-04
 122800      6.69e-02      4.83e-03    5.0e-04
 122900      8.86e-02      6.40e-03    5.0e-04
 123000      5.11e-02      3.69e-03    5.0e-04
 123100      6.45e-02      4.65e-03    5.0e-04
 123200      1.20e-01      8.66e-03    5.0e-04
 123300      1.08e-01      7.76e-03    5.0e-04
 123400      4.89e-02      3.53e-03    5.0e-04
 123500      8.53e-02      6.16e-03    5.0e-04
 123600      6.99e-02      5.04e-03    5.0e-04
 123700      6.76e-02      4.88e-03    5.0e-04
 123800      7.39e-02      5.33e-03    5.0e-04
 123900      9.32e-02      6.73e-03    5.0e-04
 124000      4.35e-02      3.14e-03    5.0e-04
 124100      6.58e-02      4.75e-03    5.0e-04
 124200      5.95e-02      4.29e-03    5.0e-04
 124300      7.68e-02      5.54e-03    5.0e-04
 124400      3.84e-02      2.77e-03    5.0e-04
 124500      7.97e-02      5.75e-03    5.0e-04
 124600      7.52e-02      5.43e-03    5.0e-04
 124700      1.31e-01      9.48e-03    5.0e-04
 124800      4.23e-02      3.05e-03    5.0e-04
 124900      6.59e-02      4.75e-03    5.0e-04
 125000      6.14e-02      4.43e-03    4.9e-04
 125100      8.98e-02      6.48e-03    4.9e-04
 125200      4.57e-02      3.30e-03    4.9e-04
 125300      5.33e-02      3.85e-03    4.9e-04
 125400      7.73e-02      5.58e-03    4.9e-04
 125500      3.29e-02      2.37e-03    4.9e-04
 125600      9.76e-02      7.05e-03    4.9e-04
 125700      6.53e-02      4.71e-03    4.9e-04
 125800      6.79e-02      4.90e-03    4.9e-04
 125900      9.66e-02      6.97e-03    4.9e-04
 126000      4.42e-02      3.19e-03    4.9e-04
 126100      5.13e-02      3.70e-03    4.9e-04
 126200      4.50e-02      3.25e-03    4.9e-04
 126300      3.89e-02      2.81e-03    4.9e-04
 126400      8.87e-02      6.40e-03    4.9e-04
 126500      5.77e-02      4.17e-03    4.9e-04
 126600      9.01e-02      6.50e-03    4.9e-04
 126700      8.34e-02      6.02e-03    4.9e-04
 126800      6.98e-02      5.04e-03    4.9e-04
 126900      1.10e-01      7.95e-03    4.9e-04
 127000      5.27e-02      3.81e-03    4.9e-04
 127100      5.76e-02      4.15e-03    4.9e-04
 127200      5.70e-02      4.11e-03    4.9e-04
 127300      6.38e-02      4.61e-03    4.9e-04
 127400      1.67e-01      1.20e-02    4.9e-04
 127500      7.76e-02      5.60e-03    4.9e-04
 127600      9.41e-02      6.79e-03    4.9e-04
 127700      7.25e-02      5.23e-03    4.9e-04
 127800      8.10e-02      5.85e-03    4.9e-04
 127900      4.51e-02      3.25e-03    4.9e-04
 128000      5.35e-02      3.86e-03    4.9e-04
 128100      7.24e-02      5.22e-03    4.9e-04
 128200      6.99e-02      5.04e-03    4.9e-04
 128300      6.77e-02      4.89e-03    4.9e-04
 128400      8.34e-02      6.02e-03    4.9e-04
 128500      5.25e-02      3.79e-03    4.9e-04
 128600      6.06e-02      4.38e-03    4.9e-04
 128700      1.22e-01      8.79e-03    4.9e-04
 128800      6.32e-02      4.56e-03    4.9e-04
 128900      8.33e-02      6.01e-03    4.9e-04
 129000      4.39e-02      3.17e-03    4.9e-04
 129100      6.05e-02      4.37e-03    4.9e-04
 129200      6.18e-02      4.46e-03    4.9e-04
 129300      6.61e-02      4.77e-03    4.9e-04
 129400      6.65e-02      4.80e-03    4.9e-04
 129500      5.89e-02      4.25e-03    4.9e-04
 129600      5.16e-02      3.73e-03    4.9e-04
 129700      7.30e-02      5.27e-03    4.9e-04
 129800      6.22e-02      4.49e-03    4.9e-04
 129900      1.12e-01      8.11e-03    4.9e-04
 130000      5.82e-02      4.20e-03    4.7e-04
 130100      3.65e-02      2.63e-03    4.7e-04
 130200      1.14e-01      8.26e-03    4.7e-04
 130300      7.85e-02      5.66e-03    4.7e-04
 130400      5.96e-02      4.30e-03    4.7e-04
 130500      5.43e-02      3.92e-03    4.7e-04
 130600      1.35e-01      9.75e-03    4.7e-04
 130700      4.39e-02      3.17e-03    4.7e-04
 130800      1.07e-01      7.72e-03    4.7e-04
 130900      5.47e-02      3.95e-03    4.7e-04
 131000      4.30e-02      3.10e-03    4.7e-04
 131100      1.19e-01      8.56e-03    4.7e-04
 131200      7.03e-02      5.08e-03    4.7e-04
 131300      6.32e-02      4.56e-03    4.7e-04
 131400      3.26e-02      2.36e-03    4.7e-04
 131500      8.09e-02      5.84e-03    4.7e-04
 131600      8.59e-02      6.20e-03    4.7e-04
 131700      3.00e-02      2.16e-03    4.7e-04
 131800      7.89e-02      5.70e-03    4.7e-04
 131900      7.73e-02      5.58e-03    4.7e-04
 132000      7.80e-02      5.63e-03    4.7e-04
 132100      5.88e-02      4.25e-03    4.7e-04
 132200      8.20e-02      5.92e-03    4.7e-04
 132300      8.93e-02      6.44e-03    4.7e-04
 132400      5.24e-02      3.78e-03    4.7e-04
 132500      8.05e-02      5.81e-03    4.7e-04
 132600      8.09e-02      5.84e-03    4.7e-04
 132700      8.14e-02      5.88e-03    4.7e-04
 132800      1.01e-01      7.26e-03    4.7e-04
 132900      4.96e-02      3.58e-03    4.7e-04
 133000      7.62e-02      5.50e-03    4.7e-04
 133100      5.84e-02      4.21e-03    4.7e-04
 133200      5.25e-02      3.79e-03    4.7e-04
 133300      6.00e-02      4.33e-03    4.7e-04
 133400      6.69e-02      4.82e-03    4.7e-04
 133500      2.62e-02      1.89e-03    4.7e-04
 133600      7.39e-02      5.34e-03    4.7e-04
 133700      3.66e-02      2.64e-03    4.7e-04
 133800      3.60e-02      2.60e-03    4.7e-04
 133900      5.87e-02      4.24e-03    4.7e-04
 134000      3.79e-02      2.74e-03    4.7e-04
 134100      7.45e-02      5.37e-03    4.7e-04
 134200      4.34e-02      3.13e-03    4.7e-04
 134300      8.79e-02      6.35e-03    4.7e-04
 134400      3.38e-02      2.44e-03    4.7e-04
 134500      7.00e-02      5.05e-03    4.7e-04
 134600      6.56e-02      4.73e-03    4.7e-04
 134700      6.45e-02      4.66e-03    4.7e-04
 134800      4.15e-02      3.00e-03    4.7e-04
 134900      5.93e-02      4.28e-03    4.7e-04
 135000      1.13e-01      8.17e-03    4.6e-04
 135100      3.37e-02      2.44e-03    4.6e-04
 135200      4.36e-02      3.14e-03    4.6e-04
 135300      7.05e-02      5.08e-03    4.6e-04
 135400      3.11e-02      2.24e-03    4.6e-04
 135500      3.57e-02      2.58e-03    4.6e-04
 135600      5.66e-02      4.09e-03    4.6e-04
 135700      5.06e-02      3.65e-03    4.6e-04
 135800      7.96e-02      5.75e-03    4.6e-04
 135900      7.41e-02      5.35e-03    4.6e-04
 136000      5.63e-02      4.07e-03    4.6e-04
 136100      7.62e-02      5.50e-03    4.6e-04
 136200      9.42e-02      6.80e-03    4.6e-04
 136300      5.99e-02      4.32e-03    4.6e-04
 136400      8.83e-02      6.37e-03    4.6e-04
 136500      2.83e-02      2.04e-03    4.6e-04
 136600      1.11e-01      8.02e-03    4.6e-04
 136700      4.15e-02      3.00e-03    4.6e-04
 136800      8.88e-02      6.41e-03    4.6e-04
 136900      4.66e-02      3.36e-03    4.6e-04
 137000      4.79e-02      3.46e-03    4.6e-04
 137100      8.39e-02      6.05e-03    4.6e-04
 137200      4.02e-02      2.90e-03    4.6e-04
 137300      4.62e-02      3.33e-03    4.6e-04
 137400      6.21e-02      4.48e-03    4.6e-04
 137500      4.50e-02      3.25e-03    4.6e-04
 137600      4.70e-02      3.39e-03    4.6e-04
 137700      5.38e-02      3.88e-03    4.6e-04
 137800      4.06e-02      2.93e-03    4.6e-04
 137900      6.47e-02      4.67e-03    4.6e-04
 138000      7.01e-02      5.06e-03    4.6e-04
 138100      3.27e-02      2.36e-03    4.6e-04
 138200      3.06e-02      2.21e-03    4.6e-04
 138300      7.32e-02      5.28e-03    4.6e-04
 138400      5.02e-02      3.62e-03    4.6e-04
 138500      8.31e-02      5.99e-03    4.6e-04
 138600      7.31e-02      5.27e-03    4.6e-04
 138700      3.55e-02      2.56e-03    4.6e-04
 138800      5.67e-02      4.09e-03    4.6e-04
 138900      9.06e-02      6.54e-03    4.6e-04
 139000      4.34e-02      3.13e-03    4.6e-04
 139100      6.58e-02      4.75e-03    4.6e-04
 139200      6.49e-02      4.69e-03    4.6e-04
 139300      6.62e-02      4.78e-03    4.6e-04
 139400      5.72e-02      4.13e-03    4.6e-04
 139500      8.59e-02      6.20e-03    4.6e-04
 139600      7.01e-02      5.06e-03    4.6e-04
 139700      1.01e-01      7.31e-03    4.6e-04
 139800      6.33e-02      4.57e-03    4.6e-04
 139900      6.10e-02      4.40e-03    4.6e-04
 140000      6.00e-02      4.33e-03    4.5e-04
 140100      5.15e-02      3.72e-03    4.5e-04
 140200      3.19e-02      2.30e-03    4.5e-04
 140300      5.58e-02      4.03e-03    4.5e-04
 140400      9.47e-02      6.84e-03    4.5e-04
 140500      3.36e-02      2.43e-03    4.5e-04
 140600      4.99e-02      3.60e-03    4.5e-04
 140700      5.78e-02      4.17e-03    4.5e-04
 140800      4.23e-02      3.05e-03    4.5e-04
 140900      8.89e-02      6.41e-03    4.5e-04
 141000      8.28e-02      5.98e-03    4.5e-04
 141100      8.91e-02      6.43e-03    4.5e-04
 141200      4.60e-02      3.32e-03    4.5e-04
 141300      5.62e-02      4.06e-03    4.5e-04
 141400      6.23e-02      4.50e-03    4.5e-04
 141500      4.14e-02      2.99e-03    4.5e-04
 141600      4.64e-02      3.35e-03    4.5e-04
 141700      5.70e-02      4.11e-03    4.5e-04
 141800      4.27e-02      3.08e-03    4.5e-04
 141900      8.27e-02      5.97e-03    4.5e-04
 142000      1.84e-02      1.33e-03    4.5e-04
 142100      6.57e-02      4.74e-03    4.5e-04
 142200      5.17e-02      3.73e-03    4.5e-04
 142300      5.60e-02      4.04e-03    4.5e-04
 142400      3.86e-02      2.79e-03    4.5e-04
 142500      9.81e-02      7.08e-03    4.5e-04
 142600      3.54e-02      2.56e-03    4.5e-04
 142700      7.10e-02      5.13e-03    4.5e-04
 142800      6.96e-02      5.02e-03    4.5e-04
 142900      6.00e-02      4.33e-03    4.5e-04
 143000      6.84e-02      4.94e-03    4.5e-04
 143100      4.16e-02      3.00e-03    4.5e-04
 143200      7.07e-02      5.10e-03    4.5e-04
 143300      6.22e-02      4.49e-03    4.5e-04
 143400      3.91e-02      2.82e-03    4.5e-04
 143500      4.28e-02      3.09e-03    4.5e-04
 143600      6.96e-02      5.02e-03    4.5e-04
 143700      8.86e-02      6.39e-03    4.5e-04
 143800      8.34e-02      6.02e-03    4.5e-04
 143900      7.20e-02      5.20e-03    4.5e-04
 144000      4.91e-02      3.54e-03    4.5e-04
 144100      4.25e-02      3.07e-03    4.5e-04
 144200      6.25e-02      4.51e-03    4.5e-04
 144300      4.81e-02      3.47e-03    4.5e-04
 144400      4.72e-02      3.41e-03    4.5e-04
 144500      7.22e-02      5.21e-03    4.5e-04
 144600      1.00e-01      7.25e-03    4.5e-04
 144700      2.65e-02      1.91e-03    4.5e-04
 144800      5.12e-02      3.69e-03    4.5e-04
 144900      2.14e-02      1.55e-03    4.5e-04
 145000      3.32e-02      2.40e-03    4.3e-04
 145100      3.07e-02      2.21e-03    4.3e-04
 145200      4.36e-02      3.15e-03    4.3e-04
 145300      6.64e-02      4.79e-03    4.3e-04
 145400      4.65e-02      3.36e-03    4.3e-04
 145500      4.76e-02      3.44e-03    4.3e-04
 145600      6.32e-02      4.56e-03    4.3e-04
 145700      9.25e-02      6.67e-03    4.3e-04
 145800      3.82e-02      2.75e-03    4.3e-04
 145900      8.02e-02      5.79e-03    4.3e-04
 146000      3.82e-02      2.75e-03    4.3e-04
 146100      6.67e-02      4.81e-03    4.3e-04
 146200      4.58e-02      3.31e-03    4.3e-04
 146300      5.90e-02      4.26e-03    4.3e-04
 146400      3.89e-02      2.81e-03    4.3e-04
 146500      5.13e-02      3.70e-03    4.3e-04
 146600      3.38e-02      2.44e-03    4.3e-04
 146700      5.21e-02      3.76e-03    4.3e-04
 146800      5.67e-02      4.09e-03    4.3e-04
 146900      6.01e-02      4.33e-03    4.3e-04
 147000      8.49e-02      6.13e-03    4.3e-04
 147100      4.79e-02      3.46e-03    4.3e-04
 147200      2.61e-02      1.89e-03    4.3e-04
 147300      3.93e-02      2.84e-03    4.3e-04
 147400      8.06e-02      5.82e-03    4.3e-04
 147500      7.59e-02      5.48e-03    4.3e-04
 147600      3.33e-02      2.41e-03    4.3e-04
 147700      5.91e-02      4.27e-03    4.3e-04
 147800      4.65e-02      3.35e-03    4.3e-04
 147900      6.10e-02      4.40e-03    4.3e-04
 148000      4.29e-02      3.09e-03    4.3e-04
 148100      7.00e-02      5.05e-03    4.3e-04
 148200      5.44e-02      3.93e-03    4.3e-04
 148300      5.83e-02      4.21e-03    4.3e-04
 148400      6.22e-02      4.49e-03    4.3e-04
 148500      5.54e-02      4.00e-03    4.3e-04
 148600      5.55e-02      4.00e-03    4.3e-04
 148700      4.11e-02      2.96e-03    4.3e-04
 148800      3.80e-02      2.75e-03    4.3e-04
 148900      5.87e-02      4.24e-03    4.3e-04
 149000      8.56e-02      6.18e-03    4.3e-04
 149100      3.92e-02      2.83e-03    4.3e-04
 149200      2.90e-02      2.09e-03    4.3e-04
 149300      5.41e-02      3.90e-03    4.3e-04
 149400      4.68e-02      3.38e-03    4.3e-04
 149500      6.38e-02      4.61e-03    4.3e-04
 149600      6.33e-02      4.57e-03    4.3e-04
 149700      5.60e-02      4.04e-03    4.3e-04
 149800      6.85e-02      4.95e-03    4.3e-04
 149900      5.34e-02      3.85e-03    4.3e-04
 150000      6.59e-02      4.76e-03    4.2e-04
 150100      5.63e-02      4.06e-03    4.2e-04
 150200      2.71e-02      1.96e-03    4.2e-04
 150300      3.77e-02      2.72e-03    4.2e-04
 150400      5.70e-02      4.11e-03    4.2e-04
 150500      5.62e-02      4.06e-03    4.2e-04
 150600      2.65e-02      1.91e-03    4.2e-04
 150700      4.26e-02      3.07e-03    4.2e-04
 150800      6.54e-02      4.72e-03    4.2e-04
 150900      1.11e-01      8.04e-03    4.2e-04
 151000      7.23e-02      5.22e-03    4.2e-04
 151100      7.30e-02      5.27e-03    4.2e-04
 151200      3.96e-02      2.86e-03    4.2e-04
 151300      4.82e-02      3.48e-03    4.2e-04
 151400      3.50e-02      2.52e-03    4.2e-04
 151500      7.75e-02      5.59e-03    4.2e-04
 151600      7.06e-02      5.10e-03    4.2e-04
 151700      7.36e-02      5.31e-03    4.2e-04
 151800      6.90e-02      4.98e-03    4.2e-04
 151900      5.37e-02      3.88e-03    4.2e-04
 152000      4.44e-02      3.20e-03    4.2e-04
 152100      4.34e-02      3.13e-03    4.2e-04
 152200      8.44e-02      6.09e-03    4.2e-04
 152300      8.64e-02      6.24e-03    4.2e-04
 152400      5.58e-02      4.03e-03    4.2e-04
 152500      3.51e-02      2.54e-03    4.2e-04
 152600      3.94e-02      2.84e-03    4.2e-04
 152700      5.11e-02      3.69e-03    4.2e-04
 152800      4.67e-02      3.37e-03    4.2e-04
 152900      1.22e-01      8.81e-03    4.2e-04
 153000      3.98e-02      2.87e-03    4.2e-04
 153100      2.98e-02      2.15e-03    4.2e-04
 153200      8.58e-02      6.19e-03    4.2e-04
 153300      4.25e-02      3.07e-03    4.2e-04
 153400      5.55e-02      4.01e-03    4.2e-04
 153500      9.53e-02      6.88e-03    4.2e-04
 153600      7.35e-02      5.30e-03    4.2e-04
 153700      7.71e-02      5.57e-03    4.2e-04
 153800      2.35e-02      1.70e-03    4.2e-04
 153900      4.13e-02      2.98e-03    4.2e-04
 154000      4.54e-02      3.28e-03    4.2e-04
 154100      3.53e-02      2.55e-03    4.2e-04
 154200      1.12e-01      8.09e-03    4.2e-04
 154300      6.22e-02      4.49e-03    4.2e-04
 154400      2.81e-02      2.02e-03    4.2e-04
 154500      5.21e-02      3.76e-03    4.2e-04
 154600      5.02e-02      3.62e-03    4.2e-04
 154700      5.00e-02      3.61e-03    4.2e-04
 154800      8.53e-02      6.15e-03    4.2e-04
 154900      5.92e-02      4.27e-03    4.2e-04
 155000      7.11e-02      5.13e-03    4.1e-04
 155100      4.74e-02      3.42e-03    4.1e-04
 155200      3.57e-02      2.58e-03    4.1e-04
 155300      5.56e-02      4.01e-03    4.1e-04
 155400      9.14e-02      6.60e-03    4.1e-04
 155500      1.54e-02      1.11e-03    4.1e-04
 155600      4.48e-02      3.23e-03    4.1e-04
 155700      6.15e-02      4.44e-03    4.1e-04
 155800      6.48e-02      4.68e-03    4.1e-04
 155900      6.04e-02      4.36e-03    4.1e-04
 156000      2.24e-02      1.62e-03    4.1e-04
 156100      9.85e-02      7.11e-03    4.1e-04
 156200      6.52e-02      4.70e-03    4.1e-04
 156300      3.02e-02      2.18e-03    4.1e-04
 156400      8.12e-02      5.86e-03    4.1e-04
 156500      5.24e-02      3.78e-03    4.1e-04
 156600      5.41e-02      3.90e-03    4.1e-04
 156700      6.02e-02      4.35e-03    4.1e-04
 156800      7.05e-02      5.09e-03    4.1e-04
 156900      7.05e-02      5.08e-03    4.1e-04
 157000      8.07e-02      5.82e-03    4.1e-04
 157100      3.54e-02      2.55e-03    4.1e-04
 157200      5.10e-02      3.68e-03    4.1e-04
 157300      5.05e-02      3.64e-03    4.1e-04
 157400      5.20e-02      3.75e-03    4.1e-04
 157500      7.10e-02      5.12e-03    4.1e-04
 157600      5.62e-02      4.06e-03    4.1e-04
 157700      4.51e-02      3.25e-03    4.1e-04
 157800      4.71e-02      3.40e-03    4.1e-04
 157900      3.89e-02      2.80e-03    4.1e-04
 158000      3.96e-02      2.86e-03    4.1e-04
 158100      4.00e-02      2.88e-03    4.1e-04
 158200      6.49e-02      4.68e-03    4.1e-04
 158300      4.16e-02      3.00e-03    4.1e-04
 158400      4.47e-02      3.23e-03    4.1e-04
 158500      4.64e-02      3.35e-03    4.1e-04
 158600      3.86e-02      2.79e-03    4.1e-04
 158700      4.68e-02      3.37e-03    4.1e-04
 158800      4.70e-02      3.40e-03    4.1e-04
 158900      2.38e-02      1.72e-03    4.1e-04
 159000      2.65e-02      1.91e-03    4.1e-04
 159100      2.37e-02      1.71e-03    4.1e-04
 159200      7.85e-02      5.67e-03    4.1e-04
 159300      4.34e-02      3.13e-03    4.1e-04
 159400      2.80e-02      2.02e-03    4.1e-04
 159500      5.91e-02      4.27e-03    4.1e-04
 159600      4.81e-02      3.47e-03    4.1e-04
 159700      5.16e-02      3.72e-03    4.1e-04
 159800      7.04e-02      5.08e-03    4.1e-04
 159900      4.06e-02      2.93e-03    4.1e-04
 160000      4.40e-02      3.18e-03    4.0e-04
 160100      4.29e-02      3.10e-03    4.0e-04
 160200      5.38e-02      3.88e-03    4.0e-04
 160300      4.11e-02      2.97e-03    4.0e-04
 160400      3.66e-02      2.64e-03    4.0e-04
 160500      7.08e-02      5.11e-03    4.0e-04
 160600      2.01e-02      1.45e-03    4.0e-04
 160700      3.57e-02      2.58e-03    4.0e-04
 160800      3.85e-02      2.78e-03    4.0e-04
 160900      7.12e-02      5.14e-03    4.0e-04
 161000      6.03e-02      4.35e-03    4.0e-04
 161100      5.32e-02      3.84e-03    4.0e-04
 161200      9.96e-02      7.19e-03    4.0e-04
 161300      2.86e-02      2.06e-03    4.0e-04
 161400      7.44e-02      5.37e-03    4.0e-04
 161500      5.69e-02      4.11e-03    4.0e-04
 161600      4.02e-02      2.90e-03    4.0e-04
 161700      6.22e-02      4.49e-03    4.0e-04
 161800      5.91e-02      4.27e-03    4.0e-04
 161900      7.12e-02      5.14e-03    4.0e-04
 162000      8.04e-02      5.81e-03    4.0e-04
 162100      3.31e-02      2.39e-03    4.0e-04
 162200      4.05e-02      2.92e-03    4.0e-04
 162300      3.32e-02      2.39e-03    4.0e-04
 162400      3.94e-02      2.85e-03    4.0e-04
 162500      2.10e-02      1.51e-03    4.0e-04
 162600      3.66e-02      2.64e-03    4.0e-04
 162700      7.26e-02      5.24e-03    4.0e-04
 162800      3.82e-02      2.76e-03    4.0e-04
 162900      5.45e-02      3.93e-03    4.0e-04
 163000      3.30e-02      2.38e-03    4.0e-04
 163100      5.41e-02      3.90e-03    4.0e-04
 163200      5.00e-02      3.61e-03    4.0e-04
 163300      9.34e-02      6.74e-03    4.0e-04
 163400      4.79e-02      3.45e-03    4.0e-04
 163500      5.69e-02      4.11e-03    4.0e-04
 163600      8.68e-02      6.26e-03    4.0e-04
 163700      3.80e-02      2.74e-03    4.0e-04
 163800      7.32e-02      5.28e-03    4.0e-04
 163900      4.07e-02      2.93e-03    4.0e-04
 164000      4.39e-02      3.17e-03    4.0e-04
 164100      3.75e-02      2.71e-03    4.0e-04
 164200      3.83e-02      2.77e-03    4.0e-04
 164300      2.01e-02      1.45e-03    4.0e-04
 164400      5.19e-02      3.75e-03    4.0e-04
 164500      5.31e-02      3.83e-03    4.0e-04
 164600      2.92e-02      2.11e-03    4.0e-04
 164700      5.97e-02      4.31e-03    4.0e-04
 164800      5.48e-02      3.95e-03    4.0e-04
 164900      8.61e-02      6.21e-03    4.0e-04
 165000      6.66e-02      4.81e-03    3.9e-04
 165100      2.63e-02      1.90e-03    3.9e-04
 165200      2.51e-02      1.81e-03    3.9e-04
 165300      4.30e-02      3.11e-03    3.9e-04
 165400      1.96e-02      1.42e-03    3.9e-04
 165500      4.23e-02      3.05e-03    3.9e-04
 165600      6.38e-02      4.61e-03    3.9e-04
 165700      2.97e-02      2.14e-03    3.9e-04
 165800      6.55e-02      4.73e-03    3.9e-04
 165900      5.16e-02      3.72e-03    3.9e-04
 166000      4.46e-02      3.22e-03    3.9e-04
 166100      2.24e-02      1.62e-03    3.9e-04
 166200      8.29e-02      5.98e-03    3.9e-04
 166300      6.76e-02      4.88e-03    3.9e-04
 166400      6.47e-02      4.67e-03    3.9e-04
 166500      3.25e-02      2.34e-03    3.9e-04
 166600      6.59e-02      4.76e-03    3.9e-04
 166700      2.21e-02      1.60e-03    3.9e-04
 166800      5.42e-02      3.91e-03    3.9e-04
 166900      4.36e-02      3.14e-03    3.9e-04
 167000      3.02e-02      2.18e-03    3.9e-04
 167100      6.27e-02      4.52e-03    3.9e-04
 167200      3.61e-02      2.61e-03    3.9e-04
 167300      3.21e-02      2.32e-03    3.9e-04
 167400      6.93e-02      5.00e-03    3.9e-04
 167500      4.97e-02      3.59e-03    3.9e-04
 167600      4.74e-02      3.42e-03    3.9e-04
 167700      2.98e-02      2.15e-03    3.9e-04
 167800      4.57e-02      3.30e-03    3.9e-04
 167900      7.77e-02      5.61e-03    3.9e-04
 168000      4.69e-02      3.38e-03    3.9e-04
 168100      3.24e-02      2.34e-03    3.9e-04
 168200      4.04e-02      2.91e-03    3.9e-04
 168300      3.57e-02      2.57e-03    3.9e-04
 168400      3.99e-02      2.88e-03    3.9e-04
 168500      5.66e-02      4.09e-03    3.9e-04
 168600      3.11e-02      2.24e-03    3.9e-04
 168700      7.04e-02      5.08e-03    3.9e-04
 168800      5.55e-02      4.00e-03    3.9e-04
 168900      5.62e-02      4.05e-03    3.9e-04
 169000      4.72e-02      3.40e-03    3.9e-04
 169100      6.04e-02      4.36e-03    3.9e-04
 169200      6.32e-02      4.56e-03    3.9e-04
 169300      2.46e-02      1.77e-03    3.9e-04
 169400      2.67e-02      1.93e-03    3.9e-04
 169500      4.89e-02      3.53e-03    3.9e-04
 169600      2.53e-02      1.82e-03    3.9e-04
 169700      4.90e-02      3.54e-03    3.9e-04
 169800      4.45e-02      3.21e-03    3.9e-04
 169900      1.50e-02      1.08e-03    3.9e-04
 170000      3.61e-02      2.61e-03    3.8e-04
 170100      3.70e-02      2.67e-03    3.8e-04
 170200      7.03e-02      5.07e-03    3.8e-04
 170300      3.81e-02      2.75e-03    3.8e-04
 170400      6.25e-02      4.51e-03    3.8e-04
 170500      3.86e-02      2.78e-03    3.8e-04
 170600      5.02e-02      3.62e-03    3.8e-04
 170700      3.51e-02      2.54e-03    3.8e-04
 170800      3.69e-02      2.66e-03    3.8e-04
 170900      4.03e-02      2.91e-03    3.8e-04
 171000      3.99e-02      2.88e-03    3.8e-04
 171100      3.67e-02      2.65e-03    3.8e-04
 171200      6.36e-02      4.59e-03    3.8e-04
 171300      6.85e-02      4.94e-03    3.8e-04
 171400      6.38e-02      4.60e-03    3.8e-04
 171500      2.73e-02      1.97e-03    3.8e-04
 171600      3.62e-02      2.61e-03    3.8e-04
 171700      4.32e-02      3.12e-03    3.8e-04
 171800      5.69e-02      4.10e-03    3.8e-04
 171900      3.63e-02      2.62e-03    3.8e-04
 172000      5.82e-02      4.20e-03    3.8e-04
 172100      4.59e-02      3.32e-03    3.8e-04
 172200      5.52e-02      3.98e-03    3.8e-04
 172300      4.40e-02      3.18e-03    3.8e-04
 172400      4.35e-02      3.14e-03    3.8e-04
 172500      4.03e-02      2.91e-03    3.8e-04
 172600      4.52e-02      3.26e-03    3.8e-04
 172700      3.92e-02      2.83e-03    3.8e-04
 172800      3.85e-02      2.78e-03    3.8e-04
 172900      5.69e-02      4.11e-03    3.8e-04
 173000      4.21e-02      3.04e-03    3.8e-04
 173100      3.81e-02      2.75e-03    3.8e-04
 173200      3.40e-02      2.45e-03    3.8e-04
 173300      4.20e-02      3.03e-03    3.8e-04
 173400      5.50e-02      3.97e-03    3.8e-04
 173500      5.69e-02      4.10e-03    3.8e-04
 173600      5.11e-02      3.69e-03    3.8e-04
 173700      3.05e-02      2.20e-03    3.8e-04
 173800      4.94e-02      3.56e-03    3.8e-04
 173900      5.32e-02      3.84e-03    3.8e-04
 174000      3.64e-02      2.63e-03    3.8e-04
 174100      7.56e-02      5.45e-03    3.8e-04
 174200      3.65e-02      2.63e-03    3.8e-04
 174300      7.19e-02      5.19e-03    3.8e-04
 174400      6.58e-02      4.75e-03    3.8e-04
 174500      5.06e-02      3.65e-03    3.8e-04
 174600      3.76e-02      2.71e-03    3.8e-04
 174700      3.74e-02      2.70e-03    3.8e-04
 174800      6.97e-02      5.03e-03    3.8e-04
 174900      5.83e-02      4.21e-03    3.8e-04
 175000      6.39e-02      4.61e-03    3.7e-04
 175100      7.98e-02      5.76e-03    3.7e-04
 175200      4.30e-02      3.10e-03    3.7e-04
 175300      8.03e-02      5.80e-03    3.7e-04
 175400      4.83e-02      3.49e-03    3.7e-04
 175500      4.20e-02      3.03e-03    3.7e-04
 175600      3.77e-02      2.72e-03    3.7e-04
 175700      2.43e-02      1.76e-03    3.7e-04
 175800      6.34e-02      4.57e-03    3.7e-04
 175900      7.78e-02      5.61e-03    3.7e-04
 176000      4.84e-02      3.50e-03    3.7e-04
 176100      4.97e-02      3.58e-03    3.7e-04
 176200      5.24e-02      3.78e-03    3.7e-04
 176300      3.51e-02      2.53e-03    3.7e-04
 176400      3.57e-02      2.58e-03    3.7e-04
 176500      6.10e-02      4.40e-03    3.7e-04
 176600      4.76e-02      3.44e-03    3.7e-04
 176700      3.52e-02      2.54e-03    3.7e-04
 176800      2.93e-02      2.12e-03    3.7e-04
 176900      5.10e-02      3.68e-03    3.7e-04
 177000      2.58e-02      1.86e-03    3.7e-04
 177100      5.76e-02      4.16e-03    3.7e-04
 177200      2.85e-02      2.06e-03    3.7e-04
 177300      3.58e-02      2.59e-03    3.7e-04
 177400      9.00e-02      6.49e-03    3.7e-04
 177500      3.01e-02      2.17e-03    3.7e-04
 177600      5.64e-02      4.07e-03    3.7e-04
 177700      5.38e-02      3.89e-03    3.7e-04
 177800      2.31e-02      1.67e-03    3.7e-04
 177900      3.92e-02      2.83e-03    3.7e-04
 178000      6.10e-02      4.40e-03    3.7e-04
 178100      6.64e-02      4.79e-03    3.7e-04
 178200      7.31e-02      5.27e-03    3.7e-04
 178300      5.99e-02      4.32e-03    3.7e-04
 178400      5.13e-02      3.71e-03    3.7e-04
 178500      5.62e-02      4.05e-03    3.7e-04
 178600      3.63e-02      2.62e-03    3.7e-04
 178700      4.91e-02      3.54e-03    3.7e-04
 178800      5.03e-02      3.63e-03    3.7e-04
 178900      4.52e-02      3.26e-03    3.7e-04
 179000      6.23e-02      4.50e-03    3.7e-04
 179100      4.09e-02      2.95e-03    3.7e-04
 179200      3.26e-02      2.35e-03    3.7e-04
 179300      3.56e-02      2.57e-03    3.7e-04
 179400      1.72e-02      1.24e-03    3.7e-04
 179500      3.19e-02      2.30e-03    3.7e-04
 179600      3.35e-02      2.42e-03    3.7e-04
 179700      4.83e-02      3.49e-03    3.7e-04
 179800      3.80e-02      2.74e-03    3.7e-04
 179900      5.52e-02      3.98e-03    3.7e-04
 180000      4.45e-02      3.21e-03    3.5e-04
 180100      5.59e-02      4.03e-03    3.5e-04
 180200      2.45e-02      1.77e-03    3.5e-04
 180300      4.84e-02      3.49e-03    3.5e-04
 180400      4.69e-02      3.39e-03    3.5e-04
 180500      6.00e-02      4.33e-03    3.5e-04
 180600      2.75e-02      1.99e-03    3.5e-04
 180700      7.93e-02      5.72e-03    3.5e-04
 180800      4.09e-02      2.95e-03    3.5e-04
 180900      9.31e-02      6.72e-03    3.5e-04
 181000      6.83e-02      4.93e-03    3.5e-04
 181100      5.85e-02      4.22e-03    3.5e-04
 181200      4.70e-02      3.39e-03    3.5e-04
 181300      3.16e-02      2.28e-03    3.5e-04
 181400      6.49e-02      4.68e-03    3.5e-04
 181500      3.91e-02      2.82e-03    3.5e-04
 181600      2.31e-02      1.66e-03    3.5e-04
 181700      4.18e-02      3.01e-03    3.5e-04
 181800      3.73e-02      2.69e-03    3.5e-04
 181900      4.15e-02      3.00e-03    3.5e-04
 182000      7.79e-02      5.62e-03    3.5e-04
 182100      1.22e-02      8.80e-04    3.5e-04
 182200      4.81e-02      3.47e-03    3.5e-04
 182300      3.94e-02      2.84e-03    3.5e-04
 182400      4.89e-02      3.53e-03    3.5e-04
 182500      2.75e-02      1.99e-03    3.5e-04
 182600      3.64e-02      2.63e-03    3.5e-04
 182700      3.09e-02      2.23e-03    3.5e-04
 182800      6.23e-02      4.50e-03    3.5e-04
 182900      4.06e-02      2.93e-03    3.5e-04
 183000      2.72e-02      1.96e-03    3.5e-04
 183100      4.76e-02      3.44e-03    3.5e-04
 183200      2.84e-02      2.05e-03    3.5e-04
 183300      6.11e-02      4.41e-03    3.5e-04
 183400      3.88e-02      2.80e-03    3.5e-04
 183500      6.31e-02      4.55e-03    3.5e-04
 183600      4.40e-02      3.18e-03    3.5e-04
 183700      4.23e-02      3.05e-03    3.5e-04
 183800      3.04e-02      2.20e-03    3.5e-04
 183900      5.36e-02      3.87e-03    3.5e-04
 184000      2.88e-02      2.08e-03    3.5e-04
 184100      3.74e-02      2.70e-03    3.5e-04
 184200      5.76e-02      4.16e-03    3.5e-04
 184300      4.00e-02      2.88e-03    3.5e-04
 184400      2.57e-02      1.85e-03    3.5e-04
 184500      5.13e-02      3.70e-03    3.5e-04
 184600      6.48e-02      4.67e-03    3.5e-04
 184700      5.50e-02      3.97e-03    3.5e-04
 184800      6.44e-02      4.65e-03    3.5e-04
 184900      5.19e-02      3.74e-03    3.5e-04
 185000      3.59e-02      2.59e-03    3.4e-04
 185100      3.35e-02      2.42e-03    3.4e-04
 185200      3.29e-02      2.37e-03    3.4e-04
 185300      4.90e-02      3.54e-03    3.4e-04
 185400      3.81e-02      2.75e-03    3.4e-04
 185500      6.65e-02      4.80e-03    3.4e-04
 185600      4.37e-02      3.15e-03    3.4e-04
 185700      5.08e-02      3.67e-03    3.4e-04
 185800      4.30e-02      3.11e-03    3.4e-04
 185900      3.43e-02      2.47e-03    3.4e-04
 186000      2.46e-02      1.78e-03    3.4e-04
 186100      3.65e-02      2.64e-03    3.4e-04
 186200      6.44e-02      4.65e-03    3.4e-04
 186300      5.38e-02      3.89e-03    3.4e-04
 186400      4.51e-02      3.26e-03    3.4e-04
 186500      4.56e-02      3.29e-03    3.4e-04
 186600      4.51e-02      3.25e-03    3.4e-04
 186700      2.58e-02      1.86e-03    3.4e-04
 186800      2.09e-02      1.51e-03    3.4e-04
 186900      7.11e-02      5.13e-03    3.4e-04
 187000      1.83e-02      1.32e-03    3.4e-04
 187100      3.49e-02      2.52e-03    3.4e-04
 187200      4.69e-02      3.39e-03    3.4e-04
 187300      4.54e-02      3.27e-03    3.4e-04
 187400      3.94e-02      2.85e-03    3.4e-04
 187500      2.15e-02      1.55e-03    3.4e-04
 187600      4.48e-02      3.23e-03    3.4e-04
 187700      3.08e-02      2.22e-03    3.4e-04
 187800      3.61e-02      2.61e-03    3.4e-04
 187900      3.50e-02      2.53e-03    3.4e-04
 188000      3.76e-02      2.71e-03    3.4e-04
 188100      4.67e-02      3.37e-03    3.4e-04
 188200      4.73e-02      3.41e-03    3.4e-04
 188300      1.47e-02      1.06e-03    3.4e-04
 188400      5.16e-02      3.72e-03    3.4e-04
 188500      4.25e-02      3.07e-03    3.4e-04
 188600      2.95e-02      2.13e-03    3.4e-04
 188700      3.18e-02      2.29e-03    3.4e-04
 188800      5.97e-02      4.31e-03    3.4e-04
 188900      3.68e-02      2.66e-03    3.4e-04
 189000      5.02e-02      3.62e-03    3.4e-04
 189100      4.32e-02      3.12e-03    3.4e-04
 189200      3.17e-02      2.29e-03    3.4e-04
 189300      4.63e-02      3.34e-03    3.4e-04
 189400      4.02e-02      2.90e-03    3.4e-04
 189500      4.48e-02      3.24e-03    3.4e-04
 189600      5.16e-02      3.73e-03    3.4e-04
 189700      2.70e-02      1.95e-03    3.4e-04
 189800      3.20e-02      2.31e-03    3.4e-04
 189900      4.96e-02      3.58e-03    3.4e-04
 190000      4.98e-02      3.60e-03    3.3e-04
 190100      3.47e-02      2.51e-03    3.3e-04
 190200      3.27e-02      2.36e-03    3.3e-04
 190300      4.51e-02      3.25e-03    3.3e-04
 190400      4.98e-02      3.59e-03    3.3e-04
 190500      3.66e-02      2.64e-03    3.3e-04
 190600      4.56e-02      3.29e-03    3.3e-04
 190700      3.44e-02      2.48e-03    3.3e-04
 190800      2.52e-02      1.82e-03    3.3e-04
 190900      3.95e-02      2.85e-03    3.3e-04
 191000      1.59e-02      1.14e-03    3.3e-04
 191100      1.91e-02      1.38e-03    3.3e-04
 191200      4.17e-02      3.01e-03    3.3e-04
 191300      4.00e-02      2.88e-03    3.3e-04
 191400      5.91e-02      4.27e-03    3.3e-04
 191500      3.88e-02      2.80e-03    3.3e-04
 191600      4.40e-02      3.17e-03    3.3e-04
 191700      3.25e-02      2.34e-03    3.3e-04
 191800      3.62e-02      2.61e-03    3.3e-04
 191900      7.11e-02      5.13e-03    3.3e-04
 192000      3.06e-02      2.21e-03    3.3e-04
 192100      3.15e-02      2.27e-03    3.3e-04
 192200      6.55e-02      4.73e-03    3.3e-04
 192300      2.95e-02      2.13e-03    3.3e-04
 192400      3.10e-02      2.24e-03    3.3e-04
 192500      2.62e-02      1.89e-03    3.3e-04
 192600      4.55e-02      3.28e-03    3.3e-04
 192700      4.05e-02      2.92e-03    3.3e-04
 192800      4.06e-02      2.93e-03    3.3e-04
 192900      3.57e-02      2.58e-03    3.3e-04
 193000      3.97e-02      2.86e-03    3.3e-04
 193100      6.94e-02      5.01e-03    3.3e-04
 193200      4.55e-02      3.29e-03    3.3e-04
 193300      3.34e-02      2.41e-03    3.3e-04
 193400      4.36e-02      3.15e-03    3.3e-04
 193500      5.97e-02      4.31e-03    3.3e-04
 193600      3.50e-02      2.53e-03    3.3e-04
 193700      3.33e-02      2.40e-03    3.3e-04
 193800      3.60e-02      2.60e-03    3.3e-04
 193900      2.82e-02      2.03e-03    3.3e-04
 194000      4.10e-02      2.96e-03    3.3e-04
 194100      5.04e-02      3.64e-03    3.3e-04
 194200      3.67e-02      2.65e-03    3.3e-04
 194300      3.20e-02      2.31e-03    3.3e-04
 194400      2.91e-02      2.10e-03    3.3e-04
 194500      3.01e-02      2.17e-03    3.3e-04
 194600      5.87e-02      4.24e-03    3.3e-04
 194700      1.91e-02      1.38e-03    3.3e-04
 194800      3.47e-02      2.51e-03    3.3e-04
 194900      3.65e-02      2.63e-03    3.3e-04
 195000      5.33e-02      3.85e-03    3.3e-04
 195100      3.55e-02      2.57e-03    3.3e-04
 195200      2.88e-02      2.08e-03    3.3e-04
 195300      4.23e-02      3.06e-03    3.3e-04
 195400      2.72e-02      1.96e-03    3.3e-04
 195500      4.08e-02      2.95e-03    3.3e-04
 195600      5.65e-02      4.08e-03    3.3e-04
 195700      3.08e-02      2.22e-03    3.3e-04
 195800      3.37e-02      2.43e-03    3.3e-04
 195900      2.96e-02      2.13e-03    3.3e-04
 196000      3.41e-02      2.46e-03    3.3e-04
 196100      5.43e-02      3.92e-03    3.3e-04
 196200      4.04e-02      2.91e-03    3.3e-04
 196300      3.91e-02      2.82e-03    3.3e-04
 196400      3.24e-02      2.34e-03    3.3e-04
 196500      3.35e-02      2.42e-03    3.3e-04
 196600      2.44e-02      1.76e-03    3.3e-04
 196700      3.02e-02      2.18e-03    3.3e-04
 196800      6.97e-02      5.03e-03    3.3e-04
 196900      5.02e-02      3.62e-03    3.3e-04
 197000      5.56e-02      4.01e-03    3.3e-04
 197100      3.04e-02      2.20e-03    3.3e-04
 197200      5.72e-02      4.13e-03    3.3e-04
 197300      2.88e-02      2.08e-03    3.3e-04
 197400      3.28e-02      2.37e-03    3.3e-04
 197500      2.90e-02      2.10e-03    3.3e-04
 197600      3.99e-02      2.88e-03    3.3e-04
 197700      2.92e-02      2.11e-03    3.3e-04
 197800      3.70e-02      2.67e-03    3.3e-04
 197900      3.54e-02      2.56e-03    3.3e-04
 198000      4.37e-02      3.15e-03    3.3e-04
 198100      4.82e-02      3.48e-03    3.3e-04
 198200      3.23e-02      2.33e-03    3.3e-04
 198300      4.40e-02      3.18e-03    3.3e-04
 198400      3.69e-02      2.66e-03    3.3e-04
 198500      3.81e-02      2.75e-03    3.3e-04
 198600      2.78e-02      2.00e-03    3.3e-04
 198700      3.11e-02      2.24e-03    3.3e-04
 198800      2.79e-02      2.02e-03    3.3e-04
 198900      1.28e-02      9.27e-04    3.3e-04
 199000      3.43e-02      2.47e-03    3.3e-04
 199100      3.07e-02      2.21e-03    3.3e-04
 199200      4.53e-02      3.27e-03    3.3e-04
 199300      3.27e-02      2.36e-03    3.3e-04
 199400      2.88e-02      2.08e-03    3.3e-04
 199500      3.90e-02      2.81e-03    3.3e-04
 199600      2.94e-02      2.12e-03    3.3e-04
 199700      2.14e-02      1.54e-03    3.3e-04
 199800      3.38e-02      2.44e-03    3.3e-04
 199900      4.58e-02      3.31e-03    3.3e-04
 200000      2.86e-02      2.06e-03    3.2e-04
 200100      3.02e-02      2.18e-03    3.2e-04
 200200      4.13e-02      2.98e-03    3.2e-04
 200300      4.72e-02      3.41e-03    3.2e-04
 200400      7.16e-02      5.17e-03    3.2e-04
 200500      5.64e-02      4.07e-03    3.2e-04
 200600      4.76e-02      3.43e-03    3.2e-04
 200700      5.22e-02      3.76e-03    3.2e-04
 200800      2.55e-02      1.84e-03    3.2e-04
 200900      7.32e-02      5.28e-03    3.2e-04
 201000      2.93e-02      2.12e-03    3.2e-04
 201100      4.47e-02      3.22e-03    3.2e-04
 201200      1.88e-02      1.36e-03    3.2e-04
 201300      3.36e-02      2.42e-03    3.2e-04
 201400      8.10e-02      5.84e-03    3.2e-04
 201500      2.49e-02      1.80e-03    3.2e-04
 201600      3.37e-02      2.43e-03    3.2e-04
 201700      4.37e-02      3.15e-03    3.2e-04
 201800      3.02e-02      2.18e-03    3.2e-04
 201900      4.48e-02      3.23e-03    3.2e-04
 202000      4.35e-02      3.14e-03    3.2e-04
 202100      3.01e-02      2.17e-03    3.2e-04
 202200      2.27e-02      1.64e-03    3.2e-04
 202300      3.26e-02      2.35e-03    3.2e-04
 202400      2.43e-02      1.75e-03    3.2e-04
 202500      5.62e-02      4.05e-03    3.2e-04
 202600      5.64e-02      4.07e-03    3.2e-04
 202700      5.84e-02      4.21e-03    3.2e-04
 202800      3.40e-02      2.45e-03    3.2e-04
 202900      3.32e-02      2.40e-03    3.2e-04
 203000      3.90e-02      2.81e-03    3.2e-04
 203100      3.71e-02      2.67e-03    3.2e-04
 203200      3.72e-02      2.68e-03    3.2e-04
 203300      4.29e-02      3.10e-03    3.2e-04
 203400      3.81e-02      2.75e-03    3.2e-04
 203500      3.05e-02      2.20e-03    3.2e-04
 203600      2.67e-02      1.93e-03    3.2e-04
 203700      1.82e-02      1.32e-03    3.2e-04
 203800      2.43e-02      1.75e-03    3.2e-04
 203900      1.53e-02      1.10e-03    3.2e-04
 204000      4.15e-02      3.00e-03    3.2e-04
 204100      4.51e-02      3.25e-03    3.2e-04
 204200      3.25e-02      2.34e-03    3.2e-04
 204300      7.47e-03      5.39e-04    3.2e-04
 204400      2.61e-02      1.88e-03    3.2e-04
 204500      4.03e-02      2.91e-03    3.2e-04
 204600      7.20e-02      5.20e-03    3.2e-04
 204700      3.48e-02      2.51e-03    3.2e-04
 204800      3.25e-02      2.35e-03    3.2e-04
 204900      4.85e-02      3.50e-03    3.2e-04
 205000      2.53e-02      1.83e-03    3.1e-04
 205100      2.32e-02      1.67e-03    3.1e-04
 205200      3.06e-02      2.21e-03    3.1e-04
 205300      3.49e-02      2.52e-03    3.1e-04
 205400      4.61e-02      3.33e-03    3.1e-04
 205500      2.29e-02      1.65e-03    3.1e-04
 205600      2.03e-02      1.46e-03    3.1e-04
 205700      2.84e-02      2.05e-03    3.1e-04
 205800      3.53e-02      2.55e-03    3.1e-04
 205900      2.30e-02      1.66e-03    3.1e-04
 206000      1.91e-02      1.38e-03    3.1e-04
 206100      1.78e-02      1.28e-03    3.1e-04
 206200      5.09e-02      3.68e-03    3.1e-04
 206300      2.87e-02      2.07e-03    3.1e-04
 206400      5.27e-02      3.80e-03    3.1e-04
 206500      3.15e-02      2.27e-03    3.1e-04
 206600      3.42e-02      2.47e-03    3.1e-04
 206700      2.73e-02      1.97e-03    3.1e-04
 206800      3.37e-02      2.43e-03    3.1e-04
 206900      5.13e-02      3.70e-03    3.1e-04
 207000      3.83e-02      2.77e-03    3.1e-04
 207100      2.29e-02      1.65e-03    3.1e-04
 207200      2.98e-02      2.15e-03    3.1e-04
 207300      4.21e-02      3.04e-03    3.1e-04
 207400      2.38e-02      1.72e-03    3.1e-04
 207500      2.75e-02      1.99e-03    3.1e-04
 207600      4.26e-02      3.08e-03    3.1e-04
 207700      1.88e-02      1.35e-03    3.1e-04
 207800      6.95e-02      5.01e-03    3.1e-04
 207900      3.09e-02      2.23e-03    3.1e-04
 208000      2.37e-02      1.71e-03    3.1e-04
 208100      2.96e-02      2.14e-03    3.1e-04
 208200      5.07e-02      3.66e-03    3.1e-04
 208300      5.18e-02      3.74e-03    3.1e-04
 208400      5.62e-02      4.06e-03    3.1e-04
 208500      1.47e-02      1.06e-03    3.1e-04
 208600      5.28e-02      3.81e-03    3.1e-04
 208700      4.09e-02      2.96e-03    3.1e-04
 208800      5.49e-02      3.96e-03    3.1e-04
 208900      3.03e-02      2.19e-03    3.1e-04
 209000      2.49e-02      1.80e-03    3.1e-04
 209100      3.06e-02      2.21e-03    3.1e-04
 209200      3.53e-02      2.55e-03    3.1e-04
 209300      3.08e-02      2.22e-03    3.1e-04
 209400      3.42e-02      2.47e-03    3.1e-04
 209500      2.26e-02      1.63e-03    3.1e-04
 209600      3.88e-02      2.80e-03    3.1e-04
 209700      2.81e-02      2.03e-03    3.1e-04
 209800      1.60e-02      1.16e-03    3.1e-04
 209900      2.40e-02      1.73e-03    3.1e-04
 210000      3.50e-02      2.53e-03    3.0e-04
 210100      2.37e-02      1.71e-03    3.0e-04
 210200      4.87e-02      3.51e-03    3.0e-04
 210300      4.48e-02      3.23e-03    3.0e-04
 210400      3.24e-02      2.34e-03    3.0e-04
 210500      2.25e-02      1.63e-03    3.0e-04
 210600      5.36e-02      3.86e-03    3.0e-04
 210700      4.87e-02      3.52e-03    3.0e-04
 210800      5.10e-02      3.68e-03    3.0e-04
 210900      3.82e-02      2.76e-03    3.0e-04
 211000      2.33e-02      1.68e-03    3.0e-04
 211100      5.01e-02      3.61e-03    3.0e-04
 211200      2.94e-02      2.12e-03    3.0e-04
 211300      5.12e-02      3.70e-03    3.0e-04
 211400      2.96e-02      2.13e-03    3.0e-04
 211500      1.27e-02      9.17e-04    3.0e-04
 211600      2.49e-02      1.79e-03    3.0e-04
 211700      1.61e-02      1.16e-03    3.0e-04
 211800      2.17e-02      1.56e-03    3.0e-04
 211900      1.58e-02      1.14e-03    3.0e-04
 212000      3.13e-02      2.26e-03    3.0e-04
 212100      5.38e-02      3.88e-03    3.0e-04
 212200      4.90e-02      3.53e-03    3.0e-04
 212300      3.83e-02      2.76e-03    3.0e-04
 212400      3.63e-02      2.62e-03    3.0e-04
 212500      4.15e-02      2.99e-03    3.0e-04
 212600      5.13e-02      3.70e-03    3.0e-04
 212700      2.36e-02      1.71e-03    3.0e-04
 212800      2.81e-02      2.03e-03    3.0e-04
 212900      4.23e-02      3.05e-03    3.0e-04
 213000      1.92e-02      1.39e-03    3.0e-04
 213100      3.66e-02      2.64e-03    3.0e-04
 213200      2.75e-02      1.98e-03    3.0e-04
 213300      1.88e-02      1.35e-03    3.0e-04
 213400      3.72e-02      2.68e-03    3.0e-04
 213500      2.67e-02      1.93e-03    3.0e-04
 213600      4.53e-02      3.27e-03    3.0e-04
 213700      3.25e-02      2.35e-03    3.0e-04
 213800      4.46e-02      3.22e-03    3.0e-04
 213900      1.90e-02      1.37e-03    3.0e-04
 214000      4.26e-02      3.07e-03    3.0e-04
 214100      3.44e-02      2.48e-03    3.0e-04
 214200      2.80e-02      2.02e-03    3.0e-04
 214300      6.03e-02      4.35e-03    3.0e-04
 214400      2.47e-02      1.78e-03    3.0e-04
 214500      2.09e-02      1.51e-03    3.0e-04
 214600      2.55e-02      1.84e-03    3.0e-04
 214700      6.01e-02      4.34e-03    3.0e-04
 214800      2.30e-02      1.66e-03    3.0e-04
 214900      2.27e-02      1.63e-03    3.0e-04
 215000      2.53e-02      1.82e-03    2.9e-04
 215100      3.72e-02      2.69e-03    2.9e-04
 215200      2.53e-02      1.82e-03    2.9e-04
 215300      2.06e-02      1.49e-03    2.9e-04
 215400      1.96e-02      1.41e-03    2.9e-04
 215500      3.10e-02      2.24e-03    2.9e-04
 215600      1.72e-02      1.24e-03    2.9e-04
 215700      3.06e-02      2.21e-03    2.9e-04
 215800      1.83e-02      1.32e-03    2.9e-04
 215900      3.24e-02      2.34e-03    2.9e-04
 216000      4.03e-02      2.91e-03    2.9e-04
 216100      3.93e-02      2.84e-03    2.9e-04
 216200      1.50e-02      1.08e-03    2.9e-04
 216300      3.24e-02      2.34e-03    2.9e-04
 216400      3.47e-02      2.51e-03    2.9e-04
 216500      2.68e-02      1.94e-03    2.9e-04
 216600      3.06e-02      2.21e-03    2.9e-04
 216700      4.08e-02      2.95e-03    2.9e-04
 216800      3.01e-02      2.17e-03    2.9e-04
 216900      2.88e-02      2.08e-03    2.9e-04
 217000      4.46e-02      3.22e-03    2.9e-04
 217100      2.82e-02      2.04e-03    2.9e-04
 217200      2.19e-02      1.58e-03    2.9e-04
 217300      2.15e-02      1.55e-03    2.9e-04
 217400      2.94e-02      2.12e-03    2.9e-04
 217500      3.69e-02      2.67e-03    2.9e-04
 217600      2.73e-02      1.97e-03    2.9e-04
 217700      5.21e-02      3.76e-03    2.9e-04
 217800      2.01e-02      1.45e-03    2.9e-04
 217900      5.43e-02      3.92e-03    2.9e-04
 218000      3.06e-02      2.21e-03    2.9e-04
 218100      2.54e-02      1.83e-03    2.9e-04
 218200      5.53e-02      3.99e-03    2.9e-04
 218300      1.68e-02      1.21e-03    2.9e-04
 218400      3.72e-02      2.68e-03    2.9e-04
 218500      1.84e-02      1.33e-03    2.9e-04
 218600      3.59e-02      2.59e-03    2.9e-04
 218700      4.08e-02      2.95e-03    2.9e-04
 218800      2.43e-02      1.76e-03    2.9e-04
 218900      1.94e-02      1.40e-03    2.9e-04
 219000      3.51e-02      2.53e-03    2.9e-04
 219100      3.33e-02      2.41e-03    2.9e-04
 219200      3.60e-02      2.60e-03    2.9e-04
 219300      3.34e-02      2.41e-03    2.9e-04
 219400      6.63e-02      4.78e-03    2.9e-04
 219500      2.37e-02      1.71e-03    2.9e-04
 219600      3.14e-02      2.26e-03    2.9e-04
 219700      4.22e-02      3.05e-03    2.9e-04
 219800      4.16e-02      3.00e-03    2.9e-04
 219900      4.55e-02      3.28e-03    2.9e-04
 220000      3.06e-02      2.21e-03    2.8e-04
 220100      2.40e-02      1.73e-03    2.8e-04
 220200      2.36e-02      1.71e-03    2.8e-04
 220300      3.23e-02      2.33e-03    2.8e-04
 220400      2.16e-02      1.56e-03    2.8e-04
 220500      4.89e-02      3.53e-03    2.8e-04
 220600      2.05e-02      1.48e-03    2.8e-04
 220700      1.99e-02      1.44e-03    2.8e-04
 220800      3.31e-02      2.39e-03    2.8e-04
 220900      4.14e-02      2.99e-03    2.8e-04
 221000      4.05e-02      2.93e-03    2.8e-04
 221100      2.65e-02      1.91e-03    2.8e-04
 221200      2.06e-02      1.49e-03    2.8e-04
 221300      2.39e-02      1.72e-03    2.8e-04
 221400      3.40e-02      2.45e-03    2.8e-04
 221500      2.16e-02      1.56e-03    2.8e-04
 221600      2.95e-02      2.13e-03    2.8e-04
 221700      3.91e-02      2.82e-03    2.8e-04
 221800      3.91e-02      2.82e-03    2.8e-04
 221900      3.70e-02      2.67e-03    2.8e-04
 222000      2.09e-02      1.51e-03    2.8e-04
 222100      4.55e-02      3.28e-03    2.8e-04
 222200      2.71e-02      1.95e-03    2.8e-04
 222300      2.64e-02      1.91e-03    2.8e-04
 222400      2.77e-02      2.00e-03    2.8e-04
 222500      4.01e-02      2.89e-03    2.8e-04
 222600      2.74e-02      1.98e-03    2.8e-04
 222700      2.99e-02      2.16e-03    2.8e-04
 222800      1.93e-02      1.39e-03    2.8e-04
 222900      1.04e-02      7.48e-04    2.8e-04
 223000      2.02e-02      1.46e-03    2.8e-04
 223100      4.06e-02      2.93e-03    2.8e-04
 223200      4.38e-02      3.16e-03    2.8e-04
 223300      2.61e-02      1.89e-03    2.8e-04
 223400      1.24e-02      8.95e-04    2.8e-04
 223500      1.73e-02      1.25e-03    2.8e-04
 223600      2.61e-02      1.88e-03    2.8e-04
 223700      1.72e-02      1.24e-03    2.8e-04
 223800      2.82e-02      2.04e-03    2.8e-04
 223900      3.06e-02      2.21e-03    2.8e-04
 224000      1.88e-02      1.35e-03    2.8e-04
 224100      2.71e-02      1.96e-03    2.8e-04
 224200      2.37e-02      1.71e-03    2.8e-04
 224300      4.76e-02      3.44e-03    2.8e-04
 224400      5.55e-02      4.01e-03    2.8e-04
 224500      1.52e-02      1.10e-03    2.8e-04
 224600      3.51e-02      2.53e-03    2.8e-04
 224700      2.22e-02      1.61e-03    2.8e-04
 224800      1.29e-02      9.29e-04    2.8e-04
 224900      3.38e-02      2.44e-03    2.8e-04
 225000      2.88e-02      2.08e-03    2.7e-04
 225100      4.91e-02      3.54e-03    2.7e-04
 225200      1.93e-02      1.40e-03    2.7e-04
 225300      3.77e-02      2.72e-03    2.7e-04
 225400      2.99e-02      2.16e-03    2.7e-04
 225500      4.55e-02      3.28e-03    2.7e-04
 225600      3.87e-02      2.79e-03    2.7e-04
 225700      2.86e-02      2.06e-03    2.7e-04
 225800      3.84e-02      2.77e-03    2.7e-04
 225900      4.90e-02      3.53e-03    2.7e-04
 226000      1.02e-02      7.34e-04    2.7e-04
 226100      4.04e-02      2.91e-03    2.7e-04
 226200      3.28e-02      2.37e-03    2.7e-04
 226300      3.51e-02      2.54e-03    2.7e-04
 226400      1.73e-02      1.25e-03    2.7e-04
 226500      2.02e-02      1.46e-03    2.7e-04
 226600      4.46e-02      3.22e-03    2.7e-04
 226700      3.31e-02      2.39e-03    2.7e-04
 226800      1.91e-02      1.38e-03    2.7e-04
 226900      3.30e-02      2.38e-03    2.7e-04
 227000      3.76e-02      2.71e-03    2.7e-04
 227100      2.73e-02      1.97e-03    2.7e-04
 227200      5.78e-02      4.17e-03    2.7e-04
 227300      2.79e-02      2.02e-03    2.7e-04
 227400      3.64e-02      2.63e-03    2.7e-04
 227500      5.61e-02      4.05e-03    2.7e-04
 227600      5.19e-02      3.74e-03    2.7e-04
 227700      2.47e-02      1.78e-03    2.7e-04
 227800      5.16e-02      3.72e-03    2.7e-04
 227900      3.86e-02      2.78e-03    2.7e-04
 228000      3.22e-02      2.32e-03    2.7e-04
 228100      3.08e-02      2.22e-03    2.7e-04
 228200      2.23e-02      1.61e-03    2.7e-04
 228300      5.49e-02      3.96e-03    2.7e-04
 228400      2.62e-02      1.89e-03    2.7e-04
 228500      2.65e-02      1.91e-03    2.7e-04
 228600      2.35e-02      1.70e-03    2.7e-04
 228700      2.20e-02      1.59e-03    2.7e-04
 228800      1.63e-02      1.17e-03    2.7e-04
 228900      2.66e-02      1.92e-03    2.7e-04
 229000      3.22e-02      2.33e-03    2.7e-04
 229100      3.08e-02      2.22e-03    2.7e-04
 229200      5.37e-02      3.88e-03    2.7e-04
 229300      2.72e-02      1.96e-03    2.7e-04
 229400      1.67e-02      1.21e-03    2.7e-04
 229500      2.75e-02      1.98e-03    2.7e-04
 229600      2.19e-02      1.58e-03    2.7e-04
 229700      1.81e-02      1.31e-03    2.7e-04
 229800      2.64e-02      1.91e-03    2.7e-04
 229900      1.19e-02      8.60e-04    2.7e-04
 230000      4.89e-02      3.53e-03    2.7e-04
 230100      4.81e-02      3.47e-03    2.7e-04
 230200      3.33e-02      2.40e-03    2.7e-04
 230300      3.65e-02      2.64e-03    2.7e-04
 230400      2.47e-02      1.78e-03    2.7e-04
 230500      2.83e-02      2.04e-03    2.7e-04
 230600      3.66e-02      2.64e-03    2.7e-04
 230700      2.94e-02      2.12e-03    2.7e-04
 230800      2.61e-02      1.88e-03    2.7e-04
 230900      1.61e-02      1.16e-03    2.7e-04
 231000      3.04e-02      2.19e-03    2.7e-04
 231100      2.17e-02      1.57e-03    2.7e-04
 231200      2.63e-02      1.89e-03    2.7e-04
 231300      1.86e-02      1.34e-03    2.7e-04
 231400      2.99e-02      2.16e-03    2.7e-04
 231500      3.53e-02      2.55e-03    2.7e-04
 231600      4.97e-02      3.59e-03    2.7e-04
 231700      1.03e-02      7.47e-04    2.7e-04
 231800      3.79e-02      2.74e-03    2.7e-04
 231900      2.07e-02      1.50e-03    2.7e-04
 232000      3.29e-02      2.37e-03    2.7e-04
 232100      3.78e-02      2.73e-03    2.7e-04
 232200      4.34e-02      3.13e-03    2.7e-04
 232300      3.49e-02      2.52e-03    2.7e-04
 232400      2.74e-02      1.98e-03    2.7e-04
 232500      5.63e-02      4.06e-03    2.7e-04
 232600      4.12e-02      2.98e-03    2.7e-04
 232700      3.12e-02      2.25e-03    2.7e-04
 232800      2.75e-02      1.98e-03    2.7e-04
 232900      1.71e-02      1.23e-03    2.7e-04
 233000      2.69e-02      1.94e-03    2.7e-04
 233100      3.18e-02      2.30e-03    2.7e-04
 233200      3.45e-02      2.49e-03    2.7e-04
 233300      4.04e-02      2.91e-03    2.7e-04
 233400      1.92e-02      1.38e-03    2.7e-04
 233500      2.48e-02      1.79e-03    2.7e-04
 233600      3.27e-02      2.36e-03    2.7e-04
 233700      3.29e-02      2.37e-03    2.7e-04
 233800      2.60e-02      1.87e-03    2.7e-04
 233900      5.68e-02      4.10e-03    2.7e-04
 234000      3.77e-02      2.72e-03    2.7e-04
 234100      2.31e-02      1.67e-03    2.7e-04
 234200      4.34e-02      3.13e-03    2.7e-04
 234300      1.03e-02      7.45e-04    2.7e-04
 234400      2.42e-02      1.74e-03    2.7e-04
 234500      2.67e-02      1.93e-03    2.7e-04
 234600      3.46e-02      2.50e-03    2.7e-04
 234700      2.26e-02      1.63e-03    2.7e-04
 234800      2.44e-02      1.76e-03    2.7e-04
 234900      2.01e-02      1.45e-03    2.7e-04
 235000      1.34e-02      9.70e-04    2.6e-04
 235100      2.28e-02      1.64e-03    2.6e-04
 235200      2.80e-02      2.02e-03    2.6e-04
 235300      1.79e-02      1.30e-03    2.6e-04
 235400      2.25e-02      1.62e-03    2.6e-04
 235500      1.35e-02      9.71e-04    2.6e-04
 235600      1.34e-02      9.68e-04    2.6e-04
 235700      3.34e-02      2.41e-03    2.6e-04
 235800      2.35e-02      1.69e-03    2.6e-04
 235900      3.18e-02      2.30e-03    2.6e-04
 236000      2.84e-02      2.05e-03    2.6e-04
 236100      2.11e-02      1.52e-03    2.6e-04
 236200      3.74e-02      2.70e-03    2.6e-04
 236300      2.52e-02      1.82e-03    2.6e-04
 236400      2.17e-02      1.57e-03    2.6e-04
 236500      4.18e-02      3.02e-03    2.6e-04
 236600      4.76e-02      3.43e-03    2.6e-04
 236700      1.97e-02      1.43e-03    2.6e-04
 236800      2.86e-02      2.06e-03    2.6e-04
 236900      2.40e-02      1.73e-03    2.6e-04
 237000      1.83e-02      1.32e-03    2.6e-04
 237100      1.42e-02      1.02e-03    2.6e-04
 237200      2.70e-02      1.95e-03    2.6e-04
 237300      1.56e-02      1.13e-03    2.6e-04
 237400      1.84e-02      1.33e-03    2.6e-04
 237500      3.02e-02      2.18e-03    2.6e-04
 237600      3.18e-02      2.29e-03    2.6e-04
 237700      4.61e-02      3.33e-03    2.6e-04
 237800      2.77e-02      2.00e-03    2.6e-04
 237900      3.22e-02      2.32e-03    2.6e-04
 238000      1.98e-02      1.43e-03    2.6e-04
 238100      2.36e-02      1.70e-03    2.6e-04
 238200      2.85e-02      2.06e-03    2.6e-04
 238300      4.36e-02      3.15e-03    2.6e-04
 238400      1.04e-02      7.52e-04    2.6e-04
 238500      2.25e-02      1.62e-03    2.6e-04
 238600      2.75e-02      1.99e-03    2.6e-04
 238700      2.76e-02      1.99e-03    2.6e-04
 238800      2.31e-02      1.66e-03    2.6e-04
 238900      2.50e-02      1.80e-03    2.6e-04
 239000      2.30e-02      1.66e-03    2.6e-04
 239100      1.99e-02      1.44e-03    2.6e-04
 239200      2.97e-02      2.15e-03    2.6e-04
 239300      3.50e-02      2.52e-03    2.6e-04
 239400      1.73e-02      1.25e-03    2.6e-04
 239500      1.37e-02      9.87e-04    2.6e-04
 239600      2.00e-02      1.45e-03    2.6e-04
 239700      2.16e-02      1.56e-03    2.6e-04
 239800      3.20e-02      2.31e-03    2.6e-04
 239900      2.11e-02      1.52e-03    2.6e-04
 240000      2.80e-02      2.02e-03    2.5e-04
 240100      2.64e-02      1.90e-03    2.5e-04
 240200      2.56e-02      1.85e-03    2.5e-04
 240300      1.80e-02      1.30e-03    2.5e-04
 240400      2.89e-02      2.09e-03    2.5e-04
 240500      2.19e-02      1.58e-03    2.5e-04
 240600      4.46e-02      3.22e-03    2.5e-04
 240700      3.90e-02      2.81e-03    2.5e-04
 240800      2.85e-02      2.06e-03    2.5e-04
 240900      1.47e-02      1.06e-03    2.5e-04
 241000      1.83e-02      1.32e-03    2.5e-04
 241100      1.87e-02      1.35e-03    2.5e-04
 241200      1.88e-02      1.36e-03    2.5e-04
 241300      1.98e-02      1.43e-03    2.5e-04
 241400      3.29e-02      2.38e-03    2.5e-04
 241500      3.54e-02      2.55e-03    2.5e-04
 241600      3.28e-02      2.37e-03    2.5e-04
 241700      2.50e-02      1.80e-03    2.5e-04
 241800      1.86e-02      1.34e-03    2.5e-04
 241900      2.45e-02      1.77e-03    2.5e-04
 242000      1.80e-02      1.30e-03    2.5e-04
 242100      1.34e-02      9.68e-04    2.5e-04
 242200      3.85e-02      2.78e-03    2.5e-04
 242300      2.07e-02      1.49e-03    2.5e-04
 242400      1.76e-02      1.27e-03    2.5e-04
 242500      1.18e-02      8.52e-04    2.5e-04
 242600      3.53e-02      2.55e-03    2.5e-04
 242700      2.47e-02      1.79e-03    2.5e-04
 242800      1.80e-02      1.30e-03    2.5e-04
 242900      2.28e-02      1.64e-03    2.5e-04
 243000      3.30e-02      2.38e-03    2.5e-04
 243100      3.78e-02      2.72e-03    2.5e-04
 243200      2.95e-02      2.13e-03    2.5e-04
 243300      4.34e-02      3.13e-03    2.5e-04
 243400      4.31e-02      3.11e-03    2.5e-04
 243500      2.13e-02      1.53e-03    2.5e-04
 243600      3.08e-02      2.22e-03    2.5e-04
 243700      1.87e-02      1.35e-03    2.5e-04
 243800      3.37e-02      2.43e-03    2.5e-04
 243900      2.41e-02      1.74e-03    2.5e-04
 244000      3.15e-02      2.27e-03    2.5e-04
 244100      3.61e-02      2.60e-03    2.5e-04
 244200      2.70e-02      1.95e-03    2.5e-04
 244300      1.66e-02      1.20e-03    2.5e-04
 244400      2.18e-02      1.57e-03    2.5e-04
 244500      2.75e-02      1.99e-03    2.5e-04
 244600      2.42e-02      1.74e-03    2.5e-04
 244700      1.51e-02      1.09e-03    2.5e-04
 244800      1.75e-02      1.26e-03    2.5e-04
 244900      2.95e-02      2.13e-03    2.5e-04
 245000      1.66e-02      1.20e-03    2.4e-04
 245100      3.27e-02      2.36e-03    2.4e-04
 245200      2.51e-02      1.81e-03    2.4e-04
 245300      2.02e-02      1.46e-03    2.4e-04
 245400      2.86e-02      2.07e-03    2.4e-04
 245500      1.79e-02      1.29e-03    2.4e-04
 245600      1.82e-02      1.31e-03    2.4e-04
 245700      2.78e-02      2.01e-03    2.4e-04
 245800      2.69e-02      1.94e-03    2.4e-04
 245900      2.35e-02      1.69e-03    2.4e-04
 246000      1.63e-02      1.18e-03    2.4e-04
 246100      2.27e-02      1.64e-03    2.4e-04
 246200      1.69e-02      1.22e-03    2.4e-04
 246300      2.28e-02      1.64e-03    2.4e-04
 246400      4.08e-02      2.94e-03    2.4e-04
 246500      9.72e-03      7.01e-04    2.4e-04
 246600      2.39e-02      1.72e-03    2.4e-04
 246700      2.57e-02      1.86e-03    2.4e-04
 246800      3.65e-03      2.63e-04    2.4e-04
 246900      1.33e-02      9.57e-04    2.4e-04
 247000      2.58e-02      1.86e-03    2.4e-04
 247100      1.23e-02      8.91e-04    2.4e-04
 247200      3.12e-02      2.25e-03    2.4e-04
 247300      1.93e-02      1.39e-03    2.4e-04
 247400      6.64e-03      4.79e-04    2.4e-04
 247500      2.32e-02      1.67e-03    2.4e-04
 247600      1.15e-02      8.31e-04    2.4e-04
 247700      2.58e-02      1.86e-03    2.4e-04
 247800      1.65e-02      1.19e-03    2.4e-04
 247900      2.03e-02      1.46e-03    2.4e-04
 248000      1.48e-02      1.07e-03    2.4e-04
 248100      3.04e-02      2.19e-03    2.4e-04
 248200      1.33e-02      9.61e-04    2.4e-04
 248300      4.91e-02      3.55e-03    2.4e-04
 248400      2.38e-02      1.71e-03    2.4e-04
 248500      2.30e-02      1.66e-03    2.4e-04
 248600      1.45e-02      1.05e-03    2.4e-04
 248700      3.42e-02      2.47e-03    2.4e-04
 248800      1.75e-02      1.26e-03    2.4e-04
 248900      2.80e-02      2.02e-03    2.4e-04
 249000      2.87e-02      2.07e-03    2.4e-04
 249100      1.91e-02      1.38e-03    2.4e-04
 249200      1.69e-02      1.22e-03    2.4e-04
 249300      1.82e-02      1.31e-03    2.4e-04
 249400      2.12e-02      1.53e-03    2.4e-04
 249500      4.11e-02      2.96e-03    2.4e-04
 249600      2.36e-02      1.70e-03    2.4e-04
 249700      2.54e-02      1.83e-03    2.4e-04
 249800      2.57e-02      1.85e-03    2.4e-04
 249900      2.98e-02      2.15e-03    2.4e-04
 250000      2.80e-02      2.02e-03    2.4e-04
 250100      2.07e-02      1.49e-03    2.4e-04
 250200      1.82e-02      1.31e-03    2.4e-04
 250300      2.71e-02      1.95e-03    2.4e-04
 250400      1.24e-02      8.95e-04    2.4e-04
 250500      2.06e-02      1.49e-03    2.4e-04
 250600      1.22e-02      8.83e-04    2.4e-04
 250700      2.64e-02      1.90e-03    2.4e-04
 250800      3.80e-02      2.74e-03    2.4e-04
 250900      2.43e-02      1.75e-03    2.4e-04
 251000      1.92e-02      1.38e-03    2.4e-04
 251100      1.44e-02      1.04e-03    2.4e-04
 251200      1.83e-02      1.32e-03    2.4e-04
 251300      1.95e-02      1.41e-03    2.4e-04
 251400      2.34e-02      1.69e-03    2.4e-04
 251500      1.42e-02      1.02e-03    2.4e-04
 251600      1.79e-02      1.29e-03    2.4e-04
 251700      7.74e-03      5.59e-04    2.4e-04
 251800      2.90e-02      2.09e-03    2.4e-04
 251900      2.80e-02      2.02e-03    2.4e-04
 252000      2.89e-02      2.09e-03    2.4e-04
 252100      1.94e-02      1.40e-03    2.4e-04
 252200      1.86e-02      1.34e-03    2.4e-04
 252300      1.68e-02      1.21e-03    2.4e-04
 252400      1.74e-02      1.25e-03    2.4e-04
 252500      1.14e-02      8.24e-04    2.4e-04
 252600      1.88e-02      1.36e-03    2.4e-04
 252700      3.98e-02      2.87e-03    2.4e-04
 252800      2.07e-02      1.50e-03    2.4e-04
 252900      3.05e-02      2.20e-03    2.4e-04
 253000      1.93e-02      1.40e-03    2.4e-04
 253100      2.66e-02      1.92e-03    2.4e-04
 253200      3.68e-02      2.65e-03    2.4e-04
 253300      3.30e-02      2.38e-03    2.4e-04
 253400      2.50e-02      1.80e-03    2.4e-04
 253500      2.38e-02      1.72e-03    2.4e-04
 253600      3.17e-02      2.29e-03    2.4e-04
 253700      1.96e-02      1.41e-03    2.4e-04
 253800      4.48e-02      3.24e-03    2.4e-04
 253900      2.23e-02      1.61e-03    2.4e-04
 254000      4.23e-02      3.05e-03    2.4e-04
 254100      1.82e-02      1.31e-03    2.4e-04
 254200      1.58e-02      1.14e-03    2.4e-04
 254300      1.77e-02      1.28e-03    2.4e-04
 254400      8.94e-03      6.45e-04    2.4e-04
 254500      1.84e-02      1.33e-03    2.4e-04
 254600      2.81e-02      2.03e-03    2.4e-04
 254700      1.82e-02      1.32e-03    2.4e-04
 254800      1.92e-02      1.39e-03    2.4e-04
 254900      2.46e-02      1.78e-03    2.4e-04
 255000      1.86e-02      1.34e-03    2.3e-04
 255100      1.50e-02      1.08e-03    2.3e-04
 255200      1.54e-02      1.11e-03    2.3e-04
 255300      1.99e-02      1.43e-03    2.3e-04
 255400      1.66e-02      1.20e-03    2.3e-04
 255500      1.65e-02      1.19e-03    2.3e-04
 255600      3.46e-02      2.49e-03    2.3e-04
 255700      2.17e-02      1.56e-03    2.3e-04
 255800      1.90e-02      1.37e-03    2.3e-04
 255900      7.06e-03      5.10e-04    2.3e-04
 256000      4.09e-02      2.95e-03    2.3e-04
 256100      1.51e-02      1.09e-03    2.3e-04
 256200      8.01e-03      5.78e-04    2.3e-04
 256300      2.49e-02      1.79e-03    2.3e-04
 256400      2.87e-02      2.07e-03    2.3e-04
 256500      1.76e-02      1.27e-03    2.3e-04
 256600      2.72e-02      1.96e-03    2.3e-04
 256700      1.67e-02      1.21e-03    2.3e-04
 256800      1.39e-02      1.00e-03    2.3e-04
 256900      1.54e-02      1.11e-03    2.3e-04
 257000      1.77e-02      1.28e-03    2.3e-04
 257100      1.66e-02      1.20e-03    2.3e-04
 257200      2.09e-02      1.51e-03    2.3e-04
 257300      3.61e-02      2.60e-03    2.3e-04
 257400      1.40e-02      1.01e-03    2.3e-04
 257500      2.54e-02      1.83e-03    2.3e-04
 257600      2.26e-02      1.63e-03    2.3e-04
 257700      2.02e-02      1.46e-03    2.3e-04
 257800      4.00e-02      2.88e-03    2.3e-04
 257900      4.39e-02      3.16e-03    2.3e-04
 258000      2.25e-02      1.62e-03    2.3e-04
 258100      1.96e-02      1.42e-03    2.3e-04
 258200      2.02e-02      1.46e-03    2.3e-04
 258300      9.81e-03      7.08e-04    2.3e-04
 258400      1.93e-02      1.39e-03    2.3e-04
 258500      2.48e-02      1.79e-03    2.3e-04
 258600      1.98e-02      1.43e-03    2.3e-04
 258700      1.85e-02      1.34e-03    2.3e-04
 258800      1.16e-02      8.40e-04    2.3e-04
 258900      1.61e-02      1.16e-03    2.3e-04
 259000      2.01e-02      1.45e-03    2.3e-04
 259100      2.27e-02      1.64e-03    2.3e-04
 259200      2.61e-02      1.88e-03    2.3e-04
 259300      2.17e-02      1.57e-03    2.3e-04
 259400      1.30e-02      9.40e-04    2.3e-04
 259500      2.35e-02      1.69e-03    2.3e-04
 259600      2.44e-02      1.76e-03    2.3e-04
 259700      3.18e-02      2.29e-03    2.3e-04
 259800      7.76e-03      5.60e-04    2.3e-04
 259900      1.12e-02      8.10e-04    2.3e-04
 260000      1.73e-02      1.25e-03    2.2e-04
 260100      1.94e-02      1.40e-03    2.2e-04
 260200      2.63e-02      1.90e-03    2.2e-04
 260300      3.05e-02      2.20e-03    2.2e-04
 260400      1.48e-02      1.07e-03    2.2e-04
 260500      1.03e-02      7.47e-04    2.2e-04
 260600      1.73e-02      1.25e-03    2.2e-04
 260700      2.61e-02      1.89e-03    2.2e-04
 260800      3.37e-02      2.43e-03    2.2e-04
 260900      2.48e-02      1.79e-03    2.2e-04
 261000      1.82e-02      1.31e-03    2.2e-04
 261100      1.91e-02      1.38e-03    2.2e-04
 261200      2.09e-02      1.51e-03    2.2e-04
 261300      1.93e-02      1.39e-03    2.2e-04
 261400      2.73e-02      1.97e-03    2.2e-04
 261500      2.05e-02      1.48e-03    2.2e-04
 261600      3.21e-02      2.32e-03    2.2e-04
 261700      1.74e-02      1.26e-03    2.2e-04
 261800      2.74e-02      1.98e-03    2.2e-04
 261900      2.07e-02      1.49e-03    2.2e-04
 262000      2.55e-02      1.84e-03    2.2e-04
 262100      1.45e-02      1.04e-03    2.2e-04
 262200      1.28e-02      9.26e-04    2.2e-04
 262300      2.16e-02      1.56e-03    2.2e-04
 262400      2.76e-02      1.99e-03    2.2e-04
 262500      2.08e-02      1.50e-03    2.2e-04
 262600      2.42e-02      1.75e-03    2.2e-04
 262700      1.49e-02      1.08e-03    2.2e-04
 262800      1.89e-02      1.36e-03    2.2e-04
 262900      1.33e-02      9.59e-04    2.2e-04
 263000      1.46e-02      1.05e-03    2.2e-04
 263100      7.04e-03      5.08e-04    2.2e-04
 263200      3.21e-02      2.32e-03    2.2e-04
 263300      2.38e-02      1.72e-03    2.2e-04
 263400      2.23e-02      1.61e-03    2.2e-04
 263500      2.44e-02      1.76e-03    2.2e-04
 263600      1.99e-02      1.44e-03    2.2e-04
 263700      1.44e-02      1.04e-03    2.2e-04
 263800      1.60e-02      1.15e-03    2.2e-04
 263900      1.88e-02      1.36e-03    2.2e-04
 264000      1.53e-02      1.10e-03    2.2e-04
 264100      2.52e-02      1.82e-03    2.2e-04
 264200      1.16e-02      8.35e-04    2.2e-04
 264300      1.32e-02      9.53e-04    2.2e-04
 264400      2.17e-02      1.57e-03    2.2e-04
 264500      3.64e-02      2.62e-03    2.2e-04
 264600      2.61e-02      1.88e-03    2.2e-04
 264700      9.82e-03      7.09e-04    2.2e-04
 264800      1.46e-02      1.06e-03    2.2e-04
 264900      2.76e-02      1.99e-03    2.2e-04
 265000      1.02e-02      7.36e-04    2.2e-04
 265100      1.84e-02      1.33e-03    2.2e-04
 265200      2.40e-02      1.73e-03    2.2e-04
 265300      2.50e-02      1.80e-03    2.2e-04
 265400      2.83e-02      2.04e-03    2.2e-04
 265500      7.35e-03      5.30e-04    2.2e-04
 265600      1.73e-02      1.25e-03    2.2e-04
 265700      2.67e-02      1.93e-03    2.2e-04
 265800      1.93e-02      1.39e-03    2.2e-04
 265900      2.22e-02      1.60e-03    2.2e-04
 266000      4.59e-02      3.31e-03    2.2e-04
 266100      2.94e-02      2.12e-03    2.2e-04
 266200      2.27e-02      1.64e-03    2.2e-04
 266300      1.71e-02      1.24e-03    2.2e-04
 266400      1.92e-02      1.39e-03    2.2e-04
 266500      1.42e-02      1.03e-03    2.2e-04
 266600      4.12e-02      2.98e-03    2.2e-04
 266700      1.18e-02      8.54e-04    2.2e-04
 266800      2.71e-02      1.96e-03    2.2e-04
 266900      1.63e-02      1.18e-03    2.2e-04
 267000      2.37e-02      1.71e-03    2.2e-04
 267100      1.27e-02      9.14e-04    2.2e-04
 267200      2.46e-02      1.77e-03    2.2e-04
 267300      1.67e-02      1.20e-03    2.2e-04
 267400      1.93e-02      1.39e-03    2.2e-04
 267500      2.57e-02      1.85e-03    2.2e-04
 267600      2.46e-02      1.78e-03    2.2e-04
 267700      1.62e-02      1.17e-03    2.2e-04
 267800      2.80e-02      2.02e-03    2.2e-04
 267900      2.69e-02      1.94e-03    2.2e-04
 268000      2.32e-02      1.67e-03    2.2e-04
 268100      1.95e-02      1.41e-03    2.2e-04
 268200      1.87e-02      1.35e-03    2.2e-04
 268300      1.86e-02      1.34e-03    2.2e-04
 268400      1.56e-02      1.12e-03    2.2e-04
 268500      1.13e-02      8.19e-04    2.2e-04
 268600      2.18e-02      1.57e-03    2.2e-04
 268700      1.69e-02      1.22e-03    2.2e-04
 268800      1.58e-02      1.14e-03    2.2e-04
 268900      4.67e-02      3.37e-03    2.2e-04
 269000      4.68e-02      3.38e-03    2.2e-04
 269100      2.27e-02      1.64e-03    2.2e-04
 269200      1.26e-02      9.10e-04    2.2e-04
 269300      1.21e-02      8.75e-04    2.2e-04
 269400      1.29e-02      9.29e-04    2.2e-04
 269500      1.74e-02      1.26e-03    2.2e-04
 269600      3.11e-02      2.24e-03    2.2e-04
 269700      1.69e-02      1.22e-03    2.2e-04
 269800      1.98e-02      1.43e-03    2.2e-04
 269900      1.69e-02      1.22e-03    2.2e-04
 270000      2.55e-02      1.84e-03    2.1e-04
 270100      2.61e-02      1.88e-03    2.1e-04
 270200      2.16e-02      1.56e-03    2.1e-04
 270300      1.92e-02      1.38e-03    2.1e-04
 270400      2.12e-02      1.53e-03    2.1e-04
 270500      2.18e-02      1.57e-03    2.1e-04
 270600      1.92e-02      1.39e-03    2.1e-04
 270700      2.05e-02      1.48e-03    2.1e-04
 270800      2.26e-02      1.63e-03    2.1e-04
 270900      1.02e-02      7.38e-04    2.1e-04
 271000      2.19e-02      1.58e-03    2.1e-04
 271100      2.37e-02      1.71e-03    2.1e-04
 271200      3.12e-02      2.25e-03    2.1e-04
 271300      1.58e-02      1.14e-03    2.1e-04
 271400      1.34e-02      9.66e-04    2.1e-04
 271500      2.51e-02      1.81e-03    2.1e-04
 271600      2.15e-02      1.55e-03    2.1e-04
 271700      1.45e-02      1.05e-03    2.1e-04
 271800      2.47e-02      1.78e-03    2.1e-04
 271900      1.19e-02      8.58e-04    2.1e-04
 272000      1.31e-02      9.45e-04    2.1e-04
 272100      1.39e-02      1.00e-03    2.1e-04
 272200      1.15e-02      8.27e-04    2.1e-04
 272300      1.77e-02      1.28e-03    2.1e-04
 272400      1.47e-02      1.06e-03    2.1e-04
 272500      2.62e-02      1.89e-03    2.1e-04
 272600      2.08e-02      1.50e-03    2.1e-04
 272700      2.07e-02      1.49e-03    2.1e-04
 272800      1.75e-02      1.26e-03    2.1e-04
 272900      2.36e-02      1.70e-03    2.1e-04
 273000      1.77e-02      1.28e-03    2.1e-04
 273100      2.09e-02      1.51e-03    2.1e-04
 273200      1.97e-02      1.42e-03    2.1e-04
 273300      1.32e-02      9.51e-04    2.1e-04
 273400      1.92e-02      1.39e-03    2.1e-04
 273500      3.01e-02      2.17e-03    2.1e-04
 273600      2.72e-02      1.97e-03    2.1e-04
 273700      2.16e-02      1.56e-03    2.1e-04
 273800      2.83e-02      2.04e-03    2.1e-04
 273900      3.04e-02      2.19e-03    2.1e-04
 274000      1.79e-02      1.29e-03    2.1e-04
 274100      1.32e-02      9.54e-04    2.1e-04
 274200      8.17e-03      5.90e-04    2.1e-04
 274300      2.02e-02      1.46e-03    2.1e-04
 274400      2.40e-02      1.73e-03    2.1e-04
 274500      1.72e-02      1.24e-03    2.1e-04
 274600      1.59e-02      1.15e-03    2.1e-04
 274700      1.82e-02      1.32e-03    2.1e-04
 274800      1.56e-02      1.13e-03    2.1e-04
 274900      1.53e-02      1.11e-03    2.1e-04
 275000      2.17e-02      1.57e-03    2.1e-04
 275100      2.32e-02      1.67e-03    2.1e-04
 275200      1.98e-02      1.43e-03    2.1e-04
 275300      1.64e-02      1.19e-03    2.1e-04
 275400      1.55e-02      1.12e-03    2.1e-04
 275500      3.03e-02      2.19e-03    2.1e-04
 275600      2.62e-02      1.89e-03    2.1e-04
 275700      1.86e-02      1.34e-03    2.1e-04
 275800      1.35e-02      9.75e-04    2.1e-04
 275900      2.43e-02      1.76e-03    2.1e-04
 276000      9.76e-03      7.05e-04    2.1e-04
 276100      3.43e-02      2.48e-03    2.1e-04
 276200      1.54e-02      1.11e-03    2.1e-04
 276300      2.81e-02      2.03e-03    2.1e-04
 276400      6.01e-03      4.34e-04    2.1e-04
 276500      1.85e-02      1.33e-03    2.1e-04
 276600      2.30e-02      1.66e-03    2.1e-04
 276700      1.54e-02      1.11e-03    2.1e-04
 276800      1.51e-02      1.09e-03    2.1e-04
 276900      2.76e-02      1.99e-03    2.1e-04
 277000      1.24e-02      8.98e-04    2.1e-04
 277100      1.90e-02      1.37e-03    2.1e-04
 277200      2.72e-02      1.96e-03    2.1e-04
 277300      1.78e-02      1.29e-03    2.1e-04
 277400      2.51e-02      1.81e-03    2.1e-04
 277500      2.41e-02      1.74e-03    2.1e-04
 277600      7.05e-03      5.09e-04    2.1e-04
 277700      2.38e-02      1.72e-03    2.1e-04
 277800      1.50e-02      1.08e-03    2.1e-04
 277900      1.54e-02      1.11e-03    2.1e-04
 278000      1.30e-02      9.40e-04    2.1e-04
 278100      1.67e-02      1.20e-03    2.1e-04
 278200      1.18e-02      8.50e-04    2.1e-04
 278300      1.98e-02      1.43e-03    2.1e-04
 278400      3.85e-02      2.78e-03    2.1e-04
 278500      1.66e-02      1.19e-03    2.1e-04
 278600      1.01e-02      7.32e-04    2.1e-04
 278700      1.54e-02      1.11e-03    2.1e-04
 278800      2.54e-02      1.83e-03    2.1e-04
 278900      2.03e-02      1.46e-03    2.1e-04
 279000      2.01e-02      1.45e-03    2.1e-04
 279100      2.39e-02      1.73e-03    2.1e-04
 279200      2.80e-02      2.02e-03    2.1e-04
 279300      1.76e-02      1.27e-03    2.1e-04
 279400      1.84e-02      1.33e-03    2.1e-04
 279500      1.75e-02      1.26e-03    2.1e-04
 279600      2.41e-02      1.74e-03    2.1e-04
 279700      1.47e-02      1.06e-03    2.1e-04
 279800      1.97e-02      1.42e-03    2.1e-04
 279900      2.00e-02      1.44e-03    2.1e-04
 280000      4.07e-03      2.94e-04    2.0e-04
 280100      1.44e-02      1.04e-03    2.0e-04
 280200      1.48e-02      1.07e-03    2.0e-04
 280300      3.46e-02      2.50e-03    2.0e-04
 280400      1.57e-02      1.13e-03    2.0e-04
 280500      1.37e-02      9.90e-04    2.0e-04
 280600      1.50e-02      1.08e-03    2.0e-04
 280700      2.54e-02      1.83e-03    2.0e-04
 280800      2.23e-02      1.61e-03    2.0e-04
 280900      1.49e-02      1.07e-03    2.0e-04
 281000      2.46e-02      1.77e-03    2.0e-04
 281100      1.32e-02      9.53e-04    2.0e-04
 281200      1.58e-02      1.14e-03    2.0e-04
 281300      2.28e-02      1.65e-03    2.0e-04
 281400      2.03e-02      1.47e-03    2.0e-04
 281500      2.07e-02      1.49e-03    2.0e-04
 281600      1.53e-02      1.11e-03    2.0e-04
 281700      2.50e-02      1.80e-03    2.0e-04
 281800      1.97e-02      1.42e-03    2.0e-04
 281900      1.50e-02      1.08e-03    2.0e-04
 282000      1.74e-02      1.25e-03    2.0e-04
 282100      2.93e-02      2.11e-03    2.0e-04
 282200      1.91e-02      1.38e-03    2.0e-04
 282300      2.25e-02      1.63e-03    2.0e-04
 282400      2.32e-02      1.68e-03    2.0e-04
 282500      1.24e-02      8.94e-04    2.0e-04
 282600      2.76e-02      1.99e-03    2.0e-04
 282700      1.59e-02      1.15e-03    2.0e-04
 282800      1.49e-02      1.07e-03    2.0e-04
 282900      1.92e-02      1.39e-03    2.0e-04
 283000      1.34e-02      9.70e-04    2.0e-04
 283100      1.80e-02      1.30e-03    2.0e-04
 283200      1.52e-02      1.10e-03    2.0e-04
 283300      1.71e-02      1.23e-03    2.0e-04
 283400      2.48e-02      1.79e-03    2.0e-04
 283500      1.22e-02      8.78e-04    2.0e-04
 283600      1.76e-02      1.27e-03    2.0e-04
 283700      1.10e-02      7.90e-04    2.0e-04
 283800      1.38e-02      9.95e-04    2.0e-04
 283900      6.68e-03      4.82e-04    2.0e-04
 284000      1.94e-02      1.40e-03    2.0e-04
 284100      1.48e-02      1.07e-03    2.0e-04
 284200      1.50e-02      1.08e-03    2.0e-04
 284300      1.19e-02      8.57e-04    2.0e-04
 284400      1.19e-02      8.56e-04    2.0e-04
 284500      1.50e-02      1.08e-03    2.0e-04
 284600      1.32e-02      9.51e-04    2.0e-04
 284700      1.99e-02      1.43e-03    2.0e-04
 284800      1.61e-02      1.16e-03    2.0e-04
 284900      1.91e-02      1.38e-03    2.0e-04
 285000      8.14e-03      5.87e-04    1.9e-04
 285100      1.51e-02      1.09e-03    1.9e-04
 285200      2.99e-02      2.16e-03    1.9e-04
 285300      2.29e-02      1.65e-03    1.9e-04
 285400      3.30e-02      2.38e-03    1.9e-04
 285500      1.45e-02      1.05e-03    1.9e-04
 285600      1.96e-02      1.41e-03    1.9e-04
 285700      1.58e-02      1.14e-03    1.9e-04
 285800      1.38e-02      9.95e-04    1.9e-04
 285900      1.84e-02      1.32e-03    1.9e-04
 286000      1.91e-02      1.38e-03    1.9e-04
 286100      2.03e-02      1.46e-03    1.9e-04
 286200      1.06e-02      7.66e-04    1.9e-04
 286300      1.46e-02      1.05e-03    1.9e-04
 286400      2.00e-02      1.44e-03    1.9e-04
 286500      8.03e-03      5.79e-04    1.9e-04
 286600      2.26e-02      1.63e-03    1.9e-04
 286700      1.58e-02      1.14e-03    1.9e-04
 286800      1.46e-02      1.05e-03    1.9e-04
 286900      1.53e-02      1.10e-03    1.9e-04
 287000      1.49e-02      1.07e-03    1.9e-04
 287100      1.11e-02      7.99e-04    1.9e-04
 287200      1.90e-02      1.37e-03    1.9e-04
 287300      3.60e-02      2.60e-03    1.9e-04
 287400      2.41e-02      1.74e-03    1.9e-04
 287500      2.35e-02      1.70e-03    1.9e-04
 287600      1.35e-02      9.74e-04    1.9e-04
 287700      1.71e-02      1.24e-03    1.9e-04
 287800      2.35e-02      1.70e-03    1.9e-04
 287900      1.84e-02      1.33e-03    1.9e-04
 288000      1.09e-02      7.84e-04    1.9e-04
 288100      1.70e-02      1.22e-03    1.9e-04
 288200      1.56e-02      1.13e-03    1.9e-04
 288300      1.51e-02      1.09e-03    1.9e-04
 288400      8.09e-03      5.84e-04    1.9e-04
 288500      9.83e-03      7.10e-04    1.9e-04
 288600      1.55e-02      1.12e-03    1.9e-04
 288700      2.46e-02      1.77e-03    1.9e-04
 288800      2.43e-02      1.76e-03    1.9e-04
 288900      1.72e-02      1.24e-03    1.9e-04
 289000      1.95e-02      1.41e-03    1.9e-04
 289100      1.21e-02      8.74e-04    1.9e-04
 289200      1.93e-02      1.39e-03    1.9e-04
 289300      2.45e-02      1.77e-03    1.9e-04
 289400      1.48e-02      1.07e-03    1.9e-04
 289500      2.00e-02      1.44e-03    1.9e-04
 289600      2.48e-02      1.79e-03    1.9e-04
 289700      1.37e-02      9.89e-04    1.9e-04
 289800      1.62e-02      1.17e-03    1.9e-04
 289900      9.04e-03      6.52e-04    1.9e-04
 290000      1.92e-02      1.39e-03    1.9e-04
 290100      7.28e-03      5.26e-04    1.9e-04
 290200      1.66e-02      1.20e-03    1.9e-04
 290300      2.07e-02      1.49e-03    1.9e-04
 290400      2.16e-02      1.56e-03    1.9e-04
 290500      1.94e-02      1.40e-03    1.9e-04
 290600      2.04e-02      1.47e-03    1.9e-04
 290700      1.64e-02      1.18e-03    1.9e-04
 290800      2.04e-02      1.47e-03    1.9e-04
 290900      1.92e-02      1.38e-03    1.9e-04
 291000      1.79e-02      1.29e-03    1.9e-04
 291100      1.73e-02      1.25e-03    1.9e-04
 291200      1.83e-02      1.32e-03    1.9e-04
 291300      1.86e-02      1.34e-03    1.9e-04
 291400      7.82e-03      5.64e-04    1.9e-04
 291500      1.77e-02      1.28e-03    1.9e-04
 291600      4.24e-02      3.06e-03    1.9e-04
 291700      1.31e-02      9.48e-04    1.9e-04
 291800      2.94e-02      2.12e-03    1.9e-04
 291900      1.65e-02      1.19e-03    1.9e-04
 292000      1.23e-02      8.86e-04    1.9e-04
 292100      3.14e-02      2.26e-03    1.9e-04
 292200      1.17e-02      8.42e-04    1.9e-04
 292300      2.04e-02      1.47e-03    1.9e-04
 292400      1.62e-02      1.17e-03    1.9e-04
 292500      1.36e-02      9.84e-04    1.9e-04
 292600      2.01e-02      1.45e-03    1.9e-04
 292700      8.90e-03      6.42e-04    1.9e-04
 292800      1.34e-02      9.64e-04    1.9e-04
 292900      1.81e-02      1.30e-03    1.9e-04
 293000      1.37e-02      9.92e-04    1.9e-04
 293100      1.11e-02      8.03e-04    1.9e-04
 293200      1.38e-02      9.97e-04    1.9e-04
 293300      7.00e-03      5.06e-04    1.9e-04
 293400      1.41e-02      1.02e-03    1.9e-04
 293500      1.36e-02      9.83e-04    1.9e-04
 293600      1.88e-02      1.35e-03    1.9e-04
 293700      2.36e-02      1.70e-03    1.9e-04
 293800      2.32e-02      1.67e-03    1.9e-04
 293900      1.77e-02      1.28e-03    1.9e-04
 294000      1.70e-02      1.23e-03    1.9e-04
 294100      1.29e-02      9.32e-04    1.9e-04
 294200      2.75e-02      1.98e-03    1.9e-04
 294300      1.68e-02      1.22e-03    1.9e-04
 294400      3.37e-02      2.43e-03    1.9e-04
 294500      9.63e-03      6.95e-04    1.9e-04
 294600      1.51e-02      1.09e-03    1.9e-04
 294700      2.10e-02      1.51e-03    1.9e-04
 294800      1.49e-02      1.08e-03    1.9e-04
 294900      1.19e-02      8.60e-04    1.9e-04
 295000      3.25e-02      2.35e-03    1.8e-04
 295100      2.56e-02      1.85e-03    1.8e-04
 295200      1.92e-02      1.38e-03    1.8e-04
 295300      8.44e-03      6.09e-04    1.8e-04
 295400      1.08e-02      7.81e-04    1.8e-04
 295500      1.84e-02      1.33e-03    1.8e-04
 295600      8.12e-03      5.86e-04    1.8e-04
 295700      1.72e-02      1.24e-03    1.8e-04
 295800      9.40e-03      6.78e-04    1.8e-04
 295900      1.54e-02      1.11e-03    1.8e-04
 296000      1.81e-02      1.31e-03    1.8e-04
 296100      2.20e-02      1.59e-03    1.8e-04
 296200      1.93e-02      1.39e-03    1.8e-04
 296300      9.60e-03      6.93e-04    1.8e-04
 296400      1.57e-02      1.13e-03    1.8e-04
 296500      1.72e-02      1.24e-03    1.8e-04
 296600      1.32e-02      9.54e-04    1.8e-04
 296700      2.29e-02      1.65e-03    1.8e-04
 296800      1.28e-02      9.27e-04    1.8e-04
 296900      1.83e-02      1.32e-03    1.8e-04
 297000      1.60e-02      1.15e-03    1.8e-04
 297100      1.67e-02      1.20e-03    1.8e-04
 297200      1.35e-02      9.77e-04    1.8e-04
 297300      1.46e-02      1.05e-03    1.8e-04
 297400      1.13e-02      8.18e-04    1.8e-04
 297500      1.68e-02      1.21e-03    1.8e-04
 297600      2.53e-02      1.83e-03    1.8e-04
 297700      2.22e-02      1.60e-03    1.8e-04
 297800      3.16e-02      2.28e-03    1.8e-04
 297900      1.85e-02      1.34e-03    1.8e-04
 298000      1.47e-02      1.06e-03    1.8e-04
 298100      1.17e-02      8.47e-04    1.8e-04
 298200      1.09e-02      7.88e-04    1.8e-04
 298300      2.51e-02      1.81e-03    1.8e-04
 298400      2.39e-02      1.73e-03    1.8e-04
 298500      1.20e-02      8.68e-04    1.8e-04
 298600      2.50e-02      1.80e-03    1.8e-04
 298700      1.06e-02      7.65e-04    1.8e-04
 298800      1.06e-02      7.67e-04    1.8e-04
 298900      1.20e-02      8.64e-04    1.8e-04
 299000      1.54e-02      1.11e-03    1.8e-04
 299100      1.40e-02      1.01e-03    1.8e-04
 299200      2.84e-02      2.05e-03    1.8e-04
 299300      8.07e-03      5.83e-04    1.8e-04
 299400      1.08e-02      7.77e-04    1.8e-04
 299500      1.80e-02      1.30e-03    1.8e-04
 299600      1.74e-02      1.26e-03    1.8e-04
 299700      1.78e-02      1.28e-03    1.8e-04
 299800      9.45e-03      6.82e-04    1.8e-04
 299900      2.24e-02      1.62e-03    1.8e-04
 300000      1.85e-02      1.34e-03    1.8e-04
 300100      1.57e-02      1.13e-03    1.8e-04
 300200      1.06e-02      7.65e-04    1.8e-04
 300300      1.36e-02      9.81e-04    1.8e-04
 300400      1.30e-02      9.41e-04    1.8e-04
 300500      1.32e-02      9.56e-04    1.8e-04
 300600      1.41e-02      1.02e-03    1.8e-04
 300700      1.23e-02      8.85e-04    1.8e-04
 300800      1.50e-02      1.08e-03    1.8e-04
 300900      1.28e-02      9.21e-04    1.8e-04
 301000      1.97e-02      1.42e-03    1.8e-04
 301100      8.87e-03      6.40e-04    1.8e-04
 301200      9.08e-03      6.55e-04    1.8e-04
 301300      2.17e-02      1.56e-03    1.8e-04
 301400      7.34e-03      5.29e-04    1.8e-04
 301500      1.58e-02      1.14e-03    1.8e-04
 301600      1.70e-02      1.22e-03    1.8e-04
 301700      1.12e-02      8.11e-04    1.8e-04
 301800      1.15e-02      8.29e-04    1.8e-04
 301900      1.56e-02      1.13e-03    1.8e-04
 302000      1.00e-02      7.24e-04    1.8e-04
 302100      1.13e-02      8.19e-04    1.8e-04
 302200      1.61e-02      1.16e-03    1.8e-04
 302300      1.51e-02      1.09e-03    1.8e-04
 302400      1.18e-02      8.51e-04    1.8e-04
 302500      1.34e-02      9.66e-04    1.8e-04
 302600      6.31e-03      4.55e-04    1.8e-04
 302700      7.40e-03      5.34e-04    1.8e-04
 302800      1.32e-02      9.56e-04    1.8e-04
 302900      1.83e-02      1.32e-03    1.8e-04
 303000      2.02e-02      1.46e-03    1.8e-04
 303100      1.43e-02      1.03e-03    1.8e-04
 303200      9.70e-03      7.00e-04    1.8e-04
 303300      2.05e-02      1.48e-03    1.8e-04
 303400      1.40e-02      1.01e-03    1.8e-04
 303500      1.32e-02      9.53e-04    1.8e-04
 303600      1.21e-02      8.75e-04    1.8e-04
 303700      1.51e-02      1.09e-03    1.8e-04
 303800      1.39e-02      1.00e-03    1.8e-04
 303900      1.49e-02      1.07e-03    1.8e-04
 304000      1.48e-02      1.07e-03    1.8e-04
 304100      1.17e-02      8.48e-04    1.8e-04
 304200      1.15e-02      8.27e-04    1.8e-04
 304300      1.01e-02      7.26e-04    1.8e-04
 304400      1.80e-02      1.30e-03    1.8e-04
 304500      1.79e-02      1.29e-03    1.8e-04
 304600      1.56e-02      1.12e-03    1.8e-04
 304700      1.41e-02      1.02e-03    1.8e-04
 304800      1.29e-02      9.33e-04    1.8e-04
 304900      1.36e-02      9.84e-04    1.8e-04
 305000      1.10e-02      7.94e-04    1.7e-04
 305100      1.78e-02      1.28e-03    1.7e-04
 305200      1.53e-02      1.11e-03    1.7e-04
 305300      1.18e-02      8.48e-04    1.7e-04
 305400      1.39e-02      1.01e-03    1.7e-04
 305500      1.87e-02      1.35e-03    1.7e-04
 305600      1.23e-02      8.87e-04    1.7e-04
 305700      9.88e-03      7.13e-04    1.7e-04
 305800      1.25e-02      9.04e-04    1.7e-04
 305900      1.77e-02      1.28e-03    1.7e-04
 306000      1.53e-02      1.10e-03    1.7e-04
 306100      1.58e-02      1.14e-03    1.7e-04
 306200      1.64e-02      1.18e-03    1.7e-04
 306300      1.31e-02      9.44e-04    1.7e-04
 306400      1.84e-02      1.33e-03    1.7e-04
 306500      9.31e-03      6.72e-04    1.7e-04
 306600      7.32e-03      5.28e-04    1.7e-04
 306700      3.99e-03      2.88e-04    1.7e-04
 306800      1.09e-02      7.84e-04    1.7e-04
 306900      1.67e-02      1.20e-03    1.7e-04
 307000      1.24e-02      8.92e-04    1.7e-04
 307100      1.81e-02      1.31e-03    1.7e-04
 307200      1.44e-02      1.04e-03    1.7e-04
 307300      1.56e-02      1.13e-03    1.7e-04
 307400      2.06e-02      1.49e-03    1.7e-04
 307500      1.53e-02      1.10e-03    1.7e-04
 307600      1.86e-02      1.35e-03    1.7e-04
 307700      6.60e-03      4.76e-04    1.7e-04
 307800      8.95e-03      6.46e-04    1.7e-04
 307900      1.05e-02      7.54e-04    1.7e-04
 308000      1.06e-02      7.62e-04    1.7e-04
 308100      1.76e-02      1.27e-03    1.7e-04
 308200      1.68e-02      1.22e-03    1.7e-04
 308300      1.44e-02      1.04e-03    1.7e-04
 308400      1.53e-02      1.10e-03    1.7e-04
 308500      1.15e-02      8.29e-04    1.7e-04
 308600      1.56e-02      1.13e-03    1.7e-04
 308700      9.63e-03      6.95e-04    1.7e-04
 308800      2.26e-02      1.63e-03    1.7e-04
 308900      1.80e-02      1.30e-03    1.7e-04
 309000      1.60e-02      1.15e-03    1.7e-04
 309100      1.76e-02      1.27e-03    1.7e-04
 309200      7.13e-03      5.14e-04    1.7e-04
 309300      1.98e-02      1.43e-03    1.7e-04
 309400      1.33e-02      9.60e-04    1.7e-04
 309500      2.41e-02      1.74e-03    1.7e-04
 309600      1.03e-02      7.45e-04    1.7e-04
 309700      1.23e-02      8.87e-04    1.7e-04
 309800      1.38e-02      9.98e-04    1.7e-04
 309900      2.30e-02      1.66e-03    1.7e-04
 310000      2.20e-02      1.58e-03    1.7e-04
 310100      1.17e-02      8.47e-04    1.7e-04
 310200      1.13e-02      8.13e-04    1.7e-04
 310300      1.76e-02      1.27e-03    1.7e-04
 310400      1.45e-02      1.05e-03    1.7e-04
 310500      1.39e-02      1.00e-03    1.7e-04
 310600      1.14e-02      8.22e-04    1.7e-04
 310700      1.63e-02      1.18e-03    1.7e-04
 310800      1.67e-02      1.20e-03    1.7e-04
 310900      1.75e-02      1.26e-03    1.7e-04
 311000      1.63e-02      1.18e-03    1.7e-04
 311100      1.10e-02      7.93e-04    1.7e-04
 311200      1.50e-02      1.09e-03    1.7e-04
 311300      1.65e-02      1.19e-03    1.7e-04
 311400      1.41e-02      1.02e-03    1.7e-04
 311500      1.58e-02      1.14e-03    1.7e-04
 311600      1.44e-02      1.04e-03    1.7e-04
 311700      1.03e-02      7.42e-04    1.7e-04
 311800      1.62e-02      1.17e-03    1.7e-04
 311900      1.16e-02      8.37e-04    1.7e-04
 312000      2.09e-02      1.51e-03    1.7e-04
 312100      1.64e-02      1.18e-03    1.7e-04
 312200      1.23e-02      8.88e-04    1.7e-04
 312300      1.81e-02      1.31e-03    1.7e-04
 312400      1.45e-02      1.04e-03    1.7e-04
 312500      8.80e-03      6.35e-04    1.7e-04
 312600      5.54e-03      4.00e-04    1.7e-04
 312700      1.61e-02      1.16e-03    1.7e-04
 312800      2.23e-02      1.61e-03    1.7e-04
 312900      1.68e-02      1.21e-03    1.7e-04
 313000      1.04e-02      7.53e-04    1.7e-04
 313100      2.29e-02      1.65e-03    1.7e-04
 313200      7.31e-03      5.28e-04    1.7e-04
 313300      1.57e-02      1.13e-03    1.7e-04
 313400      1.35e-02      9.72e-04    1.7e-04
 313500      2.57e-02      1.85e-03    1.7e-04
 313600      1.97e-02      1.42e-03    1.7e-04
 313700      1.32e-02      9.52e-04    1.7e-04
 313800      1.76e-02      1.27e-03    1.7e-04
 313900      1.34e-02      9.69e-04    1.7e-04
 314000      1.26e-02      9.11e-04    1.7e-04
 314100      1.57e-02      1.13e-03    1.7e-04
 314200      1.98e-02      1.43e-03    1.7e-04
 314300      1.37e-02      9.89e-04    1.7e-04
 314400      1.01e-02      7.28e-04    1.7e-04
 314500      1.53e-02      1.11e-03    1.7e-04
 314600      1.50e-02      1.08e-03    1.7e-04
 314700      1.50e-02      1.08e-03    1.7e-04
 314800      9.52e-03      6.87e-04    1.7e-04
 314900      1.27e-02      9.17e-04    1.7e-04
 315000      1.31e-02      9.46e-04    1.6e-04
 315100      2.99e-02      2.16e-03    1.6e-04
 315200      2.28e-02      1.64e-03    1.6e-04
 315300      2.02e-02      1.45e-03    1.6e-04
 315400      1.48e-02      1.06e-03    1.6e-04
 315500      1.44e-02      1.04e-03    1.6e-04
 315600      2.02e-02      1.46e-03    1.6e-04
 315700      1.02e-02      7.36e-04    1.6e-04
 315800      1.20e-02      8.69e-04    1.6e-04
 315900      1.45e-02      1.05e-03    1.6e-04
 316000      1.13e-02      8.14e-04    1.6e-04
 316100      6.43e-03      4.64e-04    1.6e-04
 316200      1.01e-02      7.26e-04    1.6e-04
 316300      1.62e-02      1.17e-03    1.6e-04
 316400      1.40e-02      1.01e-03    1.6e-04
 316500      1.48e-02      1.07e-03    1.6e-04
 316600      6.95e-03      5.02e-04    1.6e-04
 316700      1.21e-02      8.72e-04    1.6e-04
 316800      2.22e-02      1.60e-03    1.6e-04
 316900      6.35e-03      4.58e-04    1.6e-04
 317000      2.90e-02      2.09e-03    1.6e-04
 317100      4.99e-03      3.60e-04    1.6e-04
 317200      1.51e-02      1.09e-03    1.6e-04
 317300      1.83e-02      1.32e-03    1.6e-04
 317400      1.85e-02      1.33e-03    1.6e-04
 317500      1.75e-02      1.26e-03    1.6e-04
 317600      1.58e-02      1.14e-03    1.6e-04
 317700      1.25e-02      9.05e-04    1.6e-04
 317800      8.86e-03      6.40e-04    1.6e-04
 317900      1.69e-02      1.22e-03    1.6e-04
 318000      1.68e-02      1.22e-03    1.6e-04
 318100      1.16e-02      8.36e-04    1.6e-04
 318200      1.28e-02      9.25e-04    1.6e-04
 318300      1.56e-02      1.13e-03    1.6e-04
 318400      1.09e-02      7.86e-04    1.6e-04
 318500      1.54e-02      1.11e-03    1.6e-04
 318600      1.28e-02      9.25e-04    1.6e-04
 318700      1.07e-02      7.71e-04    1.6e-04
 318800      6.75e-03      4.87e-04    1.6e-04
 318900      1.32e-02      9.55e-04    1.6e-04
 319000      7.30e-03      5.27e-04    1.6e-04
 319100      1.40e-02      1.01e-03    1.6e-04
 319200      1.58e-02      1.14e-03    1.6e-04
 319300      1.34e-02      9.68e-04    1.6e-04
 319400      1.91e-02      1.38e-03    1.6e-04
 319500      1.02e-02      7.35e-04    1.6e-04
 319600      8.46e-03      6.11e-04    1.6e-04
 319700      1.25e-02      8.99e-04    1.6e-04
 319800      1.61e-02      1.16e-03    1.6e-04
 319900      1.50e-02      1.08e-03    1.6e-04
 320000      1.04e-02      7.51e-04    1.6e-04
 320100      5.29e-03      3.82e-04    1.6e-04
 320200      1.45e-02      1.05e-03    1.6e-04
 320300      1.47e-02      1.06e-03    1.6e-04
 320400      1.89e-02      1.37e-03    1.6e-04
 320500      1.29e-02      9.29e-04    1.6e-04
 320600      2.55e-02      1.84e-03    1.6e-04
 320700      1.21e-02      8.71e-04    1.6e-04
 320800      1.10e-02      7.97e-04    1.6e-04
 320900      1.10e-02      7.97e-04    1.6e-04
 321000      1.15e-02      8.32e-04    1.6e-04
 321100      1.01e-02      7.26e-04    1.6e-04
 321200      1.19e-02      8.57e-04    1.6e-04
 321300      1.11e-02      7.99e-04    1.6e-04
 321400      6.40e-03      4.62e-04    1.6e-04
 321500      9.92e-03      7.16e-04    1.6e-04
 321600      3.00e-02      2.16e-03    1.6e-04
 321700      1.27e-02      9.19e-04    1.6e-04
 321800      1.07e-02      7.72e-04    1.6e-04
 321900      7.20e-03      5.20e-04    1.6e-04
 322000      1.14e-02      8.25e-04    1.6e-04
 322100      1.21e-02      8.74e-04    1.6e-04
 322200      9.23e-03      6.66e-04    1.6e-04
 322300      1.00e-02      7.25e-04    1.6e-04
 322400      2.49e-02      1.80e-03    1.6e-04
 322500      6.68e-03      4.82e-04    1.6e-04
 322600      8.58e-03      6.19e-04    1.6e-04
 322700      1.72e-02      1.24e-03    1.6e-04
 322800      1.43e-02      1.03e-03    1.6e-04
 322900      2.65e-02      1.91e-03    1.6e-04
 323000      1.52e-02      1.10e-03    1.6e-04
 323100      1.06e-02      7.65e-04    1.6e-04
 323200      1.64e-02      1.19e-03    1.6e-04
 323300      1.75e-02      1.26e-03    1.6e-04
 323400      1.21e-02      8.76e-04    1.6e-04
 323500      1.20e-02      8.63e-04    1.6e-04
 323600      1.64e-02      1.19e-03    1.6e-04
 323700      1.90e-02      1.37e-03    1.6e-04
 323800      8.85e-03      6.39e-04    1.6e-04
 323900      1.40e-02      1.01e-03    1.6e-04
 324000      1.90e-02      1.37e-03    1.6e-04
 324100      6.46e-03      4.66e-04    1.6e-04
 324200      1.32e-02      9.51e-04    1.6e-04
 324300      9.47e-03      6.83e-04    1.6e-04
 324400      1.07e-02      7.73e-04    1.6e-04
 324500      1.37e-02      9.86e-04    1.6e-04
 324600      1.27e-02      9.17e-04    1.6e-04
 324700      2.19e-02      1.58e-03    1.6e-04
 324800      1.02e-02      7.35e-04    1.6e-04
 324900      1.36e-02      9.84e-04    1.6e-04
 325000      1.41e-02      1.02e-03    1.5e-04
 325100      8.51e-03      6.14e-04    1.5e-04
 325200      2.43e-02      1.75e-03    1.5e-04
 325300      1.72e-02      1.24e-03    1.5e-04
 325400      1.22e-02      8.80e-04    1.5e-04
 325500      1.26e-02      9.08e-04    1.5e-04
 325600      8.30e-03      5.99e-04    1.5e-04
 325700      2.14e-02      1.54e-03    1.5e-04
 325800      1.07e-02      7.74e-04    1.5e-04
 325900      6.56e-03      4.74e-04    1.5e-04
 326000      7.00e-03      5.05e-04    1.5e-04
 326100      1.18e-02      8.55e-04    1.5e-04
 326200      1.17e-02      8.48e-04    1.5e-04
 326300      2.27e-02      1.64e-03    1.5e-04
 326400      1.17e-02      8.46e-04    1.5e-04
 326500      8.31e-03      6.00e-04    1.5e-04
 326600      1.11e-02      8.03e-04    1.5e-04
 326700      1.56e-02      1.12e-03    1.5e-04
 326800      1.55e-02      1.12e-03    1.5e-04
 326900      1.37e-02      9.88e-04    1.5e-04
 327000      1.35e-02      9.74e-04    1.5e-04
 327100      1.41e-02      1.02e-03    1.5e-04
 327200      1.87e-02      1.35e-03    1.5e-04
 327300      1.24e-02      8.97e-04    1.5e-04
 327400      7.96e-03      5.74e-04    1.5e-04
 327500      8.02e-03      5.79e-04    1.5e-04
 327600      7.12e-03      5.14e-04    1.5e-04
 327700      1.64e-02      1.18e-03    1.5e-04
 327800      9.40e-03      6.78e-04    1.5e-04
 327900      1.04e-02      7.52e-04    1.5e-04
 328000      1.16e-02      8.38e-04    1.5e-04
 328100      1.61e-02      1.16e-03    1.5e-04
 328200      1.06e-02      7.63e-04    1.5e-04
 328300      1.40e-02      1.01e-03    1.5e-04
 328400      1.55e-02      1.12e-03    1.5e-04
 328500      1.03e-02      7.45e-04    1.5e-04
 328600      1.24e-02      8.93e-04    1.5e-04
 328700      9.60e-03      6.93e-04    1.5e-04
 328800      1.34e-02      9.67e-04    1.5e-04
 328900      1.36e-02      9.84e-04    1.5e-04
 329000      2.61e-02      1.88e-03    1.5e-04
 329100      1.56e-02      1.13e-03    1.5e-04
 329200      1.03e-02      7.40e-04    1.5e-04
 329300      1.62e-02      1.17e-03    1.5e-04
 329400      1.21e-02      8.75e-04    1.5e-04
 329500      1.28e-02      9.23e-04    1.5e-04
 329600      2.04e-02      1.47e-03    1.5e-04
 329700      9.33e-03      6.73e-04    1.5e-04
 329800      1.68e-02      1.21e-03    1.5e-04
 329900      1.06e-02      7.66e-04    1.5e-04
 330000      7.31e-03      5.28e-04    1.5e-04
 330100      9.95e-03      7.18e-04    1.5e-04
 330200      1.20e-02      8.65e-04    1.5e-04
 330300      6.88e-03      4.96e-04    1.5e-04
 330400      1.88e-02      1.35e-03    1.5e-04
 330500      1.70e-02      1.22e-03    1.5e-04
 330600      1.57e-02      1.13e-03    1.5e-04
 330700      1.16e-02      8.37e-04    1.5e-04
 330800      8.84e-03      6.38e-04    1.5e-04
 330900      1.25e-02      9.05e-04    1.5e-04
 331000      1.56e-02      1.12e-03    1.5e-04
 331100      1.20e-02      8.64e-04    1.5e-04
 331200      2.07e-02      1.49e-03    1.5e-04
 331300      9.02e-03      6.51e-04    1.5e-04
 331400      1.45e-02      1.04e-03    1.5e-04
 331500      1.14e-02      8.23e-04    1.5e-04
 331600      1.56e-02      1.12e-03    1.5e-04
 331700      1.01e-02      7.32e-04    1.5e-04
 331800      1.32e-02      9.49e-04    1.5e-04
 331900      6.23e-03      4.50e-04    1.5e-04
 332000      1.04e-02      7.53e-04    1.5e-04
 332100      1.04e-02      7.52e-04    1.5e-04
 332200      7.96e-03      5.75e-04    1.5e-04
 332300      1.15e-02      8.27e-04    1.5e-04
 332400      8.69e-03      6.27e-04    1.5e-04
 332500      1.07e-02      7.74e-04    1.5e-04
 332600      1.02e-02      7.37e-04    1.5e-04
 332700      1.12e-02      8.10e-04    1.5e-04
 332800      9.21e-03      6.65e-04    1.5e-04
 332900      1.33e-02      9.60e-04    1.5e-04
 333000      1.14e-02      8.23e-04    1.5e-04
 333100      1.44e-02      1.04e-03    1.5e-04
 333200      1.15e-02      8.32e-04    1.5e-04
 333300      2.33e-02      1.68e-03    1.5e-04
 333400      1.75e-02      1.26e-03    1.5e-04
 333500      9.84e-03      7.10e-04    1.5e-04
 333600      1.18e-02      8.54e-04    1.5e-04
 333700      1.79e-02      1.29e-03    1.5e-04
 333800      3.81e-03      2.75e-04    1.5e-04
 333900      2.16e-02      1.56e-03    1.5e-04
 334000      1.10e-02      7.94e-04    1.5e-04
 334100      1.16e-02      8.36e-04    1.5e-04
 334200      1.42e-02      1.02e-03    1.5e-04
 334300      1.46e-02      1.06e-03    1.5e-04
 334400      8.11e-03      5.85e-04    1.5e-04
 334500      1.53e-02      1.11e-03    1.5e-04
 334600      1.59e-02      1.15e-03    1.5e-04
 334700      1.83e-02      1.32e-03    1.5e-04
 334800      7.86e-03      5.67e-04    1.5e-04
 334900      1.64e-02      1.18e-03    1.5e-04
 335000      1.78e-02      1.28e-03    1.5e-04
 335100      1.04e-02      7.53e-04    1.5e-04
 335200      9.01e-03      6.50e-04    1.5e-04
 335300      4.72e-03      3.41e-04    1.5e-04
 335400      5.96e-03      4.30e-04    1.5e-04
 335500      9.88e-03      7.13e-04    1.5e-04
 335600      2.11e-02      1.52e-03    1.5e-04
 335700      9.91e-03      7.15e-04    1.5e-04
 335800      6.12e-03      4.41e-04    1.5e-04
 335900      1.82e-02      1.31e-03    1.5e-04
 336000      9.15e-03      6.60e-04    1.5e-04
 336100      1.45e-02      1.05e-03    1.5e-04
 336200      7.95e-03      5.73e-04    1.5e-04
 336300      1.97e-02      1.42e-03    1.5e-04
 336400      1.39e-02      1.00e-03    1.5e-04
 336500      1.11e-02      7.99e-04    1.5e-04
 336600      1.24e-02      8.97e-04    1.5e-04
 336700      6.46e-03      4.66e-04    1.5e-04
 336800      1.21e-02      8.76e-04    1.5e-04
 336900      1.22e-02      8.81e-04    1.5e-04
 337000      1.58e-02      1.14e-03    1.5e-04
 337100      1.82e-02      1.31e-03    1.5e-04
 337200      1.35e-02      9.77e-04    1.5e-04
 337300      1.21e-02      8.73e-04    1.5e-04
 337400      9.18e-03      6.62e-04    1.5e-04
 337500      4.99e-03      3.60e-04    1.5e-04
 337600      9.22e-03      6.66e-04    1.5e-04
 337700      7.35e-03      5.30e-04    1.5e-04
 337800      1.08e-02      7.77e-04    1.5e-04
 337900      1.51e-02      1.09e-03    1.5e-04
 338000      1.07e-02      7.75e-04    1.5e-04
 338100      1.07e-02      7.71e-04    1.5e-04
 338200      1.19e-02      8.56e-04    1.5e-04
 338300      9.05e-03      6.53e-04    1.5e-04
 338400      5.68e-03      4.10e-04    1.5e-04
 338500      1.38e-02      9.93e-04    1.5e-04
 338600      1.59e-02      1.15e-03    1.5e-04
 338700      1.93e-02      1.40e-03    1.5e-04
 338800      1.35e-02      9.72e-04    1.5e-04
 338900      6.48e-03      4.68e-04    1.5e-04
 339000      1.21e-02      8.75e-04    1.5e-04
 339100      1.05e-02      7.56e-04    1.5e-04
 339200      6.33e-03      4.57e-04    1.5e-04
 339300      1.84e-02      1.33e-03    1.5e-04
 339400      1.44e-02      1.04e-03    1.5e-04
 339500      9.74e-03      7.03e-04    1.5e-04
 339600      8.77e-03      6.33e-04    1.5e-04
 339700      9.41e-03      6.79e-04    1.5e-04
 339800      9.31e-03      6.72e-04    1.5e-04
 339900      1.02e-02      7.37e-04    1.5e-04
 340000      7.32e-03      5.28e-04    1.4e-04
 340100      1.33e-02      9.58e-04    1.4e-04
 340200      1.09e-02      7.84e-04    1.4e-04
 340300      1.15e-02      8.31e-04    1.4e-04
 340400      1.30e-02      9.35e-04    1.4e-04
 340500      7.12e-03      5.14e-04    1.4e-04
 340600      1.16e-02      8.41e-04    1.4e-04
 340700      6.28e-03      4.53e-04    1.4e-04
 340800      9.18e-03      6.63e-04    1.4e-04
 340900      1.27e-02      9.15e-04    1.4e-04
 341000      1.15e-02      8.26e-04    1.4e-04
 341100      1.43e-02      1.03e-03    1.4e-04
 341200      9.74e-03      7.03e-04    1.4e-04
 341300      1.04e-02      7.52e-04    1.4e-04
 341400      1.20e-02      8.63e-04    1.4e-04
 341500      7.34e-03      5.29e-04    1.4e-04
 341600      6.59e-03      4.75e-04    1.4e-04
 341700      1.44e-02      1.04e-03    1.4e-04
 341800      1.35e-02      9.72e-04    1.4e-04
 341900      1.10e-02      7.97e-04    1.4e-04
 342000      1.30e-02      9.38e-04    1.4e-04
 342100      9.70e-03      7.00e-04    1.4e-04
 342200      4.90e-03      3.54e-04    1.4e-04
 342300      4.90e-03      3.53e-04    1.4e-04
 342400      9.64e-03      6.96e-04    1.4e-04
 342500      9.09e-03      6.56e-04    1.4e-04
 342600      7.92e-03      5.72e-04    1.4e-04
 342700      9.12e-03      6.58e-04    1.4e-04
 342800      8.45e-03      6.10e-04    1.4e-04
 342900      7.65e-03      5.52e-04    1.4e-04
 343000      1.87e-02      1.35e-03    1.4e-04
 343100      1.28e-02      9.27e-04    1.4e-04
 343200      1.31e-02      9.43e-04    1.4e-04
 343300      1.09e-02      7.89e-04    1.4e-04
 343400      7.84e-03      5.66e-04    1.4e-04
 343500      1.38e-02      9.95e-04    1.4e-04
 343600      9.40e-03      6.79e-04    1.4e-04
 343700      8.24e-03      5.94e-04    1.4e-04
 343800      1.18e-02      8.51e-04    1.4e-04
 343900      1.11e-02      8.00e-04    1.4e-04
 344000      1.13e-02      8.19e-04    1.4e-04
 344100      1.41e-02      1.02e-03    1.4e-04
 344200      5.08e-03      3.67e-04    1.4e-04
 344300      1.06e-02      7.68e-04    1.4e-04
 344400      5.52e-03      3.99e-04    1.4e-04
 344500      1.04e-02      7.54e-04    1.4e-04
 344600      8.90e-03      6.42e-04    1.4e-04
 344700      1.04e-02      7.53e-04    1.4e-04
 344800      4.54e-03      3.28e-04    1.4e-04
 344900      1.28e-02      9.20e-04    1.4e-04
 345000      5.09e-03      3.67e-04    1.4e-04
 345100      1.27e-02      9.18e-04    1.4e-04
 345200      3.46e-03      2.50e-04    1.4e-04
 345300      6.51e-03      4.70e-04    1.4e-04
 345400      1.05e-02      7.59e-04    1.4e-04
 345500      7.75e-03      5.59e-04    1.4e-04
 345600      7.06e-03      5.09e-04    1.4e-04
 345700      1.06e-02      7.61e-04    1.4e-04
 345800      1.24e-02      8.93e-04    1.4e-04
 345900      6.38e-03      4.60e-04    1.4e-04
 346000      1.27e-02      9.14e-04    1.4e-04
 346100      1.23e-02      8.89e-04    1.4e-04
 346200      1.01e-02      7.30e-04    1.4e-04
 346300      1.05e-02      7.55e-04    1.4e-04
 346400      1.82e-02      1.31e-03    1.4e-04
 346500      5.72e-03      4.13e-04    1.4e-04
 346600      8.42e-03      6.08e-04    1.4e-04
 346700      7.35e-03      5.31e-04    1.4e-04
 346800      1.13e-02      8.17e-04    1.4e-04
 346900      1.15e-02      8.33e-04    1.4e-04
 347000      1.08e-02      7.79e-04    1.4e-04
 347100      6.71e-03      4.84e-04    1.4e-04
 347200      1.67e-02      1.20e-03    1.4e-04
 347300      1.47e-02      1.06e-03    1.4e-04
 347400      1.07e-02      7.74e-04    1.4e-04
 347500      1.32e-02      9.53e-04    1.4e-04
 347600      1.28e-02      9.27e-04    1.4e-04
 347700      1.01e-02      7.30e-04    1.4e-04
 347800      9.74e-03      7.03e-04    1.4e-04
 347900      1.88e-02      1.36e-03    1.4e-04
 348000      1.11e-02      8.03e-04    1.4e-04
 348100      1.18e-02      8.55e-04    1.4e-04
 348200      1.07e-02      7.74e-04    1.4e-04
 348300      6.10e-03      4.41e-04    1.4e-04
 348400      1.10e-02      7.95e-04    1.4e-04
 348500      8.81e-03      6.35e-04    1.4e-04
 348600      8.98e-03      6.48e-04    1.4e-04
 348700      1.62e-02      1.17e-03    1.4e-04
 348800      1.75e-02      1.26e-03    1.4e-04
 348900      1.15e-02      8.27e-04    1.4e-04
 349000      1.06e-02      7.65e-04    1.4e-04
 349100      6.39e-03      4.61e-04    1.4e-04
 349200      1.34e-02      9.66e-04    1.4e-04
 349300      8.22e-03      5.93e-04    1.4e-04
 349400      1.10e-02      7.97e-04    1.4e-04
 349500      9.00e-03      6.50e-04    1.4e-04
 349600      1.35e-02      9.75e-04    1.4e-04
 349700      1.13e-02      8.18e-04    1.4e-04
 349800      9.12e-03      6.58e-04    1.4e-04
 349900      1.01e-02      7.29e-04    1.4e-04
 350000      1.23e-02      8.89e-04    1.3e-04
 350100      1.73e-02      1.25e-03    1.3e-04
 350200      1.41e-02      1.02e-03    1.3e-04
 350300      1.04e-02      7.51e-04    1.3e-04
 350400      1.49e-02      1.08e-03    1.3e-04
 350500      7.60e-03      5.49e-04    1.3e-04
 350600      1.07e-02      7.74e-04    1.3e-04
 350700      5.85e-03      4.22e-04    1.3e-04
 350800      5.32e-03      3.84e-04    1.3e-04
 350900      1.01e-02      7.26e-04    1.3e-04
 351000      1.90e-02      1.37e-03    1.3e-04
 351100      1.09e-02      7.84e-04    1.3e-04
 351200      7.53e-03      5.44e-04    1.3e-04
 351300      8.69e-03      6.27e-04    1.3e-04
 351400      3.58e-03      2.58e-04    1.3e-04
 351500      5.45e-03      3.94e-04    1.3e-04
 351600      9.01e-03      6.50e-04    1.3e-04
 351700      6.03e-03      4.35e-04    1.3e-04
 351800      7.93e-03      5.72e-04    1.3e-04
 351900      1.01e-02      7.31e-04    1.3e-04
 352000      7.52e-03      5.43e-04    1.3e-04
 352100      8.59e-03      6.20e-04    1.3e-04
 352200      1.03e-02      7.47e-04    1.3e-04
 352300      8.46e-03      6.11e-04    1.3e-04
 352400      8.46e-03      6.10e-04    1.3e-04
 352500      1.30e-02      9.35e-04    1.3e-04
 352600      3.06e-03      2.21e-04    1.3e-04
 352700      5.78e-03      4.17e-04    1.3e-04
 352800      1.40e-02      1.01e-03    1.3e-04
 352900      1.00e-02      7.23e-04    1.3e-04
 353000      7.70e-03      5.55e-04    1.3e-04
 353100      1.27e-02      9.17e-04    1.3e-04
 353200      1.07e-02      7.72e-04    1.3e-04
 353300      1.39e-02      1.00e-03    1.3e-04
 353400      1.58e-02      1.14e-03    1.3e-04
 353500      1.10e-02      7.96e-04    1.3e-04
 353600      1.14e-02      8.24e-04    1.3e-04
 353700      1.32e-02      9.55e-04    1.3e-04
 353800      6.49e-03      4.68e-04    1.3e-04
 353900      1.74e-02      1.25e-03    1.3e-04
 354000      1.23e-02      8.90e-04    1.3e-04
 354100      9.87e-03      7.12e-04    1.3e-04
 354200      1.11e-02      8.02e-04    1.3e-04
 354300      1.15e-02      8.31e-04    1.3e-04
 354400      6.95e-03      5.02e-04    1.3e-04
 354500      1.48e-02      1.07e-03    1.3e-04
 354600      9.55e-03      6.89e-04    1.3e-04
 354700      1.30e-02      9.37e-04    1.3e-04
 354800      7.89e-03      5.70e-04    1.3e-04
 354900      9.82e-03      7.09e-04    1.3e-04
 355000      1.13e-02      8.18e-04    1.3e-04
 355100      8.72e-03      6.29e-04    1.3e-04
 355200      6.41e-03      4.63e-04    1.3e-04
 355300      6.49e-03      4.68e-04    1.3e-04
 355400      9.46e-03      6.83e-04    1.3e-04
 355500      6.68e-03      4.82e-04    1.3e-04
 355600      7.12e-03      5.14e-04    1.3e-04
 355700      1.06e-02      7.67e-04    1.3e-04
 355800      7.37e-03      5.32e-04    1.3e-04
 355900      8.91e-03      6.43e-04    1.3e-04
 356000      1.24e-02      8.95e-04    1.3e-04
 356100      3.42e-03      2.47e-04    1.3e-04
 356200      7.36e-03      5.31e-04    1.3e-04
 356300      5.80e-03      4.18e-04    1.3e-04
 356400      7.35e-03      5.30e-04    1.3e-04
 356500      7.47e-03      5.39e-04    1.3e-04
 356600      2.68e-02      1.93e-03    1.3e-04
 356700      8.94e-03      6.45e-04    1.3e-04
 356800      8.40e-03      6.06e-04    1.3e-04
 356900      8.47e-03      6.12e-04    1.3e-04
 357000      7.10e-03      5.12e-04    1.3e-04
 357100      1.06e-02      7.68e-04    1.3e-04
 357200      7.07e-03      5.10e-04    1.3e-04
 357300      4.36e-03      3.14e-04    1.3e-04
 357400      8.96e-03      6.47e-04    1.3e-04
 357500      4.87e-03      3.52e-04    1.3e-04
 357600      9.58e-03      6.91e-04    1.3e-04
 357700      7.21e-03      5.21e-04    1.3e-04
 357800      1.11e-02      8.03e-04    1.3e-04
 357900      6.55e-03      4.73e-04    1.3e-04
 358000      1.14e-02      8.20e-04    1.3e-04
 358100      7.57e-03      5.46e-04    1.3e-04
 358200      8.53e-03      6.16e-04    1.3e-04
 358300      9.85e-03      7.11e-04    1.3e-04
 358400      9.24e-03      6.67e-04    1.3e-04
 358500      6.82e-03      4.92e-04    1.3e-04
 358600      1.52e-02      1.10e-03    1.3e-04
 358700      9.58e-03      6.91e-04    1.3e-04
 358800      1.38e-02      9.98e-04    1.3e-04
 358900      1.10e-02      7.91e-04    1.3e-04
 359000      4.63e-03      3.34e-04    1.3e-04
 359100      1.39e-02      1.00e-03    1.3e-04
 359200      1.07e-02      7.69e-04    1.3e-04
 359300      9.03e-03      6.51e-04    1.3e-04
 359400      1.22e-02      8.78e-04    1.3e-04
 359500      1.51e-02      1.09e-03    1.3e-04
 359600      1.01e-02      7.29e-04    1.3e-04
 359700      4.00e-03      2.89e-04    1.3e-04
 359800      9.14e-03      6.60e-04    1.3e-04
 359900      5.23e-03      3.78e-04    1.3e-04
 360000      8.39e-03      6.05e-04    1.3e-04
 360100      1.51e-02      1.09e-03    1.3e-04
 360200      1.07e-02      7.71e-04    1.3e-04
 360300      9.22e-03      6.66e-04    1.3e-04
 360400      6.83e-03      4.93e-04    1.3e-04
 360500      9.50e-03      6.86e-04    1.3e-04
 360600      1.14e-02      8.24e-04    1.3e-04
 360700      1.04e-02      7.53e-04    1.3e-04
 360800      1.27e-02      9.18e-04    1.3e-04
 360900      7.97e-03      5.75e-04    1.3e-04
 361000      1.02e-02      7.36e-04    1.3e-04
 361100      3.10e-03      2.24e-04    1.3e-04
 361200      4.87e-03      3.51e-04    1.3e-04
 361300      8.36e-03      6.03e-04    1.3e-04
 361400      1.54e-02      1.11e-03    1.3e-04
 361500      1.20e-02      8.67e-04    1.3e-04
 361600      1.57e-02      1.14e-03    1.3e-04
 361700      1.29e-02      9.27e-04    1.3e-04
 361800      7.62e-03      5.50e-04    1.3e-04
 361900      1.77e-02      1.28e-03    1.3e-04
 362000      7.14e-03      5.15e-04    1.3e-04
 362100      1.33e-02      9.61e-04    1.3e-04
 362200      9.03e-03      6.52e-04    1.3e-04
 362300      4.82e-03      3.48e-04    1.3e-04
 362400      1.34e-02      9.67e-04    1.3e-04
 362500      6.33e-03      4.57e-04    1.3e-04
 362600      1.38e-02      9.93e-04    1.3e-04
 362700      1.29e-02      9.28e-04    1.3e-04
 362800      1.33e-02      9.58e-04    1.3e-04
 362900      1.37e-02      9.86e-04    1.3e-04
 363000      6.36e-03      4.59e-04    1.3e-04
 363100      8.44e-03      6.09e-04    1.3e-04
 363200      8.01e-03      5.78e-04    1.3e-04
 363300      1.89e-02      1.36e-03    1.3e-04
 363400      5.64e-03      4.07e-04    1.3e-04
 363500      8.17e-03      5.90e-04    1.3e-04
 363600      8.48e-03      6.12e-04    1.3e-04
 363700      1.01e-02      7.30e-04    1.3e-04
 363800      8.39e-03      6.06e-04    1.3e-04
 363900      1.02e-02      7.38e-04    1.3e-04
 364000      9.51e-03      6.86e-04    1.3e-04
 364100      1.79e-02      1.29e-03    1.3e-04
 364200      8.02e-03      5.79e-04    1.3e-04
 364300      7.86e-03      5.68e-04    1.3e-04
 364400      5.96e-03      4.30e-04    1.3e-04
 364500      1.70e-02      1.22e-03    1.3e-04
 364600      1.00e-02      7.23e-04    1.3e-04
 364700      9.10e-03      6.57e-04    1.3e-04
 364800      1.25e-02      9.03e-04    1.3e-04
 364900      8.18e-03      5.90e-04    1.3e-04
 365000      1.28e-02      9.24e-04    1.2e-04
 365100      7.54e-03      5.44e-04    1.2e-04
 365200      9.17e-03      6.62e-04    1.2e-04
 365300      1.34e-02      9.69e-04    1.2e-04
 365400      1.32e-02      9.56e-04    1.2e-04
 365500      4.32e-03      3.12e-04    1.2e-04
 365600      4.48e-03      3.24e-04    1.2e-04
 365700      1.27e-02      9.15e-04    1.2e-04
 365800      9.06e-03      6.54e-04    1.2e-04
 365900      5.62e-03      4.06e-04    1.2e-04
 366000      1.39e-02      1.00e-03    1.2e-04
 366100      5.79e-03      4.18e-04    1.2e-04
 366200      1.02e-02      7.39e-04    1.2e-04
 366300      4.51e-03      3.25e-04    1.2e-04
 366400      5.42e-03      3.91e-04    1.2e-04
 366500      2.66e-02      1.92e-03    1.2e-04
 366600      9.86e-03      7.11e-04    1.2e-04
 366700      5.37e-03      3.88e-04    1.2e-04
 366800      7.80e-03      5.63e-04    1.2e-04
 366900      1.24e-02      8.91e-04    1.2e-04
 367000      1.09e-02      7.84e-04    1.2e-04
 367100      1.25e-02      9.00e-04    1.2e-04
 367200      1.20e-02      8.65e-04    1.2e-04
 367300      1.15e-02      8.32e-04    1.2e-04
 367400      1.18e-02      8.55e-04    1.2e-04
 367500      6.37e-03      4.60e-04    1.2e-04
 367600      1.13e-02      8.15e-04    1.2e-04
 367700      5.27e-03      3.80e-04    1.2e-04
 367800      1.46e-02      1.05e-03    1.2e-04
 367900      1.25e-02      9.01e-04    1.2e-04
 368000      1.60e-02      1.15e-03    1.2e-04
 368100      7.85e-03      5.67e-04    1.2e-04
 368200      9.60e-03      6.93e-04    1.2e-04
 368300      1.06e-02      7.65e-04    1.2e-04
 368400      3.53e-03      2.55e-04    1.2e-04
 368500      9.18e-03      6.63e-04    1.2e-04
 368600      1.37e-02      9.90e-04    1.2e-04
 368700      7.33e-03      5.29e-04    1.2e-04
 368800      7.18e-03      5.18e-04    1.2e-04
 368900      9.29e-03      6.70e-04    1.2e-04
 369000      9.73e-03      7.02e-04    1.2e-04
 369100      7.10e-03      5.13e-04    1.2e-04
 369200      1.06e-02      7.65e-04    1.2e-04
 369300      1.02e-02      7.36e-04    1.2e-04
 369400      4.19e-03      3.02e-04    1.2e-04
 369500      1.02e-02      7.39e-04    1.2e-04
 369600      1.29e-02      9.33e-04    1.2e-04
 369700      1.47e-02      1.06e-03    1.2e-04
 369800      6.36e-03      4.59e-04    1.2e-04
 369900      1.07e-02      7.73e-04    1.2e-04
 370000      6.10e-03      4.40e-04    1.2e-04
 370100      7.90e-03      5.70e-04    1.2e-04
 370200      1.10e-02      7.92e-04    1.2e-04
 370300      8.72e-03      6.29e-04    1.2e-04
 370400      9.33e-03      6.73e-04    1.2e-04
 370500      8.99e-03      6.49e-04    1.2e-04
 370600      6.07e-03      4.38e-04    1.2e-04
 370700      9.82e-03      7.09e-04    1.2e-04
 370800      9.21e-03      6.65e-04    1.2e-04
 370900      1.50e-02      1.09e-03    1.2e-04
 371000      5.04e-03      3.64e-04    1.2e-04
 371100      1.23e-02      8.87e-04    1.2e-04
 371200      1.69e-02      1.22e-03    1.2e-04
 371300      4.57e-03      3.30e-04    1.2e-04
 371400      5.89e-03      4.25e-04    1.2e-04
 371500      6.43e-03      4.64e-04    1.2e-04
 371600      8.14e-03      5.88e-04    1.2e-04
 371700      7.98e-03      5.76e-04    1.2e-04
 371800      1.11e-02      7.98e-04    1.2e-04
 371900      3.63e-03      2.62e-04    1.2e-04
 372000      4.41e-03      3.18e-04    1.2e-04
 372100      1.04e-02      7.54e-04    1.2e-04
 372200      1.13e-02      8.15e-04    1.2e-04
 372300      7.98e-03      5.76e-04    1.2e-04
 372400      1.09e-02      7.85e-04    1.2e-04
 372500      5.61e-03      4.05e-04    1.2e-04
 372600      5.31e-03      3.83e-04    1.2e-04
 372700      7.89e-03      5.69e-04    1.2e-04
 372800      8.07e-03      5.82e-04    1.2e-04
 372900      4.70e-03      3.39e-04    1.2e-04
 373000      7.05e-03      5.09e-04    1.2e-04
 373100      5.14e-03      3.71e-04    1.2e-04
 373200      7.62e-03      5.50e-04    1.2e-04
 373300      4.17e-03      3.01e-04    1.2e-04
 373400      1.51e-02      1.09e-03    1.2e-04
 373500      6.04e-03      4.36e-04    1.2e-04
 373600      7.10e-03      5.12e-04    1.2e-04
 373700      6.49e-03      4.68e-04    1.2e-04
 373800      7.94e-03      5.73e-04    1.2e-04
 373900      5.06e-03      3.65e-04    1.2e-04
 374000      1.12e-02      8.05e-04    1.2e-04
 374100      6.35e-03      4.58e-04    1.2e-04
 374200      1.23e-02      8.87e-04    1.2e-04
 374300      1.96e-02      1.41e-03    1.2e-04
 374400      1.68e-02      1.21e-03    1.2e-04
 374500      7.21e-03      5.21e-04    1.2e-04
 374600      1.29e-02      9.31e-04    1.2e-04
 374700      7.86e-03      5.68e-04    1.2e-04
 374800      1.13e-02      8.18e-04    1.2e-04
 374900      9.75e-03      7.04e-04    1.2e-04
 375000      8.72e-03      6.29e-04    1.2e-04
 375100      8.79e-03      6.34e-04    1.2e-04
 375200      7.62e-03      5.50e-04    1.2e-04
 375300      8.19e-03      5.91e-04    1.2e-04
 375400      4.12e-03      2.97e-04    1.2e-04
 375500      9.12e-03      6.58e-04    1.2e-04
 375600      8.39e-03      6.06e-04    1.2e-04
 375700      1.24e-02      8.92e-04    1.2e-04
 375800      1.06e-02      7.67e-04    1.2e-04
 375900      6.30e-03      4.55e-04    1.2e-04
 376000      1.06e-02      7.65e-04    1.2e-04
 376100      1.13e-02      8.15e-04    1.2e-04
 376200      9.03e-03      6.52e-04    1.2e-04
 376300      8.50e-03      6.13e-04    1.2e-04
 376400      5.92e-03      4.27e-04    1.2e-04
 376500      7.94e-03      5.73e-04    1.2e-04
 376600      8.14e-03      5.88e-04    1.2e-04
 376700      8.77e-03      6.33e-04    1.2e-04
 376800      1.51e-02      1.09e-03    1.2e-04
 376900      1.08e-02      7.81e-04    1.2e-04
 377000      1.00e-02      7.24e-04    1.2e-04
 377100      7.99e-03      5.77e-04    1.2e-04
 377200      6.43e-03      4.64e-04    1.2e-04
 377300      9.26e-03      6.68e-04    1.2e-04
 377400      5.75e-03      4.15e-04    1.2e-04
 377500      9.17e-03      6.62e-04    1.2e-04
 377600      4.24e-03      3.06e-04    1.2e-04
 377700      6.71e-03      4.84e-04    1.2e-04
 377800      1.18e-02      8.52e-04    1.2e-04
 377900      1.21e-02      8.72e-04    1.2e-04
 378000      4.38e-03      3.16e-04    1.2e-04
 378100      9.66e-03      6.97e-04    1.2e-04
 378200      1.55e-02      1.12e-03    1.2e-04
 378300      1.92e-02      1.39e-03    1.2e-04
 378400      6.47e-03      4.67e-04    1.2e-04
 378500      1.20e-02      8.69e-04    1.2e-04
 378600      9.90e-03      7.14e-04    1.2e-04
 378700      6.41e-03      4.62e-04    1.2e-04
 378800      8.67e-03      6.26e-04    1.2e-04
 378900      1.30e-02      9.42e-04    1.2e-04
 379000      6.47e-03      4.67e-04    1.2e-04
 379100      8.04e-03      5.80e-04    1.2e-04
 379200      7.14e-03      5.15e-04    1.2e-04
 379300      7.22e-03      5.21e-04    1.2e-04
 379400      4.15e-03      2.99e-04    1.2e-04
 379500      7.48e-03      5.40e-04    1.2e-04
 379600      5.80e-03      4.18e-04    1.2e-04
 379700      9.37e-03      6.76e-04    1.2e-04
 379800      1.13e-02      8.13e-04    1.2e-04
 379900      1.18e-02      8.49e-04    1.2e-04
 380000      1.08e-02      7.82e-04    1.1e-04
 380100      8.84e-03      6.38e-04    1.1e-04
 380200      1.06e-02      7.68e-04    1.1e-04
 380300      6.38e-03      4.61e-04    1.1e-04
 380400      1.10e-02      7.95e-04    1.1e-04
 380500      6.82e-03      4.92e-04    1.1e-04
 380600      1.05e-02      7.59e-04    1.1e-04
 380700      5.69e-03      4.11e-04    1.1e-04
 380800      1.24e-02      8.93e-04    1.1e-04
 380900      8.43e-03      6.08e-04    1.1e-04
 381000      9.08e-03      6.56e-04    1.1e-04
 381100      5.81e-03      4.19e-04    1.1e-04
 381200      8.18e-03      5.90e-04    1.1e-04
 381300      9.19e-03      6.63e-04    1.1e-04
 381400      7.59e-03      5.48e-04    1.1e-04
 381500      5.47e-03      3.95e-04    1.1e-04
 381600      8.53e-03      6.16e-04    1.1e-04
 381700      9.35e-03      6.75e-04    1.1e-04
 381800      5.74e-03      4.14e-04    1.1e-04
 381900      8.05e-03      5.81e-04    1.1e-04
 382000      5.52e-03      3.98e-04    1.1e-04
 382100      9.55e-03      6.89e-04    1.1e-04
 382200      5.11e-03      3.69e-04    1.1e-04
 382300      1.56e-02      1.12e-03    1.1e-04
 382400      6.44e-03      4.65e-04    1.1e-04
 382500      8.08e-03      5.83e-04    1.1e-04
 382600      6.83e-03      4.93e-04    1.1e-04
 382700      7.86e-03      5.67e-04    1.1e-04
 382800      1.37e-02      9.87e-04    1.1e-04
 382900      8.81e-03      6.36e-04    1.1e-04
 383000      1.24e-02      8.98e-04    1.1e-04
 383100      1.11e-02      8.04e-04    1.1e-04
 383200      1.09e-02      7.90e-04    1.1e-04
 383300      8.71e-03      6.29e-04    1.1e-04
 383400      9.02e-03      6.51e-04    1.1e-04
 383500      8.86e-03      6.40e-04    1.1e-04
 383600      1.27e-02      9.19e-04    1.1e-04
 383700      7.28e-03      5.26e-04    1.1e-04
 383800      4.57e-03      3.30e-04    1.1e-04
 383900      9.88e-03      7.13e-04    1.1e-04
 384000      5.94e-03      4.29e-04    1.1e-04
 384100      4.10e-03      2.96e-04    1.1e-04
 384200      1.30e-02      9.35e-04    1.1e-04
 384300      4.44e-03      3.20e-04    1.1e-04
 384400      6.28e-03      4.53e-04    1.1e-04
 384500      5.43e-03      3.92e-04    1.1e-04
 384600      1.23e-02      8.85e-04    1.1e-04
 384700      9.03e-03      6.52e-04    1.1e-04
 384800      1.69e-02      1.22e-03    1.1e-04
 384900      7.56e-03      5.46e-04    1.1e-04
 385000      1.15e-02      8.30e-04    1.1e-04
 385100      5.82e-03      4.20e-04    1.1e-04
 385200      4.20e-03      3.03e-04    1.1e-04
 385300      5.28e-03      3.81e-04    1.1e-04
 385400      8.42e-03      6.08e-04    1.1e-04
 385500      6.81e-03      4.92e-04    1.1e-04
 385600      6.75e-03      4.87e-04    1.1e-04
 385700      7.02e-03      5.07e-04    1.1e-04
 385800      1.07e-02      7.69e-04    1.1e-04
 385900      9.08e-03      6.55e-04    1.1e-04
 386000      7.54e-03      5.44e-04    1.1e-04
 386100      4.33e-03      3.13e-04    1.1e-04
 386200      5.51e-03      3.98e-04    1.1e-04
 386300      1.00e-02      7.24e-04    1.1e-04
 386400      8.95e-03      6.46e-04    1.1e-04
 386500      1.15e-02      8.28e-04    1.1e-04
 386600      9.33e-03      6.73e-04    1.1e-04
 386700      7.78e-03      5.61e-04    1.1e-04
 386800      5.14e-03      3.71e-04    1.1e-04
 386900      6.63e-03      4.79e-04    1.1e-04
 387000      5.44e-03      3.92e-04    1.1e-04
 387100      1.34e-02      9.70e-04    1.1e-04
 387200      2.01e-02      1.45e-03    1.1e-04
 387300      6.59e-03      4.75e-04    1.1e-04
 387400      1.05e-02      7.59e-04    1.1e-04
 387500      1.07e-02      7.74e-04    1.1e-04
 387600      6.09e-03      4.40e-04    1.1e-04
 387700      6.71e-03      4.84e-04    1.1e-04
 387800      1.33e-02      9.60e-04    1.1e-04
 387900      1.05e-02      7.57e-04    1.1e-04
 388000      1.03e-02      7.43e-04    1.1e-04
 388100      9.03e-03      6.51e-04    1.1e-04
 388200      6.52e-03      4.71e-04    1.1e-04
 388300      1.04e-02      7.48e-04    1.1e-04
 388400      1.29e-02      9.28e-04    1.1e-04
 388500      5.22e-03      3.76e-04    1.1e-04
 388600      1.51e-02      1.09e-03    1.1e-04
 388700      6.33e-03      4.57e-04    1.1e-04
 388800      8.04e-03      5.80e-04    1.1e-04
 388900      5.66e-03      4.09e-04    1.1e-04
 389000      8.01e-03      5.78e-04    1.1e-04
 389100      6.12e-03      4.42e-04    1.1e-04
 389200      8.75e-03      6.32e-04    1.1e-04
 389300      7.29e-03      5.26e-04    1.1e-04
 389400      9.16e-03      6.61e-04    1.1e-04
 389500      1.06e-02      7.63e-04    1.1e-04
 389600      1.48e-02      1.07e-03    1.1e-04
 389700      8.37e-03      6.04e-04    1.1e-04
 389800      1.08e-02      7.81e-04    1.1e-04
 389900      7.02e-03      5.07e-04    1.1e-04
 390000      4.56e-03      3.29e-04    1.1e-04
 390100      7.27e-03      5.25e-04    1.1e-04
 390200      9.20e-03      6.64e-04    1.1e-04
 390300      8.44e-03      6.09e-04    1.1e-04
 390400      7.57e-03      5.47e-04    1.1e-04
 390500      7.86e-03      5.67e-04    1.1e-04
 390600      8.52e-03      6.15e-04    1.1e-04
 390700      1.14e-02      8.25e-04    1.1e-04
 390800      5.71e-03      4.12e-04    1.1e-04
 390900      1.07e-02      7.69e-04    1.1e-04
 391000      8.08e-03      5.83e-04    1.1e-04
 391100      7.12e-03      5.14e-04    1.1e-04
 391200      1.16e-02      8.40e-04    1.1e-04
 391300      6.05e-03      4.36e-04    1.1e-04
 391400      8.96e-03      6.46e-04    1.1e-04
 391500      1.03e-02      7.43e-04    1.1e-04
 391600      1.03e-02      7.44e-04    1.1e-04
 391700      8.58e-03      6.19e-04    1.1e-04
 391800      6.46e-03      4.66e-04    1.1e-04
 391900      7.17e-03      5.17e-04    1.1e-04
 392000      6.46e-03      4.66e-04    1.1e-04
 392100      1.34e-02      9.65e-04    1.1e-04
 392200      1.02e-02      7.36e-04    1.1e-04
 392300      9.52e-03      6.87e-04    1.1e-04
 392400      6.25e-03      4.51e-04    1.1e-04
 392500      7.32e-03      5.28e-04    1.1e-04
 392600      7.35e-03      5.30e-04    1.1e-04
 392700      4.91e-03      3.54e-04    1.1e-04
 392800      5.67e-03      4.09e-04    1.1e-04
 392900      7.87e-03      5.68e-04    1.1e-04
 393000      8.38e-03      6.05e-04    1.1e-04
 393100      5.77e-03      4.16e-04    1.1e-04
 393200      6.50e-03      4.69e-04    1.1e-04
 393300      9.83e-03      7.09e-04    1.1e-04
 393400      6.84e-03      4.93e-04    1.1e-04
 393500      6.56e-03      4.73e-04    1.1e-04
 393600      9.78e-03      7.06e-04    1.1e-04
 393700      6.11e-03      4.41e-04    1.1e-04
 393800      3.49e-03      2.52e-04    1.1e-04
 393900      6.92e-03      4.99e-04    1.1e-04
 394000      5.48e-03      3.95e-04    1.1e-04
 394100      9.34e-03      6.74e-04    1.1e-04
 394200      1.38e-02      9.92e-04    1.1e-04
 394300      6.97e-03      5.03e-04    1.1e-04
 394400      6.21e-03      4.48e-04    1.1e-04
 394500      1.20e-02      8.69e-04    1.1e-04
 394600      5.12e-03      3.70e-04    1.1e-04
 394700      4.86e-03      3.51e-04    1.1e-04
 394800      1.21e-02      8.72e-04    1.1e-04
 394900      6.21e-03      4.48e-04    1.1e-04
 395000      8.28e-03      5.97e-04    1.0e-04
 395100      6.02e-03      4.35e-04    1.0e-04
 395200      6.18e-03      4.46e-04    1.0e-04
 395300      5.16e-03      3.72e-04    1.0e-04
 395400      6.50e-03      4.69e-04    1.0e-04
 395500      6.21e-03      4.48e-04    1.0e-04
 395600      1.19e-02      8.62e-04    1.0e-04
 395700      7.05e-03      5.09e-04    1.0e-04
 395800      2.26e-02      1.63e-03    1.0e-04
 395900      7.28e-03      5.26e-04    1.0e-04
 396000      9.53e-03      6.88e-04    1.0e-04
 396100      8.14e-03      5.88e-04    1.0e-04
 396200      1.00e-02      7.24e-04    1.0e-04
 396300      8.58e-03      6.19e-04    1.0e-04
 396400      6.99e-03      5.05e-04    1.0e-04
 396500      7.86e-03      5.67e-04    1.0e-04
 396600      5.68e-03      4.10e-04    1.0e-04
 396700      7.19e-03      5.19e-04    1.0e-04
 396800      3.06e-03      2.21e-04    1.0e-04
 396900      4.89e-03      3.53e-04    1.0e-04
 397000      8.12e-03      5.86e-04    1.0e-04
 397100      9.30e-03      6.71e-04    1.0e-04
 397200      7.19e-03      5.19e-04    1.0e-04
 397300      6.86e-03      4.95e-04    1.0e-04
 397400      5.57e-03      4.02e-04    1.0e-04
 397500      1.16e-02      8.38e-04    1.0e-04
 397600      1.24e-02      8.97e-04    1.0e-04
 397700      1.12e-02      8.07e-04    1.0e-04
 397800      6.66e-03      4.80e-04    1.0e-04
 397900      4.53e-03      3.27e-04    1.0e-04
 398000      7.33e-04      5.29e-05    1.0e-04
 398100      4.60e-03      3.32e-04    1.0e-04
 398200      8.04e-03      5.80e-04    1.0e-04
 398300      8.48e-03      6.12e-04    1.0e-04
 398400      5.13e-03      3.70e-04    1.0e-04
 398500      7.28e-03      5.25e-04    1.0e-04
 398600      1.02e-02      7.38e-04    1.0e-04
 398700      8.65e-03      6.24e-04    1.0e-04
 398800      6.86e-03      4.95e-04    1.0e-04
 398900      6.62e-03      4.78e-04    1.0e-04
 399000      9.21e-03      6.64e-04    1.0e-04
 399100      4.49e-03      3.24e-04    1.0e-04
 399200      5.17e-03      3.73e-04    1.0e-04
 399300      8.03e-03      5.80e-04    1.0e-04
 399400      7.77e-03      5.61e-04    1.0e-04
 399500      8.88e-03      6.41e-04    1.0e-04
 399600      1.01e-02      7.29e-04    1.0e-04
 399700      7.92e-03      5.71e-04    1.0e-04
 399800      5.73e-03      4.14e-04    1.0e-04
 399900      2.60e-03      1.88e-04    1.0e-04
 400000      4.37e-03      3.15e-04    1.0e-04
 400100      4.47e-03      3.23e-04    1.0e-04
 400200      6.29e-03      4.54e-04    1.0e-04
 400300      6.06e-03      4.37e-04    1.0e-04
 400400      2.42e-03      1.75e-04    1.0e-04
 400500      4.85e-03      3.50e-04    1.0e-04
 400600      5.79e-03      4.18e-04    1.0e-04
 400700      1.31e-02      9.47e-04    1.0e-04
 400800      5.95e-03      4.29e-04    1.0e-04
 400900      7.22e-03      5.21e-04    1.0e-04
 401000      9.78e-03      7.06e-04    1.0e-04
 401100      6.96e-03      5.02e-04    1.0e-04
 401200      8.62e-03      6.22e-04    1.0e-04
 401300      1.06e-02      7.65e-04    1.0e-04
 401400      6.15e-03      4.44e-04    1.0e-04
 401500      5.21e-03      3.76e-04    1.0e-04
 401600      4.56e-03      3.29e-04    1.0e-04
 401700      5.92e-03      4.27e-04    1.0e-04
 401800      7.72e-03      5.57e-04    1.0e-04
 401900      8.35e-03      6.02e-04    1.0e-04
 402000      8.03e-03      5.80e-04    1.0e-04
 402100      7.80e-03      5.63e-04    1.0e-04
 402200      7.83e-03      5.65e-04    1.0e-04
 402300      9.05e-03      6.53e-04    1.0e-04
 402400      7.14e-03      5.15e-04    1.0e-04
 402500      4.67e-03      3.37e-04    1.0e-04
 402600      6.58e-03      4.75e-04    1.0e-04
 402700      1.26e-02      9.09e-04    1.0e-04
 402800      8.23e-03      5.94e-04    1.0e-04
 402900      1.09e-02      7.89e-04    1.0e-04
 403000      1.15e-02      8.27e-04    1.0e-04
 403100      7.50e-03      5.41e-04    1.0e-04
 403200      7.58e-03      5.47e-04    1.0e-04
 403300      7.32e-03      5.29e-04    1.0e-04
 403400      4.55e-03      3.28e-04    1.0e-04
 403500      6.41e-03      4.63e-04    1.0e-04
 403600      3.77e-03      2.72e-04    1.0e-04
 403700      7.82e-03      5.64e-04    1.0e-04
 403800      5.56e-03      4.01e-04    1.0e-04
 403900      8.85e-03      6.39e-04    1.0e-04
 404000      5.90e-03      4.26e-04    1.0e-04
 404100      5.19e-03      3.74e-04    1.0e-04
 404200      5.89e-03      4.25e-04    1.0e-04
 404300      4.82e-03      3.48e-04    1.0e-04
 404400      1.06e-02      7.63e-04    1.0e-04
 404500      5.29e-03      3.82e-04    1.0e-04
 404600      7.52e-03      5.43e-04    1.0e-04
 404700      2.91e-03      2.10e-04    1.0e-04
 404800      9.69e-03      6.99e-04    1.0e-04
 404900      1.05e-02      7.55e-04    1.0e-04
 405000      1.02e-02      7.35e-04    9.7e-05
 405100      6.67e-03      4.81e-04    9.7e-05
 405200      7.21e-03      5.20e-04    9.7e-05
 405300      4.75e-03      3.43e-04    9.7e-05
 405400      9.60e-03      6.93e-04    9.7e-05
 405500      9.80e-03      7.07e-04    9.7e-05
 405600      6.70e-03      4.83e-04    9.7e-05
 405700      6.18e-03      4.46e-04    9.7e-05
 405800      9.52e-03      6.87e-04    9.7e-05
 405900      1.07e-02      7.72e-04    9.7e-05
 406000      4.57e-03      3.30e-04    9.7e-05
 406100      5.26e-03      3.80e-04    9.7e-05
 406200      9.64e-03      6.95e-04    9.7e-05
 406300      1.03e-02      7.44e-04    9.7e-05
 406400      3.61e-03      2.60e-04    9.7e-05
 406500      1.02e-02      7.34e-04    9.7e-05
 406600      4.46e-03      3.22e-04    9.7e-05
 406700      8.87e-03      6.40e-04    9.7e-05
 406800      6.04e-03      4.36e-04    9.7e-05
 406900      7.30e-03      5.26e-04    9.7e-05
 407000      6.80e-03      4.91e-04    9.7e-05
 407100      6.41e-03      4.62e-04    9.7e-05
 407200      4.49e-03      3.24e-04    9.7e-05
 407300      5.16e-03      3.72e-04    9.7e-05
 407400      8.54e-03      6.16e-04    9.7e-05
 407500      1.08e-02      7.78e-04    9.7e-05
 407600      1.06e-02      7.65e-04    9.7e-05
 407700      6.82e-03      4.92e-04    9.7e-05
 407800      1.09e-02      7.85e-04    9.7e-05
 407900      9.59e-03      6.92e-04    9.7e-05
 408000      5.04e-03      3.64e-04    9.7e-05
 408100      6.44e-03      4.65e-04    9.7e-05
 408200      1.03e-02      7.40e-04    9.7e-05
 408300      3.27e-03      2.36e-04    9.7e-05
 408400      5.51e-03      3.98e-04    9.7e-05
 408500      1.13e-02      8.17e-04    9.7e-05
 408600      4.38e-03      3.16e-04    9.7e-05
 408700      5.14e-03      3.71e-04    9.7e-05
 408800      6.18e-03      4.46e-04    9.7e-05
 408900      9.95e-03      7.18e-04    9.7e-05
 409000      5.37e-03      3.88e-04    9.7e-05
 409100      1.20e-02      8.69e-04    9.7e-05
 409200      6.89e-03      4.97e-04    9.7e-05
 409300      1.49e-02      1.08e-03    9.7e-05
 409400      6.95e-03      5.02e-04    9.7e-05
 409500      6.96e-03      5.02e-04    9.7e-05
 409600      1.29e-02      9.29e-04    9.7e-05
 409700      5.53e-03      3.99e-04    9.7e-05
 409800      6.66e-03      4.81e-04    9.7e-05
 409900      8.92e-03      6.44e-04    9.7e-05
 410000      6.75e-03      4.87e-04    9.4e-05
 410100      3.86e-03      2.79e-04    9.4e-05
 410200      3.59e-03      2.59e-04    9.4e-05
 410300      8.87e-03      6.40e-04    9.4e-05
 410400      6.85e-03      4.94e-04    9.4e-05
 410500      9.26e-03      6.68e-04    9.4e-05
 410600      9.21e-03      6.65e-04    9.4e-05
 410700      7.01e-03      5.06e-04    9.4e-05
 410800      4.84e-03      3.49e-04    9.4e-05
 410900      3.50e-03      2.53e-04    9.4e-05
 411000      1.13e-02      8.17e-04    9.4e-05
 411100      1.25e-02      9.01e-04    9.4e-05
 411200      1.34e-02      9.66e-04    9.4e-05
 411300      5.32e-03      3.84e-04    9.4e-05
 411400      1.10e-02      7.93e-04    9.4e-05
 411500      8.60e-03      6.21e-04    9.4e-05
 411600      1.08e-02      7.81e-04    9.4e-05
 411700      8.73e-03      6.30e-04    9.4e-05
 411800      7.78e-03      5.62e-04    9.4e-05
 411900      9.12e-03      6.58e-04    9.4e-05
 412000      1.24e-02      8.96e-04    9.4e-05
 412100      1.15e-02      8.30e-04    9.4e-05
 412200      3.32e-03      2.39e-04    9.4e-05
 412300      1.18e-02      8.55e-04    9.4e-05
 412400      1.06e-02      7.63e-04    9.4e-05
 412500      6.79e-03      4.90e-04    9.4e-05
 412600      5.10e-03      3.68e-04    9.4e-05
 412700      1.03e-02      7.40e-04    9.4e-05
 412800      2.34e-03      1.69e-04    9.4e-05
 412900      8.93e-03      6.44e-04    9.4e-05
 413000      4.75e-03      3.43e-04    9.4e-05
 413100      6.11e-03      4.41e-04    9.4e-05
 413200      3.92e-03      2.83e-04    9.4e-05
 413300      7.25e-03      5.23e-04    9.4e-05
 413400      4.26e-03      3.08e-04    9.4e-05
 413500      7.94e-03      5.73e-04    9.4e-05
 413600      8.95e-03      6.46e-04    9.4e-05
 413700      2.55e-03      1.84e-04    9.4e-05
 413800      5.22e-03      3.77e-04    9.4e-05
 413900      1.14e-02      8.24e-04    9.4e-05
 414000      8.08e-03      5.83e-04    9.4e-05
 414100      8.11e-03      5.85e-04    9.4e-05
 414200      3.55e-03      2.56e-04    9.4e-05
 414300      6.76e-03      4.88e-04    9.4e-05
 414400      5.57e-03      4.02e-04    9.4e-05
 414500      8.14e-03      5.87e-04    9.4e-05
 414600      5.29e-03      3.81e-04    9.4e-05
 414700      3.70e-03      2.67e-04    9.4e-05
 414800      6.57e-03      4.74e-04    9.4e-05
 414900      6.45e-03      4.65e-04    9.4e-05
 415000      8.19e-03      5.91e-04    9.2e-05
 415100      8.45e-03      6.10e-04    9.2e-05
 415200      6.55e-03      4.73e-04    9.2e-05
 415300      7.34e-03      5.30e-04    9.2e-05
 415400      3.33e-03      2.41e-04    9.2e-05
 415500      4.08e-03      2.94e-04    9.2e-05
 415600      2.08e-03      1.50e-04    9.2e-05
 415700      1.12e-02      8.11e-04    9.2e-05
 415800      7.50e-03      5.41e-04    9.2e-05
 415900      3.98e-03      2.87e-04    9.2e-05
 416000      8.27e-03      5.97e-04    9.2e-05
 416100      1.42e-02      1.02e-03    9.2e-05
 416200      1.08e-02      7.78e-04    9.2e-05
 416300      7.27e-03      5.25e-04    9.2e-05
 416400      1.03e-02      7.44e-04    9.2e-05
 416500      5.75e-03      4.15e-04    9.2e-05
 416600      8.36e-03      6.03e-04    9.2e-05
 416700      1.13e-02      8.18e-04    9.2e-05
 416800      5.56e-03      4.01e-04    9.2e-05
 416900      1.48e-02      1.07e-03    9.2e-05
 417000      6.10e-03      4.40e-04    9.2e-05
 417100      7.23e-03      5.22e-04    9.2e-05
 417200      7.09e-03      5.12e-04    9.2e-05
 417300      4.42e-03      3.19e-04    9.2e-05
 417400      6.09e-03      4.39e-04    9.2e-05
 417500      6.82e-03      4.92e-04    9.2e-05
 417600      1.06e-02      7.62e-04    9.2e-05
 417700      4.04e-03      2.92e-04    9.2e-05
 417800      4.60e-03      3.32e-04    9.2e-05
 417900      8.72e-03      6.29e-04    9.2e-05
 418000      7.83e-03      5.65e-04    9.2e-05
 418100      1.00e-02      7.25e-04    9.2e-05
 418200      7.12e-03      5.14e-04    9.2e-05
 418300      1.08e-02      7.81e-04    9.2e-05
 418400      8.56e-03      6.18e-04    9.2e-05
 418500      7.34e-03      5.29e-04    9.2e-05
 418600      6.97e-03      5.03e-04    9.2e-05
 418700      1.03e-02      7.46e-04    9.2e-05
 418800      6.94e-03      5.01e-04    9.2e-05
 418900      8.41e-03      6.07e-04    9.2e-05
 419000      5.71e-03      4.12e-04    9.2e-05
 419100      3.94e-03      2.84e-04    9.2e-05
 419200      2.58e-03      1.86e-04    9.2e-05
 419300      4.81e-03      3.47e-04    9.2e-05
 419400      3.91e-03      2.82e-04    9.2e-05
 419500      1.19e-02      8.60e-04    9.2e-05
 419600      4.41e-03      3.18e-04    9.2e-05
 419700      4.30e-03      3.10e-04    9.2e-05
 419800      4.75e-03      3.43e-04    9.2e-05
 419900      8.34e-03      6.02e-04    9.2e-05
 420000      7.50e-03      5.41e-04    8.9e-05
 420100      2.20e-03      1.59e-04    8.9e-05
 420200      6.36e-03      4.59e-04    8.9e-05
 420300      5.99e-03      4.32e-04    8.9e-05
 420400      6.51e-03      4.70e-04    8.9e-05
 420500      2.71e-03      1.95e-04    8.9e-05
 420600      2.50e-03      1.81e-04    8.9e-05
 420700      3.54e-03      2.55e-04    8.9e-05
 420800      5.66e-03      4.08e-04    8.9e-05
 420900      6.68e-03      4.82e-04    8.9e-05
 421000      5.75e-03      4.15e-04    8.9e-05
 421100      6.62e-03      4.77e-04    8.9e-05
 421200      4.63e-03      3.34e-04    8.9e-05
 421300      6.84e-03      4.94e-04    8.9e-05
 421400      7.43e-03      5.36e-04    8.9e-05
 421500      8.09e-03      5.84e-04    8.9e-05
 421600      4.51e-03      3.26e-04    8.9e-05
 421700      4.70e-03      3.39e-04    8.9e-05
 421800      4.64e-03      3.35e-04    8.9e-05
 421900      6.62e-03      4.78e-04    8.9e-05
 422000      6.93e-03      5.00e-04    8.9e-05
 422100      6.47e-03      4.67e-04    8.9e-05
 422200      8.76e-03      6.32e-04    8.9e-05
 422300      7.99e-03      5.77e-04    8.9e-05
 422400      1.20e-02      8.66e-04    8.9e-05
 422500      4.83e-03      3.48e-04    8.9e-05
 422600      8.36e-03      6.04e-04    8.9e-05
 422700      8.02e-03      5.79e-04    8.9e-05
 422800      5.16e-03      3.72e-04    8.9e-05
 422900      7.59e-03      5.48e-04    8.9e-05
 423000      6.47e-03      4.67e-04    8.9e-05
 423100      8.74e-03      6.31e-04    8.9e-05
 423200      6.34e-03      4.57e-04    8.9e-05
 423300      6.72e-03      4.85e-04    8.9e-05
 423400      5.29e-03      3.82e-04    8.9e-05
 423500      1.69e-02      1.22e-03    8.9e-05
 423600      5.82e-03      4.20e-04    8.9e-05
 423700      8.24e-03      5.95e-04    8.9e-05
 423800      7.20e-03      5.20e-04    8.9e-05
 423900      2.23e-03      1.61e-04    8.9e-05
 424000      2.08e-03      1.50e-04    8.9e-05
 424100      7.38e-03      5.32e-04    8.9e-05
 424200      1.01e-02      7.28e-04    8.9e-05
 424300      8.94e-03      6.45e-04    8.9e-05
 424400      4.09e-03      2.96e-04    8.9e-05
 424500      4.39e-03      3.17e-04    8.9e-05
 424600      8.14e-03      5.87e-04    8.9e-05
 424700      1.37e-02      9.88e-04    8.9e-05
 424800      6.71e-03      4.84e-04    8.9e-05
 424900      7.45e-03      5.38e-04    8.9e-05
 425000      3.23e-03      2.33e-04    8.7e-05
 425100      3.16e-03      2.28e-04    8.7e-05
 425200      6.76e-03      4.88e-04    8.7e-05
 425300      3.97e-03      2.87e-04    8.7e-05
 425400      4.21e-03      3.04e-04    8.7e-05
 425500      6.18e-03      4.46e-04    8.7e-05
 425600      5.25e-03      3.79e-04    8.7e-05
 425700      8.25e-03      5.96e-04    8.7e-05
 425800      5.84e-03      4.22e-04    8.7e-05
 425900      4.55e-03      3.28e-04    8.7e-05
 426000      3.18e-03      2.30e-04    8.7e-05
 426100      6.07e-03      4.38e-04    8.7e-05
 426200      5.93e-03      4.28e-04    8.7e-05
 426300      3.38e-03      2.44e-04    8.7e-05
 426400      4.59e-03      3.31e-04    8.7e-05
 426500      1.01e-02      7.27e-04    8.7e-05
 426600      3.96e-03      2.86e-04    8.7e-05
 426700      6.72e-03      4.85e-04    8.7e-05
 426800      7.95e-03      5.74e-04    8.7e-05
 426900      7.26e-03      5.24e-04    8.7e-05
 427000      7.66e-03      5.52e-04    8.7e-05
 427100      4.32e-03      3.12e-04    8.7e-05
 427200      9.28e-03      6.70e-04    8.7e-05
 427300      4.67e-03      3.37e-04    8.7e-05
 427400      8.53e-03      6.16e-04    8.7e-05
 427500      7.54e-03      5.44e-04    8.7e-05
 427600      7.56e-03      5.46e-04    8.7e-05
 427700      5.71e-03      4.12e-04    8.7e-05
 427800      5.08e-03      3.67e-04    8.7e-05
 427900      4.22e-03      3.05e-04    8.7e-05
 428000      6.14e-03      4.43e-04    8.7e-05
 428100      5.80e-03      4.19e-04    8.7e-05
 428200      4.44e-03      3.20e-04    8.7e-05
 428300      4.99e-03      3.60e-04    8.7e-05
 428400      3.27e-03      2.36e-04    8.7e-05
 428500      6.61e-03      4.77e-04    8.7e-05
 428600      1.65e-02      1.19e-03    8.7e-05
 428700      7.30e-03      5.27e-04    8.7e-05
 428800      6.54e-03      4.72e-04    8.7e-05
 428900      7.56e-03      5.46e-04    8.7e-05
 429000      6.99e-03      5.04e-04    8.7e-05
 429100      9.28e-03      6.70e-04    8.7e-05
 429200      3.13e-03      2.26e-04    8.7e-05
 429300      7.12e-03      5.14e-04    8.7e-05
 429400      4.03e-03      2.91e-04    8.7e-05
 429500      5.49e-03      3.97e-04    8.7e-05
 429600      6.74e-03      4.86e-04    8.7e-05
 429700      4.44e-03      3.20e-04    8.7e-05
 429800      5.69e-03      4.11e-04    8.7e-05
 429900      6.96e-03      5.02e-04    8.7e-05
 430000      8.66e-03      6.25e-04    8.4e-05
 430100      5.88e-03      4.24e-04    8.4e-05
 430200      6.09e-03      4.40e-04    8.4e-05
 430300      4.85e-03      3.50e-04    8.4e-05
 430400      4.20e-03      3.03e-04    8.4e-05
 430500      6.21e-03      4.48e-04    8.4e-05
 430600      3.92e-03      2.83e-04    8.4e-05
 430700      6.77e-03      4.88e-04    8.4e-05
 430800      4.65e-03      3.36e-04    8.4e-05
 430900      7.13e-03      5.15e-04    8.4e-05
 431000      5.40e-03      3.90e-04    8.4e-05
 431100      7.67e-03      5.54e-04    8.4e-05
 431200      4.96e-03      3.58e-04    8.4e-05
 431300      4.59e-03      3.32e-04    8.4e-05
 431400      6.26e-03      4.52e-04    8.4e-05
 431500      8.20e-03      5.91e-04    8.4e-05
 431600      4.07e-03      2.94e-04    8.4e-05
 431700      6.67e-03      4.81e-04    8.4e-05
 431800      6.36e-03      4.59e-04    8.4e-05
 431900      6.93e-03      5.00e-04    8.4e-05
 432000      5.69e-03      4.10e-04    8.4e-05
 432100      1.72e-03      1.24e-04    8.4e-05
 432200      2.24e-03      1.62e-04    8.4e-05
 432300      6.22e-03      4.49e-04    8.4e-05
 432400      1.10e-02      7.95e-04    8.4e-05
 432500      3.91e-03      2.83e-04    8.4e-05
 432600      2.54e-03      1.83e-04    8.4e-05
 432700      3.46e-03      2.49e-04    8.4e-05
 432800      6.15e-03      4.44e-04    8.4e-05
 432900      1.12e-02      8.10e-04    8.4e-05
 433000      3.46e-03      2.49e-04    8.4e-05
 433100      6.70e-03      4.83e-04    8.4e-05
 433200      5.23e-03      3.77e-04    8.4e-05
 433300      4.62e-03      3.33e-04    8.4e-05
 433400      5.80e-03      4.18e-04    8.4e-05
 433500      8.18e-03      5.90e-04    8.4e-05
 433600      6.55e-03      4.73e-04    8.4e-05
 433700      5.60e-03      4.04e-04    8.4e-05
 433800      7.82e-03      5.65e-04    8.4e-05
 433900      5.89e-03      4.25e-04    8.4e-05
 434000      4.36e-03      3.15e-04    8.4e-05
 434100      6.60e-03      4.76e-04    8.4e-05
 434200      4.80e-03      3.46e-04    8.4e-05
 434300      6.94e-03      5.01e-04    8.4e-05
 434400      4.23e-03      3.05e-04    8.4e-05
 434500      5.76e-03      4.16e-04    8.4e-05
 434600      4.99e-03      3.60e-04    8.4e-05
 434700      3.95e-03      2.85e-04    8.4e-05
 434800      3.32e-03      2.39e-04    8.4e-05
 434900      4.66e-03      3.36e-04    8.4e-05
 435000      5.13e-03      3.70e-04    8.2e-05
 435100      5.25e-03      3.79e-04    8.2e-05
 435200      4.47e-03      3.23e-04    8.2e-05
 435300      9.01e-03      6.50e-04    8.2e-05
 435400      8.10e-03      5.85e-04    8.2e-05
 435500      1.75e-02      1.26e-03    8.2e-05
 435600      6.76e-03      4.88e-04    8.2e-05
 435700      7.62e-03      5.50e-04    8.2e-05
 435800      4.68e-03      3.38e-04    8.2e-05
 435900      2.45e-03      1.77e-04    8.2e-05
 436000      4.81e-03      3.47e-04    8.2e-05
 436100      6.27e-03      4.53e-04    8.2e-05
 436200      3.94e-03      2.84e-04    8.2e-05
 436300      5.73e-03      4.13e-04    8.2e-05
 436400      8.53e-03      6.16e-04    8.2e-05
 436500      2.19e-03      1.58e-04    8.2e-05
 436600      5.06e-03      3.65e-04    8.2e-05
 436700      5.32e-03      3.84e-04    8.2e-05
 436800      3.44e-03      2.48e-04    8.2e-05
 436900      1.08e-02      7.76e-04    8.2e-05
 437000      9.86e-03      7.11e-04    8.2e-05
 437100      3.64e-03      2.63e-04    8.2e-05
 437200      4.81e-03      3.47e-04    8.2e-05
 437300      6.75e-03      4.87e-04    8.2e-05
 437400      7.08e-03      5.11e-04    8.2e-05
 437500      1.14e-02      8.23e-04    8.2e-05
 437600      5.88e-03      4.24e-04    8.2e-05
 437700      6.82e-03      4.93e-04    8.2e-05
 437800      6.63e-03      4.78e-04    8.2e-05
 437900      2.44e-03      1.76e-04    8.2e-05
 438000      5.43e-03      3.92e-04    8.2e-05
 438100      6.28e-03      4.53e-04    8.2e-05
 438200      5.98e-03      4.32e-04    8.2e-05
 438300      5.01e-03      3.62e-04    8.2e-05
 438400      3.99e-03      2.88e-04    8.2e-05
 438500      4.38e-03      3.16e-04    8.2e-05
 438600      8.90e-03      6.43e-04    8.2e-05
 438700      4.50e-03      3.25e-04    8.2e-05
 438800      5.99e-03      4.32e-04    8.2e-05
 438900      6.75e-03      4.87e-04    8.2e-05
 439000      5.64e-03      4.07e-04    8.2e-05
 439100      7.09e-03      5.12e-04    8.2e-05
 439200      5.09e-03      3.68e-04    8.2e-05
 439300      6.62e-03      4.78e-04    8.2e-05
 439400      3.96e-03      2.86e-04    8.2e-05
 439500      2.96e-03      2.14e-04    8.2e-05
 439600      4.82e-03      3.48e-04    8.2e-05
 439700      7.71e-03      5.57e-04    8.2e-05
 439800      3.96e-03      2.86e-04    8.2e-05
 439900      5.33e-03      3.85e-04    8.2e-05
 440000      8.00e-03      5.77e-04    7.9e-05
 440100      3.53e-03      2.54e-04    7.9e-05
 440200      4.45e-03      3.21e-04    7.9e-05
 440300      3.07e-03      2.21e-04    7.9e-05
 440400      2.88e-03      2.08e-04    7.9e-05
 440500      4.47e-03      3.23e-04    7.9e-05
 440600      4.64e-03      3.35e-04    7.9e-05
 440700      5.19e-03      3.75e-04    7.9e-05
 440800      3.03e-03      2.19e-04    7.9e-05
 440900      4.20e-03      3.03e-04    7.9e-05
 441000      5.52e-03      3.98e-04    7.9e-05
 441100      4.13e-03      2.98e-04    7.9e-05
 441200      6.49e-03      4.68e-04    7.9e-05
 441300      1.15e-02      8.31e-04    7.9e-05
 441400      4.86e-03      3.50e-04    7.9e-05
 441500      5.08e-03      3.67e-04    7.9e-05
 441600      4.97e-03      3.58e-04    7.9e-05
 441700      9.60e-03      6.93e-04    7.9e-05
 441800      3.99e-03      2.88e-04    7.9e-05
 441900      6.42e-03      4.64e-04    7.9e-05
 442000      5.23e-03      3.77e-04    7.9e-05
 442100      5.09e-03      3.67e-04    7.9e-05
 442200      5.48e-03      3.96e-04    7.9e-05
 442300      7.22e-03      5.21e-04    7.9e-05
 442400      3.30e-03      2.38e-04    7.9e-05
 442500      8.47e-03      6.11e-04    7.9e-05
 442600      1.20e-02      8.70e-04    7.9e-05
 442700      8.42e-03      6.08e-04    7.9e-05
 442800      5.14e-03      3.71e-04    7.9e-05
 442900      7.41e-03      5.35e-04    7.9e-05
 443000      2.37e-03      1.71e-04    7.9e-05
 443100      3.81e-03      2.75e-04    7.9e-05
 443200      2.20e-03      1.59e-04    7.9e-05
 443300      5.76e-03      4.16e-04    7.9e-05
 443400      9.54e-03      6.88e-04    7.9e-05
 443500      5.13e-03      3.70e-04    7.9e-05
 443600      4.54e-03      3.27e-04    7.9e-05
 443700      4.25e-03      3.07e-04    7.9e-05
 443800      3.25e-03      2.35e-04    7.9e-05
 443900      9.44e-03      6.82e-04    7.9e-05
 444000      5.33e-03      3.85e-04    7.9e-05
 444100      3.38e-03      2.44e-04    7.9e-05
 444200      3.50e-03      2.53e-04    7.9e-05
 444300      4.42e-03      3.19e-04    7.9e-05
 444400      8.59e-03      6.20e-04    7.9e-05
 444500      6.19e-03      4.46e-04    7.9e-05
 444600      5.06e-03      3.65e-04    7.9e-05
 444700      3.30e-03      2.38e-04    7.9e-05
 444800      1.45e-02      1.04e-03    7.9e-05
 444900      4.46e-03      3.22e-04    7.9e-05
 445000      6.50e-03      4.69e-04    7.7e-05
 445100      5.54e-03      4.00e-04    7.7e-05
 445200      8.48e-03      6.12e-04    7.7e-05
 445300      5.34e-03      3.85e-04    7.7e-05
 445400      3.76e-03      2.72e-04    7.7e-05
 445500      1.04e-02      7.48e-04    7.7e-05
 445600      5.67e-03      4.10e-04    7.7e-05
 445700      5.96e-03      4.30e-04    7.7e-05
 445800      4.50e-03      3.25e-04    7.7e-05
 445900      3.63e-03      2.62e-04    7.7e-05
 446000      4.88e-03      3.52e-04    7.7e-05
 446100      4.72e-03      3.40e-04    7.7e-05
 446200      6.12e-03      4.42e-04    7.7e-05
 446300      5.81e-03      4.20e-04    7.7e-05
 446400      3.18e-03      2.29e-04    7.7e-05
 446500      7.09e-03      5.12e-04    7.7e-05
 446600      4.48e-03      3.23e-04    7.7e-05
 446700      6.78e-03      4.90e-04    7.7e-05
 446800      4.38e-03      3.16e-04    7.7e-05
 446900      4.29e-03      3.09e-04    7.7e-05
 447000      5.19e-03      3.75e-04    7.7e-05
 447100      5.13e-03      3.70e-04    7.7e-05
 447200      3.62e-03      2.61e-04    7.7e-05
 447300      3.94e-03      2.85e-04    7.7e-05
 447400      5.16e-03      3.72e-04    7.7e-05
 447500      3.55e-03      2.57e-04    7.7e-05
 447600      6.74e-03      4.87e-04    7.7e-05
 447700      5.61e-03      4.05e-04    7.7e-05
 447800      4.19e-03      3.02e-04    7.7e-05
 447900      3.44e-03      2.48e-04    7.7e-05
 448000      4.98e-03      3.59e-04    7.7e-05
 448100      4.38e-03      3.16e-04    7.7e-05
 448200      6.24e-03      4.50e-04    7.7e-05
 448300      7.49e-03      5.41e-04    7.7e-05
 448400      4.37e-03      3.15e-04    7.7e-05
 448500      3.90e-03      2.81e-04    7.7e-05
 448600      4.07e-03      2.94e-04    7.7e-05
 448700      4.42e-03      3.19e-04    7.7e-05
 448800      4.89e-03      3.53e-04    7.7e-05
 448900      3.72e-03      2.68e-04    7.7e-05
 449000      7.97e-03      5.75e-04    7.7e-05
 449100      6.24e-03      4.51e-04    7.7e-05
 449200      4.23e-03      3.05e-04    7.7e-05
 449300      4.26e-03      3.07e-04    7.7e-05
 449400      4.09e-03      2.95e-04    7.7e-05
 449500      6.12e-03      4.42e-04    7.7e-05
 449600      7.58e-03      5.47e-04    7.7e-05
 449700      4.70e-03      3.39e-04    7.7e-05
 449800      3.81e-03      2.75e-04    7.7e-05
 449900      6.81e-03      4.92e-04    7.7e-05
 450000      6.33e-03      4.57e-04    7.5e-05
 450100      2.72e-03      1.96e-04    7.5e-05
 450200      5.04e-03      3.64e-04    7.5e-05
 450300      3.39e-03      2.45e-04    7.5e-05
 450400      8.47e-03      6.11e-04    7.5e-05
 450500      4.03e-03      2.91e-04    7.5e-05
 450600      6.10e-03      4.41e-04    7.5e-05
 450700      5.67e-03      4.09e-04    7.5e-05
 450800      2.91e-03      2.10e-04    7.5e-05
 450900      5.03e-03      3.63e-04    7.5e-05
 451000      6.33e-03      4.57e-04    7.5e-05
 451100      3.83e-03      2.77e-04    7.5e-05
 451200      6.04e-03      4.36e-04    7.5e-05
 451300      7.12e-03      5.14e-04    7.5e-05
 451400      5.15e-03      3.71e-04    7.5e-05
 451500      3.77e-03      2.72e-04    7.5e-05
 451600      6.37e-03      4.60e-04    7.5e-05
 451700      6.33e-03      4.57e-04    7.5e-05
 451800      3.39e-03      2.45e-04    7.5e-05
 451900      6.09e-03      4.40e-04    7.5e-05
 452000      5.34e-03      3.86e-04    7.5e-05
 452100      5.41e-03      3.90e-04    7.5e-05
 452200      6.03e-03      4.35e-04    7.5e-05
 452300      4.42e-03      3.19e-04    7.5e-05
 452400      3.46e-03      2.50e-04    7.5e-05
 452500      1.36e-03      9.82e-05    7.5e-05
 452600      4.16e-03      3.00e-04    7.5e-05
 452700      3.43e-03      2.47e-04    7.5e-05
 452800      3.29e-03      2.37e-04    7.5e-05
 452900      4.58e-03      3.30e-04    7.5e-05
 453000      3.90e-03      2.81e-04    7.5e-05
 453100      4.04e-03      2.91e-04    7.5e-05
 453200      5.83e-03      4.21e-04    7.5e-05
 453300      4.92e-03      3.55e-04    7.5e-05
 453400      5.15e-03      3.71e-04    7.5e-05
 453500      7.30e-03      5.27e-04    7.5e-05
 453600      4.73e-03      3.42e-04    7.5e-05
 453700      1.84e-03      1.33e-04    7.5e-05
 453800      6.64e-03      4.79e-04    7.5e-05
 453900      6.05e-03      4.37e-04    7.5e-05
 454000      4.42e-03      3.19e-04    7.5e-05
 454100      3.70e-03      2.67e-04    7.5e-05
 454200      5.61e-03      4.05e-04    7.5e-05
 454300      2.56e-03      1.85e-04    7.5e-05
 454400      3.55e-03      2.56e-04    7.5e-05
 454500      4.43e-03      3.20e-04    7.5e-05
 454600      3.42e-03      2.47e-04    7.5e-05
 454700      2.84e-03      2.05e-04    7.5e-05
 454800      6.65e-03      4.80e-04    7.5e-05
 454900      7.09e-03      5.11e-04    7.5e-05
 455000      7.09e-03      5.11e-04    7.3e-05
 455100      3.67e-03      2.65e-04    7.3e-05
 455200      5.26e-03      3.80e-04    7.3e-05
 455300      4.15e-03      2.99e-04    7.3e-05
 455400      4.30e-03      3.11e-04    7.3e-05
 455500      4.42e-03      3.19e-04    7.3e-05
 455600      3.17e-03      2.29e-04    7.3e-05
 455700      4.50e-03      3.25e-04    7.3e-05
 455800      3.81e-03      2.75e-04    7.3e-05
 455900      3.92e-03      2.83e-04    7.3e-05
 456000      5.43e-03      3.92e-04    7.3e-05
 456100      6.28e-03      4.53e-04    7.3e-05
 456200      3.02e-03      2.18e-04    7.3e-05
 456300      5.66e-03      4.08e-04    7.3e-05
 456400      5.12e-03      3.69e-04    7.3e-05
 456500      3.00e-03      2.17e-04    7.3e-05
 456600      4.77e-03      3.45e-04    7.3e-05
 456700      5.19e-03      3.74e-04    7.3e-05
 456800      5.98e-03      4.32e-04    7.3e-05
 456900      4.39e-03      3.17e-04    7.3e-05
 457000      3.48e-03      2.51e-04    7.3e-05
 457100      7.77e-03      5.61e-04    7.3e-05
 457200      5.37e-03      3.87e-04    7.3e-05
 457300      6.98e-03      5.04e-04    7.3e-05
 457400      3.59e-03      2.59e-04    7.3e-05
 457500      6.26e-03      4.52e-04    7.3e-05
 457600      4.86e-03      3.51e-04    7.3e-05
 457700      5.33e-03      3.85e-04    7.3e-05
 457800      6.79e-03      4.90e-04    7.3e-05
 457900      6.18e-03      4.46e-04    7.3e-05
 458000      5.61e-03      4.05e-04    7.3e-05
 458100      6.45e-03      4.65e-04    7.3e-05
 458200      5.64e-03      4.07e-04    7.3e-05
 458300      7.79e-03      5.62e-04    7.3e-05
 458400      4.78e-03      3.45e-04    7.3e-05
 458500      4.11e-03      2.96e-04    7.3e-05
 458600      5.86e-03      4.23e-04    7.3e-05
 458700      4.16e-03      3.00e-04    7.3e-05
 458800      3.10e-03      2.24e-04    7.3e-05
 458900      8.28e-03      5.98e-04    7.3e-05
 459000      3.20e-03      2.31e-04    7.3e-05
 459100      5.68e-03      4.10e-04    7.3e-05
 459200      2.58e-03      1.86e-04    7.3e-05
 459300      6.14e-03      4.43e-04    7.3e-05
 459400      4.65e-03      3.35e-04    7.3e-05
 459500      6.14e-03      4.43e-04    7.3e-05
 459600      5.64e-03      4.07e-04    7.3e-05
 459700      4.88e-03      3.52e-04    7.3e-05
 459800      4.18e-03      3.02e-04    7.3e-05
 459900      3.19e-03      2.31e-04    7.3e-05
 460000      2.83e-03      2.04e-04    7.1e-05
 460100      4.24e-03      3.06e-04    7.1e-05
 460200      3.72e-03      2.68e-04    7.1e-05
 460300      7.26e-03      5.24e-04    7.1e-05
 460400      5.38e-03      3.89e-04    7.1e-05
 460500      1.00e-02      7.25e-04    7.1e-05
 460600      3.76e-03      2.71e-04    7.1e-05
 460700      4.75e-03      3.43e-04    7.1e-05
 460800      5.82e-03      4.20e-04    7.1e-05
 460900      4.98e-03      3.59e-04    7.1e-05
 461000      2.59e-03      1.87e-04    7.1e-05
 461100      3.76e-03      2.71e-04    7.1e-05
 461200      5.45e-03      3.94e-04    7.1e-05
 461300      4.20e-03      3.03e-04    7.1e-05
 461400      3.90e-03      2.82e-04    7.1e-05
 461500      4.11e-03      2.97e-04    7.1e-05
 461600      5.15e-03      3.72e-04    7.1e-05
 461700      5.94e-03      4.29e-04    7.1e-05
 461800      4.38e-03      3.16e-04    7.1e-05
 461900      3.48e-03      2.51e-04    7.1e-05
 462000      6.42e-03      4.63e-04    7.1e-05
 462100      6.83e-03      4.93e-04    7.1e-05
 462200      4.76e-03      3.43e-04    7.1e-05
 462300      9.47e-04      6.83e-05    7.1e-05
 462400      1.47e-02      1.06e-03    7.1e-05
 462500      4.22e-03      3.05e-04    7.1e-05
 462600      4.19e-03      3.03e-04    7.1e-05
 462700      6.77e-03      4.88e-04    7.1e-05
 462800      5.25e-03      3.79e-04    7.1e-05
 462900      3.43e-03      2.47e-04    7.1e-05
 463000      3.94e-03      2.85e-04    7.1e-05
 463100      2.98e-03      2.15e-04    7.1e-05
 463200      4.93e-03      3.56e-04    7.1e-05
 463300      3.53e-03      2.55e-04    7.1e-05
 463400      3.76e-03      2.72e-04    7.1e-05
 463500      3.57e-03      2.58e-04    7.1e-05
 463600      3.23e-03      2.33e-04    7.1e-05
 463700      2.91e-03      2.10e-04    7.1e-05
 463800      5.90e-03      4.26e-04    7.1e-05
 463900      5.38e-03      3.88e-04    7.1e-05
 464000      2.72e-03      1.96e-04    7.1e-05
 464100      9.22e-03      6.65e-04    7.1e-05
 464200      5.90e-03      4.26e-04    7.1e-05
 464300      3.92e-03      2.83e-04    7.1e-05
 464400      3.92e-03      2.83e-04    7.1e-05
 464500      4.84e-03      3.49e-04    7.1e-05
 464600      3.46e-03      2.49e-04    7.1e-05
 464700      6.59e-03      4.76e-04    7.1e-05
 464800      2.75e-03      1.99e-04    7.1e-05
 464900      5.34e-03      3.85e-04    7.1e-05
 465000      4.35e-03      3.14e-04    6.9e-05
 465100      4.90e-03      3.54e-04    6.9e-05
 465200      3.69e-03      2.66e-04    6.9e-05
 465300      7.00e-03      5.05e-04    6.9e-05
 465400      2.95e-03      2.13e-04    6.9e-05
 465500      4.11e-03      2.97e-04    6.9e-05
 465600      5.58e-03      4.03e-04    6.9e-05
 465700      5.34e-03      3.86e-04    6.9e-05
 465800      5.55e-03      4.00e-04    6.9e-05
 465900      2.70e-03      1.95e-04    6.9e-05
 466000      2.27e-03      1.64e-04    6.9e-05
 466100      6.97e-03      5.03e-04    6.9e-05
 466200      5.39e-03      3.89e-04    6.9e-05
 466300      4.91e-03      3.54e-04    6.9e-05
 466400      5.34e-03      3.86e-04    6.9e-05
 466500      4.79e-03      3.45e-04    6.9e-05
 466600      4.49e-03      3.24e-04    6.9e-05
 466700      6.51e-03      4.70e-04    6.9e-05
 466800      5.00e-03      3.61e-04    6.9e-05
 466900      7.34e-03      5.30e-04    6.9e-05
 467000      4.88e-03      3.52e-04    6.9e-05
 467100      4.79e-03      3.46e-04    6.9e-05
 467200      2.43e-03      1.76e-04    6.9e-05
 467300      3.46e-03      2.50e-04    6.9e-05
 467400      4.72e-03      3.40e-04    6.9e-05
 467500      4.73e-03      3.41e-04    6.9e-05
 467600      3.84e-03      2.77e-04    6.9e-05
 467700      6.40e-03      4.62e-04    6.9e-05
 467800      3.62e-03      2.61e-04    6.9e-05
 467900      5.59e-03      4.04e-04    6.9e-05
 468000      3.30e-03      2.38e-04    6.9e-05
 468100      3.69e-03      2.66e-04    6.9e-05
 468200      1.72e-03      1.24e-04    6.9e-05
 468300      3.47e-03      2.51e-04    6.9e-05
 468400      7.42e-03      5.35e-04    6.9e-05
 468500      9.18e-03      6.63e-04    6.9e-05
 468600      4.60e-03      3.32e-04    6.9e-05
 468700      4.53e-03      3.27e-04    6.9e-05
 468800      4.92e-03      3.55e-04    6.9e-05
 468900      5.23e-03      3.78e-04    6.9e-05
 469000      3.20e-03      2.31e-04    6.9e-05
 469100      5.61e-03      4.05e-04    6.9e-05
 469200      4.25e-03      3.07e-04    6.9e-05
 469300      2.15e-03      1.55e-04    6.9e-05
 469400      4.19e-03      3.02e-04    6.9e-05
 469500      6.55e-03      4.73e-04    6.9e-05
 469600      2.37e-03      1.71e-04    6.9e-05
 469700      6.77e-03      4.88e-04    6.9e-05
 469800      8.06e-03      5.82e-04    6.9e-05
 469900      5.57e-03      4.02e-04    6.9e-05
 470000      5.18e-03      3.74e-04    6.7e-05
 470100      3.31e-03      2.39e-04    6.7e-05
 470200      5.52e-03      3.99e-04    6.7e-05
 470300      4.01e-03      2.90e-04    6.7e-05
 470400      5.39e-03      3.89e-04    6.7e-05
 470500      4.89e-03      3.53e-04    6.7e-05
 470600      6.55e-03      4.73e-04    6.7e-05
 470700      3.78e-03      2.73e-04    6.7e-05
 470800      3.58e-03      2.58e-04    6.7e-05
 470900      6.92e-03      4.99e-04    6.7e-05
 471000      6.72e-03      4.85e-04    6.7e-05
 471100      4.50e-03      3.25e-04    6.7e-05
 471200      4.00e-03      2.88e-04    6.7e-05
 471300      2.72e-03      1.97e-04    6.7e-05
 471400      3.38e-03      2.44e-04    6.7e-05
 471500      3.76e-03      2.71e-04    6.7e-05
 471600      3.79e-03      2.73e-04    6.7e-05
 471700      2.58e-03      1.86e-04    6.7e-05
 471800      3.71e-03      2.68e-04    6.7e-05
 471900      5.40e-03      3.89e-04    6.7e-05
 472000      7.14e-03      5.15e-04    6.7e-05
 472100      5.48e-03      3.95e-04    6.7e-05
 472200      4.80e-03      3.46e-04    6.7e-05
 472300      4.38e-03      3.16e-04    6.7e-05
 472400      3.62e-03      2.62e-04    6.7e-05
 472500      3.29e-03      2.38e-04    6.7e-05
 472600      5.16e-03      3.72e-04    6.7e-05
 472700      1.97e-03      1.42e-04    6.7e-05
 472800      4.81e-03      3.47e-04    6.7e-05
 472900      6.38e-03      4.60e-04    6.7e-05
 473000      1.05e-03      7.61e-05    6.7e-05
 473100      4.92e-03      3.55e-04    6.7e-05
 473200      4.00e-03      2.88e-04    6.7e-05
 473300      5.84e-03      4.21e-04    6.7e-05
 473400      5.34e-03      3.86e-04    6.7e-05
 473500      9.40e-03      6.78e-04    6.7e-05
 473600      9.62e-03      6.95e-04    6.7e-05
 473700      5.74e-03      4.14e-04    6.7e-05
 473800      8.54e-03      6.16e-04    6.7e-05
 473900      3.72e-03      2.69e-04    6.7e-05
 474000      5.64e-03      4.07e-04    6.7e-05
 474100      5.50e-03      3.97e-04    6.7e-05
 474200      4.22e-03      3.05e-04    6.7e-05
 474300      3.55e-03      2.56e-04    6.7e-05
 474400      3.77e-03      2.72e-04    6.7e-05
 474500      2.45e-03      1.77e-04    6.7e-05
 474600      6.02e-03      4.35e-04    6.7e-05
 474700      4.25e-03      3.07e-04    6.7e-05
 474800      7.43e-03      5.36e-04    6.7e-05
 474900      6.46e-03      4.66e-04    6.7e-05
 475000      3.89e-03      2.81e-04    6.5e-05
 475100      3.66e-03      2.64e-04    6.5e-05
 475200      2.38e-03      1.71e-04    6.5e-05
 475300      3.08e-03      2.22e-04    6.5e-05
 475400      5.56e-03      4.01e-04    6.5e-05
 475500      6.57e-03      4.74e-04    6.5e-05
 475600      3.82e-03      2.76e-04    6.5e-05
 475700      3.66e-03      2.64e-04    6.5e-05
 475800      4.37e-03      3.15e-04    6.5e-05
 475900      3.63e-03      2.62e-04    6.5e-05
 476000      6.56e-03      4.74e-04    6.5e-05
 476100      4.14e-03      2.99e-04    6.5e-05
 476200      7.44e-03      5.37e-04    6.5e-05
 476300      3.64e-03      2.62e-04    6.5e-05
 476400      4.09e-03      2.95e-04    6.5e-05
 476500      2.45e-03      1.77e-04    6.5e-05
 476600      5.47e-03      3.95e-04    6.5e-05
 476700      4.40e-03      3.17e-04    6.5e-05
 476800      4.73e-03      3.41e-04    6.5e-05
 476900      3.75e-03      2.71e-04    6.5e-05
 477000      7.06e-03      5.10e-04    6.5e-05
 477100      7.31e-03      5.28e-04    6.5e-05
 477200      3.65e-03      2.63e-04    6.5e-05
 477300      3.90e-03      2.81e-04    6.5e-05
 477400      3.17e-03      2.29e-04    6.5e-05
 477500      3.67e-03      2.65e-04    6.5e-05
 477600      2.31e-03      1.67e-04    6.5e-05
 477700      5.64e-03      4.07e-04    6.5e-05
 477800      5.41e-03      3.91e-04    6.5e-05
 477900      4.94e-03      3.56e-04    6.5e-05
 478000      6.37e-03      4.59e-04    6.5e-05
 478100      3.31e-03      2.39e-04    6.5e-05
 478200      3.94e-03      2.84e-04    6.5e-05
 478300      7.94e-03      5.73e-04    6.5e-05
 478400      5.08e-03      3.67e-04    6.5e-05
 478500      3.93e-03      2.84e-04    6.5e-05
 478600      2.76e-03      1.99e-04    6.5e-05
 478700      6.04e-03      4.36e-04    6.5e-05
 478800      3.37e-03      2.44e-04    6.5e-05
 478900      3.34e-03      2.41e-04    6.5e-05
 479000      2.64e-03      1.90e-04    6.5e-05
 479100      4.63e-03      3.34e-04    6.5e-05
 479200      8.92e-03      6.44e-04    6.5e-05
 479300      2.99e-03      2.16e-04    6.5e-05
 479400      3.40e-03      2.46e-04    6.5e-05
 479500      4.31e-03      3.11e-04    6.5e-05
 479600      3.95e-03      2.85e-04    6.5e-05
 479700      5.25e-03      3.79e-04    6.5e-05
 479800      5.11e-03      3.69e-04    6.5e-05
 479900      3.40e-03      2.46e-04    6.5e-05
 480000      4.39e-03      3.17e-04    6.3e-05
 480100      2.59e-03      1.87e-04    6.3e-05
 480200      4.84e-03      3.49e-04    6.3e-05
 480300      4.44e-03      3.20e-04    6.3e-05
 480400      2.50e-03      1.81e-04    6.3e-05
 480500      4.72e-03      3.41e-04    6.3e-05
 480600      3.90e-03      2.82e-04    6.3e-05
 480700      5.67e-03      4.09e-04    6.3e-05
 480800      4.28e-03      3.09e-04    6.3e-05
 480900      5.25e-03      3.79e-04    6.3e-05
 481000      3.67e-03      2.65e-04    6.3e-05
 481100      3.92e-03      2.83e-04    6.3e-05
 481200      6.89e-03      4.98e-04    6.3e-05
 481300      9.20e-03      6.64e-04    6.3e-05
 481400      3.64e-03      2.63e-04    6.3e-05
 481500      4.19e-03      3.02e-04    6.3e-05
 481600      3.37e-03      2.43e-04    6.3e-05
 481700      4.08e-03      2.95e-04    6.3e-05
 481800      4.01e-03      2.90e-04    6.3e-05
 481900      4.75e-03      3.43e-04    6.3e-05
 482000      3.75e-03      2.70e-04    6.3e-05
 482100      5.83e-03      4.21e-04    6.3e-05
 482200      1.03e-02      7.41e-04    6.3e-05
 482300      3.02e-03      2.18e-04    6.3e-05
 482400      5.63e-03      4.06e-04    6.3e-05
 482500      5.79e-03      4.18e-04    6.3e-05
 482600      6.03e-03      4.35e-04    6.3e-05
 482700      3.58e-03      2.59e-04    6.3e-05
 482800      5.55e-03      4.00e-04    6.3e-05
 482900      2.20e-03      1.59e-04    6.3e-05
 483000      4.01e-03      2.89e-04    6.3e-05
 483100      5.63e-03      4.06e-04    6.3e-05
 483200      5.48e-03      3.95e-04    6.3e-05
 483300      4.98e-03      3.60e-04    6.3e-05
 483400      2.52e-03      1.82e-04    6.3e-05
 483500      3.26e-03      2.35e-04    6.3e-05
 483600      5.49e-03      3.96e-04    6.3e-05
 483700      2.05e-03      1.48e-04    6.3e-05
 483800      4.90e-03      3.53e-04    6.3e-05
 483900      6.98e-03      5.03e-04    6.3e-05
 484000      4.62e-03      3.33e-04    6.3e-05
 484100      4.32e-03      3.12e-04    6.3e-05
 484200      5.46e-03      3.94e-04    6.3e-05
 484300      2.14e-03      1.54e-04    6.3e-05
 484400      3.68e-03      2.65e-04    6.3e-05
 484500      2.52e-03      1.82e-04    6.3e-05
 484600      3.59e-03      2.59e-04    6.3e-05
 484700      4.16e-03      3.00e-04    6.3e-05
 484800      4.18e-03      3.02e-04    6.3e-05
 484900      2.56e-03      1.85e-04    6.3e-05
 485000      3.08e-03      2.22e-04    6.1e-05
 485100      4.01e-03      2.90e-04    6.1e-05
 485200      4.14e-03      2.99e-04    6.1e-05
 485300      5.86e-03      4.23e-04    6.1e-05
 485400      2.24e-03      1.62e-04    6.1e-05
 485500      3.76e-03      2.71e-04    6.1e-05
 485600      2.11e-03      1.52e-04    6.1e-05
 485700      4.52e-03      3.26e-04    6.1e-05
 485800      3.26e-03      2.36e-04    6.1e-05
 485900      2.25e-03      1.62e-04    6.1e-05
 486000      3.02e-03      2.18e-04    6.1e-05
 486100      2.71e-03      1.95e-04    6.1e-05
 486200      2.92e-03      2.11e-04    6.1e-05
 486300      4.80e-03      3.47e-04    6.1e-05
 486400      6.30e-03      4.54e-04    6.1e-05
 486500      3.11e-03      2.25e-04    6.1e-05
 486600      2.54e-03      1.83e-04    6.1e-05
 486700      3.66e-03      2.64e-04    6.1e-05
 486800      1.88e-03      1.36e-04    6.1e-05
 486900      3.69e-03      2.67e-04    6.1e-05
 487000      4.73e-03      3.41e-04    6.1e-05
 487100      3.83e-03      2.77e-04    6.1e-05
 487200      6.27e-03      4.52e-04    6.1e-05
 487300      2.81e-03      2.03e-04    6.1e-05
 487400      3.11e-03      2.25e-04    6.1e-05
 487500      2.72e-03      1.96e-04    6.1e-05
 487600      6.77e-03      4.88e-04    6.1e-05
 487700      9.05e-03      6.53e-04    6.1e-05
 487800      3.06e-03      2.21e-04    6.1e-05
 487900      5.62e-03      4.06e-04    6.1e-05
 488000      3.52e-03      2.54e-04    6.1e-05
 488100      3.04e-03      2.19e-04    6.1e-05
 488200      4.82e-03      3.48e-04    6.1e-05
 488300      3.18e-03      2.29e-04    6.1e-05
 488400      2.71e-03      1.95e-04    6.1e-05
 488500      4.22e-03      3.05e-04    6.1e-05
 488600      3.66e-03      2.64e-04    6.1e-05
 488700      3.32e-03      2.39e-04    6.1e-05
 488800      7.17e-03      5.17e-04    6.1e-05
 488900      5.41e-03      3.90e-04    6.1e-05
 489000      3.69e-03      2.66e-04    6.1e-05
 489100      5.18e-03      3.74e-04    6.1e-05
 489200      2.68e-03      1.93e-04    6.1e-05
 489300      2.84e-03      2.05e-04    6.1e-05
 489400      4.56e-03      3.29e-04    6.1e-05
 489500      4.94e-03      3.57e-04    6.1e-05
 489600      4.29e-03      3.10e-04    6.1e-05
 489700      2.17e-03      1.57e-04    6.1e-05
 489800      3.94e-03      2.85e-04    6.1e-05
 489900      4.86e-03      3.51e-04    6.1e-05
 490000      4.92e-03      3.55e-04    6.0e-05
 490100      3.15e-03      2.27e-04    6.0e-05
 490200      3.20e-03      2.31e-04    6.0e-05
 490300      4.63e-03      3.35e-04    6.0e-05
 490400      1.01e-02      7.27e-04    6.0e-05
 490500      4.05e-03      2.93e-04    6.0e-05
 490600      5.21e-03      3.76e-04    6.0e-05
 490700      3.70e-03      2.67e-04    6.0e-05
 490800      2.98e-03      2.15e-04    6.0e-05
 490900      3.88e-03      2.80e-04    6.0e-05
 491000      9.32e-03      6.72e-04    6.0e-05
 491100      3.78e-03      2.73e-04    6.0e-05
 491200      4.58e-03      3.30e-04    6.0e-05
 491300      3.51e-03      2.53e-04    6.0e-05
 491400      3.54e-03      2.56e-04    6.0e-05
 491500      3.97e-03      2.87e-04    6.0e-05
 491600      3.90e-03      2.82e-04    6.0e-05
 491700      3.91e-03      2.82e-04    6.0e-05
 491800      1.66e-03      1.19e-04    6.0e-05
 491900      3.67e-03      2.65e-04    6.0e-05
 492000      2.90e-03      2.10e-04    6.0e-05
 492100      3.00e-03      2.16e-04    6.0e-05
 492200      2.35e-03      1.70e-04    6.0e-05
 492300      3.42e-03      2.47e-04    6.0e-05
 492400      3.23e-03      2.33e-04    6.0e-05
 492500      2.48e-03      1.79e-04    6.0e-05
 492600      5.55e-03      4.01e-04    6.0e-05
 492700      4.07e-03      2.93e-04    6.0e-05
 492800      4.29e-03      3.10e-04    6.0e-05
 492900      3.55e-03      2.56e-04    6.0e-05
 493000      1.94e-03      1.40e-04    6.0e-05
 493100      4.38e-03      3.16e-04    6.0e-05
 493200      4.16e-03      3.00e-04    6.0e-05
 493300      9.36e-03      6.76e-04    6.0e-05
 493400      4.52e-03      3.26e-04    6.0e-05
 493500      4.17e-03      3.01e-04    6.0e-05
 493600      7.17e-03      5.17e-04    6.0e-05
 493700      3.99e-03      2.88e-04    6.0e-05
 493800      3.65e-03      2.63e-04    6.0e-05
 493900      2.09e-03      1.51e-04    6.0e-05
 494000      4.46e-03      3.22e-04    6.0e-05
 494100      2.86e-03      2.07e-04    6.0e-05
 494200      5.16e-03      3.72e-04    6.0e-05
 494300      3.63e-03      2.62e-04    6.0e-05
 494400      4.88e-03      3.53e-04    6.0e-05
 494500      2.65e-03      1.92e-04    6.0e-05
 494600      4.35e-03      3.14e-04    6.0e-05
 494700      1.54e-03      1.11e-04    6.0e-05
 494800      3.65e-03      2.63e-04    6.0e-05
 494900      3.77e-03      2.72e-04    6.0e-05
 495000      2.22e-03      1.60e-04    5.8e-05
 495100      2.85e-03      2.06e-04    5.8e-05
 495200      4.29e-03      3.09e-04    5.8e-05
 495300      3.51e-03      2.54e-04    5.8e-05
 495400      4.61e-03      3.33e-04    5.8e-05
 495500      4.77e-03      3.44e-04    5.8e-05
 495600      2.99e-03      2.16e-04    5.8e-05
 495700      2.70e-03      1.94e-04    5.8e-05
 495800      2.37e-03      1.71e-04    5.8e-05
 495900      7.51e-03      5.42e-04    5.8e-05
 496000      3.55e-03      2.56e-04    5.8e-05
 496100      5.76e-03      4.16e-04    5.8e-05
 496200      4.46e-03      3.22e-04    5.8e-05
 496300      2.39e-03      1.72e-04    5.8e-05
 496400      1.23e-03      8.91e-05    5.8e-05
 496500      2.49e-03      1.80e-04    5.8e-05
 496600      6.27e-03      4.53e-04    5.8e-05
 496700      1.95e-03      1.41e-04    5.8e-05
 496800      4.01e-03      2.89e-04    5.8e-05
 496900      3.89e-03      2.80e-04    5.8e-05
 497000      3.32e-03      2.40e-04    5.8e-05
 497100      3.38e-03      2.44e-04    5.8e-05
 497200      3.62e-03      2.61e-04    5.8e-05
 497300      2.46e-03      1.78e-04    5.8e-05
 497400      1.38e-03      9.96e-05    5.8e-05
 497500      1.94e-03      1.40e-04    5.8e-05
 497600      4.50e-03      3.25e-04    5.8e-05
 497700      5.54e-03      4.00e-04    5.8e-05
 497800      3.00e-03      2.16e-04    5.8e-05
 497900      3.38e-03      2.44e-04    5.8e-05
 498000      1.76e-03      1.27e-04    5.8e-05
 498100      3.03e-03      2.19e-04    5.8e-05
 498200      2.81e-03      2.03e-04    5.8e-05
 498300      2.62e-03      1.89e-04    5.8e-05
 498400      2.22e-03      1.60e-04    5.8e-05
 498500      3.83e-03      2.76e-04    5.8e-05
 498600      2.23e-03      1.61e-04    5.8e-05
 498700      6.60e-03      4.76e-04    5.8e-05
 498800      4.77e-03      3.44e-04    5.8e-05
 498900      6.13e-03      4.43e-04    5.8e-05
 499000      3.40e-03      2.45e-04    5.8e-05
 499100      2.90e-03      2.10e-04    5.8e-05
 499200      3.26e-03      2.36e-04    5.8e-05
 499300      1.51e-03      1.09e-04    5.8e-05
 499400      4.15e-03      2.99e-04    5.8e-05
 499500      3.94e-03      2.84e-04    5.8e-05
 499600      2.87e-03      2.07e-04    5.8e-05
 499700      4.61e-03      3.33e-04    5.8e-05
 499800      4.24e-03      3.06e-04    5.8e-05
 499900      4.55e-03      3.28e-04    5.8e-05
 500000      4.40e-03      3.18e-04    5.6e-05
 500100      2.74e-03      1.97e-04    5.6e-05
 500200      4.24e-03      3.06e-04    5.6e-05
 500300      2.78e-03      2.00e-04    5.6e-05
 500400      2.93e-03      2.12e-04    5.6e-05
 500500      4.76e-03      3.44e-04    5.6e-05
 500600      2.56e-03      1.84e-04    5.6e-05
 500700      4.24e-03      3.06e-04    5.6e-05
 500800      3.45e-03      2.49e-04    5.6e-05
 500900      4.88e-03      3.53e-04    5.6e-05
 501000      4.46e-03      3.22e-04    5.6e-05
 501100      4.59e-03      3.31e-04    5.6e-05
 501200      2.20e-03      1.59e-04    5.6e-05
 501300      2.96e-03      2.13e-04    5.6e-05
 501400      4.94e-03      3.57e-04    5.6e-05
 501500      3.57e-03      2.57e-04    5.6e-05
 501600      5.32e-03      3.84e-04    5.6e-05
 501700      6.37e-03      4.60e-04    5.6e-05
 501800      2.75e-03      1.98e-04    5.6e-05
 501900      2.81e-03      2.03e-04    5.6e-05
 502000      2.03e-03      1.46e-04    5.6e-05
 502100      4.97e-03      3.58e-04    5.6e-05
 502200      5.40e-03      3.90e-04    5.6e-05
 502300      2.76e-03      1.99e-04    5.6e-05
 502400      4.00e-03      2.89e-04    5.6e-05
 502500      6.00e-03      4.33e-04    5.6e-05
 502600      2.42e-03      1.75e-04    5.6e-05
 502700      3.95e-03      2.85e-04    5.6e-05
 502800      3.73e-03      2.69e-04    5.6e-05
 502900      5.45e-03      3.93e-04    5.6e-05
 503000      3.81e-03      2.75e-04    5.6e-05
 503100      2.62e-03      1.89e-04    5.6e-05
 503200      4.70e-03      3.39e-04    5.6e-05
 503300      5.02e-03      3.62e-04    5.6e-05
 503400      2.77e-03      2.00e-04    5.6e-05
 503500      5.27e-03      3.80e-04    5.6e-05
 503600      1.92e-03      1.38e-04    5.6e-05
 503700      1.07e-03      7.70e-05    5.6e-05
 503800      1.02e-02      7.38e-04    5.6e-05
 503900      2.06e-03      1.48e-04    5.6e-05
 504000      4.59e-03      3.31e-04    5.6e-05
 504100      4.64e-03      3.35e-04    5.6e-05
 504200      3.49e-03      2.52e-04    5.6e-05
 504300      1.69e-03      1.22e-04    5.6e-05
 504400      3.03e-03      2.19e-04    5.6e-05
 504500      4.22e-03      3.04e-04    5.6e-05
 504600      5.48e-03      3.95e-04    5.6e-05
 504700      3.47e-03      2.50e-04    5.6e-05
 504800      2.78e-03      2.00e-04    5.6e-05
 504900      2.36e-03      1.70e-04    5.6e-05
 505000      2.81e-03      2.03e-04    5.5e-05
 505100      1.57e-03      1.13e-04    5.5e-05
 505200      1.79e-03      1.29e-04    5.5e-05
 505300      4.38e-03      3.16e-04    5.5e-05
 505400      3.85e-03      2.78e-04    5.5e-05
 505500      6.38e-03      4.60e-04    5.5e-05
 505600      7.90e-03      5.70e-04    5.5e-05
 505700      3.82e-03      2.76e-04    5.5e-05
 505800      3.40e-03      2.45e-04    5.5e-05
 505900      3.22e-03      2.32e-04    5.5e-05
 506000      2.55e-03      1.84e-04    5.5e-05
 506100      4.06e-03      2.93e-04    5.5e-05
 506200      4.12e-03      2.98e-04    5.5e-05
 506300      2.74e-03      1.98e-04    5.5e-05
 506400      5.48e-03      3.95e-04    5.5e-05
 506500      3.74e-03      2.70e-04    5.5e-05
 506600      1.32e-03      9.52e-05    5.5e-05
 506700      6.98e-03      5.04e-04    5.5e-05
 506800      4.03e-03      2.91e-04    5.5e-05
 506900      3.62e-03      2.61e-04    5.5e-05
 507000      7.19e-03      5.19e-04    5.5e-05
 507100      4.65e-03      3.36e-04    5.5e-05
 507200      3.11e-03      2.25e-04    5.5e-05
 507300      3.39e-03      2.45e-04    5.5e-05
 507400      3.21e-03      2.31e-04    5.5e-05
 507500      3.89e-03      2.81e-04    5.5e-05
 507600      2.87e-03      2.07e-04    5.5e-05
 507700      3.34e-03      2.41e-04    5.5e-05
 507800      4.10e-03      2.96e-04    5.5e-05
 507900      4.57e-03      3.30e-04    5.5e-05
 508000      6.52e-03      4.70e-04    5.5e-05
 508100      4.20e-03      3.03e-04    5.5e-05
 508200      4.08e-03      2.94e-04    5.5e-05
 508300      1.85e-03      1.33e-04    5.5e-05
 508400      4.90e-03      3.54e-04    5.5e-05
 508500      3.76e-03      2.71e-04    5.5e-05
 508600      3.00e-03      2.17e-04    5.5e-05
 508700      4.05e-03      2.92e-04    5.5e-05
 508800      4.04e-03      2.91e-04    5.5e-05
 508900      5.60e-03      4.04e-04    5.5e-05
 509000      5.20e-03      3.76e-04    5.5e-05
 509100      3.02e-03      2.18e-04    5.5e-05
 509200      4.87e-03      3.52e-04    5.5e-05
 509300      4.08e-03      2.94e-04    5.5e-05
 509400      4.11e-03      2.97e-04    5.5e-05
 509500      6.33e-03      4.57e-04    5.5e-05
 509600      4.03e-03      2.91e-04    5.5e-05
 509700      3.95e-03      2.85e-04    5.5e-05
 509800      1.91e-03      1.38e-04    5.5e-05
 509900      4.55e-03      3.28e-04    5.5e-05
 510000      3.59e-03      2.59e-04    5.3e-05
 510100      4.98e-03      3.59e-04    5.3e-05
 510200      1.88e-03      1.36e-04    5.3e-05
 510300      3.30e-03      2.38e-04    5.3e-05
 510400      3.61e-03      2.61e-04    5.3e-05
 510500      4.63e-03      3.34e-04    5.3e-05
 510600      2.47e-03      1.78e-04    5.3e-05
 510700      3.96e-03      2.86e-04    5.3e-05
 510800      3.89e-03      2.81e-04    5.3e-05
 510900      2.69e-03      1.94e-04    5.3e-05
 511000      3.76e-03      2.72e-04    5.3e-05
 511100      3.69e-03      2.66e-04    5.3e-05
 511200      4.43e-03      3.20e-04    5.3e-05
 511300      2.70e-03      1.95e-04    5.3e-05
 511400      3.29e-03      2.37e-04    5.3e-05
 511500      4.94e-03      3.57e-04    5.3e-05
 511600      5.12e-03      3.69e-04    5.3e-05
 511700      4.69e-03      3.39e-04    5.3e-05
 511800      3.67e-03      2.65e-04    5.3e-05
 511900      2.14e-03      1.54e-04    5.3e-05
 512000      3.52e-03      2.54e-04    5.3e-05
 512100      2.66e-03      1.92e-04    5.3e-05
 512200      5.21e-03      3.76e-04    5.3e-05
 512300      3.74e-03      2.70e-04    5.3e-05
 512400      4.46e-03      3.22e-04    5.3e-05
 512500      5.65e-03      4.08e-04    5.3e-05
 512600      2.78e-03      2.01e-04    5.3e-05
 512700      3.88e-03      2.80e-04    5.3e-05
 512800      5.79e-03      4.18e-04    5.3e-05
 512900      5.24e-03      3.78e-04    5.3e-05
 513000      2.26e-03      1.63e-04    5.3e-05
 513100      3.14e-03      2.27e-04    5.3e-05
 513200      5.86e-03      4.23e-04    5.3e-05
 513300      2.52e-03      1.82e-04    5.3e-05
 513400      1.50e-03      1.08e-04    5.3e-05
 513500      2.48e-03      1.79e-04    5.3e-05
 513600      4.68e-03      3.37e-04    5.3e-05
 513700      7.39e-03      5.33e-04    5.3e-05
 513800      2.02e-03      1.46e-04    5.3e-05
 513900      2.96e-03      2.13e-04    5.3e-05
 514000      3.81e-03      2.75e-04    5.3e-05
 514100      3.84e-03      2.77e-04    5.3e-05
 514200      3.42e-03      2.47e-04    5.3e-05
 514300      4.20e-03      3.03e-04    5.3e-05
 514400      5.48e-03      3.95e-04    5.3e-05
 514500      1.73e-03      1.25e-04    5.3e-05
 514600      6.44e-03      4.65e-04    5.3e-05
 514700      3.25e-03      2.35e-04    5.3e-05
 514800      2.75e-03      1.99e-04    5.3e-05
 514900      3.84e-03      2.77e-04    5.3e-05
 515000      6.15e-03      4.44e-04    5.2e-05
 515100      5.13e-03      3.70e-04    5.2e-05
 515200      2.29e-03      1.65e-04    5.2e-05
 515300      3.44e-03      2.48e-04    5.2e-05
 515400      4.73e-03      3.42e-04    5.2e-05
 515500      5.63e-03      4.06e-04    5.2e-05
 515600      4.30e-03      3.11e-04    5.2e-05
 515700      1.70e-03      1.23e-04    5.2e-05
 515800      3.36e-03      2.43e-04    5.2e-05
 515900      3.98e-03      2.87e-04    5.2e-05
 516000      2.48e-03      1.79e-04    5.2e-05
 516100      2.73e-03      1.97e-04    5.2e-05
 516200      2.79e-03      2.01e-04    5.2e-05
 516300      4.36e-03      3.15e-04    5.2e-05
 516400      9.46e-03      6.83e-04    5.2e-05
 516500      4.96e-03      3.58e-04    5.2e-05
 516600      3.73e-03      2.69e-04    5.2e-05
 516700      3.39e-03      2.45e-04    5.2e-05
 516800      2.60e-03      1.88e-04    5.2e-05
 516900      3.32e-03      2.39e-04    5.2e-05
 517000      5.39e-03      3.89e-04    5.2e-05
 517100      3.54e-03      2.55e-04    5.2e-05
 517200      1.70e-03      1.23e-04    5.2e-05
 517300      2.95e-03      2.13e-04    5.2e-05
 517400      2.43e-03      1.75e-04    5.2e-05
 517500      1.51e-03      1.09e-04    5.2e-05
 517600      2.66e-03      1.92e-04    5.2e-05
 517700      6.09e-03      4.39e-04    5.2e-05
 517800      4.89e-03      3.53e-04    5.2e-05
 517900      4.30e-03      3.10e-04    5.2e-05
 518000      4.49e-03      3.24e-04    5.2e-05
 518100      2.61e-03      1.88e-04    5.2e-05
 518200      3.31e-03      2.39e-04    5.2e-05
 518300      3.37e-03      2.43e-04    5.2e-05
 518400      2.02e-03      1.46e-04    5.2e-05
 518500      3.59e-03      2.59e-04    5.2e-05
 518600      4.15e-03      2.99e-04    5.2e-05
 518700      3.59e-03      2.59e-04    5.2e-05
 518800      3.35e-03      2.41e-04    5.2e-05
 518900      2.88e-03      2.08e-04    5.2e-05
 519000      4.08e-03      2.95e-04    5.2e-05
 519100      3.75e-03      2.71e-04    5.2e-05
 519200      2.89e-03      2.09e-04    5.2e-05
 519300      2.07e-03      1.49e-04    5.2e-05
 519400      3.34e-03      2.41e-04    5.2e-05
 519500      5.00e-03      3.61e-04    5.2e-05
 519600      4.53e-03      3.27e-04    5.2e-05
 519700      5.08e-03      3.67e-04    5.2e-05
 519800      6.16e-03      4.45e-04    5.2e-05
 519900      3.57e-03      2.58e-04    5.2e-05
 520000      2.05e-03      1.48e-04    5.0e-05
 520100      2.63e-03      1.90e-04    5.0e-05
 520200      3.64e-03      2.63e-04    5.0e-05
 520300      3.11e-03      2.24e-04    5.0e-05
 520400      3.94e-03      2.84e-04    5.0e-05
 520500      4.19e-03      3.02e-04    5.0e-05
 520600      5.02e-03      3.62e-04    5.0e-05
 520700      6.97e-03      5.03e-04    5.0e-05
 520800      4.00e-03      2.88e-04    5.0e-05
 520900      4.51e-03      3.25e-04    5.0e-05
 521000      1.81e-03      1.31e-04    5.0e-05
 521100      3.64e-03      2.62e-04    5.0e-05
 521200      2.52e-03      1.82e-04    5.0e-05
 521300      2.23e-03      1.61e-04    5.0e-05
 521400      3.63e-03      2.62e-04    5.0e-05
 521500      2.36e-03      1.71e-04    5.0e-05
 521600      1.74e-03      1.26e-04    5.0e-05
 521700      2.27e-03      1.64e-04    5.0e-05
 521800      4.28e-03      3.09e-04    5.0e-05
 521900      3.00e-03      2.16e-04    5.0e-05
 522000      2.57e-03      1.85e-04    5.0e-05
 522100      2.05e-03      1.48e-04    5.0e-05
 522200      1.62e-03      1.17e-04    5.0e-05
 522300      5.26e-03      3.80e-04    5.0e-05
 522400      3.58e-03      2.58e-04    5.0e-05
 522500      2.49e-03      1.79e-04    5.0e-05
 522600      3.64e-03      2.62e-04    5.0e-05
 522700      3.76e-03      2.71e-04    5.0e-05
 522800      6.61e-03      4.77e-04    5.0e-05
 522900      5.15e-03      3.72e-04    5.0e-05
 523000      3.41e-03      2.46e-04    5.0e-05
 523100      3.77e-03      2.72e-04    5.0e-05
 523200      2.84e-03      2.05e-04    5.0e-05
 523300      3.21e-03      2.32e-04    5.0e-05
 523400      4.27e-03      3.09e-04    5.0e-05
 523500      3.55e-03      2.56e-04    5.0e-05
 523600      3.04e-03      2.20e-04    5.0e-05
 523700      2.01e-03      1.45e-04    5.0e-05
 523800      1.35e-03      9.73e-05    5.0e-05
 523900      2.29e-03      1.65e-04    5.0e-05
 524000      3.55e-03      2.56e-04    5.0e-05
 524100      4.54e-03      3.27e-04    5.0e-05
 524200      5.06e-03      3.65e-04    5.0e-05
 524300      2.13e-03      1.54e-04    5.0e-05
 524400      3.54e-03      2.55e-04    5.0e-05
 524500      2.81e-03      2.03e-04    5.0e-05
 524600      2.53e-03      1.82e-04    5.0e-05
 524700      5.30e-03      3.82e-04    5.0e-05
 524800      2.44e-03      1.76e-04    5.0e-05
 524900      3.68e-03      2.65e-04    5.0e-05
 525000      2.44e-03      1.76e-04    4.9e-05
 525100      2.35e-03      1.69e-04    4.9e-05
 525200      1.41e-03      1.02e-04    4.9e-05
 525300      2.01e-03      1.45e-04    4.9e-05
 525400      2.55e-03      1.84e-04    4.9e-05
 525500      2.76e-03      1.99e-04    4.9e-05
 525600      1.92e-03      1.39e-04    4.9e-05
 525700      2.52e-03      1.82e-04    4.9e-05
 525800      3.24e-03      2.34e-04    4.9e-05
 525900      2.69e-03      1.94e-04    4.9e-05
 526000      2.69e-03      1.94e-04    4.9e-05
 526100      4.89e-03      3.53e-04    4.9e-05
 526200      2.50e-03      1.80e-04    4.9e-05
 526300      2.90e-03      2.09e-04    4.9e-05
 526400      3.05e-03      2.20e-04    4.9e-05
 526500      2.83e-03      2.04e-04    4.9e-05
 526600      5.54e-03      4.00e-04    4.9e-05
 526700      1.53e-03      1.11e-04    4.9e-05
 526800      3.70e-03      2.67e-04    4.9e-05
 526900      3.90e-03      2.81e-04    4.9e-05
 527000      2.48e-03      1.79e-04    4.9e-05
 527100      2.83e-03      2.04e-04    4.9e-05
 527200      3.42e-03      2.47e-04    4.9e-05
 527300      2.71e-03      1.96e-04    4.9e-05
 527400      1.88e-03      1.35e-04    4.9e-05
 527500      3.72e-03      2.69e-04    4.9e-05
 527600      5.19e-03      3.75e-04    4.9e-05
 527700      2.73e-03      1.97e-04    4.9e-05
 527800      1.69e-03      1.22e-04    4.9e-05
 527900      3.95e-03      2.85e-04    4.9e-05
 528000      2.32e-03      1.67e-04    4.9e-05
 528100      2.25e-03      1.63e-04    4.9e-05
 528200      2.10e-03      1.52e-04    4.9e-05
 528300      3.07e-03      2.21e-04    4.9e-05
 528400      2.39e-03      1.73e-04    4.9e-05
 528500      1.26e-03      9.07e-05    4.9e-05
 528600      2.36e-03      1.71e-04    4.9e-05
 528700      3.42e-03      2.47e-04    4.9e-05
 528800      2.50e-03      1.80e-04    4.9e-05
 528900      6.22e-03      4.49e-04    4.9e-05
 529000      4.22e-03      3.04e-04    4.9e-05
 529100      4.19e-03      3.02e-04    4.9e-05
 529200      2.31e-03      1.67e-04    4.9e-05
 529300      6.28e-03      4.53e-04    4.9e-05
 529400      6.49e-03      4.68e-04    4.9e-05
 529500      1.96e-03      1.41e-04    4.9e-05
 529600      3.49e-03      2.52e-04    4.9e-05
 529700      3.41e-03      2.46e-04    4.9e-05
 529800      3.92e-03      2.83e-04    4.9e-05
 529900      3.15e-03      2.28e-04    4.9e-05
 530000      3.50e-03      2.53e-04    4.7e-05
 530100      2.20e-03      1.59e-04    4.7e-05
 530200      3.21e-03      2.32e-04    4.7e-05
 530300      4.99e-03      3.60e-04    4.7e-05
 530400      2.78e-03      2.00e-04    4.7e-05
 530500      2.41e-03      1.74e-04    4.7e-05
 530600      3.45e-03      2.49e-04    4.7e-05
 530700      2.61e-03      1.89e-04    4.7e-05
 530800      3.30e-03      2.38e-04    4.7e-05
 530900      8.87e-04      6.40e-05    4.7e-05
 531000      1.92e-03      1.38e-04    4.7e-05
 531100      2.74e-03      1.97e-04    4.7e-05
 531200      1.32e-03      9.50e-05    4.7e-05
 531300      9.15e-04      6.60e-05    4.7e-05
 531400      2.22e-03      1.60e-04    4.7e-05
 531500      3.80e-03      2.74e-04    4.7e-05
 531600      2.83e-03      2.04e-04    4.7e-05
 531700      1.54e-03      1.11e-04    4.7e-05
 531800      1.38e-03      9.94e-05    4.7e-05
 531900      1.80e-03      1.30e-04    4.7e-05
 532000      3.42e-03      2.47e-04    4.7e-05
 532100      1.90e-03      1.37e-04    4.7e-05
 532200      1.55e-03      1.12e-04    4.7e-05
 532300      4.13e-03      2.98e-04    4.7e-05
 532400      2.47e-03      1.79e-04    4.7e-05
 532500      2.07e-03      1.49e-04    4.7e-05
 532600      3.65e-03      2.63e-04    4.7e-05
 532700      4.32e-03      3.12e-04    4.7e-05
 532800      5.97e-03      4.31e-04    4.7e-05
 532900      2.97e-03      2.14e-04    4.7e-05
 533000      5.91e-03      4.26e-04    4.7e-05
 533100      1.90e-03      1.37e-04    4.7e-05
 533200      2.39e-03      1.72e-04    4.7e-05
 533300      3.83e-03      2.76e-04    4.7e-05
 533400      1.82e-03      1.31e-04    4.7e-05
 533500      5.27e-03      3.80e-04    4.7e-05
 533600      3.10e-03      2.24e-04    4.7e-05
 533700      8.49e-03      6.13e-04    4.7e-05
 533800      1.37e-03      9.92e-05    4.7e-05
 533900      4.24e-03      3.06e-04    4.7e-05
 534000      5.57e-03      4.02e-04    4.7e-05
 534100      2.20e-03      1.59e-04    4.7e-05
 534200      2.03e-03      1.46e-04    4.7e-05
 534300      2.22e-03      1.60e-04    4.7e-05
 534400      3.96e-03      2.86e-04    4.7e-05
 534500      3.24e-03      2.34e-04    4.7e-05
 534600      4.78e-03      3.45e-04    4.7e-05
 534700      3.31e-03      2.39e-04    4.7e-05
 534800      3.07e-03      2.21e-04    4.7e-05
 534900      2.75e-03      1.99e-04    4.7e-05
 535000      4.29e-03      3.09e-04    4.6e-05
 535100      2.45e-03      1.77e-04    4.6e-05
 535200      1.36e-03      9.83e-05    4.6e-05
 535300      3.46e-03      2.50e-04    4.6e-05
 535400      2.91e-03      2.10e-04    4.6e-05
 535500      3.78e-03      2.73e-04    4.6e-05
 535600      4.72e-03      3.41e-04    4.6e-05
 535700      2.64e-03      1.90e-04    4.6e-05
 535800      2.76e-03      1.99e-04    4.6e-05
 535900      1.99e-03      1.43e-04    4.6e-05
 536000      4.73e-03      3.41e-04    4.6e-05
 536100      3.79e-03      2.73e-04    4.6e-05
 536200      1.48e-03      1.07e-04    4.6e-05
 536300      2.34e-03      1.69e-04    4.6e-05
 536400      3.76e-03      2.71e-04    4.6e-05
 536500      1.52e-03      1.10e-04    4.6e-05
 536600      2.38e-03      1.72e-04    4.6e-05
 536700      4.58e-03      3.31e-04    4.6e-05
 536800      4.51e-03      3.25e-04    4.6e-05
 536900      2.41e-03      1.74e-04    4.6e-05
 537000      2.18e-03      1.57e-04    4.6e-05
 537100      1.82e-03      1.31e-04    4.6e-05
 537200      3.46e-03      2.50e-04    4.6e-05
 537300      2.12e-03      1.53e-04    4.6e-05
 537400      2.86e-03      2.06e-04    4.6e-05
 537500      2.37e-03      1.71e-04    4.6e-05
 537600      2.49e-03      1.80e-04    4.6e-05
 537700      2.21e-03      1.60e-04    4.6e-05
 537800      2.24e-03      1.62e-04    4.6e-05
 537900      2.48e-03      1.79e-04    4.6e-05
 538000      3.08e-03      2.22e-04    4.6e-05
 538100      3.18e-03      2.29e-04    4.6e-05
 538200      3.38e-03      2.44e-04    4.6e-05
 538300      2.75e-03      1.99e-04    4.6e-05
 538400      3.07e-03      2.22e-04    4.6e-05
 538500      2.61e-03      1.88e-04    4.6e-05
 538600      1.69e-03      1.22e-04    4.6e-05
 538700      3.66e-03      2.64e-04    4.6e-05
 538800      3.39e-03      2.45e-04    4.6e-05
 538900      2.56e-03      1.84e-04    4.6e-05
 539000      2.78e-03      2.01e-04    4.6e-05
 539100      4.41e-03      3.19e-04    4.6e-05
 539200      1.93e-03      1.40e-04    4.6e-05
 539300      6.00e-03      4.33e-04    4.6e-05
 539400      2.08e-03      1.50e-04    4.6e-05
 539500      2.65e-03      1.91e-04    4.6e-05
 539600      2.99e-03      2.16e-04    4.6e-05
 539700      3.11e-03      2.24e-04    4.6e-05
 539800      4.13e-03      2.98e-04    4.6e-05
 539900      2.13e-03      1.54e-04    4.6e-05
 540000      3.19e-03      2.30e-04    4.5e-05
 540100      2.61e-03      1.88e-04    4.5e-05
 540200      1.56e-03      1.12e-04    4.5e-05
 540300      2.12e-03      1.53e-04    4.5e-05
 540400      2.06e-03      1.49e-04    4.5e-05
 540500      2.74e-03      1.98e-04    4.5e-05
 540600      3.49e-03      2.52e-04    4.5e-05
 540700      2.94e-03      2.12e-04    4.5e-05
 540800      3.11e-03      2.24e-04    4.5e-05
 540900      3.30e-03      2.38e-04    4.5e-05
 541000      2.12e-03      1.53e-04    4.5e-05
 541100      3.20e-03      2.31e-04    4.5e-05
 541200      1.42e-03      1.02e-04    4.5e-05
 541300      3.64e-03      2.63e-04    4.5e-05
 541400      1.78e-03      1.28e-04    4.5e-05
 541500      4.40e-03      3.18e-04    4.5e-05
 541600      4.33e-03      3.12e-04    4.5e-05
 541700      3.06e-03      2.21e-04    4.5e-05
 541800      3.79e-03      2.74e-04    4.5e-05
 541900      3.78e-03      2.73e-04    4.5e-05
 542000      3.62e-03      2.61e-04    4.5e-05
 542100      2.98e-03      2.15e-04    4.5e-05
 542200      2.90e-03      2.10e-04    4.5e-05
 542300      2.60e-03      1.88e-04    4.5e-05
 542400      3.12e-03      2.25e-04    4.5e-05
 542500      2.91e-03      2.10e-04    4.5e-05
 542600      1.48e-03      1.07e-04    4.5e-05
 542700      4.52e-03      3.26e-04    4.5e-05
 542800      5.13e-03      3.70e-04    4.5e-05
 542900      2.54e-03      1.83e-04    4.5e-05
 543000      3.17e-03      2.29e-04    4.5e-05
 543100      1.99e-03      1.44e-04    4.5e-05
 543200      2.42e-03      1.75e-04    4.5e-05
 543300      2.54e-03      1.84e-04    4.5e-05
 543400      3.01e-03      2.17e-04    4.5e-05
 543500      2.90e-03      2.10e-04    4.5e-05
 543600      2.83e-03      2.04e-04    4.5e-05
 543700      1.92e-03      1.38e-04    4.5e-05
 543800      3.43e-03      2.47e-04    4.5e-05
 543900      1.58e-03      1.14e-04    4.5e-05
 544000      2.07e-03      1.50e-04    4.5e-05
 544100      2.93e-03      2.11e-04    4.5e-05
 544200      2.16e-03      1.56e-04    4.5e-05
 544300      2.75e-03      1.99e-04    4.5e-05
 544400      4.32e-03      3.11e-04    4.5e-05
 544500      2.39e-03      1.72e-04    4.5e-05
 544600      3.28e-03      2.37e-04    4.5e-05
 544700      2.57e-03      1.85e-04    4.5e-05
 544800      2.89e-03      2.09e-04    4.5e-05
 544900      4.41e-03      3.18e-04    4.5e-05
 545000      3.57e-03      2.57e-04    4.3e-05
 545100      1.16e-03      8.38e-05    4.3e-05
 545200      2.72e-03      1.96e-04    4.3e-05
 545300      3.04e-03      2.19e-04    4.3e-05
 545400      1.98e-03      1.43e-04    4.3e-05
 545500      3.83e-03      2.76e-04    4.3e-05
 545600      2.65e-03      1.91e-04    4.3e-05
 545700      3.58e-03      2.58e-04    4.3e-05
 545800      2.95e-03      2.13e-04    4.3e-05
 545900      2.74e-03      1.98e-04    4.3e-05
 546000      4.83e-03      3.48e-04    4.3e-05
 546100      2.30e-03      1.66e-04    4.3e-05
 546200      3.15e-03      2.27e-04    4.3e-05
 546300      1.73e-03      1.25e-04    4.3e-05
 546400      3.77e-03      2.72e-04    4.3e-05
 546500      3.07e-03      2.21e-04    4.3e-05
 546600      3.71e-03      2.68e-04    4.3e-05
 546700      1.50e-03      1.08e-04    4.3e-05
 546800      3.13e-03      2.26e-04    4.3e-05
 546900      3.49e-03      2.52e-04    4.3e-05
 547000      3.14e-03      2.27e-04    4.3e-05
 547100      1.90e-03      1.37e-04    4.3e-05
 547200      5.16e-03      3.72e-04    4.3e-05
 547300      3.66e-03      2.64e-04    4.3e-05
 547400      2.80e-03      2.02e-04    4.3e-05
 547500      2.81e-03      2.03e-04    4.3e-05
 547600      1.99e-03      1.44e-04    4.3e-05
 547700      4.50e-03      3.25e-04    4.3e-05
 547800      1.85e-03      1.34e-04    4.3e-05
 547900      1.91e-03      1.38e-04    4.3e-05
 548000      1.06e-03      7.68e-05    4.3e-05
 548100      1.99e-03      1.43e-04    4.3e-05
 548200      3.59e-03      2.59e-04    4.3e-05
 548300      7.71e-04      5.56e-05    4.3e-05
 548400      1.87e-03      1.35e-04    4.3e-05
 548500      3.07e-03      2.22e-04    4.3e-05
 548600      3.75e-03      2.71e-04    4.3e-05
 548700      2.99e-03      2.16e-04    4.3e-05
 548800      3.57e-03      2.57e-04    4.3e-05
 548900      4.08e-03      2.94e-04    4.3e-05
 549000      2.95e-03      2.13e-04    4.3e-05
 549100      3.99e-03      2.88e-04    4.3e-05
 549200      2.83e-03      2.04e-04    4.3e-05
 549300      2.00e-03      1.45e-04    4.3e-05
 549400      2.97e-03      2.15e-04    4.3e-05
 549500      1.01e-03      7.29e-05    4.3e-05
 549600      2.44e-03      1.76e-04    4.3e-05
 549700      2.05e-03      1.48e-04    4.3e-05
 549800      2.49e-03      1.80e-04    4.3e-05
 549900      2.18e-03      1.58e-04    4.3e-05
 550000      2.62e-03      1.89e-04    4.2e-05
 550100      3.32e-03      2.39e-04    4.2e-05
 550200      2.58e-03      1.86e-04    4.2e-05
 550300      2.37e-03      1.71e-04    4.2e-05
 550400      1.46e-03      1.05e-04    4.2e-05
 550500      1.55e-03      1.12e-04    4.2e-05
 550600      2.67e-03      1.93e-04    4.2e-05
 550700      3.80e-03      2.74e-04    4.2e-05
 550800      4.00e-03      2.89e-04    4.2e-05
 550900      2.74e-03      1.98e-04    4.2e-05
 551000      2.34e-03      1.69e-04    4.2e-05
 551100      2.95e-03      2.13e-04    4.2e-05
 551200      4.67e-03      3.37e-04    4.2e-05
 551300      2.08e-03      1.50e-04    4.2e-05
 551400      3.43e-03      2.47e-04    4.2e-05
 551500      2.38e-03      1.72e-04    4.2e-05
 551600      1.82e-03      1.31e-04    4.2e-05
 551700      2.65e-03      1.91e-04    4.2e-05
 551800      7.69e-04      5.55e-05    4.2e-05
 551900      1.54e-03      1.11e-04    4.2e-05
 552000      1.28e-03      9.25e-05    4.2e-05
 552100      3.53e-03      2.55e-04    4.2e-05
 552200      3.46e-03      2.50e-04    4.2e-05
 552300      2.41e-03      1.74e-04    4.2e-05
 552400      5.05e-03      3.65e-04    4.2e-05
 552500      3.19e-03      2.31e-04    4.2e-05
 552600      1.67e-03      1.20e-04    4.2e-05
 552700      4.07e-03      2.93e-04    4.2e-05
 552800      4.09e-03      2.95e-04    4.2e-05
 552900      1.97e-03      1.42e-04    4.2e-05
 553000      3.21e-03      2.32e-04    4.2e-05
 553100      2.26e-03      1.63e-04    4.2e-05
 553200      1.37e-03      9.92e-05    4.2e-05
 553300      1.40e-03      1.01e-04    4.2e-05
 553400      2.79e-03      2.01e-04    4.2e-05
 553500      3.06e-03      2.21e-04    4.2e-05
 553600      1.89e-03      1.36e-04    4.2e-05
 553700      3.24e-03      2.34e-04    4.2e-05
 553800      1.55e-03      1.12e-04    4.2e-05
 553900      2.67e-03      1.93e-04    4.2e-05
 554000      2.03e-03      1.47e-04    4.2e-05
 554100      3.28e-03      2.37e-04    4.2e-05
 554200      3.04e-03      2.20e-04    4.2e-05
 554300      2.56e-03      1.85e-04    4.2e-05
 554400      3.17e-03      2.29e-04    4.2e-05
 554500      1.79e-03      1.29e-04    4.2e-05
 554600      5.49e-03      3.96e-04    4.2e-05
 554700      5.25e-03      3.79e-04    4.2e-05
 554800      5.13e-03      3.70e-04    4.2e-05
 554900      3.14e-03      2.27e-04    4.2e-05
 555000      2.73e-03      1.97e-04    4.1e-05
 555100      2.01e-03      1.45e-04    4.1e-05
 555200      1.93e-03      1.39e-04    4.1e-05
 555300      3.30e-03      2.38e-04    4.1e-05
 555400      1.74e-03      1.26e-04    4.1e-05
 555500      1.75e-03      1.26e-04    4.1e-05
 555600      3.31e-03      2.39e-04    4.1e-05
 555700      2.99e-03      2.16e-04    4.1e-05
 555800      3.81e-03      2.75e-04    4.1e-05
 555900      2.64e-03      1.90e-04    4.1e-05
 556000      2.42e-03      1.75e-04    4.1e-05
 556100      5.56e-03      4.01e-04    4.1e-05
 556200      3.13e-03      2.26e-04    4.1e-05
 556300      1.80e-03      1.30e-04    4.1e-05
 556400      2.17e-03      1.57e-04    4.1e-05
 556500      2.46e-03      1.78e-04    4.1e-05
 556600      2.18e-03      1.58e-04    4.1e-05
 556700      2.64e-03      1.91e-04    4.1e-05
 556800      1.64e-03      1.19e-04    4.1e-05
 556900      3.66e-03      2.64e-04    4.1e-05
 557000      2.94e-03      2.12e-04    4.1e-05
 557100      2.46e-03      1.78e-04    4.1e-05
 557200      3.55e-03      2.56e-04    4.1e-05
 557300      3.46e-03      2.50e-04    4.1e-05
 557400      2.87e-03      2.07e-04    4.1e-05
 557500      2.18e-03      1.58e-04    4.1e-05
 557600      3.87e-03      2.79e-04    4.1e-05
 557700      1.94e-03      1.40e-04    4.1e-05
 557800      3.20e-03      2.31e-04    4.1e-05
 557900      2.01e-03      1.45e-04    4.1e-05
 558000      1.46e-03      1.05e-04    4.1e-05
 558100      1.17e-03      8.45e-05    4.1e-05
 558200      4.01e-03      2.89e-04    4.1e-05
 558300      3.97e-03      2.87e-04    4.1e-05
 558400      3.45e-03      2.49e-04    4.1e-05
 558500      6.16e-03      4.45e-04    4.1e-05
 558600      1.66e-03      1.20e-04    4.1e-05
 558700      3.61e-03      2.60e-04    4.1e-05
 558800      2.99e-03      2.16e-04    4.1e-05
 558900      2.09e-03      1.51e-04    4.1e-05
 559000      2.23e-03      1.61e-04    4.1e-05
 559100      3.30e-03      2.38e-04    4.1e-05
 559200      3.49e-03      2.52e-04    4.1e-05
 559300      2.79e-03      2.02e-04    4.1e-05
 559400      2.02e-03      1.46e-04    4.1e-05
 559500      1.31e-03      9.48e-05    4.1e-05
 559600      3.21e-03      2.32e-04    4.1e-05
 559700      1.61e-03      1.16e-04    4.1e-05
 559800      3.01e-03      2.17e-04    4.1e-05
 559900      1.48e-03      1.07e-04    4.1e-05
 560000      2.49e-03      1.80e-04    4.0e-05
 560100      2.23e-03      1.61e-04    4.0e-05
 560200      2.51e-03      1.81e-04    4.0e-05
 560300      1.09e-03      7.85e-05    4.0e-05
 560400      1.45e-03      1.04e-04    4.0e-05
 560500      2.99e-03      2.16e-04    4.0e-05
 560600      4.69e-03      3.39e-04    4.0e-05
 560700      2.70e-03      1.95e-04    4.0e-05
 560800      2.66e-03      1.92e-04    4.0e-05
 560900      2.72e-03      1.97e-04    4.0e-05
 561000      2.36e-03      1.70e-04    4.0e-05
 561100      2.59e-03      1.87e-04    4.0e-05
 561200      3.64e-03      2.63e-04    4.0e-05
 561300      2.55e-03      1.84e-04    4.0e-05
 561400      3.25e-03      2.34e-04    4.0e-05
 561500      2.20e-03      1.59e-04    4.0e-05
 561600      2.91e-03      2.10e-04    4.0e-05
 561700      2.77e-03      2.00e-04    4.0e-05
 561800      3.43e-03      2.47e-04    4.0e-05
 561900      2.82e-03      2.04e-04    4.0e-05
 562000      3.68e-03      2.65e-04    4.0e-05
 562100      2.20e-03      1.59e-04    4.0e-05
 562200      2.44e-03      1.76e-04    4.0e-05
 562300      2.63e-03      1.90e-04    4.0e-05
 562400      3.05e-03      2.20e-04    4.0e-05
 562500      2.07e-03      1.49e-04    4.0e-05
 562600      3.10e-03      2.24e-04    4.0e-05
 562700      1.71e-03      1.23e-04    4.0e-05
 562800      2.89e-03      2.08e-04    4.0e-05
 562900      3.04e-03      2.19e-04    4.0e-05
 563000      1.94e-03      1.40e-04    4.0e-05
 563100      3.04e-03      2.20e-04    4.0e-05
 563200      2.59e-03      1.87e-04    4.0e-05
 563300      2.50e-03      1.81e-04    4.0e-05
 563400      2.41e-03      1.74e-04    4.0e-05
 563500      4.37e-03      3.16e-04    4.0e-05
 563600      1.99e-03      1.44e-04    4.0e-05
 563700      1.60e-03      1.15e-04    4.0e-05
 563800      2.34e-03      1.69e-04    4.0e-05
 563900      1.33e-03      9.61e-05    4.0e-05
 564000      3.39e-03      2.45e-04    4.0e-05
 564100      3.89e-03      2.81e-04    4.0e-05
 564200      3.29e-03      2.38e-04    4.0e-05
 564300      4.35e-03      3.14e-04    4.0e-05
 564400      2.36e-03      1.70e-04    4.0e-05
 564500      3.00e-03      2.17e-04    4.0e-05
 564600      2.09e-03      1.51e-04    4.0e-05
 564700      3.17e-03      2.29e-04    4.0e-05
 564800      2.49e-03      1.80e-04    4.0e-05
 564900      1.40e-03      1.01e-04    4.0e-05
 565000      2.07e-03      1.49e-04    3.9e-05
 565100      3.24e-03      2.34e-04    3.9e-05
 565200      2.92e-03      2.11e-04    3.9e-05
 565300      1.89e-03      1.37e-04    3.9e-05
 565400      2.85e-03      2.06e-04    3.9e-05
 565500      1.27e-03      9.14e-05    3.9e-05
 565600      2.20e-03      1.59e-04    3.9e-05
 565700      2.00e-03      1.44e-04    3.9e-05
 565800      2.97e-03      2.14e-04    3.9e-05
 565900      1.14e-03      8.21e-05    3.9e-05
 566000      9.23e-04      6.66e-05    3.9e-05
 566100      2.20e-03      1.59e-04    3.9e-05
 566200      1.23e-03      8.86e-05    3.9e-05
 566300      2.96e-03      2.14e-04    3.9e-05
 566400      1.75e-03      1.26e-04    3.9e-05
 566500      1.97e-03      1.43e-04    3.9e-05
 566600      4.83e-03      3.49e-04    3.9e-05
 566700      2.39e-03      1.73e-04    3.9e-05
 566800      1.43e-03      1.03e-04    3.9e-05
 566900      1.51e-03      1.09e-04    3.9e-05
 567000      2.11e-03      1.52e-04    3.9e-05
 567100      2.02e-03      1.46e-04    3.9e-05
 567200      1.41e-03      1.02e-04    3.9e-05
 567300      2.12e-03      1.53e-04    3.9e-05
 567400      3.91e-03      2.82e-04    3.9e-05
 567500      3.15e-03      2.27e-04    3.9e-05
 567600      2.64e-03      1.90e-04    3.9e-05
 567700      2.58e-03      1.86e-04    3.9e-05
 567800      1.80e-03      1.30e-04    3.9e-05
 567900      2.23e-03      1.61e-04    3.9e-05
 568000      2.92e-03      2.11e-04    3.9e-05
 568100      3.46e-03      2.50e-04    3.9e-05
 568200      2.06e-03      1.49e-04    3.9e-05
 568300      1.87e-03      1.35e-04    3.9e-05
 568400      3.62e-03      2.62e-04    3.9e-05
 568500      2.58e-03      1.86e-04    3.9e-05
 568600      2.86e-03      2.06e-04    3.9e-05
 568700      2.62e-03      1.89e-04    3.9e-05
 568800      2.85e-03      2.05e-04    3.9e-05
 568900      2.03e-03      1.46e-04    3.9e-05
 569000      1.78e-03      1.28e-04    3.9e-05
 569100      2.12e-03      1.53e-04    3.9e-05
 569200      4.61e-03      3.33e-04    3.9e-05
 569300      1.95e-03      1.41e-04    3.9e-05
 569400      1.44e-03      1.04e-04    3.9e-05
 569500      3.63e-03      2.62e-04    3.9e-05
 569600      2.33e-03      1.68e-04    3.9e-05
 569700      3.03e-03      2.19e-04    3.9e-05
 569800      8.32e-04      6.00e-05    3.9e-05
 569900      2.78e-03      2.00e-04    3.9e-05
 570000      3.02e-03      2.18e-04    3.8e-05
 570100      1.64e-03      1.19e-04    3.8e-05
 570200      2.38e-03      1.71e-04    3.8e-05
 570300      1.94e-03      1.40e-04    3.8e-05
 570400      3.39e-03      2.44e-04    3.8e-05
 570500      2.19e-03      1.58e-04    3.8e-05
 570600      1.85e-03      1.33e-04    3.8e-05
 570700      4.19e-03      3.02e-04    3.8e-05
 570800      3.20e-03      2.31e-04    3.8e-05
 570900      3.11e-03      2.24e-04    3.8e-05
 571000      3.50e-03      2.53e-04    3.8e-05
 571100      3.80e-03      2.74e-04    3.8e-05
 571200      1.34e-03      9.70e-05    3.8e-05
 571300      2.20e-03      1.59e-04    3.8e-05
 571400      2.15e-03      1.55e-04    3.8e-05
 571500      2.78e-03      2.01e-04    3.8e-05
 571600      1.44e-03      1.04e-04    3.8e-05
 571700      2.50e-03      1.81e-04    3.8e-05
 571800      3.15e-03      2.27e-04    3.8e-05
 571900      2.47e-03      1.78e-04    3.8e-05
 572000      2.96e-03      2.14e-04    3.8e-05
 572100      1.83e-03      1.32e-04    3.8e-05
 572200      2.00e-03      1.44e-04    3.8e-05
 572300      3.34e-03      2.41e-04    3.8e-05
 572400      3.07e-03      2.22e-04    3.8e-05
 572500      4.37e-03      3.16e-04    3.8e-05
 572600      2.16e-03      1.56e-04    3.8e-05
 572700      2.93e-03      2.11e-04    3.8e-05
 572800      2.01e-03      1.45e-04    3.8e-05
 572900      2.39e-03      1.72e-04    3.8e-05
 573000      4.42e-03      3.19e-04    3.8e-05
 573100      2.81e-03      2.03e-04    3.8e-05
 573200      2.57e-03      1.85e-04    3.8e-05
 573300      2.23e-03      1.61e-04    3.8e-05
 573400      3.29e-03      2.37e-04    3.8e-05
 573500      2.53e-03      1.83e-04    3.8e-05
 573600      1.46e-03      1.06e-04    3.8e-05
 573700      2.32e-03      1.67e-04    3.8e-05
 573800      3.63e-03      2.62e-04    3.8e-05
 573900      2.12e-03      1.53e-04    3.8e-05
 574000      1.70e-03      1.23e-04    3.8e-05
 574100      2.57e-03      1.86e-04    3.8e-05
 574200      3.45e-03      2.49e-04    3.8e-05
 574300      1.85e-03      1.33e-04    3.8e-05
 574400      1.47e-03      1.06e-04    3.8e-05
 574500      2.92e-03      2.11e-04    3.8e-05
 574600      1.98e-03      1.43e-04    3.8e-05
 574700      2.83e-03      2.04e-04    3.8e-05
 574800      3.22e-03      2.32e-04    3.8e-05
 574900      2.69e-03      1.94e-04    3.8e-05
 575000      2.60e-03      1.88e-04    3.7e-05
 575100      3.28e-03      2.37e-04    3.7e-05
 575200      2.86e-03      2.06e-04    3.7e-05
 575300      1.95e-03      1.41e-04    3.7e-05
 575400      2.58e-03      1.86e-04    3.7e-05
 575500      3.28e-03      2.37e-04    3.7e-05
 575600      3.20e-03      2.31e-04    3.7e-05
 575700      2.55e-03      1.84e-04    3.7e-05
 575800      2.82e-03      2.03e-04    3.7e-05
 575900      4.00e-03      2.89e-04    3.7e-05
 576000      1.34e-03      9.69e-05    3.7e-05
 576100      2.10e-03      1.51e-04    3.7e-05
 576200      2.21e-03      1.60e-04    3.7e-05
 576300      2.19e-03      1.58e-04    3.7e-05
 576400      1.48e-03      1.07e-04    3.7e-05
 576500      3.65e-03      2.63e-04    3.7e-05
 576600      2.75e-03      1.98e-04    3.7e-05
 576700      1.71e-03      1.23e-04    3.7e-05
 576800      1.89e-03      1.36e-04    3.7e-05
 576900      1.03e-03      7.43e-05    3.7e-05
 577000      2.54e-03      1.83e-04    3.7e-05
 577100      2.15e-03      1.55e-04    3.7e-05
 577200      1.63e-03      1.18e-04    3.7e-05
 577300      1.64e-03      1.18e-04    3.7e-05
 577400      1.63e-03      1.18e-04    3.7e-05
 577500      3.80e-03      2.74e-04    3.7e-05
 577600      3.22e-03      2.32e-04    3.7e-05
 577700      2.47e-03      1.78e-04    3.7e-05
 577800      2.68e-03      1.93e-04    3.7e-05
 577900      2.86e-03      2.07e-04    3.7e-05
 578000      2.14e-03      1.55e-04    3.7e-05
 578100      1.52e-03      1.10e-04    3.7e-05
 578200      3.33e-03      2.40e-04    3.7e-05
 578300      2.44e-03      1.76e-04    3.7e-05
 578400      4.83e-03      3.49e-04    3.7e-05
 578500      2.72e-03      1.96e-04    3.7e-05
 578600      2.62e-03      1.89e-04    3.7e-05
 578700      2.26e-03      1.63e-04    3.7e-05
 578800      2.72e-03      1.96e-04    3.7e-05
 578900      1.76e-03      1.27e-04    3.7e-05
 579000      2.49e-03      1.80e-04    3.7e-05
 579100      1.06e-03      7.67e-05    3.7e-05
 579200      2.02e-03      1.46e-04    3.7e-05
 579300      1.73e-03      1.25e-04    3.7e-05
 579400      1.75e-03      1.26e-04    3.7e-05
 579500      2.97e-03      2.15e-04    3.7e-05
 579600      1.50e-03      1.08e-04    3.7e-05
 579700      1.68e-03      1.21e-04    3.7e-05
 579800      1.61e-03      1.16e-04    3.7e-05
 579900      2.33e-03      1.68e-04    3.7e-05
 580000      1.92e-03      1.38e-04    3.5e-05
 580100      1.80e-03      1.30e-04    3.5e-05
 580200      9.26e-04      6.68e-05    3.5e-05
 580300      1.41e-03      1.02e-04    3.5e-05
 580400      2.55e-03      1.84e-04    3.5e-05
 580500      2.40e-03      1.73e-04    3.5e-05
 580600      1.07e-03      7.69e-05    3.5e-05
 580700      2.04e-03      1.47e-04    3.5e-05
 580800      1.73e-03      1.25e-04    3.5e-05
 580900      3.78e-03      2.73e-04    3.5e-05
 581000      2.23e-03      1.61e-04    3.5e-05
 581100      1.18e-03      8.55e-05    3.5e-05
 581200      2.68e-03      1.93e-04    3.5e-05
 581300      3.77e-03      2.72e-04    3.5e-05
 581400      2.55e-03      1.84e-04    3.5e-05
 581500      2.18e-03      1.58e-04    3.5e-05
 581600      2.02e-03      1.45e-04    3.5e-05
 581700      2.51e-03      1.81e-04    3.5e-05
 581800      2.03e-03      1.47e-04    3.5e-05
 581900      1.29e-03      9.32e-05    3.5e-05
 582000      7.03e-04      5.07e-05    3.5e-05
 582100      2.39e-03      1.72e-04    3.5e-05
 582200      7.70e-04      5.56e-05    3.5e-05
 582300      1.07e-03      7.73e-05    3.5e-05
 582400      1.95e-03      1.40e-04    3.5e-05
 582500      2.34e-03      1.69e-04    3.5e-05
 582600      1.82e-03      1.31e-04    3.5e-05
 582700      1.14e-03      8.21e-05    3.5e-05
 582800      2.43e-03      1.76e-04    3.5e-05
 582900      1.79e-03      1.29e-04    3.5e-05
 583000      1.91e-03      1.38e-04    3.5e-05
 583100      2.56e-03      1.85e-04    3.5e-05
 583200      1.04e-03      7.50e-05    3.5e-05
 583300      2.35e-03      1.70e-04    3.5e-05
 583400      3.84e-03      2.77e-04    3.5e-05
 583500      2.19e-03      1.58e-04    3.5e-05
 583600      2.11e-03      1.53e-04    3.5e-05
 583700      1.58e-03      1.14e-04    3.5e-05
 583800      2.40e-03      1.73e-04    3.5e-05
 583900      3.72e-03      2.69e-04    3.5e-05
 584000      1.47e-03      1.06e-04    3.5e-05
 584100      2.84e-03      2.05e-04    3.5e-05
 584200      1.86e-03      1.34e-04    3.5e-05
 584300      2.19e-03      1.58e-04    3.5e-05
 584400      1.36e-03      9.79e-05    3.5e-05
 584500      4.56e-03      3.29e-04    3.5e-05
 584600      1.73e-03      1.25e-04    3.5e-05
 584700      1.45e-03      1.04e-04    3.5e-05
 584800      1.80e-03      1.30e-04    3.5e-05
 584900      2.45e-03      1.77e-04    3.5e-05
 585000      1.54e-03      1.11e-04    3.4e-05
 585100      1.22e-03      8.83e-05    3.4e-05
 585200      1.63e-03      1.18e-04    3.4e-05
 585300      1.61e-03      1.16e-04    3.4e-05
 585400      3.43e-03      2.47e-04    3.4e-05
 585500      1.06e-03      7.67e-05    3.4e-05
 585600      2.47e-03      1.78e-04    3.4e-05
 585700      5.01e-03      3.61e-04    3.4e-05
 585800      1.35e-03      9.75e-05    3.4e-05
 585900      2.82e-03      2.04e-04    3.4e-05
 586000      1.75e-03      1.26e-04    3.4e-05
 586100      2.21e-03      1.60e-04    3.4e-05
 586200      2.88e-03      2.08e-04    3.4e-05
 586300      1.17e-03      8.42e-05    3.4e-05
 586400      1.76e-03      1.27e-04    3.4e-05
 586500      3.66e-03      2.64e-04    3.4e-05
 586600      3.84e-03      2.77e-04    3.4e-05
 586700      1.65e-03      1.19e-04    3.4e-05
 586800      2.27e-03      1.64e-04    3.4e-05
 586900      2.50e-03      1.81e-04    3.4e-05
 587000      3.50e-03      2.53e-04    3.4e-05
 587100      1.80e-03      1.30e-04    3.4e-05
 587200      2.04e-03      1.47e-04    3.4e-05
 587300      2.65e-03      1.91e-04    3.4e-05
 587400      2.38e-03      1.72e-04    3.4e-05
 587500      1.66e-03      1.20e-04    3.4e-05
 587600      1.56e-03      1.13e-04    3.4e-05
 587700      2.85e-03      2.06e-04    3.4e-05
 587800      1.75e-03      1.26e-04    3.4e-05
 587900      2.28e-03      1.65e-04    3.4e-05
 588000      2.50e-03      1.80e-04    3.4e-05
 588100      1.98e-03      1.43e-04    3.4e-05
 588200      1.43e-03      1.03e-04    3.4e-05
 588300      2.36e-03      1.70e-04    3.4e-05
 588400      2.72e-03      1.96e-04    3.4e-05
 588500      1.51e-03      1.09e-04    3.4e-05
 588600      2.30e-03      1.66e-04    3.4e-05
 588700      2.28e-03      1.64e-04    3.4e-05
 588800      4.96e-03      3.58e-04    3.4e-05
 588900      3.76e-03      2.71e-04    3.4e-05
 589000      4.40e-03      3.18e-04    3.4e-05
 589100      2.93e-03      2.11e-04    3.4e-05
 589200      2.21e-03      1.60e-04    3.4e-05
 589300      2.06e-03      1.49e-04    3.4e-05
 589400      2.25e-03      1.62e-04    3.4e-05
 589500      1.28e-03      9.27e-05    3.4e-05
 589600      1.82e-03      1.32e-04    3.4e-05
 589700      2.42e-03      1.75e-04    3.4e-05
 589800      1.66e-03      1.20e-04    3.4e-05
 589900      1.98e-03      1.43e-04    3.4e-05
 590000      2.97e-03      2.14e-04    3.3e-05
 590100      3.01e-03      2.17e-04    3.3e-05
 590200      3.37e-03      2.43e-04    3.3e-05
 590300      2.00e-03      1.44e-04    3.3e-05
 590400      1.76e-03      1.27e-04    3.3e-05
 590500      1.81e-03      1.31e-04    3.3e-05
 590600      1.37e-03      9.87e-05    3.3e-05
 590700      1.15e-03      8.32e-05    3.3e-05
 590800      2.85e-03      2.06e-04    3.3e-05
 590900      1.20e-03      8.68e-05    3.3e-05
 591000      4.74e-03      3.42e-04    3.3e-05
 591100      2.72e-03      1.97e-04    3.3e-05
 591200      1.37e-03      9.91e-05    3.3e-05
 591300      1.18e-03      8.51e-05    3.3e-05
 591400      2.59e-03      1.87e-04    3.3e-05
 591500      3.48e-03      2.51e-04    3.3e-05
 591600      2.99e-03      2.16e-04    3.3e-05
 591700      2.64e-03      1.91e-04    3.3e-05
 591800      1.31e-03      9.44e-05    3.3e-05
 591900      3.00e-03      2.16e-04    3.3e-05
 592000      1.09e-03      7.84e-05    3.3e-05
 592100      4.29e-03      3.09e-04    3.3e-05
 592200      1.69e-03      1.22e-04    3.3e-05
 592300      1.45e-03      1.05e-04    3.3e-05
 592400      2.55e-03      1.84e-04    3.3e-05
 592500      1.85e-03      1.34e-04    3.3e-05
 592600      1.96e-03      1.41e-04    3.3e-05
 592700      2.51e-03      1.81e-04    3.3e-05
 592800      1.67e-03      1.21e-04    3.3e-05
 592900      2.21e-03      1.59e-04    3.3e-05
 593000      1.28e-03      9.25e-05    3.3e-05
 593100      1.57e-03      1.13e-04    3.3e-05
 593200      2.28e-03      1.65e-04    3.3e-05
 593300      2.68e-03      1.93e-04    3.3e-05
 593400      1.54e-03      1.11e-04    3.3e-05
 593500      1.76e-03      1.27e-04    3.3e-05
 593600      1.79e-03      1.30e-04    3.3e-05
 593700      2.55e-03      1.84e-04    3.3e-05
 593800      1.85e-03      1.34e-04    3.3e-05
 593900      1.77e-03      1.28e-04    3.3e-05
 594000      2.74e-03      1.98e-04    3.3e-05
 594100      1.70e-03      1.23e-04    3.3e-05
 594200      1.26e-03      9.06e-05    3.3e-05
 594300      2.11e-03      1.52e-04    3.3e-05
 594400      2.13e-03      1.54e-04    3.3e-05
 594500      1.36e-03      9.82e-05    3.3e-05
 594600      1.72e-03      1.24e-04    3.3e-05
 594700      1.44e-03      1.04e-04    3.3e-05
 594800      2.65e-03      1.92e-04    3.3e-05
 594900      3.66e-03      2.64e-04    3.3e-05
 595000      4.25e-03      3.07e-04    3.3e-05
 595100      3.36e-03      2.42e-04    3.3e-05
 595200      4.25e-03      3.07e-04    3.3e-05
 595300      2.88e-03      2.08e-04    3.3e-05
 595400      2.86e-03      2.07e-04    3.3e-05
 595500      2.23e-03      1.61e-04    3.3e-05
 595600      2.44e-03      1.76e-04    3.3e-05
 595700      3.21e-03      2.32e-04    3.3e-05
 595800      2.65e-03      1.91e-04    3.3e-05
 595900      3.22e-03      2.32e-04    3.3e-05
 596000      1.55e-03      1.12e-04    3.3e-05
 596100      1.77e-03      1.28e-04    3.3e-05
 596200      2.34e-03      1.69e-04    3.3e-05
 596300      2.01e-03      1.45e-04    3.3e-05
 596400      1.95e-03      1.41e-04    3.3e-05
 596500      1.74e-03      1.26e-04    3.3e-05
 596600      1.63e-03      1.18e-04    3.3e-05
 596700      1.46e-03      1.05e-04    3.3e-05
 596800      2.30e-03      1.66e-04    3.3e-05
 596900      1.63e-03      1.18e-04    3.3e-05
 597000      3.04e-03      2.19e-04    3.3e-05
 597100      2.52e-03      1.82e-04    3.3e-05
 597200      1.75e-03      1.27e-04    3.3e-05
 597300      2.71e-03      1.96e-04    3.3e-05
 597400      3.09e-03      2.23e-04    3.3e-05
 597500      1.39e-03      1.00e-04    3.3e-05
 597600      1.84e-03      1.33e-04    3.3e-05
 597700      2.50e-03      1.81e-04    3.3e-05
 597800      2.22e-03      1.60e-04    3.3e-05
 597900      3.89e-03      2.81e-04    3.3e-05
 598000      2.46e-03      1.77e-04    3.3e-05
 598100      1.98e-03      1.43e-04    3.3e-05
 598200      2.12e-03      1.53e-04    3.3e-05
 598300      1.81e-03      1.30e-04    3.3e-05
 598400      1.97e-03      1.42e-04    3.3e-05
 598500      1.99e-03      1.43e-04    3.3e-05
 598600      1.35e-03      9.76e-05    3.3e-05
 598700      2.67e-03      1.93e-04    3.3e-05
 598800      1.69e-03      1.22e-04    3.3e-05
 598900      2.12e-03      1.53e-04    3.3e-05
 599000      3.35e-03      2.42e-04    3.3e-05
 599100      2.75e-03      1.98e-04    3.3e-05
 599200      2.79e-03      2.01e-04    3.3e-05
 599300      8.19e-04      5.91e-05    3.3e-05
 599400      6.05e-04      4.37e-05    3.3e-05
 599500      1.77e-03      1.28e-04    3.3e-05
 599600      1.82e-03      1.31e-04    3.3e-05
 599700      1.83e-03      1.32e-04    3.3e-05
 599800      1.88e-03      1.36e-04    3.3e-05
 599900      9.59e-04      6.92e-05    3.3e-05
 600000      1.74e-03      1.26e-04    3.2e-05
 600100      1.34e-03      9.67e-05    3.2e-05
 600200      2.46e-03      1.78e-04    3.2e-05
 600300      1.53e-03      1.11e-04    3.2e-05
 600400      9.68e-04      6.98e-05    3.2e-05
 600500      1.27e-03      9.16e-05    3.2e-05
 600600      2.26e-03      1.63e-04    3.2e-05
 600700      1.40e-03      1.01e-04    3.2e-05
 600800      3.15e-03      2.28e-04    3.2e-05
 600900      1.37e-03      9.87e-05    3.2e-05
 601000      1.94e-03      1.40e-04    3.2e-05
 601100      1.66e-03      1.19e-04    3.2e-05
 601200      1.85e-03      1.33e-04    3.2e-05
 601300      1.67e-03      1.21e-04    3.2e-05
 601400      2.11e-03      1.52e-04    3.2e-05
 601500      1.49e-03      1.07e-04    3.2e-05
 601600      2.29e-03      1.65e-04    3.2e-05
 601700      3.56e-03      2.57e-04    3.2e-05
 601800      1.24e-03      8.96e-05    3.2e-05
 601900      1.36e-03      9.80e-05    3.2e-05
 602000      2.43e-03      1.76e-04    3.2e-05
 602100      2.98e-03      2.15e-04    3.2e-05
 602200      3.56e-03      2.57e-04    3.2e-05
 602300      1.56e-03      1.12e-04    3.2e-05
 602400      2.62e-03      1.89e-04    3.2e-05
 602500      2.79e-03      2.01e-04    3.2e-05
 602600      1.06e-03      7.66e-05    3.2e-05
 602700      1.59e-03      1.15e-04    3.2e-05
 602800      1.33e-03      9.59e-05    3.2e-05
 602900      2.28e-03      1.64e-04    3.2e-05
 603000      1.98e-03      1.43e-04    3.2e-05
 603100      1.66e-03      1.20e-04    3.2e-05
 603200      1.74e-03      1.25e-04    3.2e-05
 603300      2.45e-03      1.77e-04    3.2e-05
 603400      2.00e-03      1.45e-04    3.2e-05
 603500      1.59e-03      1.15e-04    3.2e-05
 603600      2.25e-03      1.62e-04    3.2e-05
 603700      1.05e-03      7.56e-05    3.2e-05
 603800      1.33e-03      9.59e-05    3.2e-05
 603900      1.30e-03      9.36e-05    3.2e-05
 604000      1.12e-03      8.05e-05    3.2e-05
 604100      1.51e-03      1.09e-04    3.2e-05
 604200      1.45e-03      1.05e-04    3.2e-05
 604300      1.95e-03      1.40e-04    3.2e-05
 604400      2.67e-03      1.92e-04    3.2e-05
 604500      2.42e-03      1.75e-04    3.2e-05
 604600      2.08e-03      1.50e-04    3.2e-05
 604700      2.37e-03      1.71e-04    3.2e-05
 604800      1.66e-03      1.20e-04    3.2e-05
 604900      1.26e-03      9.12e-05    3.2e-05
 605000      2.70e-03      1.95e-04    3.1e-05
 605100      2.35e-03      1.70e-04    3.1e-05
 605200      2.40e-03      1.73e-04    3.1e-05
 605300      2.07e-03      1.49e-04    3.1e-05
 605400      1.38e-03      9.93e-05    3.1e-05
 605500      2.17e-03      1.56e-04    3.1e-05
 605600      1.68e-03      1.21e-04    3.1e-05
 605700      8.29e-04      5.98e-05    3.1e-05
 605800      1.41e-03      1.02e-04    3.1e-05
 605900      2.76e-03      1.99e-04    3.1e-05
 606000      1.25e-03      8.99e-05    3.1e-05
 606100      1.94e-03      1.40e-04    3.1e-05
 606200      2.16e-03      1.56e-04    3.1e-05
 606300      1.27e-03      9.18e-05    3.1e-05
 606400      3.18e-03      2.30e-04    3.1e-05
 606500      1.32e-03      9.53e-05    3.1e-05
 606600      2.23e-03      1.61e-04    3.1e-05
 606700      8.96e-04      6.47e-05    3.1e-05
 606800      1.94e-03      1.40e-04    3.1e-05
 606900      1.70e-03      1.23e-04    3.1e-05
 607000      1.31e-03      9.44e-05    3.1e-05
 607100      2.57e-03      1.85e-04    3.1e-05
 607200      2.23e-03      1.61e-04    3.1e-05
 607300      2.22e-03      1.60e-04    3.1e-05
 607400      2.18e-03      1.58e-04    3.1e-05
 607500      2.38e-03      1.72e-04    3.1e-05
 607600      3.11e-03      2.25e-04    3.1e-05
 607700      1.34e-03      9.70e-05    3.1e-05
 607800      2.43e-03      1.75e-04    3.1e-05
 607900      2.41e-03      1.74e-04    3.1e-05
 608000      1.08e-03      7.80e-05    3.1e-05
 608100      2.78e-03      2.01e-04    3.1e-05
 608200      1.13e-03      8.19e-05    3.1e-05
 608300      8.61e-04      6.21e-05    3.1e-05
 608400      2.35e-03      1.70e-04    3.1e-05
 608500      1.06e-03      7.63e-05    3.1e-05
 608600      1.61e-03      1.16e-04    3.1e-05
 608700      2.24e-03      1.62e-04    3.1e-05
 608800      1.21e-03      8.72e-05    3.1e-05
 608900      1.89e-03      1.37e-04    3.1e-05
 609000      5.70e-04      4.11e-05    3.1e-05
 609100      1.71e-03      1.24e-04    3.1e-05
 609200      1.17e-03      8.42e-05    3.1e-05
 609300      1.93e-03      1.39e-04    3.1e-05
 609400      1.41e-03      1.01e-04    3.1e-05
 609500      1.68e-03      1.21e-04    3.1e-05
 609600      9.56e-04      6.90e-05    3.1e-05
 609700      1.73e-03      1.25e-04    3.1e-05
 609800      1.40e-03      1.01e-04    3.1e-05
 609900      1.53e-03      1.10e-04    3.1e-05
 610000      1.17e-03      8.41e-05    3.0e-05
 610100      1.57e-03      1.13e-04    3.0e-05
 610200      2.85e-03      2.06e-04    3.0e-05
 610300      1.43e-03      1.03e-04    3.0e-05
 610400      2.45e-03      1.77e-04    3.0e-05
 610500      3.87e-03      2.80e-04    3.0e-05
 610600      1.88e-03      1.36e-04    3.0e-05
 610700      1.32e-03      9.50e-05    3.0e-05
 610800      2.70e-03      1.95e-04    3.0e-05
 610900      2.22e-03      1.60e-04    3.0e-05
 611000      1.63e-03      1.17e-04    3.0e-05
 611100      3.68e-03      2.66e-04    3.0e-05
 611200      1.40e-03      1.01e-04    3.0e-05
 611300      1.11e-03      8.01e-05    3.0e-05
 611400      1.82e-03      1.31e-04    3.0e-05
 611500      1.61e-03      1.16e-04    3.0e-05
 611600      7.51e-04      5.42e-05    3.0e-05
 611700      1.84e-03      1.33e-04    3.0e-05
 611800      1.56e-03      1.12e-04    3.0e-05
 611900      1.17e-03      8.42e-05    3.0e-05
 612000      3.01e-03      2.17e-04    3.0e-05
 612100      2.03e-03      1.47e-04    3.0e-05
 612200      5.74e-03      4.14e-04    3.0e-05
 612300      1.25e-03      9.00e-05    3.0e-05
 612400      1.62e-03      1.17e-04    3.0e-05
 612500      3.06e-03      2.21e-04    3.0e-05
 612600      1.21e-03      8.73e-05    3.0e-05
 612700      1.55e-03      1.12e-04    3.0e-05
 612800      3.27e-03      2.36e-04    3.0e-05
 612900      3.36e-03      2.42e-04    3.0e-05
 613000      1.46e-03      1.05e-04    3.0e-05
 613100      1.84e-03      1.33e-04    3.0e-05
 613200      2.22e-03      1.61e-04    3.0e-05
 613300      1.37e-03      9.90e-05    3.0e-05
 613400      2.16e-03      1.56e-04    3.0e-05
 613500      1.12e-03      8.05e-05    3.0e-05
 613600      1.67e-03      1.21e-04    3.0e-05
 613700      2.71e-03      1.95e-04    3.0e-05
 613800      1.21e-03      8.75e-05    3.0e-05
 613900      2.20e-03      1.58e-04    3.0e-05
 614000      1.39e-03      1.01e-04    3.0e-05
 614100      1.18e-03      8.51e-05    3.0e-05
 614200      7.94e-04      5.73e-05    3.0e-05
 614300      2.89e-03      2.09e-04    3.0e-05
 614400      2.33e-03      1.68e-04    3.0e-05
 614500      2.30e-03      1.66e-04    3.0e-05
 614600      1.94e-03      1.40e-04    3.0e-05
 614700      1.57e-03      1.14e-04    3.0e-05
 614800      2.33e-03      1.68e-04    3.0e-05
 614900      1.36e-03      9.85e-05    3.0e-05
 615000      1.65e-03      1.19e-04    2.9e-05
 615100      1.57e-03      1.13e-04    2.9e-05
 615200      1.49e-03      1.08e-04    2.9e-05
 615300      2.22e-03      1.60e-04    2.9e-05
 615400      1.84e-03      1.33e-04    2.9e-05
 615500      7.35e-04      5.31e-05    2.9e-05
 615600      3.66e-03      2.64e-04    2.9e-05
 615700      1.49e-03      1.08e-04    2.9e-05
 615800      2.31e-03      1.67e-04    2.9e-05
 615900      1.04e-03      7.49e-05    2.9e-05
 616000      1.43e-03      1.03e-04    2.9e-05
 616100      3.52e-04      2.54e-05    2.9e-05
 616200      1.39e-03      1.00e-04    2.9e-05
 616300      2.13e-03      1.54e-04    2.9e-05
 616400      1.43e-03      1.03e-04    2.9e-05
 616500      1.91e-03      1.38e-04    2.9e-05
 616600      1.89e-03      1.36e-04    2.9e-05
 616700      1.85e-03      1.33e-04    2.9e-05
 616800      2.12e-03      1.53e-04    2.9e-05
 616900      1.38e-03      9.94e-05    2.9e-05
 617000      4.36e-03      3.15e-04    2.9e-05
 617100      1.78e-03      1.28e-04    2.9e-05
 617200      1.89e-03      1.36e-04    2.9e-05
 617300      2.06e-03      1.49e-04    2.9e-05
 617400      2.68e-03      1.94e-04    2.9e-05
 617500      2.26e-03      1.63e-04    2.9e-05
 617600      2.10e-03      1.51e-04    2.9e-05
 617700      1.89e-03      1.36e-04    2.9e-05
 617800      1.94e-03      1.40e-04    2.9e-05
 617900      1.03e-03      7.40e-05    2.9e-05
 618000      1.75e-03      1.26e-04    2.9e-05
 618100      2.76e-03      2.00e-04    2.9e-05
 618200      2.65e-03      1.91e-04    2.9e-05
 618300      1.99e-03      1.43e-04    2.9e-05
 618400      2.85e-03      2.06e-04    2.9e-05
 618500      8.48e-04      6.12e-05    2.9e-05
 618600      9.56e-04      6.90e-05    2.9e-05
 618700      9.14e-04      6.59e-05    2.9e-05
 618800      2.61e-03      1.88e-04    2.9e-05
 618900      1.19e-03      8.60e-05    2.9e-05
 619000      1.40e-03      1.01e-04    2.9e-05
 619100      2.69e-03      1.94e-04    2.9e-05
 619200      4.14e-03      2.98e-04    2.9e-05
 619300      1.06e-03      7.68e-05    2.9e-05
 619400      1.20e-03      8.68e-05    2.9e-05
 619500      1.54e-03      1.11e-04    2.9e-05
 619600      1.81e-03      1.30e-04    2.9e-05
 619700      2.47e-03      1.78e-04    2.9e-05
 619800      2.03e-03      1.47e-04    2.9e-05
 619900      1.82e-03      1.31e-04    2.9e-05
 620000      2.20e-03      1.58e-04    2.8e-05
 620100      1.21e-03      8.71e-05    2.8e-05
 620200      1.94e-03      1.40e-04    2.8e-05
 620300      2.79e-03      2.01e-04    2.8e-05
 620400      1.53e-03      1.10e-04    2.8e-05
 620500      1.98e-03      1.43e-04    2.8e-05
 620600      1.80e-03      1.30e-04    2.8e-05
 620700      2.92e-03      2.11e-04    2.8e-05
 620800      2.28e-03      1.64e-04    2.8e-05
 620900      1.47e-03      1.06e-04    2.8e-05
 621000      2.68e-03      1.93e-04    2.8e-05
 621100      1.29e-03      9.29e-05    2.8e-05
 621200      2.02e-03      1.46e-04    2.8e-05
 621300      2.76e-03      1.99e-04    2.8e-05
 621400      2.05e-03      1.48e-04    2.8e-05
 621500      1.77e-03      1.28e-04    2.8e-05
 621600      1.41e-03      1.02e-04    2.8e-05
 621700      1.27e-03      9.16e-05    2.8e-05
 621800      2.74e-03      1.97e-04    2.8e-05
 621900      1.95e-03      1.40e-04    2.8e-05
 622000      1.47e-03      1.06e-04    2.8e-05
 622100      2.21e-03      1.60e-04    2.8e-05
 622200      3.96e-03      2.85e-04    2.8e-05
 622300      3.00e-03      2.16e-04    2.8e-05
 622400      1.88e-03      1.35e-04    2.8e-05
 622500      2.45e-03      1.77e-04    2.8e-05
 622600      2.21e-03      1.59e-04    2.8e-05
 622700      8.81e-04      6.36e-05    2.8e-05
 622800      1.34e-03      9.69e-05    2.8e-05
 622900      1.42e-03      1.02e-04    2.8e-05
 623000      1.76e-03      1.27e-04    2.8e-05
 623100      9.62e-04      6.94e-05    2.8e-05
 623200      1.69e-03      1.22e-04    2.8e-05
 623300      1.36e-03      9.79e-05    2.8e-05
 623400      6.92e-04      4.99e-05    2.8e-05
 623500      2.29e-03      1.65e-04    2.8e-05
 623600      1.12e-03      8.11e-05    2.8e-05
 623700      9.91e-04      7.15e-05    2.8e-05
 623800      2.25e-03      1.62e-04    2.8e-05
 623900      1.18e-03      8.49e-05    2.8e-05
 624000      1.63e-03      1.18e-04    2.8e-05
 624100      4.58e-03      3.30e-04    2.8e-05
 624200      9.85e-04      7.11e-05    2.8e-05
 624300      1.52e-03      1.09e-04    2.8e-05
 624400      1.31e-03      9.48e-05    2.8e-05
 624500      1.30e-03      9.38e-05    2.8e-05
 624600      1.58e-03      1.14e-04    2.8e-05
 624700      7.49e-04      5.41e-05    2.8e-05
 624800      2.02e-03      1.46e-04    2.8e-05
 624900      2.17e-03      1.57e-04    2.8e-05
 625000      1.62e-03      1.17e-04    2.7e-05
 625100      2.27e-03      1.64e-04    2.7e-05
 625200      1.31e-03      9.49e-05    2.7e-05
 625300      1.18e-03      8.49e-05    2.7e-05
 625400      1.74e-03      1.26e-04    2.7e-05
 625500      1.06e-03      7.68e-05    2.7e-05
 625600      2.27e-03      1.63e-04    2.7e-05
 625700      2.45e-03      1.77e-04    2.7e-05
 625800      7.14e-04      5.16e-05    2.7e-05
 625900      1.31e-03      9.43e-05    2.7e-05
 626000      1.27e-03      9.14e-05    2.7e-05
 626100      2.40e-03      1.73e-04    2.7e-05
 626200      1.99e-03      1.44e-04    2.7e-05
 626300      2.14e-03      1.54e-04    2.7e-05
 626400      1.11e-03      8.04e-05    2.7e-05
 626500      1.34e-03      9.66e-05    2.7e-05
 626600      1.49e-03      1.08e-04    2.7e-05
 626700      2.28e-03      1.64e-04    2.7e-05
 626800      1.24e-03      8.97e-05    2.7e-05
 626900      1.95e-03      1.40e-04    2.7e-05
 627000      1.89e-03      1.37e-04    2.7e-05
 627100      3.10e-03      2.24e-04    2.7e-05
 627200      1.08e-03      7.81e-05    2.7e-05
 627300      2.20e-03      1.58e-04    2.7e-05
 627400      2.16e-03      1.56e-04    2.7e-05
 627500      3.35e-03      2.42e-04    2.7e-05
 627600      2.10e-03      1.52e-04    2.7e-05
 627700      1.18e-03      8.55e-05    2.7e-05
 627800      2.59e-03      1.87e-04    2.7e-05
 627900      3.32e-03      2.40e-04    2.7e-05
 628000      1.56e-03      1.12e-04    2.7e-05
 628100      8.30e-04      5.99e-05    2.7e-05
 628200      1.74e-03      1.26e-04    2.7e-05
 628300      2.48e-03      1.79e-04    2.7e-05
 628400      2.23e-03      1.61e-04    2.7e-05
 628500      1.66e-03      1.20e-04    2.7e-05
 628600      1.36e-03      9.80e-05    2.7e-05
 628700      1.61e-03      1.16e-04    2.7e-05
 628800      1.84e-03      1.33e-04    2.7e-05
 628900      2.28e-03      1.64e-04    2.7e-05
 629000      1.45e-03      1.05e-04    2.7e-05
 629100      1.04e-03      7.53e-05    2.7e-05
 629200      1.48e-03      1.07e-04    2.7e-05
 629300      1.35e-03      9.77e-05    2.7e-05
 629400      2.06e-03      1.49e-04    2.7e-05
 629500      1.42e-03      1.03e-04    2.7e-05
 629600      1.81e-03      1.30e-04    2.7e-05
 629700      1.77e-03      1.28e-04    2.7e-05
 629800      2.38e-03      1.71e-04    2.7e-05
 629900      2.20e-03      1.59e-04    2.7e-05
 630000      2.09e-03      1.51e-04    2.7e-05
 630100      2.88e-03      2.07e-04    2.7e-05
 630200      1.25e-03      9.02e-05    2.7e-05
 630300      1.07e-03      7.75e-05    2.7e-05
 630400      1.78e-03      1.28e-04    2.7e-05
 630500      1.70e-03      1.23e-04    2.7e-05
 630600      1.75e-03      1.26e-04    2.7e-05
 630700      1.48e-03      1.07e-04    2.7e-05
 630800      8.85e-04      6.39e-05    2.7e-05
 630900      9.49e-04      6.85e-05    2.7e-05
 631000      2.07e-03      1.49e-04    2.7e-05
 631100      1.32e-03      9.56e-05    2.7e-05
 631200      1.20e-03      8.66e-05    2.7e-05
 631300      1.81e-03      1.30e-04    2.7e-05
 631400      1.12e-03      8.12e-05    2.7e-05
 631500      1.34e-03      9.68e-05    2.7e-05
 631600      1.36e-03      9.82e-05    2.7e-05
 631700      2.53e-03      1.83e-04    2.7e-05
 631800      1.45e-03      1.04e-04    2.7e-05
 631900      1.46e-03      1.06e-04    2.7e-05
 632000      1.97e-03      1.42e-04    2.7e-05
 632100      1.53e-03      1.10e-04    2.7e-05
 632200      1.12e-03      8.10e-05    2.7e-05
 632300      1.48e-03      1.07e-04    2.7e-05
 632400      7.53e-04      5.44e-05    2.7e-05
 632500      2.23e-03      1.61e-04    2.7e-05
 632600      1.53e-03      1.10e-04    2.7e-05
 632700      2.15e-03      1.55e-04    2.7e-05
 632800      3.18e-03      2.29e-04    2.7e-05
 632900      1.59e-03      1.15e-04    2.7e-05
 633000      1.71e-03      1.23e-04    2.7e-05
 633100      1.98e-03      1.43e-04    2.7e-05
 633200      2.69e-03      1.94e-04    2.7e-05
 633300      1.52e-03      1.10e-04    2.7e-05
 633400      1.98e-03      1.43e-04    2.7e-05
 633500      1.86e-03      1.34e-04    2.7e-05
 633600      2.38e-03      1.71e-04    2.7e-05
 633700      1.06e-03      7.63e-05    2.7e-05
 633800      1.66e-03      1.20e-04    2.7e-05
 633900      1.72e-03      1.24e-04    2.7e-05
 634000      1.28e-03      9.21e-05    2.7e-05
 634100      2.66e-03      1.92e-04    2.7e-05
 634200      1.83e-03      1.32e-04    2.7e-05
 634300      1.53e-03      1.10e-04    2.7e-05
 634400      1.83e-03      1.32e-04    2.7e-05
 634500      1.77e-03      1.28e-04    2.7e-05
 634600      1.47e-03      1.06e-04    2.7e-05
 634700      1.16e-03      8.34e-05    2.7e-05
 634800      2.46e-03      1.78e-04    2.7e-05
 634900      3.16e-03      2.28e-04    2.7e-05
 635000      3.32e-03      2.40e-04    2.6e-05
 635100      1.35e-03      9.73e-05    2.6e-05
 635200      2.32e-03      1.67e-04    2.6e-05
 635300      3.30e-03      2.38e-04    2.6e-05
 635400      1.12e-03      8.09e-05    2.6e-05
 635500      1.74e-03      1.26e-04    2.6e-05
 635600      1.94e-03      1.40e-04    2.6e-05
 635700      1.21e-03      8.72e-05    2.6e-05
 635800      1.69e-03      1.22e-04    2.6e-05
 635900      9.47e-04      6.84e-05    2.6e-05
 636000      1.71e-03      1.24e-04    2.6e-05
 636100      2.65e-03      1.92e-04    2.6e-05
 636200      1.30e-03      9.38e-05    2.6e-05
 636300      7.25e-04      5.23e-05    2.6e-05
 636400      2.44e-03      1.76e-04    2.6e-05
 636500      1.03e-03      7.42e-05    2.6e-05
 636600      7.84e-04      5.66e-05    2.6e-05
 636700      1.26e-03      9.07e-05    2.6e-05
 636800      1.31e-03      9.49e-05    2.6e-05
 636900      1.63e-03      1.18e-04    2.6e-05
 637000      1.75e-03      1.26e-04    2.6e-05
 637100      1.23e-03      8.86e-05    2.6e-05
 637200      2.23e-03      1.61e-04    2.6e-05
 637300      1.43e-03      1.03e-04    2.6e-05
 637400      1.59e-03      1.15e-04    2.6e-05
 637500      1.08e-03      7.76e-05    2.6e-05
 637600      2.14e-03      1.54e-04    2.6e-05
 637700      1.62e-03      1.17e-04    2.6e-05
 637800      2.11e-03      1.52e-04    2.6e-05
 637900      1.84e-03      1.33e-04    2.6e-05
 638000      2.06e-03      1.49e-04    2.6e-05
 638100      5.25e-04      3.79e-05    2.6e-05
 638200      1.15e-03      8.28e-05    2.6e-05
 638300      2.67e-03      1.93e-04    2.6e-05
 638400      3.04e-03      2.19e-04    2.6e-05
 638500      2.39e-03      1.73e-04    2.6e-05
 638600      1.46e-03      1.05e-04    2.6e-05
 638700      2.32e-03      1.67e-04    2.6e-05
 638800      1.96e-03      1.41e-04    2.6e-05
 638900      1.19e-03      8.58e-05    2.6e-05
 639000      1.42e-03      1.02e-04    2.6e-05
 639100      1.70e-03      1.23e-04    2.6e-05
 639200      6.75e-04      4.87e-05    2.6e-05
 639300      1.73e-03      1.25e-04    2.6e-05
 639400      1.39e-03      1.01e-04    2.6e-05
 639500      1.72e-03      1.24e-04    2.6e-05
 639600      1.58e-03      1.14e-04    2.6e-05
 639700      2.32e-03      1.68e-04    2.6e-05
 639800      1.02e-03      7.38e-05    2.6e-05
 639900      1.63e-03      1.18e-04    2.6e-05
 640000      3.52e-03      2.54e-04    2.5e-05
 640100      1.66e-03      1.20e-04    2.5e-05
 640200      1.10e-03      7.95e-05    2.5e-05
 640300      2.44e-03      1.76e-04    2.5e-05
 640400      1.34e-03      9.69e-05    2.5e-05
 640500      1.60e-03      1.15e-04    2.5e-05
 640600      7.74e-04      5.58e-05    2.5e-05
 640700      1.37e-03      9.90e-05    2.5e-05
 640800      1.22e-03      8.80e-05    2.5e-05
 640900      1.58e-03      1.14e-04    2.5e-05
 641000      1.51e-03      1.09e-04    2.5e-05
 641100      1.56e-03      1.12e-04    2.5e-05
 641200      1.08e-03      7.82e-05    2.5e-05
 641300      7.07e-04      5.10e-05    2.5e-05
 641400      2.71e-03      1.95e-04    2.5e-05
 641500      7.94e-04      5.73e-05    2.5e-05
 641600      1.47e-03      1.06e-04    2.5e-05
 641700      1.11e-03      8.01e-05    2.5e-05
 641800      1.13e-03      8.18e-05    2.5e-05
 641900      1.87e-03      1.35e-04    2.5e-05
 642000      2.75e-03      1.98e-04    2.5e-05
 642100      1.35e-03      9.72e-05    2.5e-05
 642200      1.34e-03      9.69e-05    2.5e-05
 642300      1.25e-03      9.04e-05    2.5e-05
 642400      1.22e-03      8.80e-05    2.5e-05
 642500      1.78e-03      1.29e-04    2.5e-05
 642600      7.36e-04      5.31e-05    2.5e-05
 642700      2.29e-03      1.65e-04    2.5e-05
 642800      1.75e-03      1.26e-04    2.5e-05
 642900      2.46e-03      1.78e-04    2.5e-05
 643000      1.47e-03      1.06e-04    2.5e-05
 643100      1.68e-03      1.21e-04    2.5e-05
 643200      3.47e-03      2.50e-04    2.5e-05
 643300      1.95e-03      1.41e-04    2.5e-05
 643400      3.37e-03      2.43e-04    2.5e-05
 643500      1.38e-03      9.94e-05    2.5e-05
 643600      1.91e-03      1.38e-04    2.5e-05
 643700      2.18e-03      1.57e-04    2.5e-05
 643800      1.28e-03      9.24e-05    2.5e-05
 643900      1.93e-03      1.40e-04    2.5e-05
 644000      1.35e-03      9.75e-05    2.5e-05
 644100      1.87e-03      1.35e-04    2.5e-05
 644200      1.49e-03      1.07e-04    2.5e-05
 644300      9.22e-04      6.66e-05    2.5e-05
 644400      2.60e-03      1.88e-04    2.5e-05
 644500      2.07e-03      1.49e-04    2.5e-05
 644600      1.07e-03      7.71e-05    2.5e-05
 644700      1.41e-03      1.02e-04    2.5e-05
 644800      1.20e-03      8.64e-05    2.5e-05
 644900      1.24e-03      8.92e-05    2.5e-05
 645000      1.21e-03      8.72e-05    2.4e-05
 645100      1.56e-03      1.13e-04    2.4e-05
 645200      1.38e-03      9.97e-05    2.4e-05
 645300      1.95e-03      1.41e-04    2.4e-05
 645400      3.44e-03      2.48e-04    2.4e-05
 645500      1.18e-03      8.53e-05    2.4e-05
 645600      8.88e-04      6.41e-05    2.4e-05
 645700      1.31e-03      9.46e-05    2.4e-05
 645800      1.74e-03      1.25e-04    2.4e-05
 645900      9.21e-04      6.65e-05    2.4e-05
 646000      1.23e-03      8.90e-05    2.4e-05
 646100      7.37e-04      5.32e-05    2.4e-05
 646200      1.40e-03      1.01e-04    2.4e-05
 646300      1.69e-03      1.22e-04    2.4e-05
 646400      1.13e-03      8.16e-05    2.4e-05
 646500      1.70e-03      1.23e-04    2.4e-05
 646600      1.28e-03      9.22e-05    2.4e-05
 646700      2.14e-03      1.54e-04    2.4e-05
 646800      1.32e-03      9.52e-05    2.4e-05
 646900      1.74e-03      1.25e-04    2.4e-05
 647000      1.26e-03      9.08e-05    2.4e-05
 647100      1.02e-03      7.37e-05    2.4e-05
 647200      1.13e-03      8.18e-05    2.4e-05
 647300      8.09e-04      5.84e-05    2.4e-05
 647400      2.44e-03      1.76e-04    2.4e-05
 647500      2.70e-03      1.95e-04    2.4e-05
 647600      1.33e-03      9.62e-05    2.4e-05
 647700      1.35e-03      9.74e-05    2.4e-05
 647800      1.72e-03      1.24e-04    2.4e-05
 647900      1.29e-03      9.31e-05    2.4e-05
 648000      1.26e-03      9.07e-05    2.4e-05
 648100      1.78e-03      1.28e-04    2.4e-05
 648200      5.18e-04      3.74e-05    2.4e-05
 648300      6.86e-04      4.95e-05    2.4e-05
 648400      1.80e-03      1.30e-04    2.4e-05
 648500      1.39e-03      1.00e-04    2.4e-05
 648600      1.37e-03      9.90e-05    2.4e-05
 648700      8.23e-04      5.94e-05    2.4e-05
 648800      7.62e-04      5.50e-05    2.4e-05
 648900      1.20e-03      8.67e-05    2.4e-05
 649000      1.39e-03      1.00e-04    2.4e-05
 649100      1.64e-03      1.19e-04    2.4e-05
 649200      1.61e-03      1.16e-04    2.4e-05
 649300      1.81e-03      1.31e-04    2.4e-05
 649400      2.19e-03      1.58e-04    2.4e-05
 649500      1.03e-03      7.45e-05    2.4e-05
 649600      1.51e-03      1.09e-04    2.4e-05
 649700      1.15e-03      8.29e-05    2.4e-05
 649800      3.73e-04      2.69e-05    2.4e-05
 649900      1.18e-03      8.53e-05    2.4e-05
 650000      2.49e-03      1.80e-04    2.4e-05
 650100      2.12e-03      1.53e-04    2.4e-05
 650200      2.10e-03      1.51e-04    2.4e-05
 650300      2.19e-03      1.58e-04    2.4e-05
 650400      2.15e-03      1.55e-04    2.4e-05
 650500      1.32e-03      9.51e-05    2.4e-05
 650600      1.58e-03      1.14e-04    2.4e-05
 650700      1.58e-03      1.14e-04    2.4e-05
 650800      2.12e-03      1.53e-04    2.4e-05
 650900      1.49e-03      1.08e-04    2.4e-05
 651000      2.61e-04      1.88e-05    2.4e-05
 651100      2.16e-03      1.56e-04    2.4e-05
 651200      2.21e-03      1.60e-04    2.4e-05
 651300      1.52e-03      1.09e-04    2.4e-05
 651400      1.47e-03      1.06e-04    2.4e-05
 651500      1.05e-03      7.56e-05    2.4e-05
 651600      4.84e-03      3.49e-04    2.4e-05
 651700      9.85e-04      7.11e-05    2.4e-05
 651800      8.76e-04      6.32e-05    2.4e-05
 651900      1.34e-03      9.68e-05    2.4e-05
 652000      3.38e-03      2.44e-04    2.4e-05
 652100      7.32e-04      5.29e-05    2.4e-05
 652200      1.84e-03      1.33e-04    2.4e-05
 652300      1.57e-03      1.13e-04    2.4e-05
 652400      1.49e-03      1.07e-04    2.4e-05
 652500      1.32e-03      9.56e-05    2.4e-05
 652600      1.45e-03      1.05e-04    2.4e-05
 652700      9.51e-04      6.86e-05    2.4e-05
 652800      1.82e-03      1.31e-04    2.4e-05
 652900      2.00e-03      1.44e-04    2.4e-05
 653000      1.24e-03      8.97e-05    2.4e-05
 653100      1.34e-03      9.64e-05    2.4e-05
 653200      1.99e-03      1.44e-04    2.4e-05
 653300      1.34e-03      9.66e-05    2.4e-05
 653400      1.01e-03      7.26e-05    2.4e-05
 653500      3.12e-03      2.25e-04    2.4e-05
 653600      2.32e-03      1.68e-04    2.4e-05
 653700      1.07e-03      7.74e-05    2.4e-05
 653800      7.37e-04      5.32e-05    2.4e-05
 653900      2.77e-03      2.00e-04    2.4e-05
 654000      8.88e-04      6.41e-05    2.4e-05
 654100      1.66e-03      1.19e-04    2.4e-05
 654200      2.34e-03      1.69e-04    2.4e-05
 654300      2.67e-03      1.92e-04    2.4e-05
 654400      1.14e-03      8.24e-05    2.4e-05
 654500      1.54e-03      1.11e-04    2.4e-05
 654600      1.26e-03      9.06e-05    2.4e-05
 654700      2.31e-03      1.66e-04    2.4e-05
 654800      7.71e-04      5.56e-05    2.4e-05
 654900      1.25e-03      9.01e-05    2.4e-05
 655000      1.14e-03      8.26e-05    2.3e-05
 655100      1.52e-03      1.10e-04    2.3e-05
 655200      2.42e-03      1.75e-04    2.3e-05
 655300      8.88e-04      6.41e-05    2.3e-05
 655400      4.01e-03      2.89e-04    2.3e-05
 655500      1.59e-03      1.15e-04    2.3e-05
 655600      1.69e-03      1.22e-04    2.3e-05
 655700      1.03e-03      7.44e-05    2.3e-05
 655800      1.13e-03      8.14e-05    2.3e-05
 655900      7.70e-04      5.56e-05    2.3e-05
 656000      1.92e-03      1.39e-04    2.3e-05
 656100      1.09e-03      7.84e-05    2.3e-05
 656200      1.10e-03      7.94e-05    2.3e-05
 656300      1.23e-03      8.86e-05    2.3e-05
 656400      1.17e-03      8.46e-05    2.3e-05
 656500      1.07e-03      7.72e-05    2.3e-05
 656600      3.00e-03      2.16e-04    2.3e-05
 656700      2.57e-03      1.86e-04    2.3e-05
 656800      1.36e-03      9.81e-05    2.3e-05
 656900      1.35e-03      9.72e-05    2.3e-05
 657000      1.24e-03      8.94e-05    2.3e-05
 657100      9.85e-04      7.11e-05    2.3e-05
 657200      1.47e-03      1.06e-04    2.3e-05
 657300      1.24e-03      8.93e-05    2.3e-05
 657400      1.11e-03      8.03e-05    2.3e-05
 657500      1.31e-03      9.46e-05    2.3e-05
 657600      1.88e-03      1.35e-04    2.3e-05
 657700      1.95e-03      1.41e-04    2.3e-05
 657800      8.69e-04      6.27e-05    2.3e-05
 657900      2.06e-03      1.49e-04    2.3e-05
 658000      1.23e-03      8.86e-05    2.3e-05
 658100      1.94e-03      1.40e-04    2.3e-05
 658200      1.92e-03      1.39e-04    2.3e-05
 658300      2.02e-03      1.46e-04    2.3e-05
 658400      1.96e-03      1.42e-04    2.3e-05
 658500      8.43e-04      6.09e-05    2.3e-05
 658600      1.72e-03      1.24e-04    2.3e-05
 658700      1.40e-03      1.01e-04    2.3e-05
 658800      1.28e-03      9.27e-05    2.3e-05
 658900      1.93e-03      1.39e-04    2.3e-05
 659000      6.87e-04      4.96e-05    2.3e-05
 659100      9.55e-04      6.89e-05    2.3e-05
 659200      1.54e-03      1.11e-04    2.3e-05
 659300      1.76e-03      1.27e-04    2.3e-05
 659400      8.80e-04      6.35e-05    2.3e-05
 659500      1.29e-03      9.34e-05    2.3e-05
 659600      1.02e-03      7.39e-05    2.3e-05
 659700      1.66e-03      1.20e-04    2.3e-05
 659800      1.35e-03      9.76e-05    2.3e-05
 659900      1.44e-03      1.04e-04    2.3e-05
 660000      1.22e-03      8.83e-05    2.2e-05
 660100      1.35e-03      9.77e-05    2.2e-05
 660200      1.64e-03      1.18e-04    2.2e-05
 660300      1.02e-03      7.36e-05    2.2e-05
 660400      7.77e-04      5.61e-05    2.2e-05
 660500      2.38e-03      1.72e-04    2.2e-05
 660600      1.18e-03      8.51e-05    2.2e-05
 660700      1.35e-03      9.76e-05    2.2e-05
 660800      1.43e-03      1.03e-04    2.2e-05
 660900      1.91e-03      1.38e-04    2.2e-05
 661000      1.49e-03      1.07e-04    2.2e-05
 661100      1.47e-03      1.06e-04    2.2e-05
 661200      2.05e-03      1.48e-04    2.2e-05
 661300      5.58e-04      4.02e-05    2.2e-05
 661400      1.36e-03      9.78e-05    2.2e-05
 661500      9.96e-04      7.18e-05    2.2e-05
 661600      1.05e-03      7.59e-05    2.2e-05
 661700      6.79e-04      4.90e-05    2.2e-05
 661800      9.16e-04      6.61e-05    2.2e-05
 661900      1.58e-03      1.14e-04    2.2e-05
 662000      1.17e-03      8.41e-05    2.2e-05
 662100      2.26e-03      1.63e-04    2.2e-05
 662200      2.51e-03      1.81e-04    2.2e-05
 662300      1.55e-03      1.12e-04    2.2e-05
 662400      1.29e-03      9.29e-05    2.2e-05
 662500      5.12e-04      3.70e-05    2.2e-05
 662600      1.13e-03      8.14e-05    2.2e-05
 662700      1.61e-03      1.16e-04    2.2e-05
 662800      2.31e-03      1.67e-04    2.2e-05
 662900      2.79e-03      2.01e-04    2.2e-05
 663000      8.12e-04      5.86e-05    2.2e-05
 663100      1.77e-03      1.28e-04    2.2e-05
 663200      7.95e-04      5.73e-05    2.2e-05
 663300      7.52e-04      5.43e-05    2.2e-05
 663400      1.15e-03      8.29e-05    2.2e-05
 663500      1.66e-03      1.20e-04    2.2e-05
 663600      2.20e-03      1.59e-04    2.2e-05
 663700      1.05e-03      7.60e-05    2.2e-05
 663800      1.68e-03      1.21e-04    2.2e-05
 663900      1.46e-03      1.05e-04    2.2e-05
 664000      1.83e-03      1.32e-04    2.2e-05
 664100      1.50e-03      1.08e-04    2.2e-05
 664200      2.90e-03      2.09e-04    2.2e-05
 664300      1.53e-03      1.10e-04    2.2e-05
 664400      1.43e-03      1.03e-04    2.2e-05
 664500      6.93e-04      5.00e-05    2.2e-05
 664600      1.96e-03      1.41e-04    2.2e-05
 664700      2.10e-03      1.52e-04    2.2e-05
 664800      1.01e-03      7.31e-05    2.2e-05
 664900      1.93e-03      1.39e-04    2.2e-05
 665000      1.53e-03      1.10e-04    2.2e-05
 665100      1.56e-03      1.13e-04    2.2e-05
 665200      1.04e-03      7.52e-05    2.2e-05
 665300      1.06e-03      7.65e-05    2.2e-05
 665400      1.38e-03      9.95e-05    2.2e-05
 665500      1.49e-03      1.08e-04    2.2e-05
 665600      1.58e-03      1.14e-04    2.2e-05
 665700      1.79e-03      1.29e-04    2.2e-05
 665800      1.12e-03      8.05e-05    2.2e-05
 665900      1.22e-03      8.79e-05    2.2e-05
 666000      5.75e-04      4.15e-05    2.2e-05
 666100      1.41e-03      1.02e-04    2.2e-05
 666200      1.04e-03      7.53e-05    2.2e-05
 666300      1.47e-03      1.06e-04    2.2e-05
 666400      1.66e-03      1.20e-04    2.2e-05
 666500      1.69e-03      1.22e-04    2.2e-05
 666600      1.29e-03      9.29e-05    2.2e-05
 666700      1.42e-03      1.03e-04    2.2e-05
 666800      1.33e-03      9.61e-05    2.2e-05
 666900      1.45e-03      1.04e-04    2.2e-05
 667000      1.82e-03      1.31e-04    2.2e-05
 667100      1.76e-03      1.27e-04    2.2e-05
 667200      1.59e-03      1.14e-04    2.2e-05
 667300      1.77e-03      1.28e-04    2.2e-05
 667400      1.33e-03      9.60e-05    2.2e-05
 667500      1.34e-03      9.66e-05    2.2e-05
 667600      1.38e-03      9.97e-05    2.2e-05
 667700      1.22e-03      8.81e-05    2.2e-05
 667800      1.89e-03      1.36e-04    2.2e-05
 667900      1.59e-03      1.15e-04    2.2e-05
 668000      1.55e-03      1.12e-04    2.2e-05
 668100      1.80e-03      1.30e-04    2.2e-05
 668200      1.61e-03      1.16e-04    2.2e-05
 668300      1.34e-03      9.66e-05    2.2e-05
 668400      1.75e-03      1.26e-04    2.2e-05
 668500      1.10e-03      7.94e-05    2.2e-05
 668600      1.43e-03      1.03e-04    2.2e-05
 668700      1.26e-03      9.07e-05    2.2e-05
 668800      3.47e-03      2.50e-04    2.2e-05
 668900      9.38e-04      6.77e-05    2.2e-05
 669000      7.05e-04      5.09e-05    2.2e-05
 669100      2.30e-03      1.66e-04    2.2e-05
 669200      1.42e-03      1.03e-04    2.2e-05
 669300      1.23e-03      8.91e-05    2.2e-05
 669400      9.02e-04      6.51e-05    2.2e-05
 669500      1.88e-03      1.36e-04    2.2e-05
 669600      1.13e-03      8.15e-05    2.2e-05
 669700      9.23e-04      6.66e-05    2.2e-05
 669800      1.28e-03      9.25e-05    2.2e-05
 669900      1.42e-03      1.03e-04    2.2e-05
 670000      1.97e-03      1.42e-04    2.1e-05
 670100      1.02e-03      7.36e-05    2.1e-05
 670200      1.46e-03      1.05e-04    2.1e-05
 670300      8.68e-04      6.26e-05    2.1e-05
 670400      5.39e-04      3.89e-05    2.1e-05
 670500      2.20e-03      1.59e-04    2.1e-05
 670600      1.27e-03      9.14e-05    2.1e-05
 670700      1.58e-03      1.14e-04    2.1e-05
 670800      1.46e-03      1.06e-04    2.1e-05
 670900      6.40e-04      4.62e-05    2.1e-05
 671000      1.36e-03      9.79e-05    2.1e-05
 671100      1.77e-03      1.28e-04    2.1e-05
 671200      1.61e-03      1.16e-04    2.1e-05
 671300      1.48e-03      1.07e-04    2.1e-05
 671400      8.03e-04      5.80e-05    2.1e-05
 671500      5.82e-04      4.20e-05    2.1e-05
 671600      1.84e-03      1.33e-04    2.1e-05
 671700      1.26e-03      9.12e-05    2.1e-05
 671800      9.56e-04      6.90e-05    2.1e-05
 671900      1.17e-03      8.47e-05    2.1e-05
 672000      2.37e-03      1.71e-04    2.1e-05
 672100      1.20e-03      8.69e-05    2.1e-05
 672200      1.07e-03      7.71e-05    2.1e-05
 672300      1.68e-03      1.21e-04    2.1e-05
 672400      2.12e-03      1.53e-04    2.1e-05
 672500      9.78e-04      7.06e-05    2.1e-05
 672600      1.69e-03      1.22e-04    2.1e-05
 672700      1.11e-03      7.99e-05    2.1e-05
 672800      6.20e-04      4.48e-05    2.1e-05
 672900      2.93e-03      2.12e-04    2.1e-05
 673000      7.55e-04      5.45e-05    2.1e-05
 673100      1.57e-03      1.13e-04    2.1e-05
 673200      1.31e-03      9.45e-05    2.1e-05
 673300      1.69e-03      1.22e-04    2.1e-05
 673400      1.12e-03      8.05e-05    2.1e-05
 673500      1.48e-03      1.07e-04    2.1e-05
 673600      1.85e-03      1.34e-04    2.1e-05
 673700      9.76e-04      7.04e-05    2.1e-05
 673800      8.96e-04      6.47e-05    2.1e-05
 673900      1.80e-03      1.30e-04    2.1e-05
 674000      1.24e-03      8.92e-05    2.1e-05
 674100      8.71e-04      6.29e-05    2.1e-05
 674200      2.09e-03      1.51e-04    2.1e-05
 674300      1.73e-03      1.25e-04    2.1e-05
 674400      1.93e-03      1.39e-04    2.1e-05
 674500      9.22e-04      6.66e-05    2.1e-05
 674600      2.60e-03      1.88e-04    2.1e-05
 674700      1.37e-03      9.89e-05    2.1e-05
 674800      1.07e-03      7.74e-05    2.1e-05
 674900      3.17e-03      2.29e-04    2.1e-05
 675000      1.82e-03      1.32e-04    2.1e-05
 675100      1.71e-03      1.23e-04    2.1e-05
 675200      5.09e-03      3.67e-04    2.1e-05
 675300      1.19e-03      8.56e-05    2.1e-05
 675400      1.06e-03      7.67e-05    2.1e-05
 675500      5.92e-04      4.28e-05    2.1e-05
 675600      1.10e-03      7.96e-05    2.1e-05
 675700      1.24e-03      8.98e-05    2.1e-05
 675800      1.30e-03      9.39e-05    2.1e-05
 675900      1.75e-03      1.27e-04    2.1e-05
 676000      1.69e-03      1.22e-04    2.1e-05
 676100      1.73e-03      1.25e-04    2.1e-05
 676200      9.01e-04      6.50e-05    2.1e-05
 676300      1.14e-03      8.21e-05    2.1e-05
 676400      1.44e-03      1.04e-04    2.1e-05
 676500      1.42e-03      1.02e-04    2.1e-05
 676600      1.58e-03      1.14e-04    2.1e-05
 676700      1.65e-03      1.19e-04    2.1e-05
 676800      1.02e-03      7.38e-05    2.1e-05
 676900      8.05e-04      5.81e-05    2.1e-05
 677000      1.11e-03      8.02e-05    2.1e-05
 677100      8.21e-04      5.93e-05    2.1e-05
 677200      1.02e-03      7.36e-05    2.1e-05
 677300      1.16e-03      8.39e-05    2.1e-05
 677400      1.06e-03      7.68e-05    2.1e-05
 677500      8.99e-04      6.49e-05    2.1e-05
 677600      1.58e-03      1.14e-04    2.1e-05
 677700      1.61e-03      1.16e-04    2.1e-05
 677800      1.40e-03      1.01e-04    2.1e-05
 677900      1.34e-03      9.70e-05    2.1e-05
 678000      8.50e-04      6.13e-05    2.1e-05
 678100      7.66e-04      5.53e-05    2.1e-05
 678200      2.61e-03      1.88e-04    2.1e-05
 678300      1.10e-03      7.93e-05    2.1e-05
 678400      6.71e-04      4.84e-05    2.1e-05
 678500      8.74e-04      6.31e-05    2.1e-05
 678600      8.90e-04      6.42e-05    2.1e-05
 678700      1.48e-03      1.07e-04    2.1e-05
 678800      1.17e-03      8.44e-05    2.1e-05
 678900      1.15e-03      8.32e-05    2.1e-05
 679000      1.34e-03      9.64e-05    2.1e-05
 679100      2.13e-03      1.54e-04    2.1e-05
 679200      1.29e-03      9.28e-05    2.1e-05
 679300      2.37e-03      1.71e-04    2.1e-05
 679400      1.71e-03      1.24e-04    2.1e-05
 679500      8.72e-04      6.29e-05    2.1e-05
 679600      1.30e-03      9.41e-05    2.1e-05
 679700      2.29e-03      1.65e-04    2.1e-05
 679800      1.58e-03      1.14e-04    2.1e-05
 679900      1.26e-03      9.07e-05    2.1e-05
 680000      1.09e-03      7.87e-05    2.0e-05
 680100      7.81e-04      5.64e-05    2.0e-05
 680200      1.19e-03      8.59e-05    2.0e-05
 680300      1.34e-03      9.64e-05    2.0e-05
 680400      2.09e-03      1.51e-04    2.0e-05
 680500      7.03e-04      5.07e-05    2.0e-05
 680600      1.09e-03      7.83e-05    2.0e-05
 680700      1.12e-03      8.05e-05    2.0e-05
 680800      8.82e-04      6.37e-05    2.0e-05
 680900      1.30e-03      9.36e-05    2.0e-05
 681000      8.86e-04      6.40e-05    2.0e-05
 681100      1.07e-03      7.69e-05    2.0e-05
 681200      1.72e-03      1.24e-04    2.0e-05
 681300      2.07e-03      1.49e-04    2.0e-05
 681400      1.39e-03      1.00e-04    2.0e-05
 681500      1.06e-03      7.62e-05    2.0e-05
 681600      7.24e-04      5.22e-05    2.0e-05
 681700      2.01e-03      1.45e-04    2.0e-05
 681800      9.47e-04      6.84e-05    2.0e-05
 681900      9.48e-04      6.84e-05    2.0e-05
 682000      1.50e-03      1.08e-04    2.0e-05
 682100      9.50e-04      6.85e-05    2.0e-05
 682200      1.25e-03      9.01e-05    2.0e-05
 682300      1.10e-03      7.94e-05    2.0e-05
 682400      1.24e-03      8.94e-05    2.0e-05
 682500      9.54e-04      6.88e-05    2.0e-05
 682600      1.44e-03      1.04e-04    2.0e-05
 682700      8.06e-04      5.82e-05    2.0e-05
 682800      2.03e-03      1.47e-04    2.0e-05
 682900      1.24e-03      8.92e-05    2.0e-05
 683000      1.18e-03      8.51e-05    2.0e-05
 683100      1.56e-03      1.12e-04    2.0e-05
 683200      1.44e-03      1.04e-04    2.0e-05
 683300      2.13e-03      1.54e-04    2.0e-05
 683400      2.00e-03      1.45e-04    2.0e-05
 683500      1.88e-03      1.36e-04    2.0e-05
 683600      1.46e-03      1.05e-04    2.0e-05
 683700      1.09e-03      7.89e-05    2.0e-05
 683800      8.18e-04      5.90e-05    2.0e-05
 683900      1.53e-03      1.10e-04    2.0e-05
 684000      5.14e-04      3.71e-05    2.0e-05
 684100      1.71e-03      1.24e-04    2.0e-05
 684200      5.10e-04      3.68e-05    2.0e-05
 684300      9.58e-04      6.91e-05    2.0e-05
 684400      2.10e-03      1.52e-04    2.0e-05
 684500      1.28e-03      9.26e-05    2.0e-05
 684600      1.51e-03      1.09e-04    2.0e-05
 684700      9.28e-04      6.70e-05    2.0e-05
 684800      1.37e-03      9.90e-05    2.0e-05
 684900      1.43e-03      1.04e-04    2.0e-05
 685000      7.20e-04      5.19e-05    1.9e-05
 685100      1.42e-03      1.02e-04    1.9e-05
 685200      9.63e-04      6.95e-05    1.9e-05
 685300      1.18e-03      8.52e-05    1.9e-05
 685400      1.11e-03      8.01e-05    1.9e-05
 685500      1.63e-03      1.18e-04    1.9e-05
 685600      1.23e-03      8.90e-05    1.9e-05
 685700      8.23e-04      5.94e-05    1.9e-05
 685800      5.71e-04      4.12e-05    1.9e-05
 685900      9.94e-04      7.17e-05    1.9e-05
 686000      8.43e-04      6.09e-05    1.9e-05
 686100      5.68e-04      4.10e-05    1.9e-05
 686200      8.36e-04      6.03e-05    1.9e-05
 686300      1.18e-03      8.52e-05    1.9e-05
 686400      6.52e-04      4.70e-05    1.9e-05
 686500      9.49e-04      6.85e-05    1.9e-05
 686600      1.55e-03      1.12e-04    1.9e-05
 686700      1.95e-03      1.41e-04    1.9e-05
 686800      1.52e-03      1.09e-04    1.9e-05
 686900      6.62e-04      4.78e-05    1.9e-05
 687000      1.42e-03      1.02e-04    1.9e-05
 687100      1.60e-03      1.15e-04    1.9e-05
 687200      1.27e-03      9.18e-05    1.9e-05
 687300      1.61e-03      1.16e-04    1.9e-05
 687400      1.20e-03      8.63e-05    1.9e-05
 687500      6.80e-04      4.91e-05    1.9e-05
 687600      1.28e-03      9.20e-05    1.9e-05
 687700      6.81e-04      4.92e-05    1.9e-05
 687800      1.74e-03      1.26e-04    1.9e-05
 687900      1.39e-03      1.00e-04    1.9e-05
 688000      1.09e-03      7.88e-05    1.9e-05
 688100      9.41e-04      6.79e-05    1.9e-05
 688200      3.64e-04      2.62e-05    1.9e-05
 688300      1.29e-03      9.33e-05    1.9e-05
 688400      1.41e-03      1.02e-04    1.9e-05
 688500      1.37e-03      9.92e-05    1.9e-05
 688600      1.22e-03      8.83e-05    1.9e-05
 688700      1.13e-03      8.12e-05    1.9e-05
 688800      8.73e-04      6.30e-05    1.9e-05
 688900      8.18e-04      5.90e-05    1.9e-05
 689000      1.94e-03      1.40e-04    1.9e-05
 689100      1.45e-03      1.05e-04    1.9e-05
 689200      1.17e-03      8.42e-05    1.9e-05
 689300      1.42e-03      1.03e-04    1.9e-05
 689400      7.67e-04      5.53e-05    1.9e-05
 689500      8.73e-04      6.30e-05    1.9e-05
 689600      1.40e-03      1.01e-04    1.9e-05
 689700      1.06e-03      7.68e-05    1.9e-05
 689800      8.94e-04      6.45e-05    1.9e-05
 689900      2.08e-03      1.50e-04    1.9e-05
 690000      1.86e-03      1.34e-04    1.9e-05
 690100      2.16e-03      1.56e-04    1.9e-05
 690200      6.96e-04      5.02e-05    1.9e-05
 690300      1.41e-03      1.02e-04    1.9e-05
 690400      9.90e-04      7.15e-05    1.9e-05
 690500      1.62e-03      1.17e-04    1.9e-05
 690600      1.32e-03      9.55e-05    1.9e-05
 690700      9.16e-04      6.61e-05    1.9e-05
 690800      9.21e-04      6.65e-05    1.9e-05
 690900      1.10e-03      7.90e-05    1.9e-05
 691000      1.54e-03      1.11e-04    1.9e-05
 691100      6.52e-04      4.71e-05    1.9e-05
 691200      2.23e-03      1.61e-04    1.9e-05
 691300      1.23e-03      8.88e-05    1.9e-05
 691400      1.47e-03      1.06e-04    1.9e-05
 691500      1.05e-03      7.59e-05    1.9e-05
 691600      1.54e-03      1.11e-04    1.9e-05
 691700      8.23e-04      5.94e-05    1.9e-05
 691800      1.20e-03      8.66e-05    1.9e-05
 691900      9.14e-04      6.60e-05    1.9e-05
 692000      7.34e-04      5.30e-05    1.9e-05
 692100      7.29e-04      5.26e-05    1.9e-05
 692200      4.82e-04      3.48e-05    1.9e-05
 692300      1.53e-03      1.10e-04    1.9e-05
 692400      5.19e-04      3.75e-05    1.9e-05
 692500      8.81e-04      6.36e-05    1.9e-05
 692600      1.27e-03      9.13e-05    1.9e-05
 692700      9.80e-04      7.07e-05    1.9e-05
 692800      7.52e-04      5.43e-05    1.9e-05
 692900      6.04e-04      4.36e-05    1.9e-05
 693000      1.36e-03      9.84e-05    1.9e-05
 693100      9.06e-04      6.54e-05    1.9e-05
 693200      3.53e-04      2.55e-05    1.9e-05
 693300      1.87e-03      1.35e-04    1.9e-05
 693400      1.91e-03      1.37e-04    1.9e-05
 693500      9.86e-04      7.12e-05    1.9e-05
 693600      9.98e-04      7.20e-05    1.9e-05
 693700      1.44e-03      1.04e-04    1.9e-05
 693800      9.33e-04      6.74e-05    1.9e-05
 693900      1.18e-03      8.50e-05    1.9e-05
 694000      1.04e-03      7.53e-05    1.9e-05
 694100      1.73e-03      1.25e-04    1.9e-05
 694200      1.04e-03      7.51e-05    1.9e-05
 694300      1.38e-03      9.99e-05    1.9e-05
 694400      1.02e-03      7.34e-05    1.9e-05
 694500      1.86e-03      1.34e-04    1.9e-05
 694600      1.23e-03      8.91e-05    1.9e-05
 694700      1.29e-03      9.29e-05    1.9e-05
 694800      1.34e-03      9.70e-05    1.9e-05
 694900      9.67e-04      6.98e-05    1.9e-05
 695000      1.16e-03      8.37e-05    1.8e-05
 695100      6.81e-04      4.92e-05    1.8e-05
 695200      9.60e-04      6.93e-05    1.8e-05
 695300      1.45e-03      1.05e-04    1.8e-05
 695400      1.27e-03      9.14e-05    1.8e-05
 695500      1.77e-03      1.28e-04    1.8e-05
 695600      8.23e-04      5.94e-05    1.8e-05
 695700      1.27e-03      9.15e-05    1.8e-05
 695800      1.53e-03      1.11e-04    1.8e-05
 695900      1.61e-03      1.16e-04    1.8e-05
 696000      8.94e-04      6.45e-05    1.8e-05
 696100      8.54e-04      6.16e-05    1.8e-05
 696200      1.29e-03      9.34e-05    1.8e-05
 696300      1.36e-03      9.79e-05    1.8e-05
 696400      1.33e-03      9.60e-05    1.8e-05
 696500      1.57e-03      1.13e-04    1.8e-05
 696600      1.20e-03      8.68e-05    1.8e-05
 696700      1.17e-03      8.46e-05    1.8e-05
 696800      9.31e-04      6.72e-05    1.8e-05
 696900      4.83e-04      3.48e-05    1.8e-05
 697000      1.19e-03      8.59e-05    1.8e-05
 697100      1.16e-03      8.35e-05    1.8e-05
 697200      1.37e-03      9.85e-05    1.8e-05
 697300      1.22e-03      8.78e-05    1.8e-05
 697400      1.17e-03      8.41e-05    1.8e-05
 697500      1.45e-03      1.05e-04    1.8e-05
 697600      8.14e-04      5.87e-05    1.8e-05
 697700      1.24e-03      8.97e-05    1.8e-05
 697800      1.03e-03      7.45e-05    1.8e-05
 697900      8.50e-04      6.14e-05    1.8e-05
 698000      1.23e-03      8.84e-05    1.8e-05
 698100      2.25e-03      1.62e-04    1.8e-05
 698200      2.12e-03      1.53e-04    1.8e-05
 698300      1.48e-03      1.07e-04    1.8e-05
 698400      1.26e-03      9.07e-05    1.8e-05
 698500      1.11e-03      7.99e-05    1.8e-05
 698600      1.62e-03      1.17e-04    1.8e-05
 698700      1.25e-03      9.02e-05    1.8e-05
 698800      2.48e-03      1.79e-04    1.8e-05
 698900      1.08e-03      7.81e-05    1.8e-05
 699000      1.76e-03      1.27e-04    1.8e-05
 699100      8.10e-04      5.84e-05    1.8e-05
 699200      1.69e-03      1.22e-04    1.8e-05
 699300      1.11e-03      8.01e-05    1.8e-05
 699400      7.04e-04      5.08e-05    1.8e-05
 699500      1.21e-03      8.72e-05    1.8e-05
 699600      1.20e-03      8.68e-05    1.8e-05
 699700      9.74e-04      7.03e-05    1.8e-05
 699800      9.89e-04      7.13e-05    1.8e-05
 699900      1.29e-03      9.34e-05    1.8e-05
 700000      8.30e-04      5.99e-05    1.8e-05
 700100      1.47e-03      1.06e-04    1.8e-05
 700200      1.04e-03      7.54e-05    1.8e-05
 700300      1.55e-03      1.12e-04    1.8e-05
 700400      1.32e-03      9.53e-05    1.8e-05
 700500      5.25e-04      3.79e-05    1.8e-05
 700600      1.62e-03      1.17e-04    1.8e-05
 700700      2.24e-03      1.62e-04    1.8e-05
 700800      1.09e-03      7.86e-05    1.8e-05
 700900      1.10e-03      7.93e-05    1.8e-05
 701000      6.80e-04      4.91e-05    1.8e-05
 701100      1.39e-03      1.01e-04    1.8e-05
 701200      7.23e-04      5.22e-05    1.8e-05
 701300      1.09e-03      7.85e-05    1.8e-05
 701400      8.54e-04      6.17e-05    1.8e-05
 701500      7.44e-04      5.37e-05    1.8e-05
 701600      9.20e-04      6.64e-05    1.8e-05
 701700      2.00e-03      1.44e-04    1.8e-05
 701800      1.25e-03      8.99e-05    1.8e-05
 701900      1.22e-03      8.84e-05    1.8e-05
 702000      9.75e-04      7.04e-05    1.8e-05
 702100      1.18e-03      8.48e-05    1.8e-05
 702200      1.50e-03      1.08e-04    1.8e-05
 702300      1.11e-03      8.01e-05    1.8e-05
 702400      8.45e-04      6.10e-05    1.8e-05
 702500      1.15e-03      8.27e-05    1.8e-05
 702600      1.12e-03      8.07e-05    1.8e-05
 702700      1.87e-03      1.35e-04    1.8e-05
 702800      1.23e-03      8.87e-05    1.8e-05
 702900      1.65e-03      1.19e-04    1.8e-05
 703000      5.51e-04      3.97e-05    1.8e-05
 703100      8.69e-04      6.27e-05    1.8e-05
 703200      6.96e-04      5.03e-05    1.8e-05
 703300      7.57e-04      5.46e-05    1.8e-05
 703400      9.43e-04      6.81e-05    1.8e-05
 703500      2.22e-03      1.60e-04    1.8e-05
 703600      1.65e-03      1.19e-04    1.8e-05
 703700      1.61e-03      1.16e-04    1.8e-05
 703800      1.54e-03      1.11e-04    1.8e-05
 703900      9.71e-04      7.00e-05    1.8e-05
 704000      9.67e-04      6.98e-05    1.8e-05
 704100      1.13e-03      8.12e-05    1.8e-05
 704200      8.48e-04      6.12e-05    1.8e-05
 704300      1.12e-03      8.11e-05    1.8e-05
 704400      1.37e-03      9.89e-05    1.8e-05
 704500      8.39e-04      6.06e-05    1.8e-05
 704600      1.18e-03      8.54e-05    1.8e-05
 704700      8.21e-04      5.92e-05    1.8e-05
 704800      1.13e-03      8.13e-05    1.8e-05
 704900      1.14e-03      8.25e-05    1.8e-05
 705000      1.37e-03      9.86e-05    1.7e-05
 705100      9.60e-04      6.93e-05    1.7e-05
 705200      9.67e-04      6.98e-05    1.7e-05
 705300      1.33e-03      9.61e-05    1.7e-05
 705400      2.35e-03      1.69e-04    1.7e-05
 705500      1.26e-03      9.08e-05    1.7e-05
 705600      1.31e-03      9.44e-05    1.7e-05
 705700      1.09e-03      7.88e-05    1.7e-05
 705800      8.12e-04      5.86e-05    1.7e-05
 705900      9.53e-04      6.88e-05    1.7e-05
 706000      8.72e-04      6.29e-05    1.7e-05
 706100      1.31e-03      9.47e-05    1.7e-05
 706200      1.63e-03      1.18e-04    1.7e-05
 706300      1.23e-03      8.85e-05    1.7e-05
 706400      8.56e-04      6.18e-05    1.7e-05
 706500      8.28e-04      5.98e-05    1.7e-05
 706600      1.12e-03      8.07e-05    1.7e-05
 706700      7.14e-04      5.16e-05    1.7e-05
 706800      1.16e-03      8.38e-05    1.7e-05
 706900      1.66e-03      1.20e-04    1.7e-05
 707000      9.41e-04      6.79e-05    1.7e-05
 707100      1.58e-03      1.14e-04    1.7e-05
 707200      8.50e-04      6.14e-05    1.7e-05
 707300      1.54e-03      1.11e-04    1.7e-05
 707400      1.73e-03      1.25e-04    1.7e-05
 707500      7.48e-04      5.40e-05    1.7e-05
 707600      9.64e-04      6.96e-05    1.7e-05
 707700      1.33e-03      9.62e-05    1.7e-05
 707800      1.12e-03      8.05e-05    1.7e-05
 707900      2.04e-03      1.47e-04    1.7e-05
 708000      1.08e-03      7.82e-05    1.7e-05
 708100      6.55e-04      4.73e-05    1.7e-05
 708200      1.70e-03      1.23e-04    1.7e-05
 708300      9.22e-04      6.66e-05    1.7e-05
 708400      1.13e-03      8.13e-05    1.7e-05
 708500      1.53e-03      1.10e-04    1.7e-05
 708600      1.08e-03      7.83e-05    1.7e-05
 708700      1.67e-03      1.21e-04    1.7e-05
 708800      5.57e-04      4.02e-05    1.7e-05
 708900      9.39e-04      6.78e-05    1.7e-05
 709000      2.22e-03      1.60e-04    1.7e-05
 709100      1.23e-03      8.90e-05    1.7e-05
 709200      1.01e-03      7.27e-05    1.7e-05
 709300      1.02e-03      7.39e-05    1.7e-05
 709400      7.18e-04      5.18e-05    1.7e-05
 709500      7.75e-04      5.59e-05    1.7e-05
 709600      1.44e-03      1.04e-04    1.7e-05
 709700      6.81e-04      4.92e-05    1.7e-05
 709800      6.80e-04      4.91e-05    1.7e-05
 709900      1.23e-03      8.87e-05    1.7e-05
 710000      9.74e-04      7.03e-05    1.7e-05
 710100      1.20e-03      8.68e-05    1.7e-05
 710200      1.19e-03      8.55e-05    1.7e-05
 710300      1.68e-03      1.21e-04    1.7e-05
 710400      1.12e-03      8.09e-05    1.7e-05
 710500      1.53e-03      1.10e-04    1.7e-05
 710600      1.35e-03      9.78e-05    1.7e-05
 710700      1.07e-03      7.69e-05    1.7e-05
 710800      1.02e-03      7.36e-05    1.7e-05
 710900      1.22e-03      8.84e-05    1.7e-05
 711000      7.77e-04      5.61e-05    1.7e-05
 711100      1.54e-03      1.11e-04    1.7e-05
 711200      9.57e-04      6.91e-05    1.7e-05
 711300      7.02e-04      5.07e-05    1.7e-05
 711400      8.35e-04      6.03e-05    1.7e-05
 711500      1.18e-03      8.50e-05    1.7e-05
 711600      9.44e-04      6.81e-05    1.7e-05
 711700      9.89e-04      7.14e-05    1.7e-05
 711800      7.69e-04      5.55e-05    1.7e-05
 711900      7.92e-04      5.71e-05    1.7e-05
 712000      9.81e-04      7.08e-05    1.7e-05
 712100      1.07e-03      7.73e-05    1.7e-05
 712200      4.04e-04      2.91e-05    1.7e-05
 712300      4.21e-04      3.04e-05    1.7e-05
 712400      1.29e-03      9.34e-05    1.7e-05
 712500      8.43e-04      6.09e-05    1.7e-05
 712600      1.10e-03      7.97e-05    1.7e-05
 712700      7.06e-04      5.09e-05    1.7e-05
 712800      7.68e-04      5.54e-05    1.7e-05
 712900      8.39e-04      6.05e-05    1.7e-05
 713000      6.35e-04      4.58e-05    1.7e-05
 713100      4.15e-04      3.00e-05    1.7e-05
 713200      3.86e-04      2.79e-05    1.7e-05
 713300      1.20e-03      8.68e-05    1.7e-05
 713400      1.12e-03      8.06e-05    1.7e-05
 713500      5.21e-04      3.76e-05    1.7e-05
 713600      1.41e-03      1.02e-04    1.7e-05
 713700      1.28e-03      9.27e-05    1.7e-05
 713800      1.13e-03      8.12e-05    1.7e-05
 713900      1.26e-03      9.09e-05    1.7e-05
 714000      8.91e-04      6.43e-05    1.7e-05
 714100      1.39e-03      1.00e-04    1.7e-05
 714200      7.56e-04      5.45e-05    1.7e-05
 714300      1.43e-03      1.04e-04    1.7e-05
 714400      7.04e-04      5.08e-05    1.7e-05
 714500      1.14e-03      8.24e-05    1.7e-05
 714600      1.54e-03      1.11e-04    1.7e-05
 714700      9.94e-04      7.17e-05    1.7e-05
 714800      1.50e-03      1.08e-04    1.7e-05
 714900      1.27e-03      9.18e-05    1.7e-05
 715000      1.15e-03      8.31e-05    1.6e-05
 715100      9.16e-04      6.61e-05    1.6e-05
 715200      1.44e-03      1.04e-04    1.6e-05
 715300      1.17e-03      8.44e-05    1.6e-05
 715400      8.06e-04      5.81e-05    1.6e-05
 715500      8.17e-04      5.89e-05    1.6e-05
 715600      6.43e-04      4.64e-05    1.6e-05
 715700      9.51e-04      6.86e-05    1.6e-05
 715800      5.38e-04      3.88e-05    1.6e-05
 715900      8.51e-04      6.14e-05    1.6e-05
 716000      1.48e-03      1.07e-04    1.6e-05
 716100      9.00e-04      6.49e-05    1.6e-05
 716200      7.39e-04      5.33e-05    1.6e-05
 716300      1.13e-03      8.17e-05    1.6e-05
 716400      1.17e-03      8.42e-05    1.6e-05
 716500      8.76e-04      6.32e-05    1.6e-05
 716600      1.33e-03      9.61e-05    1.6e-05
 716700      6.06e-04      4.38e-05    1.6e-05
 716800      1.98e-03      1.43e-04    1.6e-05
 716900      1.15e-03      8.29e-05    1.6e-05
 717000      6.04e-04      4.36e-05    1.6e-05
 717100      6.30e-04      4.55e-05    1.6e-05
 717200      1.21e-03      8.71e-05    1.6e-05
 717300      6.53e-04      4.71e-05    1.6e-05
 717400      6.38e-04      4.61e-05    1.6e-05
 717500      1.20e-03      8.63e-05    1.6e-05
 717600      8.53e-04      6.15e-05    1.6e-05
 717700      1.25e-03      9.03e-05    1.6e-05
 717800      1.37e-03      9.87e-05    1.6e-05
 717900      8.62e-04      6.22e-05    1.6e-05
 718000      8.10e-04      5.84e-05    1.6e-05
 718100      1.14e-03      8.21e-05    1.6e-05
 718200      5.73e-04      4.14e-05    1.6e-05
 718300      1.75e-03      1.26e-04    1.6e-05
 718400      1.36e-03      9.78e-05    1.6e-05
 718500      1.06e-03      7.62e-05    1.6e-05
 718600      1.38e-03      9.99e-05    1.6e-05
 718700      1.43e-03      1.03e-04    1.6e-05
 718800      8.61e-04      6.21e-05    1.6e-05
 718900      7.82e-04      5.65e-05    1.6e-05
 719000      8.87e-04      6.40e-05    1.6e-05
 719100      2.69e-03      1.94e-04    1.6e-05
 719200      8.83e-04      6.37e-05    1.6e-05
 719300      1.23e-03      8.86e-05    1.6e-05
 719400      9.21e-04      6.65e-05    1.6e-05
 719500      1.45e-03      1.04e-04    1.6e-05
 719600      1.08e-03      7.78e-05    1.6e-05
 719700      8.78e-04      6.33e-05    1.6e-05
 719800      2.22e-03      1.60e-04    1.6e-05
 719900      1.48e-03      1.07e-04    1.6e-05
 720000      1.26e-03      9.09e-05    1.6e-05
 720100      8.08e-04      5.83e-05    1.6e-05
 720200      5.13e-04      3.70e-05    1.6e-05
 720300      9.39e-04      6.78e-05    1.6e-05
 720400      6.80e-04      4.91e-05    1.6e-05
 720500      1.12e-03      8.05e-05    1.6e-05
 720600      1.40e-03      1.01e-04    1.6e-05
 720700      1.96e-03      1.41e-04    1.6e-05
 720800      1.40e-03      1.01e-04    1.6e-05
 720900      1.26e-03      9.11e-05    1.6e-05
 721000      1.15e-03      8.32e-05    1.6e-05
 721100      8.56e-04      6.17e-05    1.6e-05
 721200      1.22e-03      8.81e-05    1.6e-05
 721300      9.59e-04      6.92e-05    1.6e-05
 721400      9.81e-04      7.08e-05    1.6e-05
 721500      8.89e-04      6.41e-05    1.6e-05
 721600      1.85e-03      1.33e-04    1.6e-05
 721700      8.04e-04      5.80e-05    1.6e-05
 721800      8.68e-04      6.26e-05    1.6e-05
 721900      5.23e-04      3.78e-05    1.6e-05
 722000      5.89e-04      4.25e-05    1.6e-05
 722100      1.37e-03      9.90e-05    1.6e-05
 722200      2.10e-03      1.51e-04    1.6e-05
 722300      1.29e-03      9.29e-05    1.6e-05
 722400      2.04e-03      1.48e-04    1.6e-05
 722500      8.04e-04      5.80e-05    1.6e-05
 722600      6.92e-04      4.99e-05    1.6e-05
 722700      8.65e-04      6.25e-05    1.6e-05
 722800      1.17e-03      8.46e-05    1.6e-05
 722900      1.04e-03      7.50e-05    1.6e-05
 723000      7.17e-04      5.17e-05    1.6e-05
 723100      1.15e-03      8.28e-05    1.6e-05
 723200      8.58e-04      6.19e-05    1.6e-05
 723300      6.90e-04      4.98e-05    1.6e-05
 723400      1.28e-03      9.25e-05    1.6e-05
 723500      7.90e-04      5.70e-05    1.6e-05
 723600      1.38e-03      9.95e-05    1.6e-05
 723700      8.01e-04      5.78e-05    1.6e-05
 723800      1.20e-03      8.64e-05    1.6e-05
 723900      1.28e-03      9.21e-05    1.6e-05
 724000      1.59e-03      1.15e-04    1.6e-05
 724100      1.75e-03      1.27e-04    1.6e-05
 724200      4.76e-04      3.44e-05    1.6e-05
 724300      1.79e-03      1.30e-04    1.6e-05
 724400      6.64e-04      4.79e-05    1.6e-05
 724500      6.16e-04      4.45e-05    1.6e-05
 724600      9.32e-04      6.73e-05    1.6e-05
 724700      7.02e-04      5.07e-05    1.6e-05
 724800      1.11e-03      8.01e-05    1.6e-05
 724900      6.61e-04      4.77e-05    1.6e-05
 725000      1.48e-03      1.06e-04    1.5e-05
 725100      1.30e-03      9.37e-05    1.5e-05
 725200      8.75e-04      6.31e-05    1.5e-05
 725300      1.35e-03      9.74e-05    1.5e-05
 725400      6.93e-04      5.00e-05    1.5e-05
 725500      1.11e-03      7.98e-05    1.5e-05
 725600      6.62e-04      4.78e-05    1.5e-05
 725700      2.09e-03      1.51e-04    1.5e-05
 725800      1.03e-03      7.41e-05    1.5e-05
 725900      6.85e-04      4.94e-05    1.5e-05
 726000      1.30e-03      9.36e-05    1.5e-05
 726100      5.61e-04      4.05e-05    1.5e-05
 726200      1.00e-03      7.24e-05    1.5e-05
 726300      1.62e-03      1.17e-04    1.5e-05
 726400      8.96e-04      6.47e-05    1.5e-05
 726500      1.23e-03      8.87e-05    1.5e-05
 726600      1.17e-03      8.42e-05    1.5e-05
 726700      6.37e-04      4.59e-05    1.5e-05
 726800      1.09e-03      7.86e-05    1.5e-05
 726900      7.90e-04      5.70e-05    1.5e-05
 727000      1.97e-03      1.42e-04    1.5e-05
 727100      8.76e-04      6.32e-05    1.5e-05
 727200      1.15e-03      8.26e-05    1.5e-05
 727300      1.10e-03      7.92e-05    1.5e-05
 727400      8.06e-04      5.82e-05    1.5e-05
 727500      5.00e-04      3.61e-05    1.5e-05
 727600      1.33e-03      9.62e-05    1.5e-05
 727700      7.26e-04      5.24e-05    1.5e-05
 727800      6.18e-04      4.46e-05    1.5e-05
 727900      1.02e-03      7.37e-05    1.5e-05
 728000      4.95e-04      3.57e-05    1.5e-05
 728100      1.13e-03      8.17e-05    1.5e-05
 728200      1.52e-03      1.10e-04    1.5e-05
 728300      6.01e-04      4.34e-05    1.5e-05
 728400      1.15e-03      8.28e-05    1.5e-05
 728500      1.72e-03      1.24e-04    1.5e-05
 728600      5.06e-04      3.65e-05    1.5e-05
 728700      9.29e-04      6.70e-05    1.5e-05
 728800      5.21e-04      3.76e-05    1.5e-05
 728900      1.21e-03      8.70e-05    1.5e-05
 729000      9.53e-04      6.88e-05    1.5e-05
 729100      8.32e-04      6.00e-05    1.5e-05
 729200      7.73e-04      5.58e-05    1.5e-05
 729300      1.02e-03      7.37e-05    1.5e-05
 729400      1.21e-03      8.74e-05    1.5e-05
 729500      1.14e-03      8.23e-05    1.5e-05
 729600      1.21e-03      8.70e-05    1.5e-05
 729700      7.24e-04      5.22e-05    1.5e-05
 729800      1.33e-03      9.60e-05    1.5e-05
 729900      1.01e-03      7.29e-05    1.5e-05
 730000      1.14e-03      8.21e-05    1.5e-05
 730100      1.08e-03      7.83e-05    1.5e-05
 730200      4.20e-04      3.03e-05    1.5e-05
 730300      1.01e-03      7.31e-05    1.5e-05
 730400      1.16e-03      8.38e-05    1.5e-05
 730500      1.16e-03      8.39e-05    1.5e-05
 730600      1.03e-03      7.41e-05    1.5e-05
 730700      1.20e-03      8.63e-05    1.5e-05
 730800      7.31e-04      5.28e-05    1.5e-05
 730900      7.01e-04      5.06e-05    1.5e-05
 731000      9.04e-04      6.52e-05    1.5e-05
 731100      7.17e-04      5.18e-05    1.5e-05
 731200      1.20e-03      8.68e-05    1.5e-05
 731300      1.20e-03      8.69e-05    1.5e-05
 731400      1.17e-03      8.45e-05    1.5e-05
 731500      6.64e-04      4.79e-05    1.5e-05
 731600      7.06e-04      5.10e-05    1.5e-05
 731700      8.44e-04      6.09e-05    1.5e-05
 731800      8.89e-04      6.41e-05    1.5e-05
 731900      9.53e-04      6.88e-05    1.5e-05
 732000      8.97e-04      6.48e-05    1.5e-05
 732100      1.51e-03      1.09e-04    1.5e-05
 732200      1.22e-03      8.82e-05    1.5e-05
 732300      1.39e-03      1.01e-04    1.5e-05
 732400      1.53e-03      1.10e-04    1.5e-05
 732500      1.28e-03      9.27e-05    1.5e-05
 732600      7.79e-04      5.62e-05    1.5e-05
 732700      5.58e-04      4.02e-05    1.5e-05
 732800      1.38e-03      9.97e-05    1.5e-05
 732900      9.70e-04      7.00e-05    1.5e-05
 733000      9.73e-04      7.02e-05    1.5e-05
 733100      8.98e-04      6.48e-05    1.5e-05
 733200      5.17e-04      3.73e-05    1.5e-05
 733300      4.03e-04      2.91e-05    1.5e-05
 733400      1.46e-03      1.05e-04    1.5e-05
 733500      1.13e-03      8.15e-05    1.5e-05
 733600      1.14e-03      8.23e-05    1.5e-05
 733700      7.13e-04      5.15e-05    1.5e-05
 733800      7.95e-04      5.74e-05    1.5e-05
 733900      1.54e-03      1.11e-04    1.5e-05
 734000      9.59e-04      6.92e-05    1.5e-05
 734100      1.19e-03      8.60e-05    1.5e-05
 734200      4.10e-04      2.96e-05    1.5e-05
 734300      8.22e-04      5.94e-05    1.5e-05
 734400      9.99e-04      7.21e-05    1.5e-05
 734500      7.81e-04      5.63e-05    1.5e-05
 734600      8.73e-04      6.30e-05    1.5e-05
 734700      7.39e-04      5.33e-05    1.5e-05
 734800      8.07e-04      5.83e-05    1.5e-05
 734900      7.42e-04      5.35e-05    1.5e-05
 735000      1.46e-03      1.05e-04    1.5e-05
 735100      8.21e-04      5.92e-05    1.5e-05
 735200      2.08e-04      1.50e-05    1.5e-05
 735300      8.04e-04      5.80e-05    1.5e-05
 735400      8.29e-04      5.99e-05    1.5e-05
 735500      1.32e-03      9.52e-05    1.5e-05
 735600      6.52e-04      4.71e-05    1.5e-05
 735700      1.03e-03      7.40e-05    1.5e-05
 735800      8.88e-04      6.41e-05    1.5e-05
 735900      8.33e-04      6.01e-05    1.5e-05
 736000      6.40e-04      4.62e-05    1.5e-05
 736100      7.89e-04      5.69e-05    1.5e-05
 736200      1.02e-03      7.33e-05    1.5e-05
 736300      1.94e-03      1.40e-04    1.5e-05
 736400      1.07e-03      7.73e-05    1.5e-05
 736500      8.96e-04      6.47e-05    1.5e-05
 736600      6.22e-04      4.49e-05    1.5e-05
 736700      8.24e-04      5.95e-05    1.5e-05
 736800      1.29e-03      9.28e-05    1.5e-05
 736900      9.49e-04      6.85e-05    1.5e-05
 737000      5.27e-04      3.81e-05    1.5e-05
 737100      6.31e-04      4.55e-05    1.5e-05
 737200      4.60e-04      3.32e-05    1.5e-05
 737300      1.04e-03      7.51e-05    1.5e-05
 737400      6.36e-04      4.59e-05    1.5e-05
 737500      7.39e-04      5.34e-05    1.5e-05
 737600      7.72e-04      5.57e-05    1.5e-05
 737700      8.56e-04      6.18e-05    1.5e-05
 737800      9.29e-04      6.71e-05    1.5e-05
 737900      1.18e-03      8.50e-05    1.5e-05
 738000      8.23e-04      5.94e-05    1.5e-05
 738100      8.45e-04      6.10e-05    1.5e-05
 738200      8.96e-04      6.46e-05    1.5e-05
 738300      7.67e-04      5.53e-05    1.5e-05
 738400      1.27e-03      9.14e-05    1.5e-05
 738500      8.00e-04      5.77e-05    1.5e-05
 738600      7.14e-04      5.15e-05    1.5e-05
 738700      8.07e-04      5.83e-05    1.5e-05
 738800      3.90e-04      2.81e-05    1.5e-05
 738900      5.73e-04      4.14e-05    1.5e-05
 739000      8.16e-04      5.89e-05    1.5e-05
 739100      6.62e-04      4.78e-05    1.5e-05
 739200      7.13e-04      5.15e-05    1.5e-05
 739300      1.29e-03      9.31e-05    1.5e-05
 739400      1.24e-03      8.96e-05    1.5e-05
 739500      1.11e-03      7.99e-05    1.5e-05
 739600      9.07e-04      6.55e-05    1.5e-05
 739700      1.22e-03      8.82e-05    1.5e-05
 739800      8.09e-04      5.84e-05    1.5e-05
 739900      1.39e-03      1.00e-04    1.5e-05
 740000      6.52e-04      4.71e-05    1.4e-05
 740100      1.09e-03      7.84e-05    1.4e-05
 740200      1.03e-03      7.44e-05    1.4e-05
 740300      1.11e-03      8.00e-05    1.4e-05
 740400      6.12e-04      4.42e-05    1.4e-05
 740500      8.93e-04      6.44e-05    1.4e-05
 740600      5.66e-04      4.08e-05    1.4e-05
 740700      2.07e-03      1.50e-04    1.4e-05
 740800      9.22e-04      6.65e-05    1.4e-05
 740900      1.75e-03      1.27e-04    1.4e-05
 741000      1.56e-03      1.13e-04    1.4e-05
 741100      1.04e-03      7.47e-05    1.4e-05
 741200      9.33e-04      6.74e-05    1.4e-05
 741300      7.59e-04      5.47e-05    1.4e-05
 741400      1.31e-03      9.44e-05    1.4e-05
 741500      4.47e-04      3.23e-05    1.4e-05
 741600      7.80e-04      5.63e-05    1.4e-05
 741700      7.65e-04      5.52e-05    1.4e-05
 741800      1.73e-03      1.25e-04    1.4e-05
 741900      9.03e-04      6.52e-05    1.4e-05
 742000      7.77e-04      5.61e-05    1.4e-05
 742100      6.60e-04      4.76e-05    1.4e-05
 742200      1.34e-03      9.69e-05    1.4e-05
 742300      8.79e-04      6.34e-05    1.4e-05
 742400      8.03e-04      5.79e-05    1.4e-05
 742500      6.79e-04      4.90e-05    1.4e-05
 742600      6.52e-04      4.71e-05    1.4e-05
 742700      1.06e-03      7.67e-05    1.4e-05
 742800      8.97e-04      6.47e-05    1.4e-05
 742900      8.29e-04      5.98e-05    1.4e-05
 743000      1.16e-03      8.38e-05    1.4e-05
 743100      7.73e-04      5.58e-05    1.4e-05
 743200      4.33e-04      3.13e-05    1.4e-05
 743300      2.16e-03      1.56e-04    1.4e-05
 743400      1.08e-03      7.80e-05    1.4e-05
 743500      8.17e-04      5.90e-05    1.4e-05
 743600      8.82e-04      6.37e-05    1.4e-05
 743700      7.82e-04      5.64e-05    1.4e-05
 743800      9.88e-04      7.13e-05    1.4e-05
 743900      1.38e-03      9.95e-05    1.4e-05
 744000      3.16e-04      2.28e-05    1.4e-05
 744100      6.73e-04      4.86e-05    1.4e-05
 744200      1.34e-03      9.69e-05    1.4e-05
 744300      1.23e-03      8.84e-05    1.4e-05
 744400      1.17e-03      8.46e-05    1.4e-05
 744500      5.56e-04      4.01e-05    1.4e-05
 744600      1.43e-03      1.03e-04    1.4e-05
 744700      1.26e-03      9.06e-05    1.4e-05
 744800      1.68e-03      1.21e-04    1.4e-05
 744900      1.11e-03      7.99e-05    1.4e-05
 745000      9.62e-04      6.94e-05    1.4e-05
 745100      1.03e-03      7.41e-05    1.4e-05
 745200      1.30e-03      9.38e-05    1.4e-05
 745300      6.57e-04      4.74e-05    1.4e-05
 745400      9.32e-04      6.73e-05    1.4e-05
 745500      7.55e-04      5.45e-05    1.4e-05
 745600      1.03e-03      7.41e-05    1.4e-05
 745700      4.87e-04      3.51e-05    1.4e-05
 745800      1.09e-03      7.90e-05    1.4e-05
 745900      8.20e-04      5.92e-05    1.4e-05
 746000      7.56e-04      5.46e-05    1.4e-05
 746100      8.78e-04      6.34e-05    1.4e-05
 746200      6.41e-04      4.63e-05    1.4e-05
 746300      7.68e-04      5.54e-05    1.4e-05
 746400      8.81e-04      6.36e-05    1.4e-05
 746500      8.37e-04      6.04e-05    1.4e-05
 746600      7.70e-04      5.56e-05    1.4e-05
 746700      1.22e-03      8.84e-05    1.4e-05
 746800      5.25e-04      3.79e-05    1.4e-05
 746900      1.18e-03      8.54e-05    1.4e-05
 747000      1.30e-03      9.36e-05    1.4e-05
 747100      9.38e-04      6.77e-05    1.4e-05
 747200      8.27e-04      5.97e-05    1.4e-05
 747300      1.02e-03      7.35e-05    1.4e-05
 747400      9.16e-04      6.61e-05    1.4e-05
 747500      5.00e-04      3.61e-05    1.4e-05
 747600      3.55e-04      2.56e-05    1.4e-05
 747700      6.27e-04      4.53e-05    1.4e-05
 747800      4.87e-04      3.52e-05    1.4e-05
 747900      1.25e-03      9.00e-05    1.4e-05
 748000      7.07e-04      5.10e-05    1.4e-05
 748100      5.70e-04      4.11e-05    1.4e-05
 748200      9.92e-04      7.16e-05    1.4e-05
 748300      5.91e-04      4.26e-05    1.4e-05
 748400      9.44e-04      6.81e-05    1.4e-05
 748500      1.19e-03      8.56e-05    1.4e-05
 748600      1.02e-03      7.35e-05    1.4e-05
 748700      9.13e-04      6.59e-05    1.4e-05
 748800      8.13e-04      5.87e-05    1.4e-05
 748900      8.33e-04      6.01e-05    1.4e-05
 749000      3.08e-04      2.22e-05    1.4e-05
 749100      1.66e-03      1.20e-04    1.4e-05
 749200      1.56e-03      1.12e-04    1.4e-05
 749300      9.06e-04      6.54e-05    1.4e-05
 749400      8.56e-04      6.17e-05    1.4e-05
 749500      1.09e-03      7.85e-05    1.4e-05
 749600      4.11e-04      2.96e-05    1.4e-05
 749700      5.96e-04      4.30e-05    1.4e-05
 749800      1.21e-03      8.71e-05    1.4e-05
 749900      1.18e-03      8.54e-05    1.4e-05
 750000      9.53e-04      6.88e-05    1.3e-05
 750100      7.88e-04      5.68e-05    1.3e-05
 750200      9.20e-04      6.64e-05    1.3e-05
 750300      1.12e-03      8.05e-05    1.3e-05
 750400      6.99e-04      5.05e-05    1.3e-05
 750500      7.04e-04      5.08e-05    1.3e-05
 750600      3.85e-04      2.78e-05    1.3e-05
 750700      7.99e-04      5.77e-05    1.3e-05
 750800      7.97e-04      5.75e-05    1.3e-05
 750900      7.23e-04      5.22e-05    1.3e-05
 751000      7.00e-04      5.05e-05    1.3e-05
 751100      8.20e-04      5.92e-05    1.3e-05
 751200      8.99e-04      6.49e-05    1.3e-05
 751300      4.23e-04      3.06e-05    1.3e-05
 751400      4.76e-04      3.44e-05    1.3e-05
 751500      1.01e-03      7.30e-05    1.3e-05
 751600      7.83e-04      5.65e-05    1.3e-05
 751700      1.18e-03      8.48e-05    1.3e-05
 751800      5.53e-04      3.99e-05    1.3e-05
 751900      5.89e-04      4.25e-05    1.3e-05
 752000      9.14e-04      6.60e-05    1.3e-05
 752100      6.31e-04      4.55e-05    1.3e-05
 752200      3.51e-04      2.54e-05    1.3e-05
 752300      2.73e-03      1.97e-04    1.3e-05
 752400      1.14e-03      8.20e-05    1.3e-05
 752500      8.58e-04      6.19e-05    1.3e-05
 752600      5.13e-04      3.70e-05    1.3e-05
 752700      1.29e-03      9.28e-05    1.3e-05
 752800      1.20e-03      8.69e-05    1.3e-05
 752900      7.12e-04      5.13e-05    1.3e-05
 753000      8.16e-04      5.89e-05    1.3e-05
 753100      8.93e-04      6.44e-05    1.3e-05
 753200      9.83e-04      7.09e-05    1.3e-05
 753300      8.02e-04      5.79e-05    1.3e-05
 753400      1.14e-03      8.26e-05    1.3e-05
 753500      9.62e-04      6.94e-05    1.3e-05
 753600      7.81e-04      5.64e-05    1.3e-05
 753700      8.75e-04      6.32e-05    1.3e-05
 753800      8.11e-04      5.85e-05    1.3e-05
 753900      9.32e-04      6.73e-05    1.3e-05
 754000      1.74e-03      1.25e-04    1.3e-05
 754100      1.21e-03      8.76e-05    1.3e-05
 754200      1.24e-03      8.95e-05    1.3e-05
 754300      4.74e-04      3.42e-05    1.3e-05
 754400      5.79e-04      4.18e-05    1.3e-05
 754500      9.15e-04      6.61e-05    1.3e-05
 754600      9.66e-04      6.97e-05    1.3e-05
 754700      1.07e-03      7.75e-05    1.3e-05
 754800      8.60e-04      6.21e-05    1.3e-05
 754900      1.39e-03      1.01e-04    1.3e-05
 755000      6.42e-04      4.63e-05    1.3e-05
 755100      7.81e-04      5.64e-05    1.3e-05
 755200      4.64e-04      3.35e-05    1.3e-05
 755300      5.25e-04      3.79e-05    1.3e-05
 755400      7.16e-04      5.17e-05    1.3e-05
 755500      3.23e-04      2.33e-05    1.3e-05
 755600      7.99e-04      5.77e-05    1.3e-05
 755700      9.67e-04      6.98e-05    1.3e-05
 755800      7.65e-04      5.52e-05    1.3e-05
 755900      6.05e-04      4.37e-05    1.3e-05
 756000      8.18e-04      5.90e-05    1.3e-05
 756100      9.46e-04      6.82e-05    1.3e-05
 756200      1.66e-03      1.20e-04    1.3e-05
 756300      1.34e-03      9.69e-05    1.3e-05
 756400      1.50e-03      1.08e-04    1.3e-05
 756500      5.85e-04      4.22e-05    1.3e-05
 756600      6.57e-04      4.74e-05    1.3e-05
 756700      9.91e-04      7.15e-05    1.3e-05
 756800      9.72e-04      7.01e-05    1.3e-05
 756900      5.36e-04      3.87e-05    1.3e-05
 757000      7.65e-04      5.52e-05    1.3e-05
 757100      1.25e-03      9.05e-05    1.3e-05
 757200      6.80e-04      4.91e-05    1.3e-05
 757300      8.58e-04      6.19e-05    1.3e-05
 757400      1.18e-03      8.55e-05    1.3e-05
 757500      1.05e-03      7.56e-05    1.3e-05
 757600      7.69e-04      5.55e-05    1.3e-05
 757700      9.40e-04      6.79e-05    1.3e-05
 757800      1.56e-03      1.13e-04    1.3e-05
 757900      1.08e-03      7.79e-05    1.3e-05
 758000      3.94e-04      2.85e-05    1.3e-05
 758100      1.00e-03      7.22e-05    1.3e-05
 758200      8.94e-04      6.45e-05    1.3e-05
 758300      6.34e-04      4.58e-05    1.3e-05
 758400      7.78e-04      5.61e-05    1.3e-05
 758500      7.98e-04      5.76e-05    1.3e-05
 758600      1.17e-03      8.42e-05    1.3e-05
 758700      1.58e-03      1.14e-04    1.3e-05
 758800      1.13e-03      8.16e-05    1.3e-05
 758900      1.11e-03      8.00e-05    1.3e-05
 759000      7.87e-04      5.68e-05    1.3e-05
 759100      6.49e-04      4.68e-05    1.3e-05
 759200      1.41e-03      1.02e-04    1.3e-05
 759300      1.34e-03      9.66e-05    1.3e-05
 759400      8.12e-04      5.86e-05    1.3e-05
 759500      1.12e-03      8.06e-05    1.3e-05
 759600      5.86e-04      4.23e-05    1.3e-05
 759700      1.25e-03      8.99e-05    1.3e-05
 759800      1.12e-03      8.07e-05    1.3e-05
 759900      8.89e-04      6.41e-05    1.3e-05
 760000      6.09e-04      4.39e-05    1.3e-05
 760100      9.29e-04      6.70e-05    1.3e-05
 760200      8.52e-04      6.15e-05    1.3e-05
 760300      7.44e-04      5.37e-05    1.3e-05
 760400      5.30e-04      3.83e-05    1.3e-05
 760500      2.83e-04      2.04e-05    1.3e-05
 760600      9.16e-04      6.61e-05    1.3e-05
 760700      6.45e-04      4.65e-05    1.3e-05
 760800      5.23e-04      3.77e-05    1.3e-05
 760900      4.10e-04      2.96e-05    1.3e-05
 761000      7.08e-04      5.11e-05    1.3e-05
 761100      6.34e-04      4.58e-05    1.3e-05
 761200      1.36e-03      9.80e-05    1.3e-05
 761300      7.63e-04      5.51e-05    1.3e-05
 761400      7.99e-04      5.77e-05    1.3e-05
 761500      5.46e-04      3.94e-05    1.3e-05
 761600      1.70e-03      1.23e-04    1.3e-05
 761700      9.40e-04      6.78e-05    1.3e-05
 761800      5.57e-04      4.02e-05    1.3e-05
 761900      1.52e-03      1.10e-04    1.3e-05
 762000      1.05e-03      7.58e-05    1.3e-05
 762100      7.93e-04      5.72e-05    1.3e-05
 762200      8.81e-04      6.36e-05    1.3e-05
 762300      7.98e-04      5.76e-05    1.3e-05
 762400      4.28e-04      3.09e-05    1.3e-05
 762500      7.68e-04      5.54e-05    1.3e-05
 762600      6.68e-04      4.82e-05    1.3e-05
 762700      6.88e-04      4.96e-05    1.3e-05
 762800      7.28e-04      5.26e-05    1.3e-05
 762900      8.60e-04      6.21e-05    1.3e-05
 763000      5.92e-04      4.27e-05    1.3e-05
 763100      6.82e-04      4.92e-05    1.3e-05
 763200      5.84e-04      4.22e-05    1.3e-05
 763300      8.08e-04      5.83e-05    1.3e-05
 763400      1.28e-03      9.27e-05    1.3e-05
 763500      1.87e-03      1.35e-04    1.3e-05
 763600      5.25e-04      3.79e-05    1.3e-05
 763700      9.09e-04      6.56e-05    1.3e-05
 763800      1.00e-03      7.23e-05    1.3e-05
 763900      6.32e-04      4.56e-05    1.3e-05
 764000      8.46e-04      6.11e-05    1.3e-05
 764100      8.70e-04      6.28e-05    1.3e-05
 764200      6.55e-04      4.73e-05    1.3e-05
 764300      7.77e-04      5.61e-05    1.3e-05
 764400      4.90e-04      3.53e-05    1.3e-05
 764500      1.18e-03      8.49e-05    1.3e-05
 764600      7.13e-04      5.15e-05    1.3e-05
 764700      1.37e-03      9.85e-05    1.3e-05
 764800      7.17e-04      5.18e-05    1.3e-05
 764900      6.07e-04      4.38e-05    1.3e-05
 765000      6.00e-04      4.33e-05    1.2e-05
 765100      4.50e-04      3.25e-05    1.2e-05
 765200      7.19e-04      5.19e-05    1.2e-05
 765300      5.08e-04      3.66e-05    1.2e-05
 765400      5.74e-04      4.14e-05    1.2e-05
 765500      1.53e-03      1.11e-04    1.2e-05
 765600      1.20e-03      8.63e-05    1.2e-05
 765700      5.20e-04      3.75e-05    1.2e-05
 765800      9.02e-04      6.51e-05    1.2e-05
 765900      3.37e-04      2.43e-05    1.2e-05
 766000      2.05e-03      1.48e-04    1.2e-05
 766100      1.02e-03      7.33e-05    1.2e-05
 766200      8.59e-04      6.20e-05    1.2e-05
 766300      9.76e-04      7.05e-05    1.2e-05
 766400      7.04e-04      5.08e-05    1.2e-05
 766500      3.71e-04      2.68e-05    1.2e-05
 766600      1.00e-03      7.22e-05    1.2e-05
 766700      7.73e-04      5.58e-05    1.2e-05
 766800      4.71e-04      3.40e-05    1.2e-05
 766900      5.59e-04      4.03e-05    1.2e-05
 767000      8.07e-04      5.82e-05    1.2e-05
 767100      4.67e-04      3.37e-05    1.2e-05
 767200      1.10e-03      7.94e-05    1.2e-05
 767300      1.08e-03      7.81e-05    1.2e-05
 767400      1.03e-03      7.45e-05    1.2e-05
 767500      1.08e-03      7.77e-05    1.2e-05
 767600      6.85e-04      4.95e-05    1.2e-05
 767700      4.48e-04      3.23e-05    1.2e-05
 767800      4.93e-04      3.56e-05    1.2e-05
 767900      7.27e-04      5.25e-05    1.2e-05
 768000      8.89e-04      6.42e-05    1.2e-05
 768100      8.26e-04      5.96e-05    1.2e-05
 768200      5.04e-04      3.64e-05    1.2e-05
 768300      7.23e-04      5.22e-05    1.2e-05
 768400      1.23e-03      8.88e-05    1.2e-05
 768500      7.82e-04      5.65e-05    1.2e-05
 768600      1.01e-03      7.26e-05    1.2e-05
 768700      4.61e-04      3.32e-05    1.2e-05
 768800      6.12e-04      4.41e-05    1.2e-05
 768900      1.76e-03      1.27e-04    1.2e-05
 769000      4.71e-04      3.40e-05    1.2e-05
 769100      8.78e-04      6.34e-05    1.2e-05
 769200      1.13e-03      8.12e-05    1.2e-05
 769300      7.38e-04      5.33e-05    1.2e-05
 769400      6.31e-04      4.56e-05    1.2e-05
 769500      2.95e-04      2.13e-05    1.2e-05
 769600      1.13e-03      8.14e-05    1.2e-05
 769700      4.72e-04      3.40e-05    1.2e-05
 769800      5.62e-04      4.06e-05    1.2e-05
 769900      9.60e-04      6.93e-05    1.2e-05
 770000      1.39e-03      1.00e-04    1.2e-05
 770100      8.02e-04      5.79e-05    1.2e-05
 770200      8.37e-04      6.04e-05    1.2e-05
 770300      7.61e-04      5.49e-05    1.2e-05
 770400      6.10e-04      4.40e-05    1.2e-05
 770500      6.74e-04      4.87e-05    1.2e-05
 770600      7.75e-04      5.59e-05    1.2e-05
 770700      5.66e-04      4.09e-05    1.2e-05
 770800      4.42e-04      3.19e-05    1.2e-05
 770900      5.64e-04      4.07e-05    1.2e-05
 771000      8.24e-04      5.95e-05    1.2e-05
 771100      3.49e-04      2.52e-05    1.2e-05
 771200      6.58e-04      4.75e-05    1.2e-05
 771300      6.42e-04      4.64e-05    1.2e-05
 771400      8.61e-04      6.21e-05    1.2e-05
 771500      4.91e-04      3.55e-05    1.2e-05
 771600      1.19e-03      8.58e-05    1.2e-05
 771700      5.43e-04      3.92e-05    1.2e-05
 771800      5.48e-04      3.96e-05    1.2e-05
 771900      8.60e-04      6.20e-05    1.2e-05
 772000      6.06e-04      4.37e-05    1.2e-05
 772100      7.96e-04      5.74e-05    1.2e-05
 772200      1.44e-03      1.04e-04    1.2e-05
 772300      1.27e-03      9.19e-05    1.2e-05
 772400      1.06e-03      7.66e-05    1.2e-05
 772500      3.20e-04      2.31e-05    1.2e-05
 772600      4.85e-04      3.50e-05    1.2e-05
 772700      3.48e-04      2.51e-05    1.2e-05
 772800      7.03e-04      5.07e-05    1.2e-05
 772900      1.78e-03      1.28e-04    1.2e-05
 773000      1.21e-03      8.75e-05    1.2e-05
 773100      5.43e-04      3.92e-05    1.2e-05
 773200      9.36e-04      6.76e-05    1.2e-05
 773300      1.22e-03      8.80e-05    1.2e-05
 773400      1.23e-03      8.86e-05    1.2e-05
 773500      9.68e-04      6.99e-05    1.2e-05
 773600      5.73e-04      4.14e-05    1.2e-05
 773700      7.43e-04      5.36e-05    1.2e-05
 773800      5.39e-04      3.89e-05    1.2e-05
 773900      5.19e-04      3.74e-05    1.2e-05
 774000      1.15e-03      8.28e-05    1.2e-05
 774100      2.88e-04      2.08e-05    1.2e-05
 774200      9.82e-04      7.09e-05    1.2e-05
 774300      1.08e-03      7.80e-05    1.2e-05
 774400      7.35e-04      5.30e-05    1.2e-05
 774500      6.44e-04      4.65e-05    1.2e-05
 774600      5.12e-04      3.70e-05    1.2e-05
 774700      7.60e-04      5.48e-05    1.2e-05
 774800      4.60e-04      3.32e-05    1.2e-05
 774900      4.41e-04      3.18e-05    1.2e-05
 775000      6.65e-04      4.80e-05    1.2e-05
 775100      5.51e-04      3.98e-05    1.2e-05
 775200      7.68e-04      5.54e-05    1.2e-05
 775300      1.04e-03      7.49e-05    1.2e-05
 775400      1.02e-03      7.38e-05    1.2e-05
 775500      6.18e-04      4.46e-05    1.2e-05
 775600      5.93e-04      4.28e-05    1.2e-05
 775700      3.31e-04      2.39e-05    1.2e-05
 775800      8.77e-04      6.33e-05    1.2e-05
 775900      1.46e-03      1.05e-04    1.2e-05
 776000      1.30e-03      9.37e-05    1.2e-05
 776100      5.33e-04      3.85e-05    1.2e-05
 776200      2.13e-04      1.54e-05    1.2e-05
 776300      9.37e-04      6.76e-05    1.2e-05
 776400      4.36e-04      3.15e-05    1.2e-05
 776500      5.59e-04      4.03e-05    1.2e-05
 776600      6.43e-04      4.64e-05    1.2e-05
 776700      7.82e-04      5.65e-05    1.2e-05
 776800      1.14e-03      8.23e-05    1.2e-05
 776900      1.11e-03      8.03e-05    1.2e-05
 777000      9.82e-04      7.09e-05    1.2e-05
 777100      6.11e-04      4.41e-05    1.2e-05
 777200      9.66e-04      6.97e-05    1.2e-05
 777300      4.95e-04      3.57e-05    1.2e-05
 777400      1.07e-03      7.76e-05    1.2e-05
 777500      3.91e-04      2.82e-05    1.2e-05
 777600      1.22e-03      8.82e-05    1.2e-05
 777700      1.31e-03      9.44e-05    1.2e-05
 777800      8.79e-04      6.35e-05    1.2e-05
 777900      5.47e-04      3.94e-05    1.2e-05
 778000      9.88e-04      7.13e-05    1.2e-05
 778100      3.45e-04      2.49e-05    1.2e-05
 778200      8.96e-04      6.46e-05    1.2e-05
 778300      7.45e-04      5.37e-05    1.2e-05
 778400      6.11e-04      4.41e-05    1.2e-05
 778500      5.81e-04      4.19e-05    1.2e-05
 778600      4.53e-04      3.27e-05    1.2e-05
 778700      9.25e-04      6.68e-05    1.2e-05
 778800      1.16e-03      8.40e-05    1.2e-05
 778900      6.50e-04      4.69e-05    1.2e-05
 779000      7.14e-04      5.16e-05    1.2e-05
 779100      3.87e-04      2.79e-05    1.2e-05
 779200      5.77e-04      4.16e-05    1.2e-05
 779300      8.30e-04      5.99e-05    1.2e-05
 779400      1.69e-03      1.22e-04    1.2e-05
 779500      1.76e-03      1.27e-04    1.2e-05
 779600      7.44e-04      5.37e-05    1.2e-05
 779700      4.18e-04      3.02e-05    1.2e-05
 779800      4.69e-04      3.39e-05    1.2e-05
 779900      6.42e-04      4.63e-05    1.2e-05
 780000      7.81e-04      5.64e-05    1.1e-05
 780100      8.47e-04      6.11e-05    1.1e-05
 780200      9.26e-04      6.69e-05    1.1e-05
 780300      4.70e-04      3.39e-05    1.1e-05
 780400      4.60e-04      3.32e-05    1.1e-05
 780500      4.43e-04      3.20e-05    1.1e-05
 780600      6.30e-04      4.55e-05    1.1e-05
 780700      1.38e-03      9.95e-05    1.1e-05
 780800      5.95e-04      4.30e-05    1.1e-05
 780900      6.90e-04      4.98e-05    1.1e-05
 781000      1.04e-03      7.50e-05    1.1e-05
 781100      6.75e-04      4.87e-05    1.1e-05
 781200      1.14e-03      8.20e-05    1.1e-05
 781300      9.43e-04      6.80e-05    1.1e-05
 781400      1.05e-03      7.55e-05    1.1e-05
 781500      7.98e-04      5.76e-05    1.1e-05
 781600      1.30e-03      9.36e-05    1.1e-05
 781700      8.00e-04      5.77e-05    1.1e-05
 781800      7.35e-04      5.30e-05    1.1e-05
 781900      3.86e-04      2.78e-05    1.1e-05
 782000      8.57e-04      6.19e-05    1.1e-05
 782100      7.89e-04      5.70e-05    1.1e-05
 782200      1.33e-03      9.63e-05    1.1e-05
 782300      7.17e-04      5.17e-05    1.1e-05
 782400      8.95e-04      6.46e-05    1.1e-05
 782500      7.36e-04      5.31e-05    1.1e-05
 782600      5.99e-04      4.32e-05    1.1e-05
 782700      4.30e-04      3.10e-05    1.1e-05
 782800      4.39e-04      3.17e-05    1.1e-05
 782900      7.78e-04      5.62e-05    1.1e-05
 783000      7.34e-04      5.30e-05    1.1e-05
 783100      9.04e-04      6.53e-05    1.1e-05
 783200      1.17e-03      8.42e-05    1.1e-05
 783300      6.37e-04      4.60e-05    1.1e-05
 783400      7.97e-04      5.75e-05    1.1e-05
 783500      1.28e-03      9.23e-05    1.1e-05
 783600      5.80e-04      4.18e-05    1.1e-05
 783700      3.42e-04      2.47e-05    1.1e-05
 783800      6.59e-04      4.76e-05    1.1e-05
 783900      9.32e-04      6.73e-05    1.1e-05
 784000      4.67e-04      3.37e-05    1.1e-05
 784100      1.10e-03      7.95e-05    1.1e-05
 784200      8.09e-04      5.84e-05    1.1e-05
 784300      4.42e-04      3.19e-05    1.1e-05
 784400      5.96e-04      4.30e-05    1.1e-05
 784500      4.41e-04      3.19e-05    1.1e-05
 784600      8.56e-04      6.18e-05    1.1e-05
 784700      1.01e-03      7.32e-05    1.1e-05
 784800      9.20e-04      6.64e-05    1.1e-05
 784900      1.06e-03      7.65e-05    1.1e-05
 785000      1.02e-03      7.33e-05    1.1e-05
 785100      7.09e-04      5.11e-05    1.1e-05
 785200      5.86e-04      4.23e-05    1.1e-05
 785300      1.38e-03      9.95e-05    1.1e-05
 785400      6.81e-04      4.91e-05    1.1e-05
 785500      6.92e-04      4.99e-05    1.1e-05
 785600      1.29e-03      9.33e-05    1.1e-05
 785700      1.20e-03      8.65e-05    1.1e-05
 785800      5.78e-04      4.17e-05    1.1e-05
 785900      4.36e-04      3.15e-05    1.1e-05
 786000      2.33e-04      1.68e-05    1.1e-05
 786100      4.82e-04      3.48e-05    1.1e-05
 786200      7.00e-04      5.05e-05    1.1e-05
 786300      9.41e-04      6.79e-05    1.1e-05
 786400      4.10e-04      2.96e-05    1.1e-05
 786500      6.03e-04      4.35e-05    1.1e-05
 786600      4.12e-04      2.97e-05    1.1e-05
 786700      8.22e-04      5.93e-05    1.1e-05
 786800      9.29e-04      6.70e-05    1.1e-05
 786900      6.49e-04      4.68e-05    1.1e-05
 787000      3.86e-04      2.79e-05    1.1e-05
 787100      1.22e-03      8.79e-05    1.1e-05
 787200      1.04e-03      7.53e-05    1.1e-05
 787300      1.04e-03      7.48e-05    1.1e-05
 787400      1.67e-03      1.21e-04    1.1e-05
 787500      1.18e-03      8.51e-05    1.1e-05
 787600      4.62e-04      3.34e-05    1.1e-05
 787700      5.67e-04      4.09e-05    1.1e-05
 787800      6.69e-04      4.83e-05    1.1e-05
 787900      4.24e-04      3.06e-05    1.1e-05
 788000      8.73e-04      6.30e-05    1.1e-05
 788100      3.39e-04      2.44e-05    1.1e-05
 788200      7.95e-04      5.74e-05    1.1e-05
 788300      9.27e-04      6.69e-05    1.1e-05
 788400      8.48e-04      6.12e-05    1.1e-05
 788500      6.04e-04      4.36e-05    1.1e-05
 788600      8.77e-04      6.33e-05    1.1e-05
 788700      8.52e-04      6.15e-05    1.1e-05
 788800      6.75e-04      4.87e-05    1.1e-05
 788900      5.61e-04      4.05e-05    1.1e-05
 789000      2.41e-04      1.74e-05    1.1e-05
 789100      1.47e-03      1.06e-04    1.1e-05
 789200      4.79e-04      3.46e-05    1.1e-05
 789300      1.00e-03      7.24e-05    1.1e-05
 789400      6.76e-04      4.88e-05    1.1e-05
 789500      3.27e-04      2.36e-05    1.1e-05
 789600      5.70e-04      4.11e-05    1.1e-05
 789700      7.63e-04      5.51e-05    1.1e-05
 789800      5.57e-04      4.02e-05    1.1e-05
 789900      6.09e-04      4.39e-05    1.1e-05
 790000      5.08e-04      3.66e-05    1.1e-05
 790100      4.95e-04      3.58e-05    1.1e-05
 790200      5.79e-04      4.18e-05    1.1e-05
 790300      8.78e-04      6.33e-05    1.1e-05
 790400      7.31e-04      5.27e-05    1.1e-05
 790500      7.53e-04      5.44e-05    1.1e-05
 790600      7.76e-04      5.60e-05    1.1e-05
 790700      8.28e-04      5.97e-05    1.1e-05
 790800      3.72e-04      2.69e-05    1.1e-05
 790900      5.46e-04      3.94e-05    1.1e-05
 791000      2.20e-03      1.59e-04    1.1e-05
 791100      8.11e-04      5.86e-05    1.1e-05
 791200      7.37e-04      5.32e-05    1.1e-05
 791300      4.40e-04      3.18e-05    1.1e-05
 791400      1.04e-03      7.54e-05    1.1e-05
 791500      9.27e-04      6.69e-05    1.1e-05
 791600      9.10e-04      6.57e-05    1.1e-05
 791700      1.05e-03      7.56e-05    1.1e-05
 791800      4.16e-04      3.00e-05    1.1e-05
 791900      6.46e-04      4.66e-05    1.1e-05
 792000      4.00e-04      2.89e-05    1.1e-05
 792100      1.02e-03      7.34e-05    1.1e-05
 792200      4.16e-04      3.00e-05    1.1e-05
 792300      5.63e-04      4.06e-05    1.1e-05
 792400      4.26e-04      3.07e-05    1.1e-05
 792500      3.59e-04      2.59e-05    1.1e-05
 792600      6.87e-04      4.96e-05    1.1e-05
 792700      4.63e-04      3.34e-05    1.1e-05
 792800      8.67e-04      6.26e-05    1.1e-05
 792900      7.83e-04      5.65e-05    1.1e-05
 793000      6.14e-04      4.43e-05    1.1e-05
 793100      6.16e-04      4.44e-05    1.1e-05
 793200      6.01e-04      4.34e-05    1.1e-05
 793300      7.19e-04      5.19e-05    1.1e-05
 793400      8.17e-04      5.90e-05    1.1e-05
 793500      7.80e-04      5.63e-05    1.1e-05
 793600      1.01e-03      7.31e-05    1.1e-05
 793700      7.90e-04      5.70e-05    1.1e-05
 793800      7.33e-04      5.29e-05    1.1e-05
 793900      9.02e-04      6.51e-05    1.1e-05
 794000      7.80e-04      5.63e-05    1.1e-05
 794100      6.08e-04      4.39e-05    1.1e-05
 794200      7.60e-04      5.49e-05    1.1e-05
 794300      3.31e-04      2.39e-05    1.1e-05
 794400      6.26e-04      4.52e-05    1.1e-05
 794500      4.52e-04      3.26e-05    1.1e-05
 794600      6.73e-04      4.85e-05    1.1e-05
 794700      7.72e-04      5.57e-05    1.1e-05
 794800      7.02e-04      5.06e-05    1.1e-05
 794900      8.06e-04      5.82e-05    1.1e-05
 795000      5.18e-04      3.74e-05    1.0e-05
 795100      9.58e-04      6.91e-05    1.0e-05
 795200      1.50e-03      1.09e-04    1.0e-05
 795300      5.73e-04      4.14e-05    1.0e-05
 795400      6.15e-04      4.44e-05    1.0e-05
 795500      7.02e-04      5.06e-05    1.0e-05
 795600      6.23e-04      4.50e-05    1.0e-05
 795700      4.57e-04      3.30e-05    1.0e-05
 795800      1.04e-03      7.54e-05    1.0e-05
 795900      2.48e-04      1.79e-05    1.0e-05
 796000      4.13e-04      2.98e-05    1.0e-05
 796100      6.86e-04      4.95e-05    1.0e-05
 796200      8.12e-04      5.86e-05    1.0e-05
 796300      5.79e-04      4.18e-05    1.0e-05
 796400      1.04e-03      7.47e-05    1.0e-05
 796500      5.42e-04      3.91e-05    1.0e-05
 796600      8.42e-04      6.08e-05    1.0e-05
 796700      4.87e-04      3.52e-05    1.0e-05
 796800      4.16e-04      3.00e-05    1.0e-05
 796900      4.92e-04      3.55e-05    1.0e-05
 797000      5.28e-04      3.81e-05    1.0e-05
 797100      5.63e-04      4.06e-05    1.0e-05
 797200      1.09e-03      7.89e-05    1.0e-05
 797300      5.98e-04      4.32e-05    1.0e-05
 797400      4.68e-04      3.38e-05    1.0e-05
 797500      6.81e-04      4.91e-05    1.0e-05
 797600      8.57e-04      6.19e-05    1.0e-05
 797700      5.95e-04      4.29e-05    1.0e-05
 797800      4.50e-04      3.24e-05    1.0e-05
 797900      6.29e-04      4.54e-05    1.0e-05
 798000      9.13e-04      6.59e-05    1.0e-05
 798100      8.08e-04      5.83e-05    1.0e-05
 798200      1.19e-03      8.62e-05    1.0e-05
 798300      4.38e-04      3.16e-05    1.0e-05
 798400      1.26e-03      9.09e-05    1.0e-05
 798500      4.03e-04      2.91e-05    1.0e-05
 798600      7.10e-04      5.13e-05    1.0e-05
 798700      4.68e-04      3.38e-05    1.0e-05
 798800      7.24e-04      5.22e-05    1.0e-05
 798900      5.80e-04      4.19e-05    1.0e-05
 799000      7.63e-04      5.51e-05    1.0e-05
 799100      7.27e-04      5.25e-05    1.0e-05
 799200      6.13e-04      4.42e-05    1.0e-05
 799300      6.27e-04      4.53e-05    1.0e-05
 799400      8.90e-04      6.42e-05    1.0e-05
 799500      9.96e-04      7.19e-05    1.0e-05
 799600      5.49e-04      3.97e-05    1.0e-05
 799700      5.41e-04      3.90e-05    1.0e-05
 799800      6.25e-04      4.51e-05    1.0e-05
 799900      4.21e-04      3.04e-05    1.0e-05
 800000      7.09e-04      5.12e-05    1.0e-05
 800100      6.01e-04      4.33e-05    1.0e-05
 800200      3.88e-04      2.80e-05    1.0e-05
 800300      4.28e-04      3.09e-05    1.0e-05
 800400      5.99e-04      4.32e-05    1.0e-05
 800500      3.38e-04      2.44e-05    1.0e-05
 800600      9.15e-04      6.60e-05    1.0e-05
 800700      4.99e-04      3.60e-05    1.0e-05
 800800      5.30e-04      3.82e-05    1.0e-05
 800900      6.75e-04      4.87e-05    1.0e-05
 801000      4.66e-04      3.36e-05    1.0e-05
 801100      9.66e-04      6.97e-05    1.0e-05
 801200      1.76e-04      1.27e-05    1.0e-05
 801300      8.09e-04      5.84e-05    1.0e-05
 801400      9.24e-04      6.67e-05    1.0e-05
 801500      4.08e-04      2.94e-05    1.0e-05
 801600      4.80e-04      3.46e-05    1.0e-05
 801700      6.67e-04      4.82e-05    1.0e-05
 801800      1.07e-03      7.75e-05    1.0e-05
 801900      1.18e-03      8.51e-05    1.0e-05
 802000      8.09e-04      5.84e-05    1.0e-05
 802100      3.90e-04      2.81e-05    1.0e-05
 802200      9.73e-04      7.02e-05    1.0e-05
 802300      4.15e-04      3.00e-05    1.0e-05
 802400      9.50e-04      6.86e-05    1.0e-05
 802500      4.45e-04      3.21e-05    1.0e-05
 802600      2.84e-04      2.05e-05    1.0e-05
 802700      3.48e-04      2.51e-05    1.0e-05
 802800      9.53e-04      6.88e-05    1.0e-05
 802900      2.45e-04      1.77e-05    1.0e-05
 803000      4.01e-04      2.89e-05    1.0e-05
 803100      5.98e-04      4.32e-05    1.0e-05
 803200      8.12e-04      5.86e-05    1.0e-05
 803300      4.54e-04      3.27e-05    1.0e-05
 803400      8.47e-04      6.12e-05    1.0e-05
 803500      4.11e-04      2.96e-05    1.0e-05
 803600      7.65e-04      5.52e-05    1.0e-05
 803700      4.48e-04      3.23e-05    1.0e-05
 803800      1.11e-03      8.02e-05    1.0e-05
 803900      6.82e-04      4.92e-05    1.0e-05
 804000      7.08e-04      5.11e-05    1.0e-05
 804100      4.89e-04      3.53e-05    1.0e-05
 804200      6.85e-04      4.95e-05    1.0e-05
 804300      7.44e-04      5.37e-05    1.0e-05
 804400      4.80e-04      3.47e-05    1.0e-05
 804500      3.89e-04      2.81e-05    1.0e-05
 804600      5.84e-04      4.21e-05    1.0e-05
 804700      1.11e-03      8.04e-05    1.0e-05
 804800      1.03e-03      7.42e-05    1.0e-05
 804900      6.48e-04      4.68e-05    1.0e-05
 805000      6.51e-04      4.70e-05    9.7e-06
 805100      3.15e-04      2.27e-05    9.7e-06
 805200      6.25e-04      4.51e-05    9.7e-06
 805300      6.37e-04      4.60e-05    9.7e-06
 805400      4.95e-04      3.57e-05    9.7e-06
 805500      6.11e-04      4.41e-05    9.7e-06
 805600      7.60e-04      5.48e-05    9.7e-06
 805700      5.12e-04      3.69e-05    9.7e-06
 805800      4.98e-04      3.59e-05    9.7e-06
 805900      4.06e-04      2.93e-05    9.7e-06
 806000      6.65e-04      4.80e-05    9.7e-06
 806100      5.56e-04      4.01e-05    9.7e-06
 806200      7.22e-04      5.21e-05    9.7e-06
 806300      4.85e-04      3.50e-05    9.7e-06
 806400      6.81e-04      4.91e-05    9.7e-06
 806500      4.97e-04      3.59e-05    9.7e-06
 806600      5.16e-04      3.72e-05    9.7e-06
 806700      1.27e-03      9.20e-05    9.7e-06
 806800      4.79e-04      3.46e-05    9.7e-06
 806900      5.12e-04      3.69e-05    9.7e-06
 807000      1.12e-03      8.11e-05    9.7e-06
 807100      6.12e-04      4.42e-05    9.7e-06
 807200      7.32e-04      5.28e-05    9.7e-06
 807300      8.16e-04      5.89e-05    9.7e-06
 807400      7.21e-04      5.21e-05    9.7e-06
 807500      5.62e-04      4.05e-05    9.7e-06
 807600      7.49e-04      5.41e-05    9.7e-06
 807700      5.66e-04      4.09e-05    9.7e-06
 807800      6.28e-04      4.54e-05    9.7e-06
 807900      9.65e-04      6.97e-05    9.7e-06
 808000      8.88e-04      6.41e-05    9.7e-06
 808100      1.92e-04      1.38e-05    9.7e-06
 808200      1.06e-03      7.62e-05    9.7e-06
 808300      7.12e-04      5.14e-05    9.7e-06
 808400      3.77e-04      2.72e-05    9.7e-06
 808500      3.68e-04      2.66e-05    9.7e-06
 808600      5.85e-04      4.22e-05    9.7e-06
 808700      9.17e-04      6.62e-05    9.7e-06
 808800      7.77e-04      5.61e-05    9.7e-06
 808900      6.27e-04      4.53e-05    9.7e-06
 809000      2.68e-04      1.93e-05    9.7e-06
 809100      6.83e-04      4.93e-05    9.7e-06
 809200      7.74e-04      5.59e-05    9.7e-06
 809300      4.20e-04      3.03e-05    9.7e-06
 809400      6.42e-04      4.64e-05    9.7e-06
 809500      4.62e-04      3.33e-05    9.7e-06
 809600      2.93e-04      2.11e-05    9.7e-06
 809700      5.32e-04      3.84e-05    9.7e-06
 809800      6.38e-04      4.60e-05    9.7e-06
 809900      6.45e-04      4.66e-05    9.7e-06
 810000      8.33e-04      6.01e-05    9.4e-06
 810100      7.37e-04      5.32e-05    9.4e-06
 810200      4.72e-04      3.40e-05    9.4e-06
 810300      9.62e-04      6.94e-05    9.4e-06
 810400      5.81e-04      4.20e-05    9.4e-06
 810500      7.78e-04      5.61e-05    9.4e-06
 810600      5.48e-04      3.95e-05    9.4e-06
 810700      6.46e-04      4.66e-05    9.4e-06
 810800      6.41e-04      4.63e-05    9.4e-06
 810900      1.19e-03      8.62e-05    9.4e-06
 811000      5.68e-04      4.10e-05    9.4e-06
 811100      4.13e-04      2.98e-05    9.4e-06
 811200      8.25e-04      5.95e-05    9.4e-06
 811300      8.70e-04      6.28e-05    9.4e-06
 811400      6.86e-04      4.95e-05    9.4e-06
 811500      4.13e-04      2.98e-05    9.4e-06
 811600      6.35e-04      4.58e-05    9.4e-06
 811700      5.49e-04      3.96e-05    9.4e-06
 811800      2.88e-04      2.08e-05    9.4e-06
 811900      6.12e-04      4.42e-05    9.4e-06
 812000      6.99e-04      5.05e-05    9.4e-06
 812100      4.85e-04      3.50e-05    9.4e-06
 812200      6.97e-04      5.03e-05    9.4e-06
 812300      4.56e-04      3.29e-05    9.4e-06
 812400      4.68e-04      3.38e-05    9.4e-06
 812500      2.04e-04      1.47e-05    9.4e-06
 812600      5.44e-04      3.93e-05    9.4e-06
 812700      3.94e-04      2.84e-05    9.4e-06
 812800      4.45e-04      3.21e-05    9.4e-06
 812900      1.19e-03      8.58e-05    9.4e-06
 813000      5.83e-04      4.20e-05    9.4e-06
 813100      4.20e-04      3.03e-05    9.4e-06
 813200      6.99e-04      5.05e-05    9.4e-06
 813300      2.95e-04      2.13e-05    9.4e-06
 813400      5.65e-04      4.08e-05    9.4e-06
 813500      7.14e-04      5.16e-05    9.4e-06
 813600      6.08e-04      4.39e-05    9.4e-06
 813700      4.77e-04      3.44e-05    9.4e-06
 813800      7.56e-04      5.45e-05    9.4e-06
 813900      4.50e-04      3.25e-05    9.4e-06
 814000      4.92e-04      3.55e-05    9.4e-06
 814100      5.92e-04      4.27e-05    9.4e-06
 814200      1.55e-03      1.12e-04    9.4e-06
 814300      6.68e-04      4.82e-05    9.4e-06
 814400      8.29e-04      5.98e-05    9.4e-06
 814500      5.49e-04      3.96e-05    9.4e-06
 814600      6.83e-04      4.93e-05    9.4e-06
 814700      6.01e-04      4.34e-05    9.4e-06
 814800      4.18e-04      3.02e-05    9.4e-06
 814900      8.79e-04      6.34e-05    9.4e-06
 815000      7.06e-04      5.10e-05    9.2e-06
 815100      5.99e-04      4.32e-05    9.2e-06
 815200      5.05e-04      3.65e-05    9.2e-06
 815300      7.33e-04      5.29e-05    9.2e-06
 815400      4.14e-04      2.99e-05    9.2e-06
 815500      4.54e-04      3.28e-05    9.2e-06
 815600      9.30e-04      6.71e-05    9.2e-06
 815700      5.40e-04      3.90e-05    9.2e-06
 815800      3.66e-04      2.64e-05    9.2e-06
 815900      6.35e-04      4.58e-05    9.2e-06
 816000      3.25e-04      2.34e-05    9.2e-06
 816100      4.46e-04      3.22e-05    9.2e-06
 816200      6.74e-04      4.87e-05    9.2e-06
 816300      6.08e-04      4.39e-05    9.2e-06
 816400      8.60e-04      6.21e-05    9.2e-06
 816500      7.48e-04      5.40e-05    9.2e-06
 816600      2.91e-04      2.10e-05    9.2e-06
 816700      6.69e-04      4.83e-05    9.2e-06
 816800      1.25e-03      9.02e-05    9.2e-06
 816900      5.07e-04      3.66e-05    9.2e-06
 817000      5.06e-04      3.65e-05    9.2e-06
 817100      1.13e-03      8.14e-05    9.2e-06
 817200      4.25e-04      3.07e-05    9.2e-06
 817300      8.01e-04      5.78e-05    9.2e-06
 817400      4.10e-04      2.96e-05    9.2e-06
 817500      5.08e-04      3.67e-05    9.2e-06
 817600      4.78e-04      3.45e-05    9.2e-06
 817700      4.04e-04      2.91e-05    9.2e-06
 817800      4.10e-04      2.96e-05    9.2e-06
 817900      2.20e-04      1.58e-05    9.2e-06
 818000      3.78e-04      2.73e-05    9.2e-06
 818100      1.23e-03      8.89e-05    9.2e-06
 818200      7.46e-04      5.38e-05    9.2e-06
 818300      9.26e-04      6.68e-05    9.2e-06
 818400      5.83e-04      4.21e-05    9.2e-06
 818500      6.12e-04      4.42e-05    9.2e-06
 818600      5.94e-04      4.29e-05    9.2e-06
 818700      4.93e-04      3.56e-05    9.2e-06
 818800      5.38e-04      3.89e-05    9.2e-06
 818900      6.85e-04      4.95e-05    9.2e-06
 819000      5.79e-04      4.18e-05    9.2e-06
 819100      3.20e-04      2.31e-05    9.2e-06
 819200      5.30e-04      3.83e-05    9.2e-06
 819300      6.52e-04      4.70e-05    9.2e-06
 819400      3.63e-04      2.62e-05    9.2e-06
 819500      6.74e-04      4.87e-05    9.2e-06
 819600      6.50e-04      4.69e-05    9.2e-06
 819700      5.76e-04      4.16e-05    9.2e-06
 819800      4.52e-04      3.26e-05    9.2e-06
 819900      5.12e-04      3.70e-05    9.2e-06
 820000      2.85e-04      2.06e-05    8.9e-06
 820100      5.62e-04      4.05e-05    8.9e-06
 820200      6.25e-04      4.51e-05    8.9e-06
 820300      3.85e-04      2.78e-05    8.9e-06
 820400      5.99e-04      4.32e-05    8.9e-06
 820500      5.02e-04      3.62e-05    8.9e-06
 820600      5.07e-04      3.66e-05    8.9e-06
 820700      5.49e-04      3.96e-05    8.9e-06
 820800      5.82e-04      4.20e-05    8.9e-06
 820900      7.91e-04      5.71e-05    8.9e-06
 821000      3.32e-04      2.40e-05    8.9e-06
 821100      3.02e-04      2.18e-05    8.9e-06
 821200      6.64e-04      4.79e-05    8.9e-06
 821300      4.95e-04      3.57e-05    8.9e-06
 821400      8.96e-04      6.47e-05    8.9e-06
 821500      5.78e-04      4.17e-05    8.9e-06
 821600      4.32e-04      3.12e-05    8.9e-06
 821700      8.09e-04      5.84e-05    8.9e-06
 821800      6.35e-04      4.58e-05    8.9e-06
 821900      2.35e-04      1.70e-05    8.9e-06
 822000      9.39e-04      6.78e-05    8.9e-06
 822100      5.41e-04      3.90e-05    8.9e-06
 822200      7.40e-04      5.34e-05    8.9e-06
 822300      5.78e-04      4.17e-05    8.9e-06
 822400      4.37e-04      3.15e-05    8.9e-06
 822500      4.58e-04      3.31e-05    8.9e-06
 822600      9.50e-04      6.86e-05    8.9e-06
 822700      7.34e-04      5.29e-05    8.9e-06
 822800      7.25e-04      5.23e-05    8.9e-06
 822900      1.33e-04      9.59e-06    8.9e-06
 823000      6.24e-04      4.50e-05    8.9e-06
 823100      6.47e-04      4.67e-05    8.9e-06
 823200      4.19e-04      3.02e-05    8.9e-06
 823300      5.55e-04      4.00e-05    8.9e-06
 823400      7.05e-04      5.09e-05    8.9e-06
 823500      3.96e-04      2.86e-05    8.9e-06
 823600      7.36e-04      5.31e-05    8.9e-06
 823700      8.13e-04      5.86e-05    8.9e-06
 823800      4.77e-04      3.44e-05    8.9e-06
 823900      6.90e-04      4.98e-05    8.9e-06
 824000      4.48e-04      3.23e-05    8.9e-06
 824100      7.14e-04      5.15e-05    8.9e-06
 824200      7.64e-04      5.51e-05    8.9e-06
 824300      3.58e-04      2.58e-05    8.9e-06
 824400      9.01e-04      6.50e-05    8.9e-06
 824500      3.39e-04      2.45e-05    8.9e-06
 824600      6.15e-04      4.44e-05    8.9e-06
 824700      3.80e-04      2.74e-05    8.9e-06
 824800      4.63e-04      3.34e-05    8.9e-06
 824900      2.46e-04      1.77e-05    8.9e-06
 825000      3.58e-04      2.58e-05    8.7e-06
 825100      6.12e-04      4.41e-05    8.7e-06
 825200      5.72e-04      4.13e-05    8.7e-06
 825300      5.27e-04      3.81e-05    8.7e-06
 825400      6.26e-04      4.51e-05    8.7e-06
 825500      3.48e-04      2.51e-05    8.7e-06
 825600      7.11e-04      5.13e-05    8.7e-06
 825700      4.30e-04      3.11e-05    8.7e-06
 825800      5.84e-04      4.22e-05    8.7e-06
 825900      5.52e-04      3.98e-05    8.7e-06
 826000      3.53e-04      2.54e-05    8.7e-06
 826100      7.84e-04      5.66e-05    8.7e-06
 826200      3.58e-04      2.58e-05    8.7e-06
 826300      4.26e-04      3.08e-05    8.7e-06
 826400      4.62e-04      3.34e-05    8.7e-06
 826500      9.15e-04      6.60e-05    8.7e-06
 826600      3.04e-04      2.19e-05    8.7e-06
 826700      2.99e-04      2.16e-05    8.7e-06
 826800      4.32e-04      3.12e-05    8.7e-06
 826900      5.19e-04      3.75e-05    8.7e-06
 827000      4.26e-04      3.08e-05    8.7e-06
 827100      4.83e-04      3.49e-05    8.7e-06
 827200      1.04e-03      7.48e-05    8.7e-06
 827300      6.12e-04      4.41e-05    8.7e-06
 827400      6.44e-04      4.65e-05    8.7e-06
 827500      2.86e-04      2.07e-05    8.7e-06
 827600      5.97e-04      4.31e-05    8.7e-06
 827700      4.88e-04      3.52e-05    8.7e-06
 827800      7.04e-04      5.08e-05    8.7e-06
 827900      7.74e-04      5.59e-05    8.7e-06
 828000      4.12e-04      2.97e-05    8.7e-06
 828100      4.97e-04      3.59e-05    8.7e-06
 828200      5.25e-04      3.79e-05    8.7e-06
 828300      5.78e-04      4.17e-05    8.7e-06
 828400      5.12e-04      3.70e-05    8.7e-06
 828500      4.72e-04      3.41e-05    8.7e-06
 828600      2.91e-04      2.10e-05    8.7e-06
 828700      8.08e-04      5.83e-05    8.7e-06
 828800      4.01e-04      2.89e-05    8.7e-06
 828900      3.19e-04      2.30e-05    8.7e-06
 829000      8.15e-04      5.88e-05    8.7e-06
 829100      9.55e-04      6.89e-05    8.7e-06
 829200      3.04e-04      2.19e-05    8.7e-06
 829300      4.41e-04      3.18e-05    8.7e-06
 829400      5.76e-04      4.16e-05    8.7e-06
 829500      6.92e-04      5.00e-05    8.7e-06
 829600      7.39e-04      5.33e-05    8.7e-06
 829700      1.07e-03      7.74e-05    8.7e-06
 829800      4.75e-04      3.43e-05    8.7e-06
 829900      7.82e-04      5.64e-05    8.7e-06
 830000      7.03e-04      5.07e-05    8.4e-06
 830100      6.06e-04      4.37e-05    8.4e-06
 830200      5.40e-04      3.90e-05    8.4e-06
 830300      8.74e-04      6.31e-05    8.4e-06
 830400      5.51e-04      3.97e-05    8.4e-06
 830500      5.61e-04      4.05e-05    8.4e-06
 830600      5.48e-04      3.95e-05    8.4e-06
 830700      3.97e-04      2.87e-05    8.4e-06
 830800      7.57e-04      5.46e-05    8.4e-06
 830900      3.70e-04      2.67e-05    8.4e-06
 831000      3.71e-04      2.68e-05    8.4e-06
 831100      8.13e-04      5.87e-05    8.4e-06
 831200      4.67e-04      3.37e-05    8.4e-06
 831300      6.84e-04      4.94e-05    8.4e-06
 831400      5.88e-04      4.24e-05    8.4e-06
 831500      6.35e-04      4.58e-05    8.4e-06
 831600      4.43e-04      3.19e-05    8.4e-06
 831700      6.19e-04      4.46e-05    8.4e-06
 831800      8.37e-04      6.04e-05    8.4e-06
 831900      3.53e-04      2.55e-05    8.4e-06
 832000      7.32e-04      5.28e-05    8.4e-06
 832100      4.08e-04      2.95e-05    8.4e-06
 832200      6.28e-04      4.53e-05    8.4e-06
 832300      6.08e-04      4.39e-05    8.4e-06
 832400      2.75e-04      1.98e-05    8.4e-06
 832500      3.54e-04      2.56e-05    8.4e-06
 832600      5.57e-04      4.02e-05    8.4e-06
 832700      3.09e-04      2.23e-05    8.4e-06
 832800      4.79e-04      3.45e-05    8.4e-06
 832900      5.40e-04      3.90e-05    8.4e-06
 833000      5.70e-04      4.11e-05    8.4e-06
 833100      5.49e-04      3.96e-05    8.4e-06
 833200      3.83e-04      2.76e-05    8.4e-06
 833300      5.42e-04      3.91e-05    8.4e-06
 833400      2.57e-04      1.86e-05    8.4e-06
 833500      6.88e-04      4.96e-05    8.4e-06
 833600      3.76e-04      2.71e-05    8.4e-06
 833700      6.61e-04      4.77e-05    8.4e-06
 833800      4.17e-04      3.01e-05    8.4e-06
 833900      4.10e-04      2.96e-05    8.4e-06
 834000      5.43e-04      3.92e-05    8.4e-06
 834100      2.67e-04      1.93e-05    8.4e-06
 834200      5.53e-04      3.99e-05    8.4e-06
 834300      4.27e-04      3.08e-05    8.4e-06
 834400      4.19e-04      3.02e-05    8.4e-06
 834500      3.92e-04      2.83e-05    8.4e-06
 834600      2.88e-04      2.08e-05    8.4e-06
 834700      8.38e-04      6.05e-05    8.4e-06
 834800      6.98e-04      5.04e-05    8.4e-06
 834900      7.39e-04      5.33e-05    8.4e-06
 835000      6.82e-04      4.92e-05    8.2e-06
 835100      3.71e-04      2.67e-05    8.2e-06
 835200      3.65e-04      2.63e-05    8.2e-06
 835300      5.57e-04      4.02e-05    8.2e-06
 835400      5.24e-04      3.78e-05    8.2e-06
 835500      8.34e-04      6.02e-05    8.2e-06
 835600      3.38e-04      2.44e-05    8.2e-06
 835700      3.48e-04      2.51e-05    8.2e-06
 835800      5.41e-04      3.90e-05    8.2e-06
 835900      3.80e-04      2.74e-05    8.2e-06
 836000      4.04e-04      2.91e-05    8.2e-06
 836100      6.57e-04      4.74e-05    8.2e-06
 836200      4.46e-04      3.22e-05    8.2e-06
 836300      2.69e-04      1.94e-05    8.2e-06
 836400      3.70e-04      2.67e-05    8.2e-06
 836500      4.66e-04      3.36e-05    8.2e-06
 836600      6.00e-04      4.33e-05    8.2e-06
 836700      5.71e-04      4.12e-05    8.2e-06
 836800      9.21e-04      6.65e-05    8.2e-06
 836900      4.65e-04      3.36e-05    8.2e-06
 837000      9.31e-04      6.72e-05    8.2e-06
 837100      3.57e-04      2.58e-05    8.2e-06
 837200      3.44e-04      2.48e-05    8.2e-06
 837300      3.93e-04      2.83e-05    8.2e-06
 837400      5.15e-04      3.71e-05    8.2e-06
 837500      5.97e-04      4.31e-05    8.2e-06
 837600      3.79e-04      2.74e-05    8.2e-06
 837700      3.06e-04      2.21e-05    8.2e-06
 837800      5.63e-04      4.07e-05    8.2e-06
 837900      5.45e-04      3.93e-05    8.2e-06
 838000      2.31e-04      1.67e-05    8.2e-06
 838100      2.89e-04      2.09e-05    8.2e-06
 838200      4.91e-04      3.54e-05    8.2e-06
 838300      7.10e-04      5.13e-05    8.2e-06
 838400      6.05e-04      4.37e-05    8.2e-06
 838500      7.44e-04      5.37e-05    8.2e-06
 838600      4.50e-04      3.25e-05    8.2e-06
 838700      7.38e-04      5.32e-05    8.2e-06
 838800      3.55e-04      2.56e-05    8.2e-06
 838900      3.11e-04      2.24e-05    8.2e-06
 839000      1.39e-03      1.00e-04    8.2e-06
 839100      5.43e-04      3.92e-05    8.2e-06
 839200      4.00e-04      2.89e-05    8.2e-06
 839300      6.43e-04      4.64e-05    8.2e-06
 839400      4.10e-04      2.96e-05    8.2e-06
 839500      4.67e-04      3.37e-05    8.2e-06
 839600      2.03e-04      1.46e-05    8.2e-06
 839700      6.02e-04      4.34e-05    8.2e-06
 839800      3.66e-04      2.64e-05    8.2e-06
 839900      1.82e-04      1.31e-05    8.2e-06
 840000      2.25e-04      1.62e-05    7.9e-06
 840100      2.46e-04      1.78e-05    7.9e-06
 840200      7.08e-04      5.11e-05    7.9e-06
 840300      4.10e-04      2.96e-05    7.9e-06
 840400      3.68e-04      2.66e-05    7.9e-06
 840500      2.19e-04      1.58e-05    7.9e-06
 840600      5.46e-04      3.94e-05    7.9e-06
 840700      8.28e-04      5.98e-05    7.9e-06
 840800      3.79e-04      2.74e-05    7.9e-06
 840900      5.32e-04      3.84e-05    7.9e-06
 841000      4.08e-04      2.95e-05    7.9e-06
 841100      6.02e-04      4.35e-05    7.9e-06
 841200      8.78e-04      6.34e-05    7.9e-06
 841300      6.87e-04      4.96e-05    7.9e-06
 841400      6.80e-04      4.91e-05    7.9e-06
 841500      6.13e-04      4.42e-05    7.9e-06
 841600      2.94e-04      2.12e-05    7.9e-06
 841700      3.84e-04      2.77e-05    7.9e-06
 841800      6.11e-04      4.41e-05    7.9e-06
 841900      6.02e-04      4.35e-05    7.9e-06
 842000      7.46e-04      5.38e-05    7.9e-06
 842100      3.55e-04      2.56e-05    7.9e-06
 842200      3.80e-04      2.74e-05    7.9e-06
 842300      7.88e-04      5.68e-05    7.9e-06
 842400      7.67e-04      5.53e-05    7.9e-06
 842500      4.74e-04      3.42e-05    7.9e-06
 842600      5.59e-04      4.03e-05    7.9e-06
 842700      4.72e-04      3.41e-05    7.9e-06
 842800      4.80e-04      3.47e-05    7.9e-06
 842900      5.25e-04      3.79e-05    7.9e-06
 843000      5.86e-04      4.23e-05    7.9e-06
 843100      4.76e-04      3.43e-05    7.9e-06
 843200      8.27e-04      5.97e-05    7.9e-06
 843300      8.15e-04      5.88e-05    7.9e-06
 843400      5.38e-04      3.88e-05    7.9e-06
 843500      3.94e-04      2.85e-05    7.9e-06
 843600      4.17e-04      3.01e-05    7.9e-06
 843700      4.41e-04      3.19e-05    7.9e-06
 843800      2.83e-04      2.04e-05    7.9e-06
 843900      6.24e-04      4.50e-05    7.9e-06
 844000      4.60e-04      3.32e-05    7.9e-06
 844100      2.76e-04      1.99e-05    7.9e-06
 844200      7.75e-04      5.59e-05    7.9e-06
 844300      4.11e-04      2.97e-05    7.9e-06
 844400      4.63e-04      3.34e-05    7.9e-06
 844500      8.97e-04      6.47e-05    7.9e-06
 844600      3.99e-04      2.88e-05    7.9e-06
 844700      8.13e-04      5.86e-05    7.9e-06
 844800      3.65e-04      2.63e-05    7.9e-06
 844900      3.08e-04      2.22e-05    7.9e-06
 845000      1.97e-04      1.42e-05    7.7e-06
 845100      3.84e-04      2.77e-05    7.7e-06
 845200      4.54e-04      3.28e-05    7.7e-06
 845300      3.69e-04      2.66e-05    7.7e-06
 845400      3.38e-04      2.44e-05    7.7e-06
 845500      4.61e-04      3.33e-05    7.7e-06
 845600      8.99e-04      6.49e-05    7.7e-06
 845700      9.00e-04      6.50e-05    7.7e-06
 845800      3.08e-04      2.22e-05    7.7e-06
 845900      6.84e-04      4.94e-05    7.7e-06
 846000      7.18e-04      5.18e-05    7.7e-06
 846100      3.93e-04      2.84e-05    7.7e-06
 846200      3.74e-04      2.70e-05    7.7e-06
 846300      4.86e-04      3.51e-05    7.7e-06
 846400      4.02e-04      2.90e-05    7.7e-06
 846500      6.17e-04      4.46e-05    7.7e-06
 846600      3.51e-04      2.53e-05    7.7e-06
 846700      2.37e-04      1.71e-05    7.7e-06
 846800      5.37e-04      3.87e-05    7.7e-06
 846900      6.96e-04      5.03e-05    7.7e-06
 847000      5.46e-04      3.94e-05    7.7e-06
 847100      8.02e-04      5.79e-05    7.7e-06
 847200      3.01e-04      2.17e-05    7.7e-06
 847300      8.14e-04      5.88e-05    7.7e-06
 847400      6.16e-04      4.44e-05    7.7e-06
 847500      3.19e-04      2.30e-05    7.7e-06
 847600      4.27e-04      3.09e-05    7.7e-06
 847700      3.82e-04      2.76e-05    7.7e-06
 847800      7.19e-04      5.19e-05    7.7e-06
 847900      3.95e-04      2.85e-05    7.7e-06
 848000      5.12e-04      3.69e-05    7.7e-06
 848100      5.45e-04      3.93e-05    7.7e-06
 848200      4.44e-04      3.20e-05    7.7e-06
 848300      3.31e-04      2.39e-05    7.7e-06
 848400      1.25e-04      9.00e-06    7.7e-06
 848500      3.45e-04      2.49e-05    7.7e-06
 848600      5.78e-04      4.17e-05    7.7e-06
 848700      5.54e-04      4.00e-05    7.7e-06
 848800      2.81e-04      2.03e-05    7.7e-06
 848900      4.04e-04      2.92e-05    7.7e-06
 849000      4.62e-04      3.33e-05    7.7e-06
 849100      5.07e-04      3.66e-05    7.7e-06
 849200      3.43e-04      2.48e-05    7.7e-06
 849300      5.57e-04      4.02e-05    7.7e-06
 849400      4.12e-04      2.97e-05    7.7e-06
 849500      6.60e-04      4.76e-05    7.7e-06
 849600      4.50e-04      3.25e-05    7.7e-06
 849700      5.23e-04      3.78e-05    7.7e-06
 849800      4.83e-04      3.48e-05    7.7e-06
 849900      6.27e-04      4.53e-05    7.7e-06
 850000      6.19e-04      4.47e-05    7.5e-06
 850100      5.71e-04      4.12e-05    7.5e-06
 850200      1.74e-04      1.26e-05    7.5e-06
 850300      8.55e-04      6.17e-05    7.5e-06
 850400      3.75e-04      2.71e-05    7.5e-06
 850500      4.87e-04      3.52e-05    7.5e-06
 850600      2.97e-04      2.14e-05    7.5e-06
 850700      4.13e-04      2.98e-05    7.5e-06
 850800      6.19e-04      4.47e-05    7.5e-06
 850900      2.78e-04      2.01e-05    7.5e-06
 851000      5.15e-04      3.71e-05    7.5e-06
 851100      4.37e-04      3.15e-05    7.5e-06
 851200      4.72e-04      3.40e-05    7.5e-06
 851300      7.42e-04      5.35e-05    7.5e-06
 851400      2.03e-04      1.47e-05    7.5e-06
 851500      5.29e-04      3.82e-05    7.5e-06
 851600      3.18e-04      2.30e-05    7.5e-06
 851700      4.26e-04      3.07e-05    7.5e-06
 851800      6.24e-04      4.51e-05    7.5e-06
 851900      4.50e-04      3.25e-05    7.5e-06
 852000      3.34e-04      2.41e-05    7.5e-06
 852100      7.04e-04      5.08e-05    7.5e-06
 852200      5.37e-04      3.87e-05    7.5e-06
 852300      5.46e-04      3.94e-05    7.5e-06
 852400      3.22e-04      2.33e-05    7.5e-06
 852500      6.31e-04      4.55e-05    7.5e-06
 852600      3.12e-04      2.25e-05    7.5e-06
 852700      5.28e-04      3.81e-05    7.5e-06
 852800      6.21e-04      4.48e-05    7.5e-06
 852900      3.92e-04      2.83e-05    7.5e-06
 853000      4.04e-04      2.92e-05    7.5e-06
 853100      3.58e-04      2.58e-05    7.5e-06
 853200      2.48e-04      1.79e-05    7.5e-06
 853300      5.47e-04      3.95e-05    7.5e-06
 853400      1.63e-04      1.17e-05    7.5e-06
 853500      2.92e-04      2.11e-05    7.5e-06
 853600      5.03e-04      3.63e-05    7.5e-06
 853700      6.10e-04      4.40e-05    7.5e-06
 853800      4.24e-04      3.06e-05    7.5e-06
 853900      4.37e-04      3.16e-05    7.5e-06
 854000      4.43e-04      3.20e-05    7.5e-06
 854100      4.79e-04      3.45e-05    7.5e-06
 854200      2.71e-04      1.95e-05    7.5e-06
 854300      5.47e-04      3.95e-05    7.5e-06
 854400      6.74e-04      4.86e-05    7.5e-06
 854500      3.67e-04      2.65e-05    7.5e-06
 854600      5.06e-04      3.65e-05    7.5e-06
 854700      6.61e-04      4.77e-05    7.5e-06
 854800      3.72e-04      2.68e-05    7.5e-06
 854900      5.07e-04      3.66e-05    7.5e-06
 855000      3.66e-04      2.64e-05    7.3e-06
 855100      5.41e-04      3.90e-05    7.3e-06
 855200      5.31e-04      3.83e-05    7.3e-06
 855300      3.63e-04      2.62e-05    7.3e-06
 855400      4.00e-04      2.89e-05    7.3e-06
 855500      2.88e-04      2.08e-05    7.3e-06
 855600      2.99e-04      2.15e-05    7.3e-06
 855700      1.98e-04      1.43e-05    7.3e-06
 855800      2.88e-04      2.08e-05    7.3e-06
 855900      6.80e-04      4.91e-05    7.3e-06
 856000      4.17e-04      3.01e-05    7.3e-06
 856100      3.68e-04      2.66e-05    7.3e-06
 856200      2.63e-04      1.90e-05    7.3e-06
 856300      5.73e-04      4.14e-05    7.3e-06
 856400      7.92e-04      5.72e-05    7.3e-06
 856500      2.99e-04      2.16e-05    7.3e-06
 856600      9.84e-04      7.10e-05    7.3e-06
 856700      6.03e-04      4.35e-05    7.3e-06
 856800      3.77e-04      2.72e-05    7.3e-06
 856900      7.14e-04      5.15e-05    7.3e-06
 857000      6.58e-04      4.75e-05    7.3e-06
 857100      5.68e-04      4.10e-05    7.3e-06
 857200      4.35e-04      3.14e-05    7.3e-06
 857300      2.86e-04      2.06e-05    7.3e-06
 857400      2.33e-04      1.68e-05    7.3e-06
 857500      3.04e-04      2.19e-05    7.3e-06
 857600      7.84e-04      5.66e-05    7.3e-06
 857700      3.07e-04      2.21e-05    7.3e-06
 857800      4.72e-04      3.41e-05    7.3e-06
 857900      3.85e-04      2.78e-05    7.3e-06
 858000      5.83e-04      4.21e-05    7.3e-06
 858100      6.53e-04      4.71e-05    7.3e-06
 858200      3.18e-04      2.29e-05    7.3e-06
 858300      5.19e-04      3.74e-05    7.3e-06
 858400      2.56e-04      1.85e-05    7.3e-06
 858500      4.08e-04      2.94e-05    7.3e-06
 858600      3.26e-04      2.35e-05    7.3e-06
 858700      5.08e-04      3.67e-05    7.3e-06
 858800      2.73e-04      1.97e-05    7.3e-06
 858900      5.47e-04      3.95e-05    7.3e-06
 859000      1.31e-03      9.48e-05    7.3e-06
 859100      6.98e-04      5.04e-05    7.3e-06
 859200      4.79e-04      3.45e-05    7.3e-06
 859300      2.44e-04      1.76e-05    7.3e-06
 859400      4.18e-04      3.02e-05    7.3e-06
 859500      3.71e-04      2.68e-05    7.3e-06
 859600      7.78e-04      5.61e-05    7.3e-06
 859700      3.14e-04      2.27e-05    7.3e-06
 859800      4.62e-04      3.33e-05    7.3e-06
 859900      2.67e-04      1.93e-05    7.3e-06
 860000      4.58e-04      3.30e-05    7.1e-06
 860100      2.75e-04      1.99e-05    7.1e-06
 860200      4.32e-04      3.11e-05    7.1e-06
 860300      4.43e-04      3.20e-05    7.1e-06
 860400      4.07e-04      2.94e-05    7.1e-06
 860500      3.27e-04      2.36e-05    7.1e-06
 860600      4.32e-04      3.12e-05    7.1e-06
 860700      3.50e-04      2.52e-05    7.1e-06
 860800      5.44e-04      3.93e-05    7.1e-06
 860900      6.06e-04      4.37e-05    7.1e-06
 861000      3.58e-04      2.59e-05    7.1e-06
 861100      4.09e-04      2.95e-05    7.1e-06
 861200      6.80e-04      4.90e-05    7.1e-06
 861300      2.95e-04      2.13e-05    7.1e-06
 861400      4.90e-04      3.54e-05    7.1e-06
 861500      7.12e-04      5.14e-05    7.1e-06
 861600      4.27e-04      3.08e-05    7.1e-06
 861700      5.66e-04      4.08e-05    7.1e-06
 861800      7.76e-04      5.60e-05    7.1e-06
 861900      9.36e-04      6.75e-05    7.1e-06
 862000      4.76e-04      3.44e-05    7.1e-06
 862100      3.28e-04      2.36e-05    7.1e-06
 862200      8.31e-04      5.99e-05    7.1e-06
 862300      8.81e-04      6.36e-05    7.1e-06
 862400      7.81e-04      5.64e-05    7.1e-06
 862500      4.50e-04      3.25e-05    7.1e-06
 862600      8.55e-04      6.17e-05    7.1e-06
 862700      3.38e-04      2.44e-05    7.1e-06
 862800      6.52e-04      4.70e-05    7.1e-06
 862900      6.01e-04      4.34e-05    7.1e-06
 863000      7.36e-04      5.31e-05    7.1e-06
 863100      3.36e-04      2.42e-05    7.1e-06
 863200      3.14e-04      2.27e-05    7.1e-06
 863300      3.64e-04      2.63e-05    7.1e-06
 863400      2.57e-04      1.85e-05    7.1e-06
 863500      7.39e-04      5.33e-05    7.1e-06
 863600      3.82e-04      2.76e-05    7.1e-06
 863700      3.39e-04      2.45e-05    7.1e-06
 863800      3.25e-04      2.35e-05    7.1e-06
 863900      7.31e-04      5.28e-05    7.1e-06
 864000      4.44e-04      3.20e-05    7.1e-06
 864100      5.12e-04      3.70e-05    7.1e-06
 864200      9.58e-04      6.91e-05    7.1e-06
 864300      4.89e-04      3.53e-05    7.1e-06
 864400      2.83e-04      2.04e-05    7.1e-06
 864500      1.96e-04      1.41e-05    7.1e-06
 864600      3.61e-04      2.61e-05    7.1e-06
 864700      5.40e-04      3.90e-05    7.1e-06
 864800      2.88e-04      2.08e-05    7.1e-06
 864900      3.02e-04      2.18e-05    7.1e-06
 865000      1.30e-03      9.38e-05    6.9e-06
 865100      5.33e-04      3.85e-05    6.9e-06
 865200      3.91e-04      2.83e-05    6.9e-06
 865300      3.02e-04      2.18e-05    6.9e-06
 865400      4.77e-04      3.44e-05    6.9e-06
 865500      2.85e-04      2.06e-05    6.9e-06
 865600      4.04e-04      2.91e-05    6.9e-06
 865700      2.87e-04      2.07e-05    6.9e-06
 865800      3.64e-04      2.62e-05    6.9e-06
 865900      2.81e-04      2.03e-05    6.9e-06
 866000      3.15e-04      2.27e-05    6.9e-06
 866100      5.15e-04      3.71e-05    6.9e-06
 866200      5.83e-04      4.21e-05    6.9e-06
 866300      2.30e-04      1.66e-05    6.9e-06
 866400      3.97e-04      2.86e-05    6.9e-06
 866500      9.29e-04      6.70e-05    6.9e-06
 866600      7.42e-04      5.35e-05    6.9e-06
 866700      6.06e-04      4.37e-05    6.9e-06
 866800      7.55e-04      5.45e-05    6.9e-06
 866900      3.78e-04      2.72e-05    6.9e-06
 867000      3.83e-04      2.76e-05    6.9e-06
 867100      3.31e-04      2.39e-05    6.9e-06
 867200      4.60e-04      3.32e-05    6.9e-06
 867300      2.37e-04      1.71e-05    6.9e-06
 867400      7.15e-04      5.16e-05    6.9e-06
 867500      5.99e-04      4.32e-05    6.9e-06
 867600      8.37e-04      6.04e-05    6.9e-06
 867700      3.85e-04      2.78e-05    6.9e-06
 867800      2.87e-04      2.07e-05    6.9e-06
 867900      6.74e-04      4.87e-05    6.9e-06
 868000      3.42e-04      2.47e-05    6.9e-06
 868100      4.09e-04      2.95e-05    6.9e-06
 868200      4.12e-04      2.97e-05    6.9e-06
 868300      3.75e-04      2.70e-05    6.9e-06
 868400      4.76e-04      3.43e-05    6.9e-06
 868500      5.71e-04      4.12e-05    6.9e-06
 868600      8.57e-04      6.18e-05    6.9e-06
 868700      3.04e-04      2.20e-05    6.9e-06
 868800      4.97e-04      3.59e-05    6.9e-06
 868900      3.85e-04      2.78e-05    6.9e-06
 869000      4.24e-04      3.06e-05    6.9e-06
 869100      2.76e-04      2.00e-05    6.9e-06
 869200      3.92e-04      2.83e-05    6.9e-06
 869300      2.87e-04      2.07e-05    6.9e-06
 869400      5.44e-04      3.93e-05    6.9e-06
 869500      2.98e-04      2.15e-05    6.9e-06
 869600      3.63e-04      2.62e-05    6.9e-06
 869700      2.91e-04      2.10e-05    6.9e-06
 869800      5.29e-04      3.82e-05    6.9e-06
 869900      3.10e-04      2.24e-05    6.9e-06
 870000      4.03e-04      2.91e-05    6.7e-06
 870100      8.28e-04      5.97e-05    6.7e-06
 870200      3.75e-04      2.71e-05    6.7e-06
 870300      4.53e-04      3.27e-05    6.7e-06
 870400      4.28e-04      3.09e-05    6.7e-06
 870500      4.03e-04      2.91e-05    6.7e-06
 870600      4.10e-04      2.96e-05    6.7e-06
 870700      5.57e-04      4.02e-05    6.7e-06
 870800      2.46e-04      1.77e-05    6.7e-06
 870900      4.28e-04      3.09e-05    6.7e-06
 871000      1.47e-04      1.06e-05    6.7e-06
 871100      2.80e-04      2.02e-05    6.7e-06
 871200      3.65e-04      2.63e-05    6.7e-06
 871300      1.40e-04      1.01e-05    6.7e-06
 871400      3.63e-04      2.62e-05    6.7e-06
 871500      3.74e-04      2.70e-05    6.7e-06
 871600      4.25e-04      3.06e-05    6.7e-06
 871700      3.06e-04      2.21e-05    6.7e-06
 871800      3.23e-04      2.33e-05    6.7e-06
 871900      2.58e-04      1.86e-05    6.7e-06
 872000      3.91e-04      2.82e-05    6.7e-06
 872100      2.86e-04      2.07e-05    6.7e-06
 872200      5.07e-04      3.66e-05    6.7e-06
 872300      5.08e-04      3.67e-05    6.7e-06
 872400      3.52e-04      2.54e-05    6.7e-06
 872500      5.32e-04      3.84e-05    6.7e-06
 872600      4.57e-04      3.30e-05    6.7e-06
 872700      7.00e-04      5.05e-05    6.7e-06
 872800      5.89e-04      4.25e-05    6.7e-06
 872900      3.16e-04      2.28e-05    6.7e-06
 873000      2.71e-04      1.96e-05    6.7e-06
 873100      4.92e-04      3.55e-05    6.7e-06
 873200      3.81e-04      2.75e-05    6.7e-06
 873300      2.92e-04      2.11e-05    6.7e-06
 873400      7.13e-04      5.15e-05    6.7e-06
 873500      2.63e-04      1.90e-05    6.7e-06
 873600      4.31e-04      3.11e-05    6.7e-06
 873700      6.21e-04      4.48e-05    6.7e-06
 873800      6.41e-04      4.63e-05    6.7e-06
 873900      3.96e-04      2.86e-05    6.7e-06
 874000      6.29e-04      4.54e-05    6.7e-06
 874100      3.72e-04      2.68e-05    6.7e-06
 874200      5.01e-04      3.61e-05    6.7e-06
 874300      6.41e-04      4.62e-05    6.7e-06
 874400      5.04e-04      3.64e-05    6.7e-06
 874500      6.34e-04      4.57e-05    6.7e-06
 874600      9.49e-04      6.85e-05    6.7e-06
 874700      4.27e-04      3.08e-05    6.7e-06
 874800      4.36e-04      3.15e-05    6.7e-06
 874900      4.65e-04      3.36e-05    6.7e-06
 875000      3.63e-04      2.62e-05    6.5e-06
 875100      4.60e-04      3.32e-05    6.5e-06
 875200      2.98e-04      2.15e-05    6.5e-06
 875300      4.80e-04      3.47e-05    6.5e-06
 875400      5.28e-04      3.81e-05    6.5e-06
 875500      3.08e-04      2.22e-05    6.5e-06
 875600      8.34e-04      6.02e-05    6.5e-06
 875700      3.20e-04      2.31e-05    6.5e-06
 875800      4.33e-04      3.13e-05    6.5e-06
 875900      6.01e-04      4.34e-05    6.5e-06
 876000      3.56e-04      2.57e-05    6.5e-06
 876100      3.78e-04      2.73e-05    6.5e-06
 876200      3.92e-04      2.83e-05    6.5e-06
 876300      2.35e-04      1.69e-05    6.5e-06
 876400      4.47e-04      3.22e-05    6.5e-06
 876500      3.65e-04      2.64e-05    6.5e-06
 876600      5.67e-04      4.09e-05    6.5e-06
 876700      3.38e-04      2.44e-05    6.5e-06
 876800      4.13e-04      2.98e-05    6.5e-06
 876900      2.87e-04      2.07e-05    6.5e-06
 877000      5.99e-04      4.32e-05    6.5e-06
 877100      3.37e-04      2.43e-05    6.5e-06
 877200      4.35e-04      3.14e-05    6.5e-06
 877300      5.34e-04      3.85e-05    6.5e-06
 877400      3.95e-04      2.85e-05    6.5e-06
 877500      3.21e-04      2.32e-05    6.5e-06
 877600      3.93e-04      2.84e-05    6.5e-06
 877700      4.46e-04      3.22e-05    6.5e-06
 877800      6.71e-04      4.84e-05    6.5e-06
 877900      4.09e-04      2.95e-05    6.5e-06
 878000      3.44e-04      2.48e-05    6.5e-06
 878100      4.05e-04      2.92e-05    6.5e-06
 878200      6.48e-04      4.68e-05    6.5e-06
 878300      4.38e-04      3.16e-05    6.5e-06
 878400      3.63e-04      2.62e-05    6.5e-06
 878500      5.08e-04      3.66e-05    6.5e-06
 878600      4.45e-04      3.21e-05    6.5e-06
 878700      3.74e-04      2.70e-05    6.5e-06
 878800      3.98e-04      2.87e-05    6.5e-06
 878900      7.03e-04      5.07e-05    6.5e-06
 879000      3.74e-04      2.70e-05    6.5e-06
 879100      4.66e-04      3.37e-05    6.5e-06
 879200      3.57e-04      2.58e-05    6.5e-06
 879300      3.29e-04      2.38e-05    6.5e-06
 879400      5.92e-04      4.27e-05    6.5e-06
 879500      3.68e-04      2.65e-05    6.5e-06
 879600      2.62e-04      1.89e-05    6.5e-06
 879700      3.48e-04      2.51e-05    6.5e-06
 879800      1.96e-04      1.41e-05    6.5e-06
 879900      3.40e-04      2.45e-05    6.5e-06
 880000      3.51e-04      2.53e-05    6.3e-06
 880100      4.28e-04      3.09e-05    6.3e-06
 880200      3.66e-04      2.64e-05    6.3e-06
 880300      2.35e-04      1.70e-05    6.3e-06
 880400      3.44e-04      2.48e-05    6.3e-06
 880500      6.61e-04      4.77e-05    6.3e-06
 880600      3.13e-04      2.26e-05    6.3e-06
 880700      3.12e-04      2.25e-05    6.3e-06
 880800      4.68e-04      3.38e-05    6.3e-06
 880900      6.02e-04      4.35e-05    6.3e-06
 881000      2.46e-04      1.78e-05    6.3e-06
 881100      6.20e-04      4.48e-05    6.3e-06
 881200      5.52e-04      3.98e-05    6.3e-06
 881300      4.65e-04      3.36e-05    6.3e-06
 881400      4.56e-04      3.29e-05    6.3e-06
 881500      2.02e-04      1.46e-05    6.3e-06
 881600      7.75e-04      5.59e-05    6.3e-06
 881700      5.90e-04      4.26e-05    6.3e-06
 881800      2.97e-04      2.15e-05    6.3e-06
 881900      5.14e-04      3.71e-05    6.3e-06
 882000      4.07e-04      2.94e-05    6.3e-06
 882100      8.64e-04      6.23e-05    6.3e-06
 882200      4.08e-04      2.94e-05    6.3e-06
 882300      5.79e-04      4.18e-05    6.3e-06
 882400      2.96e-04      2.14e-05    6.3e-06
 882500      3.35e-04      2.42e-05    6.3e-06
 882600      4.08e-04      2.94e-05    6.3e-06
 882700      3.89e-04      2.81e-05    6.3e-06
 882800      2.96e-04      2.14e-05    6.3e-06
 882900      2.90e-04      2.10e-05    6.3e-06
 883000      6.03e-04      4.35e-05    6.3e-06
 883100      2.15e-04      1.55e-05    6.3e-06
 883200      4.58e-04      3.30e-05    6.3e-06
 883300      6.52e-04      4.71e-05    6.3e-06
 883400      5.21e-04      3.76e-05    6.3e-06
 883500      3.17e-04      2.29e-05    6.3e-06
 883600      2.59e-04      1.87e-05    6.3e-06
 883700      4.70e-04      3.39e-05    6.3e-06
 883800      4.87e-04      3.51e-05    6.3e-06
 883900      4.24e-04      3.06e-05    6.3e-06
 884000      3.67e-04      2.65e-05    6.3e-06
 884100      4.22e-04      3.04e-05    6.3e-06
 884200      6.10e-04      4.40e-05    6.3e-06
 884300      2.75e-04      1.98e-05    6.3e-06
 884400      4.44e-04      3.20e-05    6.3e-06
 884500      5.71e-04      4.12e-05    6.3e-06
 884600      3.96e-04      2.86e-05    6.3e-06
 884700      3.63e-04      2.62e-05    6.3e-06
 884800      7.55e-04      5.45e-05    6.3e-06
 884900      2.32e-04      1.67e-05    6.3e-06
 885000      3.98e-04      2.87e-05    6.1e-06
 885100      5.41e-04      3.91e-05    6.1e-06
 885200      5.51e-04      3.97e-05    6.1e-06
 885300      5.95e-04      4.29e-05    6.1e-06
 885400      5.55e-04      4.01e-05    6.1e-06
 885500      4.91e-04      3.54e-05    6.1e-06
 885600      4.36e-04      3.15e-05    6.1e-06
 885700      3.66e-04      2.64e-05    6.1e-06
 885800      5.10e-04      3.68e-05    6.1e-06
 885900      3.30e-04      2.38e-05    6.1e-06
 886000      2.43e-04      1.76e-05    6.1e-06
 886100      3.70e-04      2.67e-05    6.1e-06
 886200      2.96e-04      2.14e-05    6.1e-06
 886300      4.14e-04      2.99e-05    6.1e-06
 886400      3.93e-04      2.84e-05    6.1e-06
 886500      4.11e-04      2.96e-05    6.1e-06
 886600      2.33e-04      1.68e-05    6.1e-06
 886700      6.18e-04      4.46e-05    6.1e-06
 886800      3.44e-04      2.48e-05    6.1e-06
 886900      4.29e-04      3.10e-05    6.1e-06
 887000      4.60e-04      3.32e-05    6.1e-06
 887100      5.16e-04      3.72e-05    6.1e-06
 887200      4.02e-04      2.90e-05    6.1e-06
 887300      1.41e-03      1.02e-04    6.1e-06
 887400      5.86e-04      4.23e-05    6.1e-06
 887500      1.72e-04      1.24e-05    6.1e-06
 887600      2.00e-04      1.44e-05    6.1e-06
 887700      4.92e-04      3.55e-05    6.1e-06
 887800      1.64e-04      1.18e-05    6.1e-06
 887900      6.04e-04      4.36e-05    6.1e-06
 888000      3.40e-04      2.45e-05    6.1e-06
 888100      4.70e-04      3.40e-05    6.1e-06
 888200      1.03e-03      7.46e-05    6.1e-06
 888300      3.54e-04      2.55e-05    6.1e-06
 888400      2.48e-04      1.79e-05    6.1e-06
 888500      2.98e-04      2.15e-05    6.1e-06
 888600      2.49e-04      1.79e-05    6.1e-06
 888700      4.99e-04      3.60e-05    6.1e-06
 888800      3.03e-04      2.18e-05    6.1e-06
 888900      5.63e-04      4.06e-05    6.1e-06
 889000      3.85e-04      2.78e-05    6.1e-06
 889100      2.43e-04      1.76e-05    6.1e-06
 889200      3.52e-04      2.54e-05    6.1e-06
 889300      4.16e-04      3.00e-05    6.1e-06
 889400      3.66e-04      2.64e-05    6.1e-06
 889500      2.09e-04      1.51e-05    6.1e-06
 889600      5.67e-04      4.09e-05    6.1e-06
 889700      5.47e-04      3.95e-05    6.1e-06
 889800      3.09e-04      2.23e-05    6.1e-06
 889900      3.83e-04      2.77e-05    6.1e-06
 890000      3.31e-04      2.39e-05    6.0e-06
 890100      3.90e-04      2.82e-05    6.0e-06
 890200      5.28e-04      3.81e-05    6.0e-06
 890300      3.72e-04      2.69e-05    6.0e-06
 890400      3.48e-04      2.51e-05    6.0e-06
 890500      3.58e-04      2.59e-05    6.0e-06
 890600      4.41e-04      3.19e-05    6.0e-06
 890700      2.98e-04      2.15e-05    6.0e-06
 890800      2.89e-04      2.09e-05    6.0e-06
 890900      2.86e-04      2.07e-05    6.0e-06
 891000      1.83e-04      1.32e-05    6.0e-06
 891100      3.87e-04      2.79e-05    6.0e-06
 891200      4.34e-04      3.13e-05    6.0e-06
 891300      3.15e-04      2.27e-05    6.0e-06
 891400      2.53e-04      1.83e-05    6.0e-06
 891500      3.15e-04      2.28e-05    6.0e-06
 891600      2.82e-04      2.04e-05    6.0e-06
 891700      3.47e-04      2.51e-05    6.0e-06
 891800      5.08e-04      3.66e-05    6.0e-06
 891900      1.75e-04      1.27e-05    6.0e-06
 892000      4.91e-04      3.54e-05    6.0e-06
 892100      4.12e-04      2.97e-05    6.0e-06
 892200      2.38e-04      1.72e-05    6.0e-06
 892300      2.84e-04      2.05e-05    6.0e-06
 892400      5.90e-04      4.26e-05    6.0e-06
 892500      4.79e-04      3.45e-05    6.0e-06
 892600      3.25e-04      2.35e-05    6.0e-06
 892700      3.86e-04      2.78e-05    6.0e-06
 892800      3.91e-04      2.82e-05    6.0e-06
 892900      2.63e-04      1.89e-05    6.0e-06
 893000      5.94e-04      4.29e-05    6.0e-06
 893100      6.76e-04      4.88e-05    6.0e-06
 893200      3.14e-04      2.27e-05    6.0e-06
 893300      3.27e-04      2.36e-05    6.0e-06
 893400      3.60e-04      2.60e-05    6.0e-06
 893500      1.76e-04      1.27e-05    6.0e-06
 893600      3.55e-04      2.56e-05    6.0e-06
 893700      2.03e-04      1.47e-05    6.0e-06
 893800      3.71e-04      2.67e-05    6.0e-06
 893900      4.21e-04      3.04e-05    6.0e-06
 894000      3.84e-04      2.77e-05    6.0e-06
 894100      1.73e-04      1.25e-05    6.0e-06
 894200      5.24e-04      3.78e-05    6.0e-06
 894300      5.69e-04      4.10e-05    6.0e-06
 894400      3.48e-04      2.51e-05    6.0e-06
 894500      3.60e-04      2.60e-05    6.0e-06
 894600      2.63e-04      1.89e-05    6.0e-06
 894700      4.69e-04      3.38e-05    6.0e-06
 894800      1.91e-04      1.38e-05    6.0e-06
 894900      1.38e-03      9.93e-05    6.0e-06
 895000      4.38e-04      3.16e-05    5.8e-06
 895100      4.51e-04      3.25e-05    5.8e-06
 895200      2.12e-04      1.53e-05    5.8e-06
 895300      3.57e-04      2.58e-05    5.8e-06
 895400      2.69e-04      1.94e-05    5.8e-06
 895500      3.52e-04      2.54e-05    5.8e-06
 895600      3.58e-04      2.58e-05    5.8e-06
 895700      4.40e-04      3.18e-05    5.8e-06
 895800      4.29e-04      3.10e-05    5.8e-06
 895900      2.10e-04      1.52e-05    5.8e-06
 896000      3.55e-04      2.57e-05    5.8e-06
 896100      4.48e-04      3.23e-05    5.8e-06
 896200      4.90e-04      3.54e-05    5.8e-06
 896300      2.28e-04      1.65e-05    5.8e-06
 896400      2.66e-04      1.92e-05    5.8e-06
 896500      3.74e-04      2.70e-05    5.8e-06
 896600      3.83e-04      2.76e-05    5.8e-06
 896700      4.02e-04      2.90e-05    5.8e-06
 896800      3.97e-04      2.86e-05    5.8e-06
 896900      2.79e-04      2.01e-05    5.8e-06
 897000      1.19e-03      8.56e-05    5.8e-06
 897100      6.65e-04      4.80e-05    5.8e-06
 897200      5.27e-04      3.80e-05    5.8e-06
 897300      5.62e-04      4.05e-05    5.8e-06
 897400      3.60e-04      2.60e-05    5.8e-06
 897500      3.15e-04      2.27e-05    5.8e-06
 897600      4.22e-04      3.04e-05    5.8e-06
 897700      2.22e-04      1.60e-05    5.8e-06
 897800      3.87e-04      2.80e-05    5.8e-06
 897900      3.94e-04      2.85e-05    5.8e-06
 898000      3.75e-04      2.70e-05    5.8e-06
 898100      3.58e-04      2.59e-05    5.8e-06
 898200      5.16e-04      3.72e-05    5.8e-06
 898300      3.00e-04      2.16e-05    5.8e-06
 898400      2.83e-04      2.05e-05    5.8e-06
 898500      1.55e-04      1.12e-05    5.8e-06
 898600      3.76e-04      2.71e-05    5.8e-06
 898700      3.35e-04      2.42e-05    5.8e-06
 898800      6.19e-04      4.47e-05    5.8e-06
 898900      8.38e-04      6.05e-05    5.8e-06
 899000      2.33e-04      1.68e-05    5.8e-06
 899100      3.45e-04      2.49e-05    5.8e-06
 899200      3.95e-04      2.85e-05    5.8e-06
 899300      3.29e-04      2.38e-05    5.8e-06
 899400      2.96e-04      2.13e-05    5.8e-06
 899500      6.15e-04      4.44e-05    5.8e-06
 899600      1.45e-04      1.04e-05    5.8e-06
 899700      5.11e-04      3.69e-05    5.8e-06
 899800      3.61e-04      2.60e-05    5.8e-06
 899900      3.08e-04      2.23e-05    5.8e-06
 900000      2.72e-04      1.96e-05    5.6e-06
 900100      3.30e-04      2.38e-05    5.6e-06
 900200      3.63e-04      2.62e-05    5.6e-06
 900300      3.91e-04      2.82e-05    5.6e-06
 900400      3.64e-04      2.63e-05    5.6e-06
 900500      6.66e-04      4.80e-05    5.6e-06
 900600      4.75e-04      3.43e-05    5.6e-06
 900700      1.68e-04      1.21e-05    5.6e-06
 900800      4.42e-04      3.19e-05    5.6e-06
 900900      2.15e-04      1.55e-05    5.6e-06
 901000      2.52e-04      1.82e-05    5.6e-06
 901100      2.40e-04      1.73e-05    5.6e-06
 901200      5.49e-04      3.96e-05    5.6e-06
 901300      4.61e-04      3.33e-05    5.6e-06
 901400      4.36e-04      3.15e-05    5.6e-06
 901500      2.94e-04      2.12e-05    5.6e-06
 901600      4.57e-04      3.30e-05    5.6e-06
 901700      1.84e-04      1.33e-05    5.6e-06
 901800      3.33e-04      2.40e-05    5.6e-06
 901900      3.46e-04      2.49e-05    5.6e-06
 902000      6.01e-04      4.33e-05    5.6e-06
 902100      2.48e-04      1.79e-05    5.6e-06
 902200      1.87e-04      1.35e-05    5.6e-06
 902300      4.69e-04      3.38e-05    5.6e-06
 902400      2.52e-04      1.82e-05    5.6e-06
 902500      2.50e-04      1.81e-05    5.6e-06
 902600      2.34e-04      1.69e-05    5.6e-06
 902700      2.19e-04      1.58e-05    5.6e-06
 902800      5.60e-04      4.04e-05    5.6e-06
 902900      3.07e-04      2.22e-05    5.6e-06
 903000      2.48e-04      1.79e-05    5.6e-06
 903100      3.77e-04      2.72e-05    5.6e-06
 903200      3.26e-04      2.35e-05    5.6e-06
 903300      3.80e-04      2.74e-05    5.6e-06
 903400      2.56e-04      1.85e-05    5.6e-06
 903500      5.10e-04      3.68e-05    5.6e-06
 903600      3.47e-04      2.50e-05    5.6e-06
 903700      3.28e-04      2.37e-05    5.6e-06
 903800      4.08e-04      2.95e-05    5.6e-06
 903900      1.53e-04      1.10e-05    5.6e-06
 904000      2.24e-04      1.62e-05    5.6e-06
 904100      3.52e-04      2.54e-05    5.6e-06
 904200      2.76e-04      1.99e-05    5.6e-06
 904300      4.25e-04      3.06e-05    5.6e-06
 904400      6.51e-04      4.70e-05    5.6e-06
 904500      3.38e-04      2.44e-05    5.6e-06
 904600      2.84e-04      2.05e-05    5.6e-06
 904700      2.71e-04      1.96e-05    5.6e-06
 904800      6.15e-04      4.44e-05    5.6e-06
 904900      4.94e-04      3.56e-05    5.6e-06
 905000      2.43e-04      1.76e-05    5.5e-06
 905100      3.75e-04      2.71e-05    5.5e-06
 905200      1.80e-04      1.30e-05    5.5e-06
 905300      2.36e-04      1.71e-05    5.5e-06
 905400      2.10e-04      1.51e-05    5.5e-06
 905500      4.05e-04      2.93e-05    5.5e-06
 905600      3.83e-04      2.76e-05    5.5e-06
 905700      2.64e-04      1.90e-05    5.5e-06
 905800      8.83e-04      6.37e-05    5.5e-06
 905900      4.54e-04      3.27e-05    5.5e-06
 906000      4.23e-04      3.05e-05    5.5e-06
 906100      2.88e-04      2.08e-05    5.5e-06
 906200      2.09e-04      1.51e-05    5.5e-06
 906300      2.67e-04      1.93e-05    5.5e-06
 906400      2.70e-04      1.95e-05    5.5e-06
 906500      4.55e-04      3.28e-05    5.5e-06
 906600      3.27e-04      2.36e-05    5.5e-06
 906700      1.87e-04      1.35e-05    5.5e-06
 906800      4.44e-04      3.21e-05    5.5e-06
 906900      2.24e-04      1.62e-05    5.5e-06
 907000      3.06e-04      2.21e-05    5.5e-06
 907100      3.62e-04      2.61e-05    5.5e-06
 907200      3.15e-04      2.27e-05    5.5e-06
 907300      3.17e-04      2.28e-05    5.5e-06
 907400      4.55e-04      3.28e-05    5.5e-06
 907500      2.60e-04      1.88e-05    5.5e-06
 907600      2.93e-04      2.12e-05    5.5e-06
 907700      5.08e-04      3.67e-05    5.5e-06
 907800      2.99e-04      2.16e-05    5.5e-06
 907900      4.73e-04      3.42e-05    5.5e-06
 908000      2.99e-04      2.16e-05    5.5e-06
 908100      2.45e-04      1.77e-05    5.5e-06
 908200      3.65e-04      2.63e-05    5.5e-06
 908300      3.33e-04      2.40e-05    5.5e-06
 908400      3.48e-04      2.51e-05    5.5e-06
 908500      4.34e-04      3.13e-05    5.5e-06
 908600      7.07e-04      5.10e-05    5.5e-06
 908700      5.22e-04      3.77e-05    5.5e-06
 908800      3.31e-04      2.39e-05    5.5e-06
 908900      2.70e-04      1.95e-05    5.5e-06
 909000      2.91e-04      2.10e-05    5.5e-06
 909100      1.94e-04      1.40e-05    5.5e-06
 909200      6.49e-04      4.69e-05    5.5e-06
 909300      3.21e-04      2.32e-05    5.5e-06
 909400      5.33e-04      3.84e-05    5.5e-06
 909500      4.51e-04      3.25e-05    5.5e-06
 909600      6.54e-04      4.72e-05    5.5e-06
 909700      2.67e-04      1.93e-05    5.5e-06
 909800      3.58e-04      2.58e-05    5.5e-06
 909900      2.61e-04      1.88e-05    5.5e-06
 910000      3.58e-04      2.58e-05    5.3e-06
 910100      2.07e-04      1.49e-05    5.3e-06
 910200      2.16e-04      1.56e-05    5.3e-06
 910300      3.51e-04      2.54e-05    5.3e-06
 910400      3.13e-04      2.26e-05    5.3e-06
 910500      1.71e-04      1.23e-05    5.3e-06
 910600      3.60e-04      2.60e-05    5.3e-06
 910700      4.62e-04      3.34e-05    5.3e-06
 910800      4.40e-04      3.18e-05    5.3e-06
 910900      3.93e-04      2.83e-05    5.3e-06
 911000      4.79e-04      3.46e-05    5.3e-06
 911100      3.40e-04      2.45e-05    5.3e-06
 911200      2.11e-04      1.52e-05    5.3e-06
 911300      1.93e-04      1.40e-05    5.3e-06
 911400      3.61e-04      2.61e-05    5.3e-06
 911500      3.87e-04      2.79e-05    5.3e-06
 911600      3.78e-04      2.73e-05    5.3e-06
 911700      4.51e-04      3.26e-05    5.3e-06
 911800      3.12e-04      2.25e-05    5.3e-06
 911900      1.87e-04      1.35e-05    5.3e-06
 912000      2.72e-04      1.96e-05    5.3e-06
 912100      4.68e-04      3.38e-05    5.3e-06
 912200      4.14e-04      2.99e-05    5.3e-06
 912300      2.96e-04      2.14e-05    5.3e-06
 912400      5.52e-04      3.98e-05    5.3e-06
 912500      2.39e-04      1.73e-05    5.3e-06
 912600      3.01e-04      2.17e-05    5.3e-06
 912700      3.78e-04      2.73e-05    5.3e-06
 912800      2.80e-04      2.02e-05    5.3e-06
 912900      4.35e-04      3.14e-05    5.3e-06
 913000      4.01e-04      2.89e-05    5.3e-06
 913100      5.01e-04      3.61e-05    5.3e-06
 913200      2.66e-04      1.92e-05    5.3e-06
 913300      5.26e-04      3.80e-05    5.3e-06
 913400      2.07e-04      1.49e-05    5.3e-06
 913500      2.01e-04      1.45e-05    5.3e-06
 913600      3.94e-04      2.85e-05    5.3e-06
 913700      1.74e-04      1.26e-05    5.3e-06
 913800      4.56e-04      3.29e-05    5.3e-06
 913900      4.55e-04      3.29e-05    5.3e-06
 914000      3.76e-04      2.71e-05    5.3e-06
 914100      3.21e-04      2.32e-05    5.3e-06
 914200      5.66e-04      4.08e-05    5.3e-06
 914300      4.57e-04      3.30e-05    5.3e-06
 914400      2.51e-04      1.81e-05    5.3e-06
 914500      4.46e-04      3.22e-05    5.3e-06
 914600      4.13e-04      2.98e-05    5.3e-06
 914700      3.86e-04      2.79e-05    5.3e-06
 914800      2.09e-04      1.51e-05    5.3e-06
 914900      5.61e-04      4.05e-05    5.3e-06
 915000      1.91e-04      1.38e-05    5.2e-06
 915100      5.28e-04      3.81e-05    5.2e-06
 915200      2.34e-04      1.69e-05    5.2e-06
 915300      1.68e-04      1.21e-05    5.2e-06
 915400      2.12e-04      1.53e-05    5.2e-06
 915500      2.70e-04      1.95e-05    5.2e-06
 915600      1.91e-04      1.38e-05    5.2e-06
 915700      1.97e-04      1.42e-05    5.2e-06
 915800      2.61e-04      1.88e-05    5.2e-06
 915900      2.44e-04      1.76e-05    5.2e-06
 916000      3.12e-04      2.25e-05    5.2e-06
 916100      2.03e-04      1.47e-05    5.2e-06
 916200      3.01e-04      2.17e-05    5.2e-06
 916300      2.45e-04      1.77e-05    5.2e-06
 916400      3.81e-04      2.75e-05    5.2e-06
 916500      2.98e-04      2.15e-05    5.2e-06
 916600      5.48e-04      3.96e-05    5.2e-06
 916700      2.81e-04      2.02e-05    5.2e-06
 916800      1.32e-04      9.52e-06    5.2e-06
 916900      2.49e-04      1.80e-05    5.2e-06
 917000      2.60e-04      1.88e-05    5.2e-06
 917100      5.62e-04      4.05e-05    5.2e-06
 917200      2.92e-04      2.10e-05    5.2e-06
 917300      2.46e-04      1.77e-05    5.2e-06
 917400      4.40e-04      3.18e-05    5.2e-06
 917500      3.14e-04      2.26e-05    5.2e-06
 917600      2.66e-04      1.92e-05    5.2e-06
 917700      1.72e-04      1.24e-05    5.2e-06
 917800      3.17e-04      2.29e-05    5.2e-06
 917900      2.48e-04      1.79e-05    5.2e-06
 918000      3.31e-04      2.39e-05    5.2e-06
 918100      4.94e-04      3.57e-05    5.2e-06
 918200      3.17e-04      2.29e-05    5.2e-06
 918300      3.00e-04      2.16e-05    5.2e-06
 918400      3.06e-04      2.21e-05    5.2e-06
 918500      2.84e-04      2.05e-05    5.2e-06
 918600      5.88e-04      4.24e-05    5.2e-06
 918700      1.81e-04      1.31e-05    5.2e-06
 918800      2.97e-04      2.15e-05    5.2e-06
 918900      2.96e-04      2.14e-05    5.2e-06
 919000      2.98e-04      2.15e-05    5.2e-06
 919100      4.78e-04      3.45e-05    5.2e-06
 919200      4.41e-04      3.18e-05    5.2e-06
 919300      2.37e-04      1.71e-05    5.2e-06
 919400      3.68e-04      2.66e-05    5.2e-06
 919500      7.21e-04      5.20e-05    5.2e-06
 919600      3.22e-04      2.32e-05    5.2e-06
 919700      2.38e-04      1.72e-05    5.2e-06
 919800      3.30e-04      2.38e-05    5.2e-06
 919900      2.92e-04      2.11e-05    5.2e-06
 920000      1.96e-04      1.41e-05    5.0e-06
 920100      5.32e-04      3.84e-05    5.0e-06
 920200      2.83e-04      2.04e-05    5.0e-06
 920300      1.88e-04      1.36e-05    5.0e-06
 920400      2.64e-04      1.90e-05    5.0e-06
 920500      5.08e-04      3.66e-05    5.0e-06
 920600      3.30e-04      2.38e-05    5.0e-06
 920700      4.97e-04      3.58e-05    5.0e-06
 920800      4.52e-04      3.26e-05    5.0e-06
 920900      2.82e-04      2.04e-05    5.0e-06
 921000      4.20e-04      3.03e-05    5.0e-06
 921100      3.20e-04      2.31e-05    5.0e-06
 921200      5.16e-04      3.72e-05    5.0e-06
 921300      1.64e-04      1.19e-05    5.0e-06
 921400      3.80e-04      2.74e-05    5.0e-06
 921500      3.73e-04      2.69e-05    5.0e-06
 921600      5.59e-04      4.03e-05    5.0e-06
 921700      5.23e-04      3.78e-05    5.0e-06
 921800      5.27e-04      3.80e-05    5.0e-06
 921900      3.81e-04      2.75e-05    5.0e-06
 922000      2.32e-04      1.67e-05    5.0e-06
 922100      1.02e-04      7.39e-06    5.0e-06
 922200      5.05e-04      3.65e-05    5.0e-06
 922300      3.81e-04      2.75e-05    5.0e-06
 922400      2.83e-04      2.04e-05    5.0e-06
 922500      4.47e-04      3.22e-05    5.0e-06
 922600      2.20e-04      1.58e-05    5.0e-06
 922700      4.93e-04      3.56e-05    5.0e-06
 922800      2.62e-04      1.89e-05    5.0e-06
 922900      3.75e-04      2.71e-05    5.0e-06
 923000      2.29e-04      1.65e-05    5.0e-06
 923100      2.73e-04      1.97e-05    5.0e-06
 923200      3.64e-04      2.63e-05    5.0e-06
 923300      3.86e-04      2.78e-05    5.0e-06
 923400      3.12e-04      2.25e-05    5.0e-06
 923500      2.55e-04      1.84e-05    5.0e-06
 923600      3.16e-04      2.28e-05    5.0e-06
 923700      3.40e-04      2.45e-05    5.0e-06
 923800      5.03e-04      3.63e-05    5.0e-06
 923900      3.53e-04      2.55e-05    5.0e-06
 924000      2.65e-04      1.91e-05    5.0e-06
 924100      2.55e-04      1.84e-05    5.0e-06
 924200      2.18e-04      1.57e-05    5.0e-06
 924300      3.79e-04      2.74e-05    5.0e-06
 924400      4.56e-04      3.29e-05    5.0e-06
 924500      2.98e-04      2.15e-05    5.0e-06
 924600      2.61e-04      1.88e-05    5.0e-06
 924700      9.74e-05      7.03e-06    5.0e-06
 924800      5.62e-04      4.06e-05    5.0e-06
 924900      2.13e-04      1.54e-05    5.0e-06
 925000      2.19e-04      1.58e-05    4.9e-06
 925100      3.61e-04      2.60e-05    4.9e-06
 925200      3.90e-04      2.82e-05    4.9e-06
 925300      2.74e-04      1.98e-05    4.9e-06
 925400      3.25e-04      2.34e-05    4.9e-06
 925500      3.54e-04      2.56e-05    4.9e-06
 925600      4.30e-04      3.10e-05    4.9e-06
 925700      2.99e-04      2.15e-05    4.9e-06
 925800      3.58e-04      2.59e-05    4.9e-06
 925900      3.72e-04      2.69e-05    4.9e-06
 926000      4.56e-04      3.29e-05    4.9e-06
 926100      5.59e-04      4.03e-05    4.9e-06
 926200      4.71e-04      3.40e-05    4.9e-06
 926300      3.61e-04      2.61e-05    4.9e-06
 926400      5.05e-04      3.64e-05    4.9e-06
 926500      2.64e-04      1.91e-05    4.9e-06
 926600      3.42e-04      2.47e-05    4.9e-06
 926700      2.02e-04      1.46e-05    4.9e-06
 926800      3.05e-04      2.20e-05    4.9e-06
 926900      1.50e-04      1.08e-05    4.9e-06
 927000      4.05e-04      2.93e-05    4.9e-06
 927100      3.61e-04      2.61e-05    4.9e-06
 927200      1.85e-04      1.34e-05    4.9e-06
 927300      2.22e-04      1.60e-05    4.9e-06
 927400      1.30e-04      9.41e-06    4.9e-06
 927500      2.98e-04      2.15e-05    4.9e-06
 927600      4.64e-04      3.35e-05    4.9e-06
 927700      3.15e-04      2.27e-05    4.9e-06
 927800      3.11e-04      2.25e-05    4.9e-06
 927900      1.74e-04      1.25e-05    4.9e-06
 928000      5.31e-04      3.83e-05    4.9e-06
 928100      4.24e-04      3.06e-05    4.9e-06
 928200      3.82e-04      2.76e-05    4.9e-06
 928300      1.50e-04      1.08e-05    4.9e-06
 928400      2.90e-04      2.09e-05    4.9e-06
 928500      3.35e-04      2.42e-05    4.9e-06
 928600      3.39e-04      2.45e-05    4.9e-06
 928700      3.99e-04      2.88e-05    4.9e-06
 928800      3.24e-04      2.33e-05    4.9e-06
 928900      3.06e-04      2.21e-05    4.9e-06
 929000      2.41e-04      1.74e-05    4.9e-06
 929100      3.89e-04      2.81e-05    4.9e-06
 929200      2.57e-04      1.85e-05    4.9e-06
 929300      2.08e-04      1.50e-05    4.9e-06
 929400      2.13e-04      1.54e-05    4.9e-06
 929500      3.48e-04      2.51e-05    4.9e-06
 929600      2.19e-04      1.58e-05    4.9e-06
 929700      6.23e-04      4.50e-05    4.9e-06
 929800      2.73e-04      1.97e-05    4.9e-06
 929900      4.11e-04      2.97e-05    4.9e-06
 930000      2.96e-04      2.14e-05    4.7e-06
 930100      2.15e-04      1.55e-05    4.7e-06
 930200      3.20e-04      2.31e-05    4.7e-06
 930300      1.78e-04      1.28e-05    4.7e-06
 930400      3.50e-04      2.53e-05    4.7e-06
 930500      3.26e-04      2.35e-05    4.7e-06
 930600      2.70e-04      1.95e-05    4.7e-06
 930700      2.33e-04      1.68e-05    4.7e-06
 930800      3.61e-04      2.61e-05    4.7e-06
 930900      2.54e-04      1.83e-05    4.7e-06
 931000      4.53e-04      3.27e-05    4.7e-06
 931100      3.52e-04      2.54e-05    4.7e-06
 931200      1.03e-04      7.41e-06    4.7e-06
 931300      1.50e-04      1.08e-05    4.7e-06
 931400      1.39e-04      1.00e-05    4.7e-06
 931500      3.10e-04      2.24e-05    4.7e-06
 931600      3.05e-04      2.20e-05    4.7e-06
 931700      5.25e-04      3.79e-05    4.7e-06
 931800      3.10e-04      2.23e-05    4.7e-06
 931900      2.43e-04      1.75e-05    4.7e-06
 932000      3.54e-04      2.56e-05    4.7e-06
 932100      2.62e-04      1.89e-05    4.7e-06
 932200      4.28e-04      3.09e-05    4.7e-06
 932300      4.65e-04      3.36e-05    4.7e-06
 932400      3.53e-04      2.55e-05    4.7e-06
 932500      3.94e-04      2.84e-05    4.7e-06
 932600      3.85e-04      2.78e-05    4.7e-06
 932700      9.20e-05      6.64e-06    4.7e-06
 932800      2.51e-04      1.81e-05    4.7e-06
 932900      2.27e-04      1.64e-05    4.7e-06
 933000      4.58e-04      3.31e-05    4.7e-06
 933100      2.27e-04      1.64e-05    4.7e-06
 933200      3.53e-04      2.55e-05    4.7e-06
 933300      2.68e-04      1.93e-05    4.7e-06
 933400      3.26e-04      2.35e-05    4.7e-06
 933500      2.52e-04      1.82e-05    4.7e-06
 933600      1.65e-04      1.19e-05    4.7e-06
 933700      3.58e-04      2.58e-05    4.7e-06
 933800      2.74e-04      1.98e-05    4.7e-06
 933900      2.77e-04      2.00e-05    4.7e-06
 934000      3.13e-04      2.26e-05    4.7e-06
 934100      5.32e-04      3.84e-05    4.7e-06
 934200      2.09e-04      1.51e-05    4.7e-06
 934300      1.81e-04      1.31e-05    4.7e-06
 934400      2.08e-04      1.50e-05    4.7e-06
 934500      2.59e-04      1.87e-05    4.7e-06
 934600      3.68e-04      2.66e-05    4.7e-06
 934700      4.96e-04      3.58e-05    4.7e-06
 934800      2.62e-04      1.89e-05    4.7e-06
 934900      4.35e-04      3.14e-05    4.7e-06
 935000      2.64e-04      1.90e-05    4.6e-06
 935100      3.47e-04      2.51e-05    4.6e-06
 935200      2.02e-04      1.45e-05    4.6e-06
 935300      3.94e-04      2.85e-05    4.6e-06
 935400      3.10e-04      2.24e-05    4.6e-06
 935500      2.79e-04      2.02e-05    4.6e-06
 935600      2.84e-04      2.05e-05    4.6e-06
 935700      3.63e-04      2.62e-05    4.6e-06
 935800      3.67e-04      2.65e-05    4.6e-06
 935900      3.25e-04      2.34e-05    4.6e-06
 936000      2.41e-04      1.74e-05    4.6e-06
 936100      4.07e-04      2.94e-05    4.6e-06
 936200      2.16e-04      1.56e-05    4.6e-06
 936300      3.70e-04      2.67e-05    4.6e-06
 936400      1.77e-04      1.28e-05    4.6e-06
 936500      2.29e-04      1.65e-05    4.6e-06
 936600      3.76e-04      2.71e-05    4.6e-06
 936700      3.09e-04      2.23e-05    4.6e-06
 936800      3.37e-04      2.43e-05    4.6e-06
 936900      3.73e-04      2.69e-05    4.6e-06
 937000      3.17e-04      2.29e-05    4.6e-06
 937100      3.86e-04      2.79e-05    4.6e-06
 937200      2.16e-04      1.56e-05    4.6e-06
 937300      2.58e-04      1.86e-05    4.6e-06
 937400      3.47e-04      2.51e-05    4.6e-06
 937500      4.73e-04      3.41e-05    4.6e-06
 937600      3.02e-04      2.18e-05    4.6e-06
 937700      2.56e-04      1.85e-05    4.6e-06
 937800      2.69e-04      1.94e-05    4.6e-06
 937900      2.51e-04      1.81e-05    4.6e-06
 938000      3.78e-04      2.73e-05    4.6e-06
 938100      2.75e-04      1.98e-05    4.6e-06
 938200      4.48e-04      3.23e-05    4.6e-06
 938300      3.77e-04      2.72e-05    4.6e-06
 938400      1.99e-04      1.44e-05    4.6e-06
 938500      4.48e-04      3.23e-05    4.6e-06
 938600      5.77e-04      4.16e-05    4.6e-06
 938700      1.83e-04      1.32e-05    4.6e-06
 938800      2.94e-04      2.12e-05    4.6e-06
 938900      6.45e-05      4.66e-06    4.6e-06
 939000      4.80e-04      3.46e-05    4.6e-06
 939100      1.24e-04      8.93e-06    4.6e-06
 939200      1.98e-04      1.43e-05    4.6e-06
 939300      2.35e-04      1.70e-05    4.6e-06
 939400      2.09e-04      1.51e-05    4.6e-06
 939500      1.87e-04      1.35e-05    4.6e-06
 939600      8.15e-04      5.88e-05    4.6e-06
 939700      3.23e-04      2.33e-05    4.6e-06
 939800      1.99e-04      1.43e-05    4.6e-06
 939900      4.27e-04      3.08e-05    4.6e-06
 940000      3.17e-04      2.28e-05    4.5e-06
 940100      2.25e-04      1.62e-05    4.5e-06
 940200      1.66e-04      1.20e-05    4.5e-06
 940300      3.07e-04      2.22e-05    4.5e-06
 940400      2.53e-04      1.83e-05    4.5e-06
 940500      2.69e-04      1.94e-05    4.5e-06
 940600      2.59e-04      1.87e-05    4.5e-06
 940700      1.94e-04      1.40e-05    4.5e-06
 940800      3.40e-04      2.45e-05    4.5e-06
 940900      3.01e-04      2.18e-05    4.5e-06
 941000      1.78e-04      1.28e-05    4.5e-06
 941100      1.00e-04      7.25e-06    4.5e-06
 941200      2.88e-04      2.08e-05    4.5e-06
 941300      2.17e-04      1.56e-05    4.5e-06
 941400      2.27e-04      1.64e-05    4.5e-06
 941500      2.24e-04      1.62e-05    4.5e-06
 941600      2.73e-04      1.97e-05    4.5e-06
 941700      3.23e-04      2.33e-05    4.5e-06
 941800      4.09e-04      2.95e-05    4.5e-06
 941900      2.47e-04      1.78e-05    4.5e-06
 942000      2.09e-04      1.51e-05    4.5e-06
 942100      4.16e-04      3.00e-05    4.5e-06
 942200      1.41e-04      1.02e-05    4.5e-06
 942300      3.03e-04      2.19e-05    4.5e-06
 942400      1.90e-04      1.37e-05    4.5e-06
 942500      2.72e-04      1.96e-05    4.5e-06
 942600      3.69e-04      2.66e-05    4.5e-06
 942700      3.97e-04      2.87e-05    4.5e-06
 942800      2.78e-04      2.01e-05    4.5e-06
 942900      1.02e-04      7.38e-06    4.5e-06
 943000      4.87e-04      3.51e-05    4.5e-06
 943100      2.92e-04      2.10e-05    4.5e-06
 943200      3.90e-04      2.82e-05    4.5e-06
 943300      4.45e-04      3.21e-05    4.5e-06
 943400      5.20e-04      3.76e-05    4.5e-06
 943500      3.00e-04      2.16e-05    4.5e-06
 943600      3.00e-04      2.17e-05    4.5e-06
 943700      4.91e-04      3.54e-05    4.5e-06
 943800      2.07e-04      1.50e-05    4.5e-06
 943900      2.58e-04      1.86e-05    4.5e-06
 944000      1.28e-04      9.26e-06    4.5e-06
 944100      2.24e-04      1.62e-05    4.5e-06
 944200      2.76e-04      1.99e-05    4.5e-06
 944300      5.44e-04      3.92e-05    4.5e-06
 944400      2.77e-04      2.00e-05    4.5e-06
 944500      1.97e-04      1.42e-05    4.5e-06
 944600      2.31e-04      1.66e-05    4.5e-06
 944700      3.01e-04      2.18e-05    4.5e-06
 944800      3.15e-04      2.27e-05    4.5e-06
 944900      2.35e-04      1.70e-05    4.5e-06
 945000      1.83e-04      1.32e-05    4.3e-06
 945100      1.74e-04      1.25e-05    4.3e-06
 945200      3.87e-04      2.79e-05    4.3e-06
 945300      1.88e-04      1.36e-05    4.3e-06
 945400      4.21e-04      3.04e-05    4.3e-06
 945500      2.58e-04      1.86e-05    4.3e-06
 945600      4.07e-04      2.94e-05    4.3e-06
 945700      3.15e-04      2.27e-05    4.3e-06
 945800      1.46e-04      1.05e-05    4.3e-06
 945900      1.76e-04      1.27e-05    4.3e-06
 946000      3.63e-04      2.62e-05    4.3e-06
 946100      3.18e-04      2.30e-05    4.3e-06
 946200      3.50e-04      2.53e-05    4.3e-06
 946300      4.25e-04      3.07e-05    4.3e-06
 946400      2.05e-04      1.48e-05    4.3e-06
 946500      2.16e-04      1.56e-05    4.3e-06
 946600      2.41e-04      1.74e-05    4.3e-06
 946700      1.50e-04      1.08e-05    4.3e-06
 946800      1.60e-04      1.15e-05    4.3e-06
 946900      3.52e-04      2.54e-05    4.3e-06
 947000      5.10e-04      3.68e-05    4.3e-06
 947100      2.41e-04      1.74e-05    4.3e-06
 947200      3.76e-04      2.72e-05    4.3e-06
 947300      4.98e-04      3.60e-05    4.3e-06
 947400      2.88e-04      2.08e-05    4.3e-06
 947500      1.61e-04      1.16e-05    4.3e-06
 947600      2.34e-04      1.69e-05    4.3e-06
 947700      3.03e-04      2.19e-05    4.3e-06
 947800      2.47e-04      1.78e-05    4.3e-06
 947900      1.54e-04      1.11e-05    4.3e-06
 948000      6.54e-04      4.72e-05    4.3e-06
 948100      1.83e-04      1.32e-05    4.3e-06
 948200      1.22e-04      8.81e-06    4.3e-06
 948300      4.21e-04      3.04e-05    4.3e-06
 948400      1.52e-04      1.10e-05    4.3e-06
 948500      2.51e-04      1.81e-05    4.3e-06
 948600      2.15e-04      1.55e-05    4.3e-06
 948700      3.74e-04      2.70e-05    4.3e-06
 948800      2.02e-04      1.46e-05    4.3e-06
 948900      3.21e-04      2.32e-05    4.3e-06
 949000      1.89e-04      1.36e-05    4.3e-06
 949100      4.37e-04      3.15e-05    4.3e-06
 949200      2.20e-04      1.59e-05    4.3e-06
 949300      2.74e-04      1.98e-05    4.3e-06
 949400      1.10e-04      7.95e-06    4.3e-06
 949500      4.14e-04      2.99e-05    4.3e-06
 949600      2.52e-04      1.82e-05    4.3e-06
 949700      3.58e-04      2.58e-05    4.3e-06
 949800      4.77e-04      3.44e-05    4.3e-06
 949900      1.85e-04      1.33e-05    4.3e-06
 950000      3.59e-04      2.59e-05    4.2e-06
 950100      1.45e-04      1.05e-05    4.2e-06
 950200      2.88e-04      2.08e-05    4.2e-06
 950300      2.36e-04      1.70e-05    4.2e-06
 950400      2.06e-04      1.48e-05    4.2e-06
 950500      1.58e-04      1.14e-05    4.2e-06
 950600      2.93e-04      2.12e-05    4.2e-06
 950700      1.63e-04      1.17e-05    4.2e-06
 950800      2.58e-04      1.86e-05    4.2e-06
 950900      2.23e-04      1.61e-05    4.2e-06
 951000      3.59e-04      2.59e-05    4.2e-06
 951100      2.16e-04      1.56e-05    4.2e-06
 951200      9.51e-04      6.86e-05    4.2e-06
 951300      2.99e-04      2.16e-05    4.2e-06
 951400      3.24e-04      2.34e-05    4.2e-06
 951500      2.35e-04      1.70e-05    4.2e-06
 951600      2.91e-04      2.10e-05    4.2e-06
 951700      3.20e-04      2.31e-05    4.2e-06
 951800      1.68e-04      1.21e-05    4.2e-06
 951900      2.08e-04      1.50e-05    4.2e-06
 952000      2.79e-04      2.02e-05    4.2e-06
 952100      2.80e-04      2.02e-05    4.2e-06
 952200      2.54e-04      1.83e-05    4.2e-06
 952300      2.23e-04      1.61e-05    4.2e-06
 952400      3.39e-04      2.45e-05    4.2e-06
 952500      3.32e-04      2.39e-05    4.2e-06
 952600      2.37e-04      1.71e-05    4.2e-06
 952700      4.19e-04      3.03e-05    4.2e-06
 952800      1.64e-04      1.19e-05    4.2e-06
 952900      1.55e-04      1.12e-05    4.2e-06
 953000      1.11e-04      8.03e-06    4.2e-06
 953100      2.21e-04      1.60e-05    4.2e-06
 953200      1.62e-04      1.17e-05    4.2e-06
 953300      2.70e-04      1.95e-05    4.2e-06
 953400      2.27e-04      1.63e-05    4.2e-06
 953500      1.37e-04      9.87e-06    4.2e-06
 953600      3.10e-04      2.24e-05    4.2e-06
 953700      2.03e-04      1.47e-05    4.2e-06
 953800      2.28e-04      1.64e-05    4.2e-06
 953900      2.58e-04      1.86e-05    4.2e-06
 954000      1.63e-04      1.18e-05    4.2e-06
 954100      2.56e-04      1.85e-05    4.2e-06
 954200      4.43e-04      3.20e-05    4.2e-06
 954300      1.70e-04      1.23e-05    4.2e-06
 954400      2.60e-04      1.88e-05    4.2e-06
 954500      2.21e-04      1.59e-05    4.2e-06
 954600      2.67e-04      1.93e-05    4.2e-06
 954700      1.63e-04      1.17e-05    4.2e-06
 954800      1.17e-04      8.46e-06    4.2e-06
 954900      1.92e-04      1.39e-05    4.2e-06
 955000      2.67e-04      1.93e-05    4.1e-06
 955100      3.20e-04      2.31e-05    4.1e-06
 955200      1.56e-04      1.13e-05    4.1e-06
 955300      1.27e-04      9.20e-06    4.1e-06
 955400      3.29e-04      2.37e-05    4.1e-06
 955500      1.38e-04      9.96e-06    4.1e-06
 955600      2.80e-04      2.02e-05    4.1e-06
 955700      3.08e-04      2.23e-05    4.1e-06
 955800      4.16e-04      3.00e-05    4.1e-06
 955900      2.07e-04      1.50e-05    4.1e-06
 956000      1.67e-04      1.20e-05    4.1e-06
 956100      1.71e-04      1.24e-05    4.1e-06
 956200      1.94e-04      1.40e-05    4.1e-06
 956300      3.02e-04      2.18e-05    4.1e-06
 956400      2.20e-04      1.59e-05    4.1e-06
 956500      2.17e-04      1.57e-05    4.1e-06
 956600      1.76e-04      1.27e-05    4.1e-06
 956700      1.64e-04      1.19e-05    4.1e-06
 956800      2.36e-04      1.70e-05    4.1e-06
 956900      4.69e-04      3.39e-05    4.1e-06
 957000      2.26e-04      1.63e-05    4.1e-06
 957100      6.47e-04      4.67e-05    4.1e-06
 957200      3.27e-04      2.36e-05    4.1e-06
 957300      1.83e-04      1.32e-05    4.1e-06
 957400      3.37e-04      2.43e-05    4.1e-06
 957500      1.34e-04      9.68e-06    4.1e-06
 957600      1.36e-04      9.85e-06    4.1e-06
 957700      2.32e-04      1.68e-05    4.1e-06
 957800      4.64e-04      3.35e-05    4.1e-06
 957900      3.47e-04      2.50e-05    4.1e-06
 958000      2.35e-04      1.70e-05    4.1e-06
 958100      8.65e-04      6.24e-05    4.1e-06
 958200      4.00e-04      2.88e-05    4.1e-06
 958300      2.58e-04      1.86e-05    4.1e-06
 958400      1.28e-04      9.27e-06    4.1e-06
 958500      2.21e-04      1.60e-05    4.1e-06
 958600      1.44e-04      1.04e-05    4.1e-06
 958700      1.84e-04      1.33e-05    4.1e-06
 958800      3.43e-04      2.47e-05    4.1e-06
 958900      1.79e-04      1.29e-05    4.1e-06
 959000      3.27e-04      2.36e-05    4.1e-06
 959100      1.64e-04      1.18e-05    4.1e-06
 959200      3.18e-04      2.29e-05    4.1e-06
 959300      2.30e-04      1.66e-05    4.1e-06
 959400      1.44e-04      1.04e-05    4.1e-06
 959500      2.88e-04      2.08e-05    4.1e-06
 959600      3.82e-04      2.76e-05    4.1e-06
 959700      1.97e-04      1.42e-05    4.1e-06
 959800      3.06e-04      2.21e-05    4.1e-06
 959900      2.65e-04      1.91e-05    4.1e-06
 960000      2.23e-04      1.61e-05    4.0e-06
 960100      2.04e-04      1.47e-05    4.0e-06
 960200      2.50e-04      1.80e-05    4.0e-06
 960300      2.00e-04      1.44e-05    4.0e-06
 960400      2.51e-04      1.81e-05    4.0e-06
 960500      4.02e-04      2.90e-05    4.0e-06
 960600      2.66e-04      1.92e-05    4.0e-06
 960700      3.14e-04      2.27e-05    4.0e-06
 960800      2.11e-04      1.52e-05    4.0e-06
 960900      2.52e-04      1.82e-05    4.0e-06
 961000      2.23e-04      1.61e-05    4.0e-06
 961100      2.38e-04      1.72e-05    4.0e-06
 961200      3.20e-04      2.31e-05    4.0e-06
 961300      3.00e-04      2.16e-05    4.0e-06
 961400      3.20e-04      2.31e-05    4.0e-06
 961500      2.22e-04      1.60e-05    4.0e-06
 961600      2.08e-04      1.50e-05    4.0e-06
 961700      4.54e-04      3.28e-05    4.0e-06
 961800      2.99e-04      2.16e-05    4.0e-06
 961900      2.19e-04      1.58e-05    4.0e-06
 962000      1.87e-04      1.35e-05    4.0e-06
 962100      3.34e-04      2.41e-05    4.0e-06
 962200      2.17e-04      1.57e-05    4.0e-06
 962300      2.81e-04      2.03e-05    4.0e-06
 962400      3.19e-04      2.30e-05    4.0e-06
 962500      2.16e-04      1.56e-05    4.0e-06
 962600      3.35e-04      2.42e-05    4.0e-06
 962700      2.03e-04      1.46e-05    4.0e-06
 962800      2.36e-04      1.70e-05    4.0e-06
 962900      1.89e-04      1.36e-05    4.0e-06
 963000      1.25e-04      9.03e-06    4.0e-06
 963100      1.17e-04      8.42e-06    4.0e-06
 963200      2.62e-04      1.89e-05    4.0e-06
 963300      1.65e-04      1.19e-05    4.0e-06
 963400      1.97e-04      1.42e-05    4.0e-06
 963500      2.16e-04      1.56e-05    4.0e-06
 963600      2.38e-04      1.72e-05    4.0e-06
 963700      4.40e-04      3.18e-05    4.0e-06
 963800      3.56e-04      2.57e-05    4.0e-06
 963900      1.52e-04      1.10e-05    4.0e-06
 964000      1.69e-04      1.22e-05    4.0e-06
 964100      1.57e-04      1.13e-05    4.0e-06
 964200      2.51e-04      1.81e-05    4.0e-06
 964300      3.26e-04      2.35e-05    4.0e-06
 964400      9.71e-05      7.01e-06    4.0e-06
 964500      2.09e-04      1.51e-05    4.0e-06
 964600      1.57e-04      1.13e-05    4.0e-06
 964700      3.01e-04      2.17e-05    4.0e-06
 964800      3.40e-04      2.46e-05    4.0e-06
 964900      3.25e-04      2.35e-05    4.0e-06
 965000      2.31e-04      1.67e-05    3.9e-06
 965100      1.75e-04      1.27e-05    3.9e-06
 965200      7.79e-04      5.62e-05    3.9e-06
 965300      2.72e-04      1.96e-05    3.9e-06
 965400      2.47e-04      1.79e-05    3.9e-06
 965500      8.73e-05      6.30e-06    3.9e-06
 965600      1.50e-04      1.08e-05    3.9e-06
 965700      3.67e-04      2.65e-05    3.9e-06
 965800      2.17e-04      1.56e-05    3.9e-06
 965900      3.40e-04      2.45e-05    3.9e-06
 966000      2.04e-04      1.48e-05    3.9e-06
 966100      1.91e-04      1.38e-05    3.9e-06
 966200      2.54e-04      1.83e-05    3.9e-06
 966300      2.12e-04      1.53e-05    3.9e-06
 966400      3.31e-04      2.39e-05    3.9e-06
 966500      1.33e-04      9.57e-06    3.9e-06
 966600      3.46e-04      2.50e-05    3.9e-06
 966700      1.97e-04      1.42e-05    3.9e-06
 966800      2.36e-04      1.71e-05    3.9e-06
 966900      1.83e-04      1.32e-05    3.9e-06
 967000      2.02e-04      1.46e-05    3.9e-06
 967100      2.22e-04      1.60e-05    3.9e-06
 967200      5.05e-04      3.64e-05    3.9e-06
 967300      2.04e-04      1.47e-05    3.9e-06
 967400      2.56e-04      1.85e-05    3.9e-06
 967500      2.64e-04      1.91e-05    3.9e-06
 967600      2.58e-04      1.86e-05    3.9e-06
 967700      3.18e-04      2.29e-05    3.9e-06
 967800      3.55e-04      2.56e-05    3.9e-06
 967900      2.90e-04      2.09e-05    3.9e-06
 968000      2.36e-04      1.71e-05    3.9e-06
 968100      3.45e-04      2.49e-05    3.9e-06
 968200      1.49e-04      1.08e-05    3.9e-06
 968300      2.55e-04      1.84e-05    3.9e-06
 968400      2.18e-04      1.57e-05    3.9e-06
 968500      1.65e-04      1.19e-05    3.9e-06
 968600      2.48e-04      1.79e-05    3.9e-06
 968700      3.28e-04      2.36e-05    3.9e-06
 968800      1.32e-04      9.50e-06    3.9e-06
 968900      1.99e-04      1.44e-05    3.9e-06
 969000      3.00e-04      2.17e-05    3.9e-06
 969100      2.91e-04      2.10e-05    3.9e-06
 969200      2.70e-04      1.95e-05    3.9e-06
 969300      3.62e-04      2.61e-05    3.9e-06
 969400      2.22e-04      1.60e-05    3.9e-06
 969500      3.59e-04      2.59e-05    3.9e-06
 969600      2.60e-04      1.88e-05    3.9e-06
 969700      1.76e-04      1.27e-05    3.9e-06
 969800      3.72e-04      2.68e-05    3.9e-06
 969900      2.96e-04      2.14e-05    3.9e-06
 970000      2.57e-04      1.85e-05    3.8e-06
 970100      1.54e-04      1.11e-05    3.8e-06
 970200      1.68e-04      1.21e-05    3.8e-06
 970300      2.45e-04      1.77e-05    3.8e-06
 970400      2.14e-04      1.55e-05    3.8e-06
 970500      2.90e-04      2.10e-05    3.8e-06
 970600      2.88e-04      2.08e-05    3.8e-06
 970700      2.08e-04      1.50e-05    3.8e-06
 970800      2.00e-04      1.45e-05    3.8e-06
 970900      1.71e-04      1.23e-05    3.8e-06
 971000      2.59e-04      1.87e-05    3.8e-06
 971100      1.40e-04      1.01e-05    3.8e-06
 971200      2.80e-04      2.02e-05    3.8e-06
 971300      5.36e-04      3.87e-05    3.8e-06
 971400      2.85e-04      2.05e-05    3.8e-06
 971500      3.25e-04      2.35e-05    3.8e-06
 971600      3.40e-04      2.46e-05    3.8e-06
 971700      2.11e-04      1.52e-05    3.8e-06
 971800      2.86e-04      2.07e-05    3.8e-06
 971900      2.01e-04      1.45e-05    3.8e-06
 972000      2.05e-04      1.48e-05    3.8e-06
 972100      9.25e-05      6.67e-06    3.8e-06
 972200      3.05e-04      2.20e-05    3.8e-06
 972300      1.63e-04      1.17e-05    3.8e-06
 972400      3.72e-04      2.69e-05    3.8e-06
 972500      3.32e-04      2.40e-05    3.8e-06
 972600      1.41e-04      1.02e-05    3.8e-06
 972700      2.96e-04      2.14e-05    3.8e-06
 972800      4.10e-04      2.96e-05    3.8e-06
 972900      3.48e-04      2.51e-05    3.8e-06
 973000      1.93e-04      1.39e-05    3.8e-06
 973100      2.10e-04      1.52e-05    3.8e-06
 973200      1.76e-04      1.27e-05    3.8e-06
 973300      2.59e-04      1.87e-05    3.8e-06
 973400      2.36e-04      1.70e-05    3.8e-06
 973500      1.27e-04      9.14e-06    3.8e-06
 973600      2.33e-04      1.68e-05    3.8e-06
 973700      2.42e-04      1.75e-05    3.8e-06
 973800      3.05e-04      2.20e-05    3.8e-06
 973900      1.62e-04      1.17e-05    3.8e-06
 974000      2.98e-04      2.15e-05    3.8e-06
 974100      1.65e-04      1.19e-05    3.8e-06
 974200      1.93e-04      1.40e-05    3.8e-06
 974300      1.54e-04      1.11e-05    3.8e-06
 974400      5.71e-04      4.12e-05    3.8e-06
 974500      2.91e-04      2.10e-05    3.8e-06
 974600      2.74e-04      1.98e-05    3.8e-06
 974700      2.92e-04      2.11e-05    3.8e-06
 974800      1.93e-04      1.39e-05    3.8e-06
 974900      3.08e-04      2.22e-05    3.8e-06
 975000      1.37e-04      9.90e-06    3.7e-06
 975100      1.71e-04      1.24e-05    3.7e-06
 975200      4.57e-04      3.30e-05    3.7e-06
 975300      4.32e-04      3.11e-05    3.7e-06
 975400      2.58e-04      1.86e-05    3.7e-06
 975500      3.91e-04      2.82e-05    3.7e-06
 975600      3.03e-04      2.19e-05    3.7e-06
 975700      1.23e-04      8.87e-06    3.7e-06
 975800      2.44e-04      1.76e-05    3.7e-06
 975900      1.39e-04      1.01e-05    3.7e-06
 976000      1.65e-04      1.19e-05    3.7e-06
 976100      1.21e-04      8.70e-06    3.7e-06
 976200      2.74e-04      1.98e-05    3.7e-06
 976300      2.08e-04      1.50e-05    3.7e-06
 976400      3.04e-04      2.19e-05    3.7e-06
 976500      2.60e-04      1.88e-05    3.7e-06
 976600      2.71e-04      1.95e-05    3.7e-06
 976700      1.76e-04      1.27e-05    3.7e-06
 976800      2.39e-04      1.73e-05    3.7e-06
 976900      2.77e-04      2.00e-05    3.7e-06
 977000      2.59e-04      1.87e-05    3.7e-06
 977100      2.47e-04      1.79e-05    3.7e-06
 977200      3.30e-04      2.38e-05    3.7e-06
 977300      1.86e-04      1.34e-05    3.7e-06
 977400      4.90e-04      3.53e-05    3.7e-06
 977500      2.57e-04      1.85e-05    3.7e-06
 977600      2.66e-04      1.92e-05    3.7e-06
 977700      1.49e-04      1.08e-05    3.7e-06
 977800      2.25e-04      1.62e-05    3.7e-06
 977900      1.94e-04      1.40e-05    3.7e-06
 978000      2.29e-04      1.65e-05    3.7e-06
 978100      3.38e-04      2.44e-05    3.7e-06
 978200      1.67e-04      1.21e-05    3.7e-06
 978300      2.10e-04      1.52e-05    3.7e-06
 978400      2.01e-04      1.45e-05    3.7e-06
 978500      2.34e-04      1.69e-05    3.7e-06
 978600      4.52e-04      3.26e-05    3.7e-06
 978700      1.78e-04      1.28e-05    3.7e-06
 978800      2.05e-04      1.48e-05    3.7e-06
 978900      2.24e-04      1.62e-05    3.7e-06
 979000      1.88e-04      1.36e-05    3.7e-06
 979100      3.46e-04      2.50e-05    3.7e-06
 979200      3.32e-04      2.40e-05    3.7e-06
 979300      1.68e-04      1.21e-05    3.7e-06
 979400      2.49e-04      1.79e-05    3.7e-06
 979500      1.92e-04      1.39e-05    3.7e-06
 979600      1.54e-04      1.11e-05    3.7e-06
 979700      2.75e-04      1.98e-05    3.7e-06
 979800      2.07e-04      1.49e-05    3.7e-06
 979900      1.97e-04      1.42e-05    3.7e-06
 980000      2.02e-04      1.46e-05    3.5e-06
 980100      2.70e-04      1.95e-05    3.5e-06
 980200      1.55e-04      1.12e-05    3.5e-06
 980300      3.02e-04      2.18e-05    3.5e-06
 980400      4.04e-04      2.91e-05    3.5e-06
 980500      3.92e-04      2.83e-05    3.5e-06
 980600      3.47e-04      2.50e-05    3.5e-06
 980700      3.35e-04      2.42e-05    3.5e-06
 980800      4.59e-04      3.31e-05    3.5e-06
 980900      2.36e-04      1.70e-05    3.5e-06
 981000      2.26e-04      1.63e-05    3.5e-06
 981100      2.25e-04      1.62e-05    3.5e-06
 981200      2.58e-04      1.86e-05    3.5e-06
 981300      1.72e-04      1.24e-05    3.5e-06
 981400      1.72e-04      1.24e-05    3.5e-06
 981500      1.32e-04      9.52e-06    3.5e-06
 981600      1.32e-04      9.52e-06    3.5e-06
 981700      1.67e-04      1.21e-05    3.5e-06
 981800      1.69e-04      1.22e-05    3.5e-06
 981900      2.13e-04      1.54e-05    3.5e-06
 982000      1.88e-04      1.36e-05    3.5e-06
 982100      2.52e-04      1.82e-05    3.5e-06
 982200      1.91e-04      1.38e-05    3.5e-06
 982300      2.73e-04      1.97e-05    3.5e-06
 982400      1.50e-04      1.08e-05    3.5e-06
 982500      1.51e-04      1.09e-05    3.5e-06
 982600      1.97e-04      1.42e-05    3.5e-06
 982700      2.45e-04      1.77e-05    3.5e-06
 982800      1.84e-04      1.33e-05    3.5e-06
 982900      8.85e-05      6.39e-06    3.5e-06
 983000      3.25e-04      2.35e-05    3.5e-06
 983100      2.21e-04      1.60e-05    3.5e-06
 983200      2.68e-04      1.93e-05    3.5e-06
 983300      3.00e-04      2.16e-05    3.5e-06
 983400      2.88e-04      2.08e-05    3.5e-06
 983500      2.66e-04      1.92e-05    3.5e-06
 983600      1.63e-04      1.18e-05    3.5e-06
 983700      2.96e-04      2.14e-05    3.5e-06
 983800      1.69e-04      1.22e-05    3.5e-06
 983900      2.60e-04      1.88e-05    3.5e-06
 984000      1.21e-04      8.77e-06    3.5e-06
 984100      9.93e-05      7.17e-06    3.5e-06
 984200      2.78e-04      2.01e-05    3.5e-06
 984300      3.69e-04      2.66e-05    3.5e-06
 984400      1.96e-04      1.41e-05    3.5e-06
 984500      2.25e-04      1.63e-05    3.5e-06
 984600      4.48e-04      3.23e-05    3.5e-06
 984700      4.26e-04      3.07e-05    3.5e-06
 984800      3.38e-04      2.44e-05    3.5e-06
 984900      1.91e-04      1.38e-05    3.5e-06
 985000      3.12e-04      2.25e-05    3.4e-06
 985100      2.00e-04      1.44e-05    3.4e-06
 985200      3.15e-04      2.27e-05    3.4e-06
 985300      1.35e-04      9.73e-06    3.4e-06
 985400      3.67e-04      2.65e-05    3.4e-06
 985500      2.44e-04      1.76e-05    3.4e-06
 985600      2.25e-04      1.62e-05    3.4e-06
 985700      2.32e-04      1.68e-05    3.4e-06
 985800      3.27e-04      2.36e-05    3.4e-06
 985900      1.62e-04      1.17e-05    3.4e-06
 986000      2.21e-04      1.59e-05    3.4e-06
 986100      2.11e-04      1.52e-05    3.4e-06
 986200      1.35e-04      9.74e-06    3.4e-06
 986300      3.28e-04      2.37e-05    3.4e-06
 986400      2.54e-04      1.83e-05    3.4e-06
 986500      1.95e-04      1.41e-05    3.4e-06
 986600      3.09e-04      2.23e-05    3.4e-06
 986700      4.36e-04      3.15e-05    3.4e-06
 986800      2.48e-04      1.79e-05    3.4e-06
 986900      3.49e-04      2.52e-05    3.4e-06
 987000      3.83e-04      2.76e-05    3.4e-06
 987100      2.74e-04      1.98e-05    3.4e-06
 987200      1.14e-04      8.22e-06    3.4e-06
 987300      1.78e-04      1.29e-05    3.4e-06
 987400      2.18e-04      1.57e-05    3.4e-06
 987500      2.04e-04      1.47e-05    3.4e-06
 987600      2.59e-04      1.87e-05    3.4e-06
 987700      1.88e-04      1.36e-05    3.4e-06
 987800      2.75e-04      1.98e-05    3.4e-06
 987900      2.42e-04      1.74e-05    3.4e-06
 988000      3.64e-04      2.63e-05    3.4e-06
 988100      2.93e-04      2.11e-05    3.4e-06
 988200      2.60e-04      1.88e-05    3.4e-06
 988300      1.77e-04      1.28e-05    3.4e-06
 988400      3.32e-04      2.39e-05    3.4e-06
 988500      2.20e-04      1.59e-05    3.4e-06
 988600      1.72e-04      1.24e-05    3.4e-06
 988700      2.30e-04      1.66e-05    3.4e-06
 988800      5.19e-05      3.75e-06    3.4e-06
 988900      9.21e-05      6.65e-06    3.4e-06
 989000      1.97e-04      1.42e-05    3.4e-06
 989100      1.91e-04      1.38e-05    3.4e-06
 989200      2.15e-04      1.55e-05    3.4e-06
 989300      2.63e-04      1.90e-05    3.4e-06
 989400      2.28e-04      1.64e-05    3.4e-06
 989500      1.22e-04      8.84e-06    3.4e-06
 989600      1.27e-04      9.17e-06    3.4e-06
 989700      3.68e-04      2.65e-05    3.4e-06
 989800      2.21e-04      1.59e-05    3.4e-06
 989900      1.77e-04      1.28e-05    3.4e-06
 990000      1.73e-04      1.25e-05    3.3e-06
 990100      1.20e-04      8.63e-06    3.3e-06
 990200      5.21e-04      3.76e-05    3.3e-06
 990300      1.65e-04      1.19e-05    3.3e-06
 990400      1.39e-04      1.00e-05    3.3e-06
 990500      2.19e-04      1.58e-05    3.3e-06
 990600      4.11e-04      2.96e-05    3.3e-06
 990700      1.25e-04      9.04e-06    3.3e-06
 990800      3.09e-04      2.23e-05    3.3e-06
 990900      2.45e-04      1.77e-05    3.3e-06
 991000      4.02e-04      2.90e-05    3.3e-06
 991100      3.77e-04      2.72e-05    3.3e-06
 991200      1.96e-04      1.42e-05    3.3e-06
 991300      4.12e-04      2.98e-05    3.3e-06
 991400      2.34e-04      1.69e-05    3.3e-06
 991500      3.36e-04      2.42e-05    3.3e-06
 991600      2.26e-04      1.63e-05    3.3e-06
 991700      1.53e-04      1.10e-05    3.3e-06
 991800      1.94e-04      1.40e-05    3.3e-06
 991900      1.84e-04      1.33e-05    3.3e-06
 992000      1.08e-04      7.80e-06    3.3e-06
 992100      1.47e-04      1.06e-05    3.3e-06
 992200      2.65e-04      1.91e-05    3.3e-06
 992300      1.37e-04      9.92e-06    3.3e-06
 992400      8.69e-05      6.27e-06    3.3e-06
 992500      4.38e-04      3.16e-05    3.3e-06
 992600      3.74e-04      2.70e-05    3.3e-06
 992700      2.71e-04      1.95e-05    3.3e-06
 992800      1.28e-04      9.23e-06    3.3e-06
 992900      2.12e-04      1.53e-05    3.3e-06
 993000      3.88e-04      2.80e-05    3.3e-06
 993100      1.97e-04      1.42e-05    3.3e-06
 993200      1.44e-04      1.04e-05    3.3e-06
 993300      1.86e-04      1.34e-05    3.3e-06
 993400      2.51e-04      1.81e-05    3.3e-06
 993500      1.44e-04      1.04e-05    3.3e-06
 993600      2.53e-04      1.83e-05    3.3e-06
 993700      2.98e-04      2.15e-05    3.3e-06
 993800      1.90e-04      1.37e-05    3.3e-06
 993900      1.65e-04      1.19e-05    3.3e-06
 994000      1.10e-04      7.95e-06    3.3e-06
 994100      2.73e-04      1.97e-05    3.3e-06
 994200      4.41e-04      3.18e-05    3.3e-06
 994300      3.10e-04      2.24e-05    3.3e-06
 994400      1.32e-04      9.55e-06    3.3e-06
 994500      3.04e-04      2.19e-05    3.3e-06
 994600      9.98e-05      7.20e-06    3.3e-06
 994700      3.17e-04      2.29e-05    3.3e-06
 994800      3.14e-04      2.26e-05    3.3e-06
 994900      1.32e-04      9.55e-06    3.3e-06
 995000      2.52e-04      1.82e-05    3.3e-06
 995100      2.66e-04      1.92e-05    3.3e-06
 995200      1.47e-04      1.06e-05    3.3e-06
 995300      2.00e-04      1.44e-05    3.3e-06
 995400      2.44e-04      1.76e-05    3.3e-06
 995500      2.30e-04      1.66e-05    3.3e-06
 995600      8.16e-05      5.89e-06    3.3e-06
 995700      2.32e-04      1.68e-05    3.3e-06
 995800      2.73e-04      1.97e-05    3.3e-06
 995900      1.28e-04      9.26e-06    3.3e-06
 996000      1.68e-04      1.21e-05    3.3e-06
 996100      2.03e-04      1.47e-05    3.3e-06
 996200      1.02e-04      7.39e-06    3.3e-06
 996300      3.77e-04      2.72e-05    3.3e-06
 996400      1.74e-04      1.26e-05    3.3e-06
 996500      2.33e-04      1.68e-05    3.3e-06
 996600      2.29e-04      1.66e-05    3.3e-06
 996700      1.90e-04      1.37e-05    3.3e-06
 996800      3.54e-04      2.56e-05    3.3e-06
 996900      2.30e-04      1.66e-05    3.3e-06
 997000      1.34e-04      9.69e-06    3.3e-06
 997100      8.58e-05      6.19e-06    3.3e-06
 997200      1.65e-04      1.19e-05    3.3e-06
 997300      2.47e-04      1.78e-05    3.3e-06
 997400      2.39e-04      1.73e-05    3.3e-06
 997500      1.54e-04      1.11e-05    3.3e-06
 997600      2.03e-04      1.47e-05    3.3e-06
 997700      6.46e-05      4.66e-06    3.3e-06
 997800      3.24e-04      2.34e-05    3.3e-06
 997900      4.13e-04      2.98e-05    3.3e-06
 998000      1.11e-04      8.01e-06    3.3e-06
 998100      2.57e-04      1.85e-05    3.3e-06
 998200      3.97e-04      2.86e-05    3.3e-06
 998300      1.51e-04      1.09e-05    3.3e-06
 998400      1.53e-04      1.10e-05    3.3e-06
 998500      2.04e-04      1.47e-05    3.3e-06
 998600      1.38e-04      9.95e-06    3.3e-06
 998700      3.38e-04      2.44e-05    3.3e-06
 998800      1.74e-04      1.26e-05    3.3e-06
 998900      1.59e-04      1.15e-05    3.3e-06
 999000      2.36e-04      1.71e-05    3.3e-06
 999100      3.29e-04      2.38e-05    3.3e-06
 999200      3.60e-04      2.60e-05    3.3e-06
 999300      2.17e-04      1.57e-05    3.3e-06
 999400      1.90e-04      1.37e-05    3.3e-06
 999500      9.65e-05      6.97e-06    3.3e-06
 999600      1.24e-04      8.98e-06    3.3e-06
 999700      1.11e-04      7.99e-06    3.3e-06
 999800      1.69e-04      1.22e-05    3.3e-06
 999900      9.86e-05      7.11e-06    3.3e-06
1000000      3.56e-04      2.57e-05    3.2e-06
1000100      1.71e-04      1.24e-05    3.2e-06
1000200      1.62e-04      1.17e-05    3.2e-06
1000300      2.52e-04      1.82e-05    3.2e-06
1000400      2.55e-04      1.84e-05    3.2e-06
1000500      2.27e-04      1.64e-05    3.2e-06
1000600      1.90e-04      1.37e-05    3.2e-06
1000700      1.80e-04      1.30e-05    3.2e-06
1000800      1.73e-04      1.25e-05    3.2e-06
1000900      1.76e-04      1.27e-05    3.2e-06
1001000      2.96e-04      2.14e-05    3.2e-06
1001100      1.72e-04      1.24e-05    3.2e-06
1001200      1.45e-04      1.05e-05    3.2e-06
1001300      1.54e-04      1.11e-05    3.2e-06
1001400      1.95e-04      1.41e-05    3.2e-06
1001500      1.54e-04      1.11e-05    3.2e-06
1001600      1.03e-04      7.43e-06    3.2e-06
1001700      1.31e-04      9.43e-06    3.2e-06
1001800      1.72e-04      1.24e-05    3.2e-06
1001900      2.00e-04      1.45e-05    3.2e-06
1002000      9.28e-05      6.70e-06    3.2e-06
1002100      3.11e-04      2.24e-05    3.2e-06
1002200      2.33e-04      1.68e-05    3.2e-06
1002300      2.88e-04      2.08e-05    3.2e-06
1002400      3.41e-04      2.46e-05    3.2e-06
1002500      1.62e-04      1.17e-05    3.2e-06
1002600      1.27e-04      9.17e-06    3.2e-06
1002700      2.27e-04      1.64e-05    3.2e-06
1002800      1.66e-04      1.20e-05    3.2e-06
1002900      2.12e-04      1.53e-05    3.2e-06
1003000      1.72e-04      1.24e-05    3.2e-06
1003100      1.45e-04      1.05e-05    3.2e-06
1003200      1.27e-04      9.20e-06    3.2e-06
1003300      2.52e-04      1.82e-05    3.2e-06
1003400      1.37e-04      9.87e-06    3.2e-06
1003500      2.31e-04      1.67e-05    3.2e-06
1003600      2.09e-04      1.51e-05    3.2e-06
1003700      1.91e-04      1.38e-05    3.2e-06
1003800      1.81e-04      1.31e-05    3.2e-06
1003900      1.01e-04      7.31e-06    3.2e-06
1004000      1.04e-04      7.50e-06    3.2e-06
1004100      4.63e-04      3.34e-05    3.2e-06
1004200      2.97e-04      2.14e-05    3.2e-06
1004300      3.81e-04      2.75e-05    3.2e-06
1004400      1.46e-04      1.05e-05    3.2e-06
1004500      3.04e-04      2.19e-05    3.2e-06
1004600      2.01e-04      1.45e-05    3.2e-06
1004700      1.89e-04      1.36e-05    3.2e-06
1004800      8.05e-05      5.81e-06    3.2e-06
1004900      1.29e-04      9.32e-06    3.2e-06
1005000      2.29e-04      1.66e-05    3.1e-06
1005100      1.94e-04      1.40e-05    3.1e-06
1005200      2.51e-04      1.81e-05    3.1e-06
1005300      2.38e-04      1.72e-05    3.1e-06
1005400      1.30e-04      9.36e-06    3.1e-06
1005500      1.29e-04      9.28e-06    3.1e-06
1005600      1.34e-04      9.69e-06    3.1e-06
1005700      2.21e-04      1.59e-05    3.1e-06
1005800      1.75e-04      1.26e-05    3.1e-06
1005900      1.97e-04      1.42e-05    3.1e-06
1006000      1.46e-04      1.05e-05    3.1e-06
1006100      1.36e-04      9.81e-06    3.1e-06
1006200      2.90e-04      2.09e-05    3.1e-06
1006300      1.77e-04      1.28e-05    3.1e-06
1006400      3.34e-04      2.41e-05    3.1e-06
1006500      1.87e-04      1.35e-05    3.1e-06
1006600      2.55e-04      1.84e-05    3.1e-06
1006700      7.87e-05      5.68e-06    3.1e-06
1006800      1.35e-04      9.71e-06    3.1e-06
1006900      1.58e-04      1.14e-05    3.1e-06
1007000      1.51e-04      1.09e-05    3.1e-06
1007100      1.22e-04      8.78e-06    3.1e-06
1007200      1.67e-04      1.21e-05    3.1e-06
1007300      2.36e-04      1.70e-05    3.1e-06
1007400      1.10e-04      7.94e-06    3.1e-06
1007500      2.31e-04      1.66e-05    3.1e-06
1007600      1.50e-04      1.08e-05    3.1e-06
1007700      1.75e-04      1.26e-05    3.1e-06
1007800      2.11e-04      1.52e-05    3.1e-06
1007900      1.46e-04      1.06e-05    3.1e-06
1008000      1.87e-04      1.35e-05    3.1e-06
1008100      3.41e-04      2.46e-05    3.1e-06
1008200      2.28e-04      1.65e-05    3.1e-06
1008300      2.05e-04      1.48e-05    3.1e-06
1008400      1.94e-04      1.40e-05    3.1e-06
1008500      2.13e-04      1.53e-05    3.1e-06
1008600      1.96e-04      1.41e-05    3.1e-06
1008700      2.73e-04      1.97e-05    3.1e-06
1008800      1.43e-04      1.03e-05    3.1e-06
1008900      8.00e-05      5.78e-06    3.1e-06
1009000      2.19e-04      1.58e-05    3.1e-06
1009100      1.24e-04      8.95e-06    3.1e-06
1009200      2.12e-04      1.53e-05    3.1e-06
1009300      1.35e-04      9.76e-06    3.1e-06
1009400      1.79e-04      1.29e-05    3.1e-06
1009500      1.77e-04      1.28e-05    3.1e-06
1009600      1.08e-04      7.77e-06    3.1e-06
1009700      1.83e-04      1.32e-05    3.1e-06
1009800      1.95e-04      1.41e-05    3.1e-06
1009900      2.00e-04      1.44e-05    3.1e-06
1010000      3.12e-04      2.25e-05    3.0e-06
1010100      1.53e-04      1.11e-05    3.0e-06
1010200      2.38e-04      1.72e-05    3.0e-06
1010300      3.22e-04      2.33e-05    3.0e-06
1010400      1.99e-04      1.43e-05    3.0e-06
1010500      1.73e-04      1.25e-05    3.0e-06
1010600      1.71e-04      1.24e-05    3.0e-06
1010700      1.84e-04      1.33e-05    3.0e-06
1010800      2.48e-04      1.79e-05    3.0e-06
1010900      1.86e-04      1.34e-05    3.0e-06
1011000      1.86e-04      1.34e-05    3.0e-06
1011100      1.81e-04      1.31e-05    3.0e-06
1011200      1.23e-04      8.85e-06    3.0e-06
1011300      2.34e-04      1.69e-05    3.0e-06
1011400      1.78e-04      1.28e-05    3.0e-06
1011500      2.85e-04      2.05e-05    3.0e-06
1011600      2.95e-04      2.13e-05    3.0e-06
1011700      1.00e-04      7.24e-06    3.0e-06
1011800      2.14e-04      1.55e-05    3.0e-06
1011900      1.87e-04      1.35e-05    3.0e-06
1012000      1.50e-04      1.08e-05    3.0e-06
1012100      2.61e-04      1.88e-05    3.0e-06
1012200      1.45e-04      1.05e-05    3.0e-06
1012300      1.36e-04      9.80e-06    3.0e-06
1012400      1.41e-04      1.02e-05    3.0e-06
1012500      1.57e-04      1.13e-05    3.0e-06
1012600      1.56e-04      1.13e-05    3.0e-06
1012700      3.03e-04      2.19e-05    3.0e-06
1012800      2.78e-04      2.01e-05    3.0e-06
1012900      1.58e-04      1.14e-05    3.0e-06
1013000      5.34e-04      3.85e-05    3.0e-06
1013100      1.65e-04      1.19e-05    3.0e-06
1013200      1.41e-04      1.02e-05    3.0e-06
1013300      2.12e-04      1.53e-05    3.0e-06
1013400      3.30e-04      2.38e-05    3.0e-06
1013500      1.64e-04      1.18e-05    3.0e-06
1013600      8.07e-05      5.82e-06    3.0e-06
1013700      2.53e-04      1.83e-05    3.0e-06
1013800      1.72e-04      1.24e-05    3.0e-06
1013900      1.22e-04      8.79e-06    3.0e-06
1014000      3.03e-04      2.18e-05    3.0e-06
1014100      2.97e-04      2.14e-05    3.0e-06
1014200      7.32e-05      5.28e-06    3.0e-06
1014300      2.08e-04      1.50e-05    3.0e-06
1014400      1.67e-04      1.20e-05    3.0e-06
1014500      3.35e-04      2.42e-05    3.0e-06
1014600      1.60e-04      1.15e-05    3.0e-06
1014700      1.64e-04      1.18e-05    3.0e-06
1014800      2.38e-04      1.72e-05    3.0e-06
1014900      1.43e-04      1.04e-05    3.0e-06
1015000      1.03e-04      7.46e-06    2.9e-06
1015100      1.02e-04      7.39e-06    2.9e-06
1015200      2.50e-04      1.80e-05    2.9e-06
1015300      1.90e-04      1.37e-05    2.9e-06
1015400      3.69e-04      2.66e-05    2.9e-06
1015500      1.83e-04      1.32e-05    2.9e-06
1015600      2.96e-04      2.14e-05    2.9e-06
1015700      4.23e-04      3.05e-05    2.9e-06
1015800      2.68e-04      1.94e-05    2.9e-06
1015900      1.02e-04      7.33e-06    2.9e-06
1016000      1.20e-04      8.70e-06    2.9e-06
1016100      1.95e-04      1.41e-05    2.9e-06
1016200      1.06e-04      7.64e-06    2.9e-06
1016300      4.88e-05      3.52e-06    2.9e-06
1016400      9.30e-05      6.71e-06    2.9e-06
1016500      1.37e-04      9.89e-06    2.9e-06
1016600      2.04e-04      1.47e-05    2.9e-06
1016700      1.48e-04      1.07e-05    2.9e-06
1016800      9.44e-05      6.82e-06    2.9e-06
1016900      1.89e-04      1.36e-05    2.9e-06
1017000      9.19e-05      6.63e-06    2.9e-06
1017100      3.05e-04      2.20e-05    2.9e-06
1017200      2.34e-04      1.69e-05    2.9e-06
1017300      2.38e-04      1.72e-05    2.9e-06
1017400      3.23e-04      2.33e-05    2.9e-06
1017500      9.87e-05      7.12e-06    2.9e-06
1017600      1.60e-04      1.15e-05    2.9e-06
1017700      2.26e-04      1.63e-05    2.9e-06
1017800      2.59e-04      1.87e-05    2.9e-06
1017900      2.23e-04      1.61e-05    2.9e-06
1018000      1.45e-04      1.05e-05    2.9e-06
1018100      2.27e-04      1.64e-05    2.9e-06
1018200      2.37e-04      1.71e-05    2.9e-06
1018300      1.59e-04      1.15e-05    2.9e-06
1018400      1.36e-04      9.83e-06    2.9e-06
1018500      1.52e-04      1.10e-05    2.9e-06
1018600      5.80e-04      4.19e-05    2.9e-06
1018700      3.27e-04      2.36e-05    2.9e-06
1018800      1.54e-04      1.11e-05    2.9e-06
1018900      1.78e-04      1.28e-05    2.9e-06
1019000      1.49e-04      1.08e-05    2.9e-06
1019100      1.80e-04      1.30e-05    2.9e-06
1019200      2.42e-04      1.75e-05    2.9e-06
1019300      1.66e-04      1.19e-05    2.9e-06
1019400      2.96e-04      2.14e-05    2.9e-06
1019500      1.80e-04      1.30e-05    2.9e-06
1019600      2.10e-04      1.52e-05    2.9e-06
1019700      1.64e-04      1.19e-05    2.9e-06
1019800      1.09e-04      7.84e-06    2.9e-06
1019900      9.59e-05      6.92e-06    2.9e-06
1020000      2.00e-04      1.44e-05    2.8e-06
1020100      1.38e-04      9.99e-06    2.8e-06
1020200      1.78e-04      1.28e-05    2.8e-06
1020300      1.77e-04      1.27e-05    2.8e-06
1020400      1.56e-04      1.13e-05    2.8e-06
1020500      2.91e-04      2.10e-05    2.8e-06
1020600      6.31e-05      4.56e-06    2.8e-06
1020700      1.54e-04      1.11e-05    2.8e-06
1020800      1.40e-04      1.01e-05    2.8e-06
1020900      1.68e-04      1.21e-05    2.8e-06
1021000      2.44e-04      1.76e-05    2.8e-06
1021100      2.45e-04      1.77e-05    2.8e-06
1021200      1.42e-04      1.02e-05    2.8e-06
1021300      2.34e-04      1.69e-05    2.8e-06
1021400      1.00e-04      7.24e-06    2.8e-06
1021500      1.12e-04      8.09e-06    2.8e-06
1021600      2.34e-04      1.69e-05    2.8e-06
1021700      1.44e-04      1.04e-05    2.8e-06
1021800      1.87e-04      1.35e-05    2.8e-06
1021900      1.95e-04      1.41e-05    2.8e-06
1022000      1.18e-04      8.50e-06    2.8e-06
1022100      1.14e-04      8.23e-06    2.8e-06
1022200      2.29e-04      1.65e-05    2.8e-06
1022300      2.14e-04      1.54e-05    2.8e-06
1022400      2.01e-04      1.45e-05    2.8e-06
1022500      8.87e-05      6.40e-06    2.8e-06
1022600      2.44e-04      1.76e-05    2.8e-06
1022700      3.01e-04      2.17e-05    2.8e-06
1022800      2.17e-04      1.56e-05    2.8e-06
1022900      1.57e-04      1.13e-05    2.8e-06
1023000      2.02e-04      1.46e-05    2.8e-06
1023100      2.16e-04      1.56e-05    2.8e-06
1023200      1.18e-04      8.52e-06    2.8e-06
1023300      2.09e-04      1.51e-05    2.8e-06
1023400      2.48e-04      1.79e-05    2.8e-06
1023500      2.94e-04      2.12e-05    2.8e-06
1023600      1.84e-04      1.33e-05    2.8e-06
1023700      2.27e-04      1.64e-05    2.8e-06
1023800      2.20e-04      1.59e-05    2.8e-06
1023900      1.21e-04      8.75e-06    2.8e-06
1024000      2.05e-04      1.48e-05    2.8e-06
1024100      2.27e-04      1.63e-05    2.8e-06
1024200      1.68e-04      1.21e-05    2.8e-06
1024300      1.44e-04      1.04e-05    2.8e-06
1024400      1.31e-04      9.43e-06    2.8e-06
1024500      1.10e-04      7.94e-06    2.8e-06
1024600      1.52e-04      1.10e-05    2.8e-06
1024700      2.06e-04      1.49e-05    2.8e-06
1024800      2.26e-04      1.63e-05    2.8e-06
1024900      2.21e-04      1.60e-05    2.8e-06
1025000      2.36e-04      1.70e-05    2.7e-06
1025100      1.48e-04      1.07e-05    2.7e-06
1025200      1.34e-04      9.65e-06    2.7e-06
1025300      1.77e-04      1.28e-05    2.7e-06
1025400      5.07e-05      3.66e-06    2.7e-06
1025500      1.47e-04      1.06e-05    2.7e-06
1025600      3.03e-04      2.19e-05    2.7e-06
1025700      1.88e-04      1.35e-05    2.7e-06
1025800      1.71e-04      1.23e-05    2.7e-06
1025900      1.44e-04      1.04e-05    2.7e-06
1026000      1.51e-04      1.09e-05    2.7e-06
1026100      2.29e-04      1.65e-05    2.7e-06
1026200      1.31e-04      9.43e-06    2.7e-06
1026300      2.73e-04      1.97e-05    2.7e-06
1026400      2.55e-04      1.84e-05    2.7e-06
1026500      1.21e-04      8.74e-06    2.7e-06
1026600      1.15e-04      8.29e-06    2.7e-06
1026700      1.55e-04      1.12e-05    2.7e-06
1026800      1.64e-04      1.18e-05    2.7e-06
1026900      1.99e-04      1.43e-05    2.7e-06
1027000      1.42e-04      1.02e-05    2.7e-06
1027100      2.46e-04      1.77e-05    2.7e-06
1027200      2.53e-04      1.83e-05    2.7e-06
1027300      1.47e-04      1.06e-05    2.7e-06
1027400      1.93e-04      1.39e-05    2.7e-06
1027500      1.71e-04      1.24e-05    2.7e-06
1027600      1.69e-04      1.22e-05    2.7e-06
1027700      7.07e-05      5.10e-06    2.7e-06
1027800      1.28e-04      9.24e-06    2.7e-06
1027900      1.86e-04      1.34e-05    2.7e-06
1028000      2.58e-04      1.87e-05    2.7e-06
1028100      1.21e-04      8.72e-06    2.7e-06
1028200      1.33e-04      9.59e-06    2.7e-06
1028300      3.21e-04      2.32e-05    2.7e-06
1028400      2.22e-04      1.60e-05    2.7e-06
1028500      1.83e-04      1.32e-05    2.7e-06
1028600      3.10e-04      2.23e-05    2.7e-06
1028700      1.59e-04      1.15e-05    2.7e-06
1028800      2.97e-04      2.15e-05    2.7e-06
1028900      1.81e-04      1.31e-05    2.7e-06
1029000      2.93e-04      2.11e-05    2.7e-06
1029100      3.11e-04      2.25e-05    2.7e-06
1029200      1.71e-04      1.24e-05    2.7e-06
1029300      1.21e-04      8.76e-06    2.7e-06
1029400      3.33e-04      2.40e-05    2.7e-06
1029500      1.64e-04      1.19e-05    2.7e-06
1029600      1.48e-04      1.07e-05    2.7e-06
1029700      2.04e-04      1.47e-05    2.7e-06
1029800      2.39e-04      1.72e-05    2.7e-06
1029900      2.40e-04      1.73e-05    2.7e-06
1030000      1.23e-04      8.90e-06    2.7e-06
1030100      1.70e-04      1.23e-05    2.7e-06
1030200      3.32e-04      2.40e-05    2.7e-06
1030300      1.44e-04      1.04e-05    2.7e-06
1030400      1.75e-04      1.26e-05    2.7e-06
1030500      1.58e-04      1.14e-05    2.7e-06
1030600      1.49e-04      1.07e-05    2.7e-06
1030700      1.18e-04      8.53e-06    2.7e-06
1030800      1.40e-04      1.01e-05    2.7e-06
1030900      2.63e-04      1.90e-05    2.7e-06
1031000      2.01e-04      1.45e-05    2.7e-06
1031100      1.59e-04      1.15e-05    2.7e-06
1031200      1.39e-04      1.00e-05    2.7e-06
1031300      2.15e-04      1.55e-05    2.7e-06
1031400      2.29e-04      1.65e-05    2.7e-06
1031500      4.06e-04      2.93e-05    2.7e-06
1031600      3.21e-04      2.32e-05    2.7e-06
1031700      1.98e-04      1.43e-05    2.7e-06
1031800      1.75e-04      1.26e-05    2.7e-06
1031900      1.28e-04      9.23e-06    2.7e-06
1032000      9.22e-05      6.65e-06    2.7e-06
1032100      1.60e-04      1.15e-05    2.7e-06
1032200      1.63e-04      1.18e-05    2.7e-06
1032300      1.21e-04      8.76e-06    2.7e-06
1032400      1.73e-04      1.25e-05    2.7e-06
1032500      1.10e-04      7.94e-06    2.7e-06
1032600      1.88e-04      1.36e-05    2.7e-06
1032700      1.24e-04      8.91e-06    2.7e-06
1032800      9.29e-05      6.70e-06    2.7e-06
1032900      1.64e-04      1.18e-05    2.7e-06
1033000      2.27e-04      1.64e-05    2.7e-06
1033100      3.63e-04      2.62e-05    2.7e-06
1033200      1.28e-04      9.25e-06    2.7e-06
1033300      9.82e-05      7.09e-06    2.7e-06
1033400      1.53e-04      1.11e-05    2.7e-06
1033500      9.02e-05      6.51e-06    2.7e-06
1033600      1.14e-04      8.21e-06    2.7e-06
1033700      1.42e-04      1.02e-05    2.7e-06
1033800      7.59e-05      5.48e-06    2.7e-06
1033900      9.20e-05      6.64e-06    2.7e-06
1034000      1.07e-04      7.71e-06    2.7e-06
1034100      1.06e-04      7.63e-06    2.7e-06
1034200      2.05e-04      1.48e-05    2.7e-06
1034300      1.14e-04      8.22e-06    2.7e-06
1034400      8.89e-05      6.41e-06    2.7e-06
1034500      1.70e-04      1.23e-05    2.7e-06
1034600      1.02e-04      7.40e-06    2.7e-06
1034700      2.43e-04      1.76e-05    2.7e-06
1034800      1.79e-04      1.29e-05    2.7e-06
1034900      2.52e-04      1.82e-05    2.7e-06
1035000      1.40e-04      1.01e-05    2.6e-06
1035100      1.53e-04      1.10e-05    2.6e-06
1035200      1.23e-04      8.91e-06    2.6e-06
1035300      1.83e-04      1.32e-05    2.6e-06
1035400      1.22e-04      8.77e-06    2.6e-06
1035500      1.67e-04      1.21e-05    2.6e-06
1035600      1.58e-04      1.14e-05    2.6e-06
1035700      1.25e-04      9.03e-06    2.6e-06
1035800      3.87e-04      2.80e-05    2.6e-06
1035900      1.38e-04      9.99e-06    2.6e-06
1036000      8.04e-05      5.80e-06    2.6e-06
1036100      2.63e-04      1.90e-05    2.6e-06
1036200      1.03e-04      7.45e-06    2.6e-06
1036300      1.27e-04      9.13e-06    2.6e-06
1036400      1.66e-04      1.20e-05    2.6e-06
1036500      1.02e-04      7.38e-06    2.6e-06
1036600      9.71e-05      7.00e-06    2.6e-06
1036700      1.19e-04      8.61e-06    2.6e-06
1036800      2.03e-04      1.47e-05    2.6e-06
1036900      1.39e-04      1.00e-05    2.6e-06
1037000      1.08e-04      7.83e-06    2.6e-06
1037100      5.88e-05      4.24e-06    2.6e-06
1037200      1.09e-04      7.85e-06    2.6e-06
1037300      2.06e-04      1.49e-05    2.6e-06
1037400      1.70e-04      1.23e-05    2.6e-06
1037500      1.06e-04      7.67e-06    2.6e-06
1037600      2.53e-04      1.83e-05    2.6e-06
1037700      2.73e-04      1.97e-05    2.6e-06
1037800      1.12e-04      8.12e-06    2.6e-06
1037900      1.01e-04      7.32e-06    2.6e-06
1038000      1.43e-04      1.03e-05    2.6e-06
1038100      8.81e-05      6.35e-06    2.6e-06
1038200      9.97e-05      7.19e-06    2.6e-06
1038300      1.44e-04      1.04e-05    2.6e-06
1038400      1.36e-04      9.82e-06    2.6e-06
1038500      2.25e-04      1.62e-05    2.6e-06
1038600      2.77e-04      2.00e-05    2.6e-06
1038700      1.44e-04      1.04e-05    2.6e-06
1038800      1.73e-04      1.25e-05    2.6e-06
1038900      1.26e-04      9.10e-06    2.6e-06
1039000      1.24e-04      8.93e-06    2.6e-06
1039100      1.14e-04      8.20e-06    2.6e-06
1039200      1.83e-04      1.32e-05    2.6e-06
1039300      1.30e-04      9.37e-06    2.6e-06
1039400      2.43e-04      1.76e-05    2.6e-06
1039500      7.45e-05      5.37e-06    2.6e-06
1039600      2.27e-04      1.64e-05    2.6e-06
1039700      2.10e-04      1.51e-05    2.6e-06
1039800      2.59e-04      1.87e-05    2.6e-06
1039900      2.07e-04      1.50e-05    2.6e-06
1040000      1.50e-04      1.08e-05    2.5e-06
1040100      1.20e-04      8.65e-06    2.5e-06
1040200      1.12e-04      8.10e-06    2.5e-06
1040300      1.42e-04      1.03e-05    2.5e-06
1040400      1.89e-04      1.36e-05    2.5e-06
1040500      1.41e-04      1.02e-05    2.5e-06
1040600      9.63e-05      6.95e-06    2.5e-06
1040700      1.75e-04      1.26e-05    2.5e-06
1040800      9.67e-05      6.98e-06    2.5e-06
1040900      1.14e-04      8.19e-06    2.5e-06
1041000      1.20e-04      8.67e-06    2.5e-06
1041100      6.31e-05      4.56e-06    2.5e-06
1041200      1.84e-04      1.33e-05    2.5e-06
1041300      1.31e-04      9.44e-06    2.5e-06
1041400      1.63e-04      1.18e-05    2.5e-06
1041500      1.56e-04      1.12e-05    2.5e-06
1041600      9.72e-05      7.01e-06    2.5e-06
1041700      1.06e-04      7.63e-06    2.5e-06
1041800      7.04e-05      5.08e-06    2.5e-06
1041900      1.53e-04      1.10e-05    2.5e-06
1042000      2.04e-04      1.47e-05    2.5e-06
1042100      1.27e-04      9.15e-06    2.5e-06
1042200      1.21e-04      8.74e-06    2.5e-06
1042300      1.09e-04      7.90e-06    2.5e-06
1042400      3.90e-04      2.81e-05    2.5e-06
1042500      1.17e-04      8.47e-06    2.5e-06
1042600      8.12e-05      5.86e-06    2.5e-06
1042700      2.17e-04      1.56e-05    2.5e-06
1042800      1.47e-04      1.06e-05    2.5e-06
1042900      1.68e-04      1.21e-05    2.5e-06
1043000      1.05e-04      7.57e-06    2.5e-06
1043100      1.53e-04      1.11e-05    2.5e-06
1043200      2.98e-04      2.15e-05    2.5e-06
1043300      1.30e-04      9.40e-06    2.5e-06
1043400      1.51e-04      1.09e-05    2.5e-06
1043500      1.51e-04      1.09e-05    2.5e-06
1043600      1.63e-04      1.17e-05    2.5e-06
1043700      9.16e-05      6.61e-06    2.5e-06
1043800      1.21e-04      8.73e-06    2.5e-06
1043900      1.02e-04      7.39e-06    2.5e-06
1044000      1.39e-04      1.00e-05    2.5e-06
1044100      1.34e-04      9.69e-06    2.5e-06
1044200      1.59e-04      1.15e-05    2.5e-06
1044300      1.72e-04      1.24e-05    2.5e-06
1044400      6.39e-05      4.61e-06    2.5e-06
1044500      1.44e-04      1.04e-05    2.5e-06
1044600      8.50e-05      6.13e-06    2.5e-06
1044700      1.65e-04      1.19e-05    2.5e-06
1044800      1.86e-04      1.34e-05    2.5e-06
1044900      1.03e-04      7.44e-06    2.5e-06
1045000      1.38e-04      9.93e-06    2.4e-06
1045100      1.40e-04      1.01e-05    2.4e-06
1045200      1.55e-04      1.12e-05    2.4e-06
1045300      1.56e-04      1.13e-05    2.4e-06
1045400      1.61e-04      1.16e-05    2.4e-06
1045500      1.03e-04      7.40e-06    2.4e-06
1045600      1.13e-04      8.18e-06    2.4e-06
1045700      1.44e-04      1.04e-05    2.4e-06
1045800      1.57e-04      1.13e-05    2.4e-06
1045900      1.29e-04      9.35e-06    2.4e-06
1046000      1.38e-04      9.99e-06    2.4e-06
1046100      6.52e-05      4.70e-06    2.4e-06
1046200      1.71e-04      1.24e-05    2.4e-06
1046300      1.09e-04      7.85e-06    2.4e-06
1046400      1.92e-04      1.38e-05    2.4e-06
1046500      1.76e-04      1.27e-05    2.4e-06
1046600      8.30e-05      5.99e-06    2.4e-06
1046700      1.60e-04      1.15e-05    2.4e-06
1046800      1.19e-04      8.56e-06    2.4e-06
1046900      1.48e-04      1.07e-05    2.4e-06
1047000      2.67e-04      1.92e-05    2.4e-06
1047100      6.04e-05      4.36e-06    2.4e-06
1047200      1.68e-04      1.21e-05    2.4e-06
1047300      1.03e-04      7.43e-06    2.4e-06
1047400      1.64e-04      1.18e-05    2.4e-06
1047500      2.87e-04      2.07e-05    2.4e-06
1047600      1.44e-04      1.04e-05    2.4e-06
1047700      1.41e-04      1.02e-05    2.4e-06
1047800      2.25e-04      1.62e-05    2.4e-06
1047900      1.21e-04      8.72e-06    2.4e-06
1048000      1.84e-04      1.32e-05    2.4e-06
1048100      2.43e-04      1.76e-05    2.4e-06
1048200      8.83e-05      6.37e-06    2.4e-06
1048300      2.49e-04      1.80e-05    2.4e-06
1048400      1.39e-04      1.00e-05    2.4e-06
1048500      1.49e-04      1.07e-05    2.4e-06
1048600      2.16e-04      1.56e-05    2.4e-06
1048700      2.01e-04      1.45e-05    2.4e-06
1048800      2.32e-04      1.67e-05    2.4e-06
1048900      1.22e-04      8.82e-06    2.4e-06
1049000      1.65e-04      1.19e-05    2.4e-06
1049100      3.28e-04      2.37e-05    2.4e-06
1049200      2.37e-04      1.71e-05    2.4e-06
1049300      1.00e-04      7.24e-06    2.4e-06
1049400      1.11e-04      7.99e-06    2.4e-06
1049500      1.22e-04      8.80e-06    2.4e-06
1049600      1.90e-04      1.37e-05    2.4e-06
1049700      5.54e-05      4.00e-06    2.4e-06
1049800      2.07e-04      1.50e-05    2.4e-06
1049900      1.55e-04      1.12e-05    2.4e-06
1050000      1.72e-04      1.24e-05    2.4e-06
1050100      1.45e-04      1.05e-05    2.4e-06
1050200      9.33e-05      6.73e-06    2.4e-06
1050300      1.77e-04      1.28e-05    2.4e-06
1050400      1.55e-04      1.12e-05    2.4e-06
1050500      1.33e-04      9.58e-06    2.4e-06
1050600      3.80e-04      2.74e-05    2.4e-06
1050700      7.27e-05      5.24e-06    2.4e-06
1050800      1.03e-04      7.44e-06    2.4e-06
1050900      2.33e-04      1.68e-05    2.4e-06
1051000      1.14e-04      8.24e-06    2.4e-06
1051100      2.00e-04      1.44e-05    2.4e-06
1051200      2.43e-04      1.75e-05    2.4e-06
1051300      1.14e-04      8.25e-06    2.4e-06
1051400      1.66e-04      1.20e-05    2.4e-06
1051500      1.68e-04      1.22e-05    2.4e-06
1051600      1.47e-04      1.06e-05    2.4e-06
1051700      3.49e-04      2.52e-05    2.4e-06
1051800      7.95e-05      5.74e-06    2.4e-06
1051900      3.65e-04      2.63e-05    2.4e-06
1052000      1.07e-04      7.70e-06    2.4e-06
1052100      2.02e-04      1.46e-05    2.4e-06
1052200      1.58e-04      1.14e-05    2.4e-06
1052300      1.58e-04      1.14e-05    2.4e-06
1052400      1.51e-04      1.09e-05    2.4e-06
1052500      2.09e-04      1.51e-05    2.4e-06
1052600      1.07e-04      7.73e-06    2.4e-06
1052700      1.08e-04      7.77e-06    2.4e-06
1052800      1.87e-04      1.35e-05    2.4e-06
1052900      1.09e-04      7.85e-06    2.4e-06
1053000      1.10e-04      7.97e-06    2.4e-06
1053100      1.52e-04      1.10e-05    2.4e-06
1053200      1.01e-04      7.27e-06    2.4e-06
1053300      1.86e-04      1.34e-05    2.4e-06
1053400      1.29e-04      9.30e-06    2.4e-06
1053500      7.84e-05      5.66e-06    2.4e-06
1053600      1.35e-04      9.74e-06    2.4e-06
1053700      1.06e-04      7.67e-06    2.4e-06
1053800      1.95e-04      1.40e-05    2.4e-06
1053900      2.24e-04      1.61e-05    2.4e-06
1054000      9.21e-05      6.65e-06    2.4e-06
1054100      1.15e-04      8.27e-06    2.4e-06
1054200      1.29e-04      9.31e-06    2.4e-06
1054300      1.39e-04      1.00e-05    2.4e-06
1054400      1.04e-04      7.53e-06    2.4e-06
1054500      8.42e-05      6.07e-06    2.4e-06
1054600      2.18e-04      1.58e-05    2.4e-06
1054700      1.85e-04      1.33e-05    2.4e-06
1054800      1.18e-04      8.54e-06    2.4e-06
1054900      9.01e-05      6.50e-06    2.4e-06
1055000      2.46e-04      1.78e-05    2.3e-06
1055100      1.88e-04      1.36e-05    2.3e-06
1055200      6.67e-05      4.81e-06    2.3e-06
1055300      1.55e-04      1.12e-05    2.3e-06
1055400      1.08e-04      7.82e-06    2.3e-06
1055500      1.69e-04      1.22e-05    2.3e-06
1055600      9.88e-05      7.13e-06    2.3e-06
1055700      2.04e-04      1.47e-05    2.3e-06
1055800      4.08e-04      2.94e-05    2.3e-06
1055900      1.54e-04      1.11e-05    2.3e-06
1056000      1.45e-04      1.05e-05    2.3e-06
1056100      7.02e-05      5.07e-06    2.3e-06
1056200      1.15e-04      8.30e-06    2.3e-06
1056300      9.80e-05      7.07e-06    2.3e-06
1056400      2.47e-04      1.78e-05    2.3e-06
1056500      1.42e-04      1.03e-05    2.3e-06
1056600      2.20e-04      1.59e-05    2.3e-06
1056700      1.83e-04      1.32e-05    2.3e-06
1056800      2.92e-04      2.11e-05    2.3e-06
1056900      2.21e-04      1.60e-05    2.3e-06
1057000      3.24e-04      2.34e-05    2.3e-06
1057100      1.94e-04      1.40e-05    2.3e-06
1057200      9.69e-05      6.99e-06    2.3e-06
1057300      1.12e-04      8.09e-06    2.3e-06
1057400      2.60e-04      1.88e-05    2.3e-06
1057500      7.05e-05      5.09e-06    2.3e-06
1057600      1.27e-04      9.19e-06    2.3e-06
1057700      2.07e-04      1.49e-05    2.3e-06
1057800      1.63e-04      1.17e-05    2.3e-06
1057900      1.90e-04      1.37e-05    2.3e-06
1058000      1.93e-04      1.40e-05    2.3e-06
1058100      2.18e-04      1.57e-05    2.3e-06
1058200      1.51e-04      1.09e-05    2.3e-06
1058300      1.40e-04      1.01e-05    2.3e-06
1058400      1.46e-04      1.06e-05    2.3e-06
1058500      5.09e-05      3.67e-06    2.3e-06
1058600      1.21e-04      8.72e-06    2.3e-06
1058700      1.88e-04      1.36e-05    2.3e-06
1058800      1.43e-04      1.03e-05    2.3e-06
1058900      1.42e-04      1.03e-05    2.3e-06
1059000      3.06e-04      2.21e-05    2.3e-06
1059100      1.04e-04      7.48e-06    2.3e-06
1059200      1.21e-04      8.75e-06    2.3e-06
1059300      2.20e-04      1.59e-05    2.3e-06
1059400      1.00e-04      7.22e-06    2.3e-06
1059500      1.87e-04      1.35e-05    2.3e-06
1059600      2.48e-04      1.79e-05    2.3e-06
1059700      1.31e-04      9.43e-06    2.3e-06
1059800      3.09e-04      2.23e-05    2.3e-06
1059900      2.20e-04      1.58e-05    2.3e-06
1060000      1.12e-04      8.09e-06    2.2e-06
1060100      1.40e-04      1.01e-05    2.2e-06
1060200      1.00e-04      7.22e-06    2.2e-06
1060300      1.67e-04      1.20e-05    2.2e-06
1060400      1.63e-04      1.17e-05    2.2e-06
1060500      5.48e-05      3.96e-06    2.2e-06
1060600      1.68e-04      1.21e-05    2.2e-06
1060700      1.03e-04      7.46e-06    2.2e-06
1060800      1.23e-04      8.88e-06    2.2e-06
1060900      1.07e-04      7.72e-06    2.2e-06
1061000      2.24e-04      1.62e-05    2.2e-06
1061100      1.39e-04      1.00e-05    2.2e-06
1061200      1.46e-04      1.05e-05    2.2e-06
1061300      7.98e-05      5.76e-06    2.2e-06
1061400      1.28e-04      9.22e-06    2.2e-06
1061500      1.02e-04      7.37e-06    2.2e-06
1061600      8.68e-05      6.27e-06    2.2e-06
1061700      2.23e-04      1.61e-05    2.2e-06
1061800      8.72e-05      6.29e-06    2.2e-06
1061900      2.00e-04      1.44e-05    2.2e-06
1062000      1.92e-04      1.39e-05    2.2e-06
1062100      1.33e-04      9.59e-06    2.2e-06
1062200      1.22e-04      8.79e-06    2.2e-06
1062300      1.25e-04      9.02e-06    2.2e-06
1062400      1.05e-04      7.61e-06    2.2e-06
1062500      2.35e-04      1.70e-05    2.2e-06
1062600      8.71e-05      6.29e-06    2.2e-06
1062700      4.78e-05      3.45e-06    2.2e-06
1062800      2.51e-04      1.81e-05    2.2e-06
1062900      1.08e-04      7.82e-06    2.2e-06
1063000      1.74e-04      1.26e-05    2.2e-06
1063100      1.57e-04      1.13e-05    2.2e-06
1063200      4.27e-05      3.08e-06    2.2e-06
1063300      1.78e-04      1.29e-05    2.2e-06
1063400      7.66e-05      5.53e-06    2.2e-06
1063500      1.60e-04      1.16e-05    2.2e-06
1063600      8.55e-05      6.17e-06    2.2e-06
1063700      1.53e-04      1.11e-05    2.2e-06
1063800      1.13e-04      8.17e-06    2.2e-06
1063900      2.33e-04      1.68e-05    2.2e-06
1064000      1.32e-04      9.50e-06    2.2e-06
1064100      1.62e-04      1.17e-05    2.2e-06
1064200      1.28e-04      9.21e-06    2.2e-06
1064300      2.35e-04      1.69e-05    2.2e-06
1064400      9.98e-05      7.20e-06    2.2e-06
1064500      2.39e-04      1.73e-05    2.2e-06
1064600      1.50e-04      1.08e-05    2.2e-06
1064700      1.44e-04      1.04e-05    2.2e-06
1064800      2.32e-04      1.67e-05    2.2e-06
1064900      8.27e-05      5.97e-06    2.2e-06
1065000      1.31e-04      9.42e-06    2.2e-06
1065100      1.11e-04      8.04e-06    2.2e-06
1065200      1.93e-04      1.39e-05    2.2e-06
1065300      7.11e-05      5.13e-06    2.2e-06
1065400      1.48e-04      1.06e-05    2.2e-06
1065500      1.85e-04      1.33e-05    2.2e-06
1065600      6.28e-05      4.53e-06    2.2e-06
1065700      5.95e-05      4.29e-06    2.2e-06
1065800      1.14e-04      8.22e-06    2.2e-06
1065900      1.04e-04      7.47e-06    2.2e-06
1066000      1.15e-04      8.32e-06    2.2e-06
1066100      7.46e-05      5.38e-06    2.2e-06
1066200      1.24e-04      8.95e-06    2.2e-06
1066300      1.54e-04      1.11e-05    2.2e-06
1066400      1.75e-04      1.27e-05    2.2e-06
1066500      1.05e-04      7.61e-06    2.2e-06
1066600      1.79e-04      1.29e-05    2.2e-06
1066700      3.46e-04      2.50e-05    2.2e-06
1066800      2.11e-04      1.53e-05    2.2e-06
1066900      1.58e-04      1.14e-05    2.2e-06
1067000      1.28e-04      9.21e-06    2.2e-06
1067100      1.06e-04      7.65e-06    2.2e-06
1067200      1.11e-04      8.05e-06    2.2e-06
1067300      1.99e-04      1.43e-05    2.2e-06
1067400      1.90e-04      1.37e-05    2.2e-06
1067500      8.99e-05      6.49e-06    2.2e-06
1067600      6.14e-05      4.43e-06    2.2e-06
1067700      1.22e-04      8.78e-06    2.2e-06
1067800      9.26e-05      6.69e-06    2.2e-06
1067900      9.52e-05      6.87e-06    2.2e-06
1068000      8.48e-05      6.12e-06    2.2e-06
1068100      1.45e-04      1.05e-05    2.2e-06
1068200      7.55e-05      5.45e-06    2.2e-06
1068300      2.15e-04      1.55e-05    2.2e-06
1068400      2.11e-04      1.53e-05    2.2e-06
1068500      1.09e-04      7.89e-06    2.2e-06
1068600      2.60e-04      1.88e-05    2.2e-06
1068700      1.21e-04      8.75e-06    2.2e-06
1068800      1.46e-04      1.05e-05    2.2e-06
1068900      1.47e-04      1.06e-05    2.2e-06
1069000      1.94e-04      1.40e-05    2.2e-06
1069100      1.45e-04      1.05e-05    2.2e-06
1069200      1.02e-04      7.38e-06    2.2e-06
1069300      1.47e-04      1.06e-05    2.2e-06
1069400      8.07e-05      5.82e-06    2.2e-06
1069500      1.34e-04      9.67e-06    2.2e-06
1069600      1.60e-04      1.15e-05    2.2e-06
1069700      1.12e-04      8.06e-06    2.2e-06
1069800      1.75e-04      1.26e-05    2.2e-06
1069900      1.46e-04      1.06e-05    2.2e-06
1070000      3.53e-04      2.55e-05    2.1e-06
1070100      7.96e-05      5.74e-06    2.1e-06
1070200      1.34e-04      9.69e-06    2.1e-06
1070300      1.16e-04      8.35e-06    2.1e-06
1070400      8.40e-05      6.06e-06    2.1e-06
1070500      1.73e-04      1.25e-05    2.1e-06
1070600      1.13e-04      8.13e-06    2.1e-06
1070700      5.66e-05      4.08e-06    2.1e-06
1070800      1.26e-04      9.13e-06    2.1e-06
1070900      1.31e-04      9.44e-06    2.1e-06
1071000      8.66e-05      6.25e-06    2.1e-06
1071100      1.86e-04      1.34e-05    2.1e-06
1071200      1.21e-04      8.75e-06    2.1e-06
1071300      1.08e-04      7.83e-06    2.1e-06
1071400      1.72e-04      1.24e-05    2.1e-06
1071500      1.36e-04      9.82e-06    2.1e-06
1071600      1.38e-04      9.94e-06    2.1e-06
1071700      1.43e-04      1.03e-05    2.1e-06
1071800      1.26e-04      9.09e-06    2.1e-06
1071900      1.06e-04      7.65e-06    2.1e-06
1072000      1.22e-04      8.84e-06    2.1e-06
1072100      1.25e-04      9.05e-06    2.1e-06
1072200      1.46e-04      1.06e-05    2.1e-06
1072300      9.83e-05      7.09e-06    2.1e-06
1072400      8.56e-05      6.17e-06    2.1e-06
1072500      1.79e-04      1.29e-05    2.1e-06
1072600      1.21e-04      8.71e-06    2.1e-06
1072700      1.27e-04      9.17e-06    2.1e-06
1072800      1.25e-04      9.00e-06    2.1e-06
1072900      1.53e-04      1.11e-05    2.1e-06
1073000      1.48e-04      1.07e-05    2.1e-06
1073100      1.21e-04      8.76e-06    2.1e-06
1073200      6.22e-05      4.49e-06    2.1e-06
1073300      1.19e-04      8.61e-06    2.1e-06
1073400      1.06e-04      7.64e-06    2.1e-06
1073500      1.41e-04      1.02e-05    2.1e-06
1073600      1.28e-04      9.24e-06    2.1e-06
1073700      8.29e-05      5.98e-06    2.1e-06
1073800      2.51e-04      1.81e-05    2.1e-06
1073900      1.10e-04      7.92e-06    2.1e-06
1074000      1.31e-04      9.43e-06    2.1e-06
1074100      8.60e-05      6.20e-06    2.1e-06
1074200      6.48e-05      4.68e-06    2.1e-06
1074300      7.47e-05      5.39e-06    2.1e-06
1074400      7.70e-05      5.56e-06    2.1e-06
1074500      7.84e-05      5.66e-06    2.1e-06
1074600      1.17e-04      8.47e-06    2.1e-06
1074700      1.69e-04      1.22e-05    2.1e-06
1074800      1.52e-04      1.10e-05    2.1e-06
1074900      1.48e-04      1.07e-05    2.1e-06
1075000      8.54e-05      6.16e-06    2.1e-06
1075100      1.37e-04      9.92e-06    2.1e-06
1075200      1.34e-04      9.70e-06    2.1e-06
1075300      7.41e-05      5.35e-06    2.1e-06
1075400      1.32e-04      9.56e-06    2.1e-06
1075500      1.09e-04      7.84e-06    2.1e-06
1075600      2.30e-04      1.66e-05    2.1e-06
1075700      1.09e-04      7.89e-06    2.1e-06
1075800      8.04e-05      5.80e-06    2.1e-06
1075900      1.21e-04      8.70e-06    2.1e-06
1076000      1.37e-04      9.89e-06    2.1e-06
1076100      1.12e-04      8.09e-06    2.1e-06
1076200      2.16e-04      1.56e-05    2.1e-06
1076300      1.22e-04      8.82e-06    2.1e-06
1076400      1.40e-04      1.01e-05    2.1e-06
1076500      1.49e-04      1.08e-05    2.1e-06
1076600      2.20e-04      1.59e-05    2.1e-06
1076700      1.52e-04      1.10e-05    2.1e-06
1076800      1.68e-04      1.21e-05    2.1e-06
1076900      1.57e-04      1.13e-05    2.1e-06
1077000      1.20e-04      8.67e-06    2.1e-06
1077100      1.03e-04      7.43e-06    2.1e-06
1077200      1.81e-04      1.31e-05    2.1e-06
1077300      1.84e-04      1.33e-05    2.1e-06
1077400      9.03e-05      6.51e-06    2.1e-06
1077500      5.96e-05      4.30e-06    2.1e-06
1077600      1.05e-04      7.60e-06    2.1e-06
1077700      1.88e-04      1.36e-05    2.1e-06
1077800      2.70e-04      1.95e-05    2.1e-06
1077900      2.27e-04      1.64e-05    2.1e-06
1078000      1.46e-04      1.06e-05    2.1e-06
1078100      2.70e-04      1.95e-05    2.1e-06
1078200      6.85e-05      4.94e-06    2.1e-06
1078300      6.29e-05      4.54e-06    2.1e-06
1078400      1.30e-04      9.39e-06    2.1e-06
1078500      1.03e-04      7.42e-06    2.1e-06
1078600      1.61e-04      1.16e-05    2.1e-06
1078700      1.71e-04      1.23e-05    2.1e-06
1078800      1.60e-04      1.16e-05    2.1e-06
1078900      1.28e-04      9.23e-06    2.1e-06
1079000      1.68e-04      1.21e-05    2.1e-06
1079100      3.56e-04      2.57e-05    2.1e-06
1079200      9.94e-05      7.17e-06    2.1e-06
1079300      1.48e-04      1.07e-05    2.1e-06
1079400      1.62e-04      1.17e-05    2.1e-06
1079500      8.13e-05      5.87e-06    2.1e-06
1079600      9.06e-05      6.54e-06    2.1e-06
1079700      1.37e-04      9.90e-06    2.1e-06
1079800      8.39e-05      6.05e-06    2.1e-06
1079900      1.69e-04      1.22e-05    2.1e-06
1080000      1.51e-04      1.09e-05    2.0e-06
1080100      2.27e-04      1.64e-05    2.0e-06
1080200      2.97e-04      2.14e-05    2.0e-06
1080300      1.31e-04      9.48e-06    2.0e-06
1080400      1.28e-04      9.26e-06    2.0e-06
1080500      1.46e-04      1.05e-05    2.0e-06
1080600      1.02e-04      7.39e-06    2.0e-06
1080700      1.47e-04      1.06e-05    2.0e-06
1080800      1.18e-04      8.53e-06    2.0e-06
1080900      2.22e-04      1.60e-05    2.0e-06
1081000      8.37e-05      6.04e-06    2.0e-06
1081100      1.09e-04      7.87e-06    2.0e-06
1081200      1.61e-04      1.16e-05    2.0e-06
1081300      1.22e-04      8.80e-06    2.0e-06
1081400      1.05e-04      7.59e-06    2.0e-06
1081500      8.86e-05      6.40e-06    2.0e-06
1081600      2.04e-04      1.47e-05    2.0e-06
1081700      1.43e-04      1.03e-05    2.0e-06
1081800      1.30e-04      9.36e-06    2.0e-06
1081900      1.40e-04      1.01e-05    2.0e-06
1082000      1.85e-04      1.34e-05    2.0e-06
1082100      1.08e-04      7.80e-06    2.0e-06
1082200      6.30e-05      4.55e-06    2.0e-06
1082300      1.71e-04      1.24e-05    2.0e-06
1082400      1.33e-04      9.59e-06    2.0e-06
1082500      1.74e-04      1.26e-05    2.0e-06
1082600      1.01e-04      7.30e-06    2.0e-06
1082700      9.94e-05      7.18e-06    2.0e-06
1082800      1.05e-04      7.61e-06    2.0e-06
1082900      1.12e-04      8.11e-06    2.0e-06
1083000      9.41e-05      6.79e-06    2.0e-06
1083100      8.90e-05      6.42e-06    2.0e-06
1083200      1.50e-04      1.08e-05    2.0e-06
1083300      1.57e-04      1.13e-05    2.0e-06
1083400      1.36e-04      9.84e-06    2.0e-06
1083500      1.54e-04      1.11e-05    2.0e-06
1083600      1.22e-04      8.84e-06    2.0e-06
1083700      2.13e-04      1.54e-05    2.0e-06
1083800      1.64e-04      1.18e-05    2.0e-06
1083900      2.50e-04      1.81e-05    2.0e-06
1084000      1.00e-04      7.24e-06    2.0e-06
1084100      7.39e-05      5.33e-06    2.0e-06
1084200      1.32e-04      9.50e-06    2.0e-06
1084300      1.05e-04      7.55e-06    2.0e-06
1084400      1.62e-04      1.17e-05    2.0e-06
1084500      1.14e-04      8.21e-06    2.0e-06
1084600      1.52e-04      1.10e-05    2.0e-06
1084700      9.73e-05      7.02e-06    2.0e-06
1084800      1.01e-04      7.26e-06    2.0e-06
1084900      1.33e-04      9.63e-06    2.0e-06
1085000      1.53e-04      1.10e-05    1.9e-06
1085100      1.38e-04      9.97e-06    1.9e-06
1085200      9.28e-05      6.69e-06    1.9e-06
1085300      1.20e-04      8.63e-06    1.9e-06
1085400      1.21e-04      8.73e-06    1.9e-06
1085500      1.62e-04      1.17e-05    1.9e-06
1085600      2.48e-04      1.79e-05    1.9e-06
1085700      7.74e-05      5.59e-06    1.9e-06
1085800      1.12e-04      8.05e-06    1.9e-06
1085900      1.32e-04      9.53e-06    1.9e-06
1086000      1.07e-04      7.74e-06    1.9e-06
1086100      9.16e-05      6.61e-06    1.9e-06
1086200      1.63e-04      1.17e-05    1.9e-06
1086300      1.06e-04      7.64e-06    1.9e-06
1086400      1.82e-04      1.32e-05    1.9e-06
1086500      1.41e-04      1.02e-05    1.9e-06
1086600      1.05e-04      7.59e-06    1.9e-06
1086700      1.73e-04      1.25e-05    1.9e-06
1086800      1.68e-04      1.21e-05    1.9e-06
1086900      9.74e-05      7.03e-06    1.9e-06
1087000      1.58e-04      1.14e-05    1.9e-06
1087100      1.15e-04      8.28e-06    1.9e-06
1087200      1.34e-04      9.64e-06    1.9e-06
1087300      7.69e-05      5.55e-06    1.9e-06
1087400      2.68e-04      1.93e-05    1.9e-06
1087500      1.40e-04      1.01e-05    1.9e-06
1087600      2.24e-04      1.62e-05    1.9e-06
1087700      1.72e-04      1.24e-05    1.9e-06
1087800      1.41e-04      1.02e-05    1.9e-06
1087900      9.68e-05      6.99e-06    1.9e-06
1088000      1.08e-04      7.78e-06    1.9e-06
1088100      1.18e-04      8.50e-06    1.9e-06
1088200      1.44e-04      1.04e-05    1.9e-06
1088300      1.33e-04      9.60e-06    1.9e-06
1088400      1.27e-04      9.13e-06    1.9e-06
1088500      1.05e-04      7.60e-06    1.9e-06
1088600      7.58e-05      5.47e-06    1.9e-06
1088700      6.20e-05      4.47e-06    1.9e-06
1088800      4.91e-05      3.54e-06    1.9e-06
1088900      1.76e-04      1.27e-05    1.9e-06
1089000      1.15e-04      8.32e-06    1.9e-06
1089100      1.09e-04      7.86e-06    1.9e-06
1089200      1.36e-04      9.84e-06    1.9e-06
1089300      1.18e-04      8.51e-06    1.9e-06
1089400      1.74e-04      1.25e-05    1.9e-06
1089500      1.51e-04      1.09e-05    1.9e-06
1089600      3.31e-04      2.39e-05    1.9e-06
1089700      1.19e-04      8.62e-06    1.9e-06
1089800      1.06e-04      7.63e-06    1.9e-06
1089900      9.14e-05      6.60e-06    1.9e-06
1090000      1.36e-04      9.80e-06    1.9e-06
1090100      1.14e-04      8.23e-06    1.9e-06
1090200      2.51e-04      1.81e-05    1.9e-06
1090300      1.01e-04      7.26e-06    1.9e-06
1090400      1.47e-04      1.06e-05    1.9e-06
1090500      2.44e-05      1.76e-06    1.9e-06
1090600      1.62e-04      1.17e-05    1.9e-06
1090700      1.44e-04      1.04e-05    1.9e-06
1090800      2.07e-04      1.50e-05    1.9e-06
1090900      8.28e-05      5.97e-06    1.9e-06
1091000      1.46e-04      1.06e-05    1.9e-06
1091100      9.77e-05      7.05e-06    1.9e-06
1091200      7.11e-05      5.13e-06    1.9e-06
1091300      9.88e-05      7.13e-06    1.9e-06
1091400      1.75e-04      1.26e-05    1.9e-06
1091500      8.62e-05      6.22e-06    1.9e-06
1091600      1.28e-04      9.26e-06    1.9e-06
1091700      1.87e-04      1.35e-05    1.9e-06
1091800      7.07e-05      5.10e-06    1.9e-06
1091900      1.96e-04      1.42e-05    1.9e-06
1092000      2.89e-04      2.08e-05    1.9e-06
1092100      5.96e-05      4.30e-06    1.9e-06
1092200      1.79e-04      1.29e-05    1.9e-06
1092300      7.18e-05      5.18e-06    1.9e-06
1092400      1.07e-04      7.73e-06    1.9e-06
1092500      1.61e-04      1.16e-05    1.9e-06
1092600      1.57e-04      1.13e-05    1.9e-06
1092700      2.41e-04      1.74e-05    1.9e-06
1092800      9.39e-05      6.78e-06    1.9e-06
1092900      1.39e-04      1.00e-05    1.9e-06
1093000      9.67e-05      6.98e-06    1.9e-06
1093100      9.28e-05      6.70e-06    1.9e-06
1093200      1.20e-04      8.67e-06    1.9e-06
1093300      7.04e-05      5.08e-06    1.9e-06
1093400      9.42e-05      6.80e-06    1.9e-06
1093500      1.83e-04      1.32e-05    1.9e-06
1093600      9.47e-05      6.83e-06    1.9e-06
1093700      6.83e-05      4.93e-06    1.9e-06
1093800      9.83e-05      7.09e-06    1.9e-06
1093900      1.59e-04      1.15e-05    1.9e-06
1094000      1.79e-04      1.30e-05    1.9e-06
1094100      1.03e-04      7.44e-06    1.9e-06
1094200      1.66e-04      1.20e-05    1.9e-06
1094300      2.75e-04      1.98e-05    1.9e-06
1094400      6.80e-05      4.91e-06    1.9e-06
1094500      1.75e-04      1.26e-05    1.9e-06
1094600      1.32e-04      9.53e-06    1.9e-06
1094700      1.61e-04      1.16e-05    1.9e-06
1094800      1.03e-04      7.40e-06    1.9e-06
1094900      1.47e-04      1.06e-05    1.9e-06
1095000      8.70e-05      6.28e-06    1.8e-06
1095100      5.29e-05      3.82e-06    1.8e-06
1095200      1.33e-04      9.62e-06    1.8e-06
1095300      8.95e-05      6.46e-06    1.8e-06
1095400      1.73e-04      1.25e-05    1.8e-06
1095500      1.21e-04      8.76e-06    1.8e-06
1095600      1.65e-04      1.19e-05    1.8e-06
1095700      7.22e-05      5.21e-06    1.8e-06
1095800      6.59e-05      4.75e-06    1.8e-06
1095900      1.07e-04      7.72e-06    1.8e-06
1096000      5.50e-05      3.97e-06    1.8e-06
1096100      8.74e-05      6.31e-06    1.8e-06
1096200      1.89e-04      1.36e-05    1.8e-06
1096300      1.76e-04      1.27e-05    1.8e-06
1096400      1.11e-04      7.99e-06    1.8e-06
1096500      9.11e-05      6.57e-06    1.8e-06
1096600      1.09e-04      7.90e-06    1.8e-06
1096700      9.77e-05      7.05e-06    1.8e-06
1096800      1.03e-04      7.46e-06    1.8e-06
1096900      1.07e-04      7.75e-06    1.8e-06
1097000      1.14e-04      8.25e-06    1.8e-06
1097100      1.86e-04      1.35e-05    1.8e-06
1097200      1.79e-04      1.29e-05    1.8e-06
1097300      9.03e-05      6.51e-06    1.8e-06
1097400      8.93e-05      6.44e-06    1.8e-06
1097500      9.80e-05      7.07e-06    1.8e-06
1097600      8.21e-05      5.93e-06    1.8e-06
1097700      1.49e-04      1.08e-05    1.8e-06
1097800      2.16e-04      1.56e-05    1.8e-06
1097900      9.83e-05      7.09e-06    1.8e-06
1098000      1.52e-04      1.10e-05    1.8e-06
1098100      1.01e-04      7.26e-06    1.8e-06
1098200      7.92e-05      5.72e-06    1.8e-06
1098300      5.18e-05      3.74e-06    1.8e-06
1098400      8.86e-05      6.40e-06    1.8e-06
1098500      1.87e-04      1.35e-05    1.8e-06
1098600      1.60e-04      1.15e-05    1.8e-06
1098700      7.92e-05      5.71e-06    1.8e-06
1098800      1.73e-04      1.25e-05    1.8e-06
1098900      1.54e-04      1.11e-05    1.8e-06
1099000      1.21e-04      8.74e-06    1.8e-06
1099100      1.30e-04      9.38e-06    1.8e-06
1099200      1.32e-04      9.52e-06    1.8e-06
1099300      1.36e-04      9.84e-06    1.8e-06
1099400      1.47e-04      1.06e-05    1.8e-06
1099500      1.45e-04      1.05e-05    1.8e-06
1099600      7.54e-05      5.44e-06    1.8e-06
1099700      1.18e-04      8.53e-06    1.8e-06
1099800      1.68e-04      1.21e-05    1.8e-06
1099900      1.39e-04      1.00e-05    1.8e-06
1100000      1.37e-04      9.90e-06    1.8e-06
1100100      1.27e-04      9.13e-06    1.8e-06
1100200      2.14e-04      1.54e-05    1.8e-06
1100300      1.08e-04      7.80e-06    1.8e-06
1100400      6.57e-05      4.74e-06    1.8e-06
1100500      1.38e-04      9.95e-06    1.8e-06
1100600      1.29e-04      9.31e-06    1.8e-06
1100700      9.47e-05      6.83e-06    1.8e-06
1100800      1.13e-04      8.14e-06    1.8e-06
1100900      1.20e-04      8.63e-06    1.8e-06
1101000      1.80e-04      1.30e-05    1.8e-06
1101100      9.73e-05      7.02e-06    1.8e-06
1101200      1.30e-04      9.40e-06    1.8e-06
1101300      1.34e-04      9.70e-06    1.8e-06
1101400      1.66e-04      1.20e-05    1.8e-06
1101500      1.02e-04      7.39e-06    1.8e-06
1101600      9.92e-05      7.16e-06    1.8e-06
1101700      1.67e-04      1.21e-05    1.8e-06
1101800      1.84e-04      1.32e-05    1.8e-06
1101900      2.69e-04      1.94e-05    1.8e-06
1102000      8.73e-05      6.30e-06    1.8e-06
1102100      8.24e-05      5.95e-06    1.8e-06
1102200      1.09e-04      7.86e-06    1.8e-06
1102300      1.86e-04      1.34e-05    1.8e-06
1102400      8.54e-05      6.16e-06    1.8e-06
1102500      2.21e-04      1.60e-05    1.8e-06
1102600      1.36e-04      9.81e-06    1.8e-06
1102700      8.46e-05      6.10e-06    1.8e-06
1102800      8.15e-05      5.88e-06    1.8e-06
1102900      9.59e-05      6.92e-06    1.8e-06
1103000      1.01e-04      7.28e-06    1.8e-06
1103100      5.48e-05      3.95e-06    1.8e-06
1103200      3.66e-05      2.64e-06    1.8e-06
1103300      2.22e-04      1.60e-05    1.8e-06
1103400      1.07e-04      7.70e-06    1.8e-06
1103500      1.12e-04      8.10e-06    1.8e-06
1103600      1.50e-04      1.08e-05    1.8e-06
1103700      1.58e-04      1.14e-05    1.8e-06
1103800      8.44e-05      6.09e-06    1.8e-06
1103900      1.57e-04      1.13e-05    1.8e-06
1104000      1.73e-04      1.25e-05    1.8e-06
1104100      8.23e-05      5.94e-06    1.8e-06
1104200      8.70e-05      6.28e-06    1.8e-06
1104300      7.09e-05      5.11e-06    1.8e-06
1104400      1.21e-04      8.73e-06    1.8e-06
1104500      6.87e-05      4.96e-06    1.8e-06
1104600      1.27e-04      9.14e-06    1.8e-06
1104700      9.73e-05      7.02e-06    1.8e-06
1104800      1.27e-04      9.19e-06    1.8e-06
1104900      3.14e-04      2.26e-05    1.8e-06
1105000      1.82e-04      1.31e-05    1.7e-06
1105100      1.07e-04      7.72e-06    1.7e-06
1105200      1.04e-04      7.48e-06    1.7e-06
1105300      9.58e-05      6.92e-06    1.7e-06
1105400      5.82e-05      4.20e-06    1.7e-06
1105500      1.14e-04      8.20e-06    1.7e-06
1105600      8.61e-05      6.21e-06    1.7e-06
1105700      9.83e-05      7.10e-06    1.7e-06
1105800      1.76e-04      1.27e-05    1.7e-06
1105900      8.53e-05      6.15e-06    1.7e-06
1106000      1.79e-04      1.29e-05    1.7e-06
1106100      7.94e-05      5.73e-06    1.7e-06
1106200      1.46e-04      1.05e-05    1.7e-06
1106300      7.19e-05      5.19e-06    1.7e-06
1106400      1.23e-04      8.85e-06    1.7e-06
1106500      6.51e-05      4.70e-06    1.7e-06
1106600      1.64e-04      1.19e-05    1.7e-06
1106700      7.27e-05      5.24e-06    1.7e-06
1106800      1.01e-04      7.29e-06    1.7e-06
1106900      1.58e-04      1.14e-05    1.7e-06
1107000      1.31e-04      9.46e-06    1.7e-06
1107100      1.48e-04      1.07e-05    1.7e-06
1107200      9.49e-05      6.85e-06    1.7e-06
1107300      4.24e-05      3.06e-06    1.7e-06
1107400      8.28e-05      5.98e-06    1.7e-06
1107500      1.80e-04      1.30e-05    1.7e-06
1107600      9.37e-05      6.76e-06    1.7e-06
1107700      1.07e-04      7.76e-06    1.7e-06
1107800      1.59e-04      1.15e-05    1.7e-06
1107900      1.03e-04      7.45e-06    1.7e-06
1108000      1.93e-04      1.40e-05    1.7e-06
1108100      7.14e-05      5.15e-06    1.7e-06
1108200      5.84e-05      4.22e-06    1.7e-06
1108300      1.30e-04      9.37e-06    1.7e-06
1108400      8.84e-05      6.38e-06    1.7e-06
1108500      7.11e-05      5.13e-06    1.7e-06
1108600      7.09e-05      5.12e-06    1.7e-06
1108700      1.28e-04      9.27e-06    1.7e-06
1108800      9.53e-05      6.88e-06    1.7e-06
1108900      6.96e-05      5.03e-06    1.7e-06
1109000      7.31e-05      5.28e-06    1.7e-06
1109100      2.09e-04      1.51e-05    1.7e-06
1109200      1.69e-04      1.22e-05    1.7e-06
1109300      1.39e-04      1.00e-05    1.7e-06
1109400      8.25e-05      5.95e-06    1.7e-06
1109500      8.20e-05      5.92e-06    1.7e-06
1109600      4.99e-05      3.60e-06    1.7e-06
1109700      6.43e-05      4.64e-06    1.7e-06
1109800      1.20e-04      8.64e-06    1.7e-06
1109900      8.86e-05      6.39e-06    1.7e-06
1110000      7.38e-05      5.32e-06    1.7e-06
1110100      6.36e-05      4.59e-06    1.7e-06
1110200      1.81e-04      1.30e-05    1.7e-06
1110300      5.56e-05      4.01e-06    1.7e-06
1110400      1.06e-04      7.63e-06    1.7e-06
1110500      1.24e-04      8.97e-06    1.7e-06
1110600      1.85e-04      1.34e-05    1.7e-06
1110700      1.71e-04      1.24e-05    1.7e-06
1110800      8.35e-05      6.03e-06    1.7e-06
1110900      1.11e-04      8.00e-06    1.7e-06
1111000      1.13e-04      8.12e-06    1.7e-06
1111100      8.53e-05      6.15e-06    1.7e-06
1111200      1.77e-04      1.28e-05    1.7e-06
1111300      1.53e-04      1.11e-05    1.7e-06
1111400      1.49e-04      1.08e-05    1.7e-06
1111500      1.38e-04      9.96e-06    1.7e-06
1111600      1.49e-04      1.07e-05    1.7e-06
1111700      1.38e-04      9.95e-06    1.7e-06
1111800      1.98e-04      1.43e-05    1.7e-06
1111900      1.56e-04      1.12e-05    1.7e-06
1112000      1.20e-04      8.64e-06    1.7e-06
1112100      7.39e-05      5.33e-06    1.7e-06
1112200      8.93e-05      6.45e-06    1.7e-06
1112300      2.49e-04      1.80e-05    1.7e-06
1112400      2.44e-04      1.76e-05    1.7e-06
1112500      9.96e-05      7.19e-06    1.7e-06
1112600      9.40e-05      6.79e-06    1.7e-06
1112700      7.60e-05      5.48e-06    1.7e-06
1112800      2.02e-04      1.46e-05    1.7e-06
1112900      6.98e-05      5.04e-06    1.7e-06
1113000      6.60e-05      4.77e-06    1.7e-06
1113100      1.84e-04      1.33e-05    1.7e-06
1113200      1.32e-04      9.56e-06    1.7e-06
1113300      6.94e-05      5.01e-06    1.7e-06
1113400      5.58e-05      4.03e-06    1.7e-06
1113500      1.26e-04      9.11e-06    1.7e-06
1113600      1.47e-04      1.06e-05    1.7e-06
1113700      9.44e-05      6.81e-06    1.7e-06
1113800      1.37e-04      9.86e-06    1.7e-06
1113900      1.22e-04      8.79e-06    1.7e-06
1114000      1.32e-04      9.50e-06    1.7e-06
1114100      1.55e-04      1.12e-05    1.7e-06
1114200      2.01e-04      1.45e-05    1.7e-06
1114300      1.35e-04      9.74e-06    1.7e-06
1114400      9.40e-05      6.78e-06    1.7e-06
1114500      1.16e-04      8.35e-06    1.7e-06
1114600      1.31e-04      9.43e-06    1.7e-06
1114700      1.52e-04      1.09e-05    1.7e-06
1114800      9.95e-05      7.18e-06    1.7e-06
1114900      1.21e-04      8.74e-06    1.7e-06
1115000      1.05e-04      7.61e-06    1.6e-06
1115100      1.65e-04      1.19e-05    1.6e-06
1115200      9.56e-05      6.90e-06    1.6e-06
1115300      1.00e-04      7.24e-06    1.6e-06
1115400      7.47e-05      5.39e-06    1.6e-06
1115500      1.40e-04      1.01e-05    1.6e-06
1115600      1.49e-04      1.07e-05    1.6e-06
1115700      7.41e-05      5.35e-06    1.6e-06
1115800      1.14e-04      8.19e-06    1.6e-06
1115900      1.37e-04      9.90e-06    1.6e-06
1116000      8.54e-05      6.17e-06    1.6e-06
1116100      9.35e-05      6.75e-06    1.6e-06
1116200      1.61e-04      1.16e-05    1.6e-06
1116300      1.10e-04      7.95e-06    1.6e-06
1116400      1.57e-04      1.14e-05    1.6e-06
1116500      1.23e-04      8.85e-06    1.6e-06
1116600      1.14e-04      8.22e-06    1.6e-06
1116700      7.58e-05      5.47e-06    1.6e-06
1116800      1.48e-04      1.07e-05    1.6e-06
1116900      7.62e-05      5.50e-06    1.6e-06
1117000      1.20e-04      8.64e-06    1.6e-06
1117100      8.35e-05      6.03e-06    1.6e-06
1117200      1.09e-04      7.85e-06    1.6e-06
1117300      2.24e-04      1.62e-05    1.6e-06
1117400      7.22e-05      5.21e-06    1.6e-06
1117500      1.19e-04      8.55e-06    1.6e-06
1117600      9.56e-05      6.90e-06    1.6e-06
1117700      1.20e-04      8.68e-06    1.6e-06
1117800      1.18e-04      8.54e-06    1.6e-06
1117900      9.74e-05      7.03e-06    1.6e-06
1118000      8.19e-05      5.91e-06    1.6e-06
1118100      1.14e-04      8.20e-06    1.6e-06
1118200      9.11e-05      6.57e-06    1.6e-06
1118300      9.97e-05      7.20e-06    1.6e-06
1118400      9.19e-05      6.63e-06    1.6e-06
1118500      9.93e-05      7.17e-06    1.6e-06
1118600      1.68e-04      1.21e-05    1.6e-06
1118700      1.05e-04      7.56e-06    1.6e-06
1118800      9.36e-05      6.75e-06    1.6e-06
1118900      9.77e-05      7.05e-06    1.6e-06
1119000      9.33e-05      6.73e-06    1.6e-06
1119100      6.56e-05      4.73e-06    1.6e-06
1119200      8.26e-05      5.96e-06    1.6e-06
1119300      1.86e-04      1.35e-05    1.6e-06
1119400      9.18e-05      6.63e-06    1.6e-06
1119500      1.42e-04      1.02e-05    1.6e-06
1119600      1.18e-04      8.51e-06    1.6e-06
1119700      6.80e-05      4.91e-06    1.6e-06
1119800      5.59e-05      4.04e-06    1.6e-06
1119900      1.52e-04      1.10e-05    1.6e-06
1120000      1.99e-04      1.43e-05    1.6e-06
1120100      1.26e-04      9.07e-06    1.6e-06
1120200      2.11e-04      1.53e-05    1.6e-06
1120300      6.25e-05      4.51e-06    1.6e-06
1120400      1.42e-04      1.02e-05    1.6e-06
1120500      1.32e-04      9.54e-06    1.6e-06
1120600      1.60e-04      1.15e-05    1.6e-06
1120700      6.97e-05      5.03e-06    1.6e-06
1120800      6.39e-05      4.61e-06    1.6e-06
1120900      1.17e-04      8.42e-06    1.6e-06
1121000      8.31e-05      5.99e-06    1.6e-06
1121100      1.34e-04      9.65e-06    1.6e-06
1121200      1.92e-04      1.39e-05    1.6e-06
1121300      1.33e-04      9.57e-06    1.6e-06
1121400      1.05e-04      7.56e-06    1.6e-06
1121500      3.87e-05      2.79e-06    1.6e-06
1121600      9.46e-05      6.82e-06    1.6e-06
1121700      1.14e-04      8.23e-06    1.6e-06
1121800      1.18e-04      8.49e-06    1.6e-06
1121900      8.66e-05      6.25e-06    1.6e-06
1122000      1.08e-04      7.82e-06    1.6e-06
1122100      1.81e-04      1.31e-05    1.6e-06
1122200      1.88e-04      1.36e-05    1.6e-06
1122300      8.27e-05      5.97e-06    1.6e-06
1122400      1.13e-04      8.16e-06    1.6e-06
1122500      1.83e-04      1.32e-05    1.6e-06
1122600      1.54e-04      1.11e-05    1.6e-06
1122700      7.82e-05      5.64e-06    1.6e-06
1122800      6.49e-05      4.69e-06    1.6e-06
1122900      8.69e-05      6.27e-06    1.6e-06
1123000      1.45e-04      1.05e-05    1.6e-06
1123100      6.72e-05      4.85e-06    1.6e-06
1123200      1.23e-04      8.88e-06    1.6e-06
1123300      8.40e-05      6.06e-06    1.6e-06
1123400      8.73e-05      6.30e-06    1.6e-06
1123500      1.74e-04      1.25e-05    1.6e-06
1123600      9.49e-05      6.85e-06    1.6e-06
1123700      8.08e-05      5.83e-06    1.6e-06
1123800      1.23e-04      8.87e-06    1.6e-06
1123900      1.26e-04      9.09e-06    1.6e-06
1124000      7.49e-05      5.41e-06    1.6e-06
1124100      1.01e-04      7.32e-06    1.6e-06
1124200      9.08e-05      6.56e-06    1.6e-06
1124300      1.25e-04      9.00e-06    1.6e-06
1124400      7.53e-05      5.44e-06    1.6e-06
1124500      6.58e-05      4.75e-06    1.6e-06
1124600      1.09e-04      7.87e-06    1.6e-06
1124700      1.55e-04      1.12e-05    1.6e-06
1124800      6.23e-05      4.49e-06    1.6e-06
1124900      9.14e-05      6.59e-06    1.6e-06
1125000      1.01e-04      7.30e-06    1.5e-06
1125100      8.44e-05      6.09e-06    1.5e-06
1125200      7.85e-05      5.67e-06    1.5e-06
1125300      1.03e-04      7.45e-06    1.5e-06
1125400      7.36e-05      5.31e-06    1.5e-06
1125500      8.09e-05      5.84e-06    1.5e-06
1125600      8.53e-05      6.16e-06    1.5e-06
1125700      1.00e-04      7.25e-06    1.5e-06
1125800      5.98e-05      4.31e-06    1.5e-06
1125900      9.87e-05      7.12e-06    1.5e-06
1126000      2.29e-04      1.65e-05    1.5e-06
1126100      8.51e-05      6.14e-06    1.5e-06
1126200      7.34e-05      5.29e-06    1.5e-06
1126300      9.47e-05      6.83e-06    1.5e-06
1126400      7.48e-05      5.40e-06    1.5e-06
1126500      5.01e-05      3.62e-06    1.5e-06
1126600      1.27e-04      9.14e-06    1.5e-06
1126700      9.99e-05      7.21e-06    1.5e-06
1126800      9.15e-05      6.60e-06    1.5e-06
1126900      1.05e-04      7.55e-06    1.5e-06
1127000      1.13e-04      8.17e-06    1.5e-06
1127100      6.18e-05      4.46e-06    1.5e-06
1127200      8.18e-05      5.91e-06    1.5e-06
1127300      5.91e-05      4.27e-06    1.5e-06
1127400      7.49e-05      5.41e-06    1.5e-06
1127500      9.70e-05      7.00e-06    1.5e-06
1127600      7.77e-05      5.61e-06    1.5e-06
1127700      8.03e-05      5.79e-06    1.5e-06
1127800      1.11e-04      7.99e-06    1.5e-06
1127900      1.04e-04      7.48e-06    1.5e-06
1128000      6.59e-05      4.75e-06    1.5e-06
1128100      5.18e-05      3.74e-06    1.5e-06
1128200      7.98e-05      5.76e-06    1.5e-06
1128300      6.57e-05      4.74e-06    1.5e-06
1128400      7.34e-05      5.30e-06    1.5e-06
1128500      1.26e-04      9.09e-06    1.5e-06
1128600      2.09e-04      1.51e-05    1.5e-06
1128700      1.33e-04      9.59e-06    1.5e-06
1128800      5.89e-05      4.25e-06    1.5e-06
1128900      1.12e-04      8.10e-06    1.5e-06
1129000      1.78e-04      1.29e-05    1.5e-06
1129100      8.82e-05      6.36e-06    1.5e-06
1129200      8.02e-05      5.79e-06    1.5e-06
1129300      1.07e-04      7.73e-06    1.5e-06
1129400      1.93e-04      1.39e-05    1.5e-06
1129500      7.70e-05      5.56e-06    1.5e-06
1129600      1.48e-04      1.07e-05    1.5e-06
1129700      8.09e-05      5.84e-06    1.5e-06
1129800      9.72e-05      7.02e-06    1.5e-06
1129900      5.76e-05      4.15e-06    1.5e-06
1130000      8.80e-05      6.35e-06    1.5e-06
1130100      7.72e-05      5.57e-06    1.5e-06
1130200      1.14e-04      8.25e-06    1.5e-06
1130300      9.78e-05      7.06e-06    1.5e-06
1130400      7.99e-05      5.76e-06    1.5e-06
1130500      8.05e-05      5.81e-06    1.5e-06
1130600      1.31e-04      9.48e-06    1.5e-06
1130700      7.72e-05      5.57e-06    1.5e-06
1130800      1.11e-04      8.04e-06    1.5e-06
1130900      1.14e-04      8.23e-06    1.5e-06
1131000      5.91e-05      4.27e-06    1.5e-06
1131100      8.68e-05      6.26e-06    1.5e-06
1131200      5.72e-05      4.13e-06    1.5e-06
1131300      1.01e-04      7.32e-06    1.5e-06
1131400      5.38e-05      3.88e-06    1.5e-06
1131500      8.19e-05      5.91e-06    1.5e-06
1131600      6.67e-05      4.81e-06    1.5e-06
1131700      5.94e-05      4.29e-06    1.5e-06
1131800      8.82e-05      6.37e-06    1.5e-06
1131900      8.79e-05      6.34e-06    1.5e-06
1132000      1.12e-04      8.07e-06    1.5e-06
1132100      1.25e-04      8.99e-06    1.5e-06
1132200      1.20e-04      8.68e-06    1.5e-06
1132300      8.73e-05      6.30e-06    1.5e-06
1132400      1.02e-04      7.34e-06    1.5e-06
1132500      1.41e-04      1.02e-05    1.5e-06
1132600      1.06e-04      7.62e-06    1.5e-06
1132700      9.70e-05      7.00e-06    1.5e-06
1132800      5.21e-05      3.76e-06    1.5e-06
1132900      8.67e-05      6.26e-06    1.5e-06
1133000      6.02e-05      4.34e-06    1.5e-06
1133100      1.09e-04      7.90e-06    1.5e-06
1133200      9.03e-05      6.52e-06    1.5e-06
1133300      1.24e-04      8.93e-06    1.5e-06
1133400      2.70e-04      1.95e-05    1.5e-06
1133500      7.12e-05      5.14e-06    1.5e-06
1133600      1.03e-04      7.42e-06    1.5e-06
1133700      9.91e-05      7.15e-06    1.5e-06
1133800      7.25e-05      5.23e-06    1.5e-06
1133900      1.66e-04      1.20e-05    1.5e-06
1134000      5.24e-05      3.78e-06    1.5e-06
1134100      1.29e-04      9.29e-06    1.5e-06
1134200      1.79e-04      1.29e-05    1.5e-06
1134300      1.14e-04      8.22e-06    1.5e-06
1134400      1.37e-04      9.88e-06    1.5e-06
1134500      5.18e-05      3.74e-06    1.5e-06
1134600      8.15e-05      5.88e-06    1.5e-06
1134700      1.33e-04      9.61e-06    1.5e-06
1134800      1.49e-04      1.08e-05    1.5e-06
1134900      1.22e-04      8.83e-06    1.5e-06
1135000      1.21e-04      8.70e-06    1.5e-06
1135100      1.43e-04      1.03e-05    1.5e-06
1135200      9.84e-05      7.10e-06    1.5e-06
1135300      1.27e-04      9.13e-06    1.5e-06
1135400      2.24e-04      1.62e-05    1.5e-06
1135500      6.71e-05      4.84e-06    1.5e-06
1135600      5.36e-05      3.87e-06    1.5e-06
1135700      7.74e-05      5.59e-06    1.5e-06
1135800      7.36e-05      5.31e-06    1.5e-06
1135900      5.92e-05      4.28e-06    1.5e-06
1136000      7.28e-05      5.26e-06    1.5e-06
1136100      8.32e-05      6.01e-06    1.5e-06
1136200      1.01e-04      7.28e-06    1.5e-06
1136300      1.14e-04      8.26e-06    1.5e-06
1136400      8.07e-05      5.83e-06    1.5e-06
1136500      1.01e-04      7.26e-06    1.5e-06
1136600      9.38e-05      6.77e-06    1.5e-06
1136700      1.14e-04      8.21e-06    1.5e-06
1136800      7.69e-05      5.55e-06    1.5e-06
1136900      8.11e-05      5.85e-06    1.5e-06
1137000      6.29e-05      4.54e-06    1.5e-06
1137100      1.51e-04      1.09e-05    1.5e-06
1137200      1.13e-04      8.15e-06    1.5e-06
1137300      1.02e-04      7.36e-06    1.5e-06
1137400      2.19e-04      1.58e-05    1.5e-06
1137500      1.06e-04      7.68e-06    1.5e-06
1137600      8.58e-05      6.19e-06    1.5e-06
1137700      1.29e-04      9.29e-06    1.5e-06
1137800      9.78e-05      7.06e-06    1.5e-06
1137900      4.52e-05      3.26e-06    1.5e-06
1138000      5.62e-05      4.06e-06    1.5e-06
1138100      1.46e-04      1.05e-05    1.5e-06
1138200      7.84e-05      5.66e-06    1.5e-06
1138300      7.95e-05      5.74e-06    1.5e-06
1138400      9.98e-05      7.20e-06    1.5e-06
1138500      6.74e-05      4.86e-06    1.5e-06
1138600      6.23e-05      4.50e-06    1.5e-06
1138700      5.79e-05      4.18e-06    1.5e-06
1138800      5.29e-05      3.81e-06    1.5e-06
1138900      6.16e-05      4.44e-06    1.5e-06
1139000      8.97e-05      6.47e-06    1.5e-06
1139100      6.53e-05      4.71e-06    1.5e-06
1139200      7.08e-05      5.11e-06    1.5e-06
1139300      1.45e-04      1.05e-05    1.5e-06
1139400      1.52e-04      1.10e-05    1.5e-06
1139500      1.12e-04      8.06e-06    1.5e-06
1139600      1.04e-04      7.52e-06    1.5e-06
1139700      5.59e-05      4.03e-06    1.5e-06
1139800      1.69e-04      1.22e-05    1.5e-06
1139900      7.35e-05      5.30e-06    1.5e-06
1140000      5.65e-05      4.08e-06    1.4e-06
1140100      4.78e-05      3.45e-06    1.4e-06
1140200      1.08e-04      7.76e-06    1.4e-06
1140300      7.33e-05      5.29e-06    1.4e-06
1140400      2.25e-04      1.62e-05    1.4e-06
1140500      5.53e-05      3.99e-06    1.4e-06
1140600      1.04e-04      7.52e-06    1.4e-06
1140700      9.11e-05      6.58e-06    1.4e-06
1140800      8.55e-05      6.17e-06    1.4e-06
1140900      9.58e-05      6.91e-06    1.4e-06
1141000      1.27e-04      9.18e-06    1.4e-06
1141100      8.15e-05      5.88e-06    1.4e-06
1141200      6.50e-05      4.69e-06    1.4e-06
1141300      7.00e-05      5.05e-06    1.4e-06
1141400      6.38e-05      4.60e-06    1.4e-06
1141500      1.55e-04      1.12e-05    1.4e-06
1141600      6.55e-05      4.72e-06    1.4e-06
1141700      7.92e-05      5.71e-06    1.4e-06
1141800      1.00e-04      7.25e-06    1.4e-06
1141900      9.18e-05      6.62e-06    1.4e-06
1142000      1.07e-04      7.74e-06    1.4e-06
1142100      1.31e-04      9.44e-06    1.4e-06
1142200      6.31e-05      4.55e-06    1.4e-06
1142300      7.73e-05      5.58e-06    1.4e-06
1142400      2.14e-05      1.55e-06    1.4e-06
1142500      2.36e-04      1.71e-05    1.4e-06
1142600      1.01e-04      7.28e-06    1.4e-06
1142700      8.91e-05      6.43e-06    1.4e-06
1142800      1.14e-04      8.22e-06    1.4e-06
1142900      1.25e-04      9.04e-06    1.4e-06
1143000      7.87e-05      5.68e-06    1.4e-06
1143100      5.26e-05      3.80e-06    1.4e-06
1143200      7.62e-05      5.50e-06    1.4e-06
1143300      9.09e-05      6.56e-06    1.4e-06
1143400      1.28e-04      9.24e-06    1.4e-06
1143500      9.87e-05      7.12e-06    1.4e-06
1143600      9.27e-05      6.69e-06    1.4e-06
1143700      7.79e-05      5.62e-06    1.4e-06
1143800      1.68e-04      1.21e-05    1.4e-06
1143900      7.47e-05      5.39e-06    1.4e-06
1144000      1.23e-04      8.89e-06    1.4e-06
1144100      8.70e-05      6.28e-06    1.4e-06
1144200      9.63e-05      6.95e-06    1.4e-06
1144300      6.33e-05      4.57e-06    1.4e-06
1144400      6.67e-05      4.82e-06    1.4e-06
1144500      4.58e-05      3.30e-06    1.4e-06
1144600      1.22e-04      8.82e-06    1.4e-06
1144700      1.18e-04      8.55e-06    1.4e-06
1144800      9.43e-05      6.81e-06    1.4e-06
1144900      7.93e-05      5.72e-06    1.4e-06
1145000      6.54e-05      4.72e-06    1.4e-06
1145100      5.37e-05      3.87e-06    1.4e-06
1145200      1.38e-04      9.96e-06    1.4e-06
1145300      5.55e-05      4.00e-06    1.4e-06
1145400      1.03e-04      7.40e-06    1.4e-06
1145500      1.00e-04      7.24e-06    1.4e-06
1145600      4.83e-05      3.48e-06    1.4e-06
1145700      5.74e-05      4.15e-06    1.4e-06
1145800      6.20e-05      4.48e-06    1.4e-06
1145900      7.84e-05      5.66e-06    1.4e-06
1146000      1.26e-04      9.13e-06    1.4e-06
1146100      6.81e-05      4.91e-06    1.4e-06
1146200      7.43e-05      5.36e-06    1.4e-06
1146300      7.49e-05      5.41e-06    1.4e-06
1146400      1.12e-04      8.06e-06    1.4e-06
1146500      6.42e-05      4.64e-06    1.4e-06
1146600      8.68e-05      6.27e-06    1.4e-06
1146700      6.93e-05      5.00e-06    1.4e-06
1146800      7.57e-05      5.46e-06    1.4e-06
1146900      9.01e-05      6.50e-06    1.4e-06
1147000      4.31e-05      3.11e-06    1.4e-06
1147100      1.04e-04      7.49e-06    1.4e-06
1147200      7.75e-05      5.59e-06    1.4e-06
1147300      6.06e-05      4.38e-06    1.4e-06
1147400      1.01e-04      7.29e-06    1.4e-06
1147500      7.95e-05      5.74e-06    1.4e-06
1147600      5.33e-05      3.85e-06    1.4e-06
1147700      7.34e-05      5.30e-06    1.4e-06
1147800      5.44e-05      3.93e-06    1.4e-06
1147900      6.04e-05      4.36e-06    1.4e-06
1148000      6.07e-05      4.38e-06    1.4e-06
1148100      8.89e-05      6.42e-06    1.4e-06
1148200      6.52e-05      4.70e-06    1.4e-06
1148300      8.73e-05      6.30e-06    1.4e-06
1148400      1.68e-04      1.21e-05    1.4e-06
1148500      6.86e-05      4.95e-06    1.4e-06
1148600      2.01e-04      1.45e-05    1.4e-06
1148700      6.14e-05      4.43e-06    1.4e-06
1148800      7.18e-05      5.18e-06    1.4e-06
1148900      9.75e-05      7.04e-06    1.4e-06
1149000      8.53e-05      6.15e-06    1.4e-06
1149100      9.00e-05      6.50e-06    1.4e-06
1149200      5.01e-05      3.61e-06    1.4e-06
1149300      7.37e-05      5.32e-06    1.4e-06
1149400      2.17e-04      1.56e-05    1.4e-06
1149500      8.13e-05      5.87e-06    1.4e-06
1149600      5.14e-05      3.71e-06    1.4e-06
1149700      9.54e-05      6.89e-06    1.4e-06
1149800      5.70e-05      4.12e-06    1.4e-06
1149900      9.58e-05      6.92e-06    1.4e-06
1150000      4.90e-05      3.53e-06    1.3e-06
1150100      1.87e-04      1.35e-05    1.3e-06
1150200      6.22e-05      4.49e-06    1.3e-06
1150300      1.27e-04      9.16e-06    1.3e-06
1150400      8.32e-05      6.00e-06    1.3e-06
1150500      4.13e-05      2.98e-06    1.3e-06
1150600      8.98e-05      6.48e-06    1.3e-06
1150700      1.03e-04      7.40e-06    1.3e-06
1150800      8.52e-05      6.15e-06    1.3e-06
1150900      2.29e-04      1.65e-05    1.3e-06
1151000      2.01e-04      1.45e-05    1.3e-06
1151100      7.98e-05      5.76e-06    1.3e-06
1151200      1.20e-04      8.63e-06    1.3e-06
1151300      6.05e-05      4.37e-06    1.3e-06
1151400      3.38e-04      2.44e-05    1.3e-06
1151500      9.72e-05      7.02e-06    1.3e-06
1151600      7.39e-05      5.33e-06    1.3e-06
1151700      6.60e-05      4.76e-06    1.3e-06
1151800      1.18e-04      8.49e-06    1.3e-06
1151900      5.29e-05      3.82e-06    1.3e-06
1152000      8.22e-05      5.93e-06    1.3e-06
1152100      1.22e-04      8.80e-06    1.3e-06
1152200      4.64e-05      3.35e-06    1.3e-06
1152300      1.51e-04      1.09e-05    1.3e-06
1152400      1.56e-04      1.13e-05    1.3e-06
1152500      4.33e-05      3.13e-06    1.3e-06
1152600      6.36e-05      4.59e-06    1.3e-06
1152700      7.28e-05      5.25e-06    1.3e-06
1152800      6.19e-05      4.47e-06    1.3e-06
1152900      7.45e-05      5.38e-06    1.3e-06
1153000      4.23e-05      3.06e-06    1.3e-06
1153100      8.80e-05      6.35e-06    1.3e-06
1153200      1.08e-04      7.76e-06    1.3e-06
1153300      5.33e-05      3.84e-06    1.3e-06
1153400      1.20e-04      8.63e-06    1.3e-06
1153500      6.74e-05      4.86e-06    1.3e-06
1153600      7.13e-05      5.15e-06    1.3e-06
1153700      9.87e-05      7.12e-06    1.3e-06
1153800      5.09e-05      3.67e-06    1.3e-06
1153900      7.91e-05      5.71e-06    1.3e-06
1154000      9.00e-05      6.49e-06    1.3e-06
1154100      1.22e-04      8.80e-06    1.3e-06
1154200      9.21e-05      6.64e-06    1.3e-06
1154300      1.72e-04      1.24e-05    1.3e-06
1154400      7.46e-05      5.38e-06    1.3e-06
1154500      7.41e-05      5.35e-06    1.3e-06
1154600      5.59e-05      4.04e-06    1.3e-06
1154700      4.30e-05      3.11e-06    1.3e-06
1154800      2.63e-04      1.90e-05    1.3e-06
1154900      9.04e-05      6.52e-06    1.3e-06
1155000      8.62e-05      6.22e-06    1.3e-06
1155100      3.82e-05      2.76e-06    1.3e-06
1155200      7.73e-05      5.58e-06    1.3e-06
1155300      3.75e-05      2.71e-06    1.3e-06
1155400      1.01e-04      7.28e-06    1.3e-06
1155500      4.85e-05      3.50e-06    1.3e-06
1155600      1.50e-04      1.08e-05    1.3e-06
1155700      4.25e-05      3.07e-06    1.3e-06
1155800      1.05e-04      7.59e-06    1.3e-06
1155900      8.97e-05      6.48e-06    1.3e-06
1156000      9.90e-05      7.14e-06    1.3e-06
1156100      1.46e-04      1.05e-05    1.3e-06
1156200      4.67e-05      3.37e-06    1.3e-06
1156300      6.88e-05      4.96e-06    1.3e-06
1156400      1.42e-04      1.03e-05    1.3e-06
1156500      5.88e-05      4.24e-06    1.3e-06
1156600      1.56e-04      1.13e-05    1.3e-06
1156700      6.27e-05      4.52e-06    1.3e-06
1156800      6.54e-05      4.72e-06    1.3e-06
1156900      9.09e-05      6.56e-06    1.3e-06
1157000      7.06e-05      5.10e-06    1.3e-06
1157100      9.95e-05      7.18e-06    1.3e-06
1157200      8.58e-05      6.19e-06    1.3e-06
1157300      4.49e-05      3.24e-06    1.3e-06
1157400      7.16e-05      5.17e-06    1.3e-06
1157500      3.54e-05      2.56e-06    1.3e-06
1157600      8.41e-05      6.07e-06    1.3e-06
1157700      8.84e-05      6.38e-06    1.3e-06
1157800      5.55e-05      4.01e-06    1.3e-06
1157900      9.89e-05      7.14e-06    1.3e-06
1158000      6.79e-05      4.90e-06    1.3e-06
1158100      6.47e-05      4.67e-06    1.3e-06
1158200      8.51e-05      6.14e-06    1.3e-06
1158300      1.11e-04      8.02e-06    1.3e-06
1158400      4.14e-05      2.99e-06    1.3e-06
1158500      4.33e-05      3.12e-06    1.3e-06
1158600      9.38e-05      6.77e-06    1.3e-06
1158700      8.85e-05      6.39e-06    1.3e-06
1158800      6.65e-05      4.80e-06    1.3e-06
1158900      8.95e-05      6.46e-06    1.3e-06
1159000      3.75e-05      2.71e-06    1.3e-06
1159100      1.60e-04      1.16e-05    1.3e-06
1159200      7.23e-05      5.22e-06    1.3e-06
1159300      7.22e-05      5.21e-06    1.3e-06
1159400      4.17e-05      3.01e-06    1.3e-06
1159500      7.73e-05      5.58e-06    1.3e-06
1159600      6.88e-05      4.97e-06    1.3e-06
1159700      9.36e-05      6.75e-06    1.3e-06
1159800      7.89e-05      5.69e-06    1.3e-06
1159900      5.76e-05      4.16e-06    1.3e-06
1160000      7.06e-05      5.10e-06    1.3e-06
1160100      9.41e-05      6.79e-06    1.3e-06
1160200      5.87e-05      4.23e-06    1.3e-06
1160300      7.10e-05      5.12e-06    1.3e-06
1160400      2.59e-05      1.87e-06    1.3e-06
1160500      5.72e-05      4.13e-06    1.3e-06
1160600      8.60e-05      6.21e-06    1.3e-06
1160700      5.83e-05      4.21e-06    1.3e-06
1160800      3.54e-04      2.55e-05    1.3e-06
1160900      1.66e-04      1.20e-05    1.3e-06
1161000      7.99e-05      5.77e-06    1.3e-06
1161100      4.43e-05      3.20e-06    1.3e-06
1161200      1.77e-04      1.28e-05    1.3e-06
1161300      9.19e-05      6.63e-06    1.3e-06
1161400      6.46e-05      4.66e-06    1.3e-06
1161500      5.09e-05      3.67e-06    1.3e-06
1161600      7.75e-05      5.59e-06    1.3e-06
1161700      8.09e-05      5.84e-06    1.3e-06
1161800      9.11e-05      6.58e-06    1.3e-06
1161900      5.89e-05      4.25e-06    1.3e-06
1162000      7.56e-05      5.46e-06    1.3e-06
1162100      1.06e-04      7.65e-06    1.3e-06
1162200      1.29e-04      9.32e-06    1.3e-06
1162300      1.11e-04      8.04e-06    1.3e-06
1162400      8.29e-05      5.98e-06    1.3e-06
1162500      1.05e-04      7.58e-06    1.3e-06
1162600      5.18e-05      3.74e-06    1.3e-06
1162700      1.07e-04      7.74e-06    1.3e-06
1162800      7.59e-05      5.47e-06    1.3e-06
1162900      1.15e-04      8.28e-06    1.3e-06
1163000      1.02e-04      7.33e-06    1.3e-06
1163100      1.73e-04      1.25e-05    1.3e-06
1163200      1.92e-04      1.39e-05    1.3e-06
1163300      5.76e-05      4.16e-06    1.3e-06
1163400      6.72e-05      4.85e-06    1.3e-06
1163500      5.23e-05      3.78e-06    1.3e-06
1163600      1.22e-04      8.79e-06    1.3e-06
1163700      5.65e-05      4.08e-06    1.3e-06
1163800      2.09e-04      1.51e-05    1.3e-06
1163900      7.98e-05      5.76e-06    1.3e-06
1164000      1.15e-04      8.29e-06    1.3e-06
1164100      7.89e-05      5.69e-06    1.3e-06
1164200      6.12e-05      4.42e-06    1.3e-06
1164300      8.09e-05      5.84e-06    1.3e-06
1164400      4.45e-05      3.21e-06    1.3e-06
1164500      1.51e-04      1.09e-05    1.3e-06
1164600      1.00e-04      7.21e-06    1.3e-06
1164700      7.20e-05      5.19e-06    1.3e-06
1164800      5.73e-05      4.14e-06    1.3e-06
1164900      6.86e-05      4.95e-06    1.3e-06
1165000      7.61e-05      5.49e-06    1.2e-06
1165100      8.27e-05      5.97e-06    1.2e-06
1165200      4.79e-05      3.46e-06    1.2e-06
1165300      1.87e-04      1.35e-05    1.2e-06
1165400      1.04e-04      7.53e-06    1.2e-06
1165500      5.39e-05      3.89e-06    1.2e-06
1165600      6.75e-05      4.87e-06    1.2e-06
1165700      8.21e-05      5.92e-06    1.2e-06
1165800      4.64e-05      3.35e-06    1.2e-06
1165900      9.93e-05      7.16e-06    1.2e-06
1166000      1.11e-04      8.02e-06    1.2e-06
1166100      5.42e-05      3.91e-06    1.2e-06
1166200      4.59e-05      3.31e-06    1.2e-06
1166300      8.76e-05      6.32e-06    1.2e-06
1166400      5.12e-05      3.70e-06    1.2e-06
1166500      6.83e-05      4.93e-06    1.2e-06
1166600      9.42e-05      6.80e-06    1.2e-06
1166700      4.85e-05      3.50e-06    1.2e-06
1166800      5.20e-05      3.75e-06    1.2e-06
1166900      4.97e-05      3.59e-06    1.2e-06
1167000      6.19e-05      4.47e-06    1.2e-06
1167100      4.71e-05      3.40e-06    1.2e-06
1167200      8.80e-05      6.35e-06    1.2e-06
1167300      5.09e-05      3.68e-06    1.2e-06
1167400      1.02e-04      7.33e-06    1.2e-06
1167500      7.62e-05      5.50e-06    1.2e-06
1167600      7.78e-05      5.62e-06    1.2e-06
1167700      8.83e-05      6.38e-06    1.2e-06
1167800      1.64e-04      1.18e-05    1.2e-06
1167900      7.97e-05      5.75e-06    1.2e-06
1168000      6.38e-05      4.60e-06    1.2e-06
1168100      3.44e-05      2.48e-06    1.2e-06
1168200      1.29e-04      9.29e-06    1.2e-06
1168300      8.67e-05      6.26e-06    1.2e-06
1168400      1.11e-04      8.02e-06    1.2e-06
1168500      8.13e-05      5.87e-06    1.2e-06
1168600      7.45e-05      5.38e-06    1.2e-06
1168700      7.08e-05      5.11e-06    1.2e-06
1168800      8.89e-05      6.42e-06    1.2e-06
1168900      8.22e-05      5.93e-06    1.2e-06
1169000      5.40e-05      3.90e-06    1.2e-06
1169100      5.70e-05      4.12e-06    1.2e-06
1169200      5.56e-05      4.01e-06    1.2e-06
1169300      8.00e-05      5.77e-06    1.2e-06
1169400      9.79e-05      7.06e-06    1.2e-06
1169500      8.38e-05      6.05e-06    1.2e-06
1169600      1.00e-04      7.23e-06    1.2e-06
1169700      1.23e-04      8.88e-06    1.2e-06
1169800      5.44e-05      3.92e-06    1.2e-06
1169900      9.41e-05      6.79e-06    1.2e-06
1170000      5.96e-05      4.30e-06    1.2e-06
1170100      1.66e-04      1.20e-05    1.2e-06
1170200      3.48e-05      2.51e-06    1.2e-06
1170300      8.84e-05      6.38e-06    1.2e-06
1170400      1.84e-04      1.33e-05    1.2e-06
1170500      1.05e-04      7.59e-06    1.2e-06
1170600      4.38e-05      3.16e-06    1.2e-06
1170700      7.97e-05      5.75e-06    1.2e-06
1170800      4.76e-05      3.43e-06    1.2e-06
1170900      1.24e-04      8.98e-06    1.2e-06
1171000      1.47e-04      1.06e-05    1.2e-06
1171100      4.17e-05      3.01e-06    1.2e-06
1171200      4.90e-05      3.53e-06    1.2e-06
1171300      2.50e-04      1.80e-05    1.2e-06
1171400      1.04e-04      7.50e-06    1.2e-06
1171500      6.88e-05      4.96e-06    1.2e-06
1171600      5.13e-05      3.70e-06    1.2e-06
1171700      5.47e-05      3.94e-06    1.2e-06
1171800      7.85e-05      5.66e-06    1.2e-06
1171900      9.88e-05      7.13e-06    1.2e-06
1172000      1.19e-04      8.57e-06    1.2e-06
1172100      1.14e-04      8.23e-06    1.2e-06
1172200      7.95e-05      5.74e-06    1.2e-06
1172300      9.69e-05      7.00e-06    1.2e-06
1172400      5.74e-05      4.14e-06    1.2e-06
1172500      7.26e-05      5.24e-06    1.2e-06
1172600      6.93e-05      5.00e-06    1.2e-06
1172700      5.40e-05      3.90e-06    1.2e-06
1172800      8.37e-05      6.04e-06    1.2e-06
1172900      1.50e-04      1.08e-05    1.2e-06
1173000      9.97e-05      7.20e-06    1.2e-06
1173100      1.30e-04      9.37e-06    1.2e-06
1173200      7.85e-05      5.67e-06    1.2e-06
1173300      1.31e-04      9.45e-06    1.2e-06
1173400      1.15e-04      8.30e-06    1.2e-06
1173500      6.99e-05      5.04e-06    1.2e-06
1173600      7.65e-05      5.52e-06    1.2e-06
1173700      3.90e-05      2.82e-06    1.2e-06
1173800      8.68e-05      6.26e-06    1.2e-06
1173900      1.19e-04      8.58e-06    1.2e-06
1174000      5.56e-05      4.01e-06    1.2e-06
1174100      6.77e-05      4.88e-06    1.2e-06
1174200      6.41e-05      4.63e-06    1.2e-06
1174300      6.11e-05      4.41e-06    1.2e-06
1174400      3.26e-05      2.35e-06    1.2e-06
1174500      5.13e-05      3.70e-06    1.2e-06
1174600      5.99e-05      4.32e-06    1.2e-06
1174700      5.98e-05      4.31e-06    1.2e-06
1174800      4.11e-05      2.96e-06    1.2e-06
1174900      3.39e-05      2.44e-06    1.2e-06
1175000      8.78e-05      6.34e-06    1.2e-06
1175100      2.93e-05      2.12e-06    1.2e-06
1175200      7.14e-05      5.16e-06    1.2e-06
1175300      7.69e-05      5.55e-06    1.2e-06
1175400      1.62e-04      1.17e-05    1.2e-06
1175500      7.11e-05      5.13e-06    1.2e-06
1175600      1.01e-04      7.26e-06    1.2e-06
1175700      6.54e-05      4.72e-06    1.2e-06
1175800      1.52e-04      1.10e-05    1.2e-06
1175900      8.76e-05      6.32e-06    1.2e-06
1176000      1.42e-04      1.03e-05    1.2e-06
1176100      7.69e-05      5.55e-06    1.2e-06
1176200      6.86e-05      4.95e-06    1.2e-06
1176300      4.97e-05      3.59e-06    1.2e-06
1176400      9.27e-05      6.69e-06    1.2e-06
1176500      7.61e-05      5.49e-06    1.2e-06
1176600      6.23e-05      4.49e-06    1.2e-06
1176700      7.36e-05      5.31e-06    1.2e-06
1176800      7.64e-05      5.52e-06    1.2e-06
1176900      6.42e-05      4.64e-06    1.2e-06
1177000      1.17e-04      8.45e-06    1.2e-06
1177100      4.72e-05      3.41e-06    1.2e-06
1177200      9.45e-05      6.82e-06    1.2e-06
1177300      1.11e-04      8.01e-06    1.2e-06
1177400      8.40e-05      6.06e-06    1.2e-06
1177500      1.41e-04      1.02e-05    1.2e-06
1177600      5.45e-05      3.93e-06    1.2e-06
1177700      7.35e-05      5.31e-06    1.2e-06
1177800      6.28e-05      4.53e-06    1.2e-06
1177900      4.67e-05      3.37e-06    1.2e-06
1178000      6.90e-05      4.98e-06    1.2e-06
1178100      1.07e-04      7.70e-06    1.2e-06
1178200      8.08e-05      5.83e-06    1.2e-06
1178300      7.71e-05      5.57e-06    1.2e-06
1178400      4.99e-05      3.60e-06    1.2e-06
1178500      6.40e-05      4.62e-06    1.2e-06
1178600      1.54e-04      1.11e-05    1.2e-06
1178700      1.02e-04      7.35e-06    1.2e-06
1178800      4.71e-05      3.40e-06    1.2e-06
1178900      6.55e-05      4.73e-06    1.2e-06
1179000      4.19e-05      3.02e-06    1.2e-06
1179100      6.83e-05      4.93e-06    1.2e-06
1179200      1.06e-04      7.67e-06    1.2e-06
1179300      3.40e-05      2.45e-06    1.2e-06
1179400      6.48e-05      4.67e-06    1.2e-06
1179500      6.85e-05      4.94e-06    1.2e-06
1179600      9.46e-05      6.83e-06    1.2e-06
1179700      6.14e-05      4.43e-06    1.2e-06
1179800      7.40e-05      5.34e-06    1.2e-06
1179900      1.42e-04      1.02e-05    1.2e-06
1180000      1.16e-04      8.34e-06    1.1e-06
1180100      8.43e-05      6.08e-06    1.1e-06
1180200      4.83e-05      3.49e-06    1.1e-06
1180300      1.17e-04      8.47e-06    1.1e-06
1180400      7.79e-05      5.62e-06    1.1e-06
1180500      8.50e-05      6.13e-06    1.1e-06
1180600      7.42e-05      5.35e-06    1.1e-06
1180700      5.74e-05      4.14e-06    1.1e-06
1180800      7.01e-05      5.06e-06    1.1e-06
1180900      7.46e-05      5.39e-06    1.1e-06
1181000      8.27e-05      5.97e-06    1.1e-06
1181100      4.46e-05      3.22e-06    1.1e-06
1181200      9.72e-05      7.01e-06    1.1e-06
1181300      1.06e-04      7.61e-06    1.1e-06
1181400      6.33e-05      4.57e-06    1.1e-06
1181500      1.33e-04      9.60e-06    1.1e-06
1181600      6.54e-05      4.72e-06    1.1e-06
1181700      7.97e-05      5.75e-06    1.1e-06
1181800      5.70e-05      4.11e-06    1.1e-06
1181900      9.46e-05      6.83e-06    1.1e-06
1182000      5.34e-05      3.85e-06    1.1e-06
1182100      7.10e-05      5.13e-06    1.1e-06
1182200      4.36e-05      3.15e-06    1.1e-06
1182300      6.89e-05      4.97e-06    1.1e-06
1182400      4.80e-05      3.46e-06    1.1e-06
1182500      9.70e-05      7.00e-06    1.1e-06
1182600      7.65e-05      5.52e-06    1.1e-06
1182700      4.87e-05      3.51e-06    1.1e-06
1182800      5.41e-05      3.90e-06    1.1e-06
1182900      4.16e-05      3.00e-06    1.1e-06
1183000      3.67e-05      2.65e-06    1.1e-06
1183100      9.56e-05      6.90e-06    1.1e-06
1183200      5.91e-05      4.27e-06    1.1e-06
1183300      7.52e-05      5.43e-06    1.1e-06
1183400      6.46e-05      4.66e-06    1.1e-06
1183500      6.84e-05      4.94e-06    1.1e-06
1183600      8.32e-05      6.00e-06    1.1e-06
1183700      9.28e-05      6.70e-06    1.1e-06
1183800      4.16e-05      3.00e-06    1.1e-06
1183900      4.58e-05      3.31e-06    1.1e-06
1184000      9.50e-05      6.85e-06    1.1e-06
1184100      1.10e-04      7.96e-06    1.1e-06
1184200      6.33e-05      4.57e-06    1.1e-06
1184300      7.83e-05      5.65e-06    1.1e-06
1184400      6.09e-05      4.40e-06    1.1e-06
1184500      5.55e-05      4.01e-06    1.1e-06
1184600      4.91e-05      3.54e-06    1.1e-06
1184700      1.02e-04      7.37e-06    1.1e-06
1184800      4.23e-05      3.05e-06    1.1e-06
1184900      7.60e-05      5.49e-06    1.1e-06
1185000      3.81e-05      2.75e-06    1.1e-06
1185100      7.09e-05      5.11e-06    1.1e-06
1185200      4.09e-05      2.95e-06    1.1e-06
1185300      8.82e-05      6.36e-06    1.1e-06
1185400      1.22e-04      8.77e-06    1.1e-06
1185500      1.51e-04      1.09e-05    1.1e-06
1185600      9.33e-05      6.73e-06    1.1e-06
1185700      7.84e-05      5.66e-06    1.1e-06
1185800      6.32e-05      4.56e-06    1.1e-06
1185900      6.20e-05      4.48e-06    1.1e-06
1186000      4.66e-05      3.37e-06    1.1e-06
1186100      3.51e-05      2.54e-06    1.1e-06
1186200      9.63e-05      6.95e-06    1.1e-06
1186300      6.34e-05      4.58e-06    1.1e-06
1186400      6.35e-05      4.58e-06    1.1e-06
1186500      6.54e-05      4.72e-06    1.1e-06
1186600      7.14e-05      5.15e-06    1.1e-06
1186700      6.84e-05      4.94e-06    1.1e-06
1186800      6.88e-05      4.97e-06    1.1e-06
1186900      5.86e-05      4.23e-06    1.1e-06
1187000      1.00e-04      7.22e-06    1.1e-06
1187100      6.38e-05      4.60e-06    1.1e-06
1187200      7.18e-05      5.18e-06    1.1e-06
1187300      5.06e-05      3.65e-06    1.1e-06
1187400      8.10e-05      5.84e-06    1.1e-06
1187500      1.38e-04      9.95e-06    1.1e-06
1187600      5.26e-05      3.80e-06    1.1e-06
1187700      1.71e-04      1.23e-05    1.1e-06
1187800      5.36e-05      3.87e-06    1.1e-06
1187900      4.30e-05      3.10e-06    1.1e-06
1188000      6.57e-05      4.74e-06    1.1e-06
1188100      3.95e-05      2.85e-06    1.1e-06
1188200      8.76e-05      6.33e-06    1.1e-06
1188300      7.94e-05      5.73e-06    1.1e-06
1188400      4.03e-05      2.91e-06    1.1e-06
1188500      1.18e-04      8.52e-06    1.1e-06
1188600      6.85e-05      4.95e-06    1.1e-06
1188700      6.55e-05      4.72e-06    1.1e-06
1188800      7.10e-05      5.12e-06    1.1e-06
1188900      8.58e-05      6.19e-06    1.1e-06
1189000      1.26e-04      9.08e-06    1.1e-06
1189100      1.16e-04      8.34e-06    1.1e-06
1189200      4.68e-05      3.38e-06    1.1e-06
1189300      1.10e-04      7.91e-06    1.1e-06
1189400      7.84e-05      5.66e-06    1.1e-06
1189500      1.28e-04      9.24e-06    1.1e-06
1189600      9.36e-05      6.75e-06    1.1e-06
1189700      7.59e-05      5.48e-06    1.1e-06
1189800      5.22e-05      3.77e-06    1.1e-06
1189900      6.08e-05      4.39e-06    1.1e-06
1190000      4.96e-05      3.58e-06    1.1e-06
1190100      8.97e-05      6.47e-06    1.1e-06
1190200      3.81e-05      2.75e-06    1.1e-06
1190300      1.82e-04      1.31e-05    1.1e-06
1190400      1.13e-04      8.18e-06    1.1e-06
1190500      4.38e-05      3.16e-06    1.1e-06
1190600      8.78e-05      6.34e-06    1.1e-06
1190700      5.40e-05      3.90e-06    1.1e-06
1190800      3.04e-05      2.19e-06    1.1e-06
1190900      9.01e-05      6.50e-06    1.1e-06
1191000      6.25e-05      4.51e-06    1.1e-06
1191100      4.31e-05      3.11e-06    1.1e-06
1191200      7.51e-05      5.42e-06    1.1e-06
1191300      9.76e-05      7.05e-06    1.1e-06
1191400      6.72e-05      4.85e-06    1.1e-06
1191500      8.62e-05      6.22e-06    1.1e-06
1191600      5.17e-05      3.73e-06    1.1e-06
1191700      4.15e-05      2.99e-06    1.1e-06
1191800      5.80e-05      4.18e-06    1.1e-06
1191900      6.25e-05      4.51e-06    1.1e-06
1192000      5.85e-05      4.22e-06    1.1e-06
1192100      7.14e-05      5.15e-06    1.1e-06
1192200      6.77e-05      4.89e-06    1.1e-06
1192300      1.66e-04      1.20e-05    1.1e-06
1192400      4.12e-05      2.97e-06    1.1e-06
1192500      4.15e-05      3.00e-06    1.1e-06
1192600      3.17e-05      2.29e-06    1.1e-06
1192700      4.40e-05      3.18e-06    1.1e-06
1192800      4.27e-05      3.08e-06    1.1e-06
1192900      4.41e-05      3.18e-06    1.1e-06
1193000      3.95e-05      2.85e-06    1.1e-06
1193100      8.59e-05      6.20e-06    1.1e-06
1193200      4.00e-05      2.89e-06    1.1e-06
1193300      5.24e-05      3.78e-06    1.1e-06
1193400      1.04e-04      7.51e-06    1.1e-06
1193500      6.92e-05      5.00e-06    1.1e-06
1193600      2.90e-04      2.09e-05    1.1e-06
1193700      8.74e-05      6.31e-06    1.1e-06
1193800      1.02e-04      7.39e-06    1.1e-06
1193900      5.20e-05      3.75e-06    1.1e-06
1194000      5.45e-05      3.93e-06    1.1e-06
1194100      5.77e-05      4.16e-06    1.1e-06
1194200      7.30e-05      5.27e-06    1.1e-06
1194300      5.97e-05      4.31e-06    1.1e-06
1194400      5.08e-05      3.66e-06    1.1e-06
1194500      3.97e-05      2.87e-06    1.1e-06
1194600      7.35e-05      5.30e-06    1.1e-06
1194700      5.79e-05      4.18e-06    1.1e-06
1194800      6.88e-05      4.97e-06    1.1e-06
1194900      7.58e-05      5.47e-06    1.1e-06
1195000      5.86e-05      4.23e-06    1.0e-06
1195100      4.44e-05      3.21e-06    1.0e-06
1195200      5.53e-05      3.99e-06    1.0e-06
1195300      2.98e-05      2.15e-06    1.0e-06
1195400      4.79e-05      3.46e-06    1.0e-06
1195500      5.87e-05      4.24e-06    1.0e-06
1195600      9.40e-05      6.78e-06    1.0e-06
1195700      3.87e-05      2.79e-06    1.0e-06
1195800      3.05e-05      2.20e-06    1.0e-06
1195900      4.96e-05      3.58e-06    1.0e-06
1196000      7.22e-05      5.21e-06    1.0e-06
1196100      8.65e-05      6.24e-06    1.0e-06
1196200      7.12e-05      5.14e-06    1.0e-06
1196300      6.28e-05      4.53e-06    1.0e-06
1196400      6.35e-05      4.58e-06    1.0e-06
1196500      4.80e-05      3.46e-06    1.0e-06
1196600      8.47e-05      6.11e-06    1.0e-06
1196700      5.66e-05      4.08e-06    1.0e-06
1196800      1.98e-04      1.43e-05    1.0e-06
1196900      5.25e-05      3.79e-06    1.0e-06
1197000      4.42e-05      3.19e-06    1.0e-06
1197100      4.53e-05      3.27e-06    1.0e-06
1197200      6.25e-05      4.51e-06    1.0e-06
1197300      6.10e-05      4.40e-06    1.0e-06
1197400      8.53e-05      6.15e-06    1.0e-06
1197500      7.43e-05      5.36e-06    1.0e-06
1197600      3.75e-05      2.70e-06    1.0e-06
1197700      2.74e-05      1.98e-06    1.0e-06
1197800      5.06e-05      3.65e-06    1.0e-06
1197900      6.11e-05      4.41e-06    1.0e-06
1198000      2.63e-05      1.90e-06    1.0e-06
1198100      5.41e-05      3.91e-06    1.0e-06
1198200      4.13e-05      2.98e-06    1.0e-06
1198300      6.00e-05      4.33e-06    1.0e-06
1198400      7.28e-05      5.25e-06    1.0e-06
1198500      6.49e-05      4.69e-06    1.0e-06
1198600      7.23e-05      5.22e-06    1.0e-06
1198700      1.02e-04      7.37e-06    1.0e-06
1198800      4.13e-05      2.98e-06    1.0e-06
1198900      4.72e-05      3.41e-06    1.0e-06
1199000      1.30e-04      9.40e-06    1.0e-06
1199100      3.44e-05      2.48e-06    1.0e-06
1199200      6.40e-05      4.62e-06    1.0e-06
1199300      9.03e-05      6.52e-06    1.0e-06
1199400      6.38e-05      4.60e-06    1.0e-06
1199500      7.91e-05      5.71e-06    1.0e-06
1199600      9.87e-05      7.13e-06    1.0e-06
1199700      5.69e-05      4.11e-06    1.0e-06
1199800      9.22e-05      6.65e-06    1.0e-06
1199900      7.36e-05      5.31e-06    1.0e-06
1200000      8.34e-05      6.02e-06    1.0e-06
1200100      6.42e-05      4.63e-06    1.0e-06
1200200      1.44e-04      1.04e-05    1.0e-06
1200300      5.60e-05      4.04e-06    1.0e-06
1200400      5.33e-05      3.84e-06    1.0e-06
1200500      5.11e-05      3.69e-06    1.0e-06
1200600      7.15e-05      5.16e-06    1.0e-06
1200700      5.86e-05      4.23e-06    1.0e-06
1200800      7.76e-05      5.60e-06    1.0e-06
1200900      5.36e-05      3.87e-06    1.0e-06
1201000      5.35e-05      3.86e-06    1.0e-06
1201100      5.39e-05      3.89e-06    1.0e-06
1201200      8.21e-05      5.92e-06    1.0e-06
1201300      1.60e-04      1.15e-05    1.0e-06
1201400      4.64e-05      3.35e-06    1.0e-06
1201500      4.29e-05      3.10e-06    1.0e-06
1201600      5.04e-05      3.64e-06    1.0e-06
1201700      1.60e-04      1.16e-05    1.0e-06
1201800      1.19e-04      8.58e-06    1.0e-06
1201900      5.96e-05      4.30e-06    1.0e-06
1202000      4.91e-05      3.54e-06    1.0e-06
1202100      4.84e-05      3.49e-06    1.0e-06
1202200      3.49e-05      2.52e-06    1.0e-06
1202300      5.69e-05      4.10e-06    1.0e-06
1202400      5.35e-05      3.86e-06    1.0e-06
1202500      6.19e-05      4.46e-06    1.0e-06
1202600      6.42e-05      4.63e-06    1.0e-06
1202700      1.00e-04      7.23e-06    1.0e-06
1202800      3.87e-05      2.79e-06    1.0e-06
1202900      4.11e-05      2.97e-06    1.0e-06
1203000      7.94e-05      5.73e-06    1.0e-06
1203100      7.07e-05      5.10e-06    1.0e-06
1203200      3.24e-05      2.34e-06    1.0e-06
1203300      4.62e-05      3.34e-06    1.0e-06
1203400      4.35e-05      3.14e-06    1.0e-06
1203500      6.97e-05      5.03e-06    1.0e-06
1203600      4.62e-05      3.33e-06    1.0e-06
1203700      4.76e-05      3.44e-06    1.0e-06
1203800      1.41e-04      1.02e-05    1.0e-06
1203900      9.73e-05      7.02e-06    1.0e-06
1204000      3.77e-05      2.72e-06    1.0e-06
1204100      4.04e-05      2.91e-06    1.0e-06
1204200      3.38e-05      2.44e-06    1.0e-06
1204300      4.51e-05      3.25e-06    1.0e-06
1204400      5.76e-05      4.16e-06    1.0e-06
1204500      1.22e-04      8.84e-06    1.0e-06
1204600      4.08e-05      2.94e-06    1.0e-06
1204700      9.10e-05      6.57e-06    1.0e-06
1204800      1.03e-04      7.43e-06    1.0e-06
1204900      8.76e-05      6.32e-06    1.0e-06
1205000      2.20e-04      1.59e-05    9.7e-07
1205100      6.27e-05      4.53e-06    9.7e-07
1205200      7.67e-05      5.54e-06    9.7e-07
1205300      6.32e-05      4.56e-06    9.7e-07
1205400      1.32e-04      9.54e-06    9.7e-07
1205500      4.38e-05      3.16e-06    9.7e-07
1205600      6.43e-05      4.64e-06    9.7e-07
1205700      4.60e-05      3.32e-06    9.7e-07
1205800      3.01e-05      2.18e-06    9.7e-07
1205900      6.38e-05      4.60e-06    9.7e-07
1206000      8.17e-05      5.90e-06    9.7e-07
1206100      4.56e-05      3.29e-06    9.7e-07
1206200      4.78e-05      3.45e-06    9.7e-07
1206300      8.38e-05      6.05e-06    9.7e-07
1206400      5.88e-05      4.24e-06    9.7e-07
1206500      7.28e-05      5.25e-06    9.7e-07
1206600      2.57e-04      1.86e-05    9.7e-07
1206700      1.33e-04      9.59e-06    9.7e-07
1206800      1.18e-04      8.55e-06    9.7e-07
1206900      6.10e-05      4.41e-06    9.7e-07
1207000      5.17e-05      3.73e-06    9.7e-07
1207100      7.85e-05      5.66e-06    9.7e-07
1207200      4.05e-05      2.92e-06    9.7e-07
1207300      9.07e-05      6.55e-06    9.7e-07
1207400      4.93e-05      3.56e-06    9.7e-07
1207500      6.41e-05      4.63e-06    9.7e-07
1207600      5.57e-05      4.02e-06    9.7e-07
1207700      5.18e-05      3.74e-06    9.7e-07
1207800      8.56e-05      6.18e-06    9.7e-07
1207900      4.14e-05      2.98e-06    9.7e-07
1208000      1.03e-04      7.46e-06    9.7e-07
1208100      4.16e-05      3.00e-06    9.7e-07
1208200      8.59e-05      6.20e-06    9.7e-07
1208300      5.71e-05      4.12e-06    9.7e-07
1208400      9.59e-05      6.92e-06    9.7e-07
1208500      9.14e-05      6.59e-06    9.7e-07
1208600      2.89e-04      2.09e-05    9.7e-07
1208700      5.52e-05      3.98e-06    9.7e-07
1208800      5.88e-05      4.25e-06    9.7e-07
1208900      1.10e-04      7.97e-06    9.7e-07
1209000      8.29e-05      5.98e-06    9.7e-07
1209100      4.95e-05      3.57e-06    9.7e-07
1209200      8.95e-05      6.46e-06    9.7e-07
1209300      7.35e-05      5.30e-06    9.7e-07
1209400      9.07e-05      6.55e-06    9.7e-07
1209500      4.70e-05      3.39e-06    9.7e-07
1209600      4.31e-05      3.11e-06    9.7e-07
1209700      2.95e-05      2.13e-06    9.7e-07
1209800      7.39e-05      5.33e-06    9.7e-07
1209900      5.59e-05      4.03e-06    9.7e-07
1210000      4.39e-05      3.17e-06    9.4e-07
1210100      6.23e-05      4.49e-06    9.4e-07
1210200      3.84e-05      2.77e-06    9.4e-07
1210300      8.03e-05      5.80e-06    9.4e-07
1210400      9.27e-05      6.69e-06    9.4e-07
1210500      4.39e-05      3.17e-06    9.4e-07
1210600      1.02e-04      7.37e-06    9.4e-07
1210700      3.84e-05      2.77e-06    9.4e-07
1210800      7.24e-05      5.23e-06    9.4e-07
1210900      6.03e-05      4.35e-06    9.4e-07
1211000      5.67e-05      4.09e-06    9.4e-07
1211100      1.03e-04      7.41e-06    9.4e-07
1211200      4.98e-05      3.59e-06    9.4e-07
1211300      1.43e-04      1.03e-05    9.4e-07
1211400      6.72e-05      4.85e-06    9.4e-07
1211500      4.50e-05      3.25e-06    9.4e-07
1211600      7.10e-05      5.13e-06    9.4e-07
1211700      6.06e-05      4.38e-06    9.4e-07
1211800      8.69e-05      6.27e-06    9.4e-07
1211900      6.58e-05      4.75e-06    9.4e-07
1212000      6.55e-05      4.73e-06    9.4e-07
1212100      5.78e-05      4.17e-06    9.4e-07
1212200      5.83e-05      4.21e-06    9.4e-07
1212300      8.37e-05      6.04e-06    9.4e-07
1212400      2.86e-05      2.07e-06    9.4e-07
1212500      7.38e-05      5.32e-06    9.4e-07
1212600      5.34e-05      3.86e-06    9.4e-07
1212700      6.11e-05      4.41e-06    9.4e-07
1212800      9.37e-05      6.76e-06    9.4e-07
1212900      5.39e-05      3.89e-06    9.4e-07
1213000      5.65e-05      4.07e-06    9.4e-07
1213100      5.21e-05      3.76e-06    9.4e-07
1213200      5.74e-05      4.14e-06    9.4e-07
1213300      3.64e-05      2.63e-06    9.4e-07
1213400      3.99e-05      2.88e-06    9.4e-07
1213500      7.49e-05      5.41e-06    9.4e-07
1213600      4.85e-05      3.50e-06    9.4e-07
1213700      5.03e-05      3.63e-06    9.4e-07
1213800      9.09e-05      6.56e-06    9.4e-07
1213900      3.42e-05      2.47e-06    9.4e-07
1214000      7.79e-05      5.62e-06    9.4e-07
1214100      8.09e-05      5.84e-06    9.4e-07
1214200      5.02e-05      3.62e-06    9.4e-07
1214300      4.94e-05      3.56e-06    9.4e-07
1214400      5.60e-05      4.04e-06    9.4e-07
1214500      6.01e-05      4.34e-06    9.4e-07
1214600      6.79e-05      4.90e-06    9.4e-07
1214700      9.16e-05      6.61e-06    9.4e-07
1214800      5.14e-05      3.71e-06    9.4e-07
1214900      6.18e-05      4.46e-06    9.4e-07
1215000      1.07e-04      7.70e-06    9.2e-07
1215100      7.58e-05      5.47e-06    9.2e-07
1215200      8.17e-05      5.90e-06    9.2e-07
1215300      7.75e-05      5.59e-06    9.2e-07
1215400      8.40e-05      6.06e-06    9.2e-07
1215500      6.43e-05      4.64e-06    9.2e-07
1215600      6.57e-05      4.74e-06    9.2e-07
1215700      6.15e-05      4.44e-06    9.2e-07
1215800      4.65e-05      3.35e-06    9.2e-07
1215900      2.56e-04      1.85e-05    9.2e-07
1216000      5.67e-05      4.09e-06    9.2e-07
1216100      5.41e-05      3.90e-06    9.2e-07
1216200      3.64e-05      2.63e-06    9.2e-07
1216300      7.40e-05      5.34e-06    9.2e-07
1216400      7.88e-05      5.69e-06    9.2e-07
1216500      7.18e-05      5.18e-06    9.2e-07
1216600      6.42e-05      4.64e-06    9.2e-07
1216700      4.47e-05      3.23e-06    9.2e-07
1216800      6.15e-05      4.44e-06    9.2e-07
1216900      2.36e-04      1.71e-05    9.2e-07
1217000      5.32e-05      3.84e-06    9.2e-07
1217100      3.65e-05      2.64e-06    9.2e-07
1217200      7.28e-05      5.26e-06    9.2e-07
1217300      5.24e-05      3.78e-06    9.2e-07
1217400      2.31e-05      1.66e-06    9.2e-07
1217500      6.03e-05      4.35e-06    9.2e-07
1217600      8.08e-05      5.83e-06    9.2e-07
1217700      1.10e-04      7.91e-06    9.2e-07
1217800      5.20e-05      3.76e-06    9.2e-07
1217900      7.26e-05      5.24e-06    9.2e-07
1218000      1.48e-04      1.07e-05    9.2e-07
1218100      6.35e-05      4.58e-06    9.2e-07
1218200      7.58e-05      5.47e-06    9.2e-07
1218300      1.30e-04      9.36e-06    9.2e-07
1218400      7.87e-05      5.68e-06    9.2e-07
1218500      4.55e-05      3.28e-06    9.2e-07
1218600      3.58e-05      2.59e-06    9.2e-07
1218700      4.63e-05      3.34e-06    9.2e-07
1218800      6.21e-05      4.48e-06    9.2e-07
1218900      3.83e-05      2.76e-06    9.2e-07
1219000      3.59e-05      2.59e-06    9.2e-07
1219100      7.11e-05      5.13e-06    9.2e-07
1219200      7.26e-05      5.24e-06    9.2e-07
1219300      3.76e-05      2.71e-06    9.2e-07
1219400      4.06e-05      2.93e-06    9.2e-07
1219500      5.29e-05      3.82e-06    9.2e-07
1219600      3.75e-05      2.70e-06    9.2e-07
1219700      1.62e-04      1.17e-05    9.2e-07
1219800      6.41e-05      4.63e-06    9.2e-07
1219900      4.07e-05      2.94e-06    9.2e-07
1220000      6.46e-05      4.66e-06    8.9e-07
1220100      5.17e-05      3.73e-06    8.9e-07
1220200      7.01e-05      5.06e-06    8.9e-07
1220300      6.33e-05      4.57e-06    8.9e-07
1220400      3.50e-05      2.52e-06    8.9e-07
1220500      8.52e-05      6.15e-06    8.9e-07
1220600      6.48e-05      4.68e-06    8.9e-07
1220700      1.02e-04      7.37e-06    8.9e-07
1220800      9.12e-05      6.58e-06    8.9e-07
1220900      5.12e-05      3.69e-06    8.9e-07
1221000      5.76e-05      4.15e-06    8.9e-07
1221100      4.51e-05      3.26e-06    8.9e-07
1221200      3.50e-05      2.52e-06    8.9e-07
1221300      1.07e-04      7.75e-06    8.9e-07
1221400      2.97e-05      2.14e-06    8.9e-07
1221500      5.15e-05      3.72e-06    8.9e-07
1221600      8.72e-05      6.29e-06    8.9e-07
1221700      7.42e-05      5.36e-06    8.9e-07
1221800      5.22e-05      3.76e-06    8.9e-07
1221900      4.14e-05      2.98e-06    8.9e-07
1222000      7.60e-05      5.48e-06    8.9e-07
1222100      5.51e-05      3.98e-06    8.9e-07
1222200      7.01e-05      5.06e-06    8.9e-07
1222300      6.50e-05      4.69e-06    8.9e-07
1222400      4.32e-05      3.12e-06    8.9e-07
1222500      4.86e-05      3.51e-06    8.9e-07
1222600      1.44e-04      1.04e-05    8.9e-07
1222700      8.20e-05      5.92e-06    8.9e-07
1222800      1.85e-04      1.34e-05    8.9e-07
1222900      1.04e-04      7.50e-06    8.9e-07
1223000      7.61e-05      5.49e-06    8.9e-07
1223100      2.95e-05      2.13e-06    8.9e-07
1223200      3.61e-05      2.61e-06    8.9e-07
1223300      6.24e-05      4.50e-06    8.9e-07
1223400      1.32e-04      9.50e-06    8.9e-07
1223500      2.44e-05      1.76e-06    8.9e-07
1223600      6.85e-05      4.94e-06    8.9e-07
1223700      5.47e-05      3.95e-06    8.9e-07
1223800      5.79e-05      4.18e-06    8.9e-07
1223900      5.06e-05      3.65e-06    8.9e-07
1224000      6.22e-05      4.49e-06    8.9e-07
1224100      7.38e-05      5.32e-06    8.9e-07
1224200      1.10e-04      7.93e-06    8.9e-07
1224300      5.75e-05      4.15e-06    8.9e-07
1224400      3.76e-05      2.71e-06    8.9e-07
1224500      7.12e-05      5.14e-06    8.9e-07
1224600      4.83e-05      3.49e-06    8.9e-07
1224700      4.08e-05      2.95e-06    8.9e-07
1224800      7.68e-05      5.54e-06    8.9e-07
1224900      8.24e-05      5.95e-06    8.9e-07
1225000      7.31e-05      5.28e-06    8.7e-07
1225100      7.09e-05      5.12e-06    8.7e-07
1225200      6.39e-05      4.61e-06    8.7e-07
1225300      5.68e-05      4.10e-06    8.7e-07
1225400      5.02e-05      3.63e-06    8.7e-07
1225500      1.58e-04      1.14e-05    8.7e-07
1225600      2.02e-04      1.46e-05    8.7e-07
1225700      6.26e-05      4.52e-06    8.7e-07
1225800      6.99e-05      5.05e-06    8.7e-07
1225900      2.93e-05      2.11e-06    8.7e-07
1226000      8.70e-05      6.28e-06    8.7e-07
1226100      7.92e-05      5.72e-06    8.7e-07
1226200      6.37e-05      4.60e-06    8.7e-07
1226300      5.25e-05      3.79e-06    8.7e-07
1226400      6.41e-05      4.63e-06    8.7e-07
1226500      4.14e-05      2.98e-06    8.7e-07
1226600      6.30e-05      4.54e-06    8.7e-07
1226700      5.11e-05      3.69e-06    8.7e-07
1226800      3.50e-05      2.52e-06    8.7e-07
1226900      3.22e-05      2.32e-06    8.7e-07
1227000      2.72e-05      1.96e-06    8.7e-07
1227100      1.28e-04      9.22e-06    8.7e-07
1227200      5.68e-05      4.10e-06    8.7e-07
1227300      4.71e-05      3.40e-06    8.7e-07
1227400      2.75e-05      1.98e-06    8.7e-07
1227500      8.32e-05      6.00e-06    8.7e-07
1227600      5.11e-05      3.69e-06    8.7e-07
1227700      5.75e-05      4.15e-06    8.7e-07
1227800      5.08e-05      3.66e-06    8.7e-07
1227900      3.32e-05      2.40e-06    8.7e-07
1228000      4.96e-05      3.58e-06    8.7e-07
1228100      9.20e-05      6.64e-06    8.7e-07
1228200      8.14e-05      5.88e-06    8.7e-07
1228300      4.44e-05      3.21e-06    8.7e-07
1228400      4.97e-05      3.58e-06    8.7e-07
1228500      3.36e-05      2.43e-06    8.7e-07
1228600      7.13e-05      5.15e-06    8.7e-07
1228700      4.12e-05      2.98e-06    8.7e-07
1228800      2.17e-05      1.57e-06    8.7e-07
1228900      4.98e-05      3.59e-06    8.7e-07
1229000      7.63e-05      5.51e-06    8.7e-07
1229100      3.89e-05      2.81e-06    8.7e-07
1229200      4.03e-05      2.91e-06    8.7e-07
1229300      8.60e-05      6.20e-06    8.7e-07
1229400      5.58e-05      4.03e-06    8.7e-07
1229500      5.73e-05      4.13e-06    8.7e-07
1229600      3.98e-05      2.87e-06    8.7e-07
1229700      8.05e-05      5.81e-06    8.7e-07
1229800      3.65e-05      2.63e-06    8.7e-07
1229900      2.87e-05      2.07e-06    8.7e-07
1230000      4.94e-05      3.56e-06    8.4e-07
1230100      6.43e-05      4.64e-06    8.4e-07
1230200      4.44e-05      3.20e-06    8.4e-07
1230300      6.18e-05      4.46e-06    8.4e-07
1230400      3.13e-05      2.26e-06    8.4e-07
1230500      4.82e-05      3.48e-06    8.4e-07
1230600      3.64e-05      2.63e-06    8.4e-07
1230700      2.93e-05      2.11e-06    8.4e-07
1230800      9.95e-05      7.18e-06    8.4e-07
1230900      4.32e-05      3.12e-06    8.4e-07
1231000      2.91e-05      2.10e-06    8.4e-07
1231100      7.00e-05      5.05e-06    8.4e-07
1231200      1.80e-04      1.30e-05    8.4e-07
1231300      4.37e-05      3.15e-06    8.4e-07
1231400      5.74e-05      4.14e-06    8.4e-07
1231500      2.80e-05      2.02e-06    8.4e-07
1231600      3.90e-05      2.81e-06    8.4e-07
1231700      5.08e-05      3.67e-06    8.4e-07
1231800      6.29e-05      4.54e-06    8.4e-07
1231900      5.39e-05      3.89e-06    8.4e-07
1232000      3.38e-05      2.44e-06    8.4e-07
1232100      3.85e-05      2.78e-06    8.4e-07
1232200      2.59e-05      1.87e-06    8.4e-07
1232300      4.70e-05      3.39e-06    8.4e-07
1232400      4.64e-05      3.35e-06    8.4e-07
1232500      7.47e-05      5.39e-06    8.4e-07
1232600      2.56e-05      1.85e-06    8.4e-07
1232700      6.30e-05      4.55e-06    8.4e-07
1232800      2.14e-04      1.55e-05    8.4e-07
1232900      9.18e-05      6.63e-06    8.4e-07
1233000      5.20e-05      3.75e-06    8.4e-07
1233100      7.11e-05      5.13e-06    8.4e-07
1233200      3.71e-05      2.68e-06    8.4e-07
1233300      7.00e-05      5.05e-06    8.4e-07
1233400      3.86e-05      2.79e-06    8.4e-07
1233500      4.50e-05      3.25e-06    8.4e-07
1233600      1.52e-04      1.10e-05    8.4e-07
1233700      5.83e-05      4.21e-06    8.4e-07
1233800      4.92e-05      3.55e-06    8.4e-07
1233900      4.38e-05      3.16e-06    8.4e-07
1234000      3.78e-05      2.73e-06    8.4e-07
1234100      6.01e-05      4.34e-06    8.4e-07
1234200      4.17e-05      3.01e-06    8.4e-07
1234300      4.38e-05      3.16e-06    8.4e-07
1234400      1.07e-04      7.72e-06    8.4e-07
1234500      4.54e-05      3.28e-06    8.4e-07
1234600      3.70e-05      2.67e-06    8.4e-07
1234700      4.46e-05      3.22e-06    8.4e-07
1234800      6.51e-05      4.70e-06    8.4e-07
1234900      5.26e-05      3.80e-06    8.4e-07
1235000      5.42e-05      3.91e-06    8.2e-07
1235100      6.27e-05      4.52e-06    8.2e-07
1235200      5.39e-05      3.89e-06    8.2e-07
1235300      6.76e-05      4.88e-06    8.2e-07
1235400      5.86e-05      4.23e-06    8.2e-07
1235500      5.59e-05      4.03e-06    8.2e-07
1235600      7.66e-05      5.53e-06    8.2e-07
1235700      2.72e-05      1.96e-06    8.2e-07
1235800      4.47e-05      3.22e-06    8.2e-07
1235900      1.97e-04      1.42e-05    8.2e-07
1236000      1.37e-04      9.87e-06    8.2e-07
1236100      3.55e-05      2.56e-06    8.2e-07
1236200      3.37e-05      2.43e-06    8.2e-07
1236300      3.55e-05      2.56e-06    8.2e-07
1236400      5.20e-05      3.75e-06    8.2e-07
1236500      8.88e-05      6.41e-06    8.2e-07
1236600      6.15e-05      4.44e-06    8.2e-07
1236700      3.50e-05      2.53e-06    8.2e-07
1236800      4.00e-05      2.88e-06    8.2e-07
1236900      8.49e-05      6.13e-06    8.2e-07
1237000      7.01e-05      5.06e-06    8.2e-07
1237100      1.11e-04      7.98e-06    8.2e-07
1237200      3.43e-05      2.47e-06    8.2e-07
1237300      9.04e-05      6.53e-06    8.2e-07
1237400      7.01e-05      5.06e-06    8.2e-07
1237500      3.99e-05      2.88e-06    8.2e-07
1237600      4.85e-05      3.50e-06    8.2e-07
1237700      3.29e-05      2.37e-06    8.2e-07
1237800      3.02e-05      2.18e-06    8.2e-07
1237900      6.04e-05      4.36e-06    8.2e-07
1238000      4.78e-05      3.45e-06    8.2e-07
1238100      2.63e-05      1.89e-06    8.2e-07
1238200      3.60e-05      2.60e-06    8.2e-07
1238300      4.14e-05      2.99e-06    8.2e-07
1238400      3.51e-05      2.53e-06    8.2e-07
1238500      6.83e-05      4.93e-06    8.2e-07
1238600      6.67e-05      4.82e-06    8.2e-07
1238700      5.30e-05      3.83e-06    8.2e-07
1238800      5.35e-05      3.86e-06    8.2e-07
1238900      4.27e-05      3.08e-06    8.2e-07
1239000      4.90e-05      3.53e-06    8.2e-07
1239100      3.27e-05      2.36e-06    8.2e-07
1239200      5.04e-05      3.64e-06    8.2e-07
1239300      2.37e-05      1.71e-06    8.2e-07
1239400      4.02e-05      2.90e-06    8.2e-07
1239500      1.42e-04      1.03e-05    8.2e-07
1239600      5.19e-05      3.74e-06    8.2e-07
1239700      1.77e-04      1.27e-05    8.2e-07
1239800      4.43e-05      3.20e-06    8.2e-07
1239900      8.75e-05      6.31e-06    8.2e-07
1240000      4.66e-05      3.36e-06    7.9e-07
1240100      2.63e-05      1.90e-06    7.9e-07
1240200      6.46e-05      4.66e-06    7.9e-07
1240300      5.39e-05      3.89e-06    7.9e-07
1240400      4.61e-05      3.33e-06    7.9e-07
1240500      2.38e-05      1.72e-06    7.9e-07
1240600      7.33e-05      5.29e-06    7.9e-07
1240700      3.50e-05      2.52e-06    7.9e-07
1240800      4.91e-05      3.54e-06    7.9e-07
1240900      4.16e-05      3.01e-06    7.9e-07
1241000      2.93e-05      2.12e-06    7.9e-07
1241100      4.22e-05      3.05e-06    7.9e-07
1241200      1.03e-04      7.45e-06    7.9e-07
1241300      6.90e-05      4.98e-06    7.9e-07
1241400      4.93e-05      3.56e-06    7.9e-07
1241500      1.15e-04      8.29e-06    7.9e-07
1241600      2.76e-05      1.99e-06    7.9e-07
1241700      1.63e-04      1.18e-05    7.9e-07
1241800      6.47e-05      4.67e-06    7.9e-07
1241900      3.03e-05      2.18e-06    7.9e-07
1242000      5.48e-05      3.95e-06    7.9e-07
1242100      3.16e-05      2.28e-06    7.9e-07
1242200      3.12e-05      2.25e-06    7.9e-07
1242300      2.90e-05      2.09e-06    7.9e-07
1242400      7.70e-05      5.56e-06    7.9e-07
1242500      3.38e-05      2.44e-06    7.9e-07
1242600      4.52e-05      3.26e-06    7.9e-07
1242700      5.90e-05      4.26e-06    7.9e-07
1242800      4.06e-05      2.93e-06    7.9e-07
1242900      2.56e-05      1.85e-06    7.9e-07
1243000      5.35e-05      3.86e-06    7.9e-07
1243100      4.33e-05      3.13e-06    7.9e-07
1243200      5.83e-05      4.21e-06    7.9e-07
1243300      5.92e-05      4.27e-06    7.9e-07
1243400      5.65e-05      4.07e-06    7.9e-07
1243500      4.02e-05      2.90e-06    7.9e-07
1243600      3.34e-05      2.41e-06    7.9e-07
1243700      7.93e-05      5.73e-06    7.9e-07
1243800      3.45e-05      2.49e-06    7.9e-07
1243900      5.02e-05      3.63e-06    7.9e-07
1244000      9.35e-05      6.74e-06    7.9e-07
1244100      4.33e-05      3.12e-06    7.9e-07
1244200      6.49e-05      4.68e-06    7.9e-07
1244300      6.06e-05      4.37e-06    7.9e-07
1244400      3.72e-05      2.68e-06    7.9e-07
1244500      2.50e-05      1.81e-06    7.9e-07
1244600      1.30e-04      9.39e-06    7.9e-07
1244700      4.94e-05      3.56e-06    7.9e-07
1244800      3.20e-05      2.31e-06    7.9e-07
1244900      3.10e-05      2.24e-06    7.9e-07
1245000      2.53e-05      1.83e-06    7.7e-07
1245100      2.40e-05      1.73e-06    7.7e-07
1245200      3.19e-05      2.30e-06    7.7e-07
1245300      7.34e-05      5.29e-06    7.7e-07
1245400      9.11e-05      6.58e-06    7.7e-07
1245500      3.31e-05      2.39e-06    7.7e-07
1245600      7.05e-05      5.09e-06    7.7e-07
1245700      4.08e-05      2.95e-06    7.7e-07
1245800      4.32e-05      3.12e-06    7.7e-07
1245900      4.38e-05      3.16e-06    7.7e-07
1246000      4.96e-05      3.58e-06    7.7e-07
1246100      3.90e-05      2.81e-06    7.7e-07
1246200      4.11e-05      2.97e-06    7.7e-07
1246300      7.38e-05      5.32e-06    7.7e-07
1246400      4.27e-05      3.08e-06    7.7e-07
1246500      4.36e-05      3.15e-06    7.7e-07
1246600      1.81e-04      1.30e-05    7.7e-07
1246700      6.30e-05      4.54e-06    7.7e-07
1246800      3.82e-05      2.76e-06    7.7e-07
1246900      2.65e-05      1.91e-06    7.7e-07
1247000      4.03e-05      2.91e-06    7.7e-07
1247100      5.64e-05      4.07e-06    7.7e-07
1247200      5.11e-05      3.69e-06    7.7e-07
1247300      4.06e-05      2.93e-06    7.7e-07
1247400      2.68e-05      1.93e-06    7.7e-07
1247500      3.70e-05      2.67e-06    7.7e-07
1247600      2.06e-04      1.48e-05    7.7e-07
1247700      8.73e-05      6.30e-06    7.7e-07
1247800      3.33e-05      2.41e-06    7.7e-07
1247900      5.97e-05      4.31e-06    7.7e-07
1248000      4.07e-05      2.94e-06    7.7e-07
1248100      8.52e-05      6.15e-06    7.7e-07
1248200      8.36e-05      6.04e-06    7.7e-07
1248300      7.09e-05      5.12e-06    7.7e-07
1248400      2.42e-05      1.75e-06    7.7e-07
1248500      3.78e-05      2.73e-06    7.7e-07
1248600      8.60e-05      6.21e-06    7.7e-07
1248700      2.23e-04      1.61e-05    7.7e-07
1248800      3.34e-05      2.41e-06    7.7e-07
1248900      3.28e-05      2.37e-06    7.7e-07
1249000      3.65e-05      2.64e-06    7.7e-07
1249100      1.87e-05      1.35e-06    7.7e-07
1249200      4.39e-05      3.17e-06    7.7e-07
1249300      3.71e-05      2.68e-06    7.7e-07
1249400      4.77e-05      3.44e-06    7.7e-07
1249500      3.71e-05      2.67e-06    7.7e-07
1249600      3.37e-05      2.43e-06    7.7e-07
1249700      4.79e-05      3.46e-06    7.7e-07
1249800      5.23e-05      3.77e-06    7.7e-07
1249900      1.10e-04      7.93e-06    7.7e-07
1250000      4.43e-05      3.20e-06    7.5e-07
1250100      4.71e-05      3.40e-06    7.5e-07
1250200      5.47e-05      3.95e-06    7.5e-07
1250300      4.78e-05      3.45e-06    7.5e-07
1250400      3.23e-05      2.33e-06    7.5e-07
1250500      2.52e-05      1.82e-06    7.5e-07
1250600      5.93e-05      4.28e-06    7.5e-07
1250700      3.70e-05      2.67e-06    7.5e-07
1250800      4.46e-05      3.22e-06    7.5e-07
1250900      3.20e-05      2.31e-06    7.5e-07
1251000      4.17e-05      3.01e-06    7.5e-07
1251100      2.64e-05      1.91e-06    7.5e-07
1251200      1.42e-04      1.03e-05    7.5e-07
1251300      4.68e-05      3.38e-06    7.5e-07
1251400      7.62e-05      5.50e-06    7.5e-07
1251500      6.66e-05      4.80e-06    7.5e-07
1251600      9.03e-05      6.51e-06    7.5e-07
1251700      6.63e-05      4.78e-06    7.5e-07
1251800      3.22e-05      2.32e-06    7.5e-07
1251900      5.23e-05      3.78e-06    7.5e-07
1252000      4.58e-05      3.31e-06    7.5e-07
1252100      4.84e-05      3.49e-06    7.5e-07
1252200      1.46e-04      1.06e-05    7.5e-07
1252300      4.35e-05      3.14e-06    7.5e-07
1252400      7.14e-05      5.15e-06    7.5e-07
1252500      1.21e-04      8.76e-06    7.5e-07
1252600      4.23e-05      3.06e-06    7.5e-07
1252700      5.29e-05      3.82e-06    7.5e-07
1252800      4.26e-05      3.08e-06    7.5e-07
1252900      9.87e-05      7.13e-06    7.5e-07
1253000      4.61e-05      3.33e-06    7.5e-07
1253100      9.94e-05      7.18e-06    7.5e-07
1253200      3.91e-05      2.82e-06    7.5e-07
1253300      3.78e-05      2.73e-06    7.5e-07
1253400      5.04e-05      3.63e-06    7.5e-07
1253500      5.69e-05      4.10e-06    7.5e-07
1253600      7.55e-05      5.45e-06    7.5e-07
1253700      4.49e-05      3.24e-06    7.5e-07
1253800      3.30e-05      2.38e-06    7.5e-07
1253900      4.41e-05      3.19e-06    7.5e-07
1254000      5.32e-05      3.84e-06    7.5e-07
1254100      2.02e-04      1.46e-05    7.5e-07
1254200      3.39e-05      2.44e-06    7.5e-07
1254300      5.92e-05      4.27e-06    7.5e-07
1254400      6.99e-05      5.04e-06    7.5e-07
1254500      4.70e-05      3.39e-06    7.5e-07
1254600      3.73e-05      2.69e-06    7.5e-07
1254700      6.31e-05      4.56e-06    7.5e-07
1254800      4.46e-05      3.22e-06    7.5e-07
1254900      8.28e-05      5.97e-06    7.5e-07
1255000      2.56e-05      1.85e-06    7.3e-07
1255100      3.17e-05      2.29e-06    7.3e-07
1255200      4.68e-05      3.38e-06    7.3e-07
1255300      7.95e-05      5.74e-06    7.3e-07
1255400      5.48e-05      3.96e-06    7.3e-07
1255500      9.71e-05      7.01e-06    7.3e-07
1255600      8.07e-05      5.82e-06    7.3e-07
1255700      3.88e-05      2.80e-06    7.3e-07
1255800      1.36e-04      9.82e-06    7.3e-07
1255900      6.01e-05      4.34e-06    7.3e-07
1256000      2.62e-05      1.89e-06    7.3e-07
1256100      4.54e-05      3.27e-06    7.3e-07
1256200      2.64e-05      1.91e-06    7.3e-07
1256300      4.61e-05      3.33e-06    7.3e-07
1256400      4.96e-05      3.58e-06    7.3e-07
1256500      5.28e-05      3.81e-06    7.3e-07
1256600      5.34e-05      3.86e-06    7.3e-07
1256700      3.79e-05      2.73e-06    7.3e-07
1256800      6.31e-05      4.55e-06    7.3e-07
1256900      1.16e-04      8.36e-06    7.3e-07
1257000      4.40e-05      3.18e-06    7.3e-07
1257100      4.35e-05      3.14e-06    7.3e-07
1257200      1.87e-05      1.35e-06    7.3e-07
1257300      4.84e-05      3.49e-06    7.3e-07
1257400      7.08e-05      5.11e-06    7.3e-07
1257500      2.06e-04      1.49e-05    7.3e-07
1257600      1.74e-04      1.26e-05    7.3e-07
1257700      6.00e-05      4.33e-06    7.3e-07
1257800      2.19e-04      1.58e-05    7.3e-07
1257900      3.56e-05      2.57e-06    7.3e-07
1258000      2.62e-05      1.89e-06    7.3e-07
1258100      3.47e-05      2.50e-06    7.3e-07
1258200      1.15e-04      8.27e-06    7.3e-07
1258300      2.00e-05      1.44e-06    7.3e-07
1258400      3.95e-05      2.85e-06    7.3e-07
1258500      4.23e-05      3.06e-06    7.3e-07
1258600      4.56e-05      3.29e-06    7.3e-07
1258700      4.22e-05      3.04e-06    7.3e-07
1258800      8.06e-05      5.82e-06    7.3e-07
1258900      5.47e-05      3.95e-06    7.3e-07
1259000      3.49e-05      2.52e-06    7.3e-07
1259100      5.28e-05      3.81e-06    7.3e-07
1259200      4.74e-05      3.42e-06    7.3e-07
1259300      4.45e-05      3.21e-06    7.3e-07
1259400      4.20e-05      3.03e-06    7.3e-07
1259500      4.49e-05      3.24e-06    7.3e-07
1259600      3.95e-05      2.85e-06    7.3e-07
1259700      1.12e-04      8.10e-06    7.3e-07
1259800      7.27e-05      5.24e-06    7.3e-07
1259900      4.86e-05      3.51e-06    7.3e-07
1260000      1.06e-04      7.67e-06    7.1e-07
1260100      4.19e-05      3.02e-06    7.1e-07
1260200      8.23e-05      5.94e-06    7.1e-07
1260300      2.01e-05      1.45e-06    7.1e-07
1260400      3.51e-05      2.53e-06    7.1e-07
1260500      5.47e-05      3.94e-06    7.1e-07
1260600      8.70e-05      6.28e-06    7.1e-07
1260700      3.88e-05      2.80e-06    7.1e-07
1260800      5.15e-05      3.71e-06    7.1e-07
1260900      5.77e-05      4.16e-06    7.1e-07
1261000      4.52e-05      3.26e-06    7.1e-07
1261100      5.62e-05      4.05e-06    7.1e-07
1261200      1.26e-04      9.06e-06    7.1e-07
1261300      2.12e-04      1.53e-05    7.1e-07
1261400      3.67e-05      2.65e-06    7.1e-07
1261500      3.73e-05      2.69e-06    7.1e-07
1261600      5.59e-05      4.03e-06    7.1e-07
1261700      3.46e-05      2.49e-06    7.1e-07
1261800      4.14e-05      2.99e-06    7.1e-07
1261900      4.05e-05      2.93e-06    7.1e-07
1262000      4.76e-05      3.43e-06    7.1e-07
1262100      8.02e-05      5.79e-06    7.1e-07
1262200      3.09e-05      2.23e-06    7.1e-07
1262300      4.26e-05      3.07e-06    7.1e-07
1262400      4.83e-05      3.48e-06    7.1e-07
1262500      5.02e-05      3.63e-06    7.1e-07
1262600      3.37e-05      2.43e-06    7.1e-07
1262700      8.05e-05      5.81e-06    7.1e-07
1262800      3.26e-05      2.35e-06    7.1e-07
1262900      5.55e-05      4.01e-06    7.1e-07
1263000      5.13e-05      3.70e-06    7.1e-07
1263100      3.47e-05      2.50e-06    7.1e-07
1263200      5.27e-05      3.81e-06    7.1e-07
1263300      8.56e-05      6.18e-06    7.1e-07
1263400      3.95e-05      2.85e-06    7.1e-07
1263500      6.25e-05      4.51e-06    7.1e-07
1263600      3.74e-05      2.70e-06    7.1e-07
1263700      2.35e-05      1.69e-06    7.1e-07
1263800      3.94e-05      2.84e-06    7.1e-07
1263900      2.34e-04      1.69e-05    7.1e-07
1264000      2.82e-05      2.04e-06    7.1e-07
1264100      3.22e-05      2.33e-06    7.1e-07
1264200      4.24e-05      3.06e-06    7.1e-07
1264300      3.80e-05      2.74e-06    7.1e-07
1264400      3.82e-05      2.75e-06    7.1e-07
1264500      5.10e-05      3.68e-06    7.1e-07
1264600      2.29e-04      1.65e-05    7.1e-07
1264700      2.64e-05      1.90e-06    7.1e-07
1264800      6.87e-05      4.96e-06    7.1e-07
1264900      5.78e-05      4.17e-06    7.1e-07
1265000      4.01e-05      2.90e-06    6.9e-07
1265100      3.73e-05      2.69e-06    6.9e-07
1265200      3.50e-05      2.52e-06    6.9e-07
1265300      4.56e-05      3.29e-06    6.9e-07
1265400      4.86e-05      3.50e-06    6.9e-07
1265500      6.03e-05      4.35e-06    6.9e-07
1265600      6.61e-05      4.77e-06    6.9e-07
1265700      4.78e-05      3.45e-06    6.9e-07
1265800      3.72e-05      2.68e-06    6.9e-07
1265900      5.62e-05      4.05e-06    6.9e-07
1266000      7.59e-05      5.48e-06    6.9e-07
1266100      2.57e-05      1.85e-06    6.9e-07
1266200      6.17e-05      4.45e-06    6.9e-07
1266300      4.37e-05      3.16e-06    6.9e-07
1266400      3.24e-05      2.34e-06    6.9e-07
1266500      3.55e-05      2.56e-06    6.9e-07
1266600      3.44e-05      2.48e-06    6.9e-07
1266700      9.40e-05      6.79e-06    6.9e-07
1266800      2.88e-05      2.08e-06    6.9e-07
1266900      7.74e-05      5.58e-06    6.9e-07
1267000      4.33e-05      3.13e-06    6.9e-07
1267100      4.19e-05      3.02e-06    6.9e-07
1267200      4.25e-05      3.07e-06    6.9e-07
1267300      3.78e-05      2.73e-06    6.9e-07
1267400      4.62e-05      3.33e-06    6.9e-07
1267500      3.85e-05      2.78e-06    6.9e-07
1267600      4.84e-05      3.50e-06    6.9e-07
1267700      3.19e-05      2.30e-06    6.9e-07
1267800      3.40e-05      2.46e-06    6.9e-07
1267900      4.12e-05      2.98e-06    6.9e-07
1268000      2.48e-05      1.79e-06    6.9e-07
1268100      4.61e-05      3.33e-06    6.9e-07
1268200      4.98e-05      3.60e-06    6.9e-07
1268300      3.65e-05      2.63e-06    6.9e-07
1268400      7.04e-05      5.08e-06    6.9e-07
1268500      4.17e-05      3.01e-06    6.9e-07
1268600      1.14e-04      8.23e-06    6.9e-07
1268700      5.85e-05      4.22e-06    6.9e-07
1268800      4.87e-05      3.52e-06    6.9e-07
1268900      4.43e-05      3.20e-06    6.9e-07
1269000      6.11e-05      4.41e-06    6.9e-07
1269100      5.64e-05      4.07e-06    6.9e-07
1269200      3.11e-05      2.25e-06    6.9e-07
1269300      6.93e-05      5.00e-06    6.9e-07
1269400      7.65e-05      5.52e-06    6.9e-07
1269500      4.06e-05      2.93e-06    6.9e-07
1269600      3.35e-05      2.42e-06    6.9e-07
1269700      4.31e-05      3.11e-06    6.9e-07
1269800      5.37e-05      3.87e-06    6.9e-07
1269900      4.08e-05      2.95e-06    6.9e-07
1270000      4.94e-05      3.56e-06    6.7e-07
1270100      4.50e-05      3.25e-06    6.7e-07
1270200      4.94e-05      3.56e-06    6.7e-07
1270300      4.27e-05      3.08e-06    6.7e-07
1270400      8.50e-05      6.14e-06    6.7e-07
1270500      4.06e-05      2.93e-06    6.7e-07
1270600      5.24e-05      3.78e-06    6.7e-07
1270700      5.94e-05      4.29e-06    6.7e-07
1270800      4.90e-05      3.54e-06    6.7e-07
1270900      4.67e-05      3.37e-06    6.7e-07
1271000      3.51e-05      2.53e-06    6.7e-07
1271100      5.25e-05      3.79e-06    6.7e-07
1271200      4.16e-05      3.00e-06    6.7e-07
1271300      2.47e-05      1.78e-06    6.7e-07
1271400      3.67e-05      2.65e-06    6.7e-07
1271500      3.50e-05      2.53e-06    6.7e-07
1271600      5.53e-05      3.99e-06    6.7e-07
1271700      3.22e-05      2.32e-06    6.7e-07
1271800      4.36e-05      3.15e-06    6.7e-07
1271900      1.03e-04      7.45e-06    6.7e-07
1272000      8.61e-05      6.21e-06    6.7e-07
1272100      3.47e-05      2.50e-06    6.7e-07
1272200      5.38e-05      3.88e-06    6.7e-07
1272300      3.45e-05      2.49e-06    6.7e-07
1272400      6.65e-05      4.80e-06    6.7e-07
1272500      4.03e-05      2.91e-06    6.7e-07
1272600      7.02e-05      5.07e-06    6.7e-07
1272700      4.92e-05      3.55e-06    6.7e-07
1272800      5.78e-05      4.17e-06    6.7e-07
1272900      4.58e-05      3.31e-06    6.7e-07
1273000      6.31e-05      4.55e-06    6.7e-07
1273100      2.64e-05      1.91e-06    6.7e-07
1273200      3.57e-05      2.58e-06    6.7e-07
1273300      5.57e-05      4.02e-06    6.7e-07
1273400      3.53e-05      2.55e-06    6.7e-07
1273500      1.86e-05      1.34e-06    6.7e-07
1273600      4.00e-05      2.89e-06    6.7e-07
1273700      4.80e-05      3.47e-06    6.7e-07
1273800      3.25e-05      2.34e-06    6.7e-07
1273900      5.84e-05      4.21e-06    6.7e-07
1274000      2.23e-05      1.61e-06    6.7e-07
1274100      3.67e-05      2.65e-06    6.7e-07
1274200      3.35e-05      2.41e-06    6.7e-07
1274300      2.95e-05      2.13e-06    6.7e-07
1274400      6.35e-05      4.58e-06    6.7e-07
1274500      8.27e-05      5.97e-06    6.7e-07
1274600      3.71e-05      2.67e-06    6.7e-07
1274700      5.36e-05      3.87e-06    6.7e-07
1274800      8.01e-05      5.78e-06    6.7e-07
1274900      2.10e-04      1.52e-05    6.7e-07
1275000      4.53e-05      3.27e-06    6.5e-07
1275100      4.64e-05      3.35e-06    6.5e-07
1275200      3.61e-05      2.61e-06    6.5e-07
1275300      5.22e-05      3.76e-06    6.5e-07
1275400      5.30e-05      3.82e-06    6.5e-07
1275500      2.38e-05      1.71e-06    6.5e-07
1275600      4.61e-05      3.33e-06    6.5e-07
1275700      8.17e-05      5.89e-06    6.5e-07
1275800      5.08e-05      3.67e-06    6.5e-07
1275900      2.86e-05      2.06e-06    6.5e-07
1276000      4.14e-05      2.99e-06    6.5e-07
1276100      3.06e-05      2.21e-06    6.5e-07
1276200      7.64e-05      5.51e-06    6.5e-07
1276300      8.98e-05      6.48e-06    6.5e-07
1276400      4.56e-05      3.29e-06    6.5e-07
1276500      7.38e-05      5.33e-06    6.5e-07
1276600      9.06e-05      6.54e-06    6.5e-07
1276700      4.53e-05      3.27e-06    6.5e-07
1276800      4.92e-05      3.55e-06    6.5e-07
1276900      5.97e-05      4.31e-06    6.5e-07
1277000      5.00e-05      3.61e-06    6.5e-07
1277100      3.55e-05      2.56e-06    6.5e-07
1277200      5.74e-05      4.15e-06    6.5e-07
1277300      3.13e-05      2.26e-06    6.5e-07
1277400      3.78e-05      2.72e-06    6.5e-07
1277500      8.68e-05      6.26e-06    6.5e-07
1277600      5.97e-05      4.31e-06    6.5e-07
1277700      4.33e-05      3.13e-06    6.5e-07
1277800      4.21e-05      3.03e-06    6.5e-07
1277900      4.69e-05      3.38e-06    6.5e-07
1278000      4.56e-05      3.29e-06    6.5e-07
1278100      7.05e-05      5.09e-06    6.5e-07
1278200      4.29e-05      3.10e-06    6.5e-07
1278300      5.42e-05      3.91e-06    6.5e-07
1278400      3.48e-05      2.51e-06    6.5e-07
1278500      6.67e-05      4.82e-06    6.5e-07
1278600      4.90e-05      3.53e-06    6.5e-07
1278700      4.39e-05      3.17e-06    6.5e-07
1278800      3.66e-05      2.64e-06    6.5e-07
1278900      4.72e-05      3.41e-06    6.5e-07
1279000      3.59e-05      2.59e-06    6.5e-07
1279100      4.69e-05      3.39e-06    6.5e-07
1279200      2.64e-05      1.90e-06    6.5e-07
1279300      3.37e-05      2.43e-06    6.5e-07
1279400      6.95e-05      5.02e-06    6.5e-07
1279500      4.61e-05      3.33e-06    6.5e-07
1279600      3.40e-05      2.46e-06    6.5e-07
1279700      7.22e-05      5.21e-06    6.5e-07
1279800      7.21e-05      5.21e-06    6.5e-07
1279900      1.23e-04      8.88e-06    6.5e-07
1280000      3.35e-05      2.42e-06    6.3e-07
1280100      3.87e-05      2.80e-06    6.3e-07
1280200      3.27e-05      2.36e-06    6.3e-07
1280300      3.69e-05      2.66e-06    6.3e-07
1280400      3.64e-05      2.63e-06    6.3e-07
1280500      2.89e-05      2.09e-06    6.3e-07
1280600      3.16e-05      2.28e-06    6.3e-07
1280700      5.51e-05      3.97e-06    6.3e-07
1280800      2.83e-05      2.04e-06    6.3e-07
1280900      2.28e-05      1.65e-06    6.3e-07
1281000      2.46e-05      1.78e-06    6.3e-07
1281100      4.61e-05      3.32e-06    6.3e-07
1281200      3.50e-05      2.53e-06    6.3e-07
1281300      4.07e-05      2.94e-06    6.3e-07
1281400      2.91e-05      2.10e-06    6.3e-07
1281500      7.64e-05      5.52e-06    6.3e-07
1281600      2.31e-05      1.66e-06    6.3e-07
1281700      3.59e-05      2.59e-06    6.3e-07
1281800      3.27e-05      2.36e-06    6.3e-07
1281900      8.41e-05      6.07e-06    6.3e-07
1282000      3.56e-05      2.57e-06    6.3e-07
1282100      8.99e-05      6.49e-06    6.3e-07
1282200      3.80e-05      2.74e-06    6.3e-07
1282300      6.58e-05      4.75e-06    6.3e-07
1282400      4.70e-05      3.39e-06    6.3e-07
1282500      3.32e-05      2.39e-06    6.3e-07
1282600      7.81e-05      5.64e-06    6.3e-07
1282700      5.51e-05      3.98e-06    6.3e-07
1282800      4.28e-05      3.09e-06    6.3e-07
1282900      1.40e-05      1.01e-06    6.3e-07
1283000      3.94e-05      2.85e-06    6.3e-07
1283100      4.12e-05      2.97e-06    6.3e-07
1283200      1.26e-04      9.13e-06    6.3e-07
1283300      3.81e-05      2.75e-06    6.3e-07
1283400      1.80e-04      1.30e-05    6.3e-07
1283500      2.16e-04      1.56e-05    6.3e-07
1283600      3.78e-05      2.73e-06    6.3e-07
1283700      5.01e-05      3.62e-06    6.3e-07
1283800      6.82e-05      4.92e-06    6.3e-07
1283900      6.43e-05      4.64e-06    6.3e-07
1284000      3.50e-05      2.53e-06    6.3e-07
1284100      6.74e-05      4.86e-06    6.3e-07
1284200      4.66e-05      3.37e-06    6.3e-07
1284300      1.01e-04      7.27e-06    6.3e-07
1284400      3.02e-05      2.18e-06    6.3e-07
1284500      3.59e-05      2.59e-06    6.3e-07
1284600      5.55e-05      4.00e-06    6.3e-07
1284700      4.34e-05      3.13e-06    6.3e-07
1284800      4.33e-05      3.13e-06    6.3e-07
1284900      4.14e-05      2.99e-06    6.3e-07
1285000      3.14e-05      2.27e-06    6.1e-07
1285100      2.85e-05      2.06e-06    6.1e-07
1285200      1.48e-04      1.07e-05    6.1e-07
1285300      6.23e-05      4.50e-06    6.1e-07
1285400      2.27e-05      1.64e-06    6.1e-07
1285500      4.81e-05      3.47e-06    6.1e-07
1285600      4.44e-05      3.21e-06    6.1e-07
1285700      2.57e-05      1.86e-06    6.1e-07
1285800      2.73e-05      1.97e-06    6.1e-07
1285900      4.39e-05      3.17e-06    6.1e-07
1286000      1.54e-04      1.11e-05    6.1e-07
1286100      3.46e-05      2.50e-06    6.1e-07
1286200      5.75e-05      4.15e-06    6.1e-07
1286300      7.30e-05      5.27e-06    6.1e-07
1286400      3.14e-05      2.26e-06    6.1e-07
1286500      2.05e-04      1.48e-05    6.1e-07
1286600      1.76e-04      1.27e-05    6.1e-07
1286700      3.08e-05      2.22e-06    6.1e-07
1286800      6.77e-05      4.89e-06    6.1e-07
1286900      6.89e-05      4.97e-06    6.1e-07
1287000      6.08e-05      4.39e-06    6.1e-07
1287100      2.38e-05      1.71e-06    6.1e-07
1287200      4.57e-05      3.30e-06    6.1e-07
1287300      3.37e-05      2.43e-06    6.1e-07
1287400      3.48e-05      2.51e-06    6.1e-07
1287500      3.68e-05      2.66e-06    6.1e-07
1287600      4.42e-05      3.19e-06    6.1e-07
1287700      6.07e-05      4.38e-06    6.1e-07
1287800      4.13e-05      2.98e-06    6.1e-07
1287900      4.14e-05      2.98e-06    6.1e-07
1288000      5.08e-05      3.67e-06    6.1e-07
1288100      2.75e-05      1.98e-06    6.1e-07
1288200      2.45e-05      1.77e-06    6.1e-07
1288300      2.17e-05      1.56e-06    6.1e-07
1288400      6.98e-05      5.04e-06    6.1e-07
1288500      4.32e-05      3.12e-06    6.1e-07
1288600      4.46e-05      3.22e-06    6.1e-07
1288700      5.26e-05      3.80e-06    6.1e-07
1288800      4.50e-05      3.25e-06    6.1e-07
1288900      2.50e-05      1.80e-06    6.1e-07
1289000      4.56e-05      3.29e-06    6.1e-07
1289100      3.52e-05      2.54e-06    6.1e-07
1289200      2.34e-05      1.69e-06    6.1e-07
1289300      2.20e-05      1.59e-06    6.1e-07
1289400      1.40e-04      1.01e-05    6.1e-07
1289500      4.03e-05      2.91e-06    6.1e-07
1289600      5.80e-05      4.19e-06    6.1e-07
1289700      4.68e-05      3.38e-06    6.1e-07
1289800      3.53e-05      2.55e-06    6.1e-07
1289900      4.28e-05      3.09e-06    6.1e-07
1290000      4.20e-05      3.03e-06    6.0e-07
1290100      2.81e-05      2.03e-06    6.0e-07
1290200      1.60e-04      1.15e-05    6.0e-07
1290300      4.34e-05      3.13e-06    6.0e-07
1290400      5.42e-05      3.91e-06    6.0e-07
1290500      4.39e-05      3.17e-06    6.0e-07
1290600      5.74e-05      4.15e-06    6.0e-07
1290700      2.39e-05      1.73e-06    6.0e-07
1290800      5.90e-05      4.26e-06    6.0e-07
1290900      4.49e-05      3.24e-06    6.0e-07
1291000      6.27e-05      4.53e-06    6.0e-07
1291100      3.65e-05      2.63e-06    6.0e-07
1291200      3.47e-05      2.51e-06    6.0e-07
1291300      4.59e-05      3.32e-06    6.0e-07
1291400      4.87e-05      3.52e-06    6.0e-07
1291500      1.93e-04      1.40e-05    6.0e-07
1291600      5.51e-05      3.98e-06    6.0e-07
1291700      3.24e-05      2.33e-06    6.0e-07
1291800      4.62e-05      3.34e-06    6.0e-07
1291900      2.41e-05      1.74e-06    6.0e-07
1292000      3.32e-05      2.39e-06    6.0e-07
1292100      2.43e-04      1.75e-05    6.0e-07
1292200      9.08e-05      6.55e-06    6.0e-07
1292300      5.12e-05      3.70e-06    6.0e-07
1292400      3.56e-05      2.57e-06    6.0e-07
1292500      4.15e-05      3.00e-06    6.0e-07
1292600      5.46e-05      3.94e-06    6.0e-07
1292700      2.87e-05      2.07e-06    6.0e-07
1292800      1.93e-05      1.39e-06    6.0e-07
1292900      3.47e-05      2.51e-06    6.0e-07
1293000      2.03e-04      1.46e-05    6.0e-07
1293100      3.08e-05      2.22e-06    6.0e-07
1293200      3.11e-05      2.24e-06    6.0e-07
1293300      2.76e-05      2.00e-06    6.0e-07
1293400      6.34e-05      4.57e-06    6.0e-07
1293500      3.72e-05      2.69e-06    6.0e-07
1293600      4.19e-05      3.02e-06    6.0e-07
1293700      3.69e-05      2.66e-06    6.0e-07
1293800      2.49e-05      1.79e-06    6.0e-07
1293900      3.60e-05      2.60e-06    6.0e-07
1294000      3.23e-05      2.33e-06    6.0e-07
1294100      4.60e-05      3.32e-06    6.0e-07
1294200      6.03e-05      4.35e-06    6.0e-07
1294300      2.52e-05      1.82e-06    6.0e-07
1294400      3.73e-05      2.69e-06    6.0e-07
1294500      4.86e-05      3.50e-06    6.0e-07
1294600      3.66e-05      2.64e-06    6.0e-07
1294700      4.39e-05      3.17e-06    6.0e-07
1294800      2.24e-05      1.62e-06    6.0e-07
1294900      3.45e-05      2.49e-06    6.0e-07
1295000      3.02e-05      2.18e-06    5.8e-07
1295100      1.17e-04      8.48e-06    5.8e-07
1295200      4.27e-05      3.08e-06    5.8e-07
1295300      2.79e-05      2.01e-06    5.8e-07
1295400      3.21e-05      2.32e-06    5.8e-07
1295500      3.40e-05      2.45e-06    5.8e-07
1295600      4.47e-05      3.22e-06    5.8e-07
1295700      4.65e-05      3.36e-06    5.8e-07
1295800      1.91e-04      1.38e-05    5.8e-07
1295900      1.77e-04      1.28e-05    5.8e-07
1296000      3.01e-05      2.17e-06    5.8e-07
1296100      4.08e-05      2.94e-06    5.8e-07
1296200      4.73e-05      3.41e-06    5.8e-07
1296300      4.13e-05      2.98e-06    5.8e-07
1296400      4.46e-05      3.22e-06    5.8e-07
1296500      2.69e-05      1.94e-06    5.8e-07
1296600      2.18e-05      1.57e-06    5.8e-07
1296700      4.02e-05      2.90e-06    5.8e-07
1296800      2.65e-05      1.91e-06    5.8e-07
1296900      3.04e-05      2.19e-06    5.8e-07
1297000      4.81e-05      3.47e-06    5.8e-07
1297100      2.65e-05      1.91e-06    5.8e-07
1297200      2.02e-05      1.46e-06    5.8e-07
1297300      4.40e-05      3.18e-06    5.8e-07
1297400      3.11e-05      2.25e-06    5.8e-07
1297500      2.27e-05      1.64e-06    5.8e-07
1297600      3.52e-05      2.54e-06    5.8e-07
1297700      2.66e-05      1.92e-06    5.8e-07
1297800      4.70e-05      3.39e-06    5.8e-07
1297900      2.82e-05      2.04e-06    5.8e-07
1298000      4.04e-05      2.91e-06    5.8e-07
1298100      2.93e-05      2.12e-06    5.8e-07
1298200      8.29e-05      5.98e-06    5.8e-07
1298300      3.19e-05      2.30e-06    5.8e-07
1298400      6.27e-05      4.53e-06    5.8e-07
1298500      2.23e-05      1.61e-06    5.8e-07
1298600      7.00e-05      5.05e-06    5.8e-07
1298700      6.14e-05      4.43e-06    5.8e-07
1298800      5.06e-05      3.65e-06    5.8e-07
1298900      6.21e-05      4.48e-06    5.8e-07
1299000      6.15e-05      4.44e-06    5.8e-07
1299100      7.82e-05      5.64e-06    5.8e-07
1299200      2.89e-04      2.08e-05    5.8e-07
1299300      4.37e-05      3.15e-06    5.8e-07
1299400      4.22e-05      3.04e-06    5.8e-07
1299500      2.92e-05      2.11e-06    5.8e-07
1299600      2.45e-05      1.77e-06    5.8e-07
1299700      3.96e-05      2.86e-06    5.8e-07
1299800      4.12e-05      2.97e-06    5.8e-07
1299900      5.70e-05      4.11e-06    5.8e-07
1300000      5.10e-05      3.68e-06    5.6e-07
1300100      3.94e-05      2.84e-06    5.6e-07
1300200      3.99e-05      2.88e-06    5.6e-07
1300300      3.70e-05      2.67e-06    5.6e-07
1300400      2.64e-05      1.90e-06    5.6e-07
1300500      3.77e-05      2.72e-06    5.6e-07
1300600      2.74e-05      1.98e-06    5.6e-07
1300700      2.13e-05      1.54e-06    5.6e-07
1300800      2.96e-05      2.14e-06    5.6e-07
1300900      4.41e-05      3.18e-06    5.6e-07
1301000      4.04e-05      2.91e-06    5.6e-07
1301100      4.50e-05      3.25e-06    5.6e-07
1301200      3.08e-05      2.22e-06    5.6e-07
1301300      8.06e-05      5.82e-06    5.6e-07
1301400      4.13e-05      2.98e-06    5.6e-07
1301500      3.71e-05      2.68e-06    5.6e-07
1301600      1.11e-04      7.99e-06    5.6e-07
1301700      2.09e-05      1.51e-06    5.6e-07
1301800      2.16e-05      1.56e-06    5.6e-07
1301900      3.72e-05      2.69e-06    5.6e-07
1302000      6.88e-05      4.97e-06    5.6e-07
1302100      3.53e-05      2.55e-06    5.6e-07
1302200      7.99e-05      5.77e-06    5.6e-07
1302300      3.72e-05      2.69e-06    5.6e-07
1302400      5.52e-05      3.99e-06    5.6e-07
1302500      4.64e-05      3.35e-06    5.6e-07
1302600      2.39e-05      1.72e-06    5.6e-07
1302700      3.11e-05      2.25e-06    5.6e-07
1302800      3.00e-05      2.16e-06    5.6e-07
1302900      4.20e-05      3.03e-06    5.6e-07
1303000      6.43e-05      4.64e-06    5.6e-07
1303100      3.49e-05      2.52e-06    5.6e-07
1303200      2.88e-05      2.08e-06    5.6e-07
1303300      7.12e-05      5.14e-06    5.6e-07
1303400      5.37e-05      3.88e-06    5.6e-07
1303500      3.04e-05      2.19e-06    5.6e-07
1303600      5.43e-05      3.92e-06    5.6e-07
1303700      2.87e-05      2.07e-06    5.6e-07
1303800      4.51e-05      3.25e-06    5.6e-07
1303900      3.99e-05      2.88e-06    5.6e-07
1304000      4.04e-05      2.92e-06    5.6e-07
1304100      4.38e-05      3.16e-06    5.6e-07
1304200      4.67e-05      3.37e-06    5.6e-07
1304300      3.24e-05      2.34e-06    5.6e-07
1304400      3.54e-05      2.55e-06    5.6e-07
1304500      1.85e-04      1.33e-05    5.6e-07
1304600      3.53e-05      2.55e-06    5.6e-07
1304700      4.39e-05      3.17e-06    5.6e-07
1304800      7.64e-05      5.52e-06    5.6e-07
1304900      2.73e-05      1.97e-06    5.6e-07
1305000      5.26e-05      3.79e-06    5.5e-07
1305100      5.17e-05      3.73e-06    5.5e-07
1305200      1.22e-05      8.80e-07    5.5e-07
1305300      4.17e-05      3.01e-06    5.5e-07
1305400      4.34e-05      3.13e-06    5.5e-07
1305500      4.69e-05      3.39e-06    5.5e-07
1305600      4.64e-05      3.35e-06    5.5e-07
1305700      3.96e-05      2.86e-06    5.5e-07
1305800      3.49e-05      2.52e-06    5.5e-07
1305900      3.36e-05      2.42e-06    5.5e-07
1306000      3.13e-05      2.26e-06    5.5e-07
1306100      2.63e-05      1.89e-06    5.5e-07
1306200      1.82e-05      1.32e-06    5.5e-07
1306300      3.45e-05      2.49e-06    5.5e-07
1306400      1.00e-04      7.22e-06    5.5e-07
1306500      2.43e-04      1.76e-05    5.5e-07
1306600      6.24e-05      4.51e-06    5.5e-07
1306700      2.99e-05      2.16e-06    5.5e-07
1306800      7.29e-05      5.26e-06    5.5e-07
1306900      4.17e-05      3.01e-06    5.5e-07
1307000      3.31e-05      2.39e-06    5.5e-07
1307100      4.42e-05      3.19e-06    5.5e-07
1307200      1.00e-04      7.25e-06    5.5e-07
1307300      2.45e-05      1.77e-06    5.5e-07
1307400      4.26e-05      3.07e-06    5.5e-07
1307500      4.88e-05      3.52e-06    5.5e-07
1307600      4.19e-05      3.03e-06    5.5e-07
1307700      3.03e-05      2.19e-06    5.5e-07
1307800      3.99e-05      2.88e-06    5.5e-07
1307900      2.76e-05      1.99e-06    5.5e-07
1308000      2.42e-05      1.75e-06    5.5e-07
1308100      3.57e-05      2.58e-06    5.5e-07
1308200      5.14e-05      3.71e-06    5.5e-07
1308300      3.77e-05      2.72e-06    5.5e-07
1308400      4.14e-05      2.99e-06    5.5e-07
1308500      2.68e-05      1.94e-06    5.5e-07
1308600      3.08e-05      2.22e-06    5.5e-07
1308700      3.01e-05      2.17e-06    5.5e-07
1308800      3.40e-05      2.46e-06    5.5e-07
1308900      4.61e-05      3.33e-06    5.5e-07
1309000      5.27e-05      3.80e-06    5.5e-07
1309100      3.75e-05      2.71e-06    5.5e-07
1309200      6.39e-05      4.61e-06    5.5e-07
1309300      1.00e-04      7.22e-06    5.5e-07
1309400      4.85e-05      3.50e-06    5.5e-07
1309500      5.59e-05      4.03e-06    5.5e-07
1309600      2.17e-05      1.57e-06    5.5e-07
1309700      2.41e-05      1.74e-06    5.5e-07
1309800      3.37e-05      2.43e-06    5.5e-07
1309900      7.18e-05      5.18e-06    5.5e-07
1310000      4.97e-05      3.58e-06    5.3e-07
1310100      2.07e-05      1.49e-06    5.3e-07
1310200      2.70e-05      1.95e-06    5.3e-07
1310300      6.41e-05      4.63e-06    5.3e-07
1310400      2.74e-05      1.98e-06    5.3e-07
1310500      2.63e-05      1.90e-06    5.3e-07
1310600      2.03e-05      1.47e-06    5.3e-07
1310700      4.24e-05      3.06e-06    5.3e-07
1310800      2.32e-05      1.68e-06    5.3e-07
1310900      5.32e-05      3.84e-06    5.3e-07
1311000      4.37e-05      3.15e-06    5.3e-07
1311100      4.75e-05      3.43e-06    5.3e-07
1311200      3.60e-05      2.60e-06    5.3e-07
1311300      3.68e-05      2.65e-06    5.3e-07
1311400      2.13e-05      1.54e-06    5.3e-07
1311500      3.23e-05      2.33e-06    5.3e-07
1311600      4.90e-05      3.54e-06    5.3e-07
1311700      4.94e-05      3.56e-06    5.3e-07
1311800      3.38e-05      2.44e-06    5.3e-07
1311900      4.86e-05      3.51e-06    5.3e-07
1312000      2.67e-05      1.93e-06    5.3e-07
1312100      1.78e-05      1.28e-06    5.3e-07
1312200      3.13e-05      2.26e-06    5.3e-07
1312300      8.81e-05      6.36e-06    5.3e-07
1312400      3.66e-05      2.64e-06    5.3e-07
1312500      4.46e-05      3.22e-06    5.3e-07
1312600      3.79e-05      2.74e-06    5.3e-07
1312700      6.63e-05      4.78e-06    5.3e-07
1312800      2.98e-05      2.15e-06    5.3e-07
1312900      5.61e-05      4.05e-06    5.3e-07
1313000      3.54e-05      2.55e-06    5.3e-07
1313100      3.46e-05      2.50e-06    5.3e-07
1313200      5.43e-05      3.92e-06    5.3e-07
1313300      3.02e-05      2.18e-06    5.3e-07
1313400      7.28e-05      5.25e-06    5.3e-07
1313500      3.72e-05      2.68e-06    5.3e-07
1313600      5.84e-05      4.21e-06    5.3e-07
1313700      3.97e-05      2.86e-06    5.3e-07
1313800      3.89e-05      2.81e-06    5.3e-07
1313900      3.70e-05      2.67e-06    5.3e-07
1314000      9.87e-05      7.12e-06    5.3e-07
1314100      4.64e-05      3.35e-06    5.3e-07
1314200      4.31e-05      3.11e-06    5.3e-07
1314300      5.67e-05      4.09e-06    5.3e-07
1314400      3.31e-05      2.39e-06    5.3e-07
1314500      2.04e-04      1.47e-05    5.3e-07
1314600      2.08e-05      1.50e-06    5.3e-07
1314700      4.58e-05      3.30e-06    5.3e-07
1314800      2.71e-05      1.96e-06    5.3e-07
1314900      3.57e-05      2.57e-06    5.3e-07
1315000      3.48e-05      2.51e-06    5.2e-07
1315100      3.23e-05      2.33e-06    5.2e-07
1315200      9.85e-05      7.11e-06    5.2e-07
1315300      3.51e-05      2.53e-06    5.2e-07
1315400      2.61e-05      1.88e-06    5.2e-07
1315500      3.36e-05      2.43e-06    5.2e-07
1315600      5.69e-05      4.11e-06    5.2e-07
1315700      4.83e-05      3.48e-06    5.2e-07
1315800      3.24e-05      2.34e-06    5.2e-07
1315900      5.55e-05      4.01e-06    5.2e-07
1316000      3.08e-05      2.22e-06    5.2e-07
1316100      1.42e-04      1.02e-05    5.2e-07
1316200      8.93e-05      6.44e-06    5.2e-07
1316300      2.27e-05      1.64e-06    5.2e-07
1316400      4.42e-05      3.19e-06    5.2e-07
1316500      4.75e-05      3.43e-06    5.2e-07
1316600      4.05e-05      2.92e-06    5.2e-07
1316700      3.99e-05      2.88e-06    5.2e-07
1316800      4.44e-05      3.20e-06    5.2e-07
1316900      2.23e-05      1.61e-06    5.2e-07
1317000      2.46e-05      1.78e-06    5.2e-07
1317100      3.66e-05      2.64e-06    5.2e-07
1317200      8.05e-05      5.81e-06    5.2e-07
1317300      3.09e-05      2.23e-06    5.2e-07
1317400      4.56e-05      3.29e-06    5.2e-07
1317500      4.72e-05      3.41e-06    5.2e-07
1317600      3.80e-05      2.74e-06    5.2e-07
1317700      7.84e-05      5.66e-06    5.2e-07
1317800      3.75e-05      2.71e-06    5.2e-07
1317900      3.84e-05      2.77e-06    5.2e-07
1318000      8.65e-05      6.24e-06    5.2e-07
1318100      5.68e-05      4.10e-06    5.2e-07
1318200      2.25e-05      1.62e-06    5.2e-07
1318300      4.13e-05      2.98e-06    5.2e-07
1318400      4.87e-05      3.52e-06    5.2e-07
1318500      3.21e-05      2.31e-06    5.2e-07
1318600      4.48e-05      3.23e-06    5.2e-07
1318700      4.77e-05      3.45e-06    5.2e-07
1318800      7.42e-05      5.36e-06    5.2e-07
1318900      3.95e-05      2.85e-06    5.2e-07
1319000      3.53e-05      2.54e-06    5.2e-07
1319100      1.51e-05      1.09e-06    5.2e-07
1319200      3.77e-05      2.72e-06    5.2e-07
1319300      6.51e-05      4.69e-06    5.2e-07
1319400      2.77e-05      2.00e-06    5.2e-07
1319500      5.18e-05      3.74e-06    5.2e-07
1319600      4.11e-05      2.97e-06    5.2e-07
1319700      2.66e-05      1.92e-06    5.2e-07
1319800      8.03e-05      5.80e-06    5.2e-07
1319900      3.86e-05      2.78e-06    5.2e-07
1320000      2.17e-05      1.57e-06    5.0e-07
1320100      2.51e-05      1.81e-06    5.0e-07
1320200      8.56e-05      6.18e-06    5.0e-07
1320300      2.65e-05      1.91e-06    5.0e-07
1320400      4.22e-05      3.04e-06    5.0e-07
1320500      3.39e-05      2.45e-06    5.0e-07
1320600      4.49e-05      3.24e-06    5.0e-07
1320700      4.68e-05      3.38e-06    5.0e-07
1320800      3.12e-05      2.25e-06    5.0e-07
1320900      6.80e-05      4.90e-06    5.0e-07
1321000      1.65e-04      1.19e-05    5.0e-07
1321100      5.59e-05      4.04e-06    5.0e-07
1321200      7.67e-05      5.53e-06    5.0e-07
1321300      4.42e-05      3.19e-06    5.0e-07
1321400      3.61e-05      2.60e-06    5.0e-07
1321500      3.84e-05      2.77e-06    5.0e-07
1321600      2.70e-05      1.95e-06    5.0e-07
1321700      3.53e-05      2.55e-06    5.0e-07
1321800      2.02e-05      1.46e-06    5.0e-07
1321900      3.72e-05      2.69e-06    5.0e-07
1322000      6.50e-05      4.69e-06    5.0e-07
1322100      3.39e-05      2.44e-06    5.0e-07
1322200      3.18e-05      2.29e-06    5.0e-07
1322300      3.48e-05      2.51e-06    5.0e-07
1322400      7.29e-05      5.26e-06    5.0e-07
1322500      4.48e-05      3.23e-06    5.0e-07
1322600      3.21e-05      2.32e-06    5.0e-07
1322700      1.81e-05      1.30e-06    5.0e-07
1322800      2.07e-04      1.49e-05    5.0e-07
1322900      3.02e-05      2.18e-06    5.0e-07
1323000      3.90e-05      2.81e-06    5.0e-07
1323100      3.58e-05      2.58e-06    5.0e-07
1323200      3.02e-05      2.18e-06    5.0e-07
1323300      4.03e-05      2.91e-06    5.0e-07
1323400      4.84e-05      3.49e-06    5.0e-07
1323500      2.77e-05      2.00e-06    5.0e-07
1323600      4.79e-05      3.46e-06    5.0e-07
1323700      3.32e-05      2.39e-06    5.0e-07
1323800      1.41e-05      1.02e-06    5.0e-07
1323900      3.01e-05      2.17e-06    5.0e-07
1324000      2.22e-05      1.60e-06    5.0e-07
1324100      3.34e-05      2.41e-06    5.0e-07
1324200      3.07e-05      2.22e-06    5.0e-07
1324300      2.74e-05      1.97e-06    5.0e-07
1324400      1.99e-05      1.43e-06    5.0e-07
1324500      3.57e-05      2.58e-06    5.0e-07
1324600      2.55e-05      1.84e-06    5.0e-07
1324700      2.11e-05      1.52e-06    5.0e-07
1324800      2.65e-05      1.92e-06    5.0e-07
1324900      6.29e-05      4.54e-06    5.0e-07
1325000      4.39e-05      3.17e-06    4.9e-07
1325100      3.50e-05      2.53e-06    4.9e-07
1325200      1.93e-04      1.39e-05    4.9e-07
1325300      3.25e-05      2.35e-06    4.9e-07
1325400      4.97e-05      3.59e-06    4.9e-07
1325500      2.94e-05      2.13e-06    4.9e-07
1325600      3.08e-05      2.22e-06    4.9e-07
1325700      9.97e-05      7.20e-06    4.9e-07
1325800      2.88e-05      2.08e-06    4.9e-07
1325900      4.63e-05      3.34e-06    4.9e-07
1326000      6.22e-05      4.49e-06    4.9e-07
1326100      5.64e-05      4.07e-06    4.9e-07
1326200      3.29e-05      2.37e-06    4.9e-07
1326300      2.04e-05      1.48e-06    4.9e-07
1326400      1.98e-05      1.43e-06    4.9e-07
1326500      1.91e-05      1.38e-06    4.9e-07
1326600      3.67e-05      2.65e-06    4.9e-07
1326700      4.48e-05      3.23e-06    4.9e-07
1326800      3.18e-05      2.29e-06    4.9e-07
1326900      2.26e-05      1.63e-06    4.9e-07
1327000      2.78e-05      2.01e-06    4.9e-07
1327100      3.59e-05      2.59e-06    4.9e-07
1327200      3.73e-05      2.69e-06    4.9e-07
1327300      3.04e-05      2.19e-06    4.9e-07
1327400      2.59e-05      1.87e-06    4.9e-07
1327500      3.87e-05      2.80e-06    4.9e-07
1327600      3.03e-05      2.19e-06    4.9e-07
1327700      4.59e-05      3.31e-06    4.9e-07
1327800      2.33e-05      1.68e-06    4.9e-07
1327900      2.75e-05      1.99e-06    4.9e-07
1328000      4.04e-05      2.92e-06    4.9e-07
1328100      4.04e-05      2.91e-06    4.9e-07
1328200      3.55e-05      2.56e-06    4.9e-07
1328300      3.24e-05      2.34e-06    4.9e-07
1328400      4.67e-05      3.37e-06    4.9e-07
1328500      1.55e-04      1.12e-05    4.9e-07
1328600      4.24e-05      3.06e-06    4.9e-07
1328700      3.03e-05      2.19e-06    4.9e-07
1328800      2.23e-05      1.61e-06    4.9e-07
1328900      3.63e-05      2.62e-06    4.9e-07
1329000      1.83e-04      1.32e-05    4.9e-07
1329100      4.98e-05      3.59e-06    4.9e-07
1329200      2.00e-05      1.44e-06    4.9e-07
1329300      2.86e-05      2.07e-06    4.9e-07
1329400      2.81e-05      2.03e-06    4.9e-07
1329500      2.37e-05      1.71e-06    4.9e-07
1329600      3.52e-05      2.54e-06    4.9e-07
1329700      2.41e-05      1.74e-06    4.9e-07
1329800      2.46e-05      1.78e-06    4.9e-07
1329900      2.56e-05      1.85e-06    4.9e-07
1330000      4.72e-05      3.41e-06    4.7e-07
1330100      6.65e-05      4.80e-06    4.7e-07
1330200      4.02e-05      2.90e-06    4.7e-07
1330300      3.79e-05      2.73e-06    4.7e-07
1330400      1.61e-05      1.16e-06    4.7e-07
1330500      2.40e-05      1.73e-06    4.7e-07
1330600      5.71e-05      4.12e-06    4.7e-07
1330700      3.05e-05      2.20e-06    4.7e-07
1330800      5.29e-05      3.82e-06    4.7e-07
1330900      1.75e-05      1.26e-06    4.7e-07
1331000      3.03e-05      2.19e-06    4.7e-07
1331100      2.98e-05      2.15e-06    4.7e-07
1331200      5.95e-05      4.29e-06    4.7e-07
1331300      2.78e-05      2.01e-06    4.7e-07
1331400      4.66e-05      3.36e-06    4.7e-07
1331500      3.86e-05      2.79e-06    4.7e-07
1331600      3.05e-05      2.20e-06    4.7e-07
1331700      4.67e-05      3.37e-06    4.7e-07
1331800      3.75e-05      2.71e-06    4.7e-07
1331900      9.54e-05      6.88e-06    4.7e-07
1332000      4.07e-05      2.94e-06    4.7e-07
1332100      5.52e-05      3.98e-06    4.7e-07
1332200      3.02e-05      2.18e-06    4.7e-07
1332300      4.06e-05      2.93e-06    4.7e-07
1332400      3.35e-05      2.41e-06    4.7e-07
1332500      2.77e-05      2.00e-06    4.7e-07
1332600      2.05e-04      1.48e-05    4.7e-07
1332700      8.13e-05      5.87e-06    4.7e-07
1332800      4.09e-05      2.95e-06    4.7e-07
1332900      2.41e-05      1.74e-06    4.7e-07
1333000      2.79e-05      2.02e-06    4.7e-07
1333100      2.50e-05      1.80e-06    4.7e-07
1333200      3.14e-05      2.26e-06    4.7e-07
1333300      3.52e-05      2.54e-06    4.7e-07
1333400      5.44e-05      3.93e-06    4.7e-07
1333500      1.83e-05      1.32e-06    4.7e-07
1333600      9.43e-05      6.81e-06    4.7e-07
1333700      4.03e-05      2.91e-06    4.7e-07
1333800      3.89e-05      2.81e-06    4.7e-07
1333900      4.65e-05      3.35e-06    4.7e-07
1334000      3.50e-05      2.53e-06    4.7e-07
1334100      3.82e-05      2.76e-06    4.7e-07
1334200      4.63e-05      3.34e-06    4.7e-07
1334300      2.69e-05      1.94e-06    4.7e-07
1334400      1.96e-05      1.42e-06    4.7e-07
1334500      1.25e-05      9.00e-07    4.7e-07
1334600      3.84e-05      2.77e-06    4.7e-07
1334700      1.43e-04      1.03e-05    4.7e-07
1334800      4.83e-05      3.48e-06    4.7e-07
1334900      3.40e-05      2.46e-06    4.7e-07
1335000      1.78e-05      1.28e-06    4.6e-07
1335100      2.32e-05      1.67e-06    4.6e-07
1335200      2.21e-05      1.59e-06    4.6e-07
1335300      3.35e-05      2.42e-06    4.6e-07
1335400      3.97e-05      2.86e-06    4.6e-07
1335500      4.14e-05      2.99e-06    4.6e-07
1335600      3.07e-05      2.22e-06    4.6e-07
1335700      4.00e-05      2.89e-06    4.6e-07
1335800      3.14e-05      2.27e-06    4.6e-07
1335900      3.61e-05      2.61e-06    4.6e-07
1336000      3.35e-05      2.42e-06    4.6e-07
1336100      4.31e-05      3.11e-06    4.6e-07
1336200      1.35e-04      9.76e-06    4.6e-07
1336300      5.54e-05      4.00e-06    4.6e-07
1336400      3.87e-05      2.79e-06    4.6e-07
1336500      2.85e-05      2.06e-06    4.6e-07
1336600      5.24e-05      3.79e-06    4.6e-07
1336700      3.11e-05      2.24e-06    4.6e-07
1336800      1.10e-04      7.94e-06    4.6e-07
1336900      2.22e-05      1.60e-06    4.6e-07
1337000      1.89e-05      1.37e-06    4.6e-07
1337100      4.63e-05      3.34e-06    4.6e-07
1337200      2.04e-05      1.47e-06    4.6e-07
1337300      8.67e-05      6.25e-06    4.6e-07
1337400      7.19e-05      5.19e-06    4.6e-07
1337500      7.57e-05      5.47e-06    4.6e-07
1337600      4.37e-05      3.15e-06    4.6e-07
1337700      3.44e-04      2.49e-05    4.6e-07
1337800      7.35e-05      5.30e-06    4.6e-07
1337900      1.68e-05      1.21e-06    4.6e-07
1338000      2.42e-05      1.75e-06    4.6e-07
1338100      5.40e-05      3.90e-06    4.6e-07
1338200      1.92e-05      1.39e-06    4.6e-07
1338300      3.69e-05      2.66e-06    4.6e-07
1338400      4.20e-05      3.03e-06    4.6e-07
1338500      3.81e-05      2.75e-06    4.6e-07
1338600      1.36e-04      9.79e-06    4.6e-07
1338700      1.13e-04      8.18e-06    4.6e-07
1338800      4.06e-05      2.93e-06    4.6e-07
1338900      3.66e-05      2.64e-06    4.6e-07
1339000      5.93e-05      4.28e-06    4.6e-07
1339100      3.40e-05      2.45e-06    4.6e-07
1339200      3.20e-05      2.31e-06    4.6e-07
1339300      1.81e-05      1.30e-06    4.6e-07
1339400      3.96e-05      2.86e-06    4.6e-07
1339500      3.69e-05      2.66e-06    4.6e-07
1339600      3.47e-05      2.50e-06    4.6e-07
1339700      2.11e-05      1.52e-06    4.6e-07
1339800      3.29e-05      2.37e-06    4.6e-07
1339900      9.95e-05      7.18e-06    4.6e-07
1340000      2.43e-05      1.76e-06    4.5e-07
1340100      2.19e-05      1.58e-06    4.5e-07
1340200      3.33e-05      2.40e-06    4.5e-07
1340300      2.24e-05      1.61e-06    4.5e-07
1340400      2.26e-05      1.63e-06    4.5e-07
1340500      2.62e-05      1.89e-06    4.5e-07
1340600      3.98e-05      2.88e-06    4.5e-07
1340700      2.03e-05      1.47e-06    4.5e-07
1340800      1.75e-05      1.26e-06    4.5e-07
1340900      9.56e-05      6.90e-06    4.5e-07
1341000      2.55e-05      1.84e-06    4.5e-07
1341100      6.39e-05      4.61e-06    4.5e-07
1341200      2.25e-05      1.62e-06    4.5e-07
1341300      4.24e-05      3.06e-06    4.5e-07
1341400      3.18e-05      2.30e-06    4.5e-07
1341500      5.92e-05      4.28e-06    4.5e-07
1341600      1.93e-05      1.39e-06    4.5e-07
1341700      4.22e-05      3.05e-06    4.5e-07
1341800      2.16e-05      1.56e-06    4.5e-07
1341900      4.88e-05      3.52e-06    4.5e-07
1342000      5.19e-05      3.75e-06    4.5e-07
1342100      4.63e-05      3.34e-06    4.5e-07
1342200      4.60e-05      3.32e-06    4.5e-07
1342300      3.29e-05      2.37e-06    4.5e-07
1342400      3.87e-05      2.79e-06    4.5e-07
1342500      5.06e-05      3.65e-06    4.5e-07
1342600      3.85e-05      2.78e-06    4.5e-07
1342700      2.62e-05      1.89e-06    4.5e-07
1342800      3.41e-05      2.46e-06    4.5e-07
1342900      3.03e-05      2.18e-06    4.5e-07
1343000      4.37e-05      3.16e-06    4.5e-07
1343100      3.60e-05      2.60e-06    4.5e-07
1343200      2.81e-05      2.03e-06    4.5e-07
1343300      2.01e-04      1.45e-05    4.5e-07
1343400      1.49e-05      1.08e-06    4.5e-07
1343500      4.74e-05      3.42e-06    4.5e-07
1343600      2.77e-05      2.00e-06    4.5e-07
1343700      1.74e-05      1.26e-06    4.5e-07
1343800      2.97e-05      2.15e-06    4.5e-07
1343900      3.50e-05      2.53e-06    4.5e-07
1344000      1.90e-05      1.37e-06    4.5e-07
1344100      2.51e-05      1.81e-06    4.5e-07
1344200      5.53e-05      3.99e-06    4.5e-07
1344300      3.20e-05      2.31e-06    4.5e-07
1344400      2.89e-05      2.08e-06    4.5e-07
1344500      2.06e-05      1.49e-06    4.5e-07
1344600      2.51e-05      1.81e-06    4.5e-07
1344700      2.35e-05      1.70e-06    4.5e-07
1344800      5.39e-05      3.89e-06    4.5e-07
1344900      2.14e-05      1.54e-06    4.5e-07
1345000      3.65e-05      2.63e-06    4.3e-07
1345100      1.97e-05      1.42e-06    4.3e-07
1345200      4.17e-05      3.01e-06    4.3e-07
1345300      5.05e-05      3.65e-06    4.3e-07
1345400      3.35e-05      2.42e-06    4.3e-07
1345500      2.57e-05      1.85e-06    4.3e-07
1345600      4.35e-05      3.14e-06    4.3e-07
1345700      3.77e-05      2.72e-06    4.3e-07
1345800      2.34e-05      1.69e-06    4.3e-07
1345900      4.84e-05      3.49e-06    4.3e-07
1346000      3.17e-05      2.29e-06    4.3e-07
1346100      2.95e-05      2.13e-06    4.3e-07
1346200      3.10e-05      2.24e-06    4.3e-07
1346300      6.29e-05      4.54e-06    4.3e-07
1346400      3.12e-05      2.25e-06    4.3e-07
1346500      1.28e-04      9.24e-06    4.3e-07
1346600      6.01e-05      4.34e-06    4.3e-07
1346700      3.79e-05      2.74e-06    4.3e-07
1346800      4.90e-05      3.53e-06    4.3e-07
1346900      2.10e-05      1.51e-06    4.3e-07
1347000      3.35e-05      2.42e-06    4.3e-07
1347100      1.59e-05      1.15e-06    4.3e-07
1347200      1.96e-05      1.41e-06    4.3e-07
1347300      7.05e-05      5.09e-06    4.3e-07
1347400      2.58e-05      1.86e-06    4.3e-07
1347500      2.12e-05      1.53e-06    4.3e-07
1347600      3.16e-05      2.28e-06    4.3e-07
1347700      4.13e-05      2.98e-06    4.3e-07
1347800      4.77e-05      3.44e-06    4.3e-07
1347900      4.81e-05      3.47e-06    4.3e-07
1348000      3.21e-05      2.32e-06    4.3e-07
1348100      3.59e-05      2.59e-06    4.3e-07
1348200      3.99e-05      2.88e-06    4.3e-07
1348300      3.38e-05      2.44e-06    4.3e-07
1348400      2.70e-05      1.95e-06    4.3e-07
1348500      9.52e-05      6.87e-06    4.3e-07
1348600      2.65e-05      1.91e-06    4.3e-07
1348700      2.19e-05      1.58e-06    4.3e-07
1348800      3.21e-05      2.32e-06    4.3e-07
1348900      2.14e-05      1.55e-06    4.3e-07
1349000      3.52e-05      2.54e-06    4.3e-07
1349100      6.14e-05      4.43e-06    4.3e-07
1349200      2.47e-05      1.78e-06    4.3e-07
1349300      3.06e-05      2.21e-06    4.3e-07
1349400      2.73e-05      1.97e-06    4.3e-07
1349500      3.51e-05      2.53e-06    4.3e-07
1349600      2.46e-05      1.78e-06    4.3e-07
1349700      2.82e-05      2.04e-06    4.3e-07
1349800      2.56e-05      1.85e-06    4.3e-07
1349900      2.40e-05      1.73e-06    4.3e-07
1350000      3.10e-05      2.24e-06    4.2e-07
1350100      4.56e-05      3.29e-06    4.2e-07
1350200      3.10e-05      2.24e-06    4.2e-07
1350300      2.38e-05      1.71e-06    4.2e-07
1350400      5.50e-05      3.97e-06    4.2e-07
1350500      1.97e-05      1.42e-06    4.2e-07
1350600      3.89e-05      2.81e-06    4.2e-07
1350700      2.48e-05      1.79e-06    4.2e-07
1350800      2.26e-05      1.63e-06    4.2e-07
1350900      2.41e-05      1.74e-06    4.2e-07
1351000      4.18e-05      3.02e-06    4.2e-07
1351100      1.54e-05      1.11e-06    4.2e-07
1351200      1.93e-05      1.39e-06    4.2e-07
1351300      6.96e-05      5.02e-06    4.2e-07
1351400      3.58e-05      2.58e-06    4.2e-07
1351500      2.11e-05      1.53e-06    4.2e-07
1351600      4.60e-05      3.32e-06    4.2e-07
1351700      2.81e-05      2.03e-06    4.2e-07
1351800      8.95e-05      6.46e-06    4.2e-07
1351900      1.46e-05      1.05e-06    4.2e-07
1352000      5.01e-05      3.62e-06    4.2e-07
1352100      4.12e-05      2.97e-06    4.2e-07
1352200      3.53e-05      2.54e-06    4.2e-07
1352300      3.64e-05      2.63e-06    4.2e-07
1352400      2.61e-05      1.88e-06    4.2e-07
1352500      2.79e-05      2.02e-06    4.2e-07
1352600      3.13e-05      2.26e-06    4.2e-07
1352700      6.00e-05      4.33e-06    4.2e-07
1352800      2.26e-05      1.63e-06    4.2e-07
1352900      1.43e-04      1.03e-05    4.2e-07
1353000      1.51e-05      1.09e-06    4.2e-07
1353100      1.93e-05      1.39e-06    4.2e-07
1353200      2.18e-05      1.58e-06    4.2e-07
1353300      2.71e-05      1.96e-06    4.2e-07
1353400      2.74e-05      1.98e-06    4.2e-07
1353500      3.43e-05      2.48e-06    4.2e-07
1353600      3.27e-05      2.36e-06    4.2e-07
1353700      2.83e-05      2.04e-06    4.2e-07
1353800      1.57e-05      1.13e-06    4.2e-07
1353900      1.31e-05      9.43e-07    4.2e-07
1354000      3.77e-05      2.72e-06    4.2e-07
1354100      2.05e-05      1.48e-06    4.2e-07
1354200      1.71e-05      1.23e-06    4.2e-07
1354300      1.42e-05      1.03e-06    4.2e-07
1354400      5.66e-05      4.08e-06    4.2e-07
1354500      2.37e-05      1.71e-06    4.2e-07
1354600      3.67e-05      2.65e-06    4.2e-07
1354700      5.97e-05      4.31e-06    4.2e-07
1354800      7.47e-05      5.39e-06    4.2e-07
1354900      1.31e-04      9.42e-06    4.2e-07
1355000      4.72e-05      3.41e-06    4.1e-07
1355100      1.53e-05      1.11e-06    4.1e-07
1355200      2.90e-05      2.10e-06    4.1e-07
1355300      8.15e-05      5.88e-06    4.1e-07
1355400      1.40e-05      1.01e-06    4.1e-07
1355500      2.35e-05      1.69e-06    4.1e-07
1355600      3.69e-05      2.67e-06    4.1e-07
1355700      2.69e-05      1.94e-06    4.1e-07
1355800      3.44e-05      2.48e-06    4.1e-07
1355900      3.19e-05      2.31e-06    4.1e-07
1356000      2.55e-05      1.84e-06    4.1e-07
1356100      3.67e-05      2.65e-06    4.1e-07
1356200      3.15e-05      2.28e-06    4.1e-07
1356300      1.84e-05      1.33e-06    4.1e-07
1356400      6.27e-05      4.52e-06    4.1e-07
1356500      2.78e-05      2.00e-06    4.1e-07
1356600      2.18e-05      1.57e-06    4.1e-07
1356700      5.24e-05      3.78e-06    4.1e-07
1356800      5.63e-05      4.06e-06    4.1e-07
1356900      1.55e-04      1.12e-05    4.1e-07
1357000      4.65e-05      3.36e-06    4.1e-07
1357100      2.97e-05      2.14e-06    4.1e-07
1357200      2.58e-05      1.86e-06    4.1e-07
1357300      1.61e-04      1.17e-05    4.1e-07
1357400      8.37e-05      6.04e-06    4.1e-07
1357500      5.39e-05      3.89e-06    4.1e-07
1357600      3.36e-05      2.42e-06    4.1e-07
1357700      4.74e-05      3.42e-06    4.1e-07
1357800      3.41e-05      2.46e-06    4.1e-07
1357900      2.06e-05      1.49e-06    4.1e-07
1358000      1.70e-05      1.23e-06    4.1e-07
1358100      2.29e-05      1.65e-06    4.1e-07
1358200      2.41e-05      1.74e-06    4.1e-07
1358300      8.32e-05      6.00e-06    4.1e-07
1358400      7.34e-05      5.29e-06    4.1e-07
1358500      5.94e-05      4.29e-06    4.1e-07
1358600      4.17e-05      3.01e-06    4.1e-07
1358700      2.17e-05      1.57e-06    4.1e-07
1358800      2.90e-05      2.09e-06    4.1e-07
1358900      2.00e-05      1.45e-06    4.1e-07
1359000      2.19e-05      1.58e-06    4.1e-07
1359100      1.85e-05      1.34e-06    4.1e-07
1359200      2.74e-05      1.98e-06    4.1e-07
1359300      4.14e-05      2.98e-06    4.1e-07
1359400      3.42e-05      2.47e-06    4.1e-07
1359500      2.56e-05      1.85e-06    4.1e-07
1359600      2.81e-05      2.03e-06    4.1e-07
1359700      2.27e-05      1.64e-06    4.1e-07
1359800      2.59e-05      1.87e-06    4.1e-07
1359900      2.57e-05      1.86e-06    4.1e-07
1360000      1.20e-05      8.67e-07    4.0e-07
1360100      2.56e-05      1.85e-06    4.0e-07
1360200      3.95e-05      2.85e-06    4.0e-07
1360300      2.57e-04      1.85e-05    4.0e-07
1360400      4.30e-05      3.10e-06    4.0e-07
1360500      3.25e-05      2.35e-06    4.0e-07
1360600      2.28e-05      1.65e-06    4.0e-07
1360700      3.26e-05      2.35e-06    4.0e-07
1360800      2.45e-05      1.77e-06    4.0e-07
1360900      1.58e-05      1.14e-06    4.0e-07
1361000      9.98e-05      7.20e-06    4.0e-07
1361100      4.32e-05      3.12e-06    4.0e-07
1361200      1.97e-05      1.42e-06    4.0e-07
1361300      1.99e-05      1.43e-06    4.0e-07
1361400      2.55e-05      1.84e-06    4.0e-07
1361500      3.27e-05      2.36e-06    4.0e-07
1361600      2.45e-05      1.77e-06    4.0e-07
1361700      1.89e-04      1.36e-05    4.0e-07
1361800      5.47e-05      3.95e-06    4.0e-07
1361900      1.68e-04      1.21e-05    4.0e-07
1362000      2.74e-05      1.98e-06    4.0e-07
1362100      3.66e-05      2.64e-06    4.0e-07
1362200      2.48e-05      1.79e-06    4.0e-07
1362300      2.89e-05      2.08e-06    4.0e-07
1362400      2.21e-05      1.59e-06    4.0e-07
1362500      5.54e-05      4.00e-06    4.0e-07
1362600      3.04e-05      2.20e-06    4.0e-07
1362700      1.73e-05      1.25e-06    4.0e-07
1362800      5.73e-05      4.14e-06    4.0e-07
1362900      4.59e-05      3.31e-06    4.0e-07
1363000      2.43e-05      1.76e-06    4.0e-07
1363100      6.35e-05      4.59e-06    4.0e-07
1363200      3.71e-05      2.68e-06    4.0e-07
1363300      1.57e-05      1.13e-06    4.0e-07
1363400      3.49e-05      2.52e-06    4.0e-07
1363500      3.82e-05      2.76e-06    4.0e-07
1363600      2.34e-05      1.69e-06    4.0e-07
1363700      4.89e-05      3.53e-06    4.0e-07
1363800      2.41e-05      1.74e-06    4.0e-07
1363900      6.89e-05      4.97e-06    4.0e-07
1364000      6.24e-05      4.50e-06    4.0e-07
1364100      3.71e-05      2.67e-06    4.0e-07
1364200      3.33e-05      2.40e-06    4.0e-07
1364300      5.37e-05      3.88e-06    4.0e-07
1364400      3.19e-05      2.30e-06    4.0e-07
1364500      2.00e-05      1.44e-06    4.0e-07
1364600      3.83e-05      2.77e-06    4.0e-07
1364700      3.17e-05      2.29e-06    4.0e-07
1364800      1.17e-04      8.43e-06    4.0e-07
1364900      3.07e-05      2.22e-06    4.0e-07
1365000      3.42e-05      2.47e-06    3.9e-07
1365100      1.89e-05      1.36e-06    3.9e-07
1365200      3.60e-05      2.60e-06    3.9e-07
1365300      2.60e-05      1.88e-06    3.9e-07
1365400      2.59e-05      1.87e-06    3.9e-07
1365500      2.00e-05      1.44e-06    3.9e-07
1365600      5.68e-05      4.10e-06    3.9e-07
1365700      2.67e-05      1.93e-06    3.9e-07
1365800      3.65e-05      2.63e-06    3.9e-07
1365900      4.23e-05      3.05e-06    3.9e-07
1366000      3.09e-05      2.23e-06    3.9e-07
1366100      1.36e-05      9.84e-07    3.9e-07
1366200      5.86e-05      4.23e-06    3.9e-07
1366300      2.44e-05      1.76e-06    3.9e-07
1366400      2.92e-05      2.10e-06    3.9e-07
1366500      3.38e-05      2.44e-06    3.9e-07
1366600      2.91e-05      2.10e-06    3.9e-07
1366700      1.77e-05      1.28e-06    3.9e-07
1366800      2.56e-05      1.85e-06    3.9e-07
1366900      2.17e-05      1.57e-06    3.9e-07
1367000      2.52e-05      1.82e-06    3.9e-07
1367100      3.66e-05      2.64e-06    3.9e-07
1367200      3.33e-05      2.41e-06    3.9e-07
1367300      1.66e-04      1.20e-05    3.9e-07
1367400      2.91e-05      2.10e-06    3.9e-07
1367500      2.87e-05      2.07e-06    3.9e-07
1367600      3.30e-05      2.38e-06    3.9e-07
1367700      1.17e-04      8.43e-06    3.9e-07
1367800      3.80e-05      2.75e-06    3.9e-07
1367900      3.33e-05      2.40e-06    3.9e-07
1368000      2.21e-05      1.59e-06    3.9e-07
1368100      2.57e-05      1.86e-06    3.9e-07
1368200      2.73e-05      1.97e-06    3.9e-07
1368300      4.33e-05      3.12e-06    3.9e-07
1368400      3.01e-05      2.17e-06    3.9e-07
1368500      2.42e-05      1.75e-06    3.9e-07
1368600      3.53e-05      2.55e-06    3.9e-07
1368700      2.01e-05      1.45e-06    3.9e-07
1368800      1.75e-05      1.26e-06    3.9e-07
1368900      3.43e-05      2.47e-06    3.9e-07
1369000      3.21e-05      2.31e-06    3.9e-07
1369100      2.71e-05      1.95e-06    3.9e-07
1369200      3.66e-05      2.64e-06    3.9e-07
1369300      3.57e-05      2.58e-06    3.9e-07
1369400      2.56e-05      1.85e-06    3.9e-07
1369500      2.38e-05      1.72e-06    3.9e-07
1369600      2.19e-05      1.58e-06    3.9e-07
1369700      5.48e-05      3.95e-06    3.9e-07
1369800      3.13e-05      2.26e-06    3.9e-07
1369900      4.00e-05      2.88e-06    3.9e-07
1370000      3.19e-05      2.31e-06    3.8e-07
1370100      2.76e-05      2.00e-06    3.8e-07
1370200      1.89e-05      1.37e-06    3.8e-07
1370300      1.05e-05      7.61e-07    3.8e-07
1370400      1.85e-04      1.34e-05    3.8e-07
1370500      2.00e-05      1.45e-06    3.8e-07
1370600      2.20e-05      1.58e-06    3.8e-07
1370700      2.60e-05      1.88e-06    3.8e-07
1370800      2.75e-05      1.99e-06    3.8e-07
1370900      5.43e-05      3.92e-06    3.8e-07
1371000      4.28e-05      3.09e-06    3.8e-07
1371100      5.78e-05      4.17e-06    3.8e-07
1371200      2.76e-05      1.99e-06    3.8e-07
1371300      2.97e-05      2.15e-06    3.8e-07
1371400      5.96e-05      4.30e-06    3.8e-07
1371500      1.81e-05      1.30e-06    3.8e-07
1371600      2.09e-05      1.51e-06    3.8e-07
1371700      1.84e-04      1.33e-05    3.8e-07
1371800      2.84e-05      2.05e-06    3.8e-07
1371900      1.31e-05      9.45e-07    3.8e-07
1372000      2.21e-05      1.60e-06    3.8e-07
1372100      1.69e-05      1.22e-06    3.8e-07
1372200      2.58e-05      1.86e-06    3.8e-07
1372300      4.17e-05      3.01e-06    3.8e-07
1372400      1.24e-04      8.95e-06    3.8e-07
1372500      6.14e-05      4.43e-06    3.8e-07
1372600      1.98e-05      1.43e-06    3.8e-07
1372700      3.15e-05      2.28e-06    3.8e-07
1372800      2.82e-05      2.03e-06    3.8e-07
1372900      3.80e-05      2.74e-06    3.8e-07
1373000      1.46e-05      1.05e-06    3.8e-07
1373100      1.67e-05      1.21e-06    3.8e-07
1373200      1.97e-05      1.42e-06    3.8e-07
1373300      2.18e-05      1.58e-06    3.8e-07
1373400      2.30e-05      1.66e-06    3.8e-07
1373500      3.59e-05      2.59e-06    3.8e-07
1373600      2.84e-05      2.05e-06    3.8e-07
1373700      1.27e-04      9.20e-06    3.8e-07
1373800      2.62e-05      1.89e-06    3.8e-07
1373900      3.73e-05      2.69e-06    3.8e-07
1374000      1.71e-05      1.23e-06    3.8e-07
1374100      2.37e-05      1.71e-06    3.8e-07
1374200      2.32e-05      1.67e-06    3.8e-07
1374300      1.68e-05      1.21e-06    3.8e-07
1374400      3.38e-05      2.44e-06    3.8e-07
1374500      3.14e-05      2.26e-06    3.8e-07
1374600      1.65e-04      1.19e-05    3.8e-07
1374700      4.12e-05      2.98e-06    3.8e-07
1374800      3.15e-05      2.28e-06    3.8e-07
1374900      1.72e-05      1.24e-06    3.8e-07
1375000      1.72e-05      1.24e-06    3.7e-07
1375100      2.98e-05      2.15e-06    3.7e-07
1375200      9.60e-05      6.93e-06    3.7e-07
1375300      3.13e-05      2.26e-06    3.7e-07
1375400      3.40e-05      2.45e-06    3.7e-07
1375500      3.28e-05      2.37e-06    3.7e-07
1375600      1.30e-04      9.39e-06    3.7e-07
1375700      2.19e-05      1.58e-06    3.7e-07
1375800      2.91e-05      2.10e-06    3.7e-07
1375900      4.28e-05      3.09e-06    3.7e-07
1376000      3.07e-05      2.21e-06    3.7e-07
1376100      2.42e-05      1.75e-06    3.7e-07
1376200      1.72e-05      1.24e-06    3.7e-07
1376300      1.24e-04      8.97e-06    3.7e-07
1376400      2.80e-05      2.02e-06    3.7e-07
1376500      2.50e-05      1.80e-06    3.7e-07
1376600      2.02e-04      1.46e-05    3.7e-07
1376700      1.32e-05      9.51e-07    3.7e-07
1376800      1.11e-04      8.01e-06    3.7e-07
1376900      2.39e-05      1.72e-06    3.7e-07
1377000      3.15e-05      2.27e-06    3.7e-07
1377100      5.37e-05      3.88e-06    3.7e-07
1377200      1.56e-04      1.12e-05    3.7e-07
1377300      3.35e-05      2.42e-06    3.7e-07
1377400      3.69e-05      2.66e-06    3.7e-07
1377500      2.32e-05      1.67e-06    3.7e-07
1377600      4.67e-05      3.37e-06    3.7e-07
1377700      4.42e-05      3.19e-06    3.7e-07
1377800      2.14e-05      1.54e-06    3.7e-07
1377900      2.68e-05      1.93e-06    3.7e-07
1378000      2.12e-05      1.53e-06    3.7e-07
1378100      9.62e-05      6.94e-06    3.7e-07
1378200      2.48e-05      1.79e-06    3.7e-07
1378300      2.34e-05      1.69e-06    3.7e-07
1378400      2.06e-04      1.48e-05    3.7e-07
1378500      5.68e-05      4.10e-06    3.7e-07
1378600      2.67e-05      1.93e-06    3.7e-07
1378700      2.52e-05      1.82e-06    3.7e-07
1378800      3.67e-05      2.65e-06    3.7e-07
1378900      2.53e-05      1.82e-06    3.7e-07
1379000      5.08e-05      3.67e-06    3.7e-07
1379100      1.67e-04      1.21e-05    3.7e-07
1379200      1.34e-04      9.65e-06    3.7e-07
1379300      2.63e-05      1.89e-06    3.7e-07
1379400      4.56e-05      3.29e-06    3.7e-07
1379500      4.07e-05      2.94e-06    3.7e-07
1379600      2.72e-05      1.96e-06    3.7e-07
1379700      1.48e-04      1.07e-05    3.7e-07
1379800      4.53e-05      3.27e-06    3.7e-07
1379900      2.04e-05      1.47e-06    3.7e-07
1380000      2.79e-05      2.01e-06    3.5e-07
1380100      2.43e-05      1.76e-06    3.5e-07
1380200      2.06e-05      1.49e-06    3.5e-07
1380300      3.24e-05      2.34e-06    3.5e-07
1380400      2.47e-05      1.78e-06    3.5e-07
1380500      4.66e-05      3.36e-06    3.5e-07
1380600      2.74e-05      1.97e-06    3.5e-07
1380700      7.77e-05      5.61e-06    3.5e-07
1380800      1.59e-05      1.15e-06    3.5e-07
1380900      6.51e-05      4.69e-06    3.5e-07
1381000      2.56e-05      1.85e-06    3.5e-07
1381100      2.85e-05      2.06e-06    3.5e-07
1381200      5.32e-05      3.84e-06    3.5e-07
1381300      1.99e-05      1.43e-06    3.5e-07
1381400      1.49e-05      1.08e-06    3.5e-07
1381500      3.08e-05      2.22e-06    3.5e-07
1381600      2.49e-05      1.80e-06    3.5e-07
1381700      2.69e-05      1.94e-06    3.5e-07
1381800      3.09e-05      2.23e-06    3.5e-07
1381900      2.19e-05      1.58e-06    3.5e-07
1382000      2.19e-05      1.58e-06    3.5e-07
1382100      1.06e-04      7.62e-06    3.5e-07
1382200      4.69e-05      3.38e-06    3.5e-07
1382300      4.39e-05      3.17e-06    3.5e-07
1382400      2.60e-05      1.87e-06    3.5e-07
1382500      3.56e-05      2.57e-06    3.5e-07
1382600      3.73e-05      2.69e-06    3.5e-07
1382700      2.50e-05      1.81e-06    3.5e-07
1382800      3.30e-05      2.38e-06    3.5e-07
1382900      2.46e-05      1.77e-06    3.5e-07
1383000      4.25e-05      3.07e-06    3.5e-07
1383100      3.56e-05      2.57e-06    3.5e-07
1383200      6.43e-05      4.64e-06    3.5e-07
1383300      8.63e-05      6.23e-06    3.5e-07
1383400      2.11e-05      1.52e-06    3.5e-07
1383500      2.06e-05      1.48e-06    3.5e-07
1383600      1.60e-05      1.16e-06    3.5e-07
1383700      5.22e-05      3.77e-06    3.5e-07
1383800      2.39e-05      1.73e-06    3.5e-07
1383900      3.55e-05      2.57e-06    3.5e-07
1384000      2.67e-05      1.93e-06    3.5e-07
1384100      3.47e-05      2.50e-06    3.5e-07
1384200      2.80e-05      2.02e-06    3.5e-07
1384300      4.31e-05      3.11e-06    3.5e-07
1384400      4.24e-05      3.06e-06    3.5e-07
1384500      2.57e-05      1.86e-06    3.5e-07
1384600      1.23e-04      8.85e-06    3.5e-07
1384700      4.16e-05      3.00e-06    3.5e-07
1384800      2.65e-05      1.92e-06    3.5e-07
1384900      1.95e-05      1.41e-06    3.5e-07
1385000      1.57e-05      1.13e-06    3.4e-07
1385100      1.21e-04      8.70e-06    3.4e-07
1385200      2.85e-05      2.06e-06    3.4e-07
1385300      2.06e-05      1.48e-06    3.4e-07
1385400      2.95e-05      2.13e-06    3.4e-07
1385500      3.07e-05      2.22e-06    3.4e-07
1385600      2.00e-05      1.45e-06    3.4e-07
1385700      2.01e-05      1.45e-06    3.4e-07
1385800      5.65e-06      4.08e-07    3.4e-07
1385900      2.32e-04      1.67e-05    3.4e-07
1386000      2.14e-05      1.54e-06    3.4e-07
1386100      4.64e-05      3.35e-06    3.4e-07
1386200      2.87e-05      2.07e-06    3.4e-07
1386300      2.17e-05      1.57e-06    3.4e-07
1386400      5.31e-05      3.83e-06    3.4e-07
1386500      2.35e-05      1.69e-06    3.4e-07
1386600      3.98e-05      2.87e-06    3.4e-07
1386700      1.69e-05      1.22e-06    3.4e-07
1386800      3.03e-05      2.19e-06    3.4e-07
1386900      2.14e-05      1.55e-06    3.4e-07
1387000      3.26e-05      2.36e-06    3.4e-07
1387100      1.30e-05      9.36e-07    3.4e-07
1387200      1.33e-04      9.58e-06    3.4e-07
1387300      4.34e-05      3.13e-06    3.4e-07
1387400      2.97e-05      2.14e-06    3.4e-07
1387500      2.48e-05      1.79e-06    3.4e-07
1387600      2.39e-05      1.73e-06    3.4e-07
1387700      3.64e-05      2.63e-06    3.4e-07
1387800      2.48e-05      1.79e-06    3.4e-07
1387900      1.90e-05      1.37e-06    3.4e-07
1388000      1.59e-05      1.14e-06    3.4e-07
1388100      3.01e-05      2.17e-06    3.4e-07
1388200      2.04e-05      1.47e-06    3.4e-07
1388300      1.04e-04      7.51e-06    3.4e-07
1388400      2.03e-05      1.47e-06    3.4e-07
1388500      2.20e-05      1.59e-06    3.4e-07
1388600      9.37e-05      6.77e-06    3.4e-07
1388700      2.51e-05      1.81e-06    3.4e-07
1388800      1.85e-05      1.34e-06    3.4e-07
1388900      1.73e-05      1.25e-06    3.4e-07
1389000      3.23e-05      2.33e-06    3.4e-07
1389100      1.65e-05      1.19e-06    3.4e-07
1389200      2.25e-05      1.62e-06    3.4e-07
1389300      3.24e-05      2.34e-06    3.4e-07
1389400      2.66e-05      1.92e-06    3.4e-07
1389500      4.29e-05      3.10e-06    3.4e-07
1389600      1.40e-05      1.01e-06    3.4e-07
1389700      1.72e-05      1.24e-06    3.4e-07
1389800      2.27e-05      1.64e-06    3.4e-07
1389900      2.77e-05      2.00e-06    3.4e-07
1390000      2.76e-05      1.99e-06    3.3e-07
1390100      1.58e-05      1.14e-06    3.3e-07
1390200      2.46e-05      1.78e-06    3.3e-07
1390300      3.44e-05      2.48e-06    3.3e-07
1390400      3.38e-05      2.44e-06    3.3e-07
1390500      1.37e-05      9.88e-07    3.3e-07
1390600      2.12e-05      1.53e-06    3.3e-07
1390700      1.69e-05      1.22e-06    3.3e-07
1390800      1.98e-05      1.43e-06    3.3e-07
1390900      1.66e-05      1.20e-06    3.3e-07
1391000      4.02e-05      2.90e-06    3.3e-07
1391100      2.98e-05      2.15e-06    3.3e-07
1391200      2.02e-05      1.46e-06    3.3e-07
1391300      2.86e-05      2.06e-06    3.3e-07
1391400      3.24e-05      2.34e-06    3.3e-07
1391500      1.28e-04      9.23e-06    3.3e-07
1391600      6.06e-05      4.37e-06    3.3e-07
1391700      3.62e-05      2.61e-06    3.3e-07
1391800      2.87e-05      2.07e-06    3.3e-07
1391900      2.69e-05      1.94e-06    3.3e-07
1392000      3.35e-05      2.42e-06    3.3e-07
1392100      3.23e-05      2.33e-06    3.3e-07
1392200      1.63e-05      1.18e-06    3.3e-07
1392300      2.22e-05      1.60e-06    3.3e-07
1392400      2.37e-05      1.71e-06    3.3e-07
1392500      2.08e-05      1.50e-06    3.3e-07
1392600      1.68e-05      1.21e-06    3.3e-07
1392700      2.13e-05      1.54e-06    3.3e-07
1392800      1.52e-04      1.10e-05    3.3e-07
1392900      1.30e-05      9.40e-07    3.3e-07
1393000      1.58e-05      1.14e-06    3.3e-07
1393100      2.67e-05      1.92e-06    3.3e-07
1393200      1.95e-05      1.41e-06    3.3e-07
1393300      4.37e-05      3.16e-06    3.3e-07
1393400      1.02e-05      7.39e-07    3.3e-07
1393500      3.01e-05      2.17e-06    3.3e-07
1393600      2.05e-05      1.48e-06    3.3e-07
1393700      3.58e-05      2.59e-06    3.3e-07
1393800      3.14e-05      2.27e-06    3.3e-07
1393900      5.30e-05      3.83e-06    3.3e-07
1394000      3.24e-05      2.34e-06    3.3e-07
1394100      1.80e-05      1.30e-06    3.3e-07
1394200      2.61e-05      1.89e-06    3.3e-07
1394300      2.19e-05      1.58e-06    3.3e-07
1394400      1.49e-05      1.08e-06    3.3e-07
1394500      3.51e-05      2.53e-06    3.3e-07
1394600      2.25e-05      1.62e-06    3.3e-07
1394700      6.19e-05      4.47e-06    3.3e-07
1394800      2.17e-05      1.56e-06    3.3e-07
1394900      4.70e-05      3.39e-06    3.3e-07
1395000      2.41e-05      1.74e-06    3.3e-07
1395100      1.88e-05      1.36e-06    3.3e-07
1395200      1.02e-05      7.36e-07    3.3e-07
1395300      3.15e-05      2.28e-06    3.3e-07
1395400      3.93e-05      2.83e-06    3.3e-07
1395500      2.91e-05      2.10e-06    3.3e-07
1395600      9.50e-05      6.85e-06    3.3e-07
1395700      5.13e-05      3.70e-06    3.3e-07
1395800      1.37e-05      9.86e-07    3.3e-07
1395900      1.73e-05      1.25e-06    3.3e-07
1396000      3.36e-05      2.43e-06    3.3e-07
1396100      2.19e-05      1.58e-06    3.3e-07
1396200      2.20e-05      1.59e-06    3.3e-07
1396300      3.55e-05      2.56e-06    3.3e-07
1396400      4.01e-05      2.90e-06    3.3e-07
1396500      1.56e-05      1.12e-06    3.3e-07
1396600      1.82e-05      1.32e-06    3.3e-07
1396700      2.85e-05      2.06e-06    3.3e-07
1396800      4.31e-05      3.11e-06    3.3e-07
1396900      2.39e-05      1.73e-06    3.3e-07
1397000      1.94e-05      1.40e-06    3.3e-07
1397100      1.25e-05      9.03e-07    3.3e-07
1397200      3.29e-05      2.38e-06    3.3e-07
1397300      1.90e-05      1.37e-06    3.3e-07
1397400      1.14e-05      8.21e-07    3.3e-07
1397500      3.60e-05      2.60e-06    3.3e-07
1397600      1.89e-05      1.36e-06    3.3e-07
1397700      3.37e-05      2.43e-06    3.3e-07
1397800      1.68e-05      1.21e-06    3.3e-07
1397900      2.70e-05      1.95e-06    3.3e-07
1398000      1.55e-05      1.12e-06    3.3e-07
1398100      2.15e-05      1.55e-06    3.3e-07
1398200      1.82e-05      1.31e-06    3.3e-07
1398300      2.36e-05      1.70e-06    3.3e-07
1398400      3.81e-05      2.75e-06    3.3e-07
1398500      2.27e-05      1.64e-06    3.3e-07
1398600      1.96e-05      1.42e-06    3.3e-07
1398700      2.75e-05      1.99e-06    3.3e-07
1398800      1.43e-05      1.03e-06    3.3e-07
1398900      4.59e-05      3.31e-06    3.3e-07
1399000      1.72e-05      1.24e-06    3.3e-07
1399100      3.35e-05      2.41e-06    3.3e-07
1399200      1.42e-04      1.03e-05    3.3e-07
1399300      4.02e-05      2.90e-06    3.3e-07
1399400      2.55e-05      1.84e-06    3.3e-07
1399500      3.52e-05      2.54e-06    3.3e-07
1399600      1.99e-05      1.44e-06    3.3e-07
1399700      2.84e-05      2.05e-06    3.3e-07
1399800      1.53e-05      1.10e-06    3.3e-07
1399900      2.04e-05      1.47e-06    3.3e-07
1400000      1.76e-05      1.27e-06    3.2e-07
1400100      2.49e-05      1.80e-06    3.2e-07
1400200      1.74e-05      1.26e-06    3.2e-07
1400300      1.54e-05      1.11e-06    3.2e-07
1400400      3.35e-05      2.42e-06    3.2e-07
1400500      1.33e-05      9.63e-07    3.2e-07
1400600      1.35e-05      9.77e-07    3.2e-07
1400700      5.96e-05      4.30e-06    3.2e-07
1400800      3.51e-05      2.53e-06    3.2e-07
1400900      3.48e-05      2.51e-06    3.2e-07
1401000      1.82e-05      1.31e-06    3.2e-07
1401100      1.62e-05      1.17e-06    3.2e-07
1401200      3.53e-05      2.55e-06    3.2e-07
1401300      2.19e-05      1.58e-06    3.2e-07
1401400      1.60e-05      1.15e-06    3.2e-07
1401500      3.37e-05      2.43e-06    3.2e-07
1401600      3.22e-05      2.32e-06    3.2e-07
1401700      1.98e-05      1.43e-06    3.2e-07
1401800      4.16e-05      3.00e-06    3.2e-07
1401900      1.76e-05      1.27e-06    3.2e-07
1402000      1.62e-04      1.17e-05    3.2e-07
1402100      1.98e-05      1.43e-06    3.2e-07
1402200      2.64e-05      1.91e-06    3.2e-07
1402300      8.10e-05      5.85e-06    3.2e-07
1402400      1.63e-05      1.18e-06    3.2e-07
1402500      1.85e-05      1.33e-06    3.2e-07
1402600      2.23e-05      1.61e-06    3.2e-07
1402700      2.42e-05      1.74e-06    3.2e-07
1402800      3.75e-05      2.70e-06    3.2e-07
1402900      2.80e-05      2.02e-06    3.2e-07
1403000      2.12e-05      1.53e-06    3.2e-07
1403100      5.84e-05      4.21e-06    3.2e-07
1403200      1.83e-05      1.32e-06    3.2e-07
1403300      4.56e-05      3.29e-06    3.2e-07
1403400      2.41e-05      1.74e-06    3.2e-07
1403500      1.49e-05      1.07e-06    3.2e-07
1403600      5.38e-05      3.89e-06    3.2e-07
1403700      5.60e-06      4.04e-07    3.2e-07
1403800      2.17e-05      1.57e-06    3.2e-07
1403900      7.78e-05      5.62e-06    3.2e-07
1404000      3.42e-05      2.46e-06    3.2e-07
1404100      2.27e-05      1.64e-06    3.2e-07
1404200      2.73e-05      1.97e-06    3.2e-07
1404300      2.38e-05      1.71e-06    3.2e-07
1404400      4.92e-05      3.55e-06    3.2e-07
1404500      2.85e-05      2.06e-06    3.2e-07
1404600      2.37e-05      1.71e-06    3.2e-07
1404700      2.39e-05      1.72e-06    3.2e-07
1404800      2.54e-05      1.84e-06    3.2e-07
1404900      3.09e-05      2.23e-06    3.2e-07
1405000      8.32e-06      6.01e-07    3.1e-07
1405100      2.13e-05      1.54e-06    3.1e-07
1405200      2.02e-04      1.46e-05    3.1e-07
1405300      1.40e-05      1.01e-06    3.1e-07
1405400      2.06e-04      1.49e-05    3.1e-07
1405500      2.27e-05      1.64e-06    3.1e-07
1405600      2.06e-05      1.49e-06    3.1e-07
1405700      3.79e-05      2.74e-06    3.1e-07
1405800      2.21e-05      1.60e-06    3.1e-07
1405900      2.47e-05      1.78e-06    3.1e-07
1406000      1.84e-04      1.33e-05    3.1e-07
1406100      1.57e-05      1.13e-06    3.1e-07
1406200      2.93e-05      2.12e-06    3.1e-07
1406300      2.19e-05      1.58e-06    3.1e-07
1406400      3.60e-05      2.60e-06    3.1e-07
1406500      3.08e-05      2.22e-06    3.1e-07
1406600      2.13e-05      1.53e-06    3.1e-07
1406700      4.02e-05      2.90e-06    3.1e-07
1406800      1.54e-05      1.11e-06    3.1e-07
1406900      4.64e-05      3.35e-06    3.1e-07
1407000      2.48e-05      1.79e-06    3.1e-07
1407100      3.06e-05      2.21e-06    3.1e-07
1407200      2.41e-05      1.74e-06    3.1e-07
1407300      3.59e-05      2.59e-06    3.1e-07
1407400      2.31e-05      1.66e-06    3.1e-07
1407500      9.88e-06      7.13e-07    3.1e-07
1407600      2.33e-05      1.68e-06    3.1e-07
1407700      1.23e-05      8.87e-07    3.1e-07
1407800      3.78e-05      2.72e-06    3.1e-07
1407900      2.56e-05      1.84e-06    3.1e-07
1408000      2.62e-05      1.89e-06    3.1e-07
1408100      3.85e-05      2.78e-06    3.1e-07
1408200      1.75e-05      1.26e-06    3.1e-07
1408300      1.10e-05      7.94e-07    3.1e-07
1408400      3.73e-05      2.70e-06    3.1e-07
1408500      2.24e-05      1.61e-06    3.1e-07
1408600      2.49e-05      1.80e-06    3.1e-07
1408700      2.46e-05      1.78e-06    3.1e-07
1408800      5.96e-05      4.30e-06    3.1e-07
1408900      2.38e-05      1.72e-06    3.1e-07
1409000      1.59e-05      1.15e-06    3.1e-07
1409100      2.27e-05      1.64e-06    3.1e-07
1409200      2.37e-05      1.71e-06    3.1e-07
1409300      2.83e-05      2.04e-06    3.1e-07
1409400      1.75e-05      1.27e-06    3.1e-07
1409500      1.79e-05      1.29e-06    3.1e-07
1409600      2.64e-05      1.91e-06    3.1e-07
1409700      3.45e-05      2.49e-06    3.1e-07
1409800      1.51e-04      1.09e-05    3.1e-07
1409900      2.86e-05      2.06e-06    3.1e-07
1410000      1.81e-05      1.31e-06    3.0e-07
1410100      1.46e-05      1.06e-06    3.0e-07
1410200      1.58e-05      1.14e-06    3.0e-07
1410300      2.62e-05      1.89e-06    3.0e-07
1410400      1.53e-05      1.11e-06    3.0e-07
1410500      1.37e-05      9.90e-07    3.0e-07
1410600      4.57e-05      3.30e-06    3.0e-07
1410700      1.76e-05      1.27e-06    3.0e-07
1410800      5.68e-05      4.10e-06    3.0e-07
1410900      3.35e-05      2.42e-06    3.0e-07
1411000      1.15e-04      8.27e-06    3.0e-07
1411100      2.14e-05      1.55e-06    3.0e-07
1411200      4.49e-05      3.24e-06    3.0e-07
1411300      3.30e-05      2.38e-06    3.0e-07
1411400      6.49e-05      4.68e-06    3.0e-07
1411500      2.50e-05      1.80e-06    3.0e-07
1411600      1.68e-05      1.21e-06    3.0e-07
1411700      4.28e-05      3.09e-06    3.0e-07
1411800      2.16e-05      1.56e-06    3.0e-07
1411900      6.27e-05      4.52e-06    3.0e-07
1412000      3.12e-05      2.25e-06    3.0e-07
1412100      3.32e-05      2.39e-06    3.0e-07
1412200      2.19e-05      1.58e-06    3.0e-07
1412300      1.02e-05      7.34e-07    3.0e-07
1412400      1.81e-05      1.31e-06    3.0e-07
1412500      4.73e-05      3.41e-06    3.0e-07
1412600      2.40e-05      1.73e-06    3.0e-07
1412700      2.29e-05      1.65e-06    3.0e-07
1412800      2.55e-05      1.84e-06    3.0e-07
1412900      1.93e-05      1.39e-06    3.0e-07
1413000      3.34e-05      2.41e-06    3.0e-07
1413100      6.03e-05      4.35e-06    3.0e-07
1413200      2.21e-05      1.59e-06    3.0e-07
1413300      1.88e-04      1.36e-05    3.0e-07
1413400      1.29e-05      9.31e-07    3.0e-07
1413500      4.98e-05      3.59e-06    3.0e-07
1413600      8.24e-05      5.95e-06    3.0e-07
1413700      2.11e-05      1.52e-06    3.0e-07
1413800      2.96e-05      2.13e-06    3.0e-07
1413900      2.70e-05      1.95e-06    3.0e-07
1414000      1.57e-05      1.13e-06    3.0e-07
1414100      2.94e-05      2.12e-06    3.0e-07
1414200      1.28e-05      9.24e-07    3.0e-07
1414300      3.02e-05      2.18e-06    3.0e-07
1414400      3.48e-05      2.51e-06    3.0e-07
1414500      2.14e-05      1.55e-06    3.0e-07
1414600      3.02e-05      2.18e-06    3.0e-07
1414700      9.48e-05      6.84e-06    3.0e-07
1414800      4.88e-05      3.52e-06    3.0e-07
1414900      1.42e-04      1.03e-05    3.0e-07
1415000      2.33e-05      1.68e-06    2.9e-07
1415100      1.81e-05      1.30e-06    2.9e-07
1415200      2.66e-05      1.92e-06    2.9e-07
1415300      1.76e-05      1.27e-06    2.9e-07
1415400      1.27e-05      9.14e-07    2.9e-07
1415500      4.13e-05      2.98e-06    2.9e-07
1415600      1.67e-04      1.21e-05    2.9e-07
1415700      1.45e-05      1.04e-06    2.9e-07
1415800      1.30e-05      9.37e-07    2.9e-07
1415900      3.02e-05      2.18e-06    2.9e-07
1416000      1.14e-05      8.25e-07    2.9e-07
1416100      2.32e-04      1.68e-05    2.9e-07
1416200      1.75e-05      1.26e-06    2.9e-07
1416300      1.33e-05      9.62e-07    2.9e-07
1416400      2.97e-05      2.14e-06    2.9e-07
1416500      3.12e-04      2.25e-05    2.9e-07
1416600      2.78e-05      2.01e-06    2.9e-07
1416700      1.74e-05      1.26e-06    2.9e-07
1416800      1.98e-05      1.43e-06    2.9e-07
1416900      2.22e-05      1.60e-06    2.9e-07
1417000      2.80e-05      2.02e-06    2.9e-07
1417100      2.07e-05      1.50e-06    2.9e-07
1417200      2.76e-05      1.99e-06    2.9e-07
1417300      3.27e-05      2.36e-06    2.9e-07
1417400      2.47e-05      1.78e-06    2.9e-07
1417500      2.15e-05      1.55e-06    2.9e-07
1417600      2.33e-05      1.68e-06    2.9e-07
1417700      3.06e-05      2.21e-06    2.9e-07
1417800      8.06e-05      5.82e-06    2.9e-07
1417900      9.10e-06      6.57e-07    2.9e-07
1418000      7.29e-05      5.26e-06    2.9e-07
1418100      1.68e-05      1.21e-06    2.9e-07
1418200      3.49e-05      2.52e-06    2.9e-07
1418300      2.90e-05      2.09e-06    2.9e-07
1418400      2.17e-05      1.57e-06    2.9e-07
1418500      2.80e-05      2.02e-06    2.9e-07
1418600      2.60e-05      1.88e-06    2.9e-07
1418700      1.48e-05      1.07e-06    2.9e-07
1418800      1.78e-04      1.29e-05    2.9e-07
1418900      3.14e-05      2.27e-06    2.9e-07
1419000      9.44e-05      6.81e-06    2.9e-07
1419100      3.96e-05      2.86e-06    2.9e-07
1419200      3.04e-05      2.19e-06    2.9e-07
1419300      2.38e-05      1.72e-06    2.9e-07
1419400      3.38e-05      2.44e-06    2.9e-07
1419500      2.02e-04      1.46e-05    2.9e-07
1419600      2.42e-05      1.75e-06    2.9e-07
1419700      3.58e-05      2.58e-06    2.9e-07
1419800      1.67e-05      1.20e-06    2.9e-07
1419900      4.11e-05      2.97e-06    2.9e-07
1420000      1.76e-05      1.27e-06    2.8e-07
1420100      4.99e-05      3.60e-06    2.8e-07
1420200      2.89e-05      2.08e-06    2.8e-07
1420300      1.68e-05      1.21e-06    2.8e-07
1420400      4.96e-05      3.58e-06    2.8e-07
1420500      2.87e-05      2.07e-06    2.8e-07
1420600      1.44e-04      1.04e-05    2.8e-07
1420700      3.16e-05      2.28e-06    2.8e-07
1420800      1.31e-05      9.46e-07    2.8e-07
1420900      1.49e-05      1.08e-06    2.8e-07
1421000      1.38e-05      9.99e-07    2.8e-07
1421100      2.07e-05      1.50e-06    2.8e-07
1421200      1.76e-05      1.27e-06    2.8e-07
1421300      2.32e-05      1.68e-06    2.8e-07
1421400      2.37e-05      1.71e-06    2.8e-07
1421500      1.69e-05      1.22e-06    2.8e-07
1421600      2.63e-05      1.90e-06    2.8e-07
1421700      2.50e-05      1.81e-06    2.8e-07
1421800      3.17e-05      2.29e-06    2.8e-07
1421900      2.52e-05      1.82e-06    2.8e-07
1422000      1.74e-05      1.25e-06    2.8e-07
1422100      2.81e-05      2.02e-06    2.8e-07
1422200      1.75e-05      1.27e-06    2.8e-07
1422300      3.37e-05      2.43e-06    2.8e-07
1422400      1.16e-05      8.34e-07    2.8e-07
1422500      3.92e-05      2.83e-06    2.8e-07
1422600      1.31e-05      9.46e-07    2.8e-07
1422700      1.64e-04      1.19e-05    2.8e-07
1422800      2.30e-05      1.66e-06    2.8e-07
1422900      2.67e-05      1.93e-06    2.8e-07
1423000      2.87e-05      2.07e-06    2.8e-07
1423100      2.43e-05      1.75e-06    2.8e-07
1423200      2.04e-05      1.47e-06    2.8e-07
1423300      1.44e-05      1.04e-06    2.8e-07
1423400      1.94e-05      1.40e-06    2.8e-07
1423500      4.31e-05      3.11e-06    2.8e-07
1423600      1.63e-05      1.18e-06    2.8e-07
1423700      2.40e-05      1.73e-06    2.8e-07
1423800      1.65e-05      1.19e-06    2.8e-07
1423900      1.42e-05      1.03e-06    2.8e-07
1424000      4.31e-05      3.11e-06    2.8e-07
1424100      2.63e-05      1.89e-06    2.8e-07
1424200      1.32e-04      9.51e-06    2.8e-07
1424300      2.01e-05      1.45e-06    2.8e-07
1424400      3.52e-05      2.54e-06    2.8e-07
1424500      2.67e-05      1.93e-06    2.8e-07
1424600      2.58e-05      1.86e-06    2.8e-07
1424700      1.85e-05      1.34e-06    2.8e-07
1424800      3.41e-05      2.46e-06    2.8e-07
1424900      2.82e-05      2.03e-06    2.8e-07
1425000      1.68e-05      1.21e-06    2.7e-07
1425100      1.46e-05      1.05e-06    2.7e-07
1425200      2.00e-05      1.44e-06    2.7e-07
1425300      1.36e-05      9.83e-07    2.7e-07
1425400      1.05e-04      7.59e-06    2.7e-07
1425500      7.13e-05      5.15e-06    2.7e-07
1425600      1.96e-05      1.42e-06    2.7e-07
1425700      6.82e-05      4.92e-06    2.7e-07
1425800      2.04e-05      1.47e-06    2.7e-07
1425900      1.66e-05      1.19e-06    2.7e-07
1426000      2.57e-05      1.85e-06    2.7e-07
1426100      2.23e-05      1.61e-06    2.7e-07
1426200      1.15e-04      8.31e-06    2.7e-07
1426300      1.68e-05      1.21e-06    2.7e-07
1426400      1.56e-05      1.12e-06    2.7e-07
1426500      2.02e-05      1.46e-06    2.7e-07
1426600      7.19e-05      5.19e-06    2.7e-07
1426700      3.35e-05      2.42e-06    2.7e-07
1426800      4.74e-05      3.42e-06    2.7e-07
1426900      1.84e-05      1.33e-06    2.7e-07
1427000      1.29e-05      9.31e-07    2.7e-07
1427100      5.71e-05      4.12e-06    2.7e-07
1427200      1.40e-05      1.01e-06    2.7e-07
1427300      1.60e-05      1.15e-06    2.7e-07
1427400      2.25e-05      1.62e-06    2.7e-07
1427500      1.68e-04      1.21e-05    2.7e-07
1427600      1.65e-05      1.19e-06    2.7e-07
1427700      3.35e-05      2.41e-06    2.7e-07
1427800      7.02e-05      5.07e-06    2.7e-07
1427900      5.71e-05      4.12e-06    2.7e-07
1428000      5.64e-05      4.07e-06    2.7e-07
1428100      4.11e-05      2.97e-06    2.7e-07
1428200      4.62e-05      3.33e-06    2.7e-07
1428300      2.55e-05      1.84e-06    2.7e-07
1428400      1.02e-05      7.37e-07    2.7e-07
1428500      3.10e-05      2.24e-06    2.7e-07
1428600      1.48e-05      1.07e-06    2.7e-07
1428700      3.51e-05      2.54e-06    2.7e-07
1428800      1.56e-05      1.12e-06    2.7e-07
1428900      2.82e-05      2.04e-06    2.7e-07
1429000      2.63e-05      1.90e-06    2.7e-07
1429100      1.80e-05      1.30e-06    2.7e-07
1429200      2.74e-05      1.98e-06    2.7e-07
1429300      3.48e-05      2.51e-06    2.7e-07
1429400      1.48e-05      1.07e-06    2.7e-07
1429500      2.28e-05      1.65e-06    2.7e-07
1429600      3.14e-05      2.27e-06    2.7e-07
1429700      1.83e-05      1.32e-06    2.7e-07
1429800      1.90e-05      1.37e-06    2.7e-07
1429900      1.35e-05      9.77e-07    2.7e-07
1430000      1.87e-05      1.35e-06    2.7e-07
1430100      2.36e-05      1.70e-06    2.7e-07
1430200      8.17e-05      5.89e-06    2.7e-07
1430300      3.10e-05      2.23e-06    2.7e-07
1430400      4.08e-05      2.95e-06    2.7e-07
1430500      2.11e-05      1.52e-06    2.7e-07
1430600      2.35e-05      1.69e-06    2.7e-07
1430700      2.00e-05      1.45e-06    2.7e-07
1430800      6.15e-06      4.44e-07    2.7e-07
1430900      1.56e-05      1.12e-06    2.7e-07
1431000      1.54e-04      1.11e-05    2.7e-07
1431100      2.76e-05      1.99e-06    2.7e-07
1431200      2.78e-05      2.01e-06    2.7e-07
1431300      3.26e-05      2.35e-06    2.7e-07
1431400      2.80e-05      2.02e-06    2.7e-07
1431500      9.04e-06      6.52e-07    2.7e-07
1431600      1.34e-05      9.64e-07    2.7e-07
1431700      4.36e-05      3.15e-06    2.7e-07
1431800      1.20e-04      8.65e-06    2.7e-07
1431900      1.88e-04      1.36e-05    2.7e-07
1432000      2.01e-04      1.45e-05    2.7e-07
1432100      1.84e-05      1.33e-06    2.7e-07
1432200      2.85e-05      2.06e-06    2.7e-07
1432300      2.70e-05      1.95e-06    2.7e-07
1432400      2.55e-05      1.84e-06    2.7e-07
1432500      1.43e-05      1.03e-06    2.7e-07
1432600      1.59e-05      1.15e-06    2.7e-07
1432700      2.59e-05      1.87e-06    2.7e-07
1432800      2.42e-05      1.74e-06    2.7e-07
1432900      1.15e-05      8.31e-07    2.7e-07
1433000      2.41e-05      1.74e-06    2.7e-07
1433100      7.35e-05      5.31e-06    2.7e-07
1433200      2.94e-05      2.12e-06    2.7e-07
1433300      1.87e-05      1.35e-06    2.7e-07
1433400      2.29e-05      1.65e-06    2.7e-07
1433500      2.32e-05      1.67e-06    2.7e-07
1433600      2.36e-05      1.70e-06    2.7e-07
1433700      3.11e-05      2.24e-06    2.7e-07
1433800      2.35e-05      1.69e-06    2.7e-07
1433900      4.58e-05      3.30e-06    2.7e-07
1434000      3.79e-05      2.74e-06    2.7e-07
1434100      5.94e-05      4.29e-06    2.7e-07
1434200      1.29e-05      9.33e-07    2.7e-07
1434300      6.54e-05      4.72e-06    2.7e-07
1434400      1.34e-05      9.67e-07    2.7e-07
1434500      7.76e-05      5.60e-06    2.7e-07
1434600      4.05e-05      2.92e-06    2.7e-07
1434700      2.52e-05      1.82e-06    2.7e-07
1434800      3.80e-05      2.74e-06    2.7e-07
1434900      3.31e-05      2.39e-06    2.7e-07
1435000      2.42e-05      1.75e-06    2.6e-07
1435100      3.40e-05      2.45e-06    2.6e-07
1435200      2.44e-05      1.76e-06    2.6e-07
1435300      1.44e-05      1.04e-06    2.6e-07
1435400      1.76e-05      1.27e-06    2.6e-07
1435500      2.29e-05      1.65e-06    2.6e-07
1435600      3.47e-05      2.51e-06    2.6e-07
1435700      1.89e-05      1.36e-06    2.6e-07
1435800      3.57e-05      2.58e-06    2.6e-07
1435900      2.63e-05      1.90e-06    2.6e-07
1436000      2.70e-05      1.95e-06    2.6e-07
1436100      3.58e-05      2.59e-06    2.6e-07
1436200      3.46e-05      2.50e-06    2.6e-07
1436300      2.71e-05      1.96e-06    2.6e-07
1436400      9.90e-05      7.15e-06    2.6e-07
1436500      1.59e-05      1.15e-06    2.6e-07
1436600      1.23e-05      8.89e-07    2.6e-07
1436700      2.47e-05      1.79e-06    2.6e-07
1436800      3.88e-05      2.80e-06    2.6e-07
1436900      1.25e-05      8.99e-07    2.6e-07
1437000      4.35e-05      3.14e-06    2.6e-07
1437100      3.25e-05      2.35e-06    2.6e-07
1437200      1.69e-05      1.22e-06    2.6e-07
1437300      2.00e-05      1.45e-06    2.6e-07
1437400      5.19e-06      3.74e-07    2.6e-07
1437500      2.13e-05      1.54e-06    2.6e-07
1437600      7.38e-05      5.33e-06    2.6e-07
1437700      2.22e-05      1.60e-06    2.6e-07
1437800      4.46e-05      3.22e-06    2.6e-07
1437900      2.86e-05      2.06e-06    2.6e-07
1438000      2.96e-05      2.14e-06    2.6e-07
1438100      1.64e-05      1.18e-06    2.6e-07
1438200      4.09e-05      2.95e-06    2.6e-07
1438300      9.52e-05      6.87e-06    2.6e-07
1438400      3.00e-05      2.17e-06    2.6e-07
1438500      1.18e-04      8.51e-06    2.6e-07
1438600      4.62e-05      3.34e-06    2.6e-07
1438700      2.03e-05      1.46e-06    2.6e-07
1438800      1.64e-05      1.18e-06    2.6e-07
1438900      2.20e-05      1.59e-06    2.6e-07
1439000      2.48e-05      1.79e-06    2.6e-07
1439100      1.44e-05      1.04e-06    2.6e-07
1439200      4.38e-05      3.16e-06    2.6e-07
1439300      1.81e-05      1.31e-06    2.6e-07
1439400      1.37e-05      9.85e-07    2.6e-07
1439500      1.82e-05      1.32e-06    2.6e-07
1439600      1.43e-05      1.03e-06    2.6e-07
1439700      1.40e-05      1.01e-06    2.6e-07
1439800      5.40e-05      3.90e-06    2.6e-07
1439900      2.09e-05      1.51e-06    2.6e-07
1440000      2.26e-05      1.63e-06    2.5e-07
1440100      7.35e-05      5.31e-06    2.5e-07
1440200      2.74e-05      1.98e-06    2.5e-07
1440300      2.26e-05      1.63e-06    2.5e-07
1440400      1.33e-05      9.61e-07    2.5e-07
1440500      3.44e-04      2.48e-05    2.5e-07
1440600      5.41e-05      3.90e-06    2.5e-07
1440700      3.30e-05      2.38e-06    2.5e-07
1440800      2.38e-05      1.71e-06    2.5e-07
1440900      1.23e-04      8.85e-06    2.5e-07
1441000      1.87e-05      1.35e-06    2.5e-07
1441100      1.14e-04      8.21e-06    2.5e-07
1441200      1.64e-04      1.19e-05    2.5e-07
1441300      6.62e-05      4.78e-06    2.5e-07
1441400      1.56e-05      1.13e-06    2.5e-07
1441500      3.41e-05      2.46e-06    2.5e-07
1441600      2.36e-05      1.70e-06    2.5e-07
1441700      1.87e-05      1.35e-06    2.5e-07
1441800      2.33e-05      1.68e-06    2.5e-07
1441900      2.95e-05      2.13e-06    2.5e-07
1442000      1.25e-05      9.00e-07    2.5e-07
1442100      2.42e-05      1.75e-06    2.5e-07
1442200      3.16e-05      2.28e-06    2.5e-07
1442300      2.27e-05      1.64e-06    2.5e-07
1442400      2.45e-05      1.77e-06    2.5e-07
1442500      1.93e-05      1.40e-06    2.5e-07
1442600      2.80e-05      2.02e-06    2.5e-07
1442700      4.59e-05      3.32e-06    2.5e-07
1442800      9.53e-06      6.88e-07    2.5e-07
1442900      1.16e-05      8.39e-07    2.5e-07
1443000      4.59e-05      3.31e-06    2.5e-07
1443100      9.86e-06      7.11e-07    2.5e-07
1443200      3.19e-05      2.30e-06    2.5e-07
1443300      2.27e-05      1.64e-06    2.5e-07
1443400      1.83e-05      1.32e-06    2.5e-07
1443500      1.65e-05      1.19e-06    2.5e-07
1443600      1.41e-05      1.02e-06    2.5e-07
1443700      1.44e-05      1.04e-06    2.5e-07
1443800      1.61e-05      1.16e-06    2.5e-07
1443900      2.63e-05      1.90e-06    2.5e-07
1444000      4.89e-05      3.53e-06    2.5e-07
1444100      3.44e-05      2.48e-06    2.5e-07
1444200      2.30e-05      1.66e-06    2.5e-07
1444300      3.60e-05      2.60e-06    2.5e-07
1444400      1.72e-05      1.24e-06    2.5e-07
1444500      2.91e-05      2.10e-06    2.5e-07
1444600      3.73e-05      2.69e-06    2.5e-07
1444700      3.58e-05      2.58e-06    2.5e-07
1444800      1.70e-05      1.22e-06    2.5e-07
1444900      2.69e-05      1.94e-06    2.5e-07
1445000      2.21e-05      1.60e-06    2.4e-07
1445100      3.09e-05      2.23e-06    2.4e-07
1445200      1.09e-05      7.86e-07    2.4e-07
1445300      3.02e-05      2.18e-06    2.4e-07
1445400      4.38e-05      3.16e-06    2.4e-07
1445500      2.28e-05      1.64e-06    2.4e-07
1445600      2.03e-05      1.46e-06    2.4e-07
1445700      9.79e-05      7.07e-06    2.4e-07
1445800      4.38e-05      3.16e-06    2.4e-07
1445900      1.08e-05      7.80e-07    2.4e-07
1446000      4.03e-05      2.90e-06    2.4e-07
1446100      4.51e-05      3.26e-06    2.4e-07
1446200      3.74e-05      2.70e-06    2.4e-07
1446300      1.88e-05      1.36e-06    2.4e-07
1446400      1.54e-04      1.11e-05    2.4e-07
1446500      1.97e-05      1.42e-06    2.4e-07
1446600      1.48e-05      1.07e-06    2.4e-07
1446700      3.55e-05      2.56e-06    2.4e-07
1446800      2.31e-05      1.66e-06    2.4e-07
1446900      2.32e-05      1.67e-06    2.4e-07
1447000      1.81e-05      1.31e-06    2.4e-07
1447100      1.98e-05      1.43e-06    2.4e-07
1447200      2.55e-05      1.84e-06    2.4e-07
1447300      2.20e-05      1.59e-06    2.4e-07
1447400      1.58e-05      1.14e-06    2.4e-07
1447500      9.66e-06      6.98e-07    2.4e-07
1447600      2.71e-05      1.96e-06    2.4e-07
1447700      3.50e-05      2.52e-06    2.4e-07
1447800      3.48e-05      2.51e-06    2.4e-07
1447900      1.81e-05      1.31e-06    2.4e-07
1448000      4.50e-05      3.25e-06    2.4e-07
1448100      1.67e-04      1.21e-05    2.4e-07
1448200      9.73e-06      7.02e-07    2.4e-07
1448300      1.70e-05      1.23e-06    2.4e-07
1448400      2.37e-05      1.71e-06    2.4e-07
1448500      3.19e-05      2.30e-06    2.4e-07
1448600      5.79e-05      4.18e-06    2.4e-07
1448700      9.87e-06      7.12e-07    2.4e-07
1448800      1.78e-05      1.29e-06    2.4e-07
1448900      5.49e-05      3.96e-06    2.4e-07
1449000      5.07e-05      3.66e-06    2.4e-07
1449100      2.47e-05      1.79e-06    2.4e-07
1449200      2.07e-05      1.50e-06    2.4e-07
1449300      1.70e-05      1.23e-06    2.4e-07
1449400      1.26e-05      9.08e-07    2.4e-07
1449500      4.52e-05      3.26e-06    2.4e-07
1449600      3.01e-05      2.18e-06    2.4e-07
1449700      1.23e-04      8.87e-06    2.4e-07
1449800      1.74e-05      1.26e-06    2.4e-07
1449900      2.28e-05      1.65e-06    2.4e-07
1450000      2.69e-05      1.94e-06    2.4e-07
1450100      1.74e-04      1.26e-05    2.4e-07
1450200      2.54e-05      1.83e-06    2.4e-07
1450300      4.36e-05      3.15e-06    2.4e-07
1450400      3.69e-05      2.66e-06    2.4e-07
1450500      1.45e-05      1.04e-06    2.4e-07
1450600      1.40e-05      1.01e-06    2.4e-07
1450700      1.62e-05      1.17e-06    2.4e-07
1450800      9.15e-06      6.61e-07    2.4e-07
1450900      1.42e-05      1.03e-06    2.4e-07
1451000      1.94e-05      1.40e-06    2.4e-07
1451100      2.25e-05      1.62e-06    2.4e-07
1451200      5.27e-05      3.80e-06    2.4e-07
1451300      1.14e-05      8.22e-07    2.4e-07
1451400      2.06e-05      1.48e-06    2.4e-07
1451500      2.70e-05      1.95e-06    2.4e-07
1451600      1.49e-05      1.07e-06    2.4e-07
1451700      1.41e-05      1.01e-06    2.4e-07
1451800      1.26e-04      9.09e-06    2.4e-07
1451900      1.67e-05      1.20e-06    2.4e-07
1452000      2.75e-05      1.98e-06    2.4e-07
1452100      2.70e-05      1.95e-06    2.4e-07
1452200      1.36e-05      9.83e-07    2.4e-07
1452300      1.59e-05      1.15e-06    2.4e-07
1452400      2.75e-05      1.99e-06    2.4e-07
1452500      1.54e-05      1.11e-06    2.4e-07
1452600      2.85e-05      2.05e-06    2.4e-07
1452700      2.17e-05      1.57e-06    2.4e-07
1452800      3.48e-05      2.51e-06    2.4e-07
1452900      4.44e-05      3.21e-06    2.4e-07
1453000      4.94e-05      3.57e-06    2.4e-07
1453100      1.29e-05      9.32e-07    2.4e-07
1453200      2.12e-05      1.53e-06    2.4e-07
1453300      1.87e-05      1.35e-06    2.4e-07
1453400      4.64e-05      3.35e-06    2.4e-07
1453500      1.45e-05      1.04e-06    2.4e-07
1453600      2.03e-05      1.47e-06    2.4e-07
1453700      5.12e-05      3.70e-06    2.4e-07
1453800      1.37e-05      9.86e-07    2.4e-07
1453900      3.83e-05      2.76e-06    2.4e-07
1454000      2.16e-05      1.56e-06    2.4e-07
1454100      1.87e-05      1.35e-06    2.4e-07
1454200      3.02e-05      2.18e-06    2.4e-07
1454300      1.48e-04      1.07e-05    2.4e-07
1454400      2.15e-05      1.55e-06    2.4e-07
1454500      5.71e-05      4.12e-06    2.4e-07
1454600      2.25e-05      1.62e-06    2.4e-07
1454700      5.44e-06      3.93e-07    2.4e-07
1454800      1.84e-05      1.32e-06    2.4e-07
1454900      1.53e-05      1.10e-06    2.4e-07
1455000      2.33e-05      1.68e-06    2.3e-07
1455100      4.96e-05      3.58e-06    2.3e-07
1455200      3.64e-05      2.63e-06    2.3e-07
1455300      1.14e-04      8.20e-06    2.3e-07
1455400      3.77e-05      2.72e-06    2.3e-07
1455500      1.62e-05      1.17e-06    2.3e-07
1455600      1.90e-05      1.37e-06    2.3e-07
1455700      3.44e-05      2.48e-06    2.3e-07
1455800      1.70e-05      1.23e-06    2.3e-07
1455900      2.75e-05      1.99e-06    2.3e-07
1456000      2.53e-05      1.83e-06    2.3e-07
1456100      2.51e-05      1.81e-06    2.3e-07
1456200      2.12e-05      1.53e-06    2.3e-07
1456300      3.38e-05      2.44e-06    2.3e-07
1456400      1.34e-05      9.66e-07    2.3e-07
1456500      1.25e-05      9.04e-07    2.3e-07
1456600      1.28e-05      9.25e-07    2.3e-07
1456700      1.48e-05      1.07e-06    2.3e-07
1456800      1.48e-05      1.07e-06    2.3e-07
1456900      1.89e-05      1.36e-06    2.3e-07
1457000      1.67e-05      1.20e-06    2.3e-07
1457100      1.69e-05      1.22e-06    2.3e-07
1457200      6.26e-05      4.52e-06    2.3e-07
1457300      1.90e-05      1.37e-06    2.3e-07
1457400      2.03e-04      1.46e-05    2.3e-07
1457500      3.65e-05      2.63e-06    2.3e-07
1457600      2.93e-05      2.11e-06    2.3e-07
1457700      1.17e-05      8.43e-07    2.3e-07
1457800      1.67e-05      1.20e-06    2.3e-07
1457900      3.66e-05      2.64e-06    2.3e-07
1458000      2.16e-05      1.56e-06    2.3e-07
1458100      2.07e-05      1.49e-06    2.3e-07
1458200      3.82e-05      2.76e-06    2.3e-07
1458300      1.47e-05      1.06e-06    2.3e-07
1458400      2.58e-05      1.87e-06    2.3e-07
1458500      1.74e-05      1.26e-06    2.3e-07
1458600      2.04e-05      1.47e-06    2.3e-07
1458700      1.77e-05      1.28e-06    2.3e-07
1458800      1.09e-04      7.90e-06    2.3e-07
1458900      1.80e-05      1.30e-06    2.3e-07
1459000      2.04e-05      1.47e-06    2.3e-07
1459100      2.83e-04      2.04e-05    2.3e-07
1459200      2.53e-05      1.83e-06    2.3e-07
1459300      2.85e-05      2.06e-06    2.3e-07
1459400      2.64e-05      1.91e-06    2.3e-07
1459500      1.25e-05      9.01e-07    2.3e-07
1459600      2.61e-05      1.89e-06    2.3e-07
1459700      1.10e-05      7.92e-07    2.3e-07
1459800      1.40e-05      1.01e-06    2.3e-07
1459900      2.55e-05      1.84e-06    2.3e-07
1460000      5.61e-05      4.05e-06    2.2e-07
1460100      1.71e-05      1.23e-06    2.2e-07
1460200      1.11e-05      8.03e-07    2.2e-07
1460300      1.35e-05      9.71e-07    2.2e-07
1460400      1.50e-05      1.08e-06    2.2e-07
1460500      9.37e-06      6.76e-07    2.2e-07
1460600      4.74e-05      3.42e-06    2.2e-07
1460700      2.26e-05      1.63e-06    2.2e-07
1460800      2.85e-04      2.05e-05    2.2e-07
1460900      1.10e-05      7.93e-07    2.2e-07
1461000      1.98e-05      1.43e-06    2.2e-07
1461100      4.29e-05      3.10e-06    2.2e-07
1461200      1.49e-05      1.08e-06    2.2e-07
1461300      1.70e-05      1.23e-06    2.2e-07
1461400      1.59e-05      1.15e-06    2.2e-07
1461500      3.45e-05      2.49e-06    2.2e-07
1461600      1.40e-05      1.01e-06    2.2e-07
1461700      2.03e-05      1.47e-06    2.2e-07
1461800      6.62e-05      4.78e-06    2.2e-07
1461900      3.13e-05      2.26e-06    2.2e-07
1462000      6.68e-05      4.82e-06    2.2e-07
1462100      3.61e-05      2.60e-06    2.2e-07
1462200      1.56e-05      1.12e-06    2.2e-07
1462300      2.15e-05      1.55e-06    2.2e-07
1462400      2.16e-05      1.56e-06    2.2e-07
1462500      7.74e-06      5.58e-07    2.2e-07
1462600      1.45e-05      1.05e-06    2.2e-07
1462700      1.99e-05      1.44e-06    2.2e-07
1462800      1.45e-05      1.04e-06    2.2e-07
1462900      1.26e-05      9.12e-07    2.2e-07
1463000      5.46e-05      3.94e-06    2.2e-07
1463100      3.16e-05      2.28e-06    2.2e-07
1463200      1.28e-05      9.23e-07    2.2e-07
1463300      1.48e-05      1.07e-06    2.2e-07
1463400      4.91e-05      3.54e-06    2.2e-07
1463500      1.78e-05      1.29e-06    2.2e-07
1463600      1.14e-04      8.21e-06    2.2e-07
1463700      4.69e-05      3.39e-06    2.2e-07
1463800      2.42e-05      1.75e-06    2.2e-07
1463900      1.15e-05      8.28e-07    2.2e-07
1464000      1.71e-05      1.23e-06    2.2e-07
1464100      1.47e-04      1.06e-05    2.2e-07
1464200      1.68e-05      1.22e-06    2.2e-07
1464300      2.42e-05      1.75e-06    2.2e-07
1464400      4.21e-05      3.04e-06    2.2e-07
1464500      1.21e-04      8.74e-06    2.2e-07
1464600      1.32e-04      9.55e-06    2.2e-07
1464700      6.97e-06      5.03e-07    2.2e-07
1464800      1.85e-05      1.34e-06    2.2e-07
1464900      4.24e-05      3.06e-06    2.2e-07
1465000      1.20e-04      8.65e-06    2.2e-07
1465100      1.62e-05      1.17e-06    2.2e-07
1465200      1.65e-05      1.19e-06    2.2e-07
1465300      1.84e-05      1.33e-06    2.2e-07
1465400      1.65e-05      1.19e-06    2.2e-07
1465500      5.60e-05      4.04e-06    2.2e-07
1465600      9.90e-06      7.14e-07    2.2e-07
1465700      2.03e-05      1.47e-06    2.2e-07
1465800      1.98e-04      1.43e-05    2.2e-07
1465900      1.37e-05      9.91e-07    2.2e-07
1466000      9.80e-06      7.07e-07    2.2e-07
1466100      3.17e-05      2.29e-06    2.2e-07
1466200      1.93e-05      1.39e-06    2.2e-07
1466300      2.66e-05      1.92e-06    2.2e-07
1466400      2.66e-05      1.92e-06    2.2e-07
1466500      1.63e-05      1.17e-06    2.2e-07
1466600      1.40e-05      1.01e-06    2.2e-07
1466700      1.76e-05      1.27e-06    2.2e-07
1466800      3.28e-05      2.37e-06    2.2e-07
1466900      1.09e-05      7.88e-07    2.2e-07
1467000      1.96e-05      1.42e-06    2.2e-07
1467100      4.07e-05      2.94e-06    2.2e-07
1467200      4.39e-05      3.17e-06    2.2e-07
1467300      4.85e-05      3.50e-06    2.2e-07
1467400      5.84e-05      4.21e-06    2.2e-07
1467500      2.55e-05      1.84e-06    2.2e-07
1467600      2.33e-05      1.68e-06    2.2e-07
1467700      2.44e-05      1.76e-06    2.2e-07
1467800      3.38e-05      2.44e-06    2.2e-07
1467900      1.48e-05      1.07e-06    2.2e-07
1468000      6.51e-05      4.70e-06    2.2e-07
1468100      2.23e-05      1.61e-06    2.2e-07
1468200      1.27e-04      9.17e-06    2.2e-07
1468300      1.35e-05      9.76e-07    2.2e-07
1468400      2.50e-05      1.80e-06    2.2e-07
1468500      2.55e-05      1.84e-06    2.2e-07
1468600      2.98e-05      2.15e-06    2.2e-07
1468700      1.59e-05      1.14e-06    2.2e-07
1468800      6.89e-05      4.97e-06    2.2e-07
1468900      3.69e-05      2.67e-06    2.2e-07
1469000      3.24e-05      2.34e-06    2.2e-07
1469100      8.62e-05      6.22e-06    2.2e-07
1469200      1.28e-05      9.22e-07    2.2e-07
1469300      2.01e-05      1.45e-06    2.2e-07
1469400      2.38e-05      1.72e-06    2.2e-07
1469500      1.30e-05      9.36e-07    2.2e-07
1469600      1.53e-05      1.10e-06    2.2e-07
1469700      2.40e-05      1.74e-06    2.2e-07
1469800      2.45e-05      1.76e-06    2.2e-07
1469900      2.35e-05      1.69e-06    2.2e-07
1470000      6.44e-06      4.65e-07    2.1e-07
1470100      3.15e-05      2.28e-06    2.1e-07
1470200      1.18e-04      8.49e-06    2.1e-07
1470300      2.08e-05      1.50e-06    2.1e-07
1470400      1.50e-05      1.08e-06    2.1e-07
1470500      1.59e-05      1.15e-06    2.1e-07
1470600      3.09e-05      2.23e-06    2.1e-07
1470700      4.81e-05      3.47e-06    2.1e-07
1470800      1.09e-05      7.87e-07    2.1e-07
1470900      1.80e-05      1.30e-06    2.1e-07
1471000      1.78e-05      1.28e-06    2.1e-07
1471100      9.58e-06      6.91e-07    2.1e-07
1471200      6.87e-05      4.96e-06    2.1e-07
1471300      2.51e-05      1.81e-06    2.1e-07
1471400      1.30e-05      9.35e-07    2.1e-07
1471500      1.65e-05      1.19e-06    2.1e-07
1471600      1.18e-04      8.50e-06    2.1e-07
1471700      2.11e-05      1.52e-06    2.1e-07
1471800      5.70e-05      4.11e-06    2.1e-07
1471900      1.76e-04      1.27e-05    2.1e-07
1472000      2.23e-05      1.61e-06    2.1e-07
1472100      1.64e-05      1.18e-06    2.1e-07
1472200      2.29e-05      1.65e-06    2.1e-07
1472300      2.38e-05      1.72e-06    2.1e-07
1472400      1.25e-05      8.99e-07    2.1e-07
1472500      5.77e-05      4.17e-06    2.1e-07
1472600      2.33e-05      1.68e-06    2.1e-07
1472700      3.92e-05      2.83e-06    2.1e-07
1472800      1.20e-04      8.67e-06    2.1e-07
1472900      1.11e-05      8.01e-07    2.1e-07
1473000      1.89e-05      1.36e-06    2.1e-07
1473100      2.28e-05      1.64e-06    2.1e-07
1473200      4.93e-05      3.56e-06    2.1e-07
1473300      1.75e-05      1.26e-06    2.1e-07
1473400      4.80e-05      3.47e-06    2.1e-07
1473500      2.74e-05      1.98e-06    2.1e-07
1473600      8.68e-06      6.26e-07    2.1e-07
1473700      1.75e-05      1.26e-06    2.1e-07
1473800      1.55e-04      1.12e-05    2.1e-07
1473900      3.85e-05      2.78e-06    2.1e-07
1474000      1.49e-05      1.08e-06    2.1e-07
1474100      2.48e-05      1.79e-06    2.1e-07
1474200      4.19e-05      3.02e-06    2.1e-07
1474300      2.12e-05      1.53e-06    2.1e-07
1474400      3.60e-05      2.60e-06    2.1e-07
1474500      9.07e-06      6.55e-07    2.1e-07
1474600      1.37e-05      9.92e-07    2.1e-07
1474700      1.66e-05      1.20e-06    2.1e-07
1474800      1.84e-05      1.33e-06    2.1e-07
1474900      2.12e-05      1.53e-06    2.1e-07
1475000      1.04e-05      7.51e-07    2.1e-07
1475100      1.23e-05      8.90e-07    2.1e-07
1475200      2.25e-05      1.62e-06    2.1e-07
1475300      1.90e-05      1.37e-06    2.1e-07
1475400      1.09e-05      7.88e-07    2.1e-07
1475500      2.15e-05      1.55e-06    2.1e-07
1475600      1.74e-05      1.26e-06    2.1e-07
1475700      2.23e-05      1.61e-06    2.1e-07
1475800      2.54e-05      1.83e-06    2.1e-07
1475900      2.15e-05      1.55e-06    2.1e-07
1476000      1.40e-05      1.01e-06    2.1e-07
1476100      2.79e-05      2.02e-06    2.1e-07
1476200      5.48e-05      3.95e-06    2.1e-07
1476300      2.65e-05      1.91e-06    2.1e-07
1476400      1.05e-04      7.58e-06    2.1e-07
1476500      1.06e-05      7.64e-07    2.1e-07
1476600      2.88e-05      2.08e-06    2.1e-07
1476700      1.53e-05      1.11e-06    2.1e-07
1476800      6.32e-06      4.56e-07    2.1e-07
1476900      7.73e-06      5.58e-07    2.1e-07
1477000      2.24e-05      1.62e-06    2.1e-07
1477100      3.65e-05      2.64e-06    2.1e-07
1477200      2.06e-05      1.48e-06    2.1e-07
1477300      2.58e-05      1.86e-06    2.1e-07
1477400      3.82e-05      2.76e-06    2.1e-07
1477500      2.49e-05      1.80e-06    2.1e-07
1477600      1.71e-05      1.23e-06    2.1e-07
1477700      4.49e-05      3.24e-06    2.1e-07
1477800      2.08e-05      1.50e-06    2.1e-07
1477900      1.35e-05      9.76e-07    2.1e-07
1478000      5.30e-05      3.83e-06    2.1e-07
1478100      1.96e-05      1.41e-06    2.1e-07
1478200      2.74e-05      1.98e-06    2.1e-07
1478300      1.38e-05      9.98e-07    2.1e-07
1478400      2.12e-05      1.53e-06    2.1e-07
1478500      3.44e-05      2.48e-06    2.1e-07
1478600      1.72e-05      1.24e-06    2.1e-07
1478700      1.84e-05      1.33e-06    2.1e-07
1478800      9.44e-05      6.81e-06    2.1e-07
1478900      4.14e-05      2.98e-06    2.1e-07
1479000      2.53e-05      1.82e-06    2.1e-07
1479100      1.54e-05      1.11e-06    2.1e-07
1479200      1.22e-05      8.83e-07    2.1e-07
1479300      2.77e-05      2.00e-06    2.1e-07
1479400      2.07e-05      1.49e-06    2.1e-07
1479500      2.15e-05      1.55e-06    2.1e-07
1479600      3.22e-05      2.33e-06    2.1e-07
1479700      2.12e-05      1.53e-06    2.1e-07
1479800      1.93e-05      1.40e-06    2.1e-07
1479900      4.25e-05      3.07e-06    2.1e-07
1480000      1.65e-05      1.19e-06    2.0e-07
1480100      1.31e-05      9.46e-07    2.0e-07
1480200      1.71e-05      1.23e-06    2.0e-07
1480300      1.71e-05      1.24e-06    2.0e-07
1480400      2.19e-05      1.58e-06    2.0e-07
1480500      1.84e-05      1.33e-06    2.0e-07
1480600      1.68e-05      1.21e-06    2.0e-07
1480700      2.62e-05      1.89e-06    2.0e-07
1480800      1.87e-05      1.35e-06    2.0e-07
1480900      1.80e-05      1.30e-06    2.0e-07
1481000      3.51e-05      2.53e-06    2.0e-07
1481100      2.62e-05      1.89e-06    2.0e-07
1481200      1.85e-05      1.34e-06    2.0e-07
1481300      2.12e-05      1.53e-06    2.0e-07
1481400      2.36e-05      1.70e-06    2.0e-07
1481500      2.04e-05      1.47e-06    2.0e-07
1481600      1.91e-05      1.38e-06    2.0e-07
1481700      2.22e-05      1.60e-06    2.0e-07
1481800      2.23e-05      1.61e-06    2.0e-07
1481900      3.55e-05      2.56e-06    2.0e-07
1482000      3.56e-05      2.57e-06    2.0e-07
1482100      7.09e-05      5.11e-06    2.0e-07
1482200      1.95e-05      1.41e-06    2.0e-07
1482300      3.03e-05      2.18e-06    2.0e-07
1482400      2.29e-05      1.66e-06    2.0e-07
1482500      4.24e-05      3.06e-06    2.0e-07
1482600      2.42e-05      1.74e-06    2.0e-07
1482700      1.83e-05      1.32e-06    2.0e-07
1482800      8.95e-06      6.46e-07    2.0e-07
1482900      1.59e-05      1.15e-06    2.0e-07
1483000      9.61e-06      6.94e-07    2.0e-07
1483100      1.41e-05      1.02e-06    2.0e-07
1483200      2.63e-05      1.90e-06    2.0e-07
1483300      1.18e-05      8.54e-07    2.0e-07
1483400      4.10e-05      2.96e-06    2.0e-07
1483500      2.03e-05      1.46e-06    2.0e-07
1483600      2.54e-05      1.83e-06    2.0e-07
1483700      1.67e-05      1.21e-06    2.0e-07
1483800      1.03e-04      7.47e-06    2.0e-07
1483900      1.32e-05      9.56e-07    2.0e-07
1484000      1.49e-05      1.08e-06    2.0e-07
1484100      3.67e-05      2.65e-06    2.0e-07
1484200      2.18e-05      1.58e-06    2.0e-07
1484300      1.86e-05      1.34e-06    2.0e-07
1484400      1.09e-05      7.87e-07    2.0e-07
1484500      3.01e-05      2.17e-06    2.0e-07
1484600      3.32e-05      2.40e-06    2.0e-07
1484700      1.41e-05      1.02e-06    2.0e-07
1484800      3.54e-05      2.55e-06    2.0e-07
1484900      3.75e-05      2.71e-06    2.0e-07
1485000      3.55e-05      2.56e-06    1.9e-07
1485100      1.84e-04      1.33e-05    1.9e-07
1485200      1.86e-05      1.34e-06    1.9e-07
1485300      2.49e-05      1.80e-06    1.9e-07
1485400      4.76e-05      3.44e-06    1.9e-07
1485500      6.05e-05      4.36e-06    1.9e-07
1485600      5.99e-05      4.32e-06    1.9e-07
1485700      1.68e-05      1.21e-06    1.9e-07
1485800      7.31e-06      5.27e-07    1.9e-07
1485900      1.72e-05      1.24e-06    1.9e-07
1486000      2.13e-05      1.54e-06    1.9e-07
1486100      1.11e-05      8.04e-07    1.9e-07
1486200      1.75e-05      1.26e-06    1.9e-07
1486300      2.01e-04      1.45e-05    1.9e-07
1486400      2.45e-05      1.77e-06    1.9e-07
1486500      2.79e-05      2.01e-06    1.9e-07
1486600      2.70e-05      1.95e-06    1.9e-07
1486700      1.85e-05      1.34e-06    1.9e-07
1486800      1.98e-04      1.43e-05    1.9e-07
1486900      1.60e-05      1.15e-06    1.9e-07
1487000      2.37e-05      1.71e-06    1.9e-07
1487100      1.14e-04      8.23e-06    1.9e-07
1487200      4.17e-05      3.01e-06    1.9e-07
1487300      1.18e-05      8.50e-07    1.9e-07
1487400      2.38e-05      1.71e-06    1.9e-07
1487500      9.06e-05      6.54e-06    1.9e-07
1487600      2.03e-05      1.46e-06    1.9e-07
1487700      1.58e-05      1.14e-06    1.9e-07
1487800      2.55e-05      1.84e-06    1.9e-07
1487900      1.51e-05      1.09e-06    1.9e-07
1488000      3.55e-05      2.56e-06    1.9e-07
1488100      1.62e-05      1.17e-06    1.9e-07
1488200      2.25e-05      1.62e-06    1.9e-07
1488300      1.15e-05      8.28e-07    1.9e-07
1488400      1.14e-05      8.22e-07    1.9e-07
1488500      2.33e-05      1.68e-06    1.9e-07
1488600      1.02e-05      7.39e-07    1.9e-07
1488700      1.70e-05      1.23e-06    1.9e-07
1488800      1.14e-05      8.22e-07    1.9e-07
1488900      2.25e-05      1.62e-06    1.9e-07
1489000      9.38e-05      6.77e-06    1.9e-07
1489100      2.44e-05      1.76e-06    1.9e-07
1489200      1.56e-05      1.12e-06    1.9e-07
1489300      2.86e-05      2.06e-06    1.9e-07
1489400      3.71e-05      2.68e-06    1.9e-07
1489500      2.94e-05      2.12e-06    1.9e-07
1489600      1.24e-05      8.93e-07    1.9e-07
1489700      1.36e-05      9.81e-07    1.9e-07
1489800      2.54e-05      1.83e-06    1.9e-07
1489900      1.85e-05      1.34e-06    1.9e-07
1490000      1.11e-05      7.98e-07    1.9e-07
1490100      3.71e-05      2.68e-06    1.9e-07
1490200      4.30e-05      3.10e-06    1.9e-07
1490300      3.78e-05      2.73e-06    1.9e-07
1490400      1.70e-05      1.23e-06    1.9e-07
1490500      3.18e-05      2.30e-06    1.9e-07
1490600      4.82e-05      3.48e-06    1.9e-07
1490700      1.83e-05      1.32e-06    1.9e-07
1490800      1.09e-05      7.85e-07    1.9e-07
1490900      8.22e-05      5.93e-06    1.9e-07
1491000      2.93e-05      2.12e-06    1.9e-07
1491100      1.42e-05      1.03e-06    1.9e-07
1491200      2.75e-05      1.99e-06    1.9e-07
1491300      2.09e-05      1.51e-06    1.9e-07
1491400      1.90e-05      1.37e-06    1.9e-07
1491500      2.85e-05      2.05e-06    1.9e-07
1491600      2.26e-05      1.63e-06    1.9e-07
1491700      1.49e-05      1.07e-06    1.9e-07
1491800      1.21e-05      8.70e-07    1.9e-07
1491900      1.47e-05      1.06e-06    1.9e-07
1492000      5.05e-05      3.65e-06    1.9e-07
1492100      2.06e-05      1.49e-06    1.9e-07
1492200      2.00e-05      1.44e-06    1.9e-07
1492300      1.97e-05      1.42e-06    1.9e-07
1492400      1.67e-05      1.20e-06    1.9e-07
1492500      1.40e-05      1.01e-06    1.9e-07
1492600      1.68e-05      1.21e-06    1.9e-07
1492700      1.60e-05      1.16e-06    1.9e-07
1492800      1.45e-05      1.05e-06    1.9e-07
1492900      4.22e-05      3.04e-06    1.9e-07
1493000      3.64e-05      2.63e-06    1.9e-07
1493100      1.90e-05      1.37e-06    1.9e-07
1493200      1.60e-05      1.15e-06    1.9e-07
1493300      1.68e-05      1.21e-06    1.9e-07
1493400      9.67e-06      6.98e-07    1.9e-07
1493500      1.60e-05      1.16e-06    1.9e-07
1493600      5.54e-05      4.00e-06    1.9e-07
1493700      5.08e-05      3.66e-06    1.9e-07
1493800      1.57e-05      1.13e-06    1.9e-07
1493900      1.11e-05      8.00e-07    1.9e-07
1494000      1.68e-05      1.21e-06    1.9e-07
1494100      3.55e-05      2.56e-06    1.9e-07
1494200      1.88e-05      1.36e-06    1.9e-07
1494300      1.51e-05      1.09e-06    1.9e-07
1494400      2.27e-05      1.64e-06    1.9e-07
1494500      1.54e-05      1.11e-06    1.9e-07
1494600      7.40e-06      5.34e-07    1.9e-07
1494700      3.17e-05      2.29e-06    1.9e-07
1494800      3.54e-05      2.56e-06    1.9e-07
1494900      2.02e-04      1.45e-05    1.9e-07
1495000      1.82e-05      1.31e-06    1.8e-07
1495100      7.16e-06      5.17e-07    1.8e-07
1495200      1.58e-05      1.14e-06    1.8e-07
1495300      4.48e-05      3.23e-06    1.8e-07
1495400      2.20e-05      1.59e-06    1.8e-07
1495500      2.56e-05      1.85e-06    1.8e-07
1495600      1.44e-05      1.04e-06    1.8e-07
1495700      7.08e-05      5.11e-06    1.8e-07
1495800      1.38e-05      9.94e-07    1.8e-07
1495900      2.36e-05      1.70e-06    1.8e-07
1496000      1.44e-05      1.04e-06    1.8e-07
1496100      2.07e-05      1.49e-06    1.8e-07
1496200      5.58e-05      4.02e-06    1.8e-07
1496300      2.60e-05      1.88e-06    1.8e-07
1496400      4.20e-05      3.03e-06    1.8e-07
1496500      1.75e-05      1.26e-06    1.8e-07
1496600      2.49e-05      1.79e-06    1.8e-07
1496700      1.28e-05      9.26e-07    1.8e-07
1496800      1.72e-05      1.24e-06    1.8e-07
1496900      2.14e-05      1.55e-06    1.8e-07
1497000      1.12e-05      8.06e-07    1.8e-07
1497100      2.17e-05      1.57e-06    1.8e-07
1497200      4.19e-05      3.02e-06    1.8e-07
1497300      9.72e-06      7.02e-07    1.8e-07
1497400      1.20e-04      8.69e-06    1.8e-07
1497500      6.07e-05      4.38e-06    1.8e-07
1497600      1.23e-05      8.88e-07    1.8e-07
1497700      3.41e-05      2.46e-06    1.8e-07
1497800      1.53e-05      1.10e-06    1.8e-07
1497900      5.57e-05      4.02e-06    1.8e-07
1498000      2.13e-05      1.53e-06    1.8e-07
1498100      2.56e-05      1.85e-06    1.8e-07
1498200      1.47e-05      1.06e-06    1.8e-07
1498300      1.26e-05      9.07e-07    1.8e-07
1498400      5.59e-05      4.03e-06    1.8e-07
1498500      1.81e-05      1.31e-06    1.8e-07
1498600      1.76e-05      1.27e-06    1.8e-07
1498700      6.39e-05      4.61e-06    1.8e-07
1498800      2.88e-05      2.08e-06    1.8e-07
1498900      3.58e-05      2.59e-06    1.8e-07
1499000      3.42e-05      2.47e-06    1.8e-07
1499100      1.22e-04      8.79e-06    1.8e-07
1499200      2.68e-05      1.93e-06    1.8e-07
1499300      3.21e-05      2.32e-06    1.8e-07
1499400      1.57e-05      1.13e-06    1.8e-07
1499500      3.17e-05      2.28e-06    1.8e-07
1499600      1.57e-05      1.13e-06    1.8e-07
1499700      2.24e-05      1.62e-06    1.8e-07
1499800      1.13e-05      8.17e-07    1.8e-07
1499900      2.05e-05      1.48e-06    1.8e-07
1500000      3.45e-05      2.49e-06    1.8e-07
1500100      2.04e-05      1.47e-06    1.8e-07
1500200      2.71e-05      1.96e-06    1.8e-07
1500300      1.34e-05      9.66e-07    1.8e-07
1500400      9.37e-06      6.76e-07    1.8e-07
1500500      1.16e-05      8.41e-07    1.8e-07
1500600      2.07e-05      1.49e-06    1.8e-07
1500700      1.93e-05      1.39e-06    1.8e-07
1500800      1.47e-04      1.06e-05    1.8e-07
1500900      1.09e-05      7.85e-07    1.8e-07
1501000      5.81e-05      4.19e-06    1.8e-07
1501100      1.35e-05      9.72e-07    1.8e-07
1501200      1.02e-05      7.37e-07    1.8e-07
1501300      7.97e-05      5.75e-06    1.8e-07
1501400      2.11e-05      1.52e-06    1.8e-07
1501500      1.83e-04      1.32e-05    1.8e-07
1501600      6.92e-05      4.99e-06    1.8e-07
1501700      3.30e-05      2.38e-06    1.8e-07
1501800      2.56e-05      1.85e-06    1.8e-07
1501900      1.17e-05      8.41e-07    1.8e-07
1502000      1.27e-05      9.13e-07    1.8e-07
1502100      1.40e-05      1.01e-06    1.8e-07
1502200      2.02e-05      1.46e-06    1.8e-07
1502300      2.29e-05      1.65e-06    1.8e-07
1502400      3.84e-05      2.77e-06    1.8e-07
1502500      1.71e-05      1.23e-06    1.8e-07
1502600      1.32e-05      9.50e-07    1.8e-07
1502700      1.14e-04      8.22e-06    1.8e-07
1502800      1.96e-05      1.42e-06    1.8e-07
1502900      1.70e-05      1.23e-06    1.8e-07
1503000      1.65e-04      1.19e-05    1.8e-07
1503100      2.04e-05      1.47e-06    1.8e-07
1503200      1.47e-04      1.06e-05    1.8e-07
1503300      1.47e-05      1.06e-06    1.8e-07
1503400      1.13e-05      8.18e-07    1.8e-07
1503500      2.24e-05      1.62e-06    1.8e-07
1503600      1.27e-05      9.19e-07    1.8e-07
1503700      2.61e-05      1.88e-06    1.8e-07
1503800      2.71e-05      1.96e-06    1.8e-07
1503900      2.10e-05      1.52e-06    1.8e-07
1504000      2.84e-05      2.05e-06    1.8e-07
1504100      2.41e-05      1.74e-06    1.8e-07
1504200      9.70e-05      7.00e-06    1.8e-07
1504300      6.08e-05      4.39e-06    1.8e-07
1504400      2.35e-05      1.70e-06    1.8e-07
1504500      2.03e-05      1.46e-06    1.8e-07
1504600      1.27e-05      9.19e-07    1.8e-07
1504700      6.61e-05      4.77e-06    1.8e-07
1504800      1.21e-04      8.75e-06    1.8e-07
1504900      1.23e-05      8.88e-07    1.8e-07
1505000      6.95e-05      5.01e-06    1.7e-07
1505100      2.08e-05      1.50e-06    1.7e-07
1505200      1.41e-04      1.02e-05    1.7e-07
1505300      2.57e-05      1.86e-06    1.7e-07
1505400      2.30e-04      1.66e-05    1.7e-07
1505500      3.83e-05      2.77e-06    1.7e-07
1505600      8.18e-05      5.91e-06    1.7e-07
1505700      3.16e-05      2.28e-06    1.7e-07
1505800      1.44e-05      1.04e-06    1.7e-07
1505900      1.04e-05      7.52e-07    1.7e-07
1506000      1.61e-05      1.16e-06    1.7e-07
1506100      2.08e-05      1.50e-06    1.7e-07
1506200      6.86e-06      4.95e-07    1.7e-07
1506300      2.62e-05      1.89e-06    1.7e-07
1506400      2.04e-05      1.47e-06    1.7e-07
1506500      1.72e-04      1.24e-05    1.7e-07
1506600      5.20e-05      3.75e-06    1.7e-07
1506700      1.49e-05      1.07e-06    1.7e-07
1506800      2.22e-05      1.60e-06    1.7e-07
1506900      3.01e-05      2.17e-06    1.7e-07
1507000      6.42e-05      4.63e-06    1.7e-07
1507100      6.54e-05      4.72e-06    1.7e-07
1507200      2.01e-05      1.45e-06    1.7e-07
1507300      3.67e-05      2.65e-06    1.7e-07
1507400      1.51e-05      1.09e-06    1.7e-07
1507500      1.33e-04      9.62e-06    1.7e-07
1507600      2.32e-05      1.67e-06    1.7e-07
1507700      3.31e-05      2.39e-06    1.7e-07
1507800      3.64e-05      2.62e-06    1.7e-07
1507900      8.59e-06      6.20e-07    1.7e-07
1508000      1.87e-05      1.35e-06    1.7e-07
1508100      5.56e-06      4.02e-07    1.7e-07
1508200      7.94e-05      5.73e-06    1.7e-07
1508300      2.70e-05      1.95e-06    1.7e-07
1508400      1.54e-05      1.11e-06    1.7e-07
1508500      4.34e-05      3.13e-06    1.7e-07
1508600      4.07e-05      2.94e-06    1.7e-07
1508700      1.02e-05      7.36e-07    1.7e-07
1508800      1.42e-05      1.02e-06    1.7e-07
1508900      2.91e-05      2.10e-06    1.7e-07
1509000      1.27e-05      9.16e-07    1.7e-07
1509100      2.29e-05      1.65e-06    1.7e-07
1509200      2.24e-05      1.62e-06    1.7e-07
1509300      1.39e-05      1.00e-06    1.7e-07
1509400      1.41e-05      1.01e-06    1.7e-07
1509500      4.10e-05      2.96e-06    1.7e-07
1509600      2.40e-05      1.73e-06    1.7e-07
1509700      1.12e-05      8.11e-07    1.7e-07
1509800      1.53e-05      1.11e-06    1.7e-07
1509900      8.43e-05      6.08e-06    1.7e-07
1510000      1.95e-05      1.41e-06    1.7e-07
1510100      3.28e-05      2.37e-06    1.7e-07
1510200      1.64e-05      1.18e-06    1.7e-07
1510300      2.73e-05      1.97e-06    1.7e-07
1510400      9.25e-05      6.67e-06    1.7e-07
1510500      3.28e-05      2.37e-06    1.7e-07
1510600      3.44e-04      2.48e-05    1.7e-07
1510700      1.44e-05      1.04e-06    1.7e-07
1510800      1.75e-05      1.26e-06    1.7e-07
1510900      2.09e-05      1.51e-06    1.7e-07
1511000      2.09e-05      1.51e-06    1.7e-07
1511100      7.41e-06      5.35e-07    1.7e-07
1511200      1.42e-05      1.02e-06    1.7e-07
1511300      1.12e-05      8.07e-07    1.7e-07
1511400      3.00e-05      2.17e-06    1.7e-07
1511500      9.66e-06      6.97e-07    1.7e-07
1511600      6.92e-05      5.00e-06    1.7e-07
1511700      3.23e-05      2.33e-06    1.7e-07
1511800      5.48e-05      3.96e-06    1.7e-07
1511900      1.71e-05      1.23e-06    1.7e-07
1512000      1.15e-05      8.32e-07    1.7e-07
1512100      3.45e-05      2.49e-06    1.7e-07
1512200      2.26e-05      1.63e-06    1.7e-07
1512300      4.00e-05      2.89e-06    1.7e-07
1512400      1.66e-05      1.20e-06    1.7e-07
1512500      2.24e-05      1.62e-06    1.7e-07
1512600      1.37e-05      9.88e-07    1.7e-07
1512700      2.80e-05      2.02e-06    1.7e-07
1512800      1.29e-05      9.30e-07    1.7e-07
1512900      3.26e-05      2.35e-06    1.7e-07
1513000      9.71e-06      7.00e-07    1.7e-07
1513100      1.46e-05      1.05e-06    1.7e-07
1513200      2.03e-05      1.46e-06    1.7e-07
1513300      9.78e-05      7.06e-06    1.7e-07
1513400      1.06e-05      7.66e-07    1.7e-07
1513500      5.32e-05      3.84e-06    1.7e-07
1513600      6.16e-06      4.45e-07    1.7e-07
1513700      1.19e-05      8.59e-07    1.7e-07
1513800      7.86e-06      5.67e-07    1.7e-07
1513900      1.26e-05      9.08e-07    1.7e-07
1514000      1.60e-05      1.16e-06    1.7e-07
1514100      1.38e-05      9.98e-07    1.7e-07
1514200      2.02e-04      1.46e-05    1.7e-07
1514300      1.62e-04      1.17e-05    1.7e-07
1514400      1.38e-05      9.95e-07    1.7e-07
1514500      1.10e-05      7.93e-07    1.7e-07
1514600      1.00e-05      7.22e-07    1.7e-07
1514700      4.45e-05      3.21e-06    1.7e-07
1514800      7.16e-06      5.16e-07    1.7e-07
1514900      2.55e-05      1.84e-06    1.7e-07
1515000      1.18e-05      8.50e-07    1.6e-07
1515100      2.75e-05      1.98e-06    1.6e-07
1515200      4.93e-05      3.56e-06    1.6e-07
1515300      4.16e-05      3.01e-06    1.6e-07
1515400      2.28e-05      1.64e-06    1.6e-07
1515500      2.73e-05      1.97e-06    1.6e-07
1515600      3.32e-05      2.40e-06    1.6e-07
1515700      4.44e-05      3.20e-06    1.6e-07
1515800      1.63e-05      1.18e-06    1.6e-07
1515900      2.02e-04      1.46e-05    1.6e-07
1516000      1.22e-05      8.81e-07    1.6e-07
1516100      1.65e-05      1.19e-06    1.6e-07
1516200      1.39e-05      1.00e-06    1.6e-07
1516300      2.08e-05      1.50e-06    1.6e-07
1516400      2.93e-05      2.12e-06    1.6e-07
1516500      5.79e-05      4.18e-06    1.6e-07
1516600      5.75e-05      4.15e-06    1.6e-07
1516700      6.05e-05      4.36e-06    1.6e-07
1516800      2.25e-05      1.62e-06    1.6e-07
1516900      2.55e-05      1.84e-06    1.6e-07
1517000      4.11e-05      2.96e-06    1.6e-07
1517100      1.68e-05      1.22e-06    1.6e-07
1517200      9.89e-05      7.14e-06    1.6e-07
1517300      4.30e-05      3.10e-06    1.6e-07
1517400      3.45e-05      2.49e-06    1.6e-07
1517500      5.98e-05      4.32e-06    1.6e-07
1517600      4.47e-05      3.22e-06    1.6e-07
1517700      2.29e-05      1.66e-06    1.6e-07
1517800      2.13e-04      1.54e-05    1.6e-07
1517900      1.01e-05      7.31e-07    1.6e-07
1518000      3.75e-05      2.70e-06    1.6e-07
1518100      1.14e-05      8.22e-07    1.6e-07
1518200      3.41e-05      2.46e-06    1.6e-07
1518300      4.16e-06      3.00e-07    1.6e-07
1518400      9.22e-06      6.65e-07    1.6e-07
1518500      1.20e-05      8.67e-07    1.6e-07
1518600      6.04e-05      4.36e-06    1.6e-07
1518700      1.86e-05      1.35e-06    1.6e-07
1518800      1.27e-05      9.15e-07    1.6e-07
1518900      5.95e-05      4.29e-06    1.6e-07
1519000      1.29e-05      9.30e-07    1.6e-07
1519100      8.23e-05      5.94e-06    1.6e-07
1519200      9.70e-06      7.00e-07    1.6e-07
1519300      1.12e-05      8.09e-07    1.6e-07
1519400      2.71e-05      1.95e-06    1.6e-07
1519500      7.02e-05      5.06e-06    1.6e-07
1519600      1.06e-05      7.64e-07    1.6e-07
1519700      3.90e-06      2.81e-07    1.6e-07
1519800      9.62e-06      6.94e-07    1.6e-07
1519900      1.84e-05      1.33e-06    1.6e-07
1520000      1.19e-05      8.61e-07    1.6e-07
1520100      1.40e-05      1.01e-06    1.6e-07
1520200      1.57e-05      1.13e-06    1.6e-07
1520300      1.27e-04      9.17e-06    1.6e-07
1520400      1.00e-05      7.22e-07    1.6e-07
1520500      3.59e-05      2.59e-06    1.6e-07
1520600      7.68e-05      5.54e-06    1.6e-07
1520700      1.52e-05      1.10e-06    1.6e-07
1520800      8.81e-06      6.35e-07    1.6e-07
1520900      7.76e-06      5.60e-07    1.6e-07
1521000      1.05e-05      7.61e-07    1.6e-07
1521100      1.80e-05      1.30e-06    1.6e-07
1521200      1.82e-05      1.31e-06    1.6e-07
1521300      9.20e-06      6.64e-07    1.6e-07
1521400      1.97e-05      1.42e-06    1.6e-07
1521500      2.67e-05      1.92e-06    1.6e-07
1521600      2.25e-05      1.62e-06    1.6e-07
1521700      1.66e-05      1.19e-06    1.6e-07
1521800      1.27e-05      9.19e-07    1.6e-07
1521900      2.37e-05      1.71e-06    1.6e-07
1522000      1.09e-05      7.89e-07    1.6e-07
1522100      8.23e-06      5.94e-07    1.6e-07
1522200      1.70e-05      1.23e-06    1.6e-07
1522300      4.82e-05      3.48e-06    1.6e-07
1522400      1.12e-05      8.06e-07    1.6e-07
1522500      2.23e-05      1.61e-06    1.6e-07
1522600      2.27e-05      1.64e-06    1.6e-07
1522700      8.93e-06      6.44e-07    1.6e-07
1522800      2.18e-05      1.57e-06    1.6e-07
1522900      1.38e-05      9.98e-07    1.6e-07
1523000      4.58e-05      3.30e-06    1.6e-07
1523100      1.78e-05      1.29e-06    1.6e-07
1523200      6.84e-05      4.93e-06    1.6e-07
1523300      2.94e-05      2.12e-06    1.6e-07
1523400      9.75e-06      7.03e-07    1.6e-07
1523500      2.12e-05      1.53e-06    1.6e-07
1523600      2.91e-05      2.10e-06    1.6e-07
1523700      3.22e-05      2.32e-06    1.6e-07
1523800      1.98e-05      1.43e-06    1.6e-07
1523900      9.23e-05      6.66e-06    1.6e-07
1524000      2.26e-05      1.63e-06    1.6e-07
1524100      1.50e-05      1.08e-06    1.6e-07
1524200      1.07e-05      7.69e-07    1.6e-07
1524300      1.42e-04      1.02e-05    1.6e-07
1524400      1.21e-05      8.70e-07    1.6e-07
1524500      2.60e-05      1.87e-06    1.6e-07
1524600      1.45e-05      1.05e-06    1.6e-07
1524700      1.57e-05      1.14e-06    1.6e-07
1524800      1.67e-05      1.21e-06    1.6e-07
1524900      1.67e-04      1.21e-05    1.6e-07
1525000      8.61e-05      6.21e-06    1.5e-07
1525100      6.29e-05      4.54e-06    1.5e-07
1525200      3.60e-05      2.60e-06    1.5e-07
1525300      1.47e-05      1.06e-06    1.5e-07
1525400      9.66e-06      6.97e-07    1.5e-07
1525500      1.62e-05      1.17e-06    1.5e-07
1525600      9.89e-06      7.14e-07    1.5e-07
1525700      9.32e-06      6.73e-07    1.5e-07
1525800      9.41e-06      6.79e-07    1.5e-07
1525900      3.14e-05      2.27e-06    1.5e-07
1526000      1.11e-05      7.99e-07    1.5e-07
1526100      2.10e-05      1.52e-06    1.5e-07
1526200      3.11e-05      2.24e-06    1.5e-07
1526300      2.08e-05      1.50e-06    1.5e-07
1526400      4.08e-05      2.94e-06    1.5e-07
1526500      1.72e-05      1.24e-06    1.5e-07
1526600      5.84e-05      4.21e-06    1.5e-07
1526700      2.10e-05      1.52e-06    1.5e-07
1526800      1.26e-05      9.12e-07    1.5e-07
1526900      1.06e-05      7.66e-07    1.5e-07
1527000      3.99e-05      2.88e-06    1.5e-07
1527100      4.61e-05      3.32e-06    1.5e-07
1527200      2.76e-05      1.99e-06    1.5e-07
1527300      1.55e-05      1.12e-06    1.5e-07
1527400      8.48e-06      6.12e-07    1.5e-07
1527500      2.24e-05      1.62e-06    1.5e-07
1527600      4.01e-05      2.90e-06    1.5e-07
1527700      1.84e-04      1.32e-05    1.5e-07
1527800      1.83e-04      1.32e-05    1.5e-07
1527900      8.35e-06      6.02e-07    1.5e-07
1528000      1.88e-05      1.36e-06    1.5e-07
1528100      1.32e-05      9.49e-07    1.5e-07
1528200      1.54e-04      1.11e-05    1.5e-07
1528300      2.24e-05      1.62e-06    1.5e-07
1528400      1.24e-05      8.97e-07    1.5e-07
1528500      1.45e-05      1.05e-06    1.5e-07
1528600      5.17e-05      3.73e-06    1.5e-07
1528700      5.12e-05      3.69e-06    1.5e-07
1528800      2.61e-05      1.89e-06    1.5e-07
1528900      4.35e-05      3.14e-06    1.5e-07
1529000      2.92e-05      2.11e-06    1.5e-07
1529100      1.70e-05      1.23e-06    1.5e-07
1529200      2.90e-05      2.09e-06    1.5e-07
1529300      1.08e-05      7.80e-07    1.5e-07
1529400      2.72e-05      1.96e-06    1.5e-07
1529500      1.55e-05      1.12e-06    1.5e-07
1529600      2.48e-05      1.79e-06    1.5e-07
1529700      7.93e-05      5.72e-06    1.5e-07
1529800      1.91e-05      1.38e-06    1.5e-07
1529900      2.63e-05      1.90e-06    1.5e-07
1530000      3.82e-05      2.76e-06    1.5e-07
1530100      2.27e-05      1.64e-06    1.5e-07
1530200      3.89e-05      2.81e-06    1.5e-07
1530300      1.70e-05      1.23e-06    1.5e-07
1530400      2.63e-05      1.90e-06    1.5e-07
1530500      7.54e-06      5.44e-07    1.5e-07
1530600      3.63e-05      2.62e-06    1.5e-07
1530700      4.52e-05      3.26e-06    1.5e-07
1530800      1.22e-05      8.78e-07    1.5e-07
1530900      4.13e-05      2.98e-06    1.5e-07
1531000      2.78e-05      2.01e-06    1.5e-07
1531100      1.11e-05      8.04e-07    1.5e-07
1531200      5.08e-05      3.66e-06    1.5e-07
1531300      3.69e-05      2.66e-06    1.5e-07
1531400      8.92e-06      6.44e-07    1.5e-07
1531500      1.39e-05      1.00e-06    1.5e-07
1531600      9.14e-06      6.59e-07    1.5e-07
1531700      2.23e-05      1.61e-06    1.5e-07
1531800      2.07e-05      1.50e-06    1.5e-07
1531900      7.23e-06      5.22e-07    1.5e-07
1532000      1.51e-05      1.09e-06    1.5e-07
1532100      2.83e-04      2.04e-05    1.5e-07
1532200      7.43e-05      5.36e-06    1.5e-07
1532300      3.01e-05      2.17e-06    1.5e-07
1532400      3.06e-05      2.21e-06    1.5e-07
1532500      3.48e-05      2.51e-06    1.5e-07
1532600      8.48e-05      6.12e-06    1.5e-07
1532700      2.48e-05      1.79e-06    1.5e-07
1532800      1.77e-04      1.28e-05    1.5e-07
1532900      1.97e-05      1.42e-06    1.5e-07
1533000      2.61e-05      1.88e-06    1.5e-07
1533100      1.09e-05      7.86e-07    1.5e-07
1533200      1.53e-05      1.10e-06    1.5e-07
1533300      5.81e-06      4.20e-07    1.5e-07
1533400      2.07e-05      1.49e-06    1.5e-07
1533500      3.10e-05      2.24e-06    1.5e-07
1533600      1.20e-05      8.65e-07    1.5e-07
1533700      1.95e-05      1.41e-06    1.5e-07
1533800      2.47e-05      1.78e-06    1.5e-07
1533900      1.57e-05      1.13e-06    1.5e-07
1534000      1.85e-05      1.34e-06    1.5e-07
1534100      3.78e-05      2.73e-06    1.5e-07
1534200      6.26e-06      4.52e-07    1.5e-07
1534300      9.34e-06      6.74e-07    1.5e-07
1534400      3.84e-05      2.77e-06    1.5e-07
1534500      1.32e-04      9.50e-06    1.5e-07
1534600      1.19e-05      8.60e-07    1.5e-07
1534700      6.94e-06      5.01e-07    1.5e-07
1534800      1.88e-05      1.36e-06    1.5e-07
1534900      1.08e-05      7.83e-07    1.5e-07
1535000      8.48e-05      6.12e-06    1.5e-07
1535100      3.09e-05      2.23e-06    1.5e-07
1535200      3.30e-05      2.38e-06    1.5e-07
1535300      1.31e-05      9.44e-07    1.5e-07
1535400      5.74e-05      4.14e-06    1.5e-07
1535500      1.28e-05      9.27e-07    1.5e-07
1535600      2.53e-05      1.83e-06    1.5e-07
1535700      1.05e-05      7.59e-07    1.5e-07
1535800      3.25e-05      2.34e-06    1.5e-07
1535900      6.02e-06      4.34e-07    1.5e-07
1536000      7.17e-06      5.18e-07    1.5e-07
1536100      8.67e-06      6.26e-07    1.5e-07
1536200      3.12e-05      2.25e-06    1.5e-07
1536300      1.14e-04      8.24e-06    1.5e-07
1536400      1.95e-05      1.41e-06    1.5e-07
1536500      2.45e-05      1.77e-06    1.5e-07
1536600      2.30e-05      1.66e-06    1.5e-07
1536700      5.13e-05      3.70e-06    1.5e-07
1536800      2.47e-05      1.78e-06    1.5e-07
1536900      4.47e-05      3.23e-06    1.5e-07
1537000      1.60e-05      1.15e-06    1.5e-07
1537100      3.59e-05      2.59e-06    1.5e-07
1537200      1.23e-05      8.89e-07    1.5e-07
1537300      2.67e-05      1.93e-06    1.5e-07
1537400      8.83e-06      6.38e-07    1.5e-07
1537500      1.68e-05      1.21e-06    1.5e-07
1537600      1.95e-05      1.41e-06    1.5e-07
1537700      4.97e-05      3.59e-06    1.5e-07
1537800      5.94e-05      4.28e-06    1.5e-07
1537900      3.65e-05      2.64e-06    1.5e-07
1538000      3.93e-05      2.84e-06    1.5e-07
1538100      1.90e-05      1.37e-06    1.5e-07
1538200      1.65e-04      1.19e-05    1.5e-07
1538300      1.12e-05      8.07e-07    1.5e-07
1538400      3.36e-05      2.43e-06    1.5e-07
1538500      4.51e-05      3.25e-06    1.5e-07
1538600      2.62e-05      1.89e-06    1.5e-07
1538700      1.17e-05      8.42e-07    1.5e-07
1538800      1.91e-05      1.37e-06    1.5e-07
1538900      1.91e-05      1.38e-06    1.5e-07
1539000      7.84e-05      5.66e-06    1.5e-07
1539100      1.17e-05      8.43e-07    1.5e-07
1539200      2.30e-04      1.66e-05    1.5e-07
1539300      6.33e-06      4.57e-07    1.5e-07
1539400      1.13e-05      8.16e-07    1.5e-07
1539500      2.30e-05      1.66e-06    1.5e-07
1539600      6.79e-06      4.90e-07    1.5e-07
1539700      5.20e-06      3.75e-07    1.5e-07
1539800      1.45e-05      1.05e-06    1.5e-07
1539900      4.28e-06      3.09e-07    1.5e-07
1540000      1.45e-05      1.05e-06    1.4e-07
1540100      1.03e-05      7.43e-07    1.4e-07
1540200      1.29e-05      9.34e-07    1.4e-07
1540300      3.93e-05      2.83e-06    1.4e-07
1540400      1.49e-05      1.08e-06    1.4e-07
1540500      1.03e-05      7.45e-07    1.4e-07
1540600      2.53e-05      1.82e-06    1.4e-07
1540700      3.64e-05      2.63e-06    1.4e-07
1540800      1.52e-05      1.10e-06    1.4e-07
1540900      9.52e-06      6.87e-07    1.4e-07
1541000      1.90e-05      1.37e-06    1.4e-07
1541100      1.70e-05      1.23e-06    1.4e-07
1541200      1.91e-05      1.38e-06    1.4e-07
1541300      1.55e-05      1.12e-06    1.4e-07
1541400      1.25e-05      9.02e-07    1.4e-07
1541500      3.17e-05      2.29e-06    1.4e-07
1541600      1.38e-05      9.98e-07    1.4e-07
1541700      6.14e-05      4.43e-06    1.4e-07
1541800      1.51e-05      1.09e-06    1.4e-07
1541900      1.75e-05      1.26e-06    1.4e-07
1542000      1.14e-05      8.20e-07    1.4e-07
1542100      2.67e-05      1.93e-06    1.4e-07
1542200      2.82e-05      2.04e-06    1.4e-07
1542300      2.31e-05      1.67e-06    1.4e-07
1542400      8.19e-05      5.91e-06    1.4e-07
1542500      9.07e-06      6.55e-07    1.4e-07
1542600      2.31e-05      1.67e-06    1.4e-07
1542700      2.06e-05      1.49e-06    1.4e-07
1542800      2.38e-05      1.71e-06    1.4e-07
1542900      7.02e-05      5.07e-06    1.4e-07
1543000      1.35e-05      9.75e-07    1.4e-07
1543100      5.49e-05      3.96e-06    1.4e-07
1543200      9.77e-05      7.05e-06    1.4e-07
1543300      2.16e-05      1.56e-06    1.4e-07
1543400      2.10e-05      1.52e-06    1.4e-07
1543500      1.56e-05      1.13e-06    1.4e-07
1543600      1.32e-04      9.50e-06    1.4e-07
1543700      1.18e-05      8.54e-07    1.4e-07
1543800      4.19e-05      3.02e-06    1.4e-07
1543900      6.81e-05      4.92e-06    1.4e-07
1544000      2.46e-05      1.77e-06    1.4e-07
1544100      1.09e-05      7.90e-07    1.4e-07
1544200      2.09e-05      1.51e-06    1.4e-07
1544300      1.18e-05      8.54e-07    1.4e-07
1544400      8.41e-06      6.07e-07    1.4e-07
1544500      3.30e-05      2.38e-06    1.4e-07
1544600      8.22e-05      5.93e-06    1.4e-07
1544700      2.05e-05      1.48e-06    1.4e-07
1544800      1.85e-05      1.33e-06    1.4e-07
1544900      2.33e-05      1.68e-06    1.4e-07
1545000      2.52e-05      1.82e-06    1.4e-07
1545100      1.54e-05      1.11e-06    1.4e-07
1545200      5.17e-05      3.73e-06    1.4e-07
1545300      2.16e-05      1.56e-06    1.4e-07
1545400      8.14e-06      5.88e-07    1.4e-07
1545500      6.07e-06      4.38e-07    1.4e-07
1545600      1.17e-05      8.43e-07    1.4e-07
1545700      8.46e-06      6.11e-07    1.4e-07
1545800      1.47e-05      1.06e-06    1.4e-07
1545900      2.42e-05      1.75e-06    1.4e-07
1546000      1.51e-05      1.09e-06    1.4e-07
1546100      1.54e-05      1.11e-06    1.4e-07
1546200      3.54e-05      2.56e-06    1.4e-07
1546300      7.97e-05      5.75e-06    1.4e-07
1546400      8.18e-06      5.90e-07    1.4e-07
1546500      1.89e-05      1.36e-06    1.4e-07
1546600      1.52e-05      1.09e-06    1.4e-07
1546700      2.64e-05      1.90e-06    1.4e-07
1546800      9.53e-06      6.88e-07    1.4e-07
1546900      1.56e-05      1.12e-06    1.4e-07
1547000      2.25e-05      1.62e-06    1.4e-07
1547100      2.02e-05      1.46e-06    1.4e-07
1547200      1.91e-05      1.38e-06    1.4e-07
1547300      2.85e-05      2.06e-06    1.4e-07
1547400      2.00e-05      1.44e-06    1.4e-07
1547500      7.53e-06      5.43e-07    1.4e-07
1547600      2.36e-05      1.71e-06    1.4e-07
1547700      5.42e-05      3.91e-06    1.4e-07
1547800      1.81e-05      1.31e-06    1.4e-07
1547900      4.08e-05      2.94e-06    1.4e-07
1548000      2.41e-05      1.74e-06    1.4e-07
1548100      1.22e-05      8.83e-07    1.4e-07
1548200      1.57e-05      1.13e-06    1.4e-07
1548300      6.62e-06      4.78e-07    1.4e-07
1548400      7.89e-06      5.69e-07    1.4e-07
1548500      1.95e-05      1.40e-06    1.4e-07
1548600      1.01e-05      7.30e-07    1.4e-07
1548700      1.44e-05      1.04e-06    1.4e-07
1548800      4.64e-05      3.35e-06    1.4e-07
1548900      5.31e-05      3.83e-06    1.4e-07
1549000      8.95e-06      6.46e-07    1.4e-07
1549100      1.44e-05      1.04e-06    1.4e-07
1549200      4.63e-05      3.34e-06    1.4e-07
1549300      2.11e-05      1.52e-06    1.4e-07
1549400      1.16e-05      8.34e-07    1.4e-07
1549500      1.79e-05      1.30e-06    1.4e-07
1549600      5.62e-05      4.06e-06    1.4e-07
1549700      1.46e-05      1.05e-06    1.4e-07
1549800      9.96e-06      7.19e-07    1.4e-07
1549900      9.74e-06      7.03e-07    1.4e-07
1550000      9.75e-06      7.04e-07    1.3e-07
1550100      1.29e-05      9.30e-07    1.3e-07
1550200      3.30e-05      2.38e-06    1.3e-07
1550300      1.15e-05      8.33e-07    1.3e-07
1550400      2.96e-05      2.13e-06    1.3e-07
1550500      2.12e-05      1.53e-06    1.3e-07
1550600      1.10e-05      7.94e-07    1.3e-07
1550700      1.25e-05      8.99e-07    1.3e-07
1550800      1.29e-05      9.30e-07    1.3e-07
1550900      1.15e-05      8.32e-07    1.3e-07
1551000      3.36e-05      2.42e-06    1.3e-07
1551100      2.60e-05      1.88e-06    1.3e-07
1551200      1.17e-05      8.47e-07    1.3e-07
1551300      9.47e-06      6.83e-07    1.3e-07
1551400      3.87e-05      2.79e-06    1.3e-07
1551500      1.53e-05      1.11e-06    1.3e-07
1551600      1.65e-04      1.19e-05    1.3e-07
1551700      8.24e-05      5.94e-06    1.3e-07
1551800      2.71e-05      1.95e-06    1.3e-07
1551900      7.44e-06      5.37e-07    1.3e-07
1552000      4.49e-05      3.24e-06    1.3e-07
1552100      3.44e-05      2.48e-06    1.3e-07
1552200      5.13e-05      3.70e-06    1.3e-07
1552300      2.59e-05      1.87e-06    1.3e-07
1552400      5.84e-05      4.22e-06    1.3e-07
1552500      1.10e-04      7.97e-06    1.3e-07
1552600      5.02e-05      3.62e-06    1.3e-07
1552700      1.19e-04      8.60e-06    1.3e-07
1552800      1.48e-05      1.07e-06    1.3e-07
1552900      2.39e-05      1.72e-06    1.3e-07
1553000      1.66e-05      1.20e-06    1.3e-07
1553100      1.38e-05      9.99e-07    1.3e-07
1553200      9.37e-05      6.76e-06    1.3e-07
1553300      1.40e-05      1.01e-06    1.3e-07
1553400      9.71e-06      7.01e-07    1.3e-07
1553500      7.01e-05      5.06e-06    1.3e-07
1553600      2.40e-05      1.73e-06    1.3e-07
1553700      1.77e-04      1.28e-05    1.3e-07
1553800      3.82e-05      2.75e-06    1.3e-07
1553900      1.69e-05      1.22e-06    1.3e-07
1554000      1.84e-05      1.33e-06    1.3e-07
1554100      6.01e-05      4.34e-06    1.3e-07
1554200      6.31e-05      4.55e-06    1.3e-07
1554300      1.88e-05      1.35e-06    1.3e-07
1554400      1.05e-04      7.57e-06    1.3e-07
1554500      1.71e-05      1.23e-06    1.3e-07
1554600      1.23e-05      8.86e-07    1.3e-07
1554700      4.19e-05      3.03e-06    1.3e-07
1554800      2.18e-05      1.57e-06    1.3e-07
1554900      4.51e-05      3.25e-06    1.3e-07
1555000      1.47e-05      1.06e-06    1.3e-07
1555100      2.50e-05      1.80e-06    1.3e-07
1555200      1.14e-05      8.25e-07    1.3e-07
1555300      2.55e-05      1.84e-06    1.3e-07
1555400      3.39e-05      2.45e-06    1.3e-07
1555500      2.86e-05      2.07e-06    1.3e-07
1555600      3.32e-05      2.39e-06    1.3e-07
1555700      1.42e-05      1.03e-06    1.3e-07
1555800      2.74e-05      1.98e-06    1.3e-07
1555900      2.44e-05      1.76e-06    1.3e-07
1556000      1.71e-05      1.23e-06    1.3e-07
1556100      1.62e-05      1.17e-06    1.3e-07
1556200      1.41e-05      1.02e-06    1.3e-07
1556300      2.10e-05      1.51e-06    1.3e-07
1556400      2.94e-05      2.12e-06    1.3e-07
1556500      1.58e-05      1.14e-06    1.3e-07
1556600      1.23e-05      8.91e-07    1.3e-07
1556700      1.98e-05      1.43e-06    1.3e-07
1556800      3.02e-05      2.18e-06    1.3e-07
1556900      7.07e-05      5.10e-06    1.3e-07
1557000      3.10e-05      2.24e-06    1.3e-07
1557100      3.64e-05      2.63e-06    1.3e-07
1557200      1.45e-05      1.05e-06    1.3e-07
1557300      1.83e-04      1.32e-05    1.3e-07
1557400      9.73e-06      7.02e-07    1.3e-07
1557500      3.75e-05      2.71e-06    1.3e-07
1557600      9.03e-06      6.51e-07    1.3e-07
1557700      1.71e-05      1.23e-06    1.3e-07
1557800      1.24e-05      8.92e-07    1.3e-07
1557900      3.12e-05      2.25e-06    1.3e-07
1558000      4.31e-05      3.11e-06    1.3e-07
1558100      2.04e-05      1.47e-06    1.3e-07
1558200      3.52e-05      2.54e-06    1.3e-07
1558300      1.32e-05      9.51e-07    1.3e-07
1558400      2.21e-05      1.59e-06    1.3e-07
1558500      9.79e-06      7.07e-07    1.3e-07
1558600      2.49e-05      1.80e-06    1.3e-07
1558700      1.60e-05      1.16e-06    1.3e-07
1558800      1.07e-05      7.74e-07    1.3e-07
1558900      3.92e-05      2.83e-06    1.3e-07
1559000      1.79e-05      1.29e-06    1.3e-07
1559100      9.36e-05      6.75e-06    1.3e-07
1559200      2.62e-05      1.89e-06    1.3e-07
1559300      1.47e-05      1.06e-06    1.3e-07
1559400      3.93e-06      2.83e-07    1.3e-07
1559500      3.81e-05      2.75e-06    1.3e-07
1559600      3.40e-05      2.46e-06    1.3e-07
1559700      2.16e-05      1.56e-06    1.3e-07
1559800      1.53e-05      1.11e-06    1.3e-07
1559900      4.93e-05      3.56e-06    1.3e-07
1560000      1.36e-05      9.82e-07    1.3e-07
1560100      5.45e-05      3.93e-06    1.3e-07
1560200      2.38e-05      1.72e-06    1.3e-07
1560300      1.33e-05      9.57e-07    1.3e-07
1560400      1.20e-05      8.70e-07    1.3e-07
1560500      1.03e-05      7.40e-07    1.3e-07
1560600      4.68e-05      3.38e-06    1.3e-07
1560700      1.69e-05      1.22e-06    1.3e-07
1560800      1.43e-05      1.03e-06    1.3e-07
1560900      8.68e-06      6.26e-07    1.3e-07
1561000      2.18e-05      1.57e-06    1.3e-07
1561100      8.71e-06      6.29e-07    1.3e-07
1561200      1.91e-05      1.38e-06    1.3e-07
1561300      1.81e-05      1.31e-06    1.3e-07
1561400      1.58e-05      1.14e-06    1.3e-07
1561500      3.15e-05      2.28e-06    1.3e-07
1561600      9.29e-06      6.70e-07    1.3e-07
1561700      4.68e-05      3.37e-06    1.3e-07
1561800      4.07e-05      2.94e-06    1.3e-07
1561900      1.29e-05      9.32e-07    1.3e-07
1562000      7.91e-06      5.71e-07    1.3e-07
1562100      9.84e-06      7.10e-07    1.3e-07
1562200      1.28e-05      9.21e-07    1.3e-07
1562300      8.33e-06      6.02e-07    1.3e-07
1562400      3.89e-05      2.81e-06    1.3e-07
1562500      2.39e-05      1.73e-06    1.3e-07
1562600      1.41e-04      1.02e-05    1.3e-07
1562700      1.67e-05      1.20e-06    1.3e-07
1562800      1.88e-04      1.36e-05    1.3e-07
1562900      1.84e-05      1.33e-06    1.3e-07
1563000      1.73e-05      1.25e-06    1.3e-07
1563100      2.85e-06      2.05e-07    1.3e-07
1563200      3.32e-05      2.40e-06    1.3e-07
1563300      9.40e-06      6.78e-07    1.3e-07
1563400      2.22e-05      1.61e-06    1.3e-07
1563500      5.39e-05      3.89e-06    1.3e-07
1563600      4.64e-05      3.35e-06    1.3e-07
1563700      1.67e-05      1.21e-06    1.3e-07
1563800      1.38e-04      9.99e-06    1.3e-07
1563900      2.37e-05      1.71e-06    1.3e-07
1564000      1.96e-04      1.41e-05    1.3e-07
1564100      1.23e-05      8.88e-07    1.3e-07
1564200      1.48e-05      1.06e-06    1.3e-07
1564300      5.27e-05      3.81e-06    1.3e-07
1564400      1.01e-05      7.30e-07    1.3e-07
1564500      2.65e-05      1.91e-06    1.3e-07
1564600      3.62e-05      2.61e-06    1.3e-07
1564700      3.45e-05      2.49e-06    1.3e-07
1564800      1.65e-05      1.19e-06    1.3e-07
1564900      2.62e-05      1.89e-06    1.3e-07
1565000      1.11e-05      8.03e-07    1.2e-07
1565100      1.12e-05      8.10e-07    1.2e-07
1565200      5.81e-05      4.19e-06    1.2e-07
1565300      6.00e-05      4.33e-06    1.2e-07
1565400      1.02e-05      7.39e-07    1.2e-07
1565500      1.46e-05      1.05e-06    1.2e-07
1565600      2.37e-05      1.71e-06    1.2e-07
1565700      1.17e-05      8.47e-07    1.2e-07
1565800      1.01e-05      7.30e-07    1.2e-07
1565900      2.47e-05      1.78e-06    1.2e-07
1566000      4.74e-05      3.42e-06    1.2e-07
1566100      7.94e-05      5.73e-06    1.2e-07
1566200      3.54e-05      2.56e-06    1.2e-07
1566300      9.54e-06      6.88e-07    1.2e-07
1566400      2.30e-04      1.66e-05    1.2e-07
1566500      9.99e-06      7.21e-07    1.2e-07
1566600      1.56e-05      1.12e-06    1.2e-07
1566700      2.47e-05      1.78e-06    1.2e-07
1566800      1.29e-04      9.29e-06    1.2e-07
1566900      6.10e-06      4.40e-07    1.2e-07
1567000      1.54e-05      1.11e-06    1.2e-07
1567100      1.35e-05      9.75e-07    1.2e-07
1567200      2.14e-05      1.55e-06    1.2e-07
1567300      4.44e-05      3.21e-06    1.2e-07
1567400      1.73e-05      1.25e-06    1.2e-07
1567500      1.63e-05      1.18e-06    1.2e-07
1567600      1.44e-05      1.04e-06    1.2e-07
1567700      1.26e-05      9.06e-07    1.2e-07
1567800      1.52e-05      1.10e-06    1.2e-07
1567900      1.38e-04      1.00e-05    1.2e-07
1568000      4.70e-05      3.39e-06    1.2e-07
1568100      1.14e-05      8.25e-07    1.2e-07
1568200      9.22e-06      6.66e-07    1.2e-07
1568300      1.64e-05      1.18e-06    1.2e-07
1568400      9.15e-06      6.60e-07    1.2e-07
1568500      1.87e-05      1.35e-06    1.2e-07
1568600      9.69e-05      6.99e-06    1.2e-07
1568700      1.84e-05      1.33e-06    1.2e-07
1568800      5.08e-05      3.66e-06    1.2e-07
1568900      1.73e-05      1.25e-06    1.2e-07
1569000      1.43e-05      1.03e-06    1.2e-07
1569100      1.26e-05      9.06e-07    1.2e-07
1569200      2.16e-05      1.56e-06    1.2e-07
1569300      1.10e-05      7.95e-07    1.2e-07
1569400      1.48e-05      1.07e-06    1.2e-07
1569500      1.10e-05      7.93e-07    1.2e-07
1569600      2.63e-05      1.90e-06    1.2e-07
1569700      1.41e-04      1.02e-05    1.2e-07
1569800      2.68e-05      1.93e-06    1.2e-07
1569900      1.45e-05      1.05e-06    1.2e-07
1570000      6.17e-06      4.46e-07    1.2e-07
1570100      6.36e-05      4.59e-06    1.2e-07
1570200      1.24e-05      8.94e-07    1.2e-07
1570300      1.61e-05      1.17e-06    1.2e-07
1570400      1.73e-05      1.25e-06    1.2e-07
1570500      1.07e-05      7.71e-07    1.2e-07
1570600      2.71e-05      1.96e-06    1.2e-07
1570700      1.50e-05      1.08e-06    1.2e-07
1570800      7.36e-06      5.31e-07    1.2e-07
1570900      1.73e-05      1.25e-06    1.2e-07
1571000      6.49e-06      4.69e-07    1.2e-07
1571100      1.66e-05      1.20e-06    1.2e-07
1571200      1.67e-05      1.20e-06    1.2e-07
1571300      8.43e-06      6.08e-07    1.2e-07
1571400      2.21e-05      1.59e-06    1.2e-07
1571500      2.61e-05      1.89e-06    1.2e-07
1571600      7.52e-06      5.42e-07    1.2e-07
1571700      7.05e-06      5.09e-07    1.2e-07
1571800      1.48e-05      1.07e-06    1.2e-07
1571900      2.71e-05      1.96e-06    1.2e-07
1572000      3.54e-05      2.55e-06    1.2e-07
1572100      4.28e-05      3.09e-06    1.2e-07
1572200      1.19e-05      8.58e-07    1.2e-07
1572300      4.70e-06      3.39e-07    1.2e-07
1572400      4.31e-05      3.11e-06    1.2e-07
1572500      2.25e-05      1.63e-06    1.2e-07
1572600      7.96e-06      5.74e-07    1.2e-07
1572700      3.34e-05      2.41e-06    1.2e-07
1572800      1.29e-05      9.31e-07    1.2e-07
1572900      9.39e-05      6.78e-06    1.2e-07
1573000      3.04e-05      2.19e-06    1.2e-07
1573100      8.51e-06      6.14e-07    1.2e-07
1573200      1.62e-05      1.17e-06    1.2e-07
1573300      1.27e-05      9.20e-07    1.2e-07
1573400      2.62e-05      1.89e-06    1.2e-07
1573500      1.98e-05      1.43e-06    1.2e-07
1573600      1.12e-05      8.07e-07    1.2e-07
1573700      6.03e-05      4.35e-06    1.2e-07
1573800      9.53e-05      6.87e-06    1.2e-07
1573900      1.22e-05      8.81e-07    1.2e-07
1574000      9.12e-06      6.58e-07    1.2e-07
1574100      2.10e-05      1.51e-06    1.2e-07
1574200      1.52e-05      1.09e-06    1.2e-07
1574300      1.99e-05      1.44e-06    1.2e-07
1574400      1.61e-05      1.16e-06    1.2e-07
1574500      2.46e-05      1.78e-06    1.2e-07
1574600      1.51e-05      1.09e-06    1.2e-07
1574700      2.29e-05      1.65e-06    1.2e-07
1574800      6.87e-05      4.96e-06    1.2e-07
1574900      2.11e-05      1.52e-06    1.2e-07
1575000      1.56e-05      1.13e-06    1.2e-07
1575100      2.85e-05      2.06e-06    1.2e-07
1575200      6.97e-06      5.03e-07    1.2e-07
1575300      1.47e-05      1.06e-06    1.2e-07
1575400      3.55e-05      2.56e-06    1.2e-07
1575500      2.19e-05      1.58e-06    1.2e-07
1575600      1.53e-05      1.10e-06    1.2e-07
1575700      1.62e-05      1.17e-06    1.2e-07
1575800      3.85e-05      2.78e-06    1.2e-07
1575900      7.31e-06      5.28e-07    1.2e-07
1576000      1.49e-05      1.07e-06    1.2e-07
1576100      6.23e-05      4.50e-06    1.2e-07
1576200      2.30e-05      1.66e-06    1.2e-07
1576300      2.30e-04      1.66e-05    1.2e-07
1576400      1.06e-05      7.67e-07    1.2e-07
1576500      2.05e-05      1.48e-06    1.2e-07
1576600      1.73e-05      1.25e-06    1.2e-07
1576700      3.62e-05      2.61e-06    1.2e-07
1576800      2.65e-05      1.91e-06    1.2e-07
1576900      7.92e-05      5.72e-06    1.2e-07
1577000      1.05e-05      7.59e-07    1.2e-07
1577100      9.26e-06      6.68e-07    1.2e-07
1577200      1.63e-05      1.18e-06    1.2e-07
1577300      4.74e-05      3.42e-06    1.2e-07
1577400      1.14e-04      8.24e-06    1.2e-07
1577500      1.32e-05      9.54e-07    1.2e-07
1577600      1.56e-05      1.12e-06    1.2e-07
1577700      1.33e-05      9.57e-07    1.2e-07
1577800      2.48e-05      1.79e-06    1.2e-07
1577900      8.21e-06      5.93e-07    1.2e-07
1578000      1.22e-05      8.78e-07    1.2e-07
1578100      1.33e-04      9.58e-06    1.2e-07
1578200      3.94e-05      2.84e-06    1.2e-07
1578300      5.41e-05      3.91e-06    1.2e-07
1578400      5.84e-05      4.22e-06    1.2e-07
1578500      5.82e-05      4.20e-06    1.2e-07
1578600      4.43e-05      3.20e-06    1.2e-07
1578700      1.48e-05      1.07e-06    1.2e-07
1578800      3.19e-05      2.30e-06    1.2e-07
1578900      2.14e-05      1.55e-06    1.2e-07
1579000      2.49e-05      1.80e-06    1.2e-07
1579100      1.54e-04      1.11e-05    1.2e-07
1579200      7.26e-06      5.24e-07    1.2e-07
1579300      9.43e-06      6.81e-07    1.2e-07
1579400      2.17e-05      1.57e-06    1.2e-07
1579500      1.35e-05      9.72e-07    1.2e-07
1579600      2.65e-05      1.91e-06    1.2e-07
1579700      5.27e-05      3.80e-06    1.2e-07
1579800      2.39e-05      1.72e-06    1.2e-07
1579900      1.75e-05      1.26e-06    1.2e-07
1580000      6.33e-05      4.57e-06    1.1e-07
1580100      1.22e-04      8.81e-06    1.1e-07
1580200      2.51e-05      1.81e-06    1.1e-07
1580300      6.81e-06      4.91e-07    1.1e-07
1580400      6.73e-06      4.86e-07    1.1e-07
1580500      2.92e-05      2.10e-06    1.1e-07
1580600      3.47e-05      2.51e-06    1.1e-07
1580700      1.99e-05      1.43e-06    1.1e-07
1580800      1.41e-05      1.02e-06    1.1e-07
1580900      1.27e-05      9.15e-07    1.1e-07
1581000      1.05e-05      7.55e-07    1.1e-07
1581100      1.11e-05      7.98e-07    1.1e-07
1581200      1.67e-05      1.21e-06    1.1e-07
1581300      3.72e-05      2.68e-06    1.1e-07
1581400      1.72e-05      1.24e-06    1.1e-07
1581500      6.69e-06      4.83e-07    1.1e-07
1581600      1.85e-05      1.33e-06    1.1e-07
1581700      7.14e-05      5.15e-06    1.1e-07
1581800      2.08e-05      1.50e-06    1.1e-07
1581900      1.85e-05      1.34e-06    1.1e-07
1582000      7.80e-06      5.63e-07    1.1e-07
1582100      1.04e-05      7.49e-07    1.1e-07
1582200      1.16e-05      8.36e-07    1.1e-07
1582300      1.25e-05      9.03e-07    1.1e-07
1582400      1.19e-05      8.58e-07    1.1e-07
1582500      2.69e-05      1.94e-06    1.1e-07
1582600      3.14e-05      2.27e-06    1.1e-07
1582700      9.49e-06      6.85e-07    1.1e-07
1582800      9.48e-06      6.84e-07    1.1e-07
1582900      1.11e-05      8.04e-07    1.1e-07
1583000      1.54e-04      1.11e-05    1.1e-07
1583100      2.06e-05      1.49e-06    1.1e-07
1583200      2.28e-05      1.64e-06    1.1e-07
1583300      2.56e-05      1.84e-06    1.1e-07
1583400      4.43e-05      3.20e-06    1.1e-07
1583500      2.77e-05      2.00e-06    1.1e-07
1583600      2.06e-05      1.49e-06    1.1e-07
1583700      1.86e-05      1.35e-06    1.1e-07
1583800      2.19e-05      1.58e-06    1.1e-07
1583900      9.48e-06      6.84e-07    1.1e-07
1584000      3.68e-05      2.65e-06    1.1e-07
1584100      1.94e-05      1.40e-06    1.1e-07
1584200      7.02e-06      5.07e-07    1.1e-07
1584300      7.51e-06      5.42e-07    1.1e-07
1584400      2.76e-05      1.99e-06    1.1e-07
1584500      2.52e-05      1.82e-06    1.1e-07
1584600      1.76e-05      1.27e-06    1.1e-07
1584700      8.04e-06      5.80e-07    1.1e-07
1584800      1.93e-04      1.39e-05    1.1e-07
1584900      2.94e-05      2.12e-06    1.1e-07
1585000      1.31e-05      9.44e-07    1.1e-07
1585100      7.04e-06      5.08e-07    1.1e-07
1585200      3.93e-05      2.84e-06    1.1e-07
1585300      3.65e-05      2.63e-06    1.1e-07
1585400      3.00e-05      2.17e-06    1.1e-07
1585500      2.17e-05      1.57e-06    1.1e-07
1585600      1.99e-05      1.44e-06    1.1e-07
1585700      2.46e-05      1.78e-06    1.1e-07
1585800      1.54e-05      1.11e-06    1.1e-07
1585900      2.00e-05      1.44e-06    1.1e-07
1586000      1.01e-05      7.29e-07    1.1e-07
1586100      5.82e-05      4.20e-06    1.1e-07
1586200      2.68e-05      1.94e-06    1.1e-07
1586300      1.61e-05      1.16e-06    1.1e-07
1586400      1.62e-05      1.17e-06    1.1e-07
1586500      1.01e-05      7.32e-07    1.1e-07
1586600      3.26e-05      2.35e-06    1.1e-07
1586700      7.52e-06      5.43e-07    1.1e-07
1586800      1.32e-05      9.50e-07    1.1e-07
1586900      3.36e-05      2.42e-06    1.1e-07
1587000      2.97e-05      2.14e-06    1.1e-07
1587100      1.37e-05      9.91e-07    1.1e-07
1587200      2.76e-05      1.99e-06    1.1e-07
1587300      1.47e-05      1.06e-06    1.1e-07
1587400      3.95e-05      2.85e-06    1.1e-07
1587500      1.05e-05      7.57e-07    1.1e-07
1587600      3.64e-05      2.63e-06    1.1e-07
1587700      7.97e-06      5.75e-07    1.1e-07
1587800      1.94e-05      1.40e-06    1.1e-07
1587900      4.77e-05      3.44e-06    1.1e-07
1588000      1.99e-05      1.44e-06    1.1e-07
1588100      1.13e-04      8.16e-06    1.1e-07
1588200      2.85e-05      2.06e-06    1.1e-07
1588300      1.26e-05      9.08e-07    1.1e-07
1588400      7.19e-06      5.19e-07    1.1e-07
1588500      1.27e-05      9.14e-07    1.1e-07
1588600      2.13e-05      1.54e-06    1.1e-07
1588700      6.89e-05      4.97e-06    1.1e-07
1588800      3.59e-05      2.59e-06    1.1e-07
1588900      8.89e-06      6.42e-07    1.1e-07
1589000      1.59e-05      1.15e-06    1.1e-07
1589100      3.16e-05      2.28e-06    1.1e-07
1589200      9.56e-06      6.90e-07    1.1e-07
1589300      3.70e-05      2.67e-06    1.1e-07
1589400      2.86e-05      2.07e-06    1.1e-07
1589500      9.92e-06      7.16e-07    1.1e-07
1589600      1.51e-05      1.09e-06    1.1e-07
1589700      2.62e-05      1.89e-06    1.1e-07
1589800      1.62e-05      1.17e-06    1.1e-07
1589900      5.21e-05      3.76e-06    1.1e-07
1590000      8.26e-06      5.96e-07    1.1e-07
1590100      1.15e-05      8.30e-07    1.1e-07
1590200      1.55e-05      1.12e-06    1.1e-07
1590300      4.26e-06      3.08e-07    1.1e-07
1590400      9.78e-05      7.05e-06    1.1e-07
1590500      2.11e-05      1.52e-06    1.1e-07
1590600      1.81e-05      1.30e-06    1.1e-07
1590700      1.82e-04      1.31e-05    1.1e-07
1590800      2.28e-05      1.65e-06    1.1e-07
1590900      1.81e-05      1.31e-06    1.1e-07
1591000      5.49e-05      3.97e-06    1.1e-07
1591100      5.60e-05      4.04e-06    1.1e-07
1591200      1.29e-05      9.29e-07    1.1e-07
1591300      1.69e-05      1.22e-06    1.1e-07
1591400      3.25e-05      2.34e-06    1.1e-07
1591500      1.78e-05      1.28e-06    1.1e-07
1591600      9.49e-06      6.85e-07    1.1e-07
1591700      3.25e-05      2.34e-06    1.1e-07
1591800      4.25e-05      3.07e-06    1.1e-07
1591900      4.03e-05      2.91e-06    1.1e-07
1592000      1.18e-05      8.48e-07    1.1e-07
1592100      2.59e-05      1.87e-06    1.1e-07
1592200      7.96e-05      5.74e-06    1.1e-07
1592300      1.65e-05      1.19e-06    1.1e-07
1592400      1.41e-05      1.02e-06    1.1e-07
1592500      3.22e-05      2.33e-06    1.1e-07
1592600      2.19e-05      1.58e-06    1.1e-07
1592700      1.18e-05      8.55e-07    1.1e-07
1592800      1.67e-05      1.20e-06    1.1e-07
1592900      7.83e-05      5.65e-06    1.1e-07
1593000      2.02e-05      1.46e-06    1.1e-07
1593100      2.26e-05      1.63e-06    1.1e-07
1593200      1.57e-05      1.13e-06    1.1e-07
1593300      1.80e-05      1.30e-06    1.1e-07
1593400      4.17e-05      3.01e-06    1.1e-07
1593500      4.53e-05      3.27e-06    1.1e-07
1593600      1.54e-04      1.11e-05    1.1e-07
1593700      2.03e-05      1.47e-06    1.1e-07
1593800      2.20e-05      1.59e-06    1.1e-07
1593900      8.92e-06      6.44e-07    1.1e-07
1594000      9.64e-06      6.95e-07    1.1e-07
1594100      9.74e-06      7.03e-07    1.1e-07
1594200      2.03e-05      1.47e-06    1.1e-07
1594300      1.46e-05      1.06e-06    1.1e-07
1594400      1.92e-05      1.39e-06    1.1e-07
1594500      9.05e-06      6.53e-07    1.1e-07
1594600      1.85e-05      1.33e-06    1.1e-07
1594700      2.36e-05      1.70e-06    1.1e-07
1594800      7.44e-06      5.37e-07    1.1e-07
1594900      1.88e-05      1.35e-06    1.1e-07
1595000      1.78e-05      1.28e-06    1.0e-07
1595100      2.22e-05      1.61e-06    1.0e-07
1595200      1.44e-05      1.04e-06    1.0e-07
1595300      1.72e-05      1.24e-06    1.0e-07
1595400      1.49e-05      1.08e-06    1.0e-07
1595500      3.27e-05      2.36e-06    1.0e-07
1595600      2.43e-05      1.75e-06    1.0e-07
1595700      2.83e-04      2.04e-05    1.0e-07
1595800      6.65e-05      4.80e-06    1.0e-07
1595900      1.25e-04      9.04e-06    1.0e-07
1596000      1.27e-05      9.16e-07    1.0e-07
1596100      2.42e-04      1.75e-05    1.0e-07
1596200      5.86e-06      4.23e-07    1.0e-07
1596300      3.25e-05      2.34e-06    1.0e-07
1596400      5.84e-05      4.21e-06    1.0e-07
1596500      5.74e-05      4.14e-06    1.0e-07
1596600      2.48e-05      1.79e-06    1.0e-07
1596700      2.47e-05      1.79e-06    1.0e-07
1596800      2.20e-05      1.59e-06    1.0e-07
1596900      5.17e-05      3.73e-06    1.0e-07
1597000      2.94e-05      2.12e-06    1.0e-07
1597100      1.09e-05      7.83e-07    1.0e-07
1597200      1.50e-05      1.08e-06    1.0e-07
1597300      1.62e-05      1.17e-06    1.0e-07
1597400      3.52e-05      2.54e-06    1.0e-07
1597500      9.34e-06      6.74e-07    1.0e-07
1597600      7.27e-06      5.24e-07    1.0e-07
1597700      9.59e-05      6.92e-06    1.0e-07
1597800      4.77e-05      3.44e-06    1.0e-07
1597900      1.36e-05      9.78e-07    1.0e-07
1598000      1.65e-04      1.19e-05    1.0e-07
1598100      2.05e-05      1.48e-06    1.0e-07
1598200      4.90e-05      3.54e-06    1.0e-07
1598300      1.23e-04      8.84e-06    1.0e-07
1598400      5.73e-05      4.13e-06    1.0e-07
1598500      1.61e-04      1.16e-05    1.0e-07
1598600      3.52e-05      2.54e-06    1.0e-07
1598700      2.36e-05      1.71e-06    1.0e-07
1598800      4.29e-05      3.10e-06    1.0e-07
1598900      1.70e-05      1.22e-06    1.0e-07
1599000      2.15e-05      1.55e-06    1.0e-07
1599100      3.23e-05      2.33e-06    1.0e-07
1599200      1.43e-05      1.03e-06    1.0e-07
1599300      1.69e-05      1.22e-06    1.0e-07
1599400      3.13e-05      2.26e-06    1.0e-07
1599500      1.53e-05      1.10e-06    1.0e-07
1599600      4.17e-05      3.01e-06    1.0e-07
1599700      1.75e-05      1.26e-06    1.0e-07
1599800      9.32e-06      6.73e-07    1.0e-07
1599900      5.37e-05      3.88e-06    1.0e-07
1600000      2.71e-05      1.96e-06    1.0e-07
1600100      5.77e-06      4.16e-07    1.0e-07
1600200      2.01e-05      1.45e-06    1.0e-07
1600300      2.96e-05      2.14e-06    1.0e-07
1600400      1.67e-04      1.20e-05    1.0e-07
1600500      7.29e-06      5.26e-07    1.0e-07
1600600      3.74e-06      2.70e-07    1.0e-07
1600700      3.64e-05      2.62e-06    1.0e-07
1600800      2.04e-05      1.47e-06    1.0e-07
1600900      1.52e-04      1.10e-05    1.0e-07
1601000      1.15e-05      8.31e-07    1.0e-07
1601100      1.44e-05      1.04e-06    1.0e-07
1601200      4.98e-06      3.59e-07    1.0e-07
1601300      9.82e-06      7.09e-07    1.0e-07
1601400      7.77e-05      5.61e-06    1.0e-07
1601500      6.20e-06      4.47e-07    1.0e-07
1601600      3.55e-05      2.56e-06    1.0e-07
1601700      1.33e-04      9.60e-06    1.0e-07
1601800      4.77e-05      3.44e-06    1.0e-07
1601900      9.78e-05      7.05e-06    1.0e-07
1602000      2.11e-05      1.52e-06    1.0e-07
1602100      2.06e-05      1.49e-06    1.0e-07
1602200      3.10e-05      2.24e-06    1.0e-07
1602300      2.02e-05      1.46e-06    1.0e-07
1602400      7.92e-05      5.72e-06    1.0e-07
1602500      2.24e-05      1.62e-06    1.0e-07
1602600      2.03e-05      1.46e-06    1.0e-07
1602700      1.09e-05      7.90e-07    1.0e-07
1602800      1.40e-05      1.01e-06    1.0e-07
1602900      5.81e-05      4.20e-06    1.0e-07
1603000      7.79e-06      5.63e-07    1.0e-07
1603100      1.69e-05      1.22e-06    1.0e-07
1603200      1.93e-05      1.40e-06    1.0e-07
1603300      2.09e-05      1.51e-06    1.0e-07
1603400      3.50e-06      2.53e-07    1.0e-07
1603500      5.15e-06      3.71e-07    1.0e-07
1603600      1.84e-04      1.32e-05    1.0e-07
1603700      9.38e-06      6.77e-07    1.0e-07
1603800      1.00e-05      7.23e-07    1.0e-07
1603900      2.42e-04      1.75e-05    1.0e-07
1604000      4.96e-05      3.58e-06    1.0e-07
1604100      8.24e-06      5.95e-07    1.0e-07
1604200      4.21e-05      3.04e-06    1.0e-07
1604300      9.98e-06      7.20e-07    1.0e-07
1604400      6.36e-05      4.59e-06    1.0e-07
1604500      1.27e-05      9.14e-07    1.0e-07
1604600      2.48e-05      1.79e-06    1.0e-07
1604700      2.25e-05      1.63e-06    1.0e-07
1604800      2.38e-05      1.72e-06    1.0e-07
1604900      5.76e-06      4.16e-07    1.0e-07
1605000      1.75e-04      1.26e-05    9.7e-08
1605100      2.32e-05      1.68e-06    9.7e-08
1605200      1.33e-05      9.63e-07    9.7e-08
1605300      5.71e-05      4.12e-06    9.7e-08
1605400      1.24e-05      8.97e-07    9.7e-08
1605500      1.94e-05      1.40e-06    9.7e-08
1605600      2.24e-05      1.61e-06    9.7e-08
1605700      1.40e-05      1.01e-06    9.7e-08
1605800      6.22e-05      4.49e-06    9.7e-08
1605900      6.66e-05      4.81e-06    9.7e-08
1606000      1.08e-05      7.77e-07    9.7e-08
1606100      1.32e-05      9.50e-07    9.7e-08
1606200      3.23e-05      2.33e-06    9.7e-08
1606300      1.14e-05      8.24e-07    9.7e-08
1606400      1.19e-05      8.59e-07    9.7e-08
1606500      2.70e-05      1.95e-06    9.7e-08
1606600      1.26e-05      9.12e-07    9.7e-08
1606700      8.82e-06      6.37e-07    9.7e-08
1606800      7.38e-06      5.32e-07    9.7e-08
1606900      3.54e-05      2.55e-06    9.7e-08
1607000      2.39e-05      1.72e-06    9.7e-08
1607100      3.21e-06      2.32e-07    9.7e-08
1607200      1.25e-05      9.00e-07    9.7e-08
1607300      1.11e-05      7.99e-07    9.7e-08
1607400      3.44e-04      2.48e-05    9.7e-08
1607500      1.22e-05      8.81e-07    9.7e-08
1607600      1.80e-05      1.30e-06    9.7e-08
1607700      1.54e-05      1.11e-06    9.7e-08
1607800      3.75e-05      2.70e-06    9.7e-08
1607900      1.99e-05      1.43e-06    9.7e-08
1608000      2.52e-05      1.82e-06    9.7e-08
1608100      1.76e-04      1.27e-05    9.7e-08
1608200      2.13e-05      1.54e-06    9.7e-08
1608300      2.44e-05      1.76e-06    9.7e-08
1608400      3.59e-05      2.59e-06    9.7e-08
1608500      3.20e-05      2.31e-06    9.7e-08
1608600      1.29e-05      9.27e-07    9.7e-08
1608700      4.57e-05      3.30e-06    9.7e-08
1608800      8.60e-06      6.20e-07    9.7e-08
1608900      1.48e-05      1.07e-06    9.7e-08
1609000      1.82e-04      1.31e-05    9.7e-08
1609100      1.12e-05      8.10e-07    9.7e-08
1609200      1.53e-05      1.10e-06    9.7e-08
1609300      1.50e-05      1.09e-06    9.7e-08
1609400      1.58e-05      1.14e-06    9.7e-08
1609500      1.15e-05      8.31e-07    9.7e-08
1609600      1.11e-05      8.04e-07    9.7e-08
1609700      4.79e-05      3.46e-06    9.7e-08
1609800      1.25e-05      9.02e-07    9.7e-08
1609900      1.26e-05      9.06e-07    9.7e-08
1610000      1.72e-05      1.24e-06    9.4e-08
1610100      3.09e-05      2.23e-06    9.4e-08
1610200      2.56e-04      1.85e-05    9.4e-08
1610300      2.42e-05      1.75e-06    9.4e-08
1610400      1.04e-05      7.49e-07    9.4e-08
1610500      5.16e-05      3.72e-06    9.4e-08
1610600      8.17e-06      5.89e-07    9.4e-08
1610700      5.27e-05      3.80e-06    9.4e-08
1610800      9.90e-06      7.15e-07    9.4e-08
1610900      1.07e-05      7.70e-07    9.4e-08
1611000      7.44e-06      5.37e-07    9.4e-08
1611100      6.49e-05      4.69e-06    9.4e-08
1611200      1.17e-05      8.42e-07    9.4e-08
1611300      4.96e-06      3.58e-07    9.4e-08
1611400      2.88e-05      2.08e-06    9.4e-08
1611500      1.67e-05      1.21e-06    9.4e-08
1611600      2.65e-05      1.92e-06    9.4e-08
1611700      9.06e-06      6.54e-07    9.4e-08
1611800      1.18e-05      8.52e-07    9.4e-08
1611900      2.68e-05      1.93e-06    9.4e-08
1612000      5.08e-06      3.67e-07    9.4e-08
1612100      3.22e-05      2.33e-06    9.4e-08
1612200      2.09e-05      1.51e-06    9.4e-08
1612300      1.39e-05      1.00e-06    9.4e-08
1612400      1.35e-05      9.76e-07    9.4e-08
1612500      8.16e-06      5.89e-07    9.4e-08
1612600      1.65e-05      1.19e-06    9.4e-08
1612700      1.96e-05      1.42e-06    9.4e-08
1612800      2.93e-05      2.11e-06    9.4e-08
1612900      1.23e-05      8.88e-07    9.4e-08
1613000      1.93e-05      1.39e-06    9.4e-08
1613100      1.79e-05      1.29e-06    9.4e-08
1613200      3.76e-05      2.71e-06    9.4e-08
1613300      1.10e-05      7.93e-07    9.4e-08
1613400      2.26e-05      1.63e-06    9.4e-08
1613500      1.14e-04      8.23e-06    9.4e-08
1613600      2.32e-05      1.67e-06    9.4e-08
1613700      3.67e-05      2.65e-06    9.4e-08
1613800      4.04e-05      2.92e-06    9.4e-08
1613900      1.59e-05      1.15e-06    9.4e-08
1614000      2.50e-05      1.81e-06    9.4e-08
1614100      1.01e-05      7.27e-07    9.4e-08
1614200      2.01e-05      1.45e-06    9.4e-08
1614300      3.81e-05      2.75e-06    9.4e-08
1614400      9.38e-06      6.77e-07    9.4e-08
1614500      3.46e-05      2.49e-06    9.4e-08
1614600      4.20e-06      3.03e-07    9.4e-08
1614700      2.00e-05      1.44e-06    9.4e-08
1614800      2.92e-05      2.11e-06    9.4e-08
1614900      1.91e-05      1.38e-06    9.4e-08
1615000      4.39e-05      3.17e-06    9.2e-08
1615100      2.06e-05      1.49e-06    9.2e-08
1615200      1.02e-05      7.35e-07    9.2e-08
1615300      1.58e-05      1.14e-06    9.2e-08
1615400      3.28e-05      2.37e-06    9.2e-08
1615500      2.23e-05      1.61e-06    9.2e-08
1615600      3.17e-05      2.29e-06    9.2e-08
1615700      1.77e-05      1.27e-06    9.2e-08
1615800      1.18e-04      8.52e-06    9.2e-08
1615900      1.70e-04      1.23e-05    9.2e-08
1616000      2.46e-05      1.78e-06    9.2e-08
1616100      1.96e-05      1.42e-06    9.2e-08
1616200      4.45e-05      3.21e-06    9.2e-08
1616300      2.50e-05      1.80e-06    9.2e-08
1616400      9.50e-06      6.86e-07    9.2e-08
1616500      1.17e-04      8.45e-06    9.2e-08
1616600      9.57e-06      6.91e-07    9.2e-08
1616700      6.68e-05      4.82e-06    9.2e-08
1616800      4.36e-05      3.15e-06    9.2e-08
1616900      1.41e-04      1.02e-05    9.2e-08
1617000      5.30e-06      3.83e-07    9.2e-08
1617100      1.09e-05      7.84e-07    9.2e-08
1617200      4.64e-05      3.35e-06    9.2e-08
1617300      1.05e-05      7.57e-07    9.2e-08
1617400      7.64e-05      5.51e-06    9.2e-08
1617500      1.14e-05      8.19e-07    9.2e-08
1617600      8.01e-06      5.78e-07    9.2e-08
1617700      8.19e-05      5.91e-06    9.2e-08
1617800      1.14e-04      8.24e-06    9.2e-08
1617900      5.64e-06      4.07e-07    9.2e-08
1618000      2.25e-05      1.63e-06    9.2e-08
1618100      4.60e-05      3.32e-06    9.2e-08
1618200      1.44e-05      1.04e-06    9.2e-08
1618300      3.33e-05      2.40e-06    9.2e-08
1618400      1.41e-05      1.02e-06    9.2e-08
1618500      1.64e-05      1.18e-06    9.2e-08
1618600      2.36e-05      1.70e-06    9.2e-08
1618700      4.30e-05      3.10e-06    9.2e-08
1618800      1.77e-04      1.28e-05    9.2e-08
1618900      1.26e-05      9.08e-07    9.2e-08
1619000      8.60e-06      6.21e-07    9.2e-08
1619100      3.71e-05      2.68e-06    9.2e-08
1619200      1.22e-05      8.79e-07    9.2e-08
1619300      1.46e-05      1.06e-06    9.2e-08
1619400      1.55e-05      1.12e-06    9.2e-08
1619500      1.55e-05      1.12e-06    9.2e-08
1619600      7.83e-05      5.65e-06    9.2e-08
1619700      9.48e-06      6.84e-07    9.2e-08
1619800      2.91e-05      2.10e-06    9.2e-08
1619900      3.09e-05      2.23e-06    9.2e-08
1620000      5.25e-06      3.79e-07    8.9e-08
1620100      1.94e-05      1.40e-06    8.9e-08
1620200      7.64e-05      5.51e-06    8.9e-08
1620300      3.35e-05      2.42e-06    8.9e-08
1620400      1.48e-05      1.07e-06    8.9e-08
1620500      9.64e-06      6.96e-07    8.9e-08
1620600      1.72e-05      1.24e-06    8.9e-08
1620700      3.27e-05      2.36e-06    8.9e-08
1620800      3.76e-05      2.71e-06    8.9e-08
1620900      5.19e-06      3.75e-07    8.9e-08
1621000      1.03e-04      7.45e-06    8.9e-08
1621100      1.28e-05      9.21e-07    8.9e-08
1621200      1.53e-05      1.11e-06    8.9e-08
1621300      1.35e-04      9.76e-06    8.9e-08
1621400      8.93e-06      6.44e-07    8.9e-08
1621500      5.28e-05      3.81e-06    8.9e-08
1621600      1.09e-05      7.89e-07    8.9e-08
1621700      7.00e-05      5.06e-06    8.9e-08
1621800      4.92e-06      3.55e-07    8.9e-08
1621900      5.86e-06      4.23e-07    8.9e-08
1622000      1.74e-05      1.25e-06    8.9e-08
1622100      4.63e-05      3.34e-06    8.9e-08
1622200      3.68e-05      2.66e-06    8.9e-08
1622300      1.50e-05      1.09e-06    8.9e-08
1622400      1.25e-05      9.02e-07    8.9e-08
1622500      2.03e-05      1.46e-06    8.9e-08
1622600      2.03e-05      1.47e-06    8.9e-08
1622700      1.97e-05      1.42e-06    8.9e-08
1622800      1.52e-05      1.09e-06    8.9e-08
1622900      2.29e-05      1.65e-06    8.9e-08
1623000      1.66e-05      1.20e-06    8.9e-08
1623100      7.91e-05      5.71e-06    8.9e-08
1623200      1.94e-05      1.40e-06    8.9e-08
1623300      8.30e-06      5.99e-07    8.9e-08
1623400      1.30e-05      9.40e-07    8.9e-08
1623500      3.87e-05      2.79e-06    8.9e-08
1623600      4.16e-06      3.01e-07    8.9e-08
1623700      2.72e-05      1.96e-06    8.9e-08
1623800      1.10e-05      7.96e-07    8.9e-08
1623900      1.97e-05      1.42e-06    8.9e-08
1624000      5.29e-05      3.82e-06    8.9e-08
1624100      1.48e-05      1.07e-06    8.9e-08
1624200      1.94e-05      1.40e-06    8.9e-08
1624300      3.51e-05      2.53e-06    8.9e-08
1624400      5.84e-05      4.21e-06    8.9e-08
1624500      1.45e-05      1.05e-06    8.9e-08
1624600      1.68e-05      1.21e-06    8.9e-08
1624700      1.43e-05      1.03e-06    8.9e-08
1624800      7.44e-05      5.37e-06    8.9e-08
1624900      1.04e-05      7.48e-07    8.9e-08
1625000      3.18e-05      2.30e-06    8.7e-08
1625100      2.03e-05      1.47e-06    8.7e-08
1625200      1.59e-05      1.15e-06    8.7e-08
1625300      2.12e-05      1.53e-06    8.7e-08
1625400      4.77e-05      3.44e-06    8.7e-08
1625500      9.07e-06      6.55e-07    8.7e-08
1625600      7.83e-05      5.65e-06    8.7e-08
1625700      5.05e-05      3.64e-06    8.7e-08
1625800      1.23e-05      8.84e-07    8.7e-08
1625900      3.32e-05      2.40e-06    8.7e-08
1626000      4.48e-05      3.23e-06    8.7e-08
1626100      1.47e-04      1.06e-05    8.7e-08
1626200      2.13e-05      1.54e-06    8.7e-08
1626300      2.24e-05      1.62e-06    8.7e-08
1626400      1.61e-05      1.16e-06    8.7e-08
1626500      1.41e-05      1.02e-06    8.7e-08
1626600      1.92e-05      1.38e-06    8.7e-08
1626700      2.54e-05      1.83e-06    8.7e-08
1626800      4.44e-05      3.21e-06    8.7e-08
1626900      3.42e-05      2.47e-06    8.7e-08
1627000      1.86e-05      1.34e-06    8.7e-08
1627100      1.43e-05      1.03e-06    8.7e-08
1627200      1.65e-05      1.19e-06    8.7e-08
1627300      1.32e-05      9.55e-07    8.7e-08
1627400      2.02e-05      1.46e-06    8.7e-08
1627500      1.83e-05      1.32e-06    8.7e-08
1627600      7.51e-06      5.42e-07    8.7e-08
1627700      1.25e-05      9.06e-07    8.7e-08
1627800      1.43e-05      1.03e-06    8.7e-08
1627900      5.07e-05      3.66e-06    8.7e-08
1628000      2.95e-05      2.13e-06    8.7e-08
1628100      6.80e-05      4.91e-06    8.7e-08
1628200      1.16e-05      8.34e-07    8.7e-08
1628300      1.18e-05      8.55e-07    8.7e-08
1628400      1.14e-05      8.23e-07    8.7e-08
1628500      2.12e-05      1.53e-06    8.7e-08
1628600      2.08e-05      1.50e-06    8.7e-08
1628700      1.47e-04      1.06e-05    8.7e-08
1628800      1.10e-05      7.95e-07    8.7e-08
1628900      3.44e-04      2.48e-05    8.7e-08
1629000      6.38e-06      4.61e-07    8.7e-08
1629100      2.34e-05      1.69e-06    8.7e-08
1629200      3.53e-05      2.55e-06    8.7e-08
1629300      8.41e-05      6.07e-06    8.7e-08
1629400      3.75e-05      2.70e-06    8.7e-08
1629500      2.38e-05      1.71e-06    8.7e-08
1629600      8.90e-06      6.42e-07    8.7e-08
1629700      2.84e-05      2.05e-06    8.7e-08
1629800      2.41e-05      1.74e-06    8.7e-08
1629900      2.37e-05      1.71e-06    8.7e-08
1630000      2.93e-05      2.12e-06    8.4e-08
1630100      1.69e-05      1.22e-06    8.4e-08
1630200      5.07e-05      3.66e-06    8.4e-08
1630300      2.99e-05      2.16e-06    8.4e-08
1630400      8.35e-06      6.02e-07    8.4e-08
1630500      7.46e-06      5.39e-07    8.4e-08
1630600      6.80e-05      4.91e-06    8.4e-08
1630700      2.87e-05      2.07e-06    8.4e-08
1630800      1.19e-04      8.59e-06    8.4e-08
1630900      7.16e-05      5.17e-06    8.4e-08
1631000      5.78e-06      4.17e-07    8.4e-08
1631100      1.12e-05      8.08e-07    8.4e-08
1631200      1.62e-05      1.17e-06    8.4e-08
1631300      1.72e-05      1.24e-06    8.4e-08
1631400      1.39e-05      1.00e-06    8.4e-08
1631500      8.76e-06      6.32e-07    8.4e-08
1631600      2.91e-05      2.10e-06    8.4e-08
1631700      1.32e-04      9.50e-06    8.4e-08
1631800      1.90e-05      1.37e-06    8.4e-08
1631900      4.46e-05      3.22e-06    8.4e-08
1632000      1.50e-05      1.08e-06    8.4e-08
1632100      8.19e-05      5.91e-06    8.4e-08
1632200      7.20e-06      5.20e-07    8.4e-08
1632300      3.67e-05      2.65e-06    8.4e-08
1632400      2.01e-05      1.45e-06    8.4e-08
1632500      3.42e-05      2.47e-06    8.4e-08
1632600      2.04e-05      1.48e-06    8.4e-08
1632700      3.16e-05      2.28e-06    8.4e-08
1632800      2.31e-05      1.67e-06    8.4e-08
1632900      2.76e-05      1.99e-06    8.4e-08
1633000      6.79e-06      4.90e-07    8.4e-08
1633100      1.28e-05      9.26e-07    8.4e-08
1633200      4.22e-05      3.04e-06    8.4e-08
1633300      9.69e-06      6.99e-07    8.4e-08
1633400      3.57e-05      2.58e-06    8.4e-08
1633500      2.64e-05      1.90e-06    8.4e-08
1633600      1.99e-05      1.44e-06    8.4e-08
1633700      1.03e-05      7.40e-07    8.4e-08
1633800      1.51e-05      1.09e-06    8.4e-08
1633900      3.52e-05      2.54e-06    8.4e-08
1634000      1.03e-05      7.47e-07    8.4e-08
1634100      1.82e-05      1.32e-06    8.4e-08
1634200      1.70e-05      1.23e-06    8.4e-08
1634300      6.86e-06      4.95e-07    8.4e-08
1634400      1.25e-05      9.04e-07    8.4e-08
1634500      1.58e-05      1.14e-06    8.4e-08
1634600      1.41e-04      1.02e-05    8.4e-08
1634700      1.47e-05      1.06e-06    8.4e-08
1634800      2.77e-05      2.00e-06    8.4e-08
1634900      1.82e-05      1.31e-06    8.4e-08
1635000      5.57e-05      4.02e-06    8.2e-08
1635100      1.25e-05      9.04e-07    8.2e-08
1635200      5.15e-05      3.72e-06    8.2e-08
1635300      2.19e-05      1.58e-06    8.2e-08
1635400      1.13e-05      8.17e-07    8.2e-08
1635500      7.37e-05      5.32e-06    8.2e-08
1635600      2.24e-05      1.62e-06    8.2e-08
1635700      2.25e-05      1.62e-06    8.2e-08
1635800      1.24e-05      8.98e-07    8.2e-08
1635900      3.95e-05      2.85e-06    8.2e-08
1636000      1.27e-05      9.18e-07    8.2e-08
1636100      2.15e-05      1.55e-06    8.2e-08
1636200      5.59e-05      4.04e-06    8.2e-08
1636300      1.81e-05      1.31e-06    8.2e-08
1636400      1.55e-05      1.12e-06    8.2e-08
1636500      9.20e-06      6.64e-07    8.2e-08
1636600      2.44e-05      1.76e-06    8.2e-08
1636700      2.24e-05      1.62e-06    8.2e-08
1636800      1.37e-05      9.91e-07    8.2e-08
1636900      4.22e-05      3.04e-06    8.2e-08
1637000      1.80e-05      1.30e-06    8.2e-08
1637100      2.14e-05      1.54e-06    8.2e-08
1637200      1.58e-05      1.14e-06    8.2e-08
1637300      1.42e-05      1.02e-06    8.2e-08
1637400      1.91e-05      1.38e-06    8.2e-08
1637500      1.42e-05      1.02e-06    8.2e-08
1637600      1.84e-05      1.33e-06    8.2e-08
1637700      8.79e-06      6.35e-07    8.2e-08
1637800      1.84e-05      1.33e-06    8.2e-08
1637900      2.23e-05      1.61e-06    8.2e-08
1638000      9.23e-05      6.66e-06    8.2e-08
1638100      1.86e-05      1.34e-06    8.2e-08
1638200      7.13e-05      5.14e-06    8.2e-08
1638300      2.10e-05      1.51e-06    8.2e-08
1638400      1.52e-05      1.10e-06    8.2e-08
1638500      1.41e-04      1.02e-05    8.2e-08
1638600      1.69e-05      1.22e-06    8.2e-08
1638700      3.18e-05      2.29e-06    8.2e-08
1638800      8.70e-06      6.28e-07    8.2e-08
1638900      9.24e-06      6.67e-07    8.2e-08
1639000      1.21e-05      8.75e-07    8.2e-08
1639100      2.26e-05      1.63e-06    8.2e-08
1639200      1.07e-05      7.72e-07    8.2e-08
1639300      1.35e-05      9.75e-07    8.2e-08
1639400      3.52e-05      2.54e-06    8.2e-08
1639500      1.69e-05      1.22e-06    8.2e-08
1639600      5.17e-05      3.73e-06    8.2e-08
1639700      3.08e-06      2.22e-07    8.2e-08
1639800      7.54e-06      5.44e-07    8.2e-08
1639900      1.08e-05      7.80e-07    8.2e-08
1640000      1.31e-05      9.49e-07    7.9e-08
1640100      9.93e-06      7.16e-07    7.9e-08
1640200      1.98e-04      1.43e-05    7.9e-08
1640300      7.29e-06      5.26e-07    7.9e-08
1640400      2.24e-05      1.62e-06    7.9e-08
1640500      2.52e-05      1.82e-06    7.9e-08
1640600      6.23e-06      4.50e-07    7.9e-08
1640700      1.86e-05      1.34e-06    7.9e-08
1640800      4.35e-05      3.14e-06    7.9e-08
1640900      1.02e-05      7.36e-07    7.9e-08
1641000      2.87e-05      2.07e-06    7.9e-08
1641100      2.07e-05      1.49e-06    7.9e-08
1641200      8.39e-06      6.05e-07    7.9e-08
1641300      1.32e-05      9.55e-07    7.9e-08
1641400      1.67e-05      1.21e-06    7.9e-08
1641500      2.01e-05      1.45e-06    7.9e-08
1641600      2.28e-05      1.65e-06    7.9e-08
1641700      4.35e-05      3.14e-06    7.9e-08
1641800      1.84e-05      1.33e-06    7.9e-08
1641900      1.61e-05      1.16e-06    7.9e-08
1642000      9.61e-06      6.94e-07    7.9e-08
1642100      2.17e-05      1.56e-06    7.9e-08
1642200      4.32e-06      3.12e-07    7.9e-08
1642300      7.44e-05      5.37e-06    7.9e-08
1642400      1.74e-05      1.25e-06    7.9e-08
1642500      2.42e-05      1.75e-06    7.9e-08
1642600      2.79e-05      2.02e-06    7.9e-08
1642700      2.68e-05      1.93e-06    7.9e-08
1642800      4.01e-05      2.90e-06    7.9e-08
1642900      2.48e-05      1.79e-06    7.9e-08
1643000      4.82e-05      3.48e-06    7.9e-08
1643100      3.12e-05      2.25e-06    7.9e-08
1643200      3.24e-05      2.34e-06    7.9e-08
1643300      3.02e-05      2.18e-06    7.9e-08
1643400      3.81e-05      2.75e-06    7.9e-08
1643500      6.68e-06      4.82e-07    7.9e-08
1643600      4.88e-05      3.52e-06    7.9e-08
1643700      1.47e-04      1.06e-05    7.9e-08
1643800      3.87e-05      2.79e-06    7.9e-08
1643900      7.73e-06      5.58e-07    7.9e-08
1644000      4.19e-05      3.02e-06    7.9e-08
1644100      1.48e-05      1.07e-06    7.9e-08
1644200      4.56e-05      3.29e-06    7.9e-08
1644300      1.42e-05      1.02e-06    7.9e-08
1644400      1.85e-05      1.33e-06    7.9e-08
1644500      1.92e-05      1.39e-06    7.9e-08
1644600      1.89e-05      1.36e-06    7.9e-08
1644700      1.02e-05      7.39e-07    7.9e-08
1644800      1.09e-05      7.87e-07    7.9e-08
1644900      1.70e-05      1.23e-06    7.9e-08
1645000      1.66e-05      1.19e-06    7.7e-08
1645100      2.80e-05      2.02e-06    7.7e-08
1645200      5.24e-06      3.78e-07    7.7e-08
1645300      1.43e-05      1.03e-06    7.7e-08
1645400      3.97e-05      2.87e-06    7.7e-08
1645500      2.43e-05      1.75e-06    7.7e-08
1645600      1.54e-04      1.11e-05    7.7e-08
1645700      1.84e-04      1.33e-05    7.7e-08
1645800      4.06e-05      2.93e-06    7.7e-08
1645900      8.05e-06      5.81e-07    7.7e-08
1646000      1.98e-05      1.43e-06    7.7e-08
1646100      9.91e-06      7.15e-07    7.7e-08
1646200      2.09e-05      1.51e-06    7.7e-08
1646300      2.14e-05      1.55e-06    7.7e-08
1646400      4.24e-05      3.06e-06    7.7e-08
1646500      1.37e-05      9.91e-07    7.7e-08
1646600      6.78e-05      4.89e-06    7.7e-08
1646700      4.64e-05      3.35e-06    7.7e-08
1646800      1.58e-05      1.14e-06    7.7e-08
1646900      3.54e-05      2.55e-06    7.7e-08
1647000      2.88e-05      2.08e-06    7.7e-08
1647100      1.41e-04      1.02e-05    7.7e-08
1647200      2.20e-05      1.58e-06    7.7e-08
1647300      5.88e-06      4.24e-07    7.7e-08
1647400      9.75e-06      7.03e-07    7.7e-08
1647500      1.95e-05      1.41e-06    7.7e-08
1647600      1.76e-04      1.27e-05    7.7e-08
1647700      3.99e-06      2.88e-07    7.7e-08
1647800      8.84e-06      6.38e-07    7.7e-08
1647900      3.29e-05      2.37e-06    7.7e-08
1648000      8.63e-06      6.22e-07    7.7e-08
1648100      1.31e-05      9.44e-07    7.7e-08
1648200      1.19e-05      8.60e-07    7.7e-08
1648300      2.75e-05      1.98e-06    7.7e-08
1648400      4.53e-06      3.27e-07    7.7e-08
1648500      4.59e-05      3.32e-06    7.7e-08
1648600      9.01e-06      6.50e-07    7.7e-08
1648700      1.06e-05      7.67e-07    7.7e-08
1648800      1.62e-04      1.17e-05    7.7e-08
1648900      3.40e-05      2.46e-06    7.7e-08
1649000      1.88e-05      1.36e-06    7.7e-08
1649100      1.22e-05      8.82e-07    7.7e-08
1649200      6.60e-06      4.76e-07    7.7e-08
1649300      1.99e-05      1.44e-06    7.7e-08
1649400      1.09e-05      7.89e-07    7.7e-08
1649500      2.52e-05      1.82e-06    7.7e-08
1649600      1.93e-04      1.39e-05    7.7e-08
1649700      6.39e-06      4.61e-07    7.7e-08
1649800      4.74e-05      3.42e-06    7.7e-08
1649900      4.18e-05      3.02e-06    7.7e-08
1650000      2.49e-05      1.80e-06    7.5e-08
1650100      2.00e-05      1.44e-06    7.5e-08
1650200      3.06e-05      2.21e-06    7.5e-08
1650300      5.83e-05      4.21e-06    7.5e-08
1650400      6.30e-06      4.55e-07    7.5e-08
1650500      3.66e-05      2.64e-06    7.5e-08
1650600      6.64e-06      4.79e-07    7.5e-08
1650700      2.14e-05      1.55e-06    7.5e-08
1650800      3.13e-05      2.26e-06    7.5e-08
1650900      2.22e-05      1.60e-06    7.5e-08
1651000      6.86e-06      4.95e-07    7.5e-08
1651100      4.20e-05      3.03e-06    7.5e-08
1651200      1.51e-05      1.09e-06    7.5e-08
1651300      4.47e-05      3.22e-06    7.5e-08
1651400      1.21e-05      8.75e-07    7.5e-08
1651500      1.50e-05      1.08e-06    7.5e-08
1651600      2.75e-05      1.98e-06    7.5e-08
1651700      2.79e-05      2.01e-06    7.5e-08
1651800      3.03e-05      2.19e-06    7.5e-08
1651900      1.04e-05      7.50e-07    7.5e-08
1652000      1.14e-05      8.23e-07    7.5e-08
1652100      5.60e-06      4.04e-07    7.5e-08
1652200      3.73e-06      2.69e-07    7.5e-08
1652300      3.40e-05      2.45e-06    7.5e-08
1652400      3.31e-06      2.39e-07    7.5e-08
1652500      1.46e-05      1.06e-06    7.5e-08
1652600      2.53e-05      1.83e-06    7.5e-08
1652700      1.33e-05      9.59e-07    7.5e-08
1652800      2.09e-05      1.51e-06    7.5e-08
1652900      1.38e-05      9.97e-07    7.5e-08
1653000      5.79e-05      4.18e-06    7.5e-08
1653100      1.47e-05      1.06e-06    7.5e-08
1653200      5.71e-06      4.12e-07    7.5e-08
1653300      4.57e-05      3.30e-06    7.5e-08
1653400      1.64e-05      1.19e-06    7.5e-08
1653500      1.19e-05      8.60e-07    7.5e-08
1653600      5.50e-05      3.97e-06    7.5e-08
1653700      4.45e-05      3.21e-06    7.5e-08
1653800      1.80e-05      1.30e-06    7.5e-08
1653900      2.02e-05      1.46e-06    7.5e-08
1654000      2.01e-05      1.45e-06    7.5e-08
1654100      2.61e-05      1.88e-06    7.5e-08
1654200      5.00e-05      3.61e-06    7.5e-08
1654300      1.51e-05      1.09e-06    7.5e-08
1654400      1.67e-05      1.21e-06    7.5e-08
1654500      1.20e-04      8.68e-06    7.5e-08
1654600      1.79e-05      1.29e-06    7.5e-08
1654700      1.43e-05      1.03e-06    7.5e-08
1654800      3.26e-06      2.35e-07    7.5e-08
1654900      1.87e-05      1.35e-06    7.5e-08
1655000      1.06e-05      7.66e-07    7.3e-08
1655100      6.92e-06      5.00e-07    7.3e-08
1655200      5.71e-06      4.12e-07    7.3e-08
1655300      1.41e-05      1.02e-06    7.3e-08
1655400      1.93e-05      1.39e-06    7.3e-08
1655500      1.29e-04      9.29e-06    7.3e-08
1655600      1.01e-05      7.28e-07    7.3e-08
1655700      1.73e-05      1.25e-06    7.3e-08
1655800      9.76e-06      7.04e-07    7.3e-08
1655900      3.80e-05      2.74e-06    7.3e-08
1656000      1.55e-05      1.12e-06    7.3e-08
1656100      7.15e-05      5.16e-06    7.3e-08
1656200      6.01e-05      4.33e-06    7.3e-08
1656300      1.80e-05      1.30e-06    7.3e-08
1656400      4.59e-05      3.31e-06    7.3e-08
1656500      3.96e-05      2.86e-06    7.3e-08
1656600      2.01e-05      1.45e-06    7.3e-08
1656700      3.12e-05      2.25e-06    7.3e-08
1656800      1.64e-05      1.18e-06    7.3e-08
1656900      2.33e-05      1.68e-06    7.3e-08
1657000      3.44e-04      2.48e-05    7.3e-08
1657100      5.08e-05      3.67e-06    7.3e-08
1657200      2.16e-05      1.56e-06    7.3e-08
1657300      2.19e-05      1.58e-06    7.3e-08
1657400      1.17e-05      8.43e-07    7.3e-08
1657500      7.75e-06      5.59e-07    7.3e-08
1657600      1.65e-05      1.19e-06    7.3e-08
1657700      1.54e-05      1.11e-06    7.3e-08
1657800      2.86e-05      2.06e-06    7.3e-08
1657900      1.08e-05      7.82e-07    7.3e-08
1658000      2.25e-05      1.63e-06    7.3e-08
1658100      1.21e-05      8.76e-07    7.3e-08
1658200      2.84e-05      2.05e-06    7.3e-08
1658300      2.06e-05      1.49e-06    7.3e-08
1658400      3.35e-05      2.42e-06    7.3e-08
1658500      6.79e-06      4.90e-07    7.3e-08
1658600      2.48e-05      1.79e-06    7.3e-08
1658700      1.50e-05      1.08e-06    7.3e-08
1658800      1.76e-05      1.27e-06    7.3e-08
1658900      1.76e-05      1.27e-06    7.3e-08
1659000      3.27e-05      2.36e-06    7.3e-08
1659100      1.82e-05      1.31e-06    7.3e-08
1659200      7.66e-06      5.53e-07    7.3e-08
1659300      2.25e-05      1.62e-06    7.3e-08
1659400      7.13e-05      5.14e-06    7.3e-08
1659500      1.53e-05      1.10e-06    7.3e-08
1659600      9.73e-06      7.02e-07    7.3e-08
1659700      7.54e-06      5.44e-07    7.3e-08
1659800      1.54e-04      1.11e-05    7.3e-08
1659900      5.26e-05      3.80e-06    7.3e-08
1660000      1.82e-05      1.32e-06    7.1e-08
1660100      1.11e-05      8.05e-07    7.1e-08
1660200      1.18e-05      8.52e-07    7.1e-08
1660300      1.62e-05      1.17e-06    7.1e-08
1660400      2.80e-05      2.02e-06    7.1e-08
1660500      3.93e-05      2.84e-06    7.1e-08
1660600      4.73e-05      3.41e-06    7.1e-08
1660700      3.33e-06      2.40e-07    7.1e-08
1660800      1.90e-05      1.37e-06    7.1e-08
1660900      2.88e-05      2.07e-06    7.1e-08
1661000      2.14e-05      1.55e-06    7.1e-08
1661100      3.91e-05      2.82e-06    7.1e-08
1661200      1.42e-05      1.02e-06    7.1e-08
1661300      5.49e-05      3.96e-06    7.1e-08
1661400      3.50e-05      2.53e-06    7.1e-08
1661500      1.06e-05      7.66e-07    7.1e-08
1661600      1.56e-05      1.12e-06    7.1e-08
1661700      8.22e-05      5.93e-06    7.1e-08
1661800      4.58e-05      3.31e-06    7.1e-08
1661900      1.38e-05      9.95e-07    7.1e-08
1662000      2.10e-05      1.52e-06    7.1e-08
1662100      1.06e-05      7.66e-07    7.1e-08
1662200      2.11e-05      1.53e-06    7.1e-08
1662300      7.81e-05      5.64e-06    7.1e-08
1662400      2.11e-05      1.52e-06    7.1e-08
1662500      4.05e-05      2.92e-06    7.1e-08
1662600      4.58e-05      3.31e-06    7.1e-08
1662700      1.01e-05      7.26e-07    7.1e-08
1662800      4.42e-05      3.19e-06    7.1e-08
1662900      1.41e-05      1.01e-06    7.1e-08
1663000      3.14e-05      2.27e-06    7.1e-08
1663100      2.14e-05      1.54e-06    7.1e-08
1663200      9.16e-06      6.61e-07    7.1e-08
1663300      2.37e-05      1.71e-06    7.1e-08
1663400      1.20e-05      8.68e-07    7.1e-08
1663500      1.45e-05      1.04e-06    7.1e-08
1663600      1.49e-05      1.07e-06    7.1e-08
1663700      1.71e-04      1.24e-05    7.1e-08
1663800      6.67e-05      4.82e-06    7.1e-08
1663900      2.31e-05      1.67e-06    7.1e-08
1664000      1.65e-05      1.19e-06    7.1e-08
1664100      2.67e-05      1.93e-06    7.1e-08
1664200      1.40e-05      1.01e-06    7.1e-08
1664300      1.03e-05      7.45e-07    7.1e-08
1664400      2.01e-05      1.45e-06    7.1e-08
1664500      1.44e-05      1.04e-06    7.1e-08
1664600      2.06e-05      1.49e-06    7.1e-08
1664700      3.14e-05      2.27e-06    7.1e-08
1664800      1.44e-05      1.04e-06    7.1e-08
1664900      1.85e-05      1.34e-06    7.1e-08
1665000      2.42e-04      1.75e-05    6.9e-08
1665100      2.24e-05      1.62e-06    6.9e-08
1665200      2.06e-04      1.48e-05    6.9e-08
1665300      2.02e-05      1.46e-06    6.9e-08
1665400      1.19e-05      8.57e-07    6.9e-08
1665500      1.33e-05      9.63e-07    6.9e-08
1665600      1.83e-05      1.32e-06    6.9e-08
1665700      1.11e-05      8.00e-07    6.9e-08
1665800      7.43e-06      5.36e-07    6.9e-08
1665900      1.20e-05      8.67e-07    6.9e-08
1666000      1.88e-05      1.36e-06    6.9e-08
1666100      3.52e-06      2.54e-07    6.9e-08
1666200      1.43e-05      1.03e-06    6.9e-08
1666300      4.06e-05      2.93e-06    6.9e-08
1666400      1.62e-05      1.17e-06    6.9e-08
1666500      3.60e-05      2.60e-06    6.9e-08
1666600      1.86e-05      1.34e-06    6.9e-08
1666700      4.13e-05      2.98e-06    6.9e-08
1666800      8.74e-06      6.31e-07    6.9e-08
1666900      4.92e-05      3.55e-06    6.9e-08
1667000      2.22e-05      1.60e-06    6.9e-08
1667100      1.91e-05      1.38e-06    6.9e-08
1667200      1.13e-05      8.14e-07    6.9e-08
1667300      2.28e-05      1.65e-06    6.9e-08
1667400      1.63e-05      1.18e-06    6.9e-08
1667500      5.26e-05      3.80e-06    6.9e-08
1667600      1.17e-05      8.43e-07    6.9e-08
1667700      3.32e-05      2.39e-06    6.9e-08
1667800      2.31e-05      1.66e-06    6.9e-08
1667900      1.23e-04      8.85e-06    6.9e-08
1668000      5.22e-05      3.77e-06    6.9e-08
1668100      1.17e-05      8.46e-07    6.9e-08
1668200      1.61e-05      1.17e-06    6.9e-08
1668300      1.10e-05      7.96e-07    6.9e-08
1668400      1.62e-05      1.17e-06    6.9e-08
1668500      2.89e-05      2.08e-06    6.9e-08
1668600      1.39e-05      1.00e-06    6.9e-08
1668700      1.74e-05      1.26e-06    6.9e-08
1668800      1.88e-05      1.35e-06    6.9e-08
1668900      1.18e-05      8.49e-07    6.9e-08
1669000      7.04e-05      5.08e-06    6.9e-08
1669100      7.77e-06      5.60e-07    6.9e-08
1669200      1.93e-05      1.39e-06    6.9e-08
1669300      2.42e-05      1.74e-06    6.9e-08
1669400      2.42e-05      1.75e-06    6.9e-08
1669500      1.00e-05      7.24e-07    6.9e-08
1669600      1.83e-04      1.32e-05    6.9e-08
1669700      6.67e-05      4.82e-06    6.9e-08
1669800      1.36e-05      9.83e-07    6.9e-08
1669900      1.64e-05      1.19e-06    6.9e-08
1670000      8.19e-05      5.91e-06    6.7e-08
1670100      1.43e-05      1.03e-06    6.7e-08
1670200      2.08e-05      1.50e-06    6.7e-08
1670300      7.53e-06      5.43e-07    6.7e-08
1670400      2.83e-05      2.04e-06    6.7e-08
1670500      2.40e-05      1.73e-06    6.7e-08
1670600      1.93e-05      1.39e-06    6.7e-08
1670700      1.00e-04      7.25e-06    6.7e-08
1670800      3.08e-05      2.22e-06    6.7e-08
1670900      1.30e-05      9.41e-07    6.7e-08
1671000      1.61e-05      1.16e-06    6.7e-08
1671100      1.66e-05      1.20e-06    6.7e-08
1671200      3.90e-05      2.81e-06    6.7e-08
1671300      3.45e-05      2.49e-06    6.7e-08
1671400      2.17e-05      1.56e-06    6.7e-08
1671500      6.83e-05      4.93e-06    6.7e-08
1671600      1.06e-05      7.64e-07    6.7e-08
1671700      5.26e-05      3.79e-06    6.7e-08
1671800      2.12e-05      1.53e-06    6.7e-08
1671900      3.65e-05      2.63e-06    6.7e-08
1672000      6.30e-05      4.54e-06    6.7e-08
1672100      2.68e-05      1.93e-06    6.7e-08
1672200      5.59e-05      4.03e-06    6.7e-08
1672300      1.85e-05      1.33e-06    6.7e-08
1672400      1.34e-05      9.66e-07    6.7e-08
1672500      2.51e-05      1.81e-06    6.7e-08
1672600      1.16e-05      8.34e-07    6.7e-08
1672700      4.21e-05      3.04e-06    6.7e-08
1672800      2.02e-05      1.46e-06    6.7e-08
1672900      1.85e-05      1.33e-06    6.7e-08
1673000      2.22e-05      1.60e-06    6.7e-08
1673100      1.45e-05      1.04e-06    6.7e-08
1673200      1.95e-05      1.41e-06    6.7e-08
1673300      3.93e-05      2.83e-06    6.7e-08
1673400      7.07e-06      5.11e-07    6.7e-08
1673500      5.67e-06      4.09e-07    6.7e-08
1673600      1.11e-05      8.00e-07    6.7e-08
1673700      2.37e-05      1.71e-06    6.7e-08
1673800      5.59e-06      4.03e-07    6.7e-08
1673900      1.29e-05      9.33e-07    6.7e-08
1674000      1.65e-05      1.19e-06    6.7e-08
1674100      1.71e-05      1.23e-06    6.7e-08
1674200      1.78e-05      1.28e-06    6.7e-08
1674300      4.46e-06      3.22e-07    6.7e-08
1674400      2.19e-05      1.58e-06    6.7e-08
1674500      2.46e-05      1.78e-06    6.7e-08
1674600      1.21e-05      8.75e-07    6.7e-08
1674700      2.02e-05      1.46e-06    6.7e-08
1674800      4.04e-05      2.92e-06    6.7e-08
1674900      4.06e-05      2.93e-06    6.7e-08
1675000      1.52e-05      1.10e-06    6.5e-08
1675100      3.88e-05      2.80e-06    6.5e-08
1675200      2.62e-05      1.89e-06    6.5e-08
1675300      1.82e-05      1.32e-06    6.5e-08
1675400      2.89e-05      2.09e-06    6.5e-08
1675500      2.24e-05      1.61e-06    6.5e-08
1675600      3.53e-05      2.55e-06    6.5e-08
1675700      5.27e-05      3.80e-06    6.5e-08
1675800      2.13e-05      1.54e-06    6.5e-08
1675900      1.89e-05      1.36e-06    6.5e-08
1676000      3.83e-05      2.77e-06    6.5e-08
1676100      6.29e-05      4.54e-06    6.5e-08
1676200      9.00e-06      6.50e-07    6.5e-08
1676300      4.03e-05      2.91e-06    6.5e-08
1676400      1.48e-05      1.07e-06    6.5e-08
1676500      1.63e-05      1.17e-06    6.5e-08
1676600      4.84e-05      3.49e-06    6.5e-08
1676700      1.36e-05      9.78e-07    6.5e-08
1676800      3.17e-05      2.29e-06    6.5e-08
1676900      1.38e-05      9.94e-07    6.5e-08
1677000      2.17e-05      1.57e-06    6.5e-08
1677100      1.17e-05      8.45e-07    6.5e-08
1677200      3.50e-05      2.52e-06    6.5e-08
1677300      7.46e-06      5.38e-07    6.5e-08
1677400      3.76e-05      2.71e-06    6.5e-08
1677500      1.64e-04      1.18e-05    6.5e-08
1677600      4.63e-05      3.34e-06    6.5e-08
1677700      4.90e-05      3.54e-06    6.5e-08
1677800      5.20e-05      3.75e-06    6.5e-08
1677900      3.88e-05      2.80e-06    6.5e-08
1678000      1.28e-05      9.21e-07    6.5e-08
1678100      1.34e-05      9.65e-07    6.5e-08
1678200      9.56e-05      6.90e-06    6.5e-08
1678300      1.23e-04      8.84e-06    6.5e-08
1678400      2.69e-05      1.94e-06    6.5e-08
1678500      1.45e-05      1.04e-06    6.5e-08
1678600      1.29e-04      9.29e-06    6.5e-08
1678700      2.95e-05      2.13e-06    6.5e-08
1678800      5.56e-05      4.01e-06    6.5e-08
1678900      5.27e-06      3.80e-07    6.5e-08
1679000      1.91e-05      1.38e-06    6.5e-08
1679100      4.63e-05      3.34e-06    6.5e-08
1679200      1.41e-05      1.02e-06    6.5e-08
1679300      1.32e-04      9.52e-06    6.5e-08
1679400      4.52e-06      3.26e-07    6.5e-08
1679500      3.86e-05      2.79e-06    6.5e-08
1679600      2.74e-05      1.98e-06    6.5e-08
1679700      6.17e-06      4.45e-07    6.5e-08
1679800      2.22e-05      1.60e-06    6.5e-08
1679900      1.07e-05      7.76e-07    6.5e-08
1680000      4.93e-05      3.56e-06    6.3e-08
1680100      6.88e-05      4.97e-06    6.3e-08
1680200      6.84e-06      4.94e-07    6.3e-08
1680300      3.86e-06      2.78e-07    6.3e-08
1680400      8.19e-05      5.91e-06    6.3e-08
1680500      1.00e-04      7.25e-06    6.3e-08
1680600      2.74e-05      1.97e-06    6.3e-08
1680700      2.36e-05      1.70e-06    6.3e-08
1680800      3.93e-05      2.84e-06    6.3e-08
1680900      1.75e-05      1.26e-06    6.3e-08
1681000      2.03e-05      1.47e-06    6.3e-08
1681100      1.42e-05      1.03e-06    6.3e-08
1681200      1.67e-05      1.20e-06    6.3e-08
1681300      3.88e-05      2.80e-06    6.3e-08
1681400      1.50e-05      1.08e-06    6.3e-08
1681500      4.48e-06      3.23e-07    6.3e-08
1681600      9.36e-05      6.75e-06    6.3e-08
1681700      1.61e-05      1.16e-06    6.3e-08
1681800      1.91e-05      1.38e-06    6.3e-08
1681900      1.09e-05      7.84e-07    6.3e-08
1682000      5.20e-05      3.75e-06    6.3e-08
1682100      1.29e-05      9.30e-07    6.3e-08
1682200      1.18e-04      8.52e-06    6.3e-08
1682300      1.55e-05      1.12e-06    6.3e-08
1682400      3.28e-05      2.37e-06    6.3e-08
1682500      3.53e-05      2.55e-06    6.3e-08
1682600      3.22e-05      2.32e-06    6.3e-08
1682700      1.50e-05      1.08e-06    6.3e-08
1682800      3.91e-05      2.82e-06    6.3e-08
1682900      6.81e-06      4.91e-07    6.3e-08
1683000      2.16e-05      1.56e-06    6.3e-08
1683100      1.90e-05      1.37e-06    6.3e-08
1683200      1.64e-05      1.18e-06    6.3e-08
1683300      8.65e-06      6.24e-07    6.3e-08
1683400      2.47e-05      1.78e-06    6.3e-08
1683500      2.57e-05      1.86e-06    6.3e-08
1683600      3.38e-05      2.44e-06    6.3e-08
1683700      2.88e-05      2.08e-06    6.3e-08
1683800      6.49e-05      4.68e-06    6.3e-08
1683900      4.76e-05      3.43e-06    6.3e-08
1684000      2.85e-05      2.05e-06    6.3e-08
1684100      2.03e-05      1.46e-06    6.3e-08
1684200      5.75e-05      4.15e-06    6.3e-08
1684300      4.52e-05      3.26e-06    6.3e-08
1684400      5.99e-05      4.33e-06    6.3e-08
1684500      6.22e-05      4.49e-06    6.3e-08
1684600      6.26e-06      4.52e-07    6.3e-08
1684700      2.22e-05      1.60e-06    6.3e-08
1684800      5.08e-05      3.67e-06    6.3e-08
1684900      1.47e-04      1.06e-05    6.3e-08
1685000      9.65e-06      6.96e-07    6.1e-08
1685100      2.42e-04      1.75e-05    6.1e-08
1685200      1.98e-05      1.43e-06    6.1e-08
1685300      1.93e-05      1.39e-06    6.1e-08
1685400      3.27e-05      2.36e-06    6.1e-08
1685500      2.06e-05      1.49e-06    6.1e-08
1685600      1.80e-05      1.30e-06    6.1e-08
1685700      2.08e-05      1.50e-06    6.1e-08
1685800      4.76e-05      3.44e-06    6.1e-08
1685900      3.39e-06      2.45e-07    6.1e-08
1686000      2.12e-05      1.53e-06    6.1e-08
1686100      1.67e-05      1.21e-06    6.1e-08
1686200      5.76e-06      4.16e-07    6.1e-08
1686300      1.45e-05      1.04e-06    6.1e-08
1686400      4.22e-05      3.04e-06    6.1e-08
1686500      1.11e-05      8.00e-07    6.1e-08
1686600      1.60e-05      1.16e-06    6.1e-08
1686700      5.92e-06      4.28e-07    6.1e-08
1686800      1.10e-05      7.93e-07    6.1e-08
1686900      2.01e-05      1.45e-06    6.1e-08
1687000      1.99e-05      1.44e-06    6.1e-08
1687100      7.92e-05      5.71e-06    6.1e-08
1687200      2.79e-05      2.02e-06    6.1e-08
1687300      2.15e-05      1.55e-06    6.1e-08
1687400      1.98e-05      1.43e-06    6.1e-08
1687500      9.77e-05      7.05e-06    6.1e-08
1687600      2.78e-05      2.01e-06    6.1e-08
1687700      2.39e-05      1.73e-06    6.1e-08
1687800      1.12e-05      8.09e-07    6.1e-08
1687900      5.15e-05      3.72e-06    6.1e-08
1688000      2.58e-06      1.86e-07    6.1e-08
1688100      3.54e-05      2.56e-06    6.1e-08
1688200      1.72e-05      1.24e-06    6.1e-08
1688300      1.78e-05      1.29e-06    6.1e-08
1688400      1.33e-05      9.59e-07    6.1e-08
1688500      2.04e-05      1.47e-06    6.1e-08
1688600      1.09e-05      7.88e-07    6.1e-08
1688700      1.29e-05      9.34e-07    6.1e-08
1688800      1.71e-05      1.24e-06    6.1e-08
1688900      1.01e-04      7.25e-06    6.1e-08
1689000      1.98e-05      1.43e-06    6.1e-08
1689100      7.52e-06      5.43e-07    6.1e-08
1689200      6.07e-06      4.38e-07    6.1e-08
1689300      1.42e-05      1.03e-06    6.1e-08
1689400      1.66e-05      1.20e-06    6.1e-08
1689500      1.65e-05      1.19e-06    6.1e-08
1689600      1.86e-05      1.34e-06    6.1e-08
1689700      1.29e-05      9.33e-07    6.1e-08
1689800      1.48e-05      1.07e-06    6.1e-08
1689900      1.20e-05      8.69e-07    6.1e-08
1690000      2.01e-04      1.45e-05    6.0e-08
1690100      1.02e-05      7.36e-07    6.0e-08
1690200      2.41e-05      1.74e-06    6.0e-08
1690300      1.81e-05      1.31e-06    6.0e-08
1690400      3.75e-06      2.71e-07    6.0e-08
1690500      9.10e-06      6.57e-07    6.0e-08
1690600      4.15e-06      3.00e-07    6.0e-08
1690700      9.97e-06      7.20e-07    6.0e-08
1690800      1.75e-05      1.26e-06    6.0e-08
1690900      4.26e-05      3.08e-06    6.0e-08
1691000      7.88e-06      5.69e-07    6.0e-08
1691100      1.98e-05      1.43e-06    6.0e-08
1691200      4.69e-05      3.39e-06    6.0e-08
1691300      6.66e-05      4.80e-06    6.0e-08
1691400      2.14e-05      1.55e-06    6.0e-08
1691500      3.44e-05      2.48e-06    6.0e-08
1691600      2.51e-05      1.81e-06    6.0e-08
1691700      1.75e-05      1.26e-06    6.0e-08
1691800      1.33e-05      9.61e-07    6.0e-08
1691900      3.64e-05      2.62e-06    6.0e-08
1692000      2.64e-05      1.91e-06    6.0e-08
1692100      1.35e-05      9.71e-07    6.0e-08
1692200      2.59e-05      1.87e-06    6.0e-08
1692300      1.66e-05      1.20e-06    6.0e-08
1692400      1.44e-05      1.04e-06    6.0e-08
1692500      1.04e-05      7.54e-07    6.0e-08
1692600      5.09e-05      3.67e-06    6.0e-08
1692700      5.85e-06      4.23e-07    6.0e-08
1692800      1.30e-05      9.37e-07    6.0e-08
1692900      1.43e-05      1.03e-06    6.0e-08
1693000      5.49e-06      3.96e-07    6.0e-08
1693100      1.99e-05      1.43e-06    6.0e-08
1693200      1.32e-04      9.50e-06    6.0e-08
1693300      3.28e-05      2.36e-06    6.0e-08
1693400      2.05e-05      1.48e-06    6.0e-08
1693500      1.82e-05      1.31e-06    6.0e-08
1693600      1.68e-05      1.21e-06    6.0e-08
1693700      6.76e-06      4.88e-07    6.0e-08
1693800      3.12e-05      2.26e-06    6.0e-08
1693900      3.28e-05      2.37e-06    6.0e-08
1694000      9.35e-05      6.75e-06    6.0e-08
1694100      2.41e-05      1.74e-06    6.0e-08
1694200      2.54e-06      1.83e-07    6.0e-08
1694300      9.00e-06      6.49e-07    6.0e-08
1694400      1.51e-05      1.09e-06    6.0e-08
1694500      3.01e-05      2.17e-06    6.0e-08
1694600      5.80e-05      4.19e-06    6.0e-08
1694700      9.44e-06      6.81e-07    6.0e-08
1694800      1.13e-05      8.17e-07    6.0e-08
1694900      1.16e-05      8.34e-07    6.0e-08
1695000      3.38e-05      2.44e-06    5.8e-08
1695100      1.95e-05      1.41e-06    5.8e-08
1695200      6.28e-05      4.53e-06    5.8e-08
1695300      2.65e-05      1.91e-06    5.8e-08
1695400      1.75e-05      1.26e-06    5.8e-08
1695500      3.11e-05      2.24e-06    5.8e-08
1695600      1.30e-05      9.35e-07    5.8e-08
1695700      1.75e-05      1.27e-06    5.8e-08
1695800      5.04e-06      3.63e-07    5.8e-08
1695900      1.31e-05      9.44e-07    5.8e-08
1696000      1.01e-05      7.30e-07    5.8e-08
1696100      1.48e-05      1.06e-06    5.8e-08
1696200      4.76e-06      3.43e-07    5.8e-08
1696300      3.42e-05      2.47e-06    5.8e-08
1696400      2.41e-05      1.74e-06    5.8e-08
1696500      9.82e-06      7.09e-07    5.8e-08
1696600      5.09e-06      3.67e-07    5.8e-08
1696700      9.77e-05      7.05e-06    5.8e-08
1696800      1.64e-05      1.19e-06    5.8e-08
1696900      1.98e-05      1.43e-06    5.8e-08
1697000      2.51e-05      1.81e-06    5.8e-08
1697100      2.63e-05      1.90e-06    5.8e-08
1697200      2.87e-05      2.07e-06    5.8e-08
1697300      2.99e-05      2.16e-06    5.8e-08
1697400      1.91e-05      1.38e-06    5.8e-08
1697500      6.64e-06      4.79e-07    5.8e-08
1697600      1.58e-05      1.14e-06    5.8e-08
1697700      7.78e-06      5.62e-07    5.8e-08
1697800      4.87e-06      3.51e-07    5.8e-08
1697900      2.09e-05      1.51e-06    5.8e-08
1698000      1.36e-05      9.79e-07    5.8e-08
1698100      6.07e-06      4.38e-07    5.8e-08
1698200      2.04e-04      1.47e-05    5.8e-08
1698300      3.74e-05      2.70e-06    5.8e-08
1698400      1.19e-05      8.60e-07    5.8e-08
1698500      9.20e-06      6.64e-07    5.8e-08
1698600      4.13e-05      2.98e-06    5.8e-08
1698700      1.54e-04      1.11e-05    5.8e-08
1698800      1.55e-05      1.12e-06    5.8e-08
1698900      5.21e-05      3.76e-06    5.8e-08
1699000      1.08e-05      7.79e-07    5.8e-08
1699100      3.68e-06      2.66e-07    5.8e-08
1699200      7.66e-06      5.53e-07    5.8e-08
1699300      1.44e-05      1.04e-06    5.8e-08
1699400      2.77e-05      2.00e-06    5.8e-08
1699500      3.39e-05      2.45e-06    5.8e-08
1699600      6.55e-05      4.73e-06    5.8e-08
1699700      4.63e-05      3.34e-06    5.8e-08
1699800      5.65e-06      4.08e-07    5.8e-08
1699900      2.77e-05      2.00e-06    5.8e-08
1700000      3.18e-05      2.29e-06    5.6e-08
1700100      3.65e-05      2.63e-06    5.6e-08
1700200      9.03e-06      6.51e-07    5.6e-08
1700300      1.67e-05      1.21e-06    5.6e-08
1700400      1.29e-05      9.31e-07    5.6e-08
1700500      2.01e-05      1.45e-06    5.6e-08
1700600      4.60e-05      3.32e-06    5.6e-08
1700700      1.04e-05      7.50e-07    5.6e-08
1700800      5.60e-06      4.04e-07    5.6e-08
1700900      1.81e-05      1.31e-06    5.6e-08
1701000      6.98e-06      5.04e-07    5.6e-08
1701100      2.72e-05      1.97e-06    5.6e-08
1701200      7.90e-06      5.70e-07    5.6e-08
1701300      2.16e-05      1.56e-06    5.6e-08
1701400      3.52e-05      2.54e-06    5.6e-08
1701500      2.75e-05      1.98e-06    5.6e-08
1701600      1.17e-05      8.45e-07    5.6e-08
1701700      2.84e-04      2.05e-05    5.6e-08
1701800      2.78e-05      2.01e-06    5.6e-08
1701900      6.82e-06      4.92e-07    5.6e-08
1702000      1.83e-05      1.32e-06    5.6e-08
1702100      2.68e-06      1.94e-07    5.6e-08
1702200      2.28e-05      1.65e-06    5.6e-08
1702300      2.99e-05      2.16e-06    5.6e-08
1702400      2.02e-05      1.46e-06    5.6e-08
1702500      7.03e-05      5.07e-06    5.6e-08
1702600      3.69e-05      2.67e-06    5.6e-08
1702700      3.23e-05      2.33e-06    5.6e-08
1702800      1.89e-05      1.36e-06    5.6e-08
1702900      3.05e-05      2.20e-06    5.6e-08
1703000      7.29e-06      5.26e-07    5.6e-08
1703100      4.71e-06      3.40e-07    5.6e-08
1703200      2.09e-05      1.51e-06    5.6e-08
1703300      1.40e-05      1.01e-06    5.6e-08
1703400      7.49e-06      5.41e-07    5.6e-08
1703500      9.96e-06      7.19e-07    5.6e-08
1703600      1.88e-05      1.36e-06    5.6e-08
1703700      2.10e-05      1.52e-06    5.6e-08
1703800      1.38e-05      9.98e-07    5.6e-08
1703900      2.53e-05      1.83e-06    5.6e-08
1704000      9.78e-06      7.06e-07    5.6e-08
1704100      1.21e-05      8.75e-07    5.6e-08
1704200      4.14e-05      2.99e-06    5.6e-08
1704300      1.59e-05      1.15e-06    5.6e-08
1704400      2.38e-05      1.72e-06    5.6e-08
1704500      1.13e-05      8.16e-07    5.6e-08
1704600      2.13e-05      1.54e-06    5.6e-08
1704700      4.24e-05      3.06e-06    5.6e-08
1704800      2.41e-05      1.74e-06    5.6e-08
1704900      2.37e-05      1.71e-06    5.6e-08
1705000      1.00e-05      7.25e-07    5.5e-08
1705100      8.03e-05      5.80e-06    5.5e-08
1705200      1.39e-05      1.00e-06    5.5e-08
1705300      2.28e-05      1.65e-06    5.5e-08
1705400      9.65e-06      6.97e-07    5.5e-08
1705500      9.68e-06      6.98e-07    5.5e-08
1705600      1.77e-04      1.28e-05    5.5e-08
1705700      1.19e-05      8.55e-07    5.5e-08
1705800      1.08e-05      7.82e-07    5.5e-08
1705900      3.08e-05      2.22e-06    5.5e-08
1706000      9.77e-06      7.05e-07    5.5e-08
1706100      3.18e-05      2.29e-06    5.5e-08
1706200      1.17e-05      8.42e-07    5.5e-08
1706300      7.86e-06      5.67e-07    5.5e-08
1706400      1.35e-05      9.73e-07    5.5e-08
1706500      1.42e-05      1.02e-06    5.5e-08
1706600      2.04e-05      1.48e-06    5.5e-08
1706700      1.78e-05      1.28e-06    5.5e-08
1706800      1.72e-05      1.24e-06    5.5e-08
1706900      8.36e-06      6.04e-07    5.5e-08
1707000      3.45e-05      2.49e-06    5.5e-08
1707100      3.08e-05      2.22e-06    5.5e-08
1707200      3.57e-05      2.57e-06    5.5e-08
1707300      3.55e-05      2.57e-06    5.5e-08
1707400      3.67e-05      2.65e-06    5.5e-08
1707500      3.11e-05      2.25e-06    5.5e-08
1707600      1.05e-05      7.58e-07    5.5e-08
1707700      1.81e-05      1.31e-06    5.5e-08
1707800      1.51e-05      1.09e-06    5.5e-08
1707900      7.78e-06      5.62e-07    5.5e-08
1708000      8.88e-05      6.41e-06    5.5e-08
1708100      1.85e-05      1.33e-06    5.5e-08
1708200      2.50e-05      1.80e-06    5.5e-08
1708300      5.99e-05      4.32e-06    5.5e-08
1708400      1.24e-05      8.93e-07    5.5e-08
1708500      9.48e-06      6.84e-07    5.5e-08
1708600      2.14e-05      1.55e-06    5.5e-08
1708700      9.39e-06      6.78e-07    5.5e-08
1708800      2.54e-05      1.83e-06    5.5e-08
1708900      4.47e-05      3.23e-06    5.5e-08
1709000      2.22e-05      1.60e-06    5.5e-08
1709100      2.46e-05      1.78e-06    5.5e-08
1709200      5.17e-05      3.73e-06    5.5e-08
1709300      1.75e-05      1.26e-06    5.5e-08
1709400      2.16e-05      1.56e-06    5.5e-08
1709500      1.93e-05      1.39e-06    5.5e-08
1709600      1.99e-05      1.43e-06    5.5e-08
1709700      3.31e-05      2.39e-06    5.5e-08
1709800      7.54e-06      5.44e-07    5.5e-08
1709900      7.60e-06      5.48e-07    5.5e-08
1710000      1.46e-05      1.05e-06    5.3e-08
1710100      1.64e-05      1.18e-06    5.3e-08
1710200      1.43e-05      1.03e-06    5.3e-08
1710300      2.07e-05      1.49e-06    5.3e-08
1710400      4.00e-05      2.88e-06    5.3e-08
1710500      1.61e-04      1.16e-05    5.3e-08
1710600      1.44e-05      1.04e-06    5.3e-08
1710700      7.39e-06      5.34e-07    5.3e-08
1710800      9.57e-06      6.91e-07    5.3e-08
1710900      2.61e-05      1.88e-06    5.3e-08
1711000      4.72e-05      3.41e-06    5.3e-08
1711100      1.10e-05      7.91e-07    5.3e-08
1711200      6.19e-06      4.47e-07    5.3e-08
1711300      1.75e-05      1.26e-06    5.3e-08
1711400      8.17e-05      5.90e-06    5.3e-08
1711500      1.62e-05      1.17e-06    5.3e-08
1711600      2.33e-05      1.68e-06    5.3e-08
1711700      2.59e-05      1.87e-06    5.3e-08
1711800      1.86e-05      1.34e-06    5.3e-08
1711900      3.33e-05      2.40e-06    5.3e-08
1712000      1.10e-05      7.97e-07    5.3e-08
1712100      1.58e-05      1.14e-06    5.3e-08
1712200      8.79e-05      6.35e-06    5.3e-08
1712300      3.22e-05      2.33e-06    5.3e-08
1712400      7.50e-06      5.41e-07    5.3e-08
1712500      5.54e-06      4.00e-07    5.3e-08
1712600      1.02e-05      7.35e-07    5.3e-08
1712700      1.50e-04      1.09e-05    5.3e-08
1712800      1.37e-05      9.87e-07    5.3e-08
1712900      1.82e-05      1.31e-06    5.3e-08
1713000      1.46e-05      1.06e-06    5.3e-08
1713100      2.13e-05      1.54e-06    5.3e-08
1713200      7.91e-05      5.71e-06    5.3e-08
1713300      7.69e-06      5.55e-07    5.3e-08
1713400      7.01e-05      5.06e-06    5.3e-08
1713500      2.02e-05      1.46e-06    5.3e-08
1713600      1.01e-05      7.30e-07    5.3e-08
1713700      1.56e-05      1.13e-06    5.3e-08
1713800      2.89e-05      2.09e-06    5.3e-08
1713900      2.03e-05      1.47e-06    5.3e-08
1714000      9.85e-05      7.11e-06    5.3e-08
1714100      1.50e-05      1.08e-06    5.3e-08
1714200      2.25e-05      1.62e-06    5.3e-08
1714300      2.15e-05      1.55e-06    5.3e-08
1714400      1.36e-05      9.81e-07    5.3e-08
1714500      1.81e-05      1.31e-06    5.3e-08
1714600      1.62e-04      1.17e-05    5.3e-08
1714700      1.47e-05      1.06e-06    5.3e-08
1714800      5.98e-05      4.31e-06    5.3e-08
1714900      2.64e-05      1.90e-06    5.3e-08
1715000      4.44e-06      3.21e-07    5.2e-08
1715100      1.82e-05      1.31e-06    5.2e-08
1715200      2.84e-05      2.05e-06    5.2e-08
1715300      2.48e-05      1.79e-06    5.2e-08
1715400      1.07e-05      7.74e-07    5.2e-08
1715500      1.61e-05      1.16e-06    5.2e-08
1715600      5.00e-05      3.61e-06    5.2e-08
1715700      4.34e-06      3.13e-07    5.2e-08
1715800      5.15e-05      3.72e-06    5.2e-08
1715900      1.74e-05      1.26e-06    5.2e-08
1716000      1.17e-05      8.45e-07    5.2e-08
1716100      1.37e-05      9.91e-07    5.2e-08
1716200      1.14e-05      8.21e-07    5.2e-08
1716300      2.69e-05      1.94e-06    5.2e-08
1716400      2.13e-05      1.53e-06    5.2e-08
1716500      6.47e-06      4.67e-07    5.2e-08
1716600      2.87e-05      2.07e-06    5.2e-08
1716700      1.93e-05      1.40e-06    5.2e-08
1716800      5.10e-05      3.68e-06    5.2e-08
1716900      1.17e-05      8.44e-07    5.2e-08
1717000      8.45e-06      6.10e-07    5.2e-08
1717100      2.44e-05      1.76e-06    5.2e-08
1717200      4.59e-05      3.31e-06    5.2e-08
1717300      1.44e-05      1.04e-06    5.2e-08
1717400      3.42e-05      2.47e-06    5.2e-08
1717500      8.45e-05      6.10e-06    5.2e-08
1717600      1.46e-05      1.05e-06    5.2e-08
1717700      8.47e-06      6.11e-07    5.2e-08
1717800      3.20e-05      2.31e-06    5.2e-08
1717900      8.16e-06      5.89e-07    5.2e-08
1718000      1.22e-04      8.81e-06    5.2e-08
1718100      1.32e-04      9.52e-06    5.2e-08
1718200      1.80e-05      1.30e-06    5.2e-08
1718300      2.71e-05      1.96e-06    5.2e-08
1718400      6.27e-05      4.53e-06    5.2e-08
1718500      8.23e-06      5.94e-07    5.2e-08
1718600      6.93e-05      5.00e-06    5.2e-08
1718700      8.61e-06      6.21e-07    5.2e-08
1718800      8.78e-06      6.34e-07    5.2e-08
1718900      2.31e-05      1.67e-06    5.2e-08
1719000      4.03e-05      2.91e-06    5.2e-08
1719100      6.67e-05      4.81e-06    5.2e-08
1719200      5.42e-05      3.91e-06    5.2e-08
1719300      4.36e-05      3.15e-06    5.2e-08
1719400      3.37e-05      2.43e-06    5.2e-08
1719500      3.06e-06      2.21e-07    5.2e-08
1719600      7.76e-06      5.60e-07    5.2e-08
1719700      9.43e-06      6.81e-07    5.2e-08
1719800      9.01e-06      6.50e-07    5.2e-08
1719900      1.73e-05      1.25e-06    5.2e-08
1720000      1.22e-05      8.83e-07    5.0e-08
1720100      1.28e-05      9.22e-07    5.0e-08
1720200      2.08e-05      1.50e-06    5.0e-08
1720300      1.00e-05      7.22e-07    5.0e-08
1720400      9.68e-05      6.99e-06    5.0e-08
1720500      1.62e-04      1.17e-05    5.0e-08
1720600      1.64e-05      1.18e-06    5.0e-08
1720700      2.22e-05      1.60e-06    5.0e-08
1720800      6.83e-06      4.93e-07    5.0e-08
1720900      2.52e-04      1.82e-05    5.0e-08
1721000      2.06e-05      1.49e-06    5.0e-08
1721100      8.69e-06      6.27e-07    5.0e-08
1721200      1.86e-05      1.34e-06    5.0e-08
1721300      8.78e-05      6.34e-06    5.0e-08
1721400      5.99e-05      4.32e-06    5.0e-08
1721500      2.59e-05      1.87e-06    5.0e-08
1721600      2.45e-05      1.77e-06    5.0e-08
1721700      1.82e-05      1.31e-06    5.0e-08
1721800      2.76e-05      1.99e-06    5.0e-08
1721900      1.91e-05      1.38e-06    5.0e-08
1722000      1.43e-05      1.03e-06    5.0e-08
1722100      1.43e-05      1.03e-06    5.0e-08
1722200      7.66e-06      5.53e-07    5.0e-08
1722300      1.21e-05      8.71e-07    5.0e-08
1722400      6.22e-05      4.49e-06    5.0e-08
1722500      3.28e-05      2.36e-06    5.0e-08
1722600      1.45e-05      1.04e-06    5.0e-08
1722700      5.06e-06      3.66e-07    5.0e-08
1722800      1.03e-05      7.46e-07    5.0e-08
1722900      1.74e-05      1.26e-06    5.0e-08
1723000      1.71e-05      1.24e-06    5.0e-08
1723100      6.93e-05      5.00e-06    5.0e-08
1723200      1.32e-05      9.51e-07    5.0e-08
1723300      1.84e-05      1.33e-06    5.0e-08
1723400      2.18e-05      1.57e-06    5.0e-08
1723500      3.24e-05      2.34e-06    5.0e-08
1723600      9.94e-06      7.17e-07    5.0e-08
1723700      4.62e-05      3.33e-06    5.0e-08
1723800      2.31e-05      1.67e-06    5.0e-08
1723900      3.63e-05      2.62e-06    5.0e-08
1724000      2.25e-05      1.62e-06    5.0e-08
1724100      1.45e-05      1.05e-06    5.0e-08
1724200      4.39e-05      3.17e-06    5.0e-08
1724300      1.67e-05      1.21e-06    5.0e-08
1724400      2.63e-05      1.90e-06    5.0e-08
1724500      4.47e-06      3.23e-07    5.0e-08
1724600      2.69e-05      1.94e-06    5.0e-08
1724700      1.28e-05      9.25e-07    5.0e-08
1724800      4.21e-05      3.04e-06    5.0e-08
1724900      2.23e-05      1.61e-06    5.0e-08
1725000      2.83e-05      2.04e-06    4.9e-08
1725100      1.43e-05      1.04e-06    4.9e-08
1725200      4.05e-05      2.92e-06    4.9e-08
1725300      5.66e-06      4.09e-07    4.9e-08
1725400      2.34e-05      1.69e-06    4.9e-08
1725500      4.58e-06      3.30e-07    4.9e-08
1725600      2.84e-05      2.05e-06    4.9e-08
1725700      1.30e-05      9.40e-07    4.9e-08
1725800      2.54e-05      1.83e-06    4.9e-08
1725900      7.68e-06      5.54e-07    4.9e-08
1726000      2.93e-05      2.12e-06    4.9e-08
1726100      1.08e-05      7.79e-07    4.9e-08
1726200      2.70e-06      1.95e-07    4.9e-08
1726300      1.66e-05      1.20e-06    4.9e-08
1726400      9.92e-06      7.16e-07    4.9e-08
1726500      1.01e-05      7.26e-07    4.9e-08
1726600      2.22e-05      1.60e-06    4.9e-08
1726700      2.64e-05      1.91e-06    4.9e-08
1726800      1.94e-05      1.40e-06    4.9e-08
1726900      1.41e-05      1.02e-06    4.9e-08
1727000      1.51e-05      1.09e-06    4.9e-08
1727100      4.11e-05      2.96e-06    4.9e-08
1727200      1.71e-05      1.24e-06    4.9e-08
1727300      1.23e-05      8.86e-07    4.9e-08
1727400      1.13e-05      8.13e-07    4.9e-08
1727500      3.27e-05      2.36e-06    4.9e-08
1727600      9.64e-06      6.96e-07    4.9e-08
1727700      1.19e-05      8.61e-07    4.9e-08
1727800      8.21e-06      5.93e-07    4.9e-08
1727900      3.23e-05      2.33e-06    4.9e-08
1728000      1.48e-04      1.07e-05    4.9e-08
1728100      5.71e-05      4.12e-06    4.9e-08
1728200      6.51e-05      4.70e-06    4.9e-08
1728300      3.03e-05      2.19e-06    4.9e-08
1728400      2.36e-05      1.70e-06    4.9e-08
1728500      2.27e-05      1.64e-06    4.9e-08
1728600      1.85e-05      1.33e-06    4.9e-08
1728700      1.62e-05      1.17e-06    4.9e-08
1728800      8.22e-05      5.93e-06    4.9e-08
1728900      2.27e-05      1.64e-06    4.9e-08
1729000      2.13e-05      1.53e-06    4.9e-08
1729100      2.45e-05      1.77e-06    4.9e-08
1729200      1.34e-05      9.70e-07    4.9e-08
1729300      1.98e-05      1.43e-06    4.9e-08
1729400      1.08e-05      7.82e-07    4.9e-08
1729500      6.46e-05      4.66e-06    4.9e-08
1729600      1.21e-05      8.74e-07    4.9e-08
1729700      1.62e-05      1.17e-06    4.9e-08
1729800      2.57e-05      1.86e-06    4.9e-08
1729900      2.08e-05      1.50e-06    4.9e-08
1730000      2.47e-05      1.78e-06    4.7e-08
1730100      4.82e-05      3.48e-06    4.7e-08
1730200      1.60e-05      1.16e-06    4.7e-08
1730300      4.00e-05      2.89e-06    4.7e-08
1730400      3.70e-05      2.67e-06    4.7e-08
1730500      9.87e-05      7.12e-06    4.7e-08
1730600      2.16e-05      1.56e-06    4.7e-08
1730700      1.10e-04      7.96e-06    4.7e-08
1730800      1.18e-05      8.54e-07    4.7e-08
1730900      1.53e-05      1.10e-06    4.7e-08
1731000      2.46e-05      1.78e-06    4.7e-08
1731100      2.18e-05      1.57e-06    4.7e-08
1731200      9.37e-05      6.76e-06    4.7e-08
1731300      8.03e-05      5.80e-06    4.7e-08
1731400      1.91e-04      1.38e-05    4.7e-08
1731500      2.31e-05      1.67e-06    4.7e-08
1731600      1.64e-04      1.18e-05    4.7e-08
1731700      5.69e-06      4.11e-07    4.7e-08
1731800      4.38e-06      3.16e-07    4.7e-08
1731900      1.07e-05      7.71e-07    4.7e-08
1732000      3.07e-05      2.22e-06    4.7e-08
1732100      1.04e-05      7.47e-07    4.7e-08
1732200      3.92e-05      2.83e-06    4.7e-08
1732300      3.70e-05      2.67e-06    4.7e-08
1732400      2.35e-05      1.70e-06    4.7e-08
1732500      2.02e-05      1.46e-06    4.7e-08
1732600      2.83e-05      2.04e-06    4.7e-08
1732700      1.75e-05      1.27e-06    4.7e-08
1732800      3.54e-05      2.55e-06    4.7e-08
1732900      2.63e-05      1.90e-06    4.7e-08
1733000      9.84e-06      7.10e-07    4.7e-08
1733100      6.67e-06      4.81e-07    4.7e-08
1733200      1.23e-05      8.85e-07    4.7e-08
1733300      1.27e-05      9.20e-07    4.7e-08
1733400      4.46e-05      3.22e-06    4.7e-08
1733500      1.28e-05      9.23e-07    4.7e-08
1733600      2.98e-05      2.15e-06    4.7e-08
1733700      7.37e-05      5.32e-06    4.7e-08
1733800      1.14e-04      8.24e-06    4.7e-08
1733900      3.60e-05      2.60e-06    4.7e-08
1734000      2.29e-05      1.65e-06    4.7e-08
1734100      1.77e-05      1.27e-06    4.7e-08
1734200      1.81e-05      1.31e-06    4.7e-08
1734300      2.29e-05      1.65e-06    4.7e-08
1734400      3.36e-06      2.42e-07    4.7e-08
1734500      2.07e-05      1.50e-06    4.7e-08
1734600      2.05e-05      1.48e-06    4.7e-08
1734700      7.71e-06      5.56e-07    4.7e-08
1734800      1.16e-05      8.41e-07    4.7e-08
1734900      9.66e-06      6.97e-07    4.7e-08
1735000      2.40e-05      1.73e-06    4.6e-08
1735100      9.77e-05      7.05e-06    4.6e-08
1735200      8.73e-06      6.30e-07    4.6e-08
1735300      1.43e-04      1.03e-05    4.6e-08
1735400      2.33e-05      1.68e-06    4.6e-08
1735500      3.69e-05      2.66e-06    4.6e-08
1735600      2.45e-05      1.76e-06    4.6e-08
1735700      1.16e-05      8.37e-07    4.6e-08
1735800      5.70e-06      4.11e-07    4.6e-08
1735900      1.65e-05      1.19e-06    4.6e-08
1736000      2.93e-05      2.11e-06    4.6e-08
1736100      3.28e-05      2.37e-06    4.6e-08
1736200      1.68e-05      1.21e-06    4.6e-08
1736300      1.14e-05      8.26e-07    4.6e-08
1736400      8.03e-06      5.79e-07    4.6e-08
1736500      2.40e-05      1.73e-06    4.6e-08
1736600      4.29e-05      3.09e-06    4.6e-08
1736700      6.28e-06      4.53e-07    4.6e-08
1736800      1.75e-05      1.26e-06    4.6e-08
1736900      2.27e-05      1.64e-06    4.6e-08
1737000      2.40e-05      1.73e-06    4.6e-08
1737100      5.24e-06      3.78e-07    4.6e-08
1737200      1.28e-05      9.24e-07    4.6e-08
1737300      2.52e-05      1.82e-06    4.6e-08
1737400      3.25e-05      2.35e-06    4.6e-08
1737500      1.83e-05      1.32e-06    4.6e-08
1737600      1.86e-05      1.35e-06    4.6e-08
1737700      6.74e-06      4.87e-07    4.6e-08
1737800      2.84e-05      2.05e-06    4.6e-08
1737900      9.22e-06      6.65e-07    4.6e-08
1738000      2.75e-05      1.98e-06    4.6e-08
1738100      2.04e-04      1.47e-05    4.6e-08
1738200      8.81e-06      6.36e-07    4.6e-08
1738300      1.26e-05      9.10e-07    4.6e-08
1738400      2.33e-05      1.68e-06    4.6e-08
1738500      1.38e-05      9.97e-07    4.6e-08
1738600      1.25e-05      9.00e-07    4.6e-08
1738700      2.10e-05      1.51e-06    4.6e-08
1738800      3.46e-05      2.49e-06    4.6e-08
1738900      4.89e-06      3.53e-07    4.6e-08
1739000      1.22e-05      8.83e-07    4.6e-08
1739100      2.24e-05      1.61e-06    4.6e-08
1739200      4.04e-05      2.91e-06    4.6e-08
1739300      8.71e-06      6.29e-07    4.6e-08
1739400      8.36e-06      6.03e-07    4.6e-08
1739500      3.45e-05      2.49e-06    4.6e-08
1739600      6.19e-06      4.47e-07    4.6e-08
1739700      6.22e-05      4.49e-06    4.6e-08
1739800      1.76e-05      1.27e-06    4.6e-08
1739900      1.77e-05      1.27e-06    4.6e-08
1740000      6.39e-06      4.61e-07    4.5e-08
1740100      9.05e-06      6.53e-07    4.5e-08
1740200      2.99e-05      2.16e-06    4.5e-08
1740300      4.05e-05      2.92e-06    4.5e-08
1740400      1.37e-05      9.86e-07    4.5e-08
1740500      1.57e-05      1.13e-06    4.5e-08
1740600      1.01e-05      7.27e-07    4.5e-08
1740700      3.14e-05      2.27e-06    4.5e-08
1740800      9.02e-06      6.51e-07    4.5e-08
1740900      1.83e-04      1.32e-05    4.5e-08
1741000      1.84e-04      1.33e-05    4.5e-08
1741100      3.69e-05      2.66e-06    4.5e-08
1741200      1.25e-05      9.05e-07    4.5e-08
1741300      2.93e-05      2.11e-06    4.5e-08
1741400      1.81e-05      1.30e-06    4.5e-08
1741500      1.14e-04      8.21e-06    4.5e-08
1741600      2.41e-05      1.74e-06    4.5e-08
1741700      9.06e-06      6.54e-07    4.5e-08
1741800      9.85e-05      7.11e-06    4.5e-08
1741900      2.02e-05      1.46e-06    4.5e-08
1742000      1.64e-05      1.18e-06    4.5e-08
1742100      1.90e-05      1.37e-06    4.5e-08
1742200      1.09e-05      7.84e-07    4.5e-08
1742300      2.13e-05      1.54e-06    4.5e-08
1742400      8.67e-06      6.26e-07    4.5e-08
1742500      3.49e-05      2.52e-06    4.5e-08
1742600      4.22e-06      3.04e-07    4.5e-08
1742700      2.38e-05      1.72e-06    4.5e-08
1742800      1.12e-05      8.05e-07    4.5e-08
1742900      1.67e-05      1.20e-06    4.5e-08
1743000      2.62e-05      1.89e-06    4.5e-08
1743100      1.19e-04      8.59e-06    4.5e-08
1743200      1.21e-05      8.71e-07    4.5e-08
1743300      9.55e-06      6.89e-07    4.5e-08
1743400      8.21e-05      5.93e-06    4.5e-08
1743500      1.94e-05      1.40e-06    4.5e-08
1743600      2.18e-05      1.57e-06    4.5e-08
1743700      1.80e-05      1.30e-06    4.5e-08
1743800      1.35e-05      9.75e-07    4.5e-08
1743900      1.60e-05      1.15e-06    4.5e-08
1744000      9.61e-06      6.94e-07    4.5e-08
1744100      3.24e-05      2.34e-06    4.5e-08
1744200      1.92e-05      1.38e-06    4.5e-08
1744300      1.52e-05      1.10e-06    4.5e-08
1744400      1.88e-05      1.35e-06    4.5e-08
1744500      1.46e-05      1.05e-06    4.5e-08
1744600      2.48e-05      1.79e-06    4.5e-08
1744700      1.76e-05      1.27e-06    4.5e-08
1744800      8.49e-06      6.13e-07    4.5e-08
1744900      1.49e-05      1.08e-06    4.5e-08
1745000      1.52e-04      1.10e-05    4.3e-08
1745100      2.92e-06      2.11e-07    4.3e-08
1745200      1.57e-05      1.14e-06    4.3e-08
1745300      2.15e-05      1.55e-06    4.3e-08
1745400      2.67e-05      1.93e-06    4.3e-08
1745500      1.50e-05      1.08e-06    4.3e-08
1745600      2.49e-05      1.80e-06    4.3e-08
1745700      5.57e-05      4.02e-06    4.3e-08
1745800      9.83e-06      7.09e-07    4.3e-08
1745900      4.04e-05      2.92e-06    4.3e-08
1746000      4.49e-05      3.24e-06    4.3e-08
1746100      4.22e-05      3.04e-06    4.3e-08
1746200      1.44e-05      1.04e-06    4.3e-08
1746300      1.23e-04      8.84e-06    4.3e-08
1746400      1.47e-05      1.06e-06    4.3e-08
1746500      4.84e-05      3.49e-06    4.3e-08
1746600      4.47e-05      3.23e-06    4.3e-08
1746700      1.85e-05      1.34e-06    4.3e-08
1746800      3.09e-05      2.23e-06    4.3e-08
1746900      3.43e-06      2.48e-07    4.3e-08
1747000      1.19e-05      8.62e-07    4.3e-08
1747100      1.19e-05      8.62e-07    4.3e-08
1747200      1.74e-05      1.26e-06    4.3e-08
1747300      4.68e-05      3.38e-06    4.3e-08
1747400      2.36e-05      1.70e-06    4.3e-08
1747500      1.05e-04      7.56e-06    4.3e-08
1747600      2.90e-05      2.09e-06    4.3e-08
1747700      2.23e-05      1.61e-06    4.3e-08
1747800      2.81e-05      2.03e-06    4.3e-08
1747900      4.68e-05      3.38e-06    4.3e-08
1748000      1.84e-05      1.33e-06    4.3e-08
1748100      3.63e-05      2.62e-06    4.3e-08
1748200      2.20e-05      1.59e-06    4.3e-08
1748300      1.67e-05      1.21e-06    4.3e-08
1748400      1.05e-05      7.61e-07    4.3e-08
1748500      4.20e-05      3.03e-06    4.3e-08
1748600      1.62e-05      1.17e-06    4.3e-08
1748700      5.37e-05      3.87e-06    4.3e-08
1748800      1.17e-04      8.47e-06    4.3e-08
1748900      3.34e-05      2.41e-06    4.3e-08
1749000      2.18e-05      1.57e-06    4.3e-08
1749100      2.67e-05      1.93e-06    4.3e-08
1749200      1.20e-04      8.64e-06    4.3e-08
1749300      3.25e-05      2.35e-06    4.3e-08
1749400      1.30e-05      9.40e-07    4.3e-08
1749500      6.25e-05      4.51e-06    4.3e-08
1749600      1.92e-05      1.39e-06    4.3e-08
1749700      4.01e-05      2.89e-06    4.3e-08
1749800      5.10e-05      3.68e-06    4.3e-08
1749900      3.34e-05      2.41e-06    4.3e-08
1750000      7.64e-05      5.51e-06    4.2e-08
1750100      8.61e-06      6.21e-07    4.2e-08
1750200      2.16e-05      1.56e-06    4.2e-08
1750300      2.36e-05      1.70e-06    4.2e-08
1750400      3.49e-05      2.52e-06    4.2e-08
1750500      2.33e-05      1.68e-06    4.2e-08
1750600      2.72e-05      1.96e-06    4.2e-08
1750700      3.13e-05      2.26e-06    4.2e-08
1750800      1.15e-05      8.27e-07    4.2e-08
1750900      7.77e-06      5.61e-07    4.2e-08
1751000      1.00e-05      7.24e-07    4.2e-08
1751100      8.58e-06      6.19e-07    4.2e-08
1751200      2.64e-05      1.91e-06    4.2e-08
1751300      2.20e-05      1.59e-06    4.2e-08
1751400      1.38e-04      9.99e-06    4.2e-08
1751500      5.98e-05      4.31e-06    4.2e-08
1751600      1.17e-05      8.45e-07    4.2e-08
1751700      5.50e-06      3.97e-07    4.2e-08
1751800      4.79e-05      3.46e-06    4.2e-08
1751900      2.55e-05      1.84e-06    4.2e-08
1752000      1.10e-05      7.96e-07    4.2e-08
1752100      1.44e-05      1.04e-06    4.2e-08
1752200      1.31e-05      9.42e-07    4.2e-08
1752300      2.41e-05      1.74e-06    4.2e-08
1752400      2.04e-04      1.47e-05    4.2e-08
1752500      1.36e-05      9.82e-07    4.2e-08
1752600      7.30e-06      5.27e-07    4.2e-08
1752700      2.32e-05      1.68e-06    4.2e-08
1752800      4.63e-06      3.34e-07    4.2e-08
1752900      5.59e-05      4.03e-06    4.2e-08
1753000      1.18e-05      8.53e-07    4.2e-08
1753100      5.06e-05      3.65e-06    4.2e-08
1753200      9.44e-06      6.82e-07    4.2e-08
1753300      6.31e-06      4.55e-07    4.2e-08
1753400      1.12e-04      8.08e-06    4.2e-08
1753500      5.71e-05      4.12e-06    4.2e-08
1753600      1.11e-05      8.01e-07    4.2e-08
1753700      3.56e-06      2.57e-07    4.2e-08
1753800      1.23e-05      8.84e-07    4.2e-08
1753900      1.02e-05      7.36e-07    4.2e-08
1754000      4.24e-06      3.06e-07    4.2e-08
1754100      2.02e-04      1.46e-05    4.2e-08
1754200      3.27e-05      2.36e-06    4.2e-08
1754300      8.37e-06      6.04e-07    4.2e-08
1754400      8.11e-06      5.85e-07    4.2e-08
1754500      1.41e-05      1.01e-06    4.2e-08
1754600      5.15e-06      3.72e-07    4.2e-08
1754700      6.93e-05      5.00e-06    4.2e-08
1754800      4.33e-05      3.13e-06    4.2e-08
1754900      2.79e-05      2.01e-06    4.2e-08
1755000      3.39e-05      2.45e-06    4.1e-08
1755100      2.87e-05      2.07e-06    4.1e-08
1755200      2.44e-06      1.76e-07    4.1e-08
1755300      1.88e-05      1.36e-06    4.1e-08
1755400      1.22e-05      8.79e-07    4.1e-08
1755500      2.22e-04      1.60e-05    4.1e-08
1755600      1.31e-05      9.48e-07    4.1e-08
1755700      3.73e-05      2.69e-06    4.1e-08
1755800      2.36e-06      1.70e-07    4.1e-08
1755900      1.08e-05      7.81e-07    4.1e-08
1756000      1.40e-05      1.01e-06    4.1e-08
1756100      4.80e-06      3.46e-07    4.1e-08
1756200      2.25e-05      1.63e-06    4.1e-08
1756300      3.44e-04      2.48e-05    4.1e-08
1756400      3.99e-05      2.88e-06    4.1e-08
1756500      1.17e-05      8.41e-07    4.1e-08
1756600      1.67e-05      1.21e-06    4.1e-08
1756700      5.23e-05      3.78e-06    4.1e-08
1756800      1.10e-05      7.94e-07    4.1e-08
1756900      2.27e-05      1.64e-06    4.1e-08
1757000      2.98e-05      2.15e-06    4.1e-08
1757100      1.64e-04      1.18e-05    4.1e-08
1757200      7.23e-06      5.22e-07    4.1e-08
1757300      1.24e-05      8.92e-07    4.1e-08
1757400      2.52e-05      1.82e-06    4.1e-08
1757500      4.28e-06      3.09e-07    4.1e-08
1757600      6.70e-06      4.84e-07    4.1e-08
1757700      1.85e-05      1.34e-06    4.1e-08
1757800      2.50e-05      1.80e-06    4.1e-08
1757900      2.04e-05      1.47e-06    4.1e-08
1758000      1.35e-05      9.75e-07    4.1e-08
1758100      1.22e-05      8.77e-07    4.1e-08
1758200      3.09e-05      2.23e-06    4.1e-08
1758300      1.29e-05      9.32e-07    4.1e-08
1758400      2.03e-05      1.46e-06    4.1e-08
1758500      5.60e-05      4.04e-06    4.1e-08
1758600      2.01e-05      1.45e-06    4.1e-08
1758700      1.48e-05      1.07e-06    4.1e-08
1758800      1.64e-05      1.18e-06    4.1e-08
1758900      1.40e-05      1.01e-06    4.1e-08
1759000      1.67e-04      1.21e-05    4.1e-08
1759100      1.07e-05      7.74e-07    4.1e-08
1759200      2.24e-05      1.61e-06    4.1e-08
1759300      1.18e-05      8.53e-07    4.1e-08
1759400      2.06e-05      1.49e-06    4.1e-08
1759500      7.37e-05      5.32e-06    4.1e-08
1759600      1.17e-05      8.43e-07    4.1e-08
1759700      3.75e-05      2.71e-06    4.1e-08
1759800      6.19e-06      4.47e-07    4.1e-08
1759900      1.27e-05      9.16e-07    4.1e-08
1760000      4.55e-05      3.29e-06    4.0e-08
1760100      1.83e-05      1.32e-06    4.0e-08
1760200      2.00e-05      1.44e-06    4.0e-08
1760300      2.09e-05      1.51e-06    4.0e-08
1760400      8.11e-06      5.85e-07    4.0e-08
1760500      1.19e-05      8.55e-07    4.0e-08
1760600      1.36e-05      9.82e-07    4.0e-08
1760700      1.62e-04      1.17e-05    4.0e-08
1760800      4.66e-05      3.37e-06    4.0e-08
1760900      3.42e-05      2.47e-06    4.0e-08
1761000      9.00e-06      6.50e-07    4.0e-08
1761100      2.40e-05      1.73e-06    4.0e-08
1761200      1.32e-04      9.49e-06    4.0e-08
1761300      7.30e-06      5.26e-07    4.0e-08
1761400      4.79e-05      3.46e-06    4.0e-08
1761500      1.51e-04      1.09e-05    4.0e-08
1761600      3.44e-05      2.48e-06    4.0e-08
1761700      5.50e-06      3.97e-07    4.0e-08
1761800      2.79e-05      2.01e-06    4.0e-08
1761900      9.15e-06      6.60e-07    4.0e-08
1762000      3.39e-05      2.45e-06    4.0e-08
1762100      2.34e-05      1.69e-06    4.0e-08
1762200      1.89e-05      1.36e-06    4.0e-08
1762300      6.15e-06      4.44e-07    4.0e-08
1762400      1.42e-05      1.02e-06    4.0e-08
1762500      3.13e-05      2.26e-06    4.0e-08
1762600      2.24e-05      1.62e-06    4.0e-08
1762700      3.25e-05      2.35e-06    4.0e-08
1762800      5.93e-06      4.28e-07    4.0e-08
1762900      1.98e-05      1.43e-06    4.0e-08
1763000      1.68e-05      1.21e-06    4.0e-08
1763100      1.60e-05      1.15e-06    4.0e-08
1763200      1.36e-05      9.84e-07    4.0e-08
1763300      4.90e-05      3.54e-06    4.0e-08
1763400      1.71e-05      1.24e-06    4.0e-08
1763500      2.75e-05      1.99e-06    4.0e-08
1763600      7.78e-06      5.61e-07    4.0e-08
1763700      2.37e-05      1.71e-06    4.0e-08
1763800      2.14e-05      1.55e-06    4.0e-08
1763900      1.34e-06      9.68e-08    4.0e-08
1764000      1.57e-05      1.13e-06    4.0e-08
1764100      8.19e-06      5.91e-07    4.0e-08
1764200      6.67e-06      4.82e-07    4.0e-08
1764300      1.56e-05      1.13e-06    4.0e-08
1764400      1.18e-05      8.53e-07    4.0e-08
1764500      1.91e-04      1.38e-05    4.0e-08
1764600      2.67e-05      1.92e-06    4.0e-08
1764700      1.26e-05      9.06e-07    4.0e-08
1764800      2.27e-05      1.64e-06    4.0e-08
1764900      3.33e-06      2.40e-07    4.0e-08
1765000      7.70e-06      5.56e-07    3.9e-08
1765100      6.49e-05      4.68e-06    3.9e-08
1765200      1.22e-05      8.82e-07    3.9e-08
1765300      1.09e-05      7.85e-07    3.9e-08
1765400      3.11e-05      2.25e-06    3.9e-08
1765500      1.02e-05      7.36e-07    3.9e-08
1765600      1.63e-05      1.18e-06    3.9e-08
1765700      1.87e-05      1.35e-06    3.9e-08
1765800      8.79e-05      6.35e-06    3.9e-08
1765900      2.77e-05      2.00e-06    3.9e-08
1766000      2.02e-05      1.46e-06    3.9e-08
1766100      1.25e-05      9.01e-07    3.9e-08
1766200      1.70e-05      1.22e-06    3.9e-08
1766300      3.91e-05      2.82e-06    3.9e-08
1766400      5.96e-05      4.30e-06    3.9e-08
1766500      1.28e-05      9.26e-07    3.9e-08
1766600      1.67e-05      1.21e-06    3.9e-08
1766700      1.74e-05      1.26e-06    3.9e-08
1766800      7.12e-06      5.14e-07    3.9e-08
1766900      1.20e-05      8.64e-07    3.9e-08
1767000      2.00e-05      1.44e-06    3.9e-08
1767100      2.80e-05      2.02e-06    3.9e-08
1767200      8.76e-06      6.32e-07    3.9e-08
1767300      2.11e-05      1.52e-06    3.9e-08
1767400      1.99e-05      1.43e-06    3.9e-08
1767500      3.89e-05      2.81e-06    3.9e-08
1767600      1.21e-05      8.72e-07    3.9e-08
1767700      5.58e-05      4.03e-06    3.9e-08
1767800      9.31e-06      6.72e-07    3.9e-08
1767900      4.02e-06      2.90e-07    3.9e-08
1768000      1.73e-05      1.25e-06    3.9e-08
1768100      2.83e-05      2.04e-06    3.9e-08
1768200      4.47e-05      3.23e-06    3.9e-08
1768300      1.70e-05      1.23e-06    3.9e-08
1768400      6.49e-05      4.68e-06    3.9e-08
1768500      1.52e-04      1.09e-05    3.9e-08
1768600      1.73e-05      1.25e-06    3.9e-08
1768700      2.02e-05      1.46e-06    3.9e-08
1768800      9.68e-05      6.99e-06    3.9e-08
1768900      7.47e-06      5.39e-07    3.9e-08
1769000      2.18e-05      1.57e-06    3.9e-08
1769100      6.04e-06      4.36e-07    3.9e-08
1769200      2.54e-05      1.83e-06    3.9e-08
1769300      1.64e-05      1.19e-06    3.9e-08
1769400      1.67e-05      1.21e-06    3.9e-08
1769500      2.87e-05      2.07e-06    3.9e-08
1769600      2.40e-06      1.73e-07    3.9e-08
1769700      5.96e-05      4.30e-06    3.9e-08
1769800      3.00e-05      2.17e-06    3.9e-08
1769900      1.41e-04      1.02e-05    3.9e-08
1770000      3.81e-05      2.75e-06    3.8e-08
1770100      1.06e-05      7.67e-07    3.8e-08
1770200      5.39e-05      3.89e-06    3.8e-08
1770300      1.15e-05      8.31e-07    3.8e-08
1770400      5.50e-06      3.97e-07    3.8e-08
1770500      1.20e-05      8.63e-07    3.8e-08
1770600      1.38e-05      9.98e-07    3.8e-08
1770700      2.34e-05      1.69e-06    3.8e-08
1770800      3.08e-05      2.22e-06    3.8e-08
1770900      1.94e-05      1.40e-06    3.8e-08
1771000      3.14e-05      2.26e-06    3.8e-08
1771100      1.80e-05      1.30e-06    3.8e-08
1771200      4.04e-05      2.92e-06    3.8e-08
1771300      2.53e-06      1.83e-07    3.8e-08
1771400      3.82e-06      2.76e-07    3.8e-08
1771500      2.50e-05      1.80e-06    3.8e-08
1771600      5.02e-05      3.62e-06    3.8e-08
1771700      1.77e-04      1.28e-05    3.8e-08
1771800      2.36e-05      1.70e-06    3.8e-08
1771900      9.90e-06      7.15e-07    3.8e-08
1772000      1.03e-04      7.45e-06    3.8e-08
1772100      6.74e-06      4.86e-07    3.8e-08
1772200      8.77e-06      6.33e-07    3.8e-08
1772300      4.17e-05      3.01e-06    3.8e-08
1772400      1.73e-05      1.25e-06    3.8e-08
1772500      1.29e-05      9.33e-07    3.8e-08
1772600      6.94e-05      5.01e-06    3.8e-08
1772700      1.12e-05      8.11e-07    3.8e-08
1772800      9.01e-05      6.50e-06    3.8e-08
1772900      2.47e-05      1.78e-06    3.8e-08
1773000      2.02e-05      1.46e-06    3.8e-08
1773100      5.99e-05      4.32e-06    3.8e-08
1773200      1.36e-05      9.80e-07    3.8e-08
1773300      3.22e-05      2.32e-06    3.8e-08
1773400      2.68e-05      1.93e-06    3.8e-08
1773500      1.17e-05      8.45e-07    3.8e-08
1773600      2.46e-05      1.78e-06    3.8e-08
1773700      9.43e-06      6.81e-07    3.8e-08
1773800      3.17e-05      2.29e-06    3.8e-08
1773900      2.62e-05      1.89e-06    3.8e-08
1774000      2.43e-05      1.75e-06    3.8e-08
1774100      7.80e-06      5.63e-07    3.8e-08
1774200      1.09e-05      7.83e-07    3.8e-08
1774300      1.94e-05      1.40e-06    3.8e-08
1774400      4.85e-06      3.50e-07    3.8e-08
1774500      3.23e-05      2.33e-06    3.8e-08
1774600      1.06e-05      7.67e-07    3.8e-08
1774700      1.37e-05      9.88e-07    3.8e-08
1774800      5.23e-05      3.78e-06    3.8e-08
1774900      9.84e-06      7.10e-07    3.8e-08
1775000      2.33e-05      1.68e-06    3.7e-08
1775100      7.44e-05      5.37e-06    3.7e-08
1775200      1.84e-05      1.33e-06    3.7e-08
1775300      1.65e-05      1.19e-06    3.7e-08
1775400      1.03e-05      7.44e-07    3.7e-08
1775500      6.46e-06      4.66e-07    3.7e-08
1775600      2.22e-05      1.60e-06    3.7e-08
1775700      1.62e-04      1.17e-05    3.7e-08
1775800      7.38e-06      5.32e-07    3.7e-08
1775900      2.65e-05      1.91e-06    3.7e-08
1776000      2.43e-05      1.75e-06    3.7e-08
1776100      1.82e-05      1.31e-06    3.7e-08
1776200      9.96e-06      7.19e-07    3.7e-08
1776300      2.72e-05      1.97e-06    3.7e-08
1776400      4.79e-05      3.46e-06    3.7e-08
1776500      3.28e-05      2.37e-06    3.7e-08
1776600      1.49e-05      1.08e-06    3.7e-08
1776700      2.52e-05      1.82e-06    3.7e-08
1776800      2.41e-04      1.74e-05    3.7e-08
1776900      4.59e-05      3.31e-06    3.7e-08
1777000      5.92e-05      4.27e-06    3.7e-08
1777100      1.87e-05      1.35e-06    3.7e-08
1777200      2.21e-05      1.60e-06    3.7e-08
1777300      3.23e-05      2.33e-06    3.7e-08
1777400      1.40e-05      1.01e-06    3.7e-08
1777500      8.79e-05      6.35e-06    3.7e-08
1777600      4.42e-05      3.19e-06    3.7e-08
1777700      3.52e-05      2.54e-06    3.7e-08
1777800      1.87e-05      1.35e-06    3.7e-08
1777900      7.00e-05      5.05e-06    3.7e-08
1778000      1.52e-05      1.09e-06    3.7e-08
1778100      1.06e-05      7.62e-07    3.7e-08
1778200      1.47e-05      1.06e-06    3.7e-08
1778300      1.55e-05      1.12e-06    3.7e-08
1778400      3.06e-05      2.21e-06    3.7e-08
1778500      2.31e-05      1.67e-06    3.7e-08
1778600      5.05e-06      3.65e-07    3.7e-08
1778700      2.54e-05      1.83e-06    3.7e-08
1778800      5.31e-06      3.83e-07    3.7e-08
1778900      3.36e-05      2.43e-06    3.7e-08
1779000      7.58e-06      5.47e-07    3.7e-08
1779100      1.06e-05      7.63e-07    3.7e-08
1779200      1.74e-05      1.26e-06    3.7e-08
1779300      4.32e-05      3.12e-06    3.7e-08
1779400      1.64e-05      1.19e-06    3.7e-08
1779500      2.34e-05      1.69e-06    3.7e-08
1779600      6.29e-06      4.54e-07    3.7e-08
1779700      1.40e-05      1.01e-06    3.7e-08
1779800      3.86e-05      2.78e-06    3.7e-08
1779900      9.89e-06      7.14e-07    3.7e-08
1780000      1.61e-05      1.16e-06    3.5e-08
1780100      2.34e-05      1.69e-06    3.5e-08
1780200      3.30e-05      2.38e-06    3.5e-08
1780300      1.10e-05      7.94e-07    3.5e-08
1780400      2.35e-05      1.69e-06    3.5e-08
1780500      2.57e-05      1.85e-06    3.5e-08
1780600      9.69e-06      6.99e-07    3.5e-08
1780700      3.32e-05      2.40e-06    3.5e-08
1780800      5.26e-06      3.80e-07    3.5e-08
1780900      6.49e-05      4.68e-06    3.5e-08
1781000      1.84e-05      1.33e-06    3.5e-08
1781100      9.50e-06      6.86e-07    3.5e-08
1781200      1.41e-05      1.02e-06    3.5e-08
1781300      2.90e-05      2.09e-06    3.5e-08
1781400      2.90e-05      2.09e-06    3.5e-08
1781500      4.64e-06      3.35e-07    3.5e-08
1781600      3.22e-05      2.32e-06    3.5e-08
1781700      1.85e-05      1.34e-06    3.5e-08
1781800      2.37e-05      1.71e-06    3.5e-08
1781900      3.86e-05      2.78e-06    3.5e-08
1782000      9.37e-05      6.76e-06    3.5e-08
1782100      1.65e-05      1.19e-06    3.5e-08
1782200      2.78e-05      2.01e-06    3.5e-08
1782300      5.12e-05      3.70e-06    3.5e-08
1782400      1.10e-05      7.90e-07    3.5e-08
1782500      2.17e-05      1.57e-06    3.5e-08
1782600      2.10e-05      1.52e-06    3.5e-08
1782700      7.85e-06      5.67e-07    3.5e-08
1782800      1.41e-04      1.02e-05    3.5e-08
1782900      1.17e-05      8.41e-07    3.5e-08
1783000      2.20e-05      1.59e-06    3.5e-08
1783100      2.31e-05      1.67e-06    3.5e-08
1783200      3.12e-04      2.25e-05    3.5e-08
1783300      1.12e-04      8.08e-06    3.5e-08
1783400      2.14e-05      1.55e-06    3.5e-08
1783500      1.31e-05      9.47e-07    3.5e-08
1783600      2.24e-05      1.62e-06    3.5e-08
1783700      3.90e-05      2.81e-06    3.5e-08
1783800      3.95e-05      2.85e-06    3.5e-08
1783900      1.60e-05      1.15e-06    3.5e-08
1784000      2.18e-05      1.57e-06    3.5e-08
1784100      3.23e-06      2.33e-07    3.5e-08
1784200      9.77e-05      7.05e-06    3.5e-08
1784300      3.73e-05      2.69e-06    3.5e-08
1784400      8.02e-06      5.79e-07    3.5e-08
1784500      2.92e-05      2.11e-06    3.5e-08
1784600      1.36e-05      9.81e-07    3.5e-08
1784700      9.71e-06      7.01e-07    3.5e-08
1784800      1.25e-05      9.04e-07    3.5e-08
1784900      1.63e-05      1.18e-06    3.5e-08
1785000      2.02e-05      1.46e-06    3.4e-08
1785100      1.05e-05      7.60e-07    3.4e-08
1785200      4.76e-05      3.43e-06    3.4e-08
1785300      4.32e-05      3.12e-06    3.4e-08
1785400      1.15e-05      8.27e-07    3.4e-08
1785500      6.55e-05      4.73e-06    3.4e-08
1785600      7.83e-05      5.65e-06    3.4e-08
1785700      2.01e-05      1.45e-06    3.4e-08
1785800      1.62e-04      1.17e-05    3.4e-08
1785900      4.20e-05      3.03e-06    3.4e-08
1786000      2.42e-04      1.75e-05    3.4e-08
1786100      1.70e-05      1.23e-06    3.4e-08
1786200      2.38e-05      1.72e-06    3.4e-08
1786300      2.75e-05      1.98e-06    3.4e-08
1786400      8.17e-05      5.90e-06    3.4e-08
1786500      2.75e-05      1.99e-06    3.4e-08
1786600      2.29e-05      1.65e-06    3.4e-08
1786700      7.85e-06      5.67e-07    3.4e-08
1786800      1.42e-05      1.03e-06    3.4e-08
1786900      3.71e-05      2.68e-06    3.4e-08
1787000      1.02e-05      7.34e-07    3.4e-08
1787100      1.89e-06      1.37e-07    3.4e-08
1787200      1.65e-05      1.19e-06    3.4e-08
1787300      4.69e-06      3.39e-07    3.4e-08
1787400      2.86e-05      2.06e-06    3.4e-08
1787500      1.63e-05      1.18e-06    3.4e-08
1787600      3.24e-05      2.34e-06    3.4e-08
1787700      3.69e-06      2.66e-07    3.4e-08
1787800      1.54e-04      1.11e-05    3.4e-08
1787900      1.17e-05      8.47e-07    3.4e-08
1788000      1.33e-05      9.58e-07    3.4e-08
1788100      1.13e-05      8.18e-07    3.4e-08
1788200      1.23e-05      8.86e-07    3.4e-08
1788300      1.40e-05      1.01e-06    3.4e-08
1788400      4.15e-05      2.99e-06    3.4e-08
1788500      1.05e-05      7.61e-07    3.4e-08
1788600      1.28e-05      9.23e-07    3.4e-08
1788700      1.38e-05      9.99e-07    3.4e-08
1788800      8.05e-06      5.81e-07    3.4e-08
1788900      1.77e-05      1.28e-06    3.4e-08
1789000      1.52e-05      1.10e-06    3.4e-08
1789100      4.04e-05      2.92e-06    3.4e-08
1789200      2.11e-05      1.52e-06    3.4e-08
1789300      1.74e-05      1.26e-06    3.4e-08
1789400      2.82e-05      2.04e-06    3.4e-08
1789500      4.10e-05      2.96e-06    3.4e-08
1789600      1.69e-05      1.22e-06    3.4e-08
1789700      1.19e-05      8.59e-07    3.4e-08
1789800      6.00e-06      4.33e-07    3.4e-08
1789900      1.91e-04      1.38e-05    3.4e-08
1790000      2.16e-05      1.56e-06    3.3e-08
1790100      4.60e-05      3.32e-06    3.3e-08
1790200      1.42e-05      1.03e-06    3.3e-08
1790300      2.28e-05      1.64e-06    3.3e-08
1790400      2.25e-05      1.63e-06    3.3e-08
1790500      8.45e-05      6.10e-06    3.3e-08
1790600      3.51e-05      2.53e-06    3.3e-08
1790700      4.03e-05      2.91e-06    3.3e-08
1790800      9.30e-05      6.71e-06    3.3e-08
1790900      2.19e-05      1.58e-06    3.3e-08
1791000      1.39e-05      1.00e-06    3.3e-08
1791100      9.95e-06      7.18e-07    3.3e-08
1791200      4.32e-05      3.12e-06    3.3e-08
1791300      4.23e-05      3.05e-06    3.3e-08
1791400      1.13e-05      8.12e-07    3.3e-08
1791500      5.47e-06      3.95e-07    3.3e-08
1791600      2.56e-04      1.85e-05    3.3e-08
1791700      5.37e-06      3.88e-07    3.3e-08
1791800      1.95e-05      1.40e-06    3.3e-08
1791900      4.50e-05      3.25e-06    3.3e-08
1792000      2.83e-05      2.04e-06    3.3e-08
1792100      7.37e-05      5.32e-06    3.3e-08
1792200      1.50e-05      1.08e-06    3.3e-08
1792300      5.29e-05      3.82e-06    3.3e-08
1792400      3.08e-05      2.22e-06    3.3e-08
1792500      2.01e-05      1.45e-06    3.3e-08
1792600      4.18e-05      3.01e-06    3.3e-08
1792700      4.04e-05      2.91e-06    3.3e-08
1792800      3.51e-05      2.54e-06    3.3e-08
1792900      3.25e-05      2.35e-06    3.3e-08
1793000      1.74e-05      1.26e-06    3.3e-08
1793100      1.41e-04      1.02e-05    3.3e-08
1793200      7.79e-06      5.62e-07    3.3e-08
1793300      9.46e-06      6.83e-07    3.3e-08
1793400      5.80e-05      4.19e-06    3.3e-08
1793500      3.66e-05      2.64e-06    3.3e-08
1793600      1.20e-05      8.69e-07    3.3e-08
1793700      1.45e-05      1.05e-06    3.3e-08
1793800      2.00e-05      1.45e-06    3.3e-08
1793900      5.19e-05      3.74e-06    3.3e-08
1794000      3.50e-05      2.53e-06    3.3e-08
1794100      6.19e-06      4.47e-07    3.3e-08
1794200      9.87e-06      7.13e-07    3.3e-08
1794300      2.00e-05      1.44e-06    3.3e-08
1794400      9.60e-06      6.93e-07    3.3e-08
1794500      2.29e-05      1.65e-06    3.3e-08
1794600      4.63e-05      3.34e-06    3.3e-08
1794700      1.77e-04      1.28e-05    3.3e-08
1794800      1.07e-05      7.74e-07    3.3e-08
1794900      1.93e-05      1.39e-06    3.3e-08
1795000      8.50e-06      6.13e-07    3.3e-08
1795100      3.20e-05      2.31e-06    3.3e-08
1795200      1.16e-05      8.38e-07    3.3e-08
1795300      7.61e-06      5.49e-07    3.3e-08
1795400      3.50e-05      2.53e-06    3.3e-08
1795500      1.27e-05      9.19e-07    3.3e-08
1795600      3.60e-05      2.60e-06    3.3e-08
1795700      6.52e-06      4.71e-07    3.3e-08
1795800      1.49e-05      1.07e-06    3.3e-08
1795900      2.85e-05      2.06e-06    3.3e-08
1796000      9.08e-06      6.55e-07    3.3e-08
1796100      3.93e-05      2.83e-06    3.3e-08
1796200      1.37e-05      9.86e-07    3.3e-08
1796300      1.91e-05      1.38e-06    3.3e-08
1796400      8.45e-05      6.10e-06    3.3e-08
1796500      1.91e-04      1.38e-05    3.3e-08
1796600      1.08e-05      7.77e-07    3.3e-08
1796700      2.52e-05      1.82e-06    3.3e-08
1796800      1.64e-05      1.19e-06    3.3e-08
1796900      8.16e-05      5.89e-06    3.3e-08
1797000      5.19e-05      3.74e-06    3.3e-08
1797100      7.27e-06      5.25e-07    3.3e-08
1797200      1.12e-05      8.05e-07    3.3e-08
1797300      1.41e-05      1.02e-06    3.3e-08
1797400      3.56e-05      2.57e-06    3.3e-08
1797500      2.17e-05      1.57e-06    3.3e-08
1797600      1.33e-05      9.60e-07    3.3e-08
1797700      3.89e-05      2.81e-06    3.3e-08
1797800      5.61e-06      4.05e-07    3.3e-08
1797900      3.21e-05      2.32e-06    3.3e-08
1798000      6.21e-05      4.48e-06    3.3e-08
1798100      2.23e-05      1.61e-06    3.3e-08
1798200      1.05e-05      7.56e-07    3.3e-08
1798300      6.19e-06      4.46e-07    3.3e-08
1798400      2.76e-06      1.99e-07    3.3e-08
1798500      1.68e-05      1.21e-06    3.3e-08
1798600      6.94e-06      5.01e-07    3.3e-08
1798700      9.66e-05      6.97e-06    3.3e-08
1798800      2.62e-05      1.89e-06    3.3e-08
1798900      2.23e-05      1.61e-06    3.3e-08
1799000      7.20e-06      5.20e-07    3.3e-08
1799100      9.40e-06      6.79e-07    3.3e-08
1799200      9.03e-06      6.52e-07    3.3e-08
1799300      2.52e-04      1.82e-05    3.3e-08
1799400      3.05e-05      2.20e-06    3.3e-08
1799500      6.56e-06      4.74e-07    3.3e-08
1799600      2.49e-05      1.80e-06    3.3e-08
1799700      8.64e-06      6.23e-07    3.3e-08
1799800      1.16e-05      8.37e-07    3.3e-08
1799900      4.66e-05      3.36e-06    3.3e-08
1800000      3.99e-05      2.88e-06    3.2e-08
1800100      3.53e-05      2.55e-06    3.2e-08
1800200      2.89e-05      2.09e-06    3.2e-08
1800300      8.84e-06      6.38e-07    3.2e-08
1800400      2.52e-05      1.82e-06    3.2e-08
1800500      3.27e-05      2.36e-06    3.2e-08
1800600      1.48e-05      1.07e-06    3.2e-08
1800700      1.57e-05      1.13e-06    3.2e-08
1800800      1.01e-05      7.28e-07    3.2e-08
1800900      2.55e-05      1.84e-06    3.2e-08
1801000      1.91e-05      1.38e-06    3.2e-08
1801100      1.26e-05      9.10e-07    3.2e-08
1801200      2.68e-05      1.94e-06    3.2e-08
1801300      6.77e-06      4.89e-07    3.2e-08
1801400      9.42e-05      6.80e-06    3.2e-08
1801500      7.46e-06      5.38e-07    3.2e-08
1801600      3.96e-06      2.85e-07    3.2e-08
1801700      2.31e-05      1.66e-06    3.2e-08
1801800      2.06e-04      1.48e-05    3.2e-08
1801900      2.65e-05      1.92e-06    3.2e-08
1802000      7.89e-06      5.70e-07    3.2e-08
1802100      2.42e-04      1.75e-05    3.2e-08
1802200      2.21e-05      1.59e-06    3.2e-08
1802300      2.08e-05      1.50e-06    3.2e-08
1802400      1.21e-05      8.75e-07    3.2e-08
1802500      3.97e-05      2.86e-06    3.2e-08
1802600      1.64e-05      1.18e-06    3.2e-08
1802700      2.57e-05      1.85e-06    3.2e-08
1802800      2.01e-04      1.45e-05    3.2e-08
1802900      2.01e-05      1.45e-06    3.2e-08
1803000      1.20e-05      8.64e-07    3.2e-08
1803100      2.75e-05      1.98e-06    3.2e-08
1803200      2.02e-05      1.46e-06    3.2e-08
1803300      7.20e-06      5.20e-07    3.2e-08
1803400      6.08e-06      4.39e-07    3.2e-08
1803500      6.58e-06      4.75e-07    3.2e-08
1803600      1.08e-05      7.80e-07    3.2e-08
1803700      6.88e-05      4.97e-06    3.2e-08
1803800      1.46e-05      1.06e-06    3.2e-08
1803900      3.67e-05      2.65e-06    3.2e-08
1804000      2.25e-05      1.62e-06    3.2e-08
1804100      1.50e-05      1.09e-06    3.2e-08
1804200      5.96e-05      4.30e-06    3.2e-08
1804300      1.81e-05      1.30e-06    3.2e-08
1804400      2.69e-05      1.94e-06    3.2e-08
1804500      1.13e-05      8.13e-07    3.2e-08
1804600      4.33e-05      3.13e-06    3.2e-08
1804700      3.25e-05      2.35e-06    3.2e-08
1804800      1.47e-05      1.06e-06    3.2e-08
1804900      8.06e-06      5.81e-07    3.2e-08
1805000      2.08e-05      1.50e-06    3.1e-08
1805100      1.29e-05      9.33e-07    3.1e-08
1805200      1.55e-05      1.12e-06    3.1e-08
1805300      2.48e-05      1.79e-06    3.1e-08
1805400      1.43e-05      1.04e-06    3.1e-08
1805500      6.71e-06      4.84e-07    3.1e-08
1805600      3.08e-05      2.22e-06    3.1e-08
1805700      1.24e-05      8.93e-07    3.1e-08
1805800      2.41e-05      1.74e-06    3.1e-08
1805900      1.02e-05      7.33e-07    3.1e-08
1806000      2.14e-05      1.55e-06    3.1e-08
1806100      1.51e-04      1.09e-05    3.1e-08
1806200      1.37e-05      9.87e-07    3.1e-08
1806300      1.11e-05      8.02e-07    3.1e-08
1806400      1.58e-05      1.14e-06    3.1e-08
1806500      1.16e-05      8.40e-07    3.1e-08
1806600      2.42e-04      1.75e-05    3.1e-08
1806700      1.10e-04      7.96e-06    3.1e-08
1806800      5.59e-05      4.03e-06    3.1e-08
1806900      1.64e-05      1.19e-06    3.1e-08
1807000      1.25e-05      9.00e-07    3.1e-08
1807100      1.17e-04      8.45e-06    3.1e-08
1807200      4.59e-05      3.31e-06    3.1e-08
1807300      6.21e-05      4.48e-06    3.1e-08
1807400      4.30e-05      3.10e-06    3.1e-08
1807500      7.64e-06      5.52e-07    3.1e-08
1807600      2.64e-05      1.90e-06    3.1e-08
1807700      6.88e-05      4.97e-06    3.1e-08
1807800      2.28e-05      1.65e-06    3.1e-08
1807900      2.92e-05      2.11e-06    3.1e-08
1808000      2.27e-05      1.64e-06    3.1e-08
1808100      9.01e-05      6.50e-06    3.1e-08
1808200      1.42e-05      1.02e-06    3.1e-08
1808300      8.47e-05      6.11e-06    3.1e-08
1808400      2.20e-05      1.59e-06    3.1e-08
1808500      1.05e-05      7.55e-07    3.1e-08
1808600      1.07e-05      7.71e-07    3.1e-08
1808700      1.25e-05      8.99e-07    3.1e-08
1808800      1.42e-05      1.03e-06    3.1e-08
1808900      4.69e-05      3.38e-06    3.1e-08
1809000      4.35e-06      3.14e-07    3.1e-08
1809100      1.33e-05      9.61e-07    3.1e-08
1809200      3.27e-05      2.36e-06    3.1e-08
1809300      1.01e-05      7.29e-07    3.1e-08
1809400      1.67e-04      1.21e-05    3.1e-08
1809500      1.65e-05      1.19e-06    3.1e-08
1809600      3.59e-05      2.59e-06    3.1e-08
1809700      1.88e-05      1.36e-06    3.1e-08
1809800      3.45e-05      2.49e-06    3.1e-08
1809900      2.38e-05      1.72e-06    3.1e-08
1810000      1.82e-05      1.32e-06    3.0e-08
1810100      6.04e-05      4.36e-06    3.0e-08
1810200      2.92e-05      2.11e-06    3.0e-08
1810300      2.49e-05      1.80e-06    3.0e-08
1810400      8.21e-05      5.92e-06    3.0e-08
1810500      1.02e-05      7.35e-07    3.0e-08
1810600      5.50e-05      3.97e-06    3.0e-08
1810700      2.34e-05      1.69e-06    3.0e-08
1810800      1.45e-05      1.05e-06    3.0e-08
1810900      1.12e-04      8.08e-06    3.0e-08
1811000      2.32e-05      1.68e-06    3.0e-08
1811100      3.40e-05      2.46e-06    3.0e-08
1811200      2.13e-04      1.53e-05    3.0e-08
1811300      1.16e-05      8.37e-07    3.0e-08
1811400      5.23e-05      3.78e-06    3.0e-08
1811500      2.26e-05      1.63e-06    3.0e-08
1811600      7.35e-06      5.31e-07    3.0e-08
1811700      1.19e-05      8.60e-07    3.0e-08
1811800      1.47e-05      1.06e-06    3.0e-08
1811900      2.00e-05      1.44e-06    3.0e-08
1812000      1.07e-05      7.75e-07    3.0e-08
1812100      1.20e-05      8.64e-07    3.0e-08
1812200      2.18e-05      1.57e-06    3.0e-08
1812300      6.35e-05      4.58e-06    3.0e-08
1812400      1.41e-05      1.02e-06    3.0e-08
1812500      1.43e-05      1.04e-06    3.0e-08
1812600      2.86e-05      2.06e-06    3.0e-08
1812700      7.96e-06      5.75e-07    3.0e-08
1812800      2.79e-05      2.01e-06    3.0e-08
1812900      2.33e-05      1.68e-06    3.0e-08
1813000      3.12e-05      2.25e-06    3.0e-08
1813100      5.50e-05      3.97e-06    3.0e-08
1813200      1.54e-05      1.11e-06    3.0e-08
1813300      5.06e-06      3.65e-07    3.0e-08
1813400      5.04e-06      3.64e-07    3.0e-08
1813500      2.46e-05      1.78e-06    3.0e-08
1813600      2.47e-05      1.79e-06    3.0e-08
1813700      4.78e-06      3.45e-07    3.0e-08
1813800      3.65e-05      2.63e-06    3.0e-08
1813900      5.06e-05      3.65e-06    3.0e-08
1814000      3.25e-05      2.35e-06    3.0e-08
1814100      5.59e-05      4.03e-06    3.0e-08
1814200      1.70e-05      1.23e-06    3.0e-08
1814300      5.72e-05      4.13e-06    3.0e-08
1814400      3.64e-05      2.63e-06    3.0e-08
1814500      1.49e-05      1.08e-06    3.0e-08
1814600      1.05e-05      7.59e-07    3.0e-08
1814700      1.65e-05      1.19e-06    3.0e-08
1814800      1.16e-05      8.39e-07    3.0e-08
1814900      4.79e-06      3.46e-07    3.0e-08
1815000      1.80e-05      1.30e-06    2.9e-08
1815100      9.82e-06      7.09e-07    2.9e-08
1815200      8.47e-06      6.11e-07    2.9e-08
1815300      5.26e-05      3.79e-06    2.9e-08
1815400      1.23e-04      8.84e-06    2.9e-08
1815500      8.63e-06      6.23e-07    2.9e-08
1815600      3.29e-06      2.38e-07    2.9e-08
1815700      1.25e-05      9.02e-07    2.9e-08
1815800      1.67e-05      1.20e-06    2.9e-08
1815900      2.22e-05      1.60e-06    2.9e-08
1816000      2.91e-05      2.10e-06    2.9e-08
1816100      9.09e-06      6.56e-07    2.9e-08
1816200      2.39e-05      1.73e-06    2.9e-08
1816300      5.79e-06      4.18e-07    2.9e-08
1816400      1.53e-05      1.10e-06    2.9e-08
1816500      1.31e-05      9.42e-07    2.9e-08
1816600      7.45e-06      5.38e-07    2.9e-08
1816700      2.09e-05      1.51e-06    2.9e-08
1816800      1.13e-05      8.13e-07    2.9e-08
1816900      1.64e-05      1.19e-06    2.9e-08
1817000      2.20e-05      1.59e-06    2.9e-08
1817100      2.67e-05      1.92e-06    2.9e-08
1817200      1.47e-05      1.06e-06    2.9e-08
1817300      8.21e-06      5.92e-07    2.9e-08
1817400      5.99e-06      4.32e-07    2.9e-08
1817500      3.11e-05      2.25e-06    2.9e-08
1817600      2.40e-05      1.73e-06    2.9e-08
1817700      1.87e-05      1.35e-06    2.9e-08
1817800      2.51e-05      1.81e-06    2.9e-08
1817900      1.42e-05      1.03e-06    2.9e-08
1818000      2.11e-05      1.52e-06    2.9e-08
1818100      1.30e-05      9.41e-07    2.9e-08
1818200      1.41e-05      1.01e-06    2.9e-08
1818300      9.17e-06      6.62e-07    2.9e-08
1818400      8.45e-06      6.10e-07    2.9e-08
1818500      2.24e-05      1.62e-06    2.9e-08
1818600      4.29e-05      3.10e-06    2.9e-08
1818700      9.64e-06      6.96e-07    2.9e-08
1818800      8.55e-06      6.17e-07    2.9e-08
1818900      2.00e-05      1.44e-06    2.9e-08
1819000      1.20e-05      8.63e-07    2.9e-08
1819100      3.15e-05      2.27e-06    2.9e-08
1819200      1.23e-05      8.85e-07    2.9e-08
1819300      1.75e-05      1.26e-06    2.9e-08
1819400      1.97e-05      1.42e-06    2.9e-08
1819500      3.93e-05      2.83e-06    2.9e-08
1819600      2.06e-05      1.49e-06    2.9e-08
1819700      1.25e-05      9.03e-07    2.9e-08
1819800      1.41e-05      1.02e-06    2.9e-08
1819900      2.47e-05      1.78e-06    2.9e-08
1820000      7.35e-06      5.31e-07    2.8e-08
1820100      5.55e-05      4.00e-06    2.8e-08
1820200      1.95e-05      1.40e-06    2.8e-08
1820300      5.64e-05      4.07e-06    2.8e-08
1820400      2.23e-05      1.61e-06    2.8e-08
1820500      6.21e-05      4.48e-06    2.8e-08
1820600      5.45e-05      3.93e-06    2.8e-08
1820700      2.75e-06      1.98e-07    2.8e-08
1820800      3.11e-05      2.24e-06    2.8e-08
1820900      4.14e-06      2.99e-07    2.8e-08
1821000      7.52e-05      5.43e-06    2.8e-08
1821100      1.83e-05      1.32e-06    2.8e-08
1821200      1.13e-05      8.17e-07    2.8e-08
1821300      1.10e-04      7.96e-06    2.8e-08
1821400      2.00e-05      1.44e-06    2.8e-08
1821500      1.90e-05      1.37e-06    2.8e-08
1821600      1.74e-05      1.25e-06    2.8e-08
1821700      7.46e-06      5.39e-07    2.8e-08
1821800      1.70e-05      1.22e-06    2.8e-08
1821900      2.80e-05      2.02e-06    2.8e-08
1822000      1.09e-05      7.85e-07    2.8e-08
1822100      4.79e-05      3.46e-06    2.8e-08
1822200      2.01e-05      1.45e-06    2.8e-08
1822300      3.63e-05      2.62e-06    2.8e-08
1822400      1.73e-05      1.25e-06    2.8e-08
1822500      3.39e-05      2.45e-06    2.8e-08
1822600      3.22e-05      2.32e-06    2.8e-08
1822700      2.25e-05      1.62e-06    2.8e-08
1822800      9.39e-06      6.78e-07    2.8e-08
1822900      1.33e-05      9.58e-07    2.8e-08
1823000      4.41e-06      3.18e-07    2.8e-08
1823100      5.38e-05      3.88e-06    2.8e-08
1823200      8.86e-05      6.39e-06    2.8e-08
1823300      4.55e-05      3.28e-06    2.8e-08
1823400      2.13e-05      1.54e-06    2.8e-08
1823500      6.44e-05      4.65e-06    2.8e-08
1823600      1.47e-04      1.06e-05    2.8e-08
1823700      1.40e-05      1.01e-06    2.8e-08
1823800      1.10e-05      7.94e-07    2.8e-08
1823900      3.32e-05      2.40e-06    2.8e-08
1824000      9.03e-06      6.52e-07    2.8e-08
1824100      2.31e-05      1.66e-06    2.8e-08
1824200      2.69e-05      1.94e-06    2.8e-08
1824300      1.19e-05      8.60e-07    2.8e-08
1824400      1.23e-05      8.86e-07    2.8e-08
1824500      1.10e-05      7.93e-07    2.8e-08
1824600      1.91e-05      1.38e-06    2.8e-08
1824700      2.22e-05      1.60e-06    2.8e-08
1824800      1.11e-05      7.98e-07    2.8e-08
1824900      1.11e-05      8.03e-07    2.8e-08
1825000      9.45e-06      6.82e-07    2.7e-08
1825100      1.46e-05      1.05e-06    2.7e-08
1825200      2.33e-05      1.69e-06    2.7e-08
1825300      2.00e-05      1.44e-06    2.7e-08
1825400      3.99e-06      2.88e-07    2.7e-08
1825500      5.56e-05      4.01e-06    2.7e-08
1825600      5.15e-05      3.72e-06    2.7e-08
1825700      7.45e-06      5.38e-07    2.7e-08
1825800      2.81e-05      2.03e-06    2.7e-08
1825900      1.47e-04      1.06e-05    2.7e-08
1826000      1.97e-04      1.43e-05    2.7e-08
1826100      2.48e-05      1.79e-06    2.7e-08
1826200      9.78e-06      7.05e-07    2.7e-08
1826300      3.06e-05      2.21e-06    2.7e-08
1826400      1.87e-05      1.35e-06    2.7e-08
1826500      6.25e-05      4.51e-06    2.7e-08
1826600      2.06e-05      1.49e-06    2.7e-08
1826700      1.48e-05      1.07e-06    2.7e-08
1826800      1.47e-05      1.06e-06    2.7e-08
1826900      1.52e-05      1.10e-06    2.7e-08
1827000      2.46e-05      1.78e-06    2.7e-08
1827100      1.52e-05      1.10e-06    2.7e-08
1827200      1.05e-05      7.56e-07    2.7e-08
1827300      1.03e-05      7.46e-07    2.7e-08
1827400      1.29e-05      9.30e-07    2.7e-08
1827500      1.53e-05      1.11e-06    2.7e-08
1827600      3.12e-06      2.25e-07    2.7e-08
1827700      1.80e-05      1.30e-06    2.7e-08
1827800      1.51e-05      1.09e-06    2.7e-08
1827900      2.52e-05      1.82e-06    2.7e-08
1828000      1.57e-05      1.14e-06    2.7e-08
1828100      1.41e-05      1.02e-06    2.7e-08
1828200      3.45e-05      2.49e-06    2.7e-08
1828300      1.05e-05      7.55e-07    2.7e-08
1828400      1.76e-05      1.27e-06    2.7e-08
1828500      1.78e-05      1.29e-06    2.7e-08
1828600      1.59e-05      1.15e-06    2.7e-08
1828700      2.31e-05      1.67e-06    2.7e-08
1828800      2.56e-05      1.85e-06    2.7e-08
1828900      4.52e-05      3.26e-06    2.7e-08
1829000      1.27e-05      9.19e-07    2.7e-08
1829100      2.86e-05      2.06e-06    2.7e-08
1829200      7.33e-05      5.29e-06    2.7e-08
1829300      3.36e-05      2.43e-06    2.7e-08
1829400      1.00e-05      7.23e-07    2.7e-08
1829500      1.58e-05      1.14e-06    2.7e-08
1829600      2.46e-05      1.78e-06    2.7e-08
1829700      1.29e-05      9.32e-07    2.7e-08
1829800      2.79e-06      2.01e-07    2.7e-08
1829900      9.37e-05      6.76e-06    2.7e-08
1830000      1.67e-04      1.20e-05    2.7e-08
1830100      3.16e-06      2.28e-07    2.7e-08
1830200      9.85e-05      7.11e-06    2.7e-08
1830300      3.11e-05      2.25e-06    2.7e-08
1830400      1.39e-05      1.01e-06    2.7e-08
1830500      9.44e-06      6.81e-07    2.7e-08
1830600      1.43e-05      1.03e-06    2.7e-08
1830700      2.34e-05      1.69e-06    2.7e-08
1830800      2.38e-05      1.72e-06    2.7e-08
1830900      5.21e-05      3.76e-06    2.7e-08
1831000      2.62e-05      1.89e-06    2.7e-08
1831100      1.42e-05      1.03e-06    2.7e-08
1831200      1.19e-05      8.58e-07    2.7e-08
1831300      1.10e-05      7.94e-07    2.7e-08
1831400      3.67e-06      2.65e-07    2.7e-08
1831500      2.75e-05      1.99e-06    2.7e-08
1831600      1.34e-05      9.68e-07    2.7e-08
1831700      7.33e-06      5.29e-07    2.7e-08
1831800      1.31e-05      9.42e-07    2.7e-08
1831900      2.04e-04      1.47e-05    2.7e-08
1832000      1.56e-05      1.13e-06    2.7e-08
1832100      3.86e-05      2.78e-06    2.7e-08
1832200      2.14e-05      1.55e-06    2.7e-08
1832300      1.42e-05      1.03e-06    2.7e-08
1832400      5.06e-05      3.65e-06    2.7e-08
1832500      3.70e-05      2.67e-06    2.7e-08
1832600      1.29e-05      9.32e-07    2.7e-08
1832700      1.94e-05      1.40e-06    2.7e-08
1832800      5.96e-05      4.30e-06    2.7e-08
1832900      6.79e-05      4.90e-06    2.7e-08
1833000      3.07e-05      2.22e-06    2.7e-08
1833100      1.98e-04      1.43e-05    2.7e-08
1833200      1.25e-05      9.05e-07    2.7e-08
1833300      2.47e-05      1.78e-06    2.7e-08
1833400      2.24e-05      1.62e-06    2.7e-08
1833500      3.23e-05      2.33e-06    2.7e-08
1833600      3.19e-05      2.30e-06    2.7e-08
1833700      5.19e-05      3.74e-06    2.7e-08
1833800      1.05e-05      7.57e-07    2.7e-08
1833900      1.50e-05      1.09e-06    2.7e-08
1834000      8.36e-06      6.04e-07    2.7e-08
1834100      1.47e-05      1.06e-06    2.7e-08
1834200      2.04e-04      1.47e-05    2.7e-08
1834300      2.05e-05      1.48e-06    2.7e-08
1834400      1.20e-05      8.64e-07    2.7e-08
1834500      1.48e-05      1.07e-06    2.7e-08
1834600      7.46e-06      5.39e-07    2.7e-08
1834700      3.00e-05      2.17e-06    2.7e-08
1834800      1.84e-05      1.33e-06    2.7e-08
1834900      5.78e-05      4.17e-06    2.7e-08
1835000      1.97e-04      1.43e-05    2.6e-08
1835100      1.29e-05      9.33e-07    2.6e-08
1835200      1.57e-05      1.13e-06    2.6e-08
1835300      8.01e-06      5.78e-07    2.6e-08
1835400      1.47e-05      1.06e-06    2.6e-08
1835500      1.67e-05      1.20e-06    2.6e-08
1835600      1.09e-05      7.89e-07    2.6e-08
1835700      1.86e-05      1.34e-06    2.6e-08
1835800      9.07e-06      6.55e-07    2.6e-08
1835900      1.68e-05      1.21e-06    2.6e-08
1836000      2.35e-05      1.70e-06    2.6e-08
1836100      2.23e-05      1.61e-06    2.6e-08
1836200      1.20e-04      8.64e-06    2.6e-08
1836300      3.39e-05      2.44e-06    2.6e-08
1836400      6.49e-06      4.68e-07    2.6e-08
1836500      1.22e-05      8.77e-07    2.6e-08
1836600      1.12e-05      8.11e-07    2.6e-08
1836700      1.19e-05      8.62e-07    2.6e-08
1836800      4.59e-06      3.31e-07    2.6e-08
1836900      1.66e-05      1.20e-06    2.6e-08
1837000      4.34e-06      3.14e-07    2.6e-08
1837100      3.01e-05      2.17e-06    2.6e-08
1837200      1.85e-05      1.33e-06    2.6e-08
1837300      1.27e-05      9.20e-07    2.6e-08
1837400      3.62e-05      2.61e-06    2.6e-08
1837500      2.55e-05      1.84e-06    2.6e-08
1837600      2.07e-05      1.50e-06    2.6e-08
1837700      6.69e-06      4.83e-07    2.6e-08
1837800      1.51e-05      1.09e-06    2.6e-08
1837900      6.93e-06      5.00e-07    2.6e-08
1838000      1.37e-05      9.87e-07    2.6e-08
1838100      2.62e-05      1.89e-06    2.6e-08
1838200      1.38e-05      9.97e-07    2.6e-08
1838300      2.86e-05      2.06e-06    2.6e-08
1838400      2.56e-05      1.85e-06    2.6e-08
1838500      2.01e-05      1.45e-06    2.6e-08
1838600      5.45e-05      3.93e-06    2.6e-08
1838700      1.72e-05      1.24e-06    2.6e-08
1838800      9.94e-06      7.17e-07    2.6e-08
1838900      7.45e-06      5.37e-07    2.6e-08
1839000      2.53e-06      1.82e-07    2.6e-08
1839100      9.23e-06      6.66e-07    2.6e-08
1839200      3.14e-05      2.26e-06    2.6e-08
1839300      1.92e-05      1.38e-06    2.6e-08
1839400      2.51e-05      1.81e-06    2.6e-08
1839500      2.13e-05      1.54e-06    2.6e-08
1839600      5.07e-05      3.66e-06    2.6e-08
1839700      2.19e-05      1.58e-06    2.6e-08
1839800      1.53e-05      1.10e-06    2.6e-08
1839900      3.12e-04      2.25e-05    2.6e-08
1840000      7.77e-06      5.61e-07    2.5e-08
1840100      1.20e-05      8.69e-07    2.5e-08
1840200      1.27e-05      9.14e-07    2.5e-08
1840300      2.98e-05      2.15e-06    2.5e-08
1840400      1.42e-04      1.02e-05    2.5e-08
1840500      3.27e-05      2.36e-06    2.5e-08
1840600      7.96e-06      5.75e-07    2.5e-08
1840700      1.35e-04      9.76e-06    2.5e-08
1840800      1.00e-05      7.21e-07    2.5e-08
1840900      1.39e-05      1.00e-06    2.5e-08
1841000      2.35e-05      1.70e-06    2.5e-08
1841100      3.23e-05      2.33e-06    2.5e-08
1841200      8.02e-06      5.79e-07    2.5e-08
1841300      1.91e-05      1.38e-06    2.5e-08
1841400      4.26e-05      3.08e-06    2.5e-08
1841500      3.99e-05      2.88e-06    2.5e-08
1841600      1.97e-05      1.42e-06    2.5e-08
1841700      1.39e-05      1.00e-06    2.5e-08
1841800      1.43e-04      1.03e-05    2.5e-08
1841900      1.64e-05      1.19e-06    2.5e-08
1842000      1.40e-05      1.01e-06    2.5e-08
1842100      4.17e-05      3.01e-06    2.5e-08
1842200      1.19e-05      8.60e-07    2.5e-08
1842300      1.23e-05      8.84e-07    2.5e-08
1842400      1.15e-05      8.27e-07    2.5e-08
1842500      2.88e-05      2.08e-06    2.5e-08
1842600      2.53e-05      1.82e-06    2.5e-08
1842700      2.38e-05      1.72e-06    2.5e-08
1842800      1.16e-05      8.39e-07    2.5e-08
1842900      1.87e-05      1.35e-06    2.5e-08
1843000      9.59e-06      6.92e-07    2.5e-08
1843100      1.23e-05      8.89e-07    2.5e-08
1843200      1.28e-05      9.26e-07    2.5e-08
1843300      9.42e-05      6.80e-06    2.5e-08
1843400      4.23e-05      3.05e-06    2.5e-08
1843500      2.60e-05      1.88e-06    2.5e-08
1843600      1.88e-05      1.35e-06    2.5e-08
1843700      4.43e-05      3.20e-06    2.5e-08
1843800      1.92e-05      1.38e-06    2.5e-08
1843900      3.15e-05      2.27e-06    2.5e-08
1844000      9.48e-06      6.84e-07    2.5e-08
1844100      4.91e-05      3.54e-06    2.5e-08
1844200      6.51e-06      4.70e-07    2.5e-08
1844300      9.82e-06      7.09e-07    2.5e-08
1844400      1.32e-04      9.49e-06    2.5e-08
1844500      1.65e-05      1.19e-06    2.5e-08
1844600      2.51e-05      1.81e-06    2.5e-08
1844700      1.21e-05      8.76e-07    2.5e-08
1844800      1.74e-05      1.26e-06    2.5e-08
1844900      1.47e-05      1.06e-06    2.5e-08
1845000      4.47e-05      3.22e-06    2.4e-08
1845100      1.24e-05      8.98e-07    2.4e-08
1845200      6.16e-06      4.45e-07    2.4e-08
1845300      2.24e-05      1.62e-06    2.4e-08
1845400      8.03e-06      5.80e-07    2.4e-08
1845500      1.85e-05      1.33e-06    2.4e-08
1845600      3.22e-05      2.32e-06    2.4e-08
1845700      2.82e-05      2.03e-06    2.4e-08
1845800      1.41e-05      1.01e-06    2.4e-08
1845900      2.60e-05      1.88e-06    2.4e-08
1846000      1.65e-05      1.19e-06    2.4e-08
1846100      1.57e-05      1.13e-06    2.4e-08
1846200      7.77e-06      5.61e-07    2.4e-08
1846300      1.46e-05      1.05e-06    2.4e-08
1846400      1.94e-05      1.40e-06    2.4e-08
1846500      3.94e-06      2.85e-07    2.4e-08
1846600      8.18e-06      5.90e-07    2.4e-08
1846700      2.30e-04      1.66e-05    2.4e-08
1846800      2.56e-05      1.85e-06    2.4e-08
1846900      6.80e-06      4.91e-07    2.4e-08
1847000      1.46e-05      1.05e-06    2.4e-08
1847100      3.16e-05      2.28e-06    2.4e-08
1847200      3.16e-05      2.28e-06    2.4e-08
1847300      4.91e-05      3.54e-06    2.4e-08
1847400      4.68e-05      3.38e-06    2.4e-08
1847500      5.57e-05      4.02e-06    2.4e-08
1847600      9.37e-05      6.76e-06    2.4e-08
1847700      2.31e-05      1.66e-06    2.4e-08
1847800      1.33e-05      9.59e-07    2.4e-08
1847900      1.29e-04      9.29e-06    2.4e-08
1848000      7.77e-05      5.60e-06    2.4e-08
1848100      4.01e-05      2.89e-06    2.4e-08
1848200      3.19e-05      2.30e-06    2.4e-08
1848300      2.75e-06      1.98e-07    2.4e-08
1848400      5.63e-06      4.06e-07    2.4e-08
1848500      2.70e-05      1.95e-06    2.4e-08
1848600      1.73e-05      1.25e-06    2.4e-08
1848700      2.53e-05      1.83e-06    2.4e-08
1848800      7.34e-06      5.30e-07    2.4e-08
1848900      4.14e-05      2.99e-06    2.4e-08
1849000      1.16e-05      8.38e-07    2.4e-08
1849100      4.77e-06      3.44e-07    2.4e-08
1849200      1.58e-05      1.14e-06    2.4e-08
1849300      1.09e-05      7.85e-07    2.4e-08
1849400      2.34e-05      1.69e-06    2.4e-08
1849500      1.69e-05      1.22e-06    2.4e-08
1849600      1.33e-05      9.58e-07    2.4e-08
1849700      2.60e-05      1.88e-06    2.4e-08
1849800      6.74e-06      4.86e-07    2.4e-08
1849900      1.24e-05      8.95e-07    2.4e-08
1850000      1.88e-05      1.36e-06    2.4e-08
1850100      3.08e-05      2.23e-06    2.4e-08
1850200      1.42e-05      1.03e-06    2.4e-08
1850300      3.24e-05      2.34e-06    2.4e-08
1850400      9.36e-06      6.76e-07    2.4e-08
1850500      3.23e-05      2.33e-06    2.4e-08
1850600      1.00e-04      7.25e-06    2.4e-08
1850700      3.87e-05      2.79e-06    2.4e-08
1850800      3.16e-05      2.28e-06    2.4e-08
1850900      2.56e-04      1.85e-05    2.4e-08
1851000      5.06e-05      3.65e-06    2.4e-08
1851100      4.52e-05      3.26e-06    2.4e-08
1851200      1.90e-05      1.37e-06    2.4e-08
1851300      2.29e-04      1.66e-05    2.4e-08
1851400      9.42e-06      6.80e-07    2.4e-08
1851500      2.01e-05      1.45e-06    2.4e-08
1851600      1.75e-05      1.26e-06    2.4e-08
1851700      1.02e-05      7.39e-07    2.4e-08
1851800      4.72e-05      3.41e-06    2.4e-08
1851900      2.66e-05      1.92e-06    2.4e-08
1852000      2.17e-05      1.56e-06    2.4e-08
1852100      4.22e-05      3.04e-06    2.4e-08
1852200      2.43e-05      1.76e-06    2.4e-08
1852300      5.87e-05      4.24e-06    2.4e-08
1852400      2.32e-05      1.67e-06    2.4e-08
1852500      1.17e-05      8.45e-07    2.4e-08
1852600      8.50e-06      6.13e-07    2.4e-08
1852700      1.20e-05      8.64e-07    2.4e-08
1852800      6.88e-05      4.97e-06    2.4e-08
1852900      4.79e-05      3.46e-06    2.4e-08
1853000      2.33e-05      1.68e-06    2.4e-08
1853100      7.72e-06      5.57e-07    2.4e-08
1853200      5.04e-06      3.64e-07    2.4e-08
1853300      5.80e-05      4.19e-06    2.4e-08
1853400      2.04e-05      1.47e-06    2.4e-08
1853500      1.97e-05      1.42e-06    2.4e-08
1853600      3.08e-05      2.22e-06    2.4e-08
1853700      7.06e-06      5.09e-07    2.4e-08
1853800      1.64e-04      1.19e-05    2.4e-08
1853900      3.22e-05      2.32e-06    2.4e-08
1854000      1.01e-05      7.27e-07    2.4e-08
1854100      6.93e-06      5.00e-07    2.4e-08
1854200      7.32e-06      5.28e-07    2.4e-08
1854300      8.79e-05      6.35e-06    2.4e-08
1854400      2.35e-05      1.69e-06    2.4e-08
1854500      8.60e-06      6.21e-07    2.4e-08
1854600      1.18e-05      8.52e-07    2.4e-08
1854700      2.01e-05      1.45e-06    2.4e-08
1854800      1.67e-05      1.21e-06    2.4e-08
1854900      6.79e-05      4.90e-06    2.4e-08
1855000      2.27e-05      1.64e-06    2.3e-08
1855100      7.15e-05      5.16e-06    2.3e-08
1855200      7.50e-06      5.42e-07    2.3e-08
1855300      2.42e-04      1.75e-05    2.3e-08
1855400      2.39e-05      1.73e-06    2.3e-08
1855500      2.24e-05      1.62e-06    2.3e-08
1855600      1.52e-05      1.09e-06    2.3e-08
1855700      2.04e-05      1.47e-06    2.3e-08
1855800      1.60e-05      1.16e-06    2.3e-08
1855900      5.39e-05      3.89e-06    2.3e-08
1856000      1.26e-05      9.10e-07    2.3e-08
1856100      1.48e-04      1.07e-05    2.3e-08
1856200      1.58e-05      1.14e-06    2.3e-08
1856300      1.61e-04      1.16e-05    2.3e-08
1856400      5.11e-05      3.69e-06    2.3e-08
1856500      1.69e-05      1.22e-06    2.3e-08
1856600      8.30e-06      5.99e-07    2.3e-08
1856700      1.67e-05      1.20e-06    2.3e-08
1856800      2.03e-06      1.47e-07    2.3e-08
1856900      3.40e-05      2.45e-06    2.3e-08
1857000      8.48e-06      6.12e-07    2.3e-08
1857100      2.14e-05      1.55e-06    2.3e-08
1857200      2.49e-05      1.80e-06    2.3e-08
1857300      1.97e-05      1.42e-06    2.3e-08
1857400      2.72e-05      1.97e-06    2.3e-08
1857500      2.21e-05      1.60e-06    2.3e-08
1857600      2.82e-05      2.04e-06    2.3e-08
1857700      2.21e-05      1.60e-06    2.3e-08
1857800      1.20e-04      8.68e-06    2.3e-08
1857900      3.92e-06      2.83e-07    2.3e-08
1858000      2.54e-05      1.83e-06    2.3e-08
1858100      1.37e-05      9.88e-07    2.3e-08
1858200      1.73e-05      1.25e-06    2.3e-08
1858300      3.40e-05      2.46e-06    2.3e-08
1858400      5.30e-05      3.83e-06    2.3e-08
1858500      2.05e-05      1.48e-06    2.3e-08
1858600      2.39e-05      1.73e-06    2.3e-08
1858700      4.31e-06      3.11e-07    2.3e-08
1858800      1.48e-04      1.07e-05    2.3e-08
1858900      2.50e-05      1.80e-06    2.3e-08
1859000      6.35e-05      4.59e-06    2.3e-08
1859100      6.79e-06      4.90e-07    2.3e-08
1859200      1.02e-05      7.35e-07    2.3e-08
1859300      1.50e-05      1.08e-06    2.3e-08
1859400      1.81e-05      1.30e-06    2.3e-08
1859500      9.41e-06      6.79e-07    2.3e-08
1859600      6.64e-05      4.79e-06    2.3e-08
1859700      9.90e-06      7.15e-07    2.3e-08
1859800      1.84e-05      1.33e-06    2.3e-08
1859900      1.09e-05      7.89e-07    2.3e-08
1860000      1.88e-05      1.36e-06    2.2e-08
1860100      1.35e-05      9.75e-07    2.2e-08
1860200      2.16e-05      1.56e-06    2.2e-08
1860300      3.26e-05      2.35e-06    2.2e-08
1860400      5.05e-05      3.64e-06    2.2e-08
1860500      7.44e-06      5.37e-07    2.2e-08
1860600      7.44e-05      5.37e-06    2.2e-08
1860700      3.84e-05      2.77e-06    2.2e-08
1860800      6.55e-06      4.73e-07    2.2e-08
1860900      2.71e-05      1.96e-06    2.2e-08
1861000      2.09e-05      1.51e-06    2.2e-08
1861100      1.86e-05      1.34e-06    2.2e-08
1861200      2.65e-05      1.91e-06    2.2e-08
1861300      9.37e-05      6.76e-06    2.2e-08
1861400      7.44e-06      5.37e-07    2.2e-08
1861500      4.89e-05      3.53e-06    2.2e-08
1861600      4.42e-05      3.19e-06    2.2e-08
1861700      5.64e-05      4.07e-06    2.2e-08
1861800      2.24e-05      1.61e-06    2.2e-08
1861900      1.69e-05      1.22e-06    2.2e-08
1862000      1.58e-05      1.14e-06    2.2e-08
1862100      4.04e-05      2.91e-06    2.2e-08
1862200      1.39e-05      1.00e-06    2.2e-08
1862300      1.20e-05      8.69e-07    2.2e-08
1862400      3.17e-05      2.29e-06    2.2e-08
1862500      4.40e-06      3.17e-07    2.2e-08
1862600      6.85e-05      4.94e-06    2.2e-08
1862700      4.29e-05      3.09e-06    2.2e-08
1862800      4.11e-05      2.96e-06    2.2e-08
1862900      1.29e-04      9.29e-06    2.2e-08
1863000      9.87e-05      7.12e-06    2.2e-08
1863100      1.39e-05      1.00e-06    2.2e-08
1863200      2.45e-05      1.77e-06    2.2e-08
1863300      1.20e-05      8.64e-07    2.2e-08
1863400      1.84e-05      1.33e-06    2.2e-08
1863500      1.22e-05      8.78e-07    2.2e-08
1863600      1.20e-05      8.65e-07    2.2e-08
1863700      1.44e-05      1.04e-06    2.2e-08
1863800      9.21e-06      6.65e-07    2.2e-08
1863900      4.63e-05      3.34e-06    2.2e-08
1864000      1.37e-05      9.88e-07    2.2e-08
1864100      1.81e-05      1.30e-06    2.2e-08
1864200      1.48e-05      1.07e-06    2.2e-08
1864300      2.67e-05      1.93e-06    2.2e-08
1864400      2.68e-05      1.94e-06    2.2e-08
1864500      5.26e-05      3.79e-06    2.2e-08
1864600      2.81e-05      2.03e-06    2.2e-08
1864700      2.26e-05      1.63e-06    2.2e-08
1864800      2.32e-06      1.67e-07    2.2e-08
1864900      5.56e-05      4.01e-06    2.2e-08
1865000      8.54e-06      6.17e-07    2.2e-08
1865100      1.59e-05      1.15e-06    2.2e-08
1865200      8.14e-06      5.88e-07    2.2e-08
1865300      1.07e-05      7.72e-07    2.2e-08
1865400      6.36e-06      4.59e-07    2.2e-08
1865500      7.77e-06      5.61e-07    2.2e-08
1865600      1.94e-05      1.40e-06    2.2e-08
1865700      1.62e-05      1.17e-06    2.2e-08
1865800      4.35e-05      3.14e-06    2.2e-08
1865900      7.76e-06      5.60e-07    2.2e-08
1866000      4.62e-05      3.33e-06    2.2e-08
1866100      1.37e-05      9.87e-07    2.2e-08
1866200      1.47e-04      1.06e-05    2.2e-08
1866300      2.48e-06      1.79e-07    2.2e-08
1866400      4.32e-06      3.11e-07    2.2e-08
1866500      5.88e-06      4.24e-07    2.2e-08
1866600      1.22e-05      8.83e-07    2.2e-08
1866700      2.98e-05      2.15e-06    2.2e-08
1866800      1.14e-04      8.23e-06    2.2e-08
1866900      1.51e-05      1.09e-06    2.2e-08
1867000      7.19e-06      5.19e-07    2.2e-08
1867100      5.30e-05      3.83e-06    2.2e-08
1867200      1.37e-05      9.86e-07    2.2e-08
1867300      1.63e-05      1.17e-06    2.2e-08
1867400      2.81e-05      2.03e-06    2.2e-08
1867500      2.88e-05      2.08e-06    2.2e-08
1867600      2.20e-05      1.59e-06    2.2e-08
1867700      7.52e-05      5.43e-06    2.2e-08
1867800      5.30e-05      3.83e-06    2.2e-08
1867900      4.14e-05      2.99e-06    2.2e-08
1868000      2.31e-05      1.66e-06    2.2e-08
1868100      5.42e-05      3.91e-06    2.2e-08
1868200      2.86e-05      2.06e-06    2.2e-08
1868300      1.05e-04      7.56e-06    2.2e-08
1868400      2.94e-05      2.13e-06    2.2e-08
1868500      1.46e-05      1.05e-06    2.2e-08
1868600      3.99e-05      2.88e-06    2.2e-08
1868700      8.28e-06      5.97e-07    2.2e-08
1868800      2.69e-05      1.94e-06    2.2e-08
1868900      8.80e-06      6.35e-07    2.2e-08
1869000      1.96e-05      1.41e-06    2.2e-08
1869100      1.57e-05      1.13e-06    2.2e-08
1869200      3.60e-05      2.60e-06    2.2e-08
1869300      1.40e-05      1.01e-06    2.2e-08
1869400      3.32e-05      2.40e-06    2.2e-08
1869500      8.26e-06      5.96e-07    2.2e-08
1869600      2.01e-05      1.45e-06    2.2e-08
1869700      8.47e-05      6.11e-06    2.2e-08
1869800      2.69e-05      1.94e-06    2.2e-08
1869900      1.33e-05      9.58e-07    2.2e-08
1870000      1.65e-05      1.19e-06    2.1e-08
1870100      2.33e-05      1.68e-06    2.1e-08
1870200      1.18e-05      8.50e-07    2.1e-08
1870300      1.97e-05      1.42e-06    2.1e-08
1870400      2.02e-05      1.46e-06    2.1e-08
1870500      9.89e-06      7.14e-07    2.1e-08
1870600      6.93e-06      5.00e-07    2.1e-08
1870700      9.41e-06      6.79e-07    2.1e-08
1870800      5.79e-05      4.18e-06    2.1e-08
1870900      2.56e-05      1.85e-06    2.1e-08
1871000      7.46e-06      5.38e-07    2.1e-08
1871100      5.39e-05      3.89e-06    2.1e-08
1871200      1.38e-04      9.99e-06    2.1e-08
1871300      5.54e-05      4.00e-06    2.1e-08
1871400      1.63e-05      1.18e-06    2.1e-08
1871500      8.93e-06      6.45e-07    2.1e-08
1871600      8.17e-06      5.90e-07    2.1e-08
1871700      2.30e-04      1.66e-05    2.1e-08
1871800      2.52e-05      1.82e-06    2.1e-08
1871900      2.14e-05      1.54e-06    2.1e-08
1872000      2.44e-05      1.76e-06    2.1e-08
1872100      1.52e-05      1.09e-06    2.1e-08
1872200      2.22e-05      1.61e-06    2.1e-08
1872300      5.16e-05      3.73e-06    2.1e-08
1872400      2.89e-05      2.08e-06    2.1e-08
1872500      3.05e-05      2.20e-06    2.1e-08
1872600      8.84e-06      6.38e-07    2.1e-08
1872700      7.68e-06      5.54e-07    2.1e-08
1872800      3.03e-05      2.19e-06    2.1e-08
1872900      4.14e-05      2.99e-06    2.1e-08
1873000      2.02e-05      1.46e-06    2.1e-08
1873100      2.62e-05      1.89e-06    2.1e-08
1873200      1.16e-05      8.37e-07    2.1e-08
1873300      2.21e-05      1.60e-06    2.1e-08
1873400      1.16e-05      8.39e-07    2.1e-08
1873500      6.16e-06      4.45e-07    2.1e-08
1873600      1.85e-05      1.34e-06    2.1e-08
1873700      1.09e-05      7.89e-07    2.1e-08
1873800      7.64e-06      5.51e-07    2.1e-08
1873900      3.11e-05      2.24e-06    2.1e-08
1874000      2.19e-05      1.58e-06    2.1e-08
1874100      1.44e-05      1.04e-06    2.1e-08
1874200      1.34e-05      9.70e-07    2.1e-08
1874300      1.37e-05      9.90e-07    2.1e-08
1874400      6.49e-05      4.68e-06    2.1e-08
1874500      9.43e-06      6.81e-07    2.1e-08
1874600      1.47e-04      1.06e-05    2.1e-08
1874700      2.14e-05      1.55e-06    2.1e-08
1874800      1.20e-04      8.68e-06    2.1e-08
1874900      1.23e-04      8.84e-06    2.1e-08
1875000      3.32e-05      2.40e-06    2.1e-08
1875100      2.48e-05      1.79e-06    2.1e-08
1875200      2.50e-05      1.80e-06    2.1e-08
1875300      1.49e-05      1.08e-06    2.1e-08
1875400      8.46e-06      6.11e-07    2.1e-08
1875500      2.24e-05      1.62e-06    2.1e-08
1875600      7.83e-06      5.65e-07    2.1e-08
1875700      5.41e-05      3.91e-06    2.1e-08
1875800      2.32e-05      1.67e-06    2.1e-08
1875900      4.33e-05      3.13e-06    2.1e-08
1876000      1.62e-05      1.17e-06    2.1e-08
1876100      1.65e-05      1.19e-06    2.1e-08
1876200      2.48e-05      1.79e-06    2.1e-08
1876300      7.57e-06      5.47e-07    2.1e-08
1876400      2.60e-05      1.88e-06    2.1e-08
1876500      1.09e-05      7.85e-07    2.1e-08
1876600      5.06e-05      3.65e-06    2.1e-08
1876700      2.48e-05      1.79e-06    2.1e-08
1876800      2.30e-04      1.66e-05    2.1e-08
1876900      1.41e-05      1.02e-06    2.1e-08
1877000      2.54e-05      1.83e-06    2.1e-08
1877100      1.65e-05      1.19e-06    2.1e-08
1877200      1.57e-05      1.13e-06    2.1e-08
1877300      1.46e-05      1.05e-06    2.1e-08
1877400      4.18e-06      3.02e-07    2.1e-08
1877500      1.55e-05      1.12e-06    2.1e-08
1877600      1.01e-05      7.26e-07    2.1e-08
1877700      9.56e-06      6.90e-07    2.1e-08
1877800      2.40e-05      1.74e-06    2.1e-08
1877900      2.45e-05      1.77e-06    2.1e-08
1878000      1.51e-05      1.09e-06    2.1e-08
1878100      7.02e-05      5.07e-06    2.1e-08
1878200      5.26e-05      3.79e-06    2.1e-08
1878300      5.92e-05      4.27e-06    2.1e-08
1878400      2.33e-05      1.68e-06    2.1e-08
1878500      2.05e-05      1.48e-06    2.1e-08
1878600      2.83e-04      2.04e-05    2.1e-08
1878700      2.93e-05      2.12e-06    2.1e-08
1878800      1.78e-05      1.29e-06    2.1e-08
1878900      2.90e-05      2.09e-06    2.1e-08
1879000      2.19e-05      1.58e-06    2.1e-08
1879100      2.52e-05      1.82e-06    2.1e-08
1879200      4.11e-05      2.96e-06    2.1e-08
1879300      5.41e-06      3.91e-07    2.1e-08
1879400      8.53e-06      6.15e-07    2.1e-08
1879500      1.64e-04      1.19e-05    2.1e-08
1879600      6.50e-06      4.69e-07    2.1e-08
1879700      9.67e-06      6.98e-07    2.1e-08
1879800      2.92e-05      2.11e-06    2.1e-08
1879900      4.42e-05      3.19e-06    2.1e-08
1880000      2.94e-05      2.12e-06    2.0e-08
1880100      7.09e-06      5.12e-07    2.0e-08
1880200      1.39e-05      1.00e-06    2.0e-08
1880300      2.43e-05      1.76e-06    2.0e-08
1880400      4.77e-05      3.44e-06    2.0e-08
1880500      1.70e-05      1.22e-06    2.0e-08
1880600      8.91e-06      6.43e-07    2.0e-08
1880700      4.31e-06      3.11e-07    2.0e-08
1880800      1.42e-05      1.02e-06    2.0e-08
1880900      3.64e-05      2.63e-06    2.0e-08
1881000      1.87e-05      1.35e-06    2.0e-08
1881100      7.15e-05      5.16e-06    2.0e-08
1881200      1.26e-05      9.07e-07    2.0e-08
1881300      1.66e-05      1.20e-06    2.0e-08
1881400      5.12e-05      3.70e-06    2.0e-08
1881500      3.00e-05      2.17e-06    2.0e-08
1881600      6.14e-06      4.43e-07    2.0e-08
1881700      3.13e-05      2.26e-06    2.0e-08
1881800      1.65e-05      1.19e-06    2.0e-08
1881900      2.07e-05      1.50e-06    2.0e-08
1882000      1.39e-05      1.01e-06    2.0e-08
1882100      3.75e-05      2.71e-06    2.0e-08
1882200      1.92e-05      1.38e-06    2.0e-08
1882300      2.04e-04      1.47e-05    2.0e-08
1882400      5.39e-05      3.89e-06    2.0e-08
1882500      3.97e-05      2.86e-06    2.0e-08
1882600      2.89e-05      2.08e-06    2.0e-08
1882700      3.17e-06      2.29e-07    2.0e-08
1882800      3.15e-05      2.27e-06    2.0e-08
1882900      1.42e-05      1.02e-06    2.0e-08
1883000      3.84e-05      2.77e-06    2.0e-08
1883100      6.42e-06      4.63e-07    2.0e-08
1883200      6.22e-05      4.49e-06    2.0e-08
1883300      9.67e-06      6.98e-07    2.0e-08
1883400      1.81e-05      1.30e-06    2.0e-08
1883500      9.36e-05      6.75e-06    2.0e-08
1883600      3.99e-05      2.88e-06    2.0e-08
1883700      7.52e-06      5.42e-07    2.0e-08
1883800      6.43e-06      4.64e-07    2.0e-08
1883900      9.25e-06      6.67e-07    2.0e-08
1884000      1.33e-05      9.58e-07    2.0e-08
1884100      1.17e-05      8.46e-07    2.0e-08
1884200      1.39e-05      1.00e-06    2.0e-08
1884300      4.79e-05      3.46e-06    2.0e-08
1884400      1.11e-04      8.02e-06    2.0e-08
1884500      1.63e-05      1.18e-06    2.0e-08
1884600      1.18e-05      8.50e-07    2.0e-08
1884700      1.15e-05      8.27e-07    2.0e-08
1884800      1.24e-05      8.98e-07    2.0e-08
1884900      1.18e-05      8.49e-07    2.0e-08
1885000      2.22e-05      1.60e-06    1.9e-08
1885100      1.11e-05      8.02e-07    1.9e-08
1885200      1.20e-05      8.63e-07    1.9e-08
1885300      2.01e-05      1.45e-06    1.9e-08
1885400      9.78e-06      7.06e-07    1.9e-08
1885500      1.90e-05      1.37e-06    1.9e-08
1885600      1.62e-04      1.17e-05    1.9e-08
1885700      1.37e-05      9.89e-07    1.9e-08
1885800      1.72e-05      1.24e-06    1.9e-08
1885900      1.63e-05      1.18e-06    1.9e-08
1886000      4.13e-05      2.98e-06    1.9e-08
1886100      1.94e-05      1.40e-06    1.9e-08
1886200      2.35e-05      1.70e-06    1.9e-08
1886300      4.44e-05      3.21e-06    1.9e-08
1886400      1.58e-05      1.14e-06    1.9e-08
1886500      9.46e-06      6.83e-07    1.9e-08
1886600      3.08e-05      2.22e-06    1.9e-08
1886700      4.17e-06      3.01e-07    1.9e-08
1886800      1.57e-05      1.14e-06    1.9e-08
1886900      5.95e-06      4.29e-07    1.9e-08
1887000      2.20e-05      1.59e-06    1.9e-08
1887100      9.75e-06      7.04e-07    1.9e-08
1887200      2.01e-05      1.45e-06    1.9e-08
1887300      2.74e-05      1.97e-06    1.9e-08
1887400      5.60e-06      4.04e-07    1.9e-08
1887500      5.57e-05      4.02e-06    1.9e-08
1887600      9.59e-06      6.92e-07    1.9e-08
1887700      2.01e-04      1.45e-05    1.9e-08
1887800      3.92e-05      2.83e-06    1.9e-08
1887900      7.52e-05      5.43e-06    1.9e-08
1888000      1.23e-05      8.89e-07    1.9e-08
1888100      3.21e-05      2.32e-06    1.9e-08
1888200      4.22e-06      3.05e-07    1.9e-08
1888300      6.77e-06      4.89e-07    1.9e-08
1888400      2.11e-05      1.52e-06    1.9e-08
1888500      9.32e-06      6.73e-07    1.9e-08
1888600      9.56e-06      6.90e-07    1.9e-08
1888700      6.86e-05      4.95e-06    1.9e-08
1888800      5.83e-05      4.21e-06    1.9e-08
1888900      2.18e-05      1.57e-06    1.9e-08
1889000      2.79e-05      2.01e-06    1.9e-08
1889100      2.27e-04      1.64e-05    1.9e-08
1889200      2.82e-05      2.04e-06    1.9e-08
1889300      2.90e-05      2.09e-06    1.9e-08
1889400      2.12e-05      1.53e-06    1.9e-08
1889500      4.05e-05      2.92e-06    1.9e-08
1889600      1.17e-05      8.43e-07    1.9e-08
1889700      1.15e-05      8.30e-07    1.9e-08
1889800      1.71e-05      1.23e-06    1.9e-08
1889900      1.09e-05      7.88e-07    1.9e-08
1890000      1.06e-05      7.66e-07    1.9e-08
1890100      2.02e-05      1.46e-06    1.9e-08
1890200      2.66e-05      1.92e-06    1.9e-08
1890300      1.43e-05      1.03e-06    1.9e-08
1890400      1.50e-05      1.08e-06    1.9e-08
1890500      2.20e-05      1.59e-06    1.9e-08
1890600      1.45e-05      1.05e-06    1.9e-08
1890700      3.23e-05      2.33e-06    1.9e-08
1890800      1.87e-05      1.35e-06    1.9e-08
1890900      3.15e-06      2.27e-07    1.9e-08
1891000      1.11e-05      7.98e-07    1.9e-08
1891100      9.36e-06      6.75e-07    1.9e-08
1891200      5.42e-06      3.91e-07    1.9e-08
1891300      3.05e-05      2.20e-06    1.9e-08
1891400      8.43e-06      6.08e-07    1.9e-08
1891500      2.31e-05      1.66e-06    1.9e-08
1891600      1.11e-04      8.02e-06    1.9e-08
1891700      1.64e-05      1.18e-06    1.9e-08
1891800      9.40e-06      6.78e-07    1.9e-08
1891900      2.53e-05      1.83e-06    1.9e-08
1892000      9.56e-06      6.90e-07    1.9e-08
1892100      2.04e-04      1.47e-05    1.9e-08
1892200      1.90e-05      1.37e-06    1.9e-08
1892300      1.56e-05      1.13e-06    1.9e-08
1892400      1.28e-05      9.23e-07    1.9e-08
1892500      5.07e-05      3.66e-06    1.9e-08
1892600      2.34e-05      1.69e-06    1.9e-08
1892700      2.10e-05      1.52e-06    1.9e-08
1892800      2.47e-05      1.78e-06    1.9e-08
1892900      7.76e-06      5.60e-07    1.9e-08
1893000      1.43e-05      1.03e-06    1.9e-08
1893100      1.62e-05      1.17e-06    1.9e-08
1893200      7.34e-06      5.30e-07    1.9e-08
1893300      1.46e-05      1.06e-06    1.9e-08
1893400      2.57e-05      1.85e-06    1.9e-08
1893500      1.27e-05      9.18e-07    1.9e-08
1893600      2.53e-05      1.82e-06    1.9e-08
1893700      5.45e-05      3.93e-06    1.9e-08
1893800      1.65e-05      1.19e-06    1.9e-08
1893900      2.56e-04      1.85e-05    1.9e-08
1894000      2.53e-05      1.83e-06    1.9e-08
1894100      3.80e-05      2.74e-06    1.9e-08
1894200      2.31e-05      1.67e-06    1.9e-08
1894300      2.86e-05      2.06e-06    1.9e-08
1894400      2.27e-05      1.64e-06    1.9e-08
1894500      2.34e-06      1.69e-07    1.9e-08
1894600      6.36e-06      4.59e-07    1.9e-08
1894700      4.30e-05      3.10e-06    1.9e-08
1894800      4.03e-06      2.91e-07    1.9e-08
1894900      2.08e-04      1.50e-05    1.9e-08
1895000      2.90e-05      2.09e-06    1.8e-08
1895100      3.95e-05      2.85e-06    1.8e-08
1895200      1.05e-05      7.59e-07    1.8e-08
1895300      2.11e-05      1.52e-06    1.8e-08
1895400      1.30e-05      9.36e-07    1.8e-08
1895500      1.65e-05      1.19e-06    1.8e-08
1895600      1.00e-05      7.23e-07    1.8e-08
1895700      1.22e-05      8.77e-07    1.8e-08
1895800      2.80e-05      2.02e-06    1.8e-08
1895900      8.44e-06      6.09e-07    1.8e-08
1896000      8.22e-06      5.93e-07    1.8e-08
1896100      1.18e-05      8.52e-07    1.8e-08
1896200      1.20e-04      8.64e-06    1.8e-08
1896300      1.17e-05      8.48e-07    1.8e-08
1896400      2.11e-05      1.53e-06    1.8e-08
1896500      8.17e-06      5.90e-07    1.8e-08
1896600      5.00e-06      3.61e-07    1.8e-08
1896700      2.25e-05      1.62e-06    1.8e-08
1896800      1.58e-05      1.14e-06    1.8e-08
1896900      4.16e-05      3.00e-06    1.8e-08
1897000      1.19e-05      8.57e-07    1.8e-08
1897100      1.22e-05      8.80e-07    1.8e-08
1897200      2.14e-05      1.54e-06    1.8e-08
1897300      1.82e-05      1.31e-06    1.8e-08
1897400      1.72e-05      1.24e-06    1.8e-08
1897500      4.46e-05      3.22e-06    1.8e-08
1897600      6.18e-06      4.46e-07    1.8e-08
1897700      1.29e-05      9.31e-07    1.8e-08
1897800      1.56e-05      1.12e-06    1.8e-08
1897900      1.52e-05      1.10e-06    1.8e-08
1898000      2.54e-05      1.83e-06    1.8e-08
1898100      3.21e-05      2.32e-06    1.8e-08
1898200      2.39e-05      1.72e-06    1.8e-08
1898300      2.20e-05      1.59e-06    1.8e-08
1898400      1.02e-05      7.35e-07    1.8e-08
1898500      2.32e-05      1.68e-06    1.8e-08
1898600      3.73e-06      2.69e-07    1.8e-08
1898700      2.46e-05      1.78e-06    1.8e-08
1898800      2.17e-05      1.56e-06    1.8e-08
1898900      2.13e-05      1.54e-06    1.8e-08
1899000      1.13e-04      8.15e-06    1.8e-08
1899100      1.47e-05      1.06e-06    1.8e-08
1899200      9.83e-06      7.09e-07    1.8e-08
1899300      2.92e-05      2.11e-06    1.8e-08
1899400      1.55e-05      1.12e-06    1.8e-08
1899500      1.35e-04      9.76e-06    1.8e-08
1899600      8.75e-06      6.31e-07    1.8e-08
1899700      8.26e-06      5.96e-07    1.8e-08
1899800      2.53e-05      1.82e-06    1.8e-08
1899900      1.17e-05      8.45e-07    1.8e-08
1900000      2.86e-05      2.06e-06    1.8e-08
1900100      3.38e-05      2.44e-06    1.8e-08
1900200      2.27e-05      1.64e-06    1.8e-08
1900300      4.40e-06      3.17e-07    1.8e-08
1900400      3.27e-05      2.36e-06    1.8e-08
1900500      6.79e-06      4.90e-07    1.8e-08
1900600      4.47e-05      3.23e-06    1.8e-08
1900700      1.22e-05      8.83e-07    1.8e-08
1900800      2.20e-05      1.59e-06    1.8e-08
1900900      1.14e-04      8.23e-06    1.8e-08
1901000      1.19e-04      8.59e-06    1.8e-08
1901100      3.11e-05      2.25e-06    1.8e-08
1901200      1.85e-05      1.34e-06    1.8e-08
1901300      7.18e-06      5.18e-07    1.8e-08
1901400      5.68e-05      4.10e-06    1.8e-08
1901500      1.05e-05      7.56e-07    1.8e-08
1901600      2.34e-05      1.69e-06    1.8e-08
1901700      6.10e-06      4.40e-07    1.8e-08
1901800      3.25e-05      2.35e-06    1.8e-08
1901900      3.25e-05      2.35e-06    1.8e-08
1902000      5.83e-05      4.21e-06    1.8e-08
1902100      6.80e-05      4.90e-06    1.8e-08
1902200      1.49e-05      1.08e-06    1.8e-08
1902300      2.86e-05      2.06e-06    1.8e-08
1902400      1.74e-05      1.25e-06    1.8e-08
1902500      8.86e-05      6.39e-06    1.8e-08
1902600      1.47e-05      1.06e-06    1.8e-08
1902700      3.23e-05      2.33e-06    1.8e-08
1902800      1.58e-05      1.14e-06    1.8e-08
1902900      2.75e-05      1.98e-06    1.8e-08
1903000      2.46e-05      1.78e-06    1.8e-08
1903100      7.35e-06      5.30e-07    1.8e-08
1903200      3.29e-05      2.37e-06    1.8e-08
1903300      3.45e-05      2.49e-06    1.8e-08
1903400      1.61e-05      1.16e-06    1.8e-08
1903500      1.87e-05      1.35e-06    1.8e-08
1903600      1.06e-05      7.61e-07    1.8e-08
1903700      6.27e-05      4.53e-06    1.8e-08
1903800      1.90e-05      1.37e-06    1.8e-08
1903900      1.89e-05      1.37e-06    1.8e-08
1904000      2.86e-05      2.06e-06    1.8e-08
1904100      2.09e-05      1.51e-06    1.8e-08
1904200      1.32e-04      9.50e-06    1.8e-08
1904300      1.42e-05      1.03e-06    1.8e-08
1904400      7.30e-06      5.27e-07    1.8e-08
1904500      1.07e-05      7.74e-07    1.8e-08
1904600      7.09e-06      5.12e-07    1.8e-08
1904700      1.81e-05      1.30e-06    1.8e-08
1904800      1.61e-05      1.16e-06    1.8e-08
1904900      1.10e-04      7.96e-06    1.8e-08
1905000      2.04e-04      1.47e-05    1.7e-08
1905100      1.26e-05      9.09e-07    1.7e-08
1905200      9.43e-06      6.80e-07    1.7e-08
1905300      1.46e-05      1.05e-06    1.7e-08
1905400      1.87e-05      1.35e-06    1.7e-08
1905500      1.20e-05      8.69e-07    1.7e-08
1905600      1.88e-05      1.36e-06    1.7e-08
1905700      8.78e-06      6.34e-07    1.7e-08
1905800      2.15e-05      1.55e-06    1.7e-08
1905900      1.80e-05      1.30e-06    1.7e-08
1906000      1.84e-05      1.33e-06    1.7e-08
1906100      2.83e-05      2.04e-06    1.7e-08
1906200      3.17e-05      2.28e-06    1.7e-08
1906300      2.35e-05      1.70e-06    1.7e-08
1906400      1.75e-05      1.26e-06    1.7e-08
1906500      1.39e-05      1.01e-06    1.7e-08
1906600      3.92e-06      2.83e-07    1.7e-08
1906700      5.78e-06      4.17e-07    1.7e-08
1906800      6.14e-06      4.43e-07    1.7e-08
1906900      9.46e-06      6.82e-07    1.7e-08
1907000      1.20e-04      8.68e-06    1.7e-08
1907100      4.40e-06      3.18e-07    1.7e-08
1907200      1.64e-04      1.18e-05    1.7e-08
1907300      5.29e-06      3.82e-07    1.7e-08
1907400      1.54e-04      1.11e-05    1.7e-08
1907500      9.98e-06      7.21e-07    1.7e-08
1907600      3.65e-05      2.63e-06    1.7e-08
1907700      9.39e-06      6.78e-07    1.7e-08
1907800      1.04e-05      7.53e-07    1.7e-08
1907900      3.65e-05      2.63e-06    1.7e-08
1908000      3.45e-05      2.49e-06    1.7e-08
1908100      2.30e-05      1.66e-06    1.7e-08
1908200      2.83e-05      2.04e-06    1.7e-08
1908300      3.84e-05      2.77e-06    1.7e-08
1908400      3.29e-06      2.37e-07    1.7e-08
1908500      2.35e-05      1.69e-06    1.7e-08
1908600      5.83e-06      4.20e-07    1.7e-08
1908700      5.38e-05      3.88e-06    1.7e-08
1908800      1.96e-05      1.41e-06    1.7e-08
1908900      5.77e-06      4.17e-07    1.7e-08
1909000      1.16e-05      8.37e-07    1.7e-08
1909100      1.86e-05      1.34e-06    1.7e-08
1909200      6.77e-05      4.88e-06    1.7e-08
1909300      2.11e-05      1.53e-06    1.7e-08
1909400      6.20e-06      4.48e-07    1.7e-08
1909500      7.76e-06      5.60e-07    1.7e-08
1909600      1.25e-05      9.05e-07    1.7e-08
1909700      3.76e-05      2.71e-06    1.7e-08
1909800      6.49e-05      4.68e-06    1.7e-08
1909900      5.41e-05      3.91e-06    1.7e-08
1910000      1.27e-05      9.14e-07    1.7e-08
1910100      1.25e-05      8.99e-07    1.7e-08
1910200      4.32e-06      3.12e-07    1.7e-08
1910300      2.45e-05      1.77e-06    1.7e-08
1910400      1.97e-05      1.42e-06    1.7e-08
1910500      1.67e-04      1.21e-05    1.7e-08
1910600      1.00e-05      7.24e-07    1.7e-08
1910700      1.07e-05      7.74e-07    1.7e-08
1910800      3.03e-05      2.19e-06    1.7e-08
1910900      1.37e-05      9.86e-07    1.7e-08
1911000      1.50e-05      1.08e-06    1.7e-08
1911100      1.94e-05      1.40e-06    1.7e-08
1911200      1.87e-05      1.35e-06    1.7e-08
1911300      2.47e-05      1.79e-06    1.7e-08
1911400      5.42e-05      3.91e-06    1.7e-08
1911500      1.45e-05      1.04e-06    1.7e-08
1911600      6.21e-05      4.48e-06    1.7e-08
1911700      9.82e-06      7.09e-07    1.7e-08
1911800      2.63e-05      1.90e-06    1.7e-08
1911900      3.84e-05      2.77e-06    1.7e-08
1912000      2.50e-05      1.80e-06    1.7e-08
1912100      6.86e-05      4.95e-06    1.7e-08
1912200      3.22e-05      2.32e-06    1.7e-08
1912300      7.90e-05      5.70e-06    1.7e-08
1912400      1.75e-05      1.26e-06    1.7e-08
1912500      4.17e-05      3.01e-06    1.7e-08
1912600      1.06e-05      7.68e-07    1.7e-08
1912700      1.48e-05      1.07e-06    1.7e-08
1912800      1.15e-05      8.26e-07    1.7e-08
1912900      1.67e-04      1.20e-05    1.7e-08
1913000      2.05e-05      1.48e-06    1.7e-08
1913100      7.43e-06      5.36e-07    1.7e-08
1913200      1.92e-05      1.38e-06    1.7e-08
1913300      1.58e-05      1.14e-06    1.7e-08
1913400      3.99e-05      2.88e-06    1.7e-08
1913500      4.47e-05      3.23e-06    1.7e-08
1913600      1.43e-05      1.03e-06    1.7e-08
1913700      7.45e-06      5.37e-07    1.7e-08
1913800      1.27e-05      9.19e-07    1.7e-08
1913900      3.52e-05      2.54e-06    1.7e-08
1914000      1.09e-05      7.87e-07    1.7e-08
1914100      9.73e-06      7.02e-07    1.7e-08
1914200      4.77e-05      3.44e-06    1.7e-08
1914300      3.70e-05      2.67e-06    1.7e-08
1914400      1.01e-05      7.27e-07    1.7e-08
1914500      1.42e-05      1.02e-06    1.7e-08
1914600      1.09e-05      7.84e-07    1.7e-08
1914700      9.56e-06      6.90e-07    1.7e-08
1914800      1.33e-04      9.57e-06    1.7e-08
1914900      1.97e-05      1.42e-06    1.7e-08
1915000      1.64e-05      1.18e-06    1.6e-08
1915100      1.06e-05      7.66e-07    1.6e-08
1915200      3.53e-05      2.55e-06    1.6e-08
1915300      1.99e-05      1.43e-06    1.6e-08
1915400      2.51e-05      1.81e-06    1.6e-08
1915500      1.44e-05      1.04e-06    1.6e-08
1915600      8.41e-05      6.07e-06    1.6e-08
1915700      2.13e-05      1.54e-06    1.6e-08
1915800      2.96e-05      2.14e-06    1.6e-08
1915900      1.99e-05      1.44e-06    1.6e-08
1916000      2.75e-05      1.99e-06    1.6e-08
1916100      4.33e-05      3.13e-06    1.6e-08
1916200      4.13e-05      2.98e-06    1.6e-08
1916300      5.62e-06      4.06e-07    1.6e-08
1916400      4.45e-05      3.21e-06    1.6e-08
1916500      2.72e-05      1.96e-06    1.6e-08
1916600      2.22e-05      1.60e-06    1.6e-08
1916700      1.01e-05      7.27e-07    1.6e-08
1916800      3.73e-05      2.69e-06    1.6e-08
1916900      8.03e-06      5.80e-07    1.6e-08
1917000      5.85e-06      4.22e-07    1.6e-08
1917100      9.66e-05      6.97e-06    1.6e-08
1917200      1.36e-05      9.80e-07    1.6e-08
1917300      2.46e-05      1.78e-06    1.6e-08
1917400      2.38e-05      1.72e-06    1.6e-08
1917500      9.71e-06      7.01e-07    1.6e-08
1917600      2.40e-05      1.73e-06    1.6e-08
1917700      1.50e-04      1.09e-05    1.6e-08
1917800      5.08e-05      3.67e-06    1.6e-08
1917900      1.01e-05      7.29e-07    1.6e-08
1918000      4.15e-05      2.99e-06    1.6e-08
1918100      2.54e-05      1.84e-06    1.6e-08
1918200      1.42e-05      1.02e-06    1.6e-08
1918300      1.54e-04      1.11e-05    1.6e-08
1918400      3.78e-06      2.73e-07    1.6e-08
1918500      1.53e-05      1.10e-06    1.6e-08
1918600      3.80e-05      2.74e-06    1.6e-08
1918700      2.16e-05      1.56e-06    1.6e-08
1918800      4.32e-06      3.12e-07    1.6e-08
1918900      1.30e-05      9.40e-07    1.6e-08
1919000      2.08e-05      1.50e-06    1.6e-08
1919100      2.53e-05      1.82e-06    1.6e-08
1919200      9.02e-06      6.51e-07    1.6e-08
1919300      2.67e-05      1.93e-06    1.6e-08
1919400      2.00e-05      1.44e-06    1.6e-08
1919500      5.91e-06      4.26e-07    1.6e-08
1919600      5.19e-05      3.74e-06    1.6e-08
1919700      1.23e-04      8.84e-06    1.6e-08
1919800      1.68e-05      1.21e-06    1.6e-08
1919900      1.75e-05      1.27e-06    1.6e-08
1920000      2.66e-05      1.92e-06    1.6e-08
1920100      4.87e-05      3.52e-06    1.6e-08
1920200      2.52e-05      1.82e-06    1.6e-08
1920300      3.80e-05      2.74e-06    1.6e-08
1920400      3.91e-05      2.82e-06    1.6e-08
1920500      3.02e-05      2.18e-06    1.6e-08
1920600      2.06e-05      1.49e-06    1.6e-08
1920700      8.88e-05      6.41e-06    1.6e-08
1920800      1.97e-04      1.43e-05    1.6e-08
1920900      1.92e-05      1.38e-06    1.6e-08
1921000      7.92e-05      5.71e-06    1.6e-08
1921100      1.42e-05      1.02e-06    1.6e-08
1921200      1.75e-05      1.26e-06    1.6e-08
1921300      5.87e-05      4.24e-06    1.6e-08
1921400      1.23e-05      8.84e-07    1.6e-08
1921500      5.54e-05      4.00e-06    1.6e-08
1921600      8.03e-06      5.80e-07    1.6e-08
1921700      2.19e-05      1.58e-06    1.6e-08
1921800      2.13e-05      1.54e-06    1.6e-08
1921900      1.25e-05      9.05e-07    1.6e-08
1922000      1.09e-05      7.89e-07    1.6e-08
1922100      1.73e-05      1.25e-06    1.6e-08
1922200      9.21e-06      6.65e-07    1.6e-08
1922300      1.35e-05      9.77e-07    1.6e-08
1922400      1.22e-05      8.83e-07    1.6e-08
1922500      2.39e-05      1.73e-06    1.6e-08
1922600      1.03e-05      7.43e-07    1.6e-08
1922700      1.16e-05      8.38e-07    1.6e-08
1922800      5.26e-05      3.79e-06    1.6e-08
1922900      3.39e-05      2.44e-06    1.6e-08
1923000      5.60e-05      4.04e-06    1.6e-08
1923100      1.54e-04      1.11e-05    1.6e-08
1923200      1.76e-05      1.27e-06    1.6e-08
1923300      6.33e-06      4.57e-07    1.6e-08
1923400      2.36e-05      1.71e-06    1.6e-08
1923500      2.62e-05      1.89e-06    1.6e-08
1923600      3.04e-05      2.20e-06    1.6e-08
1923700      2.92e-05      2.11e-06    1.6e-08
1923800      1.19e-05      8.60e-07    1.6e-08
1923900      1.15e-05      8.31e-07    1.6e-08
1924000      1.86e-05      1.34e-06    1.6e-08
1924100      2.50e-05      1.80e-06    1.6e-08
1924200      2.49e-05      1.80e-06    1.6e-08
1924300      2.86e-05      2.06e-06    1.6e-08
1924400      3.49e-05      2.52e-06    1.6e-08
1924500      5.21e-06      3.76e-07    1.6e-08
1924600      3.45e-05      2.49e-06    1.6e-08
1924700      1.27e-05      9.19e-07    1.6e-08
1924800      1.97e-05      1.42e-06    1.6e-08
1924900      4.47e-05      3.23e-06    1.6e-08
1925000      2.57e-05      1.86e-06    1.5e-08
1925100      2.00e-05      1.44e-06    1.5e-08
1925200      1.53e-05      1.10e-06    1.5e-08
1925300      1.18e-06      8.51e-08    1.5e-08
1925400      1.22e-05      8.84e-07    1.5e-08
1925500      4.79e-05      3.46e-06    1.5e-08
1925600      2.20e-05      1.59e-06    1.5e-08
1925700      2.72e-05      1.96e-06    1.5e-08
1925800      2.25e-05      1.62e-06    1.5e-08
1925900      4.95e-05      3.57e-06    1.5e-08
1926000      4.63e-05      3.34e-06    1.5e-08
1926100      1.20e-05      8.64e-07    1.5e-08
1926200      2.37e-05      1.71e-06    1.5e-08
1926300      1.87e-05      1.35e-06    1.5e-08
1926400      2.13e-05      1.54e-06    1.5e-08
1926500      9.70e-06      7.00e-07    1.5e-08
1926600      1.75e-05      1.26e-06    1.5e-08
1926700      6.01e-05      4.34e-06    1.5e-08
1926800      1.91e-05      1.38e-06    1.5e-08
1926900      1.06e-05      7.68e-07    1.5e-08
1927000      8.73e-06      6.30e-07    1.5e-08
1927100      1.04e-05      7.53e-07    1.5e-08
1927200      2.72e-05      1.97e-06    1.5e-08
1927300      6.78e-06      4.90e-07    1.5e-08
1927400      1.51e-05      1.09e-06    1.5e-08
1927500      1.10e-05      7.94e-07    1.5e-08
1927600      1.94e-05      1.40e-06    1.5e-08
1927700      7.34e-06      5.30e-07    1.5e-08
1927800      1.17e-05      8.47e-07    1.5e-08
1927900      8.21e-05      5.92e-06    1.5e-08
1928000      3.24e-06      2.34e-07    1.5e-08
1928100      1.65e-05      1.19e-06    1.5e-08
1928200      3.89e-06      2.81e-07    1.5e-08
1928300      2.52e-05      1.82e-06    1.5e-08
1928400      2.27e-05      1.64e-06    1.5e-08
1928500      7.84e-06      5.66e-07    1.5e-08
1928600      7.10e-06      5.12e-07    1.5e-08
1928700      1.11e-05      8.03e-07    1.5e-08
1928800      7.33e-05      5.29e-06    1.5e-08
1928900      4.21e-05      3.04e-06    1.5e-08
1929000      1.23e-05      8.91e-07    1.5e-08
1929100      8.61e-06      6.21e-07    1.5e-08
1929200      1.22e-05      8.84e-07    1.5e-08
1929300      3.53e-05      2.55e-06    1.5e-08
1929400      6.22e-05      4.49e-06    1.5e-08
1929500      2.04e-05      1.47e-06    1.5e-08
1929600      3.12e-04      2.25e-05    1.5e-08
1929700      1.69e-05      1.22e-06    1.5e-08
1929800      1.86e-05      1.34e-06    1.5e-08
1929900      1.88e-05      1.36e-06    1.5e-08
1930000      1.64e-05      1.19e-06    1.5e-08
1930100      2.38e-05      1.71e-06    1.5e-08
1930200      1.09e-05      7.89e-07    1.5e-08
1930300      1.07e-05      7.71e-07    1.5e-08
1930400      1.40e-05      1.01e-06    1.5e-08
1930500      1.09e-05      7.89e-07    1.5e-08
1930600      3.32e-05      2.40e-06    1.5e-08
1930700      1.54e-05      1.11e-06    1.5e-08
1930800      4.17e-05      3.01e-06    1.5e-08
1930900      1.04e-05      7.53e-07    1.5e-08
1931000      4.76e-05      3.43e-06    1.5e-08
1931100      4.63e-05      3.34e-06    1.5e-08
1931200      2.32e-05      1.68e-06    1.5e-08
1931300      8.03e-06      5.79e-07    1.5e-08
1931400      1.71e-05      1.23e-06    1.5e-08
1931500      2.28e-05      1.64e-06    1.5e-08
1931600      1.06e-05      7.69e-07    1.5e-08
1931700      2.71e-05      1.95e-06    1.5e-08
1931800      7.55e-05      5.45e-06    1.5e-08
1931900      1.25e-05      9.00e-07    1.5e-08
1932000      2.85e-05      2.06e-06    1.5e-08
1932100      7.70e-06      5.56e-07    1.5e-08
1932200      2.53e-05      1.83e-06    1.5e-08
1932300      1.10e-05      7.97e-07    1.5e-08
1932400      1.81e-05      1.30e-06    1.5e-08
1932500      1.25e-04      9.04e-06    1.5e-08
1932600      9.38e-06      6.77e-07    1.5e-08
1932700      2.84e-05      2.05e-06    1.5e-08
1932800      4.33e-05      3.13e-06    1.5e-08
1932900      9.87e-06      7.12e-07    1.5e-08
1933000      1.43e-05      1.03e-06    1.5e-08
1933100      3.73e-05      2.69e-06    1.5e-08
1933200      6.30e-06      4.55e-07    1.5e-08
1933300      2.67e-05      1.93e-06    1.5e-08
1933400      1.16e-05      8.36e-07    1.5e-08
1933500      7.68e-06      5.54e-07    1.5e-08
1933600      9.70e-06      7.00e-07    1.5e-08
1933700      1.20e-04      8.64e-06    1.5e-08
1933800      3.91e-05      2.82e-06    1.5e-08
1933900      1.33e-05      9.58e-07    1.5e-08
1934000      2.48e-05      1.79e-06    1.5e-08
1934100      1.72e-05      1.24e-06    1.5e-08
1934200      2.41e-05      1.74e-06    1.5e-08
1934300      2.01e-05      1.45e-06    1.5e-08
1934400      4.76e-05      3.43e-06    1.5e-08
1934500      2.53e-05      1.83e-06    1.5e-08
1934600      1.50e-05      1.08e-06    1.5e-08
1934700      2.08e-05      1.50e-06    1.5e-08
1934800      8.68e-06      6.26e-07    1.5e-08
1934900      1.48e-04      1.07e-05    1.5e-08
1935000      1.58e-05      1.14e-06    1.5e-08
1935100      8.47e-05      6.11e-06    1.5e-08
1935200      2.33e-05      1.68e-06    1.5e-08
1935300      1.05e-05      7.60e-07    1.5e-08
1935400      2.52e-05      1.82e-06    1.5e-08
1935500      7.05e-06      5.09e-07    1.5e-08
1935600      1.47e-05      1.06e-06    1.5e-08
1935700      1.37e-05      9.87e-07    1.5e-08
1935800      7.93e-06      5.72e-07    1.5e-08
1935900      9.00e-06      6.50e-07    1.5e-08
1936000      3.07e-05      2.22e-06    1.5e-08
1936100      2.33e-05      1.68e-06    1.5e-08
1936200      5.99e-05      4.32e-06    1.5e-08
1936300      1.01e-05      7.26e-07    1.5e-08
1936400      1.75e-05      1.26e-06    1.5e-08
1936500      3.05e-06      2.20e-07    1.5e-08
1936600      6.33e-06      4.57e-07    1.5e-08
1936700      1.42e-04      1.02e-05    1.5e-08
1936800      2.08e-05      1.50e-06    1.5e-08
1936900      2.01e-05      1.45e-06    1.5e-08
1937000      3.79e-05      2.73e-06    1.5e-08
1937100      1.14e-04      8.19e-06    1.5e-08
1937200      3.21e-05      2.32e-06    1.5e-08
1937300      1.30e-05      9.38e-07    1.5e-08
1937400      3.10e-05      2.24e-06    1.5e-08
1937500      1.92e-05      1.38e-06    1.5e-08
1937600      3.05e-05      2.20e-06    1.5e-08
1937700      4.14e-05      2.99e-06    1.5e-08
1937800      1.52e-05      1.10e-06    1.5e-08
1937900      1.15e-05      8.31e-07    1.5e-08
1938000      1.06e-05      7.64e-07    1.5e-08
1938100      5.20e-05      3.75e-06    1.5e-08
1938200      2.53e-05      1.83e-06    1.5e-08
1938300      6.13e-06      4.43e-07    1.5e-08
1938400      6.46e-05      4.66e-06    1.5e-08
1938500      2.45e-05      1.77e-06    1.5e-08
1938600      3.95e-06      2.85e-07    1.5e-08
1938700      1.86e-05      1.34e-06    1.5e-08
1938800      1.19e-04      8.59e-06    1.5e-08
1938900      6.52e-06      4.70e-07    1.5e-08
1939000      1.10e-05      7.93e-07    1.5e-08
1939100      1.04e-05      7.52e-07    1.5e-08
1939200      1.48e-05      1.07e-06    1.5e-08
1939300      1.91e-05      1.38e-06    1.5e-08
1939400      9.15e-05      6.60e-06    1.5e-08
1939500      9.42e-06      6.80e-07    1.5e-08
1939600      1.87e-05      1.35e-06    1.5e-08
1939700      1.87e-05      1.35e-06    1.5e-08
1939800      1.33e-05      9.58e-07    1.5e-08
1939900      2.14e-05      1.55e-06    1.5e-08
1940000      3.59e-05      2.59e-06    1.4e-08
1940100      6.35e-05      4.59e-06    1.4e-08
1940200      1.88e-05      1.35e-06    1.4e-08
1940300      3.41e-05      2.46e-06    1.4e-08
1940400      1.88e-05      1.35e-06    1.4e-08
1940500      9.15e-06      6.60e-07    1.4e-08
1940600      3.15e-06      2.27e-07    1.4e-08
1940700      1.48e-05      1.07e-06    1.4e-08
1940800      2.54e-05      1.83e-06    1.4e-08
1940900      1.28e-05      9.23e-07    1.4e-08
1941000      3.11e-05      2.24e-06    1.4e-08
1941100      1.65e-05      1.19e-06    1.4e-08
1941200      2.64e-05      1.91e-06    1.4e-08
1941300      3.51e-05      2.53e-06    1.4e-08
1941400      1.17e-05      8.43e-07    1.4e-08
1941500      2.80e-05      2.02e-06    1.4e-08
1941600      2.06e-05      1.49e-06    1.4e-08
1941700      1.37e-05      9.86e-07    1.4e-08
1941800      1.83e-04      1.32e-05    1.4e-08
1941900      1.27e-05      9.18e-07    1.4e-08
1942000      5.40e-06      3.90e-07    1.4e-08
1942100      5.07e-05      3.66e-06    1.4e-08
1942200      1.99e-05      1.44e-06    1.4e-08
1942300      1.50e-05      1.08e-06    1.4e-08
1942400      2.90e-05      2.09e-06    1.4e-08
1942500      7.13e-06      5.15e-07    1.4e-08
1942600      1.74e-05      1.25e-06    1.4e-08
1942700      2.53e-05      1.83e-06    1.4e-08
1942800      1.24e-05      8.93e-07    1.4e-08
1942900      5.26e-05      3.80e-06    1.4e-08
1943000      2.22e-05      1.60e-06    1.4e-08
1943100      1.58e-05      1.14e-06    1.4e-08
1943200      1.60e-05      1.15e-06    1.4e-08
1943300      1.28e-05      9.23e-07    1.4e-08
1943400      1.21e-05      8.74e-07    1.4e-08
1943500      3.87e-05      2.79e-06    1.4e-08
1943600      7.34e-06      5.30e-07    1.4e-08
1943700      6.02e-06      4.35e-07    1.4e-08
1943800      1.75e-05      1.26e-06    1.4e-08
1943900      2.03e-05      1.46e-06    1.4e-08
1944000      2.26e-05      1.63e-06    1.4e-08
1944100      2.13e-04      1.53e-05    1.4e-08
1944200      1.18e-05      8.48e-07    1.4e-08
1944300      6.66e-06      4.81e-07    1.4e-08
1944400      4.26e-05      3.07e-06    1.4e-08
1944500      2.86e-05      2.06e-06    1.4e-08
1944600      5.30e-05      3.83e-06    1.4e-08
1944700      8.16e-05      5.89e-06    1.4e-08
1944800      4.20e-05      3.03e-06    1.4e-08
1944900      1.29e-05      9.34e-07    1.4e-08
1945000      2.46e-05      1.78e-06    1.4e-08
1945100      2.39e-05      1.72e-06    1.4e-08
1945200      2.04e-04      1.47e-05    1.4e-08
1945300      7.63e-06      5.50e-07    1.4e-08
1945400      2.11e-05      1.52e-06    1.4e-08
1945500      1.56e-05      1.13e-06    1.4e-08
1945600      6.22e-06      4.49e-07    1.4e-08
1945700      9.15e-05      6.60e-06    1.4e-08
1945800      9.74e-05      7.03e-06    1.4e-08
1945900      1.28e-05      9.24e-07    1.4e-08
1946000      4.21e-06      3.04e-07    1.4e-08
1946100      8.43e-06      6.08e-07    1.4e-08
1946200      2.40e-05      1.73e-06    1.4e-08
1946300      2.91e-05      2.10e-06    1.4e-08
1946400      6.78e-06      4.90e-07    1.4e-08
1946500      2.14e-05      1.55e-06    1.4e-08
1946600      1.32e-05      9.56e-07    1.4e-08
1946700      8.54e-06      6.17e-07    1.4e-08
1946800      3.03e-05      2.19e-06    1.4e-08
1946900      2.50e-05      1.80e-06    1.4e-08
1947000      1.34e-05      9.70e-07    1.4e-08
1947100      1.67e-05      1.20e-06    1.4e-08
1947200      6.51e-05      4.70e-06    1.4e-08
1947300      3.20e-05      2.31e-06    1.4e-08
1947400      7.96e-06      5.74e-07    1.4e-08
1947500      8.37e-06      6.04e-07    1.4e-08
1947600      1.47e-05      1.06e-06    1.4e-08
1947700      2.38e-05      1.71e-06    1.4e-08
1947800      3.49e-05      2.52e-06    1.4e-08
1947900      5.26e-05      3.80e-06    1.4e-08
1948000      1.98e-05      1.43e-06    1.4e-08
1948100      1.17e-04      8.45e-06    1.4e-08
1948200      2.36e-05      1.70e-06    1.4e-08
1948300      1.02e-05      7.35e-07    1.4e-08
1948400      2.11e-05      1.52e-06    1.4e-08
1948500      9.24e-06      6.67e-07    1.4e-08
1948600      2.72e-05      1.97e-06    1.4e-08
1948700      5.30e-05      3.83e-06    1.4e-08
1948800      8.47e-06      6.11e-07    1.4e-08
1948900      2.49e-05      1.80e-06    1.4e-08
1949000      1.17e-05      8.47e-07    1.4e-08
1949100      1.50e-05      1.08e-06    1.4e-08
1949200      1.87e-05      1.35e-06    1.4e-08
1949300      1.58e-05      1.14e-06    1.4e-08
1949400      1.50e-04      1.09e-05    1.4e-08
1949500      1.65e-05      1.19e-06    1.4e-08
1949600      1.64e-04      1.18e-05    1.4e-08
1949700      3.41e-05      2.46e-06    1.4e-08
1949800      4.55e-05      3.29e-06    1.4e-08
1949900      8.00e-06      5.78e-07    1.4e-08
1950000      3.62e-06      2.61e-07    1.3e-08
1950100      2.26e-05      1.63e-06    1.3e-08
1950200      1.98e-05      1.43e-06    1.3e-08
1950300      1.47e-05      1.06e-06    1.3e-08
1950400      1.01e-05      7.28e-07    1.3e-08
1950500      8.47e-06      6.11e-07    1.3e-08
1950600      3.95e-05      2.85e-06    1.3e-08
1950700      1.69e-05      1.22e-06    1.3e-08
1950800      1.94e-05      1.40e-06    1.3e-08
1950900      3.34e-05      2.41e-06    1.3e-08
1951000      9.79e-06      7.07e-07    1.3e-08
1951100      4.02e-06      2.90e-07    1.3e-08
1951200      2.10e-05      1.51e-06    1.3e-08
1951300      8.13e-06      5.86e-07    1.3e-08
1951400      1.56e-05      1.13e-06    1.3e-08
1951500      1.11e-05      8.04e-07    1.3e-08
1951600      2.72e-05      1.96e-06    1.3e-08
1951700      3.14e-05      2.27e-06    1.3e-08
1951800      9.01e-05      6.50e-06    1.3e-08
1951900      3.08e-05      2.22e-06    1.3e-08
1952000      2.29e-05      1.65e-06    1.3e-08
1952100      1.46e-05      1.05e-06    1.3e-08
1952200      3.99e-05      2.88e-06    1.3e-08
1952300      1.89e-05      1.37e-06    1.3e-08
1952400      3.65e-05      2.63e-06    1.3e-08
1952500      7.46e-06      5.38e-07    1.3e-08
1952600      6.35e-06      4.58e-07    1.3e-08
1952700      1.25e-05      8.99e-07    1.3e-08
1952800      1.64e-05      1.19e-06    1.3e-08
1952900      3.45e-05      2.49e-06    1.3e-08
1953000      2.35e-05      1.70e-06    1.3e-08
1953100      3.13e-05      2.26e-06    1.3e-08
1953200      1.09e-05      7.86e-07    1.3e-08
1953300      1.47e-05      1.06e-06    1.3e-08
1953400      1.58e-05      1.14e-06    1.3e-08
1953500      9.73e-06      7.02e-07    1.3e-08
1953600      1.19e-05      8.62e-07    1.3e-08
1953700      1.40e-05      1.01e-06    1.3e-08
1953800      2.83e-04      2.04e-05    1.3e-08
1953900      7.48e-06      5.40e-07    1.3e-08
1954000      2.19e-05      1.58e-06    1.3e-08
1954100      1.35e-05      9.74e-07    1.3e-08
1954200      3.49e-05      2.52e-06    1.3e-08
1954300      1.17e-05      8.48e-07    1.3e-08
1954400      2.42e-04      1.75e-05    1.3e-08
1954500      4.41e-05      3.18e-06    1.3e-08
1954600      1.09e-05      7.86e-07    1.3e-08
1954700      1.65e-05      1.19e-06    1.3e-08
1954800      2.09e-05      1.51e-06    1.3e-08
1954900      1.81e-05      1.30e-06    1.3e-08
1955000      1.01e-05      7.26e-07    1.3e-08
1955100      2.41e-05      1.74e-06    1.3e-08
1955200      1.05e-05      7.56e-07    1.3e-08
1955300      4.85e-05      3.50e-06    1.3e-08
1955400      2.86e-05      2.06e-06    1.3e-08
1955500      3.49e-06      2.52e-07    1.3e-08
1955600      1.32e-05      9.49e-07    1.3e-08
1955700      2.20e-05      1.59e-06    1.3e-08
1955800      3.26e-05      2.35e-06    1.3e-08
1955900      7.31e-05      5.28e-06    1.3e-08
1956000      9.87e-05      7.12e-06    1.3e-08
1956100      1.03e-05      7.42e-07    1.3e-08
1956200      1.34e-05      9.70e-07    1.3e-08
1956300      4.14e-05      2.99e-06    1.3e-08
1956400      2.40e-05      1.73e-06    1.3e-08
1956500      7.93e-06      5.73e-07    1.3e-08
1956600      2.22e-04      1.60e-05    1.3e-08
1956700      2.65e-05      1.91e-06    1.3e-08
1956800      2.61e-05      1.89e-06    1.3e-08
1956900      3.07e-05      2.21e-06    1.3e-08
1957000      2.10e-05      1.51e-06    1.3e-08
1957100      5.49e-06      3.96e-07    1.3e-08
1957200      1.38e-04      9.99e-06    1.3e-08
1957300      2.58e-05      1.86e-06    1.3e-08
1957400      9.24e-06      6.67e-07    1.3e-08
1957500      4.84e-06      3.50e-07    1.3e-08
1957600      1.05e-05      7.56e-07    1.3e-08
1957700      1.25e-04      9.04e-06    1.3e-08
1957800      2.50e-05      1.80e-06    1.3e-08
1957900      1.38e-04      9.96e-06    1.3e-08
1958000      6.55e-05      4.73e-06    1.3e-08
1958100      3.94e-06      2.85e-07    1.3e-08
1958200      1.30e-05      9.40e-07    1.3e-08
1958300      8.02e-06      5.79e-07    1.3e-08
1958400      2.83e-05      2.04e-06    1.3e-08
1958500      3.30e-05      2.38e-06    1.3e-08
1958600      3.08e-05      2.22e-06    1.3e-08
1958700      2.27e-04      1.64e-05    1.3e-08
1958800      3.59e-05      2.59e-06    1.3e-08
1958900      9.47e-06      6.83e-07    1.3e-08
1959000      3.42e-05      2.47e-06    1.3e-08
1959100      1.07e-05      7.74e-07    1.3e-08
1959200      6.28e-05      4.53e-06    1.3e-08
1959300      3.17e-06      2.29e-07    1.3e-08
1959400      9.01e-05      6.50e-06    1.3e-08
1959500      1.36e-05      9.81e-07    1.3e-08
1959600      1.69e-05      1.22e-06    1.3e-08
1959700      9.80e-06      7.07e-07    1.3e-08
1959800      1.55e-05      1.12e-06    1.3e-08
1959900      1.04e-05      7.53e-07    1.3e-08
1960000      3.56e-05      2.57e-06    1.3e-08
1960100      2.39e-05      1.73e-06    1.3e-08
1960200      3.32e-05      2.40e-06    1.3e-08
1960300      2.24e-05      1.62e-06    1.3e-08
1960400      2.53e-05      1.82e-06    1.3e-08
1960500      1.39e-05      1.00e-06    1.3e-08
1960600      1.92e-05      1.38e-06    1.3e-08
1960700      5.88e-06      4.24e-07    1.3e-08
1960800      7.90e-05      5.70e-06    1.3e-08
1960900      1.74e-05      1.25e-06    1.3e-08
1961000      4.62e-05      3.33e-06    1.3e-08
1961100      1.71e-05      1.23e-06    1.3e-08
1961200      1.44e-05      1.04e-06    1.3e-08
1961300      9.21e-06      6.65e-07    1.3e-08
1961400      8.78e-06      6.33e-07    1.3e-08
1961500      1.28e-05      9.27e-07    1.3e-08
1961600      8.01e-06      5.78e-07    1.3e-08
1961700      5.12e-05      3.70e-06    1.3e-08
1961800      3.19e-05      2.30e-06    1.3e-08
1961900      1.37e-05      9.87e-07    1.3e-08
1962000      4.68e-05      3.38e-06    1.3e-08
1962100      2.54e-05      1.83e-06    1.3e-08
1962200      3.17e-06      2.29e-07    1.3e-08
1962300      6.93e-06      5.00e-07    1.3e-08
1962400      7.44e-06      5.37e-07    1.3e-08
1962500      1.68e-05      1.22e-06    1.3e-08
1962600      1.52e-05      1.10e-06    1.3e-08
1962700      1.10e-05      7.93e-07    1.3e-08
1962800      2.50e-05      1.80e-06    1.3e-08
1962900      4.52e-05      3.26e-06    1.3e-08
1963000      1.37e-05      9.87e-07    1.3e-08
1963100      8.53e-06      6.16e-07    1.3e-08
1963200      8.22e-06      5.93e-07    1.3e-08
1963300      4.89e-06      3.53e-07    1.3e-08
1963400      7.97e-06      5.76e-07    1.3e-08
1963500      2.47e-06      1.78e-07    1.3e-08
1963600      2.51e-05      1.81e-06    1.3e-08
1963700      2.82e-05      2.04e-06    1.3e-08
1963800      1.37e-05      9.85e-07    1.3e-08
1963900      3.55e-05      2.56e-06    1.3e-08
1964000      2.27e-05      1.64e-06    1.3e-08
1964100      2.32e-05      1.67e-06    1.3e-08
1964200      2.13e-05      1.54e-06    1.3e-08
1964300      8.92e-06      6.44e-07    1.3e-08
1964400      1.77e-05      1.28e-06    1.3e-08
1964500      1.38e-05      9.98e-07    1.3e-08
1964600      7.78e-06      5.62e-07    1.3e-08
1964700      2.84e-04      2.05e-05    1.3e-08
1964800      2.06e-05      1.49e-06    1.3e-08
1964900      2.67e-05      1.93e-06    1.3e-08
1965000      6.22e-05      4.49e-06    1.2e-08
1965100      2.68e-05      1.94e-06    1.2e-08
1965200      8.84e-06      6.38e-07    1.2e-08
1965300      1.71e-06      1.24e-07    1.2e-08
1965400      8.63e-06      6.23e-07    1.2e-08
1965500      2.02e-05      1.46e-06    1.2e-08
1965600      1.09e-05      7.84e-07    1.2e-08
1965700      3.54e-05      2.56e-06    1.2e-08
1965800      1.75e-04      1.26e-05    1.2e-08
1965900      1.19e-05      8.59e-07    1.2e-08
1966000      8.52e-06      6.15e-07    1.2e-08
1966100      2.65e-05      1.92e-06    1.2e-08
1966200      5.44e-06      3.92e-07    1.2e-08
1966300      1.16e-05      8.38e-07    1.2e-08
1966400      4.14e-05      2.99e-06    1.2e-08
1966500      1.82e-05      1.32e-06    1.2e-08
1966600      1.58e-05      1.14e-06    1.2e-08
1966700      6.93e-06      5.00e-07    1.2e-08
1966800      5.00e-05      3.61e-06    1.2e-08
1966900      3.55e-05      2.56e-06    1.2e-08
1967000      3.49e-05      2.52e-06    1.2e-08
1967100      2.17e-05      1.57e-06    1.2e-08
1967200      9.87e-06      7.12e-07    1.2e-08
1967300      2.34e-05      1.69e-06    1.2e-08
1967400      8.49e-06      6.13e-07    1.2e-08
1967500      1.47e-05      1.06e-06    1.2e-08
1967600      1.18e-04      8.51e-06    1.2e-08
1967700      4.02e-06      2.90e-07    1.2e-08
1967800      2.33e-05      1.68e-06    1.2e-08
1967900      7.99e-05      5.77e-06    1.2e-08
1968000      8.31e-06      6.00e-07    1.2e-08
1968100      3.06e-05      2.21e-06    1.2e-08
1968200      3.57e-05      2.58e-06    1.2e-08
1968300      2.75e-05      1.99e-06    1.2e-08
1968400      5.56e-05      4.01e-06    1.2e-08
1968500      1.61e-05      1.16e-06    1.2e-08
1968600      1.47e-05      1.06e-06    1.2e-08
1968700      8.23e-06      5.94e-07    1.2e-08
1968800      5.80e-05      4.19e-06    1.2e-08
1968900      1.41e-05      1.02e-06    1.2e-08
1969000      2.33e-05      1.68e-06    1.2e-08
1969100      1.42e-05      1.02e-06    1.2e-08
1969200      8.83e-06      6.37e-07    1.2e-08
1969300      2.33e-05      1.68e-06    1.2e-08
1969400      2.41e-05      1.74e-06    1.2e-08
1969500      1.85e-05      1.33e-06    1.2e-08
1969600      9.42e-06      6.80e-07    1.2e-08
1969700      9.39e-06      6.77e-07    1.2e-08
1969800      3.39e-05      2.45e-06    1.2e-08
1969900      1.58e-05      1.14e-06    1.2e-08
1970000      1.79e-05      1.29e-06    1.2e-08
1970100      4.44e-05      3.21e-06    1.2e-08
1970200      1.75e-05      1.26e-06    1.2e-08
1970300      2.18e-05      1.57e-06    1.2e-08
1970400      8.22e-06      5.93e-07    1.2e-08
1970500      2.24e-05      1.61e-06    1.2e-08
1970600      1.19e-05      8.61e-07    1.2e-08
1970700      7.93e-06      5.72e-07    1.2e-08
1970800      3.92e-05      2.83e-06    1.2e-08
1970900      7.65e-05      5.52e-06    1.2e-08
1971000      2.19e-05      1.58e-06    1.2e-08
1971100      2.40e-05      1.73e-06    1.2e-08
1971200      8.22e-06      5.93e-07    1.2e-08
1971300      2.14e-05      1.55e-06    1.2e-08
1971400      1.08e-05      7.80e-07    1.2e-08
1971500      5.05e-05      3.64e-06    1.2e-08
1971600      1.61e-04      1.16e-05    1.2e-08
1971700      2.01e-05      1.45e-06    1.2e-08
1971800      4.26e-05      3.07e-06    1.2e-08
1971900      1.42e-04      1.03e-05    1.2e-08
1972000      1.94e-05      1.40e-06    1.2e-08
1972100      7.29e-06      5.26e-07    1.2e-08
1972200      1.52e-05      1.10e-06    1.2e-08
1972300      5.45e-05      3.93e-06    1.2e-08
1972400      1.64e-05      1.18e-06    1.2e-08
1972500      1.30e-05      9.40e-07    1.2e-08
1972600      1.38e-05      9.96e-07    1.2e-08
1972700      2.15e-05      1.55e-06    1.2e-08
1972800      2.86e-05      2.06e-06    1.2e-08
1972900      4.89e-06      3.53e-07    1.2e-08
1973000      1.46e-05      1.05e-06    1.2e-08
1973100      2.48e-05      1.79e-06    1.2e-08
1973200      8.46e-06      6.11e-07    1.2e-08
1973300      1.19e-05      8.60e-07    1.2e-08
1973400      2.49e-05      1.80e-06    1.2e-08
1973500      4.73e-05      3.41e-06    1.2e-08
1973600      1.97e-05      1.42e-06    1.2e-08
1973700      1.29e-05      9.31e-07    1.2e-08
1973800      2.05e-05      1.48e-06    1.2e-08
1973900      1.50e-05      1.08e-06    1.2e-08
1974000      2.27e-05      1.64e-06    1.2e-08
1974100      1.05e-05      7.56e-07    1.2e-08
1974200      1.64e-05      1.18e-06    1.2e-08
1974300      8.73e-06      6.30e-07    1.2e-08
1974400      1.85e-05      1.33e-06    1.2e-08
1974500      7.93e-06      5.72e-07    1.2e-08
1974600      2.35e-05      1.69e-06    1.2e-08
1974700      2.24e-05      1.61e-06    1.2e-08
1974800      3.91e-06      2.82e-07    1.2e-08
1974900      2.42e-04      1.75e-05    1.2e-08
1975000      3.05e-05      2.20e-06    1.2e-08
1975100      2.49e-05      1.79e-06    1.2e-08
1975200      1.91e-05      1.38e-06    1.2e-08
1975300      3.79e-06      2.74e-07    1.2e-08
1975400      2.14e-05      1.54e-06    1.2e-08
1975500      1.80e-05      1.30e-06    1.2e-08
1975600      1.75e-05      1.26e-06    1.2e-08
1975700      1.41e-04      1.02e-05    1.2e-08
1975800      6.35e-05      4.59e-06    1.2e-08
1975900      8.68e-06      6.26e-07    1.2e-08
1976000      3.49e-06      2.52e-07    1.2e-08
1976100      2.64e-05      1.90e-06    1.2e-08
1976200      5.42e-05      3.91e-06    1.2e-08
1976300      6.93e-05      5.00e-06    1.2e-08
1976400      1.42e-05      1.02e-06    1.2e-08
1976500      4.95e-05      3.57e-06    1.2e-08
1976600      7.81e-05      5.64e-06    1.2e-08
1976700      8.86e-05      6.39e-06    1.2e-08
1976800      1.76e-04      1.27e-05    1.2e-08
1976900      2.27e-05      1.64e-06    1.2e-08
1977000      6.28e-05      4.53e-06    1.2e-08
1977100      1.12e-04      8.08e-06    1.2e-08
1977200      2.17e-05      1.57e-06    1.2e-08
1977300      4.32e-06      3.12e-07    1.2e-08
1977400      2.05e-05      1.48e-06    1.2e-08
1977500      3.27e-05      2.36e-06    1.2e-08
1977600      1.64e-04      1.18e-05    1.2e-08
1977700      2.33e-05      1.68e-06    1.2e-08
1977800      1.32e-05      9.53e-07    1.2e-08
1977900      1.00e-04      7.25e-06    1.2e-08
1978000      2.95e-05      2.13e-06    1.2e-08
1978100      4.22e-05      3.04e-06    1.2e-08
1978200      5.80e-05      4.19e-06    1.2e-08
1978300      1.96e-05      1.42e-06    1.2e-08
1978400      4.20e-05      3.03e-06    1.2e-08
1978500      1.73e-05      1.25e-06    1.2e-08
1978600      2.93e-05      2.12e-06    1.2e-08
1978700      2.20e-05      1.59e-06    1.2e-08
1978800      7.56e-06      5.46e-07    1.2e-08
1978900      1.47e-04      1.06e-05    1.2e-08
1979000      1.43e-05      1.03e-06    1.2e-08
1979100      2.91e-05      2.10e-06    1.2e-08
1979200      3.47e-05      2.50e-06    1.2e-08
1979300      7.68e-06      5.54e-07    1.2e-08
1979400      3.42e-05      2.47e-06    1.2e-08
1979500      5.08e-05      3.67e-06    1.2e-08
1979600      2.58e-05      1.86e-06    1.2e-08
1979700      1.07e-05      7.73e-07    1.2e-08
1979800      3.76e-05      2.71e-06    1.2e-08
1979900      9.58e-06      6.91e-07    1.2e-08
1980000      1.88e-04      1.36e-05    1.1e-08
1980100      2.70e-05      1.95e-06    1.1e-08
1980200      1.47e-04      1.06e-05    1.1e-08
1980300      1.64e-05      1.19e-06    1.1e-08
1980400      2.08e-05      1.50e-06    1.1e-08
1980500      1.16e-05      8.37e-07    1.1e-08
1980600      5.15e-05      3.72e-06    1.1e-08
1980700      2.16e-05      1.56e-06    1.1e-08
1980800      8.83e-06      6.37e-07    1.1e-08
1980900      1.56e-05      1.13e-06    1.1e-08
1981000      3.50e-05      2.53e-06    1.1e-08
1981100      1.12e-05      8.12e-07    1.1e-08
1981200      1.11e-05      8.01e-07    1.1e-08
1981300      1.10e-05      7.97e-07    1.1e-08
1981400      1.22e-05      8.83e-07    1.1e-08
1981500      2.02e-05      1.46e-06    1.1e-08
1981600      3.14e-06      2.27e-07    1.1e-08
1981700      3.93e-06      2.84e-07    1.1e-08
1981800      1.47e-05      1.06e-06    1.1e-08
1981900      1.16e-05      8.38e-07    1.1e-08
1982000      2.52e-05      1.82e-06    1.1e-08
1982100      4.58e-05      3.31e-06    1.1e-08
1982200      1.76e-05      1.27e-06    1.1e-08
1982300      3.91e-05      2.82e-06    1.1e-08
1982400      1.77e-04      1.28e-05    1.1e-08
1982500      8.00e-06      5.78e-07    1.1e-08
1982600      8.51e-06      6.14e-07    1.1e-08
1982700      4.63e-05      3.34e-06    1.1e-08
1982800      6.35e-06      4.58e-07    1.1e-08
1982900      3.50e-05      2.53e-06    1.1e-08
1983000      3.03e-05      2.19e-06    1.1e-08
1983100      1.46e-05      1.05e-06    1.1e-08
1983200      1.92e-05      1.38e-06    1.1e-08
1983300      1.99e-05      1.44e-06    1.1e-08
1983400      1.09e-05      7.88e-07    1.1e-08
1983500      5.71e-05      4.12e-06    1.1e-08
1983600      6.45e-06      4.66e-07    1.1e-08
1983700      1.62e-05      1.17e-06    1.1e-08
1983800      7.55e-05      5.45e-06    1.1e-08
1983900      1.28e-05      9.24e-07    1.1e-08
1984000      5.71e-05      4.12e-06    1.1e-08
1984100      2.33e-05      1.68e-06    1.1e-08
1984200      3.00e-05      2.17e-06    1.1e-08
1984300      2.36e-05      1.71e-06    1.1e-08
1984400      8.37e-06      6.04e-07    1.1e-08
1984500      1.24e-05      8.93e-07    1.1e-08
1984600      7.30e-06      5.27e-07    1.1e-08
1984700      3.34e-05      2.41e-06    1.1e-08
1984800      1.59e-05      1.15e-06    1.1e-08
1984900      2.16e-05      1.56e-06    1.1e-08
1985000      4.50e-05      3.25e-06    1.1e-08
1985100      9.58e-06      6.91e-07    1.1e-08
1985200      2.88e-05      2.08e-06    1.1e-08
1985300      2.11e-05      1.52e-06    1.1e-08
1985400      4.77e-05      3.44e-06    1.1e-08
1985500      9.38e-06      6.77e-07    1.1e-08
1985600      6.51e-06      4.70e-07    1.1e-08
1985700      6.87e-06      4.96e-07    1.1e-08
1985800      1.40e-05      1.01e-06    1.1e-08
1985900      1.34e-05      9.69e-07    1.1e-08
1986000      4.05e-05      2.93e-06    1.1e-08
1986100      3.67e-05      2.65e-06    1.1e-08
1986200      4.92e-06      3.55e-07    1.1e-08
1986300      1.47e-05      1.06e-06    1.1e-08
1986400      4.19e-05      3.02e-06    1.1e-08
1986500      8.46e-06      6.11e-07    1.1e-08
1986600      3.87e-06      2.80e-07    1.1e-08
1986700      8.32e-06      6.00e-07    1.1e-08
1986800      2.86e-05      2.06e-06    1.1e-08
1986900      9.37e-06      6.76e-07    1.1e-08
1987000      1.48e-04      1.07e-05    1.1e-08
1987100      1.50e-05      1.08e-06    1.1e-08
1987200      2.82e-05      2.03e-06    1.1e-08
1987300      1.86e-05      1.34e-06    1.1e-08
1987400      5.61e-06      4.05e-07    1.1e-08
1987500      1.90e-05      1.37e-06    1.1e-08
1987600      6.30e-06      4.55e-07    1.1e-08
1987700      1.11e-05      7.98e-07    1.1e-08
1987800      2.52e-05      1.82e-06    1.1e-08
1987900      1.60e-05      1.15e-06    1.1e-08
1988000      3.11e-05      2.25e-06    1.1e-08
1988100      1.76e-05      1.27e-06    1.1e-08
1988200      9.58e-06      6.91e-07    1.1e-08
1988300      2.19e-05      1.58e-06    1.1e-08
1988400      2.47e-06      1.79e-07    1.1e-08
1988500      1.81e-05      1.30e-06    1.1e-08
1988600      9.04e-06      6.53e-07    1.1e-08
1988700      5.92e-05      4.27e-06    1.1e-08
1988800      1.02e-04      7.38e-06    1.1e-08
1988900      1.07e-05      7.71e-07    1.1e-08
1989000      1.25e-05      9.01e-07    1.1e-08
1989100      2.92e-05      2.11e-06    1.1e-08
1989200      3.25e-05      2.35e-06    1.1e-08
1989300      7.78e-06      5.62e-07    1.1e-08
1989400      1.47e-05      1.06e-06    1.1e-08
1989500      1.63e-05      1.18e-06    1.1e-08
1989600      2.48e-05      1.79e-06    1.1e-08
1989700      1.63e-05      1.18e-06    1.1e-08
1989800      4.79e-05      3.46e-06    1.1e-08
1989900      1.35e-05      9.74e-07    1.1e-08
1990000      1.40e-05      1.01e-06    1.1e-08
1990100      2.45e-05      1.77e-06    1.1e-08
1990200      1.47e-05      1.06e-06    1.1e-08
1990300      1.43e-04      1.03e-05    1.1e-08
1990400      2.86e-05      2.06e-06    1.1e-08
1990500      2.55e-05      1.84e-06    1.1e-08
1990600      6.65e-05      4.80e-06    1.1e-08
1990700      9.48e-06      6.84e-07    1.1e-08
1990800      1.49e-05      1.08e-06    1.1e-08
1990900      1.97e-04      1.43e-05    1.1e-08
1991000      4.63e-05      3.34e-06    1.1e-08
1991100      2.11e-05      1.52e-06    1.1e-08
1991200      7.97e-06      5.75e-07    1.1e-08
1991300      7.48e-06      5.40e-07    1.1e-08
1991400      7.83e-06      5.65e-07    1.1e-08
1991500      9.22e-05      6.66e-06    1.1e-08
1991600      1.50e-05      1.08e-06    1.1e-08
1991700      9.37e-05      6.76e-06    1.1e-08
1991800      2.10e-05      1.52e-06    1.1e-08
1991900      1.59e-05      1.15e-06    1.1e-08
1992000      1.03e-04      7.45e-06    1.1e-08
1992100      1.20e-04      8.67e-06    1.1e-08
1992200      4.43e-05      3.20e-06    1.1e-08
1992300      1.67e-04      1.20e-05    1.1e-08
1992400      2.14e-05      1.55e-06    1.1e-08
1992500      1.86e-05      1.34e-06    1.1e-08
1992600      2.03e-05      1.46e-06    1.1e-08
1992700      1.77e-05      1.27e-06    1.1e-08
1992800      6.55e-05      4.73e-06    1.1e-08
1992900      2.82e-05      2.03e-06    1.1e-08
1993000      9.20e-06      6.64e-07    1.1e-08
1993100      2.45e-05      1.76e-06    1.1e-08
1993200      9.42e-06      6.80e-07    1.1e-08
1993300      7.30e-06      5.27e-07    1.1e-08
1993400      7.42e-06      5.35e-07    1.1e-08
1993500      1.21e-05      8.71e-07    1.1e-08
1993600      2.63e-05      1.90e-06    1.1e-08
1993700      8.91e-06      6.43e-07    1.1e-08
1993800      2.47e-05      1.78e-06    1.1e-08
1993900      3.53e-05      2.55e-06    1.1e-08
1994000      3.29e-05      2.37e-06    1.1e-08
1994100      3.62e-05      2.61e-06    1.1e-08
1994200      3.16e-06      2.28e-07    1.1e-08
1994300      8.40e-06      6.07e-07    1.1e-08
1994400      1.66e-05      1.20e-06    1.1e-08
1994500      7.11e-05      5.13e-06    1.1e-08
1994600      5.82e-06      4.20e-07    1.1e-08
1994700      1.23e-04      8.84e-06    1.1e-08
1994800      1.93e-04      1.39e-05    1.1e-08
1994900      4.82e-05      3.48e-06    1.1e-08
1995000      2.91e-05      2.10e-06    1.0e-08
1995100      2.17e-05      1.56e-06    1.0e-08
1995200      2.36e-05      1.71e-06    1.0e-08
1995300      2.71e-05      1.95e-06    1.0e-08
1995400      2.33e-06      1.68e-07    1.0e-08
1995500      6.65e-05      4.80e-06    1.0e-08
1995600      1.79e-05      1.29e-06    1.0e-08
1995700      1.99e-05      1.44e-06    1.0e-08
1995800      2.34e-05      1.69e-06    1.0e-08
1995900      1.95e-05      1.40e-06    1.0e-08
1996000      2.04e-04      1.47e-05    1.0e-08
1996100      2.33e-05      1.68e-06    1.0e-08
1996200      1.36e-05      9.80e-07    1.0e-08
1996300      1.87e-05      1.35e-06    1.0e-08
1996400      1.28e-05      9.24e-07    1.0e-08
1996500      4.17e-06      3.01e-07    1.0e-08
1996600      7.35e-06      5.30e-07    1.0e-08
1996700      1.20e-04      8.64e-06    1.0e-08
1996800      1.73e-05      1.25e-06    1.0e-08
1996900      2.69e-05      1.94e-06    1.0e-08
1997000      1.21e-05      8.75e-07    1.0e-08
1997100      4.58e-05      3.30e-06    1.0e-08
1997200      2.63e-05      1.90e-06    1.0e-08
1997300      3.63e-05      2.62e-06    1.0e-08
1997400      2.44e-05      1.76e-06    1.0e-08
1997500      2.46e-05      1.78e-06    1.0e-08
1997600      1.83e-04      1.32e-05    1.0e-08
1997700      1.84e-06      1.33e-07    1.0e-08
1997800      1.97e-05      1.42e-06    1.0e-08
1997900      2.33e-05      1.68e-06    1.0e-08
1998000      1.69e-05      1.22e-06    1.0e-08
1998100      3.36e-05      2.43e-06    1.0e-08
1998200      5.87e-05      4.24e-06    1.0e-08
1998300      1.63e-05      1.18e-06    1.0e-08
1998400      1.18e-05      8.48e-07    1.0e-08
1998500      3.72e-05      2.69e-06    1.0e-08
1998600      4.69e-05      3.38e-06    1.0e-08
1998700      3.45e-05      2.49e-06    1.0e-08
1998800      3.24e-05      2.34e-06    1.0e-08
1998900      1.75e-05      1.26e-06    1.0e-08
1999000      2.53e-05      1.83e-06    1.0e-08
1999100      7.64e-05      5.51e-06    1.0e-08
1999200      8.59e-06      6.20e-07    1.0e-08
1999300      1.30e-05      9.40e-07    1.0e-08
1999400      1.46e-05      1.05e-06    1.0e-08
1999500      5.28e-06      3.81e-07    1.0e-08
1999600      3.86e-05      2.78e-06    1.0e-08
1999700      4.39e-05      3.16e-06    1.0e-08
1999800      7.77e-05      5.60e-06    1.0e-08
1999900      3.14e-06      2.27e-07    1.0e-08
2000000      3.00e-05      2.17e-06    1.0e-08
