100     0.03080    0.01404    0.01671    0.00005      0.00005      
200     0.02618    0.01165    0.01436    0.00017      0.00018      
300     0.02120    0.00930    0.01179    0.00011      0.00011      
400     0.01575    0.00682    0.00893    0.00001      0.00001      
500     0.01212    0.00520    0.00685    0.00008      0.00008      
600     0.00980    0.00428    0.00550    0.00002      0.00002      
700     0.00770    0.00336    0.00428    0.00006      0.00006      
800     0.00670    0.00288    0.00372    0.00009      0.00010      
900     0.00602    0.00263    0.00334    0.00006      0.00006      
1000    0.00562    0.00245    0.00311    0.00007      0.00007      
1100    0.00513    0.00223    0.00285    0.00005      0.00005      
1200    0.00455    0.00195    0.00255    0.00005      0.00005      
1300    0.00428    0.00180    0.00230    0.00019      0.00019      
1400    0.00386    0.00166    0.00215    0.00005      0.00005      
1500    0.00347    0.00147    0.00194    0.00005      0.00006      
1600    0.00327    0.00140    0.00183    0.00004      0.00004      
1700    0.00292    0.00123    0.00165    0.00004      0.00004      
1800    0.00271    0.00114    0.00155    0.00002      0.00002      
1900    0.00247    0.00102    0.00140    0.00005      0.00005      
2000    0.00224    0.00092    0.00129    0.00003      0.00003      
2100    0.00203    0.00081    0.00118    0.00004      0.00004      
2200    0.00186    0.00071    0.00110    0.00006      0.00006      
2300    0.00172    0.00064    0.00103    0.00004      0.00004      
2400    0.00158    0.00058    0.00097    0.00004      0.00004      
2500    0.00146    0.00051    0.00091    0.00004      0.00004      
2600    0.00135    0.00045    0.00086    0.00004      0.00004      
2700    0.00126    0.00040    0.00083    0.00004      0.00004      
2800    0.00120    0.00036    0.00080    0.00004      0.00004      
2900    0.00113    0.00032    0.00078    0.00003      0.00004      
3000    0.00108    0.00028    0.00076    0.00004      0.00004      
3100    0.00103    0.00025    0.00074    0.00004      0.00004      
3200    0.00100    0.00023    0.00073    0.00003      0.00003      
3300    0.00096    0.00020    0.00072    0.00004      0.00004      
3400    0.00093    0.00018    0.00072    0.00003      0.00004      
3500    0.00091    0.00016    0.00071    0.00003      0.00004      
3600    0.00089    0.00015    0.00071    0.00004      0.00004      
3700    0.00087    0.00013    0.00070    0.00004      0.00004      
3800    0.00086    0.00012    0.00070    0.00004      0.00004      
3900    0.00085    0.00011    0.00070    0.00003      0.00004      
4000    0.00084    0.00010    0.00070    0.00004      0.00004      
4100    0.00083    0.00010    0.00070    0.00004      0.00004      
4200    0.00082    0.00009    0.00070    0.00004      0.00004      
4300    0.00082    0.00009    0.00070    0.00004      0.00004      
4400    0.00081    0.00008    0.00070    0.00004      0.00004      
4500    0.00081    0.00008    0.00070    0.00003      0.00004      
4600    0.00080    0.00007    0.00070    0.00003      0.00004      
4700    0.00080    0.00007    0.00070    0.00003      0.00004      
4800    0.00080    0.00007    0.00070    0.00003      0.00004      
4900    0.00080    0.00006    0.00070    0.00004      0.00004      
5000    0.00079    0.00006    0.00070    0.00004      0.00004      
5100    0.00079    0.00006    0.00070    0.00004      0.00004      
5200    0.00079    0.00006    0.00070    0.00004      0.00004      
5300    0.00079    0.00006    0.00070    0.00004      0.00004      
5400    0.00079    0.00006    0.00070    0.00004      0.00004      
5500    0.00079    0.00006    0.00070    0.00004      0.00004      
5600    0.00079    0.00006    0.00069    0.00004      0.00004      
5700    0.00079    0.00006    0.00069    0.00004      0.00004      
5800    0.00078    0.00005    0.00069    0.00004      0.00004      
5900    0.00078    0.00005    0.00069    0.00004      0.00004      
6000    0.00078    0.00005    0.00069    0.00004      0.00004      
6100    0.00078    0.00005    0.00069    0.00004      0.00004      
6200    0.00078    0.00005    0.00069    0.00004      0.00004      
6300    0.00078    0.00005    0.00069    0.00004      0.00004      
6400    0.00078    0.00005    0.00069    0.00004      0.00004      
6500    0.00078    0.00005    0.00069    0.00004      0.00004      
6600    0.00078    0.00005    0.00069    0.00004      0.00004      
6700    0.00078    0.00005    0.00069    0.00004      0.00004      
6800    0.00078    0.00005    0.00069    0.00004      0.00004      
6900    0.00078    0.00005    0.00069    0.00004      0.00004      
7000    0.00078    0.00005    0.00069    0.00004      0.00004      
7100    0.00078    0.00005    0.00069    0.00004      0.00004      
7200    0.00078    0.00005    0.00069    0.00004      0.00004      
7300    0.00078    0.00005    0.00069    0.00004      0.00004      
7400    0.00078    0.00005    0.00069    0.00004      0.00004      
7500    0.00078    0.00005    0.00069    0.00004      0.00004      
7600    0.00078    0.00005    0.00069    0.00004      0.00004      
7700    0.00078    0.00005    0.00069    0.00004      0.00004      
7800    0.00078    0.00005    0.00069    0.00004      0.00004      
7900    0.00078    0.00005    0.00069    0.00004      0.00004      
8000    0.00078    0.00005    0.00069    0.00004      0.00004      
8100    0.00078    0.00005    0.00069    0.00004      0.00004      
8200    0.00078    0.00005    0.00069    0.00004      0.00004      
8300    0.00078    0.00005    0.00069    0.00004      0.00004      
8400    0.00078    0.00005    0.00069    0.00004      0.00004      
8500    0.00078    0.00005    0.00069    0.00004      0.00004      
8600    0.00078    0.00005    0.00069    0.00004      0.00004      
8700    0.00078    0.00005    0.00069    0.00004      0.00004      
8800    0.00078    0.00005    0.00069    0.00004      0.00004      
8900    0.00078    0.00005    0.00069    0.00004      0.00004      
9000    0.00078    0.00005    0.00069    0.00004      0.00004      
9100    0.00078    0.00005    0.00069    0.00004      0.00004      
9200    0.00078    0.00005    0.00069    0.00004      0.00004      
9300    0.00078    0.00005    0.00069    0.00004      0.00004      
9400    0.00078    0.00005    0.00069    0.00003      0.00004      
9500    0.00078    0.00005    0.00069    0.00003      0.00004      
9600    0.00078    0.00005    0.00069    0.00003      0.00004      
9700    0.00078    0.00005    0.00069    0.00003      0.00004      
9800    0.00078    0.00005    0.00069    0.00003      0.00004      
9900    0.00078    0.00005    0.00069    0.00003      0.00004      
10000   0.00078    0.00005    0.00069    0.00003      0.00004      
10100   0.00078    0.00005    0.00069    0.00003      0.00004      
10200   0.00078    0.00005    0.00069    0.00003      0.00004      
10300   0.00078    0.00005    0.00069    0.00003      0.00004      
10400   0.00078    0.00005    0.00069    0.00003      0.00004      
10500   0.00078    0.00005    0.00069    0.00003      0.00004      
10600   0.00078    0.00005    0.00069    0.00003      0.00004      
10700   0.00078    0.00005    0.00069    0.00003      0.00004      
10800   0.00078    0.00005    0.00069    0.00003      0.00004      
10900   0.00078    0.00005    0.00069    0.00003      0.00004      
11000   0.00078    0.00005    0.00069    0.00003      0.00004      
11100   0.00078    0.00005    0.00069    0.00003      0.00004      
11200   0.00078    0.00005    0.00069    0.00003      0.00004      
11300   0.00078    0.00005    0.00069    0.00003      0.00004      
11400   0.00078    0.00005    0.00069    0.00003      0.00004      
11500   0.00078    0.00005    0.00069    0.00003      0.00004      
11600   0.00078    0.00005    0.00069    0.00003      0.00004      
11700   0.00078    0.00005    0.00069    0.00003      0.00004      
11800   0.00078    0.00005    0.00069    0.00003      0.00004      
11900   0.00078    0.00005    0.00069    0.00003      0.00004      
12000   0.00078    0.00005    0.00069    0.00003      0.00004      
12100   0.00078    0.00005    0.00069    0.00003      0.00004      
12200   0.00078    0.00005    0.00069    0.00003      0.00004      
12300   0.00078    0.00005    0.00069    0.00003      0.00004      
12400   0.00078    0.00005    0.00069    0.00003      0.00004      
12500   0.00078    0.00005    0.00069    0.00004      0.00004      
12600   0.00078    0.00005    0.00069    0.00004      0.00004      
12700   0.00078    0.00005    0.00069    0.00004      0.00004      
12800   0.00078    0.00005    0.00069    0.00004      0.00004      
12900   0.00078    0.00005    0.00069    0.00004      0.00004      
13000   0.00078    0.00005    0.00069    0.00004      0.00004      
13100   0.00078    0.00005    0.00069    0.00004      0.00004      
13200   0.00078    0.00005    0.00069    0.00004      0.00004      
13300   0.00078    0.00005    0.00069    0.00004      0.00004      
13400   0.00078    0.00005    0.00069    0.00004      0.00004      
13500   0.00078    0.00005    0.00069    0.00004      0.00004      
13600   0.00078    0.00005    0.00069    0.00004      0.00004      
13700   0.00078    0.00005    0.00069    0.00004      0.00004      
13800   0.00078    0.00005    0.00069    0.00004      0.00004      
13900   0.00078    0.00005    0.00069    0.00004      0.00004      
14000   0.00078    0.00005    0.00069    0.00004      0.00004      
14100   0.00078    0.00005    0.00069    0.00004      0.00004      
14200   0.00078    0.00005    0.00069    0.00004      0.00004      
14300   0.00078    0.00005    0.00069    0.00004      0.00004      
14400   0.00078    0.00005    0.00069    0.00004      0.00004      
14500   0.00078    0.00005    0.00069    0.00004      0.00004      
14600   0.00078    0.00005    0.00069    0.00004      0.00004      
14700   0.00078    0.00005    0.00069    0.00004      0.00004      
14800   0.00078    0.00005    0.00069    0.00004      0.00004      
14900   0.00078    0.00005    0.00069    0.00004      0.00004      
15000   0.00078    0.00005    0.00069    0.00004      0.00004      
15100   0.00078    0.00005    0.00069    0.00004      0.00004      
15200   0.00078    0.00005    0.00069    0.00004      0.00004      
15300   0.00078    0.00005    0.00069    0.00004      0.00004      
15400   0.00078    0.00005    0.00069    0.00004      0.00004      
15500   0.00078    0.00005    0.00069    0.00004      0.00004      
15600   0.00078    0.00005    0.00069    0.00004      0.00004      
15700   0.00078    0.00005    0.00069    0.00004      0.00004      
15800   0.00078    0.00005    0.00069    0.00004      0.00004      
15900   0.00078    0.00005    0.00069    0.00004      0.00004      
16000   0.00078    0.00005    0.00069    0.00004      0.00004      
16100   0.00078    0.00005    0.00069    0.00004      0.00004      
16200   0.00078    0.00005    0.00069    0.00004      0.00004      
16300   0.00078    0.00005    0.00069    0.00004      0.00004      
16400   0.00078    0.00005    0.00069    0.00004      0.00004      
16500   0.00078    0.00005    0.00069    0.00004      0.00004      
16600   0.00078    0.00005    0.00069    0.00004      0.00004      
16700   0.00078    0.00005    0.00069    0.00004      0.00004      
16800   0.00078    0.00005    0.00069    0.00004      0.00004      
16900   0.00078    0.00005    0.00069    0.00004      0.00004      
17000   0.00078    0.00005    0.00069    0.00004      0.00004      
17100   0.00078    0.00005    0.00069    0.00004      0.00004      
17200   0.00078    0.00005    0.00069    0.00004      0.00004      
17300   0.00078    0.00005    0.00069    0.00004      0.00004      
17400   0.00078    0.00005    0.00069    0.00004      0.00004      
17500   0.00078    0.00005    0.00069    0.00004      0.00004      
17600   0.00078    0.00005    0.00069    0.00004      0.00004      
17700   0.00078    0.00005    0.00069    0.00004      0.00004      
17800   0.00078    0.00005    0.00069    0.00004      0.00004      
17900   0.00078    0.00005    0.00069    0.00004      0.00004      
18000   0.00078    0.00005    0.00069    0.00004      0.00004      
18100   0.00078    0.00005    0.00069    0.00004      0.00004      
18200   0.00078    0.00005    0.00069    0.00004      0.00004      
18300   0.00078    0.00005    0.00069    0.00004      0.00004      
18400   0.00078    0.00005    0.00069    0.00004      0.00004      
18500   0.00078    0.00005    0.00069    0.00004      0.00004      
18600   0.00078    0.00005    0.00069    0.00004      0.00004      
18700   0.00078    0.00005    0.00069    0.00004      0.00004      
18800   0.00078    0.00005    0.00069    0.00004      0.00004      
18900   0.00078    0.00005    0.00069    0.00004      0.00004      
19000   0.00078    0.00005    0.00069    0.00004      0.00004      
19100   0.00078    0.00005    0.00069    0.00004      0.00004      
19200   0.00078    0.00005    0.00069    0.00004      0.00004      
19300   0.00078    0.00005    0.00069    0.00004      0.00004      
19400   0.00078    0.00005    0.00069    0.00004      0.00004      
19500   0.00078    0.00005    0.00069    0.00004      0.00004      
19600   0.00078    0.00005    0.00069    0.00004      0.00004      
19700   0.00078    0.00005    0.00069    0.00004      0.00004      
19800   0.00078    0.00005    0.00069    0.00004      0.00004      
19900   0.00078    0.00005    0.00069    0.00004      0.00004      
20000   0.00078    0.00005    0.00069    0.00004      0.00004      
20100   0.00078    0.00005    0.00069    0.00004      0.00004      
20200   0.00078    0.00005    0.00069    0.00004      0.00004      
20300   0.00078    0.00005    0.00069    0.00004      0.00004      
20400   0.00078    0.00005    0.00069    0.00004      0.00004      
20500   0.00078    0.00005    0.00069    0.00004      0.00004      
20600   0.00078    0.00005    0.00069    0.00004      0.00004      
20700   0.00078    0.00005    0.00069    0.00004      0.00004      
20800   0.00078    0.00005    0.00069    0.00004      0.00004      
20900   0.00078    0.00005    0.00069    0.00004      0.00004      
21000   0.00078    0.00005    0.00069    0.00004      0.00004      
21100   0.00078    0.00005    0.00069    0.00004      0.00004      
21200   0.00078    0.00005    0.00069    0.00004      0.00004      
21300   0.00078    0.00005    0.00069    0.00004      0.00004      
21400   0.00078    0.00005    0.00069    0.00004      0.00004      
21500   0.00078    0.00005    0.00069    0.00004      0.00004      
21600   0.00078    0.00005    0.00069    0.00004      0.00004      
21700   0.00078    0.00005    0.00069    0.00004      0.00004      
21800   0.00078    0.00005    0.00069    0.00004      0.00004      
21900   0.00078    0.00005    0.00069    0.00004      0.00004      
22000   0.00078    0.00005    0.00069    0.00004      0.00004      
22100   0.00078    0.00005    0.00069    0.00004      0.00004      
22200   0.00078    0.00005    0.00069    0.00004      0.00004      
22300   0.00078    0.00005    0.00069    0.00004      0.00004      
22400   0.00078    0.00005    0.00069    0.00004      0.00004      
22500   0.00078    0.00005    0.00069    0.00004      0.00004      
22600   0.00078    0.00005    0.00069    0.00004      0.00004      
22700   0.00078    0.00005    0.00069    0.00004      0.00004      
22800   0.00078    0.00005    0.00069    0.00004      0.00004      
22900   0.00078    0.00005    0.00069    0.00004      0.00004      
23000   0.00078    0.00005    0.00069    0.00004      0.00004      
23100   0.00078    0.00005    0.00069    0.00004      0.00004      
23200   0.00078    0.00005    0.00069    0.00004      0.00004      
23300   0.00078    0.00005    0.00069    0.00004      0.00004      
23400   0.00078    0.00005    0.00069    0.00004      0.00004      
23500   0.00078    0.00005    0.00069    0.00004      0.00004      
23600   0.00078    0.00005    0.00069    0.00004      0.00004      
23700   0.00078    0.00005    0.00069    0.00004      0.00004      
23800   0.00078    0.00005    0.00069    0.00004      0.00004      
23900   0.00078    0.00005    0.00069    0.00004      0.00004      
24000   0.00078    0.00005    0.00069    0.00004      0.00004      
24100   0.00078    0.00005    0.00069    0.00004      0.00004      
24200   0.00078    0.00005    0.00069    0.00004      0.00004      
24300   0.00078    0.00005    0.00069    0.00004      0.00004      
24400   0.00078    0.00005    0.00069    0.00004      0.00004      
24500   0.00078    0.00005    0.00069    0.00004      0.00004      
24600   0.00078    0.00005    0.00069    0.00004      0.00004      
24700   0.00078    0.00005    0.00069    0.00004      0.00004      
24800   0.00078    0.00005    0.00069    0.00004      0.00004      
24900   0.00078    0.00005    0.00069    0.00004      0.00004      
25000   0.00078    0.00005    0.00069    0.00004      0.00004      
25100   0.00078    0.00005    0.00069    0.00004      0.00004      
25200   0.00078    0.00005    0.00069    0.00004      0.00004      
25300   0.00078    0.00005    0.00069    0.00004      0.00004      
25400   0.00078    0.00005    0.00069    0.00004      0.00004      
25500   0.00078    0.00005    0.00069    0.00004      0.00004      
25600   0.00078    0.00005    0.00069    0.00004      0.00004      
25700   0.00078    0.00005    0.00069    0.00004      0.00004      
25800   0.00078    0.00005    0.00069    0.00004      0.00004      
25900   0.00078    0.00005    0.00069    0.00004      0.00004      
26000   0.00078    0.00005    0.00069    0.00004      0.00004      
26100   0.00078    0.00005    0.00069    0.00004      0.00004      
26200   0.00078    0.00005    0.00069    0.00004      0.00004      
26300   0.00078    0.00005    0.00069    0.00004      0.00004      
26400   0.00078    0.00005    0.00069    0.00004      0.00004      
26500   0.00078    0.00005    0.00069    0.00004      0.00004      
26600   0.00078    0.00005    0.00069    0.00004      0.00004      
26700   0.00078    0.00005    0.00069    0.00004      0.00004      
26800   0.00078    0.00005    0.00069    0.00004      0.00004      
26900   0.00078    0.00005    0.00069    0.00004      0.00004      
27000   0.00078    0.00005    0.00069    0.00004      0.00004      
27100   0.00078    0.00005    0.00069    0.00004      0.00004      
27200   0.00078    0.00005    0.00069    0.00004      0.00004      
27300   0.00078    0.00005    0.00069    0.00004      0.00004      
27400   0.00078    0.00005    0.00069    0.00004      0.00004      
27500   0.00078    0.00005    0.00069    0.00004      0.00004      
27600   0.00078    0.00005    0.00069    0.00004      0.00004      
27700   0.00078    0.00005    0.00069    0.00004      0.00004      
27800   0.00078    0.00005    0.00069    0.00004      0.00004      
27900   0.00078    0.00005    0.00069    0.00004      0.00004      
28000   0.00078    0.00005    0.00069    0.00004      0.00004      
28100   0.00078    0.00005    0.00069    0.00004      0.00004      
28200   0.00078    0.00005    0.00069    0.00004      0.00004      
28300   0.00078    0.00005    0.00069    0.00004      0.00004      
28400   0.00078    0.00005    0.00069    0.00004      0.00004      
28500   0.00078    0.00005    0.00069    0.00004      0.00004      
28600   0.00078    0.00005    0.00069    0.00004      0.00004      
28700   0.00078    0.00005    0.00069    0.00004      0.00004      
28800   0.00078    0.00005    0.00069    0.00004      0.00004      
28900   0.00078    0.00005    0.00069    0.00004      0.00004      
29000   0.00078    0.00005    0.00069    0.00004      0.00004      
29100   0.00078    0.00005    0.00069    0.00004      0.00004      
29200   0.00078    0.00005    0.00069    0.00004      0.00004      
29300   0.00078    0.00005    0.00069    0.00004      0.00004      
29400   0.00078    0.00005    0.00069    0.00004      0.00004      
29500   0.00078    0.00005    0.00069    0.00004      0.00004      
29600   0.00078    0.00005    0.00069    0.00004      0.00004      
29700   0.00078    0.00005    0.00069    0.00004      0.00004      
29800   0.00078    0.00005    0.00069    0.00004      0.00004      
29900   0.00078    0.00005    0.00069    0.00004      0.00004      
30000   0.00078    0.00005    0.00069    0.00004      0.00004      
30100   0.00078    0.00005    0.00069    0.00004      0.00004      
30200   0.00078    0.00005    0.00069    0.00004      0.00004      
30300   0.00078    0.00005    0.00069    0.00004      0.00004      
30400   0.00078    0.00005    0.00069    0.00004      0.00004      
30500   0.00078    0.00005    0.00069    0.00004      0.00004      
30600   0.00078    0.00005    0.00069    0.00004      0.00004      
30700   0.00078    0.00005    0.00069    0.00004      0.00004      
30800   0.00078    0.00005    0.00069    0.00004      0.00004      
30900   0.00078    0.00005    0.00069    0.00004      0.00004      
31000   0.00078    0.00005    0.00069    0.00004      0.00004      
31100   0.00078    0.00005    0.00069    0.00004      0.00004      
31200   0.00078    0.00005    0.00069    0.00004      0.00004      
31300   0.00078    0.00005    0.00069    0.00004      0.00004      
31400   0.00078    0.00005    0.00069    0.00004      0.00004      
31500   0.00078    0.00005    0.00069    0.00004      0.00004      
31600   0.00078    0.00005    0.00069    0.00004      0.00004      
31700   0.00078    0.00005    0.00069    0.00004      0.00004      
31800   0.00078    0.00005    0.00069    0.00004      0.00004      
31900   0.00078    0.00005    0.00069    0.00004      0.00004      
32000   0.00078    0.00005    0.00069    0.00004      0.00004      
32100   0.00078    0.00005    0.00069    0.00004      0.00004      
32200   0.00078    0.00005    0.00069    0.00004      0.00004      
32300   0.00078    0.00005    0.00069    0.00004      0.00004      
32400   0.00078    0.00005    0.00069    0.00004      0.00004      
32500   0.00078    0.00005    0.00069    0.00004      0.00004      
32600   0.00078    0.00005    0.00069    0.00004      0.00004      
32700   0.00078    0.00005    0.00069    0.00004      0.00004      
32800   0.00078    0.00005    0.00069    0.00004      0.00004      
32900   0.00078    0.00005    0.00069    0.00004      0.00004      
33000   0.00078    0.00005    0.00069    0.00004      0.00004      
33100   0.00078    0.00005    0.00069    0.00004      0.00004      
33200   0.00078    0.00005    0.00069    0.00004      0.00004      
33300   0.00078    0.00005    0.00069    0.00004      0.00004      
33400   0.00078    0.00005    0.00069    0.00004      0.00004      
33500   0.00078    0.00005    0.00069    0.00004      0.00004      
33600   0.00078    0.00005    0.00069    0.00004      0.00004      
33700   0.00078    0.00005    0.00069    0.00004      0.00004      
33800   0.00078    0.00005    0.00069    0.00004      0.00004      
33900   0.00078    0.00005    0.00069    0.00004      0.00004      
34000   0.00078    0.00005    0.00069    0.00004      0.00004      
34100   0.00078    0.00005    0.00069    0.00004      0.00004      
34200   0.00078    0.00005    0.00069    0.00004      0.00004      
34300   0.00078    0.00005    0.00069    0.00004      0.00004      
34400   0.00078    0.00005    0.00069    0.00004      0.00004      
34500   0.00078    0.00005    0.00069    0.00004      0.00004      
34600   0.00078    0.00005    0.00069    0.00004      0.00004      
34700   0.00078    0.00005    0.00069    0.00004      0.00004      
34800   0.00078    0.00005    0.00069    0.00004      0.00004      
34900   0.00078    0.00005    0.00069    0.00004      0.00004      
35000   0.00078    0.00005    0.00069    0.00004      0.00004      
35100   0.00078    0.00005    0.00069    0.00004      0.00004      
35200   0.00078    0.00005    0.00069    0.00004      0.00004      
35300   0.00078    0.00005    0.00069    0.00004      0.00004      
35400   0.00078    0.00005    0.00069    0.00004      0.00004      
35500   0.00078    0.00005    0.00069    0.00004      0.00004      
35600   0.00078    0.00005    0.00069    0.00004      0.00004      
35700   0.00078    0.00005    0.00069    0.00004      0.00004      
35800   0.00078    0.00005    0.00069    0.00004      0.00004      
35900   0.00078    0.00005    0.00069    0.00004      0.00004      
36000   0.00078    0.00005    0.00069    0.00004      0.00004      
36100   0.00078    0.00005    0.00069    0.00004      0.00004      
36200   0.00078    0.00005    0.00069    0.00004      0.00004      
36300   0.00078    0.00005    0.00069    0.00004      0.00004      
36400   0.00078    0.00005    0.00069    0.00004      0.00004      
36500   0.00078    0.00005    0.00069    0.00004      0.00004      
36600   0.00078    0.00005    0.00069    0.00004      0.00004      
36700   0.00078    0.00005    0.00069    0.00004      0.00004      
36800   0.00078    0.00005    0.00069    0.00004      0.00004      
36900   0.00078    0.00005    0.00069    0.00004      0.00004      
37000   0.00078    0.00005    0.00069    0.00004      0.00004      
37100   0.00078    0.00005    0.00069    0.00004      0.00004      
37200   0.00078    0.00005    0.00069    0.00004      0.00004      
37300   0.00078    0.00005    0.00069    0.00004      0.00004      
37400   0.00078    0.00005    0.00069    0.00004      0.00004      
37500   0.00078    0.00005    0.00069    0.00004      0.00004      
37600   0.00078    0.00005    0.00069    0.00004      0.00004      
37700   0.00078    0.00005    0.00069    0.00004      0.00004      
37800   0.00078    0.00005    0.00069    0.00004      0.00004      
37900   0.00078    0.00005    0.00069    0.00004      0.00004      
38000   0.00078    0.00005    0.00069    0.00004      0.00004      
38100   0.00078    0.00005    0.00069    0.00004      0.00004      
38200   0.00078    0.00005    0.00069    0.00004      0.00004      
38300   0.00078    0.00005    0.00069    0.00004      0.00004      
38400   0.00078    0.00005    0.00069    0.00004      0.00004      
38500   0.00078    0.00005    0.00069    0.00004      0.00004      
38600   0.00078    0.00005    0.00069    0.00004      0.00004      
38700   0.00078    0.00005    0.00069    0.00004      0.00004      
38800   0.00078    0.00005    0.00069    0.00004      0.00004      
38900   0.00078    0.00005    0.00069    0.00004      0.00004      
39000   0.00078    0.00005    0.00069    0.00004      0.00004      
39100   0.00078    0.00005    0.00069    0.00004      0.00004      
39200   0.00078    0.00005    0.00069    0.00004      0.00004      
39300   0.00078    0.00005    0.00069    0.00004      0.00004      
39400   0.00078    0.00005    0.00069    0.00004      0.00004      
39500   0.00078    0.00005    0.00069    0.00004      0.00004      
39600   0.00078    0.00005    0.00069    0.00004      0.00004      
39700   0.00078    0.00005    0.00069    0.00004      0.00004      
39800   0.00078    0.00005    0.00069    0.00004      0.00004      
39900   0.00078    0.00005    0.00069    0.00004      0.00004      
40000   0.00078    0.00005    0.00069    0.00004      0.00004      
40100   0.00078    0.00005    0.00069    0.00004      0.00004      
40200   0.00078    0.00005    0.00069    0.00004      0.00004      
40300   0.00078    0.00005    0.00069    0.00004      0.00004      
40400   0.00078    0.00005    0.00069    0.00004      0.00004      
40500   0.00078    0.00005    0.00069    0.00004      0.00004      
40600   0.00078    0.00005    0.00069    0.00004      0.00004      
40700   0.00078    0.00005    0.00069    0.00004      0.00004      
40800   0.00078    0.00005    0.00069    0.00004      0.00004      
40900   0.00078    0.00005    0.00069    0.00004      0.00004      
41000   0.00078    0.00005    0.00069    0.00004      0.00004      
41100   0.00078    0.00005    0.00069    0.00004      0.00004      
41200   0.00078    0.00005    0.00069    0.00004      0.00004      
41300   0.00078    0.00005    0.00069    0.00004      0.00004      
41400   0.00078    0.00005    0.00069    0.00004      0.00004      
41500   0.00078    0.00005    0.00069    0.00004      0.00004      
41600   0.00078    0.00005    0.00069    0.00004      0.00004      
41700   0.00078    0.00005    0.00069    0.00004      0.00004      
41800   0.00078    0.00005    0.00069    0.00004      0.00004      
41900   0.00078    0.00005    0.00069    0.00004      0.00004      
42000   0.00078    0.00005    0.00069    0.00004      0.00004      
42100   0.00078    0.00005    0.00069    0.00004      0.00004      
42200   0.00078    0.00005    0.00069    0.00004      0.00004      
42300   0.00078    0.00005    0.00069    0.00004      0.00004      
42400   0.00078    0.00005    0.00069    0.00004      0.00004      
42500   0.00078    0.00005    0.00069    0.00004      0.00004      
42600   0.00078    0.00005    0.00069    0.00004      0.00004      
42700   0.00078    0.00005    0.00069    0.00004      0.00004      
42800   0.00078    0.00005    0.00069    0.00004      0.00004      
42900   0.00078    0.00005    0.00069    0.00004      0.00004      
43000   0.00078    0.00005    0.00069    0.00004      0.00004      
43100   0.00078    0.00005    0.00069    0.00004      0.00004      
43200   0.00078    0.00005    0.00069    0.00004      0.00004      
43300   0.00078    0.00005    0.00069    0.00004      0.00004      
43400   0.00078    0.00005    0.00069    0.00004      0.00004      
43500   0.00078    0.00005    0.00069    0.00004      0.00004      
43600   0.00078    0.00005    0.00069    0.00004      0.00004      
43700   0.00078    0.00005    0.00069    0.00004      0.00004      
43800   0.00078    0.00005    0.00069    0.00004      0.00004      
43900   0.00078    0.00005    0.00069    0.00004      0.00004      
44000   0.00078    0.00005    0.00069    0.00004      0.00004      
44100   0.00078    0.00005    0.00069    0.00004      0.00004      
44200   0.00078    0.00005    0.00069    0.00004      0.00004      
44300   0.00078    0.00005    0.00069    0.00004      0.00004      
44400   0.00078    0.00005    0.00069    0.00004      0.00004      
44500   0.00078    0.00005    0.00069    0.00004      0.00004      
44600   0.00078    0.00005    0.00069    0.00004      0.00004      
44700   0.00078    0.00005    0.00069    0.00004      0.00004      
44800   0.00078    0.00005    0.00069    0.00004      0.00004      
44900   0.00078    0.00005    0.00069    0.00004      0.00004      
45000   0.00078    0.00005    0.00069    0.00004      0.00004      
45100   0.00078    0.00005    0.00069    0.00004      0.00004      
45200   0.00078    0.00005    0.00069    0.00004      0.00004      
45300   0.00078    0.00005    0.00069    0.00004      0.00004      
45400   0.00078    0.00005    0.00069    0.00004      0.00004      
45500   0.00078    0.00005    0.00069    0.00004      0.00004      
45600   0.00078    0.00005    0.00069    0.00004      0.00004      
45700   0.00078    0.00005    0.00069    0.00004      0.00004      
45800   0.00078    0.00005    0.00069    0.00004      0.00004      
45900   0.00078    0.00005    0.00069    0.00004      0.00004      
46000   0.00078    0.00005    0.00069    0.00004      0.00004      
46100   0.00078    0.00005    0.00069    0.00004      0.00004      
46200   0.00078    0.00005    0.00069    0.00004      0.00004      
46300   0.00078    0.00005    0.00069    0.00004      0.00004      
46400   0.00078    0.00005    0.00069    0.00004      0.00004      
46500   0.00078    0.00005    0.00069    0.00004      0.00004      
46600   0.00078    0.00005    0.00069    0.00004      0.00004      
46700   0.00078    0.00005    0.00069    0.00004      0.00004      
46800   0.00078    0.00005    0.00069    0.00004      0.00004      
46900   0.00078    0.00005    0.00069    0.00004      0.00004      
47000   0.00078    0.00005    0.00069    0.00004      0.00004      
47100   0.00078    0.00005    0.00069    0.00004      0.00004      
47200   0.00078    0.00005    0.00069    0.00004      0.00004      
47300   0.00078    0.00005    0.00069    0.00004      0.00004      
47400   0.00078    0.00005    0.00069    0.00004      0.00004      
47500   0.00078    0.00005    0.00069    0.00004      0.00004      
47600   0.00078    0.00005    0.00069    0.00004      0.00004      
47700   0.00078    0.00005    0.00069    0.00004      0.00004      
47800   0.00078    0.00005    0.00069    0.00004      0.00004      
47900   0.00078    0.00005    0.00069    0.00004      0.00004      
48000   0.00078    0.00005    0.00069    0.00004      0.00004      
48100   0.00078    0.00005    0.00069    0.00004      0.00004      
48200   0.00078    0.00005    0.00069    0.00004      0.00004      
48300   0.00078    0.00005    0.00069    0.00004      0.00004      
48400   0.00078    0.00005    0.00069    0.00004      0.00004      
48500   0.00078    0.00005    0.00069    0.00004      0.00004      
48600   0.00078    0.00005    0.00069    0.00004      0.00004      
48700   0.00078    0.00005    0.00069    0.00004      0.00004      
48800   0.00078    0.00005    0.00069    0.00004      0.00004      
48900   0.00078    0.00005    0.00069    0.00004      0.00004      
49000   0.00078    0.00005    0.00069    0.00004      0.00004      
49100   0.00078    0.00005    0.00069    0.00004      0.00004      
49200   0.00078    0.00005    0.00069    0.00004      0.00004      
49300   0.00078    0.00005    0.00069    0.00004      0.00004      
49400   0.00078    0.00005    0.00069    0.00004      0.00004      
49500   0.00078    0.00005    0.00069    0.00004      0.00004      
49600   0.00078    0.00005    0.00069    0.00004      0.00004      
49700   0.00078    0.00005    0.00069    0.00004      0.00004      
49800   0.00078    0.00005    0.00069    0.00004      0.00004      
49900   0.00078    0.00005    0.00069    0.00004      0.00004      
50000   0.00078    0.00005    0.00069    0.00004      0.00004      
50100   0.00078    0.00005    0.00069    0.00004      0.00004      
50200   0.00078    0.00005    0.00069    0.00004      0.00004      
50300   0.00078    0.00005    0.00069    0.00004      0.00004      
50400   0.00078    0.00005    0.00069    0.00004      0.00004      
50500   0.00078    0.00005    0.00069    0.00004      0.00004      
50600   0.00078    0.00005    0.00069    0.00004      0.00004      
50700   0.00078    0.00005    0.00069    0.00004      0.00004      
50800   0.00078    0.00005    0.00069    0.00004      0.00004      
50900   0.00078    0.00005    0.00069    0.00004      0.00004      
51000   0.00078    0.00005    0.00069    0.00004      0.00004      
51100   0.00078    0.00005    0.00069    0.00004      0.00004      
51200   0.00078    0.00005    0.00069    0.00004      0.00004      
51300   0.00078    0.00005    0.00069    0.00004      0.00004      
51400   0.00078    0.00005    0.00069    0.00004      0.00004      
51500   0.00078    0.00005    0.00069    0.00004      0.00004      
51600   0.00078    0.00005    0.00069    0.00004      0.00004      
51700   0.00078    0.00005    0.00069    0.00004      0.00004      
51800   0.00078    0.00005    0.00069    0.00004      0.00004      
51900   0.00078    0.00005    0.00069    0.00004      0.00004      
52000   0.00078    0.00005    0.00069    0.00004      0.00004      
52100   0.00078    0.00005    0.00069    0.00004      0.00004      
52200   0.00078    0.00005    0.00069    0.00004      0.00004      
52300   0.00078    0.00005    0.00069    0.00004      0.00004      
52400   0.00078    0.00005    0.00069    0.00004      0.00004      
52500   0.00078    0.00005    0.00069    0.00004      0.00004      
52600   0.00078    0.00005    0.00069    0.00004      0.00004      
52700   0.00078    0.00005    0.00069    0.00004      0.00004      
52800   0.00078    0.00005    0.00069    0.00004      0.00004      
52900   0.00078    0.00005    0.00069    0.00004      0.00004      
53000   0.00078    0.00005    0.00069    0.00004      0.00004      
53100   0.00078    0.00005    0.00069    0.00004      0.00004      
53200   0.00078    0.00005    0.00069    0.00004      0.00004      
53300   0.00078    0.00005    0.00069    0.00004      0.00004      
53400   0.00078    0.00005    0.00069    0.00004      0.00004      
53500   0.00078    0.00005    0.00069    0.00004      0.00004      
53600   0.00078    0.00005    0.00069    0.00004      0.00004      
53700   0.00078    0.00005    0.00069    0.00004      0.00004      
53800   0.00078    0.00005    0.00069    0.00004      0.00004      
53900   0.00078    0.00005    0.00069    0.00004      0.00004      
54000   0.00078    0.00005    0.00069    0.00004      0.00004      
54100   0.00078    0.00005    0.00069    0.00004      0.00004      
54200   0.00078    0.00005    0.00069    0.00004      0.00004      
54300   0.00078    0.00005    0.00069    0.00004      0.00004      
54400   0.00078    0.00005    0.00069    0.00004      0.00004      
54500   0.00078    0.00005    0.00069    0.00004      0.00004      
54600   0.00078    0.00005    0.00069    0.00004      0.00004      
54700   0.00078    0.00005    0.00069    0.00004      0.00004      
54800   0.00078    0.00005    0.00069    0.00004      0.00004      
54900   0.00078    0.00005    0.00069    0.00004      0.00004      
55000   0.00078    0.00005    0.00069    0.00004      0.00004      
55100   0.00078    0.00005    0.00069    0.00004      0.00004      
55200   0.00078    0.00005    0.00069    0.00004      0.00004      
55300   0.00078    0.00005    0.00069    0.00004      0.00004      
55400   0.00078    0.00005    0.00069    0.00004      0.00004      
55500   0.00078    0.00005    0.00069    0.00004      0.00004      
55600   0.00078    0.00005    0.00069    0.00004      0.00004      
55700   0.00078    0.00005    0.00069    0.00004      0.00004      
55800   0.00078    0.00005    0.00069    0.00004      0.00004      
55900   0.00078    0.00005    0.00069    0.00004      0.00004      
56000   0.00078    0.00005    0.00069    0.00004      0.00004      
56100   0.00078    0.00005    0.00069    0.00004      0.00004      
56200   0.00078    0.00005    0.00069    0.00004      0.00004      
56300   0.00078    0.00005    0.00069    0.00004      0.00004      
56400   0.00078    0.00005    0.00069    0.00004      0.00004      
56500   0.00078    0.00005    0.00069    0.00004      0.00004      
56600   0.00078    0.00005    0.00069    0.00004      0.00004      
56700   0.00078    0.00005    0.00069    0.00004      0.00004      
56800   0.00078    0.00005    0.00069    0.00004      0.00004      
56900   0.00078    0.00005    0.00069    0.00004      0.00004      
57000   0.00078    0.00005    0.00069    0.00004      0.00004      
57100   0.00078    0.00005    0.00069    0.00004      0.00004      
57200   0.00078    0.00005    0.00069    0.00004      0.00004      
57300   0.00078    0.00005    0.00069    0.00004      0.00004      
57400   0.00078    0.00005    0.00069    0.00004      0.00004      
57500   0.00078    0.00005    0.00069    0.00004      0.00004      
57600   0.00078    0.00005    0.00069    0.00004      0.00004      
57700   0.00078    0.00005    0.00069    0.00004      0.00004      
57800   0.00078    0.00005    0.00069    0.00004      0.00004      
57900   0.00078    0.00005    0.00069    0.00004      0.00004      
58000   0.00078    0.00005    0.00069    0.00004      0.00004      
58100   0.00078    0.00005    0.00069    0.00004      0.00004      
58200   0.00078    0.00005    0.00069    0.00004      0.00004      
58300   0.00078    0.00005    0.00069    0.00004      0.00004      
58400   0.00078    0.00005    0.00069    0.00004      0.00004      
58500   0.00078    0.00005    0.00069    0.00004      0.00004      
58600   0.00078    0.00005    0.00069    0.00004      0.00004      
58700   0.00078    0.00005    0.00069    0.00004      0.00004      
58800   0.00078    0.00005    0.00069    0.00004      0.00004      
58900   0.00078    0.00005    0.00069    0.00004      0.00004      
59000   0.00078    0.00005    0.00069    0.00004      0.00004      
59100   0.00078    0.00005    0.00069    0.00004      0.00004      
59200   0.00078    0.00005    0.00069    0.00004      0.00004      
59300   0.00078    0.00005    0.00069    0.00004      0.00004      
59400   0.00078    0.00005    0.00069    0.00004      0.00004      
59500   0.00078    0.00005    0.00069    0.00004      0.00004      
59600   0.00078    0.00005    0.00069    0.00004      0.00004      
59700   0.00078    0.00005    0.00069    0.00004      0.00004      
59800   0.00078    0.00005    0.00069    0.00004      0.00004      
59900   0.00078    0.00005    0.00069    0.00004      0.00004      
60000   0.00078    0.00005    0.00069    0.00004      0.00004      
60100   0.00078    0.00005    0.00069    0.00004      0.00004      
60200   0.00078    0.00005    0.00069    0.00004      0.00004      
60300   0.00078    0.00005    0.00069    0.00004      0.00004      
60400   0.00078    0.00005    0.00069    0.00004      0.00004      
60500   0.00078    0.00005    0.00069    0.00004      0.00004      
60600   0.00078    0.00005    0.00069    0.00004      0.00004      
60700   0.00078    0.00005    0.00069    0.00004      0.00004      
60800   0.00078    0.00005    0.00069    0.00004      0.00004      
60900   0.00078    0.00005    0.00069    0.00004      0.00004      
61000   0.00078    0.00005    0.00069    0.00004      0.00004      
61100   0.00078    0.00005    0.00069    0.00004      0.00004      
61200   0.00078    0.00005    0.00069    0.00004      0.00004      
61300   0.00078    0.00005    0.00069    0.00004      0.00004      
61400   0.00078    0.00005    0.00069    0.00004      0.00004      
61500   0.00078    0.00005    0.00069    0.00004      0.00004      
61600   0.00078    0.00005    0.00069    0.00004      0.00004      
61700   0.00078    0.00005    0.00069    0.00004      0.00004      
61800   0.00078    0.00005    0.00069    0.00004      0.00004      
61900   0.00078    0.00005    0.00069    0.00004      0.00004      
62000   0.00078    0.00005    0.00069    0.00004      0.00004      
62100   0.00078    0.00005    0.00069    0.00004      0.00004      
62200   0.00078    0.00005    0.00069    0.00004      0.00004      
62300   0.00078    0.00005    0.00069    0.00004      0.00004      
62400   0.00078    0.00005    0.00069    0.00004      0.00004      
62500   0.00078    0.00005    0.00069    0.00004      0.00004      
62600   0.00078    0.00005    0.00069    0.00004      0.00004      
62700   0.00078    0.00005    0.00069    0.00004      0.00004      
62800   0.00078    0.00005    0.00069    0.00004      0.00004      
62900   0.00078    0.00005    0.00069    0.00004      0.00004      
63000   0.00078    0.00005    0.00069    0.00004      0.00004      
63100   0.00078    0.00005    0.00069    0.00004      0.00004      
63200   0.00078    0.00005    0.00069    0.00004      0.00004      
63300   0.00078    0.00005    0.00069    0.00004      0.00004      
63400   0.00078    0.00005    0.00069    0.00004      0.00004      
63500   0.00078    0.00005    0.00069    0.00004      0.00004      
63600   0.00078    0.00005    0.00069    0.00004      0.00004      
63700   0.00078    0.00005    0.00069    0.00004      0.00004      
63800   0.00078    0.00005    0.00069    0.00004      0.00004      
63900   0.00078    0.00005    0.00069    0.00004      0.00004      
64000   0.00078    0.00005    0.00069    0.00004      0.00004      
64100   0.00078    0.00005    0.00069    0.00004      0.00004      
64200   0.00078    0.00005    0.00069    0.00004      0.00004      
64300   0.00078    0.00005    0.00069    0.00004      0.00004      
64400   0.00078    0.00005    0.00069    0.00004      0.00004      
64500   0.00078    0.00005    0.00069    0.00004      0.00004      
64600   0.00078    0.00005    0.00069    0.00004      0.00004      
64700   0.00078    0.00005    0.00069    0.00004      0.00004      
64800   0.00078    0.00005    0.00069    0.00004      0.00004      
64900   0.00078    0.00005    0.00069    0.00004      0.00004      
65000   0.00078    0.00005    0.00069    0.00004      0.00004      
65100   0.00078    0.00005    0.00069    0.00004      0.00004      
65200   0.00078    0.00005    0.00069    0.00004      0.00004      
65300   0.00078    0.00005    0.00069    0.00004      0.00004      
65400   0.00078    0.00005    0.00069    0.00004      0.00004      
65500   0.00078    0.00005    0.00069    0.00004      0.00004      
65600   0.00078    0.00005    0.00069    0.00004      0.00004      
65700   0.00078    0.00005    0.00069    0.00004      0.00004      
65800   0.00078    0.00005    0.00069    0.00004      0.00004      
65900   0.00078    0.00005    0.00069    0.00004      0.00004      
66000   0.00078    0.00005    0.00069    0.00004      0.00004      
66100   0.00078    0.00005    0.00069    0.00004      0.00004      
66200   0.00078    0.00005    0.00069    0.00004      0.00004      
66300   0.00078    0.00005    0.00069    0.00004      0.00004      
66400   0.00078    0.00005    0.00069    0.00004      0.00004      
66500   0.00078    0.00005    0.00069    0.00004      0.00004      
66600   0.00078    0.00005    0.00069    0.00004      0.00004      
66700   0.00078    0.00005    0.00069    0.00004      0.00004      
66800   0.00078    0.00005    0.00069    0.00004      0.00004      
66900   0.00078    0.00005    0.00069    0.00004      0.00004      
67000   0.00078    0.00005    0.00069    0.00004      0.00004      
67100   0.00078    0.00005    0.00069    0.00004      0.00004      
67200   0.00078    0.00005    0.00069    0.00004      0.00004      
67300   0.00078    0.00005    0.00069    0.00004      0.00004      
67400   0.00078    0.00005    0.00069    0.00004      0.00004      
67500   0.00078    0.00005    0.00069    0.00004      0.00004      
67600   0.00078    0.00005    0.00069    0.00004      0.00004      
67700   0.00078    0.00005    0.00069    0.00004      0.00004      
67800   0.00078    0.00005    0.00069    0.00004      0.00004      
67900   0.00078    0.00005    0.00069    0.00004      0.00004      
68000   0.00078    0.00005    0.00069    0.00004      0.00004      
68100   0.00078    0.00005    0.00069    0.00004      0.00004      
68200   0.00078    0.00005    0.00069    0.00004      0.00004      
68300   0.00078    0.00005    0.00069    0.00004      0.00004      
68400   0.00078    0.00005    0.00069    0.00004      0.00004      
68500   0.00078    0.00005    0.00069    0.00004      0.00004      
68600   0.00078    0.00005    0.00069    0.00004      0.00004      
68700   0.00078    0.00005    0.00069    0.00004      0.00004      
68800   0.00078    0.00005    0.00069    0.00004      0.00004      
68900   0.00078    0.00005    0.00069    0.00004      0.00004      
69000   0.00078    0.00005    0.00069    0.00004      0.00004      
69100   0.00078    0.00005    0.00069    0.00004      0.00004      
69200   0.00078    0.00005    0.00069    0.00004      0.00004      
69300   0.00078    0.00005    0.00069    0.00004      0.00004      
69400   0.00078    0.00005    0.00069    0.00004      0.00004      
69500   0.00078    0.00005    0.00069    0.00004      0.00004      
69600   0.00078    0.00005    0.00069    0.00004      0.00004      
69700   0.00078    0.00005    0.00069    0.00004      0.00004      
69800   0.00078    0.00005    0.00069    0.00004      0.00004      
69900   0.00078    0.00005    0.00069    0.00004      0.00004      
70000   0.00078    0.00005    0.00069    0.00004      0.00004      
70100   0.00078    0.00005    0.00069    0.00004      0.00004      
70200   0.00078    0.00005    0.00069    0.00004      0.00004      
70300   0.00078    0.00005    0.00069    0.00004      0.00004      
70400   0.00078    0.00005    0.00069    0.00004      0.00004      
70500   0.00078    0.00005    0.00069    0.00004      0.00004      
70600   0.00078    0.00005    0.00069    0.00004      0.00004      
70700   0.00078    0.00005    0.00069    0.00004      0.00004      
70800   0.00078    0.00005    0.00069    0.00004      0.00004      
70900   0.00078    0.00005    0.00069    0.00004      0.00004      
71000   0.00078    0.00005    0.00069    0.00004      0.00004      
71100   0.00078    0.00005    0.00069    0.00004      0.00004      
71200   0.00078    0.00005    0.00069    0.00004      0.00004      
71300   0.00078    0.00005    0.00069    0.00004      0.00004      
71400   0.00078    0.00005    0.00069    0.00004      0.00004      
71500   0.00078    0.00005    0.00069    0.00004      0.00004      
71600   0.00078    0.00005    0.00069    0.00004      0.00004      
71700   0.00078    0.00005    0.00069    0.00004      0.00004      
71800   0.00078    0.00005    0.00069    0.00004      0.00004      
71900   0.00078    0.00005    0.00069    0.00004      0.00004      
72000   0.00078    0.00005    0.00069    0.00004      0.00004      
72100   0.00078    0.00005    0.00069    0.00004      0.00004      
72200   0.00078    0.00005    0.00069    0.00004      0.00004      
72300   0.00078    0.00005    0.00069    0.00004      0.00004      
72400   0.00078    0.00005    0.00069    0.00004      0.00004      
72500   0.00078    0.00005    0.00069    0.00004      0.00004      
72600   0.00078    0.00005    0.00069    0.00004      0.00004      
72700   0.00078    0.00005    0.00069    0.00004      0.00004      
72800   0.00078    0.00005    0.00069    0.00004      0.00004      
72900   0.00078    0.00005    0.00069    0.00004      0.00004      
73000   0.00078    0.00005    0.00069    0.00004      0.00004      
73100   0.00078    0.00005    0.00069    0.00004      0.00004      
73200   0.00078    0.00005    0.00069    0.00004      0.00004      
73300   0.00078    0.00005    0.00069    0.00004      0.00004      
73400   0.00078    0.00005    0.00069    0.00004      0.00004      
73500   0.00078    0.00005    0.00069    0.00004      0.00004      
73600   0.00078    0.00005    0.00069    0.00004      0.00004      
73700   0.00078    0.00005    0.00069    0.00004      0.00004      
73800   0.00078    0.00005    0.00069    0.00004      0.00004      
73900   0.00078    0.00005    0.00069    0.00004      0.00004      
74000   0.00078    0.00005    0.00069    0.00004      0.00004      
74100   0.00078    0.00005    0.00069    0.00004      0.00004      
74200   0.00078    0.00005    0.00069    0.00004      0.00004      
74300   0.00078    0.00005    0.00069    0.00004      0.00004      
74400   0.00078    0.00005    0.00069    0.00004      0.00004      
74500   0.00078    0.00005    0.00069    0.00004      0.00004      
74600   0.00078    0.00005    0.00069    0.00004      0.00004      
74700   0.00078    0.00005    0.00069    0.00004      0.00004      
74800   0.00078    0.00005    0.00069    0.00004      0.00004      
74900   0.00078    0.00005    0.00069    0.00004      0.00004      
75000   0.00078    0.00005    0.00069    0.00004      0.00004      
75100   0.00078    0.00005    0.00069    0.00004      0.00004      
75200   0.00078    0.00005    0.00069    0.00004      0.00004      
75300   0.00078    0.00005    0.00069    0.00004      0.00004      
75400   0.00078    0.00005    0.00069    0.00004      0.00004      
75500   0.00078    0.00005    0.00069    0.00004      0.00004      
75600   0.00078    0.00005    0.00069    0.00004      0.00004      
75700   0.00078    0.00005    0.00069    0.00004      0.00004      
75800   0.00078    0.00005    0.00069    0.00004      0.00004      
75900   0.00078    0.00005    0.00069    0.00004      0.00004      
76000   0.00078    0.00005    0.00069    0.00004      0.00004      
76100   0.00078    0.00005    0.00069    0.00004      0.00004      
76200   0.00078    0.00005    0.00069    0.00004      0.00004      
76300   0.00078    0.00005    0.00069    0.00004      0.00004      
76400   0.00078    0.00005    0.00069    0.00004      0.00004      
76500   0.00078    0.00005    0.00069    0.00004      0.00004      
76600   0.00078    0.00005    0.00069    0.00004      0.00004      
76700   0.00078    0.00005    0.00069    0.00004      0.00004      
76800   0.00078    0.00005    0.00069    0.00004      0.00004      
76900   0.00078    0.00005    0.00069    0.00004      0.00004      
77000   0.00078    0.00005    0.00069    0.00004      0.00004      
77100   0.00078    0.00005    0.00069    0.00004      0.00004      
77200   0.00078    0.00005    0.00069    0.00004      0.00004      
77300   0.00078    0.00005    0.00069    0.00004      0.00004      
77400   0.00078    0.00005    0.00069    0.00004      0.00004      
77500   0.00078    0.00005    0.00069    0.00004      0.00004      
77600   0.00078    0.00005    0.00069    0.00004      0.00004      
77700   0.00078    0.00005    0.00069    0.00004      0.00004      
77800   0.00078    0.00005    0.00069    0.00004      0.00004      
77900   0.00078    0.00005    0.00069    0.00004      0.00004      
78000   0.00078    0.00005    0.00069    0.00004      0.00004      
78100   0.00078    0.00005    0.00069    0.00004      0.00004      
78200   0.00078    0.00005    0.00069    0.00004      0.00004      
78300   0.00078    0.00005    0.00069    0.00004      0.00004      
78400   0.00078    0.00005    0.00069    0.00004      0.00004      
78500   0.00078    0.00005    0.00069    0.00004      0.00004      
78600   0.00078    0.00005    0.00069    0.00004      0.00004      
78700   0.00078    0.00005    0.00069    0.00004      0.00004      
78800   0.00078    0.00005    0.00069    0.00004      0.00004      
78900   0.00078    0.00005    0.00069    0.00004      0.00004      
79000   0.00078    0.00005    0.00069    0.00004      0.00004      
79100   0.00078    0.00005    0.00069    0.00004      0.00004      
79200   0.00078    0.00005    0.00069    0.00004      0.00004      
79300   0.00078    0.00005    0.00069    0.00004      0.00004      
79400   0.00078    0.00005    0.00069    0.00004      0.00004      
79500   0.00078    0.00005    0.00069    0.00004      0.00004      
79600   0.00078    0.00005    0.00069    0.00004      0.00004      
79700   0.00078    0.00005    0.00069    0.00004      0.00004      
79800   0.00078    0.00005    0.00069    0.00004      0.00004      
79900   0.00078    0.00005    0.00069    0.00004      0.00004      
80000   0.00078    0.00005    0.00069    0.00004      0.00004      
80100   0.00078    0.00005    0.00069    0.00004      0.00004      
80200   0.00078    0.00005    0.00069    0.00004      0.00004      
80300   0.00078    0.00005    0.00069    0.00004      0.00004      
80400   0.00078    0.00005    0.00069    0.00004      0.00004      
80500   0.00078    0.00005    0.00069    0.00004      0.00004      
80600   0.00078    0.00005    0.00069    0.00004      0.00004      
80700   0.00078    0.00005    0.00069    0.00004      0.00004      
80800   0.00078    0.00005    0.00069    0.00004      0.00004      
80900   0.00078    0.00005    0.00069    0.00004      0.00004      
81000   0.00078    0.00005    0.00069    0.00004      0.00004      
81100   0.00078    0.00005    0.00069    0.00004      0.00004      
81200   0.00078    0.00005    0.00069    0.00004      0.00004      
81300   0.00078    0.00005    0.00069    0.00004      0.00004      
81400   0.00078    0.00005    0.00069    0.00004      0.00004      
81500   0.00078    0.00005    0.00069    0.00004      0.00004      
81600   0.00078    0.00005    0.00069    0.00004      0.00004      
81700   0.00078    0.00005    0.00069    0.00004      0.00004      
81800   0.00078    0.00005    0.00069    0.00004      0.00004      
81900   0.00078    0.00005    0.00069    0.00004      0.00004      
82000   0.00078    0.00005    0.00069    0.00004      0.00004      
82100   0.00078    0.00005    0.00069    0.00004      0.00004      
82200   0.00078    0.00005    0.00069    0.00004      0.00004      
82300   0.00078    0.00005    0.00069    0.00004      0.00004      
82400   0.00078    0.00005    0.00069    0.00004      0.00004      
82500   0.00078    0.00005    0.00069    0.00004      0.00004      
82600   0.00078    0.00005    0.00069    0.00004      0.00004      
82700   0.00078    0.00005    0.00069    0.00004      0.00004      
82800   0.00078    0.00005    0.00069    0.00004      0.00004      
82900   0.00078    0.00005    0.00069    0.00004      0.00004      
83000   0.00078    0.00005    0.00069    0.00004      0.00004      
83100   0.00078    0.00005    0.00069    0.00004      0.00004      
83200   0.00078    0.00005    0.00069    0.00004      0.00004      
83300   0.00078    0.00005    0.00069    0.00004      0.00004      
83400   0.00078    0.00005    0.00069    0.00004      0.00004      
83500   0.00078    0.00005    0.00069    0.00004      0.00004      
83600   0.00078    0.00005    0.00069    0.00004      0.00004      
83700   0.00078    0.00005    0.00069    0.00004      0.00004      
83800   0.00078    0.00005    0.00069    0.00004      0.00004      
83900   0.00078    0.00005    0.00069    0.00004      0.00004      
84000   0.00078    0.00005    0.00069    0.00004      0.00004      
84100   0.00078    0.00005    0.00069    0.00004      0.00004      
84200   0.00078    0.00005    0.00069    0.00004      0.00004      
84300   0.00078    0.00005    0.00069    0.00004      0.00004      
84400   0.00078    0.00005    0.00069    0.00004      0.00004      
84500   0.00078    0.00005    0.00069    0.00004      0.00004      
84600   0.00078    0.00005    0.00069    0.00004      0.00004      
84700   0.00078    0.00005    0.00069    0.00004      0.00004      
84800   0.00078    0.00005    0.00069    0.00004      0.00004      
84900   0.00078    0.00005    0.00069    0.00004      0.00004      
85000   0.00078    0.00005    0.00069    0.00004      0.00004      
85100   0.00078    0.00005    0.00069    0.00004      0.00004      
85200   0.00078    0.00005    0.00069    0.00004      0.00004      
85300   0.00078    0.00005    0.00069    0.00004      0.00004      
85400   0.00078    0.00005    0.00069    0.00004      0.00004      
85500   0.00078    0.00005    0.00069    0.00004      0.00004      
85600   0.00078    0.00005    0.00069    0.00004      0.00004      
85700   0.00078    0.00005    0.00069    0.00004      0.00004      
85800   0.00078    0.00005    0.00069    0.00004      0.00004      
85900   0.00078    0.00005    0.00069    0.00004      0.00004      
86000   0.00078    0.00005    0.00069    0.00004      0.00004      
86100   0.00078    0.00005    0.00069    0.00004      0.00004      
86200   0.00078    0.00005    0.00069    0.00004      0.00004      
86300   0.00078    0.00005    0.00069    0.00004      0.00004      
86400   0.00078    0.00005    0.00069    0.00004      0.00004      
86500   0.00078    0.00005    0.00069    0.00004      0.00004      
86600   0.00078    0.00005    0.00069    0.00004      0.00004      
86700   0.00078    0.00005    0.00069    0.00004      0.00004      
86800   0.00078    0.00005    0.00069    0.00004      0.00004      
86900   0.00078    0.00005    0.00069    0.00004      0.00004      
87000   0.00078    0.00005    0.00069    0.00004      0.00004      
87100   0.00078    0.00005    0.00069    0.00004      0.00004      
87200   0.00078    0.00005    0.00069    0.00004      0.00004      
87300   0.00078    0.00005    0.00069    0.00004      0.00004      
87400   0.00078    0.00005    0.00069    0.00004      0.00004      
87500   0.00078    0.00005    0.00069    0.00004      0.00004      
87600   0.00078    0.00005    0.00069    0.00004      0.00004      
87700   0.00078    0.00005    0.00069    0.00004      0.00004      
87800   0.00078    0.00005    0.00069    0.00004      0.00004      
87900   0.00078    0.00005    0.00069    0.00004      0.00004      
88000   0.00078    0.00005    0.00069    0.00004      0.00004      
88100   0.00078    0.00005    0.00069    0.00004      0.00004      
88200   0.00078    0.00005    0.00069    0.00004      0.00004      
88300   0.00078    0.00005    0.00069    0.00004      0.00004      
88400   0.00078    0.00005    0.00069    0.00004      0.00004      
88500   0.00078    0.00005    0.00069    0.00004      0.00004      
88600   0.00078    0.00005    0.00069    0.00004      0.00004      
88700   0.00078    0.00005    0.00069    0.00004      0.00004      
88800   0.00078    0.00005    0.00069    0.00004      0.00004      
88900   0.00078    0.00005    0.00069    0.00004      0.00004      
89000   0.00078    0.00005    0.00069    0.00004      0.00004      
89100   0.00078    0.00005    0.00069    0.00004      0.00004      
89200   0.00078    0.00005    0.00069    0.00004      0.00004      
89300   0.00078    0.00005    0.00069    0.00004      0.00004      
89400   0.00078    0.00005    0.00069    0.00004      0.00004      
89500   0.00078    0.00005    0.00069    0.00004      0.00004      
89600   0.00078    0.00005    0.00069    0.00004      0.00004      
89700   0.00078    0.00005    0.00069    0.00004      0.00004      
89800   0.00078    0.00005    0.00069    0.00004      0.00004      
89900   0.00078    0.00005    0.00069    0.00004      0.00004      
90000   0.00078    0.00005    0.00069    0.00004      0.00004      
90100   0.00078    0.00005    0.00069    0.00004      0.00004      
90200   0.00078    0.00005    0.00069    0.00004      0.00004      
90300   0.00078    0.00005    0.00069    0.00004      0.00004      
90400   0.00078    0.00005    0.00069    0.00004      0.00004      
90500   0.00078    0.00005    0.00069    0.00004      0.00004      
90600   0.00078    0.00005    0.00069    0.00004      0.00004      
90700   0.00078    0.00005    0.00069    0.00004      0.00004      
90800   0.00078    0.00005    0.00069    0.00004      0.00004      
90900   0.00078    0.00005    0.00069    0.00004      0.00004      
91000   0.00078    0.00005    0.00069    0.00004      0.00004      
91100   0.00078    0.00005    0.00069    0.00004      0.00004      
91200   0.00078    0.00005    0.00069    0.00004      0.00004      
91300   0.00078    0.00005    0.00069    0.00004      0.00004      
91400   0.00078    0.00005    0.00069    0.00004      0.00004      
91500   0.00078    0.00005    0.00069    0.00004      0.00004      
91600   0.00078    0.00005    0.00069    0.00004      0.00004      
91700   0.00078    0.00005    0.00069    0.00004      0.00004      
91800   0.00078    0.00005    0.00069    0.00004      0.00004      
91900   0.00078    0.00005    0.00069    0.00004      0.00004      
92000   0.00078    0.00005    0.00069    0.00004      0.00004      
92100   0.00078    0.00005    0.00069    0.00004      0.00004      
92200   0.00078    0.00005    0.00069    0.00004      0.00004      
92300   0.00078    0.00005    0.00069    0.00004      0.00004      
92400   0.00078    0.00005    0.00069    0.00004      0.00004      
92500   0.00078    0.00005    0.00069    0.00004      0.00004      
92600   0.00078    0.00005    0.00069    0.00004      0.00004      
92700   0.00078    0.00005    0.00069    0.00004      0.00004      
92800   0.00078    0.00005    0.00069    0.00004      0.00004      
92900   0.00078    0.00005    0.00069    0.00004      0.00004      
93000   0.00078    0.00005    0.00069    0.00004      0.00004      
93100   0.00078    0.00005    0.00069    0.00004      0.00004      
93200   0.00078    0.00005    0.00069    0.00004      0.00004      
93300   0.00078    0.00005    0.00069    0.00004      0.00004      
93400   0.00078    0.00005    0.00069    0.00004      0.00004      
93500   0.00078    0.00005    0.00069    0.00004      0.00004      
93600   0.00078    0.00005    0.00069    0.00004      0.00004      
93700   0.00078    0.00005    0.00069    0.00004      0.00004      
93800   0.00078    0.00005    0.00069    0.00004      0.00004      
93900   0.00078    0.00005    0.00069    0.00004      0.00004      
94000   0.00078    0.00005    0.00069    0.00004      0.00004      
94100   0.00078    0.00005    0.00069    0.00004      0.00004      
94200   0.00078    0.00005    0.00069    0.00004      0.00004      
94300   0.00078    0.00005    0.00069    0.00004      0.00004      
94400   0.00078    0.00005    0.00069    0.00004      0.00004      
94500   0.00078    0.00005    0.00069    0.00004      0.00004      
94600   0.00078    0.00005    0.00069    0.00004      0.00004      
94700   0.00078    0.00005    0.00069    0.00004      0.00004      
94800   0.00078    0.00005    0.00069    0.00004      0.00004      
94900   0.00078    0.00005    0.00069    0.00004      0.00004      
95000   0.00078    0.00005    0.00069    0.00004      0.00004      
95100   0.00078    0.00005    0.00069    0.00004      0.00004      
95200   0.00078    0.00005    0.00069    0.00004      0.00004      
95300   0.00078    0.00005    0.00069    0.00004      0.00004      
95400   0.00078    0.00005    0.00069    0.00004      0.00004      
95500   0.00078    0.00005    0.00069    0.00004      0.00004      
95600   0.00078    0.00005    0.00069    0.00004      0.00004      
95700   0.00078    0.00005    0.00069    0.00004      0.00004      
95800   0.00078    0.00005    0.00069    0.00004      0.00004      
95900   0.00078    0.00005    0.00069    0.00004      0.00004      
96000   0.00078    0.00005    0.00069    0.00004      0.00004      
96100   0.00078    0.00005    0.00069    0.00004      0.00004      
96200   0.00078    0.00005    0.00069    0.00004      0.00004      
96300   0.00078    0.00005    0.00069    0.00004      0.00004      
96400   0.00078    0.00005    0.00069    0.00004      0.00004      
96500   0.00078    0.00005    0.00069    0.00004      0.00004      
96600   0.00078    0.00005    0.00069    0.00004      0.00004      
96700   0.00078    0.00005    0.00069    0.00004      0.00004      
96800   0.00078    0.00005    0.00069    0.00004      0.00004      
96900   0.00078    0.00005    0.00069    0.00004      0.00004      
97000   0.00078    0.00005    0.00069    0.00004      0.00004      
97100   0.00078    0.00005    0.00069    0.00004      0.00004      
97200   0.00078    0.00005    0.00069    0.00004      0.00004      
97300   0.00078    0.00005    0.00069    0.00004      0.00004      
97400   0.00078    0.00005    0.00069    0.00004      0.00004      
97500   0.00078    0.00005    0.00069    0.00004      0.00004      
97600   0.00078    0.00005    0.00069    0.00004      0.00004      
97700   0.00078    0.00005    0.00069    0.00004      0.00004      
97800   0.00078    0.00005    0.00069    0.00004      0.00004      
97900   0.00078    0.00005    0.00069    0.00004      0.00004      
98000   0.00078    0.00005    0.00069    0.00004      0.00004      
98100   0.00078    0.00005    0.00069    0.00004      0.00004      
98200   0.00078    0.00005    0.00069    0.00004      0.00004      
98300   0.00078    0.00005    0.00069    0.00004      0.00004      
98400   0.00078    0.00005    0.00069    0.00004      0.00004      
98500   0.00078    0.00005    0.00069    0.00004      0.00004      
98600   0.00078    0.00005    0.00069    0.00004      0.00004      
98700   0.00078    0.00005    0.00069    0.00004      0.00004      
98800   0.00078    0.00005    0.00069    0.00004      0.00004      
98900   0.00078    0.00005    0.00069    0.00004      0.00004      
99000   0.00078    0.00005    0.00069    0.00004      0.00004      
99100   0.00078    0.00005    0.00069    0.00004      0.00004      
99200   0.00078    0.00005    0.00069    0.00004      0.00004      
99300   0.00078    0.00005    0.00069    0.00004      0.00004      
99400   0.00078    0.00005    0.00069    0.00004      0.00004      
99500   0.00078    0.00005    0.00069    0.00004      0.00004      
99600   0.00078    0.00005    0.00069    0.00004      0.00004      
99700   0.00078    0.00005    0.00069    0.00004      0.00004      
99800   0.00078    0.00005    0.00069    0.00004      0.00004      
99900   0.00078    0.00005    0.00069    0.00004      0.00004      
100000  0.00078    0.00005    0.00069    0.00004      0.00004      
100100  0.00078    0.00005    0.00069    0.00004      0.00004      
100200  0.00078    0.00005    0.00069    0.00004      0.00004      
100300  0.00078    0.00005    0.00069    0.00004      0.00004      
100400  0.00078    0.00005    0.00069    0.00004      0.00004      
100500  0.00078    0.00005    0.00069    0.00004      0.00004      
100600  0.00078    0.00005    0.00069    0.00004      0.00004      
100700  0.00078    0.00005    0.00069    0.00004      0.00004      
100800  0.00078    0.00005    0.00069    0.00004      0.00004      
100900  0.00078    0.00005    0.00069    0.00004      0.00004      
101000  0.00078    0.00005    0.00069    0.00004      0.00004      
101100  0.00078    0.00005    0.00069    0.00004      0.00004      
101200  0.00078    0.00005    0.00069    0.00004      0.00004      
101300  0.00078    0.00005    0.00069    0.00004      0.00004      
101400  0.00078    0.00005    0.00069    0.00004      0.00004      
101500  0.00078    0.00005    0.00069    0.00004      0.00004      
101600  0.00078    0.00005    0.00069    0.00004      0.00004      
101700  0.00078    0.00005    0.00069    0.00004      0.00004      
101800  0.00078    0.00005    0.00069    0.00004      0.00004      
101900  0.00078    0.00005    0.00069    0.00004      0.00004      
102000  0.00078    0.00005    0.00069    0.00004      0.00004      
102100  0.00078    0.00005    0.00069    0.00004      0.00004      
102200  0.00078    0.00005    0.00069    0.00004      0.00004      
102300  0.00078    0.00005    0.00069    0.00004      0.00004      
102400  0.00078    0.00005    0.00069    0.00004      0.00004      
102500  0.00078    0.00005    0.00069    0.00004      0.00004      
102600  0.00078    0.00005    0.00069    0.00004      0.00004      
102700  0.00078    0.00005    0.00069    0.00004      0.00004      
102800  0.00078    0.00005    0.00069    0.00004      0.00004      
102900  0.00078    0.00005    0.00069    0.00004      0.00004      
103000  0.00078    0.00005    0.00069    0.00004      0.00004      
103100  0.00078    0.00005    0.00069    0.00004      0.00004      
103200  0.00078    0.00005    0.00069    0.00004      0.00004      
103300  0.00078    0.00005    0.00069    0.00004      0.00004      
103400  0.00078    0.00005    0.00069    0.00004      0.00004      
103500  0.00078    0.00005    0.00069    0.00004      0.00004      
103600  0.00078    0.00005    0.00069    0.00004      0.00004      
103700  0.00078    0.00005    0.00069    0.00004      0.00004      
103800  0.00078    0.00005    0.00069    0.00004      0.00004      
103900  0.00078    0.00005    0.00069    0.00004      0.00004      
104000  0.00078    0.00005    0.00069    0.00004      0.00004      
104100  0.00078    0.00005    0.00069    0.00004      0.00004      
104200  0.00078    0.00005    0.00069    0.00004      0.00004      
104300  0.00078    0.00005    0.00069    0.00004      0.00004      
104400  0.00078    0.00005    0.00069    0.00004      0.00004      
104500  0.00078    0.00005    0.00069    0.00004      0.00004      
104600  0.00078    0.00005    0.00069    0.00004      0.00004      
104700  0.00078    0.00005    0.00069    0.00004      0.00004      
104800  0.00078    0.00005    0.00069    0.00004      0.00004      
104900  0.00078    0.00005    0.00069    0.00004      0.00004      
105000  0.00078    0.00005    0.00069    0.00004      0.00004      
105100  0.00078    0.00005    0.00069    0.00004      0.00004      
105200  0.00078    0.00005    0.00069    0.00004      0.00004      
105300  0.00078    0.00005    0.00069    0.00004      0.00004      
105400  0.00078    0.00005    0.00069    0.00004      0.00004      
105500  0.00078    0.00005    0.00069    0.00004      0.00004      
105600  0.00078    0.00005    0.00069    0.00004      0.00004      
105700  0.00078    0.00005    0.00069    0.00004      0.00004      
105800  0.00078    0.00005    0.00069    0.00004      0.00004      
105900  0.00078    0.00005    0.00069    0.00004      0.00004      
106000  0.00078    0.00005    0.00069    0.00004      0.00004      
106100  0.00078    0.00005    0.00069    0.00004      0.00004      
106200  0.00078    0.00005    0.00069    0.00004      0.00004      
106300  0.00078    0.00005    0.00069    0.00004      0.00004      
106400  0.00078    0.00005    0.00069    0.00004      0.00004      
106500  0.00078    0.00005    0.00069    0.00004      0.00004      
106600  0.00078    0.00005    0.00069    0.00004      0.00004      
106700  0.00078    0.00005    0.00069    0.00004      0.00004      
106800  0.00078    0.00005    0.00069    0.00004      0.00004      
106900  0.00078    0.00005    0.00069    0.00004      0.00004      
107000  0.00078    0.00005    0.00069    0.00004      0.00004      
107100  0.00078    0.00005    0.00069    0.00004      0.00004      
107200  0.00078    0.00005    0.00069    0.00004      0.00004      
107300  0.00078    0.00005    0.00069    0.00004      0.00004      
107400  0.00078    0.00005    0.00069    0.00004      0.00004      
107500  0.00078    0.00005    0.00069    0.00004      0.00004      
107600  0.00078    0.00005    0.00069    0.00004      0.00004      
107700  0.00078    0.00005    0.00069    0.00004      0.00004      
107800  0.00078    0.00005    0.00069    0.00004      0.00004      
107900  0.00078    0.00005    0.00069    0.00004      0.00004      
108000  0.00078    0.00005    0.00069    0.00004      0.00004      
108100  0.00078    0.00005    0.00069    0.00004      0.00004      
108200  0.00078    0.00005    0.00069    0.00004      0.00004      
108300  0.00078    0.00005    0.00069    0.00004      0.00004      
108400  0.00078    0.00005    0.00069    0.00004      0.00004      
108500  0.00078    0.00005    0.00069    0.00004      0.00004      
108600  0.00078    0.00005    0.00069    0.00004      0.00004      
108700  0.00078    0.00005    0.00069    0.00004      0.00004      
108800  0.00078    0.00005    0.00069    0.00004      0.00004      
108900  0.00078    0.00005    0.00069    0.00004      0.00004      
109000  0.00078    0.00005    0.00069    0.00004      0.00004      
109100  0.00078    0.00005    0.00069    0.00004      0.00004      
109200  0.00078    0.00005    0.00069    0.00004      0.00004      
109300  0.00078    0.00005    0.00069    0.00004      0.00004      
109400  0.00078    0.00005    0.00069    0.00004      0.00004      
109500  0.00078    0.00005    0.00069    0.00004      0.00004      
109600  0.00078    0.00005    0.00069    0.00004      0.00004      
109700  0.00078    0.00005    0.00069    0.00004      0.00004      
109800  0.00078    0.00005    0.00069    0.00004      0.00004      
109900  0.00078    0.00005    0.00069    0.00004      0.00004      
110000  0.00078    0.00005    0.00069    0.00004      0.00004      
110100  0.00078    0.00005    0.00069    0.00004      0.00004      
110200  0.00078    0.00005    0.00069    0.00004      0.00004      
110300  0.00078    0.00005    0.00069    0.00004      0.00004      
110400  0.00078    0.00005    0.00069    0.00004      0.00004      
110500  0.00078    0.00005    0.00069    0.00004      0.00004      
110600  0.00078    0.00005    0.00069    0.00004      0.00004      
110700  0.00078    0.00005    0.00069    0.00004      0.00004      
110800  0.00078    0.00005    0.00069    0.00004      0.00004      
110900  0.00078    0.00005    0.00069    0.00004      0.00004      
111000  0.00078    0.00005    0.00069    0.00004      0.00004      
111100  0.00078    0.00005    0.00069    0.00004      0.00004      
111200  0.00078    0.00005    0.00069    0.00004      0.00004      
111300  0.00078    0.00005    0.00069    0.00004      0.00004      
111400  0.00078    0.00005    0.00069    0.00004      0.00004      
111500  0.00078    0.00005    0.00069    0.00004      0.00004      
111600  0.00078    0.00005    0.00069    0.00004      0.00004      
111700  0.00078    0.00005    0.00069    0.00004      0.00004      
111800  0.00078    0.00005    0.00069    0.00004      0.00004      
111900  0.00078    0.00005    0.00069    0.00004      0.00004      
112000  0.00078    0.00005    0.00069    0.00004      0.00004      
112100  0.00078    0.00005    0.00069    0.00004      0.00004      
112200  0.00078    0.00005    0.00069    0.00004      0.00004      
112300  0.00078    0.00005    0.00069    0.00004      0.00004      
112400  0.00078    0.00005    0.00069    0.00004      0.00004      
112500  0.00078    0.00005    0.00069    0.00004      0.00004      
112600  0.00078    0.00005    0.00069    0.00004      0.00004      
112700  0.00078    0.00005    0.00069    0.00004      0.00004      
112800  0.00078    0.00005    0.00069    0.00004      0.00004      
112900  0.00078    0.00005    0.00069    0.00004      0.00004      
113000  0.00078    0.00005    0.00069    0.00004      0.00004      
113100  0.00078    0.00005    0.00069    0.00004      0.00004      
113200  0.00078    0.00005    0.00069    0.00004      0.00004      
113300  0.00078    0.00005    0.00069    0.00004      0.00004      
113400  0.00078    0.00005    0.00069    0.00004      0.00004      
113500  0.00078    0.00005    0.00069    0.00004      0.00004      
113600  0.00078    0.00005    0.00069    0.00004      0.00004      
113700  0.00078    0.00005    0.00069    0.00004      0.00004      
113800  0.00078    0.00005    0.00069    0.00004      0.00004      
113900  0.00078    0.00005    0.00069    0.00004      0.00004      
114000  0.00078    0.00005    0.00069    0.00004      0.00004      
114100  0.00078    0.00005    0.00069    0.00004      0.00004      
114200  0.00078    0.00005    0.00069    0.00004      0.00004      
114300  0.00078    0.00005    0.00069    0.00004      0.00004      
114400  0.00078    0.00005    0.00069    0.00004      0.00004      
114500  0.00078    0.00005    0.00069    0.00004      0.00004      
114600  0.00078    0.00005    0.00069    0.00004      0.00004      
114700  0.00078    0.00005    0.00069    0.00004      0.00004      
114800  0.00078    0.00005    0.00069    0.00004      0.00004      
114900  0.00078    0.00005    0.00069    0.00004      0.00004      
115000  0.00078    0.00005    0.00069    0.00004      0.00004      
115100  0.00078    0.00005    0.00069    0.00004      0.00004      
115200  0.00078    0.00005    0.00069    0.00004      0.00004      
115300  0.00078    0.00005    0.00069    0.00004      0.00004      
115400  0.00078    0.00005    0.00069    0.00004      0.00004      
115500  0.00078    0.00005    0.00069    0.00004      0.00004      
115600  0.00078    0.00005    0.00069    0.00004      0.00004      
115700  0.00078    0.00005    0.00069    0.00004      0.00004      
115800  0.00078    0.00005    0.00069    0.00004      0.00004      
115900  0.00078    0.00005    0.00069    0.00004      0.00004      
116000  0.00078    0.00005    0.00069    0.00004      0.00004      
116100  0.00078    0.00005    0.00069    0.00004      0.00004      
116200  0.00078    0.00005    0.00069    0.00004      0.00004      
116300  0.00078    0.00005    0.00069    0.00004      0.00004      
116400  0.00078    0.00005    0.00069    0.00004      0.00004      
116500  0.00078    0.00005    0.00069    0.00004      0.00004      
116600  0.00078    0.00005    0.00069    0.00004      0.00004      
116700  0.00078    0.00005    0.00069    0.00004      0.00004      
116800  0.00078    0.00005    0.00069    0.00004      0.00004      
116900  0.00078    0.00005    0.00069    0.00004      0.00004      
117000  0.00078    0.00005    0.00069    0.00004      0.00004      
117100  0.00078    0.00005    0.00069    0.00004      0.00004      
117200  0.00078    0.00005    0.00069    0.00004      0.00004      
117300  0.00078    0.00005    0.00069    0.00004      0.00004      
117400  0.00078    0.00005    0.00069    0.00004      0.00004      
117500  0.00078    0.00005    0.00069    0.00004      0.00004      
117600  0.00078    0.00005    0.00069    0.00004      0.00004      
117700  0.00078    0.00005    0.00069    0.00004      0.00004      
117800  0.00078    0.00005    0.00069    0.00004      0.00004      
117900  0.00078    0.00005    0.00069    0.00004      0.00004      
118000  0.00078    0.00005    0.00069    0.00004      0.00004      
118100  0.00078    0.00005    0.00069    0.00004      0.00004      
118200  0.00078    0.00005    0.00069    0.00004      0.00004      
118300  0.00078    0.00005    0.00069    0.00004      0.00004      
118400  0.00078    0.00005    0.00069    0.00004      0.00004      
118500  0.00078    0.00005    0.00069    0.00004      0.00004      
118600  0.00078    0.00005    0.00069    0.00004      0.00004      
118700  0.00078    0.00005    0.00069    0.00004      0.00004      
118800  0.00078    0.00005    0.00069    0.00004      0.00004      
118900  0.00078    0.00005    0.00069    0.00004      0.00004      
119000  0.00078    0.00005    0.00069    0.00004      0.00004      
119100  0.00078    0.00005    0.00069    0.00004      0.00004      
119200  0.00078    0.00005    0.00069    0.00004      0.00004      
119300  0.00078    0.00005    0.00069    0.00004      0.00004      
119400  0.00078    0.00005    0.00069    0.00004      0.00004      
119500  0.00078    0.00005    0.00069    0.00004      0.00004      
119600  0.00078    0.00005    0.00069    0.00004      0.00004      
119700  0.00078    0.00005    0.00069    0.00004      0.00004      
119800  0.00078    0.00005    0.00069    0.00004      0.00004      
119900  0.00078    0.00005    0.00069    0.00004      0.00004      
120000  0.00078    0.00005    0.00069    0.00004      0.00004      
120100  0.00078    0.00005    0.00069    0.00004      0.00004      
120200  0.00078    0.00005    0.00069    0.00004      0.00004      
120300  0.00078    0.00005    0.00069    0.00004      0.00004      
120400  0.00078    0.00005    0.00069    0.00004      0.00004      
120500  0.00078    0.00005    0.00069    0.00004      0.00004      
120600  0.00078    0.00005    0.00069    0.00004      0.00004      
120700  0.00078    0.00005    0.00069    0.00004      0.00004      
120800  0.00078    0.00005    0.00069    0.00004      0.00004      
120900  0.00078    0.00005    0.00069    0.00004      0.00004      
121000  0.00078    0.00005    0.00069    0.00004      0.00004      
121100  0.00078    0.00005    0.00069    0.00004      0.00004      
121200  0.00078    0.00005    0.00069    0.00004      0.00004      
121300  0.00078    0.00005    0.00069    0.00004      0.00004      
121400  0.00078    0.00005    0.00069    0.00004      0.00004      
121500  0.00078    0.00005    0.00069    0.00004      0.00004      
121600  0.00078    0.00005    0.00069    0.00004      0.00004      
121700  0.00078    0.00005    0.00069    0.00004      0.00004      
121800  0.00078    0.00005    0.00069    0.00004      0.00004      
121900  0.00078    0.00005    0.00069    0.00004      0.00004      
122000  0.00078    0.00005    0.00069    0.00004      0.00004      
122100  0.00078    0.00005    0.00069    0.00004      0.00004      
122200  0.00078    0.00005    0.00069    0.00004      0.00004      
122300  0.00078    0.00005    0.00069    0.00004      0.00004      
122400  0.00078    0.00005    0.00069    0.00004      0.00004      
122500  0.00078    0.00005    0.00069    0.00004      0.00004      
122600  0.00078    0.00005    0.00069    0.00004      0.00004      
122700  0.00078    0.00005    0.00069    0.00004      0.00004      
122800  0.00078    0.00005    0.00069    0.00004      0.00004      
122900  0.00078    0.00005    0.00069    0.00004      0.00004      
123000  0.00078    0.00005    0.00069    0.00004      0.00004      
123100  0.00078    0.00005    0.00069    0.00004      0.00004      
123200  0.00078    0.00005    0.00069    0.00004      0.00004      
123300  0.00078    0.00005    0.00069    0.00004      0.00004      
123400  0.00078    0.00005    0.00069    0.00004      0.00004      
123500  0.00078    0.00005    0.00069    0.00004      0.00004      
123600  0.00078    0.00005    0.00069    0.00004      0.00004      
123700  0.00078    0.00005    0.00069    0.00004      0.00004      
123800  0.00078    0.00005    0.00069    0.00004      0.00004      
123900  0.00078    0.00005    0.00069    0.00004      0.00004      
124000  0.00078    0.00005    0.00069    0.00004      0.00004      
124100  0.00078    0.00005    0.00069    0.00004      0.00004      
124200  0.00078    0.00005    0.00069    0.00004      0.00004      
124300  0.00078    0.00005    0.00069    0.00004      0.00004      
124400  0.00078    0.00005    0.00069    0.00004      0.00004      
124500  0.00078    0.00005    0.00069    0.00004      0.00004      
124600  0.00078    0.00005    0.00069    0.00004      0.00004      
124700  0.00078    0.00005    0.00069    0.00004      0.00004      
124800  0.00078    0.00005    0.00069    0.00004      0.00004      
124900  0.00078    0.00005    0.00069    0.00004      0.00004      
125000  0.00078    0.00005    0.00069    0.00004      0.00004      
125100  0.00078    0.00005    0.00069    0.00004      0.00004      
125200  0.00078    0.00005    0.00069    0.00004      0.00004      
125300  0.00078    0.00005    0.00069    0.00004      0.00004      
125400  0.00078    0.00005    0.00069    0.00004      0.00004      
125500  0.00078    0.00005    0.00069    0.00004      0.00004      
125600  0.00078    0.00005    0.00069    0.00004      0.00004      
125700  0.00078    0.00005    0.00069    0.00004      0.00004      
125800  0.00078    0.00005    0.00069    0.00004      0.00004      
125900  0.00078    0.00005    0.00069    0.00004      0.00004      
126000  0.00078    0.00005    0.00069    0.00004      0.00004      
126100  0.00078    0.00005    0.00069    0.00004      0.00004      
126200  0.00078    0.00005    0.00069    0.00004      0.00004      
126300  0.00078    0.00005    0.00069    0.00004      0.00004      
126400  0.00078    0.00005    0.00069    0.00004      0.00004      
126500  0.00078    0.00005    0.00069    0.00004      0.00004      
126600  0.00078    0.00005    0.00069    0.00004      0.00004      
126700  0.00078    0.00005    0.00069    0.00004      0.00004      
126800  0.00078    0.00005    0.00069    0.00004      0.00004      
126900  0.00078    0.00005    0.00069    0.00004      0.00004      
127000  0.00078    0.00005    0.00069    0.00004      0.00004      
127100  0.00078    0.00005    0.00069    0.00004      0.00004      
127200  0.00078    0.00005    0.00069    0.00004      0.00004      
127300  0.00078    0.00005    0.00069    0.00004      0.00004      
127400  0.00078    0.00005    0.00069    0.00004      0.00004      
127500  0.00078    0.00005    0.00069    0.00004      0.00004      
127600  0.00078    0.00005    0.00069    0.00004      0.00004      
127700  0.00078    0.00005    0.00069    0.00004      0.00004      
127800  0.00078    0.00005    0.00069    0.00004      0.00004      
127900  0.00078    0.00005    0.00069    0.00004      0.00004      
128000  0.00078    0.00005    0.00069    0.00004      0.00004      
128100  0.00078    0.00005    0.00069    0.00004      0.00004      
128200  0.00078    0.00005    0.00069    0.00004      0.00004      
128300  0.00078    0.00005    0.00069    0.00004      0.00004      
128400  0.00078    0.00005    0.00069    0.00004      0.00004      
128500  0.00078    0.00005    0.00069    0.00004      0.00004      
128600  0.00078    0.00005    0.00069    0.00004      0.00004      
128700  0.00078    0.00005    0.00069    0.00004      0.00004      
128800  0.00078    0.00005    0.00069    0.00004      0.00004      
128900  0.00078    0.00005    0.00069    0.00004      0.00004      
129000  0.00078    0.00005    0.00069    0.00004      0.00004      
129100  0.00078    0.00005    0.00069    0.00004      0.00004      
129200  0.00078    0.00005    0.00069    0.00004      0.00004      
129300  0.00078    0.00005    0.00069    0.00004      0.00004      
129400  0.00078    0.00005    0.00069    0.00004      0.00004      
129500  0.00078    0.00005    0.00069    0.00004      0.00004      
129600  0.00078    0.00005    0.00069    0.00004      0.00004      
129700  0.00078    0.00005    0.00069    0.00004      0.00004      
129800  0.00078    0.00005    0.00069    0.00004      0.00004      
129900  0.00078    0.00005    0.00069    0.00004      0.00004      
130000  0.00078    0.00005    0.00069    0.00004      0.00004      
130100  0.00078    0.00005    0.00069    0.00004      0.00004      
130200  0.00078    0.00005    0.00069    0.00004      0.00004      
130300  0.00078    0.00005    0.00069    0.00004      0.00004      
130400  0.00078    0.00005    0.00069    0.00004      0.00004      
130500  0.00078    0.00005    0.00069    0.00004      0.00004      
130600  0.00078    0.00005    0.00069    0.00004      0.00004      
130700  0.00078    0.00005    0.00069    0.00004      0.00004      
130800  0.00078    0.00005    0.00069    0.00004      0.00004      
130900  0.00078    0.00005    0.00069    0.00004      0.00004      
131000  0.00078    0.00005    0.00069    0.00004      0.00004      
131100  0.00078    0.00005    0.00069    0.00004      0.00004      
131200  0.00078    0.00005    0.00069    0.00004      0.00004      
131300  0.00078    0.00005    0.00069    0.00004      0.00004      
131400  0.00078    0.00005    0.00069    0.00004      0.00004      
131500  0.00078    0.00005    0.00069    0.00004      0.00004      
131600  0.00078    0.00005    0.00069    0.00004      0.00004      
131700  0.00078    0.00005    0.00069    0.00004      0.00004      
131800  0.00078    0.00005    0.00069    0.00004      0.00004      
131900  0.00078    0.00005    0.00069    0.00004      0.00004      
132000  0.00078    0.00005    0.00069    0.00004      0.00004      
132100  0.00078    0.00005    0.00069    0.00004      0.00004      
132200  0.00078    0.00005    0.00069    0.00004      0.00004      
132300  0.00078    0.00005    0.00069    0.00004      0.00004      
132400  0.00078    0.00005    0.00069    0.00004      0.00004      
132500  0.00078    0.00005    0.00069    0.00004      0.00004      
132600  0.00078    0.00005    0.00069    0.00004      0.00004      
132700  0.00078    0.00005    0.00069    0.00004      0.00004      
132800  0.00078    0.00005    0.00069    0.00004      0.00004      
132900  0.00078    0.00005    0.00069    0.00004      0.00004      
133000  0.00078    0.00005    0.00069    0.00004      0.00004      
133100  0.00078    0.00005    0.00069    0.00004      0.00004      
133200  0.00078    0.00005    0.00069    0.00004      0.00004      
133300  0.00078    0.00005    0.00069    0.00004      0.00004      
133400  0.00078    0.00005    0.00069    0.00004      0.00004      
133500  0.00078    0.00005    0.00069    0.00004      0.00004      
133600  0.00078    0.00005    0.00069    0.00004      0.00004      
133700  0.00078    0.00005    0.00069    0.00004      0.00004      
133800  0.00078    0.00005    0.00069    0.00004      0.00004      
133900  0.00078    0.00005    0.00069    0.00004      0.00004      
134000  0.00078    0.00005    0.00069    0.00004      0.00004      
134100  0.00078    0.00005    0.00069    0.00004      0.00004      
134200  0.00078    0.00005    0.00069    0.00004      0.00004      
134300  0.00078    0.00005    0.00069    0.00004      0.00004      
134400  0.00078    0.00005    0.00069    0.00004      0.00004      
134500  0.00078    0.00005    0.00069    0.00004      0.00004      
134600  0.00078    0.00005    0.00069    0.00004      0.00004      
134700  0.00078    0.00005    0.00069    0.00004      0.00004      
134800  0.00078    0.00005    0.00069    0.00004      0.00004      
134900  0.00078    0.00005    0.00069    0.00004      0.00004      
135000  0.00078    0.00005    0.00069    0.00004      0.00004      
135100  0.00078    0.00005    0.00069    0.00004      0.00004      
135200  0.00078    0.00005    0.00069    0.00004      0.00004      
135300  0.00078    0.00005    0.00069    0.00004      0.00004      
135400  0.00078    0.00005    0.00069    0.00004      0.00004      
135500  0.00078    0.00005    0.00069    0.00004      0.00004      
135600  0.00078    0.00005    0.00069    0.00004      0.00004      
135700  0.00078    0.00005    0.00069    0.00004      0.00004      
135800  0.00078    0.00005    0.00069    0.00004      0.00004      
135900  0.00078    0.00005    0.00069    0.00004      0.00004      
136000  0.00078    0.00005    0.00069    0.00004      0.00004      
136100  0.00078    0.00005    0.00069    0.00004      0.00004      
136200  0.00078    0.00005    0.00069    0.00004      0.00004      
136300  0.00078    0.00005    0.00069    0.00004      0.00004      
136400  0.00078    0.00005    0.00069    0.00004      0.00004      
136500  0.00078    0.00005    0.00069    0.00004      0.00004      
136600  0.00078    0.00005    0.00069    0.00004      0.00004      
136700  0.00078    0.00005    0.00069    0.00004      0.00004      
136800  0.00078    0.00005    0.00069    0.00004      0.00004      
136900  0.00078    0.00005    0.00069    0.00004      0.00004      
137000  0.00078    0.00005    0.00069    0.00004      0.00004      
137100  0.00078    0.00005    0.00069    0.00004      0.00004      
137200  0.00078    0.00005    0.00069    0.00004      0.00004      
137300  0.00078    0.00005    0.00069    0.00004      0.00004      
137400  0.00078    0.00005    0.00069    0.00004      0.00004      
137500  0.00078    0.00005    0.00069    0.00004      0.00004      
137600  0.00078    0.00005    0.00069    0.00004      0.00004      
137700  0.00078    0.00005    0.00069    0.00004      0.00004      
137800  0.00078    0.00005    0.00069    0.00004      0.00004      
137900  0.00078    0.00005    0.00069    0.00004      0.00004      
138000  0.00078    0.00005    0.00069    0.00004      0.00004      
138100  0.00078    0.00005    0.00069    0.00004      0.00004      
138200  0.00078    0.00005    0.00069    0.00004      0.00004      
138300  0.00078    0.00005    0.00069    0.00004      0.00004      
138400  0.00078    0.00005    0.00069    0.00004      0.00004      
138500  0.00078    0.00005    0.00069    0.00004      0.00004      
138600  0.00078    0.00005    0.00069    0.00004      0.00004      
138700  0.00078    0.00005    0.00069    0.00004      0.00004      
138800  0.00078    0.00005    0.00069    0.00004      0.00004      
138900  0.00078    0.00005    0.00069    0.00004      0.00004      
139000  0.00078    0.00005    0.00069    0.00004      0.00004      
139100  0.00078    0.00005    0.00069    0.00004      0.00004      
139200  0.00078    0.00005    0.00069    0.00004      0.00004      
139300  0.00078    0.00005    0.00069    0.00004      0.00004      
139400  0.00078    0.00005    0.00069    0.00004      0.00004      
139500  0.00078    0.00005    0.00069    0.00004      0.00004      
139600  0.00078    0.00005    0.00069    0.00004      0.00004      
139700  0.00078    0.00005    0.00069    0.00004      0.00004      
139800  0.00078    0.00005    0.00069    0.00004      0.00004      
139900  0.00078    0.00005    0.00069    0.00004      0.00004      
140000  0.00078    0.00005    0.00069    0.00004      0.00004      
140100  0.00078    0.00005    0.00069    0.00004      0.00004      
140200  0.00078    0.00005    0.00069    0.00004      0.00004      
140300  0.00078    0.00005    0.00069    0.00004      0.00004      
140400  0.00078    0.00005    0.00069    0.00004      0.00004      
140500  0.00078    0.00005    0.00069    0.00004      0.00004      
140600  0.00078    0.00005    0.00069    0.00004      0.00004      
140700  0.00078    0.00005    0.00069    0.00004      0.00004      
140800  0.00078    0.00005    0.00069    0.00004      0.00004      
140900  0.00078    0.00005    0.00069    0.00004      0.00004      
141000  0.00078    0.00005    0.00069    0.00004      0.00004      
141100  0.00078    0.00005    0.00069    0.00004      0.00004      
141200  0.00078    0.00005    0.00069    0.00004      0.00004      
141300  0.00078    0.00005    0.00069    0.00004      0.00004      
141400  0.00078    0.00005    0.00069    0.00004      0.00004      
141500  0.00078    0.00005    0.00069    0.00004      0.00004      
141600  0.00078    0.00005    0.00069    0.00004      0.00004      
141700  0.00078    0.00005    0.00069    0.00004      0.00004      
141800  0.00078    0.00005    0.00069    0.00004      0.00004      
141900  0.00078    0.00005    0.00069    0.00004      0.00004      
142000  0.00078    0.00005    0.00069    0.00004      0.00004      
142100  0.00078    0.00005    0.00069    0.00004      0.00004      
142200  0.00078    0.00005    0.00069    0.00004      0.00004      
142300  0.00078    0.00005    0.00069    0.00004      0.00004      
142400  0.00078    0.00005    0.00069    0.00004      0.00004      
142500  0.00078    0.00005    0.00069    0.00004      0.00004      
142600  0.00078    0.00005    0.00069    0.00004      0.00004      
142700  0.00078    0.00005    0.00069    0.00004      0.00004      
142800  0.00078    0.00005    0.00069    0.00004      0.00004      
142900  0.00078    0.00005    0.00069    0.00004      0.00004      
143000  0.00078    0.00005    0.00069    0.00004      0.00004      
143100  0.00078    0.00005    0.00069    0.00004      0.00004      
143200  0.00078    0.00005    0.00069    0.00004      0.00004      
143300  0.00078    0.00005    0.00069    0.00004      0.00004      
143400  0.00078    0.00005    0.00069    0.00004      0.00004      
143500  0.00078    0.00005    0.00069    0.00004      0.00004      
143600  0.00078    0.00005    0.00069    0.00004      0.00004      
143700  0.00078    0.00005    0.00069    0.00004      0.00004      
143800  0.00078    0.00005    0.00069    0.00004      0.00004      
143900  0.00078    0.00005    0.00069    0.00004      0.00004      
144000  0.00078    0.00005    0.00069    0.00004      0.00004      
144100  0.00078    0.00005    0.00069    0.00004      0.00004      
144200  0.00078    0.00005    0.00069    0.00004      0.00004      
144300  0.00078    0.00005    0.00069    0.00004      0.00004      
144400  0.00078    0.00005    0.00069    0.00004      0.00004      
144500  0.00078    0.00005    0.00069    0.00004      0.00004      
144600  0.00078    0.00005    0.00069    0.00004      0.00004      
144700  0.00078    0.00005    0.00069    0.00004      0.00004      
144800  0.00078    0.00005    0.00069    0.00004      0.00004      
144900  0.00078    0.00005    0.00069    0.00004      0.00004      
145000  0.00078    0.00005    0.00069    0.00004      0.00004      
145100  0.00078    0.00005    0.00069    0.00004      0.00004      
145200  0.00078    0.00005    0.00069    0.00004      0.00004      
145300  0.00078    0.00005    0.00069    0.00004      0.00004      
145400  0.00078    0.00005    0.00069    0.00004      0.00004      
145500  0.00078    0.00005    0.00069    0.00004      0.00004      
145600  0.00078    0.00005    0.00069    0.00004      0.00004      
145700  0.00078    0.00005    0.00069    0.00004      0.00004      
145800  0.00078    0.00005    0.00069    0.00004      0.00004      
145900  0.00078    0.00005    0.00069    0.00004      0.00004      
146000  0.00078    0.00005    0.00069    0.00004      0.00004      
146100  0.00078    0.00005    0.00069    0.00004      0.00004      
146200  0.00078    0.00005    0.00069    0.00004      0.00004      
146300  0.00078    0.00005    0.00069    0.00004      0.00004      
146400  0.00078    0.00005    0.00069    0.00004      0.00004      
146500  0.00078    0.00005    0.00069    0.00004      0.00004      
146600  0.00078    0.00005    0.00069    0.00004      0.00004      
146700  0.00078    0.00005    0.00069    0.00004      0.00004      
146800  0.00078    0.00005    0.00069    0.00004      0.00004      
146900  0.00078    0.00005    0.00069    0.00004      0.00004      
147000  0.00078    0.00005    0.00069    0.00004      0.00004      
147100  0.00078    0.00005    0.00069    0.00004      0.00004      
147200  0.00078    0.00005    0.00069    0.00004      0.00004      
147300  0.00078    0.00005    0.00069    0.00004      0.00004      
147400  0.00078    0.00005    0.00069    0.00004      0.00004      
147500  0.00078    0.00005    0.00069    0.00004      0.00004      
147600  0.00078    0.00005    0.00069    0.00004      0.00004      
147700  0.00078    0.00005    0.00069    0.00004      0.00004      
147800  0.00078    0.00005    0.00069    0.00004      0.00004      
147900  0.00078    0.00005    0.00069    0.00004      0.00004      
148000  0.00078    0.00005    0.00069    0.00004      0.00004      
148100  0.00078    0.00005    0.00069    0.00004      0.00004      
148200  0.00078    0.00005    0.00069    0.00004      0.00004      
148300  0.00078    0.00005    0.00069    0.00004      0.00004      
148400  0.00078    0.00005    0.00069    0.00004      0.00004      
148500  0.00078    0.00005    0.00069    0.00004      0.00004      
148600  0.00078    0.00005    0.00069    0.00004      0.00004      
148700  0.00078    0.00005    0.00069    0.00004      0.00004      
148800  0.00078    0.00005    0.00069    0.00004      0.00004      
148900  0.00078    0.00005    0.00069    0.00004      0.00004      
149000  0.00078    0.00005    0.00069    0.00004      0.00004      
149100  0.00078    0.00005    0.00069    0.00004      0.00004      
149200  0.00078    0.00005    0.00069    0.00004      0.00004      
149300  0.00078    0.00005    0.00069    0.00004      0.00004      
149400  0.00078    0.00005    0.00069    0.00004      0.00004      
149500  0.00078    0.00005    0.00069    0.00004      0.00004      
149600  0.00078    0.00005    0.00069    0.00004      0.00004      
149700  0.00078    0.00005    0.00069    0.00004      0.00004      
149800  0.00078    0.00005    0.00069    0.00004      0.00004      
149900  0.00078    0.00005    0.00069    0.00004      0.00004      
150000  0.00078    0.00005    0.00069    0.00004      0.00004      
150100  0.00078    0.00005    0.00069    0.00004      0.00004      
150200  0.00078    0.00005    0.00069    0.00004      0.00004      
150300  0.00078    0.00005    0.00069    0.00004      0.00004      
150400  0.00078    0.00005    0.00069    0.00004      0.00004      
150500  0.00078    0.00005    0.00069    0.00004      0.00004      
150600  0.00078    0.00005    0.00069    0.00004      0.00004      
150700  0.00078    0.00005    0.00069    0.00004      0.00004      
150800  0.00078    0.00005    0.00069    0.00004      0.00004      
150900  0.00078    0.00005    0.00069    0.00004      0.00004      
151000  0.00078    0.00005    0.00069    0.00004      0.00004      
151100  0.00078    0.00005    0.00069    0.00004      0.00004      
151200  0.00078    0.00005    0.00069    0.00004      0.00004      
151300  0.00078    0.00005    0.00069    0.00004      0.00004      
151400  0.00078    0.00005    0.00069    0.00004      0.00004      
151500  0.00078    0.00005    0.00069    0.00004      0.00004      
151600  0.00078    0.00005    0.00069    0.00004      0.00004      
151700  0.00078    0.00005    0.00069    0.00004      0.00004      
151800  0.00078    0.00005    0.00069    0.00004      0.00004      
151900  0.00078    0.00005    0.00069    0.00004      0.00004      
152000  0.00078    0.00005    0.00069    0.00004      0.00004      
152100  0.00078    0.00005    0.00069    0.00004      0.00004      
152200  0.00078    0.00005    0.00069    0.00004      0.00004      
152300  0.00078    0.00005    0.00069    0.00004      0.00004      
152400  0.00078    0.00005    0.00069    0.00004      0.00004      
152500  0.00078    0.00005    0.00069    0.00004      0.00004      
152600  0.00078    0.00005    0.00069    0.00004      0.00004      
152700  0.00078    0.00005    0.00069    0.00004      0.00004      
152800  0.00078    0.00005    0.00069    0.00004      0.00004      
152900  0.00078    0.00005    0.00069    0.00004      0.00004      
153000  0.00078    0.00005    0.00069    0.00004      0.00004      
153100  0.00078    0.00005    0.00069    0.00004      0.00004      
153200  0.00078    0.00005    0.00069    0.00004      0.00004      
153300  0.00078    0.00005    0.00069    0.00004      0.00004      
153400  0.00078    0.00005    0.00069    0.00004      0.00004      
153500  0.00078    0.00005    0.00069    0.00004      0.00004      
153600  0.00078    0.00005    0.00069    0.00004      0.00004      
153700  0.00078    0.00005    0.00069    0.00004      0.00004      
153800  0.00078    0.00005    0.00069    0.00004      0.00004      
153900  0.00078    0.00005    0.00069    0.00004      0.00004      
154000  0.00078    0.00005    0.00069    0.00004      0.00004      
154100  0.00078    0.00005    0.00069    0.00004      0.00004      
154200  0.00078    0.00005    0.00069    0.00004      0.00004      
154300  0.00078    0.00005    0.00069    0.00004      0.00004      
154400  0.00078    0.00005    0.00069    0.00004      0.00004      
154500  0.00078    0.00005    0.00069    0.00004      0.00004      
154600  0.00078    0.00005    0.00069    0.00004      0.00004      
154700  0.00078    0.00005    0.00069    0.00004      0.00004      
154800  0.00078    0.00005    0.00069    0.00004      0.00004      
154900  0.00078    0.00005    0.00069    0.00004      0.00004      
155000  0.00078    0.00005    0.00069    0.00004      0.00004      
155100  0.00078    0.00005    0.00069    0.00004      0.00004      
155200  0.00078    0.00005    0.00069    0.00004      0.00004      
155300  0.00078    0.00005    0.00069    0.00004      0.00004      
155400  0.00078    0.00005    0.00069    0.00004      0.00004      
155500  0.00078    0.00005    0.00069    0.00004      0.00004      
155600  0.00078    0.00005    0.00069    0.00004      0.00004      
155700  0.00078    0.00005    0.00069    0.00004      0.00004      
155800  0.00078    0.00005    0.00069    0.00004      0.00004      
155900  0.00078    0.00005    0.00069    0.00004      0.00004      
156000  0.00078    0.00005    0.00069    0.00004      0.00004      
156100  0.00078    0.00005    0.00069    0.00004      0.00004      
156200  0.00078    0.00005    0.00069    0.00004      0.00004      
156300  0.00078    0.00005    0.00069    0.00004      0.00004      
156400  0.00078    0.00005    0.00069    0.00004      0.00004      
156500  0.00078    0.00005    0.00069    0.00004      0.00004      
156600  0.00078    0.00005    0.00069    0.00004      0.00004      
156700  0.00078    0.00005    0.00069    0.00004      0.00004      
156800  0.00078    0.00005    0.00069    0.00004      0.00004      
156900  0.00078    0.00005    0.00069    0.00004      0.00004      
157000  0.00078    0.00005    0.00069    0.00004      0.00004      
157100  0.00078    0.00005    0.00069    0.00004      0.00004      
157200  0.00078    0.00005    0.00069    0.00004      0.00004      
157300  0.00078    0.00005    0.00069    0.00004      0.00004      
157400  0.00078    0.00005    0.00069    0.00004      0.00004      
157500  0.00078    0.00005    0.00069    0.00004      0.00004      
157600  0.00078    0.00005    0.00069    0.00004      0.00004      
157700  0.00078    0.00005    0.00069    0.00004      0.00004      
157800  0.00078    0.00005    0.00069    0.00004      0.00004      
157900  0.00078    0.00005    0.00069    0.00004      0.00004      
158000  0.00078    0.00005    0.00069    0.00004      0.00004      
158100  0.00078    0.00005    0.00069    0.00004      0.00004      
158200  0.00078    0.00005    0.00069    0.00004      0.00004      
158300  0.00078    0.00005    0.00069    0.00004      0.00004      
158400  0.00078    0.00005    0.00069    0.00004      0.00004      
158500  0.00078    0.00005    0.00069    0.00004      0.00004      
158600  0.00078    0.00005    0.00069    0.00004      0.00004      
158700  0.00078    0.00005    0.00069    0.00004      0.00004      
158800  0.00078    0.00005    0.00069    0.00004      0.00004      
158900  0.00078    0.00005    0.00069    0.00004      0.00004      
159000  0.00078    0.00005    0.00069    0.00004      0.00004      
159100  0.00078    0.00005    0.00069    0.00004      0.00004      
159200  0.00078    0.00005    0.00069    0.00004      0.00004      
159300  0.00078    0.00005    0.00069    0.00004      0.00004      
159400  0.00078    0.00005    0.00069    0.00004      0.00004      
159500  0.00078    0.00005    0.00069    0.00004      0.00004      
159600  0.00078    0.00005    0.00069    0.00004      0.00004      
159700  0.00078    0.00005    0.00069    0.00004      0.00004      
159800  0.00078    0.00005    0.00069    0.00004      0.00004      
159900  0.00078    0.00005    0.00069    0.00004      0.00004      
160000  0.00078    0.00005    0.00069    0.00004      0.00004      
160100  0.00078    0.00005    0.00069    0.00004      0.00004      
160200  0.00078    0.00005    0.00069    0.00004      0.00004      
160300  0.00078    0.00005    0.00069    0.00004      0.00004      
160400  0.00078    0.00005    0.00069    0.00004      0.00004      
160500  0.00078    0.00005    0.00069    0.00004      0.00004      
160600  0.00078    0.00005    0.00069    0.00004      0.00004      
160700  0.00078    0.00005    0.00069    0.00004      0.00004      
160800  0.00078    0.00005    0.00069    0.00004      0.00004      
160900  0.00078    0.00005    0.00069    0.00004      0.00004      
161000  0.00078    0.00005    0.00069    0.00004      0.00004      
161100  0.00078    0.00005    0.00069    0.00004      0.00004      
161200  0.00078    0.00005    0.00069    0.00004      0.00004      
161300  0.00078    0.00005    0.00069    0.00004      0.00004      
161400  0.00078    0.00005    0.00069    0.00004      0.00004      
161500  0.00078    0.00005    0.00069    0.00004      0.00004      
161600  0.00078    0.00005    0.00069    0.00004      0.00004      
161700  0.00078    0.00005    0.00069    0.00004      0.00004      
161800  0.00078    0.00005    0.00069    0.00004      0.00004      
161900  0.00078    0.00005    0.00069    0.00004      0.00004      
162000  0.00078    0.00005    0.00069    0.00004      0.00004      
162100  0.00078    0.00005    0.00069    0.00004      0.00004      
162200  0.00078    0.00005    0.00069    0.00004      0.00004      
162300  0.00078    0.00005    0.00069    0.00004      0.00004      
162400  0.00078    0.00005    0.00069    0.00004      0.00004      
162500  0.00078    0.00005    0.00069    0.00004      0.00004      
162600  0.00078    0.00005    0.00069    0.00004      0.00004      
162700  0.00078    0.00005    0.00069    0.00004      0.00004      
162800  0.00078    0.00005    0.00069    0.00004      0.00004      
162900  0.00078    0.00005    0.00069    0.00004      0.00004      
163000  0.00078    0.00005    0.00069    0.00004      0.00004      
163100  0.00078    0.00005    0.00069    0.00004      0.00004      
163200  0.00078    0.00005    0.00069    0.00004      0.00004      
163300  0.00078    0.00005    0.00069    0.00004      0.00004      
163400  0.00078    0.00005    0.00069    0.00004      0.00004      
163500  0.00078    0.00005    0.00069    0.00004      0.00004      
163600  0.00078    0.00005    0.00069    0.00004      0.00004      
163700  0.00078    0.00005    0.00069    0.00004      0.00004      
163800  0.00078    0.00005    0.00069    0.00004      0.00004      
163900  0.00078    0.00005    0.00069    0.00004      0.00004      
164000  0.00078    0.00005    0.00069    0.00004      0.00004      
164100  0.00078    0.00005    0.00069    0.00004      0.00004      
164200  0.00078    0.00005    0.00069    0.00004      0.00004      
164300  0.00078    0.00005    0.00069    0.00004      0.00004      
164400  0.00078    0.00005    0.00069    0.00004      0.00004      
164500  0.00078    0.00005    0.00069    0.00004      0.00004      
164600  0.00078    0.00005    0.00069    0.00004      0.00004      
164700  0.00078    0.00005    0.00069    0.00004      0.00004      
164800  0.00078    0.00005    0.00069    0.00004      0.00004      
164900  0.00078    0.00005    0.00069    0.00004      0.00004      
165000  0.00078    0.00005    0.00069    0.00004      0.00004      
165100  0.00078    0.00005    0.00069    0.00004      0.00004      
165200  0.00078    0.00005    0.00069    0.00004      0.00004      
165300  0.00078    0.00005    0.00069    0.00004      0.00004      
165400  0.00078    0.00005    0.00069    0.00004      0.00004      
165500  0.00078    0.00005    0.00069    0.00004      0.00004      
165600  0.00078    0.00005    0.00069    0.00004      0.00004      
165700  0.00078    0.00005    0.00069    0.00004      0.00004      
165800  0.00078    0.00005    0.00069    0.00004      0.00004      
165900  0.00078    0.00005    0.00069    0.00004      0.00004      
166000  0.00078    0.00005    0.00069    0.00004      0.00004      
166100  0.00078    0.00005    0.00069    0.00004      0.00004      
166200  0.00078    0.00005    0.00069    0.00004      0.00004      
166300  0.00078    0.00005    0.00069    0.00004      0.00004      
166400  0.00078    0.00005    0.00069    0.00004      0.00004      
166500  0.00078    0.00005    0.00069    0.00004      0.00004      
166600  0.00078    0.00005    0.00069    0.00004      0.00004      
166700  0.00078    0.00005    0.00069    0.00004      0.00004      
166800  0.00078    0.00005    0.00069    0.00004      0.00004      
166900  0.00078    0.00005    0.00069    0.00004      0.00004      
167000  0.00078    0.00005    0.00069    0.00004      0.00004      
167100  0.00078    0.00005    0.00069    0.00004      0.00004      
167200  0.00078    0.00005    0.00069    0.00004      0.00004      
167300  0.00078    0.00005    0.00069    0.00004      0.00004      
167400  0.00078    0.00005    0.00069    0.00004      0.00004      
167500  0.00078    0.00005    0.00069    0.00004      0.00004      
167600  0.00078    0.00005    0.00069    0.00004      0.00004      
167700  0.00078    0.00005    0.00069    0.00004      0.00004      
167800  0.00078    0.00005    0.00069    0.00004      0.00004      
167900  0.00078    0.00005    0.00069    0.00004      0.00004      
168000  0.00078    0.00005    0.00069    0.00004      0.00004      
168100  0.00078    0.00005    0.00069    0.00004      0.00004      
168200  0.00078    0.00005    0.00069    0.00004      0.00004      
168300  0.00078    0.00005    0.00069    0.00004      0.00004      
168400  0.00078    0.00005    0.00069    0.00004      0.00004      
168500  0.00078    0.00005    0.00069    0.00004      0.00004      
168600  0.00078    0.00005    0.00069    0.00004      0.00004      
168700  0.00078    0.00005    0.00069    0.00004      0.00004      
168800  0.00078    0.00005    0.00069    0.00004      0.00004      
168900  0.00078    0.00005    0.00069    0.00004      0.00004      
169000  0.00078    0.00005    0.00069    0.00004      0.00004      
169100  0.00078    0.00005    0.00069    0.00004      0.00004      
169200  0.00078    0.00005    0.00069    0.00004      0.00004      
169300  0.00078    0.00005    0.00069    0.00004      0.00004      
169400  0.00078    0.00005    0.00069    0.00004      0.00004      
169500  0.00078    0.00005    0.00069    0.00004      0.00004      
169600  0.00078    0.00005    0.00069    0.00004      0.00004      
169700  0.00078    0.00005    0.00069    0.00004      0.00004      
169800  0.00078    0.00005    0.00069    0.00004      0.00004      
169900  0.00078    0.00005    0.00069    0.00004      0.00004      
170000  0.00078    0.00005    0.00069    0.00004      0.00004      
170100  0.00078    0.00005    0.00069    0.00004      0.00004      
170200  0.00078    0.00005    0.00069    0.00004      0.00004      
170300  0.00078    0.00005    0.00069    0.00004      0.00004      
170400  0.00078    0.00005    0.00069    0.00004      0.00004      
170500  0.00078    0.00005    0.00069    0.00004      0.00004      
170600  0.00078    0.00005    0.00069    0.00004      0.00004      
170700  0.00078    0.00005    0.00069    0.00004      0.00004      
170800  0.00078    0.00005    0.00069    0.00004      0.00004      
170900  0.00078    0.00005    0.00069    0.00004      0.00004      
171000  0.00078    0.00005    0.00069    0.00004      0.00004      
171100  0.00078    0.00005    0.00069    0.00004      0.00004      
171200  0.00078    0.00005    0.00069    0.00004      0.00004      
171300  0.00078    0.00005    0.00069    0.00004      0.00004      
171400  0.00078    0.00005    0.00069    0.00004      0.00004      
171500  0.00078    0.00005    0.00069    0.00004      0.00004      
171600  0.00078    0.00005    0.00069    0.00004      0.00004      
171700  0.00078    0.00005    0.00069    0.00004      0.00004      
171800  0.00078    0.00005    0.00069    0.00004      0.00004      
171900  0.00078    0.00005    0.00069    0.00004      0.00004      
172000  0.00078    0.00005    0.00069    0.00004      0.00004      
172100  0.00078    0.00005    0.00069    0.00004      0.00004      
172200  0.00078    0.00005    0.00069    0.00004      0.00004      
172300  0.00078    0.00005    0.00069    0.00004      0.00004      
172400  0.00078    0.00005    0.00069    0.00004      0.00004      
172500  0.00078    0.00005    0.00069    0.00004      0.00004      
172600  0.00078    0.00005    0.00069    0.00004      0.00004      
172700  0.00078    0.00005    0.00069    0.00004      0.00004      
172800  0.00078    0.00005    0.00069    0.00004      0.00004      
172900  0.00078    0.00005    0.00069    0.00004      0.00004      
173000  0.00078    0.00005    0.00069    0.00004      0.00004      
173100  0.00078    0.00005    0.00069    0.00004      0.00004      
173200  0.00078    0.00005    0.00069    0.00004      0.00004      
173300  0.00078    0.00005    0.00069    0.00004      0.00004      
173400  0.00078    0.00005    0.00069    0.00004      0.00004      
173500  0.00078    0.00005    0.00069    0.00004      0.00004      
173600  0.00078    0.00005    0.00069    0.00004      0.00004      
173700  0.00078    0.00005    0.00069    0.00004      0.00004      
173800  0.00078    0.00005    0.00069    0.00004      0.00004      
173900  0.00078    0.00005    0.00069    0.00004      0.00004      
174000  0.00078    0.00005    0.00069    0.00004      0.00004      
174100  0.00078    0.00005    0.00069    0.00004      0.00004      
174200  0.00078    0.00005    0.00069    0.00004      0.00004      
174300  0.00078    0.00005    0.00069    0.00004      0.00004      
174400  0.00078    0.00005    0.00069    0.00004      0.00004      
174500  0.00078    0.00005    0.00069    0.00004      0.00004      
174600  0.00078    0.00005    0.00069    0.00004      0.00004      
174700  0.00078    0.00005    0.00069    0.00004      0.00004      
174800  0.00078    0.00005    0.00069    0.00004      0.00004      
174900  0.00078    0.00005    0.00069    0.00004      0.00004      
175000  0.00078    0.00005    0.00069    0.00004      0.00004      
175100  0.00078    0.00005    0.00069    0.00004      0.00004      
175200  0.00078    0.00005    0.00069    0.00004      0.00004      
175300  0.00078    0.00005    0.00069    0.00004      0.00004      
175400  0.00078    0.00005    0.00069    0.00004      0.00004      
175500  0.00078    0.00005    0.00069    0.00004      0.00004      
175600  0.00078    0.00005    0.00069    0.00004      0.00004      
175700  0.00078    0.00005    0.00069    0.00004      0.00004      
175800  0.00078    0.00005    0.00069    0.00004      0.00004      
175900  0.00078    0.00005    0.00069    0.00004      0.00004      
176000  0.00078    0.00005    0.00069    0.00004      0.00004      
176100  0.00078    0.00005    0.00069    0.00004      0.00004      
176200  0.00078    0.00005    0.00069    0.00004      0.00004      
176300  0.00078    0.00005    0.00069    0.00004      0.00004      
176400  0.00078    0.00005    0.00069    0.00004      0.00004      
176500  0.00078    0.00005    0.00069    0.00004      0.00004      
176600  0.00078    0.00005    0.00069    0.00004      0.00004      
176700  0.00078    0.00005    0.00069    0.00004      0.00004      
176800  0.00078    0.00005    0.00069    0.00004      0.00004      
176900  0.00078    0.00005    0.00069    0.00004      0.00004      
177000  0.00078    0.00005    0.00069    0.00004      0.00004      
177100  0.00078    0.00005    0.00069    0.00004      0.00004      
177200  0.00078    0.00005    0.00069    0.00004      0.00004      
177300  0.00078    0.00005    0.00069    0.00004      0.00004      
177400  0.00078    0.00005    0.00069    0.00004      0.00004      
177500  0.00078    0.00005    0.00069    0.00004      0.00004      
177600  0.00078    0.00005    0.00069    0.00004      0.00004      
177700  0.00078    0.00005    0.00069    0.00004      0.00004      
177800  0.00078    0.00005    0.00069    0.00004      0.00004      
177900  0.00078    0.00005    0.00069    0.00004      0.00004      
178000  0.00078    0.00005    0.00069    0.00004      0.00004      
178100  0.00078    0.00005    0.00069    0.00004      0.00004      
178200  0.00078    0.00005    0.00069    0.00004      0.00004      
178300  0.00078    0.00005    0.00069    0.00004      0.00004      
178400  0.00078    0.00005    0.00069    0.00004      0.00004      
178500  0.00078    0.00005    0.00069    0.00004      0.00004      
178600  0.00078    0.00005    0.00069    0.00004      0.00004      
178700  0.00078    0.00005    0.00069    0.00004      0.00004      
178800  0.00078    0.00005    0.00069    0.00004      0.00004      
178900  0.00078    0.00005    0.00069    0.00004      0.00004      
179000  0.00078    0.00005    0.00069    0.00004      0.00004      
179100  0.00078    0.00005    0.00069    0.00004      0.00004      
179200  0.00078    0.00005    0.00069    0.00004      0.00004      
179300  0.00078    0.00005    0.00069    0.00004      0.00004      
179400  0.00078    0.00005    0.00069    0.00004      0.00004      
179500  0.00078    0.00005    0.00069    0.00004      0.00004      
179600  0.00078    0.00005    0.00069    0.00004      0.00004      
179700  0.00078    0.00005    0.00069    0.00004      0.00004      
179800  0.00078    0.00005    0.00069    0.00004      0.00004      
179900  0.00078    0.00005    0.00069    0.00004      0.00004      
180000  0.00078    0.00005    0.00069    0.00004      0.00004      
180100  0.00078    0.00005    0.00069    0.00004      0.00004      
180200  0.00078    0.00005    0.00069    0.00004      0.00004      
180300  0.00078    0.00005    0.00069    0.00004      0.00004      
180400  0.00078    0.00005    0.00069    0.00004      0.00004      
180500  0.00078    0.00005    0.00069    0.00004      0.00004      
180600  0.00078    0.00005    0.00069    0.00004      0.00004      
180700  0.00078    0.00005    0.00069    0.00004      0.00004      
180800  0.00078    0.00005    0.00069    0.00004      0.00004      
180900  0.00078    0.00005    0.00069    0.00004      0.00004      
181000  0.00078    0.00005    0.00069    0.00004      0.00004      
181100  0.00078    0.00005    0.00069    0.00004      0.00004      
181200  0.00078    0.00005    0.00069    0.00004      0.00004      
181300  0.00078    0.00005    0.00069    0.00004      0.00004      
181400  0.00078    0.00005    0.00069    0.00004      0.00004      
181500  0.00078    0.00005    0.00069    0.00004      0.00004      
181600  0.00078    0.00005    0.00069    0.00004      0.00004      
181700  0.00078    0.00005    0.00069    0.00004      0.00004      
181800  0.00078    0.00005    0.00069    0.00004      0.00004      
181900  0.00078    0.00005    0.00069    0.00004      0.00004      
182000  0.00078    0.00005    0.00069    0.00004      0.00004      
182100  0.00078    0.00005    0.00069    0.00004      0.00004      
182200  0.00078    0.00005    0.00069    0.00004      0.00004      
182300  0.00078    0.00005    0.00069    0.00004      0.00004      
182400  0.00078    0.00005    0.00069    0.00004      0.00004      
182500  0.00078    0.00005    0.00069    0.00004      0.00004      
182600  0.00078    0.00005    0.00069    0.00004      0.00004      
182700  0.00078    0.00005    0.00069    0.00004      0.00004      
182800  0.00078    0.00005    0.00069    0.00004      0.00004      
182900  0.00078    0.00005    0.00069    0.00004      0.00004      
183000  0.00078    0.00005    0.00069    0.00004      0.00004      
183100  0.00078    0.00005    0.00069    0.00004      0.00004      
183200  0.00078    0.00005    0.00069    0.00004      0.00004      
183300  0.00078    0.00005    0.00069    0.00004      0.00004      
183400  0.00078    0.00005    0.00069    0.00004      0.00004      
183500  0.00078    0.00005    0.00069    0.00004      0.00004      
183600  0.00078    0.00005    0.00069    0.00004      0.00004      
183700  0.00078    0.00005    0.00069    0.00004      0.00004      
183800  0.00078    0.00005    0.00069    0.00004      0.00004      
183900  0.00078    0.00005    0.00069    0.00004      0.00004      
184000  0.00078    0.00005    0.00069    0.00004      0.00004      
184100  0.00078    0.00005    0.00069    0.00004      0.00004      
184200  0.00078    0.00005    0.00069    0.00004      0.00004      
184300  0.00078    0.00005    0.00069    0.00004      0.00004      
184400  0.00078    0.00005    0.00069    0.00004      0.00004      
184500  0.00078    0.00005    0.00069    0.00004      0.00004      
184600  0.00078    0.00005    0.00069    0.00004      0.00004      
184700  0.00078    0.00005    0.00069    0.00004      0.00004      
184800  0.00078    0.00005    0.00069    0.00004      0.00004      
184900  0.00078    0.00005    0.00069    0.00004      0.00004      
185000  0.00078    0.00005    0.00069    0.00004      0.00004      
185100  0.00078    0.00005    0.00069    0.00004      0.00004      
185200  0.00078    0.00005    0.00069    0.00004      0.00004      
185300  0.00078    0.00005    0.00069    0.00004      0.00004      
185400  0.00078    0.00005    0.00069    0.00004      0.00004      
185500  0.00078    0.00005    0.00069    0.00004      0.00004      
185600  0.00078    0.00005    0.00069    0.00004      0.00004      
185700  0.00078    0.00005    0.00069    0.00004      0.00004      
185800  0.00078    0.00005    0.00069    0.00004      0.00004      
185900  0.00078    0.00005    0.00069    0.00004      0.00004      
186000  0.00078    0.00005    0.00069    0.00004      0.00004      
186100  0.00078    0.00005    0.00069    0.00004      0.00004      
186200  0.00078    0.00005    0.00069    0.00004      0.00004      
186300  0.00078    0.00005    0.00069    0.00004      0.00004      
186400  0.00078    0.00005    0.00069    0.00004      0.00004      
186500  0.00078    0.00005    0.00069    0.00004      0.00004      
186600  0.00078    0.00005    0.00069    0.00004      0.00004      
186700  0.00078    0.00005    0.00069    0.00004      0.00004      
186800  0.00078    0.00005    0.00069    0.00004      0.00004      
186900  0.00078    0.00005    0.00069    0.00004      0.00004      
187000  0.00078    0.00005    0.00069    0.00004      0.00004      
187100  0.00078    0.00005    0.00069    0.00004      0.00004      
187200  0.00078    0.00005    0.00069    0.00004      0.00004      
187300  0.00078    0.00005    0.00069    0.00004      0.00004      
187400  0.00078    0.00005    0.00069    0.00004      0.00004      
187500  0.00078    0.00005    0.00069    0.00004      0.00004      
187600  0.00078    0.00005    0.00069    0.00004      0.00004      
187700  0.00078    0.00005    0.00069    0.00004      0.00004      
187800  0.00078    0.00005    0.00069    0.00004      0.00004      
187900  0.00078    0.00005    0.00069    0.00004      0.00004      
188000  0.00078    0.00005    0.00069    0.00004      0.00004      
188100  0.00078    0.00005    0.00069    0.00004      0.00004      
188200  0.00078    0.00005    0.00069    0.00004      0.00004      
188300  0.00078    0.00005    0.00069    0.00004      0.00004      
188400  0.00078    0.00005    0.00069    0.00004      0.00004      
188500  0.00078    0.00005    0.00069    0.00004      0.00004      
188600  0.00078    0.00005    0.00069    0.00004      0.00004      
188700  0.00078    0.00005    0.00069    0.00004      0.00004      
188800  0.00078    0.00005    0.00069    0.00004      0.00004      
188900  0.00078    0.00005    0.00069    0.00004      0.00004      
189000  0.00078    0.00005    0.00069    0.00004      0.00004      
189100  0.00078    0.00005    0.00069    0.00004      0.00004      
189200  0.00078    0.00005    0.00069    0.00004      0.00004      
189300  0.00078    0.00005    0.00069    0.00004      0.00004      
189400  0.00078    0.00005    0.00069    0.00004      0.00004      
189500  0.00078    0.00005    0.00069    0.00004      0.00004      
189600  0.00078    0.00005    0.00069    0.00004      0.00004      
189700  0.00078    0.00005    0.00069    0.00004      0.00004      
189800  0.00078    0.00005    0.00069    0.00004      0.00004      
189900  0.00078    0.00005    0.00069    0.00004      0.00004      
190000  0.00078    0.00005    0.00069    0.00004      0.00004      
190100  0.00078    0.00005    0.00069    0.00004      0.00004      
190200  0.00078    0.00005    0.00069    0.00004      0.00004      
190300  0.00078    0.00005    0.00069    0.00004      0.00004      
190400  0.00078    0.00005    0.00069    0.00004      0.00004      
190500  0.00078    0.00005    0.00069    0.00004      0.00004      
190600  0.00078    0.00005    0.00069    0.00004      0.00004      
190700  0.00078    0.00005    0.00069    0.00004      0.00004      
190800  0.00078    0.00005    0.00069    0.00004      0.00004      
190900  0.00078    0.00005    0.00069    0.00004      0.00004      
191000  0.00078    0.00005    0.00069    0.00004      0.00004      
191100  0.00078    0.00005    0.00069    0.00004      0.00004      
191200  0.00078    0.00005    0.00069    0.00004      0.00004      
191300  0.00078    0.00005    0.00069    0.00004      0.00004      
191400  0.00078    0.00005    0.00069    0.00004      0.00004      
191500  0.00078    0.00005    0.00069    0.00004      0.00004      
191600  0.00078    0.00005    0.00069    0.00004      0.00004      
191700  0.00078    0.00005    0.00069    0.00004      0.00004      
191800  0.00078    0.00005    0.00069    0.00004      0.00004      
191900  0.00078    0.00005    0.00069    0.00004      0.00004      
192000  0.00078    0.00005    0.00069    0.00004      0.00004      
192100  0.00078    0.00005    0.00069    0.00004      0.00004      
192200  0.00078    0.00005    0.00069    0.00004      0.00004      
192300  0.00078    0.00005    0.00069    0.00004      0.00004      
192400  0.00078    0.00005    0.00069    0.00004      0.00004      
192500  0.00078    0.00005    0.00069    0.00004      0.00004      
192600  0.00078    0.00005    0.00069    0.00004      0.00004      
192700  0.00078    0.00005    0.00069    0.00004      0.00004      
192800  0.00078    0.00005    0.00069    0.00004      0.00004      
192900  0.00078    0.00005    0.00069    0.00004      0.00004      
193000  0.00078    0.00005    0.00069    0.00004      0.00004      
193100  0.00078    0.00005    0.00069    0.00004      0.00004      
193200  0.00078    0.00005    0.00069    0.00004      0.00004      
193300  0.00078    0.00005    0.00069    0.00004      0.00004      
193400  0.00078    0.00005    0.00069    0.00004      0.00004      
193500  0.00078    0.00005    0.00069    0.00004      0.00004      
193600  0.00078    0.00005    0.00069    0.00004      0.00004      
193700  0.00078    0.00005    0.00069    0.00004      0.00004      
193800  0.00078    0.00005    0.00069    0.00004      0.00004      
193900  0.00078    0.00005    0.00069    0.00004      0.00004      
194000  0.00078    0.00005    0.00069    0.00004      0.00004      
194100  0.00078    0.00005    0.00069    0.00004      0.00004      
194200  0.00078    0.00005    0.00069    0.00004      0.00004      
194300  0.00078    0.00005    0.00069    0.00004      0.00004      
194400  0.00078    0.00005    0.00069    0.00004      0.00004      
194500  0.00078    0.00005    0.00069    0.00004      0.00004      
194600  0.00078    0.00005    0.00069    0.00004      0.00004      
194700  0.00078    0.00005    0.00069    0.00004      0.00004      
194800  0.00078    0.00005    0.00069    0.00004      0.00004      
194900  0.00078    0.00005    0.00069    0.00004      0.00004      
195000  0.00078    0.00005    0.00069    0.00004      0.00004      
195100  0.00078    0.00005    0.00069    0.00004      0.00004      
195200  0.00078    0.00005    0.00069    0.00004      0.00004      
195300  0.00078    0.00005    0.00069    0.00004      0.00004      
195400  0.00078    0.00005    0.00069    0.00004      0.00004      
195500  0.00078    0.00005    0.00069    0.00004      0.00004      
195600  0.00078    0.00005    0.00069    0.00004      0.00004      
195700  0.00078    0.00005    0.00069    0.00004      0.00004      
195800  0.00078    0.00005    0.00069    0.00004      0.00004      
195900  0.00078    0.00005    0.00069    0.00004      0.00004      
196000  0.00078    0.00005    0.00069    0.00004      0.00004      
196100  0.00078    0.00005    0.00069    0.00004      0.00004      
196200  0.00078    0.00005    0.00069    0.00004      0.00004      
196300  0.00078    0.00005    0.00069    0.00004      0.00004      
196400  0.00078    0.00005    0.00069    0.00004      0.00004      
196500  0.00078    0.00005    0.00069    0.00004      0.00004      
196600  0.00078    0.00005    0.00069    0.00004      0.00004      
196700  0.00078    0.00005    0.00069    0.00004      0.00004      
196800  0.00078    0.00005    0.00069    0.00004      0.00004      
196900  0.00078    0.00005    0.00069    0.00004      0.00004      
197000  0.00078    0.00005    0.00069    0.00004      0.00004      
197100  0.00078    0.00005    0.00069    0.00004      0.00004      
197200  0.00078    0.00005    0.00069    0.00004      0.00004      
197300  0.00078    0.00005    0.00069    0.00004      0.00004      
197400  0.00078    0.00005    0.00069    0.00004      0.00004      
197500  0.00078    0.00005    0.00069    0.00004      0.00004      
197600  0.00078    0.00005    0.00069    0.00004      0.00004      
197700  0.00078    0.00005    0.00069    0.00004      0.00004      
197800  0.00078    0.00005    0.00069    0.00004      0.00004      
197900  0.00078    0.00005    0.00069    0.00004      0.00004      
198000  0.00078    0.00005    0.00069    0.00004      0.00004      
198100  0.00078    0.00005    0.00069    0.00004      0.00004      
198200  0.00078    0.00005    0.00069    0.00004      0.00004      
198300  0.00078    0.00005    0.00069    0.00004      0.00004      
198400  0.00078    0.00005    0.00069    0.00004      0.00004      
198500  0.00078    0.00005    0.00069    0.00004      0.00004      
198600  0.00078    0.00005    0.00069    0.00004      0.00004      
198700  0.00078    0.00005    0.00069    0.00004      0.00004      
198800  0.00078    0.00005    0.00069    0.00004      0.00004      
198900  0.00078    0.00005    0.00069    0.00004      0.00004      
199000  0.00078    0.00005    0.00069    0.00004      0.00004      
199100  0.00078    0.00005    0.00069    0.00004      0.00004      
199200  0.00078    0.00005    0.00069    0.00004      0.00004      
199300  0.00078    0.00005    0.00069    0.00004      0.00004      
199400  0.00078    0.00005    0.00069    0.00004      0.00004      
199500  0.00078    0.00005    0.00069    0.00004      0.00004      
199600  0.00078    0.00005    0.00069    0.00004      0.00004      
199700  0.00078    0.00005    0.00069    0.00004      0.00004      
199800  0.00078    0.00005    0.00069    0.00004      0.00004      
199900  0.00078    0.00005    0.00069    0.00004      0.00004      
200000  0.00078    0.00005    0.00069    0.00004      0.00004      
