# CO2 Fig3 panel C: chi neglected, single resonant cavity mode
# omega_res = 311.846 meV ; axis = [0, 0, 1] ; nmodes = 10
# col0 = lambda ; cols 1..10 = frequency (meV) ; cols 11..20 = photon character ; cols 21..30 = IR intensity (arb. u.)
0.00000000e+00 -2.06697975e+01 -2.06697975e+01 -2.50725140e-02 -6.80089439e-03 -6.80089434e-03 7.13254574e+01 7.13254574e+01 1.73372523e+02 3.11846068e+02 3.11846068e+02 0.00000000e+00 0.00000000e+00 0.00000000e+00 0.00000000e+00 0.00000000e+00 0.00000000e+00 0.00000000e+00 0.00000000e+00 0.00000000e+00 1.00000000e+00 1.48189376e-18 1.80404547e-19 1.40808814e-06 3.39725510e-07 3.39725510e-07 3.56292512e-03 3.56292512e-03 2.76882312e-18 1.75134731e-02 0.00000000e+00
1.50150150e-04 -2.06697975e+01 -2.06697975e+01 -2.50725142e-02 -6.80089433e-03 -6.80089426e-03 7.13254574e+01 7.13254574e+01 1.73372523e+02 3.11810292e+02 3.11881848e+02 1.61272628e-17 2.03989635e-17 1.84487194e-08 1.69939064e-18 4.68081592e-18 4.11261480e-36 2.12734360e-20 1.90752996e-17 7.07147343e-01 7.07066217e-01 1.31897184e-18 2.40342248e-18 1.40808814e-06 3.39725510e-07 3.39725510e-07 3.56292512e-03 3.56292512e-03 1.51446250e-20 1.23831852e-02 1.23846060e-02
3.00300300e-04 -2.06697975e+01 -2.06697975e+01 -2.50725143e-02 -6.80089702e-03 -6.80089429e-03 7.13254574e+01 7.13254574e+01 1.73372523e+02 3.11774520e+02 3.11917632e+02 4.48906867e-17 6.56642398e-17 3.68974386e-08 6.31117505e-17 5.04606091e-19 7.38627595e-36 3.66791934e-20 1.46257260e-16 7.07187903e-01 7.07025650e-01 1.73698976e-18 1.66591432e-18 1.40808814e-06 3.39725510e-07 3.39725510e-07 3.56292512e-03 3.56292512e-03 1.81052012e-18 1.23824747e-02 1.23853163e-02
4.50450450e-04 -2.06697975e+01 -2.06697975e+01 -2.50725142e-02 -6.80089669e-03 -6.80089438e-03 7.13254574e+01 7.13254574e+01 1.73372523e+02 3.11738752e+02 3.11953421e+02 4.58130696e-17 4.19431040e-17 5.53461579e-08 1.38280305e-17 1.30567131e-19 1.21327941e-35 6.38198651e-20 2.32945384e-17 7.07228461e-01 7.06985081e-01 5.19537219e-19 3.72048743e-19 1.40808814e-06 3.39725510e-07 3.39725510e-07 3.56292512e-03 3.56292512e-03 9.43158378e-19 1.23817642e-02 1.23860266e-02
6.00600601e-04 -2.06697975e+01 -2.06697975e+01 -2.50725144e-02 -6.80089701e-03 -6.80089429e-03 7.13254574e+01 7.13254574e+01 1.73372523e+02 3.11702988e+02 3.11989214e+02 1.74286406e-16 2.48820605e-17 7.37948774e-08 1.60458609e-17 1.28674677e-19 1.61771124e-35 8.50926368e-20 6.67546438e-17 7.07269016e-01 7.06944509e-01 3.32907757e-18 1.39061421e-19 1.40808814e-06 3.39725510e-07 3.39725510e-07 3.56292512e-03 3.56292512e-03 7.61275848e-19 1.23810537e-02 1.23867369e-02
7.50750751e-04 -2.06697975e+01 -2.06697975e+01 -2.50725139e-02 -6.80089433e-03 -6.80089396e-03 7.13254574e+01 7.13254574e+01 1.73372523e+02 3.11667228e+02 3.12025010e+02 7.83027864e-18 6.58069976e-17 9.22435967e-08 4.07112496e-18 6.89697832e-17 1.91962595e-35 9.90305051e-20 1.46989575e-17 7.07309569e-01 7.06903935e-01 6.81688870e-19 3.83955513e-18 1.40808814e-06 3.39725510e-07 3.39725510e-07 3.56292512e-03 3.56292512e-03 9.43158378e-19 1.23803431e-02 1.23874471e-02
9.00900901e-04 -2.06697975e+01 -2.06697975e+01 -2.50725140e-02 -6.80089434e-03 -6.80089160e-03 7.13254574e+01 7.13254574e+01 1.73372523e+02 3.11631472e+02 3.12060811e+02 4.96041562e-17 2.22996242e-16 1.10692316e-07 2.95819357e-19 3.71380087e-17 2.42657280e-35 1.27636740e-19 2.12696071e-17 7.07350119e-01 7.06863359e-01 1.46648393e-18 8.39172080e-19 1.40808814e-06 3.39725510e-07 3.39725510e-07 3.56292512e-03 3.56292512e-03 2.67788185e-18 1.23796324e-02 1.23881573e-02
1.05105105e-03 -2.06697975e+01 -2.06697975e+01 -2.50725139e-02 -6.80089463e-03 -6.80089432e-03 7.13254574e+01 7.13254574e+01 1.73372523e+02 3.11595721e+02 3.12096616e+02 2.43265888e-16 4.38662370e-17 1.29141035e-07 3.63118988e-17 2.59749559e-18 1.31413040e-35 3.77873382e-20 1.26465044e-17 7.07390667e-01 7.06822781e-01 1.60852137e-18 1.38553952e-18 1.40808814e-06 3.39725510e-07 3.39725510e-07 3.56292512e-03 3.56292512e-03 9.43158378e-19 1.23789218e-02 1.23888674e-02
1.20120120e-03 -2.06697975e+01 -2.06697975e+01 -2.50725141e-02 -6.80089491e-03 -6.80089432e-03 7.13254574e+01 7.13254574e+01 1.73372523e+02 3.11559973e+02 3.12132425e+02 8.88145331e-18 1.22945343e-16 1.47589755e-07 2.46019466e-16 9.16418871e-18 2.90735603e-35 1.46707910e-19 3.40485251e-17 7.07431213e-01 7.06782200e-01 2.92908899e-18 9.25267859e-19 1.40808814e-06 3.39725510e-07 3.39725510e-07 3.56292512e-03 3.56292512e-03 1.03409964e-18 1.23782111e-02 1.23895775e-02
1.35135135e-03 -2.06697975e+01 -2.06697975e+01 -2.50725139e-02 -6.80089599e-03 -6.80089349e-03 7.13254574e+01 7.13254574e+01 1.73372523e+02 3.11524230e+02 3.12168238e+02 1.10256578e-17 1.03319624e-16 1.66038474e-07 2.74787023e-16 1.85417895e-16 5.23842385e-31 5.39228642e-20 1.74217510e-17 7.07471757e-01 7.06741617e-01 2.46678417e-18 1.37595452e-18 1.40808814e-06 3.39725510e-07 3.39725510e-07 3.56292512e-03 3.56292512e-03 7.91565098e-19 1.23775003e-02 1.23902876e-02
1.50150150e-03 -2.06697975e+01 -2.06697975e+01 -2.50725142e-02 -6.80089435e-03 -6.80089431e-03 7.13254574e+01 7.13254574e+01 1.73372523e+02 3.11488491e+02 3.12204055e+02 4.16484094e-17 2.11304216e-17 1.84487193e-07 3.78497924e-17 3.31673742e-17 2.96941835e-35 2.12716089e-19 8.31980351e-17 7.07512298e-01 7.06701032e-01 4.05817419e-18 2.25656931e-18 1.40808814e-06 3.39725510e-07 3.39725510e-07 3.56292512e-03 3.56292512e-03 1.71957885e-18 1.23767895e-02 1.23909976e-02
1.65165165e-03 -2.06697975e+01 -2.06697975e+01 -2.50725142e-02 -6.80089438e-03 -6.80089432e-03 7.13254574e+01 7.13254574e+01 1.73372523e+02 3.11452756e+02 3.12239877e+02 2.46830645e-17 5.01220859e-17 2.02935913e-07 2.08179205e-17 5.14273340e-17 2.31089700e-35 1.22862453e-19 8.18405888e-17 7.07552837e-01 7.06660444e-01 1.25993322e-19 1.04889741e-18 1.40808814e-06 3.39725510e-07 3.39725510e-07 3.56292512e-03 3.56292512e-03 8.82506363e-19 1.23760787e-02 1.23917076e-02
1.80180180e-03 -2.06697975e+01 -2.06697975e+01 -2.50725140e-02 -6.80089565e-03 -6.80089437e-03 7.13254574e+01 7.13254574e+01 1.73372523e+02 3.11417024e+02 3.12275702e+02 2.06660930e-16 3.76200160e-17 2.21384632e-07 3.63657212e-16 6.20032483e-18 4.36090370e-35 2.20044139e-19 5.24617093e-17 7.07593373e-01 7.06619854e-01 1.81490829e-18 5.24719048e-19 1.40808814e-06 3.39725510e-07 3.39725510e-07 3.56292512e-03 3.56292512e-03 1.51446250e-20 1.23753678e-02 1.23924175e-02
1.95195195e-03 -2.06697975e+01 -2.06697975e+01 -2.50725141e-02 -6.80089760e-03 -6.80089435e-03 7.13254574e+01 7.13254574e+01 1.73372523e+02 3.11381298e+02 3.12311532e+02 1.95678919e-17 1.01038544e-16 2.39833351e-07 5.34282942e-17 3.58263295e-19 3.74042004e-35 1.65393066e-19 1.30044567e-16 7.07633907e-01 7.06579262e-01 1.68649390e-18 2.27211586e-18 1.40808814e-06 3.39725510e-07 3.39725510e-07 3.56292512e-03 3.56292512e-03 6.70334584e-19 1.23746569e-02 1.23931274e-02
2.10210210e-03 -2.06697975e+01 -2.06697975e+01 -2.50725141e-02 -6.80089344e-03 -6.80089285e-03 7.13254574e+01 7.13254574e+01 1.73372523e+02 3.11345575e+02 3.12347365e+02 6.67046326e-17 1.05710588e-17 2.58282071e-07 4.23799258e-16 3.37728858e-17 8.17440324e-31 3.44618399e-20 4.20166894e-17 7.07674439e-01 7.06538667e-01 1.16847077e-18 5.80898889e-19 1.40808814e-06 3.39725510e-07 3.39725510e-07 3.56292512e-03 3.56292512e-03 1.74986810e-18 1.23739460e-02 1.23938373e-02
2.25225225e-03 -2.06697975e+01 -2.06697975e+01 -2.50725143e-02 -6.80089438e-03 -6.80089430e-03 7.13254574e+01 7.13254574e+01 1.73372523e+02 3.11309856e+02 3.12383203e+02 3.37748786e-17 1.41617780e-17 2.76730790e-07 2.11048539e-17 7.24265282e-17 5.40959225e-35 4.30161187e-19 4.33391377e-17 7.07714969e-01 7.06498070e-01 3.50598876e-18 1.72595851e-19 1.40808814e-06 3.39725510e-07 3.39725510e-07 3.56292512e-03 3.56292512e-03 1.97027154e-19 1.23732350e-02 1.23945471e-02
2.40240240e-03 -2.06697975e+01 -2.06697975e+01 -2.50725143e-02 -6.80089442e-03 -6.80089433e-03 7.13254574e+01 7.13254574e+01 1.73372523e+02 3.11274141e+02 3.12419045e+02 1.16368795e-16 7.64172010e-17 2.95179509e-07 1.87457425e-17 7.81709996e-17 4.75096657e-35 3.40299676e-19 5.90873494e-17 7.07755496e-01 7.06457471e-01 1.18961361e-18 1.78304676e-19 1.40808814e-06 3.39725510e-07 3.39725510e-07 3.56292512e-03 3.56292512e-03 7.57966397e-20 1.23725239e-02 1.23952569e-02
2.55255255e-03 -2.06697975e+01 -2.06697975e+01 -2.50725140e-02 -6.80089436e-03 -6.80089431e-03 7.13254574e+01 7.13254574e+01 1.73372523e+02 3.11238431e+02 3.12454891e+02 1.30884076e-16 1.33040351e-16 3.13628228e-07 1.82888856e-16 1.14550662e-16 3.86969780e-35 2.25498791e-19 1.63588065e-17 7.07796021e-01 7.06416869e-01 9.97112266e-19 5.60762185e-18 1.40808814e-06 3.39725510e-07 3.39725510e-07 3.56292512e-03 3.56292512e-03 1.06438889e-18 1.23718129e-02 1.23959666e-02
2.70270270e-03 -2.06697975e+01 -2.06697975e+01 -2.50725141e-02 -6.80089438e-03 -6.80089429e-03 7.13254574e+01 7.13254574e+01 1.73372523e+02 3.11202724e+02 3.12490741e+02 1.44673465e-17 1.86774972e-17 3.32076948e-07 2.37956542e-17 8.82791192e-17 3.43357380e-35 1.60569937e-19 1.05367260e-16 7.07836543e-01 7.06376265e-01 1.21165369e-18 1.82722454e-18 1.40808814e-06 3.39725510e-07 3.39725510e-07 3.56292512e-03 3.56292512e-03 2.40505806e-18 1.23711017e-02 1.23966763e-02
2.85285285e-03 -2.06697975e+01 -2.06697975e+01 -2.50725143e-02 -6.80089442e-03 -6.80089330e-03 7.13254574e+01 7.13254574e+01 1.73372523e+02 3.11167022e+02 3.12526595e+02 1.15967120e-16 1.01891032e-16 3.50525667e-07 1.09175780e-17 5.59192892e-16 8.42105912e-35 4.59449634e-19 1.10358547e-17 7.07877063e-01 7.06335659e-01 4.31690013e-18 1.35993723e-18 1.40808814e-06 3.39725510e-07 3.39725510e-07 3.56292512e-03 3.56292512e-03 9.43158378e-19 1.23703906e-02 1.23973859e-02
3.00300300e-03 -2.06697975e+01 -2.06697975e+01 -2.50725142e-02 -6.80089543e-03 -6.80089388e-03 7.13254574e+01 7.13254574e+01 1.73372523e+02 3.11131324e+02 3.12562454e+02 1.60182429e-16 1.51783634e-17 3.68974387e-07 1.23157985e-16 6.09145287e-16 1.15125655e-30 3.66645719e-19 8.60934037e-19 7.07917581e-01 7.06295051e-01 1.08085156e-18 1.54488105e-18 1.40808814e-06 3.39725510e-07 3.39725510e-07 3.56292512e-03 3.56292512e-03 3.54524359e-18 1.23696794e-02 1.23980955e-02
3.15315315e-03 -2.06697975e+01 -2.06697975e+01 -2.50725142e-02 -6.80089743e-03 -6.80089354e-03 7.13254574e+01 7.13254574e+01 1.73372523e+02 3.11095630e+02 3.12598316e+02 3.01847791e-17 1.33109103e-16 3.87423106e-07 6.38001814e-16 9.22888739e-17 1.21460521e-30 2.73838990e-19 2.18703395e-17 7.07958096e-01 7.06254440e-01 1.33544831e-18 1.48184238e-18 1.40808814e-06 3.39725510e-07 3.39725510e-07 3.56292512e-03 3.56292512e-03 9.73447628e-19 1.23689681e-02 1.23988051e-02
3.30330330e-03 -2.06697975e+01 -2.06697975e+01 -2.50725143e-02 -6.80089447e-03 -6.80089434e-03 7.13254574e+01 7.13254574e+01 1.73372523e+02 3.11059940e+02 3.12634182e+02 7.69494745e-17 3.34466930e-17 4.05871825e-07 1.24019508e-16 6.70328365e-16 4.95930709e-35 1.81029446e-19 8.14956889e-18 7.07998609e-01 7.06213827e-01 3.89167131e-18 8.42431986e-19 1.40808814e-06 3.39725510e-07 3.39725510e-07 3.56292512e-03 3.56292512e-03 1.06085890e-19 1.23682569e-02 1.23995146e-02
3.45345345e-03 -2.06697975e+01 -2.06697975e+01 -2.50725141e-02 -6.80089548e-03 -6.80089530e-03 7.13254574e+01 7.13254574e+01 1.73372523e+02 3.11024254e+02 3.12670053e+02 2.61458925e-17 4.27948087e-18 4.24320545e-07 3.44018849e-17 6.99098414e-16 1.32973584e-30 3.10464181e-19 6.54689866e-17 7.08039120e-01 7.06173211e-01 8.24025388e-19 9.27656345e-19 1.40808814e-06 3.39725510e-07 3.39725510e-07 3.56292512e-03 3.56292512e-03 8.82506363e-19 1.23675456e-02 1.24002241e-02
3.60360360e-03 -2.06697975e+01 -2.06697975e+01 -2.50725139e-02 -6.80089782e-03 -6.80089439e-03 7.13254574e+01 7.13254574e+01 1.73372523e+02 3.10988572e+02 3.12705928e+02 4.03893040e-17 1.61537719e-16 4.42769264e-07 1.08896310e-16 6.92410432e-19 9.70406041e-35 5.10307773e-19 1.10532989e-16 7.08079628e-01 7.06132594e-01 4.97431030e-20 2.04716033e-18 1.40808814e-06 3.39725510e-07 3.39725510e-07 3.56292512e-03 3.56292512e-03 7.57966397e-20 1.23668342e-02 1.24009335e-02
3.75375375e-03 -2.06697975e+01 -2.06697975e+01 -2.50725140e-02 -6.80089626e-03 -6.80089438e-03 7.13254574e+01 7.13254574e+01 1.73372523e+02 3.10952895e+02 3.12741806e+02 8.55064541e-17 1.84150019e-17 4.61217983e-07 1.33790282e-16 1.55040975e-18 8.59097476e-35 4.20423722e-19 1.30830061e-16 7.08120134e-01 7.06091974e-01 7.88081041e-19 6.44716612e-20 1.40808814e-06 3.39725510e-07 3.39725510e-07 3.56292512e-03 3.56292512e-03 2.58694059e-18 1.23661228e-02 1.24016429e-02
3.90390390e-03 -2.06697975e+01 -2.06697975e+01 -2.50725140e-02 -6.80089556e-03 -6.80089442e-03 7.13254574e+01 7.13254574e+01 1.73372523e+02 3.10917221e+02 3.12777689e+02 2.51270317e-17 2.17610414e-17 4.79666703e-07 1.68066823e-16 3.19962288e-18 7.47782299e-35 3.30536239e-19 7.73427493e-18 7.08160638e-01 7.06051351e-01 6.10697420e-18 1.32211345e-18 1.40808814e-06 3.39725510e-07 3.39725510e-07 3.56292512e-03 3.56292512e-03 7.57966397e-20 1.23654114e-02 1.24023523e-02
4.05405405e-03 -2.06697975e+01 -2.06697975e+01 -2.50725141e-02 -6.80089438e-03 -6.80089427e-03 7.13254574e+01 7.13254574e+01 1.73372523e+02 3.10881552e+02 3.12813576e+02 5.79967071e-17 3.75565378e-17 4.98115422e-07 7.33687202e-17 3.23578021e-16 1.18796615e-34 6.45538773e-19 5.78697222e-17 7.08201139e-01 7.06010727e-01 2.29107149e-18 2.43859689e-18 1.40808814e-06 3.39725510e-07 3.39725510e-07 3.56292512e-03 3.56292512e-03 8.52217113e-19 1.23646999e-02 1.24030616e-02
4.20420420e-03 -2.06697975e+01 -2.06697975e+01 -2.50725140e-02 -6.80089438e-03 -6.80089432e-03 7.13254574e+01 7.13254574e+01 1.73372523e+02 3.10845886e+02 3.12849468e+02 1.54993318e-16 1.33730602e-16 5.16564141e-07 3.44684931e-16 7.76050513e-16 3.75630998e-35 6.86042306e-20 2.85257677e-18 7.08241638e-01 7.05970100e-01 1.34646408e-18 3.70874152e-18 1.40808814e-06 3.39725510e-07 3.39725510e-07 3.56292512e-03 3.56292512e-03 2.58694059e-18 1.23639884e-02 1.24037709e-02
4.35435435e-03 -2.06697975e+01 -2.06697975e+01 -2.50725137e-02 -6.80089463e-03 -6.80089437e-03 7.13254574e+01 7.13254574e+01 1.73372523e+02 3.10810225e+02 3.12885363e+02 1.27939292e-16 5.98730650e-17 5.35012860e-07 1.04027919e-16 8.62848451e-18 1.02068256e-34 5.05354388e-19 1.87862253e-16 7.08282135e-01 7.05929471e-01 2.98528237e-18 5.08294548e-18 1.40808814e-06 3.39725510e-07 3.39725510e-07 3.56292512e-03 3.56292512e-03 9.43158378e-19 1.23632768e-02 1.24044801e-02
4.50450450e-03 -2.06697975e+01 -2.06697975e+01 -2.50725143e-02 -6.80089433e-03 -6.80089373e-03 7.13254574e+01 7.13254574e+01 1.73372523e+02 3.10774568e+02 3.12921262e+02 6.28947493e-17 6.69952641e-18 5.53461580e-07 6.22133478e-18 1.70052222e-16 1.51623830e-34 8.59957436e-19 5.37788753e-17 7.08322629e-01 7.05888839e-01 9.82077489e-19 9.53609913e-19 1.40808814e-06 3.39725510e-07 3.39725510e-07 3.56292512e-03 3.56292512e-03 8.52217113e-19 1.23625652e-02 1.24051893e-02
4.65465465e-03 -2.06697975e+01 -2.06697975e+01 -2.50725143e-02 -6.80089437e-03 -6.80089431e-03 7.13254574e+01 7.13254574e+01 1.73372523e+02 3.10738915e+02 3.12957166e+02 3.39451935e-17 5.38103541e-17 5.71910299e-07 1.42738485e-16 6.48549056e-17 6.33537481e-35 3.25547907e-19 5.37379698e-17 7.08363121e-01 7.05848206e-01 1.11214544e-18 2.51890804e-18 1.40808814e-06 3.39725510e-07 3.39725510e-07 3.56292512e-03 3.56292512e-03 2.58694059e-18 1.23618536e-02 1.24058985e-02
4.80480480e-03 -2.06697975e+01 -2.06697975e+01 -2.50725139e-02 -6.80089623e-03 -6.80089429e-03 7.13254574e+01 7.13254574e+01 1.73372523e+02 3.10703266e+02 3.12993073e+02 1.36970759e-17 6.07186712e-17 5.90359018e-07 1.75990216e-16 1.97307045e-18 1.29355326e-34 6.80145778e-19 2.80963605e-17 7.08403610e-01 7.05807570e-01 1.42539103e-18 2.25081286e-18 1.40808814e-06 3.39725510e-07 3.39725510e-07 3.56292512e-03 3.56292512e-03 1.71957885e-18 1.23611419e-02 1.24066076e-02
4.95495495e-03 -2.06697975e+01 -2.06697975e+01 -2.50725138e-02 -6.80089433e-03 -6.80089403e-03 7.13254574e+01 7.13254574e+01 1.73372523e+02 3.10667621e+02 3.13028985e+02 7.13022368e-17 2.24670546e-17 6.08807738e-07 3.04437684e-17 4.16536879e-16 5.07612879e-35 9.73167121e-20 8.44244635e-17 7.08444097e-01 7.05766931e-01 2.00701328e-18 1.85153504e-18 1.40808814e-06 3.39725510e-07 3.39725510e-07 3.56292512e-03 3.56292512e-03 1.81052012e-18 1.23604302e-02 1.24073167e-02
5.10510511e-03 -2.06697975e+01 -2.06697975e+01 -2.50725139e-02 -6.80089433e-03 -6.80089270e-03 7.13254574e+01 7.13254574e+01 1.73372523e+02 3.10631980e+02 3.13064900e+02 6.60120456e-17 5.34340392e-17 6.27256457e-07 2.04211831e-18 1.52986993e-16 1.07083753e-34 5.00316613e-19 2.04859238e-16 7.08484582e-01 7.05726291e-01 1.46271842e-18 8.33505425e-19 1.40808814e-06 3.39725510e-07 3.39725510e-07 3.56292512e-03 3.56292512e-03 9.43158378e-19 1.23597184e-02 1.24080257e-02
5.25525526e-03 -2.06697975e+01 -2.06697975e+01 -2.50725142e-02 -6.80089439e-03 -6.80089428e-03 7.13254574e+01 7.13254574e+01 1.73372523e+02 3.10596344e+02 3.13100820e+02 3.22601466e-17 4.22330597e-17 6.45705177e-07 2.79364465e-29 1.64047189e-29 1.94724928e-46 5.28667340e-29 1.77375615e-17 7.08525064e-01 7.05685648e-01 4.23913317e-19 9.02460806e-19 1.40808814e-06 3.39725510e-07 3.39725510e-07 3.56292512e-03 3.56292512e-03 3.54524359e-18 1.23590066e-02 1.24087347e-02
5.40540541e-03 -2.06697975e+01 -2.06697975e+01 -2.50725142e-02 -6.80089442e-03 -6.80089431e-03 7.13254574e+01 7.13254574e+01 1.73372523e+02 3.10560711e+02 3.13136744e+02 9.99014898e-17 1.59915318e-17 6.64153896e-07 2.12790439e-16 1.07208098e-15 5.91898244e-35 2.14852096e-19 2.12724499e-17 7.08565544e-01 7.05645003e-01 7.78259021e-19 1.52063867e-18 1.40808814e-06 3.39725510e-07 3.39725510e-07 3.56292512e-03 3.56292512e-03 9.73447628e-19 1.23582948e-02 1.24094436e-02
5.55555556e-03 -2.06697975e+01 -2.06697975e+01 -2.50725138e-02 -6.80089615e-03 -6.80089438e-03 7.13254574e+01 7.13254574e+01 1.73372523e+02 3.10525083e+02 3.13172672e+02 1.03208951e-16 1.76802150e-17 6.82602615e-07 1.16040500e-15 1.42729991e-17 1.19187528e-34 5.66503396e-19 1.31289649e-16 7.08606022e-01 7.05604355e-01 1.55717205e-18 2.87900715e-18 1.40808814e-06 3.39725510e-07 3.39725510e-07 3.56292512e-03 3.56292512e-03 2.58694059e-18 1.23575829e-02 1.24101525e-02
5.70570571e-03 -2.06697975e+01 -2.06697975e+01 -2.50725140e-02 -6.80089487e-03 -6.80089432e-03 7.13254574e+01 7.13254574e+01 1.73372523e+02 3.10489458e+02 3.13208604e+02 9.16153018e-17 3.57724330e-19 7.01051335e-07 1.94253546e-16 7.72572272e-18 1.83918624e-34 1.02963776e-18 4.62091212e-17 7.08646497e-01 7.05563705e-01 4.65194762e-19 2.97641970e-18 1.40808814e-06 3.39725510e-07 3.39725510e-07 3.56292512e-03 3.56292512e-03 7.61275848e-19 1.23568710e-02 1.24108614e-02
5.85585586e-03 -2.06697975e+01 -2.06697975e+01 -2.50725138e-02 -6.80089442e-03 -6.80089434e-03 7.13254574e+01 7.13254574e+01 1.73372523e+02 3.10453838e+02 3.13244541e+02 2.31747680e-17 3.19379321e-17 7.19500054e-07 5.43624474e-17 1.88583268e-16 8.70724049e-35 4.95179630e-19 1.24772023e-16 7.08686970e-01 7.05523053e-01 1.40501030e-18 2.23379014e-19 1.40808814e-06 3.39725510e-07 3.39725510e-07 3.56292512e-03 3.56292512e-03 7.00623834e-19 1.23561590e-02 1.24115702e-02
6.00600601e-03 -2.06697975e+01 -2.06697975e+01 -2.50725142e-02 -6.80089499e-03 -6.80089442e-03 7.13254574e+01 7.13254574e+01 1.73372523e+02 3.10418222e+02 3.13280481e+02 2.87520899e-17 3.67623556e-17 7.37948773e-07 5.04786301e-16 1.91697446e-17 1.53435928e-34 7.91081031e-19 1.05264293e-17 7.08727440e-01 7.05482399e-01 3.41840759e-18 9.92769612e-19 1.40808814e-06 3.39725510e-07 3.39725510e-07 3.56292512e-03 3.56292512e-03 1.81052012e-18 1.23554470e-02 1.24122790e-02
6.15615616e-03 -2.06697975e+01 -2.06697975e+01 -2.50725140e-02 -6.80089442e-03 -6.80089434e-03 7.13254574e+01 7.13254574e+01 1.73372523e+02 3.10382610e+02 3.13316426e+02 9.27139937e-17 1.75836715e-16 7.56397493e-07 3.41248902e-16 1.19683562e-15 6.31115080e-35 1.94998149e-19 3.63392390e-17 7.08767908e-01 7.05441742e-01 7.63287562e-19 2.94793931e-18 1.40808814e-06 3.39725510e-07 3.39725510e-07 3.56292512e-03 3.56292512e-03 1.81052012e-18 1.23547350e-02 1.24129877e-02
6.30630631e-03 -2.06697975e+01 -2.06697975e+01 -2.50725142e-02 -6.80089438e-03 -6.80089432e-03 7.13254574e+01 7.13254574e+01 1.73372523e+02 3.10347002e+02 3.13352374e+02 4.72050654e-17 2.31168305e-17 7.74846212e-07 7.79880802e-17 1.97347302e-16 1.05435152e-34 6.69854352e-19 2.03465416e-16 7.08808374e-01 7.05401084e-01 2.48808173e-18 2.61528263e-18 1.40808814e-06 3.39725510e-07 3.39725510e-07 3.56292512e-03 3.56292512e-03 6.70334584e-19 1.23540229e-02 1.24136964e-02
6.45645646e-03 -2.06697975e+01 -2.06697975e+01 -2.50725142e-02 -6.80089435e-03 -6.80089430e-03 7.13254574e+01 7.13254574e+01 1.73372523e+02 3.10311398e+02 3.13388327e+02 2.46629709e-17 1.12673088e-16 7.93294931e-07 9.23607224e-16 9.23607230e-16 6.46958637e-20 8.95937163e-19 6.12126380e-17 7.08848838e-01 7.05360422e-01 4.36823832e-19 4.61038372e-18 1.40808814e-06 3.39725510e-07 3.39725510e-07 3.56292512e-03 3.56292512e-03 1.21598217e-18 1.23533108e-02 1.24144051e-02
6.60660661e-03 -2.06697975e+01 -2.06697975e+01 -2.50725145e-02 -6.80089438e-03 -6.80089432e-03 7.13254574e+01 7.13254574e+01 1.73372523e+02 3.10275799e+02 3.13424284e+02 4.16313794e-17 3.74784353e-17 8.11743651e-07 8.93009728e-17 2.02824768e-16 9.22581035e-35 4.89928622e-19 1.41007393e-16 7.08889299e-01 7.05319759e-01 2.00625546e-19 4.05303038e-19 1.40808814e-06 3.39725510e-07 3.39725510e-07 3.56292512e-03 3.56292512e-03 6.70334584e-19 1.23525986e-02 1.24151137e-02
6.75675676e-03 -2.06697975e+01 -2.06697975e+01 -2.50725140e-02 -6.80089438e-03 -6.80089250e-03 7.13254574e+01 7.13254574e+01 1.73372523e+02 3.10240203e+02 3.13460245e+02 1.22124011e-17 1.07270627e-17 8.30192370e-07 2.59140089e-18 2.22934885e-16 1.66622925e-34 8.44490265e-19 1.13419768e-16 7.08929757e-01 7.05279093e-01 2.34865267e-18 1.24609712e-18 1.40808814e-06 3.39725510e-07 3.39725510e-07 3.56292512e-03 3.56292512e-03 1.97027154e-19 1.23518864e-02 1.24158222e-02
6.90690691e-03 -2.06697975e+01 -2.06697975e+01 -2.50725145e-02 -6.80089439e-03 -6.80089428e-03 7.13254574e+01 7.13254574e+01 1.73372523e+02 3.10204612e+02 3.13496210e+02 7.47554397e-17 1.36367410e-17 8.48641089e-07 3.67179860e-29 2.15613764e-29 2.55924191e-46 6.94848573e-29 4.13362671e-18 7.08970213e-01 7.05238425e-01 3.78369741e-18 1.32160586e-18 1.40808814e-06 3.39725510e-07 3.39725510e-07 3.56292512e-03 3.56292512e-03 5.27996707e-18 1.23511742e-02 1.24165308e-02
7.05705706e-03 -2.06697975e+01 -2.06697975e+01 -2.50725142e-02 -6.80089437e-03 -6.80089332e-03 7.13254574e+01 7.13254574e+01 1.73372523e+02 3.10169024e+02 3.13532179e+02 2.02193246e-16 1.19416332e-17 8.67089808e-07 2.89045159e-17 1.40211427e-15 1.25053237e-34 5.26643674e-19 1.18026900e-16 7.09010667e-01 7.05197755e-01 2.07222205e-18 1.22405458e-18 1.40808814e-06 3.39725510e-07 3.39725510e-07 3.56292512e-03 3.56292512e-03 9.43158378e-19 1.23504619e-02 1.24172393e-02
7.20720721e-03 -2.06697975e+01 -2.06697975e+01 -2.50725144e-02 -6.80089556e-03 -6.80089442e-03 7.13254574e+01 7.13254574e+01 1.73372523e+02 3.10133441e+02 3.13568152e+02 3.80232213e-17 5.14811373e-17 8.85538528e-07 6.68309978e-16 1.27324923e-17 1.84039471e-34 9.48673421e-19 5.82853197e-17 7.09051119e-01 7.05157083e-01 1.31015583e-18 1.42858677e-18 1.40808814e-06 3.39725510e-07 3.39725510e-07 3.56292512e-03 3.56292512e-03 1.53769632e-18 1.23497496e-02 1.24179477e-02
7.35735736e-03 -2.06697975e+01 -2.06697975e+01 -2.50725140e-02 -6.80089442e-03 -6.80089267e-03 7.13254574e+01 7.13254574e+01 1.73372523e+02 3.10097862e+02 3.13604129e+02 2.80580164e-17 1.91400107e-17 9.03987247e-07 2.54116210e-18 2.04424119e-16 1.22036663e-34 4.84548769e-19 3.88620846e-17 7.09091568e-01 7.05116408e-01 6.52274414e-19 8.54115767e-19 1.40808814e-06 3.39725510e-07 3.39725510e-07 3.56292512e-03 3.56292512e-03 8.52217113e-19 1.23490373e-02 1.24186561e-02
7.50750751e-03 -2.06697975e+01 -2.06697975e+01 -2.50725139e-02 -6.80089748e-03 -6.80089434e-03 7.13254574e+01 7.13254574e+01 1.73372523e+02 3.10062287e+02 3.13640111e+02 1.39338169e-16 1.07647734e-16 9.22435966e-07 6.71936015e-16 4.66268767e-18 1.61333073e-34 7.65747605e-19 2.64581651e-18 7.09132014e-01 7.05075731e-01 7.25913718e-19 4.47537280e-19 1.40808814e-06 3.39725510e-07 3.39725510e-07 3.56292512e-03 3.56292512e-03 7.61275848e-19 1.23483249e-02 1.24193645e-02
7.65765766e-03 -2.06697975e+01 -2.06697975e+01 -2.50725143e-02 -6.80089438e-03 -6.80089433e-03 7.13254574e+01 7.13254574e+01 1.73372523e+02 3.10026716e+02 3.13676096e+02 1.54534112e-17 9.90410910e-18 9.40884686e-07 1.28781550e-16 2.22904158e-16 1.60672131e-34 1.19363511e-18 1.09319122e-16 7.09172459e-01 7.05035051e-01 2.92494756e-18 1.83044436e-19 1.40808814e-06 3.39725510e-07 3.39725510e-07 3.56292512e-03 3.56292512e-03 1.53769632e-18 1.23476124e-02 1.24200728e-02
7.80780781e-03 -2.06697975e+01 -2.06697975e+01 -2.50725144e-02 -6.80089438e-03 -6.80089433e-03 7.13254574e+01 7.13254574e+01 1.73372523e+02 3.09991149e+02 3.13712086e+02 4.25137165e-18 5.62220563e-17 9.59333405e-07 6.99826182e-16 1.41521420e-15 1.02298005e-34 5.06515307e-19 2.24308674e-17 7.09212901e-01 7.04994370e-01 3.50101813e-18 8.98431434e-19 1.40808814e-06 3.39725510e-07 3.39725510e-07 3.56292512e-03 3.56292512e-03 1.84080937e-18 1.23468999e-02 1.24207811e-02
7.95795796e-03 -2.06697975e+01 -2.06697975e+01 -2.50725139e-02 -6.80089437e-03 -6.80089431e-03 7.13254574e+01 7.13254574e+01 1.73372523e+02 3.09955586e+02 3.13748080e+02 4.55783259e-18 1.02878985e-16 9.77782124e-07 2.37941792e-16 1.05137783e-16 1.98837199e-34 1.01360692e-18 2.30128472e-17 7.09253340e-01 7.04953686e-01 5.57588322e-19 4.33525674e-19 1.40808814e-06 3.39725510e-07 3.39725510e-07 3.56292512e-03 3.56292512e-03 1.81052012e-18 1.23461874e-02 1.24214893e-02
8.10810811e-03 -2.06697975e+01 -2.06697975e+01 -2.50725142e-02 -6.80089436e-03 -6.80089431e-03 7.13254574e+01 7.13254574e+01 1.73372523e+02 3.09920028e+02 3.13784077e+02 1.04218166e-17 4.31906635e-17 9.96230844e-07 2.23017175e-16 1.54546612e-16 1.79073165e-34 1.36813876e-18 4.18105373e-16 7.09293777e-01 7.04913000e-01 8.69917554e-19 4.11307619e-18 1.40808814e-06 3.39725510e-07 3.39725510e-07 3.56292512e-03 3.56292512e-03 1.62863759e-18 1.23454749e-02 1.24221975e-02
8.25825826e-03 -2.06697975e+01 -2.06697975e+01 -2.50725142e-02 -6.80089439e-03 -6.80089428e-03 7.13254574e+01 7.13254574e+01 1.73372523e+02 3.09884473e+02 3.13820079e+02 2.51989030e-18 8.32002112e-17 1.01467956e-06 4.39037860e-29 2.57809906e-29 3.05996315e-46 8.30832144e-29 6.41692976e-17 7.09334212e-01 7.04872312e-01 2.79107884e-18 4.64565136e-19 1.40808814e-06 3.39725510e-07 3.39725510e-07 3.56292512e-03 3.56292512e-03 1.06085890e-19 1.23447623e-02 1.24229057e-02
8.40840841e-03 -2.06697975e+01 -2.06697975e+01 -2.50725142e-02 -6.80089442e-03 -6.80089432e-03 7.13254574e+01 7.13254574e+01 1.73372523e+02 3.09848923e+02 3.13856085e+02 3.19257980e-17 2.19446684e-17 1.03312828e-06 6.38550643e-17 2.76667385e-16 8.95276001e-35 2.98947292e-19 2.33058860e-17 7.09374644e-01 7.04831621e-01 1.32200904e-18 1.71916019e-18 1.40808814e-06 3.39725510e-07 3.39725510e-07 3.56292512e-03 3.56292512e-03 1.06438889e-18 1.23440496e-02 1.24236138e-02
8.55855856e-03 -2.06697975e+01 -2.06697975e+01 -2.50725140e-02 -6.80089431e-03 -6.80089427e-03 7.13254574e+01 7.13254574e+01 1.73372523e+02 3.09813377e+02 3.13892096e+02 2.45581682e-17 1.66509802e-17 1.05157700e-06 2.46510557e-16 1.48174729e-16 1.21111849e-34 6.53462180e-19 6.94559694e-17 7.09415074e-01 7.04790928e-01 7.70155440e-19 6.17545475e-18 1.40808814e-06 3.39725510e-07 3.39725510e-07 3.56292512e-03 3.56292512e-03 2.76882312e-18 1.23433370e-02 1.24243218e-02
8.70870871e-03 -2.06697975e+01 -2.06697975e+01 -2.50725139e-02 -6.80089434e-03 -6.80089430e-03 7.13254574e+01 7.13254574e+01 1.73372523e+02 3.09777834e+02 3.13928110e+02 2.45077807e-17 3.23082525e-17 1.07002572e-06 1.97185739e-16 2.17121907e-16 1.52694812e-34 1.00797515e-18 1.20566411e-16 7.09455502e-01 7.04750233e-01 7.13608801e-19 7.93747938e-19 1.40808814e-06 3.39725510e-07 3.39725510e-07 3.56292512e-03 3.56292512e-03 1.51446250e-20 1.23426243e-02 1.24250299e-02
8.85885886e-03 -2.06697975e+01 -2.06697975e+01 -2.50725139e-02 -6.80089435e-03 -6.80089430e-03 7.13254574e+01 7.13254574e+01 1.73372523e+02 3.09742296e+02 3.13964128e+02 6.72365867e-17 5.30881123e-18 1.08847444e-06 2.06032282e-16 2.13145691e-16 1.84276488e-34 1.36248620e-18 2.91893263e-17 7.09495927e-01 7.04709536e-01 4.90971911e-19 2.52964297e-18 1.40808814e-06 3.39725510e-07 3.39725510e-07 3.56292512e-03 3.56292512e-03 7.91565098e-19 1.23419115e-02 1.24257378e-02
9.00900901e-03 -2.06697975e+01 -2.06697975e+01 -2.50725142e-02 -6.80089438e-03 -6.80089433e-03 7.13254574e+01 7.13254574e+01 1.73372523e+02 3.09706762e+02 3.14000151e+02 8.29694114e-17 7.53964056e-19 1.10692316e-06 1.35647164e-16 2.67766462e-16 2.15856877e-34 1.71699534e-18 4.74844708e-18 7.09536350e-01 7.04668836e-01 2.74095144e-18 7.01385561e-19 1.40808814e-06 3.39725510e-07 3.39725510e-07 3.56292512e-03 3.56292512e-03 1.71957885e-18 1.23411987e-02 1.24264458e-02
9.15915916e-03 -2.06697975e+01 -2.06697975e+01 -2.50725143e-02 -6.80089436e-03 -6.80089431e-03 7.13254574e+01 7.13254574e+01 1.73372523e+02 3.09671232e+02 3.14036177e+02 1.65841640e-17 6.26438555e-18 1.12537188e-06 2.66415933e-16 1.56315262e-16 9.47301765e-35 2.93191640e-19 1.53077910e-16 7.09576770e-01 7.04628134e-01 3.09000027e-19 7.36700003e-19 1.40808814e-06 3.39725510e-07 3.39725510e-07 3.56292512e-03 3.56292512e-03 3.36336106e-18 1.23404859e-02 1.24271537e-02
9.30930931e-03 -2.06697975e+01 -2.06697975e+01 -2.50725144e-02 -6.80089442e-03 -6.80089431e-03 7.13254574e+01 7.13254574e+01 1.73372523e+02 3.09635706e+02 3.14072208e+02 6.29811534e-17 3.46084803e-17 1.14382060e-06 5.92675705e-17 3.07204273e-16 1.26309657e-34 6.47684167e-19 1.31119741e-16 7.09617188e-01 7.04587430e-01 6.73221898e-19 1.57358793e-18 1.40808814e-06 3.39725510e-07 3.39725510e-07 3.56292512e-03 3.56292512e-03 1.97027154e-19 1.23397730e-02 1.24278616e-02
9.45945946e-03 -2.06697975e+01 -2.06697975e+01 -2.50725140e-02 -6.80089442e-03 -6.80089432e-03 7.13254574e+01 7.13254574e+01 1.73372523e+02 3.09600185e+02 3.14108243e+02 1.00079304e-16 2.55591776e-17 1.16226932e-06 4.28472998e-16 1.86387547e-15 1.41412501e-34 8.17343959e-19 4.02041510e-17 7.09657604e-01 7.04546723e-01 8.90279937e-19 2.01642446e-18 1.40808814e-06 3.39725510e-07 3.39725510e-07 3.56292512e-03 3.56292512e-03 1.06438889e-18 1.23390601e-02 1.24285694e-02
9.60960961e-03 -2.06697975e+01 -2.06697975e+01 -2.50725143e-02 -6.80089442e-03 -6.80089430e-03 7.13254574e+01 7.13254574e+01 1.73372523e+02 3.09564667e+02 3.14144282e+02 1.76876572e-17 1.30672016e-16 1.18071804e-06 5.90235919e-17 3.16600900e-16 1.89464707e-34 1.35666293e-18 3.05969952e-16 7.09698017e-01 7.04506015e-01 1.23288077e-18 1.95729990e-18 1.40808814e-06 3.39725510e-07 3.39725510e-07 3.56292512e-03 3.56292512e-03 4.13978154e-18 1.23383472e-02 1.24292771e-02
9.75975976e-03 -2.06697975e+01 -2.06697975e+01 -2.50725142e-02 -6.80089492e-03 -6.80089437e-03 7.13254574e+01 7.13254574e+01 1.73372523e+02 3.09529154e+02 3.14180325e+02 2.80707567e-17 7.19151589e-18 1.19916676e-06 3.09045246e-16 1.22330318e-17 3.07588856e-34 1.71114919e-18 1.57792741e-17 7.09738428e-01 7.04465304e-01 2.40415466e-18 4.54956808e-18 1.40808814e-06 3.39725510e-07 3.39725510e-07 3.56292512e-03 3.56292512e-03 8.52217113e-19 1.23376342e-02 1.24299849e-02
9.90990991e-03 -2.06697975e+01 -2.06697975e+01 -2.50725142e-02 -6.80089442e-03 -6.80089433e-03 7.13254574e+01 7.13254574e+01 1.73372523e+02 3.09493644e+02 3.14216372e+02 1.70708844e-18 4.21719618e-17 1.21761548e-06 5.01422662e-16 1.93969371e-15 8.26578406e-35 9.36239075e-20 9.75756123e-17 7.09778836e-01 7.04424591e-01 3.18942662e-19 1.82366110e-18 1.40808814e-06 3.39725510e-07 3.39725510e-07 3.56292512e-03 3.56292512e-03 9.43158378e-19 1.23369211e-02 1.24306926e-02
1.00600601e-02 -2.06697975e+01 -2.06697975e+01 -2.50725142e-02 -6.80089436e-03 -6.80089431e-03 7.13254574e+01 7.13254574e+01 1.73372523e+02 3.09458139e+02 3.14252423e+02 5.75555684e-17 1.90787294e-17 1.23606420e-06 1.70510441e-15 1.10898120e-15 1.13971200e-34 4.45158247e-19 1.38698877e-17 7.09819242e-01 7.04383875e-01 3.10773029e-18 1.09877866e-18 1.40808814e-06 3.39725510e-07 3.39725510e-07 3.56292512e-03 3.56292512e-03 1.06438889e-18 1.23362081e-02 1.24314002e-02
1.02102102e-02 -2.06697975e+01 -2.06697975e+01 -2.50725142e-02 -6.80089435e-03 -6.80089431e-03 7.13254574e+01 7.13254574e+01 1.73372523e+02 3.09422638e+02 3.14288478e+02 8.61232019e-17 3.34414555e-17 1.25451291e-06 2.57805534e-16 2.26914917e-16 1.63064614e-34 9.96190444e-19 1.12658088e-16 7.09859646e-01 7.04343158e-01 4.12201097e-19 2.06752407e-18 1.40808814e-06 3.39725510e-07 3.39725510e-07 3.56292512e-03 3.56292512e-03 2.67788185e-18 1.23354950e-02 1.24321078e-02
1.03603604e-02 -2.06697975e+01 -2.06697975e+01 -2.50725140e-02 -6.80089442e-03 -6.80089433e-03 7.13254574e+01 7.13254574e+01 1.73372523e+02 3.09387141e+02 3.14324538e+02 2.86339527e-17 4.10344866e-17 1.27296163e-06 8.25271722e-17 3.38461608e-16 1.94636510e-34 1.35065415e-18 6.13224659e-17 7.09900047e-01 7.04302438e-01 1.30590612e-18 1.43326299e-18 1.40808814e-06 3.39725510e-07 3.39725510e-07 3.56292512e-03 3.56292512e-03 1.97027154e-19 1.23347818e-02 1.24328154e-02
1.05105105e-02 -2.06697975e+01 -2.06697975e+01 -2.50725142e-02 -6.80089437e-03 -6.80089418e-03 7.13254574e+01 7.13254574e+01 1.73372523e+02 3.09351648e+02 3.14360601e+02 4.92790823e-17 2.48363984e-18 1.29141035e-06 2.32365353e-16 2.07900727e-15 2.83758674e-34 1.49974763e-18 4.85405245e-17 7.09940445e-01 7.04261716e-01 1.46514234e-18 3.74513768e-18 1.40808814e-06 3.39725510e-07 3.39725510e-07 3.56292512e-03 3.56292512e-03 1.51446250e-20 1.23340686e-02 1.24335229e-02
1.06606607e-02 -2.06697975e+01 -2.06697975e+01 -2.50725142e-02 -6.80089470e-03 -6.80089432e-03 7.13254574e+01 7.13254574e+01 1.73372523e+02 3.09316159e+02 3.14396669e+02 4.22018971e-16 3.22343689e-17 1.30985907e-06 8.10189187e-16 4.73986439e-17 2.26075299e-34 1.06619957e-18 6.91588760e-17 7.09980842e-01 7.04220991e-01 4.32008959e-18 5.88199681e-19 1.40808814e-06 3.39725510e-07 3.39725510e-07 3.56292512e-03 3.56292512e-03 1.97027154e-19 1.23333554e-02 1.24342304e-02
1.08108108e-02 -2.06697975e+01 -2.06697975e+01 -2.50725140e-02 -6.80089433e-03 -6.80089264e-03 7.13254574e+01 7.13254574e+01 1.73372523e+02 3.09280674e+02 3.14432740e+02 3.45024099e-17 1.31653422e-17 1.32830779e-06 2.73257647e-17 2.11377802e-15 1.39291493e-34 4.24332479e-19 6.35301567e-17 7.10021236e-01 7.04180265e-01 1.34228008e-18 3.35979617e-19 1.40808814e-06 3.39725510e-07 3.39725510e-07 3.56292512e-03 3.56292512e-03 7.61275848e-19 1.23326421e-02 1.24349378e-02
1.09609610e-02 -2.06697975e+01 -2.06697975e+01 -2.50725142e-02 -6.80089442e-03 -6.80089432e-03 7.13254574e+01 7.13254574e+01 1.73372523e+02 3.09245194e+02 3.14468816e+02 1.62391789e-17 2.11264281e-16 1.34675651e-06 4.97949398e-16 2.16017856e-15 1.49136663e-34 7.75838145e-19 1.68960741e-16 7.10061627e-01 7.04139536e-01 1.01826928e-18 9.62238675e-19 1.40808814e-06 3.39725510e-07 3.39725510e-07 3.56292512e-03 3.56292512e-03 1.51446250e-20 1.23319288e-02 1.24356452e-02
1.11111111e-02 -2.06697975e+01 -2.06697975e+01 -2.50725141e-02 -6.80089663e-03 -6.80089429e-03 7.13254574e+01 7.13254574e+01 1.73372523e+02 3.09209717e+02 3.14504896e+02 2.59783071e-17 1.15535565e-17 1.36520523e-06 2.36133704e-15 2.19454436e-17 2.37460383e-34 1.12734137e-18 4.94000177e-18 7.10102016e-01 7.04098805e-01 2.54320375e-18 6.26155256e-19 1.40808814e-06 3.39725510e-07 3.39725510e-07 3.56292512e-03 3.56292512e-03 8.52217113e-19 1.23312155e-02 1.24363526e-02
1.12612613e-02 -2.06697975e+01 -2.06697975e+01 -2.50725138e-02 -6.80089438e-03 -6.80089432e-03 7.13254574e+01 7.13254574e+01 1.73372523e+02 3.09174245e+02 3.14540980e+02 1.02353579e-16 1.64438189e-17 1.38365395e-06 3.64730286e-16 8.75666270e-16 2.21551294e-34 1.58886093e-18 6.33149187e-17 7.10142403e-01 7.04058071e-01 2.57175855e-18 1.19902926e-18 1.40808814e-06 3.39725510e-07 3.39725510e-07 3.56292512e-03 3.56292512e-03 7.57966397e-20 1.23305021e-02 1.24370599e-02
1.14114114e-02 -2.06697975e+01 -2.06697975e+01 -2.50725141e-02 -6.80089438e-03 -6.80089432e-03 7.13254574e+01 7.13254574e+01 1.73372523e+02 3.09138776e+02 3.14577068e+02 3.27949689e-16 1.41964435e-17 1.40210267e-06 3.53689966e-16 8.96371210e-16 2.52984814e-34 1.94182624e-18 3.46265310e-17 7.10182787e-01 7.04017336e-01 1.18201437e-18 4.68361537e-19 1.40808814e-06 3.39725510e-07 3.39725510e-07 3.56292512e-03 3.56292512e-03 8.82506363e-19 1.23297887e-02 1.24377672e-02
1.15615616e-02 -2.06697975e+01 -2.06697975e+01 -2.50725143e-02 -6.80089433e-03 -6.80089419e-03 7.13254574e+01 7.13254574e+01 1.73372523e+02 3.09103312e+02 3.14613161e+02 2.91572061e-17 1.20220257e-18 1.42055139e-06 5.78400473e-17 3.52089305e-16 1.73623822e-34 6.29200771e-19 1.29551540e-16 7.10223169e-01 7.03976598e-01 2.58229597e-19 8.85199334e-19 1.40808814e-06 3.39725510e-07 3.39725510e-07 3.56292512e-03 3.56292512e-03 1.51446250e-20 1.23290752e-02 1.24384744e-02
1.17117117e-02 -2.06697975e+01 -2.06697975e+01 -2.50725140e-02 -6.80089671e-03 -6.80089429e-03 7.13254574e+01 7.13254574e+01 1.73372523e+02 3.09067852e+02 3.14649257e+02 6.63625635e-17 1.87161293e-17 1.43900011e-06 2.32440463e-15 2.09436026e-17 1.91144731e-34 7.54772637e-19 6.55739425e-17 7.10263548e-01 7.03935858e-01 1.16057817e-18 2.32018458e-18 1.40808814e-06 3.39725510e-07 3.39725510e-07 3.56292512e-03 3.56292512e-03 8.52217113e-19 1.23283617e-02 1.24391816e-02
1.18618619e-02 -2.06697975e+01 -2.06697975e+01 -2.50725141e-02 -6.80089447e-03 -6.80089435e-03 7.13254574e+01 7.13254574e+01 1.73372523e+02 3.09032396e+02 3.14685357e+02 3.35311488e-18 8.75034391e-17 1.45744883e-06 7.48990328e-17 3.90159034e-16 2.04925618e-34 1.33802072e-18 1.47472522e-16 7.10303925e-01 7.03895116e-01 1.41258301e-18 5.45076099e-19 1.40808814e-06 3.39725510e-07 3.39725510e-07 3.56292512e-03 3.56292512e-03 8.52217113e-19 1.23276482e-02 1.24398887e-02
1.20120120e-02 -2.06697975e+01 -2.06697975e+01 -2.50725140e-02 -6.80089442e-03 -6.80089434e-03 7.13254574e+01 7.13254574e+01 1.73372523e+02 3.08996944e+02 3.14721462e+02 4.52743571e-17 2.12324434e-18 1.47589755e-06 1.03168623e-16 3.89720994e-16 2.36485683e-34 1.69242678e-18 5.95744998e-17 7.10344300e-01 7.03854371e-01 4.04126315e-18 2.23650014e-19 1.40808814e-06 3.39725510e-07 3.39725510e-07 3.56292512e-03 3.56292512e-03 1.51446250e-20 1.23269346e-02 1.24405958e-02
1.21621622e-02 -2.06697975e+01 -2.06697975e+01 -2.50725142e-02 -6.80089442e-03 -6.80089431e-03 7.13254574e+01 7.13254574e+01 1.73372523e+02 3.08961496e+02 3.14757571e+02 4.49688568e-17 1.79434194e-17 1.49434627e-06 7.80152068e-17 3.98503584e-16 2.68044392e-34 2.04683023e-18 1.88507765e-16 7.10384672e-01 7.03813624e-01 7.08827039e-19 3.12445963e-18 1.40808814e-06 3.39725510e-07 3.39725510e-07 3.56292512e-03 3.56292512e-03 6.70334584e-19 1.23262210e-02 1.24413029e-02
1.23123123e-02 -2.06697975e+01 -2.06697975e+01 -2.50725142e-02 -6.80089434e-03 -6.80089430e-03 7.13254574e+01 7.13254574e+01 1.73372523e+02 3.08926053e+02 3.14793683e+02 5.71960539e-17 2.86580019e-17 1.51279498e-06 2.52850700e-16 3.28879725e-16 1.46927086e-34 6.22607114e-19 8.00347701e-17 7.10425042e-01 7.03772875e-01 1.00592236e-18 3.01965874e-19 1.40808814e-06 3.39725510e-07 3.39725510e-07 3.56292512e-03 3.56292512e-03 1.81052012e-18 1.23255073e-02 1.24420099e-02
1.24624625e-02 -2.06697975e+01 -2.06697975e+01 -2.50725142e-02 -6.80089698e-03 -6.80089434e-03 7.13254574e+01 7.13254574e+01 1.73372523e+02 3.08890613e+02 3.14829800e+02 2.93927047e-18 3.30169607e-17 1.53124370e-06 3.28396644e-16 2.70934137e-18 2.27893906e-34 9.76988178e-19 2.62777738e-16 7.10465409e-01 7.03732124e-01 8.09279995e-19 1.67981502e-18 1.40808814e-06 3.39725510e-07 3.39725510e-07 3.56292512e-03 3.56292512e-03 1.06085890e-19 1.23247936e-02 1.24427168e-02
1.26126126e-02 -2.06697975e+01 -2.06697975e+01 -2.50725140e-02 -6.80089442e-03 -6.80089435e-03 7.13254574e+01 7.13254574e+01 1.73372523e+02 3.08855177e+02 3.14865921e+02 2.25278320e-17 3.03348261e-17 1.54969242e-06 1.40674424e-16 3.97951946e-16 2.10040299e-34 1.33136644e-18 2.73017125e-17 7.10505774e-01 7.03691371e-01 1.24578965e-18 2.78692625e-18 1.40808814e-06 3.39725510e-07 3.39725510e-07 3.56292512e-03 3.56292512e-03 1.81052012e-18 1.23240799e-02 1.24434238e-02
1.27627628e-02 -2.06697975e+01 -2.06697975e+01 -2.50725143e-02 -6.80089512e-03 -6.80089433e-03 7.13254574e+01 7.13254574e+01 1.73372523e+02 3.08819746e+02 3.14902046e+02 2.13064216e-17 2.75316062e-17 1.56814114e-06 2.60298013e-15 7.15429553e-17 2.92015728e-34 1.43636476e-18 8.67718120e-17 7.10546136e-01 7.03650615e-01 3.62865484e-19 1.18025258e-18 1.40808814e-06 3.39725510e-07 3.39725510e-07 3.56292512e-03 3.56292512e-03 9.43158378e-19 1.23233661e-02 1.24441307e-02
1.29129129e-02 -2.06697975e+01 -2.06697975e+01 -2.50725142e-02 -6.80089439e-03 -6.80089428e-03 7.13254574e+01 7.13254574e+01 1.73372523e+02 3.08784319e+02 3.14938176e+02 2.91325074e-17 1.33605874e-17 1.58658986e-06 6.86634372e-29 4.03202456e-29 4.78466965e-46 1.29938203e-28 9.32712864e-17 7.10586496e-01 7.03609857e-01 3.86786570e-18 7.67030548e-19 1.40808814e-06 3.39725510e-07 3.39725510e-07 3.56292512e-03 3.56292512e-03 9.73447628e-19 1.23226523e-02 1.24448375e-02
1.30630631e-02 -2.06697975e+01 -2.06697975e+01 -2.50725142e-02 -6.80089512e-03 -6.80089433e-03 7.13254574e+01 7.13254574e+01 1.73372523e+02 3.08748896e+02 3.14974309e+02 2.92919764e-16 1.39451224e-16 1.60503858e-06 2.61921254e-15 7.14409764e-17 1.46386231e-34 3.60527369e-19 9.15891590e-17 7.10626854e-01 7.03569097e-01 1.46727147e-18 4.46222760e-18 1.40808814e-06 3.39725510e-07 3.39725510e-07 3.56292512e-03 3.56292512e-03 1.81052012e-18 1.23219385e-02 1.24455443e-02
1.32132132e-02 -2.06697975e+01 -2.06697975e+01 -2.50725142e-02 -6.80089434e-03 -6.80089192e-03 7.13254574e+01 7.13254574e+01 1.73372523e+02 3.08713476e+02 3.15010446e+02 5.96656959e-17 1.26362966e-16 1.62348730e-06 9.84149226e-18 1.09429798e-15 2.11965427e-34 8.41031849e-19 2.12195028e-16 7.10667209e-01 7.03528335e-01 2.68835505e-18 1.29710306e-18 1.40808814e-06 3.39725510e-07 3.39725510e-07 3.56292512e-03 3.56292512e-03 1.53769632e-18 1.23212246e-02 1.24462511e-02
1.33633634e-02 -2.06697975e+01 -2.06697975e+01 -2.50725143e-02 -6.80089439e-03 -6.80089428e-03 7.13254574e+01 7.13254574e+01 1.73372523e+02 3.08678062e+02 3.15046588e+02 7.57682888e-18 1.36623987e-16 1.64193602e-06 7.10603988e-29 4.17277790e-29 4.95157673e-46 1.34474197e-28 4.36421908e-17 7.10707562e-01 7.03487570e-01 1.34536160e-18 4.64539923e-19 1.40808814e-06 3.39725510e-07 3.39725510e-07 3.56292512e-03 3.56292512e-03 2.76882312e-18 1.23205107e-02 1.24469578e-02
1.35135135e-02 -2.06697975e+01 -2.06697975e+01 -2.50725142e-02 -6.80089442e-03 -6.80089310e-03 7.13254574e+01 7.13254574e+01 1.73372523e+02 3.08642651e+02 3.15082733e+02 2.40991434e-17 1.23293867e-16 1.66038474e-06 1.91810728e-17 1.15871135e-15 3.13140202e-34 1.54678677e-18 1.63962108e-16 7.10747912e-01 7.03446803e-01 5.59003963e-19 8.97500692e-19 1.40808814e-06 3.39725510e-07 3.39725510e-07 3.56292512e-03 3.56292512e-03 7.57966397e-20 1.23197967e-02 1.24476645e-02
1.36636637e-02 -2.06697975e+01 -2.06697975e+01 -2.50725138e-02 -6.80089434e-03 -6.80089430e-03 7.13254574e+01 7.13254574e+01 1.73372523e+02 3.08607244e+02 3.15118883e+02 1.62269279e-17 4.02229888e-17 1.67883346e-06 2.83209063e-16 3.60669812e-16 2.78229644e-34 2.03315035e-18 3.24412015e-18 7.10788260e-01 7.03406035e-01 6.84244200e-19 2.54848338e-18 1.40808814e-06 3.39725510e-07 3.39725510e-07 3.56292512e-03 3.56292512e-03 9.43158378e-19 1.23190827e-02 1.24483711e-02
1.38138138e-02 -2.06697975e+01 -2.06697975e+01 -2.50725141e-02 -6.80089442e-03 -6.80089432e-03 7.13254574e+01 7.13254574e+01 1.73372523e+02 3.08571841e+02 3.15155037e+02 9.84264480e-17 2.67088234e-17 1.69728218e-06 1.01670212e-16 4.51490292e-16 2.33444440e-34 1.49808476e-18 4.10290340e-16 7.10828605e-01 7.03365263e-01 1.14927723e-18 7.50694201e-19 1.40808814e-06 3.39725510e-07 3.39725510e-07 3.56292512e-03 3.56292512e-03 1.93175063e-18 1.23183686e-02 1.24490777e-02
1.39639640e-02 -2.06697975e+01 -2.06697975e+01 -2.50725144e-02 -6.80089439e-03 -6.80089434e-03 7.13254574e+01 7.13254574e+01 1.73372523e+02 3.08536443e+02 3.15191195e+02 8.78543398e-17 3.67292947e-17 1.71573090e-06 1.65328724e-15 2.28903439e-15 1.64350795e-34 6.90147791e-19 6.87574298e-17 7.10868948e-01 7.03324490e-01 1.90064777e-18 1.34920155e-18 1.40808814e-06 3.39725510e-07 3.39725510e-07 3.56292512e-03 3.56292512e-03 1.93175063e-18 1.23176545e-02 1.24497842e-02
1.41141141e-02 -2.06697975e+01 -2.06697975e+01 -2.50725140e-02 -6.80089442e-03 -6.80089431e-03 7.13254574e+01 7.13254574e+01 1.73372523e+02 3.08501048e+02 3.15227357e+02 3.24451606e-17 1.69741913e-17 1.73417962e-06 9.49488979e-17 4.64859971e-16 2.20203358e-34 1.31730863e-18 1.59821489e-16 7.10909289e-01 7.03283714e-01 2.52431356e-18 1.01469916e-18 1.40808814e-06 3.39725510e-07 3.39725510e-07 3.56292512e-03 3.56292512e-03 9.73447628e-19 1.23169404e-02 1.24504907e-02
1.42642643e-02 -2.06697975e+01 -2.06697975e+01 -2.50725143e-02 -6.80089442e-03 -6.80089434e-03 7.13254574e+01 7.13254574e+01 1.73372523e+02 3.08465658e+02 3.15263523e+02 8.87377501e-17 4.18000993e-17 1.75262834e-06 7.90216392e-16 2.77485153e-15 2.26916327e-34 1.39290000e-18 5.11303601e-17 7.10949627e-01 7.03242936e-01 2.06051964e-18 1.54218800e-18 1.40808814e-06 3.39725510e-07 3.39725510e-07 3.56292512e-03 3.56292512e-03 2.58694059e-18 1.23162263e-02 1.24511972e-02
1.44144144e-02 -2.06697975e+01 -2.06697975e+01 -2.50725140e-02 -6.80089436e-03 -6.80089431e-03 7.13254574e+01 7.13254574e+01 1.73372523e+02 3.08430272e+02 3.15299693e+02 7.72711447e-18 7.31290148e-18 1.77107706e-06 1.05293525e-15 6.11575222e-16 2.70742474e-34 1.88509701e-18 4.65107208e-17 7.10989963e-01 7.03202156e-01 1.29120505e-18 8.21461810e-19 1.40808814e-06 3.39725510e-07 3.39725510e-07 3.56292512e-03 3.56292512e-03 7.61275848e-19 1.23155121e-02 1.24519036e-02
1.45645646e-02 -2.06697975e+01 -2.06697975e+01 -2.50725140e-02 -6.80089438e-03 -6.80089433e-03 7.13254574e+01 7.13254574e+01 1.73372523e+02 3.08394889e+02 3.15335867e+02 6.91325641e-17 3.25534234e-17 1.78952578e-06 1.40335448e-15 2.59258933e-15 2.89476271e-34 2.09563966e-18 5.76913506e-17 7.11030296e-01 7.03161374e-01 1.76062301e-18 1.49892260e-18 1.40808814e-06 3.39725510e-07 3.39725510e-07 3.56292512e-03 3.56292512e-03 1.93175063e-18 1.23147978e-02 1.24526100e-02
1.47147147e-02 -2.06697975e+01 -2.06697975e+01 -2.50725141e-02 -6.80089436e-03 -6.80089051e-03 7.13254574e+01 7.13254574e+01 1.73372523e+02 3.08359511e+02 3.15372046e+02 1.11679121e-16 4.81579359e-17 1.80797449e-06 6.25465516e-18 1.10574459e-15 2.19404697e-34 8.11840273e-19 1.93635106e-16 7.11070627e-01 7.03120590e-01 2.75996374e-18 2.18655342e-18 1.40808814e-06 3.39725510e-07 3.39725510e-07 3.56292512e-03 3.56292512e-03 1.71957885e-18 1.23140835e-02 1.24533163e-02
1.48648649e-02 -2.06697975e+01 -2.06697975e+01 -2.50725140e-02 -6.80089680e-03 -6.80089434e-03 7.13254574e+01 7.13254574e+01 1.73372523e+02 3.08324137e+02 3.15408228e+02 2.19471325e-17 1.65489636e-17 1.82642321e-06 5.03931441e-16 4.46763635e-18 2.87368179e-34 1.30987545e-18 1.87501404e-17 7.11110955e-01 7.03079803e-01 1.74627241e-18 4.68382844e-19 1.40808814e-06 3.39725510e-07 3.39725510e-07 3.56292512e-03 3.56292512e-03 1.90146138e-18 1.23133692e-02 1.24540226e-02
1.50150150e-02 -2.06697975e+01 -2.06697975e+01 -2.50725142e-02 -6.80089439e-03 -6.80089428e-03 7.13254574e+01 7.13254574e+01 1.73372523e+02 3.08288768e+02 3.15444415e+02 1.32619829e-17 2.09693808e-17 1.84487193e-06 7.98508218e-29 4.68896530e-29 5.56356936e-46 1.51109131e-28 1.48788086e-17 7.11151281e-01 7.03039014e-01 1.08870956e-18 8.42195510e-19 1.40808814e-06 3.39725510e-07 3.39725510e-07 3.56292512e-03 3.56292512e-03 1.51446250e-20 1.23126549e-02 1.24547288e-02
1.51651652e-02 -2.06697975e+01 -2.06697975e+01 -2.50725142e-02 -6.80089442e-03 -6.80089432e-03 7.13254574e+01 7.13254574e+01 1.73372523e+02 3.08253402e+02 3.15480606e+02 2.21661427e-17 6.83917228e-18 1.86332065e-06 1.15663247e-16 4.97204857e-16 2.88321609e-34 2.01841658e-18 2.71838420e-16 7.11191605e-01 7.02998223e-01 2.36134650e-18 1.16428891e-18 1.40808814e-06 3.39725510e-07 3.39725510e-07 3.56292512e-03 3.56292512e-03 7.57966397e-20 1.23119405e-02 1.24554351e-02
1.53153153e-02 -2.06697975e+01 -2.06697975e+01 -2.50725139e-02 -6.80089438e-03 -6.80089432e-03 7.13254574e+01 7.13254574e+01 1.73372523e+02 3.08218040e+02 3.15516801e+02 8.12547261e-18 7.36509808e-18 1.88176937e-06 1.94801373e-16 4.76878571e-16 3.19855721e-34 2.37268218e-18 1.44725652e-16 7.11231926e-01 7.02957430e-01 1.42718612e-19 1.47160095e-18 1.40808814e-06 3.39725510e-07 3.39725510e-07 3.56292512e-03 3.56292512e-03 1.12504091e-18 1.23112260e-02 1.24561412e-02
1.54654655e-02 -2.06697975e+01 -2.06697975e+01 -2.50725140e-02 -6.80089442e-03 -6.80089433e-03 7.13254574e+01 7.13254574e+01 1.73372523e+02 3.08182683e+02 3.15553000e+02 2.44390705e-16 1.43841549e-18 1.90021809e-06 3.03054085e-16 1.26760605e-15 1.85278440e-34 7.96820776e-19 1.90157789e-16 7.11272244e-01 7.02916634e-01 3.11740924e-18 8.82298183e-20 1.40808814e-06 3.39725510e-07 3.39725510e-07 3.56292512e-03 3.56292512e-03 7.61275848e-19 1.23105116e-02 1.24568473e-02
1.56156156e-02 -2.06697975e+01 -2.06697975e+01 -2.50725142e-02 -6.80089434e-03 -6.80089430e-03 7.13254574e+01 7.13254574e+01 1.73372523e+02 3.08147329e+02 3.15589203e+02 7.44503116e-17 3.80471235e-18 1.91866681e-06 2.02968685e-15 2.41875303e-15 2.03091125e-34 9.97029357e-19 2.59522303e-17 7.11312560e-01 7.02875837e-01 8.60041632e-19 6.75375570e-19 1.40808814e-06 3.39725510e-07 3.39725510e-07 3.56292512e-03 3.56292512e-03 7.57966397e-20 1.23097971e-02 1.24575534e-02
1.57657658e-02 -2.06697975e+01 -2.06697975e+01 -2.50725142e-02 -6.80089428e-03 -6.80089411e-03 7.13254574e+01 7.13254574e+01 1.73372523e+02 3.08111980e+02 3.15625410e+02 4.72873544e-17 3.27115356e-18 1.93711553e-06 4.15087374e-16 3.19602700e-15 2.98304158e-34 1.34832923e-18 8.37151765e-17 7.11352874e-01 7.02835037e-01 1.38465705e-18 1.77529502e-18 1.40808814e-06 3.39725510e-07 3.39725510e-07 3.56292512e-03 3.56292512e-03 9.43158378e-19 1.23090825e-02 1.24582594e-02
1.59159159e-02 -2.06697975e+01 -2.06697975e+01 -2.50725141e-02 -6.80089442e-03 -6.80089432e-03 7.13254574e+01 7.13254574e+01 1.73372523e+02 3.08076635e+02 3.15661621e+02 1.54551673e-17 4.79472502e-18 1.95556425e-06 6.82213683e-16 3.14328678e-15 2.65629513e-34 1.69962561e-18 1.46058031e-17 7.11393185e-01 7.02794235e-01 1.87379685e-18 1.88711813e-18 1.40808814e-06 3.39725510e-07 3.39725510e-07 3.56292512e-03 3.56292512e-03 1.03409964e-18 1.23083679e-02 1.24589654e-02
1.60660661e-02 -2.06697975e+01 -2.06697975e+01 -2.50725141e-02 -6.80089447e-03 -6.80089435e-03 7.13254574e+01 7.13254574e+01 1.73372523e+02 3.08041294e+02 3.15697837e+02 1.05757595e-16 6.36801557e-17 1.97401297e-06 2.53582826e-16 1.33417153e-15 3.10876884e-34 2.20788146e-18 1.51124840e-16 7.11433494e-01 7.02753430e-01 2.52299982e-18 1.61543460e-18 1.40808814e-06 3.39725510e-07 3.39725510e-07 3.56292512e-03 3.56292512e-03 9.43158378e-19 1.23076533e-02 1.24596714e-02
1.62162162e-02 -2.06697975e+01 -2.06697975e+01 -2.50725141e-02 -6.80089437e-03 -6.80089423e-03 7.13254574e+01 7.13254574e+01 1.73372523e+02 3.08005957e+02 3.15734056e+02 1.32652306e-16 1.70615698e-17 1.99246169e-06 2.07877470e-16 1.29924147e-15 4.63709007e-34 2.56063792e-18 2.29432148e-16 7.11473800e-01 7.02712624e-01 2.06883301e-18 1.11898375e-18 1.40808814e-06 3.39725510e-07 3.39725510e-07 3.56292512e-03 3.56292512e-03 1.81052012e-18 1.23069386e-02 1.24603773e-02
1.63663664e-02 -2.06697975e+01 -2.06697975e+01 -2.50725140e-02 -6.80089436e-03 -6.80089431e-03 7.13254574e+01 7.13254574e+01 1.73372523e+02 3.07970624e+02 3.15770280e+02 1.94183522e-17 4.02063007e-18 2.01091041e-06 4.66678608e-16 2.87087627e-16 3.87908617e-34 3.07328797e-18 1.12887021e-16 7.11514104e-01 7.02671815e-01 3.76064191e-19 7.30447466e-18 1.40808814e-06 3.39725510e-07 3.39725510e-07 3.56292512e-03 3.56292512e-03 7.57966397e-20 1.23062239e-02 1.24610831e-02
1.65165165e-02 -2.06697975e+01 -2.06697975e+01 -2.50725139e-02 -6.80089428e-03 -6.80089311e-03 7.13254574e+01 7.13254574e+01 1.73372523e+02 3.07935295e+02 3.15806507e+02 1.13389427e-18 2.62129879e-17 2.02935913e-06 8.88221559e-18 4.77290598e-16 5.81978813e-34 3.42750457e-18 6.85117455e-17 7.11554405e-01 7.02631004e-01 1.40691181e-18 1.20007101e-18 1.40808814e-06 3.39725510e-07 3.39725510e-07 3.56292512e-03 3.56292512e-03 1.51446250e-20 1.23055092e-02 1.24617890e-02
1.66666667e-02 -2.06697975e+01 -2.06697975e+01 -2.50725142e-02 -6.80089434e-03 -6.80089182e-03 7.13254574e+01 7.13254574e+01 1.73372523e+02 3.07899970e+02 3.15842739e+02 2.87517058e-17 5.30466904e-18 2.04780785e-06 1.27809850e-17 1.47919839e-15 1.34031009e-34 6.04717796e-20 6.95712448e-18 7.11594704e-01 7.02590191e-01 1.17416509e-18 6.55686708e-19 1.40808814e-06 3.39725510e-07 3.39725510e-07 3.56292512e-03 3.56292512e-03 1.51446250e-20 1.23047944e-02 1.24624947e-02
1.68168168e-02 -2.06697975e+01 -2.06697975e+01 -2.50725139e-02 -6.80089545e-03 -6.80089433e-03 7.13254574e+01 7.13254574e+01 1.73372523e+02 3.07864650e+02 3.15878975e+02 1.71587549e-17 9.13402251e-18 2.06625656e-06 6.26484028e-16 1.21171731e-17 2.04572626e-34 5.77466133e-19 3.14085788e-17 7.11635001e-01 7.02549376e-01 1.43766671e-19 4.43152258e-18 1.40808814e-06 3.39725510e-07 3.39725510e-07 3.56292512e-03 3.56292512e-03 1.81052012e-18 1.23040796e-02 1.24632005e-02
1.69669670e-02 -2.06697975e+01 -2.06697975e+01 -2.50725138e-02 -6.80089438e-03 -6.80089432e-03 7.13254574e+01 7.13254574e+01 1.73372523e+02 3.07829333e+02 3.15915215e+02 4.80790119e-17 1.56833060e-16 2.08470528e-06 5.65510261e-16 1.31121252e-15 1.93945524e-34 7.65860199e-19 2.02925488e-16 7.11675295e-01 7.02508558e-01 6.68019363e-19 2.70635961e-18 1.40808814e-06 3.39725510e-07 3.39725510e-07 3.56292512e-03 3.56292512e-03 9.43158378e-19 1.23033648e-02 1.24639061e-02
1.71171171e-02 -2.06697975e+01 -2.06697975e+01 -2.50725142e-02 -6.80089435e-03 -6.80089431e-03 7.13254574e+01 7.13254574e+01 1.73372523e+02 3.07794021e+02 3.15951459e+02 9.56686533e-18 2.33944894e-17 2.10315400e-06 4.67974697e-16 3.36410634e-16 2.40227576e-34 1.28578098e-18 2.68059479e-16 7.11715586e-01 7.02467739e-01 2.47078222e-18 2.57685506e-18 1.40808814e-06 3.39725510e-07 3.39725510e-07 3.56292512e-03 3.56292512e-03 3.54524359e-18 1.23026499e-02 1.24646118e-02
1.72672673e-02 -2.06697975e+01 -2.06697975e+01 -2.50725142e-02 -6.80089439e-03 -6.80089428e-03 7.13254574e+01 7.13254574e+01 1.73372523e+02 3.07758713e+02 3.15987707e+02 3.68741452e-17 4.40232198e-17 2.12160272e-06 9.18421403e-29 5.39311430e-29 6.39810476e-46 1.73801417e-28 7.44421903e-17 7.11755875e-01 7.02426917e-01 2.22637162e-18 5.01643394e-19 1.40808814e-06 3.39725510e-07 3.39725510e-07 3.56292512e-03 3.56292512e-03 8.82506363e-19 1.23019349e-02 1.24653174e-02
1.74174174e-02 -2.06697975e+01 -2.06697975e+01 -2.50725141e-02 -6.80089442e-03 -6.80089432e-03 7.13254574e+01 7.13254574e+01 1.73372523e+02 3.07723408e+02 3.16023960e+02 1.45217354e-16 1.06694964e-17 2.14005144e-06 7.92376047e-16 3.42887339e-15 2.72953919e-34 1.65374747e-18 1.04059260e-16 7.11796162e-01 7.02386093e-01 1.41951974e-18 4.44728142e-18 1.40808814e-06 3.39725510e-07 3.39725510e-07 3.56292512e-03 3.56292512e-03 7.57966397e-20 1.23012200e-02 1.24660230e-02
1.75675676e-02 -2.06697975e+01 -2.06697975e+01 -2.50725143e-02 -6.80089438e-03 -6.80089432e-03 7.13254574e+01 7.13254574e+01 1.73372523e+02 3.07688108e+02 3.16060216e+02 8.13962298e-17 4.29780951e-18 2.15850016e-06 1.27844079e-15 3.31407035e-15 3.04208047e-34 2.00495730e-18 2.64178793e-16 7.11836446e-01 7.02345267e-01 1.59576458e-18 2.31330733e-19 1.40808814e-06 3.39725510e-07 3.39725510e-07 3.56292512e-03 3.56292512e-03 3.45430233e-18 1.23005049e-02 1.24667285e-02
1.77177177e-02 -2.06697975e+01 -2.06697975e+01 -2.50725139e-02 -6.80089434e-03 -6.80089430e-03 7.13254574e+01 7.13254574e+01 1.73372523e+02 3.07652812e+02 3.16096476e+02 5.96643855e-18 2.33711929e-18 2.17694888e-06 3.98588245e-16 4.41066805e-16 3.66289959e-34 2.70236459e-18 1.53056234e-16 7.11876728e-01 7.02304438e-01 5.56504129e-19 1.40749402e-18 1.40808814e-06 3.39725510e-07 3.39725510e-07 3.56292512e-03 3.56292512e-03 3.72712612e-18 1.22997899e-02 1.24674339e-02
1.78678679e-02 -2.06697975e+01 -2.06697975e+01 -2.50725141e-02 -6.80089442e-03 -6.80089431e-03 7.13254574e+01 7.13254574e+01 1.73372523e+02 3.07617521e+02 3.16132741e+02 4.61940661e-18 4.62923522e-17 2.19539760e-06 1.24626967e-16 5.86679940e-16 3.97801871e-34 3.05650094e-18 1.56359341e-16 7.11917007e-01 7.02263608e-01 2.96703364e-18 4.44270053e-18 1.40808814e-06 3.39725510e-07 3.39725510e-07 3.56292512e-03 3.56292512e-03 7.57966397e-20 1.22990748e-02 1.24681394e-02
1.80180180e-02 -2.06697975e+01 -2.06697975e+01 -2.50725141e-02 -6.80089442e-03 -6.80089433e-03 7.13254574e+01 7.13254574e+01 1.73372523e+02 3.07582233e+02 3.16169010e+02 8.67862188e-18 7.81254150e-18 2.21384632e-06 1.46601075e-16 5.81793242e-16 4.29312309e-34 3.41063347e-18 1.39279118e-16 7.11957284e-01 7.02222775e-01 6.44527008e-18 2.58899056e-18 1.40808814e-06 3.39725510e-07 3.39725510e-07 3.56292512e-03 3.56292512e-03 1.56798557e-18 1.22983597e-02 1.24688448e-02
1.81681682e-02 -2.06697975e+01 -2.06697975e+01 -2.50725142e-02 -6.80089750e-03 -6.80089444e-03 7.13254574e+01 7.13254574e+01 1.73372523e+02 3.07546949e+02 3.16205283e+02 2.98245978e-17 5.79553132e-18 2.23229504e-06 4.65973447e-16 3.31392066e-18 4.02332193e-34 1.98531299e-18 1.20610970e-17 7.11997558e-01 7.02181940e-01 2.32451102e-18 3.18606868e-18 1.40808814e-06 3.39725510e-07 3.39725510e-07 3.56292512e-03 3.56292512e-03 1.81052012e-18 1.22976445e-02 1.24695501e-02
1.83183183e-02 -2.06697975e+01 -2.06697975e+01 -2.50725143e-02 -6.80089435e-03 -6.80089431e-03 7.13254574e+01 7.13254574e+01 1.73372523e+02 3.07511670e+02 3.16241560e+02 8.29704220e-18 2.23102931e-17 2.25074376e-06 5.00477022e-16 3.58459740e-16 1.87054913e-34 5.59938031e-19 1.74719689e-16 7.12037830e-01 7.02141103e-01 2.99583838e-18 1.09525177e-18 1.40808814e-06 3.39725510e-07 3.39725510e-07 3.56292512e-03 3.56292512e-03 1.74986810e-18 1.22969293e-02 1.24702554e-02
1.84684685e-02 -2.06697975e+01 -2.06697975e+01 -2.50725143e-02 -6.80089442e-03 -6.80089432e-03 7.13254574e+01 7.13254574e+01 1.73372523e+02 3.07476394e+02 3.16277841e+02 2.93706812e-17 1.53887392e-17 2.26919248e-06 1.39486302e-16 6.07448159e-16 2.18562102e-34 9.14008092e-19 2.23435167e-16 7.12078099e-01 7.02100264e-01 3.80511395e-19 1.16754215e-18 1.40808814e-06 3.39725510e-07 3.39725510e-07 3.56292512e-03 3.56292512e-03 1.53769632e-18 1.22962141e-02 1.24709607e-02
1.86186186e-02 -2.06697975e+01 -2.06697975e+01 -2.50725143e-02 -6.80089435e-03 -6.80089430e-03 7.13254574e+01 7.13254574e+01 1.73372523e+02 3.07441123e+02 3.16314126e+02 1.98193315e-17 4.70482895e-17 2.28764120e-06 4.31350538e-16 4.53233661e-16 2.50067783e-34 1.26807395e-18 3.33580778e-17 7.12118366e-01 7.02059422e-01 8.74101556e-19 3.21792840e-18 1.40808814e-06 3.39725510e-07 3.39725510e-07 3.56292512e-03 3.56292512e-03 1.51446250e-20 1.22954988e-02 1.24716659e-02
1.87687688e-02 -2.06697975e+01 -2.06697975e+01 -2.50725138e-02 -6.80089434e-03 -6.80089429e-03 7.13254574e+01 7.13254574e+01 1.73372523e+02 3.07405856e+02 3.16350415e+02 8.12659742e-18 7.63204990e-18 2.30608992e-06 3.12246782e-16 5.47045391e-16 2.81571956e-34 1.62213562e-18 3.85643786e-17 7.12158631e-01 7.02018579e-01 2.39730312e-18 1.29083071e-18 1.40808814e-06 3.39725510e-07 3.39725510e-07 3.56292512e-03 3.56292512e-03 1.81052012e-18 1.22947835e-02 1.24723710e-02
1.89189189e-02 -2.06697975e+01 -2.06697975e+01 -2.50725140e-02 -6.80089433e-03 -6.80089423e-03 7.13254574e+01 7.13254574e+01 1.73372523e+02 3.07370592e+02 3.16386708e+02 4.75305529e-18 6.21625767e-18 2.32453864e-06 8.98797362e-16 3.80937401e-15 3.56343897e-34 1.60651833e-18 1.85578215e-16 7.12198893e-01 7.01977733e-01 2.28563653e-18 1.82438723e-19 1.40808814e-06 3.39725510e-07 3.39725510e-07 3.56292512e-03 3.56292512e-03 8.52217113e-19 1.22940682e-02 1.24730762e-02
1.90690691e-02 -2.06697975e+01 -2.06697975e+01 -2.50725143e-02 -6.80089438e-03 -6.80089434e-03 7.13254574e+01 7.13254574e+01 1.73372523e+02 3.07335333e+02 3.16423006e+02 6.11256281e-17 1.57792577e-17 2.34298736e-06 3.53178165e-16 5.34867476e-16 3.44575778e-34 2.33024639e-18 4.19116809e-16 7.12239152e-01 7.01936885e-01 4.92904759e-18 2.28732486e-18 1.40808814e-06 3.39725510e-07 3.39725510e-07 3.56292512e-03 3.56292512e-03 1.51446250e-20 1.22933528e-02 1.24737812e-02
1.92192192e-02 -2.06697975e+01 -2.06697975e+01 -2.50725138e-02 -6.80089439e-03 -6.80089176e-03 7.13254574e+01 7.13254574e+01 1.73372523e+02 3.07300079e+02 3.16459307e+02 1.67230223e-17 5.39199099e-17 2.36143607e-06 3.13149369e-17 3.77268453e-15 4.52124782e-34 2.30875229e-18 7.81547524e-17 7.12279409e-01 7.01896035e-01 2.92942097e-18 8.85843986e-19 1.40808814e-06 3.39725510e-07 3.39725510e-07 3.56292512e-03 3.56292512e-03 9.43158378e-19 1.22926373e-02 1.24744863e-02
1.93693694e-02 -2.06697975e+01 -2.06697975e+01 -2.50725140e-02 -6.80089438e-03 -6.80089433e-03 7.13254574e+01 7.13254574e+01 1.73372523e+02 3.07264828e+02 3.16495613e+02 1.64393589e-17 6.17040582e-18 2.37988479e-06 3.39051263e-16 5.53958186e-16 4.07573570e-34 3.03834046e-18 4.31170773e-17 7.12319664e-01 7.01855182e-01 1.95587796e-18 3.47748137e-18 1.40808814e-06 3.39725510e-07 3.39725510e-07 3.56292512e-03 3.56292512e-03 1.51446250e-20 1.22919219e-02 1.24751913e-02
1.95195195e-02 -2.06697975e+01 -2.06697975e+01 -2.50725140e-02 -6.80089437e-03 -6.80089431e-03 7.13254574e+01 7.13254574e+01 1.73372523e+02 3.07229581e+02 3.16531923e+02 3.09896322e-17 5.99947857e-18 2.39833351e-06 3.49495800e-15 1.84181386e-15 4.05112815e-34 3.01096957e-18 1.30136668e-16 7.12359916e-01 7.01814328e-01 1.15599980e-18 3.45312409e-19 1.40808814e-06 3.39725510e-07 3.39725510e-07 3.56292512e-03 3.56292512e-03 1.81052012e-18 1.22912064e-02 1.24758962e-02
1.96696697e-02 -2.06697975e+01 -2.06697975e+01 -2.50725140e-02 -6.80089435e-03 -6.80089431e-03 7.13254574e+01 7.13254574e+01 1.73372523e+02 3.07194338e+02 3.16568237e+02 2.65247238e-17 1.25277693e-17 2.41678223e-06 2.99297229e-15 2.62702988e-15 4.25872970e-34 3.36207195e-18 1.62055679e-18 7.12400165e-01 7.01773471e-01 1.00401428e-18 2.22389467e-18 1.40808814e-06 3.39725510e-07 3.39725510e-07 3.56292512e-03 3.56292512e-03 1.84080937e-18 1.22904908e-02 1.24766011e-02
1.98198198e-02 -2.06697975e+01 -2.06697975e+01 -2.50725144e-02 -6.80089438e-03 -6.80089434e-03 7.13254574e+01 7.13254574e+01 1.73372523e+02 3.07159100e+02 3.16604555e+02 8.41848189e-17 4.10684953e-18 2.43523095e-06 3.57179100e-16 5.64214181e-16 1.95110151e-34 5.40971704e-19 4.61614108e-16 7.12440412e-01 7.01732612e-01 4.96417515e-18 9.07519023e-19 1.40808814e-06 3.39725510e-07 3.39725510e-07 3.56292512e-03 3.56292512e-03 4.69850949e-19 1.22897752e-02 1.24773060e-02
1.99699700e-02 -2.06697975e+01 -2.06697975e+01 -2.50725137e-02 -6.80089663e-03 -6.80089424e-03 7.13254574e+01 7.13254574e+01 1.73372523e+02 3.07123865e+02 3.16640877e+02 7.65266877e-17 3.13181469e-17 2.45367967e-06 4.11052047e-15 3.75253948e-17 2.17483107e-34 5.04730365e-19 2.18974170e-16 7.12480657e-01 7.01691751e-01 3.55023376e-18 8.76738954e-19 1.40808814e-06 3.39725510e-07 3.39725510e-07 3.56292512e-03 3.56292512e-03 9.43158378e-19 1.22890596e-02 1.24780108e-02
2.01201201e-02 -2.06697975e+01 -2.06697975e+01 -2.50725144e-02 -6.80089442e-03 -6.80089432e-03 7.13254574e+01 7.13254574e+01 1.73372523e+02 3.07088635e+02 3.16677203e+02 1.17666717e-17 5.92320567e-17 2.47212839e-06 1.51303822e-16 6.57702831e-16 2.59779435e-34 1.24891333e-18 8.33905619e-17 7.12520899e-01 7.01650888e-01 7.74234345e-19 5.19341727e-19 1.40808814e-06 3.39725510e-07 3.39725510e-07 3.56292512e-03 3.56292512e-03 3.27241980e-18 1.22883440e-02 1.24787156e-02
2.02702703e-02 -2.06697975e+01 -2.06697975e+01 -2.50725141e-02 -6.80089438e-03 -6.80089431e-03 7.13254574e+01 7.13254574e+01 1.73372523e+02 3.07053409e+02 3.16713533e+02 1.09187237e-16 4.85818499e-18 2.49057711e-06 1.36261839e-15 3.86333060e-15 2.56008783e-34 1.20679435e-18 4.92785609e-17 7.12561138e-01 7.01610023e-01 1.40827782e-18 4.83616739e-19 1.40808814e-06 3.39725510e-07 3.39725510e-07 3.56292512e-03 3.56292512e-03 1.90146138e-18 1.22876283e-02 1.24794203e-02
2.04204204e-02 -2.06697975e+01 -2.06697975e+01 -2.50725141e-02 -6.80089435e-03 -6.80089431e-03 7.13254574e+01 7.13254574e+01 1.73372523e+02 3.07018187e+02 3.16749867e+02 3.92378484e-17 6.22692588e-18 2.50902583e-06 5.40201502e-16 4.25410525e-16 3.16668516e-34 1.95683676e-18 6.52707776e-17 7.12601376e-01 7.01569155e-01 7.11723523e-19 1.92079370e-19 1.40808814e-06 3.39725510e-07 3.39725510e-07 3.56292512e-03 3.56292512e-03 7.57966397e-20 1.22869125e-02 1.24801250e-02
2.05705706e-02 -2.06697975e+01 -2.06697975e+01 -2.50725138e-02 -6.80089438e-03 -6.80089434e-03 7.13254574e+01 7.13254574e+01 1.73372523e+02 3.06982969e+02 3.16786206e+02 9.88864058e-17 5.11099192e-17 2.52747455e-06 2.20686065e-15 3.52547173e-15 3.18462736e-34 1.90884014e-18 1.79426140e-16 7.12641610e-01 7.01528286e-01 9.91937997e-19 6.26148812e-19 1.40808814e-06 3.39725510e-07 3.39725510e-07 3.56292512e-03 3.56292512e-03 7.57966397e-20 1.22861968e-02 1.24808297e-02
2.07207207e-02 -2.06697975e+01 -2.06697975e+01 -2.50725141e-02 -6.80089438e-03 -6.80089432e-03 7.13254574e+01 7.13254574e+01 1.73372523e+02 3.06947755e+02 3.16822549e+02 7.02899463e-17 1.03013208e-17 2.54592327e-06 3.92261296e-15 1.47281572e-15 3.42658850e-34 2.25985623e-18 1.18603632e-16 7.12681842e-01 7.01487414e-01 3.94873293e-18 2.10160151e-18 1.40808814e-06 3.39725510e-07 3.39725510e-07 3.56292512e-03 3.56292512e-03 1.15533016e-18 1.22854810e-02 1.24815343e-02
2.08708709e-02 -2.06697975e+01 -2.06697975e+01 -2.50725141e-02 -6.80089428e-03 -6.80089286e-03 7.13254574e+01 7.13254574e+01 1.73372523e+02 3.06912545e+02 3.16858895e+02 1.31586493e-17 3.52675634e-17 2.56437199e-06 1.10834031e-17 7.21949013e-16 5.60360380e-34 3.01868792e-18 3.63400101e-17 7.12722072e-01 7.01446540e-01 1.84432485e-18 4.67926349e-18 1.40808814e-06 3.39725510e-07 3.39725510e-07 3.56292512e-03 3.56292512e-03 1.06085890e-19 1.22847651e-02 1.24822389e-02
2.10210210e-02 -2.06697975e+01 -2.06697975e+01 -2.50725142e-02 -6.80089442e-03 -6.80089433e-03 7.13254574e+01 7.13254574e+01 1.73372523e+02 3.06877340e+02 3.16895246e+02 4.98839679e-17 3.44122557e-17 2.58282071e-06 1.00016520e-15 4.13494869e-15 4.12132173e-34 2.96187484e-18 2.04076238e-18 7.12762299e-01 7.01405664e-01 2.40447994e-18 2.43110875e-18 1.40808814e-06 3.39725510e-07 3.39725510e-07 3.56292512e-03 3.56292512e-03 1.06085890e-19 1.22840492e-02 1.24829434e-02
2.11711712e-02 -2.06697975e+01 -2.06697975e+01 -2.50725142e-02 -6.80089442e-03 -6.80089433e-03 7.13254574e+01 7.13254574e+01 1.73372523e+02 3.06842138e+02 3.16931601e+02 3.26074990e-18 3.00430580e-17 2.60126943e-06 1.64859529e-16 6.90825829e-16 4.80175988e-34 3.72656611e-18 6.99639288e-17 7.12802524e-01 7.01364785e-01 2.40848626e-18 4.26494566e-19 1.40808814e-06 3.39725510e-07 3.39725510e-07 3.56292512e-03 3.56292512e-03 8.82506363e-19 1.22833333e-02 1.24836478e-02
2.13213213e-02 -2.06697975e+01 -2.06697975e+01 -2.50725144e-02 -6.80089439e-03 -6.80089428e-03 7.13254574e+01 7.13254574e+01 1.73372523e+02 3.06806940e+02 3.16967960e+02 9.99073097e-17 7.61191162e-17 2.61971815e-06 1.13441463e-28 6.66146034e-29 7.90026849e-46 2.14675823e-28 8.51239250e-17 7.12842746e-01 7.01323905e-01 7.06489687e-19 3.11838115e-18 1.40808814e-06 3.39725510e-07 3.39725510e-07 3.56292512e-03 3.56292512e-03 2.58694059e-18 1.22826174e-02 1.24843523e-02
2.14714715e-02 -2.06697975e+01 -2.06697975e+01 -2.50725141e-02 -6.80089442e-03 -6.80089431e-03 7.13254574e+01 7.13254574e+01 1.73372523e+02 3.06771747e+02 3.17004323e+02 8.05266556e-17 2.35612016e-17 2.63816686e-06 1.37892093e-16 7.09963735e-16 2.37875670e-34 8.74316971e-19 4.70552110e-16 7.12882966e-01 7.01283022e-01 1.73557660e-18 8.40416367e-19 1.40808814e-06 3.39725510e-07 3.39725510e-07 3.56292512e-03 3.56292512e-03 8.52217113e-19 1.22819014e-02 1.24850567e-02
2.16216216e-02 -2.06697975e+01 -2.06697975e+01 -2.50725140e-02 -6.80089433e-03 -6.80089389e-03 7.13254574e+01 7.13254574e+01 1.73372523e+02 3.06736558e+02 3.17040690e+02 4.17667611e-17 6.54691404e-18 2.65661558e-06 3.82389845e-17 7.58195387e-16 3.27590927e-34 1.22818049e-18 9.53969507e-17 7.12923183e-01 7.01242137e-01 4.67581140e-18 4.80630938e-19 1.40808814e-06 3.39725510e-07 3.39725510e-07 3.56292512e-03 3.56292512e-03 7.61275848e-19 1.22811853e-02 1.24857610e-02
2.17717718e-02 -2.06697975e+01 -2.06697975e+01 -2.50725139e-02 -6.80089438e-03 -6.80089430e-03 7.13254574e+01 7.13254574e+01 1.73372523e+02 3.06701373e+02 3.17077061e+02 1.00693657e-17 1.33318475e-16 2.67506430e-06 1.31721617e-15 4.19978513e-15 2.59369832e-34 1.15661301e-18 3.45325441e-18 7.12963398e-01 7.01201251e-01 7.66599257e-19 2.77561177e-18 1.40808814e-06 3.39725510e-07 3.39725510e-07 3.56292512e-03 3.56292512e-03 2.76882312e-18 1.22804693e-02 1.24864653e-02
2.19219219e-02 -2.06697975e+01 -2.06697975e+01 -2.50725142e-02 -6.80089659e-03 -6.80089429e-03 7.13254574e+01 7.13254574e+01 1.73372523e+02 3.06666192e+02 3.17113437e+02 8.44760021e-17 2.52546010e-17 2.69351302e-06 1.93440458e-15 1.83369041e-17 3.94878443e-34 1.72171261e-18 7.76251480e-17 7.13003610e-01 7.01160361e-01 5.45421073e-18 2.82134291e-19 1.40808814e-06 3.39725510e-07 3.39725510e-07 3.56292512e-03 3.56292512e-03 1.81052012e-18 1.22797531e-02 1.24871696e-02
2.20720721e-02 -2.06697975e+01 -2.06697975e+01 -2.50725143e-02 -6.80089651e-03 -6.80089443e-03 7.13254574e+01 7.13254574e+01 1.73372523e+02 3.06631015e+02 3.17149816e+02 9.54223448e-17 1.10049504e-17 2.71196174e-06 4.46642780e-15 4.66223159e-17 4.13510174e-34 1.85844686e-18 1.87972331e-16 7.13043819e-01 7.01119470e-01 2.66947813e-18 1.77125929e-18 1.40808814e-06 3.39725510e-07 3.39725510e-07 3.56292512e-03 3.56292512e-03 8.52217113e-19 1.22790370e-02 1.24878738e-02
2.22222222e-02 -2.06697975e+01 -2.06697975e+01 -2.50725141e-02 -6.80089438e-03 -6.80089433e-03 7.13254574e+01 7.13254574e+01 1.73372523e+02 3.06595842e+02 3.17186200e+02 3.16414534e-17 1.25870474e-17 2.73041046e-06 3.73488462e-16 6.47116789e-16 3.95241933e-34 2.64358564e-18 1.58409815e-17 7.13084027e-01 7.01078577e-01 1.47012340e-18 1.20721474e-18 1.40808814e-06 3.39725510e-07 3.39725510e-07 3.56292512e-03 3.56292512e-03 1.71957885e-18 1.22783208e-02 1.24885779e-02
2.23723724e-02 -2.06697975e+01 -2.06697975e+01 -2.50725141e-02 -6.80089439e-03 -6.80089428e-03 7.13254574e+01 7.13254574e+01 1.73372523e+02 3.06560673e+02 3.17222588e+02 2.26939053e-17 4.85041351e-17 2.74885918e-06 1.19044855e-28 6.99050032e-29 8.28971835e-46 2.25279643e-28 1.39480771e-16 7.13124231e-01 7.01037681e-01 1.06286910e-18 2.61963081e-18 1.40808814e-06 3.39725510e-07 3.39725510e-07 3.56292512e-03 3.56292512e-03 3.81806739e-18 1.22776046e-02 1.24892821e-02
2.25225225e-02 -2.06697975e+01 -2.06697975e+01 -2.50725141e-02 -6.80089433e-03 -6.80089241e-03 7.13254574e+01 7.13254574e+01 1.73372523e+02 3.06525508e+02 3.17258980e+02 1.28805581e-16 2.97899210e-17 2.76730790e-06 5.05251201e-17 4.45563295e-15 5.57052668e-34 2.91116098e-18 4.61313710e-17 7.13164433e-01 7.00996784e-01 1.01331707e-18 7.99620869e-19 1.40808814e-06 3.39725510e-07 3.39725510e-07 3.56292512e-03 3.56292512e-03 9.43158378e-19 1.22768883e-02 1.24899861e-02
2.26726727e-02 -2.06697975e+01 -2.06697975e+01 -2.50725142e-02 -6.80089437e-03 -6.80089412e-03 7.13254574e+01 7.13254574e+01 1.73372523e+02 3.06490348e+02 3.17295376e+02 5.99237652e-17 6.30978549e-17 2.78575662e-06 1.55916488e-16 1.82940234e-15 6.35114878e-34 3.48357212e-18 1.76168430e-16 7.13204633e-01 7.00955884e-01 7.48012185e-19 6.11360397e-19 1.40808814e-06 3.39725510e-07 3.39725510e-07 3.56292512e-03 3.56292512e-03 1.71957885e-18 1.22761720e-02 1.24906902e-02
2.28228228e-02 -2.06697975e+01 -2.06697975e+01 -2.50725140e-02 -6.80089435e-03 -6.80089431e-03 7.13254574e+01 7.13254574e+01 1.73372523e+02 3.06455191e+02 3.17331776e+02 1.12614595e-17 6.73071802e-18 2.80420534e-06 5.80719912e-16 4.97845106e-16 5.08525253e-34 4.05891281e-18 6.89575357e-17 7.13244830e-01 7.00914982e-01 1.86322853e-18 1.59467701e-18 1.40808814e-06 3.39725510e-07 3.39725510e-07 3.56292512e-03 3.56292512e-03 1.97027154e-19 1.22754557e-02 1.24913942e-02
2.29729730e-02 -2.06697975e+01 -2.06697975e+01 -2.50725141e-02 -6.80089438e-03 -6.80089431e-03 7.13254574e+01 7.13254574e+01 1.73372523e+02 3.06420039e+02 3.17368180e+02 1.38372720e-17 1.76534896e-17 2.82265406e-06 2.56441992e-16 7.30564655e-16 2.44674210e-34 8.52006006e-19 8.12701263e-17 7.13285025e-01 7.00874078e-01 5.96879707e-19 1.47366470e-18 1.40808814e-06 3.39725510e-07 3.39725510e-07 3.56292512e-03 3.56292512e-03 2.67788185e-18 1.22747393e-02 1.24920981e-02
2.31231231e-02 -2.06697975e+01 -2.06697975e+01 -2.50725143e-02 -6.80089436e-03 -6.80089431e-03 7.13254574e+01 7.13254574e+01 1.73372523e+02 3.06384891e+02 3.17404588e+02 1.19507862e-16 5.67221450e-17 2.84110278e-06 3.95379908e-15 2.49366498e-15 2.38565278e-34 7.53921231e-19 1.54927475e-16 7.13325217e-01 7.00833172e-01 8.59000334e-19 2.04241606e-18 1.40808814e-06 3.39725510e-07 3.39725510e-07 3.56292512e-03 3.56292512e-03 1.71957885e-18 1.22740229e-02 1.24928020e-02
2.32732733e-02 -2.06697975e+01 -2.06697975e+01 -2.50725139e-02 -6.80089435e-03 -6.80089431e-03 7.13254574e+01 7.13254574e+01 1.73372523e+02 3.06349747e+02 3.17441000e+02 5.92234727e-18 2.62110245e-17 2.85955150e-06 5.81506706e-16 5.22527154e-16 3.05403908e-34 1.55950238e-18 1.92522607e-16 7.13365407e-01 7.00792263e-01 1.03397157e-18 1.51714294e-18 1.40808814e-06 3.39725510e-07 3.39725510e-07 3.56292512e-03 3.56292512e-03 1.90146138e-18 1.22733065e-02 1.24935059e-02
2.34234234e-02 -2.06697975e+01 -2.06697975e+01 -2.50725140e-02 -6.80089442e-03 -6.80089435e-03 7.13254574e+01 7.13254574e+01 1.73372523e+02 3.06314607e+02 3.17477417e+02 2.48078535e-17 3.87497208e-17 2.87800022e-06 6.02684567e-16 1.87916929e-15 3.16110482e-34 1.68439046e-18 1.87336940e-16 7.13405594e-01 7.00751353e-01 2.54826709e-18 9.85492882e-19 1.40808814e-06 3.39725510e-07 3.39725510e-07 3.56292512e-03 3.56292512e-03 1.81052012e-18 1.22725900e-02 1.24942097e-02
2.35735736e-02 -2.06697975e+01 -2.06697975e+01 -2.50725138e-02 -6.80089439e-03 -6.80089428e-03 7.13254574e+01 7.13254574e+01 1.73372523e+02 3.06279471e+02 3.17513837e+02 2.84204011e-17 1.41923492e-17 2.89644893e-06 1.25450718e-28 7.36666259e-29 8.73480389e-46 2.37402052e-28 1.05544363e-16 7.13445779e-01 7.00710440e-01 1.65679605e-18 8.76057362e-19 1.40808814e-06 3.39725510e-07 3.39725510e-07 3.56292512e-03 3.56292512e-03 1.56798557e-18 1.22718735e-02 1.24949135e-02
2.37237237e-02 -2.06697975e+01 -2.06697975e+01 -2.50725145e-02 -6.80089435e-03 -6.80089431e-03 7.13254574e+01 7.13254574e+01 1.73372523e+02 3.06244339e+02 3.17550262e+02 1.05090038e-17 6.48395496e-17 2.91489765e-06 6.46068201e-16 4.66205347e-16 4.04602066e-34 2.62070761e-18 1.47694617e-16 7.13485961e-01 7.00669525e-01 2.06558346e-19 4.91516342e-18 1.40808814e-06 3.39725510e-07 3.39725510e-07 3.56292512e-03 3.56292512e-03 1.06438889e-18 1.22711569e-02 1.24956172e-02
2.38738739e-02 -2.06697975e+01 -2.06697975e+01 -2.50725140e-02 -6.80089436e-03 -6.80089431e-03 7.13254574e+01 7.13254574e+01 1.73372523e+02 3.06209211e+02 3.17586691e+02 1.52169959e-17 1.06888403e-16 2.93334637e-06 1.64893999e-15 1.15622256e-15 4.06816415e-34 2.74117832e-18 4.74468915e-17 7.13526140e-01 7.00628609e-01 1.63451391e-18 2.75749228e-18 1.40808814e-06 3.39725510e-07 3.39725510e-07 3.56292512e-03 3.56292512e-03 8.52217113e-19 1.22704403e-02 1.24963209e-02
2.40240240e-02 -2.06697975e+01 -2.06697975e+01 -2.50725138e-02 -6.80089439e-03 -6.80089428e-03 7.13254574e+01 7.13254574e+01 1.73372523e+02 3.06174087e+02 3.17623123e+02 5.70906501e-18 3.27163630e-19 2.95179509e-06 1.27853484e-28 7.50775679e-29 8.90171097e-46 2.41949030e-28 2.91242223e-17 7.13566317e-01 7.00587690e-01 5.05039961e-19 2.57040211e-18 1.40808814e-06 3.39725510e-07 3.39725510e-07 3.56292512e-03 3.56292512e-03 3.36336106e-18 1.22697237e-02 1.24970245e-02
2.41741742e-02 -2.06697975e+01 -2.06697975e+01 -2.50725143e-02 -6.80089428e-03 -6.80089392e-03 7.13254574e+01 7.13254574e+01 1.73372523e+02 3.06138968e+02 3.17659560e+02 6.12972594e-17 5.71432696e-17 2.97024381e-06 2.95932892e-16 4.92292833e-15 6.09107059e-34 3.20948905e-18 1.34768521e-17 7.13606492e-01 7.00546768e-01 4.34329301e-18 2.96599632e-18 1.40808814e-06 3.39725510e-07 3.39725510e-07 3.56292512e-03 3.56292512e-03 7.61275848e-19 1.22690070e-02 1.24977281e-02
2.43243243e-02 -2.06697975e+01 -2.06697975e+01 -2.50725139e-02 -6.80089438e-03 -6.80089433e-03 7.13254574e+01 7.13254574e+01 1.73372523e+02 3.06103853e+02 3.17696001e+02 1.35372089e-17 6.17128798e-17 2.98869253e-06 1.02731160e-15 1.77439336e-15 4.97512792e-34 3.79791917e-18 6.86446551e-17 7.13646664e-01 7.00505845e-01 1.39578197e-18 9.10930582e-19 1.40808814e-06 3.39725510e-07 3.39725510e-07 3.56292512e-03 3.56292512e-03 9.43158378e-19 1.22682903e-02 1.24984317e-02
2.44744745e-02 -2.06697975e+01 -2.06697975e+01 -2.50725142e-02 -6.80089438e-03 -6.80089430e-03 7.13254574e+01 7.13254574e+01 1.73372523e+02 3.06068741e+02 3.17732447e+02 4.95185325e-17 7.37470498e-18 3.00714125e-06 2.47799313e-16 7.84389026e-16 4.09221784e-34 2.60858592e-18 2.03678832e-16 7.13686834e-01 7.00464920e-01 3.65143819e-18 1.61853481e-18 1.40808814e-06 3.39725510e-07 3.39725510e-07 3.56292512e-03 3.56292512e-03 7.57966397e-20 1.22675735e-02 1.24991352e-02
2.46246246e-02 -2.06697975e+01 -2.06697975e+01 -2.50725141e-02 -6.80089439e-03 -6.80089434e-03 7.13254574e+01 7.13254574e+01 1.73372523e+02 3.06033634e+02 3.17768896e+02 2.29361156e-16 8.23160587e-17 3.02558997e-06 3.19398744e-15 3.76764927e-15 2.78431892e-34 7.00343423e-19 1.44904765e-16 7.13727001e-01 7.00423992e-01 1.52793662e-18 2.62493212e-18 1.40808814e-06 3.39725510e-07 3.39725510e-07 3.56292512e-03 3.56292512e-03 9.43158378e-19 1.22668568e-02 1.24998386e-02
2.47747748e-02 -2.06697975e+01 -2.06697975e+01 -2.50725140e-02 -6.80089434e-03 -6.80089429e-03 7.13254574e+01 7.13254574e+01 1.73372523e+02 3.05998531e+02 3.17805349e+02 3.03605884e-17 1.68661926e-17 3.04403869e-06 4.75216437e-16 6.84095069e-16 3.14737684e-34 1.53514848e-18 1.37562319e-16 7.13767165e-01 7.00383062e-01 1.08710927e-18 2.39268823e-19 1.40808814e-06 3.39725510e-07 3.39725510e-07 3.56292512e-03 3.56292512e-03 2.76882312e-18 1.22661399e-02 1.25005421e-02
2.49249249e-02 -2.06697975e+01 -2.06697975e+01 -2.50725142e-02 -6.80089433e-03 -6.80089289e-03 7.13254574e+01 7.13254574e+01 1.73372523e+02 3.05963432e+02 3.17841807e+02 3.37004740e-18 2.99324577e-17 3.06248741e-06 1.11221442e-17 7.32565362e-16 4.40479358e-34 1.88876770e-18 1.57348368e-16 7.13807327e-01 7.00342131e-01 1.48046003e-18 1.11356211e-18 1.40808814e-06 3.39725510e-07 3.39725510e-07 3.56292512e-03 3.56292512e-03 6.70334584e-19 1.22654231e-02 1.25012454e-02
2.50750751e-02 -2.06697975e+01 -2.06697975e+01 -2.50725143e-02 -6.80089429e-03 -6.80089242e-03 7.13254574e+01 7.13254574e+01 1.73372523e+02 3.05928337e+02 3.17878268e+02 1.53349697e-16 8.61639729e-18 3.08093613e-06 2.44466658e-17 2.09822755e-15 4.55271685e-34 1.99738940e-18 1.01516816e-16 7.13847486e-01 7.00301197e-01 1.82154151e-18 1.08265788e-19 1.40808814e-06 3.39725510e-07 3.39725510e-07 3.56292512e-03 3.56292512e-03 1.51446250e-20 1.22647062e-02 1.25019488e-02
2.52252252e-02 -2.06697975e+01 -2.06697975e+01 -2.50725142e-02 -6.80089526e-03 -6.80089437e-03 7.13254574e+01 7.13254574e+01 1.73372523e+02 3.05893246e+02 3.17914734e+02 4.66435070e-18 3.54625203e-17 3.09938485e-06 5.29139417e-15 1.29950478e-16 4.69662657e-34 2.10307099e-18 8.75832109e-17 7.13887643e-01 7.00260261e-01 1.18544592e-18 4.27471840e-18 1.40808814e-06 3.39725510e-07 3.39725510e-07 3.56292512e-03 3.56292512e-03 8.52217113e-19 1.22639892e-02 1.25026521e-02
2.53753754e-02 -2.06697975e+01 -2.06697975e+01 -2.50725143e-02 -6.80089434e-03 -6.80089429e-03 7.13254574e+01 7.13254574e+01 1.73372523e+02 3.05858160e+02 3.17951204e+02 1.02378926e-17 3.30829440e-17 3.11783357e-06 4.33994671e-16 7.33881660e-16 4.36130354e-34 2.94959180e-18 3.03929907e-16 7.13927798e-01 7.00219322e-01 1.19824306e-18 6.89757294e-19 1.40808814e-06 3.39725510e-07 3.39725510e-07 3.56292512e-03 3.56292512e-03 1.71957885e-18 1.22632723e-02 1.25033553e-02
2.55255255e-02 -2.06697975e+01 -2.06697975e+01 -2.50725138e-02 -6.80089438e-03 -6.80089430e-03 7.13254574e+01 7.13254574e+01 1.73372523e+02 3.05823077e+02 3.17987678e+02 7.58604109e-17 1.16001063e-17 3.13628229e-06 2.61138073e-16 8.14470191e-16 4.66475776e-34 3.30318868e-18 9.43465078e-17 7.13967950e-01 7.00178382e-01 4.26240626e-18 2.56611394e-18 1.40808814e-06 3.39725510e-07 3.39725510e-07 3.56292512e-03 3.56292512e-03 1.99240265e-18 1.22625553e-02 1.25040585e-02
2.56756757e-02 -2.06697975e+01 -2.06697975e+01 -2.50725142e-02 -6.80089475e-03 -6.80089432e-03 7.13254574e+01 7.13254574e+01 1.73372523e+02 3.05787998e+02 3.18024156e+02 6.40481451e-17 2.18584177e-17 3.15473101e-06 2.20974352e-15 1.13407459e-16 6.47278233e-34 3.40591899e-18 2.03224702e-16 7.14008099e-01 7.00137440e-01 5.83265218e-18 1.03228866e-18 1.40808814e-06 3.39725510e-07 3.39725510e-07 3.56292512e-03 3.56292512e-03 1.62863759e-18 1.22618382e-02 1.25047617e-02
2.58258258e-02 -2.06697975e+01 -2.06697975e+01 -2.50725141e-02 -6.80089434e-03 -6.80089429e-03 7.13254574e+01 7.13254574e+01 1.73372523e+02 3.05752924e+02 3.18060638e+02 1.24461578e-17 4.77689240e-18 3.17317972e-06 4.20294674e-16 7.56601265e-16 5.39534260e-34 4.01036577e-18 1.03795054e-16 7.14048246e-01 7.00096495e-01 1.67664981e-18 2.65197140e-18 1.40808814e-06 3.39725510e-07 3.39725510e-07 3.56292512e-03 3.56292512e-03 8.82506363e-19 1.22611211e-02 1.25054648e-02
2.59759760e-02 -2.06697975e+01 -2.06697975e+01 -2.50725143e-02 -6.80089438e-03 -6.80089430e-03 7.13254574e+01 7.13254574e+01 1.73372523e+02 3.05717854e+02 3.18097124e+02 1.50008874e-17 5.53032378e-17 3.19162844e-06 2.52060601e-16 8.29175803e-16 5.70963838e-34 4.36394598e-18 2.56730364e-18 7.14088390e-01 7.00055549e-01 4.28154092e-18 1.40274981e-18 1.40808814e-06 3.39725510e-07 3.39725510e-07 3.56292512e-03 3.56292512e-03 2.67788185e-18 1.22604040e-02 1.25061678e-02
2.61261261e-02 -2.06697975e+01 -2.06697975e+01 -2.50725139e-02 -6.80089433e-03 -6.80089399e-03 7.13254574e+01 7.13254574e+01 1.73372523e+02 3.05682788e+02 3.18133614e+02 1.57650809e-16 5.30744104e-17 3.21007716e-06 3.36223333e-16 5.12758435e-15 2.82289089e-34 6.44836616e-19 2.41644773e-17 7.14128532e-01 7.00014600e-01 3.42158380e-18 6.80192351e-19 1.40808814e-06 3.39725510e-07 3.39725510e-07 3.56292512e-03 3.56292512e-03 2.67788185e-18 1.22596869e-02 1.25068709e-02
2.62762763e-02 -2.06697975e+01 -2.06697975e+01 -2.50725148e-02 -6.80089439e-03 -6.80089428e-03 7.13254574e+01 7.13254574e+01 1.73372523e+02 3.05647725e+02 3.18170109e+02 1.16275841e-16 1.59611518e-16 3.22852588e-06 1.39872220e-28 8.21351582e-29 9.73624638e-46 2.64693202e-28 9.62039437e-17 7.14168671e-01 6.99973649e-01 1.71858381e-18 7.20569628e-19 1.40808814e-06 3.39725510e-07 3.39725510e-07 3.56292512e-03 3.56292512e-03 1.06438889e-18 1.22589697e-02 1.25075738e-02
2.64264264e-02 -2.06697975e+01 -2.06697975e+01 -2.50725141e-02 -6.80089439e-03 -6.80089428e-03 7.13254574e+01 7.13254574e+01 1.73372523e+02 3.05612667e+02 3.18206607e+02 3.40304384e-17 3.38814734e-18 3.24697460e-06 1.40673772e-28 8.26058415e-29 9.79188207e-46 2.66210051e-28 7.32974518e-17 7.14208808e-01 6.99932696e-01 5.55108320e-19 2.46304010e-18 1.40808814e-06 3.39725510e-07 3.39725510e-07 3.56292512e-03 3.56292512e-03 4.41260533e-18 1.22582525e-02 1.25082768e-02
2.65765766e-02 -2.06697975e+01 -2.06697975e+01 -2.50725141e-02 -6.80089443e-03 -6.80088929e-03 7.13254574e+01 7.13254574e+01 1.73372523e+02 3.05577614e+02 3.18243110e+02 6.23119159e-17 9.05882861e-17 3.26542332e-06 8.66537540e-18 2.04553265e-15 4.61054328e-34 1.95616883e-18 2.62002490e-17 7.14248942e-01 6.99891741e-01 1.22540642e-18 3.95358460e-18 1.40808814e-06 3.39725510e-07 3.39725510e-07 3.56292512e-03 3.56292512e-03 1.06085890e-19 1.22575352e-02 1.25089797e-02
2.67267267e-02 -2.06697975e+01 -2.06697975e+01 -2.50725138e-02 -6.80089434e-03 -6.80089429e-03 7.13254574e+01 7.13254574e+01 1.73372523e+02 3.05542564e+02 3.18279616e+02 4.21582761e-17 3.77079222e-17 3.28387204e-06 4.84645618e-16 7.55455835e-16 4.14909705e-34 2.56931219e-18 9.28170887e-17 7.14289074e-01 6.99850784e-01 6.59579347e-19 6.67375689e-19 1.40808814e-06 3.39725510e-07 3.39725510e-07 3.56292512e-03 3.56292512e-03 1.84080937e-18 1.22568179e-02 1.25096825e-02
2.68768769e-02 -2.06697975e+01 -2.06697975e+01 -2.50725140e-02 -6.80089439e-03 -6.80089428e-03 7.13254574e+01 7.13254574e+01 1.73372523e+02 3.05507518e+02 3.18316127e+02 6.07430158e-17 6.12583643e-18 3.30232076e-06 1.43078659e-28 8.40180293e-29 9.95878915e-46 2.70761044e-28 4.69168854e-17 7.14329203e-01 6.99809824e-01 6.03635927e-19 4.18832034e-18 1.40808814e-06 3.39725510e-07 3.39725510e-07 3.56292512e-03 3.56292512e-03 2.58694059e-18 1.22561005e-02 1.25103853e-02
2.70270270e-02 -2.06697975e+01 -2.06697975e+01 -2.50725137e-02 -6.80089435e-03 -6.80089430e-03 7.13254574e+01 7.13254574e+01 1.73372523e+02 3.05472477e+02 3.18352642e+02 2.41703203e-17 7.13815493e-17 3.32076948e-06 6.18640502e-16 6.62537888e-16 4.75573178e-34 3.27625147e-18 1.98000258e-17 7.14369329e-01 6.99768863e-01 3.07189629e-19 1.69124027e-18 1.40808814e-06 3.39725510e-07 3.39725510e-07 3.56292512e-03 3.56292512e-03 1.81052012e-18 1.22553832e-02 1.25110880e-02
2.71771772e-02 -2.06697975e+01 -2.06697975e+01 -2.50725141e-02 -6.80089439e-03 -6.80089435e-03 7.13254574e+01 7.13254574e+01 1.73372523e+02 3.05437439e+02 3.18389161e+02 2.69416543e-17 4.74390819e-17 3.33921820e-06 6.02260259e-16 6.81120340e-16 5.17075621e-34 3.62971223e-18 1.04607454e-16 7.14409453e-01 6.99727899e-01 1.15298769e-18 1.31330700e-18 1.40808814e-06 3.39725510e-07 3.39725510e-07 3.56292512e-03 3.56292512e-03 8.52217113e-19 1.22546658e-02 1.25117908e-02
2.73273273e-02 -2.06697975e+01 -2.06697975e+01 -2.50725137e-02 -6.80089438e-03 -6.80089432e-03 7.13254574e+01 7.13254574e+01 1.73372523e+02 3.05402406e+02 3.18425684e+02 3.69597447e-17 1.53577202e-16 3.35766692e-06 8.37571381e-16 2.14495851e-15 5.13304820e-34 3.71616562e-18 2.62725217e-16 7.14449575e-01 6.99686934e-01 7.00386667e-19 1.16611867e-18 1.40808814e-06 3.39725510e-07 3.39725510e-07 3.56292512e-03 3.56292512e-03 7.91565098e-19 1.22539483e-02 1.25124934e-02
2.74774775e-02 -2.06697975e+01 -2.06697975e+01 -2.50725141e-02 -6.80089438e-03 -6.80089429e-03 7.13254574e+01 7.13254574e+01 1.73372523e+02 3.05367376e+02 3.18462211e+02 1.22049061e-17 7.83374352e-18 3.37611564e-06 2.28969190e-16 8.93872653e-16 5.66559893e-34 4.33661602e-18 1.91843399e-16 7.14489694e-01 6.99645966e-01 1.84784048e-18 2.69557535e-18 1.40808814e-06 3.39725510e-07 3.39725510e-07 3.56292512e-03 3.56292512e-03 2.08334391e-18 1.22532308e-02 1.25131960e-02
2.76276276e-02 -2.06697975e+01 -2.06697975e+01 -2.50725140e-02 -6.80089438e-03 -6.80089433e-03 7.13254574e+01 7.13254574e+01 1.73372523e+02 3.05332351e+02 3.18498743e+02 4.14505468e-17 3.43587404e-17 3.39456436e-06 2.48016138e-15 4.99805990e-15 4.03373907e-34 2.36873444e-18 2.35786491e-17 7.14529810e-01 6.99604996e-01 4.51753461e-18 7.02371302e-19 1.40808814e-06 3.39725510e-07 3.39725510e-07 3.56292512e-03 3.56292512e-03 8.82506363e-19 1.22525133e-02 1.25138986e-02
2.77777778e-02 -2.06697975e+01 -2.06697975e+01 -2.50725143e-02 -6.80089435e-03 -6.80089431e-03 7.13254574e+01 7.13254574e+01 1.73372523e+02 3.05297330e+02 3.18535278e+02 4.45852876e-18 5.14840135e-17 3.41301308e-06 1.81163291e-15 1.48215825e-15 3.09594114e-34 1.20911113e-18 1.24738853e-16 7.14569924e-01 6.99564024e-01 2.75828696e-18 3.64404440e-19 1.40808814e-06 3.39725510e-07 3.39725510e-07 3.56292512e-03 3.56292512e-03 1.62863759e-18 1.22517957e-02 1.25146012e-02
2.79279279e-02 -2.06697975e+01 -2.06697975e+01 -2.50725143e-02 -6.80089428e-03 -6.80089293e-03 7.13254574e+01 7.13254574e+01 1.73372523e+02 3.05262313e+02 3.18571818e+02 8.64131386e-18 1.69530262e-17 3.43146180e-06 1.33277724e-17 8.29090566e-16 4.55805729e-34 1.83386855e-18 1.16988285e-17 7.14610035e-01 6.99523050e-01 8.93283610e-19 2.90229698e-18 1.40808814e-06 3.39725510e-07 3.39725510e-07 3.56292512e-03 3.56292512e-03 9.43158378e-19 1.22510781e-02 1.25153036e-02
2.80780781e-02 -2.06697975e+01 -2.06697975e+01 -2.50725142e-02 -6.80089438e-03 -6.80089432e-03 7.13254574e+01 7.13254574e+01 1.73372523e+02 3.05227300e+02 3.18608361e+02 3.86839319e-17 1.20807392e-17 3.44991051e-06 3.94449566e-16 8.59010601e-16 4.00261999e-34 2.18721616e-18 2.81533651e-16 7.14650144e-01 6.99482074e-01 2.10609872e-18 4.03024920e-19 1.40808814e-06 3.39725510e-07 3.39725510e-07 3.56292512e-03 3.56292512e-03 1.97027154e-19 1.22503605e-02 1.25160061e-02
2.82282282e-02 -2.06697975e+01 -2.06697975e+01 -2.50725145e-02 -6.80089439e-03 -6.80089428e-03 7.13254574e+01 7.13254574e+01 1.73372523e+02 3.05192292e+02 3.18644909e+02 7.31728678e-18 1.14291688e-17 3.46835923e-06 1.50295489e-28 8.82558645e-29 1.04595104e-45 2.84418121e-28 5.88088930e-18 7.14690250e-01 6.99441096e-01 2.40486574e-18 3.80077727e-19 1.40808814e-06 3.39725510e-07 3.39725510e-07 3.56292512e-03 3.56292512e-03 1.84080937e-18 1.22496428e-02 1.25167085e-02
2.83783784e-02 -2.06697975e+01 -2.06697975e+01 -2.50725140e-02 -6.80089503e-03 -6.80089428e-03 7.13254574e+01 7.13254574e+01 1.73372523e+02 3.05157287e+02 3.18681461e+02 6.01648076e-17 2.84278466e-17 3.48680795e-06 5.74728133e-15 1.65706525e-16 5.24660150e-34 2.33934664e-18 1.37674471e-17 7.14730354e-01 6.99400115e-01 2.03541183e-18 1.21723167e-18 1.40808814e-06 3.39725510e-07 3.39725510e-07 3.56292512e-03 3.56292512e-03 9.43158378e-19 1.22489251e-02 1.25174108e-02
2.85285285e-02 -2.06697975e+01 -2.06697975e+01 -2.50725143e-02 -6.80089440e-03 -6.80089435e-03 7.13254574e+01 7.13254574e+01 1.73372523e+02 3.05122286e+02 3.18718017e+02 2.69349899e-17 1.76952609e-17 3.50525667e-06 4.57052859e-15 3.52358037e-15 4.36624906e-34 2.68974066e-18 1.65489306e-16 7.14770455e-01 6.99359133e-01 8.57513191e-19 1.90409756e-18 1.40808814e-06 3.39725510e-07 3.39725510e-07 3.56292512e-03 3.56292512e-03 7.61275848e-19 1.22482074e-02 1.25181132e-02
2.86786787e-02 -2.06697975e+01 -2.06697975e+01 -2.50725138e-02 -6.80089436e-03 -6.80089431e-03 7.13254574e+01 7.13254574e+01 1.73372523e+02 3.05087290e+02 3.18754577e+02 7.71936588e-17 1.43457068e-16 3.52370539e-06 2.02740596e-15 1.31867978e-15 4.90747615e-34 3.32033611e-18 5.39121379e-17 7.14810554e-01 6.99318148e-01 3.84839883e-19 1.17415029e-18 1.40808814e-06 3.39725510e-07 3.39725510e-07 3.56292512e-03 3.56292512e-03 1.81052012e-18 1.22474896e-02 1.25188154e-02
2.88288288e-02 -2.06697975e+01 -2.06697975e+01 -2.50725143e-02 -6.80089433e-03 -6.80089427e-03 7.13254574e+01 7.13254574e+01 1.73372523e+02 3.05052298e+02 3.18791141e+02 1.79453850e-17 1.55503736e-17 3.54215411e-06 9.00625423e-16 3.49852343e-16 5.57258476e-34 3.95386007e-18 1.99905253e-16 7.14850650e-01 6.99277162e-01 7.57275289e-19 2.90690390e-19 1.40808814e-06 3.39725510e-07 3.39725510e-07 3.56292512e-03 3.56292512e-03 1.51446250e-20 1.22467718e-02 1.25195176e-02
2.89789790e-02 -2.06697975e+01 -2.06697975e+01 -2.50725141e-02 -6.80089437e-03 -6.80089407e-03 7.13254574e+01 7.13254574e+01 1.73372523e+02 3.05017309e+02 3.18827709e+02 7.97892204e-17 7.08265984e-19 3.56060283e-06 1.66092320e-16 2.30982666e-15 7.54260423e-34 4.02402755e-18 4.44594508e-17 7.14890743e-01 6.99236173e-01 1.66622902e-18 4.19825236e-19 1.40808814e-06 3.39725510e-07 3.39725510e-07 3.56292512e-03 3.56292512e-03 9.43158378e-19 1.22460539e-02 1.25202198e-02
2.91291291e-02 -2.06697975e+01 -2.06697975e+01 -2.50725138e-02 -6.80089438e-03 -6.80089434e-03 7.13254574e+01 7.13254574e+01 1.73372523e+02 3.04982325e+02 3.18864281e+02 3.10242950e-18 1.93697496e-17 3.57905155e-06 5.21003124e-16 8.25030856e-16 6.05744937e-34 4.66047379e-18 3.39289523e-16 7.14930834e-01 6.99195182e-01 1.23805463e-18 4.62247883e-18 1.40808814e-06 3.39725510e-07 3.39725510e-07 3.56292512e-03 3.56292512e-03 1.81052012e-18 1.22453360e-02 1.25209219e-02
2.92792793e-02 -2.06697975e+01 -2.06697975e+01 -2.50725140e-02 -6.80089438e-03 -6.80089430e-03 7.13254574e+01 7.13254574e+01 1.73372523e+02 3.04947345e+02 3.18900858e+02 1.15513806e-17 7.28301155e-17 3.59750027e-06 7.34507963e-16 2.35507731e-15 3.17143740e-34 1.16392004e-18 1.27195010e-17 7.14970922e-01 6.99154189e-01 2.18101098e-18 3.94075528e-18 1.40808814e-06 3.39725510e-07 3.39725510e-07 3.56292512e-03 3.56292512e-03 7.57966397e-20 1.22446181e-02 1.25216240e-02
2.94294294e-02 -2.06697975e+01 -2.06697975e+01 -2.50725142e-02 -6.80089437e-03 -6.80089431e-03 7.13254574e+01 7.13254574e+01 1.73372523e+02 3.04912369e+02 3.18937438e+02 9.07294732e-18 7.81113937e-18 3.61594899e-06 8.75420489e-16 4.62328873e-16 3.72011281e-34 1.80320706e-18 2.51045738e-16 7.15011008e-01 6.99113194e-01 4.57223376e-19 2.29220969e-18 1.40808814e-06 3.39725510e-07 3.39725510e-07 3.56292512e-03 3.56292512e-03 1.71957885e-18 1.22439001e-02 1.25223261e-02
2.95795796e-02 -2.06697975e+01 -2.06697975e+01 -2.50725143e-02 -6.80089435e-03 -6.80089431e-03 7.13254574e+01 7.13254574e+01 1.73372523e+02 3.04877397e+02 3.18974023e+02 2.31289281e-17 8.83001403e-18 3.63439771e-06 7.47117075e-16 6.61580668e-16 4.02315523e-34 2.15641014e-18 9.93108629e-17 7.15051091e-01 6.99072197e-01 1.93396549e-18 5.94894984e-19 1.40808814e-06 3.39725510e-07 3.39725510e-07 3.56292512e-03 3.56292512e-03 1.66737904e-19 1.22431821e-02 1.25230281e-02
2.97297297e-02 -2.06697975e+01 -2.06697975e+01 -2.50725140e-02 -6.80089442e-03 -6.80089434e-03 7.13254574e+01 7.13254574e+01 1.73372523e+02 3.04842430e+02 3.19010612e+02 7.02523708e-18 8.20965840e-17 3.65284643e-06 7.04594358e-16 2.40736422e-15 4.07679298e-34 2.21912705e-18 1.34391905e-16 7.15091172e-01 6.99031198e-01 1.48163582e-18 3.49626115e-18 1.40808814e-06 3.39725510e-07 3.39725510e-07 3.56292512e-03 3.56292512e-03 3.54524359e-18 1.22424641e-02 1.25237300e-02
2.98798799e-02 -2.06697975e+01 -2.06697975e+01 -2.50725144e-02 -6.80089438e-03 -6.80089433e-03 7.13254574e+01 7.13254574e+01 1.73372523e+02 3.04807466e+02 3.19047205e+02 1.48302467e-17 5.23862471e-17 3.67129515e-06 5.00032945e-16 8.72648524e-16 4.62920405e-34 2.86279638e-18 3.06271957e-16 7.15131250e-01 6.98990197e-01 3.78085417e-19 1.52844525e-18 1.40808814e-06 3.39725510e-07 3.39725510e-07 3.56292512e-03 3.56292512e-03 8.52217113e-19 1.22417460e-02 1.25244319e-02
3.00300300e-02 -2.06697975e+01 -2.06697975e+01 -2.50725141e-02 -6.80089438e-03 -6.80089432e-03 7.13254574e+01 7.13254574e+01 1.73372523e+02 3.04772507e+02 3.19083802e+02 7.09275815e-18 3.63840271e-17 3.68974387e-06 4.25852819e-16 9.12199718e-16 4.93221045e-34 3.21597956e-18 1.07779481e-17 7.15171326e-01 6.98949193e-01 3.05759602e-18 1.30057900e-18 1.40808814e-06 3.39725510e-07 3.39725510e-07 3.56292512e-03 3.56292512e-03 2.76882312e-18 1.22410279e-02 1.25251338e-02
3.01801802e-02 -2.06697975e+01 -2.06697975e+01 -2.50725143e-02 -6.80089577e-03 -6.80089433e-03 7.13254574e+01 7.13254574e+01 1.73372523e+02 3.04737551e+02 3.19120403e+02 1.38828561e-17 2.75062342e-18 3.70819259e-06 2.55627918e-15 3.85996744e-17 6.63468733e-34 3.27427429e-18 4.71887677e-18 7.15211399e-01 6.98908188e-01 1.88356067e-18 2.49451083e-19 1.40808814e-06 3.39725510e-07 3.39725510e-07 3.56292512e-03 3.56292512e-03 1.97027154e-19 1.22403098e-02 1.25258356e-02
3.03303303e-02 -2.06697975e+01 -2.06697975e+01 -2.50725140e-02 -6.80089599e-03 -6.80089438e-03 7.13254574e+01 7.13254574e+01 1.73372523e+02 3.04702600e+02 3.19157008e+02 1.12166338e-16 4.01187027e-18 3.72664130e-06 5.99562915e-15 8.10547293e-17 6.70990003e-34 3.32962752e-18 1.73827175e-16 7.15251469e-01 6.98867181e-01 4.19261140e-18 7.12861474e-19 1.40808814e-06 3.39725510e-07 3.39725510e-07 3.56292512e-03 3.56292512e-03 1.51446250e-20 1.22395916e-02 1.25265374e-02
3.04804805e-02 -2.06697975e+01 -2.06697975e+01 -2.50725140e-02 -6.80089435e-03 -6.80089431e-03 7.13254574e+01 7.13254574e+01 1.73372523e+02 3.04667653e+02 3.19193617e+02 4.32019304e-17 8.47762792e-18 3.74509002e-06 1.95093149e-15 1.67099562e-15 5.58547921e-34 3.97767267e-18 9.00590025e-17 7.15291537e-01 6.98826171e-01 5.26718731e-19 1.94160512e-18 1.40808814e-06 3.39725510e-07 3.39725510e-07 3.56292512e-03 3.56292512e-03 1.03409964e-18 1.22388734e-02 1.25272391e-02
3.06306306e-02 -2.06697975e+01 -2.06697975e+01 -2.50725142e-02 -6.80089438e-03 -6.80089431e-03 7.13254574e+01 7.13254574e+01 1.73372523e+02 3.04632709e+02 3.19230230e+02 3.08919012e-19 1.72401328e-19 3.76353874e-06 3.29197696e-16 9.72631735e-16 6.28579843e-34 4.62864611e-18 2.60449025e-17 7.15331602e-01 6.98785159e-01 3.50693454e-19 1.74252102e-18 1.40808814e-06 3.39725510e-07 3.39725510e-07 3.56292512e-03 3.56292512e-03 9.43158378e-19 1.22381551e-02 1.25279408e-02
3.07807808e-02 -2.06697975e+01 -2.06697975e+01 -2.50725144e-02 -6.80089438e-03 -6.80089432e-03 7.13254574e+01 7.13254574e+01 1.73372523e+02 3.04597770e+02 3.19266848e+02 2.37963750e-17 2.41750957e-17 3.78198746e-06 4.38781045e-16 9.29063898e-16 4.97511703e-34 3.19949224e-18 4.13709054e-17 7.15371665e-01 6.98744146e-01 6.17572130e-19 6.67247529e-18 1.40808814e-06 3.39725510e-07 3.39725510e-07 3.56292512e-03 3.56292512e-03 8.82506363e-19 1.22374368e-02 1.25286424e-02
3.09309309e-02 -2.06697975e+01 -2.06697975e+01 -2.50725144e-02 -6.80089438e-03 -6.80089431e-03 7.13254574e+01 7.13254574e+01 1.73372523e+02 3.04562835e+02 3.19303469e+02 2.26751699e-17 5.91868680e-18 3.80043618e-06 2.26609091e-15 5.82814154e-15 3.32283191e-34 1.16580793e-18 1.53031611e-16 7.15411725e-01 6.98703130e-01 2.50928080e-18 7.65284228e-19 1.40808814e-06 3.39725510e-07 3.39725510e-07 3.56292512e-03 3.56292512e-03 6.70334584e-19 1.22367185e-02 1.25293440e-02
3.10810811e-02 -2.06697975e+01 -2.06697975e+01 -2.50725141e-02 -6.80089639e-03 -6.80089443e-03 7.13254574e+01 7.13254574e+01 1.73372523e+02 3.04527905e+02 3.19340095e+02 8.51297116e-18 1.21649543e-17 3.81888490e-06 2.60197425e-15 2.88850403e-17 4.76655460e-34 1.81961037e-18 1.58305944e-16 7.15451783e-01 6.98662112e-01 1.35965543e-18 9.11723098e-19 1.40808814e-06 3.39725510e-07 3.39725510e-07 3.56292512e-03 3.56292512e-03 1.81052012e-18 1.22360001e-02 1.25300456e-02
3.12312312e-02 -2.06697975e+01 -2.06697975e+01 -2.50725138e-02 -6.80089670e-03 -6.80089434e-03 7.13254574e+01 7.13254574e+01 1.73372523e+02 3.04492978e+02 3.19376725e+02 4.01194025e-17 4.41093846e-17 3.83733362e-06 1.04292006e-15 9.63474089e-18 5.66155123e-34 2.47634076e-18 1.40753835e-16 7.15491838e-01 6.98621092e-01 1.87028655e-18 3.50428755e-18 1.40808814e-06 3.39725510e-07 3.39725510e-07 3.56292512e-03 3.56292512e-03 8.52217113e-19 1.22352817e-02 1.25307471e-02
3.13813814e-02 -2.06697975e+01 -2.06697975e+01 -2.50725143e-02 -6.80089442e-03 -6.80089430e-03 7.13254574e+01 7.13254574e+01 1.73372523e+02 3.04458055e+02 3.19413359e+02 1.49062303e-17 4.73051715e-17 3.85578234e-06 1.84687466e-16 1.03925767e-15 4.71466952e-34 2.82937762e-18 2.39634133e-16 7.15531890e-01 6.98580070e-01 1.09223746e-18 1.01210250e-18 1.40808814e-06 3.39725510e-07 3.39725510e-07 3.56292512e-03 3.56292512e-03 1.06085890e-19 1.22345633e-02 1.25314485e-02
3.15315315e-02 -2.06697975e+01 -2.06697975e+01 -2.50725143e-02 -6.80089438e-03 -6.80089432e-03 7.13254574e+01 7.13254574e+01 1.73372523e+02 3.04423137e+02 3.19449997e+02 8.86886911e-18 2.64857393e-17 3.87423106e-06 3.99914361e-16 9.78514167e-16 5.01751313e-34 3.18240750e-18 1.64318405e-16 7.15571940e-01 6.98539046e-01 2.98444747e-18 4.83598701e-18 1.40808814e-06 3.39725510e-07 3.39725510e-07 3.56292512e-03 3.56292512e-03 2.58694059e-18 1.22338448e-02 1.25321499e-02
3.16816817e-02 -2.06697975e+01 -2.06697975e+01 -2.50725142e-02 -6.80089438e-03 -6.80089434e-03 7.13254574e+01 7.13254574e+01 1.73372523e+02 3.04388222e+02 3.19486639e+02 1.33095530e-17 1.69750981e-17 3.89267978e-06 5.73135647e-16 8.92383008e-16 5.32034439e-34 3.53543041e-18 1.03774762e-16 7.15611987e-01 6.98498020e-01 1.35430897e-18 5.38322145e-19 1.40808814e-06 3.39725510e-07 3.39725510e-07 3.56292512e-03 3.56292512e-03 2.58694059e-18 1.22331263e-02 1.25328513e-02
3.18318318e-02 -2.06697975e+01 -2.06697975e+01 -2.50725142e-02 -6.80089435e-03 -6.80089430e-03 7.13254574e+01 7.13254574e+01 1.73372523e+02 3.04353312e+02 3.19523285e+02 8.99818917e-19 1.03477783e-17 3.91112850e-06 7.84639361e-16 7.20540835e-16 5.62316329e-34 3.88844635e-18 1.82972669e-16 7.15652032e-01 6.98456991e-01 1.86328925e-18 2.39583134e-18 1.40808814e-06 3.39725510e-07 3.39725510e-07 3.56292512e-03 3.56292512e-03 3.36336106e-18 1.22324077e-02 1.25335526e-02
3.19819820e-02 -2.06697975e+01 -2.06697975e+01 -2.50725141e-02 -6.80089435e-03 -6.80089431e-03 7.13254574e+01 7.13254574e+01 1.73372523e+02 3.04318406e+02 3.19559935e+02 3.61866991e-17 4.56375969e-17 3.92957722e-06 8.11094719e-16 6.96134339e-16 5.92596985e-34 4.24145532e-18 1.64098039e-16 7.15692074e-01 6.98415961e-01 6.94702437e-19 5.84230678e-19 1.40808814e-06 3.39725510e-07 3.39725510e-07 3.56292512e-03 3.56292512e-03 1.90146138e-18 1.22316892e-02 1.25342539e-02
3.21321321e-02 -2.06697975e+01 -2.06697975e+01 -2.50725139e-02 -6.80089445e-03 -6.80089432e-03 7.13254574e+01 7.13254574e+01 1.73372523e+02 3.04283504e+02 3.19596589e+02 4.55763327e-17 3.60207424e-17 3.94802594e-06 2.68996608e-15 4.78954927e-16 8.11929289e-34 4.28049837e-18 1.57283402e-16 7.15732114e-01 6.98374929e-01 1.64608957e-18 1.63367570e-18 1.40808814e-06 3.39725510e-07 3.39725510e-07 3.56292512e-03 3.56292512e-03 1.90146138e-18 1.22309705e-02 1.25349551e-02
3.22822823e-02 -2.06697975e+01 -2.06697975e+01 -2.50725142e-02 -6.80089438e-03 -6.80089434e-03 7.13254574e+01 7.13254574e+01 1.73372523e+02 3.04248606e+02 3.19633248e+02 4.80336627e-18 2.85070068e-17 3.96647466e-06 1.46200218e-15 2.30285706e-15 6.26078348e-34 4.63202593e-18 1.35238683e-16 7.15772151e-01 6.98333894e-01 1.06015607e-18 1.93383354e-18 1.40808814e-06 3.39725510e-07 3.39725510e-07 3.56292512e-03 3.56292512e-03 6.70334584e-19 1.22302519e-02 1.25356563e-02
3.24324324e-02 -2.06697975e+01 -2.06697975e+01 -2.50725139e-02 -6.80089435e-03 -6.80089430e-03 7.13254574e+01 7.13254574e+01 1.73372523e+02 3.04213712e+02 3.19669910e+02 4.88276617e-17 2.16384641e-17 3.98492337e-06 7.97824097e-16 7.38084020e-16 6.83431537e-34 5.30044054e-18 2.75789117e-16 7.15812185e-01 6.98292858e-01 3.74282012e-19 1.14652766e-18 1.40808814e-06 3.39725510e-07 3.39725510e-07 3.56292512e-03 3.56292512e-03 3.54524359e-18 1.22295332e-02 1.25363575e-02
3.25825826e-02 -2.06697975e+01 -2.06697975e+01 -2.50725143e-02 -6.80089431e-03 -6.80089426e-03 7.13254574e+01 7.13254574e+01 1.73372523e+02 3.04178822e+02 3.19706577e+02 1.92984313e-17 1.70667640e-17 4.00337209e-06 5.59519548e-15 3.48204605e-15 6.59052045e-34 5.01669867e-18 8.46111572e-17 7.15852217e-01 6.98251819e-01 1.63418618e-18 1.62093436e-18 1.40808814e-06 3.39725510e-07 3.39725510e-07 3.56292512e-03 3.56292512e-03 1.74986810e-18 1.22288145e-02 1.25370586e-02
3.27327327e-02 -2.06697975e+01 -2.06697975e+01 -2.50725140e-02 -6.80089435e-03 -6.80089431e-03 7.13254574e+01 7.13254574e+01 1.73372523e+02 3.04143936e+02 3.19743248e+02 1.50156972e-17 3.22434523e-17 4.02182081e-06 5.15738911e-15 4.15863716e-15 6.89075173e-34 5.36673788e-18 2.42082556e-16 7.15892246e-01 6.98210779e-01 1.90347436e-18 2.27417426e-18 1.40808814e-06 3.39725510e-07 3.39725510e-07 3.56292512e-03 3.56292512e-03 1.66737904e-19 1.22280957e-02 1.25377596e-02
3.28828829e-02 -2.06697975e+01 -2.06697975e+01 -2.50725141e-02 -6.80089434e-03 -6.80089429e-03 7.13254574e+01 7.13254574e+01 1.73372523e+02 3.04109055e+02 3.19779923e+02 1.16296983e-17 2.46818718e-18 4.04026953e-06 5.26912256e-16 9.66894404e-16 7.74254969e-34 6.35936334e-18 7.70255036e-18 7.15932273e-01 6.98169736e-01 2.11933703e-18 1.04567918e-18 1.40808814e-06 3.39725510e-07 3.39725510e-07 3.56292512e-03 3.56292512e-03 1.06085890e-19 1.22273769e-02 1.25384606e-02
3.30330330e-02 -2.06697975e+01 -2.06697975e+01 -2.50725140e-02 -6.80089476e-03 -6.80089432e-03 7.13254574e+01 7.13254574e+01 1.73372523e+02 3.04074177e+02 3.19816602e+02 2.00345926e-17 3.42141200e-17 4.05871825e-06 6.68240015e-15 3.36998319e-16 1.05523191e-33 6.06679549e-18 4.05094518e-17 7.15972297e-01 6.98128691e-01 1.19077597e-18 6.54014022e-19 1.40808814e-06 3.39725510e-07 3.39725510e-07 3.56292512e-03 3.56292512e-03 1.66737904e-19 1.22266581e-02 1.25391616e-02
3.31831832e-02 -2.06697975e+01 -2.06697975e+01 -2.50725142e-02 -6.80089438e-03 -6.80089430e-03 7.13254574e+01 7.13254574e+01 1.73372523e+02 3.04039304e+02 3.19853285e+02 1.90309359e-17 1.36843562e-17 4.07716697e-06 3.25280335e-16 1.06631080e-15 5.40338484e-34 3.49924800e-18 1.15407456e-16 7.16012319e-01 6.98087645e-01 2.15972451e-18 2.07465210e-18 1.40808814e-06 3.39725510e-07 3.39725510e-07 3.56292512e-03 3.56292512e-03 7.61275848e-19 1.22259392e-02 1.25398625e-02
3.33333333e-02 -2.06697975e+01 -2.06697975e+01 -2.50725142e-02 -6.80089435e-03 -6.80089431e-03 7.13254574e+01 7.13254574e+01 1.73372523e+02 3.04004434e+02 3.19889972e+02 1.39883519e-17 1.14269402e-17 4.09561569e-06 8.72023550e-16 7.05892805e-16 2.76139345e-34 2.85980582e-19 1.03431775e-16 7.16052338e-01 6.98046596e-01 1.50531832e-18 2.94677877e-18 1.40808814e-06 3.39725510e-07 3.39725510e-07 3.56292512e-03 3.56292512e-03 9.43158378e-19 1.22252203e-02 1.25405634e-02
3.34834835e-02 -2.06697975e+01 -2.06697975e+01 -2.50725140e-02 -6.80089433e-03 -6.80089423e-03 7.13254574e+01 7.13254574e+01 1.73372523e+02 3.03969569e+02 3.19926663e+02 1.26769215e-17 1.27211815e-17 4.11406441e-06 1.10268098e-15 2.35306663e-16 3.06398245e-34 6.38734710e-19 7.71959594e-17 7.16092354e-01 6.98005545e-01 4.06748809e-19 8.22954422e-19 1.40808814e-06 3.39725510e-07 3.39725510e-07 3.56292512e-03 3.56292512e-03 2.67788185e-18 1.22245013e-02 1.25412642e-02
3.36336336e-02 -2.06697975e+01 -2.06697975e+01 -2.50725143e-02 -6.80089435e-03 -6.80089431e-03 7.13254574e+01 7.13254574e+01 1.73372523e+02 3.03934708e+02 3.19963359e+02 4.73561908e-17 2.26128054e-17 4.13251313e-06 2.20273142e-15 1.78378680e-15 3.08448428e-34 6.62846745e-19 2.01382598e-16 7.16132368e-01 6.97964492e-01 7.52567845e-19 1.36459074e-19 1.40808814e-06 3.39725510e-07 3.39725510e-07 3.56292512e-03 3.56292512e-03 6.70334584e-19 1.22237824e-02 1.25419650e-02
3.37837838e-02 -2.06697975e+01 -2.06697975e+01 -2.50725141e-02 -6.80089434e-03 -6.80089429e-03 7.13254574e+01 7.13254574e+01 1.73372523e+02 3.03899851e+02 3.20000058e+02 6.20798756e-18 2.41664660e-17 4.15096185e-06 6.28713587e-16 9.46452640e-16 3.66912135e-34 1.34421980e-18 3.38627338e-16 7.16172379e-01 6.97923437e-01 9.12373836e-19 1.73791230e-19 1.40808814e-06 3.39725510e-07 3.39725510e-07 3.56292512e-03 3.56292512e-03 1.81052012e-18 1.22230633e-02 1.25426657e-02
3.39339339e-02 -2.06697975e+01 -2.06697975e+01 -2.50725143e-02 -6.80089442e-03 -6.80089436e-03 7.13254574e+01 7.13254574e+01 1.73372523e+02 3.03864998e+02 3.20036762e+02 1.78828218e-16 2.36626920e-17 4.16941057e-06 2.73337955e-15 1.19553516e-15 4.37592389e-34 1.36538125e-18 1.01290674e-16 7.16212387e-01 6.97882380e-01 1.15587197e-18 6.83015261e-19 1.40808814e-06 3.39725510e-07 3.39725510e-07 3.56292512e-03 3.56292512e-03 1.97027154e-19 1.22223443e-02 1.25433664e-02
3.40840841e-02 -2.06697975e+01 -2.06697975e+01 -2.50725141e-02 -6.80089436e-03 -6.80089431e-03 7.13254574e+01 7.13254574e+01 1.73372523e+02 3.03830149e+02 3.20073469e+02 1.58092408e-17 1.07258166e-17 4.18785929e-06 9.40112964e-16 6.55979305e-16 4.27420813e-34 2.04967404e-18 6.80026907e-17 7.16252393e-01 6.97841321e-01 1.11043456e-18 2.59976953e-18 1.40808814e-06 3.39725510e-07 3.39725510e-07 3.56292512e-03 3.56292512e-03 7.57966397e-20 1.22216252e-02 1.25440670e-02
3.42342342e-02 -2.06697975e+01 -2.06697975e+01 -2.50725145e-02 -6.80089435e-03 -6.80089431e-03 7.13254574e+01 7.13254574e+01 1.73372523e+02 3.03795305e+02 3.20110181e+02 2.17198892e-17 5.42527352e-18 4.20630801e-06 9.28841463e-16 6.74798125e-16 4.57673198e-34 2.40238961e-18 7.67383774e-17 7.16292397e-01 6.97800260e-01 3.76688980e-18 1.34866219e-18 1.40808814e-06 3.39725510e-07 3.39725510e-07 3.56292512e-03 3.56292512e-03 2.58694059e-18 1.22209061e-02 1.25447676e-02
3.43843844e-02 -2.06697975e+01 -2.06697975e+01 -2.50725142e-02 -6.80089439e-03 -6.80089428e-03 7.13254574e+01 7.13254574e+01 1.73372523e+02 3.03760464e+02 3.20146897e+02 1.38863914e-16 4.00718501e-17 4.22475673e-06 1.83217272e-28 1.07588051e-28 1.27405738e-45 3.46719071e-28 1.28780856e-16 7.16332398e-01 6.97759196e-01 4.02594821e-18 1.67362927e-18 1.40808814e-06 3.39725510e-07 3.39725510e-07 3.56292512e-03 3.56292512e-03 4.41260533e-18 1.22201869e-02 1.25454682e-02
3.45345345e-02 -2.06697975e+01 -2.06697975e+01 -2.50725142e-02 -6.80089434e-03 -6.80089427e-03 7.13254574e+01 7.13254574e+01 1.73372523e+02 3.03725628e+02 3.20183617e+02 6.92771704e-18 1.33280054e-17 4.24320545e-06 1.08803052e-15 4.09644689e-16 5.27627481e-34 3.10779767e-18 2.52757390e-17 7.16372396e-01 6.97718131e-01 1.22060069e-18 1.70973621e-19 1.40808814e-06 3.39725510e-07 3.39725510e-07 3.56292512e-03 3.56292512e-03 8.52217113e-19 1.22194677e-02 1.25461687e-02
3.46846847e-02 -2.06697975e+01 -2.06697975e+01 -2.50725140e-02 -6.80089434e-03 -6.80089429e-03 7.13254574e+01 7.13254574e+01 1.73372523e+02 3.03690795e+02 3.20220341e+02 2.14447995e-17 1.84432882e-18 4.26165417e-06 6.27308751e-16 9.84591428e-16 5.48422531e-34 3.46049018e-18 7.20987099e-17 7.16412391e-01 6.97677064e-01 6.28623110e-19 8.92961884e-19 1.40808814e-06 3.39725510e-07 3.39725510e-07 3.56292512e-03 3.56292512e-03 9.43158378e-19 1.22187485e-02 1.25468692e-02
3.48348348e-02 -2.06697975e+01 -2.06697975e+01 -2.50725143e-02 -6.80089439e-03 -6.80089435e-03 7.13254574e+01 7.13254574e+01 1.73372523e+02 3.03655967e+02 3.20257069e+02 4.27193448e-18 8.02730930e-18 4.28010288e-06 8.59932107e-16 7.84685574e-16 5.78669701e-34 3.81317503e-18 6.89768992e-17 7.16452384e-01 6.97635994e-01 2.39841440e-19 4.37988835e-18 1.40808814e-06 3.39725510e-07 3.39725510e-07 3.56292512e-03 3.56292512e-03 7.61275848e-19 1.22180292e-02 1.25475696e-02
3.49849850e-02 -2.06697975e+01 -2.06697975e+01 -2.50725143e-02 -6.80089436e-03 -6.80089431e-03 7.13254574e+01 7.13254574e+01 1.73372523e+02 3.03621143e+02 3.20293801e+02 4.67076270e-17 3.23102300e-18 4.29855160e-06 9.47694740e-16 6.92720333e-16 6.08915569e-34 4.16585219e-18 2.03592698e-16 7.16492375e-01 6.97594923e-01 2.60800512e-19 8.55672010e-19 1.40808814e-06 3.39725510e-07 3.39725510e-07 3.56292512e-03 3.56292512e-03 1.65892684e-18 1.22173099e-02 1.25482700e-02
3.51351351e-02 -2.06697975e+01 -2.06697975e+01 -2.50725142e-02 -6.80089434e-03 -6.80089429e-03 7.13254574e+01 7.13254574e+01 1.73372523e+02 3.03586323e+02 3.20330538e+02 2.72414488e-17 1.20382277e-17 4.31700032e-06 6.97809578e-16 9.50001116e-16 6.39160132e-34 4.51852171e-18 4.11155837e-16 7.16532363e-01 6.97553850e-01 2.18896304e-18 4.54214659e-19 1.40808814e-06 3.39725510e-07 3.39725510e-07 3.56292512e-03 3.56292512e-03 1.03409964e-18 1.22165906e-02 1.25489703e-02
3.52852853e-02 -2.06697975e+01 -2.06697975e+01 -2.50725141e-02 -6.80089437e-03 -6.80089431e-03 7.13254574e+01 7.13254574e+01 1.73372523e+02 3.03551507e+02 3.20367278e+02 5.96136625e-19 2.70773633e-17 4.33544904e-06 1.04083062e-15 5.55044591e-16 6.69403392e-34 4.87118356e-18 1.12068997e-16 7.16572348e-01 6.97512774e-01 2.64636042e-18 2.62703263e-18 1.40808814e-06 3.39725510e-07 3.39725510e-07 3.56292512e-03 3.56292512e-03 3.45430233e-18 1.22158712e-02 1.25496706e-02
3.54354354e-02 -2.06697975e+01 -2.06697975e+01 -2.50725139e-02 -6.80089434e-03 -6.80089430e-03 7.13254574e+01 7.13254574e+01 1.73372523e+02 3.03516695e+02 3.20404023e+02 6.85405335e-17 1.48190478e-17 4.35389776e-06 4.27095997e-15 5.75408701e-15 6.40215028e-34 4.53134648e-18 1.14598789e-16 7.16612331e-01 6.97471697e-01 8.02296971e-19 6.49834688e-19 1.40808814e-06 3.39725510e-07 3.39725510e-07 3.56292512e-03 3.56292512e-03 9.43158378e-19 1.22151518e-02 1.25503708e-02
3.55855856e-02 -2.06697975e+01 -2.06697975e+01 -2.50725141e-02 -6.80089435e-03 -6.80089431e-03 7.13254574e+01 7.13254574e+01 1.73372523e+02 3.03481887e+02 3.20440771e+02 2.04529075e-18 3.62818474e-17 4.37234648e-06 9.60863452e-16 7.06962286e-16 7.29886000e-34 5.57648434e-18 2.87554158e-16 7.16652311e-01 6.97430617e-01 3.21010203e-19 5.63952653e-18 1.40808814e-06 3.39725510e-07 3.39725510e-07 3.56292512e-03 3.56292512e-03 1.71957885e-18 1.22144324e-02 1.25510710e-02
3.57357357e-02 -2.06697975e+01 -2.06697975e+01 -2.50725144e-02 -6.80089434e-03 -6.80089429e-03 7.13254574e+01 7.13254574e+01 1.73372523e+02 3.03447083e+02 3.20477524e+02 1.25984716e-17 2.08648818e-17 4.39079520e-06 6.45797842e-16 1.00617756e-15 7.60125348e-34 5.92912328e-18 1.33855361e-16 7.16692288e-01 6.97389536e-01 1.88967189e-18 3.04074811e-18 1.40808814e-06 3.39725510e-07 3.39725510e-07 3.56292512e-03 3.56292512e-03 1.53769632e-18 1.22137129e-02 1.25517711e-02
3.58858859e-02 -2.06697975e+01 -2.06697975e+01 -2.50725140e-02 -6.80089438e-03 -6.80089279e-03 7.13254574e+01 7.13254574e+01 1.73372523e+02 3.03412284e+02 3.20514281e+02 3.62711553e-17 4.88825143e-17 4.40924392e-06 1.03416339e-16 7.52407900e-15 1.01165616e-33 5.58045739e-18 2.62182833e-17 7.16732263e-01 6.97348452e-01 1.17510978e-18 2.43920104e-18 1.40808814e-06 3.39725510e-07 3.39725510e-07 3.56292512e-03 3.56292512e-03 8.52217113e-19 1.22129934e-02 1.25524712e-02
3.60360360e-02 -2.06697975e+01 -2.06697975e+01 -2.50725142e-02 -6.80089435e-03 -6.80089431e-03 7.13254574e+01 7.13254574e+01 1.73372523e+02 3.03377488e+02 3.20551042e+02 1.60933393e-17 2.62725868e-17 4.42769264e-06 9.53433957e-16 7.33648754e-16 8.20600133e-34 6.63437827e-18 9.62533265e-17 7.16772235e-01 6.97307366e-01 1.16643906e-18 3.70459016e-18 1.40808814e-06 3.39725510e-07 3.39725510e-07 3.56292512e-03 3.56292512e-03 8.52217113e-19 1.22122738e-02 1.25531713e-02
3.61861862e-02 -2.06697975e+01 -2.06697975e+01 -2.50725139e-02 -6.80089433e-03 -6.80089240e-03 7.13254574e+01 7.13254574e+01 1.73372523e+02 3.03342697e+02 3.20587807e+02 3.67777817e-17 1.43797865e-17 4.44614136e-06 8.20767847e-17 7.29116179e-15 1.10689158e-33 6.27982645e-18 1.73120296e-17 7.16812204e-01 6.97266279e-01 4.21292597e-18 9.94665232e-19 1.40808814e-06 3.39725510e-07 3.39725510e-07 3.56292512e-03 3.56292512e-03 9.43158378e-19 1.22115542e-02 1.25538713e-02
3.63363363e-02 -2.06697975e+01 -2.06697975e+01 -2.50725142e-02 -6.80089433e-03 -6.80089278e-03 7.13254574e+01 7.13254574e+01 1.73372523e+02 3.03307909e+02 3.20624576e+02 1.81125459e-17 5.37770808e-17 4.46459008e-06 1.04173838e-16 7.41975352e-15 6.79974943e-34 3.06144271e-18 1.22298996e-16 7.16852171e-01 6.97225189e-01 5.26732200e-18 1.75100012e-18 1.40808814e-06 3.39725510e-07 3.39725510e-07 3.56292512e-03 3.56292512e-03 7.57966397e-20 1.22108346e-02 1.25545712e-02
3.64864865e-02 -2.06697975e+01 -2.06697975e+01 -2.50725139e-02 -6.80089435e-03 -6.80089431e-03 7.13254574e+01 7.13254574e+01 1.73372523e+02 3.03273126e+02 3.20661350e+02 1.86359302e-17 1.69778419e-17 4.48303880e-06 9.19985184e-16 8.13025582e-16 3.22162902e-34 5.55887688e-19 2.66591140e-16 7.16892136e-01 6.97184097e-01 1.82944706e-19 2.77083252e-18 1.40808814e-06 3.39725510e-07 3.39725510e-07 3.56292512e-03 3.56292512e-03 9.43158378e-19 1.22101149e-02 1.25552712e-02
3.66366366e-02 -2.06697975e+01 -2.06697975e+01 -2.50725140e-02 -6.80089434e-03 -6.80089430e-03 7.13254574e+01 7.13254574e+01 1.73372523e+02 3.03238347e+02 3.20698127e+02 7.22104680e-18 2.50683161e-18 4.50148752e-06 1.97891539e-15 2.36165569e-15 3.21663358e-34 5.50290829e-19 1.55159549e-16 7.16932098e-01 6.97143004e-01 7.16320121e-19 1.87301046e-18 1.40808814e-06 3.39725510e-07 3.39725510e-07 3.56292512e-03 3.56292512e-03 6.70334584e-19 1.22093952e-02 1.25559710e-02
3.67867868e-02 -2.06697975e+01 -2.06697975e+01 -2.50725143e-02 -6.80089435e-03 -6.80089431e-03 7.13254574e+01 7.13254574e+01 1.73372523e+02 3.03203572e+02 3.20734909e+02 1.92042818e-17 1.02560637e-16 4.51993624e-06 2.47434215e-15 1.86078748e-15 3.51757099e-34 9.01204853e-19 3.93590903e-16 7.16972057e-01 6.97101908e-01 2.62613660e-19 1.92252881e-18 1.40808814e-06 3.39725510e-07 3.39725510e-07 3.56292512e-03 3.56292512e-03 2.49599932e-18 1.22086755e-02 1.25566708e-02
3.69369369e-02 -2.06697975e+01 -2.06697975e+01 -2.50725138e-02 -6.80089575e-03 -6.80089433e-03 7.13254574e+01 7.13254574e+01 1.73372523e+02 3.03168801e+02 3.20771694e+02 1.59983839e-17 2.16615697e-17 4.53838495e-06 7.72384001e-15 1.18017131e-16 3.95822112e-34 8.91188057e-19 9.72822582e-17 7.17012013e-01 6.97060810e-01 2.53188813e-18 3.63464569e-18 1.40808814e-06 3.39725510e-07 3.39725510e-07 3.56292512e-03 3.56292512e-03 7.57966397e-20 1.22079558e-02 1.25573706e-02
3.70870871e-02 -2.06697975e+01 -2.06697975e+01 -2.50725142e-02 -6.80089440e-03 -6.80089436e-03 7.13254574e+01 7.13254574e+01 1.73372523e+02 3.03134035e+02 3.20808484e+02 6.65506842e-17 3.09623656e-18 4.55683367e-06 6.18447916e-15 4.23274390e-15 3.80843368e-34 1.24061751e-18 5.16770851e-17 7.17051967e-01 6.97019710e-01 2.79698121e-18 1.13910034e-18 1.40808814e-06 3.39725510e-07 3.39725510e-07 3.56292512e-03 3.56292512e-03 9.73447628e-19 1.22072360e-02 1.25580704e-02
3.72372372e-02 -2.06697975e+01 -2.06697975e+01 -2.50725141e-02 -6.80089423e-03 -6.80089345e-03 7.13254574e+01 7.13254574e+01 1.73372523e+02 3.03099272e+02 3.20845278e+02 4.31217683e-17 3.82405115e-18 4.57528239e-06 3.57546785e-17 1.28513595e-15 5.90138520e-34 2.31775425e-18 8.01317689e-17 7.17091918e-01 6.96978608e-01 1.97089332e-19 1.73778311e-19 1.40808814e-06 3.39725510e-07 3.39725510e-07 3.56292512e-03 3.56292512e-03 1.06438889e-18 1.22065161e-02 1.25587700e-02
3.73873874e-02 -2.06697975e+01 -2.06697975e+01 -2.50725141e-02 -6.80089498e-03 -6.80089428e-03 7.13254574e+01 7.13254574e+01 1.73372523e+02 3.03064513e+02 3.20882075e+02 5.21417723e-17 1.72571885e-17 4.59373111e-06 7.53601690e-15 2.34221501e-16 5.38575428e-34 1.93945121e-18 3.10832205e-17 7.17131867e-01 6.96937504e-01 2.61397529e-18 1.58457555e-18 1.40808814e-06 3.39725510e-07 3.39725510e-07 3.56292512e-03 3.56292512e-03 1.71957885e-18 1.22057962e-02 1.25594697e-02
3.75375375e-02 -2.06697975e+01 -2.06697975e+01 -2.50725141e-02 -6.80089442e-03 -6.80089432e-03 7.13254574e+01 7.13254574e+01 1.73372523e+02 3.03029759e+02 3.20918877e+02 3.35679745e-17 5.02866938e-18 4.61217983e-06 1.33324435e-15 2.93094702e-16 6.86097703e-34 3.02244203e-18 1.51333358e-17 7.17171813e-01 6.96896399e-01 6.03580764e-19 7.14063709e-19 1.40808814e-06 3.39725510e-07 3.39725510e-07 3.56292512e-03 3.56292512e-03 1.81052012e-18 1.22050763e-02 1.25601693e-02
3.76876877e-02 -2.06697975e+01 -2.06697975e+01 -2.50725143e-02 -6.80089441e-03 -6.80089436e-03 7.13254574e+01 7.13254574e+01 1.73372523e+02 3.02995008e+02 3.20955684e+02 2.99308577e-17 2.06218084e-18 4.63062855e-06 1.08903570e-15 6.44072205e-16 5.63890294e-34 3.37477335e-18 2.22921876e-16 7.17211757e-01 6.96855291e-01 4.52312245e-18 3.20137324e-19 1.40808814e-06 3.39725510e-07 3.39725510e-07 3.56292512e-03 3.56292512e-03 8.52217113e-19 1.22043564e-02 1.25608688e-02
3.78378378e-02 -2.06697975e+01 -2.06697975e+01 -2.50725141e-02 -6.80089435e-03 -6.80089431e-03 7.13254574e+01 7.13254574e+01 1.73372523e+02 3.02960262e+02 3.20992494e+02 1.24044850e-17 1.15217203e-17 4.64907727e-06 9.77804711e-16 8.04791117e-16 5.94100047e-34 3.72709628e-18 3.32889582e-16 7.17251697e-01 6.96814181e-01 1.38838798e-18 1.06141442e-18 1.40808814e-06 3.39725510e-07 3.39725510e-07 3.56292512e-03 3.56292512e-03 1.51446250e-20 1.22036364e-02 1.25615683e-02
3.79879880e-02 -2.06697975e+01 -2.06697975e+01 -2.50725140e-02 -6.80089435e-03 -6.80089430e-03 7.13254574e+01 7.13254574e+01 1.73372523e+02 3.02925520e+02 3.21029308e+02 1.35995957e-17 1.87761109e-18 4.66752599e-06 8.84518185e-16 9.18096354e-16 6.24308427e-34 4.07941084e-18 6.92215691e-17 7.17291636e-01 6.96773069e-01 1.78077949e-18 4.58258443e-18 1.40808814e-06 3.39725510e-07 3.39725510e-07 3.56292512e-03 3.56292512e-03 2.76882312e-18 1.22029164e-02 1.25622678e-02
3.81381381e-02 -2.06697975e+01 -2.06697975e+01 -2.50725141e-02 -6.80089434e-03 -6.80089430e-03 7.13254574e+01 7.13254574e+01 1.73372523e+02 3.02890782e+02 3.21066126e+02 6.31261840e-17 3.94576773e-17 4.68597471e-06 4.72048744e-15 6.09678077e-15 5.90562877e-34 3.68638845e-18 9.27962204e-17 7.17331571e-01 6.96731955e-01 2.34287269e-18 2.65306544e-18 1.40808814e-06 3.39725510e-07 3.39725510e-07 3.56292512e-03 3.56292512e-03 1.03409964e-18 1.22021964e-02 1.25629672e-02
3.82882883e-02 -2.06697975e+01 -2.06697975e+01 -2.50725144e-02 -6.80089435e-03 -6.80089431e-03 7.13254574e+01 7.13254574e+01 1.73372523e+02 3.02856048e+02 3.21102949e+02 2.03976135e-18 2.15324683e-17 4.70442343e-06 9.68519023e-16 8.45525143e-16 6.84721073e-34 4.78401487e-18 1.21842946e-16 7.17371504e-01 6.96690839e-01 3.06853895e-18 6.00640032e-19 1.40808814e-06 3.39725510e-07 3.39725510e-07 3.56292512e-03 3.56292512e-03 2.67788185e-18 1.22014763e-02 1.25636666e-02
3.84384384e-02 -2.06697975e+01 -2.06697975e+01 -2.50725141e-02 -6.80089435e-03 -6.80089431e-03 7.13254574e+01 7.13254574e+01 1.73372523e+02 3.02821318e+02 3.21139775e+02 2.68990057e-17 3.63662836e-17 4.72287215e-06 9.90995419e-16 8.19383921e-16 7.14925338e-34 5.13630436e-18 2.33915902e-17 7.17411435e-01 6.96649721e-01 1.07500296e-18 8.73356438e-19 1.40808814e-06 3.39725510e-07 3.39725510e-07 3.56292512e-03 3.56292512e-03 1.51446250e-20 1.22007562e-02 1.25643659e-02
3.85885886e-02 -2.06697975e+01 -2.06697975e+01 -2.50725139e-02 -6.80089435e-03 -6.80089431e-03 7.13254574e+01 7.13254574e+01 1.73372523e+02 3.02786592e+02 3.21176606e+02 2.48045954e-17 4.04408075e-17 4.74132087e-06 9.73860466e-16 8.44962866e-16 7.45128231e-34 5.48858550e-18 1.74631791e-16 7.17451362e-01 6.96608601e-01 1.52940120e-18 5.07954987e-19 1.40808814e-06 3.39725510e-07 3.39725510e-07 3.56292512e-03 3.56292512e-03 1.12504091e-18 1.22000360e-02 1.25650652e-02
3.87387387e-02 -2.06697975e+01 -2.06697975e+01 -2.50725141e-02 -6.80089435e-03 -6.80089427e-03 7.13254574e+01 7.13254574e+01 1.73372523e+02 3.02751870e+02 3.21213441e+02 1.65953798e-17 1.48642931e-17 4.75976959e-06 1.24498462e-15 3.87920334e-16 7.75329751e-34 5.84085829e-18 1.54562407e-16 7.17491287e-01 6.96567479e-01 3.19455204e-19 1.53803170e-18 1.40808814e-06 3.39725510e-07 3.39725510e-07 3.56292512e-03 3.56292512e-03 1.81052012e-18 1.21993158e-02 1.25657644e-02
3.88888889e-02 -2.06697975e+01 -2.06697975e+01 -2.50725142e-02 -6.80089560e-03 -6.80089437e-03 7.13254574e+01 7.13254574e+01 1.73372523e+02 3.02717153e+02 3.21250280e+02 7.29805247e-18 2.77348648e-17 4.77821831e-06 1.35482412e-15 2.41198353e-17 1.11779614e-33 6.19312275e-18 6.54391659e-17 7.17531210e-01 6.96526355e-01 8.99090212e-19 3.34513675e-18 1.40808814e-06 3.39725510e-07 3.39725510e-07 3.56292512e-03 3.56292512e-03 9.43158378e-19 1.21985956e-02 1.25664636e-02
3.90390390e-02 -2.06697975e+01 -2.06697975e+01 -2.50725142e-02 -6.80089436e-03 -6.80089431e-03 7.13254574e+01 7.13254574e+01 1.73372523e+02 3.02682439e+02 3.21287123e+02 1.60428974e-16 4.79841443e-17 4.79666703e-06 6.53483103e-15 4.43245529e-15 7.70269137e-34 5.78243690e-18 2.15648515e-16 7.17571130e-01 6.96485229e-01 1.98109711e-18 2.59075961e-18 1.40808814e-06 3.39725510e-07 3.39725510e-07 3.56292512e-03 3.56292512e-03 6.70334584e-19 1.21978753e-02 1.25671627e-02
3.91891892e-02 -2.06697975e+01 -2.06697975e+01 -2.50725139e-02 -6.80089434e-03 -6.80089429e-03 7.13254574e+01 7.13254574e+01 1.73372523e+02 3.02647730e+02 3.21323970e+02 1.12585135e-17 3.85221330e-17 4.81511575e-06 7.03108539e-16 1.10117009e-15 8.65926080e-34 6.89762671e-18 2.40358869e-16 7.17611047e-01 6.96444101e-01 2.40319377e-18 8.43246209e-19 1.40808814e-06 3.39725510e-07 3.39725510e-07 3.56292512e-03 3.56292512e-03 1.81052012e-18 1.21971550e-02 1.25678618e-02
3.93393393e-02 -2.06697975e+01 -2.06697975e+01 -2.50725140e-02 -6.80089520e-03 -6.80089437e-03 7.13254574e+01 7.13254574e+01 1.73372523e+02 3.02613025e+02 3.21360821e+02 2.77958837e-17 6.09774090e-17 4.83356446e-06 1.26421080e-15 3.33924011e-17 1.26165269e-33 7.24986621e-18 1.64276563e-16 7.17650961e-01 6.96402971e-01 1.86517615e-18 2.24390620e-18 1.40808814e-06 3.39725510e-07 3.39725510e-07 3.56292512e-03 3.56292512e-03 1.03409964e-18 1.21964347e-02 1.25685608e-02
3.94894895e-02 -2.06697975e+01 -2.06697975e+01 -2.50725141e-02 -6.80089434e-03 -6.80089423e-03 7.13254574e+01 7.13254574e+01 1.73372523e+02 3.02578323e+02 3.21397676e+02 1.56083220e-17 1.70220087e-17 4.85201318e-06 1.29457693e-15 2.60627771e-16 6.31632512e-34 4.03182894e-18 2.77804711e-16 7.17690873e-01 6.96361839e-01 5.14260044e-19 7.94480108e-19 1.40808814e-06 3.39725510e-07 3.39725510e-07 3.56292512e-03 3.56292512e-03 1.71957885e-18 1.21957143e-02 1.25692598e-02
3.96396396e-02 -2.06697975e+01 -2.06697975e+01 -2.50725141e-02 -6.80089438e-03 -6.80089432e-03 7.13254574e+01 7.13254574e+01 1.73372523e+02 3.02543626e+02 3.21434536e+02 3.35858811e-17 2.71020200e-17 4.87046190e-06 3.29713629e-15 7.29988409e-15 3.00782240e-34 3.88790044e-20 3.36450550e-18 7.17730783e-01 6.96320705e-01 6.05272761e-19 1.08295535e-18 1.40808814e-06 3.39725510e-07 3.39725510e-07 3.56292512e-03 3.56292512e-03 7.61275848e-19 1.21949939e-02 1.25699588e-02
3.97897898e-02 -2.06697975e+01 -2.06697975e+01 -2.50725142e-02 -6.80089434e-03 -6.80089427e-03 7.13254574e+01 7.13254574e+01 1.73372523e+02 3.02508933e+02 3.21471399e+02 1.05250035e-18 3.86163233e-18 4.88891062e-06 3.17284801e-15 1.09018319e-15 3.63951301e-34 7.76747388e-19 1.03695936e-16 7.17770689e-01 6.96279569e-01 3.59113118e-18 1.10971457e-18 1.40808814e-06 3.39725510e-07 3.39725510e-07 3.56292512e-03 3.56292512e-03 8.52217113e-19 1.21942735e-02 1.25706577e-02
3.99399399e-02 -2.06697975e+01 -2.06697975e+01 -2.50725142e-02 -6.80089436e-03 -6.80089431e-03 7.13254574e+01 7.13254574e+01 1.73372523e+02 3.02474244e+02 3.21508267e+02 1.66116645e-17 1.86254064e-18 4.90735934e-06 1.10180528e-15 7.72064127e-16 4.27487319e-34 1.51754232e-18 4.87060686e-17 7.17810593e-01 6.96238431e-01 5.20596389e-19 7.39473262e-19 1.40808814e-06 3.39725510e-07 3.39725510e-07 3.56292512e-03 3.56292512e-03 2.67788185e-18 1.21935530e-02 1.25713565e-02
4.00900901e-02 -2.06697975e+01 -2.06697975e+01 -2.50725140e-02 -6.80089434e-03 -6.80089427e-03 7.13254574e+01 7.13254574e+01 1.73372523e+02 3.02439560e+02 3.21545138e+02 6.68853554e-17 6.01791876e-17 4.92580806e-06 3.14915491e-15 1.21367430e-15 4.24055291e-34 1.47777222e-18 2.48916593e-17 7.17850495e-01 6.96197291e-01 2.01757371e-18 8.21346009e-19 1.40808814e-06 3.39725510e-07 3.39725510e-07 3.56292512e-03 3.56292512e-03 1.06085890e-19 1.21928325e-02 1.25720553e-02
4.02402402e-02 -2.06697975e+01 -2.06697975e+01 -2.50725141e-02 -6.80089435e-03 -6.80089430e-03 7.13254574e+01 7.13254574e+01 1.73372523e+02 3.02404879e+02 3.21582014e+02 1.61304973e-17 1.49577467e-17 4.94425678e-06 1.00512659e-15 9.08713538e-16 4.87839551e-34 2.22148462e-18 2.19268725e-16 7.17890393e-01 6.96156148e-01 5.75889657e-19 5.90522194e-19 1.40808814e-06 3.39725510e-07 3.39725510e-07 3.56292512e-03 3.56292512e-03 1.84080937e-18 1.21921120e-02 1.25727541e-02
4.03903904e-02 -2.06697975e+01 -2.06697975e+01 -2.50725142e-02 -6.80089434e-03 -6.80089429e-03 7.13254574e+01 7.13254574e+01 1.73372523e+02 3.02370202e+02 3.21618894e+02 1.35742651e-18 3.47796603e-17 4.96270550e-06 4.03242168e-15 7.09672056e-15 4.55669580e-34 1.78407906e-18 1.33034480e-16 7.17930290e-01 6.96115004e-01 2.44063875e-18 1.93446885e-18 1.40808814e-06 3.39725510e-07 3.39725510e-07 3.56292512e-03 3.56292512e-03 1.06085890e-19 1.21913914e-02 1.25734528e-02
4.05405405e-02 -2.06697975e+01 -2.06697975e+01 -2.50725140e-02 -6.80089433e-03 -6.80089427e-03 7.13254574e+01 7.13254574e+01 1.73372523e+02 3.02335530e+02 3.21655778e+02 1.26534833e-18 5.90920855e-17 4.98115422e-06 1.26248990e-15 5.01158687e-16 5.48186024e-34 2.92539050e-18 3.88176078e-17 7.17970183e-01 6.96073858e-01 2.49420980e-18 2.98812690e-18 1.40808814e-06 3.39725510e-07 3.39725510e-07 3.56292512e-03 3.56292512e-03 8.52217113e-19 1.21906708e-02 1.25741515e-02
4.06906907e-02 -2.06697975e+01 -2.06697975e+01 -2.50725141e-02 -6.80089633e-03 -6.80089429e-03 7.13254574e+01 7.13254574e+01 1.73372523e+02 3.02300861e+02 3.21692666e+02 9.56775160e-18 1.09231623e-17 4.99960294e-06 1.07928758e-15 1.15394901e-17 7.43565549e-34 3.27732981e-18 7.80325633e-18 7.18010074e-01 6.96032710e-01 1.01540976e-18 1.61265202e-18 1.40808814e-06 3.39725510e-07 3.39725510e-07 3.56292512e-03 3.56292512e-03 7.57966397e-20 1.21899502e-02 1.25748501e-02
4.08408408e-02 -2.06697975e+01 -2.06697975e+01 -2.50725144e-02 -6.80089437e-03 -6.80089431e-03 7.13254574e+01 7.13254574e+01 1.73372523e+02 3.02266197e+02 3.21729558e+02 1.91887612e-17 2.86479731e-17 5.01805166e-06 1.21181688e-15 6.43105272e-16 6.08526739e-34 3.62926002e-18 6.95174582e-17 7.18049962e-01 6.95991560e-01 3.03327426e-18 2.97784147e-19 1.40808814e-06 3.39725510e-07 3.39725510e-07 3.56292512e-03 3.56292512e-03 1.06438889e-18 1.21892295e-02 1.25755487e-02
4.09909910e-02 -2.06697975e+01 -2.06697975e+01 -2.50725139e-02 -6.80089438e-03 -6.80089432e-03 7.13254574e+01 7.13254574e+01 1.73372523e+02 3.02231537e+02 3.21766454e+02 9.45036253e-17 4.54980289e-17 5.03650038e-06 7.63216070e-15 3.25216904e-15 5.69970581e-34 3.18007505e-18 2.04481166e-16 7.18089848e-01 6.95950408e-01 1.65895280e-18 2.00269748e-18 1.40808814e-06 3.39725510e-07 3.39725510e-07 3.56292512e-03 3.56292512e-03 1.56798557e-18 1.21885088e-02 1.25762472e-02
4.11411411e-02 -2.06697975e+01 -2.06697975e+01 -2.50725146e-02 -6.80089439e-03 -6.80089428e-03 7.13254574e+01 7.13254574e+01 1.73372523e+02 3.02196881e+02 3.21803355e+02 9.88159926e-17 2.91605716e-17 5.05494910e-06 2.19449685e-28 1.28864292e-28 1.52441800e-45 4.15285034e-28 1.25240743e-16 7.18129730e-01 6.95909254e-01 1.10245250e-18 9.45687195e-19 1.40808814e-06 3.39725510e-07 3.39725510e-07 3.56292512e-03 3.56292512e-03 1.06438889e-18 1.21877880e-02 1.25769457e-02
4.12912913e-02 -2.06697975e+01 -2.06697975e+01 -2.50725140e-02 -6.80089436e-03 -6.80089431e-03 7.13254574e+01 7.13254574e+01 1.73372523e+02 3.02162229e+02 3.21840259e+02 3.89704604e-17 2.35982328e-17 5.07339782e-06 1.21288809e-15 6.67350995e-16 6.99027011e-34 4.68499623e-18 5.76303984e-17 7.18169611e-01 6.95868098e-01 2.53833987e-18 1.14257683e-19 1.40808814e-06 3.39725510e-07 3.39725510e-07 3.56292512e-03 3.56292512e-03 7.91565098e-19 1.21870672e-02 1.25776442e-02
4.14414414e-02 -2.06697975e+01 -2.06697975e+01 -2.50725139e-02 -6.80089439e-03 -6.80089434e-03 7.13254574e+01 7.13254574e+01 1.73372523e+02 3.02127581e+02 3.21877168e+02 3.72389643e-17 3.26223463e-17 5.09184653e-06 8.19003846e-16 1.11491379e-15 7.29190889e-34 5.03689017e-18 9.32767980e-17 7.18209488e-01 6.95826940e-01 2.97353835e-19 8.57391214e-19 1.40808814e-06 3.39725510e-07 3.39725510e-07 3.56292512e-03 3.56292512e-03 8.52217113e-19 1.21863464e-02 1.25783426e-02
4.15915916e-02 -2.06697975e+01 -2.06697975e+01 -2.50725140e-02 -6.80089433e-03 -6.80089344e-03 7.13254574e+01 7.13254574e+01 1.73372523e+02 3.02092937e+02 3.21914080e+02 1.64672921e-17 3.87881432e-17 5.11029525e-06 3.02187314e-17 1.22851757e-15 1.03097117e-33 5.38877507e-18 1.79574665e-16 7.18249363e-01 6.95785780e-01 7.85313287e-19 6.87118013e-19 1.40808814e-06 3.39725510e-07 3.39725510e-07 3.56292512e-03 3.56292512e-03 6.70334584e-19 1.21856256e-02 1.25790409e-02
4.17417417e-02 -2.06697975e+01 -2.06697975e+01 -2.50725141e-02 -6.80089435e-03 -6.80089431e-03 7.13254574e+01 7.13254574e+01 1.73372523e+02 3.02058297e+02 3.21950997e+02 3.08646705e-18 3.80872483e-18 5.12874397e-06 1.09227388e-15 8.72804606e-16 7.89514323e-34 5.74065090e-18 2.42159707e-16 7.18289236e-01 6.95744618e-01 3.39587058e-18 2.52087954e-18 1.40808814e-06 3.39725510e-07 3.39725510e-07 3.56292512e-03 3.56292512e-03 7.91565098e-19 1.21849047e-02 1.25797392e-02
4.18918919e-02 -2.06697975e+01 -2.06697975e+01 -2.50725141e-02 -6.80089434e-03 -6.80089427e-03 7.13254574e+01 7.13254574e+01 1.73372523e+02 3.02023662e+02 3.21987918e+02 2.32798564e-17 6.46182688e-18 5.14719269e-06 7.91201456e-15 3.02862484e-15 7.49443082e-34 5.27379654e-18 1.28013277e-16 7.18329105e-01 6.95703454e-01 1.29732814e-18 2.28226597e-18 1.40808814e-06 3.39725510e-07 3.39725510e-07 3.56292512e-03 3.56292512e-03 1.03409964e-18 1.21841837e-02 1.25804375e-02
4.20420420e-02 -2.06697975e+01 -2.06697975e+01 -2.50725142e-02 -6.80089434e-03 -6.80089423e-03 7.13254574e+01 7.13254574e+01 1.73372523e+02 3.01989030e+02 3.22024843e+02 1.78507046e-17 1.90688899e-17 5.16564141e-06 1.38115457e-15 2.74448302e-16 8.49831997e-34 6.44437547e-18 6.06441126e-17 7.18368972e-01 6.95662289e-01 4.77553810e-19 2.34133793e-19 1.40808814e-06 3.39725510e-07 3.39725510e-07 3.56292512e-03 3.56292512e-03 8.52217113e-19 1.21834628e-02 1.25811357e-02
4.21921922e-02 -2.06697975e+01 -2.06697975e+01 -2.50725144e-02 -6.80089432e-03 -6.80089427e-03 7.13254574e+01 7.13254574e+01 1.73372523e+02 3.01954403e+02 3.22061772e+02 2.55950079e-17 1.28203109e-17 5.18409013e-06 1.25353779e-15 6.51364702e-16 8.79988673e-34 6.79622421e-18 2.91426139e-16 7.18408837e-01 6.95621121e-01 5.56491021e-20 5.06967776e-19 1.40808814e-06 3.39725510e-07 3.39725510e-07 3.56292512e-03 3.56292512e-03 1.62863759e-18 1.21827418e-02 1.25818339e-02
4.23423423e-02 -2.06697975e+01 -2.06697975e+01 -2.50725141e-02 -6.80089434e-03 -6.80089427e-03 7.13254574e+01 7.13254574e+01 1.73372523e+02 3.01919779e+02 3.22098705e+02 1.32252494e-17 3.59771402e-17 5.20253885e-06 1.32910607e-15 4.97501314e-16 9.10143909e-34 7.14806393e-18 2.47128210e-16 7.18448698e-01 6.95579951e-01 1.42921879e-18 2.12076755e-18 1.40808814e-06 3.39725510e-07 3.39725510e-07 3.56292512e-03 3.56292512e-03 7.91565098e-19 1.21820208e-02 1.25825320e-02
4.24924925e-02 -2.06697975e+01 -2.06697975e+01 -2.50725142e-02 -6.80089435e-03 -6.80089431e-03 7.13254574e+01 7.13254574e+01 1.73372523e+02 3.01885160e+02 3.22135642e+02 2.73571400e-18 2.54818757e-17 5.22098757e-06 1.05218245e-15 9.47717101e-16 9.40297704e-34 7.49989464e-18 1.50957919e-16 7.18488557e-01 6.95538779e-01 2.03246568e-18 5.53029103e-19 1.40808814e-06 3.39725510e-07 3.39725510e-07 3.56292512e-03 3.56292512e-03 7.61275848e-19 1.21812997e-02 1.25832300e-02
4.26426426e-02 -2.06697975e+01 -2.06697975e+01 -2.50725142e-02 -6.80089432e-03 -6.80089427e-03 7.13254574e+01 7.13254574e+01 1.73372523e+02 3.01850545e+02 3.22172584e+02 1.23274668e-16 3.03823090e-17 5.23943629e-06 7.62008921e-15 4.04161378e-15 6.04145082e-34 3.44565137e-18 6.34531454e-17 7.18528414e-01 6.95497605e-01 1.49163049e-18 5.80482392e-19 1.40808814e-06 3.39725510e-07 3.39725510e-07 3.56292512e-03 3.56292512e-03 1.71957885e-18 1.21805786e-02 1.25839281e-02
4.27927928e-02 -2.06697975e+01 -2.06697975e+01 -2.50725145e-02 -6.80089431e-03 -6.80089426e-03 7.13254574e+01 7.13254574e+01 1.73372523e+02 3.01815934e+02 3.22209529e+02 1.04543569e-18 9.20491522e-17 5.25788501e-06 7.13089599e-15 4.88410072e-15 3.39212418e-34 2.21626555e-19 2.42301429e-16 7.18568267e-01 6.95456429e-01 1.08140505e-18 1.16585592e-18 1.40808814e-06 3.39725510e-07 3.39725510e-07 3.56292512e-03 3.56292512e-03 2.67788185e-18 1.21798575e-02 1.25846260e-02
4.29429429e-02 -2.06697975e+01 -2.06697975e+01 -2.50725144e-02 -6.80089432e-03 -6.80089427e-03 7.13254574e+01 7.13254574e+01 1.73372523e+02 3.01781327e+02 3.22246479e+02 7.68178980e-18 7.91331784e-18 5.27633373e-06 1.25925370e-15 7.10793068e-16 4.41085628e-34 1.40952883e-18 8.98732622e-17 7.18608119e-01 6.95415251e-01 8.17207498e-19 1.53559033e-18 1.40808814e-06 3.39725510e-07 3.39725510e-07 3.56292512e-03 3.56292512e-03 6.70334584e-19 1.21791363e-02 1.25853240e-02
4.30930931e-02 -2.06697975e+01 -2.06697975e+01 -2.50725140e-02 -6.80089436e-03 -6.80089431e-03 7.13254574e+01 7.13254574e+01 1.73372523e+02 3.01746724e+02 3.22283432e+02 2.42496855e-17 3.19425362e-17 5.29478245e-06 1.24898232e-15 7.33536235e-16 4.76503773e-34 1.76108452e-18 1.32883125e-16 7.18647967e-01 6.95374072e-01 6.89203785e-19 2.72309885e-19 1.40808814e-06 3.39725510e-07 3.39725510e-07 3.56292512e-03 3.56292512e-03 9.43158378e-19 1.21784151e-02 1.25860219e-02
4.32432432e-02 -2.06697975e+01 -2.06697975e+01 -2.50725141e-02 -6.80089434e-03 -6.80089427e-03 7.13254574e+01 7.13254574e+01 1.73372523e+02 3.01712125e+02 3.22320390e+02 1.00334869e-17 2.44474969e-18 5.31323117e-06 1.37646571e-15 4.57713079e-16 5.01352854e-34 2.11263040e-18 2.44637349e-18 7.18687813e-01 6.95332890e-01 3.19658615e-18 1.77644986e-18 1.40808814e-06 3.39725510e-07 3.39725510e-07 3.56292512e-03 3.56292512e-03 3.54524359e-18 1.21776939e-02 1.25867197e-02
4.33933934e-02 -2.06697975e+01 -2.06697975e+01 -2.50725140e-02 -6.80089435e-03 -6.80089431e-03 7.13254574e+01 7.13254574e+01 1.73372523e+02 3.01677531e+02 3.22357352e+02 2.16689365e-17 1.64589482e-17 5.33167989e-06 1.13871599e-15 9.13992821e-16 5.31484205e-34 2.46416647e-18 3.52068469e-17 7.18727656e-01 6.95291706e-01 2.39848649e-19 2.81419943e-19 1.40808814e-06 3.39725510e-07 3.39725510e-07 3.56292512e-03 3.56292512e-03 1.66737904e-19 1.21769726e-02 1.25874175e-02
4.35435435e-02 -2.06697975e+01 -2.06697975e+01 -2.50725144e-02 -6.80089435e-03 -6.80089431e-03 7.13254574e+01 7.13254574e+01 1.73372523e+02 3.01642940e+02 3.22394318e+02 1.53239478e-17 1.01184888e-17 5.35012861e-06 1.16028682e-15 8.83510477e-16 5.61614049e-34 2.81569273e-18 6.61769427e-17 7.18767496e-01 6.95250521e-01 3.06754867e-19 2.66694782e-18 1.40808814e-06 3.39725510e-07 3.39725510e-07 3.56292512e-03 3.56292512e-03 8.52217113e-19 1.21762513e-02 1.25881152e-02
4.36936937e-02 -2.06697975e+01 -2.06697975e+01 -2.50725144e-02 -6.80089442e-03 -6.80089435e-03 7.13254574e+01 7.13254574e+01 1.73372523e+02 3.01608354e+02 3.22431288e+02 2.20612510e-17 2.62635159e-17 5.36857732e-06 4.35588628e-16 1.40067600e-15 6.01235792e-34 3.16720919e-18 1.30165739e-16 7.18807334e-01 6.95209333e-01 1.72485599e-18 2.73151227e-19 1.40808814e-06 3.39725510e-07 3.39725510e-07 3.56292512e-03 3.56292512e-03 9.73447628e-19 1.21755300e-02 1.25888129e-02
4.38438438e-02 -2.06697975e+01 -2.06697975e+01 -2.50725139e-02 -6.80089435e-03 -6.80089431e-03 7.13254574e+01 7.13254574e+01 1.73372523e+02 3.01573771e+02 3.22468262e+02 2.64364787e-17 1.74376182e-17 5.38702604e-06 6.98258893e-15 5.46181622e-15 5.48374774e-34 2.66182689e-18 2.19522191e-16 7.18847169e-01 6.95168143e-01 1.46655182e-18 7.04324536e-19 1.40808814e-06 3.39725510e-07 3.39725510e-07 3.56292512e-03 3.56292512e-03 9.73447628e-19 1.21748086e-02 1.25895106e-02
4.39939940e-02 -2.06697975e+01 -2.06697975e+01 -2.50725140e-02 -6.80089437e-03 -6.80089431e-03 7.13254574e+01 7.13254574e+01 1.73372523e+02 3.01539193e+02 3.22505240e+02 3.14621513e-17 1.44547592e-18 5.40547476e-06 7.90485302e-15 4.07238205e-15 5.78249098e-34 3.01038768e-18 1.69041330e-16 7.18887002e-01 6.95126952e-01 8.91745725e-19 2.97181272e-18 1.40808814e-06 3.39725510e-07 3.39725510e-07 3.56292512e-03 3.56292512e-03 1.51446250e-20 1.21740872e-02 1.25902082e-02
4.41441441e-02 -2.06697975e+01 -2.06697975e+01 -2.50725139e-02 -6.80089434e-03 -6.80089427e-03 7.13254574e+01 7.13254574e+01 1.73372523e+02 3.01504619e+02 3.22542223e+02 4.59277601e-18 2.26445865e-17 5.42392348e-06 1.40113099e-15 4.79504371e-16 6.82118345e-34 4.22169986e-18 1.16795073e-16 7.18926831e-01 6.95085758e-01 2.64121474e-18 1.88113644e-18 1.40808814e-06 3.39725510e-07 3.39725510e-07 3.56292512e-03 3.56292512e-03 2.57679169e-19 1.21733657e-02 1.25909057e-02
4.42942943e-02 -2.06697975e+01 -2.06697975e+01 -2.50725140e-02 -6.80089431e-03 -6.80089423e-03 7.13254574e+01 7.13254574e+01 1.73372523e+02 3.01470049e+02 3.22579209e+02 5.54316618e-18 1.05927835e-17 5.44237220e-06 1.43155578e-15 4.09551550e-16 7.12240650e-34 4.57317720e-18 1.05408707e-16 7.18966658e-01 6.95044563e-01 5.64451834e-19 1.61471892e-18 1.40808814e-06 3.39725510e-07 3.39725510e-07 3.56292512e-03 3.56292512e-03 9.43158378e-19 1.21726443e-02 1.25916033e-02
4.44444444e-02 -2.06697975e+01 -2.06697975e+01 -2.50725142e-02 -6.80089541e-03 -6.80089442e-03 7.13254574e+01 7.13254574e+01 1.73372523e+02 3.01435483e+02 3.22616200e+02 1.23050222e-17 3.56153799e-17 5.46082092e-06 3.92347124e-15 8.60564229e-17 9.31362256e-34 4.49032806e-18 1.17268385e-16 7.19006483e-01 6.95003365e-01 9.87173886e-19 2.38816276e-18 1.40808814e-06 3.39725510e-07 3.39725510e-07 3.56292512e-03 3.56292512e-03 1.03409964e-18 1.21719227e-02 1.25923007e-02
4.45945946e-02 -2.06697975e+01 -2.06697975e+01 -2.50725140e-02 -6.80089434e-03 -6.80089427e-03 7.13254574e+01 7.13254574e+01 1.73372523e+02 3.01400921e+02 3.22653194e+02 1.51625296e-17 6.28003538e-17 5.47926964e-06 3.51683013e-15 1.33326910e-15 7.35106056e-34 4.84031778e-18 2.58155423e-18 7.19046305e-01 6.94962166e-01 2.38347918e-18 1.34158012e-18 1.40808814e-06 3.39725510e-07 3.39725510e-07 3.56292512e-03 3.56292512e-03 2.67788185e-18 1.21712012e-02 1.25929981e-02
4.47447447e-02 -2.06697975e+01 -2.06697975e+01 -2.50725142e-02 -6.80089434e-03 -6.80089429e-03 7.13254574e+01 7.13254574e+01 1.73372523e+02 3.01366363e+02 3.22690193e+02 1.53048965e-17 1.45056893e-17 5.49771836e-06 8.39107296e-16 1.24768171e-15 8.02598514e-34 5.62755064e-18 1.52390966e-16 7.19086124e-01 6.94920964e-01 3.64719730e-18 4.68575007e-19 1.40808814e-06 3.39725510e-07 3.39725510e-07 3.56292512e-03 3.56292512e-03 1.53769632e-18 1.21704796e-02 1.25936955e-02
4.48948949e-02 -2.06697975e+01 -2.06697975e+01 -2.50725140e-02 -6.80089438e-03 -6.80089432e-03 7.13254574e+01 7.13254574e+01 1.73372523e+02 3.01331810e+02 3.22727196e+02 9.32227378e-18 2.26082488e-17 5.51616708e-06 5.95363440e-16 1.37509289e-15 8.32714785e-34 5.97898895e-18 2.66726337e-16 7.19125940e-01 6.94879761e-01 2.21128783e-19 5.35877211e-18 1.40808814e-06 3.39725510e-07 3.39725510e-07 3.56292512e-03 3.56292512e-03 8.52217113e-19 1.21697580e-02 1.25943928e-02
4.50450450e-02 -2.06697975e+01 -2.06697975e+01 -2.50725142e-02 -6.80089439e-03 -6.80089428e-03 7.13254574e+01 7.13254574e+01 1.73372523e+02 3.01297260e+02 3.22764203e+02 3.91428475e-17 9.36109899e-17 5.53461580e-06 2.40438706e-28 1.41189374e-28 1.66907081e-45 4.55004509e-28 7.70364795e-17 7.19165754e-01 6.94838556e-01 4.22262339e-19 1.25853505e-18 1.40808814e-06 3.39725510e-07 3.39725510e-07 3.56292512e-03 3.56292512e-03 7.57966397e-20 1.21690364e-02 1.25950901e-02
4.51951952e-02 -2.06697975e+01 -2.06697975e+01 -2.50725143e-02 -6.80089436e-03 -6.80089431e-03 7.13254574e+01 7.13254574e+01 1.73372523e+02 3.01262715e+02 3.22801214e+02 2.20165812e-17 3.45517875e-17 5.55306452e-06 1.31586938e-15 7.56265713e-16 8.92942803e-34 6.68183636e-18 4.77337427e-18 7.19205565e-01 6.94797348e-01 5.87423144e-19 1.46436255e-18 1.40808814e-06 3.39725510e-07 3.39725510e-07 3.56292512e-03 3.56292512e-03 8.52217113e-19 1.21683147e-02 1.25957873e-02
4.53453453e-02 -2.06697975e+01 -2.06697975e+01 -2.50725141e-02 -6.80089551e-03 -6.80089433e-03 7.13254574e+01 7.13254574e+01 1.73372523e+02 3.01228173e+02 3.22838229e+02 3.00731274e-20 1.79302332e-17 5.57151324e-06 1.67746935e-15 3.09884481e-17 1.27739652e-33 7.03324546e-18 1.23817423e-16 7.19245373e-01 6.94756139e-01 3.98103342e-18 1.47425191e-18 1.40808814e-06 3.39725510e-07 3.39725510e-07 3.56292512e-03 3.56292512e-03 7.00623834e-19 1.21675930e-02 1.25964845e-02
4.54954955e-02 -2.06697975e+01 -2.06697975e+01 -2.50725142e-02 -6.80089439e-03 -6.80089432e-03 7.13254574e+01 7.13254574e+01 1.73372523e+02 3.01193636e+02 3.22875248e+02 3.65187152e-17 1.91225578e-17 5.58996196e-06 1.45818744e-15 4.51764917e-16 9.53164787e-34 7.38464486e-18 4.20889753e-18 7.19285179e-01 6.94714928e-01 6.67010081e-18 9.35084780e-19 1.40808814e-06 3.39725510e-07 3.39725510e-07 3.56292512e-03 3.56292512e-03 1.51446250e-20 1.21668712e-02 1.25971817e-02
4.56456456e-02 -2.06697975e+01 -2.06697975e+01 -2.50725142e-02 -6.80089439e-03 -6.80089428e-03 7.13254574e+01 7.13254574e+01 1.73372523e+02 3.01159103e+02 3.22912271e+02 8.62772528e-18 1.36631405e-17 5.60841068e-06 2.43671677e-28 1.43087825e-28 1.69132509e-45 4.61122560e-28 1.10157692e-16 7.19324982e-01 6.94673715e-01 9.66097528e-19 1.22866777e-18 1.40808814e-06 3.39725510e-07 3.39725510e-07 3.56292512e-03 3.56292512e-03 7.91565098e-19 1.21661494e-02 1.25978787e-02
4.57957958e-02 -2.06697975e+01 -2.06697975e+01 -2.50725142e-02 -6.80089436e-03 -6.80089427e-03 7.13254574e+01 7.13254574e+01 1.73372523e+02 3.01124574e+02 3.22949299e+02 2.09623259e-17 2.55411010e-17 5.62685940e-06 8.97193190e-15 2.31343692e-15 6.41655556e-34 3.61711100e-18 1.06180452e-16 7.19364782e-01 6.94632500e-01 3.30248149e-18 7.99212005e-19 1.40808814e-06 3.39725510e-07 3.39725510e-07 3.56292512e-03 3.56292512e-03 1.93175063e-18 1.21654276e-02 1.25985758e-02
4.59459459e-02 -2.06697975e+01 -2.06697975e+01 -2.50725138e-02 -6.80089433e-03 -6.80089275e-03 7.13254574e+01 7.13254574e+01 1.73372523e+02 3.01090049e+02 3.22986330e+02 3.56231010e-17 1.32446355e-17 5.64530811e-06 5.39732964e-17 3.90514194e-15 4.57298495e-34 8.39043903e-19 2.81412379e-16 7.19404580e-01 6.94591283e-01 1.80773310e-18 6.92546794e-19 1.40808814e-06 3.39725510e-07 3.39725510e-07 3.56292512e-03 3.56292512e-03 9.43158378e-19 1.21647058e-02 1.25992728e-02
4.60960961e-02 -2.06697975e+01 -2.06697975e+01 -2.50725138e-02 -6.80089439e-03 -6.80089435e-03 7.13254574e+01 7.13254574e+01 1.73372523e+02 3.01055528e+02 3.23023366e+02 3.52005740e-18 9.25051524e-19 5.66375683e-06 1.05068309e-15 1.13791422e-15 4.83624577e-34 1.63914662e-18 2.15414378e-17 7.19444375e-01 6.94550064e-01 5.23406236e-18 2.12227596e-19 1.40808814e-06 3.39725510e-07 3.39725510e-07 3.56292512e-03 3.56292512e-03 7.57966397e-20 1.21639839e-02 1.25999697e-02
4.62462462e-02 -2.06697975e+01 -2.06697975e+01 -2.50725141e-02 -6.80089437e-03 -6.80089431e-03 7.13254574e+01 7.13254574e+01 1.73372523e+02 3.01021011e+02 3.23060406e+02 1.44326249e-17 5.95657239e-17 5.68220555e-06 1.38416804e-15 7.01847101e-16 5.13712207e-34 1.99024095e-18 3.30452001e-17 7.19484167e-01 6.94508843e-01 1.58936822e-18 1.75460584e-18 1.40808814e-06 3.39725510e-07 3.39725510e-07 3.56292512e-03 3.56292512e-03 1.81052012e-18 1.21632619e-02 1.26006666e-02
4.63963964e-02 -2.06697975e+01 -2.06697975e+01 -2.50725141e-02 -6.80089434e-03 -6.80089430e-03 7.13254574e+01 7.13254574e+01 1.73372523e+02 3.00986499e+02 3.23097449e+02 9.98096282e-18 5.62312633e-18 5.70065427e-06 1.00139224e-15 1.19315547e-15 5.43798261e-34 2.34132475e-18 2.61675649e-17 7.19523957e-01 6.94467620e-01 6.64461766e-19 1.10399146e-18 1.40808814e-06 3.39725510e-07 3.39725510e-07 3.56292512e-03 3.56292512e-03 7.91565098e-19 1.21625400e-02 1.26013635e-02
4.65465465e-02 -2.06697975e+01 -2.06697975e+01 -2.50725142e-02 -6.80089484e-03 -6.80089437e-03 7.13254574e+01 7.13254574e+01 1.73372523e+02 3.00951990e+02 3.23134497e+02 3.93700448e-18 1.29825529e-17 5.71910299e-06 1.62283915e-15 7.49765930e-17 7.09504890e-34 2.69239804e-18 4.92661897e-18 7.19563744e-01 6.94426395e-01 2.15553860e-19 6.81364154e-19 1.40808814e-06 3.39725510e-07 3.39725510e-07 3.56292512e-03 3.56292512e-03 1.97027154e-19 1.21618180e-02 1.26020603e-02
4.66966967e-02 -2.06697975e+01 -2.06697975e+01 -2.50725142e-02 -6.80089438e-03 -6.80089430e-03 7.13254574e+01 7.13254574e+01 1.73372523e+02 3.00917486e+02 3.23171549e+02 5.66535779e-17 9.32359479e-18 5.73755171e-06 4.30161021e-16 1.50980159e-15 6.13044244e-34 3.04346083e-18 1.00905179e-16 7.19603528e-01 6.94385169e-01 3.58830017e-18 1.41357559e-18 1.40808814e-06 3.39725510e-07 3.39725510e-07 3.56292512e-03 3.56292512e-03 7.57966397e-20 1.21610960e-02 1.26027571e-02
4.68468468e-02 -2.06697975e+01 -2.06697975e+01 -2.50725140e-02 -6.80089439e-03 -6.80089433e-03 7.13254574e+01 7.13254574e+01 1.73372523e+02 3.00882985e+02 3.23208605e+02 1.65896501e-18 1.34015097e-17 5.75600043e-06 7.20470966e-16 1.39912571e-15 6.44170314e-34 3.39451312e-18 3.00222535e-17 7.19643310e-01 6.94343940e-01 5.16323889e-19 6.57692920e-19 1.40808814e-06 3.39725510e-07 3.39725510e-07 3.56292512e-03 3.56292512e-03 2.85976438e-18 1.21603739e-02 1.26034538e-02
4.69969970e-02 -2.06697975e+01 -2.06697975e+01 -2.50725140e-02 -6.80089433e-03 -6.80089427e-03 7.13254574e+01 7.13254574e+01 1.73372523e+02 3.00848489e+02 3.23245665e+02 1.25129925e-17 2.47906727e-17 5.77444915e-06 1.44500119e-15 6.35615318e-16 6.64126720e-34 3.74555491e-18 9.86534442e-17 7.19683089e-01 6.94302709e-01 1.27404718e-18 1.28890210e-18 1.40808814e-06 3.39725510e-07 3.39725510e-07 3.56292512e-03 3.56292512e-03 7.91565098e-19 1.21596518e-02 1.26041504e-02
4.71471471e-02 -2.06697975e+01 -2.06697975e+01 -2.50725140e-02 -6.80089560e-03 -6.80089433e-03 7.13254574e+01 7.13254574e+01 1.73372523e+02 3.00813997e+02 3.23282730e+02 1.85697179e-17 1.48987888e-17 5.79289787e-06 1.53350057e-15 2.62222247e-17 9.00544706e-34 4.09658623e-18 8.89541828e-17 7.19722865e-01 6.94261477e-01 3.26568395e-19 3.37951530e-19 1.40808814e-06 3.39725510e-07 3.39725510e-07 3.56292512e-03 3.56292512e-03 1.97027154e-19 1.21589297e-02 1.26048471e-02
4.72972973e-02 -2.06697975e+01 -2.06697975e+01 -2.50725138e-02 -6.80089446e-03 -6.80089350e-03 7.13254574e+01 7.13254574e+01 1.73372523e+02 3.00779509e+02 3.23319798e+02 6.21161411e-17 1.55318824e-17 5.81134659e-06 2.12323887e-16 9.42836847e-15 8.22469020e-34 3.52318381e-18 5.47264254e-17 7.19762638e-01 6.94220242e-01 1.34390872e-18 1.04993017e-19 1.40808814e-06 3.39725510e-07 3.39725510e-07 3.56292512e-03 3.56292512e-03 7.57966397e-20 1.21582075e-02 1.26055436e-02
4.74474474e-02 -2.06697975e+01 -2.06697975e+01 -2.50725139e-02 -6.80089436e-03 -6.80089431e-03 7.13254574e+01 7.13254574e+01 1.73372523e+02 3.00745025e+02 3.23356871e+02 1.07969489e-17 1.32934574e-17 5.82979531e-06 1.35960289e-15 8.23871419e-16 7.54356517e-34 4.79861741e-18 2.43552640e-16 7.19802409e-01 6.94179006e-01 1.35410522e-18 1.71363824e-18 1.40808814e-06 3.39725510e-07 3.39725510e-07 3.56292512e-03 3.56292512e-03 9.43158378e-19 1.21574854e-02 1.26062401e-02
4.75975976e-02 -2.06697975e+01 -2.06697975e+01 -2.50725144e-02 -6.80089434e-03 -6.80089427e-03 7.13254574e+01 7.13254574e+01 1.73372523e+02 3.00710545e+02 3.23393947e+02 9.50672955e-18 1.05965969e-17 5.84824403e-06 9.03880687e-15 3.32391948e-15 7.04661797e-34 4.21932110e-18 2.11422133e-16 7.19842177e-01 6.94137767e-01 1.31469262e-18 2.12153311e-18 1.40808814e-06 3.39725510e-07 3.39725510e-07 3.56292512e-03 3.56292512e-03 4.41260533e-18 1.21567631e-02 1.26069366e-02
4.77477477e-02 -2.06697975e+01 -2.06697975e+01 -2.50725140e-02 -6.80089433e-03 -6.80089258e-03 7.13254574e+01 7.13254574e+01 1.73372523e+02 3.00676069e+02 3.23431028e+02 5.35779285e-17 3.23032028e-18 5.86669275e-06 1.19978570e-16 9.66172404e-15 9.64517930e-34 4.56737403e-18 1.16245746e-16 7.19881943e-01 6.94096527e-01 1.99658686e-18 7.35631416e-19 1.40808814e-06 3.39725510e-07 3.39725510e-07 3.56292512e-03 3.56292512e-03 7.57966397e-20 1.21560409e-02 1.26076331e-02
4.78978979e-02 -2.06697975e+01 -2.06697975e+01 -2.50725140e-02 -6.80089434e-03 -6.80089427e-03 7.13254574e+01 7.13254574e+01 1.73372523e+02 3.00641597e+02 3.23468113e+02 8.10141462e-18 4.38732533e-18 5.88514147e-06 1.49975177e-15 5.75690056e-16 8.44572129e-34 5.85158571e-18 6.82714687e-18 7.19921705e-01 6.94055285e-01 5.36567368e-18 4.68012954e-19 1.40808814e-06 3.39725510e-07 3.39725510e-07 3.56292512e-03 3.56292512e-03 1.81052012e-18 1.21553186e-02 1.26083294e-02
4.80480480e-02 -2.06697975e+01 -2.06697975e+01 -2.50725142e-02 -6.80089436e-03 -6.80089431e-03 7.13254574e+01 7.13254574e+01 1.73372523e+02 3.00607130e+02 3.23505201e+02 2.03575178e-17 5.23402907e-17 5.90359019e-06 1.38651430e-15 8.22687251e-16 8.74640848e-34 6.20255424e-18 2.24132768e-16 7.19961465e-01 6.94014040e-01 3.13713337e-18 3.97508650e-19 1.40808814e-06 3.39725510e-07 3.39725510e-07 3.56292512e-03 3.56292512e-03 7.61275848e-19 1.21545962e-02 1.26090258e-02
4.81981982e-02 -2.06697975e+01 -2.06697975e+01 -2.50725139e-02 -6.80089434e-03 -6.80089430e-03 7.13254574e+01 7.13254574e+01 1.73372523e+02 3.00572666e+02 3.23542294e+02 5.75235480e-18 1.81679369e-17 5.92203890e-06 1.05790289e-15 1.21893288e-15 9.04707989e-34 6.55351233e-18 2.59303116e-17 7.20001223e-01 6.93972794e-01 5.26546343e-19 3.20487476e-18 1.40808814e-06 3.39725510e-07 3.39725510e-07 3.56292512e-03 3.56292512e-03 3.72712612e-18 1.21538739e-02 1.26097221e-02
4.83483483e-02 -2.06697975e+01 -2.06697975e+01 -2.50725142e-02 -6.80089434e-03 -6.80089427e-03 7.13254574e+01 7.13254574e+01 1.73372523e+02 3.00538207e+02 3.23579391e+02 9.95938983e-18 7.95004786e-18 5.94048762e-06 1.52272933e-15 5.61027296e-16 9.34773555e-34 6.90445999e-18 1.43536453e-16 7.20040977e-01 6.93931546e-01 3.80705424e-18 3.45845801e-19 1.40808814e-06 3.39725510e-07 3.39725510e-07 3.56292512e-03 3.56292512e-03 1.97027154e-19 1.21531515e-02 1.26104183e-02
4.84984985e-02 -2.06697975e+01 -2.06697975e+01 -2.50725140e-02 -6.80089434e-03 -6.80089427e-03 7.13254574e+01 7.13254574e+01 1.73372523e+02 3.00503751e+02 3.23616493e+02 2.29923296e-18 2.66194850e-17 5.95893634e-06 1.52137468e-15 5.70955348e-16 9.64837544e-34 7.25539721e-18 3.13215813e-17 7.20080729e-01 6.93890296e-01 3.94641059e-18 9.71000411e-19 1.40808814e-06 3.39725510e-07 3.39725510e-07 3.56292512e-03 3.56292512e-03 1.90146138e-18 1.21524290e-02 1.26111145e-02
4.86486486e-02 -2.06697975e+01 -2.06697975e+01 -2.50725140e-02 -6.80089437e-03 -6.80089431e-03 7.13254574e+01 7.13254574e+01 1.73372523e+02 3.00469300e+02 3.23653598e+02 6.21537878e-17 1.50487309e-17 5.97738506e-06 1.47281814e-15 6.96618488e-16 9.94899956e-34 7.60632402e-18 2.13253053e-16 7.20120478e-01 6.93849044e-01 4.97130278e-18 6.97480813e-19 1.40808814e-06 3.39725510e-07 3.39725510e-07 3.56292512e-03 3.56292512e-03 9.43158378e-19 1.21517066e-02 1.26118106e-02
4.87987988e-02 -2.06697975e+01 -2.06697975e+01 -2.50725139e-02 -6.80089435e-03 -6.80089430e-03 7.13254574e+01 7.13254574e+01 1.73372523e+02 3.00434853e+02 3.23690707e+02 1.24766522e-17 1.09087416e-18 5.99583378e-06 1.17141681e-15 1.13472048e-15 1.02496079e-33 7.95724041e-18 5.01846795e-17 7.20160225e-01 6.93807791e-01 1.80342615e-18 1.39302951e-18 1.40808814e-06 3.39725510e-07 3.39725510e-07 3.56292512e-03 3.56292512e-03 1.51446250e-20 1.21509841e-02 1.26125067e-02
4.89489489e-02 -2.06697975e+01 -2.06697975e+01 -2.50725140e-02 -6.80089434e-03 -6.80089429e-03 7.13254574e+01 7.13254574e+01 1.73372523e+02 3.00400410e+02 3.23727821e+02 6.84251059e-17 6.34079982e-18 6.01428250e-06 5.19420304e-15 8.42728067e-15 6.77862095e-34 3.77341292e-18 1.96927330e-16 7.20199969e-01 6.93766535e-01 1.31547065e-18 3.69330220e-19 1.40808814e-06 3.39725510e-07 3.39725510e-07 3.56292512e-03 3.56292512e-03 9.43158378e-19 1.21502616e-02 1.26132028e-02
4.90990991e-02 -2.06697975e+01 -2.06697975e+01 -2.50725142e-02 -6.80089432e-03 -6.80089427e-03 7.13254574e+01 7.13254574e+01 1.73372523e+02 3.00365971e+02 3.23764938e+02 1.28407667e-17 1.84996001e-17 6.03273122e-06 8.72717316e-15 4.71036949e-15 4.12520482e-34 5.43091304e-19 1.67106984e-18 7.20239710e-01 6.93725277e-01 9.18548752e-19 4.00402914e-18 1.40808814e-06 3.39725510e-07 3.39725510e-07 3.56292512e-03 3.56292512e-03 1.51446250e-20 1.21495390e-02 1.26138988e-02
4.92492492e-02 -2.06697975e+01 -2.06697975e+01 -2.50725138e-02 -6.80089432e-03 -6.80089427e-03 7.13254574e+01 7.13254574e+01 1.73372523e+02 3.00331536e+02 3.23802060e+02 5.93818425e-17 5.01290449e-17 6.05117994e-06 1.44191282e-15 8.24201875e-16 5.24837164e-34 1.85336527e-18 3.41949869e-16 7.20279448e-01 6.93684018e-01 1.94668949e-19 2.46650049e-19 1.40808814e-06 3.39725510e-07 3.39725510e-07 3.56292512e-03 3.56292512e-03 7.91565098e-19 1.21488164e-02 1.26145948e-02
4.93993994e-02 -2.06697975e+01 -2.06697975e+01 -2.50725143e-02 -6.80089433e-03 -6.80089355e-03 7.13254574e+01 7.13254574e+01 1.73372523e+02 3.00297105e+02 3.23839186e+02 3.04490228e-17 2.93022878e-17 6.06962866e-06 2.82074847e-16 1.00309529e-14 5.34455470e-34 1.23843054e-18 2.12174599e-16 7.20319184e-01 6.93642756e-01 1.36162586e-18 3.73124957e-18 1.40808814e-06 3.39725510e-07 3.39725510e-07 3.56292512e-03 3.56292512e-03 1.44675506e-18 1.21480938e-02 1.26152907e-02
4.95495495e-02 -2.06697975e+01 -2.06697975e+01 -2.50725141e-02 -6.80089438e-03 -6.80089432e-03 7.13254574e+01 7.13254574e+01 1.73372523e+02 3.00262679e+02 3.23876315e+02 1.30139312e-18 2.11256698e-17 6.08807738e-06 1.52714316e-15 6.57290434e-16 5.84911654e-34 2.55455543e-18 7.73636023e-17 7.20358917e-01 6.93601493e-01 5.18978044e-18 1.44034816e-18 1.40808814e-06 3.39725510e-07 3.39725510e-07 3.56292512e-03 3.56292512e-03 1.03409964e-18 1.21473711e-02 1.26159865e-02
4.96996997e-02 -2.06697975e+01 -2.06697975e+01 -2.50725142e-02 -6.80089435e-03 -6.80089427e-03 7.13254574e+01 7.13254574e+01 1.73372523e+02 3.00228256e+02 3.23913449e+02 1.64779556e-17 2.14580675e-17 6.10652610e-06 1.57747020e-15 5.25376543e-16 6.14946434e-34 2.90513369e-18 9.64717640e-17 7.20398647e-01 6.93560227e-01 2.29843391e-19 2.22174589e-18 1.40808814e-06 3.39725510e-07 3.39725510e-07 3.56292512e-03 3.56292512e-03 2.61722984e-18 1.21466484e-02 1.26166824e-02
4.98498498e-02 -2.06697975e+01 -2.06697975e+01 -2.50725142e-02 -6.80089433e-03 -6.80089427e-03 7.13254574e+01 7.13254574e+01 1.73372523e+02 3.00193838e+02 3.23950587e+02 1.34457213e-17 1.84734742e-17 6.12497482e-06 1.53814295e-15 6.75985993e-16 6.44979570e-34 3.25570074e-18 3.15508400e-16 7.20438375e-01 6.93518960e-01 1.72924744e-18 7.72333479e-19 1.40808814e-06 3.39725510e-07 3.39725510e-07 3.56292512e-03 3.56292512e-03 2.49599932e-18 1.21459257e-02 1.26173781e-02
5.00000000e-02 -2.06697975e+01 -2.06697975e+01 -2.50725141e-02 -6.80089436e-03 -6.80089431e-03 7.13254574e+01 7.13254574e+01 1.73372523e+02 3.00159423e+02 3.23987729e+02 2.21248678e-17 7.08632018e-18 6.14342354e-06 1.46443631e-15 8.24061444e-16 6.75011062e-34 3.60625659e-18 6.62851262e-17 7.20478100e-01 6.93477691e-01 1.27808817e-18 1.85761100e-18 1.40808814e-06 3.39725510e-07 3.39725510e-07 3.56292512e-03 3.56292512e-03 1.81052012e-18 1.21452029e-02 1.26180738e-02
5.01501502e-02 -2.06697975e+01 -2.06697975e+01 -2.50725141e-02 -6.80089435e-03 -6.80089430e-03 7.13254574e+01 7.13254574e+01 1.73372523e+02 3.00125013e+02 3.24024876e+02 2.56089110e-18 3.25235752e-17 6.16187226e-06 1.19968978e-15 1.18145813e-15 7.05040910e-34 3.95680125e-18 3.52997530e-17 7.20517822e-01 6.93436420e-01 1.06897411e-18 6.36980638e-19 1.40808814e-06 3.39725510e-07 3.39725510e-07 3.56292512e-03 3.56292512e-03 8.52217113e-19 1.21444801e-02 1.26187695e-02
5.03003003e-02 -2.06697975e+01 -2.06697975e+01 -2.50725143e-02 -6.80089438e-03 -6.80089434e-03 7.13254574e+01 7.13254574e+01 1.73372523e+02 3.00090607e+02 3.24062026e+02 1.27372180e-16 4.81623303e-18 6.18032097e-06 5.45233540e-15 8.58634785e-15 6.50785641e-34 3.32417873e-18 1.07870630e-16 7.20557541e-01 6.93395147e-01 2.26312180e-18 2.44504678e-18 1.40808814e-06 3.39725510e-07 3.39725510e-07 3.56292512e-03 3.56292512e-03 2.58694059e-18 1.21437573e-02 1.26194651e-02
5.04504505e-02 -2.06697975e+01 -2.06697975e+01 -2.50725142e-02 -6.80089435e-03 -6.80089427e-03 7.13254574e+01 7.13254574e+01 1.73372523e+02 3.00056205e+02 3.24099180e+02 4.90560921e-18 7.55449858e-18 6.19876969e-06 1.62495738e-15 4.81117375e-16 7.65095675e-34 4.65785701e-18 1.14510040e-16 7.20597258e-01 6.93353872e-01 2.53763708e-18 1.29565418e-18 1.40808814e-06 3.39725510e-07 3.39725510e-07 3.56292512e-03 3.56292512e-03 2.79911237e-18 1.21430344e-02 1.26201607e-02
5.06006006e-02 -2.06697975e+01 -2.06697975e+01 -2.50725140e-02 -6.80089435e-03 -6.80089431e-03 7.13254574e+01 7.13254574e+01 1.73372523e+02 3.00021807e+02 3.24136339e+02 7.19313719e-19 7.72130509e-18 6.21721841e-06 1.27024227e-15 1.12824396e-15 7.95120592e-34 5.00836813e-18 2.68707424e-16 7.20636972e-01 6.93312595e-01 2.35836394e-19 6.72165805e-18 1.40808814e-06 3.39725510e-07 3.39725510e-07 3.56292512e-03 3.56292512e-03 1.81052012e-18 1.21423115e-02 1.26208562e-02
5.07507508e-02 -2.06697975e+01 -2.06697975e+01 -2.50725142e-02 -6.80089428e-03 -6.80089400e-03 7.13254574e+01 7.13254574e+01 1.73372523e+02 2.99987413e+02 3.24173501e+02 7.25495875e-18 3.31478224e-17 6.23566713e-06 7.94363480e-16 1.03173628e-14 9.59960813e-34 4.36690156e-18 1.08808452e-16 7.20676684e-01 6.93271316e-01 3.09543452e-18 1.80431762e-18 1.40808814e-06 3.39725510e-07 3.39725510e-07 3.56292512e-03 3.56292512e-03 9.43158378e-19 1.21415886e-02 1.26215517e-02
5.09009009e-02 -2.06697975e+01 -2.06697975e+01 -2.50725144e-02 -6.80089434e-03 -6.80089427e-03 7.13254574e+01 7.13254574e+01 1.73372523e+02 2.99953023e+02 3.24210668e+02 1.29302302e-17 4.41999478e-18 6.25411585e-06 1.61961239e-15 5.42991075e-16 8.55165492e-34 5.70935686e-18 2.37216245e-16 7.20716392e-01 6.93230036e-01 1.08556711e-18 5.67838236e-18 1.40808814e-06 3.39725510e-07 3.39725510e-07 3.56292512e-03 3.56292512e-03 2.58694059e-18 1.21408656e-02 1.26222472e-02
5.10510511e-02 -2.06697975e+01 -2.06697975e+01 -2.50725142e-02 -6.80089437e-03 -6.80089431e-03 7.13254574e+01 7.13254574e+01 1.73372523e+02 2.99918637e+02 3.24247839e+02 3.38472076e-17 2.04335458e-17 6.27256457e-06 9.16770334e-15 4.74235920e-15 7.99648094e-34 5.06199420e-18 1.09167477e-16 7.20756098e-01 6.93188753e-01 4.74985887e-18 1.90644030e-18 1.40808814e-06 3.39725510e-07 3.39725510e-07 3.56292512e-03 3.56292512e-03 5.18902580e-18 1.21401426e-02 1.26229426e-02
5.12012012e-02 -2.06697975e+01 -2.06697975e+01 -2.50725138e-02 -6.80089433e-03 -6.80089421e-03 7.13254574e+01 7.13254574e+01 1.73372523e+02 2.99884256e+02 3.24285014e+02 4.17918249e-17 4.36591944e-17 6.29101329e-06 1.82432216e-15 9.92278452e-15 1.10174495e-33 5.40952376e-18 1.18684850e-16 7.20795801e-01 6.93147468e-01 1.82989287e-18 3.73107173e-18 1.40808814e-06 3.39725510e-07 3.39725510e-07 3.56292512e-03 3.56292512e-03 7.91565098e-19 1.21394196e-02 1.26236379e-02
5.13513514e-02 -2.06697975e+01 -2.06697975e+01 -2.50725143e-02 -6.80089437e-03 -6.80089431e-03 7.13254574e+01 7.13254574e+01 1.73372523e+02 2.99849878e+02 3.24322193e+02 9.58335235e-18 1.45443738e-17 6.30946201e-06 1.52420571e-15 7.91701673e-16 9.45220512e-34 6.76075632e-18 2.38516359e-16 7.20835502e-01 6.93106182e-01 1.41633857e-18 8.38021512e-19 1.40808814e-06 3.39725510e-07 3.39725510e-07 3.56292512e-03 3.56292512e-03 7.91565098e-19 1.21386965e-02 1.26243332e-02
5.15015015e-02 -2.06697975e+01 -2.06697975e+01 -2.50725142e-02 -6.80089435e-03 -6.80089427e-03 7.13254574e+01 7.13254574e+01 1.73372523e+02 2.99815505e+02 3.24359376e+02 7.62842461e-18 1.28039179e-17 6.32791073e-06 1.64965316e-15 5.13022780e-16 9.75235563e-34 7.11120052e-18 8.87680851e-17 7.20875199e-01 6.93064894e-01 1.79905777e-18 1.22939880e-18 1.40808814e-06 3.39725510e-07 3.39725510e-07 3.56292512e-03 3.56292512e-03 1.51446250e-20 1.21379734e-02 1.26250284e-02
5.16516517e-02 -2.06697975e+01 -2.06697975e+01 -2.50725139e-02 -6.80089438e-03 -6.80089432e-03 7.13254574e+01 7.13254574e+01 1.73372523e+02 2.99781136e+02 3.24396563e+02 3.97712969e-17 4.00323784e-17 6.34635945e-06 9.71187865e-15 3.84804389e-15 9.18708546e-34 6.45204553e-18 3.02884860e-17 7.20914894e-01 6.93023604e-01 4.23501970e-19 1.29878696e-18 1.40808814e-06 3.39725510e-07 3.39725510e-07 3.56292512e-03 3.56292512e-03 1.51446250e-20 1.21372502e-02 1.26257236e-02
5.18018018e-02 -2.06697975e+01 -2.06697975e+01 -2.50725140e-02 -6.80089437e-03 -6.80089431e-03 7.13254574e+01 7.13254574e+01 1.73372523e+02 2.99746770e+02 3.24433754e+02 1.41582250e-17 6.32834190e-17 6.36480817e-06 3.84805144e-15 2.06174007e-15 9.91865153e-34 7.30579302e-18 2.04456389e-16 7.20954586e-01 6.92982312e-01 7.07447663e-19 7.51428303e-19 1.40808814e-06 3.39725510e-07 3.39725510e-07 3.56292512e-03 3.56292512e-03 1.66737904e-19 1.21365271e-02 1.26264188e-02
5.19519520e-02 -2.06697975e+01 -2.06697975e+01 -2.50725141e-02 -6.80089433e-03 -6.80089427e-03 7.13254574e+01 7.13254574e+01 1.73372523e+02 2.99712409e+02 3.24470950e+02 4.65123693e-18 1.40787051e-17 6.38325689e-06 1.60181096e-15 6.89798250e-16 1.06527085e-33 8.16246639e-18 4.90969172e-18 7.20994276e-01 6.92941018e-01 9.79422588e-19 4.46222844e-18 1.40808814e-06 3.39725510e-07 3.39725510e-07 3.56292512e-03 3.56292512e-03 1.81052012e-18 1.21358039e-02 1.26271139e-02
5.21021021e-02 -2.06697975e+01 -2.06697975e+01 -2.50725139e-02 -6.80089437e-03 -6.80089431e-03 7.13254574e+01 7.13254574e+01 1.73372523e+02 2.99678052e+02 3.24508149e+02 1.54605175e-17 1.41451160e-17 6.40170561e-06 1.53595807e-15 8.23224050e-16 7.99968814e-34 4.93190976e-18 1.87067307e-16 7.21033963e-01 6.92899722e-01 3.17378891e-19 8.53686443e-19 1.40808814e-06 3.39725510e-07 3.39725510e-07 3.56292512e-03 3.56292512e-03 1.56798557e-18 1.21350806e-02 1.26278089e-02
5.22522523e-02 -2.06697975e+01 -2.06697975e+01 -2.50725145e-02 -6.80089438e-03 -6.80089432e-03 7.13254574e+01 7.13254574e+01 1.73372523e+02 2.99643699e+02 3.24545352e+02 4.79641161e-17 1.83393102e-17 6.42015433e-06 9.79718832e-15 3.94996431e-15 4.47103715e-34 6.79715909e-19 1.01669725e-16 7.21073647e-01 6.92858424e-01 5.63016066e-18 2.42273991e-18 1.40808814e-06 3.39725510e-07 3.39725510e-07 3.56292512e-03 3.56292512e-03 1.74986810e-18 1.21343574e-02 1.26285039e-02
5.24024024e-02 -2.06697975e+01 -2.06697975e+01 -2.50725141e-02 -6.80089434e-03 -6.80089427e-03 7.13254574e+01 7.13254574e+01 1.73372523e+02 2.99609350e+02 3.24582560e+02 2.06111310e-17 4.40333625e-17 6.43860305e-06 1.66618555e-15 5.55749681e-16 5.64634736e-34 2.05113876e-18 2.05930284e-16 7.21113328e-01 6.92817124e-01 1.53700437e-19 2.04497691e-18 1.40808814e-06 3.39725510e-07 3.39725510e-07 3.56292512e-03 3.56292512e-03 1.12504091e-18 1.21336341e-02 1.26291989e-02
5.25525526e-02 -2.06697975e+01 -2.06697975e+01 -2.50725144e-02 -6.80089434e-03 -6.80089430e-03 7.13254574e+01 7.13254574e+01 1.73372523e+02 2.99575006e+02 3.24619772e+02 2.30767817e-17 1.65907968e-17 6.45705177e-06 1.18339159e-15 1.32762893e-15 5.94620416e-34 2.40121353e-18 1.04399850e-16 7.21153007e-01 6.92775823e-01 1.23453247e-18 2.16470390e-18 1.40808814e-06 3.39725510e-07 3.39725510e-07 3.56292512e-03 3.56292512e-03 1.74986810e-18 1.21329107e-02 1.26298938e-02
5.27027027e-02 -2.06697975e+01 -2.06697975e+01 -2.50725143e-02 -6.80089432e-03 -6.80089427e-03 7.13254574e+01 7.13254574e+01 1.73372523e+02 2.99540665e+02 3.24656988e+02 1.15688532e-17 4.18581814e-18 6.47550048e-06 1.53570688e-15 8.72260341e-16 6.24604385e-34 2.75127640e-18 2.03171343e-16 7.21192683e-01 6.92734519e-01 3.71282028e-18 8.24740094e-19 1.40808814e-06 3.39725510e-07 3.39725510e-07 3.56292512e-03 3.56292512e-03 1.71957885e-18 1.21321874e-02 1.26305887e-02
5.28528529e-02 -2.06697975e+01 -2.06697975e+01 -2.50725144e-02 -6.80089511e-03 -6.80089433e-03 7.13254574e+01 7.13254574e+01 1.73372523e+02 2.99506328e+02 3.24694208e+02 2.90821499e-17 4.96066653e-17 6.49394920e-06 1.05482384e-14 2.94065044e-16 6.70136441e-34 2.06824283e-18 1.81528063e-17 7.21232356e-01 6.92693214e-01 6.15446840e-19 6.49529125e-18 1.40808814e-06 3.39725510e-07 3.39725510e-07 3.56292512e-03 3.56292512e-03 1.74986810e-18 1.21314640e-02 1.26312835e-02
5.30030030e-02 -2.06697975e+01 -2.06697975e+01 -2.50725140e-02 -6.80089438e-03 -6.80089432e-03 7.13254574e+01 7.13254574e+01 1.73372523e+02 2.99471996e+02 3.24731432e+02 2.81217827e-19 2.28753045e-18 6.51239792e-06 1.63545726e-15 6.96913978e-16 6.84567189e-34 3.45136638e-18 1.90359503e-16 7.21272026e-01 6.92651907e-01 1.75998002e-18 9.63462173e-19 1.40808814e-06 3.39725510e-07 3.39725510e-07 3.56292512e-03 3.56292512e-03 8.52217113e-19 1.21307405e-02 1.26319783e-02
5.31531532e-02 -2.06697975e+01 -2.06697975e+01 -2.50725141e-02 -6.80089434e-03 -6.80089427e-03 7.13254574e+01 7.13254574e+01 1.73372523e+02 2.99437668e+02 3.24768660e+02 9.04476863e-17 1.32516644e-17 6.53084664e-06 1.01803423e-14 3.44802485e-15 6.25498092e-34 2.76243471e-18 1.07208748e-16 7.21311694e-01 6.92610598e-01 1.26533389e-18 1.33251889e-18 1.40808814e-06 3.39725510e-07 3.39725510e-07 3.56292512e-03 3.56292512e-03 8.52217113e-19 1.21300171e-02 1.26326730e-02
5.33033033e-02 -2.06697975e+01 -2.06697975e+01 -2.50725140e-02 -6.80089434e-03 -6.80089427e-03 7.13254574e+01 7.13254574e+01 1.73372523e+02 2.99403343e+02 3.24805892e+02 2.55007412e-17 8.23574173e-18 6.54929536e-06 1.70355756e-15 5.59865764e-16 7.44523146e-34 4.15140876e-18 1.25456889e-16 7.21351359e-01 6.92569287e-01 2.93067888e-18 4.31001742e-19 1.40808814e-06 3.39725510e-07 3.39725510e-07 3.56292512e-03 3.56292512e-03 9.43158378e-19 1.21292936e-02 1.26333676e-02
5.34534535e-02 -2.06697975e+01 -2.06697975e+01 -2.50725140e-02 -6.80089433e-03 -6.80089427e-03 7.13254574e+01 7.13254574e+01 1.73372523e+02 2.99369023e+02 3.24843128e+02 3.37633585e-17 6.00080299e-18 6.56774408e-06 1.66712665e-15 6.51487467e-16 7.74498556e-34 4.50141212e-18 3.07703312e-16 7.21391021e-01 6.92527974e-01 2.26405483e-18 6.22639301e-19 1.40808814e-06 3.39725510e-07 3.39725510e-07 3.56292512e-03 3.56292512e-03 7.91565098e-19 1.21285700e-02 1.26340623e-02
5.36036036e-02 -2.06697975e+01 -2.06697975e+01 -2.50725139e-02 -6.80089435e-03 -6.80089430e-03 7.13254574e+01 7.13254574e+01 1.73372523e+02 2.99334707e+02 3.24880369e+02 1.66877742e-17 5.78004320e-17 6.58619280e-06 1.30087930e-15 1.23565026e-15 8.04472255e-34 4.85140359e-18 2.01653374e-16 7.21430681e-01 6.92486659e-01 1.32828923e-18 1.96885552e-18 1.40808814e-06 3.39725510e-07 3.39725510e-07 3.56292512e-03 3.56292512e-03 9.43158378e-19 1.21278465e-02 1.26347568e-02
5.37537538e-02 -2.06697975e+01 -2.06697975e+01 -2.50725140e-02 -6.80089437e-03 -6.80089431e-03 7.13254574e+01 7.13254574e+01 1.73372523e+02 2.99300395e+02 3.24917613e+02 5.64694366e-18 4.08920759e-17 6.60464152e-06 1.59901802e-15 8.31495469e-16 8.34444242e-34 5.20138318e-18 6.07403880e-18 7.21470338e-01 6.92445342e-01 9.77396852e-19 6.08036771e-18 1.40808814e-06 3.39725510e-07 3.39725510e-07 3.56292512e-03 3.56292512e-03 2.67788185e-18 1.21271229e-02 1.26354514e-02
5.39039039e-02 -2.06697975e+01 -2.06697975e+01 -2.50725142e-02 -6.80089435e-03 -6.80089427e-03 7.13254574e+01 7.13254574e+01 1.73372523e+02 2.99266087e+02 3.24954862e+02 3.46402742e-17 3.74413864e-17 6.62309024e-06 1.72270397e-15 5.23025210e-16 8.64414517e-34 5.55135091e-18 3.31543429e-16 7.21509992e-01 6.92404024e-01 1.86265838e-18 1.67816096e-18 1.40808814e-06 3.39725510e-07 3.39725510e-07 3.56292512e-03 3.56292512e-03 4.13978154e-18 1.21263993e-02 1.26361458e-02
5.40540541e-02 -2.06697975e+01 -2.06697975e+01 -2.50725140e-02 -6.80089438e-03 -6.80089432e-03 7.13254574e+01 7.13254574e+01 1.73372523e+02 2.99231783e+02 3.24992114e+02 5.01324438e-18 8.79721415e-18 6.64153896e-06 1.66735371e-15 6.94473291e-16 8.94383080e-34 5.90130677e-18 1.45785042e-16 7.21549643e-01 6.92362703e-01 1.54648968e-19 3.36106507e-18 1.40808814e-06 3.39725510e-07 3.39725510e-07 3.56292512e-03 3.56292512e-03 7.57966397e-20 1.21256756e-02 1.26368403e-02
5.42042042e-02 -2.06697975e+01 -2.06697975e+01 -2.50725141e-02 -6.80089433e-03 -6.80089427e-03 7.13254574e+01 7.13254574e+01 1.73372523e+02 2.99197484e+02 3.25029371e+02 8.27310949e-19 1.66525175e-17 6.65998768e-06 1.65174641e-15 7.52699686e-16 9.24349931e-34 6.25125077e-18 7.37706137e-17 7.21589291e-01 6.92321381e-01 2.15329034e-18 1.06619527e-18 1.40808814e-06 3.39725510e-07 3.39725510e-07 3.56292512e-03 3.56292512e-03 1.03409964e-18 1.21249519e-02 1.26375347e-02
5.43543544e-02 -2.06697975e+01 -2.06697975e+01 -2.50725143e-02 -6.80089572e-03 -6.80089437e-03 7.13254574e+01 7.13254574e+01 1.73372523e+02 2.99163188e+02 3.25066632e+02 3.12506584e-18 3.20478276e-17 6.67843640e-06 1.08924579e-14 1.76919927e-16 1.14198004e-33 5.53872614e-18 1.17348586e-16 7.21628937e-01 6.92280057e-01 1.37980308e-18 6.69081747e-19 1.40808814e-06 3.39725510e-07 3.39725510e-07 3.56292512e-03 3.56292512e-03 1.06438889e-18 1.21242282e-02 1.26382290e-02
5.45045045e-02 -2.06697975e+01 -2.06697975e+01 -2.50725143e-02 -6.80089439e-03 -6.80089428e-03 7.13254574e+01 7.13254574e+01 1.73372523e+02 2.99128897e+02 3.25103897e+02 5.92510601e-17 5.94210500e-17 6.69688512e-06 2.91490723e-28 1.71167917e-28 2.01957568e-45 5.51614985e-28 1.31425176e-16 7.21668580e-01 6.92238731e-01 2.85216119e-18 7.37565284e-19 1.40808814e-06 3.39725510e-07 3.39725510e-07 3.56292512e-03 3.56292512e-03 3.66647411e-18 1.21235044e-02 1.26389233e-02
5.46546547e-02 -2.06697975e+01 -2.06697975e+01 -2.50725141e-02 -6.80089433e-03 -6.80089427e-03 7.13254574e+01 7.13254574e+01 1.73372523e+02 2.99094609e+02 3.25141166e+02 2.56779368e-17 2.43948253e-17 6.71533384e-06 4.28985023e-15 1.69314483e-15 9.68462859e-34 6.76684597e-18 3.34899900e-17 7.21708220e-01 6.92197403e-01 3.78161018e-18 1.14394045e-18 1.40808814e-06 3.39725510e-07 3.39725510e-07 3.56292512e-03 3.56292512e-03 4.88452054e-19 1.21227806e-02 1.26396175e-02
5.48048048e-02 -2.06697975e+01 -2.06697975e+01 -2.50725143e-02 -6.80089432e-03 -6.80089427e-03 7.13254574e+01 7.13254574e+01 1.73372523e+02 2.99060326e+02 3.25178439e+02 1.30507336e-17 7.32834042e-18 6.73378255e-06 1.62439562e-15 8.39075951e-16 1.04420021e-33 7.65090835e-18 3.00409394e-16 7.21747858e-01 6.92156073e-01 2.08614767e-18 3.86370269e-19 1.40808814e-06 3.39725510e-07 3.39725510e-07 3.56292512e-03 3.56292512e-03 1.62863759e-18 1.21220568e-02 1.26403117e-02
5.49549550e-02 -2.06697975e+01 -2.06697975e+01 -2.50725140e-02 -6.80089436e-03 -6.80089431e-03 7.13254574e+01 7.13254574e+01 1.73372523e+02 2.99026047e+02 3.25215716e+02 7.59557940e-17 4.47433218e-17 6.75223127e-06 1.75454647e-14 9.93424735e-15 1.20434526e-33 9.51995017e-18 4.27741134e-17 7.21787493e-01 6.92114741e-01 1.48123528e-18 1.17869405e-18 1.40808814e-06 3.39725510e-07 3.39725510e-07 3.56292512e-03 3.56292512e-03 8.82506363e-19 1.21213329e-02 1.26410059e-02
5.51051051e-02 -2.06697975e+01 -2.06697975e+01 -2.50725144e-02 -6.80089438e-03 -6.80089269e-03 7.13254574e+01 7.13254574e+01 1.73372523e+02 2.98991772e+02 3.25252998e+02 3.76709031e-17 9.18009119e-17 6.77067999e-06 2.61166536e-16 2.02129363e-14 1.73149386e-33 9.87397730e-18 1.88062659e-16 7.21827125e-01 6.92073408e-01 3.55074101e-18 1.30461108e-18 1.40808814e-06 3.39725510e-07 3.39725510e-07 3.56292512e-03 3.56292512e-03 1.97027154e-19 1.21206090e-02 1.26417000e-02
5.52552553e-02 -2.06697975e+01 -2.06697975e+01 -2.50725143e-02 -6.80089446e-03 -6.80089348e-03 7.13254574e+01 7.13254574e+01 1.73372523e+02 2.98957500e+02 3.25290283e+02 2.16002656e-16 5.44694936e-17 6.78912871e-06 3.04695614e-16 1.37441202e-14 1.23030565e-33 6.10386321e-18 4.17638473e-16 7.21866754e-01 6.92032072e-01 2.53021893e-18 2.40485949e-18 1.40808814e-06 3.39725510e-07 3.39725510e-07 3.56292512e-03 3.56292512e-03 3.18147853e-18 1.21198851e-02 1.26423940e-02
5.54054054e-02 -2.06697975e+01 -2.06697975e+01 -2.50725141e-02 -6.80089433e-03 -6.80089427e-03 7.13254574e+01 7.13254574e+01 1.73372523e+02 2.98923234e+02 3.25327573e+02 7.46223888e-17 3.43394995e-17 6.80757743e-06 6.56185559e-15 3.14688129e-15 6.11438842e-34 2.33049235e-18 3.56006209e-16 7.21906381e-01 6.91990735e-01 2.32292167e-18 1.62557001e-18 1.40808814e-06 3.39725510e-07 3.39725510e-07 3.56292512e-03 3.56292512e-03 3.27241980e-18 1.21191611e-02 1.26430880e-02
5.55555556e-02 -2.06697975e+01 -2.06697975e+01 -2.50725141e-02 -6.80089435e-03 -6.80089430e-03 7.13254574e+01 7.13254574e+01 1.73372523e+02 2.98888971e+02 3.25364866e+02 4.96924150e-17 3.31523170e-17 6.82602615e-06 1.48652901e-14 1.39562472e-14 7.34533610e-34 3.76719430e-18 2.12154821e-17 7.21946005e-01 6.91949396e-01 1.91716004e-18 3.67001778e-18 1.40808814e-06 3.39725510e-07 3.39725510e-07 3.56292512e-03 3.56292512e-03 1.06085890e-19 1.21184371e-02 1.26437820e-02
5.57057057e-02 -2.06697975e+01 -2.06697975e+01 -2.50725141e-02 -6.80089435e-03 -6.80089431e-03 7.13254574e+01 7.13254574e+01 1.73372523e+02 2.98854712e+02 3.25402164e+02 2.91740963e-17 1.25529870e-17 6.84447487e-06 5.48506091e-15 4.83158658e-15 6.71509193e-34 3.03197164e-18 1.08723160e-16 7.21985626e-01 6.91908055e-01 2.54164548e-18 2.72675128e-18 1.40808814e-06 3.39725510e-07 3.39725510e-07 3.56292512e-03 3.56292512e-03 7.61275848e-19 1.21177131e-02 1.26444759e-02
5.58558559e-02 -2.06697975e+01 -2.06697975e+01 -2.50725143e-02 -6.80089514e-03 -6.80089437e-03 7.13254574e+01 7.13254574e+01 1.73372523e+02 2.98820457e+02 3.25439466e+02 1.18484609e-17 7.43286847e-18 6.86292359e-06 1.39522386e-14 3.93621588e-16 9.45976226e-34 3.92860785e-18 3.75770954e-17 7.22025244e-01 6.91866712e-01 1.61848872e-18 6.66738169e-19 1.40808814e-06 3.39725510e-07 3.39725510e-07 3.56292512e-03 3.56292512e-03 1.71957885e-18 1.21169891e-02 1.26451697e-02
5.60060060e-02 -2.06697975e+01 -2.06697975e+01 -2.50725143e-02 -6.80089434e-03 -6.80089427e-03 7.13254574e+01 7.13254574e+01 1.73372523e+02 2.98786207e+02 3.25476772e+02 3.22192277e-17 1.28691262e-18 6.88137231e-06 1.92297056e-14 7.26539405e-15 8.25382975e-34 4.82816898e-18 4.42036835e-17 7.22064859e-01 6.91825367e-01 2.22622357e-18 1.54291631e-18 1.40808814e-06 3.39725510e-07 3.39725510e-07 3.56292512e-03 3.56292512e-03 4.41260533e-18 1.21162650e-02 1.26458635e-02
5.61561562e-02 -2.06697975e+01 -2.06697975e+01 -2.50725139e-02 -6.80089434e-03 -6.80089429e-03 7.13254574e+01 7.13254574e+01 1.73372523e+02 2.98751960e+02 3.25514082e+02 2.68831216e-17 3.09278719e-17 6.89982103e-06 1.11421073e-14 1.73397098e-14 8.55662525e-34 5.18180204e-18 1.11920998e-16 7.22104472e-01 6.91784021e-01 1.27170684e-18 1.08761597e-18 1.40808814e-06 3.39725510e-07 3.39725510e-07 3.56292512e-03 3.56292512e-03 2.67788185e-18 1.21155408e-02 1.26465573e-02
5.63063063e-02 -2.06697975e+01 -2.06697975e+01 -2.50725144e-02 -6.80089435e-03 -6.80089427e-03 7.13254574e+01 7.13254574e+01 1.73372523e+02 2.98717718e+02 3.25551396e+02 4.40286432e-17 4.35451209e-17 6.91826975e-06 1.96329031e-14 6.44362212e-15 8.85940288e-34 5.53542252e-18 6.55167469e-17 7.22144082e-01 6.91742672e-01 2.35961323e-18 1.40830072e-18 1.40808814e-06 3.39725510e-07 3.39725510e-07 3.56292512e-03 3.56292512e-03 3.27241980e-18 1.21148167e-02 1.26472510e-02
5.64564565e-02 -2.06697975e+01 -2.06697975e+01 -2.50725138e-02 -6.80089437e-03 -6.80089431e-03 7.13254574e+01 7.13254574e+01 1.73372523e+02 2.98683479e+02 3.25588714e+02 6.12211197e-17 3.89811373e-17 6.93671847e-06 1.83195088e-14 9.67905302e-15 9.16216265e-34 5.88903044e-18 1.34018589e-16 7.22183690e-01 6.91701322e-01 1.12398011e-18 1.35461073e-18 1.40808814e-06 3.39725510e-07 3.39725510e-07 3.56292512e-03 3.56292512e-03 9.43158378e-19 1.21140925e-02 1.26479446e-02
5.66066066e-02 -2.06697975e+01 -2.06697975e+01 -2.50725141e-02 -6.80089439e-03 -6.80089428e-03 7.13254574e+01 7.13254574e+01 1.73372523e+02 2.98649245e+02 3.25626036e+02 2.84731377e-17 9.35108442e-18 6.95516719e-06 3.02877015e-28 1.77854126e-28 2.09746565e-45 5.73162323e-28 3.48013435e-17 7.22223294e-01 6.91659970e-01 7.55742449e-19 8.76459946e-19 1.40808814e-06 3.39725510e-07 3.39725510e-07 3.56292512e-03 3.56292512e-03 9.43158378e-19 1.21133683e-02 1.26486383e-02
5.67567568e-02 -2.06697975e+01 -2.06697975e+01 -2.50725137e-02 -6.80089442e-03 -6.80089431e-03 7.13254574e+01 7.13254574e+01 1.73372523e+02 2.98615015e+02 3.25663363e+02 6.82537399e-18 8.71398292e-17 6.97361591e-06 1.47081050e-15 7.29978653e-15 3.76428608e-19 5.47382408e-18 7.71247633e-17 7.22262896e-01 6.91618616e-01 5.67812000e-19 2.11748876e-18 1.40808814e-06 3.39725510e-07 3.39725510e-07 3.56292512e-03 3.56292512e-03 9.43158378e-19 1.21126440e-02 1.26493318e-02
5.69069069e-02 -2.06697975e+01 -2.06697975e+01 -2.50725141e-02 -6.80089756e-03 -6.80089430e-03 7.13254574e+01 7.13254574e+01 1.73372523e+02 2.98580789e+02 3.25700693e+02 2.87913114e-17 2.90494801e-17 6.99206463e-06 2.09212664e-14 1.40075128e-16 1.35664348e-33 6.94977882e-18 5.24207601e-17 7.22302495e-01 6.91577260e-01 1.53843230e-18 5.31690668e-19 1.40808814e-06 3.39725510e-07 3.39725510e-07 3.56292512e-03 3.56292512e-03 9.43158378e-19 1.21119197e-02 1.26500253e-02
5.70570571e-02 -2.06697975e+01 -2.06697975e+01 -2.50725140e-02 -6.80089544e-03 -6.80089433e-03 7.13254574e+01 7.13254574e+01 1.73372523e+02 2.98546567e+02 3.25738028e+02 3.03631715e-17 3.80650698e-17 7.01051334e-06 2.08589386e-14 4.09158758e-16 1.40469125e-33 7.30333653e-18 5.96801992e-17 7.22342091e-01 6.91535902e-01 1.32692201e-18 8.08643139e-19 1.40808814e-06 3.39725510e-07 3.39725510e-07 3.56292512e-03 3.56292512e-03 1.06085890e-19 1.21111954e-02 1.26507188e-02
5.72072072e-02 -2.06697975e+01 -2.06697975e+01 -2.50725139e-02 -6.80089643e-03 -6.80089433e-03 7.13254574e+01 7.13254574e+01 1.73372523e+02 2.98512349e+02 3.25775366e+02 6.46837559e-18 2.77668311e-17 7.02896206e-06 2.10976989e-14 2.19413457e-16 1.45273594e-33 7.65688169e-18 2.02117182e-16 7.22381684e-01 6.91494542e-01 1.73992814e-18 1.60337818e-18 1.40808814e-06 3.39725510e-07 3.39725510e-07 3.56292512e-03 3.56292512e-03 1.90146138e-18 1.21104711e-02 1.26514122e-02
5.73573574e-02 -2.06697975e+01 -2.06697975e+01 -2.50725141e-02 -6.80089572e-03 -6.80089433e-03 7.13254574e+01 7.13254574e+01 1.73372523e+02 2.98478136e+02 3.25812709e+02 7.16583387e-18 8.77912142e-18 7.04741078e-06 2.12932115e-14 3.34064908e-16 1.50077755e-33 8.01041431e-18 2.46097757e-17 7.22421275e-01 6.91453181e-01 1.54590853e-18 5.85097739e-18 1.40808814e-06 3.39725510e-07 3.39725510e-07 3.56292512e-03 3.56292512e-03 7.57966397e-20 1.21097467e-02 1.26521056e-02
5.75075075e-02 -2.06697975e+01 -2.06697975e+01 -2.50725142e-02 -6.80089434e-03 -6.80089429e-03 7.13254574e+01 7.13254574e+01 1.73372523e+02 2.98443926e+02 3.25850056e+02 1.21692637e-16 9.68044466e-18 7.06585950e-06 4.40014099e-15 6.12905109e-15 1.03178165e-33 7.23978947e-18 7.81148576e-17 7.22460863e-01 6.91411817e-01 1.55689620e-18 3.77558325e-18 1.40808814e-06 3.39725510e-07 3.39725510e-07 3.56292512e-03 3.56292512e-03 2.67788185e-18 1.21090223e-02 1.26527989e-02
5.76576577e-02 -2.06697975e+01 -2.06697975e+01 -2.50725143e-02 -6.80089432e-03 -6.80089427e-03 7.13254574e+01 7.13254574e+01 1.73372523e+02 2.98409721e+02 3.25887407e+02 6.54872293e-17 2.16008400e-18 7.08430822e-06 1.87860839e-14 9.73598731e-15 1.15835976e-33 8.71744203e-18 1.86987546e-16 7.22500448e-01 6.91370452e-01 2.59687438e-18 9.93278882e-19 1.40808814e-06 3.39725510e-07 3.39725510e-07 3.56292512e-03 3.56292512e-03 1.06438889e-18 1.21082978e-02 1.26534922e-02
5.78078078e-02 -2.06697975e+01 -2.06697975e+01 -2.50725141e-02 -6.80089728e-03 -6.80089439e-03 7.13254574e+01 7.13254574e+01 1.73372523e+02 2.98375519e+02 3.25924762e+02 9.29784623e-17 1.47874689e-17 7.10275694e-06 7.76309644e-15 5.85546893e-17 1.49122439e-33 7.94091661e-18 3.44178354e-17 7.22540031e-01 6.91329085e-01 2.75657438e-18 2.74099875e-19 1.40808814e-06 3.39725510e-07 3.39725510e-07 3.56292512e-03 3.56292512e-03 1.51446250e-20 1.21075733e-02 1.26541854e-02
5.79579580e-02 -2.06697975e+01 -2.06697975e+01 -2.50725140e-02 -6.80089437e-03 -6.80089432e-03 7.13254574e+01 7.13254574e+01 1.73372523e+02 2.98341322e+02 3.25962121e+02 2.30797555e-18 7.60929720e-18 7.12120566e-06 1.94890890e-14 8.50802925e-15 1.21887777e-33 9.42441969e-18 7.02886524e-17 7.22579610e-01 6.91287716e-01 1.10015564e-18 1.56652590e-18 1.40808814e-06 3.39725510e-07 3.39725510e-07 3.56292512e-03 3.56292512e-03 1.03409964e-18 1.21068488e-02 1.26548786e-02
5.81081081e-02 -2.06697975e+01 -2.06697975e+01 -2.50725142e-02 -6.80089435e-03 -6.80089430e-03 7.13254574e+01 7.13254574e+01 1.73372523e+02 2.98307128e+02 3.25999484e+02 9.78491294e-17 2.19586225e-17 7.13965438e-06 5.30781677e-15 5.48610633e-15 1.58648516e-33 8.64199365e-18 8.75066462e-17 7.22619187e-01 6.91246346e-01 1.64186098e-18 1.15704801e-18 1.40808814e-06 3.39725510e-07 3.39725510e-07 3.56292512e-03 3.56292512e-03 8.52217113e-19 1.21061243e-02 1.26555717e-02
5.82582583e-02 -2.06697975e+01 -2.06697975e+01 -2.50725139e-02 -6.80089433e-03 -6.80089343e-03 7.13254574e+01 7.13254574e+01 1.73372523e+02 2.98272939e+02 3.26036851e+02 4.28681552e-17 5.78786972e-17 7.15810310e-06 1.86808492e-16 7.65181590e-15 1.63411093e-33 8.99251340e-18 1.83715019e-16 7.22658761e-01 6.91204973e-01 1.29376498e-18 3.27848657e-18 1.40808814e-06 3.39725510e-07 3.39725510e-07 3.56292512e-03 3.56292512e-03 2.57679169e-19 1.21053997e-02 1.26562648e-02
5.84084084e-02 -2.06697975e+01 -2.06697975e+01 -2.50725141e-02 -6.80089436e-03 -6.80089431e-03 7.13254574e+01 7.13254574e+01 1.73372523e+02 2.98238754e+02 3.26074223e+02 1.21334928e-17 4.62347865e-17 7.17655182e-06 1.83005418e-14 1.11605826e-14 1.01392996e-33 6.89738670e-18 1.64976554e-16 7.22698333e-01 6.91163599e-01 1.22040923e-18 1.97560736e-18 1.40808814e-06 3.39725510e-07 3.39725510e-07 3.56292512e-03 3.56292512e-03 1.84080937e-18 1.21046751e-02 1.26569578e-02
5.85585586e-02 -2.06697975e+01 -2.06697975e+01 -2.50725138e-02 -6.80089435e-03 -6.80089430e-03 7.13254574e+01 7.13254574e+01 1.73372523e+02 2.98204573e+02 3.26111598e+02 2.03836081e-17 3.00370529e-20 7.19500054e-06 1.50166676e-14 1.53820167e-14 7.48448920e-34 3.66308847e-18 1.79198245e-16 7.22737901e-01 6.91122222e-01 2.16260538e-18 3.09894050e-18 1.40808814e-06 3.39725510e-07 3.39725510e-07 3.56292512e-03 3.56292512e-03 1.81052012e-18 1.21039505e-02 1.26576508e-02
5.87087087e-02 -2.06697975e+01 -2.06697975e+01 -2.50725140e-02 -6.80089679e-03 -6.80089434e-03 7.13254574e+01 7.13254574e+01 1.73372523e+02 2.98170396e+02 3.26148978e+02 1.35221195e-18 9.65152845e-18 7.21344926e-06 2.16411697e-14 1.92272429e-16 9.80661471e-34 4.01618269e-18 3.97146589e-17 7.22777467e-01 6.91080844e-01 1.51177254e-18 1.30138552e-18 1.40808814e-06 3.39725510e-07 3.39725510e-07 3.56292512e-03 3.56292512e-03 1.66737904e-19 1.21032258e-02 1.26583437e-02
5.88588589e-02 -2.06697975e+01 -2.06697975e+01 -2.50725141e-02 -6.80089438e-03 -6.80089247e-03 7.13254574e+01 7.13254574e+01 1.73372523e+02 2.98136223e+02 3.26186362e+02 2.26424058e-17 3.30928475e-17 7.23189798e-06 8.54795267e-17 7.49698920e-15 8.72203962e-34 3.21867810e-18 1.29297798e-17 7.22817030e-01 6.91039464e-01 1.98787828e-18 1.29769792e-18 1.40808814e-06 3.39725510e-07 3.39725510e-07 3.56292512e-03 3.56292512e-03 1.06438889e-18 1.21025011e-02 1.26590366e-02
5.90090090e-02 -2.06697975e+01 -2.06697975e+01 -2.50725142e-02 -6.80089442e-03 -6.80089347e-03 7.13254574e+01 7.13254574e+01 1.73372523e+02 2.98102055e+02 3.26223749e+02 1.72271856e-17 9.13955206e-17 7.25034670e-06 3.36727600e-16 1.47205996e-14 9.98200668e-34 4.14556951e-18 1.75318028e-16 7.22856590e-01 6.90998083e-01 8.70853898e-19 3.26623791e-18 1.40808814e-06 3.39725510e-07 3.39725510e-07 3.56292512e-03 3.56292512e-03 7.61275848e-19 1.21017763e-02 1.26597295e-02
5.91591592e-02 -2.06697975e+01 -2.06697975e+01 -2.50725144e-02 -6.80089428e-03 -6.80089390e-03 7.13254574e+01 7.13254574e+01 1.73372523e+02 2.98067890e+02 3.26261141e+02 3.83788282e-17 7.09712563e-17 7.26879542e-06 4.47576205e-16 7.87841262e-15 9.67359642e-34 3.91892413e-18 8.89332280e-17 7.22896148e-01 6.90956699e-01 2.58648370e-18 2.03356899e-18 1.40808814e-06 3.39725510e-07 3.39725510e-07 3.56292512e-03 3.56292512e-03 6.70334584e-19 1.21010516e-02 1.26604223e-02
5.93093093e-02 -2.06697975e+01 -2.06697975e+01 -2.50725140e-02 -6.80089433e-03 -6.80089427e-03 7.13254574e+01 7.13254574e+01 1.73372523e+02 2.98033730e+02 3.26298537e+02 8.08987196e-18 4.12804407e-17 7.28724413e-06 2.02501750e-14 7.98611257e-15 8.99573346e-34 5.42842663e-18 1.35072129e-16 7.22935702e-01 6.90915313e-01 2.02009007e-18 1.35825574e-18 1.40808814e-06 3.39725510e-07 3.39725510e-07 3.56292512e-03 3.56292512e-03 3.54524359e-18 1.21003268e-02 1.26611150e-02
5.94594595e-02 -2.06697975e+01 -2.06697975e+01 -2.50725139e-02 -6.80089497e-03 -6.80089428e-03 7.13254574e+01 7.13254574e+01 1.73372523e+02 2.97999573e+02 3.26335937e+02 1.44504006e-16 5.63808290e-17 7.30569285e-06 7.83157485e-15 2.46207392e-16 1.06250260e-33 4.61911697e-18 1.41031755e-17 7.22975254e-01 6.90873926e-01 1.91375118e-18 8.82367370e-19 1.40808814e-06 3.39725510e-07 3.39725510e-07 3.56292512e-03 3.56292512e-03 1.81052012e-18 1.20996019e-02 1.26618077e-02
5.96096096e-02 -2.06697975e+01 -2.06697975e+01 -2.50725141e-02 -6.80089438e-03 -6.80089434e-03 7.13254574e+01 7.13254574e+01 1.73372523e+02 2.97965421e+02 3.26373341e+02 2.78736019e-17 8.40391609e-17 7.32414157e-06 1.14200038e-14 1.86651641e-14 9.77934017e-34 6.13446891e-18 2.04231730e-16 7.23014803e-01 6.90832537e-01 3.87597493e-18 1.56932321e-18 1.40808814e-06 3.39725510e-07 3.39725510e-07 3.56292512e-03 3.56292512e-03 1.93175063e-18 1.20988771e-02 1.26625003e-02
5.97597598e-02 -2.06697975e+01 -2.06697975e+01 -2.50725142e-02 -6.80089435e-03 -6.80089430e-03 7.13254574e+01 7.13254574e+01 1.73372523e+02 2.97931273e+02 3.26410750e+02 9.96997599e-18 1.97239882e-17 7.34259029e-06 1.55756238e-14 1.54430658e-14 9.90225753e-34 6.48747016e-18 1.49422028e-16 7.23054350e-01 6.90791146e-01 1.43749073e-18 2.87444112e-18 1.40808814e-06 3.39725510e-07 3.39725510e-07 3.56292512e-03 3.56292512e-03 1.65892684e-18 1.20981522e-02 1.26631929e-02
5.99099099e-02 -2.06697975e+01 -2.06697975e+01 -2.50725143e-02 -6.80089431e-03 -6.80089427e-03 7.13254574e+01 7.13254574e+01 1.73372523e+02 2.97897128e+02 3.26448162e+02 9.40624236e-17 3.60997476e-17 7.36103901e-06 6.58999211e-15 4.30059090e-15 9.20114465e-34 5.66930654e-18 8.95770113e-17 7.23093893e-01 6.90749753e-01 2.01104003e-18 1.59334274e-18 1.40808814e-06 3.39725510e-07 3.39725510e-07 3.56292512e-03 3.56292512e-03 8.82506363e-19 1.20974272e-02 1.26638855e-02
6.00600601e-02 -2.06697975e+01 -2.06697975e+01 -2.50725144e-02 -6.80089435e-03 -6.80089431e-03 7.13254574e+01 7.13254574e+01 1.73372523e+02 2.97862988e+02 3.26485578e+02 7.01051262e-17 2.04022921e-17 7.37948773e-06 6.01243392e-15 5.09841776e-15 9.50075888e-34 6.01934319e-18 6.41201191e-17 7.23133434e-01 6.90708359e-01 3.88571885e-18 1.74862576e-18 1.40808814e-06 3.39725510e-07 3.39725510e-07 3.56292512e-03 3.56292512e-03 1.51446250e-20 1.20967023e-02 1.26645780e-02
6.02102102e-02 -2.06697975e+01 -2.06697975e+01 -2.50725140e-02 -6.80089436e-03 -6.80089431e-03 7.13254574e+01 7.13254574e+01 1.73372523e+02 2.97828852e+02 3.26522999e+02 2.31978654e-17 5.06736814e-18 7.39793645e-06 1.87500318e-14 1.16997396e-14 1.08086147e-33 7.54639436e-18 4.76006594e-17 7.23172972e-01 6.90666962e-01 1.23988509e-18 1.14523932e-18 1.40808814e-06 3.39725510e-07 3.39725510e-07 3.56292512e-03 3.56292512e-03 2.49599932e-18 1.20959773e-02 1.26652704e-02
6.03603604e-02 -2.06697975e+01 -2.06697975e+01 -2.50725143e-02 -6.80089435e-03 -6.80089431e-03 7.13254574e+01 7.13254574e+01 1.73372523e+02 2.97794720e+02 3.26560423e+02 5.79983834e-17 1.46399631e-16 7.41638517e-06 6.27912064e-15 4.82488269e-15 1.00999319e-33 6.71937667e-18 1.24478447e-16 7.23212507e-01 6.90625564e-01 2.35113655e-18 3.32650518e-18 1.40808814e-06 3.39725510e-07 3.39725510e-07 3.56292512e-03 3.56292512e-03 7.61275848e-19 1.20952522e-02 1.26659628e-02
6.05105105e-02 -2.06697975e+01 -2.06697975e+01 -2.50725142e-02 -6.80089434e-03 -6.80089427e-03 7.13254574e+01 7.13254574e+01 1.73372523e+02 2.97760593e+02 3.26597852e+02 2.15686875e-17 2.03343984e-17 7.43483389e-06 2.09853422e-14 7.25265905e-15 1.14127601e-33 8.25227763e-18 2.30315745e-16 7.23252039e-01 6.90584164e-01 1.08774369e-18 7.72207744e-19 1.40808814e-06 3.39725510e-07 3.39725510e-07 3.56292512e-03 3.56292512e-03 2.70817110e-18 1.20945272e-02 1.26666552e-02
6.06606607e-02 -2.06697975e+01 -2.06697975e+01 -2.50725141e-02 -6.80089435e-03 -6.80089431e-03 7.13254574e+01 7.13254574e+01 1.73372523e+02 2.97726469e+02 3.26635285e+02 1.07561375e-16 9.70056144e-17 7.45328261e-06 6.29250238e-15 4.87069199e-15 1.06990308e-33 7.41935714e-18 1.06156017e-16 7.23291569e-01 6.90542762e-01 1.40939038e-18 1.84794740e-18 1.40808814e-06 3.39725510e-07 3.39725510e-07 3.56292512e-03 3.56292512e-03 2.58694059e-18 1.20938021e-02 1.26673475e-02
6.08108108e-02 -2.06697975e+01 -2.06697975e+01 -2.50725142e-02 -6.80089434e-03 -6.80089427e-03 7.13254574e+01 7.13254574e+01 1.73372523e+02 2.97692349e+02 3.26672722e+02 1.30649792e-16 4.29316993e-17 7.47173133e-06 7.56490102e-15 2.52847884e-15 1.09985526e-33 7.76932751e-18 2.03175586e-17 7.23331096e-01 6.90501358e-01 2.38614560e-18 1.77169029e-18 1.40808814e-06 3.39725510e-07 3.39725510e-07 3.56292512e-03 3.56292512e-03 3.36336106e-18 1.20930770e-02 1.26680397e-02
6.09609610e-02 -2.06697975e+01 -2.06697975e+01 -2.50725141e-02 -6.80089532e-03 -6.80089433e-03 7.13254574e+01 7.13254574e+01 1.73372523e+02 2.97658234e+02 3.26710163e+02 3.68209034e-17 1.48877369e-17 7.49018005e-06 2.26267454e-14 4.94022436e-16 1.70002483e-33 9.31100335e-18 5.68448315e-17 7.23370620e-01 6.90459953e-01 1.24565768e-18 1.70730008e-18 1.40808814e-06 3.39725510e-07 3.39725510e-07 3.56292512e-03 3.56292512e-03 2.58694059e-18 1.20923518e-02 1.26687319e-02
6.11111111e-02 -2.06697975e+01 -2.06697975e+01 -2.50725141e-02 -6.80089435e-03 -6.80089431e-03 7.13254574e+01 7.13254574e+01 1.73372523e+02 2.97624122e+02 3.26747608e+02 1.49527619e-17 2.66566232e-17 7.50862877e-06 1.73174798e-14 1.42383980e-14 1.26208284e-33 9.66388552e-18 1.57031518e-16 7.23410141e-01 6.90418545e-01 1.12380587e-18 1.95510110e-18 1.40808814e-06 3.39725510e-07 3.39725510e-07 3.56292512e-03 3.56292512e-03 3.54524359e-18 1.20916266e-02 1.26694241e-02
6.12612613e-02 -2.06697975e+01 -2.06697975e+01 -2.50725143e-02 -6.80089438e-03 -6.80089431e-03 7.13254574e+01 7.13254574e+01 1.73372523e+02 2.97590015e+02 3.26785057e+02 5.05732423e-17 6.02818359e-17 7.52707749e-06 7.39493120e-15 2.12260002e-14 1.29227991e-33 1.00167545e-17 2.86688428e-16 7.23449660e-01 6.90377136e-01 1.64011425e-18 4.45594088e-18 1.40808814e-06 3.39725510e-07 3.39725510e-07 3.56292512e-03 3.56292512e-03 3.66647411e-18 1.20909014e-02 1.26701162e-02
6.14114114e-02 -2.06697975e+01 -2.06697975e+01 -2.50725142e-02 -6.80089439e-03 -6.80089434e-03 7.13254574e+01 7.13254574e+01 1.73372523e+02 2.97555912e+02 3.26822510e+02 9.67484600e-17 2.02140304e-17 7.54552621e-06 4.90970197e-15 6.37975765e-15 1.21964546e-33 9.16907670e-18 1.46085300e-16 7.23489175e-01 6.90335725e-01 2.14557656e-18 2.45136017e-18 1.40808814e-06 3.39725510e-07 3.39725510e-07 3.56292512e-03 3.56292512e-03 3.27241980e-18 1.20901762e-02 1.26708082e-02
6.15615616e-02 -2.06697975e+01 -2.06697975e+01 -2.50725141e-02 -6.80089438e-03 -6.80089433e-03 7.13254574e+01 7.13254574e+01 1.73372523e+02 2.97521813e+02 3.26859967e+02 2.23265431e-17 2.65211808e-17 7.56397492e-06 1.04136342e-14 2.00520935e-14 1.05673457e-33 7.13154580e-18 1.27004178e-16 7.23528688e-01 6.90294312e-01 1.83171844e-18 1.08013563e-18 1.40808814e-06 3.39725510e-07 3.39725510e-07 3.56292512e-03 3.56292512e-03 1.06085890e-19 1.20894509e-02 1.26715002e-02
6.17117117e-02 -2.06697975e+01 -2.06697975e+01 -2.50725141e-02 -6.80089437e-03 -6.80089431e-03 7.13254574e+01 7.13254574e+01 1.73372523e+02 2.97487718e+02 3.26897429e+02 1.31678813e-16 1.30741329e-16 7.58242364e-06 1.35557254e-14 7.25536950e-15 7.39304823e-34 3.28992046e-18 1.53108101e-16 7.23568198e-01 6.90252898e-01 4.66739363e-18 2.32103051e-18 1.40808814e-06 3.39725510e-07 3.39725510e-07 3.56292512e-03 3.56292512e-03 2.40505806e-18 1.20887256e-02 1.26721922e-02
6.18618619e-02 -2.06697975e+01 -2.06697975e+01 -2.50725139e-02 -6.80089434e-03 -6.80089430e-03 7.13254574e+01 7.13254574e+01 1.73372523e+02 2.97453627e+02 3.26934894e+02 2.96113496e-17 1.07855092e-17 7.60087236e-06 5.04958675e-15 6.36662263e-15 7.17556688e-34 3.03624974e-18 1.99169434e-16 7.23607705e-01 6.90211481e-01 2.00986358e-18 3.19221457e-18 1.40808814e-06 3.39725510e-07 3.39725510e-07 3.56292512e-03 3.56292512e-03 3.45430233e-18 1.20880002e-02 1.26728841e-02
6.20120120e-02 -2.06697975e+01 -2.06697975e+01 -2.50725144e-02 -6.80089590e-03 -6.80089433e-03 7.13254574e+01 7.13254574e+01 1.73372523e+02 2.97419540e+02 3.26972364e+02 3.03844541e-17 3.44981570e-17 7.61932108e-06 2.28540475e-14 3.16189951e-16 1.08244890e-33 4.59805700e-18 9.68541450e-17 7.23647210e-01 6.90170063e-01 2.22897157e-18 9.22507301e-19 1.40808814e-06 3.39725510e-07 3.39725510e-07 3.56292512e-03 3.56292512e-03 8.52217113e-19 1.20872748e-02 1.26735760e-02
6.21621622e-02 -2.06697975e+01 -2.06697975e+01 -2.50725143e-02 -6.80089437e-03 -6.80089431e-03 7.13254574e+01 7.13254574e+01 1.73372523e+02 2.97385457e+02 3.27009838e+02 3.06233989e-20 3.62483266e-17 7.63776980e-06 2.01543674e-14 1.06809498e-14 8.81467452e-34 4.95050174e-18 1.46034209e-16 7.23686712e-01 6.90128643e-01 1.60507864e-18 1.67196160e-18 1.40808814e-06 3.39725510e-07 3.39725510e-07 3.56292512e-03 3.56292512e-03 2.79911237e-18 1.20865494e-02 1.26742678e-02
6.23123123e-02 -2.06697975e+01 -2.06697975e+01 -2.50725142e-02 -6.80089436e-03 -6.80089431e-03 7.13254574e+01 7.13254574e+01 1.73372523e+02 2.97351378e+02 3.27047315e+02 1.93323510e-18 2.74342346e-17 7.65621852e-06 1.91721524e-14 1.24895564e-14 9.11629363e-34 5.30293246e-18 2.05714950e-16 7.23726210e-01 6.90087221e-01 4.04118353e-18 2.41629275e-19 1.40808814e-06 3.39725510e-07 3.39725510e-07 3.56292512e-03 3.56292512e-03 3.54524359e-18 1.20858240e-02 1.26749595e-02
6.24624625e-02 -2.06697975e+01 -2.06697975e+01 -2.50725142e-02 -6.80089434e-03 -6.80089429e-03 7.13254574e+01 7.13254574e+01 1.73372523e+02 2.97317304e+02 3.27084797e+02 4.08977984e-17 1.50358537e-17 7.67466724e-06 1.28386832e-14 1.89913247e-14 9.41789352e-34 5.65534922e-18 3.61896755e-17 7.23765706e-01 6.90045797e-01 1.11430309e-18 1.69408928e-18 1.40808814e-06 3.39725510e-07 3.39725510e-07 3.56292512e-03 3.56292512e-03 3.45430233e-18 1.20850985e-02 1.26756513e-02
6.26126126e-02 -2.06697975e+01 -2.06697975e+01 -2.50725138e-02 -6.80089434e-03 -6.80089427e-03 7.13254574e+01 7.13254574e+01 1.73372523e+02 2.97283233e+02 3.27122283e+02 9.03514989e-17 2.36634749e-17 7.69311596e-06 2.17851499e-14 7.30843870e-15 1.93940042e-19 6.00462082e-18 3.19311124e-17 7.23805200e-01 6.90004372e-01 1.35826363e-18 1.33861579e-18 1.40808814e-06 3.39725510e-07 3.39725510e-07 3.56292512e-03 3.56292512e-03 2.76882312e-18 1.20843730e-02 1.26763429e-02
6.27627628e-02 -2.06697975e+01 -2.06697975e+01 -2.50725141e-02 -6.80089437e-03 -6.80089366e-03 7.13254574e+01 7.13254574e+01 1.73372523e+02 2.97249167e+02 3.27159773e+02 1.12670162e-17 7.56529357e-17 7.71156468e-06 7.00632131e-16 2.29264296e-14 1.32179852e-33 6.36014079e-18 1.45814467e-16 7.23844690e-01 6.89962944e-01 8.04523048e-19 1.62927660e-18 1.40808814e-06 3.39725510e-07 3.39725510e-07 3.56292512e-03 3.56292512e-03 1.62863759e-18 1.20836475e-02 1.26770345e-02
6.29129129e-02 -2.06697975e+01 -2.06697975e+01 -2.50725138e-02 -6.80089432e-03 -6.80089427e-03 7.13254574e+01 7.13254574e+01 1.73372523e+02 2.97215104e+02 3.27197267e+02 2.31801374e-17 3.49424191e-17 7.73001340e-06 2.07210294e-14 1.01878276e-14 1.03225779e-33 6.71251562e-18 2.89939293e-18 7.23884178e-01 6.89921515e-01 3.22765945e-18 1.42856473e-18 1.40808814e-06 3.39725510e-07 3.39725510e-07 3.56292512e-03 3.56292512e-03 1.81052012e-18 1.20829219e-02 1.26777261e-02
6.30630631e-02 -2.06697975e+01 -2.06697975e+01 -2.50725141e-02 -6.80089429e-03 -6.80089205e-03 7.13254574e+01 7.13254574e+01 1.73372523e+02 2.97181046e+02 3.27234766e+02 1.87113831e-18 2.74564665e-17 7.74846212e-06 2.24486186e-16 2.30682053e-14 1.41751526e-33 7.06487650e-18 7.85441348e-17 7.23923663e-01 6.89880084e-01 1.55691384e-18 2.77815003e-18 1.40808814e-06 3.39725510e-07 3.39725510e-07 3.56292512e-03 3.56292512e-03 8.52217113e-19 1.20821963e-02 1.26784176e-02
6.32132132e-02 -2.06697975e+01 -2.06697975e+01 -2.50725143e-02 -6.80089435e-03 -6.80089430e-03 7.13254574e+01 7.13254574e+01 1.73372523e+02 2.97146992e+02 3.27272268e+02 4.55386292e-18 1.09510062e-17 7.76691084e-06 1.60186632e-14 1.67697991e-14 1.09256047e-33 7.41722342e-18 1.01090035e-16 7.23963145e-01 6.89838651e-01 3.28651689e-18 2.62554993e-18 1.40808814e-06 3.39725510e-07 3.39725510e-07 3.56292512e-03 3.56292512e-03 1.06085890e-19 1.20814707e-02 1.26791091e-02
6.33633634e-02 -2.06697975e+01 -2.06697975e+01 -2.50725140e-02 -6.80089438e-03 -6.80089271e-03 7.13254574e+01 7.13254574e+01 1.73372523e+02 2.97112942e+02 3.27309774e+02 5.54581034e-17 7.25949247e-17 7.78535956e-06 2.05882253e-16 1.57375821e-14 1.42904477e-33 7.15018971e-18 1.11340328e-16 7.24002624e-01 6.89797217e-01 1.19951453e-18 2.69439161e-18 1.40808814e-06 3.39725510e-07 3.39725510e-07 3.56292512e-03 3.56292512e-03 7.91565098e-19 1.20807450e-02 1.26798005e-02
6.35135135e-02 -2.06697975e+01 -2.06697975e+01 -2.50725143e-02 -6.80089762e-03 -6.80089435e-03 7.13254574e+01 7.13254574e+01 1.73372523e+02 2.97078896e+02 3.27347285e+02 2.63440455e-17 5.44937791e-18 7.80380828e-06 2.31831154e-14 1.54394357e-16 1.56106561e-33 8.12187542e-18 4.44790931e-17 7.24042100e-01 6.89755781e-01 1.29253592e-18 1.30658953e-18 1.40808814e-06 3.39725510e-07 3.39725510e-07 3.56292512e-03 3.56292512e-03 1.62863759e-18 1.20800193e-02 1.26804919e-02
6.36636637e-02 -2.06697975e+01 -2.06697975e+01 -2.50725141e-02 -6.80089434e-03 -6.80089430e-03 7.13254574e+01 7.13254574e+01 1.73372523e+02 2.97044854e+02 3.27384799e+02 7.76167796e-17 6.01917279e-17 7.82225700e-06 5.23974349e-15 6.49864268e-15 1.07641417e-33 7.22956992e-18 8.40818542e-17 7.24081574e-01 6.89714342e-01 2.36459440e-18 4.77031216e-18 1.40808814e-06 3.39725510e-07 3.39725510e-07 3.56292512e-03 3.56292512e-03 2.58694059e-18 1.20792936e-02 1.26811832e-02
6.38138138e-02 -2.06697975e+01 -2.06697975e+01 -2.50725141e-02 -6.80089436e-03 -6.80089431e-03 7.13254574e+01 7.13254574e+01 1.73372523e+02 2.97010816e+02 3.27422318e+02 6.71850196e-17 2.44899460e-17 7.84070571e-06 6.87404283e-15 4.76447943e-15 1.10630650e-33 7.57892244e-18 9.33117728e-17 7.24121045e-01 6.89672902e-01 1.99704715e-18 8.64147217e-19 1.40808814e-06 3.39725510e-07 3.39725510e-07 3.56292512e-03 3.56292512e-03 2.70817110e-18 1.20785678e-02 1.26818745e-02
6.39639640e-02 -2.06697975e+01 -2.06697975e+01 -2.50725139e-02 -6.80089595e-03 -6.80089438e-03 7.13254574e+01 7.13254574e+01 1.73372523e+02 2.96976783e+02 3.27459841e+02 5.77128240e-17 2.78775177e-18 7.85915443e-06 2.36640158e-14 3.27537815e-16 1.70458623e-33 9.17874893e-18 1.65340796e-16 7.24160513e-01 6.89631461e-01 1.82957523e-18 6.65630484e-19 1.40808814e-06 3.39725510e-07 3.39725510e-07 3.56292512e-03 3.56292512e-03 8.52217113e-19 1.20778420e-02 1.26825657e-02
6.41141141e-02 -2.06697975e+01 -2.06697975e+01 -2.50725141e-02 -6.80089500e-03 -6.80089437e-03 7.13254574e+01 7.13254574e+01 1.73372523e+02 2.96942753e+02 3.27497368e+02 3.36184753e-17 3.18590772e-17 7.87760315e-06 2.34863781e-14 8.17633481e-16 1.75241983e-33 9.53101227e-18 2.88607567e-17 7.24199978e-01 6.89590017e-01 3.09241169e-18 1.55764427e-18 1.40808814e-06 3.39725510e-07 3.39725510e-07 3.56292512e-03 3.56292512e-03 1.81052012e-18 1.20771162e-02 1.26832569e-02
6.42642643e-02 -2.06697975e+01 -2.06697975e+01 -2.50725146e-02 -6.80089491e-03 -6.80089432e-03 7.13254574e+01 7.13254574e+01 1.73372523e+02 2.96908728e+02 3.27534899e+02 1.13592468e-17 7.08400560e-17 7.89605187e-06 2.36466151e-14 8.81872530e-16 1.80025012e-33 9.88326169e-18 6.33766811e-18 7.24239440e-01 6.89548572e-01 1.10390578e-18 1.78720606e-18 1.40808814e-06 3.39725510e-07 3.39725510e-07 3.56292512e-03 3.56292512e-03 5.79393319e-19 1.20763904e-02 1.26839480e-02
6.44144144e-02 -2.06697975e+01 -2.06697975e+01 -2.50725141e-02 -6.80089579e-03 -6.80089438e-03 7.13254574e+01 7.13254574e+01 1.73372523e+02 2.96874706e+02 3.27572434e+02 2.09165783e-17 6.61347901e-17 7.91450059e-06 8.71538941e-15 1.34509904e-16 1.67695062e-33 8.97619311e-18 7.94866401e-17 7.24278900e-01 6.89507125e-01 1.88247757e-18 3.36585843e-18 1.40808814e-06 3.39725510e-07 3.39725510e-07 3.56292512e-03 3.56292512e-03 9.43158378e-19 1.20756645e-02 1.26846391e-02
6.45645646e-02 -2.06697975e+01 -2.06697975e+01 -2.50725140e-02 -6.80089439e-03 -6.80089434e-03 7.13254574e+01 7.13254574e+01 1.73372523e+02 2.96840689e+02 3.27609973e+02 2.43821998e-17 3.24819820e-17 7.93294931e-06 4.89038306e-15 6.90659830e-15 1.25573937e-33 9.32547599e-18 5.12341280e-18 7.24318357e-01 6.89465676e-01 2.98942560e-18 6.81441028e-19 1.40808814e-06 3.39725510e-07 3.39725510e-07 3.56292512e-03 3.56292512e-03 2.58694059e-18 1.20749386e-02 1.26853301e-02
6.47147147e-02 -2.06697975e+01 -2.06697975e+01 -2.50725142e-02 -6.80089433e-03 -6.80089412e-03 7.13254574e+01 7.13254574e+01 1.73372523e+02 2.96806675e+02 3.27647516e+02 3.44810458e-17 6.19987051e-18 7.95139803e-06 2.45126678e-15 2.35319241e-14 1.94372118e-33 1.09399266e-17 3.37283596e-17 7.24357811e-01 6.89424225e-01 1.09112985e-18 3.08884396e-18 1.40808814e-06 3.39725510e-07 3.39725510e-07 3.56292512e-03 3.56292512e-03 6.70334584e-19 1.20742126e-02 1.26860211e-02
6.48648649e-02 -2.06697975e+01 -2.06697975e+01 -2.50725139e-02 -6.80089445e-03 -6.80089069e-03 7.13254574e+01 7.13254574e+01 1.73372523e+02 2.96772666e+02 3.27685063e+02 6.56557297e-17 5.21155373e-17 7.96984675e-06 1.37242954e-16 2.36615812e-14 1.99153826e-33 1.12921204e-17 7.65896581e-17 7.24397262e-01 6.89382773e-01 2.17472896e-18 1.45089361e-18 1.40808814e-06 3.39725510e-07 3.39725510e-07 3.56292512e-03 3.56292512e-03 1.06085890e-19 1.20734867e-02 1.26867120e-02
6.50150150e-02 -2.06697975e+01 -2.06697975e+01 -2.50725140e-02 -6.80089433e-03 -6.80089347e-03 7.13254574e+01 7.13254574e+01 1.73372523e+02 2.96738661e+02 3.27722615e+02 6.98616559e-18 2.76454212e-17 7.98829547e-06 6.12850858e-16 2.39544496e-14 2.03935203e-33 1.16443004e-17 1.50191089e-16 7.24436710e-01 6.89341318e-01 2.13294529e-18 1.13946664e-18 1.40808814e-06 3.39725510e-07 3.39725510e-07 3.56292512e-03 3.56292512e-03 1.81052012e-18 1.20727606e-02 1.26874029e-02
6.51651652e-02 -2.06697975e+01 -2.06697975e+01 -2.50725139e-02 -6.80089435e-03 -6.80089430e-03 7.13254574e+01 7.13254574e+01 1.73372523e+02 2.96704660e+02 3.27760170e+02 2.11049915e-17 1.01858412e-16 8.00674419e-06 1.64460123e-14 1.73483801e-14 1.48434046e-33 1.19964665e-17 4.50500643e-17 7.24476155e-01 6.89299862e-01 5.38155745e-19 1.43192369e-18 1.40808814e-06 3.39725510e-07 3.39725510e-07 3.56292512e-03 3.56292512e-03 7.57966397e-20 1.20720346e-02 1.26880937e-02
6.53153153e-02 -2.06697975e+01 -2.06697975e+01 -2.50725143e-02 -6.80089433e-03 -6.80089380e-03 7.13254574e+01 7.13254574e+01 1.73372523e+02 2.96670663e+02 3.27797730e+02 1.56111060e-16 1.24884762e-17 8.02519291e-06 6.78855164e-16 1.63257415e-14 2.04821573e-33 1.17101502e-17 2.11563013e-16 7.24515598e-01 6.89258405e-01 2.25583664e-18 2.28934874e-19 1.40808814e-06 3.39725510e-07 3.39725510e-07 3.56292512e-03 3.56292512e-03 1.53769632e-18 1.20713085e-02 1.26887845e-02
6.54654655e-02 -2.06697975e+01 -2.06697975e+01 -2.50725143e-02 -6.80089433e-03 -6.80089427e-03 7.13254574e+01 7.13254574e+01 1.73372523e+02 2.96636671e+02 3.27835294e+02 3.64256556e-17 2.62839924e-18 8.04364163e-06 2.22455205e-14 9.06218676e-15 1.54458546e-33 1.27007571e-17 1.22194204e-16 7.24555038e-01 6.89216945e-01 1.80648923e-18 2.39286467e-18 1.40808814e-06 3.39725510e-07 3.39725510e-07 3.56292512e-03 3.56292512e-03 3.45430233e-18 1.20705824e-02 1.26894752e-02
6.56156156e-02 -2.06697975e+01 -2.06697975e+01 -2.50725141e-02 -6.80089459e-03 -6.80089428e-03 7.13254574e+01 7.13254574e+01 1.73372523e+02 2.96602682e+02 3.27872861e+02 6.82496721e-19 3.38134348e-17 8.06209035e-06 2.38137731e-14 1.66358441e-15 2.23057406e-33 1.30528817e-17 1.90936844e-17 7.24594475e-01 6.89175484e-01 7.24116969e-18 1.78567401e-18 1.40808814e-06 3.39725510e-07 3.39725510e-07 3.56292512e-03 3.56292512e-03 7.57966397e-20 1.20698563e-02 1.26901659e-02
6.57657658e-02 -2.06697975e+01 -2.06697975e+01 -2.50725141e-02 -6.80089434e-03 -6.80089429e-03 7.13254574e+01 7.13254574e+01 1.73372523e+02 2.96568697e+02 3.27910433e+02 2.46392412e-18 7.59468180e-17 8.08053907e-06 5.11342483e-15 6.93216150e-15 1.49473224e-33 1.21192385e-17 4.86406213e-18 7.24633909e-01 6.89134020e-01 1.96454208e-18 2.49002194e-18 1.40808814e-06 3.39725510e-07 3.39725510e-07 3.56292512e-03 3.56292512e-03 1.71957885e-18 1.20691301e-02 1.26908565e-02
6.59159159e-02 -2.06697975e+01 -2.06697975e+01 -2.50725141e-02 -6.80089435e-03 -6.80089431e-03 7.13254574e+01 7.13254574e+01 1.73372523e+02 2.96534717e+02 3.27948009e+02 4.61578221e-17 4.75810012e-18 8.09898778e-06 6.72877129e-15 5.42063344e-15 1.52459772e-33 1.24683964e-17 9.32903717e-17 7.24673340e-01 6.89092555e-01 3.40909724e-18 1.63531321e-18 1.40808814e-06 3.39725510e-07 3.39725510e-07 3.56292512e-03 3.56292512e-03 7.61275848e-19 1.20684039e-02 1.26915471e-02
6.60660661e-02 -2.06697975e+01 -2.06697975e+01 -2.50725141e-02 -6.80089431e-03 -6.80089426e-03 7.13254574e+01 7.13254574e+01 1.73372523e+02 2.96500740e+02 3.27985589e+02 7.70068368e-17 1.11009154e-16 8.11743650e-06 1.95989590e-14 1.42656065e-14 1.66505239e-33 1.41091722e-17 1.63489495e-16 7.24712769e-01 6.89051089e-01 1.03366152e-18 2.14419144e-18 1.40808814e-06 3.39725510e-07 3.39725510e-07 3.56292512e-03 3.56292512e-03 2.67788185e-18 1.20676777e-02 1.26922376e-02
6.62162162e-02 -2.06697975e+01 -2.06697975e+01 -2.50725142e-02 -6.80089438e-03 -6.80089432e-03 7.13254574e+01 7.13254574e+01 1.73372523e+02 2.96466768e+02 3.28023173e+02 1.18685410e-17 3.27139469e-18 8.13588522e-06 9.80366502e-15 2.22350600e-14 1.10258624e-33 7.26841622e-18 1.44329811e-16 7.24752194e-01 6.89009620e-01 1.82105891e-18 3.27247238e-19 1.40808814e-06 3.39725510e-07 3.39725510e-07 3.56292512e-03 3.56292512e-03 7.61275848e-19 1.20669515e-02 1.26929281e-02
6.63663664e-02 -2.06697975e+01 -2.06697975e+01 -2.50725143e-02 -6.80089436e-03 -6.80089431e-03 7.13254574e+01 7.13254574e+01 1.73372523e+02 2.96432800e+02 3.28060762e+02 2.11581795e-17 1.99635158e-17 8.15433394e-06 2.08029107e-14 1.26613756e-14 1.13267228e-33 7.62010300e-18 2.25725449e-16 7.24791617e-01 6.88968150e-01 1.61497559e-18 1.62928721e-18 1.40808814e-06 3.39725510e-07 3.39725510e-07 3.56292512e-03 3.56292512e-03 2.79911237e-18 1.20662252e-02 1.26936185e-02
6.65165165e-02 -2.06697975e+01 -2.06697975e+01 -2.50725139e-02 -6.80089435e-03 -6.80089431e-03 7.13254574e+01 7.13254574e+01 1.73372523e+02 2.96398835e+02 3.28098354e+02 1.17605452e-17 7.22017560e-18 8.17278266e-06 1.87860318e-14 1.55968230e-14 5.70130020e-34 7.78211932e-19 1.37718758e-16 7.24831037e-01 6.88926678e-01 1.21482148e-18 1.55639674e-18 1.40808814e-06 3.39725510e-07 3.39725510e-07 3.56292512e-03 3.56292512e-03 4.68542912e-18 1.20654988e-02 1.26943089e-02
6.66666667e-02 -2.06697975e+01 -2.06697975e+01 -2.50725139e-02 -6.80089438e-03 -6.80089219e-03 7.13254574e+01 7.13254574e+01 1.73372523e+02 2.96364875e+02 3.28135950e+02 9.54366933e-19 4.55186867e-17 8.19123138e-06 2.42103326e-16 2.43776937e-14 6.56932008e-34 1.12949916e-18 2.32637131e-16 7.24870454e-01 6.88885204e-01 1.18587780e-18 9.25765227e-19 1.40808814e-06 3.39725510e-07 3.39725510e-07 3.56292512e-03 3.56292512e-03 2.85976438e-18 1.20647725e-02 1.26949992e-02
6.68168168e-02 -2.06697975e+01 -2.06697975e+01 -2.50725141e-02 -6.80089600e-03 -6.80089438e-03 7.13254574e+01 7.13254574e+01 1.73372523e+02 2.96330919e+02 3.28173551e+02 3.06546964e-17 1.94728816e-17 8.20968010e-06 2.44999695e-14 3.28232403e-16 7.04633480e-34 1.48077091e-18 1.74648787e-16 7.24909869e-01 6.88843728e-01 2.48436119e-18 4.90459168e-19 1.40808814e-06 3.39725510e-07 3.39725510e-07 3.56292512e-03 3.56292512e-03 1.53769632e-18 1.20640461e-02 1.26956895e-02
6.69669670e-02 -2.06697975e+01 -2.06697975e+01 -2.50725142e-02 -6.80089436e-03 -6.80089431e-03 7.13254574e+01 7.13254574e+01 1.73372523e+02 2.96296967e+02 3.28211155e+02 5.46016407e-17 2.36100416e-17 8.22812882e-06 2.04706828e-14 1.36082771e-14 6.60297746e-34 1.83202720e-18 7.96093338e-17 7.24949280e-01 6.88802251e-01 1.19809928e-18 1.47594219e-18 1.40808814e-06 3.39725510e-07 3.39725510e-07 3.56292512e-03 3.56292512e-03 1.51446250e-20 1.20633197e-02 1.26963797e-02
6.71171171e-02 -2.06697975e+01 -2.06697975e+01 -2.50725140e-02 -6.80089833e-03 -6.80089436e-03 7.13254574e+01 7.13254574e+01 1.73372523e+02 2.96263020e+02 3.28248764e+02 1.99389640e-17 1.97861493e-17 8.24657754e-06 1.66566296e-14 9.14583360e-17 7.10894672e-34 1.52716527e-18 8.16574525e-17 7.24988689e-01 6.88760772e-01 1.80865163e-18 2.11917725e-18 1.40808814e-06 3.39725510e-07 3.39725510e-07 3.56292512e-03 3.56292512e-03 1.62863759e-18 1.20625933e-02 1.26970699e-02
6.72672673e-02 -2.06697975e+01 -2.06697975e+01 -2.50725141e-02 -6.80089437e-03 -6.80089431e-03 7.13254574e+01 7.13254574e+01 1.73372523e+02 2.96229076e+02 3.28286377e+02 1.12768355e-17 6.04646736e-17 8.26502626e-06 2.17705249e-14 1.16535174e-14 7.20399282e-34 2.53449339e-18 1.28886698e-16 7.25028095e-01 6.88719291e-01 1.81998163e-18 2.68680444e-18 1.40808814e-06 3.39725510e-07 3.39725510e-07 3.56292512e-03 3.56292512e-03 1.81052012e-18 1.20618668e-02 1.26977601e-02
6.74174174e-02 -2.06697975e+01 -2.06697975e+01 -2.50725142e-02 -6.80089564e-03 -6.80089428e-03 7.13254574e+01 7.13254574e+01 1.73372523e+02 2.96195136e+02 3.28323993e+02 1.26729086e-16 6.46940065e-17 8.28347498e-06 8.87893627e-15 1.42929836e-16 7.16348535e-34 1.56761939e-18 1.20033081e-16 7.25067498e-01 6.88677808e-01 2.23151867e-18 9.99091852e-19 1.40808814e-06 3.39725510e-07 3.39725510e-07 3.56292512e-03 3.56292512e-03 1.06085890e-19 1.20611403e-02 1.26984501e-02
6.75675676e-02 -2.06697975e+01 -2.06697975e+01 -2.50725139e-02 -6.80089433e-03 -6.80089410e-03 7.13254574e+01 7.13254574e+01 1.73372523e+02 2.96161201e+02 3.28361614e+02 6.44287293e-17 4.02504809e-18 8.30192370e-06 1.65853123e-15 1.67447673e-14 8.53361854e-34 2.57638621e-18 1.19040524e-16 7.25106898e-01 6.88636324e-01 2.15356526e-18 1.11974038e-18 1.40808814e-06 3.39725510e-07 3.39725510e-07 3.56292512e-03 3.56292512e-03 7.61275848e-19 1.20604137e-02 1.26991402e-02
6.77177177e-02 -2.06697975e+01 -2.06697975e+01 -2.50725141e-02 -6.80089485e-03 -6.80089428e-03 7.13254574e+01 7.13254574e+01 1.73372523e+02 2.96127269e+02 3.28399239e+02 9.18573003e-18 4.13542262e-17 8.32037242e-06 8.78124508e-15 3.32690049e-16 8.10919434e-34 2.26411440e-18 3.36723031e-17 7.25146295e-01 6.88594837e-01 1.86949084e-18 1.44458523e-18 1.40808814e-06 3.39725510e-07 3.39725510e-07 3.56292512e-03 3.56292512e-03 1.90146138e-18 1.20596872e-02 1.26998302e-02
6.78678679e-02 -2.06697975e+01 -2.06697975e+01 -2.50725140e-02 -6.80089437e-03 -6.80089318e-03 7.13254574e+01 7.13254574e+01 1.73372523e+02 2.96093342e+02 3.28436869e+02 1.23392860e-16 2.99375477e-17 8.33882114e-06 3.08499384e-16 1.68871553e-14 9.48322426e-34 3.27578958e-18 1.31201079e-16 7.25185690e-01 6.88553349e-01 2.53005691e-18 4.95872267e-19 1.40808814e-06 3.39725510e-07 3.39725510e-07 3.56292512e-03 3.56292512e-03 8.52217113e-19 1.20589606e-02 1.27005201e-02
6.80180180e-02 -2.06697975e+01 -2.06697975e+01 -2.50725143e-02 -6.80089435e-03 -6.80089431e-03 7.13254574e+01 7.13254574e+01 1.73372523e+02 2.96059419e+02 3.28474502e+02 8.46818009e-18 4.18887652e-17 8.35726986e-06 1.93440493e-14 1.57841837e-14 8.70617134e-34 4.29038864e-18 8.98728495e-18 7.25225082e-01 6.88511860e-01 1.34818345e-18 2.01904883e-18 1.40808814e-06 3.39725510e-07 3.39725510e-07 3.56292512e-03 3.56292512e-03 2.76882312e-18 1.20582339e-02 1.27012100e-02
6.81681682e-02 -2.06697975e+01 -2.06697975e+01 -2.50725144e-02 -6.80089473e-03 -6.80089437e-03 7.13254574e+01 7.13254574e+01 1.73372523e+02 2.96025499e+02 3.28512139e+02 5.22978987e-19 1.28429652e-20 8.37571857e-06 2.50204126e-14 1.51525216e-15 1.13378858e-33 4.64152140e-18 1.14085843e-17 7.25264470e-01 6.88470368e-01 1.19711595e-18 3.75827791e-18 1.40808814e-06 3.39725510e-07 3.39725510e-07 3.56292512e-03 3.56292512e-03 1.97027154e-19 1.20575073e-02 1.27018998e-02
6.83183183e-02 -2.06697975e+01 -2.06697975e+01 -2.50725139e-02 -6.80089461e-03 -6.80089432e-03 7.13254574e+01 7.13254574e+01 1.73372523e+02 2.95991584e+02 3.28549780e+02 1.63929008e-17 1.81656530e-17 8.39416729e-06 2.48431552e-14 1.89669162e-15 1.18145490e-33 4.99263878e-18 6.73260701e-17 7.25303856e-01 6.88428875e-01 4.07672671e-18 3.49213352e-19 1.40808814e-06 3.39725510e-07 3.39725510e-07 3.56292512e-03 3.56292512e-03 9.43158378e-19 1.20567806e-02 1.27025896e-02
6.84684685e-02 -2.06697975e+01 -2.06697975e+01 -2.50725141e-02 -6.80089473e-03 -6.80089437e-03 7.13254574e+01 7.13254574e+01 1.73372523e+02 2.95957673e+02 3.28587426e+02 4.54154125e-17 5.63109707e-17 8.41261601e-06 1.70024802e-14 1.01765877e-15 1.13820144e-33 4.67441115e-18 2.56848289e-16 7.25343239e-01 6.88387380e-01 1.66381662e-18 1.18625089e-18 1.40808814e-06 3.39725510e-07 3.39725510e-07 3.56292512e-03 3.56292512e-03 7.57966397e-20 1.20560539e-02 1.27032793e-02
6.86186186e-02 -2.06697975e+01 -2.06697975e+01 -2.50725141e-02 -6.80089438e-03 -6.80089433e-03 7.13254574e+01 7.13254574e+01 1.73372523e+02 2.95923766e+02 3.28625075e+02 2.50145789e-17 2.47678876e-17 8.43106473e-06 8.28055031e-15 1.49526932e-14 9.33331550e-34 5.02402800e-18 2.26038398e-16 7.25382620e-01 6.88345883e-01 9.77548097e-18 8.66313748e-19 1.40808814e-06 3.39725510e-07 3.39725510e-07 3.56292512e-03 3.56292512e-03 7.91565098e-19 1.20553271e-02 1.27039690e-02
6.87687688e-02 -2.06697975e+01 -2.06697975e+01 -2.50725137e-02 -6.80089437e-03 -6.80089432e-03 7.13254574e+01 7.13254574e+01 1.73372523e+02 2.95889863e+02 3.28662729e+02 7.87251406e-17 3.38727480e-17 8.44951345e-06 8.28287978e-15 3.59021082e-15 9.05687659e-34 4.70136045e-18 5.88620046e-17 7.25421997e-01 6.88304385e-01 3.55409795e-18 1.34682461e-18 1.40808814e-06 3.39725510e-07 3.39725510e-07 3.56292512e-03 3.56292512e-03 1.62863759e-18 1.20546003e-02 1.27046587e-02
6.89189189e-02 -2.06697975e+01 -2.06697975e+01 -2.50725140e-02 -6.80089442e-03 -6.80089256e-03 7.13254574e+01 7.13254574e+01 1.73372523e+02 2.95855965e+02 3.28700387e+02 6.28074246e-17 1.98746887e-17 8.46796217e-06 2.93481456e-16 2.51248872e-14 1.37208503e-33 6.39695424e-18 1.92943269e-17 7.25461372e-01 6.88262884e-01 1.53843478e-18 1.16502696e-18 1.40808814e-06 3.39725510e-07 3.39725510e-07 3.56292512e-03 3.56292512e-03 9.43158378e-19 1.20538735e-02 1.27053482e-02
6.90690691e-02 -2.06697975e+01 -2.06697975e+01 -2.50725143e-02 -6.80089428e-03 -6.80089412e-03 7.13254574e+01 7.13254574e+01 1.73372523e+02 2.95822070e+02 3.28738048e+02 9.86832628e-18 2.69969180e-17 8.48641089e-06 3.49180116e-15 2.49769244e-14 1.41973377e-33 6.74799464e-18 3.04196657e-17 7.25500744e-01 6.88221382e-01 1.06649146e-18 1.66306429e-18 1.40808814e-06 3.39725510e-07 3.39725510e-07 3.56292512e-03 3.56292512e-03 1.97027154e-19 1.20531467e-02 1.27060378e-02
6.92192192e-02 -2.06697975e+01 -2.06697975e+01 -2.50725141e-02 -6.80089434e-03 -6.80089430e-03 7.13254574e+01 7.13254574e+01 1.73372523e+02 2.95788179e+02 3.28775714e+02 1.44747273e-16 2.84791447e-17 8.50485961e-06 1.69662364e-14 1.88989579e-14 1.11085874e-33 7.09901966e-18 6.65506464e-18 7.25540112e-01 6.88179879e-01 1.07334321e-18 7.99593552e-19 1.40808814e-06 3.39725510e-07 3.39725510e-07 3.56292512e-03 3.56292512e-03 3.54524359e-18 1.20524198e-02 1.27067273e-02
6.93693694e-02 -2.06697975e+01 -2.06697975e+01 -2.50725139e-02 -6.80089434e-03 -6.80089429e-03 7.13254574e+01 7.13254574e+01 1.73372523e+02 2.95754293e+02 3.28813384e+02 3.87349922e-17 3.66391814e-17 8.52330833e-06 1.37866425e-14 2.14039035e-14 1.14087969e-33 7.45002932e-18 1.76742811e-16 7.25579478e-01 6.88138373e-01 1.88398416e-18 1.20655367e-18 1.40808814e-06 3.39725510e-07 3.39725510e-07 3.56292512e-03 3.56292512e-03 2.58694059e-18 1.20516929e-02 1.27074167e-02
6.95195195e-02 -2.06697975e+01 -2.06697975e+01 -2.50725141e-02 -6.80089436e-03 -6.80089431e-03 7.13254574e+01 7.13254574e+01 1.73372523e+02 2.95720411e+02 3.28851058e+02 3.24554954e-17 6.24030351e-18 8.54175705e-06 7.64767394e-15 4.96273846e-15 1.05455173e-33 6.44178806e-18 2.20762098e-16 7.25618842e-01 6.88096866e-01 1.81325948e-18 1.36468921e-18 1.40808814e-06 3.39725510e-07 3.39725510e-07 3.56292512e-03 3.56292512e-03 7.91565098e-19 1.20509660e-02 1.27081061e-02
6.96696697e-02 -2.06697975e+01 -2.06697975e+01 -2.50725142e-02 -6.80089427e-03 -6.80089053e-03 7.13254574e+01 7.13254574e+01 1.73372523e+02 2.95686532e+02 3.28888737e+02 7.75755484e-17 2.76659278e-17 8.56020577e-06 5.43868472e-17 9.32130519e-15 1.42528846e-33 6.78982741e-18 1.10777410e-16 7.25658202e-01 6.88055357e-01 2.30415571e-18 1.24965667e-18 1.40808814e-06 3.39725510e-07 3.39725510e-07 3.56292512e-03 3.56292512e-03 1.81052012e-18 1.20502390e-02 1.27087954e-02
6.98198198e-02 -2.06697975e+01 -2.06697975e+01 -2.50725141e-02 -6.80089438e-03 -6.80089432e-03 7.13254574e+01 7.13254574e+01 1.73372523e+02 2.95652658e+02 3.28926419e+02 1.07651191e-17 1.25622665e-18 8.57865449e-06 1.00124476e-14 2.35800629e-14 1.23093018e-33 8.50296618e-18 7.29920616e-17 7.25697559e-01 6.88013846e-01 1.75726340e-18 3.37831250e-19 1.40808814e-06 3.39725510e-07 3.39725510e-07 3.56292512e-03 3.56292512e-03 1.51446250e-20 1.20495120e-02 1.27094847e-02
6.99699700e-02 -2.06697975e+01 -2.06697975e+01 -2.50725146e-02 -6.80089687e-03 -6.80089434e-03 7.13254574e+01 7.13254574e+01 1.73372523e+02 2.95618788e+02 3.28964105e+02 1.52872299e-17 3.22193199e-17 8.59710321e-06 2.56622745e-14 2.20584467e-16 1.70555235e-33 8.85391443e-18 9.26217188e-17 7.25736914e-01 6.87972333e-01 3.82834197e-18 1.97845525e-18 1.40808814e-06 3.39725510e-07 3.39725510e-07 3.56292512e-03 3.56292512e-03 9.43158378e-19 1.20487850e-02 1.27101739e-02
7.01201201e-02 -2.06697975e+01 -2.06697975e+01 -2.50725141e-02 -6.80089516e-03 -6.80089433e-03 7.13254574e+01 7.13254574e+01 1.73372523e+02 2.95584922e+02 3.29001796e+02 2.83113733e-17 3.29730414e-17 8.61555193e-06 2.55879488e-14 6.68907011e-16 1.75317647e-33 9.20484736e-18 3.54750183e-17 7.25776266e-01 6.87930819e-01 2.24382783e-18 1.96531676e-18 1.40808814e-06 3.39725510e-07 3.39725510e-07 3.56292512e-03 3.56292512e-03 8.52217113e-19 1.20480579e-02 1.27108631e-02
7.02702703e-02 -2.06697975e+01 -2.06697975e+01 -2.50725141e-02 -6.80089437e-03 -6.80089396e-03 7.13254574e+01 7.13254574e+01 1.73372523e+02 2.95551060e+02 3.29039490e+02 1.85812273e-17 5.50945999e-17 8.63400065e-06 4.82945277e-16 9.20189796e-15 1.61420585e-33 8.18183119e-18 9.99125109e-17 7.25815615e-01 6.87889303e-01 4.79955943e-18 1.88790934e-18 1.40808814e-06 3.39725510e-07 3.39725510e-07 3.56292512e-03 3.56292512e-03 9.73447628e-19 1.20473308e-02 1.27115523e-02
7.04204204e-02 -2.06697975e+01 -2.06697975e+01 -2.50725138e-02 -6.80089438e-03 -6.80089244e-03 7.13254574e+01 7.13254574e+01 1.73372523e+02 2.95517202e+02 3.29077189e+02 3.47702958e-17 2.66806161e-17 8.65244936e-06 2.87422426e-16 2.56302509e-14 1.84841415e-33 9.90666724e-18 2.15790170e-16 7.25854961e-01 6.87847785e-01 2.70124277e-18 3.02030575e-18 1.40808814e-06 3.39725510e-07 3.39725510e-07 3.56292512e-03 3.56292512e-03 1.03409964e-18 1.20466037e-02 1.27122414e-02
7.05705706e-02 -2.06697975e+01 -2.06697975e+01 -2.50725141e-02 -6.80089439e-03 -6.80089434e-03 7.13254574e+01 7.13254574e+01 1.73372523e+02 2.95483348e+02 3.29114891e+02 7.30346041e-17 3.43639456e-17 8.67089808e-06 5.85526677e-15 7.16039658e-15 1.26287524e-33 8.87774097e-18 1.89356123e-17 7.25894304e-01 6.87806266e-01 2.63426591e-18 2.70892060e-18 1.40808814e-06 3.39725510e-07 3.39725510e-07 3.56292512e-03 3.56292512e-03 1.06438889e-18 1.20458765e-02 1.27129304e-02
7.07207207e-02 -2.06697975e+01 -2.06697975e+01 -2.50725141e-02 -6.80089436e-03 -6.80089431e-03 7.13254574e+01 7.13254574e+01 1.73372523e+02 2.95449498e+02 3.29152598e+02 3.80303217e-17 9.85722082e-18 8.68934680e-06 2.14476384e-14 1.46121285e-14 1.41097560e-33 1.06084258e-17 2.34567096e-16 7.25933644e-01 6.87764745e-01 1.83428215e-18 2.23653382e-18 1.40808814e-06 3.39725510e-07 3.39725510e-07 3.56292512e-03 3.56292512e-03 1.06085890e-19 1.20451494e-02 1.27136194e-02
7.08708709e-02 -2.06697975e+01 -2.06697975e+01 -2.50725141e-02 -6.80089434e-03 -6.80089176e-03 7.13254574e+01 7.13254574e+01 1.73372523e+02 2.95415653e+02 3.29190309e+02 2.88424495e-17 1.63167043e-17 8.70779552e-06 2.20036708e-16 2.60345493e-14 1.99124428e-33 1.09592822e-17 1.98302468e-16 7.25972982e-01 6.87723222e-01 1.36230555e-18 3.16054608e-19 1.40808814e-06 3.39725510e-07 3.39725510e-07 3.56292512e-03 3.56292512e-03 1.71957885e-18 1.20444221e-02 1.27143083e-02
7.10210210e-02 -2.06697975e+01 -2.06697975e+01 -2.50725141e-02 -6.80089434e-03 -6.80089429e-03 7.13254574e+01 7.13254574e+01 1.73372523e+02 2.95381811e+02 3.29228024e+02 3.39728709e-18 4.29690243e-17 8.72624424e-06 1.35642808e-14 2.22552903e-14 1.47097428e-33 1.13101232e-17 2.22106964e-16 7.26012316e-01 6.87681697e-01 2.52735455e-18 1.15204206e-18 1.40808814e-06 3.39725510e-07 3.39725510e-07 3.56292512e-03 3.56292512e-03 1.71957885e-18 1.20436949e-02 1.27149972e-02
7.11711712e-02 -2.06697975e+01 -2.06697975e+01 -2.50725141e-02 -6.80089435e-03 -6.80089431e-03 7.13254574e+01 7.13254574e+01 1.73372523e+02 2.95347974e+02 3.29265743e+02 4.27648586e-17 8.02504582e-17 8.74469296e-06 2.05812503e-14 1.60653447e-14 1.50097054e-33 1.16609490e-17 3.22307302e-16 7.26051648e-01 6.87640171e-01 1.07657479e-18 3.36856663e-18 1.40808814e-06 3.39725510e-07 3.39725510e-07 3.56292512e-03 3.56292512e-03 2.58694059e-18 1.20429676e-02 1.27156860e-02
7.13213213e-02 -2.06697975e+01 -2.06697975e+01 -2.50725138e-02 -6.80089438e-03 -6.80089434e-03 7.13254574e+01 7.13254574e+01 1.73372523e+02 2.95314140e+02 3.29303466e+02 2.86408052e-17 5.29391216e-17 8.76314168e-06 1.37847614e-14 2.22528365e-14 1.53096473e-33 1.20117595e-17 8.31484372e-17 7.26090977e-01 6.87598642e-01 1.30853914e-18 5.92634785e-18 1.40808814e-06 3.39725510e-07 3.39725510e-07 3.56292512e-03 3.56292512e-03 1.81052012e-18 1.20422403e-02 1.27163748e-02
7.14714715e-02 -2.06697975e+01 -2.06697975e+01 -2.50725142e-02 -6.80089436e-03 -6.80089431e-03 7.13254574e+01 7.13254574e+01 1.73372523e+02 2.95280311e+02 3.29341193e+02 3.48682457e-17 5.48513352e-18 8.78159040e-06 2.23731479e-14 1.36782127e-14 1.56095687e-33 1.23625547e-17 1.27994565e-16 7.26130303e-01 6.87557112e-01 1.31084197e-18 2.20375660e-18 1.40808814e-06 3.39725510e-07 3.39725510e-07 3.56292512e-03 3.56292512e-03 1.90146138e-18 1.20415130e-02 1.27170636e-02
7.16216216e-02 -2.06697975e+01 -2.06697975e+01 -2.50725140e-02 -6.80089434e-03 -6.80089430e-03 7.13254574e+01 7.13254574e+01 1.73372523e+02 2.95246486e+02 3.29378924e+02 7.52669068e-18 2.04581970e-17 8.80003912e-06 1.77665277e-14 1.93675842e-14 1.59094695e-33 1.27133346e-17 4.49373335e-18 7.26169626e-01 6.87515581e-01 1.47904717e-18 1.29165016e-18 1.40808814e-06 3.39725510e-07 3.39725510e-07 3.56292512e-03 3.56292512e-03 1.06438889e-18 1.20407856e-02 1.27177522e-02
7.17717718e-02 -2.06697975e+01 -2.06697975e+01 -2.50725143e-02 -6.80089442e-03 -6.80089366e-03 7.13254574e+01 7.13254574e+01 1.73372523e+02 2.95212665e+02 3.29416660e+02 3.29467945e-17 2.44141757e-17 8.81848784e-06 2.65960599e-16 9.20243721e-15 2.08625373e-33 1.16607672e-17 5.94558362e-17 7.26208946e-01 6.87474047e-01 6.24530652e-18 1.74300764e-18 1.40808814e-06 3.39725510e-07 3.39725510e-07 3.56292512e-03 3.56292512e-03 1.51446250e-20 1.20400582e-02 1.27184409e-02
7.19219219e-02 -2.06697975e+01 -2.06697975e+01 -2.50725144e-02 -6.80089431e-03 -6.80089426e-03 7.13254574e+01 7.13254574e+01 1.73372523e+02 2.95178848e+02 3.29454399e+02 7.88952830e-17 6.73043871e-18 8.83693656e-06 2.10025842e-14 1.59834536e-14 1.65092093e-33 1.34148486e-17 2.32947593e-16 7.26248264e-01 6.87432512e-01 8.37508641e-19 1.16594721e-18 1.40808814e-06 3.39725510e-07 3.39725510e-07 3.56292512e-03 3.56292512e-03 3.54524359e-18 1.20393308e-02 1.27191295e-02
7.20720721e-02 -2.06697975e+01 -2.06697975e+01 -2.50725138e-02 -6.80089435e-03 -6.80089431e-03 7.13254574e+01 7.13254574e+01 1.73372523e+02 2.95145035e+02 3.29492143e+02 5.73882766e-17 1.29720996e-18 8.85538528e-06 1.98555908e-14 1.74707150e-14 1.68090483e-33 1.37655828e-17 5.49338223e-17 7.26287578e-01 6.87390976e-01 2.32146699e-18 9.74938978e-19 1.40808814e-06 3.39725510e-07 3.39725510e-07 3.56292512e-03 3.56292512e-03 2.08334391e-18 1.20386034e-02 1.27198180e-02
7.22222222e-02 -2.06697975e+01 -2.06697975e+01 -2.50725143e-02 -6.80089435e-03 -6.80089431e-03 7.13254574e+01 7.13254574e+01 1.73372523e+02 2.95111226e+02 3.29529890e+02 2.14779215e-17 1.54773362e-18 8.87383400e-06 2.14344976e-14 1.55822331e-14 1.71088668e-33 1.41163017e-17 1.31222696e-16 7.26326890e-01 6.87349437e-01 3.76025063e-18 6.20179119e-19 1.40808814e-06 3.39725510e-07 3.39725510e-07 3.56292512e-03 3.56292512e-03 6.70334584e-19 1.20378759e-02 1.27205065e-02
7.23723724e-02 -2.06697975e+01 -2.06697975e+01 -2.50725139e-02 -6.80089435e-03 -6.80089431e-03 7.13254574e+01 7.13254574e+01 1.73372523e+02 2.95077421e+02 3.29567642e+02 1.34985641e-16 3.92841845e-17 8.89228272e-06 2.00268413e-14 1.74290931e-14 1.74086646e-33 1.44670054e-17 2.22726622e-16 7.26366199e-01 6.87307897e-01 3.76290760e-18 1.05220121e-18 1.40808814e-06 3.39725510e-07 3.39725510e-07 3.56292512e-03 3.56292512e-03 4.68542912e-18 1.20371484e-02 1.27211949e-02
7.25225225e-02 -2.06697975e+01 -2.06697975e+01 -2.50725142e-02 -6.80089435e-03 -6.80089431e-03 7.13254574e+01 7.13254574e+01 1.73372523e+02 2.95043621e+02 3.29605398e+02 7.36252372e-17 4.70642775e-17 8.91073144e-06 7.58727000e-15 5.75468027e-15 1.05585270e-33 6.19063504e-18 3.03670604e-16 7.26405505e-01 6.87266355e-01 2.72575757e-18 1.58937157e-18 1.40808814e-06 3.39725510e-07 3.39725510e-07 3.56292512e-03 3.56292512e-03 5.09808454e-18 1.20364208e-02 1.27218833e-02
7.26726727e-02 -2.06697975e+01 -2.06697975e+01 -2.50725143e-02 -6.80089434e-03 -6.80089430e-03 7.13254574e+01 7.13254574e+01 1.73372523e+02 2.95009824e+02 3.29643158e+02 2.97214119e-17 5.41698981e-18 8.92918015e-06 1.70029617e-14 2.05543609e-14 1.20715118e-33 7.95893668e-18 2.71436058e-16 7.26444808e-01 6.87224811e-01 8.87981636e-19 3.50581876e-18 1.40808814e-06 3.39725510e-07 3.39725510e-07 3.56292512e-03 3.56292512e-03 3.63618486e-18 1.20356932e-02 1.27225716e-02
7.28228228e-02 -2.06697975e+01 -2.06697975e+01 -2.50725140e-02 -6.80089442e-03 -6.80089434e-03 7.13254574e+01 7.13254574e+01 1.73372523e+02 2.94976032e+02 3.29680922e+02 9.89483136e-17 3.86885918e-17 8.94762887e-06 6.95136905e-15 2.57797277e-14 6.98585161e-34 1.09935519e-18 2.43862891e-16 7.26484108e-01 6.87183266e-01 3.45019043e-18 5.40696820e-19 1.40808814e-06 3.39725510e-07 3.39725510e-07 3.56292512e-03 3.56292512e-03 3.63618486e-18 1.20349656e-02 1.27232599e-02
7.29729730e-02 -2.06697975e+01 -2.06697975e+01 -2.50725142e-02 -6.80089435e-03 -6.80089431e-03 7.13254574e+01 7.13254574e+01 1.73372523e+02 2.94942243e+02 3.29718690e+02 7.52210669e-17 2.27647906e-17 8.96607759e-06 2.00590353e-14 1.77762965e-14 6.73320083e-34 1.44918711e-18 1.61547090e-16 7.26523405e-01 6.87141719e-01 1.40629754e-18 3.76109625e-19 1.40808814e-06 3.39725510e-07 3.39725510e-07 3.56292512e-03 3.56292512e-03 1.06085890e-19 1.20342380e-02 1.27239481e-02
7.31231231e-02 -2.06697975e+01 -2.06697975e+01 -2.50725140e-02 -6.80089437e-03 -6.80089394e-03 7.13254574e+01 7.13254574e+01 1.73372523e+02 2.94908459e+02 3.29756462e+02 4.30968160e-18 1.26774848e-17 8.98452631e-06 1.35157868e-15 2.69044838e-14 7.93533691e-34 1.79900215e-18 3.64053898e-17 7.26562700e-01 6.87100170e-01 2.40158419e-18 2.79784131e-18 1.40808814e-06 3.39725510e-07 3.39725510e-07 3.56292512e-03 3.56292512e-03 9.43158378e-19 1.20335103e-02 1.27246363e-02
7.32732733e-02 -2.06697975e+01 -2.06697975e+01 -2.50725139e-02 -6.80089569e-03 -6.80089442e-03 7.13254574e+01 7.13254574e+01 1.73372523e+02 2.94874679e+02 3.29794238e+02 1.32549298e-18 3.37631511e-17 9.00297503e-06 9.72148241e-15 1.66803159e-16 6.46489955e-34 7.16067350e-19 2.35777309e-16 7.26601991e-01 6.87058619e-01 1.88962671e-18 2.10029935e-18 1.40808814e-06 3.39725510e-07 3.39725510e-07 3.56292512e-03 3.56292512e-03 1.90146138e-18 1.20327826e-02 1.27253245e-02
7.34234234e-02 -2.06697975e+01 -2.06697975e+01 -2.50725140e-02 -6.80089431e-03 -6.80089426e-03 7.13254574e+01 7.13254574e+01 1.73372523e+02 2.94840902e+02 3.29832019e+02 1.02554210e-17 2.04450344e-17 9.02142375e-06 2.21489860e-14 1.53760677e-14 7.63060348e-34 2.49858160e-18 1.77347879e-16 7.26641280e-01 6.87017067e-01 4.23263075e-18 5.27306992e-19 1.40808814e-06 3.39725510e-07 3.39725510e-07 3.56292512e-03 3.56292512e-03 2.79911237e-18 1.20320549e-02 1.27260125e-02
7.35735736e-02 -2.06697975e+01 -2.06697975e+01 -2.50725140e-02 -6.80089494e-03 -6.80089432e-03 7.13254574e+01 7.13254574e+01 1.73372523e+02 2.94807130e+02 3.29869803e+02 1.14587552e-17 7.90131907e-18 9.03987247e-06 2.68171357e-14 9.56464072e-16 9.35928530e-34 2.84834603e-18 1.79636299e-16 7.26680566e-01 6.86975513e-01 4.49624907e-19 1.38368837e-18 1.40808814e-06 3.39725510e-07 3.39725510e-07 3.56292512e-03 3.56292512e-03 7.57966397e-20 1.20313272e-02 1.27267006e-02
7.37237237e-02 -2.06697975e+01 -2.06697975e+01 -2.50725143e-02 -6.80089439e-03 -6.80089428e-03 7.13254574e+01 7.13254574e+01 1.73372523e+02 2.94773362e+02 3.29907591e+02 3.21089744e-17 7.37176719e-17 9.05832119e-06 3.96257268e-28 2.32688473e-28 2.73171256e-45 7.49874454e-28 3.59461821e-17 7.26719849e-01 6.86933957e-01 8.53623295e-19 3.91940735e-18 1.40808814e-06 3.39725510e-07 3.39725510e-07 3.56292512e-03 3.56292512e-03 7.61275848e-19 1.20305994e-02 1.27273885e-02
7.38738739e-02 -2.06697975e+01 -2.06697975e+01 -2.50725142e-02 -6.80089669e-03 -6.80089443e-03 7.13254574e+01 7.13254574e+01 1.73372523e+02 2.94739598e+02 3.29945384e+02 1.86695555e-17 1.55130738e-17 9.07676991e-06 9.81237333e-15 9.44136310e-17 8.34742214e-34 2.10333025e-18 5.92497993e-17 7.26759129e-01 6.86892400e-01 1.93961835e-18 2.00926548e-18 1.40808814e-06 3.39725510e-07 3.39725510e-07 3.56292512e-03 3.56292512e-03 8.52217113e-19 1.20298716e-02 1.27280765e-02
7.40240240e-02 -2.06697975e+01 -2.06697975e+01 -2.50725139e-02 -6.80089437e-03 -6.80089431e-03 7.13254574e+01 7.13254574e+01 1.73372523e+02 2.94705839e+02 3.29983181e+02 1.63648887e-17 2.20684939e-17 9.09521863e-06 2.42445563e-14 1.22515873e-14 8.82683356e-34 3.89753818e-18 1.50416189e-16 7.26798406e-01 6.86850841e-01 1.29066672e-18 1.44378357e-18 1.40808814e-06 3.39725510e-07 3.39725510e-07 3.56292512e-03 3.56292512e-03 1.71957885e-18 1.20291437e-02 1.27287644e-02
7.41741742e-02 -2.06697975e+01 -2.06697975e+01 -2.50725141e-02 -6.80089436e-03 -6.80089431e-03 7.13254574e+01 7.13254574e+01 1.73372523e+02 2.94672083e+02 3.30020981e+02 8.61430235e-17 3.27632300e-17 9.11366735e-06 1.59662423e-14 9.30442264e-15 8.50533496e-34 3.52204783e-18 7.84264130e-17 7.26837680e-01 6.86809280e-01 3.25490016e-18 5.61035251e-19 1.40808814e-06 3.39725510e-07 3.39725510e-07 3.56292512e-03 3.56292512e-03 3.45430233e-18 1.20284158e-02 1.27294522e-02
7.43243243e-02 -2.06697975e+01 -2.06697975e+01 -2.50725141e-02 -6.80089518e-03 -6.80089433e-03 7.13254574e+01 7.13254574e+01 1.73372523e+02 2.94638331e+02 3.30058786e+02 1.13795657e-16 4.13203693e-18 9.13211607e-06 2.72811654e-14 6.93132746e-16 1.17317871e-33 4.59691540e-18 1.74908315e-16 7.26876951e-01 6.86767717e-01 1.31062395e-18 1.06014147e-18 1.40808814e-06 3.39725510e-07 3.39725510e-07 3.56292512e-03 3.56292512e-03 1.90146138e-18 1.20276879e-02 1.27301400e-02
7.44744745e-02 -2.06697975e+01 -2.06697975e+01 -2.50725139e-02 -6.80089436e-03 -6.80089431e-03 7.13254574e+01 7.13254574e+01 1.73372523e+02 2.94604584e+02 3.30096595e+02 1.16827621e-16 3.73595023e-17 9.15056479e-06 2.27691862e-14 1.51148023e-14 9.72377601e-34 4.94657878e-18 8.35194134e-17 7.26916220e-01 6.86726153e-01 1.82763987e-18 1.33904300e-18 1.40808814e-06 3.39725510e-07 3.39725510e-07 3.56292512e-03 3.56292512e-03 1.84080937e-18 1.20269600e-02 1.27308277e-02
7.46246246e-02 -2.06697975e+01 -2.06697975e+01 -2.50725142e-02 -6.80089435e-03 -6.80089430e-03 7.13254574e+01 7.13254574e+01 1.73372523e+02 2.94570840e+02 3.30134408e+02 3.24571994e-17 9.65393163e-17 9.16901351e-06 1.95263764e-14 1.92161970e-14 1.00227130e-33 5.29622533e-18 3.02636113e-16 7.26955486e-01 6.86684587e-01 1.14058105e-18 7.56436751e-19 1.40808814e-06 3.39725510e-07 3.39725510e-07 3.56292512e-03 3.56292512e-03 1.84080937e-18 1.20262320e-02 1.27315154e-02
7.47747748e-02 -2.06697975e+01 -2.06697975e+01 -2.50725142e-02 -6.80089621e-03 -6.80089442e-03 7.13254574e+01 7.13254574e+01 1.73372523e+02 2.94537101e+02 3.30172225e+02 4.47243278e-17 3.02621693e-17 9.18746223e-06 2.76800730e-14 3.38549396e-16 1.31548408e-33 5.64585505e-18 4.46894669e-17 7.26994748e-01 6.86643019e-01 3.11123656e-18 1.55745795e-18 1.40808814e-06 3.39725510e-07 3.39725510e-07 3.56292512e-03 3.56292512e-03 1.97027154e-19 1.20255041e-02 1.27322030e-02
7.49249249e-02 -2.06697975e+01 -2.06697975e+01 -2.50725137e-02 -6.80089436e-03 -6.80089431e-03 7.13254574e+01 7.13254574e+01 1.73372523e+02 2.94503365e+02 3.30210046e+02 6.07206111e-17 1.65353953e-17 9.20591094e-06 2.33650676e-14 1.45141193e-14 1.06205212e-33 5.99546799e-18 3.65532937e-16 7.27034008e-01 6.86601450e-01 3.64780364e-18 2.66774908e-19 1.40808814e-06 3.39725510e-07 3.39725510e-07 3.56292512e-03 3.56292512e-03 1.99240265e-18 1.20247760e-02 1.27328906e-02
7.50750751e-02 -2.06697975e+01 -2.06697975e+01 -2.50725140e-02 -6.80089433e-03 -6.80089240e-03 7.13254574e+01 7.13254574e+01 1.73372523e+02 2.94469634e+02 3.30247872e+02 5.89929031e-17 4.15631482e-17 9.22435966e-06 3.13291223e-16 2.77714451e-14 1.41033568e-33 6.34506412e-18 9.47135424e-17 7.27073265e-01 6.86559879e-01 3.99549342e-18 1.80393507e-18 1.40808814e-06 3.39725510e-07 3.39725510e-07 3.56292512e-03 3.56292512e-03 1.81052012e-18 1.20240480e-02 1.27335781e-02
7.52252252e-02 -2.06697975e+01 -2.06697975e+01 -2.50725140e-02 -6.80089433e-03 -6.80089427e-03 7.13254574e+01 7.13254574e+01 1.73372523e+02 2.94435907e+02 3.30285701e+02 2.97134831e-17 3.76600986e-17 9.24280838e-06 2.54007257e-14 1.08196093e-14 1.12182417e-33 6.69464345e-18 2.99719183e-16 7.27112519e-01 6.86518306e-01 6.97018665e-19 4.11510441e-18 1.40808814e-06 3.39725510e-07 3.39725510e-07 3.56292512e-03 3.56292512e-03 1.06438889e-18 1.20233199e-02 1.27342656e-02
7.53753754e-02 -2.06697975e+01 -2.06697975e+01 -2.50725141e-02 -6.80089439e-03 -6.80089435e-03 7.13254574e+01 7.13254574e+01 1.73372523e+02 2.94402184e+02 3.30323534e+02 5.10760589e-17 4.42977676e-17 9.26125710e-06 6.83267122e-15 7.15526436e-15 1.02560661e-33 5.57030735e-18 4.58926858e-16 7.27151770e-01 6.86476732e-01 2.64768747e-18 4.88232751e-18 1.40808814e-06 3.39725510e-07 3.39725510e-07 3.56292512e-03 3.56292512e-03 3.36336106e-18 1.20225918e-02 1.27349530e-02
7.55255255e-02 -2.06697975e+01 -2.06697975e+01 -2.50725140e-02 -6.80089438e-03 -6.80089433e-03 7.13254574e+01 7.13254574e+01 1.73372523e+02 2.94368465e+02 3.30361372e+02 3.86639652e-18 2.52424768e-17 9.27970582e-06 1.44494315e-14 2.36553407e-14 1.18158746e-33 7.39375175e-18 1.27732453e-16 7.27191018e-01 6.86435155e-01 1.31124121e-18 4.28712042e-18 1.40808814e-06 3.39725510e-07 3.39725510e-07 3.56292512e-03 3.56292512e-03 7.57966397e-20 1.20218636e-02 1.27356404e-02
7.56756757e-02 -2.06697975e+01 -2.06697975e+01 -2.50725142e-02 -6.80089438e-03 -6.80089231e-03 7.13254574e+01 7.13254574e+01 1.73372523e+02 2.94334750e+02 3.30399214e+02 2.64275175e-17 1.21700247e-17 9.29815454e-06 2.92574362e-16 2.78417941e-14 1.59999415e-33 7.74328074e-18 7.47538118e-17 7.27230264e-01 6.86393578e-01 2.75563079e-18 2.83421103e-19 1.40808814e-06 3.39725510e-07 3.39725510e-07 3.56292512e-03 3.56292512e-03 9.43158378e-19 1.20211355e-02 1.27363277e-02
7.58258258e-02 -2.06697975e+01 -2.06697975e+01 -2.50725138e-02 -6.80089436e-03 -6.80089431e-03 7.13254574e+01 7.13254574e+01 1.73372523e+02 2.94301039e+02 3.30437059e+02 2.12613352e-17 1.79142205e-17 9.31660326e-06 2.31468936e-14 1.54520424e-14 1.24134198e-33 8.09279295e-18 2.11923403e-16 7.27269506e-01 6.86351998e-01 1.80358937e-18 2.27130006e-18 1.40808814e-06 3.39725510e-07 3.39725510e-07 3.56292512e-03 3.56292512e-03 2.67788185e-18 1.20204073e-02 1.27370150e-02
7.59759760e-02 -2.06697975e+01 -2.06697975e+01 -2.50725141e-02 -6.80089426e-03 -6.80089082e-03 7.13254574e+01 7.13254574e+01 1.73372523e+02 2.94267333e+02 3.30474909e+02 1.91777797e-17 1.85133245e-17 9.33505198e-06 1.20518719e-16 1.90184260e-14 1.62197507e-33 7.69945778e-18 5.04723200e-17 7.27308746e-01 6.86310417e-01 3.99125447e-18 8.59720241e-19 1.40808814e-06 3.39725510e-07 3.39725510e-07 3.56292512e-03 3.56292512e-03 9.43158378e-19 1.20196790e-02 1.27377022e-02
7.61261261e-02 -2.06697975e+01 -2.06697975e+01 -2.50725142e-02 -6.80089436e-03 -6.80089431e-03 7.13254574e+01 7.13254574e+01 1.73372523e+02 2.94233630e+02 3.30512763e+02 2.45707161e-17 5.34360436e-17 9.35350070e-06 2.34927267e-14 1.51243335e-14 1.30108772e-33 8.79176709e-18 1.98355430e-16 7.27347982e-01 6.86268834e-01 1.74844734e-18 3.83022722e-18 1.40808814e-06 3.39725510e-07 3.39725510e-07 3.56292512e-03 3.56292512e-03 1.65892684e-18 1.20189508e-02 1.27383893e-02
7.62762763e-02 -2.06697975e+01 -2.06697975e+01 -2.50725139e-02 -6.80089437e-03 -6.80089405e-03 7.13254574e+01 7.13254574e+01 1.73372523e+02 2.94199932e+02 3.30550621e+02 1.35873057e-18 1.05044527e-17 9.37194942e-06 1.86303430e-15 2.77376357e-14 1.82284795e-33 9.14122905e-18 1.35861509e-16 7.27387216e-01 6.86227249e-01 1.40385248e-18 1.06394435e-18 1.40808814e-06 3.39725510e-07 3.39725510e-07 3.56292512e-03 3.56292512e-03 1.81052012e-18 1.20182225e-02 1.27390765e-02
7.64264264e-02 -2.06697975e+01 -2.06697975e+01 -2.50725143e-02 -6.80089436e-03 -6.80089431e-03 7.13254574e+01 7.13254574e+01 1.73372523e+02 2.94166237e+02 3.30588483e+02 5.68902507e-17 5.11957640e-17 9.39039814e-06 2.42139814e-14 1.41259621e-14 1.36082470e-33 9.49067424e-18 1.75744747e-16 7.27426447e-01 6.86185663e-01 8.98115436e-19 4.69567533e-19 1.40808814e-06 3.39725510e-07 3.39725510e-07 3.56292512e-03 3.56292512e-03 1.51446250e-20 1.20174942e-02 1.27397635e-02
7.65765766e-02 -2.06697975e+01 -2.06697975e+01 -2.50725139e-02 -6.80089428e-03 -6.80089285e-03 7.13254574e+01 7.13254574e+01 1.73372523e+02 2.94132547e+02 3.30626349e+02 2.72505604e-17 2.13769383e-17 9.40884686e-06 4.26553510e-16 2.80831782e-14 1.92018485e-33 9.84010269e-18 3.77087860e-17 7.27465675e-01 6.86144075e-01 1.46170159e-18 5.78301712e-18 1.40808814e-06 3.39725510e-07 3.39725510e-07 3.56292512e-03 3.56292512e-03 9.43158378e-19 1.20167658e-02 1.27404506e-02
7.67267267e-02 -2.06697975e+01 -2.06697975e+01 -2.50725142e-02 -6.80089543e-03 -6.80089437e-03 7.13254574e+01 7.13254574e+01 1.73372523e+02 2.94098860e+02 3.30664219e+02 1.02239796e-16 2.69737596e-17 9.42729558e-06 2.81452649e-14 5.79396391e-16 1.96884855e-33 1.01895144e-17 5.04075863e-17 7.27504900e-01 6.86102485e-01 1.23790307e-18 3.27591617e-19 1.40808814e-06 3.39725510e-07 3.39725510e-07 3.56292512e-03 3.56292512e-03 9.73447628e-19 1.20160374e-02 1.27411375e-02
7.68768769e-02 -2.06697975e+01 -2.06697975e+01 -2.50725144e-02 -6.80089436e-03 -6.80089431e-03 7.13254574e+01 7.13254574e+01 1.73372523e+02 2.94065178e+02 3.30702093e+02 1.79532873e-17 1.97157020e-17 9.44574430e-06 1.68074554e-14 9.17381584e-15 1.38611379e-33 9.78725643e-18 7.47082053e-17 7.27544122e-01 6.86060894e-01 2.15745462e-18 1.19483978e-18 1.40808814e-06 3.39725510e-07 3.39725510e-07 3.56292512e-03 3.56292512e-03 1.51446250e-20 1.20153090e-02 1.27418244e-02
7.70270270e-02 -2.06697975e+01 -2.06697975e+01 -2.50725142e-02 -6.80089506e-03 -6.80089442e-03 7.13254574e+01 7.13254574e+01 1.73372523e+02 2.94031500e+02 3.30739972e+02 5.03128559e-17 1.75838239e-17 9.46419301e-06 2.85088683e-14 9.62721832e-16 2.06616644e-33 1.08882877e-17 8.11524554e-17 7.27583341e-01 6.86019301e-01 1.44076722e-18 3.09706095e-18 1.40808814e-06 3.39725510e-07 3.39725510e-07 3.56292512e-03 3.56292512e-03 1.06085890e-19 1.20145806e-02 1.27425113e-02
7.71771772e-02 -2.06697975e+01 -2.06697975e+01 -2.50725140e-02 -6.80089432e-03 -6.80089427e-03 7.13254574e+01 7.13254574e+01 1.73372523e+02 2.93997826e+02 3.30777854e+02 5.80694083e-17 1.82685576e-17 9.48264173e-06 9.11068441e-15 4.44291440e-15 1.38102904e-33 9.72846148e-18 1.05735935e-17 7.27622558e-01 6.85977706e-01 2.76036896e-18 1.28245050e-18 1.40808814e-06 3.39725510e-07 3.39725510e-07 3.56292512e-03 3.56292512e-03 6.09682569e-19 1.20138521e-02 1.27431981e-02
7.73273273e-02 -2.06697975e+01 -2.06697975e+01 -2.50725142e-02 -6.80089438e-03 -6.80089432e-03 7.13254574e+01 7.13254574e+01 1.73372523e+02 2.93964156e+02 3.30815741e+02 2.34811115e-17 2.30373355e-17 9.50109045e-06 2.64068270e-14 1.04005193e-14 1.53998301e-33 1.15869941e-17 8.35859495e-17 7.27661771e-01 6.85936110e-01 4.47391240e-18 1.61372757e-18 1.40808814e-06 3.39725510e-07 3.39725510e-07 3.56292512e-03 3.56292512e-03 1.71957885e-18 1.20131236e-02 1.27438849e-02
7.74774775e-02 -2.06697975e+01 -2.06697975e+01 -2.50725137e-02 -6.80089442e-03 -6.80089285e-03 7.13254574e+01 7.13254574e+01 1.73372523e+02 2.93930490e+02 3.30853631e+02 3.32261764e-17 6.11658448e-17 9.51953917e-06 3.94384278e-16 2.84732578e-14 2.21211951e-33 1.19363223e-17 2.19295435e-17 7.27700982e-01 6.85894512e-01 1.05930438e-18 1.03629047e-18 1.40808814e-06 3.39725510e-07 3.39725510e-07 3.56292512e-03 3.56292512e-03 2.67788185e-18 1.20123951e-02 1.27445716e-02
7.76276276e-02 -2.06697975e+01 -2.06697975e+01 -2.50725142e-02 -6.80089435e-03 -6.80089430e-03 7.13254574e+01 7.13254574e+01 1.73372523e+02 2.93896828e+02 3.30891526e+02 1.91047224e-17 8.92787445e-17 9.53798789e-06 2.00853139e-14 2.01987487e-14 1.59968490e-33 1.22856337e-17 3.73717216e-18 7.27740189e-01 6.85852912e-01 1.72874927e-18 1.75941738e-18 1.40808814e-06 3.39725510e-07 3.39725510e-07 3.56292512e-03 3.56292512e-03 8.52217113e-19 1.20116665e-02 1.27452583e-02
7.77777778e-02 -2.06697975e+01 -2.06697975e+01 -2.50725141e-02 -6.80089543e-03 -6.80089437e-03 7.13254574e+01 7.13254574e+01 1.73372523e+02 2.93863171e+02 3.30929425e+02 1.01533841e-16 6.44954536e-17 9.55643661e-06 1.00731101e-14 2.07339311e-16 2.09746199e-33 1.11139768e-17 6.19498806e-17 7.27779394e-01 6.85811310e-01 5.20479281e-18 9.09004294e-19 1.40808814e-06 3.39725510e-07 3.39725510e-07 3.56292512e-03 3.56292512e-03 1.06085890e-19 1.20109379e-02 1.27459449e-02
7.79279279e-02 -2.06697975e+01 -2.06697975e+01 -2.50725141e-02 -6.80089439e-03 -6.80089434e-03 7.13254574e+01 7.13254574e+01 1.73372523e+02 2.93829517e+02 3.30967327e+02 7.71634607e-17 1.19692201e-17 9.57488533e-06 1.13917478e-14 1.57004345e-14 1.59420339e-33 1.22222602e-17 3.22204419e-16 7.27818596e-01 6.85769707e-01 1.92977711e-18 1.54463245e-18 1.40808814e-06 3.39725510e-07 3.39725510e-07 3.56292512e-03 3.56292512e-03 1.44675506e-18 1.20102093e-02 1.27466314e-02
7.80780781e-02 -2.06697975e+01 -2.06697975e+01 -2.50725138e-02 -6.80089436e-03 -6.80089431e-03 7.13254574e+01 7.13254574e+01 1.73372523e+02 2.93795868e+02 3.31005234e+02 2.26679683e-17 6.38456067e-17 9.59333405e-06 2.34519450e-14 1.64250120e-14 1.68922129e-33 1.33334680e-17 8.25529945e-17 7.27857795e-01 6.85728102e-01 8.71036545e-19 2.67284042e-18 1.40808814e-06 3.39725510e-07 3.39725510e-07 3.56292512e-03 3.56292512e-03 7.57966397e-20 1.20094807e-02 1.27473179e-02
7.82282282e-02 -2.06697975e+01 -2.06697975e+01 -2.50725143e-02 -6.80089451e-03 -6.80089428e-03 7.13254574e+01 7.13254574e+01 1.73372523e+02 2.93762222e+02 3.31043145e+02 3.01474902e-17 7.71237692e-18 9.61178277e-06 1.01986739e-14 9.55812814e-16 2.24214333e-33 1.21529378e-17 8.79732595e-17 7.27896991e-01 6.85686496e-01 2.53060640e-18 1.22557389e-18 1.40808814e-06 3.39725510e-07 3.39725510e-07 3.56292512e-03 3.56292512e-03 7.57966397e-20 1.20087520e-02 1.27480044e-02
7.83783784e-02 -2.06697975e+01 -2.06697975e+01 -2.50725142e-02 -6.80089434e-03 -6.80089429e-03 7.13254574e+01 7.13254574e+01 1.73372523e+02 2.93728581e+02 3.31081061e+02 9.72265586e-18 1.14826894e-17 9.63023149e-06 1.67800411e-14 2.33481886e-14 1.74890126e-33 1.40319408e-17 3.43329882e-17 7.27936184e-01 6.85644888e-01 3.46337434e-18 2.81389180e-19 1.40808814e-06 3.39725510e-07 3.39725510e-07 3.56292512e-03 3.56292512e-03 1.71957885e-18 1.20080233e-02 1.27486908e-02
7.85285285e-02 -2.06697975e+01 -2.06697975e+01 -2.50725139e-02 -6.80089433e-03 -6.80089349e-03 7.13254574e+01 7.13254574e+01 1.73372523e+02 2.93694943e+02 3.31118980e+02 6.36103328e-18 9.26759945e-18 9.64868021e-06 2.69900309e-16 1.03091953e-14 2.33858175e-33 1.28454950e-17 1.73584119e-17 7.27975374e-01 6.85603278e-01 1.79743423e-18 7.23886470e-19 1.40808814e-06 3.39725510e-07 3.39725510e-07 3.56292512e-03 3.56292512e-03 1.66737904e-19 1.20072946e-02 1.27493772e-02
7.86786787e-02 -2.06697975e+01 -2.06697975e+01 -2.50725139e-02 -6.80089617e-03 -6.80089433e-03 7.13254574e+01 7.13254574e+01 1.73372523e+02 2.93661310e+02 3.31156903e+02 2.09222856e-17 1.62382085e-17 9.66712893e-06 2.89765309e-14 3.43549053e-16 2.60118834e-33 1.47303470e-17 1.09632596e-16 7.28014561e-01 6.85561667e-01 1.19988686e-18 4.00670919e-18 1.40808814e-06 3.39725510e-07 3.39725510e-07 3.56292512e-03 3.56292512e-03 6.70334584e-19 1.20065658e-02 1.27500635e-02
7.88288288e-02 -2.06697975e+01 -2.06697975e+01 -2.50725141e-02 -6.80089438e-03 -6.80089220e-03 7.13254574e+01 7.13254574e+01 1.73372523e+02 2.93627681e+02 3.31194830e+02 2.07681927e-17 4.42091924e-17 9.68557765e-06 2.90512214e-16 2.90300455e-14 1.66612003e-33 7.85281999e-18 1.25869370e-16 7.28053745e-01 6.85520053e-01 2.95151420e-18 5.14891684e-19 1.40808814e-06 3.39725510e-07 3.39725510e-07 3.56292512e-03 3.56292512e-03 1.03409964e-18 1.20058370e-02 1.27507497e-02
7.89789790e-02 -2.06697975e+01 -2.06697975e+01 -2.50725140e-02 -6.80089598e-03 -6.80089428e-03 7.13254574e+01 7.13254574e+01 1.73372523e+02 2.93594056e+02 3.31232762e+02 6.29174148e-17 1.48210796e-17 9.70402637e-06 2.90277338e-14 3.71963264e-16 1.71468346e-33 8.20154254e-18 2.08002001e-17 7.28092927e-01 6.85478439e-01 9.24135793e-19 8.91524026e-19 1.40808814e-06 3.39725510e-07 3.39725510e-07 3.56292512e-03 3.56292512e-03 9.43158378e-19 1.20051082e-02 1.27514359e-02
7.91291291e-02 -2.06697975e+01 -2.06697975e+01 -2.50725141e-02 -6.80089428e-03 -6.80089276e-03 7.13254574e+01 7.13254574e+01 1.73372523e+02 2.93560435e+02 3.31270697e+02 7.33306354e-17 3.79197088e-17 9.72247509e-06 2.79987641e-16 1.96234303e-14 6.71662574e-34 5.48952689e-19 1.54105829e-16 7.28132105e-01 6.85436822e-01 1.63977686e-18 2.03861462e-18 1.40808814e-06 3.39725510e-07 3.39725510e-07 3.56292512e-03 3.56292512e-03 8.52217113e-19 1.20043793e-02 1.27521221e-02
7.92792793e-02 -2.06697975e+01 -2.06697975e+01 -2.50725143e-02 -6.80089438e-03 -6.80089432e-03 7.13254574e+01 7.13254574e+01 1.73372523e+02 2.93526818e+02 3.31308637e+02 4.93500173e-17 5.26729027e-17 9.74092380e-06 1.07379820e-14 2.69953707e-14 8.27971217e-34 1.67091078e-18 2.46203411e-16 7.28171281e-01 6.85395204e-01 3.50149395e-18 1.52830536e-18 1.40808814e-06 3.39725510e-07 3.39725510e-07 3.56292512e-03 3.56292512e-03 9.43158378e-19 1.20036505e-02 1.27528082e-02
7.94294294e-02 -2.06697975e+01 -2.06697975e+01 -2.50725142e-02 -6.80089438e-03 -6.80089266e-03 7.13254574e+01 7.13254574e+01 1.73372523e+02 2.93493205e+02 3.31346581e+02 1.56295165e-16 1.17089517e-17 9.75937252e-06 1.34763380e-16 1.05913649e-14 6.60046339e-34 4.65834693e-19 5.45237623e-17 7.28210454e-01 6.85353584e-01 3.08692723e-18 2.35602083e-18 1.40808814e-06 3.39725510e-07 3.39725510e-07 3.56292512e-03 3.56292512e-03 1.51446250e-20 1.20029216e-02 1.27534942e-02
7.95795796e-02 -2.06697975e+01 -2.06697975e+01 -2.50725140e-02 -6.80089433e-03 -6.80089322e-03 7.13254574e+01 7.13254574e+01 1.73372523e+02 2.93459597e+02 3.31384528e+02 9.53061880e-18 9.94484494e-18 9.77782124e-06 3.94177792e-16 2.00754859e-14 8.16552051e-34 1.58922683e-18 1.24647044e-16 7.28249623e-01 6.85311963e-01 2.40201733e-18 2.76724468e-18 1.40808814e-06 3.39725510e-07 3.39725510e-07 3.56292512e-03 3.56292512e-03 7.57966397e-20 1.20021926e-02 1.27541802e-02
7.97297297e-02 -2.06697975e+01 -2.06697975e+01 -2.50725140e-02 -6.80089437e-03 -6.80089395e-03 7.13254574e+01 7.13254574e+01 1.73372523e+02 2.93425992e+02 3.31422480e+02 3.11811737e-17 8.88428606e-17 9.79626996e-06 1.51969929e-15 2.90452321e-14 9.73462605e-34 2.71554207e-18 2.09290810e-16 7.28288790e-01 6.85270340e-01 1.42696669e-18 3.38942511e-18 1.40808814e-06 3.39725510e-07 3.39725510e-07 3.56292512e-03 3.56292512e-03 3.63618486e-18 1.20014637e-02 1.27548662e-02
7.98798799e-02 -2.06697975e+01 -2.06697975e+01 -2.50725138e-02 -6.80089439e-03 -6.80089428e-03 7.13254574e+01 7.13254574e+01 1.73372523e+02 2.93392391e+02 3.31460436e+02 2.76527841e-17 4.69959407e-17 9.81471868e-06 4.30169931e-28 2.52602520e-28 2.95981890e-45 8.14050538e-28 6.10691524e-17 7.28327954e-01 6.85228715e-01 4.27936268e-19 7.78982983e-19 1.40808814e-06 3.39725510e-07 3.39725510e-07 3.56292512e-03 3.56292512e-03 3.39365031e-18 1.20007347e-02 1.27555521e-02
8.00300300e-02 -2.06697975e+01 -2.06697975e+01 -2.50725140e-02 -6.80089442e-03 -6.80089294e-03 7.13254574e+01 7.13254574e+01 1.73372523e+02 2.93358795e+02 3.31498396e+02 1.92828017e-17 1.76123157e-17 9.83316740e-06 4.31946335e-16 2.93453429e-14 1.07043995e-33 3.41187153e-18 1.49981779e-16 7.28367115e-01 6.85187088e-01 2.70630688e-18 1.14193262e-18 1.40808814e-06 3.39725510e-07 3.39725510e-07 3.56292512e-03 3.56292512e-03 1.81052012e-18 1.20000056e-02 1.27562379e-02
8.01801802e-02 -2.06697975e+01 -2.06697975e+01 -2.50725141e-02 -6.80089438e-03 -6.80089434e-03 7.13254574e+01 7.13254574e+01 1.73372523e+02 2.93325203e+02 3.31536360e+02 6.58123357e-19 5.90893941e-17 9.85161612e-06 1.54545966e-14 2.50468920e-14 9.16615674e-34 3.76000885e-18 5.62887090e-17 7.28406273e-01 6.85145460e-01 1.08651148e-18 1.43269200e-18 1.40808814e-06 3.39725510e-07 3.39725510e-07 3.56292512e-03 3.56292512e-03 1.93175063e-18 1.19992766e-02 1.27569237e-02
8.03303303e-02 -2.06697975e+01 -2.06697975e+01 -2.50725141e-02 -6.80089608e-03 -6.80089438e-03 7.13254574e+01 7.13254574e+01 1.73372523e+02 2.93291614e+02 3.31574328e+02 3.81029460e-17 1.59369397e-17 9.87006484e-06 2.94995366e-14 3.78094645e-16 1.16740376e-33 4.10812793e-18 1.14551690e-16 7.28445428e-01 6.85103830e-01 3.52448971e-19 2.24444180e-18 1.40808814e-06 3.39725510e-07 3.39725510e-07 3.56292512e-03 3.56292512e-03 1.81052012e-18 1.19985475e-02 1.27576094e-02
8.04804805e-02 -2.06697975e+01 -2.06697975e+01 -2.50725143e-02 -6.80089434e-03 -6.80089427e-03 7.13254574e+01 7.13254574e+01 1.73372523e+02 2.93258030e+02 3.31612301e+02 1.28415154e-17 6.15741771e-17 9.88851356e-06 2.79817808e-14 9.47927497e-15 9.76113635e-34 4.45622875e-18 2.42015817e-16 7.28484580e-01 6.85062199e-01 1.34514852e-18 7.70139495e-19 1.40808814e-06 3.39725510e-07 3.39725510e-07 3.56292512e-03 3.56292512e-03 3.54524359e-18 1.19978184e-02 1.27582951e-02
8.06306306e-02 -2.06697975e+01 -2.06697975e+01 -2.50725143e-02 -6.80089435e-03 -6.80089073e-03 7.13254574e+01 7.13254574e+01 1.73372523e+02 2.93224450e+02 3.31650277e+02 6.34134067e-17 5.13890170e-17 9.90696228e-06 6.39872285e-17 1.06420340e-14 1.04466449e-33 3.22747482e-18 5.01054138e-17 7.28523729e-01 6.85020566e-01 4.18032190e-18 5.12428358e-18 1.40808814e-06 3.39725510e-07 3.39725510e-07 3.56292512e-03 3.56292512e-03 2.49599932e-18 1.19970893e-02 1.27589808e-02
8.07807808e-02 -2.06697975e+01 -2.06697975e+01 -2.50725142e-02 -6.80089443e-03 -6.80089183e-03 7.13254574e+01 7.13254574e+01 1.73372523e+02 2.93190874e+02 3.31688257e+02 1.34602435e-18 1.83691801e-17 9.92541100e-06 2.47842816e-16 2.95280855e-14 1.31282411e-33 5.15237567e-18 1.58896048e-16 7.28562876e-01 6.84978931e-01 1.34869167e-18 4.45322033e-18 1.40808814e-06 3.39725510e-07 3.39725510e-07 3.56292512e-03 3.56292512e-03 8.52217113e-19 1.19963601e-02 1.27596663e-02
8.09309309e-02 -2.06697975e+01 -2.06697975e+01 -2.50725144e-02 -6.80089436e-03 -6.80089431e-03 7.13254574e+01 7.13254574e+01 1.73372523e+02 2.93157302e+02 3.31726242e+02 5.11917260e-18 3.64468960e-17 9.94385972e-06 2.48570034e-14 1.62679077e-14 1.06534313e-33 5.50042176e-18 7.51699979e-18 7.28602019e-01 6.84937295e-01 1.16461601e-18 2.22118372e-18 1.40808814e-06 3.39725510e-07 3.39725510e-07 3.56292512e-03 3.56292512e-03 1.53769632e-18 1.19956309e-02 1.27603519e-02
8.10810811e-02 -2.06697975e+01 -2.06697975e+01 -2.50725142e-02 -6.80089479e-03 -6.80089432e-03 7.13254574e+01 7.13254574e+01 1.73372523e+02 2.93123734e+02 3.31764230e+02 3.95053752e-17 5.22139181e-17 9.96230844e-06 1.04726609e-14 4.94115155e-16 1.18884056e-33 4.26278827e-18 3.80325306e-18 7.28641159e-01 6.84895657e-01 1.48707000e-18 3.40418275e-18 1.40808814e-06 3.39725510e-07 3.39725510e-07 3.56292512e-03 3.56292512e-03 1.06085890e-19 1.19949017e-02 1.27610374e-02
8.12312312e-02 -2.06697975e+01 -2.06697975e+01 -2.50725140e-02 -6.80089436e-03 -6.80089431e-03 7.13254574e+01 7.13254574e+01 1.73372523e+02 2.93090170e+02 3.31802223e+02 5.21254489e-17 9.89426736e-17 9.98075716e-06 9.05268883e-15 5.64655800e-15 9.88971599e-34 4.60785623e-18 3.80352209e-17 7.28680297e-01 6.84854017e-01 4.71235624e-19 2.93725303e-18 1.40808814e-06 3.39725510e-07 3.39725510e-07 3.56292512e-03 3.56292512e-03 1.90146138e-18 1.19941724e-02 1.27617228e-02
8.13813814e-02 -2.06697975e+01 -2.06697975e+01 -2.50725141e-02 -6.80089435e-03 -6.80089430e-03 7.13254574e+01 7.13254574e+01 1.73372523e+02 2.93056610e+02 3.31840220e+02 4.38714423e-17 3.20014607e-17 9.99920588e-06 7.69792756e-15 7.41971643e-15 1.01845567e-33 4.95290595e-18 3.88997791e-17 7.28719431e-01 6.84812376e-01 3.76342553e-18 2.19566053e-18 1.40808814e-06 3.39725510e-07 3.39725510e-07 3.56292512e-03 3.56292512e-03 1.74986810e-18 1.19934431e-02 1.27624082e-02
8.15315315e-02 -2.06697975e+01 -2.06697975e+01 -2.50725141e-02 -6.80089434e-03 -6.80089430e-03 7.13254574e+01 7.13254574e+01 1.73372523e+02 2.93023055e+02 3.31878221e+02 1.07045870e-17 1.91493477e-17 1.00176546e-05 1.81232156e-14 2.38058208e-14 1.18428322e-33 6.89242395e-18 9.78642543e-17 7.28758563e-01 6.84770733e-01 1.36766343e-18 7.13904964e-19 1.40808814e-06 3.39725510e-07 3.39725510e-07 3.56292512e-03 3.56292512e-03 3.54524359e-18 1.19927138e-02 1.27630935e-02
8.16816817e-02 -2.06697975e+01 -2.06697975e+01 -2.50725140e-02 -6.80089434e-03 -6.80089427e-03 7.13254574e+01 7.13254574e+01 1.73372523e+02 2.92989503e+02 3.31916225e+02 5.93448897e-17 4.27752925e-17 1.00361033e-05 2.80817736e-14 1.04920347e-14 1.21401242e-33 7.24037898e-18 2.75565709e-16 7.28797692e-01 6.84729088e-01 2.07637665e-18 1.45035327e-18 1.40808814e-06 3.39725510e-07 3.39725510e-07 3.56292512e-03 3.56292512e-03 1.66737904e-19 1.19919845e-02 1.27637788e-02
8.18318318e-02 -2.06697975e+01 -2.06697975e+01 -2.50725141e-02 -6.80089435e-03 -6.80089430e-03 7.13254574e+01 7.13254574e+01 1.73372523e+02 2.92955956e+02 3.31954234e+02 4.15189176e-17 6.25211957e-17 1.00545520e-05 2.23552182e-14 2.00483846e-14 1.24373930e-33 7.58831581e-18 1.05754363e-16 7.28836817e-01 6.84687442e-01 1.45261321e-18 1.55579939e-18 1.40808814e-06 3.39725510e-07 3.39725510e-07 3.56292512e-03 3.56292512e-03 1.81052012e-18 1.19912551e-02 1.27644640e-02
8.19819820e-02 -2.06697975e+01 -2.06697975e+01 -2.50725143e-02 -6.80089435e-03 -6.80089430e-03 7.13254574e+01 7.13254574e+01 1.73372523e+02 2.92922412e+02 3.31992248e+02 5.06557680e-17 4.37595072e-17 1.00730008e-05 2.16047667e-14 2.09361213e-14 1.27346385e-33 7.93623445e-18 8.61324146e-17 7.28875940e-01 6.84645794e-01 1.00611641e-18 5.90394351e-18 1.40808814e-06 3.39725510e-07 3.39725510e-07 3.56292512e-03 3.56292512e-03 6.70334584e-19 1.19905257e-02 1.27651492e-02
8.21321321e-02 -2.06697975e+01 -2.06697975e+01 -2.50725142e-02 -6.80089437e-03 -6.80089414e-03 7.13254574e+01 7.13254574e+01 1.73372523e+02 2.92888873e+02 3.32030265e+02 5.44490736e-18 3.01696180e-17 1.00914495e-05 1.02363033e-15 1.09312944e-14 1.52513323e-33 6.67788115e-18 9.39011428e-17 7.28915060e-01 6.84604145e-01 1.96147664e-18 2.95817942e-18 1.40808814e-06 3.39725510e-07 3.39725510e-07 3.56292512e-03 3.56292512e-03 1.06085890e-19 1.19897963e-02 1.27658343e-02
8.22822823e-02 -2.06697975e+01 -2.06697975e+01 -2.50725142e-02 -6.80089435e-03 -6.80089430e-03 7.13254574e+01 7.13254574e+01 1.73372523e+02 2.92855338e+02 3.32068286e+02 2.13964837e-17 1.37536711e-17 1.01098982e-05 2.16413915e-14 2.10593542e-14 1.33290597e-33 8.63201719e-18 2.53862685e-16 7.28954177e-01 6.84562494e-01 1.30408277e-18 2.48479395e-18 1.40808814e-06 3.39725510e-07 3.39725510e-07 3.56292512e-03 3.56292512e-03 7.57966397e-20 1.19890668e-02 1.27665194e-02
8.24324324e-02 -2.06697975e+01 -2.06697975e+01 -2.50725144e-02 -6.80089434e-03 -6.80089429e-03 7.13254574e+01 7.13254574e+01 1.73372523e+02 2.92821807e+02 3.32106311e+02 1.18799072e-16 8.98189971e-17 1.01283469e-05 1.62225323e-14 2.55355379e-14 1.36262354e-33 8.97988129e-18 4.07668337e-16 7.28993291e-01 6.84520841e-01 2.11586327e-18 2.06731831e-18 1.40808814e-06 3.39725510e-07 3.39725510e-07 3.56292512e-03 3.56292512e-03 3.18147853e-18 1.19883373e-02 1.27672044e-02
8.25825826e-02 -2.06697975e+01 -2.06697975e+01 -2.50725142e-02 -6.80089635e-03 -6.80089438e-03 7.13254574e+01 7.13254574e+01 1.73372523e+02 2.92788279e+02 3.32144341e+02 3.73954043e-17 6.11081225e-17 1.01467956e-05 3.04644711e-14 3.36174290e-16 1.89420125e-33 9.32772723e-18 2.64636897e-16 7.29032402e-01 6.84479186e-01 1.35355146e-18 1.54704335e-18 1.40808814e-06 3.39725510e-07 3.39725510e-07 3.56292512e-03 3.56292512e-03 1.71957885e-18 1.19876078e-02 1.27678894e-02
8.27327327e-02 -2.06697975e+01 -2.06697975e+01 -2.50725143e-02 -6.80089552e-03 -6.80089437e-03 7.13254574e+01 7.13254574e+01 1.73372523e+02 2.92754756e+02 3.32182374e+02 2.73064904e-17 1.47745994e-17 1.01652443e-05 3.06004087e-14 5.79670518e-16 1.94262738e-33 9.67555502e-18 1.00101877e-16 7.29071510e-01 6.84437530e-01 1.75740023e-18 7.42532031e-19 1.40808814e-06 3.39725510e-07 3.39725510e-07 3.56292512e-03 3.56292512e-03 9.43158378e-19 1.19868783e-02 1.27685743e-02
8.28828829e-02 -2.06697975e+01 -2.06697975e+01 -2.50725143e-02 -6.80089439e-03 -6.80089428e-03 7.13254574e+01 7.13254574e+01 1.73372523e+02 2.92721237e+02 3.32220412e+02 5.57396904e-17 1.95849600e-19 1.01836931e-05 4.46783648e-28 2.62358355e-28 3.07109029e-45 8.45490219e-28 4.75750704e-18 7.29110615e-01 6.84395873e-01 7.98117926e-19 1.32178801e-18 1.40808814e-06 3.39725510e-07 3.39725510e-07 3.56292512e-03 3.56292512e-03 7.57966397e-20 1.19861487e-02 1.27692592e-02
8.30330330e-02 -2.06697975e+01 -2.06697975e+01 -2.50725138e-02 -6.80089439e-03 -6.80089428e-03 7.13254574e+01 7.13254574e+01 1.73372523e+02 2.92687723e+02 3.32258453e+02 1.51040390e-16 3.87494025e-17 1.02021418e-05 4.47615603e-28 2.62846892e-28 3.07665386e-45 8.47064605e-28 1.83519901e-16 7.29149718e-01 6.84354213e-01 9.01309496e-19 1.19123686e-19 1.40808814e-06 3.39725510e-07 3.39725510e-07 3.56292512e-03 3.56292512e-03 7.61275848e-19 1.19854191e-02 1.27699440e-02
8.31831832e-02 -2.06697975e+01 -2.06697975e+01 -2.50725142e-02 -6.80089434e-03 -6.80089430e-03 7.13254574e+01 7.13254574e+01 1.73372523e+02 2.92654212e+02 3.32296499e+02 8.37292217e-18 9.13998963e-17 1.02205905e-05 6.77473419e-15 8.55143583e-15 1.37208343e-33 9.09208189e-18 6.06118332e-17 7.29188817e-01 6.84312552e-01 1.24411751e-18 2.01982596e-18 1.40808814e-06 3.39725510e-07 3.39725510e-07 3.56292512e-03 3.56292512e-03 7.61275848e-19 1.19846895e-02 1.27706288e-02
8.33333333e-02 -2.06697975e+01 -2.06697975e+01 -2.50725142e-02 -6.80089436e-03 -6.80089431e-03 7.13254574e+01 7.13254574e+01 1.73372523e+02 2.92620705e+02 3.32334549e+02 6.86117256e-17 1.37511213e-17 1.02390392e-05 9.04413948e-15 6.13281931e-15 1.40153731e-33 9.43689501e-18 2.38319459e-16 7.29227913e-01 6.84270890e-01 1.95422667e-18 2.76920534e-18 1.40808814e-06 3.39725510e-07 3.39725510e-07 3.56292512e-03 3.56292512e-03 4.41260533e-18 1.19839598e-02 1.27713135e-02
8.34834835e-02 -2.06697975e+01 -2.06697975e+01 -2.50725141e-02 -6.80089764e-03 -6.80089444e-03 7.13254574e+01 7.13254574e+01 1.73372523e+02 2.92587203e+02 3.32372603e+02 6.90685586e-18 3.07788240e-17 1.02574879e-05 1.10845121e-14 7.53469380e-17 1.95726652e-33 9.78168996e-18 1.18216216e-17 7.29267007e-01 6.84229226e-01 2.31238417e-18 2.02700361e-18 1.40808814e-06 3.39725510e-07 3.39725510e-07 3.56292512e-03 3.56292512e-03 7.61275848e-19 1.19832301e-02 1.27719981e-02
8.36336336e-02 -2.06697975e+01 -2.06697975e+01 -2.50725140e-02 -6.80089571e-03 -6.80089433e-03 7.13254574e+01 7.13254574e+01 1.73372523e+02 2.92553704e+02 3.32410661e+02 4.15662543e-18 4.15764875e-17 1.02759367e-05 1.11939960e-14 1.76769336e-16 2.00526446e-33 1.01264668e-17 5.54725077e-17 7.29306097e-01 6.84187560e-01 8.14378899e-18 1.99171791e-18 1.40808814e-06 3.39725510e-07 3.39725510e-07 3.56292512e-03 3.56292512e-03 1.81052012e-18 1.19825004e-02 1.27726827e-02
8.37837838e-02 -2.06697975e+01 -2.06697975e+01 -2.50725140e-02 -6.80089438e-03 -6.80089431e-03 7.13254574e+01 7.13254574e+01 1.73372523e+02 2.92520210e+02 3.32448723e+02 1.00680598e-16 1.69490853e-17 1.02943854e-05 3.62993400e-15 1.03756646e-14 1.48988503e-33 1.04712254e-17 1.84315572e-16 7.29345184e-01 6.84145892e-01 1.84836407e-18 7.38154651e-19 1.40808814e-06 3.39725510e-07 3.39725510e-07 3.56292512e-03 3.56292512e-03 1.06438889e-18 1.19817707e-02 1.27733673e-02
8.39339339e-02 -2.06697975e+01 -2.06697975e+01 -2.50725142e-02 -6.80089434e-03 -6.80089430e-03 7.13254574e+01 7.13254574e+01 1.73372523e+02 2.92486719e+02 3.32486789e+02 4.80331767e-17 1.01931848e-16 1.03128341e-05 1.83415087e-14 2.47507131e-14 1.65967125e-33 1.24575243e-17 2.11181301e-18 7.29384269e-01 6.84104223e-01 1.10742509e-18 5.68988881e-18 1.40808814e-06 3.39725510e-07 3.39725510e-07 3.56292512e-03 3.56292512e-03 8.52217113e-19 1.19810409e-02 1.27740518e-02
8.40840841e-02 -2.06697975e+01 -2.06697975e+01 -2.50725141e-02 -6.80089442e-03 -6.80089432e-03 7.13254574e+01 7.13254574e+01 1.73372523e+02 2.92453233e+02 3.32524859e+02 1.80992468e-17 5.69111322e-17 1.03312828e-05 3.01339501e-14 6.76133194e-15 2.37831052e-33 1.28051890e-17 4.59282560e-18 7.29423350e-01 6.84062552e-01 1.59449306e-18 3.34529875e-19 1.40808814e-06 3.39725510e-07 3.39725510e-07 3.56292512e-03 3.56292512e-03 1.53769632e-18 1.19803111e-02 1.27747363e-02
8.42342342e-02 -2.06697975e+01 -2.06697975e+01 -2.50725141e-02 -6.80089435e-03 -6.80089430e-03 7.13254574e+01 7.13254574e+01 1.73372523e+02 2.92419751e+02 3.32562933e+02 2.20927282e-17 3.12556958e-17 1.03497315e-05 7.83162867e-15 7.79014919e-15 1.57821185e-33 1.15053926e-17 1.04535145e-16 7.29462429e-01 6.84020880e-01 2.58863967e-18 3.53973884e-18 1.40808814e-06 3.39725510e-07 3.39725510e-07 3.56292512e-03 3.56292512e-03 7.91565098e-19 1.19795813e-02 1.27754207e-02
8.43843844e-02 -2.06697975e+01 -2.06697975e+01 -2.50725144e-02 -6.80089433e-03 -6.80089349e-03 7.13254574e+01 7.13254574e+01 1.73372523e+02 2.92386273e+02 3.32601011e+02 5.94530833e-17 4.94050991e-17 1.03681803e-05 8.11390815e-16 3.09821986e-14 2.47509185e-33 1.35004640e-17 1.61462830e-16 7.29501505e-01 6.83979206e-01 1.17899284e-18 3.93640565e-18 1.40808814e-06 3.39725510e-07 3.39725510e-07 3.56292512e-03 3.56292512e-03 1.62863759e-18 1.19788514e-02 1.27761050e-02
8.45345345e-02 -2.06697975e+01 -2.06697975e+01 -2.50725142e-02 -6.80089439e-03 -6.80089428e-03 7.13254574e+01 7.13254574e+01 1.73372523e+02 2.92352799e+02 3.32639094e+02 3.76299632e-17 4.25579655e-17 1.03866290e-05 4.55941932e-28 2.67736242e-28 3.13228955e-45 8.62821290e-28 5.65460914e-17 7.29540577e-01 6.83937531e-01 3.06632681e-18 1.98615461e-18 1.40808814e-06 3.39725510e-07 3.39725510e-07 3.56292512e-03 3.56292512e-03 1.06085890e-19 1.19781215e-02 1.27767893e-02
8.46846847e-02 -2.06697975e+01 -2.06697975e+01 -2.50725140e-02 -6.80089437e-03 -6.80089431e-03 7.13254574e+01 7.13254574e+01 1.73372523e+02 2.92319329e+02 3.32677180e+02 2.64782599e-17 1.95960378e-17 1.04050777e-05 2.81296710e-14 1.31997832e-14 1.80810782e-33 1.41956666e-17 7.86828356e-17 7.29579647e-01 6.83895853e-01 1.15883279e-18 2.90236075e-18 1.40808814e-06 3.39725510e-07 3.39725510e-07 3.56292512e-03 3.56292512e-03 2.58694059e-18 1.19773916e-02 1.27774736e-02
8.48348348e-02 -2.06697975e+01 -2.06697975e+01 -2.50725140e-02 -6.80089439e-03 -6.80089434e-03 7.13254574e+01 7.13254574e+01 1.73372523e+02 2.92285863e+02 3.32715271e+02 9.12881772e-17 1.13596060e-17 1.04235264e-05 1.70247653e-14 2.60540410e-14 1.83778815e-33 1.45432408e-17 1.73662827e-16 7.29618714e-01 6.83854175e-01 5.21328253e-18 1.04803512e-18 1.40808814e-06 3.39725510e-07 3.39725510e-07 3.56292512e-03 3.56292512e-03 7.91565098e-19 1.19766617e-02 1.27781577e-02
8.49849850e-02 -2.06697975e+01 -2.06697975e+01 -2.50725139e-02 -6.80089479e-03 -6.80089437e-03 7.13254574e+01 7.13254574e+01 1.73372523e+02 2.92252401e+02 3.32753366e+02 6.11640744e-17 6.20717388e-17 1.04419751e-05 3.11258516e-14 1.63115975e-15 2.66861400e-33 1.48907970e-17 1.42174054e-16 7.29657778e-01 6.83812494e-01 4.06192129e-18 3.19132774e-18 1.40808814e-06 3.39725510e-07 3.39725510e-07 3.56292512e-03 3.56292512e-03 1.81052012e-18 1.19759317e-02 1.27788419e-02
8.51351351e-02 -2.06697975e+01 -2.06697975e+01 -2.50725140e-02 -6.80089436e-03 -6.80089431e-03 7.13254574e+01 7.13254574e+01 1.73372523e+02 2.92218943e+02 3.32791464e+02 2.39605803e-17 3.62617203e-17 1.04604239e-05 2.62781949e-14 1.69059409e-14 1.30102249e-33 7.99247288e-18 1.65106336e-16 7.29696839e-01 6.83770812e-01 1.14026184e-18 1.09681126e-18 1.40808814e-06 3.39725510e-07 3.39725510e-07 3.56292512e-03 3.56292512e-03 2.76882312e-18 1.19752017e-02 1.27795260e-02
8.52852853e-02 -2.06697975e+01 -2.06697975e+01 -2.50725140e-02 -6.80089433e-03 -6.80089427e-03 7.13254574e+01 7.13254574e+01 1.73372523e+02 2.92185489e+02 3.32829567e+02 3.20663846e-17 2.23536224e-18 1.04788726e-05 2.92098562e-14 1.12599085e-14 1.33066355e-33 8.33951876e-18 2.06929662e-16 7.29735896e-01 6.83729129e-01 3.15599148e-18 1.44274963e-18 1.40808814e-06 3.39725510e-07 3.39725510e-07 3.56292512e-03 3.56292512e-03 7.91565098e-19 1.19744717e-02 1.27802100e-02
8.54354354e-02 -2.06697975e+01 -2.06697975e+01 -2.50725142e-02 -6.80089737e-03 -6.80089430e-03 7.13254574e+01 7.13254574e+01 1.73372523e+02 2.92152040e+02 3.32867674e+02 1.63257578e-17 2.54714637e-17 1.04973213e-05 1.10210644e-14 7.82077756e-17 6.08838896e-34 2.31247767e-19 2.34003560e-17 7.29774951e-01 6.83687443e-01 2.24937425e-18 1.79176240e-18 1.40808814e-06 3.39725510e-07 3.39725510e-07 3.56292512e-03 3.56292512e-03 1.71957885e-18 1.19737417e-02 1.27808940e-02
8.55855856e-02 -2.06697975e+01 -2.06697975e+01 -2.50725142e-02 -6.80089435e-03 -6.80089431e-03 7.13254574e+01 7.13254574e+01 1.73372523e+02 2.92118594e+02 3.32905785e+02 6.67683260e-17 7.08424723e-17 1.05157700e-05 2.67743190e-14 2.30665698e-14 7.74750942e-34 1.56772168e-18 2.84190292e-17 7.29814003e-01 6.83645756e-01 2.04319420e-18 3.20674496e-18 1.40808814e-06 3.39725510e-07 3.39725510e-07 3.56292512e-03 3.56292512e-03 2.49599932e-18 1.19730116e-02 1.27815779e-02
8.57357357e-02 -2.06697975e+01 -2.06697975e+01 -2.50725141e-02 -6.80089434e-03 -6.80089427e-03 7.13254574e+01 7.13254574e+01 1.73372523e+02 2.92085153e+02 3.32943900e+02 1.28441313e-17 2.72588817e-17 1.05342187e-05 1.43627890e-14 4.94715839e-15 9.47657172e-34 3.59071745e-18 2.30892795e-16 7.29853052e-01 6.83604068e-01 4.01040424e-19 1.23143477e-18 1.40808814e-06 3.39725510e-07 3.39725510e-07 3.56292512e-03 3.56292512e-03 3.45430233e-18 1.19722815e-02 1.27822618e-02
8.58858859e-02 -2.06697975e+01 -2.06697975e+01 -2.50725141e-02 -6.80089429e-03 -6.80089239e-03 7.13254574e+01 7.13254574e+01 1.73372523e+02 2.92051716e+02 3.32982019e+02 4.14926768e-17 8.87730532e-17 1.05526675e-05 4.05271357e-16 3.53162855e-14 9.55466535e-34 2.25995878e-18 1.16925176e-16 7.29892098e-01 6.83562378e-01 1.55062842e-18 2.85826823e-18 1.40808814e-06 3.39725510e-07 3.39725510e-07 3.56292512e-03 3.56292512e-03 1.66737904e-19 1.19715513e-02 1.27829457e-02
8.60360360e-02 -2.06697975e+01 -2.06697975e+01 -2.50725141e-02 -6.80089434e-03 -6.80089430e-03 7.13254574e+01 7.13254574e+01 1.73372523e+02 2.92018282e+02 3.33020142e+02 4.84484612e-17 8.25509529e-18 1.05711162e-05 1.00750162e-14 1.14248973e-14 1.00728564e-33 4.28880039e-18 1.06323335e-16 7.29931141e-01 6.83520686e-01 2.07664550e-18 4.16326170e-19 1.40808814e-06 3.39725510e-07 3.39725510e-07 3.56292512e-03 3.56292512e-03 2.40505806e-18 1.19708212e-02 1.27836294e-02
8.61861862e-02 -2.06697975e+01 -2.06697975e+01 -2.50725142e-02 -6.80089437e-03 -6.80089431e-03 7.13254574e+01 7.13254574e+01 1.73372523e+02 2.91984853e+02 3.33058270e+02 2.94572122e-17 7.06936268e-17 1.05895649e-05 1.34565821e-14 7.21779775e-15 1.03709617e-33 4.63781236e-18 6.58735632e-17 7.29970182e-01 6.83478993e-01 1.45908519e-18 4.11797506e-18 1.40808814e-06 3.39725510e-07 3.39725510e-07 3.56292512e-03 3.56292512e-03 9.43158378e-19 1.19700910e-02 1.27843132e-02
8.63363363e-02 -2.06697975e+01 -2.06697975e+01 -2.50725142e-02 -6.80089435e-03 -6.80089430e-03 7.13254574e+01 7.13254574e+01 1.73372523e+02 2.91951428e+02 3.33096401e+02 5.83829260e-17 9.08823582e-19 1.06080136e-05 1.06986799e-14 1.09289340e-14 1.06690424e-33 4.98680467e-18 1.06872424e-16 7.30009219e-01 6.83437298e-01 2.11204341e-18 1.48844684e-18 1.40808814e-06 3.39725510e-07 3.39725510e-07 3.56292512e-03 3.56292512e-03 4.13978154e-18 1.19693607e-02 1.27849968e-02
8.64864865e-02 -2.06697975e+01 -2.06697975e+01 -2.50725144e-02 -6.80089435e-03 -6.80089430e-03 7.13254574e+01 7.13254574e+01 1.73372523e+02 2.91918007e+02 3.33134537e+02 3.96863642e-17 2.32823695e-17 1.06264623e-05 1.12777478e-14 1.03649497e-14 1.09670985e-33 5.33577732e-18 2.12805628e-16 7.30048253e-01 6.83395602e-01 1.48874908e-18 7.03322805e-19 1.40808814e-06 3.39725510e-07 3.39725510e-07 3.56292512e-03 3.56292512e-03 4.13978154e-18 1.19686305e-02 1.27856805e-02
8.66366366e-02 -2.06697975e+01 -2.06697975e+01 -2.50725140e-02 -6.80089435e-03 -6.80089431e-03 7.13254574e+01 7.13254574e+01 1.73372523e+02 2.91884590e+02 3.33172676e+02 1.94305097e-17 1.16255677e-16 1.06449111e-05 1.17454681e-14 9.88554851e-15 1.12651299e-33 5.68473034e-18 5.81216805e-17 7.30087284e-01 6.83353904e-01 1.42550493e-18 3.61882606e-18 1.40808814e-06 3.39725510e-07 3.39725510e-07 3.56292512e-03 3.56292512e-03 2.85976438e-18 1.19679002e-02 1.27863640e-02
8.67867868e-02 -2.06697975e+01 -2.06697975e+01 -2.50725140e-02 -6.80089434e-03 -6.80089430e-03 7.13254574e+01 7.13254574e+01 1.73372523e+02 2.91851177e+02 3.33210820e+02 5.75001049e-18 7.45357034e-17 1.06633598e-05 9.83070751e-15 1.18234548e-14 1.15631367e-33 6.03366370e-18 9.40594894e-17 7.30126312e-01 6.83312204e-01 8.32495369e-19 9.48036773e-19 1.40808814e-06 3.39725510e-07 3.39725510e-07 3.56292512e-03 3.56292512e-03 8.52217113e-19 1.19671699e-02 1.27870476e-02
8.69369369e-02 -2.06697975e+01 -2.06697975e+01 -2.50725141e-02 -6.80089436e-03 -6.80089431e-03 7.13254574e+01 7.13254574e+01 1.73372523e+02 2.91817768e+02 3.33248967e+02 4.37735726e-17 3.81535891e-17 1.06818085e-05 1.24804049e-14 9.02592251e-15 1.18611188e-33 6.38257743e-18 1.25859209e-16 7.30165338e-01 6.83270503e-01 2.28428615e-18 7.26547908e-19 1.40808814e-06 3.39725510e-07 3.39725510e-07 3.56292512e-03 3.56292512e-03 2.67788185e-18 1.19664396e-02 1.27877310e-02
8.70870871e-02 -2.06697975e+01 -2.06697975e+01 -2.50725141e-02 -6.80089438e-03 -6.80089294e-03 7.13254574e+01 7.13254574e+01 1.73372523e+02 2.91784364e+02 3.33287119e+02 9.62034912e-18 4.83248116e-17 1.07002572e-05 2.34057681e-16 1.54055609e-14 1.57804733e-33 6.73147154e-18 1.61419985e-16 7.30204360e-01 6.83228800e-01 2.12444944e-18 1.51390063e-18 1.40808814e-06 3.39725510e-07 3.39725510e-07 3.56292512e-03 3.56292512e-03 1.65892684e-18 1.19657092e-02 1.27884144e-02
8.72372372e-02 -2.06697975e+01 -2.06697975e+01 -2.50725140e-02 -6.80089442e-03 -6.80089430e-03 7.13254574e+01 7.13254574e+01 1.73372523e+02 2.91750963e+02 3.33325275e+02 2.15343244e-17 1.39606795e-17 1.07187059e-05 2.78318284e-15 1.51958045e-14 1.24570091e-33 7.08034601e-18 1.15236032e-16 7.30243379e-01 6.83187095e-01 2.00107847e-18 1.30631923e-18 1.40808814e-06 3.39725510e-07 3.39725510e-07 3.56292512e-03 3.56292512e-03 7.57966397e-20 1.19649788e-02 1.27890978e-02
8.73873874e-02 -2.06697975e+01 -2.06697975e+01 -2.50725139e-02 -6.80089435e-03 -6.80089430e-03 7.13254574e+01 7.13254574e+01 1.73372523e+02 2.91717567e+02 3.33363435e+02 2.02248482e-17 6.40586310e-17 1.07371546e-05 1.13904664e-14 1.04875478e-14 1.27549172e-33 7.42920087e-18 3.27338652e-17 7.30282395e-01 6.83145389e-01 3.04154460e-18 1.40037856e-18 1.40808814e-06 3.39725510e-07 3.39725510e-07 3.56292512e-03 3.56292512e-03 9.43158378e-19 1.19642484e-02 1.27897811e-02
8.75375375e-02 -2.06697975e+01 -2.06697975e+01 -2.50725141e-02 -6.80089434e-03 -6.80089147e-03 7.13254574e+01 7.13254574e+01 1.73372523e+02 2.91684174e+02 3.33401599e+02 4.43059403e-18 3.25611561e-17 1.07556034e-05 1.18501132e-16 1.56463132e-14 1.72372051e-33 7.77803613e-18 3.81146307e-17 7.30321409e-01 6.83103682e-01 1.49676452e-18 3.21955915e-18 1.40808814e-06 3.39725510e-07 3.39725510e-07 3.56292512e-03 3.56292512e-03 1.71957885e-18 1.19635180e-02 1.27904644e-02
8.76876877e-02 -2.06697975e+01 -2.06697975e+01 -2.50725139e-02 -6.80089439e-03 -6.80089428e-03 7.13254574e+01 7.13254574e+01 1.73372523e+02 2.91650786e+02 3.33439767e+02 3.26906446e-17 2.13645729e-16 1.07740521e-05 4.73468088e-28 2.78027875e-28 3.24912451e-45 8.95987664e-28 1.38529154e-16 7.30360419e-01 6.83061972e-01 2.74230783e-19 8.05172076e-19 1.40808814e-06 3.39725510e-07 3.39725510e-07 3.56292512e-03 3.56292512e-03 8.82506363e-19 1.19627875e-02 1.27911476e-02
8.78378378e-02 -2.06697975e+01 -2.06697975e+01 -2.50725145e-02 -6.80089439e-03 -6.80089428e-03 7.13254574e+01 7.13254574e+01 1.73372523e+02 2.91617401e+02 3.33477939e+02 1.27917377e-16 1.19762175e-16 1.07925008e-05 4.74304073e-28 2.78518779e-28 3.25468808e-45 8.97569677e-28 2.69304332e-16 7.30399427e-01 6.83020262e-01 1.01749892e-18 5.16317658e-19 1.40808814e-06 3.39725510e-07 3.39725510e-07 3.56292512e-03 3.56292512e-03 2.79911237e-18 1.19620570e-02 1.27918307e-02
8.79879880e-02 -2.06697975e+01 -2.06697975e+01 -2.50725143e-02 -6.80089437e-03 -6.80089432e-03 7.13254574e+01 7.13254574e+01 1.73372523e+02 2.91584021e+02 3.33516115e+02 9.27284882e-17 2.81425042e-17 1.08109495e-05 1.42104607e-14 6.41862538e-15 1.39463033e-33 8.82442427e-18 3.13611152e-16 7.30438431e-01 6.82978549e-01 1.80305855e-18 2.83713625e-18 1.40808814e-06 3.39725510e-07 3.39725510e-07 3.56292512e-03 3.56292512e-03 4.23072280e-18 1.19613265e-02 1.27925138e-02
8.81381381e-02 -2.06697975e+01 -2.06697975e+01 -2.50725140e-02 -6.80089432e-03 -6.80089427e-03 7.13254574e+01 7.13254574e+01 1.73372523e+02 2.91550645e+02 3.33554296e+02 1.61818189e-17 5.04768504e-18 1.08293982e-05 3.16457006e-14 1.80085336e-14 1.27707730e-33 7.44922820e-18 9.39712571e-17 7.30477432e-01 6.82936835e-01 2.23464131e-18 1.30563989e-18 1.40808814e-06 3.39725510e-07 3.39725510e-07 3.56292512e-03 3.56292512e-03 2.52628857e-18 1.19605959e-02 1.27931969e-02
8.82882883e-02 -2.06697975e+01 -2.06697975e+01 -2.50725142e-02 -6.80089436e-03 -6.80089431e-03 7.13254574e+01 7.13254574e+01 1.73372523e+02 2.91517273e+02 3.33592480e+02 2.99719969e-18 3.72829115e-17 1.08478470e-05 1.33557351e-14 8.18011128e-15 1.45418484e-33 9.52191844e-18 2.80432975e-17 7.30516431e-01 6.82895119e-01 4.60612549e-18 1.26717891e-18 1.40808814e-06 3.39725510e-07 3.39725510e-07 3.56292512e-03 3.56292512e-03 9.43158378e-19 1.19598653e-02 1.27938799e-02
8.84384384e-02 -2.06697975e+01 -2.06697975e+01 -2.50725143e-02 -6.80089442e-03 -6.80089433e-03 7.13254574e+01 7.13254574e+01 1.73372523e+02 2.91483905e+02 3.33630668e+02 1.25027047e-16 1.21611320e-17 1.08662957e-05 3.87749294e-15 1.51746319e-14 1.48395840e-33 9.87063614e-18 2.92864694e-16 7.30555426e-01 6.82853402e-01 2.24608699e-18 2.39399702e-19 1.40808814e-06 3.39725510e-07 3.39725510e-07 3.56292512e-03 3.56292512e-03 4.32166406e-18 1.19591347e-02 1.27945628e-02
8.85885886e-02 -2.06697975e+01 -2.06697975e+01 -2.50725140e-02 -6.80089439e-03 -6.80089428e-03 7.13254574e+01 7.13254574e+01 1.73372523e+02 2.91450541e+02 3.33668861e+02 9.93702510e-17 8.82816455e-17 1.08847444e-05 4.78485952e-28 2.80974444e-28 3.28250592e-45 9.05483434e-28 7.51600740e-17 7.30594419e-01 6.82811684e-01 1.72432446e-18 1.37049138e-18 1.40808814e-06 3.39725510e-07 3.39725510e-07 3.56292512e-03 3.56292512e-03 7.61275848e-19 1.19584041e-02 1.27952457e-02
8.87387387e-02 -2.06697975e+01 -2.06697975e+01 -2.50725142e-02 -6.80089435e-03 -6.80089430e-03 7.13254574e+01 7.13254574e+01 1.73372523e+02 2.91417181e+02 3.33707058e+02 3.07313855e-17 3.62226855e-18 1.09031931e-05 1.14949799e-14 1.07332898e-14 1.54349812e-33 1.05680129e-17 1.01868062e-16 7.30633408e-01 6.82769963e-01 1.35631672e-18 2.27584178e-18 1.40808814e-06 3.39725510e-07 3.39725510e-07 3.56292512e-03 3.56292512e-03 9.43158378e-19 1.19576734e-02 1.27959286e-02
8.88888889e-02 -2.06697975e+01 -2.06697975e+01 -2.50725142e-02 -6.80089435e-03 -6.80089430e-03 7.13254574e+01 7.13254574e+01 1.73372523e+02 2.91383825e+02 3.33745258e+02 2.69635763e-18 3.40351448e-17 1.09216418e-05 1.13169634e-14 1.09457300e-14 1.57326428e-33 1.09166719e-17 9.56474803e-17 7.30672395e-01 6.82728241e-01 1.38962439e-18 8.60564998e-19 1.40808814e-06 3.39725510e-07 3.39725510e-07 3.56292512e-03 3.56292512e-03 7.00623834e-19 1.19569427e-02 1.27966114e-02
8.90390390e-02 -2.06697975e+01 -2.06697975e+01 -2.50725143e-02 -6.80089433e-03 -6.80089313e-03 7.13254574e+01 7.13254574e+01 1.73372523e+02 2.91350473e+02 3.33783463e+02 2.96465528e-17 2.59992427e-17 1.09400906e-05 6.60411550e-16 3.64479953e-14 1.96653937e-33 9.52369927e-18 7.57958806e-17 7.30711378e-01 6.82686518e-01 2.01003059e-18 2.85831693e-18 1.40808814e-06 3.39725510e-07 3.39725510e-07 3.56292512e-03 3.56292512e-03 7.00623834e-19 1.19562120e-02 1.27972941e-02
8.91891892e-02 -2.06697975e+01 -2.06697975e+01 -2.50725142e-02 -6.80089435e-03 -6.80089431e-03 7.13254574e+01 7.13254574e+01 1.73372523e+02 2.91317126e+02 3.33821672e+02 4.05853547e-17 6.20096684e-18 1.09585393e-05 2.88528020e-14 2.29100758e-14 1.48371089e-33 9.86937592e-18 9.04780043e-17 7.30750359e-01 6.82644793e-01 2.02697517e-18 2.97745627e-18 1.40808814e-06 3.39725510e-07 3.39725510e-07 3.56292512e-03 3.56292512e-03 1.84080937e-18 1.19554812e-02 1.27979768e-02
8.93393393e-02 -2.06697975e+01 -2.06697975e+01 -2.50725146e-02 -6.80089439e-03 -6.80089428e-03 7.13254574e+01 7.13254574e+01 1.73372523e+02 2.91283782e+02 3.33859885e+02 1.02838491e-16 2.56247746e-17 1.09769880e-05 4.82671098e-28 2.83432027e-28 3.31032377e-45 9.13403375e-28 6.88421502e-17 7.30789336e-01 6.82603066e-01 4.67656525e-19 1.22859939e-18 1.40808814e-06 3.39725510e-07 3.39725510e-07 3.56292512e-03 3.56292512e-03 3.18147853e-18 1.19547504e-02 1.27986594e-02
8.94894895e-02 -2.06697975e+01 -2.06697975e+01 -2.50725143e-02 -6.80089460e-03 -6.80089446e-03 7.13254574e+01 7.13254574e+01 1.73372523e+02 2.91250443e+02 3.33898102e+02 1.02974744e-17 3.32206896e-17 1.09954367e-05 1.55934114e-14 2.39931232e-15 2.35459742e-33 1.23111126e-17 1.03261268e-16 7.30828311e-01 6.82561338e-01 9.19704155e-18 3.15547292e-18 1.40808814e-06 3.39725510e-07 3.39725510e-07 3.56292512e-03 3.56292512e-03 9.43158378e-19 1.19540196e-02 1.27993420e-02
8.96396396e-02 -2.06697975e+01 -2.06697975e+01 -2.50725138e-02 -6.80089435e-03 -6.80089430e-03 7.13254574e+01 7.13254574e+01 1.73372523e+02 2.91217107e+02 3.33936323e+02 9.40317935e-17 2.59416065e-17 1.10138854e-05 2.68172418e-14 2.55247678e-14 1.57223123e-33 1.09062884e-17 4.38832695e-17 7.30867282e-01 6.82519608e-01 2.71665904e-18 1.27765122e-18 1.40808814e-06 3.39725510e-07 3.39725510e-07 3.56292512e-03 3.56292512e-03 1.66737904e-19 1.19532888e-02 1.28000245e-02
8.97897898e-02 -2.06697975e+01 -2.06697975e+01 -2.50725146e-02 -6.80089435e-03 -6.80089430e-03 7.13254574e+01 7.13254574e+01 1.73372523e+02 2.91183776e+02 3.33974548e+02 4.73095496e-17 3.21618338e-17 1.10323342e-05 1.16012270e-14 1.09089549e-14 1.75180945e-33 1.30082158e-17 2.12822783e-16 7.30906251e-01 6.82477877e-01 2.63679396e-18 9.58385952e-19 1.40808814e-06 3.39725510e-07 3.39725510e-07 3.56292512e-03 3.56292512e-03 1.71957885e-18 1.19525579e-02 1.28007070e-02
8.99399399e-02 -2.06697975e+01 -2.06697975e+01 -2.50725143e-02 -6.80089432e-03 -6.80089427e-03 7.13254574e+01 7.13254574e+01 1.73372523e+02 2.91150449e+02 3.34012777e+02 8.69215943e-18 5.72652842e-17 1.10507829e-05 1.35312788e-14 8.42131198e-15 1.78155835e-33 1.33567381e-17 7.80660175e-17 7.30945217e-01 6.82436144e-01 3.10917370e-18 1.36629922e-18 1.40808814e-06 3.39725510e-07 3.39725510e-07 3.56292512e-03 3.56292512e-03 1.93175063e-18 1.19518270e-02 1.28013894e-02
9.00900901e-02 -2.06697975e+01 -2.06697975e+01 -2.50725140e-02 -6.80089434e-03 -6.80089430e-03 7.13254574e+01 7.13254574e+01 1.73372523e+02 2.91117126e+02 3.34051011e+02 3.18205477e-17 8.01145544e-17 1.10692316e-05 1.02031339e-14 1.22731827e-14 1.81130478e-33 1.37052410e-17 1.86174257e-16 7.30984179e-01 6.82394409e-01 2.47504873e-18 1.52676864e-18 1.40808814e-06 3.39725510e-07 3.39725510e-07 3.56292512e-03 3.56292512e-03 1.51446250e-20 1.19510961e-02 1.28020718e-02
9.02402402e-02 -2.06697975e+01 -2.06697975e+01 -2.50725144e-02 -6.80089434e-03 -6.80089202e-03 7.13254574e+01 7.13254574e+01 1.73372523e+02 2.91083807e+02 3.34089248e+02 9.58077164e-18 4.27957098e-18 1.10876803e-05 1.51130070e-16 1.60699457e-14 2.59708086e-33 1.40537243e-17 1.58224639e-16 7.31023139e-01 6.82352673e-01 2.08811578e-18 6.05010402e-19 1.40808814e-06 3.39725510e-07 3.39725510e-07 3.56292512e-03 3.56292512e-03 1.71957885e-18 1.19503652e-02 1.28027541e-02
9.03903904e-02 -2.06697975e+01 -2.06697975e+01 -2.50725142e-02 -6.80089442e-03 -6.80089433e-03 7.13254574e+01 7.13254574e+01 1.73372523e+02 2.91050491e+02 3.34127489e+02 1.11114220e-17 2.12875328e-17 1.11061290e-05 3.84064865e-15 1.55612356e-14 1.87079024e-33 1.44021881e-17 1.39959923e-16 7.31062095e-01 6.82310935e-01 1.77872313e-18 2.40162209e-18 1.40808814e-06 3.39725510e-07 3.39725510e-07 3.56292512e-03 3.56292512e-03 3.54524359e-18 1.19496342e-02 1.28034364e-02
9.05405405e-02 -2.06697975e+01 -2.06697975e+01 -2.50725139e-02 -6.80089435e-03 -6.80089431e-03 7.13254574e+01 7.13254574e+01 1.73372523e+02 2.91017181e+02 3.34165735e+02 5.27577140e-17 9.10444697e-18 1.11245778e-05 1.20830467e-14 1.05685133e-14 1.90052927e-33 1.47506325e-17 1.59305193e-16 7.31101049e-01 6.82269196e-01 2.58430703e-18 2.15517403e-18 1.40808814e-06 3.39725510e-07 3.39725510e-07 3.56292512e-03 3.56292512e-03 2.58694059e-18 1.19489032e-02 1.28041186e-02
9.06906907e-02 -2.06697975e+01 -2.06697975e+01 -2.50725140e-02 -6.80089439e-03 -6.80089434e-03 7.13254574e+01 7.13254574e+01 1.73372523e+02 2.90983874e+02 3.34203984e+02 2.72542132e-17 1.17375342e-17 1.11430265e-05 9.14838547e-15 1.32243347e-14 1.93026584e-33 1.50990573e-17 8.88255213e-17 7.31139999e-01 6.82227455e-01 1.42808683e-18 2.81016025e-18 1.40808814e-06 3.39725510e-07 3.39725510e-07 3.56292512e-03 3.56292512e-03 9.43158378e-19 1.19481722e-02 1.28048007e-02
9.08408408e-02 -2.06697975e+01 -2.06697975e+01 -2.50725141e-02 -6.80089497e-03 -6.80089437e-03 7.13254574e+01 7.13254574e+01 1.73372523e+02 2.90950571e+02 3.34242238e+02 6.80311102e-17 2.80649820e-17 1.11614752e-05 1.64135228e-14 5.96721462e-16 2.79100304e-33 1.54474627e-17 4.83551178e-17 7.31178947e-01 6.82185713e-01 3.99867956e-18 1.41462833e-18 1.40808814e-06 3.39725510e-07 3.39725510e-07 3.56292512e-03 3.56292512e-03 8.52217113e-19 1.19474411e-02 1.28054828e-02
9.09909910e-02 -2.06697975e+01 -2.06697975e+01 -2.50725143e-02 -6.80089681e-03 -6.80089438e-03 7.13254574e+01 7.13254574e+01 1.73372523e+02 2.90917272e+02 3.34280496e+02 6.33277710e-17 1.82804252e-17 1.11799239e-05 1.62570689e-14 1.45673953e-16 2.83947462e-33 1.57958486e-17 4.61524132e-17 7.31217892e-01 6.82143969e-01 2.23080642e-18 6.34701399e-19 1.40808814e-06 3.39725510e-07 3.39725510e-07 3.56292512e-03 3.56292512e-03 1.06085890e-19 1.19467101e-02 1.28061649e-02
9.11411411e-02 -2.06697975e+01 -2.06697975e+01 -2.50725142e-02 -6.80089435e-03 -6.80089431e-03 7.13254574e+01 7.13254574e+01 1.73372523e+02 2.90883977e+02 3.34318758e+02 2.04183819e-17 2.18767178e-17 1.11983726e-05 1.27576662e-14 9.93510971e-15 2.01946073e-33 1.61442151e-17 5.17763818e-17 7.31256833e-01 6.82102224e-01 1.20175542e-18 3.19618704e-18 1.40808814e-06 3.39725510e-07 3.39725510e-07 3.56292512e-03 3.56292512e-03 1.56798557e-18 1.19459790e-02 1.28068469e-02
9.12912913e-02 -2.06697975e+01 -2.06697975e+01 -2.50725142e-02 -6.80089435e-03 -6.80089431e-03 7.13254574e+01 7.13254574e+01 1.73372523e+02 2.90850687e+02 3.34357024e+02 8.91649725e-18 5.38403019e-17 1.12168214e-05 1.30315992e-14 9.58322992e-15 2.04918743e-33 1.64925621e-17 2.93227095e-16 7.31295772e-01 6.82060477e-01 2.48048613e-18 2.87778808e-18 1.40808814e-06 3.39725510e-07 3.39725510e-07 3.56292512e-03 3.56292512e-03 2.58694059e-18 1.19452478e-02 1.28075289e-02
9.14414414e-02 -2.06697975e+01 -2.06697975e+01 -2.50725142e-02 -6.80089435e-03 -6.80089431e-03 7.13254574e+01 7.13254574e+01 1.73372523e+02 2.90817400e+02 3.34395294e+02 7.47616219e-17 6.75298635e-17 1.12352701e-05 1.27685364e-14 9.95839204e-15 1.48137931e-33 9.57439077e-18 1.37408163e-16 7.31334707e-01 6.82018728e-01 1.53559347e-18 1.44566284e-18 1.40808814e-06 3.39725510e-07 3.39725510e-07 3.56292512e-03 3.56292512e-03 2.49599932e-18 1.19445167e-02 1.28082108e-02
9.15915916e-02 -2.06697975e+01 -2.06697975e+01 -2.50725143e-02 -6.80089436e-03 -6.80089431e-03 7.13254574e+01 7.13254574e+01 1.73372523e+02 2.90784118e+02 3.34433568e+02 9.11106817e-18 4.89898270e-17 1.12537188e-05 1.32495798e-14 9.38583302e-15 1.51106602e-33 9.92218950e-18 4.01231200e-17 7.31373640e-01 6.81976978e-01 1.49155796e-18 1.83615204e-18 1.40808814e-06 3.39725510e-07 3.39725510e-07 3.56292512e-03 3.56292512e-03 5.79393319e-19 1.19437855e-02 1.28088926e-02
9.17417417e-02 -2.06697975e+01 -2.06697975e+01 -2.50725142e-02 -6.80089436e-03 -6.80089431e-03 7.13254574e+01 7.13254574e+01 1.73372523e+02 2.90750840e+02 3.34471846e+02 5.76384621e-18 2.63309198e-17 1.12721675e-05 1.31515611e-14 9.55765072e-15 9.43147498e-34 3.00244946e-18 1.04614452e-16 7.31412570e-01 6.81935226e-01 1.84322401e-18 3.60587889e-18 1.40808814e-06 3.39725510e-07 3.39725510e-07 3.56292512e-03 3.56292512e-03 1.53769632e-18 1.19430542e-02 1.28095744e-02
9.18918919e-02 -2.06697975e+01 -2.06697975e+01 -2.50725138e-02 -6.80089435e-03 -6.80089431e-03 7.13254574e+01 7.13254574e+01 1.73372523e+02 2.90717565e+02 3.34510128e+02 5.70287911e-19 3.90651336e-17 1.12906162e-05 1.30481813e-14 9.73488374e-15 9.72793958e-34 3.34969655e-18 1.28999426e-16 7.31451496e-01 6.81893473e-01 1.78619137e-18 3.09874823e-18 1.40808814e-06 3.39725510e-07 3.39725510e-07 3.56292512e-03 3.56292512e-03 2.76882312e-18 1.19423230e-02 1.28102561e-02
9.20420420e-02 -2.06697975e+01 -2.06697975e+01 -2.50725142e-02 -6.80089435e-03 -6.80089431e-03 7.13254574e+01 7.13254574e+01 1.73372523e+02 2.90684295e+02 3.34548414e+02 1.19052036e-17 6.17267054e-17 1.13090649e-05 1.26737813e-14 1.02605694e-14 1.00243782e-33 3.69692254e-18 1.73538615e-16 7.31490420e-01 6.81851718e-01 8.26241755e-19 2.00300625e-18 1.40808814e-06 3.39725510e-07 3.39725510e-07 3.56292512e-03 3.56292512e-03 5.27996707e-18 1.19415917e-02 1.28109378e-02
9.21921922e-02 -2.06697975e+01 -2.06697975e+01 -2.50725140e-02 -6.80089436e-03 -6.80089431e-03 7.13254574e+01 7.13254574e+01 1.73372523e+02 2.90651029e+02 3.34586705e+02 3.32756355e-17 1.62787619e-17 1.13275137e-05 1.40911190e-14 8.25349150e-15 1.03207908e-33 4.04412743e-18 3.10840371e-17 7.31529340e-01 6.81809962e-01 2.44068416e-18 3.55771099e-18 1.40808814e-06 3.39725510e-07 3.39725510e-07 3.56292512e-03 3.56292512e-03 7.57966397e-20 1.19408604e-02 1.28116194e-02
9.23423423e-02 -2.06697975e+01 -2.06697975e+01 -2.50725141e-02 -6.80089431e-03 -6.80089426e-03 7.13254574e+01 7.13254574e+01 1.73372523e+02 2.90617767e+02 3.34624999e+02 2.33556904e-20 2.61520147e-17 1.13459624e-05 3.13982975e-14 2.16243973e-14 9.07400223e-34 2.58493879e-18 1.02472622e-16 7.31568258e-01 6.81768204e-01 2.14978675e-18 1.72985213e-18 1.40808814e-06 3.39725510e-07 3.39725510e-07 3.56292512e-03 3.56292512e-03 2.76882312e-18 1.19401291e-02 1.28123010e-02
9.24924925e-02 -2.06697975e+01 -2.06697975e+01 -2.50725140e-02 -6.80089435e-03 -6.80089431e-03 7.13254574e+01 7.13254574e+01 1.73372523e+02 2.90584509e+02 3.34663298e+02 5.56482635e-17 5.50645810e-17 1.13644111e-05 1.30362973e-14 9.91719580e-15 1.09135381e-33 4.73847395e-18 1.50804390e-16 7.31607172e-01 6.81726445e-01 1.57445677e-18 1.60327482e-18 1.40808814e-06 3.39725510e-07 3.39725510e-07 3.56292512e-03 3.56292512e-03 2.95070565e-18 1.19393978e-02 1.28129826e-02
9.26426426e-02 -2.06697975e+01 -2.06697975e+01 -2.50725142e-02 -6.80089435e-03 -6.80089430e-03 7.13254574e+01 7.13254574e+01 1.73372523e+02 2.90551255e+02 3.34701600e+02 2.60611957e-17 6.26369394e-17 1.13828598e-05 1.16443637e-14 1.15623847e-14 1.12098728e-33 5.08561558e-18 1.63610771e-16 7.31646084e-01 6.81684684e-01 2.22819364e-18 3.51047991e-18 1.40808814e-06 3.39725510e-07 3.39725510e-07 3.56292512e-03 3.56292512e-03 8.52217113e-19 1.19386664e-02 1.28136640e-02
9.27927928e-02 -2.06697975e+01 -2.06697975e+01 -2.50725143e-02 -6.80089438e-03 -6.80089431e-03 7.13254574e+01 7.13254574e+01 1.73372523e+02 2.90518005e+02 3.34739907e+02 1.08238639e-18 1.95457221e-17 1.14013085e-05 5.58425125e-15 1.54615174e-14 1.15061814e-33 5.43273615e-18 4.59178503e-17 7.31684992e-01 6.81642921e-01 1.87815800e-18 2.32782959e-18 1.40808814e-06 3.39725510e-07 3.39725510e-07 3.56292512e-03 3.56292512e-03 8.52217113e-19 1.19379350e-02 1.28143455e-02
9.29429429e-02 -2.06697975e+01 -2.06697975e+01 -2.50725140e-02 -6.80089575e-03 -6.80089345e-03 7.13254574e+01 7.13254574e+01 1.73372523e+02 2.90484760e+02 3.34778217e+02 8.02843360e-18 8.14477976e-17 1.14197573e-05 6.70444452e-14 6.36195147e-16 3.74328121e-29 7.36060811e-18 5.75263046e-17 7.31723898e-01 6.81601157e-01 4.27551234e-19 1.65866781e-18 1.40808814e-06 3.39725510e-07 3.39725510e-07 3.56292512e-03 3.56292512e-03 2.58694059e-18 1.19372035e-02 1.28150268e-02
9.30930931e-02 -2.06697975e+01 -2.06697975e+01 -2.50725142e-02 -6.80089646e-03 -6.80089503e-03 7.13254574e+01 7.13254574e+01 1.73372523e+02 2.90451518e+02 3.34816532e+02 2.71082090e-17 4.39978193e-17 1.14382060e-05 6.71571648e-14 1.02891665e-15 3.74767438e-29 7.71024707e-18 7.20648580e-17 7.31762800e-01 6.81559391e-01 3.06158802e-18 2.98608546e-18 1.40808814e-06 3.39725510e-07 3.39725510e-07 3.56292512e-03 3.56292512e-03 1.84080937e-18 1.19364721e-02 1.28157081e-02
9.32432432e-02 -2.06697975e+01 -2.06697975e+01 -2.50725142e-02 -6.80089508e-03 -6.80089432e-03 7.13254574e+01 7.13254574e+01 1.73372523e+02 2.90418280e+02 3.34854851e+02 1.02594648e-16 5.24222011e-18 1.14566547e-05 6.72416204e-14 1.92918220e-15 3.75206816e-29 8.05986372e-18 8.74997576e-17 7.31801700e-01 6.81517624e-01 3.16116587e-18 8.65323149e-19 1.40808814e-06 3.39725510e-07 3.39725510e-07 3.56292512e-03 3.56292512e-03 1.66737904e-19 1.19357406e-02 1.28163894e-02
9.33933934e-02 -2.06697975e+01 -2.06697975e+01 -2.50725143e-02 -6.80089300e-03 -6.80089235e-03 7.13254574e+01 7.13254574e+01 1.73372523e+02 2.90385047e+02 3.34893174e+02 1.79642089e-17 2.00324961e-17 1.14751034e-05 2.25668489e-15 6.73382965e-14 3.75646254e-29 8.40946093e-18 5.57486383e-17 7.31840596e-01 6.81475855e-01 3.75472810e-18 1.01857221e-18 1.40808814e-06 3.39725510e-07 3.39725510e-07 3.56292512e-03 3.56292512e-03 3.45430233e-18 1.19350091e-02 1.28170706e-02
9.35435435e-02 -2.06697975e+01 -2.06697975e+01 -2.50725143e-02 -6.80089418e-03 -6.80089289e-03 7.13254574e+01 7.13254574e+01 1.73372523e+02 2.90351817e+02 3.34931501e+02 6.64067883e-17 5.48383148e-17 1.14935521e-05 6.74773927e-14 1.13632121e-15 3.76085752e-29 8.75903572e-18 2.05155080e-16 7.31879490e-01 6.81434085e-01 1.33886837e-18 1.08828004e-18 1.40808814e-06 3.39725510e-07 3.39725510e-07 3.56292512e-03 3.56292512e-03 4.41260533e-18 1.19342775e-02 1.28177518e-02
9.36936937e-02 -2.06697975e+01 -2.06697975e+01 -2.50725140e-02 -6.80089439e-03 -6.80089428e-03 7.13254574e+01 7.13254574e+01 1.73372523e+02 2.90318592e+02 3.34969832e+02 6.78770872e-19 1.15347792e-16 1.15120009e-05 5.07010811e-28 2.97724688e-28 3.47166728e-45 9.59463676e-28 8.94985715e-17 7.31918380e-01 6.81392313e-01 2.07802664e-18 3.08086179e-19 1.40808814e-06 3.39725510e-07 3.39725510e-07 3.56292512e-03 3.56292512e-03 1.65892684e-18 1.19335460e-02 1.28184329e-02
9.38438438e-02 -2.06697975e+01 -2.06697975e+01 -2.50725145e-02 -6.80089479e-03 -6.80089437e-03 7.13254574e+01 7.13254574e+01 1.73372523e+02 2.90285371e+02 3.35008167e+02 2.28081631e-17 1.41985102e-17 1.15304496e-05 6.76711467e-14 3.54734294e-15 2.00274873e-33 9.45812372e-18 1.71726367e-16 7.31957267e-01 6.81350540e-01 3.01274087e-18 4.20300076e-19 1.40808814e-06 3.39725510e-07 3.39725510e-07 3.56292512e-03 3.56292512e-03 3.54524359e-18 1.19328144e-02 1.28191139e-02
9.39939940e-02 -2.06697975e+01 -2.06697975e+01 -2.50725143e-02 -6.80089381e-03 -6.80089055e-03 7.13254574e+01 7.13254574e+01 1.73372523e+02 2.90252153e+02 3.35046507e+02 1.22869836e-16 2.33158273e-17 1.15488983e-05 6.78023575e-14 4.51548411e-16 3.77404609e-29 9.80763589e-18 6.33312584e-17 7.31996152e-01 6.81308765e-01 1.62785791e-18 3.76665861e-18 1.40808814e-06 3.39725510e-07 3.39725510e-07 3.56292512e-03 3.56292512e-03 1.81052012e-18 1.19320827e-02 1.28197949e-02
9.41441441e-02 -2.06697975e+01 -2.06697975e+01 -2.50725143e-02 -6.80089563e-03 -6.80089468e-03 7.13254574e+01 7.13254574e+01 1.73372523e+02 2.90218940e+02 3.35084850e+02 4.21367173e-17 6.22712848e-19 1.15673470e-05 1.56078273e-15 6.79040122e-14 3.77844350e-29 1.01571282e-17 8.97084652e-18 7.32035033e-01 6.81266989e-01 2.73567794e-18 8.17350176e-19 1.40808814e-06 3.39725510e-07 3.39725510e-07 3.56292512e-03 3.56292512e-03 4.13978154e-18 1.19313511e-02 1.28204759e-02
9.42942943e-02 -2.06697975e+01 -2.06697975e+01 -2.50725139e-02 -6.80089442e-03 -6.80089257e-03 7.13254574e+01 7.13254574e+01 1.73372523e+02 2.90185731e+02 3.35123197e+02 1.90487908e-18 3.34799516e-17 1.15857957e-05 8.01544957e-16 6.81178803e-14 2.14861609e-33 1.05065972e-17 1.62519887e-17 7.32073911e-01 6.81225211e-01 1.42902376e-18 3.72843947e-19 1.40808814e-06 3.39725510e-07 3.39725510e-07 3.56292512e-03 3.56292512e-03 7.57966397e-20 1.19306194e-02 1.28211568e-02
9.44444444e-02 -2.06697975e+01 -2.06697975e+01 -2.50725145e-02 -6.80089417e-03 -6.80089236e-03 7.13254574e+01 7.13254574e+01 1.73372523e+02 2.90152526e+02 3.35161549e+02 5.22704876e-17 2.06140055e-17 1.16042445e-05 8.23906054e-16 6.81390485e-14 3.78724012e-29 1.08560450e-17 9.85302800e-17 7.32112787e-01 6.81183431e-01 1.21954697e-18 8.63630668e-19 1.40808814e-06 3.39725510e-07 3.39725510e-07 3.56292512e-03 3.56292512e-03 9.73447628e-19 1.19298877e-02 1.28218376e-02
9.45945946e-02 -2.06697975e+01 -2.06697975e+01 -2.50725143e-02 -6.80089439e-03 -6.80089428e-03 7.13254574e+01 7.13254574e+01 1.73372523e+02 2.90119325e+02 3.35199904e+02 1.04670421e-16 5.06862973e-17 1.16226932e-05 5.12060952e-28 3.00690210e-28 3.50504870e-45 9.69020527e-28 3.86291718e-17 7.32151659e-01 6.81141650e-01 2.11125815e-19 5.03493443e-18 1.40808814e-06 3.39725510e-07 3.39725510e-07 3.56292512e-03 3.56292512e-03 8.82506363e-19 1.19291560e-02 1.28225184e-02
9.47447447e-02 -2.06697975e+01 -2.06697975e+01 -2.50725141e-02 -6.80089414e-03 -6.80089217e-03 7.13254574e+01 7.13254574e+01 1.73372523e+02 2.90086128e+02 3.35238264e+02 4.60659515e-17 8.98357924e-18 1.16411419e-05 9.06830045e-14 1.00043823e-15 3.77460799e-29 9.70140076e-18 1.98284587e-16 7.32190528e-01 6.81099868e-01 1.86369624e-18 5.22806565e-18 1.40808814e-06 3.39725510e-07 3.39725510e-07 3.56292512e-03 3.56292512e-03 1.81052012e-18 1.19284242e-02 1.28231991e-02
9.48948949e-02 -2.06697975e+01 -2.06697975e+01 -2.50725141e-02 -6.80089588e-03 -6.80089499e-03 7.13254574e+01 7.13254574e+01 1.73372523e+02 2.90052935e+02 3.35276628e+02 3.56334040e-17 9.73439382e-17 1.16595906e-05 1.68445228e-15 6.84351872e-14 3.80043963e-29 1.19042672e-17 2.36653661e-16 7.32229395e-01 6.81058084e-01 1.19282483e-18 4.48244318e-18 1.40808814e-06 3.39725510e-07 3.39725510e-07 3.56292512e-03 3.56292512e-03 7.91565098e-19 1.19276924e-02 1.28238798e-02
9.50450450e-02 -2.06697975e+01 -2.06697975e+01 -2.50725142e-02 -6.80089626e-03 -6.80089438e-03 7.13254574e+01 7.13254574e+01 1.73372523e+02 2.90019747e+02 3.35314995e+02 8.81780650e-18 7.90002174e-19 1.16780393e-05 6.88364425e-14 7.96515750e-16 2.39165234e-33 1.22536337e-17 2.12852639e-16 7.32268258e-01 6.81016298e-01 3.42867001e-18 1.05062247e-18 1.40808814e-06 3.39725510e-07 3.39725510e-07 3.56292512e-03 3.56292512e-03 2.40505806e-18 1.19269606e-02 1.28245605e-02
9.51951952e-02 -2.06697975e+01 -2.06697975e+01 -2.50725142e-02 -6.80089663e-03 -6.80089438e-03 7.13254574e+01 7.13254574e+01 1.73372523e+02 2.89986562e+02 3.35353367e+02 1.32179240e-17 2.31596827e-17 1.16964881e-05 6.86175694e-14 6.64768517e-16 2.44024819e-33 1.26029781e-17 6.05800905e-17 7.32307118e-01 6.80974511e-01 2.54795475e-18 2.24247287e-18 1.40808814e-06 3.39725510e-07 3.39725510e-07 3.56292512e-03 3.56292512e-03 7.61275848e-19 1.19262288e-02 1.28252410e-02
9.53453453e-02 -2.06697975e+01 -2.06697975e+01 -2.50725141e-02 -6.80089306e-03 -6.80089251e-03 7.13254574e+01 7.13254574e+01 1.73372523e+02 2.89953381e+02 3.35391743e+02 1.38763764e-17 9.96241466e-18 1.17149368e-05 9.12055327e-14 3.60476686e-15 3.79207443e-29 1.10870399e-17 2.52592452e-17 7.32345975e-01 6.80932723e-01 1.47890885e-18 2.59238087e-18 1.40808814e-06 3.39725510e-07 3.39725510e-07 3.56292512e-03 3.56292512e-03 1.81052012e-18 1.19254969e-02 1.28259216e-02
9.54954955e-02 -2.06697975e+01 -2.06697975e+01 -2.50725143e-02 -6.80089439e-03 -6.80089428e-03 7.13254574e+01 7.13254574e+01 1.73372523e+02 2.89920205e+02 3.35430123e+02 1.78476119e-17 7.85665303e-17 1.17333855e-05 5.17116118e-28 3.03658682e-28 3.53843011e-45 9.78586888e-28 1.72763583e-16 7.32384829e-01 6.80890932e-01 2.11440066e-18 4.12435961e-18 1.40808814e-06 3.39725510e-07 3.39725510e-07 3.56292512e-03 3.56292512e-03 1.24627142e-18 1.19247650e-02 1.28266020e-02
9.56456456e-02 -2.06697975e+01 -2.06697975e+01 -2.50725139e-02 -6.80089479e-03 -6.80089432e-03 7.13254574e+01 7.13254574e+01 1.73372523e+02 2.89887033e+02 3.35468507e+02 5.45206462e-18 4.39017776e-17 1.17518342e-05 8.02639661e-14 3.78716771e-15 2.45578429e-33 1.27153113e-17 1.82917053e-16 7.32423680e-01 6.80849141e-01 3.01216699e-18 1.35861122e-18 1.40808814e-06 3.39725510e-07 3.39725510e-07 3.56292512e-03 3.56292512e-03 7.57966397e-20 1.19240331e-02 1.28272824e-02
9.57957958e-02 -2.06697975e+01 -2.06697975e+01 -2.50725141e-02 -6.80089811e-03 -6.80089431e-03 7.13254574e+01 7.13254574e+01 1.73372523e+02 2.89853864e+02 3.35506895e+02 6.61378906e-17 7.87612242e-18 1.17702829e-05 9.16579018e-14 5.25974967e-16 2.37372889e-33 1.21260528e-17 1.47693494e-16 7.32462528e-01 6.80807348e-01 2.77262020e-18 7.59077636e-19 1.40808814e-06 3.39725510e-07 3.39725510e-07 3.56292512e-03 3.56292512e-03 7.57966397e-20 1.19233012e-02 1.28279628e-02
9.59459459e-02 -2.06697975e+01 -2.06697975e+01 -2.50725143e-02 -6.80089435e-03 -6.80089405e-03 7.13254574e+01 7.13254574e+01 1.73372523e+02 2.89820700e+02 3.35545287e+02 8.52572207e-18 9.55198766e-18 1.17887316e-05 3.37489392e-15 4.64885941e-14 2.07161634e-33 1.62264247e-17 5.68453675e-17 7.32501373e-01 6.80765553e-01 1.40113654e-18 3.09105085e-18 1.40808814e-06 3.39725510e-07 3.39725510e-07 3.56292512e-03 3.56292512e-03 1.35581379e-18 1.19225692e-02 1.28286431e-02
9.60960961e-02 -2.06697975e+01 -2.06697975e+01 -2.50725143e-02 -6.80089441e-03 -6.80089404e-03 7.13254574e+01 7.13254574e+01 1.73372523e+02 2.89787540e+02 3.35583684e+02 1.58986430e-17 2.92772471e-18 1.18071804e-05 2.76885890e-15 4.65868280e-14 2.10165555e-33 1.65785884e-17 2.83076552e-17 7.32540215e-01 6.80723757e-01 2.05496715e-18 1.73792332e-18 1.40808814e-06 3.39725510e-07 3.39725510e-07 3.56292512e-03 3.56292512e-03 7.57966397e-20 1.19218372e-02 1.28293234e-02
9.62462462e-02 -2.06697975e+01 -2.06697975e+01 -2.50725141e-02 -6.80089426e-03 -6.80089408e-03 7.13254574e+01 7.13254574e+01 1.73372523e+02 2.89754383e+02 3.35622084e+02 2.24349399e-17 5.25529730e-17 1.18256291e-05 5.73839183e-15 4.64016773e-14 2.13169214e-33 1.69307313e-17 4.31414855e-17 7.32579054e-01 6.80681959e-01 2.17401801e-18 4.24505824e-18 1.40808814e-06 3.39725510e-07 3.39725510e-07 3.56292512e-03 3.56292512e-03 1.81052012e-18 1.19211052e-02 1.28300036e-02
9.63963964e-02 -2.06697975e+01 -2.06697975e+01 -2.50725140e-02 -6.80089430e-03 -6.80089407e-03 7.13254574e+01 7.13254574e+01 1.73372523e+02 2.89721231e+02 3.35660488e+02 1.30550797e-17 7.42785501e-19 1.18440778e-05 4.41658390e-15 4.66116719e-14 2.16172612e-33 1.72828533e-17 3.62956718e-17 7.32617890e-01 6.80640160e-01 3.15474362e-19 9.67376387e-19 1.40808814e-06 3.39725510e-07 3.39725510e-07 3.56292512e-03 3.56292512e-03 1.66737904e-19 1.19203731e-02 1.28306837e-02
9.65465465e-02 -2.06697975e+01 -2.06697975e+01 -2.50725141e-02 -6.80089426e-03 -6.80089409e-03 7.13254574e+01 7.13254574e+01 1.73372523e+02 2.89688083e+02 3.35698897e+02 2.93797219e-17 1.30844832e-17 1.18625265e-05 6.02188215e-15 4.65072599e-14 2.19175750e-33 1.76349545e-17 2.13580716e-16 7.32656723e-01 6.80598359e-01 6.72912838e-18 5.43447778e-19 1.40808814e-06 3.39725510e-07 3.39725510e-07 3.56292512e-03 3.56292512e-03 1.74986810e-18 1.19196411e-02 1.28313638e-02
9.66966967e-02 -2.06697975e+01 -2.06697975e+01 -2.50725143e-02 -6.80089427e-03 -6.80089403e-03 7.13254574e+01 7.13254574e+01 1.73372523e+02 2.89654939e+02 3.35737309e+02 5.03891205e-18 1.82798613e-17 1.18809752e-05 4.30137209e-15 4.67792781e-14 2.22178626e-33 1.79870348e-17 1.70758004e-16 7.32695553e-01 6.80556557e-01 8.15825811e-19 2.12144384e-18 1.40808814e-06 3.39725510e-07 3.39725510e-07 3.56292512e-03 3.56292512e-03 2.40505806e-18 1.19189090e-02 1.28320439e-02
9.68468468e-02 -2.06697975e+01 -2.06697975e+01 -2.50725139e-02 -6.80089442e-03 -6.80089427e-03 7.13254574e+01 7.13254574e+01 1.73372523e+02 2.89621800e+02 3.35775726e+02 2.67164653e-17 1.64486286e-17 1.18994240e-05 4.64721788e-14 7.14739643e-15 3.23827038e-33 1.83390942e-17 8.76339333e-17 7.32734380e-01 6.80514753e-01 1.81343683e-18 7.43878019e-19 1.40808814e-06 3.39725510e-07 3.39725510e-07 3.56292512e-03 3.56292512e-03 1.12504091e-18 1.19181768e-02 1.28327239e-02
9.69969970e-02 -2.06697975e+01 -2.06697975e+01 -2.50725141e-02 -6.80089446e-03 -6.80089405e-03 7.13254574e+01 7.13254574e+01 1.73372523e+02 2.89588664e+02 3.35814147e+02 3.08695281e-17 5.08735722e-18 1.19178727e-05 2.55822343e-15 4.70422902e-14 2.28183596e-33 1.86911329e-17 1.36114235e-16 7.32773203e-01 6.80472948e-01 4.35915004e-18 1.18362193e-18 1.40808814e-06 3.39725510e-07 3.39725510e-07 3.56292512e-03 3.56292512e-03 1.81052012e-18 1.19174447e-02 1.28334038e-02
9.71471471e-02 -2.06697975e+01 -2.06697975e+01 -2.50725143e-02 -6.80089479e-03 -6.80089437e-03 7.13254574e+01 7.13254574e+01 1.73372523e+02 2.89555532e+02 3.35852571e+02 1.67744056e-18 4.23967162e-17 1.19363214e-05 4.71824103e-14 2.47262102e-15 3.33618226e-33 1.90431507e-17 1.17337328e-16 7.32812024e-01 6.80431141e-01 9.19657724e-20 3.29182254e-18 1.40808814e-06 3.39725510e-07 3.39725510e-07 3.56292512e-03 3.56292512e-03 1.81052012e-18 1.19167125e-02 1.28340837e-02
9.72972973e-02 -2.06697975e+01 -2.06697975e+01 -2.50725141e-02 -6.80089427e-03 -6.80089408e-03 7.13254574e+01 7.13254574e+01 1.73372523e+02 2.89522404e+02 3.35891000e+02 7.81523364e-18 4.56677191e-17 1.19547701e-05 5.34388215e-15 4.69653393e-14 2.34187521e-33 1.93951476e-17 1.41994762e-16 7.32850842e-01 6.80389332e-01 1.63672510e-18 9.64530161e-19 1.40808814e-06 3.39725510e-07 3.39725510e-07 3.56292512e-03 3.56292512e-03 7.61275848e-19 1.19159803e-02 1.28347635e-02
9.74474474e-02 -2.06697975e+01 -2.06697975e+01 -2.50725139e-02 -6.80089430e-03 -6.80089409e-03 7.13254574e+01 7.13254574e+01 1.73372523e+02 2.89489281e+02 3.35929433e+02 1.03924431e-16 9.49710827e-18 1.19732188e-05 2.53661828e-15 2.42307724e-14 2.53468549e-33 2.16536123e-17 5.49761180e-17 7.32889656e-01 6.80347523e-01 3.84703097e-19 7.76203987e-19 1.40808814e-06 3.39725510e-07 3.39725510e-07 3.56292512e-03 3.56292512e-03 1.81052012e-18 1.19152480e-02 1.28354433e-02
9.75975976e-02 -2.06697975e+01 -2.06697975e+01 -2.50725143e-02 -6.80089429e-03 -6.80089408e-03 7.13254574e+01 7.13254574e+01 1.73372523e+02 2.89456161e+02 3.35967870e+02 3.20283875e-18 3.40396075e-17 1.19916676e-05 4.80048235e-15 4.71655704e-14 2.40190402e-33 2.00990791e-17 1.23762226e-16 7.32928468e-01 6.80305711e-01 1.41342933e-18 4.34132407e-18 1.40808814e-06 3.39725510e-07 3.39725510e-07 3.56292512e-03 3.56292512e-03 1.97027154e-19 1.19145158e-02 1.28361230e-02
9.77477477e-02 -2.06697975e+01 -2.06697975e+01 -2.50725143e-02 -6.80089439e-03 -6.80089428e-03 7.13254574e+01 7.13254574e+01 1.73372523e+02 2.89423046e+02 3.36006311e+02 6.36861394e-17 5.00975981e-17 1.20101163e-05 5.29776331e-28 3.11092958e-28 3.62188365e-45 1.00254499e-27 2.13372540e-17 7.32967276e-01 6.80263898e-01 1.06794580e-18 5.58702744e-19 1.40808814e-06 3.39725510e-07 3.39725510e-07 3.56292512e-03 3.56292512e-03 2.58694059e-18 1.19137835e-02 1.28368027e-02
9.78978979e-02 -2.06697975e+01 -2.06697975e+01 -2.50725143e-02 -6.80089435e-03 -6.80089405e-03 7.13254574e+01 7.13254574e+01 1.73372523e+02 2.89389935e+02 3.36044756e+02 5.04181234e-19 2.57420573e-18 1.20285650e-05 3.47499334e-15 4.74162251e-14 1.86282331e-33 1.35137662e-17 1.80759438e-16 7.33006082e-01 6.80222084e-01 7.18280468e-19 2.99566733e-18 1.40808814e-06 3.39725510e-07 3.39725510e-07 3.56292512e-03 3.56292512e-03 2.67788185e-18 1.19130512e-02 1.28374823e-02
9.80480480e-02 -2.06697975e+01 -2.06697975e+01 -2.50725141e-02 -6.80089429e-03 -6.80089407e-03 7.13254574e+01 7.13254574e+01 1.73372523e+02 2.89356827e+02 3.36083205e+02 7.17095640e-18 5.18499132e-17 1.20470137e-05 4.72142166e-15 4.73707591e-14 1.29365355e-33 6.57540698e-18 1.68744371e-16 7.33044884e-01 6.80180268e-01 8.44055870e-19 7.11368078e-19 1.40808814e-06 3.39725510e-07 3.39725510e-07 3.56292512e-03 3.56292512e-03 2.70817110e-18 1.19123188e-02 1.28381619e-02
9.81981982e-02 -2.06697975e+01 -2.06697975e+01 -2.50725142e-02 -6.80089435e-03 -6.80089408e-03 7.13254574e+01 7.13254574e+01 1.73372523e+02 2.89323724e+02 3.36121659e+02 4.36919798e-17 1.02597506e-17 1.20654624e-05 3.86607870e-15 4.75360861e-14 1.32358032e-33 6.92618644e-18 2.44162249e-17 7.33083684e-01 6.80138451e-01 6.50033101e-19 4.20691051e-19 1.40808814e-06 3.39725510e-07 3.39725510e-07 3.56292512e-03 3.56292512e-03 7.61275848e-19 1.19115865e-02 1.28388414e-02
9.83483483e-02 -2.06697975e+01 -2.06697975e+01 -2.50725142e-02 -6.80089429e-03 -6.80089408e-03 7.13254574e+01 7.13254574e+01 1.73372523e+02 2.89290625e+02 3.36160116e+02 1.48985467e-17 2.53166431e-17 1.20839112e-05 4.84210435e-15 4.75151822e-14 1.35350434e-33 7.27694344e-18 1.18109855e-16 7.33122480e-01 6.80096632e-01 4.12463730e-18 2.82435155e-18 1.40808814e-06 3.39725510e-07 3.39725510e-07 3.56292512e-03 3.56292512e-03 7.00623834e-19 1.19108541e-02 1.28395209e-02
9.84984985e-02 -2.06697975e+01 -2.06697975e+01 -2.50725140e-02 -6.80089426e-03 -6.80089404e-03 7.13254574e+01 7.13254574e+01 1.73372523e+02 2.89257530e+02 3.36198577e+02 7.17440746e-18 7.71954595e-18 1.21023599e-05 4.87155783e-15 4.75826352e-14 1.38342562e-33 7.62767798e-18 2.07235246e-16 7.33161273e-01 6.80054812e-01 3.41744249e-18 1.36606814e-18 1.40808814e-06 3.39725510e-07 3.39725510e-07 3.56292512e-03 3.56292512e-03 7.91565098e-19 1.19101217e-02 1.28402003e-02
9.86486486e-02 -2.06697975e+01 -2.06697975e+01 -2.50725138e-02 -6.80089441e-03 -6.80089404e-03 7.13254574e+01 7.13254574e+01 1.73372523e+02 2.89224439e+02 3.36237043e+02 2.37834402e-17 1.08740531e-16 1.21208086e-05 1.47390497e-15 2.45918526e-14 1.57813284e-33 9.90844113e-18 1.45996322e-16 7.33200064e-01 6.80012990e-01 5.75189321e-19 2.75832641e-18 1.40808814e-06 3.39725510e-07 3.39725510e-07 3.56292512e-03 3.56292512e-03 1.12504091e-18 1.19093892e-02 1.28408796e-02
9.87987988e-02 -2.06697975e+01 -2.06697975e+01 -2.50725140e-02 -6.80089426e-03 -6.80089410e-03 7.13254574e+01 7.13254574e+01 1.73372523e+02 2.89191352e+02 3.36275512e+02 4.45147542e-17 1.40220823e-17 1.21392573e-05 3.33859970e-15 2.44623594e-14 1.60829784e-33 1.02620763e-17 2.17361159e-16 7.33238851e-01 6.79971167e-01 2.88608314e-18 2.75580460e-19 1.40808814e-06 3.39725510e-07 3.39725510e-07 3.56292512e-03 3.56292512e-03 5.18741304e-19 1.19086567e-02 1.28415589e-02
9.89489489e-02 -2.06697975e+01 -2.06697975e+01 -2.50725140e-02 -6.80089445e-03 -6.80089405e-03 7.13254574e+01 7.13254574e+01 1.73372523e+02 2.89158269e+02 3.36313986e+02 2.27438460e-17 6.49929908e-17 1.21577060e-05 2.60973175e-15 4.79745990e-14 1.47317302e-33 8.67974695e-18 6.95899338e-17 7.33277635e-01 6.79929342e-01 5.18629908e-19 1.67834381e-18 1.40808814e-06 3.39725510e-07 3.39725510e-07 3.56292512e-03 3.56292512e-03 9.43158378e-19 1.19079242e-02 1.28422382e-02
9.90990991e-02 -2.06697975e+01 -2.06697975e+01 -2.50725143e-02 -6.80089435e-03 -6.80089409e-03 7.13254574e+01 7.13254574e+01 1.73372523e+02 2.89125190e+02 3.36352464e+02 6.91917222e-18 2.71739050e-17 1.21761548e-05 4.03225670e-15 4.79502081e-14 1.50308333e-33 9.03039174e-18 1.05264806e-16 7.33316416e-01 6.79887516e-01 8.33836082e-19 4.05886676e-18 1.40808814e-06 3.39725510e-07 3.39725510e-07 3.56292512e-03 3.56292512e-03 7.61275848e-19 1.19071917e-02 1.28429174e-02
9.92492492e-02 -2.06697975e+01 -2.06697975e+01 -2.50725143e-02 -6.80089435e-03 -6.80089404e-03 7.13254574e+01 7.13254574e+01 1.73372523e+02 2.89092115e+02 3.36390945e+02 1.70327851e-18 7.89682784e-18 1.21946035e-05 3.40871455e-15 4.80790881e-14 1.53299090e-33 9.38101411e-18 6.45553796e-17 7.33355194e-01 6.79845688e-01 1.37800545e-19 2.09712525e-18 1.40808814e-06 3.39725510e-07 3.39725510e-07 3.56292512e-03 3.56292512e-03 1.06085890e-19 1.19064592e-02 1.28435965e-02
9.93993994e-02 -2.06697975e+01 -2.06697975e+01 -2.50725141e-02 -6.80089435e-03 -6.80089406e-03 7.13254574e+01 7.13254574e+01 1.73372523e+02 2.89059045e+02 3.36429431e+02 8.26877791e-18 1.05441603e-17 1.22130522e-05 3.63027035e-15 4.81312124e-14 1.56289573e-33 9.73161406e-18 2.39006985e-17 7.33393969e-01 6.79803859e-01 1.12421218e-18 1.14918272e-18 1.40808814e-06 3.39725510e-07 3.39725510e-07 3.56292512e-03 3.56292512e-03 2.67788185e-18 1.19057266e-02 1.28442756e-02
9.95495495e-02 -2.06697975e+01 -2.06697975e+01 -2.50725145e-02 -6.80089429e-03 -6.80089408e-03 7.13254574e+01 7.13254574e+01 1.73372523e+02 2.89025978e+02 3.36467921e+02 1.67820625e-17 5.48441533e-17 1.22315009e-05 2.57301936e-15 2.47497424e-14 1.75908162e-33 1.20299161e-17 3.19835996e-17 7.33432741e-01 6.79762028e-01 1.42647813e-18 2.39522728e-18 1.40808814e-06 3.39725510e-07 3.39725510e-07 3.56292512e-03 3.56292512e-03 1.97027154e-19 1.19049940e-02 1.28449546e-02
9.96996997e-02 -2.06697975e+01 -2.06697975e+01 -2.50725138e-02 -6.80089423e-03 -6.80089406e-03 7.13254574e+01 7.13254574e+01 1.73372523e+02 2.88992916e+02 3.36506415e+02 2.68702221e-17 1.40767069e-17 1.22499496e-05 6.39782804e-15 4.79833870e-14 1.62269715e-33 1.04327467e-17 1.02074705e-16 7.33471510e-01 6.79720196e-01 1.80817082e-18 3.03203255e-18 1.40808814e-06 3.39725510e-07 3.39725510e-07 3.56292512e-03 3.56292512e-03 3.72712612e-18 1.19042614e-02 1.28456336e-02
9.98498498e-02 -2.06697975e+01 -2.06697975e+01 -2.50725141e-02 -6.80089435e-03 -6.80089403e-03 7.13254574e+01 7.13254574e+01 1.73372523e+02 2.88959857e+02 3.36544913e+02 2.61825863e-17 3.25727943e-17 1.22683984e-05 3.30630162e-15 4.83801050e-14 1.65259375e-33 1.07832795e-17 1.28140135e-16 7.33510275e-01 6.79678362e-01 2.38142236e-18 6.93038800e-19 1.40808814e-06 3.39725510e-07 3.39725510e-07 3.56292512e-03 3.56292512e-03 9.43158378e-19 1.19035287e-02 1.28463125e-02
1.00000000e-01 -2.06697975e+01 -2.06697975e+01 -2.50725144e-02 -6.80089430e-03 -6.80089409e-03 7.13254574e+01 7.13254574e+01 1.73372523e+02 2.88926803e+02 3.36583415e+02 2.15594105e-17 1.04423723e-17 1.22868471e-05 4.99508092e-15 4.83049909e-14 1.68248761e-33 1.11337898e-17 7.73234715e-17 7.33549038e-01 6.79636527e-01 1.62489364e-18 2.07684408e-18 1.40808814e-06 3.39725510e-07 3.39725510e-07 3.56292512e-03 3.56292512e-03 1.81052012e-18 1.19027960e-02 1.28469914e-02
1.00150150e-01 -2.06697975e+01 -2.06697975e+01 -2.50725144e-02 -6.80089435e-03 -6.80089407e-03 7.13254574e+01 7.13254574e+01 1.73372523e+02 2.88893753e+02 3.36621921e+02 2.27741192e-17 7.90060286e-18 1.23052958e-05 3.77457746e-15 4.84831483e-14 1.71237873e-33 1.14842778e-17 1.49120108e-17 7.33587798e-01 6.79594690e-01 6.57862818e-19 2.89653968e-19 1.40808814e-06 3.39725510e-07 3.39725510e-07 3.56292512e-03 3.56292512e-03 1.66737904e-19 1.19020633e-02 1.28476702e-02
1.00300300e-01 -2.06697975e+01 -2.06697975e+01 -2.50725145e-02 -6.80089440e-03 -6.80089407e-03 7.13254574e+01 7.13254574e+01 1.73372523e+02 2.88860706e+02 3.36660431e+02 4.65648115e-18 5.54785168e-17 1.23237445e-05 3.29419139e-15 4.86074937e-14 1.74226710e-33 1.18347434e-17 7.80722219e-17 7.33626554e-01 6.79552852e-01 3.15727073e-18 6.08843843e-19 1.40808814e-06 3.39725510e-07 3.39725510e-07 3.56292512e-03 3.56292512e-03 2.58694059e-18 1.19013306e-02 1.28483490e-02
1.00450450e-01 -2.06697975e+01 -2.06697975e+01 -2.50725146e-02 -6.80089435e-03 -6.80089406e-03 7.13254574e+01 7.13254574e+01 1.73372523e+02 2.88827664e+02 3.36698946e+02 8.92541368e-18 9.21471063e-17 1.23421932e-05 3.66994641e-15 4.86338285e-14 1.77215272e-33 1.21851865e-17 3.79457505e-16 7.33665308e-01 6.79511012e-01 1.43114860e-18 1.55101182e-18 1.40808814e-06 3.39725510e-07 3.39725510e-07 3.56292512e-03 3.56292512e-03 3.36336106e-18 1.19005978e-02 1.28490277e-02
1.00600601e-01 -2.06697975e+01 -2.06697975e+01 -2.50725141e-02 -6.80089445e-03 -6.80089406e-03 7.13254574e+01 7.13254574e+01 1.73372523e+02 2.88794626e+02 3.36737464e+02 3.53051274e-17 1.46799430e-17 1.23606419e-05 2.67879766e-15 4.87867466e-14 1.80203561e-33 1.25356074e-17 1.02611267e-16 7.33704058e-01 6.79469171e-01 6.47239098e-18 1.15120007e-18 1.40808814e-06 3.39725510e-07 3.39725510e-07 3.56292512e-03 3.56292512e-03 2.67788185e-18 1.18998651e-02 1.28497063e-02
1.00750751e-01 -2.06697975e+01 -2.06697975e+01 -2.50725142e-02 -6.80089426e-03 -6.80089408e-03 7.13254574e+01 7.13254574e+01 1.73372523e+02 2.88761592e+02 3.36775987e+02 1.43613778e-17 4.17409335e-17 1.23790907e-05 5.88055141e-15 4.85849860e-14 1.83191575e-33 1.28860059e-17 3.50051246e-17 7.33742806e-01 6.79427329e-01 1.30191921e-18 4.09973860e-18 1.40808814e-06 3.39725510e-07 3.39725510e-07 3.56292512e-03 3.56292512e-03 2.58694059e-18 1.18991322e-02 1.28503849e-02
1.00900901e-01 -2.06697975e+01 -2.06697975e+01 -2.50725142e-02 -6.80089441e-03 -6.80089402e-03 7.13254574e+01 7.13254574e+01 1.73372523e+02 2.88728562e+02 3.36814513e+02 3.72850102e-18 3.59134780e-17 1.23975394e-05 2.72181459e-15 4.89117322e-14 1.86179315e-33 1.32363820e-17 2.35021369e-17 7.33781550e-01 6.79385485e-01 4.31403677e-19 8.15392947e-19 1.40808814e-06 3.39725510e-07 3.39725510e-07 3.56292512e-03 3.56292512e-03 2.67788185e-18 1.18983994e-02 1.28510635e-02
1.01051051e-01 -2.06697975e+01 -2.06697975e+01 -2.50725140e-02 -6.80089435e-03 -6.80089410e-03 7.13254574e+01 7.13254574e+01 1.73372523e+02 2.88695536e+02 3.36853044e+02 3.12870072e-17 1.49594728e-17 1.24159881e-05 4.26783833e-15 4.88893045e-14 1.89166781e-33 1.35867358e-17 1.73106055e-16 7.33820291e-01 6.79343639e-01 3.93078773e-18 1.02508006e-18 1.40808814e-06 3.39725510e-07 3.39725510e-07 3.56292512e-03 3.56292512e-03 1.71957885e-18 1.18976665e-02 1.28517420e-02
1.01201201e-01 -2.06697975e+01 -2.06697975e+01 -2.50725143e-02 -6.80089445e-03 -6.80089406e-03 7.13254574e+01 7.13254574e+01 1.73372523e+02 2.88662514e+02 3.36891578e+02 2.28608243e-17 5.14824428e-17 1.24344368e-05 2.74270137e-15 4.90685998e-14 1.92153972e-33 1.39370672e-17 2.37295278e-16 7.33859030e-01 6.79301792e-01 7.50369460e-19 2.62121858e-18 1.40808814e-06 3.39725510e-07 3.39725510e-07 3.56292512e-03 3.56292512e-03 3.27241980e-18 1.18969337e-02 1.28524204e-02
1.01351351e-01 -2.06697975e+01 -2.06697975e+01 -2.50725143e-02 -6.80089440e-03 -6.80089408e-03 7.13254574e+01 7.13254574e+01 1.73372523e+02 2.88629496e+02 3.36930117e+02 1.22467374e-17 6.85914855e-17 1.24528855e-05 3.40926451e-15 4.91160116e-14 1.95140889e-33 1.42873763e-17 2.66561909e-16 7.33897765e-01 6.79259943e-01 2.33433541e-18 1.67388173e-18 1.40808814e-06 3.39725510e-07 3.39725510e-07 3.56292512e-03 3.56292512e-03 2.58694059e-18 1.18962007e-02 1.28530988e-02
1.01501502e-01 -2.06697975e+01 -2.06697975e+01 -2.50725142e-02 -6.80089435e-03 -6.80089407e-03 7.13254574e+01 7.13254574e+01 1.73372523e+02 2.88596483e+02 3.36968660e+02 2.23107466e-17 1.44603170e-17 1.24713343e-05 3.88078134e-15 4.91427115e-14 1.98127532e-33 1.46376630e-17 1.29657511e-17 7.33936497e-01 6.79218094e-01 3.68593500e-18 7.87429293e-19 1.40808814e-06 3.39725510e-07 3.39725510e-07 3.56292512e-03 3.56292512e-03 3.63618486e-18 1.18954678e-02 1.28537771e-02
1.01651652e-01 -2.06697975e+01 -2.06697975e+01 -2.50725141e-02 -6.80089429e-03 -6.80089408e-03 7.13254574e+01 7.13254574e+01 1.73372523e+02 2.88563473e+02 3.37007207e+02 2.31246781e-17 6.11351491e-18 1.24897830e-05 4.95069537e-15 4.91186201e-14 2.01113900e-33 1.49879275e-17 4.51640642e-17 7.33975226e-01 6.79176242e-01 2.06889915e-18 7.86063656e-19 1.40808814e-06 3.39725510e-07 3.39725510e-07 3.56292512e-03 3.56292512e-03 1.51446250e-20 1.18947348e-02 1.28544554e-02
1.01801802e-01 -2.06697975e+01 -2.06697975e+01 -2.50725139e-02 -6.80089440e-03 -6.80089408e-03 7.13254574e+01 7.13254574e+01 1.73372523e+02 2.88530468e+02 3.37045758e+02 4.42186509e-17 2.91751862e-17 1.25082317e-05 3.42916347e-15 4.93353454e-14 2.04099994e-33 1.53381696e-17 8.51473105e-17 7.34013952e-01 6.79134389e-01 2.56483106e-18 5.57281874e-19 1.40808814e-06 3.39725510e-07 3.39725510e-07 3.56292512e-03 3.56292512e-03 7.57966397e-20 1.18940019e-02 1.28551336e-02
1.01951952e-01 -2.06697975e+01 -2.06697975e+01 -2.50725142e-02 -6.80089423e-03 -6.80089405e-03 7.13254574e+01 7.13254574e+01 1.73372523e+02 2.88497466e+02 3.37084312e+02 5.11055014e-17 4.97320244e-17 1.25266804e-05 6.34644710e-15 4.91102263e-14 2.07085814e-33 1.56883894e-17 3.58022300e-16 7.34052675e-01 6.79092535e-01 2.79848653e-18 3.63682699e-19 1.40808814e-06 3.39725510e-07 3.39725510e-07 3.56292512e-03 3.56292512e-03 2.58694059e-18 1.18932688e-02 1.28558118e-02
1.02102102e-01 -2.06697975e+01 -2.06697975e+01 -2.50725139e-02 -6.80089427e-03 -6.80089405e-03 7.13254574e+01 7.13254574e+01 1.73372523e+02 2.88464469e+02 3.37122872e+02 9.04508808e-18 3.12396517e-17 1.25451291e-05 4.81394508e-15 4.93599248e-14 2.10071359e-33 1.60385869e-17 3.45226350e-17 7.34091394e-01 6.79050679e-01 2.46935487e-18 2.27572910e-18 1.40808814e-06 3.39725510e-07 3.39725510e-07 3.56292512e-03 3.56292512e-03 9.43158378e-19 1.18925358e-02 1.28564899e-02
1.02252252e-01 -2.06697975e+01 -2.06697975e+01 -2.50725143e-02 -6.80089435e-03 -6.80089405e-03 7.13254574e+01 7.13254574e+01 1.73372523e+02 2.88431475e+02 3.37161435e+02 2.44852654e-17 5.33896133e-17 1.25635779e-05 3.56458538e-15 4.95350462e-14 2.13056630e-33 1.63887621e-17 1.23452750e-17 7.34130111e-01 6.79008822e-01 1.61144163e-18 2.57310430e-18 1.40808814e-06 3.39725510e-07 3.39725510e-07 3.56292512e-03 3.56292512e-03 1.06438889e-18 1.18918027e-02 1.28571680e-02
1.02402402e-01 -2.06697975e+01 -2.06697975e+01 -2.50725143e-02 -6.80089435e-03 -6.80089407e-03 7.13254574e+01 7.13254574e+01 1.73372523e+02 2.88398486e+02 3.37200002e+02 3.23212055e-17 3.46485304e-17 1.25820266e-05 3.90784934e-15 4.95910298e-14 2.16041626e-33 1.67389150e-17 1.31304925e-16 7.34168825e-01 6.78966963e-01 6.99324780e-19 3.24079667e-18 1.40808814e-06 3.39725510e-07 3.39725510e-07 3.56292512e-03 3.56292512e-03 1.62863759e-18 1.18910696e-02 1.28578460e-02
1.02552553e-01 -2.06697975e+01 -2.06697975e+01 -2.50725141e-02 -6.80089445e-03 -6.80089404e-03 7.13254574e+01 7.13254574e+01 1.73372523e+02 2.88365501e+02 3.37238573e+02 5.11329890e-17 1.76929818e-18 1.26004753e-05 1.34954865e-15 2.55840418e-14 2.36152972e-33 1.90956909e-17 1.68168885e-16 7.34207535e-01 6.78925103e-01 1.32013883e-18 2.26363256e-18 1.40808814e-06 3.39725510e-07 3.39725510e-07 3.56292512e-03 3.56292512e-03 1.74986810e-18 1.18903365e-02 1.28585239e-02
1.02702703e-01 -2.06697975e+01 -2.06697975e+01 -2.50725143e-02 -6.80089435e-03 -6.80089410e-03 7.13254574e+01 7.13254574e+01 1.73372523e+02 2.88332520e+02 3.37277148e+02 4.24791545e-17 1.07951929e-17 1.26189240e-05 4.28354105e-15 4.97112119e-14 2.22010796e-33 1.74391540e-17 1.78011393e-16 7.34246243e-01 6.78883241e-01 7.42181767e-19 1.06284066e-18 1.40808814e-06 3.39725510e-07 3.39725510e-07 3.56292512e-03 3.56292512e-03 4.13978154e-18 1.18896034e-02 1.28592018e-02
1.02852853e-01 -2.06697975e+01 -2.06697975e+01 -2.50725142e-02 -6.80089444e-03 -6.80089439e-03 7.13254574e+01 7.13254574e+01 1.73372523e+02 2.88299543e+02 3.37315728e+02 3.42426633e-17 2.39045025e-17 1.26373727e-05 1.80150912e-14 1.80148219e-14 3.48674587e-33 1.98017782e-17 1.61352568e-17 7.34284947e-01 6.78841378e-01 2.11664715e-18 3.98720843e-19 1.40808814e-06 3.39725510e-07 3.39725510e-07 3.56292512e-03 3.56292512e-03 7.61275848e-19 1.18888702e-02 1.28598797e-02
1.03003003e-01 -2.06697975e+01 -2.06697975e+01 -2.50725140e-02 -6.80089445e-03 -6.80089405e-03 7.13254574e+01 7.13254574e+01 1.73372523e+02 2.88266569e+02 3.37354311e+02 1.63373834e-17 5.70919579e-17 1.26558215e-05 2.67142114e-15 4.99649321e-14 2.27978868e-33 1.81393039e-17 2.71648799e-17 7.34323648e-01 6.78799513e-01 2.20198507e-18 2.40181046e-18 1.40808814e-06 3.39725510e-07 3.39725510e-07 3.56292512e-03 3.56292512e-03 1.62863759e-18 1.18881370e-02 1.28605575e-02
1.03153153e-01 -2.06697975e+01 -2.06697975e+01 -2.50725141e-02 -6.80089429e-03 -6.80089408e-03 7.13254574e+01 7.13254574e+01 1.73372523e+02 2.88233601e+02 3.37392899e+02 2.74813935e-17 4.05033544e-18 1.26742702e-05 5.24444037e-15 4.98397301e-14 2.30962493e-33 1.84893454e-17 4.49630296e-17 7.34362346e-01 6.78757647e-01 7.56397391e-19 2.42827020e-18 1.40808814e-06 3.39725510e-07 3.39725510e-07 3.56292512e-03 3.56292512e-03 1.81052012e-18 1.18874038e-02 1.28612352e-02
1.03303303e-01 -2.06697975e+01 -2.06697975e+01 -2.50725143e-02 -6.80089441e-03 -6.80089404e-03 7.13254574e+01 7.13254574e+01 1.73372523e+02 2.88200636e+02 3.37431490e+02 4.74159344e-17 8.10427817e-17 1.26927189e-05 2.93476422e-15 5.01037356e-14 2.33945843e-33 1.88393647e-17 1.36439138e-16 7.34401042e-01 6.78715780e-01 1.70659815e-18 2.26139505e-18 1.40808814e-06 3.39725510e-07 3.39725510e-07 3.56292512e-03 3.56292512e-03 3.54524359e-18 1.18866706e-02 1.28619129e-02
1.03453453e-01 -2.06697975e+01 -2.06697975e+01 -2.50725140e-02 -6.80089427e-03 -6.80089408e-03 7.13254574e+01 7.13254574e+01 1.73372523e+02 2.88167675e+02 3.37470086e+02 1.36217290e-17 4.19166215e-18 1.27111676e-05 5.64840553e-15 4.99320108e-14 2.36928919e-33 1.91893617e-17 1.66552876e-16 7.34439734e-01 6.78673911e-01 4.21699263e-18 3.90483587e-19 1.40808814e-06 3.39725510e-07 3.39725510e-07 3.56292512e-03 3.56292512e-03 1.65892684e-18 1.18859373e-02 1.28625905e-02
1.03603604e-01 -2.06697975e+01 -2.06697975e+01 -2.50725140e-02 -6.80089435e-03 -6.80089404e-03 7.13254574e+01 7.13254574e+01 1.73372523e+02 2.88134718e+02 3.37508686e+02 6.16975738e-18 2.67786212e-17 1.27296163e-05 3.51138237e-15 5.02007997e-14 2.39911720e-33 1.95393365e-17 2.14218088e-17 7.34478423e-01 6.78632041e-01 1.34647010e-19 1.33742962e-18 1.40808814e-06 3.39725510e-07 3.39725510e-07 3.56292512e-03 3.56292512e-03 1.65892684e-18 1.18852040e-02 1.28632681e-02
1.03753754e-01 -2.06697975e+01 -2.06697975e+01 -2.50725142e-02 -6.80089445e-03 -6.80089407e-03 7.13254574e+01 7.13254574e+01 1.73372523e+02 2.88101765e+02 3.37547289e+02 4.59646206e-17 3.89371476e-17 1.27480651e-05 2.85173933e-15 5.03236936e-14 2.42894247e-33 1.98892890e-17 9.58498379e-17 7.34517109e-01 6.78590169e-01 3.69071116e-18 5.11223774e-19 1.40808814e-06 3.39725510e-07 3.39725510e-07 3.56292512e-03 3.56292512e-03 1.81052012e-18 1.18844707e-02 1.28639456e-02
1.03903904e-01 -2.06697975e+01 -2.06697975e+01 -2.50725143e-02 -6.80089426e-03 -6.80089404e-03 7.13254574e+01 7.13254574e+01 1.73372523e+02 2.88068817e+02 3.37585897e+02 1.19083719e-17 1.52231787e-18 1.27665138e-05 5.03455902e-15 5.02322116e-14 2.45876499e-33 2.02392194e-17 1.35742902e-16 7.34555791e-01 6.78548295e-01 1.14249253e-18 1.67054985e-18 1.40808814e-06 3.39725510e-07 3.39725510e-07 3.56292512e-03 3.56292512e-03 3.27241980e-18 1.18837373e-02 1.28646231e-02
1.04054054e-01 -2.06697975e+01 -2.06697975e+01 -2.50725141e-02 -6.80089423e-03 -6.80089404e-03 7.13254574e+01 7.13254574e+01 1.73372523e+02 2.88035872e+02 3.37624509e+02 5.16881268e-17 1.34266633e-17 1.27849625e-05 6.01753696e-15 5.01634625e-14 1.88787840e-33 1.32769108e-17 3.08601967e-17 7.34594471e-01 6.78506421e-01 7.39814984e-19 6.02699295e-19 1.40808814e-06 3.39725510e-07 3.39725510e-07 3.56292512e-03 3.56292512e-03 4.32166406e-18 1.18830039e-02 1.28653005e-02
1.04204204e-01 -2.06697975e+01 -2.06697975e+01 -2.50725141e-02 -6.80089445e-03 -6.80089404e-03 7.13254574e+01 7.13254574e+01 1.73372523e+02 2.88002932e+02 3.37663125e+02 1.22130253e-17 7.05771395e-17 1.28034112e-05 2.66234845e-15 5.05377608e-14 1.91765486e-33 1.36262167e-17 1.17587869e-16 7.34633148e-01 6.78464545e-01 8.47041714e-19 1.33539304e-18 1.40808814e-06 3.39725510e-07 3.39725510e-07 3.56292512e-03 3.56292512e-03 1.66737904e-19 1.18822706e-02 1.28659779e-02
1.04354354e-01 -2.06697975e+01 -2.06697975e+01 -2.50725142e-02 -6.80089439e-03 -6.80089428e-03 7.13254574e+01 7.13254574e+01 1.73372523e+02 2.87969995e+02 3.37701745e+02 2.40171745e-17 3.76657572e-18 1.28218599e-05 5.67102955e-28 3.33011736e-28 3.86668070e-45 1.07318162e-27 5.80842975e-17 7.34671821e-01 6.78422667e-01 2.69218356e-19 1.32216109e-18 1.40808814e-06 3.39725510e-07 3.39725510e-07 3.56292512e-03 3.56292512e-03 7.91565098e-19 1.18815371e-02 1.28666552e-02
1.04504505e-01 -2.06697975e+01 -2.06697975e+01 -2.50725142e-02 -6.80089445e-03 -6.80089409e-03 7.13254574e+01 7.13254574e+01 1.73372523e+02 2.87937063e+02 3.37740369e+02 3.60115861e-17 2.21655782e-17 1.28403087e-05 3.05163631e-15 5.06682244e-14 1.37637091e-33 7.01080023e-18 9.07291004e-17 7.34710492e-01 6.78380788e-01 5.10561144e-18 1.85429047e-18 1.40808814e-06 3.39725510e-07 3.39725510e-07 3.56292512e-03 3.56292512e-03 7.57966397e-20 1.18808037e-02 1.28673325e-02
1.04654655e-01 -2.06697975e+01 -2.06697975e+01 -2.50725141e-02 -6.80089427e-03 -6.80089406e-03 7.13254574e+01 7.13254574e+01 1.73372523e+02 2.87904135e+02 3.37778998e+02 5.43717527e-19 4.73081342e-18 1.28587574e-05 5.26318579e-15 5.05401815e-14 1.40609818e-33 7.35945444e-18 4.34661929e-17 7.34749159e-01 6.78338907e-01 9.95966477e-19 2.53058463e-18 1.40808814e-06 3.39725510e-07 3.39725510e-07 3.56292512e-03 3.56292512e-03 9.43158378e-19 1.18800702e-02 1.28680097e-02
1.04804805e-01 -2.06697975e+01 -2.06697975e+01 -2.50725142e-02 -6.80089427e-03 -6.80089404e-03 7.13254574e+01 7.13254574e+01 1.73372523e+02 2.87871210e+02 3.37817630e+02 1.00685178e-17 1.98966617e-17 1.28772061e-05 2.51162969e-15 2.60589493e-14 1.61082459e-33 9.75893033e-18 8.30148099e-17 7.34787823e-01 6.78297025e-01 3.58267975e-18 1.11675033e-18 1.40808814e-06 3.39725510e-07 3.39725510e-07 3.56292512e-03 3.56292512e-03 7.57966397e-20 1.18793367e-02 1.28686868e-02
1.04954955e-01 -2.06697975e+01 -2.06697975e+01 -2.50725142e-02 -6.80089430e-03 -6.80089409e-03 7.13254574e+01 7.13254574e+01 1.73372523e+02 2.87838290e+02 3.37856266e+02 1.19280430e-17 2.63008852e-17 1.28956548e-05 5.26820358e-15 5.07059906e-14 1.46554408e-33 8.05669128e-18 1.78942711e-16 7.34826484e-01 6.78255142e-01 1.20949448e-18 7.11500790e-19 1.40808814e-06 3.39725510e-07 3.39725510e-07 3.56292512e-03 3.56292512e-03 2.67788185e-18 1.18786032e-02 1.28693639e-02
1.05105105e-01 -2.06697975e+01 -2.06697975e+01 -2.50725144e-02 -6.80089430e-03 -6.80089408e-03 7.13254574e+01 7.13254574e+01 1.73372523e+02 2.87805374e+02 3.37894907e+02 3.97167267e-18 1.85325288e-17 1.29141035e-05 4.89162532e-15 5.08022135e-14 1.49526272e-33 8.40527389e-18 2.11680214e-16 7.34865142e-01 6.78213257e-01 3.81820952e-18 9.76788833e-19 1.40808814e-06 3.39725510e-07 3.39725510e-07 3.56292512e-03 3.56292512e-03 4.32166406e-18 1.18778696e-02 1.28700409e-02
1.05255255e-01 -2.06697975e+01 -2.06697975e+01 -2.50725143e-02 -6.80089443e-03 -6.80089436e-03 7.13254574e+01 7.13254574e+01 1.73372523e+02 2.87772462e+02 3.37933551e+02 2.00420978e-17 8.69128796e-18 1.29325522e-05 2.45946729e-14 9.78509942e-15 2.28229629e-33 1.08135193e-17 1.08798859e-16 7.34903797e-01 6.78171371e-01 7.76078538e-18 1.96265394e-19 1.40808814e-06 3.39725510e-07 3.39725510e-07 3.56292512e-03 3.56292512e-03 1.81052012e-18 1.18771361e-02 1.28707179e-02
1.05405405e-01 -2.06697975e+01 -2.06697975e+01 -2.50725136e-02 -6.80089433e-03 -6.80089407e-03 7.13254574e+01 7.13254574e+01 1.73372523e+02 2.87739554e+02 3.37972199e+02 1.93209992e-17 1.33810515e-17 1.29510010e-05 2.23810872e-15 2.62413768e-14 1.09880451e-19 1.11644605e-17 8.46731828e-17 7.34942449e-01 6.78129483e-01 2.66318936e-19 4.08760445e-18 1.40808814e-06 3.39725510e-07 3.39725510e-07 3.56292512e-03 3.56292512e-03 1.06085890e-19 1.18764025e-02 1.28713948e-02
1.05555556e-01 -2.06697975e+01 -2.06697975e+01 -2.50725145e-02 -6.80089445e-03 -6.80089407e-03 7.13254574e+01 7.13254574e+01 1.73372523e+02 2.87706650e+02 3.38010852e+02 2.62125276e-17 3.94205707e-18 1.29694497e-05 2.89737804e-15 5.11871568e-14 1.58440138e-33 9.45087861e-18 5.21552218e-17 7.34981098e-01 6.78087594e-01 3.49596710e-18 1.00388885e-18 1.40808814e-06 3.39725510e-07 3.39725510e-07 3.56292512e-03 3.56292512e-03 9.43158378e-19 1.18756688e-02 1.28720717e-02
1.05705706e-01 -2.06697975e+01 -2.06697975e+01 -2.50725143e-02 -6.80089445e-03 -6.80089408e-03 7.13254574e+01 7.13254574e+01 1.73372523e+02 2.87673750e+02 3.38049509e+02 5.72172568e-17 7.59816128e-17 1.29878984e-05 3.00053546e-15 5.12491395e-14 1.61410851e-33 9.79936582e-18 2.82141855e-16 7.35019744e-01 6.78045704e-01 6.10824393e-19 2.42309553e-18 1.40808814e-06 3.39725510e-07 3.39725510e-07 3.56292512e-03 3.56292512e-03 1.53769632e-18 1.18749352e-02 1.28727485e-02
1.05855856e-01 -2.06697975e+01 -2.06697975e+01 -2.50725142e-02 -6.80089429e-03 -6.80089407e-03 7.13254574e+01 7.13254574e+01 1.73372523e+02 2.87640855e+02 3.38088169e+02 2.68557544e-17 6.81536607e-17 1.30063471e-05 5.02782747e-15 5.11634988e-14 1.64381277e-33 1.01478292e-17 1.99079472e-16 7.35058386e-01 6.78003812e-01 5.32773768e-19 8.88479654e-19 1.40808814e-06 3.39725510e-07 3.39725510e-07 3.56292512e-03 3.56292512e-03 1.97027154e-19 1.18742015e-02 1.28734253e-02
1.06006006e-01 -2.06697975e+01 -2.06697975e+01 -2.50725139e-02 -6.80089438e-03 -6.80089294e-03 7.13254574e+01 7.13254574e+01 1.73372523e+02 2.87607963e+02 3.38126834e+02 1.13624933e-17 4.67159592e-18 1.30247958e-05 7.85110819e-16 5.16700871e-14 2.23801297e-33 1.04962688e-17 2.79581652e-16 7.35097026e-01 6.77961918e-01 8.54924469e-19 1.69168199e-18 1.40808814e-06 3.39725510e-07 3.39725510e-07 3.56292512e-03 3.56292512e-03 1.12504091e-18 1.18734678e-02 1.28741020e-02
1.06156156e-01 -2.06697975e+01 -2.06697975e+01 -2.50725139e-02 -6.80089423e-03 -6.80089405e-03 7.13254574e+01 7.13254574e+01 1.73372523e+02 2.87575075e+02 3.38165503e+02 9.04045549e-18 3.15883296e-18 1.30432446e-05 6.49685599e-15 5.11511098e-14 1.70321265e-33 1.08446845e-17 7.35933704e-18 7.35135662e-01 6.77920023e-01 9.03976171e-19 2.00142949e-18 1.40808814e-06 3.39725510e-07 3.39725510e-07 3.56292512e-03 3.56292512e-03 2.58694059e-18 1.18727341e-02 1.28747787e-02
1.06306306e-01 -2.06697975e+01 -2.06697975e+01 -2.50725143e-02 -6.80089438e-03 -6.80089220e-03 7.13254574e+01 7.13254574e+01 1.73372523e+02 2.87542192e+02 3.38204176e+02 1.30974864e-17 5.05678100e-18 1.30616933e-05 2.66772706e-16 2.66584717e-14 2.62425695e-33 1.32733935e-17 1.12194215e-16 7.35174296e-01 6.77878127e-01 1.88180688e-18 2.62791288e-19 1.40808814e-06 3.39725510e-07 3.39725510e-07 3.56292512e-03 3.56292512e-03 8.52217113e-19 1.18720003e-02 1.28754553e-02
1.06456456e-01 -2.06697975e+01 -2.06697975e+01 -2.50725140e-02 -6.80089439e-03 -6.80089428e-03 7.13254574e+01 7.13254574e+01 1.73372523e+02 2.87509312e+02 3.38242853e+02 1.05411645e-16 2.13832730e-17 1.30801420e-05 5.79041226e-28 3.40022075e-28 3.94457068e-45 1.09577352e-27 1.78360606e-17 7.35212926e-01 6.77836229e-01 3.07566288e-19 1.64725889e-18 1.40808814e-06 3.39725510e-07 3.39725510e-07 3.56292512e-03 3.56292512e-03 1.66737904e-19 1.18712666e-02 1.28761318e-02
1.06606607e-01 -2.06697975e+01 -2.06697975e+01 -2.50725141e-02 -6.80089426e-03 -6.80089405e-03 7.13254574e+01 7.13254574e+01 1.73372523e+02 2.87476437e+02 3.38281534e+02 1.46099067e-17 2.61824469e-17 1.30985907e-05 5.38972684e-15 5.14959138e-14 1.79229091e-33 1.18897888e-17 1.31493660e-16 7.35251553e-01 6.77794330e-01 1.20834923e-18 3.40869211e-18 1.40808814e-06 3.39725510e-07 3.39725510e-07 3.56292512e-03 3.56292512e-03 1.97027154e-19 1.18705328e-02 1.28768083e-02
1.06756757e-01 -2.06697975e+01 -2.06697975e+01 -2.50725140e-02 -6.80089435e-03 -6.80089407e-03 7.13254574e+01 7.13254574e+01 1.73372523e+02 2.87443565e+02 3.38320219e+02 1.93435054e-17 1.25608169e-17 1.31170394e-05 3.98601418e-15 5.16881056e-14 1.82197791e-33 1.22381093e-17 6.16743500e-17 7.35290177e-01 6.77752430e-01 4.34627484e-18 4.98430780e-19 1.40808814e-06 3.39725510e-07 3.39725510e-07 3.56292512e-03 3.56292512e-03 1.71957885e-18 1.18697989e-02 1.28774848e-02
1.06906907e-01 -2.06697975e+01 -2.06697975e+01 -2.50725143e-02 -6.80089429e-03 -6.80089408e-03 7.13254574e+01 7.13254574e+01 1.73372523e+02 2.87410698e+02 3.38358908e+02 3.23079731e-17 5.42894941e-18 1.31354882e-05 5.33774887e-15 5.16481316e-14 1.85166203e-33 1.25864060e-17 1.40024443e-17 7.35328798e-01 6.77710528e-01 7.92678984e-19 1.12898393e-18 1.40808814e-06 3.39725510e-07 3.39725510e-07 3.56292512e-03 3.56292512e-03 8.52217113e-19 1.18690651e-02 1.28781611e-02
1.07057057e-01 -2.06697975e+01 -2.06697975e+01 -2.50725140e-02 -6.80089427e-03 -6.80089406e-03 7.13254574e+01 7.13254574e+01 1.73372523e+02 2.87377835e+02 3.38397601e+02 1.49697368e-17 4.28889446e-17 1.31539369e-05 5.48510093e-15 5.16970222e-14 1.88134328e-33 1.29346789e-17 9.85846444e-17 7.35367415e-01 6.77668624e-01 8.51180922e-19 3.70428760e-18 1.40808814e-06 3.39725510e-07 3.39725510e-07 3.56292512e-03 3.56292512e-03 7.91565098e-19 1.18683312e-02 1.28788375e-02
1.07207207e-01 -2.06697975e+01 -2.06697975e+01 -2.50725143e-02 -6.80089445e-03 -6.80089406e-03 7.13254574e+01 7.13254574e+01 1.73372523e+02 2.87344976e+02 3.38436299e+02 1.50699826e-17 4.77302081e-17 1.31723856e-05 2.89406451e-15 5.19770210e-14 1.91102165e-33 1.32829281e-17 2.60637656e-17 7.35406030e-01 6.77626719e-01 3.06029305e-18 2.97484681e-18 1.40808814e-06 3.39725510e-07 3.39725510e-07 3.56292512e-03 3.56292512e-03 9.73447628e-19 1.18675973e-02 1.28795138e-02
1.07357357e-01 -2.06697975e+01 -2.06697975e+01 -2.50725143e-02 -6.80089445e-03 -6.80089411e-03 7.13254574e+01 7.13254574e+01 1.73372523e+02 2.87312121e+02 3.38475000e+02 3.86416150e-17 1.03615203e-17 1.31908343e-05 3.32991923e-15 5.20365645e-14 1.94069714e-33 1.36311534e-17 3.00843802e-16 7.35444642e-01 6.77584813e-01 5.69906563e-18 5.32603481e-19 1.40808814e-06 3.39725510e-07 3.39725510e-07 3.56292512e-03 3.56292512e-03 3.36336106e-18 1.18668634e-02 1.28801900e-02
1.07507508e-01 -2.06697975e+01 -2.06697975e+01 -2.50725142e-02 -6.80089427e-03 -6.80089407e-03 7.13254574e+01 7.13254574e+01 1.73372523e+02 2.87279269e+02 3.38513705e+02 2.35573985e-17 2.55751805e-17 1.32092830e-05 5.61753289e-15 5.19062943e-14 1.97036975e-33 1.39793550e-17 2.09273583e-17 7.35483250e-01 6.77542906e-01 2.28247996e-18 2.64442412e-18 1.40808814e-06 3.39725510e-07 3.39725510e-07 3.56292512e-03 3.56292512e-03 2.67788185e-18 1.18661295e-02 1.28808661e-02
1.07657658e-01 -2.06697975e+01 -2.06697975e+01 -2.50725141e-02 -6.80089426e-03 -6.80089408e-03 7.13254574e+01 7.13254574e+01 1.73372523e+02 2.87246422e+02 3.38552415e+02 1.09873910e-17 9.30598408e-17 1.32277318e-05 6.61385238e-15 5.18762300e-14 2.00003949e-33 1.43275329e-17 1.11806733e-16 7.35521855e-01 6.77500996e-01 1.04010333e-18 2.42202556e-18 1.40808814e-06 3.39725510e-07 3.39725510e-07 3.56292512e-03 3.56292512e-03 2.52628857e-18 1.18653955e-02 1.28815423e-02
1.07807808e-01 -2.06697975e+01 -2.06697975e+01 -2.50725140e-02 -6.80089445e-03 -6.80089403e-03 7.13254574e+01 7.13254574e+01 1.73372523e+02 2.87213580e+02 3.38591128e+02 1.19096452e-17 2.88639148e-17 1.32461805e-05 2.71911066e-15 5.22985410e-14 2.02970635e-33 1.46756870e-17 1.31197263e-16 7.35560457e-01 6.77459086e-01 6.74985217e-19 5.24597252e-18 1.40808814e-06 3.39725510e-07 3.39725510e-07 3.56292512e-03 3.56292512e-03 2.67788185e-18 1.18646615e-02 1.28822183e-02
1.07957958e-01 -2.06697975e+01 -2.06697975e+01 -2.50725143e-02 -6.80089439e-03 -6.80089428e-03 7.13254574e+01 7.13254574e+01 1.73372523e+02 2.87180741e+02 3.38629846e+02 9.82119419e-17 4.80372532e-17 1.32646292e-05 5.87587377e-28 3.45040509e-28 4.00020637e-45 1.11194620e-27 7.49684401e-17 7.35599057e-01 6.77417174e-01 5.99289905e-19 2.88182001e-18 1.40808814e-06 3.39725510e-07 3.39725510e-07 3.56292512e-03 3.56292512e-03 3.45430233e-18 1.18639275e-02 1.28828943e-02
1.08108108e-01 -2.06697975e+01 -2.06697975e+01 -2.50725140e-02 -6.80089440e-03 -6.80089410e-03 7.13254574e+01 7.13254574e+01 1.73372523e+02 2.87147906e+02 3.38668568e+02 1.56416694e-17 5.86141199e-19 1.32830779e-05 1.97772878e-15 2.69426873e-14 2.26951006e-33 1.74876120e-17 2.77254492e-17 7.35637653e-01 6.77375261e-01 1.30017178e-18 6.01614830e-18 1.40808814e-06 3.39725510e-07 3.39725510e-07 3.56292512e-03 3.56292512e-03 9.43158378e-19 1.18631934e-02 1.28835703e-02
1.08258258e-01 -2.06697975e+01 -2.06697975e+01 -2.50725140e-02 -6.80089427e-03 -6.80089404e-03 7.13254574e+01 7.13254574e+01 1.73372523e+02 2.87115075e+02 3.38707293e+02 3.92294546e-17 4.68957312e-18 1.33015266e-05 2.61205651e-15 2.69204016e-14 2.29941717e-33 1.78386427e-17 1.36992230e-17 7.35676245e-01 6.77333346e-01 1.69206045e-18 5.20379010e-19 1.40808814e-06 3.39725510e-07 3.39725510e-07 3.56292512e-03 3.56292512e-03 9.43158378e-19 1.18624593e-02 1.28842462e-02
1.08408408e-01 -2.06697975e+01 -2.06697975e+01 -2.50725139e-02 -6.80089445e-03 -6.80089406e-03 7.13254574e+01 7.13254574e+01 1.73372523e+02 2.87082248e+02 3.38746023e+02 1.61758250e-18 3.84127180e-18 1.33199754e-05 2.88289426e-15 5.25711256e-14 2.14834503e-33 1.60680659e-17 3.58826146e-17 7.35714835e-01 6.77291430e-01 1.00800559e-18 3.25196552e-18 1.40808814e-06 3.39725510e-07 3.39725510e-07 3.56292512e-03 3.56292512e-03 1.81052012e-18 1.18617252e-02 1.28849220e-02
1.08558559e-01 -2.06697975e+01 -2.06697975e+01 -2.50725142e-02 -6.80089445e-03 -6.80089407e-03 7.13254574e+01 7.13254574e+01 1.73372523e+02 2.87049426e+02 3.38784757e+02 1.26703036e-17 7.41423653e-18 1.33384241e-05 1.53222332e-15 2.70922060e-14 2.35922273e-33 1.85406330e-17 1.44794686e-16 7.35753422e-01 6.77249512e-01 1.61092808e-18 3.15659786e-19 1.40808814e-06 3.39725510e-07 3.39725510e-07 3.56292512e-03 3.56292512e-03 1.06438889e-18 1.18609911e-02 1.28855978e-02
1.08708709e-01 -2.06697975e+01 -2.06697975e+01 -2.50725139e-02 -6.80089445e-03 -6.80089406e-03 7.13254574e+01 7.13254574e+01 1.73372523e+02 2.87016607e+02 3.38823495e+02 3.93497985e-17 4.44285076e-17 1.33568728e-05 2.91749722e-15 5.27111402e-14 2.20764711e-33 1.67641130e-17 2.28825913e-16 7.35792005e-01 6.77207594e-01 4.80563597e-19 3.35253312e-18 1.40808814e-06 3.39725510e-07 3.39725510e-07 3.56292512e-03 3.56292512e-03 2.34440604e-18 1.18602570e-02 1.28862735e-02
1.08858859e-01 -2.06697975e+01 -2.06697975e+01 -2.50725140e-02 -6.80089445e-03 -6.80089407e-03 7.13254574e+01 7.13254574e+01 1.73372523e+02 2.86983793e+02 3.38862237e+02 2.55728792e-18 4.06530149e-17 1.33753215e-05 1.53609696e-15 2.71601349e-14 2.41901677e-33 1.92425286e-17 1.11039903e-16 7.35830586e-01 6.77165673e-01 1.07335751e-18 5.99400833e-18 1.40808814e-06 3.39725510e-07 3.39725510e-07 3.56292512e-03 3.56292512e-03 9.43158378e-19 1.18595228e-02 1.28869492e-02
1.09009009e-01 -2.06697975e+01 -2.06697975e+01 -2.50725143e-02 -6.80089440e-03 -6.80089408e-03 7.13254574e+01 7.13254574e+01 1.73372523e+02 2.86950982e+02 3.38900983e+02 3.05886194e-17 6.52921527e-18 1.33937702e-05 3.71308468e-15 5.28194748e-14 2.26693767e-33 1.74600652e-17 1.78932583e-16 7.35869163e-01 6.77123751e-01 1.78688554e-18 7.55865894e-19 1.40808814e-06 3.39725510e-07 3.39725510e-07 3.56292512e-03 3.56292512e-03 2.49599932e-18 1.18587886e-02 1.28876248e-02
1.09159159e-01 -2.06697975e+01 -2.06697975e+01 -2.50725141e-02 -6.80089429e-03 -6.80089409e-03 7.13254574e+01 7.13254574e+01 1.73372523e+02 2.86918176e+02 3.38939733e+02 1.45164502e-17 5.15902170e-17 1.34122189e-05 5.77735430e-15 5.27076553e-14 2.29657864e-33 1.78080058e-17 5.27862596e-17 7.35907737e-01 6.77081828e-01 1.17684795e-18 3.33327902e-18 1.40808814e-06 3.39725510e-07 3.39725510e-07 3.56292512e-03 3.56292512e-03 1.90146138e-18 1.18580544e-02 1.28883004e-02
1.09309309e-01 -2.06697975e+01 -2.06697975e+01 -2.50725140e-02 -6.80089426e-03 -6.80089406e-03 7.13254574e+01 7.13254574e+01 1.73372523e+02 2.86885374e+02 3.38978487e+02 2.48521290e-17 3.19803245e-17 1.34306677e-05 5.88092930e-15 5.27606747e-14 2.32621673e-33 1.81559226e-17 1.56374598e-16 7.35946308e-01 6.77039904e-01 1.35895155e-18 9.65764570e-19 1.40808814e-06 3.39725510e-07 3.39725510e-07 3.56292512e-03 3.56292512e-03 7.91565098e-19 1.18573201e-02 1.28889759e-02
1.09459459e-01 -2.06697975e+01 -2.06697975e+01 -2.50725140e-02 -6.80089435e-03 -6.80089409e-03 7.13254574e+01 7.13254574e+01 1.73372523e+02 2.86852575e+02 3.39017246e+02 6.31385709e-18 9.36683252e-18 1.34491164e-05 2.31957708e-15 2.72813455e-14 2.53857025e-33 2.06460358e-17 2.10159271e-17 7.35984876e-01 6.76997978e-01 2.43494137e-18 7.56955396e-19 1.40808814e-06 3.39725510e-07 3.39725510e-07 3.56292512e-03 3.56292512e-03 1.03409964e-18 1.18565859e-02 1.28896514e-02
1.09609610e-01 -2.06697975e+01 -2.06697975e+01 -2.50725142e-02 -6.80089430e-03 -6.80089407e-03 7.13254574e+01 7.13254574e+01 1.73372523e+02 2.86819781e+02 3.39056008e+02 4.32544334e-18 2.58270573e-17 1.34675651e-05 5.04264181e-15 5.30097494e-14 2.38548427e-33 1.88516853e-17 9.72045227e-17 7.36023441e-01 6.76956050e-01 1.18893792e-18 3.42049280e-18 1.40808814e-06 3.39725510e-07 3.39725510e-07 3.56292512e-03 3.56292512e-03 6.70334584e-19 1.18558516e-02 1.28903268e-02
1.09759760e-01 -2.06697975e+01 -2.06697975e+01 -2.50725143e-02 -6.80089663e-03 -6.80089515e-03 7.13254574e+01 7.13254574e+01 1.73372523e+02 2.86786991e+02 3.39094774e+02 1.63897764e-17 9.54354321e-17 1.34860138e-05 1.08382795e-15 5.34472530e-14 4.52114737e-30 1.91995313e-17 8.07576997e-17 7.36062003e-01 6.76914122e-01 2.86239275e-19 4.14612424e-18 1.40808814e-06 3.39725510e-07 3.39725510e-07 3.56292512e-03 3.56292512e-03 1.97027154e-19 1.18551173e-02 1.28910021e-02
1.09909910e-01 -2.06697975e+01 -2.06697975e+01 -2.50725140e-02 -6.80089440e-03 -6.80089412e-03 7.13254574e+01 7.13254574e+01 1.73372523e+02 2.86754205e+02 3.39133545e+02 1.77290833e-17 1.08465446e-17 1.35044625e-05 4.27528177e-15 5.32114376e-14 2.44474031e-33 1.95473533e-17 3.97302908e-19 7.36100561e-01 6.76872192e-01 1.17183213e-18 9.98883551e-19 1.40808814e-06 3.39725510e-07 3.39725510e-07 3.56292512e-03 3.56292512e-03 9.43158378e-19 1.18543829e-02 1.28916774e-02
1.10060060e-01 -2.06697975e+01 -2.06697975e+01 -2.50725140e-02 -6.80089429e-03 -6.80089407e-03 7.13254574e+01 7.13254574e+01 1.73372523e+02 2.86721423e+02 3.39172319e+02 1.86677230e-17 1.63473321e-17 1.35229113e-05 5.34408546e-15 5.32040722e-14 2.47436401e-33 1.98951518e-17 8.34960232e-17 7.36139117e-01 6.76830260e-01 2.62438032e-18 1.96489613e-18 1.40808814e-06 3.39725510e-07 3.39725510e-07 3.56292512e-03 3.56292512e-03 7.00623834e-19 1.18536486e-02 1.28923526e-02
1.10210210e-01 -2.06697975e+01 -2.06697975e+01 -2.50725142e-02 -6.80089429e-03 -6.80089408e-03 7.13254574e+01 7.13254574e+01 1.73372523e+02 2.86688645e+02 3.39211098e+02 3.78520806e-17 4.43175454e-17 1.35413600e-05 5.44702606e-15 5.32627949e-14 2.50398483e-33 2.02429267e-17 2.11095967e-16 7.36177669e-01 6.76788327e-01 1.84041682e-18 9.99416016e-19 1.40808814e-06 3.39725510e-07 3.39725510e-07 3.56292512e-03 3.56292512e-03 7.57966397e-20 1.18529142e-02 1.28930278e-02
1.10360360e-01 -2.06697975e+01 -2.06697975e+01 -2.50725141e-02 -6.80089435e-03 -6.80089407e-03 7.13254574e+01 7.13254574e+01 1.73372523e+02 2.86655871e+02 3.39249880e+02 6.31862704e-18 1.39673017e-17 1.35598087e-05 4.14872037e-15 5.34314427e-14 1.93113564e-33 1.32533771e-17 6.26132621e-17 7.36216218e-01 6.76746393e-01 1.28435878e-18 1.71308007e-19 1.40808814e-06 3.39725510e-07 3.39725510e-07 3.56292512e-03 3.56292512e-03 9.43158378e-19 1.18521797e-02 1.28937030e-02
1.10510511e-01 -2.06697975e+01 -2.06697975e+01 -2.50725140e-02 -6.80089435e-03 -6.80089407e-03 7.13254574e+01 7.13254574e+01 1.73372523e+02 2.86623101e+02 3.39288667e+02 2.19480396e-17 6.07102866e-17 1.35782574e-05 4.17487565e-15 5.35172533e-14 1.96070739e-33 1.36004894e-17 9.10363945e-18 7.36254764e-01 6.76704457e-01 8.98655797e-19 2.49794673e-18 1.40808814e-06 3.39725510e-07 3.39725510e-07 3.56292512e-03 3.56292512e-03 9.43158378e-19 1.18514453e-02 1.28943780e-02
1.10660661e-01 -2.06697975e+01 -2.06697975e+01 -2.50725143e-02 -6.80089435e-03 -6.80089406e-03 7.13254574e+01 7.13254574e+01 1.73372523e+02 2.86590336e+02 3.39327458e+02 4.08342849e-18 2.61790726e-17 1.35967061e-05 4.02048710e-15 5.35845762e-14 1.38772219e-33 6.60904486e-18 1.57034537e-16 7.36293307e-01 6.76662520e-01 1.92526015e-18 2.11163438e-18 1.40808814e-06 3.39725510e-07 3.39725510e-07 3.56292512e-03 3.56292512e-03 1.53769632e-18 1.18507108e-02 1.28950531e-02
1.10810811e-01 -2.06697975e+01 -2.06697975e+01 -2.50725141e-02 -6.80089430e-03 -6.80089409e-03 7.13254574e+01 7.13254574e+01 1.73372523e+02 2.86557574e+02 3.39366252e+02 3.06269507e-17 1.66373170e-17 1.36151549e-05 5.41738517e-15 5.35206706e-14 1.41724460e-33 6.95549106e-18 1.75807974e-16 7.36331847e-01 6.76620582e-01 4.54690224e-19 1.08091892e-18 1.40808814e-06 3.39725510e-07 3.39725510e-07 3.56292512e-03 3.56292512e-03 3.54524359e-18 1.18499764e-02 1.28957280e-02
1.10960961e-01 -2.06697975e+01 -2.06697975e+01 -2.50725144e-02 -6.80089516e-03 -6.80089442e-03 7.13254574e+01 7.13254574e+01 1.73372523e+02 2.86524816e+02 3.39405051e+02 2.94580799e-18 1.41321019e-18 1.36336036e-05 2.12793545e-15 2.74965063e-14 4.79437578e-30 9.47361568e-18 4.94781412e-17 7.36370383e-01 6.76578642e-01 5.40383595e-19 1.42810713e-18 1.40808814e-06 3.39725510e-07 3.39725510e-07 3.56292512e-03 3.56292512e-03 1.71957885e-18 1.18492418e-02 1.28964029e-02
1.11111111e-01 -2.06697975e+01 -2.06697975e+01 -2.50725139e-02 -6.80089439e-03 -6.80089407e-03 7.13254574e+01 7.13254574e+01 1.73372523e+02 2.86492063e+02 3.39443854e+02 2.72509868e-18 6.39093749e-17 1.36520523e-05 3.66329562e-15 5.38381454e-14 1.47628037e-33 7.64830758e-18 2.45932960e-16 7.36408917e-01 6.76536700e-01 6.64770559e-19 1.47747119e-18 1.40808814e-06 3.39725510e-07 3.39725510e-07 3.56292512e-03 3.56292512e-03 1.03409964e-18 1.18485073e-02 1.28970778e-02
1.11261261e-01 -2.06697975e+01 -2.06697975e+01 -2.50725138e-02 -6.80089435e-03 -6.80089406e-03 7.13254574e+01 7.13254574e+01 1.73372523e+02 2.86459313e+02 3.39482661e+02 1.39110124e-17 9.06897083e-17 1.36705010e-05 4.02312890e-15 5.38836195e-14 1.50579375e-33 7.99467788e-18 3.21580161e-16 7.36447447e-01 6.76494758e-01 8.26208409e-19 7.03925261e-19 1.40808814e-06 3.39725510e-07 3.39725510e-07 3.56292512e-03 3.56292512e-03 1.65892684e-18 1.18477727e-02 1.28977526e-02
1.11411411e-01 -2.06697975e+01 -2.06697975e+01 -2.50725142e-02 -6.80089445e-03 -6.80089401e-03 7.13254574e+01 7.13254574e+01 1.73372523e+02 2.86426568e+02 3.39521472e+02 2.40381801e-17 1.44015179e-17 1.36889497e-05 2.67482017e-15 5.40262644e-14 1.53530411e-33 8.34102288e-18 2.38521443e-16 7.36485974e-01 6.76452814e-01 2.38868996e-18 2.19648374e-18 1.40808814e-06 3.39725510e-07 3.39725510e-07 3.56292512e-03 3.56292512e-03 3.48459158e-18 1.18470382e-02 1.28984273e-02
1.11561562e-01 -2.06697975e+01 -2.06697975e+01 -2.50725142e-02 -6.80089445e-03 -6.80089405e-03 7.13254574e+01 7.13254574e+01 1.73372523e+02 2.86393826e+02 3.39560287e+02 7.26962942e-18 2.45649009e-17 1.37073985e-05 2.92793608e-15 5.40975029e-14 1.56481147e-33 8.68734260e-18 3.24658174e-17 7.36524498e-01 6.76410868e-01 1.03811025e-18 4.29422900e-18 1.40808814e-06 3.39725510e-07 3.39725510e-07 3.56292512e-03 3.56292512e-03 9.73447628e-19 1.18463035e-02 1.28991020e-02
1.11711712e-01 -2.06697975e+01 -2.06697975e+01 -2.50725141e-02 -6.80089439e-03 -6.80089428e-03 7.13254574e+01 7.13254574e+01 1.73372523e+02 2.86361089e+02 3.39599106e+02 3.32893619e-17 6.10726057e-17 1.37258472e-05 6.09022935e-28 3.57627804e-28 4.13929560e-45 1.15251070e-27 7.88199959e-17 7.36563019e-01 6.76368922e-01 9.02770902e-19 2.92581654e-19 1.40808814e-06 3.39725510e-07 3.39725510e-07 3.56292512e-03 3.56292512e-03 2.52628857e-18 1.18455689e-02 1.28997767e-02
1.11861862e-01 -2.06697975e+01 -2.06697975e+01 -2.50725141e-02 -6.80089294e-03 -6.80089220e-03 7.13254574e+01 7.13254574e+01 1.73372523e+02 2.86328356e+02 3.39637930e+02 1.88276556e-17 4.76746259e-17 1.37442959e-05 2.77896302e-14 7.96847720e-16 4.95258665e-30 1.15693019e-17 3.51193281e-17 7.36601537e-01 6.76326974e-01 6.12690564e-19 2.10640908e-18 1.40808814e-06 3.39725510e-07 3.39725510e-07 3.56292512e-03 3.56292512e-03 6.70334584e-19 1.18448343e-02 1.29004512e-02
1.12012012e-01 -2.06697975e+01 -2.06697975e+01 -2.50725140e-02 -6.80089430e-03 -6.80089410e-03 7.13254574e+01 7.13254574e+01 1.73372523e+02 2.86295627e+02 3.39676757e+02 3.08852344e-17 2.84936396e-17 1.37627446e-05 5.96008925e-15 5.40804525e-14 1.65331548e-33 9.72615010e-18 4.66956498e-17 7.36640052e-01 6.76285024e-01 4.20892854e-18 1.83364571e-18 1.40808814e-06 3.39725510e-07 3.39725510e-07 3.56292512e-03 3.56292512e-03 1.81052012e-18 1.18440996e-02 1.29011258e-02
1.12162162e-01 -2.06697975e+01 -2.06697975e+01 -2.50725143e-02 -6.80089427e-03 -6.80089411e-03 7.13254574e+01 7.13254574e+01 1.73372523e+02 2.86262902e+02 3.39715588e+02 1.03482329e-17 9.29014951e-18 1.37811933e-05 7.35316152e-15 5.39780167e-14 1.68281080e-33 1.00723687e-17 1.36463619e-16 7.36678563e-01 6.76243073e-01 2.83353471e-18 2.50081749e-18 1.40808814e-06 3.39725510e-07 3.39725510e-07 3.56292512e-03 3.56292512e-03 6.70334584e-19 1.18433649e-02 1.29018002e-02
1.12312312e-01 -2.06697975e+01 -2.06697975e+01 -2.50725145e-02 -6.80089435e-03 -6.80089405e-03 7.13254574e+01 7.13254574e+01 1.73372523e+02 2.86230180e+02 3.39754424e+02 2.20851024e-17 8.98200998e-18 1.37996421e-05 3.97597104e-15 5.44132054e-14 1.71230311e-33 1.04185621e-17 2.13383695e-16 7.36717072e-01 6.76201121e-01 3.67592875e-18 1.22976052e-18 1.40808814e-06 3.39725510e-07 3.39725510e-07 3.56292512e-03 3.56292512e-03 4.32166406e-18 1.18426301e-02 1.29024747e-02
1.12462462e-01 -2.06697975e+01 -2.06697975e+01 -2.50725142e-02 -6.80089626e-03 -6.80089368e-03 7.13254574e+01 7.13254574e+01 1.73372523e+02 2.86197463e+02 3.39793263e+02 2.07117029e-17 1.27528289e-18 1.38180908e-05 5.46921853e-14 3.80867015e-16 5.02602495e-30 1.07647302e-17 5.53080439e-17 7.36755577e-01 6.76159167e-01 1.73354298e-19 4.42052800e-19 1.40808814e-06 3.39725510e-07 3.39725510e-07 3.56292512e-03 3.56292512e-03 1.71957885e-18 1.18418954e-02 1.29031490e-02
1.12612613e-01 -2.06697975e+01 -2.06697975e+01 -2.50725139e-02 -6.80089445e-03 -6.80089408e-03 7.13254574e+01 7.13254574e+01 1.73372523e+02 2.86164750e+02 3.39832107e+02 1.44020750e-17 3.46087482e-17 1.38365395e-05 3.20442086e-15 5.46053452e-14 1.77127870e-33 1.11108731e-17 2.44302980e-16 7.36794079e-01 6.76117212e-01 2.20650912e-18 7.14699646e-19 1.40808814e-06 3.39725510e-07 3.39725510e-07 3.56292512e-03 3.56292512e-03 5.27996707e-18 1.18411606e-02 1.29038233e-02
1.12762763e-01 -2.06697975e+01 -2.06697975e+01 -2.50725142e-02 -6.80089430e-03 -6.80089412e-03 7.13254574e+01 7.13254574e+01 1.73372523e+02 2.86132042e+02 3.39870954e+02 2.16227938e-17 1.00504013e-17 1.38549882e-05 3.37211570e-15 2.79747948e-14 1.98895363e-33 1.36640801e-17 1.14912640e-16 7.36832578e-01 6.76075256e-01 8.92481935e-19 3.95411751e-18 1.40808814e-06 3.39725510e-07 3.39725510e-07 3.56292512e-03 3.56292512e-03 3.45430233e-18 1.18404258e-02 1.29044976e-02
1.12912913e-01 -2.06697975e+01 -2.06697975e+01 -2.50725141e-02 -6.80089441e-03 -6.80089406e-03 7.13254574e+01 7.13254574e+01 1.73372523e+02 2.86099337e+02 3.39909806e+02 7.23473494e-18 1.01771562e-18 1.38734369e-05 3.47273145e-15 5.47286584e-14 1.83024224e-33 1.18030831e-17 1.40244520e-16 7.36871074e-01 6.76033298e-01 1.53375428e-18 1.82917450e-18 1.40808814e-06 3.39725510e-07 3.39725510e-07 3.56292512e-03 3.56292512e-03 7.57966397e-20 1.18396910e-02 1.29051718e-02
1.13063063e-01 -2.06697975e+01 -2.06697975e+01 -2.50725141e-02 -6.80089439e-03 -6.80089407e-03 7.13254574e+01 7.13254574e+01 1.73372523e+02 2.86066636e+02 3.39948662e+02 1.07872305e-17 4.12624473e-17 1.38918857e-05 3.74809634e-15 5.47910151e-14 1.85971950e-33 1.21491503e-17 1.02026948e-16 7.36909567e-01 6.75991339e-01 4.39868673e-18 2.05163120e-18 1.40808814e-06 3.39725510e-07 3.39725510e-07 3.56292512e-03 3.56292512e-03 9.43158378e-19 1.18389561e-02 1.29058459e-02
1.13213213e-01 -2.06697975e+01 -2.06697975e+01 -2.50725142e-02 -6.80089435e-03 -6.80089407e-03 7.13254574e+01 7.13254574e+01 1.73372523e+02 2.86033939e+02 3.39987521e+02 1.96587321e-17 2.80194743e-17 1.39103344e-05 4.34862654e-15 5.48074234e-14 1.88919376e-33 1.24951923e-17 2.05795433e-16 7.36948056e-01 6.75949378e-01 1.46155903e-19 2.83812063e-18 1.40808814e-06 3.39725510e-07 3.39725510e-07 3.56292512e-03 3.56292512e-03 1.51446250e-20 1.18382213e-02 1.29065200e-02
1.13363363e-01 -2.06697975e+01 -2.06697975e+01 -2.50725142e-02 -6.80089445e-03 -6.80089406e-03 7.13254574e+01 7.13254574e+01 1.73372523e+02 2.86001247e+02 3.40026385e+02 2.56345812e-18 2.49137030e-18 1.39287831e-05 1.58937027e-15 2.82731939e-14 2.10785148e-33 1.50600949e-17 5.56402700e-17 7.36986543e-01 6.75907417e-01 9.61361233e-19 2.20256345e-19 1.40808814e-06 3.39725510e-07 3.39725510e-07 3.56292512e-03 3.56292512e-03 2.67788185e-18 1.18374864e-02 1.29071940e-02
1.13513514e-01 -2.06697975e+01 -2.06697975e+01 -2.50725143e-02 -6.80089445e-03 -6.80089404e-03 7.13254574e+01 7.13254574e+01 1.73372523e+02 2.85968558e+02 3.40065253e+02 3.66179560e-17 1.41073559e-17 1.39472318e-05 2.88978939e-15 5.50544891e-14 1.94813323e-33 1.31872005e-17 1.18335927e-16 7.37025026e-01 6.75865453e-01 1.10981966e-18 1.41602216e-18 1.40808814e-06 3.39725510e-07 3.39725510e-07 3.56292512e-03 3.56292512e-03 4.41260533e-18 1.18367514e-02 1.29078680e-02
1.13663664e-01 -2.06697975e+01 -2.06697975e+01 -2.50725140e-02 -6.80089445e-03 -6.80089404e-03 7.13254574e+01 7.13254574e+01 1.73372523e+02 2.85935873e+02 3.40104125e+02 2.56725633e-17 2.72465498e-17 1.39656805e-05 2.88393621e-15 5.51370825e-14 1.97759845e-33 1.35331669e-17 1.44492582e-16 7.37063506e-01 6.75823489e-01 8.04094823e-19 2.83713691e-18 1.40808814e-06 3.39725510e-07 3.39725510e-07 3.56292512e-03 3.56292512e-03 4.23072280e-18 1.18360165e-02 1.29085419e-02
1.13813814e-01 -2.06697975e+01 -2.06697975e+01 -2.50725141e-02 -6.80089445e-03 -6.80089407e-03 7.13254574e+01 7.13254574e+01 1.73372523e+02 2.85903193e+02 3.40143001e+02 4.38162281e-17 2.16023336e-17 1.39841292e-05 3.16386889e-15 5.51867264e-14 2.00706066e-33 1.38791080e-17 2.56165362e-18 7.37101983e-01 6.75781523e-01 5.63511740e-19 2.28682277e-19 1.40808814e-06 3.39725510e-07 3.39725510e-07 3.56292512e-03 3.56292512e-03 7.91565098e-19 1.18352815e-02 1.29092158e-02
1.13963964e-01 -2.06697975e+01 -2.06697975e+01 -2.50725143e-02 -6.80089445e-03 -6.80089409e-03 7.13254574e+01 7.13254574e+01 1.73372523e+02 2.85870517e+02 3.40181881e+02 4.74529720e-17 2.90178373e-17 1.40025780e-05 3.32397330e-15 5.52455014e-14 2.03651986e-33 1.42250239e-17 1.00600444e-16 7.37140457e-01 6.75739555e-01 2.85780832e-18 9.93892547e-19 1.40808814e-06 3.39725510e-07 3.39725510e-07 3.56292512e-03 3.56292512e-03 7.57966397e-20 1.18345465e-02 1.29098896e-02
1.14114114e-01 -2.06697975e+01 -2.06697975e+01 -2.50725141e-02 -6.80089426e-03 -6.80089405e-03 7.13254574e+01 7.13254574e+01 1.73372523e+02 2.85837844e+02 3.40220765e+02 1.17586657e-17 6.48531593e-18 1.40210267e-05 5.80600714e-15 5.51158626e-14 2.06597605e-33 1.45709147e-17 4.82706520e-17 7.37178927e-01 6.75697587e-01 6.79032975e-19 1.08523361e-18 1.40808814e-06 3.39725510e-07 3.39725510e-07 3.56292512e-03 3.56292512e-03 8.52217113e-19 1.18338115e-02 1.29105633e-02
1.14264264e-01 -2.06697975e+01 -2.06697975e+01 -2.50725143e-02 -6.80089435e-03 -6.80089405e-03 7.13254574e+01 7.13254574e+01 1.73372523e+02 2.85805176e+02 3.40259653e+02 1.65917221e-19 1.78865791e-17 1.40394754e-05 4.06555022e-15 5.53502694e-14 2.09542923e-33 1.49167803e-17 3.04001451e-16 7.37217395e-01 6.75655617e-01 5.55254746e-19 2.13026481e-18 1.40808814e-06 3.39725510e-07 3.39725510e-07 3.56292512e-03 3.56292512e-03 7.61275848e-19 1.18330765e-02 1.29112370e-02
1.14414414e-01 -2.06697975e+01 -2.06697975e+01 -2.50725142e-02 -6.80089427e-03 -6.80089405e-03 7.13254574e+01 7.13254574e+01 1.73372523e+02 2.85772512e+02 3.40298545e+02 1.98403253e-17 6.72529219e-18 1.40579241e-05 5.65379354e-15 5.52842645e-14 2.12487939e-33 1.52626207e-17 1.42561695e-16 7.37255859e-01 6.75613645e-01 4.50742249e-18 8.85249486e-19 1.40808814e-06 3.39725510e-07 3.39725510e-07 3.56292512e-03 3.56292512e-03 1.62863759e-18 1.18323414e-02 1.29119107e-02
1.14564565e-01 -2.06697975e+01 -2.06697975e+01 -2.50725142e-02 -6.80089626e-03 -6.80089515e-03 7.13254574e+01 7.13254574e+01 1.73372523e+02 2.85739851e+02 3.40337442e+02 2.42867809e-17 7.75262013e-18 1.40763728e-05 2.86205369e-14 2.50965695e-16 5.45236468e-30 1.78509168e-17 1.06452470e-16 7.37294320e-01 6.75571673e-01 1.55676392e-18 2.30009495e-18 1.40808814e-06 3.39725510e-07 3.39725510e-07 3.56292512e-03 3.56292512e-03 2.49599932e-18 1.18316063e-02 1.29125843e-02
1.14714715e-01 -2.06697975e+01 -2.06697975e+01 -2.50725142e-02 -6.80089430e-03 -6.80089408e-03 7.13254574e+01 7.13254574e+01 1.73372523e+02 2.85707195e+02 3.40376342e+02 2.26866829e-17 3.59206204e-17 1.40948216e-05 5.48164917e-15 5.54553127e-14 2.18377070e-33 1.59542260e-17 2.24054716e-16 7.37332778e-01 6.75529699e-01 4.48917872e-19 1.81493915e-18 1.40808814e-06 3.39725510e-07 3.39725510e-07 3.56292512e-03 3.56292512e-03 2.58694059e-18 1.18308712e-02 1.29132578e-02
1.14864865e-01 -2.06697975e+01 -2.06697975e+01 -2.50725138e-02 -6.80089445e-03 -6.80089407e-03 7.13254574e+01 7.13254574e+01 1.73372523e+02 2.85674543e+02 3.40415246e+02 9.15182515e-18 1.94165339e-19 1.41132703e-05 3.14147461e-15 5.57059258e-14 2.21321184e-33 1.62999909e-17 2.37492674e-16 7.37371233e-01 6.75487723e-01 3.91752949e-19 1.05206077e-18 1.40808814e-06 3.39725510e-07 3.39725510e-07 3.56292512e-03 3.56292512e-03 9.43158378e-19 1.18301361e-02 1.29139313e-02
1.15015015e-01 -2.06697975e+01 -2.06697975e+01 -2.50725144e-02 -6.80089435e-03 -6.80089407e-03 7.13254574e+01 7.13254574e+01 1.73372523e+02 2.85641895e+02 3.40454155e+02 1.32907184e-17 3.93163138e-17 1.41317190e-05 4.40524902e-15 5.56993130e-14 2.24264997e-33 1.66457307e-17 1.19781337e-16 7.37409685e-01 6.75445746e-01 5.88453648e-19 1.74372769e-18 1.40808814e-06 3.39725510e-07 3.39725510e-07 3.56292512e-03 3.56292512e-03 6.70334584e-19 1.18294009e-02 1.29146047e-02
1.15165165e-01 -2.06697975e+01 -2.06697975e+01 -2.50725142e-02 -6.80089445e-03 -6.80089406e-03 7.13254574e+01 7.13254574e+01 1.73372523e+02 2.85609251e+02 3.40493067e+02 2.50415953e-17 1.20777719e-17 1.41501677e-05 3.13767223e-15 5.58408855e-14 2.27208508e-33 1.69914453e-17 1.14157803e-16 7.37448134e-01 6.75403768e-01 2.79446544e-18 1.56263773e-18 1.40808814e-06 3.39725510e-07 3.39725510e-07 3.56292512e-03 3.56292512e-03 7.57966397e-20 1.18286657e-02 1.29152781e-02
1.15315315e-01 -2.06697975e+01 -2.06697975e+01 -2.50725141e-02 -6.80089667e-03 -6.80089474e-03 7.13254574e+01 7.13254574e+01 1.73372523e+02 2.85576611e+02 3.40531984e+02 1.48637470e-17 1.09150493e-17 1.41686164e-05 6.71799080e-16 2.88920376e-14 5.59810665e-30 1.95943640e-17 3.28819302e-17 7.37486579e-01 6.75361789e-01 1.28753640e-18 5.38553018e-18 1.40808814e-06 3.39725510e-07 3.39725510e-07 3.56292512e-03 3.56292512e-03 8.52217113e-19 1.18279305e-02 1.29159514e-02
1.15465465e-01 -2.06697975e+01 -2.06697975e+01 -2.50725142e-02 -6.80089445e-03 -6.80089404e-03 7.13254574e+01 7.13254574e+01 1.73372523e+02 2.85543975e+02 3.40570905e+02 9.71634540e-18 6.77691048e-18 1.41870652e-05 2.97853382e-15 5.60056221e-14 2.33094628e-33 1.76827992e-17 7.39786295e-18 7.37525021e-01 6.75319808e-01 1.89315008e-18 4.47167304e-18 1.40808814e-06 3.39725510e-07 3.39725510e-07 3.56292512e-03 3.56292512e-03 1.62863759e-18 1.18271953e-02 1.29166246e-02
1.15615616e-01 -2.06697975e+01 -2.06697975e+01 -2.50725142e-02 -6.80089445e-03 -6.80089405e-03 7.13254574e+01 7.13254574e+01 1.73372523e+02 2.85511344e+02 3.40609829e+02 4.27202786e-18 3.10701342e-19 1.42055139e-05 3.04626667e-15 5.60717580e-14 2.36037237e-33 1.80284384e-17 1.73145701e-16 7.37563460e-01 6.75277826e-01 2.12047337e-18 1.25458266e-18 1.40808814e-06 3.39725510e-07 3.39725510e-07 3.56292512e-03 3.56292512e-03 3.54524359e-18 1.18264600e-02 1.29172978e-02
1.15765766e-01 -2.06697975e+01 -2.06697975e+01 -2.50725142e-02 -6.80089445e-03 -6.80089407e-03 7.13254574e+01 7.13254574e+01 1.73372523e+02 2.85478716e+02 3.40648758e+02 5.24914156e-17 9.39628077e-18 1.42239626e-05 1.63728455e-15 2.88775724e-14 2.58296041e-33 2.06401311e-17 2.26854132e-16 7.37601896e-01 6.75235842e-01 5.01264038e-18 1.50374839e-18 1.40808814e-06 3.39725510e-07 3.39725510e-07 3.56292512e-03 3.56292512e-03 1.71957885e-18 1.18257248e-02 1.29179710e-02
1.15915916e-01 -2.06697975e+01 -2.06697975e+01 -2.50725139e-02 -6.80089445e-03 -6.80089406e-03 7.13254574e+01 7.13254574e+01 1.73372523e+02 2.85446092e+02 3.40687691e+02 9.43191258e-19 4.14779297e-17 1.42424113e-05 3.15374215e-15 5.62131143e-14 2.41921551e-33 1.87196415e-17 2.56061280e-16 7.37640329e-01 6.75193857e-01 1.91463759e-18 4.66005455e-18 1.40808814e-06 3.39725510e-07 3.39725510e-07 3.56292512e-03 3.56292512e-03 1.65892684e-18 1.18249895e-02 1.29186441e-02
1.16066066e-01 -2.06697975e+01 -2.06697975e+01 -2.50725139e-02 -6.80089426e-03 -6.80089407e-03 7.13254574e+01 7.13254574e+01 1.73372523e+02 2.85413473e+02 3.40726628e+02 1.15604514e-17 3.00304162e-17 1.42608600e-05 6.68743677e-15 5.59819656e-14 2.44863256e-33 1.90652054e-17 3.15676254e-16 7.37678758e-01 6.75151871e-01 2.28344203e-18 7.69995425e-19 1.40808814e-06 3.39725510e-07 3.39725510e-07 3.56292512e-03 3.56292512e-03 1.65892684e-18 1.18242541e-02 1.29193171e-02
1.16216216e-01 -2.06697975e+01 -2.06697975e+01 -2.50725140e-02 -6.80089427e-03 -6.80089404e-03 7.13254574e+01 7.13254574e+01 1.73372523e+02 2.85380857e+02 3.40765569e+02 4.87418898e-18 3.54473898e-17 1.42793088e-05 5.43558743e-15 5.61745748e-14 2.47804660e-33 1.94107442e-17 7.63510458e-18 7.37717185e-01 6.75109884e-01 2.59150848e-19 3.02686763e-18 1.40808814e-06 3.39725510e-07 3.39725510e-07 3.56292512e-03 3.56292512e-03 1.65892684e-18 1.18235188e-02 1.29199901e-02
1.16366366e-01 -2.06697975e+01 -2.06697975e+01 -2.50725142e-02 -6.80089439e-03 -6.80089408e-03 7.13254574e+01 7.13254574e+01 1.73372523e+02 2.85348246e+02 3.40804514e+02 1.21445314e-17 1.94421819e-18 1.42977575e-05 3.94883819e-15 5.63930728e-14 2.50745763e-33 1.97562579e-17 1.24457388e-16 7.37755608e-01 6.75067895e-01 6.65450313e-19 7.62099517e-19 1.40808814e-06 3.39725510e-07 3.39725510e-07 3.56292512e-03 3.56292512e-03 2.49599932e-18 1.18227834e-02 1.29206630e-02
1.16516517e-01 -2.06697975e+01 -2.06697975e+01 -2.50725141e-02 -6.80089439e-03 -6.80089428e-03 7.13254574e+01 7.13254574e+01 1.73372523e+02 2.85315638e+02 3.40843463e+02 1.99365986e-18 1.15206620e-17 1.43162062e-05 6.36611255e-28 3.73828098e-28 4.31732982e-45 1.20471864e-27 1.19657454e-16 7.37794028e-01 6.75025905e-01 2.42047391e-18 2.69230398e-18 1.40808814e-06 3.39725510e-07 3.39725510e-07 3.56292512e-03 3.56292512e-03 1.62863759e-18 1.18220480e-02 1.29213359e-02
1.16666667e-01 -2.06697975e+01 -2.06697975e+01 -2.50725141e-02 -6.80089515e-03 -6.80089294e-03 7.13254574e+01 7.13254574e+01 1.73372523e+02 2.85283035e+02 3.40882416e+02 1.03330136e-18 6.94934795e-17 1.43346549e-05 1.18169809e-15 5.65743940e-14 5.85196379e-30 1.30833397e-17 1.26318222e-17 7.37832445e-01 6.74983913e-01 4.10174992e-19 2.01484155e-18 1.40808814e-06 3.39725510e-07 3.39725510e-07 3.56292512e-03 3.56292512e-03 1.71957885e-18 1.18213126e-02 1.29220087e-02
1.16816817e-01 -2.06697975e+01 -2.06697975e+01 -2.50725141e-02 -6.80089439e-03 -6.80089409e-03 7.13254574e+01 7.13254574e+01 1.73372523e+02 2.85250435e+02 3.40921373e+02 8.99456647e-18 5.93710937e-17 1.43531036e-05 4.01215293e-15 5.65891172e-14 1.99128324e-33 1.34281274e-17 1.97753407e-17 7.37870859e-01 6.74941920e-01 2.82889651e-18 2.38996718e-18 1.40808814e-06 3.39725510e-07 3.39725510e-07 3.56292512e-03 3.56292512e-03 7.57966397e-20 1.18205772e-02 1.29226815e-02
1.16966967e-01 -2.06697975e+01 -2.06697975e+01 -2.50725140e-02 -6.80089425e-03 -6.80089409e-03 7.13254574e+01 7.13254574e+01 1.73372523e+02 2.85217840e+02 3.40960334e+02 5.50120483e-17 2.79445428e-17 1.43715524e-05 8.17710585e-15 5.62258834e-14 2.02063609e-33 1.37728892e-17 2.43483451e-17 7.37909269e-01 6.74899926e-01 3.58248054e-18 3.55725898e-18 1.40808814e-06 3.39725510e-07 3.39725510e-07 3.56292512e-03 3.56292512e-03 8.52217113e-19 1.18198417e-02 1.29233542e-02
1.17117117e-01 -2.06697975e+01 -2.06697975e+01 -2.50725141e-02 -6.80089445e-03 -6.80089406e-03 7.13254574e+01 7.13254574e+01 1.73372523e+02 2.85185249e+02 3.40999299e+02 3.38942431e-18 2.40564180e-17 1.43900011e-05 3.19497333e-15 5.67849998e-14 1.44550397e-33 6.75180005e-18 2.21810489e-18 7.37947677e-01 6.74857930e-01 1.19924197e-18 4.14576454e-18 1.40808814e-06 3.39725510e-07 3.39725510e-07 3.56292512e-03 3.56292512e-03 1.51446250e-20 1.18191062e-02 1.29240268e-02
1.17267267e-01 -2.06697975e+01 -2.06697975e+01 -2.50725141e-02 -6.80089445e-03 -6.80089403e-03 7.13254574e+01 7.13254574e+01 1.73372523e+02 2.85152662e+02 3.41038269e+02 1.13530798e-17 3.72839424e-17 1.44084498e-05 1.52577925e-15 2.92517245e-14 1.67045550e-33 9.39143630e-18 1.08031580e-16 7.37986081e-01 6.74815934e-01 6.62866535e-19 7.34624041e-19 1.40808814e-06 3.39725510e-07 3.39725510e-07 3.56292512e-03 3.56292512e-03 9.73447628e-19 1.18183707e-02 1.29246994e-02
1.17417417e-01 -2.06697975e+01 -2.06697975e+01 -2.50725140e-02 -6.80089445e-03 -6.80089406e-03 7.13254574e+01 7.13254574e+01 1.73372523e+02 2.85120079e+02 3.41077242e+02 6.09947976e-17 6.22951957e-18 1.44268985e-05 3.18044410e-15 5.69284648e-14 1.50410169e-33 7.43988679e-18 1.14292781e-16 7.38024482e-01 6.74773935e-01 4.67457939e-18 1.58294694e-18 1.40808814e-06 3.39725510e-07 3.39725510e-07 3.56292512e-03 3.56292512e-03 9.43158378e-19 1.18176352e-02 1.29253719e-02
1.17567568e-01 -2.06697975e+01 -2.06697975e+01 -2.50725144e-02 -6.80089439e-03 -6.80089428e-03 7.13254574e+01 7.13254574e+01 1.73372523e+02 2.85087500e+02 3.41116219e+02 2.69436807e-17 2.00483091e-17 1.44453472e-05 6.42669417e-28 3.77385545e-28 4.35627481e-45 1.21618306e-27 1.57468974e-16 7.38062880e-01 6.74731936e-01 3.33621246e-19 1.65888406e-19 1.40808814e-06 3.39725510e-07 3.39725510e-07 3.56292512e-03 3.56292512e-03 5.18902580e-18 1.18168996e-02 1.29260444e-02
1.17717718e-01 -2.06697975e+01 -2.06697975e+01 -2.50725140e-02 -6.80089427e-03 -6.80089403e-03 7.13254574e+01 7.13254574e+01 1.73372523e+02 2.85054925e+02 3.41155201e+02 1.23691026e-17 1.60000808e-17 1.44637960e-05 5.20609412e-15 5.69333846e-14 1.56268684e-33 8.12786660e-18 8.54653539e-17 7.38101275e-01 6.74689935e-01 1.26883403e-18 1.48779947e-18 1.40808814e-06 3.39725510e-07 3.39725510e-07 3.56292512e-03 3.56292512e-03 2.67788185e-18 1.18161640e-02 1.29267168e-02
1.17867868e-01 -2.06697975e+01 -2.06697975e+01 -2.50725141e-02 -6.80089430e-03 -6.80089411e-03 7.13254574e+01 7.13254574e+01 1.73372523e+02 2.85022354e+02 3.41194186e+02 5.15815098e-17 1.79467728e-17 1.44822447e-05 6.43719203e-15 5.68888494e-14 1.59197470e-33 8.47181642e-18 8.85033346e-17 7.38139666e-01 6.74647933e-01 2.23286152e-18 1.08978191e-18 1.40808814e-06 3.39725510e-07 3.39725510e-07 3.56292512e-03 3.56292512e-03 1.51446250e-20 1.18154284e-02 1.29273892e-02
1.18018018e-01 -2.06697975e+01 -2.06697975e+01 -2.50725140e-02 -6.80089445e-03 -6.80089403e-03 7.13254574e+01 7.13254574e+01 1.73372523e+02 2.84989787e+02 3.41233176e+02 5.00748462e-18 8.25027405e-18 1.45006934e-05 2.96558530e-15 5.72358280e-14 1.62125942e-33 8.81573951e-18 2.36355607e-16 7.38178054e-01 6.74605929e-01 3.55922951e-19 8.15670507e-19 1.40808814e-06 3.39725510e-07 3.39725510e-07 3.56292512e-03 3.56292512e-03 2.52628857e-18 1.18146928e-02 1.29280615e-02
1.18168168e-01 -2.06697975e+01 -2.06697975e+01 -2.50725140e-02 -6.80089427e-03 -6.80089409e-03 7.13254574e+01 7.13254574e+01 1.73372523e+02 2.84957224e+02 3.41272170e+02 3.41425857e-17 1.70039072e-17 1.45191421e-05 3.52037183e-15 2.93226120e-14 1.84768336e-33 1.14729180e-17 1.81069942e-16 7.38216440e-01 6.74563924e-01 5.02126367e-19 2.08270085e-18 1.40808814e-06 3.39725510e-07 3.39725510e-07 3.56292512e-03 3.56292512e-03 2.52628857e-18 1.18139571e-02 1.29287338e-02
1.18318318e-01 -2.06697975e+01 -2.06697975e+01 -2.50725138e-02 -6.80089430e-03 -6.80089409e-03 7.13254574e+01 7.13254574e+01 1.73372523e+02 2.84924665e+02 3.41311167e+02 1.54080495e-17 1.17349228e-17 1.45375908e-05 3.09402380e-15 2.94045592e-14 1.87721032e-33 1.18197383e-17 7.44554964e-17 7.38254822e-01 6.74521918e-01 2.93089362e-18 4.90779812e-19 1.40808814e-06 3.39725510e-07 3.39725510e-07 3.56292512e-03 3.56292512e-03 8.82506363e-19 1.18132215e-02 1.29294060e-02
1.18468468e-01 -2.06697975e+01 -2.06697975e+01 -2.50725144e-02 -6.80089430e-03 -6.80089407e-03 7.13254574e+01 7.13254574e+01 1.73372523e+02 2.84892110e+02 3.41350169e+02 8.80800856e-17 1.21114175e-17 1.45560395e-05 2.78914152e-15 2.94619042e-14 1.90673413e-33 1.21665319e-17 6.55296740e-18 7.38293200e-01 6.74479911e-01 1.43369456e-18 1.27134867e-18 1.40808814e-06 3.39725510e-07 3.39725510e-07 3.56292512e-03 3.56292512e-03 1.06085890e-19 1.18124858e-02 1.29300781e-02
1.18618619e-01 -2.06697975e+01 -2.06697975e+01 -2.50725140e-02 -6.80089430e-03 -6.80089406e-03 7.13254574e+01 7.13254574e+01 1.73372523e+02 2.84859560e+02 3.41389175e+02 1.85718718e-17 9.23110202e-18 1.45744883e-05 5.20382855e-15 5.73647253e-14 1.73836687e-33 1.01911649e-17 3.09284993e-16 7.38331576e-01 6.74437902e-01 3.00708543e-18 5.37869737e-19 1.40808814e-06 3.39725510e-07 3.39725510e-07 3.56292512e-03 3.56292512e-03 3.57553284e-18 1.18117501e-02 1.29307502e-02
1.18768769e-01 -2.06697975e+01 -2.06697975e+01 -2.50725142e-02 -6.80089441e-03 -6.80089406e-03 7.13254574e+01 7.13254574e+01 1.73372523e+02 2.84827013e+02 3.41428185e+02 3.71158931e-17 2.22390732e-17 1.45929370e-05 3.68072242e-15 5.75747705e-14 1.76763587e-33 1.05349545e-17 1.57206840e-16 7.38369948e-01 6.74395892e-01 7.56019895e-18 5.15661203e-19 1.40808814e-06 3.39725510e-07 3.39725510e-07 3.56292512e-03 3.56292512e-03 1.90146138e-18 1.18110143e-02 1.29314223e-02
1.18918919e-01 -2.06697975e+01 -2.06697975e+01 -2.50725140e-02 -6.80089439e-03 -6.80089428e-03 7.13254574e+01 7.13254574e+01 1.73372523e+02 2.84794470e+02 3.41467199e+02 5.90660165e-17 2.94203771e-17 1.46113857e-05 6.50470983e-28 3.81966747e-28 4.40634693e-45 1.23094669e-27 4.45199913e-17 7.38408318e-01 6.74353881e-01 1.28980516e-18 7.23205463e-19 1.40808814e-06 3.39725510e-07 3.39725510e-07 3.56292512e-03 3.56292512e-03 2.85976438e-18 1.18102785e-02 1.29320942e-02
1.19069069e-01 -2.06697975e+01 -2.06697975e+01 -2.50725141e-02 -6.80089515e-03 -6.80089442e-03 7.13254574e+01 7.13254574e+01 1.73372523e+02 2.84761932e+02 3.41506217e+02 2.37410971e-17 2.81249044e-17 1.46298344e-05 9.19197180e-15 2.83332791e-14 6.42525361e-30 1.35534403e-17 2.25438473e-17 7.38446684e-01 6.74311868e-01 1.72688308e-18 6.59983183e-18 1.40808814e-06 3.39725510e-07 3.39725510e-07 3.56292512e-03 3.56292512e-03 7.61275848e-19 1.18095428e-02 1.29327662e-02
1.19219219e-01 -2.06697975e+01 -2.06697975e+01 -2.50725143e-02 -6.80089430e-03 -6.80089408e-03 7.13254574e+01 7.13254574e+01 1.73372523e+02 2.84729398e+02 3.41545239e+02 1.85912844e-17 4.39290552e-18 1.46482831e-05 5.64600076e-15 5.76230539e-14 1.85542403e-33 1.15661633e-17 1.02679092e-16 7.38485047e-01 6.74269854e-01 9.27256202e-19 6.31778090e-19 1.40808814e-06 3.39725510e-07 3.39725510e-07 3.56292512e-03 3.56292512e-03 9.73447628e-19 1.18088069e-02 1.29334380e-02
1.19369369e-01 -2.06697975e+01 -2.06697975e+01 -2.50725141e-02 -6.80089430e-03 -6.80089406e-03 7.13254574e+01 7.13254574e+01 1.73372523e+02 2.84696867e+02 3.41584265e+02 1.96244950e-17 6.89874076e-18 1.46667319e-05 5.24969243e-15 5.77262290e-14 1.88468047e-33 1.19098462e-17 3.04244281e-16 7.38523406e-01 6.74227838e-01 3.11813466e-18 5.50909061e-19 1.40808814e-06 3.39725510e-07 3.39725510e-07 3.56292512e-03 3.56292512e-03 1.65892684e-18 1.18080711e-02 1.29341098e-02
1.19519520e-01 -2.06697975e+01 -2.06697975e+01 -2.50725141e-02 -6.80089435e-03 -6.80089410e-03 7.13254574e+01 7.13254574e+01 1.73372523e+02 2.84664341e+02 3.41623295e+02 1.30652404e-17 1.66359302e-17 1.46851806e-05 5.00842745e-15 5.78329995e-14 1.91393376e-33 1.22535025e-17 2.04853236e-16 7.38561763e-01 6.74185822e-01 1.80498187e-18 1.04012907e-18 1.40808814e-06 3.39725510e-07 3.39725510e-07 3.56292512e-03 3.56292512e-03 9.43158378e-19 1.18073353e-02 1.29347816e-02
1.19669670e-01 -2.06697975e+01 -2.06697975e+01 -2.50725140e-02 -6.80089430e-03 -6.80089404e-03 7.13254574e+01 7.13254574e+01 1.73372523e+02 2.84631819e+02 3.41662329e+02 8.91183461e-17 3.02685566e-17 1.47036293e-05 4.79245334e-15 5.79227171e-14 1.94318391e-33 1.25971321e-17 1.04910200e-16 7.38600116e-01 6.74143804e-01 2.57127936e-18 1.88669252e-19 1.40808814e-06 3.39725510e-07 3.39725510e-07 3.56292512e-03 3.56292512e-03 2.67788185e-18 1.18065994e-02 1.29354533e-02
1.19819820e-01 -2.06697975e+01 -2.06697975e+01 -2.50725140e-02 -6.80089445e-03 -6.80089404e-03 7.13254574e+01 7.13254574e+01 1.73372523e+02 2.84599300e+02 3.41701367e+02 7.41656991e-18 2.20426248e-17 1.47220780e-05 3.06574315e-15 5.81251361e-14 1.97243092e-33 1.29407351e-17 1.13583696e-16 7.38638466e-01 6.74101784e-01 3.37284146e-18 5.99586057e-19 1.40808814e-06 3.39725510e-07 3.39725510e-07 3.56292512e-03 3.56292512e-03 2.87968419e-19 1.18058635e-02 1.29361249e-02
1.19969970e-01 -2.06697975e+01 -2.06697975e+01 -2.50725144e-02 -6.80089430e-03 -6.80089407e-03 7.13254574e+01 7.13254574e+01 1.73372523e+02 2.84566786e+02 3.41740409e+02 8.59299469e-18 2.30261320e-17 1.47405267e-05 5.53164295e-15 5.80031853e-14 2.00167478e-33 1.32843115e-17 1.22625715e-16 7.38676813e-01 6.74059764e-01 5.45038753e-19 2.90684227e-18 1.40808814e-06 3.39725510e-07 3.39725510e-07 3.56292512e-03 3.56292512e-03 7.91565098e-19 1.18051275e-02 1.29367965e-02
1.20120120e-01 -2.06697975e+01 -2.06697975e+01 -2.50725142e-02 -6.80089441e-03 -6.80089405e-03 7.13254574e+01 7.13254574e+01 1.73372523e+02 2.84534276e+02 3.41779456e+02 1.69765746e-18 1.41412210e-17 1.47589755e-05 3.52043828e-15 5.82337285e-14 2.03091550e-33 1.36278612e-17 1.92669236e-17 7.38715157e-01 6.74017742e-01 1.28557253e-18 1.56186628e-18 1.40808814e-06 3.39725510e-07 3.39725510e-07 3.56292512e-03 3.56292512e-03 8.52217113e-19 1.18043916e-02 1.29374681e-02
1.20270270e-01 -2.06697975e+01 -2.06697975e+01 -2.50725142e-02 -6.80089439e-03 -6.80089412e-03 7.13254574e+01 7.13254574e+01 1.73372523e+02 2.84501770e+02 3.41818506e+02 6.89493680e-17 1.31177307e-17 1.47774242e-05 4.73938420e-15 5.82239371e-14 2.06015308e-33 1.39713843e-17 1.31268108e-17 7.38753498e-01 6.73975719e-01 4.21921852e-18 3.10099601e-18 1.40808814e-06 3.39725510e-07 3.39725510e-07 3.56292512e-03 3.56292512e-03 9.43158378e-19 1.18036556e-02 1.29381395e-02
1.20420420e-01 -2.06697975e+01 -2.06697975e+01 -2.50725142e-02 -6.80089441e-03 -6.80089404e-03 7.13254574e+01 7.13254574e+01 1.73372523e+02 2.84469268e+02 3.41857561e+02 4.27450084e-18 1.65824510e-17 1.47958729e-05 1.77449848e-15 3.00411328e-14 2.29025722e-33 1.66724260e-17 5.94687248e-17 7.38791835e-01 6.73933694e-01 9.73094304e-19 2.16947996e-18 1.40808814e-06 3.39725510e-07 3.39725510e-07 3.56292512e-03 3.56292512e-03 1.51446250e-20 1.18029196e-02 1.29388110e-02
1.20570571e-01 -2.06697975e+01 -2.06697975e+01 -2.50725143e-02 -6.80089427e-03 -6.80089402e-03 7.13254574e+01 7.13254574e+01 1.73372523e+02 2.84436770e+02 3.41896619e+02 2.68465969e-17 4.88547250e-17 1.48143216e-05 5.23686967e-15 5.83044533e-14 2.11861880e-33 1.46583506e-17 8.41277642e-17 7.38830169e-01 6.73891669e-01 1.28495002e-18 5.89756241e-19 1.40808814e-06 3.39725510e-07 3.39725510e-07 3.56292512e-03 3.56292512e-03 8.52217113e-19 1.18021836e-02 1.29394823e-02
1.20720721e-01 -2.06697975e+01 -2.06697975e+01 -2.50725139e-02 -6.80089435e-03 -6.80089409e-03 7.13254574e+01 7.13254574e+01 1.73372523e+02 2.84404276e+02 3.41935682e+02 9.70367291e-18 5.18431418e-17 1.48327703e-05 4.93175381e-15 5.84428484e-14 2.14784695e-33 1.50017938e-17 8.86646527e-17 7.38868500e-01 6.73849641e-01 1.37046169e-18 1.90589305e-19 1.40808814e-06 3.39725510e-07 3.39725510e-07 3.56292512e-03 3.56292512e-03 1.51446250e-20 1.18014476e-02 1.29401536e-02
1.20870871e-01 -2.06697975e+01 -2.06697975e+01 -2.50725142e-02 -6.80089441e-03 -6.80089407e-03 7.13254574e+01 7.13254574e+01 1.73372523e+02 2.84371786e+02 3.41974748e+02 4.21814057e-17 1.71358388e-17 1.48512191e-05 1.93787723e-15 3.01536017e-14 2.37868699e-33 1.77116095e-17 1.16246322e-17 7.38906828e-01 6.73807613e-01 1.40509399e-18 1.75837190e-18 1.40808814e-06 3.39725510e-07 3.39725510e-07 3.56292512e-03 3.56292512e-03 1.81052012e-18 1.18007115e-02 1.29408249e-02
1.21021021e-01 -2.06697975e+01 -2.06697975e+01 -2.50725142e-02 -6.80089430e-03 -6.80089407e-03 7.13254574e+01 7.13254574e+01 1.73372523e+02 2.84339300e+02 3.42013819e+02 4.40174072e-18 5.28327033e-17 1.48696678e-05 5.63419072e-15 5.85021284e-14 2.20629381e-33 1.56886005e-17 8.79695541e-17 7.38945153e-01 6.73765583e-01 8.51770123e-19 4.27467058e-19 1.40808814e-06 3.39725510e-07 3.39725510e-07 3.56292512e-03 3.56292512e-03 8.52217113e-19 1.17999754e-02 1.29414961e-02
1.21171171e-01 -2.06697975e+01 -2.06697975e+01 -2.50725141e-02 -6.80089441e-03 -6.80089406e-03 7.13254574e+01 7.13254574e+01 1.73372523e+02 2.84306819e+02 3.42052894e+02 1.77630800e-17 3.08848787e-17 1.48881165e-05 3.66738839e-15 5.87281072e-14 2.23551253e-33 1.60319640e-17 1.05800827e-16 7.38983474e-01 6.73723552e-01 2.83267196e-19 7.75346758e-19 1.40808814e-06 3.39725510e-07 3.39725510e-07 3.56292512e-03 3.56292512e-03 1.81052012e-18 1.17992393e-02 1.29421672e-02
1.21321321e-01 -2.06697975e+01 -2.06697975e+01 -2.50725142e-02 -6.80089441e-03 -6.80089405e-03 7.13254574e+01 7.13254574e+01 1.73372523e+02 2.84274341e+02 3.42091973e+02 1.89284955e-17 1.34204610e-17 1.49065652e-05 3.64467911e-15 5.88120161e-14 2.26472810e-33 1.63753008e-17 6.23153530e-17 7.39021792e-01 6.73681520e-01 6.25779138e-19 1.31614972e-18 1.40808814e-06 3.39725510e-07 3.39725510e-07 3.56292512e-03 3.56292512e-03 1.71957885e-18 1.17985032e-02 1.29428383e-02
1.21471471e-01 -2.06697975e+01 -2.06697975e+01 -2.50725141e-02 -6.80089441e-03 -6.80089407e-03 7.13254574e+01 7.13254574e+01 1.73372523e+02 2.84241867e+02 3.42131055e+02 1.76389533e-17 7.09370672e-17 1.49250139e-05 3.80264424e-15 5.88847680e-14 2.29394053e-33 1.67186111e-17 1.14329020e-16 7.39060107e-01 6.73639486e-01 1.06923940e-18 1.31598799e-19 1.40808814e-06 3.39725510e-07 3.39725510e-07 3.56292512e-03 3.56292512e-03 1.53769632e-18 1.17977670e-02 1.29435093e-02
1.21621622e-01 -2.06697975e+01 -2.06697975e+01 -2.50725142e-02 -6.80089516e-03 -6.80089368e-03 7.13254574e+01 7.13254574e+01 1.73372523e+02 2.84209398e+02 3.42170142e+02 2.92503082e-18 1.91318780e-17 1.49434627e-05 2.87203624e-18 3.05227217e-14 7.00511001e-30 1.94430511e-17 6.52600807e-17 7.39098419e-01 6.73597452e-01 6.55395882e-19 2.29201175e-18 1.40808814e-06 3.39725510e-07 3.39725510e-07 3.56292512e-03 3.56292512e-03 1.97027154e-19 1.17970308e-02 1.29441803e-02
1.21771772e-01 -2.06697975e+01 -2.06697975e+01 -2.50725138e-02 -6.80089441e-03 -6.80089404e-03 7.13254574e+01 7.13254574e+01 1.73372523e+02 2.84176932e+02 3.42209233e+02 5.80718719e-17 4.03273457e-17 1.49619114e-05 1.83411667e-15 3.03926356e-14 2.55546151e-33 1.97892599e-17 2.78276098e-16 7.39136728e-01 6.73555415e-01 2.79823120e-18 1.24530521e-18 1.40808814e-06 3.39725510e-07 3.39725510e-07 3.56292512e-03 3.56292512e-03 2.43534731e-18 1.17962946e-02 1.29448512e-02
1.21921922e-01 -2.06697975e+01 -2.06697975e+01 -2.50725142e-02 -6.80089441e-03 -6.80089405e-03 7.13254574e+01 7.13254574e+01 1.73372523e+02 2.84144471e+02 3.42248328e+02 3.25110635e-17 5.23800560e-18 1.49803601e-05 1.85131346e-15 3.04208503e-14 2.58491290e-33 2.01354421e-17 7.63607294e-17 7.39175033e-01 6.73513378e-01 1.53632268e-18 1.31240887e-18 1.40808814e-06 3.39725510e-07 3.39725510e-07 3.56292512e-03 3.56292512e-03 1.06085890e-19 1.17955584e-02 1.29455221e-02
1.22072072e-01 -2.06697975e+01 -2.06697975e+01 -2.50725141e-02 -6.80089427e-03 -6.80089408e-03 7.13254574e+01 7.13254574e+01 1.73372523e+02 2.84112013e+02 3.42287427e+02 3.81836507e-18 3.56744316e-17 1.49988088e-05 7.03579492e-15 5.88751433e-14 2.41075882e-33 1.80915866e-17 8.16512988e-17 7.39213335e-01 6.73471339e-01 2.19192782e-18 4.18312285e-18 1.40808814e-06 3.39725510e-07 3.39725510e-07 3.56292512e-03 3.56292512e-03 1.74986810e-18 1.17948222e-02 1.29461929e-02
1.22222222e-01 -2.06697975e+01 -2.06697975e+01 -2.50725139e-02 -6.80089589e-03 -6.80089515e-03 7.13254574e+01 7.13254574e+01 1.73372523e+02 2.84079560e+02 3.42326530e+02 4.74335879e-17 3.88223487e-17 1.50172575e-05 3.02913691e-14 5.19230226e-16 7.14748552e-30 2.08277268e-17 1.04222319e-16 7.39251634e-01 6.73429299e-01 1.08967897e-18 8.46209055e-19 1.40808814e-06 3.39725510e-07 3.39725510e-07 3.56292512e-03 3.56292512e-03 1.06438889e-18 1.17940859e-02 1.29468636e-02
1.22372372e-01 -2.06697975e+01 -2.06697975e+01 -2.50725145e-02 -6.80089430e-03 -6.80089408e-03 7.13254574e+01 7.13254574e+01 1.73372523e+02 2.84047110e+02 3.42365637e+02 4.10138615e-18 2.85390543e-17 1.50357062e-05 5.73160883e-15 5.91790003e-14 2.46914910e-33 1.87779151e-17 2.96163286e-16 7.39289930e-01 6.73387258e-01 1.24940119e-18 8.09048068e-19 1.40808814e-06 3.39725510e-07 3.39725510e-07 3.56292512e-03 3.56292512e-03 3.36336106e-18 1.17933496e-02 1.29475343e-02
1.22522523e-01 -2.06697975e+01 -2.06697975e+01 -2.50725142e-02 -6.80089422e-03 -6.80089406e-03 7.13254574e+01 7.13254574e+01 1.73372523e+02 2.84014665e+02 3.42404749e+02 3.41662609e-17 4.51754737e-17 1.50541550e-05 7.84634324e-15 5.90006629e-14 2.49833952e-33 1.91210395e-17 3.13431719e-17 7.39328223e-01 6.73345215e-01 3.87465139e-18 1.70703930e-18 1.40808814e-06 3.39725510e-07 3.39725510e-07 3.56292512e-03 3.56292512e-03 2.67788185e-18 1.17926133e-02 1.29482050e-02
1.22672673e-01 -2.06697975e+01 -2.06697975e+01 -2.50725141e-02 -6.80089435e-03 -6.80089408e-03 7.13254574e+01 7.13254574e+01 1.73372523e+02 2.83982224e+02 3.42443864e+02 4.07111758e-18 1.33517383e-17 1.50726037e-05 2.48686033e-15 3.05489597e-14 2.73212266e-33 2.18659556e-17 5.18630780e-17 7.39366512e-01 6.73303171e-01 6.63317610e-19 3.62700696e-18 1.40808814e-06 3.39725510e-07 3.39725510e-07 3.56292512e-03 3.56292512e-03 7.57966397e-20 1.17918770e-02 1.29488755e-02
1.22822823e-01 -2.06697975e+01 -2.06697975e+01 -2.50725139e-02 -6.80089445e-03 -6.80089409e-03 7.13254574e+01 7.13254574e+01 1.73372523e+02 2.83949787e+02 3.42482983e+02 1.52796653e-17 1.94147695e-18 1.50910524e-05 3.61382625e-15 5.95454731e-14 2.55671094e-33 1.98072087e-17 4.80035289e-17 7.39404798e-01 6.73261126e-01 3.20264567e-18 2.38390770e-18 1.40808814e-06 3.39725510e-07 3.39725510e-07 3.56292512e-03 3.56292512e-03 1.03409964e-18 1.17911406e-02 1.29495461e-02
1.22972973e-01 -2.06697975e+01 -2.06697975e+01 -2.50725140e-02 -6.80089441e-03 -6.80089410e-03 7.13254574e+01 7.13254574e+01 1.73372523e+02 2.83917354e+02 3.42522106e+02 2.72360080e-17 3.68353263e-17 1.51095011e-05 4.26481753e-15 5.95798600e-14 1.97955713e-33 1.27583261e-17 2.74424429e-17 7.39443081e-01 6.73219080e-01 5.00208274e-18 7.53670450e-19 1.40808814e-06 3.39725510e-07 3.39725510e-07 3.56292512e-03 3.56292512e-03 1.51446250e-20 1.17904042e-02 1.29502165e-02
1.23123123e-01 -2.06697975e+01 -2.06697975e+01 -2.50725145e-02 -6.80089439e-03 -6.80089428e-03 7.13254574e+01 7.13254574e+01 1.73372523e+02 2.83884924e+02 3.42561234e+02 1.05858162e-16 5.85749960e-17 1.51279498e-05 6.74834146e-28 3.96273178e-28 4.56212687e-45 1.27705137e-27 3.26036597e-17 7.39481361e-01 6.73177032e-01 8.89304516e-19 3.96304676e-18 1.40808814e-06 3.39725510e-07 3.39725510e-07 3.56292512e-03 3.56292512e-03 2.49599932e-18 1.17896678e-02 1.29508870e-02
1.23273273e-01 -2.06697975e+01 -2.06697975e+01 -2.50725143e-02 -6.80089435e-03 -6.80089407e-03 7.13254574e+01 7.13254574e+01 1.73372523e+02 2.83852499e+02 3.42600365e+02 7.20251649e-18 4.45269976e-17 1.51463986e-05 4.77136676e-15 5.96789529e-14 2.03781199e-33 1.34429631e-17 9.00542518e-18 7.39519637e-01 6.73134983e-01 2.52138355e-18 6.50575105e-19 1.40808814e-06 3.39725510e-07 3.39725510e-07 3.56292512e-03 3.56292512e-03 1.53769632e-18 1.17889314e-02 1.29515573e-02
1.23423423e-01 -2.06697975e+01 -2.06697975e+01 -2.50725140e-02 -6.80089479e-03 -6.80089368e-03 7.13254574e+01 7.13254574e+01 1.73372523e+02 2.83820078e+02 3.42639501e+02 1.69078244e-17 2.17059574e-17 1.51648473e-05 5.86446463e-14 1.22059503e-14 7.44717936e-30 6.39125228e-18 8.89786775e-17 7.39557911e-01 6.73092933e-01 1.56602880e-18 6.29634907e-19 1.40808814e-06 3.39725510e-07 3.39725510e-07 3.56292512e-03 3.56292512e-03 1.03409964e-18 1.17881950e-02 1.29522276e-02
1.23573574e-01 -2.06697975e+01 -2.06697975e+01 -2.50725142e-02 -6.80089438e-03 -6.80089402e-03 7.13254574e+01 7.13254574e+01 1.73372523e+02 2.83787662e+02 3.42678640e+02 4.46259865e-17 1.51250156e-17 1.51832960e-05 3.71350675e-15 5.99000603e-14 1.48952344e-33 6.73281353e-18 1.36364895e-16 7.39596181e-01 6.73050881e-01 5.38712013e-19 6.32111414e-19 1.40808814e-06 3.39725510e-07 3.39725510e-07 3.56292512e-03 3.56292512e-03 1.65892684e-18 1.17874585e-02 1.29528979e-02
1.23723724e-01 -2.06697975e+01 -2.06697975e+01 -2.50725143e-02 -6.80089427e-03 -6.80089404e-03 7.13254574e+01 7.13254574e+01 1.73372523e+02 2.83755249e+02 3.42717784e+02 1.86072767e-18 1.71377683e-17 1.52017447e-05 5.86803351e-15 5.97970999e-14 1.51859057e-33 7.07434676e-18 8.11490248e-17 7.39634448e-01 6.73008829e-01 1.31002672e-18 4.77079602e-19 1.40808814e-06 3.39725510e-07 3.39725510e-07 3.56292512e-03 3.56292512e-03 1.71957885e-18 1.17867220e-02 1.29535680e-02
1.23873874e-01 -2.06697975e+01 -2.06697975e+01 -2.50725137e-02 -6.80089435e-03 -6.80089410e-03 7.13254574e+01 7.13254574e+01 1.73372523e+02 2.83722840e+02 3.42756932e+02 5.99907785e-17 4.42263987e-18 1.52201934e-05 5.32273566e-15 5.99220292e-14 1.54765442e-33 7.41585183e-18 1.54371896e-17 7.39672712e-01 6.72966775e-01 6.30998323e-19 1.38329877e-18 1.40808814e-06 3.39725510e-07 3.39725510e-07 3.56292512e-03 3.56292512e-03 1.81052012e-18 1.17859855e-02 1.29542382e-02
1.24024024e-01 -2.06697975e+01 -2.06697975e+01 -2.50725145e-02 -6.80089445e-03 -6.80089407e-03 7.13254574e+01 7.13254574e+01 1.73372523e+02 2.83690435e+02 3.42796083e+02 4.12012387e-18 5.29286911e-17 1.52386422e-05 1.76497296e-15 3.09325451e-14 1.78354622e-33 1.01857155e-17 6.34848251e-17 7.39710972e-01 6.72924719e-01 5.46195918e-19 5.86393480e-19 1.40808814e-06 3.39725510e-07 3.39725510e-07 3.56292512e-03 3.56292512e-03 1.06085890e-19 1.17852490e-02 1.29549082e-02
1.24174174e-01 -2.06697975e+01 -2.06697975e+01 -2.50725140e-02 -6.80089439e-03 -6.80089428e-03 7.13254574e+01 7.13254574e+01 1.73372523e+02 2.83658034e+02 3.42835239e+02 2.96876516e-17 3.30258066e-17 1.52570909e-05 6.80947002e-28 3.99862743e-28 4.60107186e-45 1.28861930e-27 3.04930231e-17 7.39749229e-01 6.72882663e-01 8.49566649e-19 4.08864323e-19 1.40808814e-06 3.39725510e-07 3.39725510e-07 3.56292512e-03 3.56292512e-03 9.43158378e-19 1.17845124e-02 1.29555783e-02
1.24324324e-01 -2.06697975e+01 -2.06697975e+01 -2.50725140e-02 -6.80089427e-03 -6.80089402e-03 7.13254574e+01 7.13254574e+01 1.73372523e+02 2.83625638e+02 3.42874399e+02 2.17926167e-18 1.07762446e-17 1.52755396e-05 5.39371455e-15 6.01193227e-14 1.63482631e-33 8.44019803e-18 1.03673115e-16 7.39787483e-01 6.72840605e-01 5.25918600e-19 3.84358906e-18 1.40808814e-06 3.39725510e-07 3.39725510e-07 3.56292512e-03 3.56292512e-03 2.58694059e-18 1.17837758e-02 1.29562482e-02
1.24474474e-01 -2.06697975e+01 -2.06697975e+01 -2.50725140e-02 -6.80089430e-03 -6.80089405e-03 7.13254574e+01 7.13254574e+01 1.73372523e+02 2.83593245e+02 3.42913563e+02 3.55121907e-17 6.48508263e-18 1.52939883e-05 2.73401558e-15 3.09855667e-14 1.87145323e-33 1.12188343e-17 7.52099798e-17 7.39825734e-01 6.72798546e-01 1.24983549e-18 5.04179137e-19 1.40808814e-06 3.39725510e-07 3.39725510e-07 3.56292512e-03 3.56292512e-03 1.66737904e-19 1.17830392e-02 1.29569181e-02
1.24624625e-01 -2.06697975e+01 -2.06697975e+01 -2.50725145e-02 -6.80089441e-03 -6.80089403e-03 7.13254574e+01 7.13254574e+01 1.73372523e+02 2.83560856e+02 3.42952731e+02 3.19973004e-17 1.22063192e-17 1.53124370e-05 1.81674922e-15 3.10712762e-14 1.90074901e-33 1.15631510e-17 5.58651149e-17 7.39863982e-01 6.72756485e-01 3.36331407e-18 1.59634026e-18 1.40808814e-06 3.39725510e-07 3.39725510e-07 3.56292512e-03 3.56292512e-03 1.97027154e-19 1.17823026e-02 1.29575880e-02
1.24774775e-01 -2.06697975e+01 -2.06697975e+01 -2.50725143e-02 -6.80089441e-03 -6.80089403e-03 7.13254574e+01 7.13254574e+01 1.73372523e+02 2.83528472e+02 3.42991903e+02 5.34040115e-17 2.05657103e-18 1.53308858e-05 1.79560676e-15 3.11152056e-14 1.93004151e-33 1.19074396e-17 9.04451745e-17 7.39902226e-01 6.72714423e-01 1.28611702e-18 2.83620040e-18 1.40808814e-06 3.39725510e-07 3.39725510e-07 3.56292512e-03 3.56292512e-03 2.70817110e-18 1.17815660e-02 1.29582578e-02
1.24924925e-01 -2.06697975e+01 -2.06697975e+01 -2.50725142e-02 -6.80089435e-03 -6.80089409e-03 7.13254574e+01 7.13254574e+01 1.73372523e+02 2.83496091e+02 3.43031079e+02 3.94401508e-17 2.48462283e-17 1.53493345e-05 2.62876326e-15 3.11147329e-14 1.95933072e-33 1.22517001e-17 2.04703259e-16 7.39940467e-01 6.72672360e-01 1.60713503e-18 5.90100204e-19 1.40808814e-06 3.39725510e-07 3.39725510e-07 3.56292512e-03 3.56292512e-03 1.65892684e-18 1.17808293e-02 1.29589275e-02
1.25075075e-01 -2.06697975e+01 -2.06697975e+01 -2.50725141e-02 -6.80089427e-03 -6.80089405e-03 7.13254574e+01 7.13254574e+01 1.73372523e+02 2.83463715e+02 3.43070259e+02 6.09575823e-17 5.60969508e-17 1.53677832e-05 6.15322445e-15 6.04220447e-14 1.78004731e-33 1.01468788e-17 1.33336354e-17 7.39978705e-01 6.72630296e-01 2.09205384e-18 2.50786499e-18 1.40808814e-06 3.39725510e-07 3.39725510e-07 3.56292512e-03 3.56292512e-03 1.74986810e-18 1.17800926e-02 1.29595972e-02
1.25225225e-01 -2.06697975e+01 -2.06697975e+01 -2.50725140e-02 -6.80089439e-03 -6.80089428e-03 7.13254574e+01 7.13254574e+01 1.73372523e+02 2.83431343e+02 3.43109443e+02 3.42072550e-17 5.27230979e-17 1.53862319e-05 6.87068837e-28 4.03457580e-28 4.64001685e-45 1.30020421e-27 8.53481054e-18 7.40016940e-01 6.72588231e-01 1.71060837e-18 1.72260356e-18 1.40808814e-06 3.39725510e-07 3.39725510e-07 3.56292512e-03 3.56292512e-03 2.79911237e-18 1.17793559e-02 1.29602668e-02
1.25375375e-01 -2.06697975e+01 -2.06697975e+01 -2.50725143e-02 -6.80089435e-03 -6.80089408e-03 7.13254574e+01 7.13254574e+01 1.73372523e+02 2.83398974e+02 3.43148631e+02 1.03339118e-17 3.41600862e-17 1.54046806e-05 2.52904772e-15 3.12175029e-14 2.04717869e-33 1.32843133e-17 1.60778936e-16 7.40055172e-01 6.72546164e-01 1.09926174e-18 2.70771863e-18 1.40808814e-06 3.39725510e-07 3.39725510e-07 3.56292512e-03 3.56292512e-03 1.53769632e-18 1.17786192e-02 1.29609364e-02
1.25525526e-01 -2.06697975e+01 -2.06697975e+01 -2.50725141e-02 -6.80089445e-03 -6.80089406e-03 7.13254574e+01 7.13254574e+01 1.73372523e+02 2.83366610e+02 3.43187823e+02 1.24187652e-17 5.93092668e-17 1.54231294e-05 3.38718643e-15 6.08597000e-14 1.86714060e-33 1.11705498e-17 2.88776002e-17 7.40093400e-01 6.72504096e-01 1.17172429e-18 5.87539366e-19 1.40808814e-06 3.39725510e-07 3.39725510e-07 3.56292512e-03 3.56292512e-03 9.43158378e-19 1.17778824e-02 1.29616059e-02
1.25675676e-01 -2.06697975e+01 -2.06697975e+01 -2.50725141e-02 -6.80089436e-03 -6.80089406e-03 7.13254574e+01 7.13254574e+01 1.73372523e+02 2.83334250e+02 3.43227019e+02 2.56117842e-17 4.45051987e-17 1.54415781e-05 2.25990911e-15 3.13091998e-14 2.10572760e-33 1.39725817e-17 2.56401090e-16 7.40131625e-01 6.72462027e-01 6.64119186e-19 4.20704598e-18 1.40808814e-06 3.39725510e-07 3.39725510e-07 3.56292512e-03 3.56292512e-03 1.65892684e-18 1.17771456e-02 1.29622753e-02
1.25825826e-01 -2.06697975e+01 -2.06697975e+01 -2.50725141e-02 -6.80089441e-03 -6.80089406e-03 7.13254574e+01 7.13254574e+01 1.73372523e+02 2.83301894e+02 3.43266220e+02 3.31287839e-17 1.63194822e-17 1.54600268e-05 3.85090082e-15 6.10014446e-14 1.92518642e-33 1.18528566e-17 9.64460658e-17 7.40169847e-01 6.72419956e-01 6.96296030e-19 1.58261719e-19 1.40808814e-06 3.39725510e-07 3.39725510e-07 3.56292512e-03 3.56292512e-03 2.67788185e-18 1.17764088e-02 1.29629447e-02
1.25975976e-01 -2.06697975e+01 -2.06697975e+01 -2.50725143e-02 -6.80089441e-03 -6.80089405e-03 7.13254574e+01 7.13254574e+01 1.73372523e+02 2.83269541e+02 3.43305424e+02 1.92673132e-17 3.62617226e-17 1.54784755e-05 3.79040472e-15 6.10547496e-14 1.95420442e-33 1.21939679e-17 9.35917069e-17 7.40208065e-01 6.72377885e-01 2.77252583e-18 1.79711294e-18 1.40808814e-06 3.39725510e-07 3.39725510e-07 3.56292512e-03 3.56292512e-03 2.58694059e-18 1.17756720e-02 1.29636141e-02
1.26126126e-01 -2.06697975e+01 -2.06697975e+01 -2.50725142e-02 -6.80089368e-03 -6.80089294e-03 7.13254574e+01 7.13254574e+01 1.73372523e+02 2.83237193e+02 3.43344632e+02 2.84082769e-17 1.96854011e-17 1.54969242e-05 1.55201125e-15 3.15621626e-14 8.19426083e-30 1.50047741e-17 1.09143018e-16 7.40246281e-01 6.72335812e-01 1.37804630e-19 6.85174054e-19 1.40808814e-06 3.39725510e-07 3.39725510e-07 3.56292512e-03 3.56292512e-03 1.53769632e-18 1.17749352e-02 1.29642834e-02
1.26276276e-01 -2.06697975e+01 -2.06697975e+01 -2.50725139e-02 -6.80089430e-03 -6.80089407e-03 7.13254574e+01 7.13254574e+01 1.73372523e+02 2.83204849e+02 3.43383845e+02 3.82696487e-17 4.45159647e-17 1.55153730e-05 3.02773087e-15 3.14268550e-14 2.22278604e-33 1.53487821e-17 3.57125569e-16 7.40284493e-01 6.72293737e-01 2.34574422e-18 1.09697306e-18 1.40808814e-06 3.39725510e-07 3.39725510e-07 3.56292512e-03 3.56292512e-03 3.39365031e-18 1.17741983e-02 1.29649526e-02
1.26426426e-01 -2.06697975e+01 -2.06697975e+01 -2.50725140e-02 -6.80089426e-03 -6.80089409e-03 7.13254574e+01 7.13254574e+01 1.73372523e+02 2.83172509e+02 3.43423061e+02 1.00783964e-17 2.93644950e-17 1.55338217e-05 7.87525737e-15 6.09045276e-14 2.04123875e-33 1.32171332e-17 3.07985876e-17 7.40322702e-01 6.72251662e-01 1.24018112e-18 1.17462136e-18 1.40808814e-06 3.39725510e-07 3.39725510e-07 3.56292512e-03 3.56292512e-03 2.76882312e-18 1.17734614e-02 1.29656218e-02
1.26576577e-01 -2.06697975e+01 -2.06697975e+01 -2.50725141e-02 -6.80089436e-03 -6.80089403e-03 7.13254574e+01 7.13254574e+01 1.73372523e+02 2.83140173e+02 3.43462282e+02 1.32605161e-17 5.92350697e-17 1.55522704e-05 4.10919961e-15 6.13370491e-14 2.12376146e-33 1.35581322e-17 7.71726609e-17 7.40360908e-01 6.72209585e-01 1.41903381e-18 1.24843345e-18 1.40808814e-06 3.39725510e-07 3.39725510e-07 3.56292512e-03 3.56292512e-03 1.03409964e-18 1.17727245e-02 1.29662909e-02
1.26726727e-01 -2.06697975e+01 -2.06697975e+01 -2.50725140e-02 -6.80089435e-03 -6.80089412e-03 7.13254574e+01 7.13254574e+01 1.73372523e+02 2.83107842e+02 3.43501506e+02 5.27856736e-17 1.39686702e-18 1.55707191e-05 2.99521827e-15 3.15381068e-14 2.31054543e-33 1.63806380e-17 9.51120429e-17 7.40399110e-01 6.72167507e-01 3.11311758e-18 8.34399402e-19 1.40808814e-06 3.39725510e-07 3.39725510e-07 3.56292512e-03 3.56292512e-03 8.52217113e-19 1.17719876e-02 1.29669599e-02
1.26876877e-01 -2.06697975e+01 -2.06697975e+01 -2.50725142e-02 -6.80089426e-03 -6.80089405e-03 7.13254574e+01 7.13254574e+01 1.73372523e+02 2.83075514e+02 3.43540735e+02 2.57963639e-17 1.73466751e-17 1.55891678e-05 6.60196690e-15 6.12697526e-14 2.18448056e-33 1.42400459e-17 3.57203829e-17 7.40437309e-01 6.72125428e-01 2.21955507e-18 1.55717128e-18 1.40808814e-06 3.39725510e-07 3.39725510e-07 3.56292512e-03 3.56292512e-03 1.62863759e-18 1.17712506e-02 1.29676289e-02
1.27027027e-01 -2.06697975e+01 -2.06697975e+01 -2.50725143e-02 -6.80089435e-03 -6.80089409e-03 7.13254574e+01 7.13254574e+01 1.73372523e+02 2.83043190e+02 3.43579968e+02 3.23611343e-17 7.26105058e-18 1.56076165e-05 2.66746146e-15 3.16387444e-14 2.36903528e-33 1.70684019e-17 1.07595880e-16 7.40475505e-01 6.72083347e-01 6.28284576e-18 2.10538666e-18 1.40808814e-06 3.39725510e-07 3.39725510e-07 3.56292512e-03 3.56292512e-03 3.54524359e-18 1.17705136e-02 1.29682979e-02
1.27177177e-01 -2.06697975e+01 -2.06697975e+01 -2.50725141e-02 -6.80089436e-03 -6.80089409e-03 7.13254574e+01 7.13254574e+01 1.73372523e+02 2.83010870e+02 3.43619204e+02 1.44724222e-17 4.97906642e-17 1.56260653e-05 4.93706609e-15 6.15908851e-14 2.24518875e-33 1.49218475e-17 7.47425620e-17 7.40513698e-01 6.72041266e-01 1.46559145e-18 3.00987869e-18 1.40808814e-06 3.39725510e-07 3.39725510e-07 3.56292512e-03 3.56292512e-03 1.81052012e-18 1.17697766e-02 1.29689668e-02
1.27327327e-01 -2.06697975e+01 -2.06697975e+01 -2.50725142e-02 -6.80089426e-03 -6.80089406e-03 7.13254574e+01 7.13254574e+01 1.73372523e+02 2.82978554e+02 3.43658445e+02 4.28352911e-17 6.29733425e-18 1.56445140e-05 6.95255670e-15 6.14520312e-14 2.27553876e-33 1.52627062e-17 1.35630092e-16 7.40551887e-01 6.71999183e-01 1.00650635e-18 3.47749835e-19 1.40808814e-06 3.39725510e-07 3.39725510e-07 3.56292512e-03 3.56292512e-03 2.70817110e-18 1.17690396e-02 1.29696356e-02
1.27477477e-01 -2.06697975e+01 -2.06697975e+01 -2.50725141e-02 -6.80089430e-03 -6.80089411e-03 7.13254574e+01 7.13254574e+01 1.73372523e+02 2.82946243e+02 3.43697690e+02 3.63988346e-17 1.78296587e-17 1.56629627e-05 7.07785061e-15 6.15180799e-14 2.30588604e-33 1.56035369e-17 3.96884154e-17 7.40590074e-01 6.71957099e-01 3.45208371e-18 3.45493720e-18 1.40808814e-06 3.39725510e-07 3.39725510e-07 3.56292512e-03 3.56292512e-03 1.03409964e-18 1.17683026e-02 1.29703044e-02
1.27627628e-01 -2.06697975e+01 -2.06697975e+01 -2.50725141e-02 -6.80089431e-03 -6.80089405e-03 7.13254574e+01 7.13254574e+01 1.73372523e+02 2.82913935e+02 3.43736939e+02 3.26523891e-17 2.91230648e-17 1.56814114e-05 5.21974461e-15 6.17694077e-14 2.33623059e-33 1.59443396e-17 4.33783788e-17 7.40628257e-01 6.71915013e-01 6.07137643e-18 3.89893561e-19 1.40808814e-06 3.39725510e-07 3.39725510e-07 3.56292512e-03 3.56292512e-03 7.57966397e-20 1.17675655e-02 1.29709731e-02
1.27777778e-01 -2.06697975e+01 -2.06697975e+01 -2.50725145e-02 -6.80089439e-03 -6.80089428e-03 7.13254574e+01 7.13254574e+01 1.73372523e+02 2.82881632e+02 3.43776192e+02 3.21506733e-17 4.24627815e-17 1.56998601e-05 7.01973995e-28 4.12210123e-28 4.73459752e-45 1.32841063e-27 4.54426280e-17 7.40666437e-01 6.71872927e-01 4.41333878e-19 1.11053570e-18 1.40808814e-06 3.39725510e-07 3.39725510e-07 3.56292512e-03 3.56292512e-03 1.71957885e-18 1.17668284e-02 1.29716417e-02
1.27927928e-01 -2.06697975e+01 -2.06697975e+01 -2.50725143e-02 -6.80089436e-03 -6.80089406e-03 7.13254574e+01 7.13254574e+01 1.73372523e+02 2.82849332e+02 3.43815449e+02 5.63538986e-17 5.33216199e-17 1.57183089e-05 2.33255989e-15 3.18943053e-14 2.62010774e-33 1.91310218e-17 9.35378156e-17 7.40704613e-01 6.71830839e-01 9.51511992e-19 5.02052102e-18 1.40808814e-06 3.39725510e-07 3.39725510e-07 3.56292512e-03 3.56292512e-03 1.51446250e-20 1.17660913e-02 1.29723104e-02
1.28078078e-01 -2.06697975e+01 -2.06697975e+01 -2.50725142e-02 -6.80089439e-03 -6.80089428e-03 7.13254574e+01 7.13254574e+01 1.73372523e+02 2.82817037e+02 3.43854710e+02 5.14767779e-17 1.25430221e-16 1.57367576e-05 7.03731105e-28 4.13241925e-28 4.74572466e-45 1.33173577e-27 2.50049560e-17 7.40742787e-01 6.71788749e-01 7.15100879e-19 5.69384889e-19 1.40808814e-06 3.39725510e-07 3.39725510e-07 3.56292512e-03 3.56292512e-03 7.57966397e-20 1.17653542e-02 1.29729789e-02
1.28228228e-01 -2.06697975e+01 -2.06697975e+01 -2.50725139e-02 -6.80089516e-03 -6.80089423e-03 7.13254574e+01 7.13254574e+01 1.73372523e+02 2.82784745e+02 3.43893975e+02 6.85476034e-18 4.75778832e-17 1.57552063e-05 4.78570947e-17 3.21058605e-14 8.77166835e-30 1.98183383e-17 1.77947225e-16 7.40780957e-01 6.71746659e-01 4.28150393e-19 5.88079076e-18 1.40808814e-06 3.39725510e-07 3.39725510e-07 3.56292512e-03 3.56292512e-03 1.12504091e-18 1.17646170e-02 1.29736474e-02
1.28378378e-01 -2.06697975e+01 -2.06697975e+01 -2.50725141e-02 -6.80089663e-03 -6.80089110e-03 7.13254574e+01 7.13254574e+01 1.73372523e+02 2.82752458e+02 3.43933244e+02 9.23005522e-18 1.86825611e-17 1.57736550e-05 1.29269537e-16 3.22943993e-14 8.81414149e-30 2.01619542e-17 1.42200682e-17 7.40819124e-01 6.71704567e-01 1.24481093e-18 1.33425195e-18 1.40808814e-06 3.39725510e-07 3.39725510e-07 3.56292512e-03 3.56292512e-03 7.61275848e-19 1.17638799e-02 1.29743158e-02
1.28528529e-01 -2.06697975e+01 -2.06697975e+01 -2.50725142e-02 -6.80089436e-03 -6.80089405e-03 7.13254574e+01 7.13254574e+01 1.73372523e+02 2.82720174e+02 3.43972517e+02 7.49612619e-18 3.35598002e-17 1.57921037e-05 4.46878944e-15 6.22745178e-14 2.51824067e-33 1.79885673e-17 1.83732980e-17 7.40857287e-01 6.71662475e-01 3.28337366e-19 1.65711393e-18 1.40808814e-06 3.39725510e-07 3.39725510e-07 3.56292512e-03 3.56292512e-03 1.97027154e-19 1.17631427e-02 1.29749842e-02
1.28678679e-01 -2.06697975e+01 -2.06697975e+01 -2.50725143e-02 -6.80089429e-03 -6.80089407e-03 7.13254574e+01 7.13254574e+01 1.73372523e+02 2.82687895e+02 3.44011794e+02 2.35490776e-17 1.38646525e-17 1.58105525e-05 6.13970694e-15 6.22027169e-14 2.54856615e-33 1.83291739e-17 1.08642528e-16 7.40895447e-01 6.71620381e-01 9.00276193e-19 7.50509155e-19 1.40808814e-06 3.39725510e-07 3.39725510e-07 3.56292512e-03 3.56292512e-03 7.91565098e-19 1.17624055e-02 1.29756525e-02
1.28828829e-01 -2.06697975e+01 -2.06697975e+01 -2.50725141e-02 -6.80089426e-03 -6.80089406e-03 7.13254574e+01 7.13254574e+01 1.73372523e+02 2.82655620e+02 3.44051075e+02 3.45908876e-17 4.62041400e-18 1.58290012e-05 3.64727777e-15 3.19902334e-14 2.80365885e-33 2.11926352e-17 7.47580700e-17 7.40933605e-01 6.71578285e-01 1.22684613e-18 3.05670744e-18 1.40808814e-06 3.39725510e-07 3.39725510e-07 3.56292512e-03 3.56292512e-03 1.71957885e-18 1.17616682e-02 1.29763208e-02
1.28978979e-01 -2.06697975e+01 -2.06697975e+01 -2.50725142e-02 -6.80089436e-03 -6.80089406e-03 7.13254574e+01 7.13254574e+01 1.73372523e+02 2.82623349e+02 3.44090361e+02 2.52340186e-17 2.77242384e-17 1.58474499e-05 2.36056136e-15 3.21555202e-14 2.83424117e-33 2.15361396e-17 1.67554034e-16 7.40971759e-01 6.71536189e-01 3.34026470e-18 9.48044410e-19 1.40808814e-06 3.39725510e-07 3.39725510e-07 3.56292512e-03 3.56292512e-03 2.79911237e-18 1.17609310e-02 1.29769890e-02
1.29129129e-01 -2.06697975e+01 -2.06697975e+01 -2.50725140e-02 -6.80089426e-03 -6.80089408e-03 7.13254574e+01 7.13254574e+01 1.73372523e+02 2.82591082e+02 3.44129650e+02 2.79523828e-17 2.76005030e-17 1.58658986e-05 7.82458801e-15 6.22486361e-14 2.63952622e-33 1.93508260e-17 1.37628302e-16 7.41009909e-01 6.71494091e-01 1.23746988e-18 3.21801018e-18 1.40808814e-06 3.39725510e-07 3.39725510e-07 3.56292512e-03 3.56292512e-03 9.43158378e-19 1.17601937e-02 1.29776571e-02
1.29279279e-01 -2.06697975e+01 -2.06697975e+01 -2.50725140e-02 -6.80089429e-03 -6.80089408e-03 7.13254574e+01 7.13254574e+01 1.73372523e+02 2.82558819e+02 3.44168943e+02 1.53769016e-17 3.12317636e-17 1.58843473e-05 3.32256579e-15 3.21365661e-14 2.89539763e-33 2.22230647e-17 1.05121796e-17 7.41048057e-01 6.71451992e-01 2.67542755e-18 1.94008307e-18 1.40808814e-06 3.39725510e-07 3.39725510e-07 3.56292512e-03 3.56292512e-03 7.91565098e-19 1.17594564e-02 1.29783252e-02
1.29429429e-01 -2.06697975e+01 -2.06697975e+01 -2.50725141e-02 -6.80089430e-03 -6.80089408e-03 7.13254574e+01 7.13254574e+01 1.73372523e+02 2.82526559e+02 3.44208241e+02 1.77552499e-17 1.26925843e-17 1.59027961e-05 6.11066354e-15 6.25831416e-14 2.70015265e-33 2.00317876e-17 5.97244085e-17 7.41086201e-01 6.71409892e-01 2.41906307e-18 2.60439632e-18 1.40808814e-06 3.39725510e-07 3.39725510e-07 3.56292512e-03 3.56292512e-03 2.76882312e-18 1.17587191e-02 1.29789933e-02
1.29579580e-01 -2.06697975e+01 -2.06697975e+01 -2.50725140e-02 -6.80089431e-03 -6.80089402e-03 7.13254574e+01 7.13254574e+01 1.73372523e+02 2.82494304e+02 3.44247542e+02 6.19033067e-17 2.26348889e-17 1.59212448e-05 4.62516571e-15 6.27699617e-14 2.73046178e-33 2.03722264e-17 2.08876242e-16 7.41124342e-01 6.71367790e-01 2.77736957e-19 2.28685368e-18 1.40808814e-06 3.39725510e-07 3.39725510e-07 3.56292512e-03 3.56292512e-03 2.49599932e-18 1.17579817e-02 1.29796613e-02
1.29729730e-01 -2.06697975e+01 -2.06697975e+01 -2.50725142e-02 -6.80089516e-03 -6.80089441e-03 7.13254574e+01 7.13254574e+01 1.73372523e+02 2.82462053e+02 3.44286848e+02 5.99068651e-18 3.33415625e-17 1.59396935e-05 1.50282171e-15 6.30305866e-14 9.14207541e-30 2.07126375e-17 9.45893048e-17 7.41162479e-01 6.71325688e-01 6.52790058e-19 7.85748239e-20 1.40808814e-06 3.39725510e-07 3.39725510e-07 3.56292512e-03 3.56292512e-03 8.52217113e-19 1.17572444e-02 1.29803292e-02
1.29879880e-01 -2.06697975e+01 -2.06697975e+01 -2.50725142e-02 -6.80089431e-03 -6.80089405e-03 7.13254574e+01 7.13254574e+01 1.73372523e+02 2.82429807e+02 3.44326157e+02 1.30551313e-17 2.93877983e-17 1.59581422e-05 5.29175958e-15 6.28572164e-14 2.79107186e-33 2.10530203e-17 8.31751804e-17 7.41200614e-01 6.71283584e-01 1.54057802e-19 2.59711313e-18 1.40808814e-06 3.39725510e-07 3.39725510e-07 3.56292512e-03 3.56292512e-03 3.54524359e-18 1.17565070e-02 1.29809970e-02
1.30030030e-01 -2.06697975e+01 -2.06697975e+01 -2.50725142e-02 -6.80089439e-03 -6.80089428e-03 7.13254574e+01 7.13254574e+01 1.73372523e+02 2.82397564e+02 3.44365471e+02 3.63781063e-17 1.42300524e-16 1.59765909e-05 7.15170822e-28 4.19959506e-28 4.81805107e-45 1.35338421e-27 1.32938224e-16 7.41238745e-01 6.71241479e-01 1.08792335e-18 4.25860915e-19 1.40808814e-06 3.39725510e-07 3.39725510e-07 3.56292512e-03 3.56292512e-03 7.00623834e-19 1.17557696e-02 1.29816648e-02
1.30180180e-01 -2.06697975e+01 -2.06697975e+01 -2.50725140e-02 -6.80089426e-03 -6.80089408e-03 7.13254574e+01 7.13254574e+01 1.73372523e+02 2.82365325e+02 3.44404789e+02 6.02947480e-18 5.18016223e-18 1.59950397e-05 4.01240883e-15 3.23056379e-14 3.07880167e-33 2.42831705e-17 1.19085174e-17 7.41276873e-01 6.71199373e-01 1.99061127e-18 2.59115322e-18 1.40808814e-06 3.39725510e-07 3.39725510e-07 3.56292512e-03 3.56292512e-03 8.52217113e-19 1.17550322e-02 1.29823326e-02
1.30330330e-01 -2.06697975e+01 -2.06697975e+01 -2.50725139e-02 -6.80089436e-03 -6.80089405e-03 7.13254574e+01 7.13254574e+01 1.73372523e+02 2.82333090e+02 3.44444110e+02 1.70693543e-17 2.40407614e-17 1.60134884e-05 4.48590804e-15 6.31601154e-14 2.88196656e-33 2.20740017e-17 1.46580883e-16 7.41314997e-01 6.71157265e-01 3.82087932e-19 1.91830592e-18 1.40808814e-06 3.39725510e-07 3.39725510e-07 3.56292512e-03 3.56292512e-03 1.99240265e-18 1.17542947e-02 1.29830003e-02
1.30480480e-01 -2.06697975e+01 -2.06697975e+01 -2.50725142e-02 -6.80089439e-03 -6.80089409e-03 7.13254574e+01 7.13254574e+01 1.73372523e+02 2.82300859e+02 3.44483436e+02 2.09015470e-17 1.58048445e-17 1.60319371e-05 2.37927247e-15 3.25266174e-14 3.13991457e-33 2.49696493e-17 7.83006821e-17 7.41353119e-01 6.71115156e-01 1.67739239e-18 7.20906783e-18 1.40808814e-06 3.39725510e-07 3.39725510e-07 3.56292512e-03 3.56292512e-03 2.67788185e-18 1.17535572e-02 1.29836679e-02
1.30630631e-01 -2.06697975e+01 -2.06697975e+01 -2.50725144e-02 -6.80089436e-03 -6.80089407e-03 7.13254574e+01 7.13254574e+01 1.73372523e+02 2.82268633e+02 3.44522766e+02 2.38783292e-17 6.80600983e-17 1.60503858e-05 2.46559692e-15 3.25642024e-14 3.17046693e-33 2.53128470e-17 6.02952071e-17 7.41391237e-01 6.71073047e-01 1.04848176e-18 2.36866238e-18 1.40808814e-06 3.39725510e-07 3.39725510e-07 3.56292512e-03 3.56292512e-03 8.52217113e-19 1.17528197e-02 1.29843355e-02
1.30780781e-01 -2.06697975e+01 -2.06697975e+01 -2.50725139e-02 -6.80089436e-03 -6.80089405e-03 7.13254574e+01 7.13254574e+01 1.73372523e+02 2.82236410e+02 3.44562100e+02 5.49328650e-18 3.96856133e-17 1.60688345e-05 2.29014629e-15 3.26190318e-14 3.20101658e-33 2.56560168e-17 1.50424049e-16 7.41429352e-01 6.71030935e-01 2.45626712e-18 8.70388361e-19 1.40808814e-06 3.39725510e-07 3.39725510e-07 3.56292512e-03 3.56292512e-03 1.51446250e-20 1.17520822e-02 1.29850030e-02
1.30930931e-01 -2.06697975e+01 -2.06697975e+01 -2.50725141e-02 -6.80089436e-03 -6.80089406e-03 7.13254574e+01 7.13254574e+01 1.73372523e+02 2.82204191e+02 3.44601437e+02 2.00738154e-17 1.10358500e-17 1.60872832e-05 4.71563792e-15 6.34414691e-14 3.00312136e-33 2.34349193e-17 5.91424525e-17 7.41467463e-01 6.70988823e-01 1.97315464e-18 1.95678532e-18 1.40808814e-06 3.39725510e-07 3.39725510e-07 3.56292512e-03 3.56292512e-03 9.43158378e-19 1.17513447e-02 1.29856705e-02
1.31081081e-01 -2.06697975e+01 -2.06697975e+01 -2.50725139e-02 -6.80089479e-03 -6.80089220e-03 7.13254574e+01 7.13254574e+01 1.73372523e+02 2.82171977e+02 3.44640779e+02 2.70415233e-17 2.40070327e-17 1.61057320e-05 3.25242704e-14 1.90873623e-15 9.60768967e-30 2.63422727e-17 3.82451401e-17 7.41505572e-01 6.70946710e-01 8.33385505e-19 6.27476088e-18 1.40808814e-06 3.39725510e-07 3.39725510e-07 3.56292512e-03 3.56292512e-03 9.43158378e-19 1.17506071e-02 1.29863379e-02
1.31231231e-01 -2.06697975e+01 -2.06697975e+01 -2.50725141e-02 -6.80089426e-03 -6.80089408e-03 7.13254574e+01 7.13254574e+01 1.73372523e+02 2.82139766e+02 3.44680125e+02 1.50130767e-18 1.37384654e-17 1.61241807e-05 7.82896370e-15 6.32756709e-14 3.06368242e-33 2.41152108e-17 1.83380146e-16 7.41543677e-01 6.70904595e-01 3.59379725e-18 3.91788496e-19 1.40808814e-06 3.39725510e-07 3.39725510e-07 3.56292512e-03 3.56292512e-03 1.62863759e-18 1.17498696e-02 1.29870053e-02
1.31381381e-01 -2.06697975e+01 -2.06697975e+01 -2.50725140e-02 -6.80089429e-03 -6.80089408e-03 7.13254574e+01 7.13254574e+01 1.73372523e+02 2.82107560e+02 3.44719475e+02 4.21166840e-19 5.24825687e-17 1.61426294e-05 6.57677843e-15 6.34873735e-14 3.09395887e-33 2.44553147e-17 1.37721273e-16 7.41581778e-01 6.70862479e-01 1.34902968e-18 1.39475926e-18 1.40808814e-06 3.39725510e-07 3.39725510e-07 3.56292512e-03 3.56292512e-03 1.65892684e-18 1.17491320e-02 1.29876726e-02
1.31531532e-01 -2.06697975e+01 -2.06697975e+01 -2.50725141e-02 -6.80089436e-03 -6.80089406e-03 7.13254574e+01 7.13254574e+01 1.73372523e+02 2.82075357e+02 3.44758829e+02 8.54735870e-17 2.52927185e-17 1.61610781e-05 2.38007241e-15 3.27998113e-14 3.35372397e-33 2.73714480e-17 6.02176809e-17 7.41619877e-01 6.70820362e-01 3.14235477e-18 1.62898434e-18 1.40808814e-06 3.39725510e-07 3.39725510e-07 3.56292512e-03 3.56292512e-03 1.81052012e-18 1.17483944e-02 1.29883398e-02
1.31681682e-01 -2.06697975e+01 -2.06697975e+01 -2.50725141e-02 -6.80089439e-03 -6.80089408e-03 7.13254574e+01 7.13254574e+01 1.73372523e+02 2.82043159e+02 3.44798187e+02 2.81352263e-17 2.51797311e-17 1.61795268e-05 4.49100523e-15 6.38244231e-14 3.15450360e-33 2.51354389e-17 4.69987581e-17 7.41657972e-01 6.70778243e-01 3.84312640e-18 7.76431323e-19 1.40808814e-06 3.39725510e-07 3.39725510e-07 3.56292512e-03 3.56292512e-03 1.81052012e-18 1.17476567e-02 1.29890070e-02
1.31831832e-01 -2.06697975e+01 -2.06697975e+01 -2.50725142e-02 -6.80089431e-03 -6.80089406e-03 7.13254574e+01 7.13254574e+01 1.73372523e+02 2.82010965e+02 3.44837550e+02 3.76886519e-17 6.34757508e-17 1.61979756e-05 2.79726846e-15 3.28478190e-14 3.41478788e-33 2.80574258e-17 3.88958130e-16 7.41696064e-01 6.70736124e-01 1.75378859e-18 2.29814717e-18 1.40808814e-06 3.39725510e-07 3.39725510e-07 3.56292512e-03 3.56292512e-03 4.41260533e-18 1.17469191e-02 1.29896741e-02
1.31981982e-01 -2.06697975e+01 -2.06697975e+01 -2.50725143e-02 -6.80089430e-03 -6.80089407e-03 7.13254574e+01 7.13254574e+01 1.73372523e+02 2.81978774e+02 3.44876916e+02 2.36931415e-17 3.36723843e-18 1.62164243e-05 6.12728393e-15 6.38310433e-14 3.21503744e-33 2.58154516e-17 7.04316088e-17 7.41734153e-01 6.70694003e-01 3.40315283e-19 2.70734090e-18 1.40808814e-06 3.39725510e-07 3.39725510e-07 3.56292512e-03 3.56292512e-03 1.06438889e-18 1.17461814e-02 1.29903412e-02
1.32132132e-01 -2.06697975e+01 -2.06697975e+01 -2.50725140e-02 -6.80089431e-03 -6.80089407e-03 7.13254574e+01 7.13254574e+01 1.73372523e+02 2.81946588e+02 3.44916286e+02 4.47839433e-17 2.60292197e-18 1.62348730e-05 5.65034866e-15 6.39367211e-14 3.24530027e-33 2.61554162e-17 3.32103607e-17 7.41772239e-01 6.70651881e-01 1.21683389e-18 6.06441017e-19 1.40808814e-06 3.39725510e-07 3.39725510e-07 3.56292512e-03 3.56292512e-03 1.62863759e-18 1.17454437e-02 1.29910082e-02
1.32282282e-01 -2.06697975e+01 -2.06697975e+01 -2.50725142e-02 -6.80089435e-03 -6.80089406e-03 7.13254574e+01 7.13254574e+01 1.73372523e+02 2.81914406e+02 3.44955660e+02 1.31649279e-17 4.67938783e-18 1.62533217e-05 4.84036485e-15 6.40877580e-14 3.27556039e-33 2.64953530e-17 1.55298515e-16 7.41810321e-01 6.70609758e-01 6.45834551e-19 3.33923853e-18 1.40808814e-06 3.39725510e-07 3.39725510e-07 3.56292512e-03 3.56292512e-03 1.62863759e-18 1.17447060e-02 1.29916751e-02
1.32432432e-01 -2.06697975e+01 -2.06697975e+01 -2.50725140e-02 -6.80089436e-03 -6.80089403e-03 7.13254574e+01 7.13254574e+01 1.73372523e+02 2.81882228e+02 3.44995039e+02 3.85973389e-17 5.15068395e-17 1.62717704e-05 4.28939305e-15 6.41854495e-14 2.02747100e-33 1.19616504e-17 4.16086811e-17 7.41848400e-01 6.70567634e-01 2.64779288e-18 1.36760510e-18 1.40808814e-06 3.39725510e-07 3.39725510e-07 3.56292512e-03 3.56292512e-03 6.70334584e-19 1.17439682e-02 1.29923420e-02
1.32582583e-01 -2.06697975e+01 -2.06697975e+01 -2.50725142e-02 -6.80089430e-03 -6.80089408e-03 7.13254574e+01 7.13254574e+01 1.73372523e+02 2.81850054e+02 3.45034421e+02 5.59700032e-18 6.60194879e-18 1.62902192e-05 6.47645444e-15 6.40683955e-14 2.05759948e-33 1.23000527e-17 8.02918373e-17 7.41886476e-01 6.70525508e-01 1.59466886e-18 3.19040574e-18 1.40808814e-06 3.39725510e-07 3.39725510e-07 3.56292512e-03 3.56292512e-03 1.81052012e-18 1.17432304e-02 1.29930089e-02
1.32732733e-01 -2.06697975e+01 -2.06697975e+01 -2.50725142e-02 -6.80089436e-03 -6.80089406e-03 7.13254574e+01 7.13254574e+01 1.73372523e+02 2.81817883e+02 3.45073807e+02 4.45560050e-18 9.26658772e-18 1.63086679e-05 3.54173599e-15 4.86831088e-14 2.20352018e-33 1.39382732e-17 8.34500155e-17 7.41924548e-01 6.70483381e-01 2.67927505e-18 1.07632576e-18 1.40808814e-06 3.39725510e-07 3.39725510e-07 3.56292512e-03 3.56292512e-03 7.91565098e-19 1.17424927e-02 1.29936756e-02
1.32882883e-01 -2.06697975e+01 -2.06697975e+01 -2.50725143e-02 -6.80089426e-03 -6.80089410e-03 7.13254574e+01 7.13254574e+01 1.73372523e+02 2.81785717e+02 3.45113198e+02 2.00429149e-17 3.58691978e-17 1.63271166e-05 9.00993180e-15 6.38646249e-14 8.39121625e-34 1.90128432e-18 6.59042411e-18 7.41962617e-01 6.70441253e-01 4.20807969e-19 4.19471629e-19 1.40808814e-06 3.39725510e-07 3.39725510e-07 3.56292512e-03 3.56292512e-03 1.84080937e-18 1.17417549e-02 1.29943424e-02
1.33033033e-01 -2.06697975e+01 -2.06697975e+01 -2.50725140e-02 -6.80089436e-03 -6.80089405e-03 7.13254574e+01 7.13254574e+01 1.73372523e+02 2.81753555e+02 3.45152592e+02 4.34335588e-17 5.27337175e-17 1.63455653e-05 4.63180556e-15 6.44255939e-14 8.69114903e-34 1.56445446e-18 5.26130910e-17 7.42000683e-01 6.70399124e-01 1.42511933e-18 4.28505541e-19 1.40808814e-06 3.39725510e-07 3.39725510e-07 3.56292512e-03 3.56292512e-03 1.90146138e-18 1.17410170e-02 1.29950090e-02
1.33183183e-01 -2.06697975e+01 -2.06697975e+01 -2.50725138e-02 -6.80089439e-03 -6.80089428e-03 7.13254574e+01 7.13254574e+01 1.73372523e+02 2.81721397e+02 3.45191991e+02 1.42689911e-16 1.11934042e-17 1.63640140e-05 7.33719074e-28 4.30851330e-28 4.93488602e-45 1.38848479e-27 3.54626346e-17 7.42038746e-01 6.70356994e-01 1.20872511e-18 1.69830041e-18 1.40808814e-06 3.39725510e-07 3.39725510e-07 3.56292512e-03 3.56292512e-03 1.65892684e-18 1.17402792e-02 1.29956756e-02
1.33333333e-01 -2.06697975e+01 -2.06697975e+01 -2.50725144e-02 -6.80089426e-03 -6.80089406e-03 7.13254574e+01 7.13254574e+01 1.73372523e+02 2.81689244e+02 3.45231393e+02 4.19766602e-17 5.46858279e-17 1.63824628e-05 3.82491981e-15 3.30825020e-14 1.16173209e-33 1.72062736e-18 2.80446204e-16 7.42076805e-01 6.70314862e-01 1.26485114e-18 3.45886923e-18 1.40808814e-06 3.39725510e-07 3.39725510e-07 3.56292512e-03 3.56292512e-03 3.27241980e-18 1.17395413e-02 1.29963422e-02
1.33483483e-01 -2.06697975e+01 -2.06697975e+01 -2.50725139e-02 -6.80089436e-03 -6.80089404e-03 7.13254574e+01 7.13254574e+01 1.73372523e+02 2.81657094e+02 3.45270800e+02 2.77531819e-18 9.08291955e-17 1.64009115e-05 2.25279415e-15 3.32601785e-14 1.19197868e-33 2.06031881e-18 4.35825496e-17 7.42114861e-01 6.70272730e-01 2.20684605e-18 1.52957231e-18 1.40808814e-06 3.39725510e-07 3.39725510e-07 3.56292512e-03 3.56292512e-03 9.43158378e-19 1.17388034e-02 1.29970087e-02
1.33633634e-01 -2.06697975e+01 -2.06697975e+01 -2.50725138e-02 -6.80089429e-03 -6.80089409e-03 7.13254574e+01 7.13254574e+01 1.73372523e+02 2.81624948e+02 3.45310210e+02 6.31759439e-17 2.05054507e-17 1.64193602e-05 7.09266282e-15 6.45052284e-14 9.89057940e-34 2.17446972e-19 2.43410279e-16 7.42152914e-01 6.70230596e-01 1.54278277e-18 2.04727620e-18 1.40808814e-06 3.39725510e-07 3.39725510e-07 3.56292512e-03 3.56292512e-03 2.43534731e-18 1.17380655e-02 1.29976751e-02
1.33783784e-01 -2.06697975e+01 -2.06697975e+01 -2.50725142e-02 -6.80089436e-03 -6.80089407e-03 7.13254574e+01 7.13254574e+01 1.73372523e+02 2.81592806e+02 3.45349625e+02 1.54698264e-17 3.15343657e-17 1.64378089e-05 3.76644129e-15 4.90385026e-14 1.13574951e-33 1.42941765e-18 9.59551157e-17 7.42190964e-01 6.70188461e-01 1.26344313e-18 3.21878107e-18 1.40808814e-06 3.39725510e-07 3.39725510e-07 3.56292512e-03 3.56292512e-03 7.91565098e-19 1.17373276e-02 1.29983415e-02
1.33933934e-01 -2.06697975e+01 -2.06697975e+01 -2.50725143e-02 -6.80089435e-03 -6.80089408e-03 7.13254574e+01 7.13254574e+01 1.73372523e+02 2.81560668e+02 3.45389044e+02 1.29739240e-17 4.88501719e-17 1.64562576e-05 5.23564144e-15 6.48325670e-14 1.04901142e-33 4.55869724e-19 8.96499482e-17 7.42229010e-01 6.70146325e-01 1.15435317e-18 4.44512198e-18 1.40808814e-06 3.39725510e-07 3.39725510e-07 3.56292512e-03 3.56292512e-03 1.62863759e-18 1.17365896e-02 1.29990078e-02
1.34084084e-01 -2.06697975e+01 -2.06697975e+01 -2.50725143e-02 -6.80089430e-03 -6.80089409e-03 7.13254574e+01 7.13254574e+01 1.73372523e+02 2.81528535e+02 3.45428467e+02 2.12031316e-17 3.54493968e-17 1.64747064e-05 6.66052010e-15 6.47823098e-14 1.07898364e-33 7.92481332e-19 1.50977530e-16 7.42267053e-01 6.70104187e-01 1.01201235e-18 4.45729466e-19 1.40808814e-06 3.39725510e-07 3.39725510e-07 3.56292512e-03 3.56292512e-03 3.54524359e-18 1.17358517e-02 1.29996741e-02
1.34234234e-01 -2.06697975e+01 -2.06697975e+01 -2.50725142e-02 -6.80089430e-03 -6.80089409e-03 7.13254574e+01 7.13254574e+01 1.73372523e+02 2.81496405e+02 3.45467893e+02 2.16102460e-18 2.93464361e-17 1.64931551e-05 6.66558004e-15 6.48298033e-14 1.10895286e-33 1.12906177e-18 3.25748366e-17 7.42305093e-01 6.70062049e-01 2.44254499e-18 2.52264244e-18 1.40808814e-06 3.39725510e-07 3.39725510e-07 3.56292512e-03 3.56292512e-03 8.82506363e-19 1.17351137e-02 1.30003403e-02
1.34384384e-01 -2.06697975e+01 -2.06697975e+01 -2.50725141e-02 -6.80089426e-03 -6.80089404e-03 7.13254574e+01 7.13254574e+01 1.73372523e+02 2.81464279e+02 3.45507324e+02 3.62157544e-17 4.06685623e-17 1.65116038e-05 6.69708213e-15 6.49153376e-14 1.13891908e-33 1.46561108e-18 1.55242129e-16 7.42343129e-01 6.70019909e-01 1.52752867e-18 1.37634183e-18 1.40808814e-06 3.39725510e-07 3.39725510e-07 3.56292512e-03 3.56292512e-03 2.52628857e-18 1.17343756e-02 1.30010065e-02
1.34534535e-01 -2.06697975e+01 -2.06697975e+01 -2.50725143e-02 -6.80089430e-03 -6.80089407e-03 7.13254574e+01 7.13254574e+01 1.73372523e+02 2.81432158e+02 3.45546759e+02 3.71393900e-18 1.70314393e-17 1.65300525e-05 3.20365079e-15 3.34650285e-14 1.40362059e-33 4.43728774e-18 8.89085153e-17 7.42381162e-01 6.69977768e-01 2.77437159e-18 8.88529095e-19 1.40808814e-06 3.39725510e-07 3.39725510e-07 3.56292512e-03 3.56292512e-03 2.58694059e-18 1.17336376e-02 1.30016725e-02
1.34684685e-01 -2.06697975e+01 -2.06697975e+01 -2.50725142e-02 -6.80089430e-03 -6.80089410e-03 7.13254574e+01 7.13254574e+01 1.73372523e+02 2.81400040e+02 3.45586198e+02 1.87126054e-17 3.52998468e-17 1.65485012e-05 7.26829228e-15 6.49836191e-14 1.19884249e-33 2.13861625e-18 2.17726239e-17 7.42419192e-01 6.69935626e-01 3.18365562e-18 1.99019760e-18 1.40808814e-06 3.39725510e-07 3.39725510e-07 3.56292512e-03 3.56292512e-03 1.62863759e-18 1.17328996e-02 1.30023386e-02
1.34834835e-01 -2.06697975e+01 -2.06697975e+01 -2.50725139e-02 -6.80089426e-03 -6.80089406e-03 7.13254574e+01 7.13254574e+01 1.73372523e+02 2.81367927e+02 3.45625641e+02 2.53673936e-17 4.68201760e-18 1.65669500e-05 7.49438227e-15 6.50457894e-14 1.22879968e-33 2.47507214e-18 1.53290566e-17 7.42457219e-01 6.69893483e-01 6.26665405e-19 1.79610567e-18 1.40808814e-06 3.39725510e-07 3.39725510e-07 3.56292512e-03 3.56292512e-03 7.61275848e-19 1.17321615e-02 1.30030046e-02
1.34984985e-01 -2.06697975e+01 -2.06697975e+01 -2.50725140e-02 -6.80089436e-03 -6.80089407e-03 7.13254574e+01 7.13254574e+01 1.73372523e+02 2.81335817e+02 3.45665088e+02 3.13770135e-18 1.27339288e-16 1.65853987e-05 2.50790128e-15 3.36353718e-14 1.49427918e-33 5.45552226e-18 9.18006813e-18 7.42495242e-01 6.69851338e-01 9.60340919e-19 1.30462606e-18 1.40808814e-06 3.39725510e-07 3.39725510e-07 3.56292512e-03 3.56292512e-03 7.61275848e-19 1.17314234e-02 1.30036705e-02
1.35135135e-01 -2.06697975e+01 -2.06697975e+01 -2.50725142e-02 -6.80089431e-03 -6.80089401e-03 7.13254574e+01 7.13254574e+01 1.73372523e+02 2.81303712e+02 3.45704539e+02 2.32863802e-17 1.95327240e-17 1.66038474e-05 4.79757133e-15 6.54468178e-14 1.28870505e-33 3.14789055e-18 3.85740082e-17 7.42533262e-01 6.69809192e-01 1.94099999e-18 1.42755881e-18 1.40808814e-06 3.39725510e-07 3.39725510e-07 3.56292512e-03 3.56292512e-03 2.67788185e-18 1.17306853e-02 1.30043363e-02
1.35285285e-01 -2.06697975e+01 -2.06697975e+01 -2.50725142e-02 -6.80089430e-03 -6.80089410e-03 7.13254574e+01 7.13254574e+01 1.73372523e+02 2.81271610e+02 3.45743994e+02 8.27437897e-17 1.22987480e-16 1.66222961e-05 5.39617537e-15 4.94739354e-14 1.43667824e-33 4.80922151e-18 4.73774911e-17 7.42571279e-01 6.69767046e-01 1.64600639e-18 7.55933475e-19 1.40808814e-06 3.39725510e-07 3.39725510e-07 3.56292512e-03 3.56292512e-03 1.51446250e-20 1.17299471e-02 1.30050022e-02
1.35435435e-01 -2.06697975e+01 -2.06697975e+01 -2.50725141e-02 -6.80089436e-03 -6.80089406e-03 7.13254574e+01 7.13254574e+01 1.73372523e+02 2.81239513e+02 3.45783453e+02 1.38602548e-17 3.06165727e-17 1.66407448e-05 2.47499704e-15 3.37613845e-14 1.58491074e-33 6.47347715e-18 1.99807289e-16 7.42609292e-01 6.69724898e-01 3.90287535e-18 1.17606796e-18 1.40808814e-06 3.39725510e-07 3.39725510e-07 3.56292512e-03 3.56292512e-03 1.65892684e-18 1.17292090e-02 1.30056679e-02
1.35585586e-01 -2.06697975e+01 -2.06697975e+01 -2.50725141e-02 -6.80089439e-03 -6.80089407e-03 7.13254574e+01 7.13254574e+01 1.73372523e+02 2.81207420e+02 3.45822916e+02 1.30471502e-17 8.39393713e-18 1.66591935e-05 2.29090948e-15 3.37860842e-14 1.61511525e-33 6.81273332e-18 1.08154693e-16 7.42647303e-01 6.69682749e-01 1.36890992e-18 5.15927533e-19 1.40808814e-06 3.39725510e-07 3.39725510e-07 3.56292512e-03 3.56292512e-03 8.82506363e-19 1.17284708e-02 1.30063336e-02
1.35735736e-01 -2.06697975e+01 -2.06697975e+01 -2.50725142e-02 -6.80089426e-03 -6.80089409e-03 7.13254574e+01 7.13254574e+01 1.73372523e+02 2.81175330e+02 3.45862384e+02 3.27895658e-17 3.99052612e-17 1.66776423e-05 8.66911531e-15 6.53460977e-14 1.40847973e-33 4.49315404e-18 1.65390589e-16 7.42685309e-01 6.69640598e-01 5.65287953e-18 8.16293545e-19 1.40808814e-06 3.39725510e-07 3.39725510e-07 3.56292512e-03 3.56292512e-03 2.58694059e-18 1.17277326e-02 1.30069992e-02
1.35885886e-01 -2.06697975e+01 -2.06697975e+01 -2.50725140e-02 -6.80089436e-03 -6.80089404e-03 7.13254574e+01 7.13254574e+01 1.73372523e+02 2.81143245e+02 3.45901855e+02 4.82769233e-17 1.67912257e-17 1.66960910e-05 4.55122369e-15 6.58220877e-14 1.43841589e-33 4.82939216e-18 1.37727922e-16 7.42723313e-01 6.69598447e-01 4.52111489e-19 9.06815323e-19 1.40808814e-06 3.39725510e-07 3.39725510e-07 3.56292512e-03 3.56292512e-03 8.52217113e-19 1.17269944e-02 1.30076648e-02
1.36036036e-01 -2.06697975e+01 -2.06697975e+01 -2.50725140e-02 -6.80089436e-03 -6.80089406e-03 7.13254574e+01 7.13254574e+01 1.73372523e+02 2.81111164e+02 3.45941330e+02 1.42985451e-17 6.13063070e-17 1.67145397e-05 4.84238365e-15 6.58892562e-14 1.46834904e-33 5.16559922e-18 9.41976522e-17 7.42761313e-01 6.69556294e-01 6.74198073e-19 3.26907291e-18 1.40808814e-06 3.39725510e-07 3.39725510e-07 3.56292512e-03 3.56292512e-03 1.71957885e-18 1.17262561e-02 1.30083303e-02
1.36186186e-01 -2.06697975e+01 -2.06697975e+01 -2.50725142e-02 -6.80089435e-03 -6.80089405e-03 7.13254574e+01 7.13254574e+01 1.73372523e+02 2.81079087e+02 3.45980810e+02 1.44544171e-17 1.55641572e-17 1.67329884e-05 4.82818316e-15 6.59579967e-14 1.49827918e-33 5.50177517e-18 2.35709226e-16 7.42799310e-01 6.69514140e-01 2.40117947e-18 2.96959700e-19 1.40808814e-06 3.39725510e-07 3.39725510e-07 3.56292512e-03 3.56292512e-03 4.32166406e-18 1.17255179e-02 1.30089958e-02
1.36336336e-01 -2.06697975e+01 -2.06697975e+01 -2.50725144e-02 -6.80089430e-03 -6.80089408e-03 7.13254574e+01 7.13254574e+01 1.73372523e+02 2.81047014e+02 3.46020293e+02 3.10374741e-17 5.07749386e-17 1.67514371e-05 6.59907771e-15 6.58868406e-14 1.52820633e-33 5.83792007e-18 2.40321398e-16 7.42837304e-01 6.69471985e-01 5.15014855e-19 4.88301000e-18 1.40808814e-06 3.39725510e-07 3.39725510e-07 3.56292512e-03 3.56292512e-03 1.44675506e-18 1.17247796e-02 1.30096612e-02
1.36486486e-01 -2.06697975e+01 -2.06697975e+01 -2.50725142e-02 -6.80089436e-03 -6.80089404e-03 7.13254574e+01 7.13254574e+01 1.73372523e+02 2.81014945e+02 3.46059780e+02 2.34642861e-17 3.20876849e-17 1.67698859e-05 4.57164178e-15 6.61113035e-14 1.55813046e-33 6.17403388e-18 1.68826380e-16 7.42875295e-01 6.69429829e-01 1.55967193e-18 1.48629377e-19 1.40808814e-06 3.39725510e-07 3.39725510e-07 3.56292512e-03 3.56292512e-03 1.90146138e-18 1.17240413e-02 1.30103265e-02
1.36636637e-01 -2.06697975e+01 -2.06697975e+01 -2.50725144e-02 -6.80089439e-03 -6.80089411e-03 7.13254574e+01 7.13254574e+01 1.73372523e+02 2.80982880e+02 3.46099272e+02 8.87199422e-17 1.63777048e-17 1.67883346e-05 5.08846901e-15 6.61634015e-14 1.58805159e-33 6.51011664e-18 5.28660375e-17 7.42913282e-01 6.69387672e-01 3.86541330e-18 1.30720511e-18 1.40808814e-06 3.39725510e-07 3.39725510e-07 3.56292512e-03 3.56292512e-03 2.67788185e-18 1.17233030e-02 1.30109918e-02
1.36786787e-01 -2.06697975e+01 -2.06697975e+01 -2.50725140e-02 -6.80089431e-03 -6.80089407e-03 7.13254574e+01 7.13254574e+01 1.73372523e+02 2.80950819e+02 3.46138767e+02 3.99069098e-17 1.26393016e-17 1.68067833e-05 5.85382382e-15 6.61797865e-14 1.61796972e-33 6.84616834e-18 7.42787618e-17 7.42951266e-01 6.69345514e-01 3.99755442e-18 1.06370702e-18 1.40808814e-06 3.39725510e-07 3.39725510e-07 3.56292512e-03 3.56292512e-03 2.67788185e-18 1.17225646e-02 1.30116570e-02
1.36936937e-01 -2.06697975e+01 -2.06697975e+01 -2.50725141e-02 -6.80089436e-03 -6.80089404e-03 7.13254574e+01 7.13254574e+01 1.73372523e+02 2.80918762e+02 3.46178267e+02 2.98758852e-17 1.89261983e-17 1.68252320e-05 4.59926731e-15 6.63548422e-14 1.64788484e-33 7.18218899e-18 1.19112366e-16 7.42989246e-01 6.69303354e-01 3.79831716e-18 8.17065444e-19 1.40808814e-06 3.39725510e-07 3.39725510e-07 3.56292512e-03 3.56292512e-03 9.43158378e-19 1.17218263e-02 1.30123222e-02
1.37087087e-01 -2.06697975e+01 -2.06697975e+01 -2.50725140e-02 -6.80089420e-03 -6.80089410e-03 7.13254574e+01 7.13254574e+01 1.73372523e+02 2.80886709e+02 3.46217770e+02 3.55855131e-17 2.50780282e-19 1.68436807e-05 7.78355158e-15 3.33646037e-14 1.91699513e-33 1.02035884e-17 4.71644992e-17 7.43027224e-01 6.69261193e-01 3.40540614e-18 1.54274245e-18 1.40808814e-06 3.39725510e-07 3.39725510e-07 3.56292512e-03 3.56292512e-03 7.57966397e-20 1.17210879e-02 1.30129873e-02
1.37237237e-01 -2.06697975e+01 -2.06697975e+01 -2.50725144e-02 -6.80089426e-03 -6.80089408e-03 7.13254574e+01 7.13254574e+01 1.73372523e+02 2.80854660e+02 3.46257278e+02 2.91612121e-17 3.97423159e-18 1.68621295e-05 8.24374168e-15 6.61406225e-14 1.70770608e-33 7.85413715e-18 6.16364519e-17 7.43065197e-01 6.69219031e-01 1.06939783e-18 1.97359261e-18 1.40808814e-06 3.39725510e-07 3.39725510e-07 3.56292512e-03 3.56292512e-03 6.70334584e-19 1.17203495e-02 1.30136524e-02
1.37387387e-01 -2.06697975e+01 -2.06697975e+01 -2.50725141e-02 -6.80089436e-03 -6.80089407e-03 7.13254574e+01 7.13254574e+01 1.73372523e+02 2.80822615e+02 3.46296790e+02 7.67442104e-18 4.17957187e-17 1.68805782e-05 2.55336831e-15 3.42315956e-14 1.97733507e-33 1.08813874e-17 1.72144535e-16 7.43103168e-01 6.69176868e-01 1.45893142e-18 8.52872198e-19 1.40808814e-06 3.39725510e-07 3.39725510e-07 3.56292512e-03 3.56292512e-03 3.45430233e-18 1.17196111e-02 1.30143174e-02
1.37537538e-01 -2.06697975e+01 -2.06697975e+01 -2.50725139e-02 -6.80089436e-03 -6.80089403e-03 7.13254574e+01 7.13254574e+01 1.73372523e+02 2.80790574e+02 3.46336305e+02 9.64540306e-18 4.86294035e-17 1.68990269e-05 2.25412041e-15 3.42985009e-14 2.00750053e-33 1.12202404e-17 1.36027340e-16 7.43141136e-01 6.69134704e-01 2.18935092e-18 5.11357433e-18 1.40808814e-06 3.39725510e-07 3.39725510e-07 3.56292512e-03 3.56292512e-03 7.91565098e-19 1.17188726e-02 1.30149823e-02
1.37687688e-01 -2.06697975e+01 -2.06697975e+01 -2.50725141e-02 -6.80089436e-03 -6.80089406e-03 7.13254574e+01 7.13254574e+01 1.73372523e+02 2.80758537e+02 3.46375825e+02 7.04862350e-17 8.14434535e-18 1.69174756e-05 4.82045545e-15 6.66830709e-14 1.79741540e-33 8.86182663e-18 6.96170896e-19 7.43179100e-01 6.69092539e-01 3.91426272e-18 1.15269828e-18 1.40808814e-06 3.39725510e-07 3.39725510e-07 3.56292512e-03 3.56292512e-03 1.65892684e-18 1.17181342e-02 1.30156472e-02
1.37837838e-01 -2.06697975e+01 -2.06697975e+01 -2.50725142e-02 -6.80089368e-03 -6.80089312e-03 7.13254574e+01 7.13254574e+01 1.73372523e+02 2.80726505e+02 3.46415349e+02 3.88534653e-17 6.13485442e-17 1.69359243e-05 3.94673038e-15 6.67858043e-14 1.19478541e-29 9.19766082e-18 1.56119965e-17 7.43217060e-01 6.69050372e-01 8.90266026e-19 9.97920470e-19 1.40808814e-06 3.39725510e-07 3.39725510e-07 3.56292512e-03 3.56292512e-03 8.82506363e-19 1.17173957e-02 1.30163120e-02
1.37987988e-01 -2.06697975e+01 -2.06697975e+01 -2.50725142e-02 -6.80089436e-03 -6.80089407e-03 7.13254574e+01 7.13254574e+01 1.73372523e+02 2.80694476e+02 3.46454876e+02 1.98938012e-17 4.74792089e-18 1.69543731e-05 2.57219309e-15 3.43959352e-14 2.09797892e-33 1.22366136e-17 6.03896064e-17 7.43255018e-01 6.69008205e-01 4.77546651e-19 2.69998657e-18 1.40808814e-06 3.39725510e-07 3.39725510e-07 3.56292512e-03 3.56292512e-03 1.06438889e-18 1.17166572e-02 1.30169768e-02
1.38138138e-01 -2.06697975e+01 -2.06697975e+01 -2.50725142e-02 -6.80089439e-03 -6.80089428e-03 7.13254574e+01 7.13254574e+01 1.73372523e+02 2.80662451e+02 3.46494408e+02 5.10916188e-17 7.71263102e-17 1.69728218e-05 7.63042220e-28 4.48070341e-28 5.11848381e-45 1.44397571e-27 7.58152126e-17 7.43292972e-01 6.68966036e-01 1.52113307e-18 2.26111147e-19 1.40808814e-06 3.39725510e-07 3.39725510e-07 3.56292512e-03 3.56292512e-03 5.18902580e-18 1.17159187e-02 1.30176415e-02
1.38288288e-01 -2.06697975e+01 -2.06697975e+01 -2.50725145e-02 -6.80089436e-03 -6.80089405e-03 7.13254574e+01 7.13254574e+01 1.73372523e+02 2.80630431e+02 3.46533944e+02 2.61720916e-17 1.25090610e-17 1.69912705e-05 2.48068113e-15 3.44759722e-14 2.15828283e-33 1.29140409e-17 3.15537292e-17 7.43330923e-01 6.68923866e-01 6.40980486e-19 4.24334710e-19 1.40808814e-06 3.39725510e-07 3.39725510e-07 3.56292512e-03 3.56292512e-03 1.81052012e-18 1.17151801e-02 1.30183062e-02
1.38438438e-01 -2.06697975e+01 -2.06697975e+01 -2.50725144e-02 -6.80089426e-03 -6.80089405e-03 7.13254574e+01 7.13254574e+01 1.73372523e+02 2.80598414e+02 3.46573484e+02 3.95786549e-17 3.83908322e-17 1.70097192e-05 3.71323234e-15 3.43877272e-14 2.18843028e-33 1.32527081e-17 3.73793296e-16 7.43368871e-01 6.68881695e-01 8.40867849e-19 1.50053831e-18 1.40808814e-06 3.39725510e-07 3.39725510e-07 3.56292512e-03 3.56292512e-03 6.74186675e-18 1.17144416e-02 1.30189708e-02
1.38588589e-01 -2.06697975e+01 -2.06697975e+01 -2.50725141e-02 -6.80089436e-03 -6.80089406e-03 7.13254574e+01 7.13254574e+01 1.73372523e+02 2.80566402e+02 3.46613028e+02 8.70970482e-17 5.46737209e-17 1.70281679e-05 2.56330817e-15 3.45265492e-14 2.21857473e-33 1.35913444e-17 6.19897523e-17 7.43406815e-01 6.68839523e-01 6.37272389e-19 1.53266669e-18 1.40808814e-06 3.39725510e-07 3.39725510e-07 3.56292512e-03 3.56292512e-03 8.52217113e-19 1.17137030e-02 1.30196353e-02
1.38738739e-01 -2.06697975e+01 -2.06697975e+01 -2.50725141e-02 -6.80089436e-03 -6.80089406e-03 7.13254574e+01 7.13254574e+01 1.73372523e+02 2.80534393e+02 3.46652576e+02 2.68645906e-17 1.96711352e-17 1.70466167e-05 2.53004915e-15 3.45769635e-14 2.24871618e-33 1.39299498e-17 2.77910107e-17 7.43444756e-01 6.68797349e-01 3.73188256e-19 7.37734467e-19 1.40808814e-06 3.39725510e-07 3.39725510e-07 3.56292512e-03 3.56292512e-03 9.73447628e-19 1.17129644e-02 1.30202998e-02
1.38888889e-01 -2.06697975e+01 -2.06697975e+01 -2.50725139e-02 -6.80089435e-03 -6.80089407e-03 7.13254574e+01 7.13254574e+01 1.73372523e+02 2.80502389e+02 3.46692128e+02 2.38718771e-17 2.89023210e-18 1.70650654e-05 5.26776479e-15 6.72617231e-14 2.03650811e-33 1.15476343e-17 1.62659535e-17 7.43482694e-01 6.68755175e-01 4.14349099e-18 3.14111188e-19 1.40808814e-06 3.39725510e-07 3.39725510e-07 3.56292512e-03 3.56292512e-03 1.81052012e-18 1.17122258e-02 1.30209642e-02
1.39039039e-01 -2.06697975e+01 -2.06697975e+01 -2.50725142e-02 -6.80089436e-03 -6.80089402e-03 7.13254574e+01 7.13254574e+01 1.73372523e+02 2.80470388e+02 3.46731684e+02 6.12736513e-18 3.18635382e-17 1.70835141e-05 4.40853658e-15 6.73554175e-14 2.06638119e-33 1.18832208e-17 7.44308200e-17 7.43520628e-01 6.68712999e-01 1.44359758e-18 5.43384326e-18 1.40808814e-06 3.39725510e-07 3.39725510e-07 3.56292512e-03 3.56292512e-03 1.97027154e-19 1.17114871e-02 1.30216286e-02
1.39189189e-01 -2.06697975e+01 -2.06697975e+01 -2.50725144e-02 -6.80089436e-03 -6.80089405e-03 7.13254574e+01 7.13254574e+01 1.73372523e+02 2.80438392e+02 3.46771244e+02 3.08257739e-17 6.75539711e-18 1.71019628e-05 4.81959448e-15 6.74476530e-14 2.09625126e-33 1.22187763e-17 3.80677802e-17 7.43558559e-01 6.68670823e-01 2.84734655e-18 1.34139380e-18 1.40808814e-06 3.39725510e-07 3.39725510e-07 3.56292512e-03 3.56292512e-03 2.49599932e-18 1.17107485e-02 1.30222929e-02
1.39339339e-01 -2.06697975e+01 -2.06697975e+01 -2.50725141e-02 -6.80089590e-03 -6.80089368e-03 7.13254574e+01 7.13254574e+01 1.73372523e+02 2.80406399e+02 3.46810808e+02 5.50044286e-20 3.02842627e-17 1.71204115e-05 3.48333054e-14 1.98807300e-15 1.25875647e-29 1.52840616e-17 2.23163903e-16 7.43596487e-01 6.68628645e-01 8.18966532e-19 3.33446473e-19 1.40808814e-06 3.39725510e-07 3.39725510e-07 3.56292512e-03 3.56292512e-03 7.00623834e-19 1.17100098e-02 1.30229571e-02
1.39489489e-01 -2.06697975e+01 -2.06697975e+01 -2.50725142e-02 -6.80089436e-03 -6.80089404e-03 7.13254574e+01 7.13254574e+01 1.73372523e+02 2.80374411e+02 3.46850376e+02 3.35992419e-17 3.14292063e-17 1.71388602e-05 4.68600967e-15 6.75794631e-14 2.15598240e-33 1.28897945e-17 1.17685416e-16 7.43634411e-01 6.68586466e-01 2.79477236e-18 2.49976961e-18 1.40808814e-06 3.39725510e-07 3.39725510e-07 3.56292512e-03 3.56292512e-03 5.18902580e-18 1.17092711e-02 1.30236213e-02
1.39639640e-01 -2.06697975e+01 -2.06697975e+01 -2.50725142e-02 -6.80089436e-03 -6.80089411e-03 7.13254574e+01 7.13254574e+01 1.73372523e+02 2.80342427e+02 3.46889948e+02 4.08429515e-17 1.35889877e-18 1.71573090e-05 5.86314947e-15 6.75945944e-14 2.18584347e-33 1.32252572e-17 1.14672064e-16 7.43672332e-01 6.68544286e-01 1.14848049e-18 1.48929994e-18 1.40808814e-06 3.39725510e-07 3.39725510e-07 3.56292512e-03 3.56292512e-03 9.43158378e-19 1.17085324e-02 1.30242854e-02
1.39789790e-01 -2.06697975e+01 -2.06697975e+01 -2.50725143e-02 -6.80089436e-03 -6.80089404e-03 7.13254574e+01 7.13254574e+01 1.73372523e+02 2.80310447e+02 3.46929525e+02 2.51871209e-17 2.36447010e-17 1.71757577e-05 2.37850485e-15 3.48479949e-14 2.45962229e-33 1.62993217e-17 6.11490598e-17 7.43710250e-01 6.68502104e-01 2.28573669e-18 1.16453478e-19 1.40808814e-06 3.39725510e-07 3.39725510e-07 3.56292512e-03 3.56292512e-03 1.06438889e-18 1.17077936e-02 1.30249495e-02
1.39939940e-01 -2.06697975e+01 -2.06697975e+01 -2.50725146e-02 -6.80089436e-03 -6.80089409e-03 7.13254574e+01 7.13254574e+01 1.73372523e+02 2.80278470e+02 3.46969105e+02 3.45834263e-17 2.41689699e-17 1.71942064e-05 2.87722766e-15 3.48691063e-14 2.48973974e-33 1.66376799e-17 6.99078850e-18 7.43748165e-01 6.68459922e-01 7.76586703e-19 7.91446524e-19 1.40808814e-06 3.39725510e-07 3.39725510e-07 3.56292512e-03 3.56292512e-03 1.06085890e-19 1.17070549e-02 1.30256135e-02
1.40090090e-01 -2.06697975e+01 -2.06697975e+01 -2.50725142e-02 -6.80089436e-03 -6.80089406e-03 7.13254574e+01 7.13254574e+01 1.73372523e+02 2.80246498e+02 3.47008689e+02 8.18175077e-18 6.39664251e-18 1.72126551e-05 2.57456642e-15 3.49234708e-14 2.51985418e-33 1.69760071e-17 3.30019786e-17 7.43786076e-01 6.68417738e-01 1.56623541e-18 2.26008564e-18 1.40808814e-06 3.39725510e-07 3.39725510e-07 3.56292512e-03 3.56292512e-03 1.97027154e-19 1.17063161e-02 1.30262775e-02
1.40240240e-01 -2.06697975e+01 -2.06697975e+01 -2.50725141e-02 -6.80089436e-03 -6.80089404e-03 7.13254574e+01 7.13254574e+01 1.73372523e+02 2.80214530e+02 3.47048278e+02 1.59887531e-17 4.72197013e-17 1.72311038e-05 4.65943960e-15 6.79550703e-14 2.30525772e-33 1.45667986e-17 1.87092757e-16 7.43823984e-01 6.68375554e-01 2.00411156e-18 1.33762216e-18 1.40808814e-06 3.39725510e-07 3.39725510e-07 3.56292512e-03 3.56292512e-03 3.54524359e-18 1.17055773e-02 1.30269414e-02
1.40390390e-01 -2.06697975e+01 -2.06697975e+01 -2.50725143e-02 -6.80089691e-03 -6.80089368e-03 7.13254574e+01 7.13254574e+01 1.73372523e+02 2.80182566e+02 3.47087870e+02 9.04580763e-17 9.02875358e-18 1.72495526e-05 3.48295673e-14 1.10659065e-16 1.29919850e-29 1.76525693e-17 4.12717753e-17 7.43861888e-01 6.68333368e-01 4.43164899e-18 2.58418256e-18 1.40808814e-06 3.39725510e-07 3.39725510e-07 3.56292512e-03 3.56292512e-03 2.58694059e-18 1.17048385e-02 1.30276052e-02
1.40540541e-01 -2.06697975e+01 -2.06697975e+01 -2.50725144e-02 -6.80089430e-03 -6.80089408e-03 7.13254574e+01 7.13254574e+01 1.73372523e+02 2.80150606e+02 3.47127466e+02 1.67959971e-17 5.16729575e-17 1.72680013e-05 6.78611152e-15 6.79259379e-14 2.36494684e-33 1.52373837e-17 2.97408704e-17 7.43899790e-01 6.68291181e-01 3.32148104e-19 3.16574120e-18 1.40808814e-06 3.39725510e-07 3.39725510e-07 3.56292512e-03 3.56292512e-03 1.51446250e-20 1.17040996e-02 1.30282690e-02
1.40690691e-01 -2.06697975e+01 -2.06697975e+01 -2.50725140e-02 -6.80089436e-03 -6.80089406e-03 7.13254574e+01 7.13254574e+01 1.73372523e+02 2.80118650e+02 3.47167067e+02 3.76185141e-17 1.57093960e-17 1.72864500e-05 2.55583985e-15 3.50862704e-14 2.64028195e-33 1.83290073e-17 1.43176268e-16 7.43937688e-01 6.68248993e-01 3.93245893e-18 1.19332748e-18 1.40808814e-06 3.39725510e-07 3.39725510e-07 3.56292512e-03 3.56292512e-03 7.91565098e-19 1.17033608e-02 1.30289327e-02
1.40840841e-01 -2.06697975e+01 -2.06697975e+01 -2.50725142e-02 -6.80089489e-03 -6.80089367e-03 7.13254574e+01 7.13254574e+01 1.73372523e+02 2.80086698e+02 3.47206671e+02 8.63597180e-19 4.53427661e-17 1.73048987e-05 3.51549732e-14 9.08292402e-16 1.31685429e-29 1.86671807e-17 9.46504579e-17 7.43975582e-01 6.68206804e-01 1.03552585e-18 2.81921220e-18 1.40808814e-06 3.39725510e-07 3.39725510e-07 3.56292512e-03 3.56292512e-03 1.51446250e-20 1.17026219e-02 1.30295964e-02
1.40990991e-01 -2.06697975e+01 -2.06697975e+01 -2.50725142e-02 -6.80089431e-03 -6.80089403e-03 7.13254574e+01 7.13254574e+01 1.73372523e+02 2.80054750e+02 3.47246280e+02 3.08199778e-17 3.79405346e-17 1.73233474e-05 2.74459020e-15 3.51487716e-14 2.70047783e-33 1.90053222e-17 1.81801269e-16 7.44013474e-01 6.68164614e-01 2.17101325e-18 5.21149962e-19 1.40808814e-06 3.39725510e-07 3.39725510e-07 3.56292512e-03 3.56292512e-03 2.52628857e-18 1.17018830e-02 1.30302600e-02
1.41141141e-01 -2.06697975e+01 -2.06697975e+01 -2.50725144e-02 -6.80089430e-03 -6.80089407e-03 7.13254574e+01 7.13254574e+01 1.73372523e+02 2.80022806e+02 3.47285892e+02 3.19901437e-17 1.19733034e-17 1.73417962e-05 3.36697667e-15 3.51318857e-14 2.73057127e-33 1.93434335e-17 1.52720698e-16 7.44051362e-01 6.68122422e-01 3.52421081e-19 2.24236609e-18 1.40808814e-06 3.39725510e-07 3.39725510e-07 3.56292512e-03 3.56292512e-03 3.54524359e-18 1.17011441e-02 1.30309235e-02
1.41291291e-01 -2.06697975e+01 -2.06697975e+01 -2.50725140e-02 -6.80089426e-03 -6.80089405e-03 7.13254574e+01 7.13254574e+01 1.73372523e+02 2.79990866e+02 3.47325509e+02 3.18513640e-17 5.39320313e-18 1.73602449e-05 7.37076212e-15 6.82222314e-14 2.51411713e-33 1.69133057e-17 1.12742297e-16 7.44089246e-01 6.68080230e-01 4.33929335e-19 4.82464190e-19 1.40808814e-06 3.39725510e-07 3.39725510e-07 3.56292512e-03 3.56292512e-03 2.08334391e-18 1.17004051e-02 1.30315870e-02
1.41441441e-01 -2.06697975e+01 -2.06697975e+01 -2.50725142e-02 -6.80089257e-03 -6.80089220e-03 7.13254574e+01 7.13254574e+01 1.73372523e+02 2.79958930e+02 3.47365129e+02 1.25371057e-18 2.34640701e-17 1.73786936e-05 5.20197182e-14 1.84245668e-15 1.33624169e-29 1.86339809e-17 1.39225084e-18 7.44127128e-01 6.68038036e-01 2.80475294e-18 2.23079478e-18 1.40808814e-06 3.39725510e-07 3.39725510e-07 3.56292512e-03 3.56292512e-03 7.61275848e-19 1.16996662e-02 1.30322505e-02
1.41591592e-01 -2.06697975e+01 -2.06697975e+01 -2.50725144e-02 -6.80089369e-03 -6.80089357e-03 7.13254574e+01 7.13254574e+01 1.73372523e+02 2.79926998e+02 3.47404754e+02 2.98963611e-17 4.35416113e-17 1.73971423e-05 1.07600923e-14 3.37235202e-14 1.34671853e-29 2.03575823e-17 1.46731069e-16 7.44165006e-01 6.67995841e-01 7.23657964e-19 9.68051204e-19 1.40808814e-06 3.39725510e-07 3.39725510e-07 3.56292512e-03 3.56292512e-03 1.81052012e-18 1.16989272e-02 1.30329138e-02
1.41741742e-01 -2.06697975e+01 -2.06697975e+01 -2.50725145e-02 -6.80089431e-03 -6.80089406e-03 7.13254574e+01 7.13254574e+01 1.73372523e+02 2.79895071e+02 3.47444383e+02 4.36475147e-17 6.87836795e-17 1.74155910e-05 3.01929311e-15 3.52896147e-14 2.85091506e-33 2.06955700e-17 2.33710426e-17 7.44202880e-01 6.67953645e-01 3.66879596e-19 2.85130028e-18 1.40808814e-06 3.39725510e-07 3.39725510e-07 3.56292512e-03 3.56292512e-03 1.97027154e-19 1.16981882e-02 1.30335772e-02
1.41891892e-01 -2.06697975e+01 -2.06697975e+01 -2.50725142e-02 -6.80089431e-03 -6.80089406e-03 7.13254574e+01 7.13254574e+01 1.73372523e+02 2.79863147e+02 3.47484015e+02 5.20735313e-18 9.06648316e-18 1.74340398e-05 6.06194977e-15 6.86619055e-14 2.63339934e-33 1.82534873e-17 4.99663520e-17 7.44240752e-01 6.67911449e-01 1.96686995e-18 1.98706359e-18 1.40808814e-06 3.39725510e-07 3.39725510e-07 3.56292512e-03 3.56292512e-03 1.71957885e-18 1.16974492e-02 1.30342404e-02
1.42042042e-01 -2.06697975e+01 -2.06697975e+01 -2.50725143e-02 -6.80089439e-03 -6.80089428e-03 7.13254574e+01 7.13254574e+01 1.73372523e+02 2.79831227e+02 3.47523652e+02 2.03151803e-16 1.64513439e-18 1.74524885e-05 7.86301250e-28 4.61728407e-28 5.26313661e-45 1.48799093e-27 1.21301044e-17 7.44278620e-01 6.67869250e-01 3.09583380e-18 2.01059956e-18 1.40808814e-06 3.39725510e-07 3.39725510e-07 3.56292512e-03 3.56292512e-03 2.49599932e-18 1.16967101e-02 1.30349036e-02
1.42192192e-01 -2.06697975e+01 -2.06697975e+01 -2.50725142e-02 -6.80089436e-03 -6.80089401e-03 7.13254574e+01 7.13254574e+01 1.73372523e+02 2.79799311e+02 3.47563293e+02 2.00205968e-17 5.12077314e-18 1.74709372e-05 2.24445846e-15 3.54581562e-14 2.94114141e-33 2.17093488e-17 1.63936301e-16 7.44316485e-01 6.67827051e-01 4.99867875e-19 1.43743911e-18 1.40808814e-06 3.39725510e-07 3.39725510e-07 3.56292512e-03 3.56292512e-03 3.45430233e-18 1.16959711e-02 1.30355668e-02
1.42342342e-01 -2.06697975e+01 -2.06697975e+01 -2.50725142e-02 -6.80089590e-03 -6.80089451e-03 7.13254574e+01 7.13254574e+01 1.73372523e+02 2.79767400e+02 3.47602938e+02 3.30273613e-18 5.13075560e-18 1.74893859e-05 1.71421146e-14 6.69655936e-14 1.36797258e-29 1.92582993e-17 2.19681054e-16 7.44354346e-01 6.67784851e-01 7.24894042e-18 4.24023110e-19 1.40808814e-06 3.39725510e-07 3.39725510e-07 3.56292512e-03 3.56292512e-03 1.62863759e-18 1.16952320e-02 1.30362298e-02
1.42492492e-01 -2.06697975e+01 -2.06697975e+01 -2.50725142e-02 -6.80089436e-03 -6.80089403e-03 7.13254574e+01 7.13254574e+01 1.73372523e+02 2.79735492e+02 3.47642587e+02 2.72107166e-17 1.46139884e-18 1.75078346e-05 2.39475436e-15 3.55442213e-14 3.00127731e-33 2.23850474e-17 7.56662164e-17 7.44392204e-01 6.67742650e-01 1.66352912e-18 1.33696664e-18 1.40808814e-06 3.39725510e-07 3.39725510e-07 3.56292512e-03 3.56292512e-03 2.61722984e-18 1.16944929e-02 1.30368929e-02
1.42642643e-01 -2.06697975e+01 -2.06697975e+01 -2.50725144e-02 -6.80089436e-03 -6.80089404e-03 7.13254574e+01 7.13254574e+01 1.73372523e+02 2.79703588e+02 3.47682239e+02 2.57358521e-17 1.05872267e-17 1.75262834e-05 2.41710216e-15 3.55568352e-14 3.03134077e-33 2.27228505e-17 1.18743403e-16 7.44430059e-01 6.67700447e-01 1.46031209e-18 5.39088176e-19 1.40808814e-06 3.39725510e-07 3.39725510e-07 3.56292512e-03 3.56292512e-03 2.67788185e-18 1.16937538e-02 1.30375558e-02
1.42792793e-01 -2.06697975e+01 -2.06697975e+01 -2.50725140e-02 -6.80089436e-03 -6.80089407e-03 7.13254574e+01 7.13254574e+01 1.73372523e+02 2.79671689e+02 3.47721896e+02 5.01128437e-18 3.64486602e-17 1.75447321e-05 5.25488698e-15 6.91755265e-14 2.81223268e-33 2.02628342e-17 9.10303992e-17 7.44467910e-01 6.67658244e-01 2.21677755e-18 3.67640693e-19 1.40808814e-06 3.39725510e-07 3.39725510e-07 3.56292512e-03 3.56292512e-03 1.81052012e-18 1.16930147e-02 1.30382188e-02
1.42942943e-01 -2.06697975e+01 -2.06697975e+01 -2.50725142e-02 -6.80089436e-03 -6.80089405e-03 7.13254574e+01 7.13254574e+01 1.73372523e+02 2.79639793e+02 3.47761557e+02 4.80157492e-17 2.28246203e-17 1.75631808e-05 4.98753990e-15 6.92629714e-14 2.84202774e-33 2.05976174e-17 2.78029927e-17 7.44505758e-01 6.67616039e-01 1.28586459e-18 1.38964634e-18 1.40808814e-06 3.39725510e-07 3.39725510e-07 3.56292512e-03 3.56292512e-03 1.06438889e-18 1.16922755e-02 1.30388816e-02
1.43093093e-01 -2.06697975e+01 -2.06697975e+01 -2.50725142e-02 -6.80089426e-03 -6.80089407e-03 7.13254574e+01 7.13254574e+01 1.73372523e+02 2.79607902e+02 3.47801222e+02 2.13785082e-17 3.01844425e-17 1.75816295e-05 8.40664347e-15 6.90029753e-14 2.87181980e-33 2.09323698e-17 7.81940702e-17 7.44543603e-01 6.67573833e-01 9.48962743e-19 2.91926690e-18 1.40808814e-06 3.39725510e-07 3.39725510e-07 3.56292512e-03 3.56292512e-03 2.58694059e-18 1.16915364e-02 1.30395444e-02
1.43243243e-01 -2.06697975e+01 -2.06697975e+01 -2.50725142e-02 -6.80089430e-03 -6.80089409e-03 7.13254574e+01 7.13254574e+01 1.73372523e+02 2.79576014e+02 3.47840891e+02 3.23734903e-18 4.72286067e-17 1.76000782e-05 7.08187802e-15 6.92292088e-14 2.90160886e-33 2.12670914e-17 6.88988338e-17 7.44581445e-01 6.67531626e-01 6.90311477e-19 2.78331708e-18 1.40808814e-06 3.39725510e-07 3.39725510e-07 3.56292512e-03 3.56292512e-03 1.97027154e-19 1.16907972e-02 1.30402071e-02
1.43393393e-01 -2.06697975e+01 -2.06697975e+01 -2.50725142e-02 -6.80089436e-03 -6.80089405e-03 7.13254574e+01 7.13254574e+01 1.73372523e+02 2.79544131e+02 3.47880564e+02 2.42554528e-18 3.35918324e-17 1.76185270e-05 2.57463524e-15 3.57517557e-14 3.18161309e-33 2.44114045e-17 1.89109432e-16 7.44619283e-01 6.67489418e-01 4.89254192e-18 4.60745823e-18 1.40808814e-06 3.39725510e-07 3.39725510e-07 3.56292512e-03 3.56292512e-03 7.57966397e-20 1.16900580e-02 1.30408698e-02
1.43543544e-01 -2.06697975e+01 -2.06697975e+01 -2.50725140e-02 -6.80089439e-03 -6.80089410e-03 7.13254574e+01 7.13254574e+01 1.73372523e+02 2.79512251e+02 3.47920241e+02 5.93369654e-18 2.32632627e-17 1.76369757e-05 5.26104799e-15 6.95528908e-14 2.96117798e-33 2.19364421e-17 1.34148161e-16 7.44657118e-01 6.67447209e-01 8.02547628e-19 1.87638777e-18 1.40808814e-06 3.39725510e-07 3.39725510e-07 3.56292512e-03 3.56292512e-03 1.65892684e-18 1.16893187e-02 1.30415324e-02
1.43693694e-01 -2.06697975e+01 -2.06697975e+01 -2.50725139e-02 -6.80089436e-03 -6.80089409e-03 7.13254574e+01 7.13254574e+01 1.73372523e+02 2.79480376e+02 3.47959923e+02 4.97018356e-18 2.74262236e-17 1.76554244e-05 2.94036270e-15 3.58021080e-14 3.24170103e-33 2.50866107e-17 1.59335774e-17 7.44694949e-01 6.67404999e-01 3.79504197e-18 1.94451909e-18 1.40808814e-06 3.39725510e-07 3.39725510e-07 3.56292512e-03 3.56292512e-03 9.43158378e-19 1.16885795e-02 1.30421950e-02
1.43843844e-01 -2.06697975e+01 -2.06697975e+01 -2.50725142e-02 -6.80089429e-03 -6.80089407e-03 7.13254574e+01 7.13254574e+01 1.73372523e+02 2.79448505e+02 3.47999608e+02 2.26530750e-17 1.43181720e-18 1.76738731e-05 6.93388399e-15 6.95459395e-14 3.02073511e-33 2.26056697e-17 8.84814537e-17 7.44732777e-01 6.67362788e-01 5.63131436e-19 1.94767389e-18 1.40808814e-06 3.39725510e-07 3.39725510e-07 3.56292512e-03 3.56292512e-03 8.52217113e-19 1.16878402e-02 1.30428575e-02
1.43993994e-01 -2.06697975e+01 -2.06697975e+01 -2.50725139e-02 -6.80089431e-03 -6.80089401e-03 7.13254574e+01 7.13254574e+01 1.73372523e+02 2.79416637e+02 3.48039297e+02 3.77670855e-20 8.25542990e-17 1.76923218e-05 2.62288425e-15 3.59004353e-14 3.30177699e-33 2.57616941e-17 1.46135931e-16 7.44770602e-01 6.67320575e-01 3.99483594e-18 2.76195391e-18 1.40808814e-06 3.39725510e-07 3.39725510e-07 3.56292512e-03 3.56292512e-03 2.67788185e-18 1.16871009e-02 1.30435199e-02
1.44144144e-01 -2.06697975e+01 -2.06697975e+01 -2.50725142e-02 -6.80089426e-03 -6.80089408e-03 7.13254574e+01 7.13254574e+01 1.73372523e+02 2.79384774e+02 3.48078990e+02 1.07320251e-17 2.95613464e-17 1.77107705e-05 8.70825192e-15 6.94766348e-14 3.08028025e-33 2.32747741e-17 1.32111902e-16 7.44808423e-01 6.67278362e-01 6.81012304e-19 1.34133157e-18 1.40808814e-06 3.39725510e-07 3.39725510e-07 3.56292512e-03 3.56292512e-03 1.06085890e-19 1.16863616e-02 1.30441823e-02
1.44294294e-01 -2.06697975e+01 -2.06697975e+01 -2.50725141e-02 -6.80089426e-03 -6.80089408e-03 7.13254574e+01 7.13254574e+01 1.73372523e+02 2.79352915e+02 3.48118687e+02 1.59150461e-17 6.41271044e-17 1.77292193e-05 8.96867044e-15 6.95089532e-14 3.11004832e-33 2.36092801e-17 6.62669269e-17 7.44846241e-01 6.67236147e-01 4.55418264e-18 4.22144049e-19 1.40808814e-06 3.39725510e-07 3.39725510e-07 3.56292512e-03 3.56292512e-03 9.43158378e-19 1.16856223e-02 1.30448446e-02
1.44444444e-01 -2.06697975e+01 -2.06697975e+01 -2.50725139e-02 -6.80089439e-03 -6.80089408e-03 7.13254574e+01 7.13254574e+01 1.73372523e+02 2.79321060e+02 3.48158388e+02 4.21273839e-17 2.78425900e-17 1.77476680e-05 1.51800833e-15 2.19635781e-14 3.49627305e-33 2.79464510e-17 1.09778742e-17 7.44884056e-01 6.67193932e-01 4.54374176e-18 2.09465383e-18 1.40808814e-06 3.39725510e-07 3.39725510e-07 3.56292512e-03 3.56292512e-03 4.32166406e-18 1.16848830e-02 1.30455069e-02
1.44594595e-01 -2.06697975e+01 -2.06697975e+01 -2.50725140e-02 -6.80089516e-03 -6.80089469e-03 7.13254574e+01 7.13254574e+01 1.73372523e+02 2.79289208e+02 3.48198094e+02 1.13230151e-16 1.40206321e-17 1.77661167e-05 2.18746554e-15 1.15909782e-14 1.48566765e-29 3.11183723e-17 1.39170505e-16 7.44921868e-01 6.67151715e-01 4.43143308e-18 6.31912186e-19 1.40808814e-06 3.39725510e-07 3.39725510e-07 3.56292512e-03 3.56292512e-03 1.62863759e-18 1.16841436e-02 1.30461691e-02
1.44744745e-01 -2.06697975e+01 -2.06697975e+01 -2.50725142e-02 -6.80089436e-03 -6.80089404e-03 7.13254574e+01 7.13254574e+01 1.73372523e+02 2.79257361e+02 3.48237803e+02 1.45094753e-17 5.29289781e-17 1.77845654e-05 8.30873508e-16 1.20544414e-14 3.80911622e-33 3.14599295e-17 5.01646906e-17 7.44959676e-01 6.67109497e-01 1.31899508e-18 5.54236366e-19 1.40808814e-06 3.39725510e-07 3.39725510e-07 3.56292512e-03 3.56292512e-03 5.09808454e-18 1.16834042e-02 1.30468313e-02
1.44894895e-01 -2.06697975e+01 -2.06697975e+01 -2.50725145e-02 -6.80089571e-03 -6.80089220e-03 7.13254574e+01 7.13254574e+01 1.73372523e+02 2.79225518e+02 3.48277516e+02 1.81399106e-17 2.23533559e-17 1.78030141e-05 1.20643759e-14 1.64619274e-16 1.49880951e-29 3.18014562e-17 5.87802286e-18 7.44997480e-01 6.67067278e-01 1.25761624e-18 8.85744597e-19 1.40808814e-06 3.39725510e-07 3.39725510e-07 3.56292512e-03 3.56292512e-03 1.71957885e-18 1.16826648e-02 1.30474934e-02
1.45045045e-01 -2.06697975e+01 -2.06697975e+01 -2.50725144e-02 -6.80089435e-03 -6.80089407e-03 7.13254574e+01 7.13254574e+01 1.73372523e+02 2.79193679e+02 3.48317234e+02 3.14832667e-17 2.27453513e-17 1.78214629e-05 9.46434681e-16 1.21051163e-14 2.58044613e-33 1.71392179e-17 2.27872540e-16 7.45035282e-01 6.67025058e-01 3.66791148e-19 1.08925824e-18 1.40808814e-06 3.39725510e-07 3.39725510e-07 3.56292512e-03 3.56292512e-03 3.36336106e-18 1.16819254e-02 1.30481554e-02
1.45195195e-01 -2.06697975e+01 -2.06697975e+01 -2.50725141e-02 -6.80089426e-03 -6.80089408e-03 7.13254574e+01 7.13254574e+01 1.73372523e+02 2.79161844e+02 3.48356955e+02 5.57063343e-18 2.23923448e-17 1.78399116e-05 2.79511118e-15 2.19308227e-14 2.35732428e-33 1.46339340e-17 9.92914318e-17 7.45073080e-01 6.66982837e-01 7.10969848e-18 1.63666793e-18 1.40808814e-06 3.39725510e-07 3.39725510e-07 3.56292512e-03 3.56292512e-03 2.40505806e-18 1.16811860e-02 1.30488174e-02
1.45345345e-01 -2.06697975e+01 -2.06697975e+01 -2.50725141e-02 -6.80089436e-03 -6.80089404e-03 7.13254574e+01 7.13254574e+01 1.73372523e+02 2.79130013e+02 3.48396681e+02 3.72752915e-17 2.10875797e-17 1.78583603e-05 1.50449782e-15 2.20729720e-14 2.38730412e-33 1.49707868e-17 1.42958909e-16 7.45110875e-01 6.66940615e-01 8.52733890e-19 3.15044377e-18 1.40808814e-06 3.39725510e-07 3.39725510e-07 3.56292512e-03 3.56292512e-03 9.73447628e-19 1.16804465e-02 1.30494793e-02
1.45495495e-01 -2.06697975e+01 -2.06697975e+01 -2.50725142e-02 -6.80089436e-03 -6.80089406e-03 7.13254574e+01 7.13254574e+01 1.73372523e+02 2.79098186e+02 3.48436410e+02 3.25834851e-17 4.53212924e-17 1.78768090e-05 1.62904937e-15 2.20774164e-14 1.12741876e-33 2.99004565e-19 2.11186440e-16 7.45148666e-01 6.66898392e-01 1.71427887e-18 3.52211960e-19 1.40808814e-06 3.39725510e-07 3.39725510e-07 3.56292512e-03 3.56292512e-03 2.43534731e-18 1.16797070e-02 1.30501412e-02
1.45645646e-01 -2.06697975e+01 -2.06697975e+01 -2.50725141e-02 -6.80089431e-03 -6.80089407e-03 7.13254574e+01 7.13254574e+01 1.73372523e+02 2.79066363e+02 3.48476144e+02 2.19050998e-17 2.13241249e-17 1.78952577e-05 1.08462948e-15 1.21334954e-14 1.41140840e-33 3.48817250e-18 4.68064292e-17 7.45186454e-01 6.66856168e-01 2.04556849e-18 1.32389785e-18 1.40808814e-06 3.39725510e-07 3.39725510e-07 3.56292512e-03 3.56292512e-03 3.45430233e-18 1.16789676e-02 1.30508030e-02
1.45795796e-01 -2.06697975e+01 -2.06697975e+01 -2.50725141e-02 -6.80089516e-03 -6.80089367e-03 7.13254574e+01 7.13254574e+01 1.73372523e+02 2.79034544e+02 3.48515881e+02 8.03908561e-17 5.09009660e-17 1.79137065e-05 2.16749506e-15 2.20180095e-14 1.55097102e-29 9.69294592e-19 3.17691906e-17 7.45224239e-01 6.66813942e-01 8.94046985e-19 2.13387437e-18 1.40808814e-06 3.39725510e-07 3.39725510e-07 3.56292512e-03 3.56292512e-03 1.51446250e-20 1.16782280e-02 1.30514647e-02
1.45945946e-01 -2.06697975e+01 -2.06697975e+01 -2.50725142e-02 -6.80089430e-03 -6.80089409e-03 7.13254574e+01 7.13254574e+01 1.73372523e+02 2.79002729e+02 3.48555623e+02 1.69108627e-17 9.26889454e-17 1.79321552e-05 5.11536848e-16 4.96453252e-15 1.34425345e-33 2.73435067e-18 1.34786016e-17 7.45262020e-01 6.66771716e-01 1.01193200e-18 2.06893633e-18 1.40808814e-06 3.39725510e-07 3.39725510e-07 3.56292512e-03 3.56292512e-03 2.67788185e-18 1.16774885e-02 1.30521264e-02
1.46096096e-01 -2.06697975e+01 -2.06697975e+01 -2.50725140e-02 -6.80089426e-03 -6.80089406e-03 7.13254574e+01 7.13254574e+01 1.73372523e+02 2.78970918e+02 3.48595368e+02 2.00020329e-17 1.29529934e-17 1.79506039e-05 5.53344209e-16 4.97214764e-15 1.37420973e-33 3.07089025e-18 2.03471428e-17 7.45299798e-01 6.66729488e-01 6.91440254e-19 1.53130022e-18 1.40808814e-06 3.39725510e-07 3.39725510e-07 3.56292512e-03 3.56292512e-03 7.57966397e-20 1.16767490e-02 1.30527880e-02
1.46246246e-01 -2.06697975e+01 -2.06697975e+01 -2.50725141e-02 -6.80089436e-03 -6.80089406e-03 7.13254574e+01 7.13254574e+01 1.73372523e+02 2.78939111e+02 3.48635118e+02 5.18903263e-17 3.79352474e-17 1.79690526e-05 3.70671035e-16 4.99842044e-15 1.40416273e-33 3.40739584e-18 1.32536465e-16 7.45337573e-01 6.66687260e-01 9.58031868e-19 1.13536451e-18 1.40808814e-06 3.39725510e-07 3.39725510e-07 3.56292512e-03 3.56292512e-03 6.92374928e-18 1.16760094e-02 1.30534496e-02
1.46396396e-01 -2.06697975e+01 -2.06697975e+01 -2.50725142e-02 -6.80089436e-03 -6.80089405e-03 7.13254574e+01 7.13254574e+01 1.73372523e+02 2.78907309e+02 3.48674872e+02 5.00947891e-17 2.45795379e-17 1.79875013e-05 8.80488533e-16 1.22204099e-14 1.56184589e-33 5.17826901e-18 1.51326219e-16 7.45375344e-01 6.66645030e-01 9.87596907e-19 5.87218085e-19 1.40808814e-06 3.39725510e-07 3.39725510e-07 3.56292512e-03 3.56292512e-03 1.51446250e-20 1.16752698e-02 1.30541111e-02
1.46546547e-01 -2.06697975e+01 -2.06697975e+01 -2.50725140e-02 -6.80089515e-03 -6.80089230e-03 7.13254574e+01 7.13254574e+01 1.73372523e+02 2.78875510e+02 3.48714629e+02 6.13167901e-17 4.05488058e-17 1.80059501e-05 4.56970753e-16 2.21872037e-14 1.58521622e-29 2.64442367e-18 1.01161274e-17 7.45413112e-01 6.66602799e-01 1.01229026e-18 2.12949580e-18 1.40808814e-06 3.39725510e-07 3.39725510e-07 3.56292512e-03 3.56292512e-03 1.71957885e-18 1.16745302e-02 1.30547725e-02
1.46696697e-01 -2.06697975e+01 -2.06697975e+01 -2.50725142e-02 -6.80089434e-03 -6.80089428e-03 7.13254574e+01 7.13254574e+01 1.73372523e+02 2.78843715e+02 3.48754391e+02 1.91209470e-17 3.20123976e-17 1.80243988e-05 1.02445795e-14 1.98473315e-14 1.36600618e-33 2.97934749e-18 5.38999949e-19 7.45450877e-01 6.66560568e-01 1.17642300e-18 2.40338317e-18 1.40808814e-06 3.39725510e-07 3.39725510e-07 3.56292512e-03 3.56292512e-03 3.84835664e-18 1.16737906e-02 1.30554339e-02
1.46846847e-01 -2.06697975e+01 -2.06697975e+01 -2.50725140e-02 -6.80089438e-03 -6.80089429e-03 7.13254574e+01 7.13254574e+01 1.73372523e+02 2.78811924e+02 3.48794157e+02 4.00753326e-17 1.55316737e-17 1.80428475e-05 5.95524259e-15 2.15316445e-14 1.39581484e-33 3.31423730e-18 5.66378730e-17 7.45488638e-01 6.66518335e-01 2.56977398e-18 1.07336360e-18 1.40808814e-06 3.39725510e-07 3.39725510e-07 3.56292512e-03 3.56292512e-03 3.36336106e-18 1.16730509e-02 1.30560952e-02
1.46996997e-01 -2.06697975e+01 -2.06697975e+01 -2.50725142e-02 -6.80089438e-03 -6.80089432e-03 7.13254574e+01 7.13254574e+01 1.73372523e+02 2.78780138e+02 3.48833926e+02 6.07399928e-17 4.68710714e-17 1.80612962e-05 2.09186785e-14 7.95059558e-15 1.42562022e-33 3.64909312e-18 6.76135907e-17 7.45526396e-01 6.66476101e-01 1.89752081e-18 1.21900416e-18 1.40808814e-06 3.39725510e-07 3.39725510e-07 3.56292512e-03 3.56292512e-03 7.57966397e-20 1.16723113e-02 1.30567565e-02
1.47147147e-01 -2.06697975e+01 -2.06697975e+01 -2.50725142e-02 -6.80089368e-03 -6.80089336e-03 7.13254574e+01 7.13254574e+01 1.73372523e+02 2.78748355e+02 3.48873700e+02 4.13280597e-17 9.38381098e-17 1.80797449e-05 1.49408993e-15 2.22740866e-14 1.61305992e-29 3.98391478e-18 1.08456566e-16 7.45564150e-01 6.66433866e-01 1.39763990e-18 1.52044959e-18 1.40808814e-06 3.39725510e-07 3.39725510e-07 3.56292512e-03 3.56292512e-03 1.53769632e-18 1.16715716e-02 1.30574177e-02
1.47297297e-01 -2.06697975e+01 -2.06697975e+01 -2.50725141e-02 -6.80089438e-03 -6.80089433e-03 7.13254574e+01 7.13254574e+01 1.73372523e+02 2.78716576e+02 3.48913478e+02 2.73389798e-18 5.61671722e-17 1.80981937e-05 1.13336873e-14 1.93521710e-14 1.48522114e-33 4.31870281e-18 7.83789607e-17 7.45601901e-01 6.66391630e-01 1.59113149e-18 2.39050126e-18 1.40808814e-06 3.39725510e-07 3.39725510e-07 3.56292512e-03 3.56292512e-03 2.58694059e-18 1.16708319e-02 1.30580789e-02
1.47447447e-01 -2.06697975e+01 -2.06697975e+01 -2.50725142e-02 -6.80089438e-03 -6.80089433e-03 7.13254574e+01 7.13254574e+01 1.73372523e+02 2.78684802e+02 3.48953260e+02 1.04755978e-17 2.24093073e-17 1.81166424e-05 5.30541160e-15 1.11218402e-14 1.77232062e-33 7.54297812e-18 2.04132121e-16 7.45639649e-01 6.66349393e-01 1.50546435e-18 1.91385898e-18 1.40808814e-06 3.39725510e-07 3.39725510e-07 3.56292512e-03 3.56292512e-03 1.53769632e-18 1.16700922e-02 1.30587400e-02
1.47597598e-01 -2.06697975e+01 -2.06697975e+01 -2.50725142e-02 -6.80089438e-03 -6.80089431e-03 7.13254574e+01 7.13254574e+01 1.73372523e+02 2.78653031e+02 3.48993046e+02 2.44071707e-17 1.22280923e-16 1.81350911e-05 7.69034481e-15 2.10944446e-14 1.54480895e-33 4.98817658e-18 1.57113775e-16 7.45677394e-01 6.66307154e-01 9.40367354e-19 2.44911691e-18 1.40808814e-06 3.39725510e-07 3.39725510e-07 3.56292512e-03 3.56292512e-03 1.71957885e-18 1.16693524e-02 1.30594010e-02
1.47747748e-01 -2.06697975e+01 -2.06697975e+01 -2.50725140e-02 -6.80089442e-03 -6.80089435e-03 7.13254574e+01 7.13254574e+01 1.73372523e+02 2.78621264e+02 3.49032836e+02 8.50288744e-17 8.70657395e-18 1.81535398e-05 3.59689904e-15 1.17929221e-14 1.83242674e-33 8.21830397e-18 2.66737934e-17 7.45715135e-01 6.66264915e-01 4.28072036e-18 2.07223622e-18 1.40808814e-06 3.39725510e-07 3.39725510e-07 3.56292512e-03 3.56292512e-03 8.52217113e-19 1.16686127e-02 1.30600620e-02
1.47897898e-01 -2.06697975e+01 -2.06697975e+01 -2.50725141e-02 -6.80089439e-03 -6.80089434e-03 7.13254574e+01 7.13254574e+01 1.73372523e+02 2.78589502e+02 3.49072630e+02 2.21108174e-17 3.51018675e-17 1.81719885e-05 1.36080992e-14 1.79502497e-14 1.60438363e-33 5.65751451e-18 1.79328371e-16 7.45752873e-01 6.66222675e-01 2.11696462e-18 1.19589400e-18 1.40808814e-06 3.39725510e-07 3.39725510e-07 3.56292512e-03 3.56292512e-03 3.54524359e-18 1.16678729e-02 1.30607229e-02
1.48048048e-01 -2.06697975e+01 -2.06697975e+01 -2.50725141e-02 -6.80089663e-03 -6.80089608e-03 7.13254574e+01 7.13254574e+01 1.73372523e+02 2.78557743e+02 3.49112428e+02 2.36868645e-17 4.02351444e-17 1.81904373e-05 2.75998380e-17 2.25411515e-14 1.65558257e-29 5.99213277e-18 2.76476338e-17 7.45790607e-01 6.66180434e-01 1.64372764e-18 3.33108209e-18 1.40808814e-06 3.39725510e-07 3.39725510e-07 3.56292512e-03 3.56292512e-03 1.71957885e-18 1.16671331e-02 1.30613838e-02
1.48198198e-01 -2.06697975e+01 -2.06697975e+01 -2.50725142e-02 -6.80089442e-03 -6.80089434e-03 7.13254574e+01 7.13254574e+01 1.73372523e+02 2.78525989e+02 3.49152230e+02 6.54036258e-17 5.85628043e-17 1.82088860e-05 5.87059048e-15 2.17588857e-14 1.66394519e-33 6.32671659e-18 1.43145053e-16 7.45828338e-01 6.66138191e-01 2.29007948e-18 4.18429065e-18 1.40808814e-06 3.39725510e-07 3.39725510e-07 3.56292512e-03 3.56292512e-03 6.14732881e-18 1.16663933e-02 1.30620446e-02
1.48348348e-01 -2.06697975e+01 -2.06697975e+01 -2.50725143e-02 -6.80089439e-03 -6.80089428e-03 7.13254574e+01 7.13254574e+01 1.73372523e+02 2.78494238e+02 3.49192036e+02 1.23942512e-16 6.99882211e-17 1.82273347e-05 8.24174520e-28 4.83968184e-28 5.49680653e-45 1.55966204e-27 1.71824823e-17 7.45866066e-01 6.66095948e-01 2.97253186e-18 4.45503127e-18 1.40808814e-06 3.39725510e-07 3.39725510e-07 3.56292512e-03 3.56292512e-03 9.43158378e-19 1.16656535e-02 1.30627053e-02
1.48498498e-01 -2.06697975e+01 -2.06697975e+01 -2.50725140e-02 -6.80089442e-03 -6.80089433e-03 7.13254574e+01 7.13254574e+01 1.73372523e+02 2.78462492e+02 3.49231846e+02 8.45365191e-18 3.43395094e-17 1.82457834e-05 3.05138880e-15 1.20654769e-14 1.98263469e-33 9.90602527e-18 4.86964253e-17 7.45903790e-01 6.66053703e-01 1.58824984e-18 1.68211256e-18 1.40808814e-06 3.39725510e-07 3.39725510e-07 3.56292512e-03 3.56292512e-03 1.81052012e-18 1.16649136e-02 1.30633660e-02
1.48648649e-01 -2.06697975e+01 -2.06697975e+01 -2.50725143e-02 -6.80089438e-03 -6.80089433e-03 7.13254574e+01 7.13254574e+01 1.73372523e+02 2.78430750e+02 3.49271660e+02 1.31612508e-17 1.61774734e-17 1.82642321e-05 1.06048010e-14 1.99884323e-14 1.75326294e-33 7.33026520e-18 2.69900372e-16 7.45941511e-01 6.66011458e-01 3.93728972e-18 1.81340114e-18 1.40808814e-06 3.39725510e-07 3.39725510e-07 3.56292512e-03 3.56292512e-03 3.54524359e-18 1.16641737e-02 1.30640266e-02
1.48798799e-01 -2.06697975e+01 -2.06697975e+01 -2.50725143e-02 -6.80089434e-03 -6.80089427e-03 7.13254574e+01 7.13254574e+01 1.73372523e+02 2.78399011e+02 3.49311478e+02 2.11159620e-18 4.89377540e-17 1.82826808e-05 4.84229640e-15 1.62448396e-15 5.65671062e-19 9.10524061e-18 5.13519704e-17 7.45979229e-01 6.65969211e-01 2.73987751e-18 1.65532108e-18 1.40808814e-06 3.39725510e-07 3.39725510e-07 3.56292512e-03 3.56292512e-03 8.52217113e-19 1.16634339e-02 1.30646872e-02
1.48948949e-01 -2.06697975e+01 -2.06697975e+01 -2.50725141e-02 -6.80089438e-03 -6.80089430e-03 7.13254574e+01 7.13254574e+01 1.73372523e+02 2.78367277e+02 3.49351300e+02 2.65160748e-17 2.32704592e-17 1.83011296e-05 6.61399167e-15 2.16857521e-14 1.81279171e-33 7.99912796e-18 1.90987255e-16 7.46016943e-01 6.65926963e-01 8.36580180e-19 1.64746525e-18 1.40808814e-06 3.39725510e-07 3.39725510e-07 3.56292512e-03 3.56292512e-03 1.65892684e-18 1.16626940e-02 1.30653477e-02
1.49099099e-01 -2.06697975e+01 -2.06697975e+01 -2.50725141e-02 -6.80089436e-03 -6.80089404e-03 7.13254574e+01 7.13254574e+01 1.73372523e+02 2.78335547e+02 3.49391126e+02 2.79405647e-17 2.89971423e-17 1.83195783e-05 3.28383027e-15 4.75004248e-14 2.36293284e-33 1.41776766e-17 1.59087159e-16 7.46054654e-01 6.65884715e-01 5.76790078e-19 1.32686624e-18 1.40808814e-06 3.39725510e-07 3.39725510e-07 3.56292512e-03 3.56292512e-03 1.90146138e-18 1.16619540e-02 1.30660081e-02
1.49249249e-01 -2.06697975e+01 -2.06697975e+01 -2.50725141e-02 -6.80089436e-03 -6.80089406e-03 7.13254574e+01 7.13254574e+01 1.73372523e+02 2.78303820e+02 3.49430956e+02 8.97586498e-17 6.18464553e-18 1.83380270e-05 3.49233039e-15 4.75278003e-14 2.39321394e-33 1.45179443e-17 1.57984842e-16 7.46092361e-01 6.65842465e-01 1.71506394e-18 5.18458064e-19 1.40808814e-06 3.39725510e-07 3.39725510e-07 3.56292512e-03 3.56292512e-03 7.57966397e-20 1.16612141e-02 1.30666685e-02
1.49399399e-01 -2.06697975e+01 -2.06697975e+01 -2.50725142e-02 -6.80089436e-03 -6.80089406e-03 7.13254574e+01 7.13254574e+01 1.73372523e+02 2.78272098e+02 3.49470790e+02 5.25006165e-18 6.13710877e-18 1.83564757e-05 3.54718659e-15 4.75731401e-14 2.42349177e-33 1.48581782e-17 2.72867842e-16 7.46130065e-01 6.65800214e-01 4.01486793e-19 2.14466594e-18 1.40808814e-06 3.39725510e-07 3.39725510e-07 3.56292512e-03 3.56292512e-03 3.48459158e-18 1.16604741e-02 1.30673289e-02
1.49549550e-01 -2.06697975e+01 -2.06697975e+01 -2.50725139e-02 -6.80089436e-03 -6.80089406e-03 7.13254574e+01 7.13254574e+01 1.73372523e+02 2.78240380e+02 3.49510629e+02 3.75098095e-17 4.03172167e-17 1.83749244e-05 9.20788022e-16 1.24699525e-14 2.19278814e-33 1.22674124e-17 3.66899647e-17 7.46167766e-01 6.65757962e-01 3.43430200e-18 2.02618886e-18 1.40808814e-06 3.39725510e-07 3.39725510e-07 3.56292512e-03 3.56292512e-03 2.95070565e-18 1.16597342e-02 1.30679891e-02
1.49699700e-01 -2.06697975e+01 -2.06697975e+01 -2.50725140e-02 -6.80089540e-03 -6.80089514e-03 7.13254574e+01 7.13254574e+01 1.73372523e+02 2.78208665e+02 3.49550471e+02 6.84200969e-17 3.61581108e-17 1.83933732e-05 4.68105199e-14 9.68364262e-15 1.75871888e-29 1.55385451e-17 1.20776810e-16 7.46205463e-01 6.65715710e-01 1.90700992e-18 2.67552605e-18 1.40808814e-06 3.39725510e-07 3.39725510e-07 3.56292512e-03 3.56292512e-03 1.66737904e-19 1.16589942e-02 1.30686493e-02
1.49849850e-01 -2.06697975e+01 -2.06697975e+01 -2.50725143e-02 -6.80089429e-03 -6.80089410e-03 7.13254574e+01 7.13254574e+01 1.73372523e+02 2.78176955e+02 3.49590317e+02 3.14460977e-17 1.64891239e-17 1.84118219e-05 5.43484429e-15 4.75363792e-14 2.51430559e-33 1.58786773e-17 6.08524401e-17 7.46243158e-01 6.65673456e-01 7.54001585e-19 8.03133614e-19 1.40808814e-06 3.39725510e-07 3.39725510e-07 3.56292512e-03 3.56292512e-03 9.73447628e-19 1.16582542e-02 1.30693095e-02
1.50000000e-01 -2.06697975e+01 -2.06697975e+01 -2.50725142e-02 -6.80089436e-03 -6.80089407e-03 7.13254574e+01 7.13254574e+01 1.73372523e+02 2.78145249e+02 3.49630167e+02 2.80260931e-17 1.83493292e-17 1.84302706e-05 3.61537645e-15 4.77691777e-14 2.54457031e-33 1.62187761e-17 1.34889692e-16 7.46280848e-01 6.65631201e-01 1.31024491e-18 1.37634994e-19 1.40808814e-06 3.39725510e-07 3.39725510e-07 3.56292512e-03 3.56292512e-03 2.40505806e-18 1.16575141e-02 1.30699696e-02
