# CO2 Fig3 panel B: chi included,  multiple cavity modes (7 harmonics, 3rd resonant)
# omega_res = 311.846 meV ; axis = [0, 0, 1] ; nmodes = 16
# col0 = lambda ; cols 1..16 = frequency (meV) ; cols 17..32 = photon character ; cols 33..48 = IR intensity (arb. u.)
0.00000000e+00 -2.06697975e+01 -2.06697975e+01 -2.50725140e-02 -6.80089439e-03 -6.80089434e-03 7.13254574e+01 7.13254574e+01 1.03948689e+02 1.73372523e+02 2.07897379e+02 3.11846068e+02 3.11846068e+02 4.15794757e+02 5.19743446e+02 6.23692136e+02 7.27640825e+02 0.00000000e+00 0.00000000e+00 0.00000000e+00 0.00000000e+00 0.00000000e+00 0.00000000e+00 0.00000000e+00 1.00000000e+00 0.00000000e+00 1.00000000e+00 0.00000000e+00 1.00000000e+00 1.00000000e+00 1.00000000e+00 1.00000000e+00 1.00000000e+00 1.48189376e-18 1.80404547e-19 1.40808814e-06 3.39725510e-07 3.39725510e-07 3.56292512e-03 3.56292512e-03 0.00000000e+00 2.76882312e-18 0.00000000e+00 1.75134731e-02 0.00000000e+00 0.00000000e+00 0.00000000e+00 0.00000000e+00 0.00000000e+00
1.50150150e-04 -2.06697975e+01 -2.06697975e+01 -2.50725142e-02 -6.80088134e-03 -6.80087881e-03 7.13254574e+01 7.13254574e+01 1.03948685e+02 1.73372523e+02 2.07897346e+02 3.11810222e+02 3.11881779e+02 4.15794560e+02 5.19743033e+02 6.23691407e+02 7.27639656e+02 7.30633361e-16 3.79148188e-16 4.88107233e-08 4.43879551e-17 1.07795601e-17 2.23797643e-16 4.40870796e-30 1.00000000e+00 7.19137577e-16 9.99999983e-01 7.07388927e-01 7.06824955e-01 9.99999862e-01 9.99999936e-01 9.99999953e-01 9.99999960e-01 1.38310752e-18 2.13989189e-18 1.40808814e-06 3.39725510e-07 3.39725510e-07 3.56292512e-03 3.56292512e-03 5.60749702e-06 2.31949643e-18 2.36356130e-05 1.24114878e-02 1.23563867e-02 7.24973025e-05 1.21350226e-04 1.78427290e-04 2.45225648e-04
3.00300300e-04 -2.06697975e+01 -2.06697975e+01 -2.50725141e-02 -6.80090410e-03 -6.80089679e-03 7.13254574e+01 7.13254574e+01 1.03948674e+02 1.73372523e+02 2.07897250e+02 3.11774241e+02 3.11917356e+02 4.15793967e+02 5.19741794e+02 6.23689220e+02 7.27636149e+02 3.09870867e-16 4.59541463e-16 9.76214457e-08 6.03356564e-17 9.79720217e-17 8.81706163e-30 7.40627035e-17 9.99999998e-01 2.56515836e-16 9.99999933e-01 7.07671395e-01 7.06543445e-01 9.99999450e-01 9.99999743e-01 9.99999813e-01 9.99999842e-01 1.06678849e-18 3.21543186e-18 1.40808814e-06 3.39725510e-07 3.39725510e-07 3.56292512e-03 3.56292512e-03 1.12150079e-05 7.55666759e-19 4.72714473e-05 1.24391634e-02 1.23289607e-02 1.44995821e-04 2.42702329e-04 3.56852450e-04 4.90424504e-04
4.50450450e-04 -2.06697975e+01 -2.06697975e+01 -2.50725144e-02 -6.80090032e-03 -6.80089326e-03 7.13254574e+01 7.13254574e+01 1.03948655e+02 1.73372523e+02 2.07897089e+02 3.11738124e+02 3.11952799e+02 4.15792980e+02 5.19739728e+02 6.23685574e+02 7.27630306e+02 9.57168381e-16 3.22986450e-16 1.46432169e-07 1.15548033e-16 1.00167682e-16 1.37484848e-29 9.91628440e-17 9.99999996e-01 2.83397133e-16 9.99999848e-01 7.07954186e-01 7.06262251e-01 9.99998762e-01 9.99999421e-01 9.99999579e-01 9.99999645e-01 1.86493036e-18 1.40074063e-18 1.40808814e-06 3.39725510e-07 3.39725510e-07 3.56292512e-03 3.56292512e-03 1.68225464e-05 7.19497654e-19 7.09077244e-05 1.24669227e-02 1.23016173e-02 2.17496770e-04 3.64058182e-04 5.35273349e-04 7.35569784e-04
6.00600601e-04 -2.06697975e+01 -2.06697975e+01 -2.50725160e-02 -6.80090487e-03 -6.80090134e-03 7.13254574e+01 7.13254574e+01 1.03948628e+02 1.73372523e+02 2.07896863e+02 3.11701870e+02 3.11988109e+02 4.15791597e+02 5.19736835e+02 6.23680472e+02 7.27622127e+02 1.51826388e-15 1.58421897e-15 1.95242893e-07 4.67637892e-17 1.90719332e-16 1.16694269e-16 1.76312958e-29 9.99999993e-01 2.59376377e-16 9.99999730e-01 7.08237305e-01 7.05981369e-01 9.99997799e-01 9.99998971e-01 9.99999251e-01 9.99999368e-01 3.57601357e-18 6.79220723e-18 1.40808814e-06 3.39725510e-07 3.39725510e-07 3.56292512e-03 3.56292512e-03 2.24301265e-05 8.67786161e-19 9.45446657e-05 1.24947659e-02 1.22743565e-02 2.90001367e-04 4.85419659e-04 7.13687845e-04 9.80634712e-04
7.50750751e-04 -2.06697975e+01 -2.06697975e+01 -2.50725136e-02 -6.80089518e-03 -6.80089231e-03 7.13254574e+01 7.13254574e+01 1.03948594e+02 1.73372523e+02 2.07896574e+02 3.11665479e+02 3.12023287e+02 4.15789820e+02 5.19733116e+02 6.23673911e+02 7.27611614e+02 6.69743425e-16 5.20287697e-16 2.44053615e-07 1.61252600e-17 1.20955295e-16 2.63292022e-16 2.11553953e-29 9.99999990e-01 2.36654171e-16 9.99999579e-01 7.08520752e-01 7.05700797e-01 9.99996561e-01 9.99998393e-01 9.99998830e-01 9.99999013e-01 1.69285367e-18 2.70432920e-18 1.40808814e-06 3.39725510e-07 3.39725510e-07 3.56292512e-03 3.56292512e-03 2.80377619e-05 6.80126719e-19 1.18182493e-04 1.25226934e-02 1.22471778e-02 3.62510824e-04 6.06788630e-04 8.92093790e-04 1.22559253e-03
9.00900901e-04 -2.06697975e+01 -2.06697975e+01 -2.50725132e-02 -6.80089312e-03 -6.80088927e-03 7.13254574e+01 7.13254574e+01 1.03948552e+02 1.73372523e+02 2.07896220e+02 3.11628950e+02 3.12058334e+02 4.15787647e+02 5.19728570e+02 6.23665892e+02 7.27598769e+02 2.33503490e-16 1.64175268e-16 2.92864339e-07 5.01884313e-16 8.02278409e-17 2.53340731e-29 7.62295981e-17 9.99999985e-01 7.16391996e-16 9.99999393e-01 7.08804530e-01 7.05420533e-01 9.99995047e-01 9.99997685e-01 9.99998315e-01 9.99998579e-01 1.30924216e-18 5.97909518e-19 1.40808814e-06 3.39725510e-07 3.39725510e-07 3.56292512e-03 3.56292512e-03 3.36454666e-05 2.27699115e-18 1.41821426e-04 1.25507053e-02 1.22200811e-02 4.35026358e-04 7.28166963e-04 1.07048902e-03 1.47041651e-03
1.05105105e-03 -2.06697975e+01 -2.06697975e+01 -2.50725131e-02 -6.80089718e-03 -6.80089096e-03 7.13254574e+01 7.13254574e+01 1.03948502e+02 1.73372523e+02 2.07895801e+02 3.11592282e+02 3.12093249e+02 4.15785079e+02 5.19723198e+02 6.23656416e+02 7.27583595e+02 2.48443783e-16 6.62628227e-16 3.41675062e-07 2.20823536e-18 1.25463257e-16 2.28972085e-16 3.04686211e-29 9.99999980e-01 5.34941883e-16 9.99999174e-01 7.09088642e-01 7.05140575e-01 9.99993257e-01 9.99996849e-01 9.99997706e-01 9.99998067e-01 3.03597764e-18 1.66297254e-18 1.40808814e-06 3.39725510e-07 3.39725510e-07 3.56292512e-03 3.56292512e-03 3.92532542e-05 2.01255288e-18 1.65461689e-04 1.25788019e-02 1.21930660e-02 5.07549182e-04 8.49556518e-04 1.24887135e-03 1.71507994e-03
1.20120120e-03 -2.06697975e+01 -2.06697975e+01 -2.50725133e-02 -6.80089682e-03 -6.80089280e-03 7.13254574e+01 7.13254574e+01 1.03948445e+02 1.73372523e+02 2.07895318e+02 3.11555475e+02 3.12128034e+02 4.15782116e+02 5.19716998e+02 6.23645482e+02 7.27566095e+02 3.24407322e-16 2.47852267e-16 3.90485784e-07 1.30619776e-18 1.96744102e-16 1.79618757e-16 3.52399938e-29 9.99999974e-01 2.56738027e-16 9.99998921e-01 7.09373090e-01 7.04860920e-01 9.99991191e-01 9.99995884e-01 9.99997004e-01 9.99997476e-01 3.31605269e-18 7.18540902e-19 1.40808814e-06 3.39725510e-07 3.39725510e-07 3.56292512e-03 3.56292512e-03 4.48611388e-05 2.39783287e-18 1.89103501e-04 1.26069836e-02 1.21661324e-02 5.80080508e-04 9.70959152e-04 1.42723858e-03 1.95955615e-03
1.35135135e-03 -2.06697975e+01 -2.06697975e+01 -2.50725127e-02 -6.80089201e-03 -6.80088388e-03 7.13254574e+01 7.13254574e+01 1.03948380e+02 1.73372523e+02 2.07894771e+02 3.11518529e+02 3.12162690e+02 4.15778758e+02 5.19709971e+02 6.23633092e+02 7.27546273e+02 9.32914034e-16 4.07593224e-16 4.39296507e-07 1.72979086e-16 8.56799488e-17 3.96105102e-29 8.30863058e-17 9.99999967e-01 4.21917315e-16 9.99998635e-01 7.09657877e-01 7.04581567e-01 9.99988850e-01 9.99994790e-01 9.99996208e-01 9.99996807e-01 3.67756028e-18 2.66653743e-18 1.40808814e-06 3.39725510e-07 3.39725510e-07 3.56292512e-03 3.56292512e-03 5.04691341e-05 6.01617992e-18 2.12747084e-04 1.26352504e-02 1.21392799e-02 6.52621550e-04 1.09237671e-03 1.60558849e-03 2.20381850e-03
1.50150150e-03 -2.06697975e+01 -2.06697975e+01 -2.50725147e-02 -6.80089928e-03 -6.80089120e-03 7.13254574e+01 7.13254574e+01 1.03948307e+02 1.73372523e+02 2.07894159e+02 3.11481441e+02 3.12197216e+02 4.15775004e+02 5.19702116e+02 6.23619244e+02 7.27524132e+02 4.76580903e-16 2.78534606e-16 4.88107231e-07 1.07899163e-16 3.03489544e-16 2.28803123e-16 4.22657672e-29 9.99999959e-01 1.82663142e-16 9.99998315e-01 7.09943004e-01 7.04302513e-01 9.99986231e-01 9.99993566e-01 9.99995319e-01 9.99996061e-01 6.05012724e-18 3.62236694e-18 1.40808814e-06 3.39725510e-07 3.39725510e-07 3.56292512e-03 3.56292512e-03 5.60772540e-05 1.10514848e-18 2.36392661e-04 1.26636027e-02 1.21125084e-02 7.25173517e-04 1.21381105e-03 1.78391882e-03 2.44784042e-03
1.65165165e-03 -2.06697975e+01 -2.06697975e+01 -2.50725140e-02 -6.80090367e-03 -6.80088424e-03 7.13254574e+01 7.13254574e+01 1.03948227e+02 1.73372523e+02 2.07893483e+02 3.11444213e+02 3.12231613e+02 4.15770854e+02 5.19693434e+02 6.23603939e+02 7.27499678e+02 4.72998656e-16 8.01701042e-17 5.36917953e-07 8.85368429e-16 4.18739987e-17 4.02283177e-16 4.65616562e-29 9.99999950e-01 7.85036499e-16 9.99997961e-01 7.10228475e-01 7.04023756e-01 9.99983336e-01 9.99992213e-01 9.99994335e-01 9.99995236e-01 1.38969019e-18 2.10952414e-18 1.40808814e-06 3.39725510e-07 3.39725510e-07 3.56292512e-03 3.56292512e-03 6.16855123e-05 1.81150958e-18 2.60040451e-04 1.26920407e-02 1.20858175e-02 7.97737620e-04 1.33526399e-03 1.96222729e-03 2.69159536e-03
1.80180180e-03 -2.06697975e+01 -2.06697975e+01 -2.50725148e-02 -6.80091324e-03 -6.80089060e-03 7.13254574e+01 7.13254574e+01 1.03948139e+02 1.73372523e+02 2.07892742e+02 3.11406843e+02 3.12265882e+02 4.15766308e+02 5.19683923e+02 6.23587178e+02 7.27472916e+02 1.49771508e-16 3.37347731e-16 5.85728677e-07 2.95372253e-16 8.56518784e-17 1.27833953e-16 5.06762457e-29 9.99999941e-01 9.39514912e-16 9.99997573e-01 7.10514292e-01 7.03745293e-01 9.99980164e-01 9.99990731e-01 9.99993258e-01 9.99994334e-01 1.18202353e-18 1.87073290e-18 1.40808814e-06 3.39725510e-07 3.39725510e-07 3.56292512e-03 3.56292512e-03 6.72939229e-05 1.62291729e-18 2.83690678e-04 1.27205646e-02 1.20592071e-02 8.70315067e-04 1.45673735e-03 2.14051158e-03 2.93505685e-03
1.95195195e-03 -2.06697975e+01 -2.06697975e+01 -2.50725150e-02 -6.80089968e-03 -6.80089335e-03 7.13254574e+01 7.13254574e+01 1.03948044e+02 1.73372523e+02 2.07891937e+02 3.11369330e+02 3.12300024e+02 4.15761366e+02 5.19673584e+02 6.23568960e+02 7.27443850e+02 1.50891930e-15 1.03997457e-15 6.34539400e-07 6.28180491e-17 2.74517460e-16 5.50412197e-29 3.31437808e-16 9.99999930e-01 5.59992039e-16 9.99997151e-01 7.10800458e-01 7.03467123e-01 9.99976714e-01 9.99989119e-01 9.99992087e-01 9.99993355e-01 9.54651547e-19 1.18592042e-18 1.40808814e-06 3.39725510e-07 3.39725510e-07 3.56292512e-03 3.56292512e-03 7.29024995e-05 2.67298241e-18 3.07343562e-04 1.27491748e-02 1.20326768e-02 9.42907065e-04 1.57823296e-03 2.31876933e-03 3.17819846e-03
2.10210210e-03 -2.06697975e+01 -2.06697975e+01 -2.50725151e-02 -6.80089449e-03 -6.80087868e-03 7.13254574e+01 7.13254574e+01 1.03947941e+02 1.73372523e+02 2.07891067e+02 3.11331674e+02 3.12334039e+02 4.15756028e+02 5.19662416e+02 6.23549286e+02 7.27412488e+02 1.56366579e-15 3.03993320e-15 6.83350122e-07 2.71297557e-16 9.14668246e-17 5.94004548e-29 1.05941909e-16 9.99999919e-01 3.62960794e-16 9.99996696e-01 7.11086974e-01 7.03189244e-01 9.99972986e-01 9.99987377e-01 9.99990822e-01 9.99992300e-01 2.09474333e-19 3.96875201e-18 1.40808814e-06 3.39725510e-07 3.39725510e-07 3.56292512e-03 3.56292512e-03 7.85112562e-05 3.58641325e-19 3.30999325e-04 1.27778715e-02 1.20062265e-02 1.01551482e-03 1.69975262e-03 2.49699814e-03 3.42099385e-03
2.25225225e-03 -2.06697975e+01 -2.06697975e+01 -2.50725147e-02 -6.80091210e-03 -6.80089922e-03 7.13254574e+01 7.13254574e+01 1.03947830e+02 1.73372523e+02 2.07890133e+02 3.11293874e+02 3.12367928e+02 4.15750294e+02 5.19650418e+02 6.23528157e+02 7.27378835e+02 1.18365728e-15 1.89065632e-15 7.32160846e-07 2.46602671e-16 9.42322479e-17 6.45275170e-29 1.65917950e-16 9.99999907e-01 2.13324298e-16 9.99996207e-01 7.11373844e-01 7.02911653e-01 9.99968980e-01 9.99985505e-01 9.99989464e-01 9.99991168e-01 3.17944533e-19 1.40850700e-18 1.40808814e-06 3.39725510e-07 3.39725510e-07 3.56292512e-03 3.56292512e-03 8.41202066e-05 1.89232037e-18 3.54658189e-04 1.28066549e-02 1.19798558e-02 1.08813954e-03 1.82129811e-03 2.67519557e-03 3.66341675e-03
2.40240240e-03 -2.06697975e+01 -2.06697975e+01 -2.50725136e-02 -6.80090259e-03 -6.80089757e-03 7.13254574e+01 7.13254574e+01 1.03947712e+02 1.73372523e+02 2.07889134e+02 3.11255929e+02 3.12401691e+02 4.15744163e+02 5.19637591e+02 6.23505573e+02 7.27342899e+02 4.59637961e-16 6.07227350e-16 7.80971569e-07 6.82511597e-17 2.70336612e-16 1.86388770e-16 7.02997939e-29 9.99999895e-01 1.82971776e-16 9.99995684e-01 7.11661070e-01 7.02634348e-01 9.99964694e-01 9.99983502e-01 9.99988011e-01 9.99989960e-01 2.98955422e-19 1.89768601e-18 1.40808814e-06 3.39725510e-07 3.39725510e-07 3.56292512e-03 3.56292512e-03 8.97293647e-05 2.63729056e-18 3.78320376e-04 1.28355252e-02 1.19535645e-02 1.16078242e-03 1.94287121e-03 2.85335914e-03 3.90544095e-03
2.55255255e-03 -2.06697975e+01 -2.06697975e+01 -2.50725131e-02 -6.80090113e-03 -6.80090107e-03 7.13254574e+01 7.13254574e+01 1.03947586e+02 1.73372523e+02 2.07888071e+02 3.11217839e+02 3.12435329e+02 4.15737635e+02 5.19623934e+02 6.23481534e+02 7.27304687e+02 1.03083727e-15 2.21168297e-16 8.29782292e-07 5.21971081e-16 3.18425924e-16 1.32166982e-16 7.45723044e-29 9.99999881e-01 3.70027560e-16 9.99995127e-01 7.11948655e-01 7.02357327e-01 9.99960129e-01 9.99981369e-01 9.99986465e-01 9.99988676e-01 3.37205783e-18 7.50014810e-19 1.40808814e-06 3.39725510e-07 3.39725510e-07 3.56292512e-03 3.56292512e-03 9.53387442e-05 4.78494326e-19 4.01986107e-04 1.28644828e-02 1.19273524e-02 1.23344466e-03 2.06447369e-03 3.03148630e-03 4.14704035e-03
2.70270270e-03 -2.06697975e+01 -2.06697975e+01 -2.50725140e-02 -6.80089895e-03 -6.80088721e-03 7.13254574e+01 7.13254574e+01 1.03947452e+02 1.73372523e+02 2.07886943e+02 3.11179604e+02 3.12468842e+02 4.15730710e+02 5.19609446e+02 6.23456040e+02 7.27264207e+02 4.01944308e-16 3.47750256e-16 8.78593015e-07 2.52144246e-16 4.76370503e-17 7.89634723e-29 2.53635939e-16 9.99999867e-01 6.88225860e-16 9.99994536e-01 7.12236601e-01 7.02080588e-01 9.99955284e-01 9.99979105e-01 9.99984825e-01 9.99987317e-01 4.24785759e-18 8.90001654e-19 1.40808814e-06 3.39725510e-07 3.39725510e-07 3.56292512e-03 3.56292512e-03 1.00948359e-04 5.09448566e-18 4.25655604e-04 1.28935278e-02 1.19012192e-02 1.30612746e-03 2.18610730e-03 3.20957446e-03 4.38818893e-03
2.85285285e-03 -2.06697975e+01 -2.06697975e+01 -2.50725141e-02 -6.80090716e-03 -6.80089742e-03 7.13254574e+01 7.13254574e+01 1.03947311e+02 1.73372523e+02 2.07885751e+02 3.11141222e+02 3.12502232e+02 4.15723388e+02 5.19594127e+02 6.23429092e+02 7.27221467e+02 1.00387352e-15 2.95539966e-16 9.27403738e-07 2.79730271e-16 5.43202605e-17 1.37607991e-16 8.26635708e-29 9.99999851e-01 3.00398864e-16 9.99993912e-01 7.12524911e-01 7.01804129e-01 9.99950158e-01 9.99976710e-01 9.99983090e-01 9.99985884e-01 9.80537243e-19 6.57971799e-19 1.40808814e-06 3.39725510e-07 3.39725510e-07 3.56292512e-03 3.56292512e-03 1.06558223e-04 2.26255670e-18 4.49329088e-04 1.29226605e-02 1.18751646e-02 1.37883202e-03 2.30777376e-03 3.38762096e-03 4.62886075e-03
3.00300300e-03 -2.06697975e+01 -2.06697975e+01 -2.50725152e-02 -6.80090455e-03 -6.80088775e-03 7.13254574e+01 7.13254574e+01 1.03947162e+02 1.73372523e+02 2.07884494e+02 3.11102692e+02 3.12535498e+02 4.15715668e+02 5.19577976e+02 6.23400691e+02 7.27176476e+02 2.61302706e-15 2.42060329e-16 9.76214461e-07 1.09064858e-16 2.83822941e-16 8.41845163e-29 1.66747498e-16 9.99999835e-01 3.09831962e-16 9.99993253e-01 7.12813587e-01 7.01527949e-01 9.99944751e-01 9.99974184e-01 9.99981262e-01 9.99984376e-01 2.19279352e-19 1.36467578e-18 1.40808814e-06 3.39725510e-07 3.39725510e-07 3.56292512e-03 3.56292512e-03 1.12168351e-04 3.43527110e-18 4.73006783e-04 1.29518812e-02 1.18491885e-02 1.45155953e-03 2.42947479e-03 3.56562309e-03 4.86903000e-03
3.15315315e-03 -2.06697975e+01 -2.06697975e+01 -2.50725140e-02 -6.80090137e-03 -6.80088865e-03 7.13254574e+01 7.13254574e+01 1.03947005e+02 1.73372523e+02 2.07883172e+02 3.11064015e+02 3.12568641e+02 4.15707550e+02 5.19560993e+02 6.23370837e+02 7.27129243e+02 4.10934095e-16 1.10267507e-15 1.02502518e-06 7.74527497e-17 2.68044109e-16 2.39722369e-16 7.62114108e-25 9.99999819e-01 3.77362810e-16 9.99992561e-01 7.13102632e-01 7.01252044e-01 9.99939062e-01 9.99971526e-01 9.99979339e-01 9.99982795e-01 1.06442792e-18 1.37083616e-18 1.40808814e-06 3.39725510e-07 3.39725510e-07 3.56292512e-03 3.56292512e-03 1.17778755e-04 2.44096539e-18 4.96688909e-04 1.29811901e-02 1.18232905e-02 1.52431117e-03 2.55121209e-03 3.74357808e-03 5.10867097e-03
3.30330330e-03 -2.06697975e+01 -2.06697975e+01 -2.50725134e-02 -6.80088737e-03 -6.80088416e-03 7.13254574e+01 7.13254574e+01 1.03946841e+02 1.73372523e+02 2.07881786e+02 3.11025189e+02 3.12601662e+02 4.15699034e+02 5.19543177e+02 6.23339531e+02 7.27079779e+02 3.34051926e-16 2.32376383e-16 1.07383591e-06 1.02789481e-16 6.92566511e-16 9.27388697e-29 1.38120826e-16 9.99999801e-01 4.99805785e-16 9.99991835e-01 7.13392049e-01 7.00976413e-01 9.99933090e-01 9.99968736e-01 9.99977322e-01 9.99981140e-01 1.00409708e-18 2.20277705e-18 1.40808814e-06 3.39725510e-07 3.39725510e-07 3.56292512e-03 3.56292512e-03 1.23389449e-04 9.58973714e-19 5.20375690e-04 1.30105875e-02 1.17974704e-02 1.59708815e-03 2.67298733e-03 3.92148307e-03 5.34775804e-03
3.45345345e-03 -2.06697975e+01 -2.06697975e+01 -2.50725137e-02 -6.80090433e-03 -6.80090172e-03 7.13254574e+01 7.13254574e+01 1.03946669e+02 1.73372523e+02 2.07880335e+02 3.10986213e+02 3.12634562e+02 4.15690119e+02 5.19524527e+02 6.23306773e+02 7.27028093e+02 4.02839818e-16 5.21988552e-16 1.12264663e-06 4.61618284e-17 3.25390311e-16 2.72724842e-16 9.92619744e-29 9.99999782e-01 4.58455597e-16 9.99991074e-01 7.13681840e-01 7.00701053e-01 9.99926834e-01 9.99965813e-01 9.99975212e-01 9.99979413e-01 7.39963161e-19 1.01989793e-18 1.40808814e-06 3.39725510e-07 3.39725510e-07 3.56292512e-03 3.56292512e-03 1.29000449e-04 8.36746322e-19 5.44067346e-04 1.30400736e-02 1.17717279e-02 1.66989164e-03 2.79480218e-03 4.09933515e-03 5.58626573e-03
3.60360360e-03 -2.06697975e+01 -2.06697975e+01 -2.50725131e-02 -6.80090350e-03 -6.80088244e-03 7.13254574e+01 7.13254574e+01 1.03946489e+02 1.73372523e+02 2.07878819e+02 3.10947088e+02 3.12667340e+02 4.15680806e+02 5.19505044e+02 6.23272564e+02 7.26974196e+02 1.09868578e-15 6.18916758e-16 1.17145735e-06 1.93638868e-15 9.58405869e-17 1.00597163e-28 1.46822160e-16 9.99999763e-01 1.83736647e-16 9.99990280e-01 7.13972009e-01 7.00425964e-01 9.99920294e-01 9.99962758e-01 9.99973007e-01 9.99977614e-01 8.58094231e-19 2.42106143e-18 1.40808814e-06 3.39725510e-07 3.39725510e-07 3.56292512e-03 3.56292512e-03 1.34611767e-04 1.50706170e-18 5.67764100e-04 1.30696486e-02 1.17460629e-02 1.74272283e-03 2.91665826e-03 4.27713133e-03 5.82416868e-03
3.75375375e-03 -2.06697975e+01 -2.06697975e+01 -2.50725139e-02 -6.80090000e-03 -6.80089550e-03 7.13254574e+01 7.13254574e+01 1.03946302e+02 1.73372523e+02 2.07877239e+02 3.10907812e+02 3.12699998e+02 4.15671093e+02 5.19484725e+02 6.23236904e+02 7.26918099e+02 4.40560302e-16 7.71741634e-16 1.22026808e-06 1.57409029e-16 1.96436566e-15 1.07658306e-28 1.47255087e-16 9.99999743e-01 2.05124730e-16 9.99989452e-01 7.14262557e-01 7.00151143e-01 9.99913469e-01 9.99959569e-01 9.99970707e-01 9.99975744e-01 3.13455843e-18 8.40934738e-19 1.40808814e-06 3.39725510e-07 3.39725510e-07 3.56292512e-03 3.56292512e-03 1.40223417e-04 1.01169088e-18 5.91466174e-04 1.30993128e-02 1.17204750e-02 1.81558289e-03 3.03855720e-03 4.45486855e-03 6.06144166e-03
3.90390390e-03 -2.06697975e+01 -2.06697975e+01 -2.50725139e-02 -6.80089310e-03 -6.80087275e-03 7.13254574e+01 7.13254574e+01 1.03946107e+02 1.73372523e+02 2.07875594e+02 3.10868384e+02 3.12732535e+02 4.15660980e+02 5.19463571e+02 6.23199795e+02 7.26859814e+02 3.05342132e-16 8.14824468e-16 1.26907880e-06 1.60171310e-16 4.40019711e-16 1.09323593e-28 2.42596957e-16 9.99999722e-01 3.60335110e-16 9.99988589e-01 7.14553488e-01 6.99876587e-01 9.99906358e-01 9.99956247e-01 9.99968314e-01 9.99973802e-01 1.24453804e-18 1.33613038e-18 1.40808814e-06 3.39725510e-07 3.39725510e-07 3.56292512e-03 3.56292512e-03 1.45835414e-04 9.34937537e-19 6.15173791e-04 1.31290664e-02 1.16949640e-02 1.88847300e-03 3.16050059e-03 4.63254367e-03 6.29805956e-03
4.05405405e-03 -2.06697975e+01 -2.06697975e+01 -2.50725138e-02 -6.80088922e-03 -6.80088808e-03 7.13254574e+01 7.13254574e+01 1.03945905e+02 1.73372523e+02 2.07873884e+02 3.10828804e+02 3.12764954e+02 4.15650467e+02 5.19441580e+02 6.23161237e+02 7.26799352e+02 9.32027162e-16 1.67980844e-15 1.31788952e-06 9.13660176e-16 4.83680311e-17 2.09394714e-16 1.15645797e-28 9.99999700e-01 2.63052543e-16 9.99987693e-01 7.14844804e-01 6.99602295e-01 9.99898960e-01 9.99952791e-01 9.99965826e-01 9.99971791e-01 7.05632704e-19 1.75494102e-18 1.40808814e-06 3.39725510e-07 3.39725510e-07 3.56292512e-03 3.56292512e-03 1.51447770e-04 3.67393819e-18 6.38887173e-04 1.31589097e-02 1.16695296e-02 1.96139433e-03 3.28248999e-03 4.81015345e-03 6.53399744e-03
4.20420420e-03 -2.06697975e+01 -2.06697975e+01 -2.50725136e-02 -6.80089817e-03 -6.80089799e-03 7.13254574e+01 7.13254574e+01 1.03945695e+02 1.73372523e+02 2.07872109e+02 3.10789072e+02 3.12797253e+02 4.15639555e+02 5.19418752e+02 6.23121230e+02 7.26736725e+02 1.19022893e-15 3.80125915e-16 1.36670025e-06 2.76664991e-16 8.47051966e-16 1.17758764e-28 7.11229769e-17 9.99999677e-01 4.64146758e-16 9.99986763e-01 7.15136507e-01 6.99328266e-01 9.99891274e-01 9.99949201e-01 9.99963244e-01 9.99969710e-01 4.80144657e-18 2.69012653e-18 1.40808814e-06 3.39725510e-07 3.39725510e-07 3.56292512e-03 3.56292512e-03 1.57060501e-04 2.62686603e-18 6.62606542e-04 1.31888429e-02 1.16441717e-02 2.03434806e-03 3.40452694e-03 4.98769457e-03 6.76923048e-03
4.35435435e-03 -2.06697975e+01 -2.06697975e+01 -2.50725143e-02 -6.80091191e-03 -6.80088766e-03 7.13254574e+01 7.13254574e+01 1.03945477e+02 1.73372523e+02 2.07870269e+02 3.10749185e+02 3.12829434e+02 4.15628241e+02 5.19395087e+02 6.23079777e+02 7.26671948e+02 3.91259378e-16 2.29807350e-16 1.41551097e-06 2.49666986e-17 2.33912058e-15 8.26833163e-17 1.24034819e-28 9.99999654e-01 5.55837069e-16 9.99985798e-01 7.15428602e-01 6.99054496e-01 9.99883299e-01 9.99945476e-01 9.99960567e-01 9.99967561e-01 5.54522060e-19 3.00786120e-18 1.40808814e-06 3.39725510e-07 3.39725510e-07 3.56292512e-03 3.56292512e-03 1.62673619e-04 3.82539233e-19 6.86332122e-04 1.32188664e-02 1.16188899e-02 2.10733534e-03 3.52661297e-03 5.16516365e-03 7.00373401e-03
4.50450450e-03 -2.06697975e+01 -2.06697975e+01 -2.50725148e-02 -6.80090316e-03 -6.80090105e-03 7.13254574e+01 7.13254574e+01 1.03945251e+02 1.73372523e+02 2.07868364e+02 3.10709145e+02 3.12861498e+02 4.15616526e+02 5.19370583e+02 6.23036877e+02 7.26605032e+02 7.57972904e-16 8.74260254e-16 1.46432169e-06 3.50424747e-17 4.40153490e-16 8.50288318e-17 1.25061231e-28 9.99999630e-01 5.39804247e-16 9.99984799e-01 7.15721090e-01 6.98780985e-01 9.99875034e-01 9.99941615e-01 9.99957796e-01 9.99965343e-01 1.38049450e-18 2.26409492e-18 1.40808814e-06 3.39725510e-07 3.39725510e-07 3.56292512e-03 3.56292512e-03 1.68287139e-04 4.53582251e-18 7.10064133e-04 1.32489802e-02 1.15936840e-02 2.18035734e-03 3.64874956e-03 5.34255717e-03 7.23748354e-03
4.65465465e-03 -2.06697975e+01 -2.06697975e+01 -2.50725129e-02 -6.80091994e-03 -6.80089542e-03 7.13254574e+01 7.13254574e+01 1.03945018e+02 1.73372523e+02 2.07866395e+02 3.10668949e+02 3.12893444e+02 4.15604409e+02 5.19345239e+02 6.22992531e+02 7.26535992e+02 6.95272677e-16 4.25624359e-16 1.51313241e-06 3.41238397e-17 3.88182357e-16 1.32690664e-28 1.37577047e-16 9.99999604e-01 3.13473662e-16 9.99983766e-01 7.16013975e-01 6.98507730e-01 9.99866478e-01 9.99937619e-01 9.99954930e-01 9.99963059e-01 2.02883552e-18 1.83081646e-19 1.40808814e-06 3.39725510e-07 3.39725510e-07 3.56292512e-03 3.56292512e-03 1.73901075e-04 2.96858584e-18 7.33802800e-04 1.32791846e-02 1.15685538e-02 2.25341522e-03 3.77093818e-03 5.51987157e-03 7.47045472e-03
4.80480480e-03 -2.06697975e+01 -2.06697975e+01 -2.50725149e-02 -6.80089965e-03 -6.80088682e-03 7.13254574e+01 7.13254574e+01 1.03944777e+02 1.73372523e+02 2.07864360e+02 3.10628598e+02 3.12925273e+02 4.15591890e+02 5.19319055e+02 6.22946741e+02 7.26464841e+02 3.78314665e-16 4.35621600e-16 1.56194314e-06 1.14225952e-15 1.40810166e-16 1.33398929e-28 1.24148858e-16 9.99999578e-01 7.26833646e-16 9.99982699e-01 7.16307258e-01 6.98234729e-01 9.99857631e-01 9.99933487e-01 9.99951970e-01 9.99960707e-01 4.96877927e-18 4.42866871e-18 1.40808814e-06 3.39725510e-07 3.39725510e-07 3.56292512e-03 3.56292512e-03 1.79515440e-04 2.23554270e-18 7.57548346e-04 1.33094800e-02 1.15434990e-02 2.32651013e-03 3.89318025e-03 5.69710314e-03 7.70262338e-03
4.95495495e-03 -2.06697975e+01 -2.06697975e+01 -2.50725153e-02 -6.80090418e-03 -6.80089280e-03 7.13254574e+01 7.13254574e+01 1.03944529e+02 1.73372523e+02 2.07862260e+02 3.10588090e+02 3.12956986e+02 4.15578969e+02 5.19292029e+02 6.22899508e+02 7.26391595e+02 6.87360507e-16 3.80162395e-16 1.61075386e-06 2.66114940e-15 3.00325874e-17 1.75992892e-16 1.39649911e-28 9.99999552e-01 1.89846177e-16 9.99981598e-01 7.16600944e-01 6.97961981e-01 9.99848490e-01 9.99929218e-01 9.99948915e-01 9.99958291e-01 1.23585608e-18 2.35159197e-18 1.40808814e-06 3.39725510e-07 3.39725510e-07 3.56292512e-03 3.56292512e-03 1.85130248e-04 2.45253959e-18 7.81300992e-04 1.33398664e-02 1.15185193e-02 2.39964322e-03 4.01547719e-03 5.87424811e-03 7.93396550e-03
5.10510511e-03 -2.06697975e+01 -2.06697975e+01 -2.50725152e-02 -6.80089439e-03 -6.80089428e-03 7.13254574e+01 7.13254574e+01 1.03944273e+02 1.73372523e+02 2.07860096e+02 3.10547425e+02 3.12988584e+02 4.15565644e+02 5.19264162e+02 6.22850832e+02 7.26316267e+02 1.55520051e-16 2.62521243e-16 1.65956458e-06 8.36059583e-28 4.90947279e-28 1.42184138e-45 1.58215325e-27 9.99999524e-01 6.53713142e-16 9.99980462e-01 7.16895034e-01 6.97689484e-01 9.99839055e-01 9.99924813e-01 9.99945766e-01 9.99955809e-01 7.30721100e-19 3.68562158e-18 1.40808814e-06 3.39725510e-07 3.39725510e-07 3.56292512e-03 3.56292512e-03 1.90745514e-04 1.92920751e-18 8.05060962e-04 1.33703443e-02 1.14936146e-02 2.47281563e-03 4.13783035e-03 6.05130258e-03 8.16445727e-03
5.25525526e-03 -2.06697975e+01 -2.06697975e+01 -2.50725141e-02 -6.80089173e-03 -6.80088772e-03 7.13254574e+01 7.13254574e+01 1.03944009e+02 1.73372523e+02 2.07857866e+02 3.10506601e+02 3.13020066e+02 4.15551916e+02 5.19235451e+02 6.22800715e+02 7.26238873e+02 1.09550597e-15 6.90500804e-16 1.70837531e-06 8.65241474e-17 2.81326395e-15 1.48006546e-28 2.68563073e-16 9.99999496e-01 1.08682958e-15 9.99979292e-01 7.17189532e-01 6.97417235e-01 9.99829325e-01 9.99920269e-01 9.99942522e-01 9.99953263e-01 1.38032200e-18 6.20481604e-19 1.40808814e-06 3.39725510e-07 3.39725510e-07 3.56292512e-03 3.56292512e-03 1.96361250e-04 5.01334389e-19 8.28828479e-04 1.34009137e-02 1.14687845e-02 2.54602850e-03 4.26024109e-03 6.22826256e-03 8.39407505e-03
5.40540541e-03 -2.06697975e+01 -2.06697975e+01 -2.50725140e-02 -6.80090515e-03 -6.80087990e-03 7.13254574e+01 7.13254574e+01 1.03943738e+02 1.73372523e+02 2.07855571e+02 3.10465620e+02 3.13051434e+02 4.15537784e+02 5.19205896e+02 6.22749158e+02 7.26159429e+02 5.70185962e-16 1.55457497e-16 1.75718603e-06 4.94841832e-16 1.22861075e-16 1.65423379e-16 1.23735243e-24 9.99999466e-01 4.77118533e-16 9.99978087e-01 7.17484441e-01 6.97145233e-01 9.99819298e-01 9.99915587e-01 9.99939184e-01 9.99950655e-01 5.57032922e-18 5.12163785e-19 1.40808814e-06 3.39725510e-07 3.39725510e-07 3.56292512e-03 3.56292512e-03 2.01977472e-04 1.36928850e-18 8.52603766e-04 1.34315750e-02 1.14440288e-02 2.61928297e-03 4.38271070e-03 6.40512396e-03 8.62279537e-03
5.55555556e-03 -2.06697975e+01 -2.06697975e+01 -2.50725147e-02 -6.80089337e-03 -6.80088650e-03 7.13254574e+01 7.13254574e+01 1.03943459e+02 1.73372523e+02 2.07853210e+02 3.10424478e+02 3.13082688e+02 4.15523247e+02 5.19175496e+02 6.22696163e+02 7.26077950e+02 1.81853134e-15 8.27443302e-16 1.80599675e-06 2.99933168e-15 6.61427410e-17 1.56313536e-28 1.96639752e-16 9.99999436e-01 6.19822682e-16 9.99976849e-01 7.17779762e-01 6.96873477e-01 9.99808973e-01 9.99910767e-01 9.99935750e-01 9.99947984e-01 8.22023425e-19 1.01752083e-18 1.40808814e-06 3.39725510e-07 3.39725510e-07 3.56292512e-03 3.56292512e-03 2.07594192e-04 9.48712844e-19 8.76387047e-04 1.34623284e-02 1.14193473e-02 2.69258018e-03 4.50524046e-03 6.58188255e-03 8.85059498e-03
5.70570571e-03 -2.06697975e+01 -2.06697975e+01 -2.50725136e-02 -6.80090199e-03 -6.80089763e-03 7.13254574e+01 7.13254574e+01 1.03943172e+02 1.73372523e+02 2.07850785e+02 3.10383177e+02 3.13113828e+02 4.15508305e+02 5.19144250e+02 6.22641729e+02 7.25994454e+02 2.10987114e-16 4.16131442e-16 1.85480748e-06 5.23604849e-16 9.59044717e-17 1.51129952e-16 1.57322593e-28 9.99999405e-01 6.29173373e-16 9.99975575e-01 7.18075501e-01 6.96601964e-01 9.99798349e-01 9.99905807e-01 9.99932223e-01 9.99945252e-01 1.99430565e-18 2.33884588e-18 1.40808814e-06 3.39725510e-07 3.39725510e-07 3.56292512e-03 3.56292512e-03 2.13211425e-04 4.09752269e-18 9.00178545e-04 1.34931740e-02 1.13947398e-02 2.76592123e-03 4.62783160e-03 6.75853402e-03 9.07745081e-03
5.85585586e-03 -2.06697975e+01 -2.06697975e+01 -2.50725140e-02 -6.80089788e-03 -6.80089737e-03 7.13254574e+01 7.13254574e+01 1.03942878e+02 1.73372523e+02 2.07848294e+02 3.10341714e+02 3.13144855e+02 4.15492957e+02 5.19112157e+02 6.22585860e+02 7.25908956e+02 7.69860499e-16 6.60168704e-16 1.90361820e-06 5.00460702e-16 4.41266951e-17 1.25984128e-16 1.36016914e-24 9.99999374e-01 2.59160879e-16 9.99974268e-01 7.18371658e-01 6.96330692e-01 9.99787425e-01 9.99900707e-01 9.99928600e-01 9.99942459e-01 3.05340925e-18 2.81795916e-18 1.40808814e-06 3.39725510e-07 3.39725510e-07 3.56292512e-03 3.56292512e-03 2.18829185e-04 3.38344565e-18 9.23978483e-04 1.35241122e-02 1.13702059e-02 2.83930726e-03 4.75048533e-03 6.93507392e-03 9.30334002e-03
6.00600601e-03 -2.06697975e+01 -2.06697975e+01 -2.50725145e-02 -6.80089829e-03 -6.80088208e-03 7.13254574e+01 7.13254574e+01 1.03942575e+02 1.73372523e+02 2.07845738e+02 3.10300090e+02 3.13175770e+02 4.15477203e+02 5.19079216e+02 6.22528556e+02 7.25821474e+02 2.56851290e-16 6.29841509e-16 1.95242892e-06 6.42663936e-16 1.11569553e-16 1.10613195e-16 1.65480474e-28 9.99999341e-01 4.25700997e-16 9.99972925e-01 7.18668238e-01 6.96059660e-01 9.99776198e-01 9.99895467e-01 9.99924883e-01 9.99939607e-01 2.29695714e-18 4.33540573e-18 1.40808814e-06 3.39725510e-07 3.39725510e-07 3.56292512e-03 3.56292512e-03 2.24447485e-04 4.31720381e-20 9.47787085e-04 1.35551432e-02 1.13457455e-02 2.91273937e-03 4.87320281e-03 7.11149770e-03 9.52823994e-03
6.15615616e-03 -2.06697975e+01 -2.06697975e+01 -2.50725136e-02 -6.80090884e-03 -6.80089219e-03 7.13254574e+01 7.13254574e+01 1.03942266e+02 1.73372523e+02 2.07843116e+02 3.10258304e+02 3.13206573e+02 4.15461042e+02 5.19045425e+02 6.22469819e+02 7.25732026e+02 6.11029716e-16 2.27662869e-16 2.00123965e-06 2.09323633e-16 5.88654167e-16 1.66310960e-28 2.47437911e-16 9.99999308e-01 1.64958598e-16 9.99971548e-01 7.18965243e-01 6.95788866e-01 9.99764668e-01 9.99890086e-01 9.99921071e-01 9.99936696e-01 2.30868845e-18 2.73756649e-18 1.40808814e-06 3.39725510e-07 3.39725510e-07 3.56292512e-03 3.56292512e-03 2.30066340e-04 7.62531697e-19 9.71604575e-04 1.35862672e-02 1.13213582e-02 2.98621869e-03 4.99598516e-03 7.28780067e-03 9.75212814e-03
6.30630631e-03 -2.06697975e+01 -2.06697975e+01 -2.50725142e-02 -6.80089596e-03 -6.80088612e-03 7.13254574e+01 7.13254574e+01 1.03941948e+02 1.73372523e+02 2.07840429e+02 3.10216354e+02 3.13237264e+02 4.15444474e+02 5.19010784e+02 6.22409651e+02 7.25640629e+02 8.43544888e-16 1.77584411e-16 2.05005037e-06 1.91084539e-16 5.63874456e-16 1.79407652e-28 2.54505194e-16 9.99999273e-01 5.13227681e-16 9.99970137e-01 7.19262676e-01 6.95518309e-01 9.99752833e-01 9.99884563e-01 9.99917165e-01 9.99933728e-01 8.17381616e-19 1.14559783e-18 1.40808814e-06 3.39725510e-07 3.39725510e-07 3.56292512e-03 3.56292512e-03 2.35685763e-04 8.49095096e-19 9.95431176e-04 1.36174845e-02 1.12970439e-02 3.05974630e-03 5.11883347e-03 7.46397804e-03 9.97498242e-03
6.45645646e-03 -2.06697975e+01 -2.06697975e+01 -2.50725140e-02 -6.80088780e-03 -6.80088464e-03 7.13254574e+01 7.13254574e+01 1.03941623e+02 1.73372523e+02 2.07837677e+02 3.10174240e+02 3.13267844e+02 4.15427497e+02 5.18975292e+02 6.22348052e+02 7.25547301e+02 2.76875412e-16 5.55851057e-16 2.09886109e-06 3.54061839e-15 6.59650154e-17 1.79727269e-28 1.34430894e-16 9.99999238e-01 3.86614962e-16 9.99968691e-01 7.19560540e-01 6.95247986e-01 9.99740692e-01 9.99878897e-01 9.99913164e-01 9.99930703e-01 2.06728305e-18 1.21794952e-18 1.40808814e-06 3.39725510e-07 3.39725510e-07 3.56292512e-03 3.56292512e-03 2.41305768e-04 5.76928176e-18 1.01926711e-03 1.36487952e-02 1.12728023e-02 3.13332331e-03 5.24174877e-03 7.64002489e-03 1.01967808e-02
6.60660661e-03 -2.06697975e+01 -2.06697975e+01 -2.50725138e-02 -6.80090257e-03 -6.80090208e-03 7.13254574e+01 7.13254574e+01 1.03941290e+02 1.73372523e+02 2.07834858e+02 3.10131961e+02 3.13298314e+02 4.15410112e+02 5.18938947e+02 6.22285026e+02 7.25452062e+02 2.43236641e-16 4.76706054e-15 2.14767181e-06 1.55268150e-15 1.05760213e-16 1.35714954e-16 1.80470943e-28 9.99999202e-01 4.41886231e-16 9.99967210e-01 7.19858838e-01 6.94977896e-01 9.99728243e-01 9.99873089e-01 9.99909068e-01 9.99927623e-01 1.35206471e-18 1.40468335e-18 1.40808814e-06 3.39725510e-07 3.39725510e-07 3.56292512e-03 3.56292512e-03 2.46926369e-04 1.18150928e-18 1.04311261e-03 1.36801996e-02 1.12486331e-02 3.20695081e-03 5.36473208e-03 7.81593615e-03 1.04175014e-02
6.75675676e-03 -2.06697975e+01 -2.06697975e+01 -2.50725139e-02 -6.80090376e-03 -6.80089085e-03 7.13254574e+01 7.13254574e+01 1.03940950e+02 1.73372523e+02 2.07831975e+02 3.10089517e+02 3.13328674e+02 4.15392317e+02 5.18901749e+02 6.22220572e+02 7.25354929e+02 3.88338368e-16 3.33738935e-16 2.19648254e-06 5.99538232e-16 1.88492830e-16 1.82622929e-28 1.34375148e-16 9.99999166e-01 5.18008540e-16 9.99965694e-01 7.20157574e-01 6.94708037e-01 9.99715485e-01 9.99867137e-01 9.99904878e-01 9.99924489e-01 2.50407093e-18 6.58930936e-19 1.40808814e-06 3.39725510e-07 3.39725510e-07 3.56292512e-03 3.56292512e-03 2.52547580e-04 8.15567569e-19 1.06696789e-03 1.37116979e-02 1.12245362e-02 3.28062988e-03 5.48778435e-03 7.99170665e-03 1.06371229e-02
6.90690691e-03 -2.06697975e+01 -2.06697975e+01 -2.50725135e-02 -6.80088816e-03 -6.80088803e-03 7.13254574e+01 7.13254574e+01 1.03940602e+02 1.73372523e+02 2.07829025e+02 3.10046907e+02 3.13358924e+02 4.15374112e+02 5.18863695e+02 6.22154695e+02 7.25255922e+02 9.69334510e-16 3.70424414e-16 2.24529326e-06 1.43163928e-16 5.72389563e-16 1.94427272e-28 8.31827332e-17 9.99999128e-01 4.29282661e-16 9.99964144e-01 7.20456750e-01 6.94438407e-01 9.99702416e-01 9.99861041e-01 9.99900593e-01 9.99921301e-01 3.39435995e-18 1.53200106e-18 1.40808814e-06 3.39725510e-07 3.39725510e-07 3.56292512e-03 3.56292512e-03 2.58169416e-04 2.44331592e-18 1.09083318e-03 1.37432904e-02 1.12005112e-02 3.35436160e-03 5.61090649e-03 8.16733108e-03 1.08556238e-02
7.05705706e-03 -2.06697975e+01 -2.06697975e+01 -2.50725135e-02 -6.80089593e-03 -6.80087842e-03 7.13254574e+01 7.13254574e+01 1.03940246e+02 1.73372523e+02 2.07826010e+02 3.10004129e+02 3.13389066e+02 4.15355497e+02 5.18824786e+02 6.22087394e+02 7.25155061e+02 8.63283091e-16 6.48239958e-16 2.29410398e-06 1.51310123e-15 6.32180356e-17 1.68008616e-16 1.95429784e-28 9.99999090e-01 4.64418935e-16 9.99962558e-01 7.20756369e-01 6.94169005e-01 9.99689034e-01 9.99854800e-01 9.99896214e-01 9.99918060e-01 1.34608891e-18 1.09807462e-19 1.40808814e-06 3.39725510e-07 3.39725510e-07 3.56292512e-03 3.56292512e-03 2.63791889e-04 1.11921224e-18 1.11470870e-03 1.37749772e-02 1.11765580e-02 3.42814704e-03 5.73409938e-03 8.34280399e-03 1.10729832e-02
7.20720721e-03 -2.06697975e+01 -2.06697975e+01 -2.50725146e-02 -6.80089552e-03 -6.80088488e-03 7.13254574e+01 7.13254574e+01 1.03939883e+02 1.73372523e+02 2.07822929e+02 3.09961184e+02 3.13419099e+02 4.15336470e+02 5.18785019e+02 6.22018673e+02 7.25052365e+02 1.04228793e-15 3.34723603e-16 2.34291471e-06 8.31906619e-17 6.36444632e-16 3.07937704e-16 1.61301713e-24 9.99999050e-01 2.96984355e-16 9.99960938e-01 7.21056434e-01 6.93899829e-01 9.99675338e-01 9.99848413e-01 9.99891740e-01 9.99914769e-01 5.80059933e-18 3.29703740e-18 1.40808814e-06 3.39725510e-07 3.39725510e-07 3.56292512e-03 3.56292512e-03 2.69415013e-04 7.74168940e-18 1.13859468e-03 1.38067587e-02 1.11526763e-02 3.50198727e-03 5.85736383e-03 8.51811982e-03 1.12891802e-02
7.35735736e-03 -2.06697975e+01 -2.06697975e+01 -2.50725138e-02 -6.80090868e-03 -6.80088079e-03 7.13254574e+01 7.13254574e+01 1.03939512e+02 1.73372523e+02 2.07819782e+02 3.09918070e+02 3.13449024e+02 4.15317031e+02 5.18744394e+02 6.21948534e+02 7.24947854e+02 1.09951562e-15 7.00569362e-16 2.39172543e-06 8.42148523e-17 7.26741386e-16 1.79755063e-16 1.97473464e-28 9.99999010e-01 1.45303363e-16 9.99959283e-01 7.21356949e-01 6.93630878e-01 9.99661325e-01 9.99841880e-01 9.99887172e-01 9.99911427e-01 2.65402414e-18 1.05404209e-19 1.40808814e-06 3.39725510e-07 3.39725510e-07 3.56292512e-03 3.56292512e-03 2.75038804e-04 8.11662633e-19 1.16249134e-03 1.38386350e-02 1.11288658e-02 3.57588334e-03 5.98070064e-03 8.69327284e-03 1.15041943e-02
7.50750751e-03 -2.06697975e+01 -2.06697975e+01 -2.50725139e-02 -6.80091175e-03 -6.80089981e-03 7.13254574e+01 7.13254574e+01 1.03939133e+02 1.73372523e+02 2.07816569e+02 3.09874786e+02 3.13478842e+02 4.15297180e+02 5.18702909e+02 6.21876978e+02 7.24841550e+02 3.39333783e-16 4.37908471e-16 2.44053615e-06 2.95999966e-17 6.79401437e-16 1.37831728e-16 1.72644694e-24 9.99998970e-01 4.16532398e-16 9.99957593e-01 7.21657916e-01 6.93362149e-01 9.99646995e-01 9.99835200e-01 9.99882509e-01 9.99908037e-01 2.25540002e-19 2.93168031e-18 1.40808814e-06 3.39725510e-07 3.39725510e-07 3.56292512e-03 3.56292512e-03 2.80663274e-04 3.31858128e-18 1.18639891e-03 1.38706063e-02 1.11051263e-02 3.64983631e-03 6.10411051e-03 8.86825720e-03 1.17180053e-02
7.65765766e-03 -2.06697975e+01 -2.06697975e+01 -2.50725142e-02 -6.80089715e-03 -6.80088795e-03 7.13254574e+01 7.13254574e+01 1.03938746e+02 1.73372523e+02 2.07813291e+02 3.09831333e+02 3.13508553e+02 4.15276915e+02 5.18660563e+02 6.21804008e+02 7.24733472e+02 1.45243451e-16 1.27212182e-15 2.48934688e-06 4.05159475e-15 9.67216794e-17 2.10584887e-28 1.58191553e-16 9.99998928e-01 4.27893480e-16 9.99955868e-01 7.21959339e-01 6.93093641e-01 9.99632346e-01 9.99828372e-01 9.99877752e-01 9.99904598e-01 3.40936365e-18 5.08629189e-18 1.40808814e-06 3.39725510e-07 3.39725510e-07 3.56292512e-03 3.56292512e-03 2.86288438e-04 3.86960823e-18 1.21031761e-03 1.39026729e-02 1.10814576e-02 3.72384721e-03 6.22759413e-03 9.04306692e-03 1.19305930e-02
7.80780781e-03 -2.06697975e+01 -2.06697975e+01 -2.50725147e-02 -6.80089663e-03 -6.80089526e-03 7.13254574e+01 7.13254574e+01 1.03938352e+02 1.73372523e+02 2.07809946e+02 3.09787708e+02 3.13538157e+02 4.15256235e+02 5.18617355e+02 6.21729626e+02 7.24623641e+02 2.17858632e-16 7.76491570e-16 2.53815760e-06 7.61256908e-17 6.69168877e-16 1.03323050e-16 1.73169718e-24 9.99998885e-01 3.53057002e-16 9.99954107e-01 7.22261221e-01 6.92825353e-01 9.99617374e-01 9.99821395e-01 9.99872901e-01 9.99901113e-01 4.04398223e-19 2.56274551e-18 1.40808814e-06 3.39725510e-07 3.39725510e-07 3.56292512e-03 3.56292512e-03 2.91914309e-04 6.37166770e-18 1.23424767e-03 1.39348349e-02 1.10578594e-02 3.79791709e-03 6.35115213e-03 9.21769586e-03 1.21419378e-02
7.95795796e-03 -2.06697975e+01 -2.06697975e+01 -2.50725149e-02 -6.80089839e-03 -6.80089552e-03 7.13254574e+01 7.13254574e+01 1.03937950e+02 1.73372523e+02 2.07806535e+02 3.09743911e+02 3.13567655e+02 4.15235141e+02 5.18573283e+02 6.21653834e+02 7.24512080e+02 6.91234552e-16 5.24578309e-16 2.58696832e-06 6.69193003e-16 2.93474895e-17 1.73610548e-24 2.04802327e-16 9.99998842e-01 3.10411285e-16 9.99952312e-01 7.22563564e-01 6.92557282e-01 9.99602080e-01 9.99814269e-01 9.99867956e-01 9.99897582e-01 2.11255843e-18 2.22661042e-18 1.40808814e-06 3.39725510e-07 3.39725510e-07 3.56292512e-03 3.56292512e-03 2.97540902e-04 1.78928843e-18 1.25818931e-03 1.39670927e-02 1.10343315e-02 3.87204696e-03 6.47478508e-03 9.39213775e-03 1.23520201e-02
8.10810811e-03 -2.06697975e+01 -2.06697975e+01 -2.50725143e-02 -6.80090144e-03 -6.80090067e-03 7.13254574e+01 7.13254574e+01 1.03937540e+02 1.73372523e+02 2.07803058e+02 3.09699942e+02 3.13597048e+02 4.15213630e+02 5.18528346e+02 6.21576636e+02 7.24398808e+02 3.60032157e-16 4.19073487e-16 2.63577904e-06 7.89555709e-17 7.38950848e-16 2.24954779e-28 1.37151358e-16 9.99998798e-01 5.61595152e-16 9.99950481e-01 7.22866373e-01 6.92289428e-01 9.99586460e-01 9.99806993e-01 9.99862917e-01 9.99894007e-01 1.54064877e-18 3.78912527e-18 1.40808814e-06 3.39725510e-07 3.39725510e-07 3.56292512e-03 3.56292512e-03 3.03168230e-04 2.35261647e-18 1.28214276e-03 1.39994463e-02 1.10108737e-02 3.94623786e-03 6.59849350e-03 9.56638619e-03 1.25608208e-02
8.25825826e-03 -2.06697975e+01 -2.06697975e+01 -2.50725141e-02 -6.80088669e-03 -6.80088394e-03 7.13254574e+01 7.13254574e+01 1.03937123e+02 1.73372523e+02 2.07799514e+02 3.09655800e+02 3.13626335e+02 4.15191704e+02 5.18482544e+02 6.21498034e+02 7.24283849e+02 6.58982715e-16 8.37672317e-16 2.68458977e-06 1.27520539e-16 7.10602545e-16 2.28872582e-16 2.25430894e-28 9.99998753e-01 6.13853027e-16 9.99948615e-01 7.23169650e-01 6.92021788e-01 9.99570513e-01 9.99799567e-01 9.99857784e-01 9.99890389e-01 1.84961138e-18 1.57249557e-19 1.40808814e-06 3.39725510e-07 3.39725510e-07 3.56292512e-03 3.56292512e-03 3.08796308e-04 5.31919123e-18 1.30610825e-03 1.40318961e-02 1.09874856e-02 4.02049078e-03 6.72227786e-03 9.74043459e-03 1.27683209e-02
8.40840841e-03 -2.06697975e+01 -2.06697975e+01 -2.50725153e-02 -6.80090107e-03 -6.80089149e-03 7.13254574e+01 7.13254574e+01 1.03936698e+02 1.73372523e+02 2.07795905e+02 3.09611483e+02 3.13655518e+02 4.15169359e+02 5.18435873e+02 6.21418030e+02 7.24167225e+02 2.12017300e-16 4.19844522e-16 2.73340049e-06 6.02351612e-17 7.00960569e-16 2.25899543e-28 1.79403299e-16 9.99998707e-01 6.57243787e-16 9.99946713e-01 7.23473399e-01 6.91754362e-01 9.99554237e-01 9.99791988e-01 9.99852558e-01 9.99886729e-01 3.60399979e-18 7.74988953e-19 1.40808814e-06 3.39725510e-07 3.39725510e-07 3.56292512e-03 3.56292512e-03 3.14425148e-04 2.56948259e-18 1.33008599e-03 1.40644422e-02 1.09641672e-02 4.09480674e-03 6.84613858e-03 9.91427627e-03 1.29745018e-02
8.55855856e-03 -2.06697975e+01 -2.06697975e+01 -2.50725137e-02 -6.80089397e-03 -6.80089253e-03 7.13254574e+01 7.13254574e+01 1.03936266e+02 1.73372523e+02 2.07792229e+02 3.09566991e+02 3.13684597e+02 4.15146597e+02 5.18388334e+02 6.21336628e+02 7.24048956e+02 1.74643003e-16 1.65115991e-15 2.78221121e-06 8.39215014e-17 4.61923272e-15 9.92130094e-17 2.28503633e-28 9.99998660e-01 6.47050859e-16 9.99944776e-01 7.23777622e-01 6.91487146e-01 9.99537630e-01 9.99784257e-01 9.99847238e-01 9.99883028e-01 6.27079319e-18 2.19559804e-18 1.40808814e-06 3.39725510e-07 3.39725510e-07 3.56292512e-03 3.56292512e-03 3.20054766e-04 1.13235992e-18 1.35407622e-03 1.40970849e-02 1.09409181e-02 4.16918673e-03 6.97007601e-03 1.00879044e-02 1.31793450e-02
8.70870871e-03 -2.06697975e+01 -2.06697975e+01 -2.50725137e-02 -6.80090499e-03 -6.80088682e-03 7.13254574e+01 7.13254574e+01 1.03935825e+02 1.73372523e+02 2.07788486e+02 3.09522323e+02 3.13713573e+02 4.15123415e+02 5.18339925e+02 6.21253830e+02 7.23929067e+02 3.06319600e-16 2.25997374e-15 2.83102194e-06 1.93072060e-15 5.00188415e-17 2.40220027e-28 2.69224744e-16 9.99998612e-01 4.41227995e-16 9.99942804e-01 7.24082323e-01 6.91220141e-01 9.99520689e-01 9.99776373e-01 9.99841824e-01 9.99879288e-01 2.99031386e-18 1.03344694e-18 1.40808814e-06 3.39725510e-07 3.39725510e-07 3.56292512e-03 3.56292512e-03 3.25685175e-04 2.57788195e-18 1.37807916e-03 1.41298243e-02 1.09177380e-02 4.24363172e-03 7.09409044e-03 1.02613119e-02 1.33828327e-02
8.85885886e-03 -2.06697975e+01 -2.06697975e+01 -2.50725145e-02 -6.80090143e-03 -6.80088959e-03 7.13254574e+01 7.13254574e+01 1.03935377e+02 1.73372523e+02 2.07784677e+02 3.09477479e+02 3.13742445e+02 4.15099814e+02 5.18290645e+02 6.21169639e+02 7.23807580e+02 5.66926345e-16 3.73508801e-16 2.87983266e-06 6.14913493e-17 8.27912729e-16 1.96037836e-24 1.24988877e-16 9.99998564e-01 1.18254231e-15 9.99940796e-01 7.24387506e-01 6.90953344e-01 9.99503413e-01 9.99768335e-01 9.99836318e-01 9.99875510e-01 1.49093110e-18 3.55197806e-18 1.40808814e-06 3.39725510e-07 3.39725510e-07 3.56292512e-03 3.56292512e-03 3.31316389e-04 5.71677926e-19 1.40209504e-03 1.41626607e-02 1.08946269e-02 4.31814271e-03 7.21818211e-03 1.04344917e-02 1.35849469e-02
9.00900901e-03 -2.06697975e+01 -2.06697975e+01 -2.50725135e-02 -6.80090145e-03 -6.80089456e-03 7.13254574e+01 7.13254574e+01 1.03934921e+02 1.73372523e+02 2.07780801e+02 3.09432457e+02 3.13771214e+02 4.15075792e+02 5.18240491e+02 6.21084058e+02 7.23684517e+02 1.41840021e-15 2.48607358e-16 2.92864338e-06 2.07488309e-16 4.80601488e-15 2.40856357e-28 1.78028526e-16 9.99998515e-01 1.24302941e-16 9.99938752e-01 7.24693173e-01 6.90686754e-01 9.99485800e-01 9.99760142e-01 9.99830718e-01 9.99871694e-01 3.42290594e-18 3.34249189e-19 1.40808814e-06 3.39725510e-07 3.39725510e-07 3.56292512e-03 3.56292512e-03 3.36948423e-04 1.12690003e-19 1.42612409e-03 1.41955943e-02 1.08715843e-02 4.39272065e-03 7.34235121e-03 1.06074365e-02 1.37856703e-02
9.15915916e-03 -2.06697975e+01 -2.06697975e+01 -2.50725129e-02 -6.80089439e-03 -6.80089428e-03 7.13254574e+01 7.13254574e+01 1.03934458e+02 1.73372523e+02 2.07776859e+02 3.09387256e+02 3.13799882e+02 4.15051349e+02 5.18189464e+02 6.20997091e+02 7.23559903e+02 2.51754846e-16 1.85419375e-16 2.97745411e-06 1.44002878e-27 8.45607447e-28 2.49174162e-45 2.72510028e-27 9.99998465e-01 4.86418598e-16 9.99936673e-01 7.24999328e-01 6.90420370e-01 9.99467846e-01 9.99751794e-01 9.99825025e-01 9.99867843e-01 1.30185430e-19 2.81654670e-18 1.40808814e-06 3.39725510e-07 3.39725510e-07 3.56292512e-03 3.56292512e-03 3.42581289e-04 2.86465781e-18 1.45016652e-03 1.42286252e-02 1.08486102e-02 4.46736650e-03 7.46659785e-03 1.07801388e-02 1.39849856e-02
9.30930931e-03 -2.06697975e+01 -2.06697975e+01 -2.50725136e-02 -6.80089162e-03 -6.80088671e-03 7.13254574e+01 7.13254574e+01 1.03933987e+02 1.73372523e+02 2.07772849e+02 3.09341877e+02 3.13828447e+02 4.15026483e+02 5.18137560e+02 6.20908742e+02 7.23433760e+02 4.47934578e-16 6.54045151e-16 3.02626483e-06 5.07907275e-15 1.36528653e-16 2.06710637e-16 2.47359546e-28 9.99998414e-01 4.23993778e-16 9.99934558e-01 7.25305974e-01 6.90154189e-01 9.99449550e-01 9.99743289e-01 9.99819240e-01 9.99863957e-01 3.28007072e-18 7.90687266e-19 1.40808814e-06 3.39725510e-07 3.39725510e-07 3.56292512e-03 3.56292512e-03 3.48215003e-04 1.14385828e-19 1.47422257e-03 1.42617536e-02 1.08257042e-02 4.54208121e-03 7.59092209e-03 1.09525911e-02 1.41828761e-02
9.45945946e-03 -2.06697975e+01 -2.06697975e+01 -2.50725145e-02 -6.80089435e-03 -6.80089427e-03 7.13254574e+01 7.13254574e+01 1.03933508e+02 1.73372523e+02 2.07768773e+02 3.09296318e+02 3.13856912e+02 4.15001193e+02 5.18084780e+02 6.20819012e+02 7.23306112e+02 1.33811542e-15 6.50015924e-16 3.07507555e-06 4.86244285e-15 1.40404603e-15 4.77658041e-21 3.15127795e-18 9.99998362e-01 2.45419263e-16 9.99932407e-01 7.25613114e-01 6.89888210e-01 9.99430911e-01 9.99734626e-01 9.99813362e-01 9.99860038e-01 8.47427173e-19 9.13287022e-19 1.40808814e-06 3.39725510e-07 3.39725510e-07 3.56292512e-03 3.56292512e-03 3.53849577e-04 1.00322081e-18 1.49829247e-03 1.42949799e-02 1.08028662e-02 4.61686572e-03 7.71532391e-03 1.11247856e-02 1.43793251e-02
9.60960961e-03 -2.06697975e+01 -2.06697975e+01 -2.50725141e-02 -6.80089869e-03 -6.80089194e-03 7.13254574e+01 7.13254574e+01 1.03933021e+02 1.73372523e+02 2.07764630e+02 3.09250577e+02 3.13885275e+02 4.14975480e+02 5.18031122e+02 6.20727907e+02 7.23176982e+02 8.23305992e-16 3.35013681e-16 3.12388628e-06 5.12603561e-15 7.03972498e-17 2.55909392e-28 6.27331153e-17 9.99998310e-01 4.51414953e-16 9.99930220e-01 7.25920752e-01 6.89622432e-01 9.99411924e-01 9.99725805e-01 9.99807393e-01 9.99856088e-01 4.82311260e-18 1.96077157e-18 1.40808814e-06 3.39725510e-07 3.39725510e-07 3.56292512e-03 3.56292512e-03 3.59485027e-04 2.39714942e-19 1.52237644e-03 1.43283041e-02 1.07800958e-02 4.69172095e-03 7.83980325e-03 1.12967143e-02 1.45743166e-02
9.75975976e-03 -2.06697975e+01 -2.06697975e+01 -2.50725145e-02 -6.80089633e-03 -6.80088321e-03 7.13254574e+01 7.13254574e+01 1.03932527e+02 1.73372523e+02 2.07760420e+02 3.09204655e+02 3.13913538e+02 4.14949341e+02 5.17976583e+02 6.20635430e+02 7.23046396e+02 3.72146756e-16 8.19569870e-16 3.17269700e-06 2.45072726e-17 5.28778545e-15 1.29957656e-16 2.56308181e-28 9.99998256e-01 5.79938597e-16 9.99927998e-01 7.26228891e-01 6.89356854e-01 9.99392589e-01 9.99716825e-01 9.99801331e-01 9.99852106e-01 2.32576446e-18 1.24995198e-19 1.40808814e-06 3.39725510e-07 3.39725510e-07 3.56292512e-03 3.56292512e-03 3.65121365e-04 1.37214477e-18 1.54647472e-03 1.43617265e-02 1.07573929e-02 4.76664782e-03 7.96435995e-03 1.14683694e-02 1.47678345e-02
9.90990991e-03 -2.06697975e+01 -2.06697975e+01 -2.50725151e-02 -6.80089439e-03 -6.80089428e-03 7.13254574e+01 7.13254574e+01 1.03932025e+02 1.73372523e+02 2.07756143e+02 3.09158551e+02 3.13941701e+02 4.14922776e+02 5.17921164e+02 6.20541584e+02 7.22914377e+02 5.41195966e-16 4.18693343e-16 3.22150772e-06 1.54266408e-27 9.05876505e-28 2.68057988e-45 2.91932660e-27 9.99998202e-01 2.91369660e-16 9.99925739e-01 7.26537534e-01 6.89091473e-01 9.99372902e-01 9.99707685e-01 9.99795178e-01 9.99848096e-01 6.79301314e-18 6.81855435e-18 1.40808814e-06 3.39725510e-07 3.39725510e-07 3.56292512e-03 3.56292512e-03 3.70758607e-04 3.92189669e-18 1.57058751e-03 1.43952472e-02 1.07347572e-02 4.84164724e-03 8.08899383e-03 1.16397425e-02 1.49598634e-02
1.00600601e-02 -2.06697975e+01 -2.06697975e+01 -2.50725146e-02 -6.80089958e-03 -6.80089197e-03 7.13254574e+01 7.13254574e+01 1.03931515e+02 1.73372523e+02 2.07751798e+02 3.09112263e+02 3.13969765e+02 4.14895784e+02 5.17864862e+02 6.20446373e+02 7.22780949e+02 3.91704004e-16 1.08704039e-16 3.27031844e-06 1.64522562e-16 9.55328623e-16 2.17618046e-24 1.68801720e-16 9.99998147e-01 2.61991333e-16 9.99923444e-01 7.26846685e-01 6.88826289e-01 9.99352861e-01 9.99698385e-01 9.99788933e-01 9.99844057e-01 1.26443035e-18 8.78447281e-19 1.40808814e-06 3.39725510e-07 3.39725510e-07 3.56292512e-03 3.56292512e-03 3.76396765e-04 5.20843659e-18 1.59471507e-03 1.44288664e-02 1.07121885e-02 4.91672010e-03 8.21370459e-03 1.18108254e-02 1.51503880e-02
1.02102102e-02 -2.06697975e+01 -2.06697975e+01 -2.50725127e-02 -6.80089405e-03 -6.80087969e-03 7.13254574e+01 7.13254574e+01 1.03930997e+02 1.73372523e+02 2.07747387e+02 3.09065791e+02 3.13997730e+02 4.14868364e+02 5.17807676e+02 6.20349802e+02 7.22646137e+02 6.38440989e-16 3.38486558e-16 3.31912917e-06 6.05604114e-17 9.30539391e-16 2.17632056e-24 3.02433981e-16 9.99998091e-01 4.44169060e-16 9.99921113e-01 7.27156348e-01 6.88561300e-01 9.99332464e-01 9.99688922e-01 9.99782598e-01 9.99839992e-01 3.56451165e-18 5.41648366e-19 1.40808814e-06 3.39725510e-07 3.39725510e-07 3.56292512e-03 3.56292512e-03 3.82035855e-04 8.87042294e-18 1.61885760e-03 1.44625844e-02 1.06896866e-02 4.99186729e-03 8.33849190e-03 1.19816095e-02 1.53393933e-02
1.03603604e-02 -2.06697975e+01 -2.06697975e+01 -2.50725144e-02 -6.80090248e-03 -6.80088971e-03 7.13254574e+01 7.13254574e+01 1.03930472e+02 1.73372523e+02 2.07742907e+02 3.09019134e+02 3.14025596e+02 4.14840516e+02 5.17749604e+02 6.20251875e+02 7.22509965e+02 2.20634405e-15 2.69385578e-15 3.36793989e-06 2.32571659e-15 5.58625410e-17 2.17757504e-24 1.34469442e-16 9.99998034e-01 3.49629800e-16 9.99918746e-01 7.27466525e-01 6.88296505e-01 9.99311707e-01 9.99679297e-01 9.99776172e-01 9.99835902e-01 6.43005762e-19 7.23763732e-19 1.40808814e-06 3.39725510e-07 3.39725510e-07 3.56292512e-03 3.56292512e-03 3.87675890e-04 9.01510231e-18 1.64301535e-03 1.44964013e-02 1.06672512e-02 5.06708967e-03 8.46335534e-03 1.21520862e-02 1.55268649e-02
1.05105105e-02 -2.06697975e+01 -2.06697975e+01 -2.50725140e-02 -6.80090250e-03 -6.80088584e-03 7.13254574e+01 7.13254574e+01 1.03929939e+02 1.73372523e+02 2.07738361e+02 3.08972291e+02 3.14053364e+02 4.14812237e+02 5.17690646e+02 6.20152596e+02 7.22372458e+02 6.61895975e-16 1.26767780e-15 3.41675061e-06 5.67042691e-15 9.59488713e-17 2.02215033e-16 2.71349662e-28 9.99997976e-01 5.55545770e-16 9.99916342e-01 7.27777220e-01 6.88031902e-01 9.99290590e-01 9.99669508e-01 9.99769656e-01 9.99831788e-01 1.09980583e-18 1.19617357e-18 1.40808814e-06 3.39725510e-07 3.39725510e-07 3.56292512e-03 3.56292512e-03 3.93316883e-04 1.01941819e-18 1.66718854e-03 1.45303173e-02 1.06448821e-02 5.14238811e-03 8.58829441e-03 1.23222467e-02 1.57127884e-02
1.06606607e-02 -2.06697975e+01 -2.06697975e+01 -2.50725147e-02 -6.80088992e-03 -6.80088978e-03 7.13254574e+01 7.13254574e+01 1.03929398e+02 1.73372523e+02 2.07733747e+02 3.08925261e+02 3.14081034e+02 4.14783527e+02 5.17630800e+02 6.20051970e+02 7.22233641e+02 5.00789621e-16 2.32770937e-16 3.46556134e-06 8.46260212e-16 5.64068468e-15 2.82612886e-28 2.65857874e-16 9.99997918e-01 4.00854518e-16 9.99913903e-01 7.28088436e-01 6.87767489e-01 9.99269108e-01 9.99659555e-01 9.99763049e-01 9.99827651e-01 8.05458079e-18 1.11635382e-18 1.40808814e-06 3.39725510e-07 3.39725510e-07 3.56292512e-03 3.56292512e-03 3.98958850e-04 1.15207287e-18 1.69137739e-03 1.45643326e-02 1.06225791e-02 5.21776347e-03 8.71330857e-03 1.24920822e-02 1.58971500e-02
1.08108108e-02 -2.06697975e+01 -2.06697975e+01 -2.50725145e-02 -6.80089550e-03 -6.80089073e-03 7.13254574e+01 7.13254574e+01 1.03928850e+02 1.73372523e+02 2.07729065e+02 3.08878043e+02 3.14108607e+02 4.14754385e+02 5.17570064e+02 6.19950001e+02 7.22093539e+02 4.93010808e-16 2.94715250e-16 3.51437206e-06 1.05724929e-15 2.96067509e-17 2.78043742e-16 2.27955667e-24 9.99997859e-01 4.01858616e-16 9.99911426e-01 7.28400177e-01 6.87503266e-01 9.99247259e-01 9.99649436e-01 9.99756354e-01 9.99823492e-01 1.05047923e-18 1.32011745e-18 1.40808814e-06 3.39725510e-07 3.39725510e-07 3.56292512e-03 3.56292512e-03 4.04601803e-04 1.19478138e-17 1.71558214e-03 1.45984474e-02 1.06003420e-02 5.29321657e-03 8.83839717e-03 1.26615834e-02 1.60799361e-02
1.09609610e-02 -2.06697975e+01 -2.06697975e+01 -2.50725139e-02 -6.80088845e-03 -6.80087797e-03 7.13254574e+01 7.13254574e+01 1.03928294e+02 1.73372523e+02 2.07724316e+02 3.08830637e+02 3.14136083e+02 4.14724811e+02 5.17508437e+02 6.19846693e+02 7.21952178e+02 8.83721181e-16 4.29998959e-16 3.56318278e-06 9.30339414e-16 9.49675853e-17 2.83544390e-28 4.19366354e-16 9.99997798e-01 4.76184911e-16 9.99908913e-01 7.28712447e-01 6.87239231e-01 9.99225041e-01 9.99639152e-01 9.99749569e-01 9.99819314e-01 7.06318591e-19 2.52346494e-18 1.40808814e-06 3.39725510e-07 3.39725510e-07 3.56292512e-03 3.56292512e-03 4.10245758e-04 1.30684829e-18 1.73980301e-03 1.46326618e-02 1.05781704e-02 5.36874823e-03 8.96355949e-03 1.28307411e-02 1.62611335e-02
1.11111111e-02 -2.06697975e+01 -2.06697975e+01 -2.50725133e-02 -6.80089439e-03 -6.80089428e-03 7.13254574e+01 7.13254574e+01 1.03927730e+02 1.73372523e+02 2.07719498e+02 3.08783042e+02 3.14163463e+02 4.14694802e+02 5.17445918e+02 6.19742052e+02 7.21809582e+02 4.54540910e-16 2.28691063e-16 3.61199351e-06 1.69988033e-27 9.98196350e-28 2.97551457e-45 3.21684153e-27 9.99997737e-01 6.26060728e-16 9.99906363e-01 7.29025248e-01 6.86975382e-01 9.99202451e-01 9.99628699e-01 9.99742696e-01 9.99815117e-01 3.35398336e-18 1.56493244e-18 1.40808814e-06 3.39725510e-07 3.39725510e-07 3.56292512e-03 3.56292512e-03 4.15890728e-04 3.03724771e-18 1.76404024e-03 1.46669760e-02 1.05560643e-02 5.44435928e-03 9.08879476e-03 1.29995461e-02 1.64407295e-02
1.12612613e-02 -2.06697975e+01 -2.06697975e+01 -2.50725135e-02 -6.80089719e-03 -6.80088980e-03 7.13254574e+01 7.13254574e+01 1.03927158e+02 1.73372523e+02 2.07714613e+02 3.08735256e+02 3.14190747e+02 4.14664358e+02 5.17382505e+02 6.19636083e+02 7.21665776e+02 3.26888112e-16 2.02823964e-15 3.66080423e-06 3.13189545e-17 6.01719650e-15 2.85855473e-28 3.33423910e-16 9.99997676e-01 5.62748997e-16 9.99903777e-01 7.29338585e-01 6.86711719e-01 9.99179486e-01 9.99618079e-01 9.99735734e-01 9.99810903e-01 4.30431158e-18 1.38268725e-18 1.40808814e-06 3.39725510e-07 3.39725510e-07 3.56292512e-03 3.56292512e-03 4.21536727e-04 3.15213439e-18 1.78829406e-03 1.47013902e-02 1.05340233e-02 5.52005051e-03 9.21410211e-03 1.31679887e-02 1.66187114e-02
1.14114114e-02 -2.06697975e+01 -2.06697975e+01 -2.50725146e-02 -6.80088794e-03 -6.80088706e-03 7.13254574e+01 7.13254574e+01 1.03926579e+02 1.73372523e+02 2.07709660e+02 3.08687279e+02 3.14217935e+02 4.14633479e+02 5.17318197e+02 6.19528791e+02 7.21520787e+02 1.93233137e-16 2.05084956e-15 3.70961495e-06 5.99074145e-15 1.37416760e-16 2.74609555e-16 2.96969192e-28 9.99997613e-01 4.19250693e-16 9.99901154e-01 7.29652460e-01 6.86448239e-01 9.99156143e-01 9.99607290e-01 9.99728685e-01 9.99806673e-01 3.55108553e-18 9.04081887e-19 1.40808814e-06 3.39725510e-07 3.39725510e-07 3.56292512e-03 3.56292512e-03 4.27183770e-04 1.01352424e-17 1.81256468e-03 1.47359046e-02 1.05120472e-02 5.59582270e-03 9.33948059e-03 1.33360594e-02 1.67950671e-02
1.15615616e-02 -2.06697975e+01 -2.06697975e+01 -2.50725132e-02 -6.80089547e-03 -6.80088564e-03 7.13254574e+01 7.13254574e+01 1.03925991e+02 1.73372523e+02 2.07704638e+02 3.08639111e+02 3.14245028e+02 4.14602162e+02 5.17252992e+02 6.19420181e+02 7.21374639e+02 5.46418596e-16 9.03390018e-16 3.75842567e-06 6.24670705e-15 4.67353177e-17 4.02433022e-16 2.97156163e-28 9.99997549e-01 3.87346713e-16 9.99898494e-01 7.29966878e-01 6.86184942e-01 9.99132419e-01 9.99596331e-01 9.99721548e-01 9.99802429e-01 1.54872587e-18 1.82826938e-18 1.40808814e-06 3.39725510e-07 3.39725510e-07 3.56292512e-03 3.56292512e-03 4.32831869e-04 9.13475935e-18 1.83685235e-03 1.47705192e-02 1.04901358e-02 5.67167663e-03 9.46492917e-03 1.35037482e-02 1.69697849e-02
1.17117117e-02 -2.06697975e+01 -2.06697975e+01 -2.50725138e-02 -6.80090789e-03 -6.80089050e-03 7.13254574e+01 7.13254574e+01 1.03925397e+02 1.73372523e+02 2.07699549e+02 3.08590749e+02 3.14272027e+02 4.14570407e+02 5.17186890e+02 6.19310259e+02 7.21227358e+02 2.65318932e-16 5.77774183e-16 3.80723640e-06 1.03288357e-15 3.90958677e-17 3.40006837e-30 4.78484397e-16 9.99997485e-01 4.14451424e-16 9.99895796e-01 7.30281842e-01 6.85921826e-01 9.99108311e-01 9.99585200e-01 9.99714325e-01 9.99798171e-01 4.28299988e-18 2.16338403e-18 1.40808814e-06 3.39725510e-07 3.39725510e-07 3.56292512e-03 3.56292512e-03 4.38481040e-04 5.93277453e-18 1.86115730e-03 1.48052344e-02 1.04682890e-02 5.74761305e-03 9.59044675e-03 1.36710453e-02 1.71428533e-02
1.18618619e-02 -2.06697975e+01 -2.06697975e+01 -2.50725133e-02 -6.80089346e-03 -6.80088969e-03 7.13254574e+01 7.13254574e+01 1.03924794e+02 1.73372523e+02 2.07694391e+02 3.08542193e+02 3.14298931e+02 4.14538212e+02 5.17119888e+02 6.19199030e+02 7.21078970e+02 6.79440367e-16 4.23952718e-16 3.85604712e-06 8.01615596e-17 1.16470849e-15 2.98056243e-28 1.88915957e-16 9.99997420e-01 1.00557657e-15 9.99893062e-01 7.30597355e-01 6.85658890e-01 9.99083817e-01 9.99573898e-01 9.99707016e-01 9.99793902e-01 4.98723891e-18 1.95902450e-18 1.40808814e-06 3.39725510e-07 3.39725510e-07 3.56292512e-03 3.56292512e-03 4.44131296e-04 4.96046986e-18 1.88547974e-03 1.48400502e-02 1.04465064e-02 5.82363272e-03 9.71603213e-03 1.38379407e-02 1.73142613e-02
1.20120120e-02 -2.06697975e+01 -2.06697975e+01 -2.50725137e-02 -6.80090866e-03 -6.80090471e-03 7.13254574e+01 7.13254574e+01 1.03924183e+02 1.73372523e+02 2.07689164e+02 3.08493443e+02 3.14325741e+02 4.14505577e+02 5.17051986e+02 6.19086500e+02 7.20929501e+02 7.85982571e-16 4.86852317e-16 3.90485784e-06 9.15142712e-17 6.36737145e-15 3.38043151e-16 3.08651290e-28 9.99997354e-01 1.95392794e-16 9.99890291e-01 7.30913421e-01 6.85396133e-01 9.99058933e-01 9.99562423e-01 9.99699622e-01 9.99789622e-01 1.05074417e-18 4.12053608e-18 1.40808814e-06 3.39725510e-07 3.39725510e-07 3.56292512e-03 3.56292512e-03 4.49782652e-04 5.00969455e-18 1.90981992e-03 1.48749668e-02 1.04247878e-02 5.89973635e-03 9.84168405e-03 1.40044240e-02 1.74839982e-02
1.21621622e-02 -2.06697975e+01 -2.06697975e+01 -2.50725136e-02 -6.80090511e-03 -6.80090099e-03 7.13254574e+01 7.13254574e+01 1.03923565e+02 1.73372523e+02 2.07683869e+02 3.08444497e+02 3.14352458e+02 4.14472500e+02 5.16983181e+02 6.18972674e+02 7.20778976e+02 4.40854774e-16 4.99750747e-16 3.95366857e-06 2.70433154e-17 9.98077406e-16 3.54437477e-30 3.62242332e-16 9.99997287e-01 3.39145687e-16 9.99887482e-01 7.31230044e-01 6.85133552e-01 9.99033656e-01 9.99550775e-01 9.99692142e-01 9.99785333e-01 1.15140481e-18 7.17602470e-19 1.40808814e-06 3.39725510e-07 3.39725510e-07 3.56292512e-03 3.56292512e-03 4.55435121e-04 7.07641841e-18 1.93417806e-03 1.49099844e-02 1.04031330e-02 5.97592466e-03 9.96740114e-03 1.41704849e-02 1.76520536e-02
1.23123123e-02 -2.06697975e+01 -2.06697975e+01 -2.50725160e-02 -6.80090637e-03 -6.80089420e-03 7.13254574e+01 7.13254574e+01 1.03922939e+02 1.73372523e+02 2.07678505e+02 3.08395355e+02 3.14379082e+02 4.14438981e+02 5.16913474e+02 6.18857560e+02 7.20627420e+02 3.95655636e-16 8.48609821e-16 4.00247929e-06 7.78331800e-17 1.13561139e-15 2.32370447e-16 3.11486030e-28 9.99997219e-01 6.79465900e-16 9.99884636e-01 7.31547227e-01 6.84871148e-01 9.99007983e-01 9.99538951e-01 9.99684578e-01 9.99781036e-01 3.84077366e-18 2.11509040e-18 1.40808814e-06 3.39725510e-07 3.39725510e-07 3.56292512e-03 3.56292512e-03 4.61088718e-04 1.39495250e-17 1.95855440e-03 1.49451031e-02 1.03815419e-02 6.05219836e-03 1.00931820e-02 1.43361131e-02 1.78184177e-02
1.24624625e-02 -2.06697975e+01 -2.06697975e+01 -2.50725141e-02 -6.80090263e-03 -6.80088392e-03 7.13254574e+01 7.13254574e+01 1.03922305e+02 1.73372523e+02 2.07673073e+02 3.08346015e+02 3.14405614e+02 4.14405018e+02 5.16842862e+02 6.18741162e+02 7.20474861e+02 4.66626217e-16 4.97608666e-16 4.05129001e-06 8.14113598e-17 1.10162449e-15 4.31009226e-16 3.11599871e-28 9.99997150e-01 6.46918113e-16 9.99881753e-01 7.31864974e-01 6.84608919e-01 9.98981912e-01 9.99526952e-01 9.99676931e-01 9.99776732e-01 5.97814162e-18 9.47307031e-19 1.40808814e-06 3.39725510e-07 3.39725510e-07 3.56292512e-03 3.56292512e-03 4.66743456e-04 3.06673213e-18 1.98294916e-03 1.49803231e-02 1.03600140e-02 6.12855812e-03 1.02190250e-02 1.45012977e-02 1.79830808e-02
1.26126126e-02 -2.06697975e+01 -2.06697975e+01 -2.50725146e-02 -6.80089620e-03 -6.80088624e-03 7.13254574e+01 7.13254574e+01 1.03921664e+02 1.73372523e+02 2.07667572e+02 3.08296477e+02 3.14432053e+02 4.14370610e+02 5.16771344e+02 6.18623488e+02 7.20321322e+02 1.39487890e-15 2.55334052e-15 4.10010074e-06 6.48711247e-17 6.68389899e-15 3.11186217e-28 2.25868580e-16 9.99997081e-01 3.42335345e-16 9.99878832e-01 7.32183288e-01 6.84346863e-01 9.98955438e-01 9.99514777e-01 9.99669200e-01 9.99772423e-01 8.63754204e-19 1.84563580e-18 1.40808814e-06 3.39725510e-07 3.39725510e-07 3.56292512e-03 3.56292512e-03 4.72399351e-04 3.37153723e-18 2.00736258e-03 1.50156445e-02 1.03385494e-02 6.20500462e-03 1.03449286e-02 1.46660282e-02 1.81460336e-02
1.27627628e-02 -2.06697975e+01 -2.06697975e+01 -2.50725133e-02 -6.80088747e-03 -6.80088619e-03 7.13254574e+01 7.13254574e+01 1.03921015e+02 1.73372523e+02 2.07662002e+02 3.08246740e+02 3.14458401e+02 4.14335756e+02 5.16698918e+02 6.18504544e+02 7.20166832e+02 7.38058729e-16 7.07215347e-16 4.14891146e-06 1.84321587e-17 9.95709155e-16 3.59376103e-30 2.42023682e-16 9.99997011e-01 4.29666475e-16 9.99875874e-01 7.32502173e-01 6.84084979e-01 9.98928558e-01 9.99502424e-01 9.99661387e-01 9.99768111e-01 4.58523230e-19 1.95159119e-18 1.40808814e-06 3.39725510e-07 3.39725510e-07 3.56292512e-03 3.56292512e-03 4.78056415e-04 1.07755560e-17 2.03179489e-03 1.50510674e-02 1.03171477e-02 6.28153851e-03 1.04708910e-02 1.48302937e-02 1.83072675e-02
1.29129129e-02 -2.06697975e+01 -2.06697975e+01 -2.50725139e-02 -6.80090112e-03 -6.80089394e-03 7.13254574e+01 7.13254574e+01 1.03920357e+02 1.73372523e+02 2.07656362e+02 3.08196803e+02 3.14484657e+02 4.14300454e+02 5.16625585e+02 6.18384337e+02 7.20011414e+02 1.29876241e-15 6.89780591e-16 4.19772218e-06 1.14933409e-15 1.19088804e-17 3.59871302e-30 3.07828888e-16 9.99996939e-01 7.84769063e-16 9.99872877e-01 7.32821632e-01 6.83823266e-01 9.98901270e-01 9.99489892e-01 9.99653493e-01 9.99763796e-01 4.35886029e-18 8.60482484e-19 1.40808814e-06 3.39725510e-07 3.39725510e-07 3.56292512e-03 3.56292512e-03 4.83714663e-04 4.50065538e-19 2.05624632e-03 1.50865921e-02 1.02958086e-02 6.35816043e-03 1.05969105e-02 1.49940831e-02 1.84667739e-02
1.30630631e-02 -2.06697975e+01 -2.06697975e+01 -2.50725136e-02 -6.80090682e-03 -6.80089145e-03 7.13254574e+01 7.13254574e+01 1.03919693e+02 1.73372523e+02 2.07650654e+02 3.08146664e+02 3.14510822e+02 4.14264704e+02 5.16551341e+02 6.18262873e+02 7.19855095e+02 6.41903608e-16 2.78082347e-16 4.24653291e-06 7.52429486e-17 1.16272980e-15 3.33769703e-28 1.99009335e-16 9.99996867e-01 4.67976334e-16 9.99869843e-01 7.33141670e-01 6.83561722e-01 9.98873570e-01 9.99477181e-01 9.99645518e-01 9.99759480e-01 2.48641362e-18 4.40934042e-19 1.40808814e-06 3.39725510e-07 3.39725510e-07 3.56292512e-03 3.56292512e-03 4.89374109e-04 9.94909252e-18 2.08071710e-03 1.51222186e-02 1.02745321e-02 6.43487099e-03 1.07229852e-02 1.51573855e-02 1.86245446e-02
1.32132132e-02 -2.06697975e+01 -2.06697975e+01 -2.50725140e-02 -6.80089488e-03 -6.80088718e-03 7.13254574e+01 7.13254574e+01 1.03919020e+02 1.73372523e+02 2.07644876e+02 3.08096324e+02 3.14536897e+02 4.14228505e+02 5.16476187e+02 6.18140160e+02 7.19697901e+02 4.02282490e-16 4.88728582e-16 4.29534363e-06 8.26854008e-17 1.17442725e-15 3.35749042e-28 2.72728043e-16 9.99996795e-01 6.23144031e-16 9.99866771e-01 7.33462290e-01 6.83300347e-01 9.98845454e-01 9.99464290e-01 9.99637463e-01 9.99755164e-01 8.98877070e-19 1.39635133e-18 1.40808814e-06 3.39725510e-07 3.39725510e-07 3.56292512e-03 3.56292512e-03 4.95034767e-04 3.16768146e-18 2.10520746e-03 1.51579470e-02 1.02533178e-02 6.51167080e-03 1.08491130e-02 1.53201895e-02 1.87805722e-02
1.33633634e-02 -2.06697975e+01 -2.06697975e+01 -2.50725130e-02 -6.80090241e-03 -6.80088418e-03 7.13254574e+01 7.13254574e+01 1.03918339e+02 1.73372523e+02 2.07639028e+02 3.08045781e+02 3.14562882e+02 4.14191854e+02 5.16400121e+02 6.18016204e+02 7.19539858e+02 3.07083442e-16 4.38185673e-16 4.34415435e-06 1.14174919e-15 3.71411997e-17 2.82437793e-16 3.35766267e-28 9.99996721e-01 5.76507213e-16 9.99863661e-01 7.33783496e-01 6.83039140e-01 9.98816920e-01 9.99451218e-01 9.99629329e-01 9.99750850e-01 5.41287603e-18 6.50643386e-18 1.40808814e-06 3.39725510e-07 3.39725510e-07 3.56292512e-03 3.56292512e-03 5.00696652e-04 7.72039517e-18 2.12971764e-03 1.51937776e-02 1.02321656e-02 6.58856045e-03 1.09752920e-02 1.54824839e-02 1.89348491e-02
1.35135135e-02 -2.06697975e+01 -2.06697975e+01 -2.50725124e-02 -6.80089727e-03 -6.80088882e-03 7.13254574e+01 7.13254574e+01 1.03917651e+02 1.73372523e+02 2.07633112e+02 3.07995034e+02 3.14588777e+02 4.14154751e+02 5.16323141e+02 6.17891013e+02 7.19380990e+02 3.07663232e-16 5.53966541e-16 4.39296507e-06 7.32766177e-15 7.68817586e-17 2.25829496e-16 3.35228039e-28 9.99996646e-01 5.25979341e-16 9.99860513e-01 7.34105291e-01 6.82778098e-01 9.98787963e-01 9.99437963e-01 9.99621116e-01 9.99746538e-01 2.28854152e-18 7.48917491e-19 1.40808814e-06 3.39725510e-07 3.39725510e-07 3.56292512e-03 3.56292512e-03 5.06359777e-04 3.05234247e-18 2.15424787e-03 1.52297103e-02 1.02110752e-02 6.66554051e-03 1.11015199e-02 1.56442572e-02 1.90873685e-02
1.36636637e-02 -2.06697975e+01 -2.06697975e+01 -2.50725144e-02 -6.80089619e-03 -6.80089109e-03 7.13254574e+01 7.13254574e+01 1.03916955e+02 1.73372523e+02 2.07627125e+02 3.07944082e+02 3.14614582e+02 4.14117195e+02 5.16245247e+02 6.17764595e+02 7.19221325e+02 3.44541922e-16 5.01770450e-16 4.44177580e-06 1.17111562e-15 4.59620221e-17 3.35774769e-28 2.28294332e-16 9.99996571e-01 4.04435272e-16 9.99857327e-01 7.34427679e-01 6.82517221e-01 9.98758580e-01 9.99424525e-01 9.99612826e-01 9.99742230e-01 1.17431156e-18 2.56101810e-18 1.40808814e-06 3.39725510e-07 3.39725510e-07 3.56292512e-03 3.56292512e-03 5.12024157e-04 1.21453128e-18 2.17879838e-03 1.52657455e-02 1.01900464e-02 6.74261152e-03 1.12277944e-02 1.58054980e-02 1.92381238e-02
1.38138138e-02 -2.06697975e+01 -2.06697975e+01 -2.50725147e-02 -6.80088946e-03 -6.80088676e-03 7.13254574e+01 7.13254574e+01 1.03916251e+02 1.73372523e+02 2.07621069e+02 3.07892925e+02 3.14640299e+02 4.14079184e+02 5.16166438e+02 6.17636957e+02 7.19060888e+02 3.61182372e-16 1.46894077e-15 4.49058652e-06 7.34920654e-15 4.92689268e-17 3.35210093e-28 1.42263312e-16 9.99996495e-01 4.71329720e-16 9.99854102e-01 7.34750664e-01 6.82256507e-01 9.98728768e-01 9.99410903e-01 9.99604460e-01 9.99737928e-01 8.41382376e-19 1.16404775e-18 1.40808814e-06 3.39725510e-07 3.39725510e-07 3.56292512e-03 3.56292512e-03 5.17689805e-04 2.97924780e-18 2.20336941e-03 1.53018831e-02 1.01690790e-02 6.81977402e-03 1.13541133e-02 1.59661945e-02 1.93871088e-02
1.39639640e-02 -2.06697975e+01 -2.06697975e+01 -2.50725139e-02 -6.80090285e-03 -6.80088850e-03 7.13254574e+01 7.13254574e+01 1.03915540e+02 1.73372523e+02 2.07614942e+02 3.07841561e+02 3.14665927e+02 4.14040718e+02 5.16086712e+02 6.17508107e+02 7.18899703e+02 1.08493292e-15 2.96898142e-16 4.53939724e-06 1.38710958e-15 2.39350243e-18 3.87338282e-30 1.14251792e-16 9.99996417e-01 5.24234115e-16 9.99850839e-01 7.35074249e-01 6.81995957e-01 9.98698522e-01 9.99397096e-01 9.99596017e-01 9.99733632e-01 1.10627472e-18 3.60887854e-18 1.40808814e-06 3.39725510e-07 3.39725510e-07 3.56292512e-03 3.56292512e-03 5.23356737e-04 7.34350136e-18 2.22796118e-03 1.53381233e-02 1.01481728e-02 6.89702852e-03 1.14804739e-02 1.61263350e-02 1.95343177e-02
1.41141141e-02 -2.06697975e+01 -2.06697975e+01 -2.50725141e-02 -6.80089367e-03 -6.80088456e-03 7.13254574e+01 7.13254574e+01 1.03914820e+02 1.73372523e+02 2.07608746e+02 3.07789990e+02 3.14691467e+02 4.14001794e+02 5.16006068e+02 6.17378053e+02 7.18737798e+02 6.58151910e-16 4.58971509e-16 4.58820797e-06 1.37264917e-15 1.21979714e-17 3.89656586e-30 2.70459255e-16 9.99996339e-01 4.72254552e-16 9.99847538e-01 7.35398439e-01 6.81735567e-01 9.98667840e-01 9.99383104e-01 9.99587500e-01 9.99729344e-01 3.91250843e-18 7.36808862e-18 1.40808814e-06 3.39725510e-07 3.39725510e-07 3.56292512e-03 3.56292512e-03 5.29024965e-04 3.27593425e-18 2.25257394e-03 1.53744662e-02 1.01273276e-02 6.97437553e-03 1.16068738e-02 1.62859077e-02 1.96797451e-02
1.42642643e-02 -2.06697975e+01 -2.06697975e+01 -2.50725131e-02 -6.80090093e-03 -6.80090050e-03 7.13254574e+01 7.13254574e+01 1.03914093e+02 1.73372523e+02 2.07602480e+02 3.07738210e+02 3.14716920e+02 4.13962412e+02 5.15924505e+02 6.17246803e+02 7.18575196e+02 9.84849357e-16 2.97824067e-16 4.63701869e-06 1.20277560e-15 6.03978409e-17 3.93291400e-30 1.78787418e-16 9.99996260e-01 8.16987252e-16 9.99844198e-01 7.35723236e-01 6.81475337e-01 9.98636717e-01 9.99368924e-01 9.99578910e-01 9.99725066e-01 7.29690060e-18 2.83686996e-18 1.40808814e-06 3.39725510e-07 3.39725510e-07 3.56292512e-03 3.56292512e-03 5.34694504e-04 1.18724550e-17 2.27720791e-03 1.54109119e-02 1.01065431e-02 7.05181551e-03 1.17333104e-02 1.64449007e-02 1.98233860e-02
1.44144144e-02 -2.06697975e+01 -2.06697975e+01 -2.50725130e-02 -6.80089348e-03 -6.80088384e-03 7.13254574e+01 7.13254574e+01 1.03913358e+02 1.73372523e+02 2.07596143e+02 3.07686221e+02 3.14742284e+02 4.13922571e+02 5.15842022e+02 6.17114366e+02 7.18411925e+02 2.99674439e-16 5.75848989e-16 4.68582941e-06 1.39822099e-15 2.75388564e-18 3.93535885e-30 1.76062145e-16 9.99996181e-01 4.08436821e-16 9.99840819e-01 7.36048646e-01 6.81215267e-01 9.98605150e-01 9.99354557e-01 9.99570246e-01 9.99720797e-01 2.41316215e-18 1.42586728e-18 1.40808814e-06 3.39725510e-07 3.39725510e-07 3.56292512e-03 3.56292512e-03 5.40365369e-04 5.09441620e-18 2.30186333e-03 1.54474605e-02 1.00858192e-02 7.12934892e-03 1.18597807e-02 1.66033020e-02 1.99652358e-02
1.45645646e-02 -2.06697975e+01 -2.06697975e+01 -2.50725141e-02 -6.80089439e-03 -6.80089428e-03 7.13254574e+01 7.13254574e+01 1.03912615e+02 1.73372523e+02 2.07589736e+02 3.07634021e+02 3.14767562e+02 4.13882268e+02 5.15758619e+02 6.16980751e+02 7.18248008e+02 3.41794163e-16 3.47323118e-16 4.73464013e-06 2.09962679e-27 1.23293373e-27 3.76832028e-45 3.97331890e-27 9.99996100e-01 2.74124902e-16 9.99837401e-01 7.36374670e-01 6.80955354e-01 9.98573135e-01 9.99340002e-01 9.99561511e-01 9.99716541e-01 5.99832050e-19 3.86537297e-18 1.40808814e-06 3.39725510e-07 3.39725510e-07 3.56292512e-03 3.56292512e-03 5.46037573e-04 1.85223237e-18 2.32654043e-03 1.54841122e-02 1.00651556e-02 7.20697621e-03 1.19862820e-02 1.67610995e-02 2.01052901e-02
1.47147147e-02 -2.06697975e+01 -2.06697975e+01 -2.50725139e-02 -6.80090687e-03 -6.80089357e-03 7.13254574e+01 7.13254574e+01 1.03911864e+02 1.73372523e+02 2.07583258e+02 3.07581610e+02 3.14792754e+02 4.13841504e+02 5.15674294e+02 6.16845965e+02 7.18083472e+02 1.42890296e-15 4.51062646e-16 4.78345086e-06 1.42877342e-14 5.71411779e-17 2.66942288e-16 3.59641472e-28 9.99996019e-01 3.18471508e-16 9.99833944e-01 7.36701315e-01 6.80695597e-01 9.98540668e-01 9.99325257e-01 9.99552706e-01 9.99712297e-01 4.20499853e-18 1.14966391e-18 1.40808814e-06 3.39725510e-07 3.39725510e-07 3.56292512e-03 3.56292512e-03 5.51711131e-04 3.83021667e-18 2.35123946e-03 1.55208669e-02 1.00445521e-02 7.28469778e-03 1.21128113e-02 1.69182810e-02 2.02435451e-02
1.48648649e-02 -2.06697975e+01 -2.06697975e+01 -2.50725147e-02 -6.80089171e-03 -6.80089037e-03 7.13254574e+01 7.13254574e+01 1.03911106e+02 1.73372523e+02 2.07576709e+02 3.07528987e+02 3.14817859e+02 4.13800276e+02 5.15589046e+02 6.16710018e+02 7.17918341e+02 6.88504200e-16 3.75235217e-16 4.83226158e-06 3.00577208e-16 1.44215169e-14 1.71547670e-16 3.59532425e-28 9.99995936e-01 4.21849479e-16 9.99830449e-01 7.37028582e-01 6.80435997e-01 9.98507745e-01 9.99310322e-01 9.99543831e-01 9.99708067e-01 1.35837372e-18 2.40164659e-18 1.40808814e-06 3.39725510e-07 3.39725510e-07 3.56292512e-03 3.56292512e-03 5.57386057e-04 1.19358276e-17 2.37596063e-03 1.55577249e-02 1.00240085e-02 7.36251404e-03 1.22393655e-02 1.70748344e-02 2.03799974e-02
1.50150150e-02 -2.06697975e+01 -2.06697975e+01 -2.50725145e-02 -6.80091076e-03 -6.80088374e-03 7.13254574e+01 7.13254574e+01 1.03910339e+02 1.73372523e+02 2.07570090e+02 3.07476151e+02 3.14842878e+02 4.13758583e+02 5.15502875e+02 6.16572919e+02 7.17752640e+02 2.18598320e-16 1.01080267e-15 4.88107230e-06 4.03793072e-17 1.46327832e-14 1.72372784e-16 3.59414955e-28 9.99995853e-01 7.81865331e-16 9.99826914e-01 7.37356476e-01 6.80176550e-01 9.98474363e-01 9.99295196e-01 9.99534887e-01 9.99703852e-01 2.86541369e-18 4.91050723e-18 1.40808814e-06 3.39725510e-07 3.39725510e-07 3.56292512e-03 3.56292512e-03 5.63062365e-04 2.45660877e-18 2.40070420e-03 1.55946862e-02 1.00035245e-02 7.44042535e-03 1.23659415e-02 1.72307472e-02 2.05146436e-02
1.51651652e-02 -2.06697975e+01 -2.06697975e+01 -2.50725139e-02 -6.80091009e-03 -6.80089966e-03 7.13254574e+01 7.13254574e+01 1.03909565e+02 1.73372523e+02 2.07563400e+02 3.07423100e+02 3.14867812e+02 4.13716424e+02 5.15415780e+02 6.16434677e+02 7.17586395e+02 1.35809705e-15 1.21147601e-15 4.92988303e-06 5.39003500e-15 1.04769654e-16 2.18200351e-16 3.60471349e-28 9.99995769e-01 2.62315929e-16 9.99823339e-01 7.37685001e-01 6.79917257e-01 9.98440516e-01 9.99279878e-01 9.99525876e-01 9.99699654e-01 2.95291286e-18 5.62532283e-18 1.40808814e-06 3.39725510e-07 3.39725510e-07 3.56292512e-03 3.56292512e-03 5.68740070e-04 3.75016388e-19 2.42547039e-03 1.56317509e-02 9.98310012e-03 7.51843208e-03 1.24925359e-02 1.73860071e-02 2.06474813e-02
1.53153153e-02 -2.06697975e+01 -2.06697975e+01 -2.50725150e-02 -6.80089851e-03 -6.80089664e-03 7.13254574e+01 7.13254574e+01 1.03908783e+02 1.73372523e+02 2.07556639e+02 3.07369835e+02 3.14892660e+02 4.13673797e+02 5.15327759e+02 6.16295302e+02 7.17419630e+02 6.76064493e-16 2.73657759e-16 4.97869375e-06 1.62644201e-16 1.48501947e-14 3.60920359e-28 3.21262555e-16 9.99995684e-01 3.72552329e-16 9.99819726e-01 7.38014160e-01 6.79658117e-01 9.98406202e-01 9.99264367e-01 9.99516800e-01 9.99695473e-01 5.48668442e-18 4.81605664e-18 1.40808814e-06 3.39725510e-07 3.39725510e-07 3.56292512e-03 3.56292512e-03 5.74419184e-04 2.10962116e-18 2.45025943e-03 1.56689190e-02 9.96273495e-03 7.59653455e-03 1.26191453e-02 1.75406018e-02 2.07785079e-02
1.54654655e-02 -2.06697975e+01 -2.06697975e+01 -2.50725142e-02 -6.80089344e-03 -6.80088752e-03 7.13254574e+01 7.13254574e+01 1.03907993e+02 1.73372523e+02 2.07549806e+02 3.07316353e+02 3.14917424e+02 4.13630702e+02 5.15238813e+02 6.16154802e+02 7.17252369e+02 1.83478913e-15 2.25848119e-16 5.02750447e-06 4.71277921e-17 1.50368666e-14 3.60765046e-28 7.54211102e-17 9.99995599e-01 4.50146412e-16 9.99816072e-01 7.38343958e-01 6.79399127e-01 9.98371416e-01 9.99248663e-01 9.99507658e-01 9.99691311e-01 1.39426899e-18 2.47812061e-18 1.40808814e-06 3.39725510e-07 3.39725510e-07 3.56292512e-03 3.56292512e-03 5.80099724e-04 2.31445936e-18 2.47507158e-03 1.57061907e-02 9.94242885e-03 7.67473308e-03 1.27457664e-02 1.76945187e-02 2.09077215e-02
1.56156156e-02 -2.06697975e+01 -2.06697975e+01 -2.50725155e-02 -6.80089649e-03 -6.80089031e-03 7.13254574e+01 7.13254574e+01 1.03907195e+02 1.73372523e+02 2.07542902e+02 3.07262654e+02 3.14942104e+02 4.13587137e+02 5.15148940e+02 6.16013189e+02 7.17084638e+02 2.00623095e-15 1.89927476e-16 5.07631520e-06 5.84333461e-17 1.52031125e-14 3.60601494e-28 3.53306497e-16 9.99995512e-01 4.95148677e-16 9.99812380e-01 7.38674398e-01 6.79140287e-01 9.98336154e-01 9.99232764e-01 9.99498453e-01 9.99687169e-01 3.94591989e-18 5.01951995e-19 1.40808814e-06 3.39725510e-07 3.39725510e-07 3.56292512e-03 3.56292512e-03 5.85781702e-04 1.30851816e-17 2.49990705e-03 1.57435660e-02 9.92218160e-03 7.75302795e-03 1.28723954e-02 1.78477453e-02 2.10351206e-02
1.57657658e-02 -2.06697975e+01 -2.06697975e+01 -2.50725136e-02 -6.80089975e-03 -6.80089186e-03 7.13254574e+01 7.13254574e+01 1.03906390e+02 1.73372523e+02 2.07535927e+02 3.07208738e+02 3.14966700e+02 4.13543100e+02 5.15058140e+02 6.15870472e+02 7.16916461e+02 9.17948374e-16 1.84162302e-16 5.12512592e-06 5.46891556e-15 3.71793700e-17 2.27303149e-16 3.59847593e-28 9.99995424e-01 8.36874147e-16 9.99808647e-01 7.39005484e-01 6.78881597e-01 9.98300411e-01 9.99216670e-01 9.99489186e-01 9.99683047e-01 9.34049770e-19 2.97011748e-18 1.40808814e-06 3.39725510e-07 3.39725510e-07 3.56292512e-03 3.56292512e-03 5.91465134e-04 4.76434930e-18 2.52476609e-03 1.57810450e-02 9.90199299e-03 7.83141943e-03 1.29990287e-02 1.80002690e-02 2.11607039e-02
1.59159159e-02 -2.06697975e+01 -2.06697975e+01 -2.50725137e-02 -6.80089439e-03 -6.80089428e-03 7.13254574e+01 7.13254574e+01 1.03905576e+02 1.73372523e+02 2.07528880e+02 3.07154602e+02 3.14991212e+02 4.13498590e+02 5.14966411e+02 6.15726661e+02 7.16747861e+02 1.32982217e-16 3.30720401e-16 5.17393664e-06 2.23368181e-27 1.31165293e-27 4.05421312e-45 4.22700367e-27 9.99995336e-01 8.46905472e-16 9.99804874e-01 7.39337220e-01 6.78623054e-01 9.98264184e-01 9.99200380e-01 9.99479858e-01 9.99678948e-01 3.44722994e-18 3.44209123e-19 1.40808814e-06 3.39725510e-07 3.39725510e-07 3.56292512e-03 3.56292512e-03 5.97150033e-04 6.62051332e-18 2.54964893e-03 1.58186277e-02 9.88186283e-03 7.90990777e-03 1.31256624e-02 1.81520772e-02 2.12844705e-02
1.60660661e-02 -2.06697975e+01 -2.06697975e+01 -2.50725130e-02 -6.80089164e-03 -6.80088420e-03 7.13254574e+01 7.13254574e+01 1.03904755e+02 1.73372523e+02 2.07521761e+02 3.07100246e+02 3.15015641e+02 4.13453606e+02 5.14873755e+02 6.15581766e+02 7.16578863e+02 6.64493094e-16 6.66676424e-16 5.22274737e-06 5.57384626e-15 7.46327677e-17 4.44457269e-16 3.70003437e-28 9.99995247e-01 5.35112501e-16 9.99801062e-01 7.39669610e-01 6.78364658e-01 9.98227468e-01 9.99183894e-01 9.99470470e-01 9.99674872e-01 8.21071250e-18 2.90768371e-18 1.40808814e-06 3.39725510e-07 3.39725510e-07 3.56292512e-03 3.56292512e-03 6.02836414e-04 3.61572726e-18 2.57455582e-03 1.58563142e-02 9.86179089e-03 7.98849316e-03 1.32522926e-02 1.83031574e-02 2.14064200e-02
1.62162162e-02 -2.06697975e+01 -2.06697975e+01 -2.50725141e-02 -6.80089779e-03 -6.80088939e-03 7.13254574e+01 7.13254574e+01 1.03903926e+02 1.73372523e+02 2.07514570e+02 3.07045669e+02 3.15039987e+02 4.13408146e+02 5.14780169e+02 6.15435799e+02 7.16409491e+02 9.27912090e-16 2.75446897e-16 5.27155809e-06 1.57499556e-14 7.33283322e-17 3.81851192e-28 2.89893770e-16 9.99995157e-01 2.76870068e-16 9.99797209e-01 7.40002657e-01 6.78106408e-01 9.98190259e-01 9.99167210e-01 9.99461024e-01 9.99670820e-01 2.77205248e-18 3.12758922e-18 1.40808814e-06 3.39725510e-07 3.39725510e-07 3.56292512e-03 3.56292512e-03 6.08524290e-04 1.06858826e-19 2.59948698e-03 1.58941046e-02 9.84177697e-03 8.06717582e-03 1.33789153e-02 1.84534968e-02 2.15265523e-02
1.63663664e-02 -2.06697975e+01 -2.06697975e+01 -2.50725140e-02 -6.80089378e-03 -6.80088192e-03 7.13254574e+01 7.13254574e+01 1.03903089e+02 1.73372523e+02 2.07507307e+02 3.06990871e+02 3.15064250e+02 4.13362210e+02 5.14685654e+02 6.15288768e+02 7.16239769e+02 2.42128851e-15 3.95786064e-16 5.32036881e-06 1.06884983e-14 4.16023543e-17 3.82064471e-28 2.17930413e-16 9.99995066e-01 6.49933993e-16 9.99793316e-01 7.40336366e-01 6.77848302e-01 9.98152552e-01 9.99150328e-01 9.99451521e-01 9.99666794e-01 6.97403143e-18 9.63429059e-19 1.40808814e-06 3.39725510e-07 3.39725510e-07 3.56292512e-03 3.56292512e-03 6.14213677e-04 1.04040946e-17 2.62444266e-03 1.59319990e-02 9.82182088e-03 8.14595592e-03 1.35055264e-02 1.86030827e-02 2.16448676e-02
1.65165165e-02 -2.06697975e+01 -2.06697975e+01 -2.50725142e-02 -6.80090387e-03 -6.80089226e-03 7.13254574e+01 7.13254574e+01 1.03902244e+02 1.73372523e+02 2.07499972e+02 3.06935849e+02 3.15088432e+02 4.13315795e+02 5.14590210e+02 6.15140687e+02 7.16069720e+02 1.45894739e-15 6.17855992e-16 5.36917953e-06 1.60517442e-14 5.15373147e-17 1.78753734e-16 3.82116284e-28 9.99994974e-01 5.59842588e-16 9.99789383e-01 7.40670740e-01 6.77590341e-01 9.98114344e-01 9.99133247e-01 9.99441963e-01 9.99662793e-01 4.58513019e-18 5.68894270e-19 1.40808814e-06 3.39725510e-07 3.39725510e-07 3.56292512e-03 3.56292512e-03 6.19904589e-04 4.03922766e-18 2.64942309e-03 1.59699973e-02 9.80192240e-03 8.22483359e-03 1.36321215e-02 1.87519024e-02 2.17613667e-02
1.66666667e-02 -2.06697975e+01 -2.06697975e+01 -2.50725133e-02 -6.80089979e-03 -6.80089121e-03 7.13254574e+01 7.13254574e+01 1.03901391e+02 1.73372523e+02 2.07492565e+02 3.06880603e+02 3.15112531e+02 4.13268901e+02 5.14493835e+02 6.14991564e+02 7.15899367e+02 7.27009143e-16 1.40529037e-15 5.41799026e-06 5.80039407e-15 3.84590200e-17 2.98476315e-16 3.81211422e-28 9.99994881e-01 8.21647885e-16 9.99785409e-01 7.41005784e-01 6.77332522e-01 9.98075628e-01 9.99115967e-01 9.99432351e-01 9.99658820e-01 7.61580044e-19 1.13690106e-17 1.40808814e-06 3.39725510e-07 3.39725510e-07 3.56292512e-03 3.56292512e-03 6.25597039e-04 6.25909374e-18 2.67442851e-03 1.60080995e-02 9.78208133e-03 8.30380895e-03 1.37586962e-02 1.88999433e-02 2.18760505e-02
1.68168168e-02 -2.06697975e+01 -2.06697975e+01 -2.50725142e-02 -6.80089379e-03 -6.80088370e-03 7.13254574e+01 7.13254574e+01 1.03900530e+02 1.73372523e+02 2.07485085e+02 3.06825133e+02 3.15136549e+02 4.13221525e+02 5.14396529e+02 6.14841413e+02 7.15728734e+02 4.45458433e-15 5.27702727e-16 5.46680098e-06 5.38158841e-17 1.63048083e-14 1.48230157e-16 3.81568800e-28 9.99994788e-01 2.79700373e-16 9.99781395e-01 7.41341501e-01 6.77074844e-01 9.98036402e-01 9.99098487e-01 9.99422686e-01 9.99654875e-01 3.04818585e-18 1.22753990e-19 1.40808814e-06 3.39725510e-07 3.39725510e-07 3.56292512e-03 3.56292512e-03 6.31291042e-04 1.50003029e-18 2.69945915e-03 1.60463058e-02 9.76229747e-03 8.38288211e-03 1.38852462e-02 1.90471926e-02 2.19889203e-02
1.69669670e-02 -2.06697975e+01 -2.06697975e+01 -2.50725145e-02 -6.80089473e-03 -6.80089064e-03 7.13254574e+01 7.13254574e+01 1.03899662e+02 1.73372523e+02 2.07477532e+02 3.06769437e+02 3.15160487e+02 4.13173667e+02 5.14298293e+02 6.14690243e+02 7.15557844e+02 5.05007617e-16 6.10934695e-16 5.51561170e-06 1.16946659e-16 1.64998267e-14 3.81283364e-28 2.08670465e-16 9.99994693e-01 2.90897974e-16 9.99777340e-01 7.41677895e-01 6.76817308e-01 9.97996660e-01 9.99080806e-01 9.99412971e-01 9.99650960e-01 4.90107124e-18 2.11707714e-18 1.40808814e-06 3.39725510e-07 3.39725510e-07 3.56292512e-03 3.56292512e-03 6.36986612e-04 4.40064481e-19 2.72451527e-03 1.60846162e-02 9.74257062e-03 8.46205312e-03 1.40117668e-02 1.91936375e-02 2.20999780e-02
1.71171171e-02 -2.06697975e+01 -2.06697975e+01 -2.50725142e-02 -6.80091004e-03 -6.80088221e-03 7.13254574e+01 7.13254574e+01 1.03898785e+02 1.73372523e+02 2.07469907e+02 3.06713513e+02 3.15184343e+02 4.13125325e+02 5.14199126e+02 6.14538067e+02 7.15386720e+02 5.68632679e-16 3.73991228e-16 5.56442243e-06 9.28481051e-17 1.66820682e-14 3.80990237e-28 1.07944579e-16 9.99994598e-01 3.73300225e-16 9.99773244e-01 7.42014970e-01 6.76559911e-01 9.97956397e-01 9.99062923e-01 9.99403206e-01 9.99647074e-01 6.53016395e-18 1.32265056e-18 1.40808814e-06 3.39725510e-07 3.39725510e-07 3.56292512e-03 3.56292512e-03 6.42683764e-04 5.98879360e-18 2.74959709e-03 1.61230307e-02 9.72290057e-03 8.54132204e-03 1.41382533e-02 1.93392655e-02 2.22092256e-02
1.72672673e-02 -2.06697975e+01 -2.06697975e+01 -2.50725133e-02 -6.80089085e-03 -6.80089080e-03 7.13254574e+01 7.13254574e+01 1.03897901e+02 1.73372523e+02 2.07462208e+02 3.06657362e+02 3.15208119e+02 4.13076497e+02 5.14099028e+02 6.14384897e+02 7.15215384e+02 6.01974659e-16 1.74470787e-15 5.61323315e-06 1.34229986e-14 1.00533219e-14 3.80666076e-28 1.20084246e-16 9.99994502e-01 3.01535827e-16 9.99769107e-01 7.42352730e-01 6.76302653e-01 9.97915610e-01 9.99044839e-01 9.99393393e-01 9.99643220e-01 3.34987030e-18 2.68066595e-18 1.40808814e-06 3.39725510e-07 3.39725510e-07 3.56292512e-03 3.56292512e-03 6.48382512e-04 3.00932032e-18 2.77470486e-03 1.61615493e-02 9.70328712e-03 8.62068887e-03 1.42647009e-02 1.94840638e-02 2.23166656e-02
1.74174174e-02 -2.06697975e+01 -2.06697975e+01 -2.50725140e-02 -6.80090362e-03 -6.80088996e-03 7.13254574e+01 7.13254574e+01 1.03897009e+02 1.73372523e+02 2.07454437e+02 3.06600982e+02 3.15231815e+02 4.13027183e+02 5.13997998e+02 6.14230743e+02 7.15043858e+02 6.67276665e-16 4.38980611e-16 5.66204387e-06 5.47684654e-17 1.69083592e-14 3.82052716e-28 3.46721360e-16 9.99994405e-01 2.83725918e-16 9.99764928e-01 7.42691179e-01 6.76045533e-01 9.97874293e-01 9.99026552e-01 9.99383534e-01 9.99639398e-01 1.08801762e-18 7.44321478e-19 1.40808814e-06 3.39725510e-07 3.39725510e-07 3.56292512e-03 3.56292512e-03 6.54082870e-04 1.41655404e-18 2.79983881e-03 1.62001720e-02 9.68373007e-03 8.70015360e-03 1.43911046e-02 1.96280196e-02 2.24223006e-02
1.75675676e-02 -2.06697975e+01 -2.06697975e+01 -2.50725138e-02 -6.80089038e-03 -6.80088940e-03 7.13254574e+01 7.13254574e+01 1.03896108e+02 1.73372523e+02 2.07446592e+02 3.06544372e+02 3.15255431e+02 4.12977380e+02 5.13896038e+02 6.14075619e+02 7.14872166e+02 1.12013642e-15 3.99714361e-16 5.71085459e-06 1.70601441e-14 4.03024244e-16 9.48824532e-17 3.81609526e-28 9.99994307e-01 2.41333950e-16 9.99760709e-01 7.43030320e-01 6.75788549e-01 9.97832441e-01 9.99008062e-01 9.99373631e-01 9.99635609e-01 5.23413411e-18 8.94813882e-19 1.40808814e-06 3.39725510e-07 3.39725510e-07 3.56292512e-03 3.56292512e-03 6.59784853e-04 6.81109066e-18 2.82499918e-03 1.62388988e-02 9.66422923e-03 8.77971620e-03 1.45174595e-02 1.97711205e-02 2.25261340e-02
1.77177177e-02 -2.06697975e+01 -2.06697975e+01 -2.50725133e-02 -6.80089184e-03 -6.80089095e-03 7.13254574e+01 7.13254574e+01 1.03895200e+02 1.73372523e+02 2.07438673e+02 3.06487532e+02 3.15278968e+02 4.12927088e+02 5.13793146e+02 6.13919537e+02 7.14700328e+02 3.93431401e-15 1.88223356e-15 5.75966532e-06 1.62438432e-16 6.11780209e-15 2.95964355e-24 1.21264031e-16 9.99994208e-01 3.30758644e-16 9.99756448e-01 7.43370159e-01 6.75531701e-01 9.97790050e-01 9.98989369e-01 9.99363684e-01 9.99631853e-01 1.14084196e-17 5.36248224e-18 1.40808814e-06 3.39725510e-07 3.39725510e-07 3.56292512e-03 3.56292512e-03 6.65488475e-04 7.76633679e-18 2.85018622e-03 1.62777298e-02 9.64478438e-03 8.85937659e-03 1.46437602e-02 1.99133537e-02 2.26281692e-02
1.78678679e-02 -2.06697975e+01 -2.06697975e+01 -2.50725138e-02 -6.80089462e-03 -6.80089123e-03 7.13254574e+01 7.13254574e+01 1.03894284e+02 1.73372523e+02 2.07430681e+02 3.06430459e+02 3.15302426e+02 4.12876305e+02 5.13689324e+02 6.13762508e+02 7.14528367e+02 1.09318944e-15 3.12421144e-15 5.80847604e-06 1.73936678e-14 1.27046709e-16 4.01652934e-28 3.33951754e-16 9.99994108e-01 3.16984412e-16 9.99752145e-01 7.43710698e-01 6.75274988e-01 9.97747114e-01 9.98970471e-01 9.99353697e-01 9.99628132e-01 2.96427994e-18 7.62012330e-18 1.40808814e-06 3.39725510e-07 3.39725510e-07 3.56292512e-03 3.56292512e-03 6.71193750e-04 8.13914596e-18 2.87540016e-03 1.63166648e-02 9.62539535e-03 8.93913467e-03 1.47700017e-02 2.00547067e-02 2.27284100e-02
1.80180180e-02 -2.06697975e+01 -2.06697975e+01 -2.50725138e-02 -6.80090575e-03 -6.80088992e-03 7.13254574e+01 7.13254574e+01 1.03893360e+02 1.73372523e+02 2.07422615e+02 3.06373153e+02 3.15325806e+02 4.12825029e+02 5.13584571e+02 6.13604546e+02 7.14356305e+02 8.42028048e-16 7.33377406e-16 5.85728676e-06 6.35936561e-17 1.74753894e-14 2.42659332e-16 4.01263559e-28 9.99994007e-01 3.72800342e-16 9.99747801e-01 7.44051941e-01 6.75018409e-01 9.97703630e-01 9.98951369e-01 9.99343669e-01 9.99624447e-01 1.29489381e-18 2.53169759e-18 1.40808814e-06 3.39725510e-07 3.39725510e-07 3.56292512e-03 3.56292512e-03 6.76900693e-04 8.40496713e-18 2.90064124e-03 1.63557041e-02 9.60606192e-03 9.01899033e-03 1.48961784e-02 2.01951669e-02 2.28268606e-02
1.81681682e-02 -2.06697975e+01 -2.06697975e+01 -2.50725136e-02 -6.80089423e-03 -6.80089353e-03 7.13254574e+01 7.13254574e+01 1.03892429e+02 1.73372523e+02 2.07414476e+02 3.06315614e+02 3.15349107e+02 4.12773259e+02 5.13478888e+02 6.13445663e+02 7.14184161e+02 1.31223493e-15 1.42903757e-16 5.90609749e-06 5.78888952e-16 1.76295626e-14 2.02492832e-16 4.00866930e-28 9.99993906e-01 2.59740940e-16 9.99743415e-01 7.44393893e-01 6.74761963e-01 9.97659591e-01 9.98932062e-01 9.99333604e-01 9.99620798e-01 1.92102336e-18 9.67732480e-19 1.40808814e-06 3.39725510e-07 3.39725510e-07 3.56292512e-03 3.56292512e-03 6.82609318e-04 4.46722781e-18 2.92590971e-03 1.63948474e-02 9.58678389e-03 9.09894340e-03 1.50222849e-02 2.03347220e-02 2.29235255e-02
1.83183183e-02 -2.06697975e+01 -2.06697975e+01 -2.50725135e-02 -6.80089702e-03 -6.80089181e-03 7.13254574e+01 7.13254574e+01 1.03891489e+02 1.73372523e+02 2.07406262e+02 3.06257839e+02 3.15372330e+02 4.12720994e+02 5.13372274e+02 6.13285872e+02 7.14011959e+02 1.17634556e-15 2.01938796e-15 5.95490821e-06 6.59166514e-17 1.20615629e-14 3.02553809e-24 2.29055843e-16 9.99993804e-01 4.28125010e-16 9.99738987e-01 7.44736558e-01 6.74505649e-01 9.97614992e-01 9.98912550e-01 9.99323504e-01 9.99617186e-01 2.87060570e-18 1.55098654e-18 1.40808814e-06 3.39725510e-07 3.39725510e-07 3.56292512e-03 3.56292512e-03 6.88319639e-04 1.08840467e-17 2.95120580e-03 1.64340948e-02 9.56756108e-03 9.17899370e-03 1.51483155e-02 2.04733593e-02 2.30184095e-02
1.84684685e-02 -2.06697975e+01 -2.06697975e+01 -2.50725142e-02 -6.80089545e-03 -6.80089161e-03 7.13254574e+01 7.13254574e+01 1.03890541e+02 1.73372523e+02 2.07397974e+02 3.06199828e+02 3.15395475e+02 4.12668232e+02 5.13264731e+02 6.13125186e+02 7.13839717e+02 2.99354459e-16 3.28555764e-16 6.00371893e-06 5.23422754e-17 6.37859477e-15 2.87923188e-16 3.99375981e-28 9.99993700e-01 3.84250939e-16 9.99734517e-01 7.45079939e-01 6.74249466e-01 9.97569830e-01 9.98892832e-01 9.99313368e-01 9.99613612e-01 3.29982526e-18 3.46077424e-18 1.40808814e-06 3.39725510e-07 3.39725510e-07 3.56292512e-03 3.56292512e-03 6.94031670e-04 1.35394803e-17 2.97652976e-03 1.64734463e-02 9.54839329e-03 9.25914102e-03 1.52742646e-02 2.06110667e-02 2.31115179e-02
1.86186186e-02 -2.06697975e+01 -2.06697975e+01 -2.50725133e-02 -6.80090792e-03 -6.80088566e-03 7.13254574e+01 7.13254574e+01 1.03889585e+02 1.73372523e+02 2.07389611e+02 3.06141581e+02 3.15418544e+02 4.12614972e+02 5.13156259e+02 6.12963618e+02 7.13667458e+02 2.58082047e-16 9.02711861e-16 6.05252966e-06 1.80954971e-14 4.04363558e-17 2.59867993e-16 3.99634389e-28 9.99993596e-01 3.87835275e-16 9.99730004e-01 7.45424041e-01 6.73993413e-01 9.97524097e-01 9.98872908e-01 9.99303201e-01 9.99610077e-01 4.66952558e-19 1.11553701e-18 1.40808814e-06 3.39725510e-07 3.39725510e-07 3.56292512e-03 3.56292512e-03 6.99745427e-04 1.50590007e-18 3.00188182e-03 1.65129018e-02 9.52928032e-03 9.33938510e-03 1.54001262e-02 2.07478317e-02 2.32028561e-02
1.87687688e-02 -2.06697975e+01 -2.06697975e+01 -2.50725133e-02 -6.80089439e-03 -6.80089428e-03 7.13254574e+01 7.13254574e+01 1.03888622e+02 1.73372523e+02 2.07381174e+02 3.06083095e+02 3.15441535e+02 4.12561212e+02 5.13046858e+02 6.12801182e+02 7.13495201e+02 1.91858665e-16 1.44221310e-16 6.10134038e-06 2.47429566e-27 1.45294516e-27 4.60949794e-45 4.68233963e-27 9.99993491e-01 5.46370402e-16 9.99725450e-01 7.45768867e-01 6.73737490e-01 9.97477790e-01 9.98852778e-01 9.99293003e-01 9.99606580e-01 2.99823943e-18 5.13396480e-19 1.40808814e-06 3.39725510e-07 3.39725510e-07 3.56292512e-03 3.56292512e-03 7.05460924e-04 3.34593559e-18 3.02726223e-03 1.65524613e-02 9.51022198e-03 9.41972568e-03 1.55258946e-02 2.08836423e-02 2.32924299e-02
1.89189189e-02 -2.06697975e+01 -2.06697975e+01 -2.50725149e-02 -6.80090111e-03 -6.80089503e-03 7.13254574e+01 7.13254574e+01 1.03887650e+02 1.73372523e+02 2.07372662e+02 3.06024371e+02 3.15464450e+02 4.12506951e+02 5.12936529e+02 6.12637892e+02 7.13322966e+02 3.28056957e-16 3.13029867e-15 6.15015110e-06 6.52660193e-17 1.83482257e-14 3.98588372e-28 1.50793419e-16 9.99993385e-01 5.03313796e-16 9.99720852e-01 7.46114421e-01 6.73481695e-01 9.97430903e-01 9.98832442e-01 9.99282776e-01 9.99603124e-01 3.22533581e-18 1.24400988e-18 1.40808814e-06 3.39725510e-07 3.39725510e-07 3.56292512e-03 3.56292512e-03 7.11178174e-04 1.30519569e-17 3.05267124e-03 1.65921248e-02 9.49121807e-03 9.50016244e-03 1.56515634e-02 2.10184862e-02 2.33802454e-02
1.90690691e-02 -2.06697975e+01 -2.06697975e+01 -2.50725136e-02 -6.80090346e-03 -6.80089317e-03 7.13254574e+01 7.13254574e+01 1.03886671e+02 1.73372523e+02 2.07364074e+02 3.05965406e+02 3.15487288e+02 4.12452187e+02 5.12825274e+02 6.12473760e+02 7.13150774e+02 4.68576077e-16 3.15453736e-16 6.19896182e-06 1.85358160e-14 5.19796592e-17 3.01655045e-16 3.99608763e-28 9.99993278e-01 2.96796330e-16 9.99716212e-01 7.46460707e-01 6.73226027e-01 9.97383431e-01 9.98811898e-01 9.99272522e-01 9.99599709e-01 2.89806807e-18 1.78693573e-18 1.40808814e-06 3.39725510e-07 3.39725510e-07 3.56292512e-03 3.56292512e-03 7.16897193e-04 7.25827032e-18 3.07810907e-03 1.66318921e-02 9.47226840e-03 9.58069503e-03 1.57771267e-02 2.11523514e-02 2.34663091e-02
1.92192192e-02 -2.06697975e+01 -2.06697975e+01 -2.50725144e-02 -6.80090657e-03 -6.80088612e-03 7.13254574e+01 7.13254574e+01 1.03885683e+02 1.73372523e+02 2.07355412e+02 3.05906200e+02 3.15510051e+02 4.12396919e+02 5.12713092e+02 6.12308801e+02 7.12978644e+02 1.20082921e-15 6.68197981e-16 6.24777255e-06 1.85955079e-14 1.34952294e-16 4.00747890e-28 2.77294385e-16 9.99993171e-01 1.43637988e-16 9.99711529e-01 7.46807730e-01 6.72970486e-01 9.97335368e-01 9.98791148e-01 9.99262244e-01 9.99596334e-01 6.55995955e-18 1.33703912e-18 1.40808814e-06 3.39725510e-07 3.39725510e-07 3.56292512e-03 3.56292512e-03 7.22617995e-04 7.26937955e-19 3.10357599e-03 1.66717634e-02 9.45337278e-03 9.66132310e-03 1.59025781e-02 2.12852260e-02 2.35506278e-02
1.93693694e-02 -2.06697975e+01 -2.06697975e+01 -2.50725140e-02 -6.80090798e-03 -6.80090012e-03 7.13254574e+01 7.13254574e+01 1.03884688e+02 1.73372523e+02 2.07346675e+02 3.05846752e+02 3.15532738e+02 4.12341146e+02 5.12599984e+02 6.12143028e+02 7.12806594e+02 1.01892728e-15 5.90955162e-16 6.29658327e-06 1.87838407e-14 8.88303341e-17 1.36167907e-16 4.00261870e-28 9.99993062e-01 3.46749272e-16 9.99706803e-01 7.47155492e-01 6.72715071e-01 9.97286708e-01 9.98770191e-01 9.99251942e-01 9.99593002e-01 3.35603702e-18 1.29400536e-18 1.40808814e-06 3.39725510e-07 3.39725510e-07 3.56292512e-03 3.56292512e-03 7.28340593e-04 7.10212308e-18 3.12907222e-03 1.67117384e-02 9.43453101e-03 9.74204622e-03 1.60279111e-02 2.14170982e-02 2.36332084e-02
1.95195195e-02 -2.06697975e+01 -2.06697975e+01 -2.50725152e-02 -6.80088978e-03 -6.80088971e-03 7.13254574e+01 7.13254574e+01 1.03883685e+02 1.73372523e+02 2.07337862e+02 3.05787061e+02 3.15555349e+02 4.12284865e+02 5.12485952e+02 6.11976456e+02 7.12634645e+02 1.20105625e-15 2.84210596e-16 6.34539399e-06 6.55459172e-15 1.77947303e-14 4.20123963e-28 2.45241173e-16 9.99992953e-01 3.60019559e-16 9.99702034e-01 7.47503999e-01 6.72459781e-01 9.97237448e-01 9.98749026e-01 9.99241620e-01 9.99589712e-01 1.68682932e-18 5.91871889e-18 1.40808814e-06 3.39725510e-07 3.39725510e-07 3.56292512e-03 3.56292512e-03 7.34065004e-04 1.17325007e-17 3.15459801e-03 1.67518171e-02 9.41574291e-03 9.82286396e-03 1.61531194e-02 2.15479561e-02 2.37140583e-02
1.96696697e-02 -2.06697975e+01 -2.06697975e+01 -2.50725128e-02 -6.80089722e-03 -6.80088982e-03 7.13254574e+01 7.13254574e+01 1.03882673e+02 1.73372523e+02 2.07328973e+02 3.05727126e+02 3.15577886e+02 4.12228076e+02 5.12370997e+02 6.11809099e+02 7.12462815e+02 3.62622219e-16 7.90749662e-16 6.39420472e-06 1.00542783e-16 1.29581912e-14 4.05652516e-16 4.19243337e-28 9.99992842e-01 4.22551469e-16 9.99697222e-01 7.47853254e-01 6.72204615e-01 9.97187580e-01 9.98727654e-01 9.99231278e-01 9.99586465e-01 6.57484664e-18 3.89449247e-18 1.40808814e-06 3.39725510e-07 3.39725510e-07 3.56292512e-03 3.56292512e-03 7.39791241e-04 9.88359200e-18 3.18015360e-03 1.67919994e-02 9.39700829e-03 9.90377585e-03 1.62781962e-02 2.16777882e-02 2.37931851e-02
1.98198198e-02 -2.06697975e+01 -2.06697975e+01 -2.50725143e-02 -6.80089570e-03 -6.80089024e-03 7.13254574e+01 7.13254574e+01 1.03881654e+02 1.73372523e+02 2.07320008e+02 3.05666946e+02 3.15600348e+02 4.12170777e+02 5.12255120e+02 6.11640971e+02 7.12291123e+02 2.51617368e-16 3.15401385e-16 6.44301544e-06 4.97988316e-17 1.30395888e-14 2.11205610e-16 4.18705500e-28 9.99992731e-01 3.47650669e-16 9.99692366e-01 7.48203261e-01 6.71949572e-01 9.97137100e-01 9.98706075e-01 9.99220920e-01 9.99583262e-01 3.07551964e-18 3.11177703e-18 1.40808814e-06 3.39725510e-07 3.39725510e-07 3.56292512e-03 3.56292512e-03 7.45519318e-04 2.11193825e-18 3.20573925e-03 1.68322853e-02 9.37832694e-03 9.98478138e-03 1.64031348e-02 2.18065830e-02 2.38705967e-02
1.99699700e-02 -2.06697975e+01 -2.06697975e+01 -2.50725140e-02 -6.80090229e-03 -6.80089801e-03 7.13254574e+01 7.13254574e+01 1.03880627e+02 1.73372523e+02 2.07310967e+02 3.05606519e+02 3.15622735e+02 4.12112967e+02 5.12138322e+02 6.11472087e+02 7.12119586e+02 1.71742894e-15 2.92524656e-16 6.49182616e-06 1.94629861e-14 1.37528742e-16 5.00657879e-17 4.18514899e-28 9.99992619e-01 2.50157841e-16 9.99687466e-01 7.48554024e-01 6.71694651e-01 9.97086001e-01 9.98684289e-01 9.99210546e-01 9.99580103e-01 2.00013616e-18 5.62969909e-18 1.40808814e-06 3.39725510e-07 3.39725510e-07 3.56292512e-03 3.56292512e-03 7.51249250e-04 2.04129581e-18 3.23135518e-03 1.68726746e-02 9.35969870e-03 1.00658800e-02 1.65279285e-02 2.19343291e-02 2.39463014e-02
2.01201201e-02 -2.06697975e+01 -2.06697975e+01 -2.50725152e-02 -6.80089258e-03 -6.80087520e-03 7.13254574e+01 7.13254574e+01 1.03879591e+02 1.73372523e+02 2.07301851e+02 3.05545845e+02 3.15645049e+02 4.12054644e+02 5.12020604e+02 6.11302461e+02 7.11948223e+02 1.65339782e-15 2.68833094e-16 6.54063689e-06 1.95488820e-14 4.08396907e-17 4.17966001e-28 4.80812072e-17 9.99992506e-01 5.74753373e-16 9.99682523e-01 7.48905547e-01 6.71439852e-01 9.97034279e-01 9.98662295e-01 9.99200159e-01 9.99576989e-01 7.43200768e-18 4.26330286e-18 1.40808814e-06 3.39725510e-07 3.39725510e-07 3.56292512e-03 3.56292512e-03 7.56981052e-04 7.73840899e-18 3.25700165e-03 1.69131674e-02 9.34112336e-03 1.01470711e-02 1.66525702e-02 2.20610152e-02 2.40203075e-02
2.02702703e-02 -2.06697975e+01 -2.06697975e+01 -2.50725145e-02 -6.80091018e-03 -6.80089354e-03 7.13254574e+01 7.13254574e+01 1.03878548e+02 1.73372523e+02 2.07292657e+02 3.05484922e+02 3.15667289e+02 4.11995806e+02 5.11901969e+02 6.11132109e+02 7.11777051e+02 1.37000568e-15 6.47015176e-16 6.58944761e-06 6.39775971e-17 1.96681804e-14 1.30681307e-16 4.17338823e-28 9.99992392e-01 2.20958200e-16 9.99677536e-01 7.49257833e-01 6.71185173e-01 9.96981928e-01 9.98640094e-01 9.99189762e-01 9.99573920e-01 1.31064658e-18 9.80928336e-19 1.40808814e-06 3.39725510e-07 3.39725510e-07 3.56292512e-03 3.56292512e-03 7.62714738e-04 5.05994126e-18 3.28267890e-03 1.69537634e-02 9.32260074e-03 1.02283542e-02 1.67770528e-02 2.21866303e-02 2.40926239e-02
2.04204204e-02 -2.06697975e+01 -2.06697975e+01 -2.50725130e-02 -6.80090233e-03 -6.80088907e-03 7.13254574e+01 7.13254574e+01 1.03877497e+02 1.73372523e+02 2.07283387e+02 3.05423750e+02 3.15689455e+02 4.11936453e+02 5.11782417e+02 6.10961045e+02 7.11606089e+02 1.94377919e-16 4.78867586e-16 6.63825833e-06 1.20094239e-16 1.98077373e-14 3.07946400e-24 1.34135529e-16 9.99992277e-01 6.12001269e-16 9.99672505e-01 7.49610887e-01 6.70930614e-01 9.96928941e-01 9.98617687e-01 9.99179355e-01 9.99570896e-01 3.35950106e-18 3.37777812e-18 1.40808814e-06 3.39725510e-07 3.39725510e-07 3.56292512e-03 3.56292512e-03 7.68450322e-04 9.71202348e-18 3.30838718e-03 1.69944625e-02 9.30413065e-03 1.03097285e-02 1.69013693e-02 2.23111635e-02 2.41632596e-02
2.05705706e-02 -2.06697975e+01 -2.06697975e+01 -2.50725145e-02 -6.80089145e-03 -6.80089120e-03 7.13254574e+01 7.13254574e+01 1.03876437e+02 1.73372523e+02 2.07274040e+02 3.05362328e+02 3.15711549e+02 4.11876582e+02 5.11661950e+02 6.10789283e+02 7.11435352e+02 1.27214870e-15 6.50534681e-16 6.68706905e-06 1.99652688e-14 1.72690321e-15 1.29188876e-16 3.07066175e-24 9.99992162e-01 3.20749252e-16 9.99667429e-01 7.49964713e-01 6.70676175e-01 9.96875313e-01 9.98595072e-01 9.99168942e-01 9.99567919e-01 2.64085085e-18 6.95827876e-19 1.40808814e-06 3.39725510e-07 3.39725510e-07 3.56292512e-03 3.56292512e-03 7.74187820e-04 1.05329741e-17 3.33412672e-03 1.70352647e-02 9.28571290e-03 1.03911933e-02 1.70255124e-02 2.24346038e-02 2.42322237e-02
2.07207207e-02 -2.06697975e+01 -2.06697975e+01 -2.50725143e-02 -6.80090457e-03 -6.80089674e-03 7.13254574e+01 7.13254574e+01 1.03875370e+02 1.73372523e+02 2.07264616e+02 3.05300654e+02 3.15733569e+02 4.11816193e+02 5.11540570e+02 6.10616840e+02 7.11264858e+02 6.60156808e-16 4.71524064e-16 6.73587978e-06 2.01170884e-14 8.73287909e-17 2.39833827e-16 4.15560223e-28 9.99992045e-01 2.43010724e-16 9.99662309e-01 7.50319315e-01 6.70421853e-01 9.96821038e-01 9.98572251e-01 9.99158523e-01 9.99564988e-01 6.47280436e-18 1.48140117e-18 1.40808814e-06 3.39725510e-07 3.39725510e-07 3.56292512e-03 3.56292512e-03 7.79927245e-04 2.65386966e-18 3.35989778e-03 1.70761697e-02 9.26734732e-03 1.04727480e-02 1.71494746e-02 2.25569407e-02 2.42995259e-02
2.08708709e-02 -2.06697975e+01 -2.06697975e+01 -2.50725134e-02 -6.80089459e-03 -6.80089263e-03 7.13254574e+01 7.13254574e+01 1.03874295e+02 1.73372523e+02 2.07255115e+02 3.05238728e+02 3.15755518e+02 4.11755283e+02 5.11418279e+02 6.10443730e+02 7.11094624e+02 3.30947071e-16 4.90631619e-16 6.78469050e-06 2.02569094e-14 2.11563494e-16 1.98162777e-16 4.14754149e-28 9.99991927e-01 2.25060421e-16 9.99657145e-01 7.50674696e-01 6.70167649e-01 9.96766110e-01 9.98549224e-01 9.99148103e-01 9.99562103e-01 4.08204700e-18 3.82340963e-19 1.40808814e-06 3.39725510e-07 3.39725510e-07 3.56292512e-03 3.56292512e-03 7.85668612e-04 1.33220344e-18 3.38570060e-03 1.71171776e-02 9.24903371e-03 1.05543918e-02 1.72732485e-02 2.26781637e-02 2.43651758e-02
2.10210210e-02 -2.06697975e+01 -2.06697975e+01 -2.50725138e-02 -6.80091190e-03 -6.80089102e-03 7.13254574e+01 7.13254574e+01 1.03873211e+02 1.73372523e+02 2.07245537e+02 3.05176548e+02 3.15777394e+02 4.11693853e+02 5.11295078e+02 6.10269968e+02 7.10924666e+02 1.32739658e-15 8.89107076e-16 6.83350122e-06 1.38772569e-14 7.33229258e-17 1.70095764e-16 4.13797296e-28 9.99991809e-01 3.34937173e-16 9.99651936e-01 7.51030861e-01 6.69913561e-01 9.96710524e-01 9.98525991e-01 9.99137681e-01 9.99559267e-01 2.74066098e-18 2.74059181e-18 1.40808814e-06 3.39725510e-07 3.39725510e-07 3.56292512e-03 3.56292512e-03 7.91411936e-04 1.59896221e-17 3.41153543e-03 1.71582881e-02 9.23077189e-03 1.06361239e-02 1.73968266e-02 2.27982625e-02 2.44291835e-02
2.11711712e-02 -2.06697975e+01 -2.06697975e+01 -2.50725138e-02 -6.80089439e-03 -6.80089428e-03 7.13254574e+01 7.13254574e+01 1.03872120e+02 1.73372523e+02 2.07235881e+02 3.05114113e+02 3.15799198e+02 4.11631899e+02 5.11170971e+02 6.10095571e+02 7.10754999e+02 2.21904187e-16 1.98664980e-16 6.88231195e-06 2.63304753e-27 1.54616674e-27 5.02481444e-45 4.98276054e-27 9.99991690e-01 5.55895364e-16 9.99646681e-01 7.51387813e-01 6.69659590e-01 9.96654273e-01 9.98502552e-01 9.99127261e-01 9.99556477e-01 4.40817719e-18 6.14808477e-18 1.40808814e-06 3.39725510e-07 3.39725510e-07 3.56292512e-03 3.56292512e-03 7.97157231e-04 2.37890561e-18 3.43740250e-03 1.71995010e-02 9.21256167e-03 1.07179434e-02 1.75202012e-02 2.29172269e-02 2.44915593e-02
2.13213213e-02 -2.06697975e+01 -2.06697975e+01 -2.50725142e-02 -6.80089398e-03 -6.80089222e-03 7.13254574e+01 7.13254574e+01 1.03871020e+02 1.73372523e+02 2.07226147e+02 3.05051423e+02 3.15820931e+02 4.11569420e+02 5.11045958e+02 6.09920553e+02 7.10585639e+02 6.55530400e-16 8.53128393e-16 6.93112267e-06 2.44192781e-16 2.06634926e-14 4.12956891e-28 2.92242482e-16 9.99991570e-01 2.45306639e-16 9.99641382e-01 7.51745556e-01 6.69405733e-01 9.96597352e-01 9.98478908e-01 9.99116845e-01 9.99553736e-01 3.85644344e-18 8.27692805e-18 1.40808814e-06 3.39725510e-07 3.39725510e-07 3.56292512e-03 3.56292512e-03 8.02904512e-04 5.31837702e-18 3.46330208e-03 1.72408163e-02 9.19440288e-03 1.07998494e-02 1.76433644e-02 2.30350470e-02 2.45523135e-02
2.14714715e-02 -2.06697975e+01 -2.06697975e+01 -2.50725135e-02 -6.80090124e-03 -6.80088715e-03 7.13254574e+01 7.13254574e+01 1.03869913e+02 1.73372523e+02 2.07216335e+02 3.04988476e+02 3.15842592e+02 4.11506416e+02 5.10920043e+02 6.09744930e+02 7.10416603e+02 6.44458090e-16 3.17210415e-16 6.97993339e-06 6.51942298e-17 2.08583106e-14 4.32525071e-28 2.17149249e-16 9.99991448e-01 4.98493169e-16 9.99636038e-01 7.52104094e-01 6.69151991e-01 9.96539753e-01 9.98455060e-01 9.99106435e-01 9.99551042e-01 1.01667784e-18 4.41734386e-18 1.40808814e-06 3.39725510e-07 3.39725510e-07 3.56292512e-03 3.56292512e-03 8.08653793e-04 8.47095058e-19 3.48923440e-03 1.72822338e-02 9.17629533e-03 1.08818411e-02 1.77663085e-02 2.31517129e-02 2.46114569e-02
2.16216216e-02 -2.06697975e+01 -2.06697975e+01 -2.50725152e-02 -6.80089860e-03 -6.80089318e-03 7.13254574e+01 7.13254574e+01 1.03868797e+02 1.73372523e+02 2.07206445e+02 3.04925271e+02 3.15864183e+02 4.11442884e+02 5.10793227e+02 6.09568718e+02 7.10247904e+02 1.24850051e-15 4.66333882e-16 7.02874412e-06 8.12185376e-17 1.41992682e-14 4.31512542e-28 2.78969256e-16 9.99991326e-01 1.89073690e-16 9.99630648e-01 7.52463431e-01 6.68898362e-01 9.96481472e-01 9.98431007e-01 9.99096032e-01 9.99548397e-01 3.61294769e-18 2.31722974e-18 1.40808814e-06 3.39725510e-07 3.39725510e-07 3.56292512e-03 3.56292512e-03 8.14405089e-04 8.78709838e-18 3.51519971e-03 1.73237533e-02 9.15823884e-03 1.09639175e-02 1.78890254e-02 2.32672152e-02 2.46690003e-02
2.17717718e-02 -2.06697975e+01 -2.06697975e+01 -2.50725155e-02 -6.80089505e-03 -6.80088441e-03 7.13254574e+01 7.13254574e+01 1.03867674e+02 1.73372523e+02 2.07196477e+02 3.04861807e+02 3.15885703e+02 4.11378824e+02 5.10665514e+02 6.09391933e+02 7.10079559e+02 5.64762167e-16 2.02301523e-15 7.07755484e-06 9.88675068e-17 2.11587801e-14 3.15597247e-24 7.40217020e-17 9.99991203e-01 4.83241877e-16 9.99625213e-01 7.52823572e-01 6.68644846e-01 9.96422501e-01 9.98406751e-01 9.99085640e-01 9.99545801e-01 6.20097119e-18 1.55521278e-18 1.40808814e-06 3.39725510e-07 3.39725510e-07 3.56292512e-03 3.56292512e-03 8.20158414e-04 1.70830640e-17 3.54119826e-03 1.73653745e-02 9.14023322e-03 1.10460777e-02 1.80115072e-02 2.33815444e-02 2.47249550e-02
2.19219219e-02 -2.06697975e+01 -2.06697975e+01 -2.50725139e-02 -6.80090199e-03 -6.80089545e-03 7.13254574e+01 7.13254574e+01 1.03866542e+02 1.73372523e+02 2.07186430e+02 3.04798083e+02 3.15907153e+02 4.11314233e+02 5.10536905e+02 6.09214591e+02 7.09911580e+02 1.44320021e-16 1.82458854e-15 7.12636556e-06 7.80052116e-17 2.13310442e-14 4.33026624e-28 3.55725981e-16 9.99991080e-01 3.31093009e-16 9.99619731e-01 7.53184519e-01 6.68391441e-01 9.96362836e-01 9.98382293e-01 9.99075260e-01 9.99543254e-01 1.34507485e-18 3.17932066e-18 1.40808814e-06 3.39725510e-07 3.39725510e-07 3.56292512e-03 3.56292512e-03 8.25913784e-04 6.22636637e-18 3.56723029e-03 1.74070974e-02 9.12227830e-03 1.11283204e-02 1.81337456e-02 2.34946914e-02 2.47793323e-02
2.20720721e-02 -2.06697975e+01 -2.06697975e+01 -2.50725139e-02 -6.80089517e-03 -6.80089320e-03 7.13254574e+01 7.13254574e+01 1.03865402e+02 1.73372523e+02 2.07176304e+02 3.04734099e+02 3.15928533e+02 4.11249111e+02 5.10407404e+02 6.09036707e+02 7.09743984e+02 4.44427235e-16 9.12083087e-16 7.17517628e-06 2.14480708e-14 2.84026704e-16 2.28077809e-16 4.32338853e-28 9.99990955e-01 2.07698173e-16 9.99614204e-01 7.53546276e-01 6.68138148e-01 9.96302469e-01 9.98357632e-01 9.99064895e-01 9.99540756e-01 4.00149686e-18 8.20898408e-18 1.40808814e-06 3.39725510e-07 3.39725510e-07 3.56292512e-03 3.56292512e-03 8.31671213e-04 1.85099007e-18 3.59329606e-03 1.74489217e-02 9.10437389e-03 1.12106448e-02 1.82557323e-02 2.36066471e-02 2.48321436e-02
2.22222222e-02 -2.06697975e+01 -2.06697975e+01 -2.50725143e-02 -6.80090341e-03 -6.80089555e-03 7.13254574e+01 7.13254574e+01 1.03864255e+02 1.73372523e+02 2.07166099e+02 3.04669852e+02 3.15949843e+02 4.11183456e+02 5.10277013e+02 6.08858297e+02 7.09576783e+02 1.06034720e-15 2.11591831e-15 7.22398701e-06 2.14210145e-14 1.51269025e-16 4.31646148e-28 1.64047554e-16 9.99990829e-01 5.03070003e-16 9.99608631e-01 7.53908849e-01 6.67884966e-01 9.96241394e-01 9.98332770e-01 9.99054546e-01 9.99538307e-01 6.06654667e-18 1.21054922e-17 1.40808814e-06 3.39725510e-07 3.39725510e-07 3.56292512e-03 3.56292512e-03 8.37430714e-04 7.72029769e-18 3.61939581e-03 1.74908473e-02 9.08651983e-03 1.12930496e-02 1.83774592e-02 2.37174029e-02 2.48834007e-02
2.23723724e-02 -2.06697975e+01 -2.06697975e+01 -2.50725149e-02 -6.80090022e-03 -6.80089934e-03 7.13254574e+01 7.13254574e+01 1.03863099e+02 1.73372523e+02 2.07155815e+02 3.04605342e+02 3.15971083e+02 4.11117267e+02 5.10145735e+02 6.08679379e+02 7.09409991e+02 1.04670468e-15 8.56318508e-16 7.27279773e-06 1.92729252e-16 7.78606206e-15 1.00119384e-16 4.30201186e-28 9.99990703e-01 6.43828897e-16 9.99603012e-01 7.54272239e-01 6.67631893e-01 9.96179604e-01 9.98307707e-01 9.99044216e-01 9.99535908e-01 3.29641618e-18 9.97578188e-18 1.40808814e-06 3.39725510e-07 3.39725510e-07 3.56292512e-03 3.56292512e-03 8.43192304e-04 1.35895067e-18 3.64552978e-03 1.75328738e-02 9.06871592e-03 1.13755337e-02 1.84989177e-02 2.38269501e-02 2.49331154e-02
2.25225225e-02 -2.06697975e+01 -2.06697975e+01 -2.50725139e-02 -6.80090581e-03 -6.80089746e-03 7.13254574e+01 7.13254574e+01 1.03861935e+02 1.73372523e+02 2.07145451e+02 3.04540568e+02 3.15992255e+02 4.11050542e+02 5.10013573e+02 6.08499966e+02 7.09243623e+02 8.70302534e-16 5.59637155e-16 7.32160845e-06 2.19036731e-14 9.10082415e-17 4.30246324e-28 1.22906115e-16 9.99990575e-01 7.92323693e-16 9.99597346e-01 7.54636452e-01 6.67378929e-01 9.96117095e-01 9.98282445e-01 9.99033907e-01 9.99533558e-01 9.18225048e-18 6.72384801e-18 1.40808814e-06 3.39725510e-07 3.39725510e-07 3.56292512e-03 3.56292512e-03 8.48955997e-04 4.70410505e-18 3.67169824e-03 1.75750012e-02 9.05096199e-03 1.14580959e-02 1.86200994e-02 2.39352804e-02 2.49813000e-02
2.26726727e-02 -2.06697975e+01 -2.06697975e+01 -2.50725148e-02 -6.80090826e-03 -6.80089191e-03 7.13254574e+01 7.13254574e+01 1.03860763e+02 1.73372523e+02 2.07135008e+02 3.04475528e+02 3.16013357e+02 4.10983279e+02 5.09880532e+02 6.08320077e+02 7.09077690e+02 1.56400563e-15 4.27599863e-16 7.37041918e-06 1.34453724e-16 2.20747355e-14 4.29187115e-28 1.69272337e-16 9.99990447e-01 2.10172154e-16 9.99591633e-01 7.55001490e-01 6.67126074e-01 9.96053858e-01 9.98256984e-01 9.99023621e-01 9.99531258e-01 1.14351841e-18 4.45809479e-18 1.40808814e-06 3.39725510e-07 3.39725510e-07 3.56292512e-03 3.56292512e-03 8.54721806e-04 2.85856439e-18 3.69790142e-03 1.76172291e-02 9.03325786e-03 1.15407350e-02 1.87409956e-02 2.40423858e-02 2.50279666e-02
2.28228228e-02 -2.06697975e+01 -2.06697975e+01 -2.50725138e-02 -6.80090044e-03 -6.80088903e-03 7.13254574e+01 7.13254574e+01 1.03859583e+02 1.73372523e+02 2.07124485e+02 3.04410223e+02 3.16034391e+02 4.10915479e+02 5.09746613e+02 6.08139728e+02 7.08912205e+02 2.75907628e-16 1.57629438e-15 7.41922990e-06 3.88732204e-17 7.96034315e-15 4.27549191e-28 3.19014759e-16 9.99990317e-01 5.21405689e-16 9.99585874e-01 7.55367358e-01 6.66873326e-01 9.95989888e-01 9.98231325e-01 9.99013361e-01 9.99529008e-01 1.34299430e-18 2.98299458e-18 1.40808814e-06 3.39725510e-07 3.39725510e-07 3.56292512e-03 3.56292512e-03 8.60489748e-04 2.34783402e-18 3.72413957e-03 1.76595573e-02 9.01560337e-03 1.16234496e-02 1.88615977e-02 2.41482583e-02 2.50731276e-02
2.29729730e-02 -2.06697975e+01 -2.06697975e+01 -2.50725136e-02 -6.80090334e-03 -6.80089523e-03 7.13254574e+01 7.13254574e+01 1.03858394e+02 1.73372523e+02 2.07113881e+02 3.04344650e+02 3.16055357e+02 4.10847138e+02 5.09611820e+02 6.07958933e+02 7.08747182e+02 1.08670184e-15 2.41795894e-15 7.46804062e-06 8.16336444e-17 2.22445088e-14 4.27413192e-28 3.73037109e-16 9.99990187e-01 1.74593477e-16 9.99580068e-01 7.55734060e-01 6.66620685e-01 9.95925177e-01 9.98205470e-01 9.99003128e-01 9.99526807e-01 3.29582868e-18 2.61253769e-18 1.40808814e-06 3.39725510e-07 3.39725510e-07 3.56292512e-03 3.56292512e-03 8.66259837e-04 2.36220947e-18 3.75041295e-03 1.77019855e-02 8.99799832e-03 1.17062385e-02 1.89818970e-02 2.42528904e-02 2.51167958e-02
2.31231231e-02 -2.06697975e+01 -2.06697975e+01 -2.50725142e-02 -6.80090073e-03 -6.80090025e-03 7.13254574e+01 7.13254574e+01 1.03857198e+02 1.73372523e+02 2.07103198e+02 3.04278808e+02 3.16076255e+02 4.10778256e+02 5.09476157e+02 6.07777711e+02 7.08582632e+02 1.08793061e-15 2.68252540e-15 7.51685135e-06 6.86766023e-16 1.52522663e-14 1.77647535e-16 4.26302059e-28 9.99990056e-01 2.28626098e-16 9.99574214e-01 7.56101599e-01 6.66368151e-01 9.95859721e-01 9.98179419e-01 9.98992925e-01 9.99524657e-01 4.70631527e-18 1.65361068e-17 1.40808814e-06 3.39725510e-07 3.39725510e-07 3.56292512e-03 3.56292512e-03 8.72032086e-04 7.14757608e-18 3.77672180e-03 1.77445136e-02 8.98044255e-03 1.17891002e-02 1.91018846e-02 2.43562746e-02 2.51589837e-02
2.32732733e-02 -2.06697975e+01 -2.06697975e+01 -2.50725140e-02 -6.80091271e-03 -6.80089295e-03 7.13254574e+01 7.13254574e+01 1.03855994e+02 1.73372523e+02 2.07092434e+02 3.04212697e+02 3.16097085e+02 4.10708832e+02 5.09339627e+02 6.07596077e+02 7.08418568e+02 4.20087821e-16 5.26262986e-16 7.56566207e-06 1.53654364e-14 6.14955221e-17 4.25565027e-28 1.22731606e-16 9.99989924e-01 6.73863343e-16 9.99568313e-01 7.56469979e-01 6.66115721e-01 9.95793511e-01 9.98153174e-01 9.98982754e-01 9.99522556e-01 8.97784343e-18 4.99625981e-18 1.40808814e-06 3.39725510e-07 3.39725510e-07 3.56292512e-03 3.56292512e-03 8.77806512e-04 5.19729387e-18 3.80306637e-03 1.77871413e-02 8.96293587e-03 1.18720334e-02 1.92215516e-02 2.44584037e-02 2.51997043e-02
2.34234234e-02 -2.06697975e+01 -2.06697975e+01 -2.50725141e-02 -6.80090562e-03 -6.80089548e-03 7.13254574e+01 7.13254574e+01 1.03854781e+02 1.73372523e+02 2.07081589e+02 3.04146316e+02 3.16117848e+02 4.10638863e+02 5.09202235e+02 6.07414048e+02 7.08255000e+02 1.83562754e-15 1.94172402e-15 7.61447279e-06 1.19828964e-16 2.27342144e-14 4.25205168e-28 1.24237943e-16 9.99989791e-01 3.25045153e-16 9.99562365e-01 7.56839203e-01 6.65863397e-01 9.95726541e-01 9.98126735e-01 9.98972616e-01 9.99520506e-01 2.48440881e-18 5.09171904e-18 1.40808814e-06 3.39725510e-07 3.39725510e-07 3.56292512e-03 3.56292512e-03 8.83583129e-04 1.76273725e-18 3.82944691e-03 1.78298682e-02 8.94547813e-03 1.19550365e-02 1.93408892e-02 2.45592709e-02 2.52389707e-02
2.35735736e-02 -2.06697975e+01 -2.06697975e+01 -2.50725132e-02 -6.80089507e-03 -6.80089386e-03 7.13254574e+01 7.13254574e+01 1.03853560e+02 1.73372523e+02 2.07070663e+02 3.04079663e+02 3.16138544e+02 4.10568350e+02 5.09063984e+02 6.07231640e+02 7.08091941e+02 6.83147715e-16 1.86513367e-15 7.66328351e-06 2.28361014e-14 4.22381919e-16 4.34284731e-28 8.31552681e-17 9.99989657e-01 2.53042974e-16 9.99556368e-01 7.57209276e-01 6.65611176e-01 9.95658805e-01 9.98100105e-01 9.98962515e-01 9.99518506e-01 3.82198385e-18 8.81061908e-18 1.40808814e-06 3.39725510e-07 3.39725510e-07 3.56292512e-03 3.56292512e-03 8.89361951e-04 1.83600161e-18 3.85586368e-03 1.78726940e-02 8.92806914e-03 1.20381080e-02 1.94598881e-02 2.46588696e-02 2.52767959e-02
2.37237237e-02 -2.06697975e+01 -2.06697975e+01 -2.50725148e-02 -6.80090446e-03 -6.80087267e-03 7.13254574e+01 7.13254574e+01 1.03852332e+02 1.73372523e+02 2.07059656e+02 3.04012737e+02 3.16159173e+02 4.10497290e+02 5.08924878e+02 6.07048869e+02 7.07929402e+02 7.25155296e-16 7.30472074e-16 7.71209424e-06 6.18749262e-17 8.27594954e-15 4.42624252e-28 5.08884218e-17 9.99989522e-01 3.60558783e-16 9.99550324e-01 7.57580202e-01 6.65359060e-01 9.95590295e-01 9.98073285e-01 9.98952453e-01 9.99516555e-01 6.05767151e-18 2.14803741e-18 1.40808814e-06 3.39725510e-07 3.39725510e-07 3.56292512e-03 3.56292512e-03 8.95142993e-04 1.28202292e-17 3.88231691e-03 1.79156186e-02 8.91070872e-03 1.21212465e-02 1.95785395e-02 2.47571932e-02 2.53131934e-02
2.38738739e-02 -2.06697975e+01 -2.06697975e+01 -2.50725138e-02 -6.80090330e-03 -6.80089500e-03 7.13254574e+01 7.13254574e+01 1.03851095e+02 1.73372523e+02 2.07048567e+02 3.03945537e+02 3.16179735e+02 4.10425682e+02 5.08784921e+02 6.06865753e+02 7.07767393e+02 8.74115003e-16 2.74887588e-15 7.76090496e-06 1.58268130e-14 5.22103724e-17 4.42222608e-28 1.40815214e-16 9.99989386e-01 1.19762809e-15 9.99544232e-01 7.57951983e-01 6.65107045e-01 9.95521006e-01 9.98046276e-01 9.98942430e-01 9.99514655e-01 2.47781771e-18 3.77229942e-18 1.40808814e-06 3.39725510e-07 3.39725510e-07 3.56292512e-03 3.56292512e-03 9.00926270e-04 1.71412482e-17 3.90880688e-03 1.79586416e-02 8.89339672e-03 1.22044502e-02 1.96968339e-02 2.48542356e-02 2.53481766e-02
2.40240240e-02 -2.06697975e+01 -2.06697975e+01 -2.50725151e-02 -6.80089201e-03 -6.80088992e-03 7.13254574e+01 7.13254574e+01 1.03849850e+02 1.73372523e+02 2.07037397e+02 3.03878063e+02 3.16200231e+02 4.10353526e+02 5.08644118e+02 6.06682308e+02 7.07605924e+02 3.85751536e-16 8.01142578e-16 7.80971568e-06 2.89652565e-16 2.33591048e-14 3.17104220e-24 2.47484123e-16 9.99989250e-01 3.84328637e-16 9.99538092e-01 7.58324623e-01 6.64855133e-01 9.95450930e-01 9.98019079e-01 9.98932451e-01 9.99512804e-01 3.23301475e-18 2.72689624e-18 1.40808814e-06 3.39725510e-07 3.39725510e-07 3.56292512e-03 3.56292512e-03 9.06711797e-04 6.87014379e-18 3.93533381e-03 1.80017626e-02 8.87613295e-03 1.22877176e-02 1.98147624e-02 2.49499910e-02 2.53817589e-02
2.41741742e-02 -2.06697975e+01 -2.06697975e+01 -2.50725144e-02 -6.80089425e-03 -6.80088527e-03 7.13254574e+01 7.13254574e+01 1.03848596e+02 1.73372523e+02 2.07026145e+02 3.03810313e+02 3.16220661e+02 4.10280818e+02 5.08502474e+02 6.06498550e+02 7.07445007e+02 7.13408234e-16 1.16286119e-15 7.85852641e-06 2.34819650e-14 1.26168188e-16 2.88954074e-16 4.41029287e-28 9.99989112e-01 4.79750777e-16 9.99531902e-01 7.58698127e-01 6.64603323e-01 9.95380060e-01 9.97991696e-01 9.98922516e-01 9.99511003e-01 1.16173264e-18 4.42487673e-18 1.40808814e-06 3.39725510e-07 3.39725510e-07 3.56292512e-03 3.56292512e-03 9.12499589e-04 7.25754096e-18 3.96189797e-03 1.80449813e-02 8.85891725e-03 1.23710469e-02 1.99323155e-02 2.50444537e-02 2.54139540e-02
2.43243243e-02 -2.06697975e+01 -2.06697975e+01 -2.50725140e-02 -6.80090774e-03 -6.80089515e-03 7.13254574e+01 7.13254574e+01 1.03847335e+02 1.73372523e+02 2.07014811e+02 3.03742285e+02 3.16241026e+02 4.10207560e+02 5.08359992e+02 6.06314496e+02 7.07284650e+02 2.33598463e-15 8.09251099e-16 7.90733713e-06 1.14162019e-14 7.39830524e-17 3.15508165e-24 1.40912845e-16 9.99988973e-01 4.53620172e-16 9.99525665e-01 7.59072497e-01 6.64351613e-01 9.95308390e-01 9.97964130e-01 9.98912627e-01 9.99509252e-01 1.11176991e-17 5.63171594e-18 1.40808814e-06 3.39725510e-07 3.39725510e-07 3.56292512e-03 3.56292512e-03 9.18289660e-04 8.58325212e-19 3.98849960e-03 1.80882975e-02 8.84174944e-03 1.24544364e-02 2.00494840e-02 2.51376184e-02 2.54447757e-02
2.44744745e-02 -2.06697975e+01 -2.06697975e+01 -2.50725141e-02 -6.80090625e-03 -6.80089703e-03 7.13254574e+01 7.13254574e+01 1.03846065e+02 1.73372523e+02 2.07003394e+02 3.03673980e+02 3.16261325e+02 4.10133748e+02 5.08216677e+02 6.06130162e+02 7.07124865e+02 1.14270343e-15 6.38398563e-16 7.95614785e-06 2.66917519e-14 8.18068127e-17 2.19976000e-16 4.39336073e-28 9.99988834e-01 3.77980974e-16 9.99519378e-01 7.59447737e-01 6.64100003e-01 9.95235913e-01 9.97936380e-01 9.98902788e-01 9.99507550e-01 2.13819485e-18 1.99822472e-18 1.40808814e-06 3.39725510e-07 3.39725510e-07 3.56292512e-03 3.56292512e-03 9.24082024e-04 4.65248482e-18 4.01513896e-03 1.81317108e-02 8.82462936e-03 1.25378843e-02 2.01662584e-02 2.52294800e-02 2.54742379e-02
2.46246246e-02 -2.06697975e+01 -2.06697975e+01 -2.50725146e-02 -6.80089366e-03 -6.80089140e-03 7.13254574e+01 7.13254574e+01 1.03844787e+02 1.73372523e+02 2.06991895e+02 3.03605396e+02 3.16281558e+02 4.10059383e+02 5.08072534e+02 6.05945564e+02 7.06965659e+02 4.99004528e-16 1.54792518e-15 8.00495857e-06 1.15412374e-14 1.60875685e-16 1.39697996e-16 4.39309219e-28 9.99988694e-01 1.92552086e-16 9.99513042e-01 7.59823852e-01 6.63848493e-01 9.95162621e-01 9.97908450e-01 9.98893000e-01 9.99505898e-01 7.48081371e-18 8.01680909e-18 1.40808814e-06 3.39725510e-07 3.39725510e-07 3.56292512e-03 3.56292512e-03 9.29876698e-04 6.60214954e-18 4.04181630e-03 1.81752207e-02 8.80755683e-03 1.26213887e-02 2.02826293e-02 2.53200336e-02 2.55023545e-02
2.47747748e-02 -2.06697975e+01 -2.06697975e+01 -2.50725140e-02 -6.80089882e-03 -6.80087930e-03 7.13254574e+01 7.13254574e+01 1.03843502e+02 1.73372523e+02 2.06980313e+02 3.03536531e+02 3.16301727e+02 4.09984462e+02 5.07927569e+02 6.05760721e+02 7.06807043e+02 4.88487771e-16 5.26893708e-16 8.05376930e-06 1.06816846e-16 1.15792703e-14 1.53718199e-16 4.39474771e-28 9.99988552e-01 6.24719442e-16 9.99506657e-01 7.60200844e-01 6.63597082e-01 9.95088508e-01 9.97880342e-01 9.98883265e-01 9.99504295e-01 6.85304931e-19 5.19386934e-18 1.40808814e-06 3.39725510e-07 3.39725510e-07 3.56292512e-03 3.56292512e-03 9.35673696e-04 1.16944519e-17 4.06853187e-03 1.82188270e-02 8.79053170e-03 1.27049479e-02 2.03985872e-02 2.54092747e-02 2.55291395e-02
2.49249249e-02 -2.06697975e+01 -2.06697975e+01 -2.50725134e-02 -6.80089439e-03 -6.80089428e-03 7.13254574e+01 7.13254574e+01 1.03842207e+02 1.73372523e+02 2.06968647e+02 3.03467386e+02 3.16321832e+02 4.09908985e+02 5.07781786e+02 6.05575647e+02 7.06649025e+02 4.79984346e-16 2.71580835e-16 8.10258002e-06 2.80612354e-27 1.64779968e-27 5.57777822e-45 5.31028836e-27 9.99988410e-01 8.44444435e-16 9.99500223e-01 7.60578716e-01 6.63345769e-01 9.95013567e-01 9.97852056e-01 9.98873584e-01 9.99502741e-01 1.54394933e-17 3.22361792e-18 1.40808814e-06 3.39725510e-07 3.39725510e-07 3.56292512e-03 3.56292512e-03 9.41473032e-04 1.25898043e-17 4.09528592e-03 1.82625293e-02 8.77355378e-03 1.27885597e-02 2.05141227e-02 2.54971990e-02 2.55546071e-02
2.50750751e-02 -2.06697975e+01 -2.06697975e+01 -2.50725147e-02 -6.80089580e-03 -6.80088810e-03 7.13254574e+01 7.13254574e+01 1.03840905e+02 1.73372523e+02 2.06956899e+02 3.03397958e+02 3.16341872e+02 4.09832950e+02 5.07635190e+02 6.05390359e+02 7.06491613e+02 4.88615665e-16 7.81459828e-16 8.15139074e-06 1.12388035e-16 1.16962371e-14 4.38629417e-28 2.89766724e-16 9.99988267e-01 3.76691964e-16 9.99493739e-01 7.60957474e-01 6.63094553e-01 9.94937791e-01 9.97823595e-01 9.98863961e-01 9.99501237e-01 4.09694494e-18 4.02746383e-18 1.40808814e-06 3.39725510e-07 3.39725510e-07 3.56292512e-03 3.56292512e-03 9.47274721e-04 3.13813742e-18 4.12207871e-03 1.83063271e-02 8.75662292e-03 1.28722223e-02 2.06292261e-02 2.55838025e-02 2.55787714e-02
2.52252252e-02 -2.06697975e+01 -2.06697975e+01 -2.50725148e-02 -6.80090244e-03 -6.80089298e-03 7.13254574e+01 7.13254574e+01 1.03839595e+02 1.73372523e+02 2.06945066e+02 3.03328246e+02 3.16361847e+02 4.09756356e+02 5.07487787e+02 6.05204874e+02 7.06334817e+02 8.76749518e-16 1.44115499e-15 8.20020147e-06 1.18413300e-14 1.52901696e-16 4.37560167e-28 1.85356412e-16 9.99988123e-01 8.27052872e-16 9.99487204e-01 7.61337119e-01 6.62843435e-01 9.94861172e-01 9.97794961e-01 9.98854397e-01 9.99499781e-01 3.61368113e-18 9.56081225e-18 1.40808814e-06 3.39725510e-07 3.39725510e-07 3.56292512e-03 3.56292512e-03 9.53078778e-04 1.29293286e-17 4.14891048e-03 1.83502202e-02 8.73973894e-03 1.29559337e-02 2.07438878e-02 2.56690816e-02 2.56016467e-02
2.53753754e-02 -2.06697975e+01 -2.06697975e+01 -2.50725149e-02 -6.80089350e-03 -6.80088674e-03 7.13254574e+01 7.13254574e+01 1.03838276e+02 1.73372523e+02 2.06933150e+02 3.03258250e+02 3.16381759e+02 4.09679202e+02 5.07339582e+02 6.05019208e+02 7.06178643e+02 1.27267637e-15 5.90962564e-16 8.24901219e-06 2.76743370e-14 1.38493183e-16 6.19419634e-17 4.35926399e-28 9.99987977e-01 3.88442423e-16 9.99480620e-01 7.61717655e-01 6.62592412e-01 9.94783704e-01 9.97766157e-01 9.98844895e-01 9.99498373e-01 2.93644437e-18 4.45773083e-18 1.40808814e-06 3.39725510e-07 3.39725510e-07 3.56292512e-03 3.56292512e-03 9.58885219e-04 9.83423750e-18 4.17578150e-03 1.83942080e-02 8.72290169e-03 1.30396916e-02 2.08580982e-02 2.57530327e-02 2.56232473e-02
2.55255255e-02 -2.06697975e+01 -2.06697975e+01 -2.50725134e-02 -6.80088584e-03 -6.80088328e-03 7.13254574e+01 7.13254574e+01 1.03836949e+02 1.73372523e+02 2.06921150e+02 3.03187969e+02 3.16401608e+02 4.09601488e+02 5.07190581e+02 6.04833378e+02 7.06023101e+02 3.70414767e-16 2.78215402e-15 8.29782291e-06 2.21026790e-16 2.79749861e-14 4.35073016e-28 1.97948134e-16 9.99987831e-01 2.72415497e-16 9.99473986e-01 7.62099086e-01 6.62341486e-01 9.94705380e-01 9.97737184e-01 9.98835455e-01 9.99497014e-01 2.30882758e-18 1.84980471e-18 1.40808814e-06 3.39725510e-07 3.39725510e-07 3.56292512e-03 3.56292512e-03 9.64694058e-04 8.58735269e-18 4.20269201e-03 1.84382902e-02 8.70611099e-03 1.31234940e-02 2.09718476e-02 2.58356527e-02 2.56435877e-02
2.56756757e-02 -2.06697975e+01 -2.06697975e+01 -2.50725142e-02 -6.80089959e-03 -6.80088821e-03 7.13254574e+01 7.13254574e+01 1.03835614e+02 1.73372523e+02 2.06909066e+02 3.03117402e+02 3.16421393e+02 4.09523211e+02 5.07040789e+02 6.04647400e+02 7.05868197e+02 8.94377613e-16 1.14127781e-15 8.34663364e-06 1.19691596e-14 5.79230003e-17 4.35004433e-28 2.19393132e-16 9.99987684e-01 1.55528888e-16 9.99467301e-01 7.62481415e-01 6.62090655e-01 9.94626192e-01 9.97708045e-01 9.98826080e-01 9.99495702e-01 1.33770510e-18 3.01296165e-18 1.40808814e-06 3.39725510e-07 3.39725510e-07 3.56292512e-03 3.56292512e-03 9.70505309e-04 2.39533929e-18 4.22964226e-03 1.84824664e-02 8.68936669e-03 1.32073388e-02 2.10851264e-02 2.59169387e-02 2.56626821e-02
2.58258258e-02 -2.06697975e+01 -2.06697975e+01 -2.50725134e-02 -6.80090423e-03 -6.80090006e-03 7.13254574e+01 7.13254574e+01 1.03834270e+02 1.73372523e+02 2.06896897e+02 3.03046546e+02 3.16441115e+02 4.09444371e+02 5.06890213e+02 6.04461290e+02 7.05713938e+02 1.03769516e-15 4.48525741e-16 8.39544436e-06 1.50290308e-16 1.21450933e-14 8.75655293e-17 4.34146980e-28 9.99987537e-01 2.16683241e-16 9.99460565e-01 7.62864646e-01 6.61839918e-01 9.94546133e-01 9.97678742e-01 9.98816772e-01 9.99494439e-01 3.17703810e-18 7.76341510e-19 1.40808814e-06 3.39725510e-07 3.39725510e-07 3.56292512e-03 3.56292512e-03 9.76318988e-04 5.04267362e-18 4.25663251e-03 1.85267360e-02 8.67266861e-03 1.32912236e-02 2.11979248e-02 2.59968882e-02 2.56805452e-02
2.59759760e-02 -2.06697975e+01 -2.06697975e+01 -2.50725142e-02 -6.80090332e-03 -6.80090253e-03 7.13254574e+01 7.13254574e+01 1.03832919e+02 1.73372523e+02 2.06884643e+02 3.02975402e+02 3.16460775e+02 4.09364967e+02 5.06738858e+02 6.04275064e+02 7.05560333e+02 4.26159519e-16 1.02832192e-15 8.44425508e-06 1.21654339e-14 3.50289161e-16 3.09818315e-24 1.43801215e-16 9.99987388e-01 6.38279313e-16 9.99453778e-01 7.63248782e-01 6.61589276e-01 9.94465196e-01 9.97649277e-01 9.98807533e-01 9.99493223e-01 7.88288891e-18 1.60510344e-17 1.40808814e-06 3.39725510e-07 3.39725510e-07 3.56292512e-03 3.56292512e-03 9.82135110e-04 6.78658318e-18 4.28366301e-03 1.85710987e-02 8.65601659e-03 1.33751462e-02 2.13102331e-02 2.60754988e-02 2.56971913e-02
2.61261261e-02 -2.06697975e+01 -2.06697975e+01 -2.50725135e-02 -6.80090927e-03 -6.80090072e-03 7.13254574e+01 7.13254574e+01 1.03831559e+02 1.73372523e+02 2.06872303e+02 3.02903969e+02 3.16480372e+02 4.09284998e+02 5.06586731e+02 6.04088739e+02 7.05407386e+02 1.71834823e-15 1.13533546e-15 8.49306580e-06 4.84468144e-17 1.22549626e-14 2.68046660e-16 4.51579338e-28 9.99987238e-01 2.89844772e-16 9.99446941e-01 7.63633825e-01 6.61338726e-01 9.94383373e-01 9.97619653e-01 9.98798365e-01 9.99492055e-01 1.30928081e-17 6.10188019e-18 1.40808814e-06 3.39725510e-07 3.39725510e-07 3.56292512e-03 3.56292512e-03 9.87953690e-04 4.56514036e-18 4.31073402e-03 1.86155540e-02 8.63941048e-03 1.34591042e-02 2.14220415e-02 2.61527685e-02 2.57126351e-02
2.62762763e-02 -2.06697975e+01 -2.06697975e+01 -2.50725140e-02 -6.80089753e-03 -6.80089422e-03 7.13254574e+01 7.13254574e+01 1.03830191e+02 1.73372523e+02 2.06859879e+02 3.02832244e+02 3.16499907e+02 4.09204462e+02 5.06433838e+02 6.03902331e+02 7.05255106e+02 5.48929709e-16 2.71166793e-16 8.54187653e-06 8.42301862e-17 1.23368353e-14 4.50461372e-28 1.73961842e-16 9.99987087e-01 2.94974438e-16 9.99440051e-01 7.64019780e-01 6.61088270e-01 9.94300659e-01 9.97589873e-01 9.98789269e-01 9.99490933e-01 1.11208710e-17 5.19051193e-19 1.40808814e-06 3.39725510e-07 3.39725510e-07 3.56292512e-03 3.56292512e-03 9.93774742e-04 7.18173288e-18 4.33784579e-03 1.86601014e-02 8.62285011e-03 1.35430953e-02 2.15333403e-02 2.62286956e-02 2.57268912e-02
2.64264264e-02 -2.06697975e+01 -2.06697975e+01 -2.50725135e-02 -6.80089183e-03 -6.80089002e-03 7.13254574e+01 7.13254574e+01 1.03828814e+02 1.73372523e+02 2.06847369e+02 3.02760228e+02 3.16519379e+02 4.09123359e+02 5.06280185e+02 6.03715856e+02 7.05103498e+02 6.92500261e-16 1.09126777e-15 8.59068725e-06 1.77883798e-16 1.23822829e-14 2.52009291e-16 3.14584454e-24 9.99986935e-01 4.40658958e-16 9.99433111e-01 7.64406650e-01 6.60837906e-01 9.94217044e-01 9.97559939e-01 9.98780247e-01 9.99489858e-01 2.98701484e-18 4.45766873e-18 1.40808814e-06 3.39725510e-07 3.39725510e-07 3.56292512e-03 3.56292512e-03 9.99598281e-04 3.88438965e-18 4.36499857e-03 1.87047404e-02 8.60633531e-03 1.36271170e-02 2.16441197e-02 2.63032787e-02 2.57399740e-02
2.65765766e-02 -2.06697975e+01 -2.06697975e+01 -2.50725147e-02 -6.80090781e-03 -6.80089604e-03 7.13254574e+01 7.13254574e+01 1.03827430e+02 1.73372523e+02 2.06834773e+02 3.02687919e+02 3.16538790e+02 4.09041688e+02 5.06125779e+02 6.03529329e+02 7.04952569e+02 4.59329300e-16 8.56910265e-16 8.63949797e-06 8.08733992e-17 1.25053300e-14 4.70786356e-16 4.48435623e-28 9.99986783e-01 3.16379368e-16 9.99426118e-01 7.64794437e-01 6.60587634e-01 9.94132523e-01 9.97529854e-01 9.98771302e-01 9.99488829e-01 4.54334474e-18 1.66391993e-18 1.40808814e-06 3.39725510e-07 3.39725510e-07 3.56292512e-03 3.56292512e-03 1.00542432e-03 3.45254726e-18 4.39219263e-03 1.87494706e-02 8.58986594e-03 1.37111668e-02 2.17543699e-02 2.63765165e-02 2.57518983e-02
2.67267267e-02 -2.06697975e+01 -2.06697975e+01 -2.50725160e-02 -6.80088966e-03 -6.80088478e-03 7.13254574e+01 7.13254574e+01 1.03826037e+02 1.73372523e+02 2.06822091e+02 3.02615316e+02 3.16558140e+02 4.08959448e+02 5.05970627e+02 6.03342767e+02 7.04802323e+02 1.13129973e-15 3.34782824e-16 8.68830870e-06 1.28284364e-16 2.92356335e-14 1.61626414e-16 4.46737810e-28 9.99986629e-01 3.79542888e-16 9.99419074e-01 7.65183145e-01 6.60337452e-01 9.94047087e-01 9.97499621e-01 9.98762435e-01 9.99487846e-01 7.77104900e-18 3.46195040e-18 1.40808814e-06 3.39725510e-07 3.39725510e-07 3.56292512e-03 3.56292512e-03 1.01125288e-03 1.56437212e-17 4.41942820e-03 1.87942913e-02 8.57344182e-03 1.37952422e-02 2.18640812e-02 2.64484081e-02 2.57626786e-02
2.68768769e-02 -2.06697975e+01 -2.06697975e+01 -2.50725149e-02 -6.80089982e-03 -6.80089460e-03 7.13254574e+01 7.13254574e+01 1.03824636e+02 1.73372523e+02 2.06809322e+02 3.02542419e+02 3.16577428e+02 4.08876638e+02 5.05814734e+02 6.03156185e+02 7.04652768e+02 3.41007731e-16 3.49706105e-16 8.73711942e-06 5.12329246e-14 2.35105218e-16 4.47312761e-28 8.13161330e-17 9.99986475e-01 1.83796864e-16 9.99411977e-01 7.65572778e-01 6.60087362e-01 9.93960729e-01 9.97469242e-01 9.98753647e-01 9.99486909e-01 2.83859822e-19 5.36705650e-18 1.40808814e-06 3.39725510e-07 3.39725510e-07 3.56292512e-03 3.56292512e-03 1.01708397e-03 6.21573703e-18 4.44670555e-03 1.88392022e-02 8.55706279e-03 1.38793406e-02 2.19732438e-02 2.65189531e-02 2.57723296e-02
2.70270270e-02 -2.06697975e+01 -2.06697975e+01 -2.50725133e-02 -6.80089171e-03 -6.80088586e-03 7.13254574e+01 7.13254574e+01 1.03823226e+02 1.73372523e+02 2.06796467e+02 3.02469225e+02 3.16596656e+02 4.08793256e+02 5.05658109e+02 6.02969600e+02 7.04503907e+02 1.27879595e-15 1.31200319e-15 8.78593014e-06 5.15813584e-14 1.59225880e-16 1.42547232e-16 4.46405135e-28 9.99986319e-01 5.04727169e-16 9.99404828e-01 7.65963337e-01 6.59837361e-01 9.93873443e-01 9.97438720e-01 9.98744940e-01 9.99486017e-01 4.20224800e-18 1.05839212e-18 1.40808814e-06 3.39725510e-07 3.39725510e-07 3.56292512e-03 3.56292512e-03 1.02291761e-03 5.42712064e-18 4.47402493e-03 1.88842027e-02 8.54072871e-03 1.39634593e-02 2.20818479e-02 2.65881510e-02 2.57808659e-02
2.71771772e-02 -2.06697975e+01 -2.06697975e+01 -2.50725131e-02 -6.80089047e-03 -6.80088926e-03 7.13254574e+01 7.13254574e+01 1.03821808e+02 1.73372523e+02 2.06783525e+02 3.02395734e+02 3.16615822e+02 4.08709303e+02 5.05500758e+02 6.02783027e+02 7.04355746e+02 3.59773818e-16 4.65714826e-16 8.83474086e-06 9.10329162e-16 5.19159990e-14 8.18589205e-17 4.45495615e-28 9.99986163e-01 4.59179495e-16 9.99397626e-01 7.66354827e-01 6.59587450e-01 9.93785220e-01 9.97408059e-01 9.98736317e-01 9.99485170e-01 4.15558775e-18 6.08948539e-18 1.40808814e-06 3.39725510e-07 3.39725510e-07 3.56292512e-03 3.56292512e-03 1.02875382e-03 4.59305275e-18 4.50138660e-03 1.89292921e-02 8.52443941e-03 1.40475956e-02 2.21898837e-02 2.66560019e-02 2.57883021e-02
2.73273273e-02 -2.06697975e+01 -2.06697975e+01 -2.50725146e-02 -6.80090064e-03 -6.80089051e-03 7.13254574e+01 7.13254574e+01 1.03820382e+02 1.73372523e+02 2.06770496e+02 3.02321945e+02 3.16634928e+02 4.08624777e+02 5.05342689e+02 6.02596481e+02 7.04208290e+02 1.75580882e-15 7.48239780e-16 8.88355159e-06 5.21259497e-14 1.21840499e-16 1.21297626e-16 4.44584282e-28 9.99986005e-01 6.12839149e-16 9.99390371e-01 7.66747249e-01 6.59337627e-01 9.93696054e-01 9.97377261e-01 9.98727778e-01 9.99484368e-01 2.73244585e-18 1.11868921e-17 1.40808814e-06 3.39725510e-07 3.39725510e-07 3.56292512e-03 3.56292512e-03 1.03459259e-03 1.74670362e-17 4.52879081e-03 1.89744701e-02 8.50819472e-03 1.41317468e-02 2.22973416e-02 2.67225060e-02 2.57946529e-02
2.74774775e-02 -2.06697975e+01 -2.06697975e+01 -2.50725136e-02 -6.80090383e-03 -6.80089939e-03 7.13254574e+01 7.13254574e+01 1.03818948e+02 1.73372523e+02 2.06757379e+02 3.02247857e+02 3.16653974e+02 4.08539678e+02 5.05183908e+02 6.02409977e+02 7.04061544e+02 7.96997912e-16 8.95258967e-16 8.93236231e-06 2.31484264e-16 5.24043479e-14 2.64118245e-16 3.07809566e-24 9.99985847e-01 1.61182452e-16 9.99383064e-01 7.67140608e-01 6.59087893e-01 9.93605936e-01 9.97346330e-01 9.98719325e-01 9.99483610e-01 1.11075876e-17 2.37965923e-18 1.40808814e-06 3.39725510e-07 3.39725510e-07 3.56292512e-03 3.56292512e-03 1.04043397e-03 5.96960849e-18 4.55623782e-03 1.90197359e-02 8.49199451e-03 1.42159101e-02 2.24042117e-02 2.67876639e-02 2.57999329e-02
2.76276276e-02 -2.06697975e+01 -2.06697975e+01 -2.50725134e-02 -6.80089398e-03 -6.80088385e-03 7.13254574e+01 7.13254574e+01 1.03817505e+02 1.73372523e+02 2.06744174e+02 3.02173469e+02 3.16672960e+02 4.08454005e+02 5.05024424e+02 6.02223533e+02 7.03915512e+02 2.75328320e-16 4.29091851e-16 8.98117303e-06 5.27913532e-14 1.35414155e-16 2.73727628e-16 4.42756499e-28 9.99985687e-01 4.89550661e-16 9.99375703e-01 7.67534906e-01 6.58838247e-01 9.93514860e-01 9.97315268e-01 9.98710960e-01 9.99482895e-01 2.11749068e-18 2.23481269e-18 1.40808814e-06 3.39725510e-07 3.39725510e-07 3.56292512e-03 3.56292512e-03 1.04627795e-03 5.01914772e-18 4.58372787e-03 1.90650891e-02 8.47583860e-03 1.43000826e-02 2.25104844e-02 2.68514764e-02 2.58041566e-02
2.77777778e-02 -2.06697975e+01 -2.06697975e+01 -2.50725141e-02 -6.80089118e-03 -6.80089083e-03 7.13254574e+01 7.13254574e+01 1.03816054e+02 1.73372523e+02 2.06730881e+02 3.02098780e+02 3.16691887e+02 4.08367756e+02 5.04864244e+02 6.02037161e+02 7.03770198e+02 5.67724202e-16 1.17096677e-15 9.02998376e-06 5.29835742e-14 3.28349787e-15 2.13594533e-16 4.41545842e-28 9.99985527e-01 7.43728437e-16 9.99368288e-01 7.67930146e-01 6.58588688e-01 9.93422819e-01 9.97284080e-01 9.98702684e-01 9.99482224e-01 8.80443876e-18 9.78123957e-18 1.40808814e-06 3.39725510e-07 3.39725510e-07 3.56292512e-03 3.56292512e-03 1.05212455e-03 1.02029360e-17 4.61126124e-03 1.91105289e-02 8.45972684e-03 1.43842614e-02 2.26161501e-02 2.69139445e-02 2.58073387e-02
2.79279279e-02 -2.06697975e+01 -2.06697975e+01 -2.50725151e-02 -6.80089439e-03 -6.80089428e-03 7.13254574e+01 7.13254574e+01 1.03814595e+02 1.73372523e+02 2.06717500e+02 3.02023788e+02 3.16710754e+02 4.08280932e+02 5.04703375e+02 6.01850879e+02 7.03625606e+02 2.87275620e-16 1.49243086e-16 9.07879448e-06 2.88598309e-27 1.69469446e-27 5.93860239e-45 5.46141400e-27 9.99985366e-01 5.77071205e-16 9.99360819e-01 7.68326331e-01 6.58339216e-01 9.93329804e-01 9.97252768e-01 9.98694499e-01 9.99481596e-01 5.31393241e-18 2.81979365e-18 1.40808814e-06 3.39725510e-07 3.39725510e-07 3.56292512e-03 3.56292512e-03 1.05797379e-03 7.13388651e-19 4.63883816e-03 1.91560549e-02 8.44365908e-03 1.44684435e-02 2.27211990e-02 2.69750697e-02 2.58094936e-02
2.80780781e-02 -2.06697975e+01 -2.06697975e+01 -2.50725141e-02 -6.80091044e-03 -6.80090316e-03 7.13254574e+01 7.13254574e+01 1.03813127e+02 1.73372523e+02 2.06704030e+02 3.01948494e+02 3.16729561e+02 4.08193531e+02 5.04541826e+02 6.01664699e+02 7.03481739e+02 2.49631863e-16 1.95855387e-16 9.12760520e-06 1.28925582e-16 3.60969865e-14 1.44756750e-16 4.40207786e-28 9.99985204e-01 5.05106281e-16 9.99353297e-01 7.68723463e-01 6.58089831e-01 9.93235808e-01 9.97221336e-01 9.98686407e-01 9.99481011e-01 3.47845627e-18 7.03367896e-18 1.40808814e-06 3.39725510e-07 3.39725510e-07 3.56292512e-03 3.56292512e-03 1.06382568e-03 1.02263583e-18 4.66645890e-03 1.92016664e-02 8.42763517e-03 1.45526260e-02 2.28256216e-02 2.70348537e-02 2.58106359e-02
2.82282282e-02 -2.06697975e+01 -2.06697975e+01 -2.50725147e-02 -6.80090332e-03 -6.80089654e-03 7.13254574e+01 7.13254574e+01 1.03811651e+02 1.73372523e+02 2.06690472e+02 3.01872895e+02 3.16748310e+02 4.08105553e+02 5.04379605e+02 6.01478639e+02 7.03338602e+02 1.29122167e-15 1.86713994e-16 9.17641592e-06 1.37285558e-16 3.62954281e-14 4.39280726e-28 2.99832538e-16 9.99985040e-01 5.32979854e-16 9.99345720e-01 7.69121545e-01 6.57840531e-01 9.93140824e-01 9.97189787e-01 9.98678408e-01 9.99480467e-01 6.31135082e-19 8.67787626e-19 1.40808814e-06 3.39725510e-07 3.39725510e-07 3.56292512e-03 3.56292512e-03 1.06968024e-03 1.20779581e-17 4.69412372e-03 1.92473628e-02 8.41165494e-03 1.46368057e-02 2.29294082e-02 2.70932983e-02 2.58107800e-02
2.83783784e-02 -2.06697975e+01 -2.06697975e+01 -2.50725150e-02 -6.80090550e-03 -6.80088415e-03 7.13254574e+01 7.13254574e+01 1.03810167e+02 1.73372523e+02 2.06676824e+02 3.01796991e+02 3.16767000e+02 4.08016998e+02 5.04216718e+02 6.01292712e+02 7.03196198e+02 1.16335497e-15 9.27990347e-16 9.22522665e-06 3.64251866e-14 1.48970356e-16 3.01134505e-24 2.12277542e-16 9.99984876e-01 2.65361649e-16 9.99338089e-01 7.69520581e-01 6.57591316e-01 9.93044845e-01 9.97158125e-01 9.98670504e-01 9.99479965e-01 5.07154199e-19 7.74567915e-19 1.40808814e-06 3.39725510e-07 3.39725510e-07 3.56292512e-03 3.56292512e-03 1.07553748e-03 1.33584601e-17 4.72183287e-03 1.92931434e-02 8.39571824e-03 1.47209795e-02 2.30325494e-02 2.71504057e-02 2.58099404e-02
2.85285285e-02 -2.06697975e+01 -2.06697975e+01 -2.50725145e-02 -6.80089247e-03 -6.80088697e-03 7.13254574e+01 7.13254574e+01 1.03808674e+02 1.73372523e+02 2.06663086e+02 3.01720780e+02 3.16785631e+02 4.07927865e+02 5.04053176e+02 6.01106933e+02 7.03054530e+02 3.17684379e-16 3.01397551e-16 9.27403737e-06 3.66440974e-14 1.18448920e-16 2.98836854e-24 2.51508158e-16 9.99984711e-01 2.86005055e-16 9.99330403e-01 7.69920572e-01 6.57342187e-01 9.92947864e-01 9.97126353e-01 9.98662696e-01 9.99479505e-01 9.43144327e-19 4.48733394e-18 1.40808814e-06 3.39725510e-07 3.39725510e-07 3.56292512e-03 3.56292512e-03 1.08139742e-03 1.23723126e-17 4.74958660e-03 1.93390075e-02 8.37982493e-03 1.48051443e-02 2.31350356e-02 2.72061786e-02 2.58081315e-02
2.86786787e-02 -2.06697975e+01 -2.06697975e+01 -2.50725144e-02 -6.80090138e-03 -6.80089491e-03 7.13254574e+01 7.13254574e+01 1.03807173e+02 1.73372523e+02 2.06649259e+02 3.01644263e+02 3.16804204e+02 4.07838152e+02 5.03888986e+02 6.00921316e+02 7.02913600e+02 2.44406588e-16 2.26794626e-16 9.32284809e-06 1.13583108e-16 3.69093974e-14 4.37875057e-28 1.68503081e-16 9.99984545e-01 1.07662666e-16 9.99322662e-01 7.70321521e-01 6.57093141e-01 9.92849871e-01 9.97094476e-01 9.98654986e-01 9.99479085e-01 8.78938314e-19 6.47856512e-18 1.40808814e-06 3.39725510e-07 3.39725510e-07 3.56292512e-03 3.56292512e-03 1.08726008e-03 3.80154984e-18 4.77738517e-03 1.93849546e-02 8.36397484e-03 1.48892968e-02 2.32368574e-02 2.72606195e-02 2.58053675e-02
2.88288288e-02 -2.06697975e+01 -2.06697975e+01 -2.50725146e-02 -6.80089439e-03 -6.80089428e-03 7.13254574e+01 7.13254574e+01 1.03805663e+02 1.73372523e+02 2.06635342e+02 3.01567437e+02 3.16822719e+02 4.07747860e+02 5.03724156e+02 6.00735876e+02 7.02773412e+02 5.98550399e-16 1.32317560e-16 9.37165882e-06 2.90100881e-27 1.70351780e-27 6.03338672e-45 5.48984857e-27 9.99984378e-01 7.91680725e-16 9.99314866e-01 7.70723431e-01 6.56844180e-01 9.92750862e-01 9.97062497e-01 9.98647375e-01 9.99478705e-01 5.95531095e-18 9.48366734e-18 1.40808814e-06 3.39725510e-07 3.39725510e-07 3.56292512e-03 3.56292512e-03 1.09312546e-03 3.35628546e-18 4.80522884e-03 1.94309838e-02 8.34816784e-03 1.49734338e-02 2.33380055e-02 2.73137315e-02 2.58016629e-02
2.89789790e-02 -2.06697975e+01 -2.06697975e+01 -2.50725146e-02 -6.80090084e-03 -6.80089547e-03 7.13254574e+01 7.13254574e+01 1.03804146e+02 1.73372523e+02 2.06621335e+02 3.01490301e+02 3.16841177e+02 4.07656989e+02 5.03558696e+02 6.00550627e+02 7.02633968e+02 4.62987219e-16 1.96829518e-16 9.42046954e-06 3.72588299e-14 1.30835680e-16 3.02345489e-24 1.23675556e-16 9.99984210e-01 2.54396600e-16 9.99307015e-01 7.71126305e-01 6.56595301e-01 9.92650827e-01 9.97030419e-01 9.98639865e-01 9.99478366e-01 1.26539182e-17 3.01654009e-18 1.40808814e-06 3.39725510e-07 3.39725510e-07 3.56292512e-03 3.56292512e-03 1.09899359e-03 1.49919792e-17 4.83311786e-03 1.94770945e-02 8.33240376e-03 1.50575518e-02 2.34384705e-02 2.73655179e-02 2.57970318e-02
2.91291291e-02 -2.06697975e+01 -2.06697975e+01 -2.50725144e-02 -6.80089457e-03 -6.80089279e-03 7.13254574e+01 7.13254574e+01 1.03802619e+02 1.73372523e+02 2.06607236e+02 3.01412856e+02 3.16859577e+02 4.07565537e+02 5.03392613e+02 6.00365584e+02 7.02495271e+02 2.76215327e-16 1.63654745e-16 9.46928026e-06 3.73872366e-14 4.96543446e-16 1.36012010e-16 4.53541575e-28 9.99984041e-01 2.45334568e-16 9.99299108e-01 7.71530144e-01 6.56346506e-01 9.92549760e-01 9.96998247e-01 9.98632455e-01 9.99478066e-01 3.91199450e-18 3.33206487e-18 1.40808814e-06 3.39725510e-07 3.39725510e-07 3.56292512e-03 3.56292512e-03 1.10486448e-03 3.36365962e-18 4.86105250e-03 1.95232861e-02 8.31668245e-03 1.51416475e-02 2.35382431e-02 2.74159822e-02 2.57914884e-02
2.92792793e-02 -2.06697975e+01 -2.06697975e+01 -2.50725133e-02 -6.80089559e-03 -6.80089554e-03 7.13254574e+01 7.13254574e+01 1.03801085e+02 1.73372523e+02 2.06593047e+02 3.01335099e+02 3.16877919e+02 4.07473504e+02 5.03225918e+02 6.00180759e+02 7.02357322e+02 7.07943805e-16 6.76603413e-16 9.51809099e-06 3.38469869e-14 1.62847095e-14 6.34110726e-17 4.52553493e-28 9.99983871e-01 1.43005016e-16 9.99291145e-01 7.71934951e-01 6.56097792e-01 9.92447652e-01 9.96965984e-01 9.98625148e-01 9.99477804e-01 1.09507398e-17 1.71617066e-18 1.40808814e-06 3.39725510e-07 3.39725510e-07 3.56292512e-03 3.56292512e-03 1.11073814e-03 4.95892401e-18 4.88903299e-03 1.95695577e-02 8.30100377e-03 1.52257176e-02 2.36373142e-02 2.74651282e-02 2.57850468e-02
2.94294294e-02 -2.06697975e+01 -2.06697975e+01 -2.50725138e-02 -6.80089598e-03 -6.80088306e-03 7.13254574e+01 7.13254574e+01 1.03799542e+02 1.73372523e+02 2.06578767e+02 3.01257030e+02 3.16896204e+02 4.07380890e+02 5.03058618e+02 5.99996168e+02 7.02220123e+02 2.08764358e-16 1.84710183e-16 9.56690171e-06 3.78222931e-14 4.63440394e-17 3.07041930e-24 3.51470672e-16 9.99983700e-01 4.54842831e-16 9.99283126e-01 7.72340729e-01 6.55849161e-01 9.92344498e-01 9.96933635e-01 9.98617945e-01 9.99477582e-01 3.65466496e-18 3.60402579e-19 1.40808814e-06 3.39725510e-07 3.39725510e-07 3.56292512e-03 3.56292512e-03 1.11661458e-03 2.70837431e-18 4.91705961e-03 1.96159086e-02 8.28536757e-03 1.53097584e-02 2.37356746e-02 2.75129600e-02 2.57777210e-02
2.95795796e-02 -2.06697975e+01 -2.06697975e+01 -2.50725144e-02 -6.80089827e-03 -6.80089676e-03 7.13254574e+01 7.13254574e+01 1.03797990e+02 1.73372523e+02 2.06564395e+02 3.01178647e+02 3.16914433e+02 4.07287695e+02 5.02890723e+02 5.99811823e+02 7.02083677e+02 2.36872918e-16 4.27563547e-16 9.61571243e-06 3.80136708e-14 5.31191048e-16 1.45695385e-16 4.50575518e-28 9.99983528e-01 6.39049100e-16 9.99275050e-01 7.72747480e-01 6.55600611e-01 9.92240289e-01 9.96901203e-01 9.98610846e-01 9.99477397e-01 2.73670033e-18 3.39445823e-18 1.40808814e-06 3.39725510e-07 3.39725510e-07 3.56292512e-03 3.56292512e-03 1.12249384e-03 8.92933367e-18 4.94513261e-03 1.96623381e-02 8.26977369e-03 1.53937664e-02 2.38333152e-02 2.75594818e-02 2.57695251e-02
2.97297297e-02 -2.06697975e+01 -2.06697975e+01 -2.50725151e-02 -6.80090512e-03 -6.80090412e-03 7.13254574e+01 7.13254574e+01 1.03796430e+02 1.73372523e+02 2.06549931e+02 3.01099950e+02 3.16932605e+02 4.07193918e+02 5.02722241e+02 5.99627738e+02 7.01947985e+02 4.04086459e-16 3.11912419e-16 9.66452315e-06 9.24596612e-16 3.82352721e-14 3.04912557e-24 1.25631670e-16 9.99983355e-01 6.00968272e-16 9.99266918e-01 7.73155205e-01 6.55352142e-01 9.92135018e-01 9.96868694e-01 9.98603853e-01 9.99477250e-01 2.71999262e-18 4.62666462e-18 1.40808814e-06 3.39725510e-07 3.39725510e-07 3.56292512e-03 3.56292512e-03 1.12837591e-03 1.81448354e-17 4.97325225e-03 1.97088454e-02 8.25422199e-03 1.54777381e-02 2.39302272e-02 2.76046983e-02 2.57604729e-02
2.98798799e-02 -2.06697975e+01 -2.06697975e+01 -2.50725138e-02 -6.80090081e-03 -6.80089835e-03 7.13254574e+01 7.13254574e+01 1.03794862e+02 1.73372523e+02 2.06535375e+02 3.01020939e+02 3.16950720e+02 4.07099560e+02 5.02553184e+02 5.99443927e+02 7.01813049e+02 4.97385431e-16 2.16931932e-16 9.71333388e-06 2.91357407e-16 3.83726800e-14 4.48595604e-28 1.39397778e-16 9.99983181e-01 2.76787761e-16 9.99258729e-01 7.73563908e-01 6.55103754e-01 9.92028678e-01 9.96836110e-01 9.98596967e-01 9.99477139e-01 2.32375515e-18 3.42635826e-18 1.40808814e-06 3.39725510e-07 3.39725510e-07 3.56292512e-03 3.56292512e-03 1.13426082e-03 3.14508106e-18 5.00141877e-03 1.97554298e-02 8.23871232e-03 1.55616697e-02 2.40264015e-02 2.76486141e-02 2.57505783e-02
3.00300300e-02 -2.06697975e+01 -2.06697975e+01 -2.50725143e-02 -6.80089117e-03 -6.80089035e-03 7.13254574e+01 7.13254574e+01 1.03793285e+02 1.73372523e+02 2.06520726e+02 3.00941610e+02 3.16968780e+02 4.07004619e+02 5.02383558e+02 5.99260403e+02 7.01678869e+02 3.71282789e-16 2.11052290e-16 9.76214460e-06 9.64345499e-16 3.84430415e-14 4.47605095e-28 1.93064839e-16 9.99983006e-01 3.44795301e-16 9.99250483e-01 7.73973590e-01 6.54855445e-01 9.91921262e-01 9.96803456e-01 9.98590188e-01 9.99477066e-01 2.09668140e-18 2.72765453e-18 1.40808814e-06 3.39725510e-07 3.39725510e-07 3.56292512e-03 3.56292512e-03 1.14014858e-03 6.30474191e-18 5.02963244e-03 1.98020903e-02 8.22324454e-03 1.56455576e-02 2.41218294e-02 2.76912344e-02 2.57398550e-02
3.01801802e-02 -2.06697975e+01 -2.06697975e+01 -2.50725144e-02 -6.80089772e-03 -6.80089504e-03 7.13254574e+01 7.13254574e+01 1.03791700e+02 1.73372523e+02 2.06505985e+02 3.00861965e+02 3.16986783e+02 4.06909095e+02 5.02213375e+02 5.99077178e+02 7.01545447e+02 6.20175357e-16 3.29303169e-16 9.81095532e-06 1.99605608e-14 1.97896669e-16 1.58628471e-16 4.47426102e-28 9.99982830e-01 6.32691350e-16 9.99242179e-01 7.74384254e-01 6.54607216e-01 9.91812761e-01 9.96770737e-01 9.98583518e-01 9.99477028e-01 1.05835265e-17 2.75723161e-18 1.40808814e-06 3.39725510e-07 3.39725510e-07 3.56292512e-03 3.56292512e-03 1.14603920e-03 2.66155877e-18 5.05789352e-03 1.98488263e-02 8.20781849e-03 1.57293981e-02 2.42165021e-02 2.77325644e-02 2.57283166e-02
3.03303303e-02 -2.06697975e+01 -2.06697975e+01 -2.50725141e-02 -6.80088852e-03 -6.80088450e-03 7.13254574e+01 7.13254574e+01 1.03790106e+02 1.73372523e+02 2.06491151e+02 3.00782002e+02 3.17004731e+02 4.06812989e+02 5.02042644e+02 5.98894266e+02 7.01412783e+02 4.29844897e-16 1.27071321e-16 9.85976604e-06 3.89456643e-14 2.10944379e-16 4.45623315e-28 9.47741667e-17 9.99982653e-01 2.65924641e-16 9.99233818e-01 7.74795900e-01 6.54359067e-01 9.91703170e-01 9.96737957e-01 9.98576957e-01 9.99477026e-01 8.04303411e-18 3.28486536e-18 1.40808814e-06 3.39725510e-07 3.39725510e-07 3.56292512e-03 3.56292512e-03 1.15193271e-03 3.43938660e-18 5.08620226e-03 1.98956369e-02 8.19243404e-03 1.58131873e-02 2.43104110e-02 2.77726096e-02 2.57159768e-02
3.04804805e-02 -2.06697975e+01 -2.06697975e+01 -2.50725133e-02 -6.80089439e-03 -6.80089428e-03 7.13254574e+01 7.13254574e+01 1.03788504e+02 1.73372523e+02 2.06476223e+02 3.00701719e+02 3.17022623e+02 4.06716301e+02 5.01871375e+02 5.98711678e+02 7.01280879e+02 9.65698317e-17 4.10551307e-16 9.90857677e-06 2.91897895e-27 1.71407015e-27 6.19176999e-45 5.52385514e-27 9.99982475e-01 9.05978783e-16 9.99225399e-01 7.75208532e-01 6.54110996e-01 9.91592480e-01 9.96705120e-01 9.98570506e-01 9.99477059e-01 4.96533797e-18 1.02988005e-17 1.40808814e-06 3.39725510e-07 3.39725510e-07 3.56292512e-03 3.56292512e-03 1.15782911e-03 1.02183155e-17 5.11455891e-03 1.99425212e-02 8.17709103e-03 1.58969213e-02 2.44035477e-02 2.78113758e-02 2.57028490e-02
3.06306306e-02 -2.06697975e+01 -2.06697975e+01 -2.50725140e-02 -6.80089154e-03 -6.80088680e-03 7.13254574e+01 7.13254574e+01 1.03786893e+02 1.73372523e+02 2.06461201e+02 3.00621116e+02 3.17040460e+02 4.06619029e+02 5.01699576e+02 5.98529429e+02 7.01149736e+02 4.68670540e-16 4.29430318e-16 9.95738749e-06 1.50910550e-16 3.94149061e-14 4.43640963e-28 1.55259190e-16 9.99982296e-01 4.09892610e-16 9.99216922e-01 7.75622152e-01 6.53863003e-01 9.91480684e-01 9.96672230e-01 9.98564166e-01 9.99477126e-01 2.30362252e-18 1.05242044e-17 1.40808814e-06 3.39725510e-07 3.39725510e-07 3.56292512e-03 3.56292512e-03 1.16372842e-03 8.26724419e-19 5.14296374e-03 1.99894785e-02 8.16178932e-03 1.59805964e-02 2.44959035e-02 2.78488689e-02 2.56889467e-02
3.07807808e-02 -2.06697975e+01 -2.06697975e+01 -2.50725146e-02 -6.80090612e-03 -6.80088821e-03 7.13254574e+01 7.13254574e+01 1.03785274e+02 1.73372523e+02 2.06446086e+02 3.00540193e+02 3.17058242e+02 4.06521176e+02 5.01527260e+02 5.98347530e+02 7.01019353e+02 2.83785716e-16 6.00123657e-16 1.00061982e-05 3.95541476e-14 1.28342946e-16 4.42649738e-28 5.17579069e-17 9.99982116e-01 2.99151105e-16 9.99208386e-01 7.76036760e-01 6.53615088e-01 9.91367776e-01 9.96639293e-01 9.98557938e-01 9.99477228e-01 1.71031990e-18 1.86660287e-18 1.40808814e-06 3.39725510e-07 3.39725510e-07 3.56292512e-03 3.56292512e-03 1.16963066e-03 1.09293134e-17 5.17141700e-03 2.00365077e-02 8.14652876e-03 1.60642084e-02 2.45874704e-02 2.78850951e-02 2.56742831e-02
3.09309309e-02 -2.06697975e+01 -2.06697975e+01 -2.50725133e-02 -6.80089708e-03 -6.80089371e-03 7.13254574e+01 7.13254574e+01 1.03783646e+02 1.73372523e+02 2.06430876e+02 3.00458947e+02 3.17075969e+02 4.06422739e+02 5.01354434e+02 5.98165992e+02 7.00889731e+02 1.01841762e-15 3.26444194e-16 1.00550089e-05 2.70301144e-16 3.97549366e-14 2.96157247e-24 3.42259564e-16 9.99981935e-01 3.59902067e-16 9.99199792e-01 7.76452358e-01 6.53367251e-01 9.91253748e-01 9.96606313e-01 9.98551822e-01 9.99477363e-01 3.89879043e-18 2.13591276e-18 1.40808814e-06 3.39725510e-07 3.39725510e-07 3.56292512e-03 3.56292512e-03 1.17553585e-03 1.77145964e-17 5.19991894e-03 2.00836082e-02 8.13130922e-03 1.61477534e-02 2.46782399e-02 2.79200608e-02 2.56588715e-02
3.10810811e-02 -2.06697975e+01 -2.06697975e+01 -2.50725153e-02 -6.80090524e-03 -6.80088789e-03 7.13254574e+01 7.13254574e+01 1.03782010e+02 1.73372523e+02 2.06415571e+02 3.00377379e+02 3.17093641e+02 4.06323720e+02 5.01181110e+02 5.97984829e+02 7.00760870e+02 2.52449714e-16 6.31343358e-16 1.01038197e-05 3.98950077e-14 6.30988976e-17 4.40007179e-28 1.95087751e-16 9.99981753e-01 3.63594927e-16 9.99191139e-01 7.76868949e-01 6.53119490e-01 9.91138593e-01 9.96573294e-01 9.98545819e-01 9.99477531e-01 3.42601675e-18 1.56438405e-17 1.40808814e-06 3.39725510e-07 3.39725510e-07 3.56292512e-03 3.56292512e-03 1.18144399e-03 1.42367313e-17 5.22846983e-03 2.01307788e-02 8.11613055e-03 1.62312273e-02 2.47682040e-02 2.79537726e-02 2.56427249e-02
3.12312312e-02 -2.06697975e+01 -2.06697975e+01 -2.50725141e-02 -6.80089506e-03 -6.80088346e-03 7.13254574e+01 7.13254574e+01 1.03780365e+02 1.73372523e+02 2.06400171e+02 3.00295487e+02 3.17111259e+02 4.06224118e+02 5.01007298e+02 5.97804052e+02 7.00632771e+02 1.50566684e-16 7.07965266e-16 1.01526304e-05 7.79420770e-17 4.01871936e-14 4.38634344e-28 2.30126300e-16 9.99981570e-01 9.33734399e-16 9.99182427e-01 7.77286534e-01 6.52871806e-01 9.91022304e-01 9.96540241e-01 9.98539929e-01 9.99477731e-01 3.72444528e-18 1.13670042e-17 1.40808814e-06 3.39725510e-07 3.39725510e-07 3.56292512e-03 3.56292512e-03 1.18735510e-03 1.48410621e-17 5.25706992e-03 2.01780188e-02 8.10099261e-03 1.63146261e-02 2.48573547e-02 2.79862374e-02 2.56258565e-02
3.13813814e-02 -2.06697975e+01 -2.06697975e+01 -2.50725129e-02 -6.80089933e-03 -6.80088182e-03 7.13254574e+01 7.13254574e+01 1.03778712e+02 1.73372523e+02 2.06384676e+02 3.00213270e+02 3.17128823e+02 4.06123934e+02 5.00833008e+02 5.97623673e+02 7.00505433e+02 5.94227690e-16 2.86900826e-16 1.02014411e-05 4.03001198e-14 2.45164446e-16 1.66930249e-16 2.92341769e-24 9.99981387e-01 4.41774949e-16 9.99173655e-01 7.77705115e-01 6.52624199e-01 9.90904873e-01 9.96507159e-01 9.98534154e-01 9.99477964e-01 2.11626228e-18 8.74163284e-19 1.40808814e-06 3.39725510e-07 3.39725510e-07 3.56292512e-03 3.56292512e-03 1.19326920e-03 2.77434200e-17 5.28571946e-03 2.02253273e-02 8.08589525e-03 1.63979456e-02 2.49456841e-02 2.80174622e-02 2.56082790e-02
3.15315315e-02 -2.06697975e+01 -2.06697975e+01 -2.50725145e-02 -6.80089725e-03 -6.80089443e-03 7.13254574e+01 7.13254574e+01 1.03777050e+02 1.73372523e+02 2.06369086e+02 3.00130727e+02 3.17146333e+02 4.06023168e+02 5.00658250e+02 5.97443703e+02 7.00378855e+02 3.22478642e-16 4.78154106e-16 1.02502518e-05 4.05460815e-14 3.09136798e-16 3.66696648e-17 2.91323308e-24 9.99981202e-01 2.38971600e-16 9.99164824e-01 7.78124692e-01 6.52376667e-01 9.90786294e-01 9.96474052e-01 9.98528493e-01 9.99478228e-01 5.36225298e-18 1.05664087e-17 1.40808814e-06 3.39725510e-07 3.39725510e-07 3.56292512e-03 3.56292512e-03 1.19918630e-03 8.82348188e-18 5.31441872e-03 2.02727032e-02 8.07083834e-03 1.64811815e-02 2.50331844e-02 2.80474542e-02 2.55900054e-02
3.16816817e-02 -2.06697975e+01 -2.06697975e+01 -2.50725135e-02 -6.80089835e-03 -6.80089200e-03 7.13254574e+01 7.13254574e+01 1.03775380e+02 1.73372523e+02 2.06353399e+02 3.00047858e+02 3.17163790e+02 4.05921820e+02 5.00483035e+02 5.97264153e+02 7.00253039e+02 2.37663677e-16 2.08566089e-16 1.02990626e-05 4.07183812e-14 1.13116561e-16 2.90638393e-16 4.35348179e-28 9.99981016e-01 3.67414864e-16 9.99155933e-01 7.78545268e-01 6.52129210e-01 9.90666561e-01 9.96440926e-01 9.98522947e-01 9.99478524e-01 2.37593362e-18 8.84429368e-19 1.40808814e-06 3.39725510e-07 3.39725510e-07 3.56292512e-03 3.56292512e-03 1.20510643e-03 6.93580084e-18 5.34316794e-03 2.03201455e-02 8.05582173e-03 1.65643297e-02 2.51198481e-02 2.80762208e-02 2.55710482e-02
3.18318318e-02 -2.06697975e+01 -2.06697975e+01 -2.50725146e-02 -6.80089598e-03 -6.80088982e-03 7.13254574e+01 7.13254574e+01 1.03773701e+02 1.73372523e+02 2.06337616e+02 2.99964662e+02 3.17181193e+02 4.05819891e+02 5.00307373e+02 5.97085034e+02 7.00127982e+02 8.46050218e-16 4.61123044e-16 1.03478733e-05 4.09458890e-14 1.68232986e-16 4.34348179e-28 1.67528983e-16 9.99980829e-01 3.43964665e-16 9.99146982e-01 7.78966843e-01 6.51881828e-01 9.90545665e-01 9.96407785e-01 9.98517517e-01 9.99478850e-01 5.18109613e-18 4.52832269e-18 1.40808814e-06 3.39725510e-07 3.39725510e-07 3.56292512e-03 3.56292512e-03 1.21102959e-03 4.41079561e-18 5.37196738e-03 2.03676535e-02 8.04084528e-03 1.66473858e-02 2.52056677e-02 2.81037697e-02 2.55514202e-02
3.19819820e-02 -2.06697975e+01 -2.06697975e+01 -2.50725150e-02 -6.80089683e-03 -6.80088693e-03 7.13254574e+01 7.13254574e+01 1.03772014e+02 1.73372523e+02 2.06321736e+02 2.99881137e+02 3.17198542e+02 4.05717381e+02 5.00131276e+02 5.96906357e+02 7.00003685e+02 3.35240153e-16 4.88066698e-16 1.03966840e-05 1.60208217e-16 4.10820495e-14 4.33348687e-28 8.57080639e-17 9.99980641e-01 2.73113453e-16 9.99137970e-01 7.79389419e-01 6.51634521e-01 9.90423600e-01 9.96374634e-01 9.98512202e-01 9.99479205e-01 3.33828513e-18 5.63683760e-18 1.40808814e-06 3.39725510e-07 3.39725510e-07 3.56292512e-03 3.56292512e-03 1.21695580e-03 4.80927669e-18 5.40081731e-03 2.04152260e-02 8.02590885e-03 1.67303454e-02 2.52906357e-02 2.81301087e-02 2.55311338e-02
3.21321321e-02 -2.06697975e+01 -2.06697975e+01 -2.50725136e-02 -6.80089439e-03 -6.80089428e-03 7.13254574e+01 7.13254574e+01 1.03770318e+02 1.73372523e+02 2.06305759e+02 2.99797283e+02 3.17215839e+02 4.05614290e+02 4.99954754e+02 5.96728134e+02 6.99880146e+02 3.46319966e-16 1.54640844e-16 1.04454947e-05 2.92566493e-27 1.71799626e-27 6.33106166e-45 5.53650765e-27 9.99980452e-01 7.95848285e-16 9.99128897e-01 7.79812997e-01 6.51387288e-01 9.90300360e-01 9.96341478e-01 9.98507004e-01 9.99479591e-01 7.95136926e-18 2.03088773e-18 1.40808814e-06 3.39725510e-07 3.39725510e-07 3.56292512e-03 3.56292512e-03 1.22288507e-03 1.14840261e-17 5.42971797e-03 2.04628620e-02 8.01101231e-03 1.68132043e-02 2.53747449e-02 2.81552457e-02 2.55102014e-02
3.22822823e-02 -2.06697975e+01 -2.06697975e+01 -2.50725152e-02 -6.80089073e-03 -6.80088995e-03 7.13254574e+01 7.13254574e+01 1.03768613e+02 1.73372523e+02 2.06289685e+02 2.99713099e+02 3.17233082e+02 4.05510618e+02 4.99777817e+02 5.96550374e+02 6.99757365e+02 7.31367359e-16 3.66519883e-16 1.04943054e-05 1.17310307e-15 4.13868391e-14 7.13174916e-17 4.31351455e-28 9.99980262e-01 5.52616073e-16 9.99119764e-01 7.80237578e-01 6.51140129e-01 9.90175937e-01 9.96308322e-01 9.98501922e-01 9.99480005e-01 4.90981564e-18 1.01038563e-18 1.40808814e-06 3.39725510e-07 3.39725510e-07 3.56292512e-03 3.56292512e-03 1.22881743e-03 2.94228041e-18 5.45866962e-03 2.05105605e-02 7.99615551e-03 1.68959579e-02 2.54579882e-02 2.81791889e-02 2.54886353e-02
3.24324324e-02 -2.06697975e+01 -2.06697975e+01 -2.50725147e-02 -6.80089529e-03 -6.80088964e-03 7.13254574e+01 7.13254574e+01 1.03766900e+02 1.73372523e+02 2.06273513e+02 2.99628584e+02 3.17250273e+02 4.05406367e+02 4.99600477e+02 5.96373087e+02 6.99635341e+02 8.72124511e-17 3.15683150e-16 1.05431162e-05 4.16859520e-14 2.14284019e-16 2.05610132e-16 2.85305003e-24 9.99980071e-01 4.03711947e-16 9.99110569e-01 7.80663164e-01 6.50893043e-01 9.90050324e-01 9.96275171e-01 9.98496957e-01 9.99480448e-01 3.59923354e-18 7.84329636e-19 1.40808814e-06 3.39725510e-07 3.39725510e-07 3.56292512e-03 3.56292512e-03 1.23475288e-03 7.17192422e-18 5.48767252e-03 2.05583205e-02 7.98133831e-03 1.69786017e-02 2.55403588e-02 2.82019468e-02 2.54664475e-02
3.25825826e-02 -2.06697975e+01 -2.06697975e+01 -2.50725138e-02 -6.80089494e-03 -6.80088928e-03 7.13254574e+01 7.13254574e+01 1.03765179e+02 1.73372523e+02 2.06257243e+02 2.99543737e+02 3.17267411e+02 4.05301537e+02 4.99422745e+02 5.96196285e+02 6.99514073e+02 2.78362799e-16 5.45069546e-16 1.05919269e-05 1.41820432e-16 4.18345193e-14 2.39368589e-16 4.38405791e-28 9.99979879e-01 3.01182949e-16 9.99101312e-01 7.81089754e-01 6.50646030e-01 9.89923516e-01 9.96242030e-01 9.98492109e-01 9.99480919e-01 3.86231974e-18 8.60095154e-18 1.40808814e-06 3.39725510e-07 3.39725510e-07 3.56292512e-03 3.56292512e-03 1.24069145e-03 6.00288605e-18 5.51672693e-03 2.06061410e-02 7.96656059e-03 1.70611314e-02 2.56218496e-02 2.82235276e-02 2.54436502e-02
3.27327327e-02 -2.06697975e+01 -2.06697975e+01 -2.50725144e-02 -6.80089220e-03 -6.80089184e-03 7.13254574e+01 7.13254574e+01 1.03763448e+02 1.73372523e+02 2.06240875e+02 2.99458557e+02 3.17284498e+02 4.05196128e+02 4.99244631e+02 5.96019976e+02 6.99393559e+02 2.76573174e-16 2.97943951e-16 1.06407376e-05 4.19502194e-14 2.60528207e-15 4.46486831e-28 1.77351878e-16 9.99979686e-01 3.79108093e-16 9.99091994e-01 7.81517350e-01 6.50399090e-01 9.89795506e-01 9.96208904e-01 9.98487378e-01 9.99481418e-01 1.20023422e-17 1.04012755e-17 1.40808814e-06 3.39725510e-07 3.39725510e-07 3.56292512e-03 3.56292512e-03 1.24663314e-03 8.95254941e-18 5.54583309e-03 2.06540208e-02 7.95182219e-03 1.71435422e-02 2.57024542e-02 2.82439403e-02 2.54202552e-02
3.28828829e-02 -2.06697975e+01 -2.06697975e+01 -2.50725147e-02 -6.80089900e-03 -6.80089251e-03 7.13254574e+01 7.13254574e+01 1.03761709e+02 1.73372523e+02 2.06224408e+02 2.99373044e+02 3.17301532e+02 4.05090142e+02 4.99066147e+02 5.95844170e+02 6.99273799e+02 4.68454638e-16 2.99806137e-16 1.06895483e-05 4.23307891e-14 2.07848765e-16 4.45467219e-28 2.42653585e-16 9.99979492e-01 2.54122271e-16 9.99082614e-01 7.81945953e-01 6.50152222e-01 9.89666286e-01 9.96175797e-01 9.98482764e-01 9.99481943e-01 5.95330962e-18 7.78998379e-18 1.40808814e-06 3.39725510e-07 3.39725510e-07 3.56292512e-03 3.56292512e-03 1.25257798e-03 8.80923359e-18 5.57499126e-03 2.07019589e-02 7.93712299e-03 1.72258295e-02 2.57821659e-02 2.82631935e-02 2.53962744e-02
3.30330330e-02 -2.06697975e+01 -2.06697975e+01 -2.50725136e-02 -6.80088592e-03 -6.80088102e-03 7.13254574e+01 7.13254574e+01 1.03759962e+02 1.73372523e+02 2.06207841e+02 2.99287197e+02 3.17318514e+02 4.04983578e+02 4.98887303e+02 5.95668878e+02 6.99154790e+02 6.87734101e-16 5.36983149e-16 1.07383591e-05 1.70073573e-16 4.24263256e-14 4.44448617e-28 1.66620842e-16 9.99979297e-01 2.83727190e-16 9.99073171e-01 7.82375563e-01 6.49905426e-01 9.89535851e-01 9.96142716e-01 9.98478267e-01 9.99482495e-01 6.67072193e-19 7.28241658e-18 1.40808814e-06 3.39725510e-07 3.39725510e-07 3.56292512e-03 3.56292512e-03 1.25852597e-03 7.05883696e-18 5.60420170e-03 2.07499541e-02 7.92246285e-03 1.73079888e-02 2.58609784e-02 2.82812962e-02 2.53717194e-02
3.31831832e-02 -2.06697975e+01 -2.06697975e+01 -2.50725141e-02 -6.80089088e-03 -6.80089030e-03 7.13254574e+01 7.13254574e+01 1.03758206e+02 1.73372523e+02 2.06191176e+02 2.99201014e+02 3.17335445e+02 4.04876438e+02 4.98708112e+02 5.95494108e+02 6.99036532e+02 1.66393574e-16 1.96073979e-16 1.07871698e-05 2.18955280e-14 8.18271833e-16 9.88023812e-17 4.44244113e-28 9.99979101e-01 2.62159392e-16 9.99063666e-01 7.82806182e-01 6.49658701e-01 9.89404194e-01 9.96109666e-01 9.98473888e-01 9.99483073e-01 4.49702919e-18 5.89522960e-19 1.40808814e-06 3.39725510e-07 3.39725510e-07 3.56292512e-03 3.56292512e-03 1.26447714e-03 7.30029996e-18 5.63346466e-03 2.07980055e-02 7.90784164e-03 1.73900152e-02 2.59388856e-02 2.82982576e-02 2.53466018e-02
3.33333333e-02 -2.06697975e+01 -2.06697975e+01 -2.50725151e-02 -6.80089362e-03 -6.80088549e-03 7.13254574e+01 7.13254574e+01 1.03756441e+02 1.73372523e+02 2.06174410e+02 2.99114495e+02 3.17352325e+02 4.04768723e+02 4.98528584e+02 5.95319869e+02 6.98919022e+02 2.25562663e-16 6.00132276e-16 1.08359805e-05 8.70868645e-17 4.27962075e-14 2.18224364e-16 2.94489284e-24 9.99978903e-01 4.48936330e-16 9.99054098e-01 7.83237808e-01 6.49412048e-01 9.89271309e-01 9.96076650e-01 9.98469626e-01 9.99483677e-01 9.01969497e-18 1.42581952e-17 1.40808814e-06 3.39725510e-07 3.39725510e-07 3.56292512e-03 3.56292512e-03 1.27043150e-03 2.04751760e-17 5.66278040e-03 2.08461117e-02 7.89325921e-03 1.74719042e-02 2.60158813e-02 2.83140870e-02 2.53209331e-02
3.34834835e-02 -2.06697975e+01 -2.06697975e+01 -2.50725136e-02 -6.80089439e-03 -6.80089428e-03 7.13254574e+01 7.13254574e+01 1.03754668e+02 1.73372523e+02 2.06157544e+02 2.99027640e+02 3.17369153e+02 4.04660432e+02 4.98348731e+02 5.95146171e+02 6.98802260e+02 2.48429682e-16 5.04731280e-16 1.08847912e-05 2.92363987e-27 1.71680712e-27 6.43154298e-45 5.53267544e-27 9.99978705e-01 8.32639600e-16 9.99044467e-01 7.83670444e-01 6.49165465e-01 9.89137189e-01 9.96043675e-01 9.98465481e-01 9.99484306e-01 2.34715770e-18 2.21927656e-18 1.40808814e-06 3.39725510e-07 3.39725510e-07 3.56292512e-03 3.56292512e-03 1.27638907e-03 8.55338415e-18 5.69214917e-03 2.08942718e-02 7.87871544e-03 1.75536508e-02 2.60919596e-02 2.83287937e-02 2.52947245e-02
3.36336336e-02 -2.06697975e+01 -2.06697975e+01 -2.50725135e-02 -6.80090112e-03 -6.80088081e-03 7.13254574e+01 7.13254574e+01 1.03752885e+02 1.73372523e+02 2.06140578e+02 2.98940446e+02 3.17385930e+02 4.04551569e+02 4.98168564e+02 5.94973022e+02 6.98686242e+02 1.32336969e-15 3.01056969e-16 1.09336019e-05 1.06160065e-16 4.31720880e-14 1.76641609e-16 4.40520913e-28 9.99978506e-01 9.40360247e-16 9.99034772e-01 7.84104089e-01 6.48918953e-01 9.89001829e-01 9.96010746e-01 9.98461454e-01 9.99484959e-01 4.14542470e-18 9.19774077e-18 1.40808814e-06 3.39725510e-07 3.39725510e-07 3.56292512e-03 3.56292512e-03 1.28234985e-03 5.11714546e-18 5.72157122e-03 2.09424844e-02 7.86421018e-03 1.76352504e-02 2.61671148e-02 2.83423872e-02 2.52679873e-02
3.37837838e-02 -2.06697975e+01 -2.06697975e+01 -2.50725152e-02 -6.80090529e-03 -6.80089679e-03 7.13254574e+01 7.13254574e+01 1.03751095e+02 1.73372523e+02 2.06123511e+02 2.98852915e+02 3.17402656e+02 4.04442132e+02 4.97988094e+02 5.94800430e+02 6.98570967e+02 3.61019302e-16 3.76200848e-16 1.09824127e-05 9.71247231e-17 4.33764616e-14 2.89878295e-24 2.57279645e-16 9.99978306e-01 1.21667550e-16 9.99025013e-01 7.84538743e-01 6.48672511e-01 9.88865222e-01 9.95977868e-01 9.98457544e-01 9.99485637e-01 2.31033881e-18 4.45283220e-18 1.40808814e-06 3.39725510e-07 3.39725510e-07 3.56292512e-03 3.56292512e-03 1.28831388e-03 3.08366396e-18 5.75104682e-03 2.09907485e-02 7.84974332e-03 1.77166979e-02 2.62413414e-02 2.83548774e-02 2.52407326e-02
3.39339339e-02 -2.06697975e+01 -2.06697975e+01 -2.50725140e-02 -6.80089185e-03 -6.80089059e-03 7.13254574e+01 7.13254574e+01 1.03749295e+02 1.73372523e+02 2.06106343e+02 2.98765044e+02 3.17419332e+02 4.04332124e+02 4.97807333e+02 5.94628405e+02 6.98456434e+02 8.16267131e-16 3.27522203e-16 1.10312234e-05 6.85358703e-16 4.36193173e-14 2.87244000e-24 2.83758359e-16 9.99978105e-01 4.54863579e-16 9.99015191e-01 7.84974407e-01 6.48426138e-01 9.88727362e-01 9.95945046e-01 9.98453751e-01 9.99486338e-01 2.59200289e-18 2.52775916e-18 1.40808814e-06 3.39725510e-07 3.39725510e-07 3.56292512e-03 3.56292512e-03 1.29428115e-03 7.71190260e-18 5.78057620e-03 2.10390628e-02 7.83531470e-03 1.77979886e-02 2.63146340e-02 2.83662739e-02 2.52129712e-02
3.40840841e-02 -2.06697975e+01 -2.06697975e+01 -2.50725152e-02 -6.80088523e-03 -6.80087830e-03 7.13254574e+01 7.13254574e+01 1.03747487e+02 1.73372523e+02 2.06089073e+02 2.98676833e+02 3.17435957e+02 4.04221546e+02 4.97626293e+02 5.94456954e+02 6.98342640e+02 2.74022537e-16 3.20175405e-16 1.10800341e-05 1.01382476e-16 4.37806122e-14 1.30828610e-16 2.86257561e-24 9.99977902e-01 1.77149167e-16 9.99005304e-01 7.85411080e-01 6.48179836e-01 9.88588244e-01 9.95912285e-01 9.98450075e-01 9.99487062e-01 3.57790305e-18 4.56462919e-18 1.40808814e-06 3.39725510e-07 3.39725510e-07 3.56292512e-03 3.56292512e-03 1.30025170e-03 6.10178121e-18 5.81015963e-03 2.10874262e-02 7.82092421e-03 1.78791175e-02 2.63869873e-02 2.83765866e-02 2.51847141e-02
3.42342342e-02 -2.06697975e+01 -2.06697975e+01 -2.50725134e-02 -6.80089916e-03 -6.80089539e-03 7.13254574e+01 7.13254574e+01 1.03745670e+02 1.73372523e+02 2.06071701e+02 2.98588282e+02 3.17452533e+02 4.04110398e+02 4.97444985e+02 5.94286085e+02 6.98229583e+02 4.50196020e-16 7.64994878e-16 1.11288448e-05 9.42300703e-17 2.26873533e-14 2.71641091e-16 4.37409892e-28 9.99977699e-01 7.19951690e-16 9.98995352e-01 7.85848764e-01 6.47933602e-01 9.88447861e-01 9.95879590e-01 9.98446515e-01 9.99487809e-01 7.93309746e-18 1.41298432e-17 1.40808814e-06 3.39725510e-07 3.39725510e-07 3.56292512e-03 3.56292512e-03 1.30622553e-03 1.13452846e-17 5.83979737e-03 2.11358374e-02 7.80657171e-03 1.79600797e-02 2.64583963e-02 2.83858256e-02 2.51559719e-02
3.43843844e-02 -2.06697975e+01 -2.06697975e+01 -2.50725143e-02 -6.80090663e-03 -6.80089761e-03 7.13254574e+01 7.13254574e+01 1.03743845e+02 1.73372523e+02 2.06054226e+02 2.98499389e+02 3.17469058e+02 4.03998682e+02 4.97263420e+02 5.94115805e+02 6.98117260e+02 6.00202321e-16 4.56744874e-16 1.11776556e-05 1.27506729e-16 4.42180265e-14 2.84299625e-24 1.95209614e-16 9.99977495e-01 5.63545169e-16 9.98985336e-01 7.86287457e-01 6.47687437e-01 9.88306208e-01 9.95846968e-01 9.98443071e-01 9.99488578e-01 1.31859550e-17 4.13634049e-18 1.40808814e-06 3.39725510e-07 3.39725510e-07 3.56292512e-03 3.56292512e-03 1.31220266e-03 2.04137100e-18 5.86948965e-03 2.11842951e-02 7.79225707e-03 1.80408701e-02 2.65288561e-02 2.83940010e-02 2.51267552e-02
3.45345345e-02 -2.06697975e+01 -2.06697975e+01 -2.50725139e-02 -6.80089199e-03 -6.80088648e-03 7.13254574e+01 7.13254574e+01 1.03742010e+02 1.73372523e+02 2.06036649e+02 2.98410153e+02 3.17485533e+02 4.03886400e+02 4.97081611e+02 5.93946124e+02 6.98005670e+02 1.09318010e-15 7.85474249e-16 1.12264663e-05 1.29089580e-16 4.43834421e-14 2.83328146e-24 1.82869205e-16 9.99977289e-01 5.24236803e-16 9.98975255e-01 7.86727159e-01 6.47441340e-01 9.88163279e-01 9.95814423e-01 9.98439744e-01 9.99489369e-01 7.69034864e-18 9.37581316e-18 1.40808814e-06 3.39725510e-07 3.39725510e-07 3.56292512e-03 3.56292512e-03 1.31818310e-03 1.37332387e-17 5.89923673e-03 2.12327981e-02 7.77798016e-03 1.81214838e-02 2.65983619e-02 2.84011231e-02 2.50970745e-02
3.46846847e-02 -2.06697975e+01 -2.06697975e+01 -2.50725144e-02 -6.80089961e-03 -6.80089184e-03 7.13254574e+01 7.13254574e+01 1.03740167e+02 1.73372523e+02 2.06018969e+02 2.98320575e+02 3.17501959e+02 4.03773552e+02 4.96899569e+02 5.93777047e+02 6.97894809e+02 5.24086502e-16 1.04238310e-15 1.12752770e-05 4.45424546e-14 1.57189302e-16 2.89037205e-16 2.82361671e-24 9.99977083e-01 3.60018660e-16 9.98965108e-01 7.87167870e-01 6.47195311e-01 9.88019068e-01 9.95781959e-01 9.98436533e-01 9.99490181e-01 5.80752011e-18 1.03005741e-17 1.40808814e-06 3.39725510e-07 3.39725510e-07 3.56292512e-03 3.56292512e-03 1.32416688e-03 2.00673133e-18 5.92903887e-03 2.12813451e-02 7.76374084e-03 1.82019156e-02 2.66669093e-02 2.84072021e-02 2.50669402e-02
3.48348348e-02 -2.06697975e+01 -2.06697975e+01 -2.50725151e-02 -6.80089941e-03 -6.80088230e-03 7.13254574e+01 7.13254574e+01 1.03738316e+02 1.73372523e+02 2.06001185e+02 2.98230653e+02 3.17518335e+02 4.03660140e+02 4.96717305e+02 5.93608582e+02 6.97784677e+02 5.00911731e-16 5.75711695e-16 1.13240877e-05 4.47722866e-14 1.54845970e-16 2.09718023e-16 4.32475715e-28 9.99976875e-01 3.44520446e-16 9.98954895e-01 7.87609590e-01 6.46949350e-01 9.87873570e-01 9.95749584e-01 9.98433436e-01 9.99491014e-01 1.32534779e-17 2.45658427e-18 1.40808814e-06 3.39725510e-07 3.39725510e-07 3.56292512e-03 3.56292512e-03 1.33015400e-03 6.41442738e-18 5.95889632e-03 2.13299348e-02 7.74953899e-03 1.82821605e-02 2.67344938e-02 2.84122485e-02 2.50363623e-02
3.49849850e-02 -2.06697975e+01 -2.06697975e+01 -2.50725141e-02 -6.80088414e-03 -6.80087601e-03 7.13254574e+01 7.13254574e+01 1.03736455e+02 1.73372523e+02 2.05983298e+02 2.98140387e+02 3.17534663e+02 4.03546166e+02 4.96534832e+02 5.93440736e+02 6.97675269e+02 2.43368606e-16 6.58143894e-16 1.13728985e-05 1.43738104e-16 4.49560317e-14 1.54495799e-16 4.31450200e-28 9.99976667e-01 2.49879269e-16 9.98944616e-01 7.88052318e-01 6.46703457e-01 9.87726780e-01 9.95717301e-01 9.98430455e-01 9.99491867e-01 6.21327469e-18 7.53118234e-18 1.40808814e-06 3.39725510e-07 3.39725510e-07 3.56292512e-03 3.56292512e-03 1.33614449e-03 5.78917442e-18 5.98880933e-03 2.13785659e-02 7.73537448e-03 1.83622134e-02 2.68011114e-02 2.84162728e-02 2.50053510e-02
3.51351351e-02 -2.06697975e+01 -2.06697975e+01 -2.50725148e-02 -6.80090029e-03 -6.80088896e-03 7.13254574e+01 7.13254574e+01 1.03734586e+02 1.73372523e+02 2.05965306e+02 2.98049775e+02 3.17550941e+02 4.03431630e+02 4.96352160e+02 5.93273516e+02 6.97566584e+02 3.04295724e-16 4.82361494e-16 1.14217092e-05 4.51331173e-14 6.90406605e-17 2.79492331e-24 3.30674145e-16 9.99976457e-01 1.76796482e-16 9.98934271e-01 7.88496054e-01 6.46457631e-01 9.87578692e-01 9.95685116e-01 9.98427589e-01 9.99492741e-01 4.26442581e-18 1.61799355e-17 1.40808814e-06 3.39725510e-07 3.39725510e-07 3.56292512e-03 3.56292512e-03 1.34213835e-03 1.07561539e-18 6.01877815e-03 2.14272370e-02 7.72124719e-03 1.84420690e-02 2.68667580e-02 2.84192855e-02 2.49739162e-02
3.52852853e-02 -2.06697975e+01 -2.06697975e+01 -2.50725140e-02 -6.80088603e-03 -6.80088451e-03 7.13254574e+01 7.13254574e+01 1.03732708e+02 1.73372523e+02 2.05947209e+02 2.97958818e+02 3.17567170e+02 4.03316536e+02 4.96169303e+02 5.93106928e+02 6.97458618e+02 8.66067224e-16 3.29862325e-16 1.14705199e-05 7.74405704e-16 4.53272760e-14 1.12547155e-16 2.78545929e-24 9.99976246e-01 2.16565431e-16 9.98923860e-01 7.88940797e-01 6.46211871e-01 9.87429302e-01 9.95653034e-01 9.98424836e-01 9.99493633e-01 7.71134893e-19 1.07206143e-17 1.40808814e-06 3.39725510e-07 3.39725510e-07 3.56292512e-03 3.56292512e-03 1.34813561e-03 1.58963926e-18 6.04880302e-03 2.14759469e-02 7.70715697e-03 1.85217223e-02 2.69314298e-02 2.84212974e-02 2.49420678e-02
3.54354354e-02 -2.06697975e+01 -2.06697975e+01 -2.50725139e-02 -6.80090032e-03 -6.80090017e-03 7.13254574e+01 7.13254574e+01 1.03730821e+02 1.73372523e+02 2.05929007e+02 2.97867514e+02 3.17583351e+02 4.03200884e+02 4.95986271e+02 5.92940978e+02 6.97351369e+02 7.46101194e-16 6.77403140e-16 1.15193306e-05 3.27952955e-15 2.32081590e-14 1.48002746e-16 2.78081735e-24 9.99976035e-01 1.20022538e-15 9.98913381e-01 7.89386545e-01 6.45966178e-01 9.87278603e-01 9.95621060e-01 9.98422197e-01 9.99494545e-01 7.10425860e-18 3.74468854e-18 1.40808814e-06 3.39725510e-07 3.39725510e-07 3.56292512e-03 3.56292512e-03 1.35413628e-03 2.73295592e-17 6.07888421e-03 2.15246941e-02 7.69310371e-03 1.86011680e-02 2.69951232e-02 2.84223192e-02 2.49098155e-02
3.55855856e-02 -2.06697975e+01 -2.06697975e+01 -2.50725137e-02 -6.80089049e-03 -6.80088472e-03 7.13254574e+01 7.13254574e+01 1.03728926e+02 1.73372523e+02 2.05910700e+02 2.97775863e+02 3.17599483e+02 4.03084676e+02 4.95803076e+02 5.92775674e+02 6.97244834e+02 1.20637182e-15 2.52611493e-16 1.15681413e-05 4.57168108e-14 1.87433530e-16 2.04724587e-16 4.27365849e-28 9.99975822e-01 7.85457646e-16 9.98902835e-01 7.89833299e-01 6.45720551e-01 9.87126592e-01 9.95589201e-01 9.98419671e-01 9.99495476e-01 1.99152672e-18 1.92307349e-18 1.40808814e-06 3.39725510e-07 3.39725510e-07 3.56292512e-03 3.56292512e-03 1.36014037e-03 1.53057262e-18 6.10902196e-03 2.15734773e-02 7.67908727e-03 1.86804009e-02 2.70578347e-02 2.84223617e-02 2.48771688e-02
3.57357357e-02 -2.06697975e+01 -2.06697975e+01 -2.50725142e-02 -6.80089707e-03 -6.80089518e-03 7.13254574e+01 7.13254574e+01 1.03727021e+02 1.73372523e+02 2.05892287e+02 2.97683865e+02 3.17615567e+02 4.02967914e+02 4.95619730e+02 5.92611021e+02 6.97139011e+02 2.80291510e-16 1.80362669e-16 1.16169521e-05 4.56743664e-16 4.59061134e-14 2.75736905e-24 4.86801189e-17 9.99975608e-01 4.46154385e-16 9.98892222e-01 7.90281057e-01 6.45474990e-01 9.86973263e-01 9.95557459e-01 9.98417258e-01 9.99496424e-01 4.97538388e-18 8.85895813e-18 1.40808814e-06 3.39725510e-07 3.39725510e-07 3.56292512e-03 3.56292512e-03 1.36614791e-03 1.41727745e-17 6.13921651e-03 2.16222951e-02 7.66510754e-03 1.87594157e-02 2.71195611e-02 2.84214357e-02 2.48441373e-02
3.58858859e-02 -2.06697975e+01 -2.06697975e+01 -2.50725145e-02 -6.80090444e-03 -6.80089179e-03 7.13254574e+01 7.13254574e+01 1.03725108e+02 1.73372523e+02 2.05873768e+02 2.97591518e+02 3.17631603e+02 4.02850599e+02 4.95436246e+02 5.92447024e+02 6.97033896e+02 1.62897359e-15 7.13961990e-16 1.16657628e-05 8.97608317e-17 4.61133236e-14 7.60727941e-17 2.74810630e-24 9.99975393e-01 4.75503433e-16 9.98881541e-01 7.90729818e-01 6.45229495e-01 9.86818611e-01 9.95525842e-01 9.98414957e-01 9.99497390e-01 3.97023360e-18 2.68040394e-18 1.40808814e-06 3.39725510e-07 3.39725510e-07 3.56292512e-03 3.56292512e-03 1.37215890e-03 1.38705461e-17 6.16946813e-03 2.16711460e-02 7.65116438e-03 1.88382072e-02 2.71802993e-02 2.84195522e-02 2.48107301e-02
3.60360360e-02 -2.06697975e+01 -2.06697975e+01 -2.50725133e-02 -6.80089444e-03 -6.80087686e-03 7.13254574e+01 7.13254574e+01 1.03723186e+02 1.73372523e+02 2.05855143e+02 2.97498822e+02 3.17647591e+02 4.02732735e+02 4.95252633e+02 5.92283690e+02 6.96929486e+02 2.21743093e-16 2.90277195e-16 1.17145735e-05 9.90312986e-17 4.63095257e-14 4.24322288e-28 7.94325210e-17 9.99975177e-01 2.67802455e-16 9.98870792e-01 7.91179581e-01 6.44984065e-01 9.86662633e-01 9.95494354e-01 9.98412767e-01 9.99498374e-01 6.60596273e-19 3.79641801e-18 1.40808814e-06 3.39725510e-07 3.39725510e-07 3.56292512e-03 3.56292512e-03 1.37817337e-03 4.03315151e-18 6.19977705e-03 2.17200287e-02 7.63725767e-03 1.89167701e-02 2.72400464e-02 2.84167223e-02 2.47769566e-02
3.61861862e-02 -2.06697975e+01 -2.06697975e+01 -2.50725135e-02 -6.80090442e-03 -6.80089668e-03 7.13254574e+01 7.13254574e+01 1.03721255e+02 1.73372523e+02 2.05836410e+02 2.97405776e+02 3.17663531e+02 4.02614322e+02 4.95068906e+02 5.92121024e+02 6.96825779e+02 4.13154290e-16 2.48191261e-16 1.17633842e-05 1.75784776e-16 4.65132738e-14 2.72973179e-24 1.29256002e-16 9.99974960e-01 2.21315037e-16 9.98859974e-01 7.91630344e-01 6.44738700e-01 9.86505323e-01 9.95463000e-01 9.98410688e-01 9.99499374e-01 3.63786087e-18 7.84482245e-18 1.40808814e-06 3.39725510e-07 3.39725510e-07 3.56292512e-03 3.56292512e-03 1.38419133e-03 3.54749677e-18 6.23014352e-03 2.17689416e-02 7.62338729e-03 1.89950990e-02 2.72987997e-02 2.84129568e-02 2.47428258e-02
3.63363363e-02 -2.06697975e+01 -2.06697975e+01 -2.50725137e-02 -6.80088670e-03 -6.80088476e-03 7.13254574e+01 7.13254574e+01 1.03719316e+02 1.73372523e+02 2.05817570e+02 2.97312380e+02 3.17679424e+02 4.02495362e+02 4.94885074e+02 5.91959031e+02 6.96722771e+02 3.99409924e-16 4.20048987e-16 1.18121950e-05 5.83298496e-16 4.66729955e-14 4.22303193e-28 4.38181973e-16 9.99974742e-01 2.18094471e-16 9.98849088e-01 7.92082106e-01 6.44493400e-01 9.86346677e-01 9.95431785e-01 9.98408719e-01 9.99500391e-01 4.45573767e-18 1.11401923e-17 1.40808814e-06 3.39725510e-07 3.39725510e-07 3.56292512e-03 3.56292512e-03 1.39021279e-03 4.09779285e-18 6.26056780e-03 2.18178833e-02 7.60955310e-03 1.90731886e-02 2.73565568e-02 2.84082669e-02 2.47083467e-02
3.64864865e-02 -2.06697975e+01 -2.06697975e+01 -2.50725141e-02 -6.80089333e-03 -6.80088446e-03 7.13254574e+01 7.13254574e+01 1.03717367e+02 1.73372523e+02 2.05798622e+02 2.97218633e+02 3.17695270e+02 4.02375859e+02 4.94701150e+02 5.91797716e+02 6.96620459e+02 2.71264262e-16 5.74202542e-16 1.18610057e-05 2.41821275e-14 7.67303836e-17 2.71626462e-24 1.15039944e-16 9.99974523e-01 1.21906060e-15 9.98838133e-01 7.92534866e-01 6.44248164e-01 9.86186691e-01 9.95400715e-01 9.98406859e-01 9.99501424e-01 7.56733086e-19 6.26944865e-18 1.40808814e-06 3.39725510e-07 3.39725510e-07 3.56292512e-03 3.56292512e-03 1.39623778e-03 2.35796465e-17 6.29105012e-03 2.18668524e-02 7.59575499e-03 1.91510336e-02 2.74133152e-02 2.84026638e-02 2.46735280e-02
3.66366366e-02 -2.06697975e+01 -2.06697975e+01 -2.50725140e-02 -6.80089103e-03 -6.80088953e-03 7.13254574e+01 7.13254574e+01 1.03715410e+02 1.73372523e+02 2.05779565e+02 2.97124535e+02 3.17711068e+02 4.02255814e+02 4.94517146e+02 5.91637084e+02 6.96518840e+02 1.05056260e-15 3.63456360e-16 1.19098164e-05 4.70884327e-14 7.17636520e-16 9.67667953e-17 4.20292389e-28 9.99974302e-01 5.50610395e-16 9.98827109e-01 7.92988621e-01 6.44002992e-01 9.86025361e-01 9.95369794e-01 9.98405108e-01 9.99502473e-01 7.35379667e-18 5.21701835e-18 1.40808814e-06 3.39725510e-07 3.39725510e-07 3.56292512e-03 3.56292512e-03 1.40226630e-03 1.29559404e-17 6.32159074e-03 2.19158473e-02 7.58199284e-03 1.92286285e-02 2.74690729e-02 2.83961585e-02 2.46383785e-02
3.67867868e-02 -2.06697975e+01 -2.06697975e+01 -2.50725157e-02 -6.80090285e-03 -6.80088435e-03 7.13254574e+01 7.13254574e+01 1.03713444e+02 1.73372523e+02 2.05760400e+02 2.97030084e+02 3.17726820e+02 4.02135228e+02 4.94333074e+02 5.91477139e+02 6.96417911e+02 8.38540711e-16 6.67407956e-16 1.19586271e-05 4.72846875e-14 1.33086102e-16 1.73593656e-16 2.69358635e-24 9.99974081e-01 6.07327153e-16 9.98816015e-01 7.93443371e-01 6.43757884e-01 9.85862683e-01 9.95339028e-01 9.98403465e-01 9.99503537e-01 9.03356252e-18 6.99993379e-18 1.40808814e-06 3.39725510e-07 3.39725510e-07 3.56292512e-03 3.56292512e-03 1.40829838e-03 2.17739500e-17 6.35218990e-03 2.19648665e-02 7.56826651e-03 1.93059681e-02 2.75238280e-02 2.83887622e-02 2.46029069e-02
3.69369369e-02 -2.06697975e+01 -2.06697975e+01 -2.50725131e-02 -6.80089310e-03 -6.80088667e-03 7.13254574e+01 7.13254574e+01 1.03711468e+02 1.73372523e+02 2.05741126e+02 2.96935281e+02 3.17742524e+02 4.02014106e+02 4.94148944e+02 5.91317887e+02 6.96317668e+02 3.36731787e-16 5.17546525e-16 1.20074378e-05 2.44440443e-14 8.27264777e-17 1.91340021e-16 2.68935293e-24 9.99973859e-01 4.38145282e-16 9.98804851e-01 7.93899112e-01 6.43512840e-01 9.85698653e-01 9.95308421e-01 9.98401929e-01 9.99504616e-01 4.57807844e-18 7.57869682e-18 1.40808814e-06 3.39725510e-07 3.39725510e-07 3.56292512e-03 3.56292512e-03 1.41433403e-03 1.27048817e-17 6.38284784e-03 2.20139085e-02 7.55457588e-03 1.93830469e-02 2.75775787e-02 2.83804863e-02 2.45671214e-02
3.70870871e-02 -2.06697975e+01 -2.06697975e+01 -2.50725142e-02 -6.80088962e-03 -6.80088752e-03 7.13254574e+01 7.13254574e+01 1.03709484e+02 1.73372523e+02 2.05721743e+02 2.96840126e+02 3.17758182e+02 4.01892449e+02 4.93964770e+02 5.91159332e+02 6.96218109e+02 1.79034598e-16 4.52010523e-16 1.20562486e-05 4.55310668e-16 4.76686463e-14 2.67581491e-24 2.19438071e-16 9.99973635e-01 4.89585768e-16 9.98793616e-01 7.94355844e-01 6.43267859e-01 9.85533267e-01 9.95277978e-01 9.98400499e-01 9.99505709e-01 4.55905549e-18 3.09281979e-18 1.40808814e-06 3.39725510e-07 3.39725510e-07 3.56292512e-03 3.56292512e-03 1.42037326e-03 4.13552468e-18 6.41356481e-03 2.20629717e-02 7.54092085e-03 1.94598594e-02 2.76303234e-02 2.83713418e-02 2.45310305e-02
3.72372372e-02 -2.06697975e+01 -2.06697975e+01 -2.50725144e-02 -6.80090238e-03 -6.80087532e-03 7.13254574e+01 7.13254574e+01 1.03707491e+02 1.73372523e+02 2.05702250e+02 2.96744616e+02 3.17773794e+02 4.01770258e+02 4.93780561e+02 5.91001478e+02 6.96119230e+02 3.78039539e-16 3.95171756e-16 1.21050593e-05 4.78732821e-14 1.44852524e-16 2.59869597e-16 2.66700434e-24 9.99973411e-01 3.77085091e-16 9.98782312e-01 7.94813564e-01 6.43022941e-01 9.85366522e-01 9.95247705e-01 9.98399175e-01 9.99506816e-01 7.68007168e-18 5.51528293e-18 1.40808814e-06 3.39725510e-07 3.39725510e-07 3.56292512e-03 3.56292512e-03 1.42641609e-03 1.88041568e-19 6.44434105e-03 2.21120546e-02 7.52730127e-03 1.95364003e-02 2.76820608e-02 2.83613400e-02 2.44946425e-02
3.73873874e-02 -2.06697975e+01 -2.06697975e+01 -2.50725142e-02 -6.80089740e-03 -6.80089166e-03 7.13254574e+01 7.13254574e+01 1.03705490e+02 1.73372523e+02 2.05682646e+02 2.96648753e+02 3.17789360e+02 4.01647538e+02 4.93596331e+02 5.90844328e+02 6.96021027e+02 5.77392874e-16 2.27094450e-16 1.21538700e-05 1.96594272e-16 4.80549427e-14 2.65824380e-24 3.75271712e-16 9.99973185e-01 5.35778595e-16 9.98770936e-01 7.95272270e-01 6.42778086e-01 9.85198415e-01 9.95217606e-01 9.98397956e-01 9.99507937e-01 1.36071876e-17 5.94564147e-18 1.40808814e-06 3.39725510e-07 3.39725510e-07 3.56292512e-03 3.56292512e-03 1.43246254e-03 5.85160546e-18 6.47517681e-03 2.21611555e-02 7.51371703e-03 1.96126642e-02 2.77327896e-02 2.83504923e-02 2.44579653e-02
3.75375375e-02 -2.06697975e+01 -2.06697975e+01 -2.50725139e-02 -6.80089262e-03 -6.80088689e-03 7.13254574e+01 7.13254574e+01 1.03703479e+02 1.73372523e+02 2.05662932e+02 2.96552535e+02 3.17804879e+02 4.01524291e+02 4.93412091e+02 5.90687888e+02 6.95923497e+02 5.33445496e-16 1.05623388e-15 1.22026807e-05 2.92483041e-16 4.82655119e-14 1.29111931e-16 2.64953322e-24 9.99972958e-01 2.59123315e-16 9.98759490e-01 7.95731959e-01 6.42533294e-01 9.85028941e-01 9.95187686e-01 9.98396841e-01 9.99509072e-01 8.69654777e-18 5.30045673e-18 1.40808814e-06 3.39725510e-07 3.39725510e-07 3.56292512e-03 3.56292512e-03 1.43851263e-03 2.42759093e-18 6.50607233e-03 2.22102729e-02 7.50016802e-03 1.96886456e-02 2.77825090e-02 2.83388099e-02 2.44210070e-02
3.76876877e-02 -2.06697975e+01 -2.06697975e+01 -2.50725130e-02 -6.80089745e-03 -6.80089050e-03 7.13254574e+01 7.13254574e+01 1.03701459e+02 1.73372523e+02 2.05643106e+02 2.96455961e+02 3.17820353e+02 4.01400519e+02 4.93227852e+02 5.90532159e+02 6.95826637e+02 6.81344123e-16 2.64562210e-16 1.22514915e-05 1.40499936e-16 4.83998520e-14 2.64087251e-24 2.58543195e-16 9.99972730e-01 5.25233242e-16 9.98747972e-01 7.96192629e-01 6.42288564e-01 9.84858099e-01 9.95157950e-01 9.98395828e-01 9.99510219e-01 1.89142191e-18 1.37284726e-17 1.40808814e-06 3.39725510e-07 3.39725510e-07 3.56292512e-03 3.56292512e-03 1.44456636e-03 5.00503971e-18 6.53702785e-03 2.22594052e-02 7.48665410e-03 1.97643391e-02 2.78312182e-02 2.83263040e-02 2.43837754e-02
3.78378378e-02 -2.06697975e+01 -2.06697975e+01 -2.50725139e-02 -6.80090107e-03 -6.80089512e-03 7.13254574e+01 7.13254574e+01 1.03699431e+02 1.73372523e+02 2.05623169e+02 2.96359033e+02 3.17835780e+02 4.01276224e+02 4.93043625e+02 5.90377146e+02 6.95730443e+02 6.83467000e-16 6.26707766e-16 1.23003022e-05 1.50662977e-16 2.49775463e-14 4.13143943e-28 2.48761933e-16 9.99972501e-01 8.47125015e-16 9.98736382e-01 7.96654278e-01 6.42043895e-01 9.84685884e-01 9.95128402e-01 9.98394918e-01 9.99511379e-01 3.16569644e-18 1.02040523e-18 1.40808814e-06 3.39725510e-07 3.39725510e-07 3.56292512e-03 3.56292512e-03 1.45062376e-03 1.08086888e-17 6.56804361e-03 2.23085507e-02 7.47317517e-03 1.98397391e-02 2.78789164e-02 2.83129860e-02 2.43462783e-02
3.79879880e-02 -2.06697975e+01 -2.06697975e+01 -2.50725145e-02 -6.80089958e-03 -6.80088999e-03 7.13254574e+01 7.13254574e+01 1.03697393e+02 1.73372523e+02 2.05603120e+02 2.96261748e+02 3.17851163e+02 4.01151410e+02 4.92859423e+02 5.90222853e+02 6.95634912e+02 3.54833526e-16 1.15955476e-15 1.23491129e-05 5.03353021e-17 2.51240872e-14 1.86506409e-16 2.13174552e-22 9.99972271e-01 2.88716750e-16 9.98724720e-01 7.97116902e-01 6.41799289e-01 9.84512295e-01 9.95099047e-01 9.98394109e-01 9.99512551e-01 3.43522523e-18 2.02414266e-17 1.40808814e-06 3.39725510e-07 3.39725510e-07 3.56292512e-03 3.56292512e-03 1.45668484e-03 5.23446658e-19 6.59911985e-03 2.23577077e-02 7.45973109e-03 1.99148404e-02 2.79256034e-02 2.82988671e-02 2.43085233e-02
3.81381381e-02 -2.06697975e+01 -2.06697975e+01 -2.50725143e-02 -6.80089707e-03 -6.80089248e-03 7.13254574e+01 7.13254574e+01 1.03695346e+02 1.73372523e+02 2.05582958e+02 2.96164107e+02 3.17866500e+02 4.01026080e+02 4.92675257e+02 5.90069281e+02 6.95540041e+02 5.53773897e-16 3.34703519e-16 1.23979236e-05 4.90530378e-14 2.16152836e-16 4.10371841e-28 3.79070118e-16 9.99972040e-01 1.74307467e-16 9.98712986e-01 7.97580499e-01 6.41554744e-01 9.84337328e-01 9.95069891e-01 9.98393400e-01 9.99513735e-01 1.88721313e-17 1.37793512e-18 1.40808814e-06 3.39725510e-07 3.39725510e-07 3.56292512e-03 3.56292512e-03 1.46274962e-03 6.05810671e-18 6.63025681e-03 2.24068747e-02 7.44632176e-03 1.99896373e-02 2.79712789e-02 2.82839587e-02 2.42705178e-02
3.82882883e-02 -2.06697975e+01 -2.06697975e+01 -2.50725141e-02 -6.80090466e-03 -6.80089428e-03 7.13254574e+01 7.13254574e+01 1.03693291e+02 1.73372523e+02 2.05562684e+02 2.96066109e+02 3.17881792e+02 4.00900237e+02 4.92491138e+02 5.89916435e+02 6.95445825e+02 4.43741064e-16 5.05543982e-16 1.24467344e-05 2.53051557e-14 4.30036102e-17 4.10197560e-28 1.73883963e-16 9.99971808e-01 6.27786627e-16 9.98701179e-01 7.98045066e-01 6.41310260e-01 9.84160981e-01 9.95040936e-01 9.98392791e-01 9.99514930e-01 4.89485433e-18 6.43460623e-18 1.40808814e-06 3.39725510e-07 3.39725510e-07 3.56292512e-03 3.56292512e-03 1.46881812e-03 1.09426551e-17 6.66145473e-03 2.24560498e-02 7.43294705e-03 2.00641246e-02 2.80159428e-02 2.82682719e-02 2.42322694e-02
3.84384384e-02 -2.06697975e+01 -2.06697975e+01 -2.50725147e-02 -6.80088333e-03 -6.80087597e-03 7.13254574e+01 7.13254574e+01 1.03691226e+02 1.73372523e+02 2.05542296e+02 2.95967755e+02 3.17897039e+02 4.00773882e+02 4.92307077e+02 5.89764317e+02 6.95352261e+02 5.95408195e-16 2.70007656e-16 1.24955451e-05 4.93899599e-14 1.41534780e-16 2.59831426e-24 1.42618927e-16 9.99971575e-01 6.64586220e-16 9.98689299e-01 7.98510600e-01 6.41065837e-01 9.83983252e-01 9.95012189e-01 9.98392280e-01 9.99516137e-01 1.04959125e-17 6.42991396e-18 1.40808814e-06 3.39725510e-07 3.39725510e-07 3.56292512e-03 3.56292512e-03 1.47489034e-03 5.20556830e-18 6.69271385e-03 2.25052315e-02 7.41960685e-03 2.01382966e-02 2.80595953e-02 2.82518181e-02 2.41937852e-02
3.85885886e-02 -2.06697975e+01 -2.06697975e+01 -2.50725133e-02 -6.80089585e-03 -6.80089557e-03 7.13254574e+01 7.13254574e+01 1.03689153e+02 1.73372523e+02 2.05521794e+02 2.95869042e+02 3.17912241e+02 4.00647021e+02 4.92123086e+02 5.89612930e+02 6.95259345e+02 1.07496490e-15 8.43539730e-16 1.25443558e-05 3.91576641e-15 4.94493877e-14 1.05641711e-16 4.06350549e-28 9.99971340e-01 3.61268841e-16 9.98677346e-01 7.98977097e-01 6.40821475e-01 9.83804138e-01 9.94983654e-01 9.98391866e-01 9.99517354e-01 8.89907961e-18 7.50475680e-18 1.40808814e-06 3.39725510e-07 3.39725510e-07 3.56292512e-03 3.56292512e-03 1.48096632e-03 1.14558544e-18 6.72403440e-03 2.25544179e-02 7.40630104e-03 2.02121481e-02 2.81022367e-02 2.82346084e-02 2.41550725e-02
3.87387387e-02 -2.06697975e+01 -2.06697975e+01 -2.50725148e-02 -6.80089818e-03 -6.80089557e-03 7.13254574e+01 7.13254574e+01 1.03687070e+02 1.73372523e+02 2.05501179e+02 2.95769972e+02 3.17927398e+02 4.00519654e+02 4.91939177e+02 5.89462276e+02 6.95167075e+02 2.91725368e-16 3.29402663e-16 1.25931665e-05 4.97965639e-14 5.03281233e-16 2.57219373e-24 1.83066715e-16 9.99971105e-01 1.12546705e-16 9.98665319e-01 7.99444555e-01 6.40577174e-01 9.83623638e-01 9.94955334e-01 9.98391549e-01 9.99518582e-01 2.69741673e-18 1.09082281e-17 1.40808814e-06 3.39725510e-07 3.39725510e-07 3.56292512e-03 3.56292512e-03 1.48704605e-03 5.18209201e-18 6.75541662e-03 2.26036074e-02 7.39302950e-03 2.02856734e-02 2.81438677e-02 2.82166541e-02 2.41161382e-02
3.88888889e-02 -2.06697975e+01 -2.06697975e+01 -2.50725134e-02 -6.80089122e-03 -6.80088713e-03 7.13254574e+01 7.13254574e+01 1.03684979e+02 1.73372523e+02 2.05480448e+02 2.95670543e+02 3.17942511e+02 4.00391787e+02 4.91755359e+02 5.89312358e+02 6.95075446e+02 3.06477314e-16 8.55636167e-16 1.26419772e-05 4.99726033e-14 2.63634804e-16 4.04397689e-28 3.35416582e-16 9.99970868e-01 1.72779267e-16 9.98653218e-01 7.99912970e-01 6.40332933e-01 9.83441749e-01 9.94927234e-01 9.98391327e-01 9.99519820e-01 1.19927694e-18 3.53005522e-18 1.40808814e-06 3.39725510e-07 3.39725510e-07 3.56292512e-03 3.56292512e-03 1.49312957e-03 2.86872949e-18 6.78686075e-03 2.26527982e-02 7.37979212e-03 2.03588673e-02 2.81844888e-02 2.81979664e-02 2.40769894e-02
3.90390390e-02 -2.06697975e+01 -2.06697975e+01 -2.50725153e-02 -6.80089231e-03 -6.80088786e-03 7.13254574e+01 7.13254574e+01 1.03682878e+02 1.73372523e+02 2.05459603e+02 2.95570756e+02 3.17957580e+02 4.00263422e+02 4.91571645e+02 5.89163178e+02 6.94984454e+02 3.57427179e-16 2.51710007e-16 1.26907880e-05 1.74616417e-16 2.58820401e-14 4.03139315e-28 9.17650863e-17 9.99970630e-01 6.75204592e-16 9.98641043e-01 8.00382338e-01 6.40088752e-01 9.83258470e-01 9.94899359e-01 9.98391200e-01 9.99521068e-01 3.09008489e-18 5.96771793e-18 1.40808814e-06 3.39725510e-07 3.39725510e-07 3.56292512e-03 3.56292512e-03 1.49921687e-03 1.48586908e-17 6.81836702e-03 2.27019884e-02 7.36658877e-03 2.04317243e-02 2.82241009e-02 2.81785565e-02 2.40376327e-02
3.91891892e-02 -2.06697975e+01 -2.06697975e+01 -2.50725133e-02 -6.80090147e-03 -6.80088697e-03 7.13254574e+01 7.13254574e+01 1.03680768e+02 1.73372523e+02 2.05438642e+02 2.95470610e+02 3.17972604e+02 4.00134562e+02 4.91388045e+02 5.89014737e+02 6.94894096e+02 5.21653317e-16 8.89754770e-16 1.27395987e-05 1.11592755e-16 2.60172344e-14 4.02162703e-28 3.12819246e-16 9.99970391e-01 4.45566750e-16 9.98628794e-01 8.00852656e-01 6.39844631e-01 9.83073800e-01 9.94871713e-01 9.98391166e-01 9.99522325e-01 1.48958976e-18 1.84885871e-17 1.40808814e-06 3.39725510e-07 3.39725510e-07 3.56292512e-03 3.56292512e-03 1.50530800e-03 4.46814294e-18 6.84993567e-03 2.27511765e-02 7.35341935e-03 2.05042389e-02 2.82627052e-02 2.81584354e-02 2.39980750e-02
3.93393393e-02 -2.06697975e+01 -2.06697975e+01 -2.50725140e-02 -6.80090881e-03 -6.80089555e-03 7.13254574e+01 7.13254574e+01 1.03678650e+02 1.73372523e+02 2.05417565e+02 2.95370105e+02 3.17987585e+02 4.00005211e+02 4.91204571e+02 5.88867038e+02 6.94804369e+02 4.63755747e-16 4.40143102e-16 1.27884094e-05 5.05493885e-14 1.13363070e-16 2.26952782e-16 2.52779563e-24 9.99970151e-01 2.99059675e-16 9.98616469e-01 8.01323919e-01 6.39600569e-01 9.82887736e-01 9.94844301e-01 9.98391224e-01 9.99523592e-01 2.72959681e-18 8.22001803e-18 1.40808814e-06 3.39725510e-07 3.39725510e-07 3.56292512e-03 3.56292512e-03 1.51140295e-03 1.02923930e-18 6.88156692e-03 2.28003604e-02 7.34028374e-03 2.05764058e-02 2.83003029e-02 2.81376143e-02 2.39583229e-02
3.94894895e-02 -2.06697975e+01 -2.06697975e+01 -2.50725150e-02 -6.80089737e-03 -6.80089220e-03 7.13254574e+01 7.13254574e+01 1.03676522e+02 1.73372523e+02 2.05396371e+02 2.95269240e+02 3.18002521e+02 3.99875373e+02 4.91021233e+02 5.88720083e+02 6.94715268e+02 9.11892109e-16 4.18822915e-16 1.28372201e-05 2.61221598e-14 1.87235141e-16 2.52418819e-24 3.42113375e-16 9.99969910e-01 3.38233750e-16 9.98604070e-01 8.01796125e-01 6.39356567e-01 9.82700279e-01 9.94817125e-01 9.98391374e-01 9.99524867e-01 1.74954914e-17 2.50704028e-18 1.40808814e-06 3.39725510e-07 3.39725510e-07 3.56292512e-03 3.56292512e-03 1.51750174e-03 1.40035836e-17 6.91326101e-03 2.28495385e-02 7.32718183e-03 2.06482196e-02 2.83368954e-02 2.81161043e-02 2.39183828e-02
3.96396396e-02 -2.06697975e+01 -2.06697975e+01 -2.50725144e-02 -6.80089201e-03 -6.80089121e-03 7.13254574e+01 7.13254574e+01 1.03674385e+02 1.73372523e+02 2.05375061e+02 2.95168016e+02 3.18017415e+02 3.99745050e+02 4.90838042e+02 5.88573872e+02 6.94626790e+02 6.88844830e-16 2.50336693e-16 1.28860309e-05 5.09158278e-14 1.34987713e-15 2.51160708e-24 1.75985604e-16 9.99969668e-01 4.69416090e-16 9.98591594e-01 8.02269268e-01 6.39112624e-01 9.82511426e-01 9.94790190e-01 9.98391614e-01 9.99526151e-01 4.30743790e-18 7.67390988e-18 1.40808814e-06 3.39725510e-07 3.39725510e-07 3.56292512e-03 3.56292512e-03 1.52360439e-03 7.56917593e-18 6.94501817e-03 2.28987089e-02 7.31411349e-03 2.07196749e-02 2.83724844e-02 2.80939163e-02 2.38782611e-02
3.97897898e-02 -2.06697975e+01 -2.06697975e+01 -2.50725134e-02 -6.80089304e-03 -6.80088897e-03 7.13254574e+01 7.13254574e+01 1.03672239e+02 1.73372523e+02 2.05353633e+02 2.95066431e+02 3.18032264e+02 3.99614246e+02 4.90655009e+02 5.88428409e+02 6.94538931e+02 3.92610580e-16 3.22140221e-16 1.29348416e-05 2.82389738e-16 5.11382773e-14 3.97110328e-28 1.84539240e-16 9.99969425e-01 4.53311260e-16 9.98579043e-01 8.02743345e-01 6.38868740e-01 9.82321178e-01 9.94763501e-01 9.98391943e-01 9.99527443e-01 1.51974792e-18 2.51392305e-18 1.40808814e-06 3.39725510e-07 3.39725510e-07 3.56292512e-03 3.56292512e-03 1.52971092e-03 7.55747430e-18 6.97683862e-03 2.29478696e-02 7.30107862e-03 2.07907663e-02 2.84070716e-02 2.80710615e-02 2.38379641e-02
3.99399399e-02 -2.06697975e+01 -2.06697975e+01 -2.50725138e-02 -6.80090309e-03 -6.80088931e-03 7.13254574e+01 7.13254574e+01 1.03670084e+02 1.73372523e+02 2.05332088e+02 2.94964487e+02 3.18047071e+02 3.99482965e+02 4.90472145e+02 5.88283693e+02 6.94451687e+02 2.99795408e-16 2.30634347e-16 1.29836523e-05 9.81708923e-17 5.12732221e-14 3.95773164e-28 2.29139875e-16 9.99969180e-01 4.93234857e-16 9.98566416e-01 8.03218351e-01 6.38624914e-01 9.82129533e-01 9.94737060e-01 9.98392360e-01 9.99528744e-01 1.99062282e-18 4.33986025e-18 1.40808814e-06 3.39725510e-07 3.39725510e-07 3.56292512e-03 3.56292512e-03 1.53582135e-03 1.11225921e-17 7.00872261e-03 2.29970190e-02 7.28807711e-03 2.08614885e-02 2.84406590e-02 2.80475506e-02 2.37974980e-02
4.00900901e-02 -2.06697975e+01 -2.06697975e+01 -2.50725161e-02 -6.80090441e-03 -6.80089293e-03 7.13254574e+01 7.13254574e+01 1.03667920e+02 1.73372523e+02 2.05310424e+02 2.94862182e+02 3.18061834e+02 3.99351212e+02 4.90289460e+02 5.88139726e+02 6.94365055e+02 1.93135161e-16 1.13310010e-16 1.30324630e-05 5.15312565e-14 1.30413515e-16 2.06016901e-16 3.94810855e-28 9.99968935e-01 5.42294350e-16 9.98553712e-01 8.03694281e-01 6.38381148e-01 9.81936491e-01 9.94710873e-01 9.98392864e-01 9.99530051e-01 1.90064990e-19 1.32308793e-18 1.40808814e-06 3.39725510e-07 3.39725510e-07 3.56292512e-03 3.56292512e-03 1.54193568e-03 2.30662324e-17 7.04067035e-03 2.30461550e-02 7.27510884e-03 2.09318363e-02 2.84732488e-02 2.80233946e-02 2.37568689e-02
4.02402402e-02 -2.06697975e+01 -2.06697975e+01 -2.50725153e-02 -6.80088927e-03 -6.80088823e-03 7.13254574e+01 7.13254574e+01 1.03665747e+02 1.73372523e+02 2.05288641e+02 2.94759516e+02 3.18076554e+02 3.99218988e+02 4.90106965e+02 5.87996509e+02 6.94279031e+02 9.91592410e-16 2.52919297e-16 1.30812737e-05 5.16861178e-14 1.07182551e-15 2.47775925e-24 9.85506704e-17 9.99968688e-01 5.14245007e-16 9.98540932e-01 8.04171132e-01 6.38137439e-01 9.81742051e-01 9.94684942e-01 9.98393453e-01 9.99531366e-01 1.20272804e-17 7.80441706e-18 1.40808814e-06 3.39725510e-07 3.39725510e-07 3.56292512e-03 3.56292512e-03 1.54805394e-03 2.28238754e-17 7.07268207e-03 2.30952757e-02 7.26217369e-03 2.10018042e-02 2.85048432e-02 2.79986043e-02 2.37160827e-02
4.03903904e-02 -2.06697975e+01 -2.06697975e+01 -2.50725153e-02 -6.80090110e-03 -6.80088411e-03 7.13254574e+01 7.13254574e+01 1.03663564e+02 1.73372523e+02 2.05266740e+02 2.94656490e+02 3.18091232e+02 3.99086299e+02 4.89924670e+02 5.87854043e+02 6.94193611e+02 7.61473787e-16 2.94436429e-16 1.31300845e-05 5.58151667e-17 2.67414946e-14 1.88087819e-16 3.93691405e-28 9.99968440e-01 7.54556166e-16 9.98528074e-01 8.04648898e-01 6.37893789e-01 9.81546215e-01 9.94659271e-01 9.98394128e-01 9.99532689e-01 8.27813945e-18 1.18898384e-17 1.40808814e-06 3.39725510e-07 3.39725510e-07 3.56292512e-03 3.56292512e-03 1.55417614e-03 2.58481167e-17 7.10475799e-03 2.31443794e-02 7.24927156e-03 2.10713870e-02 2.85354448e-02 2.79731906e-02 2.36751453e-02
4.05405405e-02 -2.06697975e+01 -2.06697975e+01 -2.50725148e-02 -6.80089554e-03 -6.80089472e-03 7.13254574e+01 7.13254574e+01 1.03661372e+02 1.73372523e+02 2.05244718e+02 2.94553103e+02 3.18105867e+02 3.98953149e+02 4.89742586e+02 5.87712329e+02 6.94108791e+02 6.90813838e-16 2.10738128e-16 1.31788952e-05 1.33667198e-15 5.20878640e-14 2.46214438e-24 1.65998414e-16 9.99968191e-01 5.34171689e-16 9.98515139e-01 8.05127575e-01 6.37650196e-01 9.81348981e-01 9.94633865e-01 9.98394886e-01 9.99534018e-01 5.85753318e-18 1.24661432e-18 1.40808814e-06 3.39725510e-07 3.39725510e-07 3.56292512e-03 3.56292512e-03 1.56030231e-03 9.18750540e-18 7.13689835e-03 2.31934639e-02 7.23640234e-03 2.11405796e-02 2.85650561e-02 2.79471641e-02 2.36340624e-02
4.06906907e-02 -2.06697975e+01 -2.06697975e+01 -2.50725147e-02 -6.80087953e-03 -6.80087567e-03 7.13254574e+01 7.13254574e+01 1.03659172e+02 1.73372523e+02 2.05222577e+02 2.94449355e+02 3.18120459e+02 3.98819540e+02 4.89560723e+02 5.87571368e+02 6.94024568e+02 6.68560365e-16 4.54873270e-16 1.32277059e-05 5.23962694e-14 3.01017648e-16 1.97488208e-16 3.90989742e-28 9.99967941e-01 2.44261771e-16 9.98502127e-01 8.05607157e-01 6.37406662e-01 9.81150350e-01 9.94608726e-01 9.98395727e-01 9.99535353e-01 1.71882143e-17 5.28368473e-18 1.40808814e-06 3.39725510e-07 3.39725510e-07 3.56292512e-03 3.56292512e-03 1.56643244e-03 6.25184554e-18 7.16910336e-03 2.32425274e-02 7.22356591e-03 2.12093766e-02 2.85936801e-02 2.79205355e-02 2.35928398e-02
4.08408408e-02 -2.06697975e+01 -2.06697975e+01 -2.50725138e-02 -6.80089850e-03 -6.80088722e-03 7.13254574e+01 7.13254574e+01 1.03656962e+02 1.73372523e+02 2.05200314e+02 2.94345247e+02 3.18135009e+02 3.98685478e+02 4.89379091e+02 5.87431159e+02 6.93940937e+02 3.39615107e-16 1.57801026e-16 1.32765166e-05 3.08452021e-16 5.24782976e-14 2.07032862e-16 2.44672077e-24 9.99967690e-01 4.37977373e-16 9.98489036e-01 8.06087640e-01 6.37163184e-01 9.80950322e-01 9.94583858e-01 9.98396649e-01 9.99536695e-01 1.03219674e-17 9.39364153e-18 1.40808814e-06 3.39725510e-07 3.39725510e-07 3.56292512e-03 3.56292512e-03 1.57256657e-03 1.02266688e-17 7.20137324e-03 2.32915680e-02 7.21076217e-03 2.12777728e-02 2.86213196e-02 2.78933155e-02 2.35514829e-02
4.09909910e-02 -2.06697975e+01 -2.06697975e+01 -2.50725152e-02 -6.80090830e-03 -6.80088793e-03 7.13254574e+01 7.13254574e+01 1.03654743e+02 1.73372523e+02 2.05177931e+02 2.94240776e+02 3.18149517e+02 3.98550967e+02 4.89197700e+02 5.87291704e+02 6.93857896e+02 3.42864749e-16 1.94519510e-16 1.33253274e-05 2.01527881e-16 5.26464052e-14 9.59748238e-17 2.43908026e-24 9.99967437e-01 5.71701785e-16 9.98475866e-01 8.06569018e-01 6.36919764e-01 9.80748899e-01 9.94559264e-01 9.98397651e-01 9.99538043e-01 8.11690548e-18 3.41118954e-18 1.40808814e-06 3.39725510e-07 3.39725510e-07 3.56292512e-03 3.56292512e-03 1.57870471e-03 1.84703676e-18 7.23370822e-03 2.33405835e-02 7.19799100e-03 2.13457632e-02 2.86479779e-02 2.78655146e-02 2.35099972e-02
4.11411411e-02 -2.06697975e+01 -2.06697975e+01 -2.50725135e-02 -6.80090395e-03 -6.80089499e-03 7.13254574e+01 7.13254574e+01 1.03652514e+02 1.73372523e+02 2.05155426e+02 2.94135945e+02 3.18163983e+02 3.98416010e+02 4.89016560e+02 5.87153003e+02 6.93775439e+02 3.06660373e-16 1.69188870e-15 1.33741381e-05 4.00622828e-14 8.25976774e-17 3.88550258e-28 2.74928474e-16 9.99967184e-01 2.32811962e-16 9.98462618e-01 8.07051285e-01 6.36676401e-01 9.80546081e-01 9.94534948e-01 9.98398733e-01 9.99539396e-01 7.45938215e-18 1.25144088e-18 1.40808814e-06 3.39725510e-07 3.39725510e-07 3.56292512e-03 3.56292512e-03 1.58484687e-03 5.63790781e-18 7.26610851e-03 2.33895721e-02 7.18525230e-03 2.14133425e-02 2.86736582e-02 2.78371432e-02 2.34683882e-02
4.12912913e-02 -2.06697975e+01 -2.06697975e+01 -2.50725141e-02 -6.80089129e-03 -6.80089120e-03 7.13254574e+01 7.13254574e+01 1.03650277e+02 1.73372523e+02 2.05132799e+02 2.94030752e+02 3.18178407e+02 3.98280612e+02 4.88835682e+02 5.87015055e+02 6.93693564e+02 2.44635022e-16 4.40229866e-16 1.34229488e-05 1.32104912e-14 5.13969168e-14 1.35443287e-16 3.87214449e-28 9.99966929e-01 3.91793011e-16 9.98449291e-01 8.07534437e-01 6.36433095e-01 9.80341870e-01 9.94510912e-01 9.98399892e-01 9.99540755e-01 9.45675117e-18 5.50420451e-18 1.40808814e-06 3.39725510e-07 3.39725510e-07 3.56292512e-03 3.56292512e-03 1.59099307e-03 4.47792960e-18 7.29857433e-03 2.34385318e-02 7.17254595e-03 2.14805057e-02 2.86983641e-02 2.78082118e-02 2.34266611e-02
4.14414414e-02 -2.06697975e+01 -2.06697975e+01 -2.50725139e-02 -6.80088654e-03 -6.80088277e-03 7.13254574e+01 7.13254574e+01 1.03648030e+02 1.73372523e+02 2.05110049e+02 2.93925199e+02 3.18192789e+02 3.98144777e+02 4.88655074e+02 5.86877861e+02 6.93612267e+02 1.03576454e-15 7.05499104e-16 1.34717595e-05 1.25634343e-16 2.74326416e-14 3.87068912e-28 2.01772607e-16 9.99966673e-01 4.91071910e-16 9.98435884e-01 8.08018467e-01 6.36189846e-01 9.80136265e-01 9.94487160e-01 9.98401129e-01 9.99542120e-01 2.05053527e-18 4.55192355e-18 1.40808814e-06 3.39725510e-07 3.39725510e-07 3.56292512e-03 3.56292512e-03 1.59714333e-03 5.38331991e-20 7.33110591e-03 2.34874604e-02 7.15987184e-03 2.15472477e-02 2.87220990e-02 2.77787307e-02 2.33848210e-02
4.15915916e-02 -2.06697975e+01 -2.06697975e+01 -2.50725143e-02 -6.80089439e-03 -6.80089428e-03 7.13254574e+01 7.13254574e+01 1.03645774e+02 1.73372523e+02 2.05087177e+02 2.93819283e+02 3.18207130e+02 3.98008510e+02 4.88474747e+02 5.86741420e+02 6.93531543e+02 4.47107932e-16 3.11530239e-16 1.35205703e-05 2.80674130e-27 1.64816244e-27 6.81358459e-45 5.31145741e-27 9.99966416e-01 5.03303416e-16 9.98422398e-01 8.08503370e-01 6.35946654e-01 9.79929270e-01 9.94463696e-01 9.98402441e-01 9.99543489e-01 1.20218417e-17 1.99791520e-18 1.40808814e-06 3.39725510e-07 3.39725510e-07 3.56292512e-03 3.56292512e-03 1.60329767e-03 9.53275687e-18 7.36370344e-03 2.35363560e-02 7.14722988e-03 2.16135635e-02 2.87448669e-02 2.77487103e-02 2.33428731e-02
4.17417417e-02 -2.06697975e+01 -2.06697975e+01 -2.50725148e-02 -6.80089436e-03 -6.80088630e-03 7.13254574e+01 7.13254574e+01 1.03643509e+02 1.73372523e+02 2.05064180e+02 2.93713007e+02 3.18221430e+02 3.97871814e+02 4.88294711e+02 5.86605733e+02 6.93451389e+02 3.75262425e-16 3.89576604e-16 1.35693810e-05 2.76010818e-14 8.01660996e-17 2.40594638e-24 2.00812523e-16 9.99966158e-01 4.62223783e-16 9.98408832e-01 8.08989139e-01 6.35703517e-01 9.79720885e-01 9.94440521e-01 9.98403827e-01 9.99544863e-01 4.40461616e-18 3.24278354e-18 1.40808814e-06 3.39725510e-07 3.39725510e-07 3.56292512e-03 3.56292512e-03 1.60945610e-03 1.00578820e-17 7.39636715e-03 2.35852165e-02 7.13461994e-03 2.16794481e-02 2.87666715e-02 2.77181607e-02 2.33008223e-02
4.18918919e-02 -2.06697975e+01 -2.06697975e+01 -2.50725142e-02 -6.80089955e-03 -6.80089528e-03 7.13254574e+01 7.13254574e+01 1.03641234e+02 1.73372523e+02 2.05041060e+02 2.93606369e+02 3.18235688e+02 3.97734695e+02 4.88114974e+02 5.86470800e+02 6.93371801e+02 2.36411041e-16 2.12675065e-16 1.36181917e-05 5.38047441e-14 2.62692648e-16 3.83485975e-28 1.29994302e-16 9.99965899e-01 2.64655388e-16 9.98395185e-01 8.09475770e-01 6.35460437e-01 9.79511113e-01 9.94417639e-01 9.98405287e-01 9.99546241e-01 2.75990999e-18 1.35657185e-18 1.40808814e-06 3.39725510e-07 3.39725510e-07 3.56292512e-03 3.56292512e-03 1.61561863e-03 6.45746217e-18 7.42909726e-03 2.36340398e-02 7.12204193e-03 2.17448966e-02 2.87875171e-02 2.76870920e-02 2.32586736e-02
4.20420420e-02 -2.06697975e+01 -2.06697975e+01 -2.50725141e-02 -6.80090590e-03 -6.80089968e-03 7.13254574e+01 7.13254574e+01 1.03638950e+02 1.73372523e+02 2.05017815e+02 2.93499371e+02 3.18249906e+02 3.97597157e+02 4.87935546e+02 5.86336619e+02 6.93292776e+02 2.91297290e-16 1.98294894e-16 1.36670024e-05 2.66034068e-16 5.40279873e-14 2.77483947e-16 2.38691087e-24 9.99965638e-01 3.83227351e-16 9.98381458e-01 8.09963254e-01 6.35217413e-01 9.79299956e-01 9.94395052e-01 9.98406820e-01 9.99547624e-01 4.16092467e-18 2.88336616e-18 1.40808814e-06 3.39725510e-07 3.39725510e-07 3.56292512e-03 3.56292512e-03 1.62178529e-03 2.39007575e-18 7.46189396e-03 2.36828239e-02 7.10949573e-03 2.18099040e-02 2.88074078e-02 2.76555143e-02 2.32164317e-02
4.21921922e-02 -2.06697975e+01 -2.06697975e+01 -2.50725145e-02 -6.80089256e-03 -6.80089034e-03 7.13254574e+01 7.13254574e+01 1.03636657e+02 1.73372523e+02 2.04994446e+02 2.93392011e+02 3.18264082e+02 3.97459205e+02 4.87756437e+02 5.86203191e+02 6.93214310e+02 4.42615342e-16 7.48311186e-16 1.37158131e-05 5.42035403e-14 5.29257737e-16 3.81639570e-28 2.91125311e-16 9.99965377e-01 6.98410577e-17 9.98367649e-01 8.10451587e-01 6.34974445e-01 9.79087415e-01 9.94372763e-01 9.98408423e-01 9.99549011e-01 1.14943438e-17 7.95764478e-19 1.40808814e-06 3.39725510e-07 3.39725510e-07 3.56292512e-03 3.56292512e-03 1.62795609e-03 3.50832491e-18 7.49475747e-03 2.37315667e-02 7.09698125e-03 2.18744655e-02 2.88263479e-02 2.76234376e-02 2.31741015e-02
4.23423423e-02 -2.06697975e+01 -2.06697975e+01 -2.50725141e-02 -6.80089812e-03 -6.80089682e-03 7.13254574e+01 7.13254574e+01 1.03634355e+02 1.73372523e+02 2.04970950e+02 2.93284290e+02 3.18278218e+02 3.97320843e+02 4.87577655e+02 5.86070514e+02 6.93136398e+02 2.37089569e-16 6.52462296e-16 1.37646239e-05 8.85668066e-16 5.44165811e-14 2.37242215e-24 3.87645334e-16 9.99965114e-01 6.59166440e-16 9.98353760e-01 8.10940761e-01 6.34731532e-01 9.78873493e-01 9.94350776e-01 9.98410096e-01 9.99550401e-01 4.52184499e-18 1.54951520e-17 1.40808814e-06 3.39725510e-07 3.39725510e-07 3.56292512e-03 3.56292512e-03 1.63413105e-03 1.54574823e-17 7.52768800e-03 2.37802660e-02 7.08449836e-03 2.19385763e-02 2.88443421e-02 2.75908718e-02 2.31316874e-02
4.24924925e-02 -2.06697975e+01 -2.06697975e+01 -2.50725140e-02 -6.80089554e-03 -6.80088971e-03 7.13254574e+01 7.13254574e+01 1.03632043e+02 1.73372523e+02 2.04947329e+02 2.93176209e+02 3.18292313e+02 3.97182076e+02 4.87399210e+02 5.85938588e+02 6.93059038e+02 1.08812067e-16 5.13662524e-16 1.38134346e-05 2.72789515e-16 5.46141326e-14 2.36524629e-24 3.63052288e-16 9.99964850e-01 9.34100832e-16 9.98339788e-01 8.11430770e-01 6.34488675e-01 9.78658194e-01 9.94329091e-01 9.98411839e-01 9.99551795e-01 2.96684701e-18 1.01470290e-17 1.40808814e-06 3.39725510e-07 3.39725510e-07 3.56292512e-03 3.56292512e-03 1.64031018e-03 2.14663869e-18 7.56068575e-03 2.38289197e-02 7.07204698e-03 2.20022316e-02 2.88613948e-02 2.75578267e-02 2.30891941e-02
4.26426426e-02 -2.06697975e+01 -2.06697975e+01 -2.50725129e-02 -6.80090438e-03 -6.80089090e-03 7.13254574e+01 7.13254574e+01 1.03629722e+02 1.73372523e+02 2.04923581e+02 2.93067766e+02 3.18306368e+02 3.97042908e+02 4.87221111e+02 5.85807412e+02 6.92982224e+02 4.39177124e-16 3.35833949e-16 1.38622453e-05 1.58013182e-16 5.47992563e-14 2.35811583e-24 1.73050273e-16 9.99964585e-01 1.81508773e-16 9.98325735e-01 8.11921608e-01 6.34245873e-01 9.78441519e-01 9.94307712e-01 9.98413649e-01 9.99553193e-01 8.90531671e-18 1.45523559e-18 1.40808814e-06 3.39725510e-07 3.39725510e-07 3.56292512e-03 3.56292512e-03 1.64649350e-03 1.45086041e-18 7.59375093e-03 2.38775257e-02 7.05962698e-03 2.20654267e-02 2.88775110e-02 2.75243119e-02 2.30466260e-02
4.27927928e-02 -2.06697975e+01 -2.06697975e+01 -2.50725144e-02 -6.80089927e-03 -6.80089797e-03 7.13254574e+01 7.13254574e+01 1.03627392e+02 1.73372523e+02 2.04899706e+02 2.92958964e+02 3.18320382e+02 3.96903345e+02 4.87043366e+02 5.85676985e+02 6.92905955e+02 1.55166823e-16 5.90436202e-16 1.39110560e-05 1.01605730e-15 5.49787646e-14 1.77477714e-16 2.35103058e-24 9.99964318e-01 4.43145326e-16 9.98311599e-01 8.12413266e-01 6.34003127e-01 9.78223473e-01 9.94286641e-01 9.98415525e-01 9.99554593e-01 1.90286688e-18 5.04920354e-18 1.40808814e-06 3.39725510e-07 3.39725510e-07 3.56292512e-03 3.56292512e-03 1.65268103e-03 2.24552430e-18 7.62688375e-03 2.39260818e-02 7.04723828e-03 2.21281569e-02 2.88926955e-02 2.74903372e-02 2.30039875e-02
4.29429429e-02 -2.06697975e+01 -2.06697975e+01 -2.50725146e-02 -6.80090117e-03 -6.80088662e-03 7.13254574e+01 7.13254574e+01 1.03625052e+02 1.73372523e+02 2.04875703e+02 2.92849801e+02 3.18334356e+02 3.96763392e+02 4.86865984e+02 5.85547307e+02 6.92830225e+02 2.78245809e-16 4.61679956e-16 1.39598668e-05 1.48784566e-16 5.52642316e-14 1.57582985e-16 3.77076339e-28 9.99964051e-01 3.60699744e-16 9.98297380e-01 8.12905739e-01 6.33760435e-01 9.78004057e-01 9.94265881e-01 9.98417467e-01 9.99555997e-01 1.11085222e-17 8.93732606e-18 1.40808814e-06 3.39725510e-07 3.39725510e-07 3.56292512e-03 3.56292512e-03 1.65887279e-03 7.94127440e-18 7.66008439e-03 2.39745859e-02 7.03488075e-03 2.21904177e-02 2.89069533e-02 2.74559122e-02 2.29612830e-02
4.30930931e-02 -2.06697975e+01 -2.06697975e+01 -2.50725135e-02 -6.80089277e-03 -6.80088785e-03 7.13254574e+01 7.13254574e+01 1.03622703e+02 1.73372523e+02 2.04851573e+02 2.92740278e+02 3.18348291e+02 3.96623053e+02 4.86688974e+02 5.85418375e+02 6.92755031e+02 6.86708460e-16 4.37439032e-16 1.40086775e-05 2.34739233e-16 5.53927017e-14 1.09725022e-16 3.92847101e-28 9.99963782e-01 3.09145545e-16 9.98283079e-01 8.13399019e-01 6.33517798e-01 9.77783277e-01 9.94245432e-01 9.98419473e-01 9.99557403e-01 1.89174814e-18 1.29386762e-17 1.40808814e-06 3.39725510e-07 3.39725510e-07 3.56292512e-03 3.56292512e-03 1.66506878e-03 1.22726751e-17 7.69335307e-03 2.40230357e-02 7.02255431e-03 2.22522043e-02 2.89202897e-02 2.74210462e-02 2.29185165e-02
4.32432432e-02 -2.06697975e+01 -2.06697975e+01 -2.50725139e-02 -6.80089896e-03 -6.80089611e-03 7.13254574e+01 7.13254574e+01 1.03620345e+02 1.73372523e+02 2.04827313e+02 2.92630395e+02 3.18362185e+02 3.96482334e+02 4.86512345e+02 5.85290190e+02 6.92680369e+02 3.99494749e-16 7.00363983e-16 1.40574882e-05 5.55188852e-14 4.62859013e-16 1.64647029e-16 3.91930520e-28 9.99963512e-01 5.70579768e-16 9.98268694e-01 8.13893099e-01 6.33275216e-01 9.77561135e-01 9.94225298e-01 9.98421543e-01 9.99558812e-01 5.48767948e-18 3.68955729e-18 1.40808814e-06 3.39725510e-07 3.39725510e-07 3.56292512e-03 3.56292512e-03 1.67126904e-03 6.80850514e-19 7.72668997e-03 2.40714291e-02 7.01025883e-03 2.23135124e-02 2.89327100e-02 2.73857488e-02 2.28756923e-02
4.33933934e-02 -2.06697975e+01 -2.06697975e+01 -2.50725140e-02 -6.80088064e-03 -6.80087629e-03 7.13254574e+01 7.13254574e+01 1.03617977e+02 1.73372523e+02 2.04802925e+02 2.92520153e+02 3.18376040e+02 3.96341239e+02 4.86336103e+02 5.85162748e+02 6.92606236e+02 2.24788920e-16 4.46323625e-16 1.41062989e-05 2.86019979e-14 1.36789608e-16 1.41011232e-16 3.91791532e-28 9.99963241e-01 1.34434904e-15 9.98254226e-01 8.14387971e-01 6.33032688e-01 9.77337636e-01 9.94205480e-01 9.98423674e-01 9.99560223e-01 3.57870275e-18 1.40844399e-18 1.40808814e-06 3.39725510e-07 3.39725510e-07 3.56292512e-03 3.56292512e-03 1.67747356e-03 1.82835456e-17 7.76009531e-03 2.41197639e-02 6.99799424e-03 2.23743375e-02 2.89442195e-02 2.73500291e-02 2.28328143e-02
4.35435435e-02 -2.06697975e+01 -2.06697975e+01 -2.50725141e-02 -6.80088953e-03 -6.80088294e-03 7.13254574e+01 7.13254574e+01 1.03615599e+02 1.73372523e+02 2.04778407e+02 2.92409551e+02 3.18389855e+02 3.96199773e+02 4.86160259e+02 5.85036050e+02 6.92532628e+02 2.88327013e-16 9.98744299e-16 1.41551096e-05 1.76674779e-16 4.23101497e-14 3.90493616e-28 1.43159001e-16 9.99962969e-01 1.53775437e-16 9.98239674e-01 8.14883627e-01 6.32790215e-01 9.77112783e-01 9.94185981e-01 9.98425867e-01 9.99561637e-01 6.11096739e-18 2.28331969e-17 1.40808814e-06 3.39725510e-07 3.39725510e-07 3.56292512e-03 3.56292512e-03 1.68368238e-03 1.54548682e-18 7.79356926e-03 2.41680379e-02 6.98576041e-03 2.24346751e-02 2.89548237e-02 2.73138965e-02 2.27898867e-02
4.36936937e-02 -2.06697975e+01 -2.06697975e+01 -2.50725134e-02 -6.80088984e-03 -6.80088220e-03 7.13254574e+01 7.13254574e+01 1.03613213e+02 1.73372523e+02 2.04753759e+02 2.92298591e+02 3.18403631e+02 3.96057943e+02 4.85984820e+02 5.84910094e+02 6.92459542e+02 3.48337583e-16 1.71450115e-16 1.42039204e-05 5.61380056e-14 1.77953679e-16 2.16053359e-17 3.89199926e-28 9.99962696e-01 2.94679271e-16 9.98225037e-01 8.15380061e-01 6.32547796e-01 9.76886581e-01 9.94166801e-01 9.98428119e-01 9.99563052e-01 2.09283962e-18 5.75859678e-18 1.40808814e-06 3.39725510e-07 3.39725510e-07 3.56292512e-03 3.56292512e-03 1.68989551e-03 1.18604961e-17 7.82711202e-03 2.42162488e-02 6.97355724e-03 2.24945210e-02 2.89645285e-02 2.72773599e-02 2.27469131e-02
4.38438438e-02 -2.06697975e+01 -2.06697975e+01 -2.50725151e-02 -6.80090258e-03 -6.80088913e-03 7.13254574e+01 7.13254574e+01 1.03610817e+02 1.73372523e+02 2.04728980e+02 2.92187272e+02 3.18417368e+02 3.95915752e+02 4.85809793e+02 5.84784878e+02 6.92386972e+02 1.24604788e-16 1.87664657e-16 1.42527311e-05 7.60682324e-17 5.63435587e-14 1.87715628e-16 2.43874869e-24 9.99962421e-01 4.57298676e-16 9.98210316e-01 8.15877264e-01 6.32305431e-01 9.76659035e-01 9.94147943e-01 9.98430429e-01 9.99564469e-01 1.78931764e-19 3.33006209e-18 1.40808814e-06 3.39725510e-07 3.39725510e-07 3.56292512e-03 3.56292512e-03 1.69611297e-03 2.97059977e-17 7.86072379e-03 2.42643944e-02 6.96138464e-03 2.25538708e-02 2.89733395e-02 2.72404285e-02 2.27038976e-02
4.39939940e-02 -2.06697975e+01 -2.06697975e+01 -2.50725139e-02 -6.80089432e-03 -6.80089209e-03 7.13254574e+01 7.13254574e+01 1.03608411e+02 1.73372523e+02 2.04704070e+02 2.92075594e+02 3.18431065e+02 3.95773207e+02 4.85635188e+02 5.84660401e+02 6.92314917e+02 6.24914271e-16 3.59884963e-16 1.43015418e-05 2.90882289e-14 3.00749017e-16 3.04329299e-16 3.88165963e-28 9.99962145e-01 8.72189008e-16 9.98195510e-01 8.16375227e-01 6.32063120e-01 9.76430149e-01 9.94129409e-01 9.98432798e-01 9.99565888e-01 6.40112930e-18 5.37388801e-18 1.40808814e-06 3.39725510e-07 3.39725510e-07 3.56292512e-03 3.56292512e-03 1.70233476e-03 2.72103702e-18 7.89440475e-03 2.43124723e-02 6.94924251e-03 2.26127203e-02 2.89812626e-02 2.72031112e-02 2.26608437e-02
4.41441441e-02 -2.06697975e+01 -2.06697975e+01 -2.50725144e-02 -6.80089505e-03 -6.80088923e-03 7.13254574e+01 7.13254574e+01 1.03605996e+02 1.73372523e+02 2.04679028e+02 2.91963559e+02 3.18444724e+02 3.95630312e+02 4.85461011e+02 5.84536660e+02 6.92243371e+02 9.81400285e-17 2.56283458e-16 1.43503525e-05 1.77806529e-16 5.67303976e-14 1.95296696e-16 4.03278606e-28 9.99961868e-01 6.33728444e-16 9.98180618e-01 8.16873944e-01 6.31820863e-01 9.76199929e-01 9.94111199e-01 9.98435222e-01 9.99567308e-01 3.76973974e-18 4.84619036e-18 1.40808814e-06 3.39725510e-07 3.39725510e-07 3.56292512e-03 3.56292512e-03 1.70856092e-03 9.06443193e-18 7.92815509e-03 2.43604805e-02 6.93713073e-03 2.26710654e-02 2.89883039e-02 2.71654168e-02 2.26177553e-02
4.42942943e-02 -2.06697975e+01 -2.06697975e+01 -2.50725138e-02 -6.80089110e-03 -6.80088516e-03 7.13254574e+01 7.13254574e+01 1.03603572e+02 1.73372523e+02 2.04653853e+02 2.91851167e+02 3.18458344e+02 3.95487073e+02 4.85287270e+02 5.84413654e+02 6.92172332e+02 4.95816920e-16 3.95033347e-16 1.43991633e-05 2.15116005e-16 5.69196221e-14 3.00125045e-16 2.55435241e-24 9.99961590e-01 9.60877997e-16 9.98165641e-01 8.17373405e-01 6.31578659e-01 9.75968379e-01 9.94093315e-01 9.98437703e-01 9.99568730e-01 1.37549369e-17 1.74800580e-17 1.40808814e-06 3.39725510e-07 3.39725510e-07 3.56292512e-03 3.56292512e-03 1.71479145e-03 2.12979148e-17 7.96197500e-03 2.44084165e-02 6.92504922e-03 2.27289020e-02 2.89944693e-02 2.71273541e-02 2.25746358e-02
4.44444444e-02 -2.06697975e+01 -2.06697975e+01 -2.50725134e-02 -6.80091159e-03 -6.80089537e-03 7.13254574e+01 7.13254574e+01 1.03601138e+02 1.73372523e+02 2.04628546e+02 2.91738418e+02 3.18471925e+02 3.95343496e+02 4.85113973e+02 5.84291381e+02 6.92101796e+02 2.54367259e-16 3.13677558e-16 1.44479740e-05 2.93842860e-14 4.47892839e-17 1.18732999e-16 4.02225989e-28 9.99961310e-01 6.41219960e-16 9.98150578e-01 8.17873603e-01 6.31336509e-01 9.75735505e-01 9.94075758e-01 9.98440237e-01 9.99570152e-01 2.52282236e-18 9.74314699e-19 1.40808814e-06 3.39725510e-07 3.39725510e-07 3.56292512e-03 3.56292512e-03 1.72102637e-03 1.63193190e-17 7.99586465e-03 2.44562781e-02 6.91299787e-03 2.27862261e-02 2.89997652e-02 2.70889318e-02 2.25314888e-02
4.45945946e-02 -2.06697975e+01 -2.06697975e+01 -2.50725144e-02 -6.80089655e-03 -6.80089374e-03 7.13254574e+01 7.13254574e+01 1.03598694e+02 1.73372523e+02 2.04603106e+02 2.91625312e+02 3.18485467e+02 3.95199585e+02 4.84941127e+02 5.84169840e+02 6.92031759e+02 2.61788209e-16 1.58586753e-16 1.44967847e-05 5.72914532e-14 5.29053052e-16 1.39903984e-16 2.54061024e-24 9.99961030e-01 8.93971406e-16 9.98135429e-01 8.18374528e-01 6.31094412e-01 9.75501312e-01 9.94058530e-01 9.98442824e-01 9.99571575e-01 2.89524472e-18 6.75846527e-18 1.40808814e-06 3.39725510e-07 3.39725510e-07 3.56292512e-03 3.56292512e-03 1.72726571e-03 2.89783095e-17 8.02982422e-03 2.45040630e-02 6.90097658e-03 2.28430336e-02 2.90041977e-02 2.70501583e-02 2.24883177e-02
4.47447447e-02 -2.06697975e+01 -2.06697975e+01 -2.50725140e-02 -6.80089937e-03 -6.80089398e-03 7.13254574e+01 7.13254574e+01 1.03596241e+02 1.73372523e+02 2.04577532e+02 2.91511850e+02 3.18498972e+02 3.95055347e+02 4.84768739e+02 5.84049028e+02 6.91962218e+02 2.75385862e-16 5.76856209e-16 1.45455954e-05 1.08411364e-16 2.95727741e-14 1.43725066e-16 4.00422071e-28 9.99960748e-01 6.12223966e-16 9.98120193e-01 8.18876172e-01 6.30852368e-01 9.75265807e-01 9.94041631e-01 9.98445464e-01 9.99573000e-01 8.66710412e-18 7.52519479e-18 1.40808814e-06 3.39725510e-07 3.39725510e-07 3.56292512e-03 3.56292512e-03 1.73350947e-03 2.10493465e-17 8.06385390e-03 2.45517688e-02 6.88898525e-03 2.28993207e-02 2.90077734e-02 2.70110422e-02 2.24451259e-02
4.48948949e-02 -2.06697975e+01 -2.06697975e+01 -2.50725147e-02 -6.80090530e-03 -6.80089737e-03 7.13254574e+01 7.13254574e+01 1.03593779e+02 1.73372523e+02 2.04551823e+02 2.91398033e+02 3.18512438e+02 3.94910786e+02 4.84596817e+02 5.83928943e+02 6.91893168e+02 5.39970692e-16 3.31373579e-16 1.45944062e-05 2.96911957e-14 8.39916195e-17 2.58612071e-16 2.50820026e-24 9.99960465e-01 4.83488840e-16 9.98104870e-01 8.19378527e-01 6.30610377e-01 9.75028996e-01 9.94025064e-01 9.98448155e-01 9.99574424e-01 5.25214028e-18 2.11890514e-18 1.40808814e-06 3.39725510e-07 3.39725510e-07 3.56292512e-03 3.56292512e-03 1.73975767e-03 4.57763414e-18 8.09795387e-03 2.45993933e-02 6.87702378e-03 2.29550837e-02 2.90104988e-02 2.69715919e-02 2.24019168e-02
4.50450450e-02 -2.06697975e+01 -2.06697975e+01 -2.50725144e-02 -6.80089800e-03 -6.80088999e-03 7.13254574e+01 7.13254574e+01 1.03591307e+02 1.73372523e+02 2.04525979e+02 2.91283860e+02 3.18525866e+02 3.94765909e+02 4.84425367e+02 5.83809583e+02 6.91824607e+02 7.63286742e-16 7.12749911e-16 1.46432169e-05 2.98133640e-14 9.45959606e-17 4.35685173e-16 2.50141055e-24 9.99960181e-01 8.51289889e-16 9.98089461e-01 8.19881583e-01 6.30368440e-01 9.74790884e-01 9.94008827e-01 9.98450895e-01 9.99575850e-01 7.30818326e-19 1.42936164e-18 1.40808814e-06 3.39725510e-07 3.39725510e-07 3.56292512e-03 3.56292512e-03 1.74601034e-03 1.67195031e-17 8.13212429e-03 2.46469341e-02 6.86509207e-03 2.30103186e-02 2.90123803e-02 2.69318155e-02 2.23586936e-02
4.51951952e-02 -2.06697975e+01 -2.06697975e+01 -2.50725140e-02 -6.80090943e-03 -6.80088477e-03 7.13254574e+01 7.13254574e+01 1.03588825e+02 1.73372523e+02 2.04500000e+02 2.91169334e+02 3.18539256e+02 3.94620721e+02 4.84254397e+02 5.83690946e+02 6.91756531e+02 5.99138558e-16 7.16455321e-16 1.46920276e-05 5.58529137e-17 2.98673224e-14 1.90538117e-16 3.96920129e-28 9.99959895e-01 5.74489231e-16 9.98073963e-01 8.20385331e-01 6.30126555e-01 9.74551478e-01 9.93992924e-01 9.98453685e-01 9.99577275e-01 7.62811098e-18 1.20383522e-17 1.40808814e-06 3.39725510e-07 3.39725510e-07 3.56292512e-03 3.56292512e-03 1.75226748e-03 8.61837123e-18 8.16636533e-03 2.46943889e-02 6.85319003e-03 2.30650219e-02 2.90134246e-02 2.68917214e-02 2.23154593e-02
4.53453453e-02 -2.06697975e+01 -2.06697975e+01 -2.50725147e-02 -6.80089738e-03 -6.80089576e-03 7.13254574e+01 7.13254574e+01 1.03586334e+02 1.73372523e+02 2.04473885e+02 2.91054454e+02 3.18552608e+02 3.94475228e+02 4.84083913e+02 5.83573030e+02 6.91688936e+02 1.78624862e-16 9.32919705e-16 1.47408383e-05 7.90215723e-16 5.82599587e-14 2.10171076e-16 2.48385182e-24 9.99959608e-01 4.96805040e-16 9.98058378e-01 8.20889762e-01 6.29884723e-01 9.74310785e-01 9.93977353e-01 9.98456522e-01 9.99578701e-01 1.81169020e-19 8.44795512e-18 1.40808814e-06 3.39725510e-07 3.39725510e-07 3.56292512e-03 3.56292512e-03 1.75852912e-03 3.05758177e-17 8.20067718e-03 2.47417552e-02 6.84131756e-03 2.31191900e-02 2.90136386e-02 2.68513175e-02 2.22722173e-02
4.54954955e-02 -2.06697975e+01 -2.06697975e+01 -2.50725141e-02 -6.80090109e-03 -6.80088913e-03 7.13254574e+01 7.13254574e+01 1.03583833e+02 1.73372523e+02 2.04447633e+02 2.90939220e+02 3.18565923e+02 3.94329435e+02 4.83913921e+02 5.83455832e+02 6.91621818e+02 5.80769782e-16 6.46098989e-16 1.47896490e-05 5.84943242e-14 1.23673923e-16 1.43060399e-16 3.94372734e-28 9.99959321e-01 3.07784358e-16 9.98042704e-01 8.21394867e-01 6.29642943e-01 9.74068812e-01 9.93962116e-01 9.98459406e-01 9.99580126e-01 4.81171908e-18 1.09224794e-17 1.40808814e-06 3.39725510e-07 3.39725510e-07 3.56292512e-03 3.56292512e-03 1.76479527e-03 6.25475163e-18 8.23505999e-03 2.47890308e-02 6.82947455e-03 2.31728193e-02 2.90130291e-02 2.68106119e-02 2.22289704e-02
4.56456456e-02 -2.06697975e+01 -2.06697975e+01 -2.50725152e-02 -6.80089466e-03 -6.80088225e-03 7.13254574e+01 7.13254574e+01 1.03581323e+02 1.73372523e+02 2.04421243e+02 2.90823634e+02 3.18579200e+02 3.94183348e+02 4.83744428e+02 5.83339350e+02 6.91555175e+02 3.28363475e-16 3.30385584e-16 1.48384598e-05 5.86521377e-14 8.12276335e-17 1.01530219e-16 3.93483852e-28 9.99959031e-01 6.28615036e-16 9.98026942e-01 8.21900635e-01 6.29401216e-01 9.73825566e-01 9.93947214e-01 9.98462336e-01 9.99581552e-01 4.02628676e-19 1.00066353e-18 1.40808814e-06 3.39725510e-07 3.39725510e-07 3.56292512e-03 3.56292512e-03 1.77106595e-03 9.13890149e-18 8.26951393e-03 2.48362133e-02 6.81766092e-03 2.32259063e-02 2.90116030e-02 2.67696125e-02 2.21857216e-02
4.57957958e-02 -2.06697975e+01 -2.06697975e+01 -2.50725143e-02 -6.80089258e-03 -6.80089170e-03 7.13254574e+01 7.13254574e+01 1.03578803e+02 1.73372523e+02 2.04394716e+02 2.90707697e+02 3.18592439e+02 3.94036974e+02 4.83575441e+02 5.83223581e+02 6.91489002e+02 8.95192061e-16 2.44312767e-16 1.48872705e-05 1.48493731e-15 5.88400314e-14 1.72700604e-16 2.46404284e-24 9.99958741e-01 6.33145312e-16 9.98011092e-01 8.22407059e-01 6.29159541e-01 9.73581054e-01 9.93932646e-01 9.98465311e-01 9.99582977e-01 9.58292921e-18 4.29265956e-18 1.40808814e-06 3.39725510e-07 3.39725510e-07 3.56292512e-03 3.56292512e-03 1.77734118e-03 9.49098399e-18 8.30403916e-03 2.48833003e-02 6.80587657e-03 2.32784477e-02 2.90093672e-02 2.67283270e-02 2.21424740e-02
4.59459459e-02 -2.06697975e+01 -2.06697975e+01 -2.50725138e-02 -6.80089335e-03 -6.80088636e-03 7.13254574e+01 7.13254574e+01 1.03576274e+02 1.73372523e+02 2.04368051e+02 2.90591408e+02 3.18605642e+02 3.93890317e+02 4.83406965e+02 5.83108523e+02 6.91423297e+02 4.31437073e-16 3.42887823e-16 1.49360812e-05 5.90422523e-14 1.65202494e-16 2.45752702e-24 3.42566588e-16 9.99958449e-01 6.33967131e-16 9.97995152e-01 8.22914127e-01 6.28917918e-01 9.73335283e-01 9.93918414e-01 9.98468329e-01 9.99584402e-01 3.26113553e-18 6.39936539e-18 1.40808814e-06 3.39725510e-07 3.39725510e-07 3.56292512e-03 3.56292512e-03 1.78362097e-03 1.85908812e-17 8.33863584e-03 2.49302893e-02 6.79412139e-03 2.33304402e-02 2.90063289e-02 2.66867631e-02 2.20992302e-02
4.60960961e-02 -2.06697975e+01 -2.06697975e+01 -2.50725161e-02 -6.80089581e-03 -6.80088413e-03 7.13254574e+01 7.13254574e+01 1.03573735e+02 1.73372523e+02 2.04341247e+02 2.90474769e+02 3.18618807e+02 3.93743384e+02 4.83239007e+02 5.82994174e+02 6.91358055e+02 3.78947004e-16 3.58085450e-16 1.49848919e-05 5.92481556e-14 1.47918433e-16 3.90837654e-28 3.33189825e-17 9.99958157e-01 8.85000725e-16 9.97979122e-01 8.23421830e-01 6.28676348e-01 9.73088262e-01 9.93904517e-01 9.98471390e-01 9.99585826e-01 8.81115291e-19 5.71147120e-19 1.40808814e-06 3.39725510e-07 3.39725510e-07 3.56292512e-03 3.56292512e-03 1.78990534e-03 8.00652006e-18 8.37330413e-03 2.49771781e-02 6.78239529e-03 2.33818805e-02 2.90024952e-02 2.66449285e-02 2.20559932e-02
4.62462462e-02 -2.06697975e+01 -2.06697975e+01 -2.50725147e-02 -6.80091395e-03 -6.80090091e-03 7.13254574e+01 7.13254574e+01 1.03571186e+02 1.73372523e+02 2.04314303e+02 2.90357780e+02 3.18631935e+02 3.93596181e+02 4.83071573e+02 5.82880531e+02 6.91293273e+02 8.01859765e-16 2.71081029e-16 1.50337027e-05 3.55638482e-17 3.05889934e-14 1.01412363e-16 3.90714160e-28 9.99957862e-01 4.63727195e-16 9.97963003e-01 8.23930159e-01 6.28434829e-01 9.72839997e-01 9.93890956e-01 9.98474493e-01 9.99587250e-01 1.84813878e-17 5.62607353e-18 1.40808814e-06 3.39725510e-07 3.39725510e-07 3.56292512e-03 3.56292512e-03 1.79619431e-03 8.02496611e-19 8.40804419e-03 2.50239641e-02 6.77069818e-03 2.34327655e-02 2.89978732e-02 2.66028306e-02 2.20127657e-02
4.63963964e-02 -2.06697975e+01 -2.06697975e+01 -2.50725131e-02 -6.80089241e-03 -6.80089001e-03 7.13254574e+01 7.13254574e+01 1.03568627e+02 1.73372523e+02 2.04287219e+02 2.90240442e+02 3.18645027e+02 3.93448713e+02 4.82904668e+02 5.82767591e+02 6.91228948e+02 7.73648927e-16 5.17352248e-16 1.50825134e-05 3.06520586e-14 2.76115214e-16 3.89841208e-28 2.40698610e-16 9.99957567e-01 3.24507184e-16 9.97946794e-01 8.24439102e-01 6.28193363e-01 9.72590499e-01 9.93877731e-01 9.98477636e-01 9.99588672e-01 1.54552652e-18 2.60503465e-18 1.40808814e-06 3.39725510e-07 3.39725510e-07 3.56292512e-03 3.56292512e-03 1.80248789e-03 3.34322186e-18 8.44285616e-03 2.50706450e-02 6.75902997e-03 2.34830921e-02 2.89924704e-02 2.65604768e-02 2.19695502e-02
4.65465465e-02 -2.06697975e+01 -2.06697975e+01 -2.50725139e-02 -6.80090366e-03 -6.80089910e-03 7.13254574e+01 7.13254574e+01 1.03566059e+02 1.73372523e+02 2.04259995e+02 2.90122757e+02 3.18658082e+02 3.93300987e+02 4.82738299e+02 5.82655351e+02 6.91165076e+02 2.80378000e-16 3.78371971e-16 1.51313241e-05 5.97234293e-14 2.92474305e-16 3.88222149e-28 2.67055256e-16 9.99957271e-01 1.83476482e-16 9.97930495e-01 8.24948649e-01 6.27951947e-01 9.72339774e-01 9.93864842e-01 9.98480819e-01 9.99590094e-01 3.90730693e-18 1.30775684e-17 1.40808814e-06 3.39725510e-07 3.39725510e-07 3.56292512e-03 3.56292512e-03 1.80878611e-03 1.15681639e-19 8.47774021e-03 2.51172183e-02 6.74739055e-03 2.35328573e-02 2.89862939e-02 2.65178745e-02 2.19263495e-02
4.66966967e-02 -2.06697975e+01 -2.06697975e+01 -2.50725129e-02 -6.80089073e-03 -6.80088969e-03 7.13254574e+01 7.13254574e+01 1.03563481e+02 1.73372523e+02 2.04232629e+02 2.90004724e+02 3.18671100e+02 3.93153008e+02 4.82572470e+02 5.82543809e+02 6.91101654e+02 3.42948051e-16 1.18456637e-15 1.51801348e-05 9.73429520e-16 4.54230204e-14 2.40409086e-24 4.43325562e-16 9.99956973e-01 7.07887782e-16 9.97914104e-01 8.25458791e-01 6.27710584e-01 9.72087831e-01 9.93852288e-01 9.98484041e-01 9.99591515e-01 5.91740200e-18 8.89658520e-18 1.40808814e-06 3.39725510e-07 3.39725510e-07 3.56292512e-03 3.56292512e-03 1.81508897e-03 7.66874864e-18 8.51269646e-03 2.51636817e-02 6.73577983e-03 2.35820583e-02 2.89793513e-02 2.64750308e-02 2.18831661e-02
4.68468468e-02 -2.06697975e+01 -2.06697975e+01 -2.50725144e-02 -6.80090561e-03 -6.80089173e-03 7.13254574e+01 7.13254574e+01 1.03560894e+02 1.73372523e+02 2.04205122e+02 2.89886345e+02 3.18684082e+02 3.93004783e+02 4.82407187e+02 5.82432963e+02 6.91038678e+02 4.66487576e-16 1.07873041e-15 1.52289455e-05 9.35843418e-17 3.10125910e-14 3.86401560e-28 1.61804436e-16 9.99956674e-01 9.52061664e-16 9.97897623e-01 8.25969517e-01 6.27469272e-01 9.71834679e-01 9.93840070e-01 9.98487301e-01 9.99592935e-01 3.64725533e-18 3.70469848e-18 1.40808814e-06 3.39725510e-07 3.39725510e-07 3.56292512e-03 3.56292512e-03 1.82139650e-03 1.01333332e-17 8.54772508e-03 2.52100326e-02 6.72419772e-03 2.36306922e-02 2.89716499e-02 2.64319530e-02 2.18400025e-02
4.69969970e-02 -2.06697975e+01 -2.06697975e+01 -2.50725151e-02 -6.80088788e-03 -6.80088043e-03 7.13254574e+01 7.13254574e+01 1.03558297e+02 1.73372523e+02 2.04177472e+02 2.89767621e+02 3.18697027e+02 3.92856318e+02 4.82242456e+02 5.82322808e+02 6.90976146e+02 4.56130379e-16 6.17329770e-16 1.52777563e-05 7.95704220e-17 3.10823939e-14 1.43692418e-16 3.85532902e-28 9.99956373e-01 9.10169333e-16 9.97881050e-01 8.26480816e-01 6.27228012e-01 9.71580327e-01 9.93828188e-01 9.98490598e-01 9.99594353e-01 7.01105087e-18 1.93372658e-19 1.40808814e-06 3.39725510e-07 3.39725510e-07 3.56292512e-03 3.56292512e-03 1.82770872e-03 4.26515594e-18 8.58282619e-03 2.52562686e-02 6.71264412e-03 2.36787562e-02 2.89631972e-02 2.63886478e-02 2.17968611e-02
4.71471471e-02 -2.06697975e+01 -2.06697975e+01 -2.50725127e-02 -6.80088160e-03 -6.80087966e-03 7.13254574e+01 7.13254574e+01 1.03555690e+02 1.73372523e+02 2.04149680e+02 2.89648552e+02 3.18709936e+02 3.92707618e+02 4.82078281e+02 5.82213343e+02 6.90914053e+02 1.49606822e-16 4.75526577e-16 1.53265670e-05 4.58641853e-14 5.49562675e-16 2.38523783e-24 1.08243887e-16 9.99956072e-01 6.05407631e-16 9.97864386e-01 8.26992678e-01 6.26986803e-01 9.71324784e-01 9.93816640e-01 9.98493930e-01 9.99595770e-01 2.27573577e-19 7.71135145e-18 1.40808814e-06 3.39725510e-07 3.39725510e-07 3.56292512e-03 3.56292512e-03 1.83402564e-03 5.94585136e-18 8.61799995e-03 2.53023874e-02 6.70111895e-03 2.37262478e-02 2.89540008e-02 2.63451224e-02 2.17537443e-02
4.72972973e-02 -2.06697975e+01 -2.06697975e+01 -2.50725143e-02 -6.80090069e-03 -6.80089120e-03 7.13254574e+01 7.13254574e+01 1.03553073e+02 1.73372523e+02 2.04121743e+02 2.89529139e+02 3.18722810e+02 3.92558690e+02 4.81914668e+02 5.82104564e+02 6.90852397e+02 8.77288074e-16 8.70828062e-16 1.53753777e-05 3.12650529e-14 6.30742796e-17 1.30451423e-16 3.83805911e-28 9.99955769e-01 3.28810806e-16 9.97847630e-01 8.27505091e-01 6.26745645e-01 9.71068059e-01 9.93805427e-01 9.98497298e-01 9.99597185e-01 5.40160916e-18 1.02907762e-17 1.40808814e-06 3.39725510e-07 3.39725510e-07 3.56292512e-03 3.56292512e-03 1.84034727e-03 4.66246428e-18 8.65324648e-03 2.53483863e-02 6.68962210e-03 2.37731642e-02 2.89440683e-02 2.63013836e-02 2.17106544e-02
4.74474474e-02 -2.06697975e+01 -2.06697975e+01 -2.50725133e-02 -6.80089805e-03 -6.80089776e-03 7.13254574e+01 7.13254574e+01 1.03550446e+02 1.73372523e+02 2.04093663e+02 2.89409384e+02 3.18735647e+02 3.92409540e+02 4.81751622e+02 5.81996468e+02 6.90791174e+02 3.57462827e-16 6.75815656e-16 1.54241884e-05 2.39411635e-15 3.12673856e-14 8.78132059e-17 3.82947575e-28 9.99955465e-01 1.51279690e-15 9.97830781e-01 8.28018044e-01 6.26504538e-01 9.70810162e-01 9.93794549e-01 9.98500700e-01 9.99598599e-01 6.61204631e-18 3.88520125e-18 1.40808814e-06 3.39725510e-07 3.39725510e-07 3.56292512e-03 3.56292512e-03 1.84667364e-03 1.76240277e-17 8.68856592e-03 2.53942630e-02 6.67815349e-03 2.38195032e-02 2.89334074e-02 2.62574379e-02 2.16675938e-02
4.75975976e-02 -2.06697975e+01 -2.06697975e+01 -2.50725141e-02 -6.80090411e-03 -6.80090111e-03 7.13254574e+01 7.13254574e+01 1.03547810e+02 1.73372523e+02 2.04065438e+02 2.89289288e+02 3.18748449e+02 3.92260174e+02 4.81589146e+02 5.81889054e+02 6.90730380e+02 6.64384095e-16 3.65080353e-16 1.54729992e-05 4.16257808e-16 6.10455028e-14 3.81349076e-28 2.64804613e-16 9.99955159e-01 3.15355808e-16 9.97813840e-01 8.28531527e-01 6.26263482e-01 9.70551103e-01 9.93784004e-01 9.98504134e-01 9.99600011e-01 1.37499747e-17 2.91201196e-19 1.40808814e-06 3.39725510e-07 3.39725510e-07 3.56292512e-03 3.56292512e-03 1.85300477e-03 5.04895153e-18 8.72395839e-03 2.54400150e-02 6.66671303e-03 2.38652621e-02 2.89220256e-02 2.62132922e-02 2.16245647e-02
4.77477477e-02 -2.06697975e+01 -2.06697975e+01 -2.50725147e-02 -6.80089482e-03 -6.80088493e-03 7.13254574e+01 7.13254574e+01 1.03545164e+02 1.73372523e+02 2.04037068e+02 2.89168851e+02 3.18761215e+02 3.92110599e+02 4.81427247e+02 5.81782316e+02 6.90670013e+02 3.06690810e-16 4.77685848e-16 1.55218099e-05 6.13321864e-14 1.81642396e-16 2.01360904e-16 2.35869702e-24 9.99954853e-01 4.63703329e-16 9.97796806e-01 8.29045529e-01 6.26022477e-01 9.70290891e-01 9.93773792e-01 9.98507601e-01 9.99601422e-01 6.85980478e-18 5.12451417e-18 1.40808814e-06 3.39725510e-07 3.39725510e-07 3.56292512e-03 3.56292512e-03 1.85934066e-03 7.43625199e-18 8.75942403e-03 2.54856397e-02 6.65530061e-03 2.39104388e-02 2.89099308e-02 2.61689529e-02 2.15815692e-02
4.78978979e-02 -2.06697975e+01 -2.06697975e+01 -2.50725156e-02 -6.80088798e-03 -6.80088699e-03 7.13254574e+01 7.13254574e+01 1.03542508e+02 1.73372523e+02 2.04008552e+02 2.89048074e+02 3.18773945e+02 3.91960819e+02 4.81265929e+02 5.81676253e+02 6.90610070e+02 3.41533183e-16 4.31399720e-16 1.55706206e-05 3.16664520e-14 7.05651262e-16 2.86188527e-16 3.80393186e-28 9.99954545e-01 1.80771135e-15 9.97779679e-01 8.29560037e-01 6.25781523e-01 9.70029536e-01 9.93763913e-01 9.98511100e-01 9.99602830e-01 5.41245387e-18 1.11120633e-17 1.40808814e-06 3.39725510e-07 3.39725510e-07 3.56292512e-03 3.56292512e-03 1.86568135e-03 2.02444387e-17 8.79496296e-03 2.55311348e-02 6.64391615e-03 2.39550310e-02 2.88971307e-02 2.61244264e-02 2.15386094e-02
4.80480480e-02 -2.06697975e+01 -2.06697975e+01 -2.50725139e-02 -6.80089749e-03 -6.80089379e-03 7.13254574e+01 7.13254574e+01 1.03539842e+02 1.73372523e+02 2.03979890e+02 2.88926960e+02 3.18786640e+02 3.91810843e+02 4.81105195e+02 5.81570862e+02 6.90550546e+02 1.91232022e-16 4.48046341e-16 1.56194313e-05 4.78676799e-16 6.17411848e-14 7.61748459e-17 3.78808463e-28 9.99954236e-01 4.38664410e-16 9.97762458e-01 8.30075041e-01 6.25540620e-01 9.69767050e-01 9.93754365e-01 9.98514628e-01 9.99604236e-01 7.88327059e-18 6.08914109e-18 1.40808814e-06 3.39725510e-07 3.39725510e-07 3.56292512e-03 3.56292512e-03 1.87202684e-03 1.19555790e-17 8.83057531e-03 2.55764978e-02 6.63255956e-03 2.39990366e-02 2.88836332e-02 2.60797192e-02 2.14956875e-02
4.81981982e-02 -2.06697975e+01 -2.06697975e+01 -2.50725148e-02 -6.80090154e-03 -6.80089709e-03 7.13254574e+01 7.13254574e+01 1.03537167e+02 1.73372523e+02 2.03951080e+02 2.88805508e+02 3.18799300e+02 3.91660676e+02 4.80945050e+02 5.81466139e+02 6.90491439e+02 9.69536622e-16 1.23733173e-15 1.56682421e-05 2.75639855e-16 4.69159751e-14 1.11679007e-16 3.78337920e-28 9.99953925e-01 4.93797722e-16 9.97745144e-01 8.30590529e-01 6.25299768e-01 9.69503441e-01 9.93745148e-01 9.98518187e-01 9.99605641e-01 6.07627274e-18 3.74697882e-18 1.40808814e-06 3.39725510e-07 3.39725510e-07 3.56292512e-03 3.56292512e-03 1.87837715e-03 8.25118282e-18 8.86626117e-03 2.56217260e-02 6.62123075e-03 2.40424534e-02 2.88694459e-02 2.60348374e-02 2.14528055e-02
4.83483483e-02 -2.06697975e+01 -2.06697975e+01 -2.50725134e-02 -6.80090406e-03 -6.80090169e-03 7.13254574e+01 7.13254574e+01 1.03534482e+02 1.73372523e+02 2.03922123e+02 2.88683720e+02 3.18811925e+02 3.91510323e+02 4.80785499e+02 5.81362081e+02 6.90432745e+02 1.04533303e-16 4.47749006e-16 1.57170528e-05 6.02484272e-16 6.21053862e-14 2.96022886e-16 3.77131885e-28 9.99953613e-01 5.43936348e-16 9.97727736e-01 8.31106490e-01 6.25058966e-01 9.69238722e-01 9.93736261e-01 9.98521774e-01 9.99607043e-01 3.24716836e-18 5.37625747e-18 1.40808814e-06 3.39725510e-07 3.39725510e-07 3.56292512e-03 3.56292512e-03 1.88473230e-03 1.70869062e-17 8.90202069e-03 2.56668172e-02 6.60992963e-03 2.40852796e-02 2.88545768e-02 2.59897873e-02 2.14099653e-02
4.84984985e-02 -2.06697975e+01 -2.06697975e+01 -2.50725136e-02 -6.80088339e-03 -6.80088301e-03 7.13254574e+01 7.13254574e+01 1.03531786e+02 1.73372523e+02 2.03893017e+02 2.88561597e+02 3.18824515e+02 3.91359793e+02 4.80626545e+02 5.81258685e+02 6.90374462e+02 2.14271875e-16 6.46775297e-16 1.57658635e-05 1.83818298e-15 3.19773158e-14 1.17495335e-16 3.77035350e-28 9.99953300e-01 6.08513447e-16 9.97710233e-01 8.31622911e-01 6.24818214e-01 9.68972903e-01 9.93727702e-01 9.98525389e-01 9.99608442e-01 4.65614869e-18 3.18564702e-18 1.40808814e-06 3.39725510e-07 3.39725510e-07 3.56292512e-03 3.56292512e-03 1.89109232e-03 1.26183352e-17 8.93785395e-03 2.57117687e-02 6.59865610e-03 2.41275133e-02 2.88390338e-02 2.59445748e-02 2.13671690e-02
4.86486486e-02 -2.06697975e+01 -2.06697975e+01 -2.50725137e-02 -6.80089439e-03 -6.80089428e-03 7.13254574e+01 7.13254574e+01 1.03529081e+02 1.73372523e+02 2.03863763e+02 2.88439140e+02 3.18837069e+02 3.91209090e+02 4.80468193e+02 5.81155947e+02 6.90316586e+02 2.47322253e-16 1.14139538e-15 1.58146742e-05 2.62086087e-27 1.53901054e-27 6.90661644e-45 4.95969859e-27 9.99952986e-01 8.39908696e-16 9.97692635e-01 8.32139780e-01 6.24577513e-01 9.68705994e-01 9.93719471e-01 9.98529031e-01 9.99609840e-01 2.05375085e-18 5.86899219e-18 1.40808814e-06 3.39725510e-07 3.39725510e-07 3.56292512e-03 3.56292512e-03 1.89745720e-03 2.50681813e-17 8.97376108e-03 2.57565781e-02 6.58741008e-03 2.41691526e-02 2.88228247e-02 2.58992060e-02 2.13244183e-02
4.87987988e-02 -2.06697975e+01 -2.06697975e+01 -2.50725147e-02 -6.80090162e-03 -6.80089516e-03 7.13254574e+01 7.13254574e+01 1.03526366e+02 1.73372523e+02 2.03834359e+02 2.88316351e+02 3.18849590e+02 3.91058221e+02 4.80310445e+02 5.81053865e+02 6.90259114e+02 4.28407613e-16 8.14909717e-16 1.58634849e-05 2.19131613e-16 6.26860175e-14 6.51587684e-17 3.74642698e-28 9.99952670e-01 5.14069571e-16 9.97674943e-01 8.32657087e-01 6.24336862e-01 9.68438007e-01 9.93711566e-01 9.98532700e-01 9.99611235e-01 4.62557513e-18 8.20628311e-18 1.40808814e-06 3.39725510e-07 3.39725510e-07 3.56292512e-03 3.56292512e-03 1.90382698e-03 1.28763557e-17 9.00974217e-03 2.58012428e-02 6.57619148e-03 2.42101959e-02 2.88059575e-02 2.58536868e-02 2.12817151e-02
4.89489489e-02 -2.06697975e+01 -2.06697975e+01 -2.50725138e-02 -6.80089800e-03 -6.80088925e-03 7.13254574e+01 7.13254574e+01 1.03523641e+02 1.73372523e+02 2.03804805e+02 2.88193231e+02 3.18862075e+02 3.90907192e+02 4.80153306e+02 5.80952436e+02 6.90202043e+02 4.71880471e-16 1.35391725e-15 1.59122957e-05 3.23579015e-14 1.39387381e-16 2.31544915e-24 3.10768972e-16 9.99952353e-01 6.09750458e-16 9.97657155e-01 8.33174818e-01 6.24096261e-01 9.68168954e-01 9.93703987e-01 9.98536393e-01 9.99612627e-01 4.33790046e-18 1.11383229e-17 1.40808814e-06 3.39725510e-07 3.39725510e-07 3.56292512e-03 3.56292512e-03 1.91020167e-03 2.13992652e-17 9.04579733e-03 2.58457604e-02 6.56500020e-03 2.42506416e-02 2.87884401e-02 2.58080230e-02 2.12390613e-02
4.90990991e-02 -2.06697975e+01 -2.06697975e+01 -2.50725148e-02 -6.80089921e-03 -6.80089342e-03 7.13254574e+01 7.13254574e+01 1.03520906e+02 1.73372523e+02 2.03775100e+02 2.88069781e+02 3.18874526e+02 3.90756011e+02 4.79996779e+02 5.80851656e+02 6.90145370e+02 3.56961599e-16 2.18104117e-16 1.59611064e-05 2.85702875e-16 6.30911208e-14 4.55129483e-16 2.30583868e-24 9.99952035e-01 2.68381956e-16 9.97639272e-01 8.33692962e-01 6.23855711e-01 9.67898846e-01 9.93696732e-01 9.98540112e-01 9.99614017e-01 9.71746317e-18 4.74283977e-18 1.40808814e-06 3.39725510e-07 3.39725510e-07 3.56292512e-03 3.56292512e-03 1.91658129e-03 1.27793295e-17 9.08192666e-03 2.58901284e-02 6.55383617e-03 2.42904881e-02 2.87702805e-02 2.57622202e-02 2.11964585e-02
4.92492492e-02 -2.06697975e+01 -2.06697975e+01 -2.50725146e-02 -6.80089176e-03 -6.80088926e-03 7.13254574e+01 7.13254574e+01 1.03518162e+02 1.73372523e+02 2.03745244e+02 2.87946002e+02 3.18886943e+02 3.90604682e+02 4.79840867e+02 5.80751521e+02 6.90089091e+02 4.26938362e-16 6.71413896e-16 1.60099171e-05 6.32878732e-14 6.31406776e-16 3.72184234e-28 7.45208749e-17 9.99951716e-01 3.51786202e-16 9.97621293e-01 8.34211505e-01 6.23615210e-01 9.67627694e-01 9.93689799e-01 9.98543854e-01 9.99615404e-01 2.31609588e-17 1.50905526e-17 1.40808814e-06 3.39725510e-07 3.39725510e-07 3.56292512e-03 3.56292512e-03 1.92296586e-03 1.54146470e-17 9.11813024e-03 2.59343442e-02 6.54269929e-03 2.43297340e-02 2.87514866e-02 2.57162840e-02 2.11539086e-02
4.93993994e-02 -2.06697975e+01 -2.06697975e+01 -2.50725143e-02 -6.80089773e-03 -6.80088461e-03 7.13254574e+01 7.13254574e+01 1.03515407e+02 1.73372523e+02 2.03715237e+02 2.87821897e+02 3.18899325e+02 3.90453213e+02 4.79685575e+02 5.80652029e+02 6.90033204e+02 6.23351968e-16 1.01618256e-15 1.60587278e-05 3.26329362e-14 3.76387356e-17 2.73616728e-16 3.72101053e-28 9.99951395e-01 1.23323968e-15 9.97603218e-01 8.34730437e-01 6.23374760e-01 9.67355511e-01 9.93683187e-01 9.98547619e-01 9.99616789e-01 1.17943556e-17 1.08268204e-17 1.40808814e-06 3.39725510e-07 3.39725510e-07 3.56292512e-03 3.56292512e-03 1.92935538e-03 1.12885268e-17 9.15440817e-03 2.59784053e-02 6.53158947e-03 2.43683780e-02 2.87320664e-02 2.56702201e-02 2.11114131e-02
4.95495495e-02 -2.06697975e+01 -2.06697975e+01 -2.50725147e-02 -6.80090442e-03 -6.80089715e-03 7.13254574e+01 7.13254574e+01 1.03512642e+02 1.73372523e+02 2.03685076e+02 2.87697465e+02 3.18911673e+02 3.90301609e+02 4.79530904e+02 5.80553176e+02 6.89977706e+02 2.66549904e-16 6.25889958e-16 1.61075386e-05 2.26180479e-16 6.36520395e-14 2.28891938e-24 3.84579687e-16 9.99951073e-01 3.14628553e-16 9.97585047e-01 8.35249744e-01 6.23134359e-01 9.67082309e-01 9.93676895e-01 9.98551407e-01 9.99618170e-01 3.45680138e-18 6.66830617e-19 1.40808814e-06 3.39725510e-07 3.39725510e-07 3.56292512e-03 3.56292512e-03 1.93574989e-03 4.66231401e-18 9.19076054e-03 2.60223092e-02 6.52050662e-03 2.44064188e-02 2.87120280e-02 2.56240338e-02 2.10689737e-02
4.96996997e-02 -2.06697975e+01 -2.06697975e+01 -2.50725136e-02 -6.80089914e-03 -6.80089897e-03 7.13254574e+01 7.13254574e+01 1.03509867e+02 1.73372523e+02 2.03654762e+02 2.87572709e+02 3.18923988e+02 3.90149878e+02 4.79376859e+02 5.80454959e+02 6.89922593e+02 2.97428212e-16 6.74130178e-16 1.61563493e-05 4.15044516e-15 3.25986079e-14 3.70483475e-28 1.19954035e-16 9.99950749e-01 7.26057644e-16 9.97566779e-01 8.35769413e-01 6.22894009e-01 9.66808100e-01 9.93670922e-01 9.98555216e-01 9.99619549e-01 9.56776700e-18 1.99244216e-18 1.40808814e-06 3.39725510e-07 3.39725510e-07 3.56292512e-03 3.56292512e-03 1.94214940e-03 2.17668293e-17 9.22718743e-03 2.60660535e-02 6.50945067e-03 2.44438553e-02 2.86913792e-02 2.55777304e-02 2.10265920e-02
4.98498498e-02 -2.06697975e+01 -2.06697975e+01 -2.50725145e-02 -6.80089082e-03 -6.80088672e-03 7.13254574e+01 7.13254574e+01 1.03507083e+02 1.73372523e+02 2.03624295e+02 2.87447630e+02 3.18936268e+02 3.89998025e+02 4.79223441e+02 5.80357374e+02 6.89867863e+02 5.49385673e-16 3.74413018e-16 1.62051600e-05 3.65014933e-16 6.40884673e-14 3.47404948e-16 3.68953859e-28 9.99950424e-01 1.02230466e-15 9.97548414e-01 8.36289433e-01 6.22653708e-01 9.66532895e-01 9.93665264e-01 9.98559046e-01 9.99620924e-01 1.16264514e-17 1.02865316e-17 1.40808814e-06 3.39725510e-07 3.39725510e-07 3.56292512e-03 3.56292512e-03 1.94855393e-03 2.42024607e-18 9.26368892e-03 2.61096356e-02 6.49842152e-03 2.44806864e-02 2.86701281e-02 2.55313153e-02 2.09842695e-02
5.00000000e-02 -2.06697975e+01 -2.06697975e+01 -2.50725139e-02 -6.80090515e-03 -6.80088678e-03 7.13254574e+01 7.13254574e+01 1.03504288e+02 1.73372523e+02 2.03593673e+02 2.87322230e+02 3.18948515e+02 3.89846056e+02 4.79070654e+02 5.80260418e+02 6.89813512e+02 2.99276091e-16 6.24424962e-16 1.62539707e-05 7.82106174e-17 3.30437257e-14 3.68879424e-28 2.92806386e-16 9.99950098e-01 3.34301623e-16 9.97529952e-01 8.36809790e-01 6.22413456e-01 9.66256709e-01 9.93659922e-01 9.98562895e-01 9.99622297e-01 7.31281334e-18 1.06939103e-17 1.40808814e-06 3.39725510e-07 3.39725510e-07 3.56292512e-03 3.56292512e-03 1.95496349e-03 7.94293792e-18 9.30026508e-03 2.61530529e-02 6.48741908e-03 2.45169110e-02 2.86482827e-02 2.54847936e-02 2.09420077e-02
5.01501502e-02 -2.06697975e+01 -2.06697975e+01 -2.50725139e-02 -6.80090539e-03 -6.80089950e-03 7.13254574e+01 7.13254574e+01 1.03501483e+02 1.73372523e+02 2.03562896e+02 2.87196510e+02 3.18960728e+02 3.89693980e+02 4.78918500e+02 5.80164088e+02 6.89759538e+02 4.87619900e-16 3.87899181e-16 1.63027814e-05 3.31642623e-14 1.70734791e-16 3.68082458e-28 3.14916581e-16 9.99949771e-01 8.38901845e-16 9.97511392e-01 8.37330471e-01 6.22173255e-01 9.65979554e-01 9.93654893e-01 9.98566764e-01 9.99623666e-01 2.20784557e-18 5.08500336e-18 1.40808814e-06 3.39725510e-07 3.39725510e-07 3.56292512e-03 3.56292512e-03 1.96137810e-03 1.67764777e-17 9.33691599e-03 2.61963030e-02 6.47644327e-03 2.45525284e-02 2.86258510e-02 2.54381705e-02 2.08998082e-02
5.03003003e-02 -2.06697975e+01 -2.06697975e+01 -2.50725140e-02 -6.80090522e-03 -6.80089663e-03 7.13254574e+01 7.13254574e+01 1.03498668e+02 1.73372523e+02 2.03531963e+02 2.87070471e+02 3.18972907e+02 3.89541800e+02 4.78766983e+02 5.80068380e+02 6.89705938e+02 6.78949258e-16 2.59594518e-16 1.63515922e-05 4.89652588e-14 1.64938081e-16 2.26337866e-24 3.15278703e-16 9.99949442e-01 6.98864727e-16 9.97492735e-01 8.37851464e-01 6.21933103e-01 9.65701442e-01 9.93650175e-01 9.98570652e-01 9.99625033e-01 3.83799475e-18 9.29006262e-18 1.40808814e-06 3.39725510e-07 3.39725510e-07 3.56292512e-03 3.56292512e-03 1.96779778e-03 2.16856800e-17 9.37364171e-03 2.62393834e-02 6.46549401e-03 2.45875378e-02 2.86028410e-02 2.53914508e-02 2.08576723e-02
5.04504505e-02 -2.06697975e+01 -2.06697975e+01 -2.50725148e-02 -6.80089881e-03 -6.80089364e-03 7.13254574e+01 7.13254574e+01 1.03495843e+02 1.73372523e+02 2.03500874e+02 2.86944116e+02 3.18985053e+02 3.89389525e+02 4.78616104e+02 5.79973292e+02 6.89652708e+02 5.84755916e-16 6.86370507e-16 1.64004029e-05 3.33766432e-14 1.34460821e-16 3.10450855e-16 3.66498614e-28 9.99949112e-01 5.10790154e-16 9.97473979e-01 8.38372755e-01 6.21693000e-01 9.65422386e-01 9.93645766e-01 9.98574558e-01 9.99626396e-01 5.23046804e-18 2.17372377e-17 1.40808814e-06 3.39725510e-07 3.39725510e-07 3.56292512e-03 3.56292512e-03 1.97422254e-03 1.41106167e-17 9.41044230e-03 2.62822916e-02 6.45457120e-03 2.46219383e-02 2.85792606e-02 2.53446395e-02 2.08156014e-02
5.06006006e-02 -2.06697975e+01 -2.06697975e+01 -2.50725135e-02 -6.80089433e-03 -6.80088899e-03 7.13254574e+01 7.13254574e+01 1.03493008e+02 1.73372523e+02 2.03469628e+02 2.86817445e+02 3.18997166e+02 3.89237159e+02 4.78465866e+02 5.79878818e+02 6.89599846e+02 9.60310059e-16 3.06727015e-16 1.64492136e-05 6.50461768e-14 2.44133397e-16 3.64991872e-28 2.48910798e-16 9.99948781e-01 4.11244094e-16 9.97455126e-01 8.38894331e-01 6.21452947e-01 9.65142400e-01 9.93641666e-01 9.98578480e-01 9.99627756e-01 4.29709354e-19 7.13084007e-19 1.40808814e-06 3.39725510e-07 3.39725510e-07 3.56292512e-03 3.56292512e-03 1.98065242e-03 1.12714193e-17 9.44731784e-03 2.63250250e-02 6.44367476e-03 2.46557294e-02 2.85551179e-02 2.52977415e-02 2.07735970e-02
5.07507508e-02 -2.06697975e+01 -2.06697975e+01 -2.50725139e-02 -6.80090154e-03 -6.80089958e-03 7.13254574e+01 7.13254574e+01 1.03490163e+02 1.73372523e+02 2.03438225e+02 2.86690461e+02 3.19009246e+02 3.89084711e+02 4.78316270e+02 5.79784957e+02 6.89547349e+02 5.65931545e-16 3.83078207e-16 1.64980243e-05 3.35393017e-14 4.08697210e-16 2.24922971e-24 1.09658191e-16 9.99948448e-01 4.27021385e-16 9.97436174e-01 8.39416180e-01 6.21212943e-01 9.64861497e-01 9.93637870e-01 9.98582420e-01 9.99629112e-01 1.60478868e-17 7.28996135e-18 1.40808814e-06 3.39725510e-07 3.39725510e-07 3.56292512e-03 3.56292512e-03 1.98708741e-03 5.95202618e-19 9.48426836e-03 2.63675811e-02 6.43280461e-03 2.46889106e-02 2.85304207e-02 2.52507615e-02 2.07316602e-02
5.09009009e-02 -2.06697975e+01 -2.06697975e+01 -2.50725154e-02 -6.80089805e-03 -6.80089041e-03 7.13254574e+01 7.13254574e+01 1.03487308e+02 1.73372523e+02 2.03406663e+02 2.86563164e+02 3.19021293e+02 3.88932185e+02 4.78167320e+02 5.79691704e+02 6.89495214e+02 8.27749392e-17 5.35175871e-16 1.65468351e-05 6.54014801e-14 2.11477357e-16 2.24017159e-24 2.98059558e-16 9.99948114e-01 3.66910394e-16 9.97417123e-01 8.39938288e-01 6.20972989e-01 9.64579691e-01 9.93634379e-01 9.98586374e-01 9.99630465e-01 2.48899891e-19 1.52428124e-17 1.40808814e-06 3.39725510e-07 3.39725510e-07 3.56292512e-03 3.56292512e-03 1.99352755e-03 1.70437912e-17 9.52129393e-03 2.64099575e-02 6.42196067e-03 2.47214814e-02 2.85051771e-02 2.52037042e-02 2.06897925e-02
5.10510511e-02 -2.06697975e+01 -2.06697975e+01 -2.50725132e-02 -6.80089442e-03 -6.80088992e-03 7.13254574e+01 7.13254574e+01 1.03484443e+02 1.73372523e+02 2.03374942e+02 2.86435558e+02 3.19033306e+02 3.88779589e+02 4.78019017e+02 5.79599056e+02 6.89443438e+02 2.91987010e-16 3.84775773e-16 1.65956458e-05 3.41706588e-16 6.55523841e-14 3.62654913e-28 4.07601812e-16 9.99947779e-01 5.64364214e-16 9.97397973e-01 8.40460641e-01 6.20733084e-01 9.64296994e-01 9.93631189e-01 9.98590345e-01 9.99631815e-01 8.66876978e-18 1.32257824e-17 1.40808814e-06 3.39725510e-07 3.39725510e-07 3.56292512e-03 3.56292512e-03 1.99997285e-03 2.17292478e-17 9.55839459e-03 2.64521516e-02 6.41114284e-03 2.47534415e-02 2.84793950e-02 2.51565741e-02 2.06479950e-02
5.12012012e-02 -2.06697975e+01 -2.06697975e+01 -2.50725144e-02 -6.80089929e-03 -6.80088925e-03 7.13254574e+01 7.13254574e+01 1.03481567e+02 1.73372523e+02 2.03343062e+02 2.86307642e+02 3.19045287e+02 3.88626928e+02 4.77871364e+02 5.79507010e+02 6.89392019e+02 3.79663397e-16 3.21384360e-16 1.66444565e-05 3.38718489e-14 5.71351824e-17 2.23349718e-24 1.34057301e-16 9.99947442e-01 1.10193504e-15 9.97378724e-01 8.40983226e-01 6.20493228e-01 9.64013422e-01 9.93628298e-01 9.98594329e-01 9.99633161e-01 1.78690110e-17 4.86213396e-18 1.40808814e-06 3.39725510e-07 3.39725510e-07 3.56292512e-03 3.56292512e-03 2.00642332e-03 1.44379841e-17 9.59557038e-03 2.64941610e-02 6.40035104e-03 2.47847906e-02 2.84530824e-02 2.51093758e-02 2.06062690e-02
5.13513514e-02 -2.06697975e+01 -2.06697975e+01 -2.50725142e-02 -6.80090293e-03 -6.80089013e-03 7.13254574e+01 7.13254574e+01 1.03478682e+02 1.73372523e+02 2.03311021e+02 2.86179420e+02 3.19057236e+02 3.88474210e+02 4.77724361e+02 5.79415562e+02 6.89340953e+02 1.05107542e-15 1.29664634e-15 1.66932672e-05 4.00578971e-17 3.39792507e-14 1.21919446e-16 3.61827340e-28 9.99947104e-01 9.74379557e-16 9.97359375e-01 8.41506029e-01 6.20253421e-01 9.63728987e-01 9.93625705e-01 9.98598328e-01 9.99634503e-01 1.41843316e-17 3.27717444e-18 1.40808814e-06 3.39725510e-07 3.39725510e-07 3.56292512e-03 3.56292512e-03 2.01287899e-03 4.96329337e-18 9.63282135e-03 2.65359831e-02 6.38958520e-03 2.48155285e-02 2.84262470e-02 2.50621138e-02 2.05646156e-02
5.15015015e-02 -2.06697975e+01 -2.06697975e+01 -2.50725135e-02 -6.80089484e-03 -6.80089112e-03 7.13254574e+01 7.13254574e+01 1.03475786e+02 1.73372523e+02 2.03278820e+02 2.86050893e+02 3.19069151e+02 3.88321439e+02 4.77578010e+02 5.79324709e+02 6.89290238e+02 2.09346268e-16 6.41138148e-16 1.67420779e-05 4.45269392e-16 6.62293880e-14 3.60347906e-28 1.54035469e-16 9.99946764e-01 4.49732576e-16 9.97339927e-01 8.42029038e-01 6.20013664e-01 9.63443704e-01 9.93623407e-01 9.98602339e-01 9.99635842e-01 2.41884255e-18 1.15370006e-17 1.40808814e-06 3.39725510e-07 3.39725510e-07 3.56292512e-03 3.56292512e-03 2.01933987e-03 1.66113087e-17 9.67014752e-03 2.65776155e-02 6.37884523e-03 2.48456551e-02 2.83988969e-02 2.50147923e-02 2.05230361e-02
5.16516517e-02 -2.06697975e+01 -2.06697975e+01 -2.50725133e-02 -6.80089442e-03 -6.80089023e-03 7.13254574e+01 7.13254574e+01 1.03472880e+02 1.73372523e+02 2.03246457e+02 2.85922063e+02 3.19081035e+02 3.88168624e+02 4.77432314e+02 5.79234447e+02 6.89239871e+02 1.57266530e-16 3.44459309e-16 1.67908887e-05 3.12059814e-16 6.63598758e-14 9.45624211e-17 2.23971569e-24 9.99946423e-01 7.70645290e-16 9.97320378e-01 8.42552238e-01 6.19773955e-01 9.63157587e-01 9.93621402e-01 9.98606363e-01 9.99637178e-01 5.27467764e-19 5.04344368e-18 1.40808814e-06 3.39725510e-07 3.39725510e-07 3.56292512e-03 3.56292512e-03 2.02580598e-03 1.17689822e-17 9.70754893e-03 2.66190556e-02 6.36813104e-03 2.48751705e-02 2.83710399e-02 2.49674156e-02 2.04815315e-02
5.18018018e-02 -2.06697975e+01 -2.06697975e+01 -2.50725146e-02 -6.80089875e-03 -6.80088949e-03 7.13254574e+01 7.13254574e+01 1.03469963e+02 1.73372523e+02 2.03213933e+02 2.85792931e+02 3.19092885e+02 3.88015769e+02 4.77287273e+02 5.79144772e+02 6.89189850e+02 8.80221442e-16 2.72390077e-16 1.68396994e-05 5.03614311e-14 1.20202171e-16 3.60312265e-28 1.45807536e-16 9.99946081e-01 3.37003973e-16 9.97300730e-01 8.43075616e-01 6.19534296e-01 9.62870651e-01 9.93619687e-01 9.98610400e-01 9.99638509e-01 2.10130430e-18 2.72450938e-18 1.40808814e-06 3.39725510e-07 3.39725510e-07 3.56292512e-03 3.56292512e-03 2.03227734e-03 9.07121181e-18 9.74502559e-03 2.66603011e-02 6.35744255e-03 2.49040747e-02 2.83426838e-02 2.49199879e-02 2.04401030e-02
5.19519520e-02 -2.06697975e+01 -2.06697975e+01 -2.50725140e-02 -6.80089885e-03 -6.80088744e-03 7.13254574e+01 7.13254574e+01 1.03467037e+02 1.73372523e+02 2.03181245e+02 2.85663499e+02 3.19104704e+02 3.87862881e+02 4.77142889e+02 5.79055682e+02 6.89140171e+02 5.24018212e-16 1.02422072e-15 1.68885101e-05 5.35282586e-17 3.43269874e-14 3.59917346e-28 5.32209337e-16 9.99945738e-01 7.35221605e-16 9.97280980e-01 8.43599157e-01 6.19294685e-01 9.62582909e-01 9.93618261e-01 9.98614447e-01 9.99639837e-01 1.57115164e-17 1.47635873e-17 1.40808814e-06 3.39725510e-07 3.39725510e-07 3.56292512e-03 3.56292512e-03 2.03875396e-03 1.40243066e-18 9.78257754e-03 2.67013493e-02 6.34677968e-03 2.49323679e-02 2.83138365e-02 2.48725134e-02 2.03987515e-02
5.21021021e-02 -2.06697975e+01 -2.06697975e+01 -2.50725147e-02 -6.80091187e-03 -6.80090824e-03 7.13254574e+01 7.13254574e+01 1.03464100e+02 1.73372523e+02 2.03148394e+02 2.85533770e+02 3.19116491e+02 3.87709967e+02 4.76999164e+02 5.78967173e+02 6.89090832e+02 3.89750130e-16 2.06676330e-16 1.69373208e-05 4.66089469e-16 6.69573191e-14 2.22478803e-24 1.98714770e-16 9.99945393e-01 8.02088532e-16 9.97261131e-01 8.44122849e-01 6.19055123e-01 9.62294376e-01 9.93617121e-01 9.98618506e-01 9.99641161e-01 1.69831329e-17 2.05604130e-18 1.40808814e-06 3.39725510e-07 3.39725510e-07 3.56292512e-03 3.56292512e-03 2.04523587e-03 3.76100324e-17 9.82020479e-03 2.67421979e-02 6.33614235e-03 2.49600503e-02 2.82845057e-02 2.48249961e-02 2.03574781e-02
5.22522523e-02 -2.06697975e+01 -2.06697975e+01 -2.50725147e-02 -6.80088911e-03 -6.80088898e-03 7.13254574e+01 7.13254574e+01 1.03461153e+02 1.73372523e+02 2.03115379e+02 2.85403745e+02 3.19128245e+02 3.87557032e+02 4.76856098e+02 5.78879241e+02 6.89041830e+02 2.71799547e-16 3.31304433e-16 1.69861316e-05 1.11554534e-14 6.62348816e-14 1.01827192e-16 3.57725122e-28 9.99945047e-01 5.77585761e-16 9.97241180e-01 8.44646677e-01 6.18815610e-01 9.62005067e-01 9.93616264e-01 9.98622574e-01 9.99642481e-01 3.53948264e-19 9.48698672e-18 1.40808814e-06 3.39725510e-07 3.39725510e-07 3.56292512e-03 3.56292512e-03 2.05172308e-03 3.17156359e-18 9.85790734e-03 2.67828444e-02 6.32553048e-03 2.49871224e-02 2.82546992e-02 2.47774400e-02 2.03162839e-02
5.24024024e-02 -2.06697975e+01 -2.06697975e+01 -2.50725134e-02 -6.80090622e-03 -6.80088708e-03 7.13254574e+01 7.13254574e+01 1.03458196e+02 1.73372523e+02 2.03082199e+02 2.85273427e+02 3.19139968e+02 3.87404084e+02 4.76713692e+02 5.78791882e+02 6.88993162e+02 3.38811578e-16 5.93445206e-16 1.70349423e-05 1.38503106e-16 5.09826607e-14 2.21684767e-24 1.75776553e-16 9.99944699e-01 1.13953492e-15 9.97221128e-01 8.45170626e-01 6.18576146e-01 9.61714997e-01 9.93615688e-01 9.98626652e-01 9.99643798e-01 3.06576173e-18 5.48808681e-18 1.40808814e-06 3.39725510e-07 3.39725510e-07 3.56292512e-03 3.56292512e-03 2.05821561e-03 4.47741749e-18 9.89568521e-03 2.68232863e-02 6.31494398e-03 2.50135845e-02 2.82244248e-02 2.47298489e-02 2.02751698e-02
5.25525526e-02 -2.06697975e+01 -2.06697975e+01 -2.50725139e-02 -6.80090134e-03 -6.80088322e-03 7.13254574e+01 7.13254574e+01 1.03455229e+02 1.73372523e+02 2.03048854e+02 2.85142816e+02 3.19151659e+02 3.87251127e+02 4.76571948e+02 5.78705094e+02 6.88944826e+02 7.08032400e-16 7.92710895e-16 1.70837530e-05 6.31741161e-17 3.47705109e-14 3.05673187e-16 3.56954192e-28 9.99944350e-01 3.49008456e-16 9.97200975e-01 8.45694685e-01 6.18336731e-01 9.61424181e-01 9.93615391e-01 9.98630740e-01 9.99645110e-01 7.84568690e-18 8.20951519e-18 1.40808814e-06 3.39725510e-07 3.39725510e-07 3.56292512e-03 3.56292512e-03 2.06471349e-03 1.38156820e-19 9.93353839e-03 2.68635212e-02 6.30438277e-03 2.50394372e-02 2.81936901e-02 2.46822267e-02 2.02341367e-02
5.27027027e-02 -2.06697975e+01 -2.06697975e+01 -2.50725143e-02 -6.80089885e-03 -6.80089777e-03 7.13254574e+01 7.13254574e+01 1.03452251e+02 1.73372523e+02 2.03015342e+02 2.85011916e+02 3.19163319e+02 3.87098169e+02 4.76430866e+02 5.78618873e+02 6.88896820e+02 1.08631803e-15 3.60554071e-16 1.71325637e-05 7.03931046e-16 3.48509539e-14 2.32295670e-16 3.56221462e-28 9.99944000e-01 3.85297338e-16 9.97180720e-01 8.46218837e-01 6.18097364e-01 9.61132633e-01 9.93615370e-01 9.98634835e-01 9.99646418e-01 6.91893447e-19 2.48098145e-18 1.40808814e-06 3.39725510e-07 3.39725510e-07 3.56292512e-03 3.56292512e-03 2.07121671e-03 3.89804300e-18 9.97146688e-03 2.69035466e-02 6.29384678e-03 2.50646810e-02 2.81625028e-02 2.46345771e-02 2.01931855e-02
5.28528529e-02 -2.06697975e+01 -2.06697975e+01 -2.50725133e-02 -6.80089439e-03 -6.80089428e-03 7.13254574e+01 7.13254574e+01 1.03449262e+02 1.73372523e+02 2.02981664e+02 2.84880728e+02 3.19174946e+02 3.86945216e+02 4.76290448e+02 5.78533215e+02 6.88849140e+02 7.98194678e-16 4.52013763e-16 1.71813745e-05 2.49612420e-27 1.46576322e-27 6.88783501e-45 4.72364779e-27 9.99943648e-01 1.03176467e-15 9.97160363e-01 8.46743069e-01 6.17858047e-01 9.60840368e-01 9.93615623e-01 9.98638939e-01 9.99647723e-01 9.33399957e-19 7.05751035e-18 1.40808814e-06 3.39725510e-07 3.39725510e-07 3.56292512e-03 3.56292512e-03 2.07772532e-03 2.18919375e-17 1.00094707e-02 2.69433601e-02 6.28333592e-03 2.50893166e-02 2.81308705e-02 2.45869038e-02 2.01523172e-02
5.30030030e-02 -2.06697975e+01 -2.06697975e+01 -2.50725143e-02 -6.80090040e-03 -6.80089134e-03 7.13254574e+01 7.13254574e+01 1.03446264e+02 1.73372523e+02 2.02947818e+02 2.84749254e+02 3.19186543e+02 3.86792273e+02 4.76150693e+02 5.78448117e+02 6.88801785e+02 3.03288775e-16 6.46700998e-16 1.72301852e-05 3.50866738e-14 1.16379447e-16 3.16667255e-16 3.54765612e-28 9.99943295e-01 7.67003538e-16 9.97139905e-01 8.47267367e-01 6.17618777e-01 9.60547403e-01 9.93616147e-01 9.98643050e-01 9.99649023e-01 9.34957960e-18 8.12783960e-19 1.40808814e-06 3.39725510e-07 3.39725510e-07 3.56292512e-03 3.56292512e-03 2.08423931e-03 1.59521014e-17 1.00475498e-02 2.69829593e-02 6.27285011e-03 2.51133448e-02 2.80988009e-02 2.45392105e-02 2.01115325e-02
5.31531532e-02 -2.06697975e+01 -2.06697975e+01 -2.50725144e-02 -6.80089482e-03 -6.80089194e-03 7.13254574e+01 7.13254574e+01 1.03443255e+02 1.73372523e+02 2.02913805e+02 2.84617496e+02 3.19198108e+02 3.86639347e+02 4.76011603e+02 5.78363575e+02 6.88754750e+02 7.34520253e-16 4.44847236e-16 1.72789959e-05 2.59884598e-16 3.50640593e-14 2.45294349e-16 3.54042476e-28 9.99942940e-01 4.15090041e-16 9.97119344e-01 8.47791717e-01 6.17379557e-01 9.60253751e-01 9.93616939e-01 9.98647168e-01 9.99650320e-01 1.50083630e-17 1.12043460e-17 1.40808814e-06 3.39725510e-07 3.39725510e-07 3.56292512e-03 3.56292512e-03 2.09075872e-03 6.56587429e-18 1.00857041e-02 2.70223416e-02 6.26238928e-03 2.51367665e-02 2.80663014e-02 2.44915006e-02 2.00708324e-02
5.33033033e-02 -2.06697975e+01 -2.06697975e+01 -2.50725134e-02 -6.80089856e-03 -6.80087607e-03 7.13254574e+01 7.13254574e+01 1.03440236e+02 1.73372523e+02 2.02879622e+02 2.84485457e+02 3.19209642e+02 3.86486444e+02 4.75873178e+02 5.78279585e+02 6.88708035e+02 2.82900155e-16 4.29605796e-16 1.73278066e-05 3.52439197e-14 1.17447721e-16 1.46712912e-16 3.53322521e-28 9.99942584e-01 5.99714246e-16 9.97098681e-01 8.48316104e-01 6.17140385e-01 9.59959430e-01 9.93617997e-01 9.98651293e-01 9.99651612e-01 7.78753692e-18 1.15207556e-17 1.40808814e-06 3.39725510e-07 3.39725510e-07 3.56292512e-03 3.56292512e-03 2.09728356e-03 2.41388481e-17 1.01239337e-02 2.70615049e-02 6.25195334e-03 2.51595826e-02 2.80333797e-02 2.44437777e-02 2.00302176e-02
5.34534535e-02 -2.06697975e+01 -2.06697975e+01 -2.50725146e-02 -6.80090291e-03 -6.80089650e-03 7.13254574e+01 7.13254574e+01 1.03437206e+02 1.73372523e+02 2.02845270e+02 2.84353139e+02 3.19221145e+02 3.86333569e+02 4.75735418e+02 5.78196146e+02 6.88661636e+02 2.65336001e-16 2.11110637e-16 1.73766173e-05 1.83359129e-16 6.86768048e-14 2.19596961e-16 2.18179084e-24 9.99942227e-01 5.87816293e-16 9.97077916e-01 8.48840514e-01 6.16901261e-01 9.59664453e-01 9.93619319e-01 9.98655423e-01 9.99652901e-01 4.21486079e-19 1.94896446e-18 1.40808814e-06 3.39725510e-07 3.39725510e-07 3.56292512e-03 3.56292512e-03 2.10381384e-03 3.10696683e-18 1.01622385e-02 2.71004465e-02 6.24154222e-03 2.51817940e-02 2.80000431e-02 2.43960451e-02 1.99896889e-02
5.36036036e-02 -2.06697975e+01 -2.06697975e+01 -2.50725146e-02 -6.80090862e-03 -6.80089112e-03 7.13254574e+01 7.13254574e+01 1.03434166e+02 1.73372523e+02 2.02810748e+02 2.84220543e+02 3.19232616e+02 3.86180730e+02 4.75598324e+02 5.78113252e+02 6.88615551e+02 1.08580409e-15 1.02514405e-15 1.74254281e-05 5.57930020e-17 3.54767118e-14 2.35018267e-16 3.51892119e-28 9.99941868e-01 5.26526103e-16 9.97057047e-01 8.49364933e-01 6.16662186e-01 9.59368837e-01 9.93620900e-01 9.98659559e-01 9.99654185e-01 7.19543055e-18 1.83376449e-17 1.40808814e-06 3.39725510e-07 3.39725510e-07 3.56292512e-03 3.56292512e-03 2.11034959e-03 7.84322066e-18 1.02006185e-02 2.71391641e-02 6.23115583e-03 2.52034019e-02 2.79662992e-02 2.43483061e-02 1.99492471e-02
5.37537538e-02 -2.06697975e+01 -2.06697975e+01 -2.50725140e-02 -6.80089439e-03 -6.80089428e-03 7.13254574e+01 7.13254574e+01 1.03431116e+02 1.73372523e+02 2.02776056e+02 2.84087673e+02 3.19244057e+02 3.86027932e+02 4.75461896e+02 5.78030900e+02 6.88569778e+02 6.39312901e-16 1.90108858e-16 1.74742388e-05 2.46897183e-27 1.44981892e-27 6.87822718e-45 4.67226484e-27 9.99941508e-01 9.98566967e-16 9.97036076e-01 8.49889347e-01 6.16423160e-01 9.59072598e-01 9.93622740e-01 9.98663700e-01 9.99655465e-01 1.64769030e-17 2.28155929e-18 1.40808814e-06 3.39725510e-07 3.39725510e-07 3.56292512e-03 3.56292512e-03 2.11689082e-03 6.13152650e-18 1.02390737e-02 2.71776554e-02 6.22079410e-03 2.52244075e-02 2.79321553e-02 2.43005641e-02 1.99088929e-02
5.39039039e-02 -2.06697975e+01 -2.06697975e+01 -2.50725145e-02 -6.80089516e-03 -6.80089243e-03 7.13254574e+01 7.13254574e+01 1.03428055e+02 1.73372523e+02 2.02741192e+02 2.83954530e+02 3.19255467e+02 3.85875181e+02 4.75326134e+02 5.77949088e+02 6.88524313e+02 2.43974013e-16 5.08555884e-16 1.75230495e-05 3.56076277e-14 3.37611838e-16 3.51807733e-28 1.25957235e-16 9.99941146e-01 1.01417960e-15 9.97015002e-01 8.50413740e-01 6.16184181e-01 9.58775751e-01 9.93624835e-01 9.98667845e-01 9.99656740e-01 8.26880470e-18 9.73247364e-18 1.40808814e-06 3.39725510e-07 3.39725510e-07 3.56292512e-03 3.56292512e-03 2.12343756e-03 4.14851706e-17 1.02776039e-02 2.72159180e-02 6.21045695e-03 2.52448119e-02 2.78976187e-02 2.42528223e-02 1.98686270e-02
5.40540541e-02 -2.06697975e+01 -2.06697975e+01 -2.50725146e-02 -6.80090690e-03 -6.80089319e-03 7.13254574e+01 7.13254574e+01 1.03424983e+02 1.73372523e+02 2.02706155e+02 2.83821116e+02 3.19266847e+02 3.85722483e+02 4.75191039e+02 5.77867811e+02 6.88479155e+02 4.46853920e-16 6.96431979e-16 1.75718602e-05 1.02175460e-16 6.94207902e-14 3.06494591e-16 3.50424468e-28 9.99940783e-01 3.86026651e-16 9.96993824e-01 8.50938100e-01 6.15945252e-01 9.58478311e-01 9.93627182e-01 9.98671994e-01 9.99658012e-01 7.57861506e-18 2.35627506e-17 1.40808814e-06 3.39725510e-07 3.39725510e-07 3.56292512e-03 3.56292512e-03 2.12998982e-03 5.58159649e-18 1.03162092e-02 2.72539494e-02 6.20014430e-03 2.52646166e-02 2.78626968e-02 2.42050838e-02 1.98284500e-02
5.42042042e-02 -2.06697975e+01 -2.06697975e+01 -2.50725132e-02 -6.80089820e-03 -6.80088583e-03 7.13254574e+01 7.13254574e+01 1.03421901e+02 1.73372523e+02 2.02670946e+02 2.83687434e+02 3.19278196e+02 3.85569844e+02 4.75056609e+02 5.77787065e+02 6.88434302e+02 1.51151165e-16 2.70017107e-16 1.76206710e-05 1.13618851e-16 6.96202780e-14 9.44362123e-17 3.49732420e-28 9.99940419e-01 1.46689772e-15 9.96972543e-01 8.51462410e-01 6.15706370e-01 9.58180296e-01 9.93629779e-01 9.98676147e-01 9.99659279e-01 1.19339857e-18 1.00717679e-18 1.40808814e-06 3.39725510e-07 3.39725510e-07 3.56292512e-03 3.56292512e-03 2.13654761e-03 3.44526684e-17 1.03548895e-02 2.72917474e-02 6.18985607e-03 2.52838228e-02 2.78273969e-02 2.41573516e-02 1.97883628e-02
5.43543544e-02 -2.06697975e+01 -2.06697975e+01 -2.50725145e-02 -6.80089318e-03 -6.80087991e-03 7.13254574e+01 7.13254574e+01 1.03418809e+02 1.73372523e+02 2.02635563e+02 2.83553486e+02 3.19289514e+02 3.85417269e+02 4.74922846e+02 5.77706849e+02 6.88389749e+02 2.91958960e-16 1.17087630e-15 1.76694817e-05 6.98675183e-14 1.42262200e-16 3.49043456e-28 4.26617893e-16 9.99940053e-01 6.85268539e-16 9.96951158e-01 8.51986657e-01 6.15467538e-01 9.57881720e-01 9.93632622e-01 9.98680302e-01 9.99660542e-01 1.07073820e-17 1.13324860e-18 1.40808814e-06 3.39725510e-07 3.39725510e-07 3.56292512e-03 3.56292512e-03 2.14311097e-03 1.69447806e-17 1.03936447e-02 2.73293096e-02 6.17959219e-03 2.53024322e-02 2.77917261e-02 2.41096288e-02 1.97483658e-02
5.45045045e-02 -2.06697975e+01 -2.06697975e+01 -2.50725143e-02 -6.80090445e-03 -6.80089710e-03 7.13254574e+01 7.13254574e+01 1.03415706e+02 1.73372523e+02 2.02600007e+02 2.83419275e+02 3.19300803e+02 3.85264766e+02 4.74789749e+02 5.77627157e+02 6.88345496e+02 9.64861806e-16 6.05519623e-16 1.77182924e-05 7.00255024e-14 3.18564623e-16 2.17666609e-24 1.53003163e-16 9.99939686e-01 4.17990681e-16 9.96929670e-01 8.52510827e-01 6.15228753e-01 9.57582601e-01 9.93635710e-01 9.98684461e-01 9.99661801e-01 5.79834572e-18 9.68219455e-18 1.40808814e-06 3.39725510e-07 3.39725510e-07 3.56292512e-03 3.56292512e-03 2.14967990e-03 8.36455956e-18 1.04324748e-02 2.73666337e-02 6.16935258e-03 2.53204461e-02 2.77556915e-02 2.40619183e-02 1.97084598e-02
5.46546547e-02 -2.06697975e+01 -2.06697975e+01 -2.50725147e-02 -6.80089439e-03 -6.80089428e-03 7.13254574e+01 7.13254574e+01 1.03412592e+02 1.73372523e+02 2.02564275e+02 2.83284803e+02 3.19312061e+02 3.85112339e+02 4.74657318e+02 5.77547988e+02 6.88301540e+02 2.47775930e-16 1.76965391e-16 1.77671031e-05 2.44178946e-27 1.43385701e-27 6.86689471e-45 4.62082512e-27 9.99939317e-01 1.12376428e-15 9.96908078e-01 8.53034904e-01 6.14990017e-01 9.57282954e-01 9.93639038e-01 9.98688621e-01 9.99663056e-01 5.53400485e-19 3.87638912e-18 1.40808814e-06 3.39725510e-07 3.39725510e-07 3.56292512e-03 3.56292512e-03 2.15625442e-03 2.64971490e-17 1.04713796e-02 2.74037173e-02 6.15913717e-03 2.53378664e-02 2.77193004e-02 2.40142231e-02 1.96686452e-02
5.48048048e-02 -2.06697975e+01 -2.06697975e+01 -2.50725141e-02 -6.80089330e-03 -6.80088852e-03 7.13254574e+01 7.13254574e+01 1.03409468e+02 1.73372523e+02 2.02528368e+02 2.83150072e+02 3.19323288e+02 3.84959994e+02 4.74525552e+02 5.77469336e+02 6.88257879e+02 1.51710045e-16 5.13796394e-16 1.78159138e-05 7.04461114e-14 3.06526871e-16 1.97045743e-16 2.03946773e-24 9.99938947e-01 5.18521920e-16 9.96886382e-01 8.53558874e-01 6.14751329e-01 9.56982795e-01 9.93642605e-01 9.98692784e-01 9.99664306e-01 5.09154855e-18 5.06580254e-18 1.40808814e-06 3.39725510e-07 3.39725510e-07 3.56292512e-03 3.56292512e-03 2.16283456e-03 1.93866728e-17 1.05103592e-02 2.74405582e-02 6.14894587e-03 2.53546945e-02 2.76825597e-02 2.39665460e-02 1.96289228e-02
5.49549550e-02 -2.06697975e+01 -2.06697975e+01 -2.50725139e-02 -6.80090002e-03 -6.80088755e-03 7.13254574e+01 7.13254574e+01 1.03406334e+02 1.73372523e+02 2.02492284e+02 2.83015085e+02 3.19334486e+02 3.84807738e+02 4.74394451e+02 5.77391200e+02 6.88214510e+02 3.13223049e-16 2.27395219e-16 1.78647246e-05 7.06375141e-14 2.20651040e-16 2.20457393e-16 3.30386330e-28 9.99938575e-01 6.13518743e-16 9.96864581e-01 8.54082723e-01 6.14512689e-01 9.56682140e-01 9.93646408e-01 9.98696947e-01 9.99665552e-01 4.28350556e-18 4.71684032e-18 1.40808814e-06 3.39725510e-07 3.39725510e-07 3.56292512e-03 3.56292512e-03 2.16942032e-03 2.45417998e-17 1.05494134e-02 2.74771540e-02 6.13877861e-03 2.53709324e-02 2.76454765e-02 2.39188897e-02 1.95892929e-02
5.51051051e-02 -2.06697975e+01 -2.06697975e+01 -2.50725146e-02 -6.80089439e-03 -6.80089428e-03 7.13254574e+01 7.13254574e+01 1.03403189e+02 1.73372523e+02 2.02456024e+02 2.82879844e+02 3.19345654e+02 3.84655575e+02 4.74264015e+02 5.77313574e+02 6.88171430e+02 9.95562048e-16 2.23479641e-16 1.79135353e-05 2.42820123e-27 1.42587779e-27 6.86061379e-45 4.59511085e-27 9.99938202e-01 1.43824502e-15 9.96842676e-01 8.54606436e-01 6.14274097e-01 9.56381007e-01 9.93650444e-01 9.98701112e-01 9.99666793e-01 1.04206856e-17 7.11032949e-18 1.40808814e-06 3.39725510e-07 3.39725510e-07 3.56292512e-03 3.56292512e-03 2.17601174e-03 6.75466245e-18 1.05885421e-02 2.75135024e-02 6.12863531e-03 2.53865819e-02 2.76080577e-02 2.38712569e-02 1.95497563e-02
5.52552553e-02 -2.06697975e+01 -2.06697975e+01 -2.50725145e-02 -6.80088631e-03 -6.80088413e-03 7.13254574e+01 7.13254574e+01 1.03400033e+02 1.73372523e+02 2.02419585e+02 2.82744352e+02 3.19356792e+02 3.84503512e+02 4.74134243e+02 5.77236457e+02 6.88128638e+02 6.47409371e-16 2.72571322e-16 1.79623460e-05 1.63910756e-16 1.21912284e-14 9.95459419e-17 3.30706594e-28 9.99937828e-01 3.56136672e-16 9.96820667e-01 8.55129998e-01 6.14035554e-01 9.56079411e-01 9.93654709e-01 9.98705277e-01 9.99668030e-01 1.19007061e-17 6.06917109e-19 1.40808814e-06 3.39725510e-07 3.39725510e-07 3.56292512e-03 3.56292512e-03 2.18260883e-03 1.33899487e-17 1.06277452e-02 2.75496013e-02 6.11851591e-03 2.54016448e-02 2.75703103e-02 2.38236504e-02 1.95103133e-02
5.54054054e-02 -2.06697975e+01 -2.06697975e+01 -2.50725131e-02 -6.80089301e-03 -6.80088925e-03 7.13254574e+01 7.13254574e+01 1.03396866e+02 1.73372523e+02 2.02382969e+02 2.82608611e+02 3.19367901e+02 3.84351554e+02 4.74005134e+02 5.77159845e+02 6.88086132e+02 8.64757394e-16 1.09201851e-15 1.80111567e-05 2.23441621e-14 1.25893523e-16 1.63156579e-22 1.54668080e-16 9.99937452e-01 1.21375257e-15 9.96798554e-01 8.55653396e-01 6.13797059e-01 9.55777368e-01 9.93659201e-01 9.98709443e-01 9.99669263e-01 2.76196244e-18 4.56159770e-18 1.40808814e-06 3.39725510e-07 3.39725510e-07 3.56292512e-03 3.56292512e-03 2.18921160e-03 3.82858933e-17 1.06670227e-02 2.75854483e-02 6.10842032e-03 2.54161231e-02 2.75322410e-02 2.37760726e-02 1.94709646e-02
5.55555556e-02 -2.06697975e+01 -2.06697975e+01 -2.50725148e-02 -6.80088435e-03 -6.80088422e-03 7.13254574e+01 7.13254574e+01 1.03393689e+02 1.73372523e+02 2.02346173e+02 2.82472624e+02 3.19378979e+02 3.84199707e+02 4.73876688e+02 5.77083733e+02 6.88043909e+02 3.80169624e-16 4.93348151e-16 1.80599675e-05 2.02631317e-15 1.21092791e-14 1.40738205e-16 3.29385523e-28 9.99937075e-01 9.40556366e-16 9.96776335e-01 8.56176614e-01 6.13558612e-01 9.55474896e-01 9.93663917e-01 9.98713608e-01 9.99670491e-01 1.30805356e-17 5.36107916e-18 1.40808814e-06 3.39725510e-07 3.39725510e-07 3.56292512e-03 3.56292512e-03 2.19582007e-03 1.91642243e-17 1.07063744e-02 2.76210412e-02 6.09834847e-03 2.54300190e-02 2.74938567e-02 2.37285262e-02 1.94317104e-02
5.57057057e-02 -2.06697975e+01 -2.06697975e+01 -2.50725139e-02 -6.80088822e-03 -6.80088714e-03 7.13254574e+01 7.13254574e+01 1.03390501e+02 1.73372523e+02 2.02309198e+02 2.82336393e+02 3.19390029e+02 3.84047977e+02 4.73748904e+02 5.77008120e+02 6.88001966e+02 4.28110541e-16 3.29709043e-16 1.81087782e-05 2.45625161e-16 1.22869510e-14 3.28729385e-28 2.19559512e-16 9.99936696e-01 1.23399893e-15 9.96754012e-01 8.56699638e-01 6.13320214e-01 9.55172010e-01 9.93668855e-01 9.98717772e-01 9.99671715e-01 1.19960882e-17 9.45110114e-19 1.40808814e-06 3.39725510e-07 3.39725510e-07 3.56292512e-03 3.56292512e-03 2.20243427e-03 6.94056250e-18 1.07458001e-02 2.76563778e-02 6.08830028e-03 2.54433344e-02 2.74551640e-02 2.36810137e-02 1.93925514e-02
5.58558559e-02 -2.06697975e+01 -2.06697975e+01 -2.50725140e-02 -6.80090733e-03 -6.80089428e-03 7.13254574e+01 7.13254574e+01 1.03387303e+02 1.73372523e+02 2.02272043e+02 2.82199921e+02 3.19401049e+02 3.83896368e+02 4.73621782e+02 5.76933001e+02 6.87960302e+02 1.21058976e-15 5.18038112e-16 1.81575889e-05 7.66814480e-17 2.25013468e-14 1.57668610e-16 3.27398792e-28 9.99936316e-01 5.96028819e-16 9.96731584e-01 8.57222452e-01 6.13081863e-01 9.54868728e-01 9.93674011e-01 9.98721936e-01 9.99672935e-01 1.78411894e-17 9.05469818e-19 1.40808814e-06 3.39725510e-07 3.39725510e-07 3.56292512e-03 3.56292512e-03 2.20905422e-03 4.40826440e-18 1.07852999e-02 2.76914559e-02 6.07827569e-03 2.54560716e-02 2.74161698e-02 2.36335375e-02 1.93534879e-02
5.60060060e-02 -2.06697975e+01 -2.06697975e+01 -2.50725129e-02 -6.80089772e-03 -6.80089137e-03 7.13254574e+01 7.13254574e+01 1.03384094e+02 1.73372523e+02 2.02234706e+02 2.82063211e+02 3.19412039e+02 3.83744887e+02 4.73495319e+02 5.76858374e+02 6.87918915e+02 7.34577053e-16 2.56298877e-16 1.82063996e-05 2.26385690e-14 1.19563334e-16 3.26749732e-28 2.80870937e-16 9.99935934e-01 9.89754003e-16 9.96709051e-01 8.57745044e-01 6.12843561e-01 9.54565066e-01 9.93679382e-01 9.98726098e-01 9.99674150e-01 1.45758359e-17 1.00818190e-17 1.40808814e-06 3.39725510e-07 3.39725510e-07 3.56292512e-03 3.56292512e-03 2.21567992e-03 1.60361064e-18 1.08248735e-02 2.77262732e-02 6.06827461e-03 2.54682329e-02 2.73768806e-02 2.35860999e-02 1.93145205e-02
5.61561562e-02 -2.06697975e+01 -2.06697975e+01 -2.50725142e-02 -6.80090723e-03 -6.80090263e-03 7.13254574e+01 7.13254574e+01 1.03380874e+02 1.73372523e+02 2.02197187e+02 2.81926264e+02 3.19423001e+02 3.83593538e+02 4.73369517e+02 5.76784234e+02 6.87877802e+02 7.87506971e-16 6.23451731e-16 1.82552103e-05 1.24542476e-14 6.71553090e-17 3.49896607e-16 4.75078684e-30 9.99935551e-01 2.44333659e-16 9.96686413e-01 8.58267398e-01 6.12605307e-01 9.54261040e-01 9.93684966e-01 9.98730259e-01 9.99675360e-01 5.04666461e-18 7.08385346e-18 1.40808814e-06 3.39725510e-07 3.39725510e-07 3.56292512e-03 3.56292512e-03 2.22231140e-03 3.02111431e-18 1.08645208e-02 2.77608277e-02 6.05829697e-03 2.54798204e-02 2.73373029e-02 2.35387033e-02 1.92756493e-02
5.63063063e-02 -2.06697975e+01 -2.06697975e+01 -2.50725141e-02 -6.80089671e-03 -6.80089566e-03 7.13254574e+01 7.13254574e+01 1.03377644e+02 1.73372523e+02 2.02159486e+02 2.81789085e+02 3.19433933e+02 3.83442328e+02 4.73244372e+02 5.76710579e+02 6.87836960e+02 4.63238114e-16 3.66451363e-16 1.83040211e-05 2.65432169e-16 1.24361035e-14 2.82870508e-16 3.10522662e-28 9.99935166e-01 3.56998849e-16 9.96663670e-01 8.58789499e-01 6.12367101e-01 9.53956667e-01 9.93690759e-01 9.98734418e-01 9.99676566e-01 9.07077351e-18 1.01218006e-17 1.40808814e-06 3.39725510e-07 3.39725510e-07 3.56292512e-03 3.56292512e-03 2.22894868e-03 1.36779522e-17 1.09042417e-02 2.77951170e-02 6.04834271e-03 2.54908366e-02 2.72974433e-02 2.34913500e-02 1.92368750e-02
5.64564565e-02 -2.06697975e+01 -2.06697975e+01 -2.50725136e-02 -6.80090025e-03 -6.80089109e-03 7.13254574e+01 7.13254574e+01 1.03374402e+02 1.73372523e+02 2.02121602e+02 2.81651676e+02 3.19444836e+02 3.83291262e+02 4.73119885e+02 5.76637405e+02 6.87796389e+02 3.61571233e-16 6.84402585e-16 1.83528318e-05 1.14840168e-16 1.24093020e-14 3.09889342e-28 2.20510317e-16 9.99934780e-01 1.20190866e-15 9.96640822e-01 8.59311333e-01 6.12128943e-01 9.53651964e-01 9.93696759e-01 9.98738574e-01 9.99677768e-01 9.35701313e-18 3.01216289e-18 1.40808814e-06 3.39725510e-07 3.39725510e-07 3.56292512e-03 3.56292512e-03 2.23559178e-03 1.37821653e-17 1.09440361e-02 2.78291392e-02 6.03841174e-03 2.55012840e-02 2.72573082e-02 2.34440421e-02 1.91981977e-02
5.66066066e-02 -2.06697975e+01 -2.06697975e+01 -2.50725148e-02 -6.80089588e-03 -6.80089469e-03 7.13254574e+01 7.13254574e+01 1.03371150e+02 1.73372523e+02 2.02083534e+02 2.81514038e+02 3.19455711e+02 3.83140345e+02 4.72996054e+02 5.76564710e+02 6.87756085e+02 5.29353610e-16 6.33849407e-16 1.84016425e-05 2.28061162e-14 4.12548769e-16 3.08582355e-28 3.13493148e-16 9.99934392e-01 9.44375173e-16 9.96617868e-01 8.59832886e-01 6.11890833e-01 9.53346948e-01 9.93702963e-01 9.98742728e-01 9.99678965e-01 3.66401560e-18 9.33121715e-18 1.40808814e-06 3.39725510e-07 3.39725510e-07 3.56292512e-03 3.56292512e-03 2.24224071e-03 8.26057445e-18 1.09839036e-02 2.78628919e-02 6.02850399e-03 2.55111650e-02 2.72169041e-02 2.33967820e-02 1.91596180e-02
5.67567568e-02 -2.06697975e+01 -2.06697975e+01 -2.50725152e-02 -6.80090479e-03 -6.80089357e-03 7.13254574e+01 7.13254574e+01 1.03367887e+02 1.73372523e+02 2.02045281e+02 2.81376176e+02 3.19466556e+02 3.82989582e+02 4.72872878e+02 5.76492488e+02 6.87716047e+02 5.85595908e-16 7.09865280e-16 1.84504532e-05 5.10294586e-17 2.28623843e-14 3.07955876e-28 1.43431707e-16 9.99934003e-01 5.35634845e-16 9.96594809e-01 8.60354143e-01 6.11652771e-01 9.53041635e-01 9.93709368e-01 9.98746879e-01 9.99680157e-01 2.58007215e-18 1.62034158e-17 1.40808814e-06 3.39725510e-07 3.39725510e-07 3.56292512e-03 3.56292512e-03 2.24889550e-03 1.30974947e-17 1.10238443e-02 2.78963733e-02 6.01861940e-03 2.55204821e-02 2.71762372e-02 2.33495716e-02 1.91211360e-02
5.69069069e-02 -2.06697975e+01 -2.06697975e+01 -2.50725139e-02 -6.80089561e-03 -6.80087599e-03 7.13254574e+01 7.13254574e+01 1.03364614e+02 1.73372523e+02 2.02006843e+02 2.81238092e+02 3.19477373e+02 3.82838978e+02 4.72750356e+02 5.76420739e+02 6.87676273e+02 1.22844755e-15 4.76889514e-16 1.84992640e-05 7.59165749e-17 5.18377728e-15 3.07669156e-28 5.18724530e-17 9.99933613e-01 1.02982494e-15 9.96571645e-01 8.60875089e-01 6.11414757e-01 9.52736042e-01 9.93715971e-01 9.98751026e-01 9.99681345e-01 2.20013807e-17 4.06270937e-18 1.40808814e-06 3.39725510e-07 3.39725510e-07 3.56292512e-03 3.56292512e-03 2.25555616e-03 1.08860334e-17 1.10638579e-02 2.79295810e-02 6.00875788e-03 2.55292380e-02 2.71353137e-02 2.33024132e-02 1.90827522e-02
5.70570571e-02 -2.06697975e+01 -2.06697975e+01 -2.50725140e-02 -6.80089472e-03 -6.80089312e-03 7.13254574e+01 7.13254574e+01 1.03361329e+02 1.73372523e+02 2.01968219e+02 2.81099788e+02 3.19488162e+02 3.82688540e+02 4.72628486e+02 5.76349457e+02 6.87636760e+02 4.44290353e-16 1.99542706e-16 1.85480747e-05 1.25764815e-14 1.95231218e-16 3.07384009e-28 1.01451174e-16 9.99933221e-01 3.37549132e-16 9.96548375e-01 8.61395710e-01 6.11176792e-01 9.52430186e-01 9.93722769e-01 9.98755170e-01 9.99682529e-01 1.34852799e-17 3.78532726e-18 1.40808814e-06 3.39725510e-07 3.39725510e-07 3.56292512e-03 3.56292512e-03 2.26222271e-03 2.38786802e-18 1.11039443e-02 2.79625131e-02 5.99891937e-03 2.55374353e-02 2.70941400e-02 2.32553086e-02 1.90444669e-02
5.72072072e-02 -2.06697975e+01 -2.06697975e+01 -2.50725143e-02 -6.80089910e-03 -6.80089092e-03 7.13254574e+01 7.13254574e+01 1.03358034e+02 1.73372523e+02 2.01929408e+02 2.80961268e+02 3.19498922e+02 3.82538271e+02 4.72507267e+02 5.76278641e+02 6.87597506e+02 2.14027406e-16 1.94920500e-15 1.85968854e-05 1.06424148e-16 2.30445724e-14 2.26726566e-16 3.06093112e-28 9.99932827e-01 4.89959771e-16 9.96525000e-01 8.61915992e-01 6.10938874e-01 9.52124083e-01 9.93729759e-01 9.98759310e-01 9.99683708e-01 7.23076177e-18 5.60467104e-18 1.40808814e-06 3.39725510e-07 3.39725510e-07 3.56292512e-03 3.56292512e-03 2.26889517e-03 1.74366155e-17 1.11441033e-02 2.79951675e-02 5.98910379e-03 2.55450767e-02 2.70527222e-02 2.32082599e-02 1.90062802e-02
5.73573574e-02 -2.06697975e+01 -2.06697975e+01 -2.50725139e-02 -6.80091186e-03 -6.80089617e-03 7.13254574e+01 7.13254574e+01 1.03354727e+02 1.73372523e+02 2.01890410e+02 2.80822534e+02 3.19509653e+02 3.82388177e+02 4.72386698e+02 5.76208286e+02 6.87558510e+02 4.87274877e-16 1.29153120e-15 1.86456961e-05 2.31236838e-14 3.62279204e-17 3.05477715e-28 1.61227343e-16 9.99932432e-01 6.88189863e-16 9.96501520e-01 8.62435920e-01 6.10701005e-01 9.51817751e-01 9.93736938e-01 9.98763446e-01 9.99684882e-01 3.37421606e-18 4.04785959e-18 1.40808814e-06 3.39725510e-07 3.39725510e-07 3.56292512e-03 3.56292512e-03 2.27557356e-03 2.46142586e-17 1.11843346e-02 2.80275422e-02 5.97931108e-03 2.55521651e-02 2.70110663e-02 2.31612690e-02 1.89681926e-02
5.75075075e-02 -2.06697975e+01 -2.06697975e+01 -2.50725142e-02 -6.80090189e-03 -6.80090068e-03 7.13254574e+01 7.13254574e+01 1.03351410e+02 1.73372523e+02 2.01851223e+02 2.80683589e+02 3.19520356e+02 3.82238263e+02 4.72266778e+02 5.76138389e+02 6.87519769e+02 4.69402544e-16 6.48558312e-16 1.86945068e-05 5.24055938e-15 1.19269896e-16 3.05199556e-28 8.56542820e-17 9.99932036e-01 6.79512569e-16 9.96477933e-01 8.62955479e-01 6.10463184e-01 9.51511206e-01 9.93744304e-01 9.98767578e-01 9.99686052e-01 1.76711216e-17 4.09035559e-18 1.40808814e-06 3.39725510e-07 3.39725510e-07 3.56292512e-03 3.56292512e-03 2.28225790e-03 1.69806627e-17 1.12246381e-02 2.80596350e-02 5.96954116e-03 2.55587032e-02 2.69691784e-02 2.31143379e-02 1.89302042e-02
5.76576577e-02 -2.06697975e+01 -2.06697975e+01 -2.50725147e-02 -6.80089911e-03 -6.80089642e-03 7.13254574e+01 7.13254574e+01 1.03348082e+02 1.73372523e+02 2.01811848e+02 2.80544437e+02 3.19531031e+02 3.82088534e+02 4.72147503e+02 5.76068948e+02 6.87481282e+02 5.16040430e-16 5.06034906e-16 1.87433176e-05 2.32431673e-14 3.16111730e-16 3.04255151e-28 3.02774057e-16 9.99931637e-01 6.28961794e-16 9.96454242e-01 8.63474656e-01 6.10225411e-01 9.51204464e-01 9.93751854e-01 9.98771704e-01 9.99687218e-01 9.95843874e-18 3.83493398e-18 1.40808814e-06 3.39725510e-07 3.39725510e-07 3.56292512e-03 3.56292512e-03 2.28894820e-03 7.59201313e-18 1.12650136e-02 2.80914441e-02 5.95979396e-03 2.55646939e-02 2.69270643e-02 2.30674683e-02 1.88923153e-02
5.78078078e-02 -2.06697975e+01 -2.06697975e+01 -2.50725145e-02 -6.80089644e-03 -6.80089473e-03 7.13254574e+01 7.13254574e+01 1.03344743e+02 1.73372523e+02 2.01772283e+02 2.80405079e+02 3.19541678e+02 3.81938995e+02 4.72028875e+02 5.75999959e+02 6.87443045e+02 6.71515703e-16 1.58238061e-15 1.87921283e-05 2.33092630e-14 3.10779165e-16 2.99806317e-16 3.03647965e-28 9.99931238e-01 9.58651157e-16 9.96430445e-01 8.63993437e-01 6.09987685e-01 9.50897544e-01 9.93759584e-01 9.98775826e-01 9.99688379e-01 1.28633050e-17 1.58478697e-17 1.40808814e-06 3.39725510e-07 3.39725510e-07 3.56292512e-03 3.56292512e-03 2.29564449e-03 3.09454454e-17 1.13054609e-02 2.81229675e-02 5.95006942e-03 2.55701402e-02 2.68847301e-02 2.30206620e-02 1.88545262e-02
5.79579580e-02 -2.06697975e+01 -2.06697975e+01 -2.50725143e-02 -6.80089004e-03 -6.80088785e-03 7.13254574e+01 7.13254574e+01 1.03341393e+02 1.73372523e+02 2.01732528e+02 2.80265520e+02 3.19552297e+02 3.81789650e+02 4.71910889e+02 5.75931420e+02 6.87405058e+02 2.61138020e-16 5.23295478e-16 1.88409390e-05 2.31763359e-16 2.33424162e-14 1.98681029e-16 3.03043495e-28 9.99930837e-01 9.43995401e-16 9.96406542e-01 8.64511806e-01 6.09750008e-01 9.50590461e-01 9.93767491e-01 9.98779942e-01 9.99689535e-01 9.14096003e-18 5.16747320e-18 1.40808814e-06 3.39725510e-07 3.39725510e-07 3.56292512e-03 3.56292512e-03 2.30234679e-03 2.23852930e-17 1.13459797e-02 2.81542030e-02 5.94036745e-03 2.55750451e-02 2.68421816e-02 2.29739209e-02 1.88168370e-02
5.81081081e-02 -2.06697975e+01 -2.06697975e+01 -2.50725143e-02 -6.80090487e-03 -6.80088600e-03 7.13254574e+01 7.13254574e+01 1.03338032e+02 1.73372523e+02 2.01692581e+02 2.80125761e+02 3.19562888e+02 3.81640506e+02 4.71793546e+02 5.75863325e+02 6.87367319e+02 4.37638426e-16 8.72786267e-16 1.88897497e-05 8.40808979e-17 1.28553156e-14 1.65510831e-16 3.03105799e-28 9.99930434e-01 4.63740612e-16 9.96382533e-01 8.65029749e-01 6.09512379e-01 9.50283232e-01 9.93775574e-01 9.98784053e-01 9.99690687e-01 1.56427076e-18 1.19095030e-17 1.40808814e-06 3.39725510e-07 3.39725510e-07 3.56292512e-03 3.56292512e-03 2.30905511e-03 3.62789799e-18 1.13865699e-02 2.81851489e-02 5.93068799e-03 2.55794114e-02 2.67994244e-02 2.29272466e-02 1.87792480e-02
5.82582583e-02 -2.06697975e+01 -2.06697975e+01 -2.50725140e-02 -6.80089344e-03 -6.80089028e-03 7.13254574e+01 7.13254574e+01 1.03334661e+02 1.73372523e+02 2.01652443e+02 2.79985807e+02 3.19573451e+02 3.81491566e+02 4.71676842e+02 5.75795674e+02 6.87329825e+02 4.26091617e-16 1.20549580e-15 1.89385605e-05 2.34686744e-14 1.51525681e-16 3.01842665e-28 1.29442085e-16 9.99930030e-01 2.77701041e-16 9.96358420e-01 8.65547253e-01 6.09274799e-01 9.49975874e-01 9.93783829e-01 9.98788158e-01 9.99691834e-01 1.44093663e-17 4.13496968e-17 1.40808814e-06 3.39725510e-07 3.39725510e-07 3.56292512e-03 3.56292512e-03 2.31576947e-03 1.35446074e-19 1.14272311e-02 2.82158032e-02 5.92103098e-03 2.55832425e-02 2.67564645e-02 2.28806408e-02 1.87417594e-02
5.84084084e-02 -2.06697975e+01 -2.06697975e+01 -2.50725132e-02 -6.80089435e-03 -6.80089430e-03 7.13254574e+01 7.13254574e+01 1.03331278e+02 1.73372523e+02 2.01612113e+02 2.79845659e+02 3.19583987e+02 3.81342835e+02 4.71560777e+02 5.75728462e+02 6.87292574e+02 1.17922274e-15 2.14845706e-15 1.89873712e-05 1.66404908e-14 1.66404998e-14 5.10085823e-20 1.88016894e-17 9.99929624e-01 1.14442951e-15 9.96334200e-01 8.66064303e-01 6.09037266e-01 9.49668404e-01 9.93792252e-01 9.98792257e-01 9.99692977e-01 3.46458284e-17 1.83107361e-17 1.40808814e-06 3.39725510e-07 3.39725510e-07 3.56292512e-03 3.56292512e-03 2.32248989e-03 1.56792684e-17 1.14679632e-02 2.82461640e-02 5.91139633e-03 2.55865413e-02 2.67133072e-02 2.28341052e-02 1.87043713e-02
5.85585586e-02 -2.06697975e+01 -2.06697975e+01 -2.50725135e-02 -6.80090610e-03 -6.80089823e-03 7.13254574e+01 7.13254574e+01 1.03327884e+02 1.73372523e+02 2.01571590e+02 2.79705321e+02 3.19594495e+02 3.81194318e+02 4.71445349e+02 5.75661686e+02 6.87255565e+02 1.08775052e-15 5.99873699e-16 1.90361819e-05 7.86358691e-17 1.29340859e-14 3.01312944e-28 2.16461948e-16 9.99929217e-01 3.63543138e-16 9.96309876e-01 8.66580885e-01 6.08799781e-01 9.49360838e-01 9.93800843e-01 9.98796350e-01 9.99694115e-01 4.06961053e-18 3.66172221e-18 1.40808814e-06 3.39725510e-07 3.39725510e-07 3.56292512e-03 3.56292512e-03 2.32921640e-03 5.43856501e-18 1.15087659e-02 2.82762293e-02 5.90178399e-03 2.55893110e-02 2.66699584e-02 2.27876412e-02 1.86670839e-02
5.87087087e-02 -2.06697975e+01 -2.06697975e+01 -2.50725144e-02 -6.80090000e-03 -6.80089201e-03 7.13254574e+01 7.13254574e+01 1.03324479e+02 1.73372523e+02 2.01530872e+02 2.79564797e+02 3.19604975e+02 3.81046019e+02 4.71330555e+02 5.75595344e+02 6.87218795e+02 7.14175684e-16 2.31958034e-16 1.90849926e-05 1.11682185e-16 2.36720979e-14 3.00061550e-28 8.54858527e-17 9.99928808e-01 2.94583827e-16 9.96285446e-01 8.67096986e-01 6.08562345e-01 9.49053193e-01 9.93809597e-01 9.98800436e-01 9.99695249e-01 1.23146300e-17 4.03436344e-18 1.40808814e-06 3.39725510e-07 3.39725510e-07 3.56292512e-03 3.56292512e-03 2.33594900e-03 1.36886608e-17 1.15496389e-02 2.83059974e-02 5.89219388e-03 2.55915549e-02 2.66264234e-02 2.27412505e-02 1.86298973e-02
5.88588589e-02 -2.06697975e+01 -2.06697975e+01 -2.50725137e-02 -6.80088480e-03 -6.80087974e-03 7.13254574e+01 7.13254574e+01 1.03321063e+02 1.73372523e+02 2.01489960e+02 2.79424089e+02 3.19615428e+02 3.80897944e+02 4.71216395e+02 5.75529432e+02 6.87182264e+02 7.54379306e-16 3.45459070e-16 1.91338033e-05 7.33095292e-17 2.37179679e-14 2.99473172e-28 3.03087075e-16 9.99928398e-01 1.43557864e-15 9.96260910e-01 8.67612590e-01 6.08324956e-01 9.48745486e-01 9.93818511e-01 9.98804516e-01 9.99696378e-01 3.22011575e-18 5.91287607e-18 1.40808814e-06 3.39725510e-07 3.39725510e-07 3.56292512e-03 3.56292512e-03 2.34268772e-03 2.69006007e-17 1.15905820e-02 2.83354663e-02 5.88262593e-03 2.55932761e-02 2.65827077e-02 2.26949346e-02 1.85928118e-02
5.90090090e-02 -2.06697975e+01 -2.06697975e+01 -2.50725140e-02 -6.80089439e-03 -6.80089428e-03 7.13254574e+01 7.13254574e+01 1.03317636e+02 1.73372523e+02 2.01448853e+02 2.79283199e+02 3.19625853e+02 3.80750096e+02 4.71102865e+02 5.75463948e+02 6.87145968e+02 8.14752899e-17 1.35700326e-16 1.91826141e-05 2.31130701e-27 1.35723567e-27 6.79095200e-45 4.37390106e-27 9.99927986e-01 1.07584368e-15 9.96236269e-01 8.68127684e-01 6.08087616e-01 9.48437734e-01 9.93827584e-01 9.98808588e-01 9.99697502e-01 1.42864973e-18 4.21836875e-18 1.40808814e-06 3.39725510e-07 3.39725510e-07 3.56292512e-03 3.56292512e-03 2.34943258e-03 1.60155887e-17 1.16315949e-02 2.83646343e-02 5.87308008e-03 2.55944781e-02 2.65388168e-02 2.26486950e-02 1.85558274e-02
5.91591592e-02 -2.06697975e+01 -2.06697975e+01 -2.50725137e-02 -6.80090351e-03 -6.80089995e-03 7.13254574e+01 7.13254574e+01 1.03314198e+02 1.73372523e+02 2.01407550e+02 2.79142133e+02 3.19636252e+02 3.80602481e+02 4.70989964e+02 5.75398887e+02 6.87109906e+02 9.86972328e-16 8.72244918e-16 1.92314248e-05 2.38941735e-14 1.08211209e-16 2.98304346e-28 1.30447205e-16 9.99927573e-01 1.91545490e-15 9.96211524e-01 8.68642255e-01 6.07850324e-01 9.48129952e-01 9.93836811e-01 9.98812653e-01 9.99698622e-01 2.34851055e-18 1.06621084e-17 1.40808814e-06 3.39725510e-07 3.39725510e-07 3.56292512e-03 3.56292512e-03 2.35618359e-03 5.78631109e-17 1.16726773e-02 2.83934996e-02 5.86355626e-03 2.55951641e-02 2.64947559e-02 2.26025330e-02 1.85189442e-02
5.93093093e-02 -2.06697975e+01 -2.06697975e+01 -2.50725143e-02 -6.80090327e-03 -6.80089418e-03 7.13254574e+01 7.13254574e+01 1.03310749e+02 1.73372523e+02 2.01366050e+02 2.79000891e+02 3.19646623e+02 3.80455102e+02 4.70877690e+02 5.75334248e+02 6.87074077e+02 1.86834304e-16 3.92486394e-16 1.92802355e-05 8.88931734e-17 5.00961819e-14 1.45330036e-22 3.90885260e-16 9.99927158e-01 8.70806335e-16 9.96186672e-01 8.69156288e-01 6.07613080e-01 9.47822158e-01 9.93846191e-01 9.98816711e-01 9.99699738e-01 9.01386657e-19 1.63291739e-17 1.40808814e-06 3.39725510e-07 3.39725510e-07 3.56292512e-03 3.56292512e-03 2.36294079e-03 1.00522938e-19 1.17138289e-02 2.84220603e-02 5.85405439e-03 2.55953375e-02 2.64505303e-02 2.25564501e-02 1.84821624e-02
5.94594595e-02 -2.06697975e+01 -2.06697975e+01 -2.50725137e-02 -6.80089040e-03 -6.80088405e-03 7.13254574e+01 7.13254574e+01 1.03307288e+02 1.73372523e+02 2.01324353e+02 2.78859479e+02 3.19656967e+02 3.80307964e+02 4.70766041e+02 5.75270027e+02 6.87038477e+02 3.94006141e-16 4.14903012e-16 1.93290462e-05 1.86237323e-16 5.02051861e-14 2.98452126e-28 1.25676700e-16 9.99926741e-01 2.03562278e-16 9.96161716e-01 8.69669769e-01 6.07375884e-01 9.47514369e-01 9.93855721e-01 9.98820762e-01 9.99700849e-01 1.75383266e-17 9.77782052e-18 1.40808814e-06 3.39725510e-07 3.39725510e-07 3.56292512e-03 3.56292512e-03 2.36970417e-03 3.13209606e-18 1.17550495e-02 2.84503147e-02 5.84457442e-03 2.55950017e-02 2.64061452e-02 2.25104477e-02 1.84454821e-02
5.96096096e-02 -2.06697975e+01 -2.06697975e+01 -2.50725139e-02 -6.80090578e-03 -6.80089289e-03 7.13254574e+01 7.13254574e+01 1.03303817e+02 1.73372523e+02 2.01282458e+02 2.78717898e+02 3.19667284e+02 3.80161072e+02 4.70655015e+02 5.75206221e+02 6.87003107e+02 4.86545209e-16 4.82644205e-16 1.93778570e-05 5.70118907e-17 1.31340018e-14 2.05103881e-16 2.97222520e-28 9.99926323e-01 4.78554175e-16 9.96136655e-01 8.70182686e-01 6.07138737e-01 9.47206600e-01 9.93865397e-01 9.98824804e-01 9.99701955e-01 1.13631562e-17 6.95872402e-18 1.40808814e-06 3.39725510e-07 3.39725510e-07 3.56292512e-03 3.56292512e-03 2.37647377e-03 5.26580774e-18 1.17963387e-02 2.84782611e-02 5.83511627e-03 2.55941602e-02 2.63616057e-02 2.24645270e-02 1.84089033e-02
5.97597598e-02 -2.06697975e+01 -2.06697975e+01 -2.50725144e-02 -6.80089439e-03 -6.80089428e-03 7.13254574e+01 7.13254574e+01 1.03300334e+02 1.73372523e+02 2.01240364e+02 2.78576153e+02 3.19677574e+02 3.80014428e+02 4.70544610e+02 5.75142827e+02 6.86967963e+02 2.67799228e-16 2.50056054e-16 1.94266677e-05 2.28913939e-27 1.34421850e-27 6.77478431e-45 4.33195121e-27 9.99925904e-01 8.83619100e-16 9.96111489e-01 8.70695023e-01 6.06901637e-01 9.46898868e-01 9.93875218e-01 9.98828839e-01 9.99703057e-01 8.21355856e-18 7.21534235e-19 1.40808814e-06 3.39725510e-07 3.39725510e-07 3.56292512e-03 3.56292512e-03 2.38324961e-03 1.58069936e-17 1.18376962e-02 2.85058978e-02 5.82567988e-03 2.55928165e-02 2.63169169e-02 2.24186893e-02 1.83724261e-02
5.99099099e-02 -2.06697975e+01 -2.06697975e+01 -2.50725142e-02 -6.80089995e-03 -6.80089616e-03 7.13254574e+01 7.13254574e+01 1.03296840e+02 1.73372523e+02 2.01198070e+02 2.78434245e+02 3.19687838e+02 3.79868039e+02 4.70434824e+02 5.75079843e+02 6.86933045e+02 5.30586904e-16 4.79209874e-16 1.94754784e-05 2.80425371e-16 5.06020889e-14 1.44273289e-22 1.36274536e-16 9.99925482e-01 9.84740343e-16 9.96086219e-01 8.71206768e-01 6.06664586e-01 9.46591189e-01 9.93885180e-01 9.98832866e-01 9.99704154e-01 2.00994568e-17 1.02973220e-17 1.40808814e-06 3.39725510e-07 3.39725510e-07 3.56292512e-03 3.56292512e-03 2.39003169e-03 1.09942011e-17 1.18791217e-02 2.85332230e-02 5.81626518e-03 2.55909741e-02 2.62720839e-02 2.23729359e-02 1.83360506e-02
6.00600601e-02 -2.06697975e+01 -2.06697975e+01 -2.50725141e-02 -6.80089747e-03 -6.80089257e-03 7.13254574e+01 7.13254574e+01 1.03293335e+02 1.73372523e+02 2.01155576e+02 2.78292179e+02 3.19698075e+02 3.79721908e+02 4.70325653e+02 5.75017265e+02 6.86898349e+02 7.71679559e-16 3.50111824e-16 1.95242891e-05 5.07473153e-14 1.94185778e-16 2.29207635e-16 1.44013947e-22 9.99925060e-01 3.64072304e-16 9.96060844e-01 8.71717907e-01 6.06427583e-01 9.46283581e-01 9.93895281e-01 9.98836884e-01 9.99705247e-01 8.01258257e-18 1.38901040e-17 1.40808814e-06 3.39725510e-07 3.39725510e-07 3.56292512e-03 3.56292512e-03 2.39682005e-03 1.57400896e-17 1.19206148e-02 2.85602352e-02 5.80687210e-03 2.55886365e-02 2.62271115e-02 2.23272681e-02 1.82997768e-02
6.02102102e-02 -2.06697975e+01 -2.06697975e+01 -2.50725146e-02 -6.80090087e-03 -6.80089711e-03 7.13254574e+01 7.13254574e+01 1.03289818e+02 1.73372523e+02 2.01112881e+02 2.78149958e+02 3.19708285e+02 3.79576039e+02 4.70217098e+02 5.74955090e+02 6.86863875e+02 7.09302907e-16 8.13801696e-16 1.95730998e-05 9.84600977e-17 1.32823526e-14 2.94942493e-28 1.69260395e-16 9.99924635e-01 2.01410261e-15 9.96035364e-01 8.72228427e-01 6.06190628e-01 9.45976059e-01 9.93905518e-01 9.98840893e-01 9.99706335e-01 2.86520251e-17 3.94080276e-18 1.40808814e-06 3.39725510e-07 3.39725510e-07 3.56292512e-03 3.56292512e-03 2.40361470e-03 3.48586728e-17 1.19621753e-02 2.85869326e-02 5.79750059e-03 2.55858073e-02 2.61820047e-02 2.22816869e-02 1.82636049e-02
6.03603604e-02 -2.06697975e+01 -2.06697975e+01 -2.50725142e-02 -6.80089444e-03 -6.80088746e-03 7.13254574e+01 7.13254574e+01 1.03286291e+02 1.73372523e+02 2.01069984e+02 2.78007586e+02 3.19718468e+02 3.79430435e+02 4.70109154e+02 5.74893315e+02 6.86829621e+02 3.03905494e-16 2.97327302e-16 1.96219106e-05 2.69008892e-16 5.10253836e-14 2.95024682e-28 1.75305107e-16 9.99924209e-01 2.18666734e-15 9.96009780e-01 8.72738315e-01 6.05953722e-01 9.45668639e-01 9.93915889e-01 9.98844894e-01 9.99707419e-01 2.34021211e-18 1.58226469e-18 1.40808814e-06 3.39725510e-07 3.39725510e-07 3.56292512e-03 3.56292512e-03 2.41041565e-03 3.42290787e-17 1.20038027e-02 2.86133136e-02 5.78815056e-03 2.55824902e-02 2.61367682e-02 2.22361936e-02 1.82275347e-02
6.05105105e-02 -2.06697975e+01 -2.06697975e+01 -2.50725142e-02 -6.80090108e-03 -6.80089483e-03 7.13254574e+01 7.13254574e+01 1.03282752e+02 1.73372523e+02 2.01026885e+02 2.77865064e+02 3.19728626e+02 3.79285102e+02 4.70001819e+02 5.74831939e+02 6.86795585e+02 2.87066771e-16 4.40454138e-16 1.96707213e-05 5.23462335e-17 1.33499626e-14 1.69857311e-16 2.94312850e-28 9.99923782e-01 6.81628803e-16 9.95984092e-01 8.73247556e-01 6.05716863e-01 9.45361338e-01 9.93926390e-01 9.98848886e-01 9.99708498e-01 5.93855332e-18 3.61623046e-18 1.40808814e-06 3.39725510e-07 3.39725510e-07 3.56292512e-03 3.56292512e-03 2.41722294e-03 1.71209833e-17 1.20454968e-02 2.86393767e-02 5.77882195e-03 2.55786888e-02 2.60914068e-02 2.21907893e-02 1.81915665e-02
6.06606607e-02 -2.06697975e+01 -2.06697975e+01 -2.50725133e-02 -6.80089459e-03 -6.80088701e-03 7.13254574e+01 7.13254574e+01 1.03279201e+02 1.73372523e+02 2.00983583e+02 2.77722397e+02 3.19738756e+02 3.79140043e+02 4.69895093e+02 5.74770957e+02 6.86761766e+02 3.61937463e-16 6.20279264e-16 1.97195320e-05 1.82510125e-16 5.12490166e-14 3.21964771e-16 2.94398179e-28 9.99923353e-01 5.01188326e-16 9.95958300e-01 8.73756138e-01 6.05480053e-01 9.45054171e-01 9.93937019e-01 9.98852869e-01 9.99709573e-01 3.82651993e-19 6.57204256e-18 1.40808814e-06 3.39725510e-07 3.39725510e-07 3.56292512e-03 3.56292512e-03 2.42403658e-03 9.77186693e-18 1.20872571e-02 2.86651203e-02 5.76951471e-03 2.55744068e-02 2.60459252e-02 2.21454750e-02 1.81557001e-02
6.08108108e-02 -2.06697975e+01 -2.06697975e+01 -2.50725150e-02 -6.80089439e-03 -6.80089428e-03 7.13254574e+01 7.13254574e+01 1.03275640e+02 1.73372523e+02 2.00940077e+02 2.77579588e+02 3.19748861e+02 3.78995262e+02 4.69788971e+02 5.74710366e+02 6.86728161e+02 1.73637935e-16 2.28111488e-16 1.97683427e-05 2.25834096e-27 1.32613318e-27 6.75084854e-45 4.27366848e-27 9.99922922e-01 2.07647030e-15 9.95932404e-01 8.74264048e-01 6.05243292e-01 9.44747156e-01 9.93947774e-01 9.98856843e-01 9.99710643e-01 5.00058131e-18 2.07603778e-18 1.40808814e-06 3.39725510e-07 3.39725510e-07 3.56292512e-03 3.56292512e-03 2.43085658e-03 6.49270059e-17 1.21290833e-02 2.86905427e-02 5.76022876e-03 2.55696479e-02 2.60003281e-02 2.21002518e-02 1.81199356e-02
6.09609610e-02 -2.06697975e+01 -2.06697975e+01 -2.50725144e-02 -6.80089567e-03 -6.80089491e-03 7.13254574e+01 7.13254574e+01 1.03272067e+02 1.73372523e+02 2.00896367e+02 2.77436641e+02 3.19758940e+02 3.78850762e+02 4.69683452e+02 5.74650165e+02 6.86694769e+02 5.67613038e-16 8.84181737e-16 1.98171535e-05 1.45982817e-15 5.14294391e-14 2.93287355e-28 1.73878299e-16 9.99922490e-01 8.56255106e-16 9.95906404e-01 8.74771272e-01 6.05006579e-01 9.44440307e-01 9.93958652e-01 9.98860807e-01 9.99711709e-01 9.03513300e-18 6.67384214e-18 1.40808814e-06 3.39725510e-07 3.39725510e-07 3.56292512e-03 3.56292512e-03 2.43768297e-03 1.43707561e-17 1.21709750e-02 2.87156426e-02 5.75096404e-03 2.55644158e-02 2.59546199e-02 2.20551208e-02 1.80842729e-02
6.11111111e-02 -2.06697975e+01 -2.06697975e+01 -2.50725135e-02 -6.80089737e-03 -6.80089607e-03 7.13254574e+01 7.13254574e+01 1.03268483e+02 1.73372523e+02 2.00852451e+02 2.77293558e+02 3.19768992e+02 3.78706548e+02 4.69578534e+02 5.74590350e+02 6.86661589e+02 6.28732631e-16 1.20949921e-15 1.98659642e-05 8.18119041e-16 5.15771556e-14 2.02942038e-16 1.42430806e-22 9.99922056e-01 1.03501850e-15 9.95880302e-01 8.75277798e-01 6.04769914e-01 9.44133642e-01 9.93969650e-01 9.98864762e-01 9.99712770e-01 1.47271966e-17 2.15445150e-17 1.40808814e-06 3.39725510e-07 3.39725510e-07 3.56292512e-03 3.56292512e-03 2.44451577e-03 2.41460843e-18 1.22129318e-02 2.87404184e-02 5.74172048e-03 2.55587142e-02 2.59088053e-02 2.20100828e-02 1.80487122e-02
6.12612613e-02 -2.06697975e+01 -2.06697975e+01 -2.50725146e-02 -6.80090561e-03 -6.80089442e-03 7.13254574e+01 7.13254574e+01 1.03264887e+02 1.73372523e+02 2.00808329e+02 2.77150343e+02 3.19779018e+02 3.78562623e+02 4.69474213e+02 5.74530919e+02 6.86628618e+02 3.77677044e-16 1.98204293e-16 1.99147749e-05 5.17374167e-14 8.93785124e-17 2.02293478e-16 1.42186470e-22 9.99921620e-01 4.12013726e-16 9.95854096e-01 8.75783613e-01 6.04533297e-01 9.43827174e-01 9.93980767e-01 9.98868707e-01 9.99713827e-01 6.79683278e-18 5.69713586e-19 1.40808814e-06 3.39725510e-07 3.39725510e-07 3.56292512e-03 3.56292512e-03 2.45135499e-03 1.73792345e-17 1.22549533e-02 2.87648686e-02 5.73249803e-03 2.55525471e-02 2.58628885e-02 2.19651390e-02 1.80132533e-02
6.14114114e-02 -2.06697975e+01 -2.06697975e+01 -2.50725150e-02 -6.80089698e-03 -6.80089310e-03 7.13254574e+01 7.13254574e+01 1.03261280e+02 1.73372523e+02 2.00764001e+02 2.77007000e+02 3.19789019e+02 3.78418991e+02 4.69370488e+02 5.74471868e+02 6.86595855e+02 7.51772589e-16 3.92433775e-16 1.99635856e-05 2.70562826e-16 5.18886740e-14 2.92139064e-28 1.59999171e-16 9.99921183e-01 4.71890843e-16 9.95827786e-01 8.76288703e-01 6.04296729e-01 9.43520922e-01 9.93991998e-01 9.98872643e-01 9.99714879e-01 5.35492885e-18 1.10673194e-17 1.40808814e-06 3.39725510e-07 3.39725510e-07 3.56292512e-03 3.56292512e-03 2.45820066e-03 2.12816349e-17 1.22970391e-02 2.87889917e-02 5.72329660e-03 2.55459181e-02 2.58168741e-02 2.19202902e-02 1.79778963e-02
6.15615616e-02 -2.06697975e+01 -2.06697975e+01 -2.50725129e-02 -6.80089439e-03 -6.80089428e-03 7.13254574e+01 7.13254574e+01 1.03257661e+02 1.73372523e+02 2.00719465e+02 2.76863532e+02 3.19798994e+02 3.78275655e+02 4.69267356e+02 5.74413194e+02 6.86563299e+02 5.07263613e-16 9.20813755e-16 2.00123963e-05 2.23652826e-27 1.31332442e-27 6.73288110e-45 4.23239028e-27 9.99920744e-01 1.44525951e-15 9.95801375e-01 8.76793057e-01 6.04060209e-01 9.43214899e-01 9.94003342e-01 9.98876568e-01 9.99715927e-01 4.42870084e-18 4.13914112e-19 1.40808814e-06 3.39725510e-07 3.39725510e-07 3.56292512e-03 3.56292512e-03 2.46505279e-03 9.80871533e-18 1.23391888e-02 2.88127865e-02 5.71411615e-03 2.55388311e-02 2.57707664e-02 2.18755373e-02 1.79426411e-02
6.17117117e-02 -2.06697975e+01 -2.06697975e+01 -2.50725131e-02 -6.80089582e-03 -6.80089521e-03 7.13254574e+01 7.13254574e+01 1.03254031e+02 1.73372523e+02 2.00674722e+02 2.76719942e+02 3.19808943e+02 3.78132619e+02 4.69164815e+02 5.74354896e+02 6.86530948e+02 4.80107494e-16 8.97423159e-16 2.00612071e-05 1.82769400e-15 5.20537917e-14 2.91054138e-28 1.49251725e-16 9.99920304e-01 5.40688286e-16 9.95774861e-01 8.77296662e-01 6.03823738e-01 9.42909123e-01 9.94014797e-01 9.98880484e-01 9.99716971e-01 1.05434008e-17 2.70314782e-18 1.40808814e-06 3.39725510e-07 3.39725510e-07 3.56292512e-03 3.56292512e-03 2.47191141e-03 6.12008600e-18 1.23814019e-02 2.88362513e-02 5.70495661e-03 2.55312900e-02 2.57245695e-02 2.18308812e-02 1.79074876e-02
6.18618619e-02 -2.06697975e+01 -2.06697975e+01 -2.50725133e-02 -6.80088740e-03 -6.80088420e-03 7.13254574e+01 7.13254574e+01 1.03250390e+02 1.73372523e+02 2.00629769e+02 2.76576234e+02 3.19818866e+02 3.77989887e+02 4.69062862e+02 5.74296971e+02 6.86498800e+02 3.84168386e-16 3.03266700e-16 2.01100178e-05 5.22223839e-14 3.29880167e-16 2.92258684e-28 1.82473248e-16 9.99919862e-01 3.86903636e-16 9.95748244e-01 8.77799504e-01 6.03587315e-01 9.42603608e-01 9.94026360e-01 9.98884389e-01 9.99718010e-01 1.00215297e-17 1.15859115e-17 1.40808814e-06 3.39725510e-07 3.39725510e-07 3.56292512e-03 3.56292512e-03 2.47877653e-03 1.95903456e-17 1.24236780e-02 2.88593850e-02 5.69581791e-03 2.55232986e-02 2.56782877e-02 2.17863227e-02 1.78724359e-02
6.20120120e-02 -2.06697975e+01 -2.06697975e+01 -2.50725140e-02 -6.80088749e-03 -6.80088663e-03 7.13254574e+01 7.13254574e+01 1.03246737e+02 1.73372523e+02 2.00584607e+02 2.76432411e+02 3.19828764e+02 3.77847462e+02 4.68961494e+02 5.74239415e+02 6.86466854e+02 6.79137455e-16 1.10846295e-15 2.01588285e-05 3.14625026e-16 1.36912583e-14 2.29791832e-16 2.91093748e-28 9.99919418e-01 6.71441236e-16 9.95721526e-01 8.78301573e-01 6.03350941e-01 9.42298370e-01 9.94038028e-01 9.98888284e-01 9.99719044e-01 1.43352198e-17 5.95232306e-19 1.40808814e-06 3.39725510e-07 3.39725510e-07 3.56292512e-03 3.56292512e-03 2.48564818e-03 1.41484022e-17 1.24660167e-02 2.88821860e-02 5.68669999e-03 2.55148608e-02 2.56319251e-02 2.17418628e-02 1.78374859e-02
6.21621622e-02 -2.06697975e+01 -2.06697975e+01 -2.50725137e-02 -6.80089099e-03 -6.80088326e-03 7.13254574e+01 7.13254574e+01 1.03243073e+02 1.73372523e+02 2.00539235e+02 2.76288477e+02 3.19838636e+02 3.77705347e+02 4.68860710e+02 5.74182225e+02 6.86435108e+02 2.34331383e-16 3.51958744e-16 2.02076392e-05 1.75501444e-16 5.25196677e-14 2.91194181e-28 1.02988383e-16 9.99918973e-01 7.04149913e-16 9.95694706e-01 8.78802854e-01 6.03114615e-01 9.41993424e-01 9.94049799e-01 9.98892169e-01 9.99720074e-01 1.13272539e-17 7.38477083e-18 1.40808814e-06 3.39725510e-07 3.39725510e-07 3.56292512e-03 3.56292512e-03 2.49252637e-03 2.37155439e-17 1.25084176e-02 2.89046532e-02 5.67760279e-03 2.55059806e-02 2.55854859e-02 2.16975021e-02 1.78026374e-02
6.23123123e-02 -2.06697975e+01 -2.06697975e+01 -2.50725135e-02 -6.80090781e-03 -6.80087829e-03 7.13254574e+01 7.13254574e+01 1.03239397e+02 1.73372523e+02 2.00493651e+02 2.76144435e+02 3.19848483e+02 3.77563545e+02 4.68760506e+02 5.74125401e+02 6.86403560e+02 5.50760823e-16 5.07362277e-16 2.02564500e-05 1.59158150e-16 5.26595301e-14 1.84013294e-16 2.90665537e-28 9.99918526e-01 3.75637176e-16 9.95667784e-01 8.79303337e-01 6.02878338e-01 9.41688786e-01 9.94061671e-01 9.98896042e-01 9.99721100e-01 1.15789445e-17 1.16195792e-17 1.40808814e-06 3.39725510e-07 3.39725510e-07 3.56292512e-03 3.56292512e-03 2.49941112e-03 8.66477661e-18 1.25508800e-02 2.89267852e-02 5.66852624e-03 2.54966618e-02 2.55389739e-02 2.16532414e-02 1.77678906e-02
6.24624625e-02 -2.06697975e+01 -2.06697975e+01 -2.50725141e-02 -6.80089439e-03 -6.80089428e-03 7.13254574e+01 7.13254574e+01 1.03235709e+02 1.73372523e+02 2.00447857e+02 2.76000289e+02 3.19858305e+02 3.77422061e+02 4.68660880e+02 5.74068937e+02 6.86372210e+02 1.22439899e-16 9.95678124e-16 2.03052607e-05 2.21057588e-27 1.29808477e-27 6.71042807e-45 4.18327818e-27 9.99918077e-01 5.29478534e-16 9.95640762e-01 8.79803009e-01 6.02642109e-01 9.41384470e-01 9.94073641e-01 9.98899906e-01 9.99722121e-01 5.72631088e-18 9.70509085e-18 1.40808814e-06 3.39725510e-07 3.39725510e-07 3.56292512e-03 3.56292512e-03 2.50630245e-03 1.04100020e-17 1.25934037e-02 2.89485807e-02 5.65947028e-03 2.54869084e-02 2.54923932e-02 2.16090816e-02 1.77332451e-02
6.26126126e-02 -2.06697975e+01 -2.06697975e+01 -2.50725140e-02 -6.80089849e-03 -6.80088567e-03 7.13254574e+01 7.13254574e+01 1.03232010e+02 1.73372523e+02 2.00401850e+02 2.75856042e+02 3.19868102e+02 3.77280896e+02 4.68561829e+02 5.74012833e+02 6.86341055e+02 3.48547825e-16 4.58632663e-16 2.03540714e-05 6.48652831e-17 1.37913596e-14 2.67257781e-16 2.90772549e-28 9.99917627e-01 8.15412537e-16 9.95613638e-01 8.80301857e-01 6.02405929e-01 9.41080493e-01 9.94085707e-01 9.98903758e-01 9.99723138e-01 1.17082840e-17 6.46676477e-18 1.40808814e-06 3.39725510e-07 3.39725510e-07 3.56292512e-03 3.56292512e-03 2.51320038e-03 1.17537743e-17 1.26359880e-02 2.89700386e-02 5.65043486e-03 2.54767243e-02 2.54457477e-02 2.15650233e-02 1.76987011e-02
6.27627628e-02 -2.06697975e+01 -2.06697975e+01 -2.50725143e-02 -6.80089509e-03 -6.80088803e-03 7.13254574e+01 7.13254574e+01 1.03228299e+02 1.73372523e+02 2.00355630e+02 2.75711697e+02 3.19877873e+02 3.77140055e+02 4.68463351e+02 5.73957085e+02 6.86310094e+02 6.72842003e-16 1.21134841e-15 2.04028821e-05 1.38410738e-14 2.10793457e-16 2.90255092e-28 1.63143283e-16 9.99917175e-01 4.90466848e-16 9.95586415e-01 8.80799871e-01 6.02169798e-01 9.40776868e-01 9.94097867e-01 9.98907600e-01 9.99724151e-01 8.71678363e-18 2.13798899e-17 1.40808814e-06 3.39725510e-07 3.39725510e-07 3.56292512e-03 3.56292512e-03 2.52010494e-03 1.70814933e-17 1.26786326e-02 2.89911575e-02 5.64141990e-03 2.54661135e-02 2.53990412e-02 2.15210671e-02 1.76642584e-02
6.29129129e-02 -2.06697975e+01 -2.06697975e+01 -2.50725142e-02 -6.80091471e-03 -6.80089573e-03 7.13254574e+01 7.13254574e+01 1.03224577e+02 1.73372523e+02 2.00309196e+02 2.75567259e+02 3.19887619e+02 3.76999540e+02 4.68365444e+02 5.73901691e+02 6.86279326e+02 5.94432534e-16 2.46560000e-16 2.04516929e-05 5.28282922e-17 5.31615045e-14 2.40082934e-16 1.41541546e-22 9.99916722e-01 1.20761438e-15 9.95559091e-01 8.81297037e-01 6.01933715e-01 9.40473612e-01 9.94110118e-01 9.98911431e-01 9.99725159e-01 2.63619999e-17 4.58516404e-18 1.40808814e-06 3.39725510e-07 3.39725510e-07 3.56292512e-03 3.56292512e-03 2.52701613e-03 7.97554417e-18 1.27213368e-02 2.90119363e-02 5.63242534e-03 2.54550801e-02 2.53522775e-02 2.14772139e-02 1.76299169e-02
6.30630631e-02 -2.06697975e+01 -2.06697975e+01 -2.50725137e-02 -6.80090243e-03 -6.80088503e-03 7.13254574e+01 7.13254574e+01 1.03220843e+02 1.73372523e+02 2.00262548e+02 2.75422731e+02 3.19897341e+02 3.76859354e+02 4.68268104e+02 5.73846648e+02 6.86248749e+02 3.61410985e-16 4.39498673e-16 2.05005036e-05 5.31214933e-14 8.04377520e-17 3.59243814e-16 2.89849372e-28 9.99916266e-01 5.14382275e-16 9.95531667e-01 8.81793345e-01 6.01697681e-01 9.40170738e-01 9.94122458e-01 9.98915250e-01 9.99726163e-01 1.24340234e-17 5.73847847e-18 1.40808814e-06 3.39725510e-07 3.39725510e-07 3.56292512e-03 3.56292512e-03 2.53393399e-03 1.56889410e-17 1.27641003e-02 2.90323738e-02 5.62345113e-03 2.54436279e-02 2.53054602e-02 2.14334642e-02 1.75956765e-02
6.32132132e-02 -2.06697975e+01 -2.06697975e+01 -2.50725144e-02 -6.80089980e-03 -6.80088892e-03 7.13254574e+01 7.13254574e+01 1.03217097e+02 1.73372523e+02 2.00215685e+02 2.75278116e+02 3.19907037e+02 3.76719500e+02 4.68171328e+02 5.73791953e+02 6.86218361e+02 1.97171697e-16 3.12163638e-16 2.05493143e-05 1.21664521e-16 5.33830212e-14 4.33608712e-17 2.89337726e-28 9.99915809e-01 1.10467528e-15 9.95504144e-01 8.82288783e-01 6.01461696e-01 9.39868262e-01 9.94134885e-01 9.98919059e-01 9.99727162e-01 3.91830738e-18 5.09390191e-18 1.40808814e-06 3.39725510e-07 3.39725510e-07 3.56292512e-03 3.56292512e-03 2.54085853e-03 2.71202824e-17 1.28069224e-02 2.90524689e-02 5.61449719e-03 2.54317611e-02 2.52585931e-02 2.13898186e-02 1.75615371e-02
6.33633634e-02 -2.06697975e+01 -2.06697975e+01 -2.50725150e-02 -6.80089463e-03 -6.80089140e-03 7.13254574e+01 7.13254574e+01 1.03213340e+02 1.73372523e+02 2.00168606e+02 2.75133418e+02 3.19916709e+02 3.76579982e+02 4.68075115e+02 5.73737605e+02 6.86188162e+02 3.97007729e-16 2.16574855e-16 2.05981250e-05 3.75387808e-16 5.35639275e-14 2.88828395e-28 2.56171686e-16 9.99915351e-01 8.29673891e-16 9.95476522e-01 8.82783339e-01 6.01225760e-01 9.39566198e-01 9.94147396e-01 9.98922856e-01 9.99728157e-01 8.30615763e-18 6.90586223e-18 1.40808814e-06 3.39725510e-07 3.39725510e-07 3.56292512e-03 3.56292512e-03 2.54778976e-03 2.00938529e-17 1.28498026e-02 2.90722205e-02 5.60556348e-03 2.54194835e-02 2.52116798e-02 2.13462778e-02 1.75274986e-02
6.35135135e-02 -2.06697975e+01 -2.06697975e+01 -2.50725136e-02 -6.80089843e-03 -6.80089737e-03 7.13254574e+01 7.13254574e+01 1.03209571e+02 1.73372523e+02 2.00121310e+02 2.74988641e+02 3.19926356e+02 3.76440802e+02 4.67979462e+02 5.73683600e+02 6.86158149e+02 8.70476554e-16 1.40670841e-16 2.06469357e-05 5.36336353e-14 1.09410362e-15 1.88071389e-16 1.40662127e-22 9.99914891e-01 3.59588366e-16 9.95448802e-01 8.83277002e-01 6.00989872e-01 9.39264560e-01 9.94159990e-01 9.98926642e-01 9.99729148e-01 3.99423782e-18 2.78534532e-18 1.40808814e-06 3.39725510e-07 3.39725510e-07 3.56292512e-03 3.56292512e-03 2.55472772e-03 3.54500645e-19 1.28927404e-02 2.90916275e-02 5.59664993e-03 2.54067993e-02 2.51647239e-02 2.13028423e-02 1.74935609e-02
6.36636637e-02 -2.06697975e+01 -2.06697975e+01 -2.50725146e-02 -6.80089479e-03 -6.80089326e-03 7.13254574e+01 7.13254574e+01 1.03205790e+02 1.73372523e+02 2.00073798e+02 2.74843787e+02 3.19935979e+02 3.76301962e+02 4.67884365e+02 5.73629935e+02 6.86128321e+02 2.68678661e-16 5.05138765e-16 2.06957465e-05 7.36872486e-16 5.37092781e-14 1.03376452e-16 1.40446365e-22 9.99914429e-01 6.62027348e-16 9.95420983e-01 8.83769761e-01 6.00754034e-01 9.38963364e-01 9.94172664e-01 9.98930416e-01 9.99730134e-01 1.35264092e-18 4.33480423e-18 1.40808814e-06 3.39725510e-07 3.39725510e-07 3.56292512e-03 3.56292512e-03 2.56167241e-03 2.21697825e-17 1.29357353e-02 2.91106888e-02 5.58775648e-03 2.53937125e-02 2.51177287e-02 2.12595127e-02 1.74597238e-02
6.38138138e-02 -2.06697975e+01 -2.06697975e+01 -2.50725142e-02 -6.80090140e-03 -6.80090020e-03 7.13254574e+01 7.13254574e+01 1.03201998e+02 1.73372523e+02 2.00026067e+02 2.74698861e+02 3.19945576e+02 3.76163467e+02 4.67789823e+02 5.73576610e+02 6.86098678e+02 8.43151959e-16 2.21852802e-16 2.07445572e-05 9.82989262e-16 5.38672762e-14 1.55358199e-16 2.87314192e-28 9.99913965e-01 2.57252972e-16 9.95393067e-01 8.84261604e-01 6.00518244e-01 9.38662623e-01 9.94185416e-01 9.98934179e-01 9.99731116e-01 1.21829367e-17 8.18098066e-18 1.40808814e-06 3.39725510e-07 3.39725510e-07 3.56292512e-03 3.56292512e-03 2.56862387e-03 6.55638535e-18 1.29787867e-02 2.91294034e-02 5.57888306e-03 2.53802271e-02 2.50706977e-02 2.12162895e-02 1.74259873e-02
6.39639640e-02 -2.06697975e+01 -2.06697975e+01 -2.50725139e-02 -6.80089774e-03 -6.80088348e-03 7.13254574e+01 7.13254574e+01 1.03198193e+02 1.73372523e+02 1.99978118e+02 2.74553867e+02 3.19955150e+02 3.76025317e+02 4.67695832e+02 5.73523620e+02 6.86069217e+02 3.17317536e-16 7.63837910e-16 2.07933679e-05 1.35267527e-16 5.40270035e-14 6.16590655e-16 2.86814021e-28 9.99913500e-01 8.32611320e-16 9.95365053e-01 8.84752520e-01 6.00282503e-01 9.38362351e-01 9.94198244e-01 9.98937930e-01 9.99732094e-01 1.43566200e-18 1.79239949e-18 1.40808814e-06 3.39725510e-07 3.39725510e-07 3.56292512e-03 3.56292512e-03 2.57558210e-03 8.16570377e-18 1.30218939e-02 2.91477703e-02 5.57002962e-03 2.53663471e-02 2.50236344e-02 2.11731733e-02 1.73923511e-02
6.41141141e-02 -2.06697975e+01 -2.06697975e+01 -2.50725145e-02 -6.80088980e-03 -6.80088769e-03 7.13254574e+01 7.13254574e+01 1.03194377e+02 1.73372523e+02 1.99929950e+02 2.74408807e+02 3.19964699e+02 3.75887517e+02 4.67602389e+02 5.73470964e+02 6.86039936e+02 7.76996848e-16 4.69711779e-16 2.08421786e-05 1.41268263e-14 1.90880395e-16 2.85702242e-28 2.13315905e-16 9.99913032e-01 4.56525670e-16 9.95336942e-01 8.85242499e-01 6.00046811e-01 9.38062564e-01 9.94211146e-01 9.98941670e-01 9.99733067e-01 1.58668826e-17 7.14205319e-19 1.40808814e-06 3.39725510e-07 3.39725510e-07 3.56292512e-03 3.56292512e-03 2.58254713e-03 6.80106926e-19 1.30650565e-02 2.91657886e-02 5.56119610e-03 2.53520767e-02 2.49765421e-02 2.11301645e-02 1.73588152e-02
6.42642643e-02 -2.06697975e+01 -2.06697975e+01 -2.50725142e-02 -6.80089774e-03 -6.80089306e-03 7.13254574e+01 7.13254574e+01 1.03190550e+02 1.73372523e+02 1.99881562e+02 2.74263686e+02 3.19974224e+02 3.75750068e+02 4.67509493e+02 5.73418638e+02 6.86010836e+02 3.35330516e-16 3.80029221e-16 2.08909893e-05 2.26475156e-16 5.43000783e-14 2.40739196e-16 1.39599364e-22 9.99912564e-01 4.17990758e-16 9.95308735e-01 8.85731529e-01 5.99811168e-01 9.37763273e-01 9.94224119e-01 9.98945398e-01 9.99734037e-01 1.46832542e-17 4.23994533e-18 1.40808814e-06 3.39725510e-07 3.39725510e-07 3.56292512e-03 3.56292512e-03 2.58951898e-03 1.73088399e-17 1.31082738e-02 2.91834573e-02 5.55238244e-03 2.53374198e-02 2.49294240e-02 2.10872636e-02 1.73253794e-02
6.44144144e-02 -2.06697975e+01 -2.06697975e+01 -2.50725135e-02 -6.80089746e-03 -6.80089351e-03 7.13254574e+01 7.13254574e+01 1.03186710e+02 1.73372523e+02 1.99832953e+02 2.74118508e+02 3.19983724e+02 3.75612973e+02 4.67417140e+02 5.73366642e+02 6.85981914e+02 4.52697662e-16 3.58776517e-16 2.09398001e-05 2.93595746e-16 5.44006047e-14 2.85327056e-28 2.47807490e-16 9.99912093e-01 1.27815703e-15 9.95280432e-01 8.86219599e-01 5.99575575e-01 9.37464495e-01 9.94237162e-01 9.98949114e-01 9.99735002e-01 1.74996907e-17 4.87159505e-19 1.40808814e-06 3.39725510e-07 3.39725510e-07 3.56292512e-03 3.56292512e-03 2.59649767e-03 2.84484799e-17 1.31515453e-02 2.92007754e-02 5.54358857e-03 2.53223806e-02 2.48822833e-02 2.10444711e-02 1.72920436e-02
6.45645646e-02 -2.06697975e+01 -2.06697975e+01 -2.50725143e-02 -6.80089439e-03 -6.80089428e-03 7.13254574e+01 7.13254574e+01 1.03182858e+02 1.73372523e+02 1.99784123e+02 2.73973274e+02 3.19993201e+02 3.75476235e+02 4.67325328e+02 5.73314971e+02 6.85953169e+02 3.85517947e-16 6.74150960e-16 2.09886108e-05 2.15105589e-27 1.26313370e-27 6.65461359e-45 4.07064297e-27 9.99911621e-01 7.72292165e-16 9.95252034e-01 8.86706700e-01 5.99340030e-01 9.37166242e-01 9.94250272e-01 9.98952818e-01 9.99735962e-01 8.32533653e-18 6.02564825e-18 1.40808814e-06 3.39725510e-07 3.39725510e-07 3.56292512e-03 3.56292512e-03 2.60348322e-03 2.36404530e-17 1.31948703e-02 2.92177421e-02 5.53481445e-03 2.53069631e-02 2.48351232e-02 2.10017874e-02 1.72588076e-02
6.47147147e-02 -2.06697975e+01 -2.06697975e+01 -2.50725143e-02 -6.80089686e-03 -6.80088443e-03 7.13254574e+01 7.13254574e+01 1.03178995e+02 1.73372523e+02 1.99735072e+02 2.73827991e+02 3.20002653e+02 3.75339856e+02 4.67234053e+02 5.73263624e+02 6.85924599e+02 6.91408325e-16 6.22871848e-16 2.10374215e-05 1.42767035e-14 5.38258981e-17 2.21700460e-16 2.83737763e-28 9.99911147e-01 1.00327228e-15 9.95223541e-01 8.87192821e-01 5.99104534e-01 9.36868527e-01 9.94263448e-01 9.98956510e-01 9.99736919e-01 2.99083786e-17 1.31274268e-17 1.40808814e-06 3.39725510e-07 3.39725510e-07 3.56292512e-03 3.56292512e-03 2.61047564e-03 3.48525421e-18 1.32382482e-02 2.92343565e-02 5.52606000e-03 2.52911713e-02 2.47879469e-02 2.09592128e-02 1.72256712e-02
6.48648649e-02 -2.06697975e+01 -2.06697975e+01 -2.50725143e-02 -6.80089113e-03 -6.80088637e-03 7.13254574e+01 7.13254574e+01 1.03175119e+02 1.73372523e+02 1.99685797e+02 2.73682660e+02 3.20012081e+02 3.75203839e+02 4.67143314e+02 5.73212599e+02 6.85896204e+02 6.63729917e-16 1.05935065e-15 2.10862322e-05 2.55899293e-16 5.47395372e-14 2.83860202e-28 3.04945179e-16 9.99910672e-01 3.41201648e-16 9.95194953e-01 8.87677950e-01 5.98869088e-01 9.36571365e-01 9.94276688e-01 9.98960190e-01 9.99737871e-01 8.99540052e-18 5.51338796e-18 1.40808814e-06 3.39725510e-07 3.39725510e-07 3.56292512e-03 3.56292512e-03 2.61747497e-03 5.43818857e-18 1.32816784e-02 2.92506177e-02 5.51732517e-03 2.52750093e-02 2.47407573e-02 2.09167480e-02 1.71926343e-02
6.50150150e-02 -2.06697975e+01 -2.06697975e+01 -2.50725143e-02 -6.80090497e-03 -6.80089970e-03 7.13254574e+01 7.13254574e+01 1.03171232e+02 1.73372523e+02 1.99636300e+02 2.73537286e+02 3.20021486e+02 3.75068185e+02 4.67053107e+02 5.73161892e+02 6.85867981e+02 6.87528846e-16 7.47946933e-16 2.11350430e-05 1.43180269e-14 1.09988407e-16 3.61591508e-16 2.82768838e-28 9.99910194e-01 5.81961644e-16 9.95166271e-01 8.88162079e-01 5.98633691e-01 9.36274769e-01 9.94289989e-01 9.98963858e-01 9.99738819e-01 4.26836099e-18 5.88564289e-18 1.40808814e-06 3.39725510e-07 3.39725510e-07 3.56292512e-03 3.56292512e-03 2.62448121e-03 9.32562978e-18 1.33251602e-02 2.92665251e-02 5.50860991e-03 2.52584813e-02 2.46935575e-02 2.08743930e-02 1.71596968e-02
6.51651652e-02 -2.06697975e+01 -2.06697975e+01 -2.50725152e-02 -6.80089439e-03 -6.80089428e-03 7.13254574e+01 7.13254574e+01 1.03167333e+02 1.73372523e+02 1.99586578e+02 2.73391873e+02 3.20030866e+02 3.74932896e+02 4.66963429e+02 5.73111503e+02 6.85839930e+02 2.70640085e-16 2.70399973e-16 2.11838537e-05 2.13433534e-27 1.25331514e-27 6.63786989e-45 4.03900112e-27 9.99909715e-01 1.51688165e-15 9.95137496e-01 8.88645197e-01 5.98398343e-01 9.35978752e-01 9.94303350e-01 9.98967515e-01 9.99739763e-01 3.46865409e-18 2.00682001e-18 1.40808814e-06 3.39725510e-07 3.39725510e-07 3.56292512e-03 3.56292512e-03 2.63149439e-03 4.45911950e-17 1.33686929e-02 2.92820777e-02 5.49991414e-03 2.52415911e-02 2.46463504e-02 2.08321485e-02 1.71268584e-02
6.53153153e-02 -2.06697975e+01 -2.06697975e+01 -2.50725145e-02 -6.80089737e-03 -6.80089524e-03 7.13254574e+01 7.13254574e+01 1.03163421e+02 1.73372523e+02 1.99536632e+02 2.73246423e+02 3.20040223e+02 3.74797977e+02 4.66874278e+02 5.73061427e+02 6.85812050e+02 2.47691157e-16 3.83011195e-16 2.12326644e-05 5.28900565e-16 5.51547579e-14 1.38177254e-22 8.26577283e-17 9.99909234e-01 1.25613562e-15 9.95108628e-01 8.89127293e-01 5.98163044e-01 9.35683327e-01 9.94316768e-01 9.98971158e-01 9.99740703e-01 4.79749140e-18 5.72496983e-18 1.40808814e-06 3.39725510e-07 3.39725510e-07 3.56292512e-03 3.56292512e-03 2.63851452e-03 3.34452279e-17 1.34122760e-02 2.92972749e-02 5.49123783e-03 2.52243430e-02 2.45991390e-02 2.07900146e-02 1.70941189e-02
6.54654655e-02 -2.06697975e+01 -2.06697975e+01 -2.50725144e-02 -6.80090216e-03 -6.80088593e-03 7.13254574e+01 7.13254574e+01 1.03159498e+02 1.73372523e+02 1.99486460e+02 2.73100942e+02 3.20049557e+02 3.74663427e+02 4.66785651e+02 5.73011664e+02 6.85784338e+02 6.18040733e-16 4.43399954e-16 2.12814751e-05 5.53313668e-14 1.46032663e-16 1.37980180e-22 2.17283886e-16 9.99908752e-01 1.03869667e-15 9.95079667e-01 8.89608358e-01 5.97927795e-01 9.35388507e-01 9.94330243e-01 9.98974790e-01 9.99741638e-01 7.19337041e-18 1.57519734e-17 1.40808814e-06 3.39725510e-07 3.39725510e-07 3.56292512e-03 3.56292512e-03 2.64554164e-03 3.33602516e-17 1.34559088e-02 2.93121158e-02 5.48258090e-03 2.52067410e-02 2.45519260e-02 2.07479918e-02 1.70614783e-02
6.56156156e-02 -2.06697975e+01 -2.06697975e+01 -2.50725145e-02 -6.80089090e-03 -6.80088797e-03 7.13254574e+01 7.13254574e+01 1.03155563e+02 1.73372523e+02 1.99436063e+02 2.72955431e+02 3.20058866e+02 3.74529250e+02 4.66697545e+02 5.72962210e+02 6.85756794e+02 4.55808474e-16 2.72846865e-16 2.13302858e-05 5.53752312e-14 4.32872777e-16 2.81459399e-28 7.55804642e-17 9.99908267e-01 4.03637959e-16 9.95050615e-01 8.90088382e-01 5.97692595e-01 9.35094305e-01 9.94343771e-01 9.98978410e-01 9.99742570e-01 1.38882263e-17 5.49291818e-18 1.40808813e-06 3.39725510e-07 3.39725510e-07 3.56292512e-03 3.56292512e-03 2.65257575e-03 2.63873395e-18 1.34995905e-02 2.93265999e-02 5.47394329e-03 2.51887891e-02 2.45047144e-02 2.07060803e-02 1.70289363e-02
6.57657658e-02 -2.06697975e+01 -2.06697975e+01 -2.50725141e-02 -6.80089921e-03 -6.80088168e-03 7.13254574e+01 7.13254574e+01 1.03151616e+02 1.73372523e+02 1.99385439e+02 2.72809896e+02 3.20068153e+02 3.74395447e+02 4.66609958e+02 5.72913064e+02 6.85729417e+02 3.49320444e-16 2.54289129e-16 2.13790966e-05 1.41372656e-16 5.55406097e-14 1.37590495e-22 1.24163268e-16 9.99907781e-01 3.98561718e-16 9.95021473e-01 8.90567356e-01 5.97457445e-01 9.34800734e-01 9.94357352e-01 9.98982017e-01 9.99743497e-01 1.12236754e-17 3.37527398e-18 1.40808813e-06 3.39725510e-07 3.39725510e-07 3.56292512e-03 3.56292512e-03 2.65961688e-03 1.82178238e-17 1.35433204e-02 2.93407264e-02 5.46532496e-03 2.51704914e-02 2.44575067e-02 2.06642804e-02 1.69964927e-02
6.59159159e-02 -2.06697975e+01 -2.06697975e+01 -2.50725143e-02 -6.80090060e-03 -6.80089039e-03 7.13254574e+01 7.13254574e+01 1.03147656e+02 1.73372523e+02 1.99334588e+02 2.72664340e+02 3.20077415e+02 3.74262021e+02 4.66522886e+02 5.72864223e+02 6.85702205e+02 2.62236912e-16 3.41590900e-16 2.14279073e-05 1.45389821e-14 6.80076121e-17 2.79914357e-28 1.89971266e-16 9.99907293e-01 7.60458481e-16 9.94992239e-01 8.91045270e-01 5.97222344e-01 9.34507806e-01 9.94370982e-01 9.98985611e-01 9.99744420e-01 7.55147003e-19 5.21853993e-18 1.40808813e-06 3.39725510e-07 3.39725510e-07 3.56292512e-03 3.56292512e-03 2.66666505e-03 1.88894675e-17 1.35870980e-02 2.93544947e-02 5.45672584e-03 2.51518520e-02 2.44103059e-02 2.06225925e-02 1.69641473e-02
6.60660661e-02 -2.06697975e+01 -2.06697975e+01 -2.50725144e-02 -6.80090518e-03 -6.80089069e-03 7.13254574e+01 7.13254574e+01 1.03143685e+02 1.73372523e+02 1.99283509e+02 2.72518766e+02 3.20086655e+02 3.74128974e+02 4.66436328e+02 5.72815685e+02 6.85675157e+02 1.18441571e-15 6.38594889e-16 2.14767180e-05 7.02022316e-17 1.46007965e-14 2.79446132e-28 1.84960412e-16 9.99906804e-01 4.35227125e-16 9.94962916e-01 8.91522114e-01 5.96987292e-01 9.34215534e-01 9.94384662e-01 9.98989194e-01 9.99745339e-01 1.50774821e-17 2.07703442e-17 1.40808813e-06 3.39725510e-07 3.39725510e-07 3.56292512e-03 3.56292512e-03 2.67372028e-03 1.33631144e-17 1.36309224e-02 2.93679042e-02 5.44814588e-03 2.51328748e-02 2.43631144e-02 2.05810167e-02 1.69319000e-02
6.62162162e-02 -2.06697975e+01 -2.06697975e+01 -2.50725135e-02 -6.80089952e-03 -6.80088820e-03 7.13254574e+01 7.13254574e+01 1.03139701e+02 1.73372523e+02 1.99232202e+02 2.72373178e+02 3.20095871e+02 3.73996306e+02 4.66350279e+02 5.72767447e+02 6.85648271e+02 4.85981677e-16 4.18273101e-16 2.15255287e-05 5.59213383e-14 1.51568833e-16 2.79577597e-28 2.85905464e-16 9.99906312e-01 3.92056843e-16 9.94933504e-01 8.91997879e-01 5.96752290e-01 9.33923931e-01 9.94398388e-01 9.98992764e-01 9.99746254e-01 1.27683334e-17 1.64069536e-17 1.40808813e-06 3.39725510e-07 3.39725510e-07 3.56292512e-03 3.56292512e-03 2.68078259e-03 6.51390718e-19 1.36747929e-02 2.93809543e-02 5.43958502e-03 2.51135640e-02 2.43159349e-02 2.05395533e-02 1.68997505e-02
6.63663664e-02 -2.06697975e+01 -2.06697975e+01 -2.50725142e-02 -6.80089817e-03 -6.80089188e-03 7.13254574e+01 7.13254574e+01 1.03135705e+02 1.73372523e+02 1.99180666e+02 2.72227580e+02 3.20105064e+02 3.73864021e+02 4.66264738e+02 5.72719508e+02 6.85621548e+02 5.69587638e-16 3.55349632e-16 2.15743395e-05 5.60434217e-14 2.50399482e-16 2.79112458e-28 1.02690211e-16 9.99905819e-01 5.09859708e-16 9.94904003e-01 8.92472556e-01 5.96517338e-01 9.33633008e-01 9.94412159e-01 9.98996321e-01 9.99747165e-01 4.06251195e-18 9.95151107e-18 1.40808813e-06 3.39725510e-07 3.39725510e-07 3.56292512e-03 3.56292512e-03 2.68785199e-03 6.18930641e-18 1.37187087e-02 2.93936445e-02 5.43104320e-03 2.50939235e-02 2.42687700e-02 2.04982025e-02 1.68676987e-02
6.65165165e-02 -2.06697975e+01 -2.06697975e+01 -2.50725138e-02 -6.80089658e-03 -6.80089073e-03 7.13254574e+01 7.13254574e+01 1.03131697e+02 1.73372523e+02 1.99128899e+02 2.72081976e+02 3.20114233e+02 3.73732120e+02 4.66179701e+02 5.72671865e+02 6.85594984e+02 7.29334818e-16 2.56093571e-16 2.16231502e-05 5.61720050e-14 1.67733044e-16 1.36641873e-22 2.14354977e-16 9.99905324e-01 1.15248758e-15 9.94874414e-01 8.92946136e-01 5.96282436e-01 9.33342777e-01 9.94425974e-01 9.98999866e-01 9.99748072e-01 1.64893352e-17 1.10806942e-17 1.40808813e-06 3.39725510e-07 3.39725510e-07 3.56292512e-03 3.56292512e-03 2.69492852e-03 2.75650040e-17 1.37626693e-02 2.94059742e-02 5.42252037e-03 2.50739574e-02 2.42216221e-02 2.04569647e-02 1.68357444e-02
6.66666667e-02 -2.06697975e+01 -2.06697975e+01 -2.50725133e-02 -6.80088677e-03 -6.80088668e-03 7.13254574e+01 7.13254574e+01 1.03127677e+02 1.73372523e+02 1.99076903e+02 2.71936369e+02 3.20123380e+02 3.73600604e+02 4.66095166e+02 5.72624516e+02 6.85568579e+02 9.56908641e-16 4.01755651e-16 2.16719609e-05 2.41030355e-15 6.64479193e-16 2.77348314e-28 1.60295032e-16 9.99904828e-01 3.08758866e-16 9.94844738e-01 8.93418611e-01 5.96047583e-01 9.33053251e-01 9.94439830e-01 9.99003399e-01 9.99748975e-01 1.72259768e-17 6.76417322e-18 1.40808813e-06 3.39725510e-07 3.39725510e-07 3.56292512e-03 3.56292512e-03 2.70201218e-03 2.65878060e-19 1.38066737e-02 2.94179429e-02 5.41401647e-03 2.50536697e-02 2.41744938e-02 2.04158398e-02 1.68038872e-02
6.68168168e-02 -2.06697975e+01 -2.06697975e+01 -2.50725144e-02 -6.80089144e-03 -6.80088592e-03 7.13254574e+01 7.13254574e+01 1.03123645e+02 1.73372523e+02 1.99024675e+02 2.71790762e+02 3.20132504e+02 3.73469476e+02 4.66011129e+02 5.72577459e+02 6.85542333e+02 5.67169702e-16 3.66095247e-16 2.17207716e-05 1.06568507e-16 2.44538457e-15 1.13532285e-16 2.76891076e-28 9.99904329e-01 4.86318415e-16 9.94814976e-01 8.93889970e-01 5.95812780e-01 9.32764442e-01 9.94453726e-01 9.99006919e-01 9.99749873e-01 1.28507927e-17 9.48923820e-18 1.40808813e-06 3.39725510e-07 3.39725510e-07 3.56292512e-03 3.56292512e-03 2.70910300e-03 3.26762904e-18 1.38507212e-02 2.94295501e-02 5.40553144e-03 2.50330644e-02 2.41273875e-02 2.03748283e-02 1.67721271e-02
6.69669670e-02 -2.06697975e+01 -2.06697975e+01 -2.50725140e-02 -6.80089670e-03 -6.80089366e-03 7.13254574e+01 7.13254574e+01 1.03119600e+02 1.73372523e+02 1.98972215e+02 2.71645161e+02 3.20141605e+02 3.73338737e+02 4.65927589e+02 5.72530692e+02 6.85516243e+02 3.17235027e-16 6.50002200e-16 2.17695824e-05 2.50541217e-15 7.64209019e-17 1.54686406e-16 2.76435910e-28 9.99903829e-01 6.39342181e-16 9.94785128e-01 8.94360206e-01 5.95578027e-01 9.32476360e-01 9.94467660e-01 9.99010426e-01 9.99750768e-01 7.07125903e-18 9.01706830e-18 1.40808813e-06 3.39725510e-07 3.39725510e-07 3.56292512e-03 3.56292512e-03 2.71620100e-03 1.39703087e-18 1.38948111e-02 2.94407954e-02 5.39706522e-03 2.50121455e-02 2.40803054e-02 2.03339301e-02 1.67404638e-02
6.71171171e-02 -2.06697975e+01 -2.06697975e+01 -2.50725135e-02 -6.80089439e-03 -6.80089428e-03 7.13254574e+01 7.13254574e+01 1.03115543e+02 1.73372523e+02 1.98919524e+02 2.71499567e+02 3.20150683e+02 3.73208389e+02 4.65844543e+02 5.72484213e+02 6.85490308e+02 2.05990787e-16 1.01316535e-15 2.18183931e-05 2.08092865e-27 1.22195389e-27 6.58131435e-45 3.93793467e-27 9.99903327e-01 2.21473317e-15 9.94755195e-01 8.94829311e-01 5.95343323e-01 9.32189018e-01 9.94481631e-01 9.99013921e-01 9.99751659e-01 7.03223891e-18 2.30080748e-18 1.40808813e-06 3.39725510e-07 3.39725510e-07 3.56292512e-03 3.56292512e-03 2.72330620e-03 1.97037981e-17 1.39389425e-02 2.94516785e-02 5.38861777e-03 2.49909170e-02 2.40332500e-02 2.02931456e-02 1.67088971e-02
6.72672673e-02 -2.06697975e+01 -2.06697975e+01 -2.50725145e-02 -6.80089507e-03 -6.80088187e-03 7.13254574e+01 7.13254574e+01 1.03111474e+02 1.73372523e+02 1.98866599e+02 2.71353986e+02 3.20159738e+02 3.73078433e+02 4.65761986e+02 5.72438019e+02 6.85464528e+02 3.94995754e-16 3.36940129e-16 2.18672038e-05 1.16337780e-16 2.51202533e-15 2.75531756e-28 3.13467739e-16 9.99902823e-01 1.90727691e-16 9.94725178e-01 8.95297274e-01 5.95108670e-01 9.31902426e-01 9.94495636e-01 9.99017403e-01 9.99752545e-01 9.71059273e-18 8.63265060e-18 1.40808813e-06 3.39725510e-07 3.39725510e-07 3.56292512e-03 3.56292512e-03 2.73041862e-03 4.38137717e-18 1.39831147e-02 2.94621988e-02 5.38018903e-03 2.49693829e-02 2.39862236e-02 2.02524747e-02 1.66774267e-02
6.74174174e-02 -2.06697975e+01 -2.06697975e+01 -2.50725135e-02 -6.80090280e-03 -6.80089842e-03 7.13254574e+01 7.13254574e+01 1.03107393e+02 1.73372523e+02 1.98813441e+02 2.71208420e+02 3.20168771e+02 3.72948870e+02 4.65679918e+02 5.72392108e+02 6.85438901e+02 7.27540472e-16 3.54146108e-16 2.19160145e-05 2.52935285e-15 6.92877183e-17 2.75082749e-28 2.35195409e-16 9.99902317e-01 7.53690370e-16 9.94695077e-01 8.95764090e-01 5.94874067e-01 9.31616597e-01 9.94509676e-01 9.99020872e-01 9.99753428e-01 1.39741804e-17 1.22005216e-17 1.40808813e-06 3.39725510e-07 3.39725510e-07 3.56292512e-03 3.56292512e-03 2.73753828e-03 1.38728939e-17 1.40273268e-02 2.94723560e-02 5.37177893e-03 2.49475471e-02 2.39392283e-02 2.02119178e-02 1.66460526e-02
6.75675676e-02 -2.06697975e+01 -2.06697975e+01 -2.50725144e-02 -6.80089439e-03 -6.80089428e-03 7.13254574e+01 7.13254574e+01 1.03103299e+02 1.73372523e+02 1.98760049e+02 2.71062874e+02 3.20177781e+02 3.72819703e+02 4.65598335e+02 5.72346479e+02 6.85413427e+02 5.62385467e-16 3.08936684e-16 2.19648252e-05 2.06881376e-27 1.21483984e-27 6.56783853e-45 3.91500854e-27 9.99901809e-01 1.30861646e-15 9.94664894e-01 8.96229748e-01 5.94639513e-01 9.31331542e-01 9.94523747e-01 9.99024329e-01 9.99754307e-01 1.06873519e-18 7.90443332e-19 1.40808813e-06 3.39725510e-07 3.39725510e-07 3.56292512e-03 3.56292512e-03 2.74466520e-03 9.57902685e-18 1.40715780e-02 2.94821499e-02 5.36338744e-03 2.49254137e-02 2.38922664e-02 2.01714748e-02 1.66147743e-02
6.77177177e-02 -2.06697975e+01 -2.06697975e+01 -2.50725144e-02 -6.80089843e-03 -6.80089066e-03 7.13254574e+01 7.13254574e+01 1.03099193e+02 1.73372523e+02 1.98706422e+02 2.70917351e+02 3.20186768e+02 3.72690932e+02 4.65517234e+02 5.72301129e+02 6.85388103e+02 4.84037724e-16 6.63171923e-16 2.20136360e-05 2.56129233e-15 8.33056186e-17 1.88748743e-16 2.74190824e-28 9.99901300e-01 2.72821127e-16 9.94634629e-01 8.96694241e-01 5.94405010e-01 9.31047270e-01 9.94537849e-01 9.99027773e-01 9.99755182e-01 1.42240114e-17 1.71211273e-17 1.40808813e-06 3.39725510e-07 3.39725510e-07 3.56292512e-03 3.56292512e-03 2.75179940e-03 2.68033646e-18 1.41158675e-02 2.94915801e-02 5.35501448e-03 2.49029864e-02 2.38453400e-02 2.01311459e-02 1.65835918e-02
6.78678679e-02 -2.06697975e+01 -2.06697975e+01 -2.50725139e-02 -6.80089479e-03 -6.80089230e-03 7.13254574e+01 7.13254574e+01 1.03095074e+02 1.73372523e+02 1.98652560e+02 2.70771855e+02 3.20195733e+02 3.72562559e+02 4.65436612e+02 5.72256056e+02 6.85362929e+02 5.56454828e-16 7.94083558e-16 2.20624467e-05 2.51812068e-15 5.31876888e-17 1.62570841e-16 2.73747887e-28 9.99900789e-01 6.02609961e-16 9.94604283e-01 8.97157562e-01 5.94170557e-01 9.30763794e-01 9.94551979e-01 9.99031205e-01 9.99756052e-01 5.95585940e-18 2.93088019e-17 1.40808813e-06 3.39725510e-07 3.39725510e-07 3.56292512e-03 3.56292512e-03 2.75894090e-03 2.53997746e-17 1.41601945e-02 2.95006462e-02 5.34666001e-03 2.48802694e-02 2.37984513e-02 2.00909312e-02 1.65525047e-02
6.80180180e-02 -2.06697975e+01 -2.06697975e+01 -2.50725148e-02 -6.80090073e-03 -6.80089777e-03 7.13254574e+01 7.13254574e+01 1.03090943e+02 1.73372523e+02 1.98598462e+02 2.70626389e+02 3.20204676e+02 3.72434585e+02 4.65356467e+02 5.72211258e+02 6.85337903e+02 7.20504476e-16 7.63294439e-16 2.21112574e-05 2.62254585e-15 6.51799281e-17 1.48125674e-16 2.73306955e-28 9.99900276e-01 7.69227773e-16 9.94573856e-01 8.97619702e-01 5.93936154e-01 9.30481123e-01 9.94566137e-01 9.99034623e-01 9.99756919e-01 6.48964217e-18 5.08653688e-18 1.40808813e-06 3.39725510e-07 3.39725510e-07 3.56292512e-03 3.56292512e-03 2.76608973e-03 2.06089122e-18 1.42045580e-02 2.95093482e-02 5.33832397e-03 2.48572664e-02 2.37516022e-02 2.00508308e-02 1.65215129e-02
6.81681682e-02 -2.06697975e+01 -2.06697975e+01 -2.50725138e-02 -6.80088760e-03 -6.80088639e-03 7.13254574e+01 7.13254574e+01 1.03086800e+02 1.73372523e+02 1.98544127e+02 2.70480957e+02 3.20213597e+02 3.72307012e+02 4.65276796e+02 5.72166733e+02 6.85313025e+02 1.42747171e-15 3.28993469e-16 2.21600681e-05 1.97313588e-16 2.58296526e-15 2.72868017e-28 1.81691582e-16 9.99899761e-01 5.09719936e-16 9.94543351e-01 8.98080654e-01 5.93701802e-01 9.30199269e-01 9.94580320e-01 9.99038029e-01 9.99757782e-01 2.81989069e-17 2.27961935e-19 1.40808813e-06 3.39725510e-07 3.39725510e-07 3.56292512e-03 3.56292512e-03 2.77324589e-03 1.94317407e-17 1.42489573e-02 2.95176857e-02 5.33000631e-03 2.48339814e-02 2.37047949e-02 2.00108447e-02 1.64906161e-02
6.83183183e-02 -2.06697975e+01 -2.06697975e+01 -2.50725138e-02 -6.80089066e-03 -6.80088861e-03 7.13254574e+01 7.13254574e+01 1.03082644e+02 1.73372523e+02 1.98489555e+02 2.70335564e+02 3.20222495e+02 3.72179840e+02 4.65197597e+02 5.72122480e+02 6.85288294e+02 8.02888273e-16 4.09177807e-16 2.22088788e-05 2.52839753e-15 1.47867170e-16 2.72431064e-28 9.73211059e-17 9.99899244e-01 9.15097634e-16 9.94512766e-01 8.98540410e-01 5.93467499e-01 9.29918241e-01 9.94594528e-01 9.99041423e-01 9.99758641e-01 7.62623175e-18 5.08174290e-18 1.40808813e-06 3.39725510e-07 3.39725510e-07 3.56292512e-03 3.56292512e-03 2.78040942e-03 1.03913305e-17 1.42933914e-02 2.95256586e-02 5.32170697e-03 2.48104183e-02 2.36580313e-02 1.99709730e-02 1.64598140e-02
6.84684685e-02 -2.06697975e+01 -2.06697975e+01 -2.50725144e-02 -6.80090152e-03 -6.80089121e-03 7.13254574e+01 7.13254574e+01 1.03078476e+02 1.73372523e+02 1.98434746e+02 2.70190211e+02 3.20231371e+02 3.72053071e+02 4.65118865e+02 5.72078495e+02 6.85263708e+02 5.40063375e-16 5.82394203e-16 2.22576896e-05 6.78127386e-17 2.58534546e-15 1.16411352e-16 2.71996087e-28 9.99898726e-01 1.10294090e-15 9.94482105e-01 8.98998963e-01 5.93233247e-01 9.29638051e-01 9.94608760e-01 9.99044803e-01 9.99759497e-01 1.56671196e-17 7.24095009e-18 1.40808813e-06 3.39725510e-07 3.39725510e-07 3.56292512e-03 3.56292512e-03 2.78758033e-03 1.81708750e-17 1.43378595e-02 2.95332667e-02 5.31342590e-03 2.47865809e-02 2.36113133e-02 1.99312159e-02 1.64291065e-02
6.86186186e-02 -2.06697975e+01 -2.06697975e+01 -2.50725144e-02 -6.80089411e-03 -6.80088669e-03 7.13254574e+01 7.13254574e+01 1.03074295e+02 1.73372523e+02 1.98379698e+02 2.70044904e+02 3.20240225e+02 3.71926707e+02 4.65040600e+02 5.72034778e+02 6.85239267e+02 4.35300987e-16 7.01633055e-16 2.23065003e-05 2.56227272e-15 5.71329052e-17 2.71563076e-28 2.00662644e-16 9.99898205e-01 7.55157239e-16 9.94451366e-01 8.99456306e-01 5.92999046e-01 9.29358707e-01 9.94623012e-01 9.99048171e-01 9.99760348e-01 3.72769951e-18 2.19444884e-17 1.40808813e-06 3.39725510e-07 3.39725510e-07 3.56292512e-03 3.56292512e-03 2.79475864e-03 2.18000557e-17 1.43823607e-02 2.95405098e-02 5.30516305e-03 2.47624732e-02 2.35646429e-02 1.98915732e-02 1.63984933e-02
6.87687688e-02 -2.06697975e+01 -2.06697975e+01 -2.50725137e-02 -6.80091011e-03 -6.80089419e-03 7.13254574e+01 7.13254574e+01 1.03070102e+02 1.73372523e+02 1.98324412e+02 2.69899646e+02 3.20249056e+02 3.71800747e+02 4.64962797e+02 5.71991326e+02 6.85214968e+02 3.66687917e-16 2.83886000e-16 2.23553110e-05 6.19297563e-17 2.53270636e-15 2.71132021e-28 2.83833204e-16 9.99897683e-01 1.56407043e-15 9.94420552e-01 8.99912431e-01 5.92764895e-01 9.29080221e-01 9.94637285e-01 9.99051526e-01 9.99761196e-01 1.16392955e-17 3.17934779e-18 1.40808813e-06 3.39725510e-07 3.39725510e-07 3.56292512e-03 3.56292512e-03 2.80194438e-03 4.15573697e-17 1.44268940e-02 2.95473879e-02 5.29691835e-03 2.47380989e-02 2.35180219e-02 1.98520450e-02 1.63679741e-02
6.89189189e-02 -2.06697975e+01 -2.06697975e+01 -2.50725137e-02 -6.80089698e-03 -6.80088652e-03 7.13254574e+01 7.13254574e+01 1.03065896e+02 1.73372523e+02 1.98268886e+02 2.69754440e+02 3.20257866e+02 3.71675193e+02 4.64885454e+02 5.71948137e+02 6.85190812e+02 6.12590782e-16 3.30368930e-16 2.24041217e-05 8.68469598e-17 2.56914909e-15 2.70702914e-28 9.63526613e-17 9.99897159e-01 4.13947778e-16 9.94389662e-01 9.00367331e-01 5.92530795e-01 9.28802601e-01 9.94651577e-01 9.99054868e-01 9.99762040e-01 1.28580523e-17 5.37675414e-18 1.40808813e-06 3.39725510e-07 3.39725510e-07 3.56292512e-03 3.56292512e-03 2.80913756e-03 1.33105293e-17 1.44714586e-02 2.95539009e-02 5.28869177e-03 2.47134618e-02 2.34714522e-02 1.98126314e-02 1.63375488e-02
6.90690691e-02 -2.06697975e+01 -2.06697975e+01 -2.50725139e-02 -6.80088829e-03 -6.80088716e-03 7.13254574e+01 7.13254574e+01 1.03061678e+02 1.73372523e+02 1.98213120e+02 2.69609291e+02 3.20266654e+02 3.71550046e+02 4.64808569e+02 5.71905209e+02 6.85166797e+02 6.65055714e-16 1.79764611e-16 2.24529325e-05 2.54255995e-15 7.24539118e-17 2.70275744e-28 1.39868536e-16 9.99896633e-01 1.14910169e-15 9.94358699e-01 9.00821000e-01 5.92296745e-01 9.28525858e-01 9.94665887e-01 9.99058198e-01 9.99762879e-01 6.86174217e-18 4.51007549e-18 1.40808813e-06 3.39725510e-07 3.39725510e-07 3.56292512e-03 3.56292512e-03 2.81633820e-03 2.54234749e-17 1.45160535e-02 2.95600487e-02 5.28048324e-03 2.46885659e-02 2.34249355e-02 1.97733324e-02 1.63072169e-02
6.92192192e-02 -2.06697975e+01 -2.06697975e+01 -2.50725139e-02 -6.80089643e-03 -6.80089539e-03 7.13254574e+01 7.13254574e+01 1.03057447e+02 1.73372523e+02 1.98157114e+02 2.69464201e+02 3.20275421e+02 3.71425308e+02 4.64732139e+02 5.71862541e+02 6.85142922e+02 5.10014451e-16 6.90109574e-16 2.25017432e-05 7.75532775e-17 2.54418390e-15 2.69850502e-28 2.97836879e-16 9.99896105e-01 5.08658055e-16 9.94327663e-01 9.01273431e-01 5.92062745e-01 9.28250001e-01 9.94680212e-01 9.99061515e-01 9.99763716e-01 4.35858793e-18 8.21004212e-18 1.40808813e-06 3.39725510e-07 3.39725510e-07 3.56292512e-03 3.56292512e-03 2.82354633e-03 6.13911772e-18 1.45606778e-02 2.95658313e-02 5.27229272e-03 2.46634148e-02 2.33784736e-02 1.97341479e-02 1.62769785e-02
6.93693694e-02 -2.06697975e+01 -2.06697975e+01 -2.50725138e-02 -6.80089821e-03 -6.80088225e-03 7.13254574e+01 7.13254574e+01 1.03053203e+02 1.73372523e+02 1.98100867e+02 2.69319175e+02 3.20284165e+02 3.71300978e+02 4.64656161e+02 5.71820130e+02 6.85119187e+02 5.51792515e-16 3.76388226e-16 2.25505539e-05 4.93271583e-18 2.64282172e-15 2.91737454e-28 1.40991021e-16 9.99895575e-01 4.80622785e-16 9.94296555e-01 9.01724616e-01 5.91828797e-01 9.27975040e-01 9.94694553e-01 9.99064818e-01 9.99764548e-01 1.29709026e-17 1.06318863e-17 1.40808813e-06 3.39725510e-07 3.39725510e-07 3.56292512e-03 3.56292512e-03 2.83076197e-03 2.96955444e-18 1.46053305e-02 2.95712487e-02 5.26412015e-03 2.46380123e-02 2.33320681e-02 1.96950780e-02 1.62468330e-02
6.95195195e-02 -2.06697975e+01 -2.06697975e+01 -2.50725136e-02 -6.80090787e-03 -6.80089193e-03 7.13254574e+01 7.13254574e+01 1.03048946e+02 1.73372523e+02 1.98044378e+02 2.69174216e+02 3.20292888e+02 3.71177058e+02 4.64580631e+02 5.71777975e+02 6.85095589e+02 2.27187458e-16 1.03624446e-15 2.25993646e-05 4.60245260e-14 1.97266268e-16 2.68433201e-28 3.26030603e-16 9.99895043e-01 5.33377640e-16 9.94265376e-01 9.02174551e-01 5.91594899e-01 9.27700983e-01 9.94708907e-01 9.99068110e-01 9.99765377e-01 8.51747567e-18 1.33065499e-17 1.40808813e-06 3.39725510e-07 3.39725510e-07 3.56292512e-03 3.56292512e-03 2.83798513e-03 2.28319754e-17 1.46500107e-02 2.95763009e-02 5.25596547e-03 2.46123623e-02 2.32857209e-02 1.96561225e-02 1.62167804e-02
6.96696697e-02 -2.06697975e+01 -2.06697975e+01 -2.50725139e-02 -6.80087851e-03 -6.80087762e-03 7.13254574e+01 7.13254574e+01 1.03044677e+02 1.73372523e+02 1.97987647e+02 2.69029328e+02 3.20301589e+02 3.71053548e+02 4.64505549e+02 5.71736073e+02 6.85072128e+02 1.23807443e-15 1.20098965e-15 2.26481753e-05 2.58497957e-15 5.54460443e-17 1.82099607e-16 2.68586251e-28 9.99894510e-01 3.30853287e-16 9.94234127e-01 9.02623227e-01 5.91361053e-01 9.27427840e-01 9.94723274e-01 9.99071388e-01 9.99766202e-01 2.60440546e-17 1.77406615e-17 1.40808813e-06 3.39725510e-07 3.39725510e-07 3.56292512e-03 3.56292512e-03 2.84521584e-03 9.13744783e-18 1.46947174e-02 2.95809880e-02 5.24782864e-03 2.45864684e-02 2.32394335e-02 1.96172816e-02 1.61868204e-02
6.98198198e-02 -2.06697975e+01 -2.06697975e+01 -2.50725145e-02 -6.80089381e-03 -6.80088606e-03 7.13254574e+01 7.13254574e+01 1.03040396e+02 1.73372523e+02 1.97930674e+02 2.68884514e+02 3.20310269e+02 3.70930450e+02 4.64430910e+02 5.71694423e+02 6.85048804e+02 3.09808426e-16 7.03678550e-16 2.26969861e-05 1.18633187e-16 4.60954200e-14 2.67598258e-28 2.73597131e-16 9.99893974e-01 9.29524383e-16 9.94202809e-01 9.03070639e-01 5.91127257e-01 9.27155619e-01 9.94737652e-01 9.99074654e-01 9.99767023e-01 4.55211490e-18 1.47969034e-17 1.40808813e-06 3.39725510e-07 3.39725510e-07 3.56292512e-03 3.56292512e-03 2.85245411e-03 2.39877812e-18 1.47394496e-02 2.95853100e-02 5.23970960e-03 2.45603343e-02 2.31932075e-02 1.95785552e-02 1.61569526e-02
6.99699700e-02 -2.06697975e+01 -2.06697975e+01 -2.50725138e-02 -6.80090100e-03 -6.80088048e-03 7.13254574e+01 7.13254574e+01 1.03036101e+02 1.73372523e+02 1.97873457e+02 2.68739778e+02 3.20318927e+02 3.70807764e+02 4.64356713e+02 5.71653023e+02 6.85025614e+02 6.65469230e-16 6.77698369e-16 2.27457968e-05 2.62807237e-15 9.10966639e-17 2.67752886e-28 2.62028080e-16 9.99893437e-01 1.26392619e-15 9.94171423e-01 9.03516781e-01 5.90893512e-01 9.26884330e-01 9.94752040e-01 9.99077907e-01 9.99767840e-01 6.07528100e-18 2.67660701e-17 1.40808813e-06 3.39725510e-07 3.39725510e-07 3.56292512e-03 3.56292512e-03 2.85969998e-03 3.36046508e-17 1.47842063e-02 2.95892671e-02 5.23160831e-03 2.45339638e-02 2.31470445e-02 1.95399432e-02 1.61271769e-02
7.01201201e-02 -2.06697975e+01 -2.06697975e+01 -2.50725140e-02 -6.80089332e-03 -6.80089167e-03 7.13254574e+01 7.13254574e+01 1.03031794e+02 1.73372523e+02 1.97815996e+02 2.68595124e+02 3.20327564e+02 3.70685491e+02 4.64282954e+02 5.71611872e+02 6.85002558e+02 8.82089498e-16 1.06778818e-15 2.27946075e-05 8.76774650e-17 2.60293980e-15 2.67339017e-28 7.37192044e-17 9.99892897e-01 1.25334003e-15 9.94139970e-01 9.03961647e-01 5.90659818e-01 9.26613982e-01 9.94766437e-01 9.99081147e-01 9.99768654e-01 4.76543835e-18 3.12816331e-18 1.40808813e-06 3.39725510e-07 3.39725510e-07 3.56292512e-03 3.56292512e-03 2.86695345e-03 2.46845982e-17 1.48289866e-02 2.95928594e-02 5.22352470e-03 2.45073604e-02 2.31009460e-02 1.95014455e-02 1.60974930e-02
7.02702703e-02 -2.06697975e+01 -2.06697975e+01 -2.50725137e-02 -6.80089560e-03 -6.80089107e-03 7.13254574e+01 7.13254574e+01 1.03027474e+02 1.73372523e+02 1.97758292e+02 2.68450555e+02 3.20336180e+02 3.70563631e+02 4.64209631e+02 5.71570966e+02 6.84979636e+02 6.17832162e-16 3.76428289e-16 2.28434182e-05 5.47967960e-17 2.65486975e-15 2.66927011e-28 4.45344097e-16 9.99892356e-01 4.20460517e-16 9.94108451e-01 9.04405230e-01 5.90426175e-01 9.26344581e-01 9.94780842e-01 9.99084374e-01 9.99769464e-01 1.26785205e-17 1.06885906e-17 1.40808813e-06 3.39725510e-07 3.39725510e-07 3.56292512e-03 3.56292512e-03 2.87421455e-03 7.00660026e-18 1.48737894e-02 2.95960871e-02 5.21545873e-03 2.44805280e-02 2.30549135e-02 1.94630621e-02 1.60679006e-02
7.04204204e-02 -2.06697975e+01 -2.06697975e+01 -2.50725144e-02 -6.80089857e-03 -6.80089395e-03 7.13254574e+01 7.13254574e+01 1.03023141e+02 1.73372523e+02 1.97700342e+02 2.68306075e+02 3.20344774e+02 3.70442185e+02 4.64136741e+02 5.71530306e+02 6.84956845e+02 8.06047028e-16 3.67452922e-16 2.28922290e-05 2.85790162e-16 4.65772314e-14 1.50154032e-16 2.65950846e-28 9.99891813e-01 5.37898586e-16 9.94076868e-01 9.04847525e-01 5.90192583e-01 9.26076138e-01 9.94795253e-01 9.99087589e-01 9.99770270e-01 1.81915126e-17 1.06901684e-17 1.40808813e-06 3.39725510e-07 3.39725510e-07 3.56292512e-03 3.56292512e-03 2.88148330e-03 7.02605020e-18 1.49186137e-02 2.95989504e-02 5.20741035e-03 2.44534701e-02 2.30089485e-02 1.94247930e-02 1.60383994e-02
7.05705706e-02 -2.06697975e+01 -2.06697975e+01 -2.50725133e-02 -6.80089619e-03 -6.80088382e-03 7.13254574e+01 7.13254574e+01 1.03018795e+02 1.73372523e+02 1.97642148e+02 2.68161687e+02 3.20353347e+02 3.70321154e+02 4.64064282e+02 5.71489887e+02 6.84934186e+02 8.59743125e-16 1.38852643e-15 2.29410397e-05 2.69366440e-15 6.83434912e-17 2.90486919e-16 2.66108550e-28 9.99891268e-01 8.32227146e-16 9.94045221e-01 9.05288527e-01 5.89959043e-01 9.25808660e-01 9.94809669e-01 9.99090791e-01 9.99771073e-01 4.27645081e-18 1.87955696e-17 1.40808813e-06 3.39725510e-07 3.39725510e-07 3.56292512e-03 3.56292512e-03 2.88875973e-03 2.20695699e-17 1.49634584e-02 2.96014494e-02 5.19937950e-03 2.44261903e-02 2.29630525e-02 1.93866380e-02 1.60089893e-02
7.07207207e-02 -2.06697975e+01 -2.06697975e+01 -2.50725152e-02 -6.80089891e-03 -6.80088318e-03 7.13254574e+01 7.13254574e+01 1.03014437e+02 1.73372523e+02 1.97583707e+02 2.68017395e+02 3.20361899e+02 3.70200538e+02 4.63992250e+02 5.71449710e+02 6.84911657e+02 5.66861759e-16 5.55205162e-16 2.29898504e-05 2.67155971e-15 5.28199464e-17 2.25378032e-16 2.65702078e-28 9.99890721e-01 1.69237328e-15 9.94013512e-01 9.05728230e-01 5.89725554e-01 9.25542155e-01 9.94824090e-01 9.99093981e-01 9.99771872e-01 3.44270920e-18 1.44917405e-17 1.40808813e-06 3.39725510e-07 3.39725510e-07 3.56292512e-03 3.56292512e-03 2.89604384e-03 3.62186770e-17 1.50083226e-02 2.96035845e-02 5.19136614e-03 2.43986922e-02 2.29172267e-02 1.93485970e-02 1.59796699e-02
7.08708709e-02 -2.06697975e+01 -2.06697975e+01 -2.50725132e-02 -6.80089405e-03 -6.80088810e-03 7.13254574e+01 7.13254574e+01 1.03010065e+02 1.73372523e+02 1.97525021e+02 2.67873203e+02 3.20370430e+02 3.70080338e+02 4.63920644e+02 5.71409772e+02 6.84889257e+02 4.30134329e-16 1.53246247e-15 2.30386611e-05 1.13538440e-16 2.63603014e-15 2.65297432e-28 2.14553425e-16 9.99890172e-01 4.41371478e-16 9.93981741e-01 9.06166627e-01 5.89492116e-01 9.25276632e-01 9.94838514e-01 9.99097157e-01 9.99772668e-01 1.43849630e-18 2.05698449e-18 1.40808813e-06 3.39725510e-07 3.39725510e-07 3.56292512e-03 3.56292512e-03 2.90333567e-03 1.69536791e-17 1.50532051e-02 2.96053559e-02 5.18337021e-03 2.43709794e-02 2.28714727e-02 1.93106700e-02 1.59504410e-02
7.10210210e-02 -2.06697975e+01 -2.06697975e+01 -2.50725145e-02 -6.80089477e-03 -6.80088537e-03 7.13254574e+01 7.13254574e+01 1.03005681e+02 1.73372523e+02 1.97466088e+02 2.67729114e+02 3.20378940e+02 3.69960554e+02 4.63849460e+02 5.71370072e+02 6.84866985e+02 3.87634557e-16 8.47557371e-16 2.30874718e-05 4.69628054e-14 1.22939317e-16 2.64332910e-28 1.60035767e-16 9.99889621e-01 8.49332182e-16 9.93949910e-01 9.06603715e-01 5.89258730e-01 9.25012097e-01 9.94852940e-01 9.99100321e-01 9.99773460e-01 8.86251150e-18 1.09673174e-17 1.40808813e-06 3.39725510e-07 3.39725510e-07 3.56292512e-03 3.56292512e-03 2.91063523e-03 2.52173356e-17 1.50981049e-02 2.96067638e-02 5.17539166e-03 2.43430554e-02 2.28257916e-02 1.92728569e-02 1.59213024e-02
7.11711712e-02 -2.06697975e+01 -2.06697975e+01 -2.50725142e-02 -6.80088319e-03 -6.80088005e-03 7.13254574e+01 7.13254574e+01 1.03001284e+02 1.73372523e+02 1.97406908e+02 2.67585131e+02 3.20387429e+02 3.69841186e+02 4.63778697e+02 5.71330607e+02 6.84844841e+02 2.28878223e-16 1.32094964e-15 2.31362826e-05 4.42283285e-17 2.58807484e-15 2.64493583e-28 2.05231553e-16 9.99889068e-01 4.07236398e-16 9.93918021e-01 9.07039488e-01 5.89025395e-01 9.24748558e-01 9.94867367e-01 9.99103473e-01 9.99774248e-01 3.95993533e-18 5.21919924e-18 1.40808813e-06 3.39725510e-07 3.39725510e-07 3.56292512e-03 3.56292512e-03 2.91794254e-03 4.93618141e-18 1.51430210e-02 2.96078087e-02 5.16743045e-03 2.43149238e-02 2.27801849e-02 1.92351575e-02 1.58922536e-02
7.13213213e-02 -2.06697975e+01 -2.06697975e+01 -2.50725140e-02 -6.80089697e-03 -6.80089590e-03 7.13254574e+01 7.13254574e+01 1.02996873e+02 1.73372523e+02 1.97347480e+02 2.67441259e+02 3.20395897e+02 3.69722235e+02 4.63708350e+02 5.71291377e+02 6.84822823e+02 8.31120085e-16 9.17519155e-16 2.31850933e-05 2.67037172e-15 8.31080044e-17 2.65902811e-28 1.82783519e-16 9.99888514e-01 1.57973531e-15 9.93886073e-01 9.07473941e-01 5.88792111e-01 9.24486024e-01 9.94881794e-01 9.99106611e-01 9.99775033e-01 2.02285145e-17 6.13657653e-18 1.40808813e-06 3.39725510e-07 3.39725510e-07 3.56292512e-03 3.56292512e-03 2.92525762e-03 3.48723677e-17 1.51879522e-02 2.96084909e-02 5.15948652e-03 2.42865881e-02 2.27346537e-02 1.91975718e-02 1.58632946e-02
7.14714715e-02 -2.06697975e+01 -2.06697975e+01 -2.50725136e-02 -6.80089886e-03 -6.80088615e-03 7.13254574e+01 7.13254574e+01 1.02992450e+02 1.73372523e+02 1.97287804e+02 2.67297501e+02 3.20404345e+02 3.69603702e+02 4.63638419e+02 5.71252378e+02 6.84800931e+02 6.00454135e-16 6.36229813e-16 2.32339040e-05 4.72418952e-14 1.17531924e-16 2.64953704e-28 2.67965411e-16 9.99887957e-01 1.69731101e-15 9.93854069e-01 9.07907068e-01 5.88558880e-01 9.24224501e-01 9.94896220e-01 9.99109737e-01 9.99775814e-01 6.76366677e-18 2.15418812e-18 1.40808813e-06 3.39725510e-07 3.39725510e-07 3.56292512e-03 3.56292512e-03 2.93258051e-03 4.58495355e-17 1.52328974e-02 2.96088107e-02 5.15155982e-03 2.42580517e-02 2.26891994e-02 1.91600995e-02 1.58344250e-02
7.16216216e-02 -2.06697975e+01 -2.06697975e+01 -2.50725142e-02 -6.80089433e-03 -6.80087791e-03 7.13254574e+01 7.13254574e+01 1.02988014e+02 1.73372523e+02 1.97227879e+02 2.67153859e+02 3.20412772e+02 3.69485586e+02 4.63568899e+02 5.71213611e+02 6.84779163e+02 7.17599552e-16 1.26309355e-15 2.32827147e-05 4.73236832e-14 1.12008581e-16 2.64563606e-28 1.21875744e-16 9.99887398e-01 3.68782698e-16 9.93822010e-01 9.08338866e-01 5.88325700e-01 9.23963996e-01 9.94910645e-01 9.99112851e-01 9.99776591e-01 3.23760998e-17 1.99653966e-17 1.40808813e-06 3.39725510e-07 3.39725510e-07 3.56292512e-03 3.56292512e-03 2.93991121e-03 3.69142879e-18 1.52778556e-02 2.96087686e-02 5.14365030e-03 2.42293181e-02 2.26438231e-02 1.91227406e-02 1.58056445e-02
7.17717718e-02 -2.06697975e+01 -2.06697975e+01 -2.50725141e-02 -6.80090429e-03 -6.80088979e-03 7.13254574e+01 7.13254574e+01 1.02983564e+02 1.73372523e+02 1.97167706e+02 2.67010338e+02 3.20421178e+02 3.69367887e+02 4.63499789e+02 5.71175072e+02 6.84757519e+02 1.21076804e-15 1.49692957e-15 2.33315255e-05 1.27126762e-16 2.67945627e-15 2.64729308e-28 1.98978029e-16 9.99886837e-01 1.16501927e-15 9.93789896e-01 9.08769329e-01 5.88092571e-01 9.23704517e-01 9.94925066e-01 9.99115952e-01 9.99777365e-01 1.04512767e-17 3.04450298e-18 1.40808813e-06 3.39725510e-07 3.39725510e-07 3.56292512e-03 3.56292512e-03 2.94724974e-03 2.99680289e-17 1.53228256e-02 2.96083649e-02 5.13575792e-03 2.42003908e-02 2.25985260e-02 1.90854950e-02 1.57769528e-02
7.19219219e-02 -2.06697975e+01 -2.06697975e+01 -2.50725137e-02 -6.80089446e-03 -6.80089192e-03 7.13254574e+01 7.13254574e+01 1.02979102e+02 1.73372523e+02 1.97107283e+02 2.66866942e+02 3.20429563e+02 3.69250607e+02 4.63431086e+02 5.71136760e+02 6.84735998e+02 2.71321025e-16 9.98692121e-16 2.33803362e-05 9.63278115e-17 2.69357377e-15 4.29306382e-16 2.66285004e-28 9.99886275e-01 6.59243155e-16 9.93757730e-01 9.09198453e-01 5.87859495e-01 9.23446070e-01 9.94939484e-01 9.99119040e-01 9.99778136e-01 8.58295092e-18 2.48868336e-17 1.40808813e-06 3.39725510e-07 3.39725510e-07 3.56292512e-03 3.56292512e-03 2.95459613e-03 1.51717646e-17 1.53678063e-02 2.96076002e-02 5.12788262e-03 2.41712732e-02 2.25533093e-02 1.90483625e-02 1.57483498e-02
7.20720721e-02 -2.06697975e+01 -2.06697975e+01 -2.50725142e-02 -6.80090596e-03 -6.80088251e-03 7.13254574e+01 7.13254574e+01 1.02974627e+02 1.73372523e+02 1.97046611e+02 2.66723673e+02 3.20437928e+02 3.69133745e+02 4.63362787e+02 5.71098674e+02 6.84714599e+02 1.20180581e-15 1.17585189e-15 2.34291469e-05 2.73806237e-15 4.77928735e-17 2.65903619e-28 3.10791572e-16 9.99885710e-01 2.97223611e-16 9.93725512e-01 9.09626233e-01 5.87626470e-01 9.23188662e-01 9.94953897e-01 9.99122116e-01 9.99778903e-01 1.78294861e-17 1.87664224e-17 1.40808813e-06 3.39725510e-07 3.39725510e-07 3.56292512e-03 3.56292512e-03 2.96195041e-03 3.97408683e-18 1.54127965e-02 2.96064748e-02 5.12002435e-03 2.41419686e-02 2.25081741e-02 1.90113428e-02 1.57198351e-02
7.22222222e-02 -2.06697975e+01 -2.06697975e+01 -2.50725147e-02 -6.80089761e-03 -6.80089298e-03 7.13254574e+01 7.13254574e+01 1.02970138e+02 1.73372523e+02 1.96985688e+02 2.66580535e+02 3.20446273e+02 3.69017302e+02 4.63294891e+02 5.71060812e+02 6.84693320e+02 4.31788407e-16 7.59182550e-16 2.34779576e-05 4.77693083e-14 2.36608942e-16 2.64975579e-28 2.87955932e-16 9.99885143e-01 6.15904401e-16 9.93693244e-01 9.10052665e-01 5.87393498e-01 9.22932300e-01 9.94968304e-01 9.99125179e-01 9.99779667e-01 1.72912503e-17 7.66072824e-19 1.40808813e-06 3.39725510e-07 3.39725510e-07 3.56292512e-03 3.56292512e-03 2.96931258e-03 5.17771924e-18 1.54577952e-02 2.96049895e-02 5.11218307e-03 2.41124804e-02 2.24631215e-02 1.89744360e-02 1.56914085e-02
7.23723724e-02 -2.06697975e+01 -2.06697975e+01 -2.50725139e-02 -6.80089912e-03 -6.80089375e-03 7.13254574e+01 7.13254574e+01 1.02965636e+02 1.73372523e+02 1.96924514e+02 2.66437532e+02 3.20454597e+02 3.68901277e+02 4.63227393e+02 5.71023172e+02 6.84672162e+02 7.32273837e-16 7.23177422e-16 2.35267683e-05 1.38374982e-16 2.73386837e-15 2.65145962e-28 2.00956452e-16 9.99884575e-01 1.92050741e-15 9.93660927e-01 9.10477745e-01 5.87160577e-01 9.22676990e-01 9.94982704e-01 9.99128230e-01 9.99780427e-01 1.66955270e-17 1.39476576e-17 1.40808813e-06 3.39725510e-07 3.39725510e-07 3.56292512e-03 3.56292512e-03 2.97668267e-03 2.82306620e-17 1.55028012e-02 2.96031445e-02 5.10435873e-03 2.40828119e-02 2.24181525e-02 1.89376418e-02 1.56630697e-02
7.25225225e-02 -2.06697975e+01 -2.06697975e+01 -2.50725146e-02 -6.80089630e-03 -6.80088691e-03 7.13254574e+01 7.13254574e+01 1.02961121e+02 1.73372523e+02 1.96863090e+02 2.66294667e+02 3.20462901e+02 3.68785671e+02 4.63160293e+02 5.70985754e+02 6.84651123e+02 3.55180407e-16 1.12485379e-15 2.35755791e-05 1.05521135e-16 4.79454509e-14 3.67145876e-16 2.64223417e-28 9.99884004e-01 9.91015403e-16 9.93628563e-01 9.10901469e-01 5.86927708e-01 9.22422738e-01 9.94997097e-01 9.99131268e-01 9.99781184e-01 3.12958332e-18 2.13218944e-17 1.40808813e-06 3.39725510e-07 3.39725510e-07 3.56292512e-03 3.56292512e-03 2.98406070e-03 1.54120346e-17 1.55478133e-02 2.96009406e-02 5.09655127e-03 2.40529666e-02 2.23732682e-02 1.89009601e-02 1.56348184e-02
7.26726727e-02 -2.06697975e+01 -2.06697975e+01 -2.50725141e-02 -6.80090853e-03 -6.80089540e-03 7.13254574e+01 7.13254574e+01 1.02956593e+02 1.73372523e+02 1.96801414e+02 2.66151943e+02 3.20471184e+02 3.68670484e+02 4.63093586e+02 5.70948554e+02 6.84630203e+02 2.87725562e-16 5.03763845e-16 2.36243898e-05 4.01593808e-17 2.73458664e-15 2.64395067e-28 9.85869405e-17 9.99883431e-01 2.24220840e-15 9.93596152e-01 9.11323832e-01 5.86694892e-01 9.22169551e-01 9.95011481e-01 9.99134294e-01 9.99781937e-01 4.73356663e-19 1.84182876e-18 1.40808813e-06 3.39725510e-07 3.39725510e-07 3.56292512e-03 3.56292512e-03 2.99144670e-03 3.93717944e-17 1.55928303e-02 2.95983782e-02 5.08876065e-03 2.40229476e-02 2.23284696e-02 1.88643907e-02 1.56066543e-02
7.28228228e-02 -2.06697975e+01 -2.06697975e+01 -2.50725146e-02 -6.80089052e-03 -6.80088927e-03 7.13254574e+01 7.13254574e+01 1.02952051e+02 1.73372523e+02 1.96739486e+02 2.66009364e+02 3.20479448e+02 3.68555715e+02 4.63027272e+02 5.70911572e+02 6.84609400e+02 1.75545461e-16 4.98543006e-16 2.36732005e-05 1.32469906e-16 2.71132632e-15 2.64022134e-28 1.01305717e-16 9.99882857e-01 7.29288293e-16 9.93563696e-01 9.11744830e-01 5.86462128e-01 9.21917435e-01 9.95025857e-01 9.99137307e-01 9.99782687e-01 5.29523781e-18 3.78389062e-18 1.40808813e-06 3.39725510e-07 3.39725510e-07 3.56292512e-03 3.56292512e-03 2.99884068e-03 1.84175472e-17 1.56378510e-02 2.95954581e-02 5.08098682e-03 2.39927582e-02 2.22837578e-02 1.88279333e-02 1.55785772e-02
7.29729730e-02 -2.06697975e+01 -2.06697975e+01 -2.50725146e-02 -6.80090158e-03 -6.80089433e-03 7.13254574e+01 7.13254574e+01 1.02947497e+02 1.73372523e+02 1.96677306e+02 2.65866933e+02 3.20487691e+02 3.68441366e+02 4.62961347e+02 5.70874805e+02 6.84588715e+02 1.20553002e-15 1.20997139e-16 2.37220112e-05 2.70259339e-15 1.14813745e-16 2.64980920e-16 2.63650866e-28 9.99882280e-01 3.52870100e-16 9.93531196e-01 9.12164461e-01 5.86229416e-01 9.21666394e-01 9.95040222e-01 9.99140308e-01 9.99783433e-01 3.03912538e-17 2.47806774e-18 1.40808813e-06 3.39725510e-07 3.39725510e-07 3.56292512e-03 3.56292512e-03 3.00624266e-03 1.11093328e-17 1.56828743e-02 2.95921808e-02 5.07322973e-03 2.39624017e-02 2.22391335e-02 1.87915879e-02 1.55505867e-02
7.31231231e-02 -2.06697975e+01 -2.06697975e+01 -2.50725146e-02 -6.80090134e-03 -6.80089870e-03 7.13254574e+01 7.13254574e+01 1.02942929e+02 1.73372523e+02 1.96614873e+02 2.65724654e+02 3.20495914e+02 3.68327435e+02 4.62895808e+02 5.70838253e+02 6.84568145e+02 4.00860367e-16 8.98873566e-16 2.37708220e-05 4.84051883e-14 4.16985897e-16 2.62739178e-28 1.58670042e-16 9.99881701e-01 6.20986626e-16 9.93498655e-01 9.12582720e-01 5.85996757e-01 9.21416437e-01 9.95054577e-01 9.99143297e-01 9.99784176e-01 7.30806892e-18 2.53832822e-18 1.40808813e-06 3.39725510e-07 3.39725510e-07 3.56292512e-03 3.56292512e-03 3.01365267e-03 7.99401352e-18 1.57278990e-02 2.95885470e-02 5.06548934e-03 2.39318813e-02 2.21945978e-02 1.87553543e-02 1.55226827e-02
7.32732733e-02 -2.06697975e+01 -2.06697975e+01 -2.50725138e-02 -6.80089757e-03 -6.80089436e-03 7.13254574e+01 7.13254574e+01 1.02938347e+02 1.73372523e+02 1.96552188e+02 2.65582529e+02 3.20504117e+02 3.68213922e+02 4.62830654e+02 5.70801914e+02 6.84547690e+02 5.10132344e-16 3.45684716e-16 2.38196327e-05 2.78793250e-15 5.12911929e-17 2.62913291e-28 2.97322375e-16 9.99881120e-01 4.98972057e-16 9.93466072e-01 9.12999603e-01 5.85764150e-01 9.21167566e-01 9.95068919e-01 9.99146273e-01 9.99784916e-01 1.90379314e-17 6.32618487e-18 1.40808813e-06 3.39725510e-07 3.39725510e-07 3.56292512e-03 3.56292512e-03 3.02107072e-03 2.47199170e-17 1.57729238e-02 2.95845573e-02 5.05776559e-03 2.39012001e-02 2.21501516e-02 1.87192321e-02 1.54948648e-02
7.34234234e-02 -2.06697975e+01 -2.06697975e+01 -2.50725141e-02 -6.80089617e-03 -6.80088760e-03 7.13254574e+01 7.13254574e+01 1.02933753e+02 1.73372523e+02 1.96489249e+02 2.65440563e+02 3.20512300e+02 3.68100829e+02 4.62765881e+02 5.70765787e+02 6.84527349e+02 4.43121756e-16 5.30707366e-16 2.38684434e-05 1.47955827e-16 4.85574939e-14 2.03857791e-16 2.62006965e-28 9.99880538e-01 5.78632639e-16 9.93433450e-01 9.13415108e-01 5.85531595e-01 9.20919790e-01 9.95083250e-01 9.99149237e-01 9.99785653e-01 1.57487104e-17 9.39597198e-18 1.40808813e-06 3.39725510e-07 3.39725510e-07 3.56292512e-03 3.56292512e-03 3.02849685e-03 1.37462876e-17 1.58179475e-02 2.95802125e-02 5.05005844e-03 2.38703614e-02 2.21057958e-02 1.86832213e-02 1.54671328e-02
7.35735736e-02 -2.06697975e+01 -2.06697975e+01 -2.50725148e-02 -6.80090558e-03 -6.80089252e-03 7.13254574e+01 7.13254574e+01 1.02929145e+02 1.73372523e+02 1.96426056e+02 2.65298758e+02 3.20520464e+02 3.67988153e+02 4.62701488e+02 5.70729869e+02 6.84507122e+02 5.49987802e-16 2.21665676e-16 2.39172541e-05 8.90037395e-17 2.77939551e-15 2.62182276e-28 2.51103116e-16 9.99879953e-01 2.86425452e-15 9.93400791e-01 9.13829230e-01 5.85299093e-01 9.20673111e-01 9.95097567e-01 9.99152189e-01 9.99786386e-01 2.07596635e-17 1.79693751e-18 1.40808813e-06 3.39725510e-07 3.39725510e-07 3.56292512e-03 3.56292512e-03 3.03593106e-03 7.50767129e-17 1.58629689e-02 2.95755133e-02 5.04236784e-03 2.38393684e-02 2.20615312e-02 1.86473217e-02 1.54394864e-02
7.37237237e-02 -2.06697975e+01 -2.06697975e+01 -2.50725142e-02 -6.80089268e-03 -6.80089104e-03 7.13254574e+01 7.13254574e+01 1.02924523e+02 1.73372523e+02 1.96362609e+02 2.65157118e+02 3.20528607e+02 3.67875897e+02 4.62637472e+02 5.70694159e+02 6.84487007e+02 1.18956553e-15 2.05122724e-16 2.39660648e-05 1.15160044e-16 2.78879748e-15 1.95400971e-16 2.54269699e-28 9.99879366e-01 1.51015060e-15 9.93368095e-01 9.14241967e-01 5.85066644e-01 9.20427537e-01 9.95111870e-01 9.99155128e-01 9.99787115e-01 1.06951968e-17 6.08120669e-18 1.40808813e-06 3.39725510e-07 3.39725510e-07 3.56292512e-03 3.56292512e-03 3.04337338e-03 2.36453550e-17 1.59079868e-02 2.95704605e-02 5.03469374e-03 2.38082240e-02 2.20173587e-02 1.86115329e-02 1.54119252e-02
7.38738739e-02 -2.06697975e+01 -2.06697975e+01 -2.50725137e-02 -6.80088786e-03 -6.80088566e-03 7.13254574e+01 7.13254574e+01 1.02919888e+02 1.73372523e+02 1.96298908e+02 2.65015647e+02 3.20536731e+02 3.67764058e+02 4.62573830e+02 5.70658656e+02 6.84467005e+02 4.67517040e-16 7.70357104e-16 2.40148756e-05 2.72191643e-15 2.15306844e-16 3.14084620e-16 2.53909869e-28 9.99878777e-01 1.38609498e-15 9.93335363e-01 9.14653315e-01 5.84834248e-01 9.20183071e-01 9.95126158e-01 9.99158055e-01 9.99787842e-01 8.15522380e-18 5.39078080e-18 1.40808813e-06 3.39725510e-07 3.39725510e-07 3.56292512e-03 3.56292512e-03 3.05082383e-03 4.73151034e-17 1.59529999e-02 2.95650549e-02 5.02703610e-03 2.37769314e-02 2.19732790e-02 1.85758549e-02 1.53844491e-02
7.40240240e-02 -2.06697975e+01 -2.06697975e+01 -2.50725143e-02 -6.80089874e-03 -6.80089423e-03 7.13254574e+01 7.13254574e+01 1.02915240e+02 1.73372523e+02 1.96234953e+02 2.64874347e+02 3.20544835e+02 3.67652637e+02 4.62510561e+02 5.70623359e+02 6.84447113e+02 5.32217819e-16 1.28252857e-15 2.40636863e-05 2.77644401e-15 1.19111008e-16 2.53551632e-28 1.35084684e-16 9.99878186e-01 5.29712395e-16 9.93302599e-01 9.15063272e-01 5.84601904e-01 9.19939718e-01 9.95140432e-01 9.99160970e-01 9.99788565e-01 2.26732617e-17 1.55774050e-17 1.40808813e-06 3.39725510e-07 3.39725510e-07 3.56292512e-03 3.56292512e-03 3.05828243e-03 1.28386504e-17 1.59980070e-02 2.95592971e-02 5.01939487e-03 2.37454936e-02 2.19292930e-02 1.85402874e-02 1.53570578e-02
7.41741742e-02 -2.06697975e+01 -2.06697975e+01 -2.50725149e-02 -6.80089481e-03 -6.80089304e-03 7.13254574e+01 7.13254574e+01 1.02910578e+02 1.73372523e+02 1.96170742e+02 2.64733221e+02 3.20552920e+02 3.67541634e+02 4.62447661e+02 5.70588265e+02 6.84427332e+02 4.31200909e-16 1.46577595e-15 2.41124970e-05 2.80097755e-15 9.49456463e-17 2.45715129e-28 1.54217788e-16 9.99877593e-01 2.03993616e-15 9.93269802e-01 9.15471834e-01 5.84369613e-01 9.19697485e-01 9.95154688e-01 9.99163873e-01 9.99789285e-01 1.89571069e-17 8.00102941e-18 1.40808813e-06 3.39725510e-07 3.39725510e-07 3.56292512e-03 3.56292512e-03 3.06574921e-03 6.61871982e-17 1.60430068e-02 2.95531882e-02 5.01177000e-03 2.37139138e-02 2.18854014e-02 1.85048302e-02 1.53297509e-02
7.43243243e-02 -2.06697975e+01 -2.06697975e+01 -2.50725137e-02 -6.80089588e-03 -6.80088984e-03 7.13254574e+01 7.13254574e+01 1.02905903e+02 1.73372523e+02 1.96106277e+02 2.64592273e+02 3.20560985e+02 3.67431049e+02 4.62385129e+02 5.70553374e+02 6.84407660e+02 3.26407879e-16 8.05352240e-16 2.41613077e-05 9.48339142e-17 2.81064128e-15 2.23703142e-16 2.45361645e-28 9.99876997e-01 1.82884139e-15 9.93236975e-01 9.15878999e-01 5.84137375e-01 9.19456374e-01 9.95168929e-01 9.99166764e-01 9.99790001e-01 8.78281987e-19 7.31299699e-18 1.40808813e-06 3.39725510e-07 3.39725510e-07 3.56292512e-03 3.56292512e-03 3.07322418e-03 2.79457375e-17 1.60879980e-02 2.95467288e-02 5.00416145e-03 2.36821948e-02 2.18416049e-02 1.84694830e-02 1.53025282e-02
7.44744745e-02 -2.06697975e+01 -2.06697975e+01 -2.50725136e-02 -6.80089873e-03 -6.80089512e-03 7.13254574e+01 7.13254574e+01 1.02901214e+02 1.73372523e+02 1.96041555e+02 2.64451507e+02 3.20569030e+02 3.67320881e+02 4.62322961e+02 5.70518683e+02 6.84388097e+02 7.34639448e-16 1.56112954e-15 2.42101185e-05 2.82648425e-15 4.02191539e-17 2.45009718e-28 1.82523347e-16 9.99876400e-01 9.03690456e-16 9.93204119e-01 9.16284763e-01 5.83905191e-01 9.19216391e-01 9.95183151e-01 9.99169642e-01 9.99790715e-01 3.54385640e-18 1.77545546e-17 1.40808813e-06 3.39725510e-07 3.39725510e-07 3.56292512e-03 3.56292512e-03 3.08070736e-03 1.74313811e-17 1.61329793e-02 2.95399200e-02 4.99656916e-03 2.36503398e-02 2.17979043e-02 1.84342457e-02 1.52753894e-02
7.46246246e-02 -2.06697975e+01 -2.06697975e+01 -2.50725146e-02 -6.80089362e-03 -6.80089072e-03 7.13254574e+01 7.13254574e+01 1.02896511e+02 1.73372523e+02 1.95976578e+02 2.64310924e+02 3.20577056e+02 3.67211129e+02 4.62261156e+02 5.70484192e+02 6.84368642e+02 4.11280366e-16 7.27189432e-16 2.42589292e-05 5.41618639e-17 2.81482240e-15 2.44659340e-28 2.48875463e-16 9.99875801e-01 7.62539698e-16 9.93171235e-01 9.16689125e-01 5.83673059e-01 9.18977539e-01 9.95197356e-01 9.99172508e-01 9.99791425e-01 7.92428791e-18 1.23784056e-17 1.40808813e-06 3.39725510e-07 3.39725510e-07 3.56292512e-03 3.56292512e-03 3.08819879e-03 9.83722287e-18 1.61779495e-02 2.95327625e-02 4.98899310e-03 2.36183516e-02 2.17543003e-02 1.83991179e-02 1.52483343e-02
7.47747748e-02 -2.06697975e+01 -2.06697975e+01 -2.50725143e-02 -6.80089932e-03 -6.80088623e-03 7.13254574e+01 7.13254574e+01 1.02891795e+02 1.73372523e+02 1.95911345e+02 2.64170529e+02 3.20585063e+02 3.67101795e+02 4.62199711e+02 5.70449899e+02 6.84349294e+02 2.97547967e-16 3.25642111e-16 2.43077399e-05 1.62310356e-16 2.75971520e-15 2.44310503e-28 1.53573983e-16 9.99875199e-01 3.58011403e-16 9.93138325e-01 9.17092082e-01 5.83440980e-01 9.18739824e-01 9.95211541e-01 9.99175363e-01 9.99792132e-01 3.24490102e-18 8.18875430e-18 1.40808813e-06 3.39725510e-07 3.39725510e-07 3.56292512e-03 3.56292512e-03 3.09569847e-03 3.10144443e-18 1.62229073e-02 2.95252573e-02 4.98143321e-03 2.35862332e-02 2.17107935e-02 1.83640995e-02 1.52213625e-02
7.49249249e-02 -2.06697975e+01 -2.06697975e+01 -2.50725137e-02 -6.80090520e-03 -6.80088826e-03 7.13254574e+01 7.13254574e+01 1.02887065e+02 1.73372523e+02 1.95845855e+02 2.64030325e+02 3.20593050e+02 3.66992876e+02 4.62138623e+02 5.70415802e+02 6.84330052e+02 5.44557729e-16 7.09249590e-16 2.43565506e-05 1.87551366e-16 2.76434387e-15 2.43963200e-28 1.67702943e-16 9.99874596e-01 6.76055691e-16 9.93105392e-01 9.17493630e-01 5.83208955e-01 9.18503249e-01 9.95225707e-01 9.99178205e-01 9.99792836e-01 2.32050206e-18 2.66509579e-18 1.40808813e-06 3.39725510e-07 3.39725510e-07 3.56292512e-03 3.56292512e-03 3.10320642e-03 1.07484431e-17 1.62678513e-02 2.95174054e-02 4.97388946e-03 2.35539875e-02 2.16673846e-02 1.83291902e-02 1.51944738e-02
7.50750751e-02 -2.06697975e+01 -2.06697975e+01 -2.50725139e-02 -6.80090016e-03 -6.80089675e-03 7.13254574e+01 7.13254574e+01 1.02882322e+02 1.73372523e+02 1.95780109e+02 2.63890315e+02 3.20601018e+02 3.66884373e+02 4.62077892e+02 5.70381901e+02 6.84310917e+02 1.99620929e-15 3.96645802e-16 2.44053613e-05 2.84950511e-15 6.46428138e-17 1.43323697e-16 2.43617423e-28 9.99873990e-01 6.75256263e-16 9.93072435e-01 9.17893769e-01 5.82976983e-01 9.18267818e-01 9.95239854e-01 9.99181036e-01 9.99793536e-01 1.67930930e-17 3.34526089e-18 1.40808813e-06 3.39725510e-07 3.39725510e-07 3.56292512e-03 3.56292512e-03 3.11072268e-03 2.43478613e-17 1.63127802e-02 2.95092078e-02 4.96636179e-03 2.35216174e-02 2.16240743e-02 1.82943898e-02 1.51676679e-02
7.52252252e-02 -2.06697975e+01 -2.06697975e+01 -2.50725145e-02 -6.80089436e-03 -6.80089247e-03 7.13254574e+01 7.13254574e+01 1.02877565e+02 1.73372523e+02 1.95714106e+02 2.63750501e+02 3.20608967e+02 3.66776285e+02 4.62017513e+02 5.70348194e+02 6.84291886e+02 9.25729916e-16 1.16456499e-15 2.44541721e-05 3.42394547e-17 2.87958101e-15 2.43273164e-28 2.67774833e-16 9.99873382e-01 1.46835523e-15 9.93039457e-01 9.18292496e-01 5.82745065e-01 9.18033535e-01 9.95253979e-01 9.99183854e-01 9.99794233e-01 7.15398252e-18 9.07372833e-18 1.40808813e-06 3.39725510e-07 3.39725510e-07 3.56292512e-03 3.56292512e-03 3.11824726e-03 4.48300084e-17 1.63576928e-02 2.95006653e-02 4.95885015e-03 2.34891257e-02 2.15808631e-02 1.82596980e-02 1.51409445e-02
7.53753754e-02 -2.06697975e+01 -2.06697975e+01 -2.50725145e-02 -6.80090111e-03 -6.80088973e-03 7.13254574e+01 7.13254574e+01 1.02872794e+02 1.73372523e+02 1.95647846e+02 2.63610888e+02 3.20616897e+02 3.66668613e+02 4.61957486e+02 5.70314679e+02 6.84272959e+02 3.55608244e-16 1.46253535e-15 2.45029828e-05 9.71157136e-17 2.83801368e-15 2.42930415e-28 1.38524831e-16 9.99872772e-01 5.45616949e-16 9.93006460e-01 9.18689808e-01 5.82513200e-01 9.17800403e-01 9.95268083e-01 9.99186660e-01 9.99794928e-01 1.19961425e-17 4.10923633e-17 1.40808813e-06 3.39725510e-07 3.39725510e-07 3.56292512e-03 3.56292512e-03 3.12578018e-03 8.72984838e-18 1.64025877e-02 2.94917791e-02 4.95135451e-03 2.34565153e-02 2.15377516e-02 1.82251145e-02 1.51143034e-02
7.55255255e-02 -2.06697975e+01 -2.06697975e+01 -2.50725152e-02 -6.80090668e-03 -6.80089387e-03 7.13254574e+01 7.13254574e+01 1.02868009e+02 1.73372523e+02 1.95581329e+02 2.63471477e+02 3.20624807e+02 3.66561354e+02 4.61897807e+02 5.70281354e+02 6.84254136e+02 1.00736431e-15 4.24882053e-16 2.45517935e-05 1.12584673e-16 2.78214023e-15 1.17647411e-16 2.42589169e-28 9.99872160e-01 1.17733064e-15 9.92973445e-01 9.19085703e-01 5.82281388e-01 9.17568427e-01 9.95282166e-01 9.99189455e-01 9.99795619e-01 1.32999171e-17 7.71362884e-18 1.40808813e-06 3.39725510e-07 3.39725510e-07 3.56292512e-03 3.56292512e-03 3.13332147e-03 3.36468962e-17 1.64474635e-02 2.94825501e-02 4.94387482e-03 2.34237889e-02 2.14947404e-02 1.81906392e-02 1.50877442e-02
7.56756757e-02 -2.06697975e+01 -2.06697975e+01 -2.50725147e-02 -6.80089894e-03 -6.80088754e-03 7.13254574e+01 7.13254574e+01 1.02863211e+02 1.73372523e+02 1.95514554e+02 2.63332273e+02 3.20632699e+02 3.66454510e+02 4.61838474e+02 5.70248220e+02 6.84235416e+02 3.14795577e-16 2.03655611e-15 2.46006042e-05 2.86227710e-15 7.42873667e-17 4.49444416e-16 2.42249418e-28 9.99871546e-01 1.11852994e-15 9.92940414e-01 9.19480181e-01 5.82049631e-01 9.17337609e-01 9.95296226e-01 9.99192238e-01 9.99796307e-01 5.26876150e-18 3.72419591e-18 1.40808813e-06 3.39725510e-07 3.39725510e-07 3.56292512e-03 3.56292512e-03 3.14087114e-03 3.88364435e-17 1.64923190e-02 2.94729794e-02 4.93641103e-03 2.33909494e-02 2.14518301e-02 1.81562718e-02 1.50612667e-02
7.58258258e-02 -2.06697975e+01 -2.06697975e+01 -2.50725138e-02 -6.80089322e-03 -6.80089210e-03 7.13254574e+01 7.13254574e+01 1.02858399e+02 1.73372523e+02 1.95447521e+02 2.63193278e+02 3.20640571e+02 3.66348079e+02 4.61779485e+02 5.70215274e+02 6.84216797e+02 4.12491382e-16 3.46159915e-16 2.46494149e-05 2.78785717e-15 1.38309559e-16 2.41911154e-28 9.71417051e-17 9.99870930e-01 6.24215174e-16 9.92907368e-01 9.19873238e-01 5.81817927e-01 9.17107954e-01 9.95310263e-01 9.99195009e-01 9.99796992e-01 1.00090437e-17 4.26186687e-19 1.40808813e-06 3.39725510e-07 3.39725510e-07 3.56292512e-03 3.56292512e-03 3.14842921e-03 1.16297901e-17 1.65371527e-02 2.94630681e-02 4.92896310e-03 2.33579994e-02 2.14090211e-02 1.81220119e-02 1.50348706e-02
7.59759760e-02 -2.06697975e+01 -2.06697975e+01 -2.50725144e-02 -6.80089690e-03 -6.80088994e-03 7.13254574e+01 7.13254574e+01 1.02853573e+02 1.73372523e+02 1.95380230e+02 2.63054495e+02 3.20648425e+02 3.66242061e+02 4.61720838e+02 5.70182515e+02 6.84198280e+02 1.13103726e-15 1.94427052e-16 2.46982257e-05 5.02652466e-14 1.90780359e-16 2.00249366e-16 2.41045924e-28 9.99870311e-01 6.17314694e-16 9.92874309e-01 9.20264873e-01 5.81586276e-01 9.16879464e-01 9.95324277e-01 9.99197768e-01 9.99797673e-01 4.10720718e-17 3.12902567e-18 1.40808813e-06 3.39725510e-07 3.39725510e-07 3.56292512e-03 3.56292512e-03 3.15599572e-03 1.76133896e-17 1.65819633e-02 2.94528173e-02 4.92153098e-03 2.33249418e-02 2.13663141e-02 1.80878594e-02 1.50085556e-02
7.61261261e-02 -2.06697975e+01 -2.06697975e+01 -2.50725140e-02 -6.80089518e-03 -6.80089017e-03 7.13254574e+01 7.13254574e+01 1.02848733e+02 1.73372523e+02 1.95312682e+02 2.62915927e+02 3.20656260e+02 3.66136455e+02 4.61662530e+02 5.70149941e+02 6.84179864e+02 5.87406293e-16 1.49094620e-15 2.47470364e-05 2.14069604e-16 2.66488711e-14 1.99315935e-16 2.40975309e-28 9.99869691e-01 1.68153461e-15 9.92841239e-01 9.20655084e-01 5.81354680e-01 9.16652142e-01 9.95338266e-01 9.99200516e-01 9.99798352e-01 7.66510542e-18 3.40351343e-17 1.40808813e-06 3.39725510e-07 3.39725510e-07 3.56292512e-03 3.56292512e-03 3.16357067e-03 3.48646744e-17 1.66267495e-02 2.94422281e-02 4.91411463e-03 2.32917792e-02 2.13237094e-02 1.80538139e-02 1.49823215e-02
7.62762763e-02 -2.06697975e+01 -2.06697975e+01 -2.50725143e-02 -6.80089924e-03 -6.80089658e-03 7.13254574e+01 7.13254574e+01 1.02843879e+02 1.73372523e+02 1.95244875e+02 2.62777577e+02 3.20664076e+02 3.66031261e+02 4.61604560e+02 5.70117552e+02 6.84161548e+02 1.51488102e-15 6.73376752e-16 2.47958471e-05 2.66461769e-14 2.47629222e-16 2.40641958e-28 1.41053391e-16 9.99869068e-01 1.38929560e-15 9.92808159e-01 9.21043870e-01 5.81123137e-01 9.16425991e-01 9.95352231e-01 9.99203251e-01 9.99799028e-01 2.65330716e-17 3.82671926e-19 1.40808813e-06 3.39725510e-07 3.39725510e-07 3.56292512e-03 3.56292512e-03 3.17115409e-03 4.50200499e-17 1.66715099e-02 2.94313017e-02 4.90671401e-03 2.32585143e-02 2.12812077e-02 1.80198753e-02 1.49561679e-02
7.64264264e-02 -2.06697975e+01 -2.06697975e+01 -2.50725139e-02 -6.80088848e-03 -6.80088785e-03 7.13254574e+01 7.13254574e+01 1.02839012e+02 1.73372523e+02 1.95176809e+02 2.62639448e+02 3.20671873e+02 3.65926478e+02 4.61546924e+02 5.70085346e+02 6.84143330e+02 3.45490075e-16 9.20348685e-16 2.48446578e-05 2.82309790e-15 1.38147745e-16 2.40572825e-28 1.97496506e-16 9.99868443e-01 1.25829972e-15 9.92775071e-01 9.21431230e-01 5.80891649e-01 9.16201014e-01 9.95366171e-01 9.99205975e-01 9.99799700e-01 9.96917657e-18 4.71428415e-18 1.40808813e-06 3.39725510e-07 3.39725510e-07 3.56292512e-03 3.56292512e-03 3.17874601e-03 2.79582162e-17 1.67162430e-02 2.94200392e-02 4.89932906e-03 2.32251496e-02 2.12388092e-02 1.79860431e-02 1.49300946e-02
7.65765766e-02 -2.06697975e+01 -2.06697975e+01 -2.50725138e-02 -6.80089523e-03 -6.80088356e-03 7.13254574e+01 7.13254574e+01 1.02834130e+02 1.73372523e+02 1.95108485e+02 2.62501543e+02 3.20679652e+02 3.65822106e+02 4.61489622e+02 5.70053322e+02 6.84125212e+02 5.46171963e-16 4.61329991e-16 2.48934686e-05 2.87957309e-15 1.43600378e-16 9.35060023e-17 2.40241887e-28 9.99867816e-01 6.48898489e-16 9.92741978e-01 9.21817161e-01 5.80660215e-01 9.15977213e-01 9.95380086e-01 9.99208688e-01 9.99800370e-01 1.11190398e-17 1.86303262e-17 1.40808813e-06 3.39725510e-07 3.39725510e-07 3.56292512e-03 3.56292512e-03 3.18634643e-03 1.35789120e-17 1.67609476e-02 2.94084417e-02 4.89195974e-03 2.31916880e-02 2.11965146e-02 1.79523173e-02 1.49041014e-02
7.67267267e-02 -2.06697975e+01 -2.06697975e+01 -2.50725145e-02 -6.80089813e-03 -6.80089747e-03 7.13254574e+01 7.13254574e+01 1.02829234e+02 1.73372523e+02 1.95039903e+02 2.62363866e+02 3.20687412e+02 3.65718143e+02 4.61432650e+02 5.70021478e+02 6.84107191e+02 7.87785420e-16 1.43597508e-15 2.49422793e-05 2.84680610e-15 1.08557639e-16 3.65221601e-16 2.39912391e-28 9.99867187e-01 4.93403890e-16 9.92708879e-01 9.22201663e-01 5.80428835e-01 9.15754592e-01 9.95393975e-01 9.99211389e-01 9.99801037e-01 1.02238278e-18 3.84614800e-18 1.40808813e-06 3.39725510e-07 3.39725510e-07 3.56292512e-03 3.56292512e-03 3.19395540e-03 1.67400576e-17 1.68056222e-02 2.93965107e-02 4.88460602e-03 2.31581318e-02 2.11543241e-02 1.79186974e-02 1.48781878e-02
7.68768769e-02 -2.06697975e+01 -2.06697975e+01 -2.50725140e-02 -6.80090108e-03 -6.80088922e-03 7.13254574e+01 7.13254574e+01 1.02824325e+02 1.73372523e+02 1.94971061e+02 2.62226418e+02 3.20695154e+02 3.65614590e+02 4.61376007e+02 5.69989813e+02 6.84089267e+02 5.48186053e-16 1.15600921e-15 2.49910900e-05 2.68962255e-14 7.02448142e-17 2.39323041e-28 2.23341189e-16 9.99866555e-01 1.77826232e-15 9.92675779e-01 9.22584734e-01 5.80197509e-01 9.15533153e-01 9.95407837e-01 9.99214078e-01 9.99801700e-01 1.33369506e-17 3.54615797e-18 1.40808813e-06 3.39725510e-07 3.39725510e-07 3.56292512e-03 3.56292512e-03 3.20157291e-03 4.10131930e-17 1.68502655e-02 2.93842471e-02 4.87726785e-03 2.31244838e-02 2.11122383e-02 1.78851832e-02 1.48523538e-02
7.70270270e-02 -2.06697975e+01 -2.06697975e+01 -2.50725135e-02 -6.80088925e-03 -6.80088284e-03 7.13254574e+01 7.13254574e+01 1.02819401e+02 1.73372523e+02 1.94901961e+02 2.62089202e+02 3.20702877e+02 3.65511445e+02 4.61319690e+02 5.69958326e+02 6.84071440e+02 4.83878790e-16 8.73392896e-16 2.50399007e-05 2.69100259e-14 1.71450639e-16 4.01975423e-16 2.38996897e-28 9.99865922e-01 3.19611596e-15 9.92642677e-01 9.22966373e-01 5.79966237e-01 9.15312897e-01 9.95421672e-01 9.99216756e-01 9.99802361e-01 1.29379544e-17 2.02982665e-17 1.40808813e-06 3.39725510e-07 3.39725510e-07 3.56292512e-03 3.56292512e-03 3.20919901e-03 5.95477249e-17 1.68948760e-02 2.93716523e-02 4.86994518e-03 2.30907463e-02 2.10702574e-02 1.78517744e-02 1.48265989e-02
7.71771772e-02 -2.06697975e+01 -2.06697975e+01 -2.50725137e-02 -6.80090875e-03 -6.80089530e-03 7.13254574e+01 7.13254574e+01 1.02814463e+02 1.73372523e+02 1.94832601e+02 2.61952222e+02 3.20710581e+02 3.65408708e+02 4.61263697e+02 5.69927016e+02 6.84053709e+02 2.70520038e-16 6.07307948e-16 2.50887114e-05 6.51721052e-14 1.09696973e-16 8.89409203e-17 2.40202135e-28 9.99865286e-01 2.05269533e-15 9.92609576e-01 9.23346580e-01 5.79735020e-01 9.15093828e-01 9.95435480e-01 9.99219423e-01 9.99803018e-01 1.14630888e-17 1.24129159e-17 1.40808813e-06 3.39725510e-07 3.39725510e-07 3.56292512e-03 3.56292512e-03 3.21683370e-03 4.45609747e-17 1.69394523e-02 2.93587276e-02 4.86263796e-03 2.30569221e-02 2.10283820e-02 1.78184708e-02 1.48009228e-02
7.73273273e-02 -2.06697975e+01 -2.06697975e+01 -2.50725142e-02 -6.80090526e-03 -6.80089497e-03 7.13254574e+01 7.13254574e+01 1.02809511e+02 1.73372523e+02 1.94762983e+02 2.61815481e+02 3.20718268e+02 3.65306378e+02 4.61208026e+02 5.69895881e+02 6.84036073e+02 1.00954100e-15 5.84554289e-16 2.51375222e-05 6.52923256e-14 1.39185215e-16 3.24679842e-16 2.39877197e-28 9.99864648e-01 5.48950450e-16 9.92576478e-01 9.23725352e-01 5.79503858e-01 9.14875948e-01 9.95449260e-01 9.99222078e-01 9.99803673e-01 3.23729632e-17 1.19485988e-17 1.40808813e-06 3.39725510e-07 3.39725510e-07 3.56292512e-03 3.56292512e-03 3.22447701e-03 2.30065648e-17 1.69839930e-02 2.93454743e-02 4.85534617e-03 2.30230134e-02 2.09866123e-02 1.77852720e-02 1.47753255e-02
7.74774775e-02 -2.06697975e+01 -2.06697975e+01 -2.50725139e-02 -6.80089682e-03 -6.80089079e-03 7.13254574e+01 7.13254574e+01 1.02804545e+02 1.73372523e+02 1.94693105e+02 2.61678980e+02 3.20725935e+02 3.65204454e+02 4.61152674e+02 5.69864920e+02 6.84018531e+02 4.61820402e-16 7.06156128e-16 2.51863329e-05 7.09708284e-17 1.71165093e-14 2.40025200e-28 1.58609967e-16 9.99864007e-01 7.90759936e-16 9.92543384e-01 9.24102690e-01 5.79272750e-01 9.14659257e-01 9.95463012e-01 9.99224721e-01 9.99804325e-01 1.73247570e-18 2.25884507e-17 1.40808813e-06 3.39725510e-07 3.39725510e-07 3.56292512e-03 3.56292512e-03 3.23212896e-03 1.47046700e-17 1.70284967e-02 2.93318936e-02 4.84806975e-03 2.29890229e-02 2.09449486e-02 1.77521778e-02 1.47498064e-02
7.76276276e-02 -2.06697975e+01 -2.06697975e+01 -2.50725137e-02 -6.80088805e-03 -6.80088480e-03 7.13254574e+01 7.13254574e+01 1.02799565e+02 1.73372523e+02 1.94622967e+02 2.61542723e+02 3.20733585e+02 3.65102936e+02 4.61097641e+02 5.69834132e+02 6.84001083e+02 2.19393541e-16 3.54538061e-16 2.52351436e-05 6.55780675e-14 4.35016763e-16 1.22958125e-16 2.40756563e-28 9.99863365e-01 1.77806501e-15 9.92510297e-01 9.24478593e-01 5.79041696e-01 9.14443759e-01 9.95476735e-01 9.99227353e-01 9.99804974e-01 2.66604411e-18 3.17759509e-18 1.40808813e-06 3.39725510e-07 3.39725510e-07 3.56292512e-03 3.56292512e-03 3.23978958e-03 4.81508745e-17 1.70729620e-02 2.93179868e-02 4.84080865e-03 2.29549529e-02 2.09033914e-02 1.77191878e-02 1.47243654e-02
7.77777778e-02 -2.06697975e+01 -2.06697975e+01 -2.50725146e-02 -6.80089591e-03 -6.80089543e-03 7.13254574e+01 7.13254574e+01 1.02794571e+02 1.73372523e+02 1.94552571e+02 2.61406713e+02 3.20741217e+02 3.65001822e+02 4.61042923e+02 5.69803516e+02 6.83983729e+02 6.11683777e-16 3.99632849e-16 2.52839543e-05 6.56770396e-14 2.92878111e-15 2.06154049e-16 2.40436899e-28 9.99862720e-01 3.54313350e-16 9.92477217e-01 9.24853059e-01 5.78810698e-01 9.14229455e-01 9.95490429e-01 9.99229974e-01 9.99805619e-01 1.53130531e-17 1.09049554e-17 1.40808813e-06 3.39725510e-07 3.39725510e-07 3.56292512e-03 3.56292512e-03 3.24745888e-03 1.98166153e-18 1.71173874e-02 2.93037554e-02 4.83356285e-03 2.29208058e-02 2.08619409e-02 1.76863018e-02 1.46990023e-02
7.79279279e-02 -2.06697975e+01 -2.06697975e+01 -2.50725141e-02 -6.80089747e-03 -6.80089423e-03 7.13254574e+01 7.13254574e+01 1.02789562e+02 1.73372523e+02 1.94481915e+02 2.61270952e+02 3.20748830e+02 3.64901113e+02 4.60988519e+02 5.69773070e+02 6.83966467e+02 6.71584231e-16 5.48232383e-16 2.53327651e-05 6.57643547e-14 4.07367704e-16 2.41117382e-28 2.95565103e-16 9.99862073e-01 9.33371434e-16 9.92444148e-01 9.25226089e-01 5.78579754e-01 9.14016346e-01 9.95504094e-01 9.99232584e-01 9.99806262e-01 8.31882027e-18 1.27825010e-17 1.40808813e-06 3.39725510e-07 3.39725510e-07 3.56292512e-03 3.56292512e-03 3.25513689e-03 5.49955568e-18 1.71617716e-02 2.92892008e-02 4.82633228e-03 2.28865840e-02 2.08205975e-02 1.76535196e-02 1.46737166e-02
7.80780781e-02 -2.06697975e+01 -2.06697975e+01 -2.50725135e-02 -6.80090050e-03 -6.80089111e-03 7.13254574e+01 7.13254574e+01 1.02784539e+02 1.73372523e+02 1.94411000e+02 2.61135443e+02 3.20756425e+02 3.64800806e+02 4.60934426e+02 5.69742794e+02 6.83949297e+02 2.93752139e-16 5.82271240e-16 2.53815758e-05 6.58992959e-14 1.99284566e-16 2.40801311e-28 1.98305157e-16 9.99861424e-01 1.40770559e-15 9.92411090e-01 9.25597680e-01 5.78348865e-01 9.13804434e-01 9.95517729e-01 9.99235182e-01 9.99806902e-01 1.00443588e-17 3.21784332e-18 1.40808813e-06 3.39725510e-07 3.39725510e-07 3.56292512e-03 3.56292512e-03 3.26282362e-03 4.79533577e-17 1.72061130e-02 2.92743242e-02 4.81911692e-03 2.28522899e-02 2.07793613e-02 1.76208407e-02 1.46485082e-02
7.82282282e-02 -2.06697975e+01 -2.06697975e+01 -2.50725137e-02 -6.80089448e-03 -6.80089327e-03 7.13254574e+01 7.13254574e+01 1.02779502e+02 1.73372523e+02 1.94339825e+02 2.61000189e+02 3.20764002e+02 3.64700902e+02 4.60880642e+02 5.69712685e+02 6.83932218e+02 9.44023733e-16 5.37321468e-16 2.54303865e-05 3.58188362e-16 1.73128002e-14 1.51068831e-16 2.39973311e-28 9.99860772e-01 2.56040927e-15 9.92378046e-01 9.25967834e-01 5.78118032e-01 9.13593721e-01 9.95531334e-01 9.99237770e-01 9.99807540e-01 1.60495263e-17 1.16053675e-17 1.40808813e-06 3.39725510e-07 3.39725510e-07 3.56292512e-03 3.56292512e-03 3.27051910e-03 6.46923176e-17 1.72504102e-02 2.92591271e-02 4.81191672e-03 2.28179258e-02 2.07382327e-02 1.75882649e-02 1.46233767e-02
7.83783784e-02 -2.06697975e+01 -2.06697975e+01 -2.50725127e-02 -6.80090801e-03 -6.80089394e-03 7.13254574e+01 7.13254574e+01 1.02774451e+02 1.73372523e+02 1.94268390e+02 2.60865192e+02 3.20771561e+02 3.64601399e+02 4.60827166e+02 5.69682744e+02 6.83915230e+02 5.99723604e-16 8.85790455e-16 2.54791972e-05 1.51722736e-16 6.61565035e-14 2.40173251e-28 1.65535943e-16 9.99860119e-01 4.24031531e-16 9.92345017e-01 9.26336550e-01 5.77887253e-01 9.13384208e-01 9.95544908e-01 9.99240346e-01 9.99808174e-01 2.57158838e-17 3.20711046e-17 1.40808813e-06 3.39725510e-07 3.39725510e-07 3.56292512e-03 3.56292512e-03 3.27822335e-03 3.86279850e-18 1.72946619e-02 2.92436109e-02 4.80473163e-03 2.27834939e-02 2.06972120e-02 1.75557919e-02 1.45983219e-02
7.85285285e-02 -2.06697975e+01 -2.06697975e+01 -2.50725144e-02 -6.80090190e-03 -6.80089086e-03 7.13254574e+01 7.13254574e+01 1.02769385e+02 1.73372523e+02 1.94196696e+02 2.60730455e+02 3.20779102e+02 3.64502297e+02 4.60773995e+02 5.69652968e+02 6.83898333e+02 5.65286760e-16 2.54771030e-16 2.55280079e-05 6.62591392e-14 2.14378033e-16 1.38218317e-16 2.39861248e-28 9.99859463e-01 9.95238558e-16 9.92312005e-01 9.26703827e-01 5.77656529e-01 9.13175896e-01 9.95558451e-01 9.99242911e-01 9.99808806e-01 1.72485596e-17 7.76964209e-18 1.40808813e-06 3.39725510e-07 3.39725510e-07 3.56292512e-03 3.56292512e-03 3.28593640e-03 3.32502698e-17 1.73388664e-02 2.92277771e-02 4.79756162e-03 2.27489967e-02 2.06562993e-02 1.75234214e-02 1.45733436e-02
7.86786787e-02 -2.06697975e+01 -2.06697975e+01 -2.50725143e-02 -6.80090214e-03 -6.80090025e-03 7.13254574e+01 7.13254574e+01 1.02764304e+02 1.73372523e+02 1.94124743e+02 2.60595980e+02 3.20786626e+02 3.64403595e+02 4.60721127e+02 5.69623357e+02 6.83881524e+02 7.91179516e-16 4.41968004e-16 2.55768187e-05 5.05383422e-16 4.18812901e-14 2.39295341e-28 2.64905226e-16 9.99858805e-01 1.55446305e-15 9.92279012e-01 9.27069665e-01 5.77425861e-01 9.12968786e-01 9.95571964e-01 9.99245465e-01 9.99809434e-01 6.77719197e-18 1.72482372e-17 1.40808813e-06 3.39725510e-07 3.39725510e-07 3.56292512e-03 3.56292512e-03 3.29365825e-03 3.54951837e-17 1.73830225e-02 2.92116271e-02 4.79040664e-03 2.27144363e-02 2.06154950e-02 1.74911531e-02 1.45484414e-02
7.88288288e-02 -2.06697975e+01 -2.06697975e+01 -2.50725143e-02 -6.80090159e-03 -6.80088716e-03 7.13254574e+01 7.13254574e+01 1.02759210e+02 1.73372523e+02 1.94052530e+02 2.60461771e+02 3.20794131e+02 3.64305291e+02 4.60668560e+02 5.69593909e+02 6.83864805e+02 4.94965189e-16 2.63673872e-16 2.56256294e-05 1.51059683e-16 6.66345125e-14 2.39241259e-28 1.86376244e-16 9.99858144e-01 7.33839346e-16 9.92246041e-01 9.27434064e-01 5.77195248e-01 9.12762879e-01 9.95585445e-01 9.99248008e-01 9.99810060e-01 1.10676579e-17 7.25766494e-18 1.40808813e-06 3.39725510e-07 3.39725510e-07 3.56292512e-03 3.56292512e-03 3.30138895e-03 4.79775987e-18 1.74271286e-02 2.91951624e-02 4.78326665e-03 2.26798150e-02 2.05747992e-02 1.74589866e-02 1.45236150e-02
7.89789790e-02 -2.06697975e+01 -2.06697975e+01 -2.50725139e-02 -6.80089560e-03 -6.80088450e-03 7.13254574e+01 7.13254574e+01 1.02754101e+02 1.73372523e+02 1.93980058e+02 2.60327829e+02 3.20801619e+02 3.64207385e+02 4.60616293e+02 5.69564624e+02 6.83848173e+02 5.65507325e-16 5.36395054e-16 2.56744401e-05 1.34050055e-16 6.67686787e-14 2.38933260e-28 1.25867936e-16 9.99857481e-01 6.29105324e-16 9.92213092e-01 9.27797024e-01 5.76964691e-01 9.12558176e-01 9.95598893e-01 9.99250540e-01 9.99810683e-01 9.74138908e-19 1.08968264e-17 1.40808813e-06 3.39725510e-07 3.39725510e-07 3.56292512e-03 3.56292512e-03 3.30912849e-03 1.27853593e-17 1.74711832e-02 2.91783846e-02 4.77614161e-03 2.26451349e-02 2.05342121e-02 1.74269218e-02 1.44988642e-02
7.91291291e-02 -2.06697975e+01 -2.06697975e+01 -2.50725149e-02 -6.80090235e-03 -6.80089895e-03 7.13254574e+01 7.13254574e+01 1.02748977e+02 1.73372523e+02 1.93907327e+02 2.60194157e+02 3.20809089e+02 3.64109876e+02 4.60564323e+02 5.69535500e+02 6.83831630e+02 4.26970970e-16 2.46768341e-16 2.57232508e-05 4.21892090e-14 2.58362452e-16 2.38372751e-28 1.81559409e-16 9.99856816e-01 3.75469696e-16 9.92180168e-01 9.28158544e-01 5.76734189e-01 9.12354678e-01 9.95612310e-01 9.99253061e-01 9.99811304e-01 6.08976936e-18 4.15496941e-18 1.40808813e-06 3.39725510e-07 3.39725510e-07 3.56292512e-03 3.56292512e-03 3.31687692e-03 8.09632942e-18 1.75151849e-02 2.91612950e-02 4.76903148e-03 2.26103983e-02 2.04937339e-02 1.73949583e-02 1.44741888e-02
7.92792793e-02 -2.06697975e+01 -2.06697975e+01 -2.50725138e-02 -6.80089442e-03 -6.80088954e-03 7.13254574e+01 7.13254574e+01 1.02743839e+02 1.73372523e+02 1.93834336e+02 2.60060758e+02 3.20816541e+02 3.64012763e+02 4.60512648e+02 5.69506535e+02 6.83815173e+02 2.74955597e-16 4.30946061e-16 2.57720616e-05 2.81474973e-16 6.69575463e-14 1.21805471e-22 2.65981986e-16 9.99856149e-01 1.14848168e-15 9.92147271e-01 9.28518625e-01 5.76503742e-01 9.12152386e-01 9.95625694e-01 9.99255571e-01 9.99811921e-01 1.22231845e-17 3.10073508e-18 1.40808813e-06 3.39725510e-07 3.39725510e-07 3.56292512e-03 3.56292512e-03 3.32463424e-03 3.24426239e-17 1.75591323e-02 2.91438953e-02 4.76193621e-03 2.25756072e-02 2.04533648e-02 1.73630957e-02 1.44495884e-02
7.94294294e-02 -2.06697975e+01 -2.06697975e+01 -2.50725144e-02 -6.80089368e-03 -6.80087887e-03 7.13254574e+01 7.13254574e+01 1.02738686e+02 1.73372523e+02 1.93761086e+02 2.59927634e+02 3.20823976e+02 3.63916045e+02 4.60461266e+02 5.69477730e+02 6.83798803e+02 8.12207257e-16 6.30231998e-16 2.58208723e-05 1.07955983e-16 6.71185521e-14 1.48581075e-16 1.21718835e-22 9.99855479e-01 1.28489656e-15 9.92114402e-01 9.28877268e-01 5.76273351e-01 9.11951299e-01 9.95639046e-01 9.99258070e-01 9.99812536e-01 9.19762390e-18 2.21890057e-17 1.40808813e-06 3.39725510e-07 3.39725510e-07 3.56292512e-03 3.56292512e-03 3.33240049e-03 2.64661728e-17 1.76030238e-02 2.91261871e-02 4.75485577e-03 2.25407639e-02 2.04131050e-02 1.73313338e-02 1.44250628e-02
7.95795796e-02 -2.06697975e+01 -2.06697975e+01 -2.50725148e-02 -6.80089958e-03 -6.80089400e-03 7.13254574e+01 7.13254574e+01 1.02733519e+02 1.73372523e+02 1.93687577e+02 2.59794787e+02 3.20831393e+02 3.63819721e+02 4.60410176e+02 5.69449083e+02 6.83782519e+02 5.25546251e-16 2.50660356e-16 2.58696830e-05 2.50775883e-16 6.72361920e-14 1.31603412e-16 1.21633047e-22 9.99854807e-01 4.37862430e-16 9.92081564e-01 9.29234471e-01 5.76043016e-01 9.11751419e-01 9.95652365e-01 9.99260559e-01 9.99813148e-01 1.87877556e-17 7.88227254e-18 1.40808813e-06 3.39725510e-07 3.39725510e-07 3.56292512e-03 3.56292512e-03 3.34017568e-03 1.38412772e-17 1.76468580e-02 2.91081718e-02 4.74779010e-03 2.25058704e-02 2.03729546e-02 1.72996722e-02 1.44006117e-02
7.97297297e-02 -2.06697975e+01 -2.06697975e+01 -2.50725145e-02 -6.80091232e-03 -6.80088870e-03 7.13254574e+01 7.13254574e+01 1.02728337e+02 1.73372523e+02 1.93613809e+02 2.59662220e+02 3.20838793e+02 3.63723791e+02 4.60359375e+02 5.69420592e+02 6.83766320e+02 5.49609013e-16 4.28501351e-16 2.59184937e-05 7.86448122e-17 1.76586442e-14 2.36909067e-28 2.16962846e-16 9.99854133e-01 8.98453739e-16 9.92048758e-01 9.29590235e-01 5.75812737e-01 9.11552747e-01 9.95665650e-01 9.99263036e-01 9.99813757e-01 2.64044380e-18 1.86031408e-18 1.40808813e-06 3.39725510e-07 3.39725510e-07 3.56292512e-03 3.56292512e-03 3.34795983e-03 8.21859930e-18 1.76906335e-02 2.90898511e-02 4.74073918e-03 2.24709288e-02 2.03329137e-02 1.72681107e-02 1.43762349e-02
7.98798799e-02 -2.06697975e+01 -2.06697975e+01 -2.50725144e-02 -6.80090179e-03 -6.80089821e-03 7.13254574e+01 7.13254574e+01 1.02723141e+02 1.73372523e+02 1.93539782e+02 2.59529935e+02 3.20846175e+02 3.63628252e+02 4.60308861e+02 5.69392257e+02 6.83750206e+02 5.25866717e-16 2.49670297e-16 2.59673044e-05 4.19505159e-16 6.74784317e-14 1.21464007e-22 3.29757200e-16 9.99853456e-01 6.59273959e-16 9.92015987e-01 9.29944561e-01 5.75582514e-01 9.11355281e-01 9.95678901e-01 9.99265503e-01 9.99814364e-01 5.25596285e-18 7.77802191e-19 1.40808813e-06 3.39725510e-07 3.39725510e-07 3.56292512e-03 3.56292512e-03 3.35575296e-03 2.96148886e-17 1.77343486e-02 2.90712266e-02 4.73370297e-03 2.24359411e-02 2.02929826e-02 1.72366490e-02 1.43519320e-02
8.00300300e-02 -2.06697975e+01 -2.06697975e+01 -2.50725139e-02 -6.80090945e-03 -6.80089414e-03 7.13254574e+01 7.13254574e+01 1.02717930e+02 1.73372523e+02 1.93465496e+02 2.59397935e+02 3.20853540e+02 3.63533104e+02 4.60258633e+02 5.69364076e+02 6.83734176e+02 9.94695530e-16 4.58808162e-16 2.60161152e-05 8.53615948e-17 1.77218057e-14 2.41419975e-16 2.36311858e-28 9.99852777e-01 3.60906339e-16 9.91983252e-01 9.30297449e-01 5.75352346e-01 9.11159023e-01 9.95692119e-01 9.99267959e-01 9.99814968e-01 1.08976797e-17 1.32930843e-17 1.40808813e-06 3.39725510e-07 3.39725510e-07 3.56292512e-03 3.56292512e-03 3.36355511e-03 4.96310480e-18 1.77780020e-02 2.90522998e-02 4.72668141e-03 2.24009095e-02 2.02531612e-02 1.72052866e-02 1.43277028e-02
8.01801802e-02 -2.06697975e+01 -2.06697975e+01 -2.50725149e-02 -6.80089439e-03 -6.80089428e-03 7.13254574e+01 7.13254574e+01 1.02712704e+02 1.73372523e+02 1.93390951e+02 2.59266222e+02 3.20860888e+02 3.63438346e+02 4.60208688e+02 5.69336049e+02 6.83718230e+02 2.91973861e-16 4.36632080e-16 2.60649259e-05 1.76369377e-27 1.03566860e-27 6.15021811e-45 3.33760163e-27 9.99852096e-01 1.19880795e-15 9.91950555e-01 9.30648899e-01 5.75122235e-01 9.10963972e-01 9.95705303e-01 9.99270405e-01 9.99815569e-01 3.69403500e-18 1.38124742e-17 1.40808813e-06 3.39725510e-07 3.39725510e-07 3.56292512e-03 3.56292512e-03 3.37136628e-03 4.92205691e-17 1.78215922e-02 2.90330725e-02 4.71967447e-03 2.23658357e-02 2.02134498e-02 1.71740234e-02 1.43035471e-02
8.03303303e-02 -2.06697975e+01 -2.06697975e+01 -2.50725148e-02 -6.80089439e-03 -6.80089428e-03 7.13254574e+01 7.13254574e+01 1.02707463e+02 1.73372523e+02 1.93316148e+02 2.59134799e+02 3.20868218e+02 3.63343978e+02 4.60159025e+02 5.69308175e+02 6.83702366e+02 6.58795648e-16 2.57397286e-16 2.61137366e-05 1.76045937e-27 1.03376931e-27 6.14497542e-45 3.33148088e-27 9.99851412e-01 1.41749625e-15 9.91917898e-01 9.30998913e-01 5.74892180e-01 9.10770129e-01 9.95718452e-01 9.99272840e-01 9.99816167e-01 3.14647172e-17 1.30049531e-17 1.40808813e-06 3.39725510e-07 3.39725510e-07 3.56292512e-03 3.56292512e-03 3.37918651e-03 2.54307103e-17 1.78651177e-02 2.90135463e-02 4.71268211e-03 2.23307220e-02 2.01738483e-02 1.71428590e-02 1.42794645e-02
8.04804805e-02 -2.06697975e+01 -2.06697975e+01 -2.50725139e-02 -6.80090253e-03 -6.80089660e-03 7.13254574e+01 7.13254574e+01 1.02702208e+02 1.73372523e+02 1.93241087e+02 2.59003667e+02 3.20875531e+02 3.63249997e+02 4.60109642e+02 5.69280451e+02 6.83686585e+02 6.91460534e-16 2.96739540e-16 2.61625473e-05 2.48272721e-16 6.79677338e-14 1.21135959e-22 1.83354315e-16 9.99850726e-01 4.12622960e-16 9.91885283e-01 9.31347490e-01 5.74662181e-01 9.10577494e-01 9.95731567e-01 9.99275265e-01 9.99816763e-01 2.51523010e-17 1.07968160e-18 1.40808813e-06 3.39725510e-07 3.39725510e-07 3.56292512e-03 3.56292512e-03 3.38701580e-03 1.24077320e-17 1.79085769e-02 2.89937228e-02 4.70570429e-03 2.22955701e-02 2.01343570e-02 1.71117930e-02 1.42554547e-02
8.06306306e-02 -2.06697975e+01 -2.06697975e+01 -2.50725132e-02 -6.80089852e-03 -6.80088500e-03 7.13254574e+01 7.13254574e+01 1.02696938e+02 1.73372523e+02 1.93165768e+02 2.58872828e+02 3.20882827e+02 3.63156403e+02 4.60060537e+02 5.69252878e+02 6.83670886e+02 6.73913979e-16 3.06666090e-16 2.62113580e-05 3.53435549e-17 1.78424846e-14 2.11026125e-16 2.35132653e-28 9.99850038e-01 1.09802344e-15 9.91852713e-01 9.31694630e-01 5.74432239e-01 9.10386065e-01 9.95744647e-01 9.99277679e-01 9.99817357e-01 3.64091890e-18 6.00703811e-18 1.40808813e-06 3.39725510e-07 3.39725510e-07 3.56292512e-03 3.56292512e-03 3.39485419e-03 2.73717397e-17 1.79519685e-02 2.89736038e-02 4.69874097e-03 2.22603821e-02 2.00949759e-02 1.70808253e-02 1.42315177e-02
8.07807808e-02 -2.06697975e+01 -2.06697975e+01 -2.50725135e-02 -6.80090487e-03 -6.80089389e-03 7.13254574e+01 7.13254574e+01 1.02691653e+02 1.73372523e+02 1.93090190e+02 2.58742286e+02 3.20890106e+02 3.63063195e+02 4.60011708e+02 5.69225455e+02 6.83655269e+02 6.55760298e-16 7.29971463e-16 2.62601688e-05 1.47131032e-16 6.81999332e-14 1.34689509e-16 2.35338432e-28 9.99849347e-01 1.00067606e-15 9.91820189e-01 9.32040336e-01 5.74202353e-01 9.10195844e-01 9.95757692e-01 9.99280082e-01 9.99817947e-01 2.65957928e-17 2.14881907e-17 1.40808813e-06 3.39725510e-07 3.39725510e-07 3.56292512e-03 3.56292512e-03 3.40270170e-03 2.02398995e-17 1.79952909e-02 2.89531909e-02 4.69179210e-03 2.22251598e-02 2.00557050e-02 1.70499553e-02 1.42076529e-02
8.09309309e-02 -2.06697975e+01 -2.06697975e+01 -2.50725141e-02 -6.80089403e-03 -6.80088778e-03 7.13254574e+01 7.13254574e+01 1.02686353e+02 1.73372523e+02 1.93014355e+02 2.58612042e+02 3.20897367e+02 3.62970371e+02 4.59963153e+02 5.69198179e+02 6.83639732e+02 7.05730411e-16 3.06619497e-16 2.63089795e-05 6.83755421e-14 2.38849712e-16 1.20898590e-22 9.63666110e-17 9.99848654e-01 1.21186615e-15 9.91787712e-01 9.32384607e-01 5.73972523e-01 9.10006830e-01 9.95770702e-01 9.99282475e-01 9.99818535e-01 1.90238815e-17 1.32873163e-17 1.40808813e-06 3.39725510e-07 3.39725510e-07 3.56292512e-03 3.56292512e-03 3.41055834e-03 3.90159799e-17 1.80385427e-02 2.89324858e-02 4.68485766e-03 2.21899052e-02 2.00165443e-02 1.70191829e-02 1.41838603e-02
8.10810811e-02 -2.06697975e+01 -2.06697975e+01 -2.50725146e-02 -6.80090693e-03 -6.80089674e-03 7.13254574e+01 7.13254574e+01 1.02681038e+02 1.73372523e+02 1.92938262e+02 2.58482098e+02 3.20904612e+02 3.62877932e+02 4.59914871e+02 5.69171051e+02 6.83624276e+02 8.58750768e-16 6.32514663e-16 2.63577902e-05 4.32665400e-14 1.18436941e-16 2.34509152e-28 2.20654377e-16 9.99847959e-01 1.25908113e-15 9.91755286e-01 9.32727445e-01 5.73742750e-01 9.09819021e-01 9.95783676e-01 9.99284858e-01 9.99819120e-01 2.68229608e-17 1.55257001e-17 1.40808813e-06 3.39725510e-07 3.39725510e-07 3.56292512e-03 3.56292512e-03 3.41842414e-03 4.26660956e-17 1.80817223e-02 2.89114904e-02 4.67793759e-03 2.21546200e-02 1.99774941e-02 1.69885077e-02 1.41601395e-02
8.12312312e-02 -2.06697975e+01 -2.06697975e+01 -2.50725136e-02 -6.80089585e-03 -6.80089534e-03 7.13254574e+01 7.13254574e+01 1.02675709e+02 1.73372523e+02 1.92861912e+02 2.58352456e+02 3.20911840e+02 3.62785874e+02 4.59866859e+02 5.69144069e+02 6.83608899e+02 5.57462201e-16 4.28786153e-16 2.64066009e-05 2.97152494e-15 6.85533018e-14 2.60654316e-16 2.34468117e-28 9.99847261e-01 1.78783424e-15 9.91722911e-01 9.33068850e-01 5.73513034e-01 9.09632419e-01 9.95796615e-01 9.99287230e-01 9.99819703e-01 1.85112867e-17 1.23519412e-17 1.40808813e-06 3.39725510e-07 3.39725510e-07 3.56292512e-03 3.56292512e-03 3.42629912e-03 4.42091265e-17 1.81248282e-02 2.88902062e-02 4.67103186e-03 2.21193062e-02 1.99385542e-02 1.69579295e-02 1.41364903e-02
8.13813814e-02 -2.06697975e+01 -2.06697975e+01 -2.50725138e-02 -6.80089841e-03 -6.80088614e-03 7.13254574e+01 7.13254574e+01 1.02670364e+02 1.73372523e+02 1.92785305e+02 2.58223120e+02 3.20919050e+02 3.62694198e+02 4.59819116e+02 5.69117232e+02 6.83593601e+02 2.99558682e-16 6.24686580e-16 2.64554117e-05 4.33764007e-14 9.19596648e-17 1.39644796e-16 2.33933533e-28 9.99846560e-01 2.84418489e-16 9.91690591e-01 9.33408823e-01 5.73283374e-01 9.09447021e-01 9.95809518e-01 9.99289592e-01 9.99820283e-01 8.22697319e-18 1.98977084e-17 1.40808813e-06 3.39725510e-07 3.39725510e-07 3.56292512e-03 3.56292512e-03 3.43418331e-03 6.48622727e-18 1.81678591e-02 2.88686352e-02 4.66414044e-03 2.20839655e-02 1.98997247e-02 1.69274478e-02 1.41129123e-02
8.15315315e-02 -2.06697975e+01 -2.06697975e+01 -2.50725137e-02 -6.80089673e-03 -6.80089482e-03 7.13254574e+01 7.13254574e+01 1.02665004e+02 1.73372523e+02 1.92708441e+02 2.58094089e+02 3.20926244e+02 3.62602903e+02 4.59771640e+02 5.69090540e+02 6.83578382e+02 5.68832555e-16 6.81062689e-16 2.65042224e-05 2.43347156e-16 1.80067560e-14 1.31937298e-16 2.33401110e-28 9.99845858e-01 8.48498793e-16 9.91658326e-01 9.33747366e-01 5.73053772e-01 9.09262828e-01 9.95822385e-01 9.99291944e-01 9.99820861e-01 1.68689396e-17 2.63438438e-17 1.40808813e-06 3.39725510e-07 3.39725510e-07 3.56292512e-03 3.56292512e-03 3.44207671e-03 2.03652769e-17 1.82108133e-02 2.88467790e-02 4.65726327e-03 2.20485997e-02 1.98610057e-02 1.68970623e-02 1.40894054e-02
8.16816817e-02 -2.06697975e+01 -2.06697975e+01 -2.50725134e-02 -6.80090178e-03 -6.80088395e-03 7.13254574e+01 7.13254574e+01 1.02659630e+02 1.73372523e+02 1.92631320e+02 2.57965368e+02 3.20933421e+02 3.62511986e+02 4.59724429e+02 5.69063990e+02 6.83563242e+02 6.06296187e-16 5.39443068e-16 2.65530331e-05 6.90051872e-14 1.38411116e-16 2.53826842e-16 2.33608813e-28 9.99845153e-01 1.40739608e-15 9.91626119e-01 9.34084478e-01 5.72824226e-01 9.09079839e-01 9.95835216e-01 9.99294285e-01 9.99821436e-01 3.39998617e-19 1.71923569e-17 1.40808813e-06 3.39725510e-07 3.39725510e-07 3.56292512e-03 3.56292512e-03 3.44997937e-03 3.58548866e-17 1.82536895e-02 2.88246395e-02 4.65040033e-03 2.20132106e-02 1.98223971e-02 1.68667728e-02 1.40659693e-02
8.18318318e-02 -2.06697975e+01 -2.06697975e+01 -2.50725147e-02 -6.80089595e-03 -6.80089566e-03 7.13254574e+01 7.13254574e+01 1.02654240e+02 1.73372523e+02 1.92553943e+02 2.57836957e+02 3.20940581e+02 3.62421447e+02 4.59677481e+02 5.69037583e+02 6.83548179e+02 1.33328772e-16 8.67134850e-16 2.66018438e-05 1.40451408e-15 1.80080432e-14 2.32833664e-28 1.53768523e-16 9.99844445e-01 4.73832998e-16 9.91593973e-01 9.34420162e-01 5.72594737e-01 9.08898052e-01 9.95848010e-01 9.99296617e-01 9.99822009e-01 6.57180635e-19 1.93972804e-17 1.40808813e-06 3.39725510e-07 3.39725510e-07 3.56292512e-03 3.56292512e-03 3.45789128e-03 1.87396322e-17 1.82964860e-02 2.88022185e-02 4.64355157e-03 2.19777999e-02 1.97838989e-02 1.68365789e-02 1.40426037e-02
8.19819820e-02 -2.06697975e+01 -2.06697975e+01 -2.50725141e-02 -6.80089769e-03 -6.80089671e-03 7.13254574e+01 7.13254574e+01 1.02648835e+02 1.73372523e+02 1.92476311e+02 2.57708860e+02 3.20947725e+02 3.62331286e+02 4.59630796e+02 5.69011318e+02 6.83533193e+02 7.10322747e-16 4.28013765e-16 2.66506545e-05 6.92550794e-14 1.52363313e-15 1.98631727e-16 2.33041977e-28 9.99843735e-01 2.81932450e-15 9.91561888e-01 9.34754419e-01 5.72365306e-01 9.08717467e-01 9.95860768e-01 9.99298938e-01 9.99822579e-01 1.87568914e-17 5.87874274e-18 1.40808813e-06 3.39725510e-07 3.39725510e-07 3.56292512e-03 3.56292512e-03 3.46581249e-03 5.47936991e-17 1.83392015e-02 2.87795177e-02 4.63671695e-03 2.19423694e-02 1.97455112e-02 1.68064803e-02 1.40193083e-02
8.21321321e-02 -2.06697975e+01 -2.06697975e+01 -2.50725142e-02 -6.80088851e-03 -6.80088000e-03 7.13254574e+01 7.13254574e+01 1.02643415e+02 1.73372523e+02 1.92398422e+02 2.57581076e+02 3.20954852e+02 3.62241499e+02 4.59584370e+02 5.68985192e+02 6.83518284e+02 4.17854790e-16 8.44607480e-16 2.66994653e-05 1.65297528e-16 6.93928888e-14 1.20301182e-22 1.16827808e-16 9.99843023e-01 1.35984616e-15 9.91529867e-01 9.35087249e-01 5.72135932e-01 9.08538083e-01 9.95873489e-01 9.99301249e-01 9.99823146e-01 1.43557168e-17 6.00705510e-18 1.40808813e-06 3.39725510e-07 3.39725510e-07 3.56292512e-03 3.56292512e-03 3.47374301e-03 2.40706170e-17 1.83818345e-02 2.87565390e-02 4.62989644e-03 2.19069207e-02 1.97072338e-02 1.67764767e-02 1.39960830e-02
8.22822823e-02 -2.06697975e+01 -2.06697975e+01 -2.50725136e-02 -6.80090601e-03 -6.80089703e-03 7.13254574e+01 7.13254574e+01 1.02637980e+02 1.73372523e+02 1.92320278e+02 2.57453610e+02 3.20961962e+02 3.62152088e+02 4.59538202e+02 5.68959206e+02 6.83503451e+02 2.80786081e-16 3.14322781e-16 2.67482760e-05 1.88128448e-16 6.94979790e-14 2.78874194e-16 2.32479911e-28 9.99842308e-01 8.24169843e-16 9.91497912e-01 9.35418654e-01 5.71906614e-01 9.08359899e-01 9.95886174e-01 9.99303550e-01 9.99823711e-01 3.78547318e-19 9.29751503e-18 1.40808813e-06 3.39725510e-07 3.39725510e-07 3.56292512e-03 3.56292512e-03 3.48168286e-03 3.09249317e-17 1.84243834e-02 2.87332843e-02 4.62308999e-03 2.18714555e-02 1.96690669e-02 1.67465678e-02 1.39729273e-02
8.24324324e-02 -2.06697975e+01 -2.06697975e+01 -2.50725138e-02 -6.80090169e-03 -6.80089083e-03 7.13254574e+01 7.13254574e+01 1.02632530e+02 1.73372523e+02 1.92241879e+02 2.57326462e+02 3.20969056e+02 3.62063050e+02 4.59492291e+02 5.68933358e+02 6.83488693e+02 2.92046802e-16 1.06189772e-15 2.67970867e-05 1.35285165e-16 6.96287319e-14 2.03281307e-16 2.32200651e-28 9.99841591e-01 6.46723273e-16 9.91466024e-01 9.35748636e-01 5.71677355e-01 9.08182913e-01 9.95898821e-01 9.99305841e-01 9.99824274e-01 1.18970411e-17 2.61312336e-17 1.40808813e-06 3.39725510e-07 3.39725510e-07 3.56292512e-03 3.56292512e-03 3.48963207e-03 1.06550408e-17 1.84668467e-02 2.87097554e-02 4.61629757e-03 2.18359754e-02 1.96310103e-02 1.67167532e-02 1.39498412e-02
8.25825826e-02 -2.06697975e+01 -2.06697975e+01 -2.50725147e-02 -6.80089791e-03 -6.80089729e-03 7.13254574e+01 7.13254574e+01 1.02627064e+02 1.73372523e+02 1.92163226e+02 2.57199635e+02 3.20976133e+02 3.61974383e+02 4.59446634e+02 5.68907648e+02 6.83474011e+02 1.52422724e-15 1.04635132e-15 2.68458974e-05 1.82501679e-14 6.76344406e-16 2.43963938e-16 2.31435871e-28 9.99840871e-01 1.20869147e-15 9.91434207e-01 9.36077195e-01 5.71448153e-01 9.08007124e-01 9.95911432e-01 9.99308122e-01 9.99824834e-01 7.92814803e-18 7.14117536e-19 1.40808813e-06 3.39725510e-07 3.39725510e-07 3.56292512e-03 3.56292512e-03 3.49759065e-03 4.09052401e-17 1.85092231e-02 2.86859541e-02 4.60951914e-03 2.18004822e-02 1.95930641e-02 1.66870326e-02 1.39268242e-02
8.27327327e-02 -2.06697975e+01 -2.06697975e+01 -2.50725145e-02 -6.80089630e-03 -6.80089169e-03 7.13254574e+01 7.13254574e+01 1.02621583e+02 1.73372523e+02 1.92084318e+02 2.57073129e+02 3.20983194e+02 3.61886088e+02 4.59401230e+02 5.68882074e+02 6.83459403e+02 4.44040392e-16 2.65778304e-16 2.68947082e-05 1.00777393e-16 1.82902029e-14 2.31159834e-28 7.70611525e-17 9.99840149e-01 1.08167705e-15 9.91402461e-01 9.36404334e-01 5.71219008e-01 9.07832531e-01 9.95924005e-01 9.99310394e-01 9.99825391e-01 2.89387755e-18 1.49569461e-18 1.40808813e-06 3.39725510e-07 3.39725510e-07 3.56292512e-03 3.56292512e-03 3.50555862e-03 1.49067218e-17 1.85515110e-02 2.86618824e-02 4.60275466e-03 2.17649774e-02 1.95552281e-02 1.66574057e-02 1.39038762e-02
8.28828829e-02 -2.06697975e+01 -2.06697975e+01 -2.50725141e-02 -6.80089722e-03 -6.80089446e-03 7.13254574e+01 7.13254574e+01 1.02616087e+02 1.73372523e+02 1.92005156e+02 2.56946948e+02 3.20990238e+02 3.61798163e+02 4.59356078e+02 5.68856636e+02 6.83444870e+02 3.93016879e-16 6.89818082e-16 2.69435189e-05 7.00224066e-14 5.42463422e-16 2.18514512e-16 2.31369892e-28 9.99839425e-01 1.45053681e-15 9.91370789e-01 9.36730053e-01 5.70989921e-01 9.07659133e-01 9.95936541e-01 9.99312655e-01 9.99825946e-01 7.74921215e-18 2.52258010e-17 1.40808813e-06 3.39725510e-07 3.39725510e-07 3.56292512e-03 3.56292512e-03 3.51353602e-03 5.68922952e-17 1.85937089e-02 2.86375422e-02 4.59600409e-03 2.17294626e-02 1.95175023e-02 1.66278721e-02 1.38809969e-02
8.30330330e-02 -2.06697975e+01 -2.06697975e+01 -2.50725139e-02 -6.80090363e-03 -6.80088917e-03 7.13254574e+01 7.13254574e+01 1.02610576e+02 1.73372523e+02 1.91925741e+02 2.56821093e+02 3.20997266e+02 3.61710606e+02 4.59311176e+02 5.68831333e+02 6.83430410e+02 7.22897656e-16 3.43516305e-16 2.69923296e-05 9.25284537e-17 7.01389659e-14 1.20921730e-16 2.31095293e-28 9.99838698e-01 5.11940613e-16 9.91339193e-01 9.37054355e-01 5.70760892e-01 9.07486928e-01 9.95949039e-01 9.99314906e-01 9.99826499e-01 6.47815834e-18 3.84874241e-18 1.40808813e-06 3.39725510e-07 3.39725510e-07 3.56292512e-03 3.56292512e-03 3.52152286e-03 1.04496459e-17 1.86358154e-02 2.86129353e-02 4.58926740e-03 2.16939393e-02 1.94798867e-02 1.65984316e-02 1.38581860e-02
8.31831832e-02 -2.06697975e+01 -2.06697975e+01 -2.50725135e-02 -6.80089874e-03 -6.80088422e-03 7.13254574e+01 7.13254574e+01 1.02605049e+02 1.73372523e+02 1.91846072e+02 2.56695566e+02 3.21004278e+02 3.61623416e+02 4.59266521e+02 5.68806163e+02 6.83416023e+02 2.85689512e-16 3.72701389e-16 2.70411403e-05 7.02827487e-14 1.34018307e-16 2.23502831e-28 1.40496405e-16 9.99837968e-01 2.26870950e-16 9.91307674e-01 9.37377240e-01 5.70531920e-01 9.07315915e-01 9.95961500e-01 9.99317148e-01 9.99827049e-01 1.27737874e-18 1.43428276e-17 1.40808813e-06 3.39725510e-07 3.39725510e-07 3.56292512e-03 3.56292512e-03 3.52951916e-03 1.24051712e-18 1.86778291e-02 2.85880637e-02 4.58254454e-03 2.16584091e-02 1.94423812e-02 1.65690839e-02 1.38354433e-02
8.33333333e-02 -2.06697975e+01 -2.06697975e+01 -2.50725148e-02 -6.80089640e-03 -6.80088756e-03 7.13254574e+01 7.13254574e+01 1.02599507e+02 1.73372523e+02 1.91766151e+02 2.56570368e+02 3.21011273e+02 3.61536592e+02 4.59222113e+02 5.68781127e+02 6.83401709e+02 8.58661115e-16 9.51864994e-16 2.70899510e-05 2.09218974e-16 7.04138407e-14 1.03401929e-16 2.23231563e-28 9.99837236e-01 1.42616840e-15 9.91276236e-01 9.37698711e-01 5.70303007e-01 9.07146091e-01 9.95973923e-01 9.99319380e-01 9.99827597e-01 1.02266722e-17 1.26436566e-17 1.40808813e-06 3.39725510e-07 3.39725510e-07 3.56292512e-03 3.56292512e-03 3.53752494e-03 2.55161429e-17 1.87197483e-02 2.85629293e-02 4.57583549e-03 2.16228735e-02 1.94049856e-02 1.65398286e-02 1.38127686e-02
8.34834835e-02 -2.06697975e+01 -2.06697975e+01 -2.50725137e-02 -6.80089517e-03 -6.80088987e-03 7.13254574e+01 7.13254574e+01 1.02593949e+02 1.73372523e+02 1.91685978e+02 2.56445501e+02 3.21018252e+02 3.61450133e+02 4.59177949e+02 5.68756222e+02 6.83387467e+02 6.46983153e-16 4.85035200e-16 2.71387618e-05 1.71776886e-16 4.45258866e-14 1.86211959e-16 2.22719321e-28 9.99836501e-01 8.66967867e-16 9.91244879e-01 9.38018769e-01 5.70074151e-01 9.06977456e-01 9.95986309e-01 9.99321602e-01 9.99828142e-01 2.23147682e-17 1.41863458e-17 1.40808813e-06 3.39725510e-07 3.39725510e-07 3.56292512e-03 3.56292512e-03 3.54554023e-03 1.14035015e-17 1.87615717e-02 2.85375341e-02 4.56914019e-03 2.15873341e-02 1.93677000e-02 1.65106653e-02 1.37901615e-02
8.36336336e-02 -2.06697975e+01 -2.06697975e+01 -2.50725146e-02 -6.80089401e-03 -6.80088347e-03 7.13254574e+01 7.13254574e+01 1.02588376e+02 1.73372523e+02 1.91605552e+02 2.56320967e+02 3.21025215e+02 3.61364038e+02 4.59134028e+02 5.68731448e+02 6.83373297e+02 5.03905663e-16 3.60196730e-16 2.71875725e-05 7.06682733e-14 1.62983350e-16 2.15454792e-28 2.40892329e-16 9.99835764e-01 1.53407118e-15 9.91213606e-01 9.38337416e-01 5.69845354e-01 9.06810007e-01 9.95998656e-01 9.99323815e-01 9.99828685e-01 6.60562255e-18 7.64033722e-18 1.40808813e-06 3.39725510e-07 3.39725510e-07 3.56292512e-03 3.56292512e-03 3.55356505e-03 2.00157619e-17 1.88032979e-02 2.85118800e-02 4.56245862e-03 2.15517922e-02 1.93305243e-02 1.64815938e-02 1.37676218e-02
8.37837838e-02 -2.06697975e+01 -2.06697975e+01 -2.50725144e-02 -6.80090609e-03 -6.80090322e-03 7.13254574e+01 7.13254574e+01 1.02582787e+02 1.73372523e+02 1.91524876e+02 2.56196768e+02 3.21032162e+02 3.61278305e+02 4.59090349e+02 5.68706805e+02 6.83359198e+02 4.32070985e-16 5.83621553e-16 2.72363832e-05 4.98943775e-16 7.07287023e-14 2.15187924e-28 1.09707279e-16 9.99835025e-01 6.16937370e-16 9.91182418e-01 9.38654653e-01 5.69616614e-01 9.06643743e-01 9.96010966e-01 9.99326018e-01 9.99829226e-01 1.16978261e-17 4.10793079e-18 1.40808813e-06 3.39725510e-07 3.39725510e-07 3.56292512e-03 3.56292512e-03 3.56159941e-03 9.78988955e-18 1.88449252e-02 2.84859689e-02 4.55579074e-03 2.15162494e-02 1.92934582e-02 1.64526137e-02 1.37451493e-02
8.39339339e-02 -2.06697975e+01 -2.06697975e+01 -2.50725141e-02 -6.80090137e-03 -6.80087350e-03 7.13254574e+01 7.13254574e+01 1.02577183e+02 1.73372523e+02 1.91443948e+02 2.56072904e+02 3.21039093e+02 3.61192934e+02 4.59046910e+02 5.68682290e+02 6.83345170e+02 5.57657783e-16 9.07727499e-17 2.72851939e-05 7.09232897e-14 6.54023835e-17 2.14922160e-28 2.72560890e-16 9.99834283e-01 1.06736043e-15 9.91151318e-01 9.38970483e-01 5.69387933e-01 9.06478661e-01 9.96023237e-01 9.99328212e-01 9.99829764e-01 5.57045870e-18 1.97358984e-18 1.40808813e-06 3.39725510e-07 3.39725510e-07 3.56292512e-03 3.56292512e-03 3.56964335e-03 3.39545651e-17 1.88864524e-02 2.84598029e-02 4.54913651e-03 2.14807071e-02 1.92565018e-02 1.64237248e-02 1.37227437e-02
8.40840841e-02 -2.06697975e+01 -2.06697975e+01 -2.50725147e-02 -6.80089713e-03 -6.80088586e-03 7.13254574e+01 7.13254574e+01 1.02571563e+02 1.73372523e+02 1.91362770e+02 2.55949379e+02 3.21046008e+02 3.61107922e+02 4.59003709e+02 5.68657905e+02 6.83331213e+02 3.78151424e-16 3.45994972e-16 2.73340046e-05 8.89227551e-17 1.85536815e-14 2.31798700e-16 2.14174070e-28 9.99833538e-01 1.74915383e-15 9.91120308e-01 9.39284907e-01 5.69159310e-01 9.06314761e-01 9.96035471e-01 9.99330395e-01 9.99830300e-01 5.68442802e-18 2.86566783e-18 1.40808813e-06 3.39725510e-07 3.39725510e-07 3.56292512e-03 3.56292512e-03 3.57769688e-03 5.76944665e-17 1.89278780e-02 2.84333839e-02 4.54249589e-03 2.14451666e-02 1.92196549e-02 1.63949267e-02 1.37004048e-02
8.42342342e-02 -2.06697975e+01 -2.06697975e+01 -2.50725130e-02 -6.80090048e-03 -6.80089335e-03 7.13254574e+01 7.13254574e+01 1.02565928e+02 1.73372523e+02 1.91281342e+02 2.55826192e+02 3.21052906e+02 3.61023269e+02 4.58960744e+02 5.68633647e+02 6.83317325e+02 9.34931995e-16 5.02932665e-16 2.73828154e-05 6.83007118e-17 1.86193209e-14 2.01783888e-16 2.15908351e-28 9.99832791e-01 2.76580041e-15 9.91089390e-01 9.39597928e-01 5.68930746e-01 9.06152039e-01 9.96047666e-01 9.99332570e-01 9.99830834e-01 4.96446898e-18 7.88257446e-18 1.40808813e-06 3.39725510e-07 3.39725510e-07 3.56292512e-03 3.56292512e-03 3.58576002e-03 7.28309966e-17 1.89692004e-02 2.84067139e-02 4.53586884e-03 2.14096295e-02 1.91829174e-02 1.63662190e-02 1.36781323e-02
8.43843844e-02 -2.06697975e+01 -2.06697975e+01 -2.50725139e-02 -6.80090140e-03 -6.80088406e-03 7.13254574e+01 7.13254574e+01 1.02560276e+02 1.73372523e+02 1.91199665e+02 2.55703347e+02 3.21059789e+02 3.60938973e+02 4.58918015e+02 5.68609515e+02 6.83303506e+02 7.56246480e-16 3.33186304e-16 2.74316261e-05 7.13009720e-14 7.55802426e-17 1.29787807e-16 2.16129280e-28 9.99832041e-01 5.65824708e-16 9.91058564e-01 9.39909546e-01 5.68702240e-01 9.05990494e-01 9.96059823e-01 9.99334735e-01 9.99831365e-01 7.97889422e-18 1.09839879e-17 1.40808813e-06 3.39725510e-07 3.39725510e-07 3.56292512e-03 3.56292512e-03 3.59383280e-03 1.58344877e-17 1.90104183e-02 2.83797950e-02 4.52925534e-03 2.13740970e-02 1.91462892e-02 1.63376015e-02 1.36559260e-02
8.45345345e-02 -2.06697975e+01 -2.06697975e+01 -2.50725141e-02 -6.80089735e-03 -6.80089025e-03 7.13254574e+01 7.13254574e+01 1.02554610e+02 1.73372523e+02 1.91117739e+02 2.55580843e+02 3.21066656e+02 3.60855033e+02 4.58875519e+02 5.68585510e+02 6.83289757e+02 6.13148305e-16 4.23513572e-16 2.74804368e-05 7.14264346e-14 2.86078733e-16 2.15870957e-28 2.35234357e-16 9.99831289e-01 2.32667718e-15 9.91027835e-01 9.40219765e-01 5.68473793e-01 9.05830124e-01 9.96071941e-01 9.99336890e-01 9.99831894e-01 1.55732623e-17 2.56811998e-18 1.40808813e-06 3.39725510e-07 3.39725510e-07 3.56292512e-03 3.56292512e-03 3.60191524e-03 7.65374864e-17 1.90515303e-02 2.83526291e-02 4.52265534e-03 2.13385706e-02 1.91097701e-02 1.63090738e-02 1.36337856e-02
8.46846847e-02 -2.06697975e+01 -2.06697975e+01 -2.50725131e-02 -6.80089257e-03 -6.80088300e-03 7.13254574e+01 7.13254574e+01 1.02548927e+02 1.73372523e+02 1.91035564e+02 2.55458684e+02 3.21073507e+02 3.60771448e+02 4.58833255e+02 5.68561629e+02 6.83276076e+02 6.82494160e-16 3.75594955e-16 2.75292475e-05 1.90576140e-16 7.15244030e-14 2.19185634e-16 1.11640333e-22 9.99830534e-01 1.04771091e-15 9.90997203e-01 9.40528587e-01 5.68245405e-01 9.05670927e-01 9.96084021e-01 9.99339037e-01 9.99832420e-01 2.25535426e-17 1.56597331e-17 1.40808813e-06 3.39725510e-07 3.39725510e-07 3.56292512e-03 3.56292512e-03 3.61000736e-03 3.62727196e-17 1.90925348e-02 2.83252182e-02 4.51606880e-03 2.13030516e-02 1.90733601e-02 1.62806356e-02 1.36117109e-02
8.48348348e-02 -2.06697975e+01 -2.06697975e+01 -2.50725141e-02 -6.80089250e-03 -6.80089055e-03 7.13254574e+01 7.13254574e+01 1.02543229e+02 1.73372523e+02 1.90953142e+02 2.55336870e+02 3.21080343e+02 3.60688217e+02 4.58791221e+02 5.68537873e+02 6.83262464e+02 6.14856475e-16 3.34287245e-16 2.75780583e-05 1.87706831e-14 2.10191691e-16 1.49832248e-16 3.46546342e-30 9.99829777e-01 1.97507798e-15 9.90966670e-01 9.40836012e-01 5.68017075e-01 9.05512899e-01 9.96096063e-01 9.99341174e-01 9.99832945e-01 1.99254703e-17 3.94373242e-18 1.40808813e-06 3.39725510e-07 3.39725510e-07 3.56292512e-03 3.56292512e-03 3.61810918e-03 6.27811083e-17 1.91334306e-02 2.82975645e-02 4.50949569e-03 2.12675412e-02 1.90370589e-02 1.62522867e-02 1.35897015e-02
8.49849850e-02 -2.06697975e+01 -2.06697975e+01 -2.50725139e-02 -6.80089439e-03 -6.80089428e-03 7.13254574e+01 7.13254574e+01 1.02537515e+02 1.73372523e+02 1.90870472e+02 2.55215402e+02 3.21087162e+02 3.60605338e+02 4.58749416e+02 5.68514240e+02 6.83248919e+02 1.75841077e-16 1.27779032e-15 2.76268690e-05 1.66462013e-27 9.77491009e-28 5.98157403e-45 3.15011538e-27 9.99829017e-01 1.21062706e-15 9.90936239e-01 9.41142044e-01 5.67788805e-01 9.05356040e-01 9.96108066e-01 9.99343301e-01 9.99833467e-01 3.62088518e-18 1.71669976e-17 1.40808813e-06 3.39725510e-07 3.39725510e-07 3.56292512e-03 3.56292512e-03 3.62622072e-03 1.57027323e-17 1.91742161e-02 2.82696699e-02 4.50293598e-03 2.12320408e-02 1.90008665e-02 1.62240266e-02 1.35677574e-02
8.51351351e-02 -2.06697975e+01 -2.06697975e+01 -2.50725141e-02 -6.80090500e-03 -6.80089879e-03 7.13254574e+01 7.13254574e+01 1.02531785e+02 1.73372523e+02 1.90787556e+02 2.55094283e+02 3.21093966e+02 3.60522810e+02 4.58707839e+02 5.68490729e+02 6.83235441e+02 2.92605982e-16 2.20885221e-16 2.76756797e-05 7.19138466e-14 1.99528626e-16 1.77708637e-16 2.17002982e-28 9.99828254e-01 9.99823687e-16 9.90905911e-01 9.41446685e-01 5.67560593e-01 9.05200346e-01 9.96120031e-01 9.99345420e-01 9.99833987e-01 5.37125445e-18 6.40008891e-18 1.40808813e-06 3.39725510e-07 3.39725510e-07 3.56292512e-03 3.56292512e-03 3.63434201e-03 2.81365147e-17 1.92148899e-02 2.82415365e-02 4.49638962e-03 2.11965517e-02 1.89647827e-02 1.61958550e-02 1.35458782e-02
8.52852853e-02 -2.06697975e+01 -2.06697975e+01 -2.50725141e-02 -6.80089534e-03 -6.80089442e-03 7.13254574e+01 7.13254574e+01 1.02526039e+02 1.73372523e+02 1.90704393e+02 2.54973513e+02 3.21100754e+02 3.60440631e+02 4.58666487e+02 5.68467341e+02 6.83222030e+02 6.58179488e-16 4.40998331e-16 2.77244904e-05 7.20207031e-14 1.67797837e-15 1.51566107e-16 1.14376305e-22 9.99827489e-01 2.67924552e-16 9.90875688e-01 9.41749937e-01 5.67332440e-01 9.05045815e-01 9.96131956e-01 9.99347529e-01 9.99834504e-01 1.14197912e-18 9.34523621e-19 1.40808813e-06 3.39725510e-07 3.39725510e-07 3.56292512e-03 3.56292512e-03 3.64247306e-03 6.05543611e-18 1.92554507e-02 2.82131663e-02 4.48985658e-03 2.11610750e-02 1.89288073e-02 1.61677717e-02 1.35240637e-02
8.54354354e-02 -2.06697975e+01 -2.06697975e+01 -2.50725145e-02 -6.80090401e-03 -6.80089581e-03 7.13254574e+01 7.13254574e+01 1.02520278e+02 1.73372523e+02 1.90620985e+02 2.54853094e+02 3.21107527e+02 3.60358801e+02 4.58625359e+02 5.68444073e+02 6.83208685e+02 4.28978949e-16 4.78645402e-16 2.77733011e-05 5.00190605e-17 1.88048126e-14 3.45032396e-30 2.55373975e-16 9.99826721e-01 3.23735782e-15 9.90845572e-01 9.42051802e-01 5.67104347e-01 9.04892445e-01 9.96143844e-01 9.99349629e-01 9.99835019e-01 1.11823769e-17 1.63028014e-17 1.40808813e-06 3.39725510e-07 3.39725510e-07 3.56292512e-03 3.56292512e-03 3.65061391e-03 7.95641203e-17 1.92958970e-02 2.81845615e-02 4.48333683e-03 2.11256121e-02 1.88929401e-02 1.61397763e-02 1.35023136e-02
8.55855856e-02 -2.06697975e+01 -2.06697975e+01 -2.50725134e-02 -6.80089439e-03 -6.80089428e-03 7.13254574e+01 7.13254574e+01 1.02514500e+02 1.73372523e+02 1.90537333e+02 2.54733027e+02 3.21114284e+02 3.60277318e+02 4.58584455e+02 5.68420925e+02 6.83195407e+02 3.24313888e-16 7.17577674e-16 2.78221119e-05 1.65286261e-27 9.70586808e-28 5.96043903e-45 3.12786553e-27 9.99825951e-01 1.27611567e-15 9.90815565e-01 9.42352283e-01 5.66876312e-01 9.04740233e-01 9.96155692e-01 9.99351720e-01 9.99835532e-01 6.69432297e-18 1.03372992e-17 1.40808813e-06 3.39725510e-07 3.39725510e-07 3.56292512e-03 3.56292512e-03 3.65876456e-03 1.79961537e-17 1.93362275e-02 2.81557240e-02 4.47683033e-03 2.10901642e-02 1.88571811e-02 1.61118685e-02 1.34806277e-02
8.57357357e-02 -2.06697975e+01 -2.06697975e+01 -2.50725136e-02 -6.80089701e-03 -6.80089183e-03 7.13254574e+01 7.13254574e+01 1.02508706e+02 1.73372523e+02 1.90453436e+02 2.54613313e+02 3.21121026e+02 3.60196181e+02 4.58543771e+02 5.68397897e+02 6.83182194e+02 3.13612699e-16 8.34662870e-16 2.78709226e-05 8.88433661e-17 1.89028796e-14 1.30127755e-16 2.15540094e-28 9.99825178e-01 1.60754245e-16 9.90785669e-01 9.42651381e-01 5.66648337e-01 9.04589177e-01 9.96167502e-01 9.99353802e-01 9.99836043e-01 7.97596178e-18 2.52523563e-17 1.40808813e-06 3.39725510e-07 3.39725510e-07 3.56292512e-03 3.56292512e-03 3.66692504e-03 2.37608366e-18 1.93764407e-02 2.81266560e-02 4.47033704e-03 2.10547325e-02 1.88215300e-02 1.60840479e-02 1.34590057e-02
8.58858859e-02 -2.06697975e+01 -2.06697975e+01 -2.50725136e-02 -6.80089235e-03 -6.80088921e-03 7.13254574e+01 7.13254574e+01 1.02502897e+02 1.73372523e+02 1.90369296e+02 2.54493954e+02 3.21127752e+02 3.60115388e+02 4.58503308e+02 5.68374987e+02 6.83169046e+02 3.21045093e-16 1.17826379e-15 2.79197333e-05 4.57910647e-14 3.17657693e-16 2.15529320e-28 1.36549396e-16 9.99824402e-01 1.27673194e-16 9.90755886e-01 9.42949100e-01 5.66420422e-01 9.04439274e-01 9.96179273e-01 9.99355874e-01 9.99836552e-01 2.29101923e-18 3.09663196e-17 1.40808813e-06 3.39725510e-07 3.39725510e-07 3.56292512e-03 3.56292512e-03 3.67509538e-03 4.20102921e-18 1.94165353e-02 2.80973596e-02 4.46385693e-03 2.10193181e-02 1.87859867e-02 1.60563143e-02 1.34374475e-02
8.60360360e-02 -2.06697975e+01 -2.06697975e+01 -2.50725142e-02 -6.80088725e-03 -6.80088707e-03 7.13254574e+01 7.13254574e+01 1.02497071e+02 1.73372523e+02 1.90284912e+02 2.54374950e+02 3.21134462e+02 3.60034939e+02 4.58463063e+02 5.68352195e+02 6.83155962e+02 2.13932356e-16 6.51216664e-16 2.79685440e-05 4.55571489e-14 5.40673735e-15 1.87457845e-16 2.15284896e-28 9.99823624e-01 2.46786569e-16 9.90726217e-01 9.43245442e-01 5.66192566e-01 9.04290521e-01 9.96191005e-01 9.99357938e-01 9.99837058e-01 2.71197352e-18 3.88617365e-18 1.40808813e-06 3.39725510e-07 3.39725510e-07 3.56292512e-03 3.56292512e-03 3.68327559e-03 6.06436951e-18 1.94565100e-02 2.80678369e-02 4.45738996e-03 2.09839223e-02 1.87505510e-02 1.60286674e-02 1.34159527e-02
8.61861862e-02 -2.06697975e+01 -2.06697975e+01 -2.50725148e-02 -6.80089123e-03 -6.80088267e-03 7.13254574e+01 7.13254574e+01 1.02491229e+02 1.73372523e+02 1.90200287e+02 2.54256304e+02 3.21141158e+02 3.59954831e+02 4.58423034e+02 5.68329520e+02 6.83142943e+02 5.83034729e-16 3.28580084e-16 2.80173548e-05 7.28508819e-14 1.66019677e-16 2.11843174e-16 2.15274925e-28 9.99822843e-01 1.45104854e-15 9.90696666e-01 9.43540408e-01 5.65964770e-01 9.04142916e-01 9.96202699e-01 9.99359993e-01 9.99837562e-01 1.83526567e-17 1.14088008e-17 1.40808813e-06 3.39725510e-07 3.39725510e-07 3.56292512e-03 3.56292512e-03 3.69146570e-03 3.61082013e-17 1.94963632e-02 2.80380899e-02 4.45093610e-03 2.09485461e-02 1.87152226e-02 1.60011068e-02 1.33945212e-02
8.63363363e-02 -2.06697975e+01 -2.06697975e+01 -2.50725146e-02 -6.80090099e-03 -6.80089264e-03 7.13254574e+01 7.13254574e+01 1.02485372e+02 1.73372523e+02 1.90115420e+02 2.54138016e+02 3.21147838e+02 3.59875064e+02 4.58383222e+02 5.68306961e+02 6.83129988e+02 8.61302691e-16 3.41398654e-16 2.80661655e-05 2.65449003e-16 7.29549005e-14 1.46879573e-16 2.15032081e-28 9.99822060e-01 7.07351489e-16 9.90667232e-01 9.43834002e-01 5.65737033e-01 9.03996455e-01 9.96214353e-01 9.99362039e-01 9.99838064e-01 2.44710505e-17 6.33745054e-18 1.40808813e-06 3.39725510e-07 3.39725510e-07 3.56292512e-03 3.56292512e-03 3.69966573e-03 1.66736809e-17 1.95360938e-02 2.80081208e-02 4.44449531e-03 2.09131907e-02 1.86800015e-02 1.59736322e-02 1.33731527e-02
8.64864865e-02 -2.06697975e+01 -2.06697975e+01 -2.50725136e-02 -6.80089147e-03 -6.80088970e-03 7.13254574e+01 7.13254574e+01 1.02479498e+02 1.73372523e+02 1.90030312e+02 2.54020088e+02 3.21154502e+02 3.59795636e+02 4.58343623e+02 5.68284518e+02 6.83117096e+02 3.24505752e-16 4.80848059e-16 2.81149762e-05 8.89036267e-16 7.30102851e-14 1.13965518e-22 9.57379115e-17 9.99821274e-01 4.09072687e-15 9.90637919e-01 9.44126226e-01 5.65509356e-01 9.03851137e-01 9.96225969e-01 9.99364076e-01 9.99838564e-01 7.06428320e-18 5.20016632e-18 1.40808813e-06 3.39725510e-07 3.39725510e-07 3.56292512e-03 3.56292512e-03 3.70787570e-03 9.25934575e-17 1.95757002e-02 2.79779317e-02 4.43806755e-03 2.08778572e-02 1.86448874e-02 1.59462432e-02 1.33518469e-02
8.66366366e-02 -2.06697975e+01 -2.06697975e+01 -2.50725158e-02 -6.80089439e-03 -6.80089428e-03 7.13254574e+01 7.13254574e+01 1.02473607e+02 1.73372523e+02 1.89944964e+02 2.53902519e+02 3.21161152e+02 3.59716547e+02 4.58304237e+02 5.68262189e+02 6.83104267e+02 7.49389884e-16 9.30075018e-17 2.81637869e-05 1.63261081e-27 9.58694631e-28 5.92346659e-45 3.08954115e-27 9.99820485e-01 4.49313507e-15 9.90608728e-01 9.44417083e-01 5.65281739e-01 9.03706958e-01 9.96237546e-01 9.99366105e-01 9.99839062e-01 7.10652933e-18 5.79198900e-19 1.40808813e-06 3.39725510e-07 3.39725510e-07 3.56292512e-03 3.56292512e-03 3.71609563e-03 1.11426992e-16 1.96151813e-02 2.79475248e-02 4.43165280e-03 2.08425467e-02 1.86098801e-02 1.59189397e-02 1.33306036e-02
8.67867868e-02 -2.06697975e+01 -2.06697975e+01 -2.50725139e-02 -6.80090560e-03 -6.80088854e-03 7.13254574e+01 7.13254574e+01 1.02467701e+02 1.73372523e+02 1.89859377e+02 2.53785313e+02 3.21167786e+02 3.59637793e+02 4.58265063e+02 5.68239974e+02 6.83091501e+02 2.63069999e-16 6.33139232e-16 2.82125976e-05 1.91001053e-14 6.31138976e-17 2.14871162e-28 2.24214859e-16 9.99819693e-01 1.74143160e-15 9.90579660e-01 9.44706576e-01 5.65054182e-01 9.03563914e-01 9.96249084e-01 9.99368124e-01 9.99839558e-01 4.15883020e-18 2.67865241e-18 1.40808813e-06 3.39725510e-07 3.39725510e-07 3.56292512e-03 3.56292512e-03 3.72432554e-03 3.99975807e-17 1.96545356e-02 2.79169020e-02 4.42525102e-03 2.08072602e-02 1.85749794e-02 1.58917211e-02 1.33094226e-02
8.69369369e-02 -2.06697975e+01 -2.06697975e+01 -2.50725148e-02 -6.80089700e-03 -6.80089265e-03 7.13254574e+01 7.13254574e+01 1.02461778e+02 1.73372523e+02 1.89773551e+02 2.53668469e+02 3.21174405e+02 3.59559376e+02 4.58226098e+02 5.68217872e+02 6.83078798e+02 8.09859717e-16 5.43299106e-16 2.82614084e-05 3.75935995e-16 7.33557299e-14 2.30142770e-16 1.14297961e-22 9.99818899e-01 1.42659823e-15 9.90550719e-01 9.44994706e-01 5.64826685e-01 9.03422005e-01 9.96260583e-01 9.99370135e-01 9.99840051e-01 6.28804734e-18 6.60922164e-18 1.40808813e-06 3.39725510e-07 3.39725510e-07 3.56292512e-03 3.56292512e-03 3.73256546e-03 3.99890959e-17 1.96937619e-02 2.78860657e-02 4.41886217e-03 2.07719990e-02 1.85401852e-02 1.58645874e-02 1.32883037e-02
8.70870871e-02 -2.06697975e+01 -2.06697975e+01 -2.50725140e-02 -6.80089704e-03 -6.80089254e-03 7.13254574e+01 7.13254574e+01 1.02455839e+02 1.73372523e+02 1.89687487e+02 2.53551988e+02 3.21181009e+02 3.59481292e+02 4.58187341e+02 5.68195883e+02 6.83066156e+02 7.35574715e-16 5.29795035e-16 2.83102191e-05 7.35409189e-14 3.50806830e-16 2.15892796e-28 3.24209164e-16 9.99818102e-01 4.17689813e-16 9.90521905e-01 9.45281477e-01 5.64599248e-01 9.03281225e-01 9.96272044e-01 9.99372137e-01 9.99840542e-01 1.24657513e-17 1.92163967e-17 1.40808813e-06 3.39725510e-07 3.39725510e-07 3.56292512e-03 3.56292512e-03 3.74081540e-03 1.48133099e-17 1.97328588e-02 2.78550179e-02 4.41248621e-03 2.07367638e-02 1.85054972e-02 1.58375380e-02 1.32672465e-02
8.72372372e-02 -2.06697975e+01 -2.06697975e+01 -2.50725136e-02 -6.80090928e-03 -6.80088772e-03 7.13254574e+01 7.13254574e+01 1.02449884e+02 1.73372523e+02 1.89601186e+02 2.53435873e+02 3.21187598e+02 3.59403541e+02 4.58148792e+02 5.68174005e+02 6.83053575e+02 9.54985780e-16 3.15318741e-16 2.83590298e-05 1.69551882e-16 7.36503675e-14 2.15657037e-28 1.25501101e-16 9.99817303e-01 7.39587862e-16 9.90493221e-01 9.45566891e-01 5.64371871e-01 9.03141573e-01 9.96283465e-01 9.99374131e-01 9.99841031e-01 7.82900714e-18 8.80223224e-18 1.40808813e-06 3.39725510e-07 3.39725510e-07 3.56292512e-03 3.56292512e-03 3.74907540e-03 1.77839061e-17 1.97718250e-02 2.78237607e-02 4.40612312e-03 2.07015559e-02 1.84709152e-02 1.58105728e-02 1.32462510e-02
8.73873874e-02 -2.06697975e+01 -2.06697975e+01 -2.50725149e-02 -6.80089828e-03 -6.80089663e-03 7.13254574e+01 7.13254574e+01 1.02443912e+02 1.73372523e+02 1.89514649e+02 2.53320122e+02 3.21194172e+02 3.59326121e+02 4.58110448e+02 5.68152239e+02 6.83041056e+02 6.82217427e-16 6.76620776e-16 2.84078405e-05 7.38086157e-14 1.00440063e-15 1.96703934e-16 1.14638110e-22 9.99816500e-01 1.27067941e-15 9.90464667e-01 9.45850952e-01 5.64144555e-01 9.03003044e-01 9.96294848e-01 9.99376116e-01 9.99841519e-01 8.83674592e-18 8.31890623e-18 1.40808813e-06 3.39725510e-07 3.39725510e-07 3.56292512e-03 3.56292512e-03 3.75734546e-03 4.08579645e-17 1.98106592e-02 2.77922964e-02 4.39977286e-03 2.06663762e-02 1.84364389e-02 1.57836914e-02 1.32253167e-02
8.75375375e-02 -2.06697975e+01 -2.06697975e+01 -2.50725139e-02 -6.80089515e-03 -6.80089175e-03 7.13254574e+01 7.13254574e+01 1.02437924e+02 1.73372523e+02 1.89427876e+02 2.53204739e+02 3.21200731e+02 3.59249031e+02 4.58072309e+02 5.68130582e+02 6.83028597e+02 7.94217546e-16 5.90616961e-16 2.84566512e-05 1.93221422e-14 2.15966425e-16 1.88017277e-16 2.14729604e-28 9.99815695e-01 2.51867088e-16 9.90436247e-01 9.46133661e-01 5.63917299e-01 9.02865637e-01 9.96306192e-01 9.99378092e-01 9.99842004e-01 1.02329845e-17 2.66654510e-18 1.40808813e-06 3.39725510e-07 3.39725510e-07 3.56292512e-03 3.56292512e-03 3.76562561e-03 6.63583951e-18 1.98493601e-02 2.77606271e-02 4.39343540e-03 2.06312256e-02 1.84020683e-02 1.57568934e-02 1.32044436e-02
8.76876877e-02 -2.06697975e+01 -2.06697975e+01 -2.50725140e-02 -6.80089439e-03 -6.80089428e-03 7.13254574e+01 7.13254574e+01 1.02431919e+02 1.73372523e+02 1.89340869e+02 2.53089722e+02 3.21207275e+02 3.59172270e+02 4.58034373e+02 5.68109035e+02 6.83016199e+02 1.11193607e-15 2.52634138e-16 2.85054620e-05 1.61276482e-27 9.47040760e-28 5.88653173e-45 3.05198476e-27 9.99814888e-01 5.03489103e-15 9.90407961e-01 9.46415023e-01 5.63690104e-01 9.02729348e-01 9.96317497e-01 9.99380060e-01 9.99842486e-01 2.15489500e-17 6.44543767e-19 1.40808813e-06 3.39725510e-07 3.39725510e-07 3.56292512e-03 3.56292512e-03 3.77391588e-03 1.16357550e-16 1.98879264e-02 2.77287548e-02 4.38711069e-03 2.05961053e-02 1.83678029e-02 1.57301787e-02 1.31836314e-02
8.78378378e-02 -2.06697975e+01 -2.06697975e+01 -2.50725145e-02 -6.80090348e-03 -6.80089813e-03 7.13254574e+01 7.13254574e+01 1.02425898e+02 1.73372523e+02 1.89253627e+02 2.52975074e+02 3.21213804e+02 3.59095836e+02 4.57996638e+02 5.68087597e+02 6.83003860e+02 4.90660083e-16 5.48152531e-16 2.85542727e-05 3.77205952e-16 7.41646832e-14 1.79639804e-16 2.14723497e-28 9.99814077e-01 3.04028861e-16 9.90379812e-01 9.46695038e-01 5.63462969e-01 9.02594173e-01 9.96328763e-01 9.99382019e-01 9.99842967e-01 8.34185978e-18 1.01131984e-17 1.40808813e-06 3.39725510e-07 3.39725510e-07 3.56292512e-03 3.56292512e-03 3.78221629e-03 5.64233683e-18 1.99263570e-02 2.76966819e-02 4.38079871e-03 2.05610160e-02 1.83336427e-02 1.57035468e-02 1.31628798e-02
8.79879880e-02 -2.06697975e+01 -2.06697975e+01 -2.50725141e-02 -6.80088713e-03 -6.80087726e-03 7.13254574e+01 7.13254574e+01 1.02419860e+02 1.73372523e+02 1.89166153e+02 2.52860796e+02 3.21220319e+02 3.59019729e+02 4.57959104e+02 5.68066267e+02 6.82991581e+02 3.52950281e-16 9.84398923e-16 2.86030834e-05 7.43209745e-14 1.54010660e-16 2.14492461e-28 4.21012890e-17 9.99813264e-01 6.26294013e-16 9.90351801e-01 9.46973711e-01 5.63235895e-01 9.02460110e-01 9.96339991e-01 9.99383970e-01 9.99843446e-01 6.71434904e-18 3.64426857e-17 1.40808813e-06 3.39725510e-07 3.39725510e-07 3.56292512e-03 3.56292512e-03 3.79052685e-03 1.35882150e-17 1.99646504e-02 2.76644104e-02 4.37449943e-03 2.05259589e-02 1.82995874e-02 1.56769974e-02 1.31421886e-02
8.81381381e-02 -2.06697975e+01 -2.06697975e+01 -2.50725145e-02 -6.80090177e-03 -6.80089173e-03 7.13254574e+01 7.13254574e+01 1.02413806e+02 1.73372523e+02 1.89078446e+02 2.52746887e+02 3.21226818e+02 3.58943946e+02 4.57921769e+02 5.68045044e+02 6.82979362e+02 6.87495398e-16 4.17006472e-16 2.86518941e-05 7.44351073e-14 1.25191389e-16 2.14262356e-28 1.86297960e-16 9.99812448e-01 1.18305360e-15 9.90323929e-01 9.47251045e-01 5.63008882e-01 9.02327155e-01 9.96351180e-01 9.99385912e-01 9.99843923e-01 1.31958082e-17 1.71116053e-17 1.40808813e-06 3.39725510e-07 3.39725510e-07 3.56292512e-03 3.56292512e-03 3.79884759e-03 3.85120497e-17 2.00028055e-02 2.76319426e-02 4.36821280e-03 2.04909347e-02 1.82656368e-02 1.56505303e-02 1.31215575e-02
8.82882883e-02 -2.06697975e+01 -2.06697975e+01 -2.50725139e-02 -6.80089424e-03 -6.80089089e-03 7.13254574e+01 7.13254574e+01 1.02407735e+02 1.73372523e+02 1.88990508e+02 2.52633349e+02 3.21233303e+02 3.58868486e+02 4.57884631e+02 5.68023928e+02 6.82967201e+02 4.53457542e-16 1.75534271e-16 2.87007049e-05 4.70290015e-14 2.72902848e-16 7.28223292e-17 2.13805765e-28 9.99811629e-01 1.37686595e-15 9.90296200e-01 9.47527042e-01 5.62781929e-01 9.02195305e-01 9.96362330e-01 9.99387846e-01 9.99844398e-01 3.26417099e-18 5.81932186e-18 1.40808813e-06 3.39725510e-07 3.39725510e-07 3.56292512e-03 3.56292512e-03 3.80717853e-03 3.90562731e-17 2.00408210e-02 2.75992806e-02 4.36193880e-03 2.04559444e-02 1.82317906e-02 1.56241451e-02 1.31009865e-02
8.84384384e-02 -2.06697975e+01 -2.06697975e+01 -2.50725140e-02 -6.80088867e-03 -6.80088413e-03 7.13254574e+01 7.13254574e+01 1.02401648e+02 1.73372523e+02 1.88902339e+02 2.52520183e+02 3.21239773e+02 3.58793349e+02 4.57847690e+02 5.68002918e+02 6.82955098e+02 6.09921710e-16 7.61688035e-16 2.87495156e-05 7.46727261e-14 3.39343152e-16 1.14345056e-22 9.28307038e-17 9.99810808e-01 6.19986810e-16 9.90268613e-01 9.47801705e-01 5.62555038e-01 9.02064556e-01 9.96373441e-01 9.99389772e-01 9.99844870e-01 7.81163141e-18 7.64546408e-18 1.40808813e-06 3.39725510e-07 3.39725510e-07 3.56292512e-03 3.56292512e-03 3.81551969e-03 1.08876203e-17 2.00786957e-02 2.75664265e-02 4.35567739e-03 2.04209889e-02 1.81980485e-02 1.55978416e-02 1.30804752e-02
8.85885886e-02 -2.06697975e+01 -2.06697975e+01 -2.50725139e-02 -6.80089961e-03 -6.80089888e-03 7.13254574e+01 7.13254574e+01 1.02395544e+02 1.73372523e+02 1.88813941e+02 2.52407389e+02 3.21246229e+02 3.58718532e+02 4.57810944e+02 5.67982013e+02 6.82943054e+02 3.48046304e-16 4.64658203e-16 2.87983263e-05 2.23191449e-15 7.47925498e-14 2.42981119e-16 2.13577575e-28 9.99809984e-01 1.30568473e-15 9.90241172e-01 9.48075037e-01 5.62328208e-01 9.01934906e-01 9.96384514e-01 9.99391689e-01 9.99845341e-01 5.95142918e-18 6.09668191e-18 1.40808813e-06 3.39725510e-07 3.39725510e-07 3.56292512e-03 3.56292512e-03 3.82387109e-03 2.31325481e-17 2.01164284e-02 2.75333827e-02 4.34942854e-03 2.03860691e-02 1.81644105e-02 1.55716193e-02 1.30600233e-02
8.87387387e-02 -2.06697975e+01 -2.06697975e+01 -2.50725146e-02 -6.80089439e-03 -6.80089428e-03 7.13254574e+01 7.13254574e+01 1.02389423e+02 1.73372523e+02 1.88725314e+02 2.52294968e+02 3.21252669e+02 3.58644035e+02 4.57774391e+02 5.67961213e+02 6.82931067e+02 1.81510145e-16 1.12236617e-15 2.88471370e-05 1.59331711e-27 9.35620759e-28 5.84965624e-45 3.01518204e-27 9.99809157e-01 9.13007241e-16 9.90213877e-01 9.48347042e-01 5.62101439e-01 9.01806350e-01 9.96395548e-01 9.99393599e-01 9.99845809e-01 1.39945454e-18 3.91860099e-18 1.40808813e-06 3.39725510e-07 3.39725510e-07 3.56292512e-03 3.56292512e-03 3.83223276e-03 1.52315532e-17 2.01540179e-02 2.75001511e-02 4.34319221e-03 2.03511858e-02 1.81308761e-02 1.55454781e-02 1.30396308e-02
8.88888889e-02 -2.06697975e+01 -2.06697975e+01 -2.50725142e-02 -6.80089999e-03 -6.80088440e-03 7.13254574e+01 7.13254574e+01 1.02383285e+02 1.73372523e+02 1.88636460e+02 2.52182921e+02 3.21259096e+02 3.58569856e+02 4.57738032e+02 5.67940517e+02 6.82919138e+02 8.92253349e-16 6.17634451e-16 2.88959477e-05 7.50985598e-14 1.11027933e-16 1.62649467e-16 2.13125620e-28 9.99808327e-01 6.27195262e-16 9.90186730e-01 9.48617722e-01 5.61874731e-01 9.01678885e-01 9.96406543e-01 9.99395499e-01 9.99846276e-01 2.64487058e-17 6.84453420e-18 1.40808813e-06 3.39725510e-07 3.39725510e-07 3.56292512e-03 3.56292512e-03 3.84060471e-03 2.82858719e-18 2.01914629e-02 2.74667341e-02 4.33696838e-03 2.03163399e-02 1.80974452e-02 1.55194176e-02 1.30192973e-02
8.90390390e-02 -2.06697975e+01 -2.06697975e+01 -2.50725135e-02 -6.80089773e-03 -6.80089728e-03 7.13254574e+01 7.13254574e+01 1.02377131e+02 1.73372523e+02 1.88547378e+02 2.52071248e+02 3.21265507e+02 3.58495993e+02 4.57701863e+02 5.67919924e+02 6.82907266e+02 1.25273868e-15 4.40396960e-16 2.89447585e-05 9.70440812e-16 1.96581706e-14 2.12450163e-28 1.36309132e-16 9.99807494e-01 1.09121989e-15 9.90159733e-01 9.48887081e-01 5.61648084e-01 9.01552509e-01 9.96417500e-01 9.99397392e-01 9.99846741e-01 1.14149017e-17 1.56693710e-17 1.40808813e-06 3.39725510e-07 3.39725510e-07 3.56292512e-03 3.56292512e-03 3.84898697e-03 3.43390177e-17 2.02287623e-02 2.74331338e-02 4.33075700e-03 2.02815323e-02 1.80641174e-02 1.54934375e-02 1.29990226e-02
8.91891892e-02 -2.06697975e+01 -2.06697975e+01 -2.50725141e-02 -6.80089746e-03 -6.80089572e-03 7.13254574e+01 7.13254574e+01 1.02370959e+02 1.73372523e+02 1.88458070e+02 2.51959950e+02 3.21271905e+02 3.58422447e+02 4.57665885e+02 5.67899434e+02 6.82895450e+02 5.53444335e-16 5.04683023e-16 2.89935692e-05 4.75382944e-14 6.02590047e-16 2.12452225e-28 2.21356318e-16 9.99806659e-01 4.29024073e-16 9.90132888e-01 9.49155121e-01 5.61421499e-01 9.01427216e-01 9.96428419e-01 9.99399277e-01 9.99847203e-01 6.98537472e-18 1.33927651e-17 1.40808813e-06 3.39725510e-07 3.39725510e-07 3.56292512e-03 3.56292512e-03 3.85737956e-03 6.04400103e-18 2.02659149e-02 2.73993524e-02 4.32455805e-03 2.02467636e-02 1.80308927e-02 1.54675374e-02 1.29788065e-02
8.93393393e-02 -2.06697975e+01 -2.06697975e+01 -2.50725139e-02 -6.80089103e-03 -6.80088937e-03 7.13254574e+01 7.13254574e+01 1.02364771e+02 1.73372523e+02 1.88368538e+02 2.51849028e+02 3.21278287e+02 3.58349214e+02 4.57630095e+02 5.67879045e+02 6.82883691e+02 7.48414739e-16 3.92014776e-16 2.90423799e-05 1.02078600e-15 7.54881904e-14 2.46046537e-16 2.12454445e-28 9.99805821e-01 1.71476028e-15 9.90106196e-01 9.49421846e-01 5.61194975e-01 9.01303005e-01 9.96439299e-01 9.99401153e-01 9.99847664e-01 7.04356809e-18 5.23487691e-18 1.40808813e-06 3.39725510e-07 3.39725510e-07 3.56292512e-03 3.56292512e-03 3.86578250e-03 4.05257857e-17 2.03029196e-02 2.73653921e-02 4.31837150e-03 2.02120348e-02 1.79977707e-02 1.54417172e-02 1.29586488e-02
8.94894895e-02 -2.06697975e+01 -2.06697975e+01 -2.50725138e-02 -6.80088906e-03 -6.80087990e-03 7.13254574e+01 7.13254574e+01 1.02358566e+02 1.73372523e+02 1.88278781e+02 2.51738483e+02 3.21284656e+02 3.58276294e+02 4.57594493e+02 5.67858758e+02 6.82871987e+02 1.07041649e-15 7.63027624e-16 2.90911906e-05 1.69015404e-16 1.97988213e-14 3.64644616e-16 2.11784005e-28 9.99804980e-01 1.87615074e-15 9.90079658e-01 9.49687259e-01 5.60968513e-01 9.01179870e-01 9.96450140e-01 9.99403022e-01 9.99848123e-01 3.15845389e-17 3.36093234e-17 1.40808813e-06 3.39725510e-07 3.39725510e-07 3.56292512e-03 3.56292512e-03 3.87419582e-03 4.93804417e-17 2.03397751e-02 2.73312551e-02 4.31219730e-03 2.01773467e-02 1.79647511e-02 1.54159764e-02 1.29385492e-02
8.96396396e-02 -2.06697975e+01 -2.06697975e+01 -2.50725137e-02 -6.80090537e-03 -6.80089670e-03 7.13254574e+01 7.13254574e+01 1.02352344e+02 1.73372523e+02 1.88188801e+02 2.51628314e+02 3.21291010e+02 3.58203685e+02 4.57559077e+02 5.67838572e+02 6.82860340e+02 6.78678302e-16 1.10696139e-15 2.91400013e-05 6.24239218e-17 1.98322443e-14 2.11563723e-28 2.79116438e-16 9.99804136e-01 2.17793902e-15 9.90053276e-01 9.49951363e-01 5.60742113e-01 9.01057810e-01 9.96460943e-01 9.99404882e-01 9.99848580e-01 5.72560845e-18 4.74747417e-17 1.40808813e-06 3.39725510e-07 3.39725510e-07 3.56292512e-03 3.56292512e-03 3.88261952e-03 5.07465730e-17 2.03764804e-02 2.72969435e-02 4.30603543e-03 2.01426999e-02 1.79318337e-02 1.53903149e-02 1.29185076e-02
8.97897898e-02 -2.06697975e+01 -2.06697975e+01 -2.50725135e-02 -6.80090728e-03 -6.80089449e-03 7.13254574e+01 7.13254574e+01 1.02346105e+02 1.73372523e+02 1.88098600e+02 2.51518522e+02 3.21297349e+02 3.58131387e+02 4.57523846e+02 5.67818485e+02 6.82848747e+02 2.20981532e-16 1.08686045e-15 2.91888121e-05 1.97962584e-14 5.73027496e-17 1.65861782e-16 2.11344319e-28 9.99803289e-01 1.63694726e-15 9.90027053e-01 9.50214162e-01 5.60515774e-01 9.00936819e-01 9.96471708e-01 9.99406735e-01 9.99849035e-01 5.18531563e-18 2.65773497e-17 1.40808813e-06 3.39725510e-07 3.39725510e-07 3.56292512e-03 3.56292512e-03 3.89105365e-03 5.36881059e-17 2.04130343e-02 2.72624596e-02 4.29988586e-03 2.01080954e-02 1.78990182e-02 1.53647322e-02 1.28985237e-02
8.99399399e-02 -2.06697975e+01 -2.06697975e+01 -2.50725141e-02 -6.80090566e-03 -6.80089656e-03 7.13254574e+01 7.13254574e+01 1.02339848e+02 1.73372523e+02 1.88008177e+02 2.51409109e+02 3.21303675e+02 3.58059397e+02 4.57488800e+02 5.67798498e+02 6.82837209e+02 2.79563952e-16 6.82468027e-16 2.92376228e-05 7.59823908e-14 2.09100832e-16 1.46982686e-16 2.11571967e-28 9.99802440e-01 1.29256248e-15 9.90000988e-01 9.50475658e-01 5.60289498e-01 9.00816895e-01 9.96482434e-01 9.99408579e-01 9.99849488e-01 7.67181280e-18 1.75722515e-17 1.40808813e-06 3.39725510e-07 3.39725510e-07 3.56292512e-03 3.56292512e-03 3.89949820e-03 2.96639585e-17 2.04494358e-02 2.72278055e-02 4.29374855e-03 2.00735337e-02 1.78663044e-02 1.53392280e-02 1.28785973e-02
9.00900901e-02 -2.06697975e+01 -2.06697975e+01 -2.50725130e-02 -6.80090075e-03 -6.80089194e-03 7.13254574e+01 7.13254574e+01 1.02333575e+02 1.73372523e+02 1.87917534e+02 2.51300074e+02 3.21309986e+02 3.57987715e+02 4.57453935e+02 5.67778610e+02 6.82825726e+02 8.15336206e-16 5.84787324e-16 2.92864335e-05 7.61133696e-14 2.97258132e-16 1.16086899e-16 2.11353536e-28 9.99801587e-01 4.11563464e-16 9.89975084e-01 9.50735856e-01 5.60063283e-01 9.00698033e-01 9.96493123e-01 9.99410416e-01 9.99849939e-01 1.96200757e-17 1.33500430e-17 1.40808813e-06 3.39725510e-07 3.39725510e-07 3.56292512e-03 3.56292512e-03 3.90795322e-03 8.42261802e-18 2.04856837e-02 2.71929835e-02 4.28762347e-03 2.00390157e-02 1.78336920e-02 1.53138022e-02 1.28587282e-02
9.02402402e-02 -2.06697975e+01 -2.06697975e+01 -2.50725141e-02 -6.80090208e-03 -6.80089450e-03 7.13254574e+01 7.13254574e+01 1.02327285e+02 1.73372523e+02 1.87826672e+02 2.51191417e+02 3.21316283e+02 3.57916340e+02 4.57419253e+02 5.67758819e+02 6.82814298e+02 1.14678102e-15 1.48598961e-16 2.93352442e-05 5.55972931e-17 1.99237632e-14 2.10691327e-28 1.85459995e-16 9.99800732e-01 2.01644758e-15 9.89949343e-01 9.50994757e-01 5.59837130e-01 9.00580230e-01 9.96503773e-01 9.99412245e-01 9.99850388e-01 3.24954257e-17 4.71851331e-19 1.40808813e-06 3.39725510e-07 3.39725510e-07 3.56292512e-03 3.56292512e-03 3.91641872e-03 4.64273781e-17 2.05217768e-02 2.71579957e-02 4.28151058e-03 2.00045420e-02 1.78011808e-02 1.52884544e-02 1.28389161e-02
9.03903904e-02 -2.06697975e+01 -2.06697975e+01 -2.50725139e-02 -6.80089956e-03 -6.80089661e-03 7.13254574e+01 7.13254574e+01 1.02320977e+02 1.73372523e+02 1.87735591e+02 2.51083140e+02 3.21322565e+02 3.57845269e+02 4.57384750e+02 5.67739126e+02 6.82802923e+02 4.89181749e-16 5.60630250e-16 2.93840550e-05 1.43559072e-16 2.00315096e-14 1.57210049e-16 2.10475390e-28 9.99799874e-01 1.96957369e-15 9.89923765e-01 9.51252367e-01 5.59611040e-01 9.00463483e-01 9.96514385e-01 9.99414066e-01 9.99850835e-01 1.42255553e-17 1.80855890e-17 1.40808813e-06 3.39725510e-07 3.39725510e-07 3.56292512e-03 3.56292512e-03 3.92489471e-03 5.10388255e-17 2.05577143e-02 2.71228444e-02 4.27540987e-03 1.99701135e-02 1.77687704e-02 1.52631842e-02 1.28191609e-02
9.05405405e-02 -2.06697975e+01 -2.06697975e+01 -2.50725121e-02 -6.80089229e-03 -6.80089060e-03 7.13254574e+01 7.13254574e+01 1.02314652e+02 1.73372523e+02 1.87644294e+02 2.50975243e+02 3.21328834e+02 3.57774501e+02 4.57350427e+02 5.67719530e+02 6.82791601e+02 8.25743774e-16 3.36086154e-16 2.94328657e-05 1.05117939e-15 7.65382559e-14 1.34694269e-16 1.13851678e-22 9.99799013e-01 1.11190230e-15 9.89898352e-01 9.51508687e-01 5.59385012e-01 9.00347787e-01 9.96524959e-01 9.99415879e-01 9.99851280e-01 2.14465989e-17 3.27260484e-18 1.40808813e-06 3.39725510e-07 3.39725510e-07 3.56292512e-03 3.56292512e-03 3.93338123e-03 4.87017583e-17 2.05934949e-02 2.70875316e-02 4.26932128e-03 1.99357307e-02 1.77364606e-02 1.52379914e-02 1.27994623e-02
9.06906907e-02 -2.06697975e+01 -2.06697975e+01 -2.50725144e-02 -6.80090122e-03 -6.80089080e-03 7.13254574e+01 7.13254574e+01 1.02308311e+02 1.73372523e+02 1.87552781e+02 2.50867725e+02 3.21335089e+02 3.57704036e+02 4.57316282e+02 5.67700030e+02 6.82780333e+02 9.47268300e-16 2.16620685e-16 2.94816764e-05 4.83061748e-14 2.11194125e-16 2.10267234e-28 1.69234316e-16 9.99798149e-01 8.86892360e-16 9.89873106e-01 9.51763722e-01 5.59159046e-01 9.00233139e-01 9.96535494e-01 9.99417684e-01 9.99851724e-01 2.22219909e-17 6.94837413e-18 1.40808813e-06 3.39725510e-07 3.39725510e-07 3.56292512e-03 3.56292512e-03 3.94187830e-03 2.94107790e-17 2.06291176e-02 2.70520597e-02 4.26324480e-03 1.99013943e-02 1.77042512e-02 1.52128757e-02 1.27798201e-02
9.08408408e-02 -2.06697975e+01 -2.06697975e+01 -2.50725147e-02 -6.80089992e-03 -6.80089386e-03 7.13254574e+01 7.13254574e+01 1.02301951e+02 1.73372523e+02 1.87461053e+02 2.50760588e+02 3.21341329e+02 3.57633872e+02 4.57282313e+02 5.67680626e+02 6.82769118e+02 2.67898216e-16 8.75237281e-16 2.95304871e-05 7.67140511e-14 2.19727612e-16 2.10274294e-28 3.72812142e-16 9.99797282e-01 5.85771621e-16 9.89848028e-01 9.52017474e-01 5.58933142e-01 9.00119535e-01 9.96545992e-01 9.99419482e-01 9.99852165e-01 1.06693189e-18 1.25367492e-17 1.40808813e-06 3.39725510e-07 3.39725510e-07 3.56292512e-03 3.56292512e-03 3.95038592e-03 8.88669008e-18 2.06645815e-02 2.70164308e-02 4.25718039e-03 1.98671051e-02 1.76721418e-02 1.51878368e-02 1.27602341e-02
9.09909910e-02 -2.06697975e+01 -2.06697975e+01 -2.50725142e-02 -6.80089313e-03 -6.80089041e-03 7.13254574e+01 7.13254574e+01 1.02295575e+02 1.73372523e+02 1.87369111e+02 2.50653832e+02 3.21347556e+02 3.57564007e+02 4.57248520e+02 5.67661316e+02 6.82757956e+02 4.84589499e-16 7.70117287e-16 2.95792978e-05 2.00939577e-14 2.25855711e-16 2.09620153e-28 1.47024972e-16 9.99796413e-01 9.53374320e-16 9.89823119e-01 9.52269948e-01 5.58707302e-01 9.00006971e-01 9.96556453e-01 9.99421272e-01 9.99852605e-01 6.95065443e-18 3.26276098e-17 1.40808813e-06 3.39725510e-07 3.39725510e-07 3.56292512e-03 3.56292512e-03 3.95890414e-03 2.67669336e-17 2.06998854e-02 2.69806470e-02 4.25112802e-03 1.98328636e-02 1.76401322e-02 1.51628743e-02 1.27407040e-02
9.11411411e-02 -2.06697975e+01 -2.06697975e+01 -2.50725149e-02 -6.80089116e-03 -6.80088984e-03 7.13254574e+01 7.13254574e+01 1.02289181e+02 1.73372523e+02 1.87276956e+02 2.50547457e+02 3.21353768e+02 3.57494441e+02 4.57214902e+02 5.67642101e+02 6.82746845e+02 2.87119695e-16 2.37255141e-16 2.96281086e-05 7.70297940e-14 1.23756703e-15 1.43785997e-16 2.09848543e-28 9.99795540e-01 5.16834357e-16 9.89798381e-01 9.52521147e-01 5.58481523e-01 8.99895443e-01 9.96566875e-01 9.99423054e-01 9.99853043e-01 4.42456453e-18 8.64667736e-18 1.40808813e-06 3.39725510e-07 3.39725510e-07 3.56292512e-03 3.56292512e-03 3.96743296e-03 1.24739398e-17 2.07350283e-02 2.69447106e-02 4.24508766e-03 1.97986705e-02 1.76082220e-02 1.51379881e-02 1.27212298e-02
9.12912913e-02 -2.06697975e+01 -2.06697975e+01 -2.50725143e-02 -6.80089963e-03 -6.80089910e-03 7.13254574e+01 7.13254574e+01 1.02282769e+02 1.73372523e+02 1.87184590e+02 2.50441463e+02 3.21359967e+02 3.57425171e+02 4.57181457e+02 5.67622980e+02 6.82735787e+02 1.01792688e-15 1.17214229e-15 2.96769193e-05 8.23334635e-16 2.01788275e-14 2.79280930e-16 2.09197584e-28 9.99794665e-01 1.06491474e-15 9.89773815e-01 9.52771074e-01 5.58255808e-01 8.99784948e-01 9.96577260e-01 9.99424829e-01 9.99853479e-01 5.05053121e-18 5.78026080e-18 1.40808813e-06 3.39725510e-07 3.39725510e-07 3.56292512e-03 3.56292512e-03 3.97597241e-03 2.31951556e-17 2.07700093e-02 2.69086238e-02 4.23905927e-03 1.97645265e-02 1.75764112e-02 1.51131778e-02 1.27018111e-02
9.14414414e-02 -2.06697975e+01 -2.06697975e+01 -2.50725140e-02 -6.80090003e-03 -6.80089429e-03 7.13254574e+01 7.13254574e+01 1.02276341e+02 1.73372523e+02 1.87092013e+02 2.50335851e+02 3.21366152e+02 3.57356198e+02 4.57148184e+02 5.67603952e+02 6.82724780e+02 6.84729619e-16 3.58377056e-16 2.97257300e-05 1.88779004e-16 4.87296856e-14 2.09752153e-28 8.83546012e-17 9.99793786e-01 2.23938910e-15 9.89749423e-01 9.53019733e-01 5.58030155e-01 8.99675482e-01 9.96587607e-01 9.99426596e-01 9.99853913e-01 2.04577143e-17 9.22793440e-19 1.40808813e-06 3.39725510e-07 3.39725510e-07 3.56292512e-03 3.56292512e-03 3.98452251e-03 5.20996289e-17 2.08048274e-02 2.68723887e-02 4.23304283e-03 1.97304321e-02 1.75446992e-02 1.50884431e-02 1.26824477e-02
9.15915916e-02 -2.06697975e+01 -2.06697975e+01 -2.50725142e-02 -6.80089832e-03 -6.80088541e-03 7.13254574e+01 7.13254574e+01 1.02269894e+02 1.73372523e+02 1.86999227e+02 2.50230620e+02 3.21372323e+02 3.57287518e+02 4.57115083e+02 5.67585017e+02 6.82713825e+02 3.28831540e-16 2.69386338e-16 2.97745407e-05 1.34020012e-16 2.02510305e-14 2.18010582e-16 2.09323750e-28 9.99792905e-01 3.42080814e-15 9.89725205e-01 9.53267127e-01 5.57804565e-01 8.99567040e-01 9.96597916e-01 9.99428356e-01 9.99854346e-01 1.64484847e-18 4.57856742e-18 1.40808813e-06 3.39725510e-07 3.39725510e-07 3.56292512e-03 3.56292512e-03 3.99308328e-03 9.35318347e-17 2.08394816e-02 2.68360075e-02 4.22703830e-03 1.96963880e-02 1.75130859e-02 1.50637837e-02 1.26631395e-02
9.17417417e-02 -2.06697975e+01 -2.06697975e+01 -2.50725139e-02 -6.80088658e-03 -6.80088548e-03 7.13254574e+01 7.13254574e+01 1.02263430e+02 1.73372523e+02 1.86906233e+02 2.50125772e+02 3.21378480e+02 3.57219132e+02 4.57082151e+02 5.67566174e+02 6.82702921e+02 4.79936580e-16 1.54109066e-15 2.98233514e-05 2.02835596e-14 3.59848708e-16 2.09115468e-28 1.16254734e-16 9.99792020e-01 1.82788457e-15 9.89701163e-01 9.53513260e-01 5.57579038e-01 8.99459619e-01 9.96608188e-01 9.99430108e-01 9.99854776e-01 2.10368111e-17 5.13603948e-17 1.40808813e-06 3.39725510e-07 3.39725510e-07 3.56292512e-03 3.56292512e-03 4.00165474e-03 4.98137916e-17 2.08739709e-02 2.67994824e-02 4.22104565e-03 1.96623947e-02 1.74815710e-02 1.50391994e-02 1.26438862e-02
9.18918919e-02 -2.06697975e+01 -2.06697975e+01 -2.50725141e-02 -6.80089983e-03 -6.80089109e-03 7.13254574e+01 7.13254574e+01 1.02256949e+02 1.73372523e+02 1.86813031e+02 2.50021306e+02 3.21384623e+02 3.57151038e+02 4.57049388e+02 5.67547422e+02 6.82692067e+02 6.44316040e-16 5.44989041e-16 2.98721622e-05 7.76420138e-14 2.12090000e-16 2.09891639e-28 1.81235045e-16 9.99791133e-01 1.00215263e-15 9.89677299e-01 9.53758135e-01 5.57353575e-01 8.99353215e-01 9.96618422e-01 9.99431853e-01 9.99855205e-01 1.09349976e-17 1.55218316e-18 1.40808813e-06 3.39725510e-07 3.39725510e-07 3.56292512e-03 3.56292512e-03 4.01023692e-03 2.16877842e-17 2.09082944e-02 2.67628156e-02 4.21506485e-03 1.96284529e-02 1.74501542e-02 1.50146897e-02 1.26246876e-02
9.20420420e-02 -2.06697975e+01 -2.06697975e+01 -2.50725135e-02 -6.80090301e-03 -6.80089266e-03 7.13254574e+01 7.13254574e+01 1.02250450e+02 1.73372523e+02 1.86719623e+02 2.49917222e+02 3.21390753e+02 3.57083234e+02 4.57016793e+02 5.67528761e+02 6.82681264e+02 8.57665662e-16 7.36709346e-16 2.99209729e-05 4.90533324e-14 1.83856935e-16 2.09466472e-28 1.98842190e-16 9.99790243e-01 5.46622379e-16 9.89653613e-01 9.54001757e-01 5.57128174e-01 8.99247824e-01 9.96628620e-01 9.99433590e-01 9.99855632e-01 1.50937426e-17 4.59294660e-18 1.40808813e-06 3.39725510e-07 3.39725510e-07 3.56292512e-03 3.56292512e-03 4.01882983e-03 5.25565187e-18 2.09424512e-02 2.67260092e-02 4.20909587e-03 1.95945631e-02 1.74188352e-02 1.49902546e-02 1.26055436e-02
9.21921922e-02 -2.06697975e+01 -2.06697975e+01 -2.50725137e-02 -6.80089115e-03 -6.80088669e-03 7.13254574e+01 7.13254574e+01 1.02243933e+02 1.73372523e+02 1.86626011e+02 2.49813520e+02 3.21396869e+02 3.57015719e+02 4.56984365e+02 5.67510190e+02 6.82670511e+02 1.94528164e-16 7.22961831e-16 2.99697836e-05 3.75083305e-16 7.79003467e-14 1.98442242e-16 2.09477880e-28 9.99789349e-01 1.26654040e-15 9.89630107e-01 9.54244129e-01 5.56902837e-01 8.99143442e-01 9.96638779e-01 9.99435320e-01 9.99856058e-01 4.06661550e-18 1.15398010e-17 1.40808813e-06 3.39725510e-07 3.39725510e-07 3.56292512e-03 3.56292512e-03 4.02743350e-03 3.24559423e-17 2.09764403e-02 2.66890654e-02 4.20313868e-03 1.95607258e-02 1.73876137e-02 1.49658936e-02 1.25864538e-02
9.23423423e-02 -2.06697975e+01 -2.06697975e+01 -2.50725139e-02 -6.80089497e-03 -6.80089078e-03 7.13254574e+01 7.13254574e+01 1.02237399e+02 1.73372523e+02 1.86532195e+02 2.49710202e+02 3.21402971e+02 3.56948492e+02 4.56952103e+02 5.67491709e+02 6.82659808e+02 4.60657415e-16 2.72490766e-16 3.00185943e-05 3.76505782e-16 7.80453777e-14 1.03208596e-16 2.09272212e-28 9.99788453e-01 1.20803440e-15 9.89606782e-01 9.54485254e-01 5.56677563e-01 8.99040065e-01 9.96648902e-01 9.99437043e-01 9.99856481e-01 2.21024732e-17 1.08170984e-18 1.40808813e-06 3.39725510e-07 3.39725510e-07 3.56292512e-03 3.56292512e-03 4.03604795e-03 2.29038686e-17 2.10102609e-02 2.66519864e-02 4.19719325e-03 1.95269416e-02 1.73564894e-02 1.49416065e-02 1.25674181e-02
9.24924925e-02 -2.06697975e+01 -2.06697975e+01 -2.50725142e-02 -6.80090096e-03 -6.80088929e-03 7.13254574e+01 7.13254574e+01 1.02230847e+02 1.73372523e+02 1.86438176e+02 2.49607266e+02 3.21409060e+02 3.56881551e+02 4.56920005e+02 5.67473317e+02 6.82649154e+02 3.35502088e-16 4.44794292e-16 3.00674051e-05 8.30503166e-17 2.04015122e-14 2.56685241e-16 2.01335514e-28 9.99787554e-01 4.78230909e-16 9.89583638e-01 9.54725136e-01 5.56452352e-01 8.98937689e-01 9.96658988e-01 9.99438758e-01 9.99856903e-01 4.68831970e-18 1.24844249e-17 1.40808813e-06 3.39725510e-07 3.39725510e-07 3.56292512e-03 3.56292512e-03 4.04467319e-03 1.68436846e-17 2.10439121e-02 2.66147743e-02 4.19125955e-03 1.94932110e-02 1.73254621e-02 1.49173930e-02 1.25484364e-02
9.26426426e-02 -2.06697975e+01 -2.06697975e+01 -2.50725138e-02 -6.80089481e-03 -6.80088857e-03 7.13254574e+01 7.13254574e+01 1.02224277e+02 1.73372523e+02 1.86343956e+02 2.49504713e+02 3.21415135e+02 3.56814896e+02 4.56888071e+02 5.67455013e+02 6.82638549e+02 3.16836660e-16 6.46289199e-16 3.01162158e-05 7.82312159e-14 2.46524419e-16 1.08417034e-22 1.16334755e-16 9.99786652e-01 2.88263848e-15 9.89560679e-01 9.54963779e-01 5.56227205e-01 8.98836310e-01 9.96669036e-01 9.99440466e-01 9.99857323e-01 2.71739628e-19 1.43752739e-17 1.40808813e-06 3.39725510e-07 3.39725510e-07 3.56292512e-03 3.56292512e-03 4.05330926e-03 7.38572797e-17 2.10773930e-02 2.65774313e-02 4.18533755e-03 1.94595346e-02 1.72945315e-02 1.48932527e-02 1.25295083e-02
9.27927928e-02 -2.06697975e+01 -2.06697975e+01 -2.50725147e-02 -6.80088949e-03 -6.80087670e-03 7.13254574e+01 7.13254574e+01 1.02217689e+02 1.73372523e+02 1.86249536e+02 2.49402542e+02 3.21421197e+02 3.56748525e+02 4.56856299e+02 5.67436798e+02 6.82627993e+02 6.23663059e-16 4.28257759e-16 3.01650265e-05 9.65076097e-17 2.04896680e-14 2.30737687e-16 2.00930869e-28 9.99785746e-01 2.37913836e-16 9.89537903e-01 9.55201186e-01 5.56002122e-01 8.98735925e-01 9.96679048e-01 9.99442167e-01 9.99857741e-01 2.13653888e-17 1.67849222e-17 1.40808813e-06 3.39725510e-07 3.39725510e-07 3.56292512e-03 3.56292512e-03 4.06195616e-03 1.03360745e-17 2.11107027e-02 2.65399595e-02 4.17942721e-03 1.94259128e-02 1.72636972e-02 1.48691855e-02 1.25106337e-02
9.29429429e-02 -2.06697975e+01 -2.06697975e+01 -2.50725135e-02 -6.80090052e-03 -6.80089498e-03 7.13254574e+01 7.13254574e+01 1.02211084e+02 1.73372523e+02 1.86154917e+02 2.49300755e+02 3.21427245e+02 3.56682437e+02 4.56824688e+02 5.67418670e+02 6.82617486e+02 1.48415152e-16 5.01033418e-16 3.02138372e-05 7.84635357e-14 3.02065954e-16 2.42024581e-16 1.93949623e-28 9.99784838e-01 2.78677630e-15 9.89515313e-01 9.55437362e-01 5.55777102e-01 8.98636528e-01 9.96689023e-01 9.99443860e-01 9.99858157e-01 3.74188115e-18 1.12099893e-17 1.40808813e-06 3.39725510e-07 3.39725510e-07 3.56292512e-03 3.56292512e-03 4.07061393e-03 6.74166348e-17 2.11438404e-02 2.65023611e-02 4.17352851e-03 1.93923462e-02 1.72329590e-02 1.48451911e-02 1.24918123e-02
9.30930931e-02 -2.06697975e+01 -2.06697975e+01 -2.50725135e-02 -6.80089569e-03 -6.80089347e-03 7.13254574e+01 7.13254574e+01 1.02204460e+02 1.73372523e+02 1.86060100e+02 2.49199350e+02 3.21433280e+02 3.56616630e+02 4.56793238e+02 5.67400630e+02 6.82607027e+02 4.39981813e-16 5.37252523e-16 3.02626479e-05 7.86172698e-14 7.72332219e-16 1.93749134e-28 9.34276888e-17 9.99783927e-01 3.68939099e-15 9.89492910e-01 9.55672310e-01 5.55552146e-01 8.98538116e-01 9.96698961e-01 9.99445547e-01 9.99858572e-01 5.12429272e-18 3.85745037e-19 1.40808813e-06 3.39725510e-07 3.39725510e-07 3.56292512e-03 3.56292512e-03 4.07928258e-03 9.52753896e-17 2.11768052e-02 2.64646382e-02 4.16764141e-03 1.93588353e-02 1.72023165e-02 1.48212691e-02 1.24730441e-02
9.32432432e-02 -2.06697975e+01 -2.06697975e+01 -2.50725147e-02 -6.80090031e-03 -6.80089173e-03 7.13254574e+01 7.13254574e+01 1.02197819e+02 1.73372523e+02 1.85965087e+02 2.49098328e+02 3.21439301e+02 3.56551103e+02 4.56761947e+02 5.67382675e+02 6.82596617e+02 1.44210672e-15 9.99120256e-16 3.03114587e-05 2.05681418e-14 6.21406784e-17 1.17619456e-16 1.93114031e-28 9.99783012e-01 7.77011396e-16 9.89470694e-01 9.55906033e-01 5.55327254e-01 8.98440686e-01 9.96708862e-01 9.99447226e-01 9.99858985e-01 8.45570424e-18 2.88027221e-17 1.40808813e-06 3.39725510e-07 3.39725510e-07 3.56292512e-03 3.56292512e-03 4.08796213e-03 9.79804651e-18 2.12095964e-02 2.64267930e-02 4.16176590e-03 1.93253804e-02 1.71717696e-02 1.47974193e-02 1.24543287e-02
9.33933934e-02 -2.06697975e+01 -2.06697975e+01 -2.50725140e-02 -6.80089417e-03 -6.80088060e-03 7.13254574e+01 7.13254574e+01 1.02191159e+02 1.73372523e+02 1.85869879e+02 2.48997690e+02 3.21445309e+02 3.56485855e+02 4.56730815e+02 5.67364807e+02 6.82586253e+02 4.08733315e-16 2.23971706e-16 3.03602694e-05 1.68391803e-16 7.88579444e-14 1.93350471e-28 1.16374556e-16 9.99782095e-01 2.14178068e-15 9.89448668e-01 9.56138536e-01 5.55102427e-01 8.98344232e-01 9.96718727e-01 9.99448898e-01 9.99859396e-01 1.35940821e-18 6.48928639e-18 1.40808813e-06 3.39725510e-07 3.39725510e-07 3.56292512e-03 3.56292512e-03 4.09665260e-03 5.52960613e-17 2.12422132e-02 2.63888276e-02 4.15590192e-03 1.92919822e-02 1.71413178e-02 1.47736413e-02 1.24356660e-02
9.35435435e-02 -2.06697975e+01 -2.06697975e+01 -2.50725150e-02 -6.80089852e-03 -6.80089530e-03 7.13254574e+01 7.13254574e+01 1.02184482e+02 1.73372523e+02 1.85774476e+02 2.48897433e+02 3.21451304e+02 3.56420885e+02 4.56699840e+02 5.67347023e+02 6.82575938e+02 7.15318589e-16 2.60512761e-16 3.04090801e-05 7.90399427e-14 5.74764972e-16 1.93152289e-28 3.83475319e-17 9.99781174e-01 4.08252291e-16 9.89426830e-01 9.56369823e-01 5.54877663e-01 8.98248751e-01 9.96728555e-01 9.99450563e-01 9.99859806e-01 5.86651803e-18 3.26242798e-18 1.40808813e-06 3.39725510e-07 3.39725510e-07 3.56292512e-03 3.56292512e-03 4.10535402e-03 8.98307271e-18 2.12746547e-02 2.63507441e-02 4.15004947e-03 1.92586410e-02 1.71109609e-02 1.47499350e-02 1.24170557e-02
9.36936937e-02 -2.06697975e+01 -2.06697975e+01 -2.50725136e-02 -6.80089726e-03 -6.80089411e-03 7.13254574e+01 7.13254574e+01 1.02177787e+02 1.73372523e+02 1.85678881e+02 2.48797560e+02 3.21457285e+02 3.56356191e+02 4.56669021e+02 5.67329325e+02 6.82565669e+02 9.51527128e-16 2.54420930e-16 3.04578908e-05 6.49777218e-16 7.92069507e-14 1.74712650e-16 1.92954868e-28 9.99780251e-01 1.27880244e-15 9.89405184e-01 9.56599897e-01 5.54652963e-01 8.98154239e-01 9.96738347e-01 9.99452221e-01 9.99860214e-01 3.59713605e-17 8.73115695e-18 1.40808813e-06 3.39725510e-07 3.39725510e-07 3.56292512e-03 3.56292512e-03 4.11406641e-03 3.20988527e-17 2.13069203e-02 2.63125447e-02 4.14420850e-03 1.92253574e-02 1.70806987e-02 1.47263000e-02 1.23984978e-02
9.38438438e-02 -2.06697975e+01 -2.06697975e+01 -2.50725143e-02 -6.80089774e-03 -6.80089680e-03 7.13254574e+01 7.13254574e+01 1.02171073e+02 1.73372523e+02 1.85583095e+02 2.48698069e+02 3.21463253e+02 3.56291773e+02 4.56638358e+02 5.67311711e+02 6.82555448e+02 1.50141302e-16 2.16219379e-16 3.05067015e-05 7.92463201e-14 1.94883564e-15 1.92758205e-28 1.48101308e-16 9.99779324e-01 3.08800799e-15 9.89383729e-01 9.56828763e-01 5.54428328e-01 8.98060691e-01 9.96748102e-01 9.99453872e-01 9.99860620e-01 2.24970740e-18 2.08853901e-19 1.40808813e-06 3.39725510e-07 3.39725510e-07 3.56292512e-03 3.56292512e-03 4.12278979e-03 7.83798134e-17 2.13390090e-02 2.62742314e-02 4.13837898e-03 1.91921316e-02 1.70505307e-02 1.47027361e-02 1.23799919e-02
9.39939940e-02 -2.06697975e+01 -2.06697975e+01 -2.50725140e-02 -6.80090015e-03 -6.80089965e-03 7.13254574e+01 7.13254574e+01 1.02164341e+02 1.73372523e+02 1.85487118e+02 2.48598960e+02 3.21469208e+02 3.56227628e+02 4.56607849e+02 5.67294180e+02 6.82545273e+02 4.47534065e-16 3.69148756e-16 3.05555123e-05 3.52451970e-15 7.92506304e-14 1.92562295e-28 1.45629497e-16 9.99778394e-01 3.16645059e-15 9.89362467e-01 9.57056423e-01 5.54203757e-01 8.97968104e-01 9.96757822e-01 9.99455516e-01 9.99861024e-01 1.02514752e-17 8.95742542e-18 1.40808813e-06 3.39725510e-07 3.39725510e-07 3.56292512e-03 3.56292512e-03 4.13152417e-03 8.40519451e-17 2.13709203e-02 2.62358064e-02 4.13256090e-03 1.91589642e-02 1.70204567e-02 1.46792429e-02 1.23615379e-02
9.41441441e-02 -2.06697975e+01 -2.06697975e+01 -2.50725134e-02 -6.80089016e-03 -6.80088563e-03 7.13254574e+01 7.13254574e+01 1.02157591e+02 1.73372523e+02 1.85390953e+02 2.48500234e+02 3.21475150e+02 3.56163755e+02 4.56577493e+02 5.67276733e+02 6.82535144e+02 2.04610215e-16 3.33171223e-16 3.06043230e-05 4.51138724e-16 7.95117085e-14 1.92367136e-28 2.71297114e-16 9.99777462e-01 3.35089721e-15 9.89341399e-01 9.57282883e-01 5.53979250e-01 8.97876474e-01 9.96767505e-01 9.99457154e-01 9.99861427e-01 4.07194824e-18 8.93089618e-18 1.40808813e-06 3.39725510e-07 3.39725510e-07 3.56292512e-03 3.56292512e-03 4.14026958e-03 8.76063142e-17 2.14026534e-02 2.61972718e-02 4.12675421e-03 1.91258556e-02 1.69904764e-02 1.46558203e-02 1.23431356e-02
9.42942943e-02 -2.06697975e+01 -2.06697975e+01 -2.50725135e-02 -6.80089125e-03 -6.80088190e-03 7.13254574e+01 7.13254574e+01 1.02150823e+02 1.73372523e+02 1.85294600e+02 2.48401889e+02 3.21481078e+02 3.56100154e+02 4.56547290e+02 5.67259369e+02 6.82525061e+02 2.92561504e-16 3.12749574e-16 3.06531337e-05 2.08639096e-14 8.51833446e-17 1.91742374e-28 1.40610553e-16 9.99776526e-01 2.81620061e-15 9.89320525e-01 9.57508145e-01 5.53754808e-01 8.97785795e-01 9.96777152e-01 9.99458784e-01 9.99861828e-01 2.19035927e-18 1.11155148e-17 1.40808813e-06 3.39725510e-07 3.39725510e-07 3.56292512e-03 3.56292512e-03 4.14902604e-03 6.03315718e-17 2.14342075e-02 2.61586296e-02 4.12095889e-03 1.90928062e-02 1.69605896e-02 1.46324678e-02 1.23247848e-02
9.44444444e-02 -2.06697975e+01 -2.06697975e+01 -2.50725141e-02 -6.80090133e-03 -6.80089896e-03 7.13254574e+01 7.13254574e+01 1.02144036e+02 1.73372523e+02 1.85198060e+02 2.48303927e+02 3.21486994e+02 3.56036823e+02 4.56517238e+02 5.67242086e+02 6.82515025e+02 5.72886234e-16 5.44679049e-16 3.07019444e-05 6.98643063e-16 7.97763918e-14 2.22927264e-16 1.91979052e-28 9.99775587e-01 2.01394272e-15 9.89299846e-01 9.57732214e-01 5.53530431e-01 8.97696065e-01 9.96786763e-01 9.99460407e-01 9.99862228e-01 2.12201103e-17 1.31994478e-17 1.40808813e-06 3.39725510e-07 3.39725510e-07 3.56292512e-03 3.56292512e-03 4.15779357e-03 4.62129613e-17 2.14655821e-02 2.61198820e-02 4.11517491e-03 1.90598164e-02 1.69307958e-02 1.46091854e-02 1.23064852e-02
9.45945946e-02 -2.06697975e+01 -2.06697975e+01 -2.50725139e-02 -6.80089421e-03 -6.80089348e-03 7.13254574e+01 7.13254574e+01 1.02137231e+02 1.73372523e+02 1.85101336e+02 2.48206346e+02 3.21492896e+02 3.55973761e+02 4.56487336e+02 5.67224886e+02 6.82505033e+02 3.52115298e-16 2.06488018e-16 3.07507551e-05 7.98668554e-14 2.36940296e-15 1.91786121e-28 2.28102572e-16 9.99774644e-01 2.11641755e-15 9.89279364e-01 9.57955094e-01 5.53306118e-01 8.97607280e-01 9.96796339e-01 9.99462024e-01 9.99862626e-01 5.71719288e-18 4.86495631e-18 1.40808813e-06 3.39725510e-07 3.39725510e-07 3.56292512e-03 3.56292512e-03 4.16657220e-03 6.11322586e-17 2.14967763e-02 2.60810311e-02 4.10940224e-03 1.90268865e-02 1.69010949e-02 1.45859726e-02 1.22882368e-02
9.47447447e-02 -2.06697975e+01 -2.06697975e+01 -2.50725142e-02 -6.80090065e-03 -6.80089163e-03 7.13254574e+01 7.13254574e+01 1.02130408e+02 1.73372523e+02 1.85004428e+02 2.48109147e+02 3.21498786e+02 3.55910966e+02 4.56457584e+02 5.67207766e+02 6.82495087e+02 2.33853845e-16 5.76693218e-16 3.07995659e-05 1.00916158e-16 2.09516043e-14 1.91165705e-28 2.21046485e-16 9.99773699e-01 1.29162618e-15 9.89259079e-01 9.58176789e-01 5.53081870e-01 8.97519434e-01 9.96805878e-01 9.99463634e-01 9.99863022e-01 5.50074762e-18 1.23026327e-17 1.40808813e-06 3.39725510e-07 3.39725510e-07 3.56292512e-03 3.56292512e-03 4.17536193e-03 2.78010420e-17 2.15277895e-02 2.60420788e-02 4.10364085e-03 1.89940170e-02 1.68714864e-02 1.45628292e-02 1.22700393e-02
9.48948949e-02 -2.06697975e+01 -2.06697975e+01 -2.50725139e-02 -6.80090710e-03 -6.80089526e-03 7.13254574e+01 7.13254574e+01 1.02123566e+02 1.73372523e+02 1.84907337e+02 2.48012329e+02 3.21504662e+02 3.55848438e+02 4.56427980e+02 5.67190728e+02 6.82485186e+02 6.96812541e-16 8.00300582e-16 3.08483766e-05 8.01443151e-14 2.34083447e-16 1.91402461e-28 3.58902244e-16 9.99772751e-01 2.92887891e-15 9.89238991e-01 9.58397302e-01 5.52857688e-01 8.97432524e-01 9.96815382e-01 9.99465237e-01 9.99863417e-01 1.15056055e-17 3.14141226e-17 1.40808813e-06 3.39725510e-07 3.39725510e-07 3.56292512e-03 3.56292512e-03 4.18416280e-03 7.88842289e-17 2.15586212e-02 2.60030274e-02 4.09789071e-03 1.89612082e-02 1.68419702e-02 1.45397550e-02 1.22518925e-02
9.50450450e-02 -2.06697975e+01 -2.06697975e+01 -2.50725144e-02 -6.80090035e-03 -6.80089379e-03 7.13254574e+01 7.13254574e+01 1.02116706e+02 1.73372523e+02 1.84810066e+02 2.47915892e+02 3.21510525e+02 3.55786175e+02 4.56398524e+02 5.67173769e+02 6.82475330e+02 2.75615455e-16 4.28839521e-16 3.08971873e-05 2.63834388e-16 8.02693976e-14 1.95002300e-16 1.91211724e-28 9.99771799e-01 1.09146471e-15 9.89219103e-01 9.58616638e-01 5.52633570e-01 8.97346545e-01 9.96824851e-01 9.99466833e-01 9.99863810e-01 5.54775829e-18 1.19731002e-17 1.40808813e-06 3.39725510e-07 3.39725510e-07 3.56292512e-03 3.56292512e-03 4.19297481e-03 3.36741120e-17 2.15892706e-02 2.59638788e-02 4.09215179e-03 1.89284605e-02 1.68125459e-02 1.45167496e-02 1.22337962e-02
9.51951952e-02 -2.06697975e+01 -2.06697975e+01 -2.50725143e-02 -6.80089407e-03 -6.80087636e-03 7.13254574e+01 7.13254574e+01 1.02109828e+02 1.73372523e+02 1.84712614e+02 2.47819835e+02 3.21516376e+02 3.55724176e+02 4.56369215e+02 5.67156891e+02 6.82465518e+02 6.52824888e-16 2.77547333e-16 3.09459980e-05 1.52640381e-16 8.03736873e-14 1.02498453e-22 1.94059890e-16 9.99770844e-01 3.70488205e-15 9.89199413e-01 9.58834801e-01 5.52409517e-01 8.97261495e-01 9.96834284e-01 9.99468423e-01 9.99864201e-01 8.89715611e-18 2.60412183e-18 1.40808813e-06 3.39725510e-07 3.39725510e-07 3.56292512e-03 3.56292512e-03 4.20179801e-03 1.10023692e-16 2.16197372e-02 2.59246351e-02 4.08642407e-03 1.88957742e-02 1.67832132e-02 1.44938128e-02 1.22157502e-02
9.53453453e-02 -2.06697975e+01 -2.06697975e+01 -2.50725149e-02 -6.80089781e-03 -6.80088654e-03 7.13254574e+01 7.13254574e+01 1.02102930e+02 1.73372523e+02 1.84614985e+02 2.47724159e+02 3.21522213e+02 3.55662439e+02 4.56340051e+02 5.67140091e+02 6.82455750e+02 6.07120775e-16 1.61470966e-15 3.09948088e-05 1.15069198e-16 2.10458075e-14 1.90407014e-28 2.36385260e-16 9.99769886e-01 2.26027957e-15 9.89179924e-01 9.59051795e-01 5.52185529e-01 8.97177367e-01 9.96843681e-01 9.99470006e-01 9.99864591e-01 1.87724067e-17 2.67365152e-17 1.40808813e-06 3.39725510e-07 3.39725510e-07 3.56292512e-03 3.56292512e-03 4.21063239e-03 4.74272752e-17 2.16500202e-02 2.58852984e-02 4.08070751e-03 1.88631497e-02 1.67539717e-02 1.44709444e-02 1.21977544e-02
9.54954955e-02 -2.06697975e+01 -2.06697975e+01 -2.50725146e-02 -6.80089606e-03 -6.80088780e-03 7.13254574e+01 7.13254574e+01 1.02096015e+02 1.73372523e+02 1.84517178e+02 2.47628863e+02 3.21528038e+02 3.55600964e+02 4.56311032e+02 5.67123370e+02 6.82446026e+02 6.64285206e-16 3.77196960e-16 3.10436195e-05 8.05389140e-14 2.31952810e-16 1.02406743e-22 2.34109653e-16 9.99768925e-01 2.51188934e-15 9.89160636e-01 9.59267624e-01 5.51961607e-01 8.97094159e-01 9.96853044e-01 9.99471582e-01 9.99864979e-01 8.77632385e-18 1.28966356e-17 1.40808813e-06 3.39725510e-07 3.39725510e-07 3.56292512e-03 3.56292512e-03 4.21947799e-03 5.46643837e-17 2.16801193e-02 2.58458706e-02 4.07500209e-03 1.88305873e-02 1.67248213e-02 1.44481440e-02 1.21798085e-02
9.56456456e-02 -2.06697975e+01 -2.06697975e+01 -2.50725151e-02 -6.80089973e-03 -6.80089562e-03 7.13254574e+01 7.13254574e+01 1.02089080e+02 1.73372523e+02 1.84419196e+02 2.47533947e+02 3.21533850e+02 3.55539748e+02 4.56282157e+02 5.67106728e+02 6.82436346e+02 9.97407219e-16 8.05227187e-16 3.10924302e-05 8.07938447e-14 3.99375023e-16 1.74238165e-16 1.90455990e-28 9.99767961e-01 1.66771624e-15 9.89141549e-01 9.59482291e-01 5.51737750e-01 8.97011866e-01 9.96862371e-01 9.99473152e-01 9.99865366e-01 3.67796458e-17 7.79535773e-18 1.40808813e-06 3.39725510e-07 3.39725510e-07 3.56292512e-03 3.56292512e-03 4.22833483e-03 4.97981375e-17 2.17100337e-02 2.58063539e-02 4.06930778e-03 1.87980873e-02 1.66957616e-02 1.44254115e-02 1.21619124e-02
9.57957958e-02 -2.06697975e+01 -2.06697975e+01 -2.50725140e-02 -6.80089822e-03 -6.80089451e-03 7.13254574e+01 7.13254574e+01 1.02082127e+02 1.73372523e+02 1.84321039e+02 2.47439409e+02 3.21539649e+02 3.55478792e+02 4.56253425e+02 5.67090163e+02 6.82426709e+02 8.75710998e-16 7.15831664e-16 3.11412409e-05 4.94368611e-16 8.09535501e-14 1.91345294e-28 1.68812443e-16 9.99766994e-01 3.75954372e-15 9.89122665e-01 9.59695802e-01 5.51513959e-01 8.96930484e-01 9.96871664e-01 9.99474715e-01 9.99865751e-01 2.28169710e-17 2.71193137e-17 1.40808813e-06 3.39725510e-07 3.39725510e-07 3.56292512e-03 3.56292512e-03 4.23720292e-03 9.89240510e-17 2.17397630e-02 2.57667503e-02 4.06362454e-03 1.87656501e-02 1.66667923e-02 1.44027464e-02 1.21440659e-02
9.59459459e-02 -2.06697975e+01 -2.06697975e+01 -2.50725126e-02 -6.80090311e-03 -6.80088805e-03 7.13254574e+01 7.13254574e+01 1.02075155e+02 1.73372523e+02 1.84222710e+02 2.47345251e+02 3.21545436e+02 3.55418094e+02 4.56224835e+02 5.67073675e+02 6.82417115e+02 3.70106254e-16 6.79448246e-16 3.11900516e-05 8.10039960e-14 1.45808667e-16 1.91159356e-28 5.05355866e-17 9.99766023e-01 4.76154035e-15 9.89103983e-01 9.59908160e-01 5.51290233e-01 8.96850008e-01 9.96880921e-01 9.99476272e-01 9.99866134e-01 5.95633724e-18 2.03240898e-17 1.40808813e-06 3.39725510e-07 3.39725510e-07 3.56292512e-03 3.56292512e-03 4.24608229e-03 1.41150878e-16 2.17693065e-02 2.57270617e-02 4.05795236e-03 1.87332759e-02 1.66379130e-02 1.43801486e-02 1.21262688e-02
9.60960961e-02 -2.06697975e+01 -2.06697975e+01 -2.50725140e-02 -6.80088358e-03 -6.80087978e-03 7.13254574e+01 7.13254574e+01 1.02068164e+02 1.73372523e+02 1.84124209e+02 2.47251471e+02 3.21551210e+02 3.55357652e+02 4.56196386e+02 5.67057265e+02 6.82407564e+02 6.56023140e-16 3.48314463e-16 3.12388624e-05 4.70327236e-16 8.10007727e-14 1.02644128e-22 1.72442680e-16 9.99765049e-01 5.62874770e-16 9.89085505e-01 9.60119369e-01 5.51066572e-01 8.96770436e-01 9.96890144e-01 9.99477822e-01 9.99866516e-01 2.56320927e-17 9.38259053e-18 1.40808813e-06 3.39725510e-07 3.39725510e-07 3.56292512e-03 3.56292512e-03 4.25497295e-03 2.31989421e-17 2.17986638e-02 2.56872901e-02 4.05229120e-03 1.87009651e-02 1.66091236e-02 1.43576179e-02 1.21085208e-02
9.62462462e-02 -2.06697975e+01 -2.06697975e+01 -2.50725150e-02 -6.80089317e-03 -6.80089220e-03 7.13254574e+01 7.13254574e+01 1.02061155e+02 1.73372523e+02 1.84025538e+02 2.47158069e+02 3.21556971e+02 3.55297465e+02 4.56168077e+02 5.67040931e+02 6.82398056e+02 7.33237470e-16 6.38270570e-16 3.12876731e-05 2.12472110e-14 4.60694345e-16 1.03385899e-22 1.97197384e-16 9.99764072e-01 2.88643569e-15 9.89067231e-01 9.60329433e-01 5.50842978e-01 8.96691761e-01 9.96899331e-01 9.99479366e-01 9.99866897e-01 1.21552882e-17 2.29313907e-17 1.40808813e-06 3.39725510e-07 3.39725510e-07 3.56292512e-03 3.56292512e-03 4.26387493e-03 7.85862267e-17 2.18278344e-02 2.56474376e-02 4.04664103e-03 1.86687179e-02 1.65804236e-02 1.43351539e-02 1.20908219e-02
9.63963964e-02 -2.06697975e+01 -2.06697975e+01 -2.50725142e-02 -6.80089118e-03 -6.80088528e-03 7.13254574e+01 7.13254574e+01 1.02054127e+02 1.73372523e+02 1.83926698e+02 2.47065045e+02 3.21562719e+02 3.55237533e+02 4.56139908e+02 5.67024672e+02 6.82388590e+02 8.46335530e-16 5.62338957e-16 3.13364838e-05 2.90778266e-16 8.14610448e-14 4.87480295e-17 1.91692741e-28 9.99763091e-01 2.00525333e-16 9.89049162e-01 9.60538357e-01 5.50619449e-01 8.96613981e-01 9.96908485e-01 9.99480903e-01 9.99867276e-01 2.00220751e-17 2.87511861e-18 1.40808813e-06 3.39725510e-07 3.39725510e-07 3.56292512e-03 3.56292512e-03 4.27278824e-03 7.21838477e-18 2.18568177e-02 2.56075062e-02 4.04100183e-03 1.86365346e-02 1.65518128e-02 1.43127563e-02 1.20731718e-02
9.65465465e-02 -2.06697975e+01 -2.06697975e+01 -2.50725142e-02 -6.80089454e-03 -6.80089417e-03 7.13254574e+01 7.13254574e+01 1.02047079e+02 1.73372523e+02 1.83827691e+02 2.46972398e+02 3.21568455e+02 3.55177853e+02 4.56111877e+02 5.67008489e+02 6.82379167e+02 3.39297243e-16 7.53444298e-16 3.13852945e-05 1.39311640e-15 2.13089323e-14 2.00983265e-16 1.91091056e-28 9.99762108e-01 1.45402772e-15 9.89031298e-01 9.60746145e-01 5.50395986e-01 8.96537091e-01 9.96917603e-01 9.99482434e-01 9.99867653e-01 8.05944177e-18 2.02307199e-17 1.40808813e-06 3.39725510e-07 3.39725510e-07 3.56292512e-03 3.56292512e-03 4.28171291e-03 4.00264473e-17 2.18856133e-02 2.55674978e-02 4.03537357e-03 1.86044156e-02 1.65232910e-02 1.42904250e-02 1.20555704e-02
9.66966967e-02 -2.06697975e+01 -2.06697975e+01 -2.50725145e-02 -6.80090897e-03 -6.80089983e-03 7.13254574e+01 7.13254574e+01 1.02040013e+02 1.73372523e+02 1.83728518e+02 2.46880127e+02 3.21574178e+02 3.55118425e+02 4.56083983e+02 5.66992381e+02 6.82369785e+02 6.22099885e-16 3.47684591e-16 3.14341052e-05 1.46529564e-16 8.17109965e-14 1.52323778e-16 1.91328119e-28 9.99761121e-01 4.97599809e-15 9.89013639e-01 9.60952800e-01 5.50172590e-01 8.96461087e-01 9.96926688e-01 9.99483959e-01 9.99868029e-01 1.86540453e-17 1.21770480e-17 1.40808813e-06 3.39725510e-07 3.39725510e-07 3.56292512e-03 3.56292512e-03 4.29064896e-03 1.28797221e-16 2.19142207e-02 2.55274143e-02 4.02975622e-03 1.85723610e-02 1.64948576e-02 1.42681596e-02 1.20380174e-02
9.68468468e-02 -2.06697975e+01 -2.06697975e+01 -2.50725144e-02 -6.80089732e-03 -6.80088705e-03 7.13254574e+01 7.13254574e+01 1.02032928e+02 1.73372523e+02 1.83629181e+02 2.46788233e+02 3.21579889e+02 3.55059248e+02 4.56056227e+02 5.66976348e+02 6.82360445e+02 9.54547596e-16 1.09386954e-15 3.14829160e-05 1.50958685e-16 5.16027161e-14 1.90937978e-28 2.70743093e-16 9.99760131e-01 1.85481929e-15 9.88996187e-01 9.61158327e-01 5.49949259e-01 8.96385965e-01 9.96935738e-01 9.99485477e-01 9.99868403e-01 9.13960196e-18 2.23291700e-17 1.40808813e-06 3.39725510e-07 3.39725510e-07 3.56292512e-03 3.56292512e-03 4.29959641e-03 5.42622544e-17 2.19426394e-02 2.54872578e-02 4.02414975e-03 1.85403711e-02 1.64665126e-02 1.42459600e-02 1.20205127e-02
9.69969970e-02 -2.06697975e+01 -2.06697975e+01 -2.50725139e-02 -6.80090422e-03 -6.80089935e-03 7.13254574e+01 7.13254574e+01 1.02025824e+02 1.73372523e+02 1.83529680e+02 2.46696715e+02 3.21585588e+02 3.55000320e+02 4.56028606e+02 5.66960389e+02 6.82351146e+02 5.58368766e-16 8.56375704e-16 3.15317267e-05 6.65036190e-17 2.14638894e-14 1.90549234e-28 1.99766067e-16 9.99759137e-01 4.61805536e-16 9.88978942e-01 9.61362731e-01 5.49725994e-01 8.96311720e-01 9.96944754e-01 9.99486989e-01 9.99868776e-01 1.69878403e-17 3.03279010e-18 1.40808813e-06 3.39725510e-07 3.39725510e-07 3.56292512e-03 3.56292512e-03 4.30855527e-03 1.45362614e-17 2.19708691e-02 2.54470302e-02 4.01855414e-03 1.85084462e-02 1.64382555e-02 1.42238258e-02 1.20030561e-02
9.71471471e-02 -2.06697975e+01 -2.06697975e+01 -2.50725140e-02 -6.80089118e-03 -6.80089008e-03 7.13254574e+01 7.13254574e+01 1.02018700e+02 1.73372523e+02 1.83430018e+02 2.46605571e+02 3.21591273e+02 3.54941640e+02 4.56001121e+02 5.66944503e+02 6.82341889e+02 5.60623664e-16 1.64559141e-15 3.15805374e-05 5.18040651e-14 1.07505798e-15 1.91275531e-16 1.92823683e-28 9.99758140e-01 1.05381657e-15 9.88961903e-01 9.61566015e-01 5.49502796e-01 8.96238348e-01 9.96953736e-01 9.99488495e-01 9.99869147e-01 2.42011418e-18 6.99174039e-18 1.40808813e-06 3.39725510e-07 3.39725510e-07 3.56292512e-03 3.56292512e-03 4.31752557e-03 2.34400809e-17 2.19989094e-02 2.54067335e-02 4.01296935e-03 1.84765866e-02 1.64100862e-02 1.42017568e-02 1.19856475e-02
9.72972973e-02 -2.06697975e+01 -2.06697975e+01 -2.50725146e-02 -6.80089507e-03 -6.80088971e-03 7.13254574e+01 7.13254574e+01 1.02011558e+02 1.73372523e+02 1.83330195e+02 2.46514802e+02 3.21596947e+02 3.54883207e+02 4.55973769e+02 5.66928690e+02 6.82332672e+02 7.77688213e-16 1.04104165e-15 3.16293481e-05 8.21634953e-14 3.77639859e-16 1.92853679e-28 2.19007945e-16 9.99757140e-01 5.97696852e-15 9.88945072e-01 9.61768184e-01 5.49279664e-01 8.96165846e-01 9.96962684e-01 9.99489994e-01 9.99869516e-01 1.79595782e-17 1.56455169e-17 1.40808813e-06 3.39725510e-07 3.39725510e-07 3.56292512e-03 3.56292512e-03 4.32650733e-03 1.58346197e-16 2.20267597e-02 2.53663695e-02 4.00739536e-03 1.84447924e-02 1.63820041e-02 1.41797527e-02 1.19682865e-02
9.74474474e-02 -2.06697975e+01 -2.06697975e+01 -2.50725144e-02 -6.80090329e-03 -6.80088856e-03 7.13254574e+01 7.13254574e+01 1.02004396e+02 1.73372523e+02 1.83230214e+02 2.46424408e+02 3.21602608e+02 3.54825019e+02 4.55946551e+02 5.66912951e+02 6.82323497e+02 9.06593902e-16 3.67758495e-16 3.16781589e-05 1.54090594e-16 8.23653708e-14 1.64746878e-16 1.92677294e-28 9.99756137e-01 3.61259438e-15 9.88928449e-01 9.61969241e-01 5.49056599e-01 8.96094209e-01 9.96971598e-01 9.99491487e-01 9.99869885e-01 2.99565170e-17 7.64896401e-18 1.40808813e-06 3.39725510e-07 3.39725510e-07 3.56292512e-03 3.56292512e-03 4.33550056e-03 7.85872216e-17 2.20544198e-02 2.53259401e-02 4.00183215e-03 1.84130638e-02 1.63540092e-02 1.41578133e-02 1.19509732e-02
9.75975976e-02 -2.06697975e+01 -2.06697975e+01 -2.50725142e-02 -6.80090762e-03 -6.80089273e-03 7.13254574e+01 7.13254574e+01 1.01997215e+02 1.73372523e+02 1.83130075e+02 2.46334386e+02 3.21608257e+02 3.54767077e+02 4.55919466e+02 5.66897283e+02 6.82314361e+02 5.88047719e-16 4.64105234e-16 3.17269696e-05 8.24164314e-14 1.31221512e-16 7.11207251e-17 1.94906335e-28 9.99755130e-01 4.86167329e-15 9.88912035e-01 9.62169192e-01 5.48833600e-01 8.96023433e-01 9.96980478e-01 9.99492974e-01 9.99870251e-01 2.33426260e-17 1.62262774e-17 1.40808812e-06 3.39725510e-07 3.39725510e-07 3.56292512e-03 3.56292512e-03 4.34450529e-03 1.25731500e-16 2.20818892e-02 2.52854474e-02 3.99627968e-03 1.83814012e-02 1.63261010e-02 1.41359383e-02 1.19337072e-02
9.77477477e-02 -2.06697975e+01 -2.06697975e+01 -2.50725145e-02 -6.80088975e-03 -6.80088887e-03 7.13254574e+01 7.13254574e+01 1.01990015e+02 1.73372523e+02 1.83029780e+02 2.46244738e+02 3.21613893e+02 3.54709378e+02 4.55892512e+02 5.66881688e+02 6.82305266e+02 4.45074517e-16 8.38469204e-16 3.17757803e-05 1.30965648e-15 5.20280852e-14 1.94529119e-28 1.48909733e-16 9.99754120e-01 3.94447131e-15 9.88895829e-01 9.62368040e-01 5.48610668e-01 8.95953514e-01 9.96989325e-01 9.99494455e-01 9.99870617e-01 8.89076271e-18 1.88627250e-18 1.40808812e-06 3.39725510e-07 3.39725510e-07 3.56292512e-03 3.56292512e-03 4.35352154e-03 1.05923486e-16 2.21091676e-02 2.52448931e-02 3.99073793e-03 1.83498048e-02 1.62982792e-02 1.41141276e-02 1.19164884e-02
9.78978979e-02 -2.06697975e+01 -2.06697975e+01 -2.50725141e-02 -6.80090152e-03 -6.80089587e-03 7.13254574e+01 7.13254574e+01 1.01982795e+02 1.73372523e+02 1.82929331e+02 2.46155462e+02 3.21619517e+02 3.54651921e+02 4.55865689e+02 5.66866163e+02 6.82296211e+02 5.24665132e-16 7.66763393e-16 3.18245910e-05 3.66500776e-16 8.26663410e-14 1.94561408e-28 2.35483178e-16 9.99753107e-01 2.59876768e-15 9.88879832e-01 9.62565789e-01 5.48387802e-01 8.95884447e-01 9.96998138e-01 9.99495930e-01 9.99870980e-01 4.05317288e-18 1.05391978e-17 1.40808812e-06 3.39725510e-07 3.39725510e-07 3.56292512e-03 3.56292512e-03 4.36254932e-03 7.34259042e-17 2.21362547e-02 2.52042793e-02 3.98520686e-03 1.83182746e-02 1.62705436e-02 1.40923807e-02 1.18993166e-02
9.80480480e-02 -2.06697975e+01 -2.06697975e+01 -2.50725136e-02 -6.80090105e-03 -6.80089987e-03 7.13254574e+01 7.13254574e+01 1.01975556e+02 1.73372523e+02 1.82828729e+02 2.46066557e+02 3.21625129e+02 3.54594705e+02 4.55838996e+02 5.66850710e+02 6.82287196e+02 3.54572783e-16 4.10909352e-16 3.18734017e-05 1.03709125e-15 5.22254535e-14 1.79915048e-16 1.94186138e-28 9.99752090e-01 3.14307975e-15 9.88864045e-01 9.62762445e-01 5.48165004e-01 8.95816228e-01 9.97006918e-01 9.99497398e-01 9.99871343e-01 9.30849911e-18 7.03770278e-18 1.40808812e-06 3.39725510e-07 3.39725510e-07 3.56292512e-03 3.56292512e-03 4.37158866e-03 8.24552331e-17 2.21631501e-02 2.51636076e-02 3.97968647e-03 1.82868110e-02 1.62428939e-02 1.40706975e-02 1.18821917e-02
9.81981982e-02 -2.06697975e+01 -2.06697975e+01 -2.50725144e-02 -6.80089808e-03 -6.80088493e-03 7.13254574e+01 7.13254574e+01 1.01968298e+02 1.73372523e+02 1.82727975e+02 2.45978024e+02 3.21630729e+02 3.54537729e+02 4.55812433e+02 5.66835328e+02 6.82278220e+02 5.01160219e-16 3.36349061e-16 3.19222125e-05 1.78339955e-16 8.29482193e-14 2.47398100e-16 1.94219040e-28 9.99751070e-01 7.20684152e-15 9.88848467e-01 9.62958010e-01 5.47942272e-01 8.95748854e-01 9.97015665e-01 9.99498861e-01 9.99871704e-01 1.70718433e-17 6.75130471e-18 1.40808812e-06 3.39725510e-07 3.39725510e-07 3.56292512e-03 3.56292512e-03 4.38063958e-03 1.73041121e-16 2.21898535e-02 2.51228801e-02 3.97417670e-03 1.82554142e-02 1.62153297e-02 1.40490777e-02 1.18651135e-02
9.83483483e-02 -2.06697975e+01 -2.06697975e+01 -2.50725146e-02 -6.80089968e-03 -6.80089344e-03 7.13254574e+01 7.13254574e+01 1.01961020e+02 1.73372523e+02 1.82627071e+02 2.45889861e+02 3.21636316e+02 3.54480992e+02 4.55785998e+02 5.66820016e+02 6.82269284e+02 5.87339899e-16 6.87413265e-16 3.19710232e-05 2.91469086e-16 8.31243000e-14 1.12399338e-22 1.88454801e-16 9.99750047e-01 5.60686197e-15 9.88833099e-01 9.63152490e-01 5.47719607e-01 8.95682320e-01 9.97024378e-01 9.99500318e-01 9.99872063e-01 7.95351460e-18 2.13161649e-17 1.40808812e-06 3.39725510e-07 3.39725510e-07 3.56292512e-03 3.56292512e-03 4.38970209e-03 1.39140309e-16 2.22163647e-02 2.50820985e-02 3.96867755e-03 1.82240842e-02 1.61878508e-02 1.40275211e-02 1.18480817e-02
9.84984985e-02 -2.06697975e+01 -2.06697975e+01 -2.50725140e-02 -6.80090967e-03 -6.80089083e-03 7.13254574e+01 7.13254574e+01 1.01953723e+02 1.73372523e+02 1.82526018e+02 2.45802067e+02 3.21641892e+02 3.54424493e+02 4.55759690e+02 5.66804773e+02 6.82260386e+02 6.54582718e-16 3.15957607e-16 3.20198339e-05 2.17835904e-14 6.62226472e-17 1.93473691e-28 2.00177917e-16 9.99749020e-01 6.34486247e-16 9.88817942e-01 9.63345889e-01 5.47497010e-01 8.95616622e-01 9.97033058e-01 9.99501768e-01 9.99872421e-01 6.08183781e-18 1.02852562e-18 1.40808812e-06 3.39725510e-07 3.39725510e-07 3.56292512e-03 3.56292512e-03 4.39877622e-03 1.67860159e-17 2.22426833e-02 2.50412648e-02 3.96318898e-03 1.81928214e-02 1.61604568e-02 1.40060275e-02 1.18310963e-02
9.86486486e-02 -2.06697975e+01 -2.06697975e+01 -2.50725142e-02 -6.80089737e-03 -6.80088305e-03 7.13254574e+01 7.13254574e+01 1.01946406e+02 1.73372523e+02 1.82424819e+02 2.45714643e+02 3.21647455e+02 3.54368230e+02 4.55733510e+02 5.66789600e+02 6.82251528e+02 9.29239958e-16 4.58317216e-16 3.20686446e-05 4.49156508e-17 2.17908427e-14 1.09518882e-22 1.62499532e-16 9.99747990e-01 1.91609418e-15 9.88802994e-01 9.63538211e-01 5.47274479e-01 8.95551756e-01 9.97041706e-01 9.99503213e-01 9.99872778e-01 4.29826760e-18 1.73689119e-17 1.40808812e-06 3.39725510e-07 3.39725510e-07 3.56292512e-03 3.56292512e-03 4.40786198e-03 3.20604986e-17 2.22688090e-02 2.50003806e-02 3.95771096e-03 1.81616258e-02 1.61331475e-02 1.39845965e-02 1.18141571e-02
9.87987988e-02 -2.06697975e+01 -2.06697975e+01 -2.50725139e-02 -6.80089728e-03 -6.80088996e-03 7.13254574e+01 7.13254574e+01 1.01939069e+02 1.73372523e+02 1.82323473e+02 2.45627587e+02 3.21653006e+02 3.54312203e+02 4.55707455e+02 5.66774495e+02 6.82242708e+02 7.73320234e-16 6.22151948e-16 3.21174553e-05 3.16502444e-16 8.33784237e-14 4.01430897e-16 1.11200170e-22 9.99746957e-01 4.06970328e-15 9.88788257e-01 9.63729460e-01 5.47052016e-01 8.95487718e-01 9.97050320e-01 9.99504651e-01 9.99873133e-01 2.01385569e-17 2.09849636e-17 1.40808812e-06 3.39725510e-07 3.39725510e-07 3.56292512e-03 3.56292512e-03 4.41695940e-03 1.11925813e-16 2.22947417e-02 2.49594480e-02 3.95224348e-03 1.81304977e-02 1.61059225e-02 1.39632280e-02 1.17972638e-02
9.89489489e-02 -2.06697975e+01 -2.06697975e+01 -2.50725137e-02 -6.80088946e-03 -6.80088677e-03 7.13254574e+01 7.13254574e+01 1.01931713e+02 1.73372523e+02 1.82221984e+02 2.45540898e+02 3.21658545e+02 3.54256410e+02 4.55681526e+02 5.66759459e+02 6.82233926e+02 6.70484701e-16 6.30498603e-16 3.21662661e-05 2.18762412e-14 1.57574687e-16 2.28794827e-16 1.92970598e-28 9.99745920e-01 3.86770656e-15 9.88773731e-01 9.63919641e-01 5.46829620e-01 8.95424503e-01 9.97058902e-01 9.99506084e-01 9.99873486e-01 1.85814702e-17 2.12829478e-17 1.40808812e-06 3.39725510e-07 3.39725510e-07 3.56292512e-03 3.56292512e-03 4.42606849e-03 9.40670478e-17 2.23204811e-02 2.49184686e-02 3.94678649e-03 1.80994372e-02 1.60787816e-02 1.39419216e-02 1.17804164e-02
9.90990991e-02 -2.06697975e+01 -2.06697975e+01 -2.50725144e-02 -6.80089751e-03 -6.80087832e-03 7.13254574e+01 7.13254574e+01 1.01924337e+02 1.73372523e+02 1.82120351e+02 2.45454576e+02 3.21664072e+02 3.54200850e+02 4.55655721e+02 5.66744492e+02 6.82225183e+02 6.25631756e-16 5.88137204e-16 3.22150768e-05 2.08443159e-16 5.28293163e-14 1.93005567e-28 1.97535150e-16 9.99744880e-01 4.94561277e-16 9.88759416e-01 9.64108758e-01 5.46607292e-01 8.95362107e-01 9.97067451e-01 9.99507511e-01 9.99873839e-01 2.18773904e-17 1.91419273e-17 1.40808812e-06 3.39725510e-07 3.39725510e-07 3.56292512e-03 3.56292512e-03 4.43518927e-03 1.65229155e-17 2.23460270e-02 2.48774442e-02 3.94133998e-03 1.80684444e-02 1.60517244e-02 1.39206772e-02 1.17636145e-02
9.92492492e-02 -2.06697975e+01 -2.06697975e+01 -2.50725133e-02 -6.80089439e-03 -6.80089428e-03 7.13254574e+01 7.13254574e+01 1.01916942e+02 1.73372523e+02 1.82018578e+02 2.45368621e+02 3.21669588e+02 3.54145522e+02 4.55630040e+02 5.66729592e+02 6.82216478e+02 2.68064327e-16 1.18274463e-16 3.22638875e-05 1.41903744e-27 8.33281007e-28 5.48792906e-45 2.68537643e-27 9.99743836e-01 1.26413928e-15 9.88745311e-01 9.64296816e-01 5.46385031e-01 8.95300527e-01 9.97075968e-01 9.99508932e-01 9.99874189e-01 1.55404714e-18 3.73795897e-18 1.40808812e-06 3.39725510e-07 3.39725510e-07 3.56292512e-03 3.56292512e-03 4.44432177e-03 2.78642992e-17 2.23713791e-02 2.48363768e-02 3.93590393e-03 1.80375196e-02 1.60247507e-02 1.38994946e-02 1.17468582e-02
9.93993994e-02 -2.06697975e+01 -2.06697975e+01 -2.50725136e-02 -6.80089503e-03 -6.80089108e-03 7.13254574e+01 7.13254574e+01 1.01909526e+02 1.73372523e+02 1.81916664e+02 2.45283031e+02 3.21675091e+02 3.54090425e+02 4.55604482e+02 5.66714759e+02 6.82207810e+02 9.19221826e-16 6.14399141e-16 3.23126982e-05 4.67988688e-16 8.39586766e-14 7.22417949e-17 1.92874664e-28 9.99742789e-01 2.23892253e-15 9.88731418e-01 9.64483818e-01 5.46162838e-01 8.95239758e-01 9.97084452e-01 9.99510347e-01 9.99874539e-01 3.68319996e-17 1.31427744e-17 1.40808812e-06 3.39725510e-07 3.39725510e-07 3.56292512e-03 3.56292512e-03 4.45346600e-03 6.00862177e-17 2.23965372e-02 2.47952679e-02 3.93047829e-03 1.80066628e-02 1.59978601e-02 1.38783733e-02 1.17301471e-02
9.95495495e-02 -2.06697975e+01 -2.06697975e+01 -2.50725141e-02 -6.80090394e-03 -6.80090234e-03 7.13254574e+01 7.13254574e+01 1.01902091e+02 1.73372523e+02 1.81814613e+02 2.45197805e+02 3.21680582e+02 3.54035558e+02 4.55579046e+02 5.66699993e+02 6.82199181e+02 4.01657710e-16 1.41398002e-15 3.23615089e-05 8.40714485e-14 1.17897085e-15 1.92709391e-28 1.84004123e-16 9.99741738e-01 2.52274359e-15 9.88717736e-01 9.64669770e-01 5.45940712e-01 8.95179796e-01 9.97092904e-01 9.99511757e-01 9.99874887e-01 1.19436705e-17 4.02784216e-17 1.40808812e-06 3.39725510e-07 3.39725510e-07 3.56292512e-03 3.56292512e-03 4.46262197e-03 6.01687753e-17 2.24215013e-02 2.47541194e-02 3.92506305e-03 1.79758742e-02 1.59710524e-02 1.38573133e-02 1.17134812e-02
9.96996997e-02 -2.06697975e+01 -2.06697975e+01 -2.50725140e-02 -6.80089156e-03 -6.80088895e-03 7.13254574e+01 7.13254574e+01 1.01894636e+02 1.73372523e+02 1.81712424e+02 2.45112943e+02 3.21686062e+02 3.53980919e+02 4.55553732e+02 5.66685294e+02 6.82190588e+02 3.96007014e-16 4.03190674e-16 3.24103197e-05 1.68158427e-16 2.20329226e-14 1.66328779e-16 1.92144398e-28 9.99740684e-01 2.94629039e-15 9.88704265e-01 9.64854675e-01 5.45718655e-01 8.95120638e-01 9.97101324e-01 9.99513160e-01 9.99875234e-01 7.46729702e-18 1.48210632e-18 1.40808812e-06 3.39725510e-07 3.39725510e-07 3.56292512e-03 3.56292512e-03 4.47178972e-03 6.68644983e-17 2.24462710e-02 2.47129330e-02 3.91965818e-03 1.79451539e-02 1.59443272e-02 1.38363143e-02 1.16968602e-02
9.98498498e-02 -2.06697975e+01 -2.06697975e+01 -2.50725141e-02 -6.80088798e-03 -6.80088666e-03 7.13254574e+01 7.13254574e+01 1.01887160e+02 1.73372523e+02 1.81610101e+02 2.45028444e+02 3.21691529e+02 3.53926508e+02 4.55528538e+02 5.66670661e+02 6.82182033e+02 7.95551864e-16 7.37101508e-16 3.24591304e-05 9.41013636e-16 5.31920161e-14 1.92180795e-28 2.41996627e-16 9.99739626e-01 4.21473480e-16 9.88691005e-01 9.65038537e-01 5.45496665e-01 8.95062278e-01 9.97109712e-01 9.99514558e-01 9.99875579e-01 1.38816799e-17 2.69536389e-17 1.40808812e-06 3.39725510e-07 3.39725510e-07 3.56292512e-03 3.56292512e-03 4.48096926e-03 6.82339395e-18 2.24708464e-02 2.46717105e-02 3.91426366e-03 1.79145021e-02 1.59176843e-02 1.38153761e-02 1.16802840e-02
1.00000000e-01 -2.06697975e+01 -2.06697975e+01 -2.50725147e-02 -6.80089551e-03 -6.80089042e-03 7.13254574e+01 7.13254574e+01 1.01879665e+02 1.73372523e+02 1.81507643e+02 2.44944308e+02 3.21696985e+02 3.53872323e+02 4.55503464e+02 5.66656093e+02 6.82173514e+02 5.37427114e-16 9.35001969e-16 3.25079411e-05 3.09762143e-16 5.32399912e-14 1.06242927e-16 1.92017652e-28 9.99738565e-01 1.62419711e-15 9.88677957e-01 9.65221362e-01 5.45274743e-01 8.95004713e-01 9.97118068e-01 9.99515951e-01 9.99875923e-01 1.74386953e-17 3.01221159e-17 1.40808812e-06 3.39725510e-07 3.39725510e-07 3.56292512e-03 3.56292512e-03 4.49016061e-03 2.51826371e-17 2.24952271e-02 2.46304536e-02 3.90887946e-03 1.78839188e-02 1.58911233e-02 1.37944983e-02 1.16637525e-02
1.00150150e-01 -2.06697975e+01 -2.06697975e+01 -2.50725136e-02 -6.80090015e-03 -6.80089923e-03 7.13254574e+01 7.13254574e+01 1.01872150e+02 1.73372523e+02 1.81405054e+02 2.44860533e+02 3.21702429e+02 3.53818364e+02 4.55478510e+02 5.66641591e+02 6.82165032e+02 8.82803805e-16 7.75427736e-16 3.25567518e-05 1.99107481e-15 8.45477248e-14 1.92054332e-28 2.59344978e-16 9.99737501e-01 1.79947973e-15 9.88665120e-01 9.65403154e-01 5.45052890e-01 8.94947938e-01 9.97126392e-01 9.99517337e-01 9.99876266e-01 1.43412756e-17 2.31765870e-17 1.40808812e-06 3.39725510e-07 3.39725510e-07 3.56292512e-03 3.56292512e-03 4.49936378e-03 3.48054748e-17 2.25194132e-02 2.45891640e-02 3.90350554e-03 1.78534043e-02 1.58646440e-02 1.37736808e-02 1.16472654e-02
1.00300300e-01 -2.06697975e+01 -2.06697975e+01 -2.50725154e-02 -6.80089992e-03 -6.80089516e-03 7.13254574e+01 7.13254574e+01 1.01864615e+02 1.73372523e+02 1.81302333e+02 2.44777118e+02 3.21707861e+02 3.53764629e+02 4.55453674e+02 5.66627154e+02 6.82156587e+02 1.00131142e-15 7.10481617e-16 3.26055626e-05 5.34374880e-14 2.44173615e-16 1.91693152e-28 1.25060453e-16 9.99736433e-01 3.15495841e-15 9.88652494e-01 9.65583917e-01 5.44831104e-01 8.94891950e-01 9.97134684e-01 9.99518718e-01 9.99876607e-01 2.94599048e-17 1.39820525e-17 1.40808812e-06 3.39725510e-07 3.39725510e-07 3.56292512e-03 3.56292512e-03 4.50857880e-03 6.90823754e-17 2.25434045e-02 2.45478434e-02 3.89814190e-03 1.78229585e-02 1.58382460e-02 1.37529234e-02 1.16308226e-02
1.00450450e-01 -2.06697975e+01 -2.06697975e+01 -2.50725139e-02 -6.80088659e-03 -6.80088499e-03 7.13254574e+01 7.13254574e+01 1.01857060e+02 1.73372523e+02 1.81199484e+02 2.44694064e+02 3.21713282e+02 3.53711117e+02 4.55428956e+02 5.66612781e+02 6.82148178e+02 3.03107106e-16 1.07439749e-15 3.26543733e-05 7.21934052e-16 5.35510484e-14 1.91531790e-28 2.43685530e-16 9.99735361e-01 1.85320685e-15 9.88640079e-01 9.65763655e-01 5.44609387e-01 8.94836745e-01 9.97142945e-01 9.99520093e-01 9.99876947e-01 6.76792659e-18 1.00925118e-17 1.40808812e-06 3.39725510e-07 3.39725510e-07 3.56292512e-03 3.56292512e-03 4.51780568e-03 5.93462049e-17 2.25672008e-02 2.45064934e-02 3.89278850e-03 1.77925816e-02 1.58119291e-02 1.37322257e-02 1.16144239e-02
1.00600601e-01 -2.06697975e+01 -2.06697975e+01 -2.50725148e-02 -6.80088841e-03 -6.80088835e-03 7.13254574e+01 7.13254574e+01 1.01849484e+02 1.73372523e+02 1.81096506e+02 2.44611368e+02 3.21718691e+02 3.53657827e+02 4.55404355e+02 5.66598473e+02 6.82139805e+02 4.72037230e-16 6.02927714e-16 3.27031840e-05 7.74194046e-14 3.51459768e-14 1.82450891e-16 1.91569293e-28 9.99734286e-01 3.11074550e-15 9.88627875e-01 9.65942373e-01 5.44387738e-01 8.94782319e-01 9.97151175e-01 9.99521463e-01 9.99877285e-01 1.41090172e-17 1.06914459e-17 1.40808812e-06 3.39725510e-07 3.39725510e-07 3.56292512e-03 3.56292512e-03 4.52704445e-03 9.08390234e-17 2.25908022e-02 2.44651158e-02 3.88744531e-03 1.77622738e-02 1.57856930e-02 1.37115877e-02 1.15980692e-02
1.00750751e-01 -2.06697975e+01 -2.06697975e+01 -2.50725139e-02 -6.80089634e-03 -6.80089613e-03 7.13254574e+01 7.13254574e+01 1.01841888e+02 1.73372523e+02 1.80993403e+02 2.44529030e+02 3.21724088e+02 3.53604758e+02 4.55379870e+02 5.66584229e+02 6.82131468e+02 5.95328372e-16 4.58393292e-16 3.27519947e-05 2.30237966e-15 2.21436580e-14 1.91012910e-28 1.96378657e-16 9.99733208e-01 8.05562853e-15 9.88615882e-01 9.66120075e-01 5.44166157e-01 8.94728666e-01 9.97159373e-01 9.99522827e-01 9.99877622e-01 1.75439915e-17 7.18470004e-18 1.40808812e-06 3.39725510e-07 3.39725510e-07 3.56292512e-03 3.56292512e-03 4.53629512e-03 2.04953267e-16 2.26142086e-02 2.44237123e-02 3.88211231e-03 1.77320350e-02 1.57595373e-02 1.36910089e-02 1.15817583e-02
1.00900901e-01 -2.06697975e+01 -2.06697975e+01 -2.50725126e-02 -6.80089317e-03 -6.80088838e-03 7.13254574e+01 7.13254574e+01 1.01834272e+02 1.73372523e+02 1.80890175e+02 2.44447050e+02 3.21729474e+02 3.53551909e+02 4.55355501e+02 5.66570047e+02 6.82123167e+02 5.22442275e-16 6.85960318e-16 3.28008054e-05 3.95663957e-16 8.52124444e-14 1.95603901e-16 1.91248870e-28 9.99732126e-01 1.96064794e-15 9.88604101e-01 9.66296766e-01 5.43944646e-01 8.94675785e-01 9.97167539e-01 9.99524186e-01 9.99877958e-01 4.66873496e-18 2.44048961e-17 1.40808812e-06 3.39725510e-07 3.39725510e-07 3.56292512e-03 3.56292512e-03 4.54555771e-03 4.70247654e-17 2.26374199e-02 2.43822844e-02 3.87678948e-03 1.77018654e-02 1.57334619e-02 1.36704893e-02 1.15654910e-02
1.01051051e-01 -2.06697975e+01 -2.06697975e+01 -2.50725132e-02 -6.80089223e-03 -6.80088576e-03 7.13254574e+01 7.13254574e+01 1.01826636e+02 1.73372523e+02 1.80786823e+02 2.44365425e+02 3.21734848e+02 3.53499279e+02 4.55331247e+02 5.66555929e+02 6.82114901e+02 7.19534026e-16 2.53941368e-16 3.28496162e-05 2.23120800e-14 9.09419544e-17 1.90694906e-28 3.47345275e-17 9.99731040e-01 5.69386938e-15 9.88592529e-01 9.66472450e-01 5.43723202e-01 8.94623669e-01 9.97175675e-01 9.99525539e-01 9.99878293e-01 8.90926086e-18 7.31840652e-18 1.40808812e-06 3.39725510e-07 3.39725510e-07 3.56292512e-03 3.56292512e-03 4.55483224e-03 1.37397775e-16 2.26604360e-02 2.43408338e-02 3.87147678e-03 1.76717651e-02 1.57074663e-02 1.36500286e-02 1.15492672e-02
1.01201201e-01 -2.06697975e+01 -2.06697975e+01 -2.50725142e-02 -6.80089439e-03 -6.80089428e-03 7.13254574e+01 7.13254574e+01 1.01818979e+02 1.73372523e+02 1.80683350e+02 2.44284156e+02 3.21740210e+02 3.53446867e+02 4.55307107e+02 5.66541874e+02 6.82106670e+02 6.15616003e-16 1.71091012e-16 3.28984269e-05 1.39035038e-27 8.16435515e-28 5.42276851e-45 2.63108923e-27 9.99729951e-01 5.23552682e-15 9.88581169e-01 9.66647132e-01 5.43501828e-01 8.94572316e-01 9.97183780e-01 9.99526886e-01 9.99878626e-01 1.72884705e-17 4.17140555e-18 1.40808812e-06 3.39725510e-07 3.39725510e-07 3.56292512e-03 3.56292512e-03 4.56411873e-03 1.43495992e-16 2.26832570e-02 2.42993621e-02 3.86617420e-03 1.76417341e-02 1.56815503e-02 1.36296265e-02 1.15330867e-02
1.01351351e-01 -2.06697975e+01 -2.06697975e+01 -2.50725148e-02 -6.80089637e-03 -6.80089420e-03 7.13254574e+01 7.13254574e+01 1.01811302e+02 1.73372523e+02 1.80579757e+02 2.44203242e+02 3.21745561e+02 3.53394672e+02 4.55283081e+02 5.66527881e+02 6.82098475e+02 9.85665294e-17 3.06729139e-16 3.29472376e-05 8.55906312e-14 8.30343187e-16 1.90772584e-28 9.32399602e-17 9.99728858e-01 2.07972645e-15 9.88570019e-01 9.66820815e-01 5.43280522e-01 8.94521721e-01 9.97191854e-01 9.99528228e-01 9.99878958e-01 5.62248080e-19 1.63776996e-18 1.40808812e-06 3.39725510e-07 3.39725510e-07 3.56292512e-03 3.56292512e-03 4.57341719e-03 5.30513531e-17 2.27058828e-02 2.42578710e-02 3.86088171e-03 1.76117725e-02 1.56557136e-02 1.36092828e-02 1.15169494e-02
1.01501502e-01 -2.06697975e+01 -2.06697975e+01 -2.50725144e-02 -6.80089452e-03 -6.80089054e-03 7.13254574e+01 7.13254574e+01 1.01803604e+02 1.73372523e+02 1.80476046e+02 2.44122681e+02 3.21750901e+02 3.53342692e+02 4.55259167e+02 5.66513950e+02 6.82090314e+02 1.11775558e-15 7.97083572e-16 3.29960483e-05 1.12692064e-16 2.24474121e-14 1.90222214e-28 8.13607018e-17 9.99727762e-01 2.03625532e-15 9.88559079e-01 9.66993505e-01 5.43059285e-01 8.94471881e-01 9.97199897e-01 9.99529565e-01 9.99879289e-01 2.90954813e-18 2.13702730e-17 1.40808812e-06 3.39725510e-07 3.39725510e-07 3.56292512e-03 3.56292512e-03 4.58272765e-03 4.33126012e-17 2.27283134e-02 2.42163620e-02 3.85559928e-03 1.75818804e-02 1.56299559e-02 1.35889973e-02 1.15008551e-02
1.01651652e-01 -2.06697975e+01 -2.06697975e+01 -2.50725147e-02 -6.80089606e-03 -6.80089412e-03 7.13254574e+01 7.13254574e+01 1.01795886e+02 1.73372523e+02 1.80372217e+02 2.44042473e+02 3.21756229e+02 3.53290927e+02 4.55235366e+02 5.66500081e+02 6.82082189e+02 1.84104591e-16 7.55912303e-16 3.30448590e-05 2.03507925e-16 2.24544574e-14 1.18964323e-16 1.90065789e-28 9.99726662e-01 1.04290579e-14 9.88548349e-01 9.67165206e-01 5.42838117e-01 8.94422791e-01 9.97207909e-01 9.99530896e-01 9.99879618e-01 5.53312763e-18 1.93565169e-18 1.40808812e-06 3.39725510e-07 3.39725510e-07 3.56292512e-03 3.56292512e-03 4.59205012e-03 2.50122707e-16 2.27505489e-02 2.41748367e-02 3.85032689e-03 1.75520579e-02 1.56042769e-02 1.35687697e-02 1.14848036e-02
1.01801802e-01 -2.06697975e+01 -2.06697975e+01 -2.50725137e-02 -6.80089997e-03 -6.80089640e-03 7.13254574e+01 7.13254574e+01 1.01788147e+02 1.73372523e+02 1.80268272e+02 2.43962616e+02 3.21761545e+02 3.53239375e+02 4.55211676e+02 5.66486273e+02 6.82074097e+02 7.97489596e-16 7.12478619e-16 3.30936698e-05 2.24629474e-14 1.82051654e-16 1.17064152e-16 1.89909929e-28 9.99725559e-01 2.80695577e-15 9.88537829e-01 9.67335921e-01 5.42617018e-01 8.94374447e-01 9.97215891e-01 9.99532222e-01 9.99879946e-01 5.27149724e-18 1.40620586e-17 1.40808812e-06 3.39725510e-07 3.39725510e-07 3.56292512e-03 3.56292512e-03 4.60138463e-03 7.94458863e-17 2.27725893e-02 2.41332967e-02 3.84506451e-03 1.75223050e-02 1.55786764e-02 1.35485999e-02 1.14687948e-02
1.01951952e-01 -2.06697975e+01 -2.06697975e+01 -2.50725144e-02 -6.80089551e-03 -6.80089002e-03 7.13254574e+01 7.13254574e+01 1.01780387e+02 1.73372523e+02 1.80164214e+02 2.43883110e+02 3.21766851e+02 3.53188036e+02 4.55188097e+02 5.66472526e+02 6.82066040e+02 7.08554263e-16 6.10949712e-16 3.31424805e-05 5.43135600e-14 2.21019629e-16 1.89950062e-28 2.12271949e-16 9.99724452e-01 5.48803633e-15 9.88527519e-01 9.67505657e-01 5.42395988e-01 8.94326846e-01 9.97223842e-01 9.99533543e-01 9.99880273e-01 1.47644772e-17 2.45751312e-17 1.40808812e-06 3.39725510e-07 3.39725510e-07 3.56292512e-03 3.56292512e-03 4.61073118e-03 1.38077648e-16 2.27944345e-02 2.40917435e-02 3.83981213e-03 1.74926217e-02 1.55531539e-02 1.35284876e-02 1.14528285e-02
1.02102102e-01 -2.06697975e+01 -2.06697975e+01 -2.50725148e-02 -6.80088693e-03 -6.80088405e-03 7.13254574e+01 7.13254574e+01 1.01772607e+02 1.73372523e+02 1.80060043e+02 2.43803954e+02 3.21772145e+02 3.53136908e+02 4.55164628e+02 5.66458839e+02 6.82058017e+02 2.56374410e-16 9.17973936e-16 3.31912912e-05 6.12710024e-16 8.62281645e-14 2.18005524e-16 1.82685730e-28 9.99723341e-01 4.99385624e-15 9.88517417e-01 9.67674417e-01 5.42175027e-01 8.94279983e-01 9.97231763e-01 9.99534858e-01 9.99880598e-01 3.75680997e-18 2.15273268e-17 1.40808812e-06 3.39725510e-07 3.39725510e-07 3.56292512e-03 3.56292512e-03 4.62008980e-03 1.24951684e-16 2.28160847e-02 2.40501787e-02 3.83456970e-03 1.74630081e-02 1.55277094e-02 1.35084326e-02 1.14369046e-02
1.02252252e-01 -2.06697975e+01 -2.06697975e+01 -2.50725139e-02 -6.80090857e-03 -6.80088743e-03 7.13254574e+01 7.13254574e+01 1.01764806e+02 1.73372523e+02 1.79955761e+02 2.43725147e+02 3.21777427e+02 3.53085991e+02 4.55141269e+02 5.66445212e+02 6.82050029e+02 2.42330371e-16 2.92492667e-16 3.32401019e-05 5.43721138e-14 1.31150477e-16 2.96122568e-16 1.05480192e-22 9.99722227e-01 5.75874043e-15 9.88507525e-01 9.67842205e-01 5.41954136e-01 8.94233854e-01 9.97239654e-01 9.99536168e-01 9.99880922e-01 3.21900909e-18 8.46322918e-18 1.40808812e-06 3.39725510e-07 3.39725510e-07 3.56292512e-03 3.56292512e-03 4.62946051e-03 1.55451188e-16 2.28375400e-02 2.40086038e-02 3.82933721e-03 1.74334643e-02 1.55023424e-02 1.34884346e-02 1.14210228e-02
1.02402402e-01 -2.06697975e+01 -2.06697975e+01 -2.50725142e-02 -6.80089545e-03 -6.80088925e-03 7.13254574e+01 7.13254574e+01 1.01756984e+02 1.73372523e+02 1.79851370e+02 2.43646688e+02 3.21782698e+02 3.53035283e+02 4.55118018e+02 5.66431646e+02 6.82042073e+02 1.17047918e-15 1.08138139e-15 3.32889126e-05 3.00592139e-16 8.65378990e-14 2.65928975e-16 1.82377372e-28 9.99721109e-01 4.62609049e-15 9.88497841e-01 9.68009026e-01 5.41733314e-01 8.94188456e-01 9.97247515e-01 9.99537472e-01 9.99881245e-01 4.21056078e-17 2.63520367e-17 1.40808812e-06 3.39725510e-07 3.39725510e-07 3.56292512e-03 3.56292512e-03 4.63884332e-03 1.05631463e-16 2.28588003e-02 2.39670204e-02 3.82411464e-03 1.74039903e-02 1.54770526e-02 1.34684935e-02 1.14051832e-02
1.02552553e-01 -2.06697975e+01 -2.06697975e+01 -2.50725139e-02 -6.80089878e-03 -6.80089684e-03 7.13254574e+01 7.13254574e+01 1.01749142e+02 1.73372523e+02 1.79746871e+02 2.43568575e+02 3.21787958e+02 3.52984784e+02 4.55094875e+02 5.66418139e+02 6.82034152e+02 7.99204194e-16 5.44103659e-16 3.33377234e-05 1.06449084e-15 8.66226450e-14 1.75000127e-28 2.39979672e-16 9.99719987e-01 4.95898069e-16 9.88488365e-01 9.68174885e-01 5.41512562e-01 8.94143784e-01 9.97255346e-01 9.99538772e-01 9.99881567e-01 5.58796258e-18 3.93645287e-18 1.40808812e-06 3.39725510e-07 3.39725510e-07 3.56292512e-03 3.56292512e-03 4.64823825e-03 1.19934400e-17 2.28798659e-02 2.39254298e-02 3.81890196e-03 1.73745861e-02 1.54518398e-02 1.34486090e-02 1.13893854e-02
1.02702703e-01 -2.06697975e+01 -2.06697975e+01 -2.50725143e-02 -6.80089813e-03 -6.80089800e-03 7.13254574e+01 7.13254574e+01 1.01741279e+02 1.73372523e+02 1.79642265e+02 2.43490808e+02 3.21793207e+02 3.52934492e+02 4.55071840e+02 5.66404691e+02 6.82026263e+02 6.67724214e-16 6.19409492e-16 3.33865341e-05 5.39683883e-14 9.19135432e-15 1.74650890e-28 1.44315150e-16 9.99718862e-01 5.93490294e-16 9.88479098e-01 9.68339785e-01 5.41291879e-01 8.94099835e-01 9.97263147e-01 9.99540066e-01 9.99881887e-01 2.24745043e-17 2.45400797e-17 1.40808812e-06 3.39725510e-07 3.39725510e-07 3.56292512e-03 3.56292512e-03 4.65764532e-03 8.70851964e-18 2.29007367e-02 2.38838337e-02 3.81369914e-03 1.73452518e-02 1.54267037e-02 1.34287809e-02 1.13736294e-02
1.02852853e-01 -2.06697975e+01 -2.06697975e+01 -2.50725144e-02 -6.80089439e-03 -6.80089428e-03 7.13254574e+01 7.13254574e+01 1.01733394e+02 1.73372523e+02 1.79537555e+02 2.43413387e+02 3.21798445e+02 3.52884406e+02 4.55048912e+02 5.66391302e+02 6.82018408e+02 9.71811025e-17 4.83692547e-16 3.34353448e-05 1.36688684e-27 8.02657356e-28 5.36823942e-45 2.58668699e-27 9.99717733e-01 3.35689172e-15 9.88470038e-01 9.68503732e-01 5.41071266e-01 8.94056605e-01 9.97270918e-01 9.99541355e-01 9.99882206e-01 3.50455680e-18 1.56109680e-17 1.40808812e-06 3.39725510e-07 3.39725510e-07 3.56292512e-03 3.56292512e-03 4.66706455e-03 7.88708734e-17 2.29214129e-02 2.38422335e-02 3.80850616e-03 1.73159873e-02 1.54016440e-02 1.34090090e-02 1.13579149e-02
1.03003003e-01 -2.06697975e+01 -2.06697975e+01 -2.50725147e-02 -6.80090337e-03 -6.80089697e-03 7.13254574e+01 7.13254574e+01 1.01725489e+02 1.73372523e+02 1.79432741e+02 2.43336309e+02 3.21803671e+02 3.52834526e+02 4.55026090e+02 5.66377971e+02 6.82010586e+02 5.88961800e-16 1.01325017e-15 3.34841555e-05 3.36726303e-16 8.70195488e-14 1.74544303e-28 1.58446648e-16 9.99716600e-01 4.87139880e-15 9.88461185e-01 9.68666730e-01 5.40850723e-01 8.94014089e-01 9.97278660e-01 9.99542639e-01 9.99882524e-01 1.05841479e-17 3.47268193e-17 1.40808812e-06 3.39725510e-07 3.39725510e-07 3.56292512e-03 3.56292512e-03 4.67649595e-03 1.26513701e-16 2.29418947e-02 2.38006306e-02 3.80332300e-03 1.72867928e-02 1.53766605e-02 1.33892931e-02 1.13422419e-02
1.03153153e-01 -2.06697975e+01 -2.06697975e+01 -2.50725142e-02 -6.80088809e-03 -6.80087991e-03 7.13254574e+01 7.13254574e+01 1.01717562e+02 1.73372523e+02 1.79327826e+02 2.43259573e+02 3.21808886e+02 3.52784850e+02 4.55003374e+02 5.66364699e+02 6.82002797e+02 1.32336586e-15 2.42968078e-16 3.35329663e-05 1.86102911e-16 5.49742762e-14 1.74197600e-28 1.35703899e-16 9.99715464e-01 2.15746563e-15 9.88452539e-01 9.68828783e-01 5.40630249e-01 8.93972284e-01 9.97286372e-01 9.99543917e-01 9.99882841e-01 7.00889128e-18 1.15358297e-18 1.40808812e-06 3.39725510e-07 3.39725510e-07 3.56292512e-03 3.56292512e-03 4.68593955e-03 4.94618286e-17 2.29621821e-02 2.37590266e-02 3.79814963e-03 1.72576683e-02 1.53517527e-02 1.33696329e-02 1.13266102e-02
1.03303303e-01 -2.06697975e+01 -2.06697975e+01 -2.50725140e-02 -6.80089766e-03 -6.80089330e-03 7.13254574e+01 7.13254574e+01 1.01709615e+02 1.73372523e+02 1.79222810e+02 2.43183180e+02 3.21814090e+02 3.52735377e+02 4.54980762e+02 5.66351485e+02 6.81995041e+02 8.32722405e-16 9.60759497e-16 3.35817770e-05 4.36526761e-16 8.73700837e-14 1.99346324e-16 1.17746347e-24 9.99714324e-01 4.18822065e-15 9.88444099e-01 9.68989896e-01 5.40409845e-01 8.93931187e-01 9.97294054e-01 9.99545191e-01 9.99883156e-01 3.09325705e-17 3.66689526e-17 1.40808812e-06 3.39725510e-07 3.39725510e-07 3.56292512e-03 3.56292512e-03 4.69539535e-03 1.10197684e-16 2.29822754e-02 2.37174228e-02 3.79298602e-03 1.72286136e-02 1.53269206e-02 1.33500282e-02 1.13110196e-02
1.03453453e-01 -2.06697975e+01 -2.06697975e+01 -2.50725138e-02 -6.80088926e-03 -6.80088600e-03 7.13254574e+01 7.13254574e+01 1.01701646e+02 1.73372523e+02 1.79117695e+02 2.43107128e+02 3.21819283e+02 3.52686107e+02 4.54958255e+02 5.66338327e+02 6.81987316e+02 3.76811162e-16 4.53906748e-16 3.36305877e-05 8.74015658e-14 5.43687238e-16 1.74093318e-28 1.24559530e-16 9.99713180e-01 1.89626321e-15 9.88435866e-01 9.69150073e-01 5.40189512e-01 8.93890792e-01 9.97301708e-01 9.99546459e-01 9.99883471e-01 1.19157606e-17 8.56151045e-18 1.40808812e-06 3.39725510e-07 3.39725510e-07 3.56292512e-03 3.56292512e-03 4.70486338e-03 4.65613664e-17 2.30021746e-02 2.36758206e-02 3.78783216e-03 1.71996290e-02 1.53021636e-02 1.33304788e-02 1.12954700e-02
1.03603604e-01 -2.06697975e+01 -2.06697975e+01 -2.50725137e-02 -6.80090776e-03 -6.80088020e-03 7.13254574e+01 7.13254574e+01 1.01693657e+02 1.73372523e+02 1.79012484e+02 2.43031415e+02 3.21824465e+02 3.52637038e+02 4.54935852e+02 5.66325228e+02 6.81979625e+02 8.51903769e-16 8.59015726e-16 3.36793984e-05 8.75189176e-14 1.14795124e-16 2.21596040e-16 1.73944053e-28 9.99712033e-01 6.54811874e-16 9.88427837e-01 9.69309318e-01 5.39969248e-01 8.93851096e-01 9.97309332e-01 9.99547723e-01 9.99883784e-01 3.22049780e-17 1.40439891e-17 1.40808812e-06 3.39725510e-07 3.39725510e-07 3.56292512e-03 3.56292512e-03 4.71434366e-03 1.45684626e-17 2.30218800e-02 2.36342215e-02 3.78268802e-03 1.71707143e-02 1.52774817e-02 1.33109845e-02 1.12799612e-02
1.03753754e-01 -2.06697975e+01 -2.06697975e+01 -2.50725143e-02 -6.80089870e-03 -6.80089069e-03 7.13254574e+01 7.13254574e+01 1.01685646e+02 1.73372523e+02 1.78907176e+02 2.42956041e+02 3.21829636e+02 3.52588169e+02 4.54913551e+02 5.66312185e+02 6.81971965e+02 2.27481872e-16 3.77036053e-16 3.37282091e-05 5.53059672e-14 1.66184280e-16 1.73600682e-28 7.54782883e-17 9.99710882e-01 9.67620724e-15 9.88420014e-01 9.69467637e-01 5.39749055e-01 8.93812096e-01 9.97316927e-01 9.99548981e-01 9.99884095e-01 5.59632864e-18 3.27018435e-18 1.40808812e-06 3.39725510e-07 3.39725510e-07 3.56292512e-03 3.56292512e-03 4.72383620e-03 2.53737314e-16 2.30413918e-02 2.35926269e-02 3.77755358e-03 1.71418696e-02 1.52528745e-02 1.32915451e-02 1.12644931e-02
1.03903904e-01 -2.06697975e+01 -2.06697975e+01 -2.50725143e-02 -6.80089147e-03 -6.80088373e-03 7.13254574e+01 7.13254574e+01 1.01677613e+02 1.73372523e+02 1.78801775e+02 2.42881004e+02 3.21834796e+02 3.52539500e+02 4.54891353e+02 5.66299198e+02 6.81964337e+02 1.47755614e-15 4.10919109e-16 3.37770199e-05 1.26668515e-16 5.53320775e-14 1.73452769e-28 2.95045016e-16 9.99709727e-01 8.05057620e-15 9.88412395e-01 9.69625033e-01 5.39528932e-01 8.93773787e-01 9.97324494e-01 9.99550235e-01 9.99884406e-01 9.55806282e-19 1.49012725e-17 1.40808812e-06 3.39725510e-07 3.39725510e-07 3.56292512e-03 3.56292512e-03 4.73334101e-03 1.92094120e-16 2.30607100e-02 2.35510381e-02 3.77242880e-03 1.71130949e-02 1.52283416e-02 1.32721604e-02 1.12490655e-02
1.04054054e-01 -2.06697975e+01 -2.06697975e+01 -2.50725144e-02 -6.80089346e-03 -6.80088941e-03 7.13254574e+01 7.13254574e+01 1.01669559e+02 1.73372523e+02 1.78696281e+02 2.42806304e+02 3.21839945e+02 3.52491029e+02 4.54869257e+02 5.66286268e+02 6.81956741e+02 6.16528295e-16 3.14340651e-16 3.38258306e-05 1.78783076e-16 2.30156057e-14 1.73111383e-28 1.40985599e-16 9.99708568e-01 8.82089429e-16 9.88404981e-01 9.69781510e-01 5.39308879e-01 8.93736166e-01 9.97332031e-01 9.99551483e-01 9.99884715e-01 1.00075168e-18 3.65739486e-18 1.40808812e-06 3.39725510e-07 3.39725510e-07 3.56292512e-03 3.56292512e-03 4.74285812e-03 1.42489790e-17 2.30798351e-02 2.35094565e-02 3.76731368e-03 1.70843902e-02 1.52038830e-02 1.32528301e-02 1.12336783e-02
1.04204204e-01 -2.06697975e+01 -2.06697975e+01 -2.50725144e-02 -6.80089627e-03 -6.80089444e-03 7.13254574e+01 7.13254574e+01 1.01661484e+02 1.73372523e+02 1.78590695e+02 2.42731940e+02 3.21845083e+02 3.52442756e+02 4.54847262e+02 5.66273393e+02 6.81949177e+02 3.48862960e-16 3.80806371e-16 3.38746413e-05 8.80129675e-14 9.80009916e-16 1.73352245e-28 6.28447962e-17 9.99707406e-01 4.50067035e-15 9.88397769e-01 9.69937075e-01 5.39088897e-01 8.93699229e-01 9.97339540e-01 9.99552726e-01 9.99885024e-01 9.36226838e-18 1.45194765e-17 1.40808812e-06 3.39725510e-07 3.39725510e-07 3.56292512e-03 3.56292512e-03 4.75238755e-03 1.06723954e-16 2.30987671e-02 2.34678834e-02 3.76220817e-03 1.70557554e-02 1.51794981e-02 1.32335541e-02 1.12183314e-02
1.04354354e-01 -2.06697975e+01 -2.06697975e+01 -2.50725144e-02 -6.80088966e-03 -6.80088957e-03 7.13254574e+01 7.13254574e+01 1.01653388e+02 1.73372523e+02 1.78485021e+02 2.42657910e+02 3.21850211e+02 3.52394679e+02 4.54825368e+02 5.66260574e+02 6.81941644e+02 9.20928553e-16 1.00456473e-15 3.39234520e-05 2.23779265e-14 5.53876791e-15 3.04982773e-16 1.72818751e-28 9.99706240e-01 3.63896906e-15 9.88390761e-01 9.70091730e-01 5.38868985e-01 8.93662972e-01 9.97347020e-01 9.99553965e-01 9.99885331e-01 2.49533379e-17 3.50170008e-17 1.40808812e-06 3.39725510e-07 3.39725510e-07 3.56292512e-03 3.56292512e-03 4.76192930e-03 9.30458118e-17 2.31175062e-02 2.34263203e-02 3.75711227e-03 1.70271906e-02 1.51551869e-02 1.32143321e-02 1.12030245e-02
1.04504505e-01 -2.06697975e+01 -2.06697975e+01 -2.50725146e-02 -6.80089161e-03 -6.80088363e-03 7.13254574e+01 7.13254574e+01 1.01645270e+02 1.73372523e+02 1.78379258e+02 2.42584213e+02 3.21855327e+02 3.52346797e+02 4.54803574e+02 5.66247811e+02 6.81934142e+02 9.46708725e-16 2.42127945e-16 3.39722627e-05 2.42845664e-16 8.82671276e-14 3.08923959e-16 1.73059457e-28 9.99705070e-01 1.65977266e-15 9.88383955e-01 9.70245480e-01 5.38649144e-01 8.93627391e-01 9.97354472e-01 9.99555198e-01 9.99885636e-01 3.32603052e-17 2.16548403e-18 1.40808812e-06 3.39725510e-07 3.39725510e-07 3.56292512e-03 3.56292512e-03 4.77148340e-03 3.39964847e-17 2.31360528e-02 2.33847684e-02 3.75202594e-03 1.69986957e-02 1.51309489e-02 1.31951640e-02 1.11877576e-02
1.04654655e-01 -2.06697975e+01 -2.06697975e+01 -2.50725136e-02 -6.80088821e-03 -6.80088281e-03 7.13254574e+01 7.13254574e+01 1.01637130e+02 1.73372523e+02 1.78273408e+02 2.42510849e+02 3.21860432e+02 3.52299110e+02 4.54781879e+02 5.66235102e+02 6.81926671e+02 3.72629236e-16 2.40657505e-16 3.40210735e-05 2.31706015e-14 1.41503173e-16 2.87681764e-16 1.72528175e-28 9.99703896e-01 1.40088700e-15 9.88377351e-01 9.70398330e-01 5.38429374e-01 8.93592483e-01 9.97361895e-01 9.99556427e-01 9.99885941e-01 5.72401813e-18 1.19649398e-18 1.40808812e-06 3.39725510e-07 3.39725510e-07 3.56292512e-03 3.56292512e-03 4.78104986e-03 3.61090794e-17 2.31544071e-02 2.33432290e-02 3.74694917e-03 1.69702707e-02 1.51067840e-02 1.31760495e-02 1.11725304e-02
1.04804805e-01 -2.06697975e+01 -2.06697975e+01 -2.50725142e-02 -6.80089761e-03 -6.80089292e-03 7.13254574e+01 7.13254574e+01 1.01628969e+02 1.73372523e+02 1.78167474e+02 2.42437816e+02 3.21865527e+02 3.52251617e+02 4.54760283e+02 5.66222448e+02 6.81919232e+02 6.50459654e-16 1.30423462e-15 3.40698842e-05 5.58406802e-14 2.95983516e-16 1.72576166e-28 2.19166743e-16 9.99702719e-01 6.91558784e-15 9.88370948e-01 9.70550285e-01 5.38209674e-01 8.93558244e-01 9.97369290e-01 9.99557650e-01 9.99886245e-01 2.20059428e-17 2.63500236e-17 1.40808812e-06 3.39725510e-07 3.39725510e-07 3.56292512e-03 3.56292512e-03 4.79062870e-03 1.68289122e-16 2.31725694e-02 2.33017034e-02 3.74188192e-03 1.69419157e-02 1.50826918e-02 1.31569883e-02 1.11573430e-02
1.04954955e-01 -2.06697975e+01 -2.06697975e+01 -2.50725149e-02 -6.80089113e-03 -6.80088600e-03 7.13254574e+01 7.13254574e+01 1.01620786e+02 1.73372523e+02 1.78061456e+02 2.42365112e+02 3.21870611e+02 3.52204316e+02 4.54738785e+02 5.66209848e+02 6.81911822e+02 5.12151818e-16 4.59855127e-16 3.41186949e-05 3.27628069e-16 8.86870848e-14 1.72624116e-28 1.61504083e-16 9.99701537e-01 7.54551814e-15 9.88364745e-01 9.70701348e-01 5.37990046e-01 8.93524669e-01 9.97376657e-01 9.99558869e-01 9.99886547e-01 1.01640929e-18 2.23142909e-18 1.40808812e-06 3.39725510e-07 3.39725510e-07 3.56292512e-03 3.56292512e-03 4.80021994e-03 1.99300679e-16 2.31905398e-02 2.32601930e-02 3.73682419e-03 1.69136306e-02 1.50586721e-02 1.31379804e-02 1.11421950e-02
1.05105105e-01 -2.06697975e+01 -2.06697975e+01 -2.50725141e-02 -6.80089864e-03 -6.80089686e-03 7.13254574e+01 7.13254574e+01 1.01612581e+02 1.73372523e+02 1.77955356e+02 2.42292738e+02 3.21875684e+02 3.52157207e+02 4.54717385e+02 5.66197302e+02 6.81904444e+02 2.98431780e-16 6.12269863e-16 3.41675056e-05 1.10013119e-15 8.87830452e-14 1.53625058e-16 1.72480017e-28 9.99700352e-01 4.21945787e-16 9.88358743e-01 9.70851523e-01 5.37770488e-01 8.93491755e-01 9.97383996e-01 9.99560083e-01 9.99886848e-01 5.77084472e-18 9.84446634e-18 1.40808812e-06 3.39725510e-07 3.39725510e-07 3.56292512e-03 3.56292512e-03 4.80982358e-03 1.30295730e-17 2.32083187e-02 2.32186989e-02 3.73177593e-03 1.68854153e-02 1.50347246e-02 1.31190255e-02 1.11270863e-02
1.05255255e-01 -2.06697975e+01 -2.06697975e+01 -2.50725140e-02 -6.80088990e-03 -6.80088454e-03 7.13254574e+01 7.13254574e+01 1.01604355e+02 1.73372523e+02 1.77849176e+02 2.42220692e+02 3.21880746e+02 3.52110289e+02 4.54696082e+02 5.66184810e+02 6.81897096e+02 5.70422205e-16 1.15998200e-15 3.42163163e-05 8.89198489e-14 3.92890744e-16 2.04496620e-16 1.72336421e-28 9.99699163e-01 6.17858573e-15 9.88352940e-01 9.71000817e-01 5.37551001e-01 8.93459499e-01 9.97391307e-01 9.99561293e-01 9.99887148e-01 1.94668222e-17 1.98985847e-17 1.40808812e-06 3.39725510e-07 3.39725510e-07 3.56292512e-03 3.56292512e-03 4.81943966e-03 1.65843574e-16 2.32259065e-02 2.31772224e-02 3.72673713e-03 1.68572698e-02 1.50108490e-02 1.31001234e-02 1.11120169e-02
1.05405405e-01 -2.06697975e+01 -2.06697975e+01 -2.50725144e-02 -6.80089628e-03 -6.80088829e-03 7.13254574e+01 7.13254574e+01 1.01596107e+02 1.73372523e+02 1.77742917e+02 2.42148972e+02 3.21885798e+02 3.52063560e+02 4.54674876e+02 5.66172371e+02 6.81889778e+02 7.81586349e-16 3.61903418e-16 3.42651271e-05 8.90290299e-14 2.26053686e-16 4.09247643e-16 1.73287436e-28 9.99697970e-01 2.19685033e-15 9.88347336e-01 9.71149232e-01 5.37331586e-01 8.93427897e-01 9.97398590e-01 9.99562497e-01 9.99887447e-01 2.74145287e-17 1.12282825e-17 1.40808812e-06 3.39725510e-07 3.39725510e-07 3.56292512e-03 3.56292512e-03 4.82906818e-03 5.00251620e-17 2.32433033e-02 2.31357649e-02 3.72170777e-03 1.68291942e-02 1.49870451e-02 1.30812738e-02 1.10969866e-02
1.05555556e-01 -2.06697975e+01 -2.06697975e+01 -2.50725140e-02 -6.80090339e-03 -6.80089980e-03 7.13254574e+01 7.13254574e+01 1.01587837e+02 1.73372523e+02 1.77636580e+02 2.42077578e+02 3.21890839e+02 3.52017020e+02 4.54653765e+02 5.66159986e+02 6.81882490e+02 2.16045152e-16 6.86389751e-16 3.43139378e-05 8.91435601e-14 5.89247884e-16 1.73145217e-28 2.72405676e-16 9.99696774e-01 1.71852559e-14 9.88341930e-01 9.71296773e-01 5.37112241e-01 8.93396945e-01 9.97405846e-01 9.99563697e-01 9.99887745e-01 8.23699041e-18 8.04788873e-18 1.40808812e-06 3.39725510e-07 3.39725510e-07 3.56292512e-03 3.56292512e-03 4.83870917e-03 4.26511315e-16 2.32605095e-02 2.30943274e-02 3.71668782e-03 1.68011883e-02 1.49633125e-02 1.30624767e-02 1.10819952e-02
1.05705706e-01 -2.06697975e+01 -2.06697975e+01 -2.50725127e-02 -6.80089148e-03 -6.80087674e-03 7.13254574e+01 7.13254574e+01 1.01579545e+02 1.73372523e+02 1.77530168e+02 2.42006508e+02 3.21895869e+02 3.51970669e+02 4.54632750e+02 5.66147653e+02 6.81875233e+02 4.14796501e-16 6.31586942e-16 3.43627485e-05 8.93207525e-14 1.66092762e-16 1.73003494e-28 1.73102494e-16 9.99695573e-01 1.05732910e-14 9.88336721e-01 9.71443445e-01 5.36892968e-01 8.93366639e-01 9.97413074e-01 9.99564892e-01 9.99888041e-01 6.34655560e-18 1.74460034e-17 1.40808812e-06 3.39725510e-07 3.39725510e-07 3.56292512e-03 3.56292512e-03 4.84836263e-03 2.55034167e-16 2.32775254e-02 2.30529113e-02 3.71167727e-03 1.67732521e-02 1.49396511e-02 1.30437317e-02 1.10670426e-02
1.05855856e-01 -2.06697975e+01 -2.06697975e+01 -2.50725143e-02 -6.80090363e-03 -6.80088723e-03 7.13254574e+01 7.13254574e+01 1.01571231e+02 1.73372523e+02 1.77423681e+02 2.41935761e+02 3.21900889e+02 3.51924504e+02 4.54611830e+02 5.66135373e+02 6.81868004e+02 8.84948234e-16 7.02251534e-16 3.44115592e-05 1.53010431e-16 2.33867526e-14 1.96070848e-16 1.73586664e-28 9.99694369e-01 1.42374009e-14 9.88331709e-01 9.71589252e-01 5.36673767e-01 8.93336976e-01 9.97420274e-01 9.99566082e-01 9.99888337e-01 1.22356345e-17 5.44402538e-18 1.40808812e-06 3.39725510e-07 3.39725510e-07 3.56292512e-03 3.56292512e-03 4.85802858e-03 3.49062811e-16 2.32943514e-02 2.30115177e-02 3.70667608e-03 1.67453856e-02 1.49160604e-02 1.30250388e-02 1.10521286e-02
1.06006006e-01 -2.06697975e+01 -2.06697975e+01 -2.50725150e-02 -6.80088892e-03 -6.80088533e-03 7.13254574e+01 7.13254574e+01 1.01562895e+02 1.73372523e+02 1.77317121e+02 2.41865337e+02 3.21905898e+02 3.51878525e+02 4.54591004e+02 5.66123145e+02 6.81860806e+02 4.60958656e-16 6.46393344e-16 3.44603699e-05 5.51209800e-16 8.95400279e-14 3.36869851e-16 1.73826520e-28 9.99693160e-01 9.32403938e-15 9.88326893e-01 9.71734199e-01 5.36454637e-01 8.93307952e-01 9.97427447e-01 9.99567268e-01 9.99888631e-01 1.58445257e-17 2.67012866e-17 1.40808812e-06 3.39725510e-07 3.39725510e-07 3.56292512e-03 3.56292512e-03 4.86770704e-03 2.46120784e-16 2.33109877e-02 2.29701477e-02 3.70168423e-03 1.67175887e-02 1.48925404e-02 1.30063976e-02 1.10372532e-02
1.06156156e-01 -2.06697975e+01 -2.06697975e+01 -2.50725138e-02 -6.80090213e-03 -6.80089200e-03 7.13254574e+01 7.13254574e+01 1.01554537e+02 1.73372523e+02 1.77210490e+02 2.41795234e+02 3.21910897e+02 3.51832731e+02 4.54570272e+02 5.66110969e+02 6.81853637e+02 6.80368066e-16 8.94384561e-16 3.45091807e-05 2.15096771e-16 8.96921294e-14 1.73686644e-28 2.36972917e-16 9.99691948e-01 2.40669074e-15 9.88322272e-01 9.71878289e-01 5.36235578e-01 8.93279563e-01 9.97434593e-01 9.99568449e-01 9.99888924e-01 1.61182958e-17 3.03099225e-17 1.40808812e-06 3.39725510e-07 3.39725510e-07 3.56292512e-03 3.56292512e-03 4.87739803e-03 6.40838548e-17 2.33274348e-02 2.29288027e-02 3.69670170e-03 1.66898614e-02 1.48690906e-02 1.29878080e-02 1.10224161e-02
1.06306306e-01 -2.06697975e+01 -2.06697975e+01 -2.50725147e-02 -6.80089046e-03 -6.80088913e-03 7.13254574e+01 7.13254574e+01 1.01546156e+02 1.73372523e+02 1.77103789e+02 2.41725451e+02 3.21915885e+02 3.51787122e+02 4.54549632e+02 5.66098844e+02 6.81846497e+02 1.81059822e-16 4.87133963e-16 3.45579914e-05 2.34715048e-14 4.17334565e-16 1.04512373e-22 2.66583463e-16 9.99690732e-01 1.58553253e-14 9.88317846e-01 9.72021528e-01 5.36016591e-01 8.93251806e-01 9.97441712e-01 9.99569625e-01 9.99889216e-01 1.63978312e-18 1.04116857e-17 1.40808812e-06 3.39725510e-07 3.39725510e-07 3.56292512e-03 3.56292512e-03 4.88710155e-03 4.03084428e-16 2.33436930e-02 2.28874837e-02 3.69172848e-03 1.66622037e-02 1.48457108e-02 1.29692697e-02 1.10076172e-02
1.06456456e-01 -2.06697975e+01 -2.06697975e+01 -2.50725139e-02 -6.80089762e-03 -6.80089451e-03 7.13254574e+01 7.13254574e+01 1.01537754e+02 1.73372523e+02 1.76997020e+02 2.41655986e+02 3.21920863e+02 3.51741696e+02 4.54529086e+02 5.66086771e+02 6.81839386e+02 4.87004344e-16 2.82376104e-16 3.46068021e-05 6.28550859e-16 8.99221443e-14 2.47288656e-16 1.73966680e-28 9.99689512e-01 2.37773883e-15 9.88313614e-01 9.72163919e-01 5.35797676e-01 8.93224677e-01 9.97448804e-01 9.99570797e-01 9.99889507e-01 1.36664443e-17 6.14866073e-18 1.40808812e-06 3.39725510e-07 3.39725510e-07 3.56292512e-03 3.56292512e-03 4.89681763e-03 4.87231330e-17 2.33597627e-02 2.28461919e-02 3.68676453e-03 1.66346154e-02 1.48224008e-02 1.29507827e-02 1.09928565e-02
1.06606607e-01 -2.06697975e+01 -2.06697975e+01 -2.50725137e-02 -6.80090097e-03 -6.80088726e-03 7.13254574e+01 7.13254574e+01 1.01529329e+02 1.73372523e+02 1.76890184e+02 2.41586839e+02 3.21925830e+02 3.51696452e+02 4.54508632e+02 5.66074749e+02 6.81832305e+02 6.90380316e-16 7.08893996e-16 3.46556128e-05 5.67581110e-14 1.23692354e-16 1.73639577e-28 4.28182078e-16 9.99688288e-01 1.25556699e-14 9.88309575e-01 9.72305467e-01 5.35578832e-01 8.93198173e-01 9.97455868e-01 9.99571964e-01 9.99889797e-01 2.55927005e-17 1.81942740e-17 1.40808812e-06 3.39725510e-07 3.39725510e-07 3.56292512e-03 3.56292512e-03 4.90654629e-03 3.00090134e-16 2.33756442e-02 2.28049284e-02 3.68180983e-03 1.66070966e-02 1.47991603e-02 1.29323467e-02 1.09781336e-02
1.06756757e-01 -2.06697975e+01 -2.06697975e+01 -2.50725137e-02 -6.80089554e-03 -6.80089334e-03 7.13254574e+01 7.13254574e+01 1.01520882e+02 1.73372523e+02 1.76783282e+02 2.41518009e+02 3.21930787e+02 3.51651390e+02 4.54488269e+02 5.66062777e+02 6.81825252e+02 1.41812677e-15 7.63220611e-16 3.47044236e-05 5.68396718e-14 5.99999785e-16 7.14174092e-17 1.73501964e-28 9.99687060e-01 1.04894232e-14 9.88305728e-01 9.72446177e-01 5.35360061e-01 8.93172289e-01 9.97462906e-01 9.99573126e-01 9.99890086e-01 8.35609053e-18 1.17304653e-17 1.40808812e-06 3.39725510e-07 3.39725510e-07 3.56292512e-03 3.56292512e-03 4.91628752e-03 2.59710707e-16 2.33913379e-02 2.27636943e-02 3.67686436e-03 1.65796471e-02 1.47759890e-02 1.29139614e-02 1.09634487e-02
1.06906907e-01 -2.06697975e+01 -2.06697975e+01 -2.50725139e-02 -6.80089301e-03 -6.80087790e-03 7.13254574e+01 7.13254574e+01 1.01512413e+02 1.73372523e+02 1.76676316e+02 2.41449493e+02 3.21935733e+02 3.51606509e+02 4.54467997e+02 5.66050857e+02 6.81818228e+02 5.03466966e-16 9.34581594e-16 3.47532343e-05 9.02649544e-14 2.36783664e-16 1.74113341e-28 2.33115387e-16 9.99685828e-01 7.41756297e-15 9.88302073e-01 9.72586053e-01 5.35141361e-01 8.93147023e-01 9.97469918e-01 9.99574284e-01 9.99890373e-01 1.71849134e-17 3.19061325e-17 1.40808812e-06 3.39725510e-07 3.39725510e-07 3.56292512e-03 3.56292512e-03 4.92604136e-03 1.77825360e-16 2.34068442e-02 2.27224908e-02 3.67192811e-03 1.65522670e-02 1.47528867e-02 1.28956268e-02 1.09488013e-02
1.07057057e-01 -2.06697975e+01 -2.06697975e+01 -2.50725141e-02 -6.80089771e-03 -6.80088409e-03 7.13254574e+01 7.13254574e+01 1.01503921e+02 1.73372523e+02 1.76569288e+02 2.41381292e+02 3.21940669e+02 3.51561807e+02 4.54447815e+02 5.66038986e+02 6.81811232e+02 5.64555216e-16 6.89698138e-16 3.48020450e-05 9.04707626e-14 1.58197185e-16 3.17462938e-22 8.80744797e-17 9.99684593e-01 1.85987708e-14 9.88298609e-01 9.72725099e-01 5.34922734e-01 8.93122370e-01 9.97476903e-01 9.99575438e-01 9.99890660e-01 1.53939158e-17 9.08675589e-18 1.40808812e-06 3.39725510e-07 3.39725510e-07 3.56292512e-03 3.56292512e-03 4.93580782e-03 4.62148359e-16 2.34221635e-02 2.26813189e-02 3.66700103e-03 1.65249560e-02 1.47298531e-02 1.28773426e-02 1.09341916e-02
1.07207207e-01 -2.06697975e+01 -2.06697975e+01 -2.50725149e-02 -6.80090033e-03 -6.80089047e-03 7.13254574e+01 7.13254574e+01 1.01495407e+02 1.73372523e+02 1.76462199e+02 2.41313404e+02 3.21945594e+02 3.51517284e+02 4.54427724e+02 5.66027165e+02 6.81804265e+02 3.84425866e-16 4.02110715e-16 3.48508557e-05 2.36773989e-14 9.91797966e-17 1.87954827e-16 1.73464809e-28 9.99683353e-01 1.19543243e-15 9.88295334e-01 9.72863319e-01 5.34704178e-01 8.93098327e-01 9.97483861e-01 9.99576587e-01 9.99890945e-01 9.69452332e-18 3.51782436e-18 1.40808812e-06 3.39725510e-07 3.39725510e-07 3.56292512e-03 3.56292512e-03 4.94558691e-03 3.01400441e-17 2.34372963e-02 2.26401797e-02 3.66208312e-03 1.64977143e-02 1.47068879e-02 1.28591085e-02 1.09196192e-02
1.07357357e-01 -2.06697975e+01 -2.06697975e+01 -2.50725147e-02 -6.80090952e-03 -6.80090236e-03 7.13254574e+01 7.13254574e+01 1.01486870e+02 1.73372523e+02 1.76355051e+02 2.41245827e+02 3.21950510e+02 3.51472939e+02 4.54407722e+02 5.66015394e+02 6.81797325e+02 3.96583063e-16 8.65202076e-16 3.48996664e-05 2.77780175e-16 2.36921352e-14 3.16595488e-16 1.73329416e-28 9.99682109e-01 5.51317879e-15 9.88292249e-01 9.73000718e-01 5.34485695e-01 8.93074891e-01 9.97490793e-01 9.99577731e-01 9.99891230e-01 1.42467788e-17 1.76060282e-17 1.40808812e-06 3.39725510e-07 3.39725510e-07 3.56292512e-03 3.56292512e-03 4.95537864e-03 1.34023360e-16 2.34522429e-02 2.25990743e-02 3.65717436e-03 1.64705417e-02 1.46839908e-02 1.28409245e-02 1.09050841e-02
1.07507508e-01 -2.06697975e+01 -2.06697975e+01 -2.50725138e-02 -6.80090165e-03 -6.80089546e-03 7.13254574e+01 7.13254574e+01 1.01478310e+02 1.73372523e+02 1.76247844e+02 2.41178561e+02 3.21955415e+02 3.51428772e+02 4.54387809e+02 5.66003672e+02 6.81790414e+02 2.63516434e-16 8.96739348e-16 3.49484772e-05 3.16447944e-16 9.08314876e-14 2.55301014e-16 1.73568582e-28 9.99680861e-01 2.75206039e-15 9.88289352e-01 9.73137300e-01 5.34267284e-01 8.93052058e-01 9.97497698e-01 9.99578871e-01 9.99891513e-01 2.01286844e-18 5.62707600e-18 1.40808812e-06 3.39725510e-07 3.39725510e-07 3.56292512e-03 3.56292512e-03 4.96518303e-03 6.29820571e-17 2.34670038e-02 2.25580037e-02 3.65227471e-03 1.64434381e-02 1.46611617e-02 1.28227904e-02 1.08905861e-02
1.07657658e-01 -2.06697975e+01 -2.06697975e+01 -2.50725145e-02 -6.80089848e-03 -6.80089523e-03 7.13254574e+01 7.13254574e+01 1.01469728e+02 1.73372523e+02 1.76140582e+02 2.41111605e+02 3.21960309e+02 3.51384780e+02 4.54367984e+02 5.65992000e+02 6.81783531e+02 6.31973105e-16 1.22059157e-15 3.49972879e-05 5.73290185e-14 4.64620279e-16 1.73246768e-28 1.65330596e-16 9.99679609e-01 1.44262276e-14 9.88286643e-01 9.73273070e-01 5.34048946e-01 8.93029825e-01 9.97504578e-01 9.99580007e-01 9.99891795e-01 1.88427366e-17 2.98704315e-18 1.40808812e-06 3.39725510e-07 3.39725510e-07 3.56292512e-03 3.56292512e-03 4.97500010e-03 3.39167781e-16 2.34815793e-02 2.25169689e-02 3.64738416e-03 1.64164034e-02 1.46384002e-02 1.28047058e-02 1.08761252e-02
1.07807808e-01 -2.06697975e+01 -2.06697975e+01 -2.50725150e-02 -6.80089886e-03 -6.80089652e-03 7.13254574e+01 7.13254574e+01 1.01461124e+02 1.73372523e+02 1.76033264e+02 2.41044956e+02 3.21965194e+02 3.51340964e+02 4.54348247e+02 5.65980376e+02 6.81776675e+02 3.91091280e-16 5.96825978e-16 3.50460986e-05 8.40574999e-16 9.10660754e-14 1.73298993e-28 3.83143584e-16 9.99678354e-01 7.56383527e-15 9.88284121e-01 9.73408031e-01 5.33830680e-01 8.93008188e-01 9.97511431e-01 9.99581138e-01 9.99892077e-01 1.07209684e-17 1.87826412e-17 1.40808812e-06 3.39725510e-07 3.39725510e-07 3.56292512e-03 3.56292512e-03 4.98482986e-03 1.83263309e-16 2.34959701e-02 2.24759711e-02 3.64250268e-03 1.63894377e-02 1.46157061e-02 1.27866707e-02 1.08617011e-02
1.07957958e-01 -2.06697975e+01 -2.06697975e+01 -2.50725136e-02 -6.80089334e-03 -6.80089240e-03 7.13254574e+01 7.13254574e+01 1.01452496e+02 1.73372523e+02 1.75925892e+02 2.40978615e+02 3.21970068e+02 3.51297322e+02 4.54328598e+02 5.65968801e+02 6.81769848e+02 3.86802917e-16 7.70370070e-16 3.50949093e-05 2.17783978e-15 9.11555213e-14 3.60418258e-16 1.73164888e-28 9.99677094e-01 3.52832911e-15 9.88281784e-01 9.73542189e-01 5.33612487e-01 8.92987143e-01 9.97518259e-01 9.99582265e-01 9.99892357e-01 1.07665606e-17 2.64928159e-17 1.40808812e-06 3.39725510e-07 3.39725510e-07 3.56292512e-03 3.56292512e-03 4.99467232e-03 9.45624054e-17 2.35101764e-02 2.24350111e-02 3.63763026e-03 1.63625407e-02 1.45930792e-02 1.27686849e-02 1.08473138e-02
1.08108108e-01 -2.06697975e+01 -2.06697975e+01 -2.50725139e-02 -6.80089870e-03 -6.80089562e-03 7.13254574e+01 7.13254574e+01 1.01443846e+02 1.73372523e+02 1.75818468e+02 2.40912579e+02 3.21974932e+02 3.51253854e+02 4.54309035e+02 5.65957274e+02 6.81763047e+02 8.75767597e-16 5.60778961e-16 3.51437200e-05 2.38743108e-14 2.00811313e-16 4.52439195e-16 1.72659368e-28 9.99675830e-01 3.95206632e-15 9.88279632e-01 9.73675547e-01 5.33394366e-01 8.92966687e-01 9.97525061e-01 9.99583387e-01 9.99892636e-01 2.68560162e-17 8.29258396e-18 1.40808812e-06 3.39725510e-07 3.39725510e-07 3.56292512e-03 3.56292512e-03 5.00452750e-03 9.51758154e-17 2.35241987e-02 2.23940900e-02 3.63276687e-03 1.63357125e-02 1.45705191e-02 1.27507482e-02 1.08329630e-02
1.08258258e-01 -2.06697975e+01 -2.06697975e+01 -2.50725141e-02 -6.80090335e-03 -6.80088428e-03 7.13254574e+01 7.13254574e+01 1.01435173e+02 1.73372523e+02 1.75710994e+02 2.40846848e+02 3.21979786e+02 3.51210559e+02 4.54289559e+02 5.65945795e+02 6.81756274e+02 5.58065431e-16 1.77195458e-16 3.51925308e-05 2.39046569e-14 6.72384564e-17 1.72526728e-28 2.61883660e-16 9.99674562e-01 1.41621898e-14 9.88277665e-01 9.73808110e-01 5.33176318e-01 8.92946817e-01 9.97531837e-01 9.99584505e-01 9.99892914e-01 1.61679517e-17 1.42891512e-18 1.40808812e-06 3.39725510e-07 3.39725510e-07 3.56292512e-03 3.56292512e-03 5.01439542e-03 3.54899293e-16 2.35380376e-02 2.23532089e-02 3.62791248e-03 1.63089530e-02 1.45480256e-02 1.27328603e-02 1.08186488e-02
1.08408408e-01 -2.06697975e+01 -2.06697975e+01 -2.50725147e-02 -6.80089096e-03 -6.80089049e-03 7.13254574e+01 7.13254574e+01 1.01426477e+02 1.73372523e+02 1.75603471e+02 2.40781421e+02 3.21984629e+02 3.51167436e+02 4.54270168e+02 5.65934364e+02 6.81749528e+02 3.27077429e-16 7.67047076e-16 3.52413415e-05 1.08235244e-15 2.39498782e-14 1.72394539e-28 1.59502345e-16 9.99673290e-01 7.89915371e-15 9.88275881e-01 9.73939882e-01 5.32958343e-01 8.92927529e-01 9.97538587e-01 9.99585619e-01 9.99893191e-01 9.61957932e-18 1.27469428e-17 1.40808812e-06 3.39725510e-07 3.39725510e-07 3.56292512e-03 3.56292512e-03 5.02427608e-03 1.78081542e-16 2.35516934e-02 2.23123685e-02 3.62306709e-03 1.62822620e-02 1.45255984e-02 1.27150211e-02 1.08043708e-02
1.08558559e-01 -2.06697975e+01 -2.06697975e+01 -2.50725149e-02 -6.80088847e-03 -6.80088543e-03 7.13254574e+01 7.13254574e+01 1.01417758e+02 1.73372523e+02 1.75495900e+02 2.40716296e+02 3.21989463e+02 3.51124484e+02 4.54250863e+02 5.65922980e+02 6.81742809e+02 5.07283237e-16 5.56805026e-16 3.52901522e-05 9.17032606e-14 6.30715617e-16 2.30641163e-16 1.72633022e-28 9.99672014e-01 7.70774188e-15 9.88274279e-01 9.74070867e-01 5.32740440e-01 8.92908819e-01 9.97545312e-01 9.99586728e-01 9.99893467e-01 1.64541382e-17 1.55482286e-17 1.40808812e-06 3.39725510e-07 3.39725510e-07 3.56292512e-03 3.56292512e-03 5.03416950e-03 1.87467797e-16 2.35651667e-02 2.22715700e-02 3.61823066e-03 1.62556395e-02 1.45032374e-02 1.26972304e-02 1.07901291e-02
1.08708709e-01 -2.06697975e+01 -2.06697975e+01 -2.50725142e-02 -6.80090591e-03 -6.80088184e-03 7.13254574e+01 7.13254574e+01 1.01409015e+02 1.73372523e+02 1.75388282e+02 2.40651471e+02 3.21994287e+02 3.51081702e+02 4.54231643e+02 5.65911644e+02 6.81736117e+02 5.28019042e-16 4.16168774e-16 3.53389629e-05 1.19155839e-16 2.40437774e-14 1.72131508e-28 1.56295683e-16 9.99670734e-01 2.45045484e-14 9.88272859e-01 9.74201070e-01 5.32522611e-01 8.92890685e-01 9.97552012e-01 9.99587833e-01 9.99893742e-01 1.24536192e-17 1.51190159e-17 1.40808812e-06 3.39725510e-07 3.39725510e-07 3.56292512e-03 3.56292512e-03 5.04407569e-03 6.03645155e-16 2.35784580e-02 2.22308142e-02 3.61340317e-03 1.62290853e-02 1.44809422e-02 1.26794881e-02 1.07759235e-02
1.08858859e-01 -2.06697975e+01 -2.06697975e+01 -2.50725145e-02 -6.80088953e-03 -6.80088681e-03 7.13254574e+01 7.13254574e+01 1.01400250e+02 1.73372523e+02 1.75280620e+02 2.40586947e+02 3.21999100e+02 3.51039089e+02 4.54212507e+02 5.65900355e+02 6.81729452e+02 2.03621388e-16 4.19448023e-16 3.53877736e-05 6.97950099e-16 9.19568612e-14 1.72369790e-28 3.34410864e-16 9.99669450e-01 1.48340191e-15 9.88271619e-01 9.74330494e-01 5.32304855e-01 8.92873123e-01 9.97558686e-01 9.99588934e-01 9.99894016e-01 6.47740677e-18 1.37880884e-17 1.40808812e-06 3.39725510e-07 3.39725510e-07 3.56292512e-03 3.56292512e-03 5.05399468e-03 3.11682280e-17 2.35915676e-02 2.21901021e-02 3.60858461e-03 1.62025995e-02 1.44587127e-02 1.26617939e-02 1.07617539e-02
1.09009009e-01 -2.06697975e+01 -2.06697975e+01 -2.50725151e-02 -6.80089726e-03 -6.80089643e-03 7.13254574e+01 7.13254574e+01 1.01391462e+02 1.73372523e+02 1.75172914e+02 2.40522722e+02 3.22003903e+02 3.50996645e+02 4.54193455e+02 5.65889112e+02 6.81722813e+02 3.07689435e-16 2.24014560e-16 3.54365844e-05 9.20781737e-14 2.45482188e-15 1.72238843e-28 8.16736692e-17 9.99668162e-01 9.77427773e-15 9.88270559e-01 9.74459145e-01 5.32087172e-01 8.92856129e-01 9.97565335e-01 9.99590030e-01 9.99894289e-01 9.40677626e-19 7.57225477e-18 1.40808812e-06 3.39725510e-07 3.39725510e-07 3.56292512e-03 3.56292512e-03 5.06392646e-03 2.47753095e-16 2.36044962e-02 2.21494346e-02 3.60377494e-03 1.61761819e-02 1.44365484e-02 1.26441477e-02 1.07476200e-02
1.09159159e-01 -2.06697975e+01 -2.06697975e+01 -2.50725135e-02 -6.80089528e-03 -6.80089262e-03 7.13254574e+01 7.13254574e+01 1.01382650e+02 1.73372523e+02 1.75065166e+02 2.40458793e+02 3.22008697e+02 3.50954369e+02 4.54174487e+02 5.65877916e+02 6.81716201e+02 6.60052191e-16 1.03861239e-15 3.54853951e-05 1.95563049e-16 2.40990256e-14 1.71740297e-28 2.87162500e-16 9.99666870e-01 4.14650195e-15 9.88269678e-01 9.74587026e-01 5.31869562e-01 8.92839701e-01 9.97571959e-01 9.99591123e-01 9.99894561e-01 2.96713891e-19 2.92058066e-17 1.40808812e-06 3.39725510e-07 3.39725510e-07 3.56292512e-03 3.56292512e-03 5.07387106e-03 9.15357487e-17 2.36172443e-02 2.21088126e-02 3.59897416e-03 1.61498323e-02 1.44144492e-02 1.26265492e-02 1.07335219e-02
1.09309309e-01 -2.06697975e+01 -2.06697975e+01 -2.50725149e-02 -6.80090332e-03 -6.80089051e-03 7.13254574e+01 7.13254574e+01 1.01373816e+02 1.73372523e+02 1.74957378e+02 2.40395161e+02 3.22013480e+02 3.50912260e+02 4.54155601e+02 5.65866766e+02 6.81709615e+02 4.64760078e-16 5.12298843e-16 3.55342058e-05 1.26338641e-16 5.82181223e-14 2.62221585e-16 1.71794504e-28 9.99665573e-01 1.31102886e-14 9.88268974e-01 9.74714142e-01 5.31652025e-01 8.92823834e-01 9.97578558e-01 9.99592211e-01 9.99894831e-01 8.58365453e-18 1.79458444e-17 1.40808812e-06 3.39725510e-07 3.39725510e-07 3.56292512e-03 3.56292512e-03 5.08382849e-03 3.12952688e-16 2.36298123e-02 2.20682370e-02 3.59418223e-03 1.61235508e-02 1.43924149e-02 1.26089983e-02 1.07194593e-02
1.09459459e-01 -2.06697975e+01 -2.06697975e+01 -2.50725142e-02 -6.80089867e-03 -6.80089764e-03 7.13254574e+01 7.13254574e+01 1.01364958e+02 1.73372523e+02 1.74849551e+02 2.40331824e+02 3.22018254e+02 3.50870317e+02 4.54136798e+02 5.65855662e+02 6.81703055e+02 5.87721588e-16 3.27526897e-16 3.55830165e-05 1.92787961e-15 9.24622914e-14 1.71848651e-28 2.26084437e-16 9.99664272e-01 1.54851724e-14 9.88268448e-01 9.74840497e-01 5.31434562e-01 8.92808526e-01 9.97585133e-01 9.99593295e-01 9.99895101e-01 1.47565338e-17 3.24696546e-18 1.40808812e-06 3.39725510e-07 3.39725510e-07 3.56292512e-03 3.56292512e-03 5.09379876e-03 3.72534357e-16 2.36422007e-02 2.20277087e-02 3.58939915e-03 1.60973372e-02 1.43704452e-02 1.25914949e-02 1.07054322e-02
1.09609610e-01 -2.06697975e+01 -2.06697975e+01 -2.50725141e-02 -6.80090237e-03 -6.80089409e-03 7.13254574e+01 7.13254574e+01 1.01356076e+02 1.73372523e+02 1.74741686e+02 2.40268781e+02 3.22023017e+02 3.50828539e+02 4.54118077e+02 5.65844604e+02 6.81696522e+02 9.29471058e-16 3.12865484e-16 3.56318272e-05 5.84115732e-14 1.37199178e-16 1.71536231e-28 1.97188569e-16 9.99662968e-01 7.54858314e-15 9.88268098e-01 9.74966094e-01 5.31217172e-01 8.92793772e-01 9.97591682e-01 9.99594375e-01 9.99895370e-01 6.07593215e-18 5.43306461e-18 1.40808812e-06 3.39725510e-07 3.39725510e-07 3.56292512e-03 3.56292512e-03 5.10378188e-03 1.85998568e-16 2.36544101e-02 2.19872285e-02 3.58462487e-03 1.60711915e-02 1.43485398e-02 1.25740386e-02 1.06914403e-02
1.09759760e-01 -2.06697975e+01 -2.06697975e+01 -2.50725145e-02 -6.80091182e-03 -6.80089792e-03 7.13254574e+01 7.13254574e+01 1.01347171e+02 1.73372523e+02 1.74633784e+02 2.40206031e+02 3.22027771e+02 3.50786925e+02 4.54099438e+02 5.65833591e+02 6.81690014e+02 7.97829709e-16 2.77627262e-16 3.56806380e-05 9.26165162e-14 2.45739505e-16 2.83202055e-16 1.71590712e-28 9.99661659e-01 2.45993909e-15 9.88267922e-01 9.75090939e-01 5.30999856e-01 8.92779571e-01 9.97598207e-01 9.99595450e-01 9.99895638e-01 1.84788515e-17 2.48093545e-18 1.40808812e-06 3.39725510e-07 3.39725510e-07 3.56292512e-03 3.56292512e-03 5.11377787e-03 6.88725542e-17 2.36664411e-02 2.19467973e-02 3.57985940e-03 1.60451134e-02 1.43266985e-02 1.25566295e-02 1.06774837e-02
1.09909910e-01 -2.06697975e+01 -2.06697975e+01 -2.50725145e-02 -6.80089044e-03 -6.80088645e-03 7.13254574e+01 7.13254574e+01 1.01338243e+02 1.73372523e+02 1.74525848e+02 2.40143572e+02 3.22032515e+02 3.50745476e+02 4.54080879e+02 5.65822624e+02 6.81683532e+02 7.28082611e-16 1.39916123e-15 3.57294487e-05 2.43042150e-14 1.57694794e-16 1.71097037e-28 1.75871433e-16 9.99660346e-01 2.07681024e-14 9.88267921e-01 9.75215035e-01 5.30782613e-01 8.92765917e-01 9.97604707e-01 9.99596522e-01 9.99895905e-01 4.14174772e-18 1.32026913e-17 1.40808812e-06 3.39725510e-07 3.39725510e-07 3.56292512e-03 3.56292512e-03 5.12378674e-03 4.98752982e-16 2.36782941e-02 2.19064160e-02 3.57510269e-03 1.60191029e-02 1.43049210e-02 1.25392672e-02 1.06635622e-02
1.10060060e-01 -2.06697975e+01 -2.06697975e+01 -2.50725142e-02 -6.80089791e-03 -6.80089105e-03 7.13254574e+01 7.13254574e+01 1.01329291e+02 1.73372523e+02 1.74417879e+02 2.40081403e+02 3.22037249e+02 3.50704189e+02 4.54062401e+02 5.65811701e+02 6.81677075e+02 5.00071763e-16 2.85478749e-16 3.57782594e-05 9.29412305e-14 2.85804121e-16 2.94053690e-16 1.71334506e-28 9.99659028e-01 6.52229295e-16 9.88268093e-01 9.75338387e-01 5.30565444e-01 8.92752809e-01 9.97611183e-01 9.99597589e-01 9.99896171e-01 1.65337452e-17 7.69737779e-18 1.40808812e-06 3.39725510e-07 3.39725510e-07 3.56292512e-03 3.56292512e-03 5.13380851e-03 6.34182032e-18 2.36899697e-02 2.18660854e-02 3.57035474e-03 1.59931600e-02 1.42832072e-02 1.25219516e-02 1.06496755e-02
1.10210210e-01 -2.06697975e+01 -2.06697975e+01 -2.50725148e-02 -6.80089785e-03 -6.80088583e-03 7.13254574e+01 7.13254574e+01 1.01320316e+02 1.73372523e+02 1.74309877e+02 2.40019523e+02 3.22041973e+02 3.50663064e+02 4.54044004e+02 5.65800824e+02 6.81670645e+02 3.49575925e-16 6.07191008e-16 3.58270701e-05 9.30954255e-14 1.95394296e-16 1.71207049e-28 4.74235065e-16 9.99657707e-01 5.53066314e-14 9.88268437e-01 9.75460999e-01 5.30348349e-01 8.92740243e-01 9.97617634e-01 9.99598652e-01 9.99896436e-01 4.00093057e-18 1.49827956e-17 1.40808812e-06 3.39725510e-07 3.39725510e-07 3.56292512e-03 3.56292512e-03 5.14384317e-03 1.34581399e-15 2.37014684e-02 2.18258062e-02 3.56561552e-03 1.59672844e-02 1.42615567e-02 1.25046825e-02 1.06358237e-02
1.10360360e-01 -2.06697975e+01 -2.06697975e+01 -2.50725144e-02 -6.80089941e-03 -6.80089431e-03 7.13254574e+01 7.13254574e+01 1.01311316e+02 1.73372523e+02 1.74201845e+02 2.39957931e+02 3.22046688e+02 3.50622100e+02 4.54025686e+02 5.65789990e+02 6.81664239e+02 5.95401257e-16 2.97494688e-16 3.58758808e-05 1.27684566e-16 2.43731114e-14 2.02541640e-16 1.70716251e-28 9.99656381e-01 6.38281135e-15 9.88268952e-01 9.75582874e-01 5.30131328e-01 8.92728215e-01 9.97624062e-01 9.99599712e-01 9.99896699e-01 1.83980706e-18 1.03477811e-17 1.40808812e-06 3.39725510e-07 3.39725510e-07 3.56292512e-03 3.56292512e-03 5.15389076e-03 1.56776769e-16 2.37127908e-02 2.17855794e-02 3.56088500e-03 1.59414761e-02 1.42399692e-02 1.24874598e-02 1.06220066e-02
1.10510511e-01 -2.06697975e+01 -2.06697975e+01 -2.50725134e-02 -6.80089973e-03 -6.80088326e-03 7.13254574e+01 7.13254574e+01 1.01302294e+02 1.73372523e+02 1.74093783e+02 2.39896626e+02 3.22051392e+02 3.50581297e+02 4.54007447e+02 5.65779201e+02 6.81657859e+02 2.18012712e-16 7.03642336e-16 3.59246916e-05 1.06198576e-16 9.33291682e-14 1.70953416e-28 2.64499324e-16 9.99655052e-01 2.24656895e-14 9.88269637e-01 9.75704018e-01 5.29914380e-01 8.92716723e-01 9.97630465e-01 9.99600767e-01 9.99896962e-01 1.80502633e-18 1.40742952e-17 1.40808812e-06 3.39725510e-07 3.39725510e-07 3.56292512e-03 3.56292512e-03 5.16395127e-03 5.54616041e-16 2.37239374e-02 2.17454056e-02 3.55616318e-03 1.59157351e-02 1.42184447e-02 1.24702832e-02 1.06082241e-02
1.10660661e-01 -2.06697975e+01 -2.06697975e+01 -2.50725145e-02 -6.80090275e-03 -6.80089346e-03 7.13254574e+01 7.13254574e+01 1.01293247e+02 1.73372523e+02 1.73985694e+02 2.39835606e+02 3.22056087e+02 3.50540654e+02 4.53989287e+02 5.65768456e+02 6.81651504e+02 9.88327823e-16 4.05497899e-16 3.59735023e-05 8.96587814e-17 2.44843880e-14 1.98232759e-16 1.70464515e-28 9.99653718e-01 1.22144301e-13 9.88270492e-01 9.75824434e-01 5.29697507e-01 8.92705763e-01 9.97636844e-01 9.99601818e-01 9.99897224e-01 6.36044022e-18 1.59538712e-18 1.40808812e-06 3.39725510e-07 3.39725510e-07 3.56292512e-03 3.56292512e-03 5.17402473e-03 2.95331615e-15 2.37349088e-02 2.17052857e-02 3.55145003e-03 1.58900610e-02 1.41969828e-02 1.24531526e-02 1.05944760e-02
1.10810811e-01 -2.06697975e+01 -2.06697975e+01 -2.50725133e-02 -6.80089431e-03 -6.80088409e-03 7.13254574e+01 7.13254574e+01 1.01284177e+02 1.73372523e+02 1.73877578e+02 2.39774870e+02 3.22060772e+02 3.50500169e+02 4.53971205e+02 5.65757755e+02 6.81645174e+02 6.07639916e-16 4.67092362e-16 3.60223130e-05 2.45110152e-14 1.11705196e-16 3.10530427e-20 1.77276706e-16 9.99652379e-01 8.37389139e-14 9.88271514e-01 9.75944126e-01 5.29480708e-01 8.92695332e-01 9.97643199e-01 9.99602865e-01 9.99897485e-01 2.26394778e-17 5.91162218e-18 1.40808812e-06 3.39725510e-07 3.39725510e-07 3.56292512e-03 3.56292512e-03 5.18411114e-03 2.04177604e-15 2.37457056e-02 2.16652205e-02 3.54674552e-03 1.58644539e-02 1.41755832e-02 1.24360679e-02 1.05807622e-02
1.10960961e-01 -2.06697975e+01 -2.06697975e+01 -2.50725146e-02 -6.80090489e-03 -6.80089762e-03 7.13254574e+01 7.13254574e+01 1.01275082e+02 1.73372523e+02 1.73769437e+02 2.39714417e+02 3.22065448e+02 3.50459843e+02 4.53953201e+02 5.65747098e+02 6.81638868e+02 7.32431201e-16 1.49784713e-16 3.60711237e-05 5.91356085e-14 1.65427833e-16 1.72878546e-28 4.82549546e-16 9.99651037e-01 2.24100425e-14 9.88272704e-01 9.76063099e-01 5.29263983e-01 8.92685426e-01 9.97649530e-01 9.99603908e-01 9.99897745e-01 2.34971276e-17 4.86499570e-19 1.40808812e-06 3.39725510e-07 3.39725510e-07 3.56292512e-03 3.56292512e-03 5.19421051e-03 5.36689380e-16 2.37563284e-02 2.16252107e-02 3.54204964e-03 1.58389137e-02 1.41542458e-02 1.24190288e-02 1.05670827e-02
1.11111111e-01 -2.06697975e+01 -2.06697975e+01 -2.50725143e-02 -6.80089032e-03 -6.80088840e-03 7.13254574e+01 7.13254574e+01 1.01265964e+02 1.73372523e+02 1.73661272e+02 2.39654246e+02 3.22070114e+02 3.50419674e+02 4.53935275e+02 5.65736483e+02 6.81632588e+02 7.60617563e-16 2.89053964e-16 3.61199345e-05 2.45061421e-14 3.26711406e-16 1.96145848e-16 1.72576168e-28 9.99649690e-01 7.72874322e-14 9.88274060e-01 9.76181356e-01 5.29047332e-01 8.92676043e-01 9.97655838e-01 9.99604947e-01 9.99898004e-01 2.67116495e-17 3.61282333e-18 1.40808812e-06 3.39725510e-07 3.39725510e-07 3.56292512e-03 3.56292512e-03 5.20432286e-03 1.87397290e-15 2.37667776e-02 2.15852570e-02 3.53736237e-03 1.58134402e-02 1.41329703e-02 1.24020351e-02 1.05534372e-02
1.11261261e-01 -2.06697975e+01 -2.06697975e+01 -2.50725148e-02 -6.80089807e-03 -6.80088387e-03 7.13254574e+01 7.13254574e+01 1.01256822e+02 1.73372523e+02 1.73553085e+02 2.39594355e+02 3.22074770e+02 3.50379661e+02 4.53917426e+02 5.65725912e+02 6.81626332e+02 4.37380537e-16 8.19871387e-16 3.61687452e-05 2.45467886e-14 9.06003620e-17 2.96303681e-16 1.75107482e-28 9.99648339e-01 4.22948390e-16 9.88275582e-01 9.76298902e-01 5.28830756e-01 8.92667179e-01 9.97662122e-01 9.99605983e-01 9.99898262e-01 5.92965062e-18 1.58464725e-17 1.40808812e-06 3.39725510e-07 3.39725510e-07 3.56292512e-03 3.56292512e-03 5.21444820e-03 1.32239565e-17 2.37770540e-02 2.15453601e-02 3.53268369e-03 1.57880333e-02 1.41117565e-02 1.23850868e-02 1.05398256e-02
1.11411411e-01 -2.06697975e+01 -2.06697975e+01 -2.50725141e-02 -6.80089502e-03 -6.80089126e-03 7.13254574e+01 7.13254574e+01 1.01247655e+02 1.73372523e+02 1.73444877e+02 2.39534744e+02 3.22079416e+02 3.50339805e+02 4.53899653e+02 5.65715384e+02 6.81620101e+02 4.40704390e-16 3.42309809e-16 3.62175559e-05 5.93222227e-14 3.70733057e-16 2.40867623e-16 1.75164774e-28 9.99646984e-01 8.50598997e-14 9.88277268e-01 9.76415740e-01 5.28614254e-01 8.92658831e-01 9.97668382e-01 9.99607014e-01 9.99898520e-01 9.31453445e-18 1.31482882e-18 1.40808812e-06 3.39725510e-07 3.39725510e-07 3.56292512e-03 3.56292512e-03 5.22458654e-03 2.05282929e-15 2.37871580e-02 2.15055209e-02 3.52801356e-03 1.57626929e-02 1.40906041e-02 1.23681836e-02 1.05262480e-02
1.11561562e-01 -2.06697975e+01 -2.06697975e+01 -2.50725142e-02 -6.80089700e-03 -6.80088283e-03 7.13254574e+01 7.13254574e+01 1.01238465e+02 1.73336649e+02 1.73372523e+02 2.39475411e+02 3.22084053e+02 3.50300103e+02 4.53881956e+02 5.65704898e+02 6.81613893e+02 7.54945898e-16 2.35287545e-16 3.62663666e-05 1.45713679e-16 9.42176721e-14 1.89768812e-28 1.99612447e-16 9.99645624e-01 9.88279116e-01 3.67637537e-13 9.76531875e-01 5.28397826e-01 8.92650997e-01 9.97674620e-01 9.99608041e-01 9.99898776e-01 2.42717788e-17 4.46904605e-18 1.40808812e-06 3.39725510e-07 3.39725510e-07 3.56292512e-03 3.56292512e-03 5.23473788e-03 2.37970903e-02 8.85792274e-15 2.14657400e-02 3.52335199e-03 1.57374188e-02 1.40695128e-02 1.23513254e-02 1.05127040e-02
1.11711712e-01 -2.06697975e+01 -2.06697975e+01 -2.50725144e-02 -6.80090112e-03 -6.80089203e-03 7.13254574e+01 7.13254574e+01 1.01229250e+02 1.73228403e+02 1.73372523e+02 2.39416354e+02 3.22088681e+02 3.50260556e+02 4.53864336e+02 5.65694454e+02 6.81607711e+02 5.67416390e-16 2.92231257e-16 3.63151773e-05 5.89846443e-17 2.46937640e-14 2.95129880e-16 1.74748003e-28 9.99644260e-01 9.88281128e-01 2.65267890e-14 9.76647312e-01 5.28181474e-01 8.92643672e-01 9.97680833e-01 9.99609065e-01 9.99899031e-01 1.22009032e-17 7.56128821e-18 1.40808812e-06 3.39725510e-07 3.39725510e-07 3.56292512e-03 3.56292512e-03 5.24490225e-03 2.38068514e-02 6.29581290e-16 2.14260181e-02 3.51869894e-03 1.57122110e-02 1.40484825e-02 1.23345119e-02 1.04991936e-02
1.11861862e-01 -2.06697975e+01 -2.06697975e+01 -2.50725137e-02 -6.80089439e-03 -6.80089428e-03 7.13254574e+01 7.13254574e+01 1.01220011e+02 1.73120141e+02 1.73372523e+02 2.39357573e+02 3.22093299e+02 3.50221162e+02 4.53846790e+02 5.65684053e+02 6.81601552e+02 3.45720797e-16 3.22641557e-16 3.63639881e-05 1.25078805e-27 7.34482328e-28 5.08153188e-45 2.36698246e-27 9.99642892e-01 9.88283300e-01 2.77190470e-13 9.76762053e-01 5.27965195e-01 8.92636854e-01 9.97687024e-01 9.99610084e-01 9.99899285e-01 1.00261024e-17 2.68467608e-18 1.40808812e-06 3.39725510e-07 3.39725510e-07 3.56292512e-03 3.56292512e-03 5.25507965e-03 2.38164420e-02 6.66282971e-15 2.13863558e-02 3.51405439e-03 1.56870693e-02 1.40275129e-02 1.23177431e-02 1.04857167e-02
1.12012012e-01 -2.06697975e+01 -2.06697975e+01 -2.50725139e-02 -6.80089487e-03 -6.80089374e-03 7.13254574e+01 7.13254574e+01 1.01210748e+02 1.73011862e+02 1.73372523e+02 2.39299067e+02 3.22097907e+02 3.50181921e+02 4.53829319e+02 5.65673694e+02 6.81595417e+02 4.02885536e-16 3.20610058e-16 3.64127988e-05 5.96463998e-14 1.22233554e-15 1.81993585e-16 1.74686813e-28 9.99641519e-01 9.88285632e-01 1.53660029e-13 9.76876103e-01 5.27748992e-01 8.92630539e-01 9.97693191e-01 9.99611100e-01 9.99899539e-01 5.24400245e-18 4.99342063e-18 1.40808812e-06 3.39725510e-07 3.39725510e-07 3.56292512e-03 3.56292512e-03 5.26527010e-03 2.38258627e-02 3.68090235e-15 2.13467540e-02 3.50941833e-03 1.56619936e-02 1.40066038e-02 1.23010188e-02 1.04722732e-02
1.12162162e-01 -2.06697975e+01 -2.06697975e+01 -2.50725132e-02 -6.80090331e-03 -6.80089138e-03 7.13254574e+01 7.13254574e+01 1.01201460e+02 1.72903569e+02 1.73372523e+02 2.39240834e+02 3.22102506e+02 3.50142832e+02 4.53811923e+02 5.65663376e+02 6.81589306e+02 3.80039776e-16 9.01793918e-16 3.64616095e-05 1.71924080e-16 9.47483888e-14 3.57360804e-16 1.74744584e-28 9.99640143e-01 9.88288124e-01 3.53403052e-15 9.76989465e-01 5.27532863e-01 8.92624725e-01 9.97699336e-01 9.99612112e-01 9.99899791e-01 2.82094069e-18 3.52416680e-17 1.40808812e-06 3.39725510e-07 3.39725510e-07 3.56292512e-03 3.56292512e-03 5.27547360e-03 2.38351140e-02 8.68249027e-17 2.13072131e-02 3.50479073e-03 1.56369837e-02 1.39857550e-02 1.22843387e-02 1.04588630e-02
1.12312312e-01 -2.06697975e+01 -2.06697975e+01 -2.50725144e-02 -6.80089738e-03 -6.80088854e-03 7.13254574e+01 7.13254574e+01 1.01192148e+02 1.72795264e+02 1.73372523e+02 2.39182873e+02 3.22107095e+02 3.50103894e+02 4.53794601e+02 5.65653100e+02 6.81583219e+02 5.93885841e-16 5.38987392e-16 3.65104202e-05 9.48958448e-14 2.57987112e-16 2.85982592e-16 1.67305617e-28 9.99638762e-01 9.88290773e-01 2.54201674e-14 9.77102145e-01 5.27316809e-01 8.92619409e-01 9.97705457e-01 9.99613120e-01 9.99900043e-01 1.76359782e-17 1.94440614e-17 1.40808812e-06 3.39725510e-07 3.39725510e-07 3.56292512e-03 3.56292512e-03 5.28569016e-03 2.38441967e-02 6.02604345e-16 2.12677339e-02 3.50017158e-03 1.56120397e-02 1.39649661e-02 1.22677028e-02 1.04454858e-02
1.12462462e-01 -2.06697975e+01 -2.06697975e+01 -2.50725134e-02 -6.80089293e-03 -6.80088993e-03 7.13254574e+01 7.13254574e+01 1.01182812e+02 1.72686947e+02 1.73372523e+02 2.39125183e+02 3.22111675e+02 3.50065107e+02 4.53777352e+02 5.65642866e+02 6.81577155e+02 3.68383556e-16 7.01103125e-16 3.65592309e-05 4.32875093e-16 5.99040235e-14 1.67010655e-28 5.07468173e-16 9.99637376e-01 9.88293580e-01 6.14050404e-14 9.77214146e-01 5.27100831e-01 8.92614587e-01 9.97711556e-01 9.99614124e-01 9.99900294e-01 9.15697820e-18 2.46715594e-17 1.40808812e-06 3.39725510e-07 3.39725510e-07 3.56292512e-03 3.56292512e-03 5.29591979e-03 2.38531112e-02 1.46274029e-15 2.12283171e-02 3.49556085e-03 1.55871612e-02 1.39442371e-02 1.22511108e-02 1.04321417e-02
1.12612613e-01 -2.06697975e+01 -2.06697975e+01 -2.50725145e-02 -6.80089624e-03 -6.80088936e-03 7.13254574e+01 7.13254574e+01 1.01173451e+02 1.72578619e+02 1.73372523e+02 2.39067763e+02 3.22116246e+02 3.50026470e+02 4.53760177e+02 5.65632672e+02 6.81571115e+02 7.95591056e-16 4.73923822e-16 3.66080417e-05 2.09930757e-16 5.99487658e-14 3.15310921e-16 1.66893483e-28 9.99635986e-01 9.88296542e-01 5.82531103e-14 9.77325471e-01 5.26884927e-01 8.92610256e-01 9.97717632e-01 9.99615125e-01 9.99900543e-01 7.33613903e-18 9.26306137e-18 1.40808812e-06 3.39725510e-07 3.39725510e-07 3.56292512e-03 3.56292512e-03 5.30616251e-03 2.38618582e-02 1.38404492e-15 2.11889631e-02 3.49095852e-03 1.55623482e-02 1.39235675e-02 1.22345626e-02 1.04188305e-02
1.12762763e-01 -2.06697975e+01 -2.06697975e+01 -2.50725146e-02 -6.80088961e-03 -6.80088937e-03 7.13254574e+01 7.13254574e+01 1.01164065e+02 1.72470283e+02 1.73372523e+02 2.39010611e+02 3.22120807e+02 3.49987981e+02 4.53743075e+02 5.65622519e+02 6.81565098e+02 5.01216923e-16 8.65433982e-16 3.66568524e-05 8.38926516e-15 9.48834194e-14 1.66953324e-28 2.19236497e-16 9.99634592e-01 9.88299660e-01 3.53891052e-15 9.77436125e-01 5.26669098e-01 8.92606414e-01 9.97723685e-01 9.99616122e-01 9.99900792e-01 6.42513214e-18 3.28561205e-18 1.40808812e-06 3.39725510e-07 3.39725510e-07 3.56292512e-03 3.56292512e-03 5.31641833e-03 2.38704383e-02 8.67071807e-17 2.11496728e-02 3.48636458e-03 1.55376006e-02 1.39029573e-02 1.22180581e-02 1.04055521e-02
1.12912913e-01 -2.06697975e+01 -2.06697975e+01 -2.50725141e-02 -6.80089065e-03 -6.80088481e-03 7.13254574e+01 7.13254574e+01 1.01154655e+02 1.72361939e+02 1.73372523e+02 2.38953726e+02 3.22125359e+02 3.49949641e+02 4.53726045e+02 5.65612407e+02 6.81559105e+02 7.62467639e-16 1.29028992e-15 3.67056631e-05 1.52618283e-16 2.49407146e-14 1.59239930e-28 4.96173782e-16 9.99633193e-01 9.88302931e-01 5.01490495e-14 9.77546112e-01 5.26453345e-01 8.92603057e-01 9.97729716e-01 9.99617115e-01 9.99901040e-01 2.15697564e-17 1.85272011e-17 1.40808812e-06 3.39725510e-07 3.39725510e-07 3.56292512e-03 3.56292512e-03 5.32668725e-03 2.38788522e-02 1.18574154e-15 2.11104466e-02 3.48177900e-03 1.55129181e-02 1.38824062e-02 1.22015970e-02 1.03923063e-02
1.13063063e-01 -2.06697975e+01 -2.06697975e+01 -2.50725141e-02 -6.80089547e-03 -6.80088589e-03 7.13254574e+01 7.13254574e+01 1.01145220e+02 1.72253589e+02 1.73372523e+02 2.38897107e+02 3.22129901e+02 3.49911449e+02 4.53709086e+02 5.65602335e+02 6.81553134e+02 3.00383274e-16 1.27056135e-15 3.67544738e-05 2.49507494e-14 6.85780336e-17 1.59124304e-28 9.80296423e-17 9.99631790e-01 9.88306355e-01 2.86024923e-14 9.77655436e-01 5.26237667e-01 8.92600182e-01 9.97735724e-01 9.99618104e-01 9.99901287e-01 4.93981758e-18 1.02116692e-17 1.40808812e-06 3.39725510e-07 3.39725510e-07 3.56292512e-03 3.56292512e-03 5.33696928e-03 2.38871004e-02 6.83205381e-16 2.10712852e-02 3.47720177e-03 1.54883008e-02 1.38619140e-02 1.21851792e-02 1.03790931e-02
1.13213213e-01 -2.06697975e+01 -2.06697975e+01 -2.50725139e-02 -6.80089667e-03 -6.80089662e-03 7.13254574e+01 7.13254574e+01 1.01135760e+02 1.72145233e+02 1.73372523e+02 2.38840753e+02 3.22134435e+02 3.49873404e+02 4.53692200e+02 5.65592304e+02 6.81547187e+02 7.16079299e-16 1.27672686e-15 3.68032845e-05 4.98497937e-14 3.38895908e-14 1.59186298e-28 4.13299024e-16 9.99630383e-01 9.88309931e-01 2.47905875e-14 9.77764100e-01 5.26022064e-01 8.92597787e-01 9.97741710e-01 9.99619089e-01 9.99901533e-01 2.04313345e-17 4.29809743e-17 1.40808812e-06 3.39725510e-07 3.39725510e-07 3.56292512e-03 3.56292512e-03 5.34726443e-03 2.38951837e-02 5.94801866e-16 2.10321891e-02 3.47263286e-03 1.54637485e-02 1.38414803e-02 1.21688045e-02 1.03659123e-02
1.13363363e-01 -2.06697975e+01 -2.06697975e+01 -2.50725143e-02 -6.80090008e-03 -6.80089257e-03 7.13254574e+01 7.13254574e+01 1.01126275e+02 1.72036874e+02 1.73372523e+02 2.38784663e+02 3.22138959e+02 3.49835504e+02 4.53675385e+02 5.65582312e+02 6.81541262e+02 1.35823898e-15 1.13397132e-15 3.68520953e-05 2.50240788e-14 1.92881975e-16 2.95288819e-16 1.58894182e-28 9.99628971e-01 9.88313658e-01 1.90986787e-14 9.77872109e-01 5.25806537e-01 8.92595867e-01 9.97747674e-01 9.99620071e-01 9.99901778e-01 7.69480465e-18 2.77445829e-17 1.40808812e-06 3.39725510e-07 3.39725510e-07 3.56292512e-03 3.56292512e-03 5.35757272e-03 2.39031026e-02 4.44288908e-16 2.09931589e-02 3.46807225e-03 1.54392609e-02 1.38211051e-02 1.21524729e-02 1.03527638e-02
1.13513514e-01 -2.06697975e+01 -2.06697975e+01 -2.50725135e-02 -6.80090557e-03 -6.80087920e-03 7.13254574e+01 7.13254574e+01 1.01116766e+02 1.71928512e+02 1.73372523e+02 2.38728835e+02 3.22143473e+02 3.49797751e+02 4.53658640e+02 5.65572360e+02 6.81535360e+02 3.92954574e-16 5.12906919e-16 3.69009060e-05 6.59049519e-17 6.04595963e-14 1.58956417e-28 1.93828470e-16 9.99627555e-01 9.88317535e-01 1.90325206e-15 9.77979466e-01 5.25591085e-01 8.92594422e-01 9.97753615e-01 9.99621049e-01 9.99902023e-01 5.47946328e-18 1.50154369e-17 1.40808812e-06 3.39725510e-07 3.39725510e-07 3.56292512e-03 3.56292512e-03 5.36789414e-03 2.39108578e-02 3.03300236e-17 2.09541952e-02 3.46351993e-03 1.54148381e-02 1.38007881e-02 1.21361840e-02 1.03396476e-02
1.13663664e-01 -2.06697975e+01 -2.06697975e+01 -2.50725140e-02 -6.80090094e-03 -6.80089276e-03 7.13254574e+01 7.13254574e+01 1.01107231e+02 1.71820150e+02 1.73372523e+02 2.38673268e+02 3.22147979e+02 3.49760142e+02 4.53641966e+02 5.65562448e+02 6.81529481e+02 6.34784989e-16 3.21454064e-16 3.69497167e-05 6.05047586e-14 2.36359329e-16 1.58842037e-28 1.55697438e-16 9.99626134e-01 9.88321560e-01 2.06122592e-14 9.78086176e-01 5.25375709e-01 8.92593446e-01 9.97759535e-01 9.99622024e-01 9.99902266e-01 2.20187634e-17 9.82509481e-18 1.40808812e-06 3.39725510e-07 3.39725510e-07 3.56292512e-03 3.56292512e-03 5.37822872e-03 2.39184499e-02 4.92040594e-16 2.09152986e-02 3.45897588e-03 1.53904798e-02 1.37805290e-02 1.21199379e-02 1.03265635e-02
1.13813814e-01 -2.06697975e+01 -2.06697975e+01 -2.50725141e-02 -6.80089500e-03 -6.80089369e-03 7.13254574e+01 7.13254574e+01 1.01097672e+02 1.71711787e+02 1.73372523e+02 2.38617961e+02 3.22152475e+02 3.49722677e+02 4.53625362e+02 5.65552575e+02 6.81523625e+02 5.27088811e-16 4.41134411e-16 3.69985274e-05 1.55319710e-15 9.60920456e-14 1.58904300e-28 2.05339918e-16 9.99624709e-01 9.88325733e-01 2.04086733e-14 9.78192241e-01 5.25160409e-01 8.92592939e-01 9.97765432e-01 9.99622995e-01 9.99902509e-01 3.64059430e-18 4.48657071e-18 1.40808812e-06 3.39725510e-07 3.39725510e-07 3.56292512e-03 3.56292512e-03 5.38857646e-03 2.39258795e-02 4.86924419e-16 2.08764695e-02 3.45444007e-03 1.53661859e-02 1.37603277e-02 1.21037342e-02 1.03135113e-02
1.13963964e-01 -2.06697975e+01 -2.06697975e+01 -2.50725147e-02 -6.80090550e-03 -6.80088082e-03 7.13254574e+01 7.13254574e+01 1.01088087e+02 1.71603426e+02 1.73372523e+02 2.38562913e+02 3.22156962e+02 3.49685355e+02 4.53608828e+02 5.65542741e+02 6.81517791e+02 4.54782506e-16 1.08855145e-15 3.70473381e-05 9.62792530e-14 1.66835202e-16 2.00239789e-16 1.58790409e-28 9.99623280e-01 9.88330052e-01 6.66656011e-16 9.78297667e-01 5.24945184e-01 8.92592895e-01 9.97771308e-01 9.99623962e-01 9.99902751e-01 1.34482546e-17 3.81345694e-17 1.40808812e-06 3.39725510e-07 3.39725510e-07 3.56292512e-03 3.56292512e-03 5.39893736e-03 2.39331473e-02 2.33410141e-17 2.08377085e-02 3.44991249e-03 1.53419563e-02 1.37401839e-02 1.20875728e-02 1.03004910e-02
1.14114114e-01 -2.06697975e+01 -2.06697975e+01 -2.50725143e-02 -6.80089599e-03 -6.80089038e-03 7.13254574e+01 7.13254574e+01 1.01078477e+02 1.71495067e+02 1.73372523e+02 2.38508123e+02 3.22161440e+02 3.49648176e+02 4.53592362e+02 5.65532946e+02 6.81511979e+02 7.55874322e-16 3.39305395e-16 3.70961489e-05 1.27818957e-16 2.51744994e-14 2.27783014e-16 1.58325387e-28 9.99621846e-01 9.88334517e-01 2.31109351e-15 9.78402456e-01 5.24730035e-01 8.92593314e-01 9.97777162e-01 9.99624925e-01 9.99902991e-01 1.92963999e-17 3.78122868e-18 1.40808812e-06 3.39725510e-07 3.39725510e-07 3.56292512e-03 3.56292512e-03 5.40931143e-03 2.39402540e-02 5.14933977e-17 2.07990162e-02 3.44539312e-03 1.53177909e-02 1.37200973e-02 1.20714537e-02 1.02875025e-02
1.14264264e-01 -2.06697975e+01 -2.06697975e+01 -2.50725142e-02 -6.80089439e-03 -6.80089428e-03 7.13254574e+01 7.13254574e+01 1.01068843e+02 1.71386712e+02 1.73372523e+02 2.38453589e+02 3.22165908e+02 3.49611139e+02 4.53575966e+02 5.65523190e+02 6.81506190e+02 1.05086604e-15 7.26345844e-16 3.71449596e-05 1.22289464e-27 7.18102880e-28 5.00831748e-45 2.31419717e-27 9.99620407e-01 9.88339126e-01 2.28469742e-14 9.78506613e-01 5.24514962e-01 8.92594191e-01 9.97782994e-01 9.99625885e-01 9.99903231e-01 4.03049908e-18 8.28959660e-19 1.40808812e-06 3.39725510e-07 3.39725510e-07 3.56292512e-03 3.56292512e-03 5.41969870e-03 2.39472002e-02 5.37118424e-16 2.07603930e-02 3.44088193e-03 1.52936894e-02 1.37000679e-02 1.20553766e-02 1.02745457e-02
1.14414414e-01 -2.06697975e+01 -2.06697975e+01 -2.50725143e-02 -6.80089291e-03 -6.80088750e-03 7.13254574e+01 7.13254574e+01 1.01059182e+02 1.71278363e+02 1.73372523e+02 2.38399311e+02 3.22170368e+02 3.49574244e+02 4.53559638e+02 5.65513473e+02 6.81500422e+02 7.60618142e-16 4.01662754e-16 3.71937703e-05 1.31977907e-16 2.53911838e-14 1.40419925e-16 9.89729014e-23 9.99618964e-01 9.88343878e-01 1.38721826e-14 9.78610141e-01 5.24299965e-01 8.92595524e-01 9.97788805e-01 9.99626842e-01 9.99903470e-01 2.79621629e-17 6.73223523e-18 1.40808812e-06 3.39725510e-07 3.39725510e-07 3.56292512e-03 3.56292512e-03 5.43009915e-03 2.39539865e-02 3.30535450e-16 2.07218394e-02 3.43637891e-03 1.52696518e-02 1.36800952e-02 1.20393413e-02 1.02616204e-02
1.14564565e-01 -2.06697975e+01 -2.06697975e+01 -2.50725141e-02 -6.80088983e-03 -6.80088909e-03 7.13254574e+01 7.13254574e+01 1.01049497e+02 1.71170019e+02 1.73372523e+02 2.38345286e+02 3.22174819e+02 3.49537488e+02 4.53543379e+02 5.65503794e+02 6.81494677e+02 8.54826615e-16 8.97585897e-16 3.72425810e-05 2.52910617e-14 7.53194442e-16 2.35846090e-16 1.57988509e-28 9.99617517e-01 9.88348773e-01 9.33803559e-15 9.78713045e-01 5.24085044e-01 8.92597310e-01 9.97794594e-01 9.99627795e-01 9.99903709e-01 2.89824560e-17 2.23480963e-17 1.40808812e-06 3.39725510e-07 3.39725510e-07 3.56292512e-03 3.56292512e-03 5.44051280e-03 2.39606136e-02 2.06385944e-16 2.06833559e-02 3.43188405e-03 1.52456779e-02 1.36601792e-02 1.20233478e-02 1.02487265e-02
1.14714715e-01 -2.06697975e+01 -2.06697975e+01 -2.50725143e-02 -6.80089759e-03 -6.80088892e-03 7.13254574e+01 7.13254574e+01 1.01039786e+02 1.71061684e+02 1.73372523e+02 2.38291514e+02 3.22179260e+02 3.49500873e+02 4.53527187e+02 5.65494153e+02 6.81488953e+02 3.28682795e-16 7.61067491e-16 3.72913917e-05 2.52980747e-14 7.16159344e-17 1.57876940e-28 1.37025145e-16 9.99616065e-01 9.88353809e-01 1.19104403e-14 9.78815327e-01 5.23870199e-01 8.92599547e-01 9.97800362e-01 9.99628744e-01 9.99903946e-01 1.21168642e-17 2.08837787e-17 1.40808812e-06 3.39725510e-07 3.39725510e-07 3.56292512e-03 3.56292512e-03 5.45093966e-03 2.39670821e-02 2.81217104e-16 2.06449431e-02 3.42739731e-03 1.52217676e-02 1.36403197e-02 1.20073959e-02 1.02358640e-02
1.14864865e-01 -2.06697975e+01 -2.06697975e+01 -2.50725146e-02 -6.80090010e-03 -6.80088612e-03 7.13254574e+01 7.13254574e+01 1.01030049e+02 1.70953357e+02 1.73372523e+02 2.38237995e+02 3.22183692e+02 3.49464397e+02 4.53511062e+02 5.65484550e+02 6.81483251e+02 7.81562050e-16 8.91905328e-16 3.73402025e-05 9.70192421e-14 2.21214433e-16 1.58114744e-28 2.60706615e-16 9.99614608e-01 9.88358985e-01 1.77922921e-14 9.78916992e-01 5.23655430e-01 8.92602230e-01 9.97806109e-01 9.99629690e-01 9.99904183e-01 2.93994811e-17 3.23741542e-17 1.40808812e-06 3.39725510e-07 3.39725510e-07 3.56292512e-03 3.56292512e-03 5.46137973e-03 2.39733928e-02 4.12839508e-16 2.06066014e-02 3.42291868e-03 1.51979207e-02 1.36205163e-02 1.19914853e-02 1.02230326e-02
1.15015015e-01 -2.06697975e+01 -2.06697975e+01 -2.50725145e-02 -6.80089439e-03 -6.80089428e-03 7.13254574e+01 7.13254574e+01 1.01020288e+02 1.70845041e+02 1.73372523e+02 2.38184725e+02 3.22188116e+02 3.49428060e+02 4.53495005e+02 5.65474984e+02 6.81477571e+02 6.52198788e-16 1.80040118e-16 3.73890132e-05 1.21441842e-27 7.13125513e-28 4.98572652e-45 2.29815684e-27 9.99613147e-01 9.88364300e-01 1.61469787e-14 9.79018044e-01 5.23440738e-01 8.92605359e-01 9.97811834e-01 9.99630632e-01 9.99904418e-01 2.05614505e-17 2.86503960e-18 1.40808812e-06 3.39725510e-07 3.39725510e-07 3.56292512e-03 3.56292512e-03 5.47183303e-03 2.39795462e-02 3.81492570e-16 2.05683312e-02 3.41844815e-03 1.51741371e-02 1.36007689e-02 1.19756160e-02 1.02102324e-02
1.15165165e-01 -2.06697975e+01 -2.06697975e+01 -2.50725134e-02 -6.80090753e-03 -6.80089830e-03 7.13254574e+01 7.13254574e+01 1.01010500e+02 1.70736735e+02 1.73372523e+02 2.38131705e+02 3.22192530e+02 3.49391860e+02 4.53479014e+02 5.65465456e+02 6.81471912e+02 6.78172699e-16 4.31294554e-16 3.74378239e-05 9.72449187e-14 2.68823059e-16 1.57892410e-28 3.44348081e-16 9.99611682e-01 9.88369753e-01 1.59826431e-14 9.79118486e-01 5.23226122e-01 8.92608929e-01 9.97817538e-01 9.99631571e-01 9.99904653e-01 2.24640707e-17 7.54783327e-18 1.40808812e-06 3.39725510e-07 3.39725510e-07 3.56292512e-03 3.56292512e-03 5.48229955e-03 2.39855430e-02 3.70749300e-16 2.05301329e-02 3.41398569e-03 1.51504166e-02 1.35810772e-02 1.19597878e-02 1.01974632e-02
1.15315315e-01 -2.06697975e+01 -2.06697975e+01 -2.50725144e-02 -6.80090097e-03 -6.80089393e-03 7.13254574e+01 7.13254574e+01 1.01000687e+02 1.70628442e+02 1.73372523e+02 2.38078933e+02 3.22196935e+02 3.49355798e+02 4.53463089e+02 5.65455966e+02 6.81466275e+02 6.38273338e-16 9.02551280e-16 3.74866346e-05 3.40588335e-16 9.73988407e-14 1.57781777e-28 1.30042500e-16 9.99610211e-01 9.88375344e-01 5.42705758e-15 9.79218321e-01 5.23011582e-01 8.92612937e-01 9.97823221e-01 9.99632506e-01 9.99904887e-01 1.45714060e-17 1.46865428e-17 1.40808812e-06 3.39725510e-07 3.39725510e-07 3.56292512e-03 3.56292512e-03 5.49277931e-03 2.39913839e-02 1.21082652e-16 2.04920071e-02 3.40953128e-03 1.51267591e-02 1.35614411e-02 1.19440006e-02 1.01847249e-02
1.15465465e-01 -2.06697975e+01 -2.06697975e+01 -2.50725130e-02 -6.80090155e-03 -6.80089814e-03 7.13254574e+01 7.13254574e+01 1.00990848e+02 1.70520163e+02 1.73372523e+02 2.38026408e+02 3.22201332e+02 3.49319872e+02 4.53447230e+02 5.65446513e+02 6.81460659e+02 4.90403814e-16 2.31547257e-16 3.75354453e-05 2.54905555e-14 1.20011488e-16 1.57324449e-28 1.55974860e-16 9.99608737e-01 9.88381070e-01 2.22186996e-14 9.79317554e-01 5.22797119e-01 8.92617383e-01 9.97828884e-01 9.99633438e-01 9.99905120e-01 2.48099788e-18 8.05122648e-19 1.40808812e-06 3.39725510e-07 3.39725510e-07 3.56292512e-03 3.56292512e-03 5.50327231e-03 2.39970696e-02 5.18049453e-16 2.04539542e-02 3.40508491e-03 1.51031645e-02 1.35418603e-02 1.19282542e-02 1.01720174e-02
1.15615616e-01 -2.06697975e+01 -2.06697975e+01 -2.50725134e-02 -6.80089442e-03 -6.80089434e-03 7.13254574e+01 7.13254574e+01 1.00980984e+02 1.70411899e+02 1.73372523e+02 2.37974129e+02 3.22205719e+02 3.49284082e+02 4.53431437e+02 5.65437096e+02 6.81455065e+02 8.68072069e-16 3.53951628e-15 3.75842561e-05 1.70876018e-14 5.91771919e-14 5.67786908e-21 3.27009848e-17 9.99607257e-01 9.88386931e-01 5.06327267e-15 9.79416189e-01 5.22582733e-01 8.92622261e-01 9.97834525e-01 9.99634367e-01 9.99905353e-01 2.20936020e-17 5.36094060e-17 1.40808812e-06 3.39725510e-07 3.39725510e-07 3.56292512e-03 3.56292512e-03 5.51377856e-03 2.40026006e-02 1.12151613e-16 2.04159746e-02 3.40064655e-03 1.50796326e-02 1.35223347e-02 1.19125484e-02 1.01593405e-02
1.15765766e-01 -2.06697975e+01 -2.06697975e+01 -2.50725137e-02 -6.80089453e-03 -6.80088773e-03 7.13254574e+01 7.13254574e+01 1.00971093e+02 1.70303651e+02 1.73372523e+02 2.37922095e+02 3.22210098e+02 3.49248428e+02 4.53415709e+02 5.65427717e+02 6.81449491e+02 4.73661019e-16 4.35279218e-16 3.76330668e-05 3.32411451e-16 9.77338343e-14 1.58553386e-28 7.08944164e-17 9.99605774e-01 9.88392925e-01 4.84642185e-15 9.79514228e-01 5.22368423e-01 8.92627570e-01 9.97840146e-01 9.99635292e-01 9.99905584e-01 1.14876777e-17 4.40959964e-19 1.40808812e-06 3.39725510e-07 3.39725510e-07 3.56292512e-03 3.56292512e-03 5.52429806e-03 2.40079778e-02 1.04333357e-16 2.03780686e-02 3.39621619e-03 1.50561632e-02 1.35028639e-02 1.18968831e-02 1.01466942e-02
1.15915916e-01 -2.06697975e+01 -2.06697975e+01 -2.50725139e-02 -6.80089439e-03 -6.80089428e-03 7.13254574e+01 7.13254574e+01 1.00961177e+02 1.70195420e+02 1.73372523e+02 2.37870304e+02 3.22214468e+02 3.49212908e+02 4.53400046e+02 5.65418374e+02 6.81443939e+02 1.13729726e-16 1.27750221e-15 3.76818775e-05 1.20439340e-27 7.07238666e-28 4.95879962e-45 2.27918556e-27 9.99604285e-01 9.88399053e-01 1.63131260e-14 9.79611676e-01 5.22154190e-01 8.92633307e-01 9.97845746e-01 9.99636213e-01 9.99905815e-01 3.52257731e-18 1.37396071e-17 1.40808812e-06 3.39725510e-07 3.39725510e-07 3.56292512e-03 3.56292512e-03 5.53483083e-03 2.40132017e-02 3.73512847e-16 2.03402368e-02 3.39179381e-03 1.50327563e-02 1.34834479e-02 1.18812582e-02 1.01340784e-02
1.16066066e-01 -2.06697975e+01 -2.06697975e+01 -2.50725134e-02 -6.80089439e-03 -6.80089428e-03 7.13254574e+01 7.13254574e+01 1.00951235e+02 1.70087208e+02 1.73372523e+02 2.37818755e+02 3.22218828e+02 3.49177521e+02 4.53384447e+02 5.65409068e+02 6.81438407e+02 2.19121128e-16 2.38757400e-16 3.77306882e-05 1.20273788e-27 7.06266518e-28 4.95433116e-45 2.27605267e-27 9.99602792e-01 9.88405312e-01 8.00409141e-15 9.79708536e-01 5.21940033e-01 8.92639469e-01 9.97851325e-01 9.99637132e-01 9.99906045e-01 2.90103312e-18 6.72514227e-18 1.40808812e-06 3.39725510e-07 3.39725510e-07 3.56292512e-03 3.56292512e-03 5.54537686e-03 2.40182730e-02 1.72752336e-16 2.03024794e-02 3.38737940e-03 1.50094116e-02 1.34640863e-02 1.18656734e-02 1.01214930e-02
1.16216216e-01 -2.06697975e+01 -2.06697975e+01 -2.50725143e-02 -6.80089022e-03 -6.80088388e-03 7.13254574e+01 7.13254574e+01 1.00941266e+02 1.69979016e+02 1.73372523e+02 2.37767448e+02 3.22223180e+02 3.49142269e+02 4.53368913e+02 5.65399797e+02 6.81432897e+02 6.26005297e-16 8.46435697e-16 3.77794989e-05 3.58351341e-16 9.81770335e-14 1.83389401e-16 1.59340100e-28 9.99601295e-01 9.88411701e-01 2.90722699e-15 9.79804812e-01 5.21725954e-01 8.92646054e-01 9.97856884e-01 9.99638046e-01 9.99906274e-01 6.56112662e-18 1.77121791e-17 1.40808812e-06 3.39725510e-07 3.39725510e-07 3.56292512e-03 3.56292512e-03 5.55593617e-03 2.40231923e-02 7.28481808e-17 2.02647969e-02 3.38297292e-03 1.49861290e-02 1.34447790e-02 1.18501288e-02 1.01089378e-02
1.16366366e-01 -2.06697975e+01 -2.06697975e+01 -2.50725140e-02 -6.80089350e-03 -6.80088705e-03 7.13254574e+01 7.13254574e+01 1.00931272e+02 1.69870844e+02 1.73372523e+02 2.37716380e+02 3.22227524e+02 3.49107148e+02 4.53353442e+02 5.65390563e+02 6.81427406e+02 6.85383855e-16 3.12958216e-16 3.78283097e-05 1.27340762e-16 2.56979774e-14 3.10778437e-16 1.58888983e-28 9.99599792e-01 9.88418220e-01 6.27816118e-15 9.79900507e-01 5.21511951e-01 8.92653059e-01 9.97862423e-01 9.99638958e-01 9.99906502e-01 1.12946023e-17 1.10721543e-18 1.40808812e-06 3.39725510e-07 3.39725510e-07 3.56292512e-03 3.56292512e-03 5.56650875e-03 2.40279605e-02 1.62867409e-16 2.02271897e-02 3.37857436e-03 1.49629084e-02 1.34255258e-02 1.18346240e-02 1.00964128e-02
1.16516517e-01 -2.06697975e+01 -2.06697975e+01 -2.50725138e-02 -6.80090958e-03 -6.80089958e-03 7.13254574e+01 7.13254574e+01 1.00921252e+02 1.69762694e+02 1.73372523e+02 2.37665552e+02 3.22231858e+02 3.49072160e+02 4.53338035e+02 5.65381365e+02 6.81421937e+02 7.25870270e-16 1.20562332e-15 3.78771204e-05 2.35010874e-16 9.83778157e-14 1.59125176e-28 1.67027129e-16 9.99598285e-01 9.88424868e-01 7.07199637e-15 9.79995625e-01 5.21298026e-01 8.92660480e-01 9.97867941e-01 9.99639866e-01 9.99906729e-01 2.14158493e-17 3.80407190e-17 1.40808812e-06 3.39725510e-07 3.39725510e-07 3.56292512e-03 3.56292512e-03 5.57709462e-03 2.40325781e-02 1.55506655e-16 2.01896581e-02 3.37418371e-03 1.49397495e-02 1.34063265e-02 1.18191590e-02 1.00839178e-02
1.16666667e-01 -2.06697975e+01 -2.06697975e+01 -2.50725145e-02 -6.80089368e-03 -6.80089228e-03 7.13254574e+01 7.13254574e+01 1.00911205e+02 1.69654568e+02 1.73372523e+02 2.37614961e+02 3.22236184e+02 3.49037303e+02 4.53322691e+02 5.65372202e+02 6.81416488e+02 1.15572886e-15 9.41043728e-16 3.79259311e-05 9.68970219e-16 6.22486136e-14 1.36751836e-16 3.34424953e-20 9.99596774e-01 9.88431643e-01 9.54893342e-15 9.80090170e-01 5.21084178e-01 8.92668316e-01 9.97873439e-01 9.99640771e-01 9.99906956e-01 2.44482755e-18 2.92462124e-17 1.40808812e-06 3.39725510e-07 3.39725510e-07 3.56292512e-03 3.56292512e-03 5.58769377e-03 2.40370457e-02 2.16345021e-16 2.01522025e-02 3.36980095e-03 1.49166524e-02 1.33871808e-02 1.18037336e-02 1.00714528e-02
1.16816817e-01 -2.06697975e+01 -2.06697975e+01 -2.50725142e-02 -6.80089801e-03 -6.80088325e-03 7.13254574e+01 7.13254574e+01 1.00901132e+02 1.69546466e+02 1.73372523e+02 2.37564606e+02 3.22240500e+02 3.49002577e+02 4.53307409e+02 5.65363074e+02 6.81411060e+02 4.50514738e-16 1.03399384e-15 3.79747418e-05 2.58106064e-14 1.20093911e-16 1.58569560e-28 1.56488420e-16 9.99595258e-01 9.88438544e-01 8.79991807e-15 9.80184145e-01 5.20870406e-01 8.92676564e-01 9.97878917e-01 9.99641672e-01 9.99907182e-01 6.69647246e-18 3.41261887e-17 1.40808812e-06 3.39725510e-07 3.39725510e-07 3.56292512e-03 3.56292512e-03 5.59830622e-03 2.40413641e-02 2.16417903e-16 2.01148232e-02 3.36542606e-03 1.48936167e-02 1.33680885e-02 1.17883477e-02 1.00590176e-02
1.16966967e-01 -2.06697975e+01 -2.06697975e+01 -2.50725154e-02 -6.80090504e-03 -6.80088737e-03 7.13254574e+01 7.13254574e+01 1.00891033e+02 1.69438389e+02 1.73372523e+02 2.37514487e+02 3.22244809e+02 3.48967981e+02 4.53292190e+02 5.65353982e+02 6.81405651e+02 3.63174489e-16 2.05792659e-16 3.80235526e-05 9.87702688e-14 1.95548839e-16 1.58805335e-28 1.89669751e-16 9.99593737e-01 9.88445571e-01 1.57627200e-14 9.80277553e-01 5.20656712e-01 8.92685221e-01 9.97884375e-01 9.99642570e-01 9.99907407e-01 9.83662576e-18 5.62933993e-18 1.40808812e-06 3.39725510e-07 3.39725510e-07 3.56292512e-03 3.56292512e-03 5.60893197e-03 2.40455340e-02 3.50791156e-16 2.00775206e-02 3.36105901e-03 1.48706424e-02 1.33490495e-02 1.17730011e-02 1.00466121e-02
1.17117117e-01 -2.06697975e+01 -2.06697975e+01 -2.50725146e-02 -6.80089442e-03 -6.80089432e-03 7.13254574e+01 7.13254574e+01 1.00880907e+02 1.69330339e+02 1.73372523e+02 2.37464603e+02 3.22249108e+02 3.48933514e+02 4.53277033e+02 5.65344926e+02 6.81400263e+02 3.39782012e-15 5.36862254e-15 3.80723633e-05 5.66243219e-15 2.52370051e-14 2.47639862e-19 3.08710760e-17 9.99592211e-01 9.88452722e-01 4.04092768e-16 9.80370398e-01 5.20443096e-01 8.92694285e-01 9.97889813e-01 9.99643465e-01 9.99907631e-01 3.65438775e-17 2.93827724e-17 1.40808812e-06 3.39725510e-07 3.39725510e-07 3.56292512e-03 3.56292512e-03 5.61957102e-03 2.40495560e-02 6.50432330e-18 2.00402949e-02 3.35669979e-03 1.48477293e-02 1.33300635e-02 1.17576936e-02 1.00342364e-02
1.17267267e-01 -2.06697975e+01 -2.06697975e+01 -2.50725145e-02 -6.80090203e-03 -6.80089807e-03 7.13254574e+01 7.13254574e+01 1.00870755e+02 1.69222317e+02 1.73372523e+02 2.37414951e+02 3.22253399e+02 3.48899176e+02 4.53261938e+02 5.65335904e+02 6.81394895e+02 4.97171766e-16 7.26998277e-16 3.81211740e-05 2.86546493e-16 2.59204349e-14 1.58253159e-28 2.14603623e-16 9.99590681e-01 9.88459996e-01 4.38193538e-15 9.80462685e-01 5.20229557e-01 8.92703752e-01 9.97895231e-01 9.99644357e-01 9.99907854e-01 6.80061671e-18 2.53476017e-17 1.40808812e-06 3.39725510e-07 3.39725510e-07 3.56292512e-03 3.56292512e-03 5.63022337e-03 2.40534308e-02 9.29582506e-17 2.00031466e-02 3.35234839e-03 1.48248773e-02 1.33111303e-02 1.17424253e-02 1.00218901e-02
1.17417417e-01 -2.06697975e+01 -2.06697975e+01 -2.50725143e-02 -6.80090274e-03 -6.80088823e-03 7.13254574e+01 7.13254574e+01 1.00860576e+02 1.69114323e+02 1.73372523e+02 2.37365531e+02 3.22257681e+02 3.48864967e+02 4.53246904e+02 5.65326916e+02 6.81389547e+02 1.08127192e-15 4.45313876e-16 3.81699847e-05 7.21934056e-17 2.59507374e-14 3.64717414e-16 1.58148356e-28 9.99589146e-01 9.88467392e-01 9.51852857e-15 9.80554415e-01 5.20016095e-01 8.92713621e-01 9.97900629e-01 9.99645245e-01 9.99908077e-01 3.39531638e-17 9.61522195e-18 1.40808812e-06 3.39725510e-07 3.39725510e-07 3.56292512e-03 3.56292512e-03 5.64088904e-03 2.40571591e-02 2.12157194e-16 1.99660760e-02 3.34800479e-03 1.48020861e-02 1.32922498e-02 1.17271958e-02 1.00095733e-02
1.17567568e-01 -2.06697975e+01 -2.06697975e+01 -2.50725140e-02 -6.80090243e-03 -6.80089483e-03 7.13254574e+01 7.13254574e+01 1.00850371e+02 1.69006360e+02 1.73372523e+02 2.37316343e+02 3.22261954e+02 3.48830885e+02 4.53231932e+02 5.65317964e+02 6.81384219e+02 2.81621272e-16 3.37598701e-16 3.82187954e-05 9.93110905e-14 2.93015300e-16 1.58383569e-28 3.73890809e-16 9.99587606e-01 9.88474909e-01 5.58411980e-15 9.80645593e-01 5.19802710e-01 8.92723889e-01 9.97906008e-01 9.99646130e-01 9.99908299e-01 2.92423154e-18 1.09647288e-17 1.40808812e-06 3.39725510e-07 3.39725510e-07 3.56292512e-03 3.56292512e-03 5.65156802e-03 2.40607415e-02 1.30311640e-16 1.99290833e-02 3.34366896e-03 1.47793557e-02 1.32734217e-02 1.17120050e-02 9.99728579e-03
1.17717718e-01 -2.06697975e+01 -2.06697975e+01 -2.50725139e-02 -6.80090402e-03 -6.80089112e-03 7.13254574e+01 7.13254574e+01 1.00840139e+02 1.68898428e+02 1.73372523e+02 2.37267383e+02 3.22266219e+02 3.48796929e+02 4.53217020e+02 5.65309046e+02 6.81378911e+02 3.90506048e-16 9.80896704e-16 3.82676062e-05 9.94318114e-14 3.18528536e-16 1.58278956e-28 2.05545578e-16 9.99586062e-01 9.88482546e-01 1.21502430e-15 9.80736221e-01 5.19589404e-01 8.92734552e-01 9.97911367e-01 9.99647012e-01 9.99908520e-01 1.10516528e-17 3.33787239e-17 1.40808812e-06 3.39725510e-07 3.39725510e-07 3.56292512e-03 3.56292512e-03 5.66226032e-03 2.40641787e-02 3.16753033e-17 1.98921688e-02 3.33934088e-03 1.47566859e-02 1.32546459e-02 1.16968529e-02 9.98502755e-03
1.17867868e-01 -2.06697975e+01 -2.06697975e+01 -2.50725146e-02 -6.80090168e-03 -6.80089624e-03 7.13254574e+01 7.13254574e+01 1.00829881e+02 1.68790528e+02 1.73372523e+02 2.37218653e+02 3.22270476e+02 3.48763101e+02 4.53202168e+02 5.65300162e+02 6.81373623e+02 5.28505145e-16 5.48197377e-16 3.83164169e-05 9.95264290e-14 4.18629794e-16 1.58174670e-28 3.58641264e-16 9.99584513e-01 9.88490302e-01 2.90178337e-15 9.80826305e-01 5.19376175e-01 8.92745610e-01 9.97916706e-01 9.99647891e-01 9.99908740e-01 1.92830982e-17 9.45223334e-18 1.40808812e-06 3.39725510e-07 3.39725510e-07 3.56292512e-03 3.56292512e-03 5.67296593e-03 2.40674714e-02 7.15892714e-17 1.98553328e-02 3.33502055e-03 1.47340765e-02 1.32359221e-02 1.16817393e-02 9.97279845e-03
1.18018018e-01 -2.06697975e+01 -2.06697975e+01 -2.50725139e-02 -6.80090034e-03 -6.80089321e-03 7.13254574e+01 7.13254574e+01 1.00819596e+02 1.68682661e+02 1.73372523e+02 2.37170150e+02 3.22274723e+02 3.48729398e+02 4.53187377e+02 5.65291312e+02 6.81368354e+02 5.91214535e-16 8.38020062e-16 3.83652276e-05 2.23317334e-16 2.60689985e-14 4.91971008e-16 1.57732430e-28 9.99582959e-01 9.88498177e-01 1.25457376e-15 9.80915846e-01 5.19163024e-01 8.92757058e-01 9.97922026e-01 9.99648766e-01 9.99908960e-01 1.21084816e-17 6.01502665e-18 1.40808812e-06 3.39725510e-07 3.39725510e-07 3.56292512e-03 3.56292512e-03 5.68368488e-03 2.40706203e-02 3.16289390e-17 1.98185757e-02 3.33070795e-03 1.47115274e-02 1.32172501e-02 1.16666640e-02 9.96059838e-03
1.18168168e-01 -2.06697975e+01 -2.06697975e+01 -2.50725140e-02 -6.80089829e-03 -6.80089588e-03 7.13254574e+01 7.13254574e+01 1.00809283e+02 1.68574828e+02 1.73372523e+02 2.37121873e+02 3.22278962e+02 3.48695820e+02 4.53172645e+02 5.65282496e+02 6.81363104e+02 4.23569947e-16 3.60302530e-16 3.84140383e-05 2.61206027e-14 3.21624743e-16 1.57629263e-28 1.59179512e-16 9.99581401e-01 9.88506168e-01 1.84759714e-15 9.81004848e-01 5.18949950e-01 8.92768895e-01 9.97927327e-01 9.99649639e-01 9.99909178e-01 8.99999349e-18 8.95747728e-18 1.40808812e-06 3.39725510e-07 3.39725510e-07 3.56292512e-03 3.56292512e-03 5.69441715e-03 2.40736260e-02 3.78184067e-17 1.97818977e-02 3.32640304e-03 1.46890385e-02 1.31986297e-02 1.16516268e-02 9.94842725e-03
1.18318318e-01 -2.06697975e+01 -2.06697975e+01 -2.50725130e-02 -6.80090179e-03 -6.80089572e-03 7.13254574e+01 7.13254574e+01 1.00798944e+02 1.68467031e+02 1.73372523e+02 2.37073822e+02 3.22283193e+02 3.48662367e+02 4.53157973e+02 5.65273713e+02 6.81357874e+02 8.04272070e-16 9.98780005e-16 3.84628490e-05 3.66144622e-16 9.99345374e-14 3.91751929e-22 2.63854815e-16 9.99579837e-01 9.88514275e-01 3.04053342e-15 9.81093315e-01 5.18736955e-01 8.92781118e-01 9.97932609e-01 9.99650508e-01 9.99909396e-01 2.12757122e-17 1.44985431e-17 1.40808812e-06 3.39725510e-07 3.39725510e-07 3.56292512e-03 3.56292512e-03 5.70516275e-03 2.40764893e-02 7.66112188e-17 1.97452990e-02 3.32210583e-03 1.46666095e-02 1.31800608e-02 1.16366277e-02 9.93628497e-03
1.18468468e-01 -2.06697975e+01 -2.06697975e+01 -2.50725138e-02 -6.80089910e-03 -6.80088645e-03 7.13254574e+01 7.13254574e+01 1.00788578e+02 1.68359271e+02 1.73372523e+02 2.37025994e+02 3.22287415e+02 3.48629038e+02 4.53143360e+02 5.65264964e+02 6.81352664e+02 9.03365980e-16 5.31831078e-16 3.85116598e-05 1.95302262e-16 2.61602354e-14 3.18971045e-16 1.57423895e-28 9.99578269e-01 9.88522497e-01 2.12265665e-15 9.81181251e-01 5.18524037e-01 8.92793724e-01 9.97937871e-01 9.99651374e-01 9.99909613e-01 2.65362619e-17 8.77567571e-18 1.40808812e-06 3.39725510e-07 3.39725510e-07 3.56292512e-03 3.56292512e-03 5.71592169e-03 2.40792108e-02 3.59941388e-17 1.97087799e-02 3.31781628e-03 1.46442403e-02 1.31615431e-02 1.16216666e-02 9.92417143e-03
1.18618619e-01 -2.06697975e+01 -2.06697975e+01 -2.50725138e-02 -6.80089439e-03 -6.80089428e-03 7.13254574e+01 7.13254574e+01 1.00778185e+02 1.68251548e+02 1.73372523e+02 2.36978390e+02 3.22291629e+02 3.48595832e+02 4.53128806e+02 5.65256249e+02 6.81347472e+02 9.33264277e-16 2.78370069e-16 3.85604705e-05 1.17524509e-27 6.90122318e-28 4.87921538e-45 2.22402550e-27 9.99576696e-01 9.88530832e-01 3.17471839e-15 9.81268657e-01 5.18311197e-01 8.92806712e-01 9.97943114e-01 9.99652237e-01 9.99909830e-01 1.39082410e-17 7.77140767e-18 1.40808812e-06 3.39725510e-07 3.39725510e-07 3.56292512e-03 3.56292512e-03 5.72669395e-03 2.40817911e-02 4.79033483e-17 1.96723407e-02 3.31353438e-03 1.46219307e-02 1.31430764e-02 1.16067432e-02 9.91208653e-03
1.18768769e-01 -2.06697975e+01 -2.06697975e+01 -2.50725133e-02 -6.80090906e-03 -6.80089121e-03 7.13254574e+01 7.13254574e+01 1.00767765e+02 1.68143864e+02 1.73372523e+02 2.36931007e+02 3.22295834e+02 3.48562749e+02 4.53114311e+02 5.65247567e+02 6.81342300e+02 9.28074657e-16 2.16199295e-16 3.86092812e-05 2.62358999e-14 1.55241300e-16 1.29062285e-16 1.57499648e-28 9.99575119e-01 9.88539281e-01 2.71542986e-15 9.81355538e-01 5.18098436e-01 8.92820078e-01 9.97948338e-01 9.99653096e-01 9.99910046e-01 8.27601708e-18 5.60842280e-18 1.40808812e-06 3.39725510e-07 3.39725510e-07 3.56292512e-03 3.56292512e-03 5.73747956e-03 2.40842310e-02 7.49517457e-17 1.96359816e-02 3.30926012e-03 1.45996807e-02 1.31246606e-02 1.15918574e-02 9.90003018e-03
1.18918919e-01 -2.06697975e+01 -2.06697975e+01 -2.50725153e-02 -6.80089658e-03 -6.80089571e-03 7.13254574e+01 7.13254574e+01 1.00757318e+02 1.68036220e+02 1.73372523e+02 2.36883846e+02 3.22300031e+02 3.48529788e+02 4.53099874e+02 5.65238918e+02 6.81337147e+02 6.34593849e-16 5.53475960e-16 3.86580919e-05 2.62639934e-14 6.69888759e-16 1.57398095e-28 1.68626456e-16 9.99573536e-01 9.88547841e-01 6.19982839e-15 9.81441898e-01 5.17885753e-01 8.92833820e-01 9.97953543e-01 9.99653953e-01 9.99910261e-01 2.22664299e-18 1.09528789e-17 1.40808812e-06 3.39725510e-07 3.39725510e-07 3.56292512e-03 3.56292512e-03 5.74827850e-03 2.40865312e-02 1.34088914e-16 1.95997029e-02 3.30499347e-03 1.45774900e-02 1.31062954e-02 1.15770092e-02 9.88800228e-03
1.19069069e-01 -2.06697975e+01 -2.06697975e+01 -2.50725134e-02 -6.80090559e-03 -6.80090385e-03 7.13254574e+01 7.13254574e+01 1.00746843e+02 1.67928617e+02 1.73372523e+02 2.36836904e+02 3.22304219e+02 3.48496949e+02 4.53085494e+02 5.65230301e+02 6.81332012e+02 8.22374964e-16 9.10216847e-16 3.87069026e-05 3.44108419e-16 2.63345788e-14 3.33026239e-16 1.57577243e-28 9.99571949e-01 9.88556512e-01 6.03228868e-16 9.81527738e-01 5.17673148e-01 8.92847935e-01 9.97958730e-01 9.99654807e-01 9.99910475e-01 2.77678906e-17 1.96401903e-17 1.40808812e-06 3.39725510e-07 3.39725510e-07 3.56292512e-03 3.56292512e-03 5.75909079e-03 2.40886922e-02 9.99147796e-18 1.95635047e-02 3.30073443e-03 1.45553585e-02 1.30879807e-02 1.15621983e-02 9.87600274e-03
1.19219219e-01 -2.06697975e+01 -2.06697975e+01 -2.50725145e-02 -6.80089502e-03 -6.80089183e-03 7.13254574e+01 7.13254574e+01 1.00736341e+02 1.67821055e+02 1.73372523e+02 2.36790180e+02 3.22308399e+02 3.48464231e+02 4.53071172e+02 5.65221718e+02 6.81326897e+02 8.52028202e-16 4.83063182e-16 3.87557134e-05 1.00707015e-13 7.04968082e-16 9.12786275e-17 1.57811007e-28 9.99570357e-01 9.88565292e-01 3.13550339e-15 9.81613063e-01 5.17460621e-01 8.92862422e-01 9.97963897e-01 9.99655657e-01 9.99910688e-01 1.85703999e-17 1.24640587e-17 1.40808812e-06 3.39725510e-07 3.39725510e-07 3.56292512e-03 3.56292512e-03 5.76991641e-03 2.40907148e-02 7.13405615e-17 1.95273873e-02 3.29648296e-03 1.45332860e-02 1.30697163e-02 1.15474247e-02 9.86403145e-03
1.19369369e-01 -2.06697975e+01 -2.06697975e+01 -2.50725146e-02 -6.80089911e-03 -6.80089517e-03 7.13254574e+01 7.13254574e+01 1.00725812e+02 1.67713537e+02 1.73372523e+02 2.36743674e+02 3.22312571e+02 3.48431633e+02 4.53056908e+02 5.65213167e+02 6.81321800e+02 2.92618161e-16 5.36191220e-16 3.88045241e-05 1.00844955e-13 5.57091439e-16 9.43186449e-17 1.57709955e-28 9.99568760e-01 9.88574182e-01 9.49155940e-15 9.81697877e-01 5.17248173e-01 8.92877278e-01 9.97969046e-01 9.99656505e-01 9.99910901e-01 2.40978756e-18 1.95077195e-17 1.40808812e-06 3.39725510e-07 3.39725510e-07 3.56292512e-03 3.56292512e-03 5.78075538e-03 2.40925997e-02 2.15514842e-16 1.94913509e-02 3.29223906e-03 1.45112724e-02 1.30515019e-02 1.15326881e-02 9.85208833e-03
1.19519520e-01 -2.06697975e+01 -2.06697975e+01 -2.50725140e-02 -6.80089534e-03 -6.80089046e-03 7.13254574e+01 7.13254574e+01 1.00715255e+02 1.67606062e+02 1.73372523e+02 2.36697385e+02 3.22316734e+02 3.48399155e+02 4.53042700e+02 5.65204648e+02 6.81316722e+02 7.96803198e-16 1.32140157e-15 3.88533348e-05 2.63726122e-14 2.69544537e-16 2.45402531e-16 1.57275453e-28 9.99567158e-01 9.88583179e-01 2.69053412e-15 9.81782181e-01 5.17035803e-01 8.92892500e-01 9.97974177e-01 9.99657349e-01 9.99911113e-01 8.16492365e-18 3.01547868e-17 1.40808812e-06 3.39725510e-07 3.39725510e-07 3.56292512e-03 3.56292512e-03 5.79160769e-03 2.40943475e-02 4.75293075e-17 1.94553958e-02 3.28800270e-03 1.44893176e-02 1.30333374e-02 1.15179885e-02 9.84017328e-03
1.19669670e-01 -2.06697975e+01 -2.06697975e+01 -2.50725143e-02 -6.80089951e-03 -6.80089794e-03 7.13254574e+01 7.13254574e+01 1.00704671e+02 1.67498633e+02 1.73372523e+02 2.36651311e+02 3.22320889e+02 3.48366797e+02 4.53028549e+02 5.65196161e+02 6.81311663e+02 6.18751131e-16 4.74702606e-16 3.89021455e-05 6.37778645e-14 8.54142173e-16 1.57342115e-28 9.08336595e-17 9.99565552e-01 9.88592282e-01 3.59869282e-15 9.81865979e-01 5.16823511e-01 8.92908086e-01 9.97979288e-01 9.99658190e-01 9.99911324e-01 1.20676255e-17 1.11415432e-17 1.40808812e-06 3.39725510e-07 3.39725510e-07 3.56292512e-03 3.56292512e-03 5.80247334e-03 2.40959589e-02 8.50444250e-17 1.94195220e-02 3.28377387e-03 1.44674212e-02 1.30152226e-02 1.15033257e-02 9.82828620e-03
1.19819820e-01 -2.06697975e+01 -2.06697975e+01 -2.50725144e-02 -6.80089513e-03 -6.80089065e-03 7.13254574e+01 7.13254574e+01 1.00694059e+02 1.67391249e+02 1.73372523e+02 2.36605451e+02 3.22325035e+02 3.48334557e+02 4.53014455e+02 5.65187707e+02 6.81306622e+02 7.86695804e-16 3.77466821e-16 3.89509562e-05 1.13735256e-16 2.64830214e-14 1.57075814e-28 1.91256659e-16 9.99563940e-01 9.88601492e-01 1.59029176e-15 9.81949276e-01 5.16611299e-01 8.92924033e-01 9.97984382e-01 9.99659028e-01 9.99911535e-01 1.74327840e-17 9.12674648e-18 1.40808812e-06 3.39725510e-07 3.39725510e-07 3.56292512e-03 3.56292512e-03 5.81335234e-03 2.40974346e-02 3.43835081e-17 1.93837298e-02 3.27955255e-03 1.44455833e-02 1.29971574e-02 1.14886997e-02 9.81642700e-03
1.19969970e-01 -2.06697975e+01 -2.06697975e+01 -2.50725142e-02 -6.80089885e-03 -6.80089421e-03 7.13254574e+01 7.13254574e+01 1.00683420e+02 1.67283912e+02 1.73372523e+02 2.36559804e+02 3.22329174e+02 3.48302435e+02 4.53000417e+02 5.65179285e+02 6.81301600e+02 3.43152744e-16 5.52207495e-16 3.89997670e-05 4.65366817e-16 1.01345095e-13 1.57308861e-28 1.51717876e-16 9.99562324e-01 9.88610806e-01 3.60881896e-15 9.82032073e-01 5.16399165e-01 8.92940340e-01 9.97989457e-01 9.99659864e-01 9.99911744e-01 7.24620616e-18 9.49375371e-18 1.40808812e-06 3.39725510e-07 3.39725510e-07 3.56292512e-03 3.56292512e-03 5.82424468e-03 2.40987752e-02 8.08926757e-17 1.93480195e-02 3.27533873e-03 1.44238036e-02 1.29791414e-02 1.14741102e-02 9.80459558e-03
1.20120120e-01 -2.06697975e+01 -2.06697975e+01 -2.50725145e-02 -6.80089439e-03 -6.80089428e-03 7.13254574e+01 7.13254574e+01 1.00672753e+02 1.67176624e+02 1.73372523e+02 2.36514369e+02 3.22333304e+02 3.48270431e+02 4.52986434e+02 5.65170894e+02 6.81296595e+02 6.87831537e-16 1.87882634e-16 3.90485777e-05 1.15962893e-27 6.80952268e-28 4.83577847e-45 2.19447360e-27 9.99560703e-01 9.88620223e-01 8.55655108e-15 9.82114374e-01 5.16187109e-01 8.92957003e-01 9.97994513e-01 9.99660696e-01 9.99911953e-01 1.55842931e-17 3.19610403e-18 1.40808812e-06 3.39725510e-07 3.39725510e-07 3.56292512e-03 3.56292512e-03 5.83515036e-03 2.40999814e-02 1.86529777e-16 1.93123911e-02 3.27113239e-03 1.44020820e-02 1.29611746e-02 1.14595571e-02 9.79279185e-03
1.20270270e-01 -2.06697975e+01 -2.06697975e+01 -2.50725146e-02 -6.80089540e-03 -6.80089442e-03 7.13254574e+01 7.13254574e+01 1.00662058e+02 1.67069385e+02 1.73372523e+02 2.36469145e+02 3.22337425e+02 3.48238544e+02 4.52972507e+02 5.65162534e+02 6.81291610e+02 5.11052534e-16 4.55787480e-16 3.90973884e-05 1.01494723e-13 2.26975934e-15 9.89415696e-17 4.11251955e-22 9.99559076e-01 9.88629744e-01 4.17385467e-15 9.82196182e-01 5.15975133e-01 8.92974021e-01 9.97999552e-01 9.99661525e-01 9.99912162e-01 1.60889018e-17 1.58204670e-17 1.40808812e-06 3.39725510e-07 3.39725510e-07 3.56292512e-03 3.56292512e-03 5.84606939e-03 2.41010540e-02 8.93139508e-17 1.92768448e-02 3.26693350e-03 1.43804183e-02 1.29432566e-02 1.14450403e-02 9.78101572e-03
1.20420420e-01 -2.06697975e+01 -2.06697975e+01 -2.50725143e-02 -6.80089789e-03 -6.80088657e-03 7.13254574e+01 7.13254574e+01 1.00651336e+02 1.66962195e+02 1.73372523e+02 2.36424132e+02 3.22341539e+02 3.48206774e+02 4.52958635e+02 5.65154207e+02 6.81286642e+02 6.29421099e-16 3.24514620e-16 3.91461991e-05 8.21435016e-17 2.66563256e-14 9.93423641e-23 2.19752152e-16 9.99557445e-01 9.88639366e-01 6.67244677e-15 9.82277500e-01 5.15763235e-01 8.92991391e-01 9.98004572e-01 9.99662352e-01 9.99912369e-01 2.10470423e-18 9.48452641e-18 1.40808812e-06 3.39725510e-07 3.39725510e-07 3.56292512e-03 3.56292512e-03 5.85700176e-03 2.41019934e-02 1.59138827e-16 1.92413809e-02 3.26274206e-03 1.43588124e-02 1.29253875e-02 1.14305597e-02 9.76926709e-03
1.20570571e-01 -2.06697975e+01 -2.06697975e+01 -2.50725138e-02 -6.80088827e-03 -6.80088619e-03 7.13254574e+01 7.13254574e+01 1.00640585e+02 1.66855057e+02 1.73372523e+02 2.36379327e+02 3.22345644e+02 3.48175119e+02 4.52944818e+02 5.65145910e+02 6.81281692e+02 7.20803474e-16 3.42615460e-16 3.91950098e-05 2.80122033e-16 2.66748681e-14 1.56582078e-28 1.99424374e-16 9.99555809e-01 9.88649088e-01 6.55867510e-15 9.82358332e-01 5.15551416e-01 8.93009111e-01 9.98009575e-01 9.99663175e-01 9.99912576e-01 1.55176083e-17 2.96994473e-18 1.40808812e-06 3.39725510e-07 3.39725510e-07 3.56292512e-03 3.56292512e-03 5.86794748e-03 2.41028006e-02 1.57601210e-16 1.92059994e-02 3.25855804e-03 1.43372641e-02 1.29075669e-02 1.14161152e-02 9.75754588e-03
1.20720721e-01 -2.06697975e+01 -2.06697975e+01 -2.50725142e-02 -6.80089816e-03 -6.80088713e-03 7.13254574e+01 7.13254574e+01 1.00629807e+02 1.66747970e+02 1.73372523e+02 2.36334730e+02 3.22349742e+02 3.48143580e+02 4.52931056e+02 5.65137645e+02 6.81276760e+02 9.95186754e-16 2.38462730e-16 3.92438206e-05 1.68274636e-16 6.43037776e-14 1.56649303e-28 1.82558610e-16 9.99554169e-01 9.88658911e-01 2.82175927e-15 9.82438681e-01 5.15339676e-01 8.93027178e-01 9.98014559e-01 9.99663996e-01 9.99912782e-01 9.07357846e-18 1.12501684e-18 1.40808812e-06 3.39725510e-07 3.39725510e-07 3.56292512e-03 3.56292512e-03 5.87890653e-03 2.41034760e-02 7.44889980e-17 1.91707005e-02 3.25438143e-03 1.43157733e-02 1.28897947e-02 1.14017065e-02 9.74585199e-03
1.20870871e-01 -2.06697975e+01 -2.06697975e+01 -2.50725134e-02 -6.80090488e-03 -6.80089698e-03 7.13254574e+01 7.13254574e+01 1.00619000e+02 1.66640937e+02 1.73372523e+02 2.36290339e+02 3.22353831e+02 3.48112156e+02 4.52917348e+02 5.65129410e+02 6.81271846e+02 2.57778141e-16 1.39549892e-15 3.92926313e-05 1.02140802e-13 3.38909803e-16 1.22884151e-16 1.56716420e-28 9.99552523e-01 9.88668832e-01 6.56366344e-15 9.82518549e-01 5.15128016e-01 8.93045591e-01 9.98019525e-01 9.99664813e-01 9.99912988e-01 4.13993086e-18 4.19564272e-17 1.40808812e-06 3.39725510e-07 3.39725510e-07 3.56292512e-03 3.56292512e-03 5.88987892e-03 2.41040203e-02 1.45792924e-16 1.91354844e-02 3.25021221e-03 1.42943397e-02 1.28720707e-02 1.13873337e-02 9.73418532e-03
1.21021021e-01 -2.06697975e+01 -2.06697975e+01 -2.50725133e-02 -6.80089439e-03 -6.80089428e-03 7.13254574e+01 7.13254574e+01 1.00608166e+02 1.66533958e+02 1.73372523e+02 2.36246155e+02 3.22357911e+02 3.48080846e+02 4.52903694e+02 5.65121207e+02 6.81266950e+02 1.41585428e-15 3.58398711e-16 3.93414420e-05 1.15044950e-27 6.75561960e-28 4.80998242e-45 2.17710250e-27 9.99550872e-01 9.88678851e-01 9.00120069e-15 9.82597940e-01 5.14916434e-01 8.93064346e-01 9.98024474e-01 9.99665628e-01 9.99913192e-01 4.44430906e-17 3.37886091e-18 1.40808812e-06 3.39725510e-07 3.39725510e-07 3.56292512e-03 3.56292512e-03 5.90086465e-03 2.41044343e-02 1.87326239e-16 1.91003512e-02 3.24605036e-03 1.42729632e-02 1.28543948e-02 1.13729965e-02 9.72254580e-03
1.21171171e-01 -2.06697975e+01 -2.06697975e+01 -2.50725144e-02 -6.80089054e-03 -6.80088426e-03 7.13254574e+01 7.13254574e+01 1.00597303e+02 1.66427033e+02 1.73372523e+02 2.36202175e+02 3.22361984e+02 3.48049649e+02 4.52890094e+02 5.65113033e+02 6.81262072e+02 5.13779638e-16 6.82299784e-16 3.93902527e-05 1.02316183e-13 3.56149326e-16 1.59032814e-16 1.56521352e-28 9.99549217e-01 9.88688967e-01 2.55000483e-15 9.82676856e-01 5.14704932e-01 8.93083442e-01 9.98029405e-01 9.99666439e-01 9.99913397e-01 8.44047157e-19 2.23503840e-17 1.40808812e-06 3.39725510e-07 3.39725510e-07 3.56292512e-03 3.56292512e-03 5.91186371e-03 2.41047186e-02 4.07106060e-17 1.90653010e-02 3.24189588e-03 1.42516438e-02 1.28367666e-02 1.13586948e-02 9.71093331e-03
1.21321321e-01 -2.06697975e+01 -2.06697975e+01 -2.50725142e-02 -6.80089619e-03 -6.80089223e-03 7.13254574e+01 7.13254574e+01 1.00586412e+02 1.66320165e+02 1.73372523e+02 2.36158399e+02 3.22366049e+02 3.48018566e+02 4.52876548e+02 5.65104891e+02 6.81257211e+02 3.28810899e-16 3.14118431e-16 3.94390634e-05 5.66279908e-16 1.02437236e-13 1.56424265e-28 2.21908534e-16 9.99547556e-01 9.88699178e-01 2.91207416e-15 9.82755302e-01 5.14493509e-01 8.93102877e-01 9.98034318e-01 9.99667248e-01 9.99913600e-01 3.52520296e-18 5.15433848e-18 1.40808811e-06 3.39725510e-07 3.39725510e-07 3.56292512e-03 3.56292512e-03 5.92287611e-03 2.41048738e-02 7.22628435e-17 1.90303340e-02 3.23774873e-03 1.42303811e-02 1.28191862e-02 1.13444285e-02 9.69934779e-03
1.21471471e-01 -2.06697975e+01 -2.06697975e+01 -2.50725136e-02 -6.80089409e-03 -6.80089253e-03 7.13254574e+01 7.13254574e+01 1.00575493e+02 1.66213353e+02 1.73372523e+02 2.36114825e+02 3.22370105e+02 3.47987596e+02 4.52863055e+02 5.65096779e+02 6.81252368e+02 5.29847720e-16 1.84055529e-15 3.94878742e-05 2.68373118e-14 4.18237450e-16 1.55999523e-28 3.59881024e-16 9.99545890e-01 9.88709484e-01 5.28308439e-15 9.82833279e-01 5.14282165e-01 8.93122648e-01 9.98039214e-01 9.99668054e-01 9.99913802e-01 9.54505963e-18 5.80115212e-17 1.40808811e-06 3.39725510e-07 3.39725510e-07 3.56292512e-03 3.56292512e-03 5.93390184e-03 2.41049007e-02 1.17265338e-16 1.89954502e-02 3.23360891e-03 1.42091751e-02 1.28016531e-02 1.13301975e-02 9.68778913e-03
1.21621622e-01 -2.06697975e+01 -2.06697975e+01 -2.50725142e-02 -6.80090058e-03 -6.80088704e-03 7.13254574e+01 7.13254574e+01 1.00564545e+02 1.66106599e+02 1.73372523e+02 2.36071453e+02 3.22374154e+02 3.47956738e+02 4.52849614e+02 5.65088697e+02 6.81247542e+02 4.57942707e-16 4.32815148e-16 3.95366849e-05 1.02792709e-13 1.54403139e-16 3.80086937e-16 4.24794713e-22 9.99544220e-01 9.88719885e-01 4.21780835e-15 9.82910791e-01 5.14070901e-01 8.93142752e-01 9.98044092e-01 9.99668857e-01 9.99914004e-01 5.91295474e-18 1.27116943e-17 1.40808811e-06 3.39725510e-07 3.39725510e-07 3.56292512e-03 3.56292512e-03 5.94494089e-03 2.41047998e-02 9.14048522e-17 1.89606498e-02 3.22947640e-03 1.41880256e-02 1.27841674e-02 1.13160016e-02 9.67625724e-03
1.21771772e-01 -2.06697975e+01 -2.06697975e+01 -2.50725139e-02 -6.80089400e-03 -6.80088959e-03 7.13254574e+01 7.13254574e+01 1.00553569e+02 1.65999904e+02 1.73372523e+02 2.36028281e+02 3.22378194e+02 3.47925991e+02 4.52836227e+02 5.65080645e+02 6.81242734e+02 6.05878155e-16 4.74698461e-16 3.95854956e-05 1.57565404e-16 2.69134085e-14 4.18198564e-16 1.55807701e-28 9.99542544e-01 9.88730378e-01 3.63253201e-15 9.82987842e-01 5.13859716e-01 8.93163188e-01 9.98048953e-01 9.99669657e-01 9.99914206e-01 8.49569224e-18 2.98761040e-18 1.40808811e-06 3.39725510e-07 3.39725510e-07 3.56292512e-03 3.56292512e-03 5.95599327e-03 2.41045719e-02 7.38235766e-17 1.89259330e-02 3.22535117e-03 1.41669324e-02 1.27667288e-02 1.13018408e-02 9.66475204e-03
1.21921922e-01 -2.06697975e+01 -2.06697975e+01 -2.50725147e-02 -6.80089015e-03 -6.80088714e-03 7.13254574e+01 7.13254574e+01 1.00542565e+02 1.65893268e+02 1.73372523e+02 2.35985309e+02 3.22382227e+02 3.47895356e+02 4.52822891e+02 5.65072623e+02 6.81237943e+02 1.75877879e-15 1.59103388e-15 3.96343063e-05 1.90006729e-16 2.69071570e-14 1.55712228e-28 2.50883886e-16 9.99540864e-01 9.88740963e-01 6.06124107e-15 9.83064433e-01 5.13648611e-01 8.93183954e-01 9.98053796e-01 9.99670455e-01 9.99914406e-01 6.22791389e-17 3.63713875e-17 1.40808811e-06 3.39725510e-07 3.39725510e-07 3.56292512e-03 3.56292512e-03 5.96705897e-03 2.41042175e-02 1.38347097e-16 1.88912997e-02 3.22123322e-03 1.41458954e-02 1.27493372e-02 1.12877148e-02 9.65327344e-03
1.22072072e-01 -2.06697975e+01 -2.06697975e+01 -2.50725136e-02 -6.80091334e-03 -6.80090088e-03 7.13254574e+01 7.13254574e+01 1.00531532e+02 1.65786693e+02 1.73372523e+02 2.35942535e+02 3.22386251e+02 3.47864831e+02 4.52809608e+02 5.65064630e+02 6.81233169e+02 1.03194345e-15 5.30549945e-16 3.96831170e-05 2.69733551e-14 7.11564852e-17 1.55617044e-28 1.61154381e-16 9.99539178e-01 9.88751639e-01 8.19553150e-15 9.83140568e-01 5.13437585e-01 8.93205047e-01 9.98058623e-01 9.99671250e-01 9.99914606e-01 3.21757321e-17 1.49221150e-17 1.40808811e-06 3.39725510e-07 3.39725510e-07 3.56292512e-03 3.56292512e-03 5.97813799e-03 2.41037374e-02 1.90758431e-16 1.88567502e-02 3.21712253e-03 1.41249144e-02 1.27319923e-02 1.12736237e-02 9.64182135e-03
1.22222222e-01 -2.06697975e+01 -2.06697975e+01 -2.50725155e-02 -6.80089630e-03 -6.80088983e-03 7.13254574e+01 7.13254574e+01 1.00520470e+02 1.65680180e+02 1.73372523e+02 2.35899959e+02 3.22390268e+02 3.47834416e+02 4.52796377e+02 5.65056668e+02 6.81228413e+02 9.22589276e-16 2.45424297e-16 3.97319278e-05 1.03294122e-13 3.46530786e-16 1.99096480e-16 1.55847914e-28 9.99537488e-01 9.88762405e-01 2.19012562e-15 9.83216249e-01 5.13226639e-01 8.93226465e-01 9.98063432e-01 9.99672041e-01 9.99914805e-01 3.14554217e-17 2.51656041e-18 1.40808811e-06 3.39725510e-07 3.39725510e-07 3.56292512e-03 3.56292512e-03 5.98923032e-03 2.41031322e-02 3.26869241e-17 1.88222844e-02 3.21301908e-03 1.41039892e-02 1.27146940e-02 1.12595672e-02 9.63039568e-03
1.22372372e-01 -2.06697975e+01 -2.06697975e+01 -2.50725155e-02 -6.80089439e-03 -6.80089428e-03 7.13254574e+01 7.13254574e+01 1.00509380e+02 1.65573729e+02 1.73372523e+02 2.35857580e+02 3.22394276e+02 3.47804111e+02 4.52783197e+02 5.65048734e+02 6.81223673e+02 1.00139743e-16 4.67638462e-16 3.97807385e-05 1.13694025e-27 6.67629121e-28 4.77166191e-45 2.15153770e-27 9.99535792e-01 9.88773261e-01 5.19552016e-15 9.83291481e-01 5.13015773e-01 8.93248206e-01 9.98068223e-01 9.99672830e-01 9.99915004e-01 2.78421117e-18 1.20814702e-17 1.40808811e-06 3.39725510e-07 3.39725510e-07 3.56292512e-03 3.56292512e-03 6.00033596e-03 2.41024025e-02 1.06904688e-16 1.87879025e-02 3.20892285e-03 1.40831197e-02 1.26974421e-02 1.12455452e-02 9.61899634e-03
1.22522523e-01 -2.06697975e+01 -2.06697975e+01 -2.50725139e-02 -6.80090576e-03 -6.80088898e-03 7.13254574e+01 7.13254574e+01 1.00498261e+02 1.65467341e+02 1.73372523e+02 2.35815395e+02 3.22398277e+02 3.47773915e+02 4.52770069e+02 5.65040831e+02 6.81218950e+02 3.20792694e-16 4.60820154e-16 3.98295492e-05 1.03488207e-13 1.72019843e-16 3.01643298e-16 1.55658120e-28 9.99534091e-01 9.88784204e-01 1.76393013e-15 9.83366265e-01 5.12804986e-01 8.93270268e-01 9.98072998e-01 9.99673616e-01 9.99915202e-01 1.77127908e-18 1.37594774e-17 1.40808811e-06 3.39725510e-07 3.39725510e-07 3.56292512e-03 3.56292512e-03 6.01145490e-03 2.41015491e-02 3.83746006e-17 1.87536046e-02 3.20483383e-03 1.40623058e-02 1.26802364e-02 1.12315576e-02 9.60762324e-03
1.22672673e-01 -2.06697975e+01 -2.06697975e+01 -2.50725132e-02 -6.80089628e-03 -6.80088871e-03 7.13254574e+01 7.13254574e+01 1.00487113e+02 1.65361018e+02 1.73372523e+02 2.35773405e+02 3.22402270e+02 3.47743827e+02 4.52756992e+02 5.65032956e+02 6.81214244e+02 6.34813242e-16 2.78301529e-16 3.98783599e-05 2.70953056e-14 1.73157344e-16 1.55239186e-28 2.63454720e-16 9.99532386e-01 9.88795235e-01 5.77617898e-15 9.83440605e-01 5.12594280e-01 8.93292648e-01 9.98077756e-01 9.99674400e-01 9.99915399e-01 1.59679693e-17 7.38423622e-18 1.40808811e-06 3.39725510e-07 3.39725510e-07 3.56292512e-03 3.56292512e-03 6.02258715e-03 2.41005725e-02 1.40858412e-16 1.87193907e-02 3.20075201e-03 1.40415473e-02 1.26630768e-02 1.12176043e-02 9.59627630e-03
1.22822823e-01 -2.06697975e+01 -2.06697975e+01 -2.50725137e-02 -6.80089627e-03 -6.80089286e-03 7.13254574e+01 7.13254574e+01 1.00475936e+02 1.65254760e+02 1.73372523e+02 2.35731609e+02 3.22406254e+02 3.47713847e+02 4.52743965e+02 5.65025110e+02 6.81209555e+02 6.14870925e-16 3.79121176e-16 3.99271706e-05 2.71377665e-14 2.54964812e-16 1.55145434e-28 2.21464556e-16 9.99530675e-01 9.88806352e-01 2.44185738e-15 9.83514503e-01 5.12383653e-01 8.93315345e-01 9.98082497e-01 9.99675181e-01 9.99915595e-01 1.32663015e-17 6.51564654e-18 1.40808811e-06 3.39725510e-07 3.39725510e-07 3.56292512e-03 3.56292512e-03 6.03373269e-03 2.40994734e-02 4.92244045e-17 1.86852608e-02 3.19667735e-03 1.40208439e-02 1.26459630e-02 1.12036851e-02 9.58495543e-03
1.22972973e-01 -2.06697975e+01 -2.06697975e+01 -2.50725141e-02 -6.80090817e-03 -6.80089010e-03 7.13254574e+01 7.13254574e+01 1.00464730e+02 1.65148567e+02 1.73372523e+02 2.35690005e+02 3.22410231e+02 3.47683975e+02 4.52730989e+02 5.65017293e+02 6.81204883e+02 4.99805365e-16 9.08558296e-16 3.99759814e-05 1.03898597e-13 1.31089784e-16 1.55375572e-28 4.57381767e-16 9.99528959e-01 9.88817555e-01 3.54701322e-15 9.83587962e-01 5.12173107e-01 8.93338356e-01 9.98087221e-01 9.99675959e-01 9.99915791e-01 1.39682123e-17 1.91313674e-17 1.40808811e-06 3.39725510e-07 3.39725510e-07 3.56292512e-03 3.56292512e-03 6.04489152e-03 2.40982525e-02 7.24688260e-17 1.86512152e-02 3.19260986e-03 1.40001956e-02 1.26288950e-02 1.11898000e-02 9.57366055e-03
1.23123123e-01 -2.06697975e+01 -2.06697975e+01 -2.50725136e-02 -6.80090123e-03 -6.80089343e-03 7.13254574e+01 7.13254574e+01 1.00453496e+02 1.65042442e+02 1.73372523e+02 2.35648592e+02 3.22414200e+02 3.47654209e+02 4.52718064e+02 5.65009505e+02 6.81200228e+02 5.11991384e-16 4.72170906e-16 4.00247921e-05 1.03976285e-13 2.88008814e-16 1.55281957e-28 1.56307343e-16 9.99527238e-01 9.88828842e-01 3.20518226e-16 9.83660986e-01 5.11962640e-01 8.93361679e-01 9.98091928e-01 9.99676734e-01 9.99915986e-01 1.05771745e-17 1.52475179e-17 1.40808811e-06 3.39725510e-07 3.39725510e-07 3.56292512e-03 3.56292512e-03 6.05606363e-03 2.40969104e-02 7.15327538e-18 1.86172538e-02 3.18854951e-03 1.39796023e-02 1.26118725e-02 1.11759488e-02 9.56239157e-03
1.23273273e-01 -2.06697975e+01 -2.06697975e+01 -2.50725139e-02 -6.80090933e-03 -6.80089123e-03 7.13254574e+01 7.13254574e+01 1.00442232e+02 1.64936384e+02 1.73372523e+02 2.35607370e+02 3.22418161e+02 3.47624551e+02 4.52705188e+02 5.65001746e+02 6.81195589e+02 1.99513565e-16 8.47612764e-16 4.00736028e-05 1.57875854e-16 2.72697355e-14 3.17090548e-16 1.54865871e-28 9.99525512e-01 9.88840213e-01 2.19490189e-15 9.83733577e-01 5.11752254e-01 8.93385312e-01 9.98096619e-01 9.99677506e-01 9.99916181e-01 8.63434407e-19 1.48333968e-17 1.40808811e-06 3.39725510e-07 3.39725510e-07 3.56292512e-03 3.56292512e-03 6.06724902e-03 2.40954477e-02 4.54297069e-17 1.85833766e-02 3.18449629e-03 1.39590636e-02 1.25948954e-02 1.11621314e-02 9.55114839e-03
1.23423423e-01 -2.06697975e+01 -2.06697975e+01 -2.50725131e-02 -6.80090968e-03 -6.80089537e-03 7.13254574e+01 7.13254574e+01 1.00430939e+02 1.64830396e+02 1.73372523e+02 2.35566337e+02 3.22422115e+02 3.47594998e+02 4.52692362e+02 5.64994015e+02 6.81190966e+02 7.46216080e-16 2.82976902e-16 4.01224135e-05 1.93697312e-16 1.04277857e-13 3.23746848e-16 1.55095569e-28 9.99523781e-01 9.88851667e-01 3.60726013e-15 9.83805737e-01 5.11541947e-01 8.93409254e-01 9.98101293e-01 9.99678276e-01 9.99916375e-01 2.23983343e-18 1.29227681e-18 1.40808811e-06 3.39725510e-07 3.39725510e-07 3.56292512e-03 3.56292512e-03 6.07844769e-03 2.40938651e-02 7.79074967e-17 1.85495838e-02 3.18045017e-03 1.39385795e-02 1.25779635e-02 1.11483477e-02 9.53993095e-03
1.23573574e-01 -2.06697975e+01 -2.06697975e+01 -2.50725143e-02 -6.80089703e-03 -6.80089219e-03 7.13254574e+01 7.13254574e+01 1.00419616e+02 1.64724476e+02 1.73372523e+02 2.35525493e+02 3.22426060e+02 3.47565551e+02 4.52679586e+02 5.64986312e+02 6.81186360e+02 3.82248285e-16 5.68314383e-16 4.01712242e-05 2.73047608e-14 1.68728131e-16 1.17198474e-16 1.47549674e-28 9.99522045e-01 9.88863202e-01 4.26535646e-15 9.83877470e-01 5.11331721e-01 8.93433501e-01 9.98105951e-01 9.99679043e-01 9.99916568e-01 1.43635899e-18 1.42130895e-17 1.40808811e-06 3.39725510e-07 3.39725510e-07 3.56292512e-03 3.56292512e-03 6.08965962e-03 2.40921632e-02 9.57936617e-17 1.85158753e-02 3.17641115e-03 1.39181499e-02 1.25610766e-02 1.11345975e-02 9.52873915e-03
1.23723724e-01 -2.06697975e+01 -2.06697975e+01 -2.50725141e-02 -6.80089439e-03 -6.80089428e-03 7.13254574e+01 7.13254574e+01 1.00408265e+02 1.64618627e+02 1.73372523e+02 2.35484836e+02 3.22429998e+02 3.47536208e+02 4.52666859e+02 5.64978637e+02 6.81181770e+02 1.09240198e-16 5.25235303e-16 4.02200350e-05 1.12373439e-27 6.59874429e-28 4.73378850e-45 2.12654701e-27 9.99520304e-01 9.88874818e-01 2.03157088e-15 9.83948779e-01 5.11121576e-01 8.93458052e-01 9.98110592e-01 9.99679807e-01 9.99916760e-01 3.09546410e-18 9.53210577e-18 1.40808811e-06 3.39725510e-07 3.39725510e-07 3.56292512e-03 3.56292512e-03 6.10088481e-03 2.40903427e-02 4.61380980e-17 1.84822512e-02 3.17237921e-03 1.38977745e-02 1.25442346e-02 1.11208808e-02 9.51757290e-03
1.23873874e-01 -2.06697975e+01 -2.06697975e+01 -2.50725140e-02 -6.80090317e-03 -6.80088335e-03 7.13254574e+01 7.13254574e+01 1.00396884e+02 1.64512849e+02 1.73372523e+02 2.35444366e+02 3.22433928e+02 3.47506970e+02 4.52654181e+02 5.64970991e+02 6.81177197e+02 1.78388271e-16 4.42260989e-16 4.02688457e-05 1.04727842e-13 1.21869633e-16 9.79813382e-23 4.95100531e-16 9.99518558e-01 9.88886515e-01 8.89139848e-15 9.84019666e-01 5.10911510e-01 8.93482905e-01 9.98115216e-01 9.99680569e-01 9.99916952e-01 2.46771413e-18 6.53988435e-18 1.40808811e-06 3.39725510e-07 3.39725510e-07 3.56292512e-03 3.56292512e-03 6.11212325e-03 2.40884042e-02 1.93292131e-16 1.84487116e-02 3.16835433e-03 1.38774532e-02 1.25274373e-02 1.11071974e-02 9.50643213e-03
1.24024024e-01 -2.06697975e+01 -2.06697975e+01 -2.50725144e-02 -6.80089751e-03 -6.80089233e-03 7.13254574e+01 7.13254574e+01 1.00385474e+02 1.64407144e+02 1.73372523e+02 2.35404081e+02 3.22437851e+02 3.47477837e+02 4.52641552e+02 5.64963372e+02 6.81172640e+02 7.25944415e-16 6.84834805e-16 4.03176564e-05 1.04737409e-13 4.68659557e-16 1.40572126e-28 4.90760660e-16 9.99516806e-01 9.88898290e-01 6.62872853e-15 9.84090133e-01 5.10701526e-01 8.93508058e-01 9.98119825e-01 9.99681328e-01 9.99917143e-01 2.88717460e-18 2.15149596e-17 1.40808811e-06 3.39725510e-07 3.39725510e-07 3.56292512e-03 3.56292512e-03 6.12337493e-03 2.40863483e-02 1.47891103e-16 1.84152564e-02 3.16433649e-03 1.38571858e-02 1.25106845e-02 1.10935472e-02 9.49531675e-03
1.24174174e-01 -2.06697975e+01 -2.06697975e+01 -2.50725143e-02 -6.80089676e-03 -6.80088839e-03 7.13254574e+01 7.13254574e+01 1.00374034e+02 1.64301511e+02 1.73372523e+02 2.35363981e+02 3.22441765e+02 3.47448806e+02 4.52628971e+02 5.64955782e+02 6.81168098e+02 5.74480745e-16 7.25132766e-16 4.03664671e-05 1.49690037e-16 2.74187787e-14 1.40155124e-28 2.84936239e-16 9.99515050e-01 9.88910144e-01 6.16552394e-15 9.84160185e-01 5.10491621e-01 8.93533508e-01 9.98124417e-01 9.99682085e-01 9.99917334e-01 1.59213351e-17 2.19564382e-17 1.40808811e-06 3.39725510e-07 3.39725510e-07 3.56292512e-03 3.56292512e-03 6.13463985e-03 2.40841757e-02 1.34723945e-16 1.83818858e-02 3.16032569e-03 1.38369722e-02 1.24939760e-02 1.10799301e-02 9.48422667e-03
1.24324324e-01 -2.06697975e+01 -2.06697975e+01 -2.50725146e-02 -6.80091133e-03 -6.80088992e-03 7.13254574e+01 7.13254574e+01 1.00362564e+02 1.64195952e+02 1.73372523e+02 2.35324064e+02 3.22445672e+02 3.47419879e+02 4.52616438e+02 5.64948219e+02 6.81163573e+02 2.78786937e-16 3.56794494e-16 4.04152778e-05 1.35293510e-16 1.05020137e-13 1.40389362e-28 1.89686809e-16 9.99513288e-01 9.88922075e-01 2.75372011e-15 9.84229822e-01 5.10281798e-01 8.93559254e-01 9.98128993e-01 9.99682838e-01 9.99917524e-01 8.20600613e-18 3.23842111e-18 1.40808811e-06 3.39725510e-07 3.39725510e-07 3.56292512e-03 3.56292512e-03 6.14591800e-03 2.40818869e-02 5.86736758e-17 1.83485996e-02 3.15632190e-03 1.38168123e-02 1.24773118e-02 1.10663460e-02 9.47316181e-03
1.24474474e-01 -2.06697975e+01 -2.06697975e+01 -2.50725140e-02 -6.80089863e-03 -6.80089408e-03 7.13254574e+01 7.13254574e+01 1.00351065e+02 1.64090467e+02 1.73372523e+02 2.35284330e+02 3.22449571e+02 3.47391054e+02 4.52603954e+02 5.64940683e+02 6.81159064e+02 5.88409548e-16 6.79695199e-16 4.04640886e-05 1.05165600e-13 5.28337991e-16 1.40298386e-28 1.23568049e-16 9.99511521e-01 9.88934082e-01 5.57669831e-15 9.84299049e-01 5.10072055e-01 8.93585294e-01 9.98133552e-01 9.99683590e-01 9.99917713e-01 1.82568027e-17 1.34751421e-17 1.40808811e-06 3.39725510e-07 3.39725510e-07 3.56292512e-03 3.56292512e-03 6.15720937e-03 2.40794827e-02 1.17967637e-16 1.83153979e-02 3.15232511e-03 1.37967058e-02 1.24606915e-02 1.10527947e-02 9.46212210e-03
1.24624625e-01 -2.06697975e+01 -2.06697975e+01 -2.50725141e-02 -6.80090403e-03 -6.80088085e-03 7.13254574e+01 7.13254574e+01 1.00339536e+02 1.63985058e+02 1.73372523e+02 2.35244778e+02 3.22453463e+02 3.47362332e+02 4.52591517e+02 5.64933175e+02 6.81154571e+02 4.11581459e-16 3.95663817e-16 4.05128993e-05 2.75135475e-14 1.37223120e-16 1.39883466e-28 1.34960818e-16 9.99509749e-01 9.88946166e-01 2.28286093e-15 9.84367868e-01 5.09862392e-01 8.93611626e-01 9.98138096e-01 9.99684338e-01 9.99917902e-01 1.04658166e-17 7.84794461e-18 1.40808811e-06 3.39725510e-07 3.39725510e-07 3.56292512e-03 3.56292512e-03 6.16851395e-03 2.40769636e-02 5.26797350e-17 1.82822808e-02 3.14833530e-03 1.37766526e-02 1.24441152e-02 1.10392762e-02 9.45110744e-03
1.24774775e-01 -2.06697975e+01 -2.06697975e+01 -2.50725137e-02 -6.80090680e-03 -6.80089871e-03 7.13254574e+01 7.13254574e+01 1.00327978e+02 1.63879725e+02 1.73372523e+02 2.35205406e+02 3.22457347e+02 3.47333711e+02 4.52579128e+02 5.64925694e+02 6.81150093e+02 7.26586009e-16 4.12263760e-16 4.05617100e-05 3.93238052e-16 1.05417197e-13 1.40117241e-28 3.36988855e-16 9.99507972e-01 9.88958324e-01 5.39228178e-15 9.84436281e-01 5.09652811e-01 8.93638247e-01 9.98142624e-01 9.99685084e-01 9.99918090e-01 7.34139478e-18 9.82849659e-18 1.40808811e-06 3.39725510e-07 3.39725510e-07 3.56292512e-03 3.56292512e-03 6.17983173e-03 2.40743303e-02 1.14824778e-16 1.82492482e-02 3.14435246e-03 1.37566525e-02 1.24275825e-02 1.10257903e-02 9.44011775e-03
1.24924925e-01 -2.06697975e+01 -2.06697975e+01 -2.50725152e-02 -6.80089578e-03 -6.80088851e-03 7.13254574e+01 7.13254574e+01 1.00316389e+02 1.63774469e+02 1.73372523e+02 2.35166215e+02 3.22461223e+02 3.47305191e+02 4.52566786e+02 5.64918240e+02 6.81145632e+02 8.26120453e-16 5.39277654e-16 4.06105207e-05 1.05620322e-13 3.27632129e-16 1.98704849e-16 1.40027070e-28 9.99506189e-01 9.88970556e-01 5.17980344e-16 9.84504291e-01 5.09443310e-01 8.93665156e-01 9.98147136e-01 9.99685827e-01 9.99918277e-01 2.75254989e-17 1.08316770e-17 1.40808811e-06 3.39725510e-07 3.39725510e-07 3.56292512e-03 3.56292512e-03 6.19116270e-03 2.40715834e-02 1.28948994e-17 1.82163001e-02 3.14037657e-03 1.37367055e-02 1.24110933e-02 1.10123369e-02 9.42915296e-03
1.25075075e-01 -2.06697975e+01 -2.06697975e+01 -2.50725140e-02 -6.80088977e-03 -6.80088906e-03 7.13254574e+01 7.13254574e+01 1.00304771e+02 1.63669291e+02 1.73372523e+02 2.35127202e+02 3.22465092e+02 3.47276772e+02 4.52554491e+02 5.64910813e+02 6.81141185e+02 1.25292962e-15 7.24877225e-16 4.06593314e-05 6.66053491e-14 2.06156768e-15 1.39775672e-28 2.15751564e-16 9.99504402e-01 9.88982861e-01 2.44834141e-15 9.84571901e-01 5.09233890e-01 8.93692350e-01 9.98151632e-01 9.99686568e-01 9.99918464e-01 3.79019988e-17 1.66282199e-17 1.40808811e-06 3.39725510e-07 3.39725510e-07 3.56292512e-03 3.56292512e-03 6.20250686e-03 2.40687236e-02 4.45216023e-17 1.81834366e-02 3.13640761e-03 1.37168112e-02 1.23946476e-02 1.09989159e-02 9.41821298e-03
1.25225225e-01 -2.06697975e+01 -2.06697975e+01 -2.50725143e-02 -6.80089564e-03 -6.80087801e-03 7.13254574e+01 7.13254574e+01 1.00293122e+02 1.63564192e+02 1.73372523e+02 2.35088367e+02 3.22468953e+02 3.47248453e+02 4.52542243e+02 5.64903413e+02 6.81136755e+02 5.95627286e-16 1.16527332e-15 4.07081422e-05 1.05734680e-13 1.72223408e-16 1.39847524e-28 1.08210253e-16 9.99502609e-01 9.88995238e-01 2.77167481e-15 9.84639113e-01 5.09024551e-01 8.93719829e-01 9.98156112e-01 9.99687306e-01 9.99918650e-01 1.46943788e-17 3.79218848e-17 1.40808811e-06 3.39725510e-07 3.39725510e-07 3.56292512e-03 3.56292512e-03 6.21386419e-03 2.40657513e-02 5.76692558e-17 1.81506576e-02 3.13244558e-03 1.36969697e-02 1.23782450e-02 1.09855272e-02 9.40729773e-03
1.25375375e-01 -2.06697975e+01 -2.06697975e+01 -2.50725148e-02 -6.80090002e-03 -6.80089659e-03 7.13254574e+01 7.13254574e+01 1.00281444e+02 1.63459172e+02 1.73372523e+02 2.35049709e+02 3.22472806e+02 3.47220234e+02 4.52530041e+02 5.64896040e+02 6.81132340e+02 9.79591903e-16 1.04988391e-15 4.07569529e-05 1.05908696e-13 6.79948606e-16 1.39758148e-28 9.93143370e-17 9.99500811e-01 9.89007687e-01 3.76945561e-16 9.84705931e-01 5.08815294e-01 8.93747589e-01 9.98160577e-01 9.99688042e-01 9.99918836e-01 4.00431512e-18 2.10393838e-17 1.40808811e-06 3.39725510e-07 3.39725510e-07 3.56292512e-03 3.56292512e-03 6.22523469e-03 2.40626673e-02 2.82741871e-18 1.81179630e-02 3.12849045e-03 1.36771806e-02 1.23618855e-02 1.09721707e-02 9.39640713e-03
1.25525526e-01 -2.06697975e+01 -2.06697975e+01 -2.50725142e-02 -6.80090378e-03 -6.80089270e-03 7.13254574e+01 7.13254574e+01 1.00269735e+02 1.63354232e+02 1.73372523e+02 2.35011227e+02 3.22476652e+02 3.47192114e+02 4.52517886e+02 5.64888693e+02 6.81127941e+02 7.30584671e-16 6.64237205e-16 4.08057636e-05 6.26120438e-17 2.77512311e-14 1.39347333e-28 2.79774726e-16 9.99499008e-01 9.89020206e-01 2.00402221e-15 9.84772356e-01 5.08606117e-01 8.93775629e-01 9.98165026e-01 9.99688775e-01 9.99919021e-01 1.51977909e-17 1.80885108e-17 1.40808811e-06 3.39725510e-07 3.39725510e-07 3.56292512e-03 3.56292512e-03 6.23661834e-03 2.40594721e-02 5.47903002e-17 1.80853530e-02 3.12454220e-03 1.36574439e-02 1.23455689e-02 1.09588463e-02 9.38554109e-03
1.25675676e-01 -2.06697975e+01 -2.06697975e+01 -2.50725138e-02 -6.80089439e-03 -6.80089428e-03 7.13254574e+01 7.13254574e+01 1.00257997e+02 1.63249373e+02 1.73372523e+02 2.34972921e+02 3.22480491e+02 3.47164093e+02 4.52505777e+02 5.64881373e+02 6.81123556e+02 9.22883001e-16 6.95701351e-16 4.08545743e-05 1.10517610e-27 6.48976714e-28 4.67986819e-45 2.09142745e-27 9.99497199e-01 9.89032795e-01 5.57667982e-15 9.84838391e-01 5.08397021e-01 8.93803948e-01 9.98169459e-01 9.99689506e-01 9.99919205e-01 2.26108021e-17 4.56249465e-18 1.40808811e-06 3.39725510e-07 3.39725510e-07 3.56292512e-03 3.56292512e-03 6.24801513e-03 2.40561665e-02 1.05333478e-16 1.80528275e-02 3.12060083e-03 1.36377594e-02 1.23292950e-02 1.09455537e-02 9.37469955e-03
1.25825826e-01 -2.06697975e+01 -2.06697975e+01 -2.50725139e-02 -6.80089418e-03 -6.80088264e-03 7.13254574e+01 7.13254574e+01 1.00246228e+02 1.63144596e+02 1.73372523e+02 2.34934788e+02 3.22484322e+02 3.47136170e+02 4.52493714e+02 5.64874079e+02 6.81119188e+02 9.00735772e-16 5.54165542e-16 4.09033850e-05 2.78185059e-14 4.99243141e-17 9.14774413e-23 1.31503135e-16 9.99495386e-01 9.89045453e-01 3.19801953e-15 9.84904038e-01 5.08188007e-01 8.93832542e-01 9.98173877e-01 9.99690234e-01 9.99919389e-01 1.51859166e-17 7.48615176e-18 1.40808811e-06 3.39725510e-07 3.39725510e-07 3.56292512e-03 3.56292512e-03 6.25942505e-03 2.40527509e-02 6.39131801e-17 1.80203864e-02 3.11666632e-03 1.36181270e-02 1.23130636e-02 1.09322931e-02 9.36388241e-03
1.25975976e-01 -2.06697975e+01 -2.06697975e+01 -2.50725140e-02 -6.80089440e-03 -6.80088134e-03 7.13254574e+01 7.13254574e+01 1.00234428e+02 1.63039902e+02 1.73372523e+02 2.34896829e+02 3.22488145e+02 3.47108345e+02 4.52481696e+02 5.64866812e+02 6.81114834e+02 6.32337390e-16 8.56126310e-16 4.09521958e-05 8.56894329e-17 2.78066455e-14 2.20387204e-16 1.41536358e-28 9.99493567e-01 9.89058179e-01 8.01876624e-16 9.84969302e-01 5.07979074e-01 8.93861410e-01 9.98178280e-01 9.99690959e-01 9.99919572e-01 5.45333068e-18 1.03115049e-17 1.40808811e-06 3.39725510e-07 3.39725510e-07 3.56292512e-03 3.56292512e-03 6.27084808e-03 2.40492260e-02 1.89518975e-18 1.79880297e-02 3.11273865e-03 1.35985464e-02 1.22968747e-02 1.09190641e-02 9.35308960e-03
1.26126126e-01 -2.06697975e+01 -2.06697975e+01 -2.50725142e-02 -6.80088800e-03 -6.80088319e-03 7.13254574e+01 7.13254574e+01 1.00222598e+02 1.62935291e+02 1.73372523e+02 2.34859043e+02 3.22491961e+02 3.47080618e+02 4.52469724e+02 5.64859570e+02 6.81110496e+02 1.13240532e-15 6.90887207e-16 4.10010065e-05 2.78437746e-14 1.64441602e-16 1.41449895e-28 2.82907371e-16 9.99491743e-01 9.89070972e-01 3.43791082e-15 9.85034182e-01 5.07770222e-01 8.93890551e-01 9.98182667e-01 9.99691682e-01 9.99919754e-01 1.86653536e-17 2.19868372e-17 1.40808811e-06 3.39725510e-07 3.39725510e-07 3.56292512e-03 3.56292512e-03 6.28228423e-03 2.40455923e-02 7.09145708e-17 1.79557574e-02 3.10881781e-03 1.35790176e-02 1.22807280e-02 1.09058668e-02 9.34232104e-03
1.26276276e-01 -2.06697975e+01 -2.06697975e+01 -2.50725142e-02 -6.80089773e-03 -6.80089603e-03 7.13254574e+01 7.13254574e+01 1.00210738e+02 1.62830763e+02 1.73372523e+02 2.34821428e+02 3.22495769e+02 3.47052988e+02 4.52457797e+02 5.64852355e+02 6.81106172e+02 6.19650511e-16 6.92624385e-16 4.10498172e-05 2.78697762e-14 4.14390761e-16 9.92818993e-17 1.41363685e-28 9.99489913e-01 9.89083832e-01 6.90023862e-16 9.85098684e-01 5.07561452e-01 8.93919962e-01 9.98187039e-01 9.99692403e-01 9.99919936e-01 5.07664394e-18 2.03447748e-18 1.40808811e-06 3.39725510e-07 3.39725510e-07 3.56292512e-03 3.56292512e-03 6.29373347e-03 2.40418506e-02 2.07004050e-17 1.79235695e-02 3.10490378e-03 1.35595403e-02 1.22646235e-02 1.08927009e-02 9.33157665e-03
1.26426426e-01 -2.06697975e+01 -2.06697975e+01 -2.50725142e-02 -6.80089549e-03 -6.80088644e-03 7.13254574e+01 7.13254574e+01 1.00198847e+02 1.62726321e+02 1.73372523e+02 2.34783983e+02 3.22499571e+02 3.47025454e+02 4.52445915e+02 5.64845165e+02 6.81101864e+02 1.07425675e-15 1.26882144e-15 4.10986279e-05 9.95012560e-17 2.79367724e-14 1.94890904e-16 1.41277727e-28 9.99488079e-01 9.89096757e-01 4.25942655e-15 9.85162808e-01 5.07352763e-01 8.93949642e-01 9.98191395e-01 9.99693121e-01 9.99920117e-01 2.13619749e-17 5.56672428e-19 1.40808811e-06 3.39725510e-07 3.39725510e-07 3.56292512e-03 3.56292512e-03 6.30519580e-03 2.40380014e-02 8.24639906e-17 1.78914658e-02 3.10099655e-03 1.35401144e-02 1.22485608e-02 1.08795665e-02 9.32085636e-03
1.26576577e-01 -2.06697975e+01 -2.06697975e+01 -2.50725137e-02 -6.80089054e-03 -6.80088435e-03 7.13254574e+01 7.13254574e+01 1.00186926e+02 1.62621964e+02 1.73372523e+02 2.34746708e+02 3.22503364e+02 3.46998016e+02 4.52434078e+02 5.64838001e+02 6.81097571e+02 6.98128983e-16 1.31594161e-15 4.11474386e-05 1.06890215e-13 4.17994346e-16 1.44168514e-28 2.67920038e-16 9.99486239e-01 9.89109747e-01 4.81408716e-15 9.85226557e-01 5.07144155e-01 8.93979588e-01 9.98195737e-01 9.99693837e-01 9.99920298e-01 2.02980198e-17 4.14035390e-17 1.40808811e-06 3.39725510e-07 3.39725510e-07 3.56292512e-03 3.56292512e-03 6.31667119e-03 2.40340452e-02 1.10547652e-16 1.78594465e-02 3.09709610e-03 1.35207398e-02 1.22325400e-02 1.08664634e-02 9.31016008e-03
1.26726727e-01 -2.06697975e+01 -2.06697975e+01 -2.50725150e-02 -6.80090844e-03 -6.80090216e-03 7.13254574e+01 7.13254574e+01 1.00174974e+02 1.62517693e+02 1.73372523e+02 2.34709602e+02 3.22507150e+02 3.46970674e+02 4.52422285e+02 5.64830863e+02 6.81093292e+02 6.19749427e-16 3.28944729e-16 4.11962494e-05 1.05534573e-16 2.79772243e-14 9.96881392e-23 7.19659911e-17 9.99484394e-01 9.89122801e-01 4.20575378e-15 9.85289934e-01 5.06935629e-01 8.94009799e-01 9.98200063e-01 9.99694550e-01 9.99920478e-01 2.22420981e-17 2.66809971e-18 1.40808811e-06 3.39725510e-07 3.39725510e-07 3.56292512e-03 3.56292512e-03 6.32815964e-03 2.40299828e-02 1.03759258e-16 1.78275113e-02 3.09320241e-03 1.35014163e-02 1.22165608e-02 1.08533914e-02 9.29948773e-03
1.26876877e-01 -2.06697975e+01 -2.06697975e+01 -2.50725141e-02 -6.80090098e-03 -6.80089581e-03 7.13254574e+01 7.13254574e+01 1.00162991e+02 1.62413510e+02 1.73372523e+02 2.34672664e+02 3.22510929e+02 3.46943427e+02 4.52410537e+02 5.64823750e+02 6.81089029e+02 6.88070772e-16 5.58854756e-16 4.12450601e-05 2.80064191e-14 1.30802182e-16 2.97290940e-16 1.43686491e-28 9.99482543e-01 9.89135919e-01 3.19967984e-15 9.85352941e-01 5.06727185e-01 8.94040274e-01 9.98204374e-01 9.99695261e-01 9.99920657e-01 1.59604905e-17 7.06078846e-18 1.40808811e-06 3.39725510e-07 3.39725510e-07 3.56292512e-03 3.56292512e-03 6.33966113e-03 2.40258146e-02 6.15110182e-17 1.77956603e-02 3.08931548e-03 1.34821437e-02 1.22006230e-02 1.08403505e-02 9.28883924e-03
1.27027027e-01 -2.06697975e+01 -2.06697975e+01 -2.50725142e-02 -6.80090435e-03 -6.80089228e-03 7.13254574e+01 7.13254574e+01 1.00150977e+02 1.62309414e+02 1.73372523e+02 2.34635893e+02 3.22514701e+02 3.46916276e+02 4.52398833e+02 5.64816663e+02 6.81084780e+02 7.92155232e-16 2.47704292e-16 4.12938708e-05 1.07275729e-13 2.10722163e-16 1.45018879e-28 1.59712247e-16 9.99480687e-01 9.89149099e-01 8.39394987e-16 9.85415581e-01 5.06518823e-01 8.94071009e-01 9.98208671e-01 9.99695969e-01 9.99920836e-01 2.49086176e-17 2.97260510e-18 1.40808811e-06 3.39725510e-07 3.39725510e-07 3.56292512e-03 3.56292512e-03 6.35117565e-03 2.40215413e-02 1.85363145e-17 1.77638934e-02 3.08543528e-03 1.34629219e-02 1.21847266e-02 1.08273406e-02 9.27821454e-03
1.27177177e-01 -2.06697975e+01 -2.06697975e+01 -2.50725144e-02 -6.80089711e-03 -6.80089593e-03 7.13254574e+01 7.13254574e+01 1.00138933e+02 1.62205407e+02 1.73372523e+02 2.34599288e+02 3.22518465e+02 3.46889218e+02 4.52387172e+02 5.64809601e+02 6.81080546e+02 5.84032046e-16 5.43126927e-16 4.13426815e-05 1.07417711e-13 1.95374687e-15 1.02710107e-22 1.74097640e-16 9.99478826e-01 9.89162341e-01 2.42798724e-16 9.85477856e-01 5.06310542e-01 8.94102004e-01 9.98212952e-01 9.99696675e-01 9.99921015e-01 1.69058750e-17 1.45270512e-17 1.40808811e-06 3.39725510e-07 3.39725510e-07 3.56292512e-03 3.56292512e-03 6.36270318e-03 2.40171634e-02 1.02857809e-18 1.77322106e-02 3.08156180e-03 1.34437508e-02 1.21688714e-02 1.08143615e-02 9.26761353e-03
1.27327327e-01 -2.06697975e+01 -2.06697975e+01 -2.50725144e-02 -6.80089303e-03 -6.80088808e-03 7.13254574e+01 7.13254574e+01 1.00126857e+02 1.62101488e+02 1.73372523e+02 2.34562849e+02 3.22522222e+02 3.46862254e+02 4.52375555e+02 5.64802563e+02 6.81076326e+02 8.60199429e-16 1.49428552e-15 4.13914922e-05 1.07459042e-13 5.01538115e-16 1.59248528e-16 1.02814042e-22 9.99476960e-01 9.89175643e-01 1.75615548e-15 9.85539768e-01 5.06102343e-01 8.94133256e-01 9.98217219e-01 9.99697378e-01 9.99921192e-01 2.07139147e-17 1.76865772e-17 1.40808811e-06 3.39725510e-07 3.39725510e-07 3.56292512e-03 3.56292512e-03 6.37424371e-03 2.40126816e-02 4.21601998e-17 1.77006118e-02 3.07769503e-03 1.34246301e-02 1.21530571e-02 1.08014132e-02 9.25703616e-03
1.27477477e-01 -2.06697975e+01 -2.06697975e+01 -2.50725141e-02 -6.80089586e-03 -6.80088163e-03 7.13254574e+01 7.13254574e+01 1.00114751e+02 1.61997660e+02 1.73372523e+02 2.34526574e+02 3.22525971e+02 3.46835384e+02 4.52363982e+02 5.64795551e+02 6.81072121e+02 9.82562870e-16 2.56835267e-16 4.14403030e-05 1.07699778e-13 2.20858455e-16 1.46162476e-28 2.18768206e-16 9.99475088e-01 9.89189006e-01 7.40551814e-16 9.85601321e-01 5.05894226e-01 8.94164764e-01 9.98221471e-01 9.99698079e-01 9.99921369e-01 3.44077538e-17 2.55181539e-18 1.40808811e-06 3.39725510e-07 3.39725510e-07 3.56292512e-03 3.56292512e-03 6.38579723e-03 2.40080964e-02 1.77319075e-17 1.76690969e-02 3.07383494e-03 1.34055597e-02 1.21372838e-02 1.07884955e-02 9.24648233e-03
1.27627628e-01 -2.06697975e+01 -2.06697975e+01 -2.50725129e-02 -6.80088934e-03 -6.80088037e-03 7.13254574e+01 7.13254574e+01 1.00102613e+02 1.61893922e+02 1.73372523e+02 2.34490462e+02 3.22529714e+02 3.46808607e+02 4.52352452e+02 5.64788564e+02 6.81067931e+02 6.00887349e-16 1.27317742e-15 4.14891137e-05 2.71519298e-16 1.07784131e-13 1.46079757e-28 1.64714099e-16 9.99473211e-01 9.89202428e-01 6.98362280e-15 9.85662515e-01 5.05686191e-01 8.94196526e-01 9.98225708e-01 9.99698778e-01 9.99921546e-01 1.65828756e-17 3.56805396e-17 1.40808811e-06 3.39725510e-07 3.39725510e-07 3.56292512e-03 3.56292512e-03 6.39736372e-03 2.40034084e-02 1.58590501e-16 1.76376658e-02 3.06998154e-03 1.33865395e-02 1.21215511e-02 1.07756084e-02 9.23595199e-03
1.27777778e-01 -2.06697975e+01 -2.06697975e+01 -2.50725143e-02 -6.80091131e-03 -6.80090032e-03 7.13254574e+01 7.13254574e+01 1.00090444e+02 1.61790276e+02 1.73372523e+02 2.34454513e+02 3.22533449e+02 3.46781923e+02 4.52340964e+02 5.64781602e+02 6.81063755e+02 7.83514509e-16 3.88879933e-16 4.15379244e-05 1.35582092e-16 2.81998448e-14 1.45687077e-28 2.57258244e-16 9.99471329e-01 9.89215909e-01 1.32633467e-15 9.85723355e-01 5.05478237e-01 8.94228540e-01 9.98229931e-01 9.99699474e-01 9.99921722e-01 1.99741596e-18 1.07588499e-17 1.40808811e-06 3.39725510e-07 3.39725510e-07 3.56292512e-03 3.56292512e-03 6.40894316e-03 2.39986182e-02 2.94191683e-17 1.76063186e-02 3.06613479e-03 1.33675694e-02 1.21058590e-02 1.07627517e-02 9.22544504e-03
1.27927928e-01 -2.06697975e+01 -2.06697975e+01 -2.50725134e-02 -6.80089792e-03 -6.80089576e-03 7.13254574e+01 7.13254574e+01 1.00078244e+02 1.61686721e+02 1.73372523e+02 2.34418726e+02 3.22537176e+02 3.46755330e+02 4.52329520e+02 5.64774664e+02 6.81059593e+02 9.59612334e-16 9.93976071e-16 4.15867351e-05 2.82400402e-14 3.37737908e-16 7.02932180e-17 1.45605232e-28 9.99469441e-01 9.89229448e-01 4.87347929e-15 9.85783841e-01 5.05270366e-01 8.94260805e-01 9.98234139e-01 9.99700168e-01 9.99921897e-01 1.21632148e-17 2.14429514e-17 1.40808811e-06 3.39725510e-07 3.39725510e-07 3.56292512e-03 3.56292512e-03 6.42053553e-03 2.39937264e-02 1.07807383e-16 1.75750550e-02 3.06229470e-03 1.33486490e-02 1.20902074e-02 1.07499253e-02 9.21496141e-03
1.28078078e-01 -2.06697975e+01 -2.06697975e+01 -2.50725137e-02 -6.80089836e-03 -6.80089733e-03 7.13254574e+01 7.13254574e+01 1.00066012e+02 1.61583259e+02 1.73372523e+02 2.34383100e+02 3.22540897e+02 3.46728830e+02 4.52318118e+02 5.64767751e+02 6.81055446e+02 9.79555626e-16 1.29211967e-15 4.16355458e-05 2.82620250e-14 6.62832730e-16 1.45802630e-28 1.97842950e-16 9.99467548e-01 9.89243044e-01 3.03760424e-15 9.85843976e-01 5.05062577e-01 8.94293318e-01 9.98238332e-01 9.99700860e-01 9.99922072e-01 2.70777738e-17 2.23576194e-17 1.40808811e-06 3.39725510e-07 3.39725510e-07 3.56292512e-03 3.56292512e-03 6.43214083e-03 2.39887335e-02 6.95705667e-17 1.75438751e-02 3.05846123e-03 1.33297784e-02 1.20745960e-02 1.07371292e-02 9.20450103e-03
1.28228228e-01 -2.06697975e+01 -2.06697975e+01 -2.50725133e-02 -6.80089458e-03 -6.80088690e-03 7.13254574e+01 7.13254574e+01 1.00053750e+02 1.61479891e+02 1.73372523e+02 2.34347634e+02 3.22544610e+02 3.46702421e+02 4.52306758e+02 5.64760862e+02 6.81051313e+02 7.65876105e-16 4.19197781e-16 4.16843566e-05 6.83201282e-14 2.50873848e-16 1.71744078e-16 1.45875775e-28 9.99465650e-01 9.89256696e-01 9.14935391e-15 9.85903763e-01 5.04854870e-01 8.94326079e-01 9.98242511e-01 9.99701549e-01 9.99922246e-01 3.95739784e-18 6.06552945e-18 1.40808811e-06 3.39725510e-07 3.39725510e-07 3.56292512e-03 3.56292512e-03 6.44375903e-03 2.39836401e-02 1.93594441e-16 1.75127787e-02 3.05463438e-03 1.33109574e-02 1.20590247e-02 1.07243632e-02 9.19406383e-03
1.28378378e-01 -2.06697975e+01 -2.06697975e+01 -2.50725147e-02 -6.80089439e-03 -6.80089428e-03 7.13254574e+01 7.13254574e+01 1.00041455e+02 1.61376616e+02 1.73372523e+02 2.34312327e+02 3.22548316e+02 3.46676103e+02 4.52295441e+02 5.64753997e+02 6.81047194e+02 2.46148050e-16 5.09657135e-16 4.17331673e-05 1.08044346e-27 6.34453316e-28 4.60673060e-45 2.04462356e-27 9.99463746e-01 9.89270404e-01 2.44842764e-15 9.85963204e-01 5.04647246e-01 8.94359084e-01 9.98246676e-01 9.99702236e-01 9.99922420e-01 6.63139739e-19 1.69374416e-17 1.40808811e-06 3.39725510e-07 3.39725510e-07 3.56292512e-03 3.56292512e-03 6.45539012e-03 2.39784467e-02 4.64798885e-17 1.74817658e-02 3.05081413e-03 1.32921857e-02 1.20434934e-02 1.07116272e-02 9.18364973e-03
1.28528529e-01 -2.06697975e+01 -2.06697975e+01 -2.50725143e-02 -6.80089144e-03 -6.80089065e-03 7.13254574e+01 7.13254574e+01 1.00029129e+02 1.61273436e+02 1.73372523e+02 2.34277179e+02 3.22552015e+02 3.46649875e+02 4.52284165e+02 5.64747157e+02 6.81043089e+02 1.09307396e-15 8.10700046e-16 4.17819780e-05 1.08514148e-13 3.06100315e-15 1.67159745e-16 1.45867502e-28 9.99461837e-01 9.89284167e-01 2.44018522e-15 9.86022302e-01 5.04439704e-01 8.94392333e-01 9.98250826e-01 9.99702921e-01 9.99922593e-01 1.32940235e-17 1.24899611e-17 1.40808811e-06 3.39725510e-07 3.39725510e-07 3.56292512e-03 3.56292512e-03 6.46703408e-03 2.39731540e-02 5.01724200e-17 1.74508363e-02 3.04700047e-03 1.32734632e-02 1.20280019e-02 1.06989211e-02 9.17325865e-03
1.28678679e-01 -2.06697975e+01 -2.06697975e+01 -2.50725145e-02 -6.80090701e-03 -6.80090180e-03 7.13254574e+01 7.13254574e+01 1.00016772e+02 1.61170352e+02 1.73372523e+02 2.34242188e+02 3.22555707e+02 3.46623738e+02 4.52272932e+02 5.64740341e+02 6.81038998e+02 2.14213654e-15 4.97389179e-16 4.18307887e-05 2.84003372e-14 1.20558914e-16 1.45478556e-28 2.91711813e-16 9.99459923e-01 9.89297985e-01 2.79224834e-15 9.86081057e-01 5.04232244e-01 8.94425823e-01 9.98254962e-01 9.99703603e-01 9.99922765e-01 6.55144315e-17 1.49559906e-17 1.40808811e-06 3.39725510e-07 3.39725510e-07 3.56292512e-03 3.56292512e-03 6.47869088e-03 2.39677625e-02 6.82449859e-17 1.74199901e-02 3.04319338e-03 1.32547899e-02 1.20125501e-02 1.06862448e-02 9.16289052e-03
1.28828829e-01 -2.06697975e+01 -2.06697975e+01 -2.50725145e-02 -6.80090530e-03 -6.80089410e-03 7.13254574e+01 7.13254574e+01 1.00004383e+02 1.61067363e+02 1.73372523e+02 2.34207354e+02 3.22559391e+02 3.46597690e+02 4.52261739e+02 5.64733549e+02 6.81034921e+02 1.28386723e-15 4.15416037e-16 4.18795994e-05 2.84221166e-14 2.10581133e-16 2.50188277e-16 1.45398118e-28 9.99458003e-01 9.89311855e-01 7.82646202e-16 9.86139474e-01 5.04024866e-01 8.94459554e-01 9.98259084e-01 9.99704283e-01 9.99922937e-01 3.74245740e-17 1.10932568e-17 1.40808811e-06 3.39725510e-07 3.39725510e-07 3.56292512e-03 3.56292512e-03 6.49036053e-03 2.39622728e-02 1.23828326e-17 1.73892271e-02 3.03939285e-03 1.32361655e-02 1.19971378e-02 1.06735982e-02 9.15254527e-03
1.28978979e-01 -2.06697975e+01 -2.06697975e+01 -2.50725142e-02 -6.80090501e-03 -6.80089358e-03 7.13254574e+01 7.13254574e+01 9.99919620e+01 1.60964471e+02 1.73372523e+02 2.34172676e+02 3.22563069e+02 3.46571732e+02 4.52250588e+02 5.64726780e+02 6.81030858e+02 9.25427748e-16 5.20493292e-16 4.19284102e-05 2.33204991e-16 1.08958195e-13 2.60161978e-16 1.05939450e-22 9.99456078e-01 9.89325779e-01 4.66277596e-15 9.86197553e-01 5.03817571e-01 8.94493523e-01 9.98263191e-01 9.99704960e-01 9.99923108e-01 4.83630258e-18 7.74002740e-19 1.40808811e-06 3.39725510e-07 3.39725510e-07 3.56292512e-03 3.56292512e-03 6.50204298e-03 2.39566853e-02 1.14766143e-16 1.73585472e-02 3.03559887e-03 1.32175898e-02 1.19817649e-02 1.06609813e-02 9.14222283e-03
1.29129129e-01 -2.06697975e+01 -2.06697975e+01 -2.50725147e-02 -6.80089341e-03 -6.80089264e-03 7.13254574e+01 7.13254574e+01 9.99795093e+01 1.60861677e+02 1.73372523e+02 2.34138153e+02 3.22566739e+02 3.46545862e+02 4.52239479e+02 5.64720036e+02 6.81026809e+02 2.24833603e-16 1.25754045e-15 4.19772209e-05 1.98448345e-15 6.88002098e-14 1.45391270e-28 1.02353064e-16 9.99454147e-01 9.89339755e-01 7.29029367e-16 9.86255298e-01 5.03610358e-01 8.94527729e-01 9.98267285e-01 9.99705636e-01 9.99923279e-01 1.62099165e-18 2.48397860e-17 1.40808811e-06 3.39725510e-07 3.39725510e-07 3.56292512e-03 3.56292512e-03 6.51373823e-03 2.39510008e-02 1.90633888e-17 1.73279503e-02 3.03181141e-03 1.31990628e-02 1.19664312e-02 1.06483938e-02 9.13192312e-03
1.29279279e-01 -2.06697975e+01 -2.06697975e+01 -2.50725144e-02 -6.80088581e-03 -6.80088342e-03 7.13254574e+01 7.13254574e+01 9.99670247e+01 1.60758981e+02 1.73372523e+02 2.34103784e+02 3.22570402e+02 3.46520081e+02 4.52228410e+02 5.64713315e+02 6.81022773e+02 7.13170241e-16 5.83771615e-16 4.20260316e-05 2.56288641e-16 2.85278442e-14 1.87169258e-16 1.45158181e-28 9.99452211e-01 9.89353781e-01 6.99826525e-16 9.86312709e-01 5.03403228e-01 8.94562170e-01 9.98271364e-01 9.99706309e-01 9.99923449e-01 1.83503376e-17 3.16609191e-18 1.40808811e-06 3.39725510e-07 3.39725510e-07 3.56292512e-03 3.56292512e-03 6.52544626e-03 2.39452196e-02 2.38079645e-17 1.72974362e-02 3.02803047e-03 1.31805843e-02 1.19511367e-02 1.06358358e-02 9.12164607e-03
1.29429429e-01 -2.06697975e+01 -2.06697975e+01 -2.50725144e-02 -6.80090352e-03 -6.80089756e-03 7.13254574e+01 7.13254574e+01 9.99545082e+01 1.60656383e+02 1.73372523e+02 2.34069569e+02 3.22574058e+02 3.46494388e+02 4.52217382e+02 5.64706617e+02 6.81018752e+02 4.65511742e-16 7.90544489e-16 4.20748423e-05 2.85317087e-14 2.05882640e-16 9.17932846e-17 1.45078658e-28 9.99450270e-01 9.89367859e-01 2.87778186e-15 9.86369791e-01 5.03196181e-01 8.94596844e-01 9.98275430e-01 9.99706980e-01 9.99923619e-01 9.29853111e-18 1.80034857e-17 1.40808811e-06 3.39725510e-07 3.39725510e-07 3.56292512e-03 3.56292512e-03 6.53716704e-03 2.39393425e-02 6.55575254e-17 1.72670050e-02 3.02425602e-03 1.31621541e-02 1.19358811e-02 1.06233071e-02 9.11139160e-03
1.29579580e-01 -2.06697975e+01 -2.06697975e+01 -2.50725137e-02 -6.80088900e-03 -6.80087606e-03 7.13254574e+01 7.13254574e+01 9.99419597e+01 1.60553884e+02 1.73372523e+02 2.34035506e+02 3.22577708e+02 3.46468783e+02 4.52206394e+02 5.64699943e+02 6.81014744e+02 4.43076121e-16 5.15766724e-16 4.21236530e-05 3.00035498e-16 1.09432623e-13 1.45304913e-28 1.65190453e-16 9.99448323e-01 9.89381987e-01 4.44320767e-15 9.86426544e-01 5.02989216e-01 8.94631749e-01 9.98279481e-01 9.99707648e-01 9.99923788e-01 9.51740342e-18 2.60527448e-18 1.40808811e-06 3.39725510e-07 3.39725510e-07 3.56292512e-03 3.56292512e-03 6.54890056e-03 2.39333698e-02 9.75036205e-17 1.72366565e-02 3.02048807e-03 1.31437721e-02 1.19206643e-02 1.06108076e-02 9.10115965e-03
1.29729730e-01 -2.06697975e+01 -2.06697975e+01 -2.50725146e-02 -6.80089186e-03 -6.80088911e-03 7.13254574e+01 7.13254574e+01 9.99293790e+01 1.60451485e+02 1.73372523e+02 2.34001596e+02 3.22581350e+02 3.46443265e+02 4.52195447e+02 5.64693293e+02 6.81010749e+02 5.69719989e-16 4.78004124e-16 4.21724638e-05 1.09729629e-13 8.39625346e-16 1.06606164e-22 4.60170144e-16 9.99446371e-01 9.89396164e-01 1.01181900e-15 9.86482972e-01 5.02782334e-01 8.94666885e-01 9.98283519e-01 9.99708315e-01 9.99923957e-01 1.05683084e-17 3.50113633e-18 1.40808811e-06 3.39725510e-07 3.39725510e-07 3.56292512e-03 3.56292512e-03 6.56064679e-03 2.39273023e-02 2.16171888e-17 1.72063906e-02 3.01672658e-03 1.31254381e-02 1.19054862e-02 1.05983371e-02 9.09095014e-03
1.29879880e-01 -2.06697975e+01 -2.06697975e+01 -2.50725148e-02 -6.80090657e-03 -6.80089882e-03 7.13254574e+01 7.13254574e+01 9.99167662e+01 1.60349187e+02 1.73372523e+02 2.33967836e+02 3.22584985e+02 3.46417835e+02 4.52184539e+02 5.64686665e+02 6.81006769e+02 7.40704628e-16 5.80136984e-16 4.22212745e-05 2.86408643e-14 8.94686975e-17 1.44841444e-28 8.22169693e-17 9.99444413e-01 9.89410389e-01 5.51682012e-15 9.86539075e-01 5.02575534e-01 8.94702249e-01 9.98287543e-01 9.99708979e-01 9.99924125e-01 1.04829792e-17 7.81236033e-18 1.40808811e-06 3.39725510e-07 3.39725510e-07 3.56292512e-03 3.56292512e-03 6.57240572e-03 2.39211403e-02 1.03580663e-16 1.71762071e-02 3.01297155e-03 1.31071520e-02 1.18903467e-02 1.05858957e-02 9.08076300e-03
1.30030030e-01 -2.06697975e+01 -2.06697975e+01 -2.50725139e-02 -6.80090041e-03 -6.80089634e-03 7.13254574e+01 7.13254574e+01 9.99041212e+01 1.60246990e+02 1.73372523e+02 2.33934226e+02 3.22588613e+02 3.46392490e+02 4.52173672e+02 5.64680061e+02 6.81002801e+02 8.09786510e-16 1.00754690e-15 4.22700852e-05 3.43143452e-16 6.92393000e-14 1.44915003e-28 3.09225014e-16 9.99442450e-01 9.89424663e-01 6.69630738e-16 9.86594857e-01 5.02368818e-01 8.94737840e-01 9.98291553e-01 9.99709640e-01 9.99924292e-01 2.41687125e-17 1.88523909e-17 1.40808811e-06 3.39725510e-07 3.39725510e-07 3.56292512e-03 3.56292512e-03 6.58417732e-03 2.39148845e-02 7.49644003e-18 1.71461060e-02 3.00922297e-03 1.30889136e-02 1.18752455e-02 1.05734832e-02 9.07059816e-03
1.30180180e-01 -2.06697975e+01 -2.06697975e+01 -2.50725150e-02 -6.80089925e-03 -6.80089581e-03 7.13254574e+01 7.13254574e+01 9.98914438e+01 1.60144894e+02 1.73372523e+02 2.33900766e+02 3.22592234e+02 3.46367232e+02 4.52162845e+02 5.64673479e+02 6.80998847e+02 9.11557033e-16 5.81952297e-16 4.23188959e-05 1.64284962e-16 2.87633548e-14 1.44684423e-28 1.44147852e-16 9.99440481e-01 9.89438983e-01 4.82696571e-16 9.86650319e-01 5.02162185e-01 8.94773656e-01 9.98295550e-01 9.99710300e-01 9.99924459e-01 7.20509680e-18 6.36194230e-18 1.40808811e-06 3.39725510e-07 3.39725510e-07 3.56292512e-03 3.56292512e-03 6.59596157e-03 2.39085353e-02 7.69420801e-18 1.71160872e-02 3.00548081e-03 1.30707228e-02 1.18601825e-02 1.05610996e-02 9.06045555e-03
1.30330330e-01 -2.06697975e+01 -2.06697975e+01 -2.50725136e-02 -6.80090070e-03 -6.80088060e-03 7.13254574e+01 7.13254574e+01 9.98787340e+01 1.60042901e+02 1.73372523e+02 2.33867455e+02 3.22595848e+02 3.46342059e+02 4.52152057e+02 5.64666921e+02 6.80994907e+02 5.09763184e-16 5.89960967e-16 4.23677066e-05 2.87980282e-14 9.01980920e-17 1.42585164e-16 1.44606245e-28 9.99438507e-01 9.89453351e-01 1.15892179e-15 9.86705464e-01 5.01955634e-01 8.94809695e-01 9.98299533e-01 9.99710957e-01 9.99924626e-01 8.05404690e-18 2.16408908e-18 1.40808811e-06 3.39725510e-07 3.39725510e-07 3.56292512e-03 3.56292512e-03 6.60775845e-03 2.39020934e-02 1.08672762e-17 1.70861504e-02 3.00174507e-03 1.30525793e-02 1.18451577e-02 1.05487446e-02 9.05033510e-03
1.30480480e-01 -2.06697975e+01 -2.06697975e+01 -2.50725136e-02 -6.80089900e-03 -6.80088991e-03 7.13254574e+01 7.13254574e+01 9.98659918e+01 1.59941011e+02 1.73372523e+02 2.33834292e+02 3.22599455e+02 3.46316972e+02 4.52141308e+02 5.64660385e+02 6.80990979e+02 1.19251650e-15 1.05294378e-15 4.24165173e-05 1.61985148e-16 2.88053840e-14 1.44528289e-28 2.35281609e-16 9.99436528e-01 9.89467764e-01 2.08089537e-15 9.86760293e-01 5.01749167e-01 8.94845957e-01 9.98303502e-01 9.99711613e-01 9.99924792e-01 3.79908605e-17 1.63999838e-18 1.40808811e-06 3.39725510e-07 3.39725510e-07 3.56292512e-03 3.56292512e-03 6.61956793e-03 2.38955593e-02 3.79491608e-17 1.70562957e-02 2.99801572e-03 1.30344832e-02 1.18301709e-02 1.05364182e-02 9.04023674e-03
1.30630631e-01 -2.06697975e+01 -2.06697975e+01 -2.50725134e-02 -6.80089208e-03 -6.80089064e-03 7.13254574e+01 7.13254574e+01 9.98532171e+01 1.59839224e+02 1.73372523e+02 2.33801275e+02 3.22603055e+02 3.46291970e+02 4.52130598e+02 5.64653872e+02 6.80987065e+02 9.20603882e-16 6.73047177e-16 4.24653281e-05 1.10287731e-13 1.68408053e-15 1.44667811e-16 1.44753425e-28 9.99434543e-01 9.89482223e-01 2.34351342e-15 9.86814809e-01 5.01542782e-01 8.94882438e-01 9.98307458e-01 9.99712266e-01 9.99924957e-01 1.75254609e-17 1.56810121e-17 1.40808811e-06 3.39725510e-07 3.39725510e-07 3.56292512e-03 3.56292512e-03 6.63139000e-03 2.38889334e-02 4.87228573e-17 1.70265228e-02 2.99429277e-03 1.30164342e-02 1.18152219e-02 1.05241204e-02 9.03016040e-03
1.30780781e-01 -2.06697975e+01 -2.06697975e+01 -2.50725135e-02 -6.80090500e-03 -6.80088143e-03 7.13254574e+01 7.13254574e+01 9.98404097e+01 1.59737541e+02 1.73372523e+02 2.33768405e+02 3.22606648e+02 3.46267052e+02 4.52119928e+02 5.64647381e+02 6.80983164e+02 8.02770918e-16 5.54117642e-16 4.25141388e-05 1.15074458e-16 2.89107416e-14 1.81038455e-16 1.44373037e-28 9.99432553e-01 9.89496726e-01 4.42576193e-16 9.86869014e-01 5.01336481e-01 8.94919139e-01 9.98311401e-01 9.99712917e-01 9.99925122e-01 2.32036820e-17 1.53471789e-17 1.40808811e-06 3.39725510e-07 3.39725510e-07 3.56292512e-03 3.56292512e-03 6.64322462e-03 2.38822163e-02 5.50769366e-18 1.69968317e-02 2.99057618e-03 1.29984322e-02 1.18003106e-02 1.05118510e-02 9.02010600e-03
1.30930931e-01 -2.06697975e+01 -2.06697975e+01 -2.50725136e-02 -6.80089103e-03 -6.80089071e-03 7.13254574e+01 7.13254574e+01 9.98275697e+01 1.59635964e+02 1.73372523e+02 2.33735680e+02 3.22610235e+02 3.46242219e+02 4.52109296e+02 5.64640913e+02 6.80979277e+02 1.64577186e-15 4.42279358e-16 4.25629495e-05 6.95939057e-14 4.87069603e-15 1.44446779e-28 1.46228306e-16 9.99430557e-01 9.89511273e-01 3.06050996e-15 9.86922909e-01 5.01130263e-01 8.94956057e-01 9.98315330e-01 9.99713565e-01 9.99925286e-01 2.70085063e-18 1.50679545e-17 1.40808811e-06 3.39725510e-07 3.39725510e-07 3.56292512e-03 3.56292512e-03 6.65507179e-03 2.38754086e-02 5.22471095e-17 1.69672222e-02 2.98686596e-03 1.29804770e-02 1.17854368e-02 1.04996099e-02 9.01007348e-03
1.31081081e-01 -2.06697975e+01 -2.06697975e+01 -2.50725124e-02 -6.80089245e-03 -6.80088765e-03 7.13254574e+01 7.13254574e+01 9.98146969e+01 1.59534491e+02 1.73372523e+02 2.33703100e+02 3.22613814e+02 3.46217470e+02 4.52098703e+02 5.64634467e+02 6.80975402e+02 4.74206925e-16 7.68390489e-16 4.26117602e-05 5.12626059e-16 1.10727983e-13 1.44520395e-28 2.11454683e-16 9.99428556e-01 9.89525863e-01 4.55428519e-16 9.86976498e-01 5.00924128e-01 8.94993190e-01 9.98319246e-01 9.99714212e-01 9.99925450e-01 1.41290952e-17 2.16461454e-17 1.40808811e-06 3.39725510e-07 3.39725510e-07 3.56292512e-03 3.56292512e-03 6.66693146e-03 2.38685107e-02 3.70737427e-18 1.69376942e-02 2.98316208e-03 1.29625684e-02 1.17706005e-02 1.04873971e-02 9.00006278e-03
1.31231231e-01 -2.06697975e+01 -2.06697975e+01 -2.50725144e-02 -6.80089325e-03 -6.80088473e-03 7.13254574e+01 7.13254574e+01 9.98017914e+01 1.59433124e+02 1.73372523e+02 2.33670664e+02 3.22617387e+02 3.46192803e+02 4.52088148e+02 5.64628044e+02 6.80971540e+02 6.33378757e-16 7.81402847e-16 4.26605709e-05 1.37382807e-16 2.89987357e-14 1.34228696e-16 1.44141796e-28 9.99426549e-01 9.89540497e-01 4.08913322e-15 9.87029781e-01 5.00718076e-01 8.95030537e-01 9.98323148e-01 9.99714856e-01 9.99925613e-01 1.79732542e-17 1.99594746e-17 1.40808811e-06 3.39725510e-07 3.39725510e-07 3.56292512e-03 3.56292512e-03 6.67880362e-03 2.38615231e-02 8.75258545e-17 1.69082476e-02 2.97946452e-03 1.29447064e-02 1.17558015e-02 1.04752124e-02 8.99007381e-03
1.31381381e-01 -2.06697975e+01 -2.06697975e+01 -2.50725128e-02 -6.80088923e-03 -6.80087761e-03 7.13254574e+01 7.13254574e+01 9.97888529e+01 1.59331864e+02 1.73372523e+02 2.33638372e+02 3.22620952e+02 3.46168220e+02 4.52077632e+02 5.64621643e+02 6.80967691e+02 9.58969318e-16 1.28399057e-15 4.27093817e-05 2.90084478e-14 9.26131636e-17 1.88727210e-16 1.44065149e-28 9.99424537e-01 9.89555172e-01 4.91148989e-15 9.87082762e-01 5.00512108e-01 8.95068097e-01 9.98327038e-01 9.99715498e-01 9.99925776e-01 2.27521509e-17 3.63527121e-17 1.40808811e-06 3.39725510e-07 3.39725510e-07 3.56292512e-03 3.56292512e-03 6.69068824e-03 2.38544465e-02 9.54146063e-17 1.68788822e-02 2.97577329e-03 1.29268908e-02 1.17410396e-02 1.04630557e-02 8.98010651e-03
1.31531532e-01 -2.06697975e+01 -2.06697975e+01 -2.50725136e-02 -6.80089578e-03 -6.80089526e-03 7.13254574e+01 7.13254574e+01 9.97758815e+01 1.59230711e+02 1.73372523e+02 2.33606221e+02 3.22624511e+02 3.46143720e+02 4.52067153e+02 5.64615263e+02 6.80963856e+02 5.21786948e-16 8.82522782e-16 4.27581924e-05 2.94032602e-15 7.00216303e-14 1.44139004e-28 2.13335313e-16 9.99422519e-01 9.89569889e-01 3.16194365e-15 9.87135441e-01 5.00306223e-01 8.95105868e-01 9.98330914e-01 9.99716138e-01 9.99925938e-01 1.78872758e-17 1.73565104e-17 1.40808811e-06 3.39725510e-07 3.39725510e-07 3.56292512e-03 3.56292512e-03 6.70258530e-03 2.38472813e-02 6.45546811e-17 1.68495979e-02 2.97208836e-03 1.29091214e-02 1.17263147e-02 1.04509270e-02 8.97016082e-03
1.31681682e-01 -2.06697975e+01 -2.06697975e+01 -2.50725141e-02 -6.80090011e-03 -6.80089928e-03 7.13254574e+01 7.13254574e+01 9.97628771e+01 1.59129665e+02 1.73372523e+02 2.33574213e+02 3.22628063e+02 3.46119302e+02 4.52056713e+02 5.64608906e+02 6.80960033e+02 1.03092803e-15 8.99941683e-16 4.28070031e-05 2.90761975e-14 7.27469347e-16 1.43912499e-28 1.13498391e-16 9.99420496e-01 9.89584646e-01 4.78532842e-16 9.87187821e-01 5.00100422e-01 8.95143848e-01 9.98334777e-01 9.99716776e-01 9.99926099e-01 6.61856661e-18 1.51454495e-18 1.40808811e-06 3.39725510e-07 3.39725510e-07 3.56292512e-03 3.56292512e-03 6.71449477e-03 2.38400279e-02 2.56239230e-18 1.68203945e-02 2.96840971e-03 1.28913981e-02 1.17116268e-02 1.04388261e-02 8.96023667e-03
1.31831832e-01 -2.06697975e+01 -2.06697975e+01 -2.50725137e-02 -6.80090880e-03 -6.80089142e-03 7.13254574e+01 7.13254574e+01 9.97498395e+01 1.59028727e+02 1.73372523e+02 2.33542345e+02 3.22631609e+02 3.46094966e+02 4.52046310e+02 5.64602571e+02 6.80956222e+02 6.27546398e-16 7.89772836e-16 4.28558138e-05 4.31766118e-17 2.90910143e-14 1.36081215e-16 1.05267186e-22 9.99418467e-01 9.89599444e-01 1.94444108e-15 9.87239904e-01 4.99894704e-01 8.95182036e-01 9.98338627e-01 9.99717412e-01 9.99926261e-01 4.03265135e-18 2.83522284e-18 1.40808811e-06 3.39725510e-07 3.39725510e-07 3.56292512e-03 3.56292512e-03 6.72641662e-03 2.38326870e-02 3.57962603e-17 1.67912720e-02 2.96473734e-03 1.28737208e-02 1.16969756e-02 1.04267530e-02 8.95033398e-03
1.31981982e-01 -2.06697975e+01 -2.06697975e+01 -2.50725144e-02 -6.80090415e-03 -6.80089276e-03 7.13254574e+01 7.13254574e+01 9.97367688e+01 1.58927898e+02 1.73372523e+02 2.33510618e+02 3.22635147e+02 3.46070712e+02 4.52035944e+02 5.64596257e+02 6.80952425e+02 5.71598481e-16 7.60140525e-16 4.29046245e-05 1.11435685e-13 2.07907444e-16 1.44060193e-28 2.09701803e-16 9.99416433e-01 9.89614281e-01 3.43275848e-15 9.87291692e-01 4.99689069e-01 8.95220431e-01 9.98342464e-01 9.99718046e-01 9.99926421e-01 1.33481856e-17 2.26399935e-17 1.40808811e-06 3.39725510e-07 3.39725510e-07 3.56292512e-03 3.56292512e-03 6.73835083e-03 2.38252590e-02 7.98592837e-17 1.67622301e-02 2.96107123e-03 1.28560892e-02 1.16823610e-02 1.04147076e-02 8.94045269e-03
1.32132132e-01 -2.06697975e+01 -2.06697975e+01 -2.50725130e-02 -6.80088485e-03 -6.80088383e-03 7.13254574e+01 7.13254574e+01 9.97236648e+01 1.58827178e+02 1.73372523e+02 2.33479030e+02 3.22638679e+02 3.46046539e+02 4.52025616e+02 5.64589965e+02 6.80948640e+02 8.45029614e-16 1.26776893e-15 4.29534353e-05 2.34076243e-15 1.11610042e-13 1.43984242e-28 2.74236545e-16 9.99414393e-01 9.89629157e-01 4.56901026e-15 9.87343187e-01 4.99483518e-01 8.95259031e-01 9.98346288e-01 9.99718678e-01 9.99926581e-01 6.35746483e-18 1.19288206e-17 1.40808811e-06 3.39725510e-07 3.39725510e-07 3.56292512e-03 3.56292512e-03 6.75029738e-03 2.38177444e-02 9.54797638e-17 1.67332687e-02 2.95741137e-03 1.28385033e-02 1.16677828e-02 1.04026897e-02 8.93059273e-03
1.32282282e-01 -2.06697975e+01 -2.06697975e+01 -2.50725142e-02 -6.80089584e-03 -6.80089577e-03 7.13254574e+01 7.13254574e+01 9.97105275e+01 1.58726568e+02 1.73372523e+02 2.33447581e+02 3.22642204e+02 3.46022446e+02 4.52015325e+02 5.64583695e+02 6.80944868e+02 1.23723056e-15 7.35956575e-16 4.30022460e-05 2.70167410e-14 6.50858821e-14 8.74011530e-17 1.43759111e-28 9.99412348e-01 9.89644072e-01 2.97317870e-15 9.87394391e-01 4.99278051e-01 8.95297834e-01 9.98350100e-01 9.99719307e-01 9.99926741e-01 3.85664312e-17 2.01739419e-17 1.40808811e-06 3.39725510e-07 3.39725510e-07 3.56292512e-03 3.56292512e-03 6.76225622e-03 2.38101438e-02 6.85697522e-17 1.67043877e-02 2.95375774e-03 1.28209629e-02 1.16532411e-02 1.03906994e-02 8.92075404e-03
1.32432432e-01 -2.06697975e+01 -2.06697975e+01 -2.50725143e-02 -6.80089720e-03 -6.80089553e-03 7.13254574e+01 7.13254574e+01 9.96973569e+01 1.58626069e+02 1.73372523e+02 2.33416269e+02 3.22645722e+02 3.45998435e+02 4.52005071e+02 5.64577446e+02 6.80941108e+02 1.80567176e-15 8.08876430e-16 4.30510567e-05 4.46698020e-16 2.92914405e-14 3.23856136e-16 1.43534596e-28 9.99410297e-01 9.89659024e-01 3.74922482e-15 9.87445305e-01 4.99072668e-01 8.95336839e-01 9.98353898e-01 9.99719935e-01 9.99926900e-01 4.84262014e-17 1.95706760e-17 1.40808811e-06 3.39725510e-07 3.39725510e-07 3.56292512e-03 3.56292512e-03 6.77422734e-03 2.38024576e-02 7.97123954e-17 1.66755870e-02 2.95011033e-03 1.28034678e-02 1.16387356e-02 1.03787364e-02 8.91093655e-03
1.32582583e-01 -2.06697975e+01 -2.06697975e+01 -2.50725140e-02 -6.80089875e-03 -6.80089258e-03 7.13254574e+01 7.13254574e+01 9.96841527e+01 1.58525680e+02 1.73372523e+02 2.33385095e+02 3.22649233e+02 3.45974503e+02 4.51994853e+02 5.64571218e+02 6.80937361e+02 1.19555035e-15 9.01651333e-16 4.30998674e-05 7.06211671e-14 2.59317494e-16 1.43608634e-28 1.02651335e-16 9.99408241e-01 9.89674014e-01 7.37817374e-16 9.87495932e-01 4.98867368e-01 8.95376044e-01 9.98357684e-01 9.99720560e-01 9.99927059e-01 3.40076774e-17 2.20059541e-17 1.40808811e-06 3.39725510e-07 3.39725510e-07 3.56292512e-03 3.56292512e-03 6.78621070e-03 2.37946863e-02 6.55042169e-18 1.66468663e-02 2.94646913e-03 1.27860180e-02 1.16242661e-02 1.03668007e-02 8.90114019e-03
1.32732733e-01 -2.06697975e+01 -2.06697975e+01 -2.50725142e-02 -6.80090478e-03 -6.80089202e-03 7.13254574e+01 7.13254574e+01 9.96709151e+01 1.58425402e+02 1.73372523e+02 2.33354058e+02 3.22652738e+02 3.45950651e+02 4.51984673e+02 5.64565011e+02 6.80933626e+02 1.10884573e-15 8.50720555e-16 4.31486781e-05 1.12301607e-13 2.15583343e-16 1.09090686e-22 1.17239629e-16 9.99406179e-01 9.89689040e-01 4.22140162e-15 9.87546273e-01 4.98662153e-01 8.95415449e-01 9.98361457e-01 9.99721184e-01 9.99927217e-01 3.21796504e-17 1.35340918e-17 1.40808811e-06 3.39725510e-07 3.39725510e-07 3.56292512e-03 3.56292512e-03 6.79820628e-03 2.37868304e-02 8.45090146e-17 1.66182256e-02 2.94283412e-03 1.27686132e-02 1.16098327e-02 1.03548922e-02 8.89136490e-03
1.32882883e-01 -2.06697975e+01 -2.06697975e+01 -2.50725145e-02 -6.80089668e-03 -6.80088942e-03 7.13254574e+01 7.13254574e+01 9.96576438e+01 1.58325236e+02 1.73372523e+02 2.33323156e+02 3.22656236e+02 3.45926879e+02 4.51974529e+02 5.64558826e+02 6.80929903e+02 6.73025592e-16 2.41664016e-16 4.31974889e-05 1.12184269e-13 4.09983058e-16 3.68332866e-16 1.09199685e-22 9.99404112e-01 9.89704103e-01 2.32769854e-15 9.87596331e-01 4.98457021e-01 8.95455051e-01 9.98365217e-01 9.99721805e-01 9.99927374e-01 2.13182721e-17 6.65237928e-18 1.40808811e-06 3.39725510e-07 3.39725510e-07 3.56292512e-03 3.56292512e-03 6.81021405e-03 2.37788904e-02 4.98942392e-17 1.65896646e-02 2.93920529e-03 1.27512534e-02 1.15954351e-02 1.03430109e-02 8.88161061e-03
1.33033033e-01 -2.06697975e+01 -2.06697975e+01 -2.50725148e-02 -6.80089841e-03 -6.80089563e-03 7.13254574e+01 7.13254574e+01 9.96443389e+01 1.58225183e+02 1.73372523e+02 2.33292389e+02 3.22659728e+02 3.45903186e+02 4.51964421e+02 5.64552662e+02 6.80926193e+02 4.28154811e-16 7.17114625e-16 4.32462996e-05 2.84252360e-16 2.93881943e-14 1.43236046e-28 2.52896312e-16 9.99402039e-01 9.89719200e-01 5.03308284e-15 9.87646107e-01 4.98251973e-01 8.95494849e-01 9.98368965e-01 9.99722424e-01 9.99927531e-01 8.48395694e-18 5.74723363e-18 1.40808811e-06 3.39725510e-07 3.39725510e-07 3.56292512e-03 3.56292512e-03 6.82223398e-03 2.37708667e-02 1.06597415e-16 1.65611833e-02 2.93558263e-03 1.27339383e-02 1.15810731e-02 1.03311565e-02 8.87187725e-03
1.33183183e-01 -2.06697975e+01 -2.06697975e+01 -2.50725142e-02 -6.80089887e-03 -6.80089434e-03 7.13254574e+01 7.13254574e+01 9.96310002e+01 1.58125243e+02 1.73372523e+02 2.33261757e+02 3.22663212e+02 3.45879571e+02 4.51954349e+02 5.64546519e+02 6.80922495e+02 1.05687885e-15 1.22985464e-15 4.32951103e-05 2.94360867e-14 1.51732940e-16 1.43161926e-28 3.29147053e-16 9.99399960e-01 9.89734333e-01 2.86913407e-15 9.87695603e-01 4.98047009e-01 8.95534842e-01 9.98372700e-01 9.99723041e-01 9.99927688e-01 2.80215711e-17 6.28654351e-18 1.40808811e-06 3.39725510e-07 3.39725510e-07 3.56292512e-03 3.56292512e-03 6.83426603e-03 2.37627600e-02 6.50577706e-17 1.65327814e-02 2.93196612e-03 1.27166678e-02 1.15667468e-02 1.03193291e-02 8.86216476e-03
1.33333333e-01 -2.06697975e+01 -2.06697975e+01 -2.50725143e-02 -6.80090830e-03 -6.80088186e-03 7.13254574e+01 7.13254574e+01 9.96176277e+01 1.58025416e+02 1.73372523e+02 2.33231258e+02 3.22666691e+02 3.45856035e+02 4.51944313e+02 5.64540397e+02 6.80918810e+02 9.65359626e-16 6.69216224e-16 4.33439210e-05 2.38803440e-16 2.94805545e-14 2.89740811e-16 1.43088011e-28 9.99397877e-01 9.89749500e-01 1.87868332e-15 9.87744821e-01 4.97842129e-01 8.95575028e-01 9.98376422e-01 9.99723657e-01 9.99927844e-01 2.99540991e-17 6.97919125e-18 1.40808811e-06 3.39725510e-07 3.39725510e-07 3.56292512e-03 3.56292512e-03 6.84631019e-03 2.37545706e-02 3.74966967e-17 1.65044589e-02 2.92835574e-03 1.26994419e-02 1.15524559e-02 1.03075286e-02 8.85247308e-03
1.33483483e-01 -2.06697975e+01 -2.06697975e+01 -2.50725140e-02 -6.80089667e-03 -6.80089374e-03 7.13254574e+01 7.13254574e+01 9.96042213e+01 1.57925703e+02 1.73372523e+02 2.33200893e+02 3.22670162e+02 3.45832577e+02 4.51934312e+02 5.64534295e+02 6.80915137e+02 1.02696275e-15 1.10551674e-15 4.33927317e-05 2.94668987e-16 2.94991860e-14 2.24496389e-16 1.43014300e-28 9.99395787e-01 9.89764700e-01 1.34388130e-15 9.87793763e-01 4.97637333e-01 8.95615406e-01 9.98380132e-01 9.99724270e-01 9.99927999e-01 1.38874045e-17 3.61355808e-17 1.40808811e-06 3.39725510e-07 3.39725510e-07 3.56292512e-03 3.56292512e-03 6.85836640e-03 2.37462990e-02 3.05501303e-17 1.64762155e-02 2.92475150e-03 1.26822603e-02 1.15382004e-02 1.02957548e-02 8.84280213e-03
1.33633634e-01 -2.06697975e+01 -2.06697975e+01 -2.50725144e-02 -6.80089550e-03 -6.80088715e-03 7.13254574e+01 7.13254574e+01 9.95907809e+01 1.57826104e+02 1.73372523e+02 2.33170659e+02 3.22673627e+02 3.45809197e+02 4.51924348e+02 5.64528214e+02 6.80911475e+02 5.18495728e-16 2.84801996e-16 4.34415425e-05 1.12855195e-13 3.31363464e-16 1.20814534e-16 1.09719995e-22 9.99393692e-01 9.89779934e-01 4.06060062e-15 9.87842431e-01 4.97432621e-01 8.95655974e-01 9.98383830e-01 9.99724881e-01 9.99928154e-01 1.56536464e-17 6.06174240e-18 1.40808811e-06 3.39725510e-07 3.39725510e-07 3.56292512e-03 3.56292512e-03 6.87043466e-03 2.37379458e-02 8.13339029e-17 1.64480510e-02 2.92115336e-03 1.26651229e-02 1.15239800e-02 1.02840076e-02 8.83315186e-03
1.33783784e-01 -2.06697975e+01 -2.06697975e+01 -2.50725139e-02 -6.80089580e-03 -6.80089095e-03 7.13254574e+01 7.13254574e+01 9.95773065e+01 1.57726620e+02 1.73372523e+02 2.33140557e+02 3.22677085e+02 3.45785894e+02 4.51914418e+02 5.64522154e+02 6.80907826e+02 6.11281101e-16 7.13798874e-16 4.34903532e-05 2.95487856e-14 2.09882927e-16 1.42867490e-28 4.01792579e-16 9.99391591e-01 9.89795201e-01 1.23973610e-15 9.87890826e-01 4.97227993e-01 8.95696731e-01 9.98387516e-01 9.99725490e-01 9.99928309e-01 1.33552544e-17 2.09426993e-17 1.40808811e-06 3.39725510e-07 3.39725510e-07 3.56292512e-03 3.56292512e-03 6.88251491e-03 2.37295113e-02 1.76161796e-17 1.64199654e-02 2.91756132e-03 1.26480296e-02 1.15097947e-02 1.02722871e-02 8.82352220e-03
1.33933934e-01 -2.06697975e+01 -2.06697975e+01 -2.50725137e-02 -6.80090134e-03 -6.80089061e-03 7.13254574e+01 7.13254574e+01 9.95637980e+01 1.57627252e+02 1.73372523e+02 2.33110586e+02 3.22680537e+02 3.45762668e+02 4.51904524e+02 5.64516114e+02 6.80904189e+02 6.91201762e-16 7.94961186e-16 4.35391639e-05 6.31875261e-17 2.95898961e-14 1.42794388e-28 1.11193338e-16 9.99389485e-01 9.89810499e-01 4.04998873e-16 9.87938950e-01 4.97023450e-01 8.95737676e-01 9.98391189e-01 9.99726097e-01 9.99928463e-01 5.92269064e-18 2.13172514e-17 1.40808811e-06 3.39725510e-07 3.39725510e-07 3.56292512e-03 3.56292512e-03 6.89460714e-03 2.37209960e-02 4.04005204e-18 1.63919585e-02 2.91397537e-03 1.26309802e-02 1.14956444e-02 1.02605930e-02 8.81391308e-03
1.34084084e-01 -2.06697975e+01 -2.06697975e+01 -2.50725147e-02 -6.80089439e-03 -6.80089428e-03 7.13254574e+01 7.13254574e+01 9.95502553e+01 1.57527999e+02 1.73372523e+02 2.33080745e+02 3.22683982e+02 3.45739519e+02 4.51894665e+02 5.64510095e+02 6.80900564e+02 1.05211455e-15 3.91880421e-16 4.35879746e-05 1.03163003e-27 6.05789306e-28 4.45803028e-45 1.95224937e-27 9.99387374e-01 9.89825829e-01 5.69740338e-15 9.87986806e-01 4.96818991e-01 8.95778807e-01 9.98394850e-01 9.99726703e-01 9.99928617e-01 1.65406470e-17 6.22209378e-18 1.40808811e-06 3.39725510e-07 3.39725510e-07 3.56292512e-03 3.56292512e-03 6.90671130e-03 2.37124005e-02 1.19612998e-16 1.63640301e-02 2.91039549e-03 1.26139746e-02 1.14815289e-02 1.02489254e-02 8.80432445e-03
1.34234234e-01 -2.06697975e+01 -2.06697975e+01 -2.50725147e-02 -6.80089391e-03 -6.80088154e-03 7.13254574e+01 7.13254574e+01 9.95366784e+01 1.57428863e+02 1.73372523e+02 2.33051033e+02 3.22687421e+02 3.45716446e+02 4.51884841e+02 5.64504096e+02 6.80896950e+02 9.56611603e-16 9.09400303e-16 4.36367853e-05 1.99368199e-16 7.15719465e-14 2.53562453e-16 1.42795776e-28 9.99385256e-01 9.89841191e-01 1.45461062e-15 9.88034394e-01 4.96614616e-01 8.95820123e-01 9.98398499e-01 9.99727306e-01 9.99928770e-01 1.71282823e-17 2.08977837e-17 1.40808811e-06 3.39725510e-07 3.39725510e-07 3.56292512e-03 3.56292512e-03 6.91882737e-03 2.37037252e-02 3.11004161e-17 1.63361800e-02 2.90682167e-03 1.25970126e-02 1.14674481e-02 1.02372841e-02 8.79475623e-03
1.34384384e-01 -2.06697975e+01 -2.06697975e+01 -2.50725146e-02 -6.80089098e-03 -6.80088982e-03 7.13254574e+01 7.13254574e+01 9.95230671e+01 1.57329844e+02 1.73372523e+02 2.33021450e+02 3.22690853e+02 3.45693449e+02 4.51875052e+02 5.64498117e+02 6.80893349e+02 4.09944549e-16 1.25493928e-15 4.36855961e-05 1.29016376e-15 7.16366254e-14 1.42723096e-28 3.23299874e-16 9.99383134e-01 9.89856582e-01 3.51917153e-16 9.88081717e-01 4.96410326e-01 8.95861622e-01 9.98402135e-01 9.99727907e-01 9.99928922e-01 2.45684740e-18 7.49334952e-18 1.40808811e-06 3.39725510e-07 3.39725510e-07 3.56292512e-03 3.56292512e-03 6.93095531e-03 2.36949705e-02 7.41845171e-18 1.63084080e-02 2.90325390e-03 1.25800942e-02 1.14534018e-02 1.02256689e-02 8.78520837e-03
1.34534535e-01 -2.06697975e+01 -2.06697975e+01 -2.50725147e-02 -6.80089439e-03 -6.80089428e-03 7.13254574e+01 7.13254574e+01 9.95094215e+01 1.57230942e+02 1.73372523e+02 2.32991996e+02 3.22694278e+02 3.45670528e+02 4.51865297e+02 5.64492159e+02 6.80889759e+02 2.08847338e-16 4.19850682e-16 4.37344068e-05 1.02796023e-27 6.03634343e-28 4.44661450e-45 1.94530467e-27 9.99381005e-01 9.89872004e-01 4.10998509e-16 9.88128776e-01 4.96206120e-01 8.95903303e-01 9.98405760e-01 9.99728506e-01 9.99929075e-01 5.47509840e-18 1.19088364e-17 1.40808811e-06 3.39725510e-07 3.39725510e-07 3.56292512e-03 3.56292512e-03 6.94309508e-03 2.36861369e-02 4.13981865e-18 1.62807141e-02 2.89969216e-03 1.25632191e-02 1.14393900e-02 1.02140800e-02 8.77568081e-03
1.34684685e-01 -2.06697975e+01 -2.06697975e+01 -2.50725136e-02 -6.80089636e-03 -6.80089230e-03 7.13254574e+01 7.13254574e+01 9.94957413e+01 1.57132158e+02 1.73372523e+02 2.32962668e+02 3.22697697e+02 3.45647682e+02 4.51855577e+02 5.64486220e+02 6.80886181e+02 3.81458953e-16 8.32109820e-16 4.37832175e-05 2.23879429e-16 2.97588337e-14 1.42431883e-28 2.66894120e-16 9.99378871e-01 9.89887455e-01 2.84820416e-16 9.88175573e-01 4.96001998e-01 8.95945165e-01 9.98409372e-01 9.99729104e-01 9.99929226e-01 8.62615214e-18 2.03920684e-17 1.40808811e-06 3.39725510e-07 3.39725510e-07 3.56292512e-03 3.56292512e-03 6.95524665e-03 2.36772248e-02 5.74516069e-18 1.62530979e-02 2.89613643e-03 1.25463872e-02 1.14254126e-02 1.02025171e-02 8.76617347e-03
1.34834835e-01 -2.06697975e+01 -2.06697975e+01 -2.50725145e-02 -6.80090182e-03 -6.80089152e-03 7.13254574e+01 7.13254574e+01 9.94820267e+01 1.57033492e+02 1.73372523e+02 2.32933468e+02 3.22701110e+02 3.45624911e+02 4.51845891e+02 5.64480302e+02 6.80882615e+02 8.24321578e-16 1.00776390e-15 4.38320282e-05 9.33462667e-17 2.98278725e-14 1.99621485e-16 1.42359978e-28 9.99376732e-01 9.89902934e-01 1.84253403e-15 9.88222110e-01 4.95797961e-01 8.95987207e-01 9.98412973e-01 9.99729699e-01 9.99929377e-01 1.36483858e-17 2.25774763e-17 1.40808811e-06 3.39725510e-07 3.39725510e-07 3.56292512e-03 3.56292512e-03 6.96740999e-03 2.36682348e-02 3.44760356e-17 1.62255595e-02 2.89258672e-03 1.25295984e-02 1.14114693e-02 1.01909801e-02 8.75668630e-03
1.34984985e-01 -2.06697975e+01 -2.06697975e+01 -2.50725134e-02 -6.80089455e-03 -6.80088717e-03 7.13254574e+01 7.13254574e+01 9.94682774e+01 1.56934945e+02 1.73372523e+02 2.32904393e+02 3.22704516e+02 3.45602215e+02 4.51836239e+02 5.64474403e+02 6.80879060e+02 6.54953990e-16 7.84889646e-16 4.38808389e-05 1.13998535e-13 3.42488981e-16 1.42580495e-28 1.88817120e-16 9.99374587e-01 9.89918443e-01 5.04117634e-16 9.88268388e-01 4.95594009e-01 8.96029426e-01 9.98416561e-01 9.99730293e-01 9.99929528e-01 1.62778745e-17 3.35734030e-18 1.40808811e-06 3.39725510e-07 3.39725510e-07 3.56292512e-03 3.56292512e-03 6.97958506e-03 2.36591673e-02 2.96387208e-18 1.61980985e-02 2.88904300e-03 1.25128525e-02 1.13975602e-02 1.01794691e-02 8.74721923e-03
1.35135135e-01 -2.06697975e+01 -2.06697975e+01 -2.50725144e-02 -6.80090576e-03 -6.80089921e-03 7.13254574e+01 7.13254574e+01 9.94544935e+01 1.56836517e+02 1.73372523e+02 2.32875444e+02 3.22707916e+02 3.45579593e+02 4.51826620e+02 5.64468524e+02 6.80875517e+02 4.38664520e-16 1.08199129e-15 4.39296497e-05 1.14140784e-13 3.57467601e-16 1.42508628e-28 2.61552574e-16 9.99372436e-01 9.89933979e-01 3.63873703e-15 9.88314410e-01 4.95390141e-01 8.96071822e-01 9.98420138e-01 9.99730884e-01 9.99929678e-01 5.15340299e-18 2.91290547e-17 1.40808811e-06 3.39725510e-07 3.39725510e-07 3.56292512e-03 3.56292512e-03 6.99177183e-03 2.36500226e-02 6.63926918e-17 1.61707148e-02 2.88550526e-03 1.24961495e-02 1.13836850e-02 1.01679838e-02 8.73777220e-03
1.35285285e-01 -2.06697975e+01 -2.06697975e+01 -2.50725148e-02 -6.80089439e-03 -6.80089428e-03 7.13254574e+01 7.13254574e+01 9.94406748e+01 1.56738209e+02 1.73372523e+02 2.32846619e+02 3.22711309e+02 3.45557045e+02 4.51817036e+02 5.64462665e+02 6.80871986e+02 4.02768703e-16 7.30399221e-16 4.39784604e-05 1.02190070e-27 6.00076092e-28 4.42769183e-45 1.93383766e-27 9.99370280e-01 9.89949542e-01 6.05042344e-15 9.88360177e-01 4.95186358e-01 8.96114394e-01 9.98423703e-01 9.99731474e-01 9.99929828e-01 8.39418728e-18 1.38659804e-17 1.40808811e-06 3.39725510e-07 3.39725510e-07 3.56292512e-03 3.56292512e-03 7.00397025e-03 2.36408014e-02 1.19964209e-16 1.61434082e-02 2.88197348e-03 1.24794891e-02 1.13698436e-02 1.01565243e-02 8.72834515e-03
1.35435435e-01 -2.06697975e+01 -2.06697975e+01 -2.50725143e-02 -6.80089931e-03 -6.80089307e-03 7.13254574e+01 7.13254574e+01 9.94268212e+01 1.56640020e+02 1.73372523e+02 2.32817919e+02 3.22714696e+02 3.45534571e+02 4.51807485e+02 5.64456825e+02 6.80868466e+02 6.90381893e-16 8.94536035e-16 4.40272711e-05 2.36512138e-16 7.21451641e-14 1.42219881e-28 2.46708516e-16 9.99368118e-01 9.89965133e-01 3.86196394e-16 9.88405690e-01 4.94982660e-01 8.96157139e-01 9.98427256e-01 9.99732062e-01 9.99929978e-01 3.64516860e-18 2.54082016e-17 1.40808811e-06 3.39725510e-07 3.39725510e-07 3.56292512e-03 3.56292512e-03 7.01618029e-03 2.36315039e-02 1.10191523e-17 1.61161786e-02 2.87844767e-03 1.24628712e-02 1.13560360e-02 1.01450904e-02 8.71893803e-03
1.35585586e-01 -2.06697975e+01 -2.06697975e+01 -2.50725136e-02 -6.80089946e-03 -6.80089395e-03 7.13254574e+01 7.13254574e+01 9.94129328e+01 1.56541952e+02 1.73372523e+02 2.32789342e+02 3.22718076e+02 3.45512170e+02 4.51797968e+02 5.64451005e+02 6.80864958e+02 1.28098335e-15 4.23786297e-16 4.40760818e-05 4.31903396e-16 1.14552734e-13 1.25253900e-16 1.42294200e-28 9.99365950e-01 9.89980749e-01 1.00081451e-15 9.88450951e-01 4.94779046e-01 8.96200058e-01 9.98430797e-01 9.99732647e-01 9.99930126e-01 2.71355550e-17 6.26488276e-18 1.40808811e-06 3.39725510e-07 3.39725510e-07 3.56292512e-03 3.56292512e-03 7.02840191e-03 2.36221308e-02 2.59255011e-17 1.60890258e-02 2.87492779e-03 1.24462957e-02 1.13422620e-02 1.01336820e-02 8.70955076e-03
1.35735736e-01 -2.06697975e+01 -2.06697975e+01 -2.50725157e-02 -6.80090463e-03 -6.80089013e-03 7.13254574e+01 7.13254574e+01 9.93990094e+01 1.56444005e+02 1.73372523e+02 2.32760887e+02 3.22721450e+02 3.45489843e+02 4.51788484e+02 5.64445205e+02 6.80861460e+02 9.10907454e-16 5.12741986e-16 4.41248925e-05 2.03503757e-16 1.14695326e-13 1.42223112e-28 3.68283896e-16 9.99363777e-01 9.89996392e-01 2.69315394e-15 9.88495963e-01 4.94575517e-01 8.96243147e-01 9.98434327e-01 9.99733231e-01 9.99930275e-01 3.00590335e-17 1.25392562e-17 1.40808811e-06 3.39725510e-07 3.39725510e-07 3.56292512e-03 3.56292512e-03 7.04063508e-03 2.36126823e-02 3.77944063e-17 1.60619496e-02 2.87141384e-03 1.24297625e-02 1.13285215e-02 1.01222992e-02 8.70018328e-03
1.35885886e-01 -2.06697975e+01 -2.06697975e+01 -2.50725136e-02 -6.80090055e-03 -6.80089300e-03 7.13254574e+01 7.13254574e+01 9.93850510e+01 1.56346180e+02 1.73372523e+02 2.32732555e+02 3.22724818e+02 3.45467588e+02 4.51779033e+02 5.64439423e+02 6.80857975e+02 4.78809672e-16 1.37792101e-15 4.41737033e-05 1.14777504e-13 3.28000318e-16 1.07697016e-22 3.60193057e-16 9.99361599e-01 9.90012060e-01 3.62866716e-16 9.88540725e-01 4.94372073e-01 8.96286407e-01 9.98437845e-01 9.99733813e-01 9.99930423e-01 1.50069111e-17 4.47409521e-17 1.40808811e-06 3.39725510e-07 3.39725510e-07 3.56292512e-03 3.56292512e-03 7.05287976e-03 2.36031589e-02 5.15555735e-18 1.60349498e-02 2.86790581e-03 1.24132714e-02 1.13148143e-02 1.01109416e-02 8.69083554e-03
1.36036036e-01 -2.06697975e+01 -2.06697975e+01 -2.50725135e-02 -6.80089573e-03 -6.80089507e-03 7.13254574e+01 7.13254574e+01 9.93710574e+01 1.56248476e+02 1.73372523e+02 2.32704345e+02 3.22728179e+02 3.45445405e+02 4.51769616e+02 5.64433661e+02 6.80854500e+02 4.62235945e-16 7.37747472e-16 4.42225140e-05 1.14831065e-13 3.74310180e-15 1.93138333e-16 1.34910148e-28 9.99359414e-01 9.90027753e-01 7.75989219e-16 9.88585242e-01 4.94168714e-01 8.96329836e-01 9.98441352e-01 9.99734394e-01 9.99930570e-01 6.41670074e-18 2.23080403e-17 1.40808811e-06 3.39725510e-07 3.39725510e-07 3.56292512e-03 3.56292512e-03 7.06513590e-03 2.35935611e-02 2.04941127e-17 1.60080262e-02 2.86440368e-03 1.23968223e-02 1.13011404e-02 1.00996094e-02 8.68150748e-03
1.36186186e-01 -2.06697975e+01 -2.06697975e+01 -2.50725140e-02 -6.80089525e-03 -6.80088828e-03 7.13254574e+01 7.13254574e+01 9.93570287e+01 1.56150895e+02 1.73372523e+02 2.32676255e+02 3.22731534e+02 3.45423295e+02 4.51760231e+02 5.64427918e+02 6.80851037e+02 5.17053162e-16 5.66035172e-16 4.42713247e-05 3.65398889e-16 1.15074007e-13 3.06220648e-16 1.34839621e-28 9.99357225e-01 9.90043470e-01 2.84298140e-15 9.88629512e-01 4.93965440e-01 8.96373432e-01 9.98444846e-01 9.99734972e-01 9.99930717e-01 1.02166249e-17 1.30105601e-17 1.40808811e-06 3.39725510e-07 3.39725510e-07 3.56292512e-03 3.56292512e-03 7.07740347e-03 2.35838893e-02 4.85273495e-17 1.59811787e-02 2.86090745e-03 1.23804150e-02 1.12874996e-02 1.00883024e-02 8.67219902e-03
1.36336336e-01 -2.06697975e+01 -2.06697975e+01 -2.50725143e-02 -6.80089254e-03 -6.80089129e-03 7.13254574e+01 7.13254574e+01 9.93429647e+01 1.56053436e+02 1.73372523e+02 2.32648285e+02 3.22734883e+02 3.45401256e+02 4.51750878e+02 5.64422195e+02 6.80847585e+02 1.32085282e-15 1.25770467e-15 4.43201354e-05 5.44328460e-16 3.01101175e-14 4.43306439e-17 1.34477572e-28 9.99355029e-01 9.90059211e-01 4.10783514e-15 9.88673540e-01 4.93762251e-01 8.96417194e-01 9.98448330e-01 9.99735548e-01 9.99930864e-01 3.79682178e-17 3.43049408e-17 1.40808811e-06 3.39725510e-07 3.39725510e-07 3.56292512e-03 3.56292512e-03 7.08968243e-03 2.35741439e-02 7.85135082e-17 1.59544071e-02 2.85741709e-03 1.23640494e-02 1.12738919e-02 1.00770205e-02 8.66291013e-03
1.36486486e-01 -2.06697975e+01 -2.06697975e+01 -2.50725145e-02 -6.80089730e-03 -6.80089363e-03 7.13254574e+01 7.13254574e+01 9.93288654e+01 1.55956100e+02 1.73372523e+02 2.32620435e+02 3.22738225e+02 3.45379289e+02 4.51741559e+02 5.64416490e+02 6.80844144e+02 4.96767759e-16 9.40409986e-16 4.43689461e-05 2.33317806e-16 3.01503468e-14 3.51557430e-16 1.27335927e-28 9.99352828e-01 9.90074976e-01 8.02207548e-15 9.88717325e-01 4.93559147e-01 8.96461122e-01 9.98451802e-01 9.99736123e-01 9.99931010e-01 7.53730866e-18 2.03755677e-17 1.40808811e-06 3.39725510e-07 3.39725510e-07 3.56292512e-03 3.56292512e-03 7.10197273e-03 2.35643254e-02 1.74399767e-16 1.59277111e-02 2.85393259e-03 1.23477254e-02 1.12603170e-02 1.00657637e-02 8.65364072e-03
1.36636637e-01 -2.06697975e+01 -2.06697975e+01 -2.50725140e-02 -6.80089882e-03 -6.80088522e-03 7.13254574e+01 7.13254574e+01 9.93147307e+01 1.55858888e+02 1.73372523e+02 2.32592703e+02 3.22741561e+02 3.45357393e+02 4.51732271e+02 5.64410804e+02 6.80840715e+02 1.11012299e-15 1.00131840e-15 4.44177568e-05 9.09751355e-17 3.02020510e-14 1.27266294e-28 2.10350673e-16 9.99350622e-01 9.90090764e-01 9.88451543e-16 9.88760870e-01 4.93356128e-01 8.96505213e-01 9.98455263e-01 9.99736696e-01 9.99931155e-01 1.16647354e-17 2.75918968e-17 1.40808811e-06 3.39725510e-07 3.39725510e-07 3.56292512e-03 3.56292512e-03 7.11427434e-03 2.35544341e-02 1.67371838e-17 1.59010907e-02 2.85045395e-03 1.23314428e-02 1.12467750e-02 1.00545318e-02 8.64439075e-03
1.36786787e-01 -2.06697975e+01 -2.06697975e+01 -2.50725132e-02 -6.80089434e-03 -6.80089427e-03 7.13254574e+01 7.13254574e+01 9.93005605e+01 1.55761799e+02 1.73372523e+02 2.32565090e+02 3.22744891e+02 3.45335568e+02 4.51723016e+02 5.64405137e+02 6.80837296e+02 2.30515863e-15 6.20052006e-16 4.44665676e-05 6.90943126e-14 2.31796225e-14 3.92502065e-19 3.22005595e-17 9.99348409e-01 9.90106574e-01 1.50284270e-15 9.88804176e-01 4.93153195e-01 8.96549467e-01 9.98458712e-01 9.99737267e-01 9.99931300e-01 9.29815836e-18 2.31945299e-18 1.40808811e-06 3.39725510e-07 3.39725510e-07 3.56292512e-03 3.56292512e-03 7.12658721e-03 2.35444706e-02 2.44945606e-17 1.58745456e-02 2.84698115e-03 1.23152016e-02 1.12332656e-02 1.00433249e-02 8.63516016e-03
1.36936937e-01 -2.06697975e+01 -2.06697975e+01 -2.50725144e-02 -6.80089439e-03 -6.80089428e-03 7.13254574e+01 7.13254574e+01 9.92863548e+01 1.55664835e+02 1.73372523e+02 2.32537595e+02 3.22748214e+02 3.45313814e+02 4.51713793e+02 5.64399489e+02 6.80833889e+02 1.18709554e-15 6.28738193e-16 4.45153783e-05 1.00881449e-27 5.92391668e-28 4.38651479e-45 1.90907342e-27 9.99346191e-01 9.90122407e-01 2.80023561e-15 9.88847245e-01 4.92950346e-01 8.96593882e-01 9.98462150e-01 9.99737836e-01 9.99931445e-01 7.58192864e-18 4.50830577e-18 1.40808811e-06 3.39725510e-07 3.39725510e-07 3.56292512e-03 3.56292512e-03 7.13891131e-03 2.35344352e-02 4.67886449e-17 1.58480756e-02 2.84351418e-03 1.22990015e-02 1.12197887e-02 1.00321427e-02 8.62594887e-03
1.37087087e-01 -2.06697975e+01 -2.06697975e+01 -2.50725134e-02 -6.80089602e-03 -6.80089099e-03 7.13254574e+01 7.13254574e+01 9.92721134e+01 1.55567996e+02 1.73372523e+02 2.32510217e+02 3.22751531e+02 3.45292129e+02 4.51704602e+02 5.64393859e+02 6.80830492e+02 2.73839135e-16 7.75920515e-16 4.45641890e-05 1.15799223e-13 4.81247949e-16 4.59011711e-16 1.27351189e-28 9.99343968e-01 9.90138261e-01 3.93151081e-16 9.88890079e-01 4.92747583e-01 8.96638457e-01 9.98465577e-01 9.99738403e-01 9.99931589e-01 5.72686893e-18 1.07537185e-17 1.40808811e-06 3.39725510e-07 3.39725510e-07 3.56292512e-03 3.56292512e-03 7.15124659e-03 2.35243283e-02 5.80620972e-18 1.58216806e-02 2.84005302e-03 1.22828424e-02 1.12063443e-02 1.00209853e-02 8.61675685e-03
1.37237237e-01 -2.06697975e+01 -2.06697975e+01 -2.50725147e-02 -6.80089134e-03 -6.80088942e-03 7.13254574e+01 7.13254574e+01 9.92578364e+01 1.55471281e+02 1.73372523e+02 2.32482955e+02 3.22754842e+02 3.45270515e+02 4.51695443e+02 5.64388248e+02 6.80827106e+02 4.33698995e-16 1.29868134e-15 4.46129997e-05 3.02728279e-14 3.25924880e-16 3.30716565e-16 1.27276521e-28 9.99341739e-01 9.90154136e-01 1.38185348e-15 9.88932678e-01 4.92544905e-01 8.96683191e-01 9.98468992e-01 9.99738969e-01 9.99931733e-01 7.44679275e-18 3.11457908e-17 1.40808811e-06 3.39725510e-07 3.39725510e-07 3.56292512e-03 3.56292512e-03 7.16359300e-03 2.35141503e-02 1.75536814e-17 1.57953603e-02 2.83659766e-03 1.22667242e-02 1.11929323e-02 1.00098525e-02 8.60758402e-03
1.37387387e-01 -2.06697975e+01 -2.06697975e+01 -2.50725141e-02 -6.80089451e-03 -6.80089081e-03 7.13254574e+01 7.13254574e+01 9.92435236e+01 1.55374692e+02 1.73372523e+02 2.32455809e+02 3.22758147e+02 3.45248970e+02 4.51686315e+02 5.64382656e+02 6.80823731e+02 2.18396940e-16 9.15294184e-16 4.46618104e-05 1.76404133e-16 3.03425377e-14 1.98144008e-16 1.27207825e-28 9.99339504e-01 9.90170032e-01 2.28284525e-15 9.88975044e-01 4.92342312e-01 8.96728083e-01 9.98472396e-01 9.99739532e-01 9.99931877e-01 6.83365597e-18 2.60467348e-18 1.40808811e-06 3.39725510e-07 3.39725510e-07 3.56292512e-03 3.56292512e-03 7.17595051e-03 2.35039017e-02 5.64456239e-17 1.57691146e-02 2.83314810e-03 1.22506468e-02 1.11795524e-02 9.99874422e-03 8.59843034e-03
1.37537538e-01 -2.06697975e+01 -2.06697975e+01 -2.50725138e-02 -6.80089436e-03 -6.80088298e-03 7.13254574e+01 7.13254574e+01 9.92291750e+01 1.55278229e+02 1.73372523e+02 2.32428778e+02 3.22761446e+02 3.45227495e+02 4.51677219e+02 5.64377082e+02 6.80820367e+02 8.37009057e-16 5.60856386e-16 4.47106212e-05 2.70268762e-16 1.16187311e-13 1.46369673e-16 1.27430978e-28 9.99337264e-01 9.90185948e-01 8.25876603e-16 9.89017180e-01 4.92139805e-01 8.96773131e-01 9.98475790e-01 9.99740094e-01 9.99932020e-01 2.35700076e-17 8.64473640e-18 1.40808811e-06 3.39725510e-07 3.39725510e-07 3.56292512e-03 3.56292512e-03 7.18831907e-03 2.34935829e-02 1.50186598e-17 1.57429433e-02 2.82970431e-03 1.22346101e-02 1.11662047e-02 9.98766047e-03 8.58929573e-03
1.37687688e-01 -2.06697975e+01 -2.06697975e+01 -2.50725135e-02 -6.80089824e-03 -6.80089475e-03 7.13254574e+01 7.13254574e+01 9.92147905e+01 1.55181892e+02 1.73372523e+02 2.32401861e+02 3.22764738e+02 3.45206089e+02 4.51668154e+02 5.64371526e+02 6.80817014e+02 4.66458400e-16 1.09750672e-15 4.47594319e-05 1.88410745e-16 3.04353684e-14 1.27070981e-28 1.17772429e-16 9.99335018e-01 9.90201884e-01 1.43091393e-15 9.89059086e-01 4.91937383e-01 8.96818334e-01 9.98479172e-01 9.99740654e-01 9.99932162e-01 1.28042671e-17 8.77364224e-19 1.40808811e-06 3.39725510e-07 3.39725510e-07 3.56292512e-03 3.56292512e-03 7.20069863e-03 2.34831943e-02 1.77182260e-17 1.57168462e-02 2.82626628e-03 1.22186138e-02 1.11528889e-02 9.97660112e-03 8.58018015e-03
1.37837838e-01 -2.06697975e+01 -2.06697975e+01 -2.50725137e-02 -6.80090483e-03 -6.80090318e-03 7.13254574e+01 7.13254574e+01 9.92003700e+01 1.55085682e+02 1.73372523e+02 2.32375059e+02 3.22768024e+02 3.45184751e+02 4.51659121e+02 5.64365989e+02 6.80813672e+02 5.56309034e-16 8.55225096e-16 4.48082426e-05 3.04776771e-14 4.35886706e-16 2.60973589e-16 1.27290380e-28 9.99332767e-01 9.90217840e-01 5.12911673e-15 9.89100763e-01 4.91735047e-01 8.96863691e-01 9.98482543e-01 9.99741212e-01 9.99932304e-01 6.58564069e-18 3.45041131e-18 1.40808811e-06 3.39725510e-07 3.39725510e-07 3.56292512e-03 3.56292512e-03 7.21308916e-03 2.34727363e-02 1.11259665e-16 1.56908232e-02 2.82283401e-03 1.22026580e-02 1.11396050e-02 9.96556609e-03 8.57108353e-03
1.37987988e-01 -2.06697975e+01 -2.06697975e+01 -2.50725140e-02 -6.80089404e-03 -6.80087954e-03 7.13254574e+01 7.13254574e+01 9.91859135e+01 1.54989599e+02 1.73372523e+02 2.32348370e+02 3.22771304e+02 3.45163482e+02 4.51650118e+02 5.64360470e+02 6.80810340e+02 8.15847382e-16 6.31544528e-16 4.48570533e-05 3.04570883e-14 1.32218417e-16 1.27222420e-28 1.14714377e-16 9.99330510e-01 9.90233814e-01 3.40196805e-15 9.89142215e-01 4.91532796e-01 8.96909200e-01 9.98485903e-01 9.99741769e-01 9.99932446e-01 2.18045386e-17 9.80326188e-19 1.40808811e-06 3.39725510e-07 3.39725510e-07 3.56292512e-03 3.56292512e-03 7.22549060e-03 2.34622092e-02 7.50688779e-17 1.56648739e-02 2.81940748e-03 1.21867423e-02 1.11263529e-02 9.95455532e-03 8.56200581e-03
1.38138138e-01 -2.06697975e+01 -2.06697975e+01 -2.50725145e-02 -6.80090590e-03 -6.80089911e-03 7.13254574e+01 7.13254574e+01 9.91714209e+01 1.54893643e+02 1.73372523e+02 2.32321794e+02 3.22774578e+02 3.45142281e+02 4.51641146e+02 5.64354969e+02 6.80807019e+02 5.64163311e-16 3.84609275e-16 4.49058640e-05 4.15507554e-16 1.16704056e-13 1.27444965e-28 3.23468211e-16 9.99328247e-01 9.90249807e-01 1.52363855e-15 9.89183441e-01 4.91330631e-01 8.96954862e-01 9.98489253e-01 9.99742324e-01 9.99932587e-01 1.24018727e-17 8.59309934e-18 1.40808811e-06 3.39725510e-07 3.39725510e-07 3.56292512e-03 3.56292512e-03 7.23790290e-03 2.34516135e-02 2.45556634e-17 1.56389982e-02 2.81598668e-03 1.21708668e-02 1.11131324e-02 9.94356871e-03 8.55294695e-03
1.38288288e-01 -2.06697975e+01 -2.06697975e+01 -2.50725136e-02 -6.80090423e-03 -6.80087825e-03 7.13254574e+01 7.13254574e+01 9.91568921e+01 1.54797815e+02 1.73372523e+02 2.32295330e+02 3.22777846e+02 3.45121148e+02 4.51632206e+02 5.64349486e+02 6.80803708e+02 1.24304858e-15 8.13322730e-16 4.49546748e-05 1.16811305e-13 1.39306502e-16 1.82799535e-16 1.27377024e-28 9.99325979e-01 9.90265819e-01 1.90066014e-15 9.89224443e-01 4.91128551e-01 8.97000673e-01 9.98492591e-01 9.99742877e-01 9.99932728e-01 3.81436383e-17 2.41696262e-17 1.40808811e-06 3.39725510e-07 3.39725510e-07 3.56292512e-03 3.56292512e-03 7.25032603e-03 2.34409496e-02 3.86736042e-17 1.56131960e-02 2.81257160e-03 1.21550312e-02 1.10999435e-02 9.93260619e-03 8.54390688e-03
1.38438438e-01 -2.06697975e+01 -2.06697975e+01 -2.50725147e-02 -6.80088673e-03 -6.80087962e-03 7.13254574e+01 7.13254574e+01 9.91423270e+01 1.54702115e+02 1.73372523e+02 2.32268977e+02 3.22781107e+02 3.45100083e+02 4.51623295e+02 5.64344020e+02 6.80800408e+02 4.94696073e-16 1.41080411e-15 4.50034855e-05 1.80937198e-16 7.37601493e-14 1.27164428e-28 4.20595477e-16 9.99323705e-01 9.90281848e-01 2.08150773e-16 9.89265224e-01 4.90926557e-01 8.97046634e-01 9.98495918e-01 9.99743428e-01 9.99932868e-01 4.54564701e-18 3.70697146e-17 1.40808811e-06 3.39725510e-07 3.39725510e-07 3.56292512e-03 3.56292512e-03 7.26275994e-03 2.34302179e-02 1.12422427e-18 1.55874670e-02 2.80916221e-03 1.21392355e-02 1.10867860e-02 9.92166769e-03 8.53488554e-03
1.38588589e-01 -2.06697975e+01 -2.06697975e+01 -2.50725139e-02 -6.80089439e-03 -6.80089428e-03 7.13254574e+01 7.13254574e+01 9.91277256e+01 1.54606544e+02 1.73372523e+02 2.32242736e+02 3.22784363e+02 3.45079085e+02 4.51614416e+02 5.64338573e+02 6.80797119e+02 9.89150951e-16 4.33193130e-16 4.50522962e-05 9.96055053e-28 5.84899125e-28 4.34595400e-45 1.88492755e-27 9.99321426e-01 9.90297894e-01 2.12792843e-15 9.89305783e-01 4.90724648e-01 8.97092744e-01 9.98499235e-01 9.99743977e-01 9.99933008e-01 2.13012173e-18 9.71182982e-18 1.40808811e-06 3.39725510e-07 3.39725510e-07 3.56292512e-03 3.56292512e-03 7.27520457e-03 2.34194188e-02 4.18578330e-17 1.55618111e-02 2.80575852e-03 1.21234795e-02 1.10736599e-02 9.91075312e-03 8.52588289e-03
1.38738739e-01 -2.06697975e+01 -2.06697975e+01 -2.50725147e-02 -6.80091031e-03 -6.80089773e-03 7.13254574e+01 7.13254574e+01 9.91130878e+01 1.54511101e+02 1.73372523e+02 2.32216605e+02 3.22787612e+02 3.45058153e+02 4.51605566e+02 5.64333144e+02 6.80793840e+02 2.79892982e-16 4.60953881e-16 4.51011069e-05 1.93866781e-16 1.17197880e-13 4.93503664e-16 1.27174279e-28 9.99319141e-01 9.90313957e-01 1.06301010e-15 9.89346124e-01 4.90522826e-01 8.97139000e-01 9.98502541e-01 9.99744525e-01 9.99933147e-01 7.25411720e-18 1.58132982e-17 1.40808811e-06 3.39725510e-07 3.39725510e-07 3.56292512e-03 3.56292512e-03 7.28765988e-03 2.34085526e-02 2.05398365e-17 1.55362280e-02 2.80236051e-03 1.21077631e-02 1.10605649e-02 9.89986241e-03 8.51689885e-03
1.38888889e-01 -2.06697975e+01 -2.06697975e+01 -2.50725146e-02 -6.80089477e-03 -6.80089174e-03 7.13254574e+01 7.13254574e+01 9.90984135e+01 1.54415788e+02 1.73372523e+02 2.32190584e+02 3.22790856e+02 3.45037289e+02 4.51596747e+02 5.64327732e+02 6.80790572e+02 3.12773858e-16 3.72748282e-16 4.51499176e-05 8.87513882e-16 1.17309515e-13 4.06875439e-16 1.28391742e-28 9.99316850e-01 9.90330037e-01 3.03152137e-15 9.89386247e-01 4.90321089e-01 8.97185401e-01 9.98505837e-01 9.99745071e-01 9.99933286e-01 7.78208524e-19 5.83778871e-18 1.40808811e-06 3.39725510e-07 3.39725510e-07 3.56292512e-03 3.56292512e-03 7.30012582e-03 2.33976197e-02 6.29099004e-17 1.55107176e-02 2.79896817e-03 1.20920862e-02 1.10475011e-02 9.88899548e-03 8.50793339e-03
1.39039039e-01 -2.06697975e+01 -2.06697975e+01 -2.50725142e-02 -6.80090297e-03 -6.80088889e-03 7.13254574e+01 7.13254574e+01 9.90837027e+01 1.54320604e+02 1.73372523e+02 2.32164672e+02 3.22794093e+02 3.45016491e+02 4.51587958e+02 5.64322338e+02 6.80787313e+02 1.01003433e-15 8.47712858e-16 4.51987284e-05 3.05380275e-14 4.93519335e-17 9.98756080e-23 1.19390505e-16 9.99314554e-01 9.90346133e-01 1.57134348e-15 9.89426153e-01 4.90119438e-01 8.97231948e-01 9.98509121e-01 9.99745615e-01 9.99933425e-01 3.22764754e-17 2.42893864e-17 1.40808811e-06 3.39725510e-07 3.39725510e-07 3.56292512e-03 3.56292512e-03 7.31260235e-03 2.33866206e-02 3.78322746e-17 1.54852797e-02 2.79558148e-03 1.20764486e-02 1.10344683e-02 9.87815226e-03 8.49898643e-03
1.39189189e-01 -2.06697975e+01 -2.06697975e+01 -2.50725140e-02 -6.80089201e-03 -6.80088962e-03 7.13254574e+01 7.13254574e+01 9.90689553e+01 1.54225550e+02 1.73372523e+02 2.32138869e+02 3.22797324e+02 3.44995759e+02 4.51579199e+02 5.64316962e+02 6.80784066e+02 9.98165446e-16 1.14381564e-15 4.52475391e-05 3.15760065e-16 3.07491168e-14 3.59129383e-16 1.27972028e-28 9.99312252e-01 9.90362245e-01 1.08600835e-15 9.89465844e-01 4.89917873e-01 8.97278637e-01 9.98512395e-01 9.99746158e-01 9.99933563e-01 1.79984137e-17 2.51097017e-17 1.40808811e-06 3.39725510e-07 3.39725510e-07 3.56292512e-03 3.56292512e-03 7.32508940e-03 2.33755556e-02 1.10498066e-17 1.54599140e-02 2.79220043e-03 1.20608502e-02 1.10214664e-02 9.86733266e-03 8.49005792e-03
1.39339339e-01 -2.06697975e+01 -2.06697975e+01 -2.50725142e-02 -6.80090536e-03 -6.80090090e-03 7.13254574e+01 7.13254574e+01 9.90541712e+01 1.54130626e+02 1.73372523e+02 2.32113174e+02 3.22800549e+02 3.44975093e+02 4.51570470e+02 5.64311603e+02 6.80780828e+02 8.35943024e-16 3.18114218e-16 4.52963498e-05 1.11060278e-16 3.07759609e-14 1.27906154e-28 1.59334445e-16 9.99309945e-01 9.90378371e-01 2.72630285e-16 9.89505322e-01 4.89716394e-01 8.97325470e-01 9.98515659e-01 9.99746699e-01 9.99933701e-01 1.06533109e-17 2.10185153e-18 1.40808811e-06 3.39725510e-07 3.39725510e-07 3.56292512e-03 3.56292512e-03 7.33758694e-03 2.33644251e-02 1.45796068e-18 1.54346204e-02 2.78882502e-03 1.20452909e-02 1.10084952e-02 9.85653662e-03 8.48114782e-03
1.39489489e-01 -2.06697975e+01 -2.06697975e+01 -2.50725137e-02 -6.80088906e-03 -6.80088702e-03 7.13254574e+01 7.13254574e+01 9.90393504e+01 1.54035833e+02 1.73372523e+02 2.32087587e+02 3.22803768e+02 3.44954492e+02 4.51561771e+02 5.64306261e+02 6.80777601e+02 6.37586787e-16 3.08434430e-16 4.53451605e-05 7.76447025e-16 7.42836921e-14 1.30451358e-28 2.13496702e-16 9.99307632e-01 9.90394513e-01 1.55468430e-15 9.89544587e-01 4.89515000e-01 8.97372443e-01 9.98518912e-01 9.99747238e-01 9.99933838e-01 1.70356819e-17 3.64682531e-18 1.40808811e-06 3.39725510e-07 3.39725510e-07 3.56292512e-03 3.56292512e-03 7.35009491e-03 2.33532295e-02 3.89941651e-17 1.54093987e-02 2.78545522e-03 1.20297705e-02 1.09955547e-02 9.84576406e-03 8.47225605e-03
1.39639640e-01 -2.06697975e+01 -2.06697975e+01 -2.50725150e-02 -6.80088888e-03 -6.80088716e-03 7.13254574e+01 7.13254574e+01 9.90244927e+01 1.53941171e+02 1.73372523e+02 2.32062106e+02 3.22806981e+02 3.44933957e+02 4.51553100e+02 5.64300937e+02 6.80774384e+02 9.60130940e-16 1.25481872e-15 4.53939712e-05 3.52240015e-16 3.08722361e-14 2.66536578e-16 1.30244236e-28 9.99305313e-01 9.90410670e-01 1.98503411e-15 9.89583642e-01 4.89313693e-01 8.97419557e-01 9.98522154e-01 9.99747775e-01 9.99933975e-01 1.77310537e-18 3.32874029e-17 1.40808811e-06 3.39725510e-07 3.39725510e-07 3.56292512e-03 3.56292512e-03 7.36261326e-03 2.33419691e-02 3.30768419e-17 1.53842486e-02 2.78209103e-03 1.20142889e-02 1.09826449e-02 9.83501490e-03 8.46338258e-03
1.39789790e-01 -2.06697975e+01 -2.06697975e+01 -2.50725134e-02 -6.80090931e-03 -6.80087563e-03 7.13254574e+01 7.13254574e+01 9.90095982e+01 1.53846640e+02 1.73372523e+02 2.32036732e+02 3.22810189e+02 3.44913487e+02 4.51544460e+02 5.64295630e+02 6.80771177e+02 5.37143873e-16 2.96587410e-16 4.54427820e-05 1.06598029e-16 7.43074078e-14 1.03511518e-22 8.48681189e-17 9.99302989e-01 9.90426840e-01 1.33492505e-15 9.89622487e-01 4.89112472e-01 8.97466809e-01 9.98525386e-01 9.99748311e-01 9.99934111e-01 1.15436008e-17 4.89056416e-18 1.40808811e-06 3.39725510e-07 3.39725510e-07 3.56292512e-03 3.56292512e-03 7.37514194e-03 2.33306444e-02 2.92072542e-17 1.53591701e-02 2.77873244e-03 1.19988461e-02 1.09697654e-02 9.82428907e-03 8.45452734e-03
1.39939940e-01 -2.06697975e+01 -2.06697975e+01 -2.50725148e-02 -6.80089358e-03 -6.80089116e-03 7.13254574e+01 7.13254574e+01 9.89946667e+01 1.53752240e+02 1.73372523e+02 2.32011464e+02 3.22813390e+02 3.44893082e+02 4.51535849e+02 5.64290340e+02 6.80767980e+02 3.89184313e-16 9.03525983e-16 4.54915927e-05 1.18171390e-13 1.10515998e-15 1.30398560e-28 9.15316107e-17 9.99300659e-01 9.90443025e-01 1.21145945e-16 9.89661124e-01 4.88911337e-01 8.97514199e-01 9.98528608e-01 9.99748845e-01 9.99934248e-01 8.49497218e-18 2.90955234e-17 1.40808811e-06 3.39725510e-07 3.39725510e-07 3.56292512e-03 3.56292512e-03 7.38768089e-03 2.33192556e-02 2.71941067e-18 1.53341628e-02 2.77537942e-03 1.19834418e-02 1.09569164e-02 9.81358649e-03 8.44569027e-03
1.40090090e-01 -2.06697975e+01 -2.06697975e+01 -2.50725151e-02 -6.80090319e-03 -6.80090057e-03 7.13254574e+01 7.13254574e+01 9.89796981e+01 1.53657973e+02 1.73372523e+02 2.31986301e+02 3.22816585e+02 3.44872741e+02 4.51527266e+02 5.64285067e+02 6.80764793e+02 3.33005858e-16 4.27747820e-16 4.55404034e-05 9.95673015e-16 1.18319698e-13 1.53120685e-16 1.31471555e-28 9.99298324e-01 9.90459222e-01 1.79943699e-15 9.89699554e-01 4.88710288e-01 8.97561727e-01 9.98531819e-01 9.99749377e-01 9.99934383e-01 4.29538037e-18 1.29355554e-17 1.40808811e-06 3.39725510e-07 3.39725510e-07 3.56292512e-03 3.56292512e-03 7.40023007e-03 2.33078032e-02 2.82256265e-17 1.53092266e-02 2.77203198e-03 1.19680759e-02 1.09440976e-02 9.80290709e-03 8.43687133e-03
1.40240240e-01 -2.06697975e+01 -2.06697975e+01 -2.50725141e-02 -6.80089387e-03 -6.80089172e-03 7.13254574e+01 7.13254574e+01 9.89646925e+01 1.53563837e+02 1.73372523e+02 2.31961243e+02 3.22819774e+02 3.44852464e+02 4.51518713e+02 5.64279812e+02 6.80761617e+02 4.20191236e-16 2.99758040e-16 4.55892141e-05 1.18420804e-13 1.13650546e-15 1.31407199e-28 1.48181492e-16 9.99295983e-01 9.90475433e-01 1.54784372e-15 9.89737779e-01 4.88509325e-01 8.97609389e-01 9.98535020e-01 9.99749908e-01 9.99934518e-01 9.37878230e-18 4.52147337e-18 1.40808811e-06 3.39725510e-07 3.39725510e-07 3.56292512e-03 3.56292512e-03 7.41278942e-03 2.32962875e-02 2.93832214e-17 1.52843613e-02 2.76869010e-03 1.19527484e-02 1.09313089e-02 9.79225079e-03 8.42807046e-03
1.40390390e-01 -2.06697975e+01 -2.06697975e+01 -2.50725147e-02 -6.80090482e-03 -6.80089285e-03 7.13254574e+01 7.13254574e+01 9.89496497e+01 1.53469834e+02 1.73372523e+02 2.31936290e+02 3.22822958e+02 3.44832251e+02 4.51510189e+02 5.64274573e+02 6.80758450e+02 1.01300402e-15 2.41012879e-16 4.56380248e-05 1.83124782e-16 7.48017127e-14 1.31201865e-28 2.05079254e-16 9.99293636e-01 9.90491657e-01 1.33876209e-15 9.89775800e-01 4.88308448e-01 8.97657187e-01 9.98538211e-01 9.99750437e-01 9.99934653e-01 2.91487467e-17 2.08355612e-18 1.40808811e-06 3.39725510e-07 3.39725510e-07 3.56292512e-03 3.56292512e-03 7.42535888e-03 2.32847090e-02 9.40023863e-18 1.52595667e-02 2.76535377e-03 1.19374590e-02 1.09185503e-02 9.78161753e-03 8.41928760e-03
1.40540541e-01 -2.06697975e+01 -2.06697975e+01 -2.50725130e-02 -6.80089698e-03 -6.80089612e-03 7.13254574e+01 7.13254574e+01 9.89345696e+01 1.53375964e+02 1.73372523e+02 2.31911439e+02 3.22826135e+02 3.44812102e+02 4.51501693e+02 5.64269351e+02 6.80755293e+02 5.31917268e-16 3.20589510e-16 4.56868355e-05 1.18663834e-13 2.97651423e-15 1.31278990e-28 2.60933921e-16 9.99291284e-01 9.90507892e-01 3.28064061e-15 9.89813618e-01 4.88107658e-01 8.97705118e-01 9.98541391e-01 9.99750964e-01 9.99934788e-01 2.91689647e-18 4.18849625e-18 1.40808811e-06 3.39725510e-07 3.39725510e-07 3.56292512e-03 3.56292512e-03 7.43793840e-03 2.32730679e-02 5.39259479e-17 1.52348426e-02 2.76202297e-03 1.19222078e-02 1.09058217e-02 9.77100722e-03 8.41052270e-03
1.40690691e-01 -2.06697975e+01 -2.06697975e+01 -2.50725145e-02 -6.80090655e-03 -6.80088862e-03 7.13254574e+01 7.13254574e+01 9.89194522e+01 1.53282228e+02 1.73372523e+02 2.31886693e+02 3.22829307e+02 3.44792016e+02 4.51493226e+02 5.64264146e+02 6.80752146e+02 4.44444677e-16 7.43742950e-16 4.57356463e-05 1.50889088e-16 1.18829621e-13 1.04574690e-22 2.40928585e-16 9.99288926e-01 9.90524140e-01 9.61151187e-16 9.89851235e-01 4.87906953e-01 8.97753181e-01 9.98544562e-01 9.99751490e-01 9.99934922e-01 4.66925854e-18 2.99945682e-18 1.40808811e-06 3.39725510e-07 3.39725510e-07 3.56292512e-03 3.56292512e-03 7.45052793e-03 2.32613646e-02 8.92063335e-18 1.52101888e-02 2.75869770e-03 1.19069944e-02 1.08931229e-02 9.76041980e-03 8.40177571e-03
1.40840841e-01 -2.06697975e+01 -2.06697975e+01 -2.50725135e-02 -6.80090141e-03 -6.80089683e-03 7.13254574e+01 7.13254574e+01 9.89042975e+01 1.53188624e+02 1.73372523e+02 2.31862048e+02 3.22832472e+02 3.44771993e+02 4.51484788e+02 5.64258958e+02 6.80749010e+02 7.26453871e-16 2.81865054e-16 4.57844570e-05 3.10901230e-14 1.74766226e-16 1.30870171e-28 1.05495975e-16 9.99286563e-01 9.90540400e-01 3.13413516e-15 9.89888651e-01 4.87706336e-01 8.97801376e-01 9.98547722e-01 9.99752014e-01 9.99935055e-01 9.10906779e-18 5.11877838e-18 1.40808811e-06 3.39725510e-07 3.39725510e-07 3.56292512e-03 3.56292512e-03 7.46312742e-03 2.32495995e-02 6.32938737e-17 1.51856051e-02 2.75537794e-03 1.18918189e-02 1.08804538e-02 9.74985519e-03 8.39304657e-03
1.40990991e-01 -2.06697975e+01 -2.06697975e+01 -2.50725138e-02 -6.80089726e-03 -6.80088641e-03 7.13254574e+01 7.13254574e+01 9.88891053e+01 1.53095154e+02 1.73372523e+02 2.31837506e+02 3.22835632e+02 3.44752033e+02 4.51476378e+02 5.64253787e+02 6.80745882e+02 2.99769045e-16 3.82368561e-16 4.58332677e-05 1.19072896e-13 3.35406043e-16 1.31087925e-28 1.48751887e-16 9.99284194e-01 9.90556670e-01 6.43368371e-16 9.89925869e-01 4.87505804e-01 8.97849701e-01 9.98550872e-01 9.99752537e-01 9.99935189e-01 7.41599222e-18 4.23996677e-18 1.40808811e-06 3.39725510e-07 3.39725510e-07 3.56292512e-03 3.56292512e-03 7.47573679e-03 2.32377729e-02 1.68422320e-17 1.51610912e-02 2.75206368e-03 1.18766811e-02 1.08678144e-02 9.73931333e-03 8.38433524e-03
1.41141141e-01 -2.06697975e+01 -2.06697975e+01 -2.50725131e-02 -6.80089701e-03 -6.80088853e-03 7.13254574e+01 7.13254574e+01 9.88738756e+01 1.53001819e+02 1.73372523e+02 2.31813065e+02 3.22838786e+02 3.44732136e+02 4.51467996e+02 5.64248632e+02 6.80742765e+02 3.00537896e-16 9.38884680e-16 4.58820784e-05 3.04029794e-16 1.19198995e-13 9.41036795e-17 1.31024567e-28 9.99281820e-01 9.90572951e-01 1.92179631e-15 9.89962889e-01 4.87305359e-01 8.97898156e-01 9.98554012e-01 9.99753057e-01 9.99935321e-01 6.58704030e-18 3.21134773e-17 1.40808810e-06 3.39725510e-07 3.39725510e-07 3.56292512e-03 3.56292512e-03 7.48835600e-03 2.32258852e-02 3.26913907e-17 1.51366471e-02 2.74875491e-03 1.18615808e-02 1.08552045e-02 9.72879412e-03 8.37564165e-03
1.41291291e-01 -2.06697975e+01 -2.06697975e+01 -2.50725143e-02 -6.80089439e-03 -6.80089428e-03 7.13254574e+01 7.13254574e+01 9.88586083e+01 1.52908618e+02 1.73372523e+02 2.31788725e+02 3.22841934e+02 3.44712301e+02 4.51459642e+02 5.64243494e+02 6.80739658e+02 3.13080129e-16 4.66882749e-16 4.59308891e-05 9.75850897e-28 5.73034928e-28 4.28088998e-45 1.84669334e-27 9.99279440e-01 9.90589243e-01 8.63284838e-16 9.89999713e-01 4.87105001e-01 8.97946739e-01 9.98557142e-01 9.99753577e-01 9.99935454e-01 4.11856569e-18 1.16466386e-17 1.40808810e-06 3.39725510e-07 3.39725510e-07 3.56292512e-03 3.56292512e-03 7.50098500e-03 2.32139367e-02 5.57400083e-18 1.51122725e-02 2.74545161e-03 1.18465180e-02 1.08426241e-02 9.71829752e-03 8.36696575e-03
1.41441441e-01 -2.06697975e+01 -2.06697975e+01 -2.50725146e-02 -6.80089033e-03 -6.80088700e-03 7.13254574e+01 7.13254574e+01 9.88433033e+01 1.52815551e+02 1.73372523e+02 2.31764486e+02 3.22845076e+02 3.44692528e+02 4.51451317e+02 5.64238372e+02 6.80736560e+02 4.60109135e-16 5.51120405e-16 4.59796999e-05 2.17040541e-16 3.12204478e-14 1.30618369e-28 4.05261861e-16 9.99277054e-01 9.90605546e-01 1.34900167e-15 9.90036342e-01 4.86904729e-01 8.97995449e-01 9.98560262e-01 9.99754094e-01 9.99935586e-01 3.53889420e-18 4.24781493e-18 1.40808810e-06 3.39725510e-07 3.39725510e-07 3.56292512e-03 3.56292512e-03 7.51362372e-03 2.32019278e-02 2.92595420e-17 1.50879671e-02 2.74215379e-03 1.18314926e-02 1.08300729e-02 9.70782344e-03 8.35830750e-03
1.41591592e-01 -2.06697975e+01 -2.06697975e+01 -2.50725142e-02 -6.80089774e-03 -6.80089112e-03 7.13254574e+01 7.13254574e+01 9.88279606e+01 1.52722619e+02 1.73372523e+02 2.31740347e+02 3.22848213e+02 3.44672817e+02 4.51443019e+02 5.64233266e+02 6.80733472e+02 5.89402302e-16 7.46873392e-16 4.60285106e-05 7.54350557e-14 2.80025325e-16 1.76040854e-16 1.30695635e-28 9.99274663e-01 9.90621858e-01 1.62953095e-15 9.90072777e-01 4.86704543e-01 8.98044285e-01 9.98563372e-01 9.99754610e-01 9.99935717e-01 8.44452358e-18 1.13234102e-17 1.40808810e-06 3.39725510e-07 3.39725510e-07 3.56292512e-03 3.56292512e-03 7.52627210e-03 2.31898589e-02 3.60571537e-17 1.50637309e-02 2.73886141e-03 1.18165043e-02 1.08175511e-02 9.69737181e-03 8.34966683e-03
1.41741742e-01 -2.06697975e+01 -2.06697975e+01 -2.50725137e-02 -6.80089943e-03 -6.80089511e-03 7.13254574e+01 7.13254574e+01 9.88125801e+01 1.52629823e+02 1.73372523e+02 2.31716307e+02 3.22851343e+02 3.44653167e+02 4.51434749e+02 5.64228177e+02 6.80730393e+02 7.18253290e-16 1.46939236e-15 4.60773213e-05 7.55286994e-14 3.93840884e-16 1.97832879e-16 1.30633092e-28 9.99272266e-01 9.90638179e-01 2.08178336e-15 9.90109020e-01 4.86504444e-01 8.98093246e-01 9.98566472e-01 9.99755125e-01 9.99935849e-01 3.46440762e-18 3.12622073e-17 1.40808810e-06 3.39725510e-07 3.39725510e-07 3.56292512e-03 3.56292512e-03 7.53893009e-03 2.31777302e-02 4.11605809e-17 1.50395636e-02 2.73557448e-03 1.18015531e-02 1.08050583e-02 9.68694256e-03 8.34104371e-03
1.41891892e-01 -2.06697975e+01 -2.06697975e+01 -2.50725133e-02 -6.80090662e-03 -6.80089683e-03 7.13254574e+01 7.13254574e+01 9.87971618e+01 1.52537162e+02 1.73372523e+02 2.31692366e+02 3.22854468e+02 3.44633579e+02 4.51426506e+02 5.64223104e+02 6.80727324e+02 4.96098662e-16 1.79571697e-15 4.61261320e-05 1.05630624e-16 3.12943695e-14 1.30431223e-28 1.46078604e-16 9.99269864e-01 9.90654510e-01 5.12464835e-15 9.90145072e-01 4.86304432e-01 8.98142331e-01 9.98569562e-01 9.99755637e-01 9.99935979e-01 6.48319590e-19 4.71908103e-17 1.40808810e-06 3.39725510e-07 3.39725510e-07 3.56292512e-03 3.56292512e-03 7.55159762e-03 2.31655422e-02 8.39118632e-17 1.50154649e-02 2.73229298e-03 1.17866389e-02 1.07925946e-02 9.67653563e-03 8.33243806e-03
1.42042042e-01 -2.06697975e+01 -2.06697975e+01 -2.50725135e-02 -6.80089601e-03 -6.80089301e-03 7.13254574e+01 7.13254574e+01 9.87817055e+01 1.52444637e+02 1.73372523e+02 2.31668524e+02 3.22857587e+02 3.44614052e+02 4.51418291e+02 5.64218048e+02 6.80724265e+02 7.51626312e-16 8.06571429e-16 4.61749427e-05 3.13866304e-14 3.19579681e-16 1.30369163e-28 2.27049108e-16 9.99267457e-01 9.90670850e-01 3.07128174e-15 9.90180933e-01 4.86104506e-01 8.98191540e-01 9.98572643e-01 9.99756149e-01 9.99936110e-01 1.96124569e-17 2.21073379e-17 1.40808810e-06 3.39725510e-07 3.39725510e-07 3.56292512e-03 3.56292512e-03 7.56427464e-03 2.31532951e-02 6.11593032e-17 1.49914347e-02 2.72901690e-03 1.17717615e-02 1.07801599e-02 9.66615094e-03 8.32384985e-03
1.42192192e-01 -2.06697975e+01 -2.06697975e+01 -2.50725142e-02 -6.80089368e-03 -6.80088483e-03 7.13254574e+01 7.13254574e+01 9.87662112e+01 1.52352248e+02 1.73372523e+02 2.31644779e+02 3.22860700e+02 3.44594585e+02 4.51410104e+02 5.64213007e+02 6.80721215e+02 2.39180971e-15 7.16547750e-16 4.62237535e-05 3.14775725e-14 9.13162406e-17 8.57225851e-17 1.06935893e-22 9.99265043e-01 9.90687198e-01 5.19219012e-16 9.90216606e-01 4.85904667e-01 8.98240870e-01 9.98575714e-01 9.99756658e-01 9.99936240e-01 2.61833413e-17 1.56764368e-17 1.40808810e-06 3.39725510e-07 3.39725510e-07 3.56292512e-03 3.56292512e-03 7.57696109e-03 2.31409893e-02 4.54528802e-18 1.49674729e-02 2.72574623e-03 1.17569208e-02 1.07677540e-02 9.65578841e-03 8.31527902e-03
1.42342342e-01 -2.06697975e+01 -2.06697975e+01 -2.50725140e-02 -6.80089254e-03 -6.80089216e-03 7.13254574e+01 7.13254574e+01 9.87506788e+01 1.52259995e+02 1.73372523e+02 2.31621132e+02 3.22863808e+02 3.44575179e+02 4.51401943e+02 5.64207983e+02 6.80718174e+02 8.43393955e-16 3.22752859e-16 4.62725642e-05 3.13880437e-14 1.82522939e-15 1.30245522e-28 1.88036538e-16 9.99262624e-01 9.90703554e-01 4.16279251e-16 9.90252091e-01 4.85704915e-01 8.98290322e-01 9.98578775e-01 9.99757166e-01 9.99936369e-01 2.69502338e-18 3.91776273e-18 1.40808810e-06 3.39725510e-07 3.39725510e-07 3.56292512e-03 3.56292512e-03 7.58965690e-03 2.31286252e-02 9.55790835e-18 1.49435791e-02 2.72248095e-03 1.17421168e-02 1.07553768e-02 9.64544799e-03 8.30672552e-03
1.42492492e-01 -2.06697975e+01 -2.06697975e+01 -2.50725143e-02 -6.80089744e-03 -6.80088483e-03 7.13254574e+01 7.13254574e+01 9.87351083e+01 1.52167879e+02 1.73372523e+02 2.31597581e+02 3.22866909e+02 3.44555833e+02 4.51393810e+02 5.64202974e+02 6.80715143e+02 7.65912253e-16 1.01725451e-15 4.63213749e-05 3.14252528e-14 5.48451158e-17 1.44066152e-16 1.07295674e-22 9.99260200e-01 9.90719918e-01 1.93459469e-15 9.90287390e-01 4.85505249e-01 8.98339893e-01 9.98581826e-01 9.99757673e-01 9.99936499e-01 3.22681069e-18 9.35512033e-18 1.40808810e-06 3.39725510e-07 3.39725510e-07 3.56292512e-03 3.56292512e-03 7.60236201e-03 2.31162030e-02 4.56720405e-17 1.49197532e-02 2.71922106e-03 1.17273492e-02 1.07430282e-02 9.63512960e-03 8.29818930e-03
1.42642643e-01 -2.06697975e+01 -2.06697975e+01 -2.50725133e-02 -6.80090587e-03 -6.80089460e-03 7.13254574e+01 7.13254574e+01 9.87194996e+01 1.52075900e+02 1.73372523e+02 2.31574127e+02 3.22870005e+02 3.44536548e+02 4.51385704e+02 5.64197981e+02 6.80712122e+02 1.94165795e-15 4.85502546e-16 4.63701856e-05 1.36996575e-16 3.14840506e-14 1.30122516e-28 2.11139596e-16 9.99257770e-01 9.90736290e-01 1.07223528e-15 9.90322504e-01 4.85305671e-01 8.98389584e-01 9.98584868e-01 9.99758177e-01 9.99936628e-01 5.46371610e-17 9.79735134e-18 1.40808810e-06 3.39725510e-07 3.39725510e-07 3.56292512e-03 3.56292512e-03 7.61507637e-03 2.31037231e-02 1.40145491e-17 1.48959950e-02 2.71596655e-03 1.17126179e-02 1.07307082e-02 9.62483317e-03 8.28967030e-03
1.42792793e-01 -2.06697975e+01 -2.06697975e+01 -2.50725142e-02 -6.80089023e-03 -6.80088898e-03 7.13254574e+01 7.13254574e+01 9.87038526e+01 1.51984058e+02 1.73372523e+02 2.31550769e+02 3.22873096e+02 3.44517322e+02 4.51377624e+02 5.64193005e+02 6.80709110e+02 6.62645325e-16 1.52837353e-15 4.64189963e-05 3.15166058e-14 5.35224293e-16 1.30061250e-28 1.55268564e-16 9.99255335e-01 9.90752669e-01 1.01499002e-15 9.90357433e-01 4.85106179e-01 8.98439393e-01 9.98587900e-01 9.99758681e-01 9.99936756e-01 2.25809444e-18 2.58891878e-17 1.40808810e-06 3.39725510e-07 3.39725510e-07 3.56292512e-03 3.56292512e-03 7.62779990e-03 2.30911858e-02 2.34508275e-17 1.48723043e-02 2.71271740e-03 1.16979230e-02 1.07184167e-02 9.61455864e-03 8.28116848e-03
1.42942943e-01 -2.06697975e+01 -2.06697975e+01 -2.50725135e-02 -6.80089661e-03 -6.80089254e-03 7.13254574e+01 7.13254574e+01 9.86881673e+01 1.51892354e+02 1.73372523e+02 2.31527507e+02 3.22876180e+02 3.44498155e+02 4.51369572e+02 5.64188044e+02 6.80706107e+02 5.90802852e-16 4.88848964e-16 4.64678071e-05 3.15620549e-14 1.97918842e-16 2.52475566e-16 1.30000141e-28 9.99252894e-01 9.90769055e-01 2.56804051e-15 9.90392180e-01 4.84906774e-01 8.98489319e-01 9.98590922e-01 9.99759183e-01 9.99936884e-01 9.01915771e-19 9.43972840e-18 1.40808810e-06 3.39725510e-07 3.39725510e-07 3.56292512e-03 3.56292512e-03 7.64053255e-03 2.30785915e-02 5.61879617e-17 1.48486809e-02 2.70947359e-03 1.16832641e-02 1.07061535e-02 9.60430593e-03 8.27268379e-03
1.43093093e-01 -2.06697975e+01 -2.06697975e+01 -2.50725143e-02 -6.80090110e-03 -6.80089438e-03 7.13254574e+01 7.13254574e+01 9.86724435e+01 1.51800787e+02 1.73372523e+02 2.31504339e+02 3.22879259e+02 3.44479048e+02 4.51361546e+02 5.64183099e+02 6.80703113e+02 2.87658161e-16 5.96653680e-16 4.65166178e-05 3.15797736e-14 1.89374683e-16 2.54289062e-16 1.29939189e-28 9.99250448e-01 9.90785448e-01 1.57284791e-15 9.90426746e-01 4.84707456e-01 8.98539361e-01 9.98593935e-01 9.99759683e-01 9.99937012e-01 6.22045875e-18 1.19096711e-18 1.40808810e-06 3.39725510e-07 3.39725510e-07 3.56292512e-03 3.56292512e-03 7.65327425e-03 2.30659405e-02 3.68747734e-17 1.48251246e-02 2.70623513e-03 1.16686413e-02 1.06939186e-02 9.59407497e-03 8.26421617e-03
1.43243243e-01 -2.06697975e+01 -2.06697975e+01 -2.50725145e-02 -6.80088413e-03 -6.80088283e-03 7.13254574e+01 7.13254574e+01 9.86566813e+01 1.51709358e+02 1.73372523e+02 2.31481265e+02 3.22882332e+02 3.44460000e+02 4.51353546e+02 5.64178169e+02 6.80700129e+02 1.80879244e-15 6.60330274e-16 4.65654285e-05 3.16489825e-14 6.03208805e-16 2.34650558e-16 1.29878392e-28 9.99247996e-01 9.90801847e-01 7.03918921e-16 9.90461130e-01 4.84508225e-01 8.98589518e-01 9.98596938e-01 9.99760181e-01 9.99937139e-01 3.32430927e-17 1.66832019e-17 1.40808810e-06 3.39725510e-07 3.39725510e-07 3.56292512e-03 3.56292512e-03 7.66602494e-03 2.30532331e-02 1.46901840e-17 1.48016351e-02 2.70300200e-03 1.16540543e-02 1.06817118e-02 9.58386571e-03 8.25576557e-03
1.43393393e-01 -2.06697975e+01 -2.06697975e+01 -2.50725137e-02 -6.80089671e-03 -6.80088638e-03 7.13254574e+01 7.13254574e+01 9.86408805e+01 1.51618067e+02 1.73372523e+02 2.31458286e+02 3.22885400e+02 3.44441010e+02 4.51345573e+02 5.64173255e+02 6.80697154e+02 1.18336715e-15 7.07820955e-16 4.66142392e-05 1.20879769e-13 2.53583661e-16 1.37686424e-16 1.07663229e-22 9.99245539e-01 9.90818252e-01 5.25340312e-16 9.90495336e-01 4.84309080e-01 8.98639790e-01 9.98599932e-01 9.99760679e-01 9.99937266e-01 3.13000590e-17 1.59291709e-17 1.40808810e-06 3.39725510e-07 3.39725510e-07 3.56292512e-03 3.56292512e-03 7.67878455e-03 2.30404696e-02 1.62337701e-17 1.47782124e-02 2.69977419e-03 1.16395031e-02 1.06695331e-02 9.57367806e-03 8.24733195e-03
1.43543544e-01 -2.06697975e+01 -2.06697975e+01 -2.50725139e-02 -6.80090242e-03 -6.80089763e-03 7.13254574e+01 7.13254574e+01 9.86250411e+01 1.51526915e+02 1.73372523e+02 2.31435400e+02 3.22888462e+02 3.44422079e+02 4.51337627e+02 5.64168356e+02 6.80694187e+02 6.14024194e-16 7.21638268e-16 4.66630499e-05 1.21250893e-13 5.38981293e-16 1.30032774e-28 1.27384733e-16 9.99243076e-01 9.90834663e-01 1.04017259e-15 9.90529364e-01 4.84110023e-01 8.98690174e-01 9.98602917e-01 9.99761174e-01 9.99937393e-01 1.15253555e-17 2.44903449e-17 1.40808810e-06 3.39725510e-07 3.39725510e-07 3.56292512e-03 3.56292512e-03 7.69155301e-03 2.30276504e-02 1.55680416e-17 1.47548561e-02 2.69655168e-03 1.16249876e-02 1.06573824e-02 9.56351197e-03 8.23891525e-03
1.43693694e-01 -2.06697975e+01 -2.06697975e+01 -2.50725139e-02 -6.80089952e-03 -6.80089789e-03 7.13254574e+01 7.13254574e+01 9.86091631e+01 1.51435901e+02 1.73372523e+02 2.31412607e+02 3.22891518e+02 3.44403206e+02 4.51329706e+02 5.64163473e+02 6.80691231e+02 8.38000133e-16 5.47287452e-16 4.67118606e-05 1.59433772e-15 1.21342842e-13 1.29972128e-28 3.23611385e-16 9.99240607e-01 9.90851079e-01 3.54659210e-15 9.90563214e-01 4.83911053e-01 8.98740671e-01 9.98605892e-01 9.99761668e-01 9.99937519e-01 9.57904077e-18 5.22379319e-18 1.40808810e-06 3.39725510e-07 3.39725510e-07 3.56292512e-03 3.56292512e-03 7.70433026e-03 2.30147758e-02 6.68681672e-17 1.47315661e-02 2.69333447e-03 1.16105076e-02 1.06452595e-02 9.55336736e-03 8.23051543e-03
1.43843844e-01 -2.06697975e+01 -2.06697975e+01 -2.50725148e-02 -6.80090267e-03 -6.80089635e-03 7.13254574e+01 7.13254574e+01 9.85932462e+01 1.51345026e+02 1.73372523e+02 2.31389906e+02 3.22894569e+02 3.44384392e+02 4.51321812e+02 5.64158606e+02 6.80688283e+02 5.68678814e-16 7.00563435e-16 4.67606714e-05 1.52626519e-16 3.17812652e-14 1.29636753e-28 2.24799513e-16 9.99238134e-01 9.90867500e-01 1.11355372e-15 9.90596889e-01 4.83712171e-01 8.98791280e-01 9.98608858e-01 9.99762161e-01 9.99937645e-01 1.64017404e-17 1.20285313e-17 1.40808810e-06 3.39725510e-07 3.39725510e-07 3.56292512e-03 3.56292512e-03 7.71711624e-03 2.30018460e-02 6.67972616e-18 1.47083421e-02 2.69012254e-03 1.15960630e-02 1.06331645e-02 9.54324417e-03 8.22213244e-03
1.43993994e-01 -2.06697975e+01 -2.06697975e+01 -2.50725128e-02 -6.80089740e-03 -6.80089719e-03 7.13254574e+01 7.13254574e+01 9.85772906e+01 1.51254291e+02 1.73372523e+02 2.31367297e+02 3.22897614e+02 3.44365635e+02 4.51313943e+02 5.64153753e+02 6.80685344e+02 4.63136311e-16 8.45974059e-16 4.68094821e-05 1.20937218e-13 1.27386476e-14 9.41840864e-17 1.29851299e-28 9.99235654e-01 9.90883926e-01 3.58769020e-16 9.90630389e-01 4.83513375e-01 8.98841999e-01 9.98611814e-01 9.99762652e-01 9.99937770e-01 6.87786359e-19 1.89088269e-17 1.40808810e-06 3.39725510e-07 3.39725510e-07 3.56292512e-03 3.56292512e-03 7.72991087e-03 2.29888614e-02 1.13014486e-17 1.46851841e-02 2.68691588e-03 1.15816538e-02 1.06210971e-02 9.53314233e-03 8.21376621e-03
1.44144144e-01 -2.06697975e+01 -2.06697975e+01 -2.50725148e-02 -6.80089618e-03 -6.80088003e-03 7.13254574e+01 7.13254574e+01 9.85612961e+01 1.51163694e+02 1.73372523e+02 2.31344780e+02 3.22900653e+02 3.44346935e+02 4.51306100e+02 5.64148916e+02 6.80682414e+02 1.29773867e-15 5.75606518e-16 4.68582928e-05 3.18749201e-14 5.31710428e-17 6.41458555e-17 1.09346933e-22 9.99233170e-01 9.90900357e-01 6.95567076e-16 9.90663715e-01 4.83314666e-01 8.98892827e-01 9.98614762e-01 9.99763142e-01 9.99937895e-01 1.56987185e-17 1.07771251e-17 1.40808810e-06 3.39725510e-07 3.39725510e-07 3.56292512e-03 3.56292512e-03 7.74271409e-03 2.29758224e-02 9.72542849e-18 1.46620917e-02 2.68371449e-03 1.15672797e-02 1.06090573e-02 9.52306178e-03 8.20541672e-03
1.44294294e-01 -2.06697975e+01 -2.06697975e+01 -2.50725132e-02 -6.80089718e-03 -6.80089368e-03 7.13254574e+01 7.13254574e+01 9.85452626e+01 1.51073238e+02 1.73372523e+02 2.31322354e+02 3.22903687e+02 3.44328293e+02 4.51298284e+02 5.64144095e+02 6.80679494e+02 4.20669821e-16 5.01167010e-16 4.69071035e-05 3.19782422e-14 2.03441418e-16 1.39139114e-16 1.09539690e-22 9.99230680e-01 9.90916792e-01 3.14911550e-15 9.90696869e-01 4.83116045e-01 8.98943764e-01 9.98617700e-01 9.99763630e-01 9.99938020e-01 7.96698712e-18 9.21699507e-18 1.40808810e-06 3.39725510e-07 3.39725510e-07 3.56292512e-03 3.56292512e-03 7.75552583e-03 2.29627291e-02 5.72839875e-17 1.46390648e-02 2.68051835e-03 1.15529407e-02 1.05970450e-02 9.51300244e-03 8.19708390e-03
1.44444444e-01 -2.06697975e+01 -2.06697975e+01 -2.50725139e-02 -6.80089861e-03 -6.80089245e-03 7.13254574e+01 7.13254574e+01 9.85291901e+01 1.50982921e+02 1.73372523e+02 2.31300018e+02 3.22906715e+02 3.44309708e+02 4.51290492e+02 5.64139288e+02 6.80676582e+02 8.11522021e-16 8.50318454e-16 4.69559142e-05 1.99171142e-16 3.19237256e-14 1.29397565e-28 6.11451496e-17 9.99228184e-01 9.90933231e-01 4.59374251e-16 9.90729851e-01 4.82917511e-01 8.98994808e-01 9.98620628e-01 9.99764116e-01 9.99938144e-01 4.21083339e-18 1.27095680e-17 1.40808810e-06 3.39725510e-07 3.39725510e-07 3.56292512e-03 3.56292512e-03 7.76834602e-03 2.29495820e-02 3.73658365e-18 1.46161031e-02 2.67732745e-03 1.15386367e-02 1.05850601e-02 9.50296426e-03 8.18876771e-03
1.44594595e-01 -2.06697975e+01 -2.06697975e+01 -2.50725142e-02 -6.80090068e-03 -6.80089827e-03 7.13254574e+01 7.13254574e+01 9.85130785e+01 1.50892745e+02 1.73372523e+02 2.31277773e+02 3.22909738e+02 3.44291180e+02 4.51282726e+02 5.64134496e+02 6.80673679e+02 1.34870546e-15 6.07426596e-16 4.70047250e-05 3.19239682e-14 3.63753455e-16 1.29338146e-28 8.74878295e-17 9.99225683e-01 9.90949674e-01 4.37676752e-16 9.90762663e-01 4.82719064e-01 8.99045959e-01 9.98623548e-01 9.99764601e-01 9.99938268e-01 3.30695712e-17 6.55881639e-19 1.40808810e-06 3.39725510e-07 3.39725510e-07 3.56292512e-03 3.56292512e-03 7.78117459e-03 2.29363813e-02 6.48353857e-18 1.45932066e-02 2.67414178e-03 1.15243675e-02 1.05731026e-02 9.49294716e-03 8.18046810e-03
1.44744745e-01 -2.06697975e+01 -2.06697975e+01 -2.50725145e-02 -6.80089150e-03 -6.80089067e-03 7.13254574e+01 7.13254574e+01 9.84969278e+01 1.50802708e+02 1.73372523e+02 2.31255617e+02 3.22912755e+02 3.44272709e+02 4.51274986e+02 5.64129720e+02 6.80670785e+02 6.59372369e-16 9.77160068e-16 4.70535357e-05 8.30834581e-16 3.19631448e-14 3.06488845e-16 1.29278878e-28 9.99223177e-01 9.90966121e-01 1.43376277e-15 9.90795306e-01 4.82520705e-01 8.99097216e-01 9.98626458e-01 9.99765085e-01 9.99938392e-01 1.50765405e-17 7.84863458e-19 1.40808810e-06 3.39725510e-07 3.39725510e-07 3.56292512e-03 3.56292512e-03 7.79401146e-03 2.29231274e-02 2.42283693e-17 1.45703749e-02 2.67096132e-03 1.15101331e-02 1.05611723e-02 9.48295109e-03 8.17218502e-03
1.44894895e-01 -2.06697975e+01 -2.06697975e+01 -2.50725142e-02 -6.80090143e-03 -6.80089635e-03 7.13254574e+01 7.13254574e+01 9.84807379e+01 1.50712813e+02 1.73372523e+02 2.31233550e+02 3.22915767e+02 3.44254294e+02 4.51267271e+02 5.64124958e+02 6.80667900e+02 6.75251234e-16 6.76643572e-16 4.71023464e-05 1.22392336e-13 5.01044450e-16 1.12752787e-16 1.29492471e-28 9.99220665e-01 9.90982570e-01 1.63902701e-15 9.90827780e-01 4.82322433e-01 8.99148578e-01 9.98629360e-01 9.99765567e-01 9.99938515e-01 1.61895397e-17 1.05202157e-17 1.40808810e-06 3.39725510e-07 3.39725510e-07 3.56292512e-03 3.56292512e-03 7.80685658e-03 2.29098205e-02 3.28598841e-17 1.45476078e-02 2.66778608e-03 1.14959332e-02 1.05492691e-02 9.47297597e-03 8.16391843e-03
1.45045045e-01 -2.06697975e+01 -2.06697975e+01 -2.50725148e-02 -6.80089512e-03 -6.80089089e-03 7.13254574e+01 7.13254574e+01 9.84645086e+01 1.50623058e+02 1.73372523e+02 2.31211572e+02 3.22918773e+02 3.44235935e+02 4.51259581e+02 5.64120211e+02 6.80665023e+02 7.31512612e-16 5.77130429e-16 4.71511571e-05 3.20404131e-14 1.79767091e-16 1.29160791e-28 2.46848664e-16 9.99218147e-01 9.90999023e-01 7.39984235e-16 9.90860088e-01 4.82124248e-01 8.99200044e-01 9.98632252e-01 9.99766048e-01 9.99938638e-01 2.60362891e-18 7.08823147e-18 1.40808810e-06 3.39725510e-07 3.39725510e-07 3.56292512e-03 3.56292512e-03 7.81970987e-03 2.28964610e-02 1.56879654e-17 1.45249053e-02 2.66461603e-03 1.14817679e-02 1.05373929e-02 9.46302175e-03 8.15566827e-03
1.45195195e-01 -2.06697975e+01 -2.06697975e+01 -2.50725141e-02 -6.80090758e-03 -6.80090034e-03 7.13254574e+01 7.13254574e+01 9.84482401e+01 1.50533444e+02 1.73372523e+02 2.31189683e+02 3.22921774e+02 3.44217632e+02 4.51251916e+02 5.64115479e+02 6.80662156e+02 1.11329447e-15 6.31116624e-16 4.71999678e-05 1.17984288e-16 3.21000488e-14 4.02882527e-16 1.29101971e-28 9.99215625e-01 9.91015478e-01 5.19193205e-16 9.90892230e-01 4.81926151e-01 8.99251613e-01 9.98635136e-01 9.99766527e-01 9.99938760e-01 1.74589243e-17 1.04694205e-17 1.40808810e-06 3.39725510e-07 3.39725510e-07 3.56292512e-03 3.56292512e-03 7.83257125e-03 2.28830490e-02 7.38981037e-18 1.45022670e-02 2.66145116e-03 1.14676370e-02 1.05255438e-02 9.45308835e-03 8.14743449e-03
1.45345345e-01 -2.06697975e+01 -2.06697975e+01 -2.50725146e-02 -6.80089245e-03 -6.80089032e-03 7.13254574e+01 7.13254574e+01 9.84319321e+01 1.50443971e+02 1.73372523e+02 2.31167881e+02 3.22924769e+02 3.44199384e+02 4.51244276e+02 5.64110762e+02 6.80659297e+02 1.32341500e-15 4.92004530e-16 4.72487786e-05 3.30004310e-16 3.20760407e-14 1.29043299e-28 8.78090009e-17 9.99213097e-01 9.91031935e-01 6.48950094e-16 9.90924206e-01 4.81728141e-01 8.99303284e-01 9.98638010e-01 9.99767005e-01 9.99938883e-01 1.00253365e-17 8.21424917e-18 1.40808810e-06 3.39725510e-07 3.39725510e-07 3.56292512e-03 3.56292512e-03 7.84544065e-03 2.28695851e-02 8.08083324e-19 1.44796927e-02 2.65829147e-03 1.14535403e-02 1.05137214e-02 9.44317571e-03 8.13921706e-03
1.45495495e-01 -2.06697975e+01 -2.06697975e+01 -2.50725140e-02 -6.80089115e-03 -6.80088610e-03 7.13254574e+01 7.13254574e+01 9.84155846e+01 1.50354639e+02 1.73372523e+02 2.31146166e+02 3.22927759e+02 3.44181192e+02 4.51236661e+02 5.64106059e+02 6.80656447e+02 5.93925512e-16 5.95028467e-16 4.72975893e-05 1.69981663e-16 3.21760520e-14 1.29510578e-16 1.28984775e-28 9.99210563e-01 9.91048395e-01 8.59780389e-16 9.90956019e-01 4.81530219e-01 8.99355056e-01 9.98640875e-01 9.99767481e-01 9.99939004e-01 1.17631559e-17 1.43018854e-17 1.40808810e-06 3.39725510e-07 3.39725510e-07 3.56292512e-03 3.56292512e-03 7.85831801e-03 2.28560693e-02 8.90265993e-18 1.44571824e-02 2.65513695e-03 1.14394779e-02 1.05019259e-02 9.43328377e-03 8.13101592e-03
1.45645646e-01 -2.06697975e+01 -2.06697975e+01 -2.50725139e-02 -6.80089408e-03 -6.80089147e-03 7.13254574e+01 7.13254574e+01 9.83991976e+01 1.50265449e+02 1.73372523e+02 2.31124539e+02 3.22930743e+02 3.44163056e+02 4.51229070e+02 5.64101371e+02 6.80653605e+02 4.17015778e-16 3.88486391e-16 4.73464000e-05 1.22948697e-13 1.03603193e-15 1.10284894e-22 4.97368262e-16 9.99208024e-01 9.91064856e-01 1.98738512e-15 9.90987669e-01 4.81332384e-01 8.99406929e-01 9.98643732e-01 9.99767956e-01 9.99939126e-01 6.63518641e-18 3.64437392e-18 1.40808810e-06 3.39725510e-07 3.39725510e-07 3.56292512e-03 3.56292512e-03 7.87120324e-03 2.28425021e-02 3.87043276e-17 1.44347357e-02 2.65198757e-03 1.14254495e-02 1.04901570e-02 9.42341247e-03 8.12283102e-03
1.45795796e-01 -2.06697975e+01 -2.06697975e+01 -2.50725140e-02 -6.80090760e-03 -6.80087864e-03 7.13254574e+01 7.13254574e+01 9.83827710e+01 1.50176401e+02 1.73372523e+02 2.31102998e+02 3.22933722e+02 3.44144974e+02 4.51221505e+02 5.64096698e+02 6.80650772e+02 2.73681457e-16 8.25846263e-16 4.73952107e-05 3.22191426e-14 6.26008466e-17 1.28868167e-28 3.48081417e-16 9.99205480e-01 9.91081319e-01 2.48778374e-15 9.91019157e-01 4.81134637e-01 8.99458902e-01 9.98646580e-01 9.99768430e-01 9.99939247e-01 5.09990925e-18 1.40868430e-17 1.40808810e-06 3.39725510e-07 3.39725510e-07 3.56292512e-03 3.56292512e-03 7.88409627e-03 2.28288837e-02 4.50094817e-17 1.44123524e-02 2.64884334e-03 1.14114550e-02 1.04784148e-02 9.41356173e-03 8.11466232e-03
1.45945946e-01 -2.06697975e+01 -2.06697975e+01 -2.50725141e-02 -6.80089285e-03 -6.80088859e-03 7.13254574e+01 7.13254574e+01 9.83663047e+01 1.50087495e+02 1.73372523e+02 2.31081543e+02 3.22936695e+02 3.44126947e+02 4.51213963e+02 5.64092039e+02 6.80647948e+02 3.54806779e-16 1.01444594e-15 4.74440214e-05 1.23304306e-13 6.68863919e-16 2.04913552e-16 1.29080655e-28 9.99202931e-01 9.91097784e-01 7.27996677e-16 9.91050484e-01 4.80936977e-01 8.99510973e-01 9.98649419e-01 9.99768902e-01 9.99939368e-01 7.15967194e-18 2.36467437e-17 1.40808810e-06 3.39725510e-07 3.39725510e-07 3.56292512e-03 3.56292512e-03 7.89699703e-03 2.28152145e-02 1.47310243e-17 1.43900325e-02 2.64570425e-03 1.13974944e-02 1.04666990e-02 9.40373151e-03 8.10650977e-03
1.46096096e-01 -2.06697975e+01 -2.06697975e+01 -2.50725141e-02 -6.80089439e-03 -6.80089428e-03 7.13254574e+01 7.13254574e+01 9.83497987e+01 1.49998732e+02 1.73372523e+02 2.31060173e+02 3.22939663e+02 3.44108975e+02 4.51206446e+02 5.64087395e+02 6.80645132e+02 9.10262820e-16 5.97935773e-16 4.74928321e-05 9.41870838e-28 5.53081305e-28 4.16912754e-45 1.78238972e-27 9.99200376e-01 9.91114250e-01 1.03456985e-15 9.91081651e-01 4.80739405e-01 8.99563142e-01 9.98652249e-01 9.99769372e-01 9.99939488e-01 3.20280551e-18 1.39984605e-17 1.40808810e-06 3.39725510e-07 3.39725510e-07 3.56292512e-03 3.56292512e-03 7.90990545e-03 2.28014946e-02 2.19905115e-18 1.43677756e-02 2.64257027e-03 1.13835675e-02 1.04550097e-02 9.39392173e-03 8.09837332e-03
1.46246246e-01 -2.06697975e+01 -2.06697975e+01 -2.50725131e-02 -6.80089439e-03 -6.80089428e-03 7.13254574e+01 7.13254574e+01 9.83332529e+01 1.49910110e+02 1.73372523e+02 2.31038889e+02 3.22942625e+02 3.44091056e+02 4.51198954e+02 5.64082765e+02 6.80642325e+02 5.12163558e-16 5.37335663e-16 4.75416429e-05 9.40846827e-28 5.52479990e-28 4.16571372e-45 1.78045189e-27 9.99197816e-01 9.91130716e-01 9.71420029e-16 9.91112660e-01 4.80541921e-01 8.99615407e-01 9.98655070e-01 9.99769841e-01 9.99939608e-01 9.10259249e-18 1.21005992e-17 1.40808810e-06 3.39725510e-07 3.39725510e-07 3.56292512e-03 3.56292512e-03 7.92282143e-03 2.27877244e-02 1.94523920e-17 1.43455815e-02 2.63944140e-03 1.13696742e-02 1.04433467e-02 9.38413233e-03 8.09025293e-03
1.46396396e-01 -2.06697975e+01 -2.06697975e+01 -2.50725140e-02 -6.80090468e-03 -6.80088397e-03 7.13254574e+01 7.13254574e+01 9.83166672e+01 1.49821632e+02 1.73372523e+02 2.31017689e+02 3.22945582e+02 3.44073193e+02 4.51191486e+02 5.64078149e+02 6.80639526e+02 5.66979839e-16 6.66618417e-16 4.75904536e-05 3.23614271e-14 5.43842048e-17 1.28636701e-28 3.33644488e-16 9.99195250e-01 9.91147183e-01 1.50498167e-15 9.91143510e-01 4.80344525e-01 8.99667769e-01 9.98657882e-01 9.99770309e-01 9.99939728e-01 1.21553841e-17 1.66396230e-17 1.40808810e-06 3.39725510e-07 3.39725510e-07 3.56292512e-03 3.56292512e-03 7.93574492e-03 2.27739042e-02 3.14172155e-17 1.43234502e-02 2.63631764e-03 1.13558144e-02 1.04317099e-02 9.37436325e-03 8.08214855e-03
1.46546547e-01 -2.06697975e+01 -2.06697975e+01 -2.50725144e-02 -6.80088852e-03 -6.80088678e-03 7.13254574e+01 7.13254574e+01 9.83000416e+01 1.49733296e+02 1.73372523e+02 2.30996574e+02 3.22948534e+02 3.44055382e+02 4.51184041e+02 5.64073548e+02 6.80636736e+02 6.95883636e-16 6.01803709e-16 4.76392643e-05 1.51974942e-15 1.23792733e-13 3.00438379e-16 1.28848561e-28 9.99192679e-01 9.91163651e-01 5.36794392e-16 9.91174204e-01 4.80147216e-01 8.99720227e-01 9.98660686e-01 9.99770775e-01 9.99939847e-01 2.18617706e-17 1.25745052e-17 1.40808810e-06 3.39725510e-07 3.39725510e-07 3.56292512e-03 3.56292512e-03 7.94867583e-03 2.27600342e-02 1.13327698e-18 1.43013813e-02 2.63319896e-03 1.13419881e-02 1.04200993e-02 9.36461442e-03 8.07406013e-03
1.46696697e-01 -2.06697975e+01 -2.06697975e+01 -2.50725145e-02 -6.80089439e-03 -6.80089428e-03 7.13254574e+01 7.13254574e+01 9.82833760e+01 1.49645103e+02 1.73372523e+02 2.30975542e+02 3.22951480e+02 3.44037626e+02 4.51176621e+02 5.64068961e+02 6.80633954e+02 6.98882241e-16 1.43805821e-15 4.76880750e-05 9.37788049e-28 5.50683828e-28 4.15550045e-45 1.77466348e-27 9.99190103e-01 9.91180118e-01 3.72448278e-15 9.91204743e-01 4.79949995e-01 8.99772778e-01 9.98663481e-01 9.99771240e-01 9.99939966e-01 6.35514376e-18 4.58375140e-17 1.40808810e-06 3.39725510e-07 3.39725510e-07 3.56292512e-03 3.56292512e-03 7.96161408e-03 2.27461147e-02 6.51798633e-17 1.42793746e-02 2.63008536e-03 1.13281950e-02 1.04085148e-02 9.35488579e-03 8.06598763e-03
1.46846847e-01 -2.06697975e+01 -2.06697975e+01 -2.50725133e-02 -6.80089881e-03 -6.80089154e-03 7.13254574e+01 7.13254574e+01 9.82666704e+01 1.49557053e+02 1.73372523e+02 2.30954594e+02 3.22954421e+02 3.44019923e+02 4.51169225e+02 5.64064388e+02 6.80631180e+02 9.29589506e-16 2.09930472e-16 4.77368857e-05 1.42530709e-16 3.24419492e-14 1.28464617e-28 8.83876055e-17 9.99187522e-01 9.91196586e-01 8.41741877e-16 9.91235126e-01 4.79752862e-01 8.99825423e-01 9.98666268e-01 9.99771704e-01 9.99940084e-01 6.07387613e-18 3.87888064e-18 1.40808810e-06 3.39725510e-07 3.39725510e-07 3.56292512e-03 3.56292512e-03 7.97455960e-03 2.27321461e-02 4.85403418e-18 1.42574300e-02 2.62697683e-03 1.13144351e-02 1.03969562e-02 9.34517729e-03 8.05793101e-03
1.46996997e-01 -2.06697975e+01 -2.06697975e+01 -2.50725153e-02 -6.80089528e-03 -6.80088869e-03 7.13254574e+01 7.13254574e+01 9.82499246e+01 1.49469147e+02 1.73372523e+02 2.30933729e+02 3.22957357e+02 3.44002273e+02 4.51161852e+02 5.64059829e+02 6.80628415e+02 6.05919253e-16 1.98431242e-16 4.77856965e-05 7.83289284e-14 2.87076655e-16 1.28541758e-28 2.45038363e-16 9.99184935e-01 9.91213053e-01 3.71114220e-15 9.91265355e-01 4.79555816e-01 8.99878161e-01 9.98669046e-01 9.99772166e-01 9.99940203e-01 6.84950780e-19 2.50054615e-18 1.40808810e-06 3.39725510e-07 3.39725510e-07 3.56292512e-03 3.56292512e-03 7.98751230e-03 2.27181285e-02 6.26520301e-17 1.42355473e-02 2.62387335e-03 1.13007082e-02 1.03854236e-02 9.33548887e-03 8.04989021e-03
1.47147147e-01 -2.06697975e+01 -2.06697975e+01 -2.50725136e-02 -6.80088879e-03 -6.80088656e-03 7.13254574e+01 7.13254574e+01 9.82331386e+01 1.49381384e+02 1.73372523e+02 2.30912947e+02 3.22960287e+02 3.43984677e+02 4.51154503e+02 5.64055285e+02 6.80625658e+02 7.80307062e-16 6.18557032e-16 4.78345072e-05 1.24407661e-13 1.21673301e-15 1.11789577e-22 4.94608865e-16 9.99182343e-01 9.91229520e-01 1.27975411e-16 9.91295432e-01 4.79358859e-01 8.99930991e-01 9.98671815e-01 9.99772627e-01 9.99940321e-01 2.31395848e-17 4.21490108e-18 1.40808810e-06 3.39725510e-07 3.39725510e-07 3.56292512e-03 3.56292512e-03 8.00047211e-03 2.27040624e-02 2.14421612e-18 1.42137263e-02 2.62077493e-03 1.12870144e-02 1.03739167e-02 9.32582045e-03 8.04186519e-03
1.47297297e-01 -2.06697975e+01 -2.06697975e+01 -2.50725141e-02 -6.80089568e-03 -6.80089290e-03 7.13254574e+01 7.13254574e+01 9.82163124e+01 1.49293765e+02 1.73372523e+02 2.30892246e+02 3.22963212e+02 3.43967133e+02 4.51147178e+02 5.64050754e+02 6.80622910e+02 5.94968681e-16 6.88947530e-16 4.78833179e-05 3.25950761e-14 2.79086573e-16 3.06346378e-16 1.28293815e-28 9.99179746e-01 9.91245986e-01 3.81629373e-15 9.91325357e-01 4.79161989e-01 8.99983912e-01 9.98674576e-01 9.99773086e-01 9.99940438e-01 8.94241721e-18 1.99560800e-17 1.40808810e-06 3.39725510e-07 3.39725510e-07 3.56292512e-03 3.56292512e-03 8.01343895e-03 2.26899478e-02 7.56375415e-17 1.41919668e-02 2.61768154e-03 1.12733534e-02 1.03624356e-02 9.31617198e-03 8.03385590e-03
1.47447447e-01 -2.06697975e+01 -2.06697975e+01 -2.50725134e-02 -6.80089240e-03 -6.80088756e-03 7.13254574e+01 7.13254574e+01 9.81994459e+01 1.49206289e+02 1.73372523e+02 2.30871628e+02 3.22966132e+02 3.43949641e+02 4.51139876e+02 5.64046237e+02 6.80620170e+02 5.66506649e-16 7.74972245e-16 4.79321286e-05 1.24590905e-13 5.13139357e-16 5.51641667e-17 1.28504735e-28 9.99177143e-01 9.91262450e-01 1.63987170e-15 9.91355131e-01 4.78965208e-01 9.00036923e-01 9.98677329e-01 9.99773544e-01 9.99940555e-01 1.54600329e-17 4.32826156e-18 1.40808810e-06 3.39725510e-07 3.39725510e-07 3.56292512e-03 3.56292512e-03 8.02641273e-03 2.26757852e-02 2.87560357e-17 1.41702685e-02 2.61459317e-03 1.12597251e-02 1.03509802e-02 9.30654340e-03 8.02586230e-03
1.47597598e-01 -2.06697975e+01 -2.06697975e+01 -2.50725144e-02 -6.80088807e-03 -6.80088751e-03 7.13254574e+01 7.13254574e+01 9.81825390e+01 1.49118958e+02 1.73372523e+02 2.30851091e+02 3.22969046e+02 3.43932202e+02 4.51132598e+02 5.64041734e+02 6.80617438e+02 6.14987028e-16 5.67862097e-16 4.79809393e-05 1.24600371e-13 4.86497384e-15 2.85733817e-16 1.28447927e-28 9.99174535e-01 9.91278914e-01 1.27483015e-15 9.91384754e-01 4.78768514e-01 9.00090023e-01 9.98680073e-01 9.99774001e-01 9.99940672e-01 1.70882383e-17 6.99330869e-18 1.40808810e-06 3.39725510e-07 3.39725510e-07 3.56292512e-03 3.56292512e-03 8.03939338e-03 2.26615747e-02 1.13839747e-17 1.41486313e-02 2.61150983e-03 1.12461295e-02 1.03395503e-02 9.29693464e-03 8.01788435e-03
1.47747748e-01 -2.06697975e+01 -2.06697975e+01 -2.50725141e-02 -6.80090190e-03 -6.80089872e-03 7.13254574e+01 7.13254574e+01 9.81655917e+01 1.49031771e+02 1.73372523e+02 2.30830634e+02 3.22971955e+02 3.43914815e+02 4.51125343e+02 5.64037245e+02 6.80614714e+02 9.62095984e-16 1.58523166e-15 4.80297501e-05 3.26355613e-14 2.11971117e-16 1.28124282e-28 1.68892287e-16 9.99171923e-01 9.91295376e-01 1.08976335e-15 9.91414229e-01 4.78571908e-01 9.00143213e-01 9.98682808e-01 9.99774456e-01 9.99940789e-01 2.71615715e-17 2.66909982e-17 1.40808810e-06 3.39725510e-07 3.39725510e-07 3.56292512e-03 3.56292512e-03 8.05238080e-03 2.26473167e-02 2.28018589e-17 1.41270550e-02 2.60843148e-03 1.12325665e-02 1.03281458e-02 9.28734565e-03 8.00992200e-03
1.47897898e-01 -2.06697975e+01 -2.06697975e+01 -2.50725137e-02 -6.80089998e-03 -6.80088910e-03 7.13254574e+01 7.13254574e+01 9.81486039e+01 1.48944729e+02 1.73372523e+02 2.30810259e+02 3.22974859e+02 3.43897481e+02 4.51118111e+02 5.64032769e+02 6.80611998e+02 1.23552734e-15 2.70004264e-16 4.80785608e-05 3.26727912e-14 1.41483915e-16 1.28350117e-28 1.72105669e-16 9.99169304e-01 9.91311837e-01 1.03337287e-15 9.91443556e-01 4.78375391e-01 9.00196490e-01 9.98685535e-01 9.99774910e-01 9.99940905e-01 9.65074990e-18 1.78669038e-18 1.40808810e-06 3.39725510e-07 3.39725510e-07 3.56292512e-03 3.56292512e-03 8.06537493e-03 2.26330115e-02 1.75952470e-17 1.41055394e-02 2.60535814e-03 1.12190358e-02 1.03167668e-02 9.27777637e-03 8.00197520e-03
1.48048048e-01 -2.06697975e+01 -2.06697975e+01 -2.50725148e-02 -6.80089510e-03 -6.80087794e-03 7.13254574e+01 7.13254574e+01 9.81315755e+01 1.48857831e+02 1.73372523e+02 2.30789963e+02 3.22977757e+02 3.43880197e+02 4.51110902e+02 5.64028308e+02 6.80609290e+02 1.39194744e-15 5.52870755e-16 4.81273715e-05 3.27367064e-14 9.93115550e-17 1.28294026e-28 1.03410897e-16 9.99166681e-01 9.91328295e-01 2.27608129e-15 9.91472735e-01 4.78178961e-01 9.00249854e-01 9.98688254e-01 9.99775362e-01 9.99941021e-01 4.18989256e-17 1.73340736e-18 1.40808810e-06 3.39725510e-07 3.39725510e-07 3.56292512e-03 3.56292512e-03 8.07837568e-03 2.26186592e-02 3.32308550e-17 1.40840842e-02 2.60228977e-03 1.12055375e-02 1.03054131e-02 9.26822673e-03 7.99404391e-03
1.48198198e-01 -2.06697975e+01 -2.06697975e+01 -2.50725144e-02 -6.80090715e-03 -6.80090408e-03 7.13254574e+01 7.13254574e+01 9.81145066e+01 1.48771077e+02 1.73372523e+02 2.30769747e+02 3.22980650e+02 3.43862966e+02 4.51103716e+02 5.64023860e+02 6.80606591e+02 8.08976929e-16 7.28096153e-16 4.81761822e-05 2.51200333e-16 3.27312905e-14 2.56661791e-16 1.28238073e-28 9.99164053e-01 9.91344752e-01 4.39874337e-16 9.91501768e-01 4.77982620e-01 9.00303304e-01 9.98690965e-01 9.99775814e-01 9.99941136e-01 7.88591133e-18 1.94999439e-17 1.40808810e-06 3.39725510e-07 3.39725510e-07 3.56292512e-03 3.56292512e-03 8.09138295e-03 2.26042602e-02 1.20751670e-17 1.40626894e-02 2.59922638e-03 1.11920714e-02 1.02940846e-02 9.25869668e-03 7.98612809e-03
1.48348348e-01 -2.06697975e+01 -2.06697975e+01 -2.50725146e-02 -6.80089550e-03 -6.80089104e-03 7.13254574e+01 7.13254574e+01 9.80973969e+01 1.48684469e+02 1.73372523e+02 2.30749610e+02 3.22983538e+02 3.43845786e+02 4.51096553e+02 5.64019425e+02 6.80603899e+02 1.04706076e-15 7.07634046e-16 4.82249929e-05 1.62412701e-16 3.28106726e-14 1.28182258e-28 2.91127408e-16 9.99161419e-01 9.91361206e-01 3.23124922e-15 9.91530656e-01 4.77786366e-01 9.00356839e-01 9.98693667e-01 9.99776263e-01 9.99941252e-01 7.93323890e-18 5.06434310e-18 1.40808810e-06 3.39725510e-07 3.39725510e-07 3.56292512e-03 3.56292512e-03 8.10439668e-03 2.25898146e-02 5.27456974e-17 1.40413546e-02 2.59616796e-03 1.11786375e-02 1.02827812e-02 9.24918616e-03 7.97822769e-03
1.48498498e-01 -2.06697975e+01 -2.06697975e+01 -2.50725140e-02 -6.80090632e-03 -6.80089442e-03 7.13254574e+01 7.13254574e+01 9.80802465e+01 1.48598006e+02 1.73372523e+02 2.30729552e+02 3.22986421e+02 3.43828656e+02 4.51089413e+02 5.64015004e+02 6.80601216e+02 7.21725755e-16 9.16483927e-16 4.82738036e-05 2.40372361e-16 1.25425178e-13 2.40969139e-16 1.30067804e-28 9.99158780e-01 9.91377657e-01 4.86079845e-16 9.91559399e-01 4.77590201e-01 9.00410460e-01 9.98696361e-01 9.99776712e-01 9.99941367e-01 1.33506147e-17 8.18115184e-18 1.40808810e-06 3.39725510e-07 3.39725510e-07 3.56292512e-03 3.56292512e-03 8.11741677e-03 2.25753229e-02 4.48444916e-18 1.40200797e-02 2.59311449e-03 1.11652355e-02 1.02715029e-02 9.23969511e-03 7.97034266e-03
1.48648649e-01 -2.06697975e+01 -2.06697975e+01 -2.50725142e-02 -6.80090319e-03 -6.80089852e-03 7.13254574e+01 7.13254574e+01 9.80630553e+01 1.48511688e+02 1.73372523e+02 2.30709573e+02 3.22989299e+02 3.43811578e+02 4.51082296e+02 5.64010597e+02 6.80598540e+02 3.48740136e-16 9.83928349e-16 4.83226144e-05 2.04449144e-16 3.28291600e-14 1.12183562e-16 1.29748305e-28 9.99156136e-01 9.91394106e-01 2.82713498e-16 9.91587999e-01 4.77394124e-01 9.00464164e-01 9.98699047e-01 9.99777159e-01 9.99941481e-01 9.39389983e-19 1.63150580e-17 1.40808810e-06 3.39725510e-07 3.39725510e-07 3.56292512e-03 3.56292512e-03 8.13044313e-03 2.25607852e-02 5.15581255e-18 1.39988646e-02 2.59006596e-03 1.11518655e-02 1.02602496e-02 9.23022346e-03 7.96247297e-03
1.48798799e-01 -2.06697975e+01 -2.06697975e+01 -2.50725144e-02 -6.80090421e-03 -6.80089441e-03 7.13254574e+01 7.13254574e+01 9.80458233e+01 1.48425515e+02 1.73372523e+02 2.30689672e+02 3.22992171e+02 3.43794551e+02 4.51075201e+02 5.64006203e+02 6.80595873e+02 1.03651737e-15 7.69910241e-16 4.83714251e-05 2.86627382e-16 1.25717618e-13 1.29957134e-28 3.65938428e-16 9.99153487e-01 9.91410552e-01 6.40364490e-16 9.91616456e-01 4.77198135e-01 9.00517951e-01 9.98701724e-01 9.99777605e-01 9.99941595e-01 2.97257609e-17 9.72276610e-18 1.40808810e-06 3.39725510e-07 3.39725510e-07 3.56292512e-03 3.56292512e-03 8.14347569e-03 2.25462018e-02 1.07627475e-17 1.39777089e-02 2.58702237e-03 1.11385272e-02 1.02490211e-02 9.22077116e-03 7.95461857e-03
1.48948949e-01 -2.06697975e+01 -2.06697975e+01 -2.50725136e-02 -6.80089439e-03 -6.80089428e-03 7.13254574e+01 7.13254574e+01 9.80285503e+01 1.48339488e+02 1.73372523e+02 2.30669848e+02 3.22995038e+02 3.43777573e+02 4.51068128e+02 5.64001822e+02 6.80593213e+02 7.93592093e-16 3.97370222e-16 4.84202358e-05 9.22786580e-28 5.41874730e-28 4.10506219e-45 1.74627480e-27 9.99150833e-01 9.91426995e-01 1.73401747e-15 9.91644772e-01 4.77002235e-01 9.00571821e-01 9.98704394e-01 9.99778049e-01 9.99941709e-01 1.81023815e-18 1.11050159e-18 1.40808810e-06 3.39725510e-07 3.39725510e-07 3.56292512e-03 3.56292512e-03 8.15651435e-03 2.25315729e-02 4.33012181e-19 1.39566126e-02 2.58398369e-03 1.11252207e-02 1.02378175e-02 9.21133816e-03 7.94677942e-03
1.49099099e-01 -2.06697975e+01 -2.06697975e+01 -2.50725146e-02 -6.80089995e-03 -6.80089317e-03 7.13254574e+01 7.13254574e+01 9.80112364e+01 1.48253607e+02 1.73372523e+02 2.30650102e+02 3.22997900e+02 3.43760647e+02 4.51061078e+02 5.63997455e+02 6.80590562e+02 7.34692815e-16 7.57645818e-16 4.84690465e-05 7.93842311e-14 2.69492110e-16 1.31163603e-28 1.28044505e-16 9.99148174e-01 9.91443434e-01 1.21403083e-15 9.91672946e-01 4.76806423e-01 9.00625772e-01 9.98707055e-01 9.99778493e-01 9.99941823e-01 1.47152776e-17 2.09170720e-17 1.40808810e-06 3.39725510e-07 3.39725510e-07 3.56292512e-03 3.56292512e-03 8.16955903e-03 2.25168989e-02 1.70095407e-17 1.39355754e-02 2.58094994e-03 1.11119458e-02 1.02266386e-02 9.20192439e-03 7.93895546e-03
1.49249249e-01 -2.06697975e+01 -2.06697975e+01 -2.50725140e-02 -6.80089638e-03 -6.80088789e-03 7.13254574e+01 7.13254574e+01 9.79938814e+01 1.48167871e+02 1.73372523e+02 2.30630433e+02 3.23000757e+02 3.43743770e+02 4.51054051e+02 5.63993101e+02 6.80587918e+02 3.93849267e-16 5.80208658e-16 4.85178572e-05 3.02424394e-16 1.26090446e-13 1.31240157e-28 5.47978424e-16 9.99145509e-01 9.91459870e-01 2.97016590e-15 9.91700980e-01 4.76610699e-01 9.00679804e-01 9.98709708e-01 9.99778935e-01 9.99941936e-01 7.70194806e-18 6.02030933e-18 1.40808810e-06 3.39725510e-07 3.39725510e-07 3.56292512e-03 3.56292512e-03 8.18260964e-03 2.25021799e-02 5.22767429e-17 1.39145971e-02 2.57792108e-03 1.10987023e-02 1.02154844e-02 9.19252979e-03 7.93114667e-03
1.49399399e-01 -2.06697975e+01 -2.06697975e+01 -2.50725132e-02 -6.80090774e-03 -6.80087788e-03 7.13254574e+01 7.13254574e+01 9.79764853e+01 1.48082281e+02 1.73372523e+02 2.30610840e+02 3.23003608e+02 3.43726943e+02 4.51047045e+02 5.63988760e+02 6.80585282e+02 2.03580460e-15 1.02123677e-15 4.85666680e-05 3.29540376e-14 1.46235532e-16 1.30924521e-28 3.89266701e-16 9.99142840e-01 9.91476302e-01 2.81031468e-15 9.91728876e-01 4.76415063e-01 9.00733916e-01 9.98712353e-01 9.99779375e-01 9.99942049e-01 4.13940414e-17 2.31361874e-17 1.40808810e-06 3.39725510e-07 3.39725510e-07 3.56292512e-03 3.56292512e-03 8.19566609e-03 2.24874162e-02 3.61878125e-17 1.38936776e-02 2.57489712e-03 1.10854903e-02 1.02043547e-02 9.18315432e-03 7.92335299e-03
1.49549550e-01 -2.06697975e+01 -2.06697975e+01 -2.50725144e-02 -6.80089947e-03 -6.80088994e-03 7.13254574e+01 7.13254574e+01 9.79590480e+01 1.47996838e+02 1.73372523e+02 2.30591323e+02 3.23006455e+02 3.43710166e+02 4.51040062e+02 5.63984432e+02 6.80582654e+02 7.53733282e-16 1.22084908e-15 4.86154787e-05 1.65010610e-16 3.30228170e-14 1.30870651e-28 7.39417299e-17 9.99140165e-01 9.91492730e-01 9.50515606e-16 9.91756633e-01 4.76219516e-01 9.00788107e-01 9.98714990e-01 9.99779814e-01 9.99942161e-01 9.29248898e-18 2.25994771e-17 1.40808810e-06 3.39725510e-07 3.39725510e-07 3.56292512e-03 3.56292512e-03 8.20872829e-03 2.24726081e-02 1.99197023e-17 1.38728166e-02 2.57187804e-03 1.10723095e-02 1.01932495e-02 9.17379790e-03 7.91557438e-03
1.49699700e-01 -2.06697975e+01 -2.06697975e+01 -2.50725132e-02 -6.80089031e-03 -6.80088566e-03 7.13254574e+01 7.13254574e+01 9.79415696e+01 1.47911540e+02 1.73372523e+02 2.30571883e+02 3.23009296e+02 3.43693439e+02 4.51033101e+02 5.63980118e+02 6.80580034e+02 7.31471388e-16 1.00182111e-15 4.86642894e-05 1.26436206e-13 6.21002863e-16 1.21787632e-22 4.20937082e-16 9.99137486e-01 9.91509154e-01 1.20335010e-15 9.91784253e-01 4.76024057e-01 9.00842377e-01 9.98717619e-01 9.99780252e-01 9.99942274e-01 2.19699329e-17 2.96674766e-17 1.40808810e-06 3.39725510e-07 3.39725510e-07 3.56292512e-03 3.56292512e-03 8.22179615e-03 2.24577559e-02 1.19804627e-17 1.38520139e-02 2.56886383e-03 1.10591600e-02 1.01821688e-02 9.16446048e-03 7.90781081e-03
1.49849850e-01 -2.06697975e+01 -2.06697975e+01 -2.50725149e-02 -6.80089903e-03 -6.80089380e-03 7.13254574e+01 7.13254574e+01 9.79240498e+01 1.47826389e+02 1.73372523e+02 2.30552517e+02 3.23012132e+02 3.43676760e+02 4.51026161e+02 5.63975816e+02 6.80577421e+02 1.54475096e-15 7.73077751e-16 4.87131001e-05 1.26581257e-13 5.08765671e-16 2.25081256e-16 1.23805843e-28 9.99134801e-01 9.91525573e-01 7.74510404e-16 9.91811736e-01 4.75828687e-01 9.00896724e-01 9.98720240e-01 9.99780689e-01 9.99942386e-01 4.05937459e-17 9.39351814e-18 1.40808810e-06 3.39725510e-07 3.39725510e-07 3.56292512e-03 3.56292512e-03 8.23486959e-03 2.24428596e-02 5.69103250e-18 1.38312694e-02 2.56585449e-03 1.10460415e-02 1.01711123e-02 9.15514201e-03 7.90006222e-03
1.50000000e-01 -2.06697975e+01 -2.06697975e+01 -2.50725142e-02 -6.80090674e-03 -6.80088987e-03 7.13254574e+01 7.13254574e+01 9.79064888e+01 1.47741385e+02 1.73372523e+02 2.30533227e+02 3.23014963e+02 3.43660131e+02 4.51019244e+02 5.63971528e+02 6.80574816e+02 1.83713860e-15 1.23387975e-15 4.87619108e-05 1.52430990e-16 3.30985969e-14 1.23489170e-28 2.13805929e-16 9.99132112e-01 9.91541988e-01 4.55630979e-16 9.91839083e-01 4.75633405e-01 9.00951149e-01 9.98722854e-01 9.99781124e-01 9.99942497e-01 4.64938321e-17 1.48154439e-17 1.40808810e-06 3.39725510e-07 3.39725510e-07 3.56292512e-03 3.56292512e-03 8.24794850e-03 2.24279197e-02 6.77407977e-18 1.38105828e-02 2.56285000e-03 1.10329541e-02 1.01600802e-02 9.14584243e-03 7.89232857e-03
