# CO2 Fig3 panel A: chi neglected, multiple cavity modes (7 harmonics, 3rd resonant)
# omega_res = 311.846 meV ; axis = [0, 0, 1] ; nmodes = 16
# col0 = lambda ; cols 1..16 = frequency (meV) ; cols 17..32 = photon character ; cols 33..48 = IR intensity (arb. u.)
0.00000000e+00 -2.06697975e+01 -2.06697975e+01 -2.50725140e-02 -6.80089439e-03 -6.80089434e-03 7.13254574e+01 7.13254574e+01 1.03948689e+02 1.73372523e+02 2.07897379e+02 3.11846068e+02 3.11846068e+02 4.15794757e+02 5.19743446e+02 6.23692136e+02 7.27640825e+02 0.00000000e+00 0.00000000e+00 0.00000000e+00 0.00000000e+00 0.00000000e+00 0.00000000e+00 0.00000000e+00 1.00000000e+00 0.00000000e+00 1.00000000e+00 0.00000000e+00 1.00000000e+00 1.00000000e+00 1.00000000e+00 1.00000000e+00 1.00000000e+00 1.48189376e-18 1.80404547e-19 1.40808814e-06 3.39725510e-07 3.39725510e-07 3.56292512e-03 3.56292512e-03 0.00000000e+00 2.76882312e-18 0.00000000e+00 1.75134731e-02 0.00000000e+00 0.00000000e+00 0.00000000e+00 0.00000000e+00 0.00000000e+00
1.50150150e-04 -2.06697975e+01 -2.06697975e+01 -2.50725141e-02 -6.80089626e-03 -6.80089531e-03 7.13254574e+01 7.13254574e+01 1.03948689e+02 1.73372523e+02 2.07897374e+02 3.11810269e+02 3.11881826e+02 4.15794782e+02 5.19743468e+02 6.23692157e+02 7.27640848e+02 6.55156709e-16 7.61471223e-16 4.88107226e-08 5.20259002e-17 8.07854534e-17 1.54969301e-16 3.31637129e-24 1.00000000e+00 1.14126016e-15 9.99999983e-01 7.06925187e-01 7.07288760e-01 9.99999862e-01 9.99999936e-01 9.99999953e-01 9.99999960e-01 2.27952966e-18 7.65758597e-19 1.40808814e-06 3.39725510e-07 3.39725510e-07 3.56292512e-03 3.56292512e-03 5.02332123e-07 2.52628857e-18 3.21492616e-06 1.23870751e-02 1.23807077e-02 9.18549433e-06 6.27914956e-06 5.35820897e-06 4.92285612e-06
3.00300300e-04 -2.06697975e+01 -2.06697975e+01 -2.50725125e-02 -6.80089439e-03 -6.80089428e-03 7.13254574e+01 7.13254574e+01 1.03948688e+02 1.73372523e+02 2.07897361e+02 3.11774430e+02 3.11917542e+02 4.15794857e+02 5.19743532e+02 6.23692223e+02 7.27640919e+02 9.88382373e-17 2.35155849e-16 9.76214464e-08 5.01106821e-29 2.94257772e-29 8.45431147e-47 9.48291008e-29 9.99999998e-01 9.02624738e-16 9.99999933e-01 7.06743980e-01 7.07471123e-01 9.99999450e-01 9.99999743e-01 9.99999813e-01 9.99999842e-01 2.74416431e-18 2.11588164e-18 1.40808814e-06 3.39725510e-07 3.39725510e-07 3.56292512e-03 3.56292512e-03 1.00466435e-06 5.41979869e-18 6.42985557e-06 1.23902463e-02 1.23775114e-02 1.83709435e-05 1.25582864e-05 1.07164152e-05 9.84571946e-06
4.50450450e-04 -2.06697975e+01 -2.06697975e+01 -2.50725137e-02 -6.80089271e-03 -6.80088851e-03 7.13254574e+01 7.13254574e+01 1.03948686e+02 1.73372523e+02 2.07897339e+02 3.11738549e+02 3.11953218e+02 4.15794982e+02 5.19743639e+02 6.23692333e+02 7.27641036e+02 6.41912270e-16 3.05578242e-16 1.46432169e-07 2.21300771e-16 1.32658906e-17 1.26732636e-29 2.88127616e-16 9.99999996e-01 5.13663490e-16 9.99999848e-01 7.06563160e-01 7.07653869e-01 9.99998762e-01 9.99999422e-01 9.99999579e-01 9.99999644e-01 6.75623070e-19 3.15065869e-18 1.40808814e-06 3.39725510e-07 3.39725510e-07 3.56292512e-03 3.56292512e-03 1.50699680e-06 1.53769632e-18 9.64479148e-06 1.23934090e-02 1.23743068e-02 2.75563024e-05 1.88373980e-05 1.60746160e-05 1.47685973e-05
6.00600601e-04 -2.06697975e+01 -2.06697975e+01 -2.50725137e-02 -6.80090070e-03 -6.80088067e-03 7.13254574e+01 7.13254574e+01 1.03948684e+02 1.73372523e+02 2.07897308e+02 3.11702628e+02 3.11988853e+02 4.15795157e+02 5.19743788e+02 6.23692486e+02 7.27641200e+02 2.91244466e-16 6.93107604e-16 1.95242892e-07 8.44431014e-18 8.36406492e-17 1.49326673e-16 1.76351015e-29 9.99999993e-01 5.96908746e-16 9.99999730e-01 7.06382728e-01 7.07836996e-01 9.99997799e-01 9.99998972e-01 9.99999251e-01 9.99999368e-01 1.01082941e-18 1.59877603e-18 1.40808814e-06 3.39725510e-07 3.39725510e-07 3.56292512e-03 3.56292512e-03 2.00932957e-06 1.26487253e-18 1.28597372e-05 1.23965633e-02 1.23710938e-02 3.67415259e-05 2.51164716e-05 2.14328086e-05 1.96914967e-05
7.50750751e-04 -2.06697975e+01 -2.06697975e+01 -2.50725130e-02 -6.80090260e-03 -6.80088576e-03 7.13254574e+01 7.13254574e+01 1.03948681e+02 1.73372523e+02 2.07897269e+02 3.11666666e+02 3.12024447e+02 4.15795383e+02 5.19743981e+02 6.23692683e+02 7.27641411e+02 5.40151138e-16 3.71353359e-16 2.44053615e-07 3.94272902e-17 1.62269930e-16 2.11626885e-29 1.12341616e-16 9.99999990e-01 6.74965615e-16 9.99999579e-01 7.06202686e-01 7.08020504e-01 9.99996562e-01 9.99998393e-01 9.99998830e-01 9.99999012e-01 1.53408146e-18 3.66288021e-18 1.40808814e-06 3.39725510e-07 3.39725510e-07 3.56292512e-03 3.56292512e-03 2.51166277e-06 1.06085890e-19 1.60746959e-05 1.23997092e-02 1.23678724e-02 4.59265689e-05 3.13954945e-05 2.67909903e-05 2.46144251e-05
9.00900901e-04 -2.06697975e+01 -2.06697975e+01 -2.50725155e-02 -6.80089438e-03 -6.80089433e-03 7.13254574e+01 7.13254574e+01 1.03948677e+02 1.73372523e+02 2.07897221e+02 3.11630663e+02 3.12060000e+02 4.15795658e+02 5.19744216e+02 6.23692924e+02 7.27641670e+02 4.65540001e-16 5.34440143e-16 2.92864339e-07 2.48736534e-16 4.13002490e-16 4.32994911e-21 3.30394912e-19 9.99999985e-01 7.48696885e-16 9.99999393e-01 7.06023035e-01 7.08204392e-01 9.99995049e-01 9.99997686e-01 9.99998315e-01 9.99998578e-01 1.27067828e-18 1.02760373e-18 1.40808814e-06 3.39725510e-07 3.39725510e-07 3.56292512e-03 3.56292512e-03 3.01399651e-06 9.43158378e-19 1.92896708e-05 1.24028467e-02 1.23646427e-02 5.51113862e-05 3.76744541e-05 3.21491583e-05 2.95373896e-05
1.05105105e-03 -2.06697975e+01 -2.06697975e+01 -2.50725136e-02 -6.80090788e-03 -6.80090673e-03 7.13254574e+01 7.13254574e+01 1.03948672e+02 1.73372523e+02 2.07897164e+02 3.11594619e+02 3.12095512e+02 4.15795983e+02 5.19744494e+02 6.23693208e+02 7.27641975e+02 1.12377268e-15 1.01506735e-15 3.41675061e-07 8.22276369e-18 2.77524577e-16 2.03129641e-16 3.04649643e-29 9.99999980e-01 7.60411140e-16 9.99999174e-01 7.05843776e-01 7.08388657e-01 9.99993261e-01 9.99996851e-01 9.99997707e-01 9.99998064e-01 1.53620102e-18 4.01399817e-19 1.40808814e-06 3.39725510e-07 3.39725510e-07 3.56292512e-03 3.56292512e-03 3.51633089e-06 2.67788185e-18 2.25046653e-05 1.24059758e-02 1.23614047e-02 6.42959326e-05 4.39533377e-05 3.75073099e-05 3.44603975e-05
1.20120120e-03 -2.06697975e+01 -2.06697975e+01 -2.50725142e-02 -6.80089958e-03 -6.80089905e-03 7.13254574e+01 7.13254574e+01 1.03948667e+02 1.73372523e+02 2.07897098e+02 3.11558535e+02 3.12130983e+02 4.15796358e+02 5.19744815e+02 6.23693537e+02 7.27642327e+02 1.64855001e-16 6.72281042e-16 3.90485784e-07 2.13021248e-17 1.85082323e-16 2.09261737e-16 4.72931502e-23 9.99999974e-01 2.78106679e-16 9.99998922e-01 7.05664910e-01 7.08573300e-01 9.99991198e-01 9.99995887e-01 9.99997005e-01 9.99997472e-01 7.39940027e-19 2.53870343e-19 1.40808814e-06 3.39725510e-07 3.39725510e-07 3.56292512e-03 3.56292512e-03 4.01866603e-06 4.41260533e-18 2.57196826e-05 1.24090964e-02 1.23581584e-02 7.34801632e-05 5.02321327e-05 4.28654424e-05 3.93834559e-05
1.35135135e-03 -2.06697975e+01 -2.06697975e+01 -2.50725142e-02 -6.80090093e-03 -6.80089662e-03 7.13254574e+01 7.13254574e+01 1.03948662e+02 1.73372523e+02 2.07897024e+02 3.11522410e+02 3.12166413e+02 4.15796784e+02 5.19745178e+02 6.23693909e+02 7.27642726e+02 2.90753582e-16 1.92785050e-16 4.39296507e-07 7.70886549e-16 1.09061922e-16 2.75654788e-16 3.95921646e-29 9.99999967e-01 3.53279227e-16 9.99998635e-01 7.05486438e-01 7.08758319e-01 9.99988861e-01 9.99994794e-01 9.99996209e-01 9.99996800e-01 2.65497004e-18 1.34115916e-18 1.40808814e-06 3.39725510e-07 3.39725510e-07 3.56292512e-03 3.56292512e-03 4.52100203e-06 3.97510789e-19 2.89347258e-05 1.24122086e-02 1.23549037e-02 8.26640326e-05 5.65108264e-05 4.82235531e-05 4.43065722e-05
1.50150150e-03 -2.06697975e+01 -2.06697975e+01 -2.50725144e-02 -6.80089618e-03 -6.80089346e-03 7.13254574e+01 7.13254574e+01 1.03948655e+02 1.73372523e+02 2.07896941e+02 3.11486245e+02 3.12201802e+02 4.15797259e+02 5.19745584e+02 6.23694325e+02 7.27643172e+02 9.60287445e-16 2.57818609e-16 4.88107231e-07 2.05147612e-18 2.98222260e-16 4.22913537e-29 1.72387483e-16 9.99999959e-01 4.30992566e-16 9.99998315e-01 7.05308361e-01 7.08943712e-01 9.99986248e-01 9.99993573e-01 9.99995320e-01 9.99996049e-01 1.39153426e-18 3.25667983e-18 1.40808814e-06 3.39725510e-07 3.39725510e-07 3.56292512e-03 3.56292512e-03 5.02333900e-06 1.99240265e-18 3.21497984e-05 1.24153123e-02 1.23516408e-02 9.18474960e-05 6.27894060e-05 5.35816392e-05 4.92297534e-05
1.65165165e-03 -2.06697975e+01 -2.06697975e+01 -2.50725134e-02 -6.80090378e-03 -6.80089577e-03 7.13254574e+01 7.13254574e+01 1.03948648e+02 1.73372523e+02 2.07896849e+02 3.11450038e+02 3.12237149e+02 4.15797784e+02 5.19746033e+02 6.23694785e+02 7.27643664e+02 1.43715894e-15 3.65673842e-16 5.36917954e-07 1.97943328e-16 4.23590676e-17 4.67153350e-29 2.40636233e-16 9.99999950e-01 3.46130904e-16 9.99997961e-01 7.05130681e-01 7.09129479e-01 9.99983361e-01 9.99992224e-01 9.99994337e-01 9.99995220e-01 3.03262753e-18 2.31497173e-18 1.40808814e-06 3.39725510e-07 3.39725510e-07 3.56292512e-03 3.56292512e-03 5.52567705e-06 1.30692344e-18 3.53649035e-05 1.24184075e-02 1.23483695e-02 1.01030508e-04 6.90678591e-05 5.89396980e-05 5.41530070e-05
1.80180180e-03 -2.06697975e+01 -2.06697975e+01 -2.50725140e-02 -6.80089907e-03 -6.80088688e-03 7.13254574e+01 7.13254574e+01 1.03948640e+02 1.73372523e+02 2.07896748e+02 3.11413791e+02 3.12272456e+02 4.15798360e+02 5.19746525e+02 6.23695288e+02 7.27644204e+02 1.10804201e-15 3.54175354e-16 5.85728677e-07 1.87579282e-16 4.26271684e-17 2.13279447e-16 5.07765672e-29 9.99999941e-01 2.41869956e-16 9.99997574e-01 7.04953398e-01 7.09315618e-01 9.99980199e-01 9.99990746e-01 9.99993261e-01 9.99994311e-01 4.33957193e-18 1.11697356e-18 1.40808814e-06 3.39725510e-07 3.39725510e-07 3.56292512e-03 3.56292512e-03 6.02801628e-06 1.53769632e-18 3.85800444e-05 1.24214943e-02 1.23450900e-02 1.10213024e-04 7.53461728e-05 6.42977267e-05 5.90763400e-05
1.95195195e-03 -2.06697975e+01 -2.06697975e+01 -2.50725142e-02 -6.80089254e-03 -6.80089048e-03 7.13254574e+01 7.13254574e+01 1.03948631e+02 1.73372523e+02 2.07896639e+02 3.11377504e+02 3.12307721e+02 4.15798985e+02 5.19747059e+02 6.23695835e+02 7.27644791e+02 6.77632643e-16 1.91909147e-16 6.34539400e-07 1.01767571e-16 1.03224085e-15 5.50800617e-29 2.69454975e-16 9.99999930e-01 2.48863516e-16 9.99997152e-01 7.04776513e-01 7.09502129e-01 9.99976762e-01 9.99989139e-01 9.99992091e-01 9.99993323e-01 4.31290979e-18 7.76378242e-19 1.40808814e-06 3.39725510e-07 3.39725510e-07 3.56292512e-03 3.56292512e-03 6.53035680e-06 4.69850949e-19 4.17952243e-05 1.24245726e-02 1.23418022e-02 1.19394998e-04 8.16243346e-05 6.96557226e-05 6.39997597e-05
2.10210210e-03 -2.06697975e+01 -2.06697975e+01 -2.50725141e-02 -6.80090507e-03 -6.80090404e-03 7.13254574e+01 7.13254574e+01 1.03948622e+02 1.73372523e+02 2.07896520e+02 3.11341175e+02 3.12342945e+02 4.15799660e+02 5.19747636e+02 6.23696426e+02 7.27645424e+02 1.58309740e-15 4.31228512e-16 6.83350122e-07 1.09045149e-16 2.64244907e-16 6.09792854e-29 4.82604691e-17 9.99999919e-01 9.81098322e-17 9.99996697e-01 7.04600028e-01 7.09689010e-01 9.99973050e-01 9.99987404e-01 9.99990827e-01 9.99992256e-01 4.72139860e-19 2.25634163e-18 1.40808814e-06 3.39725510e-07 3.39725510e-07 3.56292512e-03 3.56292512e-03 7.03269872e-06 7.61275848e-19 4.50104466e-05 1.24276425e-02 1.23385061e-02 1.28576386e-04 8.79023318e-05 7.50136830e-05 6.89232734e-05
2.25225225e-03 -2.06697975e+01 -2.06697975e+01 -2.50725142e-02 -6.80090064e-03 -6.80089282e-03 7.13254574e+01 7.13254574e+01 1.03948612e+02 1.73372523e+02 2.07896393e+02 3.11304807e+02 3.12378128e+02 4.15800386e+02 5.19748256e+02 6.23697061e+02 7.27646105e+02 3.49601863e-16 2.14222839e-16 7.32160846e-07 2.22541444e-16 1.02884869e-16 6.61594809e-29 1.66067126e-16 9.99999907e-01 5.46924605e-16 9.99996209e-01 7.04423944e-01 7.09876259e-01 9.99969064e-01 9.99985541e-01 9.99989470e-01 9.99991110e-01 2.17339587e-18 1.64906506e-18 1.40808814e-06 3.39725510e-07 3.39725510e-07 3.56292512e-03 3.56292512e-03 7.53504215e-06 7.57966397e-20 4.82257143e-05 1.24307038e-02 1.23352017e-02 1.37757142e-04 9.41801516e-05 8.03716052e-05 7.38468882e-05
2.40240240e-03 -2.06697975e+01 -2.06697975e+01 -2.50725131e-02 -6.80089530e-03 -6.80089366e-03 7.13254574e+01 7.13254574e+01 1.03948602e+02 1.73372523e+02 2.07896258e+02 3.11268398e+02 3.12413270e+02 4.15801161e+02 5.19748919e+02 6.23697740e+02 7.27646833e+02 7.27271842e-16 4.06542078e-16 7.80971569e-07 2.34602353e-17 2.32658296e-16 1.29542271e-16 7.05425746e-29 9.99999895e-01 4.07092272e-16 9.99995686e-01 7.04248262e-01 7.10063876e-01 9.99964804e-01 9.99983549e-01 9.99988019e-01 9.99989885e-01 2.47482818e-18 2.23463135e-18 1.40808814e-06 3.39725510e-07 3.39725510e-07 3.56292512e-03 3.56292512e-03 8.03738720e-06 1.65892684e-18 5.14410309e-05 1.24337566e-02 1.23318891e-02 1.46937221e-04 1.00457781e-04 8.57294863e-05 7.87706114e-05
2.55255255e-03 -2.06697975e+01 -2.06697975e+01 -2.50725130e-02 -6.80089838e-03 -6.80088039e-03 7.13254574e+01 7.13254574e+01 1.03948590e+02 1.73372523e+02 2.07896113e+02 3.11231948e+02 3.12448370e+02 4.15801986e+02 5.19749624e+02 6.23698462e+02 7.27647607e+02 1.98246807e-16 5.15169952e-16 8.29782292e-07 7.83571221e-17 2.82081819e-16 1.21667296e-16 7.49252744e-29 9.99999881e-01 5.20725664e-16 9.99995130e-01 7.04072982e-01 7.10251860e-01 9.99960269e-01 9.99981429e-01 9.99986475e-01 9.99988581e-01 1.99823713e-18 1.33618086e-18 1.40808814e-06 3.39725510e-07 3.39725510e-07 3.56292512e-03 3.56292512e-03 8.53973397e-06 4.27800039e-19 5.46563996e-05 1.24368010e-02 1.23285683e-02 1.56116578e-04 1.06735209e-04 9.10873238e-05 8.36944502e-05
2.70270270e-03 -2.06697975e+01 -2.06697975e+01 -2.50725147e-02 -6.80090682e-03 -6.80090630e-03 7.13254574e+01 7.13254574e+01 1.03948578e+02 1.73372523e+02 2.07895960e+02 3.11195458e+02 3.12483429e+02 4.15802862e+02 5.19750373e+02 6.23699229e+02 7.27648428e+02 2.60994784e-16 6.41710719e-16 8.78593015e-07 6.72564139e-16 3.81808006e-17 7.92486831e-29 1.12499007e-16 9.99999867e-01 4.93736827e-16 9.99994540e-01 7.03898107e-01 7.10440209e-01 9.99955459e-01 9.99979180e-01 9.99984837e-01 9.99987198e-01 1.31116657e-18 5.29861948e-19 1.40808814e-06 3.39725510e-07 3.39725510e-07 3.56292512e-03 3.56292512e-03 9.04208257e-06 1.53769632e-18 5.78718235e-05 1.24398368e-02 1.23252392e-02 1.65295169e-04 1.13012421e-04 9.64451147e-05 8.86184119e-05
2.85285285e-03 -2.06697975e+01 -2.06697975e+01 -2.50725136e-02 -6.80090456e-03 -6.80090177e-03 7.13254574e+01 7.13254574e+01 1.03948566e+02 1.73372523e+02 2.07895798e+02 3.11158927e+02 3.12518447e+02 4.15803787e+02 5.19751163e+02 6.23700039e+02 7.27649297e+02 7.23204795e-16 1.94953156e-16 9.27403738e-07 1.12718810e-16 2.69387628e-16 8.30658450e-29 1.03056774e-16 9.99999852e-01 4.50556701e-16 9.99993917e-01 7.03723636e-01 7.10628921e-01 9.99950376e-01 9.99976803e-01 9.99983105e-01 9.99985736e-01 4.32798334e-19 6.03756760e-19 1.40808814e-06 3.39725510e-07 3.39725510e-07 3.56292512e-03 3.56292512e-03 9.54443310e-06 1.06085890e-19 6.10873060e-05 1.24428641e-02 1.23219019e-02 1.74472948e-04 1.19289405e-04 1.01802856e-04 9.35425035e-05
3.00300300e-03 -2.06697975e+01 -2.06697975e+01 -2.50725134e-02 -6.80090151e-03 -6.80088930e-03 7.13254574e+01 7.13254574e+01 1.03948552e+02 1.73372523e+02 2.07895627e+02 3.11122356e+02 3.12553424e+02 4.15804762e+02 5.19751997e+02 6.23700892e+02 7.27650212e+02 1.46930778e-15 1.69753697e-16 9.76214461e-07 1.59827946e-15 8.75227253e-17 1.33093918e-16 8.45171655e-29 9.99999835e-01 2.72555007e-16 9.99993260e-01 7.03549571e-01 7.10817997e-01 9.99945018e-01 9.99974297e-01 9.99981280e-01 9.99984195e-01 2.08439756e-18 2.87774182e-18 1.40808814e-06 3.39725510e-07 3.39725510e-07 3.56292512e-03 3.56292512e-03 1.00467857e-05 1.12504091e-18 6.43028504e-05 1.24458829e-02 1.23185564e-02 1.83649870e-04 1.25566148e-04 1.07160546e-04 9.84667325e-05
3.15315315e-03 -2.06697975e+01 -2.06697975e+01 -2.50725151e-02 -6.80089536e-03 -6.80088943e-03 7.13254574e+01 7.13254574e+01 1.03948538e+02 1.73372523e+02 2.07895447e+02 3.11085744e+02 3.12588359e+02 4.15805787e+02 5.19752873e+02 6.23701790e+02 7.27651175e+02 2.12796885e-16 1.19961318e-15 1.02502518e-06 3.30143464e-16 8.85838896e-17 9.18317944e-29 7.91484470e-17 9.99999819e-01 3.24708556e-16 9.99992569e-01 7.03375914e-01 7.11007435e-01 9.99939387e-01 9.99971664e-01 9.99979362e-01 9.99982574e-01 3.62076221e-19 2.33230383e-18 1.40808814e-06 3.39725510e-07 3.39725510e-07 3.56292512e-03 3.56292512e-03 1.05491404e-05 1.53769632e-18 6.75184598e-05 1.24488931e-02 1.23152027e-02 1.92825891e-04 1.31842638e-04 1.12518181e-04 1.03391106e-04
3.30330330e-03 -2.06697975e+01 -2.06697975e+01 -2.50725151e-02 -6.80089307e-03 -6.80089135e-03 7.13254574e+01 7.13254574e+01 1.03948524e+02 1.73372523e+02 2.07895259e+02 3.11049093e+02 3.12623253e+02 4.15806863e+02 5.19753792e+02 6.23702731e+02 7.27652184e+02 2.48911984e-16 1.34120539e-15 1.07383591e-06 1.00704369e-16 2.91918282e-16 2.18207299e-16 9.34351501e-29 9.99999801e-01 6.63948210e-16 9.99991844e-01 7.03202665e-01 7.11197232e-01 9.99933481e-01 9.99968902e-01 9.99977349e-01 9.99980875e-01 1.55045079e-18 5.88576875e-19 1.40808814e-06 3.39725510e-07 3.39725510e-07 3.56292512e-03 3.56292512e-03 1.10514974e-05 1.17393126e-18 7.07341375e-05 1.24518948e-02 1.23118408e-02 2.02000964e-04 1.38118862e-04 1.17875759e-04 1.08315631e-04
3.45345345e-03 -2.06697975e+01 -2.06697975e+01 -2.50725139e-02 -6.80090213e-03 -6.80088486e-03 7.13254574e+01 7.13254574e+01 1.03948508e+02 1.73372523e+02 2.07895062e+02 3.11012401e+02 3.12658106e+02 4.15807988e+02 5.19754754e+02 6.23703716e+02 7.27653240e+02 4.64895596e-16 1.89241532e-16 1.12264663e-06 1.88487622e-15 5.01663660e-17 3.48889767e-16 1.00132733e-28 9.99999782e-01 6.84771341e-16 9.99991085e-01 7.03029825e-01 7.11387390e-01 9.99927301e-01 9.99966011e-01 9.99975244e-01 9.99979096e-01 2.05931146e-18 1.98429335e-18 1.40808814e-06 3.39725510e-07 3.39725510e-07 3.56292512e-03 3.56292512e-03 1.15538568e-05 1.06438889e-18 7.39498868e-05 1.24548879e-02 1.23084707e-02 2.11175046e-04 1.44394808e-04 1.23233276e-04 1.13240315e-04
3.60360360e-03 -2.06697975e+01 -2.06697975e+01 -2.50725140e-02 -6.80089251e-03 -6.80088718e-03 7.13254574e+01 7.13254574e+01 1.03948492e+02 1.73372523e+02 2.07894856e+02 3.10975668e+02 3.12692917e+02 4.15809163e+02 5.19755759e+02 6.23704745e+02 7.27654343e+02 2.90136090e-16 2.95381640e-16 1.17145735e-06 1.40468336e-16 8.24203487e-16 1.61056246e-16 1.01476243e-28 9.99999763e-01 2.90628288e-16 9.99990293e-01 7.02857395e-01 7.11577905e-01 9.99920848e-01 9.99962993e-01 9.99973044e-01 9.99977238e-01 3.25984092e-18 2.10062754e-18 1.40808814e-06 3.39725510e-07 3.39725510e-07 3.56292512e-03 3.56292512e-03 1.20562186e-05 1.12504091e-18 7.71657109e-05 1.24578725e-02 1.23050924e-02 2.20348091e-04 1.50670462e-04 1.28590730e-04 1.18165166e-04
3.75375375e-03 -2.06697975e+01 -2.06697975e+01 -2.50725149e-02 -6.80088708e-03 -6.80088261e-03 7.13254574e+01 7.13254574e+01 1.03948475e+02 1.73372523e+02 2.07894642e+02 3.10938895e+02 3.12727687e+02 4.15810388e+02 5.19756806e+02 6.23705818e+02 7.27655494e+02 6.17713830e-16 2.36289916e-16 1.22026808e-06 5.79636015e-17 1.96961776e-15 1.08571336e-28 1.34122729e-16 9.99999743e-01 4.36358940e-16 9.99989467e-01 7.02685377e-01 7.11768776e-01 9.99914121e-01 9.99959846e-01 9.99970751e-01 9.99975301e-01 1.29548361e-18 2.16230556e-18 1.40808814e-06 3.39725510e-07 3.39725510e-07 3.56292512e-03 3.56292512e-03 1.25585831e-05 4.88452054e-19 8.03816131e-05 1.24608486e-02 1.23017060e-02 2.29520054e-04 1.56945812e-04 1.33948119e-04 1.23090189e-04
3.90390390e-03 -2.06697975e+01 -2.06697975e+01 -2.50725138e-02 -6.80089554e-03 -6.80088878e-03 7.13254574e+01 7.13254574e+01 1.03948458e+02 1.73372523e+02 2.07894418e+02 3.10902082e+02 3.12762415e+02 4.15811662e+02 5.19757896e+02 6.23706934e+02 7.27656691e+02 8.63380222e-16 3.00425657e-16 1.26907880e-06 2.34932066e-16 3.44442328e-16 3.04846412e-16 1.10346671e-28 9.99999722e-01 2.37667216e-16 9.99988608e-01 7.02513771e-01 7.11960004e-01 9.99907121e-01 9.99956570e-01 9.99968365e-01 9.99973285e-01 1.77810788e-18 1.06566836e-19 1.40808814e-06 3.39725510e-07 3.39725510e-07 3.56292512e-03 3.56292512e-03 1.30609502e-05 7.57966397e-20 8.35975966e-05 1.24638160e-02 1.22983114e-02 2.38690890e-04 1.63220846e-04 1.39305439e-04 1.28015393e-04
4.05405405e-03 -2.06697975e+01 -2.06697975e+01 -2.50725129e-02 -6.80091301e-03 -6.80089067e-03 7.13254574e+01 7.13254574e+01 1.03948440e+02 1.73372523e+02 2.07894186e+02 3.10865229e+02 3.12797102e+02 4.15812987e+02 5.19759029e+02 6.23708095e+02 7.27657935e+02 3.53257784e-16 3.71522808e-16 1.31788952e-06 5.05796436e-17 2.18236569e-15 1.16692850e-28 1.82028976e-16 9.99999700e-01 4.41588536e-16 9.99987714e-01 7.02342579e-01 7.12151586e-01 9.99899847e-01 9.99953167e-01 9.99965885e-01 9.99971190e-01 1.25609427e-18 1.50721054e-18 1.40808814e-06 3.39725510e-07 3.39725510e-07 3.56292512e-03 3.56292512e-03 1.35633201e-05 9.43158378e-19 8.68136648e-05 1.24667749e-02 1.22949087e-02 2.47860555e-04 1.69495550e-04 1.44662688e-04 1.32940786e-04
4.20420420e-03 -2.06697975e+01 -2.06697975e+01 -2.50725140e-02 -6.80090176e-03 -6.80089298e-03 7.13254574e+01 7.13254574e+01 1.03948421e+02 1.73372523e+02 2.07893945e+02 3.10828336e+02 3.12831748e+02 4.15814362e+02 5.19760204e+02 6.23709299e+02 7.27659226e+02 1.96491287e-16 5.79023774e-16 1.36670025e-06 2.32371092e-16 2.27333592e-15 1.21775154e-28 1.34887583e-16 9.99999677e-01 6.97050235e-16 9.99986787e-01 7.02171801e-01 7.12343521e-01 9.99892301e-01 9.99949635e-01 9.99963311e-01 9.99969015e-01 1.81828175e-18 2.56556497e-18 1.40808814e-06 3.39725510e-07 3.39725510e-07 3.56292512e-03 3.56292512e-03 1.40656929e-05 6.21444228e-19 9.00298207e-05 1.24697252e-02 1.22914978e-02 2.57029004e-04 1.75769913e-04 1.50019863e-04 1.37866373e-04
4.35435435e-03 -2.06697975e+01 -2.06697975e+01 -2.50725125e-02 -6.80088729e-03 -6.80087769e-03 7.13254574e+01 7.13254574e+01 1.03948402e+02 1.73372523e+02 2.07893696e+02 3.10791402e+02 3.12866352e+02 4.15815786e+02 5.19761422e+02 6.23710546e+02 7.27660564e+02 6.27826343e-16 1.98194664e-16 1.41551097e-06 3.71419522e-16 1.62267935e-16 1.05196279e-24 1.78788311e-16 9.99999654e-01 5.38345292e-16 9.99985826e-01 7.02001438e-01 7.12535807e-01 9.99884481e-01 9.99945976e-01 9.99960644e-01 9.99966762e-01 1.81103811e-18 1.92268819e-18 1.40808814e-06 3.39725510e-07 3.39725510e-07 3.56292512e-03 3.56292512e-03 1.45680688e-05 1.52593466e-18 9.32460678e-05 1.24726669e-02 1.22880788e-02 2.66196191e-04 1.82043920e-04 1.55376961e-04 1.42792162e-04
4.50450450e-03 -2.06697975e+01 -2.06697975e+01 -2.50725133e-02 -6.80091601e-03 -6.80089857e-03 7.13254574e+01 7.13254574e+01 1.03948381e+02 1.73372523e+02 2.07893437e+02 3.10754428e+02 3.12900915e+02 4.15817261e+02 5.19762683e+02 6.23711838e+02 7.27661949e+02 1.92451607e-15 1.22867990e-16 1.46432169e-06 5.68911598e-17 2.48631889e-15 1.32124498e-28 1.15634871e-16 9.99999630e-01 4.89910788e-16 9.99984831e-01 7.01831492e-01 7.12728445e-01 9.99876388e-01 9.99942188e-01 9.99957884e-01 9.99964429e-01 7.84560964e-19 2.83170784e-18 1.40808814e-06 3.39725510e-07 3.39725510e-07 3.56292512e-03 3.56292512e-03 1.50704477e-05 2.40505806e-18 9.64624092e-05 1.24756001e-02 1.22846517e-02 2.75362072e-04 1.88317561e-04 1.60733980e-04 1.47718161e-04
4.65465465e-03 -2.06697975e+01 -2.06697975e+01 -2.50725147e-02 -6.80089411e-03 -6.80089038e-03 7.13254574e+01 7.13254574e+01 1.03948361e+02 1.73372523e+02 2.07893170e+02 3.10717415e+02 3.12935436e+02 4.15818785e+02 5.19763986e+02 6.23713173e+02 7.27663382e+02 4.22999954e-16 5.11519257e-16 1.51313241e-06 2.52043519e-15 6.41132919e-17 2.40029724e-16 1.34219466e-28 9.99999605e-01 3.06886796e-16 9.99983803e-01 7.01661964e-01 7.12921431e-01 9.99868023e-01 9.99938272e-01 9.99955030e-01 9.99962016e-01 1.28970920e-18 2.53703983e-19 1.40808814e-06 3.39725510e-07 3.39725510e-07 3.56292512e-03 3.56292512e-03 1.55728299e-05 1.53769632e-18 9.96788482e-05 1.24785246e-02 1.22812165e-02 2.84526602e-04 1.94590821e-04 1.66090916e-04 1.52644377e-04
4.80480480e-03 -2.06697975e+01 -2.06697975e+01 -2.50725136e-02 -6.80090246e-03 -6.80087771e-03 7.13254574e+01 7.13254574e+01 1.03948339e+02 1.73372523e+02 2.07892894e+02 3.10680361e+02 3.12969916e+02 4.15820359e+02 5.19765332e+02 6.23714552e+02 7.27664861e+02 1.59558515e-15 4.24657125e-16 1.56194314e-06 1.16044560e-16 4.24238398e-16 1.63362134e-16 1.41099031e-28 9.99999579e-01 1.45872313e-16 9.99982741e-01 7.01492854e-01 7.13114766e-01 9.99859384e-01 9.99934228e-01 9.99952082e-01 9.99959525e-01 2.50321173e-18 2.05669047e-18 1.40808814e-06 3.39725510e-07 3.39725510e-07 3.56292512e-03 3.56292512e-03 1.60752155e-05 6.70334584e-19 1.02895388e-04 1.24814405e-02 1.22777732e-02 2.93689736e-04 2.00863689e-04 1.71447768e-04 1.57570816e-04
4.95495495e-03 -2.06697975e+01 -2.06697975e+01 -2.50725140e-02 -6.80089253e-03 -6.80088668e-03 7.13254574e+01 7.13254574e+01 1.03948317e+02 1.73372523e+02 2.07892609e+02 3.10643267e+02 3.13004354e+02 4.15821983e+02 5.19766721e+02 6.23715975e+02 7.27666387e+02 2.17678064e-16 1.60537411e-15 1.61075386e-06 4.38954966e-16 4.68362338e-17 1.19508241e-24 1.14152505e-16 9.99999552e-01 4.86363032e-16 9.99981645e-01 7.01324164e-01 7.13308448e-01 9.99850474e-01 9.99930056e-01 9.99949041e-01 9.99956954e-01 1.16072906e-18 3.28966935e-18 1.40808814e-06 3.39725510e-07 3.39725510e-07 3.56292512e-03 3.56292512e-03 1.65776045e-05 7.91565098e-19 1.06112032e-04 1.24843478e-02 1.22743218e-02 3.02851430e-04 2.07136151e-04 1.76804531e-04 1.62497487e-04
5.10510511e-03 -2.06697975e+01 -2.06697975e+01 -2.50725134e-02 -6.80091111e-03 -6.80089059e-03 7.13254574e+01 7.13254574e+01 1.03948294e+02 1.73372523e+02 2.07892316e+02 3.10606133e+02 3.13038751e+02 4.15823656e+02 5.19768153e+02 6.23717442e+02 7.27667960e+02 2.97096558e-16 8.57633534e-16 1.65956458e-06 1.69317387e-16 5.34393494e-16 1.26588250e-16 1.49867253e-28 9.99999524e-01 2.70648625e-16 9.99980515e-01 7.01155894e-01 7.13502476e-01 9.99841291e-01 9.99925756e-01 9.99945906e-01 9.99954305e-01 5.16316760e-18 1.65720484e-18 1.40808814e-06 3.39725510e-07 3.39725510e-07 3.56292512e-03 3.56292512e-03 1.70799970e-05 3.22352944e-18 1.09328783e-04 1.24872465e-02 1.22708624e-02 3.12011638e-04 2.13408196e-04 1.82161204e-04 1.67424396e-04
5.25525526e-03 -2.06697975e+01 -2.06697975e+01 -2.50725150e-02 -6.80090533e-03 -6.80090235e-03 7.13254574e+01 7.13254574e+01 1.03948270e+02 1.73372523e+02 2.07892014e+02 3.10568959e+02 3.13073106e+02 4.15825380e+02 5.19769627e+02 6.23718952e+02 7.27669580e+02 3.94054605e-16 5.96998608e-17 1.70837531e-06 1.57091839e-16 5.97590430e-16 1.50761948e-28 2.40241741e-16 9.99999496e-01 2.51444702e-16 9.99979352e-01 7.00988046e-01 7.13696848e-01 9.99831836e-01 9.99921328e-01 9.99942678e-01 9.99951575e-01 2.22061339e-18 1.59451952e-18 1.40808814e-06 3.39725510e-07 3.39725510e-07 3.56292512e-03 3.56292512e-03 1.75823932e-05 3.97510789e-19 1.12545645e-04 1.24901366e-02 1.22673948e-02 3.21170316e-04 2.19679810e-04 1.87517783e-04 1.72351550e-04
5.40540541e-03 -2.06697975e+01 -2.06697975e+01 -2.50725141e-02 -6.80089553e-03 -6.80088733e-03 7.13254574e+01 7.13254574e+01 1.03948246e+02 1.73372523e+02 2.07891703e+02 3.10531745e+02 3.13107419e+02 4.15827153e+02 5.19771144e+02 6.23720506e+02 7.27671247e+02 1.53533740e-15 3.93127075e-16 1.75718603e-06 1.21499318e-15 6.33808680e-17 3.00065314e-16 1.58517232e-28 9.99999467e-01 6.05764090e-16 9.99978154e-01 7.00820620e-01 7.13891563e-01 9.99822109e-01 9.99916772e-01 9.99939356e-01 9.99948767e-01 3.59140508e-18 3.07035720e-18 1.40808814e-06 3.39725510e-07 3.39725510e-07 3.56292512e-03 3.56292512e-03 1.80847932e-05 2.67788185e-18 1.15762621e-04 1.24930180e-02 1.22639193e-02 3.30327419e-04 2.25950980e-04 1.92874267e-04 1.77278958e-04
5.55555556e-03 -2.06697975e+01 -2.06697975e+01 -2.50725125e-02 -6.80090019e-03 -6.80090010e-03 7.13254574e+01 7.13254574e+01 1.03948221e+02 1.73372523e+02 2.07891383e+02 3.10494491e+02 3.13141691e+02 4.15828976e+02 5.19772703e+02 6.23722104e+02 7.27672962e+02 1.88402247e-15 4.23999503e-16 1.80599675e-06 2.81595524e-15 7.59642876e-16 1.08432051e-16 1.59338600e-28 9.99999437e-01 7.29931873e-16 9.99976923e-01 7.00653618e-01 7.14086620e-01 9.99812111e-01 9.99912088e-01 9.99935941e-01 9.99945879e-01 1.74551452e-18 1.65372233e-18 1.40808814e-06 3.39725510e-07 3.39725510e-07 3.56292512e-03 3.56292512e-03 1.85871970e-05 1.76162976e-18 1.18979714e-04 1.24958908e-02 1.22604357e-02 3.39482903e-04 2.32221695e-04 1.98230651e-04 1.82206625e-04
5.70570571e-03 -2.06697975e+01 -2.06697975e+01 -2.50725150e-02 -6.80090185e-03 -6.80088774e-03 7.13254574e+01 7.13254574e+01 1.03948195e+02 1.73372523e+02 2.07891054e+02 3.10457198e+02 3.13175921e+02 4.15830849e+02 5.19774305e+02 6.23723746e+02 7.27674723e+02 4.04289998e-16 6.51145961e-16 1.85480748e-06 5.70944270e-17 4.77783387e-16 8.51533490e-17 1.39614353e-24 9.99999406e-01 2.96721764e-16 9.99975658e-01 7.00487040e-01 7.14282018e-01 9.99801841e-01 9.99907276e-01 9.99932432e-01 9.99942912e-01 1.54841588e-18 2.83431131e-18 1.40808814e-06 3.39725510e-07 3.39725510e-07 3.56292512e-03 3.56292512e-03 1.90896048e-05 1.53769632e-18 1.22196927e-04 1.24987549e-02 1.22569440e-02 3.48636722e-04 2.38491941e-04 2.03586934e-04 1.87134560e-04
5.85585586e-03 -2.06697975e+01 -2.06697975e+01 -2.50725150e-02 -6.80089420e-03 -6.80088901e-03 7.13254574e+01 7.13254574e+01 1.03948169e+02 1.73372523e+02 2.07890717e+02 3.10419864e+02 3.13210110e+02 4.15832771e+02 5.19775950e+02 6.23725431e+02 7.27676531e+02 9.06583127e-16 1.66321121e-15 1.90361820e-06 3.06451915e-15 6.11756231e-17 1.67990779e-28 1.59489326e-16 9.99999374e-01 2.42566367e-16 9.99974360e-01 7.00320888e-01 7.14477755e-01 9.99791299e-01 9.99902336e-01 9.99928830e-01 9.99939865e-01 1.02478373e-18 3.60218441e-18 1.40808814e-06 3.39725510e-07 3.39725510e-07 3.56292512e-03 3.56292512e-03 1.95920168e-05 4.73431948e-18 1.25414264e-04 1.25016104e-02 1.22534443e-02 3.57788832e-04 2.44761705e-04 2.08943112e-04 1.92062769e-04
6.00600601e-03 -2.06697975e+01 -2.06697975e+01 -2.50725124e-02 -6.80089705e-03 -6.80089020e-03 7.13254574e+01 7.13254574e+01 1.03948142e+02 1.73372523e+02 2.07890371e+02 3.10382491e+02 3.13244257e+02 4.15834744e+02 5.19777637e+02 6.23727161e+02 7.27678387e+02 2.91788928e-16 9.08890458e-16 1.95242892e-06 1.35730260e-16 3.30374673e-15 1.88422602e-16 1.69061044e-28 9.99999342e-01 5.53850775e-16 9.99973027e-01 7.00155163e-01 7.14673830e-01 9.99780486e-01 9.99897269e-01 9.99925134e-01 9.99936739e-01 5.02024803e-18 1.29885274e-18 1.40808814e-06 3.39725510e-07 3.39725510e-07 3.56292512e-03 3.56292512e-03 2.00944329e-05 2.30235514e-18 1.28631728e-04 1.25044573e-02 1.22499367e-02 3.66939190e-04 2.51030976e-04 2.14299182e-04 1.96991259e-04
6.15615616e-03 -2.06697975e+01 -2.06697975e+01 -2.50725137e-02 -6.80090942e-03 -6.80088301e-03 7.13254574e+01 7.13254574e+01 1.03948114e+02 1.73372523e+02 2.07890016e+02 3.10345078e+02 3.13278363e+02 4.15836766e+02 5.19779367e+02 6.23728933e+02 7.27680289e+02 1.31404481e-16 8.26997761e-16 2.00123965e-06 5.78798424e-16 8.05351840e-17 1.82862733e-28 1.28946034e-16 9.99999308e-01 2.50941454e-16 9.99971661e-01 6.99989865e-01 7.14870242e-01 9.99769403e-01 9.99892074e-01 9.99921345e-01 9.99933534e-01 1.19205187e-18 9.04456726e-19 1.40808814e-06 3.39725510e-07 3.39725510e-07 3.56292512e-03 3.56292512e-03 2.05968533e-05 2.26522644e-18 1.31849322e-04 1.25072955e-02 1.22464210e-02 3.76087748e-04 2.57299739e-04 2.19655143e-04 2.01920039e-04
6.30630631e-03 -2.06697975e+01 -2.06697975e+01 -2.50725147e-02 -6.80090334e-03 -6.80089114e-03 7.13254574e+01 7.13254574e+01 1.03948086e+02 1.73372523e+02 2.07889652e+02 3.10307625e+02 3.13312426e+02 4.15838837e+02 5.19781140e+02 6.23730750e+02 7.27682239e+02 2.86343526e-16 1.27857424e-16 2.05005037e-06 9.85865452e-17 5.27803792e-16 1.83694874e-28 3.44908730e-16 9.99999274e-01 5.46043393e-16 9.99970261e-01 6.99824995e-01 7.15066990e-01 9.99758049e-01 9.99886751e-01 9.99917463e-01 9.99930249e-01 3.84453799e-18 5.91105735e-18 1.40808814e-06 3.39725510e-07 3.39725510e-07 3.56292512e-03 3.56292512e-03 2.10992782e-05 1.24686995e-19 1.35067049e-04 1.25101250e-02 1.22428973e-02 3.85234465e-04 2.63567984e-04 2.25010991e-04 2.06849115e-04
6.45645646e-03 -2.06697975e+01 -2.06697975e+01 -2.50725130e-02 -6.80089594e-03 -6.80089122e-03 7.13254574e+01 7.13254574e+01 1.03948057e+02 1.73372523e+02 2.07889280e+02 3.10270132e+02 3.13346448e+02 4.15840958e+02 5.19782956e+02 6.23732611e+02 7.27684235e+02 7.18030814e-16 4.15889821e-16 2.09886109e-06 6.12069660e-16 7.88344997e-17 1.84541549e-28 1.56579085e-16 9.99999239e-01 7.30189813e-16 9.99968827e-01 6.99660555e-01 7.15264071e-01 9.99746424e-01 9.99881300e-01 9.99913487e-01 9.99926885e-01 2.09880440e-19 9.86317259e-19 1.40808814e-06 3.39725510e-07 3.39725510e-07 3.56292512e-03 3.56292512e-03 2.16017075e-05 7.00623834e-19 1.38284913e-04 1.25129458e-02 1.22393657e-02 3.94379294e-04 2.69835696e-04 2.30366723e-04 2.11778493e-04
6.60660661e-03 -2.06697975e+01 -2.06697975e+01 -2.50725141e-02 -6.80089327e-03 -6.80089134e-03 7.13254574e+01 7.13254574e+01 1.03948027e+02 1.73372523e+02 2.07888899e+02 3.10232600e+02 3.13380429e+02 4.15843129e+02 5.19784813e+02 6.23734515e+02 7.27686279e+02 1.54125463e-15 1.09230608e-15 2.14767181e-06 6.29598365e-17 3.49532557e-15 3.51618606e-16 1.86602781e-28 9.99999204e-01 2.55995703e-16 9.99967359e-01 6.99496545e-01 7.15461486e-01 9.99734528e-01 9.99875722e-01 9.99909417e-01 9.99923442e-01 1.26727197e-18 1.36530335e-18 1.40808814e-06 3.39725510e-07 3.39725510e-07 3.56292512e-03 3.56292512e-03 2.21041415e-05 1.21598217e-18 1.41502917e-04 1.25157580e-02 1.22358261e-02 4.03522191e-04 2.76102864e-04 2.35722336e-04 2.16708183e-04
6.75675676e-03 -2.06697975e+01 -2.06697975e+01 -2.50725158e-02 -6.80090755e-03 -6.80089251e-03 7.13254574e+01 7.13254574e+01 1.03947997e+02 1.73372523e+02 2.07888509e+02 3.10195028e+02 3.13414368e+02 4.15845350e+02 5.19786714e+02 6.23736463e+02 7.27688369e+02 5.05142096e-16 4.90990759e-16 2.19648254e-06 5.43825477e-16 5.49100497e-17 1.99143967e-28 2.27820440e-16 9.99999167e-01 6.66077854e-16 9.99965857e-01 6.99332967e-01 7.15659233e-01 9.99722363e-01 9.99870016e-01 9.99905254e-01 9.99919919e-01 7.63637441e-19 7.10188939e-19 1.40808814e-06 3.39725510e-07 3.39725510e-07 3.56292512e-03 3.56292512e-03 2.26065803e-05 8.33616007e-19 1.44721064e-04 1.25185615e-02 1.22322785e-02 4.12663112e-04 2.82369474e-04 2.41077828e-04 2.21638190e-04
6.90690691e-03 -2.06697975e+01 -2.06697975e+01 -2.50725142e-02 -6.80089900e-03 -6.80088483e-03 7.13254574e+01 7.13254574e+01 1.03947965e+02 1.73372523e+02 2.07888110e+02 3.10157416e+02 3.13448265e+02 4.15847620e+02 5.19788657e+02 6.23738455e+02 7.27690507e+02 2.19886238e-16 1.02259873e-15 2.24529326e-06 3.74567621e-15 1.51795029e-16 8.93832475e-17 2.00306493e-28 9.99999129e-01 2.64559182e-16 9.99964322e-01 6.99169821e-01 7.15857310e-01 9.99709928e-01 9.99864183e-01 9.99900998e-01 9.99916316e-01 2.55422118e-18 4.45060574e-18 1.40808814e-06 3.39725510e-07 3.39725510e-07 3.56292512e-03 3.56292512e-03 2.31090239e-05 3.95789901e-18 1.47939357e-04 1.25213563e-02 1.22287230e-02 4.21802013e-04 2.88635514e-04 2.46433196e-04 2.26568522e-04
7.05705706e-03 -2.06697975e+01 -2.06697975e+01 -2.50725144e-02 -6.80090559e-03 -6.80089446e-03 7.13254574e+01 7.13254574e+01 1.03947934e+02 1.73372523e+02 2.07887702e+02 3.10119765e+02 3.13482120e+02 4.15849940e+02 5.19790643e+02 6.23740490e+02 7.27692692e+02 4.30395468e-16 3.60965036e-16 2.29410398e-06 1.17817461e-16 3.71645338e-15 1.24792801e-16 2.01777479e-28 9.99999091e-01 4.47974955e-16 9.99962753e-01 6.99007108e-01 7.16055717e-01 9.99697223e-01 9.99858222e-01 9.99896648e-01 9.99912634e-01 1.41043202e-18 2.74606387e-18 1.40808814e-06 3.39725510e-07 3.39725510e-07 3.56292512e-03 3.56292512e-03 2.36114724e-05 1.35581379e-18 1.51157800e-04 1.25241424e-02 1.22251596e-02 4.30938848e-04 2.94900971e-04 2.51788437e-04 2.31499186e-04
7.20720721e-03 -2.06697975e+01 -2.06697975e+01 -2.50725133e-02 -6.80088714e-03 -6.80088235e-03 7.13254574e+01 7.13254574e+01 1.03947901e+02 1.73372523e+02 2.07887286e+02 3.10082074e+02 3.13515934e+02 4.15852309e+02 5.19792671e+02 6.23742570e+02 7.27694924e+02 3.74765643e-16 2.43365191e-16 2.34291471e-06 1.03061360e-16 6.25855256e-16 1.05526308e-16 2.03163816e-28 9.99999052e-01 2.77887615e-16 9.99961150e-01 6.98844830e-01 7.16254451e-01 9.99684249e-01 9.99852134e-01 9.99892205e-01 9.99908872e-01 3.85903285e-18 3.04854284e-18 1.40808814e-06 3.39725510e-07 3.39725510e-07 3.56292512e-03 3.56292512e-03 2.41139260e-05 3.48620434e-19 1.54376396e-04 1.25269198e-02 1.22215882e-02 4.40073575e-04 3.01165833e-04 2.57143548e-04 2.36430189e-04
7.35735736e-03 -2.06697975e+01 -2.06697975e+01 -2.50725133e-02 -6.80089614e-03 -6.80089149e-03 7.13254574e+01 7.13254574e+01 1.03947868e+02 1.73372523e+02 2.07886861e+02 3.10044344e+02 3.13549705e+02 4.15854728e+02 5.19794742e+02 6.23744693e+02 7.27697203e+02 2.30124566e-16 4.87063714e-16 2.39172543e-06 6.88243880e-17 1.65492170e-15 2.16537341e-28 5.30281662e-16 9.99999012e-01 5.03091952e-16 9.99959513e-01 6.98682986e-01 7.16453512e-01 9.99671006e-01 9.99845918e-01 9.99887668e-01 9.99905031e-01 1.08785267e-18 1.20377358e-18 1.40808814e-06 3.39725510e-07 3.39725510e-07 3.56292512e-03 3.56292512e-03 2.46163848e-05 9.31396719e-19 1.57595148e-04 1.25296886e-02 1.22180090e-02 4.49206147e-04 3.07430087e-04 2.62498526e-04 2.41361539e-04
7.50750751e-03 -2.06697975e+01 -2.06697975e+01 -2.50725135e-02 -6.80090478e-03 -6.80089402e-03 7.13254574e+01 7.13254574e+01 1.03947834e+02 1.73372523e+02 2.07886427e+02 3.10006574e+02 3.13583435e+02 4.15857196e+02 5.19796856e+02 6.23746859e+02 7.27699529e+02 2.50620926e-16 3.54616344e-16 2.44053615e-06 1.57927066e-16 4.05590461e-15 1.93087396e-16 1.81985877e-24 9.99998971e-01 2.19258754e-16 9.99957842e-01 6.98521579e-01 7.16652898e-01 9.99657494e-01 9.99839575e-01 9.99883038e-01 9.99901110e-01 7.30827112e-19 1.90353677e-18 1.40808814e-06 3.39725510e-07 3.39725510e-07 3.56292512e-03 3.56292512e-03 2.51188488e-05 8.82506363e-19 1.60814059e-04 1.25324486e-02 1.22144218e-02 4.58336521e-04 3.13693720e-04 2.67853369e-04 2.46293243e-04
7.65765766e-03 -2.06697975e+01 -2.06697975e+01 -2.50725143e-02 -6.80090065e-03 -6.80089588e-03 7.13254574e+01 7.13254574e+01 1.03947799e+02 1.73372523e+02 2.07885984e+02 3.09968764e+02 3.13617124e+02 4.15859714e+02 5.19799012e+02 6.23749070e+02 7.27701903e+02 2.22119100e-16 5.60063574e-16 2.48934688e-06 1.70834208e-16 5.98311087e-16 2.18372474e-28 1.95342339e-16 9.99998930e-01 6.28774477e-16 9.99956137e-01 6.98360608e-01 7.16852608e-01 9.99643713e-01 9.99833105e-01 9.99878314e-01 9.99897110e-01 1.12174742e-18 2.72438646e-18 1.40808814e-06 3.39725510e-07 3.39725510e-07 3.56292512e-03 3.56292512e-03 2.56213183e-05 3.48620434e-19 1.64033133e-04 1.25351998e-02 1.22108267e-02 4.67464653e-04 3.19956720e-04 2.73208074e-04 2.51225307e-04
7.80780781e-03 -2.06697975e+01 -2.06697975e+01 -2.50725152e-02 -6.80091969e-03 -6.80091249e-03 7.13254574e+01 7.13254574e+01 1.03947764e+02 1.73372523e+02 2.07885533e+02 3.09930916e+02 3.13650770e+02 4.15862281e+02 5.19801211e+02 6.23751324e+02 7.27704323e+02 2.50426052e-16 1.03156469e-15 2.53815760e-06 6.60339637e-16 5.76650108e-17 1.83988687e-24 8.83702908e-17 9.99998888e-01 3.86435759e-16 9.99954398e-01 6.98200076e-01 7.17052641e-01 9.99629663e-01 9.99826507e-01 9.99873498e-01 9.99893030e-01 1.48477403e-18 6.97125826e-19 1.40808814e-06 3.39725510e-07 3.39725510e-07 3.56292512e-03 3.56292512e-03 2.61237932e-05 3.41225142e-18 1.67252373e-04 1.25379424e-02 1.22072238e-02 4.76590498e-04 3.26219073e-04 2.78562637e-04 2.56157740e-04
7.95795796e-03 -2.06697975e+01 -2.06697975e+01 -2.50725136e-02 -6.80089306e-03 -6.80088820e-03 7.13254574e+01 7.13254574e+01 1.03947728e+02 1.73372523e+02 2.07885073e+02 3.09893027e+02 3.13684375e+02 4.15864898e+02 5.19803452e+02 6.23753622e+02 7.27706791e+02 1.06172814e-15 2.48680677e-16 2.58696832e-06 4.24895065e-15 1.67993833e-16 2.32624989e-28 1.21673281e-16 9.99998844e-01 3.96799385e-16 9.99952626e-01 6.98039982e-01 7.17252995e-01 9.99615346e-01 9.99819782e-01 9.99868587e-01 9.99888870e-01 1.86826191e-18 5.03241723e-19 1.40808814e-06 3.39725510e-07 3.39725510e-07 3.56292512e-03 3.56292512e-03 2.66262737e-05 1.38610304e-18 1.70471782e-04 1.25406763e-02 1.22036130e-02 4.85714013e-04 3.32480768e-04 2.83917057e-04 2.61090548e-04
8.10810811e-03 -2.06697975e+01 -2.06697975e+01 -2.50725142e-02 -6.80089405e-03 -6.80088367e-03 7.13254574e+01 7.13254574e+01 1.03947692e+02 1.73372523e+02 2.07884603e+02 3.09855100e+02 3.13717938e+02 4.15867564e+02 5.19805736e+02 6.23755964e+02 7.27709305e+02 8.46780937e-16 4.84530319e-16 2.63577904e-06 2.48683768e-17 6.92578762e-16 1.96235378e-24 3.24315875e-16 9.99998800e-01 2.58466921e-16 9.99950820e-01 6.97880329e-01 7.17453670e-01 9.99600761e-01 9.99812930e-01 9.99863584e-01 9.99884630e-01 5.16031759e-19 1.69374952e-19 1.40808814e-06 3.39725510e-07 3.39725510e-07 3.56292512e-03 3.56292512e-03 2.71287599e-05 1.44675506e-18 1.73691363e-04 1.25434014e-02 1.21999944e-02 4.94835152e-04 3.38741791e-04 2.89271329e-04 2.66023739e-04
8.25825826e-03 -2.06697975e+01 -2.06697975e+01 -2.50725135e-02 -6.80088667e-03 -6.80088430e-03 7.13254574e+01 7.13254574e+01 1.03947654e+02 1.73372523e+02 2.07884126e+02 3.09817133e+02 3.13751459e+02 4.15870280e+02 5.19808062e+02 6.23758349e+02 7.27711867e+02 2.45827523e-16 1.12202220e-16 2.68458977e-06 2.33926128e-17 7.24182831e-16 1.96943304e-24 4.49994639e-17 9.99998755e-01 1.09905025e-15 9.99948979e-01 6.97721115e-01 7.17654663e-01 9.99585908e-01 9.99805951e-01 9.99858487e-01 9.99880311e-01 9.89323880e-19 4.89937363e-18 1.40808814e-06 3.39725510e-07 3.39725510e-07 3.56292512e-03 3.56292512e-03 2.76312520e-05 2.93894399e-18 1.76911120e-04 1.25461178e-02 1.21963679e-02 5.03953872e-04 3.45002129e-04 2.94625452e-04 2.70957319e-04
8.40840841e-03 -2.06697975e+01 -2.06697975e+01 -2.50725145e-02 -6.80091470e-03 -6.80088785e-03 7.13254574e+01 7.13254574e+01 1.03947616e+02 1.73372523e+02 2.07883639e+02 3.09779127e+02 3.13784938e+02 4.15873045e+02 5.19810431e+02 6.23760779e+02 7.27714476e+02 2.21110271e-15 4.15009972e-16 2.73340049e-06 4.44281437e-15 6.06059316e-17 9.62857466e-17 2.43625014e-28 9.99998710e-01 3.72239728e-16 9.99947105e-01 6.97562344e-01 7.17855974e-01 9.99570788e-01 9.99798845e-01 9.99853297e-01 9.99875912e-01 3.47900651e-18 3.24358374e-18 1.40808814e-06 3.39725510e-07 3.39725510e-07 3.56292512e-03 3.56292512e-03 2.81337500e-05 1.97027154e-19 1.80131056e-04 1.25488254e-02 1.21927336e-02 5.13070129e-04 3.51261771e-04 2.99979423e-04 2.75891296e-04
8.55855856e-03 -2.06697975e+01 -2.06697975e+01 -2.50725146e-02 -6.80089958e-03 -6.80088741e-03 7.13254574e+01 7.13254574e+01 1.03947578e+02 1.73372523e+02 2.07883144e+02 3.09741082e+02 3.13818376e+02 4.15875860e+02 5.19812842e+02 6.23763252e+02 7.27717133e+02 5.31736334e-16 1.49028060e-15 2.78221121e-06 4.92933957e-17 7.06340402e-16 2.09895997e-24 2.09258086e-16 9.99998663e-01 7.16410866e-16 9.99945197e-01 6.97404015e-01 7.18057601e-01 9.99555401e-01 9.99791612e-01 9.99848013e-01 9.99871434e-01 7.17134328e-19 3.00799709e-18 1.40808814e-06 3.39725510e-07 3.39725510e-07 3.56292512e-03 3.56292512e-03 2.86362540e-05 2.67788185e-18 1.83351175e-04 1.25515244e-02 1.21890915e-02 5.22183879e-04 3.57520704e-04 3.05333238e-04 2.80825678e-04
8.70870871e-03 -2.06697975e+01 -2.06697975e+01 -2.50725142e-02 -6.80089981e-03 -6.80089050e-03 7.13254574e+01 7.13254574e+01 1.03947538e+02 1.73372523e+02 2.07882639e+02 3.09702997e+02 3.13851771e+02 4.15878723e+02 5.19815296e+02 6.23765768e+02 7.27719836e+02 2.01136573e-16 6.31134493e-16 2.83102194e-06 1.82758297e-16 4.64419033e-15 2.50995331e-28 1.85978206e-16 9.99998616e-01 3.97551541e-16 9.99943255e-01 6.97246129e-01 7.18259543e-01 9.99539747e-01 9.99784252e-01 9.99842636e-01 9.99866875e-01 4.05912999e-18 3.23784830e-18 1.40808814e-06 3.39725510e-07 3.39725510e-07 3.56292512e-03 3.56292512e-03 2.91387641e-05 2.70817110e-18 1.86571478e-04 1.25542145e-02 1.21854415e-02 5.31295077e-04 3.63778914e-04 3.10686894e-04 2.85760471e-04
8.85885886e-03 -2.06697975e+01 -2.06697975e+01 -2.50725131e-02 -6.80089439e-03 -6.80089428e-03 7.13254574e+01 7.13254574e+01 1.03947498e+02 1.73372523e+02 2.07882127e+02 3.09664873e+02 3.13885125e+02 4.15881637e+02 5.19817792e+02 6.23768329e+02 7.27722586e+02 4.49660361e-16 2.76057137e-16 2.87983266e-06 1.47912766e-27 8.68566924e-28 2.49402188e-45 2.79909073e-27 9.99998568e-01 8.06620077e-16 9.99941279e-01 6.97088688e-01 7.18461798e-01 9.99523826e-01 9.99776765e-01 9.99837166e-01 9.99862237e-01 6.05008335e-19 4.05595048e-18 1.40808814e-06 3.39725510e-07 3.39725510e-07 3.56292512e-03 3.56292512e-03 2.96412805e-05 4.68542912e-18 1.89791970e-04 1.25568960e-02 1.21817838e-02 5.40403680e-04 3.70036389e-04 3.16040390e-04 2.90695682e-04
9.00900901e-03 -2.06697975e+01 -2.06697975e+01 -2.50725147e-02 -6.80090008e-03 -6.80089225e-03 7.13254574e+01 7.13254574e+01 1.03947458e+02 1.73372523e+02 2.07881605e+02 3.09626710e+02 3.13918437e+02 4.15884599e+02 5.19820331e+02 6.23770933e+02 7.27725384e+02 8.13927206e-16 2.74243206e-16 2.92864338e-06 8.88557359e-17 2.09314217e-15 2.02980451e-16 2.64545686e-28 9.99998519e-01 5.01162589e-16 9.99939269e-01 6.96931692e-01 7.18664366e-01 9.99507640e-01 9.99769151e-01 9.99831602e-01 9.99857519e-01 4.41044820e-18 2.82070091e-18 1.40808814e-06 3.39725510e-07 3.39725510e-07 3.56292512e-03 3.56292512e-03 3.01438033e-05 4.69850949e-19 1.93012654e-04 1.25595686e-02 1.21781183e-02 5.49509643e-04 3.76293116e-04 3.21393721e-04 2.95631319e-04
9.15915916e-03 -2.06697975e+01 -2.06697975e+01 -2.50725153e-02 -6.80089817e-03 -6.80089683e-03 7.13254574e+01 7.13254574e+01 1.03947416e+02 1.73372523e+02 2.07881074e+02 3.09588508e+02 3.13951707e+02 4.15887611e+02 5.19822913e+02 6.23773581e+02 7.27728229e+02 7.19851031e-16 6.51599066e-16 2.97745411e-06 4.21635800e-17 8.36561044e-16 2.68116351e-28 3.15994673e-16 9.99998469e-01 3.32508609e-16 9.99937225e-01 6.96775141e-01 7.18867244e-01 9.99491187e-01 9.99761410e-01 9.99825945e-01 9.99852721e-01 4.17564720e-18 2.39923446e-19 1.40808814e-06 3.39725510e-07 3.39725510e-07 3.56292512e-03 3.56292512e-03 3.06463325e-05 8.33616007e-19 1.96233533e-04 1.25622325e-02 1.21744450e-02 5.58612924e-04 3.82549084e-04 3.26746886e-04 3.00567389e-04
9.30930931e-03 -2.06697975e+01 -2.06697975e+01 -2.50725153e-02 -6.80088569e-03 -6.80088224e-03 7.13254574e+01 7.13254574e+01 1.03947374e+02 1.73372523e+02 2.07880535e+02 3.09550267e+02 3.13984935e+02 4.15890672e+02 5.19825537e+02 6.23776272e+02 7.27731121e+02 3.39784445e-16 4.39824998e-16 3.02626483e-06 9.28973726e-16 5.36052232e-17 2.24943000e-24 8.78487242e-17 9.99998418e-01 3.52114298e-16 9.99935147e-01 6.96619038e-01 7.19070432e-01 9.99474469e-01 9.99753543e-01 9.99820195e-01 9.99847843e-01 2.29340086e-18 6.47838529e-19 1.40808814e-06 3.39725510e-07 3.39725510e-07 3.56292512e-03 3.56292512e-03 3.11488683e-05 3.27241980e-18 1.99454611e-04 1.25648877e-02 1.21707640e-02 5.67713477e-04 3.88804278e-04 3.32099880e-04 3.05503899e-04
9.45945946e-03 -2.06697975e+01 -2.06697975e+01 -2.50725131e-02 -6.80090445e-03 -6.80088187e-03 7.13254574e+01 7.13254574e+01 1.03947331e+02 1.73372523e+02 2.07879987e+02 3.09511987e+02 3.14018121e+02 4.15893782e+02 5.19828203e+02 6.23779008e+02 7.27734061e+02 4.41714134e-16 6.48214066e-16 3.07507555e-06 7.48876109e-16 4.48060333e-17 2.25653834e-24 6.43350615e-17 9.99998367e-01 3.97017336e-16 9.99933036e-01 6.96463383e-01 7.19273929e-01 9.99457486e-01 9.99745549e-01 9.99814351e-01 9.99842885e-01 7.05581884e-19 2.16673835e-18 1.40808814e-06 3.39725510e-07 3.39725510e-07 3.56292512e-03 3.56292512e-03 3.16514107e-05 4.59448786e-18 2.02675890e-04 1.25675340e-02 1.21670752e-02 5.76811259e-04 3.95058686e-04 3.37452702e-04 3.10440857e-04
9.60960961e-03 -2.06697975e+01 -2.06697975e+01 -2.50725156e-02 -6.80089457e-03 -6.80088701e-03 7.13254574e+01 7.13254574e+01 1.03947288e+02 1.73372523e+02 2.07879430e+02 3.09473668e+02 3.14051265e+02 4.15896941e+02 5.19830912e+02 6.23781787e+02 7.27737047e+02 2.25320798e-15 1.26803006e-15 3.12388628e-06 2.19679632e-15 1.22318715e-16 1.35786423e-16 2.82089261e-28 9.99998315e-01 4.92109898e-16 9.99930890e-01 6.96308176e-01 7.19477732e-01 9.99440238e-01 9.99737429e-01 9.99808415e-01 9.99837847e-01 8.41298212e-18 5.14660614e-19 1.40808814e-06 3.39725510e-07 3.39725510e-07 3.56292512e-03 3.56292512e-03 3.21539600e-05 1.76846921e-18 2.05897374e-04 1.25701716e-02 1.21633787e-02 5.85906227e-04 4.01312296e-04 3.42805349e-04 3.15378269e-04
9.75975976e-03 -2.06697975e+01 -2.06697975e+01 -2.50725156e-02 -6.80089439e-03 -6.80089428e-03 7.13254574e+01 7.13254574e+01 1.03947244e+02 1.73372523e+02 2.07878864e+02 3.09435309e+02 3.14084368e+02 4.15900150e+02 5.19833663e+02 6.23784610e+02 7.27740081e+02 2.20570083e-16 2.79568295e-16 3.17269700e-06 1.62975076e-27 9.57015167e-28 2.74765123e-45 3.08412882e-27 9.99998262e-01 3.51740313e-16 9.99928710e-01 6.96153419e-01 7.19681842e-01 9.99422726e-01 9.99729182e-01 9.99802385e-01 9.99832729e-01 5.47905597e-19 4.30845270e-18 1.40808814e-06 3.39725510e-07 3.39725510e-07 3.56292512e-03 3.56292512e-03 3.26565161e-05 2.58694059e-18 2.09119067e-04 1.25728005e-02 1.21596745e-02 5.94998336e-04 4.07565095e-04 3.48157817e-04 3.20316142e-04
9.90990991e-03 -2.06697975e+01 -2.06697975e+01 -2.50725143e-02 -6.80091109e-03 -6.80089082e-03 7.13254574e+01 7.13254574e+01 1.03947199e+02 1.73372523e+02 2.07878289e+02 3.09396912e+02 3.14117428e+02 4.15903408e+02 5.19836457e+02 6.23787476e+02 7.27743162e+02 5.96891674e-16 3.38985283e-16 3.22150772e-06 8.32924605e-16 6.09693853e-17 1.89010916e-16 2.86550291e-28 9.99998208e-01 2.80647517e-16 9.99926496e-01 6.95999112e-01 7.19886255e-01 9.99404949e-01 9.99720808e-01 9.99796261e-01 9.99827532e-01 1.06867105e-18 1.51171202e-20 1.40808814e-06 3.39725510e-07 3.39725510e-07 3.56292512e-03 3.56292512e-03 3.31590793e-05 3.98818826e-18 2.12340970e-04 1.25754205e-02 1.21559625e-02 6.04087543e-04 4.13817070e-04 3.53510103e-04 3.25254485e-04
1.00600601e-02 -2.06697975e+01 -2.06697975e+01 -2.50725130e-02 -6.80089992e-03 -6.80089098e-03 7.13254574e+01 7.13254574e+01 1.03947153e+02 1.73372523e+02 2.07877706e+02 3.09358476e+02 3.14150447e+02 4.15906714e+02 5.19839293e+02 6.23790386e+02 7.27746291e+02 6.24043818e-16 4.59871166e-16 3.27031844e-06 7.75494296e-17 9.85678449e-16 1.96511451e-16 2.87614092e-28 9.99998153e-01 6.78541925e-16 9.99924249e-01 6.95845257e-01 7.20090971e-01 9.99386908e-01 9.99712308e-01 9.99790045e-01 9.99822254e-01 4.58555944e-19 4.14716730e-18 1.40808814e-06 3.39725510e-07 3.39725510e-07 3.56292512e-03 3.56292512e-03 3.36616495e-05 1.61687593e-18 2.15563089e-04 1.25780318e-02 1.21522429e-02 6.13173805e-04 4.20068209e-04 3.58862205e-04 3.30193303e-04
1.02102102e-02 -2.06697975e+01 -2.06697975e+01 -2.50725149e-02 -6.80089715e-03 -6.80088857e-03 7.13254574e+01 7.13254574e+01 1.03947107e+02 1.73372523e+02 2.07877114e+02 3.09320001e+02 3.14183423e+02 4.15910070e+02 5.19842171e+02 6.23793340e+02 7.27749466e+02 4.14126506e-16 2.12273923e-15 3.31912917e-06 9.60993862e-17 5.45820930e-15 5.62036264e-17 2.99400590e-28 9.99998097e-01 1.98174643e-16 9.99921967e-01 6.95691853e-01 7.20295989e-01 9.99368603e-01 9.99703682e-01 9.99783735e-01 9.99816896e-01 4.34820153e-18 2.36039092e-18 1.40808814e-06 3.39725510e-07 3.39725510e-07 3.56292512e-03 3.56292512e-03 3.41642270e-05 1.66737904e-19 2.18785425e-04 1.25806343e-02 1.21485156e-02 6.22257077e-04 4.26318499e-04 3.64214120e-04 3.35132605e-04
1.03603604e-02 -2.06697975e+01 -2.06697975e+01 -2.50725144e-02 -6.80089583e-03 -6.80089082e-03 7.13254574e+01 7.13254574e+01 1.03947060e+02 1.73372523e+02 2.07876513e+02 3.09281488e+02 3.14216358e+02 4.15913475e+02 5.19845092e+02 6.23796338e+02 7.27752689e+02 9.02443521e-16 6.31258667e-16 3.36793989e-06 5.52805268e-15 1.21116390e-16 3.00243812e-28 3.76211169e-16 9.99998041e-01 3.22954413e-16 9.99919651e-01 6.95538903e-01 7.20501308e-01 9.99350036e-01 9.99694929e-01 9.99777332e-01 9.99811458e-01 1.46057493e-18 1.85079997e-18 1.40808814e-06 3.39725510e-07 3.39725510e-07 3.56292512e-03 3.56292512e-03 3.46668118e-05 2.76882312e-18 2.22007982e-04 1.25832279e-02 1.21447806e-02 6.31337316e-04 4.32567926e-04 3.69565845e-04 3.40072398e-04
1.05105105e-02 -2.06697975e+01 -2.06697975e+01 -2.50725143e-02 -6.80090032e-03 -6.80087730e-03 7.13254574e+01 7.13254574e+01 1.03947013e+02 1.73372523e+02 2.07875903e+02 3.09242935e+02 3.14249251e+02 4.15916929e+02 5.19848055e+02 6.23799380e+02 7.27755960e+02 3.29529754e-16 6.35250409e-16 3.41675061e-06 1.05701157e-16 8.98913960e-16 1.15055030e-16 2.52987250e-24 9.99997984e-01 6.92119348e-16 9.99917301e-01 6.95386406e-01 7.20706925e-01 9.99331205e-01 9.99686051e-01 9.99770836e-01 9.99805939e-01 2.53358885e-19 2.83140710e-19 1.40808814e-06 3.39725510e-07 3.39725510e-07 3.56292512e-03 3.56292512e-03 3.51694040e-05 4.26101205e-18 2.25230764e-04 1.25858128e-02 1.21410380e-02 6.40414479e-04 4.38816480e-04 3.74917376e-04 3.45012688e-04
1.06606607e-02 -2.06697975e+01 -2.06697975e+01 -2.50725143e-02 -6.80089830e-03 -6.80089257e-03 7.13254574e+01 7.13254574e+01 1.03946965e+02 1.73372523e+02 2.07875285e+02 3.09204344e+02 3.14282101e+02 4.15920432e+02 5.19851061e+02 6.23802465e+02 7.27759277e+02 3.92809268e-16 3.41529792e-16 3.46556134e-06 8.98483210e-16 1.76617729e-16 2.27696555e-22 2.21532449e-16 9.99997926e-01 3.64136333e-16 9.99914917e-01 6.95234364e-01 7.20912840e-01 9.99312112e-01 9.99677046e-01 9.99764247e-01 9.99800341e-01 8.90517791e-19 2.34234828e-18 1.40808814e-06 3.39725510e-07 3.39725510e-07 3.56292512e-03 3.56292512e-03 3.56720038e-05 2.61722984e-18 2.28453774e-04 1.25883889e-02 1.21372877e-02 6.49488521e-04 4.45064146e-04 3.80268712e-04 3.49953482e-04
1.08108108e-02 -2.06697975e+01 -2.06697975e+01 -2.50725145e-02 -6.80091544e-03 -6.80088376e-03 7.13254574e+01 7.13254574e+01 1.03946916e+02 1.73372523e+02 2.07874657e+02 3.09165714e+02 3.14314910e+02 4.15923984e+02 5.19854109e+02 6.23805594e+02 7.27762642e+02 3.47618410e-16 2.03260876e-16 3.51437206e-06 4.34912591e-17 1.08572948e-15 2.38491721e-22 1.56999674e-16 9.99997867e-01 2.18866755e-16 9.99912500e-01 6.95082777e-01 7.21119051e-01 9.99292757e-01 9.99667915e-01 9.99757564e-01 9.99794662e-01 1.87237606e-18 9.09556540e-19 1.40808814e-06 3.39725510e-07 3.39725510e-07 3.56292512e-03 3.56292512e-03 3.61746112e-05 2.85976438e-18 2.31677014e-04 1.25909562e-02 1.21335298e-02 6.58559401e-04 4.51310911e-04 3.85619848e-04 3.54894789e-04
1.09609610e-02 -2.06697975e+01 -2.06697975e+01 -2.50725134e-02 -6.80090290e-03 -6.80088795e-03 7.13254574e+01 7.13254574e+01 1.03946866e+02 1.73372523e+02 2.07874021e+02 3.09127046e+02 3.14347677e+02 4.15927585e+02 5.19857200e+02 6.23808766e+02 7.27766054e+02 2.14070286e-16 7.57928548e-16 3.56318278e-06 3.35344288e-17 9.54573228e-16 2.39105377e-22 1.44452515e-16 9.99997807e-01 4.96799243e-16 9.99910048e-01 6.94931647e-01 7.21325557e-01 9.99273139e-01 9.99658658e-01 9.99750788e-01 9.99788903e-01 1.20686359e-19 1.13385917e-18 1.40808814e-06 3.39725510e-07 3.39725510e-07 3.56292512e-03 3.56292512e-03 3.66772263e-05 4.86731165e-18 2.34900488e-04 1.25935147e-02 1.21297642e-02 6.67627073e-04 4.57556765e-04 3.90970783e-04 3.59836615e-04
1.11111111e-02 -2.06697975e+01 -2.06697975e+01 -2.50725142e-02 -6.80089878e-03 -6.80088945e-03 7.13254574e+01 7.13254574e+01 1.03946816e+02 1.73372523e+02 2.07873376e+02 3.09088338e+02 3.14380402e+02 4.15931235e+02 5.19860333e+02 6.23811982e+02 7.27769514e+02 1.32816985e-15 2.96878002e-15 3.61199351e-06 3.37166190e-17 2.46207324e-15 1.52348174e-16 3.19102222e-28 9.99997747e-01 4.03593271e-16 9.99907562e-01 6.94780974e-01 7.21532357e-01 9.99253261e-01 9.99649275e-01 9.99743920e-01 9.99783064e-01 2.05339505e-18 8.38413991e-19 1.40808814e-06 3.39725510e-07 3.39725510e-07 3.56292512e-03 3.56292512e-03 3.71798494e-05 1.81052012e-18 2.38124200e-04 1.25960644e-02 1.21259911e-02 6.76691496e-04 4.63801693e-04 3.96321512e-04 3.64778968e-04
1.12612613e-02 -2.06697975e+01 -2.06697975e+01 -2.50725134e-02 -6.80088783e-03 -6.80087962e-03 7.13254574e+01 7.13254574e+01 1.03946765e+02 1.73372523e+02 2.07872722e+02 3.09049593e+02 3.14413084e+02 4.15934934e+02 5.19863508e+02 6.23815242e+02 7.27773021e+02 1.18680060e-15 3.29748571e-16 3.66080423e-06 9.98034697e-16 1.09247182e-16 3.20209643e-28 1.85543946e-16 9.99997685e-01 1.21197227e-15 9.99905041e-01 6.94630759e-01 7.21739448e-01 9.99233121e-01 9.99639767e-01 9.99736958e-01 9.99777144e-01 1.11102912e-18 3.20914331e-18 1.40808814e-06 3.39725510e-07 3.39725510e-07 3.56292512e-03 3.56292512e-03 3.76824804e-05 4.36371497e-18 2.41348153e-04 1.25986052e-02 1.21222104e-02 6.85752626e-04 4.70045683e-04 4.01672034e-04 3.69721853e-04
1.14114114e-02 -2.06697975e+01 -2.06697975e+01 -2.50725145e-02 -6.80090548e-03 -6.80088292e-03 7.13254574e+01 7.13254574e+01 1.03946713e+02 1.73372523e+02 2.07872060e+02 3.09010808e+02 3.14445725e+02 4.15938681e+02 5.19866725e+02 6.23818546e+02 7.27776575e+02 3.57394790e-16 4.73493924e-16 3.70961495e-06 5.56203499e-17 9.67821771e-16 2.09801396e-16 2.50994360e-22 9.99997623e-01 8.40834409e-16 9.99902487e-01 6.94481002e-01 7.21946831e-01 9.99212720e-01 9.99630132e-01 9.99729902e-01 9.99771144e-01 1.35913905e-18 4.84910637e-19 1.40808814e-06 3.39725510e-07 3.39725510e-07 3.56292512e-03 3.56292512e-03 3.81851195e-05 2.89005363e-18 2.44572349e-04 1.26011373e-02 1.21184220e-02 6.94810418e-04 4.76288722e-04 4.07022345e-04 3.74665280e-04
1.15615616e-02 -2.06697975e+01 -2.06697975e+01 -2.50725138e-02 -6.80087955e-03 -6.80087592e-03 7.13254574e+01 7.13254574e+01 1.03946661e+02 1.73372523e+02 2.07871388e+02 3.08971985e+02 3.14478324e+02 4.15942478e+02 5.19869985e+02 6.23821893e+02 7.27780176e+02 4.62551998e-16 2.47286280e-15 3.75842568e-06 8.18648311e-17 6.15655478e-15 3.35348885e-28 1.34123595e-16 9.99997560e-01 2.19942410e-16 9.99899899e-01 6.94331705e-01 7.22154504e-01 9.99192059e-01 9.99620372e-01 9.99722754e-01 9.99765064e-01 2.00052401e-18 3.17118069e-18 1.40808814e-06 3.39725510e-07 3.39725510e-07 3.56292512e-03 3.56292512e-03 3.86877668e-05 7.57966397e-20 2.47796793e-04 1.26036605e-02 1.21146262e-02 7.03864832e-04 4.82530798e-04 4.12372442e-04 3.79609254e-04
1.17117117e-02 -2.06697975e+01 -2.06697975e+01 -2.50725136e-02 -6.80089439e-03 -6.80089428e-03 7.13254574e+01 7.13254574e+01 1.03946608e+02 1.73372523e+02 2.07870708e+02 3.08933124e+02 3.14510881e+02 4.15946323e+02 5.19873287e+02 6.23825284e+02 7.27783825e+02 1.56080624e-16 6.83143410e-16 3.80723640e-06 1.95631061e-27 1.14877622e-27 3.29718148e-45 3.70210837e-27 9.99997496e-01 6.59964977e-16 9.99897277e-01 6.94182869e-01 7.22362464e-01 9.99171138e-01 9.99610487e-01 9.99715513e-01 9.99758903e-01 6.48780577e-18 3.00037592e-18 1.40808814e-06 3.39725510e-07 3.39725510e-07 3.56292512e-03 3.56292512e-03 3.91904223e-05 4.69850949e-19 2.51021487e-04 1.26061749e-02 1.21108227e-02 7.12915822e-04 4.88771897e-04 4.17722322e-04 3.84553784e-04
1.18618619e-02 -2.06697975e+01 -2.06697975e+01 -2.50725165e-02 -6.80090696e-03 -6.80089108e-03 7.13254574e+01 7.13254574e+01 1.03946554e+02 1.73372523e+02 2.07870019e+02 3.08894224e+02 3.14543396e+02 4.15950217e+02 5.19876632e+02 6.23828719e+02 7.27787522e+02 9.16271322e-16 4.27713857e-16 3.85604712e-06 1.36359390e-17 1.10811201e-15 3.73387570e-30 1.38400578e-16 9.99997432e-01 1.03844544e-15 9.99894620e-01 6.94034493e-01 7.22570711e-01 9.99149958e-01 9.99600475e-01 9.99708178e-01 9.99752662e-01 3.66249740e-18 3.16824527e-18 1.40808814e-06 3.39725510e-07 3.39725510e-07 3.56292512e-03 3.56292512e-03 3.96930863e-05 4.00678936e-18 2.54246434e-04 1.26086805e-02 1.21070117e-02 7.21963347e-04 4.95012008e-04 4.23071982e-04 3.89498876e-04
1.20120120e-02 -2.06697975e+01 -2.06697975e+01 -2.50725131e-02 -6.80089276e-03 -6.80088834e-03 7.13254574e+01 7.13254574e+01 1.03946499e+02 1.73372523e+02 2.07869321e+02 3.08855286e+02 3.14575868e+02 4.15954159e+02 5.19880019e+02 6.23832197e+02 7.27791265e+02 3.89193734e-16 5.20794666e-16 3.90485784e-06 1.09866440e-15 6.18424739e-17 3.38887408e-28 1.39190544e-16 9.99997366e-01 8.11357193e-16 9.99891929e-01 6.93886579e-01 7.22779244e-01 9.99128518e-01 9.99590339e-01 9.99700751e-01 9.99746340e-01 4.77162963e-18 3.01573653e-19 1.40808814e-06 3.39725510e-07 3.39725510e-07 3.56292512e-03 3.56292512e-03 4.01957588e-05 1.47704431e-18 2.57471638e-04 1.26111772e-02 1.21031932e-02 7.31007362e-04 5.01251117e-04 4.28421420e-04 3.94444537e-04
1.21621622e-02 -2.06697975e+01 -2.06697975e+01 -2.50725138e-02 -6.80089959e-03 -6.80089368e-03 7.13254574e+01 7.13254574e+01 1.03946444e+02 1.73372523e+02 2.07868614e+02 3.08816310e+02 3.14608299e+02 4.15958151e+02 5.19883448e+02 6.23835720e+02 7.27795057e+02 1.36725179e-15 2.99126310e-16 3.95366857e-06 1.14680085e-15 5.94634398e-18 2.37896922e-16 3.87865540e-30 9.99997300e-01 4.36559478e-16 9.99889205e-01 6.93739129e-01 7.22988061e-01 9.99106820e-01 9.99580076e-01 9.99693230e-01 9.99739937e-01 4.91896667e-18 2.20910846e-19 1.40808814e-06 3.39725510e-07 3.39725510e-07 3.56292512e-03 3.56292512e-03 4.06984399e-05 2.67788185e-18 2.60697103e-04 1.26136651e-02 1.20993672e-02 7.40047826e-04 5.07489212e-04 4.33770632e-04 3.99390775e-04
1.23123123e-02 -2.06697975e+01 -2.06697975e+01 -2.50725150e-02 -6.80090601e-03 -6.80088235e-03 7.13254574e+01 7.13254574e+01 1.03946389e+02 1.73372523e+02 2.07867899e+02 3.08777295e+02 3.14640688e+02 4.15962191e+02 5.19886919e+02 6.23839285e+02 7.27798895e+02 4.97927782e-16 8.98895872e-16 4.00247929e-06 8.72381414e-17 2.69279081e-15 3.32883916e-16 3.65680679e-28 9.99997233e-01 4.97494589e-16 9.99886446e-01 6.93592141e-01 7.23197160e-01 9.99084863e-01 9.99569689e-01 9.99685617e-01 9.99733454e-01 3.65352795e-18 6.43369757e-18 1.40808814e-06 3.39725510e-07 3.39725510e-07 3.56292512e-03 3.56292512e-03 4.12011297e-05 8.29470770e-18 2.63922831e-04 1.26161442e-02 1.20955337e-02 7.49084696e-04 5.13726280e-04 4.39119615e-04 4.04337596e-04
1.24624625e-02 -2.06697975e+01 -2.06697975e+01 -2.50725137e-02 -6.80089141e-03 -6.80088348e-03 7.13254574e+01 7.13254574e+01 1.03946332e+02 1.73372523e+02 2.07867174e+02 3.08738242e+02 3.14673034e+02 4.15966279e+02 5.19890433e+02 6.23842895e+02 7.27802781e+02 1.45399818e-15 8.42404900e-16 4.05129001e-06 3.94473041e-17 1.08343493e-15 3.66801285e-28 1.41855853e-16 9.99997165e-01 8.28986354e-16 9.99883652e-01 6.93445618e-01 7.23406541e-01 9.99062648e-01 9.99559176e-01 9.99677910e-01 9.99726891e-01 8.39964846e-19 2.07730001e-18 1.40808814e-06 3.39725510e-07 3.39725510e-07 3.56292512e-03 3.56292512e-03 4.17038284e-05 7.49514189e-19 2.67148825e-04 1.26186145e-02 1.20916927e-02 7.58117927e-04 5.19962309e-04 4.44468366e-04 4.09285008e-04
1.26126126e-02 -2.06697975e+01 -2.06697975e+01 -2.50725141e-02 -6.80089947e-03 -6.80089789e-03 7.13254574e+01 7.13254574e+01 1.03946275e+02 1.73372523e+02 2.07866441e+02 3.08699151e+02 3.14705339e+02 4.15970416e+02 5.19893988e+02 6.23846548e+02 7.27806715e+02 1.29662392e-15 7.33587662e-16 4.10010074e-06 6.65865472e-17 1.05585947e-15 3.67640051e-28 2.11785551e-16 9.99997096e-01 4.29872295e-16 9.99880825e-01 6.93299560e-01 7.23616202e-01 9.99040176e-01 9.99548539e-01 9.99670110e-01 9.99720246e-01 2.59818534e-18 5.46385981e-18 1.40808814e-06 3.39725510e-07 3.39725510e-07 3.56292512e-03 3.56292512e-03 4.22065360e-05 1.51446250e-20 2.70375090e-04 1.26210759e-02 1.20878442e-02 7.67147478e-04 5.26197285e-04 4.49816882e-04 4.14233019e-04
1.27627628e-02 -2.06697975e+01 -2.06697975e+01 -2.50725145e-02 -6.80089446e-03 -6.80088251e-03 7.13254574e+01 7.13254574e+01 1.03946217e+02 1.73372523e+02 2.07865699e+02 3.08660021e+02 3.14737601e+02 4.15974602e+02 5.19897586e+02 6.23850245e+02 7.27810696e+02 1.24102760e-15 4.38009150e-16 4.14891146e-06 8.79150710e-17 6.82631881e-15 3.67894141e-28 1.42191394e-16 9.99997026e-01 4.23064961e-16 9.99877964e-01 6.93153968e-01 7.23826142e-01 9.99017446e-01 9.99537776e-01 9.99662218e-01 9.99713521e-01 1.81202359e-18 4.17420861e-19 1.40808814e-06 3.39725510e-07 3.39725510e-07 3.56292512e-03 3.56292512e-03 4.27092526e-05 2.22317553e-18 2.73601627e-04 1.26235284e-02 1.20839883e-02 7.76173306e-04 5.32431195e-04 4.55165161e-04 4.19181635e-04
1.29129129e-02 -2.06697975e+01 -2.06697975e+01 -2.50725127e-02 -6.80088778e-03 -6.80088646e-03 7.13254574e+01 7.13254574e+01 1.03946159e+02 1.73372523e+02 2.07864948e+02 3.08620854e+02 3.14769822e+02 4.15978836e+02 5.19901227e+02 6.23853985e+02 7.27814724e+02 9.92425992e-16 8.74954553e-16 4.19772218e-06 1.57882510e-17 1.10513020e-15 2.77065989e-16 4.07844694e-30 9.99996956e-01 9.23385420e-16 9.99875068e-01 6.93008842e-01 7.24036359e-01 9.98994460e-01 9.99526888e-01 9.99654232e-01 9.99706716e-01 2.70276527e-18 2.40520719e-18 1.40808814e-06 3.39725510e-07 3.39725510e-07 3.56292512e-03 3.56292512e-03 4.32119784e-05 4.27277371e-18 2.76828441e-04 1.26259721e-02 1.20801249e-02 7.85195369e-04 5.38664029e-04 4.60513198e-04 4.24130863e-04
1.30630631e-02 -2.06697975e+01 -2.06697975e+01 -2.50725131e-02 -6.80089577e-03 -6.80089374e-03 7.13254574e+01 7.13254574e+01 1.03946099e+02 1.73372523e+02 2.07864188e+02 3.08581648e+02 3.14802000e+02 4.15983119e+02 5.19904909e+02 6.23857770e+02 7.27818800e+02 2.43592720e-16 1.19746358e-15 4.24653291e-06 4.30245558e-17 1.11611832e-15 2.82894481e-16 3.73023895e-28 9.99996885e-01 4.93938402e-16 9.99872138e-01 6.92864184e-01 7.24246852e-01 9.98971218e-01 9.99515875e-01 9.99646153e-01 9.99699829e-01 3.12512040e-18 5.50102092e-19 1.40808814e-06 3.39725510e-07 3.39725510e-07 3.56292512e-03 3.56292512e-03 4.37147135e-05 1.48880597e-18 2.80055535e-04 1.26284070e-02 1.20762541e-02 7.94213623e-04 5.44895771e-04 4.65860992e-04 4.29080710e-04
1.32132132e-02 -2.06697975e+01 -2.06697975e+01 -2.50725131e-02 -6.80088856e-03 -6.80087730e-03 7.13254574e+01 7.13254574e+01 1.03946039e+02 1.73372523e+02 2.07863420e+02 3.08542404e+02 3.14834137e+02 4.15987450e+02 5.19908634e+02 6.23861597e+02 7.27822923e+02 2.08641221e-15 6.61393146e-16 4.29534363e-06 6.72730274e-17 7.02669993e-15 3.73491786e-28 1.96770869e-16 9.99996813e-01 3.21094992e-16 9.99869174e-01 6.92719994e-01 7.24457619e-01 9.98947719e-01 9.99504737e-01 9.99637982e-01 9.99692862e-01 9.51204650e-19 3.60531200e-18 1.40808814e-06 3.39725510e-07 3.39725510e-07 3.56292512e-03 3.56292512e-03 4.42174580e-05 4.09089118e-18 2.83282911e-04 1.26308330e-02 1.20723758e-02 8.03228026e-04 5.51126410e-04 4.71208538e-04 4.34031185e-04
1.33633634e-02 -2.06697975e+01 -2.06697975e+01 -2.50725142e-02 -6.80089068e-03 -6.80088590e-03 7.13254574e+01 7.13254574e+01 1.03945979e+02 1.73372523e+02 2.07862642e+02 3.08503122e+02 3.14866231e+02 4.15991830e+02 5.19912401e+02 6.23865469e+02 7.27827094e+02 1.61034173e-15 6.74992289e-16 4.34415435e-06 7.35840167e-17 7.11453894e-15 1.30013554e-16 3.97146334e-28 9.99996740e-01 2.92959405e-16 9.99866175e-01 6.92576272e-01 7.24668660e-01 9.98923965e-01 9.99493475e-01 9.99629717e-01 9.99685813e-01 1.23984696e-18 8.38681036e-19 1.40808814e-06 3.39725510e-07 3.39725510e-07 3.56292512e-03 3.56292512e-03 4.47202119e-05 2.08334391e-18 2.86510573e-04 1.26332502e-02 1.20684902e-02 8.12238535e-04 5.57355934e-04 4.76555835e-04 4.38982293e-04
1.35135135e-02 -2.06697975e+01 -2.06697975e+01 -2.50725138e-02 -6.80090591e-03 -6.80088587e-03 7.13254574e+01 7.13254574e+01 1.03945918e+02 1.73372523e+02 2.07861856e+02 3.08463802e+02 3.14898284e+02 4.15996258e+02 5.19916210e+02 6.23869384e+02 7.27831313e+02 4.46394084e-16 1.04988360e-15 4.39296507e-06 7.62645304e-17 1.21694050e-15 6.55532185e-17 3.98597505e-28 9.99996666e-01 7.07003170e-16 9.99863143e-01 6.92433020e-01 7.24879972e-01 9.98899956e-01 9.99482088e-01 9.99621360e-01 9.99678684e-01 1.14715853e-18 3.17268368e-18 1.40808814e-06 3.39725510e-07 3.39725510e-07 3.56292512e-03 3.56292512e-03 4.52229754e-05 5.18741304e-19 2.89738525e-04 1.26356585e-02 1.20645971e-02 8.21245109e-04 5.63584329e-04 4.81902878e-04 4.43934042e-04
1.36636637e-02 -2.06697975e+01 -2.06697975e+01 -2.50725141e-02 -6.80091314e-03 -6.80089795e-03 7.13254574e+01 7.13254574e+01 1.03945856e+02 1.73372523e+02 2.07861061e+02 3.08424445e+02 3.14930294e+02 4.16000734e+02 5.19920061e+02 6.23873343e+02 7.27835579e+02 2.97194830e-16 3.29209300e-16 4.44177580e-06 1.64229910e-18 1.31954516e-15 1.82602246e-16 4.40155624e-30 9.99996592e-01 5.04915808e-16 9.99860076e-01 6.92290239e-01 7.25091555e-01 9.98875693e-01 9.99470577e-01 9.99612909e-01 9.99671474e-01 3.00537527e-18 6.89216842e-19 1.40808814e-06 3.39725510e-07 3.39725510e-07 3.56292512e-03 3.56292512e-03 4.57257487e-05 8.00328280e-18 2.92966770e-04 1.26380579e-02 1.20606967e-02 8.30247704e-04 5.69811582e-04 4.87249665e-04 4.48886440e-04
1.38138138e-02 -2.06697975e+01 -2.06697975e+01 -2.50725129e-02 -6.80089212e-03 -6.80089036e-03 7.13254574e+01 7.13254574e+01 1.03945793e+02 1.73372523e+02 2.07860257e+02 3.08385049e+02 3.14962262e+02 4.16005259e+02 5.19923954e+02 6.23877346e+02 7.27839892e+02 4.94564275e-16 3.50522989e-16 4.49058652e-06 1.17475148e-15 2.70313479e-17 4.43464582e-30 3.46350048e-16 9.99996516e-01 6.47106440e-16 9.99856975e-01 6.92147928e-01 7.25303406e-01 9.98851175e-01 9.99458941e-01 9.99604366e-01 9.99664183e-01 6.90275242e-19 2.09482630e-18 1.40808814e-06 3.39725510e-07 3.39725510e-07 3.56292512e-03 3.56292512e-03 4.62285317e-05 5.45008794e-18 2.96195310e-04 1.26404485e-02 1.20567889e-02 8.39246278e-04 5.76037681e-04 4.92596193e-04 4.53839493e-04
1.39639640e-02 -2.06697975e+01 -2.06697975e+01 -2.50725144e-02 -6.80090263e-03 -6.80088996e-03 7.13254574e+01 7.13254574e+01 1.03945730e+02 1.73372523e+02 2.07859445e+02 3.08345616e+02 3.14994188e+02 4.16009831e+02 5.19927889e+02 6.23881392e+02 7.27844254e+02 1.05678713e-15 1.03590363e-15 4.53939724e-06 7.73604515e-17 1.35578806e-14 2.92459360e-16 3.38791103e-24 9.99996440e-01 5.46377104e-16 9.99853839e-01 6.92006090e-01 7.25515526e-01 9.98826404e-01 9.99447181e-01 9.99595730e-01 9.99656811e-01 1.27162680e-18 2.62970924e-18 1.40808814e-06 3.39725510e-07 3.39725510e-07 3.56292512e-03 3.56292512e-03 4.67313246e-05 9.84754864e-18 2.99424149e-04 1.26428302e-02 1.20528738e-02 8.48240790e-04 5.82262614e-04 4.97942458e-04 4.58793208e-04
1.41141141e-02 -2.06697975e+01 -2.06697975e+01 -2.50725135e-02 -6.80090150e-03 -6.80089977e-03 7.13254574e+01 7.13254574e+01 1.03945666e+02 1.73372523e+02 2.07858623e+02 3.08306144e+02 3.15026072e+02 4.16014452e+02 5.19931867e+02 6.23885482e+02 7.27848662e+02 2.28826403e-16 3.66263324e-16 4.58820797e-06 1.53887698e-16 1.36811308e-14 2.88199644e-16 3.39505182e-24 9.99996363e-01 4.62897963e-16 9.99850669e-01 6.91864723e-01 7.25727911e-01 9.98801379e-01 9.99435296e-01 9.99587001e-01 9.99649357e-01 4.84263126e-19 1.20783671e-18 1.40808814e-06 3.39725510e-07 3.39725510e-07 3.56292512e-03 3.56292512e-03 4.72341276e-05 6.19621916e-18 3.02653291e-04 1.26452031e-02 1.20489513e-02 8.57231196e-04 5.88486367e-04 5.03288458e-04 4.63747593e-04
1.42642643e-02 -2.06697975e+01 -2.06697975e+01 -2.50725144e-02 -6.80090631e-03 -6.80089324e-03 7.13254574e+01 7.13254574e+01 1.03945601e+02 1.73372523e+02 2.07857793e+02 3.08266635e+02 3.15057914e+02 4.16019122e+02 5.19935887e+02 6.23889615e+02 7.27853119e+02 9.09675573e-16 2.68254717e-16 4.63701869e-06 1.08718722e-16 9.41944751e-15 4.06451901e-28 2.97991112e-16 9.99996285e-01 4.40735292e-16 9.99847465e-01 6.91723830e-01 7.25940562e-01 9.98776102e-01 9.99423287e-01 9.99578179e-01 9.99641823e-01 3.25577627e-18 4.70180651e-18 1.40808814e-06 3.39725510e-07 3.39725510e-07 3.56292512e-03 3.56292512e-03 4.77369407e-05 2.25346478e-18 3.05882738e-04 1.26475671e-02 1.20450215e-02 8.66217456e-04 5.94708928e-04 5.08634189e-04 4.68702655e-04
1.44144144e-02 -2.06697975e+01 -2.06697975e+01 -2.50725131e-02 -6.80089514e-03 -6.80088496e-03 7.13254574e+01 7.13254574e+01 1.03945536e+02 1.73372523e+02 2.07856953e+02 3.08227088e+02 3.15089714e+02 4.16023839e+02 5.19939948e+02 6.23893792e+02 7.27857623e+02 1.41720149e-16 6.10736896e-16 4.68582941e-06 8.25086679e-17 4.97742924e-15 4.06970201e-28 6.55775985e-17 9.99996207e-01 8.24970294e-16 9.99844227e-01 6.91583411e-01 7.26153476e-01 9.98750573e-01 9.99411154e-01 9.99569264e-01 9.99634207e-01 1.07966446e-18 2.03283550e-18 1.40808814e-06 3.39725510e-07 3.39725510e-07 3.56292512e-03 3.56292512e-03 4.82397640e-05 3.36858775e-19 3.09112494e-04 1.26499222e-02 1.20410844e-02 8.75199525e-04 6.00930284e-04 5.13979649e-04 4.73658401e-04
1.45645646e-02 -2.06697975e+01 -2.06697975e+01 -2.50725140e-02 -6.80089722e-03 -6.80088188e-03 7.13254574e+01 7.13254574e+01 1.03945470e+02 1.73372523e+02 2.07856105e+02 3.08187504e+02 3.15121472e+02 4.16028605e+02 5.19944052e+02 6.23898013e+02 7.27862174e+02 3.86533292e-16 3.48390192e-16 4.73464014e-06 4.99206283e-15 6.32002061e-17 4.30701791e-28 2.19038333e-16 9.99996127e-01 7.98146864e-16 9.99840954e-01 6.91443467e-01 7.26366652e-01 9.98724791e-01 9.99398897e-01 9.99560257e-01 9.99626510e-01 1.98225271e-18 4.01544873e-18 1.40808814e-06 3.39725510e-07 3.39725510e-07 3.56292512e-03 3.56292512e-03 4.87425977e-05 2.79911237e-18 3.12342562e-04 1.26522684e-02 1.20371400e-02 8.84177364e-04 6.07150422e-04 5.19324833e-04 4.78614837e-04
1.47147147e-02 -2.06697975e+01 -2.06697975e+01 -2.50725136e-02 -6.80090377e-03 -6.80088453e-03 7.13254574e+01 7.13254574e+01 1.03945403e+02 1.73372523e+02 2.07855248e+02 3.08147882e+02 3.15153187e+02 4.16033418e+02 5.19948198e+02 6.23902277e+02 7.27866773e+02 1.01617496e-15 4.89707767e-16 4.78345086e-06 1.43103145e-14 2.30408821e-17 2.48245583e-16 4.34768285e-28 9.99996047e-01 1.48355174e-16 9.99837647e-01 6.91303997e-01 7.26580089e-01 9.98698759e-01 9.99386517e-01 9.99551156e-01 9.99618732e-01 1.50307388e-18 1.29270080e-18 1.40808814e-06 3.39725510e-07 3.39725510e-07 3.56292512e-03 3.56292512e-03 4.92454418e-05 2.76882312e-18 3.15572946e-04 1.26546058e-02 1.20331883e-02 8.93150929e-04 6.13369330e-04 5.24669740e-04 4.83571973e-04
1.48648649e-02 -2.06697975e+01 -2.06697975e+01 -2.50725150e-02 -6.80090383e-03 -6.80087664e-03 7.13254574e+01 7.13254574e+01 1.03945335e+02 1.73372523e+02 2.07854382e+02 3.08108222e+02 3.15184861e+02 4.16038280e+02 5.19952386e+02 6.23906585e+02 7.27871420e+02 3.65549002e-16 8.52072682e-16 4.83226158e-06 1.44343748e-14 7.43487002e-17 4.35620495e-28 3.47598179e-16 9.99995966e-01 5.12120482e-16 9.99834306e-01 6.91165004e-01 7.26793785e-01 9.98672475e-01 9.99374012e-01 9.99541963e-01 9.99610872e-01 6.95515972e-19 4.82187154e-18 1.40808814e-06 3.39725510e-07 3.39725510e-07 3.56292512e-03 3.56292512e-03 4.97482965e-05 3.54524359e-18 3.18803648e-04 1.26569343e-02 1.20292294e-02 9.02120179e-04 6.19586994e-04 5.30014366e-04 4.88529813e-04
1.50150150e-02 -2.06697975e+01 -2.06697975e+01 -2.50725141e-02 -6.80089439e-03 -6.80089428e-03 7.13254574e+01 7.13254574e+01 1.03945267e+02 1.73372523e+02 2.07853508e+02 3.08068525e+02 3.15216492e+02 4.16043189e+02 5.19956615e+02 6.23910937e+02 7.27876115e+02 4.63672086e-16 6.47486499e-17 4.88107231e-06 2.50973716e-27 1.47375696e-27 4.22715574e-45 4.74940887e-27 9.99995884e-01 1.35475615e-15 9.99830930e-01 6.91026488e-01 7.27007739e-01 9.98645941e-01 9.99361384e-01 9.99532678e-01 9.99602931e-01 4.29187582e-18 1.49235970e-18 1.40808814e-06 3.39725510e-07 3.39725510e-07 3.56292512e-03 3.56292512e-03 5.02511618e-05 1.53769632e-18 3.22034671e-04 1.26592539e-02 1.20252632e-02 9.11085072e-04 6.25803403e-04 5.35358707e-04 4.93488366e-04
1.51651652e-02 -2.06697975e+01 -2.06697975e+01 -2.50725151e-02 -6.80089805e-03 -6.80089764e-03 7.13254574e+01 7.13254574e+01 1.03945198e+02 1.73372523e+02 2.07852624e+02 3.08028790e+02 3.15248082e+02 4.16048147e+02 5.19960887e+02 6.23915333e+02 7.27880857e+02 1.94878778e-16 1.31668349e-15 4.92988303e-06 2.55420286e-16 5.33500005e-15 4.36630079e-28 1.85931050e-16 9.99995801e-01 3.19117676e-16 9.99827519e-01 6.90888448e-01 7.27221950e-01 9.98619158e-01 9.99348632e-01 9.99523299e-01 9.99594909e-01 1.86484606e-18 2.28049395e-18 1.40808814e-06 3.39725510e-07 3.39725510e-07 3.56292512e-03 3.56292512e-03 5.07540379e-05 3.27241980e-18 3.25266020e-04 1.26615646e-02 1.20212897e-02 9.20045566e-04 6.32018543e-04 5.40702761e-04 4.98447638e-04
1.53153153e-02 -2.06697975e+01 -2.06697975e+01 -2.50725141e-02 -6.80089004e-03 -6.80087926e-03 7.13254574e+01 7.13254574e+01 1.03945129e+02 1.73372523e+02 2.07851732e+02 3.07989018e+02 3.15279629e+02 4.16053152e+02 5.19965201e+02 6.23919771e+02 7.27885647e+02 5.96064768e-16 7.29078971e-16 4.97869375e-06 1.36413392e-16 1.01103563e-14 4.37827188e-28 2.00883863e-16 9.99995717e-01 3.14370614e-16 9.99824075e-01 6.90750887e-01 7.27436416e-01 9.98592125e-01 9.99335756e-01 9.99513828e-01 9.99586805e-01 1.34849066e-18 2.25493196e-18 1.40808814e-06 3.39725510e-07 3.39725510e-07 3.56292512e-03 3.56292512e-03 5.12569249e-05 3.63618486e-18 3.28497697e-04 1.26638665e-02 1.20173091e-02 9.29001620e-04 6.38232402e-04 5.46046524e-04 5.03407638e-04
1.54654655e-02 -2.06697975e+01 -2.06697975e+01 -2.50725142e-02 -6.80089521e-03 -6.80088592e-03 7.13254574e+01 7.13254574e+01 1.03945059e+02 1.73372523e+02 2.07850830e+02 3.07949208e+02 3.15311134e+02 4.16058205e+02 5.19969557e+02 6.23924254e+02 7.27890485e+02 1.69581941e-15 3.40449947e-16 5.02750448e-06 5.16816077e-17 1.49854023e-14 3.39405127e-16 4.42106350e-28 9.99995633e-01 1.58065359e-16 9.99820596e-01 6.90613805e-01 7.27651135e-01 9.98564843e-01 9.99322758e-01 9.99504264e-01 9.99578620e-01 2.90047196e-18 1.24532202e-18 1.40808814e-06 3.39725510e-07 3.39725510e-07 3.56292512e-03 3.56292512e-03 5.17598229e-05 7.57966397e-20 3.31729706e-04 1.26661595e-02 1.20133212e-02 9.37953192e-04 6.44444967e-04 5.51389993e-04 5.08368371e-04
1.56156156e-02 -2.06697975e+01 -2.06697975e+01 -2.50725142e-02 -6.80090291e-03 -6.80088898e-03 7.13254574e+01 7.13254574e+01 1.03944988e+02 1.73372523e+02 2.07849920e+02 3.07909361e+02 3.15342598e+02 4.16063306e+02 5.19973955e+02 6.23928780e+02 7.27895370e+02 4.84209119e-16 4.90731569e-16 5.07631520e-06 4.96511023e-17 5.40768639e-15 1.12691936e-16 3.69329327e-24 9.99995547e-01 4.25330959e-16 9.99817082e-01 6.90477202e-01 7.27866107e-01 9.98537312e-01 9.99309635e-01 9.99494607e-01 9.99570353e-01 2.02362253e-18 3.14978044e-18 1.40808814e-06 3.39725510e-07 3.39725510e-07 3.56292512e-03 3.56292512e-03 5.22627320e-05 1.74986810e-18 3.34962049e-04 1.26684435e-02 1.20093262e-02 9.46900240e-04 6.50656226e-04 5.56733166e-04 5.13329845e-04
1.57657658e-02 -2.06697975e+01 -2.06697975e+01 -2.50725144e-02 -6.80088790e-03 -6.80088163e-03 7.13254574e+01 7.13254574e+01 1.03944916e+02 1.73372523e+02 2.07849001e+02 3.07869477e+02 3.15374019e+02 4.16068455e+02 5.19978395e+02 6.23933350e+02 7.27900303e+02 2.37555010e-16 2.43215849e-15 5.12512592e-06 1.53051143e-14 5.63234933e-17 2.35647122e-16 4.66660544e-28 9.99995461e-01 6.01602329e-16 9.99813534e-01 6.90341079e-01 7.28081331e-01 9.98509534e-01 9.99296390e-01 9.99484857e-01 9.99562004e-01 2.07030610e-18 2.86709230e-18 1.40808814e-06 3.39725510e-07 3.39725510e-07 3.56292512e-03 3.56292512e-03 5.27656523e-05 6.21444228e-19 3.38194730e-04 1.26707188e-02 1.20053239e-02 9.55842723e-04 6.56866164e-04 5.62076038e-04 5.18292068e-04
1.59159159e-02 -2.06697975e+01 -2.06697975e+01 -2.50725131e-02 -6.80090244e-03 -6.80089391e-03 7.13254574e+01 7.13254574e+01 1.03944844e+02 1.73372523e+02 2.07848073e+02 3.07829555e+02 3.15405398e+02 4.16073652e+02 5.19982876e+02 6.23937964e+02 7.27905284e+02 3.33040614e-16 6.69007977e-16 5.17393664e-06 1.11116719e-16 1.55160099e-14 1.19140203e-16 4.67513917e-28 9.99995374e-01 2.91734700e-16 9.99809952e-01 6.90205437e-01 7.28296803e-01 9.98481508e-01 9.99283021e-01 9.99475015e-01 9.99553574e-01 3.61696059e-18 1.44786262e-18 1.40808814e-06 3.39725510e-07 3.39725510e-07 3.56292512e-03 3.56292512e-03 5.32685840e-05 2.45917510e-19 3.41427753e-04 1.26729851e-02 1.20013145e-02 9.64780599e-04 6.63074771e-04 5.67418607e-04 5.23255045e-04
1.60660661e-02 -2.06697975e+01 -2.06697975e+01 -2.50725144e-02 -6.80089674e-03 -6.80089267e-03 7.13254574e+01 7.13254574e+01 1.03944771e+02 1.73372523e+02 2.07847136e+02 3.07789596e+02 3.15436735e+02 4.16078896e+02 5.19987400e+02 6.23942621e+02 7.27910313e+02 4.86140042e-16 9.91271401e-16 5.22274737e-06 1.55571616e-14 1.00341066e-16 7.85743667e-17 4.68367512e-28 9.99995287e-01 3.64020215e-16 9.99806335e-01 6.90070276e-01 7.28512524e-01 9.98453236e-01 9.99269530e-01 9.99465081e-01 9.99545062e-01 1.48683853e-18 2.08741312e-18 1.40808814e-06 3.39725510e-07 3.39725510e-07 3.56292512e-03 3.56292512e-03 5.37715270e-05 2.04129300e-18 3.44661120e-04 1.26752425e-02 1.19972980e-02 9.73713827e-04 6.69282033e-04 5.72760870e-04 5.28218785e-04
1.62162162e-02 -2.06697975e+01 -2.06697975e+01 -2.50725137e-02 -6.80089621e-03 -6.80088874e-03 7.13254574e+01 7.13254574e+01 1.03944698e+02 1.73372523e+02 2.07846191e+02 3.07749600e+02 3.15468030e+02 4.16084188e+02 5.19991965e+02 6.23947321e+02 7.27915389e+02 2.24563404e-15 5.50191334e-16 5.27155809e-06 1.58190979e-14 8.50304366e-17 4.69221330e-28 1.90693097e-16 9.99995198e-01 2.50110338e-16 9.99802683e-01 6.89935597e-01 7.28728492e-01 9.98424717e-01 9.99255916e-01 9.99455053e-01 9.99536469e-01 1.45895814e-18 3.90742348e-18 1.40808814e-06 3.39725510e-07 3.39725510e-07 3.56292512e-03 3.56292512e-03 5.42744816e-05 1.03409964e-18 3.47894835e-04 1.26774910e-02 1.19932743e-02 9.82642366e-04 6.75487936e-04 5.78102823e-04 5.33183295e-04
1.63663664e-02 -2.06697975e+01 -2.06697975e+01 -2.50725138e-02 -6.80091013e-03 -6.80089731e-03 7.13254574e+01 7.13254574e+01 1.03944623e+02 1.73372523e+02 2.07845236e+02 3.07709567e+02 3.15499282e+02 4.16089527e+02 5.19996573e+02 6.23952066e+02 7.27920514e+02 1.50588001e-15 2.62607960e-16 5.32036881e-06 5.70405500e-15 6.05831490e-17 4.69325121e-28 2.20032640e-16 9.99995109e-01 2.44809362e-16 9.99798997e-01 6.89801401e-01 7.28944705e-01 9.98395952e-01 9.99242178e-01 9.99444933e-01 9.99527793e-01 1.88529449e-18 3.82918616e-19 1.40808814e-06 3.39725510e-07 3.39725510e-07 3.56292512e-03 3.56292512e-03 5.47774478e-05 2.95070565e-18 3.51128901e-04 1.26797307e-02 1.19892435e-02 9.91566175e-04 6.81692470e-04 5.83444462e-04 5.38148581e-04
1.65165165e-02 -2.06697975e+01 -2.06697975e+01 -2.50725129e-02 -6.80088391e-03 -6.80087275e-03 7.13254574e+01 7.13254574e+01 1.03944548e+02 1.73372523e+02 2.07844273e+02 3.07669497e+02 3.15530493e+02 4.16094914e+02 5.20001222e+02 6.23956853e+02 7.27925686e+02 2.93901118e-16 1.07147365e-15 5.36917954e-06 1.60645153e-14 5.91167911e-17 4.71424260e-28 1.81013890e-16 9.99995018e-01 2.44622005e-16 9.99795277e-01 6.89667688e-01 7.29161162e-01 9.98366942e-01 9.99228318e-01 9.99434721e-01 9.99519036e-01 2.99203970e-18 8.90934664e-19 1.40808814e-06 3.39725510e-07 3.39725510e-07 3.56292512e-03 3.56292512e-03 5.52804258e-05 7.18481141e-18 3.54363321e-04 1.26819614e-02 1.19852056e-02 1.00048521e-03 6.87895621e-04 5.88785786e-04 5.43114652e-04
1.66666667e-02 -2.06697975e+01 -2.06697975e+01 -2.50725149e-02 -6.80088733e-03 -6.80088660e-03 7.13254574e+01 7.13254574e+01 1.03944473e+02 1.73372523e+02 2.07843300e+02 3.07629390e+02 3.15561662e+02 4.16100349e+02 5.20005913e+02 6.23961685e+02 7.27930906e+02 1.33591262e-15 1.38519626e-15 5.41799026e-06 3.38989832e-16 1.09794543e-14 2.06337457e-16 4.77122217e-28 9.99994927e-01 2.18366432e-16 9.99791522e-01 6.89534459e-01 7.29377861e-01 9.98337687e-01 9.99214336e-01 9.99424416e-01 9.99510196e-01 1.89174910e-18 3.19970339e-18 1.40808814e-06 3.39725510e-07 3.39725510e-07 3.56292512e-03 3.56292512e-03 5.57834156e-05 3.06569525e-19 3.57598099e-04 1.26841833e-02 1.19811606e-02 1.00939944e-03 6.94097375e-04 5.94126790e-04 5.48081513e-04
1.68168168e-02 -2.06697975e+01 -2.06697975e+01 -2.50725147e-02 -6.80090666e-03 -6.80089590e-03 7.13254574e+01 7.13254574e+01 1.03944396e+02 1.73372523e+02 2.07842319e+02 3.07589245e+02 3.15592788e+02 4.16105831e+02 5.20010646e+02 6.23966560e+02 7.27936174e+02 5.54839628e-16 6.20885460e-16 5.46680098e-06 1.64180297e-14 8.51229035e-17 3.69506698e-22 2.02122745e-16 9.99994835e-01 2.26674370e-16 9.99787732e-01 6.89401715e-01 7.29594802e-01 9.98308189e-01 9.99200231e-01 9.99414018e-01 9.99501275e-01 2.06878530e-18 8.35950026e-19 1.40808814e-06 3.39725510e-07 3.39725510e-07 3.56292512e-03 3.56292512e-03 5.62864174e-05 4.26101205e-18 3.60833237e-04 1.26863962e-02 1.19771085e-02 1.01830881e-03 7.00297721e-04 5.99467471e-04 5.53049172e-04
1.69669670e-02 -2.06697975e+01 -2.06697975e+01 -2.50725127e-02 -6.80090028e-03 -6.80088113e-03 7.13254574e+01 7.13254574e+01 1.03944319e+02 1.73372523e+02 2.07841329e+02 3.07549064e+02 3.15623873e+02 4.16111360e+02 5.20015421e+02 6.23971479e+02 7.27941489e+02 1.11539599e-15 2.96463414e-16 5.51561170e-06 4.45037995e-17 1.64732674e-14 5.01974878e-28 1.26167280e-16 9.99994743e-01 3.03628830e-16 9.99783908e-01 6.89269456e-01 7.29811983e-01 9.98278446e-01 9.99186004e-01 9.99403528e-01 9.99492271e-01 3.19780852e-18 7.93907706e-19 1.40808814e-06 3.39725510e-07 3.39725510e-07 3.56292512e-03 3.56292512e-03 5.67894313e-05 1.88969972e-18 3.64068739e-04 1.26886003e-02 1.19730494e-02 1.02721329e-03 7.06496646e-04 6.04807826e-04 5.58017636e-04
1.71171171e-02 -2.06697975e+01 -2.06697975e+01 -2.50725137e-02 -6.80087713e-03 -6.80087180e-03 7.13254574e+01 7.13254574e+01 1.03944242e+02 1.73372523e+02 2.07840330e+02 3.07508846e+02 3.15654915e+02 4.16116937e+02 5.20020237e+02 6.23976441e+02 7.27946853e+02 9.95205389e-16 4.22830651e-16 5.56442243e-06 1.32430147e-16 1.65758273e-14 5.02831159e-28 2.29062002e-16 9.99994649e-01 2.75906348e-16 9.99780049e-01 6.89137683e-01 7.30029402e-01 9.98248460e-01 9.99171654e-01 9.99392946e-01 9.99483186e-01 3.22658463e-18 1.00352871e-18 1.40808814e-06 3.39725510e-07 3.39725510e-07 3.56292512e-03 3.56292512e-03 5.72924573e-05 1.06085890e-19 3.67304609e-04 1.26907955e-02 1.19689832e-02 1.03611283e-03 7.12694136e-04 6.10147852e-04 5.62986912e-04
1.72672673e-02 -2.06697975e+01 -2.06697975e+01 -2.50725153e-02 -6.80091146e-03 -6.80088650e-03 7.13254574e+01 7.13254574e+01 1.03944163e+02 1.73372523e+02 2.07839322e+02 3.07468591e+02 3.15685915e+02 4.16122561e+02 5.20025096e+02 6.23981447e+02 7.27952264e+02 4.99575432e-16 1.61687514e-15 5.61323315e-06 1.67033495e-14 2.29964423e-16 4.22787917e-24 1.98910924e-16 9.99994555e-01 4.59903566e-16 9.99776156e-01 6.89006396e-01 7.30247058e-01 9.98218232e-01 9.99157182e-01 9.99382271e-01 9.99474018e-01 3.40643000e-19 1.49263549e-18 1.40808814e-06 3.39725510e-07 3.39725510e-07 3.56292512e-03 3.56292512e-03 5.77954956e-05 8.88924564e-18 3.70540848e-04 1.26929818e-02 1.19649100e-02 1.04500739e-03 7.18890180e-04 6.15487546e-04 5.67957008e-04
1.74174174e-02 -2.06697975e+01 -2.06697975e+01 -2.50725141e-02 -6.80089083e-03 -6.80088113e-03 7.13254574e+01 7.13254574e+01 1.03944084e+02 1.73372523e+02 2.07838306e+02 3.07428299e+02 3.15716873e+02 4.16128232e+02 5.20029996e+02 6.23986496e+02 7.27957724e+02 7.24184204e-17 1.54145138e-15 5.66204387e-06 5.02626542e-17 1.14111509e-14 3.35325979e-16 5.04175228e-28 9.99994460e-01 4.44837732e-16 9.99772228e-01 6.88875596e-01 7.30464950e-01 9.98187761e-01 9.99142589e-01 9.99371503e-01 9.99464768e-01 1.45929626e-19 2.54379865e-18 1.40808814e-06 3.39725510e-07 3.39725510e-07 3.56292512e-03 3.56292512e-03 5.82985463e-05 7.28751434e-18 3.73777462e-04 1.26951591e-02 1.19608297e-02 1.05389694e-03 7.25084764e-04 6.20826903e-04 5.72927930e-04
1.75675676e-02 -2.06697975e+01 -2.06697975e+01 -2.50725133e-02 -6.80089725e-03 -6.80089400e-03 7.13254574e+01 7.13254574e+01 1.03944004e+02 1.73372523e+02 2.07837280e+02 3.07387970e+02 3.15747790e+02 4.16133951e+02 5.20034938e+02 6.23991589e+02 7.27963231e+02 1.11813296e-15 2.98502107e-15 5.71085460e-06 1.69453941e-14 8.47516386e-17 1.52518183e-16 5.05431939e-28 9.99994364e-01 6.92641131e-16 9.99768265e-01 6.88745284e-01 7.30683076e-01 9.98157049e-01 9.99127873e-01 9.99360643e-01 9.99455436e-01 3.82106476e-18 2.86629426e-18 1.40808814e-06 3.39725510e-07 3.39725510e-07 3.56292512e-03 3.56292512e-03 5.88016096e-05 3.81806739e-18 3.77014452e-04 1.26973276e-02 1.19567425e-02 1.06278143e-03 7.31277876e-04 6.26165922e-04 5.77899686e-04
1.77177177e-02 -2.06697975e+01 -2.06697975e+01 -2.50725156e-02 -6.80088847e-03 -6.80088541e-03 7.13254574e+01 7.13254574e+01 1.03943924e+02 1.73372523e+02 2.07836246e+02 3.07347605e+02 3.15778664e+02 4.16139717e+02 5.20039921e+02 6.23996726e+02 7.27968787e+02 1.75867789e-15 1.04614518e-15 5.75966532e-06 1.40563560e-16 1.71956319e-14 5.06752327e-28 1.52943335e-16 9.99994267e-01 4.99131051e-16 9.99764268e-01 6.88615460e-01 7.30901434e-01 9.98126096e-01 9.99113036e-01 9.99349691e-01 9.99446022e-01 1.74256134e-18 2.08698149e-18 1.40808814e-06 3.39725510e-07 3.39725510e-07 3.56292512e-03 3.56292512e-03 5.93046854e-05 3.36336106e-18 3.80251823e-04 1.26994872e-02 1.19526483e-02 1.07166082e-03 7.37469503e-04 6.31504598e-04 5.82872282e-04
1.78678679e-02 -2.06697975e+01 -2.06697975e+01 -2.50725139e-02 -6.80088874e-03 -6.80088020e-03 7.13254574e+01 7.13254574e+01 1.03943843e+02 1.73372523e+02 2.07835202e+02 3.07307203e+02 3.15809496e+02 4.16145530e+02 5.20044947e+02 6.24001906e+02 7.27974390e+02 1.78419759e-15 3.03169812e-16 5.80847604e-06 1.73565267e-14 8.21563266e-17 1.40648138e-16 5.07610548e-28 9.99994169e-01 3.78748832e-16 9.99760236e-01 6.88486125e-01 7.31120024e-01 9.98094903e-01 9.99098076e-01 9.99338646e-01 9.99436525e-01 9.99256760e-19 1.91632765e-18 1.40808814e-06 3.39725510e-07 3.39725510e-07 3.56292512e-03 3.56292512e-03 5.98077739e-05 2.22317553e-18 3.83489577e-04 1.27016378e-02 1.19485471e-02 1.08053508e-03 7.43659632e-04 6.36842928e-04 5.87845727e-04
1.80180180e-02 -2.06697975e+01 -2.06697975e+01 -2.50725141e-02 -6.80090183e-03 -6.80088267e-03 7.13254574e+01 7.13254574e+01 1.03943761e+02 1.73372523e+02 2.07834150e+02 3.07266764e+02 3.15840286e+02 4.16151390e+02 5.20050014e+02 6.24007130e+02 7.27980041e+02 5.93847806e-16 1.78900947e-15 5.85728677e-06 8.81718500e-17 1.74292278e-14 5.31397741e-28 3.43449978e-16 9.99994070e-01 3.33338672e-16 9.99756169e-01 6.88357279e-01 7.31338844e-01 9.98063470e-01 9.99082996e-01 9.99327509e-01 9.99426946e-01 1.80102386e-18 2.57811525e-18 1.40808814e-06 3.39725510e-07 3.39725510e-07 3.56292512e-03 3.56292512e-03 6.03108753e-05 5.21931505e-18 3.86727717e-04 1.27037796e-02 1.19444390e-02 1.08940415e-03 7.49848251e-04 6.42180909e-04 5.92820026e-04
1.81681682e-02 -2.06697975e+01 -2.06697975e+01 -2.50725134e-02 -6.80089791e-03 -6.80087960e-03 7.13254574e+01 7.13254574e+01 1.03943678e+02 1.73372523e+02 2.07833089e+02 3.07226289e+02 3.15871034e+02 4.16157297e+02 5.20055122e+02 6.24012397e+02 7.27985741e+02 3.44137622e-16 1.54338749e-15 5.90609749e-06 7.83829320e-17 1.76605885e-14 5.34759939e-28 3.62277232e-16 9.99993971e-01 2.55068834e-16 9.99752068e-01 6.88228923e-01 7.31557892e-01 9.98031798e-01 9.99067794e-01 9.99316280e-01 9.99417284e-01 2.85586111e-18 4.45685879e-18 1.40808814e-06 3.39725510e-07 3.39725510e-07 3.56292512e-03 3.56292512e-03 6.08139896e-05 7.91565098e-19 3.89966248e-04 1.27059125e-02 1.19403239e-02 1.09826801e-03 7.56035346e-04 6.47518537e-04 5.97795187e-04
1.83183183e-02 -2.06697975e+01 -2.06697975e+01 -2.50725150e-02 -6.80089439e-03 -6.80089428e-03 7.13254574e+01 7.13254574e+01 1.03943595e+02 1.73372523e+02 2.07832018e+02 3.07185777e+02 3.15901740e+02 4.16163251e+02 5.20060273e+02 6.24017708e+02 7.27991488e+02 4.48971711e-16 6.35020563e-16 5.95490821e-06 3.06438497e-27 1.79945484e-27 5.15713000e-45 5.79902046e-27 9.99993871e-01 1.39535075e-15 9.99747931e-01 6.88101058e-01 7.31777168e-01 9.97999887e-01 9.99052470e-01 9.99304958e-01 9.99407540e-01 1.31178445e-19 7.07164824e-19 1.40808814e-06 3.39725510e-07 3.39725510e-07 3.56292512e-03 3.56292512e-03 6.13171170e-05 1.71957885e-18 3.93205172e-04 1.27080365e-02 1.19362019e-02 1.10712661e-03 7.62220905e-04 6.52855810e-04 6.02771217e-04
1.84684685e-02 -2.06697975e+01 -2.06697975e+01 -2.50725139e-02 -6.80089442e-03 -6.80089384e-03 7.13254574e+01 7.13254574e+01 1.03943511e+02 1.73372523e+02 2.07830939e+02 3.07145228e+02 3.15932403e+02 4.16169252e+02 5.20065465e+02 6.24023062e+02 7.27997284e+02 3.51498596e-15 1.93958035e-15 6.00371893e-06 1.78515955e-14 7.22178708e-16 1.99335628e-16 5.39055719e-28 9.99993770e-01 5.15556039e-16 9.99743761e-01 6.87973684e-01 7.31996669e-01 9.97967738e-01 9.99037025e-01 9.99293544e-01 9.99397713e-01 1.56331917e-18 2.98009288e-18 1.40808814e-06 3.39725510e-07 3.39725510e-07 3.56292512e-03 3.56292512e-03 6.18202575e-05 1.51446250e-20 3.96444491e-04 1.27101515e-02 1.19320730e-02 1.11597990e-03 7.68404916e-04 6.58192723e-04 6.07748123e-04
1.86186186e-02 -2.06697975e+01 -2.06697975e+01 -2.50725135e-02 -6.80090147e-03 -6.80089271e-03 7.13254574e+01 7.13254574e+01 1.03943427e+02 1.73372523e+02 2.07829851e+02 3.07104644e+02 3.15963025e+02 4.16175299e+02 5.20070698e+02 6.24028460e+02 7.28003127e+02 2.90463712e-16 7.12197901e-16 6.05252966e-06 1.20318669e-16 1.80776952e-14 1.72574046e-16 5.39945945e-28 9.99993668e-01 6.18872032e-16 9.99739555e-01 6.87846801e-01 7.32216395e-01 9.97935351e-01 9.99021460e-01 9.99282038e-01 9.99387803e-01 9.64983396e-19 1.37260923e-18 1.40808814e-06 3.39725510e-07 3.39725510e-07 3.56292512e-03 3.56292512e-03 6.23234113e-05 5.30502963e-19 3.99684211e-04 1.27122577e-02 1.19279372e-02 1.12482786e-03 7.74587365e-04 6.63529274e-04 6.12725912e-04
1.87687688e-02 -2.06697975e+01 -2.06697975e+01 -2.50725140e-02 -6.80090474e-03 -6.80087759e-03 7.13254574e+01 7.13254574e+01 1.03943341e+02 1.73372523e+02 2.07828754e+02 3.07064023e+02 3.15993605e+02 4.16181394e+02 5.20075974e+02 6.24033901e+02 7.28009019e+02 7.47651451e-16 2.03453803e-15 6.10134038e-06 1.47154315e-16 1.81465079e-14 3.49307920e-16 4.53503932e-24 9.99993566e-01 2.37924156e-16 9.99735315e-01 6.87720411e-01 7.32436343e-01 9.97902728e-01 9.99005773e-01 9.99270439e-01 9.99377811e-01 2.37286450e-18 2.74464458e-18 1.40808814e-06 3.39725510e-07 3.39725510e-07 3.56292512e-03 3.56292512e-03 6.28265784e-05 7.73045900e-18 4.02924333e-04 1.27143549e-02 1.19237946e-02 1.13367044e-03 7.80768240e-04 6.68865459e-04 6.17704592e-04
1.89189189e-02 -2.06697975e+01 -2.06697975e+01 -2.50725144e-02 -6.80091407e-03 -6.80089734e-03 7.13254574e+01 7.13254574e+01 1.03943255e+02 1.73372523e+02 2.07827649e+02 3.07023365e+02 3.16024143e+02 4.16187536e+02 5.20081290e+02 6.24039386e+02 7.28014959e+02 3.88665435e-15 6.50187915e-16 6.15015110e-06 3.95716139e-17 6.64010499e-15 3.21024249e-16 5.41290551e-28 9.99993462e-01 3.21200371e-16 9.99731039e-01 6.87594514e-01 7.32656513e-01 9.97869868e-01 9.98989965e-01 9.99258749e-01 9.99367736e-01 4.29763987e-18 3.16534502e-18 1.40808814e-06 3.39725510e-07 3.39725510e-07 3.56292512e-03 3.56292512e-03 6.33297590e-05 3.95789901e-18 4.06164862e-04 1.27164433e-02 1.19196450e-02 1.14250760e-03 7.86947527e-04 6.74201275e-04 6.22684169e-04
1.90690691e-02 -2.06697975e+01 -2.06697975e+01 -2.50725160e-02 -6.80089428e-03 -6.80088636e-03 7.13254574e+01 7.13254574e+01 1.03943169e+02 1.73372523e+02 2.07826534e+02 3.06982671e+02 3.16054638e+02 4.16193724e+02 5.20086649e+02 6.24044915e+02 7.28020947e+02 7.92054009e-16 3.77912020e-16 6.19896183e-06 1.84938845e-14 6.01971704e-17 5.43021513e-28 1.01972230e-16 9.99993358e-01 3.79609339e-16 9.99726729e-01 6.87469110e-01 7.32876903e-01 9.97836773e-01 9.98974037e-01 9.99246966e-01 9.99357578e-01 3.88634697e-18 7.15794896e-19 1.40808814e-06 3.39725510e-07 3.39725510e-07 3.56292512e-03 3.56292512e-03 6.38329532e-05 4.87415110e-18 4.09405799e-04 1.27185227e-02 1.19154886e-02 1.15133930e-03 7.93125215e-04 6.79536718e-04 6.27664651e-04
1.92192192e-02 -2.06697975e+01 -2.06697975e+01 -2.50725146e-02 -6.80090503e-03 -6.80089929e-03 7.13254574e+01 7.13254574e+01 1.03943081e+02 1.73372523e+02 2.07825410e+02 3.06941941e+02 3.16085092e+02 4.16199959e+02 5.20092049e+02 6.24050487e+02 7.28026983e+02 1.30973122e-15 7.22122117e-16 6.24777255e-06 1.87032496e-14 1.54481752e-16 4.77572081e-24 4.24815222e-16 9.99993253e-01 3.33092989e-16 9.99722385e-01 6.87344199e-01 7.33097512e-01 9.97803443e-01 9.98957988e-01 9.99235090e-01 9.99347337e-01 1.60264566e-18 3.75772564e-18 1.40808814e-06 3.39725510e-07 3.39725510e-07 3.56292512e-03 3.56292512e-03 6.43361611e-05 4.62477711e-18 4.12647150e-04 1.27205933e-02 1.19113254e-02 1.16016550e-03 7.99301291e-04 6.84871785e-04 6.32646044e-04
1.93693694e-02 -2.06697975e+01 -2.06697975e+01 -2.50725141e-02 -6.80090192e-03 -6.80089280e-03 7.13254574e+01 7.13254574e+01 1.03942993e+02 1.73372523e+02 2.07824278e+02 3.06901175e+02 3.16115504e+02 4.16206240e+02 5.20097490e+02 6.24056103e+02 7.28033067e+02 9.74007615e-16 1.00077567e-15 6.29658327e-06 6.67633009e-15 4.99896731e-17 2.29763145e-16 5.66724705e-28 9.99993147e-01 3.61177861e-16 9.99718005e-01 6.87219784e-01 7.33318338e-01 9.97769878e-01 9.98941818e-01 9.99223123e-01 9.99337014e-01 1.72560580e-18 2.09876409e-18 1.40808814e-06 3.39725510e-07 3.39725510e-07 3.56292512e-03 3.56292512e-03 6.48393828e-05 7.91565098e-19 4.15888916e-04 1.27226549e-02 1.19071554e-02 1.16898616e-03 8.05475741e-04 6.90206472e-04 6.37628356e-04
1.95195195e-02 -2.06697975e+01 -2.06697975e+01 -2.50725142e-02 -6.80090780e-03 -6.80089224e-03 7.13254574e+01 7.13254574e+01 1.03942905e+02 1.73372523e+02 2.07823136e+02 3.06860373e+02 3.16145873e+02 4.16212568e+02 5.20102973e+02 6.24061762e+02 7.28039199e+02 6.41029987e-16 5.90435128e-16 6.34539400e-06 1.89231058e-14 7.37628162e-17 5.68472871e-28 2.41173973e-16 9.99993040e-01 4.19668935e-16 9.99713590e-01 6.87095863e-01 7.33539380e-01 9.97736079e-01 9.98925529e-01 9.99211064e-01 9.99326607e-01 3.25230728e-18 1.00096401e-18 1.40808814e-06 3.39725510e-07 3.39725510e-07 3.56292512e-03 3.56292512e-03 6.53426184e-05 3.48620434e-19 4.19131101e-04 1.27247076e-02 1.19029786e-02 1.17780124e-03 8.11648553e-04 6.95540776e-04 6.42611593e-04
1.96696697e-02 -2.06697975e+01 -2.06697975e+01 -2.50725135e-02 -6.80090930e-03 -6.80088765e-03 7.13254574e+01 7.13254574e+01 1.03942815e+02 1.73372523e+02 2.07821986e+02 3.06819534e+02 3.16176201e+02 4.16218943e+02 5.20108497e+02 6.24067465e+02 7.28045380e+02 4.96671284e-16 5.71739243e-16 6.39420472e-06 3.44982688e-17 6.83493699e-15 5.68431140e-28 2.67847811e-16 9.99992932e-01 1.91102447e-16 9.99709141e-01 6.86972438e-01 7.33760636e-01 9.97702046e-01 9.98909119e-01 9.99198912e-01 9.99316117e-01 1.28555842e-18 2.93632116e-18 1.40808814e-06 3.39725510e-07 3.39725510e-07 3.56292512e-03 3.56292512e-03 6.58458680e-05 3.04164691e-18 4.22373708e-04 1.27267515e-02 1.18987950e-02 1.18661070e-03 8.17819715e-04 7.00874693e-04 6.47595764e-04
1.98198198e-02 -2.06697975e+01 -2.06697975e+01 -2.50725140e-02 -6.80089168e-03 -6.80087974e-03 7.13254574e+01 7.13254574e+01 1.03942725e+02 1.73372523e+02 2.07820826e+02 3.06778660e+02 3.16206486e+02 4.16225364e+02 5.20114063e+02 6.24073211e+02 7.28051609e+02 1.68867283e-15 5.89209903e-16 6.44301544e-06 9.99414629e-17 1.92020476e-14 2.72156128e-16 5.75362832e-28 9.99992824e-01 5.14431192e-16 9.99704657e-01 6.86849508e-01 7.33982105e-01 9.97667782e-01 9.98892588e-01 9.99186668e-01 9.99305544e-01 1.98263189e-18 1.48755282e-18 1.40808814e-06 3.39725510e-07 3.39725510e-07 3.56292512e-03 3.56292512e-03 6.63491317e-05 3.78909684e-19 4.25616740e-04 1.27287864e-02 1.18946047e-02 1.19541451e-03 8.23989213e-04 7.06208221e-04 6.52580874e-04
1.99699700e-02 -2.06697975e+01 -2.06697975e+01 -2.50725146e-02 -6.80089966e-03 -6.80089659e-03 7.13254574e+01 7.13254574e+01 1.03942634e+02 1.73372523e+02 2.07819658e+02 3.06737749e+02 3.16236730e+02 4.16231832e+02 5.20119671e+02 6.24079000e+02 7.28057886e+02 2.64333744e-16 4.48940983e-16 6.49182617e-06 1.94016118e-14 1.18104317e-16 5.76687492e-28 1.75448510e-16 9.99992714e-01 2.58020204e-16 9.99700138e-01 6.86727076e-01 7.34203786e-01 9.97633285e-01 9.98875938e-01 9.99174333e-01 9.99294887e-01 2.78823862e-18 3.74205664e-18 1.40808814e-06 3.39725510e-07 3.39725510e-07 3.56292512e-03 3.56292512e-03 6.68524097e-05 8.98018690e-18 4.28860202e-04 1.27308124e-02 1.18904076e-02 1.20421262e-03 8.30157035e-04 7.11541355e-04 6.57566931e-04
2.01201201e-02 -2.06697975e+01 -2.06697975e+01 -2.50725153e-02 -6.80091133e-03 -6.80088875e-03 7.13254574e+01 7.13254574e+01 1.03942543e+02 1.73372523e+02 2.07818481e+02 3.06696803e+02 3.16266932e+02 4.16238345e+02 5.20125320e+02 6.24084834e+02 7.28064211e+02 8.04781310e-16 3.63106978e-16 6.54063689e-06 6.35333266e-17 7.04065776e-15 3.84464401e-16 5.76625997e-28 9.99992604e-01 6.33631231e-16 9.99695583e-01 6.86605140e-01 7.34425677e-01 9.97598556e-01 9.98859169e-01 9.99161905e-01 9.99284148e-01 1.90477687e-18 2.87768484e-18 1.40808814e-06 3.39725510e-07 3.39725510e-07 3.56292512e-03 3.56292512e-03 6.73557020e-05 8.10166204e-19 4.32104095e-04 1.27328295e-02 1.18862037e-02 1.21300500e-03 8.36323167e-04 7.16874092e-04 6.62553942e-04
2.02702703e-02 -2.06697975e+01 -2.06697975e+01 -2.50725146e-02 -6.80089175e-03 -6.80088632e-03 7.13254574e+01 7.13254574e+01 1.03942451e+02 1.73372523e+02 2.07817295e+02 3.06655821e+02 3.16297091e+02 4.16244906e+02 5.20131010e+02 6.24090710e+02 7.28070585e+02 8.64646934e-16 3.48090461e-16 6.58944761e-06 7.74967035e-17 1.97215650e-14 5.89803631e-28 2.53935187e-16 9.99992493e-01 3.12307653e-16 9.99690994e-01 6.86483702e-01 7.34647777e-01 9.97563597e-01 9.98842279e-01 9.99149385e-01 9.99273325e-01 1.41878919e-18 7.28246439e-19 1.40808814e-06 3.39725510e-07 3.39725510e-07 3.56292512e-03 3.56292512e-03 6.78590087e-05 5.96544628e-18 4.35348424e-04 1.27348377e-02 1.18819931e-02 1.22179160e-03 8.42487598e-04 7.22206429e-04 6.67541914e-04
2.04204204e-02 -2.06697975e+01 -2.06697975e+01 -2.50725137e-02 -6.80089539e-03 -6.80089027e-03 7.13254574e+01 7.13254574e+01 1.03942358e+02 1.73372523e+02 2.07816099e+02 3.06614803e+02 3.16327209e+02 4.16251512e+02 5.20136741e+02 6.24096631e+02 7.28077007e+02 5.26288409e-16 2.85539437e-16 6.63825834e-06 1.34451939e-14 5.92340796e-17 6.01662388e-28 1.54832414e-16 9.99992382e-01 1.71050848e-16 9.99686370e-01 6.86362762e-01 7.34870084e-01 9.97528408e-01 9.98825270e-01 9.99136774e-01 9.99262418e-01 2.02968438e-18 4.16413865e-18 1.40808814e-06 3.39725510e-07 3.39725510e-07 3.56292512e-03 3.56292512e-03 6.83623300e-05 4.23072280e-18 4.38593191e-04 1.27368370e-02 1.18777759e-02 1.23057238e-03 8.48650314e-04 7.27538362e-04 6.72530854e-04
2.05705706e-02 -2.06697975e+01 -2.06697975e+01 -2.50725140e-02 -6.80089708e-03 -6.80088644e-03 7.13254574e+01 7.13254574e+01 1.03942264e+02 1.73372523e+02 2.07814895e+02 3.06573749e+02 3.16357284e+02 4.16258165e+02 5.20142514e+02 6.24102594e+02 7.28083477e+02 2.29909658e-16 8.67544840e-16 6.68706906e-06 1.44086360e-16 1.99334801e-14 1.47504752e-16 6.03025400e-28 9.99992269e-01 2.62024571e-16 9.99681711e-01 6.86242320e-01 7.35092597e-01 9.97492989e-01 9.98808141e-01 9.99124070e-01 9.99251429e-01 2.44416277e-19 3.71825759e-18 1.40808814e-06 3.39725510e-07 3.39725510e-07 3.56292512e-03 3.56292512e-03 6.88656660e-05 2.67788185e-18 4.41838400e-04 1.27388274e-02 1.18735519e-02 1.23934731e-03 8.54811303e-04 7.32869888e-04 6.77520770e-04
2.07207207e-02 -2.06697975e+01 -2.06697975e+01 -2.50725137e-02 -6.80089558e-03 -6.80088968e-03 7.13254574e+01 7.13254574e+01 1.03942170e+02 1.73372523e+02 2.07813682e+02 3.06532659e+02 3.16387318e+02 4.16264864e+02 5.20148329e+02 6.24108601e+02 7.28089996e+02 1.82854776e-16 8.52336684e-16 6.73587978e-06 6.70190342e-17 2.01283526e-14 6.03888876e-28 4.52108347e-17 9.99992156e-01 4.24238018e-16 9.99677017e-01 6.86122378e-01 7.35315314e-01 9.97457341e-01 9.98790893e-01 9.99111274e-01 9.99240355e-01 1.69715822e-18 1.51309371e-18 1.40808814e-06 3.39725510e-07 3.39725510e-07 3.56292512e-03 3.56292512e-03 6.93690168e-05 1.65892684e-18 4.45084053e-04 1.27408089e-02 1.18693213e-02 1.24811635e-03 8.60970552e-04 7.38201002e-04 6.82511667e-04
2.08708709e-02 -2.06697975e+01 -2.06697975e+01 -2.50725136e-02 -6.80090048e-03 -6.80089310e-03 7.13254574e+01 7.13254574e+01 1.03942075e+02 1.73372523e+02 2.07812460e+02 3.06491534e+02 3.16417310e+02 4.16271609e+02 5.20154184e+02 6.24114652e+02 7.28096563e+02 3.48766191e-16 7.17422606e-16 6.78469050e-06 2.02231354e-14 1.07593120e-16 1.95770164e-16 5.09039252e-24 9.99992041e-01 4.66930279e-16 9.99672288e-01 6.86002935e-01 7.35538235e-01 9.97421465e-01 9.98773526e-01 9.99098387e-01 9.99229198e-01 4.74035039e-19 5.59512152e-18 1.40808814e-06 3.39725510e-07 3.39725510e-07 3.56292512e-03 3.56292512e-03 6.98723824e-05 1.00597204e-17 4.48330155e-04 1.27427815e-02 1.18650841e-02 1.25687946e-03 8.67128048e-04 7.43531703e-04 6.87503554e-04
2.10210210e-02 -2.06697975e+01 -2.06697975e+01 -2.50725141e-02 -6.80089191e-03 -6.80088603e-03 7.13254574e+01 7.13254574e+01 1.03941980e+02 1.73372523e+02 2.07811229e+02 3.06450373e+02 3.16447260e+02 4.16278400e+02 5.20160081e+02 6.24120746e+02 7.28103178e+02 6.70664118e-16 2.68133734e-16 6.83350123e-06 2.04142939e-14 8.04897225e-17 1.87346104e-16 6.05846943e-28 9.99991926e-01 1.36138119e-16 9.99667524e-01 6.85883992e-01 7.35761357e-01 9.97385362e-01 9.98756040e-01 9.99085407e-01 9.99217957e-01 2.74943434e-18 1.03705141e-18 1.40808814e-06 3.39725510e-07 3.39725510e-07 3.56292512e-03 3.56292512e-03 7.03757630e-05 8.52217113e-19 4.51576708e-04 1.27447452e-02 1.18608402e-02 1.26563660e-03 8.73283779e-04 7.48861985e-04 6.92496437e-04
2.11711712e-02 -2.06697975e+01 -2.06697975e+01 -2.50725135e-02 -6.80089687e-03 -6.80089063e-03 7.13254574e+01 7.13254574e+01 1.03941883e+02 1.73372523e+02 2.07809990e+02 3.06409176e+02 3.16477168e+02 4.16285237e+02 5.20166020e+02 6.24126884e+02 7.28109842e+02 1.30717394e-15 4.19247954e-16 6.88231195e-06 2.05506789e-14 4.97004958e-17 1.42005160e-16 6.06946132e-28 9.99991810e-01 8.69977085e-16 9.99662724e-01 6.85765549e-01 7.35984679e-01 9.97349031e-01 9.98738435e-01 9.99072336e-01 9.99206633e-01 3.05835848e-18 3.99379435e-18 1.40808814e-06 3.39725510e-07 3.39725510e-07 3.56292512e-03 3.56292512e-03 7.08791587e-05 2.11363316e-18 4.54823715e-04 1.27467000e-02 1.18565896e-02 1.27438773e-03 8.79437731e-04 7.54191845e-04 6.97490324e-04
2.13213213e-02 -2.06697975e+01 -2.06697975e+01 -2.50725149e-02 -6.80090107e-03 -6.80089579e-03 7.13254574e+01 7.13254574e+01 1.03941786e+02 1.73372523e+02 2.07808741e+02 3.06367944e+02 3.16507034e+02 4.16292120e+02 5.20171999e+02 6.24133065e+02 7.28116554e+02 1.41888386e-15 6.11934844e-16 6.93112267e-06 2.07453220e-14 1.37510508e-16 5.12025472e-24 1.28438287e-16 9.99991694e-01 5.54043019e-16 9.99657890e-01 6.85647608e-01 7.36208201e-01 9.97312474e-01 9.98720711e-01 9.99059173e-01 9.99195225e-01 3.71066738e-18 9.97936124e-19 1.40808814e-06 3.39725510e-07 3.39725510e-07 3.56292512e-03 3.56292512e-03 7.13825696e-05 3.99994992e-18 4.58071181e-04 1.27486459e-02 1.18523325e-02 1.28313281e-03 8.85589892e-04 7.59521280e-04 7.02485220e-04
2.14714715e-02 -2.06697975e+01 -2.06697975e+01 -2.50725137e-02 -6.80090737e-03 -6.80090162e-03 7.13254574e+01 7.13254574e+01 1.03941689e+02 1.73372523e+02 2.07807483e+02 3.06326676e+02 3.16536858e+02 4.16299048e+02 5.20178020e+02 6.24139289e+02 7.28123315e+02 1.76324737e-15 3.74181507e-16 6.97993340e-06 8.06086685e-17 2.08561328e-14 6.25283701e-28 9.15047967e-17 9.99991576e-01 3.53877938e-16 9.99653021e-01 6.85530168e-01 7.36431919e-01 9.97275692e-01 9.98702869e-01 9.99045918e-01 9.99183733e-01 1.95124810e-18 6.32216522e-19 1.40808814e-06 3.39725510e-07 3.39725510e-07 3.56292512e-03 3.56292512e-03 7.18859959e-05 3.30270905e-18 4.61319107e-04 1.27505829e-02 1.18480688e-02 1.29187181e-03 8.91740249e-04 7.64850287e-04 7.07481135e-04
2.16216216e-02 -2.06697975e+01 -2.06697975e+01 -2.50725142e-02 -6.80089489e-03 -6.80088881e-03 7.13254574e+01 7.13254574e+01 1.03941591e+02 1.73372523e+02 2.07806216e+02 3.06285373e+02 3.16566640e+02 4.16306023e+02 5.20184082e+02 6.24145558e+02 7.28130124e+02 5.94501887e-16 3.25398162e-16 7.02874412e-06 9.73263254e-17 2.09287919e-14 2.93735408e-16 6.37559762e-28 9.99991458e-01 1.36577389e-16 9.99648116e-01 6.85413229e-01 7.36655834e-01 9.97238684e-01 9.98684908e-01 9.99032572e-01 9.99172156e-01 3.59750586e-18 1.12546681e-18 1.40808814e-06 3.39725510e-07 3.39725510e-07 3.56292512e-03 3.56292512e-03 7.23894375e-05 1.15533016e-18 4.64567498e-04 1.27525110e-02 1.18437985e-02 1.30060468e-03 8.97888789e-04 7.70178861e-04 7.12478073e-04
2.17717718e-02 -2.06697975e+01 -2.06697975e+01 -2.50725144e-02 -6.80090538e-03 -6.80089287e-03 7.13254574e+01 7.13254574e+01 1.03941492e+02 1.73372523e+02 2.07804940e+02 3.06244035e+02 3.16596380e+02 4.16313043e+02 5.20190185e+02 6.24151869e+02 7.28136982e+02 3.93144559e-16 1.25242867e-15 7.07755484e-06 6.39006371e-17 1.01639159e-14 9.34575401e-17 6.39292917e-28 9.99991338e-01 2.83776632e-16 9.99643176e-01 6.85296793e-01 7.36879943e-01 9.97201452e-01 9.98666829e-01 9.99019133e-01 9.99160496e-01 1.39702433e-18 1.16304007e-18 1.40808814e-06 3.39725510e-07 3.39725510e-07 3.56292512e-03 3.56292512e-03 7.28928947e-05 5.00714327e-18 4.67816356e-04 1.27544302e-02 1.18395217e-02 1.30933139e-03 9.04035500e-04 7.75506999e-04 7.17476044e-04
2.19219219e-02 -2.06697975e+01 -2.06697975e+01 -2.50725130e-02 -6.80089031e-03 -6.80087610e-03 7.13254574e+01 7.13254574e+01 1.03941392e+02 1.73372523e+02 2.07803655e+02 3.06202661e+02 3.16626078e+02 4.16320109e+02 5.20196329e+02 6.24158224e+02 7.28143888e+02 5.97496082e-16 1.38148215e-15 7.12636557e-06 1.02461275e-14 7.28742536e-17 6.40165734e-28 2.43813469e-16 9.99991218e-01 2.97154770e-16 9.99638201e-01 6.85180860e-01 7.37104246e-01 9.97163997e-01 9.98648631e-01 9.99005603e-01 9.99148752e-01 2.74198573e-18 3.33047455e-18 1.40808814e-06 3.39725510e-07 3.39725510e-07 3.56292512e-03 3.56292512e-03 7.33963675e-05 4.39561699e-19 4.71065685e-04 1.27563405e-02 1.18352383e-02 1.31805190e-03 9.10180369e-04 7.80834698e-04 7.22475052e-04
2.20720721e-02 -2.06697975e+01 -2.06697975e+01 -2.50725130e-02 -6.80089408e-03 -6.80088483e-03 7.13254574e+01 7.13254574e+01 1.03941291e+02 1.73372523e+02 2.07802362e+02 3.06161252e+02 3.16655734e+02 4.16327221e+02 5.20202515e+02 6.24164622e+02 7.28150843e+02 1.07837106e-15 2.19499321e-15 7.17517629e-06 1.03556730e-14 9.15093491e-17 5.39045956e-24 2.12562572e-16 9.99991097e-01 4.59800224e-16 9.99633191e-01 6.85065430e-01 7.37328740e-01 9.97126318e-01 9.98630316e-01 9.98991982e-01 9.99136924e-01 1.94955434e-18 9.68442344e-19 1.40808814e-06 3.39725510e-07 3.39725510e-07 3.56292512e-03 3.56292512e-03 7.38998561e-05 5.35914667e-18 4.74315489e-04 1.27582419e-02 1.18309484e-02 1.32676617e-03 9.16323383e-04 7.86161953e-04 7.27475107e-04
2.22222222e-02 -2.06697975e+01 -2.06697975e+01 -2.50725144e-02 -6.80091169e-03 -6.80090270e-03 7.13254574e+01 7.13254574e+01 1.03941190e+02 1.73372523e+02 2.07801059e+02 3.06119808e+02 3.16685349e+02 4.16334378e+02 5.20208742e+02 6.24171064e+02 7.28157846e+02 3.40373049e-16 9.51804177e-16 7.22398701e-06 9.06904548e-17 1.72993549e-14 7.45565081e-17 6.41898221e-28 9.99990976e-01 2.08305692e-16 9.99628146e-01 6.84950504e-01 7.37553425e-01 9.97088417e-01 9.98611882e-01 9.98978268e-01 9.99125011e-01 3.38169086e-18 2.96709633e-18 1.40808814e-06 3.39725510e-07 3.39725510e-07 3.56292512e-03 3.56292512e-03 7.44033605e-05 8.11282517e-18 4.77565769e-04 1.27601344e-02 1.18266520e-02 1.33547417e-03 9.22464529e-04 7.91488762e-04 7.32476214e-04
2.23723724e-02 -2.06697975e+01 -2.06697975e+01 -2.50725138e-02 -6.80089304e-03 -6.80088484e-03 7.13254574e+01 7.13254574e+01 1.03941089e+02 1.73372523e+02 2.07799747e+02 3.06078328e+02 3.16714922e+02 4.16341581e+02 5.20215009e+02 6.24177549e+02 7.28164898e+02 3.41312725e-16 1.77760567e-15 7.27279774e-06 5.16827701e-17 1.05292350e-14 6.43315982e-28 1.88302185e-16 9.99990853e-01 3.19758771e-16 9.99623065e-01 6.84836082e-01 7.37778298e-01 9.97050295e-01 9.98593331e-01 9.98964463e-01 9.99113014e-01 2.77052785e-18 3.17957910e-18 1.40808814e-06 3.39725510e-07 3.39725510e-07 3.56292512e-03 3.56292512e-03 7.49068809e-05 7.10563181e-18 4.80816529e-04 1.27620180e-02 1.18223491e-02 1.34417585e-03 9.28603795e-04 7.96815120e-04 7.37478380e-04
2.25225225e-02 -2.06697975e+01 -2.06697975e+01 -2.50725130e-02 -6.80090339e-03 -6.80089989e-03 7.13254574e+01 7.13254574e+01 1.03940986e+02 1.73372523e+02 2.07798427e+02 3.06036814e+02 3.16744452e+02 4.16348830e+02 5.20221318e+02 6.24184078e+02 7.28171999e+02 1.85299199e-16 4.09515839e-16 7.32160846e-06 1.06263068e-14 1.02859361e-16 6.44190708e-28 2.47987458e-16 9.99990730e-01 4.95699686e-16 9.99617950e-01 6.84722164e-01 7.38003359e-01 9.97011951e-01 9.98574662e-01 9.98950567e-01 9.99100933e-01 1.37341212e-18 1.22431839e-18 1.40808814e-06 3.39725510e-07 3.39725510e-07 3.56292512e-03 3.56292512e-03 7.54104173e-05 8.50687948e-18 4.84067774e-04 1.27638927e-02 1.18180398e-02 1.35287118e-03 9.34741167e-04 8.02141024e-04 7.42481613e-04
2.26726727e-02 -2.06697975e+01 -2.06697975e+01 -2.50725140e-02 -6.80089067e-03 -6.80088427e-03 7.13254574e+01 7.13254574e+01 1.03940883e+02 1.73372523e+02 2.07797097e+02 3.05995264e+02 3.16773941e+02 4.16356123e+02 5.20227668e+02 6.24190650e+02 7.28179148e+02 1.23463999e-15 2.25065687e-15 7.37041918e-06 1.06536277e-14 1.31078095e-16 6.67976536e-28 1.65390100e-16 9.99990606e-01 5.23065063e-16 9.99612798e-01 6.84608751e-01 7.38228606e-01 9.96973388e-01 9.98555876e-01 9.98936579e-01 9.99088767e-01 3.18022662e-19 1.24327841e-18 1.40808814e-06 3.39725510e-07 3.39725510e-07 3.56292512e-03 3.56292512e-03 7.59139699e-05 3.89724699e-18 4.87319505e-04 1.27657585e-02 1.18137240e-02 1.36156011e-03 9.40876633e-04 8.07466470e-04 7.47485920e-04
2.28228228e-02 -2.06697975e+01 -2.06697975e+01 -2.50725145e-02 -6.80089090e-03 -6.80088957e-03 7.13254574e+01 7.13254574e+01 1.03940779e+02 1.73372523e+02 2.07795758e+02 3.05953680e+02 3.16803388e+02 4.16363462e+02 5.20234059e+02 6.24197266e+02 7.28186346e+02 2.67529176e-15 9.10725204e-16 7.41922990e-06 2.85595696e-16 1.77498971e-14 6.68326549e-28 8.58375263e-17 9.99990481e-01 3.42964801e-16 9.99607612e-01 6.84495843e-01 7.38454038e-01 9.96934604e-01 9.98536972e-01 9.98922499e-01 9.99076517e-01 1.91844220e-18 6.98310158e-19 1.40808814e-06 3.39725510e-07 3.39725510e-07 3.56292512e-03 3.56292512e-03 7.64175388e-05 9.52583449e-18 4.90571726e-04 1.27676155e-02 1.18094017e-02 1.37024262e-03 9.47010181e-04 8.12791454e-04 7.52491308e-04
2.29729730e-02 -2.06697975e+01 -2.06697975e+01 -2.50725138e-02 -6.80089709e-03 -6.80088681e-03 7.13254574e+01 7.13254574e+01 1.03940675e+02 1.73372523e+02 2.07794411e+02 3.05912060e+02 3.16832794e+02 4.16370847e+02 5.20240491e+02 6.24203925e+02 7.28193592e+02 3.07810107e-16 5.97107473e-16 7.46804063e-06 1.07520862e-14 7.97919845e-17 2.57119537e-16 6.74855018e-28 9.99990355e-01 4.34892244e-16 9.99602390e-01 6.84383442e-01 7.38679653e-01 9.96895602e-01 9.98517952e-01 9.98908328e-01 9.99064182e-01 4.06241092e-18 2.71578095e-18 1.40808814e-06 3.39725510e-07 3.39725510e-07 3.56292512e-03 3.56292512e-03 7.69211242e-05 3.98818826e-18 4.93824441e-04 1.27694635e-02 1.18050731e-02 1.37891867e-03 9.53141797e-04 8.18115973e-04 7.57497783e-04
2.31231231e-02 -2.06697975e+01 -2.06697975e+01 -2.50725137e-02 -6.80090707e-03 -6.80089738e-03 7.13254574e+01 7.13254574e+01 1.03940569e+02 1.73372523e+02 2.07793054e+02 3.05870406e+02 3.16862157e+02 4.16378276e+02 5.20246964e+02 6.24210627e+02 7.28200887e+02 1.06593478e-15 5.25901447e-16 7.51685135e-06 3.79908542e-17 1.08132795e-14 8.12727284e-17 6.75731443e-28 9.99990228e-01 3.76028629e-16 9.99597133e-01 6.84271546e-01 7.38905449e-01 9.96856382e-01 9.98498814e-01 9.98894065e-01 9.99051762e-01 3.24472098e-18 1.29896939e-18 1.40808814e-06 3.39725510e-07 3.39725510e-07 3.56292512e-03 3.56292512e-03 7.74247260e-05 8.68876200e-18 4.97077653e-04 1.27713027e-02 1.18007380e-02 1.38758821e-03 9.59271468e-04 8.23440023e-04 7.62505353e-04
2.32732733e-02 -2.06697975e+01 -2.06697975e+01 -2.50725135e-02 -6.80090144e-03 -6.80090059e-03 7.13254574e+01 7.13254574e+01 1.03940464e+02 1.73372523e+02 2.07791688e+02 3.05828717e+02 3.16891479e+02 4.16385751e+02 5.20253478e+02 6.24217373e+02 7.28208231e+02 1.10188456e-15 6.83273199e-16 7.56566207e-06 1.09089382e-14 2.81680471e-16 6.76608153e-28 3.34611090e-16 9.99990100e-01 4.22236542e-16 9.99591841e-01 6.84160157e-01 7.39131426e-01 9.96816944e-01 9.98479559e-01 9.98879711e-01 9.99039258e-01 4.14188359e-18 7.83282145e-19 1.40808814e-06 3.39725510e-07 3.39725510e-07 3.56292512e-03 3.56292512e-03 7.79283444e-05 3.48620434e-19 5.00331364e-04 1.27731329e-02 1.17963966e-02 1.39625121e-03 9.65399183e-04 8.28763600e-04 7.67514024e-04
2.34234234e-02 -2.06697975e+01 -2.06697975e+01 -2.50725132e-02 -6.80090548e-03 -6.80089693e-03 7.13254574e+01 7.13254574e+01 1.03940357e+02 1.73372523e+02 2.07790314e+02 3.05786992e+02 3.16920758e+02 4.16393271e+02 5.20260033e+02 6.24224162e+02 7.28215624e+02 2.43773155e-16 4.65938533e-16 7.61447280e-06 4.64549980e-17 1.09526540e-14 3.07705028e-16 6.77485149e-28 9.99989972e-01 2.64676099e-16 9.99586513e-01 6.84049275e-01 7.39357582e-01 9.96777289e-01 9.98460188e-01 9.98865265e-01 9.99026669e-01 4.84342099e-18 2.50837435e-18 1.40808814e-06 3.39725510e-07 3.39725510e-07 3.56292512e-03 3.56292512e-03 7.84319795e-05 1.11327925e-18 5.03585578e-04 1.27749543e-02 1.17920487e-02 1.40490764e-03 9.71524927e-04 8.34086701e-04 7.72523804e-04
2.35735736e-02 -2.06697975e+01 -2.06697975e+01 -2.50725157e-02 -6.80089125e-03 -6.80088464e-03 7.13254574e+01 7.13254574e+01 1.03940250e+02 1.73372523e+02 2.07788930e+02 3.05745234e+02 3.16949996e+02 4.16400836e+02 5.20266629e+02 6.24230994e+02 7.28223066e+02 5.95177336e-16 1.99080983e-16 7.66328352e-06 1.71156360e-16 4.49961311e-14 6.79302018e-28 1.50099730e-16 9.99989843e-01 3.85399014e-16 9.99581150e-01 6.83938900e-01 7.39583916e-01 9.96737418e-01 9.98440700e-01 9.98850728e-01 9.99013995e-01 1.48325034e-18 2.77599649e-18 1.40808814e-06 3.39725510e-07 3.39725510e-07 3.56292512e-03 3.56292512e-03 7.89356315e-05 7.42674743e-19 5.06840298e-04 1.27767668e-02 1.17876946e-02 1.41355745e-03 9.77648689e-04 8.39409322e-04 7.77534700e-04
2.37237237e-02 -2.06697975e+01 -2.06697975e+01 -2.50725135e-02 -6.80088459e-03 -6.80087938e-03 7.13254574e+01 7.13254574e+01 1.03940142e+02 1.73372523e+02 2.07787537e+02 3.05703440e+02 3.16979193e+02 4.16408446e+02 5.20273266e+02 6.24237870e+02 7.28230556e+02 2.81996561e-16 6.26281506e-16 7.71209424e-06 2.43273424e-16 6.01655618e-14 6.79094284e-28 1.60696676e-16 9.99989713e-01 2.80648338e-16 9.99575751e-01 6.83829033e-01 7.39810426e-01 9.96697332e-01 9.98421095e-01 9.98836100e-01 9.99001236e-01 4.32552918e-18 2.15314597e-18 1.40808814e-06 3.39725510e-07 3.39725510e-07 3.56292512e-03 3.56292512e-03 7.94393004e-05 8.50687948e-18 5.10095528e-04 1.27785704e-02 1.17833341e-02 1.42220060e-03 9.83770455e-04 8.44731458e-04 7.82546719e-04
2.38738739e-02 -2.06697975e+01 -2.06697975e+01 -2.50725142e-02 -6.80089597e-03 -6.80088912e-03 7.13254574e+01 7.13254574e+01 1.03940033e+02 1.73372523e+02 2.07786136e+02 3.05661612e+02 3.17008347e+02 4.16416101e+02 5.20279943e+02 6.24244790e+02 7.28238095e+02 9.65116361e-16 4.58521272e-16 7.76090497e-06 1.33432783e-16 4.55812215e-14 6.81536995e-28 3.12713920e-16 9.99989582e-01 5.70246680e-16 9.99570317e-01 6.83719674e-01 7.40037110e-01 9.96657031e-01 9.98401374e-01 9.98821381e-01 9.98988392e-01 1.25608679e-18 5.28616946e-18 1.40808814e-06 3.39725510e-07 3.39725510e-07 3.56292512e-03 3.56292512e-03 7.99429863e-05 1.24686995e-19 5.13351271e-04 1.27803651e-02 1.17789672e-02 1.43083707e-03 9.89890213e-04 8.50053107e-04 7.87559867e-04
2.40240240e-02 -2.06697975e+01 -2.06697975e+01 -2.50725144e-02 -6.80089439e-03 -6.80089428e-03 7.13254574e+01 7.13254574e+01 1.03939924e+02 1.73372523e+02 2.07784725e+02 3.05619749e+02 3.17037460e+02 4.16423800e+02 5.20286662e+02 6.24251752e+02 7.28245683e+02 2.21113616e-16 1.60634794e-16 7.80971569e-06 4.02607623e-27 2.36417501e-27 6.76344918e-45 7.61891820e-27 9.99989450e-01 7.04926308e-16 9.99564848e-01 6.83610824e-01 7.40263968e-01 9.96616516e-01 9.98381538e-01 9.98806570e-01 9.98975463e-01 4.76601445e-18 5.06198082e-18 1.40808814e-06 3.39725510e-07 3.39725510e-07 3.56292512e-03 3.56292512e-03 8.04466894e-05 7.88205228e-18 5.16607530e-04 1.27821510e-02 1.17745941e-02 1.43946681e-03 9.96007951e-04 8.55374264e-04 7.92574152e-04
2.41741742e-02 -2.06697975e+01 -2.06697975e+01 -2.50725140e-02 -6.80090284e-03 -6.80088107e-03 7.13254574e+01 7.13254574e+01 1.03939814e+02 1.73372523e+02 2.07783305e+02 3.05577852e+02 3.17066531e+02 4.16431545e+02 5.20293421e+02 6.24258758e+02 7.28253320e+02 2.05305142e-15 4.09108810e-16 7.85852641e-06 9.84218146e-17 4.60854458e-14 6.83856543e-28 1.42010150e-16 9.99989318e-01 8.77840278e-16 9.99559343e-01 6.83502482e-01 7.40490998e-01 9.96575788e-01 9.98361585e-01 9.98791668e-01 9.98962448e-01 3.33987611e-18 1.93279069e-18 1.40808814e-06 3.39725510e-07 3.39725510e-07 3.56292512e-03 3.56292512e-03 8.09504098e-05 3.63618486e-18 5.19864307e-04 1.27839280e-02 1.17702147e-02 1.44808980e-03 1.00212365e-03 8.60694925e-04 7.97589580e-04
2.43243243e-02 -2.06697975e+01 -2.06697975e+01 -2.50725151e-02 -6.80089967e-03 -6.80089525e-03 7.13254574e+01 7.13254574e+01 1.03939703e+02 1.73372523e+02 2.07781876e+02 3.05535921e+02 3.17095560e+02 4.16439334e+02 5.20300222e+02 6.24265808e+02 7.28261005e+02 1.03885621e-15 9.04943239e-16 7.90733713e-06 2.35882258e-16 4.64619776e-14 5.96758657e-24 1.10351922e-16 9.99989184e-01 3.66636246e-16 9.99553802e-01 6.83394650e-01 7.40718198e-01 9.96534848e-01 9.98341516e-01 9.98776674e-01 9.98949349e-01 3.95787217e-18 6.68057583e-19 1.40808814e-06 3.39725510e-07 3.39725510e-07 3.56292512e-03 3.56292512e-03 8.14541475e-05 3.66647411e-18 5.23121608e-04 1.27856961e-02 1.17658290e-02 1.45670598e-03 1.00823731e-03 8.66015087e-04 8.02606159e-04
2.44744745e-02 -2.06697975e+01 -2.06697975e+01 -2.50725140e-02 -6.80089631e-03 -6.80088777e-03 7.13254574e+01 7.13254574e+01 1.03939592e+02 1.73372523e+02 2.07780439e+02 3.05493954e+02 3.17124547e+02 4.16447168e+02 5.20307063e+02 6.24272901e+02 7.28268740e+02 5.85562383e-16 3.78999458e-16 7.95614786e-06 1.44991559e-16 3.13515522e-14 7.35079023e-28 3.03651266e-16 9.99989050e-01 6.03177128e-16 9.99548226e-01 6.83287327e-01 7.40945568e-01 9.96493695e-01 9.98321332e-01 9.98761590e-01 9.98936164e-01 2.23602127e-18 2.27462619e-18 1.40808814e-06 3.39725510e-07 3.39725510e-07 3.56292512e-03 3.56292512e-03 8.19579027e-05 8.32499695e-18 5.26379434e-04 1.27874553e-02 1.17614371e-02 1.46531532e-03 1.01434891e-03 8.71334747e-04 8.07623896e-04
2.46246246e-02 -2.06697975e+01 -2.06697975e+01 -2.50725145e-02 -6.80089911e-03 -6.80089904e-03 7.13254574e+01 7.13254574e+01 1.03939480e+02 1.73372523e+02 2.07778992e+02 3.05451954e+02 3.17153493e+02 4.16455046e+02 5.20313944e+02 6.24280037e+02 7.28276523e+02 1.30247618e-16 5.95953470e-16 8.00495858e-06 9.95212777e-15 3.00588220e-14 3.29520393e-16 6.22472886e-24 9.99988915e-01 3.74900838e-16 9.99542614e-01 6.83180514e-01 7.41173105e-01 9.96452332e-01 9.98301032e-01 9.98746414e-01 9.98922893e-01 2.08057139e-18 7.65876913e-19 1.40808814e-06 3.39725510e-07 3.39725510e-07 3.56292512e-03 3.56292512e-03 8.24616755e-05 5.12837379e-18 5.29637788e-04 1.27892056e-02 1.17570389e-02 1.47391779e-03 1.02045843e-03 8.76653899e-04 8.12642797e-04
2.47747748e-02 -2.06697975e+01 -2.06697975e+01 -2.50725138e-02 -6.80089067e-03 -6.80088976e-03 7.13254574e+01 7.13254574e+01 1.03939367e+02 1.73372523e+02 2.07777536e+02 3.05409919e+02 3.17182397e+02 4.16462969e+02 5.20320867e+02 6.24287216e+02 7.28284356e+02 2.80174140e-16 2.88015739e-16 8.05376930e-06 8.06153488e-16 3.18300063e-14 2.81839229e-16 6.23249971e-24 9.99988779e-01 8.40854135e-16 9.99536967e-01 6.83074212e-01 7.41400808e-01 9.96410758e-01 9.98280617e-01 9.98731147e-01 9.98909537e-01 2.74377736e-19 5.17044906e-19 1.40808814e-06 3.39725510e-07 3.39725510e-07 3.56292512e-03 3.56292512e-03 8.29654660e-05 2.99730078e-19 5.32896675e-04 1.27909471e-02 1.17526346e-02 1.48251336e-03 1.02656587e-03 8.81972540e-04 8.17662870e-04
2.49249249e-02 -2.06697975e+01 -2.06697975e+01 -2.50725147e-02 -6.80088730e-03 -6.80088163e-03 7.13254574e+01 7.13254574e+01 1.03939253e+02 1.73372523e+02 2.07776071e+02 3.05367850e+02 3.17211260e+02 4.16470937e+02 5.20327830e+02 6.24294439e+02 7.28292238e+02 1.01017242e-15 1.23349714e-16 8.10258003e-06 3.20603540e-14 1.05757294e-16 2.03091316e-16 7.40304519e-28 9.99988643e-01 2.64220613e-16 9.99531284e-01 6.82968420e-01 7.41628676e-01 9.96368974e-01 9.98260087e-01 9.98715789e-01 9.98896096e-01 1.02542677e-18 2.64321879e-18 1.40808814e-06 3.39725510e-07 3.39725510e-07 3.56292512e-03 3.56292512e-03 8.34692743e-05 6.70334584e-19 5.36156097e-04 1.27926797e-02 1.17482240e-02 1.49110198e-03 1.03267122e-03 8.87290667e-04 8.22684121e-04
2.50750751e-02 -2.06697975e+01 -2.06697975e+01 -2.50725152e-02 -6.80090147e-03 -6.80090034e-03 7.13254574e+01 7.13254574e+01 1.03939139e+02 1.73372523e+02 2.07774597e+02 3.05325747e+02 3.17240080e+02 4.16478949e+02 5.20334834e+02 6.24301705e+02 7.28300168e+02 3.41106521e-16 5.69467354e-16 8.15139075e-06 3.22082602e-14 6.57423256e-16 7.41198495e-28 2.73822236e-16 9.99988505e-01 3.34256409e-16 9.99525566e-01 6.82863138e-01 7.41856707e-01 9.96326982e-01 9.98239442e-01 9.98700341e-01 9.98882568e-01 5.99459777e-19 3.34904185e-18 1.40808814e-06 3.39725510e-07 3.39725510e-07 3.56292512e-03 3.56292512e-03 8.39731005e-05 8.47659023e-18 5.39416058e-04 1.27944034e-02 1.17438073e-02 1.49968361e-03 1.03877445e-03 8.92608275e-04 8.27706558e-04
2.52252252e-02 -2.06697975e+01 -2.06697975e+01 -2.50725144e-02 -6.80090304e-03 -6.80089530e-03 7.13254574e+01 7.13254574e+01 1.03939024e+02 1.73372523e+02 2.07773114e+02 3.05283610e+02 3.17268859e+02 4.16487005e+02 5.20341878e+02 6.24309015e+02 7.28308148e+02 3.79929675e-16 4.23451245e-16 8.20020147e-06 1.50370484e-16 3.24027628e-14 7.42092780e-28 9.40035715e-17 9.99988367e-01 6.75810373e-16 9.99519811e-01 6.82758369e-01 7.42084901e-01 9.96284782e-01 9.98218682e-01 9.98684801e-01 9.98868955e-01 1.84090144e-18 1.37640575e-18 1.40808814e-06 3.39725510e-07 3.39725510e-07 3.56292512e-03 3.56292512e-03 8.44769447e-05 1.98064099e-18 5.42676560e-04 1.27961183e-02 1.17393844e-02 1.50825824e-03 1.04487556e-03 8.97925361e-04 8.32730187e-04
2.53753754e-02 -2.06697975e+01 -2.06697975e+01 -2.50725137e-02 -6.80090211e-03 -6.80089365e-03 7.13254574e+01 7.13254574e+01 1.03938909e+02 1.73372523e+02 2.07771622e+02 3.05241439e+02 3.17297597e+02 4.16495106e+02 5.20348964e+02 6.24316368e+02 7.28316176e+02 2.88092879e-16 3.21642558e-16 8.24901220e-06 1.83856976e-16 3.26404739e-14 6.26364353e-24 1.20012664e-16 9.99988227e-01 2.58874322e-16 9.99514022e-01 6.82654111e-01 7.42313255e-01 9.96242374e-01 9.98197807e-01 9.98669170e-01 9.98855257e-01 2.04226866e-18 5.50340330e-19 1.40808814e-06 3.39725510e-07 3.39725510e-07 3.56292512e-03 3.56292512e-03 8.49808071e-05 6.21444228e-19 5.45937607e-04 1.27978243e-02 1.17349553e-02 1.51682580e-03 1.05097453e-03 9.03241920e-04 8.37755016e-04
2.55255255e-02 -2.06697975e+01 -2.06697975e+01 -2.50725141e-02 -6.80089439e-03 -6.80089428e-03 7.13254574e+01 7.13254574e+01 1.03938793e+02 1.73372523e+02 2.07770121e+02 3.05199233e+02 3.17326293e+02 4.16503250e+02 5.20356089e+02 6.24323764e+02 7.28324254e+02 3.35657816e-16 2.23849148e-16 8.29782292e-06 4.28006553e-27 2.51332150e-27 7.18616475e-45 8.09956576e-27 9.99988087e-01 1.53102561e-15 9.99508196e-01 6.82550364e-01 7.42541768e-01 9.96199759e-01 9.98176818e-01 9.98653448e-01 9.98841472e-01 4.78004563e-19 5.37660949e-19 1.40808814e-06 3.39725510e-07 3.39725510e-07 3.56292512e-03 3.56292512e-03 8.54846876e-05 7.57966397e-20 5.49199203e-04 1.27995215e-02 1.17305202e-02 1.52538628e-03 1.05707135e-03 9.08557949e-04 8.42781051e-04
2.56756757e-02 -2.06697975e+01 -2.06697975e+01 -2.50725139e-02 -6.80089233e-03 -6.80087949e-03 7.13254574e+01 7.13254574e+01 1.03938676e+02 1.73372523e+02 2.07768611e+02 3.05156994e+02 3.17354947e+02 4.16511439e+02 5.20363256e+02 6.24331203e+02 7.28332381e+02 4.49051264e-16 3.38390404e-16 8.34663364e-06 7.07795528e-17 3.29727074e-14 7.44777495e-28 1.57672144e-16 9.99987947e-01 4.24133034e-16 9.99502335e-01 6.82447130e-01 7.42770439e-01 9.96156939e-01 9.98155714e-01 9.98637635e-01 9.98827601e-01 3.23245234e-18 8.92140350e-19 1.40808814e-06 3.39725510e-07 3.39725510e-07 3.56292512e-03 3.56292512e-03 8.59885866e-05 8.38564896e-18 5.52461350e-04 1.28012098e-02 1.17260789e-02 1.53393963e-03 1.06316602e-03 9.13873443e-04 8.47808299e-04
2.58258258e-02 -2.06697975e+01 -2.06697975e+01 -2.50725141e-02 -6.80089970e-03 -6.80089531e-03 7.13254574e+01 7.13254574e+01 1.03938558e+02 1.73372523e+02 2.07767092e+02 3.05114721e+02 3.17383559e+02 4.16519672e+02 5.20370463e+02 6.24338686e+02 7.28340557e+02 1.35280753e-15 1.28408984e-15 8.39544436e-06 1.93700111e-16 3.32246538e-14 7.45740372e-28 3.41348907e-16 9.99987805e-01 1.57804393e-16 9.99496438e-01 6.82344409e-01 7.42999266e-01 9.96113913e-01 9.98134496e-01 9.98621731e-01 9.98813644e-01 1.50124373e-18 7.85468862e-19 1.40808814e-06 3.39725510e-07 3.39725510e-07 3.56292512e-03 3.56292512e-03 8.64925039e-05 6.70334584e-19 5.55724051e-04 1.28028892e-02 1.17216315e-02 1.54248582e-03 1.06925851e-03 9.19188399e-04 8.52836768e-04
2.59759760e-02 -2.06697975e+01 -2.06697975e+01 -2.50725144e-02 -6.80090244e-03 -6.80089047e-03 7.13254574e+01 7.13254574e+01 1.03938440e+02 1.73372523e+02 2.07765563e+02 3.05072414e+02 3.17412130e+02 4.16527950e+02 5.20377710e+02 6.24346212e+02 7.28348782e+02 1.62004393e-16 3.01224449e-16 8.44425509e-06 3.33809147e-14 1.23909411e-16 6.29562576e-24 2.59133651e-16 9.99987662e-01 3.09924692e-16 9.99490505e-01 6.82242200e-01 7.43228249e-01 9.96070683e-01 9.98113164e-01 9.98605737e-01 9.98799601e-01 1.93690359e-18 1.23601519e-18 1.40808814e-06 3.39725510e-07 3.39725510e-07 3.56292512e-03 3.56292512e-03 8.69964399e-05 4.91620201e-18 5.58987311e-04 1.28045598e-02 1.17171780e-02 1.55102482e-03 1.07534881e-03 9.24502813e-04 8.57866463e-04
2.61261261e-02 -2.06697975e+01 -2.06697975e+01 -2.50725143e-02 -6.80090059e-03 -6.80089332e-03 7.13254574e+01 7.13254574e+01 1.03938321e+02 1.73372523e+02 2.07764026e+02 3.05030073e+02 3.17440660e+02 4.16536271e+02 5.20384998e+02 6.24353782e+02 7.28357056e+02 8.62589905e-16 2.31506702e-16 8.49306581e-06 3.35835734e-14 1.03598935e-16 9.94962801e-17 6.31913820e-24 9.99987519e-01 1.70054062e-16 9.99484536e-01 6.82140505e-01 7.43457385e-01 9.96027250e-01 9.98091719e-01 9.98589651e-01 9.98785472e-01 2.01437588e-18 3.66809620e-18 1.40808814e-06 3.39725510e-07 3.39725510e-07 3.56292512e-03 3.56292512e-03 8.75003945e-05 1.37717019e-17 5.62251131e-04 1.28062215e-02 1.17127185e-02 1.55955658e-03 1.08143691e-03 9.29816681e-04 8.62897393e-04
2.62762763e-02 -2.06697975e+01 -2.06697975e+01 -2.50725139e-02 -6.80089318e-03 -6.80089112e-03 7.13254574e+01 7.13254574e+01 1.03938201e+02 1.73372523e+02 2.07762480e+02 3.04987698e+02 3.17469147e+02 4.16544635e+02 5.20392327e+02 6.24361394e+02 7.28365380e+02 1.43581527e-15 5.32553800e-16 8.54187653e-06 3.45815037e-16 3.38077288e-14 7.54647915e-28 9.06892310e-17 9.99987375e-01 4.08802578e-16 9.99478532e-01 6.82039323e-01 7.43686673e-01 9.95983614e-01 9.98070159e-01 9.98573475e-01 9.98771256e-01 6.08325719e-19 8.05523708e-19 1.40808814e-06 3.39725510e-07 3.39725510e-07 3.56292512e-03 3.56292512e-03 8.80043679e-05 1.98064099e-18 5.65515516e-04 1.28078744e-02 1.17082530e-02 1.56808108e-03 1.08752280e-03 9.35129999e-04 8.67929564e-04
2.64264264e-02 -2.06697975e+01 -2.06697975e+01 -2.50725129e-02 -6.80090131e-03 -6.80090093e-03 7.13254574e+01 7.13254574e+01 1.03938081e+02 1.73372523e+02 2.07760924e+02 3.04945290e+02 3.17497594e+02 4.16553044e+02 5.20399696e+02 6.24369050e+02 7.28373753e+02 5.49425556e-16 1.82555121e-15 8.59068726e-06 1.74387917e-14 1.01863837e-15 9.20678268e-17 7.56767042e-28 9.99987230e-01 4.51937862e-16 9.99472492e-01 6.81938655e-01 7.43916111e-01 9.95939775e-01 9.98048487e-01 9.98557208e-01 9.98756954e-01 2.01311692e-18 7.42438247e-19 1.40808814e-06 3.39725510e-07 3.39725510e-07 3.56292512e-03 3.56292512e-03 8.85083601e-05 7.88205228e-18 5.68780468e-04 1.28095184e-02 1.17037814e-02 1.57659827e-03 1.09360646e-03 9.40442762e-04 8.72962983e-04
2.65765766e-02 -2.06697975e+01 -2.06697975e+01 -2.50725149e-02 -6.80090975e-03 -6.80088161e-03 7.13254574e+01 7.13254574e+01 1.03937960e+02 1.73372523e+02 2.07759359e+02 3.04902848e+02 3.17525999e+02 4.16561497e+02 5.20407105e+02 6.24376749e+02 7.28382175e+02 2.25877269e-16 3.17614379e-16 8.63949798e-06 1.66093166e-16 3.41459711e-14 6.34325840e-24 1.48823944e-16 9.99987084e-01 2.32478578e-16 9.99466415e-01 6.81838500e-01 7.44145699e-01 9.95895735e-01 9.98026700e-01 9.98540851e-01 9.98742566e-01 2.04443838e-18 7.50044409e-19 1.40808814e-06 3.39725510e-07 3.39725510e-07 3.56292512e-03 3.56292512e-03 8.90123714e-05 1.06438889e-18 5.72045991e-04 1.28111536e-02 1.16993039e-02 1.58510812e-03 1.09968788e-03 9.45754967e-04 8.77997657e-04
2.67267267e-02 -2.06697975e+01 -2.06697975e+01 -2.50725144e-02 -6.80089669e-03 -6.80089531e-03 7.13254574e+01 7.13254574e+01 1.03937838e+02 1.73372523e+02 2.07757786e+02 3.04860373e+02 3.17554362e+02 4.16569993e+02 5.20414555e+02 6.24384492e+02 7.28390646e+02 1.81354241e-16 3.95786348e-16 8.68830870e-06 5.64125111e-16 3.43249896e-14 1.18163375e-16 8.03026590e-28 9.99986937e-01 1.50491471e-16 9.99460303e-01 6.81738860e-01 7.44375435e-01 9.95851495e-01 9.98004801e-01 9.98524403e-01 9.98728091e-01 1.21236738e-18 3.32259111e-18 1.40808814e-06 3.39725510e-07 3.39725510e-07 3.56292512e-03 3.56292512e-03 8.95164017e-05 5.41979869e-18 5.75312088e-04 1.28127799e-02 1.16948203e-02 1.59361060e-03 1.10576706e-03 9.51066609e-04 8.83033592e-04
2.68768769e-02 -2.06697975e+01 -2.06697975e+01 -2.50725138e-02 -6.80090680e-03 -6.80088622e-03 7.13254574e+01 7.13254574e+01 1.03937716e+02 1.73372523e+02 2.07756203e+02 3.04817864e+02 3.17582683e+02 4.16578533e+02 5.20422045e+02 6.24392278e+02 7.28399167e+02 4.20247002e-16 7.93905864e-16 8.73711943e-06 3.46662944e-14 5.88876218e-17 8.03925251e-28 1.47069323e-16 9.99986790e-01 4.47662791e-16 9.99454155e-01 6.81639735e-01 7.44605318e-01 9.95807055e-01 9.97982789e-01 9.98507864e-01 9.98713529e-01 4.84752266e-18 5.00602810e-18 1.40808814e-06 3.39725510e-07 3.39725510e-07 3.56292512e-03 3.56292512e-03 9.00204513e-05 2.49599932e-18 5.78578762e-04 1.28143974e-02 1.16903308e-02 1.60210568e-03 1.11184397e-03 9.56377685e-04 8.88070797e-04
2.70270270e-02 -2.06697975e+01 -2.06697975e+01 -2.50725142e-02 -6.80089775e-03 -6.80089126e-03 7.13254574e+01 7.13254574e+01 1.03937593e+02 1.73372523e+02 2.07754611e+02 3.04775321e+02 3.17610964e+02 4.16587116e+02 5.20429576e+02 6.24400107e+02 7.28407737e+02 1.54309426e-15 4.82393686e-16 8.78593015e-06 1.78656070e-14 5.62741130e-17 8.06066639e-28 1.57200895e-16 9.99986641e-01 2.42034734e-16 9.99447972e-01 6.81541125e-01 7.44835345e-01 9.95762415e-01 9.97960664e-01 9.98491234e-01 9.98698880e-01 2.98943507e-18 5.10332479e-18 1.40808814e-06 3.39725510e-07 3.39725510e-07 3.56292512e-03 3.56292512e-03 9.05245202e-05 2.25346478e-18 5.81846016e-04 1.28160061e-02 1.16858354e-02 1.61059331e-03 1.11791860e-03 9.61688191e-04 8.93109277e-04
2.71771772e-02 -2.06697975e+01 -2.06697975e+01 -2.50725143e-02 -6.80090807e-03 -6.80089680e-03 7.13254574e+01 7.13254574e+01 1.03937469e+02 1.73372523e+02 2.07753010e+02 3.04732745e+02 3.17639202e+02 4.16595743e+02 5.20437147e+02 6.24407979e+02 7.28416357e+02 4.78612603e-16 7.23554933e-16 8.83474087e-06 4.77574104e-17 1.80318549e-14 2.10592180e-16 6.82332402e-24 9.99986492e-01 3.23985923e-16 9.99441752e-01 6.81443029e-01 7.45065517e-01 9.95717578e-01 9.97938426e-01 9.98474515e-01 9.98684145e-01 9.05156088e-19 6.94333767e-19 1.40808814e-06 3.39725510e-07 3.39725510e-07 3.56292512e-03 3.56292512e-03 9.10286085e-05 4.53383584e-18 5.85113854e-04 1.28176059e-02 1.16813340e-02 1.61907346e-03 1.12399094e-03 9.66998122e-04 8.98149040e-04
2.73273273e-02 -2.06697975e+01 -2.06697975e+01 -2.50725131e-02 -6.80091222e-03 -6.80088763e-03 7.13254574e+01 7.13254574e+01 1.03937344e+02 1.73372523e+02 2.07751400e+02 3.04690136e+02 3.17667400e+02 4.16604413e+02 5.20444758e+02 6.24415894e+02 7.28425026e+02 3.08815029e-16 1.58429835e-16 8.88355160e-06 2.52743552e-16 3.51137628e-14 2.50926069e-16 6.82098107e-24 9.99986342e-01 4.07658200e-16 9.99435496e-01 6.81345449e-01 7.45295830e-01 9.95672543e-01 9.97916076e-01 9.98457704e-01 9.98669322e-01 3.06842011e-18 2.78627937e-18 1.40808814e-06 3.39725510e-07 3.39725510e-07 3.56292512e-03 3.56292512e-03 9.15327164e-05 5.03743252e-18 5.88382279e-04 1.28191969e-02 1.16768267e-02 1.62754610e-03 1.13006098e-03 9.72307474e-04 9.03190092e-04
2.74774775e-02 -2.06697975e+01 -2.06697975e+01 -2.50725127e-02 -6.80090298e-03 -6.80089599e-03 7.13254574e+01 7.13254574e+01 1.03937219e+02 1.73372523e+02 2.07749781e+02 3.04647494e+02 3.17695556e+02 4.16613127e+02 5.20452409e+02 6.24423853e+02 7.28433744e+02 7.37745441e-16 8.52670018e-16 8.93236232e-06 3.53349895e-14 1.81111823e-16 6.82891862e-24 1.14228563e-16 9.99986191e-01 4.86241347e-16 9.99429204e-01 6.81248385e-01 7.45526285e-01 9.95627311e-01 9.97893613e-01 9.98440803e-01 9.98654413e-01 8.98000044e-19 1.24094563e-18 1.40808814e-06 3.39725510e-07 3.39725510e-07 3.56292512e-03 3.56292512e-03 9.20368439e-05 9.88959955e-18 5.91651294e-04 1.28207791e-02 1.16723135e-02 1.63601120e-03 1.13612871e-03 9.77616243e-04 9.08232441e-04
2.76276276e-02 -2.06697975e+01 -2.06697975e+01 -2.50725150e-02 -6.80089903e-03 -6.80089191e-03 7.13254574e+01 7.13254574e+01 1.03937093e+02 1.73372523e+02 2.07748153e+02 3.04604818e+02 3.17723670e+02 4.16621883e+02 5.20460101e+02 6.24431855e+02 7.28442512e+02 3.54129163e-16 4.95059698e-16 8.98117304e-06 3.54860751e-14 1.05688388e-16 2.72033988e-16 8.11053996e-28 9.99986040e-01 5.70213823e-16 9.99422876e-01 6.81151836e-01 7.45756879e-01 9.95581884e-01 9.97871038e-01 9.98423812e-01 9.98639417e-01 5.43180790e-19 1.52319878e-18 1.40808814e-06 3.39725510e-07 3.39725510e-07 3.56292512e-03 3.56292512e-03 9.25409911e-05 1.17393126e-18 5.94920902e-04 1.28223524e-02 1.16677944e-02 1.64446871e-03 1.14219411e-03 9.82924426e-04 9.13276093e-04
2.77777778e-02 -2.06697975e+01 -2.06697975e+01 -2.50725144e-02 -6.80090018e-03 -6.80088998e-03 7.13254574e+01 7.13254574e+01 1.03936967e+02 1.73372523e+02 2.07746516e+02 3.04562110e+02 3.17751743e+02 4.16630684e+02 5.20467833e+02 6.24439900e+02 7.28451329e+02 5.86617018e-16 3.72890635e-16 9.02998376e-06 6.06166185e-17 3.57411854e-14 8.14566186e-28 2.35399748e-16 9.99985887e-01 3.27835872e-16 9.99416512e-01 6.81055804e-01 7.45987611e-01 9.95536261e-01 9.97848352e-01 9.98406730e-01 9.98624333e-01 3.97683179e-18 8.53828924e-18 1.40808814e-06 3.39725510e-07 3.39725510e-07 3.56292512e-03 3.56292512e-03 9.30451582e-05 6.40839094e-18 5.98191107e-04 1.28239170e-02 1.16632694e-02 1.65291861e-03 1.14825717e-03 9.88232017e-04 9.18321055e-04
2.79279279e-02 -2.06697975e+01 -2.06697975e+01 -2.50725150e-02 -6.80090257e-03 -6.80089025e-03 7.13254574e+01 7.13254574e+01 1.03936839e+02 1.73372523e+02 2.07744869e+02 3.04519368e+02 3.17779775e+02 4.16639527e+02 5.20475605e+02 6.24447988e+02 7.28460196e+02 5.29482703e-16 7.87554443e-16 9.07879449e-06 5.73700691e-17 3.59015396e-14 8.15469390e-28 1.98591514e-16 9.99985734e-01 1.82815391e-16 9.99410112e-01 6.80960288e-01 7.46218480e-01 9.95490445e-01 9.97825554e-01 9.98389558e-01 9.98609162e-01 1.24067941e-18 1.41833358e-18 1.40808814e-06 3.39725510e-07 3.39725510e-07 3.56292512e-03 3.56292512e-03 9.35493453e-05 5.99573553e-18 6.01461911e-04 1.28254727e-02 1.16587387e-02 1.66136085e-03 1.15431787e-03 9.93539013e-04 9.23367334e-04
2.80780781e-02 -2.06697975e+01 -2.06697975e+01 -2.50725144e-02 -6.80089118e-03 -6.80088724e-03 7.13254574e+01 7.13254574e+01 1.03936712e+02 1.73372523e+02 2.07743214e+02 3.04476593e+02 3.17807765e+02 4.16648413e+02 5.20483417e+02 6.24456120e+02 7.28469112e+02 4.26308856e-16 9.40258624e-16 9.12760521e-06 1.01599094e-16 1.85856466e-14 8.17666639e-28 6.32838959e-17 9.99985580e-01 1.78048552e-16 9.99403675e-01 6.80865288e-01 7.46449484e-01 9.95444434e-01 9.97802644e-01 9.98372295e-01 9.98593904e-01 6.75065187e-19 2.32879559e-18 1.40808814e-06 3.39725510e-07 3.39725510e-07 3.56292512e-03 3.56292512e-03 9.40535525e-05 4.32166406e-18 6.04733318e-04 1.28270195e-02 1.16542021e-02 1.66979542e-03 1.16037621e-03 9.98845410e-04 9.28414938e-04
2.82282282e-02 -2.06697975e+01 -2.06697975e+01 -2.50725134e-02 -6.80088704e-03 -6.80087968e-03 7.13254574e+01 7.13254574e+01 1.03936583e+02 1.73372523e+02 2.07741549e+02 3.04433785e+02 3.17835714e+02 4.16657342e+02 5.20491270e+02 6.24464295e+02 7.28478078e+02 9.09033980e-16 2.99934539e-16 9.17641593e-06 1.17433209e-16 1.86308035e-14 1.02230594e-16 6.89519799e-24 9.99985425e-01 2.42703422e-16 9.99397203e-01 6.80770806e-01 7.46680622e-01 9.95398231e-01 9.97779622e-01 9.98354943e-01 9.98578558e-01 5.35204019e-18 3.90592183e-18 1.40808814e-06 3.39725510e-07 3.39725510e-07 3.56292512e-03 3.56292512e-03 9.45577798e-05 3.86695774e-18 6.08005332e-04 1.28285576e-02 1.16496597e-02 1.67822226e-03 1.16643217e-03 1.00415120e-03 9.33463872e-04
2.83783784e-02 -2.06697975e+01 -2.06697975e+01 -2.50725140e-02 -6.80089442e-03 -6.80088444e-03 7.13254574e+01 7.13254574e+01 1.03936454e+02 1.73372523e+02 2.07739875e+02 3.04390944e+02 3.17863622e+02 4.16666314e+02 5.20499162e+02 6.24472513e+02 7.28487094e+02 2.14714400e-16 3.36566662e-16 9.22522666e-06 5.65564808e-17 1.87642089e-14 6.90380948e-24 1.18829732e-16 9.99985269e-01 3.72181094e-16 9.99390694e-01 6.80676840e-01 7.46911892e-01 9.95351836e-01 9.97756490e-01 9.98337500e-01 9.98563124e-01 1.68814657e-18 1.47960225e-18 1.40808814e-06 3.39725510e-07 3.39725510e-07 3.56292512e-03 3.56292512e-03 9.50620275e-05 8.91953489e-18 6.11277954e-04 1.28300869e-02 1.16451115e-02 1.68664136e-03 1.17248574e-03 1.00945639e-03 9.38514144e-04
2.85285285e-02 -2.06697975e+01 -2.06697975e+01 -2.50725127e-02 -6.80089488e-03 -6.80089170e-03 7.13254574e+01 7.13254574e+01 1.03936324e+02 1.73372523e+02 2.07738192e+02 3.04348071e+02 3.17891488e+02 4.16675329e+02 5.20507095e+02 6.24480774e+02 7.28496159e+02 3.57684362e-16 1.24003660e-16 9.27403738e-06 2.67431937e-16 3.66997445e-14 8.20042280e-28 3.42976055e-16 9.99985112e-01 3.39326871e-16 9.99384149e-01 6.80583392e-01 7.47143294e-01 9.95305250e-01 9.97733246e-01 9.98319967e-01 9.98547603e-01 2.05965720e-18 3.42897242e-18 1.40808814e-06 3.39725510e-07 3.39725510e-07 3.56292512e-03 3.56292512e-03 9.55662955e-05 2.67788185e-18 6.14551189e-04 1.28316073e-02 1.16405575e-02 1.69505266e-03 1.17853690e-03 1.01476096e-03 9.43565761e-04
2.86786787e-02 -2.06697975e+01 -2.06697975e+01 -2.50725142e-02 -6.80089006e-03 -6.80088736e-03 7.13254574e+01 7.13254574e+01 1.03936193e+02 1.73372523e+02 2.07736500e+02 3.04305164e+02 3.17919313e+02 4.16684387e+02 5.20515068e+02 6.24489078e+02 7.28505274e+02 4.37286043e-16 8.84574127e-16 9.32284810e-06 3.68258327e-14 2.91678051e-16 6.90969346e-24 1.87507882e-16 9.99984954e-01 2.40223375e-16 9.99377568e-01 6.80490461e-01 7.47374825e-01 9.95258473e-01 9.97709892e-01 9.98302343e-01 9.98531994e-01 4.48940235e-19 5.91432583e-19 1.40808814e-06 3.39725510e-07 3.39725510e-07 3.56292512e-03 3.56292512e-03 9.60705841e-05 4.17007079e-18 6.17825040e-04 1.28331190e-02 1.16359978e-02 1.70345615e-03 1.18458564e-03 1.02006492e-03 9.48618729e-04
2.88288288e-02 -2.06697975e+01 -2.06697975e+01 -2.50725132e-02 -6.80089820e-03 -6.80089731e-03 7.13254574e+01 7.13254574e+01 1.03936062e+02 1.73372523e+02 2.07734799e+02 3.04262225e+02 3.17947096e+02 4.16693488e+02 5.20523080e+02 6.24497426e+02 7.28514439e+02 3.15381149e-16 1.96434339e-16 9.37165883e-06 8.74187745e-16 3.70223470e-14 6.91772549e-24 1.85635762e-16 9.99984796e-01 3.37386278e-16 9.99370951e-01 6.80398048e-01 7.47606485e-01 9.95211507e-01 9.97686427e-01 9.98284630e-01 9.98516298e-01 1.46205168e-18 1.80048143e-18 1.40808814e-06 3.39725510e-07 3.39725510e-07 3.56292512e-03 3.56292512e-03 9.65748933e-05 2.61722984e-18 6.21099510e-04 1.28346218e-02 1.16314324e-02 1.71185179e-03 1.19063196e-03 1.02536825e-03 9.53673055e-04
2.89789790e-02 -2.06697975e+01 -2.06697975e+01 -2.50725143e-02 -6.80091449e-03 -6.80089872e-03 7.13254574e+01 7.13254574e+01 1.03935930e+02 1.73372523e+02 2.07733089e+02 3.04219253e+02 3.17974839e+02 4.16702631e+02 5.20531133e+02 6.24505817e+02 7.28523653e+02 2.89355400e-16 2.63497136e-16 9.42046955e-06 3.72020301e-14 1.20810874e-16 8.45613501e-28 2.68256910e-16 9.99984637e-01 1.64770014e-16 9.99364297e-01 6.80306152e-01 7.47838272e-01 9.95164353e-01 9.97662852e-01 9.98266826e-01 9.98500513e-01 3.15740363e-18 1.36183594e-18 1.40808814e-06 3.39725510e-07 3.39725510e-07 3.56292512e-03 3.56292512e-03 9.70792232e-05 1.71957885e-18 6.24374602e-04 1.28361159e-02 1.16268612e-02 1.72023953e-03 1.19667583e-03 1.03067096e-03 9.58728747e-04
2.91291291e-02 -2.06697975e+01 -2.06697975e+01 -2.50725137e-02 -6.80089869e-03 -6.80089318e-03 7.13254574e+01 7.13254574e+01 1.03935797e+02 1.73372523e+02 2.07731369e+02 3.04176249e+02 3.18002540e+02 4.16711816e+02 5.20539226e+02 6.24514250e+02 7.28532917e+02 3.00109530e-16 7.37270703e-16 9.46928027e-06 3.74652187e-14 2.45031180e-16 8.21082722e-17 7.37292951e-24 9.99984477e-01 2.90580070e-16 9.99357607e-01 6.80214775e-01 7.48070184e-01 9.95117010e-01 9.97639166e-01 9.98248933e-01 9.98484640e-01 6.86409836e-18 1.99477057e-18 1.40808814e-06 3.39725510e-07 3.39725510e-07 3.56292512e-03 3.56292512e-03 9.75835739e-05 2.49599932e-18 6.27650319e-04 1.28376011e-02 1.16222844e-02 1.72861936e-03 1.20271725e-03 1.03597305e-03 9.63785811e-04
2.92792793e-02 -2.06697975e+01 -2.06697975e+01 -2.50725143e-02 -6.80090585e-03 -6.80089788e-03 7.13254574e+01 7.13254574e+01 1.03935663e+02 1.73372523e+02 2.07729641e+02 3.04133212e+02 3.18030200e+02 4.16721044e+02 5.20547358e+02 6.24522727e+02 7.28542231e+02 4.91041479e-16 6.27498144e-16 9.51809099e-06 9.51572461e-17 1.93459284e-14 7.40731238e-24 1.16639015e-16 9.99984316e-01 2.80418939e-16 9.99350881e-01 6.80123916e-01 7.48302220e-01 9.95069481e-01 9.97615370e-01 9.98230950e-01 9.98468680e-01 6.79375419e-19 1.32207801e-18 1.40808814e-06 3.39725510e-07 3.39725510e-07 3.56292512e-03 3.56292512e-03 9.80879456e-05 6.51109386e-18 6.30926665e-04 1.28390776e-02 1.16177019e-02 1.73699124e-03 1.20875620e-03 1.04127449e-03 9.68844254e-04
2.94294294e-02 -2.06697975e+01 -2.06697975e+01 -2.50725146e-02 -6.80089682e-03 -6.80088190e-03 7.13254574e+01 7.13254574e+01 1.03935529e+02 1.73372523e+02 2.07727903e+02 3.04090142e+02 3.18057819e+02 4.16730315e+02 5.20555531e+02 6.24531247e+02 7.28551595e+02 9.08307254e-16 8.37842429e-16 9.56690172e-06 1.93968878e-14 1.19544870e-16 8.77826527e-28 1.10510596e-16 9.99984154e-01 5.67149703e-16 9.99344119e-01 6.80033575e-01 7.48534379e-01 9.95021765e-01 9.97591464e-01 9.98212876e-01 9.98452631e-01 2.12100848e-18 1.98733485e-18 1.40808814e-06 3.39725510e-07 3.39725510e-07 3.56292512e-03 3.56292512e-03 9.85923383e-05 2.72677221e-18 6.34203642e-04 1.28405452e-02 1.16131137e-02 1.74535513e-03 1.21479267e-03 1.04657530e-03 9.73904083e-04
2.95795796e-02 -2.06697975e+01 -2.06697975e+01 -2.50725135e-02 -6.80090519e-03 -6.80085752e-03 7.13254574e+01 7.13254574e+01 1.03935394e+02 1.73372523e+02 2.07726156e+02 3.04047040e+02 3.18085396e+02 4.16739628e+02 5.20563743e+02 6.24539811e+02 7.28561008e+02 5.68083992e-16 1.78280030e-16 9.61571244e-06 3.79918403e-14 2.45519576e-17 8.77379281e-28 1.67615255e-16 9.99983992e-01 6.63517980e-16 9.99337319e-01 6.79943753e-01 7.48766660e-01 9.94973864e-01 9.97567449e-01 9.98194713e-01 9.98436494e-01 3.10595467e-18 4.20907537e-18 1.40808814e-06 3.39725510e-07 3.39725510e-07 3.56292512e-03 3.56292512e-03 9.90967523e-05 7.57966397e-20 6.37481255e-04 1.28420041e-02 1.16085199e-02 1.75371099e-03 1.22082664e-03 1.05187547e-03 9.78965305e-04
2.97297297e-02 -2.06697975e+01 -2.06697975e+01 -2.50725143e-02 -6.80088491e-03 -6.80088292e-03 7.13254574e+01 7.13254574e+01 1.03935259e+02 1.73372523e+02 2.07724400e+02 3.04003906e+02 3.18112932e+02 4.16748983e+02 5.20571995e+02 6.24548417e+02 7.28570472e+02 1.94482006e-15 3.99090114e-16 9.66452316e-06 1.96856903e-14 2.39642969e-16 1.92661583e-16 8.79657316e-28 9.99983828e-01 4.56401820e-16 9.99330484e-01 6.79854450e-01 7.48999060e-01 9.94925778e-01 9.97543324e-01 9.98176460e-01 9.98420268e-01 3.72694836e-18 1.57014207e-18 1.40808814e-06 3.39725510e-07 3.39725510e-07 3.56292512e-03 3.56292512e-03 9.96011874e-05 2.26522644e-18 6.40759506e-04 1.28434542e-02 1.16039204e-02 1.76205881e-03 1.22685811e-03 1.05717499e-03 9.84027926e-04
2.98798799e-02 -2.06697975e+01 -2.06697975e+01 -2.50725139e-02 -6.80089787e-03 -6.80088390e-03 7.13254574e+01 7.13254574e+01 1.03935123e+02 1.73372523e+02 2.07722635e+02 3.03960740e+02 3.18140428e+02 4.16758380e+02 5.20580287e+02 6.24557067e+02 7.28579985e+02 2.40264865e-16 3.42685610e-16 9.71333389e-06 1.41463378e-16 3.84092370e-14 7.42912630e-24 1.83283403e-16 9.99983664e-01 4.59453668e-16 9.99323612e-01 6.79765666e-01 7.49231579e-01 9.94877508e-01 9.97519090e-01 9.98158117e-01 9.98403954e-01 3.59220233e-18 1.16752543e-18 1.40808814e-06 3.39725510e-07 3.39725510e-07 3.56292512e-03 3.56292512e-03 1.00105644e-04 7.13592106e-18 6.44038398e-04 1.28448955e-02 1.15993154e-02 1.77039854e-03 1.23288705e-03 1.06247387e-03 9.89091953e-04
3.00300300e-02 -2.06697975e+01 -2.06697975e+01 -2.50725137e-02 -6.80089439e-03 -6.80089428e-03 7.13254574e+01 7.13254574e+01 1.03934986e+02 1.73372523e+02 2.07720860e+02 3.03917541e+02 3.18167882e+02 4.16767820e+02 5.20588619e+02 6.24565759e+02 7.28589548e+02 3.02437893e-16 3.46348887e-16 9.76214461e-06 5.04470927e-27 2.96233228e-27 8.45431147e-45 9.54657218e-27 9.99983499e-01 4.70027404e-16 9.99316704e-01 6.79677401e-01 7.49464215e-01 9.94829055e-01 9.97494746e-01 9.98139684e-01 9.98387551e-01 2.59101150e-18 3.81368187e-18 1.40808814e-06 3.39725510e-07 3.39725510e-07 3.56292512e-03 3.56292512e-03 1.00610122e-04 1.97027154e-19 6.47317935e-04 1.28463281e-02 1.15947048e-02 1.77873016e-03 1.23891347e-03 1.06777208e-03 9.94157394e-04
3.01801802e-02 -2.06697975e+01 -2.06697975e+01 -2.50725148e-02 -6.80088347e-03 -6.80088295e-03 7.13254574e+01 7.13254574e+01 1.03934848e+02 1.73372523e+02 2.07719077e+02 3.03874310e+02 3.18195294e+02 4.16777301e+02 5.20596990e+02 6.24574495e+02 7.28599161e+02 1.79508809e-16 4.97157872e-16 9.81095533e-06 8.40316226e-16 1.99785176e-14 8.82406180e-28 1.90360974e-16 9.99983333e-01 6.17997182e-16 9.99309759e-01 6.79589655e-01 7.49696968e-01 9.94780421e-01 9.97470294e-01 9.98121162e-01 9.98371059e-01 3.77515591e-18 3.30651747e-19 1.40808814e-06 3.39725510e-07 3.39725510e-07 3.56292512e-03 3.56292512e-03 1.01114622e-04 1.90146138e-18 6.50598120e-04 1.28477519e-02 1.15900886e-02 1.78705362e-03 1.24493734e-03 1.07306964e-03 9.99224254e-04
3.03303303e-02 -2.06697975e+01 -2.06697975e+01 -2.50725151e-02 -6.80090613e-03 -6.80089178e-03 7.13254574e+01 7.13254574e+01 1.03934710e+02 1.73372523e+02 2.07717284e+02 3.03831046e+02 3.18222666e+02 4.16786825e+02 5.20605402e+02 6.24583274e+02 7.28608824e+02 3.08314196e-16 5.86220935e-16 9.85976606e-06 4.62719033e-17 3.89894991e-14 7.45357891e-24 1.80570130e-16 9.99983166e-01 6.39868288e-16 9.99302777e-01 6.79502428e-01 7.49929834e-01 9.94731605e-01 9.97445733e-01 9.98102549e-01 9.98354479e-01 5.12602005e-18 4.70397913e-18 1.40808814e-06 3.39725510e-07 3.39725510e-07 3.56292512e-03 3.56292512e-03 1.01619143e-04 9.07112817e-18 6.53878955e-04 1.28491669e-02 1.15854668e-02 1.79536890e-03 1.25095865e-03 1.07836653e-03 1.00429254e-03
3.04804805e-02 -2.06697975e+01 -2.06697975e+01 -2.50725132e-02 -6.80089417e-03 -6.80089270e-03 7.13254574e+01 7.13254574e+01 1.03934571e+02 1.73372523e+02 2.07715482e+02 3.03787751e+02 3.18249997e+02 4.16796390e+02 5.20613853e+02 6.24592096e+02 7.28618538e+02 5.83256619e-16 1.09758766e-15 9.90857678e-06 3.27897087e-16 2.01691938e-14 8.84240552e-28 1.65480787e-16 9.99982999e-01 1.13919285e-15 9.99295759e-01 6.79415722e-01 7.50162814e-01 9.94682608e-01 9.97421063e-01 9.98083848e-01 9.98337810e-01 5.82350992e-18 1.53811603e-18 1.40808814e-06 3.39725510e-07 3.39725510e-07 3.56292512e-03 3.56292512e-03 1.02123686e-04 1.66737904e-19 6.57160445e-04 1.28505731e-02 1.15808396e-02 1.80367596e-03 1.25697739e-03 1.08366275e-03 1.00936226e-03
3.06306306e-02 -2.06697975e+01 -2.06697975e+01 -2.50725154e-02 -6.80090739e-03 -6.80089485e-03 7.13254574e+01 7.13254574e+01 1.03934431e+02 1.73372523e+02 2.07713671e+02 3.03744424e+02 3.18277287e+02 4.16805997e+02 5.20622343e+02 6.24600961e+02 7.28628301e+02 1.32027714e-15 5.12079528e-16 9.95738750e-06 3.93592735e-14 9.61926490e-17 7.81582253e-17 8.83746512e-28 9.99982830e-01 4.23794400e-16 9.99288704e-01 6.79329535e-01 7.50395906e-01 9.94633432e-01 9.97396285e-01 9.98065056e-01 9.98321052e-01 1.00824240e-18 2.69099182e-18 1.40808814e-06 3.39725510e-07 3.39725510e-07 3.56292512e-03 3.56292512e-03 1.02628251e-04 2.76882312e-18 6.60442592e-04 1.28519706e-02 1.15762068e-02 1.81197478e-03 1.26299355e-03 1.08895830e-03 1.01443342e-03
3.07807808e-02 -2.06697975e+01 -2.06697975e+01 -2.50725139e-02 -6.80089663e-03 -6.80089322e-03 7.13254574e+01 7.13254574e+01 1.03934291e+02 1.73372523e+02 2.07711850e+02 3.03701065e+02 3.18304535e+02 4.16815646e+02 5.20630874e+02 6.24609869e+02 7.28638114e+02 1.83103832e-15 1.66779950e-15 1.00061982e-05 1.20425509e-16 2.03752965e-14 6.65554910e-17 8.89660840e-28 9.99982661e-01 3.96819116e-16 9.99281613e-01 6.79243868e-01 7.50629107e-01 9.94584077e-01 9.97371399e-01 9.98046176e-01 9.98304205e-01 2.94925773e-18 3.66017745e-18 1.40808814e-06 3.39725510e-07 3.39725510e-07 3.56292512e-03 3.56292512e-03 1.03132838e-04 1.06438889e-18 6.63725400e-04 1.28533594e-02 1.15715686e-02 1.82026532e-03 1.26900711e-03 1.09425317e-03 1.01950603e-03
3.09309309e-02 -2.06697975e+01 -2.06697975e+01 -2.50725136e-02 -6.80089442e-03 -6.80089068e-03 7.13254574e+01 7.13254574e+01 1.03934150e+02 1.73372523e+02 2.07710021e+02 3.03657674e+02 3.18331743e+02 4.16825337e+02 5.20639444e+02 6.24618820e+02 7.28647978e+02 1.00199291e-15 6.33744926e-16 1.00550089e-05 2.04153487e-14 9.51872023e-17 8.93244593e-28 1.10270367e-16 9.99982491e-01 5.40889908e-16 9.99274485e-01 6.79158720e-01 7.50862418e-01 9.94534544e-01 9.97346405e-01 9.98027205e-01 9.98287268e-01 1.04689723e-18 4.58681618e-19 1.40808814e-06 3.39725510e-07 3.39725510e-07 3.56292512e-03 3.56292512e-03 1.03637448e-04 8.84035528e-18 6.67008872e-04 1.28547393e-02 1.15669248e-02 1.82854755e-03 1.27501806e-03 1.09954737e-03 1.02458010e-03
3.10810811e-02 -2.06697975e+01 -2.06697975e+01 -2.50725142e-02 -6.80088787e-03 -6.80087380e-03 7.13254574e+01 7.13254574e+01 1.03934008e+02 1.73372523e+02 2.07708182e+02 3.03614251e+02 3.18358909e+02 4.16835069e+02 5.20648053e+02 6.24627814e+02 7.28657891e+02 2.66216192e-16 2.83938775e-16 1.01038197e-05 9.74252991e-17 3.99066384e-14 8.54233841e-17 8.92766484e-28 9.99982320e-01 4.92913631e-16 9.99267321e-01 6.79074094e-01 7.51095836e-01 9.94484834e-01 9.97321303e-01 9.98008145e-01 9.98270243e-01 1.46774969e-18 1.67636181e-18 1.40808814e-06 3.39725510e-07 3.39725510e-07 3.56292512e-03 3.56292512e-03 1.04142079e-04 1.10786754e-17 6.70293011e-04 1.28561106e-02 1.15622756e-02 1.83682143e-03 1.28102639e-03 1.10484087e-03 1.02965562e-03
3.12312312e-02 -2.06697975e+01 -2.06697975e+01 -2.50725143e-02 -6.80089629e-03 -6.80088405e-03 7.13254574e+01 7.13254574e+01 1.03933866e+02 1.73372523e+02 2.07706334e+02 3.03570796e+02 3.18386035e+02 4.16844843e+02 5.20656702e+02 6.24636851e+02 7.28667855e+02 2.19126497e-16 6.29084255e-16 1.01526304e-05 8.53401693e-17 4.01121885e-14 3.50722185e-16 7.52027582e-24 9.99982148e-01 3.06017797e-16 9.99260119e-01 6.78989987e-01 7.51329361e-01 9.94434948e-01 9.97296093e-01 9.97988996e-01 9.98253127e-01 3.47551815e-18 3.37303400e-18 1.40808814e-06 3.39725510e-07 3.39725510e-07 3.56292512e-03 3.56292512e-03 1.04646733e-04 7.19657307e-18 6.73577820e-04 1.28574731e-02 1.15576210e-02 1.84508694e-03 1.28703209e-03 1.11013368e-03 1.03473261e-03
3.13813814e-02 -2.06697975e+01 -2.06697975e+01 -2.50725151e-02 -6.80090394e-03 -6.80089991e-03 7.13254574e+01 7.13254574e+01 1.03933723e+02 1.73372523e+02 2.07704477e+02 3.03527310e+02 3.18413120e+02 4.16854658e+02 5.20665391e+02 6.24645932e+02 7.28677869e+02 5.64072896e-16 3.41980626e-16 1.02014411e-05 8.70698906e-17 2.07789991e-14 1.22296283e-16 9.41781450e-28 9.99981976e-01 5.11552074e-16 9.99252881e-01 6.78906401e-01 7.51562991e-01 9.94384886e-01 9.97270776e-01 9.97969758e-01 9.98235923e-01 2.60314646e-18 5.68606834e-19 1.40808814e-06 3.39725510e-07 3.39725510e-07 3.56292512e-03 3.56292512e-03 1.05151409e-04 3.95789901e-18 6.76863303e-04 1.28588268e-02 1.15529610e-02 1.85334404e-03 1.29303514e-03 1.11542580e-03 1.03981108e-03
3.15315315e-02 -2.06697975e+01 -2.06697975e+01 -2.50725137e-02 -6.80089597e-03 -6.80089423e-03 7.13254574e+01 7.13254574e+01 1.03933579e+02 1.73372523e+02 2.07702611e+02 3.03483792e+02 3.18440163e+02 4.16864515e+02 5.20674119e+02 6.24655055e+02 7.28687933e+02 3.00132456e-16 5.38234716e-16 1.02502518e-05 4.04944845e-14 5.53042023e-16 7.97608162e-24 2.21010564e-16 9.99981802e-01 4.08180407e-16 9.99245606e-01 6.78823335e-01 7.51796723e-01 9.94334650e-01 9.97245352e-01 9.97950430e-01 9.98218629e-01 1.35701071e-18 3.29966338e-18 1.40808814e-06 3.39725510e-07 3.39725510e-07 3.56292512e-03 3.56292512e-03 1.05656108e-04 7.13592106e-18 6.80149462e-04 1.28601718e-02 1.15482956e-02 1.86159270e-03 1.29903553e-03 1.12071722e-03 1.04489103e-03
3.16816817e-02 -2.06697975e+01 -2.06697975e+01 -2.50725136e-02 -6.80089724e-03 -6.80089632e-03 7.13254574e+01 7.13254574e+01 1.03933434e+02 1.73372523e+02 2.07700735e+02 3.03440242e+02 3.18467166e+02 4.16874412e+02 5.20682886e+02 6.24664221e+02 7.28698048e+02 3.80603615e-16 2.43837047e-16 1.02990626e-05 9.74924944e-16 4.07547502e-14 2.31225387e-16 9.42165046e-28 9.99981628e-01 4.45102540e-16 9.99238295e-01 6.78740790e-01 7.52030558e-01 9.94284240e-01 9.97219821e-01 9.97931013e-01 9.98201245e-01 6.90311322e-19 5.55865739e-18 1.40808814e-06 3.39725510e-07 3.39725510e-07 3.56292512e-03 3.56292512e-03 1.06160830e-04 2.67788185e-18 6.83436301e-04 1.28615081e-02 1.15436247e-02 1.86983289e-03 1.30503324e-03 1.12600793e-03 1.04997246e-03
3.18318318e-02 -2.06697975e+01 -2.06697975e+01 -2.50725142e-02 -6.80089627e-03 -6.80089427e-03 7.13254574e+01 7.13254574e+01 1.03933289e+02 1.73372523e+02 2.07698850e+02 3.03396661e+02 3.18494128e+02 4.16884351e+02 5.20691693e+02 6.24673431e+02 7.28708213e+02 1.87645965e-16 1.12306612e-15 1.03478733e-05 4.09141243e-14 4.67625427e-16 9.43080114e-28 4.90599541e-17 9.99981453e-01 3.48495268e-16 9.99230946e-01 6.78658765e-01 7.52264494e-01 9.94233657e-01 9.97194184e-01 9.97911506e-01 9.98183771e-01 7.78446442e-18 2.29171415e-18 1.40808814e-06 3.39725510e-07 3.39725510e-07 3.56292512e-03 3.56292512e-03 1.06665574e-04 5.81385300e-18 6.86723823e-04 1.28628356e-02 1.15389486e-02 1.87806458e-03 1.31102827e-03 1.13129794e-03 1.05505539e-03
3.19819820e-02 -2.06697975e+01 -2.06697975e+01 -2.50725138e-02 -6.80091952e-03 -6.80089046e-03 7.13254574e+01 7.13254574e+01 1.03933143e+02 1.73372523e+02 2.07696956e+02 3.03353048e+02 3.18521049e+02 4.16894331e+02 5.20700539e+02 6.24682683e+02 7.28718428e+02 4.03699388e-16 2.59194344e-16 1.03966840e-05 6.68062141e-17 2.11793313e-14 9.45469181e-28 5.90403168e-17 9.99981277e-01 2.94497814e-16 9.99223561e-01 6.78577262e-01 7.52498529e-01 9.94182903e-01 9.97168439e-01 9.97891911e-01 9.98166208e-01 4.21714131e-18 2.01840761e-18 1.40808814e-06 3.39725510e-07 3.39725510e-07 3.56292512e-03 3.56292512e-03 1.07170342e-04 2.58694059e-18 6.90012031e-04 1.28641545e-02 1.15342671e-02 1.88628773e-03 1.31702060e-03 1.13658723e-03 1.06013983e-03
3.21321321e-02 -2.06697975e+01 -2.06697975e+01 -2.50725144e-02 -6.80089132e-03 -6.80088525e-03 7.13254574e+01 7.13254574e+01 1.03932997e+02 1.73372523e+02 2.07695053e+02 3.03309404e+02 3.18547929e+02 4.16904352e+02 5.20709425e+02 6.24691978e+02 7.28728693e+02 7.73854450e-16 3.02600656e-16 1.04454947e-05 4.12912803e-14 1.72403744e-16 9.44911385e-28 2.17224207e-16 9.99981100e-01 4.81386168e-16 9.99216139e-01 6.78496279e-01 7.52732663e-01 9.94131977e-01 9.97142589e-01 9.97872226e-01 9.98148554e-01 3.36476781e-18 1.09978948e-18 1.40808814e-06 3.39725510e-07 3.39725510e-07 3.56292512e-03 3.56292512e-03 1.07675132e-04 1.42264082e-17 6.93300929e-04 1.28654646e-02 1.15295802e-02 1.89450233e-03 1.32301022e-03 1.14187580e-03 1.06522577e-03
3.22822823e-02 -2.06697975e+01 -2.06697975e+01 -2.50725138e-02 -6.80089092e-03 -6.80088529e-03 7.13254574e+01 7.13254574e+01 1.03932849e+02 1.73372523e+02 2.07693141e+02 3.03265729e+02 3.18574768e+02 4.16914415e+02 5.20718350e+02 6.24701317e+02 7.28739009e+02 3.67938451e-16 2.70629422e-16 1.04943055e-05 1.15072524e-16 2.13669970e-14 9.47315324e-28 2.12568165e-16 9.99980922e-01 7.19050213e-16 9.99208679e-01 6.78415818e-01 7.52966893e-01 9.94080881e-01 9.97116632e-01 9.97852453e-01 9.98130811e-01 2.30520964e-18 9.37931585e-19 1.40808814e-06 3.39725510e-07 3.39725510e-07 3.56292512e-03 3.56292512e-03 1.08179945e-04 8.00328280e-18 6.96590519e-04 1.28667660e-02 1.15248881e-02 1.90270833e-03 1.32899712e-03 1.14716365e-03 1.07031322e-03
3.24324324e-02 -2.06697975e+01 -2.06697975e+01 -2.50725141e-02 -6.80089768e-03 -6.80089026e-03 7.13254574e+01 7.13254574e+01 1.03932701e+02 1.73372523e+02 2.07691219e+02 3.03222023e+02 3.18601567e+02 4.16924518e+02 5.20727314e+02 6.24710698e+02 7.28749376e+02 7.39453461e-16 7.24054811e-16 1.05431162e-05 4.16194368e-14 1.21155228e-16 1.59376560e-16 9.46744171e-28 9.99980744e-01 3.92530188e-16 9.99201183e-01 6.78335877e-01 7.53201218e-01 9.94029615e-01 9.97090569e-01 9.97832590e-01 9.98112977e-01 2.53567000e-18 2.91686128e-18 1.40808814e-06 3.39725510e-07 3.39725510e-07 3.56292512e-03 3.56292512e-03 1.08684782e-04 7.40874485e-18 6.99880805e-04 1.28680586e-02 1.15201907e-02 1.91090570e-03 1.33498128e-03 1.15245077e-03 1.07540220e-03
3.25825826e-02 -2.06697975e+01 -2.06697975e+01 -2.50725141e-02 -6.80090195e-03 -6.80088393e-03 7.13254574e+01 7.13254574e+01 1.03932553e+02 1.73372523e+02 2.07689288e+02 3.03178285e+02 3.18628324e+02 4.16934661e+02 5.20736317e+02 6.24720122e+02 7.28759792e+02 5.86281697e-16 5.92272469e-16 1.05919269e-05 2.16258353e-14 7.27824749e-17 3.17081949e-17 9.49162994e-28 9.99980565e-01 7.29895760e-16 9.99193650e-01 6.78256458e-01 7.53435637e-01 9.93978181e-01 9.97064401e-01 9.97812638e-01 9.98095053e-01 2.78831949e-18 1.55021336e-18 1.40808814e-06 3.39725510e-07 3.39725510e-07 3.56292512e-03 3.56292512e-03 1.09189642e-04 1.53769632e-18 7.03171790e-04 1.28693426e-02 1.15154880e-02 1.91909441e-03 1.34096269e-03 1.15773716e-03 1.08049271e-03
3.27327327e-02 -2.06697975e+01 -2.06697975e+01 -2.50725144e-02 -6.80089563e-03 -6.80088798e-03 7.13254574e+01 7.13254574e+01 1.03932403e+02 1.73372523e+02 2.07687348e+02 3.03134516e+02 3.18655041e+02 4.16944846e+02 5.20745360e+02 6.24729590e+02 7.28770260e+02 3.09316693e-16 3.80446738e-16 1.06407376e-05 1.22841136e-16 4.20510935e-14 8.04265000e-24 3.15957952e-16 9.99980384e-01 2.00367789e-16 9.99186080e-01 6.78177560e-01 7.53670148e-01 9.93926579e-01 9.97038127e-01 9.97792598e-01 9.98077038e-01 6.84082957e-19 9.97144016e-19 1.40808814e-06 3.39725510e-07 3.39725510e-07 3.56292512e-03 3.56292512e-03 1.09694525e-04 3.84835664e-18 7.06463478e-04 1.28706179e-02 1.15107801e-02 1.92727444e-03 1.34694133e-03 1.16302281e-03 1.08558475e-03
3.28828829e-02 -2.06697975e+01 -2.06697975e+01 -2.50725141e-02 -6.80089950e-03 -6.80088825e-03 7.13254574e+01 7.13254574e+01 1.03932253e+02 1.73372523e+02 2.07685398e+02 3.03090716e+02 3.18681718e+02 4.16955071e+02 5.20754442e+02 6.24739100e+02 7.28780778e+02 4.45574252e-16 3.83067367e-16 1.06895483e-05 4.22674932e-14 8.65424060e-17 2.35041210e-16 8.05140322e-24 9.99980203e-01 3.04613691e-16 9.99178473e-01 6.78099183e-01 7.53904751e-01 9.93874810e-01 9.97011748e-01 9.97772468e-01 9.98058933e-01 3.66515818e-18 6.22835105e-18 1.40808814e-06 3.39725510e-07 3.39725510e-07 3.56292512e-03 3.56292512e-03 1.10199432e-04 4.17007079e-18 7.09755870e-04 1.28718844e-02 1.15060670e-02 1.93544575e-03 1.35291721e-03 1.16830772e-03 1.09067833e-03
3.30330330e-02 -2.06697975e+01 -2.06697975e+01 -2.50725136e-02 -6.80089657e-03 -6.80088853e-03 7.13254574e+01 7.13254574e+01 1.03932103e+02 1.73372523e+02 2.07683440e+02 3.03046885e+02 3.18708353e+02 4.16965337e+02 5.20763563e+02 6.24748653e+02 7.28791346e+02 2.70913952e-16 1.14575421e-16 1.07383591e-05 1.10861168e-16 4.24624171e-14 9.51459016e-28 9.75424007e-17 9.99980022e-01 2.21229055e-16 9.99170829e-01 6.78021328e-01 7.54139444e-01 9.93822875e-01 9.96985263e-01 9.97752250e-01 9.98040737e-01 8.47734350e-19 5.97655975e-18 1.40808814e-06 3.39725510e-07 3.39725510e-07 3.56292512e-03 3.56292512e-03 1.10704363e-04 4.64337821e-18 7.13048972e-04 1.28731423e-02 1.15013486e-02 1.94360832e-03 1.35889029e-03 1.17359188e-03 1.09577347e-03
3.31831832e-02 -2.06697975e+01 -2.06697975e+01 -2.50725144e-02 -6.80089364e-03 -6.80089073e-03 7.13254574e+01 7.13254574e+01 1.03931951e+02 1.73372523e+02 2.07681472e+02 3.03003023e+02 3.18734948e+02 4.16975643e+02 5.20772723e+02 6.24758249e+02 7.28801965e+02 8.27186930e-16 4.91163280e-16 1.07871698e-05 3.22735192e-14 3.45238222e-16 8.09165991e-24 2.55253541e-16 9.99979839e-01 2.18509343e-16 9.99163147e-01 6.77943994e-01 7.54374226e-01 9.93770776e-01 9.96958674e-01 9.97731943e-01 9.98022451e-01 3.24221104e-18 2.22292194e-18 1.40808814e-06 3.39725510e-07 3.39725510e-07 3.56292512e-03 3.56292512e-03 1.11209317e-04 8.96158580e-18 7.16342785e-04 1.28743915e-02 1.14966251e-02 1.95176210e-03 1.36486057e-03 1.17887529e-03 1.10087016e-03
3.33333333e-02 -2.06697975e+01 -2.06697975e+01 -2.50725138e-02 -6.80089783e-03 -6.80089754e-03 7.13254574e+01 7.13254574e+01 1.03931799e+02 1.73372523e+02 2.07679495e+02 3.02959131e+02 3.18761502e+02 4.16985990e+02 5.20781923e+02 6.24767888e+02 7.28812635e+02 6.83550065e-16 2.34240557e-16 1.08359805e-05 4.27252009e-14 3.26050839e-15 8.10984392e-24 7.00178986e-17 9.99979655e-01 3.86211501e-16 9.99155429e-01 6.77867182e-01 7.54609094e-01 9.93718512e-01 9.96931980e-01 9.97711547e-01 9.98004074e-01 2.48701159e-18 6.09643364e-18 1.40808814e-06 3.39725510e-07 3.39725510e-07 3.56292512e-03 3.56292512e-03 1.11714296e-04 5.82561466e-18 7.19637313e-04 1.28756320e-02 1.14918963e-02 1.95990708e-03 1.37082804e-03 1.18415795e-03 1.10596841e-03
3.34834835e-02 -2.06697975e+01 -2.06697975e+01 -2.50725135e-02 -6.80090467e-03 -6.80089337e-03 7.13254574e+01 7.13254574e+01 1.03931646e+02 1.73372523e+02 2.07677508e+02 3.02915207e+02 3.18788015e+02 4.16996377e+02 5.20791161e+02 6.24777570e+02 7.28823355e+02 2.59397690e-16 2.17587117e-16 1.08847912e-05 4.30366628e-14 1.04588684e-16 2.04797588e-16 8.11829013e-24 9.99979471e-01 3.13732137e-16 9.99147673e-01 6.77790891e-01 7.54844049e-01 9.93666084e-01 9.96905182e-01 9.97691063e-01 9.97985605e-01 7.35533038e-19 2.55362121e-18 1.40808814e-06 3.39725510e-07 3.39725510e-07 3.56292512e-03 3.56292512e-03 1.12219298e-04 3.21176778e-18 7.22932559e-04 1.28768638e-02 1.14871625e-02 1.96804322e-03 1.37679269e-03 1.18943984e-03 1.11106823e-03
3.36336336e-02 -2.06697975e+01 -2.06697975e+01 -2.50725131e-02 -6.80089967e-03 -6.80087475e-03 7.13254574e+01 7.13254574e+01 1.03931493e+02 1.73372523e+02 2.07675512e+02 3.02871253e+02 3.18814488e+02 4.17006804e+02 5.20800438e+02 6.24787295e+02 7.28834126e+02 4.51128715e-16 5.12831845e-16 1.09336020e-05 2.22477523e-14 5.93853520e-17 9.90032406e-28 1.69345583e-16 9.99979286e-01 7.25630943e-16 9.99139880e-01 6.77715122e-01 7.55079087e-01 9.93613494e-01 9.96878280e-01 9.97670490e-01 9.97967046e-01 6.04779185e-18 2.10739288e-18 1.40808814e-06 3.39725510e-07 3.39725510e-07 3.56292512e-03 3.56292512e-03 1.12724324e-04 6.70334584e-19 7.26228527e-04 1.28780870e-02 1.14824235e-02 1.97617049e-03 1.38275449e-03 1.19472097e-03 1.11616962e-03
3.37837838e-02 -2.06697975e+01 -2.06697975e+01 -2.50725147e-02 -6.80089141e-03 -6.80087799e-03 7.13254574e+01 7.13254574e+01 1.03931339e+02 1.73372523e+02 2.07673507e+02 3.02827268e+02 3.18840920e+02 4.17017272e+02 5.20809755e+02 6.24797063e+02 7.28844948e+02 9.76218824e-16 8.60771975e-16 1.09824127e-05 1.25286101e-16 4.33992486e-14 2.64038206e-16 1.01225813e-27 9.99979100e-01 5.70965793e-16 9.99132050e-01 6.77639874e-01 7.55314209e-01 9.93560743e-01 9.96851273e-01 9.97649829e-01 9.97948396e-01 4.81094229e-18 3.98085001e-18 1.40808814e-06 3.39725510e-07 3.39725510e-07 3.56292512e-03 3.56292512e-03 1.13229375e-04 7.73045900e-18 7.29525219e-04 1.28793014e-02 1.14776794e-02 1.98428886e-03 1.38871344e-03 1.20000133e-03 1.12127260e-03
3.39339339e-02 -2.06697975e+01 -2.06697975e+01 -2.50725143e-02 -6.80090224e-03 -6.80089581e-03 7.13254574e+01 7.13254574e+01 1.03931184e+02 1.73372523e+02 2.07671493e+02 3.02783252e+02 3.18867312e+02 4.17027779e+02 5.20819110e+02 6.24806873e+02 7.28855821e+02 5.82624335e-16 1.88868465e-16 1.10312234e-05 1.59049655e-16 4.35645248e-14 1.01318220e-27 2.05384745e-16 9.99978913e-01 2.62739513e-16 9.99124183e-01 6.77565148e-01 7.55549413e-01 9.93507831e-01 9.96824163e-01 9.97629079e-01 9.97929654e-01 4.03565720e-18 3.39001764e-18 1.40808814e-06 3.39725510e-07 3.39725510e-07 3.56292512e-03 3.56292512e-03 1.13734450e-04 2.98099490e-18 7.32822639e-04 1.28805073e-02 1.14729302e-02 1.99239831e-03 1.39466953e-03 1.20528092e-03 1.12637717e-03
3.40840841e-02 -2.06697975e+01 -2.06697975e+01 -2.50725152e-02 -6.80089922e-03 -6.80089192e-03 7.13254574e+01 7.13254574e+01 1.03931028e+02 1.73372523e+02 2.07669469e+02 3.02739206e+02 3.18893663e+02 4.17038327e+02 5.20828505e+02 6.24816727e+02 7.28866744e+02 8.00842885e-17 6.72313343e-16 1.10800341e-05 3.31236480e-14 1.37246913e-16 4.68743426e-17 1.01489317e-27 9.99978725e-01 7.29769256e-16 9.99116278e-01 6.77490944e-01 7.55784698e-01 9.93454759e-01 9.96796949e-01 9.97608240e-01 9.97910821e-01 1.67891510e-18 4.05696879e-18 1.40808814e-06 3.39725510e-07 3.39725510e-07 3.56292512e-03 3.56292512e-03 1.14239549e-04 2.63583094e-18 7.36120790e-04 1.28817044e-02 1.14681759e-02 2.00049879e-03 1.40062274e-03 1.21055972e-03 1.13148334e-03
3.42342342e-02 -2.06697975e+01 -2.06697975e+01 -2.50725148e-02 -6.80089991e-03 -6.80089479e-03 7.13254574e+01 7.13254574e+01 1.03930872e+02 1.73372523e+02 2.07667436e+02 3.02695129e+02 3.18919973e+02 4.17048914e+02 5.20837938e+02 6.24826623e+02 7.28877718e+02 3.25765034e-16 5.07169636e-16 1.11288449e-05 2.26000029e-14 6.83587507e-17 8.61322623e-24 2.18747317e-16 9.99978537e-01 2.62451689e-16 9.99108336e-01 6.77417262e-01 7.56020061e-01 9.93401528e-01 9.96769631e-01 9.97587313e-01 9.97891896e-01 2.91298221e-18 2.48859400e-18 1.40808814e-06 3.39725510e-07 3.39725510e-07 3.56292512e-03 3.56292512e-03 1.14744673e-04 9.79865829e-18 7.39419675e-04 1.28828929e-02 1.14634166e-02 2.00859029e-03 1.40657306e-03 1.21583774e-03 1.13659110e-03
3.43843844e-02 -2.06697975e+01 -2.06697975e+01 -2.50725132e-02 -6.80089411e-03 -6.80089147e-03 7.13254574e+01 7.13254574e+01 1.03930715e+02 1.73372523e+02 2.07665394e+02 3.02651022e+02 3.18946243e+02 4.17059541e+02 5.20847410e+02 6.24836563e+02 7.28888743e+02 3.42554271e-16 1.01509506e-15 1.11776556e-05 2.26448203e-14 1.81978517e-16 1.99016016e-16 1.01754400e-27 9.99978347e-01 3.99189474e-16 9.99100357e-01 6.77344101e-01 7.56255502e-01 9.93348139e-01 9.96742211e-01 9.97566298e-01 9.97872880e-01 2.34060073e-18 5.28772641e-18 1.40808814e-06 3.39725510e-07 3.39725510e-07 3.56292512e-03 3.56292512e-03 1.15249822e-04 3.39365031e-18 7.42719298e-04 1.28840727e-02 1.14586523e-02 2.01667278e-03 1.41252048e-03 1.22111497e-03 1.14170048e-03
3.45345345e-02 -2.06697975e+01 -2.06697975e+01 -2.50725139e-02 -6.80089856e-03 -6.80086859e-03 7.13254574e+01 7.13254574e+01 1.03930557e+02 1.73372523e+02 2.07663343e+02 3.02606885e+02 3.18972473e+02 4.17070208e+02 5.20856921e+02 6.24846545e+02 7.28899819e+02 4.51011405e-16 5.23796338e-16 1.12264663e-05 2.28179052e-14 5.66820710e-17 1.01847676e-27 1.24068517e-16 9.99978157e-01 9.44345552e-16 9.99092340e-01 6.77271462e-01 7.56491020e-01 9.93294593e-01 9.96714688e-01 9.97545195e-01 9.97853772e-01 7.75775102e-19 1.14232475e-18 1.40808814e-06 3.39725510e-07 3.39725510e-07 3.56292512e-03 3.56292512e-03 1.15754995e-04 1.97027154e-19 7.46019661e-04 1.28852439e-02 1.14538829e-02 2.02474621e-03 1.41846499e-03 1.22639140e-03 1.14681147e-03
3.46846847e-02 -2.06697975e+01 -2.06697975e+01 -2.50725148e-02 -6.80089848e-03 -6.80089529e-03 7.13254574e+01 7.13254574e+01 1.03930399e+02 1.73372523e+02 2.07661282e+02 3.02562717e+02 3.18998662e+02 4.17080915e+02 5.20866470e+02 6.24856570e+02 7.28910946e+02 3.83684696e-16 4.19788094e-16 1.12752770e-05 3.18486879e-16 4.45647571e-14 8.62667398e-24 1.35522951e-16 9.99977966e-01 4.01132608e-16 9.99084286e-01 6.77199345e-01 7.56726613e-01 9.93240891e-01 9.96687062e-01 9.97524003e-01 9.97834573e-01 4.27987946e-18 2.33212665e-19 1.40808814e-06 3.39725510e-07 3.39725510e-07 3.56292512e-03 3.56292512e-03 1.16260193e-04 5.73467339e-18 7.49320767e-04 1.28864065e-02 1.14491085e-02 2.03281058e-03 1.42440656e-03 1.23166704e-03 1.15192409e-03
3.48348348e-02 -2.06697975e+01 -2.06697975e+01 -2.50725146e-02 -6.80090812e-03 -6.80089044e-03 7.13254574e+01 7.13254574e+01 1.03930240e+02 1.73372523e+02 2.07659212e+02 3.02518519e+02 3.19024811e+02 4.17091662e+02 5.20876059e+02 6.24866638e+02 7.28922124e+02 1.29312922e-15 5.18413806e-16 1.13240877e-05 2.29965120e-14 6.52309869e-17 1.02041857e-27 1.86784403e-16 9.99977774e-01 4.53285080e-16 9.99076194e-01 6.77127750e-01 7.56962279e-01 9.93187033e-01 9.96659333e-01 9.97502723e-01 9.97815281e-01 1.22056732e-18 6.02568147e-18 1.40808814e-06 3.39725510e-07 3.39725510e-07 3.56292512e-03 3.56292512e-03 1.16765416e-04 3.48620434e-19 7.52622621e-04 1.28875604e-02 1.14443292e-02 2.04086584e-03 1.43034520e-03 1.23694187e-03 1.15703833e-03
3.49849850e-02 -2.06697975e+01 -2.06697975e+01 -2.50725137e-02 -6.80089766e-03 -6.80089225e-03 7.13254574e+01 7.13254574e+01 1.03930080e+02 1.73372523e+02 2.07657132e+02 3.02474291e+02 3.19050919e+02 4.17102447e+02 5.20885686e+02 6.24876748e+02 7.28933353e+02 3.25543965e-16 4.03669583e-16 1.13728985e-05 4.49783765e-14 2.30127653e-16 1.17084002e-16 8.64382191e-24 9.99977581e-01 3.15386149e-16 9.99068065e-01 6.77056677e-01 7.57198019e-01 9.93133021e-01 9.96631502e-01 9.97481356e-01 9.97795897e-01 3.91910008e-19 3.55457799e-18 1.40808814e-06 3.39725510e-07 3.39725510e-07 3.56292512e-03 3.56292512e-03 1.17270664e-04 6.40839094e-18 7.55925224e-04 1.28887056e-02 1.14395449e-02 2.04891196e-03 1.43628088e-03 1.24221589e-03 1.16215421e-03
3.51351351e-02 -2.06697975e+01 -2.06697975e+01 -2.50725135e-02 -6.80090218e-03 -6.80088729e-03 7.13254574e+01 7.13254574e+01 1.03929920e+02 1.73372523e+02 2.07655044e+02 3.02430033e+02 3.19076987e+02 4.17113273e+02 5.20895352e+02 6.24886902e+02 7.28944633e+02 3.46770807e-16 2.27596732e-16 1.14217092e-05 1.36231405e-16 4.51262733e-14 9.75504429e-17 8.65240887e-24 9.99977388e-01 3.52391050e-16 9.99059899e-01 6.76986125e-01 7.57433829e-01 9.93078855e-01 9.96603569e-01 9.97459900e-01 9.97776421e-01 1.01062893e-18 5.47080586e-18 1.40808814e-06 3.39725510e-07 3.39725510e-07 3.56292512e-03 3.56292512e-03 1.17775937e-04 1.28436882e-17 7.59228581e-04 1.28898423e-02 1.14347556e-02 2.05694893e-03 1.44221359e-03 1.24748910e-03 1.16727174e-03
3.52852853e-02 -2.06697975e+01 -2.06697975e+01 -2.50725148e-02 -6.80089921e-03 -6.80089358e-03 7.13254574e+01 7.13254574e+01 1.03929759e+02 1.73372523e+02 2.07652945e+02 3.02385745e+02 3.19103014e+02 4.17124137e+02 5.20905056e+02 6.24897098e+02 7.28955964e+02 2.36435547e-16 5.73809813e-16 1.14705199e-05 1.65139549e-16 4.53470864e-14 2.39529703e-16 8.66240722e-24 9.99977193e-01 5.23099209e-16 9.99051694e-01 6.76916096e-01 7.57669709e-01 9.93024536e-01 9.96575535e-01 9.97438356e-01 9.97756853e-01 6.57368920e-18 1.34127687e-18 1.40808814e-06 3.39725510e-07 3.39725510e-07 3.56292512e-03 3.56292512e-03 1.18281236e-04 5.07948343e-18 7.62532694e-04 1.28909703e-02 1.14299615e-02 2.06497671e-03 1.44814332e-03 1.25276148e-03 1.17239091e-03
3.54354354e-02 -2.06697975e+01 -2.06697975e+01 -2.50725134e-02 -6.80090344e-03 -6.80088704e-03 7.13254574e+01 7.13254574e+01 1.03929597e+02 1.73372523e+02 2.07650838e+02 3.02341426e+02 3.19129001e+02 4.17135041e+02 5.20914799e+02 6.24907337e+02 7.28967347e+02 3.88399814e-16 6.87282520e-16 1.15193306e-05 2.34643196e-14 6.01861519e-17 8.68444477e-24 2.49405549e-16 9.99976998e-01 3.99175830e-16 9.99043452e-01 6.76846588e-01 7.57905657e-01 9.92970065e-01 9.96547398e-01 9.97416724e-01 9.97737193e-01 1.29976339e-18 4.72039170e-18 1.40808814e-06 3.39725510e-07 3.39725510e-07 3.56292512e-03 3.56292512e-03 1.18786560e-04 5.46184960e-18 7.65837566e-04 1.28920897e-02 1.14251624e-02 2.07299527e-03 1.45407006e-03 1.25803305e-03 1.17751174e-03
3.55855856e-02 -2.06697975e+01 -2.06697975e+01 -2.50725156e-02 -6.80089593e-03 -6.80089174e-03 7.13254574e+01 7.13254574e+01 1.03929435e+02 1.73372523e+02 2.07648721e+02 3.02297078e+02 3.19154948e+02 4.17145984e+02 5.20924581e+02 6.24917619e+02 7.28978780e+02 5.81005797e-16 8.57029335e-16 1.15681414e-05 2.35349665e-14 1.56536974e-16 1.55236967e-16 1.02607086e-27 9.99976802e-01 2.05307755e-16 9.99035173e-01 6.76777602e-01 7.58141673e-01 9.92915444e-01 9.96519161e-01 9.97395004e-01 9.97717440e-01 2.52124519e-18 1.01902944e-18 1.40808814e-06 3.39725510e-07 3.39725510e-07 3.56292512e-03 3.56292512e-03 1.19291910e-04 2.31411679e-18 7.69143202e-04 1.28932005e-02 1.14203585e-02 2.08100458e-03 1.45999380e-03 1.26330378e-03 1.18263423e-03
3.57357357e-02 -2.06697975e+01 -2.06697975e+01 -2.50725141e-02 -6.80088930e-03 -6.80088839e-03 7.13254574e+01 7.13254574e+01 1.03929271e+02 1.73372523e+02 2.07646595e+02 3.02252700e+02 3.19180854e+02 4.17156967e+02 5.20934401e+02 6.24927943e+02 7.28990264e+02 2.08520671e-16 3.76903867e-16 1.16169521e-05 4.58298902e-14 1.10125628e-15 1.02535603e-27 1.24744780e-16 9.99976605e-01 2.85260323e-16 9.99026856e-01 6.76709137e-01 7.58377755e-01 9.92860673e-01 9.96490822e-01 9.97373196e-01 9.97697594e-01 1.20548506e-18 3.99716393e-18 1.40808814e-06 3.39725510e-07 3.39725510e-07 3.56292512e-03 3.56292512e-03 1.19797285e-04 4.41260533e-18 7.72449603e-04 1.28943027e-02 1.14155497e-02 2.08900462e-03 1.46591452e-03 1.26857368e-03 1.18775839e-03
3.58858859e-02 -2.06697975e+01 -2.06697975e+01 -2.50725136e-02 -6.80089216e-03 -6.80088791e-03 7.13254574e+01 7.13254574e+01 1.03929108e+02 1.73372523e+02 2.07644460e+02 3.02208292e+02 3.19206720e+02 4.17167988e+02 5.20944260e+02 6.24938311e+02 7.29001800e+02 3.43115221e-16 1.19372089e-15 1.16657628e-05 2.03195393e-16 2.36836511e-14 1.02794594e-27 2.04922083e-16 9.99976407e-01 4.44113700e-16 9.99018501e-01 6.76641195e-01 7.58613901e-01 9.92805752e-01 9.96462382e-01 9.97351301e-01 9.97677656e-01 1.45337238e-18 1.61322743e-18 1.40808814e-06 3.39725510e-07 3.39725510e-07 3.56292512e-03 3.56292512e-03 1.20302686e-04 4.50354659e-18 7.75756774e-04 1.28953963e-02 1.14107360e-02 2.09699535e-03 1.47183221e-03 1.27384274e-03 1.19288423e-03
3.60360360e-02 -2.06697975e+01 -2.06697975e+01 -2.50725162e-02 -6.80089969e-03 -6.80088110e-03 7.13254574e+01 7.13254574e+01 1.03928943e+02 1.73372523e+02 2.07642315e+02 3.02163855e+02 3.19232546e+02 4.17179048e+02 5.20954157e+02 6.24948721e+02 7.29013387e+02 3.38113376e-16 4.58791505e-16 1.17145735e-05 4.63578365e-14 8.94485305e-17 1.07317621e-27 3.69139384e-16 9.99976208e-01 3.97032575e-16 9.99010109e-01 6.76573774e-01 7.58850110e-01 9.92750683e-01 9.96433842e-01 9.97329318e-01 9.97657624e-01 1.29508154e-18 4.38917751e-18 1.40808814e-06 3.39725510e-07 3.39725510e-07 3.56292512e-03 3.56292512e-03 1.20808113e-04 6.83280801e-18 7.79064717e-04 1.28964812e-02 1.14059176e-02 2.10497676e-03 1.47774686e-03 1.27911095e-03 1.19801175e-03
3.61861862e-02 -2.06697975e+01 -2.06697975e+01 -2.50725152e-02 -6.80089038e-03 -6.80088525e-03 7.13254574e+01 7.13254574e+01 1.03928778e+02 1.73372523e+02 2.07640161e+02 3.02119388e+02 3.19258332e+02 4.17190147e+02 5.20964093e+02 6.24959174e+02 7.29025026e+02 4.04994178e-16 5.00549448e-16 1.17633843e-05 2.01917790e-16 4.65098353e-14 6.29681526e-17 9.15548629e-24 9.99976009e-01 4.95095363e-16 9.99001678e-01 6.76506875e-01 7.59086382e-01 9.92695467e-01 9.96405201e-01 9.97307247e-01 9.97637500e-01 2.37393382e-18 5.30234867e-19 1.40808814e-06 3.39725510e-07 3.39725510e-07 3.56292512e-03 3.56292512e-03 1.21313565e-04 1.28133989e-17 7.82373435e-04 1.28975576e-02 1.14010943e-02 2.11294880e-03 1.48365845e-03 1.28437831e-03 1.20314096e-03
3.63363363e-02 -2.06697975e+01 -2.06697975e+01 -2.50725152e-02 -6.80090067e-03 -6.80089067e-03 7.13254574e+01 7.13254574e+01 1.03928612e+02 1.73372523e+02 2.07637997e+02 3.02074891e+02 3.19284078e+02 4.17201285e+02 5.20974067e+02 6.24969670e+02 7.29036715e+02 4.56024764e-16 1.03543489e-15 1.18121950e-05 1.41596647e-16 3.53454319e-14 1.92259206e-16 1.08096858e-27 9.99975809e-01 2.10701066e-16 9.98993210e-01 6.76440497e-01 7.59322714e-01 9.92640105e-01 9.96376460e-01 9.97285089e-01 9.97617283e-01 6.19299893e-19 1.11094097e-18 1.40808814e-06 3.39725510e-07 3.39725510e-07 3.56292512e-03 3.56292512e-03 1.21819044e-04 5.40119758e-18 7.85682932e-04 1.28986254e-02 1.13962663e-02 2.12091146e-03 1.48956697e-03 1.28964482e-03 1.20827187e-03
3.64864865e-02 -2.06697975e+01 -2.06697975e+01 -2.50725146e-02 -6.80089880e-03 -6.80089825e-03 7.13254574e+01 7.13254574e+01 1.03928445e+02 1.73372523e+02 2.07635824e+02 3.02030365e+02 3.19309783e+02 4.17212461e+02 5.20984079e+02 6.24980208e+02 7.29048456e+02 7.77566868e-16 4.35825580e-16 1.18610057e-05 4.68189035e-14 1.82933586e-15 1.08629859e-27 2.27227160e-16 9.99975607e-01 4.36666090e-16 9.98984704e-01 6.76374641e-01 7.59559105e-01 9.92584596e-01 9.96347619e-01 9.97262843e-01 9.97596972e-01 6.20519415e-19 3.49671717e-18 1.40808814e-06 3.39725510e-07 3.39725510e-07 3.56292512e-03 3.56292512e-03 1.22324549e-04 1.97027154e-19 7.88993211e-04 1.28996847e-02 1.13914335e-02 2.12886470e-03 1.49547241e-03 1.29491047e-03 1.21340447e-03
3.66366366e-02 -2.06697975e+01 -2.06697975e+01 -2.50725135e-02 -6.80089116e-03 -6.80088620e-03 7.13254574e+01 7.13254574e+01 1.03928278e+02 1.73372523e+02 2.07633642e+02 3.01985809e+02 3.19335448e+02 4.17223676e+02 5.20994130e+02 6.24990789e+02 7.29060249e+02 3.30684188e-16 6.73353383e-16 1.19098164e-05 3.31477786e-15 1.05207737e-16 3.96157862e-16 1.09047647e-27 9.99975405e-01 5.55104797e-16 9.98976161e-01 6.76309307e-01 7.59795554e-01 9.92528944e-01 9.96318678e-01 9.97240510e-01 9.97576569e-01 1.36475654e-18 3.59180789e-18 1.40808814e-06 3.39725510e-07 3.39725510e-07 3.56292512e-03 3.56292512e-03 1.22830080e-04 6.42015260e-18 7.92304275e-04 1.29007353e-02 1.13865959e-02 2.13680851e-03 1.50137476e-03 1.30017526e-03 1.21853879e-03
3.67867868e-02 -2.06697975e+01 -2.06697975e+01 -2.50725133e-02 -6.80088759e-03 -6.80088162e-03 7.13254574e+01 7.13254574e+01 1.03928110e+02 1.73372523e+02 2.07631450e+02 3.01941224e+02 3.19361074e+02 4.17234930e+02 5.21004219e+02 6.25001413e+02 7.29072093e+02 6.35723691e-16 1.36652493e-15 1.19586271e-05 1.48153811e-14 7.74134739e-17 1.09057517e-27 2.59129835e-16 9.99975202e-01 2.88583972e-16 9.98967579e-01 6.76244494e-01 7.60032060e-01 9.92473147e-01 9.96289638e-01 9.97218089e-01 9.97556071e-01 5.33467547e-19 2.07648419e-18 1.40808814e-06 3.39725510e-07 3.39725510e-07 3.56292512e-03 3.56292512e-03 1.23335638e-04 3.48620434e-19 7.95616127e-04 1.29017774e-02 1.13817537e-02 2.14474284e-03 1.50727400e-03 1.30543917e-03 1.22367482e-03
3.69369369e-02 -2.06697975e+01 -2.06697975e+01 -2.50725138e-02 -6.80089351e-03 -6.80088071e-03 7.13254574e+01 7.13254574e+01 1.03927941e+02 1.73372523e+02 2.07629249e+02 3.01896610e+02 3.19386659e+02 4.17246222e+02 5.21014347e+02 6.25012079e+02 7.29083988e+02 4.10026438e-16 1.27102970e-15 1.20074379e-05 8.83611687e-17 1.48358287e-14 1.09152132e-27 1.73340194e-16 9.99974999e-01 3.46310319e-16 9.98958959e-01 6.76180202e-01 7.60268621e-01 9.92417208e-01 9.96260498e-01 9.97195581e-01 9.97535481e-01 4.26535190e-18 1.82092965e-18 1.40808814e-06 3.39725510e-07 3.39725510e-07 3.56292512e-03 3.56292512e-03 1.23841222e-04 7.61275848e-19 7.98928770e-04 1.29028109e-02 1.13769067e-02 2.15266768e-03 1.51317012e-03 1.31070221e-03 1.22881258e-03
3.70870871e-02 -2.06697975e+01 -2.06697975e+01 -2.50725141e-02 -6.80089863e-03 -6.80089453e-03 7.13254574e+01 7.13254574e+01 1.03927772e+02 1.73372523e+02 2.07627039e+02 3.01851967e+02 3.19412204e+02 4.17257552e+02 5.21024512e+02 6.25022788e+02 7.29095935e+02 5.44970548e-16 2.94122494e-16 1.20562486e-05 9.25484951e-17 8.14692694e-15 1.20110170e-29 1.77535774e-16 9.99974794e-01 4.79233121e-16 9.98950302e-01 6.76116432e-01 7.60505237e-01 9.92361127e-01 9.96231260e-01 9.97172986e-01 9.97514796e-01 3.87122392e-18 4.81139337e-18 1.40808814e-06 3.39725510e-07 3.39725510e-07 3.56292512e-03 3.56292512e-03 1.24346832e-04 1.97027154e-19 8.02242208e-04 1.29038358e-02 1.13720550e-02 2.16058299e-03 1.51906311e-03 1.31596436e-03 1.23395206e-03
3.72372372e-02 -2.06697975e+01 -2.06697975e+01 -2.50725143e-02 -6.80090455e-03 -6.80088741e-03 7.13254574e+01 7.13254574e+01 1.03927602e+02 1.73372523e+02 2.07624819e+02 3.01807294e+02 3.19437709e+02 4.17268920e+02 5.21034716e+02 6.25033540e+02 7.29107934e+02 8.02750421e-16 9.57368746e-16 1.21050593e-05 1.49976442e-14 5.53040420e-17 1.23943238e-16 1.09349216e-27 9.99974589e-01 4.80731714e-16 9.98941606e-01 6.76053183e-01 7.60741905e-01 9.92304905e-01 9.96201922e-01 9.97150303e-01 9.97494018e-01 2.13455362e-18 3.31860357e-18 1.40808814e-06 3.39725510e-07 3.39725510e-07 3.56292512e-03 3.56292512e-03 1.24852470e-04 1.12908472e-17 8.05556443e-04 1.29048522e-02 1.13671987e-02 2.16848876e-03 1.52495296e-03 1.32122564e-03 1.23909328e-03
3.73873874e-02 -2.06697975e+01 -2.06697975e+01 -2.50725147e-02 -6.80090930e-03 -6.80088638e-03 7.13254574e+01 7.13254574e+01 1.03927431e+02 1.73372523e+02 2.07622590e+02 3.01762592e+02 3.19463174e+02 4.17280327e+02 5.21044958e+02 6.25044335e+02 7.29119984e+02 5.12440327e-16 4.63282716e-16 1.21538700e-05 1.50664232e-14 7.80565682e-17 1.29147609e-16 1.09451870e-27 9.99974383e-01 5.96935020e-16 9.98932873e-01 6.75990455e-01 7.60978625e-01 9.92248543e-01 9.96172486e-01 9.97127533e-01 9.97473146e-01 3.00837782e-18 5.11184196e-18 1.40808814e-06 3.39725510e-07 3.39725510e-07 3.56292512e-03 3.56292512e-03 1.25358134e-04 5.41979869e-18 8.08871480e-04 1.29058601e-02 1.13623377e-02 2.17638494e-03 1.53083964e-03 1.32648601e-03 1.24423624e-03
3.75375375e-02 -2.06697975e+01 -2.06697975e+01 -2.50725140e-02 -6.80090055e-03 -6.80089812e-03 7.13254574e+01 7.13254574e+01 1.03927259e+02 1.73372523e+02 2.07620351e+02 3.01717861e+02 3.19488599e+02 4.17291772e+02 5.21055238e+02 6.25055172e+02 7.29132086e+02 2.94495329e-16 8.23974511e-16 1.22026808e-05 3.44701927e-15 5.92793429e-17 1.64008280e-16 1.09682123e-27 9.99974175e-01 4.17367101e-16 9.98924101e-01 6.75928249e-01 7.61215394e-01 9.92192042e-01 9.96142952e-01 9.97104677e-01 9.97452180e-01 9.21528531e-18 6.14117014e-18 1.40808814e-06 3.39725510e-07 3.39725510e-07 3.56292512e-03 3.56292512e-03 1.25863825e-04 1.81387999e-17 8.12187320e-04 1.29068594e-02 1.13574721e-02 2.18427153e-03 1.53672316e-03 1.33174550e-03 1.24938095e-03
3.76876877e-02 -2.06697975e+01 -2.06697975e+01 -2.50725135e-02 -6.80089467e-03 -6.80088516e-03 7.13254574e+01 7.13254574e+01 1.03927087e+02 1.73372523e+02 2.07618103e+02 3.01673101e+02 3.19513984e+02 4.17303255e+02 5.21065556e+02 6.25066051e+02 7.29144239e+02 4.16582962e-16 6.64051213e-16 1.22514915e-05 1.52351675e-14 4.14441195e-17 2.74189776e-16 1.09739663e-27 9.99973967e-01 3.93456519e-16 9.98915291e-01 6.75866564e-01 7.61452213e-01 9.92135402e-01 9.96113319e-01 9.97081733e-01 9.97431119e-01 6.94133732e-19 2.21845601e-18 1.40808814e-06 3.39725510e-07 3.39725510e-07 3.56292512e-03 3.56292512e-03 1.26369543e-04 8.15487608e-18 8.15503968e-04 1.29078501e-02 1.13526019e-02 2.19214848e-03 1.54260350e-03 1.33700408e-03 1.25452742e-03
3.78378378e-02 -2.06697975e+01 -2.06697975e+01 -2.50725130e-02 -6.80090334e-03 -6.80089515e-03 7.13254574e+01 7.13254574e+01 1.03926914e+02 1.73372523e+02 2.07615846e+02 3.01628313e+02 3.19539329e+02 4.17314775e+02 5.21075912e+02 6.25076974e+02 7.29156444e+02 3.31526999e-16 2.99350998e-16 1.23003022e-05 3.19695670e-14 1.36996034e-16 9.33581328e-24 6.55046581e-17 9.99973759e-01 3.75592495e-16 9.98906443e-01 6.75805399e-01 7.61689080e-01 9.92078625e-01 9.96083589e-01 9.97058702e-01 9.97409965e-01 6.00736933e-18 7.47792303e-18 1.40808814e-06 3.39725510e-07 3.39725510e-07 3.56292512e-03 3.56292512e-03 1.26875289e-04 1.17944439e-17 8.18821426e-04 1.29088324e-02 1.13477271e-02 2.20001577e-03 1.54848063e-03 1.34226175e-03 1.25967565e-03
3.79879880e-02 -2.06697975e+01 -2.06697975e+01 -2.50725145e-02 -6.80089439e-03 -6.80089428e-03 7.13254574e+01 7.13254574e+01 1.03926741e+02 1.73372523e+02 2.07613579e+02 3.01583495e+02 3.19564634e+02 4.17326334e+02 5.21086306e+02 6.25087939e+02 7.29168701e+02 4.24043260e-16 3.27091989e-16 1.23491129e-05 6.40711336e-27 3.76235730e-27 1.06947040e-44 1.21247761e-26 9.99973549e-01 1.12353197e-15 9.98897557e-01 6.75744756e-01 7.61925993e-01 9.92021712e-01 9.96053761e-01 9.97035584e-01 9.97388716e-01 2.73071805e-18 2.22206545e-18 1.40808814e-06 3.39725510e-07 3.39725510e-07 3.56292512e-03 3.56292512e-03 1.27381061e-04 3.97510789e-19 8.22139698e-04 1.29098061e-02 1.13428477e-02 2.20787339e-03 1.55435456e-03 1.34751851e-03 1.26482564e-03
3.81381381e-02 -2.06697975e+01 -2.06697975e+01 -2.50725143e-02 -6.80089439e-03 -6.80089428e-03 7.13254574e+01 7.13254574e+01 1.03926566e+02 1.73372523e+02 2.07611303e+02 3.01538649e+02 3.19589900e+02 4.17337930e+02 5.21096738e+02 6.25098947e+02 7.29181010e+02 2.96895636e-16 4.27938127e-16 1.23979237e-05 6.43297981e-27 3.77754648e-27 1.07369756e-44 1.21737255e-26 9.99973339e-01 1.01043228e-15 9.98888633e-01 6.75684633e-01 7.62162951e-01 9.91964664e-01 9.96023836e-01 9.97012380e-01 9.97367372e-01 5.56779619e-18 8.48584445e-19 1.40808814e-06 3.39725510e-07 3.39725510e-07 3.56292512e-03 3.56292512e-03 1.27886861e-04 1.81052012e-18 8.25458786e-04 1.29107713e-02 1.13379638e-02 2.21572129e-03 1.56022527e-03 1.35277436e-03 1.26997741e-03
3.82882883e-02 -2.06697975e+01 -2.06697975e+01 -2.50725147e-02 -6.80090880e-03 -6.80088972e-03 7.13254574e+01 7.13254574e+01 1.03926391e+02 1.73372523e+02 2.07609017e+02 3.01493774e+02 3.19615125e+02 4.17349564e+02 5.21107208e+02 6.25109997e+02 7.29193370e+02 3.68709692e-16 8.51081876e-16 1.24467344e-05 7.13520231e-17 3.23109090e-14 2.26072958e-16 9.58371744e-24 9.99973127e-01 2.60577507e-16 9.98879670e-01 6.75625031e-01 7.62399952e-01 9.91907480e-01 9.95993813e-01 9.96989088e-01 9.97345934e-01 4.62232595e-18 7.27113630e-18 1.40808814e-06 3.39725510e-07 3.39725510e-07 3.56292512e-03 3.56292512e-03 1.28392689e-04 5.18902580e-18 8.28778694e-04 1.29117279e-02 1.13330754e-02 2.22355945e-03 1.56609275e-03 1.35802928e-03 1.27513097e-03
3.84384384e-02 -2.06697975e+01 -2.06697975e+01 -2.50725139e-02 -6.80089956e-03 -6.80088842e-03 7.13254574e+01 7.13254574e+01 1.03926216e+02 1.73372523e+02 2.07606722e+02 3.01448870e+02 3.19640311e+02 4.17361235e+02 5.21117716e+02 6.25121090e+02 7.29205783e+02 5.76114792e-16 2.76258828e-16 1.24955451e-05 8.09476867e-17 8.52776895e-15 2.15880535e-16 1.14977921e-27 9.99972915e-01 4.00083419e-16 9.98870669e-01 6.75565950e-01 7.62636997e-01 9.91850163e-01 9.95963694e-01 9.96965710e-01 9.97324401e-01 2.63853023e-18 4.22720569e-18 1.40808814e-06 3.39725510e-07 3.39725510e-07 3.56292512e-03 3.56292512e-03 1.28898544e-04 8.74941402e-18 8.32099425e-04 1.29126761e-02 1.13281825e-02 2.23138786e-03 1.57195698e-03 1.36328327e-03 1.28028631e-03
3.85885886e-02 -2.06697975e+01 -2.06697975e+01 -2.50725149e-02 -6.80089988e-03 -6.80089084e-03 7.13254574e+01 7.13254574e+01 1.03926039e+02 1.73372523e+02 2.07604417e+02 3.01403938e+02 3.19665457e+02 4.17372944e+02 5.21128262e+02 6.25132225e+02 7.29218247e+02 2.75604494e-16 2.04275576e-16 1.25443558e-05 1.08596718e-16 3.25581590e-14 1.87646559e-16 1.15252097e-27 9.99972702e-01 3.94753183e-16 9.98861630e-01 6.75507389e-01 7.62874082e-01 9.91792714e-01 9.95933478e-01 9.96942246e-01 9.97302773e-01 9.53014807e-19 1.46842192e-18 1.40808814e-06 3.39725510e-07 3.39725510e-07 3.56292512e-03 3.56292512e-03 1.29404426e-04 4.62477711e-18 8.35420983e-04 1.29136157e-02 1.13232850e-02 2.23920647e-03 1.57781795e-03 1.36853633e-03 1.28544344e-03
3.87387387e-02 -2.06697975e+01 -2.06697975e+01 -2.50725144e-02 -6.80090756e-03 -6.80088863e-03 7.13254574e+01 7.13254574e+01 1.03925862e+02 1.73372523e+02 2.07602103e+02 3.01358977e+02 3.19690563e+02 4.17384690e+02 5.21138845e+02 6.25143403e+02 7.29230763e+02 1.23202371e-15 1.31538926e-15 1.25931665e-05 3.28360543e-17 8.60115933e-15 1.15169688e-27 1.31110825e-16 9.99972488e-01 4.47426715e-16 9.98852552e-01 6.75449349e-01 7.63111207e-01 9.91735132e-01 9.95903165e-01 9.96918694e-01 9.97281050e-01 1.25655682e-18 3.36626885e-18 1.40808814e-06 3.39725510e-07 3.39725510e-07 3.56292512e-03 3.56292512e-03 1.29910337e-04 3.21176778e-18 8.38743369e-04 1.29145469e-02 1.13183831e-02 2.24701528e-03 1.58367564e-03 1.37378844e-03 1.29060238e-03
3.88888889e-02 -2.06697975e+01 -2.06697975e+01 -2.50725143e-02 -6.80089737e-03 -6.80087834e-03 7.13254574e+01 7.13254574e+01 1.03925685e+02 1.73372523e+02 2.07599780e+02 3.01313988e+02 3.19715630e+02 4.17396474e+02 5.21149467e+02 6.25154623e+02 7.29243331e+02 4.48531084e-16 4.70724420e-16 1.26419773e-05 6.53643451e-17 3.29025888e-14 1.15445379e-27 1.39338893e-16 9.99972273e-01 5.79755317e-16 9.98843436e-01 6.75391829e-01 7.63348372e-01 9.91677420e-01 9.95872757e-01 9.96895057e-01 9.97259232e-01 3.01455207e-18 2.18746988e-18 1.40808814e-06 3.39725510e-07 3.39725510e-07 3.56292512e-03 3.56292512e-03 1.30416275e-04 1.76162976e-18 8.42066589e-04 1.29154696e-02 1.13134768e-02 2.25481424e-03 1.58953006e-03 1.37903962e-03 1.29576312e-03
3.90390390e-02 -2.06697975e+01 -2.06697975e+01 -2.50725145e-02 -6.80089479e-03 -6.80087915e-03 7.13254574e+01 7.13254574e+01 1.03925506e+02 1.73372523e+02 2.07597447e+02 3.01268970e+02 3.19740657e+02 4.17408294e+02 5.21160126e+02 6.25165886e+02 7.29255952e+02 2.47990814e-16 2.98891022e-16 1.26907880e-05 6.54843292e-17 3.29499900e-14 9.85047127e-24 8.47439038e-17 9.99972058e-01 3.00956998e-16 9.98834282e-01 6.75334829e-01 7.63585573e-01 9.91619578e-01 9.95842252e-01 9.96871332e-01 9.97237319e-01 2.91472548e-19 5.72814012e-18 1.40808814e-06 3.39725510e-07 3.39725510e-07 3.56292512e-03 3.56292512e-03 1.30922242e-04 7.28751434e-18 8.45390644e-04 1.29163837e-02 1.13085660e-02 2.26260334e-03 1.59538117e-03 1.38428984e-03 1.30092568e-03
3.91891892e-02 -2.06697975e+01 -2.06697975e+01 -2.50725132e-02 -6.80089181e-03 -6.80088989e-03 7.13254574e+01 7.13254574e+01 1.03925327e+02 1.73372523e+02 2.07595104e+02 3.01223925e+02 3.19765644e+02 4.17420152e+02 5.21170823e+02 6.25177192e+02 7.29268624e+02 7.64629737e-16 3.74782328e-16 1.27395987e-05 3.54866929e-16 3.31047393e-14 1.15638844e-27 1.20100316e-16 9.99971842e-01 5.67243955e-16 9.98825089e-01 6.75278349e-01 7.63822811e-01 9.91561607e-01 9.95811652e-01 9.96847522e-01 9.97215310e-01 4.19389852e-18 3.45376199e-18 1.40808814e-06 3.39725510e-07 3.39725510e-07 3.56292512e-03 3.56292512e-03 1.31428236e-04 2.79911237e-18 8.48715537e-04 1.29172894e-02 1.13036508e-02 2.27038255e-03 1.60122898e-03 1.38953911e-03 1.30609006e-03
3.93393393e-02 -2.06697975e+01 -2.06697975e+01 -2.50725140e-02 -6.80090344e-03 -6.80089070e-03 7.13254574e+01 7.13254574e+01 1.03925147e+02 1.73372523e+02 2.07592753e+02 3.01178851e+02 3.19790592e+02 4.17432047e+02 5.21181557e+02 6.25188540e+02 7.29281349e+02 5.27031651e-16 7.61630524e-16 1.27884094e-05 3.96517301e-17 8.68850955e-15 1.15553768e-27 1.53275698e-16 9.99971624e-01 8.44004074e-16 9.98815858e-01 6.75222389e-01 7.64060084e-01 9.91503507e-01 9.95780956e-01 9.96823625e-01 9.97193206e-01 3.99182483e-19 9.20898681e-19 1.40808814e-06 3.39725510e-07 3.39725510e-07 3.56292512e-03 3.56292512e-03 1.31934259e-04 3.07193616e-18 8.52041273e-04 1.29181867e-02 1.12987312e-02 2.27815184e-03 1.60707346e-03 1.39478741e-03 1.31125626e-03
3.94894895e-02 -2.06697975e+01 -2.06697975e+01 -2.50725143e-02 -6.80089302e-03 -6.80088424e-03 7.13254574e+01 7.13254574e+01 1.03924967e+02 1.73372523e+02 2.07590391e+02 3.01133748e+02 3.19815500e+02 4.17443979e+02 5.21192329e+02 6.25199930e+02 7.29294125e+02 2.11068886e-16 8.56768970e-16 1.28372202e-05 8.65357751e-15 3.87234021e-17 1.59260076e-16 1.16169990e-27 9.99971406e-01 4.82353218e-16 9.98806588e-01 6.75166948e-01 7.64297390e-01 9.91445281e-01 9.95750166e-01 9.96799642e-01 9.97171006e-01 3.59514233e-19 1.21209404e-18 1.40808814e-06 3.39725510e-07 3.39725510e-07 3.56292512e-03 3.56292512e-03 1.32440310e-04 5.09808454e-18 8.55367854e-04 1.29190754e-02 1.12938073e-02 2.28591119e-03 1.61291461e-03 1.40003475e-03 1.31642430e-03
3.96396396e-02 -2.06697975e+01 -2.06697975e+01 -2.50725129e-02 -6.80089553e-03 -6.80088596e-03 7.13254574e+01 7.13254574e+01 1.03924785e+02 1.73372523e+02 2.07588020e+02 3.01088618e+02 3.19840368e+02 4.17455947e+02 5.21203139e+02 6.25211364e+02 7.29306954e+02 7.74644876e-16 4.48085489e-16 1.28860309e-05 6.00032706e-17 2.61923974e-14 1.23450835e-16 1.16539916e-27 9.99971187e-01 2.72222651e-16 9.98797279e-01 6.75112028e-01 7.64534729e-01 9.91386928e-01 9.95719280e-01 9.96775573e-01 9.97148711e-01 2.94655788e-18 7.25680564e-18 1.40808814e-06 3.39725510e-07 3.39725510e-07 3.56292512e-03 3.56292512e-03 1.32946390e-04 1.29516178e-18 8.58695283e-04 1.29199557e-02 1.12888790e-02 2.29366058e-03 1.61875241e-03 1.40528112e-03 1.32159418e-03
3.97897898e-02 -2.06697975e+01 -2.06697975e+01 -2.50725133e-02 -6.80089439e-03 -6.80089428e-03 7.13254574e+01 7.13254574e+01 1.03924603e+02 1.73372523e+02 2.07585640e+02 3.01043460e+02 3.19865197e+02 4.17467953e+02 5.21213986e+02 6.25222839e+02 7.29319835e+02 5.75969670e-16 8.93771744e-16 1.29348416e-05 6.71793978e-27 3.94487944e-27 1.12019627e-44 1.27129818e-26 9.99970967e-01 5.04948894e-16 9.98787932e-01 6.75057627e-01 7.64772098e-01 9.91328450e-01 9.95688299e-01 9.96751417e-01 9.97126319e-01 9.89241356e-19 1.69174785e-18 1.40808814e-06 3.39725510e-07 3.39725510e-07 3.56292512e-03 3.56292512e-03 1.33452498e-04 2.07158225e-18 8.62023564e-04 1.29208276e-02 1.12839463e-02 2.30139998e-03 1.62458685e-03 1.41052651e-03 1.32676590e-03
3.99399399e-02 -2.06697975e+01 -2.06697975e+01 -2.50725140e-02 -6.80090166e-03 -6.80087794e-03 7.13254574e+01 7.13254574e+01 1.03924421e+02 1.73372523e+02 2.07583250e+02 3.00998274e+02 3.19889986e+02 4.17479995e+02 5.21224870e+02 6.25234357e+02 7.29332768e+02 2.22811394e-16 4.85878452e-16 1.29836523e-05 2.60766807e-17 1.44965616e-15 1.32336058e-16 1.17014914e-27 9.99970747e-01 8.51632697e-16 9.98778546e-01 6.75003745e-01 7.65009498e-01 9.91269847e-01 9.95657225e-01 9.96727176e-01 9.97103832e-01 6.97623328e-19 1.85537804e-18 1.40808814e-06 3.39725510e-07 3.39725510e-07 3.56292512e-03 3.56292512e-03 1.33958635e-04 6.14732881e-18 8.65352699e-04 1.29216909e-02 1.12790094e-02 2.30912936e-03 1.63041791e-03 1.41577091e-03 1.33193948e-03
4.00900901e-02 -2.06697975e+01 -2.06697975e+01 -2.50725146e-02 -6.80091554e-03 -6.80089498e-03 7.13254574e+01 7.13254574e+01 1.03924238e+02 1.73372523e+02 2.07580851e+02 3.00953060e+02 3.19914736e+02 4.17492073e+02 5.21235792e+02 6.25245917e+02 7.29345754e+02 4.83777294e-16 1.68476120e-15 1.30324631e-05 8.28791519e-17 1.51866499e-15 9.07388066e-17 1.17111414e-27 9.99970525e-01 5.09451176e-16 9.98769122e-01 6.74950383e-01 7.65246926e-01 9.91211121e-01 9.95626056e-01 9.96702848e-01 9.97081248e-01 7.31826798e-18 1.70619475e-18 1.40808814e-06 3.39725510e-07 3.39725510e-07 3.56292512e-03 3.56292512e-03 1.34464801e-04 3.97510789e-19 8.68682692e-04 1.29225459e-02 1.12740682e-02 2.31684870e-03 1.63624560e-03 1.42101432e-03 1.33711492e-03
4.02402402e-02 -2.06697975e+01 -2.06697975e+01 -2.50725139e-02 -6.80090775e-03 -6.80088641e-03 7.13254574e+01 7.13254574e+01 1.03924054e+02 1.73372523e+02 2.07578442e+02 3.00907818e+02 3.19939446e+02 4.17504189e+02 5.21246752e+02 6.25257520e+02 7.29358792e+02 1.16859594e-15 1.38633074e-16 1.30812738e-05 6.77038581e-17 1.50966864e-15 1.17207961e-27 1.91749922e-16 9.99970303e-01 4.58775080e-16 9.98759658e-01 6.74897539e-01 7.65484382e-01 9.91152273e-01 9.95594793e-01 9.96678435e-01 9.97058568e-01 3.13731755e-18 1.39175417e-18 1.40808814e-06 3.39725510e-07 3.39725510e-07 3.56292512e-03 3.56292512e-03 1.34970995e-04 9.01047615e-18 8.72013546e-04 1.29233924e-02 1.12691226e-02 2.32455798e-03 1.64206988e-03 1.42625674e-03 1.34229222e-03
4.03903904e-02 -2.06697975e+01 -2.06697975e+01 -2.50725136e-02 -6.80090059e-03 -6.80089110e-03 7.13254574e+01 7.13254574e+01 1.03923869e+02 1.73372523e+02 2.07576024e+02 3.00862548e+02 3.19964117e+02 4.17516340e+02 5.21257749e+02 6.25269166e+02 7.29371882e+02 3.06058064e-16 8.54002840e-16 1.31300845e-05 2.67336730e-14 9.32314806e-17 9.93093891e-24 9.75815310e-17 9.99970080e-01 3.65762954e-16 9.98750156e-01 6.74845215e-01 7.65721864e-01 9.91093303e-01 9.95563436e-01 9.96653936e-01 9.97035792e-01 3.03562158e-18 6.72430288e-18 1.40808814e-06 3.39725510e-07 3.39725510e-07 3.56292512e-03 3.56292512e-03 1.35477219e-04 1.20672677e-17 8.75345264e-04 1.29242305e-02 1.12641729e-02 2.33225717e-03 1.64789075e-03 1.43149816e-03 1.34747140e-03
4.05405405e-02 -2.06697975e+01 -2.06697975e+01 -2.50725137e-02 -6.80088684e-03 -6.80088286e-03 7.13254574e+01 7.13254574e+01 1.03923683e+02 1.73372523e+02 2.07573596e+02 3.00817251e+02 3.19988749e+02 4.17528528e+02 5.21268783e+02 6.25280853e+02 7.29385025e+02 1.58553941e-15 1.00879151e-15 1.31788952e-05 1.45962293e-15 1.04001938e-17 1.29632825e-27 1.91993575e-16 9.99969856e-01 6.03622724e-16 9.98740615e-01 6.74793409e-01 7.65959371e-01 9.91034212e-01 9.95531986e-01 9.96629351e-01 9.97012919e-01 5.67028181e-18 5.61344008e-18 1.40808814e-06 3.39725510e-07 3.39725510e-07 3.56292512e-03 3.56292512e-03 1.35983471e-04 7.13592106e-18 8.78677849e-04 1.29250601e-02 1.12592189e-02 2.33994625e-03 1.65370819e-03 1.43673858e-03 1.35265245e-03
4.06906907e-02 -2.06697975e+01 -2.06697975e+01 -2.50725137e-02 -6.80089149e-03 -6.80088198e-03 7.13254574e+01 7.13254574e+01 1.03923497e+02 1.73372523e+02 2.07571159e+02 3.00771926e+02 3.20013341e+02 4.17540752e+02 5.21279855e+02 6.25292584e+02 7.29398220e+02 2.63736402e-16 2.28721953e-16 1.32277059e-05 1.48610933e-15 6.37670851e-17 1.22074600e-27 1.29199576e-16 9.99969631e-01 3.89676610e-16 9.98731036e-01 6.74742121e-01 7.66196901e-01 9.90975001e-01 9.95500443e-01 9.96604681e-01 9.96989949e-01 2.53918995e-18 1.29331794e-17 1.40808814e-06 3.39725510e-07 3.39725510e-07 3.56292512e-03 3.56292512e-03 1.36489753e-04 7.88205228e-18 8.82011304e-04 1.29258813e-02 1.12542607e-02 2.34762519e-03 1.65952220e-03 1.44197798e-03 1.35783539e-03
4.08408408e-02 -2.06697975e+01 -2.06697975e+01 -2.50725143e-02 -6.80089712e-03 -6.80089290e-03 7.13254574e+01 7.13254574e+01 1.03923311e+02 1.73372523e+02 2.07568712e+02 3.00726573e+02 3.20037894e+02 4.17553012e+02 5.21290964e+02 6.25304356e+02 7.29411468e+02 5.15020067e-16 4.27917670e-16 1.32765167e-05 3.34153571e-17 1.59833648e-15 1.22179322e-27 7.94045167e-17 9.99969405e-01 3.24013202e-16 9.98721417e-01 6.74691352e-01 7.66434454e-01 9.90915672e-01 9.95468807e-01 9.96579925e-01 9.96966883e-01 2.84545870e-18 3.02767370e-18 1.40808814e-06 3.39725510e-07 3.39725510e-07 3.56292512e-03 3.56292512e-03 1.36996065e-04 2.67788185e-18 8.85345634e-04 1.29266941e-02 1.12492983e-02 2.35529397e-03 1.66533276e-03 1.44721636e-03 1.36302023e-03
4.09909910e-02 -2.06697975e+01 -2.06697975e+01 -2.50725137e-02 -6.80090562e-03 -6.80089490e-03 7.13254574e+01 7.13254574e+01 1.03923123e+02 1.73372523e+02 2.07566255e+02 3.00681193e+02 3.20062407e+02 4.17565308e+02 5.21302110e+02 6.25316171e+02 7.29424768e+02 8.99235157e-16 1.65682667e-15 1.33253274e-05 1.00599590e-16 1.54898741e-15 2.54892418e-16 1.22284266e-27 9.99969179e-01 5.21728502e-16 9.98711760e-01 6.74641102e-01 7.66672028e-01 9.90856225e-01 9.95437079e-01 9.96555083e-01 9.96943720e-01 7.34093847e-18 1.07520851e-18 1.40808814e-06 3.39725510e-07 3.39725510e-07 3.56292512e-03 3.56292512e-03 1.37502405e-04 5.23107671e-18 8.88680839e-04 1.29274985e-02 1.12443317e-02 2.36295256e-03 1.67113986e-03 1.45245372e-03 1.36820696e-03
4.11411411e-02 -2.06697975e+01 -2.06697975e+01 -2.50725136e-02 -6.80090861e-03 -6.80089819e-03 7.13254574e+01 7.13254574e+01 1.03922935e+02 1.73372523e+02 2.07563790e+02 3.00635786e+02 3.20086882e+02 4.17577640e+02 5.21313293e+02 6.25328028e+02 7.29438121e+02 2.25848135e-16 1.86801776e-15 1.33741381e-05 1.50085992e-15 4.49150935e-17 2.83438999e-16 1.22381071e-27 9.99968951e-01 4.70348703e-16 9.98702063e-01 6.74591369e-01 7.66909622e-01 9.90796661e-01 9.95405257e-01 9.96530156e-01 9.96920459e-01 5.46298054e-18 3.09377236e-18 1.40808814e-06 3.39725510e-07 3.39725510e-07 3.56292512e-03 3.56292512e-03 1.38008775e-04 1.18853852e-17 8.92016925e-04 1.29282945e-02 1.12393610e-02 2.37060095e-03 1.67694349e-03 1.45769006e-03 1.37339559e-03
4.12912913e-02 -2.06697975e+01 -2.06697975e+01 -2.50725136e-02 -6.80090763e-03 -6.80090162e-03 7.13254574e+01 7.13254574e+01 1.03922746e+02 1.73372523e+02 2.07561314e+02 3.00590351e+02 3.20111317e+02 4.17590008e+02 5.21324513e+02 6.25339928e+02 7.29451526e+02 2.18930820e-16 1.05776849e-15 1.34229488e-05 1.07989694e-16 1.44676985e-14 1.22382317e-27 1.34384852e-16 9.99968723e-01 4.37649407e-16 9.98692328e-01 6.74542154e-01 7.67147234e-01 9.90736980e-01 9.95373344e-01 9.96505144e-01 9.96897102e-01 2.70833295e-19 5.82861880e-18 1.40808814e-06 3.39725510e-07 3.39725510e-07 3.56292512e-03 3.56292512e-03 1.38515175e-04 7.91234153e-18 8.95353893e-04 1.29290822e-02 1.12343862e-02 2.37823910e-03 1.68274362e-03 1.46292535e-03 1.37858613e-03
4.14414414e-02 -2.06697975e+01 -2.06697975e+01 -2.50725136e-02 -6.80090011e-03 -6.80088925e-03 7.13254574e+01 7.13254574e+01 1.03922556e+02 1.73372523e+02 2.07558829e+02 3.00544890e+02 3.20135712e+02 4.17602412e+02 5.21335771e+02 6.25351870e+02 7.29464984e+02 1.44704745e-16 4.48364503e-16 1.34717596e-05 3.50222626e-14 1.15831145e-16 1.15851689e-16 1.04778483e-23 9.99968494e-01 6.55806673e-16 9.98682553e-01 6.74493457e-01 7.67384864e-01 9.90677185e-01 9.95341339e-01 9.96480046e-01 9.96873647e-01 9.02297707e-20 2.82603339e-18 1.40808814e-06 3.39725510e-07 3.39725510e-07 3.56292512e-03 3.56292512e-03 1.39021605e-04 3.39365031e-18 8.98691748e-04 1.29298614e-02 1.12294072e-02 2.38586700e-03 1.68854026e-03 1.46815961e-03 1.38377860e-03
4.15915916e-02 -2.06697975e+01 -2.06697975e+01 -2.50725144e-02 -6.80089958e-03 -6.80089007e-03 7.13254574e+01 7.13254574e+01 1.03922366e+02 1.73372523e+02 2.07556334e+02 3.00499401e+02 3.20160069e+02 4.17614851e+02 5.21347065e+02 6.25363854e+02 7.29478495e+02 3.79841879e-16 8.76771005e-16 1.35205703e-05 6.44413443e-17 2.21203192e-14 1.04793740e-23 9.57832866e-17 9.99968264e-01 3.60807485e-16 9.98672739e-01 6.74445277e-01 7.67622511e-01 9.90617276e-01 9.95309243e-01 9.96454863e-01 9.96850094e-01 3.16927493e-18 4.97691252e-18 1.40808814e-06 3.39725510e-07 3.39725510e-07 3.56292512e-03 3.56292512e-03 1.39528065e-04 2.67788185e-18 9.02030491e-04 1.29306322e-02 1.12244242e-02 2.39348462e-03 1.69433339e-03 1.47339282e-03 1.38897298e-03
4.17417417e-02 -2.06697975e+01 -2.06697975e+01 -2.50725135e-02 -6.80089763e-03 -6.80088348e-03 7.13254574e+01 7.13254574e+01 1.03922175e+02 1.73372523e+02 2.07553830e+02 3.00453884e+02 3.20184387e+02 4.17627326e+02 5.21358397e+02 6.25375881e+02 7.29492059e+02 4.21233671e-16 4.37208859e-16 1.35693810e-05 9.23086446e-15 5.88755229e-17 1.13607976e-16 1.22848868e-27 9.99968033e-01 2.30133240e-16 9.98662887e-01 6.74397615e-01 7.67860172e-01 9.90557253e-01 9.95277055e-01 9.96429595e-01 9.96826444e-01 2.74155366e-18 1.74281431e-18 1.40808814e-06 3.39725510e-07 3.39725510e-07 3.56292512e-03 3.56292512e-03 1.40034554e-04 7.54857647e-18 9.05370127e-04 1.29313947e-02 1.12194370e-02 2.40109193e-03 1.70012299e-03 1.47862498e-03 1.39416930e-03
4.18918919e-02 -2.06697975e+01 -2.06697975e+01 -2.50725139e-02 -6.80089930e-03 -6.80089510e-03 7.13254574e+01 7.13254574e+01 1.03921984e+02 1.73372523e+02 2.07551317e+02 3.00408341e+02 3.20208665e+02 4.17639837e+02 5.21369765e+02 6.25387950e+02 7.29505675e+02 3.66460813e-16 3.75772760e-16 1.36181917e-05 1.71698993e-16 3.53834319e-14 1.47673885e-16 1.23140300e-27 9.99967801e-01 7.88368781e-16 9.98652995e-01 6.74350470e-01 7.68097847e-01 9.90497118e-01 9.95244776e-01 9.96404242e-01 9.96802696e-01 1.07368689e-18 2.37808712e-18 1.40808814e-06 3.39725510e-07 3.39725510e-07 3.56292512e-03 3.56292512e-03 1.40541074e-04 3.45430233e-18 9.08710659e-04 1.29321488e-02 1.12144458e-02 2.40868893e-03 1.70590905e-03 1.48385608e-03 1.39936755e-03
4.20420420e-02 -2.06697975e+01 -2.06697975e+01 -2.50725138e-02 -6.80090119e-03 -6.80088556e-03 7.13254574e+01 7.13254574e+01 1.03921791e+02 1.73372523e+02 2.07548793e+02 3.00362771e+02 3.20232904e+02 4.17652383e+02 5.21381170e+02 6.25400061e+02 7.29519345e+02 1.35299959e-15 2.85692096e-16 1.36670025e-05 3.54590986e-14 1.22946192e-16 8.43802840e-17 1.05167546e-23 9.99967569e-01 8.46471893e-16 9.98643064e-01 6.74303841e-01 7.68335535e-01 9.90436872e-01 9.95212406e-01 9.96378803e-01 9.96778851e-01 3.05225924e-18 1.75683924e-18 1.40808814e-06 3.39725510e-07 3.39725510e-07 3.56292512e-03 3.56292512e-03 1.41047624e-04 1.93175063e-18 9.12052089e-04 1.29328945e-02 1.12094506e-02 2.41627557e-03 1.71169156e-03 1.48908611e-03 1.40456775e-03
4.21921922e-02 -2.06697975e+01 -2.06697975e+01 -2.50725137e-02 -6.80088859e-03 -6.80088377e-03 7.13254574e+01 7.13254574e+01 1.03921598e+02 1.73372523e+02 2.07546261e+02 3.00317174e+02 3.20257104e+02 4.17664964e+02 5.21392613e+02 6.25412214e+02 7.29533067e+02 6.84537310e-16 3.48559281e-16 1.37158132e-05 3.56102727e-14 1.54887102e-16 1.23436711e-27 2.47617009e-16 9.99967335e-01 5.12350690e-16 9.98633093e-01 6.74257729e-01 7.68573235e-01 9.90376516e-01 9.95179946e-01 9.96353280e-01 9.96754907e-01 2.07440175e-18 7.97199192e-20 1.40808814e-06 3.39725510e-07 3.39725510e-07 3.56292512e-03 3.56292512e-03 1.41554204e-04 6.70334584e-19 9.15394421e-04 1.29336319e-02 1.12044514e-02 2.42385184e-03 1.71747051e-03 1.49431508e-03 1.40976989e-03
4.23423423e-02 -2.06697975e+01 -2.06697975e+01 -2.50725143e-02 -6.80089439e-03 -6.80089428e-03 7.13254574e+01 7.13254574e+01 1.03921404e+02 1.73372523e+02 2.07543718e+02 3.00271550e+02 3.20281266e+02 4.17677580e+02 5.21404092e+02 6.25424410e+02 7.29546842e+02 2.12693763e-16 5.07357477e-16 1.37646239e-05 7.15993794e-27 4.20442768e-27 1.19205792e-44 1.35494160e-26 9.99967101e-01 2.54668856e-16 9.98623084e-01 6.74212134e-01 7.68810944e-01 9.90316050e-01 9.95147395e-01 9.96327672e-01 9.96730865e-01 2.64260376e-18 8.00393640e-18 1.40808814e-06 3.39725510e-07 3.39725510e-07 3.56292512e-03 3.56292512e-03 1.42060814e-04 2.87968419e-19 9.18737658e-04 1.29343609e-02 1.11994482e-02 2.43141772e-03 1.72324589e-03 1.49954297e-03 1.41497399e-03
4.24924925e-02 -2.06697975e+01 -2.06697975e+01 -2.50725142e-02 -6.80089350e-03 -6.80088418e-03 7.13254574e+01 7.13254574e+01 1.03921210e+02 1.73372523e+02 2.07541166e+02 3.00225899e+02 3.20305388e+02 4.17690232e+02 5.21415608e+02 6.25436648e+02 7.29560670e+02 4.32952605e-16 3.13124508e-16 1.38134346e-05 3.58754854e-14 8.11341810e-17 2.14687846e-16 1.23633387e-27 9.99966866e-01 5.10861558e-16 9.98613035e-01 6.74167055e-01 7.69048663e-01 9.90255475e-01 9.95114754e-01 9.96301979e-01 9.96706725e-01 5.22592934e-18 2.27125382e-18 1.40808814e-06 3.39725510e-07 3.39725510e-07 3.56292512e-03 3.56292512e-03 1.42567455e-04 6.74186675e-18 9.22081803e-04 1.29350816e-02 1.11944410e-02 2.43897318e-03 1.72901767e-03 1.50476977e-03 1.42018006e-03
4.26426426e-02 -2.06697975e+01 -2.06697975e+01 -2.50725133e-02 -6.80088962e-03 -6.80088020e-03 7.13254574e+01 7.13254574e+01 1.03921015e+02 1.73372523e+02 2.07538604e+02 3.00180222e+02 3.20329471e+02 4.17702918e+02 5.21427161e+02 6.25448928e+02 7.29574551e+02 2.44822167e-16 4.98946182e-16 1.38622453e-05 7.09894623e-17 3.60285867e-14 1.95379457e-16 1.05725744e-23 9.99966630e-01 3.68197588e-16 9.98602946e-01 6.74122492e-01 7.69286389e-01 9.90194793e-01 9.95082024e-01 9.96276202e-01 9.96682487e-01 8.54706747e-18 5.70732076e-18 1.40808814e-06 3.39725510e-07 3.39725510e-07 3.56292512e-03 3.56292512e-03 1.43074127e-04 8.56753149e-18 9.25426859e-04 1.29357939e-02 1.11894298e-02 2.44651821e-03 1.73478586e-03 1.50999549e-03 1.42538809e-03
4.27927928e-02 -2.06697975e+01 -2.06697975e+01 -2.50725138e-02 -6.80089060e-03 -6.80087419e-03 7.13254574e+01 7.13254574e+01 1.03920819e+02 1.73372523e+02 2.07536033e+02 3.00134518e+02 3.20353515e+02 4.17715640e+02 5.21438750e+02 6.25461251e+02 7.29588485e+02 3.51087925e-16 4.82399094e-16 1.39110561e-05 7.00675135e-17 3.61990436e-14 1.24901330e-27 2.18516821e-16 9.99966393e-01 4.07025807e-16 9.98592818e-01 6.74078444e-01 7.69524122e-01 9.90134005e-01 9.95049204e-01 9.96250340e-01 9.96658150e-01 3.13535190e-18 3.95655784e-18 1.40808814e-06 3.39725510e-07 3.39725510e-07 3.56292512e-03 3.56292512e-03 1.43580830e-04 2.95070565e-18 9.28772830e-04 1.29364980e-02 1.11844147e-02 2.45405277e-03 1.74055043e-03 1.51522012e-03 1.43059809e-03
4.29429429e-02 -2.06697975e+01 -2.06697975e+01 -2.50725144e-02 -6.80090026e-03 -6.80088865e-03 7.13254574e+01 7.13254574e+01 1.03920623e+02 1.73372523e+02 2.07533452e+02 3.00088788e+02 3.20377521e+02 4.17728396e+02 5.21450376e+02 6.25473616e+02 7.29602473e+02 2.23706481e-16 1.15130392e-15 1.39598668e-05 3.62088646e-14 6.98333364e-17 1.27280151e-27 3.65763883e-17 9.99966156e-01 3.78975116e-16 9.98582651e-01 6.74034912e-01 7.69761860e-01 9.90073110e-01 9.95016295e-01 9.96224393e-01 9.96633714e-01 4.30111811e-19 9.41175819e-19 1.40808814e-06 3.39725510e-07 3.39725510e-07 3.56292512e-03 3.56292512e-03 1.44087563e-04 6.70334584e-19 9.32119717e-04 1.29371937e-02 1.11793957e-02 2.46157685e-03 1.74631137e-03 1.52044365e-03 1.43581008e-03
4.30930931e-02 -2.06697975e+01 -2.06697975e+01 -2.50725149e-02 -6.80089763e-03 -6.80089405e-03 7.13254574e+01 7.13254574e+01 1.03920425e+02 1.73372523e+02 2.07530862e+02 3.00043031e+02 3.20401487e+02 4.17741187e+02 5.21462039e+02 6.25486022e+02 7.29616513e+02 5.29174607e-16 1.89992299e-16 1.40086775e-05 9.55217714e-17 9.43993810e-15 1.41610097e-29 1.52904505e-16 9.99965917e-01 2.29420987e-16 9.98572445e-01 6.73991896e-01 7.69999602e-01 9.90012111e-01 9.94983297e-01 9.96198362e-01 9.96609179e-01 1.92006195e-18 7.66892893e-18 1.40808814e-06 3.39725510e-07 3.39725510e-07 3.56292512e-03 3.56292512e-03 1.44594327e-04 1.10786754e-17 9.35467526e-04 1.29378810e-02 1.11743728e-02 2.46909042e-03 1.75206868e-03 1.52566607e-03 1.44102405e-03
4.32432432e-02 -2.06697975e+01 -2.06697975e+01 -2.50725156e-02 -6.80089439e-03 -6.80089428e-03 7.13254574e+01 7.13254574e+01 1.03920227e+02 1.73372523e+02 2.07528262e+02 2.99997247e+02 3.20425415e+02 4.17754013e+02 5.21473738e+02 6.25498472e+02 7.29630607e+02 1.50598650e-16 2.50591073e-16 1.40574882e-05 7.31642256e-27 4.29631790e-27 1.21742085e-44 1.38455464e-26 9.99965678e-01 1.19202676e-15 9.98562198e-01 6.73949395e-01 7.70237348e-01 9.89951008e-01 9.94950210e-01 9.96172247e-01 9.96584546e-01 7.08313126e-18 5.58171370e-18 1.40808814e-06 3.39725510e-07 3.39725510e-07 3.56292512e-03 3.56292512e-03 1.45101123e-04 1.97027154e-19 9.38816258e-04 1.29385601e-02 1.11693461e-02 2.47659347e-03 1.75782234e-03 1.53088738e-03 1.44624002e-03
4.33933934e-02 -2.06697975e+01 -2.06697975e+01 -2.50725137e-02 -6.80089439e-03 -6.80089428e-03 7.13254574e+01 7.13254574e+01 1.03920029e+02 1.73372523e+02 2.07525652e+02 2.99951437e+02 3.20449304e+02 4.17766873e+02 5.21485474e+02 6.25510963e+02 7.29644754e+02 2.11784689e-16 4.87557156e-16 1.41062990e-05 7.34252866e-27 4.31164781e-27 1.22164801e-44 1.38949494e-26 9.99965438e-01 9.64443446e-16 9.98551913e-01 6.73907408e-01 7.70475095e-01 9.89889802e-01 9.94917035e-01 9.96146047e-01 9.96559813e-01 1.65314272e-18 4.65840590e-18 1.40808814e-06 3.39725510e-07 3.39725510e-07 3.56292512e-03 3.56292512e-03 1.45607949e-04 8.68876200e-18 9.42165917e-04 1.29392309e-02 1.11643155e-02 2.48408597e-03 1.76357233e-03 1.53610757e-03 1.45145798e-03
4.35435435e-02 -2.06697975e+01 -2.06697975e+01 -2.50725136e-02 -6.80090067e-03 -6.80089415e-03 7.13254574e+01 7.13254574e+01 1.03919829e+02 1.73372523e+02 2.07523033e+02 2.99905601e+02 3.20473154e+02 4.17779768e+02 5.21497247e+02 6.25523496e+02 7.29658954e+02 4.09026788e-16 6.96354355e-16 1.41551097e-05 2.31378356e-14 1.09343531e-16 3.68106661e-16 1.29863714e-27 9.99965197e-01 2.82231747e-16 9.98541587e-01 6.73865936e-01 7.70712843e-01 9.89828494e-01 9.94883771e-01 9.96119763e-01 9.96534981e-01 7.79037443e-19 2.54870752e-18 1.40808814e-06 3.39725510e-07 3.39725510e-07 3.56292512e-03 3.56292512e-03 1.46114807e-04 8.52217113e-19 9.45516506e-04 1.29398933e-02 1.11592810e-02 2.49156789e-03 1.76931865e-03 1.54132664e-03 1.45667796e-03
4.36936937e-02 -2.06697975e+01 -2.06697975e+01 -2.50725147e-02 -6.80089727e-03 -6.80088722e-03 7.13254574e+01 7.13254574e+01 1.03919629e+02 1.73372523e+02 2.07520404e+02 2.99859739e+02 3.20496966e+02 4.17792697e+02 5.21509056e+02 6.25536072e+02 7.29673207e+02 9.67665120e-16 8.15519065e-16 1.42039204e-05 3.69174876e-14 9.34325747e-17 1.23235964e-16 1.30063795e-27 9.99964955e-01 7.26831958e-16 9.98531222e-01 6.73824979e-01 7.70950590e-01 9.89767086e-01 9.94850420e-01 9.96093395e-01 9.96510050e-01 4.50795438e-18 1.91843204e-18 1.40808814e-06 3.39725510e-07 3.39725510e-07 3.56292512e-03 3.56292512e-03 1.46621697e-04 1.13514992e-17 9.48868028e-04 1.29405475e-02 1.11542427e-02 2.49903923e-03 1.77506128e-03 1.54654457e-03 1.46189994e-03
4.38438438e-02 -2.06697975e+01 -2.06697975e+01 -2.50725142e-02 -6.80090856e-03 -6.80089687e-03 7.13254574e+01 7.13254574e+01 1.03919429e+02 1.73372523e+02 2.07517765e+02 2.99813851e+02 3.20520739e+02 4.17805660e+02 5.21520901e+02 6.25548689e+02 7.29687514e+02 6.58692061e-16 6.37759729e-16 1.42527311e-05 2.85403807e-17 9.70219588e-15 1.29959478e-27 7.11081999e-17 9.99964712e-01 7.60109482e-16 9.98520817e-01 6.73784535e-01 7.71188336e-01 9.89705577e-01 9.94816981e-01 9.96066943e-01 9.96485019e-01 7.64198460e-19 4.18934934e-18 1.40808814e-06 3.39725510e-07 3.39725510e-07 3.56292512e-03 3.56292512e-03 1.47128618e-04 5.27996707e-18 9.52220486e-04 1.29411934e-02 1.11492007e-02 2.50649995e-03 1.78080021e-03 1.55176137e-03 1.46712394e-03
4.39939940e-02 -2.06697975e+01 -2.06697975e+01 -2.50725144e-02 -6.80088676e-03 -6.80087799e-03 7.13254574e+01 7.13254574e+01 1.03919227e+02 1.73372523e+02 2.07515117e+02 2.99767937e+02 3.20544473e+02 4.17818657e+02 5.21532783e+02 6.25561349e+02 7.29701875e+02 4.33574024e-16 5.25149249e-16 1.43015419e-05 9.78064922e-15 9.04214164e-17 1.30057938e-27 3.13168856e-16 9.99964468e-01 7.55990881e-16 9.98510373e-01 6.73744605e-01 7.71426078e-01 9.89643969e-01 9.94783455e-01 9.96040407e-01 9.96459888e-01 2.96052394e-18 4.74778618e-18 1.40808814e-06 3.39725510e-07 3.39725510e-07 3.56292512e-03 3.56292512e-03 1.47635570e-04 2.90865474e-18 9.55573884e-04 1.29418310e-02 1.11441548e-02 2.51395003e-03 1.78653542e-03 1.55697703e-03 1.47234997e-03
4.41441441e-02 -2.06697975e+01 -2.06697975e+01 -2.50725141e-02 -6.80089995e-03 -6.80087882e-03 7.13254574e+01 7.13254574e+01 1.03919025e+02 1.73372523e+02 2.07512459e+02 2.99721996e+02 3.20568168e+02 4.17831689e+02 5.21544701e+02 6.25574051e+02 7.29716288e+02 2.39938381e-16 4.44828028e-16 1.43503526e-05 1.00525030e-16 2.35171670e-14 1.00491866e-21 2.14564428e-16 9.99964224e-01 5.47961245e-16 9.98499889e-01 6.73705189e-01 7.71663817e-01 9.89582263e-01 9.94749842e-01 9.96013787e-01 9.96434658e-01 6.57449211e-19 2.26104134e-18 1.40808814e-06 3.39725510e-07 3.39725510e-07 3.56292512e-03 3.56292512e-03 1.48142554e-04 2.67788185e-18 9.58928224e-04 1.29424604e-02 1.11391052e-02 2.52138946e-03 1.79226691e-03 1.56219154e-03 1.47757803e-03
4.42942943e-02 -2.06697975e+01 -2.06697975e+01 -2.50725140e-02 -6.80090565e-03 -6.80089389e-03 7.13254574e+01 7.13254574e+01 1.03918822e+02 1.73372523e+02 2.07509792e+02 2.99676030e+02 3.20591825e+02 4.17844755e+02 5.21556655e+02 6.25586795e+02 7.29730755e+02 3.10678626e-16 2.99235538e-16 1.43991633e-05 1.57399432e-16 3.74560410e-14 1.30510584e-27 1.18839100e-16 9.99963979e-01 2.28185426e-16 9.98489364e-01 6.73666286e-01 7.71901550e-01 9.89520459e-01 9.94716142e-01 9.95987084e-01 9.96409328e-01 1.45392020e-18 1.70197377e-18 1.40808814e-06 3.39725510e-07 3.39725510e-07 3.56292512e-03 3.56292512e-03 1.48649570e-04 7.91565098e-19 9.62283509e-04 1.29430815e-02 1.11340519e-02 2.52881822e-03 1.79799465e-03 1.56740490e-03 1.48280813e-03
4.44444444e-02 -2.06697975e+01 -2.06697975e+01 -2.50725141e-02 -6.80089641e-03 -6.80089626e-03 7.13254574e+01 7.13254574e+01 1.03918619e+02 1.73372523e+02 2.07507114e+02 2.99630038e+02 3.20615443e+02 4.17857854e+02 5.21568646e+02 6.25599581e+02 7.29745276e+02 3.34799788e-16 4.09569145e-16 1.44479740e-05 3.70768061e-14 5.32597710e-15 1.80348673e-16 1.11518419e-23 9.99963732e-01 5.36907018e-16 9.98478801e-01 6.73627897e-01 7.72139277e-01 9.89458560e-01 9.94682356e-01 9.95960296e-01 9.96383897e-01 8.43169609e-18 5.15044353e-18 1.40808814e-06 3.39725510e-07 3.39725510e-07 3.56292512e-03 3.56292512e-03 1.49156618e-04 1.20672677e-17 9.65639743e-04 1.29436943e-02 1.11289949e-02 2.53623627e-03 1.80371865e-03 1.57261709e-03 1.48804027e-03
4.45945946e-02 -2.06697975e+01 -2.06697975e+01 -2.50725141e-02 -6.80088889e-03 -6.80088116e-03 7.13254574e+01 7.13254574e+01 1.03918415e+02 1.73372523e+02 2.07504427e+02 2.99584020e+02 3.20639023e+02 4.17870987e+02 5.21580672e+02 6.25612409e+02 7.29759851e+02 3.35146038e-16 6.12713003e-16 1.44967847e-05 1.08432127e-16 3.76644043e-14 2.14293133e-16 1.30777752e-27 9.99963485e-01 5.68733937e-16 9.98468197e-01 6.73590020e-01 7.72376996e-01 9.89396565e-01 9.94648483e-01 9.95933425e-01 9.96358367e-01 1.29065079e-18 3.01943242e-19 1.40808814e-06 3.39725510e-07 3.39725510e-07 3.56292512e-03 3.56292512e-03 1.49663699e-04 5.40119758e-18 9.68996929e-04 1.29442989e-02 1.11239341e-02 2.54364361e-03 1.80943888e-03 1.57782812e-03 1.49327446e-03
4.47447447e-02 -2.06697975e+01 -2.06697975e+01 -2.50725145e-02 -6.80090223e-03 -6.80088749e-03 7.13254574e+01 7.13254574e+01 1.03918210e+02 1.73372523e+02 2.07501731e+02 2.99537977e+02 3.20662564e+02 4.17884155e+02 5.21592735e+02 6.25625279e+02 7.29774479e+02 2.19515352e-16 3.34635239e-16 1.45455955e-05 7.15606340e-17 3.77765181e-14 1.30877347e-27 2.99726087e-16 9.99963238e-01 2.92402575e-16 9.98457553e-01 6.73552655e-01 7.72614706e-01 9.89334475e-01 9.94614524e-01 9.95906471e-01 9.96332736e-01 4.32098536e-18 1.18078369e-18 1.40808814e-06 3.39725510e-07 3.39725510e-07 3.56292512e-03 3.56292512e-03 1.50170811e-04 1.71502076e-17 9.72355070e-04 1.29448953e-02 1.11188697e-02 2.55104020e-03 1.81515534e-03 1.58303798e-03 1.49851071e-03
4.48948949e-02 -2.06697975e+01 -2.06697975e+01 -2.50725142e-02 -6.80089596e-03 -6.80088040e-03 7.13254574e+01 7.13254574e+01 1.03918004e+02 1.73372523e+02 2.07499025e+02 2.99491908e+02 3.20686067e+02 4.17897355e+02 5.21604835e+02 6.25638191e+02 7.29789160e+02 6.99565341e-16 5.36851041e-16 1.45944062e-05 3.78908775e-14 7.34481546e-17 1.11822892e-23 3.05795281e-16 9.99962989e-01 3.74541882e-16 9.98446869e-01 6.73515803e-01 7.72852407e-01 9.89272292e-01 9.94580480e-01 9.95879433e-01 9.96307004e-01 6.64867750e-19 5.66942720e-18 1.40808814e-06 3.39725510e-07 3.39725510e-07 3.56292512e-03 3.56292512e-03 1.50677955e-04 3.66647411e-18 9.75714169e-04 1.29454834e-02 1.11138016e-02 2.55842604e-03 1.82086801e-03 1.58824665e-03 1.50374902e-03
4.50450450e-02 -2.06697975e+01 -2.06697975e+01 -2.50725133e-02 -6.80090438e-03 -6.80088633e-03 7.13254574e+01 7.13254574e+01 1.03917798e+02 1.73372523e+02 2.07496309e+02 2.99445813e+02 3.20709531e+02 4.17910589e+02 5.21616970e+02 6.25651145e+02 7.29803896e+02 9.79712512e-16 6.33153715e-16 1.46432169e-05 1.30153833e-16 2.40151774e-14 2.54478987e-16 1.11834989e-23 9.99962739e-01 5.27930789e-16 9.98436145e-01 6.73479463e-01 7.73090096e-01 9.89210017e-01 9.94546351e-01 9.95852311e-01 9.96281172e-01 1.09167840e-17 5.88245154e-18 1.40808814e-06 3.39725510e-07 3.39725510e-07 3.56292512e-03 3.56292512e-03 1.51185132e-04 2.11955914e-17 9.79074229e-04 1.29460633e-02 1.11087299e-02 2.56580109e-03 1.82657687e-03 1.59345414e-03 1.50898940e-03
4.51951952e-02 -2.06697975e+01 -2.06697975e+01 -2.50725139e-02 -6.80089439e-03 -6.80089428e-03 7.13254574e+01 7.13254574e+01 1.03917591e+02 1.73372523e+02 2.07493583e+02 2.99399693e+02 3.20732957e+02 4.17923857e+02 5.21629141e+02 6.25664141e+02 7.29818685e+02 1.94943882e-16 5.65657682e-16 1.46920276e-05 7.65637872e-27 4.49594548e-27 1.27237388e-44 1.44888770e-26 9.99962489e-01 6.67206631e-16 9.98425381e-01 6.73443634e-01 7.73327774e-01 9.89147650e-01 9.94512136e-01 9.95825106e-01 9.96255239e-01 2.33895080e-18 9.32943247e-18 1.40808814e-06 3.39725510e-07 3.39725510e-07 3.56292512e-03 3.56292512e-03 1.51692342e-04 5.18741304e-19 9.82435253e-04 1.29466349e-02 1.11036546e-02 2.57316535e-03 1.83228193e-03 1.59866044e-03 1.51423185e-03
4.53453453e-02 -2.06697975e+01 -2.06697975e+01 -2.50725138e-02 -6.80089875e-03 -6.80089674e-03 7.13254574e+01 7.13254574e+01 1.03917383e+02 1.73372523e+02 2.07490848e+02 2.99353547e+02 3.20756345e+02 4.17937158e+02 5.21641348e+02 6.25677179e+02 7.29833528e+02 5.45943242e-16 3.05308497e-16 1.47408384e-05 4.21452535e-16 3.82507326e-14 1.35874041e-27 1.15005075e-16 9.99962237e-01 6.57931611e-16 9.98414577e-01 6.73408317e-01 7.73565437e-01 9.89085192e-01 9.94477836e-01 9.95797819e-01 9.96229205e-01 3.39096824e-18 5.37340265e-18 1.40808814e-06 3.39725510e-07 3.39725510e-07 3.56292512e-03 3.56292512e-03 1.52199584e-04 1.81052012e-18 9.85797245e-04 1.29471984e-02 1.10985757e-02 2.58051878e-03 1.83798315e-03 1.60386554e-03 1.51947639e-03
4.54954955e-02 -2.06697975e+01 -2.06697975e+01 -2.50725133e-02 -6.80090837e-03 -6.80089811e-03 7.13254574e+01 7.13254574e+01 1.03917175e+02 1.73372523e+02 2.07488103e+02 2.99307377e+02 3.20779694e+02 4.17950492e+02 5.21653591e+02 6.25690259e+02 7.29848425e+02 5.57091472e-16 4.39725678e-16 1.47896491e-05 3.83759901e-14 5.96912187e-17 1.60656974e-16 1.16661883e-23 9.99961985e-01 4.95301010e-16 9.98403733e-01 6.73373511e-01 7.73803087e-01 9.89022645e-01 9.94443452e-01 9.95770448e-01 9.96203070e-01 3.22700629e-19 1.84440631e-18 1.40808814e-06 3.39725510e-07 3.39725510e-07 3.56292512e-03 3.56292512e-03 1.52706859e-04 1.47704431e-18 9.89160207e-04 1.29477536e-02 1.10934932e-02 2.58786137e-03 1.84368054e-03 1.60906943e-03 1.52472301e-03
4.56456456e-02 -2.06697975e+01 -2.06697975e+01 -2.50725137e-02 -6.80090393e-03 -6.80089220e-03 7.13254574e+01 7.13254574e+01 1.03916966e+02 1.73372523e+02 2.07485348e+02 2.99261180e+02 3.20803005e+02 4.17963859e+02 5.21665870e+02 6.25703381e+02 7.29863376e+02 5.07313243e-16 3.64323538e-16 1.48384598e-05 3.85493553e-14 7.02162559e-17 1.16761785e-23 5.55834102e-17 9.99961732e-01 3.40594570e-16 9.98392849e-01 6.73339215e-01 7.74040720e-01 9.88960008e-01 9.94408984e-01 9.95742994e-01 9.96176833e-01 8.28551880e-18 4.78885478e-19 1.40808814e-06 3.39725510e-07 3.39725510e-07 3.56292512e-03 3.56292512e-03 1.53214167e-04 1.28554498e-17 9.92524143e-04 1.29483006e-02 1.10884071e-02 2.59519310e-03 1.84937407e-03 1.61427211e-03 1.52997172e-03
4.57957958e-02 -2.06697975e+01 -2.06697975e+01 -2.50725144e-02 -6.80090030e-03 -6.80089897e-03 7.13254574e+01 7.13254574e+01 1.03916756e+02 1.73372523e+02 2.07482583e+02 2.99214959e+02 3.20826278e+02 4.17977260e+02 5.21678185e+02 6.25716545e+02 7.29878381e+02 3.04330853e-16 1.22160800e-15 1.48872705e-05 4.08346198e-16 2.43915019e-14 1.36587653e-27 1.48255235e-16 9.99961478e-01 3.50388322e-16 9.98381924e-01 6.73305430e-01 7.74278337e-01 9.88897284e-01 9.94374432e-01 9.95715457e-01 9.96150496e-01 8.27287489e-18 8.89872363e-18 1.40808814e-06 3.39725510e-07 3.39725510e-07 3.56292512e-03 3.56292512e-03 1.53721507e-04 1.11999060e-17 9.95889055e-04 1.29488395e-02 1.10833175e-02 2.60251395e-03 1.85506374e-03 1.61947357e-03 1.53522254e-03
4.59459459e-02 -2.06697975e+01 -2.06697975e+01 -2.50725141e-02 -6.80089110e-03 -6.80089059e-03 7.13254574e+01 7.13254574e+01 1.03916545e+02 1.73372523e+02 2.07479809e+02 2.99168713e+02 3.20849513e+02 4.17990693e+02 5.21690536e+02 6.25729751e+02 7.29893439e+02 5.14014165e-16 5.37590961e-16 1.49360813e-05 4.38996430e-16 1.01667401e-14 2.00196297e-16 1.37112258e-27 9.99961224e-01 2.84261122e-16 9.98370959e-01 6.73272156e-01 7.74515936e-01 9.88834473e-01 9.94339796e-01 9.95687837e-01 9.96124056e-01 3.20070136e-18 3.67961564e-18 1.40808814e-06 3.39725510e-07 3.39725510e-07 3.56292512e-03 3.56292512e-03 1.54228881e-04 3.02988525e-18 9.99254947e-04 1.29493702e-02 1.10782244e-02 2.60982390e-03 1.86074954e-03 1.62467381e-03 1.54047546e-03
4.60960961e-02 -2.06697975e+01 -2.06697975e+01 -2.50725145e-02 -6.80089731e-03 -6.80089718e-03 7.13254574e+01 7.13254574e+01 1.03916334e+02 1.73372523e+02 2.07477025e+02 2.99122441e+02 3.20872709e+02 4.18004159e+02 5.21702922e+02 6.25742999e+02 7.29908552e+02 3.95682954e-16 4.61059863e-16 1.49848920e-05 4.07458742e-15 2.42710350e-14 1.37319081e-27 3.49672806e-16 9.99960968e-01 8.22871099e-16 9.98359954e-01 6.73239391e-01 7.74753515e-01 9.88771577e-01 9.94305076e-01 9.95660134e-01 9.96097515e-01 8.66380400e-19 9.52106869e-19 1.40808814e-06 3.39725510e-07 3.39725510e-07 3.56292512e-03 3.56292512e-03 1.54736288e-04 9.43158378e-19 1.00262182e-03 1.29498927e-02 1.10731278e-02 2.61712293e-03 1.86643145e-03 1.62987282e-03 1.54573049e-03
4.62462462e-02 -2.06697975e+01 -2.06697975e+01 -2.50725144e-02 -6.80089706e-03 -6.80088928e-03 7.13254574e+01 7.13254574e+01 1.03916122e+02 1.73372523e+02 2.07474231e+02 2.99076145e+02 3.20895867e+02 4.18017658e+02 5.21715344e+02 6.25756288e+02 7.29923719e+02 1.86466874e-16 9.37807700e-16 1.50337027e-05 1.01524103e-14 1.05849205e-16 1.37311669e-27 5.08163564e-17 9.99960712e-01 2.35938534e-16 9.98348908e-01 6.73207135e-01 7.74991075e-01 9.88708595e-01 9.94270273e-01 9.95632349e-01 9.96070872e-01 7.66717335e-19 1.39188063e-18 1.40808814e-06 3.39725510e-07 3.39725510e-07 3.56292512e-03 3.56292512e-03 1.55243728e-04 6.23827007e-18 1.00598968e-03 1.29504070e-02 1.10680278e-02 2.62441103e-03 1.87210945e-03 1.63507060e-03 1.55098764e-03
4.63963964e-02 -2.06697975e+01 -2.06697975e+01 -2.50725142e-02 -6.80089675e-03 -6.80088830e-03 7.13254574e+01 7.13254574e+01 1.03915910e+02 1.73372523e+02 2.07471428e+02 2.99029824e+02 3.20918987e+02 4.18031189e+02 5.21727802e+02 6.25769620e+02 7.29938940e+02 6.06575544e-16 8.63837564e-16 1.50825134e-05 2.18963184e-17 1.02036746e-14 1.50204946e-29 1.28637562e-16 9.99960455e-01 3.41139731e-16 9.98337822e-01 6.73175389e-01 7.75228613e-01 9.88645529e-01 9.94235388e-01 9.95604481e-01 9.96044127e-01 8.79246404e-19 2.45358433e-19 1.40808814e-06 3.39725510e-07 3.39725510e-07 3.56292512e-03 3.56292512e-03 1.55751201e-04 7.73045900e-18 1.00935853e-03 1.29509131e-02 1.10629242e-02 2.63168816e-03 1.87778354e-03 1.64026712e-03 1.55624691e-03
4.65465465e-02 -2.06697975e+01 -2.06697975e+01 -2.50725144e-02 -6.80089499e-03 -6.80089085e-03 7.13254574e+01 7.13254574e+01 1.03915697e+02 1.73372523e+02 2.07468614e+02 2.98983478e+02 3.20942069e+02 4.18044754e+02 5.21740296e+02 6.25782993e+02 7.29954216e+02 3.77354224e-16 5.18696029e-16 1.51313241e-05 2.47992112e-14 1.26681876e-16 2.15674307e-16 1.37619521e-27 9.99960196e-01 4.14493974e-16 9.98326696e-01 6.73144152e-01 7.75466128e-01 9.88582380e-01 9.94200420e-01 9.95576531e-01 9.96017280e-01 2.06105500e-18 4.11888799e-18 1.40808814e-06 3.39725510e-07 3.39725510e-07 3.56292512e-03 3.56292512e-03 1.56258709e-04 1.62863759e-18 1.01272838e-03 1.29514111e-02 1.10578173e-02 2.63895432e-03 1.88345370e-03 1.64546240e-03 1.56150832e-03
4.66966967e-02 -2.06697975e+01 -2.06697975e+01 -2.50725137e-02 -6.80090215e-03 -6.80089534e-03 7.13254574e+01 7.13254574e+01 1.03915483e+02 1.73372523e+02 2.07465791e+02 2.98937107e+02 3.20965113e+02 4.18058350e+02 5.21752825e+02 6.25796408e+02 7.29969545e+02 4.80872208e-16 5.81775346e-16 1.51801349e-05 7.32697482e-17 1.03258048e-14 1.37611187e-27 1.61665588e-16 9.99959937e-01 7.21934077e-16 9.98315529e-01 6.73113423e-01 7.75703620e-01 9.88519148e-01 9.94165370e-01 9.95548499e-01 9.95990331e-01 5.09184783e-19 5.22829297e-18 1.40808814e-06 3.39725510e-07 3.39725510e-07 3.56292512e-03 3.56292512e-03 1.56766249e-04 2.62899150e-18 1.01609921e-03 1.29519010e-02 1.10527069e-02 2.64620948e-03 1.88911993e-03 1.65065642e-03 1.56677186e-03
4.68468468e-02 -2.06697975e+01 -2.06697975e+01 -2.50725147e-02 -6.80090762e-03 -6.80089819e-03 7.13254574e+01 7.13254574e+01 1.03915268e+02 1.73372523e+02 2.07462958e+02 2.98890711e+02 3.20988119e+02 4.18071979e+02 5.21765389e+02 6.25809865e+02 7.29984929e+02 3.76835240e-16 6.08863361e-16 1.52289456e-05 2.49586881e-14 7.30567990e-17 1.59189652e-16 1.37820083e-27 9.99959678e-01 5.34685571e-16 9.98304321e-01 6.73083203e-01 7.75941087e-01 9.88455836e-01 9.94130238e-01 9.95520384e-01 9.95963279e-01 2.69359591e-18 3.68611359e-18 1.40808814e-06 3.39725510e-07 3.39725510e-07 3.56292512e-03 3.56292512e-03 1.57273823e-04 9.84754864e-18 1.01947105e-03 1.29523827e-02 1.10475931e-02 2.65345362e-03 1.89478220e-03 1.65584918e-03 1.57203754e-03
4.69969970e-02 -2.06697975e+01 -2.06697975e+01 -2.50725145e-02 -6.80089877e-03 -6.80088851e-03 7.13254574e+01 7.13254574e+01 1.03915052e+02 1.73372523e+02 2.07460116e+02 2.98844291e+02 3.21011087e+02 4.18085640e+02 5.21777989e+02 6.25823364e+02 7.30000367e+02 3.42820714e-16 3.08677992e-16 1.52777563e-05 3.96248667e-14 9.62215703e-17 9.32482598e-17 1.18008997e-23 9.99959417e-01 5.49528227e-16 9.98293073e-01 6.73053490e-01 7.76178529e-01 9.88392443e-01 9.94095024e-01 9.95492187e-01 9.95936125e-01 5.09677365e-19 1.09393581e-18 1.40808814e-06 3.39725510e-07 3.39725510e-07 3.56292512e-03 3.56292512e-03 1.57781432e-04 1.06438889e-18 1.02284389e-03 1.29528562e-02 1.10424759e-02 2.66068673e-03 1.90044052e-03 1.66104067e-03 1.57730537e-03
4.71471471e-02 -2.06697975e+01 -2.06697975e+01 -2.50725138e-02 -6.80089130e-03 -6.80088953e-03 7.13254574e+01 7.13254574e+01 1.03914836e+02 1.73372523e+02 2.07457264e+02 2.98797846e+02 3.21034017e+02 4.18099334e+02 5.21790625e+02 6.25836905e+02 7.30015860e+02 1.57542035e-15 7.05720916e-16 1.53265670e-05 1.04570740e-14 1.60951626e-16 1.50662807e-29 1.98954469e-16 9.99959155e-01 7.85969224e-16 9.98281784e-01 6.73024285e-01 7.76415943e-01 9.88328971e-01 9.94059729e-01 9.95463907e-01 9.95908868e-01 2.08552638e-18 3.07618625e-18 1.40808814e-06 3.39725510e-07 3.39725510e-07 3.56292512e-03 3.56292512e-03 1.58289074e-04 6.92374928e-18 1.02621773e-03 1.29533217e-02 1.10373554e-02 2.66790879e-03 1.90609485e-03 1.66623088e-03 1.58257536e-03
4.72972973e-02 -2.06697975e+01 -2.06697975e+01 -2.50725151e-02 -6.80088744e-03 -6.80088475e-03 7.13254574e+01 7.13254574e+01 1.03914620e+02 1.73372523e+02 2.07454401e+02 2.98751377e+02 3.21056909e+02 4.18113059e+02 5.21803296e+02 6.25850487e+02 7.30031407e+02 5.78945271e-16 8.22212286e-16 1.53753778e-05 1.13039226e-16 1.03875227e-14 1.50754389e-29 9.82049101e-17 9.99958893e-01 1.16450640e-15 9.98270455e-01 6.72995588e-01 7.76653329e-01 9.88265420e-01 9.94024352e-01 9.95435546e-01 9.95881508e-01 4.15701359e-18 6.45549344e-19 1.40808814e-06 3.39725510e-07 3.39725510e-07 3.56292512e-03 3.56292512e-03 1.58796750e-04 1.21279197e-17 1.02959258e-03 1.29537790e-02 1.10322316e-02 2.67511978e-03 1.91174520e-03 1.67141981e-03 1.58784751e-03
4.74474474e-02 -2.06697975e+01 -2.06697975e+01 -2.50725149e-02 -6.80090265e-03 -6.80089688e-03 7.13254574e+01 7.13254574e+01 1.03914402e+02 1.73372523e+02 2.07451529e+02 2.98704884e+02 3.21079763e+02 4.18126817e+02 5.21816002e+02 6.25864111e+02 7.30047008e+02 1.31473672e-15 2.06407211e-16 1.54241885e-05 3.89790730e-17 1.04913057e-14 1.15148360e-16 1.38111459e-27 9.99958630e-01 8.18484832e-16 9.98259084e-01 6.72967397e-01 7.76890686e-01 9.88201792e-01 9.93988895e-01 9.95407103e-01 9.95854045e-01 1.21232021e-18 2.77028197e-18 1.40808814e-06 3.39725510e-07 3.39725510e-07 3.56292512e-03 3.56292512e-03 1.59304460e-04 1.06660200e-17 1.03296844e-03 1.29542282e-02 1.10271044e-02 2.68231968e-03 1.91739154e-03 1.67660745e-03 1.59312182e-03
4.75975976e-02 -2.06697975e+01 -2.06697975e+01 -2.50725148e-02 -6.80089820e-03 -6.80089322e-03 7.13254574e+01 7.13254574e+01 1.03914184e+02 1.73372523e+02 2.07448648e+02 2.98658366e+02 3.21102580e+02 4.18140606e+02 5.21828743e+02 6.25877777e+02 7.30062664e+02 1.06979681e-15 5.24818873e-16 1.54729992e-05 4.90376925e-17 1.04894859e-14 1.38211675e-27 2.35679750e-16 9.99958365e-01 1.87743452e-15 9.98247673e-01 6.72939713e-01 7.77128013e-01 9.88138087e-01 9.93953357e-01 9.95378578e-01 9.95826478e-01 3.17392925e-18 8.57854214e-18 1.40808814e-06 3.39725510e-07 3.39725510e-07 3.56292512e-03 3.56292512e-03 1.59812205e-04 1.90146138e-18 1.03634531e-03 1.29546693e-02 1.10219739e-02 2.68950847e-03 1.92303387e-03 1.68179379e-03 1.59839831e-03
4.77477477e-02 -2.06697975e+01 -2.06697975e+01 -2.50725149e-02 -6.80090337e-03 -6.80089432e-03 7.13254574e+01 7.13254574e+01 1.03913965e+02 1.73372523e+02 2.07445756e+02 2.98611824e+02 3.21125358e+02 4.18154427e+02 5.21841520e+02 6.25891485e+02 7.30078375e+02 3.16833711e-16 3.70362508e-16 1.55218099e-05 1.24435888e-16 1.04943865e-14 1.81239855e-16 1.38414160e-27 9.99958100e-01 1.64100960e-16 9.98236221e-01 6.72912535e-01 7.77365308e-01 9.88074307e-01 9.93917739e-01 9.95349971e-01 9.95798809e-01 1.19426988e-18 1.85201939e-18 1.40808814e-06 3.39725510e-07 3.39725510e-07 3.56292512e-03 3.56292512e-03 1.60319984e-04 1.06438889e-18 1.03972320e-03 1.29551023e-02 1.10168402e-02 2.69668613e-03 1.92867218e-03 1.68697883e-03 1.60367698e-03
4.78978979e-02 -2.06697975e+01 -2.06697975e+01 -2.50725154e-02 -6.80089636e-03 -6.80088959e-03 7.13254574e+01 7.13254574e+01 1.03913746e+02 1.73372523e+02 2.07442855e+02 2.98565258e+02 3.21148099e+02 4.18168280e+02 5.21854332e+02 6.25905234e+02 7.30094140e+02 1.35929059e-15 8.86767192e-16 1.55706206e-05 1.08766556e-16 1.05449049e-14 1.38628979e-27 8.66649435e-17 9.99957835e-01 2.88665082e-16 9.98224729e-01 6.72885863e-01 7.77602571e-01 9.88010452e-01 9.93882041e-01 9.95321283e-01 9.95771035e-01 4.17565084e-18 2.19067382e-18 1.40808814e-06 3.39725510e-07 3.39725510e-07 3.56292512e-03 3.56292512e-03 1.60827797e-04 1.14913309e-17 1.04310211e-03 1.29555273e-02 1.10117032e-02 2.70385266e-03 1.93430645e-03 1.69216256e-03 1.60895783e-03
4.80480480e-02 -2.06697975e+01 -2.06697975e+01 -2.50725137e-02 -6.80090561e-03 -6.80089952e-03 7.13254574e+01 7.13254574e+01 1.03913525e+02 1.73372523e+02 2.07439943e+02 2.98518668e+02 3.21170802e+02 4.18182165e+02 5.21867179e+02 6.25919025e+02 7.30109960e+02 6.81746022e-16 1.33206340e-15 1.56194314e-05 1.05481298e-14 8.67057952e-17 1.38738998e-27 8.93215471e-17 9.99957568e-01 9.71941639e-16 9.98213195e-01 6.72859696e-01 7.77839801e-01 9.87946523e-01 9.93846264e-01 9.95292513e-01 9.95743159e-01 3.13467985e-18 6.52149225e-19 1.40808814e-06 3.39725510e-07 3.39725510e-07 3.56292512e-03 3.56292512e-03 1.61335645e-04 3.39365031e-18 1.04648205e-03 1.29559441e-02 1.10065629e-02 2.71100802e-03 1.93993667e-03 1.69734498e-03 1.61424087e-03
4.81981982e-02 -2.06697975e+01 -2.06697975e+01 -2.50725142e-02 -6.80090297e-03 -6.80088961e-03 7.13254574e+01 7.13254574e+01 1.03913304e+02 1.73372523e+02 2.07437022e+02 2.98472054e+02 3.21193467e+02 4.18196081e+02 5.21880061e+02 6.25932858e+02 7.30125834e+02 3.34331066e-16 5.52057239e-16 1.56682421e-05 1.06632988e-14 7.46074542e-17 7.43235771e-17 1.38839709e-27 9.99957300e-01 2.82737798e-16 9.98201620e-01 6.72834035e-01 7.78076995e-01 9.87882521e-01 9.93810407e-01 9.95263662e-01 9.95715178e-01 1.35682805e-18 1.32601173e-18 1.40808814e-06 3.39725510e-07 3.39725510e-07 3.56292512e-03 3.56292512e-03 1.61843528e-04 4.68542912e-18 1.04986301e-03 1.29563528e-02 1.10014195e-02 2.71815220e-03 1.94556282e-03 1.70252607e-03 1.61952611e-03
4.83483483e-02 -2.06697975e+01 -2.06697975e+01 -2.50725144e-02 -6.80090696e-03 -6.80088313e-03 7.13254574e+01 7.13254574e+01 1.03913083e+02 1.73372523e+02 2.07434091e+02 2.98425415e+02 3.21216095e+02 4.18210028e+02 5.21892979e+02 6.25946732e+02 7.30141764e+02 4.78015022e-16 2.82900374e-16 1.57170528e-05 1.23808320e-16 4.08394090e-14 1.71630058e-16 1.18991146e-23 9.99957032e-01 3.89430294e-16 9.98190005e-01 6.72808878e-01 7.78314154e-01 9.87818448e-01 9.93774471e-01 9.95234729e-01 9.95687093e-01 7.21264486e-18 4.33657508e-18 1.40808814e-06 3.39725510e-07 3.39725510e-07 3.56292512e-03 3.56292512e-03 1.62351446e-04 8.47659023e-18 1.05324500e-03 1.29567535e-02 1.09962728e-02 2.72528518e-03 1.95118490e-03 1.70770583e-03 1.62481355e-03
4.84984985e-02 -2.06697975e+01 -2.06697975e+01 -2.50725141e-02 -6.80090635e-03 -6.80089607e-03 7.13254574e+01 7.13254574e+01 1.03912860e+02 1.73372523e+02 2.07431151e+02 2.98378753e+02 3.21238685e+02 4.18224007e+02 5.21905931e+02 6.25960648e+02 7.30157748e+02 1.15746932e-15 3.04054650e-16 1.57658635e-05 8.63215598e-14 1.79980413e-16 1.86086199e-16 1.39606555e-27 9.99956762e-01 3.15829421e-16 9.98178348e-01 6.72784226e-01 7.78551276e-01 9.87754303e-01 9.93738456e-01 9.95205716e-01 9.95658905e-01 1.50513849e-18 6.44760634e-18 1.40808814e-06 3.39725510e-07 3.39725510e-07 3.56292512e-03 3.56292512e-03 1.62859398e-04 5.64373213e-18 1.05662802e-03 1.29571462e-02 1.09911230e-02 2.73240695e-03 1.95680290e-03 1.71288425e-03 1.63010320e-03
4.86486486e-02 -2.06697975e+01 -2.06697975e+01 -2.50725134e-02 -6.80089612e-03 -6.80088594e-03 7.13254574e+01 7.13254574e+01 1.03912637e+02 1.73372523e+02 2.07428200e+02 2.98332067e+02 3.21261238e+02 4.18238017e+02 5.21918918e+02 6.25974606e+02 7.30173787e+02 4.54432826e-16 7.98796701e-16 1.58146743e-05 7.13873224e-14 2.23477886e-16 1.23838325e-23 1.12163341e-16 9.99956492e-01 3.68040356e-16 9.98166650e-01 6.72760078e-01 7.78788360e-01 9.87690089e-01 9.93702363e-01 9.95176621e-01 9.95630612e-01 2.30624040e-18 1.21529595e-18 1.40808814e-06 3.39725510e-07 3.39725510e-07 3.56292512e-03 3.56292512e-03 1.63367386e-04 1.34802770e-17 1.06001208e-03 1.29575307e-02 1.09859700e-02 2.73951749e-03 1.96241679e-03 1.71806133e-03 1.63539507e-03
4.87987988e-02 -2.06697975e+01 -2.06697975e+01 -2.50725145e-02 -6.80088925e-03 -6.80087892e-03 7.13254574e+01 7.13254574e+01 1.03912413e+02 1.73372523e+02 2.07425240e+02 2.98285358e+02 3.21283753e+02 4.18252058e+02 5.21931941e+02 6.25988605e+02 7.30189881e+02 4.48783374e-16 4.34758459e-16 1.58634850e-05 2.33681373e-16 7.16764064e-14 1.28403453e-23 1.77665003e-16 9.99956221e-01 2.27802901e-16 9.98154911e-01 6.72736434e-01 7.79025405e-01 9.87625805e-01 9.93666192e-01 9.95147445e-01 9.95602214e-01 1.26466310e-18 1.99003659e-18 1.40808814e-06 3.39725510e-07 3.39725510e-07 3.56292512e-03 3.56292512e-03 1.63875408e-04 1.06438889e-18 1.06339717e-03 1.29579073e-02 1.09808138e-02 2.74661679e-03 1.96802657e-03 1.72323706e-03 1.64068916e-03
4.89489489e-02 -2.06697975e+01 -2.06697975e+01 -2.50725135e-02 -6.80089040e-03 -6.80088481e-03 7.13254574e+01 7.13254574e+01 1.03912189e+02 1.73372523e+02 2.07422269e+02 2.98238625e+02 3.21306231e+02 4.18266130e+02 5.21944998e+02 6.26002646e+02 7.30206030e+02 6.00396627e-16 1.32893294e-15 1.59122957e-05 2.70580512e-16 7.18179445e-14 1.49517888e-27 9.55185535e-17 9.99955949e-01 3.73881062e-16 9.98143131e-01 6.72713292e-01 7.79262410e-01 9.87561453e-01 9.93629943e-01 9.95118188e-01 9.95573712e-01 3.65861007e-18 8.39892300e-18 1.40808814e-06 3.39725510e-07 3.39725510e-07 3.56292512e-03 3.56292512e-03 1.64383466e-04 1.74986810e-18 1.06678331e-03 1.29582758e-02 1.09756546e-02 2.75370481e-03 1.97363223e-03 1.72841143e-03 1.64598547e-03
4.90990991e-02 -2.06697975e+01 -2.06697975e+01 -2.50725131e-02 -6.80089958e-03 -6.80089296e-03 7.13254574e+01 7.13254574e+01 1.03911964e+02 1.73372523e+02 2.07419289e+02 2.98191868e+02 3.21328671e+02 4.18280232e+02 5.21958090e+02 6.26016728e+02 7.30222234e+02 2.85302677e-16 9.14349902e-16 1.59611064e-05 2.98841722e-16 7.20968009e-14 1.28956647e-23 8.85775179e-17 9.99955677e-01 5.62187574e-16 9.98131310e-01 6.72690654e-01 7.79499374e-01 9.87497034e-01 9.93593616e-01 9.95088850e-01 9.95545105e-01 1.51756506e-18 1.12767939e-18 1.40808814e-06 3.39725510e-07 3.39725510e-07 3.56292512e-03 3.56292512e-03 1.64891560e-04 9.46518248e-18 1.07017049e-03 1.29586362e-02 1.09704922e-02 2.76078156e-03 1.97923375e-03 1.73358444e-03 1.65128402e-03
4.92492492e-02 -2.06697975e+01 -2.06697975e+01 -2.50725145e-02 -6.80089439e-03 -6.80089428e-03 7.13254574e+01 7.13254574e+01 1.03911738e+02 1.73372523e+02 2.07416299e+02 2.98145088e+02 3.21351073e+02 4.18294366e+02 5.21971217e+02 6.26030852e+02 7.30238493e+02 6.33229487e-17 5.60604093e-16 1.60099172e-05 8.36661363e-27 4.91300654e-27 1.38650708e-44 1.58329205e-26 9.99955403e-01 7.67146606e-16 9.98119447e-01 6.72668519e-01 7.79736296e-01 9.87432549e-01 9.93557212e-01 9.95059432e-01 9.95516394e-01 4.06720661e-18 4.96606520e-18 1.40808814e-06 3.39725510e-07 3.39725510e-07 3.56292512e-03 3.56292512e-03 1.65399688e-04 7.97299355e-18 1.07355872e-03 1.29589886e-02 1.09653268e-02 2.76784700e-03 1.98483112e-03 1.73875607e-03 1.65658481e-03
4.93993994e-02 -2.06697975e+01 -2.06697975e+01 -2.50725139e-02 -6.80090067e-03 -6.80090017e-03 7.13254574e+01 7.13254574e+01 1.03911511e+02 1.73372523e+02 2.07413299e+02 2.98098284e+02 3.21373438e+02 4.18308531e+02 5.21984378e+02 6.26045018e+02 7.30254807e+02 9.43672332e-16 7.88895023e-16 1.60587279e-05 3.14984112e-15 7.25451013e-14 1.65995041e-16 1.50350191e-27 9.99955129e-01 3.69591163e-16 9.98107543e-01 6.72646885e-01 7.79973174e-01 9.87367998e-01 9.93520731e-01 9.95029932e-01 9.95487577e-01 1.06773211e-18 9.21829624e-20 1.40808814e-06 3.39725510e-07 3.39725510e-07 3.56292512e-03 3.56292512e-03 1.65907853e-04 2.85976438e-18 1.07694800e-03 1.29593331e-02 1.09601583e-02 2.77490113e-03 1.99042432e-03 1.74392633e-03 1.66188784e-03
4.95495495e-02 -2.06697975e+01 -2.06697975e+01 -2.50725133e-02 -6.80090950e-03 -6.80089550e-03 7.13254574e+01 7.13254574e+01 1.03911284e+02 1.73372523e+02 2.07410289e+02 2.98051457e+02 3.21395766e+02 4.18322726e+02 5.21997574e+02 6.26059225e+02 7.30271177e+02 1.58843684e-15 4.53164499e-16 1.61075386e-05 8.81493093e-14 1.56210164e-16 1.50568535e-27 1.45932795e-16 9.99954853e-01 4.27794633e-16 9.98095597e-01 6.72625754e-01 7.80210008e-01 9.87303383e-01 9.93484173e-01 9.95000353e-01 9.95458655e-01 9.39836436e-19 2.49513907e-18 1.40808814e-06 3.39725510e-07 3.39725510e-07 3.56292512e-03 3.56292512e-03 1.66416053e-04 6.05638754e-18 1.08033834e-03 1.29596695e-02 1.09549867e-02 2.78194392e-03 1.99601336e-03 1.74909520e-03 1.66719312e-03
4.96996997e-02 -2.06697975e+01 -2.06697975e+01 -2.50725145e-02 -6.80090235e-03 -6.80089474e-03 7.13254574e+01 7.13254574e+01 1.03911056e+02 1.73372523e+02 2.07407269e+02 2.98004607e+02 3.21418057e+02 4.18336951e+02 5.22010805e+02 6.26073473e+02 7.30287601e+02 2.53289277e-16 5.82122830e-16 1.61563493e-05 7.29431217e-14 2.01973391e-16 1.60010434e-16 1.50556294e-27 9.99954577e-01 5.14855166e-16 9.98083611e-01 6.72605123e-01 7.80446797e-01 9.87238705e-01 9.93447539e-01 9.94970693e-01 9.95429627e-01 4.19750593e-18 2.49744809e-18 1.40808814e-06 3.39725510e-07 3.39725510e-07 3.56292512e-03 3.56292512e-03 1.66924289e-04 5.96544628e-18 1.08372973e-03 1.29599979e-02 1.09498122e-02 2.78897537e-03 2.00159821e-03 1.75426269e-03 1.67250066e-03
4.98498498e-02 -2.06697975e+01 -2.06697975e+01 -2.50725141e-02 -6.80089458e-03 -6.80088490e-03 7.13254574e+01 7.13254574e+01 1.03910827e+02 1.73372523e+02 2.07404240e+02 2.97957733e+02 3.21440310e+02 4.18351207e+02 5.22024070e+02 6.26087763e+02 7.30304081e+02 1.02873651e-15 1.39075558e-15 1.62051600e-05 2.27945461e-16 7.32216239e-14 2.28914911e-17 1.50659432e-27 9.99954300e-01 3.12222928e-16 9.98071582e-01 6.72584994e-01 7.80683539e-01 9.87173963e-01 9.93410829e-01 9.94940952e-01 9.95400494e-01 8.76112067e-19 3.56272310e-18 1.40808814e-06 3.39725510e-07 3.39725510e-07 3.56292512e-03 3.56292512e-03 1.67432560e-04 8.47659023e-18 1.08712218e-03 1.29603183e-02 1.09446346e-02 2.79599545e-03 2.00717886e-03 1.75942877e-03 1.67781047e-03
5.00000000e-02 -2.06697975e+01 -2.06697975e+01 -2.50725143e-02 -6.80089838e-03 -6.80086712e-03 7.13254574e+01 7.13254574e+01 1.03910598e+02 1.73372523e+02 2.07401200e+02 2.97910837e+02 3.21462526e+02 4.18365494e+02 5.22037370e+02 6.26102095e+02 7.30320616e+02 4.48363829e-16 6.81064049e-16 1.62539708e-05 7.34668439e-14 5.25317556e-17 3.72912150e-16 1.50762628e-27 9.99954022e-01 3.38471522e-16 9.98059512e-01 6.72565365e-01 7.80920233e-01 9.87109161e-01 9.93374043e-01 9.94911132e-01 9.95371256e-01 8.14086959e-19 1.19573007e-18 1.40808814e-06 3.39725510e-07 3.39725510e-07 3.56292512e-03 3.56292512e-03 1.67940868e-04 3.22352944e-18 1.09051569e-03 1.29606307e-02 1.09394541e-02 2.80300416e-03 2.01275530e-03 1.76459344e-03 1.68312254e-03
5.01501502e-02 -2.06697975e+01 -2.06697975e+01 -2.50725151e-02 -6.80089463e-03 -6.80089114e-03 7.13254574e+01 7.13254574e+01 1.03910368e+02 1.73372523e+02 2.07398151e+02 2.97863917e+02 3.21484705e+02 4.18379810e+02 5.22050705e+02 6.26116468e+02 7.30337207e+02 1.69992117e-15 7.99169495e-16 1.63027815e-05 4.37984093e-16 7.36694997e-14 1.50865883e-27 1.39024759e-16 9.99953743e-01 2.74796021e-16 9.98047401e-01 6.72546237e-01 7.81156879e-01 9.87044297e-01 9.93337182e-01 9.94881231e-01 9.95341911e-01 2.67225698e-18 5.71832055e-19 1.40808814e-06 3.39725510e-07 3.39725510e-07 3.56292512e-03 3.56292512e-03 1.68449212e-04 8.38564896e-18 1.09391027e-03 1.29609352e-02 1.09342706e-02 2.81000146e-03 2.01832751e-03 1.76975670e-03 1.68843688e-03
5.03003003e-02 -2.06697975e+01 -2.06697975e+01 -2.50725140e-02 -6.80091174e-03 -6.80088228e-03 7.13254574e+01 7.13254574e+01 1.03910137e+02 1.73372523e+02 2.07395091e+02 2.97816974e+02 3.21506847e+02 4.18394157e+02 5.22064073e+02 6.26130882e+02 7.30353853e+02 9.97170512e-16 4.22964249e-16 1.63515922e-05 7.38786512e-14 7.44705017e-17 2.67434328e-16 1.50969196e-27 9.99953464e-01 2.72863648e-16 9.98035248e-01 6.72527608e-01 7.81393476e-01 9.86979374e-01 9.93300246e-01 9.94851250e-01 9.95312461e-01 1.60140076e-18 1.91720666e-18 1.40808814e-06 3.39725510e-07 3.39725510e-07 3.56292512e-03 3.56292512e-03 1.68957592e-04 1.29516178e-18 1.09730592e-03 1.29612317e-02 1.09290841e-02 2.81698735e-03 2.02389549e-03 1.77491854e-03 1.69375351e-03
5.04504505e-02 -2.06697975e+01 -2.06697975e+01 -2.50725138e-02 -6.80090968e-03 -6.80089429e-03 7.13254574e+01 7.13254574e+01 1.03909906e+02 1.73372523e+02 2.07392022e+02 2.97770009e+02 3.21528951e+02 4.18408534e+02 5.22077477e+02 6.26145338e+02 7.30370554e+02 3.54551068e-16 6.90617503e-16 1.64004029e-05 1.31795047e-16 7.40939587e-14 1.51072568e-27 1.03655487e-16 9.99953183e-01 2.05263281e-16 9.98023053e-01 6.72509479e-01 7.81630021e-01 9.86914392e-01 9.93263234e-01 9.94821190e-01 9.95282904e-01 1.28002139e-19 2.21404898e-18 1.40808814e-06 3.39725510e-07 3.39725510e-07 3.56292512e-03 3.56292512e-03 1.69466009e-04 1.71957885e-18 1.10070264e-03 1.29615202e-02 1.09238948e-02 2.82396181e-03 2.02945923e-03 1.78007896e-03 1.69907242e-03
5.06006006e-02 -2.06697975e+01 -2.06697975e+01 -2.50725138e-02 -6.80089651e-03 -6.80088611e-03 7.13254574e+01 7.13254574e+01 1.03909673e+02 1.73372523e+02 2.07388942e+02 2.97723021e+02 3.21551019e+02 4.18422940e+02 5.22090914e+02 6.26159835e+02 7.30387311e+02 7.11670405e-16 3.24224956e-16 1.64492137e-05 1.18402766e-16 7.43230636e-14 1.71838945e-16 1.51175998e-27 9.99952902e-01 2.32479254e-16 9.98010817e-01 6.72491848e-01 7.81866515e-01 9.86849351e-01 9.93226149e-01 9.94791049e-01 9.95253241e-01 2.30985643e-18 4.06884119e-18 1.40808814e-06 3.39725510e-07 3.39725510e-07 3.56292512e-03 3.56292512e-03 1.69974462e-04 2.31411679e-18 1.10410044e-03 1.29618008e-02 1.09187025e-02 2.83092483e-03 2.03501870e-03 1.78523794e-03 1.70439363e-03
5.07507508e-02 -2.06697975e+01 -2.06697975e+01 -2.50725137e-02 -6.80089596e-03 -6.80089156e-03 7.13254574e+01 7.13254574e+01 1.03909440e+02 1.73372523e+02 2.07385853e+02 2.97676010e+02 3.21573049e+02 4.18437377e+02 5.22104386e+02 6.26174373e+02 7.30404124e+02 5.81626189e-16 2.23505096e-16 1.64980244e-05 7.46051481e-14 3.45574119e-16 1.40338370e-16 1.51279487e-27 9.99952620e-01 7.35228173e-16 9.97998539e-01 6.72474717e-01 7.82102957e-01 9.86784254e-01 9.93188988e-01 9.94760829e-01 9.95223471e-01 6.31613927e-18 6.17231343e-18 1.40808814e-06 3.39725510e-07 3.39725510e-07 3.56292512e-03 3.56292512e-03 1.70482952e-04 1.44874704e-17 1.10749932e-03 1.29620734e-02 1.09135073e-02 2.83787639e-03 2.04057390e-03 1.79039548e-03 1.70971713e-03
5.09009009e-02 -2.06697975e+01 -2.06697975e+01 -2.50725151e-02 -6.80090828e-03 -6.80089426e-03 7.13254574e+01 7.13254574e+01 1.03909207e+02 1.73372523e+02 2.07382754e+02 2.97628976e+02 3.21595042e+02 4.18451843e+02 5.22117892e+02 6.26188953e+02 7.30420992e+02 3.04511558e-16 5.99791045e-16 1.65468351e-05 7.47701067e-14 1.47125578e-16 1.87596488e-16 1.51383034e-27 9.99952337e-01 4.31502074e-16 9.97986219e-01 6.72458083e-01 7.82339344e-01 9.86719101e-01 9.93151755e-01 9.94730530e-01 9.95193595e-01 9.07612115e-19 8.29740974e-18 1.40808814e-06 3.39725510e-07 3.39725510e-07 3.56292512e-03 3.56292512e-03 1.70991478e-04 4.59448786e-18 1.11089927e-03 1.29623381e-02 1.09083093e-02 2.84481647e-03 2.04612482e-03 1.79555156e-03 1.71504294e-03
5.10510511e-02 -2.06697975e+01 -2.06697975e+01 -2.50725139e-02 -6.80089814e-03 -6.80089315e-03 7.13254574e+01 7.13254574e+01 1.03908973e+02 1.73372523e+02 2.07379645e+02 2.97581919e+02 3.21616999e+02 4.18466339e+02 5.22131433e+02 6.26203574e+02 7.30437916e+02 2.16376354e-16 3.53669730e-16 1.65956458e-05 7.48464569e-14 3.16169881e-16 1.69123255e-16 1.51486641e-27 9.99952053e-01 4.00987809e-16 9.97973857e-01 6.72441947e-01 7.82575677e-01 9.86653892e-01 9.93114447e-01 9.94700151e-01 9.95163612e-01 2.72552223e-18 6.35974464e-19 1.40808814e-06 3.39725510e-07 3.39725510e-07 3.56292512e-03 3.56292512e-03 1.71500041e-04 1.21598217e-18 1.11430031e-03 1.29625948e-02 1.09031084e-02 2.85174506e-03 2.05167144e-03 1.80070620e-03 1.72037105e-03
5.12012012e-02 -2.06697975e+01 -2.06697975e+01 -2.50725134e-02 -6.80089410e-03 -6.80089147e-03 7.13254574e+01 7.13254574e+01 1.03908738e+02 1.73372523e+02 2.07376525e+02 2.97534841e+02 3.21638918e+02 4.18480864e+02 5.22145007e+02 6.26218237e+02 7.30454896e+02 7.18655542e-16 1.23363802e-15 1.66444566e-05 7.52288821e-14 6.34089859e-16 1.99176716e-16 1.51590306e-27 9.99951768e-01 4.27633012e-16 9.97961453e-01 6.72426308e-01 7.82811954e-01 9.86588630e-01 9.93077066e-01 9.94669692e-01 9.95133521e-01 3.29138272e-18 5.34199916e-18 1.40808814e-06 3.39725510e-07 3.39725510e-07 3.56292512e-03 3.56292512e-03 1.72008641e-04 9.10141742e-18 1.11770244e-03 1.29628436e-02 1.08979048e-02 2.85866215e-03 2.05721376e-03 1.80585937e-03 1.72570149e-03
5.13513514e-02 -2.06697975e+01 -2.06697975e+01 -2.50725136e-02 -6.80090188e-03 -6.80089202e-03 7.13254574e+01 7.13254574e+01 1.03908502e+02 1.73372523e+02 2.07373396e+02 2.97487739e+02 3.21660801e+02 4.18495419e+02 5.22158615e+02 6.26232941e+02 7.30471931e+02 1.95091539e-16 3.00611097e-16 1.66932673e-05 7.25428239e-14 1.62101733e-16 1.11350300e-16 1.52108858e-27 9.99951482e-01 2.26800405e-16 9.97949007e-01 6.72411167e-01 7.83048174e-01 9.86523314e-01 9.93039612e-01 9.94639154e-01 9.95103324e-01 1.57321506e-18 1.27306210e-18 1.40808814e-06 3.39725510e-07 3.39725510e-07 3.56292512e-03 3.56292512e-03 1.72517278e-04 4.95825292e-18 1.12110566e-03 1.29630846e-02 1.08926983e-02 2.86556771e-03 2.06275175e-03 1.81101107e-03 1.73103424e-03
5.15015015e-02 -2.06697975e+01 -2.06697975e+01 -2.50725144e-02 -6.80090165e-03 -6.80088869e-03 7.13254574e+01 7.13254574e+01 1.03908265e+02 1.73372523e+02 2.07370257e+02 2.97440616e+02 3.21682647e+02 4.18510003e+02 5.22172258e+02 6.26247686e+02 7.30489022e+02 1.51420537e-15 6.50918825e-16 1.67420780e-05 8.42977032e-17 7.26611060e-14 1.52223654e-27 7.08718419e-17 9.99951196e-01 1.01877798e-15 9.97936519e-01 6.72396521e-01 7.83284336e-01 9.86457945e-01 9.93002086e-01 9.94608537e-01 9.95073019e-01 3.34099605e-18 4.22201911e-18 1.40808814e-06 3.39725510e-07 3.39725510e-07 3.56292512e-03 3.56292512e-03 1.73025952e-04 1.16243230e-17 1.12450997e-03 1.29633176e-02 1.08874890e-02 2.87246174e-03 2.06828541e-03 1.81616129e-03 1.73636932e-03
5.16516517e-02 -2.06697975e+01 -2.06697975e+01 -2.50725136e-02 -6.80088848e-03 -6.80087766e-03 7.13254574e+01 7.13254574e+01 1.03908028e+02 1.73372523e+02 2.07367108e+02 2.97393470e+02 3.21704455e+02 4.18524616e+02 5.22185935e+02 6.26262472e+02 7.30506169e+02 1.83218027e-16 6.14627966e-16 1.67908887e-05 1.69586804e-16 7.28859425e-14 7.25249293e-17 1.52338667e-27 9.99950908e-01 4.18207338e-16 9.97923990e-01 6.72382372e-01 7.83520439e-01 9.86392525e-01 9.92964487e-01 9.94577842e-01 9.95042607e-01 4.73315561e-18 2.72805170e-18 1.40808814e-06 3.39725510e-07 3.39725510e-07 3.56292512e-03 3.56292512e-03 1.73534664e-04 2.67788185e-18 1.12791538e-03 1.29635427e-02 1.08822770e-02 2.87934422e-03 2.07381472e-03 1.82131002e-03 1.74170674e-03
5.18018018e-02 -2.06697975e+01 -2.06697975e+01 -2.50725137e-02 -6.80089439e-03 -6.80089428e-03 7.13254574e+01 7.13254574e+01 1.03907791e+02 1.73372523e+02 2.07363949e+02 2.97346302e+02 3.21726228e+02 4.18539259e+02 5.22199645e+02 6.26277300e+02 7.30523372e+02 9.18728867e-16 1.22232595e-16 1.68396994e-05 8.81686851e-27 5.17740325e-27 1.45836873e-44 1.66849797e-26 9.99950620e-01 5.04949322e-16 9.97911418e-01 6.72368718e-01 7.83756483e-01 9.86327055e-01 9.92926816e-01 9.94547067e-01 9.95012087e-01 2.78913472e-18 1.90944232e-18 1.40808814e-06 3.39725510e-07 3.39725510e-07 3.56292512e-03 3.56292512e-03 1.74043412e-04 5.64373213e-18 1.13132189e-03 1.29637599e-02 1.08770622e-02 2.88621513e-03 2.07933968e-03 1.82645727e-03 1.74704649e-03
5.19519520e-02 -2.06697975e+01 -2.06697975e+01 -2.50725143e-02 -6.80089089e-03 -6.80088957e-03 7.13254574e+01 7.13254574e+01 1.03907552e+02 1.73372523e+02 2.07360779e+02 2.97299111e+02 3.21747963e+02 4.18553930e+02 5.22213390e+02 6.26292169e+02 7.30540632e+02 1.24405848e-15 1.77889513e-16 1.68885102e-05 1.30470667e-15 7.33574623e-14 1.52549171e-27 1.83801122e-16 9.99950331e-01 2.23706122e-16 9.97898804e-01 6.72355560e-01 7.83992465e-01 9.86261534e-01 9.92889073e-01 9.94516213e-01 9.94981460e-01 1.91956356e-19 9.30668857e-19 1.40808814e-06 3.39725510e-07 3.39725510e-07 3.56292512e-03 3.56292512e-03 1.74552198e-04 4.64337821e-18 1.13472950e-03 1.29639692e-02 1.08718447e-02 2.89307447e-03 2.08486026e-03 1.83160301e-03 1.75238859e-03
5.21021021e-02 -2.06697975e+01 -2.06697975e+01 -2.50725148e-02 -6.80089242e-03 -6.80088050e-03 7.13254574e+01 7.13254574e+01 1.03907313e+02 1.73372523e+02 2.07357600e+02 2.97251899e+02 3.21769662e+02 4.18568631e+02 5.22227168e+02 6.26307079e+02 7.30557947e+02 3.11331956e-16 1.09774599e-15 1.69373209e-05 4.02346314e-16 2.23549647e-13 1.53614068e-27 1.64603938e-16 9.99950041e-01 3.78912336e-16 9.97886147e-01 6.72342896e-01 7.84228386e-01 9.86195965e-01 9.92851259e-01 9.94485281e-01 9.94950724e-01 1.64615488e-18 2.73235023e-18 1.40808814e-06 3.39725510e-07 3.39725510e-07 3.56292512e-03 3.56292512e-03 1.75061022e-04 2.95070565e-18 1.13813822e-03 1.29641706e-02 1.08666244e-02 2.89992221e-03 2.09037647e-03 1.83674725e-03 1.75773303e-03
5.22522523e-02 -2.06697975e+01 -2.06697975e+01 -2.50725144e-02 -6.80090577e-03 -6.80089037e-03 7.13254574e+01 7.13254574e+01 1.03907073e+02 1.73372523e+02 2.07354411e+02 2.97204664e+02 3.21791323e+02 4.18583360e+02 5.22240980e+02 6.26322030e+02 7.30575318e+02 2.39663654e-16 5.71988868e-16 1.69861316e-05 2.88357839e-16 2.24125125e-13 2.87721145e-16 1.54373774e-27 9.99949750e-01 4.78667700e-16 9.97873449e-01 6.72330726e-01 7.84464243e-01 9.86130349e-01 9.92813374e-01 9.94454270e-01 9.94919880e-01 2.36765968e-18 1.17521412e-18 1.40808814e-06 3.39725510e-07 3.39725510e-07 3.56292512e-03 3.56292512e-03 1.75569884e-04 5.31025632e-18 1.14154804e-03 1.29643642e-02 1.08614015e-02 2.90675834e-03 2.09588828e-03 1.84188997e-03 1.76307984e-03
5.24024024e-02 -2.06697975e+01 -2.06697975e+01 -2.50725137e-02 -6.80089294e-03 -6.80089049e-03 7.13254574e+01 7.13254574e+01 1.03906832e+02 1.73372523e+02 2.07351212e+02 2.97157408e+02 3.21812949e+02 4.18598118e+02 5.22254826e+02 6.26337022e+02 7.30592745e+02 6.74724649e-16 5.40447739e-16 1.70349423e-05 2.04605294e-15 2.24874856e-13 1.56961207e-16 1.32461221e-23 9.99949458e-01 2.86339790e-16 9.97860708e-01 6.72319051e-01 7.84700037e-01 9.86064685e-01 9.92775418e-01 9.94423181e-01 9.94888928e-01 7.42867154e-19 2.99641929e-18 1.40808814e-06 3.39725510e-07 3.39725510e-07 3.56292512e-03 3.56292512e-03 1.76078783e-04 1.26618056e-17 1.14495898e-03 1.29645499e-02 1.08561760e-02 2.91358285e-03 2.10139569e-03 1.84703117e-03 1.76842900e-03
5.25525526e-02 -2.06697975e+01 -2.06697975e+01 -2.50725132e-02 -6.80090347e-03 -6.80089526e-03 7.13254574e+01 7.13254574e+01 1.03906591e+02 1.73372523e+02 2.07348002e+02 2.97110130e+02 3.21834538e+02 4.18612905e+02 5.22268705e+02 6.26352056e+02 7.30610229e+02 3.96753955e-16 9.27337846e-16 1.70837531e-05 5.61209143e-16 2.25568392e-13 2.51666470e-16 1.54695518e-27 9.99949166e-01 6.57068384e-16 9.97847925e-01 6.72307868e-01 7.84935766e-01 9.85998975e-01 9.92737391e-01 9.94392013e-01 9.94857868e-01 3.09207019e-18 4.02264214e-18 1.40808814e-06 3.39725510e-07 3.39725510e-07 3.56292512e-03 3.56292512e-03 1.76587720e-04 2.13223427e-18 1.14837103e-03 1.29647278e-02 1.08509477e-02 2.92039573e-03 2.10689867e-03 1.85217084e-03 1.77378054e-03
5.27027027e-02 -2.06697975e+01 -2.06697975e+01 -2.50725154e-02 -6.80089842e-03 -6.80089001e-03 7.13254574e+01 7.13254574e+01 1.03906349e+02 1.73372523e+02 2.07344783e+02 2.97062830e+02 3.21856090e+02 4.18627720e+02 5.22282618e+02 6.26367130e+02 7.30627769e+02 7.32621844e-16 2.09888035e-16 1.71325638e-05 5.61990617e-16 2.26127703e-13 1.56201752e-16 1.54802974e-27 9.99948872e-01 2.19246325e-16 9.97835099e-01 6.72297179e-01 7.85171429e-01 9.85933220e-01 9.92699294e-01 9.94360767e-01 9.94826698e-01 8.99072286e-18 8.37036307e-18 1.40808814e-06 3.39725510e-07 3.39725510e-07 3.56292512e-03 3.56292512e-03 1.77096695e-04 2.67788185e-18 1.15178420e-03 1.29648978e-02 1.08457169e-02 2.92719695e-03 2.11239723e-03 1.85730898e-03 1.77913444e-03
5.28528529e-02 -2.06697975e+01 -2.06697975e+01 -2.50725149e-02 -6.80090540e-03 -6.80088454e-03 7.13254574e+01 7.13254574e+01 1.03906106e+02 1.73372523e+02 2.07341554e+02 2.97015508e+02 3.21877605e+02 4.18642564e+02 5.22296565e+02 6.26382246e+02 7.30645365e+02 5.16888999e-16 2.33997818e-16 1.71813745e-05 2.26770378e-13 2.65125805e-16 1.54910492e-27 7.80391295e-17 9.99948578e-01 4.05815098e-16 9.97822231e-01 6.72286982e-01 7.85407025e-01 9.85867421e-01 9.92661128e-01 9.94329443e-01 9.94795420e-01 2.49570478e-18 2.51065588e-18 1.40808814e-06 3.39725510e-07 3.39725510e-07 3.56292512e-03 3.56292512e-03 1.77605709e-04 1.03409964e-18 1.15519849e-03 1.29650600e-02 1.08404834e-02 2.93398651e-03 2.11789135e-03 1.86244557e-03 1.78449073e-03
5.30030030e-02 -2.06697975e+01 -2.06697975e+01 -2.50725143e-02 -6.80089908e-03 -6.80088697e-03 7.13254574e+01 7.13254574e+01 1.03905863e+02 1.73372523e+02 2.07338314e+02 2.96968165e+02 3.21899085e+02 4.18657436e+02 5.22310545e+02 6.26397403e+02 7.30663017e+02 2.39667212e-16 1.51015636e-15 1.72301852e-05 3.72319952e-16 2.27418735e-13 1.55018071e-27 1.22925177e-16 9.99948283e-01 5.51798672e-16 9.97809320e-01 6.72277277e-01 7.85642553e-01 9.85801579e-01 9.92622891e-01 9.94298041e-01 9.94764033e-01 2.06733521e-18 2.07967960e-18 1.40808814e-06 3.39725510e-07 3.39725510e-07 3.56292512e-03 3.56292512e-03 1.78114760e-04 6.14732881e-18 1.15861391e-03 1.29652144e-02 1.08352474e-02 2.94076440e-03 2.12338101e-03 1.86758061e-03 1.78984940e-03
5.31531532e-02 -2.06697975e+01 -2.06697975e+01 -2.50725151e-02 -6.80088864e-03 -6.80087999e-03 7.13254574e+01 7.13254574e+01 1.03905619e+02 1.73372523e+02 2.07335065e+02 2.96920800e+02 3.21920527e+02 4.18672336e+02 5.22324559e+02 6.26412601e+02 7.30680726e+02 9.66614348e-16 2.79488851e-16 1.72789960e-05 5.94358845e-16 2.28080397e-13 1.55125713e-27 2.78482458e-16 9.99947987e-01 1.08662666e-15 9.97796367e-01 6.72268063e-01 7.85878013e-01 9.85735694e-01 9.92584586e-01 9.94266561e-01 9.94732537e-01 5.26283013e-18 4.44896158e-19 1.40808814e-06 3.39725510e-07 3.39725510e-07 3.56292512e-03 3.56292512e-03 1.78623850e-04 1.06438889e-18 1.16203045e-03 1.29653609e-02 1.08300088e-02 2.94753059e-03 2.12886620e-03 1.87271409e-03 1.79521046e-03
5.33033033e-02 -2.06697975e+01 -2.06697975e+01 -2.50725121e-02 -6.80089604e-03 -6.80088462e-03 7.13254574e+01 7.13254574e+01 1.03905374e+02 1.73372523e+02 2.07331805e+02 2.96873414e+02 3.21941934e+02 4.18687264e+02 5.22338606e+02 6.26427840e+02 7.30698492e+02 6.29412024e-16 8.72601218e-16 1.73278067e-05 4.45432174e-16 2.28689722e-13 3.40858325e-16 1.37605935e-23 9.99947690e-01 7.56584182e-16 9.97783371e-01 6.72259341e-01 7.86113402e-01 9.85669768e-01 9.92546212e-01 9.94235003e-01 9.94700931e-01 2.24016395e-18 4.77128128e-18 1.40808814e-06 3.39725510e-07 3.39725510e-07 3.56292512e-03 3.56292512e-03 1.79132978e-04 6.59027347e-18 1.16544812e-03 1.29654996e-02 1.08247676e-02 2.95428508e-03 2.13434692e-03 1.87784600e-03 1.80057392e-03
5.34534535e-02 -2.06697975e+01 -2.06697975e+01 -2.50725132e-02 -6.80089546e-03 -6.80089202e-03 7.13254574e+01 7.13254574e+01 1.03905128e+02 1.73372523e+02 2.07328535e+02 2.96826007e+02 3.21963304e+02 4.18702221e+02 5.22352686e+02 6.26443120e+02 7.30716314e+02 2.89729300e-16 1.15096699e-15 1.73766174e-05 2.29383359e-13 1.45193862e-15 1.64520315e-27 4.44320645e-16 9.99947392e-01 3.73499157e-16 9.97770333e-01 6.72251109e-01 7.86348721e-01 9.85603801e-01 9.92507769e-01 9.94203368e-01 9.94669216e-01 4.68428912e-18 4.10715289e-18 1.40808814e-06 3.39725510e-07 3.39725510e-07 3.56292512e-03 3.56292512e-03 1.79642145e-04 9.64706501e-18 1.16886692e-03 1.29656305e-02 1.08195239e-02 2.96102785e-03 2.13982314e-03 1.88297634e-03 1.80593977e-03
5.36036036e-02 -2.06697975e+01 -2.06697975e+01 -2.50725150e-02 -6.80091357e-03 -6.80090723e-03 7.13254574e+01 7.13254574e+01 1.03904882e+02 1.73372523e+02 2.07325256e+02 2.96778578e+02 3.21984638e+02 4.18717205e+02 5.22366800e+02 6.26458441e+02 7.30734192e+02 8.83026633e-16 8.61834833e-16 1.74254281e-05 7.92338731e-16 2.30060637e-13 1.64628182e-27 9.76676123e-17 9.99947093e-01 2.57229637e-16 9.97757252e-01 6.72243367e-01 7.86583968e-01 9.85537795e-01 9.92469258e-01 9.94171655e-01 9.94637391e-01 5.54802533e-18 5.23013696e-18 1.40808814e-06 3.39725510e-07 3.39725510e-07 3.56292512e-03 3.56292512e-03 1.80151351e-04 2.49599932e-18 1.17228686e-03 1.29657536e-02 1.08142777e-02 2.96775889e-03 2.14529486e-03 1.88810509e-03 1.81130804e-03
5.37537538e-02 -2.06697975e+01 -2.06697975e+01 -2.50725148e-02 -6.80090412e-03 -6.80089602e-03 7.13254574e+01 7.13254574e+01 1.03904635e+02 1.73372523e+02 2.07321966e+02 2.96731127e+02 3.22005935e+02 4.18732217e+02 5.22380947e+02 6.26473803e+02 7.30752128e+02 1.26775691e-15 7.61207049e-16 1.74742388e-05 2.30753327e-13 5.82197582e-16 1.12463540e-16 1.64736112e-27 9.99946794e-01 3.28558870e-16 9.97744128e-01 6.72236115e-01 7.86819142e-01 9.85471750e-01 9.92430678e-01 9.94139865e-01 9.94605457e-01 5.44973756e-18 2.64549115e-18 1.40808814e-06 3.39725510e-07 3.39725510e-07 3.56292512e-03 3.56292512e-03 1.80660595e-04 1.06438889e-18 1.17570794e-03 1.29658690e-02 1.08090290e-02 2.97447819e-03 2.15076207e-03 1.89323226e-03 1.81667872e-03
5.39039039e-02 -2.06697975e+01 -2.06697975e+01 -2.50725146e-02 -6.80089439e-03 -6.80089428e-03 7.13254574e+01 7.13254574e+01 1.03904387e+02 1.73372523e+02 2.07318666e+02 2.96683656e+02 3.22027196e+02 4.18747257e+02 5.22395128e+02 6.26489206e+02 7.30770120e+02 1.48760821e-16 2.60857476e-16 1.75230496e-05 9.18955441e-27 5.39625025e-27 1.51754891e-44 1.73902478e-26 9.99946493e-01 7.53805006e-16 9.97730961e-01 6.72229353e-01 7.87054243e-01 9.85405667e-01 9.92392032e-01 9.94107998e-01 9.94573412e-01 2.70118439e-18 3.52936910e-18 1.40808814e-06 3.39725510e-07 3.39725510e-07 3.56292512e-03 3.56292512e-03 1.81169878e-04 7.60922849e-18 1.17913016e-03 1.29659765e-02 1.08037778e-02 2.98118573e-03 2.15622475e-03 1.89835783e-03 1.82205182e-03
5.40540541e-02 -2.06697975e+01 -2.06697975e+01 -2.50725149e-02 -6.80089764e-03 -6.80088969e-03 7.13254574e+01 7.13254574e+01 1.03904139e+02 1.73372523e+02 2.07315356e+02 2.96636164e+02 3.22048421e+02 4.18762325e+02 5.22409341e+02 6.26504650e+02 7.30788168e+02 6.49129460e-16 5.33017994e-16 1.75718603e-05 6.45258008e-16 2.31954917e-13 1.92602525e-16 1.42655453e-23 9.99946192e-01 7.47312740e-16 9.97717751e-01 6.72223079e-01 7.87289269e-01 9.85339547e-01 9.92353318e-01 9.94076053e-01 9.94541257e-01 1.45001756e-18 1.09218767e-18 1.40808814e-06 3.39725510e-07 3.39725510e-07 3.56292512e-03 3.56292512e-03 1.81679201e-04 3.54524359e-18 1.18255353e-03 1.29660763e-02 1.07985242e-02 2.98788150e-03 2.16168289e-03 1.90348180e-03 1.82742734e-03
5.42042042e-02 -2.06697975e+01 -2.06697975e+01 -2.50725139e-02 -6.80090309e-03 -6.80089949e-03 7.13254574e+01 7.13254574e+01 1.03903890e+02 1.73372523e+02 2.07312035e+02 2.96588650e+02 3.22069610e+02 4.18777420e+02 5.22423588e+02 6.26520134e+02 7.30806274e+02 2.58980769e-16 6.97438550e-16 1.76206710e-05 1.37527751e-15 2.32578255e-13 1.55957270e-16 1.65060282e-27 9.99945890e-01 2.61878854e-16 9.97704499e-01 6.72217293e-01 7.87524219e-01 9.85273391e-01 9.92314537e-01 9.94044031e-01 9.94508992e-01 5.99029553e-18 2.42166765e-18 1.40808814e-06 3.39725510e-07 3.39725510e-07 3.56292512e-03 3.56292512e-03 1.82188562e-04 8.52217113e-19 1.18597804e-03 1.29661683e-02 1.07932681e-02 2.99456549e-03 2.16713648e-03 1.90860415e-03 1.83280529e-03
5.43543544e-02 -2.06697975e+01 -2.06697975e+01 -2.50725139e-02 -6.80089970e-03 -6.80089621e-03 7.13254574e+01 7.13254574e+01 1.03903640e+02 1.73372523e+02 2.07308705e+02 2.96541116e+02 3.22090763e+02 4.18792543e+02 5.22437868e+02 6.26535660e+02 7.30824436e+02 6.37548623e-16 2.91343991e-16 1.76694817e-05 2.33224471e-13 1.48171488e-15 1.65168467e-27 2.00611086e-16 9.99945587e-01 4.68235190e-16 9.97691203e-01 6.72211995e-01 7.87759093e-01 9.85207200e-01 9.92275689e-01 9.94011932e-01 9.94476616e-01 4.63383894e-18 2.80770877e-18 1.40808814e-06 3.39725510e-07 3.39725510e-07 3.56292512e-03 3.56292512e-03 1.82697963e-04 2.49599932e-18 1.18940371e-03 1.29662525e-02 1.07880096e-02 3.00123769e-03 2.17258551e-03 1.91372488e-03 1.83818568e-03
5.45045045e-02 -2.06697975e+01 -2.06697975e+01 -2.50725139e-02 -6.80089898e-03 -6.80089087e-03 7.13254574e+01 7.13254574e+01 1.03903390e+02 1.73372523e+02 2.07305364e+02 2.96493561e+02 3.22111880e+02 4.18807693e+02 5.22452180e+02 6.26551227e+02 7.30842655e+02 4.33046037e-16 2.01286814e-16 1.77182925e-05 6.47183123e-16 2.33935062e-13 1.65276715e-27 2.50689545e-16 9.99945283e-01 5.09495196e-16 9.97677865e-01 6.72207184e-01 7.87993889e-01 9.85140975e-01 9.92236775e-01 9.93979757e-01 9.94444129e-01 1.62988710e-18 1.72532987e-18 1.40808814e-06 3.39725510e-07 3.39725510e-07 3.56292512e-03 3.56292512e-03 1.83207402e-04 7.28751434e-18 1.19283053e-03 1.29663290e-02 1.07827487e-02 3.00789808e-03 2.17802997e-03 1.91884399e-03 1.84356851e-03
5.46546547e-02 -2.06697975e+01 -2.06697975e+01 -2.50725134e-02 -6.80089626e-03 -6.80088741e-03 7.13254574e+01 7.13254574e+01 1.03903138e+02 1.73372523e+02 2.07302014e+02 2.96445985e+02 3.22132960e+02 4.18822870e+02 5.22466526e+02 6.26566834e+02 7.30860931e+02 1.95786958e-16 2.42292852e-16 1.77671032e-05 2.34489604e-13 5.95701685e-16 1.65385027e-27 9.99161739e-17 9.99944978e-01 3.88763481e-16 9.97664483e-01 6.72202860e-01 7.88228607e-01 9.85074716e-01 9.92197795e-01 9.93947505e-01 9.94411532e-01 2.37232858e-18 4.19476006e-18 1.40808814e-06 3.39725510e-07 3.39725510e-07 3.56292512e-03 3.56292512e-03 1.83716882e-04 1.99240265e-18 1.19625851e-03 1.29663978e-02 1.07774855e-02 3.01454665e-03 2.18346983e-03 1.92396145e-03 1.84895378e-03
5.48048048e-02 -2.06697975e+01 -2.06697975e+01 -2.50725150e-02 -6.80088934e-03 -6.80088493e-03 7.13254574e+01 7.13254574e+01 1.03902887e+02 1.73372523e+02 2.07298653e+02 2.96398388e+02 3.22154005e+02 4.18838074e+02 5.22480905e+02 6.26582482e+02 7.30879265e+02 4.34773244e-16 8.13240561e-16 1.78159139e-05 1.14434262e-15 2.35155015e-13 1.65493404e-27 2.77319825e-16 9.99944672e-01 3.39010061e-16 9.97651059e-01 6.72199022e-01 7.88463245e-01 9.85008425e-01 9.92158749e-01 9.93915176e-01 9.94378823e-01 2.83046717e-18 1.61436268e-18 1.40808814e-06 3.39725510e-07 3.39725510e-07 3.56292512e-03 3.56292512e-03 1.84226401e-04 1.18853852e-17 1.19968764e-03 1.29664588e-02 1.07722199e-02 3.02118339e-03 2.18890510e-03 1.92907728e-03 1.85434151e-03
5.49549550e-02 -2.06697975e+01 -2.06697975e+01 -2.50725139e-02 -6.80089457e-03 -6.80087923e-03 7.13254574e+01 7.13254574e+01 1.03902634e+02 1.73372523e+02 2.07295282e+02 2.96350771e+02 3.22175014e+02 4.18853305e+02 5.22495316e+02 6.26598171e+02 7.30897655e+02 1.31045297e-15 2.44551778e-16 1.78647246e-05 4.17068630e-16 2.35814371e-13 1.65601844e-27 1.77125155e-16 9.99944366e-01 3.52239040e-16 9.97637591e-01 6.72195670e-01 7.88697803e-01 9.84942102e-01 9.92119638e-01 9.93882771e-01 9.94346004e-01 5.80599238e-18 1.13785363e-18 1.40808814e-06 3.39725510e-07 3.39725510e-07 3.56292512e-03 3.56292512e-03 1.84735959e-04 9.73447628e-19 1.20311794e-03 1.29665121e-02 1.07669519e-02 3.02780829e-03 2.19433576e-03 1.93419145e-03 1.85973169e-03
5.51051051e-02 -2.06697975e+01 -2.06697975e+01 -2.50725136e-02 -6.80090683e-03 -6.80089494e-03 7.13254574e+01 7.13254574e+01 1.03902381e+02 1.73372523e+02 2.07291901e+02 2.96303133e+02 3.22195986e+02 4.18868563e+02 5.22509760e+02 6.26613901e+02 7.30916102e+02 1.76484551e-15 3.29568385e-16 1.79135354e-05 4.97980525e-16 2.36468201e-13 1.65720622e-27 6.61959491e-17 9.99944059e-01 7.15947597e-16 9.97624079e-01 6.72192803e-01 7.88932280e-01 9.84875749e-01 9.92080462e-01 9.93850290e-01 9.94313073e-01 3.49857204e-18 3.49188187e-18 1.40808814e-06 3.39725510e-07 3.39725510e-07 3.56292512e-03 3.56292512e-03 1.85245558e-04 1.11275658e-17 1.20654941e-03 1.29665577e-02 1.07616816e-02 3.03442133e-03 2.19976179e-03 1.93930397e-03 1.86512434e-03
5.52552553e-02 -2.06697975e+01 -2.06697975e+01 -2.50725143e-02 -6.80089439e-03 -6.80089428e-03 7.13254574e+01 7.13254574e+01 1.03902127e+02 1.73372523e+02 2.07288509e+02 2.96255475e+02 3.22216923e+02 4.18883848e+02 5.22524237e+02 6.26629672e+02 7.30934607e+02 2.09322860e-16 2.86909528e-16 1.79623461e-05 9.43007366e-27 5.53748693e-27 1.55559331e-44 1.78454048e-26 9.99943750e-01 3.77907039e-16 9.97610525e-01 6.72190422e-01 7.89166675e-01 9.84809366e-01 9.92041221e-01 9.93817732e-01 9.94280030e-01 1.94525171e-18 6.87333366e-18 1.40808814e-06 3.39725510e-07 3.39725510e-07 3.56292512e-03 3.56292512e-03 1.85755196e-04 6.55998422e-18 1.20998204e-03 1.29665956e-02 1.07564091e-02 3.04102251e-03 2.20518319e-03 1.94441482e-03 1.87051946e-03
5.54054054e-02 -2.06697975e+01 -2.06697975e+01 -2.50725152e-02 -6.80089796e-03 -6.80089037e-03 7.13254574e+01 7.13254574e+01 1.03901872e+02 1.73372523e+02 2.07285108e+02 2.96207796e+02 3.22237824e+02 4.18899160e+02 5.22538747e+02 6.26645483e+02 7.30953169e+02 6.30174904e-16 1.35740509e-16 1.80111568e-05 6.83423107e-16 2.37718005e-13 1.67020697e-27 9.65599638e-17 9.99943441e-01 2.14245079e-16 9.97596927e-01 6.72188524e-01 7.89400986e-01 9.84742954e-01 9.92001915e-01 9.93785098e-01 9.94246875e-01 9.87596957e-19 9.72072496e-19 1.40808814e-06 3.39725510e-07 3.39725510e-07 3.56292512e-03 3.56292512e-03 1.86264874e-04 7.28751434e-18 1.21341585e-03 1.29666257e-02 1.07511342e-02 3.04761181e-03 2.21059995e-03 1.94952399e-03 1.87591705e-03
5.55555556e-02 -2.06697975e+01 -2.06697975e+01 -2.50725134e-02 -6.80089908e-03 -6.80089027e-03 7.13254574e+01 7.13254574e+01 1.03901617e+02 1.73372523e+02 2.07281696e+02 2.96160097e+02 3.22258690e+02 4.18914499e+02 5.22553289e+02 6.26661335e+02 7.30971788e+02 2.38587987e-16 2.02231043e-16 1.80599675e-05 5.07626164e-16 2.38382506e-13 1.67129847e-27 1.54413464e-16 9.99943131e-01 4.64344357e-16 9.97583286e-01 6.72187110e-01 7.89635213e-01 9.84676514e-01 9.91962546e-01 9.93752389e-01 9.94213609e-01 3.42689095e-18 1.40758527e-18 1.40808814e-06 3.39725510e-07 3.39725510e-07 3.56292512e-03 3.56292512e-03 1.86774593e-04 3.63618486e-18 1.21685083e-03 1.29666482e-02 1.07458571e-02 3.05418922e-03 2.21601204e-03 1.95463148e-03 1.88131712e-03
5.57057057e-02 -2.06697975e+01 -2.06697975e+01 -2.50725137e-02 -6.80089813e-03 -6.80089485e-03 7.13254574e+01 7.13254574e+01 1.03901360e+02 1.73372523e+02 2.07278274e+02 2.96112377e+02 3.22279519e+02 4.18929864e+02 5.22567864e+02 6.26677228e+02 7.30990465e+02 1.81312538e-16 2.64637409e-16 1.81087782e-05 1.23666737e-15 1.89867375e-13 1.44644953e-23 2.62905047e-16 9.99942820e-01 2.26427068e-16 9.97569601e-01 6.72186180e-01 7.89869356e-01 9.84610046e-01 9.91923113e-01 9.93719603e-01 9.94180230e-01 1.16553567e-17 3.53315196e-18 1.40808814e-06 3.39725510e-07 3.39725510e-07 3.56292512e-03 3.56292512e-03 1.87284352e-04 9.64706501e-18 1.22028699e-03 1.29666630e-02 1.07405777e-02 3.06075473e-03 2.22141947e-03 1.95973728e-03 1.88671968e-03
5.58558559e-02 -2.06697975e+01 -2.06697975e+01 -2.50725143e-02 -6.80089382e-03 -6.80088630e-03 7.13254574e+01 7.13254574e+01 1.03901104e+02 1.73372523e+02 2.07274842e+02 2.96064638e+02 3.22300313e+02 4.18945255e+02 5.22582472e+02 6.26693162e+02 7.31009199e+02 3.66745070e-16 3.50571224e-16 1.81575890e-05 1.90400284e-13 6.43832385e-16 1.34107268e-16 1.44763788e-23 9.99942509e-01 5.99270298e-16 9.97555873e-01 6.72185732e-01 7.90103412e-01 9.84543553e-01 9.91883616e-01 9.93686742e-01 9.94146740e-01 1.01958445e-18 8.88330837e-18 1.40808814e-06 3.39725510e-07 3.39725510e-07 3.56292512e-03 3.56292512e-03 1.87794151e-04 1.30862227e-17 1.22372433e-03 1.29666701e-02 1.07352962e-02 3.06730833e-03 2.22682221e-03 1.96484139e-03 1.89212473e-03
5.60060060e-02 -2.06697975e+01 -2.06697975e+01 -2.50725140e-02 -6.80091235e-03 -6.80087787e-03 7.13254574e+01 7.13254574e+01 1.03900846e+02 1.73372523e+02 2.07271399e+02 2.96016878e+02 3.22321071e+02 4.18960673e+02 5.22597112e+02 6.26709136e+02 7.31027990e+02 3.60286450e-16 9.52357356e-16 1.82063997e-05 1.90918806e-13 1.21183088e-16 1.44882789e-23 2.39504661e-16 9.99942196e-01 3.36253277e-16 9.97542102e-01 6.72185767e-01 7.90337382e-01 9.84477034e-01 9.91844057e-01 9.93653806e-01 9.94113136e-01 8.04130067e-18 3.28017461e-18 1.40808814e-06 3.39725510e-07 3.39725510e-07 3.56292512e-03 3.56292512e-03 1.88303990e-04 5.99573553e-18 1.22716285e-03 1.29666696e-02 1.07300124e-02 3.07385000e-03 2.23222026e-03 1.96994378e-03 1.89753227e-03
5.61561562e-02 -2.06697975e+01 -2.06697975e+01 -2.50725147e-02 -6.80089846e-03 -6.80089129e-03 7.13254574e+01 7.13254574e+01 1.03900588e+02 1.73372523e+02 2.07267947e+02 2.95969099e+02 3.22341794e+02 4.18976117e+02 5.22611784e+02 6.26725150e+02 7.31046839e+02 2.97773110e-16 2.62228683e-16 1.82552104e-05 1.91416595e-13 5.88871158e-16 1.45001957e-23 2.54170611e-16 9.99941883e-01 3.49245589e-16 9.97528286e-01 6.72186283e-01 7.90571264e-01 9.84410491e-01 9.91804434e-01 9.93620794e-01 9.94079420e-01 5.30729473e-18 3.06939687e-18 1.40808814e-06 3.39725510e-07 3.39725510e-07 3.56292512e-03 3.56292512e-03 1.88813870e-04 1.66955013e-17 1.23060256e-03 1.29666614e-02 1.07247264e-02 3.08037974e-03 2.23761361e-03 1.97504446e-03 1.90294231e-03
5.63063063e-02 -2.06697975e+01 -2.06697975e+01 -2.50725131e-02 -6.80091077e-03 -6.80090080e-03 7.13254574e+01 7.13254574e+01 1.03900329e+02 1.73372523e+02 2.07264484e+02 2.95921299e+02 3.22362481e+02 4.18991587e+02 5.22626489e+02 6.26741206e+02 7.31065746e+02 5.53141035e-16 2.72406176e-16 1.83040211e-05 3.85377065e-16 1.91943042e-13 1.45121291e-23 2.81575770e-16 9.99941568e-01 2.69726714e-16 9.97514427e-01 6.72187281e-01 7.90805057e-01 9.84343924e-01 9.91764750e-01 9.93587707e-01 9.94045591e-01 7.82551224e-18 1.14922187e-17 1.40808814e-06 3.39725510e-07 3.39725510e-07 3.56292512e-03 3.56292512e-03 1.89323791e-04 8.87064453e-18 1.23404346e-03 1.29666455e-02 1.07194383e-02 3.08689754e-03 2.24300223e-03 1.98014342e-03 1.90835487e-03
5.64564565e-02 -2.06697975e+01 -2.06697975e+01 -2.50725139e-02 -6.80088951e-03 -6.80088621e-03 7.13254574e+01 7.13254574e+01 1.03900069e+02 1.73372523e+02 2.07261011e+02 2.95873480e+02 3.22383132e+02 4.19007083e+02 5.22641226e+02 6.26757302e+02 7.31084710e+02 1.47650072e-15 6.95163163e-16 1.83528319e-05 1.92452709e-13 1.26962844e-15 1.45240792e-23 1.72518324e-16 9.99941253e-01 4.63428195e-16 9.97500525e-01 6.72188759e-01 7.91038761e-01 9.84277334e-01 9.91725003e-01 9.93554544e-01 9.94011650e-01 2.10311148e-18 4.83845234e-19 1.40808814e-06 3.39725510e-07 3.39725510e-07 3.56292512e-03 3.56292512e-03 1.89833752e-04 5.60168122e-18 1.23748555e-03 1.29666220e-02 1.07141480e-02 3.09340338e-03 2.24838613e-03 1.98524065e-03 1.91376993e-03
5.66066066e-02 -2.06697975e+01 -2.06697975e+01 -2.50725145e-02 -6.80089212e-03 -6.80088544e-03 7.13254574e+01 7.13254574e+01 1.03899809e+02 1.73372523e+02 2.07257528e+02 2.95825641e+02 3.22403748e+02 4.19022605e+02 5.22655995e+02 6.26773438e+02 7.31103732e+02 3.20759891e-16 3.14108115e-16 1.84016426e-05 3.78106878e-16 1.22353135e-13 1.68801052e-27 6.17500443e-17 9.99940937e-01 1.39688033e-16 9.97486578e-01 6.72190718e-01 7.91272374e-01 9.84210723e-01 9.91685194e-01 9.93521307e-01 9.93977595e-01 1.49719700e-18 2.71506408e-18 1.40808814e-06 3.39725510e-07 3.39725510e-07 3.56292512e-03 3.56292512e-03 1.90343754e-04 9.43158378e-19 1.24092884e-03 1.29665909e-02 1.07088556e-02 3.09989725e-03 2.25376528e-03 1.99033614e-03 1.91918751e-03
5.67567568e-02 -2.06697975e+01 -2.06697975e+01 -2.50725138e-02 -6.80090749e-03 -6.80090475e-03 7.13254574e+01 7.13254574e+01 1.03899548e+02 1.73372523e+02 2.07254034e+02 2.95777782e+02 3.22424329e+02 4.19038153e+02 5.22670797e+02 6.26789616e+02 7.31122812e+02 7.52970505e-16 1.37673107e-15 1.84504533e-05 1.25062548e-15 1.58145452e-13 1.68754598e-27 3.40730327e-16 9.99940620e-01 4.73714865e-16 9.97472588e-01 6.72193156e-01 7.91505896e-01 9.84144091e-01 9.91645324e-01 9.93487995e-01 9.93943426e-01 9.49197702e-19 5.23609263e-18 1.40808814e-06 3.39725510e-07 3.39725510e-07 3.56292512e-03 3.56292512e-03 1.90853798e-04 7.82140027e-18 1.24437333e-03 1.29665521e-02 1.07035610e-02 3.10637915e-03 2.25913968e-03 1.99542988e-03 1.92460762e-03
5.69069069e-02 -2.06697975e+01 -2.06697975e+01 -2.50725143e-02 -6.80090358e-03 -6.80089516e-03 7.13254574e+01 7.13254574e+01 1.03899286e+02 1.73372523e+02 2.07250530e+02 2.95729904e+02 3.22444874e+02 4.19053726e+02 5.22685630e+02 6.26805833e+02 7.31141950e+02 3.14975510e-16 7.31638853e-16 1.84992640e-05 1.22969191e-13 2.93076395e-16 1.46076479e-23 1.95906328e-16 9.99940302e-01 7.56220316e-16 9.97458554e-01 6.72196073e-01 7.91739325e-01 9.84077438e-01 9.91605393e-01 9.93454607e-01 9.93909144e-01 2.31270864e-18 6.90268948e-18 1.40808814e-06 3.39725510e-07 3.39725510e-07 3.56292512e-03 3.56292512e-03 1.91363882e-04 9.78689663e-18 1.24781902e-03 1.29665057e-02 1.06982644e-02 3.11284906e-03 2.26450932e-03 2.00052187e-03 1.93003026e-03
5.70570571e-02 -2.06697975e+01 -2.06697975e+01 -2.50725158e-02 -6.80090079e-03 -6.80089101e-03 7.13254574e+01 7.13254574e+01 1.03899024e+02 1.73372523e+02 2.07247016e+02 2.95682006e+02 3.22465383e+02 4.19069326e+02 5.22700496e+02 6.26822091e+02 7.31161145e+02 3.07217159e-16 2.51232051e-16 1.85480748e-05 3.25337093e-16 1.58860843e-13 1.69087755e-27 1.68015764e-16 9.99939983e-01 2.46212150e-16 9.97444476e-01 6.72199469e-01 7.91972662e-01 9.84010766e-01 9.91565401e-01 9.93421146e-01 9.93874749e-01 2.22565640e-18 2.54432394e-18 1.40808814e-06 3.39725510e-07 3.39725510e-07 3.56292512e-03 3.56292512e-03 1.91874008e-04 1.22188610e-17 1.25126591e-03 1.29664517e-02 1.06929658e-02 3.11930697e-03 2.26987418e-03 2.00561210e-03 1.93545543e-03
5.72072072e-02 -2.06697975e+01 -2.06697975e+01 -2.50725145e-02 -6.80089819e-03 -6.80088339e-03 7.13254574e+01 7.13254574e+01 1.03898760e+02 1.73372523e+02 2.07243491e+02 2.95634088e+02 3.22485858e+02 4.19084950e+02 5.22715394e+02 6.26838390e+02 7.31180398e+02 3.09307527e-16 4.86839703e-16 1.85968855e-05 3.02820643e-16 1.59298756e-13 1.85211602e-16 1.46123189e-23 9.99939664e-01 8.74332894e-16 9.97430354e-01 6.72203344e-01 7.92205905e-01 9.83944076e-01 9.91525349e-01 9.93387610e-01 9.93840239e-01 2.05090902e-18 2.85789955e-18 1.40808814e-06 3.39725510e-07 3.39725510e-07 3.56292512e-03 3.56292512e-03 1.92384175e-04 1.23889818e-17 1.25471402e-03 1.29663901e-02 1.06876650e-02 3.12575288e-03 2.27523425e-03 2.01070055e-03 1.94088314e-03
5.73573574e-02 -2.06697975e+01 -2.06697975e+01 -2.50725141e-02 -6.80090265e-03 -6.80088197e-03 7.13254574e+01 7.13254574e+01 1.03898497e+02 1.73372523e+02 2.07239957e+02 2.95586151e+02 3.22506297e+02 4.19100601e+02 5.22730324e+02 6.26854729e+02 7.31199710e+02 6.39463864e-16 1.67996955e-16 1.86456962e-05 1.59717163e-13 2.91536322e-16 1.09743816e-16 1.69311605e-27 9.99939343e-01 4.89458725e-16 9.97416188e-01 6.72207695e-01 7.92439052e-01 9.83877369e-01 9.91485236e-01 9.93353999e-01 9.93805615e-01 8.98691026e-18 1.13518441e-17 1.40808814e-06 3.39725510e-07 3.39725510e-07 3.56292512e-03 3.56292512e-03 1.92894383e-04 1.16732134e-17 1.25816333e-03 1.29663209e-02 1.06823623e-02 3.13218677e-03 2.28058952e-03 2.01578723e-03 1.94631339e-03
5.75075075e-02 -2.06697975e+01 -2.06697975e+01 -2.50725130e-02 -6.80089823e-03 -6.80089048e-03 7.13254574e+01 7.13254574e+01 1.03898232e+02 1.73372523e+02 2.07236412e+02 2.95538195e+02 3.22526700e+02 4.19116276e+02 5.22745286e+02 6.26871108e+02 7.31219079e+02 4.08016266e-16 1.96357479e-16 1.86945069e-05 1.60148547e-13 4.14922317e-16 2.71653334e-16 1.69423630e-27 9.99939022e-01 2.68744091e-16 9.97401978e-01 6.72212524e-01 7.92672104e-01 9.83810645e-01 9.91445064e-01 9.93320315e-01 9.93770878e-01 6.42760830e-19 1.83994702e-18 1.40808814e-06 3.39725510e-07 3.39725510e-07 3.56292512e-03 3.56292512e-03 1.93404633e-04 6.70334584e-19 1.26161386e-03 1.29662441e-02 1.06770575e-02 3.13860863e-03 2.28593998e-03 2.02087212e-03 1.95174619e-03
5.76576577e-02 -2.06697975e+01 -2.06697975e+01 -2.50725140e-02 -6.80089668e-03 -6.80089195e-03 7.13254574e+01 7.13254574e+01 1.03897967e+02 1.73372523e+02 2.07232856e+02 2.95490219e+02 3.22547069e+02 4.19131977e+02 5.22760279e+02 6.26887528e+02 7.31238507e+02 4.26217400e-16 2.53333974e-16 1.87433176e-05 1.60531680e-13 7.40688860e-16 3.15087130e-16 1.69535723e-27 9.99938700e-01 4.00039595e-16 9.97387723e-01 6.72217829e-01 7.92905059e-01 9.83743905e-01 9.91404833e-01 9.93286556e-01 9.93736025e-01 4.65564059e-19 6.13443514e-18 1.40808814e-06 3.39725510e-07 3.39725510e-07 3.56292512e-03 3.56292512e-03 1.93914925e-04 1.71957885e-18 1.26506560e-03 1.29661598e-02 1.06717507e-02 3.14501845e-03 2.29128562e-03 2.02595521e-03 1.95718155e-03
5.78078078e-02 -2.06697975e+01 -2.06697975e+01 -2.50725144e-02 -6.80091509e-03 -6.80089423e-03 7.13254574e+01 7.13254574e+01 1.03897701e+02 1.73372523e+02 2.07229291e+02 2.95442225e+02 3.22567402e+02 4.19147703e+02 5.22775305e+02 6.26903989e+02 7.31257992e+02 7.32666519e-16 6.49743270e-16 1.87921284e-05 1.52359873e-16 1.61023617e-13 5.96803638e-17 1.46609923e-23 9.99938377e-01 7.88830891e-16 9.97373425e-01 6.72223611e-01 7.93137917e-01 9.83677150e-01 9.91364542e-01 9.93252723e-01 9.93701058e-01 7.32985342e-18 1.08772929e-18 1.40808814e-06 3.39725510e-07 3.39725510e-07 3.56292512e-03 3.56292512e-03 1.94425258e-04 1.41354670e-17 1.26851856e-03 1.29660678e-02 1.06664420e-02 3.15141623e-03 2.29662642e-03 2.03103650e-03 1.96261947e-03
5.79579580e-02 -2.06697975e+01 -2.06697975e+01 -2.50725139e-02 -6.80090798e-03 -6.80087868e-03 7.13254574e+01 7.13254574e+01 1.03897434e+02 1.73372523e+02 2.07225715e+02 2.95394211e+02 3.22587701e+02 4.19163453e+02 5.22790362e+02 6.26920489e+02 7.31277536e+02 8.11797153e-16 1.85592466e-16 1.88409391e-05 1.61425991e-13 1.08157315e-16 2.23619004e-16 1.74355651e-27 9.99938053e-01 5.17433075e-16 9.97359082e-01 6.72229867e-01 7.93370676e-01 9.83610382e-01 9.91324192e-01 9.93218817e-01 9.93665976e-01 3.71018507e-18 1.71266120e-18 1.40808814e-06 3.39725510e-07 3.39725510e-07 3.56292512e-03 3.56292512e-03 1.94935634e-04 4.73431948e-18 1.27197275e-03 1.29659683e-02 1.06611312e-02 3.15780195e-03 2.30196237e-03 2.03611598e-03 1.96805996e-03
5.81081081e-02 -2.06697975e+01 -2.06697975e+01 -2.50725144e-02 -6.80090484e-03 -6.80089954e-03 7.13254574e+01 7.13254574e+01 1.03897166e+02 1.73372523e+02 2.07222128e+02 2.95346178e+02 3.22607964e+02 4.19179229e+02 5.22805451e+02 6.26937030e+02 7.31297139e+02 7.45179273e-16 3.24087990e-16 1.88897498e-05 1.25628250e-13 6.13919059e-16 1.84602073e-16 1.79360149e-27 9.99937728e-01 3.61542233e-16 9.97344695e-01 6.72236599e-01 7.93603336e-01 9.83543600e-01 9.91283785e-01 9.93184837e-01 9.93630779e-01 2.39605357e-18 1.20864286e-18 1.40808814e-06 3.39725510e-07 3.39725510e-07 3.56292512e-03 3.56292512e-03 1.95446051e-04 2.29551569e-18 1.27542816e-03 1.29658613e-02 1.06558186e-02 3.16417561e-03 2.30729347e-03 2.04119364e-03 1.97350302e-03
5.82582583e-02 -2.06697975e+01 -2.06697975e+01 -2.50725134e-02 -6.80090212e-03 -6.80089959e-03 7.13254574e+01 7.13254574e+01 1.03896898e+02 1.73372523e+02 2.07218532e+02 2.95298127e+02 3.22628192e+02 4.19195030e+02 5.22820571e+02 6.26953612e+02 7.31316799e+02 4.18285067e-16 6.26264564e-16 1.89385605e-05 1.25925250e-13 1.14775273e-15 1.79473335e-27 1.58559328e-16 9.99937402e-01 1.00959229e-15 9.97330263e-01 6.72243805e-01 7.93835896e-01 9.83476806e-01 9.91243319e-01 9.93150783e-01 9.93595467e-01 3.85188493e-18 3.83713328e-18 1.40808814e-06 3.39725510e-07 3.39725510e-07 3.56292512e-03 3.56292512e-03 1.95956510e-04 1.07451996e-17 1.27888479e-03 1.29657467e-02 1.06505040e-02 3.17053719e-03 2.31261969e-03 2.04626946e-03 1.97894865e-03
5.84084084e-02 -2.06697975e+01 -2.06697975e+01 -2.50725144e-02 -6.80090344e-03 -6.80088392e-03 7.13254574e+01 7.13254574e+01 1.03896629e+02 1.73372523e+02 2.07214925e+02 2.95250056e+02 3.22648385e+02 4.19210855e+02 5.22835724e+02 6.26970233e+02 7.31336518e+02 6.83319742e-16 5.31319280e-16 1.89873713e-05 2.10015186e-16 1.62597564e-13 1.16462122e-16 1.79839818e-27 9.99937076e-01 3.99676715e-16 9.97315787e-01 6.72251484e-01 7.94068355e-01 9.83410000e-01 9.91202795e-01 9.93116656e-01 9.93560040e-01 2.33821633e-18 8.31980884e-18 1.40808814e-06 3.39725510e-07 3.39725510e-07 3.56292512e-03 3.56292512e-03 1.96467012e-04 4.41260533e-18 1.28234266e-03 1.29656246e-02 1.06451876e-02 3.17688669e-03 2.31794103e-03 2.05134346e-03 1.98439687e-03
5.85585586e-02 -2.06697975e+01 -2.06697975e+01 -2.50725143e-02 -6.80090339e-03 -6.80089252e-03 7.13254574e+01 7.13254574e+01 1.03896360e+02 1.73372523e+02 2.07211307e+02 2.95201967e+02 3.22668543e+02 4.19226705e+02 5.22850907e+02 6.26986895e+02 7.31356296e+02 9.36360964e-16 6.81704562e-16 1.90361820e-05 2.58799844e-16 1.26620789e-13 3.00314933e-16 1.80773102e-27 9.99936748e-01 8.74098073e-16 9.97301267e-01 6.72259637e-01 7.94300712e-01 9.83343184e-01 9.91162214e-01 9.93082456e-01 9.93524497e-01 6.95223060e-18 5.32895584e-18 1.40808814e-06 3.39725510e-07 3.39725510e-07 3.56292512e-03 3.56292512e-03 1.96977556e-04 1.81052012e-18 1.28580177e-03 1.29654949e-02 1.06398692e-02 3.18322409e-03 2.32325748e-03 2.05641560e-03 1.98984767e-03
5.87087087e-02 -2.06697975e+01 -2.06697975e+01 -2.50725144e-02 -6.80090483e-03 -6.80087457e-03 7.13254574e+01 7.13254574e+01 1.03896090e+02 1.73372523e+02 2.07207680e+02 2.95153859e+02 3.22688667e+02 4.19242579e+02 5.22866122e+02 6.27003597e+02 7.31376132e+02 2.60936251e-16 9.08319080e-16 1.90849927e-05 1.08987003e-16 1.26926476e-13 1.80897871e-27 1.64176700e-16 9.99936420e-01 4.51269882e-16 9.97286702e-01 6.72268262e-01 7.94532967e-01 9.83276358e-01 9.91121576e-01 9.93048182e-01 9.93488838e-01 5.90877372e-18 1.73093225e-18 1.40808814e-06 3.39725510e-07 3.39725510e-07 3.56292512e-03 3.56292512e-03 1.97488143e-04 1.51446250e-20 1.28926211e-03 1.29653577e-02 1.06345490e-02 3.18954939e-03 2.32856902e-03 2.06148589e-03 1.99530107e-03
5.88588589e-02 -2.06697975e+01 -2.06697975e+01 -2.50725137e-02 -6.80090597e-03 -6.80088917e-03 7.13254574e+01 7.13254574e+01 1.03895819e+02 1.73372523e+02 2.07204041e+02 2.95105732e+02 3.22708755e+02 4.19258478e+02 5.22881369e+02 6.27020339e+02 7.31396026e+02 1.05126435e-15 1.39528631e-15 1.91338034e-05 1.27156169e-13 1.52053817e-16 1.81011806e-27 2.90114476e-16 9.99936091e-01 4.97907177e-16 9.97272093e-01 6.72277360e-01 7.94765118e-01 9.83209523e-01 9.91080881e-01 9.93013836e-01 9.93453063e-01 8.85610892e-19 6.83448218e-18 1.40808814e-06 3.39725510e-07 3.39725510e-07 3.56292512e-03 3.56292512e-03 1.97998772e-04 4.67366746e-18 1.29272369e-03 1.29652130e-02 1.06292269e-02 3.19586258e-03 2.33387565e-03 2.06655433e-03 2.00075706e-03
5.90090090e-02 -2.06697975e+01 -2.06697975e+01 -2.50725140e-02 -6.80090465e-03 -6.80089663e-03 7.13254574e+01 7.13254574e+01 1.03895547e+02 1.73372523e+02 2.07200393e+02 2.95057587e+02 3.22728809e+02 4.19274401e+02 5.22896647e+02 6.27037122e+02 7.31415980e+02 4.10248888e-16 2.95767710e-16 1.91826142e-05 7.53985035e-14 2.17225485e-16 1.57560121e-23 7.62145508e-17 9.99935761e-01 5.23834105e-16 9.97257438e-01 6.72286929e-01 7.94997164e-01 9.83142680e-01 9.91040130e-01 9.92979417e-01 9.93417173e-01 1.76322998e-18 1.67455980e-18 1.40808814e-06 3.39725510e-07 3.39725510e-07 3.56292512e-03 3.56292512e-03 1.98509443e-04 6.59027347e-18 1.29618651e-03 1.29650608e-02 1.06239030e-02 3.20216366e-03 2.33917734e-03 2.07162088e-03 2.00621566e-03
5.91591592e-02 -2.06697975e+01 -2.06697975e+01 -2.50725137e-02 -6.80089825e-03 -6.80089027e-03 7.13254574e+01 7.13254574e+01 1.03895275e+02 1.73372523e+02 2.07196734e+02 2.95009423e+02 3.22748827e+02 4.19290349e+02 5.22911957e+02 6.27053944e+02 7.31435991e+02 9.24642916e-16 5.02759436e-16 1.92314249e-05 7.56435841e-14 1.86728659e-16 2.17828558e-16 1.81632247e-27 9.99935430e-01 1.53616464e-15 9.97242739e-01 6.72296970e-01 7.95229106e-01 9.83075830e-01 9.90999322e-01 9.92944925e-01 9.93381165e-01 3.30031167e-18 1.99047785e-18 1.40808814e-06 3.39725510e-07 3.39725510e-07 3.56292512e-03 3.56292512e-03 1.99020158e-04 1.06053680e-17 1.29965058e-03 1.29649012e-02 1.06185773e-02 3.20845260e-03 2.34447410e-03 2.07668557e-03 2.01167687e-03
5.93093093e-02 -2.06697975e+01 -2.06697975e+01 -2.50725137e-02 -6.80088994e-03 -6.80088446e-03 7.13254574e+01 7.13254574e+01 1.03895002e+02 1.73372523e+02 2.07193065e+02 2.94961241e+02 3.22768811e+02 4.19306320e+02 5.22927297e+02 6.27070807e+02 7.31456062e+02 5.52525519e-16 8.37026411e-16 1.92802356e-05 7.58035178e-14 2.83419814e-16 1.69780634e-16 1.57814903e-23 9.99935098e-01 7.81041669e-16 9.97227996e-01 6.72307480e-01 7.95460941e-01 9.83008974e-01 9.90958459e-01 9.92910361e-01 9.93345042e-01 2.64888237e-18 2.14982580e-18 1.40808814e-06 3.39725510e-07 3.39725510e-07 3.56292512e-03 3.56292512e-03 1.99530915e-04 8.87064453e-18 1.30311590e-03 1.29647340e-02 1.06132498e-02 3.21472941e-03 2.34976590e-03 2.08174836e-03 2.01714068e-03
5.94594595e-02 -2.06697975e+01 -2.06697975e+01 -2.50725130e-02 -6.80089846e-03 -6.80089156e-03 7.13254574e+01 7.13254574e+01 1.03894728e+02 1.73372523e+02 2.07189385e+02 2.94913041e+02 3.22788761e+02 4.19322316e+02 5.22942669e+02 6.27087710e+02 7.31476192e+02 2.39740979e-16 2.81192681e-16 1.93290463e-05 1.13173141e-13 3.25295524e-16 9.89002563e-17 1.81583780e-27 9.99934765e-01 4.82734623e-16 9.97213207e-01 6.72318461e-01 7.95692669e-01 9.82942112e-01 9.90917541e-01 9.92875724e-01 9.93308801e-01 7.03059342e-18 1.54004538e-18 1.40808814e-06 3.39725510e-07 3.39725510e-07 3.56292512e-03 3.56292512e-03 2.00041715e-04 5.81385300e-18 1.30658247e-03 1.29645593e-02 1.06079206e-02 3.22099407e-03 2.35505274e-03 2.08680926e-03 2.02260712e-03
5.96096096e-02 -2.06697975e+01 -2.06697975e+01 -2.50725140e-02 -6.80089705e-03 -6.80089598e-03 7.13254574e+01 7.13254574e+01 1.03894453e+02 1.73372523e+02 2.07185695e+02 2.94864822e+02 3.22808675e+02 4.19338335e+02 5.22958072e+02 6.27104653e+02 7.31496380e+02 2.73155744e-16 5.67631365e-16 1.93778570e-05 1.53990737e-15 7.61951794e-14 6.44126242e-17 1.81978042e-27 9.99934431e-01 6.38288018e-16 9.97198374e-01 6.72329911e-01 7.95924290e-01 9.82875246e-01 9.90876568e-01 9.92841015e-01 9.93272444e-01 3.26877044e-18 9.84551993e-18 1.40808814e-06 3.39725510e-07 3.39725510e-07 3.56292512e-03 3.56292512e-03 2.00552559e-04 3.98818826e-18 1.31005030e-03 1.29643772e-02 1.06025896e-02 3.22724658e-03 2.36033461e-03 2.09186825e-03 2.02807618e-03
5.97597598e-02 -2.06697975e+01 -2.06697975e+01 -2.50725142e-02 -6.80089639e-03 -6.80088567e-03 7.13254574e+01 7.13254574e+01 1.03894178e+02 1.73372523e+02 2.07181994e+02 2.94816585e+02 3.22828555e+02 4.19354378e+02 5.22973506e+02 6.27121636e+02 7.31516628e+02 6.82652384e-16 4.47744287e-16 1.94266678e-05 7.64163836e-14 2.08647195e-16 1.82093449e-27 1.01003326e-16 9.99934097e-01 5.79629872e-16 9.97183495e-01 6.72341829e-01 7.96155802e-01 9.82808376e-01 9.90835540e-01 9.92806234e-01 9.93235970e-01 2.91859014e-18 1.19433988e-18 1.40808814e-06 3.39725510e-07 3.39725510e-07 3.56292512e-03 3.56292512e-03 2.01063445e-04 1.47300049e-17 1.31351938e-03 1.29641876e-02 1.05972568e-02 3.23348693e-03 2.36561149e-03 2.09692533e-03 2.03354787e-03
5.99099099e-02 -2.06697975e+01 -2.06697975e+01 -2.50725139e-02 -6.80090669e-03 -6.80089280e-03 7.13254574e+01 7.13254574e+01 1.03893902e+02 1.73372523e+02 2.07178283e+02 2.94768331e+02 3.22848401e+02 4.19370445e+02 5.22988971e+02 6.27138659e+02 7.31536934e+02 3.47045936e-16 5.84809732e-16 1.94754785e-05 1.79160149e-16 1.14048904e-13 1.81927776e-27 1.58817747e-16 9.99933761e-01 3.58381714e-16 9.97168572e-01 6.72354216e-01 7.96387205e-01 9.82741502e-01 9.90794457e-01 9.92771381e-01 9.93199379e-01 3.47004313e-18 4.73310605e-18 1.40808814e-06 3.39725510e-07 3.39725510e-07 3.56292512e-03 3.56292512e-03 2.01574375e-04 3.54524359e-18 1.31698973e-03 1.29639906e-02 1.05919224e-02 3.23971511e-03 2.37088337e-03 2.10198049e-03 2.03902219e-03
6.00600601e-02 -2.06697975e+01 -2.06697975e+01 -2.50725142e-02 -6.80089612e-03 -6.80088464e-03 7.13254574e+01 7.13254574e+01 1.03893625e+02 1.73372523e+02 2.07174562e+02 2.94720058e+02 3.22868212e+02 4.19386536e+02 5.23004467e+02 6.27155722e+02 7.31557299e+02 4.72870064e-16 2.62430786e-16 1.95242892e-05 1.46324360e-16 7.68298627e-14 2.26029121e-16 1.82324476e-27 9.99933425e-01 2.30329092e-16 9.97153604e-01 6.72367071e-01 7.96618498e-01 9.82674627e-01 9.90753321e-01 9.92736457e-01 9.93162670e-01 1.11215190e-18 4.28069226e-18 1.40808814e-06 3.39725510e-07 3.39725510e-07 3.56292512e-03 3.56292512e-03 2.02085349e-04 7.28751434e-18 1.32046134e-03 1.29637861e-02 1.05865862e-02 3.24593112e-03 2.37615024e-03 2.10703372e-03 2.04449915e-03
6.02102102e-02 -2.06697975e+01 -2.06697975e+01 -2.50725145e-02 -6.80090149e-03 -6.80088756e-03 7.13254574e+01 7.13254574e+01 1.03893348e+02 1.73372523e+02 2.07170830e+02 2.94671767e+02 3.22887988e+02 4.19402650e+02 5.23019994e+02 6.27172825e+02 7.31577724e+02 1.47163244e-15 6.86871441e-16 1.95730999e-05 7.70148953e-14 1.42806829e-16 1.82440097e-27 1.21013405e-16 9.99933088e-01 3.06165782e-16 9.97138590e-01 6.72380392e-01 7.96849680e-01 9.82607751e-01 9.90712131e-01 9.92701460e-01 9.93125843e-01 6.18929740e-18 3.13724045e-18 1.40808814e-06 3.39725510e-07 3.39725510e-07 3.56292512e-03 3.56292512e-03 2.02596366e-04 1.24007435e-17 1.32393421e-03 1.29635742e-02 1.05812484e-02 3.25213494e-03 2.38141209e-03 2.11208501e-03 2.04997876e-03
6.03603604e-02 -2.06697975e+01 -2.06697975e+01 -2.50725143e-02 -6.80089439e-03 -6.80089428e-03 7.13254574e+01 7.13254574e+01 1.03893070e+02 1.73372523e+02 2.07167087e+02 2.94623458e+02 3.22907730e+02 4.19418787e+02 5.23035552e+02 6.27189969e+02 7.31598208e+02 3.22338536e-16 4.01678926e-16 1.96219107e-05 1.03456622e-26 6.07513483e-27 1.69931661e-44 1.95780580e-26 9.99932750e-01 9.44613169e-16 9.97123532e-01 6.72394180e-01 7.97080749e-01 9.82540874e-01 9.90670888e-01 9.92666392e-01 9.93088899e-01 5.05253164e-18 5.70599417e-19 1.40808814e-06 3.39725510e-07 3.39725510e-07 3.56292512e-03 3.56292512e-03 2.03107426e-04 8.59782074e-18 1.32740835e-03 1.29633548e-02 1.05759089e-02 3.25832657e-03 2.38666891e-03 2.11713435e-03 2.05546102e-03
6.05105105e-02 -2.06697975e+01 -2.06697975e+01 -2.50725133e-02 -6.80090478e-03 -6.80088040e-03 7.13254574e+01 7.13254574e+01 1.03892791e+02 1.73372523e+02 2.07163335e+02 2.94575132e+02 3.22927438e+02 4.19434948e+02 5.23051141e+02 6.27207152e+02 7.31618751e+02 3.63270800e-16 2.47371754e-16 1.96707214e-05 7.73627547e-14 6.63883867e-17 8.59693366e-17 1.58841326e-23 9.99932411e-01 1.22852953e-15 9.97108428e-01 6.72408434e-01 7.97311707e-01 9.82473997e-01 9.90629591e-01 9.92631253e-01 9.93051836e-01 5.10339457e-18 5.01065913e-19 1.40808814e-06 3.39725510e-07 3.39725510e-07 3.56292512e-03 3.56292512e-03 2.03618531e-04 1.06438889e-18 1.33088377e-03 1.29631280e-02 1.05705678e-02 3.26450600e-03 2.39192068e-03 2.12218173e-03 2.06094592e-03
6.06606607e-02 -2.06697975e+01 -2.06697975e+01 -2.50725148e-02 -6.80089576e-03 -6.80088279e-03 7.13254574e+01 7.13254574e+01 1.03892512e+02 1.73372523e+02 2.07159571e+02 2.94526788e+02 3.22947111e+02 4.19451132e+02 5.23066760e+02 6.27224374e+02 7.31639353e+02 1.98144403e-16 2.02303766e-16 1.97195321e-05 1.15399234e-13 2.32322578e-16 1.69530654e-16 1.82502523e-27 9.99932071e-01 2.00889647e-16 9.97093278e-01 6.72423153e-01 7.97542551e-01 9.82407122e-01 9.90588242e-01 9.92596043e-01 9.93014656e-01 7.12080074e-18 5.20422278e-18 1.40808814e-06 3.39725510e-07 3.39725510e-07 3.56292512e-03 3.56292512e-03 2.04129679e-04 1.14424405e-17 1.33436046e-03 1.29628938e-02 1.05652250e-02 3.27067322e-03 2.39716740e-03 2.12722716e-03 2.06643349e-03
6.08108108e-02 -2.06697975e+01 -2.06697975e+01 -2.50725138e-02 -6.80090091e-03 -6.80089082e-03 7.13254574e+01 7.13254574e+01 1.03892232e+02 1.73372523e+02 2.07155797e+02 2.94478426e+02 3.22966750e+02 4.19467339e+02 5.23082410e+02 6.27241637e+02 7.31660015e+02 8.05862492e-16 1.33119646e-15 1.97683428e-05 1.83304114e-16 7.77730975e-14 2.39986705e-16 1.82903295e-27 9.99931731e-01 7.45845414e-16 9.97078084e-01 6.72438337e-01 7.97773280e-01 9.82340248e-01 9.90546841e-01 9.92560761e-01 9.92977357e-01 3.61004209e-18 3.47337568e-18 1.40808814e-06 3.39725510e-07 3.39725510e-07 3.56292512e-03 3.56292512e-03 2.04640872e-04 5.81385300e-18 1.33783843e-03 1.29626523e-02 1.05598807e-02 3.27682823e-03 2.40240905e-03 2.13227060e-03 2.07192372e-03
6.09609610e-02 -2.06697975e+01 -2.06697975e+01 -2.50725132e-02 -6.80089110e-03 -6.80088268e-03 7.13254574e+01 7.13254574e+01 1.03891951e+02 1.73372523e+02 2.07152013e+02 2.94430047e+02 3.22986354e+02 4.19483569e+02 5.23098091e+02 6.27258940e+02 7.31680736e+02 4.20967126e-16 7.07998430e-16 1.98171535e-05 3.28256219e-16 1.15984499e-13 1.12246658e-16 1.58987648e-23 9.99931389e-01 4.17070210e-16 9.97062844e-01 6.72453985e-01 7.98003895e-01 9.82273378e-01 9.90505388e-01 9.92525409e-01 9.92939939e-01 4.68597600e-18 5.39519669e-18 1.40808814e-06 3.39725510e-07 3.39725510e-07 3.56292512e-03 3.56292512e-03 2.05152108e-04 1.00597204e-17 1.34131768e-03 1.29624033e-02 1.05545347e-02 3.28297101e-03 2.40764563e-03 2.13731207e-03 2.07741663e-03
6.11111111e-02 -2.06697975e+01 -2.06697975e+01 -2.50725151e-02 -6.80089439e-03 -6.80089428e-03 7.13254574e+01 7.13254574e+01 1.03891669e+02 1.73372523e+02 2.07148218e+02 2.94381650e+02 3.23005925e+02 4.19499821e+02 5.23113802e+02 6.27276282e+02 7.31701517e+02 3.08832044e-16 9.95006942e-16 1.98659643e-05 1.04812756e-26 6.15476914e-27 1.72045239e-44 1.98346918e-26 9.99931047e-01 1.99885579e-15 9.97047559e-01 6.72470097e-01 7.98234394e-01 9.82206511e-01 9.90463884e-01 9.92489986e-01 9.92902403e-01 8.34845593e-18 1.25716938e-18 1.40808814e-06 3.39725510e-07 3.39725510e-07 3.56292512e-03 3.56292512e-03 2.05663389e-04 8.47659023e-18 1.34479821e-03 1.29621469e-02 1.05491872e-02 3.28910157e-03 2.41287711e-03 2.14235154e-03 2.08291220e-03
6.12612613e-02 -2.06697975e+01 -2.06697975e+01 -2.50725131e-02 -6.80088529e-03 -6.80088133e-03 7.13254574e+01 7.13254574e+01 1.03891387e+02 1.73372523e+02 2.07144413e+02 2.94333236e+02 3.23025461e+02 4.19516097e+02 5.23129544e+02 6.27293665e+02 7.31722357e+02 4.17740717e-16 5.83386245e-16 1.99147750e-05 3.13519143e-16 6.24950736e-14 1.83370678e-27 1.11483866e-16 9.99930703e-01 3.02209545e-16 9.97032228e-01 6.72486671e-01 7.98464776e-01 9.82139649e-01 9.90422328e-01 9.92454492e-01 9.92864748e-01 1.90204122e-17 1.05806355e-18 1.40808814e-06 3.39725510e-07 3.39725510e-07 3.56292512e-03 3.56292512e-03 2.06174714e-04 1.08361409e-17 1.34828003e-03 1.29618831e-02 1.05438381e-02 3.29521989e-03 2.41810349e-03 2.14738902e-03 2.08841046e-03
6.14114114e-02 -2.06697975e+01 -2.06697975e+01 -2.50725150e-02 -6.80090507e-03 -6.80090386e-03 7.13254574e+01 7.13254574e+01 1.03891104e+02 1.73372523e+02 2.07140597e+02 2.94284804e+02 3.23044963e+02 4.19532396e+02 5.23145316e+02 6.27311087e+02 7.31743257e+02 4.02106107e-16 5.15114974e-16 1.99635857e-05 4.35796507e-16 2.43463270e-14 1.83886256e-27 1.32804562e-16 9.99930359e-01 7.97407115e-16 9.97016851e-01 6.72503708e-01 7.98695041e-01 9.82072792e-01 9.90380721e-01 9.92418928e-01 9.92826973e-01 2.52817771e-18 1.26296719e-18 1.40808814e-06 3.39725510e-07 3.39725510e-07 3.56292512e-03 3.56292512e-03 2.06686083e-04 8.79830438e-18 1.35176314e-03 1.29616120e-02 1.05384875e-02 3.30132598e-03 2.42332476e-03 2.15242448e-03 2.09391140e-03
6.15615616e-02 -2.06697975e+01 -2.06697975e+01 -2.50725139e-02 -6.80090210e-03 -6.80090060e-03 7.13254574e+01 7.13254574e+01 1.03890820e+02 1.73372523e+02 2.07136771e+02 2.94236356e+02 3.23064431e+02 4.19548717e+02 5.23161119e+02 6.27328548e+02 7.31764216e+02 6.08428086e-16 2.36280568e-16 2.00123964e-05 3.82612980e-16 2.44246283e-14 1.84664279e-27 2.06934601e-16 9.99930014e-01 7.06033846e-16 9.97001429e-01 6.72521207e-01 7.98925187e-01 9.82005941e-01 9.90339064e-01 9.92383294e-01 9.92789080e-01 3.28404900e-18 5.08893850e-18 1.40808814e-06 3.39725510e-07 3.39725510e-07 3.56292512e-03 3.56292512e-03 2.07197497e-04 1.71957885e-18 1.35524754e-03 1.29613335e-02 1.05331354e-02 3.30741981e-03 2.42854091e-03 2.15745793e-03 2.09941503e-03
6.17117117e-02 -2.06697975e+01 -2.06697975e+01 -2.50725140e-02 -6.80089683e-03 -6.80087683e-03 7.13254574e+01 7.13254574e+01 1.03890536e+02 1.73372523e+02 2.07132934e+02 2.94187890e+02 3.23083865e+02 4.19565060e+02 5.23176952e+02 6.27346050e+02 7.31785235e+02 6.22739985e-16 1.00292401e-15 2.00612072e-05 1.57695113e-16 6.29893654e-14 8.71210855e-17 1.85047719e-27 9.99929668e-01 4.11495217e-16 9.96985961e-01 6.72539167e-01 7.99155215e-01 9.81939098e-01 9.90297356e-01 9.92347589e-01 9.92751066e-01 4.70238064e-18 6.54871522e-18 1.40808814e-06 3.39725510e-07 3.39725510e-07 3.56292512e-03 3.56292512e-03 2.07708956e-04 5.09808454e-18 1.35873324e-03 1.29610477e-02 1.05277818e-02 3.31350139e-03 2.43375192e-03 2.16248936e-03 2.10492135e-03
6.18618619e-02 -2.06697975e+01 -2.06697975e+01 -2.50725141e-02 -6.80090303e-03 -6.80087977e-03 7.13254574e+01 7.13254574e+01 1.03890251e+02 1.73372523e+02 2.07129086e+02 2.94139407e+02 3.23103265e+02 4.19581426e+02 5.23192815e+02 6.27363591e+02 7.31806315e+02 6.78168693e-16 3.69445127e-16 2.01100179e-05 6.31027051e-14 6.72930393e-17 1.85165085e-27 1.68170039e-16 9.99929321e-01 4.89524711e-16 9.96970448e-01 6.72557588e-01 7.99385123e-01 9.81872262e-01 9.90255599e-01 9.92311815e-01 9.92712933e-01 7.14836989e-18 2.91195125e-18 1.40808814e-06 3.39725510e-07 3.39725510e-07 3.56292512e-03 3.56292512e-03 2.08220459e-04 2.31728494e-17 1.36222023e-03 1.29607545e-02 1.05224267e-02 3.31957070e-03 2.43895779e-03 2.16751874e-03 2.11043037e-03
6.20120120e-02 -2.06697975e+01 -2.06697975e+01 -2.50725138e-02 -6.80090761e-03 -6.80089599e-03 7.13254574e+01 7.13254574e+01 1.03889965e+02 1.73372523e+02 2.07125228e+02 2.94090907e+02 3.23122631e+02 4.19597814e+02 5.23208709e+02 6.27381172e+02 7.31827454e+02 5.71354962e-16 3.66296981e-16 2.01588286e-05 3.76228674e-17 2.46076092e-14 1.30443515e-16 1.85574671e-27 9.99928974e-01 8.34174474e-16 9.96954888e-01 6.72576468e-01 7.99614911e-01 9.81805434e-01 9.90213792e-01 9.92275970e-01 9.92674680e-01 2.00243784e-18 1.83031076e-18 1.40808814e-06 3.39725510e-07 3.39725510e-07 3.56292512e-03 3.56292512e-03 2.08732008e-04 5.46184960e-18 1.36570853e-03 1.29604540e-02 1.05170702e-02 3.32562775e-03 2.44415850e-03 2.17254609e-03 2.11594210e-03
6.21621622e-02 -2.06697975e+01 -2.06697975e+01 -2.50725146e-02 -6.80089439e-03 -6.80089428e-03 7.13254574e+01 7.13254574e+01 1.03889678e+02 1.73372523e+02 2.07121359e+02 2.94042391e+02 3.23141963e+02 4.19614224e+02 5.23224632e+02 6.27398793e+02 7.31848652e+02 1.91378750e-16 4.79868120e-16 2.02076393e-05 1.06715677e-26 6.26651169e-27 1.75004248e-44 2.01947994e-26 9.99928625e-01 8.58278185e-16 9.96939283e-01 6.72595808e-01 7.99844577e-01 9.81738616e-01 9.90171936e-01 9.92240056e-01 9.92636307e-01 5.23304161e-18 6.85842781e-18 1.40808814e-06 3.39725510e-07 3.39725510e-07 3.56292512e-03 3.56292512e-03 2.09243601e-04 9.37424121e-18 1.36919813e-03 1.29601462e-02 1.05117122e-02 3.33167253e-03 2.44935403e-03 2.17757138e-03 2.12145653e-03
6.23123123e-02 -2.06697975e+01 -2.06697975e+01 -2.50725134e-02 -6.80089818e-03 -6.80089721e-03 7.13254574e+01 7.13254574e+01 1.03889391e+02 1.73372523e+02 2.07117480e+02 2.93993857e+02 3.23161261e+02 4.19630657e+02 5.23240586e+02 6.27416453e+02 7.31869911e+02 4.43149259e-16 2.34875339e-16 2.02564501e-05 2.49239938e-14 5.90830500e-16 9.40252946e-17 2.01649016e-29 9.99928276e-01 2.56660542e-16 9.96923632e-01 6.72615607e-01 8.00074121e-01 9.81671809e-01 9.90130032e-01 9.92204073e-01 9.92597814e-01 1.39829523e-18 4.18618122e-18 1.40808814e-06 3.39725510e-07 3.39725510e-07 3.56292512e-03 3.56292512e-03 2.09755239e-04 1.38019912e-17 1.37268904e-03 1.29598310e-02 1.05063528e-02 3.33770502e-03 2.45454439e-03 2.18259461e-03 2.12697368e-03
6.24624625e-02 -2.06697975e+01 -2.06697975e+01 -2.50725145e-02 -6.80090957e-03 -6.80089286e-03 7.13254574e+01 7.13254574e+01 1.03889103e+02 1.73372523e+02 2.07113590e+02 2.93945307e+02 3.23180525e+02 4.19647111e+02 5.23256570e+02 6.27434152e+02 7.31891230e+02 3.68846485e-16 7.74746530e-16 2.03052608e-05 2.47926964e-14 4.60513117e-17 1.85953439e-27 1.35395889e-16 9.99927925e-01 7.09260632e-16 9.96907935e-01 6.72635864e-01 8.00303543e-01 9.81605012e-01 9.90088078e-01 9.92168020e-01 9.92559200e-01 3.26661249e-18 6.21232310e-18 1.40808814e-06 3.39725510e-07 3.39725510e-07 3.56292512e-03 3.56292512e-03 2.10266923e-04 3.77601648e-18 1.37618125e-03 1.29595085e-02 1.05009920e-02 3.34372523e-03 2.45972956e-03 2.18761577e-03 2.13249355e-03
6.26126126e-02 -2.06697975e+01 -2.06697975e+01 -2.50725127e-02 -6.80089073e-03 -6.80088571e-03 7.13254574e+01 7.13254574e+01 1.03888814e+02 1.73372523e+02 2.07109690e+02 2.93896740e+02 3.23199755e+02 4.19663588e+02 5.23272584e+02 6.27451892e+02 7.31912609e+02 8.02907478e-16 1.05174363e-15 2.03540715e-05 1.42234179e-16 2.48782203e-14 6.22148379e-17 1.90659140e-27 9.99927574e-01 3.66156389e-16 9.96892191e-01 6.72656579e-01 8.00532841e-01 9.81538227e-01 9.90046077e-01 9.92131898e-01 9.92520465e-01 4.04091305e-18 1.30414372e-18 1.40808814e-06 3.39725510e-07 3.39725510e-07 3.56292512e-03 3.56292512e-03 2.10778652e-04 5.54102920e-18 1.37967478e-03 1.29591787e-02 1.04956298e-02 3.34973315e-03 2.46490952e-03 2.19263484e-03 2.13801614e-03
6.27627628e-02 -2.06697975e+01 -2.06697975e+01 -2.50725141e-02 -6.80090958e-03 -6.80089596e-03 7.13254574e+01 7.13254574e+01 1.03888525e+02 1.73372523e+02 2.07105779e+02 2.93848156e+02 3.23218952e+02 4.19680086e+02 5.23288628e+02 6.27469671e+02 7.31934049e+02 7.41503910e-16 1.70959839e-15 2.04028822e-05 9.32032395e-17 4.44175237e-14 1.22191025e-16 1.95241014e-27 9.99927222e-01 6.71586369e-16 9.96876402e-01 6.72677751e-01 8.00762015e-01 9.81471455e-01 9.90004028e-01 9.92095707e-01 9.92481609e-01 4.30356321e-18 2.50249154e-18 1.40808814e-06 3.39725510e-07 3.39725510e-07 3.56292512e-03 3.56292512e-03 2.11290427e-04 3.39365031e-18 1.38316963e-03 1.29588417e-02 1.04902663e-02 3.35572877e-03 2.47008427e-03 2.19765183e-03 2.14354146e-03
6.29129129e-02 -2.06697975e+01 -2.06697975e+01 -2.50725143e-02 -6.80089088e-03 -6.80087653e-03 7.13254574e+01 7.13254574e+01 1.03888235e+02 1.73372523e+02 2.07101857e+02 2.93799556e+02 3.23238115e+02 4.19696606e+02 5.23304701e+02 6.27487489e+02 7.31955548e+02 3.96186781e-16 6.65345473e-16 2.04516929e-05 8.31154486e-17 4.46283534e-14 1.95359488e-27 2.76284944e-16 9.99926869e-01 4.87193937e-16 9.96860566e-01 6.72699379e-01 8.00991063e-01 9.81404696e-01 9.89961932e-01 9.92059447e-01 9.92442633e-01 8.54899943e-19 2.98511673e-18 1.40808814e-06 3.39725510e-07 3.39725510e-07 3.56292512e-03 3.56292512e-03 2.11802247e-04 1.15216201e-17 1.38666579e-03 1.29584973e-02 1.04849014e-02 3.36171209e-03 2.47525380e-03 2.20266673e-03 2.14906951e-03
6.30630631e-02 -2.06697975e+01 -2.06697975e+01 -2.50725140e-02 -6.80090548e-03 -6.80089265e-03 7.13254574e+01 7.13254574e+01 1.03887944e+02 1.73372523e+02 2.07097925e+02 2.93750939e+02 3.23257244e+02 4.19713147e+02 5.23320805e+02 6.27505347e+02 7.31977108e+02 4.16348413e-16 1.55844169e-16 2.05005037e-05 4.81295399e-17 2.49918575e-14 2.10849249e-29 2.11401378e-16 9.99926515e-01 3.02315734e-16 9.96844685e-01 6.72721463e-01 8.01219986e-01 9.81337952e-01 9.89919788e-01 9.92023119e-01 9.92403535e-01 2.01653474e-18 2.59173184e-18 1.40808814e-06 3.39725510e-07 3.39725510e-07 3.56292512e-03 3.56292512e-03 2.12314113e-04 5.12837379e-18 1.39016328e-03 1.29581457e-02 1.04795351e-02 3.36768309e-03 2.48041809e-03 2.20767951e-03 2.15460030e-03
6.32132132e-02 -2.06697975e+01 -2.06697975e+01 -2.50725138e-02 -6.80089516e-03 -6.80088477e-03 7.13254574e+01 7.13254574e+01 1.03887652e+02 1.73372523e+02 2.07093982e+02 2.93702306e+02 3.23276340e+02 4.19729710e+02 5.23336938e+02 6.27523244e+02 7.31998728e+02 4.39620918e-16 3.93918450e-16 2.05493144e-05 1.06216537e-16 2.50691033e-14 2.24509403e-16 1.95745287e-27 9.99926160e-01 7.73734658e-16 9.96828756e-01 6.72744002e-01 8.01448782e-01 9.81271222e-01 9.89877598e-01 9.91986722e-01 9.92364315e-01 2.86496626e-18 5.51939436e-18 1.40808814e-06 3.39725510e-07 3.39725510e-07 3.56292512e-03 3.56292512e-03 2.12826024e-04 9.43158378e-19 1.39366208e-03 1.29577867e-02 1.04741676e-02 3.37364179e-03 2.48557713e-03 2.21269018e-03 2.16013383e-03
6.33633634e-02 -2.06697975e+01 -2.06697975e+01 -2.50725144e-02 -6.80089439e-03 -6.80089428e-03 7.13254574e+01 7.13254574e+01 1.03887360e+02 1.73372523e+02 2.07090029e+02 2.93653657e+02 3.23295402e+02 4.19746294e+02 5.23353101e+02 6.27541181e+02 7.32020409e+02 2.51125389e-16 1.21771072e-15 2.05981251e-05 1.08896739e-26 6.39458702e-27 1.78385972e-44 2.06075419e-26 9.99925804e-01 1.00885516e-15 9.96812782e-01 6.72766996e-01 8.01677451e-01 9.81204508e-01 9.89835362e-01 9.91950257e-01 9.92324974e-01 1.69726246e-18 2.06943963e-18 1.40808814e-06 3.39725510e-07 3.39725510e-07 3.56292512e-03 3.56292512e-03 2.13337981e-04 5.82561466e-18 1.39716222e-03 1.29574206e-02 1.04687987e-02 3.37958816e-03 2.49073091e-03 2.21769872e-03 2.16567011e-03
6.35135135e-02 -2.06697975e+01 -2.06697975e+01 -2.50725133e-02 -6.80090817e-03 -6.80090079e-03 7.13254574e+01 7.13254574e+01 1.03887067e+02 1.73372523e+02 2.07086064e+02 2.93604991e+02 3.23314431e+02 4.19762900e+02 5.23369293e+02 6.27559157e+02 7.32042150e+02 2.33712145e-16 1.48364062e-15 2.06469358e-05 2.52046403e-14 1.54045794e-16 1.95983515e-27 9.49587971e-17 9.99925448e-01 5.41295427e-16 9.96796761e-01 6.72790443e-01 8.01905992e-01 9.81137811e-01 9.89793080e-01 9.91913723e-01 9.92285511e-01 3.76849873e-18 1.14422426e-18 1.40808814e-06 3.39725510e-07 3.39725510e-07 3.56292512e-03 3.56292512e-03 2.13849985e-04 7.57966397e-20 1.40066368e-03 1.29570471e-02 1.04634286e-02 3.38552221e-03 2.49587942e-03 2.22270513e-03 2.17120915e-03
6.36636637e-02 -2.06697975e+01 -2.06697975e+01 -2.50725140e-02 -6.80089206e-03 -6.80088969e-03 7.13254574e+01 7.13254574e+01 1.03886773e+02 1.73372523e+02 2.07082090e+02 2.93556310e+02 3.23333426e+02 4.19779526e+02 5.23385515e+02 6.27577172e+02 7.32063952e+02 5.22922813e-16 4.54670209e-16 2.06957466e-05 6.50077464e-14 5.29441696e-16 1.28525578e-16 1.95803255e-27 9.99925090e-01 4.54003033e-16 9.96780694e-01 6.72814345e-01 8.02134405e-01 9.81071132e-01 9.89750752e-01 9.91877121e-01 9.92245925e-01 4.89220859e-18 1.34949630e-18 1.40808814e-06 3.39725510e-07 3.39725510e-07 3.56292512e-03 3.56292512e-03 2.14362034e-04 4.04884027e-18 1.40416648e-03 1.29566665e-02 1.04580572e-02 3.39144393e-03 2.50102266e-03 2.22770940e-03 2.17675094e-03
6.38138138e-02 -2.06697975e+01 -2.06697975e+01 -2.50725137e-02 -6.80090361e-03 -6.80088341e-03 7.13254574e+01 7.13254574e+01 1.03886479e+02 1.73372523e+02 2.07078104e+02 2.93507612e+02 3.23352387e+02 4.19796174e+02 5.23401767e+02 6.27595227e+02 7.32085815e+02 2.45458407e-16 6.04067257e-16 2.07445573e-05 6.91391845e-17 2.53465800e-14 2.38360315e-16 1.96222046e-27 9.99924732e-01 1.64817330e-15 9.96764580e-01 6.72838698e-01 8.02362687e-01 9.81004470e-01 9.89708379e-01 9.91840452e-01 9.92206218e-01 2.44142370e-18 3.99016466e-18 1.40808814e-06 3.39725510e-07 3.39725510e-07 3.56292512e-03 3.56292512e-03 2.14874130e-04 4.27800039e-19 1.40767061e-03 1.29562786e-02 1.04526846e-02 3.39735332e-03 2.50616060e-03 2.23271151e-03 2.18229549e-03
6.39639640e-02 -2.06697975e+01 -2.06697975e+01 -2.50725130e-02 -6.80089889e-03 -6.80088809e-03 7.13254574e+01 7.13254574e+01 1.03886184e+02 1.73372523e+02 2.07074108e+02 2.93458898e+02 3.23371315e+02 4.19812843e+02 5.23418048e+02 6.27613321e+02 7.32107738e+02 6.61217931e-16 9.11682499e-16 2.07933680e-05 2.54026677e-14 1.20155418e-16 1.96341427e-27 8.86425755e-17 9.99924373e-01 4.18437637e-16 9.96748419e-01 6.72863504e-01 8.02590840e-01 9.80937828e-01 9.89665960e-01 9.91803715e-01 9.92166388e-01 2.00084180e-18 5.94482377e-19 1.40808814e-06 3.39725510e-07 3.39725510e-07 3.56292512e-03 3.56292512e-03 2.15386272e-04 8.50687948e-18 1.41117609e-03 1.29558834e-02 1.04473107e-02 3.40325036e-03 2.51129323e-03 2.23771146e-03 2.18784281e-03
6.41141141e-02 -2.06697975e+01 -2.06697975e+01 -2.50725138e-02 -6.80089632e-03 -6.80088622e-03 7.13254574e+01 7.13254574e+01 1.03885888e+02 1.73372523e+02 2.07070101e+02 2.93410169e+02 3.23390210e+02 4.19829533e+02 5.23434358e+02 6.27631454e+02 7.32129722e+02 5.19975085e-16 2.73142460e-16 2.08421787e-05 1.00948054e-16 1.45832923e-14 1.96762630e-27 5.41791686e-17 9.99924013e-01 4.66730861e-16 9.96732212e-01 6.72888762e-01 8.02818862e-01 9.80871205e-01 9.89623498e-01 9.91766910e-01 9.92126435e-01 5.90381416e-18 4.37088297e-18 1.40808814e-06 3.39725510e-07 3.39725510e-07 3.56292512e-03 3.56292512e-03 2.15898461e-04 3.48459158e-18 1.41468290e-03 1.29554811e-02 1.04419356e-02 3.40913507e-03 2.51642055e-03 2.24270925e-03 2.19339290e-03
6.42642643e-02 -2.06697975e+01 -2.06697975e+01 -2.50725148e-02 -6.80089799e-03 -6.80088904e-03 7.13254574e+01 7.13254574e+01 1.03885591e+02 1.73372523e+02 2.07066083e+02 2.93361423e+02 3.23409072e+02 4.19846243e+02 5.23450698e+02 6.27649627e+02 7.32151766e+02 2.25669230e-16 3.59334856e-16 2.08909895e-05 5.45432378e-15 1.05833767e-17 2.11802400e-29 2.05265883e-16 9.99923652e-01 3.39922621e-16 9.96715958e-01 6.72914470e-01 8.03046752e-01 9.80804603e-01 9.89580991e-01 9.91730038e-01 9.92086360e-01 1.54483225e-18 4.23296570e-19 1.40808814e-06 3.39725510e-07 3.39725510e-07 3.56292512e-03 3.56292512e-03 2.16410696e-04 9.75660738e-18 1.41819105e-03 1.29550715e-02 1.04365594e-02 3.41500742e-03 2.52154255e-03 2.24770485e-03 2.19894576e-03
6.44144144e-02 -2.06697975e+01 -2.06697975e+01 -2.50725148e-02 -6.80089016e-03 -6.80088485e-03 7.13254574e+01 7.13254574e+01 1.03885294e+02 1.73372523e+02 2.07062055e+02 2.93312662e+02 3.23427900e+02 4.19862974e+02 5.23467067e+02 6.27667839e+02 7.32173872e+02 5.59597350e-16 2.54953461e-16 2.09398002e-05 6.82698784e-17 1.45090185e-14 3.04988952e-16 2.12056892e-29 9.99923290e-01 2.93184003e-16 9.96699658e-01 6.72940629e-01 8.03274509e-01 9.80738022e-01 9.89538440e-01 9.91693098e-01 9.92046161e-01 4.26198072e-18 1.02599382e-18 1.40808814e-06 3.39725510e-07 3.39725510e-07 3.56292512e-03 3.56292512e-03 2.16922978e-04 6.46904296e-18 1.42170056e-03 1.29546547e-02 1.04311819e-02 3.42086742e-03 2.52665921e-03 2.25269826e-03 2.20450141e-03
6.45645646e-02 -2.06697975e+01 -2.06697975e+01 -2.50725134e-02 -6.80088935e-03 -6.80088295e-03 7.13254574e+01 7.13254574e+01 1.03884996e+02 1.73372523e+02 2.07058016e+02 2.93263886e+02 3.23446695e+02 4.19879726e+02 5.23483465e+02 6.27686089e+02 7.32196039e+02 3.86523924e-16 2.52884821e-16 2.09886109e-05 1.46225146e-14 5.87893133e-17 2.12157556e-29 2.57893405e-16 9.99922927e-01 5.35857957e-16 9.96683310e-01 6.72967237e-01 8.03502134e-01 9.80671463e-01 9.89495846e-01 9.91656092e-01 9.92005839e-01 1.02205559e-17 3.56076275e-18 1.40808814e-06 3.39725510e-07 3.39725510e-07 3.56292512e-03 3.56292512e-03 2.17435306e-04 1.34382261e-17 1.42521141e-03 1.29542308e-02 1.04258034e-02 3.42671506e-03 2.53177053e-03 2.25768947e-03 2.21005984e-03
6.47147147e-02 -2.06697975e+01 -2.06697975e+01 -2.50725140e-02 -6.80089979e-03 -6.80088372e-03 7.13254574e+01 7.13254574e+01 1.03884697e+02 1.73372523e+02 2.07053966e+02 2.93215093e+02 3.23465457e+02 4.19896498e+02 5.23499893e+02 6.27704380e+02 7.32218266e+02 2.20830198e-16 2.10348874e-16 2.10374216e-05 1.99849453e-17 1.46154357e-14 1.83846878e-16 2.12258222e-29 9.99922563e-01 8.40915136e-16 9.96666916e-01 6.72994294e-01 8.03729625e-01 9.80604927e-01 9.89453209e-01 9.91619019e-01 9.91965393e-01 9.84784672e-18 5.19081071e-18 1.40808814e-06 3.39725510e-07 3.39725510e-07 3.56292512e-03 3.56292512e-03 2.17947682e-04 1.67678414e-17 1.42872361e-03 1.29537996e-02 1.04204236e-02 3.43255035e-03 2.53687648e-03 2.26267848e-03 2.21562106e-03
6.48648649e-02 -2.06697975e+01 -2.06697975e+01 -2.50725136e-02 -6.80089227e-03 -6.80088170e-03 7.13254574e+01 7.13254574e+01 1.03884398e+02 1.73372523e+02 2.07049906e+02 2.93166285e+02 3.23484185e+02 4.19913291e+02 5.23516349e+02 6.27722709e+02 7.32240555e+02 3.04992885e-16 2.13031378e-16 2.10862323e-05 1.46667463e-14 2.80059915e-17 2.12358891e-29 2.77241628e-16 9.99922199e-01 6.36985368e-16 9.96650475e-01 6.73021800e-01 8.03956981e-01 9.80538415e-01 9.89410529e-01 9.91581879e-01 9.91924824e-01 8.24312616e-19 1.14816795e-17 1.40808814e-06 3.39725510e-07 3.39725510e-07 3.56292512e-03 3.56292512e-03 2.18460105e-04 1.69986143e-17 1.43223717e-03 1.29533613e-02 1.04150428e-02 3.43837326e-03 2.54197707e-03 2.26766526e-03 2.22118508e-03
6.50150150e-02 -2.06697975e+01 -2.06697975e+01 -2.50725148e-02 -6.80089640e-03 -6.80089412e-03 7.13254574e+01 7.13254574e+01 1.03884098e+02 1.73372523e+02 2.07045834e+02 2.93117462e+02 3.23502881e+02 4.19930104e+02 5.23532835e+02 6.27741077e+02 7.32262905e+02 2.11649903e-16 3.98419106e-16 2.11350431e-05 1.44090787e-16 1.46995133e-14 2.18931865e-16 2.12459563e-29 9.99921833e-01 1.43310836e-16 9.96633986e-01 6.73049754e-01 8.04184202e-01 9.80471927e-01 9.89367806e-01 9.91544673e-01 9.91884131e-01 2.02492906e-18 5.51374030e-18 1.40808814e-06 3.39725510e-07 3.39725510e-07 3.56292512e-03 3.56292512e-03 2.18972574e-04 1.08781918e-17 1.43575209e-03 1.29529158e-02 1.04096609e-02 3.44418381e-03 2.54707227e-03 2.27264982e-03 2.22675189e-03
6.51651652e-02 -2.06697975e+01 -2.06697975e+01 -2.50725138e-02 -6.80089439e-03 -6.80089428e-03 7.13254574e+01 7.13254574e+01 1.03883797e+02 1.73372523e+02 2.07041753e+02 2.93068623e+02 3.23521544e+02 4.19946937e+02 5.23549349e+02 6.27759485e+02 7.32285316e+02 7.19185114e-16 4.15371801e-16 2.11838538e-05 1.12181192e-26 6.58745528e-27 1.83458559e-44 2.12290896e-26 9.99921467e-01 1.21908010e-15 9.96617451e-01 6.73078154e-01 8.04411288e-01 9.80405464e-01 9.89325042e-01 9.91507400e-01 9.91843314e-01 4.20204662e-18 2.15680168e-18 1.40808814e-06 3.39725510e-07 3.39725510e-07 3.56292512e-03 3.56292512e-03 2.19485091e-04 8.47659023e-18 1.43926837e-03 1.29524631e-02 1.04042779e-02 3.44998198e-03 2.55216209e-03 2.27763215e-03 2.23232151e-03
6.53153153e-02 -2.06697975e+01 -2.06697975e+01 -2.50725158e-02 -6.80090338e-03 -6.80089732e-03 7.13254574e+01 7.13254574e+01 1.03883496e+02 1.73372523e+02 2.07037660e+02 2.93019769e+02 3.23540173e+02 4.19963790e+02 5.23565893e+02 6.27777931e+02 7.32307789e+02 3.07153210e-16 2.92502634e-16 2.12326645e-05 1.47208417e-14 4.38612482e-17 2.12660915e-29 8.72592520e-17 9.99921100e-01 8.67148734e-16 9.96600868e-01 6.73107001e-01 8.04638236e-01 9.80339028e-01 9.89282235e-01 9.91470061e-01 9.91802372e-01 7.82748255e-18 4.75607410e-19 1.40808814e-06 3.39725510e-07 3.39725510e-07 3.56292512e-03 3.56292512e-03 2.19997655e-04 2.07105958e-17 1.44278601e-03 1.29520033e-02 1.03988938e-02 3.45576777e-03 2.55724650e-03 2.28261223e-03 2.23789394e-03
6.54654655e-02 -2.06697975e+01 -2.06697975e+01 -2.50725150e-02 -6.80090052e-03 -6.80087211e-03 7.13254574e+01 7.13254574e+01 1.03883193e+02 1.73372523e+02 2.07033556e+02 2.92970900e+02 3.23558770e+02 4.19980663e+02 5.23582465e+02 6.27796417e+02 7.32330322e+02 2.05484448e-16 7.52624404e-16 2.12814752e-05 1.46851328e-14 1.37337227e-17 3.20651015e-16 2.12761596e-29 9.99920732e-01 5.01986556e-16 9.96584238e-01 6.73136294e-01 8.04865048e-01 9.80272618e-01 9.89239388e-01 9.91432656e-01 9.91761306e-01 9.61480341e-18 1.75678388e-18 1.40808814e-06 3.39725510e-07 3.39725510e-07 3.56292512e-03 3.56292512e-03 2.20510267e-04 7.33640469e-18 1.44630502e-03 1.29515364e-02 1.03935086e-02 3.46154118e-03 2.56232550e-03 2.28759005e-03 2.24346918e-03
6.56156156e-02 -2.06697975e+01 -2.06697975e+01 -2.50725154e-02 -6.80089652e-03 -6.80089194e-03 7.13254574e+01 7.13254574e+01 1.03882890e+02 1.73372523e+02 2.07029442e+02 2.92922016e+02 3.23577333e+02 4.19997556e+02 5.23599066e+02 6.27814941e+02 7.32352918e+02 2.79062922e-16 4.40982653e-16 2.13302860e-05 8.19174253e-17 1.47351817e-14 2.12908643e-29 1.02570387e-16 9.99920363e-01 6.98082759e-16 9.96567561e-01 6.73166033e-01 8.05091721e-01 9.80206235e-01 9.89196499e-01 9.91395185e-01 9.91720115e-01 2.14245571e-18 7.61365284e-18 1.40808814e-06 3.39725510e-07 3.39725510e-07 3.56292512e-03 3.56292512e-03 2.21022926e-04 1.56462570e-17 1.44982540e-03 1.29510623e-02 1.03881225e-02 3.46730221e-03 2.56739908e-03 2.29256561e-03 2.24904724e-03
6.57657658e-02 -2.06697975e+01 -2.06697975e+01 -2.50725145e-02 -6.80089922e-03 -6.80089335e-03 7.13254574e+01 7.13254574e+01 1.03882587e+02 1.73372523e+02 2.07025317e+02 2.92873117e+02 3.23595864e+02 4.20014469e+02 5.23615695e+02 6.27833504e+02 7.32375574e+02 2.02339634e-16 8.48787733e-16 2.13790967e-05 5.27264795e-17 1.49537788e-14 1.26206253e-16 2.13009352e-29 9.99919993e-01 7.52598944e-16 9.96550836e-01 6.73196216e-01 8.05318256e-01 9.80139881e-01 9.89153570e-01 9.91357649e-01 9.91678800e-01 5.89336904e-19 1.37377950e-17 1.40808814e-06 3.39725510e-07 3.39725510e-07 3.56292512e-03 3.56292512e-03 2.21535633e-04 2.43534731e-18 1.45334715e-03 1.29505811e-02 1.03827353e-02 3.47305085e-03 2.57246722e-03 2.29753890e-03 2.25462812e-03
6.59159159e-02 -2.06697975e+01 -2.06697975e+01 -2.50725154e-02 -6.80089035e-03 -6.80088934e-03 7.13254574e+01 7.13254574e+01 1.03882282e+02 1.73372523e+02 2.07021181e+02 2.92824202e+02 3.23614362e+02 4.20031401e+02 5.23632354e+02 6.27852107e+02 7.32398293e+02 6.82120186e-16 8.71135201e-16 2.14279074e-05 5.17388313e-16 2.62095937e-14 2.13161779e-29 9.05222881e-17 9.99919622e-01 7.82011165e-16 9.96534064e-01 6.73226842e-01 8.05544652e-01 9.80073555e-01 9.89110600e-01 9.91320047e-01 9.91637359e-01 1.12454344e-19 1.05046328e-18 1.40808814e-06 3.39725510e-07 3.39725510e-07 3.56292512e-03 3.56292512e-03 2.22048388e-04 1.97522928e-17 1.45687027e-03 1.29500927e-02 1.03773471e-02 3.47878710e-03 2.57752992e-03 2.30250990e-03 2.26021182e-03
6.60660661e-02 -2.06697975e+01 -2.06697975e+01 -2.50725142e-02 -6.80090626e-03 -6.80088095e-03 7.13254574e+01 7.13254574e+01 1.03881977e+02 1.73372523e+02 2.07017034e+02 2.92775273e+02 3.23632827e+02 4.20048353e+02 5.23649041e+02 6.27870748e+02 7.32421073e+02 4.12934438e-16 3.72790287e-16 2.14767181e-05 9.92868271e-17 1.49861548e-14 1.98586489e-27 1.06873366e-16 9.99919250e-01 6.25428768e-16 9.96517245e-01 6.73257913e-01 8.05770907e-01 9.80007260e-01 9.89067591e-01 9.91282380e-01 9.91595793e-01 1.92212417e-19 7.73233095e-18 1.40808814e-06 3.39725510e-07 3.39725510e-07 3.56292512e-03 3.56292512e-03 2.22561191e-04 3.39365031e-18 1.46039477e-03 1.29495973e-02 1.03719579e-02 3.48451095e-03 2.58258716e-03 2.30747861e-03 2.26579836e-03
6.62162162e-02 -2.06697975e+01 -2.06697975e+01 -2.50725138e-02 -6.80089246e-03 -6.80088184e-03 7.13254574e+01 7.13254574e+01 1.03881671e+02 1.73372523e+02 2.07012877e+02 2.92726329e+02 3.23651259e+02 4.20065325e+02 5.23665756e+02 6.27889428e+02 7.32443914e+02 5.70420095e-16 9.55438672e-16 2.15255289e-05 5.60745962e-15 5.68585051e-17 1.99649627e-27 2.60241614e-16 9.99918877e-01 5.69068522e-16 9.96500378e-01 6.73289426e-01 8.05997022e-01 9.79940995e-01 9.89024542e-01 9.91244647e-01 9.91554101e-01 4.22611314e-19 1.10148766e-18 1.40808814e-06 3.39725510e-07 3.39725510e-07 3.56292512e-03 3.56292512e-03 2.23074041e-04 2.40505806e-18 1.46392065e-03 1.29490947e-02 1.03665678e-02 3.49022240e-03 2.58763893e-03 2.31244502e-03 2.27138773e-03
6.63663664e-02 -2.06697975e+01 -2.06697975e+01 -2.50725136e-02 -6.80089079e-03 -6.80088316e-03 7.13254574e+01 7.13254574e+01 1.03881365e+02 1.73372523e+02 2.07008708e+02 2.92677371e+02 3.23669659e+02 4.20082316e+02 5.23682500e+02 6.27908147e+02 7.32466818e+02 2.93558777e-16 7.98504664e-16 2.15743396e-05 8.35768563e-17 5.62816380e-15 1.99771362e-27 1.20623992e-16 9.99918504e-01 7.58332413e-16 9.96483464e-01 6.73321380e-01 8.06222996e-01 9.79874761e-01 9.88981454e-01 9.91206850e-01 9.91512284e-01 3.63429311e-18 1.64250002e-17 1.40808814e-06 3.39725510e-07 3.39725510e-07 3.56292512e-03 3.56292512e-03 2.23586940e-04 6.70334584e-19 1.46744792e-03 1.29485851e-02 1.03611768e-02 3.49592146e-03 2.59268523e-03 2.31740912e-03 2.27697994e-03
6.65165165e-02 -2.06697975e+01 -2.06697975e+01 -2.50725148e-02 -6.80090492e-03 -6.80089024e-03 7.13254574e+01 7.13254574e+01 1.03881058e+02 1.73372523e+02 2.07004529e+02 2.92628398e+02 3.23688026e+02 4.20099326e+02 5.23699272e+02 6.27926904e+02 7.32489783e+02 3.62851002e-16 4.52008585e-16 2.16231503e-05 1.51905186e-14 1.63072266e-17 2.17860465e-29 2.24136396e-16 9.99918130e-01 8.96202190e-16 9.96466501e-01 6.73353777e-01 8.06448828e-01 9.79808559e-01 9.88938327e-01 9.91168988e-01 9.91470340e-01 5.35918263e-18 3.78691067e-18 1.40808814e-06 3.39725510e-07 3.39725510e-07 3.56292512e-03 3.56292512e-03 2.24099887e-04 1.77447455e-17 1.47097657e-03 1.29480684e-02 1.03557848e-02 3.50160811e-03 2.59772603e-03 2.32237089e-03 2.28257500e-03
6.66666667e-02 -2.06697975e+01 -2.06697975e+01 -2.50725145e-02 -6.80089457e-03 -6.80088642e-03 7.13254574e+01 7.13254574e+01 1.03880750e+02 1.73372523e+02 2.07000339e+02 2.92579410e+02 3.23706361e+02 4.20116355e+02 5.23716073e+02 6.27945701e+02 7.32512810e+02 8.54529645e-16 3.97406485e-16 2.16719610e-05 1.51852323e-14 4.55150419e-17 2.59501440e-16 2.17961591e-29 9.99917754e-01 5.91885192e-16 9.96449491e-01 6.73386614e-01 8.06674517e-01 9.79742390e-01 9.88895162e-01 9.91131061e-01 9.91428271e-01 6.84703097e-18 1.82427873e-18 1.40808814e-06 3.39725510e-07 3.39725510e-07 3.56292512e-03 3.56292512e-03 2.24612883e-04 1.58095384e-17 1.47450661e-03 1.29475446e-02 1.03503919e-02 3.50728235e-03 2.60276134e-03 2.32733033e-03 2.28817290e-03
6.68168168e-02 -2.06697975e+01 -2.06697975e+01 -2.50725138e-02 -6.80091528e-03 -6.80088310e-03 7.13254574e+01 7.13254574e+01 1.03880441e+02 1.73372523e+02 2.06996138e+02 2.92530407e+02 3.23724663e+02 4.20133404e+02 5.23732902e+02 6.27964536e+02 7.32535899e+02 6.15466735e-16 1.44852499e-15 2.17207717e-05 5.66517300e-15 5.82286496e-17 2.01266730e-27 4.19786129e-16 9.99917378e-01 3.60372195e-16 9.96432434e-01 6.73419891e-01 8.06900062e-01 9.79676254e-01 9.88851958e-01 9.91093070e-01 9.91386075e-01 3.35870367e-18 1.38661203e-18 1.40808814e-06 3.39725510e-07 3.39725510e-07 3.56292512e-03 3.56292512e-03 2.25125927e-04 3.48620434e-19 1.47803804e-03 1.29470137e-02 1.03449981e-02 3.51294418e-03 2.60779114e-03 2.33228744e-03 2.29377366e-03
6.69669670e-02 -2.06697975e+01 -2.06697975e+01 -2.50725153e-02 -6.80090499e-03 -6.80090464e-03 7.13254574e+01 7.13254574e+01 1.03880132e+02 1.73372523e+02 2.06991926e+02 2.92481391e+02 3.23742932e+02 4.20150471e+02 5.23749759e+02 6.27983410e+02 7.32559050e+02 6.80360593e-16 2.44339342e-16 2.17695825e-05 1.52441954e-14 9.21860210e-16 2.18163850e-29 1.66384324e-16 9.99917001e-01 8.18800466e-16 9.96415328e-01 6.73453608e-01 8.07125464e-01 9.79610152e-01 9.88808717e-01 9.91055015e-01 9.91343752e-01 6.37517114e-18 3.56428266e-18 1.40808814e-06 3.39725510e-07 3.39725510e-07 3.56292512e-03 3.56292512e-03 2.25639019e-04 1.49118875e-17 1.48157087e-03 1.29464758e-02 1.03396034e-02 3.51859360e-03 2.61281541e-03 2.33724219e-03 2.29937728e-03
6.71171171e-02 -2.06697975e+01 -2.06697975e+01 -2.50725145e-02 -6.80088611e-03 -6.80087408e-03 7.13254574e+01 7.13254574e+01 1.03879821e+02 1.73372523e+02 2.06987703e+02 2.92432360e+02 3.23761169e+02 4.20167558e+02 5.23766645e+02 6.28002322e+02 7.32582263e+02 6.74916865e-16 4.39976191e-16 2.18183932e-05 1.53011947e-14 2.33357037e-17 2.18264982e-29 2.55688899e-16 9.99916623e-01 5.47432821e-16 9.96398175e-01 6.73487764e-01 8.07350721e-01 9.79544086e-01 9.88765438e-01 9.91016896e-01 9.91301303e-01 2.92780501e-18 9.71332701e-19 1.40808814e-06 3.39725510e-07 3.39725510e-07 3.56292512e-03 3.56292512e-03 2.26152160e-04 9.61677576e-18 1.48510509e-03 1.29459308e-02 1.03342079e-02 3.52423060e-03 2.61783416e-03 2.34219458e-03 2.30498375e-03
6.72672673e-02 -2.06697975e+01 -2.06697975e+01 -2.50725150e-02 -6.80090309e-03 -6.80089362e-03 7.13254574e+01 7.13254574e+01 1.03879511e+02 1.73372523e+02 2.06983470e+02 2.92383314e+02 3.23779373e+02 4.20184663e+02 5.23783558e+02 6.28021273e+02 7.32605539e+02 3.79055863e-16 1.76179744e-16 2.18672039e-05 1.52898584e-14 3.79225614e-17 2.14162678e-16 2.22678720e-29 9.99916244e-01 4.52363569e-16 9.96380973e-01 6.73522358e-01 8.07575833e-01 9.79478055e-01 9.88722123e-01 9.90978713e-01 9.91258727e-01 4.70514533e-18 2.89264247e-18 1.40808814e-06 3.39725510e-07 3.39725510e-07 3.56292512e-03 3.56292512e-03 2.26665350e-04 8.74941402e-18 1.48864071e-03 1.29453788e-02 1.03288115e-02 3.52985519e-03 2.62284736e-03 2.34714460e-03 2.31059310e-03
6.74174174e-02 -2.06697975e+01 -2.06697975e+01 -2.50725136e-02 -6.80090264e-03 -6.80089594e-03 7.13254574e+01 7.13254574e+01 1.03879199e+02 1.73372523e+02 2.06979225e+02 2.92334255e+02 3.23797545e+02 4.20201786e+02 5.23800500e+02 6.28040263e+02 7.32628876e+02 3.98688119e-16 2.31142260e-16 2.19160146e-05 1.17879005e-16 5.70052912e-15 2.08273122e-16 2.10945492e-27 9.99915865e-01 6.47123183e-16 9.96363724e-01 6.73557389e-01 8.07800798e-01 9.79412060e-01 9.88678770e-01 9.90940466e-01 9.91216024e-01 4.23625989e-19 7.69224222e-18 1.40808814e-06 3.39725510e-07 3.39725510e-07 3.56292512e-03 3.56292512e-03 2.27178589e-04 1.07569613e-17 1.49217773e-03 1.29448197e-02 1.03234143e-02 3.53546735e-03 2.62785501e-03 2.35209225e-03 2.31620531e-03
6.75675676e-02 -2.06697975e+01 -2.06697975e+01 -2.50725132e-02 -6.80089892e-03 -6.80088141e-03 7.13254574e+01 7.13254574e+01 1.03878887e+02 1.73372523e+02 2.06974970e+02 2.92285181e+02 3.23815685e+02 4.20218929e+02 5.23817469e+02 6.28059291e+02 7.32652276e+02 2.84529328e-16 2.27548729e-16 2.19648254e-05 1.51842358e-14 5.83932546e-17 2.27230938e-29 1.62873890e-16 9.99915484e-01 3.13411510e-16 9.96346426e-01 6.73592858e-01 8.08025618e-01 9.79346103e-01 9.88635382e-01 9.90902156e-01 9.91173193e-01 8.85501332e-18 2.12787552e-18 1.40808814e-06 3.39725510e-07 3.39725510e-07 3.56292512e-03 3.56292512e-03 2.27691877e-04 9.19235868e-18 1.49571616e-03 1.29442536e-02 1.03180163e-02 3.54106710e-03 2.63285710e-03 2.35703750e-03 2.32182040e-03
6.77177177e-02 -2.06697975e+01 -2.06697975e+01 -2.50725140e-02 -6.80089189e-03 -6.80088818e-03 7.13254574e+01 7.13254574e+01 1.03878574e+02 1.73372523e+02 2.06970704e+02 2.92236094e+02 3.23833792e+02 4.20236090e+02 5.23834467e+02 6.28078358e+02 7.32675738e+02 1.75642271e-15 6.17868935e-16 2.20136361e-05 5.75239622e-15 9.40643880e-17 2.11191562e-27 1.27037406e-16 9.99915102e-01 8.86881309e-16 9.96329080e-01 6.73628762e-01 8.08250290e-01 9.79280183e-01 9.88591957e-01 9.90863782e-01 9.91130234e-01 3.72942755e-18 5.36715201e-18 1.40808814e-06 3.39725510e-07 3.39725510e-07 3.56292512e-03 3.56292512e-03 2.28205214e-04 8.87064453e-18 1.49925600e-03 1.29436805e-02 1.03126175e-02 3.54665442e-03 2.63785361e-03 2.36198036e-03 2.32743837e-03
6.78678679e-02 -2.06697975e+01 -2.06697975e+01 -2.50725140e-02 -6.80089720e-03 -6.80088808e-03 7.13254574e+01 7.13254574e+01 1.03878260e+02 1.73372523e+02 2.06966426e+02 2.92186992e+02 3.23851868e+02 4.20253269e+02 5.23851492e+02 6.28097464e+02 7.32699263e+02 1.77132663e-16 2.45055147e-16 2.20624468e-05 1.53157289e-14 3.55847598e-17 1.04137052e-16 2.27432336e-29 9.99914720e-01 4.17020397e-16 9.96311686e-01 6.73665102e-01 8.08474814e-01 9.79214302e-01 9.88548497e-01 9.90825345e-01 9.91087148e-01 2.52628982e-18 6.45334847e-18 1.40808814e-06 3.39725510e-07 3.39725510e-07 3.56292512e-03 3.56292512e-03 2.28718601e-04 6.92374928e-18 1.50279725e-03 1.29431004e-02 1.03072179e-02 3.55222931e-03 2.64284454e-03 2.36692080e-03 2.33305922e-03
6.80180180e-02 -2.06697975e+01 -2.06697975e+01 -2.50725149e-02 -6.80090328e-03 -6.80089736e-03 7.13254574e+01 7.13254574e+01 1.03877946e+02 1.73372523e+02 2.06962138e+02 2.92137877e+02 3.23869911e+02 4.20270467e+02 5.23868545e+02 6.28116607e+02 7.32722850e+02 2.40886074e-16 4.08415555e-16 2.21112575e-05 1.53948724e-14 7.03139493e-17 2.27533040e-29 2.70191531e-16 9.99914337e-01 7.34863087e-16 9.96294244e-01 6.73701878e-01 8.08699190e-01 9.79148461e-01 9.88505002e-01 9.90786846e-01 9.91043934e-01 1.02579065e-18 5.61495497e-18 1.40808814e-06 3.39725510e-07 3.39725510e-07 3.56292512e-03 3.56292512e-03 2.29232036e-04 1.26487253e-18 1.50633991e-03 1.29425133e-02 1.03018176e-02 3.55779178e-03 2.64782987e-03 2.37185883e-03 2.33868296e-03
6.81681682e-02 -2.06697975e+01 -2.06697975e+01 -2.50725139e-02 -6.80089813e-03 -6.80089610e-03 7.13254574e+01 7.13254574e+01 1.03877631e+02 1.73372523e+02 2.06957839e+02 2.92088747e+02 3.23887921e+02 4.20287682e+02 5.23885626e+02 6.28135790e+02 7.32746500e+02 4.02979683e-16 7.09783387e-16 2.21600683e-05 1.55464315e-14 1.88178265e-16 1.66637433e-16 2.27633745e-29 9.99913952e-01 4.77494442e-16 9.96276753e-01 6.73739087e-01 8.08923417e-01 9.79082659e-01 9.88461472e-01 9.90748283e-01 9.91000591e-01 1.48050806e-17 7.07212508e-18 1.40808814e-06 3.39725510e-07 3.39725510e-07 3.56292512e-03 3.56292512e-03 2.29745522e-04 8.74941402e-18 1.50988399e-03 1.29419192e-02 1.02964166e-02 3.56334182e-03 2.65280960e-03 2.37679443e-03 2.34430959e-03
6.83183183e-02 -2.06697975e+01 -2.06697975e+01 -2.50725128e-02 -6.80089812e-03 -6.80088871e-03 7.13254574e+01 7.13254574e+01 1.03877315e+02 1.73372523e+02 2.06953529e+02 2.92039604e+02 3.23905900e+02 4.20304916e+02 5.23902734e+02 6.28155010e+02 7.32770212e+02 3.99649016e-16 3.77414331e-16 2.22088790e-05 4.08695988e-17 1.56223020e-14 1.74933180e-16 2.27734453e-29 9.99913567e-01 6.46148939e-16 9.96259214e-01 6.73776730e-01 8.09147494e-01 9.79016898e-01 9.88417907e-01 9.90709658e-01 9.90957120e-01 1.03543241e-17 5.77062414e-18 1.40808814e-06 3.39725510e-07 3.39725510e-07 3.56292512e-03 3.56292512e-03 2.30259056e-04 1.36201086e-17 1.51342949e-03 1.29413181e-02 1.02910148e-02 3.56887942e-03 2.65778371e-03 2.38172759e-03 2.34993911e-03
6.84684685e-02 -2.06697975e+01 -2.06697975e+01 -2.50725141e-02 -6.80088529e-03 -6.80088184e-03 7.13254574e+01 7.13254574e+01 1.03876998e+02 1.73372523e+02 2.06949208e+02 2.91990448e+02 3.23923847e+02 4.20322168e+02 5.23919870e+02 6.28174269e+02 7.32793988e+02 4.33784811e-16 8.41319410e-16 2.22576897e-05 1.99779026e-16 2.71851189e-14 2.20222501e-16 2.11646335e-27 9.99913181e-01 1.40686202e-15 9.96241626e-01 6.73814806e-01 8.09371421e-01 9.78951179e-01 9.88374308e-01 9.90670971e-01 9.90913521e-01 1.57385023e-18 7.64264597e-19 1.40808814e-06 3.39725510e-07 3.39725510e-07 3.56292512e-03 3.56292512e-03 2.30772641e-04 5.12837379e-18 1.51697641e-03 1.29407100e-02 1.02856123e-02 3.57440460e-03 2.66275219e-03 2.38665830e-03 2.35557154e-03
6.86186186e-02 -2.06697975e+01 -2.06697975e+01 -2.50725149e-02 -6.80089959e-03 -6.80089631e-03 7.13254574e+01 7.13254574e+01 1.03876681e+02 1.73372523e+02 2.06944876e+02 2.91941278e+02 3.23941761e+02 4.20339438e+02 5.23937034e+02 6.28193567e+02 7.32817826e+02 1.69776603e-16 1.20336214e-15 2.23065004e-05 1.55147293e-14 1.04987632e-16 1.87189744e-16 2.12093954e-27 9.99912794e-01 1.92177860e-16 9.96223990e-01 6.73853315e-01 8.09595196e-01 9.78885502e-01 9.88330676e-01 9.90632221e-01 9.90869792e-01 2.10054879e-18 4.24447959e-19 1.40808814e-06 3.39725510e-07 3.39725510e-07 3.56292512e-03 3.56292512e-03 2.31286275e-04 4.73431948e-18 1.52052475e-03 1.29400949e-02 1.02802091e-02 3.57991734e-03 2.66771504e-03 2.39158656e-03 2.36120687e-03
6.87687688e-02 -2.06697975e+01 -2.06697975e+01 -2.50725152e-02 -6.80090140e-03 -6.80089897e-03 7.13254574e+01 7.13254574e+01 1.03876363e+02 1.73372523e+02 2.06940533e+02 2.91892094e+02 3.23959644e+02 4.20356725e+02 5.23954225e+02 6.28212902e+02 7.32841726e+02 4.72769867e-16 4.75937199e-16 2.23553111e-05 2.72699619e-14 2.12450186e-16 2.27707223e-29 1.68053742e-16 9.99912407e-01 3.57860115e-16 9.96206305e-01 6.73892255e-01 8.09818821e-01 9.78819867e-01 9.88287010e-01 9.90593410e-01 9.90825935e-01 2.81879206e-18 6.79474575e-18 1.40808814e-06 3.39725510e-07 3.39725510e-07 3.56292512e-03 3.56292512e-03 2.31799960e-04 6.74186675e-18 1.52407452e-03 1.29394729e-02 1.02748052e-02 3.58541764e-03 2.67267224e-03 2.39651235e-03 2.36684511e-03
6.89189189e-02 -2.06697975e+01 -2.06697975e+01 -2.50725145e-02 -6.80089971e-03 -6.80089821e-03 7.13254574e+01 7.13254574e+01 1.03876044e+02 1.73372523e+02 2.06936179e+02 2.91842897e+02 3.23977495e+02 4.20374030e+02 5.23971443e+02 6.28232276e+02 7.32865690e+02 3.06685210e-16 7.21758626e-16 2.24041219e-05 2.93669515e-16 1.55737330e-14 2.12342094e-27 1.42667113e-16 9.99912018e-01 1.83826175e-16 9.96188571e-01 6.73931626e-01 8.10042293e-01 9.78754276e-01 9.88243311e-01 9.90554537e-01 9.90781948e-01 4.18905526e-18 2.10240038e-18 1.40808814e-06 3.39725510e-07 3.39725510e-07 3.56292512e-03 3.56292512e-03 2.32313694e-04 5.87450501e-18 1.52762572e-03 1.29388440e-02 1.02694007e-02 3.59090551e-03 2.67762378e-03 2.40143565e-03 2.37248626e-03
6.90690691e-02 -2.06697975e+01 -2.06697975e+01 -2.50725129e-02 -6.80089205e-03 -6.80088855e-03 7.13254574e+01 7.13254574e+01 1.03875725e+02 1.73372523e+02 2.06931814e+02 2.91793687e+02 3.23995313e+02 4.20391353e+02 5.23988689e+02 6.28251688e+02 7.32889717e+02 3.14529081e-16 6.41532230e-16 2.24529326e-05 1.57547656e-14 1.02485169e-16 2.28238033e-29 2.51078944e-16 9.99911628e-01 4.10329541e-16 9.96170789e-01 6.73971427e-01 8.10265612e-01 9.78688730e-01 9.88199580e-01 9.90515602e-01 9.90737832e-01 2.57326407e-18 2.24984252e-18 1.40808814e-06 3.39725510e-07 3.39725510e-07 3.56292512e-03 3.56292512e-03 2.32827478e-04 1.06542584e-17 1.53117835e-03 1.29382081e-02 1.02639956e-02 3.59638093e-03 2.68256966e-03 2.40635648e-03 2.37813033e-03
6.92192192e-02 -2.06697975e+01 -2.06697975e+01 -2.50725141e-02 -6.80089442e-03 -6.80089027e-03 7.13254574e+01 7.13254574e+01 1.03875405e+02 1.73372523e+02 2.06927438e+02 2.91744464e+02 3.24013100e+02 4.20408693e+02 5.24005962e+02 6.28271139e+02 7.32913807e+02 2.61048909e-16 1.74408466e-16 2.25017433e-05 8.20056041e-17 1.57479357e-14 2.28384349e-29 2.00132797e-16 9.99911238e-01 2.90324575e-16 9.96152958e-01 6.74011658e-01 8.10488778e-01 9.78623229e-01 9.88155816e-01 9.90476606e-01 9.90693586e-01 4.04652508e-18 3.93736678e-18 1.40808814e-06 3.39725510e-07 3.39725510e-07 3.56292512e-03 3.56292512e-03 2.33341313e-04 1.19460372e-17 1.53473242e-03 1.29375652e-02 1.02585898e-02 3.60184392e-03 2.68750985e-03 2.41127480e-03 2.38377733e-03
6.93693694e-02 -2.06697975e+01 -2.06697975e+01 -2.50725138e-02 -6.80089121e-03 -6.80088628e-03 7.13254574e+01 7.13254574e+01 1.03875084e+02 1.73372523e+02 2.06923051e+02 2.91695227e+02 3.24030856e+02 4.20426051e+02 5.24023262e+02 6.28290627e+02 7.32937959e+02 3.35996914e-16 3.72247476e-16 2.25505540e-05 8.58816932e-17 1.56222598e-14 3.18857715e-16 2.28531383e-29 9.99910846e-01 3.56073705e-16 9.96135078e-01 6.74052319e-01 8.10711790e-01 9.78557773e-01 9.88112020e-01 9.90437548e-01 9.90649210e-01 8.79605503e-19 1.59731615e-19 1.40808814e-06 3.39725510e-07 3.39725510e-07 3.56292512e-03 3.56292512e-03 2.33855198e-04 9.37424121e-18 1.53828793e-03 1.29369155e-02 1.02531834e-02 3.60729447e-03 2.69244435e-03 2.41619062e-03 2.38942724e-03
6.95195195e-02 -2.06697975e+01 -2.06697975e+01 -2.50725142e-02 -6.80089323e-03 -6.80088812e-03 7.13254574e+01 7.13254574e+01 1.03874762e+02 1.73372523e+02 2.06918652e+02 2.91645978e+02 3.24048579e+02 4.20443426e+02 5.24040590e+02 6.28310154e+02 7.32962176e+02 2.05238358e-16 8.11288401e-16 2.25993648e-05 6.42401667e-17 1.57938987e-14 1.01762112e-16 2.28632155e-29 9.99910454e-01 1.13775917e-15 9.96117148e-01 6.74093407e-01 8.10934647e-01 9.78492363e-01 9.88068193e-01 9.90398429e-01 9.90604703e-01 3.68257823e-18 2.70431051e-18 1.40808814e-06 3.39725510e-07 3.39725510e-07 3.56292512e-03 3.56292512e-03 2.34369134e-04 3.71536446e-18 1.54184487e-03 1.29362588e-02 1.02477765e-02 3.61273258e-03 2.69737316e-03 2.42110392e-03 2.39508009e-03
6.96696697e-02 -2.06697975e+01 -2.06697975e+01 -2.50725137e-02 -6.80089548e-03 -6.80088967e-03 7.13254574e+01 7.13254574e+01 1.03874440e+02 1.73372523e+02 2.06914243e+02 2.91596715e+02 3.24066271e+02 4.20460818e+02 5.24057944e+02 6.28329719e+02 7.32986455e+02 6.15992528e-16 2.14866834e-16 2.26481755e-05 1.57808580e-14 7.36177519e-17 2.28732930e-29 7.72273232e-17 9.99910061e-01 4.52729265e-16 9.96099170e-01 6.74134924e-01 8.11157349e-01 9.78427001e-01 9.88024334e-01 9.90359250e-01 9.90560067e-01 6.03404006e-18 2.05028077e-18 1.40808814e-06 3.39725510e-07 3.39725510e-07 3.56292512e-03 3.56292512e-03 2.34883120e-04 3.98818826e-18 1.54540326e-03 1.29355952e-02 1.02423689e-02 3.61815825e-03 2.70229625e-03 2.42601469e-03 2.40073587e-03
6.98198198e-02 -2.06697975e+01 -2.06697975e+01 -2.50725143e-02 -6.80089377e-03 -6.80088999e-03 7.13254574e+01 7.13254574e+01 1.03874117e+02 1.73372523e+02 2.06909823e+02 2.91547439e+02 3.24083931e+02 4.20478228e+02 5.24075326e+02 6.28349321e+02 7.33010798e+02 6.96030782e-16 4.94530766e-16 2.26969862e-05 7.74425077e-14 3.89048088e-16 1.57589657e-16 2.13582398e-27 9.99909667e-01 1.26303124e-15 9.96081143e-01 6.74176867e-01 8.11379896e-01 9.78361686e-01 9.87980445e-01 9.90320010e-01 9.90515300e-01 4.50701886e-18 5.81475912e-18 1.40808814e-06 3.39725510e-07 3.39725510e-07 3.56292512e-03 3.56292512e-03 2.35397157e-04 1.82903931e-17 1.54896310e-03 1.29349247e-02 1.02369609e-02 3.62357147e-03 2.70721363e-03 2.43092292e-03 2.40639458e-03
6.99699700e-02 -2.06697975e+01 -2.06697975e+01 -2.50725137e-02 -6.80089320e-03 -6.80088560e-03 7.13254574e+01 7.13254574e+01 1.03873793e+02 1.73372523e+02 2.06905392e+02 2.91498151e+02 3.24101559e+02 4.20495654e+02 5.24092734e+02 6.28368962e+02 7.33035204e+02 5.60741090e-16 3.99598457e-16 2.27457969e-05 2.31895325e-16 7.75763003e-14 2.13708236e-27 2.06242462e-16 9.99909272e-01 6.49451452e-16 9.96063067e-01 6.74219237e-01 8.11602286e-01 9.78296420e-01 9.87936525e-01 9.90280710e-01 9.90470402e-01 9.32232066e-18 7.58376294e-19 1.40808814e-06 3.39725510e-07 3.39725510e-07 3.56292512e-03 3.56292512e-03 2.35911244e-04 4.13978154e-18 1.55252438e-03 1.29342473e-02 1.02315522e-02 3.62897226e-03 2.71212527e-03 2.43582860e-03 2.41205624e-03
7.01201201e-02 -2.06697975e+01 -2.06697975e+01 -2.50725143e-02 -6.80088981e-03 -6.80088795e-03 7.13254574e+01 7.13254574e+01 1.03873469e+02 1.73372523e+02 2.06900949e+02 2.91448850e+02 3.24119156e+02 4.20513097e+02 5.24110170e+02 6.28388641e+02 7.33059674e+02 4.10774889e-16 3.48010514e-16 2.27946076e-05 8.39792952e-16 7.77699155e-14 2.13834157e-27 1.54131423e-16 9.99908876e-01 5.83298740e-16 9.96044941e-01 6.74262032e-01 8.11824519e-01 9.78231203e-01 9.87892576e-01 9.90241349e-01 9.90425373e-01 1.56757700e-18 9.09929796e-18 1.40808814e-06 3.39725510e-07 3.39725510e-07 3.56292512e-03 3.56292512e-03 2.36425383e-04 1.24916848e-17 1.55608712e-03 1.29335631e-02 1.02261431e-02 3.63436059e-03 2.71703118e-03 2.44073173e-03 2.41772084e-03
7.02702703e-02 -2.06697975e+01 -2.06697975e+01 -2.50725150e-02 -6.80090032e-03 -6.80089169e-03 7.13254574e+01 7.13254574e+01 1.03873144e+02 1.73372523e+02 2.06896496e+02 2.91399536e+02 3.24136721e+02 4.20530557e+02 5.24127632e+02 6.28408358e+02 7.33084207e+02 9.13117434e-16 4.69522568e-16 2.28434184e-05 2.33098194e-16 7.79009900e-14 1.66132345e-16 1.88529766e-23 9.99908479e-01 3.01297586e-16 9.96026766e-01 6.74305252e-01 8.12046594e-01 9.78166036e-01 9.87848596e-01 9.90201928e-01 9.90380213e-01 3.78489430e-18 7.10708790e-19 1.40808814e-06 3.39725510e-07 3.39725510e-07 3.56292512e-03 3.56292512e-03 2.36939573e-04 1.68773838e-17 1.55965131e-03 1.29328719e-02 1.02207334e-02 3.63973649e-03 2.72193133e-03 2.44563229e-03 2.42338840e-03
7.04204204e-02 -2.06697975e+01 -2.06697975e+01 -2.50725135e-02 -6.80090819e-03 -6.80090751e-03 7.13254574e+01 7.13254574e+01 1.03872818e+02 1.73372523e+02 2.06892031e+02 2.91350209e+02 3.24154255e+02 4.20548034e+02 5.24145121e+02 6.28428113e+02 7.33108804e+02 6.89062696e-16 4.57532556e-16 2.28922291e-05 1.65833919e-13 5.31886694e-15 8.35408743e-17 2.14869929e-27 9.99908081e-01 8.12473175e-16 9.96008542e-01 6.74348897e-01 8.12268512e-01 9.78100920e-01 9.87804587e-01 9.90162448e-01 9.90334922e-01 6.36123816e-18 9.46249133e-18 1.40808814e-06 3.39725510e-07 3.39725510e-07 3.56292512e-03 3.56292512e-03 2.37453814e-04 5.07948343e-18 1.56321696e-03 1.29321739e-02 1.02153233e-02 3.64509994e-03 2.72682572e-03 2.45053027e-03 2.42905890e-03
7.05705706e-02 -2.06697975e+01 -2.06697975e+01 -2.50725146e-02 -6.80089147e-03 -6.80088795e-03 7.13254574e+01 7.13254574e+01 1.03872491e+02 1.73372523e+02 2.06887555e+02 2.91300870e+02 3.24171757e+02 4.20565528e+02 5.24162636e+02 6.28447905e+02 7.33133464e+02 7.14761479e-16 9.69025477e-16 2.29410398e-05 7.90163912e-16 1.22330405e-13 1.89201870e-23 9.78711262e-17 9.99907683e-01 8.70529669e-16 9.95990268e-01 6.74392966e-01 8.12490271e-01 9.78035854e-01 9.87760549e-01 9.90122908e-01 9.90289499e-01 1.05579945e-18 9.18632944e-19 1.40808814e-06 3.39725510e-07 3.39725510e-07 3.56292512e-03 3.56292512e-03 2.37968106e-04 1.09270822e-17 1.56678406e-03 1.29314690e-02 1.02099126e-02 3.65045095e-03 2.73171434e-03 2.45542566e-03 2.43473237e-03
7.07207207e-02 -2.06697975e+01 -2.06697975e+01 -2.50725140e-02 -6.80088940e-03 -6.80088187e-03 7.13254574e+01 7.13254574e+01 1.03872164e+02 1.73372523e+02 2.06883068e+02 2.91251519e+02 3.24189228e+02 4.20583037e+02 5.24180179e+02 6.28467736e+02 7.33158188e+02 5.40027861e-16 3.51923675e-16 2.29898505e-05 1.22550357e-13 3.76622094e-16 9.63605020e-17 1.89354921e-23 9.99907283e-01 4.96550441e-16 9.95971945e-01 6.74437457e-01 8.12711871e-01 9.77970841e-01 9.87716483e-01 9.90083308e-01 9.90243944e-01 3.10343024e-18 1.74248156e-18 1.40808814e-06 3.39725510e-07 3.39725510e-07 3.56292512e-03 3.56292512e-03 2.38482450e-04 1.30255707e-17 1.57035263e-03 1.29307573e-02 1.02045015e-02 3.65578951e-03 2.73659718e-03 2.46031846e-03 2.44040879e-03
7.08708709e-02 -2.06697975e+01 -2.06697975e+01 -2.50725145e-02 -6.80089070e-03 -6.80088925e-03 7.13254574e+01 7.13254574e+01 1.03871836e+02 1.73372523e+02 2.06878570e+02 2.91202155e+02 3.24206668e+02 4.20600564e+02 5.24197748e+02 6.28487604e+02 7.33182977e+02 2.03593618e-16 8.41829978e-16 2.30386613e-05 1.22768966e-13 1.86906371e-15 1.89508204e-23 7.83868625e-17 9.99906883e-01 6.29900579e-16 9.95953572e-01 6.74482371e-01 8.12933311e-01 9.77905880e-01 9.87672388e-01 9.90043649e-01 9.90198257e-01 1.52452938e-18 1.90231426e-18 1.40808814e-06 3.39725510e-07 3.39725510e-07 3.56292512e-03 3.56292512e-03 2.38996845e-04 8.56753149e-18 1.57392266e-03 1.29300387e-02 1.01990900e-02 3.66111563e-03 2.74147423e-03 2.46520864e-03 2.44608818e-03
7.10210210e-02 -2.06697975e+01 -2.06697975e+01 -2.50725138e-02 -6.80091286e-03 -6.80091101e-03 7.13254574e+01 7.13254574e+01 1.03871507e+02 1.73372523e+02 2.06874061e+02 2.91152779e+02 3.24224076e+02 4.20618106e+02 5.24215343e+02 6.28507510e+02 7.33207829e+02 3.20487047e-16 1.61692885e-16 2.30874720e-05 1.49429966e-15 1.22984374e-13 1.81111018e-16 2.15163693e-27 9.99906481e-01 3.77833462e-16 9.95935150e-01 6.74527707e-01 8.13154590e-01 9.77840972e-01 9.87628265e-01 9.90003931e-01 9.90152438e-01 6.74515299e-18 1.89086197e-18 1.40808814e-06 3.39725510e-07 3.39725510e-07 3.56292512e-03 3.56292512e-03 2.39511291e-04 1.15333818e-17 1.57749417e-03 1.29293133e-02 1.01936781e-02 3.66642931e-03 2.74634547e-03 2.47009621e-03 2.45177054e-03
7.11711712e-02 -2.06697975e+01 -2.06697975e+01 -2.50725140e-02 -6.80089967e-03 -6.80088054e-03 7.13254574e+01 7.13254574e+01 1.03871177e+02 1.73372523e+02 2.06869541e+02 2.91103391e+02 3.24241453e+02 4.20635665e+02 5.24232965e+02 6.28527454e+02 7.33232745e+02 9.78269114e-16 1.06409724e-15 2.31362827e-05 1.23297609e-13 1.40735976e-16 8.54024509e-17 2.15291233e-27 9.99906079e-01 6.91313779e-16 9.95916678e-01 6.74573464e-01 8.13375709e-01 9.77776118e-01 9.87584115e-01 9.89964154e-01 9.90106486e-01 2.82847069e-18 4.45503379e-19 1.40808814e-06 3.39725510e-07 3.39725510e-07 3.56292512e-03 3.56292512e-03 2.40025790e-04 9.43158378e-19 1.58106714e-03 1.29285811e-02 1.01882657e-02 3.67173054e-03 2.75121091e-03 2.47498114e-03 2.45745587e-03
7.13213213e-02 -2.06697975e+01 -2.06697975e+01 -2.50725142e-02 -6.80089742e-03 -6.80087571e-03 7.13254574e+01 7.13254574e+01 1.03870847e+02 1.73372523e+02 2.06865010e+02 2.91053991e+02 3.24258799e+02 4.20653240e+02 5.24250613e+02 6.28547436e+02 7.33257725e+02 5.83934665e-16 4.72079951e-16 2.31850934e-05 1.52347151e-16 1.45804075e-13 2.64645436e-16 2.15588053e-27 9.99905676e-01 2.76334300e-16 9.95898156e-01 6.74619641e-01 8.13596666e-01 9.77711319e-01 9.87539937e-01 9.89924319e-01 9.90060401e-01 7.02710310e-18 1.35392799e-18 1.40808814e-06 3.39725510e-07 3.39725510e-07 3.56292512e-03 3.56292512e-03 2.40540340e-04 5.31025632e-18 1.58464158e-03 1.29278420e-02 1.01828530e-02 3.67701933e-03 2.75607052e-03 2.47986344e-03 2.46314418e-03
7.14714715e-02 -2.06697975e+01 -2.06697975e+01 -2.50725146e-02 -6.80090917e-03 -6.80088996e-03 7.13254574e+01 7.13254574e+01 1.03870516e+02 1.73372523e+02 2.06860467e+02 2.91004578e+02 3.24276114e+02 4.20670831e+02 5.24268287e+02 6.28567455e+02 7.33282769e+02 4.63076022e-16 8.83451713e-16 2.32339042e-05 9.23759960e-17 6.07777511e-14 1.18692032e-16 1.73809902e-21 9.99905272e-01 1.48781830e-15 9.95879584e-01 6.74666237e-01 8.13817461e-01 9.77646575e-01 9.87495733e-01 9.89884425e-01 9.90014184e-01 6.48948482e-18 3.91322939e-18 1.40808814e-06 3.39725510e-07 3.39725510e-07 3.56292512e-03 3.56292512e-03 2.41054942e-04 1.45295213e-17 1.58821750e-03 1.29270962e-02 1.01774398e-02 3.68229568e-03 2.76092430e-03 2.48474308e-03 2.46883547e-03
7.16216216e-02 -2.06697975e+01 -2.06697975e+01 -2.50725144e-02 -6.80089374e-03 -6.80088820e-03 7.13254574e+01 7.13254574e+01 1.03870185e+02 1.73372523e+02 2.06855913e+02 2.90955154e+02 3.24293397e+02 4.20688438e+02 5.24285988e+02 6.28587512e+02 7.33307877e+02 4.22686873e-16 1.06812240e-15 2.32827149e-05 1.05613627e-13 3.88278781e-16 3.91248243e-16 2.15533569e-27 9.99904867e-01 2.25717614e-16 9.95860962e-01 6.74713253e-01 8.14038094e-01 9.77581887e-01 9.87451503e-01 9.89844473e-01 9.89967833e-01 5.42908009e-18 3.43973580e-18 1.40808814e-06 3.39725510e-07 3.39725510e-07 3.56292512e-03 3.56292512e-03 2.41569597e-04 7.49968612e-18 1.59179490e-03 1.29263435e-02 1.01720263e-02 3.68755959e-03 2.76577223e-03 2.48962007e-03 2.47452974e-03
7.17717718e-02 -2.06697975e+01 -2.06697975e+01 -2.50725146e-02 -6.80090628e-03 -6.80088010e-03 7.13254574e+01 7.13254574e+01 1.03869852e+02 1.73372523e+02 2.06851348e+02 2.90905717e+02 3.24310650e+02 4.20706061e+02 5.24303715e+02 6.28607606e+02 7.33333050e+02 7.73994283e-16 5.10788405e-16 2.33315256e-05 2.38314704e-16 1.05829265e-13 2.15661133e-27 1.62126954e-16 9.99904461e-01 2.87632775e-16 9.95842291e-01 6.74760687e-01 8.14258563e-01 9.77517255e-01 9.87407246e-01 9.89804463e-01 9.89921349e-01 3.12288028e-18 2.39589560e-18 1.40808814e-06 3.39725510e-07 3.39725510e-07 3.56292512e-03 3.56292512e-03 2.42084303e-04 1.24627142e-18 1.59537377e-03 1.29255841e-02 1.01666125e-02 3.69281105e-03 2.77061432e-03 2.49449438e-03 2.48022700e-03
7.19219219e-02 -2.06697975e+01 -2.06697975e+01 -2.50725139e-02 -6.80090069e-03 -6.80087791e-03 7.13254574e+01 7.13254574e+01 1.03869519e+02 1.73372523e+02 2.06846772e+02 2.90856269e+02 3.24327871e+02 4.20723700e+02 5.24321468e+02 6.28627738e+02 7.33358287e+02 1.00789314e-15 1.22528523e-15 2.33803363e-05 1.91935217e-16 6.12273483e-14 3.92746870e-16 1.78559888e-21 9.99904054e-01 7.72024497e-16 9.95823569e-01 6.74808539e-01 8.14478869e-01 9.77452681e-01 9.87362964e-01 9.89764395e-01 9.89874732e-01 8.02444393e-19 4.98233302e-18 1.40808814e-06 3.39725510e-07 3.39725510e-07 3.56292512e-03 3.56292512e-03 2.42599062e-04 1.41237053e-17 1.59895413e-03 1.29248178e-02 1.01611984e-02 3.69805008e-03 2.77545054e-03 2.49936602e-03 2.48592725e-03
7.20720721e-02 -2.06697975e+01 -2.06697975e+01 -2.50725139e-02 -6.80090207e-03 -6.80089175e-03 7.13254574e+01 7.13254574e+01 1.03869185e+02 1.73372523e+02 2.06842184e+02 2.90806809e+02 3.24345062e+02 4.20741354e+02 5.24339247e+02 6.28647908e+02 7.33383588e+02 3.24148538e-16 6.90528373e-16 2.34291470e-05 6.12895189e-14 2.27376646e-16 1.19731827e-16 2.24843037e-27 9.99903647e-01 2.37162037e-16 9.95804797e-01 6.74856807e-01 8.14699011e-01 9.77388164e-01 9.87318656e-01 9.89724270e-01 9.89827981e-01 8.47563806e-18 4.57499131e-19 1.40808814e-06 3.39725510e-07 3.39725510e-07 3.56292512e-03 3.56292512e-03 2.43113873e-04 6.70334584e-19 1.60253598e-03 1.29240448e-02 1.01557839e-02 3.70327666e-03 2.78028089e-03 2.50423496e-03 2.49163050e-03
7.22222222e-02 -2.06697975e+01 -2.06697975e+01 -2.50725135e-02 -6.80089534e-03 -6.80088938e-03 7.13254574e+01 7.13254574e+01 1.03868851e+02 1.73372523e+02 2.06837586e+02 2.90757338e+02 3.24362221e+02 4.20759024e+02 5.24357052e+02 6.28668115e+02 7.33408954e+02 4.08021205e-16 2.20014253e-16 2.34779578e-05 2.14431188e-16 6.14596379e-14 2.24970333e-27 9.17360648e-17 9.99903238e-01 4.48874379e-16 9.95785975e-01 6.74905492e-01 8.14918988e-01 9.77323706e-01 9.87274324e-01 9.89684087e-01 9.89781095e-01 1.03782377e-18 7.98589820e-18 1.40808814e-06 3.39725510e-07 3.39725510e-07 3.56292512e-03 3.56292512e-03 2.43628737e-04 1.06053680e-17 1.60611932e-03 1.29232650e-02 1.01503691e-02 3.70849081e-03 2.78510536e-03 2.50910120e-03 2.49733675e-03
7.23723724e-02 -2.06697975e+01 -2.06697975e+01 -2.50725135e-02 -6.80089278e-03 -6.80088683e-03 7.13254574e+01 7.13254574e+01 1.03868516e+02 1.73372523e+02 2.06832976e+02 2.90707855e+02 3.24379350e+02 4.20776709e+02 5.24374883e+02 6.28688360e+02 7.33434385e+02 3.21069485e-16 5.06285859e-16 2.35267685e-05 4.67808139e-16 1.06702986e-13 2.07964780e-16 2.25440487e-27 9.99902829e-01 4.70578331e-16 9.95767103e-01 6.74954593e-01 8.15138800e-01 9.77259307e-01 9.87229966e-01 9.89643847e-01 9.89734076e-01 3.65717841e-18 2.43815653e-18 1.40808814e-06 3.39725510e-07 3.39725510e-07 3.56292512e-03 3.56292512e-03 2.44143653e-04 6.23827007e-18 1.60970414e-03 1.29224784e-02 1.01449541e-02 3.71369252e-03 2.78992394e-03 2.51396473e-03 2.50304600e-03
7.25225225e-02 -2.06697975e+01 -2.06697975e+01 -2.50725141e-02 -6.80088465e-03 -6.80087342e-03 7.13254574e+01 7.13254574e+01 1.03868180e+02 1.73372523e+02 2.06828355e+02 2.90658360e+02 3.24396448e+02 4.20794410e+02 5.24392740e+02 6.28708642e+02 7.33459880e+02 3.28633904e-16 4.91952301e-16 2.35755792e-05 3.73951382e-16 1.70855441e-13 2.27140551e-27 2.07875594e-16 9.99902418e-01 5.55338995e-16 9.95748180e-01 6.75004108e-01 8.15358446e-01 9.77194968e-01 9.87185585e-01 9.89603550e-01 9.89686922e-01 8.21298404e-18 4.18128279e-18 1.40808814e-06 3.39725510e-07 3.39725510e-07 3.56292512e-03 3.56292512e-03 2.44658622e-04 4.03023917e-18 1.61329046e-03 1.29216851e-02 1.01395387e-02 3.71888179e-03 2.79473661e-03 2.51882554e-03 2.50875826e-03
7.26726727e-02 -2.06697975e+01 -2.06697975e+01 -2.50725139e-02 -6.80089760e-03 -6.80088519e-03 7.13254574e+01 7.13254574e+01 1.03867843e+02 1.73372523e+02 2.06823722e+02 2.90608854e+02 3.24413515e+02 4.20812125e+02 5.24410623e+02 6.28728961e+02 7.33485440e+02 5.10011893e-16 3.72780918e-16 2.36243899e-05 1.25912897e-13 2.65144664e-16 2.00962289e-23 1.28442521e-16 9.99902007e-01 6.58207864e-16 9.95729207e-01 6.75054038e-01 8.15577925e-01 9.77130689e-01 9.87141180e-01 9.89563196e-01 9.89639633e-01 4.17833455e-19 5.64938848e-18 1.40808814e-06 3.39725510e-07 3.39725510e-07 3.56292512e-03 3.56292512e-03 2.45173644e-04 1.30862227e-17 1.61687828e-03 1.29208851e-02 1.01341232e-02 3.72405863e-03 2.79954338e-03 2.52368361e-03 2.51447353e-03
7.28228228e-02 -2.06697975e+01 -2.06697975e+01 -2.50725138e-02 -6.80088684e-03 -6.80088519e-03 7.13254574e+01 7.13254574e+01 1.03867506e+02 1.73372523e+02 2.06819078e+02 2.90559337e+02 3.24430551e+02 4.20829856e+02 5.24428531e+02 6.28749318e+02 7.33511065e+02 4.37208196e-16 4.70462634e-16 2.36732007e-05 1.26280592e-13 1.68392349e-15 2.01562972e-23 2.38878054e-16 9.99901595e-01 1.17352140e-15 9.95710184e-01 6.75104381e-01 8.15797238e-01 9.77066471e-01 9.87096751e-01 9.89522786e-01 9.89592209e-01 2.50238953e-18 3.37108236e-18 1.40808814e-06 3.39725510e-07 3.39725510e-07 3.56292512e-03 3.56292512e-03 2.45688719e-04 1.10297851e-17 1.62046759e-03 1.29200783e-02 1.01287074e-02 3.72922303e-03 2.80434422e-03 2.52853894e-03 2.52019181e-03
7.29729730e-02 -2.06697975e+01 -2.06697975e+01 -2.50725141e-02 -6.80090438e-03 -6.80090067e-03 7.13254574e+01 7.13254574e+01 1.03867167e+02 1.73372523e+02 2.06814423e+02 2.90509808e+02 3.24447556e+02 4.20847602e+02 5.24446465e+02 6.28769712e+02 7.33536754e+02 6.00575376e-16 2.99210034e-16 2.37220114e-05 7.86372900e-16 1.26478460e-13 2.38560458e-16 2.01722874e-23 9.99901182e-01 3.68084457e-16 9.95691110e-01 6.75155137e-01 8.16016384e-01 9.77002315e-01 9.87052300e-01 9.89482319e-01 9.89544650e-01 5.06648774e-18 1.07137550e-18 1.40808814e-06 3.39725510e-07 3.39725510e-07 3.56292512e-03 3.56292512e-03 2.46203847e-04 1.00294312e-17 1.62405841e-03 1.29192647e-02 1.01232914e-02 3.73437501e-03 2.80913913e-03 2.53339152e-03 2.52591311e-03
7.31231231e-02 -2.06697975e+01 -2.06697975e+01 -2.50725138e-02 -6.80089349e-03 -6.80089331e-03 7.13254574e+01 7.13254574e+01 1.03866829e+02 1.73372523e+02 2.06809757e+02 2.90460268e+02 3.24464531e+02 4.20865363e+02 5.24464424e+02 6.28790143e+02 7.33562508e+02 3.13691771e-16 6.19827730e-16 2.37708221e-05 1.25863469e-13 1.49954059e-14 2.43444026e-16 2.01883023e-23 9.99900768e-01 5.33535066e-16 9.95671985e-01 6.75206306e-01 8.16235361e-01 9.76938222e-01 9.87007825e-01 9.89441797e-01 9.89496956e-01 2.91382688e-18 3.24224206e-18 1.40808814e-06 3.39725510e-07 3.39725510e-07 3.56292512e-03 3.56292512e-03 2.46719028e-04 4.53383584e-18 1.62765073e-03 1.29184445e-02 1.01178752e-02 3.73951455e-03 2.81392810e-03 2.53824133e-03 2.53163743e-03
7.32732733e-02 -2.06697975e+01 -2.06697975e+01 -2.50725135e-02 -6.80090216e-03 -6.80088157e-03 7.13254574e+01 7.13254574e+01 1.03866489e+02 1.73372523e+02 2.06805080e+02 2.90410717e+02 3.24481476e+02 4.20883139e+02 5.24482410e+02 6.28810611e+02 7.33588328e+02 3.43865606e-16 3.83389385e-16 2.38196328e-05 1.77543681e-16 1.26971687e-13 9.07742121e-17 2.02043418e-23 9.99900353e-01 5.80145020e-16 9.95652810e-01 6.75257886e-01 8.16454171e-01 9.76874191e-01 9.86963328e-01 9.89401218e-01 9.89449127e-01 1.09494520e-17 3.55540599e-18 1.40808814e-06 3.39725510e-07 3.39725510e-07 3.56292512e-03 3.56292512e-03 2.47234263e-04 1.17944439e-17 1.63124456e-03 1.29176175e-02 1.01124588e-02 3.74464166e-03 2.81871112e-03 2.54308836e-03 2.53736478e-03
7.34234234e-02 -2.06697975e+01 -2.06697975e+01 -2.50725140e-02 -6.80091323e-03 -6.80089977e-03 7.13254574e+01 7.13254574e+01 1.03866149e+02 1.73372523e+02 2.06800391e+02 2.90361155e+02 3.24498389e+02 4.20900930e+02 5.24500420e+02 6.28831117e+02 7.33614212e+02 5.06028570e-16 2.84838295e-16 2.38684436e-05 2.19786435e-16 1.27305093e-13 2.02204060e-23 1.56796351e-16 9.99899937e-01 6.12947712e-16 9.95633584e-01 6.75309876e-01 8.16672811e-01 9.76810224e-01 9.86918810e-01 9.89360584e-01 9.89401161e-01 5.28588691e-19 1.37288723e-18 1.40808814e-06 3.39725510e-07 3.39725510e-07 3.56292512e-03 3.56292512e-03 2.47749551e-04 1.80175693e-17 1.63483990e-03 1.29167839e-02 1.01070422e-02 3.74975634e-03 2.82348818e-03 2.54793261e-03 2.54309516e-03
7.35735736e-02 -2.06697975e+01 -2.06697975e+01 -2.50725140e-02 -6.80089399e-03 -6.80089221e-03 7.13254574e+01 7.13254574e+01 1.03865808e+02 1.73372523e+02 2.06795690e+02 2.90311583e+02 3.24515272e+02 4.20918735e+02 5.24518456e+02 6.28851660e+02 7.33640162e+02 2.69796132e-16 1.15866771e-15 2.39172543e-05 1.73311431e-13 2.14713148e-15 2.02666430e-23 2.36345314e-16 9.99899520e-01 3.92734803e-16 9.95614307e-01 6.75362277e-01 8.16891282e-01 9.76746321e-01 9.86874269e-01 9.89319894e-01 9.89353060e-01 4.16056572e-18 1.06327109e-17 1.40808814e-06 3.39725510e-07 3.39725510e-07 3.56292512e-03 3.56292512e-03 2.48264892e-04 1.34079369e-17 1.63843675e-03 1.29159435e-02 1.01016255e-02 3.75485860e-03 2.82825927e-03 2.55277407e-03 2.54882856e-03
7.37237237e-02 -2.06697975e+01 -2.06697975e+01 -2.50725140e-02 -6.80089177e-03 -6.80086970e-03 7.13254574e+01 7.13254574e+01 1.03865466e+02 1.73372523e+02 2.06790979e+02 2.90261999e+02 3.24532125e+02 4.20936555e+02 5.24536517e+02 6.28872240e+02 7.33666177e+02 4.24419402e-16 1.04109623e-15 2.39660650e-05 1.73723943e-13 1.59978168e-16 2.02828299e-23 9.79492897e-17 9.99899103e-01 3.19032791e-16 9.95594980e-01 6.75415088e-01 8.17109583e-01 9.76682483e-01 9.86829708e-01 9.89279149e-01 9.89304822e-01 5.18312339e-18 3.58448756e-18 1.40808814e-06 3.39725510e-07 3.39725510e-07 3.56292512e-03 3.56292512e-03 2.48780287e-04 1.49910671e-17 1.64203511e-03 1.29150965e-02 1.00962086e-02 3.75994844e-03 2.83302438e-03 2.55761272e-03 2.55456501e-03
7.38738739e-02 -2.06697975e+01 -2.06697975e+01 -2.50725132e-02 -6.80089224e-03 -6.80088831e-03 7.13254574e+01 7.13254574e+01 1.03865124e+02 1.73372523e+02 2.06786256e+02 2.90212404e+02 3.24548947e+02 4.20954390e+02 5.24554604e+02 6.28892857e+02 7.33692257e+02 1.26455035e-16 5.14953317e-16 2.40148757e-05 9.23828752e-16 1.74034631e-13 2.29429254e-27 3.14918823e-16 9.99898684e-01 4.32578690e-16 9.95575601e-01 6.75468307e-01 8.17327714e-01 9.76618710e-01 9.86785125e-01 9.89238349e-01 9.89256448e-01 1.81856247e-18 1.77720898e-18 1.40808814e-06 3.39725510e-07 3.39725510e-07 3.56292512e-03 3.56292512e-03 2.49295736e-04 4.69850949e-19 1.64563499e-03 1.29142428e-02 1.00907916e-02 3.76502585e-03 2.83778349e-03 2.56244855e-03 2.56030449e-03
7.40240240e-02 -2.06697975e+01 -2.06697975e+01 -2.50725143e-02 -6.80089264e-03 -6.80088483e-03 7.13254574e+01 7.13254574e+01 1.03864780e+02 1.73372523e+02 2.06781522e+02 2.90162799e+02 3.24565739e+02 4.20972239e+02 5.24572716e+02 6.28913511e+02 7.33718402e+02 2.19013022e-16 5.63479911e-16 2.40636864e-05 1.74463477e-13 4.60610580e-16 2.03152787e-23 2.21901671e-16 9.99898265e-01 5.38594638e-16 9.95556171e-01 6.75521934e-01 8.17545673e-01 9.76555004e-01 9.86740522e-01 9.89197494e-01 9.89207937e-01 1.76832515e-18 3.30049125e-19 1.40808814e-06 3.39725510e-07 3.39725510e-07 3.56292512e-03 3.56292512e-03 2.49811239e-04 2.08924784e-17 1.64923639e-03 1.29133824e-02 1.00853745e-02 3.77009084e-03 2.84253661e-03 2.56728155e-03 2.56604701e-03
7.41741742e-02 -2.06697975e+01 -2.06697975e+01 -2.50725149e-02 -6.80090908e-03 -6.80090351e-03 7.13254574e+01 7.13254574e+01 1.03864436e+02 1.73372523e+02 2.06776776e+02 2.90113183e+02 3.24582500e+02 4.20990102e+02 5.24590852e+02 6.28934202e+02 7.33744613e+02 5.43942605e-16 6.26648165e-16 2.41124972e-05 4.38752632e-16 8.50453793e-14 1.55525187e-16 2.29950111e-27 9.99897844e-01 7.00232092e-16 9.95536690e-01 6.75575969e-01 8.17763462e-01 9.76491364e-01 9.86695899e-01 9.89156584e-01 9.89159289e-01 5.76528928e-18 5.90077835e-18 1.40808814e-06 3.39725510e-07 3.39725510e-07 3.56292512e-03 3.56292512e-03 2.50326796e-04 1.62828459e-17 1.65283932e-03 1.29125153e-02 1.00799573e-02 3.77514342e-03 2.84728372e-03 2.57211171e-03 2.57179258e-03
7.43243243e-02 -2.06697975e+01 -2.06697975e+01 -2.50725131e-02 -6.80089970e-03 -6.80089965e-03 7.13254574e+01 7.13254574e+01 1.03864092e+02 1.73372523e+02 2.06772019e+02 2.90063557e+02 3.24599231e+02 4.21007979e+02 5.24609014e+02 6.28954930e+02 7.33770890e+02 2.19106719e-16 7.93731599e-16 2.41613079e-05 2.44822243e-14 3.02215988e-14 2.30435525e-27 2.20377918e-16 9.99897423e-01 5.95579360e-16 9.95517159e-01 6.75630410e-01 8.17981078e-01 9.76427792e-01 9.86651256e-01 9.89115620e-01 9.89110505e-01 3.83671889e-18 5.12443551e-19 1.40808814e-06 3.39725510e-07 3.39725510e-07 3.56292512e-03 3.56292512e-03 2.50842406e-04 2.57631730e-17 1.65644376e-03 1.29116416e-02 1.00745401e-02 3.78018358e-03 2.85202482e-03 2.57693902e-03 2.57754120e-03
7.44744745e-02 -2.06697975e+01 -2.06697975e+01 -2.50725151e-02 -6.80090124e-03 -6.80088974e-03 7.13254574e+01 7.13254574e+01 1.03863746e+02 1.73372523e+02 2.06767251e+02 2.90013920e+02 3.24615932e+02 4.21025870e+02 5.24627201e+02 6.28975695e+02 7.33797232e+02 3.13762123e-16 4.82366630e-16 2.42101186e-05 1.38678367e-16 3.89100693e-14 2.30596733e-27 1.59807513e-16 9.99897001e-01 5.73809243e-16 9.95497575e-01 6.75685258e-01 8.18198523e-01 9.76364287e-01 9.86606594e-01 9.89074602e-01 9.89061582e-01 4.91119698e-19 4.24647018e-18 1.40808814e-06 3.39725510e-07 3.39725510e-07 3.56292512e-03 3.56292512e-03 2.51358071e-04 3.54524359e-18 1.66004974e-03 1.29107612e-02 1.00691227e-02 3.78521133e-03 2.85675988e-03 2.58176348e-03 2.58329288e-03
7.46246246e-02 -2.06697975e+01 -2.06697975e+01 -2.50725138e-02 -6.80089405e-03 -6.80089092e-03 7.13254574e+01 7.13254574e+01 1.03863400e+02 1.73372523e+02 2.06762471e+02 2.89964272e+02 3.24632603e+02 4.21043776e+02 5.24645413e+02 6.28996497e+02 7.33823640e+02 4.88094527e-16 3.21448341e-16 2.42589293e-05 2.28123131e-16 3.90252162e-14 2.81022905e-16 2.30729595e-27 9.99896578e-01 8.37356488e-16 9.95477941e-01 6.75740511e-01 8.18415794e-01 9.76300851e-01 9.86561912e-01 9.89033530e-01 9.89012523e-01 3.98883028e-18 2.19687984e-19 1.40808814e-06 3.39725510e-07 3.39725510e-07 3.56292512e-03 3.56292512e-03 2.51873791e-04 6.21444228e-19 1.66365724e-03 1.29098742e-02 1.00637054e-02 3.79022667e-03 2.86148891e-03 2.58658506e-03 2.58904760e-03
7.47747748e-02 -2.06697975e+01 -2.06697975e+01 -2.50725140e-02 -6.80089606e-03 -6.80088698e-03 7.13254574e+01 7.13254574e+01 1.03863054e+02 1.73372523e+02 2.06757680e+02 2.89914615e+02 3.24649243e+02 4.21061695e+02 5.24663650e+02 6.29017336e+02 7.33850113e+02 6.81245279e-16 5.35508040e-16 2.43077401e-05 8.97858345e-17 3.90858039e-14 1.34239116e-16 2.50081222e-27 9.99896154e-01 7.76495848e-16 9.95458255e-01 6.75796168e-01 8.18632892e-01 9.76237484e-01 9.86517212e-01 9.88992404e-01 9.88963325e-01 1.05489011e-18 1.21508639e-18 1.40808814e-06 3.39725510e-07 3.39725510e-07 3.56292512e-03 3.56292512e-03 2.52389565e-04 1.65859589e-17 1.66726628e-03 1.29089806e-02 1.00582880e-02 3.79522961e-03 2.86621189e-03 2.59140376e-03 2.59480539e-03
7.49249249e-02 -2.06697975e+01 -2.06697975e+01 -2.50725147e-02 -6.80090156e-03 -6.80089769e-03 7.13254574e+01 7.13254574e+01 1.03862706e+02 1.73372523e+02 2.06752877e+02 2.89864947e+02 3.24665854e+02 4.21079628e+02 5.24681911e+02 6.29038211e+02 7.33876652e+02 7.58511072e-16 5.41934216e-16 2.43565508e-05 1.51974080e-15 2.54911467e-13 2.31762497e-27 9.10996849e-17 9.99895729e-01 4.41578845e-16 9.95438518e-01 6.75852230e-01 8.18849816e-01 9.76174187e-01 9.86472494e-01 9.88951225e-01 9.88913990e-01 3.34013524e-18 1.89568703e-18 1.40808814e-06 3.39725510e-07 3.39725510e-07 3.56292512e-03 3.56292512e-03 2.52905393e-04 1.65892684e-18 1.67087685e-03 1.29080803e-02 1.00528705e-02 3.80022013e-03 2.87092881e-03 2.59621957e-03 2.60056624e-03
7.50750751e-02 -2.06697975e+01 -2.06697975e+01 -2.50725133e-02 -6.80089038e-03 -6.80087813e-03 7.13254574e+01 7.13254574e+01 1.03862358e+02 1.73372523e+02 2.06748063e+02 2.89815269e+02 3.24682434e+02 4.21097575e+02 5.24700197e+02 6.29059123e+02 7.33903258e+02 2.83637944e-16 2.16448907e-16 2.44053615e-05 5.37536014e-16 2.55517820e-13 1.45521825e-16 2.31897182e-27 9.99895303e-01 2.79063020e-16 9.95418729e-01 6.75908695e-01 8.19066566e-01 9.76110960e-01 9.86427758e-01 9.88909992e-01 9.88864516e-01 6.50500497e-19 1.39660039e-18 1.40808814e-06 3.39725510e-07 3.39725510e-07 3.56292512e-03 3.56292512e-03 2.53421276e-04 3.54524359e-18 1.67448896e-03 1.29071735e-02 1.00474531e-02 3.80519826e-03 2.87563967e-03 2.60103247e-03 2.60633016e-03
7.52252252e-02 -2.06697975e+01 -2.06697975e+01 -2.50725130e-02 -6.80090477e-03 -6.80090127e-03 7.13254574e+01 7.13254574e+01 1.03862009e+02 1.73372523e+02 2.06743237e+02 2.89765581e+02 3.24698984e+02 4.21115536e+02 5.24718508e+02 6.29080072e+02 7.33929929e+02 2.41660354e-16 2.40564365e-16 2.44541722e-05 1.81587510e-15 3.02871761e-13 2.05387138e-23 2.34614584e-16 9.99894876e-01 3.29890324e-16 9.95398889e-01 6.75965562e-01 8.19283142e-01 9.76047805e-01 9.86383004e-01 9.88868706e-01 9.88814904e-01 5.42863623e-18 2.12747658e-18 1.40808814e-06 3.39725510e-07 3.39725510e-07 3.56292512e-03 3.56292512e-03 2.53937214e-04 7.79111102e-18 1.67810261e-03 1.29062600e-02 1.00420357e-02 3.81016398e-03 2.88034445e-03 2.60584246e-03 2.61209715e-03
7.53753754e-02 -2.06697975e+01 -2.06697975e+01 -2.50725145e-02 -6.80090284e-03 -6.80088644e-03 7.13254574e+01 7.13254574e+01 1.03861659e+02 1.73372523e+02 2.06738400e+02 2.89715882e+02 3.24715505e+02 4.21133510e+02 5.24736843e+02 6.29101058e+02 7.33956666e+02 1.39770815e-15 3.22246588e-16 2.45029830e-05 3.03564053e-13 4.05132809e-16 2.31929396e-27 1.82987352e-16 9.99894448e-01 2.12970840e-16 9.95378996e-01 6.76022832e-01 8.19499542e-01 9.75984720e-01 9.86338233e-01 9.88827368e-01 9.88765153e-01 3.92923016e-18 2.48766385e-18 1.40808814e-06 3.39725510e-07 3.39725510e-07 3.56292512e-03 3.56292512e-03 2.54453207e-04 2.67788185e-18 1.68171781e-03 1.29053399e-02 1.00366183e-02 3.81511731e-03 2.88504314e-03 2.61064953e-03 2.61786721e-03
7.55255255e-02 -2.06697975e+01 -2.06697975e+01 -2.50725137e-02 -6.80090400e-03 -6.80089073e-03 7.13254574e+01 7.13254574e+01 1.03861309e+02 1.73372523e+02 2.06733552e+02 2.89666174e+02 3.24731995e+02 4.21151498e+02 5.24755203e+02 6.29122080e+02 7.33983469e+02 3.15665272e-16 4.88551562e-16 2.45517937e-05 4.11518037e-16 2.56991629e-13 2.10017927e-16 2.32423737e-27 9.99894020e-01 6.19572912e-16 9.95359053e-01 6.76080502e-01 8.19715766e-01 9.75921708e-01 9.86293446e-01 9.88785977e-01 9.88715263e-01 3.21294014e-18 1.03073811e-18 1.40808814e-06 3.39725510e-07 3.39725510e-07 3.56292512e-03 3.56292512e-03 2.54969254e-04 1.38610304e-18 1.68533454e-03 1.29044132e-02 1.00312010e-02 3.82005825e-03 2.88973575e-03 2.61545366e-03 2.62364035e-03
7.56756757e-02 -2.06697975e+01 -2.06697975e+01 -2.50725137e-02 -6.80091275e-03 -6.80088476e-03 7.13254574e+01 7.13254574e+01 1.03860958e+02 1.73372523e+02 2.06728692e+02 2.89616456e+02 3.24748455e+02 4.21169498e+02 5.24773588e+02 6.29143139e+02 7.34010339e+02 3.38885400e-16 5.60576799e-16 2.46006044e-05 2.67803036e-16 3.04756987e-13 2.32198141e-27 1.68509459e-16 9.99893590e-01 6.36266432e-16 9.95339057e-01 6.76138574e-01 8.19931815e-01 9.75858769e-01 9.86248642e-01 9.88744533e-01 9.88665234e-01 6.65470990e-18 7.34786189e-18 1.40808814e-06 3.39725510e-07 3.39725510e-07 3.56292512e-03 3.56292512e-03 2.55485357e-04 2.52628857e-18 1.68895283e-03 1.29034800e-02 1.00257837e-02 3.82498680e-03 2.89442224e-03 2.62025484e-03 2.62941656e-03
7.58258258e-02 -2.06697975e+01 -2.06697975e+01 -2.50725136e-02 -6.80089251e-03 -6.80089220e-03 7.13254574e+01 7.13254574e+01 1.03860606e+02 1.73372523e+02 2.06723820e+02 2.89566729e+02 3.24764886e+02 4.21187513e+02 5.24791996e+02 6.29164235e+02 7.34037275e+02 1.46667081e-16 2.26429362e-16 2.46494151e-05 2.15694757e-14 3.04505326e-13 2.32332652e-27 1.78837449e-16 9.99893160e-01 2.10724614e-16 9.95319010e-01 6.76197045e-01 8.20147686e-01 9.75795902e-01 9.86203822e-01 9.88703038e-01 9.88615066e-01 2.31422200e-18 9.26149795e-18 1.40808814e-06 3.39725510e-07 3.39725510e-07 3.56292512e-03 3.56292512e-03 2.56001515e-04 7.91565098e-19 1.69257266e-03 1.29025401e-02 1.00203666e-02 3.82990296e-03 2.89910263e-03 2.62505307e-03 2.63519586e-03
7.59759760e-02 -2.06697975e+01 -2.06697975e+01 -2.50725139e-02 -6.80088907e-03 -6.80087945e-03 7.13254574e+01 7.13254574e+01 1.03860253e+02 1.73372523e+02 2.06718937e+02 2.89516991e+02 3.24781287e+02 4.21205540e+02 5.24810429e+02 6.29185367e+02 7.34064277e+02 3.85574431e-16 7.28770774e-16 2.46982258e-05 2.58520922e-13 5.64614978e-16 2.32829589e-27 4.01153403e-16 9.99892729e-01 2.93994610e-16 9.95298910e-01 6.76255915e-01 8.20363381e-01 9.75733110e-01 9.86158986e-01 9.88661490e-01 9.88564758e-01 4.12768155e-19 3.18169074e-18 1.40808814e-06 3.39725510e-07 3.39725510e-07 3.56292512e-03 3.56292512e-03 2.56517729e-04 5.78356375e-18 1.69619405e-03 1.29015938e-02 1.00149495e-02 3.83480673e-03 2.90377689e-03 2.62984832e-03 2.64097825e-03
7.61261261e-02 -2.06697975e+01 -2.06697975e+01 -2.50725133e-02 -6.80090331e-03 -6.80089304e-03 7.13254574e+01 7.13254574e+01 1.03859900e+02 1.73372523e+02 2.06714043e+02 2.89467244e+02 3.24797658e+02 4.21223580e+02 5.24828887e+02 6.29206535e+02 7.34091345e+02 4.59913334e-16 6.82288632e-16 2.47470366e-05 2.58987147e-13 5.61688735e-16 9.58787364e-17 2.32965058e-27 9.99892296e-01 4.74436486e-16 9.95278759e-01 6.76315183e-01 8.20578898e-01 9.75670392e-01 9.86114135e-01 9.88619891e-01 9.88514311e-01 5.15823819e-18 7.96454012e-18 1.40808814e-06 3.39725510e-07 3.39725510e-07 3.56292512e-03 3.56292512e-03 2.57033998e-04 2.79911237e-18 1.69981699e-03 1.29006408e-02 1.00095325e-02 3.83969813e-03 2.90844503e-03 2.63464060e-03 2.64676372e-03
7.62762763e-02 -2.06697975e+01 -2.06697975e+01 -2.50725151e-02 -6.80089522e-03 -6.80088707e-03 7.13254574e+01 7.13254574e+01 1.03859546e+02 1.73372523e+02 2.06709137e+02 2.89417488e+02 3.24813999e+02 4.21241634e+02 5.24847368e+02 6.29227740e+02 7.34118480e+02 3.41393505e-16 2.98250266e-16 2.47958473e-05 2.59554119e-13 6.66155376e-16 9.34784461e-17 2.06877576e-23 9.99891863e-01 8.53745957e-16 9.95258555e-01 6.76374850e-01 8.20794238e-01 9.75607749e-01 9.86069268e-01 9.88578240e-01 9.88463723e-01 5.42889437e-18 1.22584901e-19 1.40808814e-06 3.39725510e-07 3.39725510e-07 3.56292512e-03 3.56292512e-03 2.57550322e-04 9.46518248e-18 1.70344149e-03 1.28996813e-02 1.00041156e-02 3.84457715e-03 2.91310702e-03 2.63942989e-03 2.65255229e-03
7.64264264e-02 -2.06697975e+01 -2.06697975e+01 -2.50725135e-02 -6.80089886e-03 -6.80088230e-03 7.13254574e+01 7.13254574e+01 1.03859191e+02 1.73372523e+02 2.06704219e+02 2.89367722e+02 3.24830311e+02 4.21259700e+02 5.24865874e+02 6.29248982e+02 7.34145682e+02 4.93183596e-16 3.76508518e-16 2.48446580e-05 4.15364708e-16 3.07761824e-13 9.56865108e-17 2.11332307e-23 9.99891429e-01 3.94168243e-16 9.95238299e-01 6.76434913e-01 8.21009399e-01 9.75545182e-01 9.86024388e-01 9.88536538e-01 9.88412995e-01 3.33620747e-19 1.67593243e-17 1.40808814e-06 3.39725510e-07 3.39725510e-07 3.56292512e-03 3.56292512e-03 2.58066702e-04 1.29346294e-17 1.70706755e-03 1.28987152e-02 9.99869884e-03 3.84944380e-03 2.91776286e-03 2.64421618e-03 2.65834395e-03
7.65765766e-02 -2.06697975e+01 -2.06697975e+01 -2.50725126e-02 -6.80089921e-03 -6.80088902e-03 7.13254574e+01 7.13254574e+01 1.03858836e+02 1.73372523e+02 2.06699290e+02 2.89317946e+02 3.24846593e+02 4.21277779e+02 5.24884403e+02 6.29270259e+02 7.34172950e+02 3.15767641e-16 8.40022729e-16 2.48934687e-05 5.72229725e-16 2.60558270e-13 2.11818714e-23 1.62873061e-16 9.99890994e-01 2.57499333e-16 9.95217991e-01 6.76495373e-01 8.21224381e-01 9.75482691e-01 9.85979493e-01 9.88494786e-01 9.88362127e-01 2.79277818e-18 6.93715044e-19 1.40808814e-06 3.39725510e-07 3.39725510e-07 3.56292512e-03 3.56292512e-03 2.58583138e-04 9.46518248e-18 1.71069518e-03 1.28977427e-02 9.99328224e-03 3.85429807e-03 2.92241254e-03 2.64899945e-03 2.66413871e-03
7.67267267e-02 -2.06697975e+01 -2.06697975e+01 -2.50725136e-02 -6.80089705e-03 -6.80089425e-03 7.13254574e+01 7.13254574e+01 1.03858479e+02 1.73372523e+02 2.06694350e+02 2.89268162e+02 3.24862845e+02 4.21295871e+02 5.24902957e+02 6.29291573e+02 7.34200285e+02 3.46417208e-16 3.97193720e-16 2.49422795e-05 2.00792005e-15 2.61051911e-13 9.26797175e-17 2.16597677e-23 9.99890558e-01 3.84041825e-16 9.95197631e-01 6.76556229e-01 8.21439184e-01 9.75420276e-01 9.85934584e-01 9.88452982e-01 9.88311118e-01 3.09556446e-18 2.31633071e-18 1.40808814e-06 3.39725510e-07 3.39725510e-07 3.56292512e-03 3.56292512e-03 2.59099630e-04 9.73800627e-18 1.71432436e-03 1.28967635e-02 9.98786582e-03 3.85913998e-03 2.92705605e-03 2.65377971e-03 2.66993657e-03
7.68768769e-02 -2.06697975e+01 -2.06697975e+01 -2.50725137e-02 -6.80088915e-03 -6.80087342e-03 7.13254574e+01 7.13254574e+01 1.03858122e+02 1.73372523e+02 2.06689398e+02 2.89218368e+02 3.24879068e+02 4.21313975e+02 5.24921534e+02 6.29312923e+02 7.34227687e+02 3.60953770e-16 9.95042956e-16 2.49910902e-05 2.13680998e-13 2.77534238e-16 2.43266803e-27 1.77493768e-16 9.99890121e-01 3.77914391e-16 9.95177218e-01 6.76617479e-01 8.21653807e-01 9.75357939e-01 9.85889662e-01 9.88411128e-01 9.88259968e-01 4.69554611e-18 2.21770950e-18 1.40808814e-06 3.39725510e-07 3.39725510e-07 3.56292512e-03 3.56292512e-03 2.59616178e-04 3.66647411e-18 1.71795512e-03 1.28957779e-02 9.98244957e-03 3.86396953e-03 2.93169339e-03 2.65855692e-03 2.67573754e-03
7.70270270e-02 -2.06697975e+01 -2.06697975e+01 -2.50725139e-02 -6.80089740e-03 -6.80088727e-03 7.13254574e+01 7.13254574e+01 1.03857765e+02 1.73372523e+02 2.06684434e+02 2.89168565e+02 3.24895262e+02 4.21332092e+02 5.24940136e+02 6.29334310e+02 7.34255156e+02 6.10110355e-16 4.68893192e-16 2.50399009e-05 5.65628117e-16 2.62084143e-13 2.35145323e-16 2.16942961e-23 9.99889684e-01 3.10781932e-16 9.95156753e-01 6.76679124e-01 8.21868250e-01 9.75295680e-01 9.85844727e-01 9.88369223e-01 9.88208677e-01 6.34568137e-18 3.12901788e-18 1.40808814e-06 3.39725510e-07 3.39725510e-07 3.56292512e-03 3.56292512e-03 2.60132782e-04 8.87064453e-18 1.72158745e-03 1.28947858e-02 9.97703351e-03 3.86878673e-03 2.93632454e-03 2.66333110e-03 2.68154161e-03
7.71771772e-02 -2.06697975e+01 -2.06697975e+01 -2.50725143e-02 -6.80089612e-03 -6.80088827e-03 7.13254574e+01 7.13254574e+01 1.03857406e+02 1.73372523e+02 2.06679458e+02 2.89118753e+02 3.24911426e+02 4.21350221e+02 5.24958761e+02 6.29355733e+02 7.34282692e+02 2.95429215e-16 1.04266366e-15 2.50887116e-05 7.32928532e-16 2.62569453e-13 2.43173461e-27 3.15391224e-16 9.99889245e-01 2.69090445e-16 9.95136235e-01 6.76741163e-01 8.22082513e-01 9.75233499e-01 9.85799779e-01 9.88327269e-01 9.88157244e-01 5.02711046e-18 4.50948694e-18 1.40808814e-06 3.39725510e-07 3.39725510e-07 3.56292512e-03 3.56292512e-03 2.60649443e-04 1.05750788e-17 1.72522134e-03 1.28937871e-02 9.97161767e-03 3.87359156e-03 2.94094949e-03 2.66810221e-03 2.68734879e-03
7.73273273e-02 -2.06697975e+01 -2.06697975e+01 -2.50725154e-02 -6.80089211e-03 -6.80088864e-03 7.13254574e+01 7.13254574e+01 1.03857047e+02 1.73372523e+02 2.06674471e+02 2.89068932e+02 3.24927560e+02 4.21368363e+02 5.24977410e+02 6.29377192e+02 7.34310294e+02 1.10322122e-15 8.50093687e-16 2.51375223e-05 1.39610364e-15 2.14876261e-13 2.43678385e-27 1.95095594e-16 9.99888805e-01 8.37460460e-16 9.95115665e-01 6.76803594e-01 8.22296594e-01 9.75171398e-01 9.85754818e-01 9.88285264e-01 9.88105670e-01 1.73842957e-18 1.55912128e-17 1.40808814e-06 3.39725510e-07 3.39725510e-07 3.56292512e-03 3.56292512e-03 2.61166159e-04 3.99994992e-18 1.72885682e-03 1.28927820e-02 9.96620205e-03 3.87838405e-03 2.94556824e-03 2.67287026e-03 2.69315909e-03
7.74774775e-02 -2.06697975e+01 -2.06697975e+01 -2.50725134e-02 -6.80089854e-03 -6.80088540e-03 7.13254574e+01 7.13254574e+01 1.03856687e+02 1.73372523e+02 2.06669473e+02 2.89019102e+02 3.24943666e+02 4.21386516e+02 5.24996082e+02 6.29398687e+02 7.34337964e+02 1.39337695e-15 9.21200582e-16 2.51863331e-05 3.62829112e-16 2.63643047e-13 2.43446583e-27 1.69364833e-16 9.99888365e-01 3.41144445e-16 9.95095042e-01 6.76866418e-01 8.22510495e-01 9.75109375e-01 9.85709846e-01 9.88243210e-01 9.88053954e-01 6.93259099e-19 1.55167957e-19 1.40808814e-06 3.39725510e-07 3.39725510e-07 3.56292512e-03 3.56292512e-03 2.61682932e-04 2.52628857e-18 1.73249387e-03 1.28917704e-02 9.96078667e-03 3.88316419e-03 2.95018078e-03 2.67763524e-03 2.69897251e-03
7.76276276e-02 -2.06697975e+01 -2.06697975e+01 -2.50725157e-02 -6.80088593e-03 -6.80088550e-03 7.13254574e+01 7.13254574e+01 1.03856327e+02 1.73372523e+02 2.06664463e+02 2.88969263e+02 3.24959742e+02 4.21404682e+02 5.25014778e+02 6.29420218e+02 7.34365701e+02 8.04355534e-16 6.07227406e-16 2.52351438e-05 1.32042189e-14 2.63731312e-13 1.60723470e-16 2.43583286e-27 9.99887923e-01 5.60566222e-16 9.95074366e-01 6.76929633e-01 8.22724213e-01 9.75047433e-01 9.85664862e-01 9.88201107e-01 9.88002096e-01 1.70076749e-19 7.93491652e-19 1.40808814e-06 3.39725510e-07 3.39725510e-07 3.56292512e-03 3.56292512e-03 2.62199762e-04 7.88205228e-18 1.73613250e-03 1.28907522e-02 9.95537154e-03 3.88793200e-03 2.95478709e-03 2.68239712e-03 2.70478904e-03
7.77777778e-02 -2.06697975e+01 -2.06697975e+01 -2.50725152e-02 -6.80089405e-03 -6.80088659e-03 7.13254574e+01 7.13254574e+01 1.03855966e+02 1.73372523e+02 2.06659441e+02 2.88919415e+02 3.24975788e+02 4.21422860e+02 5.25033498e+02 6.29441785e+02 7.34393505e+02 7.08799982e-16 5.23843011e-16 2.52839545e-05 6.19287540e-16 2.16150278e-13 2.18729283e-16 2.18132800e-23 9.99887481e-01 2.47556039e-16 9.95053638e-01 6.76993239e-01 8.22937749e-01 9.74985572e-01 9.85619867e-01 9.88158954e-01 9.87950095e-01 6.72920561e-18 3.07363685e-18 1.40808814e-06 3.39725510e-07 3.39725510e-07 3.56292512e-03 3.56292512e-03 2.62716649e-04 1.99341753e-17 1.73977271e-03 1.28897277e-02 9.94995668e-03 3.89268746e-03 2.95938717e-03 2.68715590e-03 2.71060870e-03
7.79279279e-02 -2.06697975e+01 -2.06697975e+01 -2.50725145e-02 -6.80089910e-03 -6.80089784e-03 7.13254574e+01 7.13254574e+01 1.03855604e+02 1.73372523e+02 2.06654407e+02 2.88869559e+02 3.24991806e+02 4.21441050e+02 5.25052241e+02 6.29463388e+02 7.34421377e+02 6.65630276e-16 4.14664285e-16 2.53327652e-05 3.76223939e-15 2.16546692e-13 1.51274474e-16 2.44228493e-27 9.99887038e-01 6.52128582e-16 9.95032856e-01 6.77057236e-01 8.23151103e-01 9.74923791e-01 9.85574861e-01 9.88116753e-01 9.87897952e-01 4.29812213e-18 3.72755400e-18 1.40808814e-06 3.39725510e-07 3.39725510e-07 3.56292512e-03 3.56292512e-03 2.63233592e-04 6.68121473e-18 1.74341450e-03 1.28886966e-02 9.94454210e-03 3.89743059e-03 2.96398101e-03 2.69191157e-03 2.71643148e-03
7.80780781e-02 -2.06697975e+01 -2.06697975e+01 -2.50725145e-02 -6.80090112e-03 -6.80089093e-03 7.13254574e+01 7.13254574e+01 1.03855241e+02 1.73372523e+02 2.06649362e+02 2.88819694e+02 3.25007794e+02 4.21459252e+02 5.25071007e+02 6.29485027e+02 7.34449316e+02 4.83305600e-16 2.51116633e-16 2.53815760e-05 4.84967271e-16 2.16992365e-13 2.44366259e-27 1.25986989e-16 9.99886594e-01 4.68804902e-16 9.95012022e-01 6.77121621e-01 8.23364273e-01 9.74862093e-01 9.85529845e-01 9.88074503e-01 9.87845667e-01 1.56353534e-18 1.12441063e-18 1.40808814e-06 3.39725510e-07 3.39725510e-07 3.56292512e-03 3.56292512e-03 2.63750592e-04 7.24546343e-18 1.74705789e-03 1.28876591e-02 9.93912782e-03 3.90216140e-03 2.96856860e-03 2.69666412e-03 2.72225739e-03
7.82282282e-02 -2.06697975e+01 -2.06697975e+01 -2.50725135e-02 -6.80089749e-03 -6.80088372e-03 7.13254574e+01 7.13254574e+01 1.03854877e+02 1.73372523e+02 2.06644305e+02 2.88769821e+02 3.25023753e+02 4.21477466e+02 5.25089797e+02 6.29506701e+02 7.34477323e+02 9.57267395e-16 5.67768755e-16 2.54303867e-05 2.17361035e-13 4.17201598e-16 1.98069723e-16 2.18659058e-23 9.99886149e-01 5.61587859e-16 9.94991135e-01 6.77186396e-01 8.23577260e-01 9.74800476e-01 9.85484818e-01 9.88032204e-01 9.87793238e-01 2.83367416e-18 8.86557284e-19 1.40808814e-06 3.39725510e-07 3.39725510e-07 3.56292512e-03 3.56292512e-03 2.64267649e-04 1.04841375e-17 1.75070286e-03 1.28866152e-02 9.93371384e-03 3.90687988e-03 2.97314993e-03 2.70141353e-03 2.72808643e-03
7.83783784e-02 -2.06697975e+01 -2.06697975e+01 -2.50725147e-02 -6.80089952e-03 -6.80089399e-03 7.13254574e+01 7.13254574e+01 1.03854513e+02 1.73372523e+02 2.06639237e+02 2.88719939e+02 3.25039684e+02 4.21495691e+02 5.25108610e+02 6.29528412e+02 7.34505397e+02 2.29955794e-16 3.97314701e-16 2.54791974e-05 1.06511067e-15 2.66721382e-13 2.44268230e-27 2.20056034e-16 9.99885703e-01 3.96632032e-16 9.94970194e-01 6.77251558e-01 8.23790064e-01 9.74738943e-01 9.85439782e-01 9.87989858e-01 9.87740666e-01 8.19101680e-18 5.82948111e-19 1.40808814e-06 3.39725510e-07 3.39725510e-07 3.56292512e-03 3.56292512e-03 2.64784764e-04 5.00714327e-18 1.75434943e-03 1.28855648e-02 9.92830020e-03 3.91158604e-03 2.97772500e-03 2.70615980e-03 2.73391861e-03
7.85285285e-02 -2.06697975e+01 -2.06697975e+01 -2.50725129e-02 -6.80089728e-03 -6.80088335e-03 7.13254574e+01 7.13254574e+01 1.03854148e+02 1.73372523e+02 2.06634156e+02 2.88670049e+02 3.25055585e+02 4.21513928e+02 5.25127445e+02 6.29550159e+02 7.34533539e+02 9.08400191e-16 6.89182441e-16 2.55280081e-05 2.18212497e-13 4.26863176e-16 2.19011261e-23 1.36951634e-16 9.99885256e-01 3.86751581e-16 9.94949200e-01 6.77317108e-01 8.24002683e-01 9.74677493e-01 9.85394736e-01 9.87947463e-01 9.87687951e-01 4.02900488e-18 1.43195068e-18 1.40808814e-06 3.39725510e-07 3.39725510e-07 3.56292512e-03 3.56292512e-03 2.65301936e-04 1.03325442e-17 1.75799758e-03 1.28845080e-02 9.92288689e-03 3.91627989e-03 2.98229379e-03 2.71090291e-03 2.73975392e-03
7.86786787e-02 -2.06697975e+01 -2.06697975e+01 -2.50725140e-02 -6.80089829e-03 -6.80089491e-03 7.13254574e+01 7.13254574e+01 1.03853783e+02 1.73372523e+02 2.06629064e+02 2.88620150e+02 3.25071457e+02 4.21532176e+02 5.25146305e+02 6.29571941e+02 7.34561748e+02 2.26800619e-16 4.56364191e-16 2.55768189e-05 1.37271576e-15 2.18621625e-13 2.44918279e-27 2.22594391e-16 9.99884808e-01 5.22663249e-16 9.94928153e-01 6.77383045e-01 8.24215117e-01 9.74616126e-01 9.85349681e-01 9.87905021e-01 9.87635092e-01 9.97644734e-18 1.46076113e-18 1.40808814e-06 3.39725510e-07 3.39725510e-07 3.56292512e-03 3.56292512e-03 2.65819165e-04 2.52628857e-18 1.76164734e-03 1.28834447e-02 9.91747394e-03 3.92096143e-03 2.98685629e-03 2.71564285e-03 2.74559237e-03
7.88288288e-02 -2.06697975e+01 -2.06697975e+01 -2.50725124e-02 -6.80090069e-03 -6.80089689e-03 7.13254574e+01 7.13254574e+01 1.03853416e+02 1.73372523e+02 2.06623961e+02 2.88570244e+02 3.25087300e+02 4.21550436e+02 5.25165187e+02 6.29593759e+02 7.34590025e+02 6.88202292e-16 6.74141902e-16 2.56256296e-05 1.50877834e-15 2.68270349e-13 2.45798345e-27 2.73386134e-16 9.99884359e-01 3.85001410e-16 9.94907053e-01 6.77449367e-01 8.24427366e-01 9.74554844e-01 9.85304618e-01 9.87862532e-01 9.87582089e-01 5.13160149e-19 3.68831781e-18 1.40808814e-06 3.39725510e-07 3.39725510e-07 3.56292512e-03 3.56292512e-03 2.66336451e-04 7.91234153e-18 1.76529870e-03 1.28823750e-02 9.91206135e-03 3.92563066e-03 2.99141250e-03 2.72037962e-03 2.75143397e-03
7.89789790e-02 -2.06697975e+01 -2.06697975e+01 -2.50725155e-02 -6.80089513e-03 -6.80088328e-03 7.13254574e+01 7.13254574e+01 1.03853049e+02 1.73372523e+02 2.06618845e+02 2.88520329e+02 3.25103114e+02 4.21568707e+02 5.25184092e+02 6.29615613e+02 7.34618371e+02 2.81105295e-16 3.92645964e-16 2.56744403e-05 2.68747358e-13 5.06079930e-16 2.45936370e-27 1.44164818e-16 9.99883909e-01 4.73398846e-16 9.94885899e-01 6.77516075e-01 8.24639430e-01 9.74493647e-01 9.85259546e-01 9.87819995e-01 9.87528942e-01 5.90590523e-19 1.55929241e-18 1.40808814e-06 3.39725510e-07 3.39725510e-07 3.56292512e-03 3.56292512e-03 2.66853796e-04 2.49599932e-18 1.76895165e-03 1.28812990e-02 9.90664915e-03 3.93028760e-03 2.99596241e-03 2.72511320e-03 2.75727871e-03
7.91291291e-02 -2.06697975e+01 -2.06697975e+01 -2.50725151e-02 -6.80090429e-03 -6.80088789e-03 7.13254574e+01 7.13254574e+01 1.03852681e+02 1.73372523e+02 2.06613718e+02 2.88470406e+02 3.25118900e+02 4.21586989e+02 5.25203020e+02 6.29637502e+02 7.34646784e+02 2.54680352e-16 1.10025805e-15 2.57232510e-05 2.58915796e-16 2.19852891e-13 4.08881362e-16 2.47596617e-27 9.99883459e-01 3.09195259e-16 9.94864691e-01 6.77583167e-01 8.24851308e-01 9.74432536e-01 9.85214466e-01 9.87777411e-01 9.87475650e-01 1.76333489e-18 3.27375055e-18 1.40808814e-06 3.39725510e-07 3.39725510e-07 3.56292512e-03 3.56292512e-03 2.67371198e-04 5.40119758e-18 1.77260621e-03 1.28802165e-02 9.90123734e-03 3.93493224e-03 3.00050600e-03 2.72984357e-03 2.76312659e-03
7.92792793e-02 -2.06697975e+01 -2.06697975e+01 -2.50725136e-02 -6.80090240e-03 -6.80089355e-03 7.13254574e+01 7.13254574e+01 1.03852313e+02 1.73372523e+02 2.06608579e+02 2.88420475e+02 3.25134656e+02 4.21605282e+02 5.25221970e+02 6.29659427e+02 7.34675265e+02 4.88883614e-16 1.13705226e-16 2.57720617e-05 2.69754091e-13 6.69026416e-16 1.26123461e-16 2.47356812e-27 9.99883007e-01 3.58632788e-16 9.94843431e-01 6.77650644e-01 8.25063000e-01 9.74371510e-01 9.85169379e-01 9.87734781e-01 9.87422214e-01 4.33168639e-19 6.64423558e-19 1.40808814e-06 3.39725510e-07 3.39725510e-07 3.56292512e-03 3.56292512e-03 2.67888658e-04 5.72291173e-18 1.77626238e-03 1.28791276e-02 9.89582595e-03 3.93956459e-03 3.00504328e-03 2.73457073e-03 2.76897763e-03
7.94294294e-02 -2.06697975e+01 -2.06697975e+01 -2.50725147e-02 -6.80090106e-03 -6.80090048e-03 7.13254574e+01 7.13254574e+01 1.03851943e+02 1.73372523e+02 2.06603428e+02 2.88370536e+02 3.25150384e+02 4.21623586e+02 5.25240944e+02 6.29681387e+02 7.34703815e+02 1.30438146e-15 5.08762951e-16 2.58208725e-05 9.31201377e-15 2.45358752e-13 2.37902493e-16 2.20859679e-23 9.99882555e-01 2.05652664e-16 9.94822116e-01 6.77718503e-01 8.25274505e-01 9.74310571e-01 9.85124285e-01 9.87692104e-01 9.87368633e-01 2.20671050e-18 3.33162000e-18 1.40808814e-06 3.39725510e-07 3.39725510e-07 3.56292512e-03 3.56292512e-03 2.68406175e-04 9.25301070e-18 1.77992015e-03 1.28780324e-02 9.89041498e-03 3.94418467e-03 3.00957423e-03 2.73929467e-03 2.77483182e-03
7.95795796e-02 -2.06697975e+01 -2.06697975e+01 -2.50725142e-02 -6.80089328e-03 -6.80089002e-03 7.13254574e+01 7.13254574e+01 1.03851573e+02 1.73372523e+02 2.06598266e+02 2.88320590e+02 3.25166084e+02 4.21641902e+02 5.25259940e+02 6.29703383e+02 7.34732432e+02 7.19719035e-16 6.30112855e-16 2.58696832e-05 2.70803138e-13 1.80345571e-15 1.20599048e-16 2.20924447e-23 9.99882101e-01 2.16522157e-16 9.94800748e-01 6.77786745e-01 8.25485823e-01 9.74249719e-01 9.85079184e-01 9.87649381e-01 9.87314908e-01 1.03827987e-18 1.05723456e-18 1.40808814e-06 3.39725510e-07 3.39725510e-07 3.56292512e-03 3.56292512e-03 2.68923751e-04 8.33675861e-18 1.78357954e-03 1.28769307e-02 9.88500445e-03 3.94879246e-03 3.01409884e-03 2.74401537e-03 2.78068917e-03
7.97297297e-02 -2.06697975e+01 -2.06697975e+01 -2.50725135e-02 -6.80088769e-03 -6.80088178e-03 7.13254574e+01 7.13254574e+01 1.03851203e+02 1.73372523e+02 2.06593092e+02 2.88270636e+02 3.25181754e+02 4.21660228e+02 5.25278959e+02 6.29725414e+02 7.34761118e+02 4.49545933e-16 6.12726486e-16 2.59184939e-05 2.21550772e-13 7.72591587e-16 1.67578208e-16 2.48403033e-27 9.99881647e-01 7.29220192e-16 9.94779326e-01 6.77855369e-01 8.25696954e-01 9.74188955e-01 9.85034076e-01 9.87606612e-01 9.87261036e-01 4.23368416e-19 8.51056177e-18 1.40808814e-06 3.39725510e-07 3.39725510e-07 3.56292512e-03 3.56292512e-03 2.69441385e-04 2.10743609e-17 1.78724054e-03 1.28758227e-02 9.87959437e-03 3.95338798e-03 3.01861710e-03 2.74873283e-03 2.78654967e-03
7.98798799e-02 -2.06697975e+01 -2.06697975e+01 -2.50725138e-02 -6.80089487e-03 -6.80089178e-03 7.13254574e+01 7.13254574e+01 1.03850831e+02 1.73372523e+02 2.06587906e+02 2.88220674e+02 3.25197396e+02 4.21678565e+02 5.25298000e+02 6.29747481e+02 7.34789872e+02 6.53316241e-16 5.75169492e-16 2.59673046e-05 1.90228932e-15 2.71804483e-13 5.52811890e-17 2.21335205e-23 9.99881192e-01 4.73926392e-16 9.94757850e-01 6.77924374e-01 8.25907897e-01 9.74128278e-01 9.84988963e-01 9.87563797e-01 9.87207020e-01 6.26426108e-19 1.36653434e-18 1.40808814e-06 3.39725510e-07 3.39725510e-07 3.56292512e-03 3.56292512e-03 2.69959078e-04 8.29470770e-18 1.79090316e-03 1.28747084e-02 9.87418476e-03 3.95797123e-03 3.02312901e-03 2.75344703e-03 2.79241334e-03
8.00300300e-02 -2.06697975e+01 -2.06697975e+01 -2.50725133e-02 -6.80091452e-03 -6.80090126e-03 7.13254574e+01 7.13254574e+01 1.03850459e+02 1.73372523e+02 2.06582708e+02 2.88170704e+02 3.25213009e+02 4.21696912e+02 5.25317064e+02 6.29769583e+02 7.34818695e+02 7.51548795e-16 1.98936863e-16 2.60161154e-05 3.30350441e-16 2.22461886e-13 2.48683386e-27 3.89468603e-16 9.99880735e-01 1.28652604e-16 9.94736320e-01 6.77993759e-01 8.26118652e-01 9.74067690e-01 9.84943844e-01 9.87520937e-01 9.87152857e-01 1.43976153e-18 1.45991087e-18 1.40808814e-06 3.39725510e-07 3.39725510e-07 3.56292512e-03 3.56292512e-03 2.70476828e-04 4.80665964e-18 1.79456739e-03 1.28735877e-02 9.86877563e-03 3.96254222e-03 3.02763456e-03 2.75815795e-03 2.79828017e-03
8.01801802e-02 -2.06697975e+01 -2.06697975e+01 -2.50725142e-02 -6.80089757e-03 -6.80088829e-03 7.13254574e+01 7.13254574e+01 1.03850086e+02 1.73372523e+02 2.06577498e+02 2.88120727e+02 3.25228594e+02 4.21715271e+02 5.25336150e+02 6.29791721e+02 7.34847586e+02 2.62208547e-16 7.69437240e-16 2.60649261e-05 5.55633113e-16 2.47807736e-13 2.48631641e-27 1.96198545e-16 9.99880278e-01 4.52719475e-16 9.94714736e-01 6.78063524e-01 8.26329219e-01 9.74007191e-01 9.84898719e-01 9.87478031e-01 9.87098549e-01 4.70445551e-18 3.79491972e-18 1.40808814e-06 3.39725510e-07 3.39725510e-07 3.56292512e-03 3.56292512e-03 2.70994638e-04 5.27996707e-18 1.79823324e-03 1.28724606e-02 9.86336700e-03 3.96710096e-03 3.03213373e-03 2.76286560e-03 2.80415017e-03
8.03303303e-02 -2.06697975e+01 -2.06697975e+01 -2.50725140e-02 -6.80089834e-03 -6.80088586e-03 7.13254574e+01 7.13254574e+01 1.03849712e+02 1.73372523e+02 2.06572276e+02 2.88070743e+02 3.25244150e+02 4.21733639e+02 5.25355258e+02 6.29813893e+02 7.34876546e+02 4.17670433e-16 8.82572954e-16 2.61137368e-05 3.55144543e-16 2.23199561e-13 2.48964133e-27 1.38460099e-16 9.99879820e-01 4.53659890e-16 9.94693098e-01 6.78133668e-01 8.26539597e-01 9.73946782e-01 9.84853589e-01 9.87435081e-01 9.87044094e-01 9.57657845e-19 1.93895604e-18 1.40808814e-06 3.39725510e-07 3.39725510e-07 3.56292512e-03 3.56292512e-03 2.71512506e-04 8.38564896e-18 1.80190072e-03 1.28713272e-02 9.85795887e-03 3.97164744e-03 3.03662653e-03 2.76756996e-03 2.81002333e-03
8.04804805e-02 -2.06697975e+01 -2.06697975e+01 -2.50725142e-02 -6.80089457e-03 -6.80089432e-03 7.13254574e+01 7.13254574e+01 1.03849338e+02 1.73372523e+02 2.06567043e+02 2.88020751e+02 3.25259678e+02 4.21752018e+02 5.25374389e+02 6.29836101e+02 7.34905574e+02 6.55818369e-16 1.35659840e-16 2.61625475e-05 1.62101154e-26 1.94223935e-27 2.66415927e-26 2.15677670e-42 9.99879361e-01 1.48307219e-15 9.94671406e-01 6.78204190e-01 8.26749785e-01 9.73886462e-01 9.84808455e-01 9.87392086e-01 9.86989493e-01 4.49073797e-18 1.15277265e-18 1.40808814e-06 3.39725510e-07 3.39725510e-07 3.56292512e-03 3.56292512e-03 2.72030433e-04 1.78356868e-17 1.80556982e-03 1.28701875e-02 9.85255127e-03 3.97618169e-03 3.04111294e-03 2.77227101e-03 2.81589967e-03
8.06306306e-02 -2.06697975e+01 -2.06697975e+01 -2.50725143e-02 -6.80089061e-03 -6.80089011e-03 7.13254574e+01 7.13254574e+01 1.03848963e+02 1.73372523e+02 2.06561798e+02 2.87970752e+02 3.25275178e+02 4.21770408e+02 5.25393542e+02 6.29858345e+02 7.34934672e+02 6.79870028e-16 4.44958888e-16 2.62113583e-05 2.74091580e-13 1.19727023e-14 2.48858788e-27 3.17183299e-16 9.99878901e-01 4.22468497e-16 9.94649659e-01 6.78275090e-01 8.26959785e-01 9.73826233e-01 9.84763317e-01 9.87349046e-01 9.86934745e-01 2.94630881e-18 2.59315785e-18 1.40808814e-06 3.39725510e-07 3.39725510e-07 3.56292512e-03 3.56292512e-03 2.72548418e-04 5.55279086e-18 1.80924055e-03 1.28690414e-02 9.84714420e-03 3.98070369e-03 3.04559295e-03 2.77696875e-03 2.82177918e-03
8.07807808e-02 -2.06697975e+01 -2.06697975e+01 -2.50725146e-02 -6.80090077e-03 -6.80089457e-03 7.13254574e+01 7.13254574e+01 1.03848587e+02 1.73372523e+02 2.06556541e+02 2.87920746e+02 3.25290649e+02 4.21788807e+02 5.25412717e+02 6.29880623e+02 7.34963838e+02 3.79946216e-16 6.01182985e-16 2.62601690e-05 9.82332663e-16 2.74844090e-13 2.48998722e-27 1.04237351e-16 9.99878441e-01 3.76860323e-16 9.94627858e-01 6.78346367e-01 8.27169594e-01 9.73766096e-01 9.84718175e-01 9.87305962e-01 9.86879851e-01 6.25799483e-18 3.26297458e-18 1.40808814e-06 3.39725510e-07 3.39725510e-07 3.56292512e-03 3.56292512e-03 2.73066463e-04 5.69262248e-18 1.81291291e-03 1.28678890e-02 9.84173769e-03 3.98521346e-03 3.05006655e-03 2.78166316e-03 2.82766187e-03
8.09309309e-02 -2.06697975e+01 -2.06697975e+01 -2.50725142e-02 -6.80089174e-03 -6.80088957e-03 7.13254574e+01 7.13254574e+01 1.03848210e+02 1.73372523e+02 2.06551272e+02 2.87870732e+02 3.25306092e+02 4.21807217e+02 5.25431914e+02 6.29902936e+02 7.34993073e+02 7.30550500e-16 6.55616168e-16 2.63089797e-05 2.64803493e-15 2.75385978e-13 2.49138755e-27 2.13097755e-16 9.99877979e-01 4.52141749e-16 9.94606003e-01 6.78418020e-01 8.27379213e-01 9.73706049e-01 9.84673029e-01 9.87262835e-01 9.86824809e-01 3.20077879e-19 3.17409340e-18 1.40808814e-06 3.39725510e-07 3.39725510e-07 3.56292512e-03 3.56292512e-03 2.73584566e-04 6.42015260e-18 1.81658690e-03 1.28667303e-02 9.83633173e-03 3.98971101e-03 3.05453374e-03 2.78635423e-03 2.83354773e-03
8.10810811e-02 -2.06697975e+01 -2.06697975e+01 -2.50725144e-02 -6.80091286e-03 -6.80088962e-03 7.13254574e+01 7.13254574e+01 1.03847833e+02 1.73372523e+02 2.06545991e+02 2.87820712e+02 3.25321506e+02 4.21825637e+02 5.25451133e+02 6.29925285e+02 7.35022377e+02 5.67901484e-16 2.41142633e-16 2.63577904e-05 3.14440468e-16 2.25327298e-13 6.96889841e-17 2.27754388e-23 9.99877516e-01 8.70073375e-16 9.94584094e-01 6.78490049e-01 8.27588641e-01 9.73646095e-01 9.84627881e-01 9.87219663e-01 9.86769620e-01 7.54437088e-18 2.10116660e-18 1.40808814e-06 3.39725510e-07 3.39725510e-07 3.56292512e-03 3.56292512e-03 2.74102729e-04 1.97825821e-17 1.82026252e-03 1.28655653e-02 9.83092636e-03 3.99419633e-03 3.05899451e-03 2.79104196e-03 2.83943678e-03
8.12312312e-02 -2.06697975e+01 -2.06697975e+01 -2.50725148e-02 -6.80090441e-03 -6.80088632e-03 7.13254574e+01 7.13254574e+01 1.03847455e+02 1.73372523e+02 2.06540698e+02 2.87770685e+02 3.25336893e+02 4.21844066e+02 5.25470373e+02 6.29947668e+02 7.35051750e+02 6.01731130e-16 1.03140712e-15 2.64066011e-05 2.75892211e-16 2.25792054e-13 2.54426615e-27 3.08629236e-16 9.99877052e-01 5.65970891e-16 9.94562129e-01 6.78562452e-01 8.27797878e-01 9.73586233e-01 9.84582729e-01 9.87176449e-01 9.86714283e-01 2.20486120e-18 1.03263764e-17 1.40808814e-06 3.39725510e-07 3.39725510e-07 3.56292512e-03 3.56292512e-03 2.74620952e-04 6.37810169e-18 1.82393979e-03 1.28643941e-02 9.82552157e-03 3.99866945e-03 3.06344885e-03 2.79572632e-03 2.84532900e-03
8.13813814e-02 -2.06697975e+01 -2.06697975e+01 -2.50725150e-02 -6.80089974e-03 -6.80089949e-03 7.13254574e+01 7.13254574e+01 1.03847076e+02 1.73372523e+02 2.06535393e+02 2.87720651e+02 3.25352251e+02 4.21862506e+02 5.25489636e+02 6.29970086e+02 7.35081192e+02 6.48187790e-16 1.90344835e-16 2.64554119e-05 1.53795991e-13 1.34571973e-14 2.59754737e-27 1.14464071e-16 9.99876588e-01 2.03340292e-15 9.94540110e-01 6.78635230e-01 8.28006925e-01 9.73526464e-01 9.84537576e-01 9.87133191e-01 9.86658798e-01 2.77469764e-18 4.08572859e-18 1.40808814e-06 3.39725510e-07 3.39725510e-07 3.56292512e-03 3.56292512e-03 2.75139233e-04 9.29506161e-18 1.82761869e-03 1.28632165e-02 9.82011740e-03 4.00313035e-03 3.06789675e-03 2.80040731e-03 2.85122442e-03
8.15315315e-02 -2.06697975e+01 -2.06697975e+01 -2.50725128e-02 -6.80089457e-03 -6.80089432e-03 7.13254574e+01 7.13254574e+01 1.03846697e+02 1.73372523e+02 2.06530076e+02 2.87670610e+02 3.25367581e+02 4.21880955e+02 5.25508921e+02 6.29992539e+02 7.35110704e+02 2.18606567e-16 3.60714617e-16 2.65042226e-05 1.64417395e-26 1.96999174e-27 2.70222708e-26 2.18756952e-42 9.99876123e-01 5.89585574e-16 9.94518037e-01 6.78708381e-01 8.28215779e-01 9.73466789e-01 9.84492420e-01 9.87089890e-01 9.86603165e-01 1.37873996e-18 8.81393503e-18 1.40808814e-06 3.39725510e-07 3.39725510e-07 3.56292512e-03 3.56292512e-03 2.75657575e-04 7.82140027e-18 1.83129923e-03 1.28620326e-02 9.81471384e-03 4.00757906e-03 3.07233821e-03 2.80508492e-03 2.85712302e-03
8.16816817e-02 -2.06697975e+01 -2.06697975e+01 -2.50725134e-02 -6.80089439e-03 -6.80089428e-03 7.13254574e+01 7.13254574e+01 1.03846317e+02 1.73372523e+02 2.06524748e+02 2.87620562e+02 3.25382883e+02 4.21899414e+02 5.25528227e+02 6.30015028e+02 7.35140285e+02 4.40484301e-16 1.32871842e-15 2.65530333e-05 1.43082109e-26 8.40200552e-27 2.29957272e-44 2.70767573e-26 9.99875656e-01 1.01843363e-15 9.94495909e-01 6.78781905e-01 8.28424442e-01 9.73407207e-01 9.84447262e-01 9.87046546e-01 9.86547384e-01 6.72242660e-19 8.16957772e-18 1.40808814e-06 3.39725510e-07 3.39725510e-07 3.56292512e-03 3.56292512e-03 2.76175975e-04 4.53383584e-18 1.83498141e-03 1.28608425e-02 9.80931091e-03 4.01201557e-03 3.07677321e-03 2.80975913e-03 2.86302481e-03
8.18318318e-02 -2.06697975e+01 -2.06697975e+01 -2.50725133e-02 -6.80089492e-03 -6.80088833e-03 7.13254574e+01 7.13254574e+01 1.03845936e+02 1.73372523e+02 2.06519407e+02 2.87570507e+02 3.25398157e+02 4.21917883e+02 5.25547555e+02 6.30037550e+02 7.35169935e+02 2.44062901e-16 9.04496170e-16 2.66018440e-05 1.55187094e-13 5.47029417e-16 1.00000803e-16 2.60247081e-27 9.99875189e-01 6.68627605e-16 9.94473725e-01 6.78855800e-01 8.28632912e-01 9.73347720e-01 9.84402104e-01 9.87003160e-01 9.86491455e-01 3.49343095e-18 2.09770707e-18 1.40808814e-06 3.39725510e-07 3.39725510e-07 3.56292512e-03 3.56292512e-03 2.76694436e-04 1.03325442e-17 1.83866524e-03 1.28596462e-02 9.80390863e-03 4.01643989e-03 3.08120174e-03 2.81442993e-03 2.86892980e-03
8.19819820e-02 -2.06697975e+01 -2.06697975e+01 -2.50725128e-02 -6.80090006e-03 -6.80089358e-03 7.13254574e+01 7.13254574e+01 1.03845554e+02 1.73372523e+02 2.06514055e+02 2.87520447e+02 3.25413403e+02 4.21936361e+02 5.25566904e+02 6.30060108e+02 7.35199655e+02 2.05310424e-16 4.49580558e-16 2.66506548e-05 2.02515103e-16 2.55086043e-14 5.49709312e-17 1.98994406e-30 9.99874721e-01 4.26926174e-16 9.94451487e-01 6.78930067e-01 8.28841190e-01 9.73288328e-01 9.84356944e-01 9.86959732e-01 9.86435377e-01 9.56675685e-19 9.36409619e-18 1.40808814e-06 3.39725510e-07 3.39725510e-07 3.56292512e-03 3.56292512e-03 2.77212957e-04 1.13817885e-17 1.84235072e-03 1.28584435e-02 9.79850700e-03 4.02085203e-03 3.08562381e-03 2.81909732e-03 2.87483798e-03
8.21321321e-02 -2.06697975e+01 -2.06697975e+01 -2.50725140e-02 -6.80089350e-03 -6.80088319e-03 7.13254574e+01 7.13254574e+01 1.03845171e+02 1.73372523e+02 2.06508690e+02 2.87470379e+02 3.25428621e+02 4.21954849e+02 5.25586275e+02 6.30082700e+02 7.35229444e+02 8.66118307e-16 9.98077148e-16 2.66994655e-05 7.89356114e-14 1.30885650e-16 1.49776793e-16 2.61123800e-27 9.99874251e-01 7.63421059e-16 9.94429194e-01 6.79004705e-01 8.29049274e-01 9.73229031e-01 9.84311784e-01 9.86916262e-01 9.86379149e-01 2.91572823e-18 2.96926160e-18 1.40808814e-06 3.39725510e-07 3.39725510e-07 3.56292512e-03 3.56292512e-03 2.77731537e-04 4.53383584e-18 1.84603785e-03 1.28572346e-02 9.79310605e-03 4.02525200e-03 3.09003939e-03 2.82376127e-03 2.88074936e-03
8.22822823e-02 -2.06697975e+01 -2.06697975e+01 -2.50725136e-02 -6.80089858e-03 -6.80089734e-03 7.13254574e+01 7.13254574e+01 1.03844788e+02 1.73372523e+02 2.06503313e+02 2.87420305e+02 3.25443811e+02 4.21973345e+02 5.25605667e+02 6.30105327e+02 7.35259303e+02 5.86186677e-16 2.94482014e-16 2.67482762e-05 1.80520655e-15 1.04777379e-13 7.08538756e-17 2.61071157e-27 9.99873781e-01 1.23936728e-15 9.94406846e-01 6.79079713e-01 8.29257166e-01 9.73169830e-01 9.84266624e-01 9.86872751e-01 9.86322773e-01 1.10162623e-18 1.18404864e-18 1.40808814e-06 3.39725510e-07 3.39725510e-07 3.56292512e-03 3.56292512e-03 2.78250178e-04 1.34499878e-17 1.84972664e-03 1.28560195e-02 9.78770578e-03 4.02963979e-03 3.09444849e-03 2.82842179e-03 2.88666393e-03
8.24324324e-02 -2.06697975e+01 -2.06697975e+01 -2.50725148e-02 -6.80089457e-03 -6.80089432e-03 7.13254574e+01 7.13254574e+01 1.03844404e+02 1.73372523e+02 2.06497925e+02 2.87370225e+02 3.25458974e+02 4.21991851e+02 5.25625080e+02 6.30127989e+02 7.35289232e+02 5.46858212e-16 2.28909203e-16 2.67970869e-05 1.66408928e-26 1.99385359e-27 2.73495825e-26 2.21404484e-42 9.99873310e-01 6.70656323e-16 9.94384442e-01 6.79155090e-01 8.29464863e-01 9.73110725e-01 9.84221464e-01 9.86829198e-01 9.86266247e-01 4.49652850e-18 4.57002916e-18 1.40808814e-06 3.39725510e-07 3.39725510e-07 3.56292512e-03 3.56292512e-03 2.78768879e-04 7.19657307e-18 1.85341707e-03 1.28547982e-02 9.78230622e-03 4.03401543e-03 3.09885110e-03 2.83307885e-03 2.89258171e-03
8.25825826e-02 -2.06697975e+01 -2.06697975e+01 -2.50725132e-02 -6.80089220e-03 -6.80088643e-03 7.13254574e+01 7.13254574e+01 1.03844020e+02 1.73372523e+02 2.06492524e+02 2.87320139e+02 3.25474108e+02 4.22010367e+02 5.25644515e+02 6.30150685e+02 7.35319230e+02 1.95079272e-16 4.31003684e-16 2.68458977e-05 5.93912488e-16 1.56683584e-13 2.34828140e-23 1.11233007e-16 9.99872838e-01 5.82234777e-16 9.94361984e-01 6.79230836e-01 8.29672367e-01 9.73051717e-01 9.84176304e-01 9.86785604e-01 9.86209571e-01 3.50028857e-18 9.74058787e-19 1.40808814e-06 3.39725510e-07 3.39725510e-07 3.56292512e-03 3.56292512e-03 2.79287641e-04 1.15636710e-17 1.85710917e-03 1.28535706e-02 9.77690736e-03 4.03837892e-03 3.10324719e-03 2.83773244e-03 2.89850269e-03
8.27327327e-02 -2.06697975e+01 -2.06697975e+01 -2.50725153e-02 -6.80089815e-03 -6.80089620e-03 7.13254574e+01 7.13254574e+01 1.03843634e+02 1.73372523e+02 2.06487112e+02 2.87270046e+02 3.25489215e+02 4.22028891e+02 5.25663971e+02 6.30173416e+02 7.35349299e+02 8.24135553e-16 3.07688473e-16 2.68947084e-05 1.08718859e-15 1.05312777e-13 2.61504178e-27 1.46716406e-16 9.99872365e-01 5.48201910e-16 9.94339470e-01 6.79306949e-01 8.29879677e-01 9.72992806e-01 9.84131146e-01 9.86741969e-01 9.86152745e-01 6.12709316e-18 7.00190457e-18 1.40808814e-06 3.39725510e-07 3.39725510e-07 3.56292512e-03 3.56292512e-03 2.79806463e-04 7.91565098e-19 1.86080292e-03 1.28523368e-02 9.77150923e-03 4.04273026e-03 3.10763678e-03 2.84238256e-03 2.90442688e-03
8.28828829e-02 -2.06697975e+01 -2.06697975e+01 -2.50725155e-02 -6.80090803e-03 -6.80089459e-03 7.13254574e+01 7.13254574e+01 1.03843248e+02 1.73372523e+02 2.06481687e+02 2.87219947e+02 3.25504294e+02 4.22047424e+02 5.25683448e+02 6.30196181e+02 7.35379437e+02 3.00566435e-16 6.99878225e-16 2.69435191e-05 1.11664328e-16 5.17256908e-14 2.46002621e-16 4.02740782e-30 9.99871891e-01 1.14216945e-15 9.94316900e-01 6.79383430e-01 8.30086792e-01 9.72933993e-01 9.84085989e-01 9.86698294e-01 9.86095769e-01 5.96813810e-19 9.27110144e-19 1.40808814e-06 3.39725510e-07 3.39725510e-07 3.56292512e-03 3.56292512e-03 2.80325345e-04 5.18741304e-19 1.86449833e-03 1.28510968e-02 9.76611184e-03 4.04706945e-03 3.11201985e-03 2.84702919e-03 2.91035428e-03
8.30330330e-02 -2.06697975e+01 -2.06697975e+01 -2.50725143e-02 -6.80089457e-03 -6.80089432e-03 7.13254574e+01 7.13254574e+01 1.03842861e+02 1.73372523e+02 2.06476250e+02 2.87169843e+02 3.25519346e+02 4.22065966e+02 5.25702947e+02 6.30218981e+02 7.35409646e+02 1.10847989e-16 5.82632636e-16 2.69923298e-05 1.67739821e-26 2.00979988e-27 2.75683169e-26 2.23173728e-42 9.99871417e-01 1.48374914e-15 9.94294275e-01 6.79460277e-01 8.30293712e-01 9.72875277e-01 9.84040833e-01 9.86654578e-01 9.86038643e-01 2.85095610e-18 4.64890428e-18 1.40808814e-06 3.39725510e-07 3.39725510e-07 3.56292512e-03 3.56292512e-03 2.80844288e-04 2.20457442e-18 1.86819541e-03 1.28498505e-02 9.76071520e-03 4.05139652e-03 3.11639639e-03 2.85167232e-03 2.91628488e-03
8.31831832e-02 -2.06697975e+01 -2.06697975e+01 -2.50725144e-02 -6.80090503e-03 -6.80089946e-03 7.13254574e+01 7.13254574e+01 1.03842474e+02 1.73372523e+02 2.06470801e+02 2.87119732e+02 3.25534369e+02 4.22084517e+02 5.25722466e+02 6.30241815e+02 7.35439924e+02 6.32203805e-16 7.74029414e-16 2.70411405e-05 4.53651541e-16 1.05865758e-13 2.61938123e-27 1.90923648e-16 9.99870941e-01 7.54501255e-16 9.94271595e-01 6.79537490e-01 8.30500437e-01 9.72816660e-01 9.83995680e-01 9.86610822e-01 9.85981366e-01 1.98040857e-18 9.51074461e-18 1.40808814e-06 3.39725510e-07 3.39725510e-07 3.56292512e-03 3.56292512e-03 2.81363292e-04 5.96544628e-18 1.87189416e-03 1.28485981e-02 9.75531933e-03 4.05571146e-03 3.12076640e-03 2.85631194e-03 2.92221870e-03
8.33333333e-02 -2.06697975e+01 -2.06697975e+01 -2.50725158e-02 -6.80089457e-03 -6.80089432e-03 7.13254574e+01 7.13254574e+01 1.03842086e+02 1.73372523e+02 2.06465340e+02 2.87069615e+02 3.25549366e+02 4.22103077e+02 5.25742006e+02 6.30264683e+02 7.35470273e+02 9.44232622e-16 6.92472938e-16 2.70899513e-05 1.68406236e-26 2.01778463e-27 2.76778433e-26 2.24059626e-42 9.99870464e-01 9.46770720e-16 9.94248859e-01 6.79615067e-01 8.30706967e-01 9.72758143e-01 9.83950529e-01 9.86567027e-01 9.85923938e-01 2.99006699e-19 6.36494416e-18 1.40808814e-06 3.39725510e-07 3.39725510e-07 3.56292512e-03 3.56292512e-03 2.81882357e-04 1.88849311e-17 1.87559457e-03 1.28473395e-02 9.74992423e-03 4.06001428e-03 3.12512986e-03 2.86094804e-03 2.92815573e-03
8.34834835e-02 -2.06697975e+01 -2.06697975e+01 -2.50725139e-02 -6.80089282e-03 -6.80089208e-03 7.13254574e+01 7.13254574e+01 1.03841697e+02 1.73372523e+02 2.06459867e+02 2.87019493e+02 3.25564334e+02 4.22121645e+02 5.25761567e+02 6.30287586e+02 7.35500692e+02 3.12344643e-16 9.21737061e-16 2.71387620e-05 1.58291914e-13 4.68612506e-15 2.61827292e-27 8.75170062e-17 9.99869987e-01 3.88049385e-16 9.94226067e-01 6.79693010e-01 8.30913300e-01 9.72699724e-01 9.83905380e-01 9.86523192e-01 9.85866359e-01 4.64346372e-18 2.76061480e-18 1.40808814e-06 3.39725510e-07 3.39725510e-07 3.56292512e-03 3.56292512e-03 2.82401483e-04 6.42015260e-18 1.87929665e-03 1.28460748e-02 9.74452993e-03 4.06430499e-03 3.12948677e-03 2.86558060e-03 2.93409598e-03
8.36336336e-02 -2.06697975e+01 -2.06697975e+01 -2.50725140e-02 -6.80089924e-03 -6.80087524e-03 7.13254574e+01 7.13254574e+01 1.03841307e+02 1.73372523e+02 2.06454382e+02 2.86969365e+02 3.25579275e+02 4.22140222e+02 5.25781149e+02 6.30310523e+02 7.35531182e+02 4.88731425e-16 4.91002334e-16 2.71875727e-05 2.10823577e-13 2.19556044e-16 1.81684209e-16 2.35810809e-23 9.99869508e-01 3.17731329e-16 9.94203219e-01 6.79771316e-01 8.31119438e-01 9.72641406e-01 9.83860235e-01 9.86479317e-01 9.85808629e-01 3.16546328e-18 1.85246022e-18 1.40808814e-06 3.39725510e-07 3.39725510e-07 3.56292512e-03 3.56292512e-03 2.82920670e-04 1.45481224e-17 1.88300041e-03 1.28448038e-02 9.73913643e-03 4.06858360e-03 3.13383712e-03 2.87020961e-03 2.94003944e-03
8.37837838e-02 -2.06697975e+01 -2.06697975e+01 -2.50725133e-02 -6.80091045e-03 -6.80089264e-03 7.13254574e+01 7.13254574e+01 1.03840916e+02 1.73372523e+02 2.06448885e+02 2.86919231e+02 3.25594189e+02 4.22158807e+02 5.25800751e+02 6.30333494e+02 7.35561742e+02 5.19438940e-16 3.63254184e-16 2.72363834e-05 2.11242092e-13 2.29480437e-16 1.88682885e-16 2.61713730e-27 9.99869029e-01 3.65308276e-16 9.94180316e-01 6.79849985e-01 8.31325379e-01 9.72583187e-01 9.83815093e-01 9.86435404e-01 9.85750747e-01 8.31957418e-19 7.59177166e-19 1.40808814e-06 3.39725510e-07 3.39725510e-07 3.56292512e-03 3.56292512e-03 2.83439918e-04 2.79911237e-18 1.88670584e-03 1.28435267e-02 9.73374374e-03 4.07285011e-03 3.13818091e-03 2.87483506e-03 2.94598613e-03
8.39339339e-02 -2.06697975e+01 -2.06697975e+01 -2.50725140e-02 -6.80090085e-03 -6.80088520e-03 7.13254574e+01 7.13254574e+01 1.03840525e+02 1.73372523e+02 2.06443376e+02 2.86869092e+02 3.25609076e+02 4.22177401e+02 5.25820374e+02 6.30356499e+02 7.35592372e+02 3.06167284e-16 2.32647606e-16 2.72851942e-05 1.59226516e-13 2.29472704e-16 2.75088079e-16 2.62260410e-27 9.99868548e-01 6.15901616e-16 9.94157356e-01 6.79929016e-01 8.31531124e-01 9.72525070e-01 9.83769956e-01 9.86391452e-01 9.85692713e-01 9.46738317e-18 4.20798108e-18 1.40808814e-06 3.39725510e-07 3.39725510e-07 3.56292512e-03 3.56292512e-03 2.83959228e-04 1.59914210e-17 1.89041295e-03 1.28422434e-02 9.72835189e-03 4.07710454e-03 3.14251812e-03 2.87945695e-03 2.95193603e-03
8.40840841e-02 -2.06697975e+01 -2.06697975e+01 -2.50725148e-02 -6.80089803e-03 -6.80088971e-03 7.13254574e+01 7.13254574e+01 1.03840133e+02 1.73372523e+02 2.06437854e+02 2.86818947e+02 3.25623934e+02 4.22196003e+02 5.25840018e+02 6.30379538e+02 7.35623073e+02 3.03650651e-16 4.96149499e-16 2.73340049e-05 7.45041836e-17 3.28667206e-14 1.64706418e-16 2.79123562e-29 9.99868067e-01 2.95334287e-16 9.94134341e-01 6.80008409e-01 8.31736672e-01 9.72467053e-01 9.83724822e-01 9.86347462e-01 9.85634528e-01 4.60616673e-18 7.73890075e-19 1.40808814e-06 3.39725510e-07 3.39725510e-07 3.56292512e-03 3.56292512e-03 2.84478599e-04 1.38610304e-18 1.89412173e-03 1.28409540e-02 9.72296088e-03 4.08134688e-03 3.14684875e-03 2.88407525e-03 2.95788916e-03
8.42342342e-02 -2.06697975e+01 -2.06697975e+01 -2.50725143e-02 -6.80089995e-03 -6.80089470e-03 7.13254574e+01 7.13254574e+01 1.03839740e+02 1.73372523e+02 2.06432320e+02 2.86768797e+02 3.25638766e+02 4.22214613e+02 5.25859682e+02 6.30402611e+02 7.35653845e+02 3.31734640e-16 2.62461351e-16 2.73828156e-05 6.39574876e-16 1.59731587e-13 2.37047161e-23 3.13132066e-16 9.99867585e-01 3.40231290e-16 9.94111269e-01 6.80088163e-01 8.31942022e-01 9.72409138e-01 9.83679693e-01 9.86303434e-01 9.85576190e-01 1.31054369e-17 5.58781331e-18 1.40808814e-06 3.39725510e-07 3.39725510e-07 3.56292512e-03 3.56292512e-03 2.84998032e-04 1.93175063e-18 1.89783220e-03 1.28396584e-02 9.71757072e-03 4.08557716e-03 3.15117279e-03 2.88868996e-03 2.96384552e-03
8.43843844e-02 -2.06697975e+01 -2.06697975e+01 -2.50725136e-02 -6.80089677e-03 -6.80088622e-03 7.13254574e+01 7.13254574e+01 1.03839347e+02 1.73372523e+02 2.06426775e+02 2.86718642e+02 3.25653571e+02 4.22233231e+02 5.25879366e+02 6.30425718e+02 7.35684688e+02 3.57996372e-16 5.68246521e-16 2.74316263e-05 8.56233804e-14 1.44851309e-16 1.69538411e-16 2.63524546e-27 9.99867102e-01 6.98273286e-16 9.94088142e-01 6.80168277e-01 8.32147175e-01 9.72351325e-01 9.83634569e-01 9.86259367e-01 9.85517699e-01 7.56774090e-19 4.43510574e-18 1.40808814e-06 3.39725510e-07 3.39725510e-07 3.56292512e-03 3.56292512e-03 2.85517527e-04 7.04497979e-18 1.90154435e-03 1.28383567e-02 9.71218143e-03 4.08979536e-03 3.15549023e-03 2.89330106e-03 2.96980510e-03
8.45345345e-02 -2.06697975e+01 -2.06697975e+01 -2.50725147e-02 -6.80089899e-03 -6.80089342e-03 7.13254574e+01 7.13254574e+01 1.03838953e+02 1.73372523e+02 2.06421217e+02 2.86668481e+02 3.25668348e+02 4.22251857e+02 5.25899071e+02 6.30448860e+02 7.35715601e+02 7.70145574e-16 5.51247033e-16 2.74804370e-05 5.28251709e-14 1.90501332e-16 1.12771316e-16 4.11485105e-30 9.99866617e-01 4.49525837e-16 9.94064958e-01 6.80248751e-01 8.32352130e-01 9.72293615e-01 9.83589450e-01 9.86215263e-01 9.85459056e-01 1.15295051e-18 2.74674566e-18 1.40808814e-06 3.39725510e-07 3.39725510e-07 3.56292512e-03 3.56292512e-03 2.86037083e-04 3.81806739e-18 1.90525819e-03 1.28370489e-02 9.70679303e-03 4.09400152e-03 3.15980107e-03 2.89790854e-03 2.97576791e-03
8.46846847e-02 -2.06697975e+01 -2.06697975e+01 -2.50725142e-02 -6.80090213e-03 -6.80087858e-03 7.13254574e+01 7.13254574e+01 1.03838558e+02 1.73372523e+02 2.06415646e+02 2.86618315e+02 3.25683098e+02 4.22270492e+02 5.25918796e+02 6.30472035e+02 7.35746586e+02 3.56961340e-16 3.72733017e-16 2.75292478e-05 1.89344631e-16 1.38706195e-13 2.63410095e-27 9.39086692e-17 9.99866132e-01 4.25594504e-16 9.94041717e-01 6.80329583e-01 8.32556887e-01 9.72236007e-01 9.83544337e-01 9.86171122e-01 9.85400259e-01 6.56933668e-18 2.81908846e-18 1.40808814e-06 3.39725510e-07 3.39725510e-07 3.56292512e-03 3.56292512e-03 2.86556702e-04 7.63951774e-18 1.90897371e-03 1.28357349e-02 9.70140551e-03 4.09819562e-03 3.16410529e-03 2.90251240e-03 2.98173395e-03
8.48348348e-02 -2.06697975e+01 -2.06697975e+01 -2.50725145e-02 -6.80089851e-03 -6.80088942e-03 7.13254574e+01 7.13254574e+01 1.03838162e+02 1.73372523e+02 2.06410064e+02 2.86568144e+02 3.25697821e+02 4.22289134e+02 5.25938542e+02 6.30495243e+02 7.35777642e+02 4.35468058e-16 4.45969929e-16 2.75780585e-05 1.39045094e-13 2.83460096e-16 1.60662538e-16 2.63555816e-27 9.99865646e-01 3.47774794e-16 9.94018420e-01 6.80410774e-01 8.32761445e-01 9.72178503e-01 9.83499230e-01 9.86126944e-01 9.85341310e-01 2.47300278e-18 3.23616664e-18 1.40808814e-06 3.39725510e-07 3.39725510e-07 3.56292512e-03 3.56292512e-03 2.87076382e-04 1.62863759e-18 1.91269093e-03 1.28344149e-02 9.69601891e-03 4.10237768e-03 3.16840289e-03 2.90711261e-03 2.98770323e-03
8.49849850e-02 -2.06697975e+01 -2.06697975e+01 -2.50725146e-02 -6.80090631e-03 -6.80089417e-03 7.13254574e+01 7.13254574e+01 1.03837766e+02 1.73372523e+02 2.06404469e+02 2.86517968e+02 3.25712517e+02 4.22307783e+02 5.25958307e+02 6.30518486e+02 7.35808768e+02 1.37935350e-15 5.15065204e-16 2.76268692e-05 2.06546280e-16 3.33584296e-14 1.76416793e-16 2.64519167e-27 9.99865159e-01 7.75163659e-16 9.93995067e-01 6.80492322e-01 8.32965805e-01 9.72121102e-01 9.83454130e-01 9.86082729e-01 9.85282207e-01 9.15057248e-18 4.99663246e-19 1.40808814e-06 3.39725510e-07 3.39725510e-07 3.56292512e-03 3.56292512e-03 2.87596125e-04 2.13223427e-18 1.91640983e-03 1.28330887e-02 9.69063322e-03 4.10654771e-03 3.17269387e-03 2.91170917e-03 2.99367574e-03
8.51351351e-02 -2.06697975e+01 -2.06697975e+01 -2.50725142e-02 -6.80089169e-03 -6.80088731e-03 7.13254574e+01 7.13254574e+01 1.03837369e+02 1.73372523e+02 2.06398862e+02 2.86467787e+02 3.25727185e+02 4.22326441e+02 5.25978093e+02 6.30541762e+02 7.35839966e+02 1.49661235e-15 1.41975217e-15 2.76756799e-05 5.32688805e-14 2.66427244e-16 4.14675379e-30 2.42206945e-16 9.99864671e-01 7.87310494e-16 9.93971657e-01 6.80574227e-01 8.33169966e-01 9.72063805e-01 9.83409036e-01 9.86038477e-01 9.85222950e-01 2.95171168e-18 2.31211101e-18 1.40808814e-06 3.39725510e-07 3.39725510e-07 3.56292512e-03 3.56292512e-03 2.88115930e-04 2.79911237e-18 1.92013043e-03 1.28317564e-02 9.68524846e-03 4.11070571e-03 3.17697821e-03 2.91630207e-03 2.99965148e-03
8.52852853e-02 -2.06697975e+01 -2.06697975e+01 -2.50725139e-02 -6.80089457e-03 -6.80089432e-03 7.13254574e+01 7.13254574e+01 1.03836971e+02 1.73372523e+02 2.06393243e+02 2.86417601e+02 3.25741827e+02 4.22345106e+02 5.25997898e+02 6.30565073e+02 7.35871235e+02 2.19987477e-16 1.56805893e-16 2.77244907e-05 1.72753849e-26 2.06987622e-27 2.83923808e-26 2.29838940e-42 9.99864183e-01 5.55848606e-16 9.93948191e-01 6.80656487e-01 8.33373927e-01 9.72006613e-01 9.83363949e-01 9.85994189e-01 9.85163539e-01 1.37585565e-18 3.09184728e-18 1.40808814e-06 3.39725510e-07 3.39725510e-07 3.56292512e-03 3.56292512e-03 2.88635798e-04 6.14732881e-18 1.92385273e-03 1.28304180e-02 9.67986465e-03 4.11485170e-03 3.18125591e-03 2.92089129e-03 3.00563047e-03
8.54354354e-02 -2.06697975e+01 -2.06697975e+01 -2.50725148e-02 -6.80089871e-03 -6.80088375e-03 7.13254574e+01 7.13254574e+01 1.03836573e+02 1.73372523e+02 2.06387612e+02 2.86367411e+02 3.25756442e+02 4.22363778e+02 5.26017724e+02 6.30588416e+02 7.35902576e+02 1.77206052e-15 4.42080263e-16 2.77733014e-05 1.13736485e-14 4.80134911e-17 4.24290826e-17 2.67454857e-27 9.99863693e-01 5.31937052e-16 9.93924667e-01 6.80739104e-01 8.33577690e-01 9.71949526e-01 9.83318870e-01 9.85949866e-01 9.85103974e-01 2.89212569e-18 6.59026438e-19 1.40808814e-06 3.39725510e-07 3.39725510e-07 3.56292512e-03 3.56292512e-03 2.89155728e-04 2.95070565e-18 1.92757673e-03 1.28290736e-02 9.67448180e-03 4.11898568e-03 3.18552696e-03 2.92547682e-03 3.01161269e-03
8.55855856e-02 -2.06697975e+01 -2.06697975e+01 -2.50725138e-02 -6.80090230e-03 -6.80088870e-03 7.13254574e+01 7.13254574e+01 1.03836173e+02 1.73372523e+02 2.06381968e+02 2.86317215e+02 3.25771030e+02 4.22382458e+02 5.26037569e+02 6.30611793e+02 7.35933988e+02 4.96726674e-16 1.01366841e-15 2.78221121e-05 5.21370466e-17 1.13426365e-14 8.70569788e-17 2.67603967e-27 9.99863202e-01 1.26040632e-15 9.93901087e-01 6.80822075e-01 8.33781252e-01 9.71892544e-01 9.83273799e-01 9.85905506e-01 9.85044255e-01 1.38800543e-18 4.40075886e-18 1.40808814e-06 3.39725510e-07 3.39725510e-07 3.56292512e-03 3.56292512e-03 2.89675720e-04 3.27241980e-18 1.93130242e-03 1.28277230e-02 9.66909991e-03 4.12310766e-03 3.18979135e-03 2.93005864e-03 3.01759815e-03
8.57357357e-02 -2.06697975e+01 -2.06697975e+01 -2.50725141e-02 -6.80089092e-03 -6.80088928e-03 7.13254574e+01 7.13254574e+01 1.03835773e+02 1.73372523e+02 2.06376312e+02 2.86267015e+02 3.25785591e+02 4.22401145e+02 5.26057434e+02 6.30635204e+02 7.35965472e+02 9.56656655e-16 4.81695000e-16 2.78709228e-05 1.60456162e-16 1.13510473e-14 2.72369629e-27 1.56557741e-16 9.99862710e-01 5.66468464e-16 9.93877450e-01 6.80905399e-01 8.33984614e-01 9.71835667e-01 9.83228736e-01 9.85861111e-01 9.84984381e-01 2.61028618e-18 3.12056658e-18 1.40808814e-06 3.39725510e-07 3.39725510e-07 3.56292512e-03 3.56292512e-03 2.90195776e-04 7.01469054e-18 1.93502982e-03 1.28263664e-02 9.66371901e-03 4.12721765e-03 3.19404908e-03 2.93463676e-03 3.02358686e-03
8.58858859e-02 -2.06697975e+01 -2.06697975e+01 -2.50725133e-02 -6.80089872e-03 -6.80089275e-03 7.13254574e+01 7.13254574e+01 1.03835372e+02 1.73372523e+02 2.06370644e+02 2.86216811e+02 3.25800125e+02 4.22419840e+02 5.26077319e+02 6.30658648e+02 7.35997027e+02 5.05617201e-16 1.83126147e-16 2.79197336e-05 1.56408516e-16 5.35012302e-14 4.18671207e-30 1.58979152e-16 9.99862218e-01 1.00737703e-15 9.93853756e-01 6.80989078e-01 8.34187777e-01 9.71778897e-01 9.83183681e-01 9.85816681e-01 9.84924352e-01 2.07205417e-18 5.02099182e-18 1.40808814e-06 3.39725510e-07 3.39725510e-07 3.56292512e-03 3.56292512e-03 2.90715894e-04 1.99240265e-18 1.93875892e-03 1.28250038e-02 9.65833910e-03 4.13131566e-03 3.19830013e-03 2.93921115e-03 3.02957881e-03
8.60360360e-02 -2.06697975e+01 -2.06697975e+01 -2.50725137e-02 -6.80089488e-03 -6.80088172e-03 7.13254574e+01 7.13254574e+01 1.03834971e+02 1.73372523e+02 2.06364963e+02 2.86166602e+02 3.25814633e+02 4.22438542e+02 5.26097223e+02 6.30682126e+02 7.36028654e+02 7.66613157e-16 1.08050599e-15 2.79685443e-05 1.54185757e-16 6.50481129e-14 1.38103432e-16 2.76888566e-27 9.99861724e-01 5.57270343e-16 9.93830005e-01 6.81073108e-01 8.34390738e-01 9.71722233e-01 9.83138636e-01 9.85772217e-01 9.84864168e-01 7.19665970e-18 5.11838952e-18 1.40808814e-06 3.39725510e-07 3.39725510e-07 3.56292512e-03 3.56292512e-03 2.91236075e-04 2.25346478e-18 1.94248973e-03 1.28236351e-02 9.65296020e-03 4.13540169e-03 3.20254451e-03 2.94378181e-03 3.03557400e-03
8.61861862e-02 -2.06697975e+01 -2.06697975e+01 -2.50725143e-02 -6.80089406e-03 -6.80088653e-03 7.13254574e+01 7.13254574e+01 1.03834569e+02 1.73372523e+02 2.06359270e+02 2.86116388e+02 3.25829114e+02 4.22457250e+02 5.26117147e+02 6.30705637e+02 7.36060353e+02 2.87648756e-16 7.06644142e-16 2.80173550e-05 5.37526991e-14 3.22652331e-16 1.15836382e-16 4.20272039e-30 9.99861230e-01 7.29555987e-16 9.93806197e-01 6.81157491e-01 8.34593499e-01 9.71665676e-01 9.83093600e-01 9.85727717e-01 9.84803829e-01 1.02489437e-17 1.82396477e-18 1.40808814e-06 3.39725510e-07 3.39725510e-07 3.56292512e-03 3.56292512e-03 2.91756320e-04 7.22686232e-18 1.94622225e-03 1.28222603e-02 9.64758231e-03 4.13947576e-03 3.20678220e-03 2.94834872e-03 3.04157245e-03
8.63363363e-02 -2.06697975e+01 -2.06697975e+01 -2.50725145e-02 -6.80091232e-03 -6.80089823e-03 7.13254574e+01 7.13254574e+01 1.03834166e+02 1.73372523e+02 2.06353565e+02 2.86066171e+02 3.25843568e+02 4.22475966e+02 5.26137091e+02 6.30729181e+02 7.36092123e+02 5.41430226e-16 8.47954737e-16 2.80661657e-05 9.39955159e-17 5.38500937e-14 2.22995925e-16 4.21072993e-30 9.99860734e-01 1.71736819e-15 9.93782332e-01 6.81242225e-01 8.34796059e-01 9.71609227e-01 9.83048573e-01 9.85683184e-01 9.84743334e-01 8.42839131e-19 4.26276703e-18 1.40808814e-06 3.39725510e-07 3.39725510e-07 3.56292512e-03 3.56292512e-03 2.92276627e-04 1.06542584e-17 1.94995648e-03 1.28208795e-02 9.64220546e-03 4.14353787e-03 3.21101319e-03 2.95291186e-03 3.04757414e-03
8.64864865e-02 -2.06697975e+01 -2.06697975e+01 -2.50725144e-02 -6.80090615e-03 -6.80087917e-03 7.13254574e+01 7.13254574e+01 1.03833762e+02 1.73372523e+02 2.06347848e+02 2.86015949e+02 3.25857995e+02 4.22494689e+02 5.26157054e+02 6.30752759e+02 7.36123966e+02 1.21824535e-15 5.01502778e-16 2.81149764e-05 1.14194045e-14 9.39787369e-17 1.48426779e-16 2.77752910e-27 9.99860238e-01 1.70859503e-15 9.93758409e-01 6.81327310e-01 8.34998418e-01 9.71552885e-01 9.83003556e-01 9.85638616e-01 9.84682683e-01 4.26326862e-18 1.29333250e-18 1.40808814e-06 3.39725510e-07 3.39725510e-07 3.56292512e-03 3.56292512e-03 2.92796998e-04 1.49910671e-17 1.95369242e-03 1.28194926e-02 9.63682965e-03 4.14758803e-03 3.21523749e-03 2.95747124e-03 3.05357908e-03
8.66366366e-02 -2.06697975e+01 -2.06697975e+01 -2.50725137e-02 -6.80090078e-03 -6.80089249e-03 7.13254574e+01 7.13254574e+01 1.03833358e+02 1.73372523e+02 2.06342118e+02 2.85965723e+02 3.25872396e+02 4.22513418e+02 5.26177036e+02 6.30776370e+02 7.36155881e+02 9.61341771e-16 9.61771649e-16 2.81637872e-05 9.25769120e-14 2.75553553e-16 1.97423095e-16 2.77277133e-27 9.99859741e-01 4.99285001e-16 9.93734429e-01 6.81412744e-01 8.35200575e-01 9.71496651e-01 9.82958550e-01 9.85594015e-01 9.84621876e-01 5.81117590e-18 4.94286241e-18 1.40808814e-06 3.39725510e-07 3.39725510e-07 3.56292512e-03 3.56292512e-03 2.93317433e-04 1.81052012e-18 1.95743008e-03 1.28180997e-02 9.63145489e-03 4.15162626e-03 3.21945507e-03 2.96202683e-03 3.05958727e-03
8.67867868e-02 -2.06697975e+01 -2.06697975e+01 -2.50725138e-02 -6.80089064e-03 -6.80088379e-03 7.13254574e+01 7.13254574e+01 1.03832952e+02 1.73372523e+02 2.06336375e+02 2.85915492e+02 3.25886771e+02 4.22532154e+02 5.26197037e+02 6.30800014e+02 7.36187867e+02 8.58407881e-16 8.65649682e-16 2.82125979e-05 2.35997531e-16 6.56772712e-14 1.96162092e-16 2.77635393e-27 9.99859242e-01 2.86987526e-16 9.93710391e-01 6.81498527e-01 8.35402530e-01 9.71440525e-01 9.82913555e-01 9.85549380e-01 9.84560913e-01 2.37572287e-18 3.64121021e-18 1.40808814e-06 3.39725510e-07 3.39725510e-07 3.56292512e-03 3.56292512e-03 2.93837931e-04 7.57966397e-20 1.96116945e-03 1.28167008e-02 9.62608121e-03 4.15565255e-03 3.22366594e-03 2.96657862e-03 3.06559872e-03
8.69369369e-02 -2.06697975e+01 -2.06697975e+01 -2.50725141e-02 -6.80089048e-03 -6.80088819e-03 7.13254574e+01 7.13254574e+01 1.03832546e+02 1.73372523e+02 2.06330621e+02 2.85865258e+02 3.25901118e+02 4.22550897e+02 5.26217058e+02 6.30823691e+02 7.36219926e+02 5.97519067e-16 3.06123199e-16 2.82614086e-05 1.77798004e-16 1.14905151e-14 2.78204048e-27 2.55433296e-16 9.99858743e-01 4.52813975e-16 9.93686296e-01 6.81584659e-01 8.35604283e-01 9.71384508e-01 9.82868570e-01 9.85504713e-01 9.84499793e-01 5.31611201e-18 8.19124690e-18 1.40808814e-06 3.39725510e-07 3.39725510e-07 3.56292512e-03 3.56292512e-03 2.94358493e-04 1.91577549e-17 1.96491055e-03 1.28152959e-02 9.62070860e-03 4.15966693e-03 3.22787009e-03 2.97112661e-03 3.07161342e-03
8.70870871e-02 -2.06697975e+01 -2.06697975e+01 -2.50725145e-02 -6.80090395e-03 -6.80089707e-03 7.13254574e+01 7.13254574e+01 1.03832140e+02 1.73372523e+02 2.06324853e+02 2.85815020e+02 3.25915440e+02 4.22569647e+02 5.26237098e+02 6.30847401e+02 7.36252058e+02 7.45031120e-16 3.45525041e-16 2.83102193e-05 1.08508380e-13 3.11823660e-16 5.14835888e-17 8.50166345e-30 9.99858243e-01 1.81248120e-15 9.93662144e-01 6.81671139e-01 8.35805834e-01 9.71328601e-01 9.82823598e-01 9.85460012e-01 9.84438517e-01 4.36985294e-18 1.24524020e-17 1.40808814e-06 3.39725510e-07 3.39725510e-07 3.56292512e-03 3.56292512e-03 2.94879118e-04 6.05638754e-18 1.96865336e-03 1.28138850e-02 9.61533708e-03 4.16366939e-03 3.23206751e-03 2.97567077e-03 3.07763137e-03
8.72372372e-02 -2.06697975e+01 -2.06697975e+01 -2.50725138e-02 -6.80090004e-03 -6.80089497e-03 7.13254574e+01 7.13254574e+01 1.03831732e+02 1.73372523e+02 2.06319074e+02 2.85764778e+02 3.25929735e+02 4.22588403e+02 5.26257157e+02 6.30871144e+02 7.36284261e+02 9.81140481e-16 1.86779148e-16 2.83590301e-05 1.20436854e-13 5.49612664e-16 1.44395073e-16 2.77664244e-27 9.99857742e-01 1.89818943e-16 9.93637933e-01 6.81757966e-01 8.36007183e-01 9.71272803e-01 9.82778637e-01 9.85415279e-01 9.84377083e-01 5.24380382e-18 2.58786170e-18 1.40808814e-06 3.39725510e-07 3.39725510e-07 3.56292512e-03 3.56292512e-03 2.95399807e-04 7.88205228e-18 1.97239790e-03 1.28124681e-02 9.60996667e-03 4.16765995e-03 3.23625820e-03 2.98021110e-03 3.08365258e-03
8.73873874e-02 -2.06697975e+01 -2.06697975e+01 -2.50725144e-02 -6.80090103e-03 -6.80088964e-03 7.13254574e+01 7.13254574e+01 1.03831324e+02 1.73372523e+02 2.06313282e+02 2.85714532e+02 3.25944003e+02 4.22607165e+02 5.26277235e+02 6.30894920e+02 7.36316538e+02 2.88868345e-16 5.65353769e-16 2.84078408e-05 1.16131863e-14 1.14232947e-16 2.21665625e-16 2.78656166e-27 9.99857240e-01 2.61894086e-16 9.93613665e-01 6.81845139e-01 8.36208329e-01 9.71217114e-01 9.82733688e-01 9.85370513e-01 9.84315492e-01 2.39371550e-18 3.57509728e-18 1.40808814e-06 3.39725510e-07 3.39725510e-07 3.56292512e-03 3.56292512e-03 2.95920561e-04 2.29551569e-18 1.97614416e-03 1.28110452e-02 9.60459737e-03 4.17163861e-03 3.24044213e-03 2.98474759e-03 3.08967705e-03
8.75375375e-02 -2.06697975e+01 -2.06697975e+01 -2.50725138e-02 -6.80090023e-03 -6.80089073e-03 7.13254574e+01 7.13254574e+01 1.03830915e+02 1.73372523e+02 2.06307477e+02 2.85664283e+02 3.25958246e+02 4.22625934e+02 5.26297331e+02 6.30918729e+02 7.36348886e+02 4.26583396e-16 1.04934782e-15 2.84566515e-05 2.81802476e-16 1.09209947e-13 1.93983294e-16 8.54987259e-30 9.99856737e-01 4.81892113e-16 9.93589339e-01 6.81932658e-01 8.36409272e-01 9.71161536e-01 9.82688751e-01 9.85325716e-01 9.84253744e-01 6.44926728e-18 4.33047454e-18 1.40808814e-06 3.39725510e-07 3.39725510e-07 3.56292512e-03 3.56292512e-03 2.96441379e-04 5.90479426e-18 1.97989215e-03 1.28096163e-02 9.59922920e-03 4.17560539e-03 3.24461932e-03 2.98928022e-03 3.09570478e-03
8.76876877e-02 -2.06697975e+01 -2.06697975e+01 -2.50725140e-02 -6.80089653e-03 -6.80088372e-03 7.13254574e+01 7.13254574e+01 1.03830506e+02 1.73372523e+02 2.06301661e+02 2.85614029e+02 3.25972462e+02 4.22644708e+02 5.26317447e+02 6.30942571e+02 7.36381308e+02 4.17662830e-16 1.27122466e-15 2.85054622e-05 1.16014141e-14 9.32722982e-17 1.83262740e-16 2.78958124e-27 9.99856233e-01 7.74256862e-16 9.93564955e-01 6.82020522e-01 8.36610012e-01 9.71106069e-01 9.82643828e-01 9.85280887e-01 9.84191838e-01 9.83652654e-18 2.74288521e-18 1.40808814e-06 3.39725510e-07 3.39725510e-07 3.56292512e-03 3.56292512e-03 2.96962260e-04 1.74533206e-17 1.98364187e-03 1.28081814e-02 9.59386217e-03 4.17956030e-03 3.24878976e-03 2.99380899e-03 3.10173577e-03
8.78378378e-02 -2.06697975e+01 -2.06697975e+01 -2.50725145e-02 -6.80089728e-03 -6.80089517e-03 7.13254574e+01 7.13254574e+01 1.03830095e+02 1.73372523e+02 2.06295831e+02 2.85563773e+02 3.25986652e+02 4.22663489e+02 5.26337581e+02 6.30966445e+02 7.36413802e+02 4.51501460e-16 9.12406501e-16 2.85542730e-05 1.49352315e-16 1.16165049e-14 2.79109267e-27 2.72372033e-16 9.99855728e-01 4.51603950e-16 9.93540513e-01 6.82108730e-01 8.36810548e-01 9.71050712e-01 9.82598918e-01 9.85236026e-01 9.84129774e-01 5.61396443e-19 4.87325744e-18 1.40808814e-06 3.39725510e-07 3.39725510e-07 3.56292512e-03 3.56292512e-03 2.97483207e-04 8.02188390e-18 1.98739332e-03 1.28067406e-02 9.58849630e-03 4.18350334e-03 3.25295342e-03 2.99833387e-03 3.10777003e-03
8.79879880e-02 -2.06697975e+01 -2.06697975e+01 -2.50725126e-02 -6.80089433e-03 -6.80089409e-03 7.13254574e+01 7.13254574e+01 1.03829684e+02 1.73372523e+02 2.06289989e+02 2.85513513e+02 3.26000815e+02 4.22682277e+02 5.26357735e+02 6.30990353e+02 7.36446369e+02 1.28506339e-15 3.45094516e-15 2.86030837e-05 5.11906491e-15 5.46462716e-14 2.00395927e-19 5.22050442e-18 9.99855222e-01 6.52766479e-16 9.93516013e-01 6.82197282e-01 8.37010881e-01 9.70995467e-01 9.82554021e-01 9.85191134e-01 9.84067552e-01 4.90588650e-19 2.91430993e-18 1.40808814e-06 3.39725510e-07 3.39725510e-07 3.56292512e-03 3.56292512e-03 2.98004217e-04 3.95789901e-18 1.99114650e-03 1.28052938e-02 9.58313158e-03 4.18743453e-03 3.25711032e-03 3.00285486e-03 3.11380754e-03
8.81381381e-02 -2.06697975e+01 -2.06697975e+01 -2.50725148e-02 -6.80090193e-03 -6.80088773e-03 7.13254574e+01 7.13254574e+01 1.03829272e+02 1.73372523e+02 2.06284135e+02 2.85463249e+02 3.26014953e+02 4.22701070e+02 5.26377906e+02 6.31014293e+02 7.36479009e+02 9.49235049e-16 3.14015263e-16 2.86518944e-05 1.21639574e-13 1.70440639e-16 2.78561173e-27 3.61399448e-16 9.99854715e-01 6.42742259e-16 9.93491454e-01 6.82286177e-01 8.37211010e-01 9.70940334e-01 9.82509138e-01 9.85146212e-01 9.84005171e-01 9.88926549e-18 1.13341147e-17 1.40808814e-06 3.39725510e-07 3.39725510e-07 3.56292512e-03 3.56292512e-03 2.98525293e-04 9.43158378e-19 1.99490142e-03 1.28038410e-02 9.57776804e-03 4.19135386e-03 3.26126044e-03 3.00737194e-03 3.11984832e-03
8.82882883e-02 -2.06697975e+01 -2.06697975e+01 -2.50725138e-02 -6.80090392e-03 -6.80089212e-03 7.13254574e+01 7.13254574e+01 1.03828860e+02 1.73372523e+02 2.06278268e+02 2.85412982e+02 3.26029064e+02 4.22719869e+02 5.26398097e+02 6.31038265e+02 7.36511722e+02 5.89566955e-16 4.11970810e-16 2.87007051e-05 1.17298012e-14 8.98079214e-17 2.79563352e-27 1.96883216e-16 9.99854208e-01 8.40356193e-16 9.93466838e-01 6.82375415e-01 8.37410935e-01 9.70885313e-01 9.82464270e-01 9.85101259e-01 9.83942632e-01 1.86629069e-18 3.30760443e-18 1.40808814e-06 3.39725510e-07 3.39725510e-07 3.56292512e-03 3.56292512e-03 2.99046433e-04 1.56883079e-17 1.99865808e-03 1.28023823e-02 9.57240569e-03 4.19526137e-03 3.26540378e-03 3.01188511e-03 3.12589237e-03
8.84384384e-02 -2.06697975e+01 -2.06697975e+01 -2.50725126e-02 -6.80089338e-03 -6.80088898e-03 7.13254574e+01 7.13254574e+01 1.03828446e+02 1.73372523e+02 2.06272389e+02 2.85362712e+02 3.26043149e+02 4.22738674e+02 5.26418305e+02 6.31062270e+02 7.36544508e+02 1.50654970e-15 7.31283532e-16 2.87495158e-05 2.43829219e-16 5.51331552e-14 4.32324410e-30 6.26162360e-17 9.99853699e-01 2.33593775e-15 9.93442163e-01 6.82464993e-01 8.37610655e-01 9.70830404e-01 9.82419416e-01 9.85056276e-01 9.83879933e-01 5.02461519e-18 8.96863085e-18 1.40808814e-06 3.39725510e-07 3.39725510e-07 3.56292512e-03 3.56292512e-03 2.99567638e-04 6.54138311e-18 2.00241647e-03 1.28009176e-02 9.56704453e-03 4.19915704e-03 3.26954032e-03 3.01639435e-03 3.13193968e-03
8.85885886e-02 -2.06697975e+01 -2.06697975e+01 -2.50725142e-02 -6.80090253e-03 -6.80088302e-03 7.13254574e+01 7.13254574e+01 1.03828032e+02 1.73372523e+02 2.06266497e+02 2.85312438e+02 3.26057209e+02 4.22757484e+02 5.26438532e+02 6.31086308e+02 7.36577367e+02 1.30800813e-15 4.86463363e-16 2.87983266e-05 2.13759594e-16 6.69921594e-14 6.79761168e-17 2.79569798e-27 9.99853189e-01 2.92735049e-16 9.93417429e-01 6.82554913e-01 8.37810171e-01 9.70775608e-01 9.82374578e-01 9.85011262e-01 9.83817076e-01 3.14967433e-18 1.22428156e-17 1.40808814e-06 3.39725510e-07 3.39725510e-07 3.56292512e-03 3.56292512e-03 3.00088908e-04 4.32166406e-18 2.00617661e-03 1.27994470e-02 9.56168458e-03 4.20304090e-03 3.27367007e-03 3.02089965e-03 3.13799025e-03
8.87387387e-02 -2.06697975e+01 -2.06697975e+01 -2.50725151e-02 -6.80089808e-03 -6.80089550e-03 7.13254574e+01 7.13254574e+01 1.03827618e+02 1.73372523e+02 2.06260593e+02 2.85262162e+02 3.26071242e+02 4.22776301e+02 5.26458778e+02 6.31110378e+02 7.36610299e+02 7.83013989e-16 3.02949193e-16 2.88471373e-05 1.02761863e-15 1.22443743e-13 9.46042959e-17 2.79328053e-27 9.99852679e-01 4.29543862e-16 9.93392638e-01 6.82645173e-01 8.38009483e-01 9.70720924e-01 9.82329754e-01 9.84966219e-01 9.83754059e-01 1.70629028e-17 1.29259967e-18 1.40808814e-06 3.39725510e-07 3.39725510e-07 3.56292512e-03 3.56292512e-03 3.00610243e-04 4.26101205e-18 2.00993848e-03 1.27979705e-02 9.55632586e-03 4.20691294e-03 3.27779301e-03 3.02540099e-03 3.14404410e-03
8.88888889e-02 -2.06697975e+01 -2.06697975e+01 -2.50725139e-02 -6.80089812e-03 -6.80089077e-03 7.13254574e+01 7.13254574e+01 1.03827202e+02 1.73372523e+02 2.06254676e+02 2.85211882e+02 3.26085249e+02 4.22795122e+02 5.26479042e+02 6.31134481e+02 7.36643305e+02 1.07834961e-15 4.79387108e-16 2.88959480e-05 6.72677018e-14 1.57606563e-16 1.67300771e-16 2.80040745e-27 9.99852167e-01 3.93397792e-16 9.93367787e-01 6.82735773e-01 8.38208589e-01 9.70666355e-01 9.82284947e-01 9.84921147e-01 9.83690883e-01 4.74846716e-18 8.02215559e-18 1.40808814e-06 3.39725510e-07 3.39725510e-07 3.56292512e-03 3.56292512e-03 3.01131643e-04 1.00597204e-17 2.01370211e-03 1.27964881e-02 9.55096837e-03 4.21077319e-03 3.28190914e-03 3.02989837e-03 3.15010122e-03
8.90390390e-02 -2.06697975e+01 -2.06697975e+01 -2.50725137e-02 -6.80090616e-03 -6.80090026e-03 7.13254574e+01 7.13254574e+01 1.03826786e+02 1.73372523e+02 2.06248746e+02 2.85161600e+02 3.26099231e+02 4.22813950e+02 5.26499324e+02 6.31158616e+02 7.36676384e+02 1.52305181e-15 2.33331663e-16 2.89447587e-05 1.22879253e-13 4.72411235e-16 9.56905692e-17 2.79798144e-27 9.99851655e-01 5.64155171e-16 9.93342878e-01 6.82826711e-01 8.38407491e-01 9.70611899e-01 9.82240155e-01 9.84876046e-01 9.83627546e-01 6.11346707e-18 1.37932697e-18 1.40808814e-06 3.39725510e-07 3.39725510e-07 3.56292512e-03 3.56292512e-03 3.01653108e-04 8.82506363e-19 2.01746748e-03 1.27949997e-02 9.54561212e-03 4.21462166e-03 3.28601845e-03 3.03439177e-03 3.15616160e-03
8.91891892e-02 -2.06697975e+01 -2.06697975e+01 -2.50725142e-02 -6.80089911e-03 -6.80089313e-03 7.13254574e+01 7.13254574e+01 1.03826369e+02 1.73372523e+02 2.06242804e+02 2.85111315e+02 3.26113187e+02 4.22832783e+02 5.26519624e+02 6.31182783e+02 7.36709536e+02 5.82880469e-16 5.92371547e-16 2.89935695e-05 1.23036165e-13 5.10310031e-16 3.70367342e-16 2.79949152e-27 9.99851141e-01 5.63619166e-16 9.93317910e-01 6.82917988e-01 8.38606187e-01 9.70557557e-01 9.82195380e-01 9.84830916e-01 9.83564050e-01 7.77518321e-18 4.06113995e-18 1.40808814e-06 3.39725510e-07 3.39725510e-07 3.56292512e-03 3.56292512e-03 3.02174639e-04 1.21598217e-18 2.02123460e-03 1.27935055e-02 9.54025714e-03 4.21845834e-03 3.29012094e-03 3.03888118e-03 3.16222526e-03
8.93393393e-02 -2.06697975e+01 -2.06697975e+01 -2.50725143e-02 -6.80089958e-03 -6.80089366e-03 7.13254574e+01 7.13254574e+01 1.03825951e+02 1.73372523e+02 2.06236849e+02 2.85061027e+02 3.26127116e+02 4.22851621e+02 5.26539942e+02 6.31206982e+02 7.36742763e+02 6.48647517e-16 7.04301874e-16 2.90423802e-05 2.53520796e-16 6.74907068e-14 2.55177505e-23 7.18958494e-17 9.99850627e-01 3.37824658e-16 9.93292883e-01 6.83009602e-01 8.38804677e-01 9.70503330e-01 9.82150622e-01 9.84785757e-01 9.83500393e-01 4.96282461e-18 2.01716787e-18 1.40808814e-06 3.39725510e-07 3.39725510e-07 3.56292512e-03 3.56292512e-03 3.02696236e-04 1.14727297e-17 2.02500346e-03 1.27920053e-02 9.53490341e-03 4.22228325e-03 3.29421659e-03 3.04336659e-03 3.16829219e-03
8.94894895e-02 -2.06697975e+01 -2.06697975e+01 -2.50725140e-02 -6.80089643e-03 -6.80089588e-03 7.13254574e+01 7.13254574e+01 1.03825533e+02 1.73372523e+02 2.06230882e+02 2.85010736e+02 3.26141021e+02 4.22870464e+02 5.26560278e+02 6.31231214e+02 7.36776063e+02 1.44186925e-15 2.04800053e-15 2.90911909e-05 1.23413407e-13 4.97108705e-15 1.75287463e-16 2.80251499e-27 9.99850112e-01 5.58353586e-16 9.93267797e-01 6.83101553e-01 8.39002962e-01 9.70449217e-01 9.82105881e-01 9.84740571e-01 9.83436576e-01 6.47497683e-18 5.00692785e-18 1.40808814e-06 3.39725510e-07 3.39725510e-07 3.56292512e-03 3.56292512e-03 3.03217898e-04 1.33721269e-18 2.02877409e-03 1.27904992e-02 9.52955097e-03 4.22609641e-03 3.29830541e-03 3.04784799e-03 3.17436239e-03
8.96396396e-02 -2.06697975e+01 -2.06697975e+01 -2.50725138e-02 -6.80089328e-03 -6.80089306e-03 7.13254574e+01 7.13254574e+01 1.03825113e+02 1.73372523e+02 2.06224902e+02 2.84960442e+02 3.26154899e+02 4.22889313e+02 5.26580632e+02 6.31255477e+02 7.36809436e+02 4.94829577e-16 4.59027668e-16 2.91400016e-05 1.23088660e-13 1.24111701e-14 2.80402838e-27 2.01284937e-16 9.99849595e-01 1.97180963e-16 9.93242653e-01 6.83193840e-01 8.39201041e-01 9.70395219e-01 9.82061157e-01 9.84695356e-01 9.83372597e-01 8.21200790e-18 7.66280678e-18 1.40808814e-06 3.39725510e-07 3.39725510e-07 3.56292512e-03 3.56292512e-03 3.03739625e-04 1.84080937e-18 2.03254646e-03 1.27889873e-02 9.52419982e-03 4.22989782e-03 3.30238739e-03 3.05232536e-03 3.18043587e-03
8.97897898e-02 -2.06697975e+01 -2.06697975e+01 -2.50725137e-02 -6.80090706e-03 -6.80087947e-03 7.13254574e+01 7.13254574e+01 1.03824693e+02 1.73372523e+02 2.06218909e+02 2.84910146e+02 3.26168752e+02 4.22908166e+02 5.26601003e+02 6.31279773e+02 7.36842884e+02 1.08726232e-15 5.22851330e-16 2.91888124e-05 1.23876719e-13 9.76263976e-17 1.38791335e-16 2.80554287e-27 9.99849078e-01 1.76829252e-16 9.93217449e-01 6.83286462e-01 8.39398914e-01 9.70341337e-01 9.82016452e-01 9.84650114e-01 9.83308458e-01 6.21512047e-18 1.12522174e-19 1.40808814e-06 3.39725510e-07 3.39725510e-07 3.56292512e-03 3.56292512e-03 3.04261419e-04 3.12082652e-18 2.03632059e-03 1.27874694e-02 9.51884997e-03 4.23368749e-03 3.30646252e-03 3.05679869e-03 3.18651262e-03
8.99399399e-02 -2.06697975e+01 -2.06697975e+01 -2.50725145e-02 -6.80088675e-03 -6.80088245e-03 7.13254574e+01 7.13254574e+01 1.03824273e+02 1.73372523e+02 2.06212904e+02 2.84859848e+02 3.26182579e+02 4.22927025e+02 5.26621393e+02 6.31304101e+02 7.36876405e+02 6.32511927e-16 4.77558015e-16 2.92376231e-05 1.24185305e-13 6.16109534e-16 2.80705847e-27 1.47310663e-16 9.99848560e-01 4.73498214e-16 9.93192186e-01 6.83379420e-01 8.39596581e-01 9.70287571e-01 9.81971764e-01 9.84604844e-01 9.83244157e-01 5.27051258e-18 1.04209666e-17 1.40808814e-06 3.39725510e-07 3.39725510e-07 3.56292512e-03 3.56292512e-03 3.04783279e-04 5.31025632e-18 2.04009648e-03 1.27859457e-02 9.51350143e-03 4.23746544e-03 3.31053078e-03 3.06126797e-03 3.19259264e-03
9.00900901e-02 -2.06697975e+01 -2.06697975e+01 -2.50725146e-02 -6.80089338e-03 -6.80088785e-03 7.13254574e+01 7.13254574e+01 1.03823851e+02 1.73372523e+02 2.06206886e+02 2.84809547e+02 3.26196381e+02 4.22945889e+02 5.26641800e+02 6.31328461e+02 7.36910001e+02 2.01585673e-15 9.07305622e-16 2.92864338e-05 5.09810939e-16 1.24336603e-13 2.80857518e-27 1.24416973e-16 9.99848041e-01 7.35102345e-16 9.93166864e-01 6.83472711e-01 8.39794041e-01 9.70233921e-01 9.81927095e-01 9.84559548e-01 9.83179695e-01 5.14041663e-18 2.60055753e-18 1.40808814e-06 3.39725510e-07 3.39725510e-07 3.56292512e-03 3.56292512e-03 3.05305205e-04 1.09270822e-17 2.04387413e-03 1.27844161e-02 9.50815422e-03 4.24123166e-03 3.31459219e-03 3.06573318e-03 3.19867595e-03
9.02402402e-02 -2.06697975e+01 -2.06697975e+01 -2.50725145e-02 -6.80090054e-03 -6.80089939e-03 7.13254574e+01 7.13254574e+01 1.03823429e+02 1.73372523e+02 2.06200855e+02 2.84759244e+02 3.26210157e+02 4.22964757e+02 5.26662225e+02 6.31352852e+02 7.36943670e+02 9.36810036e-16 1.95791297e-16 2.93352445e-05 1.23239374e-15 6.82175127e-14 2.35081286e-16 2.81446141e-27 9.99847521e-01 5.71671865e-16 9.93141482e-01 6.83566336e-01 8.39991295e-01 9.70180387e-01 9.81882445e-01 9.84514225e-01 9.83115071e-01 4.54711647e-18 4.81157253e-18 1.40808814e-06 3.39725510e-07 3.39725510e-07 3.56292512e-03 3.56292512e-03 3.05827197e-04 9.34395196e-18 2.04765355e-03 1.27828807e-02 9.50280834e-03 4.24498618e-03 3.31864673e-03 3.07019432e-03 3.20476253e-03
9.03903904e-02 -2.06697975e+01 -2.06697975e+01 -2.50725145e-02 -6.80090182e-03 -6.80088956e-03 7.13254574e+01 7.13254574e+01 1.03823006e+02 1.73372523e+02 2.06194812e+02 2.84708938e+02 3.26223907e+02 4.22983630e+02 5.26682667e+02 6.31377276e+02 7.36977414e+02 1.77042401e-15 2.04205553e-15 2.93840552e-05 1.24810707e-13 2.20110327e-16 2.85814608e-27 1.64993763e-16 9.99847000e-01 7.35365796e-16 9.93116041e-01 6.83660294e-01 8.40188341e-01 9.70126969e-01 9.81837814e-01 9.84468875e-01 9.83050285e-01 3.43710741e-18 5.84186415e-18 1.40808814e-06 3.39725510e-07 3.39725510e-07 3.56292512e-03 3.56292512e-03 3.06349255e-04 8.84035528e-18 2.05143472e-03 1.27813394e-02 9.49746381e-03 4.24872901e-03 3.32269439e-03 3.07465138e-03 3.21085238e-03
9.05405405e-02 -2.06697975e+01 -2.06697975e+01 -2.50725142e-02 -6.80090026e-03 -6.80089497e-03 7.13254574e+01 7.13254574e+01 1.03822582e+02 1.73372523e+02 2.06188755e+02 2.84658631e+02 3.26237633e+02 4.23002508e+02 5.26703127e+02 6.31401731e+02 7.37011232e+02 8.24176701e-16 5.21051560e-16 2.94328660e-05 1.24937230e-13 4.46867050e-16 1.54370480e-16 2.85966831e-27 9.99846478e-01 2.89435673e-16 9.93090541e-01 6.83754583e-01 8.40385181e-01 9.70073669e-01 9.81793203e-01 9.84423500e-01 9.82985337e-01 5.20613793e-18 1.42028516e-18 1.40808814e-06 3.39725510e-07 3.39725510e-07 3.56292512e-03 3.56292512e-03 3.06871380e-04 1.13514992e-17 2.05521766e-03 1.27797923e-02 9.49212063e-03 4.25246014e-03 3.32673517e-03 3.07910433e-03 3.21694552e-03
9.06906907e-02 -2.06697975e+01 -2.06697975e+01 -2.50725139e-02 -6.80089996e-03 -6.80089156e-03 7.13254574e+01 7.13254574e+01 1.03822158e+02 1.73372523e+02 2.06182687e+02 2.84608321e+02 3.26251332e+02 4.23021391e+02 5.26723604e+02 6.31426218e+02 7.37045124e+02 4.26344531e-16 2.64821520e-16 2.94816767e-05 9.68612637e-14 2.91888255e-16 1.85044099e-16 2.91007673e-27 9.99845955e-01 1.87894853e-16 9.93064981e-01 6.83849204e-01 8.40581814e-01 9.70020486e-01 9.81748611e-01 9.84378098e-01 9.82920227e-01 3.94803791e-18 1.90208059e-18 1.40808814e-06 3.39725510e-07 3.39725510e-07 3.56292512e-03 3.56292512e-03 3.07393571e-04 8.18516533e-18 2.05900237e-03 1.27782393e-02 9.48677883e-03 4.25617961e-03 3.33076906e-03 3.08355318e-03 3.22304193e-03
9.08408408e-02 -2.06697975e+01 -2.06697975e+01 -2.50725146e-02 -6.80090081e-03 -6.80089390e-03 7.13254574e+01 7.13254574e+01 1.03821733e+02 1.73372523e+02 2.06176605e+02 2.84558009e+02 3.26265007e+02 4.23040278e+02 5.26744099e+02 6.31450736e+02 7.37079091e+02 1.30707425e-15 5.88726033e-16 2.95304874e-05 6.86739406e-14 2.47815478e-16 2.86044584e-16 2.91380320e-27 9.99845431e-01 1.06344460e-15 9.93039361e-01 6.83944156e-01 8.40778239e-01 9.69967421e-01 9.81704040e-01 9.84332672e-01 9.82854953e-01 9.09384696e-18 2.21233595e-18 1.40808814e-06 3.39725510e-07 3.39725510e-07 3.56292512e-03 3.56292512e-03 3.07915829e-04 1.42752986e-17 2.06278885e-03 1.27766805e-02 9.48143841e-03 4.25988740e-03 3.33479606e-03 3.08799790e-03 3.22914163e-03
9.09909910e-02 -2.06697975e+01 -2.06697975e+01 -2.50725143e-02 -6.80089759e-03 -6.80088774e-03 7.13254574e+01 7.13254574e+01 1.03821307e+02 1.73372523e+02 2.06170511e+02 2.84507695e+02 3.26278656e+02 4.23059169e+02 5.26764611e+02 6.31475287e+02 7.37113133e+02 3.24918016e-16 5.52097701e-16 2.95792981e-05 6.87901831e-14 1.95922755e-16 2.54058089e-16 2.91533903e-27 9.99844906e-01 3.67764600e-16 9.93013681e-01 6.84039438e-01 8.40974456e-01 9.69914473e-01 9.81659490e-01 9.84287220e-01 9.82789517e-01 6.98781614e-19 5.89934184e-18 1.40808814e-06 3.39725510e-07 3.39725510e-07 3.56292512e-03 3.56292512e-03 3.08438154e-04 1.63737871e-17 2.06657710e-03 1.27751159e-02 9.47609937e-03 4.26358355e-03 3.33881615e-03 3.09243848e-03 3.23524460e-03
9.11411411e-02 -2.06697975e+01 -2.06697975e+01 -2.50725136e-02 -6.80088746e-03 -6.80088628e-03 7.13254574e+01 7.13254574e+01 1.03820880e+02 1.73372523e+02 2.06164404e+02 2.84457380e+02 3.26292280e+02 4.23078065e+02 5.26785140e+02 6.31499868e+02 7.37147249e+02 5.69391614e-16 7.94193741e-16 2.96281089e-05 1.80061281e-15 9.73194041e-14 1.64783883e-16 2.91467209e-27 9.99844380e-01 6.65499980e-16 9.92987942e-01 6.84135049e-01 8.41170466e-01 9.69861644e-01 9.81614960e-01 9.84241743e-01 9.82723917e-01 7.78064319e-18 1.39181575e-17 1.40808814e-06 3.39725510e-07 3.39725510e-07 3.56292512e-03 3.56292512e-03 3.08960546e-04 1.49118875e-17 2.07036712e-03 1.27735454e-02 9.47076174e-03 4.26726805e-03 3.34282934e-03 3.09687491e-03 3.24135085e-03
9.12912913e-02 -2.06697975e+01 -2.06697975e+01 -2.50725135e-02 -6.80090882e-03 -6.80089254e-03 7.13254574e+01 7.13254574e+01 1.03820453e+02 1.73372523e+02 2.06158284e+02 2.84407062e+02 3.26305879e+02 4.23096966e+02 5.26805686e+02 6.31524482e+02 7.37181439e+02 2.50717263e-16 1.87682196e-15 2.96769196e-05 1.52024248e-16 1.25958222e-13 2.91399825e-27 1.06944796e-16 9.99843853e-01 4.17438937e-16 9.92962143e-01 6.84230989e-01 8.41366268e-01 9.69808933e-01 9.81570452e-01 9.84196241e-01 9.82658154e-01 2.32755035e-18 1.16668425e-17 1.40808814e-06 3.39725510e-07 3.39725510e-07 3.56292512e-03 3.56292512e-03 3.09483005e-04 1.01506617e-17 2.07415891e-03 1.27719691e-02 9.46542552e-03 4.27094091e-03 3.34683562e-03 3.10130718e-03 3.24746039e-03
9.14414414e-02 -2.06697975e+01 -2.06697975e+01 -2.50725141e-02 -6.80091248e-03 -6.80089235e-03 7.13254574e+01 7.13254574e+01 1.03820025e+02 1.73372523e+02 2.06152151e+02 2.84356743e+02 3.26319452e+02 4.23115870e+02 5.26826249e+02 6.31549126e+02 7.37215705e+02 5.28910612e-16 9.09911231e-16 2.97257303e-05 1.47628364e-16 1.26201896e-13 2.92696798e-27 8.37957799e-17 9.99843325e-01 8.46217700e-16 9.92936283e-01 6.84327257e-01 8.41561862e-01 9.69756341e-01 9.81525965e-01 9.84150716e-01 9.82592227e-01 8.38164742e-18 5.62907472e-18 1.40808814e-06 3.39725510e-07 3.39725510e-07 3.56292512e-03 3.56292512e-03 3.10005531e-04 1.74230314e-17 2.07795249e-03 1.27703870e-02 9.46009073e-03 4.27460216e-03 3.35083498e-03 3.10573528e-03 3.25357320e-03
9.15915916e-02 -2.06697975e+01 -2.06697975e+01 -2.50725149e-02 -6.80088823e-03 -6.80087911e-03 7.13254574e+01 7.13254574e+01 1.03819596e+02 1.73372523e+02 2.06146006e+02 2.84306422e+02 3.26333000e+02 4.23134779e+02 5.26846829e+02 6.31573802e+02 7.37250045e+02 7.18194277e-16 5.54843336e-16 2.97745410e-05 7.70013788e-16 3.33032237e-13 2.22728077e-16 2.94062877e-27 9.99842797e-01 5.32993544e-16 9.92910364e-01 6.84423852e-01 8.41757248e-01 9.69703868e-01 9.81481501e-01 9.84105166e-01 9.82526137e-01 5.21287145e-18 2.92147198e-18 1.40808814e-06 3.39725510e-07 3.39725510e-07 3.56292512e-03 3.56292512e-03 3.10528124e-04 6.09682569e-19 2.08174784e-03 1.27687992e-02 9.45475737e-03 4.27825179e-03 3.35482742e-03 3.11015920e-03 3.25968930e-03
9.17417417e-02 -2.06697975e+01 -2.06697975e+01 -2.50725140e-02 -6.80089572e-03 -6.80089118e-03 7.13254574e+01 7.13254574e+01 1.03819166e+02 1.73372523e+02 2.06139848e+02 2.84256100e+02 3.26346524e+02 4.23153691e+02 5.26867426e+02 6.31598510e+02 7.37284461e+02 5.65236085e-16 9.78798050e-16 2.98233517e-05 1.85969951e-15 3.90849155e-13 2.40893141e-16 2.94940866e-27 9.99842267e-01 3.03212910e-16 9.92884385e-01 6.84520774e-01 8.41952425e-01 9.69651515e-01 9.81437059e-01 9.84059593e-01 9.82459882e-01 6.28083176e-18 3.77288835e-18 1.40808814e-06 3.39725510e-07 3.39725510e-07 3.56292512e-03 3.56292512e-03 3.11050785e-04 3.21176778e-18 2.08554497e-03 1.27672055e-02 9.44942545e-03 4.28188983e-03 3.35881292e-03 3.11457892e-03 3.26580868e-03
9.18918919e-02 -2.06697975e+01 -2.06697975e+01 -2.50725141e-02 -6.80090136e-03 -6.80089924e-03 7.13254574e+01 7.13254574e+01 1.03818736e+02 1.73372523e+02 2.06133677e+02 2.84205776e+02 3.26360022e+02 4.23172608e+02 5.26888040e+02 6.31623249e+02 7.37318951e+02 2.17239970e-16 8.32392139e-16 2.98721625e-05 4.04966314e-15 3.91458389e-13 4.00185507e-17 2.95096731e-27 9.99841736e-01 4.19408687e-16 9.92858345e-01 6.84618022e-01 8.42147394e-01 9.69599281e-01 9.81392640e-01 9.84013997e-01 9.82393463e-01 9.39172329e-19 1.58535789e-17 1.40808814e-06 3.39725510e-07 3.39725510e-07 3.56292512e-03 3.56292512e-03 3.11573513e-04 3.09053727e-18 2.08934388e-03 1.27656060e-02 9.44409499e-03 4.28551627e-03 3.36279149e-03 3.11899442e-03 3.27193135e-03
9.20420420e-02 -2.06697975e+01 -2.06697975e+01 -2.50725138e-02 -6.80088946e-03 -6.80088663e-03 7.13254574e+01 7.13254574e+01 1.03818305e+02 1.73372523e+02 2.06127493e+02 2.84155450e+02 3.26373495e+02 4.23191529e+02 5.26908670e+02 6.31648018e+02 7.37353517e+02 2.90226701e-16 9.58978369e-16 2.99209732e-05 2.99393258e-15 3.92058961e-13 2.95252711e-27 1.36062435e-16 9.99841205e-01 2.76306862e-16 9.92832245e-01 6.84715595e-01 8.42342154e-01 9.69547167e-01 9.81348243e-01 9.83968377e-01 9.82326879e-01 5.10421807e-18 2.45305557e-18 1.40808814e-06 3.39725510e-07 3.39725510e-07 3.56292512e-03 3.56292512e-03 3.12096309e-04 1.81052012e-18 2.09314457e-03 1.27640008e-02 9.43876600e-03 4.28913114e-03 3.36676312e-03 3.12340571e-03 3.27805729e-03
9.21921922e-02 -2.06697975e+01 -2.06697975e+01 -2.50725154e-02 -6.80090294e-03 -6.80089471e-03 7.13254574e+01 7.13254574e+01 1.03817873e+02 1.73372523e+02 2.06121296e+02 2.84105124e+02 3.26386944e+02 4.23210453e+02 5.26929317e+02 6.31672819e+02 7.37388158e+02 9.62040740e-16 5.17762453e-16 2.99697839e-05 6.58204366e-13 1.72776265e-15 2.01948597e-16 2.96183813e-27 9.99840672e-01 3.64804302e-16 9.92806084e-01 6.84813493e-01 8.42536705e-01 9.69495173e-01 9.81303870e-01 9.83922735e-01 9.82260131e-01 3.99013822e-18 4.85102232e-18 1.40808814e-06 3.39725510e-07 3.39725510e-07 3.56292512e-03 3.56292512e-03 3.12619173e-04 1.87450995e-17 2.09694706e-03 1.27623898e-02 9.43343849e-03 4.29273444e-03 3.37072779e-03 3.12781276e-03 3.28418652e-03
9.23423423e-02 -2.06697975e+01 -2.06697975e+01 -2.50725144e-02 -6.80089405e-03 -6.80087717e-03 7.13254574e+01 7.13254574e+01 1.03817440e+02 1.73372523e+02 2.06115086e+02 2.84054796e+02 3.26400367e+02 4.23229381e+02 5.26949981e+02 6.31697652e+02 7.37422874e+02 8.28113622e-16 4.08547055e-16 3.00185946e-05 4.86490284e-13 5.85145951e-16 2.97685635e-27 2.46630418e-16 9.99840139e-01 5.80047978e-16 9.92779863e-01 6.84911715e-01 8.42731047e-01 9.69443300e-01 9.81259521e-01 9.83877070e-01 9.82193217e-01 4.81001571e-18 6.17647364e-18 1.40808814e-06 3.39725510e-07 3.39725510e-07 3.56292512e-03 3.56292512e-03 3.13142104e-04 8.20376643e-18 2.10075132e-03 1.27607730e-02 9.42811246e-03 4.29632618e-03 3.37468552e-03 3.13221556e-03 3.29031904e-03
9.24924925e-02 -2.06697975e+01 -2.06697975e+01 -2.50725133e-02 -6.80090288e-03 -6.80088515e-03 7.13254574e+01 7.13254574e+01 1.03817007e+02 1.73372523e+02 2.06108864e+02 2.84004467e+02 3.26413765e+02 4.23248313e+02 5.26970661e+02 6.31722515e+02 7.37457666e+02 1.47517976e-15 4.06380843e-16 3.00674054e-05 4.87324309e-13 5.74963966e-16 1.20938405e-16 2.72431661e-23 9.99839604e-01 5.54759258e-16 9.92753582e-01 6.85010260e-01 8.42925180e-01 9.69391548e-01 9.81215196e-01 9.83831383e-01 9.82126138e-01 8.07094254e-18 5.80527006e-18 1.40808814e-06 3.39725510e-07 3.39725510e-07 3.56292512e-03 3.56292512e-03 3.13665103e-04 1.09877342e-17 2.10455738e-03 1.27591504e-02 9.42278793e-03 4.29990638e-03 3.37863628e-03 3.13661410e-03 3.29645484e-03
9.26426426e-02 -2.06697975e+01 -2.06697975e+01 -2.50725135e-02 -6.80089546e-03 -6.80088377e-03 7.13254574e+01 7.13254574e+01 1.03816573e+02 1.73372523e+02 2.06102628e+02 2.83954136e+02 3.26427139e+02 4.23267249e+02 5.26991358e+02 6.31747409e+02 7.37492533e+02 1.09436126e-15 9.24699465e-16 3.01162161e-05 8.48784875e-16 4.88053712e-13 1.99773934e-16 2.98006093e-27 9.99839069e-01 3.50711630e-16 9.92727240e-01 6.85109128e-01 8.43119104e-01 9.69339916e-01 9.81170895e-01 9.83785675e-01 9.82058893e-01 1.97598489e-18 2.57398054e-18 1.40808814e-06 3.39725510e-07 3.39725510e-07 3.56292512e-03 3.56292512e-03 3.14188171e-04 5.31025632e-18 2.10836523e-03 1.27575222e-02 9.41746491e-03 4.30347505e-03 3.38258008e-03 3.14100837e-03 3.30259392e-03
9.27927928e-02 -2.06697975e+01 -2.06697975e+01 -2.50725132e-02 -6.80090209e-03 -6.80090007e-03 7.13254574e+01 7.13254574e+01 1.03816138e+02 1.73372523e+02 2.06096380e+02 2.83903805e+02 3.26440488e+02 4.23286187e+02 5.27012071e+02 6.31772334e+02 7.37527476e+02 1.03729229e-16 1.22234584e-15 3.01650268e-05 4.30949405e-13 4.83216528e-15 2.98617036e-27 3.72853424e-16 9.99838532e-01 6.75840799e-16 9.92700837e-01 6.85208317e-01 8.43312819e-01 9.69288407e-01 9.81126619e-01 9.83739945e-01 9.81991483e-01 2.35212376e-18 4.02965577e-18 1.40808814e-06 3.39725510e-07 3.39725510e-07 3.56292512e-03 3.56292512e-03 3.14711307e-04 6.70334584e-19 2.11217486e-03 1.27558881e-02 9.41214342e-03 4.30703220e-03 3.38651691e-03 3.14539836e-03 3.30873629e-03
9.29429429e-02 -2.06697975e+01 -2.06697975e+01 -2.50725139e-02 -6.80089101e-03 -6.80088377e-03 7.13254574e+01 7.13254574e+01 1.03815702e+02 1.73372523e+02 2.06090118e+02 2.83853473e+02 3.26453812e+02 4.23305130e+02 5.27032800e+02 6.31797290e+02 7.37562495e+02 4.49333549e-16 1.74357938e-15 3.02138375e-05 1.37506009e-15 4.60649127e-13 2.98552694e-27 1.50450336e-16 9.99837995e-01 5.97745721e-16 9.92674373e-01 6.85307828e-01 8.43506323e-01 9.69237018e-01 9.81082368e-01 9.83694194e-01 9.81923906e-01 3.42672789e-18 1.29414805e-18 1.40808814e-06 3.39725510e-07 3.39725510e-07 3.56292512e-03 3.56292512e-03 3.15234511e-04 4.13978154e-18 2.11598630e-03 1.27542483e-02 9.40682345e-03 4.31057783e-03 3.39044676e-03 3.14978405e-03 3.31488194e-03
9.30930931e-02 -2.06697975e+01 -2.06697975e+01 -2.50725142e-02 -6.80089599e-03 -6.80088791e-03 7.13254574e+01 7.13254574e+01 1.03815266e+02 1.73372523e+02 2.06083844e+02 2.83803140e+02 3.26467112e+02 4.23324076e+02 5.27053546e+02 6.31822276e+02 7.37597589e+02 3.39402339e-16 2.18354755e-16 3.02626483e-05 4.90454034e-13 1.29497263e-15 1.50730017e-16 2.98487661e-27 9.99837457e-01 1.12063675e-15 9.92647848e-01 6.85407660e-01 8.43699619e-01 9.69185752e-01 9.81038143e-01 9.83648422e-01 9.81856163e-01 1.81259785e-18 2.34524968e-18 1.40808814e-06 3.39725510e-07 3.39725510e-07 3.56292512e-03 3.56292512e-03 3.15757783e-04 6.70334584e-19 2.11979953e-03 1.27526028e-02 9.40150502e-03 4.31411197e-03 3.39436963e-03 3.15416544e-03 3.32103088e-03
9.32432432e-02 -2.06697975e+01 -2.06697975e+01 -2.50725145e-02 -6.80089580e-03 -6.80088481e-03 7.13254574e+01 7.13254574e+01 1.03814829e+02 1.73372523e+02 2.06077557e+02 2.83752806e+02 3.26480386e+02 4.23343025e+02 5.27074308e+02 6.31847294e+02 7.37632759e+02 5.53149262e-16 1.47025923e-15 3.03114590e-05 8.92681200e-16 4.33066402e-13 2.99101399e-27 2.20190677e-16 9.99836917e-01 3.74555259e-16 9.92621262e-01 6.85507812e-01 8.43892704e-01 9.69134607e-01 9.80993943e-01 9.83602629e-01 9.81788254e-01 3.63729565e-19 7.73178636e-19 1.40808814e-06 3.39725510e-07 3.39725510e-07 3.56292512e-03 3.56292512e-03 3.16281124e-04 2.02269190e-18 2.12361455e-03 1.27509515e-02 9.39618814e-03 4.31763462e-03 3.39828551e-03 3.15854250e-03 3.32718310e-03
9.33933934e-02 -2.06697975e+01 -2.06697975e+01 -2.50725144e-02 -6.80089285e-03 -6.80088765e-03 7.13254574e+01 7.13254574e+01 1.03814391e+02 1.73372523e+02 2.06071257e+02 2.83702471e+02 3.26493637e+02 4.23361977e+02 5.27095085e+02 6.31872342e+02 7.37668005e+02 2.05236409e-16 2.66401466e-16 3.03602697e-05 1.97280696e-15 4.92040735e-13 1.30604884e-16 2.98809295e-27 9.99836377e-01 4.53654890e-16 9.92594615e-01 6.85608283e-01 8.44085579e-01 9.69083585e-01 9.80949770e-01 9.83556817e-01 9.81720178e-01 7.87020638e-18 4.02339096e-18 1.40808814e-06 3.39725510e-07 3.39725510e-07 3.56292512e-03 3.56292512e-03 3.16804533e-04 4.41260533e-18 2.12743137e-03 1.27492946e-02 9.39087283e-03 4.32114579e-03 3.40219440e-03 3.16291523e-03 3.33333860e-03
9.35435435e-02 -2.06697975e+01 -2.06697975e+01 -2.50725133e-02 -6.80089870e-03 -6.80089130e-03 7.13254574e+01 7.13254574e+01 1.03813953e+02 1.73372523e+02 2.06064944e+02 2.83652135e+02 3.26506862e+02 4.23380933e+02 5.27115879e+02 6.31897420e+02 7.37703327e+02 2.61304711e-16 6.11711321e-16 3.04090804e-05 1.17754559e-15 4.34467722e-13 1.26007020e-16 2.99424900e-27 9.99835836e-01 1.95661762e-16 9.92567907e-01 6.85709072e-01 8.44278244e-01 9.69032686e-01 9.80905623e-01 9.83510984e-01 9.81651935e-01 3.93749832e-18 1.30965372e-18 1.40808814e-06 3.39725510e-07 3.39725510e-07 3.56292512e-03 3.56292512e-03 3.17328012e-04 2.52628857e-18 2.13125000e-03 1.27476319e-02 9.38555909e-03 4.32464550e-03 3.40609629e-03 3.16728361e-03 3.33949739e-03
9.36936937e-02 -2.06697975e+01 -2.06697975e+01 -2.50725132e-02 -6.80090060e-03 -6.80089917e-03 7.13254574e+01 7.13254574e+01 1.03813513e+02 1.73372523e+02 2.06058617e+02 2.83601799e+02 3.26520063e+02 4.23399891e+02 5.27136689e+02 6.31922529e+02 7.37738726e+02 3.63233214e-16 7.99920036e-16 3.04578911e-05 6.64319012e-15 4.35068342e-13 2.99586827e-27 1.42977494e-16 9.99835294e-01 1.62847358e-16 9.92541138e-01 6.85810180e-01 8.44470699e-01 9.68981909e-01 9.80861503e-01 9.83465132e-01 9.81583524e-01 4.25334375e-18 6.82094488e-18 1.40808814e-06 3.39725510e-07 3.39725510e-07 3.56292512e-03 3.56292512e-03 3.17851559e-04 1.11327925e-18 2.13507043e-03 1.27459635e-02 9.38024693e-03 4.32813375e-03 3.40999117e-03 3.17164763e-03 3.34565947e-03
9.38438438e-02 -2.06697975e+01 -2.06697975e+01 -2.50725132e-02 -6.80090105e-03 -6.80089960e-03 7.13254574e+01 7.13254574e+01 1.03813073e+02 1.73372523e+02 2.06052278e+02 2.83551463e+02 3.26533240e+02 4.23418853e+02 5.27157514e+02 6.31947669e+02 7.37774200e+02 5.93307029e-16 1.31944574e-15 3.05067019e-05 4.94334782e-13 7.31456890e-15 2.99292633e-27 1.09728950e-16 9.99834751e-01 7.56585844e-16 9.92514308e-01 6.85911605e-01 8.44662943e-01 9.68931256e-01 9.80817410e-01 9.83419261e-01 9.81514946e-01 2.32753237e-18 5.97342859e-18 1.40808814e-06 3.39725510e-07 3.39725510e-07 3.56292512e-03 3.56292512e-03 3.18375175e-04 2.04680613e-17 2.13889266e-03 1.27442894e-02 9.37493636e-03 4.33161057e-03 3.41387905e-03 3.17600729e-03 3.35182483e-03
9.39939940e-02 -2.06697975e+01 -2.06697975e+01 -2.50725141e-02 -6.80089670e-03 -6.80088460e-03 7.13254574e+01 7.13254574e+01 1.03812633e+02 1.73372523e+02 2.06045926e+02 2.83501126e+02 3.26546392e+02 4.23437817e+02 5.27178356e+02 6.31972839e+02 7.37809751e+02 4.56159577e-16 4.30298461e-16 3.05555126e-05 4.95180467e-13 9.50640245e-16 1.64349998e-16 2.99453982e-27 9.99834206e-01 5.64851768e-16 9.92487416e-01 6.86013346e-01 8.44854977e-01 9.68880726e-01 9.80773344e-01 9.83373370e-01 9.81446201e-01 4.20790577e-18 6.50632138e-18 1.40808814e-06 3.39725510e-07 3.39725510e-07 3.56292512e-03 3.56292512e-03 3.18898861e-04 5.27996707e-18 2.14271669e-03 1.27426096e-02 9.36962740e-03 4.33507595e-03 3.41775991e-03 3.18036256e-03 3.35799348e-03
9.41441441e-02 -2.06697975e+01 -2.06697975e+01 -2.50725149e-02 -6.80090261e-03 -6.80090180e-03 7.13254574e+01 7.13254574e+01 1.03812191e+02 1.73372523e+02 2.06039561e+02 2.83450788e+02 3.26559520e+02 4.23456784e+02 5.27199213e+02 6.31998040e+02 7.37845378e+02 5.09640120e-16 1.12615038e-15 3.06043233e-05 4.95812953e-13 1.33509100e-14 2.99615449e-27 1.65495061e-16 9.99833661e-01 3.32830181e-16 9.92460462e-01 6.86115404e-01 8.45046800e-01 9.68830320e-01 9.80729306e-01 9.83327461e-01 9.81377288e-01 7.83749263e-18 2.14695941e-18 1.40808814e-06 3.39725510e-07 3.39725510e-07 3.56292512e-03 3.56292512e-03 3.19422616e-04 2.22317553e-18 2.14654253e-03 1.27409241e-02 9.36432004e-03 4.33852992e-03 3.42163374e-03 3.18471344e-03 3.36416541e-03
9.42942943e-02 -2.06697975e+01 -2.06697975e+01 -2.50725146e-02 -6.80089824e-03 -6.80088742e-03 7.13254574e+01 7.13254574e+01 1.03811749e+02 1.73372523e+02 2.06033182e+02 2.83400451e+02 3.26572623e+02 4.23475754e+02 5.27220086e+02 6.32023270e+02 7.37881082e+02 6.02321173e-16 6.72947209e-16 3.06531340e-05 4.96719669e-13 8.99388436e-16 1.89806005e-16 2.99777035e-27 9.99833115e-01 5.88709592e-16 9.92433447e-01 6.86217777e-01 8.45238413e-01 9.68780038e-01 9.80685297e-01 9.83281534e-01 9.81308206e-01 5.59450736e-18 1.94330246e-18 1.40808814e-06 3.39725510e-07 3.39725510e-07 3.56292512e-03 3.56292512e-03 3.19946440e-04 3.54524359e-18 2.15037018e-03 1.27392329e-02 9.35901431e-03 4.34197248e-03 3.42550056e-03 3.18905991e-03 3.37034062e-03
9.44444444e-02 -2.06697975e+01 -2.06697975e+01 -2.50725141e-02 -6.80089406e-03 -6.80088852e-03 7.13254574e+01 7.13254574e+01 1.03811306e+02 1.73372523e+02 2.06026791e+02 2.83350113e+02 3.26585703e+02 4.23494727e+02 5.27240974e+02 6.32048531e+02 7.37916862e+02 6.26991103e-16 2.00779649e-16 3.07019448e-05 1.98528359e-15 4.97549194e-13 1.62401788e-16 2.99938740e-27 9.99832568e-01 3.25761720e-16 9.92406370e-01 6.86320464e-01 8.45429814e-01 9.68729879e-01 9.80641315e-01 9.83235589e-01 9.81238956e-01 7.95100664e-18 4.37662047e-18 1.40808814e-06 3.39725510e-07 3.39725510e-07 3.56292512e-03 3.56292512e-03 3.20470333e-04 7.57966397e-20 2.15419965e-03 1.27375361e-02 9.35371022e-03 4.34540365e-03 3.42936034e-03 3.19340195e-03 3.37651913e-03
9.45945946e-02 -2.06697975e+01 -2.06697975e+01 -2.50725145e-02 -6.80089940e-03 -6.80089081e-03 7.13254574e+01 7.13254574e+01 1.03810862e+02 1.73372523e+02 2.06020386e+02 2.83299775e+02 3.26598758e+02 4.23513702e+02 5.27261878e+02 6.32073822e+02 7.37952719e+02 4.51758142e-16 8.94228720e-16 3.07507555e-05 1.20541691e-15 4.98397685e-13 9.06365024e-17 3.00100564e-27 9.99832020e-01 3.63106492e-16 9.92379231e-01 6.86423466e-01 8.45621005e-01 9.68679846e-01 9.80597363e-01 9.83189626e-01 9.81169537e-01 8.69478683e-18 1.62790800e-18 1.40808814e-06 3.39725510e-07 3.39725510e-07 3.56292512e-03 3.56292512e-03 3.20994296e-04 6.42015260e-18 2.15803092e-03 1.27358336e-02 9.34840776e-03 4.34882344e-03 3.43321308e-03 3.19773957e-03 3.38270091e-03
9.47447447e-02 -2.06697975e+01 -2.06697975e+01 -2.50725137e-02 -6.80090731e-03 -6.80090017e-03 7.13254574e+01 7.13254574e+01 1.03810417e+02 1.73372523e+02 2.06013969e+02 2.83249437e+02 3.26611788e+02 4.23532680e+02 5.27282797e+02 6.32099144e+02 7.37988653e+02 1.71510031e-16 2.62566816e-16 3.07995662e-05 3.69619965e-16 1.18085407e-13 1.28339549e-16 9.33038021e-30 9.99831471e-01 3.70358397e-16 9.92352031e-01 6.86526781e-01 8.45811984e-01 9.68629936e-01 9.80553440e-01 9.83143646e-01 9.81099950e-01 7.34288869e-19 2.77303145e-18 1.40808814e-06 3.39725510e-07 3.39725510e-07 3.56292512e-03 3.56292512e-03 3.21518329e-04 5.90479426e-18 2.16186401e-03 1.27341254e-02 9.34310696e-03 4.35223186e-03 3.43705879e-03 3.20207274e-03 3.38888598e-03
9.48948949e-02 -2.06697975e+01 -2.06697975e+01 -2.50725146e-02 -6.80088766e-03 -6.80088569e-03 7.13254574e+01 7.13254574e+01 1.03809972e+02 1.73372523e+02 2.06007538e+02 2.83199099e+02 3.26624795e+02 4.23551660e+02 5.27303732e+02 6.32124495e+02 7.38024663e+02 3.67662008e-16 3.60168010e-16 3.08483769e-05 4.99910592e-13 5.53953868e-15 3.00424568e-27 2.16074798e-16 9.99830921e-01 3.30703971e-16 9.92324769e-01 6.86630408e-01 8.46002752e-01 9.68580152e-01 9.80509546e-01 9.83097648e-01 9.81030193e-01 1.40238826e-18 1.76228234e-18 1.40808814e-06 3.39725510e-07 3.39725510e-07 3.56292512e-03 3.56292512e-03 3.22042432e-04 5.00714327e-18 2.16569891e-03 1.27324116e-02 9.33780783e-03 4.35562892e-03 3.44089744e-03 3.20640146e-03 3.39507433e-03
9.50450450e-02 -2.06697975e+01 -2.06697975e+01 -2.50725155e-02 -6.80089502e-03 -6.80087649e-03 7.13254574e+01 7.13254574e+01 1.03809526e+02 1.73372523e+02 2.06001094e+02 2.83148761e+02 3.26637777e+02 4.23570643e+02 5.27324681e+02 6.32149876e+02 7.38060751e+02 4.66766036e-16 2.32384614e-16 3.08971877e-05 6.12437456e-16 5.00715953e-13 2.20960753e-16 3.00586748e-27 9.99830371e-01 4.96032064e-16 9.92297444e-01 6.86734348e-01 8.46193309e-01 9.68530493e-01 9.80465682e-01 9.83051634e-01 9.80960267e-01 6.78382307e-19 1.17560516e-18 1.40808814e-06 3.39725510e-07 3.39725510e-07 3.56292512e-03 3.56292512e-03 3.22566604e-04 5.55279086e-18 2.16953562e-03 1.27306921e-02 9.33251036e-03 4.35901463e-03 3.44472905e-03 3.21072570e-03 3.40126597e-03
9.51951952e-02 -2.06697975e+01 -2.06697975e+01 -2.50725156e-02 -6.80089999e-03 -6.80088428e-03 7.13254574e+01 7.13254574e+01 1.03809079e+02 1.73372523e+02 2.05994637e+02 2.83098423e+02 3.26650735e+02 4.23589628e+02 5.27345646e+02 6.32175288e+02 7.38096915e+02 2.37735634e-16 2.84166274e-16 3.09459984e-05 1.18803691e-13 2.49018698e-16 9.37975190e-30 2.62207835e-16 9.99829819e-01 4.40753912e-16 9.92270058e-01 6.86838599e-01 8.46383655e-01 9.68480959e-01 9.80421848e-01 9.83005604e-01 9.80890171e-01 1.42919494e-18 2.20003237e-18 1.40808814e-06 3.39725510e-07 3.39725510e-07 3.56292512e-03 3.56292512e-03 3.23090847e-04 4.98854217e-18 2.17337416e-03 1.27289669e-02 9.32721458e-03 4.36238901e-03 3.44855360e-03 3.21504547e-03 3.40746089e-03
9.53453453e-02 -2.06697975e+01 -2.06697975e+01 -2.50725151e-02 -6.80090156e-03 -6.80089515e-03 7.13254574e+01 7.13254574e+01 1.03808632e+02 1.73372523e+02 2.05988167e+02 2.83048085e+02 3.26663670e+02 4.23608615e+02 5.27366627e+02 6.32200729e+02 7.38133157e+02 2.09765630e-16 3.21226729e-16 3.09948091e-05 5.02302544e-13 1.77074179e-15 8.64296757e-17 3.01188136e-27 9.99829266e-01 3.71214599e-16 9.92242609e-01 6.86943161e-01 8.46573788e-01 9.68431550e-01 9.80378045e-01 9.82959558e-01 9.80819906e-01 7.66310439e-19 5.42429952e-18 1.40808814e-06 3.39725510e-07 3.39725510e-07 3.56292512e-03 3.56292512e-03 3.23615160e-04 4.59448786e-18 2.17721452e-03 1.27272362e-02 9.32192049e-03 4.36575207e-03 3.45237108e-03 3.21936074e-03 3.41365909e-03
9.54954955e-02 -2.06697975e+01 -2.06697975e+01 -2.50725143e-02 -6.80089368e-03 -6.80088122e-03 7.13254574e+01 7.13254574e+01 1.03808183e+02 1.73372523e+02 2.05981684e+02 2.82997748e+02 3.26676580e+02 4.23627605e+02 5.27387622e+02 6.32226200e+02 7.38169476e+02 1.89471596e-16 3.14997118e-16 3.10436198e-05 9.22986206e-16 4.73297675e-13 3.01583712e-27 2.02855128e-16 9.99828712e-01 2.63312814e-16 9.92215098e-01 6.87048032e-01 8.46763711e-01 9.68382267e-01 9.80334273e-01 9.82913495e-01 9.80749470e-01 3.09403762e-18 7.29711540e-18 1.40808814e-06 3.39725510e-07 3.39725510e-07 3.56292512e-03 3.56292512e-03 3.24139543e-04 2.67788185e-18 2.18105669e-03 1.27254997e-02 9.31662811e-03 4.36910382e-03 3.45618150e-03 3.22367150e-03 3.41986058e-03
9.56456456e-02 -2.06697975e+01 -2.06697975e+01 -2.50725141e-02 -6.80089583e-03 -6.80089212e-03 7.13254574e+01 7.13254574e+01 1.03807734e+02 1.73372523e+02 2.05975187e+02 2.82947411e+02 3.26689466e+02 4.23646596e+02 5.27408632e+02 6.32251700e+02 7.38205872e+02 2.85855196e-16 5.78974353e-16 3.10924305e-05 5.03910428e-13 3.03482392e-15 3.01796537e-27 1.90612570e-16 9.99828157e-01 5.56430162e-16 9.92187525e-01 6.87153214e-01 8.46953421e-01 9.68333111e-01 9.80290531e-01 9.82867418e-01 9.80678864e-01 5.66141822e-18 9.79218999e-18 1.40808814e-06 3.39725510e-07 3.39725510e-07 3.56292512e-03 3.56292512e-03 3.24663996e-04 1.02113137e-17 2.18490069e-03 1.27237577e-02 9.31133743e-03 4.37244427e-03 3.45998485e-03 3.22797774e-03 3.42606534e-03
9.57957958e-02 -2.06697975e+01 -2.06697975e+01 -2.50725145e-02 -6.80089647e-03 -6.80089189e-03 7.13254574e+01 7.13254574e+01 1.03807285e+02 1.73372523e+02 2.05968678e+02 2.82897074e+02 3.26702328e+02 4.23665590e+02 5.27429657e+02 6.32277231e+02 7.38242346e+02 6.03718058e-16 2.83710392e-16 3.11412413e-05 5.04690388e-13 2.35436135e-15 1.49601663e-16 2.77862355e-23 9.99827601e-01 3.54980623e-16 9.92159889e-01 6.87258703e-01 8.47142919e-01 9.68284080e-01 9.80246821e-01 9.82821325e-01 9.80608088e-01 2.02683082e-18 2.55999369e-18 1.40808814e-06 3.39725510e-07 3.39725510e-07 3.56292512e-03 3.56292512e-03 3.25188520e-04 6.26855932e-18 2.18874652e-03 1.27220100e-02 9.30604848e-03 4.37577344e-03 3.46378111e-03 3.23227945e-03 3.43227339e-03
9.59459459e-02 -2.06697975e+01 -2.06697975e+01 -2.50725129e-02 -6.80089942e-03 -6.80088893e-03 7.13254574e+01 7.13254574e+01 1.03806834e+02 1.73372523e+02 2.05962155e+02 2.82846739e+02 3.26715167e+02 4.23684585e+02 5.27450697e+02 6.32302791e+02 7.38278897e+02 2.46411394e-16 2.80302565e-16 3.11900520e-05 1.10502039e-15 5.05478308e-13 3.02163758e-27 9.10722738e-17 9.99827045e-01 3.96422467e-16 9.92132191e-01 6.87364501e-01 8.47332206e-01 9.68235176e-01 9.80203143e-01 9.82775218e-01 9.80537141e-01 6.71492388e-18 2.65385668e-18 1.40808814e-06 3.39725510e-07 3.39725510e-07 3.56292512e-03 3.56292512e-03 3.25713115e-04 2.02069991e-17 2.19259417e-03 1.27202568e-02 9.30076126e-03 4.37909133e-03 3.46757030e-03 3.23657662e-03 3.43848472e-03
9.60960961e-02 -2.06697975e+01 -2.06697975e+01 -2.50725149e-02 -6.80090673e-03 -6.80088709e-03 7.13254574e+01 7.13254574e+01 1.03806383e+02 1.73372523e+02 2.05955618e+02 2.82796403e+02 3.26727982e+02 4.23703583e+02 5.27471752e+02 6.32328380e+02 7.38315525e+02 3.39347321e-16 2.42840131e-16 3.12388627e-05 1.19939296e-13 1.62104655e-16 1.85526554e-16 9.47870999e-30 9.99826487e-01 1.10253363e-15 9.92104430e-01 6.87470607e-01 8.47521280e-01 9.68186398e-01 9.80159497e-01 9.82729096e-01 9.80466022e-01 1.78935024e-18 2.21825189e-18 1.40808814e-06 3.39725510e-07 3.39725510e-07 3.56292512e-03 3.56292512e-03 3.26237781e-04 3.48620434e-19 2.19644364e-03 1.27184979e-02 9.29547578e-03 4.38239797e-03 3.47135240e-03 3.24086923e-03 3.44469934e-03
9.62462462e-02 -2.06697975e+01 -2.06697975e+01 -2.50725139e-02 -6.80090713e-03 -6.80089709e-03 7.13254574e+01 7.13254574e+01 1.03805931e+02 1.73372523e+02 2.05949069e+02 2.82746069e+02 3.26740772e+02 4.23722582e+02 5.27492821e+02 6.32353999e+02 7.38352232e+02 5.99364883e-16 2.20864048e-16 3.12876734e-05 2.77071292e-13 6.17551754e-16 1.89806401e-16 3.04330600e-27 9.99825928e-01 1.40886409e-16 9.92076607e-01 6.87577019e-01 8.47710142e-01 9.68137748e-01 9.80115884e-01 9.82682960e-01 9.80394733e-01 6.14514022e-18 1.05042384e-18 1.40808814e-06 3.39725510e-07 3.39725510e-07 3.56292512e-03 3.56292512e-03 3.26762517e-04 1.74986810e-18 2.20029495e-03 1.27167334e-02 9.29019205e-03 4.38569336e-03 3.47512741e-03 3.24515728e-03 3.45091723e-03
9.63963964e-02 -2.06697975e+01 -2.06697975e+01 -2.50725135e-02 -6.80090385e-03 -6.80089461e-03 7.13254574e+01 7.13254574e+01 1.03805478e+02 1.73372523e+02 2.05942506e+02 2.82695735e+02 3.26753539e+02 4.23741583e+02 5.27513905e+02 6.32379648e+02 7.38389016e+02 4.97450866e-16 5.33750551e-16 3.13364842e-05 3.37758420e-13 7.48840128e-16 3.04027214e-27 1.75679458e-16 9.99825369e-01 2.18884445e-16 9.92048720e-01 6.87683737e-01 8.47898792e-01 9.68089224e-01 9.80072303e-01 9.82636810e-01 9.80323272e-01 1.08488293e-18 3.91008850e-18 1.40808814e-06 3.39725510e-07 3.39725510e-07 3.56292512e-03 3.56292512e-03 3.27287324e-04 3.39365031e-18 2.20414808e-03 1.27149633e-02 9.28491009e-03 4.38897752e-03 3.47889532e-03 3.24944074e-03 3.45713840e-03
9.65465465e-02 -2.06697975e+01 -2.06697975e+01 -2.50725147e-02 -6.80089441e-03 -6.80088927e-03 7.13254574e+01 7.13254574e+01 1.03805025e+02 1.73372523e+02 2.05935930e+02 2.82645401e+02 3.26766283e+02 4.23760585e+02 5.27535004e+02 6.32405325e+02 7.38425877e+02 9.31818853e-16 4.80395944e-16 3.13852949e-05 3.38220524e-13 1.35288478e-15 2.28102202e-16 3.04193762e-27 9.99824808e-01 2.83378426e-16 9.92020771e-01 6.87790761e-01 8.48087230e-01 9.68040828e-01 9.80028755e-01 9.82590647e-01 9.80251640e-01 7.79352355e-18 7.89639596e-18 1.40808814e-06 3.39725510e-07 3.39725510e-07 3.56292512e-03 3.56292512e-03 3.27812203e-04 5.37090833e-18 2.20800305e-03 1.27131877e-02 9.27962989e-03 4.39225045e-03 3.48265614e-03 3.25371961e-03 3.46336285e-03
9.66966967e-02 -2.06697975e+01 -2.06697975e+01 -2.50725131e-02 -6.80090425e-03 -6.80089886e-03 7.13254574e+01 7.13254574e+01 1.03804570e+02 1.73372523e+02 2.05929341e+02 2.82595069e+02 3.26779003e+02 4.23779589e+02 5.27556117e+02 6.32431032e+02 7.38462817e+02 1.74800423e-16 3.16112959e-16 3.14341056e-05 3.38794619e-13 1.48642760e-15 3.04360432e-27 1.38897533e-16 9.99824247e-01 4.20867767e-16 9.91992759e-01 6.87898090e-01 8.48275455e-01 9.67992559e-01 9.79985241e-01 9.82544471e-01 9.80179835e-01 4.28050094e-18 2.33980883e-18 1.40808814e-06 3.39725510e-07 3.39725510e-07 3.56292512e-03 3.56292512e-03 3.28337152e-04 9.46518248e-18 2.21185985e-03 1.27114064e-02 9.27435147e-03 4.39551217e-03 3.48640984e-03 3.25799387e-03 3.46959058e-03
9.68468468e-02 -2.06697975e+01 -2.06697975e+01 -2.50725150e-02 -6.80088658e-03 -6.80088409e-03 7.13254574e+01 7.13254574e+01 1.03804115e+02 1.73372523e+02 2.05922739e+02 2.82544738e+02 3.26791699e+02 4.23798595e+02 5.27577244e+02 6.32456769e+02 7.38499835e+02 3.57143806e-16 2.19008757e-16 3.14829163e-05 1.57949294e-13 1.35114007e-15 8.24176551e-17 2.82066787e-23 9.99823684e-01 6.08766514e-16 9.91964684e-01 6.88005722e-01 8.48463468e-01 9.67944417e-01 9.79941761e-01 9.82498281e-01 9.80107858e-01 1.78571870e-18 6.04359818e-18 1.40808814e-06 3.39725510e-07 3.39725510e-07 3.56292512e-03 3.56292512e-03 3.28862173e-04 1.71502076e-17 2.21571848e-03 1.27096196e-02 9.26907484e-03 4.39876270e-03 3.49015644e-03 3.26226351e-03 3.47582158e-03
9.69969970e-02 -2.06697975e+01 -2.06697975e+01 -2.50725136e-02 -6.80089580e-03 -6.80088874e-03 7.13254574e+01 7.13254574e+01 1.03803660e+02 1.73372523e+02 2.05916123e+02 2.82494408e+02 3.26804371e+02 4.23817602e+02 5.27598386e+02 6.32482534e+02 7.38536931e+02 2.94644405e-16 6.37963131e-16 3.15317270e-05 5.58239163e-16 1.58314458e-13 3.06115984e-27 1.62337583e-16 9.99823120e-01 7.75149329e-16 9.91936545e-01 6.88113659e-01 8.48651268e-01 9.67896404e-01 9.79898314e-01 9.82452080e-01 9.80035709e-01 2.21467827e-18 2.03156201e-18 1.40808814e-06 3.39725510e-07 3.39725510e-07 3.56292512e-03 3.56292512e-03 3.29387266e-04 4.13978154e-18 2.21957895e-03 1.27078272e-02 9.26380001e-03 4.40200204e-03 3.49389592e-03 3.26652852e-03 3.48205587e-03
9.71471471e-02 -2.06697975e+01 -2.06697975e+01 -2.50725153e-02 -6.80090281e-03 -6.80089424e-03 7.13254574e+01 7.13254574e+01 1.03803203e+02 1.73372523e+02 2.05909494e+02 2.82444079e+02 3.26817020e+02 4.23836611e+02 5.27619542e+02 6.32508329e+02 7.38574105e+02 2.04658737e-16 4.74377377e-16 3.15805378e-05 4.11232294e-16 1.58568008e-13 3.06285498e-27 1.60363356e-16 9.99822556e-01 1.37459192e-15 9.91908344e-01 6.88221898e-01 8.48838855e-01 9.67848518e-01 9.79854902e-01 9.82405866e-01 9.79963388e-01 7.40734213e-18 2.97404330e-18 1.40808814e-06 3.39725510e-07 3.39725510e-07 3.56292512e-03 3.56292512e-03 3.29912430e-04 1.66737904e-19 2.22344126e-03 1.27060292e-02 9.25852699e-03 4.40523021e-03 3.49762828e-03 3.27078889e-03 3.48829343e-03
9.72972973e-02 -2.06697975e+01 -2.06697975e+01 -2.50725135e-02 -6.80090429e-03 -6.80087700e-03 7.13254574e+01 7.13254574e+01 1.03802746e+02 1.73372523e+02 2.05902851e+02 2.82393751e+02 3.26829646e+02 4.23855620e+02 5.27640712e+02 6.32534152e+02 7.38611357e+02 6.32078475e-16 9.30421282e-16 3.16293485e-05 1.31666865e-16 1.58856870e-13 1.51593510e-16 3.15771001e-27 9.99821990e-01 4.03768733e-16 9.91880079e-01 6.88330439e-01 8.49026229e-01 9.67800761e-01 9.79811525e-01 9.82359641e-01 9.79890893e-01 9.26942156e-19 1.13086831e-17 1.40808814e-06 3.39725510e-07 3.39725510e-07 3.56292512e-03 3.56292512e-03 3.30437666e-04 8.82506363e-19 2.22730541e-03 1.27042257e-02 9.25325578e-03 4.40844722e-03 3.50135351e-03 3.27504461e-03 3.49453426e-03
9.74474474e-02 -2.06697975e+01 -2.06697975e+01 -2.50725139e-02 -6.80089852e-03 -6.80088040e-03 7.13254574e+01 7.13254574e+01 1.03802288e+02 1.73372523e+02 2.05896195e+02 2.82343424e+02 3.26842248e+02 4.23874631e+02 5.27661896e+02 6.32560005e+02 7.38648688e+02 2.30879726e-16 2.92509952e-16 3.16781592e-05 1.59166901e-13 1.98433212e-16 2.92586849e-23 1.61273575e-16 9.99821424e-01 8.36092253e-16 9.91851751e-01 6.88439282e-01 8.49213391e-01 9.67753132e-01 9.79768183e-01 9.82313404e-01 9.79818225e-01 4.07761234e-18 2.54807459e-18 1.40808814e-06 3.39725510e-07 3.39725510e-07 3.56292512e-03 3.56292512e-03 3.30962973e-04 8.41593821e-18 2.23117139e-03 1.27024166e-02 9.24798641e-03 4.41165309e-03 3.50507162e-03 3.27929565e-03 3.50077837e-03
9.75975976e-02 -2.06697975e+01 -2.06697975e+01 -2.50725131e-02 -6.80089638e-03 -6.80089562e-03 7.13254574e+01 7.13254574e+01 1.03801829e+02 1.73372523e+02 2.05889526e+02 2.82293099e+02 3.26854826e+02 4.23893643e+02 5.27683094e+02 6.32585886e+02 7.38686097e+02 4.75971552e-16 3.92563078e-16 3.17269699e-05 4.57283559e-15 1.59269160e-13 1.24094103e-16 3.25485352e-27 9.99820856e-01 5.16362309e-16 9.91823359e-01 6.88548426e-01 8.49400340e-01 9.67705632e-01 9.79724876e-01 9.82267155e-01 9.79745384e-01 5.78500952e-18 2.82188354e-18 1.40808814e-06 3.39725510e-07 3.39725510e-07 3.56292512e-03 3.56292512e-03 3.31488353e-04 3.54524359e-18 2.23503922e-03 1.27006019e-02 9.24271886e-03 4.41484783e-03 3.50878259e-03 3.28354202e-03 3.50702576e-03
9.77477477e-02 -2.06697975e+01 -2.06697975e+01 -2.50725144e-02 -6.80089453e-03 -6.80089396e-03 7.13254574e+01 7.13254574e+01 1.03801369e+02 1.73372523e+02 2.05882843e+02 2.82242775e+02 3.26867381e+02 4.23912657e+02 5.27704307e+02 6.32611797e+02 7.38723585e+02 3.66545212e-16 7.04422326e-16 3.17757807e-05 1.59456898e-13 5.98102712e-15 3.25137085e-16 3.26805037e-27 9.99820288e-01 3.78190060e-16 9.91794904e-01 6.88657871e-01 8.49587075e-01 9.67658261e-01 9.79681605e-01 9.82220896e-01 9.79672370e-01 5.61014405e-18 9.90532218e-19 1.40808814e-06 3.39725510e-07 3.39725510e-07 3.56292512e-03 3.56292512e-03 3.32013804e-04 7.01469054e-18 2.23890889e-03 1.26987818e-02 9.23745316e-03 4.41803144e-03 3.51248643e-03 3.28778369e-03 3.51327641e-03
9.78978979e-02 -2.06697975e+01 -2.06697975e+01 -2.50725145e-02 -6.80089811e-03 -6.80089742e-03 7.13254574e+01 7.13254574e+01 1.03800909e+02 1.73372523e+02 2.05876147e+02 2.82192453e+02 3.26879913e+02 4.23931671e+02 5.27725533e+02 6.32637736e+02 7.38761152e+02 7.53378860e-16 1.03661540e-15 3.18245914e-05 5.03130784e-15 1.59712178e-13 3.26976707e-27 1.46195276e-16 9.99819719e-01 7.01036414e-16 9.91766385e-01 6.88767615e-01 8.49773598e-01 9.67611019e-01 9.79638370e-01 9.82174627e-01 9.79599181e-01 9.03765093e-19 1.01526045e-18 1.40808814e-06 3.39725510e-07 3.39725510e-07 3.56292512e-03 3.56292512e-03 3.32539328e-04 2.61722984e-18 2.24278040e-03 1.26969560e-02 9.23218932e-03 4.42120395e-03 3.51618312e-03 3.29202066e-03 3.51953034e-03
9.80480480e-02 -2.06697975e+01 -2.06697975e+01 -2.50725140e-02 -6.80090345e-03 -6.80088197e-03 7.13254574e+01 7.13254574e+01 1.03800448e+02 1.73372523e+02 2.05869438e+02 2.82142132e+02 3.26892422e+02 4.23950686e+02 5.27746773e+02 6.32663704e+02 7.38798797e+02 4.46596161e-16 1.24302148e-15 3.18734021e-05 1.31130380e-16 1.60095793e-13 1.49926535e-16 3.28317078e-27 9.99819148e-01 4.89688142e-16 9.91737802e-01 6.88877658e-01 8.49959907e-01 9.67563905e-01 9.79595171e-01 9.82128347e-01 9.79525819e-01 6.66048353e-19 5.67460189e-18 1.40808814e-06 3.39725510e-07 3.39725510e-07 3.56292512e-03 3.56292512e-03 3.33064924e-04 1.14424405e-17 2.24665376e-03 1.26951248e-02 9.22692734e-03 4.42436536e-03 3.51987267e-03 3.29625291e-03 3.52578754e-03
9.81981982e-02 -2.06697975e+01 -2.06697975e+01 -2.50725137e-02 -6.80090503e-03 -6.80089093e-03 7.13254574e+01 7.13254574e+01 1.03799986e+02 1.73372523e+02 2.05862715e+02 2.82091813e+02 3.26904907e+02 4.23969702e+02 5.27768026e+02 6.32689700e+02 7.38836521e+02 9.15018071e-16 1.45750805e-16 3.19222128e-05 2.07095553e-16 1.60280839e-13 3.28489536e-27 2.58639857e-16 9.99818577e-01 7.41859385e-16 9.91709156e-01 6.88987999e-01 8.50146003e-01 9.67516922e-01 9.79552009e-01 9.82082058e-01 9.79452282e-01 6.57104678e-18 1.03413582e-18 1.40808814e-06 3.39725510e-07 3.39725510e-07 3.56292512e-03 3.56292512e-03 3.33590592e-04 4.85554999e-18 2.25052897e-03 1.26932880e-02 9.22166723e-03 4.42751569e-03 3.52355507e-03 3.30048043e-03 3.53204801e-03
9.83483483e-02 -2.06697975e+01 -2.06697975e+01 -2.50725135e-02 -6.80091111e-03 -6.80090347e-03 7.13254574e+01 7.13254574e+01 1.03799524e+02 1.73372523e+02 2.05855978e+02 2.82041496e+02 3.26917370e+02 4.23988719e+02 5.27789293e+02 6.32715725e+02 7.38874324e+02 5.17875123e-16 6.96715918e-16 3.19710236e-05 7.52128375e-17 1.30201916e-14 1.39794081e-16 3.30020943e-27 9.99818005e-01 2.52786923e-16 9.91680446e-01 6.89098638e-01 8.50331886e-01 9.67470067e-01 9.79508884e-01 9.82035759e-01 9.79378571e-01 3.54617317e-18 7.01909810e-18 1.40808814e-06 3.39725510e-07 3.39725510e-07 3.56292512e-03 3.56292512e-03 3.34116333e-04 4.77637039e-18 2.25440603e-03 1.26914457e-02 9.21640900e-03 4.43065496e-03 3.52723031e-03 3.30470321e-03 3.53831175e-03
9.84984985e-02 -2.06697975e+01 -2.06697975e+01 -2.50725141e-02 -6.80091481e-03 -6.80089775e-03 7.13254574e+01 7.13254574e+01 1.03799060e+02 1.73372523e+02 2.05849229e+02 2.81991180e+02 3.26929809e+02 4.24007736e+02 5.27810574e+02 6.32741779e+02 7.38912206e+02 1.58075747e-15 4.99625365e-16 3.20198343e-05 8.71882425e-17 1.30207787e-14 7.61699697e-17 3.30196001e-27 9.99817431e-01 1.00728682e-16 9.91651671e-01 6.89209574e-01 8.50517556e-01 9.67423343e-01 9.79465796e-01 9.81989451e-01 9.79304685e-01 5.08290432e-18 1.17869290e-18 1.40808814e-06 3.39725510e-07 3.39725510e-07 3.56292512e-03 3.56292512e-03 3.34642147e-04 2.43534731e-18 2.25828493e-03 1.26895980e-02 9.21115267e-03 4.43378317e-03 3.53089839e-03 3.30892123e-03 3.54457876e-03
9.86486486e-02 -2.06697975e+01 -2.06697975e+01 -2.50725139e-02 -6.80089908e-03 -6.80089875e-03 7.13254574e+01 7.13254574e+01 1.03798596e+02 1.73372523e+02 2.05842465e+02 2.81940867e+02 3.26942225e+02 4.24026755e+02 5.27831869e+02 6.32767861e+02 7.38950167e+02 2.02323554e-15 6.66964407e-16 3.20686450e-05 1.30061832e-14 8.57005728e-16 1.71462198e-16 3.30371188e-27 9.99816857e-01 4.52326002e-16 9.91622833e-01 6.89320807e-01 8.50703012e-01 9.67376748e-01 9.79422746e-01 9.81943134e-01 9.79230624e-01 7.02680381e-18 4.72552615e-18 1.40808814e-06 3.39725510e-07 3.39725510e-07 3.56292512e-03 3.56292512e-03 3.35168033e-04 2.08334391e-18 2.26216569e-03 1.26877446e-02 9.20589823e-03 4.43690034e-03 3.53455931e-03 3.31313448e-03 3.55084903e-03
9.87987988e-02 -2.06697975e+01 -2.06697975e+01 -2.50725144e-02 -6.80088793e-03 -6.80088068e-03 7.13254574e+01 7.13254574e+01 1.03798132e+02 1.73372523e+02 2.05835688e+02 2.81890555e+02 3.26954617e+02 4.24045773e+02 5.27853177e+02 6.32793971e+02 7.38988207e+02 2.22130243e-15 3.84490525e-16 3.21174557e-05 1.77902010e-14 9.76576673e-17 2.38587819e-16 3.30305045e-27 9.99816282e-01 7.22624999e-16 9.91593930e-01 6.89432335e-01 8.50888254e-01 9.67330283e-01 9.79379733e-01 9.81896809e-01 9.79156388e-01 4.84257019e-18 8.93993010e-19 1.40808814e-06 3.39725510e-07 3.39725510e-07 3.56292512e-03 3.56292512e-03 3.35693992e-04 2.79911237e-18 2.26604830e-03 1.26858858e-02 9.20064570e-03 4.44000648e-03 3.53821306e-03 3.31734296e-03 3.55712257e-03
9.89489489e-02 -2.06697975e+01 -2.06697975e+01 -2.50725150e-02 -6.80089486e-03 -6.80089423e-03 7.13254574e+01 7.13254574e+01 1.03797666e+02 1.73372523e+02 2.05828898e+02 2.81840245e+02 3.26966987e+02 4.24064793e+02 5.27874498e+02 6.32820110e+02 7.39026327e+02 1.14357309e-15 8.72220525e-16 3.21662664e-05 1.30431989e-14 4.55981539e-16 1.03918790e-19 2.80402286e-17 9.99815705e-01 3.58566822e-16 9.91564964e-01 6.89544159e-01 8.51073284e-01 9.67283949e-01 9.79336759e-01 9.81850475e-01 9.79081976e-01 2.50481598e-17 1.52272282e-17 1.40808814e-06 3.39725510e-07 3.39725510e-07 3.56292512e-03 3.56292512e-03 3.36220024e-04 3.06569525e-19 2.26993276e-03 1.26840215e-02 9.19539509e-03 4.44310161e-03 3.54185964e-03 3.32154664e-03 3.56339938e-03
9.90990991e-02 -2.06697975e+01 -2.06697975e+01 -2.50725136e-02 -6.80089426e-03 -6.80088392e-03 7.13254574e+01 7.13254574e+01 1.03797200e+02 1.73372523e+02 2.05822094e+02 2.81789937e+02 3.26979334e+02 4.24083813e+02 5.27895832e+02 6.32846277e+02 7.39064526e+02 1.37609221e-15 7.81218740e-16 3.22150772e-05 1.31290711e-14 1.61886877e-16 1.05920056e-16 3.30897533e-27 9.99815128e-01 1.06778800e-15 9.91535933e-01 6.89656277e-01 8.51258099e-01 9.67237745e-01 9.79293823e-01 9.81804134e-01 9.79007389e-01 5.23177765e-18 8.88929104e-18 1.40808814e-06 3.39725510e-07 3.39725510e-07 3.56292512e-03 3.56292512e-03 3.36746130e-04 1.06542584e-17 2.27381907e-03 1.26821518e-02 9.19014641e-03 4.44618573e-03 3.54549904e-03 3.32574552e-03 3.56967945e-03
9.92492492e-02 -2.06697975e+01 -2.06697975e+01 -2.50725139e-02 -6.80090033e-03 -6.80088704e-03 7.13254574e+01 7.13254574e+01 1.03796733e+02 1.73372523e+02 2.05815277e+02 2.81739632e+02 3.26991658e+02 4.24102833e+02 5.27917180e+02 6.32872472e+02 7.39102804e+02 1.28535392e-15 3.93711957e-16 3.22638879e-05 1.30381515e-14 6.50745795e-17 3.31073242e-27 1.78715267e-16 9.99814550e-01 3.76519934e-16 9.91506837e-01 6.89768689e-01 8.51442701e-01 9.67191671e-01 9.79250927e-01 9.81757785e-01 9.78932626e-01 5.03805414e-18 1.81197538e-18 1.40808814e-06 3.39725510e-07 3.39725510e-07 3.56292512e-03 3.56292512e-03 3.37272308e-04 9.46518248e-18 2.27770725e-03 1.26802765e-02 9.18489966e-03 4.44925887e-03 3.54913127e-03 3.32993958e-03 3.57596278e-03
9.93993994e-02 -2.06697975e+01 -2.06697975e+01 -2.50725131e-02 -6.80091740e-03 -6.80088834e-03 7.13254574e+01 7.13254574e+01 1.03796265e+02 1.73372523e+02 2.05808446e+02 2.81689328e+02 3.27003959e+02 4.24121853e+02 5.27938541e+02 6.32898695e+02 7.39141162e+02 7.73465461e-16 6.16279751e-16 3.23126986e-05 7.09803633e-17 1.31096170e-14 3.31249082e-27 2.02164335e-16 9.99813971e-01 6.36520812e-16 9.91477677e-01 6.89881394e-01 8.51627089e-01 9.67145728e-01 9.79208069e-01 9.81711429e-01 9.78857687e-01 2.94534112e-18 8.09556392e-18 1.40808814e-06 3.39725510e-07 3.39725510e-07 3.56292512e-03 3.56292512e-03 3.37798560e-04 1.74533206e-17 2.28159728e-03 1.26783957e-02 9.17965485e-03 4.45232103e-03 3.55275631e-03 3.33412881e-03 3.58224937e-03
9.95495495e-02 -2.06697975e+01 -2.06697975e+01 -2.50725145e-02 -6.80089387e-03 -6.80089117e-03 7.13254574e+01 7.13254574e+01 1.03795796e+02 1.73372523e+02 2.05801601e+02 2.81639027e+02 3.27016237e+02 4.24140874e+02 5.27959915e+02 6.32924946e+02 7.39179600e+02 4.21866907e-16 6.00132286e-16 3.23615093e-05 1.28981283e-16 1.31781988e-14 1.78556105e-16 3.31425053e-27 9.99813390e-01 6.97330682e-16 9.91448452e-01 6.89994392e-01 8.51811263e-01 9.67099916e-01 9.79165251e-01 9.81665066e-01 9.78782571e-01 1.94933209e-18 3.30330543e-18 1.40808814e-06 3.39725510e-07 3.39725510e-07 3.56292512e-03 3.56292512e-03 3.38324885e-04 7.91565098e-19 2.28548916e-03 1.26765095e-02 9.17441200e-03 4.45537223e-03 3.55637416e-03 3.33831320e-03 3.58853922e-03
9.96996997e-02 -2.06697975e+01 -2.06697975e+01 -2.50725144e-02 -6.80090139e-03 -6.80088498e-03 7.13254574e+01 7.13254574e+01 1.03795327e+02 1.73372523e+02 2.05794743e+02 2.81588729e+02 3.27028492e+02 4.24159895e+02 5.27981302e+02 6.32951226e+02 7.39218118e+02 1.52289096e-15 5.98795889e-16 3.24103201e-05 1.82921554e-16 1.24510628e-13 2.29491308e-16 9.87745511e-30 9.99812809e-01 9.06362047e-16 9.91419163e-01 6.90107682e-01 8.51995224e-01 9.67054235e-01 9.79122473e-01 9.81618697e-01 9.78707279e-01 7.75380537e-18 1.95154024e-17 1.40808814e-06 3.39725510e-07 3.39725510e-07 3.56292512e-03 3.56292512e-03 3.38851284e-04 4.44289458e-18 2.28938291e-03 1.26746178e-02 9.16917110e-03 4.45841248e-03 3.55998482e-03 3.34249273e-03 3.59483233e-03
9.98498498e-02 -2.06697975e+01 -2.06697975e+01 -2.50725143e-02 -6.80090647e-03 -6.80089970e-03 7.13254574e+01 7.13254574e+01 1.03794857e+02 1.73372523e+02 2.05787872e+02 2.81538433e+02 3.27040725e+02 4.24178916e+02 5.28002702e+02 6.32977533e+02 7.39256715e+02 1.25707775e-15 7.52434718e-16 3.24591308e-05 1.31560986e-14 9.72840950e-17 3.31777387e-27 1.55401284e-16 9.99812227e-01 8.66099863e-16 9.91389809e-01 6.90221263e-01 8.52178970e-01 9.67008685e-01 9.79079735e-01 9.81572322e-01 9.78631810e-01 9.39558982e-18 2.58436196e-18 1.40808814e-06 3.39725510e-07 3.39725510e-07 3.56292512e-03 3.56292512e-03 3.39377756e-04 1.16732134e-17 2.29327852e-03 1.26727207e-02 9.16393218e-03 4.46144179e-03 3.56358828e-03 3.34666740e-03 3.60112870e-03
1.00000000e-01 -2.06697975e+01 -2.06697975e+01 -2.50725147e-02 -6.80089414e-03 -6.80089165e-03 7.13254574e+01 7.13254574e+01 1.03794386e+02 1.73372523e+02 2.05780986e+02 2.81488139e+02 3.27052934e+02 4.24197937e+02 5.28024115e+02 6.33003868e+02 7.39295392e+02 5.43557550e-16 9.04498202e-16 3.25079415e-05 1.31260567e-14 1.41948503e-16 3.31953750e-27 4.10561658e-16 9.99811644e-01 5.65253073e-16 9.91360390e-01 6.90335135e-01 8.52362503e-01 9.66963267e-01 9.79037037e-01 9.81525941e-01 9.78556164e-01 3.58636805e-18 8.67331509e-18 1.40808814e-06 3.39725510e-07 3.39725510e-07 3.56292512e-03 3.56292512e-03 3.39904303e-04 6.70334584e-19 2.29717599e-03 1.26708181e-02 9.15869524e-03 4.46446019e-03 3.56718455e-03 3.35083719e-03 3.60742832e-03
1.00150150e-01 -2.06697975e+01 -2.06697975e+01 -2.50725143e-02 -6.80088786e-03 -6.80088735e-03 7.13254574e+01 7.13254574e+01 1.03793915e+02 1.73372523e+02 2.05774087e+02 2.81437848e+02 3.27065121e+02 4.24216958e+02 5.28045540e+02 6.33030231e+02 7.39334149e+02 6.77172139e-16 1.24876197e-15 3.25567522e-05 1.32227571e-14 5.98509352e-16 1.80658419e-16 3.32130245e-27 9.99811060e-01 1.80546884e-16 9.91330906e-01 6.90449297e-01 8.52545822e-01 9.66917980e-01 9.78994380e-01 9.81479554e-01 9.78480341e-01 4.22923169e-18 6.29456524e-18 1.40808814e-06 3.39725510e-07 3.39725510e-07 3.56292512e-03 3.56292512e-03 3.40430923e-04 8.68876200e-18 2.30107533e-03 1.26689100e-02 9.15346028e-03 4.46746768e-03 3.57077361e-03 3.35500209e-03 3.61373120e-03
1.00300300e-01 -2.06697975e+01 -2.06697975e+01 -2.50725145e-02 -6.80088400e-03 -6.80087877e-03 7.13254574e+01 7.13254574e+01 1.03793442e+02 1.73372523e+02 2.05767175e+02 2.81387560e+02 3.27077286e+02 4.24235979e+02 5.28066978e+02 6.33056621e+02 7.39372987e+02 1.23137716e-15 3.35426283e-16 3.26055629e-05 1.34883416e-16 1.33068130e-14 3.32306871e-27 2.36849504e-16 9.99810475e-01 3.93984181e-16 9.91301358e-01 6.90563748e-01 8.52728927e-01 9.66872824e-01 9.78951764e-01 9.81433163e-01 9.78404340e-01 5.27458061e-18 1.24775114e-18 1.40808814e-06 3.39725510e-07 3.39725510e-07 3.56292512e-03 3.56292512e-03 3.40957617e-04 3.45430233e-18 2.30497653e-03 1.26669965e-02 9.14822732e-03 4.47046428e-03 3.57435546e-03 3.35916209e-03 3.62003733e-03
1.00450450e-01 -2.06697975e+01 -2.06697975e+01 -2.50725137e-02 -6.80090760e-03 -6.80089442e-03 7.13254574e+01 7.13254574e+01 1.03792969e+02 1.73372523e+02 2.05760248e+02 2.81337274e+02 3.27089428e+02 4.24255000e+02 5.28088429e+02 6.33083039e+02 7.39411904e+02 3.49202554e-16 9.78862839e-16 3.26543737e-05 1.33087949e-14 3.95302536e-17 9.80567803e-17 3.32483628e-27 9.99809888e-01 8.08440670e-16 9.91271744e-01 6.90678489e-01 8.52911817e-01 9.66827800e-01 9.78909189e-01 9.81386766e-01 9.78328162e-01 3.33699924e-18 7.98390545e-18 1.40808814e-06 3.39725510e-07 3.39725510e-07 3.56292512e-03 3.56292512e-03 3.41484386e-04 1.10786754e-17 2.30887959e-03 1.26650776e-02 9.14299636e-03 4.47344999e-03 3.57793010e-03 3.36331716e-03 3.62634671e-03
1.00600601e-01 -2.06697975e+01 -2.06697975e+01 -2.50725138e-02 -6.80090663e-03 -6.80089451e-03 7.13254574e+01 7.13254574e+01 1.03792495e+02 1.73372523e+02 2.05753309e+02 2.81286991e+02 3.27101547e+02 4.24274020e+02 5.28109893e+02 6.33109485e+02 7.39450902e+02 9.93421752e-16 5.20506368e-16 3.27031844e-05 1.32307140e-14 7.13717629e-17 3.32660517e-27 2.64566097e-16 9.99809301e-01 4.71103080e-16 9.91242065e-01 6.90793517e-01 8.53094494e-01 9.66782908e-01 9.78866656e-01 9.81340366e-01 9.78251805e-01 3.98425155e-18 2.36439370e-18 1.40808814e-06 3.39725510e-07 3.39725510e-07 3.56292512e-03 3.56292512e-03 3.42011228e-04 1.37110499e-17 2.31278452e-03 1.26631532e-02 9.13776742e-03 4.47642484e-03 3.58149753e-03 3.36746731e-03 3.63265934e-03
1.00750751e-01 -2.06697975e+01 -2.06697975e+01 -2.50725147e-02 -6.80091531e-03 -6.80089802e-03 7.13254574e+01 7.13254574e+01 1.03792021e+02 1.73372523e+02 2.05746355e+02 2.81236711e+02 3.27113643e+02 4.24293040e+02 5.28131369e+02 6.33135958e+02 7.39489981e+02 1.96927410e-15 7.89700201e-16 3.27519951e-05 1.33493407e-14 1.01310768e-16 9.26266564e-17 3.32837537e-27 9.99808713e-01 1.18039891e-15 9.91212320e-01 6.90908833e-01 8.53276957e-01 9.66738148e-01 9.78824165e-01 9.81293961e-01 9.78175271e-01 4.88862552e-18 2.32096147e-18 1.40808814e-06 3.39725510e-07 3.39725510e-07 3.56292512e-03 3.56292512e-03 3.42538146e-04 8.82506363e-19 2.31669132e-03 1.26612234e-02 9.13254050e-03 4.47938883e-03 3.58505774e-03 3.37161252e-03 3.63897522e-03
1.00900901e-01 -2.06697975e+01 -2.06697975e+01 -2.50725143e-02 -6.80090259e-03 -6.80087948e-03 7.13254574e+01 7.13254574e+01 1.03791545e+02 1.73372523e+02 2.05739388e+02 2.81186434e+02 3.27125718e+02 4.24312060e+02 5.28152857e+02 6.33162459e+02 7.39529139e+02 3.22609190e-16 6.13889875e-16 3.28008058e-05 1.33112248e-14 5.31041942e-17 1.60738357e-16 3.33014689e-27 9.99808124e-01 3.46094109e-16 9.91182510e-01 6.91024437e-01 8.53459205e-01 9.66693521e-01 9.78781716e-01 9.81247552e-01 9.78098558e-01 1.25400523e-18 3.94521192e-18 1.40808814e-06 3.39725510e-07 3.39725510e-07 3.56292512e-03 3.56292512e-03 3.43065137e-04 1.04841375e-17 2.32059999e-03 1.26592882e-02 9.12731561e-03 4.48234199e-03 3.58861073e-03 3.37575278e-03 3.64529435e-03
1.01051051e-01 -2.06697975e+01 -2.06697975e+01 -2.50725139e-02 -6.80089894e-03 -6.80088866e-03 7.13254574e+01 7.13254574e+01 1.03791069e+02 1.73372523e+02 2.05732406e+02 2.81136160e+02 3.27137769e+02 4.24331080e+02 5.28174358e+02 6.33188987e+02 7.39568379e+02 6.60376722e-16 5.12294568e-16 3.28496166e-05 7.31167480e-17 1.33127912e-14 9.71232241e-17 3.33191973e-27 9.99807534e-01 4.63622984e-16 9.91152635e-01 6.91140326e-01 8.53641239e-01 9.66649025e-01 9.78739310e-01 9.81201140e-01 9.78021666e-01 3.28098915e-18 6.79621923e-18 1.40808814e-06 3.39725510e-07 3.39725510e-07 3.56292512e-03 3.56292512e-03 3.43592203e-04 1.22188610e-17 2.32451053e-03 1.26573476e-02 9.12209275e-03 4.48528432e-03 3.59215650e-03 3.37988807e-03 3.65161672e-03
1.01201201e-01 -2.06697975e+01 -2.06697975e+01 -2.50725139e-02 -6.80090838e-03 -6.80088348e-03 7.13254574e+01 7.13254574e+01 1.03790592e+02 1.73372523e+02 2.05725412e+02 2.81085890e+02 3.27149799e+02 4.24350099e+02 5.28195871e+02 6.33215542e+02 7.39607699e+02 1.61248698e-15 3.70057875e-16 3.28984273e-05 1.83268791e-14 4.77351707e-17 1.52098660e-16 3.33121267e-27 9.99806943e-01 1.26293497e-15 9.91122694e-01 6.91256501e-01 8.53823059e-01 9.66604662e-01 9.78696947e-01 9.81154725e-01 9.77944596e-01 1.62588295e-17 3.17877951e-18 1.40808814e-06 3.39725510e-07 3.39725510e-07 3.56292512e-03 3.56292512e-03 3.44119344e-04 7.01469054e-18 2.32842294e-03 1.26554016e-02 9.11687194e-03 4.48821584e-03 3.59569503e-03 3.38401838e-03 3.65794234e-03
1.01351351e-01 -2.06697975e+01 -2.06697975e+01 -2.50725138e-02 -6.80089130e-03 -6.80089020e-03 7.13254574e+01 7.13254574e+01 1.03790115e+02 1.73372523e+02 2.05718403e+02 2.81035622e+02 3.27161806e+02 4.24369117e+02 5.28217396e+02 6.33242125e+02 7.39647100e+02 1.52118579e-15 3.56287357e-16 3.29472380e-05 1.82669319e-14 3.85508470e-16 2.17781763e-16 3.33298397e-27 9.99806351e-01 4.56551147e-16 9.91092688e-01 6.91372961e-01 8.54004665e-01 9.66560432e-01 9.78654627e-01 9.81108308e-01 9.77867346e-01 5.11538668e-18 3.03564025e-19 1.40808814e-06 3.39725510e-07 3.39725510e-07 3.56292512e-03 3.56292512e-03 3.44646560e-04 5.30502963e-19 2.33233722e-03 1.26534501e-02 9.11165319e-03 4.49113657e-03 3.59922633e-03 3.38814370e-03 3.66427119e-03
1.01501502e-01 -2.06697975e+01 -2.06697975e+01 -2.50725142e-02 -6.80090697e-03 -6.80088835e-03 7.13254574e+01 7.13254574e+01 1.03789636e+02 1.73372523e+02 2.05711381e+02 2.80985358e+02 3.27173790e+02 4.24388135e+02 5.28238933e+02 6.33268734e+02 7.39686581e+02 2.04551881e-15 6.02161558e-16 3.29960487e-05 7.54034106e-17 1.33818087e-14 1.73551016e-16 3.33724617e-27 9.99805758e-01 5.33377779e-16 9.91062616e-01 6.91489706e-01 8.54186057e-01 9.66516334e-01 9.78612350e-01 9.81061888e-01 9.77789917e-01 6.09758711e-18 3.32677369e-18 1.40808814e-06 3.39725510e-07 3.39725510e-07 3.56292512e-03 3.56292512e-03 3.45173851e-04 1.29043402e-17 2.33625338e-03 1.26514933e-02 9.10643650e-03 4.49404651e-03 3.60275040e-03 3.39226402e-03 3.67060329e-03
1.01651652e-01 -2.06697975e+01 -2.06697975e+01 -2.50725138e-02 -6.80089776e-03 -6.80088216e-03 7.13254574e+01 7.13254574e+01 1.03789157e+02 1.73372523e+02 2.05704345e+02 2.80935097e+02 3.27185752e+02 4.24407152e+02 5.28260482e+02 6.33295371e+02 7.39726144e+02 7.03168267e-16 1.98944358e-16 3.30448595e-05 1.33678394e-14 1.57892094e-16 3.33902429e-27 2.02636480e-16 9.99805164e-01 8.32399168e-16 9.91032478e-01 6.91606734e-01 8.54367234e-01 9.66472369e-01 9.78570117e-01 9.81015466e-01 9.77712309e-01 4.22916095e-18 5.70132377e-18 1.40808814e-06 3.39725510e-07 3.39725510e-07 3.56292512e-03 3.56292512e-03 3.45701217e-04 1.42146466e-17 2.34017141e-03 1.26495310e-02 9.10122188e-03 4.49694568e-03 3.60626723e-03 3.39637932e-03 3.67693862e-03
1.01801802e-01 -2.06697975e+01 -2.06697975e+01 -2.50725138e-02 -6.80088604e-03 -6.80088124e-03 7.13254574e+01 7.13254574e+01 1.03788677e+02 1.73372523e+02 2.05697295e+02 2.80884839e+02 3.27197693e+02 4.24426168e+02 5.28282044e+02 6.33322035e+02 7.39765788e+02 1.10454306e-15 6.25994430e-16 3.30936702e-05 1.34195187e-14 7.32902343e-17 2.32786143e-16 3.34080374e-27 9.99804569e-01 3.72918572e-16 9.91002274e-01 6.91724046e-01 8.54548197e-01 9.66428537e-01 9.78527928e-01 9.80969042e-01 9.77634521e-01 6.29499230e-18 7.76654809e-18 1.40808814e-06 3.39725510e-07 3.39725510e-07 3.56292512e-03 3.56292512e-03 3.46228658e-04 1.12908472e-17 2.34409131e-03 1.26475634e-02 9.09600934e-03 4.49983409e-03 3.60977681e-03 3.40048960e-03 3.68327719e-03
1.01951952e-01 -2.06697975e+01 -2.06697975e+01 -2.50725135e-02 -6.80090624e-03 -6.80089616e-03 7.13254574e+01 7.13254574e+01 1.03788197e+02 1.73372523e+02 2.05690231e+02 2.80834585e+02 3.27209610e+02 4.24445184e+02 5.28303617e+02 6.33348726e+02 7.39805513e+02 5.28368680e-16 5.34430506e-16 3.31424809e-05 3.41413754e-16 1.66512220e-13 1.63671611e-16 3.32843084e-27 9.99803973e-01 1.32485805e-15 9.90972005e-01 6.91841640e-01 8.54728945e-01 9.66384837e-01 9.78485784e-01 9.80922617e-01 9.77556552e-01 6.44789895e-18 6.60358706e-18 1.40808814e-06 3.39725510e-07 3.39725510e-07 3.56292512e-03 3.56292512e-03 3.46756175e-04 3.12082652e-18 2.34801310e-03 1.26455904e-02 9.09079889e-03 4.50271177e-03 3.61327915e-03 3.40459484e-03 3.68961900e-03
1.02102102e-01 -2.06697975e+01 -2.06697975e+01 -2.50725139e-02 -6.80090303e-03 -6.80089515e-03 7.13254574e+01 7.13254574e+01 1.03787715e+02 1.73372523e+02 2.05683154e+02 2.80784334e+02 3.27221506e+02 4.24464198e+02 5.28325202e+02 6.33375443e+02 7.39845319e+02 6.22706021e-16 8.57721980e-16 3.31912916e-05 1.66819986e-13 4.57248923e-16 2.97713338e-16 2.92340118e-21 9.99803376e-01 2.55841023e-16 9.90941669e-01 6.91959516e-01 8.54909479e-01 9.66341272e-01 9.78443684e-01 9.80876191e-01 9.77478404e-01 4.79435731e-18 1.79085168e-18 1.40808814e-06 3.39725510e-07 3.39725510e-07 3.56292512e-03 3.56292512e-03 3.47283767e-04 7.91234153e-18 2.35193676e-03 1.26436120e-02 9.08559053e-03 4.50557871e-03 3.61677424e-03 3.40869502e-03 3.69596404e-03
1.02252252e-01 -2.06697975e+01 -2.06697975e+01 -2.50725135e-02 -6.80090707e-03 -6.80090355e-03 7.13254574e+01 7.13254574e+01 1.03787233e+02 1.73372523e+02 2.05676062e+02 2.80734087e+02 3.27233380e+02 4.24483212e+02 5.28346799e+02 6.33402188e+02 7.39885206e+02 5.30685046e-16 2.41941491e-16 3.32401023e-05 1.67006494e-13 9.59557217e-16 3.33194893e-27 7.24151006e-17 9.99802778e-01 7.26020465e-16 9.90911267e-01 6.92077674e-01 8.55089799e-01 9.66297839e-01 9.78401629e-01 9.80829764e-01 9.77400075e-01 2.51831337e-18 3.44177239e-18 1.40808814e-06 3.39725510e-07 3.39725510e-07 3.56292512e-03 3.56292512e-03 3.47811434e-04 2.76882312e-18 2.35586230e-03 1.26416283e-02 9.08038428e-03 4.50843495e-03 3.62026208e-03 3.41279014e-03 3.70231231e-03
1.02402402e-01 -2.06697975e+01 -2.06697975e+01 -2.50725137e-02 -6.80089857e-03 -6.80089704e-03 7.13254574e+01 7.13254574e+01 1.03786750e+02 1.73372523e+02 2.05668957e+02 2.80683844e+02 3.27245231e+02 4.24502224e+02 5.28368407e+02 6.33428959e+02 7.39925175e+02 2.74453155e-16 3.57790282e-16 3.32889131e-05 2.42537483e-15 1.67230767e-13 1.76888597e-16 3.33370994e-27 9.99802179e-01 7.26812384e-16 9.90880799e-01 6.92196112e-01 8.55269905e-01 9.66254540e-01 9.78359619e-01 9.80783337e-01 9.77321566e-01 4.75683303e-18 1.07298685e-18 1.40808814e-06 3.39725510e-07 3.39725510e-07 3.56292512e-03 3.56292512e-03 3.48339177e-04 5.81385300e-18 2.35978972e-03 1.26396392e-02 9.07518014e-03 4.51128048e-03 3.62374266e-03 3.41688018e-03 3.70866380e-03
1.02552553e-01 -2.06697975e+01 -2.06697975e+01 -2.50725139e-02 -6.80090255e-03 -6.80089651e-03 7.13254574e+01 7.13254574e+01 1.03786266e+02 1.73372523e+02 2.05661838e+02 2.80633605e+02 3.27257061e+02 4.24521236e+02 5.28390028e+02 6.33455757e+02 7.39965225e+02 6.25390062e-16 4.02679885e-16 3.33377238e-05 5.99309724e-16 1.67500551e-13 8.53736827e-17 3.33547227e-27 9.99801579e-01 9.55875826e-16 9.90850264e-01 6.92314830e-01 8.55449796e-01 9.66211374e-01 9.78317655e-01 9.80736911e-01 9.77242875e-01 3.41773875e-18 8.69823152e-18 1.40808814e-06 3.39725510e-07 3.39725510e-07 3.56292512e-03 3.56292512e-03 3.48866996e-04 1.00294312e-17 2.36371902e-03 1.26376447e-02 9.06997812e-03 4.51411533e-03 3.62721598e-03 3.42096514e-03 3.71501853e-03
1.02702703e-01 -2.06697975e+01 -2.06697975e+01 -2.50725138e-02 -6.80089334e-03 -6.80088098e-03 7.13254574e+01 7.13254574e+01 1.03785782e+02 1.73372523e+02 2.05654705e+02 2.80583369e+02 3.27268868e+02 4.24540246e+02 5.28411659e+02 6.33482581e+02 7.40005357e+02 4.77485482e-16 4.61283119e-16 3.33865345e-05 1.67697713e-13 4.18937426e-16 4.08804662e-16 3.33723592e-27 9.99800978e-01 1.23701081e-15 9.90819663e-01 6.92433828e-01 8.55629472e-01 9.66168342e-01 9.78275737e-01 9.80690484e-01 9.77164004e-01 1.45156907e-18 8.69249713e-18 1.40808814e-06 3.39725510e-07 3.39725510e-07 3.56292512e-03 3.56292512e-03 3.49394891e-04 6.05638754e-18 2.36765020e-03 1.26356449e-02 9.06477823e-03 4.51693951e-03 3.63068204e-03 3.42504499e-03 3.72137648e-03
1.02852853e-01 -2.06697975e+01 -2.06697975e+01 -2.50725143e-02 -6.80089954e-03 -6.80089304e-03 7.13254574e+01 7.13254574e+01 1.03785297e+02 1.73372523e+02 2.05647558e+02 2.80533137e+02 3.27280653e+02 4.24559255e+02 5.28433302e+02 6.33509432e+02 7.40045571e+02 3.66461205e-16 4.05412441e-16 3.34353452e-05 1.67874549e-13 5.84372372e-16 3.51600976e-16 3.33944361e-27 9.99800376e-01 8.51967554e-16 9.90788996e-01 6.92553105e-01 8.55808934e-01 9.66125443e-01 9.78233865e-01 9.80644059e-01 9.77084951e-01 4.13142506e-18 8.41696539e-18 1.40808814e-06 3.39725510e-07 3.39725510e-07 3.56292512e-03 3.56292512e-03 3.49922862e-04 1.65892684e-18 2.37158327e-03 1.26336397e-02 9.05958047e-03 4.51975303e-03 3.63414084e-03 3.42911973e-03 3.72773765e-03
1.03003003e-01 -2.06697975e+01 -2.06697975e+01 -2.50725151e-02 -6.80090475e-03 -6.80089945e-03 7.13254574e+01 7.13254574e+01 1.03784811e+02 1.73372523e+02 2.05640397e+02 2.80482909e+02 3.27292417e+02 4.24578263e+02 5.28454957e+02 6.33536310e+02 7.40085866e+02 6.45622576e-16 5.59883229e-16 3.34841560e-05 7.79007834e-16 1.68180509e-13 3.34121089e-27 2.89880507e-16 9.99799773e-01 7.46512184e-16 9.90758262e-01 6.92672660e-01 8.55988182e-01 9.66082678e-01 9.78192040e-01 9.80597634e-01 9.77005717e-01 4.92375951e-18 1.07701588e-18 1.40808814e-06 3.39725510e-07 3.39725510e-07 3.56292512e-03 3.56292512e-03 3.50450910e-04 3.54524359e-18 2.37551822e-03 1.26316292e-02 9.05438486e-03 4.52255591e-03 3.63759236e-03 3.43318935e-03 3.73410204e-03
1.03153153e-01 -2.06697975e+01 -2.06697975e+01 -2.50725144e-02 -6.80090601e-03 -6.80089446e-03 7.13254574e+01 7.13254574e+01 1.03784324e+02 1.73372523e+02 2.05633222e+02 2.80432686e+02 3.27304159e+02 4.24597270e+02 5.28476623e+02 6.33563213e+02 7.40126243e+02 5.45639187e-16 1.62403281e-16 3.35329667e-05 1.68404531e-13 3.52062873e-16 3.34342609e-27 2.85115898e-16 9.99799169e-01 2.84463142e-16 9.90727461e-01 6.92792493e-01 8.56167215e-01 9.66040048e-01 9.78150261e-01 9.80551211e-01 9.76926301e-01 3.00520112e-18 2.19579372e-18 1.40808814e-06 3.39725510e-07 3.39725510e-07 3.56292512e-03 3.56292512e-03 3.50979033e-04 1.81052012e-18 2.37945505e-03 1.26296133e-02 9.04919140e-03 4.52534816e-03 3.64103662e-03 3.43725382e-03 3.74046965e-03
1.03303303e-01 -2.06697975e+01 -2.06697975e+01 -2.50725141e-02 -6.80089219e-03 -6.80088629e-03 7.13254574e+01 7.13254574e+01 1.03783837e+02 1.73372523e+02 2.05626034e+02 2.80382466e+02 3.27315879e+02 4.24616275e+02 5.28498300e+02 6.33590143e+02 7.40166702e+02 4.84820034e-16 4.52920792e-16 3.35817774e-05 5.60275883e-16 1.28891010e-13 1.01948567e-16 1.02809918e-29 9.99798564e-01 1.06320321e-15 9.90696594e-01 6.92912602e-01 8.56346034e-01 9.65997551e-01 9.78108529e-01 9.80504790e-01 9.76846703e-01 5.78785568e-18 1.06017332e-18 1.40808814e-06 3.39725510e-07 3.39725510e-07 3.56292512e-03 3.56292512e-03 3.51507233e-04 4.39561699e-19 2.38339377e-03 1.26275921e-02 9.04400010e-03 4.52812980e-03 3.64447360e-03 3.44131315e-03 3.74684048e-03
1.03453453e-01 -2.06697975e+01 -2.06697975e+01 -2.50725149e-02 -6.80089244e-03 -6.80088976e-03 7.13254574e+01 7.13254574e+01 1.03783348e+02 1.73372523e+02 2.05618831e+02 2.80332251e+02 3.27327577e+02 4.24635278e+02 5.28519988e+02 6.33617100e+02 7.40207244e+02 1.21547647e-15 2.94850003e-16 3.36305881e-05 1.39767020e-15 1.68882244e-13 1.85010533e-16 3.34696928e-27 9.99797958e-01 6.33760521e-16 9.90665660e-01 6.93032988e-01 8.56524638e-01 9.65955188e-01 9.78066845e-01 9.80458370e-01 9.76766922e-01 1.02990363e-17 1.80567617e-18 1.40808814e-06 3.39725510e-07 3.39725510e-07 3.56292512e-03 3.56292512e-03 3.52035509e-04 1.36318703e-17 2.38733438e-03 1.26255656e-02 9.03881096e-03 4.53090083e-03 3.64790331e-03 3.44536731e-03 3.75321452e-03
1.03603604e-01 -2.06697975e+01 -2.06697975e+01 -2.50725147e-02 -6.80089833e-03 -6.80089001e-03 7.13254574e+01 7.13254574e+01 1.03782859e+02 1.73372523e+02 2.05611614e+02 2.80282040e+02 3.27339253e+02 4.24654280e+02 5.28541688e+02 6.33644082e+02 7.40247867e+02 1.11326039e-15 2.93860829e-16 3.36793989e-05 4.01831555e-16 1.69108054e-13 2.05875930e-16 3.34874286e-27 9.99797351e-01 6.04003780e-16 9.90634659e-01 6.93153650e-01 8.56703028e-01 9.65912960e-01 9.78025208e-01 9.80411954e-01 9.76686959e-01 1.50933782e-18 7.08114808e-19 1.40808814e-06 3.39725510e-07 3.39725510e-07 3.56292512e-03 3.56292512e-03 3.52563862e-04 3.48459158e-18 2.39127687e-03 1.26235338e-02 9.03362400e-03 4.53366129e-03 3.65132574e-03 3.44941629e-03 3.75959177e-03
1.03753754e-01 -2.06697975e+01 -2.06697975e+01 -2.50725131e-02 -6.80089375e-03 -6.80089030e-03 7.13254574e+01 7.13254574e+01 1.03782369e+02 1.73372523e+02 2.05604383e+02 2.80231833e+02 3.27350907e+02 4.24673281e+02 5.28563398e+02 6.33671091e+02 7.40288573e+02 6.95396853e-16 4.55584720e-16 3.37282096e-05 1.69392667e-13 1.09285025e-15 2.80377931e-16 3.35051777e-27 9.99796743e-01 7.96727638e-16 9.90603590e-01 6.93274587e-01 8.56881203e-01 9.65870866e-01 9.77983619e-01 9.80365540e-01 9.76606814e-01 2.09199630e-18 9.02346331e-19 1.40808814e-06 3.39725510e-07 3.39725510e-07 3.56292512e-03 3.56292512e-03 3.53092292e-04 4.17007079e-18 2.39522125e-03 1.26214966e-02 9.02843922e-03 4.53641117e-03 3.65474088e-03 3.45346009e-03 3.76597223e-03
1.03903904e-01 -2.06697975e+01 -2.06697975e+01 -2.50725138e-02 -6.80089695e-03 -6.80089411e-03 7.13254574e+01 7.13254574e+01 1.03781879e+02 1.73372523e+02 2.05597139e+02 2.80181631e+02 3.27362540e+02 4.24692280e+02 5.28585119e+02 6.33698126e+02 7.40329361e+02 2.84476083e-16 7.22577809e-16 3.37770203e-05 1.19432425e-15 1.69565259e-13 3.35229401e-27 2.99045354e-16 9.99796134e-01 6.37817842e-16 9.90572455e-01 6.93395799e-01 8.57059164e-01 9.65828906e-01 9.77942079e-01 9.80319129e-01 9.76526486e-01 2.47056656e-18 2.65913975e-18 1.40808814e-06 3.39725510e-07 3.39725510e-07 3.56292512e-03 3.56292512e-03 3.53620798e-04 7.82140027e-18 2.39916753e-03 1.26194541e-02 9.02325664e-03 4.53915050e-03 3.65814874e-03 3.45749869e-03 3.77235590e-03
1.04054054e-01 -2.06697975e+01 -2.06697975e+01 -2.50725152e-02 -6.80088772e-03 -6.80088768e-03 7.13254574e+01 7.13254574e+01 1.03781388e+02 1.73372523e+02 2.05589880e+02 2.80131433e+02 3.27374151e+02 4.24711277e+02 5.28606852e+02 6.33725186e+02 7.40370232e+02 7.58512601e-16 5.10061834e-16 3.38258310e-05 1.20904770e-13 1.19288267e-13 3.36615665e-27 1.34806927e-16 9.99795524e-01 6.56193418e-16 9.90541253e-01 6.93517285e-01 8.57236910e-01 9.65787081e-01 9.77900586e-01 9.80272722e-01 9.76445974e-01 6.63685593e-18 9.05973418e-18 1.40808814e-06 3.39725510e-07 3.39725510e-07 3.56292512e-03 3.56292512e-03 3.54149382e-04 2.31411679e-18 2.40311569e-03 1.26174063e-02 9.01807625e-03 4.54187928e-03 3.66154931e-03 3.46153208e-03 3.77874277e-03
1.04204204e-01 -2.06697975e+01 -2.06697975e+01 -2.50725145e-02 -6.80088530e-03 -6.80088257e-03 7.13254574e+01 7.13254574e+01 1.03780896e+02 1.73372523e+02 2.05582607e+02 2.80081239e+02 3.27385741e+02 4.24730272e+02 5.28628595e+02 6.33752273e+02 7.40411185e+02 3.64075754e-16 6.19931777e-16 3.38746417e-05 1.42097600e-15 1.70172517e-13 1.56633317e-16 3.36794100e-27 9.99794913e-01 8.42944137e-16 9.90509983e-01 6.93639044e-01 8.57414442e-01 9.65745390e-01 9.77859143e-01 9.80226319e-01 9.76365279e-01 3.61690404e-18 8.61450662e-18 1.40808814e-06 3.39725510e-07 3.39725510e-07 3.56292512e-03 3.56292512e-03 3.54678043e-04 1.06438889e-18 2.40706574e-03 1.26153533e-02 9.01289806e-03 4.54459754e-03 3.66494259e-03 3.46556025e-03 3.78513285e-03
1.04354354e-01 -2.06697975e+01 -2.06697975e+01 -2.50725144e-02 -6.80091754e-03 -6.80089222e-03 7.13254574e+01 7.13254574e+01 1.03780403e+02 1.73372523e+02 2.05575320e+02 2.80031051e+02 3.27397309e+02 4.24749266e+02 5.28650348e+02 6.33779385e+02 7.40452220e+02 3.13384101e-16 6.64916964e-16 3.39234525e-05 1.40718716e-16 1.70304640e-13 1.10533871e-16 3.38200262e-27 9.99794301e-01 6.29320383e-16 9.90478646e-01 6.93761075e-01 8.57591759e-01 9.65703834e-01 9.77817749e-01 9.80179921e-01 9.76284401e-01 1.96469683e-18 3.86461206e-18 1.40808814e-06 3.39725510e-07 3.39725510e-07 3.56292512e-03 3.56292512e-03 3.55206781e-04 1.06438889e-18 2.41101769e-03 1.26132949e-02 9.00772209e-03 4.54730529e-03 3.66832857e-03 3.46958317e-03 3.79152613e-03
1.04504505e-01 -2.06697975e+01 -2.06697975e+01 -2.50725143e-02 -6.80089171e-03 -6.80088901e-03 7.13254574e+01 7.13254574e+01 1.03779909e+02 1.73372523e+02 2.05568019e+02 2.79980867e+02 3.27408856e+02 4.24768257e+02 5.28672113e+02 6.33806523e+02 7.40493339e+02 1.19111137e-15 1.98289225e-16 3.39722632e-05 1.70548257e-13 1.28087968e-15 3.38674323e-27 2.21074696e-16 9.99793688e-01 5.48967070e-16 9.90447241e-01 6.93883379e-01 8.57768862e-01 9.65662412e-01 9.77776404e-01 9.80133526e-01 9.76203339e-01 1.26316253e-18 1.36472483e-18 1.40808814e-06 3.39725510e-07 3.39725510e-07 3.56292512e-03 3.56292512e-03 3.55735596e-04 7.97299355e-18 2.41497152e-03 1.26112312e-02 9.00254834e-03 4.55000254e-03 3.67170726e-03 3.47360085e-03 3.79792260e-03
1.04654655e-01 -2.06697975e+01 -2.06697975e+01 -2.50725140e-02 -6.80089727e-03 -6.80089208e-03 7.13254574e+01 7.13254574e+01 1.03779415e+02 1.73372523e+02 2.05560704e+02 2.79930688e+02 3.27420381e+02 4.24787247e+02 5.28693888e+02 6.33833687e+02 7.40534540e+02 5.83479728e-16 3.58286044e-16 3.40210739e-05 1.70894029e-13 6.39729044e-16 3.38854046e-27 2.44704334e-16 9.99793074e-01 6.75018452e-16 9.90415769e-01 6.94005955e-01 8.57945751e-01 9.65621126e-01 9.77735108e-01 9.80087137e-01 9.76122093e-01 2.44744321e-18 1.16415676e-17 1.40808814e-06 3.39725510e-07 3.39725510e-07 3.56292512e-03 3.56292512e-03 3.56264489e-04 6.31744968e-18 2.41892725e-03 1.26091623e-02 8.99737682e-03 4.55268930e-03 3.67507865e-03 3.47761327e-03 3.80432227e-03
1.04804805e-01 -2.06697975e+01 -2.06697975e+01 -2.50725137e-02 -6.80090276e-03 -6.80089962e-03 7.13254574e+01 7.13254574e+01 1.03778920e+02 1.73372523e+02 2.05553375e+02 2.79880513e+02 3.27431884e+02 4.24806234e+02 5.28715674e+02 6.33860876e+02 7.40575824e+02 5.44518626e-16 3.15095556e-16 3.40698846e-05 1.19804480e-15 1.71061879e-13 3.39334099e-27 3.77462753e-16 9.99792459e-01 3.46607344e-16 9.90384230e-01 6.94128801e-01 8.58122425e-01 9.65579974e-01 9.77693863e-01 9.80040753e-01 9.76040662e-01 5.84235593e-18 4.06718090e-18 1.40808814e-06 3.39725510e-07 3.39725510e-07 3.56292512e-03 3.56292512e-03 3.56793459e-04 3.39365031e-18 2.42288488e-03 1.26070880e-02 8.99220753e-03 4.55536560e-03 3.67844274e-03 3.48162042e-03 3.81072513e-03
1.04954955e-01 -2.06697975e+01 -2.06697975e+01 -2.50725148e-02 -6.80089744e-03 -6.80088586e-03 7.13254574e+01 7.13254574e+01 1.03778424e+02 1.73372523e+02 2.05546032e+02 2.79830344e+02 3.27443367e+02 4.24825219e+02 5.28737470e+02 6.33888091e+02 7.40617191e+02 5.04843243e-16 3.06800365e-16 3.41186954e-05 1.71255328e-13 3.14173682e-16 3.39514439e-27 3.54310361e-16 9.99791843e-01 4.06855990e-16 9.90352622e-01 6.94251918e-01 8.58298884e-01 9.65538957e-01 9.77652667e-01 9.79994375e-01 9.75959048e-01 3.52223876e-18 2.72789964e-18 1.40808814e-06 3.39725510e-07 3.39725510e-07 3.56292512e-03 3.56292512e-03 3.57322507e-04 4.80665964e-18 2.42684440e-03 1.26050085e-02 8.98704049e-03 4.55803144e-03 3.68179952e-03 3.48562228e-03 3.81713118e-03
1.05105105e-01 -2.06697975e+01 -2.06697975e+01 -2.50725146e-02 -6.80090239e-03 -6.80090188e-03 7.13254574e+01 7.13254574e+01 1.03777927e+02 1.73372523e+02 2.05538675e+02 2.79780180e+02 3.27454828e+02 4.24844203e+02 5.28759276e+02 6.33915331e+02 7.40658641e+02 6.58595859e-16 9.79777758e-16 3.41675061e-05 7.34131867e-15 1.71426874e-13 3.39694915e-27 2.75317794e-16 9.99791226e-01 4.69838797e-16 9.90320947e-01 6.94375305e-01 8.58475129e-01 9.65498076e-01 9.77611523e-01 9.79948003e-01 9.75877248e-01 2.57753324e-18 6.93930032e-18 1.40808814e-06 3.39725510e-07 3.39725510e-07 3.56292512e-03 3.56292512e-03 3.57851633e-04 7.88205228e-18 2.43080582e-03 1.26029237e-02 8.98187570e-03 4.56068684e-03 3.68514900e-03 3.48961885e-03 3.82354042e-03
1.05255255e-01 -2.06697975e+01 -2.06697975e+01 -2.50725142e-02 -6.80089261e-03 -6.80088184e-03 7.13254574e+01 7.13254574e+01 1.03777430e+02 1.73372523e+02 2.05531303e+02 2.79730020e+02 3.27466267e+02 4.24863184e+02 5.28781093e+02 6.33942596e+02 7.40700175e+02 2.45718051e-16 4.35470619e-16 3.42163168e-05 1.71829575e-13 3.84297029e-16 3.39875527e-27 8.51347234e-17 9.99790608e-01 4.94258343e-16 9.90289204e-01 6.94498960e-01 8.58651160e-01 9.65457329e-01 9.77570429e-01 9.79901637e-01 9.75795264e-01 2.26954445e-18 4.25686609e-18 1.40808814e-06 3.39725510e-07 3.39725510e-07 3.56292512e-03 3.56292512e-03 3.58380837e-04 3.54524359e-18 2.43476913e-03 1.26008337e-02 8.97671316e-03 4.56333182e-03 3.68849117e-03 3.49361010e-03 3.82995284e-03
1.05405405e-01 -2.06697975e+01 -2.06697975e+01 -2.50725133e-02 -6.80089488e-03 -6.80089432e-03 7.13254574e+01 7.13254574e+01 1.03776932e+02 1.73372523e+02 2.05523917e+02 2.79679866e+02 3.27477685e+02 4.24882162e+02 5.28802920e+02 6.33969887e+02 7.40741792e+02 6.84660646e-16 2.71881634e-15 3.42651275e-05 1.71941029e-13 6.76011987e-15 1.61762633e-19 2.28091108e-17 9.99789989e-01 9.75039245e-16 9.90257393e-01 6.94622885e-01 8.58826976e-01 9.65416717e-01 9.77529386e-01 9.79855278e-01 9.75713095e-01 3.79086341e-18 8.66959265e-18 1.40808814e-06 3.39725510e-07 3.39725510e-07 3.56292512e-03 3.56292512e-03 3.58910118e-04 4.32166406e-18 2.43873434e-03 1.25987384e-02 8.97155289e-03 4.56596639e-03 3.69182603e-03 3.49759603e-03 3.83636845e-03
1.05555556e-01 -2.06697975e+01 -2.06697975e+01 -2.50725140e-02 -6.80089823e-03 -6.80089192e-03 7.13254574e+01 7.13254574e+01 1.03776433e+02 1.73372523e+02 2.05516518e+02 2.79629717e+02 3.27489082e+02 4.24901139e+02 5.28824757e+02 6.33997203e+02 7.40783492e+02 1.12768481e-15 3.70945830e-16 3.43139382e-05 5.30575829e-16 1.72333805e-13 3.40237158e-27 2.26259410e-16 9.99789369e-01 8.65328905e-16 9.90225514e-01 6.94747077e-01 8.59002578e-01 9.65376241e-01 9.77488394e-01 9.79808926e-01 9.75630740e-01 3.47928023e-18 5.69893170e-19 1.40808814e-06 3.39725510e-07 3.39725510e-07 3.56292512e-03 3.56292512e-03 3.59439478e-04 1.84116237e-17 2.44270145e-03 1.25966378e-02 8.96639490e-03 4.56859057e-03 3.69515357e-03 3.50157663e-03 3.84278723e-03
1.05705706e-01 -2.06697975e+01 -2.06697975e+01 -2.50725141e-02 -6.80089012e-03 -6.80087819e-03 7.13254574e+01 7.13254574e+01 1.03775933e+02 1.73372523e+02 2.05509103e+02 2.79579573e+02 3.27500458e+02 4.24920113e+02 5.28846604e+02 6.34024545e+02 7.40825275e+02 4.08343053e-16 4.34804639e-16 3.43627490e-05 1.72458026e-13 3.61907813e-16 8.91167469e-17 3.19640498e-23 9.99788748e-01 7.13353046e-16 9.90193566e-01 6.94871536e-01 8.59177966e-01 9.65335900e-01 9.77447454e-01 9.79762581e-01 9.75548200e-01 7.24709748e-18 4.33785924e-18 1.40808814e-06 3.39725510e-07 3.39725510e-07 3.56292512e-03 3.56292512e-03 3.59968917e-04 6.14732881e-18 2.44667046e-03 1.25945320e-02 8.96123918e-03 4.57120436e-03 3.69847380e-03 3.50555189e-03 3.84920920e-03
1.05855856e-01 -2.06697975e+01 -2.06697975e+01 -2.50725145e-02 -6.80090235e-03 -6.80088086e-03 7.13254574e+01 7.13254574e+01 1.03775433e+02 1.73372523e+02 2.05501675e+02 2.79529435e+02 3.27511813e+02 4.24939084e+02 5.28868462e+02 6.34051911e+02 7.40867142e+02 6.80788649e-16 8.62422435e-16 3.44115597e-05 2.85649943e-16 2.05812734e-13 3.40337640e-27 1.54984376e-16 9.99788126e-01 4.91201778e-16 9.90161551e-01 6.94996262e-01 8.59353139e-01 9.65295695e-01 9.77406566e-01 9.79716244e-01 9.75465474e-01 3.91070788e-18 1.25871731e-18 1.40808814e-06 3.39725510e-07 3.39725510e-07 3.56292512e-03 3.56292512e-03 3.60498433e-04 5.09808454e-18 2.45064137e-03 1.25924209e-02 8.95608575e-03 4.57380779e-03 3.70178671e-03 3.50952178e-03 3.85563433e-03
1.06006006e-01 -2.06697975e+01 -2.06697975e+01 -2.50725146e-02 -6.80090201e-03 -6.80088711e-03 7.13254574e+01 7.13254574e+01 1.03774931e+02 1.73372523e+02 2.05494232e+02 2.79479302e+02 3.27523147e+02 4.24958053e+02 5.28890329e+02 6.34079302e+02 7.40909093e+02 4.48132182e-16 2.88225927e-16 3.44603704e-05 2.82264873e-16 1.72997224e-13 3.40780627e-27 2.98305590e-16 9.99787503e-01 3.19060981e-16 9.90129467e-01 6.95121255e-01 8.59528098e-01 9.65255625e-01 9.77365730e-01 9.79669915e-01 9.75382562e-01 1.25560774e-18 9.98070728e-18 1.40808814e-06 3.39725510e-07 3.39725510e-07 3.56292512e-03 3.56292512e-03 3.61028028e-04 1.35581379e-18 2.45461418e-03 1.25903046e-02 8.95093461e-03 4.57640087e-03 3.70509230e-03 3.51348631e-03 3.86206264e-03
1.06156156e-01 -2.06697975e+01 -2.06697975e+01 -2.50725131e-02 -6.80090491e-03 -6.80089411e-03 7.13254574e+01 7.13254574e+01 1.03774429e+02 1.73372523e+02 2.05486776e+02 2.79429175e+02 3.27534459e+02 4.24977019e+02 5.28912206e+02 6.34106719e+02 7.40951127e+02 1.73867696e-16 2.97015892e-16 3.45091811e-05 1.01784609e-15 4.79069035e-13 3.41872041e-27 2.56448268e-16 9.99786879e-01 6.28582184e-16 9.90097315e-01 6.95246513e-01 8.59702843e-01 9.65215690e-01 9.77324946e-01 9.79623595e-01 9.75299464e-01 4.29677230e-18 4.89121902e-18 1.40808814e-06 3.39725510e-07 3.39725510e-07 3.56292512e-03 3.56292512e-03 3.61557702e-04 9.43158378e-19 2.45858889e-03 1.25881831e-02 8.94578577e-03 4.57898361e-03 3.70839057e-03 3.51744545e-03 3.86849411e-03
1.06306306e-01 -2.06697975e+01 -2.06697975e+01 -2.50725133e-02 -6.80089951e-03 -6.80088982e-03 7.13254574e+01 7.13254574e+01 1.03773927e+02 1.73372523e+02 2.05479305e+02 2.79379053e+02 3.27545751e+02 4.24995983e+02 5.28934093e+02 6.34134160e+02 7.40993246e+02 3.54020954e-16 2.62418878e-16 3.45579919e-05 4.79610919e-13 1.08062352e-15 1.58958973e-16 3.42055082e-27 9.99786253e-01 3.41070205e-16 9.90065094e-01 6.95372036e-01 8.59877373e-01 9.65175891e-01 9.77284215e-01 9.79577284e-01 9.75216180e-01 7.36023595e-18 1.67238416e-18 1.40808814e-06 3.39725510e-07 3.39725510e-07 3.56292512e-03 3.56292512e-03 3.62087455e-04 7.91565098e-19 2.46256550e-03 1.25860563e-02 8.94063924e-03 4.58155603e-03 3.71168151e-03 3.52139920e-03 3.87492875e-03
1.06456456e-01 -2.06697975e+01 -2.06697975e+01 -2.50725143e-02 -6.80089949e-03 -6.80089361e-03 7.13254574e+01 7.13254574e+01 1.03773423e+02 1.73372523e+02 2.05471819e+02 2.79328937e+02 3.27557021e+02 4.25014944e+02 5.28955989e+02 6.34161626e+02 7.41035448e+02 4.08477182e-16 5.20570820e-16 3.46068026e-05 4.80368931e-13 1.84297602e-15 1.97708911e-16 3.42238260e-27 9.99785627e-01 8.62077360e-16 9.90032805e-01 6.95497823e-01 8.60051689e-01 9.65136227e-01 9.77243537e-01 9.79530982e-01 9.75132709e-01 1.12568603e-17 3.52945443e-18 1.40808814e-06 3.39725510e-07 3.39725510e-07 3.56292512e-03 3.56292512e-03 3.62617286e-04 1.93175063e-18 2.46654401e-03 1.25839243e-02 8.93549503e-03 4.58411815e-03 3.71496513e-03 3.52534755e-03 3.88136655e-03
1.06606607e-01 -2.06697975e+01 -2.06697975e+01 -2.50725154e-02 -6.80089842e-03 -6.80089370e-03 7.13254574e+01 7.13254574e+01 1.03772919e+02 1.73372523e+02 2.05464319e+02 2.79278826e+02 3.27568270e+02 4.25033902e+02 5.28977895e+02 6.34189116e+02 7.41077734e+02 2.26604586e-16 2.10834849e-16 3.46556133e-05 3.67328825e-15 7.87988912e-13 1.24622277e-16 3.52667016e-27 9.99785000e-01 5.82712374e-16 9.90000447e-01 6.95623874e-01 8.60225791e-01 9.65096699e-01 9.77202913e-01 9.79484689e-01 9.75049051e-01 4.53669571e-18 2.20274186e-18 1.40808814e-06 3.39725510e-07 3.39725510e-07 3.56292512e-03 3.56292512e-03 3.63147197e-04 8.93129655e-18 2.47052443e-03 1.25817871e-02 8.93035314e-03 4.58666998e-03 3.71824142e-03 3.52929047e-03 3.88780751e-03
1.06756757e-01 -2.06697975e+01 -2.06697975e+01 -2.50725140e-02 -6.80090551e-03 -6.80088889e-03 7.13254574e+01 7.13254574e+01 1.03772414e+02 1.73372523e+02 2.05456805e+02 2.79228721e+02 3.27579499e+02 4.25052858e+02 5.28999811e+02 6.34216631e+02 7.41120105e+02 3.11828951e-16 3.80098716e-16 3.47044240e-05 1.11412555e-15 7.89148956e-13 3.52852552e-27 1.89688312e-16 9.99784372e-01 3.41749204e-16 9.89968020e-01 6.95750188e-01 8.60399678e-01 9.65057307e-01 9.77162341e-01 9.79438407e-01 9.74965207e-01 2.63651901e-18 1.44237530e-18 1.40808814e-06 3.39725510e-07 3.39725510e-07 3.56292512e-03 3.56292512e-03 3.63677187e-04 7.27575268e-18 2.47450675e-03 1.25796447e-02 8.92521358e-03 4.58921153e-03 3.72151037e-03 3.53322796e-03 3.89425163e-03
1.06906907e-01 -2.06697975e+01 -2.06697975e+01 -2.50725124e-02 -6.80090464e-03 -6.80089372e-03 7.13254574e+01 7.13254574e+01 1.03771908e+02 1.73372523e+02 2.05449277e+02 2.79178622e+02 3.27590707e+02 4.25071810e+02 5.29021737e+02 6.34244171e+02 7.41162560e+02 5.62309553e-16 5.70761289e-16 3.47532348e-05 1.63282925e-15 7.90340377e-13 1.15684597e-16 3.62423355e-27 9.99783743e-01 3.11813990e-16 9.89935525e-01 6.95876765e-01 8.60573352e-01 9.65018051e-01 9.77121824e-01 9.79392135e-01 9.74881175e-01 3.40131306e-18 7.44624835e-18 1.40808814e-06 3.39725510e-07 3.39725510e-07 3.56292512e-03 3.56292512e-03 3.64207256e-04 1.04234855e-17 2.47849097e-03 1.25774971e-02 8.92007636e-03 4.59174282e-03 3.72477200e-03 3.53716002e-03 3.90069890e-03
1.07057057e-01 -2.06697975e+01 -2.06697975e+01 -2.50725142e-02 -6.80090798e-03 -6.80089922e-03 7.13254574e+01 7.13254574e+01 1.03771402e+02 1.73372523e+02 2.05441734e+02 2.79128529e+02 3.27601894e+02 4.25090760e+02 5.29043671e+02 6.34271735e+02 7.41205099e+02 1.23705902e-15 2.03842419e-15 3.48020455e-05 7.91416159e-13 2.11053914e-15 9.80802820e-17 3.62609766e-27 9.99783113e-01 5.50265728e-16 9.89902960e-01 6.96003604e-01 8.60746811e-01 9.64978930e-01 9.77081361e-01 9.79345873e-01 9.74796955e-01 8.19121422e-18 2.32047750e-18 1.40808814e-06 3.39725510e-07 3.39725510e-07 3.56292512e-03 3.56292512e-03 3.64737404e-04 3.98818826e-18 2.48247710e-03 1.25753442e-02 8.91494147e-03 4.59426386e-03 3.72802629e-03 3.54108661e-03 3.90714932e-03
1.07207207e-01 -2.06697975e+01 -2.06697975e+01 -2.50725134e-02 -6.80089442e-03 -6.80089082e-03 7.13254574e+01 7.13254574e+01 1.03770894e+02 1.73372523e+02 2.05434177e+02 2.79078442e+02 3.27613060e+02 4.25109706e+02 5.29065616e+02 6.34299324e+02 7.41247722e+02 3.40774340e-16 5.66963104e-16 3.48508562e-05 7.92397385e-13 4.80103757e-15 3.62796318e-27 2.97286379e-16 9.99782482e-01 4.73273769e-16 9.89870327e-01 6.96130704e-01 8.60920057e-01 9.64939945e-01 9.77040952e-01 9.79299622e-01 9.74712548e-01 2.57105776e-18 5.33376771e-18 1.40808814e-06 3.39725510e-07 3.39725510e-07 3.56292512e-03 3.56292512e-03 3.65267632e-04 1.99240265e-18 2.48646514e-03 1.25731862e-02 8.90980894e-03 4.59677468e-03 3.73127324e-03 3.54500774e-03 3.91360289e-03
1.07357357e-01 -2.06697975e+01 -2.06697975e+01 -2.50725146e-02 -6.80089977e-03 -6.80089754e-03 7.13254574e+01 7.13254574e+01 1.03770386e+02 1.73372523e+02 2.05426606e+02 2.79028362e+02 3.27624205e+02 4.25128650e+02 5.29087569e+02 6.34326937e+02 7.41290430e+02 2.83801213e-16 2.84266418e-16 3.48996669e-05 7.82351242e-15 7.93542457e-13 3.62983012e-27 1.56472415e-16 9.99781850e-01 6.70906805e-16 9.89837624e-01 6.96258065e-01 8.61093088e-01 9.64901096e-01 9.77000598e-01 9.79253383e-01 9.74627954e-01 2.96539155e-18 2.66291386e-19 1.40808814e-06 3.39725510e-07 3.39725510e-07 3.56292512e-03 3.56292512e-03 3.65797939e-04 3.93929790e-18 2.49045508e-03 1.25710230e-02 8.90467877e-03 4.59927527e-03 3.73451285e-03 3.54892340e-03 3.92005960e-03
1.07507508e-01 -2.06697975e+01 -2.06697975e+01 -2.50725131e-02 -6.80090686e-03 -6.80089770e-03 7.13254574e+01 7.13254574e+01 1.03769877e+02 1.73372523e+02 2.05419020e+02 2.78978287e+02 3.27635329e+02 4.25147590e+02 5.29109532e+02 6.34354574e+02 7.41333222e+02 5.76915783e-16 8.89053851e-16 3.49484776e-05 7.94738220e-13 1.89100143e-15 2.14516722e-16 3.93369348e-27 9.99781217e-01 5.79522275e-16 9.89804853e-01 6.96385687e-01 8.61265905e-01 9.64862383e-01 9.76960298e-01 9.79207155e-01 9.74543171e-01 1.48180279e-18 1.51985987e-18 1.40808814e-06 3.39725510e-07 3.39725510e-07 3.56292512e-03 3.56292512e-03 3.66328326e-04 8.59782074e-18 2.49444693e-03 1.25688545e-02 8.89955096e-03 4.60176567e-03 3.73774513e-03 3.55283356e-03 3.92651945e-03
1.07657658e-01 -2.06697975e+01 -2.06697975e+01 -2.50725133e-02 -6.80090853e-03 -6.80090091e-03 7.13254574e+01 7.13254574e+01 1.03769368e+02 1.73372523e+02 2.05411420e+02 2.78928218e+02 3.27646433e+02 4.25166527e+02 5.29131504e+02 6.34382236e+02 7.41376099e+02 4.97682250e-16 5.21290715e-16 3.49972884e-05 2.42273385e-15 7.95761566e-13 3.63356825e-27 1.09689738e-16 9.99780583e-01 3.70509940e-16 9.89772012e-01 6.96513568e-01 8.61438508e-01 9.64823806e-01 9.76920054e-01 9.79160940e-01 9.74458199e-01 1.61119307e-18 6.93451985e-18 1.40808814e-06 3.39725510e-07 3.39725510e-07 3.56292512e-03 3.56292512e-03 3.66858793e-04 8.00328280e-18 2.49844068e-03 1.25666809e-02 8.89442552e-03 4.60424589e-03 3.74097006e-03 3.55673822e-03 3.93298244e-03
1.07807808e-01 -2.06697975e+01 -2.06697975e+01 -2.50725140e-02 -6.80088968e-03 -6.80088624e-03 7.13254574e+01 7.13254574e+01 1.03768857e+02 1.73372523e+02 2.05403805e+02 2.78878156e+02 3.27657516e+02 4.25185461e+02 5.29153484e+02 6.34409921e+02 7.41419061e+02 9.07876411e-16 3.74569401e-16 3.50460991e-05 7.96921212e-13 5.06773576e-15 3.63543944e-27 1.67489367e-16 9.99779947e-01 5.79969583e-16 9.89739101e-01 6.96641708e-01 8.61610897e-01 9.64785365e-01 9.76879865e-01 9.79114737e-01 9.74373040e-01 2.86234943e-18 1.51899713e-18 1.40808814e-06 3.39725510e-07 3.39725510e-07 3.56292512e-03 3.56292512e-03 3.67389340e-04 5.78356375e-18 2.50243634e-03 1.25645021e-02 8.88930246e-03 4.60671593e-03 3.74418764e-03 3.56063736e-03 3.93944857e-03
1.07957958e-01 -2.06697975e+01 -2.06697975e+01 -2.50725157e-02 -6.80091246e-03 -6.80090214e-03 7.13254574e+01 7.13254574e+01 1.03768346e+02 1.73372523e+02 2.05396176e+02 2.78828100e+02 3.27668579e+02 4.25204391e+02 5.29175474e+02 6.34437631e+02 7.41462108e+02 5.55271892e-16 3.14627805e-16 3.50949098e-05 1.70827365e-15 7.98020411e-13 2.61465406e-16 3.63731206e-27 9.99779311e-01 7.96299963e-16 9.89706122e-01 6.96770106e-01 8.61783073e-01 9.64747060e-01 9.76839731e-01 9.79068546e-01 9.74287691e-01 4.36584027e-18 2.37655985e-18 1.40808814e-06 3.39725510e-07 3.39725510e-07 3.56292512e-03 3.56292512e-03 3.67919966e-04 1.49421767e-17 2.50643392e-03 1.25623182e-02 8.88418178e-03 4.60917582e-03 3.74739788e-03 3.56453098e-03 3.94591782e-03
1.08108108e-01 -2.06697975e+01 -2.06697975e+01 -2.50725142e-02 -6.80089657e-03 -6.80089143e-03 7.13254574e+01 7.13254574e+01 1.03767834e+02 1.73372523e+02 2.05388532e+02 2.78778050e+02 3.27679621e+02 4.25223319e+02 5.29197473e+02 6.34465364e+02 7.41505240e+02 3.09109532e-16 9.26519520e-16 3.51437205e-05 3.34744342e-15 7.99109333e-13 2.05323779e-16 3.45431245e-23 9.99778674e-01 6.58502329e-16 9.89673072e-01 6.96898762e-01 8.61955034e-01 9.64708891e-01 9.76799654e-01 9.79022369e-01 9.74202154e-01 4.25694013e-18 3.33935264e-18 1.40808814e-06 3.39725510e-07 3.39725510e-07 3.56292512e-03 3.56292512e-03 3.68450674e-04 6.26855932e-18 2.51043340e-03 1.25601290e-02 8.87906349e-03 4.61162557e-03 3.75060078e-03 3.56841906e-03 3.95239020e-03
1.08258258e-01 -2.06697975e+01 -2.06697975e+01 -2.50725157e-02 -6.80089326e-03 -6.80089308e-03 7.13254574e+01 7.13254574e+01 1.03767322e+02 1.73372523e+02 2.05380874e+02 2.78728007e+02 3.27690643e+02 4.25242243e+02 5.29219481e+02 6.34493121e+02 7.41548457e+02 2.29892014e-16 3.39329495e-16 3.51925313e-05 7.94213102e-13 9.78263084e-14 3.64106155e-27 1.29343172e-16 9.99778036e-01 4.53226303e-16 9.89639953e-01 6.97027676e-01 8.62126782e-01 9.64670858e-01 9.76759633e-01 9.78976206e-01 9.74116428e-01 4.67860571e-18 1.83290262e-18 1.40808814e-06 3.39725510e-07 3.39725510e-07 3.56292512e-03 3.56292512e-03 3.68981461e-04 4.59448786e-18 2.51443479e-03 1.25579347e-02 8.87394760e-03 4.61406520e-03 3.75379632e-03 3.57230159e-03 3.95886571e-03
1.08408408e-01 -2.06697975e+01 -2.06697975e+01 -2.50725139e-02 -6.80089553e-03 -6.80089393e-03 7.13254574e+01 7.13254574e+01 1.03766808e+02 1.73372523e+02 2.05373202e+02 2.78677971e+02 3.27701643e+02 4.25261163e+02 5.29241497e+02 6.34520903e+02 7.41591759e+02 5.64865947e-16 5.55709785e-16 3.52413420e-05 1.09557232e-14 8.01342893e-13 3.64293843e-27 3.26035440e-17 9.99777397e-01 1.17474875e-15 9.89606765e-01 6.97156847e-01 8.62298316e-01 9.64632961e-01 9.76719668e-01 9.78930056e-01 9.74030512e-01 1.20308288e-17 1.69746512e-18 1.40808814e-06 3.39725510e-07 3.39725510e-07 3.56292512e-03 3.56292512e-03 3.69512329e-04 1.02416030e-17 2.51843808e-03 1.25557352e-02 8.86883411e-03 4.61649472e-03 3.75698452e-03 3.57617856e-03 3.96534434e-03
1.08558559e-01 -2.06697975e+01 -2.06697975e+01 -2.50725147e-02 -6.80090417e-03 -6.80087842e-03 7.13254574e+01 7.13254574e+01 1.03766294e+02 1.73372523e+02 2.05365515e+02 2.78627941e+02 3.27712624e+02 4.25280080e+02 5.29263523e+02 6.34548707e+02 7.41635146e+02 8.36458849e-16 3.04764472e-16 3.52901527e-05 7.20569526e-16 8.02436628e-13 1.11004004e-16 3.64481674e-27 9.99776756e-01 6.75541551e-16 9.89573506e-01 6.97286273e-01 8.62469636e-01 9.64595201e-01 9.76679760e-01 9.78883920e-01 9.73944407e-01 2.54450702e-18 3.76116499e-18 1.40808814e-06 3.39725510e-07 3.39725510e-07 3.56292512e-03 3.56292512e-03 3.70043277e-04 6.59027347e-18 2.52244329e-03 1.25535306e-02 8.86372304e-03 4.61891414e-03 3.76016536e-03 3.58004995e-03 3.97182608e-03
1.08708709e-01 -2.06697975e+01 -2.06697975e+01 -2.50725133e-02 -6.80089415e-03 -6.80087892e-03 7.13254574e+01 7.13254574e+01 1.03765779e+02 1.73372523e+02 2.05357813e+02 2.78577918e+02 3.27723584e+02 4.25298993e+02 5.29285557e+02 6.34576536e+02 7.41678619e+02 1.71914222e-16 3.35601008e-16 3.53389634e-05 1.11358288e-15 8.03558002e-13 8.50608330e-17 3.64669647e-27 9.99776115e-01 4.02726072e-16 9.89540178e-01 6.97415955e-01 8.62640742e-01 9.64557576e-01 9.76639909e-01 9.78837799e-01 9.73858112e-01 9.34008271e-18 3.17152043e-18 1.40808814e-06 3.39725510e-07 3.39725510e-07 3.56292512e-03 3.56292512e-03 3.70574306e-04 3.81806739e-18 2.52645041e-03 1.25513208e-02 8.85861438e-03 4.62132349e-03 3.76333885e-03 3.58391576e-03 3.97831094e-03
1.08858859e-01 -2.06697975e+01 -2.06697975e+01 -2.50725147e-02 -6.80091249e-03 -6.80088752e-03 7.13254574e+01 7.13254574e+01 1.03765263e+02 1.73372523e+02 2.05350097e+02 2.78527902e+02 3.27734524e+02 4.25317903e+02 5.29307599e+02 6.34604388e+02 7.41722177e+02 5.86449945e-16 2.79034633e-16 3.53877741e-05 8.38637482e-13 6.26903222e-16 3.64588337e-27 1.04483042e-16 9.99775473e-01 1.26309688e-15 9.89506780e-01 6.97545893e-01 8.62811635e-01 9.64520088e-01 9.76600116e-01 9.78791693e-01 9.73771627e-01 3.06798508e-18 3.07446650e-18 1.40808814e-06 3.39725510e-07 3.39725510e-07 3.56292512e-03 3.56292512e-03 3.71105416e-04 8.20376643e-18 2.53045944e-03 1.25491059e-02 8.85350814e-03 4.62372277e-03 3.76650498e-03 3.58777597e-03 3.98479891e-03
1.09009009e-01 -2.06697975e+01 -2.06697975e+01 -2.50725130e-02 -6.80090396e-03 -6.80088854e-03 7.13254574e+01 7.13254574e+01 1.03764746e+02 1.73372523e+02 2.05342366e+02 2.78477892e+02 3.27745443e+02 4.25336808e+02 5.29329650e+02 6.34632263e+02 7.41765821e+02 1.20308908e-15 4.88884507e-16 3.54365849e-05 8.05776252e-13 1.08047395e-15 1.85364379e-16 3.65046022e-27 9.99774829e-01 3.90010203e-16 9.89473311e-01 6.97676084e-01 8.62982315e-01 9.64482736e-01 9.76560379e-01 9.78745603e-01 9.73684952e-01 7.13357153e-18 1.28245737e-17 1.40808814e-06 3.39725510e-07 3.39725510e-07 3.56292512e-03 3.56292512e-03 3.71636607e-04 6.23827007e-18 2.53447039e-03 1.25468858e-02 8.84840434e-03 4.62611201e-03 3.76966376e-03 3.59163057e-03 3.99128998e-03
1.09159159e-01 -2.06697975e+01 -2.06697975e+01 -2.50725134e-02 -6.80089070e-03 -6.80088656e-03 7.13254574e+01 7.13254574e+01 1.03764229e+02 1.73372523e+02 2.05334621e+02 2.78427889e+02 3.27756342e+02 4.25355710e+02 5.29351709e+02 6.34660162e+02 7.41809550e+02 1.02274409e-16 1.31633315e-15 3.54853956e-05 8.06849914e-13 4.28107404e-15 3.65234424e-27 2.79136395e-16 9.99774185e-01 3.09852050e-16 9.89439773e-01 6.97806530e-01 8.63152780e-01 9.64445520e-01 9.76520701e-01 9.78699528e-01 9.73598086e-01 1.76793450e-18 8.41598336e-18 1.40808814e-06 3.39725510e-07 3.39725510e-07 3.56292512e-03 3.56292512e-03 3.72167879e-04 4.62477711e-18 2.53848324e-03 1.25446606e-02 8.84330297e-03 4.62849121e-03 3.77281518e-03 3.59547955e-03 3.99778416e-03
1.09309309e-01 -2.06697975e+01 -2.06697975e+01 -2.50725139e-02 -6.80090039e-03 -6.80088297e-03 7.13254574e+01 7.13254574e+01 1.03763711e+02 1.73372523e+02 2.05326861e+02 2.78377894e+02 3.27767221e+02 4.25374609e+02 5.29373777e+02 6.34688085e+02 7.41853365e+02 6.99707062e-16 3.16130392e-16 3.55342063e-05 8.08067581e-13 1.04441761e-15 2.15006661e-16 3.65422968e-27 9.99773540e-01 3.07817732e-16 9.89406164e-01 6.97937228e-01 8.63323033e-01 9.64408440e-01 9.76481080e-01 9.78653469e-01 9.73511030e-01 1.14578427e-18 7.06361351e-18 1.40808814e-06 3.39725510e-07 3.39725510e-07 3.56292512e-03 3.56292512e-03 3.72699232e-04 7.60922849e-18 2.54249801e-03 1.25424303e-02 8.83820404e-03 4.63086040e-03 3.77595924e-03 3.59932290e-03 4.00428144e-03
1.09459459e-01 -2.06697975e+01 -2.06697975e+01 -2.50725139e-02 -6.80089931e-03 -6.80088176e-03 7.13254574e+01 7.13254574e+01 1.03763192e+02 1.73372523e+02 2.05319087e+02 2.78327905e+02 3.27778080e+02 4.25393503e+02 5.29395853e+02 6.34716030e+02 7.41897266e+02 3.21745747e-16 2.12736414e-16 3.55830170e-05 8.09120792e-13 1.03912439e-15 3.65611656e-27 1.27581996e-16 9.99772893e-01 1.00391332e-15 9.89372485e-01 6.98068180e-01 8.63493071e-01 9.64371496e-01 9.76441518e-01 9.78607426e-01 9.73423784e-01 6.08463514e-18 5.49838872e-18 1.40808814e-06 3.39725510e-07 3.39725510e-07 3.56292512e-03 3.56292512e-03 3.73230666e-04 2.12444818e-17 2.54651469e-03 1.25401948e-02 8.83310757e-03 4.63321959e-03 3.77909594e-03 3.60316060e-03 4.01078181e-03
1.09609610e-01 -2.06697975e+01 -2.06697975e+01 -2.50725145e-02 -6.80089704e-03 -6.80089617e-03 7.13254574e+01 7.13254574e+01 1.03762673e+02 1.73372523e+02 2.05311298e+02 2.78277924e+02 3.27788918e+02 4.25412394e+02 5.29417938e+02 6.34743999e+02 7.41941253e+02 5.97924613e-16 5.53832608e-16 3.56318278e-05 2.02495116e-14 8.10015927e-13 3.65800488e-27 1.46422679e-16 9.99772246e-01 6.65696425e-16 9.89338736e-01 6.98199383e-01 8.63662897e-01 9.64334689e-01 9.76402014e-01 9.78561400e-01 9.73336346e-01 4.99804149e-18 7.09298099e-18 1.40808814e-06 3.39725510e-07 3.39725510e-07 3.56292512e-03 3.56292512e-03 3.73762181e-04 4.67366746e-18 2.55053328e-03 1.25379542e-02 8.82801355e-03 4.63556879e-03 3.78222528e-03 3.60699264e-03 4.01728527e-03
1.09759760e-01 -2.06697975e+01 -2.06697975e+01 -2.50725147e-02 -6.80089896e-03 -6.80089180e-03 7.13254574e+01 7.13254574e+01 1.03762152e+02 1.73372523e+02 2.05303494e+02 2.78227949e+02 3.27799737e+02 4.25431280e+02 5.29440030e+02 6.34771991e+02 7.41985325e+02 3.51286128e-16 3.39350187e-16 3.56806385e-05 1.96105138e-15 6.05888752e-13 1.70731388e-16 3.67621602e-27 9.99771598e-01 1.11246224e-15 9.89304916e-01 6.98330838e-01 8.63832509e-01 9.64298018e-01 9.76362569e-01 9.78515391e-01 9.73248717e-01 2.01118940e-18 8.87615765e-18 1.40808814e-06 3.39725510e-07 3.39725510e-07 3.56292512e-03 3.56292512e-03 3.74293778e-04 8.52217113e-19 2.55455379e-03 1.25357085e-02 8.82292199e-03 4.63790802e-03 3.78534726e-03 3.61081902e-03 4.02379183e-03
1.09909910e-01 -2.06697975e+01 -2.06697975e+01 -2.50725140e-02 -6.80090505e-03 -6.80089955e-03 7.13254574e+01 7.13254574e+01 1.03761631e+02 1.73372523e+02 2.05295675e+02 2.78177982e+02 3.27810535e+02 4.25450163e+02 5.29462131e+02 6.34800005e+02 7.42029484e+02 9.27995367e-16 2.21557834e-16 3.57294492e-05 8.13845454e-16 2.05729214e-13 1.65507518e-29 1.18069076e-16 9.99770948e-01 1.62580323e-15 9.89271026e-01 6.98462544e-01 8.64001908e-01 9.64261484e-01 9.76323183e-01 9.78469400e-01 9.73160897e-01 3.04233794e-18 1.29870623e-17 1.40808814e-06 3.39725510e-07 3.39725510e-07 3.56292512e-03 3.56292512e-03 3.74825457e-04 1.91577549e-17 2.55857621e-03 1.25334577e-02 8.81783290e-03 4.64023730e-03 3.78846187e-03 3.61463971e-03 4.03030146e-03
1.10060060e-01 -2.06697975e+01 -2.06697975e+01 -2.50725146e-02 -6.80090088e-03 -6.80088384e-03 7.13254574e+01 7.13254574e+01 1.03761109e+02 1.73372523e+02 2.05287842e+02 2.78128023e+02 3.27821313e+02 4.25469041e+02 5.29484239e+02 6.34828043e+02 7.42073729e+02 4.82209038e-16 2.84084370e-16 3.57782599e-05 6.07563963e-13 7.76388696e-16 2.56741800e-16 3.68054042e-27 9.99770298e-01 4.83570640e-16 9.89237065e-01 6.98594500e-01 8.64171094e-01 9.64225085e-01 9.76283857e-01 9.78423427e-01 9.73072885e-01 7.15087446e-18 2.20000913e-18 1.40808814e-06 3.39725510e-07 3.39725510e-07 3.56292512e-03 3.56292512e-03 3.75357218e-04 1.81052012e-18 2.56260054e-03 1.25312018e-02 8.81274628e-03 4.64255663e-03 3.79156912e-03 3.61845471e-03 4.03681418e-03
1.10210210e-01 -2.06697975e+01 -2.06697975e+01 -2.50725138e-02 -6.80089895e-03 -6.80089506e-03 7.13254574e+01 7.13254574e+01 1.03760586e+02 1.73372523e+02 2.05279995e+02 2.78078071e+02 3.27832071e+02 4.25487915e+02 5.29506356e+02 6.34856104e+02 7.42118061e+02 2.05033296e-16 3.22543739e-16 3.58270707e-05 6.08400233e-13 3.36783030e-15 3.68246140e-27 2.26464619e-16 9.99769646e-01 4.22130438e-16 9.89203033e-01 6.98726707e-01 8.64340066e-01 9.64188823e-01 9.76244589e-01 9.78377471e-01 9.72984681e-01 6.45165597e-18 5.99117782e-18 1.40808814e-06 3.39725510e-07 3.39725510e-07 3.56292512e-03 3.56292512e-03 3.75889060e-04 1.06660200e-17 2.56662679e-03 1.25289407e-02 8.80766214e-03 4.64486605e-03 3.79466900e-03 3.62226401e-03 4.04332998e-03
1.10360360e-01 -2.06697975e+01 -2.06697975e+01 -2.50725155e-02 -6.80088538e-03 -6.80088175e-03 7.13254574e+01 7.13254574e+01 1.03760063e+02 1.73372523e+02 2.05272132e+02 2.78028126e+02 3.27842809e+02 4.25506785e+02 5.29528480e+02 6.34884187e+02 7.42162478e+02 3.39870184e-16 2.87315237e-16 3.58758814e-05 3.66124084e-15 6.09203664e-13 4.00439720e-27 1.41015485e-16 9.99768994e-01 2.63959558e-16 9.89168930e-01 6.98859162e-01 8.64508826e-01 9.64152698e-01 9.76205382e-01 9.78331535e-01 9.72896286e-01 4.32361266e-18 8.31209327e-18 1.40808814e-06 3.39725510e-07 3.39725510e-07 3.56292512e-03 3.56292512e-03 3.76420984e-04 5.99573553e-18 2.57065495e-03 1.25266746e-02 8.80258050e-03 4.64716555e-03 3.79776151e-03 3.62606759e-03 4.04984884e-03
1.10510511e-01 -2.06697975e+01 -2.06697975e+01 -2.50725140e-02 -6.80089921e-03 -6.80089169e-03 7.13254574e+01 7.13254574e+01 1.03759539e+02 1.73372523e+02 2.05264255e+02 2.77978188e+02 3.27853527e+02 4.25525651e+02 5.29550612e+02 6.34912293e+02 7.42206982e+02 4.90899672e-16 3.38836420e-16 3.59246921e-05 1.78648122e-15 6.10156998e-13 3.16811146e-16 3.69894135e-27 9.99768340e-01 8.10847780e-16 9.89134757e-01 6.98991866e-01 8.64677372e-01 9.64116708e-01 9.76166235e-01 9.78285617e-01 9.72807698e-01 5.22103239e-18 3.32186719e-18 1.40808814e-06 3.39725510e-07 3.39725510e-07 3.56292512e-03 3.56292512e-03 3.76952991e-04 3.27241980e-18 2.57468503e-03 1.25244033e-02 8.79750134e-03 4.64945517e-03 3.80084666e-03 3.62986545e-03 4.05637078e-03
1.10660661e-01 -2.06697975e+01 -2.06697975e+01 -2.50725148e-02 -6.80089628e-03 -6.80088985e-03 7.13254574e+01 7.13254574e+01 1.03759014e+02 1.73372523e+02 2.05256363e+02 2.77928259e+02 3.27864225e+02 4.25544513e+02 5.29572752e+02 6.34940422e+02 7.42251573e+02 3.40489972e-16 3.84831315e-16 3.59735028e-05 2.10431346e-15 6.10921376e-13 1.09317720e-16 3.53593369e-23 9.99767686e-01 5.55164851e-16 9.89100512e-01 6.99124819e-01 8.64845706e-01 9.64080855e-01 9.76127147e-01 9.78239718e-01 9.72718918e-01 5.62236954e-18 2.46603809e-18 1.40808814e-06 3.39725510e-07 3.39725510e-07 3.56292512e-03 3.56292512e-03 3.77485079e-04 7.60922849e-18 2.57871702e-03 1.25221270e-02 8.79242468e-03 4.65173490e-03 3.80392444e-03 3.63365757e-03 4.06289578e-03
1.10810811e-01 -2.06697975e+01 -2.06697975e+01 -2.50725141e-02 -6.80088879e-03 -6.80088278e-03 7.13254574e+01 7.13254574e+01 1.03758488e+02 1.73372523e+02 2.05248456e+02 2.77878337e+02 3.27874904e+02 4.25563370e+02 5.29594899e+02 6.34968573e+02 7.42296251e+02 8.52462793e-16 4.70271506e-16 3.60223135e-05 2.31211116e-15 6.11745752e-13 3.71512354e-27 2.63503774e-16 9.99767030e-01 5.12405810e-16 9.89066196e-01 6.99258018e-01 8.65013827e-01 9.64045138e-01 9.76088121e-01 9.78193839e-01 9.72629945e-01 1.46075703e-17 3.72447518e-18 1.40808814e-06 3.39725510e-07 3.39725510e-07 3.56292512e-03 3.56292512e-03 3.78017250e-04 8.05217315e-18 2.58275093e-03 1.25198456e-02 8.78735053e-03 4.65400478e-03 3.80699484e-03 3.63744393e-03 4.06942384e-03
1.10960961e-01 -2.06697975e+01 -2.06697975e+01 -2.50725141e-02 -6.80090065e-03 -6.80088463e-03 7.13254574e+01 7.13254574e+01 1.03757961e+02 1.73372523e+02 2.05240535e+02 2.77828423e+02 3.27885562e+02 4.25582222e+02 5.29617054e+02 6.34996747e+02 7.42341015e+02 9.23145624e-16 5.13842238e-16 3.60711243e-05 8.34825947e-16 6.12571453e-13 3.71706434e-27 2.55087233e-16 9.99766374e-01 3.56701432e-16 9.89031810e-01 6.99391465e-01 8.65181735e-01 9.64009558e-01 9.76049155e-01 9.78147980e-01 9.72540780e-01 1.19822477e-17 6.92321335e-18 1.40808814e-06 3.39725510e-07 3.39725510e-07 3.56292512e-03 3.56292512e-03 3.78549504e-04 5.72291173e-18 2.58678675e-03 1.25175591e-02 8.78227889e-03 4.65626481e-03 3.81005788e-03 3.64122453e-03 4.07595496e-03
1.11111111e-01 -2.06697975e+01 -2.06697975e+01 -2.50725145e-02 -6.80089780e-03 -6.80089421e-03 7.13254574e+01 7.13254574e+01 1.03757434e+02 1.73372523e+02 2.05232598e+02 2.77778516e+02 3.27896201e+02 4.25601070e+02 5.29639217e+02 6.35024943e+02 7.42385866e+02 4.23294325e-16 3.83938771e-16 3.61199350e-05 6.13385774e-13 3.69463868e-15 3.54533501e-23 1.47994256e-16 9.99765716e-01 5.25484461e-16 9.88997352e-01 6.99525158e-01 8.65349430e-01 9.63974113e-01 9.76010250e-01 9.78102142e-01 9.72451421e-01 3.95006451e-18 9.82112438e-19 1.40808814e-06 3.39725510e-07 3.39725510e-07 3.56292512e-03 3.56292512e-03 3.79081840e-04 3.39365031e-18 2.59082449e-03 1.25152675e-02 8.77720977e-03 4.65851501e-03 3.81311354e-03 3.64499936e-03 4.08248913e-03
1.11261261e-01 -2.06697975e+01 -2.06697975e+01 -2.50725134e-02 -6.80089757e-03 -6.80088707e-03 7.13254574e+01 7.13254574e+01 1.03756906e+02 1.73372523e+02 2.05224647e+02 2.77728618e+02 3.27906820e+02 4.25619914e+02 5.29661387e+02 6.35053162e+02 7.42430804e+02 3.58834987e-16 5.83771734e-16 3.61687457e-05 6.14242281e-13 1.27942292e-15 3.54847903e-23 2.27072031e-16 9.99765057e-01 1.51582039e-15 9.88962822e-01 6.99659097e-01 8.65516913e-01 9.63938805e-01 9.75971407e-01 9.78056324e-01 9.72361870e-01 4.68961360e-18 1.32290332e-18 1.40808814e-06 3.39725510e-07 3.39725510e-07 3.56292512e-03 3.56292512e-03 3.79614258e-04 1.60403113e-17 2.59486415e-03 1.25129708e-02 8.77214317e-03 4.66075540e-03 3.81616183e-03 3.64876841e-03 4.08902635e-03
1.11411411e-01 -2.06697975e+01 -2.06697975e+01 -2.50725136e-02 -6.80090720e-03 -6.80088180e-03 7.13254574e+01 7.13254574e+01 1.03756377e+02 1.73372523e+02 2.05216681e+02 2.77678727e+02 3.27917419e+02 4.25638753e+02 5.29683564e+02 6.35081402e+02 7.42475829e+02 1.89866287e-16 4.73820498e-16 3.62175564e-05 6.15015168e-13 5.22163582e-16 4.03243491e-27 1.67229783e-16 9.99764398e-01 4.38082993e-16 9.88928221e-01 6.99793282e-01 8.65684183e-01 9.63903634e-01 9.75932624e-01 9.78010527e-01 9.72272125e-01 3.87323288e-18 1.68125467e-18 1.40808814e-06 3.39725510e-07 3.39725510e-07 3.56292512e-03 3.56292512e-03 3.80146760e-04 1.02602041e-17 2.59890572e-03 1.25106691e-02 8.76707910e-03 4.66298599e-03 3.81920275e-03 3.65253165e-03 4.09556661e-03
1.11561562e-01 -2.06697975e+01 -2.06697975e+01 -2.50725133e-02 -6.80090282e-03 -6.80089760e-03 7.13254574e+01 7.13254574e+01 1.03755847e+02 1.73372523e+02 2.05208701e+02 2.77628845e+02 3.27927998e+02 4.25657588e+02 5.29705749e+02 6.35109665e+02 7.42520941e+02 1.19388350e-15 6.51342889e-16 3.62663672e-05 6.15889514e-13 2.51865294e-15 3.72484226e-27 9.22400713e-17 9.99763737e-01 8.10504997e-16 9.88893549e-01 6.99927711e-01 8.65851240e-01 9.63868598e-01 9.75893904e-01 9.77964752e-01 9.72182186e-01 7.51145283e-18 3.82575818e-18 1.40808814e-06 3.39725510e-07 3.39725510e-07 3.56292512e-03 3.56292512e-03 3.80679344e-04 1.28133989e-17 2.60294921e-03 1.25083623e-02 8.76201756e-03 4.66520679e-03 3.82223630e-03 3.65628909e-03 4.10210992e-03
1.11711712e-01 -2.06697975e+01 -2.06697975e+01 -2.50725148e-02 -6.80090246e-03 -6.80089417e-03 7.13254574e+01 7.13254574e+01 1.03755317e+02 1.73372523e+02 2.05200705e+02 2.77578970e+02 3.27938558e+02 4.25676417e+02 5.29727941e+02 6.35137950e+02 7.42566141e+02 4.51883083e-16 8.77233732e-16 3.63151779e-05 6.16720460e-13 1.64360500e-15 3.55794196e-23 1.59151663e-16 9.99763075e-01 9.71536864e-16 9.88858805e-01 7.00062384e-01 8.66018085e-01 9.63833699e-01 9.75855246e-01 9.77918998e-01 9.72092054e-01 6.14095185e-18 1.47032686e-18 1.40808814e-06 3.39725510e-07 3.39725510e-07 3.56292512e-03 3.56292512e-03 3.81212012e-04 9.34395196e-18 2.60699461e-03 1.25060504e-02 8.75695857e-03 4.66741783e-03 3.82526246e-03 3.66004071e-03 4.10865626e-03
1.11861862e-01 -2.06697975e+01 -2.06697975e+01 -2.50725149e-02 -6.80089775e-03 -6.80089630e-03 7.13254574e+01 7.13254574e+01 1.03754786e+02 1.73372523e+02 2.05192695e+02 2.77529104e+02 3.27949099e+02 4.25695242e+02 5.29750140e+02 6.35166257e+02 7.42611428e+02 2.45534333e-16 3.34095074e-16 3.63639886e-05 6.17517140e-13 9.21931192e-15 1.48267503e-16 3.72874008e-27 9.99762413e-01 6.85338417e-16 9.88823990e-01 7.00197301e-01 8.66184718e-01 9.63798936e-01 9.75816649e-01 9.77873267e-01 9.72001728e-01 1.24030202e-18 1.28211361e-18 1.40808814e-06 3.39725510e-07 3.39725510e-07 3.56292512e-03 3.56292512e-03 3.81744763e-04 8.15487608e-18 2.61104193e-03 1.25037335e-02 8.75190212e-03 4.66961912e-03 3.82828126e-03 3.66378650e-03 4.11520563e-03
1.12012012e-01 -2.06697975e+01 -2.06697975e+01 -2.50725156e-02 -6.80090235e-03 -6.80090023e-03 7.13254574e+01 7.13254574e+01 1.03754254e+02 1.73372523e+02 2.05184669e+02 2.77479246e+02 3.27959619e+02 4.25714063e+02 5.29772346e+02 6.35194586e+02 7.42656802e+02 3.83824457e-16 3.31963924e-16 3.64127993e-05 5.03308135e-15 4.90598560e-13 3.74089018e-27 1.48354680e-16 9.99761749e-01 8.45294191e-16 9.88789102e-01 7.00332461e-01 8.66351138e-01 9.63764309e-01 9.75778116e-01 9.77827558e-01 9.71911208e-01 1.93752616e-18 1.95639664e-18 1.40808814e-06 3.39725510e-07 3.39725510e-07 3.56292512e-03 3.56292512e-03 3.82277597e-04 5.78356375e-18 2.61509117e-03 1.25014116e-02 8.74684823e-03 4.67181067e-03 3.83129268e-03 3.66752644e-03 4.12175802e-03
1.12162162e-01 -2.06697975e+01 -2.06697975e+01 -2.50725144e-02 -6.80090300e-03 -6.80089482e-03 7.13254574e+01 7.13254574e+01 1.03753721e+02 1.73372523e+02 2.05176629e+02 2.77429396e+02 3.27970120e+02 4.25732878e+02 5.29794560e+02 6.35222936e+02 7.42702264e+02 4.50944834e-16 2.93467191e-16 3.64616101e-05 4.21394410e-13 1.14102285e-15 3.35512072e-16 3.58230701e-23 9.99761084e-01 4.33462772e-16 9.88754143e-01 7.00467864e-01 8.66517346e-01 9.63729819e-01 9.75739645e-01 9.77781872e-01 9.71820493e-01 3.11682909e-18 5.79747402e-18 1.40808814e-06 3.39725510e-07 3.39725510e-07 3.56292512e-03 3.56292512e-03 3.82810514e-04 2.57679169e-19 2.61914232e-03 1.24990845e-02 8.74179689e-03 4.67399250e-03 3.83429672e-03 3.67126053e-03 4.12831345e-03
1.12312312e-01 -2.06697975e+01 -2.06697975e+01 -2.50725145e-02 -6.80090665e-03 -6.80088526e-03 7.13254574e+01 7.13254574e+01 1.03753188e+02 1.73372523e+02 2.05168574e+02 2.77379555e+02 3.27980602e+02 4.25751688e+02 5.29816780e+02 6.35251309e+02 7.42747813e+02 5.06411900e-16 1.10952977e-15 3.65104208e-05 4.91937615e-13 4.59896665e-16 1.40972852e-16 3.74482866e-27 9.99760418e-01 1.63631157e-16 9.88719112e-01 7.00603508e-01 8.66683342e-01 9.63695464e-01 9.75701236e-01 9.77736210e-01 9.71729584e-01 6.26112203e-18 5.27633225e-18 1.40808814e-06 3.39725510e-07 3.39725510e-07 3.56292512e-03 3.56292512e-03 3.83343515e-04 4.50354659e-18 2.62319540e-03 1.24967525e-02 8.73674812e-03 4.67616463e-03 3.83729338e-03 3.67498875e-03 4.13487188e-03
1.12462462e-01 -2.06697975e+01 -2.06697975e+01 -2.50725147e-02 -6.80089189e-03 -6.80088446e-03 7.13254574e+01 7.13254574e+01 1.03752653e+02 1.73372523e+02 2.05160503e+02 2.77329722e+02 3.27991064e+02 4.25770494e+02 5.29839007e+02 6.35279703e+02 7.42793450e+02 7.89901235e-16 3.55721957e-16 3.65592315e-05 1.25557936e-15 4.57459867e-13 3.74960228e-27 2.11262703e-16 9.99759751e-01 9.18627604e-16 9.88684009e-01 7.00739394e-01 8.66849126e-01 9.63661246e-01 9.75662891e-01 9.77690571e-01 9.71638480e-01 8.56379928e-18 1.31773981e-18 1.40808814e-06 3.39725510e-07 3.39725510e-07 3.56292512e-03 3.56292512e-03 3.83876600e-04 3.27241980e-18 2.62725038e-03 1.24944154e-02 8.73170191e-03 4.67832707e-03 3.84028267e-03 3.67871110e-03 4.14143334e-03
1.12612613e-01 -2.06697975e+01 -2.06697975e+01 -2.50725135e-02 -6.80089462e-03 -6.80089175e-03 7.13254574e+01 7.13254574e+01 1.03752118e+02 1.73372523e+02 2.05152418e+02 2.77279898e+02 3.28001507e+02 4.25789294e+02 5.29861241e+02 6.35308119e+02 7.42839175e+02 1.30910297e-15 1.73656143e-16 3.66080422e-05 2.10742846e-13 1.61818133e-15 1.70203151e-29 2.67056903e-16 9.99759083e-01 7.74176128e-16 9.88648834e-01 7.00875521e-01 8.67014698e-01 9.63627164e-01 9.75624610e-01 9.77644956e-01 9.71547181e-01 6.98146493e-18 7.65813768e-18 1.40808814e-06 3.39725510e-07 3.39725510e-07 3.56292512e-03 3.56292512e-03 3.84409768e-04 1.85257102e-18 2.63130729e-03 1.24920733e-02 8.72665828e-03 4.68047984e-03 3.84326458e-03 3.68242755e-03 4.14799780e-03
1.12762763e-01 -2.06697975e+01 -2.06697975e+01 -2.50725154e-02 -6.80089621e-03 -6.80089460e-03 7.13254574e+01 7.13254574e+01 1.03751582e+02 1.73372523e+02 2.05144318e+02 2.77230082e+02 3.28011930e+02 4.25808090e+02 5.29883481e+02 6.35336556e+02 7.42884988e+02 6.62276673e-16 5.97155176e-16 3.66568529e-05 4.23505465e-13 5.85040036e-15 3.75636932e-27 1.28554379e-16 9.99758414e-01 2.03358018e-16 9.88613586e-01 7.01011888e-01 8.67180058e-01 9.63593218e-01 9.75586392e-01 9.77599365e-01 9.71455687e-01 4.19995305e-18 1.61130960e-18 1.40808814e-06 3.39725510e-07 3.39725510e-07 3.56292512e-03 3.56292512e-03 3.84943020e-04 1.97027154e-19 2.63536611e-03 1.24897261e-02 8.72161724e-03 4.68262296e-03 3.84623911e-03 3.68613811e-03 4.15456527e-03
1.12912913e-01 -2.06697975e+01 -2.06697975e+01 -2.50725136e-02 -6.80089910e-03 -6.80089541e-03 7.13254574e+01 7.13254574e+01 1.03751046e+02 1.73372523e+02 2.05136203e+02 2.77180275e+02 3.28022334e+02 4.25826880e+02 5.29905728e+02 6.35365014e+02 7.42930888e+02 3.78940789e-16 2.80634677e-16 3.67056637e-05 4.24193350e-13 2.38943054e-15 2.34516127e-16 3.75835399e-27 9.99757744e-01 7.62350729e-16 9.88578266e-01 7.01148494e-01 8.67345207e-01 9.63559408e-01 9.75548238e-01 9.77553799e-01 9.71363998e-01 3.78923633e-18 7.48930446e-18 1.40808814e-06 3.39725510e-07 3.39725510e-07 3.56292512e-03 3.56292512e-03 3.85476357e-04 1.59611317e-17 2.63942685e-03 1.24873739e-02 8.71657878e-03 4.68475643e-03 3.84920626e-03 3.68984275e-03 4.16113574e-03
1.13063063e-01 -2.06697975e+01 -2.06697975e+01 -2.50725151e-02 -6.80089543e-03 -6.80087703e-03 7.13254574e+01 7.13254574e+01 1.03750508e+02 1.73372523e+02 2.05128073e+02 2.77130477e+02 3.28032719e+02 4.25845665e+02 5.29927982e+02 6.35393494e+02 7.42976877e+02 9.32681317e-16 4.67731978e-16 3.67544744e-05 3.74076498e-16 2.25188073e-13 1.97874970e-16 3.77629119e-27 9.99757073e-01 5.02237499e-16 9.88542874e-01 7.01285340e-01 8.67510143e-01 9.63525734e-01 9.75510148e-01 9.77508258e-01 9.71272114e-01 3.53894742e-18 7.38047942e-18 1.40808814e-06 3.39725510e-07 3.39725510e-07 3.56292512e-03 3.56292512e-03 3.86009777e-04 9.93848991e-18 2.64348951e-03 1.24850167e-02 8.71154291e-03 4.68688028e-03 3.85216604e-03 3.69354147e-03 4.16770920e-03
1.13213213e-01 -2.06697975e+01 -2.06697975e+01 -2.50725139e-02 -6.80090592e-03 -6.80088950e-03 7.13254574e+01 7.13254574e+01 1.03749970e+02 1.73372523e+02 2.05119928e+02 2.77080687e+02 3.28043084e+02 4.25864445e+02 5.29950243e+02 6.35421995e+02 7.43022954e+02 1.12476373e-15 5.75234051e-16 3.68032851e-05 3.23131385e-16 2.25559292e-13 2.79114984e-16 3.77830353e-27 9.99756401e-01 4.19494764e-16 9.88507410e-01 7.01422424e-01 8.67674868e-01 9.63492196e-01 9.75472122e-01 9.77462743e-01 9.71180033e-01 5.71827935e-18 1.08147767e-17 1.40808814e-06 3.39725510e-07 3.39725510e-07 3.56292512e-03 3.56292512e-03 3.86543282e-04 1.04841375e-17 2.64755408e-03 1.24826545e-02 8.70650964e-03 4.68899452e-03 3.85511843e-03 3.69723426e-03 4.17428565e-03
1.13363363e-01 -2.06697975e+01 -2.06697975e+01 -2.50725134e-02 -6.80090727e-03 -6.80090176e-03 7.13254574e+01 7.13254574e+01 1.03749431e+02 1.73372523e+02 2.05111768e+02 2.77030906e+02 3.28053430e+02 4.25883220e+02 5.29972509e+02 6.35450518e+02 7.43069120e+02 4.03547169e-16 3.18053243e-16 3.68520958e-05 8.71888323e-16 2.25775442e-13 3.78031740e-27 3.05509647e-16 9.99755728e-01 2.12749025e-16 9.88471873e-01 7.01559747e-01 8.67839382e-01 9.63458794e-01 9.75434161e-01 9.77417253e-01 9.71087757e-01 5.89881564e-18 6.48609247e-18 1.40808814e-06 3.39725510e-07 3.39725510e-07 3.56292512e-03 3.56292512e-03 3.87076871e-04 1.81052012e-18 2.65162057e-03 1.24802872e-02 8.70147897e-03 4.69109917e-03 3.85806345e-03 3.70092110e-03 4.18086510e-03
1.13513514e-01 -2.06697975e+01 -2.06697975e+01 -2.50725145e-02 -6.80088948e-03 -6.80088264e-03 7.13254574e+01 7.13254574e+01 1.03748892e+02 1.73372523e+02 2.05103592e+02 2.76981135e+02 3.28063757e+02 4.25901989e+02 5.29994783e+02 6.35479061e+02 7.43115373e+02 4.59196613e-16 9.97383654e-16 3.69009066e-05 2.26125008e-13 6.97757305e-16 1.45088441e-16 3.78549471e-27 9.99755054e-01 3.79133640e-16 9.88436263e-01 7.01697307e-01 8.68003684e-01 9.63425528e-01 9.75396264e-01 9.77371789e-01 9.70995285e-01 3.83046202e-18 3.94009220e-18 1.40808814e-06 3.39725510e-07 3.39725510e-07 3.56292512e-03 3.56292512e-03 3.87610544e-04 5.00714327e-18 2.65568898e-03 1.24779150e-02 8.69645092e-03 4.69319424e-03 3.86100108e-03 3.70460198e-03 4.18744752e-03
1.13663664e-01 -2.06697975e+01 -2.06697975e+01 -2.50725135e-02 -6.80089756e-03 -6.80089060e-03 7.13254574e+01 7.13254574e+01 1.03748351e+02 1.73372523e+02 2.05095402e+02 2.76931372e+02 3.28074065e+02 4.25920753e+02 5.30017062e+02 6.35507626e+02 7.43161715e+02 4.00884993e-16 1.05646967e-15 3.69497173e-05 6.80637068e-16 2.12646693e-13 1.16393244e-16 1.72041518e-29 9.99754379e-01 1.10715203e-15 9.88400581e-01 7.01835104e-01 8.68167774e-01 9.63392398e-01 9.75358433e-01 9.77326352e-01 9.70902616e-01 4.62795298e-18 6.77506428e-18 1.40808814e-06 3.39725510e-07 3.39725510e-07 3.56292512e-03 3.56292512e-03 3.88144303e-04 1.20672677e-17 2.65975930e-03 1.24755377e-02 8.69142547e-03 4.69527975e-03 3.86393134e-03 3.70827689e-03 4.19403292e-03
1.13813814e-01 -2.06697975e+01 -2.06697975e+01 -2.50725137e-02 -6.80089432e-03 -6.80089080e-03 7.13254574e+01 7.13254574e+01 1.03747810e+02 1.73372523e+02 2.05087197e+02 2.76881618e+02 3.28084353e+02 4.25939511e+02 5.30039348e+02 6.35536211e+02 7.43208146e+02 1.02588108e-15 2.35175025e-16 3.69985280e-05 1.15741485e-16 1.36718749e-14 3.80659395e-27 3.25405135e-16 9.99753703e-01 6.88986553e-16 9.88364826e-01 7.01973137e-01 8.68331654e-01 9.63359404e-01 9.75320666e-01 9.77280942e-01 9.70809751e-01 1.28470762e-18 2.62684206e-18 1.40808814e-06 3.39725510e-07 3.39725510e-07 3.56292512e-03 3.56292512e-03 3.88678146e-04 9.69595536e-18 2.66383154e-03 1.24731555e-02 8.68640265e-03 4.69735572e-03 3.86685421e-03 3.71194583e-03 4.20062129e-03
1.13963964e-01 -2.06697975e+01 -2.06697975e+01 -2.50725139e-02 -6.80089374e-03 -6.80089322e-03 7.13254574e+01 7.13254574e+01 1.03747268e+02 1.73372523e+02 2.05078976e+02 2.76831873e+02 3.28094623e+02 4.25958265e+02 5.30061640e+02 6.35564818e+02 7.43254666e+02 5.08255671e-16 2.43433939e-16 3.70473387e-05 1.36926564e-14 5.86358792e-16 1.91188453e-16 3.81186402e-27 9.99753026e-01 5.19045010e-16 9.88328998e-01 7.02111407e-01 8.68495322e-01 9.63326546e-01 9.75282966e-01 9.77235559e-01 9.70716690e-01 6.43198268e-18 5.33644172e-18 1.40808814e-06 3.39725510e-07 3.39725510e-07 3.56292512e-03 3.56292512e-03 3.89212073e-04 9.46518248e-18 2.66790570e-03 1.24707682e-02 8.68138245e-03 4.69942216e-03 3.86976971e-03 3.71560877e-03 4.20721263e-03
1.14114114e-01 -2.06697975e+01 -2.06697975e+01 -2.50725147e-02 -6.80090232e-03 -6.80088391e-03 7.13254574e+01 7.13254574e+01 1.03746725e+02 1.73372523e+02 2.05070741e+02 2.76782138e+02 3.28104873e+02 4.25977012e+02 5.30083938e+02 6.35593445e+02 7.43301274e+02 1.61491255e-16 3.18419820e-16 3.70961494e-05 1.37597815e-14 4.47984595e-17 3.81391919e-27 3.19670617e-16 9.99752347e-01 1.04030501e-15 9.88293097e-01 7.02249911e-01 8.68658779e-01 9.63293823e-01 9.75245331e-01 9.77190204e-01 9.70623432e-01 6.06280683e-18 9.61248675e-19 1.40808814e-06 3.39725510e-07 3.39725510e-07 3.56292512e-03 3.56292512e-03 3.89746086e-04 1.97522928e-17 2.67198178e-03 1.24683760e-02 8.67636488e-03 4.70147908e-03 3.87267783e-03 3.71926571e-03 4.21380693e-03
1.14264264e-01 -2.06697975e+01 -2.06697975e+01 -2.50725149e-02 -6.80088992e-03 -6.80087694e-03 7.13254574e+01 7.13254574e+01 1.03746181e+02 1.73372523e+02 2.05062490e+02 2.76732412e+02 3.28115105e+02 4.25995754e+02 5.30106242e+02 6.35622093e+02 7.43347971e+02 3.71469452e-16 7.28938716e-16 3.71449602e-05 2.15543534e-16 8.50122052e-14 3.81026229e-27 2.30052787e-16 9.99751668e-01 3.39574179e-16 9.88257123e-01 7.02388651e-01 8.68822025e-01 9.63261236e-01 9.75207761e-01 9.77144877e-01 9.70529976e-01 5.10090583e-18 3.83024474e-18 1.40808814e-06 3.39725510e-07 3.39725510e-07 3.56292512e-03 3.56292512e-03 3.90280184e-04 8.15487608e-18 2.67605977e-03 1.24659787e-02 8.67134995e-03 4.70352651e-03 3.87557856e-03 3.72291664e-03 4.22040419e-03
1.14414414e-01 -2.06697975e+01 -2.06697975e+01 -2.50725135e-02 -6.80089712e-03 -6.80088105e-03 7.13254574e+01 7.13254574e+01 1.03745637e+02 1.73372523e+02 2.05054224e+02 2.76682695e+02 3.28125317e+02 4.26014490e+02 5.30128552e+02 6.35650761e+02 7.43394756e+02 2.82962391e-16 5.12515067e-16 3.71937709e-05 8.52432557e-14 1.19636863e-16 1.54263728e-16 3.81231179e-27 9.99750988e-01 7.42646566e-16 9.88221076e-01 7.02527624e-01 8.68985060e-01 9.63228785e-01 9.75170258e-01 9.77099578e-01 9.70436324e-01 2.96286903e-18 6.33289584e-18 1.40808814e-06 3.39725510e-07 3.39725510e-07 3.56292512e-03 3.56292512e-03 3.90814367e-04 8.23405568e-18 2.68013967e-03 1.24635765e-02 8.66633766e-03 4.70556446e-03 3.87847192e-03 3.72656154e-03 4.22700440e-03
1.14564565e-01 -2.06697975e+01 -2.06697975e+01 -2.50725152e-02 -6.80088939e-03 -6.80088416e-03 7.13254574e+01 7.13254574e+01 1.03745092e+02 1.73372523e+02 2.05045943e+02 2.76632988e+02 3.28135511e+02 4.26033221e+02 5.30150868e+02 6.35679450e+02 7.43441631e+02 1.19536170e-15 7.74429550e-16 3.72425816e-05 5.04643255e-17 1.38603754e-14 3.91491252e-29 1.78153378e-16 9.99750306e-01 1.03731495e-15 9.88184955e-01 7.02666832e-01 8.69147885e-01 9.63196470e-01 9.75132821e-01 9.77054307e-01 9.70342474e-01 1.20076439e-18 1.37355282e-18 1.40808814e-06 3.39725510e-07 3.39725510e-07 3.56292512e-03 3.56292512e-03 3.91348636e-04 1.29043402e-17 2.68422150e-03 1.24611693e-02 8.66132802e-03 4.70759294e-03 3.88135790e-03 3.73020041e-03 4.23360756e-03
1.14714715e-01 -2.06697975e+01 -2.06697975e+01 -2.50725145e-02 -6.80091450e-03 -6.80089729e-03 7.13254574e+01 7.13254574e+01 1.03744546e+02 1.73372523e+02 2.05037646e+02 2.76583290e+02 3.28145685e+02 4.26051946e+02 5.30173190e+02 6.35708159e+02 7.43488595e+02 6.72247373e-16 1.38728561e-15 3.72913923e-05 8.53517775e-14 9.46476962e-17 2.20210265e-16 3.81641543e-27 9.99749624e-01 1.17603358e-15 9.88148762e-01 7.02806272e-01 8.69310498e-01 9.63164290e-01 9.75095451e-01 9.77009066e-01 9.70248427e-01 7.07702144e-18 1.60458086e-18 1.40808814e-06 3.39725510e-07 3.39725510e-07 3.56292512e-03 3.56292512e-03 3.91882990e-04 4.68542912e-18 2.68830524e-03 1.24587571e-02 8.65632102e-03 4.70961198e-03 3.88423649e-03 3.73383323e-03 4.24021367e-03
1.14864865e-01 -2.06697975e+01 -2.06697975e+01 -2.50725144e-02 -6.80089860e-03 -6.80089332e-03 7.13254574e+01 7.13254574e+01 1.03743999e+02 1.73372523e+02 2.05029335e+02 2.76533602e+02 3.28155841e+02 4.26070665e+02 5.30195517e+02 6.35736889e+02 7.43535649e+02 3.79318990e-16 5.81980347e-16 3.73402031e-05 7.83920551e-16 1.88734297e-13 1.29702718e-16 3.84047900e-27 9.99748940e-01 4.21652473e-16 9.88112495e-01 7.02945945e-01 8.69472901e-01 9.63132246e-01 9.75058148e-01 9.76963854e-01 9.70154182e-01 3.62574946e-18 5.26580245e-18 1.40808814e-06 3.39725510e-07 3.39725510e-07 3.56292512e-03 3.56292512e-03 3.92417429e-04 8.38564896e-18 2.69239089e-03 1.24563400e-02 8.65131669e-03 4.71162158e-03 3.88710771e-03 3.73746000e-03 4.24682271e-03
1.15015015e-01 -2.06697975e+01 -2.06697975e+01 -2.50725136e-02 -6.80089751e-03 -6.80088261e-03 7.13254574e+01 7.13254574e+01 1.03743452e+02 1.73372523e+02 2.05021008e+02 2.76483923e+02 3.28165978e+02 4.26089379e+02 5.30217851e+02 6.35765639e+02 7.43582791e+02 4.84449120e-16 6.22904872e-16 3.73890138e-05 1.89077944e-13 4.05286642e-16 1.13739206e-16 3.84256832e-27 9.99748256e-01 6.45195900e-16 9.88076154e-01 7.03085851e-01 8.69635094e-01 9.63100337e-01 9.75020911e-01 9.76918672e-01 9.70059739e-01 5.96398217e-18 1.22901919e-17 1.40808814e-06 3.39725510e-07 3.39725510e-07 3.56292512e-03 3.56292512e-03 3.92951954e-04 4.09089118e-18 2.69647846e-03 1.24539179e-02 8.64631501e-03 4.71362177e-03 3.88997155e-03 3.74108069e-03 4.25343468e-03
1.15165165e-01 -2.06697975e+01 -2.06697975e+01 -2.50725149e-02 -6.80089736e-03 -6.80089516e-03 7.13254574e+01 7.13254574e+01 1.03742903e+02 1.73372523e+02 2.05012666e+02 2.76434254e+02 3.28176096e+02 4.26108086e+02 5.30240190e+02 6.35794409e+02 7.43630023e+02 8.17789181e-16 1.49370342e-15 3.74378245e-05 1.89353542e-13 1.86070493e-15 3.84465920e-27 2.20287033e-16 9.99747570e-01 3.96040844e-16 9.88039740e-01 7.03225987e-01 8.69797076e-01 9.63068564e-01 9.74983742e-01 9.76873521e-01 9.69965099e-01 5.94194578e-18 5.35985033e-18 1.40808814e-06 3.39725510e-07 3.39725510e-07 3.56292512e-03 3.56292512e-03 3.93486566e-04 1.59004797e-17 2.70056795e-03 1.24514908e-02 8.64131600e-03 4.71561256e-03 3.89282801e-03 3.74469531e-03 4.26004958e-03
1.15315315e-01 -2.06697975e+01 -2.06697975e+01 -2.50725138e-02 -6.80089969e-03 -6.80089433e-03 7.13254574e+01 7.13254574e+01 1.03742354e+02 1.73372523e+02 2.05004309e+02 2.76384594e+02 3.28186195e+02 4.26126788e+02 5.30262534e+02 6.35823200e+02 7.43677345e+02 2.04597480e-16 1.49185686e-15 3.74866352e-05 1.89565712e-13 7.73872699e-16 3.84675165e-27 2.52938192e-16 9.99746884e-01 2.20783872e-16 9.88003253e-01 7.03366355e-01 8.69958848e-01 9.63036926e-01 9.74946640e-01 9.76828399e-01 9.69870259e-01 1.47185997e-18 7.88810757e-18 1.40808814e-06 3.39725510e-07 3.39725510e-07 3.56292512e-03 3.56292512e-03 3.94021263e-04 5.21931505e-18 2.70465935e-03 1.24490587e-02 8.63631967e-03 4.71759396e-03 3.89567709e-03 3.74830383e-03 4.26666740e-03
1.15465465e-01 -2.06697975e+01 -2.06697975e+01 -2.50725151e-02 -6.80089906e-03 -6.80088707e-03 7.13254574e+01 7.13254574e+01 1.03741805e+02 1.73372523e+02 2.04995936e+02 2.76334945e+02 3.28196276e+02 4.26145484e+02 5.30284884e+02 6.35852010e+02 7.43724756e+02 2.82298781e-16 5.29280339e-16 3.75354460e-05 2.16072244e-13 3.19413174e-16 1.75209280e-29 9.75408236e-17 9.99746196e-01 7.64074710e-16 9.87966692e-01 7.03506953e-01 8.70120410e-01 9.63005423e-01 9.74909606e-01 9.76783309e-01 9.69775222e-01 6.63852463e-19 5.32557148e-18 1.40808814e-06 3.39725510e-07 3.39725510e-07 3.56292512e-03 3.56292512e-03 3.94556046e-04 1.24627142e-18 2.70875266e-03 1.24466217e-02 8.63132601e-03 4.71956600e-03 3.89851880e-03 3.75190625e-03 4.27328814e-03
1.15615616e-01 -2.06697975e+01 -2.06697975e+01 -2.50725147e-02 -6.80090263e-03 -6.80090126e-03 7.13254574e+01 7.13254574e+01 1.03741254e+02 1.73372523e+02 2.04987548e+02 2.76285305e+02 3.28206338e+02 4.26164173e+02 5.30307239e+02 6.35880841e+02 7.43772257e+02 1.89663572e-16 2.09425531e-15 3.75842567e-05 2.94509057e-15 1.89954459e-13 3.26667409e-16 3.85094126e-27 9.99745507e-01 6.87010816e-16 9.87930056e-01 7.03647781e-01 8.70281761e-01 9.62974056e-01 9.74872640e-01 9.76738249e-01 9.69679986e-01 4.74055541e-18 5.70284911e-18 1.40808814e-06 3.39725510e-07 3.39725510e-07 3.56292512e-03 3.56292512e-03 3.95090915e-04 8.09422406e-18 2.71284789e-03 1.24441798e-02 8.62633504e-03 4.72152868e-03 3.90135312e-03 3.75550256e-03 4.27991179e-03
1.15765766e-01 -2.06697975e+01 -2.06697975e+01 -2.50725142e-02 -6.80090614e-03 -6.80088976e-03 7.13254574e+01 7.13254574e+01 1.03740703e+02 1.73372523e+02 2.04979145e+02 2.76235676e+02 3.28216381e+02 4.26182857e+02 5.30329600e+02 6.35909691e+02 7.43819847e+02 1.84581976e-16 1.16693513e-15 3.76330674e-05 1.92811135e-16 1.18014899e-13 3.84723644e-27 9.12834556e-17 9.99744818e-01 3.00674356e-16 9.87893348e-01 7.03788839e-01 8.70442903e-01 9.62942824e-01 9.74835741e-01 9.76693222e-01 9.69584551e-01 4.63503545e-18 4.59977829e-18 1.40808814e-06 3.39725510e-07 3.39725510e-07 3.56292512e-03 3.56292512e-03 3.95625870e-04 4.23072280e-18 2.71694503e-03 1.24417329e-02 8.62134675e-03 4.72348203e-03 3.90418007e-03 3.75909274e-03 4.28653834e-03
1.15915916e-01 -2.06697975e+01 -2.06697975e+01 -2.50725141e-02 -6.80089020e-03 -6.80088021e-03 7.13254574e+01 7.13254574e+01 1.03740150e+02 1.73372523e+02 2.04970727e+02 2.76186056e+02 3.28226406e+02 4.26201534e+02 5.30351966e+02 6.35938561e+02 7.43867528e+02 5.06698236e-16 1.12150599e-15 3.76818781e-05 1.54400348e-13 3.17525163e-16 3.94621444e-27 1.09843318e-16 9.99744127e-01 7.25288916e-17 9.87856565e-01 7.03930125e-01 8.70603834e-01 9.62911727e-01 9.74798911e-01 9.76648226e-01 9.69488917e-01 4.56330341e-18 4.87148515e-18 1.40808814e-06 3.39725510e-07 3.39725510e-07 3.56292512e-03 3.56292512e-03 3.96160912e-04 3.78909684e-19 2.72104409e-03 1.24392810e-02 8.61636115e-03 4.72542606e-03 3.90699964e-03 3.76267679e-03 4.29316780e-03
1.16066066e-01 -2.06697975e+01 -2.06697975e+01 -2.50725149e-02 -6.80090480e-03 -6.80089212e-03 7.13254574e+01 7.13254574e+01 1.03739597e+02 1.73372523e+02 2.04962293e+02 2.76136446e+02 3.28236412e+02 4.26220205e+02 5.30374337e+02 6.35967451e+02 7.43915298e+02 6.06537901e-16 2.75008374e-16 3.77306888e-05 1.18404588e-13 2.42022065e-16 3.94541143e-27 2.30993428e-16 9.99743435e-01 1.26069934e-15 9.87819708e-01 7.04071640e-01 8.70764556e-01 9.62880765e-01 9.74762150e-01 9.76603263e-01 9.69393084e-01 4.07260857e-18 3.23019132e-18 1.40808814e-06 3.39725510e-07 3.39725510e-07 3.56292512e-03 3.56292512e-03 3.96696041e-04 1.90668136e-17 2.72514506e-03 1.24368243e-02 8.61137825e-03 4.72736078e-03 3.90981184e-03 3.76625470e-03 4.29980016e-03
1.16216216e-01 -2.06697975e+01 -2.06697975e+01 -2.50725135e-02 -6.80090808e-03 -6.80089255e-03 7.13254574e+01 7.13254574e+01 1.03739044e+02 1.73372523e+02 2.04953843e+02 2.76086847e+02 3.28246399e+02 4.26238871e+02 5.30396713e+02 6.35996360e+02 7.43963159e+02 2.31112556e-16 1.69607654e-16 3.77794996e-05 2.76326553e-16 1.91000296e-13 1.17072619e-16 4.04779317e-27 9.99742742e-01 5.83742842e-16 9.87782777e-01 7.04213382e-01 8.70925069e-01 9.62849939e-01 9.74725457e-01 9.76558332e-01 9.69297052e-01 3.01080009e-18 5.22793840e-18 1.40808814e-06 3.39725510e-07 3.39725510e-07 3.56292512e-03 3.56292512e-03 3.97231256e-04 1.37110499e-17 2.72924795e-03 1.24343625e-02 8.60639806e-03 4.72928622e-03 3.91261666e-03 3.76982644e-03 4.30643540e-03
1.16366366e-01 -2.06697975e+01 -2.06697975e+01 -2.50725141e-02 -6.80090797e-03 -6.80090111e-03 7.13254574e+01 7.13254574e+01 1.03738489e+02 1.73372523e+02 2.04945379e+02 2.76037258e+02 3.28256368e+02 4.26257529e+02 5.30419095e+02 6.36025289e+02 7.44011109e+02 6.39497604e-16 4.75727309e-16 3.78283103e-05 5.63628721e-16 1.91366795e-13 4.04991012e-27 1.91424669e-16 9.99742048e-01 8.52094708e-16 9.87745771e-01 7.04355352e-01 8.71085371e-01 9.62819247e-01 9.74688833e-01 9.76513434e-01 9.69200820e-01 6.14972483e-18 1.24462899e-17 1.40808814e-06 3.39725510e-07 3.39725510e-07 3.56292512e-03 3.56292512e-03 3.97766558e-04 2.49599932e-18 2.73335274e-03 1.24318959e-02 8.60142057e-03 4.73120239e-03 3.91541410e-03 3.77339202e-03 4.31307353e-03
1.16516517e-01 -2.06697975e+01 -2.06697975e+01 -2.50725136e-02 -6.80088968e-03 -6.80088880e-03 7.13254574e+01 7.13254574e+01 1.03737934e+02 1.73372523e+02 2.04936899e+02 2.75987679e+02 3.28266319e+02 4.26276182e+02 5.30441481e+02 6.36054237e+02 7.44059150e+02 1.24581729e-15 7.86218944e-16 3.78771210e-05 1.18747492e-13 2.87958684e-15 4.04619928e-27 1.85932212e-16 9.99741353e-01 3.04349316e-16 9.87708692e-01 7.04497549e-01 8.71245465e-01 9.62788690e-01 9.74652278e-01 9.76468570e-01 9.69104389e-01 1.16004651e-17 4.53369475e-18 1.40808814e-06 3.39725510e-07 3.39725510e-07 3.56292512e-03 3.56292512e-03 3.98301947e-04 5.99573553e-18 2.73745945e-03 1.24294243e-02 8.59644579e-03 4.73310931e-03 3.91820417e-03 3.77695142e-03 4.31971453e-03
1.16666667e-01 -2.06697975e+01 -2.06697975e+01 -2.50725132e-02 -6.80090340e-03 -6.80089010e-03 7.13254574e+01 7.13254574e+01 1.03737378e+02 1.73372523e+02 2.04928403e+02 2.75938111e+02 3.28276251e+02 4.26294828e+02 5.30463872e+02 6.36083205e+02 7.44107281e+02 5.85981727e-16 4.23712897e-16 3.79259317e-05 1.91742224e-13 4.35647451e-16 4.06638833e-27 9.38384928e-17 9.99740657e-01 3.12831663e-16 9.87671538e-01 7.04639971e-01 8.71405348e-01 9.62758268e-01 9.74615793e-01 9.76423739e-01 9.69007758e-01 2.66226216e-18 6.40642257e-18 1.40808814e-06 3.39725510e-07 3.39725510e-07 3.56292512e-03 3.56292512e-03 3.98837423e-04 5.00714327e-18 2.74156807e-03 1.24269478e-02 8.59147373e-03 4.73500698e-03 3.92098687e-03 3.78050463e-03 4.32635842e-03
1.16816817e-01 -2.06697975e+01 -2.06697975e+01 -2.50725139e-02 -6.80089848e-03 -6.80088104e-03 7.13254574e+01 7.13254574e+01 1.03736821e+02 1.73372523e+02 2.04919892e+02 2.75888552e+02 3.28286164e+02 4.26313468e+02 5.30486268e+02 6.36112192e+02 7.44155503e+02 2.44334388e-16 5.56359391e-16 3.79747425e-05 1.19088053e-13 1.77516855e-16 3.37614851e-16 4.06266551e-27 9.99739960e-01 3.99852338e-16 9.87634310e-01 7.04782620e-01 8.71565023e-01 9.62727981e-01 9.74579377e-01 9.76378943e-01 9.68910926e-01 8.08256553e-18 1.15501724e-17 1.40808814e-06 3.39725510e-07 3.39725510e-07 3.56292512e-03 3.56292512e-03 3.99372986e-04 7.91565098e-19 2.74567861e-03 1.24244664e-02 8.58650439e-03 4.73689544e-03 3.92376219e-03 3.78405165e-03 4.33300516e-03
1.16966967e-01 -2.06697975e+01 -2.06697975e+01 -2.50725136e-02 -6.80089045e-03 -6.80088309e-03 7.13254574e+01 7.13254574e+01 1.03736263e+02 1.73372523e+02 2.04911366e+02 2.75839005e+02 3.28296060e+02 4.26332101e+02 5.30508669e+02 6.36141198e+02 7.44203815e+02 4.33092806e-16 4.11712870e-16 3.80235532e-05 5.02989263e-16 1.92233774e-13 4.07064562e-27 1.47921597e-16 9.99739262e-01 4.83739082e-16 9.87597007e-01 7.04925493e-01 8.71724489e-01 9.62697828e-01 9.74543030e-01 9.76334181e-01 9.68813895e-01 4.18055274e-18 7.97080820e-18 1.40808814e-06 3.39725510e-07 3.39725510e-07 3.56292512e-03 3.56292512e-03 3.99908636e-04 6.35950059e-18 2.74979105e-03 1.24219800e-02 8.58153778e-03 4.73877468e-03 3.92653014e-03 3.78759245e-03 4.33965478e-03
1.17117117e-01 -2.06697975e+01 -2.06697975e+01 -2.50725141e-02 -6.80090632e-03 -6.80088650e-03 7.13254574e+01 7.13254574e+01 1.03735705e+02 1.73372523e+02 2.04902824e+02 2.75789468e+02 3.28305937e+02 4.26350728e+02 5.30531075e+02 6.36170223e+02 7.44252218e+02 2.38371379e-16 4.61528911e-16 3.80723639e-05 1.19421899e-13 2.20724842e-16 4.07985230e-27 2.03326301e-16 9.99738563e-01 2.82826468e-16 9.87559629e-01 7.05068591e-01 8.71883745e-01 9.62667811e-01 9.74506754e-01 9.76289454e-01 9.68716663e-01 2.96568767e-18 4.64234614e-18 1.40808814e-06 3.39725510e-07 3.39725510e-07 3.56292512e-03 3.56292512e-03 4.00444374e-04 6.05638754e-18 2.75390540e-03 1.24194888e-02 8.57657390e-03 4.74064474e-03 3.92929072e-03 3.79112703e-03 4.34630725e-03
1.17267267e-01 -2.06697975e+01 -2.06697975e+01 -2.50725138e-02 -6.80090721e-03 -6.80090383e-03 7.13254574e+01 7.13254574e+01 1.03735146e+02 1.73372523e+02 2.04894267e+02 2.75739941e+02 3.28315795e+02 4.26369349e+02 5.30553486e+02 6.36199268e+02 7.44300712e+02 3.43301849e-16 4.70742409e-16 3.81211746e-05 1.92724143e-13 1.22078599e-15 1.51308173e-16 4.08786405e-27 9.99737863e-01 6.55269644e-16 9.87522177e-01 7.05211913e-01 8.72042793e-01 9.62637927e-01 9.74470548e-01 9.76244762e-01 9.68619231e-01 1.31903011e-17 1.43157688e-17 1.40808814e-06 3.39725510e-07 3.39725510e-07 3.56292512e-03 3.56292512e-03 4.00980199e-04 2.45917510e-19 2.75802167e-03 1.24169926e-02 8.57161275e-03 4.74250563e-03 3.93204393e-03 3.79465537e-03 4.35296257e-03
1.17417417e-01 -2.06697975e+01 -2.06697975e+01 -2.50725140e-02 -6.80089368e-03 -6.80088415e-03 7.13254574e+01 7.13254574e+01 1.03734586e+02 1.73372523e+02 2.04885694e+02 2.75690426e+02 3.28325636e+02 4.26387962e+02 5.30575900e+02 6.36228331e+02 7.44349296e+02 7.02130148e-16 4.85533086e-16 3.81699853e-05 4.54052564e-16 1.93007247e-13 4.09054824e-27 8.48448357e-17 9.99737162e-01 5.72016031e-16 9.87484650e-01 7.05355459e-01 8.72201632e-01 9.62608179e-01 9.74434412e-01 9.76200106e-01 9.68521598e-01 1.18543393e-17 6.43454342e-18 1.40808814e-06 3.39725510e-07 3.39725510e-07 3.56292512e-03 3.56292512e-03 4.01516112e-04 1.21279197e-17 2.76213984e-03 1.24144915e-02 8.56665435e-03 4.74435735e-03 3.93478976e-03 3.79817748e-03 4.35962073e-03
1.17567568e-01 -2.06697975e+01 -2.06697975e+01 -2.50725147e-02 -6.80088792e-03 -6.80087654e-03 7.13254574e+01 7.13254574e+01 1.03734025e+02 1.73372523e+02 2.04877106e+02 2.75640921e+02 3.28335458e+02 4.26406569e+02 5.30598320e+02 6.36257413e+02 7.44397971e+02 8.74707624e-16 1.66536982e-15 3.82187961e-05 1.93218911e-13 3.32755688e-16 4.09269244e-27 2.23717215e-16 9.99736459e-01 1.78308283e-16 9.87447048e-01 7.05499228e-01 8.72360262e-01 9.62578564e-01 9.74398346e-01 9.76155485e-01 9.68423765e-01 1.59341692e-18 7.16774146e-18 1.40808814e-06 3.39725510e-07 3.39725510e-07 3.56292512e-03 3.56292512e-03 4.02052113e-04 1.81052012e-18 2.76625993e-03 1.24119856e-02 8.56169869e-03 4.74619994e-03 3.93752823e-03 3.80169333e-03 4.36628174e-03
1.17717718e-01 -2.06697975e+01 -2.06697975e+01 -2.50725136e-02 -6.80089691e-03 -6.80089101e-03 7.13254574e+01 7.13254574e+01 1.03733463e+02 1.73372523e+02 2.04868502e+02 2.75591427e+02 3.28345262e+02 4.26425170e+02 5.30620744e+02 6.36286514e+02 7.44446738e+02 8.36231816e-16 4.68750406e-16 3.82676068e-05 1.93536265e-13 6.69335810e-16 4.09483826e-27 2.16840089e-16 9.99735756e-01 2.44610291e-16 9.87409372e-01 7.05643219e-01 8.72518684e-01 9.62549084e-01 9.74362351e-01 9.76110901e-01 9.68325730e-01 5.79418357e-18 1.03385745e-17 1.40808814e-06 3.39725510e-07 3.39725510e-07 3.56292512e-03 3.56292512e-03 4.02588201e-04 3.07193616e-18 2.77038192e-03 1.24094747e-02 8.55674578e-03 4.74803341e-03 3.94025933e-03 3.80520292e-03 4.37294558e-03
1.17867868e-01 -2.06697975e+01 -2.06697975e+01 -2.50725141e-02 -6.80090641e-03 -6.80089548e-03 7.13254574e+01 7.13254574e+01 1.03732901e+02 1.73372523e+02 2.04859883e+02 2.75541944e+02 3.28355047e+02 4.26443764e+02 5.30643172e+02 6.36315634e+02 7.44495595e+02 7.73361801e-16 4.44327554e-16 3.83164175e-05 1.93733761e-13 3.61564002e-16 4.09698571e-27 1.47965873e-16 9.99735052e-01 6.41789802e-16 9.87371620e-01 7.05787432e-01 8.72676897e-01 9.62519738e-01 9.74326428e-01 9.76066354e-01 9.68227494e-01 1.07908376e-17 1.14077693e-17 1.40808814e-06 3.39725510e-07 3.39725510e-07 3.56292512e-03 3.56292512e-03 4.03124378e-04 4.69850949e-19 2.77450582e-03 1.24069589e-02 8.55179562e-03 4.74985776e-03 3.94298307e-03 3.80870623e-03 4.37961224e-03
1.18018018e-01 -2.06697975e+01 -2.06697975e+01 -2.50725139e-02 -6.80089844e-03 -6.80088194e-03 7.13254574e+01 7.13254574e+01 1.03732338e+02 1.73372523e+02 2.04851247e+02 2.75492471e+02 3.28364815e+02 4.26462351e+02 5.30665605e+02 6.36344772e+02 7.44544544e+02 1.17620733e-15 9.83022442e-16 3.83652282e-05 1.94015519e-13 2.32075076e-16 4.09913480e-27 2.34321410e-16 9.99734346e-01 4.64515163e-16 9.87333793e-01 7.05931867e-01 8.72834903e-01 9.62490527e-01 9.74290575e-01 9.76021843e-01 9.68129057e-01 7.62054253e-18 1.95462429e-18 1.40808814e-06 3.39725510e-07 3.39725510e-07 3.56292512e-03 3.56292512e-03 4.03660643e-04 3.39365031e-18 2.77863162e-03 1.24044383e-02 8.54684823e-03 4.75167302e-03 3.94569944e-03 3.81220326e-03 4.38628173e-03
1.18168168e-01 -2.06697975e+01 -2.06697975e+01 -2.50725143e-02 -6.80089858e-03 -6.80088857e-03 7.13254574e+01 7.13254574e+01 1.03731774e+02 1.73372523e+02 2.04842597e+02 2.75443010e+02 3.28374565e+02 4.26480931e+02 5.30688042e+02 6.36373928e+02 7.44593584e+02 9.25974824e-16 6.58102740e-16 3.84140390e-05 2.33391393e-16 1.20516580e-13 9.50894967e-17 4.09535127e-27 9.99733640e-01 3.52413806e-16 9.87295891e-01 7.06076523e-01 8.72992699e-01 9.62461449e-01 9.74254794e-01 9.75977370e-01 9.68030419e-01 6.81944965e-18 9.00016912e-18 1.40808814e-06 3.39725510e-07 3.39725510e-07 3.56292512e-03 3.56292512e-03 4.04196996e-04 1.66737904e-19 2.78275934e-03 1.24019127e-02 8.54190359e-03 4.75347921e-03 3.94840844e-03 3.81569399e-03 4.39295404e-03
1.18318318e-01 -2.06697975e+01 -2.06697975e+01 -2.50725137e-02 -6.80090449e-03 -6.80088817e-03 7.13254574e+01 7.13254574e+01 1.03731209e+02 1.73372523e+02 2.04833931e+02 2.75393560e+02 3.28384296e+02 4.26499504e+02 5.30710483e+02 6.36403104e+02 7.44642715e+02 8.45671118e-16 1.45789798e-15 3.84628497e-05 3.03419338e-16 1.94543963e-13 4.10343787e-27 2.16023008e-16 9.99732932e-01 5.07206075e-16 9.87257914e-01 7.06221399e-01 8.73150288e-01 9.62432506e-01 9.74219084e-01 9.75932935e-01 9.67931578e-01 1.14039309e-17 1.12296252e-17 1.40808814e-06 3.39725510e-07 3.39725510e-07 3.56292512e-03 3.56292512e-03 4.04733437e-04 1.74230314e-17 2.78688896e-03 1.23993823e-02 8.53696173e-03 4.75527634e-03 3.95111008e-03 3.81917842e-03 4.39962916e-03
1.18468468e-01 -2.06697975e+01 -2.06697975e+01 -2.50725138e-02 -6.80089880e-03 -6.80089616e-03 7.13254574e+01 7.13254574e+01 1.03730644e+02 1.73372523e+02 2.04825249e+02 2.75344121e+02 3.28394010e+02 4.26518071e+02 5.30732928e+02 6.36432297e+02 7.44691938e+02 9.66227944e-16 3.63454774e-16 3.85116604e-05 9.87730430e-16 1.20857983e-13 4.09963983e-27 2.10949600e-16 9.99732223e-01 3.57005089e-16 9.87219861e-01 7.06366495e-01 8.73307669e-01 9.62403696e-01 9.74183445e-01 9.75888538e-01 9.67832536e-01 6.13252384e-18 1.41379904e-18 1.40808814e-06 3.39725510e-07 3.39725510e-07 3.56292512e-03 3.56292512e-03 4.05269967e-04 7.91565098e-19 2.79102048e-03 1.23968470e-02 8.53202263e-03 4.75706443e-03 3.95380435e-03 3.82265653e-03 4.40630708e-03
1.18618619e-01 -2.06697975e+01 -2.06697975e+01 -2.50725147e-02 -6.80089792e-03 -6.80088807e-03 7.13254574e+01 7.13254574e+01 1.03730078e+02 1.73372523e+02 2.04816551e+02 2.75294693e+02 3.28403705e+02 4.26536630e+02 5.30755377e+02 6.36461509e+02 7.44741252e+02 1.53387166e-15 2.50235879e-16 3.85604711e-05 4.12388576e-16 1.94996554e-13 4.10774748e-27 2.26275483e-16 9.99731514e-01 3.23216538e-16 9.87181733e-01 7.06511810e-01 8.73464842e-01 9.62375020e-01 9.74147879e-01 9.75844179e-01 9.67733292e-01 4.23763366e-18 2.63364055e-18 1.40808814e-06 3.39725510e-07 3.39725510e-07 3.56292512e-03 3.56292512e-03 4.05806585e-04 7.60922849e-18 2.79515391e-03 1.23943068e-02 8.52708632e-03 4.75884349e-03 3.95649127e-03 3.82612831e-03 4.41298780e-03
1.18768769e-01 -2.06697975e+01 -2.06697975e+01 -2.50725143e-02 -6.80090023e-03 -6.80087942e-03 7.13254574e+01 7.13254574e+01 1.03729511e+02 1.73372523e+02 2.04807838e+02 2.75245277e+02 3.28413383e+02 4.26555182e+02 5.30777831e+02 6.36490739e+02 7.44790658e+02 8.22378945e-16 4.23507774e-16 3.86092819e-05 1.95242480e-13 2.52771404e-16 1.54315138e-16 4.10990474e-27 9.99730803e-01 6.45166702e-16 9.87143529e-01 7.06657345e-01 8.73621808e-01 9.62346478e-01 9.74112385e-01 9.75799859e-01 9.67633846e-01 4.44117834e-18 2.24480505e-18 1.40808814e-06 3.39725510e-07 3.39725510e-07 3.56292512e-03 3.56292512e-03 4.06343292e-04 6.09682569e-19 2.79928925e-03 1.23917618e-02 8.52215278e-03 4.76061353e-03 3.95917082e-03 3.82959375e-03 4.41967131e-03
1.18918919e-01 -2.06697975e+01 -2.06697975e+01 -2.50725139e-02 -6.80089747e-03 -6.80089313e-03 7.13254574e+01 7.13254574e+01 1.03728943e+02 1.73372523e+02 2.04799109e+02 2.75195872e+02 3.28423043e+02 4.26573728e+02 5.30800288e+02 6.36519987e+02 7.44840156e+02 1.91377574e-16 4.46137929e-16 3.86580926e-05 1.23725037e-15 2.21109287e-13 2.14870346e-16 4.11644587e-27 9.99730091e-01 7.49694307e-16 9.87105250e-01 7.06803097e-01 8.73778566e-01 9.62318070e-01 9.74076963e-01 9.75755578e-01 9.67534197e-01 4.39162863e-18 6.84430565e-18 1.40808814e-06 3.39725510e-07 3.39725510e-07 3.56292512e-03 3.56292512e-03 4.06880088e-04 7.01469054e-18 2.80342649e-03 1.23892119e-02 8.51722203e-03 4.76237459e-03 3.96184302e-03 3.83305285e-03 4.42635761e-03
1.19069069e-01 -2.06697975e+01 -2.06697975e+01 -2.50725144e-02 -6.80090313e-03 -6.80089738e-03 7.13254574e+01 7.13254574e+01 1.03728374e+02 1.73372523e+02 2.04790365e+02 2.75146478e+02 3.28432684e+02 4.26592266e+02 5.30822749e+02 6.36549253e+02 7.44889746e+02 1.04704532e-15 1.92384590e-15 3.87069033e-05 1.47111715e-13 5.14995508e-16 1.55876839e-16 4.12460092e-27 9.99729378e-01 6.18113078e-16 9.87066895e-01 7.06949068e-01 8.73935116e-01 9.62289795e-01 9.74041613e-01 9.75711337e-01 9.67434346e-01 3.04382104e-18 7.75761980e-18 1.40808814e-06 3.39725510e-07 3.39725510e-07 3.56292512e-03 3.56292512e-03 4.07416973e-04 7.01469054e-18 2.80756563e-03 1.23866571e-02 8.51229408e-03 4.76412667e-03 3.96450785e-03 3.83650559e-03 4.43304668e-03
1.19219219e-01 -2.06697975e+01 -2.06697975e+01 -2.50725145e-02 -6.80089774e-03 -6.80089314e-03 7.13254574e+01 7.13254574e+01 1.03727805e+02 1.73372523e+02 2.04781604e+02 2.75097096e+02 3.28442308e+02 4.26610798e+02 5.30845214e+02 6.36578537e+02 7.44939427e+02 1.53056256e-15 2.02019308e-16 3.87557140e-05 6.65131641e-16 1.47309815e-13 3.84346501e-21 2.02430485e-16 9.99728664e-01 1.38310616e-15 9.87028465e-01 7.07095255e-01 8.74091460e-01 9.62261654e-01 9.74006336e-01 9.75667135e-01 9.67334293e-01 4.47201955e-18 7.02543322e-18 1.40808814e-06 3.39725510e-07 3.39725510e-07 3.56292512e-03 3.56292512e-03 4.07953947e-04 1.94608679e-17 2.81170667e-03 1.23840974e-02 8.50736891e-03 4.76586979e-03 3.96716534e-03 3.83995195e-03 4.43973854e-03
1.19369369e-01 -2.06697975e+01 -2.06697975e+01 -2.50725148e-02 -6.80089892e-03 -6.80087745e-03 7.13254574e+01 7.13254574e+01 1.03727235e+02 1.73372523e+02 2.04772828e+02 2.75047726e+02 3.28451914e+02 4.26629322e+02 5.30867682e+02 6.36607839e+02 7.44989201e+02 9.66771133e-16 8.78084380e-16 3.88045247e-05 4.91352467e-13 5.79460356e-16 4.13936609e-27 2.51185265e-16 9.99727949e-01 9.91448960e-16 9.86989958e-01 7.07241660e-01 8.74247596e-01 9.62233646e-01 9.73971132e-01 9.75622974e-01 9.67234037e-01 1.74895844e-18 3.10993882e-18 1.40808814e-06 3.39725510e-07 3.39725510e-07 3.56292512e-03 3.56292512e-03 4.08491010e-04 1.00294312e-17 2.81584961e-03 1.23815329e-02 8.50244655e-03 4.76760396e-03 3.96981546e-03 3.84339195e-03 4.44643316e-03
1.19519520e-01 -2.06697975e+01 -2.06697975e+01 -2.50725140e-02 -6.80090740e-03 -6.80087090e-03 7.13254574e+01 7.13254574e+01 1.03726664e+02 1.73372523e+02 2.04764037e+02 2.74998367e+02 3.28461503e+02 4.26647839e+02 5.30890154e+02 6.36637159e+02 7.45039066e+02 7.17302646e-16 1.39348235e-15 3.88533355e-05 4.91852540e-13 3.45410433e-16 3.51066223e-16 4.14156250e-27 9.99727233e-01 5.49086623e-16 9.86951376e-01 7.07388281e-01 8.74403525e-01 9.62205771e-01 9.73936001e-01 9.75578853e-01 9.67133577e-01 3.18291133e-18 3.29863942e-18 1.40808814e-06 3.39725510e-07 3.39725510e-07 3.56292512e-03 3.56292512e-03 4.09028162e-04 2.34440604e-18 2.81999446e-03 1.23789636e-02 8.49752698e-03 4.76932920e-03 3.97245823e-03 3.84682555e-03 4.45313054e-03
1.19669670e-01 -2.06697975e+01 -2.06697975e+01 -2.50725126e-02 -6.80089025e-03 -6.80088602e-03 7.13254574e+01 7.13254574e+01 1.03726092e+02 1.73372523e+02 2.04755229e+02 2.74949019e+02 3.28471074e+02 4.26666348e+02 5.30912630e+02 6.36666496e+02 7.45089024e+02 9.12731039e-16 5.01141880e-16 3.89021462e-05 4.92588722e-13 2.52966432e-15 4.14376057e-27 2.42980436e-16 9.99726516e-01 6.68237396e-16 9.86912718e-01 7.07535118e-01 8.74559247e-01 9.62178029e-01 9.73900943e-01 9.75534774e-01 9.67032915e-01 6.93037525e-18 9.32799824e-18 1.40808814e-06 3.39725510e-07 3.39725510e-07 3.56292512e-03 3.56292512e-03 4.09565404e-04 6.49933221e-18 2.82414120e-03 1.23763894e-02 8.49261023e-03 4.77104554e-03 3.97509366e-03 3.85025275e-03 4.45983067e-03
1.19819820e-01 -2.06697975e+01 -2.06697975e+01 -2.50725149e-02 -6.80090394e-03 -6.80088000e-03 7.13254574e+01 7.13254574e+01 1.03725519e+02 1.73372523e+02 2.04746406e+02 2.74899684e+02 3.28480626e+02 4.26684850e+02 5.30935109e+02 6.36695851e+02 7.45139075e+02 3.71956406e-16 3.19657827e-16 3.89509569e-05 3.78859897e-16 4.93154223e-13 4.14596031e-27 1.13964954e-16 9.99725798e-01 4.99120224e-16 9.86873983e-01 7.07682169e-01 8.74714762e-01 9.62150421e-01 9.73865959e-01 9.75490735e-01 9.66932049e-01 4.77045324e-18 6.57412983e-18 1.40808814e-06 3.39725510e-07 3.39725510e-07 3.56292512e-03 3.56292512e-03 4.10102736e-04 3.18147853e-18 2.82828985e-03 1.23738103e-02 8.48769628e-03 4.77275298e-03 3.97772173e-03 3.85367354e-03 4.46653356e-03
1.19969970e-01 -2.06697975e+01 -2.06697975e+01 -2.50725140e-02 -6.80089707e-03 -6.80089030e-03 7.13254574e+01 7.13254574e+01 1.03724946e+02 1.73372523e+02 2.04737567e+02 2.74850360e+02 3.28490162e+02 4.26703345e+02 5.30957592e+02 6.36725223e+02 7.45189217e+02 4.27179264e-16 3.46147792e-16 3.89997676e-05 4.93733552e-13 1.57666417e-15 4.14816171e-27 2.35678987e-16 9.99725079e-01 4.09022149e-16 9.86835173e-01 7.07829436e-01 8.74870071e-01 9.62122945e-01 9.73831048e-01 9.75446739e-01 9.66830980e-01 2.64807192e-18 4.22947835e-18 1.40808814e-06 3.39725510e-07 3.39725510e-07 3.56292512e-03 3.56292512e-03 4.10640157e-04 1.69497240e-17 2.83244039e-03 1.23712264e-02 8.48278515e-03 4.77445153e-03 3.98034245e-03 3.85708791e-03 4.47323918e-03
1.20120120e-01 -2.06697975e+01 -2.06697975e+01 -2.50725142e-02 -6.80089978e-03 -6.80087944e-03 7.13254574e+01 7.13254574e+01 1.03724372e+02 1.73372523e+02 2.04728712e+02 2.74801049e+02 3.28499679e+02 4.26721833e+02 5.30980078e+02 6.36754613e+02 7.45239452e+02 1.27083945e-15 9.62498848e-16 3.90485784e-05 5.71873578e-16 4.94373078e-13 4.15036477e-27 2.04593367e-16 9.99724359e-01 9.28564428e-16 9.86796286e-01 7.07976917e-01 8.75025173e-01 9.62095603e-01 9.73796210e-01 9.75402784e-01 9.66729708e-01 1.63264461e-17 7.20184655e-18 1.40808814e-06 3.39725510e-07 3.39725510e-07 3.56292512e-03 3.56292512e-03 4.11177668e-04 1.20672677e-17 2.83659283e-03 1.23686377e-02 8.47787685e-03 4.77614123e-03 3.98295582e-03 3.86049585e-03 4.47994755e-03
1.20270270e-01 -2.06697975e+01 -2.06697975e+01 -2.50725156e-02 -6.80089428e-03 -6.80089380e-03 7.13254574e+01 7.13254574e+01 1.03723797e+02 1.73372523e+02 2.04719841e+02 2.74751749e+02 3.28509179e+02 4.26740313e+02 5.31002567e+02 6.36784020e+02 7.45289780e+02 3.97958638e-15 1.36072788e-15 3.90973891e-05 1.03428135e-14 2.24830245e-13 6.22709262e-20 2.15769871e-17 9.99723637e-01 1.56524588e-15 9.86757323e-01 7.08124612e-01 8.75180069e-01 9.62068393e-01 9.73761447e-01 9.75358872e-01 9.66628231e-01 1.17527603e-17 4.90357314e-19 1.40808814e-06 3.39725510e-07 3.39725510e-07 3.56292512e-03 3.56292512e-03 4.11715269e-04 7.88205228e-18 2.84074717e-03 1.23660441e-02 8.47297136e-03 4.77782208e-03 3.98556185e-03 3.86389736e-03 4.48665864e-03
1.20420420e-01 -2.06697975e+01 -2.06697975e+01 -2.50725137e-02 -6.80090840e-03 -6.80088095e-03 7.13254574e+01 7.13254574e+01 1.03723221e+02 1.73372523e+02 2.04710954e+02 2.74702461e+02 3.28518662e+02 4.26758786e+02 5.31025060e+02 6.36813444e+02 7.45340201e+02 5.92062511e-16 8.14923045e-16 3.91461998e-05 4.95585719e-13 3.32070808e-16 2.68361622e-16 4.15477590e-27 9.99722915e-01 3.78306564e-16 9.86718283e-01 7.08272520e-01 8.75334759e-01 9.62041316e-01 9.73726758e-01 9.75315002e-01 9.66526551e-01 6.08072931e-18 3.26993638e-18 1.40808814e-06 3.39725510e-07 3.39725510e-07 3.56292512e-03 3.56292512e-03 4.12252961e-04 9.19235868e-18 2.84490340e-03 1.23634457e-02 8.46806870e-03 4.77949410e-03 3.98816053e-03 3.86729241e-03 4.49337246e-03
1.20570571e-01 -2.06697975e+01 -2.06697975e+01 -2.50725139e-02 -6.80089242e-03 -6.80088010e-03 7.13254574e+01 7.13254574e+01 1.03722645e+02 1.73372523e+02 2.04702052e+02 2.74653186e+02 3.28528127e+02 4.26777251e+02 5.31047556e+02 6.36842886e+02 7.45390714e+02 6.66989487e-16 6.93032930e-16 3.91950105e-05 9.67663750e-16 4.96300011e-13 1.43438115e-16 4.15698397e-27 9.99722191e-01 3.10303149e-16 9.86679167e-01 7.08420640e-01 8.75489242e-01 9.62014371e-01 9.73692143e-01 9.75271176e-01 9.66424667e-01 6.04714345e-18 2.71155450e-18 1.40808814e-06 3.39725510e-07 3.39725510e-07 3.56292512e-03 3.56292512e-03 4.12790742e-04 4.26101205e-18 2.84906152e-03 1.23608425e-02 8.46316888e-03 4.78115731e-03 3.99075188e-03 3.87068100e-03 4.50008899e-03
1.20720721e-01 -2.06697975e+01 -2.06697975e+01 -2.50725143e-02 -6.80089211e-03 -6.80088709e-03 7.13254574e+01 7.13254574e+01 1.03722067e+02 1.73372523e+02 2.04693133e+02 2.74603922e+02 3.28537574e+02 4.26795709e+02 5.31070055e+02 6.36872344e+02 7.45441320e+02 5.79209549e-16 6.68083367e-16 3.92438212e-05 2.12030515e-15 4.96877215e-13 4.15919372e-27 1.92524412e-16 9.99721467e-01 1.16062282e-15 9.86639975e-01 7.08568973e-01 8.75643520e-01 9.61987559e-01 9.73657602e-01 9.75227392e-01 9.66322579e-01 8.92187318e-18 4.31812355e-18 1.40808814e-06 3.39725510e-07 3.39725510e-07 3.56292512e-03 3.56292512e-03 4.13328613e-04 4.58272620e-18 2.85322154e-03 1.23582345e-02 8.45827189e-03 4.78281172e-03 3.99333588e-03 3.87406312e-03 4.50680823e-03
1.20870871e-01 -2.06697975e+01 -2.06697975e+01 -2.50725141e-02 -6.80089054e-03 -6.80088603e-03 7.13254574e+01 7.13254574e+01 1.03721489e+02 1.73372523e+02 2.04684199e+02 2.74554671e+02 3.28547004e+02 4.26814159e+02 5.31092557e+02 6.36901820e+02 7.45492019e+02 7.10903797e-16 9.88286187e-16 3.92926320e-05 4.97496078e-13 2.38258308e-15 4.16140513e-27 1.63382141e-16 9.99720741e-01 1.25515730e-15 9.86600706e-01 7.08717518e-01 8.75797592e-01 9.61960879e-01 9.73623136e-01 9.75183653e-01 9.66220286e-01 1.41092555e-17 1.15085645e-17 1.40808814e-06 3.39725510e-07 3.39725510e-07 3.56292512e-03 3.56292512e-03 4.13866575e-04 9.46518248e-18 2.85738346e-03 1.23556216e-02 8.45337774e-03 4.78445735e-03 3.99591254e-03 3.87743876e-03 4.51353018e-03
1.21021021e-01 -2.06697975e+01 -2.06697975e+01 -2.50725136e-02 -6.80089598e-03 -6.80089397e-03 7.13254574e+01 7.13254574e+01 1.03720910e+02 1.73372523e+02 2.04675249e+02 2.74505432e+02 3.28556417e+02 4.26832601e+02 5.31115062e+02 6.36931312e+02 7.45542811e+02 2.31053795e-16 1.41895186e-15 3.93414427e-05 5.73537128e-13 6.16502042e-15 4.15751355e-27 1.77148564e-16 9.99720014e-01 4.86338148e-16 9.86561360e-01 7.08866274e-01 8.75951458e-01 9.61934332e-01 9.73588745e-01 9.75139958e-01 9.66117789e-01 1.29662410e-18 5.79570652e-18 1.40808814e-06 3.39725510e-07 3.39725510e-07 3.56292512e-03 3.56292512e-03 4.14404628e-04 5.69262248e-18 2.86154726e-03 1.23530039e-02 8.44848644e-03 4.78609422e-03 3.99848186e-03 3.88080791e-03 4.52025482e-03
1.21171171e-01 -2.06697975e+01 -2.06697975e+01 -2.50725141e-02 -6.80089635e-03 -6.80088031e-03 7.13254574e+01 7.13254574e+01 1.03720331e+02 1.73372523e+02 2.04666283e+02 2.74456205e+02 3.28565812e+02 4.26851036e+02 5.31137570e+02 6.36960821e+02 7.45593697e+02 5.34919890e-16 2.23748587e-16 3.93902534e-05 6.79284813e-16 4.98669544e-13 4.16583297e-27 1.83988070e-16 9.99719287e-01 5.14212830e-16 9.86521938e-01 7.09015240e-01 8.76105118e-01 9.61907916e-01 9.73554429e-01 9.75096307e-01 9.66015088e-01 4.93534861e-18 5.83271922e-18 1.40808814e-06 3.39725510e-07 3.39725510e-07 3.56292512e-03 3.56292512e-03 4.14942771e-04 1.03409964e-18 2.86571296e-03 1.23503814e-02 8.44359798e-03 4.78772234e-03 4.00104386e-03 3.88417057e-03 4.52698215e-03
1.21321321e-01 -2.06697975e+01 -2.06697975e+01 -2.50725153e-02 -6.80090503e-03 -6.80088880e-03 7.13254574e+01 7.13254574e+01 1.03719750e+02 1.73372523e+02 2.04657301e+02 2.74406991e+02 3.28575190e+02 4.26869463e+02 5.31160080e+02 6.36990347e+02 7.45644675e+02 4.78629570e-16 1.12403496e-15 3.94390641e-05 4.99352007e-13 6.61879558e-16 4.16804941e-27 1.39836955e-16 9.99718558e-01 2.37612772e-16 9.86482438e-01 7.09164417e-01 8.76258573e-01 9.61881633e-01 9.73520188e-01 9.75052702e-01 9.65912181e-01 5.07159285e-18 5.87166116e-18 1.40808814e-06 3.39725510e-07 3.39725510e-07 3.56292512e-03 3.56292512e-03 4.15481005e-04 1.12504091e-18 2.86988054e-03 1.23477541e-02 8.43871238e-03 4.78934173e-03 4.00359851e-03 3.88752671e-03 4.53371217e-03
1.21471471e-01 -2.06697975e+01 -2.06697975e+01 -2.50725128e-02 -6.80089517e-03 -6.80087943e-03 7.13254574e+01 7.13254574e+01 1.03719169e+02 1.73372523e+02 2.04648302e+02 2.74357789e+02 3.28584550e+02 4.26887882e+02 5.31182594e+02 6.37019890e+02 7.45695747e+02 5.20083313e-16 1.01538238e-15 3.94878749e-05 7.07524429e-16 4.99984418e-13 4.17026752e-27 1.25171415e-16 9.99717828e-01 9.52230485e-16 9.86442862e-01 7.09313804e-01 8.76411823e-01 9.61855481e-01 9.73486022e-01 9.75009141e-01 9.65809070e-01 7.29036728e-18 1.28830823e-17 1.40808814e-06 3.39725510e-07 3.39725510e-07 3.56292512e-03 3.56292512e-03 4.16019330e-04 3.48620434e-19 2.87405002e-03 1.23451219e-02 8.43382963e-03 4.79095240e-03 4.00614584e-03 3.89087633e-03 4.54044486e-03
1.21621622e-01 -2.06697975e+01 -2.06697975e+01 -2.50725133e-02 -6.80089079e-03 -6.80088827e-03 7.13254574e+01 7.13254574e+01 1.03718587e+02 1.73372523e+02 2.04639288e+02 2.74308600e+02 3.28593894e+02 4.26906294e+02 5.31205110e+02 6.37049449e+02 7.45746912e+02 2.24724686e-15 4.01658354e-16 3.95366856e-05 4.31924634e-15 5.00595809e-13 4.17248731e-27 2.26311653e-16 9.99717097e-01 6.70057893e-16 9.86403209e-01 7.09463399e-01 8.76564868e-01 9.61829462e-01 9.73451932e-01 9.74965626e-01 9.65705754e-01 5.15590995e-18 1.13433597e-17 1.40808814e-06 3.39725510e-07 3.39725510e-07 3.56292512e-03 3.56292512e-03 4.16557746e-04 4.89760090e-18 2.87822138e-03 1.23424850e-02 8.42894974e-03 4.79255438e-03 4.00868583e-03 3.89421942e-03 4.54718022e-03
1.21771772e-01 -2.06697975e+01 -2.06697975e+01 -2.50725143e-02 -6.80090967e-03 -6.80088269e-03 7.13254574e+01 7.13254574e+01 1.03718004e+02 1.73372523e+02 2.04630258e+02 2.74259424e+02 3.28603220e+02 4.26924697e+02 5.31227629e+02 6.37079024e+02 7.45798171e+02 3.41846129e-16 9.29137265e-16 3.95854963e-05 4.47244262e-16 5.77202886e-13 4.16855914e-27 3.10192122e-16 9.99716365e-01 3.58241646e-16 9.86363478e-01 7.09613204e-01 8.76717708e-01 9.61803574e-01 9.73417917e-01 9.74922157e-01 9.65602232e-01 8.23843766e-18 5.34098204e-18 1.40808814e-06 3.39725510e-07 3.39725510e-07 3.56292512e-03 3.56292512e-03 4.17096253e-04 5.18902580e-18 2.88239463e-03 1.23398433e-02 8.42407271e-03 4.79414767e-03 4.01121850e-03 3.89755597e-03 4.55391825e-03
1.21921922e-01 -2.06697975e+01 -2.06697975e+01 -2.50725131e-02 -6.80089562e-03 -6.80088753e-03 7.13254574e+01 7.13254574e+01 1.03717421e+02 1.73372523e+02 2.04621212e+02 2.74210260e+02 3.28612528e+02 4.26943093e+02 5.31250150e+02 6.37108616e+02 7.45849524e+02 6.53030438e-16 5.45811533e-16 3.96343070e-05 1.50770135e-15 5.77872651e-13 3.05812845e-16 4.17077328e-27 9.99715632e-01 2.45351454e-16 9.86323671e-01 7.09763216e-01 8.76870343e-01 9.61777817e-01 9.73383978e-01 9.74878734e-01 9.65498506e-01 4.06845515e-18 5.79874660e-18 1.40808814e-06 3.39725510e-07 3.39725510e-07 3.56292512e-03 3.56292512e-03 4.17634852e-04 2.52628857e-18 2.88656977e-03 1.23371967e-02 8.41919856e-03 4.79573230e-03 4.01374385e-03 3.90088597e-03 4.56065893e-03
1.22072072e-01 -2.06697975e+01 -2.06697975e+01 -2.50725142e-02 -6.80090056e-03 -6.80088889e-03 7.13254574e+01 7.13254574e+01 1.03716836e+02 1.73372523e+02 2.04612150e+02 2.74161109e+02 3.28621820e+02 4.26961481e+02 5.31272675e+02 6.37138224e+02 7.45900970e+02 1.08129869e-15 3.62193906e-16 3.96831178e-05 5.02420015e-13 9.04884386e-16 4.17915676e-27 3.48300448e-16 9.99714898e-01 4.59279032e-16 9.86283786e-01 7.09913437e-01 8.77022773e-01 9.61752192e-01 9.73350115e-01 9.74835358e-01 9.65394573e-01 3.32862510e-18 2.18573212e-18 1.40808814e-06 3.39725510e-07 3.39725510e-07 3.56292512e-03 3.56292512e-03 4.18173542e-04 2.22317553e-18 2.89074679e-03 1.23345454e-02 8.41432727e-03 4.79730828e-03 4.01626187e-03 3.90420942e-03 4.56740226e-03
1.22222222e-01 -2.06697975e+01 -2.06697975e+01 -2.50725150e-02 -6.80090347e-03 -6.80089121e-03 7.13254574e+01 7.13254574e+01 1.03716251e+02 1.73372523e+02 2.04603071e+02 2.74111971e+02 3.28631094e+02 4.26979861e+02 5.31295201e+02 6.37167849e+02 7.45952510e+02 1.39351191e-15 1.40754453e-15 3.97319285e-05 5.79329644e-13 9.29507930e-16 4.17520658e-27 1.74413887e-16 9.99714162e-01 3.08027408e-16 9.86243824e-01 7.10063864e-01 8.77174998e-01 9.61726699e-01 9.73316328e-01 9.74792029e-01 9.65290435e-01 2.52067662e-18 4.81964930e-18 1.40808814e-06 3.39725510e-07 3.39725510e-07 3.56292512e-03 3.56292512e-03 4.18712323e-04 3.54524359e-18 2.89492569e-03 1.23318893e-02 8.40945886e-03 4.79887563e-03 4.01877257e-03 3.90752629e-03 4.57414823e-03
1.22372372e-01 -2.06697975e+01 -2.06697975e+01 -2.50725141e-02 -6.80091217e-03 -6.80089652e-03 7.13254574e+01 7.13254574e+01 1.03715665e+02 1.73372523e+02 2.04593977e+02 2.74062845e+02 3.28640352e+02 4.26998233e+02 5.31317730e+02 6.37197489e+02 7.46004144e+02 2.85682688e-16 4.77961002e-16 3.97807392e-05 7.91216041e-16 5.80019068e-13 2.31708604e-16 4.10328195e-23 9.99713426e-01 6.71024451e-16 9.86203784e-01 7.10214498e-01 8.77327020e-01 9.61701336e-01 9.73282618e-01 9.74748747e-01 9.65186092e-01 8.89976914e-19 4.82831763e-18 1.40808814e-06 3.39725510e-07 3.39725510e-07 3.56292512e-03 3.56292512e-03 4.19251196e-04 5.27996707e-18 2.89910647e-03 1.23292284e-02 8.40459333e-03 4.80043437e-03 4.02127595e-03 3.91083659e-03 4.58089684e-03
1.22522523e-01 -2.06697975e+01 -2.06697975e+01 -2.50725133e-02 -6.80089361e-03 -6.80089233e-03 7.13254574e+01 7.13254574e+01 1.03715078e+02 1.73372523e+02 2.04584866e+02 2.74013733e+02 3.28649592e+02 4.27016597e+02 5.31340261e+02 6.37227145e+02 7.46055872e+02 3.30483989e-16 6.76023658e-16 3.98295499e-05 8.61244797e-15 5.04219076e-13 4.18584136e-27 2.76919068e-16 9.99712689e-01 2.99807385e-16 9.86163667e-01 7.10365339e-01 8.77478837e-01 9.61676105e-01 9.73248984e-01 9.74705513e-01 9.65081543e-01 4.43855960e-18 7.81909997e-18 1.40808814e-06 3.39725510e-07 3.39725510e-07 3.56292512e-03 3.56292512e-03 4.19790161e-04 9.10141742e-18 2.90328914e-03 1.23265627e-02 8.39973068e-03 4.80198450e-03 4.02377201e-03 3.91414030e-03 4.58764807e-03
1.22672673e-01 -2.06697975e+01 -2.06697975e+01 -2.50725145e-02 -6.80090589e-03 -6.80088335e-03 7.13254574e+01 7.13254574e+01 1.03714491e+02 1.73372523e+02 2.04575740e+02 2.73964634e+02 3.28658815e+02 4.27034952e+02 5.31362794e+02 6.37256818e+02 7.46107694e+02 4.58986467e-16 3.02072750e-16 3.98783606e-05 5.04937622e-13 4.27064285e-16 2.48119858e-16 4.19146150e-27 9.99711950e-01 2.27880471e-16 9.86123473e-01 7.10516385e-01 8.77630450e-01 9.61651004e-01 9.73215427e-01 9.74662327e-01 9.64976787e-01 3.82820822e-18 7.60620053e-18 1.40808814e-06 3.39725510e-07 3.39725510e-07 3.56292512e-03 3.56292512e-03 4.20329218e-04 3.18147853e-18 2.90747369e-03 1.23238922e-02 8.39487091e-03 4.80352606e-03 4.02626076e-03 3.91743741e-03 4.59440193e-03
1.22822823e-01 -2.06697975e+01 -2.06697975e+01 -2.50725146e-02 -6.80088932e-03 -6.80088198e-03 7.13254574e+01 7.13254574e+01 1.03713902e+02 1.73372523e+02 2.04566597e+02 2.73915547e+02 3.28668021e+02 4.27053300e+02 5.31385330e+02 6.37286506e+02 7.46159610e+02 2.98869666e-16 6.49498801e-16 3.99271714e-05 5.43822942e-13 1.64590004e-15 4.19059141e-27 2.64974068e-16 9.99711211e-01 3.66328657e-16 9.86083201e-01 7.10667636e-01 8.77781859e-01 9.61626035e-01 9.73181946e-01 9.74619189e-01 9.64871826e-01 1.73065885e-18 4.60683019e-18 1.40808814e-06 3.39725510e-07 3.39725510e-07 3.56292512e-03 3.56292512e-03 4.20868366e-04 5.46184960e-18 2.91166011e-03 1.23212170e-02 8.39001404e-03 4.80505904e-03 4.02874220e-03 3.92072791e-03 4.60115840e-03
1.22972973e-01 -2.06697975e+01 -2.06697975e+01 -2.50725157e-02 -6.80088840e-03 -6.80088475e-03 7.13254574e+01 7.13254574e+01 1.03713313e+02 1.73372523e+02 2.04557438e+02 2.73866474e+02 3.28677210e+02 4.27071639e+02 5.31407868e+02 6.37316210e+02 7.46211620e+02 5.32920141e-16 1.14683159e-15 3.99759821e-05 5.82848926e-13 3.48288775e-15 4.20594232e-27 3.50765018e-16 9.99710470e-01 7.50480019e-16 9.86042851e-01 7.10819092e-01 8.77933064e-01 9.61601196e-01 9.73148542e-01 9.74576100e-01 9.64766658e-01 9.26430354e-18 6.92493811e-18 1.40808814e-06 3.39725510e-07 3.39725510e-07 3.56292512e-03 3.56292512e-03 4.21407607e-04 7.01469054e-18 2.91584842e-03 1.23185370e-02 8.38516006e-03 4.80658348e-03 4.03121633e-03 3.92401180e-03 4.60791748e-03
1.23123123e-01 -2.06697975e+01 -2.06697975e+01 -2.50725145e-02 -6.80089516e-03 -6.80088350e-03 7.13254574e+01 7.13254574e+01 1.03712723e+02 1.73372523e+02 2.04548263e+02 2.73817414e+02 3.28686382e+02 4.27089971e+02 5.31430408e+02 6.37345929e+02 7.46263725e+02 7.54802932e-16 3.02730957e-16 4.00247928e-05 9.49573270e-16 5.06730720e-13 1.57020378e-16 4.21442140e-27 9.99709729e-01 2.35194851e-16 9.86002423e-01 7.10970753e-01 8.78084065e-01 9.61576488e-01 9.73115216e-01 9.74533060e-01 9.64661283e-01 5.11222027e-18 5.98168533e-18 1.40808814e-06 3.39725510e-07 3.39725510e-07 3.56292512e-03 3.56292512e-03 4.21946940e-04 1.28133989e-17 2.92003860e-03 1.23158522e-02 8.38030897e-03 4.80809938e-03 4.03368315e-03 3.92728906e-03 4.61467915e-03
1.23273273e-01 -2.06697975e+01 -2.06697975e+01 -2.50725145e-02 -6.80088741e-03 -6.80088392e-03 7.13254574e+01 7.13254574e+01 1.03712133e+02 1.73372523e+02 2.04539072e+02 2.73768367e+02 3.28695538e+02 4.27108293e+02 5.31452949e+02 6.37375665e+02 7.46315924e+02 5.35106001e-16 5.00160294e-16 4.00736035e-05 3.58892348e-15 5.84291846e-13 4.21042733e-27 2.47029940e-16 9.99708986e-01 4.54848969e-16 9.85961918e-01 7.11122617e-01 8.78234863e-01 9.61551910e-01 9.73081967e-01 9.74490070e-01 9.64555703e-01 9.06457113e-18 3.52890424e-18 1.40808814e-06 3.39725510e-07 3.39725510e-07 3.56292512e-03 3.56292512e-03 4.22486366e-04 1.13817885e-17 2.92423065e-03 1.23131626e-02 8.37546079e-03 4.80960677e-03 4.03614267e-03 3.93055968e-03 4.62144342e-03
1.23423423e-01 -2.06697975e+01 -2.06697975e+01 -2.50725144e-02 -6.80090934e-03 -6.80088854e-03 7.13254574e+01 7.13254574e+01 1.03711541e+02 1.73372523e+02 2.04529864e+02 2.73719334e+02 3.28704676e+02 4.27126608e+02 5.31475493e+02 6.37405415e+02 7.46368218e+02 7.15120012e-16 2.34380918e-16 4.01224143e-05 3.31832161e-16 2.31005931e-13 1.89454037e-29 1.18393429e-16 9.99708242e-01 5.91296785e-16 9.85921334e-01 7.11274684e-01 8.78385458e-01 9.61527462e-01 9.73048795e-01 9.74447129e-01 9.64449915e-01 9.49201019e-18 3.60390046e-18 1.40808814e-06 3.39725510e-07 3.39725510e-07 3.56292512e-03 3.56292512e-03 4.23025884e-04 7.22686232e-18 2.92842458e-03 1.23104683e-02 8.37061551e-03 4.81110566e-03 4.03859488e-03 3.93382366e-03 4.62821028e-03
1.23573574e-01 -2.06697975e+01 -2.06697975e+01 -2.50725142e-02 -6.80089502e-03 -6.80089139e-03 7.13254574e+01 7.13254574e+01 1.03710949e+02 1.73372523e+02 2.04520640e+02 2.73670314e+02 3.28713797e+02 4.27144915e+02 5.31498039e+02 6.37435181e+02 7.46420606e+02 3.17487102e-16 4.14722912e-16 4.01712250e-05 5.47127829e-13 3.27737585e-15 1.60031674e-16 4.23101701e-27 9.99707497e-01 1.10830917e-15 9.85880673e-01 7.11426954e-01 8.78535849e-01 9.61503145e-01 9.73015700e-01 9.74404238e-01 9.64343921e-01 4.98384677e-18 4.17997627e-18 1.40808814e-06 3.39725510e-07 3.39725510e-07 3.56292512e-03 3.56292512e-03 4.23565494e-04 1.29346294e-17 2.93262038e-03 1.23077692e-02 8.36577314e-03 4.81259606e-03 4.04103980e-03 3.93708099e-03 4.63497971e-03
1.23723724e-01 -2.06697975e+01 -2.06697975e+01 -2.50725140e-02 -6.80089601e-03 -6.80088649e-03 7.13254574e+01 7.13254574e+01 1.03710356e+02 1.73372523e+02 2.04511400e+02 2.73621308e+02 3.28722902e+02 4.27163213e+02 5.31520586e+02 6.37464963e+02 7.46473089e+02 5.58408951e-16 6.66397326e-16 4.02200357e-05 1.12182197e-15 5.09265680e-13 4.23641445e-27 3.09063958e-16 9.99706751e-01 3.75694043e-16 9.85839933e-01 7.11579427e-01 8.78686037e-01 9.61478958e-01 9.72982684e-01 9.74361398e-01 9.64237720e-01 1.02868888e-17 3.94201827e-18 1.40808814e-06 3.39725510e-07 3.39725510e-07 3.56292512e-03 3.56292512e-03 4.24105198e-04 9.52583449e-18 2.93681806e-03 1.23050654e-02 8.36093368e-03 4.81407800e-03 4.04347741e-03 3.94033165e-03 4.64175172e-03
1.23873874e-01 -2.06697975e+01 -2.06697975e+01 -2.50725133e-02 -6.80090564e-03 -6.80089783e-03 7.13254574e+01 7.13254574e+01 1.03709762e+02 1.73372523e+02 2.04502144e+02 2.73572315e+02 3.28731990e+02 4.27181502e+02 5.31543136e+02 6.37494759e+02 7.46525667e+02 1.46487316e-15 2.57675313e-16 4.02688464e-05 5.87090465e-13 1.57681774e-15 1.93395126e-16 4.23239413e-27 9.99706004e-01 5.09223802e-16 9.85799116e-01 7.11732101e-01 8.78836023e-01 9.61454900e-01 9.72949745e-01 9.74318609e-01 9.64131311e-01 9.07676809e-18 2.03719684e-19 1.40808814e-06 3.39725510e-07 3.39725510e-07 3.56292512e-03 3.56292512e-03 4.24644994e-04 2.61722984e-18 2.94101760e-03 1.23023568e-02 8.35609714e-03 4.81555149e-03 4.04590773e-03 3.94357564e-03 4.64852628e-03
1.24024024e-01 -2.06697975e+01 -2.06697975e+01 -2.50725138e-02 -6.80090364e-03 -6.80088927e-03 7.13254574e+01 7.13254574e+01 1.03709167e+02 1.73372523e+02 2.04492871e+02 2.73523335e+02 3.28741061e+02 4.27199783e+02 5.31565686e+02 6.37524571e+02 7.46578340e+02 2.80602636e-16 4.94436995e-16 4.03176571e-05 7.84381076e-16 5.10473994e-13 4.17291975e-23 8.69198121e-17 9.99705256e-01 6.17101488e-16 9.85758220e-01 7.11884977e-01 8.78985805e-01 9.61430973e-01 9.72916884e-01 9.74275870e-01 9.64024696e-01 1.15937692e-17 9.29026137e-18 1.40808814e-06 3.39725510e-07 3.39725510e-07 3.56292512e-03 3.56292512e-03 4.25184883e-04 1.62221939e-17 2.94521901e-03 1.22996434e-02 8.35126351e-03 4.81701654e-03 4.04833076e-03 3.94681295e-03 4.65530340e-03
1.24174174e-01 -2.06697975e+01 -2.06697975e+01 -2.50725146e-02 -6.80089810e-03 -6.80089682e-03 7.13254574e+01 7.13254574e+01 1.03708572e+02 1.73372523e+02 2.04483582e+02 2.73474370e+02 3.28750116e+02 4.27218056e+02 5.31588239e+02 6.37554398e+02 7.46631108e+02 1.00466051e-15 4.08170500e-16 4.03664679e-05 5.88424870e-13 9.92918666e-15 1.78730167e-16 4.23750980e-27 9.99704507e-01 1.12351099e-15 9.85717246e-01 7.12038053e-01 8.79135386e-01 9.61407175e-01 9.72884102e-01 9.74233184e-01 9.63917873e-01 7.96156182e-18 5.56803588e-18 1.40808814e-06 3.39725510e-07 3.39725510e-07 3.56292512e-03 3.56292512e-03 4.25724865e-04 1.44874704e-17 2.94942229e-03 1.22969253e-02 8.34643280e-03 4.81847318e-03 4.05074650e-03 3.95004356e-03 4.66208308e-03
1.24324324e-01 -2.06697975e+01 -2.06697975e+01 -2.50725119e-02 -6.80090305e-03 -6.80088758e-03 7.13254574e+01 7.13254574e+01 1.03707975e+02 1.73372523e+02 2.04474277e+02 2.73425418e+02 3.28759153e+02 4.27236320e+02 5.31610793e+02 6.37584239e+02 7.46683970e+02 1.04220136e-15 8.18149145e-16 4.04152786e-05 8.26397153e-16 5.89182246e-13 2.95121006e-16 4.23977242e-27 9.99703756e-01 6.42637264e-16 9.85676193e-01 7.12191330e-01 8.79284763e-01 9.61383507e-01 9.72851398e-01 9.74190549e-01 9.63810843e-01 9.29778603e-18 5.89963651e-18 1.40808814e-06 3.39725510e-07 3.39725510e-07 3.56292512e-03 3.56292512e-03 4.26264941e-04 1.54457734e-17 2.95362743e-03 1.22942025e-02 8.34160502e-03 4.81992141e-03 4.05315496e-03 3.95326748e-03 4.66886529e-03
1.24474474e-01 -2.06697975e+01 -2.06697975e+01 -2.50725132e-02 -6.80090421e-03 -6.80089638e-03 7.13254574e+01 7.13254574e+01 1.03707378e+02 1.73372523e+02 2.04464956e+02 2.73376480e+02 3.28768174e+02 4.27254576e+02 5.31633348e+02 6.37614096e+02 7.46736929e+02 2.55509021e-16 1.18064532e-15 4.04640893e-05 1.62519866e-15 5.89981218e-13 4.24203675e-27 8.37876425e-17 9.99703005e-01 5.12144324e-16 9.85635062e-01 7.12344806e-01 8.79433939e-01 9.61359968e-01 9.72818772e-01 9.74147966e-01 9.63703605e-01 5.32794925e-18 1.01214090e-17 1.40808814e-06 3.39725510e-07 3.39725510e-07 3.56292512e-03 3.56292512e-03 4.26805110e-04 3.12082652e-18 2.95783444e-03 1.22914749e-02 8.33678017e-03 4.82136126e-03 4.05555612e-03 3.95648468e-03 4.67565003e-03
1.24624625e-01 -2.06697975e+01 -2.06697975e+01 -2.50725144e-02 -6.80090284e-03 -6.80089926e-03 7.13254574e+01 7.13254574e+01 1.03706780e+02 1.73372523e+02 2.04455618e+02 2.73327555e+02 3.28777179e+02 4.27272823e+02 5.31655905e+02 6.37643967e+02 7.46789982e+02 8.42494400e-16 1.14551924e-15 4.05129000e-05 3.11422035e-15 5.12899090e-13 4.25123749e-27 2.50239558e-16 9.99702252e-01 3.54011793e-16 9.85593853e-01 7.12498482e-01 8.79582912e-01 9.61336558e-01 9.72786225e-01 9.74105436e-01 9.63596159e-01 4.44732313e-18 2.90613171e-18 1.40808814e-06 3.39725510e-07 3.39725510e-07 3.56292512e-03 3.56292512e-03 4.27345372e-04 9.43158378e-19 2.96204331e-03 1.22887426e-02 8.33195825e-03 4.82279274e-03 4.05795001e-03 3.95969516e-03 4.68243730e-03
1.24774775e-01 -2.06697975e+01 -2.06697975e+01 -2.50725135e-02 -6.80088891e-03 -6.80088349e-03 7.13254574e+01 7.13254574e+01 1.03706182e+02 1.73372523e+02 2.04446263e+02 2.73278645e+02 3.28786167e+02 4.27291061e+02 5.31678464e+02 6.37673853e+02 7.46843131e+02 2.61804568e-16 8.29038354e-16 4.05617108e-05 1.42995469e-15 3.57906915e-13 1.73227863e-16 4.26619762e-27 9.99701499e-01 5.00028799e-16 9.85552565e-01 7.12652357e-01 8.79731683e-01 9.61313278e-01 9.72753756e-01 9.74062959e-01 9.63488506e-01 5.64550107e-18 6.35157168e-18 1.40808814e-06 3.39725510e-07 3.39725510e-07 3.56292512e-03 3.56292512e-03 4.27885728e-04 6.74186675e-18 2.96625405e-03 1.22860055e-02 8.32713927e-03 4.82421588e-03 4.06033662e-03 3.96289892e-03 4.68922709e-03
1.24924925e-01 -2.06697975e+01 -2.06697975e+01 -2.50725145e-02 -6.80089897e-03 -6.80089070e-03 7.13254574e+01 7.13254574e+01 1.03705582e+02 1.73372523e+02 2.04436893e+02 2.73229748e+02 3.28795138e+02 4.27309291e+02 5.31701023e+02 6.37703754e+02 7.46896375e+02 1.06072469e-15 9.31618609e-16 4.06105215e-05 9.07130774e-16 3.58318679e-13 4.26849567e-27 1.38702005e-16 9.99700744e-01 6.68157484e-16 9.85511198e-01 7.12806430e-01 8.79880252e-01 9.61290126e-01 9.72721367e-01 9.74020535e-01 9.63380645e-01 4.92269685e-18 9.09156176e-19 1.40808814e-06 3.39725510e-07 3.39725510e-07 3.56292512e-03 3.56292512e-03 4.28426178e-04 9.61677576e-18 2.97046664e-03 1.22832638e-02 8.32232322e-03 4.82563067e-03 4.06271595e-03 3.96609594e-03 4.69601939e-03
1.25075075e-01 -2.06697975e+01 -2.06697975e+01 -2.50725134e-02 -6.80089814e-03 -6.80088951e-03 7.13254574e+01 7.13254574e+01 1.03704982e+02 1.73372523e+02 2.04427506e+02 2.73180866e+02 3.28804093e+02 4.27327512e+02 5.31723584e+02 6.37733669e+02 7.46949714e+02 2.32774947e-16 3.85636932e-16 4.06593322e-05 3.58725779e-13 9.07369361e-16 4.36504370e-27 1.46080597e-16 9.99699988e-01 5.60798805e-16 9.85469753e-01 7.12960701e-01 8.80028620e-01 9.61267103e-01 9.72689056e-01 9.73978165e-01 9.63272575e-01 2.84316741e-18 3.19292322e-18 1.40808814e-06 3.39725510e-07 3.39725510e-07 3.56292512e-03 3.56292512e-03 4.28966722e-04 1.19763264e-17 2.97468109e-03 1.22805172e-02 8.31751011e-03 4.82703715e-03 4.06508801e-03 3.96928621e-03 4.70281420e-03
1.25225225e-01 -2.06697975e+01 -2.06697975e+01 -2.50725140e-02 -6.80089350e-03 -6.80088957e-03 7.13254574e+01 7.13254574e+01 1.03704381e+02 1.73372523e+02 2.04418102e+02 2.73131998e+02 3.28813031e+02 4.27345724e+02 5.31746146e+02 6.37763598e+02 7.47003150e+02 2.36188936e-16 2.99810497e-16 4.07081429e-05 1.60306912e-15 2.80983824e-13 2.21849595e-16 4.37371396e-27 9.99699232e-01 2.63555685e-16 9.85428229e-01 7.13115170e-01 8.80176787e-01 9.61244209e-01 9.72656825e-01 9.73935848e-01 9.63164298e-01 7.17035966e-19 2.42317679e-18 1.40808814e-06 3.39725510e-07 3.39725510e-07 3.56292512e-03 3.56292512e-03 4.29507359e-04 4.68542912e-18 2.97889740e-03 1.22777660e-02 8.31269995e-03 4.82843533e-03 4.06745280e-03 3.97246973e-03 4.70961150e-03
1.25375375e-01 -2.06697975e+01 -2.06697975e+01 -2.50725136e-02 -6.80091951e-03 -6.80089884e-03 7.13254574e+01 7.13254574e+01 1.03703779e+02 1.73372523e+02 2.04408682e+02 2.73083144e+02 3.28821953e+02 4.27363928e+02 5.31768709e+02 6.37793542e+02 7.47056681e+02 7.26842822e-16 4.31965413e-16 4.07569537e-05 4.18858602e-16 3.59546792e-13 4.36966404e-27 1.90384448e-16 9.99698474e-01 3.07211825e-16 9.85386625e-01 7.13269835e-01 8.80324752e-01 9.61221444e-01 9.72624673e-01 9.73893586e-01 9.63055812e-01 8.77090540e-18 5.05794209e-18 1.40808814e-06 3.39725510e-07 3.39725510e-07 3.56292512e-03 3.56292512e-03 4.30048091e-04 7.01469054e-18 2.98311556e-03 1.22750100e-02 8.30789274e-03 4.82982522e-03 4.06981032e-03 3.97564649e-03 4.71641128e-03
1.25525526e-01 -2.06697975e+01 -2.06697975e+01 -2.50725138e-02 -6.80090382e-03 -6.80089809e-03 7.13254574e+01 7.13254574e+01 1.03703176e+02 1.73372523e+02 2.04399246e+02 2.73034304e+02 3.28830859e+02 4.27382123e+02 5.31791273e+02 6.37823500e+02 7.47110308e+02 4.73630470e-16 1.00592404e-15 4.08057644e-05 1.40669258e-15 3.60032748e-13 1.87651983e-16 4.46668829e-27 9.99697715e-01 7.90317554e-16 9.85344943e-01 7.13424697e-01 8.80472515e-01 9.61198807e-01 9.72592601e-01 9.73851378e-01 9.62947117e-01 1.60927788e-18 1.94014666e-18 1.40808814e-06 3.39725510e-07 3.39725510e-07 3.56292512e-03 3.56292512e-03 4.30588917e-04 3.71536446e-18 2.98733558e-03 1.22722493e-02 8.30308848e-03 4.83120684e-03 4.07216058e-03 3.97881647e-03 4.72321355e-03
1.25675676e-01 -2.06697975e+01 -2.06697975e+01 -2.50725144e-02 -6.80091026e-03 -6.80090371e-03 7.13254574e+01 7.13254574e+01 1.03702573e+02 1.73372523e+02 2.04389793e+02 2.72985478e+02 3.28839748e+02 4.27400309e+02 5.31813838e+02 6.37853473e+02 7.47164031e+02 1.04141113e-15 8.35188078e-16 4.08545751e-05 3.60461117e-13 1.16317844e-15 1.96843690e-16 4.46901054e-27 9.99696955e-01 8.30465917e-16 9.85303182e-01 7.13579755e-01 8.80620078e-01 9.61176298e-01 9.72560608e-01 9.73809226e-01 9.62838215e-01 1.34049907e-18 1.15757388e-17 1.40808814e-06 3.39725510e-07 3.39725510e-07 3.56292512e-03 3.56292512e-03 4.31129837e-04 4.85554999e-18 2.99155745e-03 1.22694839e-02 8.29828717e-03 4.83258021e-03 4.07450357e-03 3.98197967e-03 4.73001829e-03
1.25825826e-01 -2.06697975e+01 -2.06697975e+01 -2.50725139e-02 -6.80087970e-03 -6.80087760e-03 7.13254574e+01 7.13254574e+01 1.03701968e+02 1.73372523e+02 2.04380323e+02 2.72936667e+02 3.28848620e+02 4.27418486e+02 5.31836404e+02 6.37883459e+02 7.47217849e+02 4.50544931e-16 5.21023843e-16 4.09033858e-05 3.71555380e-15 3.60849944e-13 1.68177013e-16 4.47133456e-27 9.99696193e-01 4.10717604e-16 9.85261342e-01 7.13735009e-01 8.80767440e-01 9.61153917e-01 9.72528695e-01 9.73767128e-01 9.62729103e-01 1.33329998e-17 7.15148546e-18 1.40808814e-06 3.39725510e-07 3.39725510e-07 3.56292512e-03 3.56292512e-03 4.31670852e-04 4.32166406e-18 2.99578117e-03 1.22667138e-02 8.29348882e-03 4.83394535e-03 4.07683931e-03 3.98513607e-03 4.73682549e-03
1.25975976e-01 -2.06697975e+01 -2.06697975e+01 -2.50725145e-02 -6.80089499e-03 -6.80087931e-03 7.13254574e+01 7.13254574e+01 1.03701363e+02 1.73372523e+02 2.04370837e+02 2.72887870e+02 3.28857477e+02 4.27436654e+02 5.31858971e+02 6.37913459e+02 7.47271764e+02 3.22312883e-16 9.70527447e-16 4.09521965e-05 5.09380310e-16 3.61265788e-13 1.98267562e-16 4.47366036e-27 9.99695431e-01 3.01011931e-16 9.85219423e-01 7.13890457e-01 8.80914601e-01 9.61131665e-01 9.72496861e-01 9.73725087e-01 9.62619783e-01 9.43517205e-19 2.04816513e-18 1.40808814e-06 3.39725510e-07 3.39725510e-07 3.56292512e-03 3.56292512e-03 4.32211961e-04 1.24627142e-18 3.00000674e-03 1.22639390e-02 8.28869343e-03 4.83530227e-03 4.07916779e-03 3.98828568e-03 4.74363515e-03
1.26126126e-01 -2.06697975e+01 -2.06697975e+01 -2.50725135e-02 -6.80091764e-03 -6.80090882e-03 7.13254574e+01 7.13254574e+01 1.03700758e+02 1.73372523e+02 2.04361335e+02 2.72839088e+02 3.28866317e+02 4.27454813e+02 5.31881539e+02 6.37943473e+02 7.47325775e+02 2.34752525e-16 8.49068229e-16 4.10010073e-05 2.36040522e-13 5.31281309e-16 1.94389404e-29 2.10614898e-16 9.99694668e-01 9.08393926e-16 9.85177424e-01 7.14046100e-01 8.81061562e-01 9.61109540e-01 9.72465108e-01 9.73683101e-01 9.62510254e-01 1.82455569e-18 2.41090103e-18 1.40808814e-06 3.39725510e-07 3.39725510e-07 3.56292512e-03 3.56292512e-03 4.32753165e-04 2.31411679e-18 3.00423415e-03 1.22611594e-02 8.28390101e-03 4.83665098e-03 4.08148902e-03 3.99142848e-03 4.75044725e-03
1.26276276e-01 -2.06697975e+01 -2.06697975e+01 -2.50725146e-02 -6.80091582e-03 -6.80089643e-03 7.13254574e+01 7.13254574e+01 1.03700151e+02 1.73372523e+02 2.04351816e+02 2.72790321e+02 3.28875141e+02 4.27472963e+02 5.31904107e+02 6.37973501e+02 7.47379883e+02 6.46151238e-16 3.70087939e-16 4.10498180e-05 4.05056051e-16 3.62209620e-13 4.47831728e-27 2.52527183e-16 9.99693903e-01 2.79930702e-16 9.85135346e-01 7.14201938e-01 8.81208322e-01 9.61087542e-01 9.72433435e-01 9.73641171e-01 9.62400515e-01 3.55325171e-18 6.85670923e-18 1.40808814e-06 3.39725510e-07 3.39725510e-07 3.56292512e-03 3.56292512e-03 4.33294464e-04 1.62863759e-18 3.00846341e-03 1.22583752e-02 8.27911155e-03 4.83799151e-03 4.08380301e-03 3.99456447e-03 4.75726180e-03
1.26426426e-01 -2.06697975e+01 -2.06697975e+01 -2.50725132e-02 -6.80090475e-03 -6.80089548e-03 7.13254574e+01 7.13254574e+01 1.03699543e+02 1.73372523e+02 2.04342280e+02 2.72741567e+02 3.28883948e+02 4.27491104e+02 5.31926676e+02 6.38003543e+02 7.47434086e+02 3.78411757e-16 5.80035680e-16 4.10986287e-05 6.67112013e-16 2.83694007e-13 2.68632786e-16 4.46146609e-23 9.99693138e-01 1.10221900e-15 9.85093189e-01 7.14357968e-01 8.81354883e-01 9.61065673e-01 9.72401842e-01 9.73599298e-01 9.62290568e-01 6.38471200e-19 8.14282761e-18 1.40808814e-06 3.39725510e-07 3.39725510e-07 3.56292512e-03 3.56292512e-03 4.33835858e-04 8.93129655e-18 3.01269452e-03 1.22555863e-02 8.27432506e-03 4.83932387e-03 4.08610974e-03 3.99769362e-03 4.76407878e-03
1.26576577e-01 -2.06697975e+01 -2.06697975e+01 -2.50725144e-02 -6.80091311e-03 -6.80087819e-03 7.13254574e+01 7.13254574e+01 1.03698935e+02 1.73372523e+02 2.04332728e+02 2.72692829e+02 3.28892740e+02 4.27509236e+02 5.31949246e+02 6.38033598e+02 7.47488386e+02 6.13028764e-16 2.93902223e-16 4.11474394e-05 2.84218544e-13 1.86570780e-16 2.38166152e-16 4.46565229e-23 9.99692371e-01 5.33473174e-16 9.85050952e-01 7.14514192e-01 8.81501243e-01 9.61043930e-01 9.72370330e-01 9.73557482e-01 9.62180412e-01 4.95401172e-18 2.22862177e-18 1.40808814e-06 3.39725510e-07 3.39725510e-07 3.56292512e-03 3.56292512e-03 4.34377347e-04 6.51109386e-18 3.01692747e-03 1.22527926e-02 8.26954154e-03 4.84064807e-03 4.08840924e-03 4.00081595e-03 4.77089818e-03
1.26726727e-01 -2.06697975e+01 -2.06697975e+01 -2.50725132e-02 -6.80090243e-03 -6.80089205e-03 7.13254574e+01 7.13254574e+01 1.03698326e+02 1.73372523e+02 2.04323159e+02 2.72644105e+02 3.28901515e+02 4.27527359e+02 5.31971816e+02 6.38063667e+02 7.47542783e+02 2.27662637e-16 1.27634797e-15 4.11962502e-05 3.63483948e-13 8.24136944e-16 4.48531599e-27 3.46227676e-16 9.99691604e-01 4.71394244e-16 9.85008636e-01 7.14670609e-01 8.81647403e-01 9.61022315e-01 9.72338898e-01 9.73515724e-01 9.62070046e-01 4.66286912e-18 3.30089924e-18 1.40808814e-06 3.39725510e-07 3.39725510e-07 3.56292512e-03 3.56292512e-03 4.34918931e-04 1.51446250e-20 3.02116225e-03 1.22499943e-02 8.26476100e-03 4.84196414e-03 4.09070149e-03 4.00393143e-03 4.77772000e-03
1.26876877e-01 -2.06697975e+01 -2.06697975e+01 -2.50725134e-02 -6.80089133e-03 -6.80088908e-03 7.13254574e+01 7.13254574e+01 1.03697716e+02 1.73372523e+02 2.04313574e+02 2.72595397e+02 3.28910274e+02 4.27545473e+02 5.31994387e+02 6.38093749e+02 7.47597277e+02 3.56739544e-16 2.62135973e-16 4.12450609e-05 3.63903883e-13 3.47197673e-15 7.24598368e-17 4.48765246e-27 9.99690835e-01 5.29838727e-16 9.84966240e-01 7.14827218e-01 8.81793364e-01 9.61000827e-01 9.72307547e-01 9.73474023e-01 9.61959471e-01 2.12061568e-18 1.11318582e-17 1.40808814e-06 3.39725510e-07 3.39725510e-07 3.56292512e-03 3.56292512e-03 4.35460610e-04 4.07912952e-18 3.02539888e-03 1.22471912e-02 8.25998344e-03 4.84327209e-03 4.09298651e-03 4.00704005e-03 4.78454423e-03
1.27027027e-01 -2.06697975e+01 -2.06697975e+01 -2.50725141e-02 -6.80089407e-03 -6.80089116e-03 7.13254574e+01 7.13254574e+01 1.03697106e+02 1.73372523e+02 2.04303972e+02 2.72546703e+02 3.28919017e+02 4.27563577e+02 5.32016958e+02 6.38123844e+02 7.47651867e+02 4.83396837e-16 7.16098857e-16 4.12938716e-05 2.64531681e-15 3.64351758e-13 3.16816642e-16 4.48999071e-27 9.99690065e-01 5.00281564e-16 9.84923765e-01 7.14984018e-01 8.81939125e-01 9.60979466e-01 9.72276277e-01 9.73432380e-01 9.61848686e-01 8.11241159e-18 3.39799594e-18 1.40808814e-06 3.39725510e-07 3.39725510e-07 3.56292512e-03 3.56292512e-03 4.36002385e-04 1.38610304e-18 3.02963734e-03 1.22443835e-02 8.25520886e-03 4.84457194e-03 4.09526430e-03 4.01014182e-03 4.79137086e-03
1.27177177e-01 -2.06697975e+01 -2.06697975e+01 -2.50725137e-02 -6.80089402e-03 -6.80089386e-03 7.13254574e+01 7.13254574e+01 1.03696494e+02 1.73372523e+02 2.04294353e+02 2.72498024e+02 3.28927744e+02 4.27581673e+02 5.32039529e+02 6.38153953e+02 7.47706553e+02 3.18319024e-16 3.82711084e-16 4.13426823e-05 3.61170663e-13 5.09027350e-14 4.49233074e-27 2.95248469e-16 9.99689294e-01 6.44029818e-16 9.84881209e-01 7.15141010e-01 8.82084686e-01 9.60958231e-01 9.72245087e-01 9.73390795e-01 9.61737691e-01 4.06231091e-18 1.41509409e-18 1.40808814e-06 3.39725510e-07 3.39725510e-07 3.56292512e-03 3.56292512e-03 4.36544256e-04 1.65859589e-17 3.03387764e-03 1.22415711e-02 8.25043726e-03 4.84586369e-03 4.09753485e-03 4.01323672e-03 4.79819988e-03
1.27327327e-01 -2.06697975e+01 -2.06697975e+01 -2.50725140e-02 -6.80089368e-03 -6.80089205e-03 7.13254574e+01 7.13254574e+01 1.03695882e+02 1.73372523e+02 2.04284717e+02 2.72449360e+02 3.28936455e+02 4.27599759e+02 5.32062101e+02 6.38184075e+02 7.47761337e+02 4.51222155e-16 5.81312366e-16 4.13914930e-05 3.65235732e-13 4.95363153e-15 1.98831797e-16 4.49467256e-27 9.99688522e-01 4.98260105e-16 9.84838574e-01 7.15298192e-01 8.82230049e-01 9.60937124e-01 9.72213979e-01 9.73349269e-01 9.61626487e-01 1.21440285e-17 1.20947565e-17 1.40808814e-06 3.39725510e-07 3.39725510e-07 3.56292512e-03 3.56292512e-03 4.37086222e-04 1.33590465e-17 3.03811977e-03 1.22387540e-02 8.24566865e-03 4.84714738e-03 4.09979819e-03 4.01632475e-03 4.80503128e-03
1.27477477e-01 -2.06697975e+01 -2.06697975e+01 -2.50725148e-02 -6.80089259e-03 -6.80088372e-03 7.13254574e+01 7.13254574e+01 1.03695269e+02 1.73372523e+02 2.04275065e+02 2.72400711e+02 3.28945149e+02 4.27617836e+02 5.32084673e+02 6.38214210e+02 7.47816218e+02 2.07817365e-16 6.95438297e-16 4.14403038e-05 2.86092476e-13 6.81881403e-16 4.49091536e-23 1.66363277e-16 9.99687749e-01 5.59758250e-16 9.84795859e-01 7.15455565e-01 8.82375212e-01 9.60916142e-01 9.72182952e-01 9.73307802e-01 9.61515073e-01 4.38635563e-18 2.81875516e-18 1.40808814e-06 3.39725510e-07 3.39725510e-07 3.56292512e-03 3.56292512e-03 4.37628284e-04 8.84035528e-18 3.04236373e-03 1.22359322e-02 8.24090304e-03 4.84842302e-03 4.10205430e-03 4.01940588e-03 4.81186506e-03
1.27627628e-01 -2.06697975e+01 -2.06697975e+01 -2.50725149e-02 -6.80090093e-03 -6.80088174e-03 7.13254574e+01 7.13254574e+01 1.03694655e+02 1.73372523e+02 2.04265396e+02 2.72352077e+02 3.28953828e+02 4.27635904e+02 5.32107245e+02 6.38244358e+02 7.47871196e+02 2.66560122e-16 5.60898403e-16 4.14891145e-05 3.66033995e-13 4.27602500e-16 4.49936156e-27 2.83732050e-16 9.99686974e-01 3.26461336e-16 9.84753065e-01 7.15613128e-01 8.82520177e-01 9.60895287e-01 9.72152006e-01 9.73266395e-01 9.61403449e-01 2.51118799e-18 2.34384010e-18 1.40808814e-06 3.39725510e-07 3.39725510e-07 3.56292512e-03 3.56292512e-03 4.38170442e-04 5.55279086e-18 3.04660953e-03 1.22331058e-02 8.23614041e-03 4.84969061e-03 4.10430319e-03 4.02248013e-03 4.81870121e-03
1.27777778e-01 -2.06697975e+01 -2.06697975e+01 -2.50725140e-02 -6.80090490e-03 -6.80089415e-03 7.13254574e+01 7.13254574e+01 1.03694040e+02 1.73372523e+02 2.04255710e+02 2.72303458e+02 3.28962491e+02 4.27653962e+02 5.32129817e+02 6.38274518e+02 7.47926271e+02 6.85816609e-16 1.87969903e-16 4.15379252e-05 1.41081831e-13 2.92250827e-16 4.52011918e-27 1.69320304e-16 9.99686199e-01 4.02590662e-16 9.84710190e-01 7.15770880e-01 8.82664943e-01 9.60874558e-01 9.72121141e-01 9.73225047e-01 9.61291615e-01 5.58295826e-18 4.15230307e-18 1.40808814e-06 3.39725510e-07 3.39725510e-07 3.56292512e-03 3.56292512e-03 4.38712696e-04 1.03409964e-18 3.05085715e-03 1.22302747e-02 8.23138078e-03 4.85095019e-03 4.10654486e-03 4.02554747e-03 4.82553971e-03
1.27927928e-01 -2.06697975e+01 -2.06697975e+01 -2.50725147e-02 -6.80089760e-03 -6.80089138e-03 7.13254574e+01 7.13254574e+01 1.03693425e+02 1.73372523e+02 2.04246008e+02 2.72254855e+02 3.28971138e+02 4.27672011e+02 5.32152389e+02 6.38304692e+02 7.47981443e+02 5.21103736e-16 5.83305375e-16 4.15867359e-05 1.41240861e-13 4.12839778e-16 4.52249423e-27 1.44522543e-16 9.99685423e-01 7.40416941e-16 9.84667235e-01 7.15928821e-01 8.82809510e-01 9.60853955e-01 9.72090358e-01 9.73183759e-01 9.61179571e-01 9.10780413e-18 7.78856958e-18 1.40808814e-06 3.39725510e-07 3.39725510e-07 3.56292512e-03 3.56292512e-03 4.39255046e-04 7.88205228e-18 3.05510659e-03 1.22274389e-02 8.22662415e-03 4.85220176e-03 4.10877933e-03 4.02860790e-03 4.83238057e-03
1.28078078e-01 -2.06697975e+01 -2.06697975e+01 -2.50725137e-02 -6.80088997e-03 -6.80088965e-03 7.13254574e+01 7.13254574e+01 1.03692808e+02 1.73372523e+02 2.04236289e+02 2.72206267e+02 3.28979769e+02 4.27690050e+02 5.32174961e+02 6.38334878e+02 7.48036713e+02 1.03730765e-15 1.42892591e-15 4.16355467e-05 6.13137435e-14 4.08529600e-15 3.69486060e-16 4.53139901e-27 9.99684645e-01 1.48437634e-16 9.84624200e-01 7.16086950e-01 8.82953880e-01 9.60833478e-01 9.72059657e-01 9.73142531e-01 9.61067316e-01 3.44477657e-18 4.89037433e-18 1.40808814e-06 3.39725510e-07 3.39725510e-07 3.56292512e-03 3.56292512e-03 4.39797493e-04 6.95403853e-18 3.05935786e-03 1.22245984e-02 8.22187053e-03 4.85344535e-03 4.11100658e-03 4.03166142e-03 4.83922377e-03
1.28228228e-01 -2.06697975e+01 -2.06697975e+01 -2.50725143e-02 -6.80089313e-03 -6.80087998e-03 7.13254574e+01 7.13254574e+01 1.03692191e+02 1.73372523e+02 2.04226553e+02 2.72157694e+02 3.28988385e+02 4.27708080e+02 5.32197533e+02 6.38365077e+02 7.48092080e+02 2.27532380e-16 4.69455044e-16 4.16843574e-05 2.75666026e-16 1.78359638e-13 4.55339960e-27 5.52225238e-17 9.99683866e-01 3.31991909e-16 9.84581084e-01 7.16245268e-01 8.83098051e-01 9.60813126e-01 9.72029038e-01 9.73101364e-01 9.60954851e-01 3.89772695e-18 6.71769031e-19 1.40808814e-06 3.39725510e-07 3.39725510e-07 3.56292512e-03 3.56292512e-03 4.40340036e-04 6.92374928e-18 3.06361095e-03 1.22217533e-02 8.21711990e-03 4.85468096e-03 4.11322664e-03 4.03470800e-03 4.84606930e-03
1.28378378e-01 -2.06697975e+01 -2.06697975e+01 -2.50725137e-02 -6.80090777e-03 -6.80089843e-03 7.13254574e+01 7.13254574e+01 1.03691574e+02 1.73372523e+02 2.04216800e+02 2.72109137e+02 3.28996984e+02 4.27726101e+02 5.32220105e+02 6.38395289e+02 7.48147544e+02 2.59284833e-16 1.17073534e-15 4.17331681e-05 1.90330498e-16 9.85135404e-14 4.55627227e-29 2.21494632e-16 9.99683087e-01 5.52338624e-16 9.84537889e-01 7.16403773e-01 8.83242023e-01 9.60792900e-01 9.71998500e-01 9.73060258e-01 9.60842176e-01 2.21076036e-18 1.62806906e-18 1.40808814e-06 3.39725510e-07 3.39725510e-07 3.56292512e-03 3.56292512e-03 4.40882675e-04 3.54524359e-18 3.06786586e-03 1.22189035e-02 8.21237228e-03 4.85590862e-03 4.11543949e-03 4.03774765e-03 4.85291715e-03
1.28528529e-01 -2.06697975e+01 -2.06697975e+01 -2.50725145e-02 -6.80090524e-03 -6.80088953e-03 7.13254574e+01 7.13254574e+01 1.03690955e+02 1.73372523e+02 2.04207030e+02 2.72060595e+02 3.29005568e+02 4.27744112e+02 5.32242677e+02 6.38425512e+02 7.48203107e+02 1.25470870e-15 3.62226541e-16 4.17819788e-05 9.86574580e-14 2.46508507e-16 2.28780544e-16 4.55168003e-27 9.99682306e-01 5.79327312e-16 9.84494613e-01 7.16562464e-01 8.83385799e-01 9.60772799e-01 9.71968044e-01 9.73019213e-01 9.60729290e-01 4.96709549e-18 1.26309506e-17 1.40808814e-06 3.39725510e-07 3.39725510e-07 3.56292512e-03 3.56292512e-03 4.41425411e-04 1.67375522e-17 3.07212258e-03 1.22160490e-02 8.20762768e-03 4.85712834e-03 4.11764514e-03 4.04078036e-03 4.85976732e-03
1.28678679e-01 -2.06697975e+01 -2.06697975e+01 -2.50725143e-02 -6.80091711e-03 -6.80089064e-03 7.13254574e+01 7.13254574e+01 1.03690335e+02 1.73372523e+02 2.04197244e+02 2.72012069e+02 3.29014136e+02 4.27762113e+02 5.32265249e+02 6.38455749e+02 7.48258767e+02 7.37435585e-16 4.05974297e-16 4.18307896e-05 9.87849389e-14 1.01242185e-16 1.73575144e-16 4.55409187e-27 9.99681524e-01 8.84144189e-16 9.84451257e-01 7.16721343e-01 8.83529376e-01 9.60752823e-01 9.71937671e-01 9.72978230e-01 9.60616193e-01 2.20148652e-18 8.52950048e-18 1.40808814e-06 3.39725510e-07 3.39725510e-07 3.56292512e-03 3.56292512e-03 4.41968244e-04 6.14732881e-18 3.07638113e-03 1.22131899e-02 8.20288608e-03 4.85834013e-03 4.11984360e-03 4.04380612e-03 4.86661980e-03
1.28828829e-01 -2.06697975e+01 -2.06697975e+01 -2.50725133e-02 -6.80091544e-03 -6.80089895e-03 7.13254574e+01 7.13254574e+01 1.03689715e+02 1.73372523e+02 2.04187441e+02 2.71963559e+02 3.29022688e+02 4.27780105e+02 5.32287820e+02 6.38485997e+02 7.48314524e+02 4.37867157e-16 1.91344516e-16 4.18796003e-05 2.24143730e-16 1.79339446e-13 4.41871881e-21 1.80725536e-16 9.99680741e-01 1.57685389e-15 9.84407820e-01 7.16880407e-01 8.83672756e-01 9.60732972e-01 9.71907380e-01 9.72937309e-01 9.60502886e-01 7.36284127e-18 4.13415942e-18 1.40808814e-06 3.39725510e-07 3.39725510e-07 3.56292512e-03 3.56292512e-03 4.42511174e-04 1.20183773e-17 3.08064148e-03 1.22103261e-02 8.19814750e-03 4.85954402e-03 4.12203487e-03 4.04682492e-03 4.87347458e-03
1.28978979e-01 -2.06697975e+01 -2.06697975e+01 -2.50725126e-02 -6.80090211e-03 -6.80090059e-03 7.13254574e+01 7.13254574e+01 1.03689094e+02 1.73372523e+02 2.04177620e+02 2.71915064e+02 3.29031225e+02 4.27798088e+02 5.32310391e+02 6.38516258e+02 7.48370380e+02 4.92066806e-16 3.53456797e-16 4.19284110e-05 1.37852235e-15 9.89672733e-14 4.55892105e-27 2.78042017e-16 9.99679957e-01 3.91509063e-16 9.84364303e-01 7.17039658e-01 8.83815939e-01 9.60713246e-01 9.71877171e-01 9.72896450e-01 9.60389368e-01 2.57334514e-18 5.46484285e-18 1.40808814e-06 3.39725510e-07 3.39725510e-07 3.56292512e-03 3.56292512e-03 4.43054201e-04 1.30692344e-18 3.08490365e-03 1.22074577e-02 8.19341194e-03 4.86074003e-03 4.12421896e-03 4.04983675e-03 4.88033165e-03
1.29129129e-01 -2.06697975e+01 -2.06697975e+01 -2.50725140e-02 -6.80090001e-03 -6.80088041e-03 7.13254574e+01 7.13254574e+01 1.03688472e+02 1.73372523e+02 2.04167783e+02 2.71866585e+02 3.29039746e+02 4.27816060e+02 5.32332961e+02 6.38546530e+02 7.48426333e+02 6.10872043e-16 8.00852509e-16 4.19772217e-05 1.79547363e-13 1.69594861e-16 3.05184875e-16 4.56793166e-27 9.99679171e-01 9.41325800e-16 9.84320705e-01 7.17199093e-01 8.83958925e-01 9.60693645e-01 9.71847045e-01 9.72855654e-01 9.60275639e-01 8.66163486e-19 1.70114705e-17 1.40808814e-06 3.39725510e-07 3.39725510e-07 3.56292512e-03 3.56292512e-03 4.43597325e-04 9.88959955e-18 3.08916763e-03 1.22045846e-02 8.18867940e-03 4.86192816e-03 4.12639586e-03 4.05284161e-03 4.88719101e-03
1.29279279e-01 -2.06697975e+01 -2.06697975e+01 -2.50725139e-02 -6.80090159e-03 -6.80087450e-03 7.13254574e+01 7.13254574e+01 1.03687849e+02 1.73372523e+02 2.04157929e+02 2.71818122e+02 3.29048251e+02 4.27834023e+02 5.32355531e+02 6.38576815e+02 7.48482385e+02 5.19537115e-16 4.90784461e-16 4.20260324e-05 3.27303325e-13 2.43602249e-16 2.36824006e-16 4.58243291e-27 9.99678385e-01 6.30320597e-16 9.84277026e-01 7.17358713e-01 8.84101713e-01 9.60674168e-01 9.71817001e-01 9.72814920e-01 9.60161699e-01 6.53223766e-18 4.79807900e-18 1.40808814e-06 3.39725510e-07 3.39725510e-07 3.56292512e-03 3.56292512e-03 4.44140547e-04 8.41593821e-18 3.09343341e-03 1.22017069e-02 8.18394988e-03 4.86310843e-03 4.12856559e-03 4.05583948e-03 4.89405263e-03
1.29429429e-01 -2.06697975e+01 -2.06697975e+01 -2.50725155e-02 -6.80089674e-03 -6.80089588e-03 7.13254574e+01 7.13254574e+01 1.03687226e+02 1.73372523e+02 2.04148058e+02 2.71769674e+02 3.29056740e+02 4.27851977e+02 5.32378100e+02 6.38607111e+02 7.48538535e+02 4.34360858e-16 1.16050777e-15 4.20748432e-05 2.42100458e-13 6.15761458e-15 2.00491276e-29 1.18251240e-16 9.99677597e-01 3.80747305e-16 9.84233267e-01 7.17518518e-01 8.84244305e-01 9.60654816e-01 9.71787040e-01 9.72774250e-01 9.60047548e-01 5.88428138e-18 1.00848021e-18 1.40808814e-06 3.39725510e-07 3.39725510e-07 3.56292512e-03 3.56292512e-03 4.44683866e-04 8.56753149e-18 3.09770100e-03 1.21988245e-02 8.17922338e-03 4.86428087e-03 4.13072814e-03 4.05883037e-03 4.90091652e-03
1.29579580e-01 -2.06697975e+01 -2.06697975e+01 -2.50725141e-02 -6.80090447e-03 -6.80089903e-03 7.13254574e+01 7.13254574e+01 1.03686602e+02 1.73372523e+02 2.04138170e+02 2.71721243e+02 3.29065215e+02 4.27869920e+02 5.32400668e+02 6.38637420e+02 7.48594783e+02 7.44402502e-16 1.45385245e-16 4.21236539e-05 3.28028143e-13 1.24890130e-15 2.06907785e-16 4.58732924e-27 9.99676809e-01 4.02401402e-16 9.84189427e-01 7.17678506e-01 8.84386700e-01 9.60635587e-01 9.71757162e-01 9.72733644e-01 9.59933185e-01 4.52839722e-18 7.69979782e-18 1.40808814e-06 3.39725510e-07 3.39725510e-07 3.56292512e-03 3.56292512e-03 4.45227282e-04 4.41260533e-18 3.10197039e-03 1.21959375e-02 8.17449992e-03 4.86544548e-03 4.13288352e-03 4.06181425e-03 4.90778267e-03
1.29729730e-01 -2.06697975e+01 -2.06697975e+01 -2.50725140e-02 -6.80089527e-03 -6.80088917e-03 7.13254574e+01 7.13254574e+01 1.03685976e+02 1.73372523e+02 2.04128265e+02 2.71672827e+02 3.29073673e+02 4.27887854e+02 5.32423236e+02 6.38667740e+02 7.48651129e+02 1.54873279e-16 1.05999241e-15 4.21724646e-05 3.28397595e-13 1.08957687e-15 4.58978019e-27 2.15435919e-16 9.99676019e-01 2.66132292e-16 9.84145506e-01 7.17838677e-01 8.84528899e-01 9.60616483e-01 9.71727366e-01 9.72693101e-01 9.59818612e-01 6.91965791e-19 1.07611275e-17 1.40808814e-06 3.39725510e-07 3.39725510e-07 3.56292512e-03 3.56292512e-03 4.45770796e-04 1.65892684e-18 3.10624158e-03 1.21930459e-02 8.16977948e-03 4.86660228e-03 4.13503174e-03 4.06479113e-03 4.91465107e-03
1.29879880e-01 -2.06697975e+01 -2.06697975e+01 -2.50725134e-02 -6.80090837e-03 -6.80090152e-03 7.13254574e+01 7.13254574e+01 1.03685350e+02 1.73372523e+02 2.04118343e+02 2.71624428e+02 3.29082116e+02 4.27905778e+02 5.32445803e+02 6.38698071e+02 7.48707574e+02 4.11778304e-16 3.47941731e-16 4.22212753e-05 3.28805264e-13 1.09553716e-15 4.59223299e-27 1.33638204e-16 9.99675228e-01 1.49065630e-15 9.84101504e-01 7.17999032e-01 8.84670902e-01 9.60597502e-01 9.71697654e-01 9.72652623e-01 9.59703827e-01 3.89487842e-18 4.20596883e-18 1.40808814e-06 3.39725510e-07 3.39725510e-07 3.56292512e-03 3.56292512e-03 4.46314408e-04 2.37067353e-17 3.11051457e-03 1.21901496e-02 8.16506208e-03 4.86775130e-03 4.13717279e-03 4.06776099e-03 4.92152170e-03
1.30030030e-01 -2.06697975e+01 -2.06697975e+01 -2.50725139e-02 -6.80090258e-03 -6.80089543e-03 7.13254574e+01 7.13254574e+01 1.03684724e+02 1.73372523e+02 2.04108404e+02 2.71576045e+02 3.29090544e+02 4.27923692e+02 5.32468370e+02 6.38728414e+02 7.48764117e+02 5.94881503e-16 4.65653139e-16 4.22700861e-05 4.10285148e-13 1.23938726e-15 4.60133721e-27 2.18441711e-16 9.99674437e-01 4.95954045e-16 9.84057421e-01 7.18159569e-01 8.84812709e-01 9.60578645e-01 9.71668025e-01 9.72612209e-01 9.59588830e-01 1.39510134e-17 1.82325249e-18 1.40808814e-06 3.39725510e-07 3.39725510e-07 3.56292512e-03 3.56292512e-03 4.46858118e-04 6.65092548e-18 3.11478936e-03 1.21872487e-02 8.16034771e-03 4.86889254e-03 4.13930669e-03 4.07072384e-03 4.92839456e-03
1.30180180e-01 -2.06697975e+01 -2.06697975e+01 -2.50725140e-02 -6.80090143e-03 -6.80089432e-03 7.13254574e+01 7.13254574e+01 1.03684096e+02 1.73372523e+02 2.04098448e+02 2.71527678e+02 3.29098956e+02 4.27941596e+02 5.32490935e+02 6.38758769e+02 7.48820759e+02 2.45093221e-15 5.32752452e-16 4.23188968e-05 1.09974415e-15 3.29578436e-13 4.59714415e-27 4.13047006e-16 9.99673644e-01 3.63434429e-16 9.84013257e-01 7.18320288e-01 8.84954319e-01 9.60559911e-01 9.71638479e-01 9.72571860e-01 9.59473622e-01 1.22395303e-17 1.21744300e-18 1.40808814e-06 3.39725510e-07 3.39725510e-07 3.56292512e-03 3.56292512e-03 4.47401926e-04 5.67402138e-18 3.11906594e-03 1.21843432e-02 8.15563638e-03 4.87002602e-03 4.14143343e-03 4.07367965e-03 4.93526964e-03
1.30330330e-01 -2.06697975e+01 -2.06697975e+01 -2.50725137e-02 -6.80089662e-03 -6.80088622e-03 7.13254574e+01 7.13254574e+01 1.03683468e+02 1.73372523e+02 2.04088475e+02 2.71479327e+02 3.29107353e+02 4.27959491e+02 5.32513500e+02 6.38789135e+02 7.48877500e+02 5.01915808e-16 3.56366033e-16 4.23677075e-05 5.24264809e-16 2.43911531e-13 2.02168986e-29 9.46006396e-17 9.99672849e-01 9.77315144e-16 9.83969012e-01 7.18481188e-01 8.85095734e-01 9.60541301e-01 9.71609016e-01 9.72531577e-01 9.59358203e-01 7.01961011e-18 1.70592641e-17 1.40808814e-06 3.39725510e-07 3.39725510e-07 3.56292512e-03 3.56292512e-03 4.47945832e-04 3.48620434e-19 3.12334431e-03 1.21814330e-02 8.15092809e-03 4.87115176e-03 4.14355303e-03 4.07662843e-03 4.94214694e-03
1.30480480e-01 -2.06697975e+01 -2.06697975e+01 -2.50725137e-02 -6.80090263e-03 -6.80088741e-03 7.13254574e+01 7.13254574e+01 1.03682839e+02 1.73372523e+02 2.04078485e+02 2.71430993e+02 3.29115734e+02 4.27977375e+02 5.32536063e+02 6.38819512e+02 7.48934339e+02 3.34133528e-16 4.36626429e-16 4.24165182e-05 1.11227648e-16 4.54396469e-14 4.61363464e-27 1.91350881e-16 9.99672054e-01 1.58556132e-16 9.83924686e-01 7.18642269e-01 8.85236954e-01 9.60522814e-01 9.71579637e-01 9.72491359e-01 9.59242571e-01 6.52980685e-18 1.02394668e-17 1.40808814e-06 3.39725510e-07 3.39725510e-07 3.56292512e-03 3.56292512e-03 4.48489836e-04 5.03743252e-18 3.12762448e-03 1.21785182e-02 8.14622284e-03 4.87226978e-03 4.14566547e-03 4.07957016e-03 4.94902644e-03
1.30630631e-01 -2.06697975e+01 -2.06697975e+01 -2.50725139e-02 -6.80090083e-03 -6.80088188e-03 7.13254574e+01 7.13254574e+01 1.03682209e+02 1.73372523e+02 2.04068478e+02 2.71382674e+02 3.29124100e+02 4.27995250e+02 5.32558626e+02 6.38849900e+02 7.48991277e+02 9.51647789e-16 3.98102165e-16 4.24653289e-05 3.59691332e-14 3.79898770e-17 4.62280006e-27 2.44906529e-16 9.99671258e-01 5.01216068e-16 9.83880278e-01 7.18803531e-01 8.85377978e-01 9.60504449e-01 9.71550341e-01 9.72451206e-01 9.59126728e-01 3.05572885e-18 1.95400480e-18 1.40808814e-06 3.39725510e-07 3.39725510e-07 3.56292512e-03 3.56292512e-03 4.49033939e-04 9.73447628e-19 3.13190642e-03 1.21755988e-02 8.14152064e-03 4.87338009e-03 4.14777078e-03 4.08250484e-03 4.95590813e-03
1.30780781e-01 -2.06697975e+01 -2.06697975e+01 -2.50725140e-02 -6.80089691e-03 -6.80089239e-03 7.13254574e+01 7.13254574e+01 1.03681578e+02 1.73372523e+02 2.04058454e+02 2.71334373e+02 3.29132451e+02 4.28013114e+02 5.32581187e+02 6.38880300e+02 7.49048314e+02 6.18136804e-16 7.03670569e-16 4.25141397e-05 3.19100417e-16 3.60526924e-14 4.62528950e-27 1.23643986e-16 9.99670460e-01 3.02912409e-16 9.83835789e-01 7.18964974e-01 8.85518807e-01 9.60486207e-01 9.71521129e-01 9.72411120e-01 9.59010674e-01 3.15097648e-18 7.52585428e-18 1.40808814e-06 3.39725510e-07 3.39725510e-07 3.56292512e-03 3.56292512e-03 4.49578141e-04 1.03409964e-18 3.13619016e-03 1.21726748e-02 8.13682148e-03 4.87448271e-03 4.14986895e-03 4.08543246e-03 4.96279200e-03
1.30930931e-01 -2.06697975e+01 -2.06697975e+01 -2.50725147e-02 -6.80091248e-03 -6.80089092e-03 7.13254574e+01 7.13254574e+01 1.03680946e+02 1.73372523e+02 2.04048412e+02 2.71286088e+02 3.29140786e+02 4.28030969e+02 5.32603747e+02 6.38910710e+02 7.49105450e+02 1.82931972e-15 8.82647928e-16 4.25629504e-05 3.40948052e-13 3.68414583e-16 2.59675526e-16 4.63940217e-27 9.99669662e-01 4.94854400e-16 9.83791219e-01 7.19126595e-01 8.85659441e-01 9.60468088e-01 9.71492001e-01 9.72371101e-01 9.58894407e-01 5.63334445e-18 6.39143259e-18 1.40808814e-06 3.39725510e-07 3.39725510e-07 3.56292512e-03 3.56292512e-03 4.50122441e-04 5.27996707e-18 3.14047567e-03 1.21697461e-02 8.13212538e-03 4.87557765e-03 4.15195998e-03 4.08835301e-03 4.96967805e-03
1.31081081e-01 -2.06697975e+01 -2.06697975e+01 -2.50725142e-02 -6.80089464e-03 -6.80088713e-03 7.13254574e+01 7.13254574e+01 1.03680314e+02 1.73372523e+02 2.04038354e+02 2.71237819e+02 3.29149106e+02 4.28048813e+02 5.32626306e+02 6.38941131e+02 7.49162686e+02 3.24510030e-16 1.27217786e-15 4.26117611e-05 4.23103199e-13 1.17957298e-15 4.63519603e-27 2.19137727e-16 9.99668862e-01 7.38634344e-16 9.83746567e-01 7.19288396e-01 8.85799880e-01 9.60450092e-01 9.71462956e-01 9.72331148e-01 9.58777928e-01 2.21653778e-18 3.86622714e-18 1.40808814e-06 3.39725510e-07 3.39725510e-07 3.56292512e-03 3.56292512e-03 4.50666839e-04 1.08058516e-17 3.14476297e-03 1.21668128e-02 8.12743233e-03 4.87666494e-03 4.15404389e-03 4.09126649e-03 4.97656627e-03
1.31231231e-01 -2.06697975e+01 -2.06697975e+01 -2.50725138e-02 -6.80090602e-03 -6.80090161e-03 7.13254574e+01 7.13254574e+01 1.03679681e+02 1.73372523e+02 2.04028278e+02 2.71189567e+02 3.29157411e+02 4.28066647e+02 5.32648864e+02 6.38971563e+02 7.49220020e+02 5.39383767e-16 5.19507131e-16 4.26605718e-05 4.23567022e-13 2.08824541e-15 4.63835127e-27 1.45623054e-16 9.99668061e-01 4.61542206e-16 9.83701834e-01 7.19450376e-01 8.85940125e-01 9.60432217e-01 9.71433996e-01 9.72291262e-01 9.58661237e-01 1.80338552e-18 4.32213318e-18 1.40808814e-06 3.39725510e-07 3.39725510e-07 3.56292512e-03 3.56292512e-03 4.51211337e-04 7.37845560e-18 3.14905204e-03 1.21638750e-02 8.12274233e-03 4.87774458e-03 4.15612068e-03 4.09417289e-03 4.98345665e-03
1.31381381e-01 -2.06697975e+01 -2.06697975e+01 -2.50725147e-02 -6.80090475e-03 -6.80088548e-03 7.13254574e+01 7.13254574e+01 1.03679047e+02 1.73372523e+02 2.04018185e+02 2.71141332e+02 3.29165701e+02 4.28084472e+02 5.32671420e+02 6.39002006e+02 7.49277454e+02 9.74859980e-16 8.99088934e-16 4.27093826e-05 4.85060003e-16 4.24090484e-13 4.54158069e-21 1.69822383e-16 9.99667260e-01 7.27545138e-16 9.83657019e-01 7.19612535e-01 8.86080175e-01 9.60414464e-01 9.71405119e-01 9.72251444e-01 9.58544334e-01 1.81226593e-18 5.75859342e-18 1.40808814e-06 3.39725510e-07 3.39725510e-07 3.56292512e-03 3.56292512e-03 4.51755934e-04 1.24916848e-17 3.15334288e-03 1.21609325e-02 8.11805538e-03 4.87881660e-03 4.15819034e-03 4.09707220e-03 4.99034917e-03
1.31531532e-01 -2.06697975e+01 -2.06697975e+01 -2.50725138e-02 -6.80089972e-03 -6.80088962e-03 7.13254574e+01 7.13254574e+01 1.03678412e+02 1.73372523e+02 2.04008075e+02 2.71093113e+02 3.29173975e+02 4.28102286e+02 5.32693975e+02 6.39032459e+02 7.49334987e+02 1.38790006e-15 9.73026765e-16 4.27581933e-05 4.24541640e-13 8.89714915e-16 4.64336330e-27 3.22842872e-16 9.99666456e-01 1.92285266e-15 9.83612123e-01 7.19774871e-01 8.86220031e-01 9.60396834e-01 9.71376327e-01 9.72211693e-01 9.58427219e-01 3.61542251e-18 4.84682730e-18 1.40808814e-06 3.39725510e-07 3.39725510e-07 3.56292512e-03 3.56292512e-03 4.52300630e-04 2.50474045e-17 3.15763550e-03 1.21579854e-02 8.11337150e-03 4.87988100e-03 4.16025289e-03 4.09996442e-03 4.99724383e-03
1.31681682e-01 -2.06697975e+01 -2.06697975e+01 -2.50725147e-02 -6.80090891e-03 -6.80090227e-03 7.13254574e+01 7.13254574e+01 1.03677776e+02 1.73372523e+02 2.03997947e+02 2.71044912e+02 3.29182235e+02 4.28120090e+02 5.32716528e+02 6.39062923e+02 7.49392619e+02 4.30601736e-16 1.18163471e-15 4.28070040e-05 1.31777635e-15 4.24991980e-13 4.65016499e-27 1.53663387e-16 9.99665652e-01 5.08536843e-16 9.83567145e-01 7.19937384e-01 8.86359693e-01 9.60379325e-01 9.71347619e-01 9.72172011e-01 9.58309891e-01 3.26656909e-18 4.75233854e-18 1.40808814e-06 3.39725510e-07 3.39725510e-07 3.56292512e-03 3.56292512e-03 4.52845425e-04 5.87450501e-18 3.16192989e-03 1.21550337e-02 8.10869067e-03 4.88093781e-03 4.16230832e-03 4.10284953e-03 5.00414063e-03
1.31831832e-01 -2.06697975e+01 -2.06697975e+01 -2.50725136e-02 -6.80089009e-03 -6.80088333e-03 7.13254574e+01 7.13254574e+01 1.03677140e+02 1.73372523e+02 2.03987803e+02 2.70996727e+02 3.29190479e+02 4.28137883e+02 5.32739080e+02 6.39093397e+02 7.49450352e+02 3.32921976e-16 2.68333704e-16 4.28558147e-05 2.46755992e-13 7.80316110e-16 2.04978280e-29 1.22277350e-16 9.99664847e-01 1.17440213e-15 9.83522085e-01 7.20100075e-01 8.86499161e-01 9.60361937e-01 9.71318995e-01 9.72132397e-01 9.58192351e-01 5.81113591e-19 4.63365133e-18 1.40808814e-06 3.39725510e-07 3.39725510e-07 3.56292512e-03 3.56292512e-03 4.53390319e-04 1.43055878e-17 3.16622605e-03 1.21520774e-02 8.10401291e-03 4.88198705e-03 4.16435666e-03 4.10572753e-03 5.01103954e-03
1.31981982e-01 -2.06697975e+01 -2.06697975e+01 -2.50725142e-02 -6.80090041e-03 -6.80088922e-03 7.13254574e+01 7.13254574e+01 1.03676503e+02 1.73372523e+02 2.03977641e+02 2.70948559e+02 3.29198708e+02 4.28155667e+02 5.32761631e+02 6.39123881e+02 7.49508183e+02 2.21750683e-16 4.89123057e-16 4.29046254e-05 6.78497214e-16 3.43686973e-13 4.66197304e-27 1.92534099e-16 9.99664041e-01 6.74939115e-16 9.83476944e-01 7.20262942e-01 8.86638435e-01 9.60344671e-01 9.71290455e-01 9.72092851e-01 9.58074599e-01 8.54569187e-19 7.77322002e-18 1.40808814e-06 3.39725510e-07 3.39725510e-07 3.56292512e-03 3.56292512e-03 4.53935314e-04 5.18741304e-19 3.17052397e-03 1.21491165e-02 8.09933822e-03 4.88302873e-03 4.16639788e-03 4.10859841e-03 5.01794056e-03
1.32132132e-01 -2.06697975e+01 -2.06697975e+01 -2.50725138e-02 -6.80089267e-03 -6.80088670e-03 7.13254574e+01 7.13254574e+01 1.03675865e+02 1.73372523e+02 2.03967462e+02 2.70900408e+02 3.29206922e+02 4.28173440e+02 5.32784179e+02 6.39154376e+02 7.49566115e+02 7.20378688e-16 1.24030176e-15 4.29534362e-05 2.43041751e-15 6.59554820e-13 1.12518503e-16 4.64221159e-27 9.99663233e-01 3.77081688e-16 9.83431721e-01 7.20425985e-01 8.86777516e-01 9.60327526e-01 9.71262001e-01 9.72053375e-01 9.57956634e-01 3.79995005e-18 2.35700065e-18 1.40808814e-06 3.39725510e-07 3.39725510e-07 3.56292512e-03 3.56292512e-03 4.54480407e-04 1.12504091e-18 3.17482365e-03 1.21461510e-02 8.09466659e-03 4.88406286e-03 4.16843202e-03 4.11146217e-03 5.02484369e-03
1.32282282e-01 -2.06697975e+01 -2.06697975e+01 -2.50725139e-02 -6.80089575e-03 -6.80088806e-03 7.13254574e+01 7.13254574e+01 1.03675226e+02 1.73372523e+02 2.03957265e+02 2.70852274e+02 3.29215122e+02 4.28191203e+02 5.32806726e+02 6.39184881e+02 7.49624146e+02 3.38176013e-16 3.76069151e-16 4.30022469e-05 6.60361318e-13 1.90550006e-15 4.69393072e-23 1.18377439e-16 9.99662425e-01 3.40056271e-16 9.83386415e-01 7.20589204e-01 8.86916404e-01 9.60310501e-01 9.71233630e-01 9.72013968e-01 9.57838456e-01 1.12480333e-17 4.84925023e-18 1.40808814e-06 3.39725510e-07 3.39725510e-07 3.56292512e-03 3.56292512e-03 4.55025601e-04 1.01506617e-17 3.17912509e-03 1.21431810e-02 8.08999803e-03 4.88508946e-03 4.17045905e-03 4.11431879e-03 5.03174891e-03
1.32432432e-01 -2.06697975e+01 -2.06697975e+01 -2.50725144e-02 -6.80088908e-03 -6.80088510e-03 7.13254574e+01 7.13254574e+01 1.03674586e+02 1.73372523e+02 2.03947052e+02 2.70804157e+02 3.29223306e+02 4.28208956e+02 5.32829271e+02 6.39215396e+02 7.49682277e+02 1.10572083e-15 3.22589506e-16 4.30510576e-05 5.78519988e-13 3.20495939e-15 1.95314300e-16 4.68028223e-27 9.99661615e-01 6.60651711e-16 9.83341028e-01 7.20752598e-01 8.87055098e-01 9.60293598e-01 9.71205344e-01 9.71974630e-01 9.57720066e-01 9.75632362e-18 1.28729545e-17 1.40808814e-06 3.39725510e-07 3.39725510e-07 3.56292512e-03 3.56292512e-03 4.55570894e-04 5.45008794e-18 3.18342829e-03 1.21402063e-02 8.08533254e-03 4.88610855e-03 4.17247901e-03 4.11716828e-03 5.03865621e-03
1.32582583e-01 -2.06697975e+01 -2.06697975e+01 -2.50725146e-02 -6.80090222e-03 -6.80089206e-03 7.13254574e+01 7.13254574e+01 1.03673945e+02 1.73372523e+02 2.03936821e+02 2.70756058e+02 3.29231475e+02 4.28226698e+02 5.32851815e+02 6.39245921e+02 7.49740508e+02 1.69130456e-16 8.58895756e-16 4.30998683e-05 5.28273534e-16 2.48099433e-13 7.07650740e-17 2.06389124e-29 9.99660804e-01 8.23299086e-16 9.83295559e-01 7.20916167e-01 8.87193600e-01 9.60276815e-01 9.71177143e-01 9.71935363e-01 9.57601463e-01 7.73966177e-18 1.01149204e-17 1.40808814e-06 3.39725510e-07 3.39725510e-07 3.56292512e-03 3.56292512e-03 4.56116288e-04 5.79393319e-19 3.18773324e-03 1.21372270e-02 8.08067013e-03 4.88712015e-03 4.17449187e-03 4.12001062e-03 5.04556558e-03
1.32732733e-01 -2.06697975e+01 -2.06697975e+01 -2.50725132e-02 -6.80089829e-03 -6.80088889e-03 7.13254574e+01 7.13254574e+01 1.03673304e+02 1.73372523e+02 2.03926572e+02 2.70707975e+02 3.29239629e+02 4.28244430e+02 5.32874356e+02 6.39276456e+02 7.49798840e+02 4.44649802e-16 3.48649691e-16 4.31486791e-05 5.79793313e-13 1.29505407e-15 1.14099275e-16 4.68533582e-27 9.99659992e-01 8.93737457e-16 9.83250007e-01 7.21079910e-01 8.87331908e-01 9.60260152e-01 9.71149027e-01 9.71896165e-01 9.57482648e-01 1.16482344e-18 1.00350853e-18 1.40808814e-06 3.39725510e-07 3.39725510e-07 3.56292512e-03 3.56292512e-03 4.56661782e-04 3.89724699e-18 3.19203995e-03 1.21342432e-02 8.07601079e-03 4.88812427e-03 4.17649766e-03 4.12284581e-03 5.05247702e-03
1.32882883e-01 -2.06697975e+01 -2.06697975e+01 -2.50725148e-02 -6.80091496e-03 -6.80088906e-03 7.13254574e+01 7.13254574e+01 1.03672662e+02 1.73372523e+02 2.03916306e+02 2.70659910e+02 3.29247769e+02 4.28262151e+02 5.32896896e+02 6.39307000e+02 7.49857271e+02 1.81785029e-16 4.70786790e-16 4.31974898e-05 6.63334725e-13 5.39178323e-16 4.70784704e-27 1.15916497e-16 9.99659179e-01 4.16016954e-16 9.83204374e-01 7.21243827e-01 8.87470025e-01 9.60243609e-01 9.71120996e-01 9.71857039e-01 9.57363619e-01 3.75805244e-18 5.58153668e-18 1.40808814e-06 3.39725510e-07 3.39725510e-07 3.56292512e-03 3.56292512e-03 4.57207376e-04 1.47704431e-18 3.19634840e-03 1.21312548e-02 8.07135453e-03 4.88912092e-03 4.17849637e-03 4.12567385e-03 5.05939052e-03
1.33033033e-01 -2.06697975e+01 -2.06697975e+01 -2.50725148e-02 -6.80089937e-03 -6.80089022e-03 7.13254574e+01 7.13254574e+01 1.03672019e+02 1.73372523e+02 2.03906023e+02 2.70611862e+02 3.29255893e+02 4.28279862e+02 5.32919433e+02 6.39337554e+02 7.49915803e+02 3.60218228e-16 1.55524856e-16 4.32463005e-05 1.35527524e-15 5.81115723e-13 4.71723416e-27 3.91962382e-16 9.99658365e-01 2.67100193e-16 9.83158658e-01 7.21407917e-01 8.87607948e-01 9.60227187e-01 9.71093050e-01 9.71817983e-01 9.57244378e-01 2.85589531e-18 4.17383228e-18 1.40808814e-06 3.39725510e-07 3.39725510e-07 3.56292512e-03 3.56292512e-03 4.57753070e-04 2.49599932e-18 3.20065860e-03 1.21282618e-02 8.06670135e-03 4.89011013e-03 4.18048802e-03 4.12849471e-03 5.06630606e-03
1.33183183e-01 -2.06697975e+01 -2.06697975e+01 -2.50725143e-02 -6.80090457e-03 -6.80089272e-03 7.13254574e+01 7.13254574e+01 1.03671375e+02 1.73372523e+02 2.03895723e+02 2.70563832e+02 3.29264003e+02 4.28297563e+02 5.32941969e+02 6.39368118e+02 7.49974435e+02 3.48866053e-16 6.96787505e-16 4.32951112e-05 6.64734695e-13 1.19974680e-15 4.71291906e-27 3.63902230e-16 9.99657550e-01 9.05493929e-16 9.83112860e-01 7.21572180e-01 8.87745680e-01 9.60210884e-01 9.71065188e-01 9.71778998e-01 9.57124924e-01 2.81091557e-18 1.56449616e-17 1.40808814e-06 3.39725510e-07 3.39725510e-07 3.56292512e-03 3.56292512e-03 4.58298865e-04 1.03022550e-17 3.20497054e-03 1.21252642e-02 8.06205125e-03 4.89109191e-03 4.18247260e-03 4.13130840e-03 5.07322363e-03
1.33333333e-01 -2.06697975e+01 -2.06697975e+01 -2.50725131e-02 -6.80088732e-03 -6.80088482e-03 7.13254574e+01 7.13254574e+01 1.03670731e+02 1.73372523e+02 2.03885405e+02 2.70515819e+02 3.29272098e+02 4.28315253e+02 5.32964502e+02 6.39398691e+02 7.50033167e+02 1.44440854e-16 3.81029582e-16 4.33439220e-05 5.08666427e-15 5.82393231e-13 4.72232887e-27 1.50163682e-16 9.99656733e-01 6.67826590e-16 9.83066980e-01 7.21736616e-01 8.87883220e-01 9.60194701e-01 9.71037412e-01 9.71740084e-01 9.57005257e-01 7.22435567e-18 1.21922655e-18 1.40808814e-06 3.39725510e-07 3.39725510e-07 3.56292512e-03 3.56292512e-03 4.58844761e-04 1.47602942e-17 3.20928423e-03 1.21222621e-02 8.05740424e-03 4.89206628e-03 4.18445012e-03 4.13411492e-03 5.08014323e-03
1.33483483e-01 -2.06697975e+01 -2.06697975e+01 -2.50725143e-02 -6.80089656e-03 -6.80089526e-03 7.13254574e+01 7.13254574e+01 1.03670085e+02 1.73372523e+02 2.03875069e+02 2.70467824e+02 3.29280178e+02 4.28332933e+02 5.32987033e+02 6.39429274e+02 7.50092000e+02 2.34498771e-16 1.76520313e-16 4.33927327e-05 9.75495697e-15 5.82988279e-13 4.72487911e-27 3.04580348e-16 9.99655916e-01 4.71248604e-16 9.83021017e-01 7.21901224e-01 8.88020567e-01 9.60178637e-01 9.71009722e-01 9.71701243e-01 9.56885377e-01 7.99670937e-19 1.13099745e-18 1.40808814e-06 3.39725510e-07 3.39725510e-07 3.56292512e-03 3.56292512e-03 4.59390757e-04 1.02113137e-17 3.21359965e-03 1.21192553e-02 8.05276031e-03 4.89303325e-03 4.18642058e-03 4.13691425e-03 5.08706485e-03
1.33633634e-01 -2.06697975e+01 -2.06697975e+01 -2.50725142e-02 -6.80091309e-03 -6.80089340e-03 7.13254574e+01 7.13254574e+01 1.03669439e+02 1.73372523e+02 2.03864716e+02 2.70419846e+02 3.29288243e+02 4.28350602e+02 5.33009562e+02 6.39459866e+02 7.50150933e+02 5.33542694e-16 4.70994258e-16 4.34415434e-05 6.49503857e-16 6.67106120e-13 4.72054149e-27 1.89891437e-16 9.99655097e-01 4.55531107e-16 9.82974972e-01 7.22066003e-01 8.88157723e-01 9.60162693e-01 9.70982116e-01 9.71662473e-01 9.56765283e-01 1.53081736e-18 3.25235834e-18 1.40808814e-06 3.39725510e-07 3.39725510e-07 3.56292512e-03 3.56292512e-03 4.59936854e-04 1.65892684e-18 3.21791680e-03 1.21162440e-02 8.04811947e-03 4.89399283e-03 4.18838400e-03 4.13970638e-03 5.09398847e-03
1.33783784e-01 -2.06697975e+01 -2.06697975e+01 -2.50725146e-02 -6.80089729e-03 -6.80089714e-03 7.13254574e+01 7.13254574e+01 1.03668792e+02 1.73372523e+02 2.03854346e+02 2.70371886e+02 3.29296294e+02 4.28368260e+02 5.33032089e+02 6.39490467e+02 7.50209967e+02 2.07342039e-16 1.67537611e-16 4.34903541e-05 9.14956009e-14 6.19458068e-13 1.68831354e-16 4.72653575e-27 9.99654277e-01 9.48910542e-16 9.82928844e-01 7.22230954e-01 8.88294688e-01 9.60146867e-01 9.70954596e-01 9.71623776e-01 9.56644977e-01 1.63075588e-18 1.61944488e-18 1.40808814e-06 3.39725510e-07 3.39725510e-07 3.56292512e-03 3.56292512e-03 4.60483052e-04 6.86309726e-18 3.22223569e-03 1.21132282e-02 8.04348171e-03 4.89494506e-03 4.19034037e-03 4.14249132e-03 5.10091409e-03
1.33933934e-01 -2.06697975e+01 -2.06697975e+01 -2.50725141e-02 -6.80089911e-03 -6.80088938e-03 7.13254574e+01 7.13254574e+01 1.03668144e+02 1.73372523e+02 2.03843958e+02 2.70323944e+02 3.29304330e+02 4.28385908e+02 5.33054613e+02 6.39521078e+02 7.50269102e+02 3.74694250e-16 4.33941973e-16 4.35391648e-05 5.38104187e-16 2.50607957e-13 2.08939147e-29 3.23154559e-16 9.99653456e-01 5.44406923e-16 9.82882634e-01 7.22396075e-01 8.88431462e-01 9.60131160e-01 9.70927162e-01 9.71585151e-01 9.56524457e-01 5.75906525e-18 1.59332708e-18 1.40808814e-06 3.39725510e-07 3.39725510e-07 3.56292512e-03 3.56292512e-03 4.61029352e-04 1.08479026e-17 3.22655631e-03 1.21102078e-02 8.03884705e-03 4.89588993e-03 4.19228970e-03 4.14526905e-03 5.10784170e-03
1.34084084e-01 -2.06697975e+01 -2.06697975e+01 -2.50725137e-02 -6.80089651e-03 -6.80089019e-03 7.13254574e+01 7.13254574e+01 1.03667496e+02 1.73372523e+02 2.03833553e+02 2.70276019e+02 3.29312351e+02 4.28403545e+02 5.33077135e+02 6.39551697e+02 7.50328338e+02 3.53051280e-16 3.62679181e-16 4.35879756e-05 6.69355402e-13 2.30180734e-15 3.15995330e-16 4.72818126e-27 9.99652634e-01 8.88566704e-16 9.82836341e-01 7.22561367e-01 8.88568044e-01 9.60115572e-01 9.70899813e-01 9.71546600e-01 9.56403724e-01 3.84246300e-18 8.48181322e-18 1.40808814e-06 3.39725510e-07 3.39725510e-07 3.56292512e-03 3.56292512e-03 4.61575753e-04 1.03022550e-17 3.23087865e-03 1.21071828e-02 8.03421548e-03 4.89682747e-03 4.19423199e-03 4.14803957e-03 5.11477128e-03
1.34234234e-01 -2.06697975e+01 -2.06697975e+01 -2.50725140e-02 -6.80089784e-03 -6.80089062e-03 7.13254574e+01 7.13254574e+01 1.03666846e+02 1.73372523e+02 2.03823130e+02 2.70228113e+02 3.29320358e+02 4.28421172e+02 5.33099655e+02 6.39582325e+02 7.50387674e+02 1.89745323e-16 3.64193007e-16 4.36367863e-05 1.71376983e-15 5.86349249e-13 4.73765931e-27 2.01287346e-16 9.99651811e-01 7.57017992e-16 9.82789966e-01 7.22726829e-01 8.88704436e-01 9.60100103e-01 9.70872549e-01 9.71508122e-01 9.56282778e-01 8.88756035e-19 6.49264285e-18 1.40808814e-06 3.39725510e-07 3.39725510e-07 3.56292512e-03 3.56292512e-03 4.62122255e-04 1.10786754e-17 3.23520271e-03 1.21041532e-02 8.02958701e-03 4.89775770e-03 4.19616726e-03 4.15080287e-03 5.12170283e-03
1.34384384e-01 -2.06697975e+01 -2.06697975e+01 -2.50725145e-02 -6.80090226e-03 -6.80089959e-03 7.13254574e+01 7.13254574e+01 1.03666196e+02 1.73372523e+02 2.03812689e+02 2.70180224e+02 3.29328350e+02 4.28438788e+02 5.33122172e+02 6.39612962e+02 7.50447112e+02 4.00498884e-16 5.51420816e-16 4.36855970e-05 5.48430565e-15 6.70831511e-13 2.87470058e-16 4.82787748e-27 9.99650987e-01 2.57102858e-16 9.82743508e-01 7.22892460e-01 8.88840637e-01 9.60084751e-01 9.70845371e-01 9.71469717e-01 9.56161618e-01 6.22684422e-18 6.68865084e-18 1.40808814e-06 3.39725510e-07 3.39725510e-07 3.56292512e-03 3.56292512e-03 4.62668858e-04 3.12082652e-18 3.23952850e-03 1.21011191e-02 8.02496164e-03 4.89868062e-03 4.19809550e-03 4.15355894e-03 5.12863634e-03
1.34534535e-01 -2.06697975e+01 -2.06697975e+01 -2.50725153e-02 -6.80091085e-03 -6.80089535e-03 7.13254574e+01 7.13254574e+01 1.03665545e+02 1.73372523e+02 2.03802231e+02 2.70132353e+02 3.29336327e+02 4.28456393e+02 5.33144686e+02 6.39643608e+02 7.50506651e+02 4.18810350e-16 9.58498768e-16 4.37344077e-05 6.71645529e-13 9.44422680e-16 1.81616908e-16 4.90358335e-23 9.99650161e-01 7.07285712e-16 9.82696967e-01 7.23058260e-01 8.88976647e-01 9.60069518e-01 9.70818279e-01 9.71431386e-01 9.56040245e-01 1.22951319e-18 4.00879073e-18 1.40808814e-06 3.39725510e-07 3.39725510e-07 3.56292512e-03 3.56292512e-03 4.63215564e-04 1.23098022e-17 3.24385600e-03 1.20980805e-02 8.02033936e-03 4.89959627e-03 4.20001672e-03 4.15630779e-03 5.13557180e-03
1.34684685e-01 -2.06697975e+01 -2.06697975e+01 -2.50725142e-02 -6.80090337e-03 -6.80089087e-03 7.13254574e+01 7.13254574e+01 1.03664893e+02 1.73372523e+02 2.03791756e+02 2.70084500e+02 3.29344290e+02 4.28473987e+02 5.33167198e+02 6.39674263e+02 7.50566290e+02 2.08514390e-16 6.00456962e-16 4.37832185e-05 5.19541659e-16 2.52019233e-13 2.10361706e-29 1.42234710e-16 9.99649335e-01 9.10962004e-16 9.82650343e-01 7.23224228e-01 8.89112467e-01 9.60054402e-01 9.70791273e-01 9.71393129e-01 9.55918659e-01 1.52269783e-18 1.21647517e-17 1.40808814e-06 3.39725510e-07 3.39725510e-07 3.56292512e-03 3.56292512e-03 4.63762371e-04 9.43158378e-19 3.24818522e-03 1.20950373e-02 8.01572018e-03 4.90050464e-03 4.20193092e-03 4.15904940e-03 5.14250919e-03
1.34834835e-01 -2.06697975e+01 -2.06697975e+01 -2.50725129e-02 -6.80088805e-03 -6.80088481e-03 7.13254574e+01 7.13254574e+01 1.03664240e+02 1.73372523e+02 2.03781263e+02 2.70036665e+02 3.29352239e+02 4.28491571e+02 5.33189707e+02 6.39704926e+02 7.50626031e+02 1.96316941e-16 3.76749513e-16 4.38320292e-05 6.73062672e-13 4.55902883e-15 4.93060311e-27 1.34640482e-16 9.99648507e-01 3.08243783e-16 9.82603636e-01 7.23390365e-01 8.89248097e-01 9.60039405e-01 9.70764353e-01 9.71354947e-01 9.55796859e-01 2.11362561e-18 1.10745675e-18 1.40808814e-06 3.39725510e-07 3.39725510e-07 3.56292512e-03 3.56292512e-03 4.64309280e-04 5.40119758e-18 3.25251615e-03 1.20919895e-02 8.01110411e-03 4.90140577e-03 4.20383812e-03 4.16178376e-03 5.14944851e-03
1.34984985e-01 -2.06697975e+01 -2.06697975e+01 -2.50725142e-02 -6.80090971e-03 -6.80089156e-03 7.13254574e+01 7.13254574e+01 1.03663587e+02 1.73372523e+02 2.03770752e+02 2.69988849e+02 3.29360173e+02 4.28509144e+02 5.33212213e+02 6.39735598e+02 7.50685874e+02 3.72687664e-16 4.78316238e-16 4.38808399e-05 5.89623030e-13 7.38566115e-16 2.50944823e-16 4.94014092e-27 9.99647678e-01 1.09039962e-15 9.82556847e-01 7.23556669e-01 8.89383537e-01 9.60024524e-01 9.70737519e-01 9.71316839e-01 9.55674845e-01 5.55843089e-18 6.65843329e-18 1.40808814e-06 3.39725510e-07 3.39725510e-07 3.56292512e-03 3.56292512e-03 4.64856291e-04 7.01469054e-18 3.25684879e-03 1.20889372e-02 8.00649113e-03 4.90229966e-03 4.20573831e-03 4.16451087e-03 5.15638975e-03
1.35135135e-01 -2.06697975e+01 -2.06697975e+01 -2.50725141e-02 -6.80091056e-03 -6.80088677e-03 7.13254574e+01 7.13254574e+01 1.03662933e+02 1.73372523e+02 2.03760223e+02 2.69941050e+02 3.29368092e+02 4.28526706e+02 5.33234717e+02 6.39766278e+02 7.50745818e+02 3.96529420e-16 7.00425119e-16 4.39296506e-05 6.74558123e-13 7.00712259e-16 9.99624500e-17 4.93576018e-27 9.99646848e-01 3.23630563e-16 9.82509974e-01 7.23723141e-01 8.89518788e-01 9.60009761e-01 9.70710771e-01 9.71278807e-01 9.55552618e-01 3.56112675e-18 6.92338417e-18 1.40808814e-06 3.39725510e-07 3.39725510e-07 3.56292512e-03 3.56292512e-03 4.65403404e-04 9.16206943e-18 3.26118313e-03 1.20858803e-02 8.00188127e-03 4.90318633e-03 4.20763150e-03 4.16723073e-03 5.16333290e-03
1.35285285e-01 -2.06697975e+01 -2.06697975e+01 -2.50725139e-02 -6.80090392e-03 -6.80089042e-03 7.13254574e+01 7.13254574e+01 1.03662277e+02 1.73372523e+02 2.03749677e+02 2.69893270e+02 3.29375998e+02 4.28544257e+02 5.33257217e+02 6.39796966e+02 7.50805863e+02 8.45541073e-16 7.17525759e-16 4.39784613e-05 6.33137675e-13 1.00441080e-15 4.94183125e-27 1.09212359e-16 9.99646017e-01 7.42558065e-16 9.82463019e-01 7.23889779e-01 8.89653849e-01 9.59995115e-01 9.70684109e-01 9.71240850e-01 9.55430177e-01 5.61561179e-18 2.00578811e-18 1.40808814e-06 3.39725510e-07 3.39725510e-07 3.56292512e-03 3.56292512e-03 4.65950619e-04 4.91620201e-18 3.26551918e-03 1.20828189e-02 7.99727451e-03 4.90406580e-03 4.20951769e-03 4.16994333e-03 5.17027795e-03
1.35435435e-01 -2.06697975e+01 -2.06697975e+01 -2.50725146e-02 -6.80088921e-03 -6.80088291e-03 7.13254574e+01 7.13254574e+01 1.03661621e+02 1.73372523e+02 2.03739113e+02 2.69845508e+02 3.29383888e+02 4.28561797e+02 5.33279715e+02 6.39827663e+02 7.50866010e+02 1.42560972e-16 2.49589684e-16 4.40272721e-05 6.76096948e-13 2.39568076e-15 4.94092510e-27 3.37064835e-16 9.99645185e-01 2.65011019e-16 9.82415980e-01 7.24056584e-01 8.89788720e-01 9.59980586e-01 9.70657533e-01 9.71202968e-01 9.55307523e-01 1.80409374e-18 4.31721300e-18 1.40808814e-06 3.39725510e-07 3.39725510e-07 3.56292512e-03 3.56292512e-03 4.66497937e-04 3.54524359e-18 3.26985692e-03 1.20797530e-02 7.99267086e-03 4.90493808e-03 4.21139690e-03 4.17264866e-03 5.17722488e-03
1.35585586e-01 -2.06697975e+01 -2.06697975e+01 -2.50725144e-02 -6.80091568e-03 -6.80089212e-03 7.13254574e+01 7.13254574e+01 1.03660965e+02 1.73372523e+02 2.03728532e+02 2.69797765e+02 3.29391765e+02 4.28579327e+02 5.33302210e+02 6.39858367e+02 7.50926259e+02 3.31320389e-16 6.61547681e-16 4.40760828e-05 6.76867290e-13 6.41447696e-16 2.00146391e-16 4.94351052e-27 9.99644351e-01 3.66566005e-16 9.82368859e-01 7.24223555e-01 8.89923403e-01 9.59966173e-01 9.70631043e-01 9.71165162e-01 9.55184655e-01 4.50857412e-18 5.76467236e-18 1.40808814e-06 3.39725510e-07 3.39725510e-07 3.56292512e-03 3.56292512e-03 4.67045358e-04 8.15487608e-18 3.27419636e-03 1.20766825e-02 7.98807032e-03 4.90580319e-03 4.21326912e-03 4.17534671e-03 5.18417369e-03
1.35735736e-01 -2.06697975e+01 -2.06697975e+01 -2.50725149e-02 -6.80089487e-03 -6.80089437e-03 7.13254574e+01 7.13254574e+01 1.03660307e+02 1.73372523e+02 2.03717932e+02 2.69750040e+02 3.29399627e+02 4.28596845e+02 5.33324702e+02 6.39889080e+02 7.50986609e+02 7.47831798e-15 2.87083257e-15 4.41248935e-05 6.76928405e-13 2.96978870e-14 8.01106854e-20 2.91248584e-17 9.99643517e-01 4.34192609e-16 9.82321654e-01 7.24390691e-01 8.90057896e-01 9.59951877e-01 9.70604640e-01 9.71127433e-01 9.55061573e-01 1.25931290e-17 1.85451868e-18 1.40808814e-06 3.39725510e-07 3.39725510e-07 3.56292512e-03 3.56292512e-03 4.67592881e-04 2.26522644e-18 3.27853749e-03 1.20736075e-02 7.98347290e-03 4.90666115e-03 4.21513437e-03 4.17803749e-03 5.19112437e-03
1.35885886e-01 -2.06697975e+01 -2.06697975e+01 -2.50725143e-02 -6.80089376e-03 -6.80088773e-03 7.13254574e+01 7.13254574e+01 1.03659649e+02 1.73372523e+02 2.03707315e+02 2.69702333e+02 3.29407474e+02 4.28614353e+02 5.33347190e+02 6.39919801e+02 7.51047061e+02 3.30880384e-16 3.96041636e-16 4.41737042e-05 2.47216483e-15 6.78299086e-13 1.03198466e-16 5.05176188e-23 9.99642681e-01 7.61479277e-16 9.82274366e-01 7.24557992e-01 8.90192201e-01 9.59937697e-01 9.70578323e-01 9.71089780e-01 9.54938278e-01 1.50710800e-18 2.94745782e-18 1.40808814e-06 3.39725510e-07 3.39725510e-07 3.56292512e-03 3.56292512e-03 4.68140507e-04 4.26101205e-18 3.28288031e-03 1.20705280e-02 7.97887859e-03 4.90751197e-03 4.21699264e-03 4.18072098e-03 5.19807691e-03
1.36036036e-01 -2.06697975e+01 -2.06697975e+01 -2.50725152e-02 -6.80090310e-03 -6.80089708e-03 7.13254574e+01 7.13254574e+01 1.03658989e+02 1.73372523e+02 2.03696680e+02 2.69654645e+02 3.29415308e+02 4.28631849e+02 5.33369676e+02 6.39950529e+02 7.51107615e+02 2.55836539e-16 5.00457305e-16 4.42225150e-05 2.43124784e-15 6.79070945e-13 4.95127860e-27 2.39096402e-16 9.99641845e-01 9.35186918e-16 9.82226994e-01 7.24725458e-01 8.90326318e-01 9.59923634e-01 9.70552093e-01 9.71052204e-01 9.54814768e-01 6.93325013e-18 3.62907536e-18 1.40808814e-06 3.39725510e-07 3.39725510e-07 3.56292512e-03 3.56292512e-03 4.68688235e-04 8.68876200e-18 3.28722482e-03 1.20674439e-02 7.97428739e-03 4.90835567e-03 4.21884395e-03 4.18339718e-03 5.20503129e-03
1.36186186e-01 -2.06697975e+01 -2.06697975e+01 -2.50725152e-02 -6.80089366e-03 -6.80088553e-03 7.13254574e+01 7.13254574e+01 1.03658329e+02 1.73372523e+02 2.03686028e+02 2.69606976e+02 3.29423127e+02 4.28649335e+02 5.33392158e+02 6.39981265e+02 7.51168271e+02 2.74874656e-16 2.48030182e-16 4.42713257e-05 6.47189701e-16 2.54837623e-13 2.47808497e-16 2.13219535e-29 9.99641007e-01 7.95630653e-16 9.82179540e-01 7.24893088e-01 8.90460246e-01 9.59909686e-01 9.70525949e-01 9.71014704e-01 9.54691045e-01 3.31930786e-18 3.47238620e-18 1.40808814e-06 3.39725510e-07 3.39725510e-07 3.56292512e-03 3.56292512e-03 4.69236067e-04 6.92374928e-18 3.29157101e-03 1.20643554e-02 7.96969931e-03 4.90919226e-03 4.22068829e-03 4.18606608e-03 5.21198751e-03
1.36336336e-01 -2.06697975e+01 -2.06697975e+01 -2.50725142e-02 -6.80089414e-03 -6.80088948e-03 7.13254574e+01 7.13254574e+01 1.03657668e+02 1.73372523e+02 2.03675358e+02 2.69559325e+02 3.29430932e+02 4.28666809e+02 5.33414638e+02 6.40012009e+02 7.51229030e+02 3.37170717e-16 2.01029830e-16 4.43201364e-05 3.15809687e-15 6.80531360e-13 1.77223468e-16 4.95646719e-27 9.99640168e-01 1.55024094e-16 9.82132002e-01 7.25060882e-01 8.90593986e-01 9.59895853e-01 9.70499891e-01 9.70977283e-01 9.54567108e-01 3.37528342e-18 4.46685657e-19 1.40808814e-06 3.39725510e-07 3.39725510e-07 3.56292512e-03 3.56292512e-03 4.69784002e-04 3.81806739e-18 3.29591888e-03 1.20612622e-02 7.96511435e-03 4.91002177e-03 4.22252567e-03 4.18872768e-03 5.21894556e-03
1.36486486e-01 -2.06697975e+01 -2.06697975e+01 -2.50725138e-02 -6.80089123e-03 -6.80088087e-03 7.13254574e+01 7.13254574e+01 1.03657007e+02 1.73372523e+02 2.03664669e+02 2.69511693e+02 3.29438722e+02 4.28684273e+02 5.33437113e+02 6.40042761e+02 7.51289890e+02 5.61312563e-16 8.82228580e-16 4.43689471e-05 6.81343358e-13 1.38750445e-15 3.26693132e-16 4.95906445e-27 9.99639327e-01 2.53931580e-16 9.82084380e-01 7.25228839e-01 8.90727538e-01 9.59882137e-01 9.70473920e-01 9.70939938e-01 9.54442957e-01 5.70199823e-18 1.55598112e-17 1.40808814e-06 3.39725510e-07 3.39725510e-07 3.56292512e-03 3.56292512e-03 4.70332040e-04 1.71957885e-18 3.30026842e-03 1.20581646e-02 7.96053251e-03 4.91084420e-03 4.22435611e-03 4.19138197e-03 5.22590542e-03
1.36636637e-01 -2.06697975e+01 -2.06697975e+01 -2.50725146e-02 -6.80089664e-03 -6.80088628e-03 7.13254574e+01 7.13254574e+01 1.03656344e+02 1.73372523e+02 2.03653963e+02 2.69464080e+02 3.29446499e+02 4.28701725e+02 5.33459586e+02 6.40073519e+02 7.51350853e+02 8.97981861e-16 8.07461219e-16 4.44177579e-05 1.50538471e-15 6.82112595e-13 2.10430284e-16 4.96166369e-27 9.99638486e-01 1.02743607e-15 9.82036675e-01 7.25396959e-01 8.90860902e-01 9.59868535e-01 9.70448036e-01 9.70902672e-01 9.54318592e-01 4.59538164e-18 2.25106538e-18 1.40808814e-06 3.39725510e-07 3.39725510e-07 3.56292512e-03 3.56292512e-03 4.70880182e-04 3.57553284e-18 3.30461964e-03 1.20550624e-02 7.95595379e-03 4.91165957e-03 4.22617960e-03 4.19402895e-03 5.23286709e-03
1.36786787e-01 -2.06697975e+01 -2.06697975e+01 -2.50725153e-02 -6.80090428e-03 -6.80088970e-03 7.13254574e+01 7.13254574e+01 1.03655681e+02 1.73372523e+02 2.03643240e+02 2.69416486e+02 3.29454261e+02 4.28719167e+02 5.33482055e+02 6.40104286e+02 7.51411918e+02 2.53739179e-16 3.19046983e-16 4.44665686e-05 5.97507728e-13 8.74235010e-16 5.08862087e-23 2.87793863e-16 9.99637644e-01 1.11323795e-15 9.81988887e-01 7.25565242e-01 8.90994078e-01 9.59855049e-01 9.70422239e-01 9.70865484e-01 9.54194013e-01 1.01399319e-18 3.91807303e-18 1.40808814e-06 3.39725510e-07 3.39725510e-07 3.56292512e-03 3.56292512e-03 4.71428427e-04 8.59782074e-18 3.30897253e-03 1.20519558e-02 7.95137819e-03 4.91246790e-03 4.22799615e-03 4.19666861e-03 5.23983055e-03
1.36936937e-01 -2.06697975e+01 -2.06697975e+01 -2.50725145e-02 -6.80089405e-03 -6.80089360e-03 7.13254574e+01 7.13254574e+01 1.03655017e+02 1.73372523e+02 2.03632498e+02 2.69368910e+02 3.29462010e+02 4.28736597e+02 5.33504521e+02 6.40135059e+02 7.51473085e+02 2.25239804e-16 3.44388567e-16 4.45153793e-05 5.97498614e-13 2.85583906e-14 4.97395216e-27 2.04408439e-16 9.99636800e-01 4.47770620e-16 9.81941015e-01 7.25733686e-01 8.91127068e-01 9.59841677e-01 9.70396528e-01 9.70828375e-01 9.54069220e-01 5.30448125e-18 1.33498975e-18 1.40808814e-06 3.39725510e-07 3.39725510e-07 3.56292512e-03 3.56292512e-03 4.71976776e-04 1.04234855e-17 3.31332709e-03 1.20488446e-02 7.94680572e-03 4.91326921e-03 4.22980576e-03 4.19930094e-03 5.24679580e-03
1.37087087e-01 -2.06697975e+01 -2.06697975e+01 -2.50725139e-02 -6.80089673e-03 -6.80089582e-03 7.13254574e+01 7.13254574e+01 1.03654352e+02 1.73372523e+02 2.03621738e+02 2.69321354e+02 3.29469744e+02 4.28754016e+02 5.33526983e+02 6.40165840e+02 7.51534355e+02 2.66910552e-16 5.09374257e-16 4.45641900e-05 1.63249603e-14 6.84119595e-13 3.86927454e-16 4.96947329e-27 9.99635955e-01 5.05723073e-16 9.81893059e-01 7.25902293e-01 8.91259870e-01 9.59828420e-01 9.70370904e-01 9.70791344e-01 9.53944213e-01 7.76595272e-18 8.71504046e-18 1.40808814e-06 3.39725510e-07 3.39725510e-07 3.56292512e-03 3.56292512e-03 4.72525229e-04 1.13514992e-17 3.31768330e-03 1.20457289e-02 7.94223638e-03 4.91406350e-03 4.23160845e-03 4.20192594e-03 5.25376283e-03
1.37237237e-01 -2.06697975e+01 -2.06697975e+01 -2.50725146e-02 -6.80090132e-03 -6.80088314e-03 7.13254574e+01 7.13254574e+01 1.03653686e+02 1.73372523e+02 2.03610961e+02 2.69273816e+02 3.29477464e+02 4.28771424e+02 5.33549441e+02 6.40196628e+02 7.51595727e+02 4.48002122e-16 8.12594084e-16 4.46130007e-05 6.85115133e-13 8.51494720e-16 2.38723034e-16 4.97208045e-27 9.99635109e-01 7.36019226e-16 9.81845020e-01 7.26071060e-01 8.91392485e-01 9.59815277e-01 9.70345367e-01 9.70754392e-01 9.53818993e-01 1.32394498e-18 2.97454030e-18 1.40808814e-06 3.39725510e-07 3.39725510e-07 3.56292512e-03 3.56292512e-03 4.73073785e-04 1.36807607e-17 3.32204118e-03 1.20426086e-02 7.93767016e-03 4.91485081e-03 4.23340421e-03 4.20454361e-03 5.26073162e-03
1.37387387e-01 -2.06697975e+01 -2.06697975e+01 -2.50725143e-02 -6.80090132e-03 -6.80089252e-03 7.13254574e+01 7.13254574e+01 1.03653019e+02 1.73372523e+02 2.03600165e+02 2.69226298e+02 3.29485170e+02 4.28788821e+02 5.33571896e+02 6.40227422e+02 7.51657203e+02 4.46584051e-16 1.75657099e-16 4.46618115e-05 6.85857054e-13 1.65159038e-15 4.97468960e-27 2.21813980e-16 9.99634262e-01 1.37611513e-16 9.81796897e-01 7.26239988e-01 8.91524913e-01 9.59802249e-01 9.70319917e-01 9.70717519e-01 9.53693558e-01 9.17968819e-18 4.62733363e-18 1.40808814e-06 3.39725510e-07 3.39725510e-07 3.56292512e-03 3.56292512e-03 4.73622446e-04 2.61722984e-18 3.32640071e-03 1.20394839e-02 7.93310707e-03 4.91563114e-03 4.23519306e-03 4.20715393e-03 5.26770216e-03
1.37537538e-01 -2.06697975e+01 -2.06697975e+01 -2.50725141e-02 -6.80090494e-03 -6.80089683e-03 7.13254574e+01 7.13254574e+01 1.03652352e+02 1.73372523e+02 2.03589352e+02 2.69178799e+02 3.29492863e+02 4.28806206e+02 5.33594347e+02 6.40258224e+02 7.51718780e+02 3.61805680e-16 3.08651551e-16 4.47106222e-05 6.00806121e-13 1.66975833e-15 4.98442309e-27 1.66478144e-16 9.99633414e-01 4.85053712e-16 9.81748690e-01 7.26409076e-01 8.91657155e-01 9.59789334e-01 9.70294554e-01 9.70680727e-01 9.53567909e-01 1.02409921e-18 2.51560639e-18 1.40808814e-06 3.39725510e-07 3.39725510e-07 3.56292512e-03 3.56292512e-03 4.74171210e-04 2.67788185e-18 3.33076189e-03 1.20363547e-02 7.92854711e-03 4.91640450e-03 4.23697499e-03 4.20975691e-03 5.27467445e-03
1.37687688e-01 -2.06697975e+01 -2.06697975e+01 -2.50725134e-02 -6.80089140e-03 -6.80088898e-03 7.13254574e+01 7.13254574e+01 1.03651684e+02 1.73372523e+02 2.03578521e+02 2.69131319e+02 3.29500541e+02 4.28823580e+02 5.33616795e+02 6.40289032e+02 7.51780461e+02 4.64111021e-16 4.06225404e-16 4.47594329e-05 6.87331263e-13 6.19079958e-15 1.25065288e-16 4.97991386e-27 9.99632565e-01 4.09784550e-16 9.81700399e-01 7.26578325e-01 8.91789211e-01 9.59776534e-01 9.70269278e-01 9.70644013e-01 9.53442046e-01 1.06448494e-17 3.10698373e-18 1.40808814e-06 3.39725510e-07 3.39725510e-07 3.56292512e-03 3.56292512e-03 4.74720080e-04 7.63951774e-18 3.33512473e-03 1.20332210e-02 7.92399029e-03 4.91717093e-03 4.23875002e-03 4.21235254e-03 5.28164847e-03
1.37837838e-01 -2.06697975e+01 -2.06697975e+01 -2.50725140e-02 -6.80089359e-03 -6.80089032e-03 7.13254574e+01 7.13254574e+01 1.03651014e+02 1.73372523e+02 2.03567671e+02 2.69083858e+02 3.29508205e+02 4.28840943e+02 5.33639239e+02 6.40319848e+02 7.51842245e+02 8.01004290e-16 3.98437510e-16 4.48082436e-05 4.59086642e-15 6.88076202e-13 3.43718566e-16 4.98252898e-27 9.99631714e-01 7.12713051e-16 9.81652025e-01 7.26747732e-01 8.91921080e-01 9.59763847e-01 9.70244089e-01 9.70607381e-01 9.53315968e-01 9.97130406e-18 1.47800823e-18 1.40808814e-06 3.39725510e-07 3.39725510e-07 3.56292512e-03 3.56292512e-03 4.75269053e-04 4.94649126e-18 3.33948920e-03 1.20300827e-02 7.91943659e-03 4.91793042e-03 4.24051814e-03 4.21494080e-03 5.28862421e-03
1.37987988e-01 -2.06697975e+01 -2.06697975e+01 -2.50725136e-02 -6.80090270e-03 -6.80088083e-03 7.13254574e+01 7.13254574e+01 1.03650345e+02 1.73372523e+02 2.03556804e+02 2.69036417e+02 3.29515855e+02 4.28858295e+02 5.33661678e+02 6.40350669e+02 7.51904131e+02 5.79689616e-16 3.26450066e-16 4.48570544e-05 6.88831392e-13 6.62642138e-16 2.47030291e-16 4.98514608e-27 9.99630863e-01 7.22426859e-16 9.81603567e-01 7.26917299e-01 8.92052764e-01 9.59751273e-01 9.70218987e-01 9.70570828e-01 9.53189677e-01 1.66318509e-18 1.15598672e-18 1.40808814e-06 3.39725510e-07 3.39725510e-07 3.56292512e-03 3.56292512e-03 4.75818131e-04 5.58308011e-18 3.34385532e-03 1.20269400e-02 7.91488603e-03 4.91868300e-03 4.24227937e-03 4.21752171e-03 5.29560166e-03
1.38138138e-01 -2.06697975e+01 -2.06697975e+01 -2.50725143e-02 -6.80089442e-03 -6.80089380e-03 7.13254574e+01 7.13254574e+01 1.03649674e+02 1.73372523e+02 2.03545919e+02 2.68988995e+02 3.29523492e+02 4.28875635e+02 5.33684114e+02 6.40381498e+02 7.51966121e+02 3.35367644e-15 3.18982919e-16 4.49058651e-05 6.13427712e-15 1.72227537e-13 2.35496720e-20 1.66035544e-17 9.99630010e-01 1.25961750e-15 9.81555024e-01 7.27087024e-01 8.92184262e-01 9.59738812e-01 9.70193972e-01 9.70534356e-01 9.53063172e-01 9.14007633e-18 4.33522634e-18 1.40808814e-06 3.39725510e-07 3.39725510e-07 3.56292512e-03 3.56292512e-03 4.76367314e-04 3.39365031e-18 3.34822308e-03 1.20237928e-02 7.91033861e-03 4.91942868e-03 4.24403372e-03 4.22009525e-03 5.30258082e-03
1.38288288e-01 -2.06697975e+01 -2.06697975e+01 -2.50725131e-02 -6.80090459e-03 -6.80089452e-03 7.13254574e+01 7.13254574e+01 1.03649002e+02 1.73372523e+02 2.03535015e+02 2.68941592e+02 3.29531115e+02 4.28892964e+02 5.33706546e+02 6.40412333e+02 7.52028214e+02 3.58387355e-16 2.38464586e-16 4.49546758e-05 4.31511697e-13 8.89243210e-16 5.01189789e-27 1.34763238e-16 9.99629156e-01 2.90539840e-16 9.81506398e-01 7.27256908e-01 8.92315574e-01 9.59726465e-01 9.70169045e-01 9.70497965e-01 9.52936452e-01 1.81016288e-18 5.94729087e-19 1.40808814e-06 3.39725510e-07 3.39725510e-07 3.56292512e-03 3.56292512e-03 4.76916601e-04 2.25346478e-18 3.35259247e-03 1.20206410e-02 7.90579432e-03 4.92016748e-03 4.24578118e-03 4.22266142e-03 5.30956166e-03
1.38438438e-01 -2.06697975e+01 -2.06697975e+01 -2.50725139e-02 -6.80090864e-03 -6.80088813e-03 7.13254574e+01 7.13254574e+01 1.03648330e+02 1.73372523e+02 2.03524094e+02 2.68894209e+02 3.29538723e+02 4.28910282e+02 5.33728974e+02 6.40443174e+02 7.52090410e+02 5.29652893e-16 8.05909771e-16 4.50034865e-05 4.32021754e-13 4.11679008e-16 5.01526108e-27 8.17805632e-17 9.99628301e-01 8.57284590e-16 9.81457688e-01 7.27426949e-01 8.92446700e-01 9.59714230e-01 9.70144205e-01 9.70461656e-01 9.52809518e-01 5.33353196e-18 7.14848701e-18 1.40808814e-06 3.39725510e-07 3.39725510e-07 3.56292512e-03 3.56292512e-03 4.77465993e-04 3.48620434e-19 3.35696350e-03 1.20174848e-02 7.90125318e-03 4.92089942e-03 4.24752176e-03 4.22522021e-03 5.31654419e-03
1.38588589e-01 -2.06697975e+01 -2.06697975e+01 -2.50725129e-02 -6.80089028e-03 -6.80088840e-03 7.13254574e+01 7.13254574e+01 1.03647657e+02 1.73372523e+02 2.03513155e+02 2.68846845e+02 3.29546318e+02 4.28927588e+02 5.33751398e+02 6.40474021e+02 7.52152709e+02 5.35732278e-16 3.25312154e-16 4.50522972e-05 5.00871803e-15 4.32440055e-13 1.77051335e-16 5.01791634e-27 9.99627445e-01 5.32288212e-16 9.81408894e-01 7.27597148e-01 8.92577642e-01 9.59702108e-01 9.70119452e-01 9.70425428e-01 9.52682370e-01 2.44111805e-18 5.23222532e-18 1.40808814e-06 3.39725510e-07 3.39725510e-07 3.56292512e-03 3.56292512e-03 4.78015491e-04 1.98064099e-18 3.36133614e-03 1.20143241e-02 7.89671517e-03 4.92162451e-03 4.24925547e-03 4.22777162e-03 5.32352838e-03
1.38738739e-01 -2.06697975e+01 -2.06697975e+01 -2.50725132e-02 -6.80090465e-03 -6.80088277e-03 7.13254574e+01 7.13254574e+01 1.03646983e+02 1.73372523e+02 2.03502197e+02 2.68799501e+02 3.29553900e+02 4.28944883e+02 5.33773818e+02 6.40504875e+02 7.52215112e+02 3.17631076e-16 6.27787365e-16 4.51011080e-05 3.89698443e-13 3.14958549e-16 3.64237955e-16 5.02488892e-27 9.99626588e-01 5.81503027e-16 9.81360015e-01 7.27767503e-01 8.92708399e-01 9.59690098e-01 9.70094786e-01 9.70389281e-01 9.52555008e-01 2.83284134e-18 6.52058955e-18 1.40808814e-06 3.39725510e-07 3.39725510e-07 3.56292512e-03 3.56292512e-03 4.78565093e-04 7.40874485e-18 3.36571042e-03 1.20111589e-02 7.89218030e-03 4.92234276e-03 4.25098232e-03 4.23031564e-03 5.33051424e-03
1.38888889e-01 -2.06697975e+01 -2.06697975e+01 -2.50725139e-02 -6.80089177e-03 -6.80088457e-03 7.13254574e+01 7.13254574e+01 1.03646308e+02 1.73372523e+02 2.03491221e+02 2.68752177e+02 3.29561467e+02 4.28962167e+02 5.33796234e+02 6.40535735e+02 7.52277618e+02 3.04247646e-16 2.28429657e-16 4.51499187e-05 1.30860333e-15 4.33346010e-13 1.98920876e-16 5.02394941e-27 9.99625729e-01 1.24617302e-15 9.81311053e-01 7.27938015e-01 8.92838971e-01 9.59678200e-01 9.70070208e-01 9.70353217e-01 9.52427432e-01 7.50327059e-18 3.60450137e-18 1.40808814e-06 3.39725510e-07 3.39725510e-07 3.56292512e-03 3.56292512e-03 4.79114801e-04 1.39535844e-17 3.37008631e-03 1.20079892e-02 7.88764858e-03 4.92305420e-03 4.25270231e-03 4.23285226e-03 5.33750174e-03
1.39039039e-01 -2.06697975e+01 -2.06697975e+01 -2.50725134e-02 -6.80088849e-03 -6.80088831e-03 7.13254574e+01 7.13254574e+01 1.03645632e+02 1.73372523e+02 2.03480227e+02 2.68704872e+02 3.29569021e+02 4.28979439e+02 5.33818645e+02 6.40566600e+02 7.52340227e+02 5.55594977e-16 2.91993344e-16 4.51987294e-05 2.06888484e-14 1.72099050e-13 1.28025134e-16 1.45797803e-29 9.99624869e-01 6.83937577e-16 9.81262006e-01 7.28108683e-01 8.92969358e-01 9.59666414e-01 9.70045717e-01 9.70317235e-01 9.52299642e-01 1.13128731e-17 1.69000746e-18 1.40808814e-06 3.39725510e-07 3.39725510e-07 3.56292512e-03 3.56292512e-03 4.79664614e-04 9.46518248e-18 3.37446382e-03 1.20048151e-02 7.88311999e-03 4.92375883e-03 4.25441545e-03 4.23538150e-03 5.34449087e-03
1.39189189e-01 -2.06697975e+01 -2.06697975e+01 -2.50725140e-02 -6.80090439e-03 -6.80089361e-03 7.13254574e+01 7.13254574e+01 1.03644955e+02 1.73372523e+02 2.03469216e+02 2.68657588e+02 3.29576561e+02 4.28996699e+02 5.33841052e+02 6.40597472e+02 7.52402941e+02 4.72067649e-16 4.67804450e-16 4.52475401e-05 4.34392997e-13 8.11687949e-16 5.02927670e-27 1.39426981e-16 9.99624009e-01 4.12356846e-16 9.81212875e-01 7.28279507e-01 8.93099561e-01 9.59654740e-01 9.70021314e-01 9.70281336e-01 9.52171637e-01 3.63129857e-18 1.31660924e-18 1.40808814e-06 3.39725510e-07 3.39725510e-07 3.56292512e-03 3.56292512e-03 4.80214533e-04 1.50331180e-17 3.37884294e-03 1.20016364e-02 7.87859456e-03 4.92445669e-03 4.25612173e-03 4.23790333e-03 5.35148163e-03
1.39339339e-01 -2.06697975e+01 -2.06697975e+01 -2.50725136e-02 -6.80090913e-03 -6.80089511e-03 7.13254574e+01 7.13254574e+01 1.03644278e+02 1.73372523e+02 2.03458185e+02 2.68610323e+02 3.29584087e+02 4.29013948e+02 5.33863455e+02 6.40628349e+02 7.52465758e+02 4.73084168e-16 2.44719879e-16 4.52963509e-05 4.34831515e-13 7.14019325e-16 5.03194337e-27 3.10671036e-16 9.99623147e-01 7.35814601e-16 9.81163660e-01 7.28450486e-01 8.93229580e-01 9.59643177e-01 9.69996998e-01 9.70245519e-01 9.52043418e-01 7.64303600e-18 3.02353744e-18 1.40808814e-06 3.39725510e-07 3.39725510e-07 3.56292512e-03 3.56292512e-03 4.80764558e-04 5.30502963e-19 3.38322367e-03 1.19984533e-02 7.87407226e-03 4.92514777e-03 4.25782118e-03 4.24041775e-03 5.35847401e-03
1.39489489e-01 -2.06697975e+01 -2.06697975e+01 -2.50725134e-02 -6.80088895e-03 -6.80088706e-03 7.13254574e+01 7.13254574e+01 1.03643600e+02 1.73372523e+02 2.03447137e+02 2.68563078e+02 3.29591600e+02 4.29031186e+02 5.33885853e+02 6.40659232e+02 7.52528678e+02 3.53474303e-16 8.07086422e-16 4.53451616e-05 4.35303599e-13 4.99191049e-15 5.03461207e-27 3.52348793e-16 9.99622284e-01 8.26850748e-16 9.81114361e-01 7.28621620e-01 8.93359415e-01 9.59631726e-01 9.69972770e-01 9.70209786e-01 9.51914985e-01 4.79455481e-18 1.35662091e-18 1.40808814e-06 3.39725510e-07 3.39725510e-07 3.56292512e-03 3.56292512e-03 4.81314688e-04 3.95789901e-18 3.38760600e-03 1.19952657e-02 7.86955312e-03 4.92583209e-03 4.25951379e-03 4.24292476e-03 5.36546799e-03
1.39639640e-01 -2.06697975e+01 -2.06697975e+01 -2.50725134e-02 -6.80090883e-03 -6.80089775e-03 7.13254574e+01 7.13254574e+01 1.03642921e+02 1.73372523e+02 2.03436071e+02 2.68515853e+02 3.29599099e+02 4.29048412e+02 5.33908247e+02 6.40690121e+02 7.52591703e+02 3.16044217e-16 7.11347169e-16 4.53939723e-05 4.35714769e-13 8.55391651e-16 5.20178019e-23 1.64107189e-16 9.99621419e-01 3.49379060e-16 9.81064977e-01 7.28792908e-01 8.93489067e-01 9.59620385e-01 9.69948629e-01 9.70174136e-01 9.51786338e-01 1.05545822e-18 8.12082263e-18 1.40808814e-06 3.39725510e-07 3.39725510e-07 3.56292512e-03 3.56292512e-03 4.81864924e-04 5.12837379e-18 3.39198993e-03 1.19920736e-02 7.86503712e-03 4.92650968e-03 4.26119958e-03 4.24542436e-03 5.37246357e-03
1.39789790e-01 -2.06697975e+01 -2.06697975e+01 -2.50725151e-02 -6.80088982e-03 -6.80088114e-03 7.13254574e+01 7.13254574e+01 1.03642241e+02 1.73372523e+02 2.03424986e+02 2.68468648e+02 3.29606585e+02 4.29065626e+02 5.33930637e+02 6.40721015e+02 7.52654832e+02 3.67185685e-16 2.44867724e-16 4.54427830e-05 4.36179986e-13 1.08726703e-15 5.20696673e-23 1.97170554e-16 9.99620554e-01 1.64711694e-15 9.81015509e-01 7.28964349e-01 8.93618534e-01 9.59609156e-01 9.69924576e-01 9.70138569e-01 9.51657476e-01 4.55827021e-18 4.65683476e-19 1.40808814e-06 3.39725510e-07 3.39725510e-07 3.56292512e-03 3.56292512e-03 4.82415266e-04 2.07408851e-17 3.39637546e-03 1.19888771e-02 7.86052427e-03 4.92718055e-03 4.26287854e-03 4.24791654e-03 5.37946073e-03
1.39939940e-01 -2.06697975e+01 -2.06697975e+01 -2.50725130e-02 -6.80090982e-03 -6.80089451e-03 7.13254574e+01 7.13254574e+01 1.03641561e+02 1.73372523e+02 2.03413883e+02 2.68421463e+02 3.29614057e+02 4.29082829e+02 5.33953022e+02 6.40751915e+02 7.52718064e+02 4.21667496e-16 3.95626063e-16 4.54915937e-05 6.41736650e-16 4.36678855e-13 5.04263033e-27 1.74691231e-16 9.99619687e-01 2.25543788e-16 9.80965956e-01 7.29135945e-01 8.93747819e-01 9.59598037e-01 9.69900611e-01 9.70103086e-01 9.51528400e-01 3.98673751e-18 3.22541232e-18 1.40808814e-06 3.39725510e-07 3.39725510e-07 3.56292512e-03 3.56292512e-03 4.82965715e-04 1.65892684e-18 3.40076258e-03 1.19856761e-02 7.85601458e-03 4.92784471e-03 4.26455068e-03 4.25040129e-03 5.38645946e-03
1.40090090e-01 -2.06697975e+01 -2.06697975e+01 -2.50725140e-02 -6.80090369e-03 -6.80089466e-03 7.13254574e+01 7.13254574e+01 1.03640879e+02 1.73372523e+02 2.03402762e+02 2.68374298e+02 3.29621515e+02 4.29100020e+02 5.33975402e+02 6.40782820e+02 7.52781401e+02 2.99472108e-16 7.55436850e-16 4.55404045e-05 4.37737861e-16 1.89982905e-13 1.22343575e-16 5.06591899e-27 9.99618820e-01 4.94592343e-16 9.80916319e-01 7.29307693e-01 8.93876920e-01 9.59587028e-01 9.69876733e-01 9.70067688e-01 9.51399111e-01 1.10502532e-18 2.32360852e-18 1.40808814e-06 3.39725510e-07 3.39725510e-07 3.56292512e-03 3.56292512e-03 4.83516270e-04 3.12082652e-18 3.40515129e-03 1.19824706e-02 7.85150803e-03 4.92850218e-03 4.26621601e-03 4.25287862e-03 5.39345974e-03
1.40240240e-01 -2.06697975e+01 -2.06697975e+01 -2.50725147e-02 -6.80088905e-03 -6.80088592e-03 7.13254574e+01 7.13254574e+01 1.03640197e+02 1.73372523e+02 2.03391622e+02 2.68327153e+02 3.29628961e+02 4.29117200e+02 5.33997778e+02 6.40813730e+02 7.52844842e+02 6.31564603e-16 3.06778488e-16 4.55892152e-05 1.28145222e-15 1.90230436e-13 2.40641345e-16 5.06862523e-27 9.99617951e-01 2.40205410e-16 9.80866597e-01 7.29479595e-01 8.94005838e-01 9.59576130e-01 9.69852943e-01 9.70032374e-01 9.51269606e-01 5.26948515e-18 2.63589905e-18 1.40808814e-06 3.39725510e-07 3.39725510e-07 3.56292512e-03 3.56292512e-03 4.84066931e-04 1.93175063e-18 3.40954159e-03 1.19792607e-02 7.84700463e-03 4.92915298e-03 4.26787454e-03 4.25534851e-03 5.40046158e-03
1.40390390e-01 -2.06697975e+01 -2.06697975e+01 -2.50725144e-02 -6.80089856e-03 -6.80088901e-03 7.13254574e+01 7.13254574e+01 1.03639514e+02 1.73372523e+02 2.03380464e+02 2.68280028e+02 3.29636392e+02 4.29134367e+02 5.34020149e+02 6.40844645e+02 7.52908387e+02 4.76869468e-16 4.57115579e-16 4.56380259e-05 1.90428596e-13 3.99093784e-16 5.07133352e-27 1.80083225e-16 9.99617081e-01 4.51803308e-16 9.80816791e-01 7.29651648e-01 8.94134574e-01 9.59565341e-01 9.69829241e-01 9.69997144e-01 9.51139888e-01 8.64776850e-18 1.49050835e-18 1.40808814e-06 3.39725510e-07 3.39725510e-07 3.56292512e-03 3.56292512e-03 4.84617699e-04 3.48620434e-19 3.41393346e-03 1.19760463e-02 7.84250439e-03 4.92979712e-03 4.26952628e-03 4.25781096e-03 5.40746496e-03
1.40540541e-01 -2.06697975e+01 -2.06697975e+01 -2.50725138e-02 -6.80089434e-03 -6.80089427e-03 7.13254574e+01 7.13254574e+01 1.03638830e+02 1.73372523e+02 2.03369288e+02 2.68232924e+02 3.29643810e+02 4.29151524e+02 5.34042515e+02 6.40875566e+02 7.52972036e+02 2.20775175e-15 1.56021172e-15 4.56868366e-05 1.80725076e-13 6.06292892e-14 1.54388795e-18 1.38031598e-17 9.99616209e-01 3.98960235e-16 9.80766901e-01 7.29823853e-01 8.94263127e-01 9.59554663e-01 9.69805626e-01 9.69962000e-01 9.51009956e-01 3.13092098e-18 3.11422044e-18 1.40808814e-06 3.39725510e-07 3.39725510e-07 3.56292512e-03 3.56292512e-03 4.85168573e-04 9.43158378e-19 3.41832692e-03 1.19728274e-02 7.83800731e-03 4.93043461e-03 4.27117122e-03 4.26026597e-03 5.41446986e-03
1.40690691e-01 -2.06697975e+01 -2.06697975e+01 -2.50725143e-02 -6.80090880e-03 -6.80089081e-03 7.13254574e+01 7.13254574e+01 1.03638145e+02 1.73372523e+02 2.03358094e+02 2.68185841e+02 3.29651215e+02 4.29168668e+02 5.34064877e+02 6.40906491e+02 7.53035790e+02 7.78800736e-16 5.32857815e-16 4.57356474e-05 1.49872361e-16 1.46964073e-13 2.13905014e-16 5.08041951e-27 9.99615337e-01 1.17108567e-15 9.80716926e-01 7.29996210e-01 8.94391498e-01 9.59544094e-01 9.69782100e-01 9.69926940e-01 9.50879809e-01 1.01875067e-17 1.16090454e-18 1.40808814e-06 3.39725510e-07 3.39725510e-07 3.56292512e-03 3.56292512e-03 4.85719554e-04 1.03022550e-17 3.42272194e-03 1.19696041e-02 7.83351337e-03 4.93106548e-03 4.27280937e-03 4.26271354e-03 5.42147628e-03
1.40840841e-01 -2.06697975e+01 -2.06697975e+01 -2.50725136e-02 -6.80089470e-03 -6.80089216e-03 7.13254574e+01 7.13254574e+01 1.03637459e+02 1.73372523e+02 2.03346881e+02 2.68138777e+02 3.29658606e+02 4.29185801e+02 5.34087234e+02 6.40937421e+02 7.53099649e+02 9.50479148e-16 7.66681252e-16 4.57844581e-05 1.22335321e-15 1.45279483e-13 5.11143996e-27 2.35046670e-16 9.99614464e-01 7.39489121e-16 9.80666866e-01 7.30168718e-01 8.94519687e-01 9.59533634e-01 9.69758661e-01 9.69891966e-01 9.50749448e-01 3.41261070e-18 2.76558993e-18 1.40808814e-06 3.39725510e-07 3.39725510e-07 3.56292512e-03 3.56292512e-03 4.86270642e-04 4.53383584e-18 3.42711853e-03 1.19663763e-02 7.82902260e-03 4.93168973e-03 4.27444075e-03 4.26515365e-03 5.42848421e-03
1.40990991e-01 -2.06697975e+01 -2.06697975e+01 -2.50725137e-02 -6.80089579e-03 -6.80087634e-03 7.13254574e+01 7.13254574e+01 1.03636773e+02 1.73372523e+02 2.03335650e+02 2.68091734e+02 3.29665984e+02 4.29202922e+02 5.34109585e+02 6.40968356e+02 7.53163612e+02 1.23102434e-15 1.37191886e-15 4.58332688e-05 3.48490319e-13 4.83367912e-16 1.03466329e-16 5.11958404e-27 9.99613589e-01 1.95737909e-15 9.80616721e-01 7.30341376e-01 8.94647694e-01 9.59523283e-01 9.69735310e-01 9.69857078e-01 9.50618873e-01 8.98958022e-18 4.06220352e-18 1.40808814e-06 3.39725510e-07 3.39725510e-07 3.56292512e-03 3.56292512e-03 4.86821838e-04 2.22027848e-17 3.43151669e-03 1.19631441e-02 7.82453498e-03 4.93230739e-03 4.27606535e-03 4.26758632e-03 5.43549362e-03
1.41141141e-01 -2.06697975e+01 -2.06697975e+01 -2.50725139e-02 -6.80089688e-03 -6.80087716e-03 7.13254574e+01 7.13254574e+01 1.03636086e+02 1.73372523e+02 2.03324400e+02 2.68044712e+02 3.29673349e+02 4.29220032e+02 5.34131932e+02 6.40999296e+02 7.53227679e+02 8.76336470e-16 3.51157186e-16 4.58820795e-05 4.61254044e-16 3.48834931e-13 5.12627466e-27 1.12093923e-16 9.99612713e-01 5.86051763e-16 9.80566492e-01 7.30514184e-01 8.94775519e-01 9.59513041e-01 9.69712046e-01 9.69822276e-01 9.50488084e-01 1.41539904e-17 1.05330398e-17 1.40808814e-06 3.39725510e-07 3.39725510e-07 3.56292512e-03 3.56292512e-03 4.87373140e-04 4.44289458e-18 3.43591641e-03 1.19599074e-02 7.82005052e-03 4.93291847e-03 4.27768319e-03 4.27001152e-03 5.44250453e-03
1.41291291e-01 -2.06697975e+01 -2.06697975e+01 -2.50725149e-02 -6.80089083e-03 -6.80088971e-03 7.13254574e+01 7.13254574e+01 1.03635397e+02 1.73372523e+02 2.03313132e+02 2.67997710e+02 3.29680700e+02 4.29237129e+02 5.34154274e+02 6.41030240e+02 7.53291851e+02 6.97090081e-16 3.46833024e-16 4.59308903e-05 8.47584961e-14 1.54753787e-15 1.88478524e-16 5.15115760e-27 9.99611836e-01 7.57661974e-16 9.80516178e-01 7.30687143e-01 8.94903163e-01 9.59502908e-01 9.69688871e-01 9.69787560e-01 9.50357081e-01 4.91741629e-18 2.25039623e-18 1.40808814e-06 3.39725510e-07 3.39725510e-07 3.56292512e-03 3.56292512e-03 4.87924550e-04 8.74941402e-18 3.44031768e-03 1.19566662e-02 7.81556922e-03 4.93352299e-03 4.27929427e-03 4.27242926e-03 5.44951690e-03
1.41441441e-01 -2.06697975e+01 -2.06697975e+01 -2.50725131e-02 -6.80090733e-03 -6.80090035e-03 7.13254574e+01 7.13254574e+01 1.03634708e+02 1.73372523e+02 2.03301846e+02 2.67950729e+02 3.29688038e+02 4.29254215e+02 5.34176611e+02 6.41061189e+02 7.53356128e+02 6.97020932e-16 3.82230795e-16 4.59797010e-05 1.71071319e-15 4.92132462e-13 3.17052209e-16 5.27760137e-21 9.99610958e-01 8.65516192e-16 9.80465779e-01 7.30860250e-01 8.95030625e-01 9.59492883e-01 9.69665784e-01 9.69752930e-01 9.50225863e-01 2.08901205e-18 4.03091779e-18 1.40808814e-06 3.39725510e-07 3.39725510e-07 3.56292512e-03 3.56292512e-03 4.88476067e-04 9.19235868e-18 3.44472051e-03 1.19534207e-02 7.81109108e-03 4.93412096e-03 4.28089860e-03 4.27483953e-03 5.45653073e-03
1.41591592e-01 -2.06697975e+01 -2.06697975e+01 -2.50725148e-02 -6.80089617e-03 -6.80089379e-03 7.13254574e+01 7.13254574e+01 1.03634019e+02 1.73372523e+02 2.03290541e+02 2.67903768e+02 3.29695363e+02 4.29271289e+02 5.34198942e+02 6.41092142e+02 7.53420510e+02 6.93720497e-16 4.78746718e-16 4.60285117e-05 4.53555254e-15 4.92755604e-13 3.04300845e-16 5.16957588e-27 9.99610078e-01 7.37915609e-16 9.80415296e-01 7.31033506e-01 8.95157907e-01 9.59482967e-01 9.69642784e-01 9.69718386e-01 9.50094432e-01 1.01702359e-18 2.11576645e-18 1.40808814e-06 3.39725510e-07 3.39725510e-07 3.56292512e-03 3.56292512e-03 4.89027692e-04 3.12082652e-18 3.44912488e-03 1.19501706e-02 7.80661610e-03 4.93471239e-03 4.28249618e-03 4.27724234e-03 5.46354601e-03
1.41741742e-01 -2.06697975e+01 -2.06697975e+01 -2.50725143e-02 -6.80089220e-03 -6.80088955e-03 7.13254574e+01 7.13254574e+01 1.03633328e+02 1.73372523e+02 2.03279218e+02 2.67856829e+02 3.29702674e+02 4.29288351e+02 5.34221269e+02 6.41123100e+02 7.53484997e+02 5.39329496e-16 4.33012396e-16 4.60773224e-05 4.12757279e-15 4.93188797e-13 1.94860668e-16 5.29066539e-21 9.99609198e-01 3.95749205e-16 9.80364727e-01 7.31206911e-01 8.95285007e-01 9.59473158e-01 9.69619873e-01 9.69683930e-01 9.49962786e-01 8.18760235e-18 4.02578920e-18 1.40808814e-06 3.39725510e-07 3.39725510e-07 3.56292512e-03 3.56292512e-03 4.89579424e-04 6.26855932e-18 3.45353080e-03 1.19469162e-02 7.80214428e-03 4.93529731e-03 4.28408701e-03 4.27963767e-03 5.47056273e-03
1.41891892e-01 -2.06697975e+01 -2.06697975e+01 -2.50725140e-02 -6.80090023e-03 -6.80089311e-03 7.13254574e+01 7.13254574e+01 1.03632637e+02 1.73372523e+02 2.03267876e+02 2.67809910e+02 3.29709973e+02 4.29305401e+02 5.34243590e+02 6.41154061e+02 7.53549589e+02 3.44610816e-16 7.62230096e-16 4.61261331e-05 1.57185305e-15 4.93791713e-13 5.17523059e-27 1.69819389e-16 9.99608316e-01 2.43361291e-16 9.80314074e-01 7.31380464e-01 8.95411927e-01 9.59463458e-01 9.69597049e-01 9.69649561e-01 9.49830927e-01 1.35050351e-17 4.51599580e-18 1.40808814e-06 3.39725510e-07 3.39725510e-07 3.56292512e-03 3.56292512e-03 4.90131264e-04 4.41260533e-18 3.45793825e-03 1.19436573e-02 7.79767563e-03 4.93587572e-03 4.28567112e-03 4.28202552e-03 5.47758087e-03
1.42042042e-01 -2.06697975e+01 -2.06697975e+01 -2.50725137e-02 -6.80088298e-03 -6.80087087e-03 7.13254574e+01 7.13254574e+01 1.03631944e+02 1.73372523e+02 2.03256516e+02 2.67763012e+02 3.29717258e+02 4.29322440e+02 5.34265906e+02 6.41185027e+02 7.53614286e+02 1.35261373e-15 7.67655408e-16 4.61749439e-05 9.14442744e-16 4.94368018e-13 5.17806114e-27 1.17076736e-16 9.99607433e-01 4.96635194e-16 9.80263336e-01 7.31554165e-01 8.95538667e-01 9.59453865e-01 9.69574314e-01 9.69615279e-01 9.49698853e-01 4.34010961e-18 2.31014487e-18 1.40808814e-06 3.39725510e-07 3.39725510e-07 3.56292512e-03 3.56292512e-03 4.90683213e-04 2.58694059e-18 3.46234724e-03 1.19403939e-02 7.79321014e-03 4.93644765e-03 4.28724850e-03 4.28440590e-03 5.48460043e-03
1.42192192e-01 -2.06697975e+01 -2.06697975e+01 -2.50725138e-02 -6.80089041e-03 -6.80089018e-03 7.13254574e+01 7.13254574e+01 1.03631251e+02 1.73372523e+02 2.03245137e+02 2.67716135e+02 3.29724530e+02 4.29339466e+02 5.34288217e+02 6.41215997e+02 7.53679088e+02 4.74110532e-16 3.37726560e-16 4.62237546e-05 4.92768401e-13 4.51988838e-14 5.18089381e-27 1.76852634e-16 9.99606549e-01 9.31992366e-16 9.80212513e-01 7.31728012e-01 8.95665226e-01 9.59444379e-01 9.69551667e-01 9.69581085e-01 9.49566565e-01 6.78019738e-18 4.26413682e-18 1.40808814e-06 3.39725510e-07 3.39725510e-07 3.56292512e-03 3.56292512e-03 4.91235269e-04 4.13978154e-18 3.46675776e-03 1.19371262e-02 7.78874781e-03 4.93701311e-03 4.28881916e-03 4.28677878e-03 5.49162139e-03
1.42342342e-01 -2.06697975e+01 -2.06697975e+01 -2.50725132e-02 -6.80090512e-03 -6.80089977e-03 7.13254574e+01 7.13254574e+01 1.03630557e+02 1.73372523e+02 2.03233739e+02 2.67669278e+02 3.29731789e+02 4.29356481e+02 5.34310522e+02 6.41246971e+02 7.53743996e+02 5.99288463e-16 2.63049626e-16 4.62725653e-05 2.44269870e-13 1.14097170e-15 2.82015538e-16 5.20476891e-27 9.99605664e-01 8.41095261e-16 9.80161605e-01 7.31902007e-01 8.95791605e-01 9.59435000e-01 9.69529107e-01 9.69546979e-01 9.49434064e-01 9.95560167e-18 2.09738941e-18 1.40808814e-06 3.39725510e-07 3.39725510e-07 3.56292512e-03 3.56292512e-03 4.91787433e-04 5.54102920e-18 3.47116981e-03 1.19338539e-02 7.78428865e-03 4.93757212e-03 4.29038310e-03 4.28914418e-03 5.49864375e-03
1.42492492e-01 -2.06697975e+01 -2.06697975e+01 -2.50725147e-02 -6.80090364e-03 -6.80088041e-03 7.13254574e+01 7.13254574e+01 1.03629863e+02 1.73372523e+02 2.03222324e+02 2.67622443e+02 3.29739035e+02 4.29373483e+02 5.34332822e+02 6.41277949e+02 7.53809009e+02 8.16893207e-16 2.42438556e-16 4.63213760e-05 2.06327585e-16 2.44498475e-13 5.20763351e-27 2.66299448e-16 9.99604778e-01 8.02376476e-16 9.80110612e-01 7.32076148e-01 8.95917804e-01 9.59425728e-01 9.69506636e-01 9.69512961e-01 9.49301348e-01 7.85628238e-18 6.17428256e-18 1.40808814e-06 3.39725510e-07 3.39725510e-07 3.56292512e-03 3.56292512e-03 4.92339706e-04 1.65892684e-18 3.47558337e-03 1.19305773e-02 7.77983266e-03 4.93812468e-03 4.29194034e-03 4.29150209e-03 5.50566748e-03
1.42642643e-01 -2.06697975e+01 -2.06697975e+01 -2.50725139e-02 -6.80089433e-03 -6.80088973e-03 7.13254574e+01 7.13254574e+01 1.03629167e+02 1.73372523e+02 2.03210889e+02 2.67575629e+02 3.29746268e+02 4.29390474e+02 5.34355117e+02 6.41308931e+02 7.53874127e+02 8.35027059e-16 1.84746838e-16 4.63701868e-05 1.24399941e-15 2.44788683e-13 1.49840138e-16 5.21050026e-27 9.99603890e-01 2.46983616e-16 9.80059534e-01 7.32250435e-01 8.96043824e-01 9.59416563e-01 9.69484252e-01 9.69479031e-01 9.49168419e-01 1.47113745e-17 3.20700184e-18 1.40808814e-06 3.39725510e-07 3.39725510e-07 3.56292512e-03 3.56292512e-03 4.92892088e-04 2.67788185e-18 3.47999846e-03 1.19272962e-02 7.77537983e-03 4.93867082e-03 4.29349087e-03 4.29385250e-03 5.51269259e-03
1.42792793e-01 -2.06697975e+01 -2.06697975e+01 -2.50725140e-02 -6.80088830e-03 -6.80088021e-03 7.13254574e+01 7.13254574e+01 1.03628471e+02 1.73372523e+02 2.03199436e+02 2.67528836e+02 3.29753487e+02 4.29407453e+02 5.34377406e+02 6.41339916e+02 7.53939350e+02 1.03318102e-15 8.98746818e-16 4.64189975e-05 2.44962235e-13 6.33580896e-16 7.93539243e-17 5.21336916e-27 9.99603002e-01 4.72915744e-16 9.80008371e-01 7.32424868e-01 8.96169665e-01 9.59407505e-01 9.69461957e-01 9.69445190e-01 9.49035275e-01 3.14462188e-18 3.58742744e-18 1.40808814e-06 3.39725510e-07 3.39725510e-07 3.56292512e-03 3.56292512e-03 4.93444577e-04 4.85554999e-18 3.48441506e-03 1.19240107e-02 7.77093017e-03 4.93921056e-03 4.29503472e-03 4.29619541e-03 5.51971905e-03
1.42942943e-01 -2.06697975e+01 -2.06697975e+01 -2.50725139e-02 -6.80090924e-03 -6.80089119e-03 7.13254574e+01 7.13254574e+01 1.03627773e+02 1.73372523e+02 2.03187964e+02 2.67482065e+02 3.29760694e+02 4.29424420e+02 5.34399689e+02 6.41370905e+02 7.54004680e+02 3.92328047e-16 8.19154700e-16 4.64678082e-05 2.45257204e-13 3.28454936e-16 1.00199833e-16 5.21624022e-27 9.99602112e-01 5.27151661e-16 9.79957123e-01 7.32599445e-01 8.96295326e-01 9.59398552e-01 9.69439750e-01 9.69411437e-01 9.48901918e-01 2.34815376e-18 4.38982097e-18 1.40808814e-06 3.39725510e-07 3.39725510e-07 3.56292512e-03 3.56292512e-03 4.93997176e-04 5.18902580e-18 3.48883316e-03 1.19207208e-02 7.76648367e-03 4.93974390e-03 4.29657187e-03 4.29853082e-03 5.52674685e-03
1.43093093e-01 -2.06697975e+01 -2.06697975e+01 -2.50725138e-02 -6.80090835e-03 -6.80089756e-03 7.13254574e+01 7.13254574e+01 1.03627075e+02 1.73372523e+02 2.03176474e+02 2.67435314e+02 3.29767888e+02 4.29441374e+02 5.34421967e+02 6.41401897e+02 7.54070114e+02 5.22009219e-16 4.49274769e-16 4.65166189e-05 2.45482809e-13 4.99821208e-16 5.21911342e-27 8.23797572e-17 9.99601221e-01 2.72958946e-16 9.79905789e-01 7.32774168e-01 8.96420808e-01 9.59389706e-01 9.69417631e-01 9.69377774e-01 9.48768347e-01 6.13405824e-18 2.24289523e-18 1.40808814e-06 3.39725510e-07 3.39725510e-07 3.56292512e-03 3.56292512e-03 4.94549883e-04 3.39365031e-18 3.49325277e-03 1.19174265e-02 7.76204035e-03 4.94027086e-03 4.29810235e-03 4.30085872e-03 5.53377600e-03
1.43243243e-01 -2.06697975e+01 -2.06697975e+01 -2.50725139e-02 -6.80089183e-03 -6.80088787e-03 7.13254574e+01 7.13254574e+01 1.03626376e+02 1.73372523e+02 2.03164965e+02 2.67388585e+02 3.29775068e+02 4.29458317e+02 5.34444239e+02 6.41432892e+02 7.54135655e+02 3.57660314e-16 5.39548689e-16 4.65654296e-05 1.34066514e-15 2.45785379e-13 5.22198879e-27 1.86715605e-16 9.99600329e-01 6.02261407e-16 9.79854371e-01 7.32949034e-01 8.96546111e-01 9.59380965e-01 9.69395600e-01 9.69344200e-01 9.48634562e-01 5.95822880e-18 6.35131369e-18 1.40808814e-06 3.39725510e-07 3.39725510e-07 3.56292512e-03 3.56292512e-03 4.95102700e-04 5.69262248e-18 3.49767388e-03 1.19141277e-02 7.75760020e-03 4.94079146e-03 4.29962615e-03 4.30317911e-03 5.54080646e-03
1.43393393e-01 -2.06697975e+01 -2.06697975e+01 -2.50725145e-02 -6.80090232e-03 -6.80090061e-03 7.13254574e+01 7.13254574e+01 1.03625677e+02 1.73372523e+02 2.03153438e+02 2.67341878e+02 3.29782236e+02 4.29475248e+02 5.34466506e+02 6.41463891e+02 7.54201301e+02 2.95474784e-16 2.49874125e-16 4.66142404e-05 3.13300045e-15 2.46003861e-13 5.66019824e-27 2.34491313e-16 9.99599435e-01 9.36656315e-16 9.79802867e-01 7.33124045e-01 8.96671236e-01 9.59372330e-01 9.69373658e-01 9.69310715e-01 9.48500563e-01 4.56551123e-18 2.50309034e-18 1.40808814e-06 3.39725510e-07 3.39725510e-07 3.56292512e-03 3.56292512e-03 4.95655625e-04 1.27527469e-17 3.50209648e-03 1.19108245e-02 7.75316321e-03 4.94130572e-03 4.30114329e-03 4.30549199e-03 5.54783824e-03
1.43543544e-01 -2.06697975e+01 -2.06697975e+01 -2.50725154e-02 -6.80089135e-03 -6.80088419e-03 7.13254574e+01 7.13254574e+01 1.03624976e+02 1.73372523e+02 2.03141891e+02 2.67295191e+02 3.29789391e+02 4.29492166e+02 5.34488766e+02 6.41494894e+02 7.54267053e+02 5.36176987e-16 1.14321318e-15 4.66630511e-05 8.45731248e-16 2.68533570e-13 2.27473809e-29 2.19591979e-16 9.99598541e-01 1.62796162e-15 9.79751279e-01 7.33299199e-01 8.96796183e-01 9.59363800e-01 9.69351803e-01 9.69277321e-01 9.48366351e-01 2.24587135e-18 1.60193223e-19 1.40808814e-06 3.39725510e-07 3.39725510e-07 3.56292512e-03 3.56292512e-03 4.96208660e-04 2.12141925e-17 3.50652057e-03 1.19075169e-02 7.74872940e-03 4.94181365e-03 4.30265376e-03 4.30779736e-03 5.55487131e-03
1.43693694e-01 -2.06697975e+01 -2.06697975e+01 -2.50725145e-02 -6.80090447e-03 -6.80088896e-03 7.13254574e+01 7.13254574e+01 1.03624275e+02 1.73372523e+02 2.03130326e+02 2.67248526e+02 3.29796533e+02 4.29509073e+02 5.34511021e+02 6.41525899e+02 7.54332911e+02 2.05280260e-15 8.07821491e-16 4.67118618e-05 4.70573112e-16 2.46501369e-13 2.10485773e-16 5.32634790e-27 9.99597645e-01 2.10582653e-16 9.79699605e-01 7.33474497e-01 8.96920951e-01 9.59355376e-01 9.69330036e-01 9.69244016e-01 9.48231924e-01 1.05354683e-17 5.31487464e-18 1.40808814e-06 3.39725510e-07 3.39725510e-07 3.56292512e-03 3.56292512e-03 4.96761804e-04 7.00623834e-19 3.51094615e-03 1.19042049e-02 7.74429876e-03 4.94231526e-03 4.30415759e-03 4.31009520e-03 5.56190568e-03
1.43843844e-01 -2.06697975e+01 -2.06697975e+01 -2.50725130e-02 -6.80089422e-03 -6.80088932e-03 7.13254574e+01 7.13254574e+01 1.03623572e+02 1.73372523e+02 2.03118743e+02 2.67201883e+02 3.29803662e+02 4.29525967e+02 5.34533270e+02 6.41556907e+02 7.54398875e+02 8.54627295e-16 3.37436163e-16 4.67606725e-05 1.21064872e-15 2.69197941e-13 9.00806219e-17 2.28064668e-29 9.99596748e-01 6.12054077e-16 9.79647846e-01 7.33649937e-01 8.97045541e-01 9.59347056e-01 9.69308358e-01 9.69210801e-01 9.48097285e-01 2.75402730e-18 7.98519490e-18 1.40808814e-06 3.39725510e-07 3.39725510e-07 3.56292512e-03 3.56292512e-03 4.97315058e-04 1.30862227e-17 3.51537321e-03 1.19008885e-02 7.73987129e-03 4.94281057e-03 4.30565476e-03 4.31238553e-03 5.56894132e-03
1.43993994e-01 -2.06697975e+01 -2.06697975e+01 -2.50725137e-02 -6.80090563e-03 -6.80090078e-03 7.13254574e+01 7.13254574e+01 1.03622869e+02 1.73372523e+02 2.03107140e+02 2.67155261e+02 3.29810779e+02 4.29542849e+02 5.34555513e+02 6.41587919e+02 7.54464945e+02 4.02445692e-16 3.13025058e-16 4.68094833e-05 2.47043156e-13 1.08593216e-15 2.63742414e-16 5.33213675e-27 9.99595850e-01 5.41955413e-16 9.79596001e-01 7.33825519e-01 8.97169954e-01 9.59338841e-01 9.69286768e-01 9.69177677e-01 9.47962431e-01 3.51429014e-18 2.06887542e-18 1.40808814e-06 3.39725510e-07 3.39725510e-07 3.56292512e-03 3.56292512e-03 4.97868421e-04 5.03743252e-18 3.51980174e-03 1.18975676e-02 7.73544700e-03 4.94329960e-03 4.30714530e-03 4.31466833e-03 5.57597822e-03
1.44144144e-01 -2.06697975e+01 -2.06697975e+01 -2.50725136e-02 -6.80090336e-03 -6.80089830e-03 7.13254574e+01 7.13254574e+01 1.03622165e+02 1.73372523e+02 2.03095519e+02 2.67108661e+02 3.29817882e+02 4.29559720e+02 5.34577751e+02 6.41618933e+02 7.54531122e+02 1.85037742e-16 5.49795977e-16 4.68582940e-05 1.10755099e-15 2.47283230e-13 5.43114157e-27 1.70179457e-16 9.99594951e-01 6.59032413e-16 9.79544072e-01 7.34001243e-01 8.97294189e-01 9.59330730e-01 9.69265266e-01 9.69144644e-01 9.47827364e-01 2.93717320e-18 4.72187390e-18 1.40808814e-06 3.39725510e-07 3.39725510e-07 3.56292512e-03 3.56292512e-03 4.98421894e-04 6.14732881e-18 3.52423175e-03 1.18942424e-02 7.73102588e-03 4.94378236e-03 4.30862921e-03 4.31694360e-03 5.58301638e-03
1.44294294e-01 -2.06697975e+01 -2.06697975e+01 -2.50725135e-02 -6.80089562e-03 -6.80089335e-03 7.13254574e+01 7.13254574e+01 1.03621460e+02 1.73372523e+02 2.03083879e+02 2.67062083e+02 3.29824973e+02 4.29576578e+02 5.34599982e+02 6.41649950e+02 7.54597404e+02 2.16383199e-16 2.65456806e-16 4.69071047e-05 2.40201529e-15 2.47647801e-13 5.43405072e-27 1.50508631e-16 9.99594050e-01 5.73471574e-16 9.79492057e-01 7.34177108e-01 8.97418247e-01 9.59322724e-01 9.69243852e-01 9.69111701e-01 9.47692084e-01 4.27526124e-18 3.86498116e-18 1.40808814e-06 3.39725510e-07 3.39725510e-07 3.56292512e-03 3.56292512e-03 4.98975476e-04 4.41260533e-18 3.52866322e-03 1.18909128e-02 7.72660793e-03 4.94425886e-03 4.31010649e-03 4.31921134e-03 5.59005578e-03
1.44444444e-01 -2.06697975e+01 -2.06697975e+01 -2.50725133e-02 -6.80091124e-03 -6.80088787e-03 7.13254574e+01 7.13254574e+01 1.03620755e+02 1.73372523e+02 2.03072220e+02 2.67015527e+02 3.29832051e+02 4.29593423e+02 5.34622207e+02 6.41680969e+02 7.54663793e+02 9.97351791e-16 3.18028347e-16 4.69559154e-05 2.47805130e-13 2.18852662e-16 5.43696207e-27 3.34030038e-16 9.99593149e-01 4.24013411e-16 9.79439956e-01 7.34353115e-01 8.97542127e-01 9.59314821e-01 9.69222527e-01 9.69078849e-01 9.47556590e-01 4.68647160e-18 4.88349398e-18 1.40808814e-06 3.39725510e-07 3.39725510e-07 3.56292512e-03 3.56292512e-03 4.99529169e-04 1.14727297e-17 3.53309615e-03 1.18875787e-02 7.72219316e-03 4.94472913e-03 4.31157715e-03 4.32147155e-03 5.59709641e-03
1.44594595e-01 -2.06697975e+01 -2.06697975e+01 -2.50725136e-02 -6.80089214e-03 -6.80088929e-03 7.13254574e+01 7.13254574e+01 1.03620048e+02 1.73372523e+02 2.03060542e+02 2.66968992e+02 3.29839116e+02 4.29610257e+02 5.34644426e+02 6.41711991e+02 7.54730288e+02 8.03601871e-16 4.60411617e-16 4.70047261e-05 2.70568063e-13 2.08757467e-15 2.29544982e-29 1.79673468e-16 9.99592246e-01 1.59680848e-15 9.79387771e-01 7.34529262e-01 8.97665831e-01 9.59307023e-01 9.69201289e-01 9.69046089e-01 9.47420882e-01 8.11007537e-18 8.24578336e-18 1.40808814e-06 3.39725510e-07 3.39725510e-07 3.56292512e-03 3.56292512e-03 5.00082972e-04 4.32166406e-18 3.53753055e-03 1.18842403e-02 7.71778157e-03 4.94519318e-03 4.31304120e-03 4.32372422e-03 5.60413826e-03
1.44744745e-01 -2.06697975e+01 -2.06697975e+01 -2.50725142e-02 -6.80090143e-03 -6.80088824e-03 7.13254574e+01 7.13254574e+01 1.03619341e+02 1.73372523e+02 2.03048846e+02 2.66922479e+02 3.29846169e+02 4.29627078e+02 5.34666639e+02 6.41743016e+02 7.54796890e+02 1.21755332e-15 3.84902619e-16 4.70535369e-05 4.70411431e-16 2.48386080e-13 1.46873655e-16 5.44279136e-27 9.99591342e-01 6.43030269e-16 9.79335500e-01 7.34705549e-01 8.97789358e-01 9.59299328e-01 9.69180140e-01 9.69013421e-01 9.47284961e-01 3.62606664e-18 3.45433465e-18 1.40808814e-06 3.39725510e-07 3.39725510e-07 3.56292512e-03 3.56292512e-03 5.00636885e-04 1.38137528e-17 3.54196639e-03 1.18808974e-02 7.71337315e-03 4.94565102e-03 4.31449865e-03 4.32596935e-03 5.61118131e-03
1.44894895e-01 -2.06697975e+01 -2.06697975e+01 -2.50725130e-02 -6.80090959e-03 -6.80090486e-03 7.13254574e+01 7.13254574e+01 1.03618633e+02 1.73372523e+02 2.03037131e+02 2.66875988e+02 3.29853209e+02 4.29643888e+02 5.34688846e+02 6.41774043e+02 7.54863598e+02 2.69065285e-16 1.73497693e-15 4.71023476e-05 2.71085630e-13 1.29225082e-15 2.30138379e-29 1.89999547e-16 9.99590437e-01 1.57861762e-15 9.79283143e-01 7.34881976e-01 8.97912709e-01 9.59291736e-01 9.69159079e-01 9.68980844e-01 9.47148827e-01 4.01978981e-18 7.80180065e-18 1.40808814e-06 3.39725510e-07 3.39725510e-07 3.56292512e-03 3.56292512e-03 5.01190908e-04 5.90479426e-18 3.54640368e-03 1.18775502e-02 7.70896790e-03 4.94610266e-03 4.31594950e-03 4.32820695e-03 5.61822556e-03
1.45045045e-01 -2.06697975e+01 -2.06697975e+01 -2.50725141e-02 -6.80090785e-03 -6.80089515e-03 7.13254574e+01 7.13254574e+01 1.03617924e+02 1.73372523e+02 2.03025397e+02 2.66829519e+02 3.29860236e+02 4.29660684e+02 5.34711046e+02 6.41805072e+02 7.54930412e+02 1.34163694e-15 3.04087879e-16 4.71511583e-05 2.94095156e-13 5.29908737e-16 2.07195751e-16 5.47176551e-27 9.99589530e-01 7.89639823e-16 9.79230701e-01 7.35058543e-01 8.98035883e-01 9.59284247e-01 9.69138106e-01 9.68948359e-01 9.47012479e-01 7.11086611e-18 2.17073957e-18 1.40808814e-06 3.39725510e-07 3.39725510e-07 3.56292512e-03 3.56292512e-03 5.01745042e-04 5.60168122e-18 3.55084241e-03 1.18741985e-02 7.70456584e-03 4.94654813e-03 4.31739375e-03 4.33043699e-03 5.62527098e-03
1.45195195e-01 -2.06697975e+01 -2.06697975e+01 -2.50725140e-02 -6.80090434e-03 -6.80089977e-03 7.13254574e+01 7.13254574e+01 1.03617214e+02 1.73372523e+02 2.03013644e+02 2.66783072e+02 3.29867251e+02 4.29677469e+02 5.34733240e+02 6.41836104e+02 7.54997334e+02 6.95834970e-16 3.54898068e-16 4.71999690e-05 2.49111104e-13 1.18083141e-15 5.47850563e-27 2.17778172e-16 9.99588623e-01 5.62413287e-16 9.79178174e-01 7.35235248e-01 8.98158882e-01 9.59276861e-01 9.69117221e-01 9.68915966e-01 9.46875919e-01 4.66442182e-18 7.86947453e-18 1.40808814e-06 3.39725510e-07 3.39725510e-07 3.56292512e-03 3.56292512e-03 5.02299287e-04 3.63618486e-18 3.55528258e-03 1.18708425e-02 7.70016695e-03 4.94698744e-03 4.31883143e-03 4.33265949e-03 5.63231758e-03
1.45345345e-01 -2.06697975e+01 -2.06697975e+01 -2.50725142e-02 -6.80089737e-03 -6.80088702e-03 7.13254574e+01 7.13254574e+01 1.03616504e+02 1.73372523e+02 2.03001872e+02 2.66736647e+02 3.29874253e+02 4.29694242e+02 5.34755428e+02 6.41867138e+02 7.55064362e+02 4.76924436e-16 3.59853911e-16 4.72487798e-05 5.07260700e-16 2.49345248e-13 1.77128268e-16 5.48144449e-27 9.99587714e-01 8.18247752e-16 9.79125561e-01 7.35412092e-01 8.98281704e-01 9.59269578e-01 9.69096424e-01 9.68883666e-01 9.46739145e-01 3.84865739e-18 3.55179520e-18 1.40808814e-06 3.39725510e-07 3.39725510e-07 3.56292512e-03 3.56292512e-03 5.02853642e-04 8.56753149e-18 3.55972418e-03 1.18674821e-02 7.69577124e-03 4.94742061e-03 4.32026253e-03 4.33487444e-03 5.63936534e-03
1.45495495e-01 -2.06697975e+01 -2.06697975e+01 -2.50725142e-02 -6.80089294e-03 -6.80087687e-03 7.13254574e+01 7.13254574e+01 1.03615792e+02 1.73372523e+02 2.02990081e+02 2.66690244e+02 3.29881242e+02 4.29711002e+02 5.34777610e+02 6.41898173e+02 7.55131497e+02 1.13319093e-15 2.57141032e-16 4.72975905e-05 3.20570713e-16 2.49574567e-13 5.84182856e-17 5.73337679e-21 9.99586804e-01 2.46207373e-16 9.79072863e-01 7.35589075e-01 8.98404351e-01 9.59262397e-01 9.69075716e-01 9.68851458e-01 9.46602157e-01 3.66277270e-18 2.04722290e-18 1.40808814e-06 3.39725510e-07 3.39725510e-07 3.56292512e-03 3.56292512e-03 5.03408108e-04 6.26855932e-18 3.56416721e-03 1.18641173e-02 7.69137870e-03 4.94784764e-03 4.32168707e-03 4.33708184e-03 5.64641425e-03
1.45645646e-01 -2.06697975e+01 -2.06697975e+01 -2.50725142e-02 -6.80090503e-03 -6.80089274e-03 7.13254574e+01 7.13254574e+01 1.03615080e+02 1.73372523e+02 2.02978271e+02 2.66643864e+02 3.29888219e+02 4.29727749e+02 5.34799785e+02 6.41929211e+02 7.55198738e+02 4.65436229e-16 7.27811215e-16 4.73464012e-05 4.62482817e-16 2.49905487e-13 5.51477323e-27 2.65099997e-16 9.99585893e-01 6.29491144e-16 9.79020080e-01 7.35766195e-01 8.98526822e-01 9.59255318e-01 9.69055096e-01 9.68819343e-01 9.46464957e-01 6.40132890e-18 6.62817906e-18 1.40808814e-06 3.39725510e-07 3.39725510e-07 3.56292512e-03 3.56292512e-03 5.03962685e-04 2.95070565e-18 3.56861166e-03 1.18607481e-02 7.68698935e-03 4.94826856e-03 4.32310504e-03 4.33928169e-03 5.65346429e-03
1.45795796e-01 -2.06697975e+01 -2.06697975e+01 -2.50725135e-02 -6.80090381e-03 -6.80089543e-03 7.13254574e+01 7.13254574e+01 1.03614367e+02 1.73372523e+02 2.02966442e+02 2.66597506e+02 3.29895184e+02 4.29744485e+02 5.34821953e+02 6.41960250e+02 7.55266087e+02 2.05124866e-16 7.75112723e-16 4.73952119e-05 2.50097025e-13 6.79174197e-16 5.51773286e-27 1.92334614e-16 9.99584981e-01 1.29754365e-15 9.78967211e-01 7.35943452e-01 8.98649119e-01 9.59248342e-01 9.69034564e-01 9.68787322e-01 9.46327544e-01 2.82377518e-18 1.56431270e-17 1.40808814e-06 3.39725510e-07 3.39725510e-07 3.56292512e-03 3.56292512e-03 5.04517373e-04 1.38019912e-17 3.57305753e-03 1.18573745e-02 7.68260318e-03 4.94868338e-03 4.32451645e-03 4.34147398e-03 5.66051545e-03
1.45945946e-01 -2.06697975e+01 -2.06697975e+01 -2.50725145e-02 -6.80088590e-03 -6.80088584e-03 7.13254574e+01 7.13254574e+01 1.03613653e+02 1.73372523e+02 2.02954594e+02 2.66551170e+02 3.29902135e+02 4.29761208e+02 5.34844115e+02 6.41991292e+02 7.55333543e+02 3.41085500e-16 3.13587582e-16 4.74440227e-05 2.33574263e-13 9.02513242e-14 5.52069471e-27 2.58083910e-16 9.99584067e-01 4.64709835e-16 9.78914256e-01 7.36120846e-01 8.98771240e-01 9.59241467e-01 9.69014120e-01 9.68755393e-01 9.46189918e-01 1.26453847e-18 5.16687168e-18 1.40808814e-06 3.39725510e-07 3.39725510e-07 3.56292512e-03 3.56292512e-03 5.05072173e-04 7.19657307e-18 3.57750482e-03 1.18539965e-02 7.67822018e-03 4.94909211e-03 4.32592132e-03 4.34365871e-03 5.66756772e-03
1.46096096e-01 -2.06697975e+01 -2.06697975e+01 -2.50725139e-02 -6.80090180e-03 -6.80088078e-03 7.13254574e+01 7.13254574e+01 1.03612938e+02 1.73372523e+02 2.02942728e+02 2.66504856e+02 3.29909075e+02 4.29777919e+02 5.34866271e+02 6.42022335e+02 7.55401105e+02 4.04263032e-16 1.34296007e-15 4.74928334e-05 4.36033890e-16 2.96226481e-13 1.19065330e-16 5.51981783e-27 9.99583153e-01 7.21328153e-16 9.78861216e-01 7.36298377e-01 8.98893186e-01 9.59234693e-01 9.68993764e-01 9.68723558e-01 9.46052079e-01 3.88934343e-18 1.09130391e-17 1.40808814e-06 3.39725510e-07 3.39725510e-07 3.56292512e-03 3.56292512e-03 5.05627084e-04 6.32921134e-18 3.58195350e-03 1.18506142e-02 7.67384037e-03 4.94949477e-03 4.32731965e-03 4.34583587e-03 5.67462109e-03
1.46246246e-01 -2.06697975e+01 -2.06697975e+01 -2.50725148e-02 -6.80090133e-03 -6.80089746e-03 7.13254574e+01 7.13254574e+01 1.03612222e+02 1.73372523e+02 2.02930842e+02 2.66458565e+02 3.29916002e+02 4.29794617e+02 5.34888419e+02 6.42053379e+02 7.55468775e+02 3.73894903e-16 7.19438891e-16 4.75416441e-05 1.41097258e-15 2.50944065e-13 5.52662512e-27 2.81218437e-16 9.99582237e-01 6.08844589e-16 9.78808090e-01 7.36476043e-01 8.99014958e-01 9.59228021e-01 9.68973496e-01 9.68691817e-01 9.45914027e-01 3.91751217e-18 1.47712295e-17 1.40808814e-06 3.39725510e-07 3.39725510e-07 3.56292512e-03 3.56292512e-03 5.06182106e-04 4.46149569e-18 3.58640360e-03 1.18472275e-02 7.66946374e-03 4.94989138e-03 4.32871145e-03 4.34800548e-03 5.68167555e-03
1.46396396e-01 -2.06697975e+01 -2.06697975e+01 -2.50725139e-02 -6.80090328e-03 -6.80088628e-03 7.13254574e+01 7.13254574e+01 1.03611506e+02 1.73372523e+02 2.02918937e+02 2.66412296e+02 3.29922916e+02 4.29811303e+02 5.34910561e+02 6.42084425e+02 7.55536552e+02 9.91810205e-16 1.41347262e-15 4.75904548e-05 3.48146079e-16 2.51174003e-13 5.52959369e-27 1.58977090e-16 9.99581320e-01 1.20303577e-15 9.78754879e-01 7.36653846e-01 8.99136556e-01 9.59221450e-01 9.68953317e-01 9.68660169e-01 9.45775762e-01 2.55955730e-18 5.32503419e-18 1.40808814e-06 3.39725510e-07 3.39725510e-07 3.56292512e-03 3.56292512e-03 5.06737240e-04 1.43965291e-17 3.59085509e-03 1.18438364e-02 7.66509029e-03 4.95028195e-03 4.33009672e-03 4.35016752e-03 5.68873108e-03
1.46546547e-01 -2.06697975e+01 -2.06697975e+01 -2.50725133e-02 -6.80089398e-03 -6.80089393e-03 7.13254574e+01 7.13254574e+01 1.03610788e+02 1.73372523e+02 2.02907013e+02 2.66366050e+02 3.29929819e+02 4.29827977e+02 5.34932697e+02 6.42115472e+02 7.55604437e+02 4.82996483e-16 4.99476506e-16 4.76392655e-05 1.36330136e-13 2.11245184e-13 5.53256449e-27 2.64269662e-16 9.99580402e-01 1.82408970e-15 9.78701582e-01 7.36831784e-01 8.99257979e-01 9.59214979e-01 9.68933225e-01 9.68628616e-01 9.45637285e-01 1.21777547e-17 6.01486328e-18 1.40808814e-06 3.39725510e-07 3.39725510e-07 3.56292512e-03 3.56292512e-03 5.07292486e-04 1.55064254e-17 3.59530797e-03 1.18404410e-02 7.66072002e-03 4.95066650e-03 4.33147548e-03 4.35232199e-03 5.69578768e-03
1.46696697e-01 -2.06697975e+01 -2.06697975e+01 -2.50725136e-02 -6.80087730e-03 -6.80087671e-03 7.13254574e+01 7.13254574e+01 1.03610070e+02 1.73372523e+02 2.02895070e+02 2.66319826e+02 3.29936708e+02 4.29844638e+02 5.34954826e+02 6.42146521e+02 7.55672428e+02 1.46563925e-15 6.59601830e-16 4.76880763e-05 2.51532685e-13 9.22275931e-15 5.53553753e-27 1.91013696e-16 9.99579482e-01 7.09869679e-16 9.78648200e-01 7.37009856e-01 8.99379228e-01 9.59208609e-01 9.68913222e-01 9.68597157e-01 9.45498595e-01 7.08275224e-18 6.30351495e-18 1.40808814e-06 3.39725510e-07 3.39725510e-07 3.56292512e-03 3.56292512e-03 5.07847844e-04 6.49933221e-18 3.59976223e-03 1.18370411e-02 7.65635293e-03 4.95104504e-03 4.33284772e-03 4.35446889e-03 5.70284532e-03
1.46846847e-01 -2.06697975e+01 -2.06697975e+01 -2.50725142e-02 -6.80090190e-03 -6.80090179e-03 7.13254574e+01 7.13254574e+01 1.03609351e+02 1.73372523e+02 2.02883108e+02 2.66273625e+02 3.29943586e+02 4.29861287e+02 5.34976947e+02 6.42177571e+02 7.55740527e+02 1.64526723e-15 8.72219941e-16 4.77368870e-05 2.46668640e-13 5.14434129e-14 5.79832927e-21 1.41908722e-16 9.99578562e-01 1.17083313e-15 9.78594732e-01 7.37188064e-01 8.99500304e-01 9.59202340e-01 9.68893307e-01 9.68565792e-01 9.45359692e-01 3.24938787e-18 8.09379159e-18 1.40808814e-06 3.39725510e-07 3.39725510e-07 3.56292512e-03 3.56292512e-03 5.08403314e-04 1.92789854e-17 3.60421788e-03 1.18336369e-02 7.65198902e-03 4.95141758e-03 4.33421347e-03 4.35660823e-03 5.70990401e-03
1.46996997e-01 -2.06697975e+01 -2.06697975e+01 -2.50725142e-02 -6.80089469e-03 -6.80088232e-03 7.13254574e+01 7.13254574e+01 1.03608631e+02 1.73372523e+02 2.02871127e+02 2.66227447e+02 3.29950451e+02 4.29877923e+02 5.34999062e+02 6.42208622e+02 7.55808734e+02 1.33613562e-15 1.19845144e-15 4.77856977e-05 4.52391447e-16 2.52266271e-13 6.56653000e-17 5.54149034e-27 9.99577640e-01 9.58774867e-16 9.78541178e-01 7.37366405e-01 8.99621206e-01 9.59196170e-01 9.68873479e-01 9.68534522e-01 9.45220577e-01 5.62794630e-18 6.73026182e-18 1.40808814e-06 3.39725510e-07 3.39725510e-07 3.56292512e-03 3.56292512e-03 5.08958896e-04 8.65847275e-18 3.60867491e-03 1.18302284e-02 7.64762830e-03 4.95178415e-03 4.33557271e-03 4.35873999e-03 5.71696372e-03
1.47147147e-01 -2.06697975e+01 -2.06697975e+01 -2.50725143e-02 -6.80090327e-03 -6.80089577e-03 7.13254574e+01 7.13254574e+01 1.03607910e+02 1.73372523e+02 2.02859127e+02 2.66181291e+02 3.29957304e+02 4.29894547e+02 5.35021171e+02 6.42239674e+02 7.55877048e+02 2.98625033e-16 1.21453357e-15 4.78345084e-05 7.40185357e-16 2.52447016e-13 2.13715935e-16 5.81292298e-21 9.99576717e-01 1.31363027e-15 9.78487539e-01 7.37544880e-01 8.99741935e-01 9.59190101e-01 9.68853740e-01 9.68503348e-01 9.45081249e-01 5.02587085e-18 9.37241705e-18 1.40808814e-06 3.39725510e-07 3.39725510e-07 3.56292512e-03 3.56292512e-03 5.09514590e-04 1.62828459e-17 3.61313330e-03 1.18268154e-02 7.64327075e-03 4.95214475e-03 4.33692547e-03 4.36086417e-03 5.72402444e-03
1.47297297e-01 -2.06697975e+01 -2.06697975e+01 -2.50725132e-02 -6.80090502e-03 -6.80090428e-03 7.13254574e+01 7.13254574e+01 1.03607189e+02 1.73372523e+02 2.02847108e+02 2.66135158e+02 3.29964144e+02 4.29911158e+02 5.35043272e+02 6.42270727e+02 7.55945470e+02 5.38359650e-16 1.53486194e-15 4.78833192e-05 7.44253479e-15 2.52639454e-13 5.54745213e-27 3.75209920e-16 9.99575793e-01 1.36376438e-15 9.78433814e-01 7.37723488e-01 8.99862491e-01 9.59184131e-01 9.68834089e-01 9.68472268e-01 9.44941709e-01 3.80532880e-18 5.63359051e-18 1.40808814e-06 3.39725510e-07 3.39725510e-07 3.56292512e-03 3.56292512e-03 5.10070397e-04 6.70334584e-19 3.61759306e-03 1.18233981e-02 7.63891640e-03 4.95249941e-03 4.33827175e-03 4.36298078e-03 5.73108616e-03
1.47447447e-01 -2.06697975e+01 -2.06697975e+01 -2.50725143e-02 -6.80089454e-03 -6.80088686e-03 7.13254574e+01 7.13254574e+01 1.03606466e+02 1.73372523e+02 2.02835069e+02 2.66089048e+02 3.29970973e+02 4.29927757e+02 5.35065366e+02 6.42301781e+02 7.56014000e+02 6.70669784e-16 6.42690591e-16 4.79321299e-05 2.52988562e-13 7.66589348e-16 1.49659168e-16 5.55043640e-27 9.99574867e-01 5.28649083e-16 9.78380003e-01 7.37902229e-01 8.99982874e-01 9.59178261e-01 9.68814526e-01 9.68441283e-01 9.44801957e-01 6.89251877e-18 1.34795496e-17 1.40808814e-06 3.39725510e-07 3.39725510e-07 3.56292512e-03 3.56292512e-03 5.10626316e-04 3.39365031e-18 3.62205418e-03 1.18199765e-02 7.63456522e-03 4.95284813e-03 4.33961155e-03 4.36508980e-03 5.73814888e-03
1.47597598e-01 -2.06697975e+01 -2.06697975e+01 -2.50725141e-02 -6.80091010e-03 -6.80089922e-03 7.13254574e+01 7.13254574e+01 1.03605743e+02 1.73372523e+02 2.02823011e+02 2.66042961e+02 3.29977789e+02 4.29944343e+02 5.35087453e+02 6.42332835e+02 7.56082637e+02 7.02688035e-16 1.85887151e-15 4.79809406e-05 2.53281353e-13 6.08436783e-16 1.15311536e-16 5.55342291e-27 9.99573941e-01 4.00967042e-16 9.78326107e-01 7.38081102e-01 9.00103084e-01 9.59172489e-01 9.68795051e-01 9.68410394e-01 9.44661993e-01 1.32504227e-17 7.99769273e-18 1.40808814e-06 3.39725510e-07 3.39725510e-07 3.56292512e-03 3.56292512e-03 5.11182348e-04 7.57966397e-20 3.62651666e-03 1.18165505e-02 7.63021723e-03 4.95319093e-03 4.34094489e-03 4.36719125e-03 5.74521257e-03
1.47747748e-01 -2.06697975e+01 -2.06697975e+01 -2.50725140e-02 -6.80090023e-03 -6.80088531e-03 7.13254574e+01 7.13254574e+01 1.03605019e+02 1.73372523e+02 2.02810935e+02 2.65996897e+02 3.29984593e+02 4.29960917e+02 5.35109533e+02 6.42363890e+02 7.56151382e+02 5.55356277e-16 3.59545671e-16 4.80297513e-05 3.96035343e-16 2.53525719e-13 2.25909043e-16 5.55641168e-27 9.99573013e-01 9.84995422e-16 9.78272125e-01 7.38260108e-01 9.00223122e-01 9.59166817e-01 9.68775664e-01 9.68379600e-01 9.44521816e-01 8.45059411e-18 9.66382321e-18 1.40808814e-06 3.39725510e-07 3.39725510e-07 3.56292512e-03 3.56292512e-03 5.11738492e-04 3.21176778e-18 3.63098049e-03 1.18131201e-02 7.62587242e-03 4.95352783e-03 4.34227177e-03 4.36928512e-03 5.75227723e-03
1.47897898e-01 -2.06697975e+01 -2.06697975e+01 -2.50725151e-02 -6.80091291e-03 -6.80088873e-03 7.13254574e+01 7.13254574e+01 1.03604294e+02 1.73372523e+02 2.02798838e+02 2.65950856e+02 3.29991384e+02 4.29977478e+02 5.35131606e+02 6.42394946e+02 7.56220235e+02 1.29455406e-15 3.01429634e-16 4.80785620e-05 2.99923695e-13 2.13277479e-16 1.87113615e-16 5.55550193e-27 9.99572084e-01 9.10094579e-16 9.78218058e-01 7.38439245e-01 9.00342987e-01 9.59161243e-01 9.68756365e-01 9.68348903e-01 9.44381428e-01 5.68512594e-18 2.57434173e-18 1.40808814e-06 3.39725510e-07 3.39725510e-07 3.56292512e-03 3.56292512e-03 5.12294750e-04 1.55064254e-17 3.63544566e-03 1.18096854e-02 7.62153080e-03 4.95385884e-03 4.34359220e-03 4.37137140e-03 5.75934284e-03
1.48048048e-01 -2.06697975e+01 -2.06697975e+01 -2.50725145e-02 -6.80089848e-03 -6.80089765e-03 7.13254574e+01 7.13254574e+01 1.03603568e+02 1.73372523e+02 2.02786723e+02 2.65904838e+02 3.29998164e+02 4.29994026e+02 5.35153672e+02 6.42426002e+02 7.56289196e+02 4.84619901e-16 1.09285566e-15 4.81273728e-05 2.53908473e-13 6.71557456e-15 2.70579877e-16 5.56239596e-27 9.99571154e-01 3.11086232e-16 9.78163904e-01 7.38618513e-01 9.00462681e-01 9.59155768e-01 9.68737154e-01 9.68318301e-01 9.44240827e-01 2.34655566e-18 5.22426914e-18 1.40808814e-06 3.39725510e-07 3.39725510e-07 3.56292512e-03 3.56292512e-03 5.12851120e-04 2.61722984e-18 3.63991216e-03 1.18062463e-02 7.61719236e-03 4.95418398e-03 4.34490619e-03 4.37345010e-03 5.76640939e-03
1.48198198e-01 -2.06697975e+01 -2.06697975e+01 -2.50725154e-02 -6.80090664e-03 -6.80089541e-03 7.13254574e+01 7.13254574e+01 1.03602841e+02 1.73372523e+02 2.02774588e+02 2.65858843e+02 3.30004931e+02 4.30010562e+02 5.35175730e+02 6.42457059e+02 7.56358266e+02 6.42596762e-16 5.98038742e-16 4.81761835e-05 5.04979269e-16 2.77259549e-13 3.02621434e-16 2.36714186e-29 9.99570223e-01 2.92466669e-16 9.78109666e-01 7.38797912e-01 9.00582203e-01 9.59150392e-01 9.68718031e-01 9.68287796e-01 9.44100015e-01 2.21232534e-18 4.02912233e-18 1.40808814e-06 3.39725510e-07 3.39725510e-07 3.56292512e-03 3.56292512e-03 5.13407604e-04 1.16732134e-17 3.64438000e-03 1.18028029e-02 7.61285710e-03 4.95450325e-03 4.34621374e-03 4.37552121e-03 5.77347687e-03
1.48348348e-01 -2.06697975e+01 -2.06697975e+01 -2.50725141e-02 -6.80090041e-03 -6.80089712e-03 7.13254574e+01 7.13254574e+01 1.03602114e+02 1.73372523e+02 2.02762435e+02 2.65812871e+02 3.30011687e+02 4.30027086e+02 5.35197781e+02 6.42488116e+02 7.56427443e+02 6.71084820e-16 1.72475496e-16 4.82249942e-05 1.72267782e-15 2.54501598e-13 2.89036807e-16 5.56838927e-27 9.99569290e-01 1.24409651e-15 9.78055341e-01 7.38977442e-01 9.00701553e-01 9.59145113e-01 9.68698996e-01 9.68257387e-01 9.43958990e-01 5.45497395e-18 5.98993772e-18 1.40808814e-06 3.39725510e-07 3.39725510e-07 3.56292512e-03 3.56292512e-03 5.13964201e-04 1.88849311e-17 3.64884917e-03 1.17993552e-02 7.60852503e-03 4.95481669e-03 4.34751486e-03 4.37758474e-03 5.78054526e-03
1.48498498e-01 -2.06697975e+01 -2.06697975e+01 -2.50725136e-02 -6.80091648e-03 -6.80088483e-03 7.13254574e+01 7.13254574e+01 1.03601386e+02 1.73372523e+02 2.02750261e+02 2.65766923e+02 3.30018430e+02 4.30043597e+02 5.35219825e+02 6.42519173e+02 7.56496728e+02 1.02256332e-15 1.01039554e-15 4.82738049e-05 2.54855918e-13 1.78361087e-16 5.57138931e-27 2.03074747e-16 9.99568356e-01 7.68738392e-16 9.78000931e-01 7.39157101e-01 9.00820732e-01 9.59139932e-01 9.68680049e-01 9.68227075e-01 9.43817754e-01 1.35722598e-18 7.52863141e-18 1.40808814e-06 3.39725510e-07 3.39725510e-07 3.56292512e-03 3.56292512e-03 5.14520912e-04 1.54457734e-17 3.65331966e-03 1.17959031e-02 7.60419615e-03 4.95512430e-03 4.34880957e-03 4.37964067e-03 5.78761456e-03
1.48648649e-01 -2.06697975e+01 -2.06697975e+01 -2.50725136e-02 -6.80089087e-03 -6.80088971e-03 7.13254574e+01 7.13254574e+01 1.03600656e+02 1.73372523e+02 2.02738069e+02 2.65720997e+02 3.30025161e+02 4.30060095e+02 5.35241862e+02 6.42550231e+02 7.56566122e+02 4.35253538e-16 5.37553726e-16 4.83226157e-05 2.54953511e-13 4.73074932e-15 5.57439161e-27 1.96005045e-16 9.99567421e-01 1.51631828e-16 9.77946435e-01 7.39336890e-01 9.00939739e-01 9.59134848e-01 9.68661189e-01 9.68196860e-01 9.43676307e-01 6.21186860e-18 6.11626979e-18 1.40808814e-06 3.39725510e-07 3.39725510e-07 3.56292512e-03 3.56292512e-03 5.15077736e-04 7.91565098e-19 3.65779147e-03 1.17924466e-02 7.59987045e-03 4.95542609e-03 4.35009786e-03 4.38168902e-03 5.79468475e-03
1.48798799e-01 -2.06697975e+01 -2.06697975e+01 -2.50725141e-02 -6.80090706e-03 -6.80089339e-03 7.13254574e+01 7.13254574e+01 1.03599926e+02 1.73372523e+02 2.02725857e+02 2.65675096e+02 3.30031880e+02 4.30076581e+02 5.35263891e+02 6.42581288e+02 7.56635624e+02 8.31741016e-16 7.53090924e-16 4.83714264e-05 4.06153729e-16 2.55392490e-13 1.70690218e-16 5.57739616e-27 9.99566485e-01 7.15536010e-16 9.77891853e-01 7.39516809e-01 9.01058576e-01 9.59129862e-01 9.68642418e-01 9.68166741e-01 9.43534648e-01 4.78453074e-18 4.28982948e-18 1.40808814e-06 3.39725510e-07 3.39725510e-07 3.56292512e-03 3.56292512e-03 5.15634674e-04 1.62863759e-18 3.66226459e-03 1.17889858e-02 7.59554793e-03 4.95572209e-03 4.35137974e-03 4.38372977e-03 5.80175582e-03
1.48948949e-01 -2.06697975e+01 -2.06697975e+01 -2.50725147e-02 -6.80088258e-03 -6.80087975e-03 7.13254574e+01 7.13254574e+01 1.03599195e+02 1.73372523e+02 2.02713626e+02 2.65629217e+02 3.30038588e+02 4.30093054e+02 5.35285913e+02 6.42612345e+02 7.56705234e+02 1.02122335e-15 4.69572483e-16 4.84202371e-05 2.55560937e-13 1.88836622e-15 5.58201762e-27 3.70809198e-16 9.99565548e-01 1.29130369e-15 9.77837185e-01 7.39696856e-01 9.01177242e-01 9.59124973e-01 9.68623734e-01 9.68136720e-01 9.43392777e-01 5.89713728e-18 1.85593664e-18 1.40808814e-06 3.39725510e-07 3.39725510e-07 3.56292512e-03 3.56292512e-03 5.16191725e-04 1.94794690e-17 3.66673901e-03 1.17855207e-02 7.59122860e-03 4.95601230e-03 4.35265523e-03 4.38576293e-03 5.80882776e-03
1.49099099e-01 -2.06697975e+01 -2.06697975e+01 -2.50725137e-02 -6.80090365e-03 -6.80089885e-03 7.13254574e+01 7.13254574e+01 1.03598464e+02 1.73372523e+02 2.02701375e+02 2.65583362e+02 3.30045283e+02 4.30109514e+02 5.35307927e+02 6.42643402e+02 7.56774953e+02 1.04196320e-15 3.59066361e-16 4.84690478e-05 1.13636020e-15 2.55822381e-13 1.74160780e-16 5.58502953e-27 9.99564609e-01 3.58789160e-16 9.77782432e-01 7.39877031e-01 9.01295737e-01 9.59120181e-01 9.68605138e-01 9.68106796e-01 9.43250695e-01 8.73671999e-18 2.28627384e-18 1.40808814e-06 3.39725510e-07 3.39725510e-07 3.56292512e-03 3.56292512e-03 5.16748891e-04 3.66647411e-18 3.67121473e-03 1.17820512e-02 7.58691245e-03 4.95629674e-03 4.35392433e-03 4.38778850e-03 5.81590055e-03
1.49249249e-01 -2.06697975e+01 -2.06697975e+01 -2.50725142e-02 -6.80090474e-03 -6.80089589e-03 7.13254574e+01 7.13254574e+01 1.03597731e+02 1.73372523e+02 2.02689106e+02 2.65537530e+02 3.30051966e+02 4.30125961e+02 5.35329934e+02 6.42674459e+02 7.56844780e+02 1.99934402e-15 1.23317601e-15 4.85178585e-05 2.56113819e-13 6.04050550e-16 5.94687353e-23 1.90277469e-16 9.99563669e-01 4.28890376e-16 9.77727593e-01 7.40057334e-01 9.01414062e-01 9.59115486e-01 9.68586630e-01 9.68076970e-01 9.43108402e-01 3.49678654e-18 2.93496612e-18 1.40808814e-06 3.39725510e-07 3.39725510e-07 3.56292512e-03 3.56292512e-03 5.17306170e-04 1.14727297e-17 3.67569175e-03 1.17785775e-02 7.58259949e-03 4.95657543e-03 4.35518705e-03 4.38980647e-03 5.82297418e-03
1.49399399e-01 -2.06697975e+01 -2.06697975e+01 -2.50725147e-02 -6.80090391e-03 -6.80089950e-03 7.13254574e+01 7.13254574e+01 1.03596998e+02 1.73372523e+02 2.02676816e+02 2.65491722e+02 3.30058637e+02 4.30142396e+02 5.35351933e+02 6.42705516e+02 7.56914716e+02 1.21881449e-15 4.61856936e-16 4.85666693e-05 2.56312068e-13 1.19877945e-15 1.37872148e-16 5.59268795e-27 9.99562728e-01 6.45076285e-16 9.77672669e-01 7.40237765e-01 9.01532217e-01 9.59110887e-01 9.68568210e-01 9.68047241e-01 9.42965897e-01 8.28669308e-18 4.22905638e-18 1.40808814e-06 3.39725510e-07 3.39725510e-07 3.56292512e-03 3.56292512e-03 5.17863564e-04 8.59782074e-18 3.68017005e-03 1.17750993e-02 7.57828972e-03 4.95684838e-03 4.35644339e-03 4.39181685e-03 5.83004864e-03
1.49549550e-01 -2.06697975e+01 -2.06697975e+01 -2.50725143e-02 -6.80089357e-03 -6.80088698e-03 7.13254574e+01 7.13254574e+01 1.03596263e+02 1.73372523e+02 2.02664508e+02 2.65445937e+02 3.30065297e+02 4.30158819e+02 5.35373925e+02 6.42736572e+02 7.56984761e+02 2.70977853e-16 5.86229828e-16 4.86154800e-05 2.56498744e-13 7.35308793e-16 5.59570949e-27 2.24592494e-16 9.99561786e-01 4.89772933e-16 9.77617659e-01 7.40418324e-01 9.01650202e-01 9.59106384e-01 9.68549877e-01 9.68017611e-01 9.42823182e-01 1.14024962e-17 1.05329418e-17 1.40808814e-06 3.39725510e-07 3.39725510e-07 3.56292512e-03 3.56292512e-03 5.18421072e-04 3.39365031e-18 3.68464963e-03 1.17716169e-02 7.57398313e-03 4.95711561e-03 4.35769337e-03 4.39381963e-03 5.83712391e-03
1.49699700e-01 -2.06697975e+01 -2.06697975e+01 -2.50725138e-02 -6.80089972e-03 -6.80088366e-03 7.13254574e+01 7.13254574e+01 1.03595528e+02 1.73372523e+02 2.02652179e+02 2.65400176e+02 3.30071944e+02 4.30175228e+02 5.35395908e+02 6.42767628e+02 7.57054914e+02 3.13526965e-16 4.39327318e-16 4.86642907e-05 2.56765224e-13 3.38642375e-16 2.62151739e-16 5.59873332e-27 9.99560843e-01 2.62903702e-16 9.77562562e-01 7.40599009e-01 9.01768017e-01 9.59101977e-01 9.68531632e-01 9.67988078e-01 9.42680255e-01 5.02585961e-18 9.64832715e-18 1.40808814e-06 3.39725510e-07 3.39725510e-07 3.56292512e-03 3.56292512e-03 5.18978695e-04 2.43534731e-18 3.68913049e-03 1.17681301e-02 7.56967973e-03 4.95737713e-03 4.35893698e-03 4.39581482e-03 5.84419999e-03
1.49849850e-01 -2.06697975e+01 -2.06697975e+01 -2.50725134e-02 -6.80089915e-03 -6.80089386e-03 7.13254574e+01 7.13254574e+01 1.03594792e+02 1.73372523e+02 2.02639832e+02 2.65354439e+02 3.30078580e+02 4.30191625e+02 5.35417885e+02 6.42798683e+02 7.57125176e+02 3.31541100e-16 3.77111950e-16 4.87131014e-05 2.57094876e-13 1.05988064e-15 2.41527280e-16 5.60590324e-27 9.99559898e-01 4.71003397e-16 9.77507381e-01 7.40779820e-01 9.01885663e-01 9.59097666e-01 9.68513475e-01 9.67958644e-01 9.42537118e-01 4.77208069e-18 1.83541724e-18 1.40808814e-06 3.39725510e-07 3.39725510e-07 3.56292512e-03 3.56292512e-03 5.19536432e-04 1.17944439e-17 3.69361263e-03 1.17646390e-02 7.56537951e-03 4.95763295e-03 4.36017425e-03 4.39780240e-03 5.85127686e-03
1.50000000e-01 -2.06697975e+01 -2.06697975e+01 -2.50725143e-02 -6.80091413e-03 -6.80090627e-03 7.13254574e+01 7.13254574e+01 1.03594055e+02 1.73372523e+02 2.02627465e+02 2.65308726e+02 3.30085204e+02 4.30208009e+02 5.35439853e+02 6.42829738e+02 7.57195547e+02 1.04085069e-15 1.11241216e-15 4.87619122e-05 2.57340185e-13 6.25026417e-16 5.60893629e-27 1.91673849e-16 9.99558952e-01 5.69433119e-16 9.77452113e-01 7.40960757e-01 9.02003140e-01 9.59093450e-01 9.68495405e-01 9.67929308e-01 9.42393769e-01 3.58226645e-18 3.42849256e-18 1.40808814e-06 3.39725510e-07 3.39725510e-07 3.56292512e-03 3.56292512e-03 5.20094284e-04 1.84080937e-18 3.69809602e-03 1.17611436e-02 7.56108248e-03 4.95788309e-03 4.36140518e-03 4.39978239e-03 5.85835452e-03
