# CO2 Fig2 splitting via electric-field response (Eq. 30), single resonant cavity mode, chi included (VASP matter data).
# omega_res = 311.846 meV ; nmodes = 10.  The paper's Fig 2 used Octopus for both curves; the Octopus explicit-CBOA points are in CO2_Fig2_splitting_octopus.dat.
# col0 = lambda ; cols 1..10 = frequency (meV) ; cols 11..20 = photon character
0.00000000e+00 -2.06697975e+01 -2.06697975e+01 -2.50725140e-02 -6.80089439e-03 -6.80089434e-03 7.13254574e+01 7.13254574e+01 1.73372523e+02 3.11846068e+02 3.11846068e+02 0.00000000e+00 0.00000000e+00 0.00000000e+00 0.00000000e+00 0.00000000e+00 0.00000000e+00 0.00000000e+00 0.00000000e+00 0.00000000e+00 1.00000000e+00
3.00300300e-04 -2.06697975e+01 -2.06697975e+01 -2.50725143e-02 -6.80089650e-03 -6.80089368e-03 7.13254574e+01 7.13254574e+01 1.73372523e+02 3.11774332e+02 3.11917445e+02 7.47460073e-18 6.65694378e-18 3.68974387e-08 6.01191860e-17 7.16887281e-17 1.15123301e-31 3.66775939e-20 2.59100005e-17 7.08114730e-01 7.06097394e-01
6.00600601e-04 -2.06697975e+01 -2.06697975e+01 -2.50725142e-02 -6.80089433e-03 -6.80089246e-03 7.13254574e+01 7.13254574e+01 1.73372523e+02 3.11702235e+02 3.11988464e+02 9.88565456e-17 4.60925873e-17 7.37948772e-08 2.09994300e-19 1.80754339e-17 1.61743027e-35 8.50798385e-20 9.54786339e-18 7.09121222e-01 7.05086586e-01
9.00900901e-04 -2.06697975e+01 -2.06697975e+01 -2.50725141e-02 -6.80089496e-03 -6.80089183e-03 7.13254574e+01 7.13254574e+01 1.73372523e+02 3.11629778e+02 3.12059126e+02 1.14784890e-16 2.61553978e-17 1.10692316e-07 1.83057050e-16 1.33937599e-16 3.45358483e-31 1.09990836e-19 1.29300316e-16 7.10126237e-01 7.04074376e-01
1.20120120e-03 -2.06697975e+01 -2.06697975e+01 -2.50725144e-02 -6.80089438e-03 -6.80089427e-03 7.13254574e+01 7.13254574e+01 1.73372523e+02 3.11556959e+02 3.12129432e+02 1.21246565e-16 3.56220601e-17 1.47589755e-07 9.92325346e-17 2.07450548e-17 2.26991543e-35 1.58340637e-19 8.75341291e-17 7.11129760e-01 7.03060783e-01
1.50150150e-03 -2.06697975e+01 -2.06697975e+01 -2.50725142e-02 -6.80089442e-03 -6.80089432e-03 7.13254574e+01 7.13254574e+01 1.73372523e+02 3.11483778e+02 3.12199382e+02 1.39794187e-16 1.13176723e-17 1.84487193e-07 1.14212206e-17 4.89230344e-17 2.96769756e-35 2.12516115e-19 2.54538426e-18 7.12131770e-01 7.02045826e-01
1.80180180e-03 -2.06697975e+01 -2.06697975e+01 -2.50725139e-02 -6.80089507e-03 -6.80089437e-03 7.13254574e+01 7.13254574e+01 1.73372523e+02 3.11410232e+02 3.12268979e+02 3.21386137e-17 1.06433330e-17 2.21384632e-07 5.35072026e-17 1.66949069e-18 4.84734293e-35 2.54904008e-19 1.00930440e-17 7.13132250e-01 7.01029524e-01
2.10210210e-03 -2.06697975e+01 -2.06697975e+01 -2.50725141e-02 -6.80089642e-03 -6.80089438e-03 7.13254574e+01 7.13254574e+01 1.73372523e+02 3.11336322e+02 3.12338222e+02 4.33051839e-17 5.12496056e-17 2.58282071e-07 7.46609549e-17 7.97247715e-19 2.61958363e-35 7.49583803e-20 5.83269142e-18 7.14131183e-01 7.00011896e-01
2.40240240e-03 -2.06697975e+01 -2.06697975e+01 -2.50725140e-02 -6.80089560e-03 -6.80089437e-03 7.13254574e+01 7.13254574e+01 1.73372523e+02 3.11262046e+02 3.12407114e+02 9.54605257e-19 2.91439726e-18 2.95179509e-07 7.69403754e-17 1.36257292e-18 6.45751205e-35 3.39480581e-19 1.12759535e-16 7.15128549e-01 6.98992960e-01
2.70270270e-03 -2.06697975e+01 -2.06697975e+01 -2.50725141e-02 -6.80089435e-03 -6.80089431e-03 7.13254574e+01 7.13254574e+01 1.73372523e+02 3.11187404e+02 3.12475654e+02 3.84879899e-17 1.15407554e-16 3.32076948e-07 7.11958257e-17 5.65506342e-17 3.42316182e-35 1.59357943e-19 5.55673357e-17 7.16124333e-01 6.97972736e-01
3.00300300e-03 -2.06697975e+01 -2.06697975e+01 -2.50725140e-02 -6.80089439e-03 -6.80089428e-03 7.13254574e+01 7.13254574e+01 1.73372523e+02 3.11112394e+02 3.12543844e+02 7.85096605e-17 1.29770667e-16 3.68974386e-07 1.59558555e-29 9.36952822e-30 1.11244600e-46 3.01947483e-29 3.32109829e-18 7.17118515e-01 6.96951243e-01
3.30330330e-03 -2.06697975e+01 -2.06697975e+01 -2.50725143e-02 -6.80089438e-03 -6.80089432e-03 7.13254574e+01 7.13254574e+01 1.73372523e+02 3.11037017e+02 3.12611685e+02 1.30497841e-16 3.91516581e-17 4.05871825e-07 4.63837237e-17 1.01056624e-16 4.60196381e-35 2.43375111e-19 1.71243647e-16 7.18111079e-01 6.95928501e-01
3.60360360e-03 -2.06697975e+01 -2.06697975e+01 -2.50725143e-02 -6.80089438e-03 -6.80089433e-03 7.13254574e+01 7.13254574e+01 1.73372523e+02 3.10961270e+02 3.12679178e+02 9.36571921e-18 3.59274113e-17 4.42769264e-07 5.42823929e-17 1.08457816e-16 7.10202356e-35 5.07543291e-19 1.00735534e-16 7.19102007e-01 6.94904528e-01
3.90390390e-03 -2.06697975e+01 -2.06697975e+01 -2.50725143e-02 -6.80089431e-03 -6.80089423e-03 7.13254574e+01 7.13254574e+01 1.73372523e+02 3.10885153e+02 3.12746324e+02 1.64923523e-19 4.55464136e-17 4.79666703e-07 1.12071076e-16 3.06170144e-17 7.42848621e-35 3.26925998e-19 1.76222072e-16 7.20091283e-01 6.93879345e-01
4.20420420e-03 -2.06697975e+01 -2.06697975e+01 -2.50725141e-02 -6.80089442e-03 -6.80089433e-03 7.13254574e+01 7.13254574e+01 1.73372523e+02 3.10808665e+02 3.12813124e+02 1.10348293e-17 4.10393966e-17 5.16564141e-07 3.30880703e-17 1.37692120e-16 4.45010614e-35 1.46139084e-19 1.74504592e-19 7.21078888e-01 6.92852970e-01
4.50450450e-03 -2.06697975e+01 -2.06697975e+01 -2.50725141e-02 -6.80089433e-03 -6.80089414e-03 7.13254574e+01 7.13254574e+01 1.73372523e+02 3.10731806e+02 3.12879579e+02 2.00974254e-17 8.25080331e-17 5.53461580e-07 1.30319696e-17 1.09123253e-16 1.50900926e-34 8.54685050e-19 2.10467861e-16 7.22064806e-01 6.91825423e-01
4.80480480e-03 -2.06697975e+01 -2.06697975e+01 -2.50725144e-02 -6.80089436e-03 -6.80089431e-03 7.13254574e+01 7.13254574e+01 1.73372523e+02 3.10654574e+02 3.12945691e+02 2.97985106e-18 4.88218469e-17 5.90359019e-07 1.39759618e-16 8.05768598e-17 9.44316931e-35 6.73592818e-19 5.41312785e-17 7.23049020e-01 6.90796725e-01
5.10510511e-03 -2.06697975e+01 -2.06697975e+01 -2.50725139e-02 -6.80089598e-03 -6.80089438e-03 7.13254574e+01 7.13254574e+01 1.73372523e+02 3.10576969e+02 3.13011460e+02 2.39420917e-17 1.95701622e-17 6.27256457e-07 1.93078526e-16 2.62099771e-18 1.05986662e-34 4.92293334e-19 3.02467111e-17 7.24031513e-01 6.89766894e-01
5.40540541e-03 -2.06697975e+01 -2.06697975e+01 -2.50725143e-02 -6.80089437e-03 -6.80089431e-03 7.13254574e+01 7.13254574e+01 1.73372523e+02 3.10498989e+02 3.13076887e+02 3.93819734e-17 2.62649727e-17 6.64153896e-07 1.65116261e-16 7.58804016e-17 6.77525934e-35 3.10772411e-19 2.17954450e-16 7.25012269e-01 6.88735951e-01
5.70570571e-03 -2.06697975e+01 -2.06697975e+01 -2.50725143e-02 -6.80089438e-03 -6.80089433e-03 7.13254574e+01 7.13254574e+01 1.73372523e+02 3.10420635e+02 3.13141973e+02 1.14254676e-16 1.73353869e-17 7.01051335e-07 8.95999497e-17 1.68254793e-16 1.30860531e-34 1.01886811e-18 1.37441891e-16 7.25991271e-01 6.87703915e-01
6.00600601e-03 -2.06697975e+01 -2.06697975e+01 -2.50725141e-02 -6.80089443e-03 -6.80089435e-03 7.13254574e+01 7.13254574e+01 1.73372523e+02 3.10341905e+02 3.13206720e+02 1.22282868e-16 8.15149829e-18 7.37948773e-07 6.39160791e-17 1.90111271e-16 1.17511535e-34 8.36957956e-19 1.28170178e-16 7.26968502e-01 6.86670806e-01
6.30630631e-03 -2.06697975e+01 -2.06697975e+01 -2.50725140e-02 -6.80089433e-03 -6.80089338e-03 7.13254574e+01 7.13254574e+01 1.73372523e+02 3.10262798e+02 3.13271128e+02 5.87666929e-18 2.40029457e-17 7.74846212e-07 4.39081414e-18 1.91508463e-16 1.37295492e-34 6.54788723e-19 1.95533518e-16 7.27943948e-01 6.85636645e-01
6.60660661e-03 -2.06697975e+01 -2.06697975e+01 -2.50725142e-02 -6.80089434e-03 -6.80089430e-03 7.13254574e+01 7.13254574e+01 1.73372523e+02 3.10183314e+02 3.13335200e+02 1.43443352e-17 2.68972861e-18 8.11743650e-07 1.48773101e-16 1.64927982e-16 9.07492073e-35 4.72346214e-19 6.12525928e-17 7.28917590e-01 6.84601451e-01
6.90690691e-03 -2.06697975e+01 -2.06697975e+01 -2.50725143e-02 -6.80089434e-03 -6.80089430e-03 7.13254574e+01 7.13254574e+01 1.73372523e+02 3.10103452e+02 3.13398935e+02 4.16580248e-17 4.37495532e-17 8.48641089e-07 9.55688205e-16 1.01806334e-15 1.03532669e-34 5.99785210e-19 7.85771469e-17 7.29889414e-01 6.83565244e-01
7.20720721e-03 -2.06697975e+01 -2.06697975e+01 -2.50725140e-02 -6.80089439e-03 -6.80089428e-03 7.13254574e+01 7.13254574e+01 1.73372523e+02 3.10023211e+02 3.13462334e+02 6.83706441e-17 3.85003481e-17 8.85538528e-07 3.82151175e-29 2.24405154e-29 2.66681447e-46 7.23180184e-29 6.60896567e-17 7.30859404e-01 6.82528045e-01
7.50750751e-03 -2.06697975e+01 -2.06697975e+01 -2.50725144e-02 -6.80089736e-03 -6.80089430e-03 7.13254574e+01 7.13254574e+01 1.73372523e+02 3.09942590e+02 3.13525400e+02 4.88106722e-17 1.16734760e-17 9.22435966e-07 2.26189389e-16 1.60900171e-18 1.68054611e-34 8.13740786e-19 1.53988767e-16 7.31827543e-01 6.81489873e-01
7.80780781e-03 -2.06697975e+01 -2.06697975e+01 -2.50725139e-02 -6.80089440e-03 -6.80089435e-03 7.13254574e+01 7.13254574e+01 1.73372523e+02 3.09861589e+02 3.13588133e+02 3.17519513e-17 2.30542465e-17 9.59333405e-07 1.21457711e-15 1.00824920e-15 9.98187514e-35 4.77617343e-19 1.40031042e-16 7.32793817e-01 6.80450749e-01
8.10810811e-03 -2.06697975e+01 -2.06697975e+01 -2.50725143e-02 -6.80089651e-03 -6.80089433e-03 7.13254574e+01 7.13254574e+01 1.73372523e+02 3.09780207e+02 3.13650535e+02 7.03780181e-17 1.90578067e-17 9.96230844e-07 2.39342795e-16 2.40121584e-18 2.44011472e-34 1.33705839e-18 1.42468393e-16 7.33758209e-01 6.79410693e-01
8.40840841e-03 -2.06697975e+01 -2.06697975e+01 -2.50725141e-02 -6.80089437e-03 -6.80089384e-03 7.13254574e+01 7.13254574e+01 1.73372523e+02 3.09698443e+02 3.13712605e+02 3.00286865e-18 6.81220483e-17 1.03312828e-06 1.37578836e-17 3.35672170e-16 9.96148739e-35 2.62053521e-19 2.13103205e-16 7.34720705e-01 6.78369726e-01
8.70870871e-03 -2.06697975e+01 -2.06697975e+01 -2.50725145e-02 -6.80089435e-03 -6.80089430e-03 7.13254574e+01 7.13254574e+01 1.73372523e+02 3.09616297e+02 3.13774347e+02 4.70225661e-16 7.89426245e-17 1.07002572e-06 1.24534565e-15 1.24534567e-15 2.20771343e-21 7.98294694e-19 1.31348385e-17 7.35681290e-01 6.77327867e-01
9.00900901e-03 -2.06697975e+01 -2.06697975e+01 -2.50725140e-02 -6.80089442e-03 -6.80089430e-03 7.13254574e+01 7.13254574e+01 1.73372523e+02 3.09533767e+02 3.13835760e+02 2.88988987e-17 1.20383020e-16 1.10692316e-06 3.41202014e-16 1.79154268e-15 1.96538055e-34 1.49876171e-18 1.62382321e-17 7.36639947e-01 6.76285138e-01
9.30930931e-03 -2.06697975e+01 -2.06697975e+01 -2.50725147e-02 -6.80089439e-03 -6.80089428e-03 7.13254574e+01 7.13254574e+01 1.73372523e+02 3.09450854e+02 3.13896845e+02 1.70141133e-18 4.10698628e-17 1.14382060e-06 4.92789733e-29 2.89373848e-29 3.44144933e-46 9.32551808e-29 9.45734647e-18 7.37596664e-01 6.75241558e-01
9.60960961e-03 -2.06697975e+01 -2.06697975e+01 -2.50725139e-02 -6.80089625e-03 -6.80089442e-03 7.13254574e+01 7.13254574e+01 1.73372523e+02 3.09367556e+02 3.13957605e+02 8.60601482e-17 5.52225841e-17 1.18071804e-06 1.94669818e-15 2.31885060e-17 2.24671948e-34 1.11644281e-18 3.03670899e-16 7.38551424e-01 6.74197148e-01
9.90990991e-03 -2.06697975e+01 -2.06697975e+01 -2.50725141e-02 -6.80089438e-03 -6.80089430e-03 7.13254574e+01 7.13254574e+01 1.73372523e+02 3.09283872e+02 3.14018040e+02 5.84104273e-17 8.81181463e-18 1.21761548e-06 9.70274423e-17 3.19113499e-16 9.47244424e-35 2.26679856e-19 6.57119701e-17 7.39504213e-01 6.73151929e-01
1.02102102e-02 -2.06697975e+01 -2.06697975e+01 -2.50725141e-02 -6.80089437e-03 -6.80089301e-03 7.13254574e+01 7.13254574e+01 1.73372523e+02 3.09199803e+02 3.14078151e+02 5.27741923e-17 2.42713371e-17 1.25451291e-06 5.98103563e-18 3.73952840e-16 2.04674034e-34 9.31995470e-19 1.09722061e-16 7.40455017e-01 6.72105920e-01
1.05105105e-02 -2.06697975e+01 -2.06697975e+01 -2.50725142e-02 -6.80089442e-03 -6.80089432e-03 7.13254574e+01 7.13254574e+01 1.73372523e+02 3.09115347e+02 3.14137939e+02 6.16339242e-17 1.75502052e-17 1.29141035e-06 7.60203649e-17 3.44059672e-16 2.20372603e-34 1.63720368e-18 5.52640505e-17 7.41403821e-01 6.71059143e-01
1.08108108e-02 -2.06697975e+01 -2.06697975e+01 -2.50725141e-02 -6.80089442e-03 -6.80089430e-03 7.13254574e+01 7.13254574e+01 1.73372523e+02 3.09030504e+02 3.14197406e+02 5.70608252e-17 1.51175373e-17 1.32830779e-06 6.69755103e-17 3.56536567e-16 1.30003118e-34 5.57985808e-19 9.81084197e-17 7.42350612e-01 6.70011618e-01
1.11111111e-02 -2.06697975e+01 -2.06697975e+01 -2.50725142e-02 -6.80089438e-03 -6.80089429e-03 7.13254574e+01 7.13254574e+01 1.73372523e+02 3.08945273e+02 3.14256553e+02 5.62526250e-17 7.91422377e-18 1.36520523e-06 9.92333413e-17 3.61048043e-16 1.92766759e-34 1.26262069e-18 1.85253540e-16 7.43295375e-01 6.68963366e-01
1.14114114e-02 -2.06697975e+01 -2.06697975e+01 -2.50725138e-02 -6.80089442e-03 -6.80089433e-03 7.13254574e+01 7.13254574e+01 1.73372523e+02 3.08859654e+02 3.14315381e+02 2.49857289e-17 8.86255145e-17 1.40210267e-06 2.34181578e-16 9.34323788e-16 2.45579327e-34 1.85563296e-18 1.45873919e-16 7.44238097e-01 6.67914407e-01
1.17117117e-02 -2.06697975e+01 -2.06697975e+01 -2.50725141e-02 -6.80089438e-03 -6.80089432e-03 7.13254574e+01 7.13254574e+01 1.73372523e+02 3.08773646e+02 3.14373890e+02 2.01395611e-17 1.09993151e-18 1.43900011e-06 1.43791785e-16 3.67588017e-16 1.65001241e-34 8.86114722e-19 5.27008193e-17 7.45178764e-01 6.66864762e-01
1.20120120e-02 -2.06697975e+01 -2.06697975e+01 -2.50725145e-02 -6.80089438e-03 -6.80089430e-03 7.13254574e+01 7.13254574e+01 1.73372523e+02 3.08687248e+02 3.14432084e+02 1.49316183e-17 6.55878231e-17 1.47589755e-06 3.05450642e-16 9.67020514e-16 2.17234352e-34 1.47263646e-18 2.59048724e-16 7.46117361e-01 6.65814451e-01
1.23123123e-02 -2.06697975e+01 -2.06697975e+01 -2.50725146e-02 -6.80089433e-03 -6.80089428e-03 7.13254574e+01 7.13254574e+01 1.73372523e+02 3.08600460e+02 3.14489961e+02 1.48774532e-16 9.00077076e-18 1.51279498e-06 1.03030825e-15 2.25361579e-15 1.28276193e-34 2.66943071e-19 3.05003810e-17 7.47053877e-01 6.64763495e-01
1.26126126e-02 -2.06697975e+01 -2.06697975e+01 -2.50725136e-02 -6.80089442e-03 -6.80089431e-03 7.13254574e+01 7.13254574e+01 1.73372523e+02 3.08513281e+02 3.14547524e+02 4.84290830e-18 1.91013340e-17 1.54969242e-06 8.57401799e-17 4.14666121e-16 1.99697238e-34 1.21081628e-18 3.06001321e-16 7.47988297e-01 6.63711916e-01
1.29129129e-02 -2.06697975e+01 -2.06697975e+01 -2.50725142e-02 -6.80089434e-03 -6.80089430e-03 7.13254574e+01 7.13254574e+01 1.73372523e+02 3.08425711e+02 3.14604775e+02 5.05391546e-17 1.42506060e-17 1.58658986e-06 2.67048894e-16 3.41273442e-16 2.62311222e-34 1.91392831e-18 1.24782523e-16 7.48920610e-01 6.62659732e-01
1.32132132e-02 -2.06697975e+01 -2.06697975e+01 -2.50725140e-02 -6.80089438e-03 -6.80089431e-03 7.13254574e+01 7.13254574e+01 1.73372523e+02 3.08337749e+02 3.14661713e+02 1.97374510e-17 6.59537563e-17 1.62348730e-06 1.45149538e-16 4.17103725e-16 1.71519907e-34 8.29429978e-19 1.93438004e-16 7.49850800e-01 6.61606966e-01
1.35135135e-02 -2.06697975e+01 -2.06697975e+01 -2.50725144e-02 -6.80089428e-03 -6.80089359e-03 7.13254574e+01 7.13254574e+01 1.73372523e+02 3.08249394e+02 3.14718340e+02 2.36773964e-18 8.46705155e-17 1.66038474e-06 1.48438976e-17 4.67195790e-16 3.06642815e-34 1.53184007e-18 3.40352585e-16 7.50778857e-01 6.60553637e-01
1.38138138e-02 -2.06697975e+01 -2.06697975e+01 -2.50725144e-02 -6.80089438e-03 -6.80089433e-03 7.13254574e+01 7.13254574e+01 1.73372523e+02 3.08160647e+02 3.14774658e+02 2.50989875e-17 8.30489107e-17 1.69728218e-06 1.98387039e-16 4.17622332e-16 2.96601549e-34 2.23410993e-18 2.43819415e-16 7.51704767e-01 6.59499767e-01
1.41141141e-02 -2.06697975e+01 -2.06697975e+01 -2.50725142e-02 -6.80089438e-03 -6.80089432e-03 7.13254574e+01 7.13254574e+01 1.73372523e+02 3.08071506e+02 3.14830667e+02 4.51915368e-17 4.71703226e-17 1.73417962e-06 4.82294193e-16 1.08740030e-15 1.93347354e-34 1.00948137e-18 5.03503323e-17 7.52628519e-01 6.58445376e-01
1.44144144e-02 -2.06697975e+01 -2.06697975e+01 -2.50725141e-02 -6.80089442e-03 -6.80089435e-03 7.13254574e+01 7.13254574e+01 1.73372523e+02 3.07981971e+02 3.14886370e+02 1.33588878e-17 8.73701630e-17 1.77107706e-06 9.09229790e-16 2.77154197e-15 2.43003513e-34 1.56719809e-18 7.62434105e-18 7.53550098e-01 6.57390484e-01
1.47147147e-02 -2.06697975e+01 -2.06697975e+01 -2.50725139e-02 -6.80089442e-03 -6.80089432e-03 7.13254574e+01 7.13254574e+01 1.73372523e+02 3.07892042e+02 3.14941766e+02 2.37635597e-18 5.75703528e-18 1.80797449e-06 1.12334892e-16 4.83504251e-16 1.76991678e-34 7.60534670e-19 1.51702108e-16 7.54469495e-01 6.56335113e-01
1.50150150e-02 -2.06697975e+01 -2.06697975e+01 -2.50725138e-02 -6.80089447e-03 -6.80089435e-03 7.13254574e+01 7.13254574e+01 1.73372523e+02 3.07801718e+02 3.14996858e+02 9.45924569e-18 2.13615230e-17 1.84487193e-06 9.53212101e-17 4.95432058e-16 2.39383820e-34 1.46127194e-18 6.02503878e-17 7.55386696e-01 6.55279284e-01
1.53153153e-02 -2.06697975e+01 -2.06697975e+01 -2.50725141e-02 -6.80089442e-03 -6.80089431e-03 7.13254574e+01 7.13254574e+01 1.73372523e+02 3.07710998e+02 3.15051646e+02 1.65166094e-16 1.19773826e-16 1.88176937e-06 2.51850576e-16 1.26908925e-15 2.88427356e-34 2.01217272e-18 2.57018775e-16 7.56301690e-01 6.54223015e-01
1.56156156e-02 -2.06697975e+01 -2.06697975e+01 -2.50725143e-02 -6.80089438e-03 -6.80089431e-03 7.13254574e+01 7.13254574e+01 1.73372523e+02 3.07619883e+02 3.15106132e+02 1.18644663e-16 7.92520718e-17 1.91866681e-06 1.03289385e-15 2.98343078e-15 1.80863802e-34 7.65771796e-19 5.30498064e-17 7.57214465e-01 6.53166329e-01
1.59159159e-02 -2.06697975e+01 -2.06697975e+01 -2.50725142e-02 -6.80089442e-03 -6.80089434e-03 7.13254574e+01 7.13254574e+01 1.73372523e+02 3.07528371e+02 3.15160317e+02 4.01966721e-17 7.67366923e-18 1.95556425e-06 1.54051821e-16 5.10460120e-16 2.67182358e-34 1.77075475e-18 3.66110418e-16 7.58125010e-01 6.52109246e-01
1.62162162e-02 -2.06697975e+01 -2.06697975e+01 -2.50725138e-02 -6.80089438e-03 -6.80089432e-03 7.13254574e+01 7.13254574e+01 1.73372523e+02 3.07436463e+02 3.15214202e+02 5.22544186e-18 1.87724027e-17 1.99246169e-06 1.97121628e-16 5.06305892e-16 3.35028610e-34 2.47033928e-18 3.45437504e-18 7.59033313e-01 6.51051787e-01
1.65165165e-02 -2.06697975e+01 -2.06697975e+01 -2.50725140e-02 -6.80089439e-03 -6.80089428e-03 7.13254574e+01 7.13254574e+01 1.73372523e+02 3.07344158e+02 3.15267788e+02 2.74385832e-17 2.07831259e-17 2.02935913e-06 8.66550017e-29 5.08851740e-29 6.07567071e-46 1.63985313e-28 3.66055562e-19 7.59939364e-01 6.49993971e-01
1.68168168e-02 -2.06697975e+01 -2.06697975e+01 -2.50725143e-02 -6.80089439e-03 -6.80089428e-03 7.13254574e+01 7.13254574e+01 1.73372523e+02 3.07251455e+02 3.15321077e+02 4.72109973e-18 2.44771934e-17 2.06625656e-06 8.81884054e-29 5.17856127e-29 6.18449639e-46 1.66887115e-28 7.88075836e-18 7.60843151e-01 6.48935821e-01
1.71171171e-02 -2.06697975e+01 -2.06697975e+01 -2.50725140e-02 -6.80089437e-03 -6.80089387e-03 7.13254574e+01 7.13254574e+01 1.73372523e+02 3.07158354e+02 3.15374070e+02 3.13543641e-17 2.76218107e-18 2.10315400e-06 1.46732923e-16 3.39584490e-15 2.14823385e-34 6.45574150e-19 2.67734807e-17 7.61744664e-01 6.47877355e-01
1.74174174e-02 -2.06697975e+01 -2.06697975e+01 -2.50725142e-02 -6.80089428e-03 -6.80089272e-03 7.13254574e+01 7.13254574e+01 1.73372523e+02 3.07064855e+02 3.15426768e+02 1.50580875e-16 4.85709372e-18 2.14005144e-06 4.77155105e-17 3.42502690e-15 3.09183621e-34 1.33749239e-18 1.83584828e-16 7.62643891e-01 6.46818595e-01
1.77177177e-02 -2.06697975e+01 -2.06697975e+01 -2.50725141e-02 -6.80089442e-03 -6.80089433e-03 7.13254574e+01 7.13254574e+01 1.73372523e+02 3.06970958e+02 3.15479172e+02 7.38560239e-18 1.12254422e-17 2.17694888e-06 1.36387819e-16 5.78309888e-16 3.30793717e-34 2.37559004e-18 4.07716200e-17 7.63540823e-01 6.45759561e-01
1.80180180e-02 -2.06697975e+01 -2.06697975e+01 -2.50725141e-02 -6.80089435e-03 -6.80089431e-03 7.13254574e+01 7.13254574e+01 1.73372523e+02 3.06876661e+02 3.15531284e+02 2.87335709e-18 1.48089702e-18 2.21384632e-06 4.61583544e-16 3.91060149e-16 3.90680668e-34 3.07302119e-18 4.38463483e-17 7.64435449e-01 6.44700274e-01
1.83183183e-02 -2.06697975e+01 -2.06697975e+01 -2.50725143e-02 -6.80089428e-03 -6.80089352e-03 7.13254574e+01 7.13254574e+01 1.73372523e+02 3.06781965e+02 3.15583104e+02 1.61701336e-16 4.51285639e-17 2.25074376e-06 1.05627681e-16 3.68853640e-15 3.52990671e-34 1.61586262e-18 3.81401299e-17 7.65327759e-01 6.43640754e-01
1.86186186e-02 -2.06697975e+01 -2.06697975e+01 -2.50725139e-02 -6.80089442e-03 -6.80089286e-03 7.13254574e+01 7.13254574e+01 1.73372523e+02 3.06686870e+02 3.15634635e+02 1.35874566e-16 5.43738398e-17 2.28764120e-06 5.24393580e-17 3.76395128e-15 2.08000574e-34 5.09546654e-19 5.93682112e-17 7.66217744e-01 6.42581022e-01
1.89189189e-02 -2.06697975e+01 -2.06697975e+01 -2.50725139e-02 -6.80089438e-03 -6.80089432e-03 7.13254574e+01 7.13254574e+01 1.73372523e+02 3.06591374e+02 3.15685876e+02 2.21009775e-17 8.35883236e-18 2.32453864e-06 2.73972970e-16 5.73560594e-16 2.78188092e-34 1.56919497e-18 3.94787581e-17 7.67105392e-01 6.41521097e-01
1.92192192e-02 -2.06697975e+01 -2.06697975e+01 -2.50725142e-02 -6.80089435e-03 -6.80089430e-03 7.13254574e+01 7.13254574e+01 1.73372523e+02 3.06495478e+02 3.15736831e+02 2.87301357e-16 7.68348533e-19 2.36143607e-06 2.78102514e-15 2.71625651e-15 3.06641489e-34 1.88890447e-18 1.64668081e-16 7.67990695e-01 6.40461000e-01
1.95195195e-02 -2.06697975e+01 -2.06697975e+01 -2.50725141e-02 -6.80089438e-03 -6.80089268e-03 7.13254574e+01 7.13254574e+01 1.73372523e+02 3.06399182e+02 3.15787498e+02 4.79936467e-17 1.39290197e-16 2.39833351e-06 2.04237829e-17 1.59207186e-15 5.16081144e-34 2.76909848e-18 1.43489527e-17 7.68873643e-01 6.39400752e-01
1.98198198e-02 -2.06697975e+01 -2.06697975e+01 -2.50725141e-02 -6.80089438e-03 -6.80089430e-03 7.13254574e+01 7.13254574e+01 1.73372523e+02 3.06302485e+02 3.15837881e+02 2.05655659e-17 6.58492929e-17 2.43523095e-06 1.98804039e-16 6.30461526e-16 4.63801241e-34 3.65497322e-18 1.14785637e-16 7.69754226e-01 6.38340372e-01
2.01201201e-02 -2.06697975e+01 -2.06697975e+01 -2.50725141e-02 -6.80089439e-03 -6.80089434e-03 7.13254574e+01 7.13254574e+01 1.73372523e+02 3.06205387e+02 3.15887980e+02 6.03829906e-17 1.65462911e-16 2.47212839e-06 2.45242900e-15 3.24472537e-15 1.82022410e-34 3.56278430e-19 7.47717230e-17 7.70632437e-01 6.37279881e-01
2.04204204e-02 -2.06697975e+01 -2.06697975e+01 -2.50725142e-02 -6.80089519e-03 -6.80089446e-03 7.13254574e+01 7.13254574e+01 1.73372523e+02 3.06107887e+02 3.15937797e+02 2.95199269e-17 1.86284969e-18 2.50902583e-06 1.70965034e-15 5.11232483e-17 3.19831218e-34 1.24336503e-18 7.59268475e-17 7.71508265e-01 6.36219300e-01
2.07207207e-02 -2.06697975e+01 -2.06697975e+01 -2.50725143e-02 -6.80089438e-03 -6.80089432e-03 7.13254574e+01 7.13254574e+01 1.73372523e+02 3.06009986e+02 3.15987332e+02 1.16093124e-17 3.62552748e-18 2.54592327e-06 2.93909319e-16 6.27569788e-16 3.33728635e-34 2.13611535e-18 2.15408200e-16 7.72381702e-01 6.35158647e-01
2.10210210e-02 -2.06697975e+01 -2.06697975e+01 -2.50725142e-02 -6.80089435e-03 -6.80089430e-03 7.13254574e+01 7.13254574e+01 1.73372523e+02 3.05911682e+02 3.16036587e+02 5.36871412e-18 1.49834313e-17 2.58282071e-06 5.13520759e-16 4.83166752e-16 3.93218402e-34 2.82901941e-18 2.55753049e-16 7.73252739e-01 6.34097943e-01
2.13213213e-02 -2.06697975e+01 -2.06697975e+01 -2.50725138e-02 -6.80089433e-03 -6.80089427e-03 7.13254574e+01 7.13254574e+01 1.73372523e+02 3.05812977e+02 3.16085563e+02 3.87548772e-17 3.28910936e-17 2.61971814e-06 6.62317184e-16 2.61742146e-16 4.63692631e-34 3.52170914e-18 4.10960615e-16 7.74121368e-01 6.33037209e-01
2.16216216e-02 -2.06697975e+01 -2.06697975e+01 -2.50725141e-02 -6.80089435e-03 -6.80089431e-03 7.13254574e+01 7.13254574e+01 1.73372523e+02 3.05713870e+02 3.16134262e+02 2.86162683e-17 2.74506127e-17 2.65661558e-06 5.64594322e-16 4.57734219e-16 2.14292897e-34 6.07140448e-19 9.92564851e-17 7.74987580e-01 6.31976463e-01
2.19219219e-02 -2.06697975e+01 -2.06697975e+01 -2.50725143e-02 -6.80089447e-03 -6.80089305e-03 7.13254574e+01 7.13254574e+01 1.73372523e+02 3.05614360e+02 3.16182684e+02 7.65399567e-17 2.59552345e-17 2.69351302e-06 6.70440794e-17 4.35254229e-15 2.80678419e-34 8.69306001e-19 2.83380481e-17 7.75851368e-01 6.30915727e-01
2.22222222e-02 -2.06697975e+01 -2.06697975e+01 -2.50725143e-02 -6.80089433e-03 -6.80089272e-03 7.13254574e+01 7.13254574e+01 1.73372523e+02 3.05514448e+02 3.16230831e+02 3.90756101e-17 5.17234437e-17 2.73041046e-06 5.98208867e-17 4.41711491e-15 3.74012821e-34 1.55402189e-18 2.25640234e-17 7.76712724e-01 6.29855019e-01
2.25225225e-02 -2.06697975e+01 -2.06697975e+01 -2.50725141e-02 -6.80089439e-03 -6.80089434e-03 7.13254574e+01 7.13254574e+01 1.73372523e+02 3.05414132e+02 3.16278704e+02 1.34650302e-17 2.97434559e-18 2.76730790e-06 4.33736660e-16 6.17416706e-16 3.92169231e-34 2.67893286e-18 8.94326377e-17 7.77571638e-01 6.28794360e-01
2.28228228e-02 -2.06697975e+01 -2.06697975e+01 -2.50725142e-02 -6.80089439e-03 -6.80089434e-03 7.13254574e+01 7.13254574e+01 1.73372523e+02 3.05313414e+02 3.16326305e+02 7.14329330e-17 7.86518811e-18 2.80420534e-06 2.51810419e-15 3.86956811e-15 4.13109520e-34 2.92275769e-18 1.35819567e-16 7.78428105e-01 6.27733769e-01
2.31231231e-02 -2.06697975e+01 -2.06697975e+01 -2.50725144e-02 -6.80089463e-03 -6.80089437e-03 7.13254574e+01 7.13254574e+01 1.73372523e+02 3.05212293e+02 3.16373635e+02 4.54868492e-17 1.10850519e-18 2.84110278e-06 4.53169780e-15 3.80277549e-16 6.53780758e-34 3.60677876e-18 2.25181188e-17 7.79282116e-01 6.26673267e-01
2.34234234e-02 -2.06697975e+01 -2.06697975e+01 -2.50725142e-02 -6.80089641e-03 -6.80089433e-03 7.13254574e+01 7.13254574e+01 1.73372523e+02 3.05110769e+02 3.16420694e+02 6.22066807e-17 5.04877768e-18 2.87800022e-06 8.17072103e-16 8.59334447e-18 3.28472739e-34 1.13270315e-18 1.83483330e-16 7.80133665e-01 6.25612871e-01
2.37237237e-02 -2.06697975e+01 -2.06697975e+01 -2.50725141e-02 -6.80089506e-03 -6.80089442e-03 7.13254574e+01 7.13254574e+01 1.73372523e+02 3.05008841e+02 3.16467484e+02 4.21970787e-17 4.39173550e-17 2.91489765e-06 6.99332907e-16 2.38993289e-17 4.22225244e-34 1.82059510e-18 8.97722136e-17 7.80982744e-01 6.24552603e-01
2.40240240e-02 -2.06697975e+01 -2.06697975e+01 -2.50725140e-02 -6.80089437e-03 -6.80089431e-03 7.13254574e+01 7.13254574e+01 1.73372523e+02 3.04906510e+02 3.16514007e+02 6.70485628e-17 9.97218944e-17 2.95179509e-06 4.38899203e-15 2.08537904e-15 3.55457442e-34 2.03839631e-18 7.84081244e-17 7.81829345e-01 6.23492482e-01
2.43243243e-02 -2.06697975e+01 -2.06697975e+01 -2.50725144e-02 -6.80089438e-03 -6.80089430e-03 7.13254574e+01 7.13254574e+01 1.73372523e+02 3.04803775e+02 3.16560263e+02 2.38106230e-17 1.34012114e-17 2.98869253e-06 2.54194882e-16 7.75848609e-16 4.58382091e-34 3.19563339e-18 1.49910735e-16 7.82673464e-01 6.22432526e-01
2.46246246e-02 -2.06697975e+01 -2.06697975e+01 -2.50725141e-02 -6.80089436e-03 -6.80089431e-03 7.13254574e+01 7.13254574e+01 1.73372523e+02 3.04700637e+02 3.16606255e+02 7.67418798e-18 3.11643943e-18 3.02558997e-06 7.10764510e-16 4.17222633e-16 5.07404946e-34 3.88278092e-18 1.03756817e-16 7.83515091e-01 6.21372756e-01
2.49249249e-02 -2.06697975e+01 -2.06697975e+01 -2.50725142e-02 -6.80089451e-03 -6.80089437e-03 7.13254574e+01 7.13254574e+01 1.73372523e+02 3.04597095e+02 3.16651982e+02 2.32105843e-18 3.07376660e-17 3.06248741e-06 2.03936868e-15 3.09614960e-16 2.81766224e-34 7.02033067e-19 1.68331487e-16 7.84354223e-01 6.20313190e-01
2.52252252e-02 -2.06697975e+01 -2.06697975e+01 -2.50725141e-02 -6.80089433e-03 -6.80089427e-03 7.13254574e+01 7.13254574e+01 1.73372523e+02 3.04493150e+02 3.16697447e+02 2.25977737e-17 1.34034667e-17 3.09938485e-06 7.85894553e-16 3.26407681e-16 3.26079621e-34 1.63078366e-18 6.29178343e-17 7.85190851e-01 6.19253848e-01
2.55255255e-02 -2.06697975e+01 -2.06697975e+01 -2.50725140e-02 -6.80089521e-03 -6.80089433e-03 7.13254574e+01 7.13254574e+01 1.73372523e+02 3.04388801e+02 3.16742650e+02 8.85839592e-17 1.85226004e-17 3.13628229e-06 5.11159940e-15 1.26651840e-16 4.33613196e-34 1.81625373e-18 2.11811946e-16 7.86024970e-01 6.18194748e-01
2.58258258e-02 -2.06697975e+01 -2.06697975e+01 -2.50725141e-02 -6.80089597e-03 -6.80089442e-03 7.13254574e+01 7.13254574e+01 1.73372523e+02 3.04284048e+02 3.16787593e+02 3.24093969e-18 8.21590448e-18 3.17317972e-06 5.10940787e-15 7.21205441e-17 5.26073103e-34 2.49483941e-18 8.57492967e-17 7.86856574e-01 6.17135911e-01
2.61261261e-02 -2.06697975e+01 -2.06697975e+01 -2.50725140e-02 -6.80089434e-03 -6.80089427e-03 7.13254574e+01 7.13254574e+01 1.73372523e+02 3.04178892e+02 3.16832278e+02 7.61771215e-17 9.93468156e-18 3.21007716e-06 4.96198049e-15 1.82787506e-15 4.58494472e-34 3.17316014e-18 2.58005560e-17 7.87685657e-01 6.16077354e-01
2.64264264e-02 -2.06697975e+01 -2.06697975e+01 -2.50725142e-02 -6.80089569e-03 -6.80089428e-03 7.13254574e+01 7.13254574e+01 1.73372523e+02 3.04073331e+02 3.16876704e+02 9.16988416e-17 5.10098963e-17 3.24697460e-06 5.26880918e-15 8.16729900e-17 7.10860336e-34 3.85121647e-18 1.41766164e-16 7.88512213e-01 6.15019097e-01
2.67267267e-02 -2.06697975e+01 -2.06697975e+01 -2.50725141e-02 -6.80089433e-03 -6.80089427e-03 7.13254574e+01 7.13254574e+01 1.73372523e+02 3.03967368e+02 3.16920875e+02 7.26851556e-18 1.26712756e-17 3.28387204e-06 8.11500121e-16 3.90443080e-16 3.19854662e-34 1.41771669e-18 1.15729475e-16 7.89336238e-01 6.13961158e-01
2.70270270e-02 -2.06697975e+01 -2.06697975e+01 -2.50725141e-02 -6.80089436e-03 -6.80089431e-03 7.13254574e+01 7.13254574e+01 1.73372523e+02 3.03861000e+02 3.16964790e+02 1.88697156e-17 2.93462794e-18 3.32076948e-06 7.46313452e-16 5.17245464e-16 3.78364460e-34 2.09936342e-18 1.57535922e-16 7.90157725e-01 6.12903557e-01
2.73273273e-02 -2.06697975e+01 -2.06697975e+01 -2.50725141e-02 -6.80089435e-03 -6.80089431e-03 7.13254574e+01 7.13254574e+01 1.73372523e+02 3.03754229e+02 3.17008451e+02 1.21653044e-17 2.00321246e-17 3.35766692e-06 4.40803983e-15 3.33454511e-15 3.90996702e-34 2.24613664e-18 1.07427917e-16 7.90976670e-01 6.11846311e-01
2.76276276e-02 -2.06697975e+01 -2.06697975e+01 -2.50725144e-02 -6.80089439e-03 -6.80089428e-03 7.13254574e+01 7.13254574e+01 1.73372523e+02 3.03647054e+02 3.17051859e+02 4.03007707e-18 1.83441923e-18 3.39456436e-06 1.41619152e-28 8.31609835e-29 1.00324960e-45 2.67999082e-28 2.05865398e-17 7.91793067e-01 6.10789439e-01
2.79279279e-02 -2.06697975e+01 -2.06697975e+01 -2.50725140e-02 -6.80089439e-03 -6.80089428e-03 7.13254574e+01 7.13254574e+01 1.73372523e+02 3.03539476e+02 3.17095016e+02 8.41610654e-19 2.90160308e-17 3.43146179e-06 1.43046148e-28 8.39989382e-29 1.01371192e-45 2.70699520e-28 2.49413421e-17 7.92606912e-01 6.09732961e-01
2.82282282e-02 -2.06697975e+01 -2.06697975e+01 -2.50725140e-02 -6.80089438e-03 -6.80089430e-03 7.13254574e+01 7.13254574e+01 1.73372523e+02 3.03431495e+02 3.17137923e+02 2.32873765e-17 1.59250232e-17 3.46835923e-06 1.67480519e-15 5.45849308e-15 4.22102191e-34 2.44929576e-18 4.87386884e-17 7.93418200e-01 6.08676893e-01
2.85285285e-02 -2.06697975e+01 -2.06697975e+01 -2.50725138e-02 -6.80089685e-03 -6.80089434e-03 7.13254574e+01 7.13254574e+01 1.73372523e+02 3.03323110e+02 3.17180580e+02 6.47816310e-18 1.34397267e-17 3.50525667e-06 9.95290734e-16 8.63185544e-18 4.63484492e-34 1.85834803e-18 5.27277071e-18 7.94226927e-01 6.07621254e-01
2.88288288e-02 -2.06697975e+01 -2.06697975e+01 -2.50725138e-02 -6.80089438e-03 -6.80089293e-03 7.13254574e+01 7.13254574e+01 1.73372523e+02 3.03214322e+02 3.17222990e+02 2.99724527e-17 3.38514873e-17 3.54215411e-06 3.76264917e-17 2.49088554e-15 5.17453124e-34 2.25440024e-18 3.20952207e-18 7.95033088e-01 6.06566063e-01
2.91291291e-02 -2.06697975e+01 -2.06697975e+01 -2.50725142e-02 -6.80089442e-03 -6.80089256e-03 7.13254574e+01 7.13254574e+01 1.73372523e+02 3.03105131e+02 3.17265154e+02 1.15893765e-18 4.59300452e-17 3.57905155e-06 6.83405882e-17 5.84431879e-15 5.70574459e-34 2.64426246e-18 2.02456150e-17 7.95836679e-01 6.05511338e-01
2.94294294e-02 -2.06697975e+01 -2.06697975e+01 -2.50725140e-02 -6.80089436e-03 -6.80089431e-03 7.13254574e+01 7.13254574e+01 1.73372523e+02 3.02995537e+02 3.17307072e+02 6.36055293e-17 2.90254617e-17 3.61594899e-06 8.68171608e-16 4.70058458e-16 5.44322057e-34 3.89167139e-18 3.48210937e-16 7.96637696e-01 6.04457096e-01
2.97297297e-02 -2.06697975e+01 -2.06697975e+01 -2.50725143e-02 -6.80089435e-03 -6.80089427e-03 7.13254574e+01 7.13254574e+01 1.73372523e+02 3.02885540e+02 3.17348746e+02 9.61062176e-17 2.98081456e-17 3.65284643e-06 5.74516154e-15 1.77999521e-15 5.52556022e-34 3.98713324e-18 2.61086956e-16 7.97436136e-01 6.03403356e-01
3.00300300e-02 -2.06697975e+01 -2.06697975e+01 -2.50725142e-02 -6.80089436e-03 -6.80089431e-03 7.13254574e+01 7.13254574e+01 1.73372523e+02 3.02775141e+02 3.17390177e+02 1.85780129e-17 7.32237815e-18 3.68974387e-06 8.40591497e-16 5.56464566e-16 3.59127517e-34 1.59105434e-18 2.41020785e-16 7.98231993e-01 6.02350135e-01
3.03303303e-02 -2.06697975e+01 -2.06697975e+01 -2.50725142e-02 -6.80089549e-03 -6.80089437e-03 7.13254574e+01 7.13254574e+01 1.73372523e+02 3.02664339e+02 3.17431366e+02 5.75171828e-17 2.22980273e-18 3.72664130e-06 1.03331709e-15 2.01337259e-17 5.31169524e-34 2.26565056e-18 4.39099772e-17 7.99025266e-01 6.01297450e-01
3.06306306e-02 -2.06697975e+01 -2.06697975e+01 -2.50725144e-02 -6.80089504e-03 -6.80089428e-03 7.13254574e+01 7.13254574e+01 1.73372523e+02 3.02553135e+02 3.17472316e+02 5.12009689e-17 6.90548905e-17 3.76353874e-06 6.27096841e-15 1.78997619e-16 5.41420055e-34 2.34053381e-18 2.30508234e-16 7.99815951e-01 6.00245321e-01
3.09309309e-02 -2.06697975e+01 -2.06697975e+01 -2.50725140e-02 -6.80089435e-03 -6.80089431e-03 7.13254574e+01 7.13254574e+01 1.73372523e+02 3.02441529e+02 3.17513025e+02 4.98313302e-18 7.80702318e-18 3.80043618e-06 8.33570545e-16 6.18831738e-16 5.32716904e-34 3.61389663e-18 2.94653991e-16 8.00604043e-01 5.99193763e-01
3.12312312e-02 -2.06697975e+01 -2.06697975e+01 -2.50725140e-02 -6.80089435e-03 -6.80089430e-03 7.13254574e+01 7.13254574e+01 1.73372523e+02 3.02329522e+02 3.17553497e+02 1.66975439e-17 5.57167943e-17 3.83733362e-06 7.67591577e-16 7.08861664e-16 5.90515981e-34 4.28754759e-18 2.18399406e-17 8.01389541e-01 5.98142795e-01
3.15315315e-02 -2.06697975e+01 -2.06697975e+01 -2.50725141e-02 -6.80089562e-03 -6.80089447e-03 7.13254574e+01 7.13254574e+01 1.73372523e+02 3.02217112e+02 3.17593733e+02 3.79836766e-17 4.72705301e-17 3.87423106e-06 1.00542696e-15 1.90100830e-17 8.98163341e-34 4.96088458e-18 2.72165408e-16 8.02172442e-01 5.97092433e-01
3.18318318e-02 -2.06697975e+01 -2.06697975e+01 -2.50725140e-02 -6.80089437e-03 -6.80089432e-03 7.13254574e+01 7.13254574e+01 1.73372523e+02 3.02104302e+02 3.17633732e+02 2.56001013e-17 1.72274032e-17 3.91112850e-06 9.82325533e-16 4.24559981e-16 4.03732661e-34 1.96699474e-18 2.90586486e-16 8.02952742e-01 5.96042695e-01
3.21321321e-02 -2.06697975e+01 -2.06697975e+01 -2.50725139e-02 -6.80089433e-03 -6.80089393e-03 7.13254574e+01 7.13254574e+01 1.73372523e+02 3.01991090e+02 3.17673498e+02 6.91125686e-17 7.51941135e-18 3.94802594e-06 6.04515869e-17 1.10883247e-15 5.94117394e-34 2.63759648e-18 9.44805408e-17 8.03730438e-01 5.94993599e-01
3.24324324e-02 -2.06697975e+01 -2.06697975e+01 -2.50725142e-02 -6.80089455e-03 -6.80089446e-03 7.13254574e+01 7.13254574e+01 1.73372523e+02 3.01877478e+02 3.17713030e+02 7.13326697e-18 1.13765898e-19 3.98492337e-06 6.34167640e-15 1.62836360e-15 5.99015783e-34 2.67309369e-18 1.21573224e-16 8.04505529e-01 5.93945160e-01
3.27327327e-02 -2.06697975e+01 -2.06697975e+01 -2.50725139e-02 -6.80089434e-03 -6.80089430e-03 7.13254574e+01 7.13254574e+01 1.73372523e+02 3.01763465e+02 3.17752330e+02 4.81001590e-17 9.18496146e-17 4.02182081e-06 4.17843804e-15 5.13503690e-15 5.21373200e-34 3.33713379e-18 1.41323244e-16 8.05278013e-01 5.92897396e-01
3.30330330e-02 -2.06697975e+01 -2.06697975e+01 -2.50725142e-02 -6.80089436e-03 -6.80089431e-03 7.13254574e+01 7.13254574e+01 1.73372523e+02 3.01649051e+02 3.17791400e+02 4.61106066e-17 5.08108016e-17 4.05871825e-06 9.58248504e-16 5.51895977e-16 6.33713241e-34 4.64741054e-18 2.37621282e-16 8.06047886e-01 5.91850324e-01
3.33333333e-02 -2.06697975e+01 -2.06697975e+01 -2.50725143e-02 -6.80089435e-03 -6.80089427e-03 7.13254574e+01 7.13254574e+01 1.73372523e+02 3.01534238e+02 3.17830240e+02 5.59112707e-18 6.52896269e-18 4.09561569e-06 1.06890436e-15 3.20408692e-16 6.91124357e-34 5.31668669e-18 4.96709283e-17 8.06815147e-01 5.90803959e-01
3.36336336e-02 -2.06697975e+01 -2.06697975e+01 -2.50725140e-02 -6.80089429e-03 -6.80089187e-03 7.13254574e+01 7.13254574e+01 1.73372523e+02 3.01419026e+02 3.17868852e+02 1.52506377e-17 6.80125223e-18 4.13251313e-06 2.57358841e-17 2.86386299e-15 1.00509678e-33 5.65644950e-18 8.50165986e-18 8.07579794e-01 5.89758320e-01
3.39339339e-02 -2.06697975e+01 -2.06697975e+01 -2.50725143e-02 -6.80089439e-03 -6.80089428e-03 7.13254574e+01 7.13254574e+01 1.73372523e+02 3.01303414e+02 3.17907236e+02 4.88907966e-17 1.08690646e-17 4.16941057e-06 1.70812844e-28 1.00303977e-28 1.21985943e-45 3.23245020e-28 4.15720371e-18 8.08341826e-01 5.88713422e-01
3.42342342e-02 -2.06697975e+01 -2.06697975e+01 -2.50725141e-02 -6.80089450e-03 -6.80089428e-03 7.13254574e+01 7.13254574e+01 1.73372523e+02 3.01187403e+02 3.17945395e+02 3.00746603e-17 1.51191288e-17 4.20630801e-06 6.90868195e-15 6.65691697e-16 6.51579276e-34 2.96802618e-18 1.57217475e-17 8.09101240e-01 5.87669281e-01
3.45345345e-02 -2.06697975e+01 -2.06697975e+01 -2.50725142e-02 -6.80089434e-03 -6.80089429e-03 7.13254574e+01 7.13254574e+01 1.73372523e+02 3.01070993e+02 3.17983329e+02 1.31448312e-17 1.03386741e-17 4.24320544e-06 6.19849028e-16 9.88731517e-16 3.12919843e-34 6.17271827e-19 9.98964904e-17 8.09858035e-01 5.86625914e-01
3.48348348e-02 -2.06697975e+01 -2.06697975e+01 -2.50725139e-02 -6.80089428e-03 -6.80089298e-03 7.13254574e+01 7.13254574e+01 1.73372523e+02 3.00954186e+02 3.18021040e+02 1.71606431e-18 8.11314779e-17 4.28010288e-06 4.85862295e-17 2.90105363e-15 3.87897395e-34 9.39341203e-19 7.32229661e-18 8.10612211e-01 5.85583337e-01
3.51351351e-02 -2.06697975e+01 -2.06697975e+01 -2.50725142e-02 -6.80089434e-03 -6.80089429e-03 7.13254574e+01 7.13254574e+01 1.73372523e+02 3.00836981e+02 3.18058528e+02 1.59444783e-16 6.53695047e-17 4.31700032e-06 1.73909741e-15 2.39962837e-15 3.97228235e-34 1.59907729e-18 1.98923619e-17 8.11363765e-01 5.84541565e-01
3.54354354e-02 -2.06697975e+01 -2.06697975e+01 -2.50725141e-02 -6.80089435e-03 -6.80089431e-03 7.13254574e+01 7.13254574e+01 1.73372523e+02 3.00719378e+02 3.18095795e+02 3.97471915e-18 4.70357180e-18 4.35389776e-06 9.49111349e-16 7.17611390e-16 4.83512294e-34 2.60533419e-18 6.79759556e-17 8.12112697e-01 5.83500615e-01
3.57357357e-02 -2.06697975e+01 -2.06697975e+01 -2.50725143e-02 -6.80089435e-03 -6.80089430e-03 7.13254574e+01 7.13254574e+01 1.73372523e+02 3.00601378e+02 3.18132842e+02 1.78754046e-17 8.21824287e-18 4.39079520e-06 8.43290472e-16 8.52831922e-16 5.40302993e-34 3.26728868e-18 9.85824062e-17 8.12859005e-01 5.82460503e-01
3.60360360e-02 -2.06697975e+01 -2.06697975e+01 -2.50725139e-02 -6.80089438e-03 -6.80089432e-03 7.13254574e+01 7.13254574e+01 1.73372523e+02 3.00482982e+02 3.18169671e+02 1.22042806e-17 1.58672272e-17 4.42769264e-06 1.28873103e-15 2.75593804e-15 5.77870553e-34 3.57608594e-18 9.55069868e-17 8.13602690e-01 5.81421243e-01
3.63363363e-02 -2.06697975e+01 -2.06697975e+01 -2.50725141e-02 -6.80089438e-03 -6.80089432e-03 7.13254574e+01 7.13254574e+01 1.73372523e+02 3.00364190e+02 3.18206281e+02 4.09552026e-17 2.74582482e-17 4.46459008e-06 1.14372106e-15 4.18829784e-16 6.53774149e-34 4.59010146e-18 1.39883718e-16 8.14343751e-01 5.80382852e-01
3.66366366e-02 -2.06697975e+01 -2.06697975e+01 -2.50725144e-02 -6.80089516e-03 -6.80089442e-03 7.13254574e+01 7.13254574e+01 1.73372523e+02 3.00245002e+02 3.18242676e+02 8.57607776e-17 3.79528167e-18 4.50148752e-06 7.41891150e-15 2.16983011e-16 8.77146362e-34 4.53356728e-18 1.98812586e-16 8.15082187e-01 5.79345345e-01
3.69369369e-02 -2.06697975e+01 -2.06697975e+01 -2.50725144e-02 -6.80089436e-03 -6.80089431e-03 7.13254574e+01 7.13254574e+01 1.73372523e+02 3.00125419e+02 3.18278855e+02 2.42478540e-17 1.63402827e-17 4.53838495e-06 1.02752957e-15 6.90691475e-16 7.67098242e-34 5.91145623e-18 5.43697620e-17 8.15817997e-01 5.78308737e-01
3.72372372e-02 -2.06697975e+01 -2.06697975e+01 -2.50725140e-02 -6.80089438e-03 -6.80089433e-03 7.13254574e+01 7.13254574e+01 1.73372523e+02 3.00005441e+02 3.18314820e+02 8.03223041e-17 3.12657761e-17 4.57528239e-06 1.57994752e-15 2.71862985e-15 8.11606205e-34 6.20698506e-18 1.08144736e-17 8.16551182e-01 5.77273044e-01
3.75375375e-02 -2.06697975e+01 -2.06697975e+01 -2.50725144e-02 -6.80089435e-03 -6.80089431e-03 7.13254574e+01 7.13254574e+01 1.73372523e+02 2.99885068e+02 3.18350572e+02 8.11645480e-18 2.81280094e-17 4.61217983e-06 5.93172667e-15 4.74244972e-15 8.17345981e-34 6.49624366e-18 4.95859027e-17 8.17281742e-01 5.76238279e-01
3.78378378e-02 -2.06697975e+01 -2.06697975e+01 -2.50725141e-02 -6.80089439e-03 -6.80089428e-03 7.13254574e+01 7.13254574e+01 1.73372523e+02 2.99764303e+02 3.18386112e+02 6.78715970e-17 5.49632037e-17 4.64907727e-06 1.88005400e-28 1.10399715e-28 1.35039561e-45 3.55780091e-28 1.50436433e-16 8.18009676e-01 5.75204459e-01
3.81381381e-02 -2.06697975e+01 -2.06697975e+01 -2.50725142e-02 -6.80089437e-03 -6.80089425e-03 7.13254574e+01 7.13254574e+01 1.73372523e+02 2.99643144e+02 3.18421441e+02 1.77097687e-17 3.71406273e-17 4.68597471e-06 1.43890078e-15 7.71838927e-15 3.36271775e-34 3.72090749e-19 8.24437299e-18 8.18734985e-01 5.74171598e-01
3.84384384e-02 -2.06697975e+01 -2.06697975e+01 -2.50725143e-02 -6.80089434e-03 -6.80089429e-03 7.13254574e+01 7.13254574e+01 1.73372523e+02 2.99521592e+02 3.18456561e+02 1.97146561e-18 1.07007105e-18 4.72287215e-06 7.37860131e-16 1.05868753e-15 4.37570380e-34 1.77264767e-18 4.09977618e-17 8.19457669e-01 5.73139711e-01
3.87387387e-02 -2.06697975e+01 -2.06697975e+01 -2.50725142e-02 -6.80089435e-03 -6.80089431e-03 7.13254574e+01 7.13254574e+01 1.73372523e+02 2.99399648e+02 3.18491473e+02 2.46614590e-17 6.14258489e-18 4.75976959e-06 9.85606452e-16 8.52814262e-16 4.93611916e-34 2.42587358e-18 3.28643484e-17 8.20177729e-01 5.72108812e-01
3.90390390e-02 -2.06697975e+01 -2.06697975e+01 -2.50725139e-02 -6.80089429e-03 -6.80089180e-03 7.13254574e+01 7.13254574e+01 1.73372523e+02 2.99277312e+02 3.18526178e+02 4.15766562e-17 9.58155237e-17 4.79666702e-06 2.88077150e-17 3.29294922e-15 6.52495283e-34 2.69636920e-18 2.83901562e-18 8.20895165e-01 5.71078916e-01
3.93393393e-02 -2.06697975e+01 -2.06697975e+01 -2.50725142e-02 -6.80089435e-03 -6.80089431e-03 7.13254574e+01 7.13254574e+01 1.73372523e+02 2.99154586e+02 3.18560676e+02 1.47075945e-17 1.29243222e-17 4.83356446e-06 6.18133163e-15 5.00566553e-15 5.39635279e-34 2.96055381e-18 1.95560195e-16 8.21609978e-01 5.70050037e-01
3.96396396e-02 -2.06697975e+01 -2.06697975e+01 -2.50725144e-02 -6.80089434e-03 -6.80089430e-03 7.13254574e+01 7.13254574e+01 1.73372523e+02 2.99031469e+02 3.18594970e+02 3.28369672e-17 5.78929182e-17 4.87046190e-06 8.36566067e-16 1.03107237e-15 6.61497247e-34 4.38315183e-18 2.74535110e-16 8.22322168e-01 5.69022189e-01
3.99399399e-02 -2.06697975e+01 -2.06697975e+01 -2.50725137e-02 -6.80089496e-03 -6.80089432e-03 7.13254574e+01 7.13254574e+01 1.73372523e+02 2.98907962e+02 3.18629060e+02 4.54128291e-17 1.46847135e-17 4.90735934e-06 1.49172269e-15 5.13203116e-17 9.70529925e-34 5.03477983e-18 8.63378724e-17 8.23031738e-01 5.67995386e-01
4.02402402e-02 -2.06697975e+01 -2.06697975e+01 -2.50725142e-02 -6.80089569e-03 -6.80089428e-03 7.13254574e+01 7.13254574e+01 1.73372523e+02 2.98784066e+02 3.18662948e+02 8.01432185e-17 7.20649535e-17 4.94425678e-06 8.21434376e-15 1.27526670e-16 9.52017282e-34 4.89770047e-18 1.25007675e-16 8.23738687e-01 5.66969642e-01
4.05405405e-02 -2.06697975e+01 -2.06697975e+01 -2.50725139e-02 -6.80089435e-03 -6.80089431e-03 7.13254574e+01 7.13254574e+01 1.73372523e+02 2.98659781e+02 3.18696634e+02 2.17149877e-18 1.31862975e-17 4.98115422e-06 1.06173437e-15 8.39408898e-16 8.29023431e-34 6.33684187e-18 5.99919006e-17 8.24443018e-01 5.65944971e-01
4.08408408e-02 -2.06697975e+01 -2.06697975e+01 -2.50725140e-02 -6.80089431e-03 -6.80089426e-03 7.13254574e+01 7.13254574e+01 1.73372523e+02 2.98535108e+02 3.18730119e+02 9.14589663e-17 5.47458584e-17 5.01805166e-06 6.96996305e-15 4.43798040e-15 8.16337468e-34 6.18713903e-18 7.65756388e-17 8.25144731e-01 5.64921387e-01
4.11411411e-02 -2.06697975e+01 -2.06697975e+01 -2.50725142e-02 -6.80089553e-03 -6.80089433e-03 7.13254574e+01 7.13254574e+01 1.73372523e+02 2.98410048e+02 3.18763405e+02 3.52934877e-17 1.64168729e-17 5.05494909e-06 1.68496395e-15 3.06222704e-17 1.32441247e-33 7.63731539e-18 1.25846888e-16 8.25843827e-01 5.63898903e-01
4.14414414e-02 -2.06697975e+01 -2.06697975e+01 -2.50725144e-02 -6.80089439e-03 -6.80089432e-03 7.13254574e+01 7.13254574e+01 1.73372523e+02 2.98284600e+02 3.18796494e+02 2.47837378e-18 1.34422627e-17 5.09184653e-06 1.31827228e-15 4.63260386e-16 3.80048008e-34 7.98339661e-19 2.47303214e-18 8.26540310e-01 5.62877532e-01
4.17417417e-02 -2.06697975e+01 -2.06697975e+01 -2.50725140e-02 -6.80089434e-03 -6.80089430e-03 7.13254574e+01 7.13254574e+01 1.73372523e+02 2.98158767e+02 3.18829385e+02 6.56808187e-18 4.23768576e-17 5.12874397e-06 5.39197832e-15 6.49024902e-15 3.65326191e-34 6.24202339e-19 1.05120894e-16 8.27234179e-01 5.61857289e-01
4.20420420e-02 -2.06697975e+01 -2.06697975e+01 -2.50725141e-02 -6.80089437e-03 -6.80089431e-03 7.13254574e+01 7.13254574e+01 1.73372523e+02 2.98032549e+02 3.18862080e+02 4.17763117e-17 1.62985198e-17 5.16564141e-06 1.26155743e-15 6.36406486e-16 4.90466958e-34 2.08540232e-18 1.42380970e-16 8.27925437e-01 5.60838185e-01
4.23423423e-02 -2.06697975e+01 -2.06697975e+01 -2.50725142e-02 -6.80089438e-03 -6.80089433e-03 7.13254574e+01 7.13254574e+01 1.73372523e+02 2.97905945e+02 3.18894581e+02 1.67519134e-16 3.47445904e-17 5.20253885e-06 1.58625489e-15 3.19575428e-15 5.10134131e-34 2.31342035e-18 5.53509184e-17 8.28614087e-01 5.59820235e-01
4.26426426e-02 -2.06697975e+01 -2.06697975e+01 -2.50725139e-02 -6.80089435e-03 -6.80089430e-03 7.13254574e+01 7.13254574e+01 1.73372523e+02 2.97778958e+02 3.18926888e+02 5.31395110e-17 1.14280848e-17 5.23943629e-06 6.08808533e-15 6.10700582e-15 5.29256917e-34 2.53508524e-18 6.33117260e-17 8.29300129e-01 5.58803450e-01
4.29429429e-02 -2.06697975e+01 -2.06697975e+01 -2.50725142e-02 -6.80089424e-03 -6.80089278e-03 7.13254574e+01 7.13254574e+01 1.73372523e+02 2.97651587e+02 3.18959002e+02 6.01635091e-17 4.04294989e-17 5.27633373e-06 1.29885691e-16 8.71326009e-15 7.43150400e-34 3.17117675e-18 3.12140196e-17 8.29983566e-01 5.57787845e-01
4.32432432e-02 -2.06697975e+01 -2.06697975e+01 -2.50725137e-02 -6.80089434e-03 -6.80089430e-03 7.13254574e+01 7.13254574e+01 1.73372523e+02 2.97523834e+02 3.18990925e+02 2.24081741e-17 8.09335449e-17 5.31323117e-06 2.48059864e-15 2.66798215e-15 6.74558909e-34 4.23057496e-18 5.82019143e-17 8.30664401e-01 5.56773430e-01
4.35435435e-02 -2.06697975e+01 -2.06697975e+01 -2.50725144e-02 -6.80089513e-03 -6.80089437e-03 7.13254574e+01 7.13254574e+01 1.73372523e+02 2.97395698e+02 3.19022658e+02 4.68800349e-18 1.96717185e-17 5.35012860e-06 8.71978475e-15 2.49736193e-16 9.15961108e-34 4.44205858e-18 1.82992327e-16 8.31342636e-01 5.55760220e-01
4.38438438e-02 -2.06697975e+01 -2.06697975e+01 -2.50725139e-02 -6.80089439e-03 -6.80089428e-03 7.13254574e+01 7.13254574e+01 1.73372523e+02 2.97267182e+02 3.19054201e+02 3.56149290e-18 3.24797684e-17 5.38702604e-06 2.12999990e-28 1.25076930e-28 1.54524780e-45 4.03079677e-28 7.46084330e-17 8.32018273e-01 5.54748226e-01
4.41441441e-02 -2.06697975e+01 -2.06697975e+01 -2.50725141e-02 -6.80089435e-03 -6.80089430e-03 7.13254574e+01 7.13254574e+01 1.73372523e+02 2.97138285e+02 3.19085556e+02 8.42865238e-18 7.90187004e-17 5.42392348e-06 6.36106455e-15 6.26997817e-15 8.01614728e-34 5.71120886e-18 2.60244732e-16 8.32691314e-01 5.53737461e-01
4.44444444e-02 -2.06697975e+01 -2.06697975e+01 -2.50725142e-02 -6.80089435e-03 -6.80089431e-03 7.13254574e+01 7.13254574e+01 1.73372523e+02 2.97009008e+02 3.19116724e+02 2.97901534e-17 1.52572232e-17 5.46082092e-06 6.94455050e-15 5.71712651e-15 8.55957178e-34 6.34513591e-18 8.73533897e-17 8.33361763e-01 5.52727936e-01
4.47447447e-02 -2.06697975e+01 -2.06697975e+01 -2.50725143e-02 -6.80089432e-03 -6.80089427e-03 7.13254574e+01 7.13254574e+01 1.73372523e+02 2.96879353e+02 3.19147706e+02 1.52398745e-17 1.67221225e-17 5.49771836e-06 1.34388852e-15 6.64994968e-16 9.85222143e-34 7.85572632e-18 1.53499423e-16 8.34029623e-01 5.51719664e-01
4.50450450e-02 -2.06697975e+01 -2.06697975e+01 -2.50725145e-02 -6.80089439e-03 -6.80089428e-03 7.13254574e+01 7.13254574e+01 1.73372523e+02 2.96749319e+02 3.19178503e+02 3.44932242e-17 1.20828874e-16 5.53461580e-06 2.17775248e-28 1.27881036e-28 1.58328975e-45 4.12116340e-28 1.14872634e-16 8.34694896e-01 5.50712657e-01
4.53453453e-02 -2.06697975e+01 -2.06697975e+01 -2.50725139e-02 -6.80089438e-03 -6.80089287e-03 7.13254574e+01 7.13254574e+01 1.73372523e+02 2.96618908e+02 3.19209116e+02 2.32157176e-17 5.78728703e-17 5.57151324e-06 1.33362901e-16 9.21791008e-15 4.31203693e-34 6.81105654e-19 5.19568900e-18 8.35357585e-01 5.49706926e-01
4.56456456e-02 -2.06697975e+01 -2.06697975e+01 -2.50725141e-02 -6.80089439e-03 -6.80089428e-03 7.13254574e+01 7.13254574e+01 1.73372523e+02 2.96488121e+02 3.19239546e+02 6.14505950e-17 4.46815049e-17 5.60841067e-06 2.20134001e-28 1.29266133e-28 1.60218981e-45 4.16580028e-28 6.61157286e-17 8.36017694e-01 5.48702484e-01
4.59459459e-02 -2.06697975e+01 -2.06697975e+01 -2.50725139e-02 -6.80089433e-03 -6.80089427e-03 7.13254574e+01 7.13254574e+01 1.73372523e+02 2.96356958e+02 3.19269794e+02 9.94897083e-18 7.06272718e-18 5.64530811e-06 1.42066304e-15 5.88204859e-16 5.81365071e-34 2.83380319e-18 3.81667936e-18 8.36675225e-01 5.47699341e-01
4.62462462e-02 -2.06697975e+01 -2.06697975e+01 -2.50725143e-02 -6.80089434e-03 -6.80089429e-03 7.13254574e+01 7.13254574e+01 1.73372523e+02 2.96225420e+02 3.19299862e+02 5.12002286e-17 4.65984771e-17 5.68220555e-06 8.57962611e-16 1.29802113e-15 6.35493540e-34 3.46497633e-18 1.99452721e-16 8.37330182e-01 5.46697509e-01
4.65465465e-02 -2.06697975e+01 -2.06697975e+01 -2.50725140e-02 -6.80089436e-03 -6.80089431e-03 7.13254574e+01 7.13254574e+01 1.73372523e+02 2.96093508e+02 3.19329750e+02 1.86398253e-18 4.81648969e-17 5.71910299e-06 1.34314942e-15 7.98100599e-16 6.89575841e-34 4.09568155e-18 1.88524118e-16 8.37982569e-01 5.45696999e-01
4.68468468e-02 -2.06697975e+01 -2.06697975e+01 -2.50725142e-02 -6.80089432e-03 -6.80089427e-03 7.13254574e+01 7.13254574e+01 1.73372523e+02 2.95961223e+02 3.19359460e+02 9.45453416e-18 8.60072288e-18 5.75600043e-06 1.41189211e-15 6.80656315e-16 7.43611964e-34 4.72591934e-18 1.43372550e-16 8.38632388e-01 5.44697822e-01
4.71471471e-02 -2.06697975e+01 -2.06697975e+01 -2.50725139e-02 -6.80089435e-03 -6.80089427e-03 7.13254574e+01 7.13254574e+01 1.73372523e+02 2.95828566e+02 3.19388992e+02 4.89133527e-17 9.45163638e-18 5.79289787e-06 3.77811284e-15 1.22654996e-15 7.58115135e-34 4.89343181e-18 9.27826711e-17 8.39279644e-01 5.43699990e-01
4.74474474e-02 -2.06697975e+01 -2.06697975e+01 -2.50725142e-02 -6.80089434e-03 -6.80089427e-03 7.13254574e+01 7.13254574e+01 1.73372523e+02 2.95695537e+02 3.19418347e+02 1.47697565e-17 7.57396377e-17 5.82979531e-06 1.49049172e-15 5.39147260e-16 8.51545627e-34 5.98499458e-18 3.34300140e-16 8.39924340e-01 5.42703512e-01
4.77477477e-02 -2.06697975e+01 -2.06697975e+01 -2.50725138e-02 -6.80089434e-03 -6.80089429e-03 7.13254574e+01 7.13254574e+01 1.73372523e+02 2.95562138e+02 3.19447527e+02 1.38814435e-17 1.82587054e-18 5.86669274e-06 8.04198825e-16 1.38193139e-15 9.05443144e-34 6.61383299e-18 1.13780134e-16 8.40566481e-01 5.41708401e-01
4.80480480e-02 -2.06697975e+01 -2.06697975e+01 -2.50725140e-02 -6.80089435e-03 -6.80089423e-03 7.13254574e+01 7.13254574e+01 1.73372523e+02 2.95428369e+02 3.19476532e+02 1.65197264e-17 2.47273976e-17 5.90359018e-06 1.58401500e-15 2.84011251e-16 9.59294434e-34 7.24220593e-18 2.10652971e-16 8.41206069e-01 5.40714666e-01
4.83483483e-02 -2.06697975e+01 -2.06697975e+01 -2.50725141e-02 -6.80089439e-03 -6.80089432e-03 7.13254574e+01 7.13254574e+01 1.73372523e+02 2.95294231e+02 3.19505364e+02 7.40722927e-18 3.16615700e-17 5.94048762e-06 9.32487004e-15 2.94480564e-15 9.32122890e-34 6.92186678e-18 1.49914872e-16 8.41843109e-01 5.39722318e-01
4.86486486e-02 -2.06697975e+01 -2.06697975e+01 -2.50725139e-02 -6.80089437e-03 -6.80089431e-03 7.13254574e+01 7.13254574e+01 1.73372523e+02 2.95159726e+02 3.19534024e+02 2.80911761e-17 7.27177256e-17 5.97738506e-06 1.47228915e-15 7.08446110e-16 7.53436627e-34 4.68172316e-18 4.13206071e-16 8.42477604e-01 5.38731367e-01
4.89489489e-02 -2.06697975e+01 -2.06697975e+01 -2.50725139e-02 -6.80089489e-03 -6.80089437e-03 7.13254574e+01 7.13254574e+01 1.73372523e+02 2.95024854e+02 3.19562512e+02 1.62792833e-17 2.02443168e-17 6.01428250e-06 1.71444814e-15 7.19603774e-17 5.73193199e-34 1.48640423e-18 9.23397039e-17 8.43109560e-01 5.37741824e-01
4.92492492e-02 -2.06697975e+01 -2.06697975e+01 -2.50725140e-02 -6.80089434e-03 -6.80089427e-03 7.13254574e+01 7.13254574e+01 1.73372523e+02 2.94889615e+02 3.19590830e+02 2.23188538e-18 1.36792661e-18 6.05117994e-06 1.56666387e-15 5.42403845e-16 5.46424076e-34 2.10641545e-18 2.03866613e-16 8.43738981e-01 5.36753698e-01
4.95495495e-02 -2.06697975e+01 -2.06697975e+01 -2.50725141e-02 -6.80089433e-03 -6.80089427e-03 7.13254574e+01 7.13254574e+01 1.73372523e+02 2.94754012e+02 3.19618979e+02 2.11384194e-17 1.02839672e-20 6.08807738e-06 9.19954011e-15 3.97152370e-15 5.16575534e-34 1.75393248e-18 1.57545120e-16 8.44365869e-01 5.35767000e-01
4.98498498e-02 -2.06697975e+01 -2.06697975e+01 -2.50725139e-02 -6.80089442e-03 -6.80089325e-03 7.13254574e+01 7.13254574e+01 1.73372523e+02 2.94618045e+02 3.19646959e+02 5.62110393e-17 1.60705822e-16 6.12497481e-06 1.87073202e-16 1.00705813e-14 6.96467233e-34 2.36699918e-18 1.72154216e-16 8.44990231e-01 5.34781739e-01
5.01501502e-02 -2.06697975e+01 -2.06697975e+01 -2.50725139e-02 -6.80089438e-03 -6.80089432e-03 7.13254574e+01 7.13254574e+01 1.73372523e+02 2.94481714e+02 3.19674772e+02 9.10657365e-18 1.82881073e-17 6.16187225e-06 6.56612791e-16 1.55077259e-15 7.05668231e-34 3.96343013e-18 2.92152326e-17 8.45612071e-01 5.33797926e-01
5.04504505e-02 -2.06697975e+01 -2.06697975e+01 -2.50725141e-02 -6.80089438e-03 -6.80089432e-03 7.13254574e+01 7.13254574e+01 1.73372523e+02 2.94345022e+02 3.19702418e+02 3.04070078e-17 9.06342238e-18 6.19876969e-06 7.10588149e-16 1.52875715e-15 7.58651011e-34 4.58143025e-18 4.56918840e-16 8.46231393e-01 5.32815569e-01
5.07507508e-02 -2.06697975e+01 -2.06697975e+01 -2.50725142e-02 -6.80089650e-03 -6.80089433e-03 7.13254574e+01 7.13254574e+01 1.73372523e+02 2.94207968e+02 3.19729900e+02 5.18747882e-18 2.96795364e-17 6.23566713e-06 1.01826066e-14 1.02303184e-16 9.52671425e-34 4.20318071e-18 6.41329840e-17 8.46848201e-01 5.31834678e-01
5.10510511e-02 -2.06697975e+01 -2.06697975e+01 -2.50725143e-02 -6.80089437e-03 -6.80089431e-03 7.13254574e+01 7.13254574e+01 1.73372523e+02 2.94070554e+02 3.19757216e+02 2.65753684e-17 6.04135093e-17 6.27256457e-06 1.53579758e-15 7.44112779e-16 8.64468595e-34 5.81592614e-18 1.38918486e-16 8.47462501e-01 5.30855262e-01
5.13513514e-02 -2.06697975e+01 -2.06697975e+01 -2.50725142e-02 -6.80089437e-03 -6.80089431e-03 7.13254574e+01 7.13254574e+01 1.73372523e+02 2.93932781e+02 3.19784370e+02 1.38707156e-17 2.07522254e-17 6.30946201e-06 1.51285859e-15 8.07967268e-16 9.17303375e-34 6.43242284e-18 3.74287125e-17 8.48074297e-01 5.29877331e-01
5.16516517e-02 -2.06697975e+01 -2.06697975e+01 -2.50725142e-02 -6.80089434e-03 -6.80089427e-03 7.13254574e+01 7.13254574e+01 1.73372523e+02 2.93794650e+02 3.19811361e+02 1.74722788e-17 3.02984527e-17 6.34635945e-06 1.63202124e-15 5.83977470e-16 9.70088799e-34 7.04841932e-18 2.13830713e-16 8.48683595e-01 5.28900894e-01
5.19519520e-02 -2.06697975e+01 -2.06697975e+01 -2.50725142e-02 -6.80089438e-03 -6.80089432e-03 7.13254574e+01 7.13254574e+01 1.73372523e+02 2.93656162e+02 3.19838191e+02 1.25665258e-17 2.45919378e-17 6.38325688e-06 6.99779246e-16 1.59286002e-15 1.02282485e-33 7.66391606e-18 1.18874209e-16 8.49290399e-01 5.27925960e-01
5.22522523e-02 -2.06697975e+01 -2.06697975e+01 -2.50725141e-02 -6.80089442e-03 -6.80089433e-03 7.13254574e+01 7.13254574e+01 1.73372523e+02 2.93517318e+02 3.19864860e+02 1.36280358e-17 8.31898976e-17 6.42015432e-06 2.59075688e-15 1.02496704e-14 1.50810584e-19 7.25188110e-18 7.14186290e-17 8.49894714e-01 5.26952536e-01
5.25525526e-02 -2.06697975e+01 -2.06697975e+01 -2.50725142e-02 -6.80089440e-03 -6.80089435e-03 7.13254574e+01 7.13254574e+01 1.73372523e+02 2.93378119e+02 3.19891370e+02 4.96784406e-19 8.52338205e-18 6.45705176e-06 1.32353938e-15 1.16832300e-15 8.11468891e-34 5.03398354e-18 1.51779311e-16 8.50496545e-01 5.25980634e-01
5.28528529e-02 -2.06697975e+01 -2.06697975e+01 -2.50725136e-02 -6.80089438e-03 -6.80089280e-03 7.13254574e+01 7.13254574e+01 1.73372523e+02 2.93238565e+02 3.19917721e+02 1.39227724e-17 2.91538434e-17 6.49394920e-06 1.51131331e-16 1.09517898e-14 4.98396316e-34 7.44207637e-19 2.06601803e-16 8.51095898e-01 5.25010259e-01
5.31531532e-02 -2.06697975e+01 -2.06697975e+01 -2.50725142e-02 -6.80089433e-03 -6.80089427e-03 7.13254574e+01 7.13254574e+01 1.73372523e+02 2.93098659e+02 3.19943915e+02 2.37084775e-17 5.09486056e-18 6.53084664e-06 9.98920070e-15 3.95244741e-15 5.09884752e-34 1.34473137e-18 2.93768771e-18 8.51692778e-01 5.24041422e-01
5.34534535e-02 -2.06697975e+01 -2.06697975e+01 -2.50725142e-02 -6.80089433e-03 -6.80089427e-03 7.13254574e+01 7.13254574e+01 1.73372523e+02 2.92958401e+02 3.19969952e+02 9.11063729e-18 1.28002240e-17 6.56774408e-06 1.67518124e-15 6.60001907e-16 6.50828915e-34 2.99396998e-18 6.57859392e-17 8.52287190e-01 5.23074131e-01
5.37537538e-02 -2.06697975e+01 -2.06697975e+01 -2.50725140e-02 -6.80089442e-03 -6.80089433e-03 7.13254574e+01 7.13254574e+01 1.73372523e+02 2.92817793e+02 3.19995833e+02 5.80563925e-17 1.06880603e-17 6.60464152e-06 1.10096727e-15 4.38700155e-15 6.57745748e-34 3.07176424e-18 1.15998365e-16 8.52879139e-01 5.22108393e-01
5.40540541e-02 -2.06697975e+01 -2.06697975e+01 -2.50725140e-02 -6.80089435e-03 -6.80089430e-03 7.13254574e+01 7.13254574e+01 1.73372523e+02 2.92676834e+02 3.20021560e+02 4.75525768e-17 5.27153132e-18 6.64153895e-06 7.84211641e-15 7.61498675e-15 6.73681032e-34 3.14307084e-18 3.37483424e-19 8.53468631e-01 5.21144217e-01
5.43543544e-02 -2.06697975e+01 -2.06697975e+01 -2.50725141e-02 -6.80089432e-03 -6.80089427e-03 7.13254574e+01 7.13254574e+01 1.73372523e+02 2.92535527e+02 3.20047133e+02 1.04537173e-17 7.16657862e-18 6.67843639e-06 1.56685932e-15 9.28415752e-16 8.06397123e-34 4.80854701e-18 6.85422875e-17 8.54055672e-01 5.20181611e-01
5.46546547e-02 -2.06697975e+01 -2.06697975e+01 -2.50725143e-02 -6.80089434e-03 -6.80089427e-03 7.13254574e+01 7.13254574e+01 1.73372523e+02 2.92393873e+02 3.20072553e+02 2.99492839e-17 3.36690177e-17 6.71533383e-06 1.73169599e-15 5.80753704e-16 8.58148299e-34 5.41233299e-18 1.52294460e-16 8.54640267e-01 5.19220583e-01
5.49549550e-02 -2.06697975e+01 -2.06697975e+01 -2.50725140e-02 -6.80089439e-03 -6.80089434e-03 7.13254574e+01 7.13254574e+01 1.73372523e+02 2.92251872e+02 3.20097821e+02 1.82493032e-17 4.57930934e-18 6.75223127e-06 1.03391667e-15 1.52257731e-15 9.09847009e-34 6.01558318e-18 7.77682503e-17 8.55222422e-01 5.18261139e-01
5.52552553e-02 -2.06697975e+01 -2.06697975e+01 -2.50725142e-02 -6.80089436e-03 -6.80089431e-03 7.13254574e+01 7.13254574e+01 1.73372523e+02 2.92109527e+02 3.20122938e+02 3.95853628e-17 2.98493529e-17 6.78912871e-06 9.63722447e-15 5.64593003e-15 8.69010297e-34 5.53333243e-18 3.06438887e-17 8.55802142e-01 5.17303289e-01
5.55555556e-02 -2.06697975e+01 -2.06697975e+01 -2.50725142e-02 -6.80089438e-03 -6.80089433e-03 7.13254574e+01 7.13254574e+01 1.73372523e+02 2.91966837e+02 3.20147906e+02 2.14794845e-17 2.01242368e-17 6.82602615e-06 5.82584171e-15 9.60985123e-15 9.20104241e-34 6.12955711e-18 1.47462105e-16 8.56379434e-01 5.16347039e-01
5.58558559e-02 -2.06697975e+01 -2.06697975e+01 -2.50725142e-02 -6.80089439e-03 -6.80089432e-03 7.13254574e+01 7.13254574e+01 1.73372523e+02 2.91823804e+02 3.20172724e+02 3.10285174e-18 2.27138493e-17 6.86292359e-06 1.77444074e-15 5.76320291e-16 1.06462822e-33 7.82212352e-18 1.11502233e-16 8.56954303e-01 5.15392397e-01
5.61561562e-02 -2.06697975e+01 -2.06697975e+01 -2.50725142e-02 -6.80089442e-03 -6.80089300e-03 7.13254574e+01 7.13254574e+01 1.73372523e+02 2.91680429e+02 3.20197394e+02 2.66600876e-18 7.16559166e-18 6.89982103e-06 1.71387179e-16 1.11856078e-14 1.41582018e-33 7.32040065e-18 1.73107657e-16 8.57526755e-01 5.14439370e-01
5.64564565e-02 -2.06697975e+01 -2.06697975e+01 -2.50725141e-02 -6.80089459e-03 -6.80089441e-03 7.13254574e+01 7.13254574e+01 1.73372523e+02 2.91536713e+02 3.20221916e+02 4.91286778e-18 6.97059506e-17 6.93671846e-06 1.12931792e-14 1.40175198e-15 9.68456021e-34 4.00857154e-18 2.15155975e-16 8.58096795e-01 5.13487965e-01
5.67567568e-02 -2.06697975e+01 -2.06697975e+01 -2.50725142e-02 -6.80089437e-03 -6.80089359e-03 7.13254574e+01 7.13254574e+01 1.73372523e+02 2.91392659e+02 3.20246292e+02 1.16992682e-16 1.59154861e-17 6.97361590e-06 1.30560169e-16 4.70795004e-15 5.97515652e-34 1.24606571e-18 1.61609238e-17 8.58664431e-01 5.12538189e-01
5.70570571e-02 -2.06697975e+01 -2.06697975e+01 -2.50725142e-02 -6.80089439e-03 -6.80089428e-03 7.13254574e+01 7.13254574e+01 1.73372523e+02 2.91248265e+02 3.20270523e+02 1.42506377e-17 3.58036770e-17 7.01051334e-06 2.61142731e-28 1.53347101e-28 1.94507633e-45 4.94184659e-28 6.53935586e-17 8.59229668e-01 5.11590049e-01
5.73573574e-02 -2.06697975e+01 -2.06697975e+01 -2.50725140e-02 -6.80089436e-03 -6.80089431e-03 7.13254574e+01 7.13254574e+01 1.73372523e+02 2.91103535e+02 3.20294609e+02 8.16935894e-18 4.45048650e-17 7.04741078e-06 1.78565237e-14 1.11517266e-14 8.15212118e-34 4.58013061e-18 2.69041707e-16 8.59792512e-01 5.10643551e-01
5.76576577e-02 -2.06697975e+01 -2.06697975e+01 -2.50725141e-02 -6.80089438e-03 -6.80089433e-03 7.13254574e+01 7.13254574e+01 1.73372523e+02 2.90958469e+02 3.20318552e+02 2.02428985e-17 6.20513173e-18 7.08430822e-06 1.09326230e-14 1.81523372e-14 1.14510862e-33 5.17936968e-18 2.49956498e-16 8.60352969e-01 5.09698703e-01
5.79579580e-02 -2.06697975e+01 -2.06697975e+01 -2.50725143e-02 -6.80089476e-03 -6.80089428e-03 7.13254574e+01 7.13254574e+01 1.73372523e+02 2.90813068e+02 3.20342351e+02 7.51797438e-18 5.28842843e-17 7.12120566e-06 2.12436413e-14 9.54971752e-16 1.22860897e-33 5.77803800e-18 1.11254900e-16 8.60911046e-01 5.08755511e-01
5.82582583e-02 -2.06697975e+01 -2.06697975e+01 -2.50725140e-02 -6.80089435e-03 -6.80089427e-03 7.13254574e+01 7.13254574e+01 1.73372523e+02 2.90667334e+02 3.20366009e+02 4.51978760e-17 1.48213029e-17 7.15810310e-06 2.04419767e-14 6.25726242e-15 9.69133235e-34 6.37613602e-18 1.72656605e-17 8.61466749e-01 5.07813981e-01
5.85585586e-02 -2.06697975e+01 -2.06697975e+01 -2.50725142e-02 -6.80089442e-03 -6.80089432e-03 7.13254574e+01 7.13254574e+01 1.73372523e+02 2.90521267e+02 3.20389526e+02 4.86671217e-17 3.64243438e-17 7.19500053e-06 4.81428701e-15 2.09423770e-14 1.02032902e-33 6.97366415e-18 2.92057533e-16 8.62020085e-01 5.06874120e-01
5.88588589e-02 -2.06697975e+01 -2.06697975e+01 -2.50725140e-02 -6.80089433e-03 -6.80089292e-03 7.13254574e+01 7.13254574e+01 1.73372523e+02 2.90374869e+02 3.20412902e+02 8.10025964e-17 7.37706988e-20 7.23189797e-06 1.22456887e-16 7.92956228e-15 1.31791928e-33 6.41412913e-18 6.85614645e-17 8.62571058e-01 5.05935934e-01
5.91591592e-02 -2.06697975e+01 -2.06697975e+01 -2.50725142e-02 -6.80089563e-03 -6.80089437e-03 7.13254574e+01 7.13254574e+01 1.73372523e+02 2.90228141e+02 3.20436139e+02 5.28979899e-17 4.39744732e-17 7.26879541e-06 2.17542250e-14 3.78138747e-16 1.56174442e-33 8.16701246e-18 2.70876564e-17 8.63119677e-01 5.04999428e-01
5.94594595e-02 -2.06697975e+01 -2.06697975e+01 -2.50725140e-02 -6.80089434e-03 -6.80089429e-03 7.13254574e+01 7.13254574e+01 1.73372523e+02 2.90081085e+02 3.20459238e+02 2.74902979e-17 1.04641738e-17 7.30569285e-06 1.26500087e-14 1.77727520e-14 1.17358244e-33 8.76283350e-18 2.60094284e-16 8.63665948e-01 5.04064610e-01
5.97597598e-02 -2.06697975e+01 -2.06697975e+01 -2.50725142e-02 -6.80089434e-03 -6.80089427e-03 7.13254574e+01 7.13254574e+01 1.73372523e+02 2.89933701e+02 3.20482199e+02 5.22506750e-18 8.06271301e-18 7.34259029e-06 2.07173604e-14 7.18354736e-15 1.22455557e-33 9.35808635e-18 1.55033018e-16 8.64209876e-01 5.03131484e-01
6.00600601e-02 -2.06697975e+01 -2.06697975e+01 -2.50725140e-02 -6.80089433e-03 -6.80089427e-03 7.13254574e+01 7.13254574e+01 1.73372523e+02 2.89785991e+02 3.20505023e+02 8.12159083e-17 7.65667074e-17 7.37948773e-06 2.03882697e-14 8.37372972e-15 1.27547300e-33 9.95277144e-18 8.03038067e-17 8.64751469e-01 5.02200056e-01
6.03603604e-02 -2.06697975e+01 -2.06697975e+01 -2.50725144e-02 -6.80089434e-03 -6.80089427e-03 7.13254574e+01 7.13254574e+01 1.73372523e+02 2.89637957e+02 3.20527712e+02 1.15260758e-16 5.61003373e-17 7.41638517e-06 2.09489894e-14 7.16679367e-15 1.32633472e-33 1.05468892e-17 5.50669914e-17 8.65290734e-01 5.01270333e-01
6.06606607e-02 -2.06697975e+01 -2.06697975e+01 -2.50725139e-02 -6.80089555e-03 -6.80089428e-03 7.13254574e+01 7.13254574e+01 1.73372523e+02 2.89489598e+02 3.20550265e+02 2.17856357e-17 1.27858995e-16 7.45328260e-06 7.95011738e-15 1.36888219e-16 1.27337417e-33 5.98719446e-18 1.66059584e-16 8.65827676e-01 5.00342319e-01
6.09609610e-02 -2.06697975e+01 -2.06697975e+01 -2.50725140e-02 -6.80089434e-03 -6.80089427e-03 7.13254574e+01 7.13254574e+01 1.73372523e+02 2.89340918e+02 3.20572685e+02 9.84064215e-19 4.21841788e-17 7.49018004e-06 2.08913053e-14 8.01142143e-15 7.78786722e-34 3.80346796e-18 1.00165239e-18 8.66362303e-01 4.99416019e-01
6.12612613e-02 -2.06697975e+01 -2.06697975e+01 -2.50725140e-02 -6.80089439e-03 -6.80089428e-03 7.13254574e+01 7.13254574e+01 1.73372523e+02 2.89191916e+02 3.20594971e+02 1.28213917e-17 1.45225997e-16 7.52707748e-06 2.74363822e-28 1.61110732e-28 2.06318555e-45 5.19204158e-28 1.58345296e-17 8.66894621e-01 4.98491440e-01
6.15615616e-02 -2.06697975e+01 -2.06697975e+01 -2.50725141e-02 -6.80089438e-03 -6.80089432e-03 7.13254574e+01 7.13254574e+01 1.73372523e+02 2.89042594e+02 3.20617124e+02 2.22210047e-17 1.89847000e-17 7.56397492e-06 8.75906153e-15 2.08261014e-14 8.78906475e-34 4.97143650e-18 1.96334518e-16 8.67424637e-01 4.97568587e-01
6.18618619e-02 -2.06697975e+01 -2.06697975e+01 -2.50725140e-02 -6.80089435e-03 -6.80089427e-03 7.13254574e+01 7.13254574e+01 1.73372523e+02 2.88892954e+02 3.20639146e+02 2.50615736e-17 1.69880026e-17 7.60087236e-06 1.48172859e-14 4.25909110e-15 8.77143795e-34 4.94640513e-18 8.62242754e-17 8.67952359e-01 4.96647464e-01
6.21621622e-02 -2.06697975e+01 -2.06697975e+01 -2.50725140e-02 -6.80089612e-03 -6.80089438e-03 7.13254574e+01 7.13254574e+01 1.73372523e+02 2.88742997e+02 3.20661037e+02 1.22322895e-17 1.01192253e-17 7.63776980e-06 8.19926754e-15 1.02315874e-16 1.13910515e-33 4.91479031e-18 2.09268442e-16 8.68477792e-01 4.95728076e-01
6.24624625e-02 -2.06697975e+01 -2.06697975e+01 -2.50725143e-02 -6.80089436e-03 -6.80089431e-03 7.13254574e+01 7.13254574e+01 1.73372523e+02 2.88592724e+02 3.20682797e+02 6.69367910e-17 2.61544827e-17 7.67466724e-06 1.98554362e-14 1.14597277e-14 1.02864565e-33 6.71884391e-18 1.02289220e-16 8.69000943e-01 4.94810429e-01
6.27627628e-02 -2.06697975e+01 -2.06697975e+01 -2.50725145e-02 -6.80089433e-03 -6.80089372e-03 7.13254574e+01 7.13254574e+01 1.73372523e+02 2.88442136e+02 3.20704429e+02 1.86506050e-17 1.09815746e-16 7.71156467e-06 8.40267824e-16 2.31786400e-14 1.47098516e-33 7.30010255e-18 1.34701127e-16 8.69521821e-01 4.93894526e-01
6.30630631e-02 -2.06697975e+01 -2.06697975e+01 -2.50725142e-02 -6.80089437e-03 -6.80089431e-03 7.13254574e+01 7.13254574e+01 1.73372523e+02 2.88291235e+02 3.20725932e+02 4.93547544e-17 1.94939752e-17 7.74846211e-06 7.33586205e-15 3.81908589e-15 1.02271389e-33 6.64062708e-18 1.02901722e-16 8.70040431e-01 4.92980374e-01
6.33633634e-02 -2.06697975e+01 -2.06697975e+01 -2.50725142e-02 -6.80089438e-03 -6.80089197e-03 7.13254574e+01 7.13254574e+01 1.73372523e+02 2.88140023e+02 3.20747308e+02 3.21793115e-17 1.50867337e-17 7.78535955e-06 7.51277727e-17 8.31033507e-15 1.45983970e-33 7.21469492e-18 1.23547004e-16 8.70556780e-01 4.92067975e-01
6.36636637e-02 -2.06697975e+01 -2.06697975e+01 -2.50725143e-02 -6.80089447e-03 -6.80089294e-03 7.13254574e+01 7.13254574e+01 1.73372523e+02 2.87988499e+02 3.20768557e+02 1.85536616e-16 7.02975330e-17 7.82225699e-06 1.18384065e-16 8.29282236e-15 1.53979444e-33 7.78815786e-18 1.24955160e-16 8.71070877e-01 4.91157335e-01
6.39639640e-02 -2.06697975e+01 -2.06697975e+01 -2.50725142e-02 -6.80089434e-03 -6.80089430e-03 7.13254574e+01 7.13254574e+01 1.73372523e+02 2.87836667e+02 3.20789679e+02 7.60730023e-18 1.72042387e-17 7.85915443e-06 1.50768125e-14 1.79858085e-14 1.31369579e-33 9.61909526e-18 4.21874553e-17 8.71582726e-01 4.90248458e-01
6.42642643e-02 -2.06697975e+01 -2.06697975e+01 -2.50725143e-02 -6.80089513e-03 -6.80089433e-03 7.13254574e+01 7.13254574e+01 1.73372523e+02 2.87684526e+02 3.20810677e+02 1.47602917e-17 1.28245710e-17 7.89605187e-06 2.35478827e-14 6.36499033e-16 1.87485945e-33 1.01973350e-17 1.76012706e-16 8.72092337e-01 4.89341349e-01
6.45645646e-02 -2.06697975e+01 -2.06697975e+01 -2.50725138e-02 -6.80089474e-03 -6.80089419e-03 7.13254574e+01 7.13254574e+01 1.73372523e+02 2.87532079e+02 3.20831550e+02 3.17872350e-17 3.92467165e-17 7.93294931e-06 2.39241914e-14 9.41184316e-16 1.95535976e-33 1.07749720e-17 1.14395280e-16 8.72599716e-01 4.88436010e-01
6.48648649e-02 -2.06697975e+01 -2.06697975e+01 -2.50725140e-02 -6.80089437e-03 -6.80089382e-03 7.13254574e+01 7.13254574e+01 1.73372523e+02 2.87379326e+02 3.20852300e+02 1.41863331e-16 1.45776257e-16 7.96984674e-06 3.38215027e-16 8.61203503e-15 1.85869818e-33 1.00759685e-17 3.44432266e-16 8.73104869e-01 4.87532447e-01
6.51651652e-02 -2.06697975e+01 -2.06697975e+01 -2.50725141e-02 -6.80089438e-03 -6.80089432e-03 7.13254574e+01 7.13254574e+01 1.73372523e+02 2.87226270e+02 3.20872926e+02 5.74047909e-18 4.74186508e-17 8.00674418e-06 3.63298889e-15 7.75230583e-15 7.17837423e-34 2.59889685e-18 2.14399893e-16 8.73607805e-01 4.86630663e-01
6.54654655e-02 -2.06697975e+01 -2.06697975e+01 -2.50725141e-02 -6.80089534e-03 -6.80089437e-03 7.13254574e+01 7.13254574e+01 1.73372523e+02 2.87072911e+02 3.20893431e+02 1.11766819e-17 6.95028534e-17 8.04364162e-06 2.40118790e-14 5.41319681e-16 1.10463108e-33 4.44805058e-18 1.29661405e-16 8.74108530e-01 4.85730663e-01
6.57657658e-02 -2.06697975e+01 -2.06697975e+01 -2.50725140e-02 -6.80089439e-03 -6.80089432e-03 7.13254574e+01 7.13254574e+01 1.73372523e+02 2.86919252e+02 3.20913814e+02 7.11207859e-18 3.67497930e-17 8.08053906e-06 2.25816762e-14 8.51929418e-15 9.33260761e-34 5.01453501e-18 3.06942623e-17 8.74607052e-01 4.84832449e-01
6.60660661e-02 -2.06697975e+01 -2.06697975e+01 -2.50725143e-02 -6.80089557e-03 -6.80089437e-03 7.13254574e+01 7.13254574e+01 1.73372523e+02 2.86765292e+02 3.20934077e+02 3.32722933e-17 2.12125310e-18 8.11743650e-06 2.43103345e-14 4.42865068e-16 1.26256676e-33 5.58037763e-18 1.24555093e-17 8.75103378e-01 4.83936026e-01
6.63663664e-02 -2.06697975e+01 -2.06697975e+01 -2.50725140e-02 -6.80089439e-03 -6.80089428e-03 7.13254574e+01 7.13254574e+01 1.73372523e+02 2.86611034e+02 3.20954220e+02 3.69461309e-18 3.36764759e-17 8.15433394e-06 2.89019417e-28 1.69716728e-28 2.20032422e-45 5.46938304e-28 1.19049707e-17 8.75597516e-01 4.83041396e-01
6.66666667e-02 -2.06697975e+01 -2.06697975e+01 -2.50725143e-02 -6.80089580e-03 -6.80089428e-03 7.13254574e+01 7.13254574e+01 1.73372523e+02 2.86456479e+02 3.20974244e+02 5.82281877e-18 8.68713798e-17 8.19123138e-06 2.45875078e-14 3.53067281e-16 1.42011610e-33 6.71013897e-18 9.81997521e-17 8.76089471e-01 4.82148564e-01
6.69669670e-02 -2.06697975e+01 -2.06697975e+01 -2.50725140e-02 -6.80089438e-03 -6.80089433e-03 7.13254574e+01 7.13254574e+01 1.73372523e+02 2.86301629e+02 3.20994150e+02 3.26627045e-17 1.28883745e-17 8.22812881e-06 1.23855982e-14 2.12256602e-14 1.13567226e-33 7.27405843e-18 1.14116780e-16 8.76579253e-01 4.81257533e-01
6.72672673e-02 -2.06697975e+01 -2.06697975e+01 -2.50725142e-02 -6.80089451e-03 -6.80089432e-03 7.13254574e+01 7.13254574e+01 1.73372523e+02 2.86146484e+02 3.21013938e+02 6.26137706e-17 5.68075254e-17 8.26502625e-06 8.70351125e-15 1.01451347e-15 1.39364878e-33 6.51335725e-18 2.54737678e-16 8.77066868e-01 4.80368306e-01
6.75675676e-02 -2.06697975e+01 -2.06697975e+01 -2.50725140e-02 -6.80089439e-03 -6.80089434e-03 7.13254574e+01 7.13254574e+01 1.73372523e+02 2.85991046e+02 3.21033609e+02 2.85695565e-17 7.84395380e-18 8.30192369e-06 1.57904876e-14 1.91115031e-14 1.23652274e-33 8.39997678e-18 5.29451464e-17 8.77552323e-01 4.79480886e-01
6.78678679e-02 -2.06697975e+01 -2.06697975e+01 -2.50725141e-02 -6.80089438e-03 -6.80089430e-03 7.13254574e+01 7.13254574e+01 1.73372523e+02 2.85835318e+02 3.21053165e+02 7.23165180e-17 6.79987721e-17 8.33882113e-06 7.35607753e-15 2.37895293e-14 1.28685919e-33 8.96197640e-18 7.60981882e-18 8.78035627e-01 4.78595276e-01
6.81681682e-02 -2.06697975e+01 -2.06697975e+01 -2.50725139e-02 -6.80089438e-03 -6.80089433e-03 7.13254574e+01 7.13254574e+01 1.73372523e+02 2.85679299e+02 3.21072605e+02 4.37425045e-17 1.83502763e-17 8.37571857e-06 1.10635207e-14 2.24300939e-14 1.33713647e-33 9.52333681e-18 7.10261432e-17 8.78516785e-01 4.77711479e-01
6.84684685e-02 -2.06697975e+01 -2.06697975e+01 -2.50725141e-02 -6.80089438e-03 -6.80089430e-03 7.13254574e+01 7.13254574e+01 1.73372523e+02 2.85522992e+02 3.21091930e+02 6.53542467e-17 2.08348870e-17 8.41261601e-06 2.76871023e-15 8.54174339e-15 1.26769492e-33 8.73607909e-18 3.62953568e-17 8.78995807e-01 4.76829499e-01
6.87687688e-02 -2.06697975e+01 -2.06697975e+01 -2.50725140e-02 -6.80089438e-03 -6.80089433e-03 7.13254574e+01 7.13254574e+01 1.73372523e+02 2.85366397e+02 3.21111142e+02 1.01211627e-16 4.14176577e-18 8.44951345e-06 1.16067762e-14 2.24039968e-14 1.43751353e-33 1.06441415e-17 1.91449937e-16 8.79472699e-01 4.75949337e-01
6.90690691e-02 -2.06697975e+01 -2.06697975e+01 -2.50725141e-02 -6.80089439e-03 -6.80089434e-03 7.13254574e+01 7.13254574e+01 1.73372523e+02 2.85209517e+02 3.21130241e+02 5.00816310e-17 2.08785551e-18 8.48641088e-06 5.26708056e-15 7.36949331e-15 1.36689918e-33 9.84360052e-18 1.79083497e-16 8.79947469e-01 4.75070996e-01
6.93693694e-02 -2.06697975e+01 -2.06697975e+01 -2.50725141e-02 -6.80089442e-03 -6.80089434e-03 7.13254574e+01 7.13254574e+01 1.73372523e+02 2.85052353e+02 3.21149227e+02 1.23954939e-17 7.85619854e-17 8.52330832e-06 7.38757815e-15 2.43638321e-14 1.18816914e-33 7.67582568e-18 3.01811481e-16 8.80420124e-01 4.74194480e-01
6.96696697e-02 -2.06697975e+01 -2.06697975e+01 -2.50725138e-02 -6.80089442e-03 -6.80089386e-03 7.13254574e+01 7.13254574e+01 1.73372523e+02 2.84894905e+02 3.21168102e+02 4.20065957e-18 1.93403393e-17 8.56020576e-06 1.00022509e-15 2.54644436e-14 1.09427469e-33 4.13814515e-18 2.69102238e-16 8.80890672e-01 4.73319790e-01
6.99699700e-02 -2.06697975e+01 -2.06697975e+01 -2.50725139e-02 -6.80089438e-03 -6.80089433e-03 7.13254574e+01 7.13254574e+01 1.73372523e+02 2.84737177e+02 3.21186865e+02 5.74470799e-17 2.92959527e-17 8.59710320e-06 3.96819227e-15 8.28375952e-15 8.14765812e-34 3.30834925e-18 7.85724236e-17 8.81359120e-01 4.72446929e-01
7.02702703e-02 -2.06697975e+01 -2.06697975e+01 -2.50725142e-02 -6.80089437e-03 -6.80089331e-03 7.13254574e+01 7.13254574e+01 1.73372523e+02 2.84579168e+02 3.21205519e+02 1.33542763e-17 8.33751918e-17 8.63400064e-06 1.92163837e-16 9.37899381e-15 1.05528965e-33 3.84987143e-18 5.26699023e-17 8.81825477e-01 4.71575899e-01
7.05705706e-02 -2.06697975e+01 -2.06697975e+01 -2.50725143e-02 -6.80089516e-03 -6.80089446e-03 7.13254574e+01 7.13254574e+01 1.73372523e+02 2.84420881e+02 3.21224063e+02 9.29365088e-17 8.25124419e-18 8.67089808e-06 1.76355414e-14 5.56045620e-16 1.22706649e-33 5.08572650e-18 2.27123627e-16 8.82289748e-01 4.70706703e-01
7.08708709e-02 -2.06697975e+01 -2.06697975e+01 -2.50725142e-02 -6.80089438e-03 -6.80089431e-03 7.13254574e+01 7.13254574e+01 1.73372523e+02 2.84262317e+02 3.21242498e+02 1.10505954e-17 5.32624343e-18 8.70779552e-06 9.38630896e-15 2.42523298e-14 1.08416043e-33 6.32691421e-18 4.81056912e-17 8.82751942e-01 4.69839343e-01
7.11711712e-02 -2.06697975e+01 -2.06697975e+01 -2.50725139e-02 -6.80089479e-03 -6.80089428e-03 7.13254574e+01 7.13254574e+01 1.73372523e+02 2.84103477e+02 3.21260825e+02 6.93558998e-17 2.89793853e-17 8.74469295e-06 2.60030875e-14 1.11597264e-15 1.47563015e-33 6.87241305e-18 2.17492543e-17 8.83212067e-01 4.68973820e-01
7.14714715e-02 -2.06697975e+01 -2.06697975e+01 -2.50725143e-02 -6.80089438e-03 -6.80089433e-03 7.13254574e+01 7.13254574e+01 1.73372523e+02 2.83944364e+02 3.21279044e+02 2.75190839e-16 2.25469774e-17 8.78159039e-06 4.59261466e-15 8.18042052e-15 1.05698061e-33 6.00917411e-18 4.26841088e-16 8.83670130e-01 4.68110137e-01
7.17717718e-02 -2.06697975e+01 -2.06697975e+01 -2.50725140e-02 -6.80089430e-03 -6.80089110e-03 7.13254574e+01 7.13254574e+01 1.73372523e+02 2.83784977e+02 3.21297157e+02 3.24441700e-17 6.41357754e-17 8.81848783e-06 1.79282588e-16 2.63783707e-14 1.62746137e-33 7.96138098e-18 1.39665969e-16 8.84126139e-01 4.67248296e-01
7.20720721e-02 -2.06697975e+01 -2.06697975e+01 -2.50725142e-02 -6.80089437e-03 -6.80089431e-03 7.13254574e+01 7.13254574e+01 1.73372523e+02 2.83625320e+02 3.21315164e+02 6.66076655e-17 4.40578827e-17 8.85538527e-06 8.36729910e-15 4.40613243e-15 1.15342958e-33 7.08475849e-18 1.61469420e-17 8.84580101e-01 4.66388298e-01
7.23723724e-02 -2.06697975e+01 -2.06697975e+01 -2.50725141e-02 -6.80089438e-03 -6.80089432e-03 7.13254574e+01 7.13254574e+01 1.73372523e+02 2.83465392e+02 3.21333065e+02 2.89485847e-17 7.18005170e-17 8.89228271e-06 1.11777992e-14 2.40823189e-14 1.32807663e-33 9.04764485e-18 1.31566264e-16 8.85032024e-01 4.65530145e-01
7.26726727e-02 -2.06697975e+01 -2.06697975e+01 -2.50725143e-02 -6.80089438e-03 -6.80089432e-03 7.13254574e+01 7.13254574e+01 1.73372523e+02 2.83305197e+02 3.21350861e+02 6.38592051e-17 2.24057486e-18 8.92918015e-06 3.79365456e-15 8.74699219e-15 1.24962896e-33 8.15763508e-18 1.80949017e-16 8.85481916e-01 4.64673839e-01
7.29729730e-02 -2.06697975e+01 -2.06697975e+01 -2.50725143e-02 -6.80089442e-03 -6.80089303e-03 7.13254574e+01 7.13254574e+01 1.73372523e+02 2.83144734e+02 3.21368554e+02 1.35496521e-18 2.72070834e-17 8.96607759e-06 4.22201013e-16 2.68926434e-14 1.92990544e-33 1.01312073e-17 4.43354525e-17 8.85929784e-01 4.63819381e-01
7.32732733e-02 -2.06697975e+01 -2.06697975e+01 -2.50725141e-02 -6.80089439e-03 -6.80089428e-03 7.13254574e+01 7.13254574e+01 1.73372523e+02 2.82984007e+02 3.21386143e+02 6.68461543e-18 7.09484665e-17 9.00297502e-06 3.06405852e-28 1.79926314e-28 2.37459921e-45 5.79840269e-28 8.52271579e-18 8.86375635e-01 4.62966773e-01
7.35735736e-02 -2.06697975e+01 -2.06697975e+01 -2.50725139e-02 -6.80089438e-03 -6.80089432e-03 7.13254574e+01 7.13254574e+01 1.73372523e+02 2.82823015e+02 3.21403629e+02 8.11914567e-18 1.60591659e-17 9.03987246e-06 1.10245797e-14 2.46408102e-14 1.52208716e-33 1.12120710e-17 1.08752517e-16 8.86819478e-01 4.62116016e-01
7.38738739e-02 -2.06697975e+01 -2.06697975e+01 -2.50725140e-02 -6.80089442e-03 -6.80089433e-03 7.13254574e+01 7.13254574e+01 1.73372523e+02 2.82661762e+02 3.21421014e+02 2.22613347e-17 1.26990364e-17 9.07676990e-06 6.38183711e-15 2.63351076e-14 1.57043396e-33 1.17514917e-17 6.08078781e-17 8.87261321e-01 4.61267112e-01
7.41741742e-02 -2.06697975e+01 -2.06697975e+01 -2.50725141e-02 -6.80089433e-03 -6.80089405e-03 7.13254574e+01 7.13254574e+01 1.73372523e+02 2.82500247e+02 3.21438297e+02 2.16566837e-17 1.23734814e-16 9.11366734e-06 2.11743911e-15 2.70667629e-14 2.23072558e-33 1.22902387e-17 3.42480668e-16 8.87701170e-01 4.60420062e-01
7.44744745e-02 -2.06697975e+01 -2.06697975e+01 -2.50725141e-02 -6.80089543e-03 -6.80089437e-03 7.13254574e+01 7.13254574e+01 1.73372523e+02 2.82338473e+02 3.21455479e+02 3.74961307e-17 2.14724371e-17 9.15056478e-06 2.71655548e-14 5.59301326e-16 2.30567695e-33 1.28283123e-17 9.54409323e-17 8.88139033e-01 4.59574867e-01
7.47747748e-02 -2.06697975e+01 -2.06697975e+01 -2.50725138e-02 -6.80089451e-03 -6.80089437e-03 7.13254574e+01 7.13254574e+01 1.73372523e+02 2.82176442e+02 3.21472561e+02 4.06798613e-17 3.90827889e-17 9.18746222e-06 2.70350098e-14 4.15889102e-15 2.38052687e-33 1.33657128e-17 9.34909724e-17 8.88574918e-01 4.58731527e-01
7.50750751e-02 -2.06697975e+01 -2.06697975e+01 -2.50725142e-02 -6.80089439e-03 -6.80089428e-03 7.13254574e+01 7.13254574e+01 1.73372523e+02 2.82014154e+02 3.21489543e+02 3.04643574e-17 2.16021373e-17 9.22435965e-06 3.10483781e-28 1.82320938e-28 2.41789778e-45 5.87557313e-28 1.18452314e-18 8.89008834e-01 4.57890045e-01
7.53753754e-02 -2.06697975e+01 -2.06697975e+01 -2.50725142e-02 -6.80089434e-03 -6.80089429e-03 7.13254574e+01 7.13254574e+01 1.73372523e+02 2.81851611e+02 3.21506427e+02 7.25168519e-17 9.27418958e-17 9.26125709e-06 1.38413188e-14 2.39362802e-14 1.81123350e-33 1.44384961e-17 1.79212461e-16 8.89440786e-01 4.57050421e-01
7.56756757e-02 -2.06697975e+01 -2.06697975e+01 -2.50725144e-02 -6.80089438e-03 -6.80089432e-03 7.13254574e+01 7.13254574e+01 1.73372523e+02 2.81688815e+02 3.21523213e+02 5.05746377e-17 6.13984152e-17 9.29815453e-06 1.15637601e-14 2.52389416e-14 1.85920657e-33 1.49738795e-17 1.76474468e-16 8.89870784e-01 4.56212656e-01
7.59759760e-02 -2.06697975e+01 -2.06697975e+01 -2.50725140e-02 -6.80089552e-03 -6.80089433e-03 7.13254574e+01 7.13254574e+01 1.73372523e+02 2.81525767e+02 3.21539901e+02 9.14617317e-17 4.41577544e-17 9.33505197e-06 9.89517248e-15 1.80231253e-16 2.47149059e-33 1.40101712e-17 6.73585586e-17 8.90298835e-01 4.55376750e-01
7.62762763e-02 -2.06697975e+01 -2.06697975e+01 -2.50725142e-02 -6.80089428e-03 -6.80089276e-03 7.13254574e+01 7.13254574e+01 1.73372523e+02 2.81362469e+02 3.21556492e+02 6.30652317e-17 6.13399323e-17 9.37194941e-06 1.40704347e-16 9.86557178e-15 2.54501276e-33 1.45381770e-17 1.88600039e-17 8.90724946e-01 4.54542705e-01
7.65765766e-02 -2.06697975e+01 -2.06697975e+01 -2.50725143e-02 -6.80089438e-03 -6.80089434e-03 7.13254574e+01 7.13254574e+01 1.73372523e+02 2.81198922e+02 3.21572987e+02 5.42032222e-17 6.79913586e-18 9.40884685e-06 1.46883197e-14 2.39689813e-14 1.28459231e-33 8.16863593e-18 3.19336431e-16 8.91149125e-01 4.53710520e-01
7.68768769e-02 -2.06697975e+01 -2.06697975e+01 -2.50725144e-02 -6.80089437e-03 -6.80089431e-03 7.13254574e+01 7.13254574e+01 1.73372523e+02 2.81035128e+02 3.21589386e+02 5.88005852e-17 4.72769177e-18 9.44574429e-06 2.50294111e-14 1.30468763e-14 6.12474199e-34 2.73409975e-19 1.82077070e-16 8.91571380e-01 4.52880198e-01
7.71771772e-02 -2.06697975e+01 -2.06697975e+01 -2.50725141e-02 -6.80089436e-03 -6.80089431e-03 7.13254574e+01 7.13254574e+01 1.73372523e+02 2.80871088e+02 3.21605690e+02 3.70514563e-17 1.13347903e-16 9.48264172e-06 1.64526475e-14 9.95461706e-15 5.90965958e-34 2.35117147e-20 8.40945169e-17 8.91991719e-01 4.52051737e-01
7.74774775e-02 -2.06697975e+01 -2.06697975e+01 -2.50725141e-02 -6.80089436e-03 -6.80089431e-03 7.13254574e+01 7.13254574e+01 1.73372523e+02 2.80706803e+02 3.21621900e+02 2.98115472e-17 3.41995168e-17 9.51953916e-06 2.32342586e-14 1.64111090e-14 7.04351438e-34 1.29542530e-18 1.32361726e-16 8.92410149e-01 4.51225139e-01
7.77777778e-02 -2.06697975e+01 -2.06697975e+01 -2.50725141e-02 -6.80089436e-03 -6.80089427e-03 7.13254574e+01 7.13254574e+01 1.73372523e+02 2.80542276e+02 3.21638015e+02 4.46500400e-17 7.25506404e-18 9.55643660e-06 2.75852198e-14 7.36780002e-15 7.50186768e-34 1.80530261e-18 9.20722553e-17 8.92826677e-01 4.50400404e-01
7.80780781e-02 -2.06697975e+01 -2.06697975e+01 -2.50725141e-02 -6.80089439e-03 -6.80089428e-03 7.13254574e+01 7.13254574e+01 1.73372523e+02 2.80377508e+02 3.21654038e+02 9.12878263e-18 5.04319154e-17 9.59333404e-06 3.16865479e-28 1.86068371e-28 2.48805583e-45 5.99633994e-28 5.47193301e-17 8.93241313e-01 4.49577532e-01
7.83783784e-02 -2.06697975e+01 -2.06697975e+01 -2.50725141e-02 -6.80089438e-03 -6.80089431e-03 7.13254574e+01 7.13254574e+01 1.73372523e+02 2.80212501e+02 3.21669968e+02 9.27016102e-18 4.15971369e-17 9.63023148e-06 1.01375972e-14 2.69315999e-14 8.41650883e-34 2.82279790e-18 5.19295209e-17 8.93654062e-01 4.48756524e-01
7.86786787e-02 -2.06697975e+01 -2.06697975e+01 -2.50725143e-02 -6.80089438e-03 -6.80089432e-03 7.13254574e+01 7.13254574e+01 1.73372523e+02 2.80047255e+02 3.21685805e+02 3.73133715e-17 2.76423550e-18 9.66712892e-06 1.21574905e-14 2.62005658e-14 8.87279684e-34 3.33041644e-18 2.06851722e-16 8.94064933e-01 4.47937379e-01
7.89789790e-02 -2.06697975e+01 -2.06697975e+01 -2.50725143e-02 -6.80089436e-03 -6.80089427e-03 7.13254574e+01 7.13254574e+01 1.73372523e+02 2.79881772e+02 3.21701552e+02 3.34787599e-17 1.62536760e-17 9.70402636e-06 1.00139779e-14 2.67964946e-15 7.94707445e-34 2.27845775e-18 2.47967037e-16 8.94473934e-01 4.47120097e-01
7.92792793e-02 -2.06697975e+01 -2.06697975e+01 -2.50725139e-02 -6.80089438e-03 -6.80089239e-03 7.13254574e+01 7.13254574e+01 1.73372523e+02 2.79716055e+02 3.21717207e+02 1.50485681e-16 5.11742561e-18 9.74092379e-06 3.18186969e-16 2.90891513e-14 1.19422983e-33 4.34339666e-18 1.60441522e-17 8.94881072e-01 4.46304680e-01
7.95795796e-02 -2.06697975e+01 -2.06697975e+01 -2.50725143e-02 -6.80089439e-03 -6.80089428e-03 7.13254574e+01 7.13254574e+01 1.73372523e+02 2.79550104e+02 3.21732773e+02 2.45021179e-17 4.60354912e-17 9.77782123e-06 3.19863877e-28 1.87829077e-28 2.52219236e-45 6.05308141e-28 4.46919503e-17 8.95286355e-01 4.45491126e-01
7.98798799e-02 -2.06697975e+01 -2.06697975e+01 -2.50725142e-02 -6.80089437e-03 -6.80089405e-03 7.13254574e+01 7.13254574e+01 1.73372523e+02 2.79383921e+02 3.21748248e+02 3.36702736e-17 2.17143196e-17 9.81471867e-06 6.95122649e-16 1.03494653e-14 1.11706307e-33 3.77639638e-18 1.71085362e-16 8.95689790e-01 4.44679435e-01
8.01801802e-02 -2.06697975e+01 -2.06697975e+01 -2.50725139e-02 -6.80089438e-03 -6.80089430e-03 7.13254574e+01 7.13254574e+01 1.73372523e+02 2.79217508e+02 3.21763634e+02 1.95159278e-17 2.16888063e-17 9.85161611e-06 8.73209925e-15 2.80997410e-14 1.11439140e-33 5.85722891e-18 2.25579550e-16 8.96091385e-01 4.43869608e-01
8.04804805e-02 -2.06697975e+01 -2.06697975e+01 -2.50725141e-02 -6.80089438e-03 -6.80089276e-03 7.13254574e+01 7.13254574e+01 1.73372523e+02 2.79050865e+02 3.21778932e+02 2.15207274e-17 2.96367318e-17 9.88851355e-06 2.69756549e-16 2.00568204e-14 1.36576187e-33 5.56579772e-18 2.05907180e-16 8.96491148e-01 4.43061644e-01
8.07807808e-02 -2.06697975e+01 -2.06697975e+01 -2.50725142e-02 -6.80089438e-03 -6.80089433e-03 7.13254574e+01 7.13254574e+01 1.73372523e+02 2.78883996e+02 3.21794142e+02 3.12783484e-17 1.75086947e-17 9.92541099e-06 1.35930280e-14 2.63418554e-14 1.20475449e-33 6.86269484e-18 2.40674805e-17 8.96889087e-01 4.42255543e-01
8.10810811e-02 -2.06697975e+01 -2.06697975e+01 -2.50725140e-02 -6.80089439e-03 -6.80089428e-03 7.13254574e+01 7.13254574e+01 1.73372523e+02 2.78716900e+02 3.21809265e+02 1.00193840e-16 6.77562438e-17 9.96230843e-06 3.22735419e-28 1.89515292e-28 2.55569998e-45 6.10742227e-28 1.28097463e-16 8.97285208e-01 4.41451305e-01
8.13813814e-02 -2.06697975e+01 -2.06697975e+01 -2.50725142e-02 -6.80089442e-03 -6.80089434e-03 7.13254574e+01 7.13254574e+01 1.73372523e+02 2.78549580e+02 3.21824300e+02 1.04445853e-17 7.01702092e-17 9.99920586e-06 3.10132568e-15 1.02215346e-14 1.15248210e-33 6.25791019e-18 2.53130196e-16 8.97679521e-01 4.40648928e-01
8.16816817e-02 -2.06697975e+01 -2.06697975e+01 -2.50725142e-02 -6.80089571e-03 -6.80089442e-03 7.13254574e+01 7.13254574e+01 1.73372523e+02 2.78382038e+02 3.21839250e+02 7.52137427e-17 6.45522138e-18 1.00361033e-05 2.99450340e-14 5.06783968e-16 1.75523888e-33 8.36526565e-18 1.52514395e-16 8.98072031e-01 4.39848413e-01
8.19819820e-02 -2.06697975e+01 -2.06697975e+01 -2.50725141e-02 -6.80089442e-03 -6.80089405e-03 7.13254574e+01 7.13254574e+01 1.73372523e+02 2.78214274e+02 3.21854113e+02 1.01195181e-16 6.54040526e-18 1.00730007e-05 6.25571888e-16 1.06340792e-14 1.60102803e-33 7.24525409e-18 1.97213197e-16 8.98462747e-01 4.39049760e-01
8.22822823e-02 -2.06697975e+01 -2.06697975e+01 -2.50725140e-02 -6.80089438e-03 -6.80089433e-03 7.13254574e+01 7.13254574e+01 1.73372523e+02 2.78046291e+02 3.21868892e+02 5.33679804e-17 1.01098337e-16 1.01098982e-05 1.42086882e-14 2.66430777e-14 1.42945869e-33 9.36323055e-18 2.23620191e-16 8.98851677e-01 4.38252966e-01
8.25825826e-02 -2.06697975e+01 -2.06697975e+01 -2.50725141e-02 -6.80089438e-03 -6.80089433e-03 7.13254574e+01 7.13254574e+01 1.73372523e+02 2.77878089e+02 3.21883586e+02 4.08229963e-17 5.85731806e-18 1.01467956e-05 1.47499729e-14 2.64744163e-14 1.47419326e-33 9.86108909e-18 1.83535179e-16 8.99238828e-01 4.37458033e-01
8.28828829e-02 -2.06697975e+01 -2.06697975e+01 -2.50725140e-02 -6.80089434e-03 -6.80089429e-03 7.13254574e+01 7.13254574e+01 1.73372523e+02 2.77709671e+02 3.21898195e+02 4.69675841e-17 1.25758958e-17 1.01836931e-05 1.48814202e-14 2.65228135e-14 1.51885910e-33 1.03581987e-17 6.18756832e-17 8.99624207e-01 4.36664958e-01
8.31831832e-02 -2.06697975e+01 -2.06697975e+01 -2.50725140e-02 -6.80089438e-03 -6.80089433e-03 7.13254574e+01 7.13254574e+01 1.73372523e+02 2.77541039e+02 3.21912722e+02 1.42362065e-17 2.27140911e-17 1.02205905e-05 1.43488364e-14 2.69435195e-14 1.56345621e-33 1.08545596e-17 4.26918825e-17 9.00007823e-01 4.35873742e-01
8.34834835e-02 -2.06697975e+01 -2.06697975e+01 -2.50725139e-02 -6.80089438e-03 -6.80089432e-03 7.13254574e+01 7.13254574e+01 1.73372523e+02 2.77372192e+02 3.21927165e+02 1.98507334e-16 1.26765010e-17 1.02574879e-05 4.40309028e-15 1.00230569e-14 1.46192270e-33 9.70047752e-18 6.62585108e-17 9.00389682e-01 4.35084384e-01
8.37837838e-02 -2.06697975e+01 -2.06697975e+01 -2.50725139e-02 -6.80089438e-03 -6.80089432e-03 7.13254574e+01 7.13254574e+01 1.73372523e+02 2.77203134e+02 3.21941526e+02 1.41778980e-17 5.95437908e-17 1.02943854e-05 1.26034479e-14 2.80376910e-14 1.65244425e-33 1.18450365e-17 5.29373745e-17 9.00769792e-01 4.34296882e-01
8.40840841e-02 -2.06697975e+01 -2.06697975e+01 -2.50725141e-02 -6.80089438e-03 -6.80089433e-03 7.13254574e+01 7.13254574e+01 1.73372523e+02 2.77033865e+02 3.21955805e+02 7.21585048e-17 3.27237013e-17 1.03312828e-05 1.43220879e-14 2.73209808e-14 1.69683520e-33 1.23391529e-17 3.11347294e-17 9.01148161e-01 4.33511236e-01
8.43843844e-02 -2.06697975e+01 -2.06697975e+01 -2.50725143e-02 -6.80089438e-03 -6.80089220e-03 7.13254574e+01 7.13254574e+01 1.73372523e+02 2.76864388e+02 3.21970002e+02 2.44976814e-18 2.14447871e-17 1.03681802e-05 3.10878744e-16 3.10700801e-14 2.37784012e-33 1.28325216e-17 9.73262708e-17 9.01524797e-01 4.32727444e-01
8.46846847e-02 -2.06697975e+01 -2.06697975e+01 -2.50725140e-02 -6.80089663e-03 -6.80089429e-03 7.13254574e+01 7.13254574e+01 1.73372523e+02 2.76694703e+02 3.21984119e+02 4.82059808e-17 5.35517358e-17 1.04050777e-05 3.12099292e-14 2.90555200e-16 2.44646048e-33 1.33251430e-17 2.66184022e-16 9.01899706e-01 4.31945507e-01
8.49849850e-02 -2.06697975e+01 -2.06697975e+01 -2.50725141e-02 -6.80089515e-03 -6.80089433e-03 7.13254574e+01 7.13254574e+01 1.73372523e+02 2.76524813e+02 3.21998155e+02 3.72637548e-17 2.45767191e-17 1.04419751e-05 3.12142703e-14 8.20505507e-16 2.51496935e-33 1.38170171e-17 2.22495519e-17 9.02272896e-01 4.31165421e-01
8.52852853e-02 -2.06697975e+01 -2.06697975e+01 -2.50725141e-02 -6.80089552e-03 -6.80089433e-03 7.13254574e+01 7.13254574e+01 1.73372523e+02 2.76354718e+02 3.22012111e+02 9.47086225e-17 3.16871730e-17 1.04788726e-05 3.12984346e-14 5.70113682e-16 2.58336675e-33 1.43081444e-17 1.20201279e-16 9.02644376e-01 4.30387188e-01
8.55855856e-02 -2.06697975e+01 -2.06697975e+01 -2.50725141e-02 -6.80089438e-03 -6.80089433e-03 7.13254574e+01 7.13254574e+01 1.73372523e+02 2.76184421e+02 3.22025989e+02 5.77553570e-17 3.53385583e-17 1.05157700e-05 1.37633156e-14 2.82178857e-14 1.91775949e-33 1.47985250e-17 1.34442823e-16 9.03014151e-01 4.29610804e-01
8.58858859e-02 -2.06697975e+01 -2.06697975e+01 -2.50725142e-02 -6.80089516e-03 -6.80089442e-03 7.13254574e+01 7.13254574e+01 1.73372523e+02 2.76013923e+02 3.22039787e+02 5.37357184e-17 3.12101225e-17 1.05526674e-05 3.15118513e-14 9.31656556e-16 2.71982713e-33 1.52881591e-17 8.55628276e-18 9.03382230e-01 4.28836270e-01
8.61861862e-02 -2.06697975e+01 -2.06697975e+01 -2.50725140e-02 -6.80089438e-03 -6.80089433e-03 7.13254574e+01 7.13254574e+01 1.73372523e+02 2.75843225e+02 3.22053507e+02 1.02633043e-17 7.08250535e-17 1.05895649e-05 5.51997092e-15 9.85723789e-15 1.85482475e-33 1.40726726e-17 8.50075572e-17 9.03748620e-01 4.28063583e-01
8.64864865e-02 -2.06697975e+01 -2.06697975e+01 -2.50725140e-02 -6.80089438e-03 -6.80089433e-03 7.13254574e+01 7.13254574e+01 1.73372523e+02 2.75672330e+02 3.22067149e+02 4.47201701e-17 1.72925059e-17 1.06264623e-05 1.41481373e-14 2.83978694e-14 2.04948992e-33 1.62651892e-17 7.06503972e-17 9.04113329e-01 4.27292742e-01
8.67867868e-02 -2.06697975e+01 -2.06697975e+01 -2.50725142e-02 -6.80089438e-03 -6.80089432e-03 7.13254574e+01 7.13254574e+01 1.73372523e+02 2.75501238e+02 3.22080714e+02 3.23338693e-18 4.02315437e-17 1.06633598e-05 1.20737757e-14 2.94569329e-14 2.09326274e-33 1.67525855e-17 1.42438540e-16 9.04476364e-01 4.26523747e-01
8.70870871e-02 -2.06697975e+01 -2.06697975e+01 -2.50725143e-02 -6.80089442e-03 -6.80089434e-03 7.13254574e+01 7.13254574e+01 1.73372523e+02 2.75329951e+02 3.22094202e+02 8.23311448e-17 2.88781391e-17 1.07002572e-05 9.27204626e-15 3.05643770e-14 2.13696692e-33 1.72392364e-17 2.87812019e-17 9.04837732e-01 4.25756595e-01
8.73873874e-02 -2.06697975e+01 -2.06697975e+01 -2.50725141e-02 -6.80089438e-03 -6.80089432e-03 7.13254574e+01 7.13254574e+01 1.73372523e+02 2.75158471e+02 3.22107614e+02 1.64628344e-17 6.11940206e-17 1.07371546e-05 1.33952094e-14 2.91424967e-14 1.43006854e-33 8.92124158e-18 2.17557834e-18 9.05197441e-01 4.24991285e-01
8.76876877e-02 -2.06697975e+01 -2.06697975e+01 -2.50725141e-02 -6.80089434e-03 -6.80089427e-03 7.13254574e+01 7.13254574e+01 1.73372523e+02 2.74986800e+02 3.22120950e+02 1.14205646e-17 1.96535178e-17 1.07740521e-05 1.07873251e-14 4.04047890e-15 5.67709167e-34 1.15589630e-18 1.71576884e-16 9.05555498e-01 4.24227816e-01
8.79879880e-02 -2.06697975e+01 -2.06697975e+01 -2.50725139e-02 -6.80089479e-03 -6.80089428e-03 7.13254574e+01 7.13254574e+01 1.73372523e+02 2.74814938e+02 3.22134211e+02 1.49480868e-16 1.56282345e-18 1.08109495e-05 3.21833467e-14 1.38128767e-15 8.14260902e-34 1.03964752e-18 7.02321463e-17 9.05911911e-01 4.23466185e-01
8.82882883e-02 -2.06697975e+01 -2.06697975e+01 -2.50725139e-02 -6.80089438e-03 -6.80089431e-03 7.13254574e+01 7.13254574e+01 1.73372523e+02 2.74642887e+02 3.22147397e+02 6.16855253e-17 3.50337513e-17 1.08478469e-05 1.12835260e-14 3.03885250e-14 8.04244087e-34 1.49955626e-18 4.13399834e-17 9.06266686e-01 4.22706392e-01
8.85885886e-02 -2.06697975e+01 -2.06697975e+01 -2.50725139e-02 -6.80089443e-03 -6.80089435e-03 7.13254574e+01 7.13254574e+01 1.73372523e+02 2.74470650e+02 3.22160508e+02 1.65558001e-16 7.42764877e-18 1.08847444e-05 3.54429617e-15 1.10883902e-14 6.90604279e-34 2.05552966e-19 1.17877237e-16 9.06619831e-01 4.21948434e-01
8.88888889e-02 -2.06697975e+01 -2.06697975e+01 -2.50725142e-02 -6.80089442e-03 -6.80089434e-03 7.13254574e+01 7.13254574e+01 1.73372523e+02 2.74298227e+02 3.22173546e+02 2.00658348e-17 3.05204503e-18 1.09216418e-05 9.10115054e-15 3.13387589e-14 8.87007309e-34 2.41688587e-18 8.33764543e-17 9.06971354e-01 4.21192311e-01
8.91891892e-02 -2.06697975e+01 -2.06697975e+01 -2.50725142e-02 -6.80089438e-03 -6.80089432e-03 7.13254574e+01 7.13254574e+01 1.73372523e+02 2.74125620e+02 3.22186511e+02 2.99405845e-17 2.34760533e-17 1.09585393e-05 1.32619915e-14 2.99322883e-14 9.28275997e-34 2.87430710e-18 2.59416853e-16 9.07321262e-01 4.20438019e-01
8.94894895e-02 -2.06697975e+01 -2.06697975e+01 -2.50725143e-02 -6.80089443e-03 -6.80089438e-03 7.13254574e+01 7.13254574e+01 1.73372523e+02 2.73952831e+02 3.22199402e+02 2.13539197e-17 4.57474594e-18 1.09954367e-05 1.63685592e-14 2.84798395e-14 9.69469410e-34 3.33089954e-18 2.40363831e-16 9.07669561e-01 4.19685558e-01
8.97897898e-02 -2.06697975e+01 -2.06697975e+01 -2.50725142e-02 -6.80089438e-03 -6.80089430e-03 7.13254574e+01 7.13254574e+01 1.73372523e+02 2.73779861e+02 3.22212221e+02 5.37007734e-17 1.00951015e-16 1.10323341e-05 9.72431969e-15 3.14973293e-14 1.01058755e-33 3.78666335e-18 4.66589013e-17 9.08016260e-01 4.18934925e-01
9.00900901e-02 -2.06697975e+01 -2.06697975e+01 -2.50725143e-02 -6.80089434e-03 -6.80089430e-03 7.13254574e+01 7.13254574e+01 1.73372523e+02 2.73606711e+02 3.22224968e+02 4.71660378e-17 3.11237937e-17 1.10692316e-05 2.21718582e-14 2.45297921e-14 1.05163043e-33 4.24159875e-18 4.49237066e-17 9.08361365e-01 4.18186118e-01
9.03903904e-02 -2.06697975e+01 -2.06697975e+01 -2.50725142e-02 -6.80089433e-03 -6.80089427e-03 7.13254574e+01 7.13254574e+01 1.73372523e+02 2.73433384e+02 3.22237644e+02 9.75386106e-19 1.43189475e-16 1.11061290e-05 3.05939901e-14 1.28376830e-14 1.09259805e-33 4.69570589e-18 7.07711040e-17 9.08704884e-01 4.17439137e-01
9.06906907e-02 -2.06697975e+01 -2.06697975e+01 -2.50725143e-02 -6.80089442e-03 -6.80089432e-03 7.13254574e+01 7.13254574e+01 1.73372523e+02 2.73259880e+02 3.22250248e+02 4.50401858e-17 1.05817038e-16 1.11430265e-05 3.25015371e-14 7.29337031e-15 1.38833164e-33 5.14898496e-18 2.00588562e-16 9.09046824e-01 4.16693978e-01
9.09909910e-02 -2.06697975e+01 -2.06697975e+01 -2.50725143e-02 -6.80089442e-03 -6.80089294e-03 7.13254574e+01 7.13254574e+01 1.73372523e+02 2.73086202e+02 3.22262782e+02 4.58297425e-17 1.58775141e-17 1.11799239e-05 4.89646425e-16 3.32735121e-14 1.45150883e-33 5.60143616e-18 7.94327695e-17 9.09387192e-01 4.15950640e-01
9.12912913e-02 -2.06697975e+01 -2.06697975e+01 -2.50725142e-02 -6.80089438e-03 -6.80089432e-03 7.13254574e+01 7.13254574e+01 1.73372523e+02 2.72912351e+02 3.22275246e+02 9.53250154e-17 7.13636997e-17 1.12168213e-05 1.26862714e-14 3.10065644e-14 1.21504938e-33 6.05305964e-18 6.49097048e-18 9.09725995e-01 4.15209120e-01
9.15915916e-02 -2.06697975e+01 -2.06697975e+01 -2.50725142e-02 -6.80089443e-03 -6.80089436e-03 7.13254574e+01 7.13254574e+01 1.73372523e+02 2.72738328e+02 3.22287640e+02 5.86240206e-17 2.89633506e-17 1.12537188e-05 2.11684128e-14 8.42254979e-15 1.45244237e-33 5.59680071e-18 2.83674384e-16 9.10063241e-01 4.14469417e-01
9.18918919e-02 -2.06697975e+01 -2.06697975e+01 -2.50725143e-02 -6.80089435e-03 -6.80089431e-03 7.13254574e+01 7.13254574e+01 1.73372523e+02 2.72564136e+02 3.22299964e+02 8.30861063e-17 3.56755377e-18 1.12906162e-05 2.55036635e-14 2.20757381e-14 1.29630738e-33 6.95382418e-18 9.39180101e-18 9.10398936e-01 4.13731528e-01
9.21921922e-02 -2.06697975e+01 -2.06697975e+01 -2.50725143e-02 -6.80089436e-03 -6.80089431e-03 7.13254574e+01 7.13254574e+01 1.73372523e+02 2.72389774e+02 3.22312220e+02 3.71952725e-17 1.89756109e-17 1.13275136e-05 2.86465154e-14 1.80130075e-14 1.33682354e-33 7.40296560e-18 2.51208915e-17 9.10733088e-01 4.12995451e-01
9.24924925e-02 -2.06697975e+01 -2.06697975e+01 -2.50725139e-02 -6.80089435e-03 -6.80089430e-03 7.13254574e+01 7.13254574e+01 1.73372523e+02 2.72215246e+02 3.22324408e+02 8.08154741e-18 2.93262733e-17 1.13644111e-05 2.42601311e-14 2.37398029e-14 1.37726446e-33 7.85128001e-18 2.22921438e-16 9.11065703e-01 4.12261184e-01
9.27927928e-02 -2.06697975e+01 -2.06697975e+01 -2.50725142e-02 -6.80089438e-03 -6.80089430e-03 7.13254574e+01 7.13254574e+01 1.73372523e+02 2.72040552e+02 3.22336528e+02 7.73141000e-19 2.97160023e-17 1.14013085e-05 3.58342835e-15 1.16388535e-14 1.25515327e-33 6.46020164e-18 7.79213136e-17 9.11396790e-01 4.11528725e-01
9.30930931e-02 -2.06697975e+01 -2.06697975e+01 -2.50725142e-02 -6.80089479e-03 -6.80089437e-03 7.13254574e+01 7.13254574e+01 1.73372523e+02 2.71865695e+02 3.22348580e+02 2.04170754e-17 2.05600685e-17 1.14382060e-05 1.22025466e-14 6.39628965e-16 1.63612337e-33 6.90074438e-18 2.72879334e-16 9.11726354e-01 4.10798072e-01
9.33933934e-02 -2.06697975e+01 -2.06697975e+01 -2.50725139e-02 -6.80089575e-03 -6.80089228e-03 7.13254574e+01 7.13254574e+01 1.73372523e+02 2.71690675e+02 3.22360565e+02 6.88289126e-17 4.26957212e-17 1.14751034e-05 3.42766916e-14 2.20463540e-16 2.42722096e-29 9.19126386e-18 2.70761639e-16 9.12054403e-01 4.10069222e-01
9.36936937e-02 -2.06697975e+01 -2.06697975e+01 -2.50725139e-02 -6.80089438e-03 -6.80089434e-03 7.13254574e+01 7.13254574e+01 1.73372523e+02 2.71515494e+02 3.22372484e+02 5.89729816e-17 8.91371351e-18 1.15120008e-05 1.82492631e-14 2.91358652e-14 1.53827597e-33 9.63627097e-18 2.41310951e-16 9.12380943e-01 4.09342172e-01
9.39939940e-02 -2.06697975e+01 -2.06697975e+01 -2.50725141e-02 -6.80089515e-03 -6.80089437e-03 7.13254574e+01 7.13254574e+01 1.73372523e+02 2.71340154e+02 3.22384336e+02 8.28891075e-17 2.59061915e-17 1.15488983e-05 3.45080763e-14 9.60318749e-16 2.07658962e-33 1.00804529e-17 5.54615270e-17 9.12705983e-01 4.08616921e-01
9.42942943e-02 -2.06697975e+01 -2.06697975e+01 -2.50725142e-02 -6.80089438e-03 -6.80089431e-03 7.13254574e+01 7.13254574e+01 1.73372523e+02 2.71164657e+02 3.22396123e+02 1.90356868e-17 1.85797333e-17 1.15857957e-05 1.14527180e-14 3.26511269e-14 1.61833048e-33 1.05238088e-17 1.43123975e-16 9.13029529e-01 4.07893466e-01
9.45945946e-02 -2.06697975e+01 -2.06697975e+01 -2.50725142e-02 -6.80089437e-03 -6.80089368e-03 7.13254574e+01 7.13254574e+01 1.73372523e+02 2.70989003e+02 3.22407844e+02 1.11062488e-17 1.40484791e-17 1.16226932e-05 1.08925604e-15 3.46639016e-14 2.20014616e-33 1.09663389e-17 9.11017200e-17 9.13351587e-01 4.07171805e-01
9.48948949e-02 -2.06697975e+01 -2.06697975e+01 -2.50725141e-02 -6.80089444e-03 -6.80089439e-03 7.13254574e+01 7.13254574e+01 1.73372523e+02 2.70813195e+02 3.22419501e+02 6.39460916e-18 6.16109685e-17 1.16595906e-05 2.45998518e-14 2.46020420e-14 2.26174200e-33 1.14080433e-17 2.16273492e-16 9.13672165e-01 4.06451934e-01
9.51951952e-02 -2.06697975e+01 -2.06697975e+01 -2.50725140e-02 -6.80089438e-03 -6.80089431e-03 7.13254574e+01 7.13254574e+01 1.73372523e+02 2.70637233e+02 3.22431093e+02 3.24479742e-18 7.81816139e-17 1.16964880e-05 1.23460236e-14 3.26692751e-14 1.73784827e-33 1.18489221e-17 3.12580731e-16 9.13991270e-01 4.05733852e-01
9.54954955e-02 -2.06697975e+01 -2.06697975e+01 -2.50725143e-02 -6.80089438e-03 -6.80089433e-03 7.13254574e+01 7.13254574e+01 1.73372523e+02 2.70461120e+02 3.22442620e+02 1.30748354e-16 1.00151127e-16 1.17333855e-05 8.48452610e-15 1.46487189e-14 1.92262327e-33 1.39354281e-17 3.04245655e-16 9.14308908e-01 4.05017557e-01
9.57957958e-02 -2.06697975e+01 -2.06697975e+01 -2.50725141e-02 -6.80089438e-03 -6.80089431e-03 7.13254574e+01 7.13254574e+01 1.73372523e+02 2.70284856e+02 3.22454085e+02 3.21949792e-17 8.84288674e-17 1.17702829e-05 5.94285198e-15 1.59113834e-14 1.96269717e-33 1.43799890e-17 1.98616404e-16 9.14625086e-01 4.04303044e-01
9.60960961e-02 -2.06697975e+01 -2.06697975e+01 -2.50725144e-02 -6.80089596e-03 -6.80089509e-03 7.13254574e+01 7.13254574e+01 1.73372523e+02 2.70108444e+02 3.22465485e+02 5.11374585e-17 6.10938874e-17 1.18071803e-05 3.60879695e-14 1.65757184e-14 3.06389562e-30 1.29177683e-17 3.19441429e-16 9.14939812e-01 4.03590312e-01
9.63963964e-02 -2.06697975e+01 -2.06697975e+01 -2.50725143e-02 -6.80089438e-03 -6.80089433e-03 7.13254574e+01 7.13254574e+01 1.73372523e+02 2.69931886e+02 3.22476823e+02 1.85507374e-16 2.02429295e-16 1.18440778e-05 8.81837265e-15 1.46420377e-14 3.77859810e-19 1.52619634e-17 8.34064762e-17 9.15253092e-01 4.02879359e-01
9.66966967e-02 -2.06697975e+01 -2.06697975e+01 -2.50725140e-02 -6.80089515e-03 -6.80089220e-03 7.13254574e+01 7.13254574e+01 1.73372523e+02 2.69755181e+02 3.22488099e+02 1.67965403e-16 6.76468244e-17 1.18809752e-05 1.71996452e-14 2.23746965e-16 3.16835025e-30 1.57087310e-17 5.21078949e-17 9.15564932e-01 4.02170181e-01
9.69969970e-02 -2.06697975e+01 -2.06697975e+01 -2.50725140e-02 -6.80089438e-03 -6.80089432e-03 7.13254574e+01 7.13254574e+01 1.73372523e+02 2.69578333e+02 3.22499313e+02 5.90981867e-17 8.63492528e-17 1.19178727e-05 1.14584815e-14 2.62517021e-14 2.03729008e-33 1.51878119e-17 8.84627954e-17 9.15875341e-01 4.01462776e-01
9.72972973e-02 -2.06697975e+01 -2.06697975e+01 -2.50725141e-02 -6.80089515e-03 -6.80089220e-03 7.13254574e+01 7.13254574e+01 1.73372523e+02 2.69401342e+02 3.22510464e+02 1.75519935e-18 2.75973985e-17 1.19547701e-05 2.02466831e-16 1.72500088e-14 3.25046950e-30 1.65904433e-17 4.67014151e-17 9.16184323e-01 4.00757140e-01
9.75975976e-02 -2.06697975e+01 -2.06697975e+01 -2.50725142e-02 -6.80089439e-03 -6.80089434e-03 7.13254574e+01 7.13254574e+01 1.73372523e+02 2.69224210e+02 3.22521555e+02 7.60127353e-17 1.06310159e-17 1.19916675e-05 1.05234739e-14 1.37496398e-14 2.20156279e-33 1.70300653e-17 1.83788385e-16 9.16491887e-01 4.00053273e-01
9.78978979e-02 -2.06697975e+01 -2.06697975e+01 -2.50725142e-02 -6.80089368e-03 -6.80089220e-03 7.13254574e+01 7.13254574e+01 1.73372523e+02 2.69046938e+02 3.22532585e+02 4.30347744e-17 8.24210047e-17 1.20285650e-05 1.70835436e-14 2.60557664e-15 3.33431004e-30 1.74688646e-17 1.52572195e-16 9.16798039e-01 3.99351169e-01
9.81981982e-02 -2.06697975e+01 -2.06697975e+01 -2.50725145e-02 -6.80089442e-03 -6.80089368e-03 7.13254574e+01 7.13254574e+01 1.73372523e+02 2.68869529e+02 3.22543554e+02 2.16770331e-17 2.75085811e-17 1.20654624e-05 1.74102839e-14 4.09344516e-16 3.37688479e-30 1.79068415e-17 5.03051309e-17 9.17102785e-01 3.98650827e-01
9.84984985e-02 -2.06697975e+01 -2.06697975e+01 -2.50725141e-02 -6.80089368e-03 -6.80089294e-03 7.13254574e+01 7.13254574e+01 1.73372523e+02 2.68691983e+02 3.22554463e+02 5.06561590e-17 6.25027129e-17 1.21023599e-05 5.57242278e-16 1.74392063e-14 3.41990070e-30 1.83439959e-17 1.48777452e-16 9.17406132e-01 3.97952244e-01
9.87987988e-02 -2.06697975e+01 -2.06697975e+01 -2.50725144e-02 -6.80089431e-03 -6.80089426e-03 7.13254574e+01 7.13254574e+01 1.73372523e+02 2.68514302e+02 3.22565313e+02 2.77233393e-17 8.07370029e-17 1.21392573e-05 2.38056114e-14 1.68572625e-14 2.27276031e-33 1.77997026e-17 3.27926530e-16 9.17708087e-01 3.97255418e-01
9.90990991e-02 -2.06697975e+01 -2.06697975e+01 -2.50725142e-02 -6.80089438e-03 -6.80089433e-03 7.13254574e+01 7.13254574e+01 1.73372523e+02 2.68336488e+02 3.22576103e+02 1.90630852e-17 7.43521489e-17 1.21761547e-05 8.15606805e-15 1.55799933e-14 2.39855174e-33 1.92158387e-17 2.76450438e-16 9.18008657e-01 3.96560344e-01
9.93993994e-02 -2.06697975e+01 -2.06697975e+01 -2.50725143e-02 -6.80089443e-03 -6.80089438e-03 7.13254574e+01 7.13254574e+01 1.73372523e+02 2.68158542e+02 3.22586834e+02 6.09277833e-17 4.31237494e-17 1.22130522e-05 9.02549426e-15 1.51410831e-14 2.43772423e-33 1.96505271e-17 2.93660146e-16 9.18307847e-01 3.95867020e-01
9.96996997e-02 -2.06697975e+01 -2.06697975e+01 -2.50725145e-02 -6.80089368e-03 -6.80089183e-03 7.13254574e+01 7.13254574e+01 1.73372523e+02 2.67980465e+02 3.22597506e+02 1.09182769e-17 7.87474324e-17 1.22499496e-05 2.91936619e-16 2.93823698e-14 3.58244853e-30 1.90945367e-17 9.14129911e-17 9.18605666e-01 3.95175443e-01
1.00000000e-01 -2.06697975e+01 -2.06697975e+01 -2.50725140e-02 -6.80089438e-03 -6.80089432e-03 7.13254574e+01 7.13254574e+01 1.73372523e+02 2.67802259e+02 3.22608121e+02 5.02481850e-17 3.56324402e-17 1.22868470e-05 7.12932254e-15 1.62277577e-14 1.72207763e-33 1.11812458e-17 3.10914930e-16 9.18902118e-01 3.94485611e-01
1.00300300e-01 -2.06697975e+01 -2.06697975e+01 -2.50725140e-02 -6.80089439e-03 -6.80089428e-03 7.13254574e+01 7.13254574e+01 1.73372523e+02 2.67623926e+02 3.22618677e+02 2.62128984e-17 6.83873922e-17 1.23237445e-05 3.48909169e-28 2.04884928e-28 2.92952878e-45 6.60273246e-28 4.33970434e-17 9.19197211e-01 3.93797520e-01
1.00600601e-01 -2.06697975e+01 -2.06697975e+01 -2.50725140e-02 -6.80089439e-03 -6.80089428e-03 7.13254574e+01 7.13254574e+01 1.73372523e+02 2.67445467e+02 3.22629177e+02 6.03103300e-17 3.84348390e-17 1.23606419e-05 3.49172531e-28 2.05039578e-28 2.93457344e-45 6.60771630e-28 1.63033491e-16 9.19490952e-01 3.93111167e-01
1.00900901e-01 -2.06697975e+01 -2.06697975e+01 -2.50725142e-02 -6.80089663e-03 -6.80089257e-03 7.13254574e+01 7.13254574e+01 1.73372523e+02 2.67266883e+02 3.22639619e+02 6.80972198e-17 1.39580929e-17 1.23975394e-05 2.60670494e-16 1.77167969e-14 3.79347903e-30 3.05739477e-18 4.49370926e-16 9.19783346e-01 3.92426550e-01
1.01201201e-01 -2.06697975e+01 -2.06697975e+01 -2.50725142e-02 -6.80089377e-03 -6.80089359e-03 7.13254574e+01 7.13254574e+01 1.73372523e+02 2.67088177e+02 3.22650004e+02 4.45689228e-17 9.75845534e-17 1.24344368e-05 9.61043938e-15 1.50192386e-14 3.84078048e-30 3.45969260e-18 3.38238633e-17 9.20074400e-01 3.91743664e-01
1.01501502e-01 -2.06697975e+01 -2.06697975e+01 -2.50725146e-02 -6.80089663e-03 -6.80089442e-03 7.13254574e+01 7.13254574e+01 1.73372523e+02 2.66909348e+02 3.22660333e+02 9.35161640e-17 1.31950246e-17 1.24713342e-05 1.31876130e-15 4.19142722e-14 3.85837613e-30 1.84439400e-18 1.40231280e-16 9.20364121e-01 3.91062507e-01
1.01801802e-01 -2.06697975e+01 -2.06697975e+01 -2.50725142e-02 -6.80089434e-03 -6.80089429e-03 7.13254574e+01 7.13254574e+01 1.73372523e+02 2.66730400e+02 3.22670606e+02 4.04334178e-17 1.54793656e-16 1.25082317e-05 9.07521990e-15 1.55720305e-14 1.14755271e-33 4.26156432e-18 3.22088149e-16 9.20652515e-01 3.90383077e-01
1.02102102e-01 -2.06697975e+01 -2.06697975e+01 -2.50725139e-02 -6.80089438e-03 -6.80089434e-03 7.13254574e+01 7.13254574e+01 1.73372523e+02 2.66551333e+02 3.22680823e+02 6.49663659e-17 2.35951058e-17 1.25451291e-05 2.20771557e-14 3.59192412e-14 1.00487576e-33 2.63211070e-18 2.08344615e-16 9.20939588e-01 3.89705369e-01
1.02402402e-01 -2.06697975e+01 -2.06697975e+01 -2.50725140e-02 -6.80089515e-03 -6.80089294e-03 7.13254574e+01 7.13254574e+01 1.73372523e+02 2.66372149e+02 3.22690985e+02 1.03565610e-17 5.25205944e-18 1.25820266e-05 6.66045088e-16 4.22488797e-14 4.00349967e-30 3.02460469e-18 1.77539150e-16 9.21225347e-01 3.89029381e-01
1.02702703e-01 -2.06697975e+01 -2.06697975e+01 -2.50725140e-02 -6.80089436e-03 -6.80089431e-03 7.13254574e+01 7.13254574e+01 1.73372523e+02 2.66192850e+02 3.22701092e+02 1.61918747e-17 2.56437925e-17 1.26189240e-05 1.51909880e-14 1.00285503e-14 1.25606947e-33 5.45756350e-18 2.07849480e-16 9.21509799e-01 3.88355109e-01
1.03003003e-01 -2.06697975e+01 -2.06697975e+01 -2.50725143e-02 -6.80089430e-03 -6.80089401e-03 7.13254574e+01 7.13254574e+01 1.73372523e+02 2.66013436e+02 3.22711144e+02 3.35990566e-17 2.18658111e-17 1.26558214e-05 3.24371500e-15 4.24083634e-14 2.49469685e-29 3.80686523e-18 1.33196702e-16 9.21792949e-01 3.87682550e-01
1.03303303e-01 -2.06697975e+01 -2.06697975e+01 -2.50725142e-02 -6.80089438e-03 -6.80089432e-03 7.13254574e+01 7.13254574e+01 1.73372523e+02 2.65833910e+02 3.22721143e+02 1.28233486e-17 1.03599460e-17 1.26927189e-05 7.81963300e-15 1.65425710e-14 1.32800514e-33 6.25035823e-18 1.17209569e-16 9.22074803e-01 3.87011702e-01
1.03603604e-01 -2.06697975e+01 -2.06697975e+01 -2.50725142e-02 -6.80089516e-03 -6.80089220e-03 7.13254574e+01 7.13254574e+01 1.73372523e+02 2.65654272e+02 3.22731087e+02 8.06803169e-18 2.50869115e-17 1.27296163e-05 1.84684590e-14 9.59735522e-16 4.23680719e-30 6.64539447e-18 1.12755287e-16 9.22355369e-01 3.86342560e-01
1.03903904e-01 -2.06697975e+01 -2.06697975e+01 -2.50725142e-02 -6.80089479e-03 -6.80089368e-03 7.13254574e+01 7.13254574e+01 1.73372523e+02 2.65474524e+02 3.22740978e+02 1.16147431e-17 2.11502848e-17 1.27665137e-05 4.29329328e-14 1.22432485e-15 4.25526593e-30 4.97343342e-18 1.32311670e-16 9.22634652e-01 3.85675122e-01
1.04204204e-01 -2.06697975e+01 -2.06697975e+01 -2.50725141e-02 -6.80089515e-03 -6.80089220e-03 7.13254574e+01 7.13254574e+01 1.73372523e+02 2.65294669e+02 3.22750815e+02 9.16723678e-18 5.06251738e-17 1.28034112e-05 4.13768276e-16 4.31467485e-14 4.30713946e-30 5.36047143e-18 1.80937848e-17 9.22912658e-01 3.85009384e-01
1.04504505e-01 -2.06697975e+01 -2.06697975e+01 -2.50725140e-02 -6.80089438e-03 -6.80089430e-03 7.13254574e+01 7.13254574e+01 1.73372523e+02 2.65114706e+02 3.22760600e+02 9.75337165e-17 1.55479021e-17 1.28403086e-05 9.51751353e-15 2.93262449e-14 1.37930342e-33 6.78582969e-18 1.87742957e-16 9.23189394e-01 3.84345343e-01
1.04804805e-01 -2.06697975e+01 -2.06697975e+01 -2.50725139e-02 -6.80089438e-03 -6.80089430e-03 7.13254574e+01 7.13254574e+01 1.73372523e+02 2.64934638e+02 3.22770332e+02 5.80122888e-17 1.73387829e-17 1.28772061e-05 8.62643555e-15 2.97048519e-14 1.41455568e-33 7.17414321e-18 1.21271361e-16 9.23464866e-01 3.83682995e-01
1.05105105e-01 -2.06697975e+01 -2.06697975e+01 -2.50725141e-02 -6.80089361e-03 -6.80089201e-03 7.13254574e+01 7.13254574e+01 1.73372523e+02 2.64754466e+02 3.22780012e+02 2.37364118e-17 7.57666167e-17 1.29141035e-05 4.33961730e-14 5.82091453e-16 2.49726129e-29 6.51613013e-18 1.09325890e-16 9.23739080e-01 3.83022338e-01
1.05405405e-01 -2.06697975e+01 -2.06697975e+01 -2.50725141e-02 -6.80089438e-03 -6.80089431e-03 7.13254574e+01 7.13254574e+01 1.73372523e+02 2.64574191e+02 3.22789640e+02 1.45408751e-17 1.01208740e-17 1.29510009e-05 6.03246959e-15 1.76819977e-14 1.57720465e-33 8.99655946e-18 2.29917755e-16 9.24012042e-01 3.82363368e-01
1.05705706e-01 -2.06697975e+01 -2.06697975e+01 -2.50725142e-02 -6.80089438e-03 -6.80089434e-03 7.13254574e+01 7.13254574e+01 1.73372523e+02 2.64393815e+02 3.22799216e+02 3.24894989e-17 1.00604241e-16 1.29878984e-05 1.02720437e-14 1.56704446e-14 1.61247758e-33 9.38524559e-18 3.27979740e-17 9.24283759e-01 3.81706082e-01
1.06006006e-01 -2.06697975e+01 -2.06697975e+01 -2.50725141e-02 -6.80089548e-03 -6.80089379e-03 7.13254574e+01 7.13254574e+01 1.73372523e+02 2.64213339e+02 3.22808741e+02 1.61033971e-16 2.40316954e-17 1.30247958e-05 9.92906515e-16 7.64699099e-14 2.52816056e-29 1.16070391e-17 2.91773389e-16 9.24554236e-01 3.81050476e-01
1.06306306e-01 -2.06697975e+01 -2.06697975e+01 -2.50725140e-02 -6.80089305e-03 -6.80089294e-03 7.13254574e+01 7.13254574e+01 1.73372523e+02 2.64032766e+02 3.22818216e+02 1.11574088e-16 4.28782329e-18 1.30616933e-05 7.49975827e-14 1.60555462e-14 2.52843512e-29 1.19992968e-17 1.64557957e-16 9.24823479e-01 3.80396547e-01
1.06606607e-01 -2.06697975e+01 -2.06697975e+01 -2.50725143e-02 -6.80089605e-03 -6.80089411e-03 7.13254574e+01 7.13254574e+01 1.73372523e+02 2.63852095e+02 3.22827639e+02 1.59643734e-17 1.03270305e-17 1.30985907e-05 7.69054805e-14 8.50336842e-16 2.52869258e-29 1.23906529e-17 9.68719061e-17 9.25091495e-01 3.79744291e-01
1.06906907e-01 -2.06697975e+01 -2.06697975e+01 -2.50725138e-02 -6.80089694e-03 -6.80089444e-03 7.13254574e+01 7.13254574e+01 1.73372523e+02 2.63671329e+02 3.22837013e+02 6.26863524e-18 4.10798117e-17 1.31354881e-05 6.70295118e-16 7.71240796e-14 2.52893305e-29 1.27811021e-17 3.31232353e-17 9.25358289e-01 3.79093705e-01
1.07207207e-01 -2.06697975e+01 -2.06697975e+01 -2.50725141e-02 -6.80089339e-03 -6.80089332e-03 7.13254574e+01 7.13254574e+01 1.73372523e+02 2.63490469e+02 3.22846336e+02 3.27806294e-17 3.85967200e-17 1.31723856e-05 7.33920519e-14 2.44263130e-14 2.52915660e-29 1.31706478e-17 4.87594870e-17 9.25623867e-01 3.78444786e-01
1.07507508e-01 -2.06697975e+01 -2.06697975e+01 -2.50725145e-02 -6.80089475e-03 -6.80089270e-03 7.13254574e+01 7.13254574e+01 1.73372523e+02 2.63309517e+02 3.22855610e+02 7.28162538e-17 5.29756445e-17 1.32092830e-05 8.26051810e-16 7.75585796e-14 2.52936331e-29 1.35592886e-17 2.25616923e-16 9.25888236e-01 3.77797530e-01
1.07807808e-01 -2.06697975e+01 -2.06697975e+01 -2.50725141e-02 -6.80089623e-03 -6.80089097e-03 7.13254574e+01 7.13254574e+01 1.73372523e+02 2.63128473e+02 3.22864835e+02 4.69385631e-17 1.94549883e-17 1.32461804e-05 9.04858170e-14 3.80690639e-16 2.52145674e-29 1.28737114e-17 2.27550402e-17 9.26151402e-01 3.77151934e-01
1.08108108e-01 -2.06697975e+01 -2.06697975e+01 -2.50725142e-02 -6.80089491e-03 -6.80089066e-03 7.13254574e+01 7.13254574e+01 1.73372523e+02 2.62947340e+02 3.22874010e+02 1.55501824e-17 5.83846056e-17 1.32830779e-05 7.79980658e-14 3.84554602e-16 2.52972659e-29 1.43338558e-17 6.46633026e-17 9.26413369e-01 3.76507993e-01
1.08408408e-01 -2.06697975e+01 -2.06697975e+01 -2.50725142e-02 -6.80089405e-03 -6.80089368e-03 7.13254574e+01 7.13254574e+01 1.73372523e+02 2.62766118e+02 3.22883137e+02 1.54873268e-16 4.47683113e-17 1.33199753e-05 1.03603225e-13 6.64646495e-15 5.12405464e-30 1.25607361e-17 6.82622471e-17 9.26674145e-01 3.75865706e-01
1.08708709e-01 -2.06697975e+01 -2.06697975e+01 -2.50725144e-02 -6.80089516e-03 -6.80089441e-03 7.13254574e+01 7.13254574e+01 1.73372523e+02 2.62584810e+02 3.22892215e+02 9.34583015e-18 6.29926194e-17 1.33568728e-05 6.71897872e-15 7.82188158e-14 5.22487463e-30 1.51048006e-17 1.37978047e-16 9.26933735e-01 3.75225067e-01
1.09009009e-01 -2.06697975e+01 -2.06697975e+01 -2.50725142e-02 -6.80089368e-03 -6.80089330e-03 7.13254574e+01 7.13254574e+01 1.73372523e+02 2.62403416e+02 3.22901246e+02 8.48105004e-18 4.94414656e-17 1.33937702e-05 1.09839731e-14 7.79164874e-14 5.28641240e-30 1.54889171e-17 1.12330455e-16 9.27192144e-01 3.74586075e-01
1.09309309e-01 -2.06697975e+01 -2.06697975e+01 -2.50725144e-02 -6.80089544e-03 -6.80089265e-03 7.13254574e+01 7.13254574e+01 1.73372523e+02 2.62221938e+02 3.22910228e+02 7.43357341e-17 8.37477905e-17 1.34306676e-05 7.88564851e-14 6.20162847e-16 2.53025497e-29 1.58721297e-17 1.26920333e-16 9.27449380e-01 3.73948724e-01
1.09609610e-01 -2.06697975e+01 -2.06697975e+01 -2.50725141e-02 -6.80089294e-03 -6.80089220e-03 7.13254574e+01 7.13254574e+01 1.73372523e+02 2.62040377e+02 3.22919163e+02 4.41878437e-17 3.20634813e-17 1.34675651e-05 1.04912780e-13 5.64974515e-16 5.36948394e-30 1.40705312e-17 2.34600820e-16 9.27705446e-01 3.73313012e-01
1.09909910e-01 -2.06697975e+01 -2.06697975e+01 -2.50725143e-02 -6.80089501e-03 -6.80089443e-03 7.13254574e+01 7.13254574e+01 1.73372523e+02 2.61858735e+02 3.22928051e+02 8.19814514e-17 2.44376032e-17 1.35044625e-05 7.92376589e-14 3.00422771e-15 2.53042144e-29 1.66358389e-17 8.69180453e-17 9.27960350e-01 3.72678935e-01
1.10210210e-01 -2.06697975e+01 -2.06697975e+01 -2.50725139e-02 -6.80089325e-03 -6.80089265e-03 7.13254574e+01 7.13254574e+01 1.73372523e+02 2.61677013e+02 3.22936892e+02 2.73227703e-17 1.81991392e-17 1.35413600e-05 2.88540576e-15 7.94668973e-14 2.53048055e-29 1.70163382e-17 1.68081932e-17 9.28214097e-01 3.72046489e-01
1.10510511e-01 -2.06697975e+01 -2.06697975e+01 -2.50725142e-02 -6.80089439e-03 -6.80089428e-03 7.13254574e+01 7.13254574e+01 1.73372523e+02 2.61495212e+02 3.22945687e+02 9.38466510e-18 2.35094106e-17 1.35782574e-05 3.55630928e-28 2.08832050e-28 3.08785354e-45 6.72993455e-28 2.79819619e-17 9.28466692e-01 3.71415671e-01
1.10810811e-01 -2.06697975e+01 -2.06697975e+01 -2.50725144e-02 -6.80089387e-03 -6.80089376e-03 7.13254574e+01 7.13254574e+01 1.73372523e+02 2.61313334e+02 3.22954435e+02 4.62616880e-17 2.05306902e-17 1.36151548e-05 1.06620804e-14 5.27571773e-14 2.54688026e-29 1.99834203e-17 2.46063139e-16 9.28718142e-01 3.70786478e-01
1.11111111e-01 -2.06697975e+01 -2.06697975e+01 -2.50725142e-02 -6.80089434e-03 -6.80089407e-03 7.13254574e+01 7.13254574e+01 1.73372523e+02 2.61131381e+02 3.22963137e+02 4.45998134e-18 5.07321698e-17 1.36520523e-05 2.26097101e-15 2.76798001e-14 2.79226881e-33 2.25824590e-17 2.38304247e-19 9.28968452e-01 3.70158905e-01
1.11411411e-01 -2.06697975e+01 -2.06697975e+01 -2.50725141e-02 -6.80089625e-03 -6.80089241e-03 7.13254574e+01 7.13254574e+01 1.73372523e+02 2.60949353e+02 3.22971794e+02 1.86009076e-17 4.01277333e-17 1.36889497e-05 5.41171312e-14 3.15004028e-16 2.54691292e-29 2.07505450e-17 1.50347727e-16 9.29217628e-01 3.69532949e-01
1.11711712e-01 -2.06697975e+01 -2.06697975e+01 -2.50725141e-02 -6.80089486e-03 -6.80089434e-03 7.13254574e+01 7.13254574e+01 1.73372523e+02 2.60767252e+02 3.22980405e+02 1.61166981e-17 2.00110052e-17 1.37258471e-05 2.30311650e-15 5.42180951e-14 2.54690554e-29 2.11327543e-17 4.79935577e-16 9.29465675e-01 3.68908606e-01
1.12012012e-01 -2.06697975e+01 -2.06697975e+01 -2.50725141e-02 -6.80089333e-03 -6.80089123e-03 7.13254574e+01 7.13254574e+01 1.73372523e+02 2.60585079e+02 3.22988970e+02 4.33755787e-17 6.01734520e-20 1.37627446e-05 5.44093099e-14 5.63041055e-16 2.54688247e-29 2.15140628e-17 5.97198408e-17 9.29712598e-01 3.68285873e-01
1.12312312e-01 -2.06697975e+01 -2.06697975e+01 -2.50725141e-02 -6.80089536e-03 -6.80089474e-03 7.13254574e+01 7.13254574e+01 1.73372523e+02 2.60402836e+02 3.22997491e+02 1.21785723e-17 9.17294635e-18 1.37996420e-05 1.92934623e-15 5.45190779e-14 2.54684380e-29 2.18944667e-17 5.89978582e-17 9.29958404e-01 3.67664747e-01
1.12612613e-01 -2.06697975e+01 -2.06697975e+01 -2.50725143e-02 -6.80089286e-03 -6.80089202e-03 7.13254574e+01 7.13254574e+01 1.73372523e+02 2.60220524e+02 3.23005968e+02 6.36787159e-18 7.93650626e-17 1.38365395e-05 1.42924949e-15 5.46872476e-14 2.54678961e-29 2.22739679e-17 1.48787848e-16 9.30203099e-01 3.67045222e-01
1.12912913e-01 -2.06697975e+01 -2.06697975e+01 -2.50725144e-02 -6.80089514e-03 -6.80089408e-03 7.13254574e+01 7.13254574e+01 1.73372523e+02 2.60038144e+02 3.23014400e+02 4.30756889e-18 4.99170955e-17 1.38734369e-05 1.13581261e-15 5.48456930e-14 2.54671998e-29 2.26525682e-17 1.07173831e-16 9.30446686e-01 3.66427297e-01
1.13213213e-01 -2.06697975e+01 -2.06697975e+01 -2.50725142e-02 -6.80089312e-03 -6.80089289e-03 7.13254574e+01 7.13254574e+01 1.73372523e+02 2.59855698e+02 3.23022788e+02 8.29772894e-18 1.31159473e-17 1.39103343e-05 5.31136116e-15 5.47412678e-14 2.54663501e-29 2.30302668e-17 1.72440957e-16 9.30689173e-01 3.65810966e-01
1.13513514e-01 -2.06697975e+01 -2.06697975e+01 -2.50725140e-02 -6.80089375e-03 -6.80089297e-03 7.13254574e+01 7.13254574e+01 1.73372523e+02 2.59673187e+02 3.23031132e+02 6.67137434e-18 2.48600576e-17 1.39472318e-05 5.51226437e-14 1.53997203e-15 2.54653477e-29 2.34070631e-17 5.22264661e-17 9.30930564e-01 3.65196227e-01
1.13813814e-01 -2.06697975e+01 -2.06697975e+01 -2.50725143e-02 -6.80089710e-03 -6.80089242e-03 7.13254574e+01 7.13254574e+01 1.73372523e+02 2.59490613e+02 3.23039433e+02 1.07251426e-17 4.62322157e-18 1.39841292e-05 2.49300327e-16 5.52929678e-14 2.54641936e-29 2.37829616e-17 1.79847810e-17 9.31170865e-01 3.64583076e-01
1.14114114e-01 -2.06697975e+01 -2.06697975e+01 -2.50725140e-02 -6.80089630e-03 -6.80089530e-03 7.13254574e+01 7.13254574e+01 1.73372523e+02 2.59307976e+02 3.23047690e+02 1.68233878e-18 4.80946491e-17 1.40210267e-05 5.54181485e-14 1.20164257e-15 2.54628885e-29 2.41579516e-17 8.42979805e-18 9.31410082e-01 3.63971509e-01
1.14414414e-01 -2.06697975e+01 -2.06697975e+01 -2.50725141e-02 -6.80089428e-03 -6.80089384e-03 7.13254574e+01 7.13254574e+01 1.73372523e+02 2.59125278e+02 3.23055905e+02 2.30741158e-17 1.77220626e-17 1.40579241e-05 2.79396550e-15 5.55132073e-14 2.54614333e-29 2.45320404e-17 7.48032397e-17 9.31648219e-01 3.63361522e-01
1.14714715e-01 -2.06697975e+01 -2.06697975e+01 -2.50725141e-02 -6.80089405e-03 -6.80088992e-03 7.13254574e+01 7.13254574e+01 1.73372523e+02 2.58942521e+02 3.23064077e+02 5.61354489e-17 1.79698443e-17 1.40948215e-05 5.57259713e-14 2.80664109e-16 2.54598288e-29 2.49052294e-17 2.13585863e-16 9.31885282e-01 3.62753112e-01
1.15015015e-01 -2.06697975e+01 -2.06697975e+01 -2.50725142e-02 -6.80089269e-03 -6.80089065e-03 7.13254574e+01 7.13254574e+01 1.73372523e+02 2.58759705e+02 3.23072206e+02 2.30737343e-17 1.03672806e-16 1.41317190e-05 5.58770166e-14 5.90468045e-16 2.54580760e-29 2.52775185e-17 4.64189267e-17 9.32121277e-01 3.62146275e-01
1.15315315e-01 -2.06697975e+01 -2.06697975e+01 -2.50725142e-02 -6.80089426e-03 -6.80089404e-03 7.13254574e+01 7.13254574e+01 1.73372523e+02 2.58576833e+02 3.23080294e+02 6.01117470e-17 4.51104204e-17 1.41686164e-05 2.87004596e-15 2.86900623e-14 3.27831622e-33 2.79513411e-17 2.82732103e-16 9.32356209e-01 3.61541007e-01
1.15615616e-01 -2.06697975e+01 -2.06697975e+01 -2.50725142e-02 -6.80089474e-03 -6.80089349e-03 7.13254574e+01 7.13254574e+01 1.73372523e+02 2.58393905e+02 3.23088339e+02 4.53984734e-18 3.90289227e-17 1.42055138e-05 9.93777596e-16 5.61418946e-14 2.56395616e-29 1.59177383e-17 9.10530358e-17 9.32590083e-01 3.60937304e-01
1.15915916e-01 -2.06697975e+01 -2.06697975e+01 -2.50725141e-02 -6.80089442e-03 -6.80089368e-03 7.13254574e+01 7.13254574e+01 1.73372523e+02 2.58210922e+02 3.23096343e+02 8.23009772e-18 8.55348788e-17 1.42424113e-05 5.62200374e-14 1.16858506e-15 6.93976677e-30 1.62714223e-17 8.69987413e-17 9.32822904e-01 3.60335163e-01
1.16216216e-01 -2.06697975e+01 -2.06697975e+01 -2.50725139e-02 -6.80089430e-03 -6.80089232e-03 7.13254574e+01 7.13254574e+01 1.73372523e+02 2.58027887e+02 3.23104306e+02 4.31790089e-17 2.47149318e-17 1.42793087e-05 5.64291616e-14 6.11534775e-16 2.58180986e-29 6.49067586e-18 2.82323010e-16 9.33054678e-01 3.59734580e-01
1.16516517e-01 -2.06697975e+01 -2.06697975e+01 -2.50725143e-02 -6.80089506e-03 -6.80089272e-03 7.13254574e+01 7.13254574e+01 1.73372523e+02 2.57844799e+02 3.23112227e+02 1.42836579e-17 2.67598953e-17 1.43162062e-05 5.65735363e-14 5.26476054e-16 2.58144367e-29 6.82648143e-18 3.56799814e-17 9.33285410e-01 3.59135551e-01
1.16816817e-01 -2.06697975e+01 -2.06697975e+01 -2.50725141e-02 -6.80089600e-03 -6.80089448e-03 7.13254574e+01 7.13254574e+01 1.73372523e+02 2.57661662e+02 3.23120108e+02 2.65844710e-17 4.09939081e-17 1.43531036e-05 7.97140360e-16 5.67185178e-14 2.58106335e-29 7.16129511e-18 1.91071557e-16 9.33515104e-01 3.58538073e-01
1.17117117e-01 -2.06697975e+01 -2.06697975e+01 -2.50725143e-02 -6.80089391e-03 -6.80089382e-03 7.13254574e+01 7.13254574e+01 1.73372523e+02 2.57478475e+02 3.23127948e+02 8.43914691e-19 1.55187926e-17 1.43900010e-05 5.52015999e-14 1.36472748e-14 2.58066897e-29 7.49511846e-18 2.27470188e-16 9.33743768e-01 3.57942141e-01
1.17417417e-01 -2.06697975e+01 -2.06697975e+01 -2.50725141e-02 -6.80089440e-03 -6.80089214e-03 7.13254574e+01 7.13254574e+01 1.73372523e+02 2.57295241e+02 3.23135747e+02 4.71696254e-18 5.27520318e-17 1.44268985e-05 5.70078246e-14 5.39158827e-16 2.58026062e-29 7.82794901e-18 4.37372694e-17 9.33971404e-01 3.57347752e-01
1.17717718e-01 -2.06697975e+01 -2.06697975e+01 -2.50725141e-02 -6.80089655e-03 -6.80089318e-03 7.13254574e+01 7.13254574e+01 1.73372523e+02 2.57111959e+02 3.23143507e+02 5.97616176e-18 3.57457849e-17 1.44637959e-05 5.71605615e-14 3.70304765e-16 2.57983838e-29 8.15978759e-18 2.47385994e-16 9.34198019e-01 3.56754902e-01
1.18018018e-01 -2.06697975e+01 -2.06697975e+01 -2.50725143e-02 -6.80089496e-03 -6.80089270e-03 7.13254574e+01 7.13254574e+01 1.73372523e+02 2.56928633e+02 3.23151227e+02 1.81303145e-17 2.54524503e-17 1.45006934e-05 5.73102572e-14 5.31512033e-16 2.57940234e-29 8.49063651e-18 1.13307627e-16 9.34423618e-01 3.56163588e-01
1.18318318e-01 -2.06697975e+01 -2.06697975e+01 -2.50725140e-02 -6.80089301e-03 -6.80089120e-03 7.13254574e+01 7.13254574e+01 1.73372523e+02 2.56745263e+02 3.23158907e+02 8.28103100e-18 3.29966607e-17 1.45375908e-05 5.74516754e-14 6.87044595e-16 2.57895257e-29 8.82049084e-18 1.13074596e-16 9.34648206e-01 3.55573805e-01
1.18618619e-01 -2.06697975e+01 -2.06697975e+01 -2.50725143e-02 -6.80089511e-03 -6.80089381e-03 7.13254574e+01 7.13254574e+01 1.73372523e+02 2.56561850e+02 3.23166547e+02 1.08258644e-17 3.34526178e-17 1.45744882e-05 5.75900666e-14 9.50610597e-16 2.57848918e-29 9.14935351e-18 2.16116712e-17 9.34871787e-01 3.54985550e-01
1.18918919e-01 -2.06697975e+01 -2.06697975e+01 -2.50725143e-02 -6.80089372e-03 -6.80089284e-03 7.13254574e+01 7.13254574e+01 1.73372523e+02 2.56378395e+02 3.23174149e+02 1.59157327e-17 2.69756921e-19 1.46113857e-05 1.43695783e-15 5.77296773e-14 2.57801223e-29 9.47722528e-18 1.80583972e-16 9.35094368e-01 3.54398820e-01
1.19219219e-01 -2.06697975e+01 -2.06697975e+01 -2.50725138e-02 -6.80089594e-03 -6.80089340e-03 7.13254574e+01 7.13254574e+01 1.73372523e+02 2.56194900e+02 3.23181712e+02 1.20564814e-17 6.17476352e-17 1.46482831e-05 4.93515139e-16 5.78862119e-14 2.57752181e-29 9.80410491e-18 1.75725821e-16 9.35315952e-01 3.53813609e-01
1.19519520e-01 -2.06697975e+01 -2.06697975e+01 -2.50725141e-02 -6.80089441e-03 -6.80089406e-03 7.13254574e+01 7.13254574e+01 1.73372523e+02 2.56011367e+02 3.23189236e+02 1.45185969e-17 1.67240650e-17 1.46851805e-05 1.90238832e-15 2.97928491e-14 2.00370338e-33 1.25202569e-17 2.48288880e-16 9.35536545e-01 3.53229915e-01
1.19819820e-01 -2.06697975e+01 -2.06697975e+01 -2.50725144e-02 -6.80089439e-03 -6.80089428e-03 7.13254574e+01 7.13254574e+01 1.73372523e+02 2.55827796e+02 3.23196721e+02 6.52897446e-18 2.23823713e-17 1.47220780e-05 3.58107818e-28 2.10286518e-28 3.20940599e-45 6.77680704e-28 6.93006107e-17 9.35756152e-01 3.52647733e-01
1.20120120e-01 -2.06697975e+01 -2.06697975e+01 -2.50725144e-02 -6.80089515e-03 -6.80089349e-03 7.13254574e+01 7.13254574e+01 1.73372523e+02 2.55644188e+02 3.23204169e+02 1.19958485e-17 2.17619473e-17 1.47589754e-05 2.22428264e-15 5.82559525e-14 8.10991558e-30 1.07787911e-17 8.62546130e-18 9.35974778e-01 3.52067060e-01
1.20420420e-01 -2.06697975e+01 -2.06697975e+01 -2.50725145e-02 -6.80089612e-03 -6.80089346e-03 7.13254574e+01 7.13254574e+01 1.73372523e+02 2.55460545e+02 3.23211578e+02 1.47735576e-17 5.07048403e-17 1.47958729e-05 5.84797359e-14 4.90400194e-16 2.57542712e-29 1.11017020e-17 3.86285533e-18 9.36192428e-01 3.51487892e-01
1.20720721e-01 -2.06697975e+01 -2.06697975e+01 -2.50725141e-02 -6.80089463e-03 -6.80089220e-03 7.13254574e+01 7.13254574e+01 1.73372523e+02 2.55276868e+02 3.23218950e+02 2.09640250e-17 1.28650180e-17 1.48327703e-05 5.86230309e-14 5.25568310e-16 2.57487061e-29 1.14236216e-17 2.25924037e-16 9.36409106e-01 3.50910226e-01
1.21021021e-01 -2.06697975e+01 -2.06697975e+01 -2.50725143e-02 -6.80089462e-03 -6.80089142e-03 7.13254574e+01 7.13254574e+01 1.73372523e+02 2.55093159e+02 3.23226285e+02 1.06848345e-17 1.02931162e-17 1.48696677e-05 4.01794125e-16 5.87669467e-14 2.57430112e-29 1.17445458e-17 1.35836822e-16 9.36624818e-01 3.50334056e-01
1.21321321e-01 -2.06697975e+01 -2.06697975e+01 -2.50725144e-02 -6.80089384e-03 -6.80089199e-03 7.13254574e+01 7.13254574e+01 1.73372523e+02 2.54909418e+02 3.23233582e+02 2.43000597e-17 1.40997062e-17 1.49065652e-05 5.89141993e-14 6.88700762e-16 2.57371874e-29 1.20644809e-17 2.32415656e-16 9.36839568e-01 3.49759381e-01
1.21621622e-01 -2.06697975e+01 -2.06697975e+01 -2.50725140e-02 -6.80089572e-03 -6.80089375e-03 7.13254574e+01 7.13254574e+01 1.73372523e+02 2.54725647e+02 3.23240842e+02 4.35107195e-17 6.15722947e-17 1.49434626e-05 6.56520013e-16 5.90640595e-14 2.57312356e-29 1.23834208e-17 3.43533682e-17 9.37053361e-01 3.49186195e-01
1.21921922e-01 -2.06697975e+01 -2.06697975e+01 -2.50725141e-02 -6.80089731e-03 -6.80089519e-03 7.13254574e+01 7.13254574e+01 1.73372523e+02 2.54541847e+02 3.23248065e+02 4.36980078e-17 5.04281988e-18 1.49803601e-05 5.92032335e-14 6.30347926e-16 2.57251564e-29 1.27013687e-17 1.49693845e-16 9.37266202e-01 3.48614495e-01
1.22222222e-01 -2.06697975e+01 -2.06697975e+01 -2.50725141e-02 -6.80089447e-03 -6.80089407e-03 7.13254574e+01 7.13254574e+01 1.73372523e+02 2.54358019e+02 3.23255252e+02 1.19864482e-17 4.05289186e-17 1.50172575e-05 1.67571190e-15 3.04941163e-14 2.27344070e-33 1.54652755e-17 1.85032606e-17 9.37478096e-01 3.48044277e-01
1.22522523e-01 -2.06697975e+01 -2.06697975e+01 -2.50725140e-02 -6.80089650e-03 -6.80089229e-03 7.13254574e+01 7.13254574e+01 1.73372523e+02 2.54174164e+02 3.23262403e+02 3.72951704e-17 7.05685137e-18 1.50541549e-05 5.94988150e-14 3.03143355e-16 2.57126196e-29 1.33342894e-17 2.82451138e-16 9.37689048e-01 3.47475537e-01
1.22822823e-01 -2.06697975e+01 -2.06697975e+01 -2.50725140e-02 -6.80089466e-03 -6.80089325e-03 7.13254574e+01 7.13254574e+01 1.73372523e+02 2.53990284e+02 3.23269517e+02 2.09127405e-17 4.50090219e-19 1.50910524e-05 9.02503404e-16 5.96451411e-14 2.57061636e-29 1.36492577e-17 2.23661596e-16 9.37899062e-01 3.46908272e-01
1.23123123e-01 -2.06697975e+01 -2.06697975e+01 -2.50725142e-02 -6.80089442e-03 -6.80089429e-03 7.13254574e+01 7.13254574e+01 1.73372523e+02 2.53806380e+02 3.23276596e+02 5.33189111e-17 4.19668818e-17 1.51279498e-05 1.02816517e-14 5.89053091e-14 2.56995835e-29 1.39632350e-17 2.95832574e-17 9.38108143e-01 3.46342477e-01
1.23423423e-01 -2.06697975e+01 -2.06697975e+01 -2.50725141e-02 -6.80089321e-03 -6.80089316e-03 7.13254574e+01 7.13254574e+01 1.73372523e+02 2.53622454e+02 3.23283639e+02 4.63447636e-17 2.09759672e-17 1.51648472e-05 3.95716282e-14 4.50189478e-14 2.56928802e-29 1.42762192e-17 8.06421480e-18 9.38316296e-01 3.45778150e-01
1.23723724e-01 -2.06697975e+01 -2.06697975e+01 -2.50725141e-02 -6.80089609e-03 -6.80089173e-03 7.13254574e+01 7.13254574e+01 1.73372523e+02 2.53438505e+02 3.23290646e+02 1.02628420e-17 9.86280463e-17 1.52017447e-05 2.89522962e-16 6.00914799e-14 2.56860545e-29 1.45882120e-17 2.63703766e-17 9.38523525e-01 3.45215285e-01
1.24024024e-01 -2.06697975e+01 -2.06697975e+01 -2.50725143e-02 -6.80089436e-03 -6.80089403e-03 7.13254574e+01 7.13254574e+01 1.73372523e+02 2.53254536e+02 3.23297618e+02 6.58493483e-19 2.24702861e-17 1.52386421e-05 2.06404093e-15 3.09208848e-14 2.44929090e-33 1.73840503e-17 1.80694978e-16 9.38729835e-01 3.44653880e-01
1.24324324e-01 -2.06697975e+01 -2.06697975e+01 -2.50725142e-02 -6.80089430e-03 -6.80089405e-03 7.13254574e+01 7.13254574e+01 1.73372523e+02 2.53070547e+02 3.23304555e+02 3.76571213e-17 1.51222394e-17 1.52755396e-05 2.73320333e-15 3.09497570e-14 2.47829010e-33 1.77003781e-17 1.25361723e-17 9.38935231e-01 3.44093930e-01
1.24624625e-01 -2.06697975e+01 -2.06697975e+01 -2.50725140e-02 -6.80089628e-03 -6.80089367e-03 7.13254574e+01 7.13254574e+01 1.73372523e+02 2.52886540e+02 3.23311458e+02 1.60071887e-17 2.06797462e-17 1.53124370e-05 4.92813393e-16 6.05229176e-14 2.56648510e-29 1.55182237e-17 8.06000437e-17 9.39139717e-01 3.43535431e-01
1.24924925e-01 -2.06697975e+01 -2.06697975e+01 -2.50725143e-02 -6.80089432e-03 -6.80089314e-03 7.13254574e+01 7.13254574e+01 1.73372523e+02 2.52702516e+02 3.23318325e+02 2.22594294e-17 1.87416196e-17 1.53493344e-05 6.06659911e-14 1.10102962e-15 2.56575436e-29 1.58262422e-17 2.40369117e-17 9.39343297e-01 3.42978380e-01
1.25225225e-01 -2.06697975e+01 -2.06697975e+01 -2.50725142e-02 -6.80089537e-03 -6.80089203e-03 7.13254574e+01 7.13254574e+01 1.73372523e+02 2.52518477e+02 3.23325159e+02 4.78507001e-18 1.20553246e-19 1.53862319e-05 3.78600826e-16 6.08160097e-14 2.56501179e-29 1.61332659e-17 1.98979682e-16 9.39545978e-01 3.42422773e-01
1.25525526e-01 -2.06697975e+01 -2.06697975e+01 -2.50725139e-02 -6.80089395e-03 -6.80089365e-03 7.13254574e+01 7.13254574e+01 1.73372523e+02 2.52334423e+02 3.23331958e+02 8.71146807e-18 8.83695063e-18 1.54231293e-05 6.08059461e-14 4.45698836e-15 2.56425745e-29 1.64392955e-17 1.41479919e-16 9.39747762e-01 3.41868606e-01
1.25825826e-01 -2.06697975e+01 -2.06697975e+01 -2.50725140e-02 -6.80089481e-03 -6.80089457e-03 7.13254574e+01 7.13254574e+01 1.73372523e+02 2.52150355e+02 3.23338723e+02 1.01508943e-17 4.89627046e-17 1.54600268e-05 6.08636775e-14 5.49186671e-15 2.56349142e-29 1.67443349e-17 8.13253581e-17 9.39948654e-01 3.41315875e-01
1.26126126e-01 -2.06697975e+01 -2.06697975e+01 -2.50725144e-02 -6.80089663e-03 -6.80089534e-03 7.13254574e+01 7.13254574e+01 1.73372523e+02 2.51966275e+02 3.23345455e+02 2.10804149e-17 4.00676242e-18 1.54969242e-05 3.14186829e-15 6.11519479e-14 1.00401698e-29 1.70483763e-17 3.10392840e-17 9.40148660e-01 3.40764577e-01
1.26426426e-01 -2.06697975e+01 -2.06697975e+01 -2.50725140e-02 -6.80089391e-03 -6.80089318e-03 7.13254574e+01 7.13254574e+01 1.73372523e+02 2.51782183e+02 3.23352153e+02 3.21733342e-17 2.54902270e-17 1.55338216e-05 6.13818572e-14 1.85775220e-15 2.56192463e-29 1.73514255e-17 2.14065845e-16 9.40347783e-01 3.40214707e-01
1.26726727e-01 -2.06697975e+01 -2.06697975e+01 -2.50725140e-02 -6.80089710e-03 -6.80089437e-03 7.13254574e+01 7.13254574e+01 1.73372523e+02 2.51598082e+02 3.23358817e+02 2.48032665e-17 2.81734415e-17 1.55707191e-05 6.15469315e-14 4.96294696e-16 2.56112403e-29 1.76534794e-17 7.58941878e-17 9.40546028e-01 3.39666262e-01
1.27027027e-01 -2.06697975e+01 -2.06697975e+01 -2.50725143e-02 -6.80089432e-03 -6.80089327e-03 7.13254574e+01 7.13254574e+01 1.73372523e+02 2.51413972e+02 3.23365449e+02 2.84372924e-17 1.92153140e-17 1.56076165e-05 6.16848221e-14 1.30613171e-15 2.56031205e-29 1.79545404e-17 4.53554525e-16 9.40743399e-01 3.39119238e-01
1.27327327e-01 -2.06697975e+01 -2.06697975e+01 -2.50725143e-02 -6.80089439e-03 -6.80089428e-03 7.13254574e+01 7.13254574e+01 1.73372523e+02 2.51229854e+02 3.23372047e+02 4.63552365e-18 3.52592684e-17 1.56445139e-05 3.57921211e-28 2.10176940e-28 3.29257529e-45 6.77327570e-28 6.65352657e-17 9.40939900e-01 3.38573631e-01
1.27627628e-01 -2.06697975e+01 -2.06697975e+01 -2.50725141e-02 -6.80089407e-03 -6.80089247e-03 7.13254574e+01 7.13254574e+01 1.73372523e+02 2.51045729e+02 3.23378613e+02 1.26355339e-17 1.65632475e-17 1.56814114e-05 6.19840244e-14 8.29333748e-16 2.55865428e-29 1.85536796e-17 1.40207280e-16 9.41135537e-01 3.38029437e-01
1.27927928e-01 -2.06697975e+01 -2.06697975e+01 -2.50725143e-02 -6.80089439e-03 -6.80089428e-03 7.13254574e+01 7.13254574e+01 1.73372523e+02 2.50861599e+02 3.23385146e+02 1.11626750e-16 1.73993378e-17 1.57183088e-05 3.57830721e-28 2.10123803e-28 3.29868254e-45 6.77156327e-28 7.12078530e-17 9.41330313e-01 3.37486653e-01
1.28228228e-01 -2.06697975e+01 -2.06697975e+01 -2.50725139e-02 -6.80089514e-03 -6.80089429e-03 7.13254574e+01 7.13254574e+01 1.73372523e+02 2.50677465e+02 3.23391647e+02 3.38372437e-17 4.30273000e-17 1.57552063e-05 1.58114064e-15 6.22560320e-14 2.55695197e-29 1.91488382e-17 1.47399524e-16 9.41524233e-01 3.36945275e-01
1.28528529e-01 -2.06697975e+01 -2.06697975e+01 -2.50725142e-02 -6.80089650e-03 -6.80089432e-03 7.13254574e+01 7.13254574e+01 1.73372523e+02 2.50493327e+02 3.23398116e+02 1.39438083e-17 1.36054176e-17 1.57921037e-05 5.96431893e-16 6.24233176e-14 2.55608429e-29 1.94449279e-17 1.97255742e-17 9.41717301e-01 3.36405298e-01
1.28828829e-01 -2.06697975e+01 -2.06697975e+01 -2.50725142e-02 -6.80089508e-03 -6.80089246e-03 7.13254574e+01 7.13254574e+01 1.73372523e+02 2.50309188e+02 3.23404552e+02 5.06003178e-17 2.90919891e-17 1.58290011e-05 5.25210107e-16 6.25753507e-14 2.55520571e-29 1.97400214e-17 2.19219604e-16 9.41909521e-01 3.35866719e-01
1.29129129e-01 -2.06697975e+01 -2.06697975e+01 -2.50725140e-02 -6.80089556e-03 -6.80089394e-03 7.13254574e+01 7.13254574e+01 1.73372523e+02 2.50125047e+02 3.23410957e+02 6.23437193e-17 8.94279030e-18 1.58658986e-05 6.27183090e-14 8.70878659e-16 2.55431629e-29 2.00341218e-17 2.08584355e-16 9.42100898e-01 3.35329535e-01
1.29429429e-01 -2.06697975e+01 -2.06697975e+01 -2.50725142e-02 -6.80089368e-03 -6.80089216e-03 7.13254574e+01 7.13254574e+01 1.73372523e+02 2.49940906e+02 3.23417331e+02 4.93816374e-18 5.13816984e-18 1.59027960e-05 5.10147064e-16 3.23821181e-14 1.13415088e-29 2.29262415e-17 7.26559663e-17 9.42291436e-01 3.34793741e-01
1.29729730e-01 -2.06697975e+01 -2.06697975e+01 -2.50725141e-02 -6.80089478e-03 -6.80089383e-03 7.13254574e+01 7.13254574e+01 1.73372523e+02 2.49756767e+02 3.23423673e+02 1.06801272e-17 4.79249225e-17 1.59396934e-05 1.44028829e-15 6.30032083e-14 2.55250526e-29 2.06193309e-17 2.03409232e-17 9.42481139e-01 3.34259333e-01
1.30030030e-01 -2.06697975e+01 -2.06697975e+01 -2.50725144e-02 -6.80089369e-03 -6.80089321e-03 7.13254574e+01 7.13254574e+01 1.73372523e+02 2.49572630e+02 3.23429983e+02 5.04431452e-17 4.63050779e-17 1.59765909e-05 4.11529581e-15 3.23088248e-14 1.15768558e-29 2.35221964e-17 4.54198016e-17 9.42670012e-01 3.33726309e-01
1.30330330e-01 -2.06697975e+01 -2.06697975e+01 -2.50725142e-02 -6.80089418e-03 -6.80089171e-03 7.13254574e+01 7.13254574e+01 1.73372523e+02 2.49388496e+02 3.23436263e+02 3.45840556e-17 1.10750934e-17 1.60134883e-05 6.33056594e-14 5.51452654e-16 2.55065181e-29 2.12005632e-17 1.42834243e-16 9.42858057e-01 3.33194663e-01
1.30630631e-01 -2.06697975e+01 -2.06697975e+01 -2.50725143e-02 -6.80089462e-03 -6.80089292e-03 7.13254574e+01 7.13254574e+01 1.73372523e+02 2.49204367e+02 3.23442512e+02 8.25389982e-18 3.15218590e-17 1.60503858e-05 6.12312134e-14 1.66819017e-14 1.17262838e-29 2.14896845e-17 5.33452966e-18 9.43045281e-01 3.32664393e-01
1.30930931e-01 -2.06697975e+01 -2.06697975e+01 -2.50725140e-02 -6.80089336e-03 -6.80089220e-03 7.13254574e+01 7.13254574e+01 1.73372523e+02 2.49020244e+02 3.23448730e+02 2.90878867e-17 4.17314979e-17 1.60872832e-05 3.27095516e-14 7.93775890e-17 1.19375027e-29 2.44086815e-17 1.30494165e-16 9.43231686e-01 3.32135494e-01
1.31231231e-01 -2.06697975e+01 -2.06697975e+01 -2.50725141e-02 -6.80089529e-03 -6.80089431e-03 7.13254574e+01 7.13254574e+01 1.73372523e+02 2.48836127e+02 3.23454918e+02 4.74058409e-17 3.36587002e-17 1.61241806e-05 6.37270179e-14 1.41058758e-15 2.54779342e-29 2.20649418e-17 1.84065473e-16 9.43417277e-01 3.31607962e-01
1.31531532e-01 -2.06697975e+01 -2.06697975e+01 -2.50725142e-02 -6.80089567e-03 -6.80089515e-03 7.13254574e+01 7.13254574e+01 1.73372523e+02 2.48652017e+02 3.23461076e+02 5.89727001e-17 5.50399499e-17 1.61610781e-05 3.28156886e-14 2.24419183e-15 1.21831019e-29 2.49947045e-17 7.84981882e-16 9.43602059e-01 3.31081795e-01
1.31831832e-01 -2.06697975e+01 -2.06697975e+01 -2.50725143e-02 -6.80089590e-03 -6.80089252e-03 7.13254574e+01 7.13254574e+01 1.73372523e+02 2.48467917e+02 3.23467203e+02 1.39586894e-17 7.43739743e-20 1.61979755e-05 3.99270593e-16 6.40327928e-14 2.54583654e-29 2.26362133e-17 2.67528499e-16 9.43786034e-01 3.30556987e-01
1.32132132e-01 -2.06697975e+01 -2.06697975e+01 -2.50725141e-02 -6.80089446e-03 -6.80089406e-03 7.13254574e+01 7.13254574e+01 1.73372523e+02 2.48283827e+02 3.23473301e+02 6.21485071e-17 4.50640832e-17 1.62348730e-05 1.79730932e-15 3.29780378e-14 3.20125829e-33 2.55767531e-17 3.09472285e-16 9.43969208e-01 3.30033536e-01
1.32432432e-01 -2.06697975e+01 -2.06697975e+01 -2.50725140e-02 -6.80089553e-03 -6.80089473e-03 7.13254574e+01 7.13254574e+01 1.73372523e+02 2.48099747e+02 3.23479368e+02 5.03360287e-17 2.95757027e-17 1.62717704e-05 1.74627824e-15 6.42990317e-14 2.54383933e-29 2.32035022e-17 8.16180132e-17 9.44151583e-01 3.29511437e-01
1.32732733e-01 -2.06697975e+01 -2.06697975e+01 -2.50725141e-02 -6.80089440e-03 -6.80089404e-03 7.13254574e+01 7.13254574e+01 1.73372523e+02 2.47915680e+02 3.23485407e+02 2.36970844e-17 4.19905366e-18 1.63086678e-05 2.02457905e-15 3.31246567e-14 3.25439685e-33 2.61548263e-17 1.44852281e-16 9.44333166e-01 3.28990687e-01
1.33033033e-01 -2.06697975e+01 -2.06697975e+01 -2.50725141e-02 -6.80089426e-03 -6.80089399e-03 7.13254574e+01 7.13254574e+01 1.73372523e+02 2.47731625e+02 3.23491415e+02 2.14404613e-17 2.95914218e-18 1.63455653e-05 5.25449562e-15 6.44094767e-14 2.54180237e-29 2.37668047e-17 1.88430393e-17 9.44513958e-01 3.28471282e-01
1.33333333e-01 -2.06697975e+01 -2.06697975e+01 -2.50725142e-02 -6.80089554e-03 -6.80089453e-03 7.13254574e+01 7.13254574e+01 1.73372523e+02 2.47547585e+02 3.23497395e+02 1.19865072e-17 3.07023650e-18 1.63824627e-05 6.47527965e-14 1.43005187e-15 2.54076916e-29 2.40469604e-17 1.54136717e-16 9.44693964e-01 3.27953218e-01
1.33633634e-01 -2.06697975e+01 -2.06697975e+01 -2.50725142e-02 -6.80089439e-03 -6.80089428e-03 7.13254574e+01 7.13254574e+01 1.73372523e+02 2.47363559e+02 3.23503346e+02 9.13600515e-18 8.91167289e-17 1.64193601e-05 3.56462234e-28 2.09320206e-28 3.35282912e-45 6.74566613e-28 2.65960626e-17 9.44873189e-01 3.27436492e-01
1.33933934e-01 -2.06697975e+01 -2.06697975e+01 -2.50725141e-02 -6.80089439e-03 -6.80089428e-03 7.13254574e+01 7.13254574e+01 1.73372523e+02 2.47179550e+02 3.23509267e+02 6.80414019e-18 4.94970748e-17 1.64562576e-05 3.56365861e-28 2.09263614e-28 3.35548885e-45 6.74384237e-28 3.98521619e-17 9.45051636e-01 3.26921099e-01
1.34234234e-01 -2.06697975e+01 -2.06697975e+01 -2.50725143e-02 -6.80089395e-03 -6.80089318e-03 7.13254574e+01 7.13254574e+01 1.73372523e+02 2.46995558e+02 3.23515160e+02 6.61069000e-18 1.23562123e-17 1.64931550e-05 1.82583867e-15 6.51809992e-14 2.53761153e-29 2.48814456e-17 1.61743498e-16 9.45229309e-01 3.26407036e-01
1.34534535e-01 -2.06697975e+01 -2.06697975e+01 -2.50725143e-02 -6.80089377e-03 -6.80089248e-03 7.13254574e+01 7.13254574e+01 1.73372523e+02 2.46811585e+02 3.23521025e+02 2.83230506e-17 2.83691921e-17 1.65300525e-05 1.08510113e-15 6.53474565e-14 2.53653989e-29 2.51576133e-17 1.86171248e-16 9.45406212e-01 3.25894299e-01
1.34834835e-01 -2.06697975e+01 -2.06697975e+01 -2.50725142e-02 -6.80089422e-03 -6.80089257e-03 7.13254574e+01 7.13254574e+01 1.73372523e+02 2.46627630e+02 3.23526861e+02 5.67611043e-18 6.36002488e-17 1.65669499e-05 6.54930311e-14 8.42630544e-16 2.53545882e-29 2.54327828e-17 1.37323941e-16 9.45582349e-01 3.25382885e-01
1.35135135e-01 -2.06697975e+01 -2.06697975e+01 -2.50725142e-02 -6.80089441e-03 -6.80089404e-03 7.13254574e+01 7.13254574e+01 1.73372523e+02 2.46443696e+02 3.23532669e+02 1.10042059e-17 4.10481239e-17 1.66038473e-05 1.99798334e-15 3.37257510e-14 3.46341512e-33 2.84273415e-17 2.04912655e-16 9.45757723e-01 3.24872789e-01
1.35435435e-01 -2.06697975e+01 -2.06697975e+01 -2.50725138e-02 -6.80089566e-03 -6.80089301e-03 7.13254574e+01 7.13254574e+01 1.73372523e+02 2.46259783e+02 3.23538449e+02 7.56716340e-17 6.85561861e-17 1.66407448e-05 5.35976245e-16 6.57938262e-14 2.53326866e-29 2.59801309e-17 5.72066810e-17 9.45932339e-01 3.24364008e-01
1.35735736e-01 -2.06697975e+01 -2.06697975e+01 -2.50725143e-02 -6.80089541e-03 -6.80089308e-03 7.13254574e+01 7.13254574e+01 1.73372523e+02 2.46075893e+02 3.23544201e+02 1.77747197e-19 3.13732523e-20 1.66776422e-05 6.59355367e-14 6.14532901e-16 2.53215971e-29 2.62523043e-17 6.35150346e-17 9.46106200e-01 3.23856539e-01
1.36036036e-01 -2.06697975e+01 -2.06697975e+01 -2.50725143e-02 -6.80089441e-03 -6.80089402e-03 7.13254574e+01 7.13254574e+01 1.73372523e+02 2.45892026e+02 3.23549925e+02 2.77237159e-17 1.36274828e-18 1.67145397e-05 1.90250853e-15 3.39471082e-14 3.54033817e-33 2.92631164e-17 3.56301902e-16 9.46279311e-01 3.23350376e-01
1.36336336e-01 -2.06697975e+01 -2.06697975e+01 -2.50725142e-02 -6.80089566e-03 -6.80089366e-03 7.13254574e+01 7.13254574e+01 1.73372523e+02 2.45708183e+02 3.23555622e+02 6.97769342e-18 3.16587196e-17 1.67514371e-05 6.62261688e-14 7.21317026e-16 2.52991446e-29 2.67936637e-17 2.18712499e-16 9.46451674e-01 3.22845518e-01
1.36636637e-01 -2.06697975e+01 -2.06697975e+01 -2.50725142e-02 -6.80089483e-03 -6.80089368e-03 7.13254574e+01 7.13254574e+01 1.73372523e+02 2.45524365e+02 3.23561292e+02 4.74845518e-18 6.39366122e-17 1.67883345e-05 3.40766300e-14 2.54326814e-15 1.44464066e-29 2.98153210e-17 1.71977038e-16 9.46623294e-01 3.22341960e-01
1.36936937e-01 -2.06697975e+01 -2.06697975e+01 -2.50725138e-02 -6.80089439e-03 -6.80089428e-03 7.13254574e+01 7.13254574e+01 1.73372523e+02 2.45340573e+02 3.23566934e+02 1.08511318e-16 4.16249571e-17 1.68252320e-05 3.55276740e-28 2.08624065e-28 3.38107088e-45 6.72323192e-28 7.09344205e-17 9.46794174e-01 3.21839698e-01
1.37237237e-01 -2.06697975e+01 -2.06697975e+01 -2.50725142e-02 -6.80089516e-03 -6.80089440e-03 7.13254574e+01 7.13254574e+01 1.73372523e+02 2.45156809e+02 3.23572549e+02 1.79343832e-17 3.31287079e-17 1.68621294e-05 1.91593418e-15 6.66392817e-14 2.52647918e-29 2.75982130e-17 1.14881098e-16 9.46964319e-01 3.21338728e-01
1.37537538e-01 -2.06697975e+01 -2.06697975e+01 -2.50725143e-02 -6.80089439e-03 -6.80089428e-03 7.13254574e+01 7.13254574e+01 1.73372523e+02 2.44973073e+02 3.23578138e+02 3.91178017e-17 5.11589648e-17 1.68990268e-05 3.55032346e-28 2.08480553e-28 3.38596867e-45 6.71860702e-28 1.58232751e-16 9.47133731e-01 3.20839048e-01
1.37837838e-01 -2.06697975e+01 -2.06697975e+01 -2.50725139e-02 -6.80089382e-03 -6.80089368e-03 7.13254574e+01 7.13254574e+01 1.73372523e+02 2.44789367e+02 3.23583699e+02 5.54800365e-17 5.38708879e-17 1.69359243e-05 6.62853872e-14 9.54915855e-15 1.49339064e-29 1.67283338e-17 1.10563671e-16 9.47302415e-01 3.20340652e-01
1.38138138e-01 -2.06697975e+01 -2.06697975e+01 -2.50725142e-02 -6.80089435e-03 -6.80089406e-03 7.13254574e+01 7.13254574e+01 1.73372523e+02 2.44605690e+02 3.23589234e+02 5.91142443e-17 8.84726612e-18 1.69728217e-05 2.60561317e-15 3.44207952e-14 2.75615277e-33 1.97578462e-17 4.99623568e-16 9.47470374e-01 3.19843539e-01
1.38438438e-01 -2.06697975e+01 -2.06697975e+01 -2.50725142e-02 -6.80089466e-03 -6.80089289e-03 7.13254574e+01 7.13254574e+01 1.73372523e+02 2.44422045e+02 3.23594743e+02 2.07855436e-17 2.94091834e-17 1.70097192e-05 6.72304035e-14 8.15622066e-16 2.53612760e-29 1.72170503e-17 3.09395567e-16 9.47637612e-01 3.19347703e-01
1.38738739e-01 -2.06697975e+01 -2.06697975e+01 -2.50725142e-02 -6.80089352e-03 -6.80089267e-03 7.13254574e+01 7.13254574e+01 1.73372523e+02 2.44238432e+02 3.23600226e+02 1.37401810e-17 6.12260872e-17 1.70466166e-05 6.73613054e-14 1.72517741e-15 2.53487959e-29 1.74598385e-17 1.12669493e-16 9.47804133e-01 3.18853141e-01
1.39039039e-01 -2.06697975e+01 -2.06697975e+01 -2.50725143e-02 -6.80089441e-03 -6.80089404e-03 7.13254574e+01 7.13254574e+01 1.73372523e+02 2.44054852e+02 3.23605682e+02 2.96287035e-17 6.75409182e-18 1.70835140e-05 2.02803296e-15 3.46794426e-14 1.86064348e-33 9.02678468e-18 9.38820557e-17 9.47969939e-01 3.18359850e-01
1.39339339e-01 -2.06697975e+01 -2.06697975e+01 -2.50725141e-02 -6.80089508e-03 -6.80089436e-03 7.13254574e+01 7.13254574e+01 1.73372523e+02 2.43871305e+02 3.23611112e+02 7.89667010e-18 5.23058878e-17 1.71204115e-05 2.65617965e-15 6.76182796e-14 1.57045887e-29 6.44403046e-18 4.71962447e-17 9.48135035e-01 3.17867825e-01
1.39639640e-01 -2.06697975e+01 -2.06697975e+01 -2.50725145e-02 -6.80089516e-03 -6.80089303e-03 7.13254574e+01 7.13254574e+01 1.73372523e+02 2.43687794e+02 3.23616517e+02 3.70827248e-18 1.84238501e-17 1.71573089e-05 1.50348147e-15 3.48037287e-14 1.59797151e-29 9.48098383e-18 8.59053596e-17 9.48299425e-01 3.17377064e-01
1.39939940e-01 -2.06697975e+01 -2.06697975e+01 -2.50725144e-02 -6.80089441e-03 -6.80089196e-03 7.13254574e+01 7.13254574e+01 1.73372523e+02 2.43504319e+02 3.23621896e+02 4.79938541e-17 3.13272325e-17 1.71942063e-05 6.06584644e-16 6.79532192e-14 2.54390417e-29 6.88314345e-18 3.77176973e-16 9.48463111e-01 3.16887562e-01
1.40240240e-01 -2.06697975e+01 -2.06697975e+01 -2.50725140e-02 -6.80089441e-03 -6.80089406e-03 7.13254574e+01 7.13254574e+01 1.73372523e+02 2.43320881e+02 3.23627249e+02 1.17425328e-17 2.14802378e-17 1.72311038e-05 2.18400286e-15 3.49706710e-14 1.94606726e-33 9.93081216e-18 4.06211753e-16 9.48626097e-01 3.16399316e-01
1.40540541e-01 -2.06697975e+01 -2.06697975e+01 -2.50725143e-02 -6.80089403e-03 -6.80089315e-03 7.13254574e+01 7.13254574e+01 1.73372523e+02 2.43137480e+02 3.23632578e+02 4.49780826e-19 1.16910654e-18 1.72680012e-05 1.71980346e-15 6.82266700e-14 2.54121803e-29 7.31787440e-18 2.88209629e-16 9.48788388e-01 3.15912322e-01
1.40840841e-01 -2.06697975e+01 -2.06697975e+01 -2.50725141e-02 -6.80089570e-03 -6.80089336e-03 7.13254574e+01 7.13254574e+01 1.73372523e+02 2.42954118e+02 3.23637881e+02 1.01289086e-17 6.83552201e-17 1.73048987e-05 6.59506220e-16 6.83888112e-14 2.53986320e-29 7.53359436e-18 3.88712391e-16 9.48949985e-01 3.15426577e-01
1.41141141e-01 -2.06697975e+01 -2.06697975e+01 -2.50725143e-02 -6.80089427e-03 -6.80089203e-03 7.13254574e+01 7.13254574e+01 1.73372523e+02 2.42770796e+02 3.23643158e+02 5.64158119e-18 2.18837181e-17 1.73417961e-05 6.85341076e-14 6.48621430e-16 2.53850063e-29 7.74821837e-18 3.84298770e-16 9.49110894e-01 3.14942076e-01
1.41441441e-01 -2.06697975e+01 -2.06697975e+01 -2.50725144e-02 -6.80089431e-03 -6.80089374e-03 7.13254574e+01 7.13254574e+01 1.73372523e+02 2.42587514e+02 3.23648411e+02 3.52389833e-17 4.67111033e-18 1.73786935e-05 2.63660709e-15 6.86372105e-14 2.53713037e-29 7.96174596e-18 5.08383176e-17 9.49271116e-01 3.14458817e-01
1.41741742e-01 -2.06697975e+01 -2.06697975e+01 -2.50725141e-02 -6.80089441e-03 -6.80089407e-03 7.13254574e+01 7.13254574e+01 1.73372523e+02 2.42404274e+02 3.23653640e+02 5.84746422e-17 2.28650459e-17 1.74155910e-05 2.25911111e-15 3.53347095e-14 2.05070294e-33 1.10362444e-17 1.96286780e-16 9.49430657e-01 3.13976796e-01
1.42042042e-01 -2.06697975e+01 -2.06697975e+01 -2.50725142e-02 -6.80089471e-03 -6.80089392e-03 7.13254574e+01 7.13254574e+01 1.73372523e+02 2.42221076e+02 3.23658843e+02 2.78337356e-17 5.88068705e-17 1.74524884e-05 3.45265364e-14 5.97339702e-14 1.71326979e-29 8.38551063e-18 1.07902347e-16 9.49589518e-01 3.13496008e-01
1.42342342e-01 -2.06697975e+01 -2.06697975e+01 -2.50725140e-02 -6.80089429e-03 -6.80089411e-03 7.13254574e+01 7.13254574e+01 1.73372523e+02 2.42037921e+02 3.23664022e+02 4.37810802e-17 3.44003328e-17 1.74893859e-05 4.17629279e-15 3.53161061e-14 2.09189006e-33 1.14707565e-17 1.15224029e-16 9.49747704e-01 3.13016451e-01
1.42642643e-01 -2.06697975e+01 -2.06697975e+01 -2.50725142e-02 -6.80089515e-03 -6.80089321e-03 7.13254574e+01 7.13254574e+01 1.73372523e+02 2.41854811e+02 3.23669177e+02 2.22494479e-17 2.04210653e-17 1.75262833e-05 6.92629957e-14 7.82394097e-16 2.53157381e-29 8.80488256e-18 9.27973490e-17 9.49905218e-01 3.12538121e-01
1.42942943e-01 -2.06697975e+01 -2.06697975e+01 -2.50725142e-02 -6.80089262e-03 -6.80089223e-03 7.13254574e+01 7.13254574e+01 1.73372523e+02 2.41671745e+02 3.23674308e+02 2.89279114e-17 3.43972042e-17 1.75631807e-05 6.93033915e-14 3.90948744e-15 2.53016611e-29 9.01292308e-18 1.32806794e-16 9.50062063e-01 3.12061014e-01
1.43243243e-01 -2.06697975e+01 -2.06697975e+01 -2.50725143e-02 -6.80089427e-03 -6.80089406e-03 7.13254574e+01 7.13254574e+01 1.73372523e+02 2.41488726e+02 3.23679414e+02 3.16736101e-17 6.87799710e-17 1.76000782e-05 3.69878949e-15 3.55857069e-14 2.15295581e-33 1.21143101e-17 8.50677343e-17 9.50218242e-01 3.11585127e-01
1.43543544e-01 -2.06697975e+01 -2.06697975e+01 -2.50725140e-02 -6.80089484e-03 -6.80089225e-03 7.13254574e+01 7.13254574e+01 1.73372523e+02 2.41305753e+02 3.23684497e+02 1.56131821e-17 6.63500183e-17 1.76369756e-05 6.97035687e-14 5.81352943e-16 2.52732888e-29 9.42570732e-18 2.06791456e-16 9.50373760e-01 3.11110456e-01
1.43843844e-01 -2.06697975e+01 -2.06697975e+01 -2.50725140e-02 -6.80089370e-03 -6.80089365e-03 7.13254574e+01 7.13254574e+01 1.73372523e+02 2.41122828e+02 3.23689556e+02 5.71918047e-18 4.44475907e-17 1.76738730e-05 2.08701246e-14 2.92608370e-14 2.54288816e-29 1.25378661e-17 1.87030232e-16 9.50528619e-01 3.10636998e-01
1.44144144e-01 -2.06697975e+01 -2.06697975e+01 -2.50725139e-02 -6.80089426e-03 -6.80089407e-03 7.13254574e+01 7.13254574e+01 1.73372523e+02 2.40939952e+02 3.23694591e+02 3.02339311e-17 3.99599132e-17 1.77107705e-05 4.14993540e-15 3.57666959e-14 2.21316353e-33 1.27479994e-17 9.92972363e-17 9.50682822e-01 3.10164748e-01
1.44444444e-01 -2.06697975e+01 -2.06697975e+01 -2.50725140e-02 -6.80089453e-03 -6.80089395e-03 7.13254574e+01 7.13254574e+01 1.73372523e+02 2.40757125e+02 3.23699603e+02 1.88125234e-17 2.23675510e-17 1.77476679e-05 7.00969514e-14 2.60585100e-15 2.52301944e-29 1.00366371e-17 7.01504236e-17 9.50836374e-01 3.09693704e-01
1.44744745e-01 -2.06697975e+01 -2.06697975e+01 -2.50725141e-02 -6.80089483e-03 -6.80089459e-03 7.13254574e+01 7.13254574e+01 1.73372523e+02 2.40574348e+02 3.23704591e+02 2.27838947e-17 6.01057613e-17 1.77845654e-05 3.26814895e-15 3.60133648e-14 2.53855779e-29 1.31649730e-17 2.22030302e-16 9.50989276e-01 3.09223861e-01
1.45045045e-01 -2.06697975e+01 -2.06697975e+01 -2.50725141e-02 -6.80089442e-03 -6.80089396e-03 7.13254574e+01 7.13254574e+01 1.73372523e+02 2.40391623e+02 3.23709557e+02 3.35565290e-17 2.62830165e-17 1.78214628e-05 1.00966591e-14 6.97136953e-14 2.11261514e-29 1.04384254e-17 3.86492252e-19 9.51141533e-01 3.08755217e-01
1.45345345e-01 -2.06697975e+01 -2.06697975e+01 -2.50725142e-02 -6.80089317e-03 -6.80089286e-03 7.13254574e+01 7.13254574e+01 1.73372523e+02 2.40208950e+02 3.23714499e+02 3.60322293e-17 4.92454735e-17 1.78583602e-05 7.04042269e-14 5.01799209e-15 2.51864718e-29 1.06376685e-17 1.71696083e-16 9.51293147e-01 3.08287768e-01
1.45645646e-01 -2.06697975e+01 -2.06697975e+01 -2.50725142e-02 -6.80089517e-03 -6.80089515e-03 7.13254574e+01 7.13254574e+01 1.73372523e+02 2.40026329e+02 3.23719418e+02 1.69471172e-18 4.37875377e-17 1.78952577e-05 6.13908087e-14 3.51484498e-14 2.13744788e-29 1.08358113e-17 2.93060155e-17 9.51444122e-01 3.07821510e-01
1.45945946e-01 -2.06697975e+01 -2.06697975e+01 -2.50725140e-02 -6.80089449e-03 -6.80089287e-03 7.13254574e+01 7.13254574e+01 1.73372523e+02 2.39843763e+02 3.23724314e+02 2.07570717e-17 2.66661286e-17 1.79321551e-05 7.08693899e-14 9.60116061e-16 2.51569827e-29 1.10328531e-17 7.14597483e-18 9.51594461e-01 3.07356439e-01
1.46246246e-01 -2.06697975e+01 -2.06697975e+01 -2.50725141e-02 -6.80089426e-03 -6.80089279e-03 7.13254574e+01 7.13254574e+01 1.73372523e+02 2.39661251e+02 3.23729188e+02 1.25361122e-17 9.47531881e-18 1.79690526e-05 7.10121663e-14 1.04418577e-15 2.51421377e-29 1.12287959e-17 3.06515543e-16 9.51744168e-01 3.06892553e-01
1.46546547e-01 -2.06697975e+01 -2.06697975e+01 -2.50725143e-02 -6.80089393e-03 -6.80089281e-03 7.13254574e+01 7.13254574e+01 1.73372523e+02 2.39478794e+02 3.23734039e+02 3.68791550e-17 1.60687911e-17 1.80059500e-05 7.11587529e-14 1.42045524e-15 2.51272267e-29 1.14236330e-17 3.21391522e-16 9.51893244e-01 3.06429847e-01
1.46846847e-01 -2.06697975e+01 -2.06697975e+01 -2.50725141e-02 -6.80089648e-03 -6.80089413e-03 7.13254574e+01 7.13254574e+01 1.73372523e+02 2.39296394e+02 3.23738867e+02 3.75716346e-17 8.67980999e-18 1.80428474e-05 6.41560409e-16 7.13133078e-14 2.51122501e-29 1.16173698e-17 1.81519631e-16 9.52041694e-01 3.05968319e-01
1.47147147e-01 -2.06697975e+01 -2.06697975e+01 -2.50725139e-02 -6.80089296e-03 -6.80089236e-03 7.13254574e+01 7.13254574e+01 1.73372523e+02 2.39114051e+02 3.23743674e+02 2.05209525e-17 2.56762140e-17 1.80797449e-05 2.58867586e-15 7.14162395e-14 2.50972087e-29 1.18100026e-17 4.99435548e-18 9.52189521e-01 3.05507964e-01
1.47447447e-01 -2.06697975e+01 -2.06697975e+01 -2.50725139e-02 -6.80089588e-03 -6.80089440e-03 7.13254574e+01 7.13254574e+01 1.73372523e+02 2.38931765e+02 3.23748458e+02 2.23925453e-17 5.61345288e-18 1.81166423e-05 1.04932001e-15 7.15932066e-14 2.50821029e-29 1.20015340e-17 4.93386745e-17 9.52336727e-01 3.05048779e-01
1.47747748e-01 -2.06697975e+01 -2.06697975e+01 -2.50725142e-02 -6.80089588e-03 -6.80089468e-03 7.13254574e+01 7.13254574e+01 1.73372523e+02 2.38749539e+02 3.23753220e+02 4.48608715e-17 4.30577207e-18 1.81535397e-05 7.17355970e-14 1.32189743e-15 2.50669335e-29 1.21919621e-17 1.75168747e-16 9.52483316e-01 3.04590761e-01
1.48048048e-01 -2.06697975e+01 -2.06697975e+01 -2.50725142e-02 -6.80089493e-03 -6.80089256e-03 7.13254574e+01 7.13254574e+01 1.73372523e+02 2.38567372e+02 3.23757960e+02 6.09109785e-17 5.30472034e-17 1.81904372e-05 7.19011322e-14 6.61311873e-16 2.50517009e-29 1.23812887e-17 1.02116963e-16 9.52629291e-01 3.04133906e-01
1.48348348e-01 -2.06697975e+01 -2.06697975e+01 -2.50725141e-02 -6.80089264e-03 -6.80089200e-03 7.13254574e+01 7.13254574e+01 1.73372523e+02 2.38385265e+02 3.23762678e+02 1.02832176e-16 2.92103906e-17 1.82273346e-05 3.70446724e-14 1.20970129e-15 2.52062275e-29 1.55745604e-17 6.59796082e-16 9.52774655e-01 3.03678211e-01
1.48648649e-01 -2.06697975e+01 -2.06697975e+01 -2.50725140e-02 -6.80089609e-03 -6.80089354e-03 7.13254574e+01 7.13254574e+01 1.73372523e+02 2.38203219e+02 3.23767375e+02 2.98230038e-17 1.34986862e-17 1.82642321e-05 7.21871958e-14 6.39144129e-16 2.50210489e-29 1.27566260e-17 1.08124616e-16 9.52919411e-01 3.03223672e-01
1.48948949e-01 -2.06697975e+01 -2.06697975e+01 -2.50725142e-02 -6.80089382e-03 -6.80089219e-03 7.13254574e+01 7.13254574e+01 1.73372523e+02 2.38021236e+02 3.23772050e+02 2.18461681e-17 8.97725711e-17 1.83011295e-05 7.23346564e-14 9.99852039e-16 2.50056305e-29 1.29426401e-17 3.72248239e-16 9.53063562e-01 3.02770286e-01
1.49249249e-01 -2.06697975e+01 -2.06697975e+01 -2.50725142e-02 -6.80089256e-03 -6.80089225e-03 7.13254574e+01 7.13254574e+01 1.73372523e+02 2.37839315e+02 3.23776704e+02 2.50578625e-17 4.84916599e-17 1.83380269e-05 7.23027117e-14 5.06849045e-15 2.49901514e-29 1.31275488e-17 3.67128948e-16 9.53207111e-01 3.02318049e-01
1.49549550e-01 -2.06697975e+01 -2.06697975e+01 -2.50725141e-02 -6.80089276e-03 -6.80089263e-03 7.13254574e+01 7.13254574e+01 1.73372523e+02 2.37657458e+02 3.23781336e+02 2.81280141e-17 1.70337034e-17 1.83749244e-05 7.14542190e-14 1.30202848e-14 2.49746121e-29 1.33113535e-17 8.75570906e-17 9.53350061e-01 3.01866958e-01
1.49849850e-01 -2.06697975e+01 -2.06697975e+01 -2.50725142e-02 -6.80089685e-03 -6.80089525e-03 7.13254574e+01 7.13254574e+01 1.73372523e+02 2.37475665e+02 3.23785947e+02 1.79340634e-17 5.50796063e-18 1.84118218e-05 7.27649938e-14 1.00132238e-15 2.49590133e-29 1.34940527e-17 1.99621195e-16 9.53492415e-01 3.01417010e-01
1.50150150e-01 -2.06697975e+01 -2.06697975e+01 -2.50725142e-02 -6.80089440e-03 -6.80089404e-03 7.13254574e+01 7.13254574e+01 1.73372523e+02 2.37293937e+02 3.23790538e+02 1.26904979e-17 3.77350574e-17 1.84487192e-05 2.27483252e-15 3.74504931e-14 2.59261062e-33 1.67199275e-17 9.79227796e-17 9.53634176e-01 3.00968201e-01
1.50450450e-01 -2.06697975e+01 -2.06697975e+01 -2.50725142e-02 -6.80089515e-03 -6.80089389e-03 7.13254574e+01 7.13254574e+01 1.73372523e+02 2.37112275e+02 3.23795107e+02 1.61883394e-17 2.78945808e-17 1.84856167e-05 2.03015520e-15 3.75566763e-14 2.36177685e-29 1.69069631e-17 3.25460675e-16 9.53775347e-01 3.00520528e-01
1.50750751e-01 -2.06697975e+01 -2.06697975e+01 -2.50725142e-02 -6.80089439e-03 -6.80089407e-03 7.13254574e+01 7.13254574e+01 1.73372523e+02 2.36930680e+02 3.23799655e+02 1.90544952e-17 8.31310544e-17 1.85225141e-05 2.57787173e-15 3.75781699e-14 2.62845595e-33 1.70928959e-17 3.57014123e-17 9.53915930e-01 3.00073987e-01
1.51051051e-01 -2.06697975e+01 -2.06697975e+01 -2.50725142e-02 -6.80089553e-03 -6.80089220e-03 7.13254574e+01 7.13254574e+01 1.73372523e+02 2.36749152e+02 3.23804183e+02 5.70589685e-17 1.82374365e-17 1.85594116e-05 3.77708947e-14 5.87813078e-16 2.38877388e-29 1.72777247e-17 5.33358432e-17 9.54055930e-01 2.99628574e-01
1.51351351e-01 -2.06697975e+01 -2.06697975e+01 -2.50725141e-02 -6.80089425e-03 -6.80089406e-03 7.13254574e+01 7.13254574e+01 1.73372523e+02 2.36567693e+02 3.23808690e+02 1.16846914e-17 1.05745985e-16 1.85963090e-05 4.27512408e-15 3.75772524e-14 2.66391939e-33 1.74614496e-17 9.09496549e-17 9.54195348e-01 2.99184287e-01
1.51651652e-01 -2.06697975e+01 -2.06697975e+01 -2.50725141e-02 -6.80089588e-03 -6.80089537e-03 7.13254574e+01 7.13254574e+01 1.73372523e+02 2.36386302e+02 3.23813176e+02 1.50556305e-17 1.57077759e-17 1.86332064e-05 7.35821402e-14 3.17720215e-15 2.48642003e-29 1.45670150e-17 1.42666431e-16 9.54334187e-01 2.98741123e-01
1.51951952e-01 -2.06697975e+01 -2.06697975e+01 -2.50725140e-02 -6.80089445e-03 -6.80089407e-03 7.13254574e+01 7.13254574e+01 1.73372523e+02 2.36204981e+02 3.23817643e+02 1.98153547e-18 1.60902207e-17 1.86701039e-05 2.17032232e-15 3.79120436e-14 2.69900090e-33 1.78255859e-17 5.00784399e-16 9.54472451e-01 2.98299077e-01
1.52252252e-01 -2.06697975e+01 -2.06697975e+01 -2.50725141e-02 -6.80089442e-03 -6.80089375e-03 7.13254574e+01 7.13254574e+01 1.73372523e+02 2.36023731e+02 3.23822089e+02 1.69830466e-17 1.37253564e-17 1.87070013e-05 9.28687645e-16 3.80716035e-14 2.44344616e-29 1.80059972e-17 7.80777271e-17 9.54610143e-01 2.97858146e-01
1.52552553e-01 -2.06697975e+01 -2.06697975e+01 -2.50725142e-02 -6.80089523e-03 -6.80089266e-03 7.13254574e+01 7.13254574e+01 1.73372523e+02 2.35842552e+02 3.23826514e+02 4.70290533e-18 1.47598686e-17 1.87438988e-05 7.40845958e-14 6.26487975e-16 2.48160350e-29 1.50885487e-17 6.99711355e-17 9.54747264e-01 2.97418327e-01
1.52852853e-01 -2.06697975e+01 -2.06697975e+01 -2.50725144e-02 -6.80089663e-03 -6.80089238e-03 7.13254574e+01 7.13254574e+01 1.73372523e+02 2.35661445e+02 3.23830920e+02 3.78667555e-17 4.83850484e-17 1.87807962e-05 1.35170523e-15 7.42130108e-14 2.45236372e-29 1.52601769e-17 1.83074680e-17 9.54883818e-01 2.96979617e-01
1.53153153e-01 -2.06697975e+01 -2.06697975e+01 -2.50725139e-02 -6.80089440e-03 -6.80089406e-03 7.13254574e+01 7.13254574e+01 1.73372523e+02 2.35480410e+02 3.23835306e+02 6.33718639e-17 4.52418221e-17 1.88176936e-05 2.44977231e-15 3.81941772e-14 2.76801792e-33 1.85405954e-17 3.69930655e-16 9.55019808e-01 2.96542013e-01
1.53453453e-01 -2.06697975e+01 -2.06697975e+01 -2.50725143e-02 -6.80089516e-03 -6.80089271e-03 7.13254574e+01 7.13254574e+01 1.73372523e+02 2.35299449e+02 3.23839672e+02 1.21080154e-17 3.74272128e-18 1.88545911e-05 6.76838653e-17 3.83095535e-14 2.49903161e-29 1.87165844e-17 8.29320415e-17 9.55155237e-01 2.96105510e-01
1.53753754e-01 -2.06697975e+01 -2.06697975e+01 -2.50725141e-02 -6.80089468e-03 -6.80089318e-03 7.13254574e+01 7.13254574e+01 1.73372523e+02 2.35118563e+02 3.23844019e+02 3.78302077e-17 6.24931897e-18 1.88914885e-05 1.10440315e-15 7.46694542e-14 2.47510614e-29 1.57684040e-17 4.98295311e-16 9.55290107e-01 2.95670106e-01
1.54054054e-01 -2.06697975e+01 -2.06697975e+01 -2.50725142e-02 -6.80089521e-03 -6.80089447e-03 7.13254574e+01 7.13254574e+01 1.73372523e+02 2.34937751e+02 3.23848346e+02 2.61306544e-18 7.61959200e-17 1.89283859e-05 2.89826609e-15 7.47550079e-14 2.50797815e-29 1.59355928e-17 2.98545542e-19 9.55424421e-01 2.95235797e-01
1.54354354e-01 -2.06697975e+01 -2.06697975e+01 -2.50725142e-02 -6.80089440e-03 -6.80089406e-03 7.13254574e+01 7.13254574e+01 1.73372523e+02 2.34757014e+02 3.23852653e+02 2.20413852e-17 2.17078896e-17 1.89652834e-05 2.47454094e-15 3.85002729e-14 2.83550663e-33 1.92379022e-17 1.98211789e-16 9.55558181e-01 2.94802580e-01
1.54654655e-01 -2.06697975e+01 -2.06697975e+01 -2.50725143e-02 -6.80089452e-03 -6.80089290e-03 7.13254574e+01 7.13254574e+01 1.73372523e+02 2.34576354e+02 3.23856941e+02 2.53938490e-17 3.66872437e-17 1.90021808e-05 7.50968517e-14 1.00991292e-15 2.47017851e-29 1.62666417e-17 4.78368767e-16 9.55691392e-01 2.94370452e-01
1.54954955e-01 -2.06697975e+01 -2.06697975e+01 -2.50725140e-02 -6.80089568e-03 -6.80089205e-03 7.13254574e+01 7.13254574e+01 1.73372523e+02 2.34395771e+02 3.23861210e+02 7.95970580e-18 5.22155854e-17 1.90390783e-05 7.52569856e-14 4.07695806e-16 2.46852585e-29 1.64304972e-17 3.80620383e-16 9.55824054e-01 2.93939410e-01
1.55255255e-01 -2.06697975e+01 -2.06697975e+01 -2.50725141e-02 -6.80089478e-03 -6.80089369e-03 7.13254574e+01 7.13254574e+01 1.73372523e+02 2.34215266e+02 3.23865459e+02 2.49021541e-17 1.18745463e-18 1.90759757e-05 7.53841094e-14 1.48491312e-15 2.46686823e-29 1.65932443e-17 3.86432388e-16 9.55956172e-01 2.93509449e-01
1.55555556e-01 -2.06697975e+01 -2.06697975e+01 -2.50725143e-02 -6.80089443e-03 -6.80089277e-03 7.13254574e+01 7.13254574e+01 1.73372523e+02 2.34034840e+02 3.23869690e+02 1.49431646e-17 9.29917729e-19 1.91128731e-05 1.01741264e-15 7.55493002e-14 2.46520568e-29 1.67548764e-17 2.90530602e-17 9.56087747e-01 2.93080568e-01
1.55855856e-01 -2.06697975e+01 -2.06697975e+01 -2.50725142e-02 -6.80089336e-03 -6.80089157e-03 7.13254574e+01 7.13254574e+01 1.73372523e+02 2.33854492e+02 3.23873902e+02 3.81374261e-17 2.85221276e-17 1.91497706e-05 3.89469833e-14 4.66471017e-16 2.48047081e-29 2.00846058e-17 3.44050223e-17 9.56218783e-01 2.92652762e-01
1.56156156e-01 -2.06697975e+01 -2.06697975e+01 -2.50725141e-02 -6.80089531e-03 -6.80089260e-03 7.13254574e+01 7.13254574e+01 1.73372523e+02 2.33674224e+02 3.23878095e+02 5.65376731e-18 2.97102227e-18 1.91866680e-05 7.58365184e-14 6.57912381e-16 2.46186605e-29 1.70748054e-17 1.65309782e-16 9.56349281e-01 2.92226028e-01
1.56456456e-01 -2.06697975e+01 -2.06697975e+01 -2.50725140e-02 -6.80089440e-03 -6.80089407e-03 7.13254574e+01 7.13254574e+01 1.73372523e+02 2.33494037e+02 3.23882269e+02 9.37946523e-17 3.60110014e-17 1.92235654e-05 2.58224393e-15 3.90104652e-14 2.94993317e-33 2.04155231e-17 9.03271713e-18 9.56479246e-01 2.91800363e-01
1.56756757e-01 -2.06697975e+01 -2.06697975e+01 -2.50725142e-02 -6.80089602e-03 -6.80089163e-03 7.13254574e+01 7.13254574e+01 1.73372523e+02 2.33313931e+02 3.23886425e+02 1.47683610e-17 9.08975868e-17 1.92604629e-05 7.61296548e-14 3.51466734e-16 2.45850736e-29 1.73902824e-17 3.78455182e-17 9.56608678e-01 2.91375765e-01
1.57057057e-01 -2.06697975e+01 -2.06697975e+01 -2.50725140e-02 -6.80089470e-03 -6.80089294e-03 7.13254574e+01 7.13254574e+01 1.73372523e+02 2.33133907e+02 3.23890562e+02 4.48363031e-17 3.50525052e-18 1.92973603e-05 3.92526550e-14 1.11399271e-15 2.67137514e-29 2.07419993e-17 3.27019410e-17 9.56737582e-01 2.90952228e-01
1.57357357e-01 -2.06697975e+01 -2.06697975e+01 -2.50725143e-02 -6.80089564e-03 -6.80089299e-03 7.13254574e+01 7.13254574e+01 1.73372523e+02 2.32953965e+02 3.23894680e+02 6.90086083e-18 3.97248389e-17 1.93342578e-05 7.64260183e-14 6.29811214e-16 2.45513004e-29 1.77013042e-17 2.14891888e-16 9.56865959e-01 2.90529751e-01
1.57657658e-01 -2.06697975e+01 -2.06697975e+01 -2.50725141e-02 -6.80089439e-03 -6.80089428e-03 7.13254574e+01 7.13254574e+01 1.73372523e+02 2.32774107e+02 3.23898781e+02 3.17524977e-17 9.99931397e-17 1.93711552e-05 3.42593751e-28 2.01176415e-28 3.51131411e-45 6.48321993e-28 1.61674548e-16 9.56993812e-01 2.90108331e-01
1.57957958e-01 -2.06697975e+01 -2.06697975e+01 -2.50725140e-02 -6.80089464e-03 -6.80089380e-03 7.13254574e+01 7.13254574e+01 1.73372523e+02 2.32594333e+02 3.23902863e+02 5.98125928e-18 3.88241943e-17 1.94080526e-05 7.66952272e-14 1.98299427e-15 2.45173448e-29 1.80078690e-17 1.30418491e-16 9.57121144e-01 2.89687963e-01
1.58258258e-01 -2.06697975e+01 -2.06697975e+01 -2.50725141e-02 -6.80089591e-03 -6.80089398e-03 7.13254574e+01 7.13254574e+01 1.73372523e+02 2.32414643e+02 3.23906927e+02 3.65300682e-17 1.24222689e-17 1.94449501e-05 3.95505950e-14 4.48513791e-16 2.46693738e-29 2.13816116e-17 2.60332818e-16 9.57247957e-01 2.89268645e-01
1.58558559e-01 -2.06697975e+01 -2.06697975e+01 -2.50725143e-02 -6.80089607e-03 -6.80089406e-03 7.13254574e+01 7.13254574e+01 1.73372523e+02 2.32235039e+02 3.23910973e+02 9.16579809e-19 3.01917796e-17 1.94818475e-05 7.70066054e-14 7.83511061e-16 2.44832109e-29 1.83099692e-17 4.93064150e-16 9.57374254e-01 2.88850373e-01
1.58858859e-01 -2.06697975e+01 -2.06697975e+01 -2.50725143e-02 -6.80089439e-03 -6.80089428e-03 7.13254574e+01 7.13254574e+01 1.73372523e+02 2.32055520e+02 3.23915001e+02 2.30094235e-17 1.26607167e-17 1.95187450e-05 3.41635608e-28 2.00613779e-28 3.51660845e-45 6.46508811e-28 1.29059557e-16 9.57500037e-01 2.88433145e-01
1.59159159e-01 -2.06697975e+01 -2.06697975e+01 -2.50725141e-02 -6.80089393e-03 -6.80089247e-03 7.13254574e+01 7.13254574e+01 1.73372523e+02 2.31876088e+02 3.23919012e+02 2.63042679e-18 4.11927594e-17 1.95556424e-05 1.17691648e-15 7.72951312e-14 2.44489026e-29 1.86076061e-17 3.12107180e-17 9.57625309e-01 2.88016957e-01
1.59459459e-01 -2.06697975e+01 -2.06697975e+01 -2.50725143e-02 -6.80089387e-03 -6.80089307e-03 7.13254574e+01 7.13254574e+01 1.73372523e+02 2.31696743e+02 3.23923004e+02 5.32137163e-17 1.40225303e-17 1.95925398e-05 7.74204811e-14 2.14609500e-15 2.44316843e-29 1.87547511e-17 1.78471390e-16 9.57750072e-01 2.87601806e-01
1.59759760e-01 -2.06697975e+01 -2.06697975e+01 -2.50725142e-02 -6.80089439e-03 -6.80089428e-03 7.13254574e+01 7.13254574e+01 1.73372523e+02 2.31517486e+02 3.23926979e+02 1.77574373e-17 1.75431791e-17 1.96294373e-05 3.40904229e-28 2.00184302e-28 3.52043138e-45 6.45124754e-28 9.75165252e-17 9.57874329e-01 2.87187689e-01
1.60060060e-01 -2.06697975e+01 -2.06697975e+01 -2.50725142e-02 -6.80089494e-03 -6.80089442e-03 7.13254574e+01 7.13254574e+01 1.73372523e+02 2.31338317e+02 3.23930937e+02 3.71110552e-17 7.93877227e-17 1.96663347e-05 3.98446317e-14 3.76241972e-15 2.82156045e-29 2.23076417e-17 5.78682329e-17 9.57998083e-01 2.86774602e-01
1.60360360e-01 -2.06697975e+01 -2.06697975e+01 -2.50725142e-02 -6.80089439e-03 -6.80089428e-03 7.13254574e+01 7.13254574e+01 1.73372523e+02 2.31159238e+02 3.23934877e+02 7.69889181e-17 1.38403653e-16 1.97032321e-05 3.40410729e-28 1.99894511e-28 3.52291040e-45 6.44190858e-28 6.72305957e-17 9.58121335e-01 2.86362544e-01
1.60660661e-01 -2.06697975e+01 -2.06697975e+01 -2.50725142e-02 -6.80089470e-03 -6.80089405e-03 7.13254574e+01 7.13254574e+01 1.73372523e+02 2.30980248e+02 3.23938800e+02 1.34893756e-17 1.55991451e-17 1.97401296e-05 7.79863261e-14 2.64548162e-15 2.43623945e-29 1.93321445e-17 2.87282187e-16 9.58244089e-01 2.85951509e-01
1.60960961e-01 -2.06697975e+01 -2.06697975e+01 -2.50725143e-02 -6.80089434e-03 -6.80089408e-03 7.13254574e+01 7.13254574e+01 1.73372523e+02 2.30801349e+02 3.23942706e+02 1.84232254e-17 9.99858639e-18 1.97770270e-05 3.37773702e-15 4.00869815e-14 3.17935776e-33 2.27556080e-17 1.71436782e-16 9.58366346e-01 2.85541496e-01
1.61261261e-01 -2.06697975e+01 -2.06697975e+01 -2.50725144e-02 -6.80089480e-03 -6.80089367e-03 7.13254574e+01 7.13254574e+01 1.73372523e+02 2.30622540e+02 3.23946594e+02 3.96495566e-18 2.85723833e-17 1.98139245e-05 4.03198954e-14 8.20627679e-16 2.88334826e-29 2.29026981e-17 9.84315921e-17 9.58488110e-01 2.85132501e-01
1.61561562e-01 -2.06697975e+01 -2.06697975e+01 -2.50725144e-02 -6.80089439e-03 -6.80089428e-03 7.13254574e+01 7.13254574e+01 1.73372523e+02 2.30443824e+02 3.23950466e+02 6.98507717e-17 1.74087986e-17 1.98508219e-05 3.39409933e-28 1.99306828e-28 3.52770330e-45 6.42296959e-28 6.70608242e-17 9.58609382e-01 2.84724521e-01
1.61861862e-01 -2.06697975e+01 -2.06697975e+01 -2.50725141e-02 -6.80089507e-03 -6.80089247e-03 7.13254574e+01 7.13254574e+01 1.73372523e+02 2.30265199e+02 3.23954320e+02 8.62195257e-18 6.45207802e-17 1.98877193e-05 7.86144656e-14 6.55715054e-16 2.42924612e-29 1.98916362e-17 3.51280573e-16 9.58730165e-01 2.84317553e-01
1.62162162e-01 -2.06697975e+01 -2.06697975e+01 -2.50725142e-02 -6.80089640e-03 -6.80089107e-03 7.13254574e+01 7.13254574e+01 1.73372523e+02 2.30086667e+02 3.23958158e+02 1.67098433e-18 4.13904848e-17 1.99246168e-05 7.87597551e-14 3.73188167e-16 2.42748808e-29 2.00287075e-17 5.47827804e-17 9.58850461e-01 2.83911593e-01
1.62462462e-01 -2.06697975e+01 -2.06697975e+01 -2.50725143e-02 -6.80089444e-03 -6.80089410e-03 7.13254574e+01 7.13254574e+01 1.73372523e+02 2.29908229e+02 3.23961979e+02 2.84339890e-17 2.03835222e-17 1.99615142e-05 2.61906876e-15 4.05337553e-14 3.25104926e-33 2.34798879e-17 8.24889690e-18 9.58970273e-01 2.83506640e-01
1.62762763e-01 -2.06697975e+01 -2.06697975e+01 -2.50725140e-02 -6.80089433e-03 -6.80089416e-03 7.13254574e+01 7.13254574e+01 1.73372523e+02 2.29729885e+02 3.23965783e+02 3.84187579e-17 8.77192176e-17 1.99984117e-05 4.03496653e-14 5.17594262e-15 2.44080998e-29 2.36213894e-17 6.35237001e-17 9.59089603e-01 2.83102689e-01
1.63063063e-01 -2.06697975e+01 -2.06697975e+01 -2.50725141e-02 -6.80089474e-03 -6.80089321e-03 7.13254574e+01 7.13254574e+01 1.73372523e+02 2.29551635e+02 3.23969571e+02 2.89663703e-18 1.02129769e-17 2.00353091e-05 7.91911051e-14 1.15717022e-15 2.42219143e-29 2.04331941e-17 3.33819681e-16 9.59208454e-01 2.82699738e-01
1.63363363e-01 -2.06697975e+01 -2.06697975e+01 -2.50725141e-02 -6.80089483e-03 -6.80089455e-03 7.13254574e+01 7.13254574e+01 1.73372523e+02 2.29373481e+02 3.23973342e+02 2.97313320e-17 2.62014223e-18 2.00722065e-05 7.91214726e-14 6.05394891e-15 2.42041851e-29 2.05657784e-17 3.78952368e-16 9.59326827e-01 2.82297783e-01
1.63663664e-01 -2.06697975e+01 -2.06697975e+01 -2.50725142e-02 -6.80089438e-03 -6.80089406e-03 7.13254574e+01 7.13254574e+01 1.73372523e+02 2.29195422e+02 3.23977097e+02 6.03602116e-18 4.41591372e-17 2.01091040e-05 2.82933666e-15 4.08016009e-14 3.30667944e-33 2.40391834e-17 5.41024797e-17 9.59444725e-01 2.81896822e-01
1.63963964e-01 -2.06697975e+01 -2.06697975e+01 -2.50725141e-02 -6.80089612e-03 -6.80089508e-03 7.13254574e+01 7.13254574e+01 1.73372523e+02 2.29017460e+02 3.23980836e+02 5.67295795e-17 2.86660000e-18 2.01460014e-05 8.47814291e-16 4.09729764e-14 2.43369344e-29 2.41762099e-17 6.28082401e-17 9.59562151e-01 2.81496852e-01
1.64264264e-01 -2.06697975e+01 -2.06697975e+01 -2.50725141e-02 -6.80089559e-03 -6.80089307e-03 7.13254574e+01 7.13254574e+01 1.73372523e+02 2.28839595e+02 3.23984558e+02 1.46295500e-17 4.45077147e-17 2.01828988e-05 6.48531735e-16 7.97797601e-14 2.41507831e-29 2.09567943e-17 2.15032114e-17 9.59679107e-01 2.81097869e-01
1.64564565e-01 -2.06697975e+01 -2.06697975e+01 -2.50725138e-02 -6.80089411e-03 -6.80089336e-03 7.13254574e+01 7.13254574e+01 1.73372523e+02 2.28661827e+02 3.23988264e+02 2.83681598e-17 5.06691687e-17 2.02197963e-05 1.16759610e-15 4.11171619e-14 2.43011354e-29 2.44468957e-17 5.06789736e-16 9.59795594e-01 2.80699870e-01
1.64864865e-01 -2.06697975e+01 -2.06697975e+01 -2.50725144e-02 -6.80089439e-03 -6.80089428e-03 7.13254574e+01 7.13254574e+01 1.73372523e+02 2.28484158e+02 3.23991955e+02 3.93236135e-17 1.78562947e-16 2.02566937e-05 3.36567937e-28 1.97637963e-28 3.53977286e-45 6.36918786e-28 9.34782765e-17 9.59911616e-01 2.80302853e-01
1.65165165e-01 -2.06697975e+01 -2.06697975e+01 -2.50725142e-02 -6.80089515e-03 -6.80089327e-03 7.13254574e+01 7.13254574e+01 1.73372523e+02 2.28306587e+02 3.23995629e+02 4.22900090e-18 8.03604280e-18 2.02935912e-05 9.53454678e-16 4.13013527e-14 3.09109932e-29 2.47130971e-17 1.27491846e-16 9.60027174e-01 2.79906814e-01
1.65465465e-01 -2.06697975e+01 -2.06697975e+01 -2.50725142e-02 -6.80089409e-03 -6.80089103e-03 7.13254574e+01 7.13254574e+01 1.73372523e+02 2.28129115e+02 3.23999287e+02 6.17540884e-18 3.97409195e-17 2.03304886e-05 5.92225779e-16 8.03728694e-14 2.40790962e-29 2.14624079e-17 5.89991250e-17 9.60142271e-01 2.79511750e-01
1.65765766e-01 -2.06697975e+01 -2.06697975e+01 -2.50725141e-02 -6.80089484e-03 -6.80089168e-03 7.13254574e+01 7.13254574e+01 1.73372523e+02 2.27951743e+02 3.24002930e+02 1.20377280e-18 6.61974272e-17 2.03673860e-05 8.05119394e-14 5.20490090e-16 2.40610910e-29 2.15859957e-17 6.66931796e-16 9.60256909e-01 2.79117659e-01
1.66066066e-01 -2.06697975e+01 -2.06697975e+01 -2.50725142e-02 -6.80089497e-03 -6.80089331e-03 7.13254574e+01 7.13254574e+01 1.73372523e+02 2.27774472e+02 3.24006557e+02 1.46198353e-17 8.14466710e-18 2.04042835e-05 8.06543299e-14 1.04188681e-15 2.40430532e-29 2.17084588e-17 9.70535403e-17 9.60371091e-01 2.78724537e-01
1.66366366e-01 -2.06697975e+01 -2.06697975e+01 -2.50725142e-02 -6.80089502e-03 -6.80089255e-03 7.13254574e+01 7.13254574e+01 1.73372523e+02 2.27597301e+02 3.24010168e+02 3.52406357e-17 3.01470303e-17 2.04411809e-05 6.11904402e-14 5.67211283e-16 2.41089498e-29 2.35309133e-17 1.14997339e-16 9.60484817e-01 2.78332382e-01
1.66666667e-01 -2.06697975e+01 -2.06697975e+01 -2.50725143e-02 -6.80089405e-03 -6.80089209e-03 7.13254574e+01 7.13254574e+01 1.73372523e+02 2.27420232e+02 3.24013764e+02 1.25962373e-17 2.74072871e-17 2.04780783e-05 8.09538268e-14 8.25422133e-16 2.40068816e-29 2.19500015e-17 1.23254729e-16 9.60598092e-01 2.77941190e-01
1.66966967e-01 -2.06697975e+01 -2.06697975e+01 -2.50725140e-02 -6.80089258e-03 -6.80089169e-03 7.13254574e+01 7.13254574e+01 1.73372523e+02 2.27243265e+02 3.24017345e+02 5.66683306e-17 6.28626872e-17 2.05149758e-05 1.03968031e-15 4.17233048e-14 2.41565808e-29 2.54847549e-17 2.08635553e-16 9.60710916e-01 2.77550959e-01
1.67267267e-01 -2.06697975e+01 -2.06697975e+01 -2.50725142e-02 -6.80089312e-03 -6.80089258e-03 7.13254574e+01 7.13254574e+01 1.73372523e+02 2.27066401e+02 3.24020910e+02 4.40630147e-17 5.40807932e-18 2.05518732e-05 1.72500765e-15 4.17765632e-14 2.41383658e-29 2.56094309e-17 2.35577306e-16 9.60823293e-01 2.77161686e-01
1.67567568e-01 -2.06697975e+01 -2.06697975e+01 -2.50725141e-02 -6.80089563e-03 -6.80089204e-03 7.13254574e+01 7.13254574e+01 1.73372523e+02 2.26889640e+02 3.24024459e+02 4.55548356e-18 1.12124752e-16 2.05887707e-05 8.13864133e-14 4.55760343e-16 2.39523908e-29 2.23038589e-17 8.15307024e-17 9.60935223e-01 2.76773366e-01
1.67867868e-01 -2.06697975e+01 -2.06697975e+01 -2.50725141e-02 -6.80089363e-03 -6.80089296e-03 7.13254574e+01 7.13254574e+01 1.73372523e+02 2.26712982e+02 3.24027994e+02 9.56818125e-18 1.21331100e-17 2.06256681e-05 4.19363024e-14 1.34867900e-15 2.41018432e-29 2.58554019e-17 5.38364904e-17 9.61046710e-01 2.76385999e-01
1.68168168e-01 -2.06697975e+01 -2.06697975e+01 -2.50725141e-02 -6.80089440e-03 -6.80089435e-03 7.13254574e+01 7.13254574e+01 1.73372523e+02 2.26536428e+02 3.24031514e+02 3.81971970e-17 1.82997957e-18 2.06625655e-05 3.52023672e-14 2.29799931e-14 2.40835366e-29 2.59767013e-17 3.64716067e-16 9.61157756e-01 2.75999581e-01
1.68468468e-01 -2.06697975e+01 -2.06697975e+01 -2.50725143e-02 -6.80089479e-03 -6.80089258e-03 7.13254574e+01 7.13254574e+01 1.73372523e+02 2.26359979e+02 3.24035018e+02 1.57731041e-17 3.34412301e-17 2.06994630e-05 8.80179562e-16 8.18315581e-14 2.38976297e-29 2.26475530e-17 4.20614472e-16 9.61268362e-01 2.75614108e-01
1.68768769e-01 -2.06697975e+01 -2.06697975e+01 -2.50725144e-02 -6.80089504e-03 -6.80089364e-03 7.13254574e+01 7.13254574e+01 1.73372523e+02 2.26183636e+02 3.24038508e+02 2.04387937e-17 5.23681257e-17 2.07363604e-05 8.19617201e-14 1.34818161e-15 2.38793179e-29 2.27598563e-17 4.45503284e-16 9.61378530e-01 2.75229578e-01
1.69069069e-01 -2.06697975e+01 -2.06697975e+01 -2.50725141e-02 -6.80089439e-03 -6.80089384e-03 7.13254574e+01 7.13254574e+01 1.73372523e+02 2.26007398e+02 3.24041982e+02 1.64701118e-17 9.08664405e-18 2.07732578e-05 8.20558588e-14 3.25616920e-15 2.38609777e-29 2.28710296e-17 8.79437680e-17 9.61488264e-01 2.74845989e-01
1.69369369e-01 -2.06697975e+01 -2.06697975e+01 -2.50725140e-02 -6.80089315e-03 -6.80089168e-03 7.13254574e+01 7.13254574e+01 1.73372523e+02 2.25831266e+02 3.24045442e+02 5.29351731e-17 4.79859175e-17 2.08101553e-05 1.20743140e-15 8.22679741e-14 2.38426095e-29 2.29810714e-17 4.03521198e-16 9.61597565e-01 2.74463336e-01
1.69669670e-01 -2.06697975e+01 -2.06697975e+01 -2.50725143e-02 -6.80089438e-03 -6.80089294e-03 7.13254574e+01 7.13254574e+01 1.73372523e+02 2.25655241e+02 3.24048887e+02 9.83904826e-18 1.42373750e-17 2.08470527e-05 1.18961120e-15 8.24039261e-14 2.38242137e-29 2.30899819e-17 1.45632560e-17 9.61706434e-01 2.74081618e-01
1.69969970e-01 -2.06697975e+01 -2.06697975e+01 -2.50725140e-02 -6.80089455e-03 -6.80089232e-03 7.13254574e+01 7.13254574e+01 1.73372523e+02 2.25479324e+02 3.24052318e+02 3.75556182e-17 1.33674039e-17 2.08839502e-05 8.25582202e-14 7.90834667e-16 2.38057908e-29 2.31977590e-17 2.83107530e-17 9.61814875e-01 2.73700832e-01
1.70270270e-01 -2.06697975e+01 -2.06697975e+01 -2.50725143e-02 -6.80089402e-03 -6.80089172e-03 7.13254574e+01 7.13254574e+01 1.73372523e+02 2.25303514e+02 3.24055734e+02 5.57737564e-18 4.15426938e-18 2.09208476e-05 8.27046926e-14 8.12862253e-16 2.37873410e-29 2.33044028e-17 1.91637351e-16 9.61922889e-01 2.73320973e-01
1.70570571e-01 -2.06697975e+01 -2.06697975e+01 -2.50725139e-02 -6.80089254e-03 -6.80089186e-03 7.13254574e+01 7.13254574e+01 1.73372523e+02 2.25127812e+02 3.24059135e+02 1.03208019e-18 3.23152365e-17 2.09577450e-05 8.28099672e-14 2.69157647e-15 2.37688649e-29 2.34099119e-17 2.63221897e-16 9.62030479e-01 2.72942041e-01
1.70870871e-01 -2.06697975e+01 -2.06697975e+01 -2.50725140e-02 -6.80089570e-03 -6.80089280e-03 7.13254574e+01 7.13254574e+01 1.73372523e+02 2.24952219e+02 3.24062522e+02 4.46670540e-17 9.58391180e-18 2.09946425e-05 8.29938412e-14 6.08861692e-16 2.37503627e-29 2.35142896e-17 8.10624315e-17 9.62137645e-01 2.72564032e-01
1.71171171e-01 -2.06697975e+01 -2.06697975e+01 -2.50725141e-02 -6.80089213e-03 -6.80089149e-03 7.13254574e+01 7.13254574e+01 1.73372523e+02 2.24776736e+02 3.24065895e+02 2.72052241e-17 6.51942413e-17 2.10315399e-05 2.81127467e-15 8.31033764e-14 2.37318350e-29 2.36175314e-17 5.96148040e-16 9.62244391e-01 2.72186942e-01
1.71471471e-01 -2.06697975e+01 -2.06697975e+01 -2.50725141e-02 -6.80089484e-03 -6.80089398e-03 7.13254574e+01 7.13254574e+01 1.73372523e+02 2.24601362e+02 3.24069254e+02 3.67726299e-17 8.03395829e-19 2.10684374e-05 8.32677468e-14 2.05604168e-15 2.37132819e-29 2.37196364e-17 2.03792565e-16 9.62350718e-01 2.71810770e-01
1.71771772e-01 -2.06697975e+01 -2.06697975e+01 -2.50725141e-02 -6.80089389e-03 -6.80089250e-03 7.13254574e+01 7.13254574e+01 1.73372523e+02 2.24426098e+02 3.24072598e+02 6.26711231e-17 1.38903691e-17 2.11053348e-05 4.29358147e-14 6.74587766e-16 2.38616548e-29 2.73442420e-17 4.20409654e-16 9.62456629e-01 2.71435512e-01
1.72072072e-01 -2.06697975e+01 -2.06697975e+01 -2.50725142e-02 -6.80089458e-03 -6.80089421e-03 7.13254574e+01 7.13254574e+01 1.73372523e+02 2.24250945e+02 3.24075929e+02 1.44803974e-17 5.11938840e-19 2.11422322e-05 4.98904869e-15 8.34300942e-14 2.36761018e-29 2.39204432e-17 4.43420542e-16 9.62562125e-01 2.71061166e-01
1.72372372e-01 -2.06697975e+01 -2.06697975e+01 -2.50725142e-02 -6.80089661e-03 -6.80089371e-03 7.13254574e+01 7.13254574e+01 1.73372523e+02 2.24075903e+02 3.24079245e+02 3.64749145e-17 2.73656686e-17 2.11791297e-05 6.34036300e-14 3.82175301e-16 2.37408912e-29 2.57877372e-17 1.72957564e-16 9.62667208e-01 2.70687728e-01
1.72672673e-01 -2.06697975e+01 -2.06697975e+01 -2.50725146e-02 -6.80089419e-03 -6.80089368e-03 7.13254574e+01 7.13254574e+01 1.73372523e+02 2.23900973e+02 3.24082547e+02 3.40567664e-17 3.20497186e-17 2.12160271e-05 4.31241843e-14 1.86029996e-15 2.38055968e-29 2.76606771e-17 1.18070052e-16 9.62771881e-01 2.70315196e-01
1.72972973e-01 -2.06697975e+01 -2.06697975e+01 -2.50725143e-02 -6.80089516e-03 -6.80089251e-03 7.13254574e+01 7.13254574e+01 1.73372523e+02 2.23726155e+02 3.24085836e+02 5.32666135e-17 6.89242338e-17 2.12529245e-05 8.89473143e-16 8.40054773e-14 3.51278470e-29 2.42131298e-17 8.29214172e-17 9.62876145e-01 2.69943568e-01
1.73273273e-01 -2.06697975e+01 -2.06697975e+01 -2.50725140e-02 -6.80089171e-03 -6.80089155e-03 7.13254574e+01 7.13254574e+01 1.73372523e+02 2.23551449e+02 3.24089111e+02 6.26963171e-17 8.55079503e-18 2.12898220e-05 8.33543748e-14 1.17152424e-14 2.36014553e-29 2.43084147e-17 6.09109664e-17 9.62980002e-01 2.69572840e-01
1.73573574e-01 -2.06697975e+01 -2.06697975e+01 -2.50725141e-02 -6.80089271e-03 -6.80089225e-03 7.13254574e+01 7.13254574e+01 1.73372523e+02 2.23376857e+02 3.24092372e+02 1.04459525e-18 3.49571494e-17 2.13267194e-05 3.92093236e-15 8.42194837e-14 2.35827362e-29 2.44025640e-17 8.60968762e-17 9.63083454e-01 2.69203010e-01
1.73873874e-01 -2.06697975e+01 -2.06697975e+01 -2.50725142e-02 -6.80089425e-03 -6.80089316e-03 7.13254574e+01 7.13254574e+01 1.73372523e+02 2.23202378e+02 3.24095619e+02 3.72242105e-18 7.12605136e-18 2.13636169e-05 6.39680999e-14 2.19909848e-16 3.58080895e-29 2.62811415e-17 7.56996326e-17 9.63186503e-01 2.68834074e-01
1.74174174e-01 -2.06697975e+01 -2.06697975e+01 -2.50725140e-02 -6.80089769e-03 -6.80089318e-03 7.13254574e+01 7.13254574e+01 1.73372523e+02 2.23028013e+02 3.24098853e+02 1.34707996e-17 1.66910740e-17 2.14005143e-05 8.46013400e-14 4.27576819e-16 2.35452318e-29 2.45874403e-17 1.53311858e-16 9.63289152e-01 2.68466031e-01
1.74474474e-01 -2.06697975e+01 -2.06697975e+01 -2.50725141e-02 -6.80089447e-03 -6.80089412e-03 7.13254574e+01 7.13254574e+01 1.73372523e+02 2.22853762e+02 3.24102073e+02 5.95637652e-17 1.86901507e-17 2.14374117e-05 4.35720561e-14 1.74184119e-15 3.63136171e-29 2.82629137e-17 3.09499554e-17 9.63391401e-01 2.68098877e-01
1.74774775e-01 -2.06697975e+01 -2.06697975e+01 -2.50725141e-02 -6.80089398e-03 -6.80089343e-03 7.13254574e+01 7.13254574e+01 1.73372523e+02 2.22679626e+02 3.24105280e+02 3.33873366e-17 1.01306284e-16 2.14743092e-05 1.78362616e-15 4.36491169e-14 2.36739790e-29 2.83593103e-17 1.70483136e-16 9.63493253e-01 2.67732610e-01
1.75075075e-01 -2.06697975e+01 -2.06697975e+01 -2.50725142e-02 -6.80089434e-03 -6.80089348e-03 7.13254574e+01 7.13254574e+01 1.73372523e+02 2.22505606e+02 3.24108473e+02 5.02678567e-19 3.75146910e-17 2.15112066e-05 1.08520733e-15 4.37550169e-14 2.36550887e-29 2.84545684e-17 2.34980429e-16 9.63594710e-01 2.67367226e-01
1.75375375e-01 -2.06697975e+01 -2.06697975e+01 -2.50725140e-02 -6.80089548e-03 -6.80089368e-03 7.13254574e+01 7.13254574e+01 1.73372523e+02 2.22331701e+02 3.24111654e+02 8.33759809e-18 1.77877206e-17 2.15481040e-05 4.38230617e-14 1.30268644e-15 3.68715187e-29 2.85486889e-17 1.78318961e-16 9.63695774e-01 2.67002724e-01
1.75675676e-01 -2.06697975e+01 -2.06697975e+01 -2.50725145e-02 -6.80089439e-03 -6.80089428e-03 7.13254574e+01 7.13254574e+01 1.73372523e+02 2.22157913e+02 3.24114821e+02 5.10881894e-17 7.15932734e-18 2.15850015e-05 3.26490979e-28 1.91720616e-28 3.56861447e-45 6.17849222e-28 4.16584204e-17 9.63796446e-01 2.66639100e-01
1.75975976e-01 -2.06697975e+01 -2.06697975e+01 -2.50725141e-02 -6.80089523e-03 -6.80089442e-03 7.13254574e+01 7.13254574e+01 1.73372523e+02 2.21984241e+02 3.24117974e+02 4.28987961e-18 2.55623010e-17 2.16218989e-05 4.39371769e-14 2.41790746e-15 3.72470088e-29 2.87335105e-17 1.70365004e-17 9.63896729e-01 2.66276353e-01
1.76276276e-01 -2.06697975e+01 -2.06697975e+01 -2.50725136e-02 -6.80089439e-03 -6.80089428e-03 7.13254574e+01 7.13254574e+01 1.73372523e+02 2.21810686e+02 3.24121115e+02 6.27991467e-17 1.18060978e-17 2.16587964e-05 3.25902135e-28 1.91374837e-28 3.56976883e-45 6.16734897e-28 2.93815320e-16 9.63996623e-01 2.65914478e-01
1.76576577e-01 -2.06697975e+01 -2.06697975e+01 -2.50725142e-02 -6.80089515e-03 -6.80089200e-03 7.13254574e+01 7.13254574e+01 1.73372523e+02 2.21637248e+02 3.24124243e+02 1.69347239e-17 9.97312766e-18 2.16956938e-05 1.17539769e-15 6.49403986e-14 3.74817470e-29 2.70975398e-17 2.02767716e-16 9.64096132e-01 2.65553473e-01
1.76876877e-01 -2.06697975e+01 -2.06697975e+01 -2.50725142e-02 -6.80089424e-03 -6.80089362e-03 7.13254574e+01 7.13254574e+01 1.73372523e+02 2.21463929e+02 3.24127358e+02 1.58265211e-17 2.30856585e-17 2.17325912e-05 4.41869843e-14 1.55547866e-15 2.35413206e-29 2.90021967e-17 5.17363669e-16 9.64195257e-01 2.65193337e-01
1.77177177e-01 -2.06697975e+01 -2.06697975e+01 -2.50725141e-02 -6.80089438e-03 -6.80089383e-03 7.13254574e+01 7.13254574e+01 1.73372523e+02 2.21290728e+02 3.24130460e+02 9.50881724e-18 2.09848865e-17 2.17694887e-05 8.59946938e-14 3.35116365e-15 2.33564759e-29 2.54433376e-17 2.15503417e-16 9.64293999e-01 2.64834065e-01
1.77477477e-01 -2.06697975e+01 -2.06697975e+01 -2.50725140e-02 -6.80089560e-03 -6.80089422e-03 7.13254574e+01 7.13254574e+01 1.73372523e+02 2.21117645e+02 3.24133549e+02 6.57614400e-17 8.14316242e-17 2.18063861e-05 4.43617633e-14 6.62209592e-16 2.35032441e-29 2.91756174e-17 9.04356879e-17 9.64392361e-01 2.64475656e-01
1.77777778e-01 -2.06697975e+01 -2.06697975e+01 -2.50725139e-02 -6.80089359e-03 -6.80089337e-03 7.13254574e+01 7.13254574e+01 1.73372523e+02 2.20944682e+02 3.24136625e+02 5.50663777e-17 2.73039733e-17 2.18432836e-05 6.50812646e-14 6.46998183e-15 2.34013380e-29 2.74307008e-17 3.52291889e-16 9.64490345e-01 2.64118107e-01
1.78078078e-01 -2.06697975e+01 -2.06697975e+01 -2.50725144e-02 -6.80089590e-03 -6.80089484e-03 7.13254574e+01 7.13254574e+01 1.73372523e+02 2.20771838e+02 3.24139689e+02 2.33705155e-17 3.05047576e-17 2.18801810e-05 4.45034791e-14 9.59593607e-16 2.34650952e-29 2.93444657e-17 2.05785656e-16 9.64587951e-01 2.63761414e-01
1.78378378e-01 -2.06697975e+01 -2.06697975e+01 -2.50725141e-02 -6.80089495e-03 -6.80089347e-03 7.13254574e+01 7.13254574e+01 1.73372523e+02 2.20599114e+02 3.24142740e+02 2.44051746e-19 4.32145194e-17 2.19170784e-05 4.45877049e-14 6.42763023e-16 2.34459945e-29 2.94271756e-17 4.72985015e-17 9.64685183e-01 2.63405577e-01
1.78678679e-01 -2.06697975e+01 -2.06697975e+01 -2.50725141e-02 -6.80089406e-03 -6.80089293e-03 7.13254574e+01 7.13254574e+01 1.73372523e+02 2.20426510e+02 3.24145778e+02 5.51032459e-17 1.09383280e-17 2.19539759e-05 4.46602340e-14 8.45420415e-16 2.34268767e-29 2.95087401e-17 9.92336595e-17 9.64782041e-01 2.63050591e-01
1.78978979e-01 -2.06697975e+01 -2.06697975e+01 -2.50725140e-02 -6.80089472e-03 -6.80089080e-03 7.13254574e+01 7.13254574e+01 1.73372523e+02 2.20254028e+02 3.24148804e+02 2.93400540e-17 9.11147464e-17 2.19908733e-05 4.47457865e-14 1.45458345e-16 2.34077422e-29 2.95891629e-17 2.50446806e-16 9.64878527e-01 2.62696454e-01
1.79279279e-01 -2.06697975e+01 -2.06697975e+01 -2.50725143e-02 -6.80089307e-03 -6.80089185e-03 7.13254574e+01 7.13254574e+01 1.73372523e+02 2.20081666e+02 3.24151818e+02 4.78869040e-17 1.91100920e-17 2.20277707e-05 4.48118046e-14 7.77133064e-16 2.33885912e-29 2.96684376e-17 3.29082597e-16 9.64974644e-01 2.62343164e-01
1.79579580e-01 -2.06697975e+01 -2.06697975e+01 -2.50725140e-02 -6.80089422e-03 -6.80089291e-03 7.13254574e+01 7.13254574e+01 1.73372523e+02 2.19909426e+02 3.24154819e+02 1.11189374e-17 9.66933766e-17 2.20646682e-05 6.60499557e-14 1.12477666e-15 2.32867904e-29 2.78960890e-17 1.53641803e-16 9.65070393e-01 2.61990718e-01
1.79879880e-01 -2.06697975e+01 -2.06697975e+01 -2.50725141e-02 -6.80089532e-03 -6.80089265e-03 7.13254574e+01 7.13254574e+01 1.73372523e+02 2.19737308e+02 3.24157808e+02 8.36827453e-18 2.71577477e-17 2.21015656e-05 7.37916437e-16 8.73786540e-14 2.31850442e-29 2.61157241e-17 1.11430460e-16 9.65165775e-01 2.61639113e-01
1.80180180e-01 -2.06697975e+01 -2.06697975e+01 -2.50725139e-02 -6.80089393e-03 -6.80089338e-03 7.13254574e+01 7.13254574e+01 1.73372523e+02 2.19565312e+02 3.24160785e+02 3.80227739e-17 5.73168418e-17 2.21384631e-05 3.46130580e-15 8.74587582e-14 2.31659166e-29 2.61846898e-17 3.85004742e-16 9.65260793e-01 2.61288347e-01
1.80480480e-01 -2.06697975e+01 -2.06697975e+01 -2.50725142e-02 -6.80089564e-03 -6.80089387e-03 7.13254574e+01 7.13254574e+01 1.73372523e+02 2.19393439e+02 3.24163750e+02 1.92996968e-17 2.16276610e-17 2.21753605e-05 1.10447680e-15 8.76629446e-14 2.31467742e-29 2.62525038e-17 3.95872824e-17 9.65355448e-01 2.60938418e-01
1.80780781e-01 -2.06697975e+01 -2.06697975e+01 -2.50725141e-02 -6.80089421e-03 -6.80089324e-03 7.13254574e+01 7.13254574e+01 1.73372523e+02 2.19221689e+02 3.24166702e+02 4.05737952e-18 2.57507888e-17 2.22122579e-05 1.98789579e-15 8.77936444e-14 2.31276175e-29 2.63191658e-17 8.38958782e-17 9.65449742e-01 2.60589322e-01
1.81081081e-01 -2.06697975e+01 -2.06697975e+01 -2.50725140e-02 -6.80089517e-03 -6.80089391e-03 7.13254574e+01 7.13254574e+01 1.73372523e+02 2.19050062e+02 3.24169643e+02 2.57855044e-17 2.09532628e-17 2.22491554e-05 4.52623457e-14 7.43176647e-16 2.32733588e-29 3.01200134e-17 2.33981636e-16 9.65543677e-01 2.60241057e-01
1.81381381e-01 -2.06697975e+01 -2.06697975e+01 -2.50725141e-02 -6.80089525e-03 -6.80089467e-03 7.13254574e+01 7.13254574e+01 1.73372523e+02 2.18878559e+02 3.24172571e+02 1.12124464e-16 4.42038105e-17 2.22860528e-05 4.53098700e-14 1.66686534e-15 2.32541019e-29 3.01912595e-17 6.35739638e-16 9.65637253e-01 2.59893621e-01
1.81681682e-01 -2.06697975e+01 -2.06697975e+01 -2.50725139e-02 -6.80089439e-03 -6.80089428e-03 7.13254574e+01 7.13254574e+01 1.73372523e+02 2.18707180e+02 3.24175488e+02 3.91143879e-18 4.35742521e-17 2.23229502e-05 3.20493887e-28 1.88199029e-28 3.57819675e-45 6.06500366e-28 7.51319825e-17 9.65730474e-01 2.59547011e-01
1.81981982e-01 -2.06697975e+01 -2.06697975e+01 -2.50725142e-02 -6.80089358e-03 -6.80088987e-03 7.13254574e+01 7.13254574e+01 1.73372523e+02 2.18535926e+02 3.24178392e+02 4.03387157e-18 8.26689856e-17 2.23598477e-05 8.83987442e-14 5.35182672e-16 2.30508523e-29 2.65742870e-17 9.61845168e-16 9.65823340e-01 2.59201224e-01
1.82282282e-01 -2.06697975e+01 -2.06697975e+01 -2.50725140e-02 -6.80089446e-03 -6.80089316e-03 7.13254574e+01 7.13254574e+01 1.73372523e+02 2.18364797e+02 3.24181285e+02 3.68080232e-17 8.28342774e-17 2.23967451e-05 8.03661495e-16 4.55550079e-14 2.31962494e-29 3.03980912e-17 2.83365408e-17 9.65915854e-01 2.58856258e-01
1.82582583e-01 -2.06697975e+01 -2.06697975e+01 -2.50725142e-02 -6.80089385e-03 -6.80089352e-03 7.13254574e+01 7.13254574e+01 1.73372523e+02 2.18193793e+02 3.24184167e+02 2.52292242e-17 4.78450195e-17 2.24336426e-05 8.84957351e-14 5.83658305e-15 2.30123912e-29 2.66949215e-17 6.52346676e-17 9.66008016e-01 2.58512111e-01
1.82882883e-01 -2.06697975e+01 -2.06697975e+01 -2.50725145e-02 -6.80089562e-03 -6.80089478e-03 7.13254574e+01 7.13254574e+01 1.73372523e+02 2.18022915e+02 3.24187036e+02 9.94034877e-17 1.43461939e-16 2.24705400e-05 8.88022039e-14 2.28219999e-15 2.29931421e-29 2.67535082e-17 4.36404147e-16 9.66099830e-01 2.58168780e-01
1.83183183e-01 -2.06697975e+01 -2.06697975e+01 -2.50725141e-02 -6.80089479e-03 -6.80089195e-03 7.13254574e+01 7.13254574e+01 1.73372523e+02 2.17852163e+02 3.24189894e+02 3.75381394e-17 2.97427933e-17 2.25074374e-05 3.69749864e-16 4.57943900e-14 2.31382803e-29 3.05945596e-17 9.33139704e-17 9.66191295e-01 2.57826262e-01
1.83483483e-01 -2.06697975e+01 -2.06697975e+01 -2.50725139e-02 -6.80089728e-03 -6.80089332e-03 7.13254574e+01 7.13254574e+01 1.73372523e+02 2.17681537e+02 3.24192740e+02 5.88437264e-18 9.01248899e-18 2.25443349e-05 4.61538731e-16 8.91299174e-14 2.29546082e-29 2.68672063e-17 1.66471413e-16 9.66282414e-01 2.57484555e-01
1.83783784e-01 -2.06697975e+01 -2.06697975e+01 -2.50725142e-02 -6.80089496e-03 -6.80089489e-03 7.13254574e+01 7.13254574e+01 1.73372523e+02 2.17511038e+02 3.24195575e+02 3.53107651e-17 6.44786805e-17 2.25812323e-05 3.36554191e-14 8.26887204e-14 2.29353240e-29 2.69223210e-17 3.95298697e-17 9.66373188e-01 2.57143656e-01
1.84084084e-01 -2.06697975e+01 -2.06697975e+01 -2.50725142e-02 -6.80089479e-03 -6.80089262e-03 7.13254574e+01 7.13254574e+01 1.73372523e+02 2.17340665e+02 3.24198399e+02 2.99329597e-17 1.26407360e-16 2.26181297e-05 6.42563788e-16 6.77196734e-14 2.29981158e-29 2.88784646e-17 1.97741574e-16 9.66463620e-01 2.56803564e-01
1.84384384e-01 -2.06697975e+01 -2.06697975e+01 -2.50725142e-02 -6.80089439e-03 -6.80089428e-03 7.13254574e+01 7.13254574e+01 1.73372523e+02 2.17170420e+02 3.24201211e+02 1.65540641e-16 2.28919066e-17 2.26550272e-05 3.17725568e-28 1.86573429e-28 3.58114078e-45 6.01261620e-28 6.02220556e-17 9.66553710e-01 2.56464275e-01
1.84684685e-01 -2.06697975e+01 -2.06697975e+01 -2.50725141e-02 -6.80089431e-03 -6.80089308e-03 7.13254574e+01 7.13254574e+01 1.73372523e+02 2.17000303e+02 3.24204012e+02 4.43650383e-17 5.69381689e-17 2.26919246e-05 8.96992486e-14 1.54852194e-15 2.28774059e-29 2.70807129e-17 3.10692074e-16 9.66643461e-01 2.56125787e-01
1.84984985e-01 -2.06697975e+01 -2.06697975e+01 -2.50725143e-02 -6.80089662e-03 -6.80089368e-03 7.13254574e+01 7.13254574e+01 1.73372523e+02 2.16830314e+02 3.24206801e+02 4.54966565e-17 1.50707837e-18 2.27288221e-05 8.98760494e-14 3.40894550e-16 4.29015909e-29 2.71311917e-17 1.32729797e-16 9.66732874e-01 2.55788097e-01
1.85285285e-01 -2.06697975e+01 -2.06697975e+01 -2.50725141e-02 -6.80089642e-03 -6.80089515e-03 7.13254574e+01 7.13254574e+01 1.73372523e+02 2.16660453e+02 3.24209580e+02 4.32425081e-18 1.48553465e-17 2.27657195e-05 4.63223252e-14 7.77093075e-16 4.34434178e-29 3.10126049e-17 2.16683206e-16 9.66821949e-01 2.55451204e-01
1.85585586e-01 -2.06697975e+01 -2.06697975e+01 -2.50725141e-02 -6.80089524e-03 -6.80089241e-03 7.13254574e+01 7.13254574e+01 1.73372523e+02 2.16490721e+02 3.24212347e+02 3.86369858e-17 9.26502985e-17 2.28026169e-05 9.01439432e-14 6.06620613e-16 2.28193957e-29 2.72286644e-17 4.51427268e-17 9.66910690e-01 2.55115104e-01
1.85885886e-01 -2.06697975e+01 -2.06697975e+01 -2.50725141e-02 -6.80089391e-03 -6.80089344e-03 7.13254574e+01 7.13254574e+01 1.73372523e+02 2.16321118e+02 3.24215103e+02 1.27452395e-17 1.10740395e-17 2.28395144e-05 2.15559244e-15 4.64220881e-14 2.29637548e-29 3.11216377e-17 9.86695497e-17 9.66999098e-01 2.54779796e-01
1.86186186e-01 -2.06697975e+01 -2.06697975e+01 -2.50725142e-02 -6.80089560e-03 -6.80089331e-03 7.13254574e+01 7.13254574e+01 1.73372523e+02 2.16151645e+02 3.24217848e+02 5.74247450e-17 1.35831820e-17 2.28764118e-05 4.65400336e-14 4.24076146e-16 2.29443121e-29 3.11744189e-17 8.04435195e-16 9.67087173e-01 2.54445276e-01
1.86486486e-01 -2.06697975e+01 -2.06697975e+01 -2.50725143e-02 -6.80089330e-03 -6.80089292e-03 7.13254574e+01 7.13254574e+01 1.73372523e+02 2.15982301e+02 3.24220582e+02 8.13129056e-17 2.98316396e-17 2.29133093e-05 6.84978005e-14 3.83670312e-15 2.28430806e-29 2.92960987e-17 2.51563835e-16 9.67174919e-01 2.54111543e-01
1.86786787e-01 -2.06697975e+01 -2.06697975e+01 -2.50725139e-02 -6.80089383e-03 -6.80089367e-03 7.13254574e+01 7.13254574e+01 1.73372523e+02 2.15813087e+02 3.24223305e+02 5.70799112e-17 3.91175087e-17 2.29502067e-05 8.66321267e-14 2.69709042e-14 4.41709766e-29 2.74096688e-17 6.44841343e-17 9.67262335e-01 2.53778594e-01
1.87087087e-01 -2.06697975e+01 -2.06697975e+01 -2.50725140e-02 -6.80089539e-03 -6.80089259e-03 7.13254574e+01 7.13254574e+01 1.73372523e+02 2.15644003e+02 3.24226018e+02 5.22340067e-17 3.51403091e-17 2.29871041e-05 6.44901145e-16 9.08770239e-14 2.27225278e-29 2.74520085e-17 5.32690597e-16 9.67349424e-01 2.53446426e-01
1.87387387e-01 -2.06697975e+01 -2.06697975e+01 -2.50725142e-02 -6.80089448e-03 -6.80089301e-03 7.13254574e+01 7.13254574e+01 1.73372523e+02 2.15475050e+02 3.24228719e+02 1.02249036e-18 4.64908379e-17 2.30240016e-05 9.10182570e-14 1.31044466e-15 2.27031291e-29 2.74931846e-17 3.27274091e-16 9.67436188e-01 2.53115038e-01
1.87687688e-01 -2.06697975e+01 -2.06697975e+01 -2.50725139e-02 -6.80089584e-03 -6.80089495e-03 7.13254574e+01 7.13254574e+01 1.73372523e+02 2.15306227e+02 3.24231410e+02 8.63910201e-18 7.99675212e-17 2.30608990e-05 9.11378577e-14 2.21073764e-15 2.26837226e-29 2.75331972e-17 4.68171516e-16 9.67522627e-01 2.52784426e-01
1.87987988e-01 -2.06697975e+01 -2.06697975e+01 -2.50725143e-02 -6.80089590e-03 -6.80089476e-03 7.13254574e+01 7.13254574e+01 1.73372523e+02 2.15137536e+02 3.24234090e+02 6.29331352e-17 2.92011657e-17 2.30977964e-05 9.12992944e-14 1.73842231e-15 2.26643087e-29 2.75720428e-17 4.05644447e-16 9.67608743e-01 2.52454589e-01
1.88288288e-01 -2.06697975e+01 -2.06697975e+01 -2.50725143e-02 -6.80089439e-03 -6.80089428e-03 7.13254574e+01 7.13254574e+01 1.73372523e+02 2.14968977e+02 3.24236760e+02 1.84055962e-17 2.99806276e-18 2.31346939e-05 3.13665255e-28 1.84189150e-28 3.58398377e-45 5.93577913e-28 7.65562601e-17 9.67694538e-01 2.52125524e-01
1.88588589e-01 -2.06697975e+01 -2.06697975e+01 -2.50725142e-02 -6.80089559e-03 -6.80089227e-03 7.13254574e+01 7.13254574e+01 1.73372523e+02 2.14800549e+02 3.24239418e+02 4.21456436e-17 7.44229663e-17 2.31715913e-05 4.71410945e-14 3.76285937e-16 2.27884638e-29 3.15548745e-17 1.39963207e-15 9.67780014e-01 2.51797228e-01
1.88888889e-01 -2.06697975e+01 -2.06697975e+01 -2.50725142e-02 -6.80089439e-03 -6.80089428e-03 7.13254574e+01 7.13254574e+01 1.73372523e+02 2.14632254e+02 3.24242067e+02 7.45847978e-17 1.29630077e-16 2.32084888e-05 3.13034947e-28 1.83819023e-28 3.58427851e-45 5.92385122e-28 1.18351269e-17 9.67865171e-01 2.51469700e-01
1.89189189e-01 -2.06697975e+01 -2.06697975e+01 -2.50725143e-02 -6.80089449e-03 -6.80089366e-03 7.13254574e+01 7.13254574e+01 1.73372523e+02 2.14464090e+02 3.24244705e+02 7.00397658e-18 4.49268269e-17 2.32453862e-05 1.76561882e-15 6.95753124e-14 2.26680048e-29 2.96770525e-17 1.87311268e-16 9.67950011e-01 2.51142937e-01
1.89489489e-01 -2.06697975e+01 -2.06697975e+01 -2.50725141e-02 -6.80089322e-03 -6.80089144e-03 7.13254574e+01 7.13254574e+01 1.73372523e+02 2.14296060e+02 3.24247332e+02 3.08952796e-17 1.38777813e-18 2.32822836e-05 4.73700206e-14 5.48810917e-16 2.27298979e-29 3.16783526e-17 3.67615942e-17 9.68034536e-01 2.50816936e-01
1.89789790e-01 -2.06697975e+01 -2.06697975e+01 -2.50725141e-02 -6.80089664e-03 -6.80089631e-03 7.13254574e+01 7.13254574e+01 1.73372523e+02 2.14128162e+02 3.24249949e+02 7.15761965e-17 3.69272039e-17 2.33191811e-05 6.47763324e-15 4.70167678e-14 4.67071567e-29 3.17171807e-17 1.42962199e-17 9.68118748e-01 2.50491696e-01
1.90090090e-01 -2.06697975e+01 -2.06697975e+01 -2.50725139e-02 -6.80089581e-03 -6.80089310e-03 7.13254574e+01 7.13254574e+01 1.73372523e+02 2.13960398e+02 3.24252556e+02 1.69604374e-17 5.35026715e-18 2.33560785e-05 9.23319408e-14 6.94418997e-16 2.25282233e-29 2.78112510e-17 2.04488338e-16 9.68202646e-01 2.50167214e-01
1.90390390e-01 -2.06697975e+01 -2.06697975e+01 -2.50725140e-02 -6.80089439e-03 -6.80089428e-03 7.13254574e+01 7.13254574e+01 1.73372523e+02 2.13792767e+02 3.24255152e+02 1.23939490e-17 1.29678649e-16 2.33929759e-05 3.11453352e-28 1.82890285e-28 3.58485389e-45 5.89392122e-28 1.80980858e-16 9.68286234e-01 2.49843488e-01
1.90690691e-01 -2.06697975e+01 -2.06697975e+01 -2.50725141e-02 -6.80089363e-03 -6.80089306e-03 7.13254574e+01 7.13254574e+01 1.73372523e+02 2.13625271e+02 3.24257738e+02 4.38080030e-17 3.74934081e-17 2.34298734e-05 3.49040733e-15 9.25631665e-14 2.24892892e-29 2.78690638e-17 3.38428840e-16 9.68369512e-01 2.49520515e-01
1.90990991e-01 -2.06697975e+01 -2.06697975e+01 -2.50725140e-02 -6.80089750e-03 -6.80089368e-03 7.13254574e+01 7.13254574e+01 1.73372523e+02 2.13457908e+02 3.24260314e+02 6.92010652e-17 6.62148978e-17 2.34667708e-05 7.02656303e-14 3.97836581e-16 4.74258957e-29 2.98785166e-17 3.14661440e-16 9.68452482e-01 2.49198293e-01
1.91291291e-01 -2.06697975e+01 -2.06697975e+01 -2.50725142e-02 -6.80089363e-03 -6.80089297e-03 7.13254574e+01 7.13254574e+01 1.73372523e+02 2.13290679e+02 3.24262880e+02 7.67391471e-19 7.59127428e-17 2.35036683e-05 1.62290711e-15 4.77958887e-14 2.26126050e-29 3.18938062e-17 4.32407674e-16 9.68535146e-01 2.48876820e-01
1.91591592e-01 -2.06697975e+01 -2.06697975e+01 -2.50725141e-02 -6.80089368e-03 -6.80089284e-03 7.13254574e+01 7.13254574e+01 1.73372523e+02 2.13123585e+02 3.24265436e+02 4.65760573e-17 4.67637657e-17 2.35405657e-05 3.80580331e-16 9.30573076e-14 4.76955632e-29 2.79469888e-17 5.14307733e-17 9.68617504e-01 2.48556093e-01
1.91891892e-01 -2.06697975e+01 -2.06697975e+01 -2.50725139e-02 -6.80089419e-03 -6.80089322e-03 7.13254574e+01 7.13254574e+01 1.73372523e+02 2.12956626e+02 3.24267982e+02 7.53668467e-18 6.32050913e-17 2.35774631e-05 9.31941497e-14 2.18925662e-15 2.24113637e-29 2.79706146e-17 1.12178210e-16 9.68699558e-01 2.48236110e-01
1.92192192e-01 -2.06697975e+01 -2.06697975e+01 -2.50725142e-02 -6.80089492e-03 -6.80089340e-03 7.13254574e+01 7.13254574e+01 1.73372523e+02 2.12789803e+02 3.24270518e+02 1.07491793e-16 4.23345786e-18 2.36143606e-05 4.80400916e-14 7.17975635e-16 2.25538916e-29 3.19857510e-17 4.18382344e-16 9.68781309e-01 2.47916870e-01
1.92492492e-01 -2.06697975e+01 -2.06697975e+01 -2.50725142e-02 -6.80089426e-03 -6.80089294e-03 7.13254574e+01 7.13254574e+01 1.73372523e+02 2.12623114e+02 3.24273044e+02 4.24089323e-17 7.22981310e-18 2.36512580e-05 4.81136205e-14 8.24855048e-16 2.25343121e-29 3.20140547e-17 7.44997542e-17 9.68862760e-01 2.47598369e-01
1.92792793e-01 -2.06697975e+01 -2.06697975e+01 -2.50725143e-02 -6.80089539e-03 -6.80089412e-03 7.13254574e+01 7.13254574e+01 1.73372523e+02 2.12456562e+02 3.24275560e+02 3.24666790e-17 3.11819833e-17 2.36881554e-05 1.60537862e-15 9.36408822e-14 2.23528773e-29 2.80344395e-17 1.85207302e-16 9.68943910e-01 2.47280606e-01
1.93093093e-01 -2.06697975e+01 -2.06697975e+01 -2.50725143e-02 -6.80089562e-03 -6.80089319e-03 7.13254574e+01 7.13254574e+01 1.73372523e+02 2.12290145e+02 3.24278066e+02 4.20487986e-18 1.38863179e-17 2.37250529e-05 7.73390372e-16 9.37965560e-14 2.23333750e-29 2.80533599e-17 1.92977443e-16 9.69024763e-01 2.46963577e-01
1.93393393e-01 -2.06697975e+01 -2.06697975e+01 -2.50725141e-02 -6.80089507e-03 -6.80089257e-03 7.13254574e+01 7.13254574e+01 1.73372523e+02 2.12123864e+02 3.24280563e+02 4.16388991e-17 2.94517040e-17 2.37619503e-05 9.39382357e-14 7.43094348e-16 2.23138697e-29 2.80711018e-17 3.15055556e-16 9.69105318e-01 2.46647282e-01
1.93693694e-01 -2.06697975e+01 -2.06697975e+01 -2.50725140e-02 -6.80089471e-03 -6.80089437e-03 7.13254574e+01 7.13254574e+01 1.73372523e+02 2.11957720e+02 3.24283049e+02 1.58279788e-17 1.03688016e-17 2.37988478e-05 9.39086556e-14 5.83893392e-15 2.22943617e-29 2.80876680e-17 1.38393685e-17 9.69185578e-01 2.46331718e-01
1.93993994e-01 -2.06697975e+01 -2.06697975e+01 -2.50725140e-02 -6.80089374e-03 -6.80089368e-03 7.13254574e+01 7.13254574e+01 1.73372523e+02 2.11791713e+02 3.24285526e+02 3.77968113e-17 4.88000620e-18 2.38357452e-05 4.14890128e-14 8.46115288e-14 2.22748511e-29 2.81030535e-17 1.36606681e-16 9.69265543e-01 2.46016882e-01
1.94294294e-01 -2.06697975e+01 -2.06697975e+01 -2.50725142e-02 -6.80089520e-03 -6.80089433e-03 7.13254574e+01 7.13254574e+01 1.73372523e+02 2.11625842e+02 3.24287994e+02 1.73231290e-18 1.76126585e-17 2.38726426e-05 2.34586513e-15 9.43582352e-14 2.22553381e-29 2.81172577e-17 6.59434500e-16 9.69345216e-01 2.45702772e-01
1.94594595e-01 -2.06697975e+01 -2.06697975e+01 -2.50725142e-02 -6.80089412e-03 -6.80089347e-03 7.13254574e+01 7.13254574e+01 1.73372523e+02 2.11460109e+02 3.24290452e+02 4.81535887e-17 2.00442746e-17 2.39095401e-05 4.82842371e-14 5.95253021e-15 5.03905849e-29 3.21793130e-17 1.86193119e-16 9.69424597e-01 2.45389386e-01
1.94894895e-01 -2.06697975e+01 -2.06697975e+01 -2.50725142e-02 -6.80089520e-03 -6.80089351e-03 7.13254574e+01 7.13254574e+01 1.73372523e+02 2.11294513e+02 3.24292900e+02 9.78110300e-18 1.03069082e-17 2.39464375e-05 5.74343150e-16 4.87230362e-14 2.23775617e-29 3.21982194e-17 1.98615338e-16 9.69503687e-01 2.45076722e-01
1.95195195e-01 -2.06697975e+01 -2.06697975e+01 -2.50725141e-02 -6.80089466e-03 -6.80089289e-03 7.13254574e+01 7.13254574e+01 1.73372523e+02 2.11129055e+02 3.24295339e+02 1.13721074e-17 1.84884701e-17 2.39833350e-05 4.87924245e-14 7.05029833e-16 2.23579570e-29 3.22159447e-17 7.70056607e-16 9.69582489e-01 2.44764778e-01
1.95495495e-01 -2.06697975e+01 -2.06697975e+01 -2.50725143e-02 -6.80089490e-03 -6.80089483e-03 7.13254574e+01 7.13254574e+01 1.73372523e+02 2.10963735e+02 3.24297768e+02 2.79074924e-17 3.72756566e-17 2.40202324e-05 9.10293103e-14 2.70585847e-14 2.21772677e-29 2.81622602e-17 6.20216318e-18 9.69661003e-01 2.44453551e-01
1.95795796e-01 -2.06697975e+01 -2.06697975e+01 -2.50725140e-02 -6.80089588e-03 -6.80089432e-03 7.13254574e+01 7.13254574e+01 1.73372523e+02 2.10798552e+02 3.24300188e+02 2.46785457e-17 4.42131915e-17 2.40571298e-05 4.89428948e-14 7.33535062e-16 2.23187428e-29 3.22478588e-17 3.47684991e-16 9.69739231e-01 2.44143039e-01
1.96096096e-01 -2.06697975e+01 -2.06697975e+01 -2.50725141e-02 -6.80089643e-03 -6.80089216e-03 7.13254574e+01 7.13254574e+01 1.73372523e+02 2.10633509e+02 3.24302599e+02 4.04774691e-17 5.74413548e-17 2.40940273e-05 9.52482455e-14 3.46152228e-16 2.21382244e-29 2.81776642e-17 8.17920353e-17 9.69817174e-01 2.43833241e-01
1.96396396e-01 -2.06697975e+01 -2.06697975e+01 -2.50725143e-02 -6.80089382e-03 -6.80089313e-03 7.13254574e+01 7.13254574e+01 1.73372523e+02 2.10468603e+02 3.24305000e+02 1.19531858e-16 1.47883267e-17 2.41309247e-05 1.65941056e-15 4.90721486e-14 2.22795237e-29 3.22750546e-17 2.14777180e-16 9.69894832e-01 2.43524153e-01
1.96696697e-01 -2.06697975e+01 -2.06697975e+01 -2.50725144e-02 -6.80089471e-03 -6.80089450e-03 7.13254574e+01 7.13254574e+01 1.73372523e+02 2.10303837e+02 3.24307392e+02 5.26465171e-17 1.99427220e-17 2.41678221e-05 7.29261026e-15 4.86335726e-14 5.20700308e-29 3.22868796e-17 1.58955990e-16 9.69972209e-01 2.43215775e-01
1.96996997e-01 -2.06697975e+01 -2.06697975e+01 -2.50725142e-02 -6.80089439e-03 -6.80089349e-03 7.13254574e+01 7.13254574e+01 1.73372523e+02 2.10139209e+02 3.24309775e+02 2.98316340e-17 6.43936456e-18 2.42047196e-05 9.56654319e-14 2.30619728e-15 2.20796542e-29 2.81918792e-17 1.63740858e-16 9.70049304e-01 2.42908103e-01
1.97297297e-01 -2.06697975e+01 -2.06697975e+01 -2.50725142e-02 -6.80089324e-03 -6.80089303e-03 7.13254574e+01 7.13254574e+01 1.73372523e+02 2.09974721e+02 3.24312149e+02 1.28827213e-17 1.57528022e-17 2.42416170e-05 4.90596859e-14 5.15601216e-15 2.22206896e-29 3.23069813e-17 4.86137043e-16 9.70126120e-01 2.42601135e-01
1.97597598e-01 -2.06697975e+01 -2.06697975e+01 -2.50725141e-02 -6.80089318e-03 -6.80089307e-03 7.13254574e+01 7.13254574e+01 1.73372523e+02 2.09810372e+02 3.24314514e+02 7.67014333e-17 3.41190027e-17 2.42785145e-05 7.11880249e-14 1.47189348e-14 2.21208420e-29 3.02553394e-17 3.69746872e-16 9.70202657e-01 2.42294870e-01
1.97897898e-01 -2.06697975e+01 -2.06697975e+01 -2.50725141e-02 -6.80089421e-03 -6.80089096e-03 7.13254574e+01 7.13254574e+01 1.73372523e+02 2.09646163e+02 3.24316869e+02 8.73742669e-17 2.67439883e-17 2.43154119e-05 9.61315026e-14 6.24819769e-16 2.20210828e-29 2.81954084e-17 6.49218681e-16 9.70278916e-01 2.41989305e-01
1.98198198e-01 -2.06697975e+01 -2.06697975e+01 -2.50725140e-02 -6.80089451e-03 -6.80089358e-03 7.13254574e+01 7.13254574e+01 1.73372523e+02 2.09482094e+02 3.24319216e+02 2.10941883e-17 9.28758940e-18 2.43523093e-05 9.61963447e-14 4.00376858e-15 5.28871532e-29 2.81942072e-17 7.52018754e-17 9.70354900e-01 2.41684438e-01
1.98498498e-01 -2.06697975e+01 -2.06697975e+01 -2.50725142e-02 -6.80089428e-03 -6.80089364e-03 7.13254574e+01 7.13254574e+01 1.73372523e+02 2.09318164e+02 3.24321553e+02 9.72345264e-18 9.82345482e-18 2.43892068e-05 3.24626738e-15 9.63661384e-14 2.19820373e-29 2.81918180e-17 1.35294558e-18 9.70430609e-01 2.41380267e-01
1.98798799e-01 -2.06697975e+01 -2.06697975e+01 -2.50725141e-02 -6.80089515e-03 -6.80089326e-03 7.13254574e+01 7.13254574e+01 1.73372523e+02 2.09154376e+02 3.24323882e+02 4.15463165e-17 1.10573502e-17 2.44261042e-05 1.24985143e-15 4.96839575e-14 5.37919942e-29 3.23365115e-17 1.23655848e-16 9.70506044e-01 2.41076790e-01
1.99099099e-01 -2.06697975e+01 -2.06697975e+01 -2.50725141e-02 -6.80089469e-03 -6.80089350e-03 7.13254574e+01 7.13254574e+01 1.73372523e+02 2.08990727e+02 3.24326202e+02 2.70923953e-17 3.28857536e-17 2.44630016e-05 8.40570589e-16 4.97684524e-14 2.21030231e-29 3.23388580e-17 3.90972876e-16 9.70581206e-01 2.40774004e-01
1.99399399e-01 -2.06697975e+01 -2.06697975e+01 -2.50725142e-02 -6.80089418e-03 -6.80089345e-03 7.13254574e+01 7.13254574e+01 1.73372523e+02 2.08827219e+02 3.24328513e+02 4.40401549e-17 8.14829122e-18 2.44998991e-05 9.68100368e-14 3.00410900e-15 2.19234764e-29 2.81774960e-17 2.25960467e-16 9.70656098e-01 2.40471909e-01
1.99699700e-01 -2.06697975e+01 -2.06697975e+01 -2.50725142e-02 -6.80089428e-03 -6.80089375e-03 7.13254574e+01 7.13254574e+01 1.73372523e+02 2.08663852e+02 3.24330815e+02 5.64588699e-18 6.22752767e-17 2.45367965e-05 2.09535663e-15 4.98818030e-14 2.20638074e-29 3.23399872e-17 4.77952569e-16 9.70730720e-01 2.40170501e-01
2.00000000e-01 -2.06697975e+01 -2.06697975e+01 -2.50725143e-02 -6.80089556e-03 -6.80089340e-03 7.13254574e+01 7.13254574e+01 1.73372523e+02 2.08500627e+02 3.24333108e+02 9.92601748e-18 5.48357613e-17 2.45736940e-05 9.71458094e-14 9.43108574e-16 2.18844429e-29 2.81619863e-17 5.07219160e-16 9.70805073e-01 2.39869778e-01
2.00300300e-01 -2.06697975e+01 -2.06697975e+01 -2.50725142e-02 -6.80089470e-03 -6.80089395e-03 7.13254574e+01 7.13254574e+01 1.73372523e+02 2.08337542e+02 3.24335392e+02 1.51947071e-17 1.29359435e-17 2.46105914e-05 9.72542606e-14 2.85919341e-15 2.18649289e-29 2.81524388e-17 2.15132652e-16 9.70879158e-01 2.39569739e-01
2.00600601e-01 -2.06697975e+01 -2.06697975e+01 -2.50725143e-02 -6.80089410e-03 -6.80089197e-03 7.13254574e+01 7.13254574e+01 1.73372523e+02 2.08174599e+02 3.24337668e+02 3.17121423e-17 4.14015643e-17 2.46474888e-05 5.01456614e-14 5.38072052e-16 2.20049956e-29 3.23327549e-17 5.85412074e-16 9.70952977e-01 2.39270381e-01
2.00900901e-01 -2.06697975e+01 -2.06697975e+01 -2.50725146e-02 -6.80089459e-03 -6.80089225e-03 7.13254574e+01 7.13254574e+01 1.73372523e+02 2.08011798e+02 3.24339935e+02 7.65452096e-18 7.10367312e-17 2.46843863e-05 5.02203010e-14 4.95849188e-16 2.19853956e-29 3.23279638e-17 7.34320546e-16 9.71026531e-01 2.38971702e-01
2.01201201e-01 -2.06697975e+01 -2.06697975e+01 -2.50725141e-02 -6.80089428e-03 -6.80089377e-03 7.13254574e+01 7.13254574e+01 1.73372523e+02 2.07849138e+02 3.24342194e+02 2.13588096e-17 5.13696291e-17 2.47212837e-05 5.02541459e-14 2.16005280e-15 2.19657978e-29 3.23219772e-17 1.52655438e-16 9.71099822e-01 2.38673701e-01
2.01501502e-01 -2.06697975e+01 -2.06697975e+01 -2.50725140e-02 -6.80089359e-03 -6.80089142e-03 7.13254574e+01 7.13254574e+01 1.73372523e+02 2.07686621e+02 3.24344444e+02 1.38118995e-17 4.81067874e-17 2.47581811e-05 6.25226930e-16 5.03751616e-14 2.19462024e-29 3.23147978e-17 2.92645583e-16 9.71172849e-01 2.38376375e-01
2.01801802e-01 -2.06697975e+01 -2.06697975e+01 -2.50725142e-02 -6.80089446e-03 -6.80089387e-03 7.13254574e+01 7.13254574e+01 1.73372523e+02 2.07524246e+02 3.24346686e+02 2.55044360e-17 4.20740112e-18 2.47950786e-05 2.01980648e-15 5.04071046e-14 2.19266098e-29 3.23064259e-17 3.29954352e-16 9.71245615e-01 2.38079722e-01
2.02102102e-01 -2.06697975e+01 -2.06697975e+01 -2.50725142e-02 -6.80089520e-03 -6.80089432e-03 7.13254574e+01 7.13254574e+01 1.73372523e+02 2.07362013e+02 3.24348919e+02 4.45472198e-17 3.09160426e-17 2.48319760e-05 9.81391224e-14 2.40823176e-15 2.17478955e-29 2.80700305e-17 3.09097685e-17 9.71318121e-01 2.37783740e-01
2.02402402e-01 -2.06697975e+01 -2.06697975e+01 -2.50725142e-02 -6.80089377e-03 -6.80089119e-03 7.13254574e+01 7.13254574e+01 1.73372523e+02 2.07199923e+02 3.24351143e+02 2.17666576e-17 2.35260540e-17 2.48688735e-05 9.83171465e-14 8.70598999e-16 2.17284001e-29 2.80521005e-17 3.82229420e-16 9.71390368e-01 2.37488427e-01
2.02702703e-01 -2.06697975e+01 -2.06697975e+01 -2.50725140e-02 -6.80089546e-03 -6.80089460e-03 7.13254574e+01 7.13254574e+01 1.73372523e+02 2.07037975e+02 3.24353360e+02 5.76793526e-17 2.31965260e-17 2.49057709e-05 9.84350022e-14 2.44976946e-15 2.17089081e-29 2.80329697e-17 7.80323470e-16 9.71462356e-01 2.37193782e-01
2.03003003e-01 -2.06697975e+01 -2.06697975e+01 -2.50725141e-02 -6.80089520e-03 -6.80089262e-03 7.13254574e+01 7.13254574e+01 1.73372523e+02 2.06876170e+02 3.24355568e+02 8.59188279e-18 9.07823028e-17 2.49426683e-05 5.07426717e-14 5.15305074e-16 2.18482693e-29 3.22609808e-17 4.58228801e-16 9.71534088e-01 2.36899801e-01
2.03303303e-01 -2.06697975e+01 -2.06697975e+01 -2.50725140e-02 -6.80089668e-03 -6.80089368e-03 7.13254574e+01 7.13254574e+01 1.73372523e+02 2.06714509e+02 3.24357767e+02 2.34650403e-17 3.71357769e-17 2.49795658e-05 9.87627886e-14 2.47723595e-16 5.71869346e-29 2.79911087e-17 1.80493406e-16 9.71605564e-01 2.36606483e-01
2.03603604e-01 -2.06697975e+01 -2.06697975e+01 -2.50725141e-02 -6.80089626e-03 -6.80089479e-03 7.13254574e+01 7.13254574e+01 1.73372523e+02 2.06552991e+02 3.24359958e+02 3.48055927e-17 6.62757220e-17 2.50164632e-05 8.67575830e-16 5.08915024e-14 2.18091198e-29 3.22310746e-17 1.68894589e-16 9.71676785e-01 2.36313827e-01
2.03903904e-01 -2.06697975e+01 -2.06697975e+01 -2.50725141e-02 -6.80089569e-03 -6.80089377e-03 7.13254574e+01 7.13254574e+01 1.73372523e+02 2.06391616e+02 3.24362141e+02 2.59730695e-19 6.73717354e-17 2.50533606e-05 7.50024191e-14 8.42605518e-16 2.17102642e-29 3.00793755e-17 2.97137000e-16 9.71747753e-01 2.36021830e-01
2.04204204e-01 -2.06697975e+01 -2.06697975e+01 -2.50725141e-02 -6.80089377e-03 -6.80089351e-03 7.13254574e+01 7.13254574e+01 1.73372523e+02 2.06230384e+02 3.24364316e+02 9.00561895e-18 9.83267032e-17 2.50902581e-05 4.35272193e-15 5.08636820e-14 2.17699860e-29 3.21963726e-17 1.26316190e-15 9.71818469e-01 2.35730489e-01
2.04504505e-01 -2.06697975e+01 -2.06697975e+01 -2.50725141e-02 -6.80089592e-03 -6.80089119e-03 7.13254574e+01 7.13254574e+01 1.73372523e+02 2.06069297e+02 3.24366483e+02 5.16083699e-17 4.69677278e-17 2.51271555e-05 5.11243423e-14 8.40466698e-17 2.17504254e-29 3.21772199e-17 2.17097302e-16 9.71888933e-01 2.35439804e-01
2.04804805e-01 -2.06697975e+01 -2.06697975e+01 -2.50725144e-02 -6.80089387e-03 -6.80089064e-03 7.13254574e+01 7.13254574e+01 1.73372523e+02 2.05908353e+02 3.24368642e+02 5.06000314e-17 5.04268408e-17 2.51640530e-05 5.11953238e-14 5.63485507e-16 2.17308693e-29 3.21568649e-17 3.05375882e-16 9.71959147e-01 2.35149772e-01
2.05105105e-01 -2.06697975e+01 -2.06697975e+01 -2.50725142e-02 -6.80089368e-03 -6.80089260e-03 7.13254574e+01 7.13254574e+01 1.73372523e+02 2.05747554e+02 3.24370792e+02 2.47792570e-17 3.20856727e-17 2.52009504e-05 1.34643076e-16 5.12704667e-14 5.92213787e-29 3.21353067e-17 5.02390218e-17 9.72029113e-01 2.34860391e-01
2.05405405e-01 -2.06697975e+01 -2.06697975e+01 -2.50725142e-02 -6.80089267e-03 -6.80089228e-03 7.13254574e+01 7.13254574e+01 1.73372523e+02 2.05586898e+02 3.24372935e+02 9.49651512e-18 2.48984143e-17 2.52378478e-05 2.88095104e-15 5.12722723e-14 2.16917712e-29 3.21125488e-17 6.35393866e-16 9.72098830e-01 2.34571659e-01
2.05705706e-01 -2.06697975e+01 -2.06697975e+01 -2.50725141e-02 -6.80089484e-03 -6.80089248e-03 7.13254574e+01 7.13254574e+01 1.73372523e+02 2.05426387e+02 3.24375069e+02 8.17127747e-17 2.59130698e-17 2.52747453e-05 5.14233859e-14 2.56891865e-16 2.16722296e-29 3.20885834e-17 8.14177989e-16 9.72168301e-01 2.34283575e-01
2.06006006e-01 -2.06697975e+01 -2.06697975e+01 -2.50725141e-02 -6.80089525e-03 -6.80089414e-03 7.13254574e+01 7.13254574e+01 1.73372523e+02 2.05266021e+02 3.24377196e+02 7.33481965e-18 5.55244876e-17 2.53116427e-05 5.14859286e-14 1.00530441e-15 2.16526931e-29 3.20634156e-17 3.35469691e-16 9.72237527e-01 2.33996135e-01
2.06306306e-01 -2.06697975e+01 -2.06697975e+01 -2.50725142e-02 -6.80089417e-03 -6.80089266e-03 7.13254574e+01 7.13254574e+01 1.73372523e+02 2.05105799e+02 3.24379314e+02 1.51430312e-16 1.13434743e-17 2.53485401e-05 5.15687697e-14 8.19109313e-16 2.16331619e-29 3.20370405e-17 7.42592886e-16 9.72306507e-01 2.33709340e-01
2.06606607e-01 -2.06697975e+01 -2.06697975e+01 -2.50725141e-02 -6.80089442e-03 -6.80089234e-03 7.13254574e+01 7.13254574e+01 1.73372523e+02 2.04945722e+02 3.24381425e+02 6.57803857e-17 2.97865143e-17 2.53854376e-05 3.22305193e-16 5.16539838e-14 2.16136361e-29 3.20094588e-17 2.80524225e-16 9.72375244e-01 2.33423185e-01
2.06906907e-01 -2.06697975e+01 -2.06697975e+01 -2.50725144e-02 -6.80089432e-03 -6.80089355e-03 7.13254574e+01 7.13254574e+01 1.73372523e+02 2.04785790e+02 3.24383528e+02 9.16766148e-17 4.38444761e-17 2.54223350e-05 2.91773583e-15 1.00463853e-13 2.14364761e-29 2.76386461e-17 1.10025506e-16 9.72443739e-01 2.33137670e-01
2.07207207e-01 -2.06697975e+01 -2.06697975e+01 -2.50725144e-02 -6.80089432e-03 -6.80089342e-03 7.13254574e+01 7.13254574e+01 1.73372523e+02 2.04626003e+02 3.24385623e+02 9.91126376e-17 4.37141515e-18 2.54592325e-05 2.02091715e-15 1.00634887e-13 2.14170561e-29 2.76014145e-17 1.60749241e-16 9.72511993e-01 2.32852793e-01
2.07507508e-01 -2.06697975e+01 -2.06697975e+01 -2.50725141e-02 -6.80089580e-03 -6.80089552e-03 7.13254574e+01 7.13254574e+01 1.73372523e+02 2.04466361e+02 3.24387710e+02 6.23771617e-18 3.05441454e-17 2.54961299e-05 1.00505202e-13 7.68043285e-15 2.13976422e-29 2.75629662e-17 1.36345784e-16 9.72580006e-01 2.32568552e-01
2.07807808e-01 -2.06697975e+01 -2.06697975e+01 -2.50725141e-02 -6.80089423e-03 -6.80089381e-03 7.13254574e+01 7.13254574e+01 1.73372523e+02 2.04306865e+02 3.24389790e+02 1.76167881e-17 2.26790372e-17 2.55330273e-05 2.64089199e-15 5.18874044e-14 2.15355914e-29 3.18870526e-17 1.03485526e-16 9.72647780e-01 2.32284944e-01
2.08108108e-01 -2.06697975e+01 -2.06697975e+01 -2.50725141e-02 -6.80089479e-03 -6.80089076e-03 7.13254574e+01 7.13254574e+01 1.73372523e+02 2.04147514e+02 3.24391862e+02 5.45025225e-17 1.48894726e-17 2.55699248e-05 5.93651961e-16 1.01091739e-13 2.13588334e-29 2.74824283e-17 7.27067372e-16 9.72715316e-01 2.32001968e-01
2.08408408e-01 -2.06697975e+01 -2.06697975e+01 -2.50725142e-02 -6.80089414e-03 -6.80089334e-03 7.13254574e+01 7.13254574e+01 1.73372523e+02 2.03988309e+02 3.24393926e+02 5.31528891e-17 1.41862348e-16 2.56068222e-05 5.20985223e-14 4.43097139e-16 6.22288492e-29 3.18185922e-17 2.01412425e-16 9.72782615e-01 2.31719622e-01
2.08708709e-01 -2.06697975e+01 -2.06697975e+01 -2.50725140e-02 -6.80089573e-03 -6.80089497e-03 7.13254574e+01 7.13254574e+01 1.73372523e+02 2.03829249e+02 3.24395983e+02 4.48625008e-19 4.21638765e-17 2.56437197e-05 5.21489782e-14 1.54974563e-15 2.14771233e-29 3.17825426e-17 6.88717072e-16 9.72849678e-01 2.31437904e-01
2.09009009e-01 -2.06697975e+01 -2.06697975e+01 -2.50725143e-02 -6.80089439e-03 -6.80089428e-03 7.13254574e+01 7.13254574e+01 1.73372523e+02 2.03670336e+02 3.24398032e+02 1.18211435e-16 6.90215728e-17 2.56806171e-05 2.91422471e-28 1.71127838e-28 3.57473318e-45 5.51485825e-28 2.93371784e-16 9.72916506e-01 2.31156813e-01
2.09309309e-01 -2.06697975e+01 -2.06697975e+01 -2.50725141e-02 -6.80089439e-03 -6.80089428e-03 7.13254574e+01 7.13254574e+01 1.73372523e+02 2.03511568e+02 3.24400073e+02 7.53211733e-17 2.61153716e-17 2.57175145e-05 2.91096637e-28 1.70936504e-28 3.57433521e-45 5.50869220e-28 2.29073752e-16 9.72983100e-01 2.30876345e-01
2.09609610e-01 -2.06697975e+01 -2.06697975e+01 -2.50725141e-02 -6.80089434e-03 -6.80089430e-03 7.13254574e+01 7.13254574e+01 1.73372523e+02 2.03352947e+02 3.24402107e+02 1.26619881e-17 2.58470970e-18 2.57544120e-05 5.19420734e-14 5.69916712e-14 2.13403230e-29 2.94634548e-17 1.67834302e-15 9.73049461e-01 2.30596501e-01
2.09909910e-01 -2.06697975e+01 -2.06697975e+01 -2.50725141e-02 -6.80089483e-03 -6.80089349e-03 7.13254574e+01 7.13254574e+01 1.73372523e+02 2.03194471e+02 3.24404133e+02 1.80674318e-17 2.94430540e-17 2.57913094e-05 7.72096760e-14 1.19967625e-15 2.13209160e-29 2.94189102e-17 5.01778061e-16 9.73115590e-01 2.30317277e-01
2.10210210e-01 -2.06697975e+01 -2.06697975e+01 -2.50725142e-02 -6.80089505e-03 -6.80089377e-03 7.13254574e+01 7.13254574e+01 1.73372523e+02 2.03036143e+02 3.24406152e+02 1.00932322e-16 3.42077739e-17 2.58282068e-05 7.73224420e-14 1.21543493e-15 2.13015164e-29 2.93731481e-17 4.27457168e-16 9.73181488e-01 2.30038671e-01
2.10510511e-01 -2.06697975e+01 -2.06697975e+01 -2.50725145e-02 -6.80089552e-03 -6.80089449e-03 7.13254574e+01 7.13254574e+01 1.73372523e+02 2.02877961e+02 3.24408164e+02 6.22325237e-17 3.60633233e-17 2.58651043e-05 9.65689552e-16 5.26191613e-14 2.13603739e-29 3.15407477e-17 4.86855933e-16 9.73247157e-01 2.29760683e-01
2.10810811e-01 -2.06697975e+01 -2.06697975e+01 -2.50725139e-02 -6.80089497e-03 -6.80089321e-03 7.13254574e+01 7.13254574e+01 1.73372523e+02 2.02719925e+02 3.24410168e+02 5.79156073e-18 9.11912050e-17 2.59020017e-05 1.24406979e-15 1.02398608e-13 2.11845387e-29 2.70597353e-17 1.59823321e-17 9.73312596e-01 2.29483309e-01
2.11111111e-01 -2.06697975e+01 -2.06697975e+01 -2.50725141e-02 -6.80089523e-03 -6.80089303e-03 7.13254574e+01 7.13254574e+01 1.73372523e+02 2.02562036e+02 3.24412165e+02 1.22987198e-17 5.15607400e-17 2.59388992e-05 1.02544047e-13 9.83662693e-16 2.11652104e-29 2.70066614e-17 1.17304040e-16 9.73377808e-01 2.29206549e-01
2.11411411e-01 -2.06697975e+01 -2.06697975e+01 -2.50725140e-02 -6.80089515e-03 -6.80089193e-03 7.13254574e+01 7.13254574e+01 1.73372523e+02 2.02404294e+02 3.24414155e+02 3.48490497e-17 1.94623337e-17 2.59757966e-05 2.06196701e-16 5.28516943e-14 6.50642897e-29 3.14034173e-17 5.37391287e-16 9.73442793e-01 2.28930401e-01
2.11711712e-01 -2.06697975e+01 -2.06697975e+01 -2.50725143e-02 -6.80089439e-03 -6.80089428e-03 7.13254574e+01 7.13254574e+01 1.73372523e+02 2.02246699e+02 3.24416137e+02 4.06821682e-17 1.74894562e-17 2.60126940e-05 2.88490556e-28 1.69406172e-28 3.57091334e-45 5.45937490e-28 1.93619180e-16 9.73507552e-01 2.28654862e-01
2.12012012e-01 -2.06697975e+01 -2.06697975e+01 -2.50725142e-02 -6.80089345e-03 -6.80089312e-03 7.13254574e+01 7.13254574e+01 1.73372523e+02 2.02089251e+02 3.24418112e+02 1.55692074e-17 2.55206404e-18 2.60495915e-05 5.28784957e-14 3.60659164e-15 2.12632921e-29 3.13057679e-17 9.71481215e-16 9.73572086e-01 2.28379930e-01
2.12312312e-01 -2.06697975e+01 -2.06697975e+01 -2.50725143e-02 -6.80089355e-03 -6.80089156e-03 7.13254574e+01 7.13254574e+01 1.73372523e+02 2.01931950e+02 3.24420080e+02 8.66314903e-18 4.84080568e-17 2.60864889e-05 5.30749787e-14 6.48239862e-16 2.12439004e-29 3.12551071e-17 7.47575760e-16 9.73636396e-01 2.28105605e-01
2.12612613e-01 -2.06697975e+01 -2.06697975e+01 -2.50725143e-02 -6.80089479e-03 -6.80089352e-03 7.13254574e+01 7.13254574e+01 1.73372523e+02 2.01774797e+02 3.24422040e+02 5.68361910e-17 1.08920301e-16 2.61233863e-05 1.34536747e-15 7.82028861e-14 2.11466052e-29 2.89630746e-17 5.42333313e-17 9.73700484e-01 2.27831884e-01
2.12912913e-01 -2.06697975e+01 -2.06697975e+01 -2.50725144e-02 -6.80089340e-03 -6.80089301e-03 7.13254574e+01 7.13254574e+01 1.73372523e+02 2.01617790e+02 3.24423994e+02 4.48197957e-17 7.34904664e-18 2.61602838e-05 5.52075340e-15 1.03280695e-13 2.10494157e-29 2.66624922e-17 3.27517847e-16 9.73764349e-01 2.27558765e-01
2.13213213e-01 -2.06697975e+01 -2.06697975e+01 -2.50725143e-02 -6.80089526e-03 -6.80089368e-03 7.13254574e+01 7.13254574e+01 1.73372523e+02 2.01460932e+02 3.24425940e+02 9.81936095e-17 6.15537347e-18 2.61971812e-05 1.03551735e-13 1.56436894e-15 2.10301470e-29 2.66008322e-17 1.42077575e-16 9.73827994e-01 2.27286247e-01
2.13513514e-01 -2.06697975e+01 -2.06697975e+01 -2.50725140e-02 -6.80089571e-03 -6.80089515e-03 7.13254574e+01 7.13254574e+01 1.73372523e+02 2.01304221e+02 3.24427880e+02 2.33803950e-17 1.96269116e-17 2.62340787e-05 4.08886712e-15 1.03627833e-13 2.10108874e-29 2.65379435e-17 3.60782199e-16 9.73891418e-01 2.27014327e-01
2.13813814e-01 -2.06697975e+01 -2.06697975e+01 -2.50725142e-02 -6.80089405e-03 -6.80089258e-03 7.13254574e+01 7.13254574e+01 1.73372523e+02 2.01147657e+02 3.24429812e+02 1.04553907e-16 9.00557842e-17 2.62709761e-05 6.76301084e-16 5.34460846e-14 2.11470722e-29 3.09834503e-17 6.30961048e-16 9.73954624e-01 2.26743005e-01
2.14114114e-01 -2.06697975e+01 -2.06697975e+01 -2.50725142e-02 -6.80089515e-03 -6.80089369e-03 7.13254574e+01 7.13254574e+01 1.73372523e+02 2.00991242e+02 3.24431737e+02 1.61935628e-17 1.00626388e-17 2.63078735e-05 1.86441730e-15 1.03993874e-13 2.09723959e-29 2.64084702e-17 6.11986963e-17 9.74017611e-01 2.26472277e-01
2.14414414e-01 -2.06697975e+01 -2.06697975e+01 -2.50725143e-02 -6.80089276e-03 -6.80089177e-03 7.13254574e+01 7.13254574e+01 1.73372523e+02 2.00834974e+02 3.24433655e+02 3.05029976e-17 4.68634223e-17 2.63447710e-05 2.30417944e-15 1.04129906e-13 2.09531643e-29 2.63418836e-17 1.58047700e-16 9.74080381e-01 2.26202144e-01
2.14714715e-01 -2.06697975e+01 -2.06697975e+01 -2.50725143e-02 -6.80089257e-03 -6.80089194e-03 7.13254574e+01 7.13254574e+01 1.73372523e+02 2.00678854e+02 3.24435567e+02 2.51879576e-17 3.36933519e-17 2.63816684e-05 3.82235296e-15 1.04231259e-13 2.09339422e-29 2.62740641e-17 5.04466970e-16 9.74142936e-01 2.25932602e-01
2.15015015e-01 -2.06697975e+01 -2.06697975e+01 -2.50725142e-02 -6.80089368e-03 -6.80089138e-03 7.13254574e+01 7.13254574e+01 1.73372523e+02 2.00522882e+02 3.24437471e+02 6.29900418e-17 2.74381235e-17 2.64185658e-05 4.67125936e-16 5.37511031e-14 2.10697746e-29 3.07440358e-17 3.71637473e-16 9.74205274e-01 2.25663650e-01
2.15315315e-01 -2.06697975e+01 -2.06697975e+01 -2.50725142e-02 -6.80089368e-03 -6.80089342e-03 7.13254574e+01 7.13254574e+01 1.73372523e+02 2.00367059e+02 3.24439369e+02 3.19650457e-17 9.05638100e-17 2.64554633e-05 9.34442157e-15 5.30139918e-14 6.88992840e-29 3.06811071e-17 1.48070656e-16 9.74267399e-01 2.25395286e-01
2.15615616e-01 -2.06697975e+01 -2.06697975e+01 -2.50725144e-02 -6.80089589e-03 -6.80089381e-03 7.13254574e+01 7.13254574e+01 1.73372523e+02 2.00211383e+02 3.24441260e+02 4.04003146e-17 1.20888845e-18 2.64923607e-05 1.08093772e-15 1.04727807e-13 2.08763350e-29 2.60631937e-17 9.18244074e-16 9.74329310e-01 2.25127508e-01
2.15915916e-01 -2.06697975e+01 -2.06697975e+01 -2.50725141e-02 -6.80089513e-03 -6.80089313e-03 7.13254574e+01 7.13254574e+01 1.73372523e+02 2.00055856e+02 3.24443144e+02 9.54294561e-19 4.55261820e-17 2.65292582e-05 1.04874545e-13 1.14231374e-15 2.08571526e-29 2.59904281e-17 4.76455429e-16 9.74391009e-01 2.24860315e-01
2.16216216e-01 -2.06697975e+01 -2.06697975e+01 -2.50725143e-02 -6.80089575e-03 -6.80089368e-03 7.13254574e+01 7.13254574e+01 1.73372523e+02 1.99900477e+02 3.24445021e+02 5.86888118e-17 2.27595644e-17 2.65661556e-05 7.95490272e-14 1.10268125e-16 6.95405223e-29 2.82006738e-17 1.48121393e-16 9.74452496e-01 2.24593706e-01
2.16516517e-01 -2.06697975e+01 -2.06697975e+01 -2.50725141e-02 -6.80089449e-03 -6.80089405e-03 7.13254574e+01 7.13254574e+01 1.73372523e+02 1.99745247e+02 3.24446891e+02 7.93941131e-17 6.96561870e-18 2.66030530e-05 5.40654471e-14 2.56880716e-15 2.09733724e-29 3.04170644e-17 1.58110184e-15 9.74513772e-01 2.24327677e-01
2.16816817e-01 -2.06697975e+01 -2.06697975e+01 -2.50725141e-02 -6.80089663e-03 -6.80089586e-03 7.13254574e+01 7.13254574e+01 1.73372523e+02 1.99590165e+02 3.24448755e+02 3.87021007e-17 2.69216603e-17 2.66399505e-05 2.61732780e-15 5.41434610e-14 7.04202736e-29 3.03479654e-17 1.97401942e-16 9.74574839e-01 2.24062228e-01
2.17117117e-01 -2.06697975e+01 -2.06697975e+01 -2.50725143e-02 -6.80089442e-03 -6.80089350e-03 7.13254574e+01 7.13254574e+01 1.73372523e+02 1.99435232e+02 3.24450612e+02 1.23406229e-16 3.32824914e-18 2.66768479e-05 1.32724835e-16 3.30686032e-14 7.09527653e-29 3.21791427e-17 1.50978130e-16 9.74635697e-01 2.23797357e-01
2.17417417e-01 -2.06697975e+01 -2.06697975e+01 -2.50725142e-02 -6.80089431e-03 -6.80089409e-03 7.13254574e+01 7.13254574e+01 1.73372523e+02 1.99280448e+02 3.24452462e+02 3.60609781e-18 5.85411008e-17 2.67137453e-05 1.85920983e-15 1.80493190e-14 4.76716570e-33 3.67086864e-17 7.84979775e-16 9.74696347e-01 2.23533062e-01
2.17717718e-01 -2.06697975e+01 -2.06697975e+01 -2.50725142e-02 -6.80089607e-03 -6.80089421e-03 7.13254574e+01 7.13254574e+01 1.73372523e+02 1.99125812e+02 3.24454306e+02 1.83136187e-16 6.13191083e-17 2.67506428e-05 4.28363496e-16 3.31640962e-14 7.15725296e-29 3.20408934e-17 3.92869174e-16 9.74756790e-01 2.23269342e-01
2.18018018e-01 -2.06697975e+01 -2.06697975e+01 -2.50725142e-02 -6.80089435e-03 -6.80089405e-03 7.13254574e+01 7.13254574e+01 1.73372523e+02 1.98971325e+02 3.24456143e+02 4.93526019e-17 4.98293898e-17 2.67875402e-05 1.30674510e-15 1.81499361e-14 4.76141549e-33 3.65827667e-17 6.99036044e-16 9.74817027e-01 2.23006194e-01
2.18318318e-01 -2.06697975e+01 -2.06697975e+01 -2.50725142e-02 -6.80089441e-03 -6.80089405e-03 7.13254574e+01 7.13254574e+01 1.73372523e+02 1.98816988e+02 3.24457973e+02 1.69540663e-16 4.12481512e-17 2.68244377e-05 1.09583532e-15 1.81872710e-14 4.75839450e-33 3.65179576e-17 2.58063128e-16 9.74877059e-01 2.22743617e-01
2.18618619e-01 -2.06697975e+01 -2.06697975e+01 -2.50725141e-02 -6.80089350e-03 -6.80089292e-03 7.13254574e+01 7.13254574e+01 1.73372523e+02 1.98662799e+02 3.24459797e+02 6.72350311e-17 3.34672629e-17 2.68613351e-05 1.36881804e-15 3.32718682e-14 2.09025796e-29 3.18242379e-17 1.12615418e-16 9.74936886e-01 2.22481610e-01
2.18918919e-01 -2.06697975e+01 -2.06697975e+01 -2.50725143e-02 -6.80089434e-03 -6.80089414e-03 7.13254574e+01 7.13254574e+01 1.73372523e+02 1.98508759e+02 3.24461615e+02 1.05187047e-17 7.95412926e-17 2.68982325e-05 1.97528532e-15 1.81511805e-14 4.75206070e-33 3.63846364e-17 2.65911568e-16 9.74996510e-01 2.22220170e-01
2.19219219e-01 -2.06697975e+01 -2.06697975e+01 -2.50725140e-02 -6.80089368e-03 -6.80089131e-03 7.13254574e+01 7.13254574e+01 1.73372523e+02 1.98354868e+02 3.24463426e+02 4.38424037e-17 9.12439931e-18 2.69351300e-05 8.42137649e-17 7.55104832e-15 7.34207398e-29 3.39948631e-17 4.89947180e-17 9.75055932e-01 2.21959296e-01
2.19519520e-01 -2.06697975e+01 -2.06697975e+01 -2.50725141e-02 -6.80089515e-03 -6.80089177e-03 7.13254574e+01 7.13254574e+01 1.73372523e+02 1.98201127e+02 3.24465230e+02 9.43866367e-17 5.28434729e-17 2.69720274e-05 5.45964051e-17 7.55144454e-15 7.37387529e-29 3.39213997e-17 4.01061410e-17 9.75115151e-01 2.21698987e-01
2.19819820e-01 -2.06697975e+01 -2.06697975e+01 -2.50725141e-02 -6.80089652e-03 -6.80089368e-03 7.13254574e+01 7.13254574e+01 1.73372523e+02 1.98047534e+02 3.24467029e+02 2.55721017e-17 4.36980214e-17 2.70089248e-05 3.34797103e-14 3.09891485e-16 7.37751180e-29 3.15180054e-17 3.83412837e-16 9.75174170e-01 2.21439240e-01
2.20120120e-01 -2.06697975e+01 -2.06697975e+01 -2.50725142e-02 -6.80089436e-03 -6.80089405e-03 7.13254574e+01 7.13254574e+01 1.73372523e+02 1.97894091e+02 3.24468820e+02 7.97535518e-18 1.42198715e-17 2.70458223e-05 1.27211093e-15 1.83378857e-14 4.73822558e-33 3.61031566e-17 2.35413963e-15 9.75232989e-01 2.21180054e-01
2.20420420e-01 -2.06697975e+01 -2.06697975e+01 -2.50725141e-02 -6.80089436e-03 -6.80089409e-03 7.13254574e+01 7.13254574e+01 1.73372523e+02 1.97740798e+02 3.24470606e+02 4.47334098e-17 2.29366636e-17 2.70827197e-05 1.49050408e-15 1.83312915e-14 4.73452351e-33 3.60296901e-17 6.31772953e-16 9.75291609e-01 2.20921428e-01
2.20720721e-01 -2.06697975e+01 -2.06697975e+01 -2.50725141e-02 -6.80089589e-03 -6.80089315e-03 7.13254574e+01 7.13254574e+01 1.73372523e+02 1.97587653e+02 3.24472385e+02 5.26629022e-17 6.15116162e-17 2.71196172e-05 2.93510415e-16 3.36103360e-14 7.47351717e-29 3.12752717e-17 7.77609082e-16 9.75350030e-01 2.20663359e-01
2.21021021e-01 -2.06697975e+01 -2.06697975e+01 -2.50725140e-02 -6.80089435e-03 -6.80089395e-03 7.13254574e+01 7.13254574e+01 1.73372523e+02 1.97434658e+02 3.24474158e+02 3.02722789e-17 2.85059171e-18 2.71565146e-05 4.20068903e-16 7.58742792e-15 4.53003887e-33 3.35354524e-17 3.93519299e-16 9.75408254e-01 2.20405847e-01
2.21321321e-01 -2.06697975e+01 -2.06697975e+01 -2.50725142e-02 -6.80089535e-03 -6.80089462e-03 7.13254574e+01 7.13254574e+01 1.73372523e+02 1.97281813e+02 3.24475924e+02 3.07058703e-17 2.10451814e-17 2.71934120e-05 6.48940360e-16 1.84580351e-14 7.59585033e-29 3.58018461e-17 4.55837519e-16 9.75466281e-01 2.20148889e-01
2.21621622e-01 -2.06697975e+01 -2.06697975e+01 -2.50725140e-02 -6.80089439e-03 -6.80089428e-03 7.13254574e+01 7.13254574e+01 1.73372523e+02 1.97129117e+02 3.24477684e+02 2.39682700e-17 7.39645463e-17 2.72303095e-05 2.77785310e-28 1.63119884e-28 3.55263016e-45 5.25678959e-28 3.95329926e-16 9.75524113e-01 2.19892483e-01
2.21921922e-01 -2.06697975e+01 -2.06697975e+01 -2.50725142e-02 -6.80089433e-03 -6.80089400e-03 7.13254574e+01 7.13254574e+01 1.73372523e+02 1.96976571e+02 3.24479438e+02 7.11702565e-19 8.79411276e-17 2.72672069e-05 1.22791298e-15 1.84873124e-14 4.71455304e-33 3.56437323e-17 5.96547102e-16 9.75581750e-01 2.19636629e-01
2.22222222e-01 -2.06697975e+01 -2.06697975e+01 -2.50725141e-02 -6.80089571e-03 -6.80089163e-03 7.13254574e+01 7.13254574e+01 1.73372523e+02 1.96824175e+02 3.24481186e+02 7.36082884e-18 6.54001338e-17 2.73041043e-05 2.99224696e-16 3.38455759e-14 2.06727668e-29 3.08457807e-17 3.08950874e-16 9.75639192e-01 2.19381325e-01
2.22522523e-01 -2.06697975e+01 -2.06697975e+01 -2.50725142e-02 -6.80089438e-03 -6.80089405e-03 7.13254574e+01 7.13254574e+01 1.73372523e+02 1.96671928e+02 3.24482928e+02 6.64009087e-17 1.05406228e-16 2.73410018e-05 2.25059306e-15 3.38195206e-14 4.30953972e-33 3.07561345e-17 6.48712975e-16 9.75696442e-01 2.19126568e-01
2.22822823e-01 -2.06697975e+01 -2.06697975e+01 -2.50725143e-02 -6.80089439e-03 -6.80089428e-03 7.13254574e+01 7.13254574e+01 1.73372523e+02 1.96519831e+02 3.24484663e+02 3.76546334e-17 7.66796025e-17 2.73778992e-05 2.76496219e-28 1.62362909e-28 3.54999248e-45 5.23239490e-28 6.12639740e-16 9.75753499e-01 2.18872358e-01
2.23123123e-01 -2.06697975e+01 -2.06697975e+01 -2.50725139e-02 -6.80089368e-03 -6.80089252e-03 7.13254574e+01 7.13254574e+01 1.73372523e+02 1.96367884e+02 3.24486393e+02 9.44441942e-19 5.60357652e-17 2.74147967e-05 2.23793236e-16 1.86255415e-14 7.79363532e-29 3.53125591e-17 1.02556989e-15 9.75810364e-01 2.18618693e-01
2.23423423e-01 -2.06697975e+01 -2.06697975e+01 -2.50725145e-02 -6.80089439e-03 -6.80089428e-03 7.13254574e+01 7.13254574e+01 1.73372523e+02 1.96216087e+02 3.24488116e+02 1.78901249e-17 1.01466510e-16 2.74516941e-05 2.75852592e-28 1.61984962e-28 3.54864178e-45 5.22021497e-28 2.55257318e-17 9.75867038e-01 2.18365571e-01
2.23723724e-01 -2.06697975e+01 -2.06697975e+01 -2.50725141e-02 -6.80089439e-03 -6.80089395e-03 7.13254574e+01 7.13254574e+01 1.73372523e+02 1.96064439e+02 3.24489834e+02 3.80007937e-17 4.49709980e-18 2.74885915e-05 9.32271818e-16 1.86642340e-14 4.68737502e-33 3.51394824e-17 1.77054313e-16 9.75923523e-01 2.18112990e-01
2.24024024e-01 -2.06697975e+01 -2.06697975e+01 -2.50725143e-02 -6.80089500e-03 -6.80089405e-03 7.13254574e+01 7.13254574e+01 1.73372523e+02 1.95912942e+02 3.24491545e+02 8.93157711e-17 2.44163696e-18 2.75254890e-05 3.41055201e-14 8.83479991e-16 2.05585217e-29 3.02890994e-17 1.03516331e-15 9.75979818e-01 2.17860949e-01
2.24324324e-01 -2.06697975e+01 -2.06697975e+01 -2.50725141e-02 -6.80089590e-03 -6.80089570e-03 7.13254574e+01 7.13254574e+01 1.73372523e+02 1.95761594e+02 3.24493250e+02 1.26864981e-16 4.76549343e-17 2.75623864e-05 7.69102876e-15 3.32924131e-14 7.86738829e-29 3.01919263e-17 7.70320555e-16 9.76035925e-01 2.17609447e-01
2.24624625e-01 -2.06697975e+01 -2.06697975e+01 -2.50725141e-02 -6.80089602e-03 -6.80089442e-03 7.13254574e+01 7.13254574e+01 1.73372523e+02 1.95610396e+02 3.24494950e+02 3.88550435e-17 6.59565711e-17 2.75992838e-05 3.42114865e-14 3.32800084e-16 7.90093277e-29 3.00934920e-17 3.39088975e-16 9.76091845e-01 2.17358482e-01
2.24924925e-01 -2.06697975e+01 -2.06697975e+01 -2.50725142e-02 -6.80089289e-03 -6.80089183e-03 7.13254574e+01 7.13254574e+01 1.73372523e+02 1.95459349e+02 3.24496643e+02 5.10424949e-17 1.24037843e-16 2.76361813e-05 3.42486441e-14 7.83734551e-16 2.05015741e-29 2.99938020e-17 8.12346264e-16 9.76147578e-01 2.17108052e-01
2.25225225e-01 -2.06697975e+01 -2.06697975e+01 -2.50725141e-02 -6.80089371e-03 -6.80089331e-03 7.13254574e+01 7.13254574e+01 1.73372523e+02 1.95308451e+02 3.24498330e+02 5.39630406e-17 4.76591574e-18 2.76730787e-05 1.87769773e-14 9.65211895e-16 2.06342783e-29 3.46848850e-17 1.89583161e-15 9.76203124e-01 2.16858155e-01
2.25525526e-01 -2.06697975e+01 -2.06697975e+01 -2.50725141e-02 -6.80089423e-03 -6.80089377e-03 7.13254574e+01 7.13254574e+01 1.73372523e+02 1.95157704e+02 3.24500012e+02 2.59159658e-17 1.31819288e-17 2.77099762e-05 1.62840932e-15 3.43112247e-14 2.04636755e-29 2.97906414e-17 2.15270182e-16 9.76258486e-01 2.16608791e-01
2.25825826e-01 -2.06697975e+01 -2.06697975e+01 -2.50725143e-02 -6.80089447e-03 -6.80089437e-03 7.13254574e+01 7.13254574e+01 1.73372523e+02 1.95007107e+02 3.24501688e+02 7.92385932e-17 2.78856014e-17 2.77468736e-05 1.69621991e-15 7.58870937e-15 4.45001718e-33 3.20907131e-17 1.69853681e-16 9.76313663e-01 2.16359958e-01
2.26126126e-01 -2.06697975e+01 -2.06697975e+01 -2.50725141e-02 -6.80089517e-03 -6.80089294e-03 7.13254574e+01 7.13254574e+01 1.73372523e+02 1.94856660e+02 3.24503358e+02 1.08051300e-17 1.61072712e-16 2.77837710e-05 3.44171940e-14 1.32815638e-15 8.07034878e-29 2.95824326e-17 2.10572408e-16 9.76368656e-01 2.16111653e-01
2.26426426e-01 -2.06697975e+01 -2.06697975e+01 -2.50725142e-02 -6.80089566e-03 -6.80089294e-03 7.13254574e+01 7.13254574e+01 1.73372523e+02 1.94706363e+02 3.24505022e+02 3.47387333e-17 7.04904249e-17 2.78206685e-05 3.44810681e-14 2.71095340e-16 8.10457290e-29 2.94764345e-17 2.99478725e-16 9.76423467e-01 2.15863876e-01
2.26726727e-01 -2.06697975e+01 -2.06697975e+01 -2.50725143e-02 -6.80089339e-03 -6.80089293e-03 7.13254574e+01 7.13254574e+01 1.73372523e+02 1.94556216e+02 3.24506680e+02 3.37976928e-17 1.17344342e-16 2.78575659e-05 3.43497813e-14 3.45769057e-15 8.13891138e-29 2.93691644e-17 6.48495525e-16 9.76478095e-01 2.15616625e-01
2.27027027e-01 -2.06697975e+01 -2.06697975e+01 -2.50725143e-02 -6.80089689e-03 -6.80089515e-03 7.13254574e+01 7.13254574e+01 1.73372523e+02 1.94406219e+02 3.24508333e+02 6.78511618e-17 2.19714044e-18 2.78944633e-05 3.45790544e-14 2.19179548e-16 8.17336455e-29 2.92606361e-17 5.15621950e-16 9.76532542e-01 2.15369899e-01
2.27327327e-01 -2.06697975e+01 -2.06697975e+01 -2.50725138e-02 -6.80089665e-03 -6.80089515e-03 7.13254574e+01 7.13254574e+01 1.73372523e+02 1.94256373e+02 3.24509980e+02 5.05483725e-17 3.63843583e-17 2.79313608e-05 7.82849534e-15 4.30123163e-17 8.23941878e-29 3.15732566e-17 5.10923246e-17 9.76586809e-01 2.15123695e-01
2.27627628e-01 -2.06697975e+01 -2.06697975e+01 -2.50725142e-02 -6.80089497e-03 -6.80089428e-03 7.13254574e+01 7.13254574e+01 1.73372523e+02 1.94106677e+02 3.24511621e+02 1.31122601e-16 1.56884447e-17 2.79682582e-05 1.13764773e-15 3.46455924e-14 2.03314618e-29 2.90397727e-17 1.11799536e-15 9.76640895e-01 2.14878013e-01
2.27927928e-01 -2.06697975e+01 -2.06697975e+01 -2.50725141e-02 -6.80089479e-03 -6.80089393e-03 7.13254574e+01 7.13254574e+01 1.73372523e+02 1.93957131e+02 3.24513256e+02 8.93509093e-17 9.26814034e-17 2.80051557e-05 9.48300136e-16 3.46987279e-14 2.03126300e-29 2.89274374e-17 1.38806757e-15 9.76694803e-01 2.14632851e-01
2.28228228e-01 -2.06697975e+01 -2.06697975e+01 -2.50725139e-02 -6.80089438e-03 -6.80089427e-03 7.13254574e+01 7.13254574e+01 1.73372523e+02 1.93807736e+02 3.24514886e+02 8.42038503e-17 3.56743101e-17 2.80420531e-05 1.85785958e-14 4.17688083e-15 4.60408142e-33 3.36813793e-17 7.06792398e-16 9.76748533e-01 2.14388207e-01
2.28528529e-01 -2.06697975e+01 -2.06697975e+01 -2.50725142e-02 -6.80089548e-03 -6.80089497e-03 7.13254574e+01 7.13254574e+01 1.73372523e+02 1.93658491e+02 3.24516510e+02 1.68174429e-17 4.79709273e-18 2.80789505e-05 3.47647605e-14 1.58575680e-15 2.02750093e-29 2.86989579e-17 1.41575250e-15 9.76802084e-01 2.14144080e-01
2.28828829e-01 -2.06697975e+01 -2.06697975e+01 -2.50725140e-02 -6.80089486e-03 -6.80089202e-03 7.13254574e+01 7.13254574e+01 1.73372523e+02 1.93509396e+02 3.24518129e+02 3.93650422e-17 4.20393262e-17 2.81158480e-05 3.48458032e-14 3.19407719e-16 2.02562205e-29 2.85828122e-17 1.09376508e-15 9.76855459e-01 2.13900469e-01
2.29129129e-01 -2.06697975e+01 -2.06697975e+01 -2.50725141e-02 -6.80089543e-03 -6.80089368e-03 7.13254574e+01 7.13254574e+01 1.73372523e+02 1.93360451e+02 3.24519742e+02 6.71076106e-17 8.25132249e-17 2.81527454e-05 3.48995636e-14 2.28297341e-16 8.41777462e-29 2.84653897e-17 6.88622717e-16 9.76908658e-01 2.13657371e-01
2.29429429e-01 -2.06697975e+01 -2.06697975e+01 -2.50725144e-02 -6.80089716e-03 -6.80089368e-03 7.13254574e+01 7.13254574e+01 1.73372523e+02 1.93211657e+02 3.24521349e+02 5.31471336e-18 8.29809400e-18 2.81896428e-05 3.49485458e-14 2.23485318e-16 8.45315674e-29 2.83466977e-17 1.87139059e-16 9.76961682e-01 2.13414786e-01
2.29729730e-01 -2.06697975e+01 -2.06697975e+01 -2.50725141e-02 -6.80089385e-03 -6.80089257e-03 7.13254574e+01 7.13254574e+01 1.73372523e+02 1.93063013e+02 3.24522951e+02 1.24578948e-17 5.40943557e-17 2.82265403e-05 3.49814798e-14 7.21324173e-16 2.01999414e-29 2.82267267e-17 3.91188976e-16 9.77014531e-01 2.13172712e-01
2.30030030e-01 -2.06697975e+01 -2.06697975e+01 -2.50725140e-02 -6.80089453e-03 -6.80089331e-03 7.13254574e+01 7.13254574e+01 1.73372523e+02 1.92914520e+02 3.24524547e+02 2.72956262e-17 1.49257530e-17 2.82634377e-05 3.50296785e-14 5.71948479e-16 2.01812111e-29 2.81054852e-17 1.11246976e-15 9.77067206e-01 2.12931147e-01
2.30330330e-01 -2.06697975e+01 -2.06697975e+01 -2.50725141e-02 -6.80089435e-03 -6.80089430e-03 7.13254574e+01 7.13254574e+01 1.73372523e+02 1.92766177e+02 3.24526138e+02 1.35848361e-16 3.27551309e-17 2.83003352e-05 5.56622674e-15 5.62170713e-15 4.35232696e-33 3.04433158e-17 6.37842578e-16 9.77119709e-01 2.12690090e-01
2.30630631e-01 -2.06697975e+01 -2.06697975e+01 -2.50725141e-02 -6.80089515e-03 -6.80089324e-03 7.13254574e+01 7.13254574e+01 1.73372523e+02 1.92617985e+02 3.24527724e+02 8.51788648e-20 2.66191150e-17 2.83372326e-05 1.08668189e-15 3.51081106e-14 8.59586418e-29 2.78591560e-17 1.21532976e-16 9.77172038e-01 2.12449540e-01
2.30930931e-01 -2.06697975e+01 -2.06697975e+01 -2.50725141e-02 -6.80089368e-03 -6.80089238e-03 7.13254574e+01 7.13254574e+01 1.73372523e+02 1.92469942e+02 3.24529304e+02 2.02302210e-17 3.24516370e-17 2.83741300e-05 1.38987343e-15 3.51413663e-14 8.63183740e-29 2.77340770e-17 2.26358789e-16 9.77224196e-01 2.12209495e-01
2.31231231e-01 -2.06697975e+01 -2.06697975e+01 -2.50725141e-02 -6.80089447e-03 -6.80089328e-03 7.13254574e+01 7.13254574e+01 1.73372523e+02 1.92322051e+02 3.24530878e+02 4.85530556e-17 4.90098050e-17 2.84110275e-05 3.52131675e-14 4.94486356e-16 8.66792982e-29 2.76077184e-17 3.79745590e-16 9.77276183e-01 2.11969953e-01
2.31531532e-01 -2.06697975e+01 -2.06697975e+01 -2.50725141e-02 -6.80089439e-03 -6.80089428e-03 7.13254574e+01 7.13254574e+01 1.73372523e+02 1.92174309e+02 3.24532448e+02 6.89066304e-18 2.29219047e-17 2.84479249e-05 2.67234594e-28 1.56924338e-28 3.52844782e-45 5.05712857e-28 5.46930817e-16 9.77328000e-01 2.11730913e-01
2.31831832e-01 -2.06697975e+01 -2.06697975e+01 -2.50725142e-02 -6.80089446e-03 -6.80089343e-03 7.13254574e+01 7.13254574e+01 1.73372523e+02 1.92026719e+02 3.24534011e+02 9.36747889e-17 7.44661141e-18 2.84848223e-05 3.53018354e-14 5.27872815e-16 8.74047360e-29 2.73511510e-17 8.19097492e-16 9.77379647e-01 2.11492374e-01
2.32132132e-01 -2.06697975e+01 -2.06697975e+01 -2.50725140e-02 -6.80089315e-03 -6.80089293e-03 7.13254574e+01 7.13254574e+01 1.73372523e+02 1.91879278e+02 3.24535570e+02 4.69210267e-18 3.08435998e-17 2.85217198e-05 3.46028632e-14 7.21110735e-15 8.77692561e-29 2.72209486e-17 1.17007138e-16 9.77431126e-01 2.11254335e-01
2.32432432e-01 -2.06697975e+01 -2.06697975e+01 -2.50725140e-02 -6.80089652e-03 -6.80089294e-03 7.13254574e+01 7.13254574e+01 1.73372523e+02 1.91731988e+02 3.24537123e+02 6.15082227e-17 1.34643135e-16 2.85586172e-05 3.54005960e-14 3.35990863e-16 8.81349814e-29 2.70894541e-17 4.66434431e-16 9.77482436e-01 2.11016793e-01
2.32732733e-01 -2.06697975e+01 -2.06697975e+01 -2.50725143e-02 -6.80089428e-03 -6.80089418e-03 7.13254574e+01 7.13254574e+01 1.73372523e+02 1.91584848e+02 3.24538671e+02 1.12717124e-17 8.41724653e-18 2.85955147e-05 1.89552949e-14 4.24718741e-15 4.49883933e-33 3.19384681e-17 9.87141623e-16 9.77533579e-01 2.10779748e-01
2.33033033e-01 -2.06697975e+01 -2.06697975e+01 -2.50725141e-02 -6.80089516e-03 -6.80089502e-03 7.13254574e+01 7.13254574e+01 1.73372523e+02 1.91437859e+02 3.24540214e+02 1.07171374e-17 1.74941572e-16 2.86324121e-05 5.73172014e-15 3.50208985e-14 1.99947349e-29 2.68226059e-17 2.87554155e-16 9.77584555e-01 2.10543197e-01
2.33333333e-01 -2.06697975e+01 -2.06697975e+01 -2.50725138e-02 -6.80089438e-03 -6.80089432e-03 7.13254574e+01 7.13254574e+01 1.73372523e+02 1.91291020e+02 3.24541751e+02 1.63827382e-16 4.52640149e-17 2.86693095e-05 1.80706493e-14 7.28541896e-15 4.48314730e-33 3.16843741e-17 6.83419843e-16 9.77635364e-01 2.10307140e-01
2.33633634e-01 -2.06697975e+01 -2.06697975e+01 -2.50725141e-02 -6.80089589e-03 -6.80089342e-03 7.13254574e+01 7.13254574e+01 1.73372523e+02 1.91144332e+02 3.24543283e+02 8.08135820e-17 6.23343370e-17 2.87062070e-05 6.18419204e-16 7.45803755e-14 2.02552496e-29 3.65601899e-17 1.04932961e-15 9.77686009e-01 2.10071575e-01
2.33933934e-01 -2.06697975e+01 -2.06697975e+01 -2.50725140e-02 -6.80089479e-03 -6.80089381e-03 7.13254574e+01 7.13254574e+01 1.73372523e+02 1.90997794e+02 3.24544810e+02 1.16539081e-16 8.77768508e-17 2.87431044e-05 4.60834807e-16 1.95202559e-14 2.00878026e-29 3.14251449e-17 1.03439943e-15 9.77736489e-01 2.09836501e-01
2.34234234e-01 -2.06697975e+01 -2.06697975e+01 -2.50725141e-02 -6.80089621e-03 -6.80089147e-03 7.13254574e+01 7.13254574e+01 1.73372523e+02 1.90851406e+02 3.24546332e+02 2.29763906e-17 5.66755577e-17 2.87800018e-05 7.47833568e-14 3.97497939e-16 2.02177922e-29 3.63137454e-17 1.20066477e-15 9.77786805e-01 2.09601917e-01
2.34534535e-01 -2.06697975e+01 -2.06697975e+01 -2.50725141e-02 -6.80089331e-03 -6.80089316e-03 7.13254574e+01 7.13254574e+01 1.73372523e+02 1.90705169e+02 3.24547849e+02 2.78337958e-17 2.03005020e-18 2.88168993e-05 2.86663663e-15 1.93697294e-14 2.00505814e-29 3.11607748e-17 9.82825770e-16 9.77836957e-01 2.09367820e-01
2.34834835e-01 -2.06697975e+01 -2.06697975e+01 -2.50725140e-02 -6.80089442e-03 -6.80089385e-03 7.13254574e+01 7.13254574e+01 1.73372523e+02 1.90559082e+02 3.24549361e+02 5.98926805e-17 3.85590327e-17 2.88537967e-05 7.49256228e-14 2.73790602e-15 9.25038049e-29 3.60621812e-17 7.05800705e-17 9.77886947e-01 2.09134209e-01
2.35135135e-01 -2.06697975e+01 -2.06697975e+01 -2.50725142e-02 -6.80089442e-03 -6.80089298e-03 7.13254574e+01 7.13254574e+01 1.73372523e+02 1.90413145e+02 3.24550867e+02 1.62411681e-17 6.20172112e-17 2.88906942e-05 4.96125408e-16 1.96298945e-14 9.21838322e-29 3.08912504e-17 5.46596858e-17 9.77936775e-01 2.08901084e-01
2.35435435e-01 -2.06697975e+01 -2.06697975e+01 -2.50725141e-02 -6.80089439e-03 -6.80089428e-03 7.13254574e+01 7.13254574e+01 1.73372523e+02 1.90267359e+02 3.24552368e+02 6.16873666e-17 3.40745900e-17 2.89275916e-05 2.63140638e-28 1.54520303e-28 3.51752036e-45 4.97965484e-28 7.60464295e-17 9.77986442e-01 2.08668442e-01
2.35735736e-01 -2.06697975e+01 -2.06697975e+01 -2.50725142e-02 -6.80089405e-03 -6.80089109e-03 7.13254574e+01 7.13254574e+01 1.73372523e+02 1.90121723e+02 3.24553865e+02 5.02112279e-17 6.93718381e-18 2.89644890e-05 3.80135750e-16 7.52582288e-14 2.01244257e-29 3.56752007e-17 5.16656574e-16 9.78035948e-01 2.08436283e-01
2.36036036e-01 -2.06697975e+01 -2.06697975e+01 -2.50725141e-02 -6.80089385e-03 -6.80089331e-03 7.13254574e+01 7.13254574e+01 1.73372523e+02 1.89976237e+02 3.24555356e+02 1.53521085e-17 1.99880499e-17 2.90013865e-05 7.53094080e-14 2.76690744e-15 2.01058005e-29 3.55436360e-17 7.13017905e-16 9.78085294e-01 2.08204604e-01
2.36336336e-01 -2.06697975e+01 -2.06697975e+01 -2.50725142e-02 -6.80089301e-03 -6.80089293e-03 7.13254574e+01 7.13254574e+01 1.73372523e+02 1.89830902e+02 3.24556842e+02 5.89732029e-17 1.65723562e-18 2.90382839e-05 7.15260782e-14 2.40188716e-14 2.00871914e-29 3.54107808e-17 8.58214048e-16 9.78134480e-01 2.07973405e-01
2.36636637e-01 -2.06697975e+01 -2.06697975e+01 -2.50725142e-02 -6.80089552e-03 -6.80089286e-03 7.13254574e+01 7.13254574e+01 1.73372523e+02 1.89685717e+02 3.24558323e+02 2.11341970e-17 9.03969792e-17 2.90751813e-05 1.50002992e-16 1.97568198e-14 1.99208104e-29 3.01948526e-17 2.06639716e-16 9.78183508e-01 2.07742685e-01
2.36936937e-01 -2.06697975e+01 -2.06697975e+01 -2.50725140e-02 -6.80089368e-03 -6.80089271e-03 7.13254574e+01 7.13254574e+01 1.73372523e+02 1.89540682e+02 3.24559800e+02 5.99689016e-17 1.18097347e-17 2.91120788e-05 1.56387651e-15 7.56306925e-14 9.52082756e-29 3.51412069e-17 7.07440089e-16 9.78232378e-01 2.07512441e-01
2.37237237e-01 -2.06697975e+01 -2.06697975e+01 -2.50725142e-02 -6.80089294e-03 -6.80089207e-03 7.13254574e+01 7.13254574e+01 1.73372523e+02 1.89395797e+02 3.24561271e+02 1.47109904e-17 4.14504678e-17 2.91489762e-05 6.85234941e-16 1.97985512e-14 9.48764845e-29 2.99072353e-17 1.41669222e-16 9.78281091e-01 2.07282672e-01
2.37537538e-01 -2.06697975e+01 -2.06697975e+01 -2.50725141e-02 -6.80089436e-03 -6.80089405e-03 7.13254574e+01 7.13254574e+01 1.73372523e+02 1.89251063e+02 3.24562737e+02 1.42701489e-16 1.68014774e-17 2.91858737e-05 1.37899183e-15 1.97828255e-14 4.36235974e-33 2.97614754e-17 2.55032304e-15 9.78329647e-01 2.07053378e-01
2.37837838e-01 -2.06697975e+01 -2.06697975e+01 -2.50725142e-02 -6.80089495e-03 -6.80089368e-03 7.13254574e+01 7.13254574e+01 1.73372523e+02 1.89106478e+02 3.24564199e+02 5.76719678e-17 2.82688145e-17 2.92227711e-05 7.59236259e-14 1.29938397e-15 1.99943909e-29 3.47271570e-17 4.21643298e-16 9.78378047e-01 2.06824556e-01
2.38138138e-01 -2.06697975e+01 -2.06697975e+01 -2.50725141e-02 -6.80089379e-03 -6.80089183e-03 7.13254574e+01 7.13254574e+01 1.73372523e+02 1.88962044e+02 3.24565655e+02 3.41393165e-17 4.06281812e-17 2.92596685e-05 1.98860468e-14 2.33021884e-16 1.98286053e-29 2.94660646e-17 1.00220130e-15 9.78426291e-01 2.06596206e-01
2.38438438e-01 -2.06697975e+01 -2.06697975e+01 -2.50725143e-02 -6.80089368e-03 -6.80089161e-03 7.13254574e+01 7.13254574e+01 1.73372523e+02 1.88817760e+02 3.24567107e+02 6.83712874e-17 2.85303671e-17 2.92965660e-05 1.02460651e-15 7.61147289e-14 1.99573862e-29 3.44446552e-17 7.69573104e-16 9.78474380e-01 2.06368326e-01
2.38738739e-01 -2.06697975e+01 -2.06697975e+01 -2.50725142e-02 -6.80089516e-03 -6.80089452e-03 7.13254574e+01 7.13254574e+01 1.73372523e+02 1.88673627e+02 3.24568554e+02 1.18574176e-18 7.53706560e-18 2.93334634e-05 2.58667677e-15 7.61772219e-14 1.99389087e-29 3.43014568e-17 7.44432549e-16 9.78522316e-01 2.06140915e-01
2.39039039e-01 -2.06697975e+01 -2.06697975e+01 -2.50725142e-02 -6.80089368e-03 -6.80089202e-03 7.13254574e+01 7.13254574e+01 1.73372523e+02 1.88529643e+02 3.24569996e+02 1.22925664e-17 4.50773226e-17 2.93703608e-05 1.06386788e-15 7.63102070e-14 1.99204480e-29 3.41569632e-17 1.53368825e-15 9.78570098e-01 2.05913971e-01
2.39339339e-01 -2.06697975e+01 -2.06697975e+01 -2.50725141e-02 -6.80089436e-03 -6.80089405e-03 7.13254574e+01 7.13254574e+01 1.73372523e+02 1.88385809e+02 3.24571433e+02 1.07821899e-17 2.92339261e-17 2.94072583e-05 1.39685500e-15 1.99333691e-14 4.30472809e-33 2.88596183e-17 1.95677122e-15 9.78617726e-01 2.05687493e-01
2.39639640e-01 -2.06697975e+01 -2.06697975e+01 -2.50725140e-02 -6.80089439e-03 -6.80089428e-03 7.13254574e+01 7.13254574e+01 1.73372523e+02 1.88242126e+02 3.24572866e+02 9.10245598e-17 1.50824213e-17 2.94441557e-05 2.58778876e-28 1.51959009e-28 3.50496237e-45 4.89711317e-28 2.78962294e-17 9.78665203e-01 2.05461480e-01
2.39939940e-01 -2.06697975e+01 -2.06697975e+01 -2.50725140e-02 -6.80089439e-03 -6.80089428e-03 7.13254574e+01 7.13254574e+01 1.73372523e+02 1.88098592e+02 3.24574293e+02 2.06162559e-17 1.17520928e-17 2.94810532e-05 2.58469313e-28 1.51777228e-28 3.50403569e-45 4.89125502e-28 1.40565768e-16 9.78712528e-01 2.05235930e-01
2.40240240e-01 -2.06697975e+01 -2.06697975e+01 -2.50725140e-02 -6.80089294e-03 -6.80089116e-03 7.13254574e+01 7.13254574e+01 1.73372523e+02 1.87955208e+02 3.24575716e+02 2.12955595e-18 2.51167174e-18 2.95179506e-05 6.92213666e-16 7.67000795e-14 9.95852947e-29 3.35659935e-17 6.47038982e-17 9.78759702e-01 2.05010842e-01
2.40540541e-01 -2.06697975e+01 -2.06697975e+01 -2.50725143e-02 -6.80089339e-03 -6.80089330e-03 7.13254574e+01 7.13254574e+01 1.73372523e+02 1.87811974e+02 3.24577134e+02 8.91328733e-17 2.90204826e-17 2.95548480e-05 7.40365633e-14 2.04075989e-14 1.98283974e-29 3.34149894e-17 1.81467158e-15 9.78806725e-01 2.04786215e-01
2.40840841e-01 -2.06697975e+01 -2.06697975e+01 -2.50725141e-02 -6.80089454e-03 -6.80089405e-03 7.13254574e+01 7.13254574e+01 1.73372523e+02 1.87668891e+02 3.24578548e+02 3.93968052e-17 8.11118563e-18 2.95917455e-05 7.68194397e-14 3.48832321e-15 1.98100383e-29 3.32626844e-17 7.38214183e-16 9.78853599e-01 2.04562048e-01
2.41141141e-01 -2.06697975e+01 -2.06697975e+01 -2.50725142e-02 -6.80089317e-03 -6.80089147e-03 7.13254574e+01 7.13254574e+01 1.73372523e+02 1.87525957e+02 3.24579957e+02 1.06888166e-16 1.56915566e-17 2.96286429e-05 7.69854994e-14 1.10380771e-15 1.97916962e-29 3.31090703e-17 4.05054038e-16 9.78900323e-01 2.04338339e-01
2.41441441e-01 -2.06697975e+01 -2.06697975e+01 -2.50725141e-02 -6.80089402e-03 -6.80089368e-03 7.13254574e+01 7.13254574e+01 1.73372523e+02 1.87383172e+02 3.24581361e+02 6.40077476e-17 6.41094985e-17 2.96655403e-05 7.69253338e-14 4.97473509e-15 1.97733714e-29 3.29541511e-17 4.84845574e-16 9.78946899e-01 2.04115086e-01
2.41741742e-01 -2.06697975e+01 -2.06697975e+01 -2.50725142e-02 -6.80089584e-03 -6.80089442e-03 7.13254574e+01 7.13254574e+01 1.73372523e+02 1.87240538e+02 3.24582760e+02 4.08861269e-17 1.15031378e-16 2.97024378e-05 2.01742216e-14 5.45714485e-16 1.00858088e-28 2.75839789e-17 1.88216925e-15 9.78993327e-01 2.03892289e-01
2.42042042e-01 -2.06697975e+01 -2.06697975e+01 -2.50725142e-02 -6.80089518e-03 -6.80089183e-03 7.13254574e+01 7.13254574e+01 1.73372523e+02 1.87098053e+02 3.24584155e+02 2.68509089e-17 3.93221368e-18 2.97393352e-05 7.72790234e-14 5.52593355e-16 1.97367733e-29 3.26403907e-17 1.27752981e-15 9.79039607e-01 2.03669947e-01
2.42342342e-01 -2.06697975e+01 -2.06697975e+01 -2.50725142e-02 -6.80089589e-03 -6.80089233e-03 7.13254574e+01 7.13254574e+01 1.73372523e+02 1.86955718e+02 3.24585546e+02 3.96083484e-17 2.45250898e-17 2.97762327e-05 2.40000216e-16 2.02475801e-14 1.01677928e-28 2.72519389e-17 9.68173377e-16 9.79085740e-01 2.03448057e-01
2.42642643e-01 -2.06697975e+01 -2.06697975e+01 -2.50725142e-02 -6.80089379e-03 -6.80089331e-03 7.13254574e+01 7.13254574e+01 1.73372523e+02 1.86813533e+02 3.24586931e+02 1.58395021e-17 2.28239205e-17 2.98131301e-05 7.73907718e-14 3.46534426e-15 1.97002446e-29 3.23213888e-17 1.22336491e-15 9.79131728e-01 2.03226620e-01
2.42942943e-01 -2.06697975e+01 -2.06697975e+01 -2.50725141e-02 -6.80089724e-03 -6.80089405e-03 7.13254574e+01 7.13254574e+01 1.73372523e+02 1.86671498e+02 3.24588312e+02 3.86403749e-18 1.20389559e-17 2.98500275e-05 7.75671847e-14 3.85753273e-16 1.96820063e-29 3.21599165e-17 1.99970874e-16 9.79177569e-01 2.03005633e-01
2.43243243e-01 -2.06697975e+01 -2.06697975e+01 -2.50725141e-02 -6.80089488e-03 -6.80089478e-03 7.13254574e+01 7.13254574e+01 1.73372523e+02 1.86529612e+02 3.24589689e+02 2.32662769e-19 6.07030245e-17 2.98869250e-05 7.58195996e-14 1.68223199e-14 1.96637855e-29 3.19971345e-17 6.53047167e-16 9.79223266e-01 2.02785094e-01
2.43543544e-01 -2.06697975e+01 -2.06697975e+01 -2.50725144e-02 -6.80089331e-03 -6.80089241e-03 7.13254574e+01 7.13254574e+01 1.73372523e+02 1.86387875e+02 3.24591061e+02 4.66776070e-17 4.80980090e-17 2.99238224e-05 1.86570078e-15 7.77318861e-14 1.96455823e-29 3.18330333e-17 3.70939176e-17 9.79268818e-01 2.02565004e-01
2.43843844e-01 -2.06697975e+01 -2.06697975e+01 -2.50725143e-02 -6.80089479e-03 -6.80089192e-03 7.13254574e+01 7.13254574e+01 1.73372523e+02 1.86246288e+02 3.24592429e+02 1.43138659e-16 3.37442982e-17 2.99607198e-05 5.89534647e-16 7.78494047e-14 1.96273966e-29 3.16676170e-17 4.86629233e-16 9.79314226e-01 2.02345361e-01
2.44144144e-01 -2.06697975e+01 -2.06697975e+01 -2.50725141e-02 -6.80089405e-03 -6.80089315e-03 7.13254574e+01 7.13254574e+01 1.73372523e+02 1.86104851e+02 3.24593792e+02 1.45193877e-16 1.06451624e-16 2.99976173e-05 8.92571512e-17 2.03884585e-14 1.04169595e-28 2.62241796e-17 3.14946597e-17 9.79359491e-01 2.02126163e-01
2.44444444e-01 -2.06697975e+01 -2.06697975e+01 -2.50725141e-02 -6.80089448e-03 -6.80089441e-03 7.13254574e+01 7.13254574e+01 1.73372523e+02 1.85963563e+02 3.24595150e+02 5.27017699e-17 4.58956974e-17 3.00345147e-05 7.32825139e-14 2.68472285e-14 1.95910781e-29 3.13328337e-17 5.22261352e-16 9.79404614e-01 2.01907409e-01
2.44744745e-01 -2.06697975e+01 -2.06697975e+01 -2.50725142e-02 -6.80089591e-03 -6.80089552e-03 7.13254574e+01 7.13254574e+01 1.73372523e+02 1.85822424e+02 3.24596504e+02 5.08553909e-17 1.46070555e-17 3.00714122e-05 7.80347261e-14 4.20073342e-15 1.95729454e-29 3.11634601e-17 1.16270655e-15 9.79449594e-01 2.01689098e-01
2.45045045e-01 -2.06697975e+01 -2.06697975e+01 -2.50725140e-02 -6.80089589e-03 -6.80089543e-03 7.13254574e+01 7.13254574e+01 1.73372523e+02 1.85681435e+02 3.24597854e+02 1.18322687e-17 2.94494672e-17 3.01083096e-05 3.58624156e-15 7.81606193e-14 1.95548304e-29 3.09927682e-17 4.98962980e-16 9.79494432e-01 2.01471228e-01
2.45345345e-01 -2.06697975e+01 -2.06697975e+01 -2.50725141e-02 -6.80089644e-03 -6.80089442e-03 7.13254574e+01 7.13254574e+01 1.73372523e+02 1.85540594e+02 3.24599199e+02 8.29360572e-17 3.97923739e-18 3.01452070e-05 7.83275789e-14 7.16501341e-16 1.06665481e-28 3.08207521e-17 1.03715831e-15 9.79539130e-01 2.01253799e-01
2.45645646e-01 -2.06697975e+01 -2.06697975e+01 -2.50725139e-02 -6.80089485e-03 -6.80089331e-03 7.13254574e+01 7.13254574e+01 1.73372523e+02 1.85399904e+02 3.24600540e+02 1.10581010e-17 5.79639443e-17 3.01821045e-05 7.84222891e-14 1.18527447e-15 1.95186539e-29 3.06474144e-17 4.00180553e-16 9.79583687e-01 2.01036810e-01
2.45945946e-01 -2.06697975e+01 -2.06697975e+01 -2.50725141e-02 -6.80089368e-03 -6.80089210e-03 7.13254574e+01 7.13254574e+01 1.73372523e+02 1.85259362e+02 3.24601877e+02 8.58542063e-17 3.59789630e-17 3.02190019e-05 1.01589696e-15 7.85176299e-14 1.95005925e-29 3.04727504e-17 1.68774905e-15 9.79628105e-01 2.00820258e-01
2.46246246e-01 -2.06697975e+01 -2.06697975e+01 -2.50725141e-02 -6.80089480e-03 -6.80089414e-03 7.13254574e+01 7.13254574e+01 1.73372523e+02 1.85118969e+02 3.24603209e+02 3.43320015e-17 6.01429889e-17 3.02558993e-05 2.05308863e-14 1.05779793e-15 1.07138336e-28 2.49648291e-17 1.52561668e-15 9.79672383e-01 2.00604143e-01
2.46546547e-01 -2.06697975e+01 -2.06697975e+01 -2.50725143e-02 -6.80089599e-03 -6.80089183e-03 7.13254574e+01 7.13254574e+01 1.73372523e+02 1.84978726e+02 3.24604537e+02 8.02993500e-17 3.45838035e-17 3.02927968e-05 7.87281359e-14 3.78274001e-16 1.94645234e-29 3.01194444e-17 6.97588283e-16 9.79716522e-01 2.00388463e-01
2.46846847e-01 -2.06697975e+01 -2.06697975e+01 -2.50725141e-02 -6.80089405e-03 -6.80089359e-03 7.13254574e+01 7.13254574e+01 1.73372523e+02 1.84838631e+02 3.24605860e+02 2.80309689e-17 5.07799271e-18 3.03296942e-05 8.40262973e-15 7.83684700e-14 1.08823103e-28 2.99407922e-17 1.38519148e-15 9.79760523e-01 2.00173217e-01
2.47147147e-01 -2.06697975e+01 -2.06697975e+01 -2.50725142e-02 -6.80089487e-03 -6.80089368e-03 7.13254574e+01 7.13254574e+01 1.73372523e+02 1.84698686e+02 3.24607180e+02 7.09862675e-17 2.53439449e-17 3.03665917e-05 7.89009666e-14 1.47618033e-15 1.94285264e-29 2.97608247e-17 1.35219126e-15 9.79804386e-01 1.99958405e-01
2.47447447e-01 -2.06697975e+01 -2.06697975e+01 -2.50725142e-02 -6.80089515e-03 -6.80089406e-03 7.13254574e+01 7.13254574e+01 1.73372523e+02 1.84558889e+02 3.24608495e+02 3.51813504e-18 7.66034785e-19 3.04034891e-05 1.66212503e-15 7.89884088e-14 1.94105550e-29 2.95795156e-17 2.10334861e-16 9.79848113e-01 1.99744025e-01
2.47747748e-01 -2.06697975e+01 -2.06697975e+01 -2.50725143e-02 -6.80089611e-03 -6.80089479e-03 7.13254574e+01 7.13254574e+01 1.73372523e+02 1.84419241e+02 3.24609805e+02 2.87264995e-17 1.27941767e-16 3.04403865e-05 2.06890999e-14 4.59574657e-16 1.92486176e-29 2.40253276e-17 1.96722725e-15 9.79891702e-01 1.99530075e-01
2.48048048e-01 -2.06697975e+01 -2.06697975e+01 -2.50725143e-02 -6.80089368e-03 -6.80089270e-03 7.13254574e+01 7.13254574e+01 1.73372523e+02 1.84279742e+02 3.24611112e+02 2.50309780e-17 1.66238551e-17 3.04772840e-05 1.67542610e-15 7.91814114e-14 1.93746667e-29 2.92129092e-17 2.89788097e-16 9.79935156e-01 1.99316554e-01
2.48348348e-01 -2.06697975e+01 -2.06697975e+01 -2.50725140e-02 -6.80089368e-03 -6.80089292e-03 7.13254574e+01 7.13254574e+01 1.73372523e+02 1.84140392e+02 3.24612414e+02 5.73238236e-17 2.66692535e-17 3.05141814e-05 2.29181448e-15 7.92648081e-14 1.93567498e-29 2.90276007e-17 8.32952821e-16 9.79978475e-01 1.99103462e-01
2.48648649e-01 -2.06697975e+01 -2.06697975e+01 -2.50725141e-02 -6.80089339e-03 -6.80089294e-03 7.13254574e+01 7.13254574e+01 1.73372523e+02 1.84001190e+02 3.24613712e+02 6.67909844e-17 2.53816386e-18 3.05510788e-05 2.07419257e-14 1.05818548e-15 1.91951755e-29 2.34455650e-17 1.84958897e-15 9.80021658e-01 1.98890797e-01
2.48948949e-01 -2.06697975e+01 -2.06697975e+01 -2.50725144e-02 -6.80089506e-03 -6.80089368e-03 7.13254574e+01 7.13254574e+01 1.73372523e+02 1.83862137e+02 3.24615006e+02 5.65010878e-17 1.95790868e-17 3.05879763e-05 7.94835373e-14 1.22301490e-15 1.93209709e-29 2.86529807e-17 2.10067216e-15 9.80064707e-01 1.98678557e-01
2.49249249e-01 -2.06697975e+01 -2.06697975e+01 -2.50725143e-02 -6.80089663e-03 -6.80089332e-03 7.13254574e+01 7.13254574e+01 1.73372523e+02 1.83723233e+02 3.24616295e+02 4.95601926e-18 8.72072712e-18 3.06248737e-05 5.11547262e-16 7.95803510e-14 1.93031089e-29 2.84636634e-17 1.44187272e-15 9.80107622e-01 1.98466743e-01
2.49549550e-01 -2.06697975e+01 -2.06697975e+01 -2.50725142e-02 -6.80089442e-03 -6.80089152e-03 7.13254574e+01 7.13254574e+01 1.73372523e+02 1.83584477e+02 3.24617581e+02 9.37095043e-18 1.43700528e-17 3.06617712e-05 3.47687125e-16 7.96826795e-14 1.12795481e-28 2.82730069e-17 1.75564254e-15 9.80150404e-01 1.98255351e-01
2.49849850e-01 -2.06697975e+01 -2.06697975e+01 -2.50725142e-02 -6.80089461e-03 -6.80089441e-03 7.13254574e+01 7.13254574e+01 1.73372523e+02 1.83445869e+02 3.24618862e+02 4.15629960e-17 2.43334014e-17 3.06986686e-05 7.92395416e-14 9.26168829e-15 1.92674400e-29 2.80810106e-17 1.53144589e-15 9.80193053e-01 1.98044382e-01
2.50150150e-01 -2.06697975e+01 -2.06697975e+01 -2.50725141e-02 -6.80089434e-03 -6.80089423e-03 7.13254574e+01 7.13254574e+01 1.73372523e+02 1.83307410e+02 3.24620139e+02 1.52131395e-17 1.67689897e-17 3.07355660e-05 4.33516252e-15 2.04274539e-14 3.88494524e-33 2.24524137e-17 2.81178302e-16 9.80235570e-01 1.97833834e-01
2.50450450e-01 -2.06697975e+01 -2.06697975e+01 -2.50725139e-02 -6.80089552e-03 -6.80089482e-03 7.13254574e+01 7.13254574e+01 1.73372523e+02 1.83169099e+02 3.24621412e+02 7.98107889e-17 8.94463793e-17 3.07724635e-05 2.42911743e-15 7.99371226e-14 1.92318448e-29 2.76929868e-17 1.60699322e-15 9.80277955e-01 1.97623706e-01
2.50750751e-01 -2.06697975e+01 -2.06697975e+01 -2.50725144e-02 -6.80089368e-03 -6.80089311e-03 7.13254574e+01 7.13254574e+01 1.73372523e+02 1.83030937e+02 3.24622681e+02 1.27739868e-16 1.85836545e-17 3.08093609e-05 7.94454281e-16 2.09272467e-14 1.90711184e-29 2.20457163e-17 2.56553736e-15 9.80320209e-01 1.97413997e-01
2.51051051e-01 -2.06697975e+01 -2.06697975e+01 -2.50725142e-02 -6.80089482e-03 -6.80089257e-03 7.13254574e+01 7.13254574e+01 1.73372523e+02 1.82892922e+02 3.24623946e+02 1.83091067e-16 2.12581347e-17 3.08462583e-05 8.01604044e-14 7.48916498e-16 1.91963236e-29 2.72995842e-17 3.00241861e-15 9.80362333e-01 1.97204706e-01
2.51351351e-01 -2.06697975e+01 -2.06697975e+01 -2.50725140e-02 -6.80089479e-03 -6.80089368e-03 7.13254574e+01 7.13254574e+01 1.73372523e+02 1.82755056e+02 3.24625207e+02 1.60879044e-17 3.86868595e-17 3.08831558e-05 1.57497632e-15 8.02421514e-14 1.91785908e-29 2.71008602e-17 6.55593897e-17 9.80404326e-01 1.96995831e-01
2.51651652e-01 -2.06697975e+01 -2.06697975e+01 -2.50725141e-02 -6.80089479e-03 -6.80089461e-03 7.13254574e+01 7.13254574e+01 1.73372523e+02 1.82617338e+02 3.24626464e+02 4.89894518e-17 2.61742303e-18 3.09200532e-05 9.90001993e-15 7.97451084e-14 1.91608766e-29 2.69007904e-17 1.32261865e-15 9.80446189e-01 1.96787371e-01
2.51951952e-01 -2.06697975e+01 -2.06697975e+01 -2.50725141e-02 -6.80089608e-03 -6.80089365e-03 7.13254574e+01 7.13254574e+01 1.73372523e+02 1.82479767e+02 3.24627717e+02 1.09096595e-16 2.07738446e-17 3.09569507e-05 8.01410661e-16 8.04478393e-14 1.16424153e-28 2.66993745e-17 2.35723836e-16 9.80487923e-01 1.96579325e-01
2.52252252e-01 -2.06697975e+01 -2.06697975e+01 -2.50725139e-02 -6.80089435e-03 -6.80089280e-03 7.13254574e+01 7.13254574e+01 1.73372523e+02 1.82342345e+02 3.24628966e+02 1.61467426e-17 2.31205659e-18 3.09938481e-05 2.10725545e-14 2.97163647e-16 1.15998589e-28 2.10052956e-17 4.72275363e-16 9.80529529e-01 1.96371692e-01
2.52552553e-01 -2.06697975e+01 -2.06697975e+01 -2.50725141e-02 -6.80089538e-03 -6.80089257e-03 7.13254574e+01 7.13254574e+01 1.73372523e+02 1.82205070e+02 3.24630210e+02 2.78191447e-17 1.32652597e-18 3.10307455e-05 2.10991187e-14 1.66470543e-16 1.89655055e-29 2.07931323e-17 3.07830815e-16 9.80571007e-01 1.96164471e-01
2.52852853e-01 -2.06697975e+01 -2.06697975e+01 -2.50725142e-02 -6.80089188e-03 -6.80089182e-03 7.13254574e+01 7.13254574e+01 1.73372523e+02 1.82067943e+02 3.24631451e+02 1.56644668e-17 6.72191561e-18 3.10676430e-05 7.17812008e-14 3.69633233e-14 1.90902066e-29 2.60869995e-17 3.21199890e-15 9.80612357e-01 1.95957661e-01
2.53153153e-01 -2.06697975e+01 -2.06697975e+01 -2.50725143e-02 -6.80089399e-03 -6.80089257e-03 7.13254574e+01 7.13254574e+01 1.73372523e+02 1.81930964e+02 3.24632688e+02 4.52954244e-18 5.04865487e-17 3.11045404e-05 8.08278019e-14 1.18467520e-15 1.90725859e-29 2.58801687e-17 1.13433958e-15 9.80653579e-01 1.95751261e-01
2.53453453e-01 -2.06697975e+01 -2.06697975e+01 -2.50725141e-02 -6.80089294e-03 -6.80089284e-03 7.13254574e+01 7.13254574e+01 1.73372523e+02 1.81794133e+02 3.24633921e+02 8.81982282e-17 2.72742159e-17 3.11414378e-05 3.64688678e-15 2.08557978e-14 1.17839825e-28 2.01485032e-17 6.80496158e-16 9.80694676e-01 1.95545268e-01
2.53753754e-01 -2.06697975e+01 -2.06697975e+01 -2.50725140e-02 -6.80089442e-03 -6.80089354e-03 7.13254574e+01 7.13254574e+01 1.73372523e+02 1.81657449e+02 3.24635150e+02 3.29645289e-17 2.94338241e-17 3.11783353e-05 4.43931582e-16 2.11926734e-14 1.88954705e-29 1.99308971e-17 4.32468595e-15 9.80735646e-01 1.95339684e-01
2.54054054e-01 -2.06697975e+01 -2.06697975e+01 -2.50725144e-02 -6.80089542e-03 -6.80089405e-03 7.13254574e+01 7.13254574e+01 1.73372523e+02 1.81520912e+02 3.24636375e+02 2.96109161e-17 1.85468545e-17 3.12152327e-05 8.11124550e-14 1.28282355e-15 1.19676347e-28 2.52515378e-17 2.60494346e-16 9.80776490e-01 1.95134505e-01
2.54354354e-01 -2.06697975e+01 -2.06697975e+01 -2.50725141e-02 -6.80089477e-03 -6.80089183e-03 7.13254574e+01 7.13254574e+01 1.73372523e+02 1.81384523e+02 3.24637596e+02 7.81056777e-17 2.30806353e-17 3.12521301e-05 8.12183145e-14 5.79310103e-16 1.90022912e-29 2.50392646e-17 6.52511780e-16 9.80817210e-01 1.94929731e-01
2.54654655e-01 -2.06697975e+01 -2.06697975e+01 -2.50725141e-02 -6.80089498e-03 -6.80089220e-03 7.13254574e+01 7.13254574e+01 1.73372523e+02 1.81248282e+02 3.24638814e+02 6.80781612e-17 1.64672794e-17 3.12890276e-05 8.13150838e-14 6.86957650e-16 1.89847648e-29 2.48256383e-17 1.23300514e-15 9.80857804e-01 1.94725362e-01
2.54954955e-01 -2.06697975e+01 -2.06697975e+01 -2.50725142e-02 -6.80089582e-03 -6.80089220e-03 7.13254574e+01 7.13254574e+01 1.73372523e+02 1.81112187e+02 3.24640027e+02 1.75919871e-16 3.14310976e-17 3.13259250e-05 2.13068934e-14 1.43910396e-16 1.88257366e-29 1.90468207e-17 4.70382586e-15 9.80898275e-01 1.94521395e-01
2.55255255e-01 -2.06697975e+01 -2.06697975e+01 -2.50725141e-02 -6.80089454e-03 -6.80089408e-03 7.13254574e+01 7.13254574e+01 1.73372523e+02 1.80976240e+02 3.24641237e+02 4.13301230e-17 8.58781163e-17 3.13628225e-05 8.14082823e-14 3.97883861e-15 1.21567631e-28 2.43942937e-17 1.07182310e-16 9.80938622e-01 1.94317830e-01
2.55555556e-01 -2.06697975e+01 -2.06697975e+01 -2.50725143e-02 -6.80089442e-03 -6.80089387e-03 7.13254574e+01 7.13254574e+01 1.73372523e+02 1.80840439e+02 3.24642443e+02 1.20325746e-17 4.36973913e-17 3.13997199e-05 8.19612621e-16 2.13372276e-14 1.87909831e-29 1.85965639e-17 2.99025553e-15 9.80978846e-01 1.94114665e-01
2.55855856e-01 -2.06697975e+01 -2.06697975e+01 -2.50725143e-02 -6.80089575e-03 -6.80089183e-03 7.13254574e+01 7.13254574e+01 1.73372523e+02 1.80704786e+02 3.24643645e+02 2.10704798e-17 4.10914230e-17 3.14366173e-05 8.17017675e-14 4.38183283e-16 1.89148483e-29 2.39574904e-17 1.33157487e-16 9.81018947e-01 1.93911900e-01
2.56156156e-01 -2.06697975e+01 -2.06697975e+01 -2.50725142e-02 -6.80089479e-03 -6.80089248e-03 7.13254574e+01 7.13254574e+01 1.73372523e+02 1.80569280e+02 3.24644843e+02 4.44569334e-17 1.02404821e-17 3.14735148e-05 7.78824054e-16 8.17903853e-14 1.88974167e-29 2.37370374e-17 2.52420370e-16 9.81058926e-01 1.93709534e-01
2.56456456e-01 -2.06697975e+01 -2.06697975e+01 -2.50725140e-02 -6.80089452e-03 -6.80089147e-03 7.13254574e+01 7.13254574e+01 1.73372523e+02 1.80433921e+02 3.24646037e+02 2.65053077e-17 9.65143918e-17 3.15104122e-05 8.18888267e-14 5.30103943e-16 1.88800041e-29 2.35152132e-17 3.72517830e-15 9.81098783e-01 1.93507564e-01
2.56756757e-01 -2.06697975e+01 -2.06697975e+01 -2.50725142e-02 -6.80089405e-03 -6.80089147e-03 7.13254574e+01 7.13254574e+01 1.73372523e+02 1.80298708e+02 3.24647228e+02 2.20186147e-17 3.35668336e-17 3.15473096e-05 7.42725363e-16 8.19809821e-14 1.88626106e-29 2.32920186e-17 4.01689211e-15 9.81138519e-01 1.93305991e-01
2.57057057e-01 -2.06697975e+01 -2.06697975e+01 -2.50725142e-02 -6.80089527e-03 -6.80089442e-03 7.13254574e+01 7.13254574e+01 1.73372523e+02 1.80163642e+02 3.24648415e+02 3.31469085e-17 2.52602485e-17 3.15842071e-05 8.20632382e-14 2.07000567e-15 1.88452363e-29 2.30674491e-17 3.43396095e-15 9.81178134e-01 1.93104813e-01
2.57357357e-01 -2.06697975e+01 -2.06697975e+01 -2.50725140e-02 -6.80089583e-03 -6.80089442e-03 7.13254574e+01 7.13254574e+01 1.73372523e+02 1.80028723e+02 3.24649598e+02 3.66610960e-17 4.96409449e-17 3.16211045e-05 8.21755599e-14 1.32000017e-15 1.88278810e-29 2.28415107e-17 1.22360347e-15 9.81217629e-01 1.92904029e-01
2.57657658e-01 -2.06697975e+01 -2.06697975e+01 -2.50725142e-02 -6.80089462e-03 -6.80089405e-03 7.13254574e+01 7.13254574e+01 1.73372523e+02 1.79893950e+02 3.24650777e+02 1.86860308e-17 4.63295471e-18 3.16580020e-05 8.22208156e-14 3.19229204e-15 1.88105449e-29 2.26141928e-17 3.29929297e-15 9.81257003e-01 1.92703638e-01
2.57957958e-01 -2.06697975e+01 -2.06697975e+01 -2.50725140e-02 -6.80089777e-03 -6.80089368e-03 7.13254574e+01 7.13254574e+01 1.73372523e+02 1.79759323e+02 3.24651953e+02 2.84952892e-17 9.93015843e-18 3.16948994e-05 2.15617027e-14 1.85313599e-16 1.86527301e-29 1.67405016e-17 3.55396237e-15 9.81296259e-01 1.92503639e-01
2.58258258e-01 -2.06697975e+01 -2.06697975e+01 -2.50725142e-02 -6.80089442e-03 -6.80089314e-03 7.13254574e+01 7.13254574e+01 1.73372523e+02 1.79624843e+02 3.24653125e+02 1.08992440e-16 3.50838028e-17 3.17317968e-05 1.42978980e-15 8.24561102e-14 1.87759302e-29 2.21554287e-17 5.85245548e-16 9.81335396e-01 1.92304031e-01
2.58558559e-01 -2.06697975e+01 -2.06697975e+01 -2.50725141e-02 -6.80089598e-03 -6.80089368e-03 7.13254574e+01 7.13254574e+01 1.73372523e+02 1.79490510e+02 3.24654294e+02 1.97459334e-17 1.30996324e-16 3.17686943e-05 8.25652126e-14 2.06556715e-16 1.26894543e-28 2.19239783e-17 6.84581949e-16 9.81374414e-01 1.92104813e-01
2.58858859e-01 -2.06697975e+01 -2.06697975e+01 -2.50725142e-02 -6.80089515e-03 -6.80089426e-03 7.13254574e+01 7.13254574e+01 1.73372523e+02 1.79356322e+02 3.24655458e+02 7.30725329e-17 7.81121883e-17 3.18055917e-05 1.97977471e-15 8.26427327e-14 1.87413924e-29 2.16911473e-17 3.80260054e-15 9.81413314e-01 1.91905983e-01
2.59159159e-01 -2.06697975e+01 -2.06697975e+01 -2.50725139e-02 -6.80089439e-03 -6.80089428e-03 7.13254574e+01 7.13254574e+01 1.73372523e+02 1.79222281e+02 3.24656619e+02 7.55713903e-18 3.19325116e-17 3.18424891e-05 2.39284125e-28 1.40511385e-28 3.43768226e-45 4.52819587e-28 4.67616426e-16 9.81452097e-01 1.91707541e-01
2.59459459e-01 -2.06697975e+01 -2.06697975e+01 -2.50725144e-02 -6.80089329e-03 -6.80089257e-03 7.13254574e+01 7.13254574e+01 1.73372523e+02 1.79088385e+02 3.24657777e+02 3.38466509e-17 5.39981103e-17 3.18793866e-05 8.28161332e-14 2.55552462e-15 1.87069315e-29 2.12213368e-17 1.11849587e-15 9.81490762e-01 1.91509485e-01
2.59759760e-01 -2.06697975e+01 -2.06697975e+01 -2.50725144e-02 -6.80089551e-03 -6.80089331e-03 7.13254574e+01 7.13254574e+01 1.73372523e+02 1.78954636e+02 3.24658931e+02 6.58790296e-17 3.51409399e-17 3.19162840e-05 8.29462814e-14 8.54838115e-16 1.86897301e-29 2.09843545e-17 7.08484731e-16 9.81529311e-01 1.91311815e-01
2.60060060e-01 -2.06697975e+01 -2.06697975e+01 -2.50725142e-02 -6.80089405e-03 -6.80089218e-03 7.13254574e+01 7.13254574e+01 1.73372523e+02 1.78821033e+02 3.24660081e+02 1.00359392e-16 3.49907882e-17 3.19531815e-05 2.41168397e-16 2.17298296e-14 1.85327641e-29 1.50437957e-17 2.08584411e-15 9.81567744e-01 1.91114529e-01
2.60360360e-01 -2.06697975e+01 -2.06697975e+01 -2.50725141e-02 -6.80089442e-03 -6.80089279e-03 7.13254574e+01 7.13254574e+01 1.73372523e+02 1.78687575e+02 3.24661227e+02 1.56597964e-16 8.27754768e-18 3.19900789e-05 1.08503795e-15 8.31329286e-14 1.86553851e-29 2.05062334e-17 1.21777155e-15 9.81606061e-01 1.90917627e-01
2.60660661e-01 -2.06697975e+01 -2.06697975e+01 -2.50725140e-02 -6.80089294e-03 -6.80089232e-03 7.13254574e+01 7.13254574e+01 1.73372523e+02 1.78554263e+02 3.24662371e+02 7.36349930e-17 4.90524576e-17 3.20269763e-05 7.80885251e-16 2.17726293e-14 1.84986615e-29 1.45464947e-17 3.24949698e-15 9.81644263e-01 1.90721107e-01
2.60960961e-01 -2.06697975e+01 -2.06697975e+01 -2.50725143e-02 -6.80089439e-03 -6.80089428e-03 7.13254574e+01 7.13254574e+01 1.73372523e+02 1.78421096e+02 3.24663510e+02 1.86722436e-17 5.28072231e-17 3.20638738e-05 2.37554052e-28 1.39495459e-28 3.43084861e-45 4.49545610e-28 1.21232895e-15 9.81682349e-01 1.90524969e-01
2.61261261e-01 -2.06697975e+01 -2.06697975e+01 -2.50725141e-02 -6.80089473e-03 -6.80089372e-03 7.13254574e+01 7.13254574e+01 1.73372523e+02 1.78288075e+02 3.24664646e+02 5.14443487e-17 3.60841876e-17 3.21007712e-05 8.34161081e-14 1.71189858e-15 1.31393368e-28 1.97786316e-17 1.15041716e-15 9.81720322e-01 1.90329210e-01
2.61561562e-01 -2.06697975e+01 -2.06697975e+01 -2.50725142e-02 -6.80089511e-03 -6.80089331e-03 7.13254574e+01 7.13254574e+01 1.73372523e+02 1.78155199e+02 3.24665778e+02 2.37245502e-18 4.25101625e-17 3.21376686e-05 8.35266533e-14 1.01197457e-15 1.85869274e-29 1.95333145e-17 2.67509775e-15 9.81758181e-01 1.90133831e-01
2.61861862e-01 -2.06697975e+01 -2.06697975e+01 -2.50725141e-02 -6.80089589e-03 -6.80089432e-03 7.13254574e+01 7.13254574e+01 1.73372523e+02 1.78022469e+02 3.24666907e+02 4.08496681e-17 2.28095649e-17 3.21745661e-05 1.14949522e-15 8.36160276e-14 1.85698615e-29 1.92866016e-17 5.73350485e-15 9.81795926e-01 1.89938830e-01
2.62162162e-01 -2.06697975e+01 -2.06697975e+01 -2.50725139e-02 -6.80089494e-03 -6.80089220e-03 7.13254574e+01 7.13254574e+01 1.73372523e+02 1.77889884e+02 3.24668033e+02 3.53303297e-17 1.03374480e-17 3.22114635e-05 8.37144077e-14 6.61519607e-16 1.85528151e-29 1.90384911e-17 1.16532550e-15 9.81833558e-01 1.89744207e-01
2.62462462e-01 -2.06697975e+01 -2.06697975e+01 -2.50725141e-02 -6.80089268e-03 -6.80089257e-03 7.13254574e+01 7.13254574e+01 1.73372523e+02 1.77757444e+02 3.24669155e+02 3.50037121e-17 6.24512228e-17 3.22483610e-05 8.21127188e-14 1.68226441e-14 1.85357881e-29 1.87889834e-17 4.09836034e-15 9.81871077e-01 1.89549959e-01
2.62762763e-01 -2.06697975e+01 -2.06697975e+01 -2.50725141e-02 -6.80089497e-03 -6.80089073e-03 7.13254574e+01 7.13254574e+01 1.73372523e+02 1.77625149e+02 3.24670273e+02 2.63149847e-18 4.10529256e-17 3.22852584e-05 3.69178182e-15 1.70344367e-17 1.83223910e-29 1.03692931e-17 5.65946004e-15 9.81908484e-01 1.89356087e-01
2.63063063e-01 -2.06697975e+01 -2.06697975e+01 -2.50725140e-02 -6.80089516e-03 -6.80089508e-03 7.13254574e+01 7.13254574e+01 1.73372523e+02 1.77492999e+02 3.24671388e+02 1.26662886e-16 2.64404534e-17 3.23221558e-05 1.93531522e-14 6.28045017e-14 1.81667797e-29 4.32085006e-18 5.36939280e-15 9.81945780e-01 1.89162589e-01
2.63363363e-01 -2.06697975e+01 -2.06697975e+01 -2.50725142e-02 -6.80089552e-03 -6.80089238e-03 7.13254574e+01 7.13254574e+01 1.73372523e+02 1.77360994e+02 3.24672500e+02 9.20572762e-18 1.70882328e-16 3.23590533e-05 1.70356922e-17 3.70780117e-15 1.82887215e-29 9.83991605e-18 1.07252404e-15 9.81982964e-01 1.88969464e-01
2.63663664e-01 -2.06697975e+01 -2.06697975e+01 -2.50725142e-02 -6.80089344e-03 -6.80089147e-03 7.13254574e+01 7.13254574e+01 1.73372523e+02 1.77229133e+02 3.24673608e+02 3.37485187e-17 7.45984115e-17 3.23959507e-05 3.71037063e-15 3.69155434e-17 1.82719159e-29 9.57310912e-18 8.99577876e-15 9.82020037e-01 1.88776711e-01
2.63963964e-01 -2.06697975e+01 -2.06697975e+01 -2.50725142e-02 -6.80089325e-03 -6.80089294e-03 7.13254574e+01 7.13254574e+01 1.73372523e+02 1.77097418e+02 3.24674713e+02 2.95038768e-17 3.19756343e-17 3.24328481e-05 3.68556082e-15 4.04157921e-16 1.34562669e-28 9.30489129e-18 1.41866899e-15 9.82056999e-01 1.88584329e-01
2.64264264e-01 -2.06697975e+01 -2.06697975e+01 -2.50725142e-02 -6.80089385e-03 -6.80089183e-03 7.13254574e+01 7.13254574e+01 1.73372523e+02 1.76965846e+02 3.24675814e+02 9.65409909e-17 1.56219476e-16 3.24697456e-05 6.60193548e-14 7.13621627e-16 1.81000020e-29 3.21770219e-18 3.71007027e-15 9.82093852e-01 1.88392317e-01
2.64564565e-01 -2.06697975e+01 -2.06697975e+01 -2.50725143e-02 -6.80089442e-03 -6.80089189e-03 7.13254574e+01 7.13254574e+01 1.73372523e+02 1.76834420e+02 3.24676912e+02 4.65458115e-17 2.60582169e-18 3.25066430e-05 6.11360337e-16 6.60969832e-14 1.34557978e-28 2.93836802e-18 3.76946823e-15 9.82130595e-01 1.88200674e-01
2.64864865e-01 -2.06697975e+01 -2.06697975e+01 -2.50725138e-02 -6.80089437e-03 -6.80089408e-03 7.13254574e+01 7.13254574e+01 1.73372523e+02 1.76703137e+02 3.24678006e+02 3.55585058e-16 1.68142618e-17 3.25435405e-05 2.79362694e-16 3.71605290e-15 4.85426997e-19 8.47783946e-18 1.86476442e-15 9.82167228e-01 1.88009400e-01
2.65165165e-01 -2.06697975e+01 -2.06697975e+01 -2.50725141e-02 -6.80089600e-03 -6.80089257e-03 7.13254574e+01 7.13254574e+01 1.73372523e+02 1.76571999e+02 3.24679098e+02 6.74277205e-17 7.89456541e-17 3.25804379e-05 3.72482078e-15 1.26343144e-17 1.81881803e-29 8.21783509e-18 4.82055686e-15 9.82203753e-01 1.87818492e-01
2.65465465e-01 -2.06697975e+01 -2.06697975e+01 -2.50725142e-02 -6.80089435e-03 -6.80089386e-03 7.13254574e+01 7.13254574e+01 1.73372523e+02 1.76441005e+02 3.24680186e+02 9.95390052e-17 9.94140796e-17 3.26173353e-05 1.66187046e-16 3.71079589e-15 2.87570395e-33 7.94251870e-18 9.82314151e-15 9.82240170e-01 1.87627951e-01
2.65765766e-01 -2.06697975e+01 -2.06697975e+01 -2.50725147e-02 -6.80089424e-03 -6.80089407e-03 7.13254574e+01 7.13254574e+01 1.73372523e+02 1.76310155e+02 3.24681270e+02 6.54439679e-17 2.63222823e-17 3.26542328e-05 4.91510329e-16 3.70578852e-15 7.11065790e-20 7.66545153e-18 1.65897429e-15 9.82276478e-01 1.87437774e-01
2.66066066e-01 -2.06697975e+01 -2.06697975e+01 -2.50725144e-02 -6.80089501e-03 -6.80089414e-03 7.13254574e+01 7.13254574e+01 1.73372523e+02 1.76179450e+02 3.24682351e+02 2.96253364e-17 2.05667623e-16 3.26911302e-05 1.04621756e-16 3.74045828e-15 1.38214767e-28 7.38762077e-18 2.07169283e-15 9.82312679e-01 1.87247962e-01
2.66366366e-01 -2.06697975e+01 -2.06697975e+01 -2.50725141e-02 -6.80089405e-03 -6.80089355e-03 7.13254574e+01 7.13254574e+01 1.73372523e+02 1.76048888e+02 3.24683429e+02 1.19085213e-16 1.88850862e-16 3.27280276e-05 1.14207565e-16 3.74424577e-15 1.38743094e-28 7.10802651e-18 1.31182198e-14 9.82348773e-01 1.87058513e-01
2.66666667e-01 -2.06697975e+01 -2.06697975e+01 -2.50725141e-02 -6.80089353e-03 -6.80089257e-03 7.13254574e+01 7.13254574e+01 1.73372523e+02 1.75918469e+02 3.24684504e+02 2.33333787e-17 2.94842180e-17 3.27649251e-05 6.66039197e-14 1.51567453e-15 1.79673810e-29 9.42969473e-19 3.74227261e-15 9.82384760e-01 1.86869426e-01
2.66966967e-01 -2.06697975e+01 -2.06697975e+01 -2.50725141e-02 -6.80089495e-03 -6.80089340e-03 7.13254574e+01 7.13254574e+01 1.73372523e+02 1.75788195e+02 3.24685575e+02 5.66044231e-17 1.44368392e-16 3.28018225e-05 6.66833700e-14 1.29327687e-15 1.38732286e-28 6.52168765e-19 8.40197093e-15 9.82420641e-01 1.86680700e-01
2.67267267e-01 -2.06697975e+01 -2.06697975e+01 -2.50725142e-02 -6.80089552e-03 -6.80089503e-03 7.13254574e+01 7.13254574e+01 1.73372523e+02 1.75658064e+02 3.24686643e+02 1.75336664e-16 9.69767650e-17 3.28387199e-05 1.78573612e-16 3.75475162e-15 1.80717710e-29 6.26069560e-18 6.02307631e-15 9.82456415e-01 1.86492335e-01
2.67567568e-01 -2.06697975e+01 -2.06697975e+01 -2.50725143e-02 -6.80089479e-03 -6.80089366e-03 7.13254574e+01 7.13254574e+01 1.73372523e+02 1.75528076e+02 3.24687708e+02 1.39482322e-16 1.14687833e-16 3.28756174e-05 9.19989736e-17 3.76337205e-15 1.40873083e-28 5.97537617e-18 7.41093264e-15 9.82492084e-01 1.86304329e-01
2.67867868e-01 -2.06697975e+01 -2.06697975e+01 -2.50725141e-02 -6.80089435e-03 -6.80089409e-03 7.13254574e+01 7.13254574e+01 1.73372523e+02 1.75398232e+02 3.24688769e+02 1.79037523e-16 7.14964940e-18 3.29125148e-05 3.17515795e-16 3.73825754e-15 2.78897512e-33 5.68864317e-18 7.91746225e-15 9.82527648e-01 1.86116681e-01
2.68168168e-01 -2.06697975e+01 -2.06697975e+01 -2.50725139e-02 -6.80089589e-03 -6.80089444e-03 7.13254574e+01 7.13254574e+01 1.73372523e+02 1.75268531e+02 3.24689828e+02 3.16838408e-17 2.32948717e-17 3.29494123e-05 9.76330870e-16 6.69942399e-14 1.78851275e-29 5.25365979e-19 1.05714495e-14 9.82563108e-01 1.85929390e-01
2.68468468e-01 -2.06697975e+01 -2.06697975e+01 -2.50725142e-02 -6.80089479e-03 -6.80089243e-03 7.13254574e+01 7.13254574e+01 1.73372523e+02 1.75138973e+02 3.24690883e+02 4.89585829e-17 1.44577158e-17 3.29863097e-05 6.00461701e-16 6.70768170e-14 1.78687355e-29 8.23354582e-19 1.61561695e-14 9.82598463e-01 1.85742456e-01
2.68768769e-01 -2.06697975e+01 -2.06697975e+01 -2.50725143e-02 -6.80089515e-03 -6.80089495e-03 7.13254574e+01 7.13254574e+01 1.73372523e+02 1.75009559e+02 3.24691935e+02 1.75123522e-17 2.67314363e-17 3.30232071e-05 6.67393485e-14 7.35720559e-15 1.65357149e-29 1.12277955e-18 4.95146342e-15 9.82633714e-01 1.85555877e-01
2.69069069e-01 -2.06697975e+01 -2.06697975e+01 -2.50725141e-02 -6.80089442e-03 -6.80089263e-03 7.13254574e+01 7.13254574e+01 1.73372523e+02 1.74880287e+02 3.24692983e+02 3.44970916e-17 9.32075709e-18 3.30601046e-05 4.04848403e-17 3.77307396e-15 1.43573459e-28 4.52729857e-18 7.32204564e-15 9.82668861e-01 1.85369653e-01
2.69369369e-01 -2.06697975e+01 -2.06697975e+01 -2.50725143e-02 -6.80089690e-03 -6.80089294e-03 7.13254574e+01 7.13254574e+01 1.73372523e+02 1.74751158e+02 3.24694029e+02 3.03941709e-17 1.15970894e-17 3.30970020e-05 3.78901319e-15 1.56180975e-17 1.44118634e-28 4.23337773e-18 9.10325651e-15 9.82703905e-01 1.85183782e-01
2.69669670e-01 -2.06697975e+01 -2.06697975e+01 -2.50725142e-02 -6.80089497e-03 -6.80089405e-03 7.13254574e+01 7.13254574e+01 1.73372523e+02 1.74622172e+02 3.24695071e+02 4.51202648e-17 4.99415541e-17 3.31338994e-05 3.82370473e-15 9.07687844e-17 1.79195768e-29 2.90768150e-17 2.64383906e-14 9.82738847e-01 1.84998264e-01
2.69969970e-01 -2.06697975e+01 -2.06697975e+01 -2.50725143e-02 -6.80089472e-03 -6.80089368e-03 7.13254574e+01 7.13254574e+01 1.73372523e+02 1.74493328e+02 3.24696110e+02 2.75759285e-17 3.40330716e-17 3.31707969e-05 6.74516277e-14 1.42301855e-15 1.77668596e-29 2.28493096e-17 3.21603093e-14 9.82773686e-01 1.84813098e-01
2.70270270e-01 -2.06697975e+01 -2.06697975e+01 -2.50725143e-02 -6.80089626e-03 -6.80089552e-03 7.13254574e+01 7.13254574e+01 1.73372523e+02 1.74364627e+02 3.24697146e+02 1.71000177e-16 3.60091869e-17 3.32076943e-05 1.46914619e-17 3.83052416e-15 1.45637665e-28 2.85728345e-17 4.76911178e-15 9.82808423e-01 1.84628282e-01
2.70570571e-01 -2.06697975e+01 -2.06697975e+01 -2.50725140e-02 -6.80089405e-03 -6.80089365e-03 7.13254574e+01 7.13254574e+01 1.73372523e+02 1.74236068e+02 3.24698179e+02 2.44196832e-17 2.07012404e-19 3.32445918e-05 1.31728132e-16 3.82893161e-15 1.46189366e-28 2.83187799e-17 6.02289451e-15 9.82843059e-01 1.84443816e-01
2.70870871e-01 -2.06697975e+01 -2.06697975e+01 -2.50725140e-02 -6.80089436e-03 -6.80089308e-03 7.13254574e+01 7.13254574e+01 1.73372523e+02 1.74107652e+02 3.24699209e+02 7.81306950e-17 5.98169830e-17 3.32814892e-05 3.82943343e-15 6.12317008e-17 1.46742797e-28 2.80633601e-17 6.35907448e-16 9.82877593e-01 1.84259698e-01
2.71171171e-01 -2.06697975e+01 -2.06697975e+01 -2.50725142e-02 -6.80089506e-03 -6.80089368e-03 7.13254574e+01 7.13254574e+01 1.73372523e+02 1.73979378e+02 3.24700236e+02 9.89362278e-17 3.14324182e-17 3.33183866e-05 3.83488363e-15 6.05986980e-17 1.78384043e-29 2.78065610e-17 5.33496538e-14 9.82912026e-01 1.84075929e-01
2.71471471e-01 -2.06697975e+01 -2.06697975e+01 -2.50725142e-02 -6.80089439e-03 -6.80089428e-03 7.13254574e+01 7.13254574e+01 1.73372523e+02 1.73851246e+02 3.24701259e+02 3.70246990e-17 5.30248217e-17 3.33552841e-05 2.27714590e-28 1.33717573e-28 3.38933428e-45 4.30925480e-28 2.92898335e-14 9.82946359e-01 1.83892507e-01
2.71771772e-01 -2.06697975e+01 -2.06697975e+01 -2.50725142e-02 -6.80089552e-03 -6.80089312e-03 7.13254574e+01 7.13254574e+01 1.73372523e+02 1.73723256e+02 3.24702280e+02 1.46848520e-16 5.89267296e-17 3.33921815e-05 3.28369109e-17 3.83992254e-15 1.78060701e-29 2.72888498e-17 2.57383424e-14 9.82980592e-01 1.83709430e-01
2.72072072e-01 -2.06697975e+01 -2.06697975e+01 -2.50725143e-02 -6.80089257e-03 -6.80089051e-03 7.13254574e+01 7.13254574e+01 1.73372523e+02 1.73595408e+02 3.24703297e+02 3.45658948e-17 2.66080524e-16 3.34290789e-05 4.15171017e-17 3.90927251e-15 1.77705604e-29 5.25330298e-17 5.99031640e-14 9.83014725e-01 1.83526699e-01
2.72372372e-01 -2.06697975e+01 -2.06697975e+01 -2.50725144e-02 -6.80089405e-03 -6.80089384e-03 7.13254574e+01 7.13254574e+01 1.73372523e+02 1.73467701e+02 3.24704312e+02 1.30258006e-17 8.23426994e-18 3.34659764e-05 7.10048188e-15 6.76940925e-14 1.76189171e-29 4.62731222e-17 3.18923679e-13 9.83048759e-01 1.83344312e-01
2.72672673e-01 -2.06697975e+01 -2.06697975e+01 -2.50725142e-02 -6.80089462e-03 -6.80089223e-03 7.13254574e+01 7.13254574e+01 1.73340137e+02 1.73372523e+02 3.24705323e+02 3.15206796e-17 3.02040986e-17 3.35028738e-05 3.89436960e-15 1.99290779e-17 1.64300232e-29 5.20993999e-17 9.83082694e-01 3.14781407e-13 1.83162268e-01
2.72972973e-01 -2.06697975e+01 -2.06697975e+01 -2.50725140e-02 -6.80089496e-03 -6.80089368e-03 7.13254574e+01 7.13254574e+01 1.73212713e+02 1.73372523e+02 3.24706331e+02 8.91456710e-17 6.72337044e-18 3.35397713e-05 6.81699801e-14 1.14402262e-15 1.75871718e-29 4.58199305e-17 9.83116530e-01 1.34132724e-13 1.82980567e-01
2.73273273e-01 -2.06697975e+01 -2.06697975e+01 -2.50725141e-02 -6.80089589e-03 -6.80089523e-03 7.13254574e+01 7.13254574e+01 1.73085432e+02 1.73372523e+02 3.24707337e+02 1.31142408e-16 1.94795568e-17 3.35766687e-05 1.28702701e-16 3.91271652e-15 1.77066700e-29 5.16605540e-17 9.83150268e-01 3.03158767e-14 1.82799207e-01
2.73573574e-01 -2.06697975e+01 -2.06697975e+01 -2.50725141e-02 -6.80089582e-03 -6.80089479e-03 7.13254574e+01 7.13254574e+01 1.72958291e+02 1.73372523e+02 3.24708339e+02 6.86791280e-17 1.34567134e-16 3.36135661e-05 3.88370127e-15 8.29404111e-17 1.76907446e-29 5.14391750e-17 9.83183908e-01 1.63585570e-14 1.82618188e-01
2.73873874e-01 -2.06697975e+01 -2.06697975e+01 -2.50725141e-02 -6.80089452e-03 -6.80089183e-03 7.13254574e+01 7.13254574e+01 1.72831292e+02 1.73372523e+02 3.24709338e+02 1.87804575e-17 2.25965231e-17 3.36504636e-05 6.84710933e-14 5.49947052e-16 1.75396950e-29 4.51302997e-17 9.83217450e-01 1.53065050e-14 1.82437508e-01
2.74174174e-01 -2.06697975e+01 -2.06697975e+01 -2.50725142e-02 -6.80089497e-03 -6.80089319e-03 7.13254574e+01 7.13254574e+01 1.72704434e+02 1.73372523e+02 3.24710334e+02 2.56092040e-17 1.88146567e-17 3.36873610e-05 5.95785423e-17 3.91243285e-15 1.52814762e-28 5.09924802e-17 9.83250896e-01 6.25536419e-15 1.82257167e-01
2.74474474e-01 -2.06697975e+01 -2.06697975e+01 -2.50725140e-02 -6.80089495e-03 -6.80089442e-03 7.13254574e+01 7.13254574e+01 1.72577716e+02 1.73372523e+02 3.24711328e+02 5.45277686e-17 1.57360878e-16 3.37242584e-05 6.85561390e-14 2.72555536e-15 1.75081380e-29 4.46639665e-17 9.83284244e-01 3.37037911e-14 1.82077164e-01
2.74774775e-01 -2.06697975e+01 -2.06697975e+01 -2.50725142e-02 -6.80089451e-03 -6.80089389e-03 7.13254574e+01 7.13254574e+01 1.72451140e+02 1.73372523e+02 3.24712318e+02 5.08997296e-17 3.06750728e-17 3.37611559e-05 1.01103445e-16 3.91822050e-15 1.53964994e-28 5.05405645e-17 9.83317497e-01 1.39155344e-14 1.81897498e-01
2.75075075e-01 -2.06697975e+01 -2.06697975e+01 -2.50725142e-02 -6.80089479e-03 -6.80089383e-03 7.13254574e+01 7.13254574e+01 1.72324704e+02 1.73372523e+02 3.24713306e+02 3.45135230e-17 1.68314786e-17 3.37980533e-05 8.79881284e-17 3.91901817e-15 1.76114008e-29 5.03126289e-17 9.83350653e-01 1.11409729e-14 1.81718168e-01
2.75375375e-01 -2.06697975e+01 -2.06697975e+01 -2.50725142e-02 -6.80089519e-03 -6.80089147e-03 7.13254574e+01 7.13254574e+01 1.72198410e+02 1.73372523e+02 3.24714290e+02 9.36700723e-17 1.82964493e-16 3.38349507e-05 6.88456271e-14 3.91529733e-16 1.74609436e-29 4.39545724e-17 9.83383713e-01 9.09978463e-15 1.81539173e-01
2.75675676e-01 -2.06697975e+01 -2.06697975e+01 -2.50725142e-02 -6.80089447e-03 -6.80089244e-03 7.13254574e+01 7.13254574e+01 1.72072255e+02 1.73372523e+02 3.24715272e+02 2.11852216e-16 7.05832246e-17 3.38718482e-05 3.92843621e-15 3.59658817e-17 1.55703849e-28 4.98528217e-17 9.83416678e-01 9.25250559e-15 1.81360512e-01
2.75975976e-01 -2.06697975e+01 -2.06697975e+01 -2.50725143e-02 -6.80089428e-03 -6.80089392e-03 7.13254574e+01 7.13254574e+01 1.71946241e+02 1.73372523e+02 3.24716250e+02 2.66596136e-18 3.66924334e-18 3.39087456e-05 1.90855587e-16 3.93249648e-15 1.56287089e-28 4.96209387e-17 9.83449549e-01 1.15999570e-15 1.81182185e-01
2.76276276e-01 -2.06697975e+01 -2.06697975e+01 -2.50725143e-02 -6.80089442e-03 -6.80089344e-03 7.13254574e+01 7.13254574e+01 1.71820367e+02 1.73372523e+02 3.24717226e+02 2.31105223e-16 1.14961897e-16 3.39456431e-05 2.60708581e-17 3.94174008e-15 1.56872150e-28 4.93877355e-17 9.83482324e-01 6.53808217e-16 1.81004191e-01
2.76576577e-01 -2.06697975e+01 -2.06697975e+01 -2.50725143e-02 -6.80089298e-03 -6.80089257e-03 7.13254574e+01 7.13254574e+01 1.71694634e+02 1.73372523e+02 3.24718199e+02 5.71954050e-17 3.95927886e-17 3.39825405e-05 3.93203630e-15 3.45809038e-16 1.57459035e-28 4.91532115e-17 9.83515005e-01 1.58329129e-15 1.80826528e-01
2.76876877e-01 -2.06697975e+01 -2.06697975e+01 -2.50725142e-02 -6.80089257e-03 -6.80089213e-03 7.13254574e+01 7.13254574e+01 1.71569040e+02 1.73372523e+02 3.24719169e+02 1.02381972e-17 4.56769186e-17 3.40194379e-05 1.95405681e-16 3.95415416e-15 1.75168122e-29 4.89173688e-17 9.83547593e-01 9.83331900e-15 1.80649196e-01
2.77177177e-01 -2.06697975e+01 -2.06697975e+01 -2.50725142e-02 -6.80089510e-03 -6.80089469e-03 7.13254574e+01 7.13254574e+01 1.71443587e+02 1.73372523e+02 3.24720136e+02 3.29085739e-17 9.90467569e-17 3.40563354e-05 3.95004863e-15 1.95878963e-16 1.58638302e-28 4.86802127e-17 9.83580086e-01 3.20293965e-15 1.80472193e-01
2.77477477e-01 -2.06697975e+01 -2.06697975e+01 -2.50725143e-02 -6.80089346e-03 -6.80089331e-03 7.13254574e+01 7.13254574e+01 1.71318273e+02 1.73372523e+02 3.24721100e+02 2.84505352e-18 2.85147291e-17 3.40932328e-05 3.93664262e-15 3.95581380e-16 1.59230694e-28 4.84417207e-17 9.83612487e-01 8.30826990e-15 1.80295520e-01
2.77777778e-01 -2.06697975e+01 -2.06697975e+01 -2.50725142e-02 -6.80089346e-03 -6.80089330e-03 7.13254574e+01 7.13254574e+01 1.71193099e+02 1.73372523e+02 3.24722061e+02 1.51468045e-17 1.64536034e-17 3.41301302e-05 6.84872359e-14 1.15061026e-14 1.58595601e-28 4.20045246e-17 9.83644794e-01 2.20205076e-15 1.80119175e-01
2.78078078e-01 -2.06697975e+01 -2.06697975e+01 -2.50725139e-02 -6.80089480e-03 -6.80089405e-03 7.13254574e+01 7.13254574e+01 1.71068065e+02 1.73372523e+02 3.24723020e+02 1.00099671e-16 3.03130788e-17 3.41670277e-05 6.94955024e-14 1.98836545e-15 1.73203790e-29 4.17547694e-17 9.83677009e-01 6.41588241e-15 1.79943158e-01
2.78378378e-01 -2.06697975e+01 -2.06697975e+01 -2.50725140e-02 -6.80089497e-03 -6.80089405e-03 7.13254574e+01 7.13254574e+01 1.70943170e+02 1.73372523e+02 3.24723975e+02 1.02171259e-16 1.80550773e-16 3.42039251e-05 3.96523514e-15 9.20644088e-17 1.74385087e-29 4.77182830e-17 9.83709132e-01 2.82700960e-15 1.79767467e-01
2.78678679e-01 -2.06697975e+01 -2.06697975e+01 -2.50725142e-02 -6.80089446e-03 -6.80089418e-03 7.13254574e+01 7.13254574e+01 1.70818414e+02 1.73372523e+02 3.24724928e+02 2.94916297e-17 1.00699465e-17 3.42408226e-05 3.96487729e-15 2.74975686e-16 1.61618773e-28 4.74744797e-17 9.83741163e-01 9.15453324e-15 1.79592101e-01
2.78978979e-01 -2.06697975e+01 -2.06697975e+01 -2.50725140e-02 -6.80089515e-03 -6.80089404e-03 7.13254574e+01 7.13254574e+01 1.70693798e+02 1.73372523e+02 3.24725878e+02 1.26269271e-16 9.86249950e-17 3.42777200e-05 1.38047414e-15 6.97367077e-14 1.72738637e-29 4.09975048e-17 9.83773103e-01 4.78872815e-15 1.79417060e-01
2.79279279e-01 -2.06697975e+01 -2.06697975e+01 -2.50725140e-02 -6.80089466e-03 -6.80089405e-03 7.13254574e+01 7.13254574e+01 1.70569321e+02 1.73372523e+02 3.24726825e+02 1.07010962e-16 1.64238863e-17 3.43146174e-05 3.97371666e-15 1.54108832e-16 1.73917538e-29 4.69828769e-17 9.83804951e-01 3.75820452e-15 1.79242343e-01
2.79579580e-01 -2.06697975e+01 -2.06697975e+01 -2.50725141e-02 -6.80089326e-03 -6.80089220e-03 7.13254574e+01 7.13254574e+01 1.70444982e+02 1.73372523e+02 3.24727770e+02 5.29867834e-17 1.54803046e-16 3.43515149e-05 3.98371898e-15 1.47990815e-16 1.63429418e-28 4.67350700e-17 9.83836708e-01 4.48191882e-15 1.79067949e-01
2.79879880e-01 -2.06697975e+01 -2.06697975e+01 -2.50725140e-02 -6.80089525e-03 -6.80089445e-03 7.13254574e+01 7.13254574e+01 1.70320783e+02 1.73372523e+02 3.24728712e+02 1.56815997e-19 7.81879726e-17 3.43884123e-05 1.09560408e-16 3.98830045e-15 1.64036726e-28 4.64859319e-17 9.83868375e-01 3.64595186e-15 1.78893878e-01
2.80180180e-01 -2.06697975e+01 -2.06697975e+01 -2.50725140e-02 -6.80089368e-03 -6.80089299e-03 7.13254574e+01 7.13254574e+01 1.70196723e+02 1.73372523e+02 3.24729651e+02 1.28032279e-17 2.79424199e-19 3.44253097e-05 3.23844870e-15 6.99772758e-14 1.63379260e-28 3.99690393e-17 9.83899952e-01 3.92124633e-17 1.78720128e-01
2.80480480e-01 -2.06697975e+01 -2.06697975e+01 -2.50725142e-02 -6.80089341e-03 -6.80089201e-03 7.13254574e+01 7.13254574e+01 1.70072801e+02 1.73372523e+02 3.24730587e+02 5.25589681e-17 3.35584797e-17 3.44622072e-05 3.98869297e-15 1.68723935e-16 1.65257012e-28 4.59836387e-17 9.83931438e-01 3.72643429e-15 1.78546698e-01
2.80780781e-01 -2.06697975e+01 -2.06697975e+01 -2.50725142e-02 -6.80089342e-03 -6.80089128e-03 7.13254574e+01 7.13254574e+01 1.69949017e+02 1.73372523e+02 3.24731520e+02 5.63642984e-17 1.25292137e-17 3.44991046e-05 3.99761764e-15 1.39914997e-16 1.65870001e-28 4.57304793e-17 9.83962836e-01 4.79139555e-15 1.78373588e-01
2.81081081e-01 -2.06697975e+01 -2.06697975e+01 -2.50725141e-02 -6.80089368e-03 -6.80089213e-03 7.13254574e+01 7.13254574e+01 1.69825372e+02 1.73372523e+02 3.24732451e+02 1.36755199e-16 9.84496074e-17 3.45360021e-05 8.17519280e-17 3.99290819e-15 1.66484895e-28 4.54759699e-17 9.83994144e-01 1.32205062e-15 1.78200796e-01
2.81381381e-01 -2.06697975e+01 -2.06697975e+01 -2.50725141e-02 -6.80089472e-03 -6.80089294e-03 7.13254574e+01 7.13254574e+01 1.69701865e+02 1.73372523e+02 3.24733379e+02 1.10033078e-16 2.81914709e-18 3.45728995e-05 4.00860387e-15 2.96944374e-17 1.72833216e-29 4.52201306e-17 9.84025363e-01 4.91662566e-15 1.78028323e-01
2.81681682e-01 -2.06697975e+01 -2.06697975e+01 -2.50725143e-02 -6.80089405e-03 -6.80089256e-03 7.13254574e+01 7.13254574e+01 1.69578497e+02 1.73372523e+02 3.24734304e+02 1.27893541e-16 1.46769620e-16 3.46097969e-05 4.01009979e-15 7.84260994e-17 1.67720420e-28 4.49629331e-17 9.84056494e-01 5.90941266e-16 1.77856167e-01
2.81981982e-01 -2.06697975e+01 -2.06697975e+01 -2.50725142e-02 -6.80089479e-03 -6.80089384e-03 7.13254574e+01 7.13254574e+01 1.69455266e+02 1.73372523e+02 3.24735227e+02 1.63612361e-16 1.90186553e-19 3.46466944e-05 1.00834877e-16 4.00801542e-15 1.72525114e-29 4.47044022e-17 9.84087536e-01 1.81900725e-15 1.77684328e-01
2.82282282e-01 -2.06697975e+01 -2.06697975e+01 -2.50725139e-02 -6.80089469e-03 -6.80089257e-03 7.13254574e+01 7.13254574e+01 1.69332173e+02 1.73372523e+02 3.24736147e+02 1.23543048e-16 1.28561702e-16 3.46835918e-05 7.05654725e-14 7.50961573e-16 1.71047606e-29 3.81172956e-17 9.84118491e-01 3.63769480e-15 1.77512804e-01
2.82582583e-01 -2.06697975e+01 -2.06697975e+01 -2.50725141e-02 -6.80089438e-03 -6.80089414e-03 7.13254574e+01 7.13254574e+01 1.69209219e+02 1.73372523e+02 3.24737064e+02 8.01797165e-17 1.03396408e-16 3.47204892e-05 2.96072572e-16 4.01312988e-15 1.69588131e-28 4.41832889e-17 9.84149357e-01 3.49454724e-15 1.77341594e-01
2.82882883e-01 -2.06697975e+01 -2.06697975e+01 -2.50725140e-02 -6.80089718e-03 -6.80089331e-03 7.13254574e+01 7.13254574e+01 1.69086401e+02 1.73372523e+02 3.24737978e+02 1.73750360e-16 5.31006798e-17 3.47573867e-05 7.07196138e-14 4.01359781e-16 1.70742598e-29 3.75760305e-17 9.84180137e-01 8.64206591e-15 1.77170699e-01
2.83183183e-01 -2.06697975e+01 -2.06697975e+01 -2.50725140e-02 -6.80089172e-03 -6.80089147e-03 7.13254574e+01 7.13254574e+01 1.68963722e+02 1.73372523e+02 3.24738890e+02 2.27236735e-17 1.00736620e-17 3.47942841e-05 4.02714975e-15 6.62966477e-18 1.70842951e-28 4.36567565e-17 9.84210830e-01 1.72115606e-15 1.77000116e-01
2.83483483e-01 -2.06697975e+01 -2.06697975e+01 -2.50725142e-02 -6.80089294e-03 -6.80089152e-03 7.13254574e+01 7.13254574e+01 1.68841179e+02 1.73372523e+02 3.24739799e+02 8.92815628e-17 5.68094648e-17 3.48311815e-05 4.63684738e-17 4.03318062e-15 1.71758171e-29 4.33914574e-17 9.84241436e-01 1.88631209e-15 1.76829846e-01
2.83783784e-01 -2.06697975e+01 -2.06697975e+01 -2.50725143e-02 -6.80089324e-03 -6.80089312e-03 7.13254574e+01 7.13254574e+01 1.68718774e+02 1.73372523e+02 3.24740706e+02 8.94691379e-17 2.17790587e-17 3.48680790e-05 3.96666111e-15 7.47181619e-16 1.72105567e-28 4.31248083e-17 9.84271956e-01 7.71685143e-16 1.76659887e-01
2.84084084e-01 -2.06697975e+01 -2.06697975e+01 -2.50725140e-02 -6.80089600e-03 -6.80089368e-03 7.13254574e+01 7.13254574e+01 1.68596506e+02 1.73372523e+02 3.24741610e+02 3.27827603e-17 1.29921203e-16 3.49049764e-05 4.03737635e-15 2.92021446e-17 1.71452718e-29 4.28568020e-17 9.84302390e-01 6.17528374e-15 1.76490239e-01
2.84384384e-01 -2.06697975e+01 -2.06697975e+01 -2.50725141e-02 -6.80089569e-03 -6.80089257e-03 7.13254574e+01 7.13254574e+01 1.68474376e+02 1.73372523e+02 3.24742511e+02 1.01134748e-16 7.58413979e-18 3.49418739e-05 4.04352208e-15 7.47533300e-17 1.73376024e-28 4.25874338e-17 9.84332738e-01 9.44275735e-17 1.76320901e-01
2.84684685e-01 -2.06697975e+01 -2.06697975e+01 -2.50725144e-02 -6.80089481e-03 -6.80089395e-03 7.13254574e+01 7.13254574e+01 1.68352382e+02 1.73372523e+02 3.24743410e+02 9.20418387e-17 1.32805617e-16 3.49787713e-05 9.91516729e-17 4.04829390e-15 1.74014206e-28 4.23166988e-17 9.84363000e-01 7.50306418e-16 1.76151872e-01
2.84984985e-01 -2.06697975e+01 -2.06697975e+01 -2.50725142e-02 -6.80089405e-03 -6.80089320e-03 7.13254574e+01 7.13254574e+01 1.68230525e+02 1.73372523e+02 3.24744306e+02 1.52656958e-16 3.56963898e-17 3.50156687e-05 1.13819236e-16 4.05195997e-15 1.70995956e-29 4.20446128e-17 9.84393178e-01 2.64508502e-15 1.75983151e-01
2.85285285e-01 -2.06697975e+01 -2.06697975e+01 -2.50725141e-02 -6.80089442e-03 -6.80089432e-03 7.13254574e+01 7.13254574e+01 1.68108804e+02 1.73372523e+02 3.24745199e+02 6.20247950e-18 3.04719117e-16 3.50525662e-05 3.96879477e-15 8.91381063e-16 5.67477663e-33 4.17711563e-17 9.84423271e-01 3.79305968e-15 1.75814738e-01
2.85585586e-01 -2.06697975e+01 -2.06697975e+01 -2.50725144e-02 -6.80089476e-03 -6.80089211e-03 7.13254574e+01 7.13254574e+01 1.67987220e+02 1.73372523e+02 3.24746090e+02 1.35696328e-16 5.59405305e-17 3.50894636e-05 4.06071308e-15 7.83555573e-18 1.75940640e-28 4.14963335e-17 9.84453280e-01 2.79023629e-15 1.75646631e-01
2.85885886e-01 -2.06697975e+01 -2.06697975e+01 -2.50725141e-02 -6.80089366e-03 -6.80089357e-03 7.13254574e+01 7.13254574e+01 1.67865773e+02 1.73372523e+02 3.24746979e+02 8.52519878e-17 7.30915346e-17 3.51263610e-05 6.56254171e-14 2.83052150e-14 1.75227622e-28 3.47878272e-17 9.84483204e-01 1.14200242e-15 1.75478830e-01
2.86186186e-01 -2.06697975e+01 -2.06697975e+01 -2.50725144e-02 -6.80089433e-03 -6.80089408e-03 7.13254574e+01 7.13254574e+01 1.67744461e+02 1.73372523e+02 3.24747864e+02 7.58390671e-17 1.14796697e-17 3.51632585e-05 3.61913910e-16 4.05333800e-15 6.41820082e-19 4.09375599e-17 9.84513045e-01 2.51282441e-17 1.75311334e-01
2.86486486e-01 -2.06697975e+01 -2.06697975e+01 -2.50725144e-02 -6.80089439e-03 -6.80089428e-03 7.13254574e+01 7.13254574e+01 1.67623286e+02 1.73372523e+02 3.24748748e+02 1.27703464e-16 4.00026412e-17 3.52001559e-05 2.14429569e-28 1.25916401e-28 3.32609355e-45 4.05785001e-28 9.84542802e-01 1.31450371e-15 1.75144143e-01
2.86786787e-01 -2.06697975e+01 -2.06697975e+01 -2.50725141e-02 -6.80089437e-03 -6.80089405e-03 7.13254574e+01 7.13254574e+01 1.67502247e+02 1.73372523e+02 3.24749628e+02 2.77166988e-17 6.21980494e-18 3.52370534e-05 2.77113377e-16 4.07432516e-15 5.58000885e-33 4.03833651e-17 9.84572475e-01 7.89110482e-16 1.74977255e-01
2.87087087e-01 -2.06697975e+01 -2.06697975e+01 -2.50725144e-02 -6.80089439e-03 -6.80089428e-03 7.13254574e+01 7.13254574e+01 1.67381344e+02 1.73372523e+02 3.24750507e+02 1.13005344e-16 1.16127102e-16 3.52739508e-05 2.13917320e-28 1.25615600e-28 3.32348775e-45 4.04815625e-28 9.84602066e-01 1.76920871e-15 1.74810669e-01
2.87387387e-01 -2.06697975e+01 -2.06697975e+01 -2.50725142e-02 -6.80089663e-03 -6.80089379e-03 7.13254574e+01 7.13254574e+01 1.67260577e+02 1.73372523e+02 3.24751382e+02 2.30459034e-17 3.45816851e-17 3.53108482e-05 2.09060729e-17 4.08198558e-15 1.69786236e-29 3.98186469e-17 9.84631574e-01 7.87117285e-16 1.74644386e-01
2.87687688e-01 -2.06697975e+01 -2.06697975e+01 -2.50725141e-02 -6.80089474e-03 -6.80089319e-03 7.13254574e+01 7.13254574e+01 1.67139945e+02 1.73372523e+02 3.24752255e+02 2.06358094e-17 2.45805851e-17 3.53477457e-05 4.08959688e-15 3.68077314e-17 1.80505722e-28 3.95342263e-17 9.84661000e-01 1.20954042e-15 1.74478404e-01
2.87987988e-01 -2.06697975e+01 -2.06697975e+01 -2.50725140e-02 -6.80089437e-03 -6.80089408e-03 7.13254574e+01 7.13254574e+01 1.67019449e+02 1.73372523e+02 3.24753126e+02 2.33512291e-16 2.18153136e-16 3.53846431e-05 3.06818661e-16 4.08126926e-15 3.65293622e-18 3.90780560e-17 9.84690344e-01 2.07918663e-15 1.74312722e-01
2.88288288e-01 -2.06697975e+01 -2.06697975e+01 -2.50725143e-02 -6.80089442e-03 -6.80089432e-03 7.13254574e+01 7.13254574e+01 1.66899088e+02 1.73372523e+02 3.24753994e+02 8.76010884e-17 3.81879154e-16 3.54215405e-05 4.00636047e-15 9.03261429e-16 5.48295808e-33 3.89612369e-17 9.84719606e-01 1.99402343e-15 1.74147339e-01
2.88588589e-01 -2.06697975e+01 -2.06697975e+01 -2.50725141e-02 -6.80089470e-03 -6.80089393e-03 7.13254574e+01 7.13254574e+01 1.66778863e+02 1.73372523e+02 3.24754860e+02 9.69410779e-18 1.32096144e-16 3.54584380e-05 4.09992383e-15 7.98523028e-17 1.82492592e-28 3.86726866e-17 9.84748787e-01 1.22485357e-15 1.73982256e-01
2.88888889e-01 -2.06697975e+01 -2.06697975e+01 -2.50725140e-02 -6.80089443e-03 -6.80089405e-03 7.13254574e+01 7.13254574e+01 1.66658772e+02 1.73372523e+02 3.24755723e+02 9.70735113e-18 1.18777123e-16 3.54953354e-05 2.35016422e-16 4.10377765e-15 5.44349874e-33 3.83827263e-17 9.84777886e-01 6.15826637e-16 1.73817471e-01
2.89189189e-01 -2.06697975e+01 -2.06697975e+01 -2.50725142e-02 -6.80089548e-03 -6.80089405e-03 7.13254574e+01 7.13254574e+01 1.66538817e+02 1.73372523e+02 3.24756584e+02 2.30379464e-17 1.40854695e-16 3.55322328e-05 4.11313994e-15 9.69275451e-17 1.83827425e-28 3.80913900e-17 9.84806905e-01 6.18491709e-16 1.73652982e-01
2.89489489e-01 -2.06697975e+01 -2.06697975e+01 -2.50725143e-02 -6.80089424e-03 -6.80089287e-03 7.13254574e+01 7.13254574e+01 1.66418996e+02 1.73372523e+02 3.24757442e+02 1.96176292e-16 2.10591238e-17 3.55691303e-05 4.11703162e-15 7.49360805e-17 1.84497935e-28 3.77986782e-17 9.84835843e-01 2.33186780e-15 1.73488791e-01
2.89789790e-01 -2.06697975e+01 -2.06697975e+01 -2.50725143e-02 -6.80089433e-03 -6.80089363e-03 7.13254574e+01 7.13254574e+01 1.66299310e+02 1.73372523e+02 3.24758298e+02 8.89325276e-18 5.89490439e-17 3.56060277e-05 7.24041088e-14 2.23573206e-15 1.83744875e-28 3.09571313e-17 9.84864701e-01 7.43194602e-16 1.73324895e-01
2.90090090e-01 -2.06697975e+01 -2.06697975e+01 -2.50725141e-02 -6.80089331e-03 -6.80089308e-03 7.13254574e+01 7.13254574e+01 1.66179759e+02 1.73372523e+02 3.24759151e+02 8.48463471e-18 9.23335213e-17 3.56429252e-05 4.39313735e-16 4.09184774e-15 1.85845173e-28 3.72090739e-17 9.84893479e-01 4.53070981e-16 1.73161294e-01
2.90390390e-01 -2.06697975e+01 -2.06697975e+01 -2.50725142e-02 -6.80089607e-03 -6.80089220e-03 7.13254574e+01 7.13254574e+01 1.66060343e+02 1.73372523e+02 3.24760002e+02 1.07409294e-16 3.91495043e-17 3.56798226e-05 4.12296157e-15 2.84043211e-19 1.68291054e-29 3.69121878e-17 9.84922177e-01 3.79098759e-16 1.72997988e-01
2.90690691e-01 -2.06697975e+01 -2.06697975e+01 -2.50725138e-02 -6.80089439e-03 -6.80089428e-03 7.13254574e+01 7.13254574e+01 1.65941060e+02 1.73372523e+02 3.24760850e+02 7.41182247e-17 3.72922902e-17 3.57167200e-05 2.10874813e-28 1.23828992e-28 3.30775117e-45 3.99058006e-28 9.84950796e-01 4.28057292e-16 1.72834975e-01
2.90990991e-01 -2.06697975e+01 -2.06697975e+01 -2.50725141e-02 -6.80089424e-03 -6.80089386e-03 7.13254574e+01 7.13254574e+01 1.65821912e+02 1.73372523e+02 3.24761696e+02 1.91489027e-17 9.39596559e-17 3.57536175e-05 2.35583017e-16 4.10187260e-15 5.30251661e-33 3.63142323e-17 9.84979335e-01 4.45316646e-16 1.72672255e-01
2.91291291e-01 -2.06697975e+01 -2.06697975e+01 -2.50725142e-02 -6.80089470e-03 -6.80089257e-03 7.13254574e+01 7.13254574e+01 1.65702898e+02 1.73372523e+02 3.24762540e+02 1.00528257e-16 6.33394530e-17 3.57905149e-05 4.13181169e-15 4.76051091e-17 1.67846167e-29 3.60131606e-17 9.85007796e-01 1.32130675e-15 1.72509827e-01
2.91591592e-01 -2.06697975e+01 -2.06697975e+01 -2.50725141e-02 -6.80089399e-03 -6.80089312e-03 7.13254574e+01 7.13254574e+01 1.65584018e+02 1.73372523e+02 3.24763381e+02 1.87611652e-16 9.43339523e-18 3.58274123e-05 7.28541426e-14 2.11763894e-15 1.87792568e-28 2.91096830e-17 9.85036178e-01 2.29988174e-15 1.72347690e-01
2.91891892e-01 -2.06697975e+01 -2.06697975e+01 -2.50725144e-02 -6.80089497e-03 -6.80089334e-03 7.13254574e+01 7.13254574e+01 1.65465272e+02 1.73372523e+02 3.24764220e+02 1.08408743e-17 9.52633804e-18 3.58643098e-05 4.96409471e-16 7.29605812e-14 1.88474485e-28 2.87968562e-17 9.85064482e-01 1.95906057e-16 1.72185844e-01
2.92192192e-01 -2.06697975e+01 -2.06697975e+01 -2.50725143e-02 -6.80089405e-03 -6.80089242e-03 7.13254574e+01 7.13254574e+01 1.65346659e+02 1.73372523e+02 3.24765057e+02 1.62188684e-16 7.43968603e-17 3.59012072e-05 3.06859894e-17 4.14578629e-15 1.67402968e-29 3.51015544e-17 9.85092708e-01 7.21889256e-16 1.72024287e-01
2.92492492e-01 -2.06697975e+01 -2.06697975e+01 -2.50725142e-02 -6.80089403e-03 -6.80089243e-03 7.13254574e+01 7.13254574e+01 1.65228180e+02 1.73372523e+02 3.24765891e+02 5.17439620e-18 3.91057735e-17 3.59381047e-05 4.14956838e-15 8.09894517e-17 1.91317903e-28 3.47948745e-17 9.85120856e-01 1.70914066e-15 1.71863020e-01
2.92792793e-01 -2.06697975e+01 -2.06697975e+01 -2.50725142e-02 -6.80089427e-03 -6.80089294e-03 7.13254574e+01 7.13254574e+01 1.65109835e+02 1.73372523e+02 3.24766723e+02 1.34872704e-16 7.27647156e-17 3.59750021e-05 3.86638078e-14 6.73680121e-16 1.66463509e-29 3.11683515e-17 9.85148927e-01 1.58517371e-15 1.71702041e-01
2.93093093e-01 -2.06697975e+01 -2.06697975e+01 -2.50725141e-02 -6.80089535e-03 -6.80089386e-03 7.13254574e+01 7.13254574e+01 1.64991622e+02 1.73372523e+02 3.24767552e+02 5.43960596e-17 1.23962180e-16 3.60118995e-05 4.15962146e-15 4.89379536e-17 1.92707275e-28 3.41773272e-17 9.85176920e-01 9.77126149e-16 1.71541349e-01
2.93393393e-01 -2.06697975e+01 -2.06697975e+01 -2.50725140e-02 -6.80089428e-03 -6.80089405e-03 7.13254574e+01 7.13254574e+01 1.64873543e+02 1.73372523e+02 3.24768379e+02 8.76005376e-17 6.11560439e-17 3.60487970e-05 3.80026912e-16 4.13068631e-15 5.13592212e-33 3.38664245e-17 9.85204837e-01 1.16036217e-15 1.71380944e-01
2.93693694e-01 -2.06697975e+01 -2.06697975e+01 -2.50725141e-02 -6.80089315e-03 -6.80089220e-03 7.13254574e+01 7.13254574e+01 1.64755597e+02 1.73372523e+02 3.24769204e+02 1.32426679e-17 4.24462883e-17 3.60856944e-05 7.33945961e-14 1.69686071e-15 1.65381054e-29 2.68902264e-17 9.85232677e-01 1.43598575e-15 1.71220826e-01
2.93993994e-01 -2.06697975e+01 -2.06697975e+01 -2.50725141e-02 -6.80089439e-03 -6.80089428e-03 7.13254574e+01 7.13254574e+01 1.64637784e+02 1.73372523e+02 3.24770026e+02 8.33086806e-18 1.79630719e-16 3.61225918e-05 2.08132433e-28 1.22218624e-28 3.29318411e-45 3.93868346e-28 9.85260440e-01 2.47594642e-15 1.71060992e-01
2.94294294e-01 -2.06697975e+01 -2.06697975e+01 -2.50725139e-02 -6.80089419e-03 -6.80089307e-03 7.13254574e+01 7.13254574e+01 1.64520104e+02 1.73372523e+02 3.24770847e+02 2.02018751e-17 4.24171115e-17 3.61594893e-05 4.17399618e-15 8.17940930e-17 1.95511791e-28 3.29252822e-17 9.85288128e-01 4.34354322e-16 1.70901444e-01
2.94594595e-01 -2.06697975e+01 -2.06697975e+01 -2.50725142e-02 -6.80089464e-03 -6.80089268e-03 7.13254574e+01 7.13254574e+01 1.64402556e+02 1.73372523e+02 3.24771664e+02 3.25206137e-17 8.67115376e-17 3.61963867e-05 4.18103960e-15 3.66719137e-17 1.96218326e-28 3.26087465e-17 9.85315740e-01 6.12872946e-16 1.70742179e-01
2.94894895e-01 -2.06697975e+01 -2.06697975e+01 -2.50725144e-02 -6.80089663e-03 -6.80089525e-03 7.13254574e+01 7.13254574e+01 1.64285141e+02 1.73372523e+02 3.24772480e+02 1.27619494e-16 2.53701140e-17 3.62332841e-05 6.11356871e-16 3.89395286e-14 1.65441889e-29 2.89407747e-17 9.85343276e-01 1.28913799e-15 1.70583198e-01
2.95195195e-01 -2.06697975e+01 -2.06697975e+01 -2.50725141e-02 -6.80089479e-03 -6.80089322e-03 7.13254574e+01 7.13254574e+01 1.64167858e+02 1.73372523e+02 3.24773293e+02 4.37962432e-17 1.02698125e-16 3.62701816e-05 5.05142688e-16 3.89832233e-14 1.65296689e-29 2.86168745e-17 9.85370737e-01 1.16758948e-15 1.70424499e-01
2.95495495e-01 -2.06697975e+01 -2.06697975e+01 -2.50725140e-02 -6.80089647e-03 -6.80089479e-03 7.13254574e+01 7.13254574e+01 1.64050708e+02 1.73372523e+02 3.24774104e+02 4.14993322e-18 1.45232254e-16 3.63070790e-05 4.19473002e-15 7.82778960e-17 1.98351005e-28 3.16506055e-17 9.85398123e-01 2.42389201e-15 1.70266082e-01
2.95795796e-01 -2.06697975e+01 -2.06697975e+01 -2.50725142e-02 -6.80089450e-03 -6.80089414e-03 7.13254574e+01 7.13254574e+01 1.63933689e+02 1.73372523e+02 3.24774913e+02 9.07712738e-17 6.41553711e-17 3.63439765e-05 2.39111287e-16 4.18684830e-15 1.99066278e-28 3.13283818e-17 9.85425434e-01 1.71139321e-15 1.70107946e-01
2.96096096e-01 -2.06697975e+01 -2.06697975e+01 -2.50725139e-02 -6.80089516e-03 -6.80089442e-03 7.13254574e+01 7.13254574e+01 1.63816803e+02 1.73372523e+02 3.24775719e+02 2.89955100e-17 3.38917790e-17 3.63808739e-05 1.28642540e-16 4.19165370e-15 1.65501903e-29 3.10047456e-17 9.85452670e-01 5.56831776e-16 1.69950090e-01
2.96396396e-01 -2.06697975e+01 -2.06697975e+01 -2.50725141e-02 -6.80089602e-03 -6.80089589e-03 7.13254574e+01 7.13254574e+01 1.63700048e+02 1.73372523e+02 3.24776523e+02 9.24193608e-17 9.27957564e-17 3.64177713e-05 4.14936535e-15 6.73536972e-16 1.65356973e-29 3.06796745e-17 9.85479833e-01 6.33098938e-16 1.69792515e-01
2.96696697e-01 -2.06697975e+01 -2.06697975e+01 -2.50725142e-02 -6.80089438e-03 -6.80089433e-03 7.13254574e+01 7.13254574e+01 1.63583425e+02 1.73372523e+02 3.24777325e+02 2.25312213e-17 1.88156009e-16 3.64546688e-05 1.82886755e-15 3.78619739e-15 1.72047290e-18 3.03043793e-17 9.85506921e-01 6.22771383e-17 1.69635218e-01
2.96996997e-01 -2.06697975e+01 -2.06697975e+01 -2.50725142e-02 -6.80089479e-03 -6.80089353e-03 7.13254574e+01 7.13254574e+01 1.63466933e+02 1.73372523e+02 3.24778125e+02 6.00364540e-17 1.80769863e-16 3.64915662e-05 1.29609458e-15 7.42173539e-14 1.63791113e-29 2.32617321e-17 9.85533936e-01 1.99419555e-15 1.69478199e-01
2.97297297e-01 -2.06697975e+01 -2.06697975e+01 -2.50725142e-02 -6.80089626e-03 -6.80089415e-03 7.13254574e+01 7.13254574e+01 1.63350573e+02 1.73372523e+02 3.24778922e+02 1.08003952e-17 3.09839280e-16 3.65284636e-05 7.74748564e-16 7.43005949e-14 1.63647685e-29 2.29232689e-17 9.85560877e-01 1.30090543e-15 1.69321458e-01
2.97597598e-01 -2.06697975e+01 -2.06697975e+01 -2.50725141e-02 -6.80089518e-03 -6.80089313e-03 7.13254574e+01 7.13254574e+01 1.63234345e+02 1.73372523e+02 3.24779717e+02 1.81769887e-16 1.49675532e-16 3.65653611e-05 4.21495913e-15 3.16481331e-17 2.03404346e-28 2.93651089e-17 9.85587745e-01 1.13267368e-15 1.69164993e-01
2.97897898e-01 -2.06697975e+01 -2.06697975e+01 -2.50725141e-02 -6.80089344e-03 -6.80089331e-03 7.13254574e+01 7.13254574e+01 1.63118247e+02 1.73372523e+02 3.24780510e+02 5.93983968e-17 3.56481935e-17 3.66022585e-05 4.16655397e-15 6.80371106e-16 1.64635112e-29 2.90328890e-17 9.85614540e-01 1.22298372e-16 1.69008805e-01
2.98198198e-01 -2.06697975e+01 -2.06697975e+01 -2.50725141e-02 -6.80089762e-03 -6.80089220e-03 7.13254574e+01 7.13254574e+01 1.63002281e+02 1.73372523e+02 3.24781301e+02 1.21748069e-16 2.90043828e-18 3.66391560e-05 3.93752746e-14 1.06145526e-16 1.63854904e-29 2.52992354e-17 9.85641263e-01 4.88433073e-16 1.68852893e-01
2.98498498e-01 -2.06697975e+01 -2.06697975e+01 -2.50725141e-02 -6.80089326e-03 -6.80089183e-03 7.13254574e+01 7.13254574e+01 1.62886445e+02 1.73372523e+02 3.24782090e+02 8.02914099e-17 3.48436611e-18 3.66760534e-05 4.22806422e-15 5.81878289e-17 1.64347667e-29 2.83641363e-17 9.85667913e-01 1.55824869e-15 1.68697255e-01
2.98798799e-01 -2.06697975e+01 -2.06697975e+01 -2.50725141e-02 -6.80089447e-03 -6.80089328e-03 7.13254574e+01 7.13254574e+01 1.62770740e+02 1.73372523e+02 3.24782876e+02 4.67724821e-17 4.96023756e-18 3.67129508e-05 4.22461226e-15 7.22663661e-17 2.06341089e-28 2.80276077e-17 9.85694491e-01 7.34394397e-16 1.68541891e-01
2.99099099e-01 -2.06697975e+01 -2.06697975e+01 -2.50725142e-02 -6.80089440e-03 -6.80089368e-03 7.13254574e+01 7.13254574e+01 1.62655166e+02 1.73372523e+02 3.24783660e+02 1.27991681e-16 8.40287097e-17 3.67498483e-05 1.26386104e-16 4.20461859e-15 4.71689859e-33 2.76896221e-17 9.85720997e-01 2.24817285e-16 1.68386800e-01
2.99399399e-01 -2.06697975e+01 -2.06697975e+01 -2.50725140e-02 -6.80089648e-03 -6.80089515e-03 7.13254574e+01 7.13254574e+01 1.62539722e+02 1.73372523e+02 3.24784442e+02 1.25470656e-17 6.82974795e-17 3.67867457e-05 4.24285147e-15 1.16816003e-16 2.07823027e-28 2.73502121e-17 9.85747431e-01 2.00160132e-16 1.68231983e-01
2.99699700e-01 -2.06697975e+01 -2.06697975e+01 -2.50725141e-02 -6.80089594e-03 -6.80089442e-03 7.13254574e+01 7.13254574e+01 1.62424409e+02 1.73372523e+02 3.24785222e+02 9.36535600e-17 3.87644980e-17 3.68236431e-05 3.95644050e-14 6.16691811e-16 1.63140956e-29 2.35864406e-17 9.85773794e-01 7.74324445e-16 1.68077437e-01
3.00000000e-01 -2.06697975e+01 -2.06697975e+01 -2.50725142e-02 -6.80089442e-03 -6.80089262e-03 7.13254574e+01 7.13254574e+01 1.62309226e+02 1.73372523e+02 3.24786000e+02 8.59288227e-17 2.10563808e-19 3.68605406e-05 4.78272964e-17 4.24330222e-15 2.09314079e-28 2.66670331e-17 9.85800086e-01 5.28444101e-16 1.67923162e-01
