# hBN Fig5 panel B: chi included,  multiple cavity modes (7 harmonics, 3rd resonant)
# omega_res = 165.199 meV ; axis = [1, 0, 0] ; nmodes = 13
# col0 = lambda ; cols 1..13 = frequency (meV) ; cols 14..26 = photon character ; cols 27..39 = IR intensity (arb. u.)
0.00000000e+00 -2.92799521e-02 -3.73048428e-03 -3.73048181e-03 5.50662807e+01 9.92461170e+01 1.10132561e+02 1.65198842e+02 1.65198842e+02 1.65198956e+02 2.20265123e+02 2.75331404e+02 3.30397684e+02 3.85463965e+02 0.00000000e+00 0.00000000e+00 0.00000000e+00 1.00000000e+00 0.00000000e+00 1.00000000e+00 0.00000000e+00 1.00000000e+00 0.00000000e+00 1.00000000e+00 1.00000000e+00 1.00000000e+00 1.00000000e+00 7.34359308e-07 5.81655001e-07 5.81654201e-07 0.00000000e+00 2.48915399e-03 0.00000000e+00 2.57576861e-02 0.00000000e+00 2.57577216e-02 0.00000000e+00 0.00000000e+00 0.00000000e+00 0.00000000e+00
1.50150150e-04 -2.92799519e-02 -3.73048535e-03 -3.73047379e-03 5.50662768e+01 9.92461170e+01 1.10132523e+02 1.65146132e+02 1.65198899e+02 1.65251373e+02 2.20265061e+02 2.75331171e+02 3.30397221e+02 3.85463184e+02 4.45931683e-16 3.21163097e-09 3.79255784e-08 9.99999997e-01 6.11066622e-16 9.99999870e-01 7.07025619e-01 1.08076528e-03 7.07190437e-01 9.99998940e-01 9.99999505e-01 9.99999639e-01 9.99999696e-01 7.34359308e-07 5.81654670e-07 5.81654532e-07 5.80791931e-06 2.48915399e-03 2.81544607e-05 1.82395107e-02 2.57576889e-02 1.81874495e-02 2.26020157e-05 6.82804844e-05 1.13365036e-04 1.63977341e-04
3.00300300e-04 -2.92799521e-02 -3.73048673e-03 -3.73048243e-03 5.50662649e+01 9.92461170e+01 1.10132408e+02 1.65093157e+02 1.65198899e+02 1.65303640e+02 2.20264877e+02 2.75330474e+02 3.30395832e+02 3.85460839e+02 3.33337867e-16 6.71165301e-08 3.59169550e-08 9.99999987e-01 7.57231107e-16 9.99999481e-01 7.06663047e-01 5.40382874e-04 7.07563338e-01 9.99995759e-01 9.99998018e-01 9.99998557e-01 9.99998782e-01 7.34359308e-07 5.81654933e-07 5.81654269e-07 1.16158664e-05 2.48915399e-03 5.63094678e-05 1.82729280e-02 2.57577002e-02 1.81541062e-02 4.52038562e-05 1.36561565e-04 2.26727829e-04 3.27931318e-04
4.50450450e-04 -2.92799522e-02 -3.73048998e-03 -3.73048418e-03 5.50662451e+01 9.92461170e+01 1.10132216e+02 1.65039944e+02 1.65198899e+02 1.65355673e+02 2.20264569e+02 2.75329311e+02 3.30393516e+02 3.85456932e+02 5.88767748e-16 1.08353856e-07 3.60196968e-08 9.99999971e-01 7.10438347e-16 9.99998831e-01 7.06366901e-01 3.60255278e-04 7.07875724e-01 9.99990458e-01 9.99995541e-01 9.99996753e-01 9.99997260e-01 7.34359308e-07 5.81654839e-07 5.81654363e-07 1.74238691e-05 2.48915399e-03 8.44655676e-05 1.83047465e-02 2.57577023e-02 1.81224330e-02 6.78053459e-05 2.04843837e-04 3.40086129e-04 4.91838573e-04
6.00600601e-04 -2.92799520e-02 -3.73048276e-03 -3.73048108e-03 5.50662175e+01 9.92461170e+01 1.10131948e+02 1.64986493e+02 1.65198899e+02 1.65407471e+02 2.20264138e+02 2.75327684e+02 3.30390274e+02 3.85451463e+02 6.87656574e-16 1.07037037e-07 1.08266790e-07 9.99999949e-01 2.06356059e-16 9.99997922e-01 7.06089880e-01 2.70191466e-04 7.08175354e-01 9.99983036e-01 9.99992072e-01 9.99994228e-01 9.99995131e-01 7.34359308e-07 5.81655002e-07 5.81654201e-07 2.32319551e-05 2.48915399e-03 1.12623307e-04 1.83361855e-02 2.57577030e-02 1.80912002e-02 9.04063094e-05 2.73127894e-04 4.53437684e-04 6.55675762e-04
7.50750751e-04 -2.92799518e-02 -3.73048353e-03 -3.73047355e-03 5.50661819e+01 9.92461170e+01 1.10131603e+02 1.64932802e+02 1.65198899e+02 1.65459037e+02 2.20263584e+02 2.75325591e+02 3.30386105e+02 3.85444435e+02 2.47129986e-16 2.09603754e-08 1.89148789e-07 9.99999921e-01 6.90868994e-16 9.99996753e-01 7.05822528e-01 2.16153176e-04 7.08471739e-01 9.99973493e-01 9.99987612e-01 9.99990981e-01 9.99992394e-01 7.34359308e-07 5.81654690e-07 5.81654512e-07 2.90401522e-05 2.48915399e-03 1.40783231e-04 1.83674889e-02 2.57577033e-02 1.80601628e-02 1.13006571e-04 3.41414329e-04 5.66780230e-04 8.19419563e-04
9.00900901e-04 -2.92799522e-02 -3.73048878e-03 -3.73048483e-03 5.50661384e+01 9.92461170e+01 1.10131181e+02 1.64878872e+02 1.65198899e+02 1.65510371e+02 2.20262907e+02 2.75323034e+02 3.30381011e+02 3.85435848e+02 4.80868192e-16 2.17933527e-07 6.82413686e-08 9.99999886e-01 1.96623650e-15 9.99995324e-01 7.05561710e-01 1.80127647e-04 7.08768028e-01 9.99961828e-01 9.99982159e-01 9.99987012e-01 9.99989052e-01 7.34359308e-07 5.81654828e-07 5.81654374e-07 3.48484882e-05 2.48915399e-03 1.68945888e-04 1.83987375e-02 2.57577035e-02 1.80292394e-02 1.35605955e-04 4.09703731e-04 6.80111493e-04 9.83046681e-04
1.05105105e-03 -2.92799521e-02 -3.73048433e-03 -3.73048116e-03 5.50660869e+01 9.92461170e+01 1.10130682e+02 1.64824702e+02 1.65198899e+02 1.65561473e+02 2.20262106e+02 2.75320011e+02 3.30374991e+02 3.85425706e+02 5.58248564e-16 2.21136300e-07 1.48604429e-07 9.99999845e-01 1.49212951e-16 9.99993635e-01 7.05306100e-01 1.54395127e-04 7.09065554e-01 9.99948040e-01 9.99975713e-01 9.99982321e-01 9.99985106e-01 7.34359308e-07 5.81654971e-07 5.81654231e-07 4.06569909e-05 2.48915399e-03 1.97111823e-04 1.84299657e-02 2.57577036e-02 1.79983954e-02 1.58204286e-04 4.77996684e-04 7.93429180e-04 1.14653386e-03
1.20120120e-03 -2.92799523e-02 -3.73048457e-03 -3.73047977e-03 5.50660276e+01 9.92461170e+01 1.10130107e+02 1.64770290e+02 1.65198899e+02 1.65612344e+02 2.20261183e+02 2.75316523e+02 3.30368045e+02 3.85414011e+02 9.08453563e-16 8.15066871e-08 2.93378868e-07 9.99999797e-01 4.46779404e-16 9.99991685e-01 7.05055047e-01 1.35095737e-04 7.09364967e-01 9.99932130e-01 9.99968273e-01 9.99976909e-01 9.99980557e-01 7.34359308e-07 5.81654809e-07 5.81654393e-07 4.64656881e-05 2.48915399e-03 2.25281583e-04 1.84611905e-02 2.57577037e-02 1.79676138e-02 1.80801386e-04 5.46293771e-04 9.06730982e-04 1.30985787e-03
1.35135135e-03 -2.92799521e-02 -3.73048608e-03 -3.73048393e-03 5.50659604e+01 9.92461170e+01 1.10129455e+02 1.64715636e+02 1.65198899e+02 1.65662986e+02 2.20260136e+02 2.75312569e+02 3.30360173e+02 3.85400766e+02 5.21203341e-16 2.45213948e-07 2.39190111e-07 9.99999743e-01 1.32467239e-15 9.99989476e-01 7.04808204e-01 1.20085099e-04 7.09666616e-01 9.99914095e-01 9.99959838e-01 9.99970774e-01 9.99975407e-01 7.34359308e-07 5.81655001e-07 5.81654201e-07 5.22746076e-05 2.48915399e-03 2.53455715e-04 1.84924208e-02 2.57577037e-02 1.79368853e-02 2.03397080e-04 6.14595567e-04 1.02001457e-03 1.47299556e-03
1.50150150e-03 -2.92799522e-02 -3.73048364e-03 -3.73047862e-03 5.50658852e+01 9.92461170e+01 1.10128726e+02 1.64660739e+02 1.65198899e+02 1.65713398e+02 2.20258967e+02 2.75308150e+02 3.30351376e+02 3.85385974e+02 3.92494377e-16 1.74210640e-07 3.38403693e-07 9.99999683e-01 3.34325535e-16 9.99987005e-01 7.04565372e-01 1.08076590e-04 7.09970700e-01 9.99893935e-01 9.99950408e-01 9.99963917e-01 9.99969659e-01 7.34359308e-07 5.81654928e-07 5.81654274e-07 5.80837771e-05 2.48915399e-03 2.81634765e-04 1.85236620e-02 2.57577038e-02 1.79062046e-02 2.25991189e-04 6.82902643e-04 1.13327758e-03 1.63592381e-03
1.65165165e-03 -2.92799518e-02 -3.73048233e-03 -3.73047527e-03 5.50658021e+01 9.92461170e+01 1.10127920e+02 1.64605599e+02 1.65198899e+02 1.65763583e+02 2.20257674e+02 2.75303265e+02 3.30341654e+02 3.85369641e+02 1.00589876e-15 9.78790385e-08 4.07072532e-07 9.99999616e-01 1.03762901e-15 9.99984275e-01 7.04326438e-01 9.82514452e-05 7.10277335e-01 9.99871648e-01 9.99939980e-01 9.99956337e-01 9.99963316e-01 7.34359308e-07 5.81654785e-07 5.81654417e-07 6.38932245e-05 2.48915399e-03 3.09819281e-04 1.85549172e-02 2.57577038e-02 1.78755684e-02 2.48583538e-04 7.51215563e-04 1.24651764e-03 1.79861956e-03
1.80180180e-03 -2.92799522e-02 -3.73048669e-03 -3.73048294e-03 5.50657112e+01 9.92461170e+01 1.10127037e+02 1.64550214e+02 1.65198899e+02 1.65813539e+02 2.20256258e+02 2.75297915e+02 3.30331007e+02 3.85351769e+02 2.46543930e-16 3.71570738e-07 2.65598969e-07 9.99999543e-01 4.11347047e-16 9.99981283e-01 7.04091333e-01 9.00638248e-05 7.10586586e-01 9.99847234e-01 9.99928554e-01 9.99948034e-01 9.99956379e-01 7.34359308e-07 5.81654979e-07 5.81654223e-07 6.97029776e-05 2.48915399e-03 3.38009809e-04 1.85861881e-02 2.57577038e-02 1.78449747e-02 2.71173946e-04 8.19534885e-04 1.35973232e-03 1.96105984e-03
1.95195195e-03 -2.92799521e-02 -3.73048520e-03 -3.73048185e-03 5.50656123e+01 9.92461170e+01 1.10126077e+02 1.64494585e+02 1.65198899e+02 1.65863269e+02 2.20254719e+02 2.75292098e+02 3.30319436e+02 3.85332364e+02 9.94539590e-16 2.25354889e-07 4.40499037e-07 9.99999464e-01 1.48662963e-15 9.99978030e-01 7.03860021e-01 8.31358384e-05 7.10898493e-01 9.99820691e-01 9.99916129e-01 9.99939009e-01 9.99948852e-01 7.34359308e-07 5.81654927e-07 5.81654275e-07 7.55130641e-05 2.48915399e-03 3.66206896e-04 1.86174758e-02 2.57577038e-02 1.78144222e-02 2.93762237e-04 8.87861157e-04 1.47291918e-03 2.12322174e-03
2.10210210e-03 -2.92799521e-02 -3.73048892e-03 -3.73048357e-03 5.50655054e+01 9.92461170e+01 1.10125041e+02 1.64438710e+02 1.65198899e+02 1.65912773e+02 2.20253056e+02 2.75285816e+02 3.30306940e+02 3.85311431e+02 9.63275280e-16 5.12100729e-07 1.47278650e-07 9.99999378e-01 6.07668454e-16 9.99974516e-01 7.03632481e-01 7.71975642e-05 7.11213075e-01 9.99792017e-01 9.99902702e-01 9.99929260e-01 9.99940739e-01 7.34359308e-07 5.81654812e-07 5.81654390e-07 8.13235118e-05 2.48915399e-03 3.94411089e-04 1.86487810e-02 2.57577039e-02 1.77839102e-02 3.16348230e-04 9.56194921e-04 1.58607573e-03 2.28508244e-03
2.25225225e-03 -2.92799520e-02 -3.73048378e-03 -3.73048093e-03 5.50653907e+01 9.92461170e+01 1.10123927e+02 1.64382589e+02 1.65198899e+02 1.65962051e+02 2.20251271e+02 2.75279067e+02 3.30293520e+02 3.85288976e+02 3.82228626e-16 3.99432697e-07 4.07925160e-07 9.99999286e-01 7.06267869e-16 9.99970741e-01 7.03408709e-01 7.20510600e-05 7.11530336e-01 9.99761211e-01 9.99888272e-01 9.99918788e-01 9.99932042e-01 7.34359308e-07 5.81655001e-07 5.81654201e-07 8.71343486e-05 2.48915399e-03 4.22622935e-04 1.86801038e-02 2.57577039e-02 1.77534381e-02 3.38931746e-04 1.02453671e-03 1.69919945e-03 2.44661921e-03
2.40240240e-03 -2.92799520e-02 -3.73048413e-03 -3.73047994e-03 5.50652681e+01 9.92461170e+01 1.10122736e+02 1.64326220e+02 1.65198899e+02 1.66011106e+02 2.20249363e+02 2.75271852e+02 3.30279177e+02 3.85265005e+02 4.44525238e-16 2.89781541e-07 5.35616150e-07 9.99999188e-01 3.16135369e-16 9.99966703e-01 7.03188706e-01 6.75478688e-05 7.11850276e-01 9.99728272e-01 9.99872838e-01 9.99907593e-01 9.99922766e-01 7.34359308e-07 5.81654937e-07 5.81654265e-07 9.29456023e-05 2.48915399e-03 4.50842982e-04 1.87114444e-02 2.57577039e-02 1.77230058e-02 3.61512604e-04 1.09288704e-03 1.81228777e-03 2.60780942e-03
2.55255255e-03 -2.92799519e-02 -3.73049096e-03 -3.73048345e-03 5.50651375e+01 9.92461170e+01 1.10121469e+02 1.64269604e+02 1.65198899e+02 1.66059937e+02 2.20247331e+02 2.75264170e+02 3.30263911e+02 3.85239523e+02 1.78201499e-15 6.40380774e-07 9.26087442e-08 9.99999083e-01 9.73281744e-16 9.99962404e-01 7.02972481e-01 6.35744647e-05 7.12172884e-01 9.99693197e-01 9.99856397e-01 9.99895673e-01 9.99912914e-01 7.34359308e-07 5.81654713e-07 5.81654489e-07 9.87573006e-05 2.48915399e-03 4.79071778e-04 1.87428024e-02 2.57577039e-02 1.76926131e-02 3.84090623e-04 1.16124642e-03 1.92533806e-03 2.76863053e-03
2.70270270e-03 -2.92799520e-02 -3.73048438e-03 -3.73047667e-03 5.50649990e+01 9.92461170e+01 1.10120124e+02 1.64212740e+02 1.65198899e+02 1.66108545e+02 2.20245177e+02 2.75256022e+02 3.30247723e+02 3.85212538e+02 4.85863990e-16 1.81046734e-07 6.60748998e-07 9.99998972e-01 9.13651995e-16 9.99957842e-01 7.02760047e-01 6.00425500e-05 7.12498150e-01 9.99655984e-01 9.99838947e-01 9.99883029e-01 9.99902491e-01 7.34359308e-07 5.81654807e-07 5.81654395e-07 1.04569471e-04 2.48915399e-03 5.07309869e-04 1.87741777e-02 2.57577039e-02 1.76622601e-02 4.06665620e-04 1.22961537e-03 2.03834768e-03 2.92906013e-03
2.85285285e-03 -2.92799521e-02 -3.73048455e-03 -3.73048162e-03 5.50648526e+01 9.92461170e+01 1.10118701e+02 1.64155626e+02 1.65198899e+02 1.66156930e+02 2.20242899e+02 2.75247406e+02 3.30230612e+02 3.85184058e+02 2.58784152e-16 6.00685228e-07 4.02672305e-07 9.99998855e-01 5.33580637e-16 9.99953017e-01 7.02551420e-01 5.68824158e-05 7.12826055e-01 9.99616631e-01 9.99820487e-01 9.99869661e-01 9.99891501e-01 7.34359308e-07 5.81654971e-07 5.81654231e-07 1.10382143e-04 2.48915399e-03 5.35557804e-04 1.88055698e-02 2.57577039e-02 1.76319468e-02 4.29237414e-04 1.29799435e-03 2.15131390e-03 3.08907591e-03
3.00300300e-03 -2.92799521e-02 -3.73049056e-03 -3.73048303e-03 5.50646982e+01 9.92461170e+01 1.10117202e+02 1.64098262e+02 1.65198899e+02 1.66205095e+02 2.20240498e+02 2.75238323e+02 3.30212580e+02 3.85154088e+02 1.08484634e-15 7.35933581e-07 1.94595455e-07 9.99998731e-01 4.03860898e-16 9.99947929e-01 7.02346619e-01 5.40382950e-05 7.13156582e-01 9.99575136e-01 9.99801013e-01 9.99855568e-01 9.99879950e-01 7.34359308e-07 5.81654798e-07 5.81654405e-07 1.16195342e-04 2.48915399e-03 5.63816131e-04 1.88369783e-02 2.57577039e-02 1.76016734e-02 4.51805819e-04 1.36638385e-03 2.26423396e-03 3.24865570e-03
3.15315315e-03 -2.92799524e-02 -3.73048491e-03 -3.73047812e-03 5.50645359e+01 9.92461170e+01 1.10115625e+02 1.64040649e+02 1.65198899e+02 1.66253040e+02 2.20237974e+02 2.75228772e+02 3.30193626e+02 3.85122639e+02 5.56746413e-16 1.90057410e-07 7.76362695e-07 9.99998601e-01 4.21317729e-16 9.99942578e-01 7.02145663e-01 5.14650429e-05 7.13489711e-01 9.99531497e-01 9.99780525e-01 9.99840750e-01 9.99867841e-01 7.34359308e-07 5.81654788e-07 5.81654415e-07 1.22009097e-04 2.48915399e-03 5.92085397e-04 1.88684027e-02 2.57577039e-02 1.75714401e-02 4.74370652e-04 1.43478433e-03 2.37710502e-03 3.40777744e-03
3.30330330e-03 -2.92799520e-02 -3.73048903e-03 -3.73048321e-03 5.50643658e+01 9.92461170e+01 1.10113971e+02 1.63982784e+02 1.65198899e+02 1.66300765e+02 2.20235327e+02 2.75218754e+02 3.30173752e+02 3.85089717e+02 1.44551919e-15 8.07593537e-07 2.21237627e-07 9.99998464e-01 4.78256966e-16 9.99936963e-01 7.01948575e-01 4.91257228e-05 7.13825419e-01 9.99485711e-01 9.99759018e-01 9.99825207e-01 9.99855181e-01 7.34359308e-07 5.81654804e-07 5.81654398e-07 1.27823436e-04 2.48915399e-03 6.20366151e-04 1.88998425e-02 2.57577039e-02 1.75412470e-02 4.96931725e-04 1.50319623e-03 2.48992420e-03 3.56641923e-03
3.45345345e-03 -2.92799522e-02 -3.73048743e-03 -3.73048292e-03 5.50641876e+01 9.92461170e+01 1.10112239e+02 1.63924667e+02 1.65198899e+02 1.66348271e+02 2.20232557e+02 2.75208268e+02 3.30152958e+02 3.85055332e+02 2.09741844e-15 8.01943270e-07 3.51041713e-07 9.99998321e-01 8.56840599e-16 9.99931084e-01 7.01755378e-01 4.69898218e-05 7.14163684e-01 9.99437775e-01 9.99736491e-01 9.99808938e-01 9.99841975e-01 7.34359308e-07 5.81654894e-07 5.81654308e-07 1.33638387e-04 2.48915399e-03 6.48658942e-04 1.89312971e-02 2.57577039e-02 1.75110945e-02 5.19488854e-04 1.57161999e-03 2.60268856e-03 3.72455929e-03
3.60360360e-03 -2.92799520e-02 -3.73048139e-03 -3.73047674e-03 5.50640016e+01 9.92461170e+01 1.10110430e+02 1.63866297e+02 1.65198899e+02 1.66395559e+02 2.20229664e+02 2.75197313e+02 3.30131245e+02 3.85019492e+02 2.28507335e-15 4.17335951e-07 8.12564586e-07 9.99998172e-01 6.71527109e-16 9.99924940e-01 7.01566094e-01 4.50319126e-05 7.14504482e-01 9.99387688e-01 9.99712941e-01 9.99791943e-01 9.99828228e-01 7.34359308e-07 5.81654928e-07 5.81654275e-07 1.39453978e-04 2.48915399e-03 6.76964317e-04 1.89627657e-02 2.57577039e-02 1.74809828e-02 5.42041849e-04 1.64005602e-03 2.71539507e-03 3.88217602e-03
3.75375375e-03 -2.92799522e-02 -3.73048407e-03 -3.73047597e-03 5.50638076e+01 9.92461170e+01 1.10108543e+02 1.63807675e+02 1.65198899e+02 1.66442630e+02 2.20226647e+02 2.75185889e+02 3.30108614e+02 3.84982207e+02 3.34791787e-15 2.38271996e-07 9.21217400e-07 9.99998016e-01 1.45376635e-15 9.99918531e-01 7.01380748e-01 4.32306361e-05 7.14847789e-01 9.99335445e-01 9.99688364e-01 9.99774223e-01 9.99813946e-01 7.34359308e-07 5.81654797e-07 5.81654405e-07 1.45270235e-04 2.48915399e-03 7.05282827e-04 1.89942479e-02 2.57577039e-02 1.74509121e-02 5.64590522e-04 1.70850473e-03 2.82804067e-03 4.03924794e-03
3.90390390e-03 -2.92799521e-02 -3.73048425e-03 -3.73048101e-03 5.50636057e+01 9.92461170e+01 1.10106579e+02 1.63748799e+02 1.65198899e+02 1.66489484e+02 2.20223508e+02 2.75173997e+02 3.30085065e+02 3.84943488e+02 2.29975280e-15 6.17632158e-07 7.73193007e-07 9.99997854e-01 1.35311711e-15 9.99911856e-01 7.01199365e-01 4.15679193e-05 7.15193579e-01 9.99281045e-01 9.99662759e-01 9.99755776e-01 9.99799137e-01 7.34359308e-07 5.81654992e-07 5.81654210e-07 1.51087188e-04 2.48915399e-03 7.33615020e-04 1.90257428e-02 2.57577039e-02 1.74208827e-02 5.87134682e-04 1.77696649e-03 2.94062218e-03 4.19575376e-03
4.05405405e-03 -2.92799519e-02 -3.73048306e-03 -3.73047880e-03 5.50633958e+01 9.92461170e+01 1.10104536e+02 1.63689668e+02 1.65198899e+02 1.66536124e+02 2.20220245e+02 2.75161635e+02 3.30060598e+02 3.84903343e+02 3.33141677e-15 2.48076546e-07 9.97263322e-07 9.99997686e-01 6.75691950e-16 9.99904916e-01 7.01021969e-01 4.00283667e-05 7.15541829e-01 9.99224484e-01 9.99636122e-01 9.99736602e-01 9.99783805e-01 7.34359308e-07 5.81654790e-07 5.81654412e-07 1.56904864e-04 2.48915399e-03 7.61961446e-04 1.90572499e-02 2.57577039e-02 1.73908949e-02 6.09674138e-04 1.84544166e-03 3.05313639e-03 4.35167236e-03
4.20420420e-03 -2.92799521e-02 -3.73048375e-03 -3.73048088e-03 5.50631780e+01 9.92461170e+01 1.10102416e+02 1.63630283e+02 1.65198899e+02 1.66582548e+02 2.20216860e+02 2.75148804e+02 3.30035216e+02 3.84861784e+02 3.38495750e-15 7.61525900e-07 7.45540698e-07 9.99997511e-01 1.12825868e-15 9.99897709e-01 7.00848586e-01 3.85987822e-05 7.15892511e-01 9.99165759e-01 9.99608449e-01 9.99716702e-01 9.99767958e-01 7.34359308e-07 5.81655001e-07 5.81654201e-07 1.62723291e-04 2.48915399e-03 7.90322653e-04 1.90887684e-02 2.57577039e-02 1.73609490e-02 6.32208697e-04 1.91393061e-03 3.16558000e-03 4.50698277e-03
4.35435435e-03 -2.92799518e-02 -3.73048714e-03 -3.73048244e-03 5.50629523e+01 9.92461170e+01 1.10100218e+02 1.63570641e+02 1.65198899e+02 1.66628758e+02 2.20213351e+02 2.75135502e+02 3.30008918e+02 3.84818822e+02 3.83762038e-15 1.04739786e-06 3.48258820e-07 9.99997330e-01 1.32927407e-15 9.99890235e-01 7.00679242e-01 3.72677897e-05 7.16245602e-01 9.99104867e-01 9.99579738e-01 9.99696075e-01 9.99751602e-01 7.34359308e-07 5.81654839e-07 5.81654363e-07 1.68542497e-04 2.48915399e-03 8.18699192e-04 1.91202975e-02 2.57577039e-02 1.73310453e-02 6.54738165e-04 1.98243364e-03 3.27794963e-03 4.66166424e-03
4.50450450e-03 -2.92799519e-02 -3.73048444e-03 -3.73048221e-03 5.50627186e+01 9.92461170e+01 1.10097941e+02 1.63510744e+02 1.65198899e+02 1.66674756e+02 2.20209720e+02 2.75121731e+02 3.29981706e+02 3.84774467e+02 3.78614681e-15 7.40191489e-07 8.69433276e-07 9.99997142e-01 5.19362353e-16 9.99882493e-01 7.00513961e-01 3.60255301e-05 7.16601074e-01 9.99041803e-01 9.99549985e-01 9.99674721e-01 9.99734745e-01 7.34359308e-07 5.81654997e-07 5.81654205e-07 1.74362510e-04 2.48915399e-03 8.47091614e-04 1.91518365e-02 2.57577039e-02 1.73011841e-02 6.77262347e-04 2.05095108e-03 3.39024181e-03 4.81569616e-03
4.65465465e-03 -2.92799519e-02 -3.73048653e-03 -3.73048340e-03 5.50624769e+01 9.92461170e+01 1.10095587e+02 1.63450589e+02 1.65198899e+02 1.66720541e+02 2.20205965e+02 2.75107489e+02 3.29953580e+02 3.84728731e+02 2.53203831e-15 9.58073540e-07 6.88666292e-07 9.99996948e-01 9.74979564e-16 9.99874483e-01 7.00352770e-01 3.48634162e-05 7.16958901e-01 9.98976566e-01 9.99519186e-01 9.99652640e-01 9.99717394e-01 7.34359308e-07 5.81654980e-07 5.81654222e-07 1.80183357e-04 2.48915399e-03 8.75500467e-04 1.91833846e-02 2.57577039e-02 1.72713656e-02 6.99781045e-04 2.11948320e-03 3.50245302e-03 4.96905817e-03
4.80480480e-03 -2.92799520e-02 -3.73048304e-03 -3.73047952e-03 5.50622274e+01 9.92461170e+01 1.10093154e+02 1.63390177e+02 1.65198899e+02 1.66766115e+02 2.20202087e+02 2.75092776e+02 3.29924542e+02 3.84681627e+02 4.77040898e-15 6.91807410e-07 1.00241434e-06 9.99996748e-01 1.04932095e-15 9.99866205e-01 7.00195694e-01 3.37739344e-05 7.17319058e-01 9.98909151e-01 9.99487339e-01 9.99629832e-01 9.99699556e-01 7.34359308e-07 5.81654976e-07 5.81654226e-07 1.86005067e-04 2.48915399e-03 9.03926302e-04 1.92149411e-02 2.57577039e-02 1.72415902e-02 7.22294061e-04 2.18803027e-03 3.61457961e-03 5.12173006e-03
4.95495495e-03 -2.92799518e-02 -3.73049250e-03 -3.73048233e-03 5.50619698e+01 9.92461170e+01 1.10090643e+02 1.63329507e+02 1.65198899e+02 1.66811477e+02 2.20198086e+02 2.75077591e+02 3.29894592e+02 3.84633165e+02 4.93023401e-15 1.23620973e-06 2.22217607e-07 9.99996541e-01 5.05360287e-16 9.99857657e-01 7.00042759e-01 3.27504819e-05 7.17681518e-01 9.98839554e-01 9.99454438e-01 9.99606296e-01 9.99681239e-01 7.34359308e-07 5.81654739e-07 5.81654463e-07 1.91827668e-04 2.48915399e-03 9.32369672e-04 1.92465051e-02 2.57577039e-02 1.72118580e-02 7.44801196e-04 2.25659253e-03 3.72661788e-03 5.27369185e-03
5.10510511e-03 -2.92799522e-02 -3.73048504e-03 -3.73048206e-03 5.50617044e+01 9.92461170e+01 1.10088054e+02 1.63268578e+02 1.65198899e+02 1.66856631e+02 2.20193963e+02 2.75061935e+02 3.29863732e+02 3.84583360e+02 3.22063584e-15 9.08720712e-07 9.21348105e-07 9.99996328e-01 2.97184063e-16 9.99848840e-01 6.99893991e-01 3.17872324e-05 7.18046255e-01 9.98767772e-01 9.99420481e-01 9.99582033e-01 9.99662451e-01 7.34359308e-07 5.81655002e-07 5.81654201e-07 1.97651187e-04 2.48915399e-03 9.60831125e-04 1.92780759e-02 2.57577039e-02 1.71821695e-02 7.67302248e-04 2.32517020e-03 3.83856403e-03 5.42492378e-03
5.25525526e-03 -2.92799524e-02 -3.73048514e-03 -3.73048288e-03 5.50614309e+01 9.92461170e+01 1.10085386e+02 1.63207390e+02 1.65198899e+02 1.66901575e+02 2.20189716e+02 2.75045806e+02 3.29831963e+02 3.84532223e+02 9.85394430e-16 5.95287881e-07 1.19174067e-06 9.99996109e-01 4.77791774e-16 9.99839752e-01 6.99749416e-01 3.08790258e-05 7.18413242e-01 9.98693800e-01 9.99385464e-01 9.99557043e-01 9.99643200e-01 7.34359308e-07 5.81654922e-07 5.81654280e-07 2.03475652e-04 2.48915399e-03 9.89311215e-04 1.93096525e-02 2.57577039e-02 1.71525248e-02 7.89797014e-04 2.39376348e-03 3.95041415e-03 5.57540630e-03
5.40540541e-03 -2.92799524e-02 -3.73048466e-03 -3.73047785e-03 5.50611495e+01 9.92461170e+01 1.10082639e+02 1.63145942e+02 1.65198899e+02 1.66946310e+02 2.20185346e+02 2.75029206e+02 3.29799286e+02 3.84479769e+02 6.10055548e-15 2.43885749e-07 1.34832799e-06 9.99995883e-01 7.03892330e-16 9.99830392e-01 6.99609060e-01 3.00212751e-05 7.18782453e-01 9.98617635e-01 9.99349382e-01 9.99531325e-01 9.99623494e-01 7.34359308e-07 5.81654743e-07 5.81654459e-07 2.09301092e-04 2.48915399e-03 1.01781049e-03 1.93412343e-02 2.57577039e-02 1.71229243e-02 8.12285288e-04 2.46237253e-03 4.06216427e-03 5.72512006e-03
5.55555556e-03 -2.92799520e-02 -3.73049424e-03 -3.73048197e-03 5.50608602e+01 9.92461170e+01 1.10079813e+02 1.63084234e+02 1.65198899e+02 1.66990839e+02 2.20180853e+02 2.75012132e+02 3.29765702e+02 3.84426009e+02 1.36336929e-15 1.39632860e-06 1.82996049e-07 9.99995650e-01 1.33107669e-15 9.99820761e-01 6.99472947e-01 2.92098892e-05 7.19153863e-01 9.98539273e-01 9.99312231e-01 9.99504881e-01 9.99603342e-01 7.34359308e-07 5.81654703e-07 5.81654500e-07 2.15127533e-04 2.48915399e-03 1.04632951e-03 1.93728202e-02 2.57577039e-02 1.70933682e-02 8.34766866e-04 2.53099751e-03 4.17381031e-03 5.87404598e-03
5.70570571e-03 -2.92799519e-02 -3.73049167e-03 -3.73048345e-03 5.50605628e+01 9.92461170e+01 1.10076909e+02 1.63022264e+02 1.65198899e+02 1.67035161e+02 2.20176237e+02 2.74994585e+02 3.29731212e+02 3.84370959e+02 2.27610455e-15 1.42441508e-06 2.50823813e-07 9.99995411e-01 5.60230841e-16 9.99810858e-01 6.99341104e-01 2.84412079e-05 7.19527444e-01 9.98458708e-01 9.99274007e-01 9.99477710e-01 9.99582752e-01 7.34359308e-07 5.81654736e-07 5.81654466e-07 2.20955006e-04 2.48915399e-03 1.07486882e-03 1.94044096e-02 2.57577039e-02 1.70638569e-02 8.57241537e-04 2.59963854e-03 4.28534808e-03 6.02216520e-03
5.85585586e-03 -2.92799520e-02 -3.73048489e-03 -3.73048127e-03 5.50602575e+01 9.92461170e+01 1.10073925e+02 1.62960033e+02 1.65198899e+02 1.67079277e+02 2.20171498e+02 2.74976564e+02 3.29695819e+02 3.84314632e+02 6.46630943e-16 1.03354612e-06 1.06545787e-06 9.99995166e-01 5.94095755e-16 9.99800681e-01 6.99213556e-01 2.77119462e-05 7.19903170e-01 9.98375937e-01 9.99234706e-01 9.99449812e-01 9.99561733e-01 7.34359308e-07 5.81655001e-07 5.81654201e-07 2.26783536e-04 2.48915399e-03 1.10342897e-03 1.94360014e-02 2.57577039e-02 1.70343904e-02 8.79709093e-04 2.66829570e-03 4.39677331e-03 6.16945908e-03
6.00600601e-03 -2.92799520e-02 -3.73048487e-03 -3.73048098e-03 5.50599443e+01 9.92461170e+01 1.10070862e+02 1.62897540e+02 1.65198899e+02 1.67123188e+02 2.20166637e+02 2.74958068e+02 3.29659523e+02 3.84257042e+02 2.24291290e-15 8.23351968e-07 1.28060690e-06 9.99994914e-01 1.48253163e-15 9.99790231e-01 6.99090329e-01 2.70191476e-05 7.20281015e-01 9.98290955e-01 9.99194323e-01 9.99421187e-01 9.99540295e-01 7.34359308e-07 5.81654966e-07 5.81654236e-07 2.32613152e-04 2.48915399e-03 1.13201052e-03 1.94675948e-02 2.57577039e-02 1.70049692e-02 9.02169322e-04 2.73696906e-03 4.50808162e-03 6.31590925e-03
6.15615616e-03 -2.92799520e-02 -3.73048691e-03 -3.73048395e-03 5.50596230e+01 9.92461170e+01 1.10067720e+02 1.62834785e+02 1.65198899e+02 1.67166895e+02 2.20161652e+02 2.74939099e+02 3.29622325e+02 3.84198204e+02 9.77815738e-16 1.39707905e-06 6.95251336e-07 9.99994656e-01 1.44125691e-15 9.99779505e-01 6.98971447e-01 2.63601440e-05 7.20660953e-01 9.98203757e-01 9.99152854e-01 9.99391837e-01 9.99518445e-01 7.34359308e-07 5.81654919e-07 5.81654283e-07 2.38443883e-04 2.48915399e-03 1.16061401e-03 1.94991889e-02 2.57577039e-02 1.69755934e-02 9.24622009e-04 2.80565866e-03 4.61926854e-03 6.46149759e-03
6.30630631e-03 -2.92799520e-02 -3.73049082e-03 -3.73048416e-03 5.50592938e+01 9.92461170e+01 1.10064498e+02 1.62771766e+02 1.65198899e+02 1.67210398e+02 2.20156544e+02 2.74919654e+02 3.29584228e+02 3.84138133e+02 1.19837946e-14 1.55863729e-06 3.55096082e-07 9.99994392e-01 3.78225567e-16 9.99768505e-01 6.98856937e-01 2.57325215e-05 7.21042959e-01 9.98114339e-01 9.99110295e-01 9.99361761e-01 9.99496194e-01 7.34359308e-07 5.81654773e-07 5.81654429e-07 2.44275756e-04 2.48915399e-03 1.18924002e-03 1.95307828e-02 2.57577039e-02 1.69462634e-02 9.47066939e-04 2.87436452e-03 4.73032947e-03 6.60620624e-03
6.45645646e-03 -2.92799521e-02 -3.73048916e-03 -3.73048338e-03 5.50589566e+01 9.92461170e+01 1.10061197e+02 1.62708483e+02 1.65198899e+02 1.67253700e+02 2.20151313e+02 2.74899734e+02 3.29545233e+02 3.84076844e+02 1.36153123e-14 1.60328864e-06 3.28702610e-07 9.99994120e-01 7.52087670e-16 9.99757228e-01 6.98746822e-01 2.51340907e-05 7.21427004e-01 9.98022696e-01 9.99066639e-01 9.99330960e-01 9.99473552e-01 7.34359308e-07 5.81654757e-07 5.81654445e-07 2.50108799e-04 2.48915399e-03 1.21788908e-03 1.95623755e-02 2.57577039e-02 1.69169793e-02 9.69503895e-04 2.94308660e-03 4.84125975e-03 6.75001757e-03
6.60660661e-03 -2.92799519e-02 -3.73048672e-03 -3.73048051e-03 5.50586115e+01 9.92461170e+01 1.10057816e+02 1.62644937e+02 1.65198899e+02 1.67296799e+02 2.20145960e+02 2.74879337e+02 3.29505341e+02 3.84014353e+02 1.14103047e-14 1.59005698e-06 5.25673325e-07 9.99993843e-01 6.09793031e-16 9.99745674e-01 6.98641127e-01 2.45628614e-05 7.21813065e-01 9.97928823e-01 9.99021883e-01 9.99299435e-01 9.99450527e-01 7.34359308e-07 5.81654838e-07 5.81654364e-07 2.55943041e-04 2.48915399e-03 1.24656175e-03 1.95939662e-02 2.57577039e-02 1.68877414e-02 9.91932656e-04 3.01182487e-03 4.95205456e-03 6.89291426e-03
6.75675676e-03 -2.92799519e-02 -3.73048518e-03 -3.73047129e-03 5.50582583e+01 9.92461170e+01 1.10054356e+02 1.62581125e+02 1.65198899e+02 1.67339697e+02 2.20140483e+02 2.74858465e+02 3.29464555e+02 3.83950675e+02 6.91481340e-15 2.47639865e-07 1.69476229e-06 9.99993559e-01 3.16428019e-16 9.99733842e-01 6.98539878e-01 2.40170200e-05 7.22201115e-01 9.97832714e-01 9.98976022e-01 9.99267186e-01 9.99427130e-01 7.34359308e-07 5.81654717e-07 5.81654485e-07 2.61778508e-04 2.48915399e-03 1.27525858e-03 1.96255539e-02 2.57577039e-02 1.68585500e-02 1.01435300e-03 3.08057923e-03 5.06270903e-03 7.03487923e-03
6.90690691e-03 -2.92799522e-02 -3.73048756e-03 -3.73048304e-03 5.50578972e+01 9.92461170e+01 1.10050815e+02 1.62517049e+02 1.65198899e+02 1.67382396e+02 2.20134884e+02 2.74837115e+02 3.29422876e+02 3.83885825e+02 1.51067362e-15 1.54203610e-06 8.29154885e-07 9.99993269e-01 6.05798919e-16 9.99721732e-01 6.98443098e-01 2.34949109e-05 7.22591128e-01 9.97734365e-01 9.98929050e-01 9.99234214e-01 9.99403370e-01 7.34359308e-07 5.81654934e-07 5.81654268e-07 2.67615230e-04 2.48915399e-03 1.30398014e-03 1.96571377e-02 2.57577039e-02 1.68294052e-02 1.03676471e-03 3.14934958e-03 5.17321813e-03 7.17589571e-03
7.05705706e-03 -2.92799520e-02 -3.73048491e-03 -3.73048170e-03 5.50575280e+01 9.92461170e+01 1.10047194e+02 1.62452706e+02 1.65198899e+02 1.67424895e+02 2.20129162e+02 2.74815288e+02 3.29380306e+02 3.83819821e+02 1.83536400e-15 6.32821349e-07 1.67321130e-06 9.99992972e-01 3.75526207e-16 9.99709342e-01 6.98350812e-01 2.29950192e-05 7.22983078e-01 9.97633770e-01 9.98880963e-01 9.99200521e-01 9.99379258e-01 7.34359308e-07 5.81654867e-07 5.81654335e-07 2.73453235e-04 2.48915399e-03 1.33272697e-03 1.96887165e-02 2.57577039e-02 1.68003073e-02 1.05916755e-03 3.21813577e-03 5.28357675e-03 7.31594717e-03
7.20720721e-03 -2.92799518e-02 -3.73049244e-03 -3.73048509e-03 5.50571509e+01 9.92461170e+01 1.10043492e+02 1.62388098e+02 1.65198899e+02 1.67467196e+02 2.20123316e+02 2.74792984e+02 3.29336848e+02 3.83752678e+02 6.45701993e-15 1.81135397e-06 2.38157135e-07 9.99992668e-01 1.14220144e-15 9.99696672e-01 6.98263044e-01 2.25159563e-05 7.23376940e-01 9.97530924e-01 9.98831756e-01 9.99166105e-01 9.99354803e-01 7.34359308e-07 5.81654703e-07 5.81654499e-07 2.79292550e-04 2.48915399e-03 1.36149964e-03 1.97202893e-02 2.57577039e-02 1.67712566e-02 1.08156129e-03 3.28693763e-03 5.39377967e-03 7.45501741e-03
7.35735736e-03 -2.92799523e-02 -3.73048731e-03 -3.73048407e-03 5.50567657e+01 9.92461170e+01 1.10039711e+02 1.62323223e+02 1.65198899e+02 1.67509299e+02 2.20117348e+02 2.74770201e+02 3.29292502e+02 3.83684413e+02 4.23889596e-15 1.78623948e-06 5.36275053e-07 9.99992359e-01 4.25757146e-16 9.99683721e-01 6.98179819e-01 2.20564470e-05 7.23772688e-01 9.97425821e-01 9.98781423e-01 9.99130970e-01 9.99330017e-01 7.34359308e-07 5.81654820e-07 5.81654382e-07 2.85133204e-04 2.48915399e-03 1.39029869e-03 1.97518553e-02 2.57577039e-02 1.67422532e-02 1.10394571e-03 3.35575492e-03 5.50382155e-03 7.59309049e-03
7.50750751e-03 -2.92799521e-02 -3.73048503e-03 -3.73048168e-03 5.50563726e+01 9.92461170e+01 1.10035848e+02 1.62258080e+02 1.65198899e+02 1.67551205e+02 2.20111257e+02 2.74746939e+02 3.29247271e+02 3.83615043e+02 1.17285373e-15 9.64047960e-07 1.64081434e-06 9.99992042e-01 1.59636515e-15 9.99670487e-01 6.98101158e-01 2.16153180e-05 7.24170297e-01 9.97318456e-01 9.98729959e-01 9.99095116e-01 9.99304909e-01 7.34359308e-07 5.81654952e-07 5.81654250e-07 2.90975224e-04 2.48915399e-03 1.41912468e-03 1.97834134e-02 2.57577039e-02 1.67132973e-02 1.12632057e-03 3.42458743e-03 5.61369693e-03 7.73015077e-03
7.65765766e-03 -2.92799521e-02 -3.73048541e-03 -3.73048253e-03 5.50559714e+01 9.92461170e+01 1.10031905e+02 1.62192671e+02 1.65198899e+02 1.67592915e+02 2.20105044e+02 2.74723199e+02 3.29201158e+02 3.83544584e+02 3.05413504e-15 1.25097956e-06 1.48425920e-06 9.99991719e-01 3.85401611e-16 9.99656970e-01 6.98027087e-01 2.11914883e-05 7.24569742e-01 9.97208823e-01 9.98677358e-01 9.99058545e-01 9.99279491e-01 7.34359308e-07 5.81654996e-07 5.81654206e-07 2.96818639e-04 2.48915399e-03 1.44797817e-03 1.98149626e-02 2.57577039e-02 1.66843892e-02 1.14868564e-03 3.49343485e-03 5.72340027e-03 7.86618293e-03
7.80780781e-03 -2.92799521e-02 -3.73049302e-03 -3.73048323e-03 5.50555622e+01 9.92461170e+01 1.10027881e+02 1.62126993e+02 1.65198899e+02 1.67634430e+02 2.20098707e+02 2.74698978e+02 3.29154164e+02 3.83473054e+02 2.03056549e-15 1.96747411e-06 2.15019260e-07 9.99991390e-01 6.16720635e-16 9.99643169e-01 6.97957628e-01 2.07839597e-05 7.24970997e-01 9.97096916e-01 9.98623615e-01 9.99021257e-01 9.99253772e-01 7.34359308e-07 5.81654686e-07 5.81654516e-07 3.02663478e-04 2.48915399e-03 1.47685972e-03 1.98465019e-02 2.57577039e-02 1.66555291e-02 1.17104068e-03 3.56229687e-03 5.83292588e-03 8.00117194e-03
7.95795796e-03 -2.92799519e-02 -3.73048901e-03 -3.73048156e-03 5.50551450e+01 9.92461170e+01 1.10023775e+02 1.62061047e+02 1.65198899e+02 1.67675751e+02 2.20092248e+02 2.74674278e+02 3.29106292e+02 3.83400470e+02 1.73366359e-15 4.13472420e-07 1.97442091e-06 9.99991054e-01 1.37700246e-15 9.99629083e-01 6.97892804e-01 2.03918095e-05 7.25374037e-01 9.96982729e-01 9.98568725e-01 9.98983254e-01 9.99227764e-01 7.34359308e-07 5.81654763e-07 5.81654439e-07 3.08509767e-04 2.48915399e-03 1.50576988e-03 1.98780301e-02 2.57577039e-02 1.66267172e-02 1.19338545e-03 3.63117313e-03 5.94226798e-03 8.13510308e-03
8.10810811e-03 -2.92799522e-02 -3.73048443e-03 -3.73048024e-03 5.50547198e+01 9.92461170e+01 1.10019589e+02 1.61994832e+02 1.65198899e+02 1.67716878e+02 2.20085666e+02 2.74649096e+02 3.29057545e+02 3.83326850e+02 2.82620498e-15 4.86711690e-07 1.99685156e-06 9.99990712e-01 1.14252245e-15 9.99614711e-01 6.97832638e-01 2.00141834e-05 7.25778838e-01 9.96866256e-01 9.98512682e-01 9.98944539e-01 9.99201477e-01 7.34359308e-07 5.81654787e-07 5.81654415e-07 3.14357535e-04 2.48915399e-03 1.53470922e-03 1.99095464e-02 2.57577039e-02 1.65979536e-02 1.21571970e-03 3.70006325e-03 6.05142068e-03 8.26796194e-03
8.25825826e-03 -2.92799522e-02 -3.73048621e-03 -3.73048284e-03 5.50542866e+01 9.92461170e+01 1.10015321e+02 1.61928348e+02 1.65198899e+02 1.67757812e+02 2.20078961e+02 2.74623434e+02 3.29007924e+02 3.83252211e+02 1.12693111e-14 1.46229572e-06 1.49796530e-06 9.99990363e-01 5.55419068e-16 9.99600052e-01 6.97777153e-01 1.96502891e-05 7.26185373e-01 9.96747491e-01 9.98455480e-01 9.98905112e-01 9.99174923e-01 7.34359308e-07 5.81655001e-07 5.81654201e-07 3.20206812e-04 2.48915399e-03 1.56367828e-03 1.99410496e-02 2.57577039e-02 1.65692385e-02 1.23804320e-03 3.76896679e-03 6.16037795e-03 8.39973443e-03
8.40840841e-03 -2.92799520e-02 -3.73048539e-03 -3.73048215e-03 5.50538453e+01 9.92461170e+01 1.10010971e+02 1.61861594e+02 1.65198899e+02 1.67798554e+02 2.20072133e+02 2.74597290e+02 3.28957433e+02 3.83176571e+02 2.85052956e-15 1.94536470e-06 8.70957341e-07 9.99990008e-01 1.43954553e-15 9.99585105e-01 6.97726371e-01 1.92993911e-05 7.26593619e-01 9.96626428e-01 9.98397114e-01 9.98864976e-01 9.99148112e-01 7.34359308e-07 5.81654899e-07 5.81654303e-07 3.26057623e-04 2.48915399e-03 1.59267763e-03 1.99725387e-02 2.57577039e-02 1.65405722e-02 1.26035569e-03 3.83788329e-03 6.26913367e-03 8.53040679e-03
8.55855856e-03 -2.92799523e-02 -3.73048865e-03 -3.73048500e-03 5.50533960e+01 9.92461170e+01 1.10006539e+02 1.61794571e+02 1.65198899e+02 1.67839105e+02 2.20065183e+02 2.74570664e+02 3.28906074e+02 3.83099949e+02 6.69814266e-16 1.92110933e-06 1.00799231e-06 9.99989646e-01 6.36221330e-16 9.99569868e-01 6.97680314e-01 1.89608053e-05 7.27003551e-01 9.96503061e-01 9.98337577e-01 9.98824133e-01 9.99121056e-01 7.34359308e-07 5.81654930e-07 5.81654273e-07 3.31909999e-04 2.48915399e-03 1.62170783e-03 2.00040125e-02 2.57577039e-02 1.65119548e-02 1.28265693e-03 3.90681223e-03 6.37768160e-03 8.65996556e-03
8.70870871e-03 -2.92799522e-02 -3.73048545e-03 -3.73047861e-03 5.50529386e+01 9.92461170e+01 1.10002025e+02 1.61727277e+02 1.65198899e+02 1.67879466e+02 2.20058110e+02 2.74543556e+02 3.28853850e+02 3.83022362e+02 1.41830722e-14 5.12357839e-07 2.14727627e-06 9.99989277e-01 3.35999969e-16 9.99554341e-01 6.97639003e-01 1.86338949e-05 7.27415145e-01 9.96377382e-01 9.98276865e-01 9.98782585e-01 9.99093766e-01 7.34359308e-07 5.81654783e-07 5.81654419e-07 3.37763967e-04 2.48915399e-03 1.65076943e-03 2.00354701e-02 2.57577039e-02 1.64833865e-02 1.30494666e-03 3.97575306e-03 6.48601540e-03 8.78839763e-03
8.85885886e-03 -2.92799522e-02 -3.73048724e-03 -3.73048406e-03 5.50524732e+01 9.92461170e+01 1.09997429e+02 1.61659712e+02 1.65198899e+02 1.67919637e+02 2.20050914e+02 2.74515964e+02 3.28800764e+02 3.82943828e+02 7.16477144e-15 2.03315098e-06 9.53465622e-07 9.99988902e-01 1.28830199e-15 9.99538523e-01 6.97602461e-01 1.83180661e-05 7.27828375e-01 9.96249386e-01 9.98214970e-01 9.98740334e-01 9.99066254e-01 7.34359308e-07 5.81654908e-07 5.81654294e-07 3.43619555e-04 2.48915399e-03 1.67986299e-03 2.00669102e-02 2.57577039e-02 1.64548675e-02 1.32722462e-03 4.04470519e-03 6.59412859e-03 8.91569022e-03
9.00900901e-03 -2.92799520e-02 -3.73048378e-03 -3.73048127e-03 5.50519998e+01 9.92461170e+01 1.09992750e+02 1.61591876e+02 1.65198899e+02 1.67959619e+02 2.20043596e+02 2.74487889e+02 3.28746818e+02 3.82864366e+02 1.28294909e-14 5.53595701e-07 2.21556369e-06 9.99988521e-01 2.81921683e-16 9.99522413e-01 6.97570708e-01 1.80127650e-05 7.28243218e-01 9.96119065e-01 9.98151887e-01 9.98697383e-01 9.99038529e-01 7.34359308e-07 5.81654791e-07 5.81654411e-07 3.49476791e-04 2.48915399e-03 1.70898908e-03 2.00983318e-02 2.57577039e-02 1.64263980e-02 1.34949057e-03 4.11366800e-03 6.70201460e-03 9.04183088e-03
9.15915916e-03 -2.92799522e-02 -3.73048530e-03 -3.73048357e-03 5.50515183e+01 9.92461170e+01 1.09987989e+02 1.61523769e+02 1.65198899e+02 1.67999414e+02 2.20036155e+02 2.74459330e+02 3.28692017e+02 3.82783995e+02 7.57110600e-15 1.94946977e-06 1.26097050e-06 9.99988133e-01 2.83221148e-16 9.99506009e-01 6.97543766e-01 1.77174738e-05 7.28659649e-01 9.95986413e-01 9.98087610e-01 9.98653735e-01 9.99010605e-01 7.34359308e-07 5.81654966e-07 5.81654236e-07 3.55335705e-04 2.48915399e-03 1.73814825e-03 2.01297338e-02 2.57577039e-02 1.63979780e-02 1.37174423e-03 4.18264080e-03 6.80966674e-03 9.16680749e-03
9.30930931e-03 -2.92799522e-02 -3.73048677e-03 -3.73048216e-03 5.50510288e+01 9.92461170e+01 1.09983145e+02 1.61455390e+02 1.65198899e+02 1.68039021e+02 2.20028592e+02 2.74430287e+02 3.28636362e+02 3.82702734e+02 9.69871096e-15 1.30364573e-06 1.96702122e-06 9.99987738e-01 2.99196449e-16 9.99489310e-01 6.97521655e-01 1.74317081e-05 7.29077644e-01 9.95851423e-01 9.98022133e-01 9.98609392e-01 9.98982492e-01 7.34359308e-07 5.81654971e-07 5.81654232e-07 3.61196324e-04 2.48915399e-03 1.76734107e-03 2.01611150e-02 2.57577039e-02 1.63696078e-02 1.39398535e-03 4.25162288e-03 6.91707822e-03 9.29060827e-03
9.45945946e-03 -2.92799522e-02 -3.73048537e-03 -3.73048183e-03 5.50505311e+01 9.92461170e+01 1.09978218e+02 1.61386739e+02 1.65198899e+02 1.68078442e+02 2.20020905e+02 2.74400758e+02 3.28579858e+02 3.82620600e+02 6.65976355e-15 1.96372740e-06 1.37605319e-06 9.99987337e-01 3.63436669e-16 9.99472315e-01 6.97504395e-01 1.71550143e-05 7.29497180e-01 9.95714089e-01 9.97955449e-01 9.98564358e-01 9.98954202e-01 7.34359308e-07 5.81654977e-07 5.81654225e-07 3.67058676e-04 2.48915399e-03 1.79656809e-03 2.01924743e-02 2.57577039e-02 1.63412875e-02 1.41621365e-03 4.32061349e-03 7.02424212e-03 9.41322181e-03
9.60960961e-03 -2.92799521e-02 -3.73048687e-03 -3.73048405e-03 5.50500255e+01 9.92461170e+01 1.09973207e+02 1.61317816e+02 1.65198899e+02 1.68117677e+02 2.20013097e+02 2.74370745e+02 3.28522507e+02 3.82537613e+02 6.42521610e-15 9.80306848e-07 2.22996110e-06 9.99986929e-01 8.82783354e-16 9.99455023e-01 6.97492008e-01 1.68869672e-05 7.29918232e-01 9.95574403e-01 9.97887554e-01 9.98518635e-01 9.98925746e-01 7.34359308e-07 5.81654897e-07 5.81654305e-07 3.72922790e-04 2.48915399e-03 1.82582988e-03 2.02238105e-02 2.57577039e-02 1.63130173e-02 1.43842887e-03 4.38961181e-03 7.13115142e-03 9.53463702e-03
9.75975976e-03 -2.92799523e-02 -3.73048660e-03 -3.73048420e-03 5.50495117e+01 9.92461170e+01 1.09968114e+02 1.61248620e+02 1.65198899e+02 1.68156728e+02 2.20005166e+02 2.74340245e+02 3.28464313e+02 3.82453792e+02 2.82404686e-14 2.24928529e-06 1.03020452e-06 9.99986515e-01 4.37330737e-16 9.99437433e-01 6.97484511e-01 1.66271677e-05 7.30340778e-01 9.95432357e-01 9.97818439e-01 9.98472227e-01 9.98897136e-01 7.34359308e-07 5.81654903e-07 5.81654299e-07 3.78788694e-04 2.48915399e-03 1.85512700e-03 2.02551224e-02 2.57577039e-02 1.62847973e-02 1.46063074e-03 4.45861699e-03 7.23779901e-03 9.65484317e-03
9.90990991e-03 -2.92799523e-02 -3.73048506e-03 -3.73048126e-03 5.50489899e+01 9.92461170e+01 1.09962936e+02 1.61179151e+02 1.65198899e+02 1.68195594e+02 2.19997112e+02 2.74309260e+02 3.28405280e+02 3.82369156e+02 1.97331050e-14 5.95517273e-07 2.44043846e-06 9.99986094e-01 2.74384998e-16 9.99419543e-01 6.97481926e-01 1.63752409e-05 7.30764792e-01 9.95287946e-01 9.97748100e-01 9.98425138e-01 9.98868384e-01 7.34359308e-07 5.81654787e-07 5.81654415e-07 3.84656416e-04 2.48915399e-03 1.88446000e-03 2.02864089e-02 2.57577039e-02 1.62566277e-02 1.48281899e-03 4.52762815e-03 7.34417764e-03 9.77382988e-03
1.00600601e-02 -2.92799520e-02 -3.73048485e-03 -3.73048020e-03 5.50484599e+01 9.92461170e+01 1.09957674e+02 1.61109409e+02 1.65198899e+02 1.68234278e+02 2.19988936e+02 2.74277787e+02 3.28345412e+02 3.82283723e+02 1.04054508e-14 1.25546258e-06 2.21965464e-06 9.99985666e-01 3.63077269e-16 9.99401352e-01 6.97484271e-01 1.61308344e-05 7.31190253e-01 9.95141160e-01 9.97676530e-01 9.98377371e-01 9.98839500e-01 7.34359308e-07 5.81654945e-07 5.81654257e-07 3.90525986e-04 2.48915399e-03 1.91382946e-03 2.03176688e-02 2.57577039e-02 1.62285086e-02 1.50499332e-03 4.59664433e-03 7.45027999e-03 9.89158712e-03
1.02102102e-02 -2.92799521e-02 -3.73048502e-03 -3.73048266e-03 5.50479219e+01 9.92461170e+01 1.09952328e+02 1.61039393e+02 1.65198899e+02 1.68272779e+02 2.19980638e+02 2.74245828e+02 3.28284711e+02 3.82197514e+02 8.64822178e-15 1.75742126e-06 1.90002451e-06 9.99985232e-01 4.95618179e-16 9.99382860e-01 6.97491565e-01 1.58936162e-05 7.31617136e-01 9.94991994e-01 9.97603722e-01 9.98328930e-01 9.98810498e-01 7.34359308e-07 5.81655000e-07 5.81654202e-07 3.96397431e-04 2.48915399e-03 1.94323593e-03 2.03489009e-02 2.57577039e-02 1.62004402e-02 1.52715347e-03 4.66566455e-03 7.55609862e-03 1.00081052e-02
1.03603604e-02 -2.92799523e-02 -3.73048446e-03 -3.73048120e-03 5.50473758e+01 9.92461170e+01 1.09946898e+02 1.60969104e+02 1.65198899e+02 1.68311098e+02 2.19972217e+02 2.74213381e+02 3.28223182e+02 3.82110547e+02 1.02830105e-14 1.14705480e-06 2.36248913e-06 9.99984791e-01 7.83782085e-16 9.99364063e-01 6.97503827e-01 1.56632739e-05 7.32045418e-01 9.94840440e-01 9.97529671e-01 9.98279820e-01 9.98781387e-01 7.34359308e-07 5.81654917e-07 5.81654285e-07 4.02270779e-04 2.48915399e-03 1.97267998e-03 2.03801040e-02 2.57577039e-02 1.61724225e-02 1.54929914e-03 4.73468778e-03 7.66162598e-03 1.01233749e-02
1.05105105e-02 -2.92799522e-02 -3.73048851e-03 -3.73048104e-03 5.50468216e+01 9.92461170e+01 1.09941384e+02 1.60898541e+02 1.65198899e+02 1.68349237e+02 2.19963674e+02 2.74180446e+02 3.28160829e+02 3.82022841e+02 4.47744568e-15 2.59732958e-06 5.93576444e-07 9.99984344e-01 8.86703588e-16 9.99344963e-01 6.97521074e-01 1.54395129e-05 7.32475077e-01 9.94686489e-01 9.97454370e-01 9.98230044e-01 9.98752180e-01 7.34359308e-07 5.81654773e-07 5.81654429e-07 4.08146060e-04 2.48915399e-03 2.00216217e-03 2.04112768e-02 2.57577039e-02 1.61444557e-02 1.57143006e-03 4.80371293e-03 7.76685443e-03 1.02373871e-02
1.06606607e-02 -2.92799520e-02 -3.73048643e-03 -3.73048441e-03 5.50462593e+01 9.92461170e+01 1.09935784e+02 1.60827704e+02 1.65198899e+02 1.68387196e+02 2.19955009e+02 2.74147023e+02 3.28097656e+02 3.81934416e+02 5.90517996e-15 2.23115636e-06 1.52468255e-06 9.99983890e-01 1.65953864e-15 9.99325556e-01 6.97543326e-01 1.52220550e-05 7.32906090e-01 9.94530134e-01 9.97377812e-01 9.98179608e-01 9.98722889e-01 7.34359308e-07 5.81654974e-07 5.81654229e-07 4.14023301e-04 2.48915399e-03 2.03168307e-03 2.04424181e-02 2.57577039e-02 1.61165399e-02 1.59354593e-03 4.87273887e-03 7.87177623e-03 1.03501333e-02
1.08108108e-02 -2.92799522e-02 -3.73049056e-03 -3.73048699e-03 5.50456889e+01 9.92461170e+01 1.09930099e+02 1.60756592e+02 1.65198899e+02 1.68424975e+02 2.19946221e+02 2.74113111e+02 3.28033668e+02 3.81845291e+02 1.84693512e-14 2.67620231e-06 5.89759049e-07 9.99983429e-01 8.09893955e-16 9.99305841e-01 6.97570598e-01 1.50106375e-05 7.33338433e-01 9.94371368e-01 9.97299992e-01 9.98128516e-01 9.98693525e-01 7.34359308e-07 5.81654768e-07 5.81654434e-07 4.19902531e-04 2.48915399e-03 2.06124323e-03 2.04735267e-02 2.57577039e-02 1.60886753e-02 1.61564645e-03 4.94176442e-03 7.97638355e-03 1.04616054e-02
1.09609610e-02 -2.92799519e-02 -3.73049108e-03 -3.73048461e-03 5.50451103e+01 9.92461170e+01 1.09924329e+02 1.60685206e+02 1.65198899e+02 1.68462576e+02 2.19937311e+02 2.74078709e+02 3.27968868e+02 3.81755486e+02 3.92977051e-16 2.72669045e-06 5.33938183e-07 9.99982962e-01 7.27845900e-16 9.99285818e-01 6.97602909e-01 1.48050124e-05 7.33772084e-01 9.94210182e-01 9.97220902e-01 9.98076773e-01 9.98664098e-01 7.34359308e-07 5.81654751e-07 5.81654452e-07 4.25783778e-04 2.48915399e-03 2.09084322e-03 2.05046013e-02 2.57577039e-02 1.60608620e-02 1.63773133e-03 5.01078834e-03 8.08066846e-03 1.05717953e-02
1.11111111e-02 -2.92799521e-02 -3.73048479e-03 -3.73048110e-03 5.50445237e+01 9.92461170e+01 1.09918473e+02 1.60613545e+02 1.65198899e+02 1.68500000e+02 2.19928279e+02 2.74043819e+02 3.27903261e+02 3.81665020e+02 4.40231800e-15 1.31248981e-06 2.49203831e-06 9.99982487e-01 4.65474636e-16 9.99265485e-01 6.97640276e-01 1.46049446e-05 7.34207021e-01 9.94046570e-01 9.97140537e-01 9.98024384e-01 9.98634622e-01 7.34359308e-07 5.81654932e-07 5.81654270e-07 4.31667072e-04 2.48915399e-03 2.12048362e-03 2.05356407e-02 2.57577039e-02 1.60331000e-02 1.65980028e-03 5.07980936e-03 8.18462294e-03 1.06806956e-02
1.12612613e-02 -2.92799522e-02 -3.73048333e-03 -3.73048150e-03 5.50439289e+01 9.92461170e+01 1.09912532e+02 1.60541610e+02 1.65198899e+02 1.68537246e+02 2.19919125e+02 2.74008438e+02 3.27836852e+02 3.81573911e+02 2.23935870e-14 2.30965078e-06 1.67757225e-06 9.99982007e-01 3.17003014e-16 9.99244839e-01 6.97682714e-01 1.44102120e-05 7.34643221e-01 9.93880521e-01 9.97058890e-01 9.97971355e-01 9.98605107e-01 7.34359308e-07 5.81654981e-07 5.81654221e-07 4.37552440e-04 2.48915399e-03 2.15016497e-03 2.05666435e-02 2.57577039e-02 1.60053895e-02 1.68185299e-03 5.14882614e-03 8.28823889e-03 1.07882993e-02
1.14114114e-02 -2.92799521e-02 -3.73048795e-03 -3.73048310e-03 5.50433259e+01 9.92461170e+01 1.09906504e+02 1.60469400e+02 1.65198899e+02 1.68574317e+02 2.19909849e+02 2.73972567e+02 3.27769645e+02 3.81482181e+02 1.53341097e-14 2.47745892e-06 1.49321163e-06 9.99981519e-01 1.62149725e-15 9.99223881e-01 6.97730240e-01 1.42206040e-05 7.35080662e-01 9.93712029e-01 9.96975955e-01 9.97917691e-01 9.98575565e-01 7.34359308e-07 5.81654954e-07 5.81654248e-07 4.43439912e-04 2.48915399e-03 2.17988785e-03 2.05976085e-02 2.57577039e-02 1.59777306e-02 1.70388914e-03 5.21783730e-03 8.39150811e-03 1.08945994e-02
1.15615616e-02 -2.92799522e-02 -3.73048442e-03 -3.73047923e-03 5.50427149e+01 9.92461170e+01 1.09900390e+02 1.60396914e+02 1.65198899e+02 1.68611212e+02 2.19900451e+02 2.73936206e+02 3.27701645e+02 3.81389847e+02 4.15664846e-15 1.51244408e-06 2.51030718e-06 9.99981025e-01 2.51718463e-16 9.99202609e-01 6.97782870e-01 1.40359208e-05 7.35519322e-01 9.93541086e-01 9.96891725e-01 9.97863398e-01 9.98546006e-01 7.34359308e-07 5.81654956e-07 5.81654246e-07 4.49329515e-04 2.48915399e-03 2.20965282e-03 2.06285344e-02 2.57577039e-02 1.59501234e-02 1.72590844e-03 5.28684140e-03 8.49442231e-03 1.09995897e-02
1.17117117e-02 -2.92799521e-02 -3.73048793e-03 -3.73048281e-03 5.50420957e+01 9.92461170e+01 1.09894189e+02 1.60324153e+02 1.65198899e+02 1.68647933e+02 2.19890930e+02 2.73899353e+02 3.27632857e+02 3.81296930e+02 1.34231699e-14 7.73012135e-07 2.86637828e-06 9.99980524e-01 1.96596905e-15 9.99181020e-01 6.97840619e-01 1.38559731e-05 7.35959180e-01 9.93367682e-01 9.96806194e-01 9.97808483e-01 9.98516443e-01 7.34359308e-07 5.81654804e-07 5.81654398e-07 4.55221278e-04 2.48915399e-03 2.23946045e-03 2.06594198e-02 2.57577039e-02 1.59225680e-02 1.74791057e-03 5.35583696e-03 8.59697316e-03 1.11032641e-02
1.18618619e-02 -2.92799521e-02 -3.73048986e-03 -3.73048543e-03 5.50414683e+01 9.92461170e+01 1.09887902e+02 1.60251117e+02 1.65198899e+02 1.68684480e+02 2.19881288e+02 2.73862010e+02 3.27563287e+02 3.81203448e+02 1.93811668e-14 2.99064214e-06 3.11724333e-07 9.99980017e-01 1.85439774e-15 9.99159114e-01 6.97903503e-01 1.36805810e-05 7.36400212e-01 9.93191810e-01 9.96719355e-01 9.97752951e-01 9.98486887e-01 7.34359308e-07 5.81654682e-07 5.81654520e-07 4.61115231e-04 2.48915399e-03 2.26931131e-03 2.06902635e-02 2.57577039e-02 1.58950645e-02 1.76989521e-03 5.42482244e-03 8.69915220e-03 1.12056169e-02
1.20120120e-02 -2.92799521e-02 -3.73048351e-03 -3.73047632e-03 5.50408328e+01 9.92461170e+01 1.09881527e+02 1.60177806e+02 1.65198899e+02 1.68720854e+02 2.19871524e+02 2.73824174e+02 3.27492938e+02 3.81109421e+02 1.57590206e-14 8.97965765e-07 2.90948578e-06 9.99979503e-01 5.11142869e-16 9.99136888e-01 6.97971535e-01 1.35095738e-05 7.36842397e-01 9.93013461e-01 9.96631203e-01 9.97696810e-01 9.98457348e-01 7.34359308e-07 5.81654828e-07 5.81654374e-07 4.67011400e-04 2.48915399e-03 2.29920595e-03 2.07210641e-02 2.57577039e-02 1.58676130e-02 1.79186204e-03 5.49379623e-03 8.80095093e-03 1.13066429e-02
1.21621622e-02 -2.92799521e-02 -3.73048532e-03 -3.73048195e-03 5.50401891e+01 9.92461170e+01 1.09875064e+02 1.60104219e+02 1.65198899e+02 1.68757055e+02 2.19861638e+02 2.73785848e+02 3.27421817e+02 3.81014868e+02 1.96392495e-14 2.56851663e-06 1.70511211e-06 9.99978982e-01 4.11862316e-16 9.99114343e-01 6.98044730e-01 1.33427889e-05 7.37285715e-01 9.92832627e-01 9.96541731e-01 9.97640066e-01 9.98427837e-01 7.34359308e-07 5.81654969e-07 5.81654233e-07 4.72909816e-04 2.48915399e-03 2.32914495e-03 2.07518202e-02 2.57577039e-02 1.58402136e-02 1.81381074e-03 5.56275670e-03 8.90236078e-03 1.14063371e-02
1.23123123e-02 -2.92799520e-02 -3.73048505e-03 -3.73048183e-03 5.50395372e+01 9.92461170e+01 1.09868514e+02 1.60030357e+02 1.65198899e+02 1.68793086e+02 2.19851630e+02 2.73747029e+02 3.27349929e+02 3.80919808e+02 7.05482453e-15 1.51381717e-06 2.72931764e-06 9.99978454e-01 3.79175540e-16 9.99091475e-01 6.98123102e-01 1.31800720e-05 7.37730143e-01 9.92649299e-01 9.96450933e-01 9.97582726e-01 9.98398366e-01 7.34359308e-07 5.81654942e-07 5.81654260e-07 4.78810507e-04 2.48915399e-03 2.35912887e-03 2.07825306e-02 2.57577039e-02 1.58128663e-02 1.83574099e-03 5.63170215e-03 9.00337309e-03 1.15046951e-02
1.24624625e-02 -2.92799521e-02 -3.73048342e-03 -3.73048002e-03 5.50388771e+01 9.92461170e+01 1.09861876e+02 1.59956219e+02 1.65198899e+02 1.68828945e+02 2.19841501e+02 2.73707717e+02 3.27277280e+02 3.80824261e+02 4.50688487e-15 1.47093027e-06 2.79574872e-06 9.99977920e-01 6.26636102e-16 9.99068283e-01 6.98206665e-01 1.30212759e-05 7.38175661e-01 9.92463468e-01 9.96358803e-01 9.97524797e-01 9.98368946e-01 7.34359308e-07 5.81654932e-07 5.81654270e-07 4.84713502e-04 2.48915399e-03 2.38915829e-03 2.08131938e-02 2.57577039e-02 1.57855712e-02 1.85765245e-03 5.70063081e-03 9.10397916e-03 1.16017125e-02
1.26126126e-02 -2.92799520e-02 -3.73048369e-03 -3.73048076e-03 5.50382089e+01 9.92461170e+01 1.09855150e+02 1.59881806e+02 1.65198899e+02 1.68864635e+02 2.19831250e+02 2.73667913e+02 3.27203874e+02 3.80728246e+02 6.62369021e-15 1.89152632e-06 2.57757674e-06 9.99977378e-01 1.29808404e-15 9.99044766e-01 6.98295431e-01 1.28662607e-05 7.38622246e-01 9.92275126e-01 9.96265333e-01 9.97466288e-01 9.98339587e-01 7.34359308e-07 5.81654984e-07 5.81654218e-07 4.90618829e-04 2.48915399e-03 2.41923376e-03 2.08438085e-02 2.57577039e-02 1.57583285e-02 1.87954479e-03 5.76954087e-03 9.20417021e-03 1.16973857e-02
1.27627628e-02 -2.92799522e-02 -3.73048528e-03 -3.73047495e-03 5.50375325e+01 9.92461170e+01 1.09848335e+02 1.59807117e+02 1.65198899e+02 1.68900156e+02 2.19820877e+02 2.73627617e+02 3.27129719e+02 3.80631781e+02 1.99507261e-14 5.74105209e-07 3.18386575e-06 9.99976830e-01 6.50159797e-16 9.99020921e-01 6.98389414e-01 1.27148930e-05 7.39069879e-01 9.92084264e-01 9.96170519e-01 9.97407205e-01 9.98310300e-01 7.34359308e-07 5.81654743e-07 5.81654460e-07 4.96526517e-04 2.48915399e-03 2.44935586e-03 2.08743733e-02 2.57577039e-02 1.57311381e-02 1.90141768e-03 5.83843047e-03 9.30393742e-03 1.17917111e-02
1.29129129e-02 -2.92799520e-02 -3.73048469e-03 -3.73048060e-03 5.50368478e+01 9.92461170e+01 1.09841432e+02 1.59732152e+02 1.65198899e+02 1.68935508e+02 2.19810382e+02 2.73586827e+02 3.27054819e+02 3.80534885e+02 2.20409073e-15 1.04442478e-06 3.10217606e-06 9.99976276e-01 1.70447932e-15 9.98996748e-01 6.98488625e-01 1.25670454e-05 7.39518539e-01 9.91890873e-01 9.96074354e-01 9.97347557e-01 9.98281095e-01 7.34359308e-07 5.81654845e-07 5.81654357e-07 5.02436595e-04 2.48915399e-03 2.47952515e-03 2.09048867e-02 2.57577039e-02 1.57040003e-02 1.92327077e-03 5.90729769e-03 9.40327191e-03 1.18846857e-02
1.30630631e-02 -2.92799522e-02 -3.73048910e-03 -3.73048342e-03 5.50361550e+01 9.92461170e+01 1.09834439e+02 1.59656912e+02 1.65198899e+02 1.68970693e+02 2.19799767e+02 2.73545545e+02 3.26979181e+02 3.80437578e+02 5.90301034e-15 3.23030440e-06 7.28060289e-07 9.99975714e-01 9.39458017e-16 9.98972245e-01 6.98593076e-01 1.24225966e-05 7.39968203e-01 9.91694944e-01 9.95976832e-01 9.97287353e-01 9.98251983e-01 7.34359308e-07 5.81654771e-07 5.81654431e-07 5.08349091e-04 2.48915399e-03 2.50974219e-03 2.09353475e-02 2.57577039e-02 1.56769149e-02 1.94510371e-03 5.97614054e-03 9.50216475e-03 1.19763068e-02
1.32132132e-02 -2.92799521e-02 -3.73048627e-03 -3.73048093e-03 5.50354539e+01 9.92461170e+01 1.09827356e+02 1.59581396e+02 1.65198899e+02 1.69005711e+02 2.19789029e+02 2.73503769e+02 3.26902812e+02 3.80339878e+02 1.66689288e-14 3.18361666e-06 1.04069185e-06 9.99975146e-01 4.21212328e-16 9.98947410e-01 6.98702779e-01 1.22814307e-05 7.40418853e-01 9.91496467e-01 9.95877947e-01 9.97226600e-01 9.98222974e-01 7.34359308e-07 5.81654836e-07 5.81654366e-07 5.14264035e-04 2.48915399e-03 2.54000757e-03 2.09657541e-02 2.57577039e-02 1.56498822e-02 1.96691617e-03 6.04495699e-03 9.60060697e-03 1.20665721e-02
1.33633634e-02 -2.92799519e-02 -3.73048788e-03 -3.73048418e-03 5.50347447e+01 9.92461170e+01 1.09820184e+02 1.59505606e+02 1.65198899e+02 1.69040563e+02 2.19778171e+02 2.73461500e+02 3.26825716e+02 3.80241803e+02 8.80295419e-15 2.61151345e-06 2.15751375e-06 9.99974571e-01 9.37118833e-16 9.98922241e-01 6.98817744e-01 1.21434371e-05 7.40870468e-01 9.91295435e-01 9.95777693e-01 9.97165309e-01 9.98194078e-01 7.34359308e-07 5.81654994e-07 5.81654208e-07 5.20181455e-04 2.48915399e-03 2.57032185e-03 2.09961051e-02 2.57577039e-02 1.56229021e-02 1.98870779e-03 6.11374496e-03 9.69858956e-03 1.21554795e-02
1.35135135e-02 -2.92799521e-02 -3.73048601e-03 -3.73048140e-03 5.50340272e+01 9.92461170e+01 1.09812921e+02 1.59429539e+02 1.65198899e+02 1.69075249e+02 2.19767191e+02 2.73418737e+02 3.26747902e+02 3.80143373e+02 8.28796828e-15 2.50514736e-06 2.33632525e-06 9.99973989e-01 4.51268319e-16 9.98896737e-01 6.98937983e-01 1.20085100e-05 7.41323027e-01 9.91091837e-01 9.95676065e-01 9.97103487e-01 9.98165306e-01 7.34359308e-07 5.81655000e-07 5.81654202e-07 5.26101380e-04 2.48915399e-03 2.60068558e-03 2.10263992e-02 2.57577039e-02 1.55959748e-02 2.01047821e-03 6.18250228e-03 9.79610347e-03 1.22430274e-02
1.36636637e-02 -2.92799521e-02 -3.73048685e-03 -3.73048494e-03 5.50333014e+01 9.92461170e+01 1.09805569e+02 1.59353198e+02 1.65198899e+02 1.69109771e+02 2.19756090e+02 2.73375481e+02 3.26669375e+02 3.80044606e+02 9.60494941e-15 2.96879953e-06 1.78398892e-06 9.99973400e-01 9.74892269e-16 9.98870895e-01 6.99063506e-01 1.18765484e-05 7.41776510e-01 9.90885665e-01 9.95573056e-01 9.97041144e-01 9.98136666e-01 7.34359308e-07 5.81654954e-07 5.81654248e-07 5.32023840e-04 2.48915399e-03 2.63109935e-03 2.10566347e-02 2.57577039e-02 1.55691002e-02 2.03222707e-03 6.25122676e-03 9.89313962e-03 1.23292147e-02
1.38138138e-02 -2.92799523e-02 -3.73048312e-03 -3.73047859e-03 5.50325674e+01 9.92461170e+01 1.09798125e+02 1.59276581e+02 1.65198899e+02 1.69144129e+02 2.19744868e+02 2.73331731e+02 3.26590141e+02 3.79945520e+02 2.74263161e-14 1.18039397e-06 3.29668966e-06 9.99972804e-01 1.81007983e-15 9.98844714e-01 6.99194321e-01 1.17474555e-05 7.42230898e-01 9.90676909e-01 9.95468661e-01 9.96978290e-01 9.98108170e-01 7.34359308e-07 5.81654857e-07 5.81654346e-07 5.37948862e-04 2.48915399e-03 2.66156373e-03 2.10868104e-02 2.57577039e-02 1.55422785e-02 2.05395403e-03 6.31991613e-03 9.98968890e-03 1.24140403e-02
1.39639640e-02 -2.92799523e-02 -3.73048422e-03 -3.73048030e-03 5.50318252e+01 9.92461170e+01 1.09790590e+02 1.59199689e+02 1.65198899e+02 1.69178324e+02 2.19733524e+02 2.73287487e+02 3.26510209e+02 3.79846133e+02 1.80810496e-14 1.89576971e-06 2.98923949e-06 9.99972202e-01 6.27662981e-16 9.98818193e-01 6.99330440e-01 1.16211387e-05 7.42686170e-01 9.90465560e-01 9.95362874e-01 9.96914935e-01 9.98079827e-01 7.34359308e-07 5.81654964e-07 5.81654238e-07 5.43876476e-04 2.48915399e-03 2.69207927e-03 2.11169247e-02 2.57577039e-02 1.55155097e-02 2.07565869e-03 6.38856807e-03 1.00857422e-02 1.24975038e-02
1.41141141e-02 -2.92799521e-02 -3.73048505e-03 -3.73048441e-03 5.50310747e+01 9.92461170e+01 1.09782964e+02 1.59122523e+02 1.65198899e+02 1.69212357e+02 2.19722060e+02 2.73242750e+02 3.26429584e+02 3.79746463e+02 1.24395868e-14 2.56567632e-06 2.49353177e-06 9.99971592e-01 3.36370509e-16 9.98791328e-01 6.99471869e-01 1.14975096e-05 7.43142306e-01 9.90251608e-01 9.95255690e-01 9.96851088e-01 9.98051645e-01 7.34359308e-07 5.81655001e-07 5.81654201e-07 5.49806712e-04 2.48915399e-03 2.72264655e-03 2.11469761e-02 2.57577039e-02 1.54887938e-02 2.09734071e-03 6.45718021e-03 1.01812904e-02 1.25796049e-02
1.42642643e-02 -2.92799520e-02 -3.73048631e-03 -3.73048401e-03 5.50303160e+01 9.92461170e+01 1.09775247e+02 1.59045082e+02 1.65198899e+02 1.69246228e+02 2.19710475e+02 2.73197520e+02 3.26348274e+02 3.79646529e+02 4.81702051e-15 1.44521516e-06 3.31444510e-06 9.99970976e-01 4.33758649e-16 9.98764120e-01 6.99618618e-01 1.13764832e-05 7.43599288e-01 9.90035045e-01 9.95147103e-01 9.96786761e-01 9.98023635e-01 7.34359308e-07 5.81654896e-07 5.81654306e-07 5.55739597e-04 2.48915399e-03 2.75326613e-03 2.11769631e-02 2.57577039e-02 1.54621309e-02 2.11899970e-03 6.52575010e-03 1.02763242e-02 1.26603438e-02
1.44144144e-02 -2.92799521e-02 -3.73048398e-03 -3.73048147e-03 5.50295489e+01 9.92461170e+01 1.09767437e+02 1.58967366e+02 1.65198899e+02 1.69279938e+02 2.19698769e+02 2.73151795e+02 3.26266286e+02 3.79546347e+02 2.05709607e-14 2.45536732e-06 2.70593041e-06 9.99970353e-01 1.31831598e-15 9.98736565e-01 6.99770695e-01 1.12579781e-05 7.44057095e-01 9.89815859e-01 9.95037108e-01 9.96721964e-01 9.97995805e-01 7.34359308e-07 5.81655000e-07 5.81654202e-07 5.61675161e-04 2.48915399e-03 2.78393859e-03 2.12068843e-02 2.57577039e-02 1.54355210e-02 2.14063529e-03 6.59427526e-03 1.03708346e-02 1.27397210e-02
1.45645646e-02 -2.92799521e-02 -3.73048605e-03 -3.73047628e-03 5.50287736e+01 9.92461170e+01 1.09759535e+02 1.58889376e+02 1.65198899e+02 1.69313488e+02 2.19686942e+02 2.73105578e+02 3.26183628e+02 3.79445937e+02 1.94976900e-15 4.20758049e-07 3.66789352e-06 9.99969723e-01 2.88962712e-16 9.98708661e-01 6.99928107e-01 1.11419165e-05 7.44515709e-01 9.89594043e-01 9.94925700e-01 9.96656708e-01 9.97968164e-01 7.34359308e-07 5.81654693e-07 5.81654509e-07 5.67613433e-04 2.48915399e-03 2.81466450e-03 2.12367382e-02 2.57577039e-02 1.54089642e-02 2.16224710e-03 6.66275312e-03 1.04648124e-02 1.28177375e-02
1.47147147e-02 -2.92799523e-02 -3.73048935e-03 -3.73048477e-03 5.50279900e+01 9.92461170e+01 1.09751540e+02 1.58811112e+02 1.65198899e+02 1.69346879e+02 2.19674994e+02 2.73058867e+02 3.26100306e+02 3.79345315e+02 8.37366532e-15 3.71142798e-06 3.71849466e-07 9.99969086e-01 1.01826160e-15 9.98680408e-01 7.00090861e-01 1.10282235e-05 7.44975110e-01 9.89369586e-01 9.94812874e-01 9.96591003e-01 9.97940722e-01 7.34359308e-07 5.81654679e-07 5.81654523e-07 5.73554442e-04 2.48915399e-03 2.84544442e-03 2.12665231e-02 2.57577039e-02 1.53824605e-02 2.18383474e-03 6.73118109e-03 1.05582484e-02 1.28943943e-02
1.48648649e-02 -2.92799520e-02 -3.73048746e-03 -3.73048355e-03 5.50271981e+01 9.92461170e+01 1.09743452e+02 1.58732574e+02 1.65198899e+02 1.69380112e+02 2.19662926e+02 2.73011663e+02 3.26016328e+02 3.79244498e+02 6.41694298e-15 3.24181717e-06 1.92067122e-06 9.99968442e-01 7.04199774e-16 9.98651802e-01 7.00258963e-01 1.09168273e-05 7.45435279e-01 9.89142478e-01 9.94698625e-01 9.96524863e-01 9.97913486e-01 7.34359308e-07 5.81654951e-07 5.81654251e-07 5.79498217e-04 2.48915399e-03 2.87627892e-03 2.12962376e-02 2.57577039e-02 1.53560100e-02 2.20539783e-03 6.79955648e-03 1.06511335e-02 1.29696930e-02
1.50150150e-02 -2.92799520e-02 -3.73048275e-03 -3.73047927e-03 5.50263979e+01 9.92461170e+01 1.09735270e+02 1.58653762e+02 1.65198899e+02 1.69413186e+02 2.19650738e+02 2.72963965e+02 3.25931703e+02 3.79143504e+02 1.11143594e-14 1.32616872e-06 3.56762066e-06 9.99967791e-01 7.11053083e-16 9.98622843e-01 7.00432421e-01 1.08076590e-05 7.45896198e-01 9.88912710e-01 9.94582947e-01 9.96458297e-01 9.97886465e-01 7.34359308e-07 5.81654864e-07 5.81654338e-07 5.85444787e-04 2.48915399e-03 2.90716857e-03 2.13258802e-02 2.57577039e-02 1.53296126e-02 2.22693596e-03 6.86787659e-03 1.07434585e-02 1.30436355e-02
1.51651652e-02 -2.92799521e-02 -3.73049139e-03 -3.73048429e-03 5.50255894e+01 9.92461170e+01 1.09726995e+02 1.58574677e+02 1.65198899e+02 1.69446103e+02 2.19638429e+02 2.72915775e+02 3.25846437e+02 3.79042350e+02 1.16112866e-14 3.65414668e-06 1.19374796e-06 9.99967133e-01 4.55043581e-16 9.98593527e-01 7.00611238e-01 1.07006525e-05 7.46357847e-01 9.88680273e-01 9.94465837e-01 9.96391318e-01 9.97859667e-01 7.34359308e-07 5.81654836e-07 5.81654366e-07 5.91394182e-04 2.48915399e-03 2.93811394e-03 2.13554493e-02 2.57577039e-02 1.53032684e-02 2.24844875e-03 6.93613861e-03 1.08352142e-02 1.31162241e-02
1.53153153e-02 -2.92799521e-02 -3.73048515e-03 -3.73048179e-03 5.50247726e+01 9.92461170e+01 1.09718626e+02 1.58495319e+02 1.65198899e+02 1.69478864e+02 2.19625999e+02 2.72867093e+02 3.25760539e+02 3.78941053e+02 1.01044624e-14 3.13397394e-06 2.29131149e-06 9.99966468e-01 2.68364533e-16 9.98563853e-01 7.00795422e-01 1.05957441e-05 7.46820208e-01 9.88445156e-01 9.94347290e-01 9.96323939e-01 9.97833101e-01 7.34359308e-07 5.81654982e-07 5.81654220e-07 5.97346430e-04 2.48915399e-03 2.96911559e-03 2.13849433e-02 2.57577039e-02 1.52769775e-02 2.26993580e-03 7.00433970e-03 1.09263917e-02 1.31874611e-02
1.54654655e-02 -2.92799521e-02 -3.73048740e-03 -3.73048442e-03 5.50239474e+01 9.92461170e+01 1.09710162e+02 1.58415689e+02 1.65198899e+02 1.69511469e+02 2.19613450e+02 2.72817918e+02 3.25674016e+02 3.78839628e+02 7.20681271e-15 3.43190128e-06 1.89497512e-06 9.99965796e-01 6.77594144e-16 9.98533819e-01 7.00984975e-01 1.04928728e-05 7.47283263e-01 9.88207349e-01 9.94227301e-01 9.96256171e-01 9.97806774e-01 7.34359308e-07 5.81654939e-07 5.81654263e-07 6.03301561e-04 2.48915399e-03 3.00017410e-03 2.14143607e-02 2.57577039e-02 1.52507398e-02 2.29139670e-03 7.07247698e-03 1.10169817e-02 1.32573496e-02
1.56156156e-02 -2.92799522e-02 -3.73048939e-03 -3.73048481e-03 5.50231139e+01 9.92461170e+01 1.09701603e+02 1.58335786e+02 1.65198899e+02 1.69543919e+02 2.19600780e+02 2.72768251e+02 3.25586878e+02 3.78738094e+02 3.82878098e-14 3.37807272e-06 2.06334080e-06 9.99965118e-01 4.91747797e-16 9.98503424e-01 7.01179903e-01 1.03919798e-05 7.47746994e-01 9.87966842e-01 9.94105866e-01 9.96188028e-01 9.97780693e-01 7.34359308e-07 5.81654957e-07 5.81654246e-07 6.09259605e-04 2.48915399e-03 3.03129003e-03 2.14436998e-02 2.57577039e-02 1.52245554e-02 2.31283105e-03 7.14054747e-03 1.11069753e-02 1.33258927e-02
1.57657658e-02 -2.92799520e-02 -3.73048475e-03 -3.73047922e-03 5.50222720e+01 9.92461170e+01 1.09692949e+02 1.58255611e+02 1.65198899e+02 1.69576215e+02 2.19587991e+02 2.72718093e+02 3.25499132e+02 3.78636466e+02 1.31194242e-14 1.18853835e-06 3.81561239e-06 9.99964432e-01 1.32293067e-15 9.98472664e-01 7.01380210e-01 1.02930086e-05 7.48211381e-01 9.87723626e-01 9.93982981e-01 9.96119522e-01 9.97754867e-01 7.34359308e-07 5.81654830e-07 5.81654372e-07 6.15220589e-04 2.48915399e-03 3.06246395e-03 2.14729592e-02 2.57577039e-02 1.51984243e-02 2.33423843e-03 7.20854816e-03 1.11963635e-02 1.33930939e-02
1.59159159e-02 -2.92799522e-02 -3.73048416e-03 -3.73047885e-03 5.50214218e+01 9.92461170e+01 1.09684199e+02 1.58175164e+02 1.65198899e+02 1.69608358e+02 2.19575082e+02 2.72667443e+02 3.25410787e+02 3.78534760e+02 1.99773412e-14 1.39109605e-06 3.78708875e-06 9.99963739e-01 6.49246342e-16 9.98441537e-01 7.01585897e-01 1.01959047e-05 7.48676407e-01 9.87477691e-01 9.93858643e-01 9.96050666e-01 9.97729302e-01 7.34359308e-07 5.81654862e-07 5.81654340e-07 6.21184544e-04 2.48915399e-03 3.09369643e-03 2.15021372e-02 2.57577039e-02 1.51723465e-02 2.35561843e-03 7.27647599e-03 1.12851372e-02 1.34589569e-02
1.60660661e-02 -2.92799521e-02 -3.73048585e-03 -3.73048364e-03 5.50205633e+01 9.92461170e+01 1.09675353e+02 1.58094446e+02 1.65198899e+02 1.69640348e+02 2.19562052e+02 2.72616302e+02 3.25321851e+02 3.78432991e+02 1.93697146e-14 2.25136927e-06 3.39368403e-06 9.99963039e-01 9.75023987e-16 9.98410043e-01 7.01796969e-01 1.01006159e-05 7.49142055e-01 9.87229026e-01 9.93732847e-01 9.95981474e-01 9.97704006e-01 7.34359308e-07 5.81654971e-07 5.81654231e-07 6.27151499e-04 2.48915399e-03 3.12498803e-03 2.15312321e-02 2.57577039e-02 1.51463221e-02 2.37697063e-03 7.34432781e-03 1.13732877e-02 1.35234861e-02
1.62162162e-02 -2.92799522e-02 -3.73048471e-03 -3.73047960e-03 5.50196963e+01 9.92461170e+01 1.09666411e+02 1.58013457e+02 1.65198899e+02 1.69672185e+02 2.19548904e+02 2.72564671e+02 3.25232332e+02 3.78331177e+02 1.43410147e-14 1.68038985e-06 3.75146740e-06 9.99962333e-01 1.21468707e-15 9.98378178e-01 7.02013427e-01 1.00070917e-05 7.49608306e-01 9.86977622e-01 9.93605590e-01 9.95911960e-01 9.97678985e-01 7.34359308e-07 5.81654901e-07 5.81654301e-07 6.33121483e-04 2.48915399e-03 3.15633932e-03 2.15602425e-02 2.57577039e-02 1.51203510e-02 2.39829461e-03 7.41210044e-03 1.14608060e-02 1.35866857e-02
1.63663664e-02 -2.92799522e-02 -3.73049155e-03 -3.73048306e-03 5.50188210e+01 9.92461170e+01 1.09657372e+02 1.57932198e+02 1.65198899e+02 1.69703871e+02 2.19535635e+02 2.72512550e+02 3.25142241e+02 3.78229332e+02 2.95115107e-14 4.13044635e-06 3.88575305e-07 9.99961619e-01 7.07092436e-16 9.98345940e-01 7.02235274e-01 9.91528351e-06 7.50075143e-01 9.86723468e-01 9.93476868e-01 9.95842137e-01 9.97654246e-01 7.34359308e-07 5.81654674e-07 5.81654528e-07 6.39094526e-04 2.48915399e-03 3.18775088e-03 2.15891666e-02 2.57577039e-02 1.50944333e-02 2.41958993e-03 7.47979063e-03 1.15476833e-02 1.36485605e-02
1.65165165e-02 -2.92799522e-02 -3.73048476e-03 -3.73047922e-03 5.50179373e+01 9.92461170e+01 1.09648236e+02 1.57850669e+02 1.65198899e+02 1.69735407e+02 2.19522247e+02 2.72459940e+02 3.25051584e+02 3.78127472e+02 2.61266512e-14 9.79302669e-07 4.07060210e-06 9.99960898e-01 3.55005792e-16 9.98313328e-01 7.02462510e-01 9.82514457e-06 7.50542549e-01 9.86466554e-01 9.93346679e-01 9.95772019e-01 9.97629795e-01 7.34359308e-07 5.81654785e-07 5.81654417e-07 6.45070657e-04 2.48915399e-03 3.21922326e-03 2.16180029e-02 2.57577039e-02 1.50685689e-02 2.44085618e-03 7.54739510e-03 1.16339110e-02 1.37091155e-02
1.66666667e-02 -2.92799521e-02 -3.73048557e-03 -3.73048174e-03 5.50170451e+01 9.92461170e+01 1.09639002e+02 1.57768870e+02 1.65198899e+02 1.69766793e+02 2.19508740e+02 2.72406841e+02 3.24960373e+02 3.78025611e+02 1.33179009e-14 3.64894184e-06 2.12936925e-06 9.99960170e-01 3.06149961e-16 9.98280338e-01 7.02695136e-01 9.73662975e-06 7.51010505e-01 9.86206870e-01 9.93215019e-01 9.95701621e-01 9.97605638e-01 7.34359308e-07 5.81654949e-07 5.81654253e-07 6.51049906e-04 2.48915399e-03 3.25075702e-03 2.16467496e-02 2.57577039e-02 1.50427579e-02 2.46209292e-03 7.61491047e-03 1.17194803e-02 1.37683561e-02
1.68168168e-02 -2.92799521e-02 -3.73048577e-03 -3.73048147e-03 5.50161446e+01 9.92461170e+01 1.09629670e+02 1.57686802e+02 1.65198899e+02 1.69798029e+02 2.19495114e+02 2.72353254e+02 3.24868614e+02 3.77923765e+02 2.22802292e-14 2.95447003e-06 3.07297069e-06 9.99959434e-01 9.83237218e-16 9.98246970e-01 7.02933153e-01 9.64969556e-06 7.51478995e-01 9.85944407e-01 9.93081886e-01 9.95630957e-01 9.97581781e-01 7.34359308e-07 5.81655001e-07 5.81654201e-07 6.57032301e-04 2.48915399e-03 3.28235275e-03 2.16754052e-02 2.57577039e-02 1.50170004e-02 2.48329970e-03 7.68233334e-03 1.18043827e-02 1.38262879e-02
1.69669670e-02 -2.92799521e-02 -3.73048907e-03 -3.73048294e-03 5.50152357e+01 9.92461170e+01 1.09620240e+02 1.57604466e+02 1.65198899e+02 1.69829117e+02 2.19481369e+02 2.72299180e+02 3.24776319e+02 3.77821948e+02 2.39239807e-14 4.16485389e-06 1.07330496e-06 9.99958692e-01 5.94964014e-16 9.98213219e-01 7.03176560e-01 9.56430002e-06 7.51948003e-01 9.85679153e-01 9.92947277e-01 9.95560042e-01 9.97558231e-01 7.34359308e-07 5.81654793e-07 5.81654409e-07 6.63017873e-04 2.48915399e-03 3.31401099e-03 2.17039680e-02 2.57577039e-02 1.49912961e-02 2.50447608e-03 7.74966025e-03 1.18886098e-02 1.38829166e-02
1.71171171e-02 -2.92799521e-02 -3.73048447e-03 -3.73047731e-03 5.50143183e+01 9.92461170e+01 1.09610711e+02 1.57521862e+02 1.65198899e+02 1.69860057e+02 2.19467504e+02 2.72244619e+02 3.24683495e+02 3.77720175e+02 9.05059461e-15 1.66476412e-06 4.00691885e-06 9.99957943e-01 4.64381771e-16 9.98179086e-01 7.03425357e-01 9.48040266e-06 7.52417510e-01 9.85411099e-01 9.92811189e-01 9.95488891e-01 9.97534992e-01 7.34359308e-07 5.81654886e-07 5.81654316e-07 6.69006651e-04 2.48915399e-03 3.34573232e-03 2.17324363e-02 2.57577039e-02 1.49656453e-02 2.52562163e-03 7.81688767e-03 1.19721529e-02 1.39382486e-02
1.72672673e-02 -2.92799520e-02 -3.73048297e-03 -3.73047884e-03 5.50133925e+01 9.92461170e+01 1.09601082e+02 1.57438990e+02 1.65198899e+02 1.69890850e+02 2.19453521e+02 2.72189571e+02 3.24590153e+02 3.77618460e+02 2.56711677e-14 1.88357044e-06 3.95104349e-06 9.99957186e-01 2.37576958e-16 9.98144566e-01 7.03679542e-01 9.39796437e-06 7.52887500e-01 9.85140234e-01 9.92673621e-01 9.95417518e-01 9.97512071e-01 7.34359308e-07 5.81654913e-07 5.81654289e-07 6.74998665e-04 2.48915399e-03 3.37751730e-03 2.17608084e-02 2.57577039e-02 1.49400479e-02 2.54673589e-03 7.88401202e-03 1.20550040e-02 1.39922902e-02
1.74174174e-02 -2.92799521e-02 -3.73048711e-03 -3.73048326e-03 5.50124582e+01 9.92461170e+01 1.09591354e+02 1.57355852e+02 1.65198899e+02 1.69921496e+02 2.19439419e+02 2.72134039e+02 3.24496302e+02 3.77516816e+02 3.35655506e-14 3.91140770e-06 2.04795350e-06 9.99956423e-01 9.21791112e-16 9.98109658e-01 7.03939114e-01 9.31694743e-06 7.53357957e-01 9.84866548e-01 9.92534571e-01 9.95345939e-01 9.97489471e-01 7.34359308e-07 5.81654929e-07 5.81654273e-07 6.80993943e-04 2.48915399e-03 3.40936649e-03 2.17890827e-02 2.57577039e-02 1.49145038e-02 2.56781841e-03 7.95102969e-03 1.21371547e-02 1.40450481e-02
1.75675676e-02 -2.92799522e-02 -3.73048911e-03 -3.73048139e-03 5.50115155e+01 9.92461170e+01 1.09581526e+02 1.57272447e+02 1.65198899e+02 1.69951997e+02 2.19425199e+02 2.72078022e+02 3.24401951e+02 3.77415259e+02 5.07036715e-15 4.16950736e-06 1.56395997e-06 9.99955652e-01 2.31051890e-16 9.98074359e-01 7.04204071e-01 9.23731541e-06 7.53828864e-01 9.84590030e-01 9.92394038e-01 9.95274170e-01 9.97467198e-01 7.34359308e-07 5.81654863e-07 5.81654339e-07 6.86992517e-04 2.48915399e-03 3.44128046e-03 2.18172575e-02 2.57577039e-02 1.48890132e-02 2.58886872e-03 8.01793699e-03 1.22185969e-02 1.40965292e-02
1.77177177e-02 -2.92799522e-02 -3.73048266e-03 -3.73047870e-03 5.50105643e+01 9.92461170e+01 1.09571598e+02 1.57188777e+02 1.65198899e+02 1.69982353e+02 2.19410860e+02 2.72021522e+02 3.24307110e+02 3.77313800e+02 2.58846054e-14 1.61761302e-06 4.18981224e-06 9.99954874e-01 1.16946589e-15 9.98038668e-01 7.04474409e-01 9.15903307e-06 7.54300204e-01 9.84310672e-01 9.92252019e-01 9.95202226e-01 9.97445256e-01 7.34359308e-07 5.81654871e-07 5.81654331e-07 6.92994415e-04 2.48915399e-03 3.47325976e-03 2.18453310e-02 2.57577039e-02 1.48635759e-02 2.60988638e-03 8.08473018e-03 1.22993227e-02 1.41467408e-02
1.78678679e-02 -2.92799521e-02 -3.73048304e-03 -3.73047971e-03 5.50096047e+01 9.92461170e+01 1.09561568e+02 1.57104842e+02 1.65198899e+02 1.70012565e+02 2.19396403e+02 2.71964539e+02 3.24211790e+02 3.77212454e+02 9.58629835e-15 4.10553816e-06 1.91287435e-06 9.99954088e-01 6.14618506e-16 9.98002581e-01 7.04750126e-01 9.08206640e-06 7.54771962e-01 9.84028461e-01 9.92108513e-01 9.95130123e-01 9.97423650e-01 7.34359308e-07 5.81654907e-07 5.81654296e-07 6.98999667e-04 2.48915399e-03 3.50530497e-03 2.18733017e-02 2.57577039e-02 1.48381919e-02 2.63087091e-03 8.15140549e-03 1.23793240e-02 1.41956903e-02
1.80180180e-02 -2.92799523e-02 -3.73048901e-03 -3.73048090e-03 5.50086366e+01 9.92461170e+01 1.09551437e+02 1.57020643e+02 1.65198899e+02 1.70042632e+02 2.19381828e+02 2.71907074e+02 3.24115999e+02 3.77111234e+02 2.16484756e-14 4.45027537e-06 1.02752697e-06 9.99953296e-01 1.41463845e-15 9.97966097e-01 7.05031217e-01 9.00638252e-06 7.55244121e-01 9.83743388e-01 9.91963521e-01 9.95057876e-01 9.97402385e-01 7.34359308e-07 5.81654775e-07 5.81654427e-07 7.05008303e-04 2.48915399e-03 3.53741663e-03 2.19011676e-02 2.57577039e-02 1.48128613e-02 2.65182184e-03 8.21795907e-03 1.24585933e-02 1.42433854e-02
1.81681682e-02 -2.92799519e-02 -3.73048462e-03 -3.73048059e-03 5.50076599e+01 9.92461170e+01 1.09541205e+02 1.56936180e+02 1.65198899e+02 1.70072557e+02 2.19367136e+02 2.71849129e+02 3.24019748e+02 3.77010152e+02 3.40180919e-14 3.47602042e-06 3.02112109e-06 9.99952496e-01 8.96933040e-16 9.97929212e-01 7.05317679e-01 8.93194961e-06 7.55716666e-01 9.83455443e-01 9.91817041e-01 9.94985503e-01 9.97381463e-01 7.34359308e-07 5.81654997e-07 5.81654205e-07 7.11020353e-04 2.48915399e-03 3.56959530e-03 2.19289272e-02 2.57577039e-02 1.47875840e-02 2.67273871e-03 8.28438705e-03 1.25371227e-02 1.42898339e-02
1.83183183e-02 -2.92799522e-02 -3.73048695e-03 -3.73048210e-03 5.50066748e+01 9.92461170e+01 1.09530870e+02 1.56851454e+02 1.65198899e+02 1.70102340e+02 2.19352325e+02 2.71790705e+02 3.23923046e+02 3.76909221e+02 2.24693090e-14 4.18203386e-06 2.01804577e-06 9.99951689e-01 1.07823265e-15 9.97891925e-01 7.05609507e-01 8.85873690e-06 7.56189580e-01 9.83164615e-01 9.91669073e-01 9.94913019e-01 9.97360889e-01 7.34359308e-07 5.81654913e-07 5.81654289e-07 7.17035846e-04 2.48915399e-03 3.60184156e-03 2.19565788e-02 2.57577039e-02 1.47623601e-02 2.69362103e-03 8.35068550e-03 1.26149048e-02 1.43350442e-02
1.84684685e-02 -2.92799520e-02 -3.73048447e-03 -3.73048041e-03 5.50056811e+01 9.92461170e+01 1.09520432e+02 1.56766466e+02 1.65198899e+02 1.70131981e+02 2.19337396e+02 2.71731802e+02 3.23825905e+02 3.76808454e+02 1.79733521e-15 4.13627471e-06 2.19273121e-06 9.99950875e-01 6.93397360e-16 9.97854233e-01 7.05906695e-01 8.78671465e-06 7.56662848e-01 9.82870894e-01 9.91519616e-01 9.94840440e-01 9.97340666e-01 7.34359308e-07 5.81654932e-07 5.81654271e-07 7.23054812e-04 2.48915399e-03 3.63415595e-03 2.19841204e-02 2.57577039e-02 1.47371894e-02 2.71446833e-03 8.41685043e-03 1.26919322e-02 1.43790244e-02
1.86186186e-02 -2.92799518e-02 -3.73048555e-03 -3.73048266e-03 5.50046790e+01 9.92461170e+01 1.09509891e+02 1.56681216e+02 1.65198899e+02 1.70161481e+02 2.19322351e+02 2.71672422e+02 3.23728334e+02 3.76707862e+02 3.83982697e-14 4.06609207e-06 2.39615399e-06 9.99950054e-01 6.53257645e-16 9.97816133e-01 7.06209237e-01 8.71585405e-06 7.57136455e-01 9.82574270e-01 9.91368672e-01 9.94767783e-01 9.97320798e-01 7.34359308e-07 5.81654951e-07 5.81654252e-07 7.29077281e-04 2.48915399e-03 3.66653904e-03 2.20115506e-02 2.57577039e-02 1.47120721e-02 2.73528012e-03 8.48287781e-03 1.27681977e-02 1.44217833e-02
1.87687688e-02 -2.92799522e-02 -3.73048628e-03 -3.73048285e-03 5.50036682e+01 9.92461170e+01 1.09499246e+02 1.56595706e+02 1.65198899e+02 1.70190840e+02 2.19307188e+02 2.71612566e+02 3.23630342e+02 3.76607458e+02 2.08974199e-14 2.73833762e-06 3.89061475e-06 9.99949225e-01 5.30248423e-16 9.97777624e-01 7.06517128e-01 8.64612722e-06 7.57610384e-01 9.82274732e-01 9.91216241e-01 9.94695064e-01 9.97301287e-01 7.34359308e-07 5.81654979e-07 5.81654223e-07 7.35103284e-04 2.48915399e-03 3.69899137e-03 2.20388673e-02 2.57577039e-02 1.46870080e-02 2.75605592e-03 8.54876358e-03 1.28436940e-02 1.44633296e-02
1.89189189e-02 -2.92799521e-02 -3.73048653e-03 -3.73047994e-03 5.50026490e+01 9.92461170e+01 1.09488497e+02 1.56509936e+02 1.65198899e+02 1.70220061e+02 2.19291907e+02 2.71552235e+02 3.23531942e+02 3.76507253e+02 2.60130878e-14 4.68591772e-06 1.02037533e-06 9.99948389e-01 4.21507581e-16 9.97738702e-01 7.06830361e-01 8.57750716e-06 7.58084621e-01 9.81972270e-01 9.91062323e-01 9.94622302e-01 9.97282137e-01 7.34359308e-07 5.81654766e-07 5.81654436e-07 7.41132849e-04 2.48915399e-03 3.73151350e-03 2.20660691e-02 2.57577039e-02 1.46619971e-02 2.77679523e-03 8.61450360e-03 1.29184144e-02 1.45036723e-02
1.90690691e-02 -2.92799523e-02 -3.73048649e-03 -3.73048309e-03 5.50016212e+01 9.92461170e+01 1.09477644e+02 1.56423907e+02 1.65198899e+02 1.70249142e+02 2.19276510e+02 2.71491431e+02 3.23433143e+02 3.76407259e+02 1.26745146e-14 2.70494506e-06 4.00609223e-06 9.99947545e-01 1.51258205e-15 9.97699365e-01 7.07148927e-01 8.50996774e-06 7.58559151e-01 9.81666873e-01 9.90906920e-01 9.94549511e-01 9.97263350e-01 7.34359308e-07 5.81654973e-07 5.81654229e-07 7.47166007e-04 2.48915399e-03 3.76410600e-03 2.20931539e-02 2.57577039e-02 1.46370395e-02 2.79749757e-03 8.68009373e-03 1.29923519e-02 1.45428207e-02
1.92192192e-02 -2.92799521e-02 -3.73048368e-03 -3.73048168e-03 5.50005848e+01 9.92461170e+01 1.09466686e+02 1.56337620e+02 1.65198899e+02 1.70278085e+02 2.19260996e+02 2.71430156e+02 3.23333955e+02 3.76307486e+02 2.75087718e-14 1.40825875e-06 4.66387386e-06 9.99946695e-01 1.04399752e-15 9.97659611e-01 7.07472820e-01 8.44348361e-06 7.59033958e-01 9.81358532e-01 9.90750033e-01 9.94476709e-01 9.97244928e-01 7.34359308e-07 5.81654824e-07 5.81654378e-07 7.53202788e-04 2.48915399e-03 3.79676940e-03 2.21201202e-02 2.57577039e-02 1.46121351e-02 2.81816242e-03 8.74552975e-03 1.30654999e-02 1.45807840e-02
1.93693694e-02 -2.92799521e-02 -3.73048775e-03 -3.73048125e-03 5.49995398e+01 9.92461170e+01 1.09455622e+02 1.56251076e+02 1.65198899e+02 1.70306891e+02 2.19245366e+02 2.71368409e+02 3.23234389e+02 3.76207946e+02 4.52439902e-15 4.81593286e-06 9.56038418e-07 9.99945837e-01 6.58651529e-16 9.97619436e-01 7.07802031e-01 8.37803025e-06 7.59509027e-01 9.81047237e-01 9.90591664e-01 9.94403913e-01 9.97226875e-01 7.34359308e-07 5.81654752e-07 5.81654450e-07 7.59243222e-04 2.48915399e-03 3.82950426e-03 2.21469661e-02 2.57577039e-02 1.45872838e-02 2.83878930e-03 8.81080741e-03 1.31378519e-02 1.46175720e-02
1.95195195e-02 -2.92799519e-02 -3.73048341e-03 -3.73048186e-03 5.49984863e+01 9.92461170e+01 1.09444452e+02 1.56164275e+02 1.65198899e+02 1.70335559e+02 2.19229619e+02 2.71306194e+02 3.23134456e+02 3.76108650e+02 2.19235251e-14 3.97003241e-06 2.95317887e-06 9.99944971e-01 8.25532643e-16 9.97578839e-01 7.08136551e-01 8.31358386e-06 7.59984344e-01 9.80732976e-01 9.90431815e-01 9.94331140e-01 9.97209191e-01 7.34359308e-07 5.81654984e-07 5.81654218e-07 7.65287339e-04 2.48915399e-03 3.86231114e-03 2.21736898e-02 2.57577039e-02 1.45624856e-02 2.85937768e-03 8.87592243e-03 1.32094016e-02 1.46531942e-02
1.96696697e-02 -2.92799520e-02 -3.73048791e-03 -3.73048429e-03 5.49974241e+01 9.92461170e+01 1.09433175e+02 1.56077219e+02 1.65198899e+02 1.70364092e+02 2.19213755e+02 2.71243512e+02 3.23034166e+02 3.76009607e+02 3.65501428e-15 4.75883137e-06 1.48796776e-06 9.99944098e-01 2.45989835e-15 9.97537816e-01 7.08476370e-01 8.25012139e-06 7.60459895e-01 9.80415739e-01 9.90270489e-01 9.94258408e-01 9.97191878e-01 7.34359308e-07 5.81654828e-07 5.81654374e-07 7.71335169e-04 2.48915399e-03 3.89519057e-03 2.22002896e-02 2.57577039e-02 1.45377406e-02 2.87992708e-03 8.94087048e-03 1.32801428e-02 1.46876608e-02
1.98198198e-02 -2.92799521e-02 -3.73048509e-03 -3.73048204e-03 5.49963534e+01 9.92461170e+01 1.09421792e+02 1.55989908e+02 1.65198899e+02 1.70392488e+02 2.19197776e+02 2.71180363e+02 3.22933530e+02 3.75910829e+02 1.50705732e-15 2.86363109e-06 4.12809153e-06 9.99943218e-01 3.77813322e-16 9.97496366e-01 7.08821479e-01 8.18762047e-06 7.60935664e-01 9.80095517e-01 9.90107688e-01 9.94185733e-01 9.97174939e-01 7.34359308e-07 5.81654977e-07 5.81654225e-07 7.77386742e-04 2.48915399e-03 3.92814311e-03 2.22267637e-02 2.57577039e-02 1.45130487e-02 2.90043696e-03 9.00564719e-03 1.33500695e-02 1.47209817e-02
1.99699700e-02 -2.92799522e-02 -3.73048695e-03 -3.73048315e-03 5.49952740e+01 9.92461170e+01 1.09410301e+02 1.55902344e+02 1.65198899e+02 1.70420750e+02 2.19181681e+02 2.71116751e+02 3.22832558e+02 3.75812324e+02 2.76720027e-15 3.24112551e-06 3.88851182e-06 9.99942330e-01 1.16707784e-15 9.97454485e-01 7.09171867e-01 8.12605942e-06 7.61411638e-01 9.79772299e-01 9.89943416e-01 9.94113132e-01 9.97158374e-01 7.34359308e-07 5.81654995e-07 5.81654207e-07 7.83442088e-04 2.48915399e-03 3.96116931e-03 2.22531102e-02 2.57577039e-02 1.44884098e-02 2.92090683e-03 9.07024815e-03 1.34191760e-02 1.47531671e-02
2.01201201e-02 -2.92799520e-02 -3.73048826e-03 -3.73048496e-03 5.49941860e+01 9.92461170e+01 1.09398702e+02 1.55814527e+02 1.65198899e+02 1.70448878e+02 2.19165470e+02 2.71052676e+02 3.22731262e+02 3.75714103e+02 1.02944813e-14 3.81220761e-06 3.38810937e-06 9.99941435e-01 4.15873654e-16 9.97412170e-01 7.09527524e-01 8.06541718e-06 7.61887801e-01 9.79446075e-01 9.89777675e-01 9.94040623e-01 9.97142185e-01 7.34359308e-07 5.81654999e-07 5.81654204e-07 7.89501238e-04 2.48915399e-03 3.99426970e-03 2.22793273e-02 2.57577039e-02 1.44638239e-02 2.94133614e-03 9.13466894e-03 1.34874565e-02 1.47842276e-02
2.02702703e-02 -2.92799522e-02 -3.73048433e-03 -3.73047829e-03 5.49930893e+01 9.92461170e+01 1.09386994e+02 1.55726458e+02 1.65198899e+02 1.70476872e+02 2.19149144e+02 2.70988141e+02 3.22629653e+02 3.75616176e+02 3.22981628e-14 1.74343694e-06 4.83345945e-06 9.99940533e-01 3.78986679e-16 9.97369420e-01 7.09888438e-01 8.00567335e-06 7.62364141e-01 9.79116835e-01 9.89610471e-01 9.93968224e-01 9.97126373e-01 7.34359308e-07 5.81654858e-07 5.81654344e-07 7.95564222e-04 2.48915399e-03 4.02744484e-03 2.23054133e-02 2.57577039e-02 1.44392909e-02 2.96172440e-03 9.19890507e-03 1.35549056e-02 1.48141736e-02
2.04204204e-02 -2.92799522e-02 -3.73048612e-03 -3.73048178e-03 5.49919840e+01 9.92461170e+01 1.09375177e+02 1.55638139e+02 1.65198899e+02 1.70504733e+02 2.19132703e+02 2.70923147e+02 3.22527740e+02 3.75518551e+02 2.23270243e-14 4.81328084e-06 1.90442068e-06 9.99939622e-01 9.39370736e-16 9.97326231e-01 7.10254596e-01 7.94680810e-06 7.62840643e-01 9.78784569e-01 9.89441806e-01 9.93895950e-01 9.97110938e-01 7.34359308e-07 5.81654874e-07 5.81654328e-07 8.01631069e-04 2.48915399e-03 4.06069525e-03 2.23313663e-02 2.57577039e-02 1.44148109e-02 2.98207105e-03 9.26295205e-03 1.36215181e-02 1.48430159e-02
2.05705706e-02 -2.92799521e-02 -3.73049078e-03 -3.73048253e-03 5.49908700e+01 9.92461170e+01 1.09363251e+02 1.55549570e+02 1.65198899e+02 1.70532461e+02 2.19116146e+02 2.70857695e+02 3.22425535e+02 3.75421237e+02 5.00671013e-15 5.03435749e-06 1.35838894e-06 9.99938705e-01 4.68755768e-16 9.97282600e-01 7.10625987e-01 7.88880221e-06 7.63317293e-01 9.78449267e-01 9.89271686e-01 9.93823821e-01 9.97095881e-01 7.34359308e-07 5.81654801e-07 5.81654401e-07 8.07701811e-04 2.48915399e-03 4.09402149e-03 2.23571846e-02 2.57577039e-02 1.43903838e-02 3.00237559e-03 9.32680532e-03 1.36872889e-02 1.48707651e-02
2.07207207e-02 -2.92799521e-02 -3.73048505e-03 -3.73048037e-03 5.49897474e+01 9.92461170e+01 1.09351215e+02 1.55460753e+02 1.65198899e+02 1.70560059e+02 2.19099475e+02 2.70791790e+02 3.22323049e+02 3.75324244e+02 2.13681929e-14 1.99983858e-06 4.85685126e-06 9.99937780e-01 1.32703293e-15 9.97238525e-01 7.11002598e-01 7.83163697e-06 7.63794078e-01 9.78110918e-01 9.89100116e-01 9.93751852e-01 9.97081202e-01 7.34359308e-07 5.81654884e-07 5.81654318e-07 8.13776478e-04 2.48915399e-03 4.12742408e-03 2.23828662e-02 2.57577039e-02 1.43660096e-02 3.02263747e-03 9.39046033e-03 1.37522131e-02 1.48974324e-02
2.08708709e-02 -2.92799521e-02 -3.73048542e-03 -3.73048148e-03 5.49886160e+01 9.92461170e+01 1.09339068e+02 1.55371689e+02 1.65198899e+02 1.70587524e+02 2.19082689e+02 2.70725431e+02 3.22220294e+02 3.75227579e+02 2.58257837e-14 3.44735671e-06 4.01314966e-06 9.99936847e-01 5.46081555e-16 9.97194003e-01 7.11384414e-01 7.77529426e-06 7.64270983e-01 9.77769512e-01 9.88927100e-01 9.93680062e-01 9.97066902e-01 7.34359308e-07 5.81654997e-07 5.81654205e-07 8.19855100e-04 2.48915399e-03 4.16090357e-03 2.24084094e-02 2.57577039e-02 1.43416882e-02 3.04285615e-03 9.45391248e-03 1.38162860e-02 1.49230287e-02
2.10210210e-02 -2.92799522e-02 -3.73048483e-03 -3.73047792e-03 5.49874760e+01 9.92461170e+01 1.09326810e+02 1.55282378e+02 1.65198899e+02 1.70614860e+02 2.19065789e+02 2.70658621e+02 3.22117278e+02 3.75131252e+02 3.03322750e-14 2.78688876e-06 4.54170307e-06 9.99935907e-01 1.18623250e-15 9.97149032e-01 7.11771423e-01 7.71975645e-06 7.64747996e-01 9.77425041e-01 9.88752645e-01 9.93608467e-01 9.97052981e-01 7.34359308e-07 5.81654959e-07 5.81654243e-07 8.25937708e-04 2.48915399e-03 4.19446049e-03 2.24338123e-02 2.57577039e-02 1.43174195e-02 3.06303111e-03 9.51715715e-03 1.38795031e-02 1.49475652e-02
2.11711712e-02 -2.92799520e-02 -3.73048522e-03 -3.73048225e-03 5.49863272e+01 9.92461170e+01 1.09314440e+02 1.55192823e+02 1.65198899e+02 1.70642066e+02 2.19048774e+02 2.70591363e+02 3.22014015e+02 3.75035270e+02 1.26568618e-14 4.92616436e-06 2.12927101e-06 9.99934959e-01 5.83799722e-16 9.97103608e-01 7.12163609e-01 7.66500640e-06 7.65225103e-01 9.77077493e-01 9.88576756e-01 9.93537084e-01 9.97039438e-01 7.34359308e-07 5.81654892e-07 5.81654311e-07 8.32024331e-04 2.48915399e-03 4.22809537e-03 2.24590732e-02 2.57577039e-02 1.42932036e-02 3.08316179e-03 9.58018968e-03 1.39418601e-02 1.49710532e-02
2.13213213e-02 -2.92799522e-02 -3.73048594e-03 -3.73048055e-03 5.49851697e+01 9.92461170e+01 1.09301958e+02 1.55103023e+02 1.65198899e+02 1.70669143e+02 2.19031646e+02 2.70523658e+02 3.21910514e+02 3.74939641e+02 7.65181673e-14 5.08644183e-06 1.82728537e-06 9.99934004e-01 7.26896727e-16 9.97057728e-01 7.12560957e-01 7.61102748e-06 7.65702291e-01 9.76726859e-01 9.88399441e-01 9.93465931e-01 9.97026274e-01 7.34359308e-07 5.81654855e-07 5.81654348e-07 8.38115001e-04 2.48915399e-03 4.26180874e-03 2.24841900e-02 2.57577039e-02 1.42690403e-02 3.10324764e-03 9.64300541e-03 1.40033530e-02 1.49935040e-02
2.14714715e-02 -2.92799521e-02 -3.73048588e-03 -3.73048402e-03 5.49840035e+01 9.92461170e+01 1.09289363e+02 1.55012981e+02 1.65198899e+02 1.70696091e+02 2.19014404e+02 2.70455509e+02 3.21806787e+02 3.74844372e+02 8.28514286e-15 4.57546642e-06 2.94768359e-06 9.99933041e-01 5.36966929e-16 9.97011390e-01 7.12963453e-01 7.55780351e-06 7.66179547e-01 9.76373129e-01 9.88220705e-01 9.93395026e-01 9.97013486e-01 7.34359308e-07 5.81654965e-07 5.81654237e-07 8.44209748e-04 2.48915399e-03 4.29560112e-03 2.25091611e-02 2.57577039e-02 1.42449297e-02 3.12328813e-03 9.70559965e-03 1.40639778e-02 1.50149292e-02
2.16216216e-02 -2.92799522e-02 -3.73048832e-03 -3.73048439e-03 5.49828285e+01 9.92461170e+01 1.09276655e+02 1.54922698e+02 1.65198899e+02 1.70722911e+02 2.18997049e+02 2.70386919e+02 3.21702845e+02 3.74749471e+02 5.53622214e-14 4.94701777e-06 2.35934595e-06 9.99932071e-01 3.40085867e-16 9.96964591e-01 7.13371080e-01 7.50531877e-06 7.66656857e-01 9.76016293e-01 9.88040557e-01 9.93324384e-01 9.97001076e-01 7.34359308e-07 5.81654911e-07 5.81654291e-07 8.50308603e-04 2.48915399e-03 4.32947305e-03 2.25339846e-02 2.57577039e-02 1.42208717e-02 3.14328269e-03 9.76796768e-03 1.41237309e-02 1.50353402e-02
2.17717718e-02 -2.92799523e-02 -3.73048595e-03 -3.73047948e-03 5.49816448e+01 9.92461170e+01 1.09263833e+02 1.54832174e+02 1.65198899e+02 1.70749604e+02 2.18979580e+02 2.70317888e+02 3.21598699e+02 3.74654946e+02 4.39554092e-15 1.01617521e-06 5.42453223e-06 9.99931092e-01 6.26933243e-16 9.96917328e-01 7.13783822e-01 7.45355795e-06 7.67134210e-01 9.75656342e-01 9.87859003e-01 9.93254022e-01 9.96989042e-01 7.34359308e-07 5.81654748e-07 5.81654454e-07 8.56411596e-04 2.48915399e-03 4.36342504e-03 2.25586585e-02 2.57577039e-02 1.41968662e-02 3.16323078e-03 9.83010477e-03 1.41826088e-02 1.50547488e-02
2.19219219e-02 -2.92799520e-02 -3.73048418e-03 -3.73048091e-03 5.49804523e+01 9.92461170e+01 1.09250897e+02 1.54741411e+02 1.65198899e+02 1.70776171e+02 2.18961999e+02 2.70248421e+02 3.21494359e+02 3.74560802e+02 1.51957502e-14 5.29676265e-07 5.53165132e-06 9.99930107e-01 4.81713180e-16 9.96869598e-01 7.14201661e-01 7.40250618e-06 7.67611592e-01 9.75293266e-01 9.87676053e-01 9.93183958e-01 9.96977383e-01 7.34359308e-07 5.81654679e-07 5.81654523e-07 8.62518757e-04 2.48915399e-03 4.39745761e-03 2.25831811e-02 2.57577039e-02 1.41729132e-02 3.18313183e-03 9.89200617e-03 1.42406082e-02 1.50731666e-02
2.20720721e-02 -2.92799521e-02 -3.73048434e-03 -3.73048139e-03 5.49792510e+01 9.92461170e+01 1.09237845e+02 1.54650411e+02 1.65198899e+02 1.70802611e+02 2.18944304e+02 2.70178519e+02 3.21389837e+02 3.74467047e+02 2.80739975e-14 3.62177155e-06 4.26461636e-06 9.99929113e-01 5.65685102e-16 9.96821398e-01 7.14624581e-01 7.35214899e-06 7.68088990e-01 9.74927055e-01 9.87491714e-01 9.93114209e-01 9.96966098e-01 7.34359308e-07 5.81654996e-07 5.81654206e-07 8.68630119e-04 2.48915399e-03 4.43157129e-03 2.26075505e-02 2.57577039e-02 1.41490126e-02 3.20298528e-03 9.95366711e-03 1.42977262e-02 1.50906054e-02
2.22222222e-02 -2.92799520e-02 -3.73048924e-03 -3.73048219e-03 5.49780409e+01 9.92461170e+01 1.09224678e+02 1.54559175e+02 1.65198899e+02 1.70828926e+02 2.18926498e+02 2.70108186e+02 3.21285143e+02 3.74373687e+02 7.37474122e-15 5.43799736e-06 1.46959942e-06 9.99928112e-01 8.24359124e-16 9.96772725e-01 7.15052562e-01 7.30247232e-06 7.68566393e-01 9.74557700e-01 9.87305995e-01 9.93044790e-01 9.96955186e-01 7.34359308e-07 5.81654801e-07 5.81654401e-07 8.74745710e-04 2.48915399e-03 4.46576659e-03 2.26317648e-02 2.57577039e-02 1.41251644e-02 3.22279056e-03 1.00150828e-02 1.43539598e-02 1.51070771e-02
2.23723724e-02 -2.92799521e-02 -3.73048623e-03 -3.73048194e-03 5.49768220e+01 9.92461170e+01 1.09211395e+02 1.54467704e+02 1.65198899e+02 1.70855117e+02 2.18908579e+02 2.70037423e+02 3.21180290e+02 3.74280729e+02 6.41448629e-15 4.27402875e-06 3.72752857e-06 9.99927103e-01 8.35796179e-16 9.96723576e-01 7.15485588e-01 7.25346244e-06 7.69043788e-01 9.74185192e-01 9.87118906e-01 9.92975719e-01 9.96944645e-01 7.34359308e-07 5.81654998e-07 5.81654205e-07 8.80865563e-04 2.48915399e-03 4.50004401e-03 2.26558222e-02 2.57577039e-02 1.41013686e-02 3.24254712e-03 1.00762485e-02 1.44093065e-02 1.51225936e-02
2.25225225e-02 -2.92799520e-02 -3.73048742e-03 -3.73048426e-03 5.49755943e+01 9.92461170e+01 1.09197995e+02 1.54375999e+02 1.65198899e+02 1.70881183e+02 2.18890548e+02 2.69966233e+02 3.21075287e+02 3.74188178e+02 4.06901353e-14 5.38632033e-06 1.89274796e-06 9.99926086e-01 4.18513700e-16 9.96673949e-01 7.15923639e-01 7.20510601e-06 7.69521162e-01 9.73809520e-01 9.86930457e-01 9.92907012e-01 9.96934473e-01 7.34359308e-07 5.81654850e-07 5.81654352e-07 8.86989707e-04 2.48915399e-03 4.53440408e-03 2.26797208e-02 2.57577039e-02 1.40776250e-02 3.26225438e-03 1.01371594e-02 1.44637638e-02 1.51371667e-02
2.26726727e-02 -2.92799518e-02 -3.73048478e-03 -3.73047875e-03 5.49743577e+01 9.92461170e+01 1.09184477e+02 1.54284062e+02 1.65198899e+02 1.70907126e+02 2.18872406e+02 2.69894620e+02 3.20970145e+02 3.74096040e+02 2.83289501e-14 3.22111687e-06 4.75976843e-06 9.99925062e-01 4.41316202e-16 9.96623840e-01 7.16366695e-01 7.15739008e-06 7.69998504e-01 9.73430677e-01 9.86740657e-01 9.92838685e-01 9.96924669e-01 7.34359308e-07 5.81654973e-07 5.81654229e-07 8.93118175e-04 2.48915399e-03 4.56884730e-03 2.27034587e-02 2.57577039e-02 1.40539336e-02 3.28191177e-03 1.01978107e-02 1.45173296e-02 1.51508085e-02
2.28228228e-02 -2.92799522e-02 -3.73048610e-03 -3.73048252e-03 5.49731123e+01 9.92461170e+01 1.09170842e+02 1.54191894e+02 1.65198899e+02 1.70932945e+02 2.18854152e+02 2.69822586e+02 3.20864876e+02 3.74004321e+02 2.28479452e-14 5.19724173e-06 2.54138014e-06 9.99924030e-01 4.40765206e-16 9.96573246e-01 7.16814737e-01 7.11030199e-06 7.70475802e-01 9.73048651e-01 9.86549517e-01 9.92770753e-01 9.96915230e-01 7.34359308e-07 5.81654916e-07 5.81654286e-07 8.99250996e-04 2.48915399e-03 4.60337416e-03 2.27270341e-02 2.57577039e-02 1.40302944e-02 3.30151871e-03 1.02581975e-02 1.45700020e-02 1.51635311e-02
2.29729730e-02 -2.92799520e-02 -3.73048584e-03 -3.73048238e-03 5.49718581e+01 9.92461170e+01 1.09157088e+02 1.54099498e+02 1.65198899e+02 1.70958643e+02 2.18835788e+02 2.69750133e+02 3.20759490e+02 3.73913026e+02 5.08645089e-15 5.81769043e-06 2.57400977e-07 9.99922990e-01 6.12674018e-16 9.96522164e-01 7.17267745e-01 7.06382942e-06 7.70953043e-01 9.72663435e-01 9.86357048e-01 9.92703234e-01 9.96906156e-01 7.34359308e-07 5.81654564e-07 5.81654638e-07 9.05388201e-04 2.48915399e-03 4.63798518e-03 2.27504451e-02 2.57577039e-02 1.40067072e-02 3.32107462e-03 1.03183151e-02 1.46217791e-02 1.51753464e-02
2.31231231e-02 -2.92799523e-02 -3.73048486e-03 -3.73048170e-03 5.49705949e+01 9.92461170e+01 1.09143215e+02 1.54006873e+02 1.65198899e+02 1.70984219e+02 2.18817312e+02 2.69677265e+02 3.20653999e+02 3.73822161e+02 2.39784936e-14 3.41758557e-06 4.76199809e-06 9.99921942e-01 3.99354791e-16 9.96470591e-01 7.17725697e-01 7.01796040e-06 7.71430216e-01 9.72275020e-01 9.86163262e-01 9.92636142e-01 9.96897443e-01 7.34359308e-07 5.81654981e-07 5.81654221e-07 9.11529822e-04 2.48915399e-03 4.67268085e-03 2.27736898e-02 2.57577039e-02 1.39831721e-02 3.34057893e-03 1.03781586e-02 1.46726594e-02 1.51862666e-02
2.32732733e-02 -2.92799522e-02 -3.73048523e-03 -3.73048276e-03 5.49693229e+01 9.92461170e+01 1.09129223e+02 1.53914022e+02 1.65198899e+02 1.71009673e+02 2.18798726e+02 2.69603986e+02 3.20548412e+02 3.73731729e+02 9.55399889e-15 5.00926496e-06 3.11631494e-06 9.99920886e-01 2.11053122e-16 9.96418525e-01 7.18188573e-01 6.97268324e-06 7.71907310e-01 9.71883395e-01 9.85968170e-01 9.92569494e-01 9.96889089e-01 7.34359308e-07 5.81654959e-07 5.81654243e-07 9.17675890e-04 2.48915399e-03 4.70746166e-03 2.27967664e-02 2.57577039e-02 1.39596890e-02 3.36003106e-03 1.04377233e-02 1.47226416e-02 1.51963039e-02
2.34234234e-02 -2.92799522e-02 -3.73048660e-03 -3.73048096e-03 5.49680419e+01 9.92461170e+01 1.09115110e+02 1.53820947e+02 1.65198899e+02 1.71035007e+02 2.18780030e+02 2.69530297e+02 3.20442741e+02 3.73641737e+02 6.04490705e-14 3.79677545e-06 4.56499561e-06 9.99919823e-01 3.92804405e-16 9.96365962e-01 7.18656350e-01 6.92798656e-06 7.72384312e-01 9.71488553e-01 9.85771786e-01 9.92503304e-01 9.96881092e-01 7.34359308e-07 5.81654995e-07 5.81654207e-07 9.23826435e-04 2.48915399e-03 4.74232811e-03 2.28196729e-02 2.57577039e-02 1.39362578e-02 3.37943041e-03 1.04970043e-02 1.47717247e-02 1.52054702e-02
2.35735736e-02 -2.92799520e-02 -3.73048521e-03 -3.73048197e-03 5.49667521e+01 9.92461170e+01 1.09100876e+02 1.53727648e+02 1.65198899e+02 1.71060221e+02 2.18761224e+02 2.69456202e+02 3.20336997e+02 3.73552188e+02 1.65779962e-15 2.60358448e-06 5.37861213e-06 9.99918752e-01 3.04653768e-16 9.96312898e-01 7.19129007e-01 6.88385925e-06 7.72861212e-01 9.71090485e-01 9.85574121e-01 9.92437588e-01 9.96873449e-01 7.34359308e-07 5.81654916e-07 5.81654286e-07 9.29981489e-04 2.48915399e-03 4.77728068e-03 2.28424075e-02 2.57577039e-02 1.39128785e-02 3.39877641e-03 1.05559968e-02 1.48199077e-02 1.52137777e-02
2.37237237e-02 -2.92799522e-02 -3.73048486e-03 -3.73047922e-03 5.49654533e+01 9.92461170e+01 1.09086520e+02 1.53634128e+02 1.65198899e+02 1.71085316e+02 2.18742308e+02 2.69381704e+02 3.20231190e+02 3.73463087e+02 2.61962375e-14 1.96340977e-06 5.68414214e-06 9.99917672e-01 5.24278409e-16 9.96259331e-01 7.19606521e-01 6.84029052e-06 7.73337998e-01 9.70689181e-01 9.85375189e-01 9.92372361e-01 9.96866158e-01 7.34359308e-07 5.81654850e-07 5.81654352e-07 9.36141083e-04 2.48915399e-03 4.81231986e-03 2.28649684e-02 2.57577039e-02 1.38895510e-02 3.41806845e-03 1.06146960e-02 1.48671901e-02 1.52212387e-02
2.38738739e-02 -2.92799521e-02 -3.73048667e-03 -3.73048137e-03 5.49641456e+01 9.92461170e+01 1.09072042e+02 1.53540387e+02 1.65198899e+02 1.71110292e+02 2.18723283e+02 2.69306807e+02 3.20125330e+02 3.73374438e+02 1.74331340e-14 5.22107591e-06 3.06007232e-06 9.99916585e-01 4.26467901e-16 9.96205258e-01 7.20088869e-01 6.79726983e-06 7.73814659e-01 9.70284634e-01 9.85175003e-01 9.92307637e-01 9.96859216e-01 7.34359308e-07 5.81654950e-07 5.81654252e-07 9.42305248e-04 2.48915399e-03 4.84744612e-03 2.28873535e-02 2.57577039e-02 1.38662751e-02 3.43730595e-03 1.06730971e-02 1.49135712e-02 1.52278652e-02
2.40240240e-02 -2.92799521e-02 -3.73048510e-03 -3.73047751e-03 5.49628289e+01 9.92461170e+01 1.09057441e+02 1.53446429e+02 1.65198899e+02 1.71135150e+02 2.18704149e+02 2.69231514e+02 3.20019429e+02 3.73286246e+02 1.78845920e-14 4.91913512e-06 3.58997351e-06 9.99915490e-01 7.68805701e-16 9.96150676e-01 7.20576027e-01 6.75478689e-06 7.74291184e-01 9.69876835e-01 9.84973577e-01 9.92243431e-01 9.96852620e-01 7.34359308e-07 5.81654982e-07 5.81654220e-07 9.48474015e-04 2.48915399e-03 4.88265994e-03 2.29095612e-02 2.57577039e-02 1.38430510e-02 3.45648832e-03 1.07311953e-02 1.49590511e-02 1.52336694e-02
2.41741742e-02 -2.92799521e-02 -3.73048576e-03 -3.73048277e-03 5.49615033e+01 9.92461170e+01 1.09042717e+02 1.53352253e+02 1.65198899e+02 1.71159891e+02 2.18684906e+02 2.69155828e+02 3.19913496e+02 3.73198513e+02 1.27665803e-14 5.59130760e-06 2.50760854e-06 9.99914387e-01 8.61120988e-16 9.96095581e-01 7.21067972e-01 6.71283169e-06 7.74767562e-01 9.69465775e-01 9.84770927e-01 9.92179758e-01 9.96846367e-01 7.34359308e-07 5.81654899e-07 5.81654303e-07 9.54647416e-04 2.48915399e-03 4.91796180e-03 2.29315894e-02 2.57577039e-02 1.38198784e-02 3.47561496e-03 1.07889859e-02 1.50036296e-02 1.52386633e-02
2.43243243e-02 -2.92799521e-02 -3.73048682e-03 -3.73048260e-03 5.49601686e+01 9.92461170e+01 1.09027869e+02 1.53257863e+02 1.65198899e+02 1.71184514e+02 2.18665555e+02 2.69079753e+02 3.19807543e+02 3.73111243e+02 1.86535305e-14 5.30013977e-06 3.15075518e-06 9.99913276e-01 5.47742342e-16 9.96039970e-01 7.21564679e-01 6.67139446e-06 7.75243782e-01 9.69051446e-01 9.84567066e-01 9.92116631e-01 9.96840454e-01 7.34359308e-07 5.81654952e-07 5.81654250e-07 9.60825482e-04 2.48915399e-03 4.95335216e-03 2.29534363e-02 2.57577039e-02 1.37967574e-02 3.49468527e-03 1.08464641e-02 1.50473069e-02 1.52428592e-02
2.44744745e-02 -2.92799521e-02 -3.73048630e-03 -3.73048261e-03 5.49588250e+01 9.92461170e+01 1.09012896e+02 1.53163260e+02 1.65198899e+02 1.71209021e+02 2.18646096e+02 2.69003292e+02 3.19701579e+02 3.73024440e+02 3.38239757e-14 4.33413275e-06 4.43901441e-06 9.99912157e-01 4.90237669e-16 9.95983840e-01 7.22066122e-01 6.63046566e-06 7.75719833e-01 9.68633840e-01 9.84362011e-01 9.92054063e-01 9.96834878e-01 7.34359308e-07 5.81655001e-07 5.81654201e-07 9.67008244e-04 2.48915399e-03 4.98883149e-03 2.29751000e-02 2.57577039e-02 1.37736878e-02 3.51369865e-03 1.09036252e-02 1.50900836e-02 1.52462691e-02
2.46246246e-02 -2.92799520e-02 -3.73048563e-03 -3.73048289e-03 5.49574724e+01 9.92461170e+01 1.08997797e+02 1.53068444e+02 1.65198899e+02 1.71233412e+02 2.18626529e+02 2.68926449e+02 3.19595616e+02 3.72938107e+02 1.57332301e-14 4.59377673e-06 4.22616660e-06 9.99911030e-01 3.68809646e-16 9.95927189e-01 7.22572278e-01 6.59003599e-06 7.76195705e-01 9.68212949e-01 9.84155777e-01 9.91992070e-01 9.96829636e-01 7.34359308e-07 5.81655000e-07 5.81654202e-07 9.73195733e-04 2.48915399e-03 5.02440024e-03 2.29965786e-02 2.57577039e-02 1.37506696e-02 3.53265450e-03 1.09604644e-02 1.51319601e-02 1.52489050e-02
2.47747748e-02 -2.92799522e-02 -3.73048433e-03 -3.73047708e-03 5.49561107e+01 9.92461170e+01 1.08982573e+02 1.52973419e+02 1.65198899e+02 1.71257688e+02 2.18606855e+02 2.68849227e+02 3.19489662e+02 3.72852248e+02 3.29689288e-14 1.92688398e-06 5.97720648e-06 9.99909895e-01 6.70714534e-16 9.95870012e-01 7.23083121e-01 6.55009638e-06 7.76671388e-01 9.67788765e-01 9.83948381e-01 9.91930663e-01 9.96824723e-01 7.34359308e-07 5.81654836e-07 5.81654366e-07 9.79387982e-04 2.48915399e-03 5.06005888e-03 2.30178704e-02 2.57577039e-02 1.37277027e-02 3.55155222e-03 1.10169771e-02 1.51729375e-02 1.52507791e-02
2.49249249e-02 -2.92799519e-02 -3.73049010e-03 -3.73048174e-03 5.49547400e+01 9.92461170e+01 1.08967221e+02 1.52878186e+02 1.65198899e+02 1.71281849e+02 2.18587074e+02 2.68771631e+02 3.19383729e+02 3.72766864e+02 1.27195956e-14 6.14602386e-06 1.46484735e-06 9.99908751e-01 4.76048324e-16 9.95812306e-01 7.23598623e-01 6.51063797e-06 7.77146871e-01 9.67361280e-01 9.83739838e-01 9.91869856e-01 9.96820138e-01 7.34359308e-07 5.81654780e-07 5.81654422e-07 9.85585021e-04 2.48915399e-03 5.09580785e-03 2.30389733e-02 2.57577039e-02 1.37047871e-02 3.57039120e-03 1.10731585e-02 1.52130167e-02 1.52519033e-02
2.50750751e-02 -2.92799519e-02 -3.73048433e-03 -3.73048241e-03 5.49533603e+01 9.92461170e+01 1.08951742e+02 1.52782747e+02 1.65198899e+02 1.71305897e+02 2.18567187e+02 2.68693663e+02 3.19277826e+02 3.72681958e+02 7.67128680e-14 2.68818188e-06 5.75981513e-06 9.99907600e-01 1.81870473e-15 9.95754069e-01 7.24118759e-01 6.47165211e-06 7.77622143e-01 9.66930486e-01 9.83530167e-01 9.91809662e-01 9.96815876e-01 7.34359308e-07 5.81654909e-07 5.81654293e-07 9.91786882e-04 2.48915399e-03 5.13164759e-03 2.30598855e-02 2.57577039e-02 1.36819227e-02 3.58917084e-03 1.11290041e-02 1.52521990e-02 1.52522896e-02
2.52252252e-02 -2.92799519e-02 -3.73048404e-03 -3.73047898e-03 5.49519714e+01 9.92461170e+01 1.08936135e+02 1.52687104e+02 1.65198899e+02 1.71329830e+02 2.18547193e+02 2.68615328e+02 3.19171964e+02 3.72597534e+02 3.67916954e-14 2.77337620e-06 5.76155180e-06 9.99906441e-01 1.52766055e-15 9.95695297e-01 7.24643503e-01 6.43313037e-06 7.78097195e-01 9.66496376e-01 9.83319384e-01 9.91750093e-01 9.96811934e-01 7.34359308e-07 5.81654915e-07 5.81654287e-07 9.97993597e-04 2.48915399e-03 5.16757856e-03 2.30806052e-02 2.57577039e-02 1.36591094e-02 3.60789052e-03 1.11845092e-02 1.52904860e-02 1.52519499e-02
2.53753754e-02 -2.92799522e-02 -3.73049064e-03 -3.73048447e-03 5.49505735e+01 9.92461170e+01 1.08920400e+02 1.52591258e+02 1.65198899e+02 1.71353651e+02 2.18527093e+02 2.68536630e+02 3.19066152e+02 3.72513593e+02 6.04767360e-15 6.21664348e-06 1.65185901e-06 9.99905273e-01 8.08622286e-16 9.95635986e-01 7.25172826e-01 6.39506451e-06 7.78572016e-01 9.66058943e-01 9.83107508e-01 9.91691161e-01 9.96808308e-01 7.34359308e-07 5.81654798e-07 5.81654404e-07 1.00420520e-03 2.48915399e-03 5.20360119e-03 2.31011304e-02 2.57577039e-02 1.36363471e-02 3.62654964e-03 1.12396692e-02 1.53278792e-02 1.52508961e-02
2.55255255e-02 -2.92799521e-02 -3.73048433e-03 -3.73047901e-03 5.49491665e+01 9.92461170e+01 1.08904534e+02 1.52495211e+02 1.65198899e+02 1.71377359e+02 2.18506888e+02 2.68457572e+02 3.18960400e+02 3.72430137e+02 4.82632710e-15 4.89177816e-06 4.23519751e-06 9.99904097e-01 6.38747134e-16 9.95576135e-01 7.25706700e-01 6.35744648e-06 7.79046597e-01 9.65618179e-01 9.82894558e-01 9.91632878e-01 9.96804995e-01 7.34359308e-07 5.81654997e-07 5.81654205e-07 1.01042171e-03 2.48915399e-03 5.23971590e-03 2.31214593e-02 2.57577039e-02 1.36136357e-02 3.64514759e-03 1.12944796e-02 1.53643806e-02 1.52491400e-02
2.56756757e-02 -2.92799521e-02 -3.73048773e-03 -3.73048461e-03 5.49477504e+01 9.92461170e+01 1.08888539e+02 1.52398965e+02 1.65198899e+02 1.71400955e+02 2.18486577e+02 2.68378158e+02 3.18854718e+02 3.72347169e+02 3.75804132e-14 6.01941666e-06 2.47527960e-06 9.99902914e-01 6.99723254e-16 9.95515738e-01 7.26245099e-01 6.32026843e-06 7.79520928e-01 9.65174076e-01 9.82680551e-01 9.91575255e-01 9.96801991e-01 7.34359308e-07 5.81654881e-07 5.81654321e-07 1.01664318e-03 2.48915399e-03 5.27592312e-03 2.31415901e-02 2.57577039e-02 1.35909753e-02 3.66368375e-03 1.13489358e-02 1.53999923e-02 1.52466935e-02
2.58258258e-02 -2.92799521e-02 -3.73048366e-03 -3.73048015e-03 5.49463252e+01 9.92461170e+01 1.08872413e+02 1.52302523e+02 1.65198899e+02 1.71424441e+02 2.18466161e+02 2.68298394e+02 3.18749116e+02 3.72264691e+02 4.45727938e-14 1.99190535e-06 6.23615192e-06 9.99901721e-01 1.37282764e-15 9.95454794e-01 7.26787993e-01 6.28352269e-06 7.79994999e-01 9.64726629e-01 9.82465507e-01 9.91518304e-01 9.96799291e-01 7.34359308e-07 5.81654835e-07 5.81654367e-07 1.02286963e-03 2.48915399e-03 5.31222328e-03 2.31615208e-02 2.57577039e-02 1.35683656e-02 3.68215752e-03 1.14030333e-02 1.54347166e-02 1.52435682e-02
2.59759760e-02 -2.92799522e-02 -3.73048808e-03 -3.73048249e-03 5.49448908e+01 9.92461170e+01 1.08856155e+02 1.52205886e+02 1.65198899e+02 1.71447815e+02 2.18445642e+02 2.68218282e+02 3.18643603e+02 3.72182703e+02 2.14512247e-14 6.25751117e-06 2.04954161e-06 9.99900521e-01 1.54121621e-15 9.95393298e-01 7.27335354e-01 6.24720175e-06 7.80468800e-01 9.64275829e-01 9.82249446e-01 9.91462036e-01 9.96796893e-01 7.34359308e-07 5.81654837e-07 5.81654366e-07 1.02910108e-03 2.48915399e-03 5.34861679e-03 2.31812496e-02 2.57577039e-02 1.35458067e-02 3.70056828e-03 1.14567677e-02 1.54685560e-02 1.52397758e-02
2.61261261e-02 -2.92799521e-02 -3.73048500e-03 -3.73048267e-03 5.49434473e+01 9.92461170e+01 1.08839765e+02 1.52109056e+02 1.65198899e+02 1.71471079e+02 2.18425018e+02 2.68137827e+02 3.18538188e+02 3.72101209e+02 2.76191007e-14 2.78763872e-06 6.00739741e-06 9.99899313e-01 3.62636689e-16 9.95331248e-01 7.27887152e-01 6.21129829e-06 7.80942323e-01 9.63821671e-01 9.82032389e-01 9.91406461e-01 9.96794792e-01 7.34359308e-07 5.81654908e-07 5.81654294e-07 1.03533759e-03 2.48915399e-03 5.38510406e-03 2.32007747e-02 2.57577039e-02 1.35232985e-02 3.71891540e-03 1.15101346e-02 1.55015131e-02 1.52353280e-02
2.62762763e-02 -2.92799521e-02 -3.73048482e-03 -3.73048195e-03 5.49419946e+01 9.92461170e+01 1.08823242e+02 1.52012036e+02 1.65198899e+02 1.71494234e+02 2.18404290e+02 2.68057032e+02 3.18432881e+02 3.72020208e+02 6.06506011e-14 2.83834740e-06 6.02570503e-06 9.99898096e-01 2.68960483e-16 9.95268640e-01 7.28443358e-01 6.17580515e-06 7.81415556e-01 9.63364147e-01 9.81814355e-01 9.91351590e-01 9.96792985e-01 7.34359308e-07 5.81654911e-07 5.81654291e-07 1.04157916e-03 2.48915399e-03 5.42168549e-03 2.32200941e-02 2.57577039e-02 1.35008408e-02 3.73719829e-03 1.15631296e-02 1.55335908e-02 1.52302362e-02
2.64264264e-02 -2.92799518e-02 -3.73048499e-03 -3.73048052e-03 5.49405327e+01 9.92461170e+01 1.08806585e+02 1.51914826e+02 1.65198899e+02 1.71517279e+02 2.18383459e+02 2.67975904e+02 3.18327692e+02 3.71939703e+02 5.69519551e-14 4.24846092e-06 5.17922754e-06 9.99896871e-01 1.57638341e-15 9.95205470e-01 7.29003941e-01 6.14071535e-06 7.81888492e-01 9.62903252e-01 9.81595365e-01 9.91297432e-01 9.96791466e-01 7.34359308e-07 5.81654994e-07 5.81654208e-07 1.04782585e-03 2.48915399e-03 5.45836148e-03 2.32392061e-02 2.57577039e-02 1.34784336e-02 3.75541632e-03 1.16157484e-02 1.55647922e-02 1.52245118e-02
2.65765766e-02 -2.92799520e-02 -3.73048479e-03 -3.73047937e-03 5.49390616e+01 9.92461170e+01 1.08789794e+02 1.51817430e+02 1.65198899e+02 1.71540216e+02 2.18362525e+02 2.67894445e+02 3.18222629e+02 3.71859695e+02 2.62721407e-14 2.63985984e-06 6.19809137e-06 9.99895637e-01 8.92377663e-16 9.95141737e-01 7.29568872e-01 6.10602205e-06 7.82361121e-01 9.62438978e-01 9.81375441e-01 9.91243997e-01 9.96790234e-01 7.34359308e-07 5.81654891e-07 5.81654311e-07 1.05407768e-03 2.48915399e-03 5.49513242e-03 2.32581087e-02 2.57577039e-02 1.34560769e-02 3.77356887e-03 1.16679867e-02 1.55951206e-02 1.52181664e-02
2.67267267e-02 -2.92799520e-02 -3.73048353e-03 -3.73047559e-03 5.49375812e+01 9.92461170e+01 1.08772868e+02 1.51719849e+02 1.65198899e+02 1.71563045e+02 2.18341489e+02 2.67812660e+02 3.18117701e+02 3.71780183e+02 5.21140015e-15 1.48478518e-06 6.61021068e-06 9.99894395e-01 9.55883406e-16 9.95077436e-01 7.30138121e-01 6.07171855e-06 7.82833434e-01 9.61971320e-01 9.81154604e-01 9.91191295e-01 9.96789282e-01 7.34359308e-07 5.81654774e-07 5.81654428e-07 1.06033467e-03 2.48915399e-03 5.53199870e-03 2.32768002e-02 2.57577039e-02 1.34337705e-02 3.79165533e-03 1.17198402e-02 1.56245793e-02 1.52112112e-02
2.68768769e-02 -2.92799521e-02 -3.73048696e-03 -3.73048382e-03 5.49360917e+01 9.92461170e+01 1.08755806e+02 1.51622086e+02 1.65198899e+02 1.71585767e+02 2.18320351e+02 2.67730553e+02 3.18012917e+02 3.71701171e+02 3.92844392e-15 4.35786991e-06 5.23694713e-06 9.99893145e-01 1.01100024e-15 9.95012563e-01 7.30711655e-01 6.03779833e-06 7.83305422e-01 9.61500272e-01 9.80932877e-01 9.91139334e-01 9.96788608e-01 7.34359308e-07 5.81654995e-07 5.81654207e-07 1.06659687e-03 2.48915399e-03 5.56896070e-03 2.32952787e-02 2.57577039e-02 1.34115144e-02 3.80967507e-03 1.17713048e-02 1.56531721e-02 1.52036575e-02
2.70270270e-02 -2.92799521e-02 -3.73048347e-03 -3.73047898e-03 5.49345929e+01 9.92461170e+01 1.08738608e+02 1.51524142e+02 1.65198899e+02 1.71608382e+02 2.18299111e+02 2.67648130e+02 3.17908287e+02 3.71622657e+02 4.15377450e-14 4.48775515e-06 5.17655962e-06 9.99891886e-01 4.79502698e-16 9.94947117e-01 7.31289443e-01 6.00425501e-06 7.83777076e-01 9.61025828e-01 9.80710282e-01 9.91088123e-01 9.96788207e-01 7.34359308e-07 5.81654998e-07 5.81654204e-07 1.07286431e-03 2.48915399e-03 5.60601878e-03 2.33135423e-02 2.57577039e-02 1.33893084e-02 3.82762749e-03 1.18223764e-02 1.56809026e-02 1.51955163e-02
2.71771772e-02 -2.92799521e-02 -3.73048550e-03 -3.73048296e-03 5.49330848e+01 9.92461170e+01 1.08721272e+02 1.51426020e+02 1.65198899e+02 1.71630890e+02 2.18277770e+02 2.67565394e+02 3.17803818e+02 3.71544642e+02 3.85953172e-14 6.15118329e-06 3.10203605e-06 9.99890619e-01 6.29274890e-16 9.94881093e-01 7.31871455e-01 5.97108233e-06 7.84248387e-01 9.60547983e-01 9.80486842e-01 9.91037670e-01 9.96788074e-01 7.34359308e-07 5.81654922e-07 5.81654280e-07 1.07913702e-03 2.48915399e-03 5.64317332e-03 2.33315892e-02 2.57577039e-02 1.33671526e-02 3.84551195e-03 1.18730508e-02 1.57077749e-02 1.51867988e-02
2.73273273e-02 -2.92799520e-02 -3.73048607e-03 -3.73048024e-03 5.49315675e+01 9.92461170e+01 1.08703798e+02 1.51327722e+02 1.65198899e+02 1.71653292e+02 2.18256328e+02 2.67482350e+02 3.17699519e+02 3.71467128e+02 6.56993053e-15 1.12376214e-06 6.83540103e-06 9.99889344e-01 4.08379217e-16 9.94814488e-01 7.32457657e-01 5.93827419e-06 7.84719346e-01 9.60066730e-01 9.80262580e-01 9.90987983e-01 9.96788207e-01 7.34359308e-07 5.81654731e-07 5.81654471e-07 1.08541502e-03 2.48915399e-03 5.68042467e-03 2.33494177e-02 2.57577039e-02 1.33450468e-02 3.86332785e-03 1.19233240e-02 1.57337930e-02 1.51775160e-02
2.74774775e-02 -2.92799521e-02 -3.73048398e-03 -3.73047867e-03 5.49300408e+01 9.92461170e+01 1.08686185e+02 1.51229250e+02 1.65198899e+02 1.71675589e+02 2.18234786e+02 2.67399003e+02 3.17595400e+02 3.71390114e+02 1.89217798e-14 5.95630680e-06 3.61063987e-06 9.99888060e-01 8.13635454e-16 9.94747298e-01 7.33048018e-01 5.90582461e-06 7.85189946e-01 9.59582064e-01 9.80037519e-01 9.90939070e-01 9.96788600e-01 7.34359308e-07 5.81654955e-07 5.81654247e-07 1.09169836e-03 2.48915399e-03 5.71777318e-03 2.33670258e-02 2.57577039e-02 1.33229909e-02 3.88107456e-03 1.19731922e-02 1.57589614e-02 1.51676787e-02
2.76276276e-02 -2.92799522e-02 -3.73048437e-03 -3.73047925e-03 5.49285049e+01 9.92461170e+01 1.08668432e+02 1.51130607e+02 1.65198899e+02 1.71697782e+02 2.18213144e+02 2.67315357e+02 3.17491467e+02 3.71313601e+02 6.57983027e-15 2.36559310e-06 6.59165684e-06 9.99886768e-01 2.16281615e-16 9.94679521e-01 7.33642505e-01 5.87372773e-06 7.85660177e-01 9.59093981e-01 9.79811685e-01 9.90890938e-01 9.96789250e-01 7.34359308e-07 5.81654857e-07 5.81654345e-07 1.09798707e-03 2.48915399e-03 5.75521920e-03 2.33844117e-02 2.57577039e-02 1.33009849e-02 3.89875146e-03 1.20226513e-02 1.57832844e-02 1.51572977e-02
2.77777778e-02 -2.92799520e-02 -3.73048255e-03 -3.73047722e-03 5.49269596e+01 9.92461170e+01 1.08650539e+02 1.51031794e+02 1.65198899e+02 1.71719870e+02 2.18191402e+02 2.67231418e+02 3.17387730e+02 3.71237588e+02 1.62753342e-14 1.75031657e-06 6.82033134e-06 9.99885467e-01 7.37839847e-16 9.94611153e-01 7.34241085e-01 5.84197785e-06 7.86130031e-01 9.58602476e-01 9.79585100e-01 9.90843594e-01 9.96790152e-01 7.34359308e-07 5.81654795e-07 5.81654407e-07 1.10428117e-03 2.48915399e-03 5.79276307e-03 2.34015737e-02 2.57577039e-02 1.32790286e-02 3.91635794e-03 1.20716975e-02 1.58067667e-02 1.51463838e-02
2.79279279e-02 -2.92799522e-02 -3.73048668e-03 -3.73048422e-03 5.49254049e+01 9.92461170e+01 1.08632506e+02 1.50932814e+02 1.65198899e+02 1.71741854e+02 2.18169561e+02 2.67147189e+02 3.17284197e+02 3.71162076e+02 1.71902964e-14 6.55511243e-06 2.67366472e-06 9.99884157e-01 3.54815216e-16 9.94542191e-01 7.34843725e-01 5.81056937e-06 7.86599500e-01 9.58107543e-01 9.79357791e-01 9.90797044e-01 9.96791302e-01 7.34359308e-07 5.81654880e-07 5.81654322e-07 1.11058070e-03 2.48915399e-03 5.83040511e-03 2.34185098e-02 2.57577039e-02 1.32571221e-02 3.93389338e-03 1.21203271e-02 1.58294131e-02 1.51349476e-02
2.80780781e-02 -2.92799521e-02 -3.73048176e-03 -3.73047672e-03 5.49238410e+01 9.92461170e+01 1.08614330e+02 1.50833670e+02 1.65198899e+02 1.71763735e+02 2.18147622e+02 2.67062676e+02 3.17180875e+02 3.71087064e+02 1.90180688e-14 2.07316104e-06 6.80884256e-06 9.99882839e-01 3.80677114e-16 9.94472631e-01 7.35450391e-01 5.77949680e-06 7.87068576e-01 9.57609179e-01 9.79129781e-01 9.90751295e-01 9.96792696e-01 7.34359308e-07 5.81654826e-07 5.81654376e-07 1.11688569e-03 2.48915399e-03 5.86814565e-03 2.34352184e-02 2.57577039e-02 1.32352651e-02 3.95135716e-03 1.21685364e-02 1.58512285e-02 1.51229995e-02
2.82282282e-02 -2.92799520e-02 -3.73048412e-03 -3.73047798e-03 5.49222676e+01 9.92461170e+01 1.08596011e+02 1.50734363e+02 1.65198899e+02 1.71785514e+02 2.18125585e+02 2.66977884e+02 3.17077772e+02 3.71012553e+02 2.21821017e-14 3.19776273e-06 6.40124178e-06 9.99881512e-01 1.41700490e-15 9.94402471e-01 7.36061050e-01 5.74875480e-06 7.87537250e-01 9.57107378e-01 9.78901096e-01 9.90706351e-01 9.96794330e-01 7.34359308e-07 5.81654922e-07 5.81654280e-07 1.12319618e-03 2.48915399e-03 5.90598500e-03 2.34516977e-02 2.57577039e-02 1.32134577e-02 3.96874865e-03 1.22163216e-02 1.58722180e-02 1.51105501e-02
2.83783784e-02 -2.92799522e-02 -3.73048384e-03 -3.73047642e-03 5.49206848e+01 9.92461170e+01 1.08577550e+02 1.50634896e+02 1.65198899e+02 1.71807190e+02 2.18103450e+02 2.66892818e+02 3.16974896e+02 3.70938541e+02 3.33284530e-14 6.54478269e-07 7.16375511e-06 9.99880177e-01 8.94721430e-16 9.94331706e-01 7.36675667e-01 5.71833811e-06 7.88005514e-01 9.56602136e-01 9.78671762e-01 9.90662220e-01 9.96796199e-01 7.34359308e-07 5.81654675e-07 5.81654527e-07 1.12951220e-03 2.48915399e-03 5.94392346e-03 2.34679457e-02 2.57577039e-02 1.31916997e-02 3.98606726e-03 1.22636792e-02 1.58923868e-02 1.50976095e-02
2.85285285e-02 -2.92799522e-02 -3.73048935e-03 -3.73048503e-03 5.49190926e+01 9.92461170e+01 1.08558943e+02 1.50535271e+02 1.65198899e+02 1.71828765e+02 2.18081217e+02 2.66807482e+02 3.16872255e+02 3.70865029e+02 1.71150299e-14 7.00715933e-06 1.78787330e-06 9.99878833e-01 2.88326829e-15 9.94260334e-01 7.37294208e-01 5.68824159e-06 7.88473361e-01 9.56093451e-01 9.78441804e-01 9.90618905e-01 9.96798299e-01 7.34359308e-07 5.81654791e-07 5.81654411e-07 1.13583377e-03 2.48915399e-03 5.98196134e-03 2.34839608e-02 2.57577039e-02 1.31699910e-02 4.00331235e-03 1.23106057e-02 1.59117404e-02 1.50841881e-02
2.86786787e-02 -2.92799521e-02 -3.73048539e-03 -3.73048386e-03 5.49174910e+01 9.92461170e+01 1.08540192e+02 1.50435491e+02 1.65198899e+02 1.71850238e+02 2.18058889e+02 2.66721881e+02 3.16769856e+02 3.70792016e+02 2.01965613e-15 2.86256569e-06 6.68239714e-06 9.99877481e-01 5.61502978e-16 9.94188351e-01 7.37916638e-01 5.65846022e-06 7.88940783e-01 9.55581317e-01 9.78211250e-01 9.90576412e-01 9.96800627e-01 7.34359308e-07 5.81654892e-07 5.81654310e-07 1.14216094e-03 2.48915399e-03 6.02009892e-03 2.34997412e-02 2.57577039e-02 1.31483317e-02 4.02048331e-03 1.23570976e-02 1.59302842e-02 1.50702959e-02
2.88288288e-02 -2.92799521e-02 -3.73048685e-03 -3.73048347e-03 5.49158800e+01 9.92461170e+01 1.08521295e+02 1.50335558e+02 1.65198899e+02 1.71871611e+02 2.18036464e+02 2.66636021e+02 3.16667707e+02 3.70719501e+02 1.49047887e-14 7.05022401e-06 1.92299079e-06 9.99876119e-01 2.14327548e-16 9.94115754e-01 7.38542923e-01 5.62898907e-06 7.89407772e-01 9.55065731e-01 9.77980126e-01 9.90534746e-01 9.96803177e-01 7.34359308e-07 5.81654803e-07 5.81654399e-07 1.14849373e-03 2.48915399e-03 6.05833648e-03 2.35152851e-02 2.57577039e-02 1.31267215e-02 4.03757953e-03 1.24031517e-02 1.59480239e-02 1.50559429e-02
2.89789790e-02 -2.92799521e-02 -3.73048645e-03 -3.73048046e-03 5.49142594e+01 9.92461170e+01 1.08502252e+02 1.50235475e+02 1.65198899e+02 1.71892884e+02 2.18013943e+02 2.66549907e+02 3.16565814e+02 3.70647483e+02 3.15439181e-14 4.23676588e-06 6.00092515e-06 9.99874749e-01 3.20565652e-16 9.94042540e-01 7.39173028e-01 5.59982333e-06 7.89874321e-01 9.54546689e-01 9.77748458e-01 9.90493909e-01 9.96805946e-01 7.34359308e-07 5.81654979e-07 5.81654223e-07 1.15483219e-03 2.48915399e-03 6.09667428e-03 2.35305907e-02 2.57577039e-02 1.31051604e-02 4.05460040e-03 1.24487644e-02 1.59649653e-02 1.50411391e-02
2.91291291e-02 -2.92799520e-02 -3.73048533e-03 -3.73047978e-03 5.49126294e+01 9.92461170e+01 1.08483061e+02 1.50135244e+02 1.65198899e+02 1.71914057e+02 2.17991327e+02 2.66463543e+02 3.16464184e+02 3.70575962e+02 8.88247896e-15 1.79505657e-06 7.16238038e-06 9.99873370e-01 1.10053516e-15 9.93968705e-01 7.39806916e-01 5.57095826e-06 7.90340421e-01 9.54024190e-01 9.77516274e-01 9.90453906e-01 9.96808930e-01 7.34359308e-07 5.81654791e-07 5.81654411e-07 1.16117633e-03 2.48915399e-03 6.13511261e-03 2.35456563e-02 2.57577039e-02 1.30836483e-02 4.07154530e-03 1.24939328e-02 1.59811143e-02 1.50258942e-02
2.92792793e-02 -2.92799523e-02 -3.73048675e-03 -3.73048228e-03 5.49109899e+01 9.92461170e+01 1.08463722e+02 1.50034868e+02 1.65198899e+02 1.71935131e+02 2.17968616e+02 2.66376936e+02 3.16362826e+02 3.70504937e+02 5.08484407e-16 1.99438184e-06 7.14897840e-06 9.99871983e-01 9.30776568e-16 9.93894246e-01 7.40444552e-01 5.54238924e-06 7.90806066e-01 9.53498228e-01 9.77283601e-01 9.90414740e-01 9.96812123e-01 7.34359308e-07 5.81654810e-07 5.81654392e-07 1.16752619e-03 2.48915399e-03 6.17365170e-03 2.35604801e-02 2.57577039e-02 1.30621851e-02 4.08841363e-03 1.25386535e-02 1.59964768e-02 1.50102179e-02
2.94294294e-02 -2.92799520e-02 -3.73048390e-03 -3.73048057e-03 5.49093409e+01 9.92461170e+01 1.08444234e+02 1.49934348e+02 1.65198899e+02 1.71956107e+02 2.17945811e+02 2.66290089e+02 3.16261744e+02 3.70434407e+02 1.26631073e-14 4.30291714e-06 6.09399564e-06 9.99870586e-01 8.85471856e-16 9.93819160e-01 7.41085901e-01 5.51411175e-06 7.91271248e-01 9.52968803e-01 9.77050468e-01 9.90376414e-01 9.96815523e-01 7.34359308e-07 5.81654979e-07 5.81654223e-07 1.17388182e-03 2.48915399e-03 6.21229179e-03 2.35750605e-02 2.57577039e-02 1.30407707e-02 4.10520476e-03 1.25829236e-02 1.60110591e-02 1.49941197e-02
2.95795796e-02 -2.92799521e-02 -3.73048400e-03 -3.73047908e-03 5.49076824e+01 9.92461170e+01 1.08424596e+02 1.49833689e+02 1.65198899e+02 1.71976984e+02 2.17922912e+02 2.66203008e+02 3.16160947e+02 3.70364369e+02 2.00949300e-14 2.22279156e-06 7.16103354e-06 9.99869181e-01 4.97631754e-16 9.93743444e-01 7.41730926e-01 5.48612133e-06 7.91735960e-01 9.52435910e-01 9.76816901e-01 9.90338931e-01 9.96819125e-01 7.34359308e-07 5.81654829e-07 5.81654373e-07 1.18024323e-03 2.48915399e-03 6.25103313e-03 2.35893956e-02 2.57577039e-02 1.30194051e-02 4.12191811e-03 1.26267401e-02 1.60248675e-02 1.49776092e-02
2.97297297e-02 -2.92799519e-02 -3.73048440e-03 -3.73047924e-03 5.49060143e+01 9.92461170e+01 1.08404807e+02 1.49732891e+02 1.65198899e+02 1.71997763e+02 2.17899920e+02 2.66115699e+02 3.16060441e+02 3.70294825e+02 7.84011571e-14 1.79146879e-06 7.32011377e-06 9.99867767e-01 4.55087745e-16 9.93667094e-01 7.42379591e-01 5.45841365e-06 7.92200195e-01 9.51899549e-01 9.76582930e-01 9.90302294e-01 9.96822925e-01 7.34359308e-07 5.81654788e-07 5.81654414e-07 1.18661046e-03 2.48915399e-03 6.28987594e-03 2.36034837e-02 2.57577039e-02 1.29980881e-02 4.13855305e-03 1.26701000e-02 1.60379082e-02 1.49606957e-02
2.98798799e-02 -2.92799521e-02 -3.73048657e-03 -3.73048264e-03 5.49043366e+01 9.92461170e+01 1.08384867e+02 1.49631959e+02 1.65198899e+02 1.72018446e+02 2.17876836e+02 2.66028167e+02 3.15960231e+02 3.70225771e+02 1.59652868e-14 2.91900384e-06 6.98913173e-06 9.99866344e-01 8.89015299e-16 9.93590107e-01 7.43031859e-01 5.43098443e-06 7.92663945e-01 9.51359716e-01 9.76348583e-01 9.90266503e-01 9.96826919e-01 7.34359308e-07 5.81654887e-07 5.81654315e-07 1.19298355e-03 2.48915399e-03 6.32882043e-03 2.36173232e-02 2.57577039e-02 1.29768197e-02 4.15510899e-03 1.27130005e-02 1.60501878e-02 1.49433884e-02
3.00300300e-02 -2.92799522e-02 -3.73048354e-03 -3.73047992e-03 5.49026494e+01 9.92461170e+01 1.08364774e+02 1.49530893e+02 1.65198899e+02 1.72039032e+02 2.17853659e+02 2.65940417e+02 3.15860325e+02 3.70157207e+02 5.94141404e-14 4.03315665e-06 6.45602123e-06 9.99864912e-01 1.07604562e-15 9.93512481e-01 7.43687694e-01 5.40382951e-06 7.93127204e-01 9.50816409e-01 9.76113888e-01 9.90231562e-01 9.96831103e-01 7.34359308e-07 5.81654962e-07 5.81654240e-07 1.19936253e-03 2.48915399e-03 6.36786679e-03 2.36309123e-02 2.57577039e-02 1.29555998e-02 4.17158532e-03 1.27554390e-02 1.60617129e-02 1.49256964e-02
3.01801802e-02 -2.92799522e-02 -3.73048582e-03 -3.73048098e-03 5.49009525e+01 9.92461170e+01 1.08344528e+02 1.49429698e+02 1.65198899e+02 1.72059521e+02 2.17830390e+02 2.65852454e+02 3.15760728e+02 3.70089132e+02 1.40413645e-14 4.53627095e-06 6.16033464e-06 9.99863471e-01 5.15253992e-16 9.93434211e-01 7.44347058e-01 5.37694479e-06 7.93589965e-01 9.50269628e-01 9.75878874e-01 9.90197470e-01 9.96835472e-01 7.34359308e-07 5.81654984e-07 5.81654218e-07 1.20574743e-03 2.48915399e-03 6.40701523e-03 2.36442493e-02 2.57577039e-02 1.29344282e-02 4.18798145e-03 1.27974126e-02 1.60724902e-02 1.49076287e-02
3.03303303e-02 -2.92799520e-02 -3.73048724e-03 -3.73048247e-03 5.48992461e+01 9.92461170e+01 1.08324129e+02 1.49328375e+02 1.65198899e+02 1.72079916e+02 2.17807031e+02 2.65764283e+02 3.15661446e+02 3.70021543e+02 4.75340830e-15 7.42433086e-06 1.99764858e-06 9.99862021e-01 7.34287623e-16 9.93355294e-01 7.45009915e-01 5.35032625e-06 7.94052220e-01 9.49719370e-01 9.75643571e-01 9.90164230e-01 9.96840023e-01 7.34359308e-07 5.81654800e-07 5.81654402e-07 1.21213829e-03 2.48915399e-03 6.44626593e-03 2.36573326e-02 2.57577039e-02 1.29133049e-02 4.20429677e-03 1.28389189e-02 1.60825264e-02 1.48891943e-02
3.04804805e-02 -2.92799520e-02 -3.73048902e-03 -3.73048306e-03 5.48975300e+01 9.92461170e+01 1.08303574e+02 1.49226928e+02 1.65198899e+02 1.72100214e+02 2.17783580e+02 2.65675911e+02 3.15562486e+02 3.69954440e+02 3.94005929e-15 7.38464782e-06 2.27265793e-06 9.99860563e-01 2.25779376e-15 9.93275728e-01 7.45676227e-01 5.32396996e-06 7.94513964e-01 9.49165635e-01 9.75408007e-01 9.90131842e-01 9.96844752e-01 7.34359308e-07 5.81654825e-07 5.81654377e-07 1.21853513e-03 2.48915399e-03 6.48561905e-03 2.36701605e-02 2.57577039e-02 1.28922298e-02 4.22053069e-03 1.28799554e-02 1.60918284e-02 1.48704019e-02
3.06306306e-02 -2.92799520e-02 -3.73048464e-03 -3.73047870e-03 5.48958042e+01 9.92461170e+01 1.08282863e+02 1.49125359e+02 1.65198899e+02 1.72120418e+02 2.17760040e+02 2.65587343e+02 3.15463852e+02 3.69887820e+02 7.47982619e-15 2.58607104e-06 7.32119119e-06 9.99859095e-01 2.18997892e-15 9.93195510e-01 7.46345957e-01 5.29787207e-06 7.94975190e-01 9.48608420e-01 9.75172213e-01 9.90100306e-01 9.96849655e-01 7.34359308e-07 5.81654854e-07 5.81654348e-07 1.22493800e-03 2.48915399e-03 6.52507476e-03 2.36827312e-02 2.57577039e-02 1.28712029e-02 4.23668261e-03 1.29205196e-02 1.61004031e-02 1.48512602e-02
3.07807808e-02 -2.92799521e-02 -3.73048294e-03 -3.73047944e-03 5.48940687e+01 9.92461170e+01 1.08261996e+02 1.49023671e+02 1.65198899e+02 1.72140528e+02 2.17736411e+02 2.65498583e+02 3.15365551e+02 3.69821683e+02 2.10676683e-14 3.64971291e-06 6.89635433e-06 9.99857618e-01 9.59291492e-16 9.93114635e-01 7.47019066e-01 5.27202879e-06 7.95435890e-01 9.48047726e-01 9.74936218e-01 9.90069622e-01 9.96854727e-01 7.34359308e-07 5.81654933e-07 5.81654269e-07 1.23134692e-03 2.48915399e-03 6.56463321e-03 2.36950432e-02 2.57577039e-02 1.28502239e-02 4.25275195e-03 1.29606093e-02 1.61082576e-02 1.48317777e-02
3.09309309e-02 -2.92799522e-02 -3.73048347e-03 -3.73047869e-03 5.48923236e+01 9.92461170e+01 1.08240972e+02 1.48921866e+02 1.65198899e+02 1.72160545e+02 2.17712692e+02 2.65409638e+02 3.15267588e+02 3.69756025e+02 6.87768084e-15 3.05776316e-06 7.21980559e-06 9.99856132e-01 1.38266180e-15 9.93033102e-01 7.47695518e-01 5.24643642e-06 7.95896059e-01 9.47483553e-01 9.74700052e-01 9.90039790e-01 9.96859966e-01 7.34359308e-07 5.81654890e-07 5.81654312e-07 1.23776193e-03 2.48915399e-03 6.60429452e-03 2.37070948e-02 2.57577039e-02 1.28292929e-02 4.26873812e-03 1.30002222e-02 1.61153991e-02 1.48119629e-02
3.10810811e-02 -2.92799522e-02 -3.73048377e-03 -3.73048256e-03 5.48905687e+01 9.92461170e+01 1.08219789e+02 1.48819947e+02 1.65198899e+02 1.72180467e+02 2.17688885e+02 2.65320512e+02 3.15169967e+02 3.69690846e+02 2.89747201e-14 4.14083419e-06 6.70278291e-06 9.99854637e-01 4.56460880e-16 9.92950907e-01 7.48375273e-01 5.22109131e-06 7.96355690e-01 9.46915898e-01 9.74463744e-01 9.90010809e-01 9.96865367e-01 7.34359308e-07 5.81654960e-07 5.81654242e-07 1.24418306e-03 2.48915399e-03 6.64405883e-03 2.37188843e-02 2.57577039e-02 1.28084097e-02 4.28464053e-03 1.30393562e-02 1.61218347e-02 1.47918241e-02
3.12312312e-02 -2.92799520e-02 -3.73048558e-03 -3.73048194e-03 5.48888041e+01 9.92461170e+01 1.08198447e+02 1.48717918e+02 1.65198899e+02 1.72200297e+02 2.17664991e+02 2.65231212e+02 3.15072696e+02 3.69626144e+02 6.35077971e-14 2.37916416e-06 7.55079996e-06 9.99853132e-01 7.40235144e-16 9.92868047e-01 7.49058294e-01 5.19598991e-06 7.96814777e-01 9.46344764e-01 9.74227325e-01 9.89982679e-01 9.96870925e-01 7.34359308e-07 5.81654832e-07 5.81654370e-07 1.25061035e-03 2.48915399e-03 6.68392624e-03 2.37304102e-02 2.57577039e-02 1.27875742e-02 4.30045859e-03 1.30780093e-02 1.61275716e-02 1.47713695e-02
3.13813814e-02 -2.92799520e-02 -3.73048751e-03 -3.73048413e-03 5.48870298e+01 9.92461170e+01 1.08176945e+02 1.48615780e+02 1.65198899e+02 1.72220035e+02 2.17641009e+02 2.65141743e+02 3.14975777e+02 3.69561917e+02 2.68928097e-14 7.56034989e-06 2.47390473e-06 9.99851619e-01 7.55361194e-16 9.92784519e-01 7.49744542e-01 5.17112872e-06 7.97273314e-01 9.45770148e-01 9.73990825e-01 9.89955398e-01 9.96876639e-01 7.34359308e-07 5.81654836e-07 5.81654366e-07 1.25704382e-03 2.48915399e-03 6.72389686e-03 2.37416708e-02 2.57577039e-02 1.27667864e-02 4.31619173e-03 1.31161794e-02 1.61326172e-02 1.47506071e-02
3.15315315e-02 -2.92799521e-02 -3.73048544e-03 -3.73048059e-03 5.48852457e+01 9.92461170e+01 1.08155282e+02 1.48513537e+02 1.65198899e+02 1.72239681e+02 2.17616940e+02 2.65052110e+02 3.14879217e+02 3.69498162e+02 3.98894190e-15 2.75492931e-06 7.50309602e-06 9.99850096e-01 7.90049025e-16 9.92700319e-01 7.50433979e-01 5.14650430e-06 7.97731294e-01 9.45192054e-01 9.73754275e-01 9.89928965e-01 9.96882503e-01 7.34359308e-07 5.81654861e-07 5.81654340e-07 1.26348352e-03 2.48915399e-03 6.76397077e-03 2.37526646e-02 2.57577039e-02 1.27460461e-02 4.33183938e-03 1.31538648e-02 1.61369790e-02 1.47295451e-02
3.16816817e-02 -2.92799524e-02 -3.73048757e-03 -3.73048499e-03 5.48834518e+01 9.92461170e+01 1.08133458e+02 1.48411192e+02 1.65198899e+02 1.72259236e+02 2.17592786e+02 2.64962319e+02 3.14783020e+02 3.69434878e+02 1.77376919e-14 6.85499679e-06 4.18389674e-06 9.99848564e-01 1.20500369e-15 9.92615446e-01 7.51126567e-01 5.12211328e-06 7.98188712e-01 9.44610479e-01 9.73517704e-01 9.89903378e-01 9.96888514e-01 7.34359308e-07 5.81654956e-07 5.81654246e-07 1.26992947e-03 2.48915399e-03 6.80414805e-03 2.37633898e-02 2.57577039e-02 1.27253533e-02 4.34740095e-03 1.31910637e-02 1.61406643e-02 1.47081911e-02
3.18318318e-02 -2.92799522e-02 -3.73048411e-03 -3.73047874e-03 5.48816481e+01 9.92461170e+01 1.08111470e+02 1.48308747e+02 1.65198899e+02 1.72278699e+02 2.17568546e+02 2.64872375e+02 3.14687191e+02 3.69372062e+02 4.71673099e-14 2.15653302e-06 7.77548218e-06 9.99847023e-01 2.79772246e-16 9.92529896e-01 7.51822266e-01 5.09795237e-06 7.98645561e-01 9.44025427e-01 9.73281144e-01 9.89878634e-01 9.96894669e-01 7.34359308e-07 5.81654809e-07 5.81654393e-07 1.27638172e-03 2.48915399e-03 6.84442876e-03 2.37738451e-02 2.57577039e-02 1.27047079e-02 4.36287588e-03 1.32277743e-02 1.61436806e-02 1.46865530e-02
3.19819820e-02 -2.92799521e-02 -3.73048509e-03 -3.73048188e-03 5.48798345e+01 9.92461170e+01 1.08089319e+02 1.48206205e+02 1.65198899e+02 1.72298072e+02 2.17544221e+02 2.64782284e+02 3.14591733e+02 3.69309713e+02 2.32492675e-14 7.48206046e-06 3.12141175e-06 9.99845472e-01 1.61215586e-15 9.92443667e-01 7.52521037e-01 5.07401832e-06 7.99101836e-01 9.43436897e-01 9.73044626e-01 9.89854733e-01 9.96900963e-01 7.34359308e-07 5.81654884e-07 5.81654318e-07 1.28284029e-03 2.48915399e-03 6.88481295e-03 2.37840287e-02 2.57577039e-02 1.26841097e-02 4.37826361e-03 1.32639951e-02 1.61460356e-02 1.46646384e-02
3.21321321e-02 -2.92799521e-02 -3.73049115e-03 -3.73048334e-03 5.48780112e+01 9.92461170e+01 1.08067004e+02 1.48103570e+02 1.65198899e+02 1.72317355e+02 2.17519811e+02 2.64692052e+02 3.14496652e+02 3.69247829e+02 3.96706595e-14 7.91356484e-06 1.92834414e-06 9.99843912e-01 8.51822089e-16 9.92356754e-01 7.53222842e-01 5.05030796e-06 7.99557531e-01 9.42844892e-01 9.72808179e-01 9.89831670e-01 9.96907393e-01 7.34359308e-07 5.81654784e-07 5.81654418e-07 1.28930521e-03 2.48915399e-03 6.92530064e-03 2.37939391e-02 2.57577039e-02 1.26635587e-02 4.39356356e-03 1.32997246e-02 1.61477368e-02 1.46424548e-02
3.22822823e-02 -2.92799522e-02 -3.73048810e-03 -3.73048195e-03 5.48761779e+01 9.92461170e+01 1.08044523e+02 1.48000843e+02 1.65198899e+02 1.72336549e+02 2.17495319e+02 2.64601683e+02 3.14401952e+02 3.69186406e+02 1.22122764e-14 7.85913514e-06 2.28002004e-06 9.99842343e-01 1.71456371e-15 9.92269156e-01 7.53927641e-01 5.02681815e-06 8.00012640e-01 9.42249412e-01 9.72571834e-01 9.89809444e-01 9.96913956e-01 7.34359308e-07 5.81654814e-07 5.81654388e-07 1.29577653e-03 2.48915399e-03 6.96589187e-03 2.38035748e-02 2.57577039e-02 1.26430548e-02 4.40877519e-03 1.33349614e-02 1.61487919e-02 1.46200097e-02
3.24324324e-02 -2.92799519e-02 -3.73048318e-03 -3.73047552e-03 5.48743348e+01 9.92461170e+01 1.08021875e+02 1.47898029e+02 1.65198899e+02 1.72355653e+02 2.17470743e+02 2.64511185e+02 3.14307636e+02 3.69125444e+02 1.94228406e-14 1.85652423e-06 8.00888185e-06 9.99840764e-01 4.84213683e-16 9.92180870e-01 7.54635395e-01 5.00354584e-06 8.00467157e-01 9.41650460e-01 9.72335623e-01 9.89788051e-01 9.96920648e-01 7.34359308e-07 5.81654779e-07 5.81654423e-07 1.30225427e-03 2.48915399e-03 7.00658664e-03 2.38129343e-02 2.57577039e-02 1.26225979e-02 4.42389793e-03 1.33697042e-02 1.61492086e-02 1.45973102e-02
3.25825826e-02 -2.92799521e-02 -3.73048414e-03 -3.73048141e-03 5.48724817e+01 9.92461170e+01 1.07999061e+02 1.47795129e+02 1.65198899e+02 1.72374669e+02 2.17446084e+02 2.64420561e+02 3.14213709e+02 3.69064939e+02 2.19844336e-15 5.82478208e-06 5.85560039e-06 9.99839176e-01 3.71377661e-16 9.92091893e-01 7.55346065e-01 4.98048803e-06 8.00921077e-01 9.41048039e-01 9.72099576e-01 9.89767487e-01 9.96927465e-01 7.34359308e-07 5.81655001e-07 5.81654201e-07 1.30873848e-03 2.48915399e-03 7.04738494e-03 2.38220160e-02 2.57577039e-02 1.26021878e-02 4.43893124e-03 1.34039518e-02 1.61489946e-02 1.45743636e-02
3.27327327e-02 -2.92799520e-02 -3.73048769e-03 -3.73048366e-03 5.48706188e+01 9.92461170e+01 1.07976078e+02 1.47692148e+02 1.65198899e+02 1.72393596e+02 2.17421344e+02 2.64329818e+02 3.14120175e+02 3.69004889e+02 7.35760855e-15 7.82931089e-06 2.74739915e-06 9.99837579e-01 1.14157268e-15 9.92002222e-01 7.56059612e-01 4.95764175e-06 8.01374394e-01 9.40442149e-01 9.71863725e-01 9.89747749e-01 9.96934405e-01 7.34359308e-07 5.81654850e-07 5.81654352e-07 1.31522917e-03 2.48915399e-03 7.08828674e-03 2.38308184e-02 2.57577039e-02 1.25818246e-02 4.45387457e-03 1.34377030e-02 1.61481576e-02 1.45511770e-02
3.28828829e-02 -2.92799521e-02 -3.73048677e-03 -3.73048025e-03 5.48687458e+01 9.92461170e+01 1.07952927e+02 1.47589087e+02 1.65198899e+02 1.72412436e+02 2.17396523e+02 2.64238962e+02 3.14027037e+02 3.68945293e+02 2.22260359e-14 7.14142958e-08 8.33512311e-06 9.99835972e-01 7.87234865e-16 9.91911855e-01 7.56775995e-01 4.93500412e-06 8.01827104e-01 9.39832795e-01 9.71628099e-01 9.89728833e-01 9.96941463e-01 7.34359308e-07 5.81654610e-07 5.81654592e-07 1.32172639e-03 2.48915399e-03 7.12929202e-03 2.38393401e-02 2.57577039e-02 1.25615081e-02 4.46872737e-03 1.34709569e-02 1.61467055e-02 1.45277572e-02
3.30330330e-02 -2.92799523e-02 -3.73049017e-03 -3.73048282e-03 5.48668630e+01 9.92461170e+01 1.07929605e+02 1.47485951e+02 1.65198899e+02 1.72431188e+02 2.17371621e+02 2.64147997e+02 3.13934298e+02 3.68886147e+02 3.98546379e-14 8.27775794e-06 1.26256258e-06 9.99834355e-01 1.74962656e-15 9.91820789e-01 7.57495176e-01 4.91257228e-06 8.02279200e-01 9.39219979e-01 9.71392730e-01 9.89710736e-01 9.96948637e-01 7.34359308e-07 5.81654719e-07 5.81654483e-07 1.32823018e-03 2.48915399e-03 7.17040071e-03 2.38475796e-02 2.57577039e-02 1.25412382e-02 4.48348912e-03 1.35037124e-02 1.61446461e-02 1.45041112e-02
3.31831832e-02 -2.92799523e-02 -3.73048373e-03 -3.73048179e-03 5.48649701e+01 9.92461170e+01 1.07906113e+02 1.47382741e+02 1.65198899e+02 1.72449854e+02 2.17346639e+02 2.64056930e+02 3.13841963e+02 3.68827449e+02 5.26428105e-15 6.47370307e-06 5.37078861e-06 9.99832729e-01 7.58167855e-16 9.91729021e-01 7.58217114e-01 4.89034345e-06 8.02730677e-01 9.38603704e-01 9.71157649e-01 9.89693451e-01 9.96955923e-01 7.34359308e-07 5.81654994e-07 5.81654208e-07 1.33474056e-03 2.48915399e-03 7.21161276e-03 2.38555354e-02 2.57577039e-02 1.25210148e-02 4.49815926e-03 1.35359687e-02 1.61419872e-02 1.44802456e-02
3.33333333e-02 -2.92799522e-02 -3.73048488e-03 -3.73048056e-03 5.48630672e+01 9.92461170e+01 1.07882449e+02 1.47279461e+02 1.65198899e+02 1.72468433e+02 2.17321578e+02 2.63965767e+02 3.13750034e+02 3.68769197e+02 3.17587571e-15 7.82284413e-06 3.19359823e-06 9.99831094e-01 5.39344746e-16 9.91636549e-01 7.58941770e-01 4.86831487e-06 8.03181531e-01 9.37983973e-01 9.70922886e-01 9.89676976e-01 9.96963317e-01 7.34359308e-07 5.81654880e-07 5.81654322e-07 1.34125757e-03 2.48915399e-03 7.25292807e-03 2.38632060e-02 2.57577039e-02 1.25008378e-02 4.51273729e-03 1.35677252e-02 1.61387366e-02 1.44561672e-02
3.34834835e-02 -2.92799522e-02 -3.73048675e-03 -3.73048161e-03 5.48611543e+01 9.92461170e+01 1.07858612e+02 1.47176115e+02 1.65198899e+02 1.72486926e+02 2.17296438e+02 2.63874511e+02 3.13658515e+02 3.68711388e+02 2.27700801e-14 7.05226791e-06 4.72293688e-06 9.99829448e-01 1.87412611e-15 9.91543370e-01 7.59669104e-01 4.84648387e-06 8.03631755e-01 9.37360791e-01 9.70688473e-01 9.89661305e-01 9.96970817e-01 7.34359308e-07 5.81654971e-07 5.81654231e-07 1.34778125e-03 2.48915399e-03 7.29434655e-03 2.38705901e-02 2.57577039e-02 1.24807071e-02 4.52722266e-03 1.35989811e-02 1.61349024e-02 1.44318823e-02
3.36336336e-02 -2.92799521e-02 -3.73048524e-03 -3.73048282e-03 5.48592313e+01 9.92461170e+01 1.07834601e+02 1.47072704e+02 1.65198899e+02 1.72505334e+02 2.17271220e+02 2.63783170e+02 3.13567408e+02 3.68654020e+02 3.30798197e-14 8.39743050e-06 1.47354310e-06 9.99827793e-01 1.25351387e-15 9.91449482e-01 7.60399077e-01 4.82484778e-06 8.04081346e-01 9.36734162e-01 9.70454439e-01 9.89646433e-01 9.96978420e-01 7.34359308e-07 5.81654736e-07 5.81654466e-07 1.35431162e-03 2.48915399e-03 7.33586808e-03 2.38776861e-02 2.57577039e-02 1.24606227e-02 4.54161487e-03 1.36297359e-02 1.61304922e-02 1.44073974e-02
3.37837838e-02 -2.92799520e-02 -3.73048601e-03 -3.73048129e-03 5.48572983e+01 9.92461170e+01 1.07810416e+02 1.46969233e+02 1.65198899e+02 1.72523656e+02 2.17245924e+02 2.63691749e+02 3.13476717e+02 3.68597090e+02 5.25628596e-14 6.66386404e-06 5.37880419e-06 9.99826129e-01 9.40431190e-16 9.91354883e-01 7.61131647e-01 4.80340401e-06 8.04530298e-01 9.36104089e-01 9.70220817e-01 9.89632355e-01 9.96986122e-01 7.34359308e-07 5.81654992e-07 5.81654210e-07 1.36084873e-03 2.48915399e-03 7.37749253e-03 2.38844928e-02 2.57577039e-02 1.24405844e-02 4.55591340e-03 1.36599892e-02 1.61255141e-02 1.43827188e-02
3.39339339e-02 -2.92799521e-02 -3.73048646e-03 -3.73048180e-03 5.48553552e+01 9.92461170e+01 1.07786055e+02 1.46865704e+02 1.65198899e+02 1.72541894e+02 2.17220552e+02 2.63600253e+02 3.13386445e+02 3.68540596e+02 8.71747063e-14 4.24134717e-06 7.48351121e-06 9.99824454e-01 5.79269949e-16 9.91259570e-01 7.61866776e-01 4.78215001e-06 8.04978605e-01 9.35470578e-01 9.69987636e-01 9.89619065e-01 9.96993920e-01 7.34359308e-07 5.81654945e-07 5.81654256e-07 1.36739261e-03 2.48915399e-03 7.41921975e-03 2.38910086e-02 2.57577039e-02 1.24205921e-02 4.57011773e-03 1.36897404e-02 1.61199760e-02 1.43578527e-02
3.40840841e-02 -2.92799523e-02 -3.73048866e-03 -3.73048399e-03 5.48534020e+01 9.92461170e+01 1.07761518e+02 1.46762121e+02 1.65198899e+02 1.72560048e+02 2.17195104e+02 2.63508688e+02 3.13296594e+02 3.68484535e+02 8.66578357e-14 8.40552796e-06 1.99882725e-06 9.99822770e-01 6.52106553e-16 9.91163541e-01 7.62604422e-01 4.76108327e-06 8.05426264e-01 9.34833633e-01 9.69754927e-01 9.89606558e-01 9.97001812e-01 7.34359308e-07 5.81654780e-07 5.81654422e-07 1.37394329e-03 2.48915399e-03 7.46104958e-03 2.38972323e-02 2.57577039e-02 1.24006458e-02 4.58422737e-03 1.37189894e-02 1.61138857e-02 1.43328052e-02
3.42342342e-02 -2.92799522e-02 -3.73048421e-03 -3.73048199e-03 5.48514386e+01 9.92461170e+01 1.07736803e+02 1.46658486e+02 1.65198899e+02 1.72578117e+02 2.17169581e+02 2.63417059e+02 3.13207166e+02 3.68428904e+02 6.87125996e-14 7.18023010e-06 4.87356630e-06 9.99821076e-01 3.67065201e-16 9.91066793e-01 7.63344547e-01 4.74020132e-06 8.05873270e-01 9.34193258e-01 9.69522720e-01 9.89594829e-01 9.97009793e-01 7.34359308e-07 5.81654972e-07 5.81654229e-07 1.38050081e-03 2.48915399e-03 7.50298184e-03 2.39031625e-02 2.57577039e-02 1.23807453e-02 4.59824182e-03 1.37477360e-02 1.61072511e-02 1.43075822e-02
3.43843844e-02 -2.92799521e-02 -3.73048425e-03 -3.73047958e-03 5.48494651e+01 9.92461170e+01 1.07711910e+02 1.46554804e+02 1.65198899e+02 1.72596104e+02 2.17143983e+02 2.63325372e+02 3.13118165e+02 3.68373701e+02 4.07675696e-14 4.60289687e-06 7.40153583e-06 9.99819373e-01 1.84171506e-15 9.90969325e-01 7.64087110e-01 4.71950176e-06 8.06319618e-01 9.33549461e-01 9.69291046e-01 9.89583870e-01 9.97017862e-01 7.34359308e-07 5.81654961e-07 5.81654241e-07 1.38706519e-03 2.48915399e-03 7.54501631e-03 2.39087979e-02 2.57577039e-02 1.23608905e-02 4.61216058e-03 1.37759801e-02 1.61000802e-02 1.42821896e-02
3.45345345e-02 -2.92799520e-02 -3.73048448e-03 -3.73048202e-03 5.48474814e+01 9.92461170e+01 1.07686838e+02 1.46451076e+02 1.65198899e+02 1.72614007e+02 2.17118311e+02 2.63233632e+02 3.13029592e+02 3.68318924e+02 5.93465933e-14 4.85581346e-06 7.28391411e-06 9.99817659e-01 6.66887904e-16 9.90871134e-01 7.64832071e-01 4.69898218e-06 8.06765303e-01 9.32902245e-01 9.69059935e-01 9.89573676e-01 9.97026016e-01 7.34359308e-07 5.81654971e-07 5.81654231e-07 1.39363649e-03 2.48915399e-03 7.58715279e-03 2.39141370e-02 2.57577039e-02 1.23410814e-02 4.62598317e-03 1.38037216e-02 1.60923809e-02 1.42566332e-02
3.46846847e-02 -2.92799521e-02 -3.73048468e-03 -3.73048333e-03 5.48454875e+01 9.92461170e+01 1.07661585e+02 1.46347306e+02 1.65198899e+02 1.72631828e+02 2.17092565e+02 2.63141846e+02 3.12941450e+02 3.68264569e+02 2.74669456e-14 5.34141457e-06 6.98365618e-06 9.99815936e-01 1.99860077e-15 9.90772219e-01 7.65579390e-01 4.67864027e-06 8.07210320e-01 9.32251618e-01 9.68829417e-01 9.89564241e-01 9.97034250e-01 7.34359308e-07 5.81654988e-07 5.81654214e-07 1.40021472e-03 2.48915399e-03 7.62939105e-03 2.39191786e-02 2.57577039e-02 1.23213179e-02 4.63970910e-03 1.38309607e-02 1.60841610e-02 1.42309186e-02
3.48348348e-02 -2.92799521e-02 -3.73048632e-03 -3.73048517e-03 5.48434834e+01 9.92461170e+01 1.07636151e+02 1.46243497e+02 1.65198899e+02 1.72649566e+02 2.17066747e+02 2.63050017e+02 3.12853740e+02 3.68210634e+02 2.16241848e-14 7.52797526e-06 4.61546132e-06 9.99814202e-01 7.41766836e-16 9.90672577e-01 7.66329026e-01 4.65847371e-06 8.07654666e-01 9.31597585e-01 9.68599522e-01 9.89555558e-01 9.97042564e-01 7.34359308e-07 5.81654957e-07 5.81654245e-07 1.40679994e-03 2.48915399e-03 7.67173081e-03 2.39239214e-02 2.57577039e-02 1.23015998e-02 4.65333790e-03 1.38576975e-02 1.60754285e-02 1.42050514e-02
3.49849850e-02 -2.92799521e-02 -3.73048660e-03 -3.73048225e-03 5.48414691e+01 9.92461170e+01 1.07610535e+02 1.46139653e+02 1.65198899e+02 1.72667223e+02 2.17040856e+02 2.62958153e+02 3.12766465e+02 3.68157116e+02 1.17008393e-14 4.65060199e-06 7.55105454e-06 9.99812459e-01 7.88331012e-16 9.90572207e-01 7.67080940e-01 4.63848027e-06 8.08098336e-01 9.30940152e-01 9.68370279e-01 9.89547620e-01 9.97050953e-01 7.34359308e-07 5.81654959e-07 5.81654243e-07 1.41339216e-03 2.48915399e-03 7.71417182e-03 2.39283642e-02 2.57577039e-02 1.22819270e-02 4.66686910e-03 1.38839322e-02 1.60661912e-02 1.41790372e-02
3.51351351e-02 -2.92799522e-02 -3.73048567e-03 -3.73048241e-03 5.48394445e+01 9.92461170e+01 1.07584736e+02 1.46035777e+02 1.65198899e+02 1.72684799e+02 2.17014895e+02 2.62866258e+02 3.12679627e+02 3.68104013e+02 2.23464918e-14 7.16771721e-06 5.28648083e-06 9.99810706e-01 1.34971618e-15 9.90471106e-01 7.67835091e-01 4.61865770e-06 8.08541326e-01 9.30279327e-01 9.68141719e-01 9.89540421e-01 9.97059416e-01 7.34359308e-07 5.81654983e-07 5.81654219e-07 1.41999143e-03 2.48915399e-03 7.75671378e-03 2.39325056e-02 2.57577039e-02 1.22622995e-02 4.68030223e-03 1.39096653e-02 1.60564569e-02 1.41528811e-02
3.52852853e-02 -2.92799523e-02 -3.73049054e-03 -3.73048360e-03 5.48374096e+01 9.92461170e+01 1.07558753e+02 1.45931871e+02 1.65198899e+02 1.72702294e+02 2.16988863e+02 2.62774337e+02 3.12593228e+02 3.68051321e+02 7.95061045e-14 8.90074186e-06 8.82761242e-07 9.99808942e-01 5.47114528e-16 9.90369273e-01 7.68591439e-01 4.59900384e-06 8.08983630e-01 9.29615116e-01 9.67913871e-01 9.89533954e-01 9.97067950e-01 7.34359308e-07 5.81654521e-07 5.81654681e-07 1.42659778e-03 2.48915399e-03 7.79935639e-03 2.39363444e-02 2.57577039e-02 1.22427172e-02 4.69363684e-03 1.39348972e-02 1.60462334e-02 1.41265886e-02
3.54354354e-02 -2.92799523e-02 -3.73048536e-03 -3.73048081e-03 5.48353644e+01 9.92461170e+01 1.07532584e+02 1.45827940e+02 1.65198899e+02 1.72719708e+02 2.16962761e+02 2.62682396e+02 3.12507268e+02 3.67999039e+02 2.44310612e-14 7.61879342e-06 4.75802277e-06 9.99807169e-01 2.93906292e-15 9.90266706e-01 7.69349943e-01 4.57951654e-06 8.09425246e-01 9.28947527e-01 9.67686764e-01 9.89528211e-01 9.97076551e-01 7.34359308e-07 5.81654960e-07 5.81654242e-07 1.43321124e-03 2.48915399e-03 7.84209930e-03 2.39398795e-02 2.57577039e-02 1.22231799e-02 4.70687248e-03 1.39596283e-02 1.60355287e-02 1.41001647e-02
3.55855856e-02 -2.92799521e-02 -3.73048450e-03 -3.73048201e-03 5.48333089e+01 9.92461170e+01 1.07506230e+02 1.45723987e+02 1.65198899e+02 1.72737042e+02 2.16936590e+02 2.62590441e+02 3.12421751e+02 3.67947163e+02 7.66827667e-15 6.26886254e-06 6.48624502e-06 9.99805385e-01 8.53828623e-16 9.90163404e-01 7.70110565e-01 4.56019368e-06 8.09866169e-01 9.28276567e-01 9.67460428e-01 9.89523186e-01 9.97085218e-01 7.34359308e-07 5.81655001e-07 5.81654201e-07 1.43983186e-03 2.48915399e-03 7.88494217e-03 2.39431095e-02 2.57577039e-02 1.22036876e-02 4.72000870e-03 1.39838594e-02 1.60243504e-02 1.40736147e-02
3.57357357e-02 -2.92799520e-02 -3.73048514e-03 -3.73047836e-03 5.48312430e+01 9.92461170e+01 1.07479688e+02 1.45620014e+02 1.65198899e+02 1.72754296e+02 2.16910350e+02 2.62498476e+02 3.12336676e+02 3.67895690e+02 1.23825474e-14 2.01488547e-06 8.83166824e-06 9.99803592e-01 7.61258059e-16 9.90059365e-01 7.70873263e-01 4.54103320e-06 8.10306395e-01 9.27602244e-01 9.67234890e-01 9.89518870e-01 9.97093947e-01 7.34359308e-07 5.81654776e-07 5.81654426e-07 1.44645966e-03 2.48915399e-03 7.92788463e-03 2.39460333e-02 2.57577039e-02 1.21842402e-02 4.73304506e-03 1.40075910e-02 1.60127063e-02 1.40469433e-02
3.58858859e-02 -2.92799523e-02 -3.73048617e-03 -3.73048096e-03 5.48291667e+01 9.92461170e+01 1.07452959e+02 1.45516025e+02 1.65198899e+02 1.72771472e+02 2.16884042e+02 2.62406508e+02 3.12252046e+02 3.67844619e+02 1.65894558e-14 7.20152812e-06 5.55761935e-06 9.99801788e-01 1.02738169e-15 9.89954587e-01 7.71637998e-01 4.52203306e-06 8.10745919e-01 9.26924567e-01 9.67010180e-01 9.89515258e-01 9.97102737e-01 7.34359308e-07 5.81654988e-07 5.81654214e-07 1.45309469e-03 2.48915399e-03 7.97092629e-03 2.39486498e-02 2.57577039e-02 1.21648375e-02 4.74598114e-03 1.40308240e-02 1.60006042e-02 1.40201556e-02
3.60360360e-02 -2.92799521e-02 -3.73048405e-03 -3.73048182e-03 5.48270801e+01 9.92461170e+01 1.07426040e+02 1.45412024e+02 1.65198899e+02 1.72788568e+02 2.16857668e+02 2.62314541e+02 3.12167861e+02 3.67793946e+02 4.00266555e-14 2.46873434e-06 8.79479397e-06 9.99799974e-01 5.56603972e-16 9.89849069e-01 7.72404728e-01 4.50319126e-06 8.11184739e-01 9.26243543e-01 9.66786327e-01 9.89512340e-01 9.97111585e-01 7.34359308e-07 5.81654811e-07 5.81654391e-07 1.45973697e-03 2.48915399e-03 8.01406675e-03 2.39509577e-02 2.57577039e-02 1.21454795e-02 4.75881650e-03 1.40535593e-02 1.59880517e-02 1.39932562e-02
3.61861862e-02 -2.92799521e-02 -3.73048688e-03 -3.73048442e-03 5.48249830e+01 9.92461170e+01 1.07398932e+02 1.45308013e+02 1.65198899e+02 1.72805586e+02 2.16831227e+02 2.62222580e+02 3.12084123e+02 3.67743668e+02 4.72113876e-14 7.79676957e-06 4.83220881e-06 9.99798150e-01 1.31675545e-15 9.89742811e-01 7.73173415e-01 4.48450582e-06 8.11622850e-01 9.25559181e-01 9.66563358e-01 9.89510110e-01 9.97120489e-01 7.34359308e-07 5.81654959e-07 5.81654243e-07 1.46638654e-03 2.48915399e-03 8.05730556e-03 2.39529560e-02 2.57577039e-02 1.21261661e-02 4.77155072e-03 1.40757977e-02 1.59750565e-02 1.39662500e-02
3.63363363e-02 -2.92799519e-02 -3.73048529e-03 -3.73048237e-03 5.48228755e+01 9.92461170e+01 1.07371632e+02 1.45203996e+02 1.65198899e+02 1.72822526e+02 2.16804720e+02 2.62130631e+02 3.12000834e+02 3.67693783e+02 3.89700456e-14 8.11195838e-06 4.36299136e-06 9.99796315e-01 2.12362791e-15 9.89635810e-01 7.73944018e-01 4.46597480e-06 8.12060248e-01 9.24871490e-01 9.66341301e-01 9.89508559e-01 9.97129445e-01 7.34359308e-07 5.81654934e-07 5.81654268e-07 1.47304344e-03 2.48915399e-03 8.10064227e-03 2.39546435e-02 2.57577039e-02 1.21068972e-02 4.78418340e-03 1.40975403e-02 1.59616262e-02 1.39391415e-02
3.64864865e-02 -2.92799522e-02 -3.73048864e-03 -3.73048336e-03 5.48207576e+01 9.92461170e+01 1.07344141e+02 1.45099977e+02 1.65198899e+02 1.72839388e+02 2.16778149e+02 2.62038699e+02 3.11917992e+02 3.67644288e+02 1.25546453e-14 9.06303443e-06 1.84487705e-06 9.99794470e-01 1.19946320e-15 9.89528065e-01 7.74716497e-01 4.44759631e-06 8.12496929e-01 9.24180480e-01 9.66120185e-01 9.89507680e-01 9.97138453e-01 7.34359308e-07 5.81654756e-07 5.81654446e-07 1.47970770e-03 2.48915399e-03 8.14407642e-03 2.39560191e-02 2.57577039e-02 1.20876726e-02 4.79671414e-03 1.41187883e-02 1.59477685e-02 1.39119352e-02
3.66366366e-02 -2.92799521e-02 -3.73048727e-03 -3.73048185e-03 5.48186291e+01 9.92461170e+01 1.07316457e+02 1.44995958e+02 1.65198899e+02 1.72856173e+02 2.16751513e+02 2.61946790e+02 3.11835601e+02 3.67595179e+02 1.57489404e-14 8.79252309e-06 2.98984975e-06 9.99792615e-01 9.19524706e-16 9.89419576e-01 7.75490811e-01 4.42936845e-06 8.12932891e-01 9.23486160e-01 9.65900036e-01 9.89507465e-01 9.97147509e-01 7.34359308e-07 5.81654844e-07 5.81654358e-07 1.48637937e-03 2.48915399e-03 8.18760751e-03 2.39570818e-02 2.57577039e-02 1.20684923e-02 4.80914253e-03 1.41395428e-02 1.59334908e-02 1.38846356e-02
3.67867868e-02 -2.92799523e-02 -3.73048515e-03 -3.73048135e-03 5.48164902e+01 9.92461170e+01 1.07288579e+02 1.44891943e+02 1.65198899e+02 1.72872881e+02 2.16724814e+02 2.61854908e+02 3.11753660e+02 3.67546456e+02 2.08171251e-14 7.72132840e-06 5.22849388e-06 9.99790750e-01 1.68417463e-15 9.89310342e-01 7.76266922e-01 4.41128940e-06 8.13368129e-01 9.22788539e-01 9.65680883e-01 9.89507906e-01 9.97156611e-01 7.34359308e-07 5.81654972e-07 5.81654230e-07 1.49305846e-03 2.48915399e-03 8.23123502e-03 2.39578304e-02 2.57577039e-02 1.20493562e-02 4.82146818e-03 1.41598050e-02 1.59188007e-02 1.38572470e-02
3.69369369e-02 -2.92799522e-02 -3.73048624e-03 -3.73047820e-03 5.48143407e+01 9.92461170e+01 1.07260506e+02 1.44787935e+02 1.65198899e+02 1.72889513e+02 2.16698053e+02 2.61763058e+02 3.11672170e+02 3.67498113e+02 2.58753703e-14 2.56678529e-06 9.00438604e-06 9.99788874e-01 5.32943764e-16 9.89200361e-01 7.77044789e-01 4.39335733e-06 8.13802639e-01 9.22087628e-01 9.65462751e-01 9.89508994e-01 9.97165758e-01 7.34359308e-07 5.81654814e-07 5.81654388e-07 1.49974503e-03 2.48915399e-03 8.27495841e-03 2.39582640e-02 2.57577039e-02 1.20302642e-02 4.83369072e-03 1.41795764e-02 1.59037056e-02 1.38297737e-02
3.70870871e-02 -2.92799520e-02 -3.73048648e-03 -3.73048260e-03 5.48121806e+01 9.92461170e+01 1.07232238e+02 1.44683938e+02 1.65198899e+02 1.72906068e+02 2.16671229e+02 2.61671245e+02 3.11591132e+02 3.67450150e+02 8.90321125e-15 6.04725557e-06 7.19807239e-06 9.99786987e-01 9.98334638e-16 9.89089633e-01 7.77824371e-01 4.37557046e-06 8.14236419e-01 9.21383437e-01 9.65245667e-01 9.89510722e-01 9.97174946e-01 7.34359308e-07 5.81654996e-07 5.81654206e-07 1.50643910e-03 2.48915399e-03 8.31877712e-03 2.39583816e-02 2.57577039e-02 1.20112162e-02 4.84580976e-03 1.41988583e-02 1.58882130e-02 1.38022198e-02
3.72372372e-02 -2.92799520e-02 -3.73048619e-03 -3.73048409e-03 5.48100100e+01 9.92461170e+01 1.07203772e+02 1.44579955e+02 1.65198899e+02 1.72922548e+02 2.16644344e+02 2.61579475e+02 3.11510546e+02 3.67402562e+02 3.63659074e-14 7.20396192e-06 6.09930876e-06 9.99785090e-01 1.25408553e-15 9.88978157e-01 7.78605631e-01 4.35792703e-06 8.14669465e-01 9.20675977e-01 9.65029658e-01 9.89513081e-01 9.97184175e-01 7.34359308e-07 5.81654996e-07 5.81654206e-07 1.51314071e-03 2.48915399e-03 8.36269057e-03 2.39581821e-02 2.57577039e-02 1.19922120e-02 4.85782495e-03 1.42176522e-02 1.58723302e-02 1.37745894e-02
3.73873874e-02 -2.92799521e-02 -3.73048488e-03 -3.73048055e-03 5.48078287e+01 9.92461170e+01 1.07175109e+02 1.44475989e+02 1.65198899e+02 1.72938952e+02 2.16617399e+02 2.61487753e+02 3.11430412e+02 3.67355348e+02 3.96025349e-15 8.23985696e-06 4.68224072e-06 9.99783183e-01 1.47299851e-15 9.88865934e-01 7.79388526e-01 4.34042531e-06 8.15101773e-01 9.19965258e-01 9.64814750e-01 9.89516064e-01 9.97193441e-01 7.34359308e-07 5.81654944e-07 5.81654258e-07 1.51984990e-03 2.48915399e-03 8.40669815e-03 2.39576645e-02 2.57577039e-02 1.19732516e-02 4.86973591e-03 1.42359598e-02 1.58560645e-02 1.37468866e-02
3.75375375e-02 -2.92799521e-02 -3.73048276e-03 -3.73047733e-03 5.48056369e+01 9.92461170e+01 1.07146247e+02 1.44372045e+02 1.65198899e+02 1.72955282e+02 2.16590394e+02 2.61396083e+02 3.11350732e+02 3.67308505e+02 5.39275488e-15 1.22269905e-06 9.43644590e-06 9.99781265e-01 1.11110218e-15 9.88752961e-01 7.80173018e-01 4.32306361e-06 8.15533340e-01 9.19251292e-01 9.64600969e-01 9.89519660e-01 9.97202743e-01 7.34359308e-07 5.81654705e-07 5.81654497e-07 1.52656670e-03 2.48915399e-03 8.45079922e-03 2.39568280e-02 2.57577039e-02 1.19543350e-02 4.88154230e-03 1.42537826e-02 1.58394233e-02 1.37191152e-02
3.76876877e-02 -2.92799520e-02 -3.73048558e-03 -3.73048218e-03 5.48034343e+01 9.92461170e+01 1.07117185e+02 1.44268124e+02 1.65198899e+02 1.72971537e+02 2.16563330e+02 2.61304470e+02 3.11271504e+02 3.67262029e+02 2.83521282e-14 5.12992711e-06 8.05922656e-06 9.99779336e-01 1.10825789e-15 9.88639240e-01 7.80959068e-01 4.30584025e-06 8.15964163e-01 9.18534090e-01 9.64388339e-01 9.89523864e-01 9.97212080e-01 7.34359308e-07 5.81654965e-07 5.81654237e-07 1.53329115e-03 2.48915399e-03 8.49499314e-03 2.39556715e-02 2.57577039e-02 1.19354619e-02 4.89324377e-03 1.42711224e-02 1.58224137e-02 1.36912791e-02
3.78378378e-02 -2.92799523e-02 -3.73048509e-03 -3.73048200e-03 5.48012211e+01 9.92461170e+01 1.07087923e+02 1.44164231e+02 1.65198899e+02 1.72987718e+02 2.16536208e+02 2.61212920e+02 3.11192730e+02 3.67215918e+02 3.70879428e-14 4.91095982e-06 8.23883709e-06 9.99777397e-01 5.47011214e-16 9.88524769e-01 7.81746634e-01 4.28875358e-06 8.16394239e-01 9.17813664e-01 9.64176886e-01 9.89528665e-01 9.97221448e-01 7.34359308e-07 5.81654954e-07 5.81654248e-07 1.54002329e-03 2.48915399e-03 8.53927923e-03 2.39541942e-02 2.57577039e-02 1.19166323e-02 4.90483998e-03 1.42879809e-02 1.58050429e-02 1.36633820e-02
3.79879880e-02 -2.92799521e-02 -3.73048336e-03 -3.73048038e-03 5.47989972e+01 9.92461170e+01 1.07058458e+02 1.44060369e+02 1.65198899e+02 1.73003825e+02 2.16509028e+02 2.61121437e+02 3.11114409e+02 3.67170169e+02 3.47293099e-14 4.58899721e-06 8.46573345e-06 9.99775447e-01 3.14217732e-15 9.88409549e-01 7.82535679e-01 4.27180198e-06 8.16823564e-01 9.17090025e-01 9.63966636e-01 9.89534055e-01 9.97230846e-01 7.34359308e-07 5.81654938e-07 5.81654264e-07 1.54676314e-03 2.48915399e-03 8.58365678e-03 2.39523951e-02 2.57577039e-02 1.18978461e-02 4.91633062e-03 1.43043600e-02 1.57873181e-02 1.36354277e-02
3.81381381e-02 -2.92799522e-02 -3.73048651e-03 -3.73048042e-03 5.47967626e+01 9.92461170e+01 1.07028791e+02 1.43956541e+02 1.65198899e+02 1.73019858e+02 2.16481792e+02 2.61030026e+02 3.11036541e+02 3.67124780e+02 7.51947771e-15 2.02574418e-06 9.45295570e-06 9.99773486e-01 5.81447858e-16 9.88293580e-01 7.83326162e-01 4.25498387e-06 8.17252136e-01 9.16363187e-01 9.63757611e-01 9.89540026e-01 9.97240273e-01 7.34359308e-07 5.81654767e-07 5.81654435e-07 1.55351075e-03 2.48915399e-03 8.62812508e-03 2.39502735e-02 2.57577039e-02 1.18791032e-02 4.92771534e-03 1.43202617e-02 1.57692462e-02 1.36074197e-02
3.82882883e-02 -2.92799520e-02 -3.73048924e-03 -3.73048332e-03 5.47945172e+01 9.92461170e+01 1.06998921e+02 1.43852751e+02 1.65198899e+02 1.73035819e+02 2.16454500e+02 2.60938691e+02 3.10959127e+02 3.67079748e+02 1.03648758e-14 9.44159661e-06 2.24847377e-06 9.99771515e-01 5.19225992e-16 9.88176861e-01 7.84118044e-01 4.23829765e-06 8.17679951e-01 9.15633161e-01 9.63549837e-01 9.89546569e-01 9.97249725e-01 7.34359308e-07 5.81654780e-07 5.81654422e-07 1.56026616e-03 2.48915399e-03 8.67268336e-03 2.39478284e-02 2.57577039e-02 1.18604035e-02 4.93899386e-03 1.43356878e-02 1.57508343e-02 1.35793616e-02
3.84384384e-02 -2.92799522e-02 -3.73048464e-03 -3.73048192e-03 5.47922611e+01 9.92461170e+01 1.06968845e+02 1.43749003e+02 1.65198899e+02 1.73051707e+02 2.16427153e+02 2.60847438e+02 3.10882165e+02 3.67035070e+02 1.97444184e-14 7.16415435e-06 6.60413058e-06 9.99769532e-01 1.81896503e-15 9.88059393e-01 7.84911286e-01 4.22174180e-06 8.18107007e-01 9.14899960e-01 9.63343336e-01 9.89553676e-01 9.97259203e-01 7.34359308e-07 5.81655000e-07 5.81654202e-07 1.56702939e-03 2.48915399e-03 8.71733087e-03 2.39450591e-02 2.57577039e-02 1.18417469e-02 4.95016585e-03 1.43506406e-02 1.57320894e-02 1.35512568e-02
3.85885886e-02 -2.92799520e-02 -3.73048425e-03 -3.73047775e-03 5.47899941e+01 9.92461170e+01 1.06938564e+02 1.43645299e+02 1.65198899e+02 1.73067522e+02 2.16399751e+02 2.60756270e+02 3.10805657e+02 3.66990743e+02 5.31247785e-14 1.91536142e-06 9.59240343e-06 9.99767539e-01 6.68727136e-16 9.87941177e-01 7.85705847e-01 4.20531480e-06 8.18533300e-01 9.14163597e-01 9.63138133e-01 9.89561339e-01 9.97268703e-01 7.34359308e-07 5.81654756e-07 5.81654445e-07 1.57380049e-03 2.48915399e-03 8.76206679e-03 2.39419646e-02 2.57577039e-02 1.18231334e-02 4.96123102e-03 1.43651220e-02 1.57130183e-02 1.35231088e-02
3.87387387e-02 -2.92799519e-02 -3.73048708e-03 -3.73048400e-03 5.47877163e+01 9.92461170e+01 1.06908077e+02 1.43541643e+02 1.65198899e+02 1.73083266e+02 2.16372296e+02 2.60665194e+02 3.10729600e+02 3.66946764e+02 2.74243045e-14 5.92556472e-06 7.83048898e-06 9.99765535e-01 7.24989192e-16 9.87822213e-01 7.86501690e-01 4.18901513e-06 8.18958828e-01 9.13424086e-01 9.62934250e-01 9.89569548e-01 9.97278225e-01 7.34359308e-07 5.81654987e-07 5.81654215e-07 1.58057949e-03 2.48915399e-03 8.80689030e-03 2.39385443e-02 2.57577039e-02 1.18045627e-02 4.97218909e-03 1.43791342e-02 1.56936278e-02 1.34949207e-02
3.88888889e-02 -2.92799521e-02 -3.73048480e-03 -3.73048117e-03 5.47854277e+01 9.92461170e+01 1.06877381e+02 1.43438038e+02 1.65198899e+02 1.73098938e+02 2.16344788e+02 2.60574213e+02 3.10653996e+02 3.66903131e+02 2.88426165e-15 3.39141353e-06 9.25614112e-06 9.99763520e-01 4.41462081e-16 9.87702501e-01 7.87298775e-01 4.17284132e-06 8.19383588e-01 9.12681441e-01 9.62731710e-01 9.89578294e-01 9.97287766e-01 7.34359308e-07 5.81654861e-07 5.81654341e-07 1.58736643e-03 2.48915399e-03 8.85180055e-03 2.39347974e-02 2.57577039e-02 1.17860348e-02 4.98303977e-03 1.43926796e-02 1.56739247e-02 1.34666959e-02
3.90390390e-02 -2.92799520e-02 -3.73048676e-03 -3.73048299e-03 5.47831282e+01 9.92461170e+01 1.06846477e+02 1.43334489e+02 1.65198899e+02 1.73114539e+02 2.16317228e+02 2.60483331e+02 3.10578844e+02 3.66859842e+02 1.73771020e-15 9.05827420e-06 3.98464045e-06 9.99761494e-01 7.04908185e-16 9.87582043e-01 7.88097063e-01 4.15679193e-06 8.19807577e-01 9.11935674e-01 9.62530535e-01 9.89587571e-01 9.97297325e-01 7.34359308e-07 5.81654895e-07 5.81654307e-07 1.59416135e-03 2.48915399e-03 8.89679668e-03 2.39307232e-02 2.57577039e-02 1.17675496e-02 4.99378280e-03 1.44057604e-02 1.56539157e-02 1.34384376e-02
3.91891892e-02 -2.92799521e-02 -3.73048606e-03 -3.73048383e-03 5.47808178e+01 9.92461170e+01 1.06815364e+02 1.43230997e+02 1.65198899e+02 1.73130069e+02 2.16289617e+02 2.60392554e+02 3.10504143e+02 3.66816893e+02 4.96969295e-14 4.58085322e-07 9.92343704e-06 9.99759457e-01 3.34649971e-16 9.87460839e-01 7.88896515e-01 4.14086553e-06 8.20230793e-01 9.11186800e-01 9.62330747e-01 9.89597368e-01 9.97306900e-01 7.34359308e-07 5.81654566e-07 5.81654636e-07 1.60096427e-03 2.48915399e-03 8.94187776e-03 2.39263209e-02 2.57577039e-02 1.17491071e-02 5.00441791e-03 1.44183789e-02 1.56336075e-02 1.34101487e-02
3.93393393e-02 -2.92799520e-02 -3.73048332e-03 -3.73047802e-03 5.47784965e+01 9.92461170e+01 1.06784040e+02 1.43127568e+02 1.65198899e+02 1.73145528e+02 2.16261955e+02 2.60301885e+02 3.10429892e+02 3.66774281e+02 4.90044955e-14 3.35758722e-06 9.38981918e-06 9.99757409e-01 1.51738629e-15 9.87338889e-01 7.89697093e-01 4.12506070e-06 8.20653232e-01 9.10434834e-01 9.62132367e-01 9.89607677e-01 9.97316490e-01 7.34359308e-07 5.81654856e-07 5.81654346e-07 1.60777524e-03 2.48915399e-03 8.98704289e-03 2.39215898e-02 2.57577039e-02 1.17307070e-02 5.01494485e-03 1.44305376e-02 1.56130066e-02 1.33818324e-02
3.94894895e-02 -2.92799523e-02 -3.73048487e-03 -3.73047972e-03 5.47761642e+01 9.92461170e+01 1.06752504e+02 1.43024203e+02 1.65198899e+02 1.73160917e+02 2.16234244e+02 2.60211330e+02 3.10356091e+02 3.66732005e+02 3.02039138e-14 4.56820720e-06 8.90697074e-06 9.99755350e-01 1.13324392e-15 9.87216196e-01 7.90498756e-01 4.10937606e-06 8.21074893e-01 9.09679790e-01 9.61935417e-01 9.89618489e-01 9.97326094e-01 7.34359308e-07 5.81654927e-07 5.81654275e-07 1.61459430e-03 2.48915399e-03 9.03229110e-03 2.39165294e-02 2.57577039e-02 1.17123494e-02 5.02536337e-03 1.44422390e-02 1.55921195e-02 1.33534917e-02
3.96396396e-02 -2.92799522e-02 -3.73048700e-03 -3.73048208e-03 5.47738209e+01 9.92461170e+01 1.06720756e+02 1.42920908e+02 1.65198899e+02 1.73176237e+02 2.16206484e+02 2.60120891e+02 3.10282740e+02 3.66690061e+02 1.58014284e-14 9.21919067e-06 3.99657531e-06 9.99753280e-01 7.16132061e-16 9.87092761e-01 7.91301467e-01 4.09381024e-06 8.21495772e-01 9.08921683e-01 9.61739917e-01 9.89629797e-01 9.97335709e-01 7.34359308e-07 5.81654892e-07 5.81654310e-07 1.62142148e-03 2.48915399e-03 9.07762141e-03 2.39111390e-02 2.57577039e-02 1.16940341e-02 5.03567323e-03 1.44534855e-02 1.55709526e-02 1.33251293e-02
3.97897898e-02 -2.92799521e-02 -3.73048488e-03 -3.73048253e-03 5.47714667e+01 9.92461170e+01 1.06688795e+02 1.42817684e+02 1.65198899e+02 1.73191487e+02 2.16178676e+02 2.60030575e+02 3.10209836e+02 3.66648447e+02 8.23621194e-14 2.48887468e-06 9.77435097e-06 9.99751199e-01 1.41935794e-15 9.86968585e-01 7.92105188e-01 4.07836189e-06 8.21915868e-01 9.08160528e-01 9.61545888e-01 9.89641591e-01 9.97345334e-01 7.34359308e-07 5.81654794e-07 5.81654408e-07 1.62825681e-03 2.48915399e-03 9.12303282e-03 2.39054178e-02 2.57577039e-02 1.16757609e-02 5.04587422e-03 1.44642798e-02 1.55495124e-02 1.32967481e-02
3.99399399e-02 -2.92799521e-02 -3.73048323e-03 -3.73048009e-03 5.47691014e+01 9.92461170e+01 1.06656619e+02 1.42714536e+02 1.65198899e+02 1.73206668e+02 2.16150820e+02 2.59940385e+02 3.10137381e+02 3.66607159e+02 1.71327122e-14 5.24631696e-06 8.65897413e-06 9.99749106e-01 9.41010760e-16 9.86843669e-01 7.92909878e-01 4.06302971e-06 8.22335177e-01 9.07396340e-01 9.61353348e-01 9.89653863e-01 9.97354968e-01 7.34359308e-07 5.81654957e-07 5.81654245e-07 1.63510034e-03 2.48915399e-03 9.16852429e-03 2.38993655e-02 2.57577039e-02 1.16575300e-02 5.05596611e-03 1.44746245e-02 1.55278052e-02 1.32683510e-02
4.00900901e-02 -2.92799521e-02 -3.73048344e-03 -3.73048019e-03 5.47667250e+01 9.92461170e+01 1.06624228e+02 1.42611467e+02 1.65198899e+02 1.73221781e+02 2.16122918e+02 2.59850325e+02 3.10065372e+02 3.66566197e+02 1.41772036e-14 2.20622850e-06 9.91999841e-06 9.99747002e-01 6.21167904e-16 9.86718016e-01 7.93715501e-01 4.04781237e-06 8.22753698e-01 9.06629136e-01 9.61162319e-01 9.89666604e-01 9.97364610e-01 7.34359308e-07 5.81654772e-07 5.81654430e-07 1.64195210e-03 2.48915399e-03 9.21409477e-03 2.38929814e-02 2.57577039e-02 1.16393410e-02 5.06594868e-03 1.44845222e-02 1.55058371e-02 1.32399406e-02
4.02402402e-02 -2.92799521e-02 -3.73048519e-03 -3.73048256e-03 5.47643376e+01 9.92461170e+01 1.06591620e+02 1.42508480e+02 1.65198899e+02 1.73236825e+02 2.16094970e+02 2.59760399e+02 3.09993809e+02 3.66525556e+02 1.25394218e-14 9.89480344e-06 2.47824792e-06 9.99744887e-01 1.01759195e-15 9.86591626e-01 7.94522018e-01 4.03270859e-06 8.23171428e-01 9.05858931e-01 9.60972818e-01 9.89679805e-01 9.97374257e-01 7.34359308e-07 5.81654788e-07 5.81654414e-07 1.64881213e-03 2.48915399e-03 9.25974315e-03 2.38862649e-02 2.57577039e-02 1.16211940e-02 5.07582175e-03 1.44939758e-02 1.54836144e-02 1.32115195e-02
4.03903904e-02 -2.92799521e-02 -3.73048717e-03 -3.73048244e-03 5.47619390e+01 9.92461170e+01 1.06558795e+02 1.42405579e+02 1.65198899e+02 1.73251801e+02 2.16066977e+02 2.59670611e+02 3.09922691e+02 3.66485234e+02 3.70680924e-14 6.68032400e-06 7.75886924e-06 9.99742761e-01 1.10932480e-15 9.86464503e-01 7.95329391e-01 4.01771711e-06 8.23588365e-01 9.05085740e-01 9.60784865e-01 9.89693460e-01 9.97383910e-01 7.34359308e-07 5.81654997e-07 5.81654205e-07 1.65568046e-03 2.48915399e-03 9.30546834e-03 2.38792156e-02 2.57577039e-02 1.16030887e-02 5.08558511e-03 1.45029879e-02 1.54611431e-02 1.31830903e-02
4.05405405e-02 -2.92799521e-02 -3.73048482e-03 -3.73048253e-03 5.47595294e+01 9.92461170e+01 1.06525752e+02 1.42302767e+02 1.65198899e+02 1.73266709e+02 2.16038941e+02 2.59580966e+02 3.09852016e+02 3.66445229e+02 5.50223520e-15 4.35359589e-06 9.30880300e-06 9.99740623e-01 5.23027545e-16 9.86336649e-01 7.96137581e-01 4.00283667e-06 8.24004507e-01 9.04309581e-01 9.60598477e-01 9.89707558e-01 9.97393566e-01 7.34359308e-07 5.81654909e-07 5.81654292e-07 1.66255714e-03 2.48915399e-03 9.35126918e-03 2.38718330e-02 2.57577039e-02 1.15850252e-02 5.09523859e-03 1.45115614e-02 1.54384294e-02 1.31546556e-02
4.06906907e-02 -2.92799522e-02 -3.73048657e-03 -3.73048416e-03 5.47571085e+01 9.92461170e+01 1.06492489e+02 1.42200048e+02 1.65198899e+02 1.73281550e+02 2.16010860e+02 2.59491467e+02 3.09781784e+02 3.66405538e+02 3.95386966e-14 7.29393220e-06 7.29313998e-06 9.99738473e-01 4.87237843e-16 9.86208065e-01 7.96946550e-01 3.98806606e-06 8.24419851e-01 9.03530471e-01 9.60413673e-01 9.89722091e-01 9.97403224e-01 7.34359308e-07 5.81655001e-07 5.81654200e-07 1.66944219e-03 2.48915399e-03 9.39714450e-03 2.38641166e-02 2.57577039e-02 1.15670034e-02 5.10478201e-03 1.45196991e-02 1.54154791e-02 1.31262178e-02
4.08408408e-02 -2.92799521e-02 -3.73048374e-03 -3.73047966e-03 5.47546765e+01 9.92461170e+01 1.06459007e+02 1.42097425e+02 1.65198899e+02 1.73296324e+02 2.15982738e+02 2.59402119e+02 3.09711994e+02 3.66366158e+02 1.45370312e-14 3.88845788e-06 9.59467861e-06 9.99736312e-01 4.62080470e-16 9.86078754e-01 7.97756262e-01 3.97340405e-06 8.24834395e-01 9.02748425e-01 9.60230469e-01 9.89737052e-01 9.97412884e-01 7.34359308e-07 5.81654881e-07 5.81654321e-07 1.67633567e-03 2.48915399e-03 9.44309310e-03 2.38560660e-02 2.57577039e-02 1.15490231e-02 5.11421520e-03 1.45274041e-02 1.53922982e-02 1.30977794e-02
4.09909910e-02 -2.92799522e-02 -3.73048642e-03 -3.73048222e-03 5.47522332e+01 9.92461170e+01 1.06425303e+02 1.41994902e+02 1.65198899e+02 1.73311031e+02 2.15954573e+02 2.59312925e+02 3.09642644e+02 3.66327087e+02 7.75201229e-15 9.56676552e-06 4.05517961e-06 9.99734140e-01 1.41157855e-15 9.85948719e-01 7.98566676e-01 3.95884946e-06 8.25248138e-01 9.01963461e-01 9.60048883e-01 9.89752431e-01 9.97422543e-01 7.34359308e-07 5.81654887e-07 5.81654314e-07 1.68323759e-03 2.48915399e-03 9.48911376e-03 2.38476808e-02 2.57577039e-02 1.15310842e-02 5.12353802e-03 1.45346791e-02 1.53688925e-02 1.30693426e-02
4.11411411e-02 -2.92799522e-02 -3.73048615e-03 -3.73048401e-03 5.47497787e+01 9.92461170e+01 1.06391377e+02 1.41892481e+02 1.65198899e+02 1.73325672e+02 2.15926368e+02 2.59223889e+02 3.09573733e+02 3.66288322e+02 5.33876259e-14 9.78931485e-06 3.59572220e-06 9.99731956e-01 2.83304293e-15 9.85817962e-01 7.99377757e-01 3.94440110e-06 8.25661077e-01 9.01175597e-01 9.59868931e-01 9.89768221e-01 9.97432201e-01 7.34359308e-07 5.81654859e-07 5.81654343e-07 1.69014801e-03 2.48915399e-03 9.53520523e-03 2.38389605e-02 2.57577039e-02 1.15131866e-02 5.13275031e-03 1.45415273e-02 1.53452677e-02 1.30409097e-02
4.12912913e-02 -2.92799522e-02 -3.73048524e-03 -3.73048174e-03 5.47473130e+01 9.92461170e+01 1.06357229e+02 1.41790167e+02 1.65198899e+02 1.73340247e+02 2.15898123e+02 2.59135015e+02 3.09505259e+02 3.66249862e+02 5.98794291e-14 8.21771150e-06 6.48262584e-06 9.99729761e-01 1.87478466e-15 9.85686488e-01 8.00189467e-01 3.93005783e-06 8.26073210e-01 9.00384850e-01 9.59690629e-01 9.89784413e-01 9.97441856e-01 7.34359308e-07 5.81654990e-07 5.81654212e-07 1.69706695e-03 2.48915399e-03 9.58136621e-03 2.38299050e-02 2.57577039e-02 1.14953303e-02 5.14185193e-03 1.45479516e-02 1.53214295e-02 1.30124830e-02
4.14414414e-02 -2.92799523e-02 -3.73048362e-03 -3.73048001e-03 5.47448359e+01 9.92461170e+01 1.06322856e+02 1.41687962e+02 1.65198899e+02 1.73354757e+02 2.15869838e+02 2.59046307e+02 3.09437222e+02 3.66211702e+02 4.82099927e-14 4.23296107e-06 9.61433693e-06 9.99727554e-01 1.17500490e-15 9.85554298e-01 8.01001767e-01 3.91581849e-06 8.26484535e-01 8.99591237e-01 9.59513994e-01 9.89800999e-01 9.97451508e-01 7.34359308e-07 5.81654898e-07 5.81654304e-07 1.70399446e-03 2.48915399e-03 9.62759539e-03 2.38205138e-02 2.57577039e-02 1.14775151e-02 5.15084277e-03 1.45539551e-02 1.52973836e-02 1.29840648e-02
4.15915916e-02 -2.92799521e-02 -3.73048545e-03 -3.73048021e-03 5.47423475e+01 9.92461170e+01 1.06288259e+02 1.41585871e+02 1.65198899e+02 1.73369201e+02 2.15841515e+02 2.58957768e+02 3.09369620e+02 3.66173841e+02 4.45384730e-14 3.02128761e-06 1.01008102e-05 9.99725335e-01 6.73092569e-16 9.85421396e-01 8.01814621e-01 3.90168196e-06 8.26895051e-01 8.98794777e-01 9.59339039e-01 9.89817971e-01 9.97461156e-01 7.34359308e-07 5.81654822e-07 5.81654380e-07 1.71093057e-03 2.48915399e-03 9.67389144e-03 2.38107866e-02 2.57577039e-02 1.14597410e-02 5.15972269e-03 1.45595409e-02 1.52731355e-02 1.29556570e-02
4.17417417e-02 -2.92799521e-02 -3.73048693e-03 -3.73048424e-03 5.47398478e+01 9.92461170e+01 1.06253436e+02 1.41483896e+02 1.65198899e+02 1.73383580e+02 2.15813154e+02 2.58869402e+02 3.09302452e+02 3.66136276e+02 1.59786954e-14 9.59638182e-06 4.45735457e-06 9.99723104e-01 4.35666225e-16 9.85287786e-01 8.02627991e-01 3.88764713e-06 8.27304755e-01 8.97995488e-01 9.59165780e-01 9.89835321e-01 9.97470797e-01 7.34359308e-07 5.81654906e-07 5.81654296e-07 1.71787532e-03 2.48915399e-03 9.72025298e-03 2.38007232e-02 2.57577039e-02 1.14420078e-02 5.16849160e-03 1.45647122e-02 1.52486906e-02 1.29272618e-02
4.18918919e-02 -2.92799521e-02 -3.73048829e-03 -3.73048341e-03 5.47373367e+01 9.92461170e+01 1.06218386e+02 1.41382041e+02 1.65198899e+02 1.73397895e+02 2.15784756e+02 2.58781212e+02 3.09235715e+02 3.66099005e+02 1.27661349e-14 1.00454034e-05 3.44315689e-06 9.99720862e-01 3.16077272e-15 9.85153471e-01 8.03441840e-01 3.87371291e-06 8.27713646e-01 8.97193389e-01 9.58994231e-01 9.89853041e-01 9.97480432e-01 7.34359308e-07 5.81654845e-07 5.81654357e-07 1.72482875e-03 2.48915399e-03 9.76667862e-03 2.37903234e-02 2.57577039e-02 1.14243154e-02 5.17714938e-03 1.45694722e-02 1.52240544e-02 1.28988812e-02
4.20420420e-02 -2.92799522e-02 -3.73048460e-03 -3.73048215e-03 5.47348141e+01 9.92461170e+01 1.06183108e+02 1.41280310e+02 1.65198899e+02 1.73412145e+02 2.15756323e+02 2.58693202e+02 3.09169409e+02 3.66062026e+02 2.61796509e-14 3.04681129e-06 1.02123554e-05 9.99718608e-01 1.93241297e-15 9.85018456e-01 8.04256131e-01 3.85987822e-06 8.28121722e-01 8.96388498e-01 9.58824405e-01 9.89871122e-01 9.97490059e-01 7.34359308e-07 5.81654822e-07 5.81654380e-07 1.73179090e-03 2.48915399e-03 9.81316692e-03 2.37795869e-02 2.57577039e-02 1.14066638e-02 5.18569596e-03 1.45738239e-02 1.51992321e-02 1.28705172e-02
4.21921922e-02 -2.92799521e-02 -3.73048675e-03 -3.73048150e-03 5.47322801e+01 9.92461170e+01 1.06147602e+02 1.41178705e+02 1.65198899e+02 1.73426331e+02 2.15727854e+02 2.58605375e+02 3.09103533e+02 3.66025335e+02 1.90535248e-14 9.93819064e-06 3.95225633e-06 9.99716342e-01 1.22949486e-15 9.84882743e-01 8.05070827e-01 3.84614200e-06 8.28528982e-01 8.95580834e-01 9.58656318e-01 9.89889557e-01 9.97499678e-01 7.34359308e-07 5.81654875e-07 5.81654327e-07 1.73876180e-03 2.48915399e-03 9.85971644e-03 2.37685135e-02 2.57577039e-02 1.13890529e-02 5.19413125e-03 1.45777707e-02 1.51742291e-02 1.28421717e-02
4.23423423e-02 -2.92799521e-02 -3.73048454e-03 -3.73048017e-03 5.47297347e+01 9.92461170e+01 1.06111867e+02 1.41077230e+02 1.65198899e+02 1.73440453e+02 2.15699350e+02 2.58517736e+02 3.09038083e+02 3.65988931e+02 1.20224538e-14 7.19750439e-06 7.96237978e-06 9.99714064e-01 1.16007523e-15 9.84746338e-01 8.05885891e-01 3.83250320e-06 8.28935423e-01 8.94770416e-01 9.58489980e-01 9.89908339e-01 9.97509287e-01 7.34359308e-07 5.81655000e-07 5.81654202e-07 1.74574149e-03 2.48915399e-03 9.90632568e-03 2.37571032e-02 2.57577039e-02 1.13714825e-02 5.20245517e-03 1.45813159e-02 1.51490506e-02 1.28138466e-02
4.24924925e-02 -2.92799522e-02 -3.73048888e-03 -3.73048173e-03 5.47271778e+01 9.92461170e+01 1.06075902e+02 1.40975889e+02 1.65198899e+02 1.73454513e+02 2.15670813e+02 2.58430286e+02 3.08973060e+02 3.65952810e+02 4.20218933e-14 1.06201054e-05 1.79872644e-06 9.99711774e-01 2.09271171e-15 9.84609245e-01 8.06701287e-01 3.81896079e-06 8.29341044e-01 8.93957263e-01 9.58325406e-01 9.89927458e-01 9.97518885e-01 7.34359308e-07 5.81654731e-07 5.81654471e-07 1.75273001e-03 2.48915399e-03 9.95299313e-03 2.37453557e-02 2.57577039e-02 1.13539526e-02 5.21066766e-03 1.45844626e-02 1.51237016e-02 1.27855437e-02
4.26426426e-02 -2.92799522e-02 -3.73048463e-03 -3.73048390e-03 5.47246093e+01 9.92461170e+01 1.06039705e+02 1.40874685e+02 1.65198899e+02 1.73468509e+02 2.15642244e+02 2.58343030e+02 3.08908461e+02 3.65916971e+02 2.93154577e-14 6.78816632e-06 8.41214877e-06 9.99709472e-01 4.36760473e-16 9.84471468e-01 8.07516977e-01 3.80551374e-06 8.29745843e-01 8.93141396e-01 9.58162606e-01 9.89946908e-01 9.97528472e-01 7.34359308e-07 5.81654993e-07 5.81654209e-07 1.75972739e-03 2.48915399e-03 9.99971724e-03 2.37332710e-02 2.57577039e-02 1.13364631e-02 5.21876868e-03 1.45872143e-02 1.50981872e-02 1.27572649e-02
4.27927928e-02 -2.92799520e-02 -3.73048566e-03 -3.73048354e-03 5.47220293e+01 9.92461170e+01 1.06003277e+02 1.40773620e+02 1.65198899e+02 1.73482442e+02 2.15613642e+02 2.58255971e+02 3.08844284e+02 3.65881412e+02 2.17947159e-15 7.48460443e-06 7.85165176e-06 9.99707158e-01 8.89064313e-16 9.84333012e-01 8.08332925e-01 3.79216106e-06 8.30149820e-01 8.92322833e-01 9.58001594e-01 9.89966681e-01 9.97538047e-01 7.34359308e-07 5.81655001e-07 5.81654201e-07 1.76673369e-03 2.48915399e-03 1.00464965e-02 2.37208491e-02 2.57577039e-02 1.13190138e-02 5.22675818e-03 1.45895743e-02 1.50725123e-02 1.27290118e-02
4.29429429e-02 -2.92799521e-02 -3.73048520e-03 -3.73048313e-03 5.47194377e+01 9.92461170e+01 1.05966615e+02 1.40672700e+02 1.65198899e+02 1.73496313e+02 2.15585009e+02 2.58169111e+02 3.08780528e+02 3.65846129e+02 7.22269944e-14 1.92330082e-06 1.07142821e-05 9.99704832e-01 2.53767816e-15 9.84193883e-01 8.09149096e-01 3.77890175e-06 8.30552971e-01 8.91501596e-01 9.57842379e-01 9.89986770e-01 9.97547608e-01 7.34359308e-07 5.81654742e-07 5.81654460e-07 1.77374892e-03 2.48915399e-03 1.00933291e-02 2.37080899e-02 2.57577039e-02 1.13016047e-02 5.23463612e-03 1.45915460e-02 1.50466820e-02 1.27007861e-02
4.30930931e-02 -2.92799522e-02 -3.73048721e-03 -3.73048054e-03 5.47168345e+01 9.92461170e+01 1.05929720e+02 1.40571926e+02 1.65198899e+02 1.73510122e+02 2.15556345e+02 2.58082454e+02 3.08717192e+02 3.65811120e+02 3.06272244e-14 7.43973785e-06 7.99845680e-06 9.99702494e-01 1.26317763e-15 9.84054084e-01 8.09965452e-01 3.76573485e-06 8.30955297e-01 8.90677703e-01 9.57684972e-01 9.90007166e-01 9.97557156e-01 7.34359308e-07 5.81655000e-07 5.81654201e-07 1.78077313e-03 2.48915399e-03 1.01402137e-02 2.36949934e-02 2.57577039e-02 1.12842356e-02 5.24240247e-03 1.45931327e-02 1.50207009e-02 1.26725896e-02
4.32432432e-02 -2.92799520e-02 -3.73048619e-03 -3.73048268e-03 5.47142196e+01 9.92461170e+01 1.05892590e+02 1.40471302e+02 1.65198899e+02 1.73523870e+02 2.15527652e+02 2.57996004e+02 3.08654272e+02 3.65776384e+02 2.82379129e-14 6.96213216e-06 8.46680034e-06 9.99700143e-01 9.72804471e-16 9.83913622e-01 8.10781957e-01 3.75265938e-06 8.31356796e-01 8.89851175e-01 9.57529385e-01 9.90027863e-01 9.97566689e-01 7.34359308e-07 5.81654994e-07 5.81654208e-07 1.78780636e-03 2.48915399e-03 1.01871485e-02 2.36815596e-02 2.57577039e-02 1.12669066e-02 5.25005723e-03 1.45943379e-02 1.49945739e-02 1.26444237e-02
4.33933934e-02 -2.92799521e-02 -3.73048408e-03 -3.73047694e-03 5.47115931e+01 9.92461170e+01 1.05855225e+02 1.40370831e+02 1.65198899e+02 1.73537556e+02 2.15498931e+02 2.57909762e+02 3.08591768e+02 3.65741917e+02 3.63633916e-14 1.21832625e-06 1.09320425e-05 9.99697780e-01 6.03768776e-16 9.83772503e-01 8.11598575e-01 3.73967440e-06 8.31757465e-01 8.89022034e-01 9.57375627e-01 9.90048852e-01 9.97576206e-01 7.34359308e-07 5.81654691e-07 5.81654511e-07 1.79484865e-03 2.48915399e-03 1.02341317e-02 2.36677886e-02 2.57577039e-02 1.12496174e-02 5.25760039e-03 1.45951649e-02 1.49683057e-02 1.26162901e-02
4.35435435e-02 -2.92799522e-02 -3.73048782e-03 -3.73048275e-03 5.47089549e+01 9.92461170e+01 1.05817624e+02 1.40270517e+02 1.65198899e+02 1.73551180e+02 2.15470181e+02 2.57823733e+02 3.08529678e+02 3.65707718e+02 6.43016369e-14 9.59625126e-06 5.45386192e-06 9.99695406e-01 3.05086002e-15 9.83630731e-01 8.12415271e-01 3.72677897e-06 8.32157304e-01 8.88190298e-01 9.57223707e-01 9.90070127e-01 9.97585707e-01 7.34359308e-07 5.81654944e-07 5.81654258e-07 1.80190003e-03 2.48915399e-03 1.02811618e-02 2.36536805e-02 2.57577039e-02 1.12323680e-02 5.26503195e-03 1.45956173e-02 1.49419008e-02 1.25881904e-02
4.36936937e-02 -2.92799522e-02 -3.73048868e-03 -3.73048595e-03 5.47063050e+01 9.92461170e+01 1.05779785e+02 1.40170363e+02 1.65198899e+02 1.73564744e+02 2.15441404e+02 2.57737918e+02 3.08467999e+02 3.65673784e+02 2.11924711e-14 9.73950414e-06 5.27412371e-06 9.99693018e-01 8.07269110e-16 9.83488313e-01 8.13232008e-01 3.71397217e-06 8.32556312e-01 8.87355990e-01 9.57073634e-01 9.90091681e-01 9.97595191e-01 7.34359308e-07 5.81654935e-07 5.81654267e-07 1.80896055e-03 2.48915399e-03 1.03282368e-02 2.36392354e-02 2.57577039e-02 1.12151583e-02 5.27235191e-03 1.45956986e-02 1.49153639e-02 1.25601259e-02
4.38438438e-02 -2.92799520e-02 -3.73048766e-03 -3.73048283e-03 5.47036433e+01 9.92461170e+01 1.05741709e+02 1.40070373e+02 1.65198899e+02 1.73578248e+02 2.15412601e+02 2.57652321e+02 3.08406731e+02 3.65640113e+02 8.22987149e-15 1.06088512e-05 3.31227553e-06 9.99690618e-01 2.52116490e-15 9.83345255e-01 8.14048751e-01 3.70125309e-06 8.32954488e-01 8.86519131e-01 9.56925418e-01 9.90113506e-01 9.97604657e-01 7.34359308e-07 5.81654827e-07 5.81654375e-07 1.81603024e-03 2.48915399e-03 1.03753552e-02 2.36244535e-02 2.57577039e-02 1.11979882e-02 5.27956032e-03 1.45954121e-02 1.48886995e-02 1.25320981e-02
4.39939940e-02 -2.92799520e-02 -3.73049074e-03 -3.73048396e-03 5.47009698e+01 9.92461170e+01 1.05703394e+02 1.39970549e+02 1.65198899e+02 1.73591691e+02 2.15383773e+02 2.57566945e+02 3.08345870e+02 3.65606703e+02 1.19812603e-14 1.08249256e-05 2.68092280e-06 9.99688206e-01 9.46956751e-16 9.83201563e-01 8.14865464e-01 3.68862083e-06 8.33351829e-01 8.85679741e-01 9.56779065e-01 9.90135595e-01 9.97614104e-01 7.34359308e-07 5.81654786e-07 5.81654416e-07 1.82310914e-03 2.48915399e-03 1.04225150e-02 2.36093350e-02 2.57577039e-02 1.11808576e-02 5.28665718e-03 1.45947614e-02 1.48619118e-02 1.25041085e-02
4.41441441e-02 -2.92799521e-02 -3.73048528e-03 -3.73048198e-03 5.46982845e+01 9.92461170e+01 1.05664839e+02 1.39870895e+02 1.65198899e+02 1.73605074e+02 2.15354920e+02 2.57481792e+02 3.08285416e+02 3.65573551e+02 1.35516172e-14 8.48602054e-06 7.29411973e-06 9.99685782e-01 1.93767465e-15 9.83057244e-01 8.15682111e-01 3.67607450e-06 8.33748335e-01 8.84837843e-01 9.56634584e-01 9.90157942e-01 9.97623533e-01 7.34359308e-07 5.81654997e-07 5.81654205e-07 1.83019728e-03 2.48915399e-03 1.04697144e-02 2.35938801e-02 2.57577039e-02 1.11637664e-02 5.29364256e-03 1.45937501e-02 1.48350054e-02 1.24761583e-02
4.42942943e-02 -2.92799521e-02 -3.73048418e-03 -3.73047788e-03 5.46955873e+01 9.92461170e+01 1.05626045e+02 1.39771413e+02 1.65198899e+02 1.73618398e+02 2.15326042e+02 2.57396865e+02 3.08225366e+02 3.65540655e+02 3.69251778e-14 3.53441979e-06 1.06572917e-05 9.99683344e-01 1.97660371e-15 9.82912304e-01 8.16498658e-01 3.66361323e-06 8.34144006e-01 8.83993457e-01 9.56491983e-01 9.90180539e-01 9.97632942e-01 7.34359308e-07 5.81654842e-07 5.81654360e-07 1.83729472e-03 2.48915399e-03 1.05169515e-02 2.35780890e-02 2.57577039e-02 1.11467145e-02 5.30051649e-03 1.45923816e-02 1.48079844e-02 1.24482490e-02
4.44444444e-02 -2.92799520e-02 -3.73048409e-03 -3.73048032e-03 5.46928783e+01 9.92461170e+01 1.05587009e+02 1.39672108e+02 1.65198899e+02 1.73631662e+02 2.15297142e+02 2.57312166e+02 3.08165718e+02 3.65508013e+02 2.57703488e-14 4.36637267e-06 1.03856122e-05 9.99680895e-01 7.69816437e-16 9.82766752e-01 8.17315068e-01 3.65123615e-06 8.34538839e-01 8.83146606e-01 9.56351268e-01 9.90203380e-01 9.97642331e-01 7.34359308e-07 5.81654888e-07 5.81654313e-07 1.84440147e-03 2.48915399e-03 1.05642245e-02 2.35619620e-02 2.57577039e-02 1.11297018e-02 5.30727903e-03 1.45906595e-02 1.47808532e-02 1.24203818e-02
4.45945946e-02 -2.92799519e-02 -3.73048548e-03 -3.73047929e-03 5.46901573e+01 9.92461170e+01 1.05547731e+02 1.39572982e+02 1.65198899e+02 1.73644868e+02 2.15268220e+02 2.57227699e+02 3.08106470e+02 3.65475622e+02 4.80698702e-14 3.48504602e-06 1.07535884e-05 9.99678432e-01 3.08035119e-15 9.82620592e-01 8.18131307e-01 3.63894243e-06 8.34932833e-01 8.82297312e-01 9.56212445e-01 9.90226457e-01 9.97651698e-01 7.34359308e-07 5.81654837e-07 5.81654365e-07 1.85151760e-03 2.48915399e-03 1.06115315e-02 2.35454995e-02 2.57577039e-02 1.11127282e-02 5.31393026e-03 1.45885874e-02 1.47536157e-02 1.23925580e-02
4.47447447e-02 -2.92799522e-02 -3.73048820e-03 -3.73048291e-03 5.46874244e+01 9.92461170e+01 1.05508210e+02 1.39474039e+02 1.65198899e+02 1.73658014e+02 2.15239276e+02 2.57143465e+02 3.08047620e+02 3.65443481e+02 7.20937816e-15 1.08839401e-05 3.19170990e-06 9.99675957e-01 1.35724731e-15 9.82473834e-01 8.18947339e-01 3.62673122e-06 8.35325989e-01 8.81445596e-01 9.56075520e-01 9.90249765e-01 9.97661044e-01 7.34359308e-07 5.81654816e-07 5.81654386e-07 1.85864312e-03 2.48915399e-03 1.06588704e-02 2.35287017e-02 2.57577039e-02 1.10957936e-02 5.32047025e-03 1.45861687e-02 1.47262762e-02 1.23647788e-02
4.48948949e-02 -2.92799520e-02 -3.73048367e-03 -3.73047919e-03 5.46846796e+01 9.92461170e+01 1.05468447e+02 1.39375281e+02 1.65198899e+02 1.73671103e+02 2.15210311e+02 2.57059467e+02 3.07989167e+02 3.65411588e+02 5.11348509e-14 7.86486605e-06 8.22532055e-06 9.99673469e-01 2.65889367e-16 9.82326485e-01 8.19763131e-01 3.61460168e-06 8.35718304e-01 8.80591481e-01 9.55940500e-01 9.90273296e-01 9.97670368e-01 7.34359308e-07 5.81655001e-07 5.81654201e-07 1.86577808e-03 2.48915399e-03 1.07062393e-02 2.35115692e-02 2.57577039e-02 1.10788980e-02 5.32689909e-03 1.45834072e-02 1.46988385e-02 1.23370454e-02
4.50450450e-02 -2.92799522e-02 -3.73048528e-03 -3.73047578e-03 5.46819227e+01 9.92461170e+01 1.05428439e+02 1.39276713e+02 1.65198899e+02 1.73684133e+02 2.15181327e+02 2.56975708e+02 3.07931108e+02 3.65379940e+02 5.13722838e-15 1.47511909e-06 1.13227112e-05 9.99670969e-01 3.27167009e-15 9.82178552e-01 8.20578646e-01 3.60255301e-06 8.36109777e-01 8.79734989e-01 9.55807389e-01 9.90297044e-01 9.97679669e-01 7.34359308e-07 5.81654705e-07 5.81654497e-07 1.87292253e-03 2.48915399e-03 1.07536362e-02 2.34941023e-02 2.57577039e-02 1.10620412e-02 5.33321687e-03 1.45803063e-02 1.46713068e-02 1.23093589e-02
4.51951952e-02 -2.92799522e-02 -3.73048520e-03 -3.73048236e-03 5.46791538e+01 9.92461170e+01 1.05388186e+02 1.39178336e+02 1.65198899e+02 1.73697105e+02 2.15152323e+02 2.56892190e+02 3.07873440e+02 3.65348535e+02 2.26651195e-15 4.13371135e-06 1.06847014e-05 9.99668455e-01 1.02031508e-15 9.82030043e-01 8.21393850e-01 3.59058439e-06 8.36500409e-01 8.78876144e-01 9.55676191e-01 9.90321003e-01 9.97688947e-01 7.34359308e-07 5.81654872e-07 5.81654330e-07 1.88007649e-03 2.48915399e-03 1.08010590e-02 2.34763015e-02 2.57577039e-02 1.10452231e-02 5.33942371e-03 1.45768697e-02 1.46436848e-02 1.22817205e-02
4.53453453e-02 -2.92799519e-02 -3.73048500e-03 -3.73047967e-03 5.46763728e+01 9.92461170e+01 1.05347688e+02 1.39080155e+02 1.65198899e+02 1.73710020e+02 2.15123302e+02 2.56808915e+02 3.07816163e+02 3.65317371e+02 6.32393064e-14 2.81173509e-06 1.11453175e-05 9.99665929e-01 1.91205444e-15 9.81880967e-01 8.22208709e-01 3.57869504e-06 8.36890198e-01 8.78014967e-01 9.55546913e-01 9.90345166e-01 9.97698202e-01 7.34359308e-07 5.81654793e-07 5.81654409e-07 1.88724002e-03 2.48915399e-03 1.08485058e-02 2.34581672e-02 2.57577039e-02 1.10284437e-02 5.34551971e-03 1.45731008e-02 1.46159763e-02 1.22541311e-02
4.54954955e-02 -2.92799520e-02 -3.73048697e-03 -3.73048112e-03 5.46735798e+01 9.92461170e+01 1.05306944e+02 1.38982171e+02 1.65198899e+02 1.73722878e+02 2.15094262e+02 2.56725885e+02 3.07759274e+02 3.65286445e+02 3.12893774e-14 6.85999019e-06 9.27043332e-06 9.99663390e-01 1.76359704e-15 9.81731332e-01 8.23023187e-01 3.56688417e-06 8.37279143e-01 8.77151481e-01 9.55419556e-01 9.90369527e-01 9.97707432e-01 7.34359308e-07 5.81654984e-07 5.81654217e-07 1.89441313e-03 2.48915399e-03 1.08959743e-02 2.34396999e-02 2.57577039e-02 1.10117028e-02 5.35150499e-03 1.45690035e-02 1.45881852e-02 1.22265920e-02
4.56456456e-02 -2.92799520e-02 -3.73048992e-03 -3.73048271e-03 5.46707746e+01 9.92461170e+01 1.05265952e+02 1.38884389e+02 1.65198899e+02 1.73735679e+02 2.15065207e+02 2.56643103e+02 3.07702770e+02 3.65255757e+02 3.01692141e-14 1.12877608e-05 2.54287128e-06 9.99660837e-01 1.01307218e-15 9.81581147e-01 8.23837252e-01 3.55515100e-06 8.37667243e-01 8.76285710e-01 9.55294126e-01 9.90394081e-01 9.97716637e-01 7.34359308e-07 5.81654771e-07 5.81654431e-07 1.90159589e-03 2.48915399e-03 1.09434625e-02 2.34209004e-02 2.57577039e-02 1.09950004e-02 5.35737970e-03 1.45645811e-02 1.45603150e-02 1.21991042e-02
4.57957958e-02 -2.92799523e-02 -3.73048704e-03 -3.73048226e-03 5.46679572e+01 9.92461170e+01 1.05224714e+02 1.38786812e+02 1.65198899e+02 1.73748423e+02 2.15036135e+02 2.56560571e+02 3.07646651e+02 3.65225303e+02 4.91302452e-15 1.04095400e-05 5.13842901e-06 9.99658272e-01 1.06204168e-15 9.81430420e-01 8.24650868e-01 3.54349476e-06 8.38054498e-01 8.75417676e-01 9.55170624e-01 9.90418820e-01 9.97725817e-01 7.34359308e-07 5.81654918e-07 5.81654284e-07 1.90878832e-03 2.48915399e-03 1.09909682e-02 2.34017690e-02 2.57577039e-02 1.09783363e-02 5.36314397e-03 1.45598374e-02 1.45323695e-02 1.21716685e-02
4.59459459e-02 -2.92799520e-02 -3.73048429e-03 -3.73048124e-03 5.46651277e+01 9.92461170e+01 1.05183226e+02 1.38689441e+02 1.65198899e+02 1.73761111e+02 2.15007048e+02 2.56478291e+02 3.07590913e+02 3.65195082e+02 2.52765301e-14 1.03989097e-05 5.24497721e-06 9.99655694e-01 2.19567374e-15 9.81279161e-01 8.25464001e-01 3.53191471e-06 8.38440907e-01 8.74547404e-01 9.55049055e-01 9.90443739e-01 9.97734971e-01 7.34359308e-07 5.81654922e-07 5.81654280e-07 1.91599046e-03 2.48915399e-03 1.10384893e-02 2.33823065e-02 2.57577039e-02 1.09617105e-02 5.36879795e-03 1.45547760e-02 1.45043522e-02 1.21442860e-02
4.60960961e-02 -2.92799523e-02 -3.73048464e-03 -3.73048041e-03 5.46622859e+01 9.92461170e+01 1.05141490e+02 1.38592281e+02 1.65198899e+02 1.73773742e+02 2.14977947e+02 2.56396264e+02 3.07535554e+02 3.65165092e+02 3.40709823e-14 2.87104119e-06 1.13266174e-05 9.99653102e-01 9.64072530e-16 9.81127379e-01 8.26276617e-01 3.52041010e-06 8.38826468e-01 8.73674915e-01 9.54929419e-01 9.90468832e-01 9.97744100e-01 7.34359308e-07 5.81654793e-07 5.81654409e-07 1.92320235e-03 2.48915399e-03 1.10860235e-02 2.33625136e-02 2.57577039e-02 1.09451228e-02 5.37434180e-03 1.45494004e-02 1.44762666e-02 1.21169576e-02
4.62462462e-02 -2.92799521e-02 -3.73048341e-03 -3.73048089e-03 5.46594319e+01 9.92461170e+01 1.05099505e+02 1.38495335e+02 1.65198899e+02 1.73786318e+02 2.14948833e+02 2.56314494e+02 3.07480572e+02 3.65135330e+02 2.82145143e-14 5.51462697e-06 1.03448034e-05 9.99650497e-01 6.05473971e-16 9.80975084e-01 8.27088683e-01 3.50898020e-06 8.39211183e-01 8.72800235e-01 9.54811719e-01 9.90494093e-01 9.97753202e-01 7.34359308e-07 5.81654934e-07 5.81654267e-07 1.93042404e-03 2.48915399e-03 1.11335686e-02 2.33423908e-02 2.57577039e-02 1.09285732e-02 5.37977569e-03 1.45437142e-02 1.44481161e-02 1.20896842e-02
4.63963964e-02 -2.92799523e-02 -3.73048424e-03 -3.73048114e-03 5.46565655e+01 9.92461170e+01 1.05057269e+02 1.38398605e+02 1.65198899e+02 1.73798839e+02 2.14919706e+02 2.56232981e+02 3.07425966e+02 3.65105795e+02 3.08101553e-14 7.79097647e-06 8.81025421e-06 9.99647879e-01 3.87811738e-16 9.80822284e-01 8.27900165e-01 3.49762428e-06 8.39595049e-01 8.71923385e-01 9.54695957e-01 9.90519516e-01 9.97762277e-01 7.34359308e-07 5.81654999e-07 5.81654203e-07 1.93765556e-03 2.48915399e-03 1.11811224e-02 2.33219390e-02 2.57577039e-02 1.09120616e-02 5.38509979e-03 1.45377210e-02 1.44199041e-02 1.20624667e-02
4.65465465e-02 -2.92799521e-02 -3.73048263e-03 -3.73047806e-03 5.46536869e+01 9.92461170e+01 1.05014783e+02 1.38302094e+02 1.65198899e+02 1.73811304e+02 2.14890567e+02 2.56151728e+02 3.07371733e+02 3.65076484e+02 7.26954046e-14 4.99304005e-06 1.06904709e-05 9.99645248e-01 1.99868755e-15 9.80668991e-01 8.28711028e-01 3.48634162e-06 8.39978067e-01 8.71044391e-01 9.54582134e-01 9.90545097e-01 9.97771325e-01 7.34359308e-07 5.81654909e-07 5.81654293e-07 1.94489695e-03 2.48915399e-03 1.12286825e-02 2.33011590e-02 2.57577039e-02 1.08955879e-02 5.39031430e-03 1.45314246e-02 1.43916339e-02 1.20353059e-02
4.66966967e-02 -2.92799520e-02 -3.73048670e-03 -3.73047821e-03 5.46507959e+01 9.92461170e+01 1.04972045e+02 1.38205805e+02 1.65198899e+02 1.73823714e+02 2.14861417e+02 2.56070736e+02 3.07317871e+02 3.65047396e+02 5.12600828e-14 2.39376914e-06 1.15925022e-05 9.99642603e-01 1.31067531e-15 9.80515214e-01 8.29521240e-01 3.47513152e-06 8.40360236e-01 8.70163276e-01 9.54470250e-01 9.90570828e-01 9.97780345e-01 7.34359308e-07 5.81654761e-07 5.81654441e-07 1.95214824e-03 2.48915399e-03 1.12762467e-02 2.32800514e-02 2.57577039e-02 1.08791520e-02 5.39541941e-03 1.45248283e-02 1.43633088e-02 1.20082027e-02
4.68468468e-02 -2.92799522e-02 -3.73048427e-03 -3.73048033e-03 5.46478925e+01 9.92461170e+01 1.04929055e+02 1.38109742e+02 1.65198899e+02 1.73836069e+02 2.14832256e+02 2.55990008e+02 3.07264377e+02 3.65018529e+02 1.09327260e-14 6.66122956e-06 9.83090919e-06 9.99639945e-01 1.46058110e-15 9.80360963e-01 8.30330767e-01 3.46399327e-06 8.40741554e-01 8.69280064e-01 9.54360307e-01 9.90596705e-01 9.97789337e-01 7.34359308e-07 5.81654974e-07 5.81654228e-07 1.95940949e-03 2.48915399e-03 1.13238127e-02 2.32586173e-02 2.57577039e-02 1.08627537e-02 5.40041531e-03 1.45179359e-02 1.43349319e-02 1.19811579e-02
4.69969970e-02 -2.92799519e-02 -3.73048482e-03 -3.73048116e-03 5.46449767e+01 9.92461170e+01 1.04885813e+02 1.38013906e+02 1.65198899e+02 1.73848370e+02 2.14803086e+02 2.55909544e+02 3.07211250e+02 3.64989881e+02 2.62518294e-14 9.53020158e-06 7.14838637e-06 9.99637274e-01 8.15709148e-16 9.80206250e-01 8.31139576e-01 3.45292621e-06 8.41122023e-01 8.68394779e-01 9.54252303e-01 9.90622722e-01 9.97798301e-01 7.34359308e-07 5.81654985e-07 5.81654217e-07 1.96668073e-03 2.48915399e-03 1.13713780e-02 2.32368574e-02 2.57577039e-02 1.08463931e-02 5.40530222e-03 1.45107510e-02 1.43065065e-02 1.19541722e-02
4.71471471e-02 -2.92799521e-02 -3.73048634e-03 -3.73047971e-03 5.46420484e+01 9.92461170e+01 1.04842318e+02 1.37918302e+02 1.65198899e+02 1.73860617e+02 2.14773907e+02 2.55829348e+02 3.07158487e+02 3.64961449e+02 8.88125536e-15 4.68276004e-06 1.09956464e-05 9.99634589e-01 1.40624493e-15 9.80051085e-01 8.31947633e-01 3.44192963e-06 8.41501641e-01 8.67507445e-01 9.54146239e-01 9.90648875e-01 9.97807236e-01 7.34359308e-07 5.81654891e-07 5.81654311e-07 1.97396199e-03 2.48915399e-03 1.14189404e-02 2.32147727e-02 2.57577039e-02 1.08300700e-02 5.41008037e-03 1.45032770e-02 1.42780356e-02 1.19272463e-02
4.72972973e-02 -2.92799520e-02 -3.73048843e-03 -3.73048288e-03 5.46391076e+01 9.92461170e+01 1.04798569e+02 1.37822931e+02 1.65198899e+02 1.73872811e+02 2.14744721e+02 2.55749419e+02 3.07106086e+02 3.64933232e+02 4.25747013e-14 1.15482866e-05 3.22191990e-06 9.99631890e-01 2.10870439e-15 9.79895478e-01 8.32754906e-01 3.43100286e-06 8.41880407e-01 8.66618087e-01 9.54042115e-01 9.90675157e-01 9.97816142e-01 7.34359308e-07 5.81654807e-07 5.81654395e-07 1.98125333e-03 2.48915399e-03 1.14664973e-02 2.31923640e-02 2.57577039e-02 1.08137843e-02 5.41474997e-03 1.44955176e-02 1.42495222e-02 1.19003810e-02
4.74474474e-02 -2.92799521e-02 -3.73048810e-03 -3.73048343e-03 5.46361544e+01 9.92461170e+01 1.04754566e+02 1.37727797e+02 1.65198899e+02 1.73884950e+02 2.14715527e+02 2.55669761e+02 3.07054045e+02 3.64905229e+02 2.27864381e-14 1.15139982e-05 3.47644123e-06 9.99629178e-01 1.00682714e-15 9.79739442e-01 8.33561361e-01 3.42014526e-06 8.42258323e-01 8.65726728e-01 9.53939928e-01 9.90701563e-01 9.97825018e-01 7.34359308e-07 5.81654821e-07 5.81654381e-07 1.98855477e-03 2.48915399e-03 1.15140463e-02 2.31696325e-02 2.57577039e-02 1.07975360e-02 5.41931127e-03 1.44874764e-02 1.42209693e-02 1.18735770e-02
4.75975976e-02 -2.92799521e-02 -3.73048519e-03 -3.73047513e-03 5.46331885e+01 9.92461170e+01 1.04710309e+02 1.37632902e+02 1.65198899e+02 1.73897036e+02 2.14686326e+02 2.55590374e+02 3.07002361e+02 3.64877437e+02 1.75523947e-14 2.52963498e-06 1.17972772e-05 9.99626452e-01 8.26897248e-16 9.79582987e-01 8.34366966e-01 3.40935616e-06 8.42635386e-01 8.64833394e-01 9.53839678e-01 9.90728089e-01 9.97833865e-01 7.34359308e-07 5.81654767e-07 5.81654435e-07 1.99586635e-03 2.48915399e-03 1.15615851e-02 2.31465791e-02 2.57577039e-02 1.07813248e-02 5.42376451e-03 1.44791569e-02 1.41923798e-02 1.18468350e-02
4.77477477e-02 -2.92799520e-02 -3.73048610e-03 -3.73048437e-03 5.46302101e+01 9.92461170e+01 1.04665796e+02 1.37538250e+02 1.65198899e+02 1.73909070e+02 2.14657120e+02 2.55511260e+02 3.06951033e+02 3.64849854e+02 9.89237477e-15 7.75540996e-06 9.29237975e-06 9.99623712e-01 1.21384238e-15 9.79426126e-01 8.35171689e-01 3.39863491e-06 8.43011597e-01 8.63938108e-01 9.53741363e-01 9.90754730e-01 9.97842683e-01 7.34359308e-07 5.81654995e-07 5.81654207e-07 2.00318813e-03 2.48915399e-03 1.16091111e-02 2.31232049e-02 2.57577039e-02 1.07651508e-02 5.42810994e-03 1.44705627e-02 1.41637566e-02 1.18201556e-02
4.78978979e-02 -2.92799520e-02 -3.73048451e-03 -3.73048070e-03 5.46272190e+01 9.92461170e+01 1.04621028e+02 1.37443842e+02 1.65198899e+02 1.73921050e+02 2.14627910e+02 2.55432420e+02 3.06900059e+02 3.64822478e+02 4.10778343e-15 7.34562582e-06 9.66743427e-06 9.99620958e-01 3.56211798e-15 9.79268869e-01 8.35975496e-01 3.38798089e-06 8.43386956e-01 8.63040896e-01 9.53644981e-01 9.90781480e-01 9.97851470e-01 7.34359308e-07 5.81654987e-07 5.81654215e-07 2.01052013e-03 2.48915399e-03 1.16566218e-02 2.30995110e-02 2.57577039e-02 1.07490139e-02 5.43234782e-03 1.44616973e-02 1.41351024e-02 1.17935393e-02
4.80480480e-02 -2.92799522e-02 -3.73048571e-03 -3.73048180e-03 5.46242153e+01 9.92461170e+01 1.04576004e+02 1.37349682e+02 1.65198899e+02 1.73932978e+02 2.14598694e+02 2.55353856e+02 3.06849435e+02 3.64795308e+02 3.98834371e-14 4.57712739e-06 1.12868554e-05 9.99618191e-01 1.93975927e-15 9.79111230e-01 8.36778355e-01 3.37739345e-06 8.43761461e-01 8.62141782e-01 9.53550530e-01 9.90808335e-01 9.97860226e-01 7.34359308e-07 5.81654881e-07 5.81654321e-07 2.01786240e-03 2.48915399e-03 1.17041147e-02 2.30754986e-02 2.57577039e-02 1.07329139e-02 5.43647843e-03 1.44525642e-02 1.41064200e-02 1.17669870e-02
4.81981982e-02 -2.92799520e-02 -3.73048372e-03 -3.73048089e-03 5.46211989e+01 9.92461170e+01 1.04530723e+02 1.37255772e+02 1.65198899e+02 1.73944854e+02 2.14569476e+02 2.55275569e+02 3.06799160e+02 3.64768342e+02 3.51791117e-14 3.84594828e-06 1.15965717e-05 9.99615410e-01 7.66232686e-16 9.78953221e-01 8.37580234e-01 3.36687197e-06 8.44135114e-01 8.61240790e-01 9.53458006e-01 9.90835289e-01 9.97868952e-01 7.34359308e-07 5.81654842e-07 5.81654360e-07 2.02521497e-03 2.48915399e-03 1.17515872e-02 2.30511687e-02 2.57577039e-02 1.07168508e-02 5.44050204e-03 1.44431670e-02 1.40777121e-02 1.17404990e-02
4.83483483e-02 -2.92799521e-02 -3.73048713e-03 -3.73048111e-03 5.46181698e+01 9.92461170e+01 1.04485186e+02 1.37162115e+02 1.65198899e+02 1.73956677e+02 2.14540255e+02 2.55197561e+02 3.06749232e+02 3.64741579e+02 1.87504820e-14 1.19055876e-05 2.90865410e-06 9.99612614e-01 2.99228249e-15 9.78794853e-01 8.38381101e-01 3.35641584e-06 8.44507913e-01 8.60337947e-01 9.53367407e-01 9.90862340e-01 9.97877647e-01 7.34359308e-07 5.81654784e-07 5.81654418e-07 2.03257789e-03 2.48915399e-03 1.17990369e-02 2.30265226e-02 2.57577039e-02 1.07008244e-02 5.44441894e-03 1.44335093e-02 1.40489814e-02 1.17140760e-02
4.84984985e-02 -2.92799520e-02 -3.73048735e-03 -3.73048048e-03 5.46151279e+01 9.92461170e+01 1.04439392e+02 1.37068714e+02 1.65198899e+02 1.73968449e+02 2.14511032e+02 2.55119832e+02 3.06699648e+02 3.64715015e+02 4.30435182e-14 3.68351143e-06 1.17289990e-05 9.99609805e-01 1.31317251e-15 9.78636140e-01 8.39180924e-01 3.34602447e-06 8.44879859e-01 8.59433275e-01 9.53278730e-01 9.90889481e-01 9.97886311e-01 7.34359308e-07 5.81654831e-07 5.81654370e-07 2.03995120e-03 2.48915399e-03 1.18464610e-02 2.30015616e-02 2.57577039e-02 1.06848347e-02 5.44822941e-03 1.44235944e-02 1.40202303e-02 1.16877185e-02
4.86486486e-02 -2.92799520e-02 -3.73048602e-03 -3.73048089e-03 5.46120732e+01 9.92461170e+01 1.04393339e+02 1.36975570e+02 1.65198899e+02 1.73980170e+02 2.14481808e+02 2.55042384e+02 3.06650407e+02 3.64688650e+02 2.71732070e-14 1.04459826e-05 6.55411369e-06 9.99606982e-01 3.13122446e-15 9.78477094e-01 8.39979671e-01 3.33569723e-06 8.45250951e-01 8.58526802e-01 9.53191970e-01 9.90916708e-01 9.97894943e-01 7.34359308e-07 5.81654961e-07 5.81654241e-07 2.04733494e-03 2.48915399e-03 1.18938571e-02 2.29762869e-02 2.57577039e-02 1.06688817e-02 5.45193377e-03 1.44134259e-02 1.39914616e-02 1.16614270e-02
4.87987988e-02 -2.92799521e-02 -3.73048521e-03 -3.73047960e-03 5.46090056e+01 9.92461170e+01 1.04347029e+02 1.36882688e+02 1.65198899e+02 1.73991839e+02 2.14452584e+02 2.54965218e+02 3.06601505e+02 3.64662482e+02 5.90311946e-14 3.41185947e-06 1.18900949e-05 9.99604144e-01 8.60262686e-16 9.78317729e-01 8.40777309e-01 3.32543355e-06 8.45621190e-01 8.57618551e-01 9.53107123e-01 9.90944017e-01 9.97903544e-01 7.34359308e-07 5.81654815e-07 5.81654387e-07 2.05472914e-03 2.48915399e-03 1.19412224e-02 2.29506998e-02 2.57577039e-02 1.06529651e-02 5.45553231e-03 1.44030072e-02 1.39626776e-02 1.16352021e-02
4.89489489e-02 -2.92799521e-02 -3.73048805e-03 -3.73048104e-03 5.46059252e+01 9.92461170e+01 1.04300461e+02 1.36790069e+02 1.65198899e+02 1.74003457e+02 2.14423360e+02 2.54888335e+02 3.06552942e+02 3.64636509e+02 5.16999488e-14 1.18599966e-05 3.64673865e-06 9.99601293e-01 1.07810940e-15 9.78158057e-01 8.41573808e-01 3.31523283e-06 8.45990575e-01 8.56708547e-01 9.53024186e-01 9.90971404e-01 9.97912114e-01 7.34359308e-07 5.81654824e-07 5.81654377e-07 2.06213384e-03 2.48915399e-03 1.19885543e-02 2.29248018e-02 2.57577039e-02 1.06370849e-02 5.45902536e-03 1.43923418e-02 1.39338808e-02 1.16090442e-02
4.90990991e-02 -2.92799520e-02 -3.73048354e-03 -3.73048047e-03 5.46028319e+01 9.92461170e+01 1.04253634e+02 1.36697716e+02 1.65198899e+02 1.74015025e+02 2.14394137e+02 2.54811736e+02 3.06504713e+02 3.64610729e+02 4.74962997e-14 3.97669645e-06 1.17936460e-05 9.99598427e-01 1.08782900e-15 9.77998093e-01 8.42369137e-01 3.30509450e-06 8.46359105e-01 8.55796816e-01 9.52943154e-01 9.90998863e-01 9.97920651e-01 7.34359308e-07 5.81654845e-07 5.81654357e-07 2.06954910e-03 2.48915399e-03 1.20358502e-02 2.28985942e-02 2.57577039e-02 1.06212410e-02 5.46241324e-03 1.43814333e-02 1.39050735e-02 1.15829537e-02
4.92492492e-02 -2.92799521e-02 -3.73048448e-03 -3.73048204e-03 5.45997256e+01 9.92461170e+01 1.04206548e+02 1.36605631e+02 1.65198899e+02 1.74026542e+02 2.14364916e+02 2.54735422e+02 3.06456818e+02 3.64585140e+02 2.55565655e-15 5.14276902e-06 1.13756319e-05 9.99595546e-01 6.44672371e-16 9.77837850e-01 8.43163263e-01 3.29501800e-06 8.46726782e-01 8.54883383e-01 9.52864021e-01 9.91026392e-01 9.97929156e-01 7.34359308e-07 5.81654903e-07 5.81654299e-07 2.07697494e-03 2.48915399e-03 1.20831073e-02 2.28720784e-02 2.57577039e-02 1.06054334e-02 5.46569627e-03 1.43702849e-02 1.38762582e-02 1.15569312e-02
4.93993994e-02 -2.92799521e-02 -3.73048286e-03 -3.73047871e-03 5.45966064e+01 9.92461170e+01 1.04159202e+02 1.36513817e+02 1.65198899e+02 1.74038009e+02 2.14335697e+02 2.54659394e+02 3.06409255e+02 3.64559742e+02 2.78307793e-14 4.06369501e-06 1.18444599e-05 9.99592652e-01 1.20196324e-15 9.77677342e-01 8.43956155e-01 3.28500274e-06 8.47093605e-01 8.53968273e-01 9.52786783e-01 9.91053986e-01 9.97937629e-01 7.34359308e-07 5.81654848e-07 5.81654354e-07 2.08441141e-03 2.48915399e-03 1.21303231e-02 2.28452560e-02 2.57577039e-02 1.05896618e-02 5.46887481e-03 1.43589001e-02 1.38474371e-02 1.15309770e-02
4.95495495e-02 -2.92799521e-02 -3.73048490e-03 -3.73048238e-03 5.45934742e+01 9.92461170e+01 1.04111598e+02 1.36422276e+02 1.65198899e+02 1.74049427e+02 2.14306482e+02 2.54583654e+02 3.06362020e+02 3.64534532e+02 2.28249580e-14 8.68267384e-06 9.07583009e-06 9.99589743e-01 3.02019643e-15 9.77516582e-01 8.44747783e-01 3.27504819e-06 8.47459573e-01 8.53051511e-01 9.52711433e-01 9.91081641e-01 9.97946069e-01 7.34359308e-07 5.81655001e-07 5.81654201e-07 2.09185854e-03 2.48915399e-03 1.21774947e-02 2.28181283e-02 2.57577039e-02 1.05739264e-02 5.47194918e-03 1.43472823e-02 1.38186124e-02 1.15050916e-02
4.96996997e-02 -2.92799520e-02 -3.73048942e-03 -3.73048334e-03 5.45903289e+01 9.92461170e+01 1.04063733e+02 1.36331011e+02 1.65198899e+02 1.74060794e+02 2.14277271e+02 2.54508201e+02 3.06315112e+02 3.64509509e+02 1.05740633e-15 1.24539718e-05 1.90149152e-06 9.99586819e-01 1.41581500e-15 9.77355586e-01 8.45538116e-01 3.26515378e-06 8.47824688e-01 8.52133122e-01 9.52637967e-01 9.91109352e-01 9.97954477e-01 7.34359308e-07 5.81654719e-07 5.81654483e-07 2.09931639e-03 2.48915399e-03 1.22246194e-02 2.27906971e-02 2.57577039e-02 1.05582268e-02 5.47491975e-03 1.43354349e-02 1.37897864e-02 1.14792752e-02
4.98498498e-02 -2.92799521e-02 -3.73048501e-03 -3.73048016e-03 5.45871705e+01 9.92461170e+01 1.04015609e+02 1.36240023e+02 1.65198899e+02 1.74072112e+02 2.14248065e+02 2.54433037e+02 3.06268528e+02 3.64484670e+02 4.98951530e-14 2.15110419e-06 1.24519195e-05 9.99583881e-01 9.98349563e-16 9.77194367e-01 8.46327123e-01 3.25531898e-06 8.48188949e-01 8.51213133e-01 9.52566379e-01 9.91137117e-01 9.97962852e-01 7.34359308e-07 5.81654737e-07 5.81654465e-07 2.10678498e-03 2.48915399e-03 1.22716945e-02 2.27629638e-02 2.57577039e-02 1.05425632e-02 5.47778688e-03 1.43233613e-02 1.37609611e-02 1.14535284e-02
5.00000000e-02 -2.92799522e-02 -3.73048617e-03 -3.73048200e-03 5.45839990e+01 9.92461170e+01 1.03967224e+02 1.36149316e+02 1.65198899e+02 1.74083381e+02 2.14218864e+02 2.54358163e+02 3.06222267e+02 3.64460015e+02 4.20495665e-14 8.92733489e-06 8.99686620e-06 9.99580928e-01 3.09139715e-15 9.77032940e-01 8.47114773e-01 3.24554325e-06 8.48552356e-01 8.50291567e-01 9.52496660e-01 9.91164931e-01 9.97971194e-01 7.34359308e-07 5.81655001e-07 5.81654200e-07 2.11426436e-03 2.48915399e-03 1.23187172e-02 2.27349300e-02 2.57577039e-02 1.05269353e-02 5.48055092e-03 1.43110648e-02 1.37321387e-02 1.14278515e-02
5.01501502e-02 -2.92799520e-02 -3.73048539e-03 -3.73048165e-03 5.45808144e+01 9.92461170e+01 1.03918579e+02 1.36058892e+02 1.65198899e+02 1.74094601e+02 2.14189670e+02 2.54283579e+02 3.06176326e+02 3.64435542e+02 6.58485469e-14 9.10954411e-06 8.86698228e-06 9.99577961e-01 2.13825831e-15 9.76871321e-01 8.47901035e-01 3.23582606e-06 8.48914909e-01 8.49368451e-01 9.52428807e-01 9.91192790e-01 9.97979504e-01 7.34359308e-07 5.81655001e-07 5.81654201e-07 2.12175458e-03 2.48915399e-03 1.23656847e-02 2.27065975e-02 2.57577039e-02 1.05113430e-02 5.48321227e-03 1.42985488e-02 1.37033213e-02 1.14022447e-02
5.03003003e-02 -2.92799521e-02 -3.73048694e-03 -3.73047916e-03 5.45776165e+01 9.92461170e+01 1.03869674e+02 1.35968753e+02 1.65198899e+02 1.74105772e+02 2.14160482e+02 2.54209287e+02 3.06130702e+02 3.64411249e+02 3.08007374e-14 3.91339042e-06 1.21351432e-05 9.99574979e-01 1.98109586e-15 9.76709523e-01 8.48685881e-01 3.22616687e-06 8.49276608e-01 8.48443809e-01 9.52362810e-01 9.91220691e-01 9.97987780e-01 7.34359308e-07 5.81654836e-07 5.81654365e-07 2.12925566e-03 2.48915399e-03 1.24125944e-02 2.26779679e-02 2.57577039e-02 1.04957864e-02 5.48577128e-03 1.42858165e-02 1.36745109e-02 1.13767085e-02
5.04504505e-02 -2.92799522e-02 -3.73048708e-03 -3.73048417e-03 5.45744054e+01 9.92461170e+01 1.03820507e+02 1.35878901e+02 1.65198899e+02 1.74116895e+02 2.14131303e+02 2.54135286e+02 3.06085395e+02 3.64387135e+02 1.49040953e-14 9.13014972e-06 8.95481683e-06 9.99571982e-01 1.80168476e-15 9.76547562e-01 8.49469279e-01 3.21656519e-06 8.49637454e-01 8.47517668e-01 9.52298664e-01 9.91248631e-01 9.97996023e-01 7.34359308e-07 5.81655001e-07 5.81654201e-07 2.13676765e-03 2.48915399e-03 1.24594432e-02 2.26490429e-02 2.57577039e-02 1.04802653e-02 5.48822836e-03 1.42728713e-02 1.36457094e-02 1.13512431e-02
5.06006006e-02 -2.92799524e-02 -3.73048957e-03 -3.73048511e-03 5.45711811e+01 9.92461170e+01 1.03771081e+02 1.35789338e+02 1.65198899e+02 1.74127969e+02 2.14102131e+02 2.54061578e+02 3.06040401e+02 3.64363197e+02 6.30303058e-14 1.18632092e-05 4.87725298e-06 9.99568970e-01 3.81097114e-15 9.76385453e-01 8.50251199e-01 3.20702048e-06 8.49997447e-01 8.46590052e-01 9.52236361e-01 9.91276605e-01 9.98004233e-01 7.34359308e-07 5.81654881e-07 5.81654321e-07 2.14429060e-03 2.48915399e-03 1.25062285e-02 2.26198243e-02 2.57577039e-02 1.04647796e-02 5.49058390e-03 1.42597164e-02 1.36169187e-02 1.13258489e-02
5.07507508e-02 -2.92799522e-02 -3.73048438e-03 -3.73048343e-03 5.45679434e+01 9.92461170e+01 1.03721393e+02 1.35700067e+02 1.65198899e+02 1.74138996e+02 2.14072968e+02 2.53988162e+02 3.05995719e+02 3.64339435e+02 4.33079524e-14 1.18524986e-07 1.28641801e-05 9.99565944e-01 2.48752501e-15 9.76223212e-01 8.51031612e-01 3.19753226e-06 8.50356587e-01 8.45660987e-01 9.52175893e-01 9.91304610e-01 9.98012409e-01 7.34359308e-07 5.81654610e-07 5.81654592e-07 2.15182453e-03 2.48915399e-03 1.25529474e-02 2.25903140e-02 2.57577039e-02 1.04493292e-02 5.49283829e-03 1.42463550e-02 1.35881408e-02 1.13005260e-02
5.09009009e-02 -2.92799522e-02 -3.73048421e-03 -3.73048103e-03 5.45646924e+01 9.92461170e+01 1.03671444e+02 1.35611089e+02 1.65198899e+02 1.74149975e+02 2.14043816e+02 2.53915041e+02 3.05951346e+02 3.64315847e+02 7.09004885e-14 7.22778366e-06 1.06883613e-05 9.99562902e-01 7.46849745e-16 9.76060855e-01 8.51810488e-01 3.18810000e-06 8.50714874e-01 8.44730498e-01 9.52117252e-01 9.91332643e-01 9.98020552e-01 7.34359308e-07 5.81654973e-07 5.81654229e-07 2.15936950e-03 2.48915399e-03 1.25995970e-02 2.25605137e-02 2.57577039e-02 1.04339140e-02 5.49499194e-03 1.42327905e-02 1.35593775e-02 1.12752748e-02
5.10510511e-02 -2.92799522e-02 -3.73048663e-03 -3.73048327e-03 5.45614280e+01 9.92461170e+01 1.03621235e+02 1.35522408e+02 1.65198899e+02 1.74160906e+02 2.14014673e+02 2.53842213e+02 3.05907280e+02 3.64292431e+02 6.24096916e-14 1.00135748e-05 8.19718763e-06 9.99559845e-01 1.23195779e-15 9.75898396e-01 8.52587798e-01 3.17872324e-06 8.51072308e-01 8.43798611e-01 9.52060431e-01 9.91360701e-01 9.98028661e-01 7.34359308e-07 5.81654993e-07 5.81654209e-07 2.16692554e-03 2.48915399e-03 1.26461746e-02 2.25304253e-02 2.57577039e-02 1.04185340e-02 5.49704526e-03 1.42190261e-02 1.35306305e-02 1.12500955e-02
5.12012012e-02 -2.92799522e-02 -3.73048657e-03 -3.73048302e-03 5.45581502e+01 9.92461170e+01 1.03570764e+02 1.35434024e+02 1.65198899e+02 1.74171790e+02 2.13985542e+02 2.53769680e+02 3.05863519e+02 3.64269186e+02 6.36234334e-14 1.21362002e-05 4.60051640e-06 9.99556774e-01 3.77487451e-15 9.75735853e-01 8.53363512e-01 3.16940147e-06 8.51428890e-01 8.42865351e-01 9.52005422e-01 9.91388780e-01 9.98036737e-01 7.34359308e-07 5.81654865e-07 5.81654337e-07 2.17449270e-03 2.48915399e-03 1.26926773e-02 2.25000508e-02 2.57577039e-02 1.04031890e-02 5.49899868e-03 1.42050649e-02 1.35019017e-02 1.12249884e-02
5.13513514e-02 -2.92799522e-02 -3.73048458e-03 -3.73047861e-03 5.45548589e+01 9.92461170e+01 1.03520032e+02 1.35345940e+02 1.65198899e+02 1.74182628e+02 2.13956423e+02 2.53697443e+02 3.05820060e+02 3.64246110e+02 4.00127987e-15 6.16279374e-06 1.14656669e-05 9.99553687e-01 6.53700158e-16 9.75573240e-01 8.54137601e-01 3.16013422e-06 8.51784621e-01 8.41930743e-01 9.51952214e-01 9.91416876e-01 9.98044779e-01 7.34359308e-07 5.81654936e-07 5.81654266e-07 2.18207102e-03 2.48915399e-03 1.27391021e-02 2.24693921e-02 2.57577039e-02 1.03878790e-02 5.50085261e-03 1.41909100e-02 1.34731928e-02 1.11999537e-02
5.15015015e-02 -2.92799521e-02 -3.73048633e-03 -3.73048179e-03 5.45515541e+01 9.92461170e+01 1.03469039e+02 1.35258159e+02 1.65198899e+02 1.74193418e+02 2.13927316e+02 2.53625501e+02 3.05776903e+02 3.64223203e+02 3.32920929e-15 1.03991572e-05 7.89249059e-06 9.99550585e-01 1.18886788e-15 9.75410575e-01 8.54910037e-01 3.15092100e-06 8.52139499e-01 8.40994813e-01 9.51900801e-01 9.91444988e-01 9.98052787e-01 7.34359308e-07 5.81654986e-07 5.81654216e-07 2.18966052e-03 2.48915399e-03 1.27854463e-02 2.24384511e-02 2.57577039e-02 1.03726039e-02 5.50260749e-03 1.41765648e-02 1.34445055e-02 1.11749916e-02
5.16516517e-02 -2.92799520e-02 -3.73048486e-03 -3.73047948e-03 5.45482358e+01 9.92461170e+01 1.03417786e+02 1.35170681e+02 1.65198899e+02 1.74204162e+02 2.13898222e+02 2.53553854e+02 3.05734044e+02 3.64200461e+02 1.44358334e-14 3.89478330e-06 1.25003909e-05 9.99547467e-01 1.76129723e-15 9.75247874e-01 8.55680790e-01 3.14176134e-06 8.52493526e-01 8.40057587e-01 9.51851172e-01 9.91473112e-01 9.98060762e-01 7.34359308e-07 5.81654830e-07 5.81654372e-07 2.19726127e-03 2.48915399e-03 1.28317070e-02 2.24072299e-02 2.57577039e-02 1.03573635e-02 5.50426376e-03 1.41620322e-02 1.34158413e-02 1.11501022e-02
5.18018018e-02 -2.92799522e-02 -3.73048738e-03 -3.73048412e-03 5.45449039e+01 9.92461170e+01 1.03366271e+02 1.35083509e+02 1.65198899e+02 1.74214859e+02 2.13869142e+02 2.53482504e+02 3.05691481e+02 3.64177885e+02 2.98858470e-15 1.15458768e-05 6.25459580e-06 9.99544334e-01 5.96279716e-16 9.75085152e-01 8.56449832e-01 3.13265479e-06 8.52846702e-01 8.39119088e-01 9.51803320e-01 9.91501245e-01 9.98068702e-01 7.34359308e-07 5.81654935e-07 5.81654266e-07 2.20487330e-03 2.48915399e-03 1.28778812e-02 2.23757306e-02 2.57577039e-02 1.03421579e-02 5.50582185e-03 1.41473155e-02 1.33872019e-02 1.11252858e-02
5.19519520e-02 -2.92799519e-02 -3.73048554e-03 -3.73048161e-03 5.45415584e+01 9.92461170e+01 1.03314496e+02 1.34996645e+02 1.65198899e+02 1.74225511e+02 2.13840077e+02 2.53411451e+02 3.05649212e+02 3.64155472e+02 4.05934709e-14 1.10052005e-05 7.23282993e-06 9.99541186e-01 7.79767593e-16 9.74922428e-01 8.57217135e-01 3.12360087e-06 8.53199027e-01 8.38179343e-01 9.51757233e-01 9.91529384e-01 9.98076609e-01 7.34359308e-07 5.81654968e-07 5.81654234e-07 2.21249664e-03 2.48915399e-03 1.29239661e-02 2.23439552e-02 2.57577039e-02 1.03269868e-02 5.50728222e-03 1.41324176e-02 1.33585890e-02 1.11005426e-02
5.21021021e-02 -2.92799522e-02 -3.73048851e-03 -3.73048351e-03 5.45381993e+01 9.92461170e+01 1.03262459e+02 1.34910091e+02 1.65198899e+02 1.74236116e+02 2.13811027e+02 2.53340695e+02 3.05607236e+02 3.64133221e+02 2.88501378e-14 1.23994901e-05 4.54805848e-06 9.99538023e-01 7.49461942e-16 9.74759717e-01 8.57982670e-01 3.11459914e-06 8.53550503e-01 8.37238378e-01 9.51712904e-01 9.91557525e-01 9.98084482e-01 7.34359308e-07 5.81654858e-07 5.81654343e-07 2.22013134e-03 2.48915399e-03 1.29699587e-02 2.23119059e-02 2.57577039e-02 1.03118503e-02 5.50864532e-03 1.41173417e-02 1.33300039e-02 1.10758726e-02
5.22522523e-02 -2.92799521e-02 -3.73048644e-03 -3.73048366e-03 5.45348264e+01 9.92461170e+01 1.03210163e+02 1.34823848e+02 1.65198899e+02 1.74246676e+02 2.13781992e+02 2.53270235e+02 3.05565550e+02 3.64111131e+02 2.01983826e-14 1.20252384e-05 5.55271587e-06 9.99534843e-01 3.35077593e-15 9.74597036e-01 8.58746410e-01 3.10564914e-06 8.53901128e-01 8.36296216e-01 9.51670322e-01 9.91585667e-01 9.98092321e-01 7.34359308e-07 5.81654904e-07 5.81654297e-07 2.22777745e-03 2.48915399e-03 1.30158563e-02 2.22795847e-02 2.57577039e-02 1.02967482e-02 5.50991160e-03 1.41020908e-02 1.33014482e-02 1.10512762e-02
5.24024024e-02 -2.92799521e-02 -3.73048293e-03 -3.73047944e-03 5.45314399e+01 9.92461170e+01 1.03157605e+02 1.34737918e+02 1.65198899e+02 1.74257191e+02 2.13752975e+02 2.53200073e+02 3.05524152e+02 3.64089200e+02 2.32734764e-14 5.86835681e-06 1.19168419e-05 9.99531649e-01 4.42235500e-15 9.74434402e-01 8.59508326e-01 3.09675043e-06 8.54250905e-01 8.35352884e-01 9.51629477e-01 9.91613807e-01 9.98100126e-01 7.34359308e-07 5.81654919e-07 5.81654282e-07 2.23543500e-03 2.48915399e-03 1.30616559e-02 2.22469940e-02 2.57577039e-02 1.02816805e-02 5.51108153e-03 1.40866679e-02 1.32729233e-02 1.10267533e-02
5.25525526e-02 -2.92799520e-02 -3.73048502e-03 -3.73048155e-03 5.45280395e+01 9.92461170e+01 1.03104788e+02 1.34652304e+02 1.65198899e+02 1.74267660e+02 2.13723974e+02 2.53130209e+02 3.05483040e+02 3.64067428e+02 4.13694798e-14 1.21010953e-05 5.56999460e-06 9.99528438e-01 3.01749776e-15 9.74271833e-01 8.60268392e-01 3.08790258e-06 8.54599832e-01 8.34408407e-01 9.51590359e-01 9.91641942e-01 9.98107898e-01 7.34359308e-07 5.81654904e-07 5.81654298e-07 2.24310403e-03 2.48915399e-03 1.31073545e-02 2.22141359e-02 2.57577039e-02 1.02666470e-02 5.51215558e-03 1.40710761e-02 1.32444308e-02 1.10023041e-02
5.27027027e-02 -2.92799521e-02 -3.73048404e-03 -3.73047798e-03 5.45246253e+01 9.92461170e+01 1.03051710e+02 1.34567006e+02 1.65198899e+02 1.74278085e+02 2.13694991e+02 2.53060642e+02 3.05442211e+02 3.64045811e+02 3.02119123e-14 4.25081190e-06 1.26652067e-05 9.99525212e-01 3.51768666e-15 9.74109345e-01 8.61026579e-01 3.07910514e-06 8.54947911e-01 8.33462809e-01 9.51552958e-01 9.91670069e-01 9.98115635e-01 7.34359308e-07 5.81654844e-07 5.81654358e-07 2.25078459e-03 2.48915399e-03 1.31529494e-02 2.21810128e-02 2.57577039e-02 1.02516477e-02 5.51313423e-03 1.40553182e-02 1.32159719e-02 1.09779287e-02
5.28528529e-02 -2.92799524e-02 -3.73048640e-03 -3.73048300e-03 5.45211973e+01 9.92461170e+01 1.02998373e+02 1.34482027e+02 1.65198899e+02 1.74288465e+02 2.13666026e+02 2.52991373e+02 3.05401665e+02 3.64024350e+02 4.62628798e-14 7.84355000e-06 1.08615835e-05 9.99521970e-01 7.57752515e-16 9.73946957e-01 8.61782861e-01 3.07035768e-06 8.55295143e-01 8.32516117e-01 9.51517264e-01 9.91698185e-01 9.98123338e-01 7.34359308e-07 5.81654982e-07 5.81654220e-07 2.25847672e-03 2.48915399e-03 1.31984375e-02 2.21476267e-02 2.57577039e-02 1.02366825e-02 5.51401795e-03 1.40393972e-02 1.31875480e-02 1.09536273e-02
5.30030030e-02 -2.92799521e-02 -3.73048533e-03 -3.73048075e-03 5.45177554e+01 9.92461170e+01 1.02944776e+02 1.34397368e+02 1.65198899e+02 1.74298800e+02 2.13637081e+02 2.52922402e+02 3.05361398e+02 3.64003042e+02 1.56444231e-14 1.08279680e-05 7.95435035e-06 9.99518712e-01 8.18370553e-16 9.73784684e-01 8.62537210e-01 3.06165978e-06 8.55641527e-01 8.31568354e-01 9.51483266e-01 9.91726289e-01 9.98131007e-01 7.34359308e-07 5.81654982e-07 5.81654219e-07 2.26618045e-03 2.48915399e-03 1.32438160e-02 2.21139802e-02 2.57577039e-02 1.02217513e-02 5.51480723e-03 1.40233162e-02 1.31591605e-02 1.09294000e-02
5.31531532e-02 -2.92799521e-02 -3.73048388e-03 -3.73047924e-03 5.45142996e+01 9.92461170e+01 1.02890920e+02 1.34313031e+02 1.65198899e+02 1.74309091e+02 2.13608155e+02 2.52853729e+02 3.05321409e+02 3.63981887e+02 6.23525311e-15 8.49464212e-06 1.04585774e-05 9.99515438e-01 1.74176126e-15 9.73622545e-01 8.63289600e-01 3.05301102e-06 8.55987064e-01 8.30619546e-01 9.51450952e-01 9.91754378e-01 9.98138643e-01 7.34359308e-07 5.81654993e-07 5.81654208e-07 2.27389583e-03 2.48915399e-03 1.32890820e-02 2.20800756e-02 2.57577039e-02 1.02068540e-02 5.51550256e-03 1.40070779e-02 1.31308106e-02 1.09052467e-02
5.33033033e-02 -2.92799520e-02 -3.73048591e-03 -3.73047828e-03 5.45108298e+01 9.92461170e+01 1.02836804e+02 1.34229017e+02 1.65198899e+02 1.74319338e+02 2.13579250e+02 2.52785354e+02 3.05281695e+02 3.63960883e+02 4.74993482e-14 1.75841499e-06 1.33968603e-05 9.99512148e-01 6.96411888e-15 9.73460557e-01 8.64040005e-01 3.04441099e-06 8.56331755e-01 8.29669718e-01 9.51420313e-01 9.91782449e-01 9.98146244e-01 7.34359308e-07 5.81654706e-07 5.81654496e-07 2.28162290e-03 2.48915399e-03 1.33342326e-02 2.20459152e-02 2.57577039e-02 1.01919905e-02 5.51610443e-03 1.39906852e-02 1.31024996e-02 1.08811677e-02
5.34534535e-02 -2.92799520e-02 -3.73048627e-03 -3.73048256e-03 5.45073459e+01 9.92461170e+01 1.02782430e+02 1.34145328e+02 1.65198899e+02 1.74329541e+02 2.13550365e+02 2.52717277e+02 3.05242255e+02 3.63940029e+02 2.61858457e-14 5.41212113e-06 1.24220302e-05 9.99508843e-01 1.05892460e-15 9.73298738e-01 8.64788398e-01 3.03585928e-06 8.56675601e-01 8.28718895e-01 9.51391337e-01 9.91810500e-01 9.98153811e-01 7.34359308e-07 5.81654895e-07 5.81654306e-07 2.28936170e-03 2.48915399e-03 1.33792649e-02 2.20115016e-02 2.57577039e-02 1.01771608e-02 5.51661334e-03 1.39741410e-02 1.30742287e-02 1.08571629e-02
5.36036036e-02 -2.92799521e-02 -3.73048527e-03 -3.73048149e-03 5.45038481e+01 9.92461170e+01 1.02727798e+02 1.34061966e+02 1.65198899e+02 1.74339701e+02 2.13521502e+02 2.52649497e+02 3.05203087e+02 3.63919323e+02 7.74881750e-15 7.69911826e-06 1.11961763e-05 9.99505521e-01 1.47853725e-15 9.73137105e-01 8.65534752e-01 3.02735547e-06 8.57018602e-01 8.27767101e-01 9.51364013e-01 9.91838529e-01 9.98161345e-01 7.34359308e-07 5.81654975e-07 5.81654226e-07 2.29711228e-03 2.48915399e-03 1.34241760e-02 2.19768370e-02 2.57577039e-02 1.01623647e-02 5.51702979e-03 1.39574482e-02 1.30459991e-02 1.08332324e-02
5.37537538e-02 -2.92799522e-02 -3.73048672e-03 -3.73048017e-03 5.45003361e+01 9.92461170e+01 1.02672908e+02 1.33978931e+02 1.65198899e+02 1.74349817e+02 2.13492661e+02 2.52582016e+02 3.05164188e+02 3.63898765e+02 1.98341072e-14 6.30440799e-06 1.20797774e-05 9.99502182e-01 1.66137528e-15 9.72975677e-01 8.66279043e-01 3.01889917e-06 8.57360758e-01 8.26814362e-01 9.51338330e-01 9.91866533e-01 9.98168845e-01 7.34359308e-07 5.81654930e-07 5.81654271e-07 2.30487467e-03 2.48915399e-03 1.34689630e-02 2.19419240e-02 2.57577039e-02 1.01476022e-02 5.51735429e-03 1.39406095e-02 1.30178120e-02 1.08093764e-02
5.39039039e-02 -2.92799522e-02 -3.73048558e-03 -3.73048314e-03 5.44968100e+01 9.92461170e+01 1.02617760e+02 1.33896226e+02 1.65198899e+02 1.74359890e+02 2.13463843e+02 2.52514832e+02 3.05125557e+02 3.63878352e+02 3.44406960e-14 4.66049675e-06 1.28446504e-05 9.99498828e-01 6.58295114e-15 9.72814470e-01 8.67021244e-01 3.01048998e-06 8.57702071e-01 8.25860702e-01 9.51314276e-01 9.91894511e-01 9.98176310e-01 7.34359308e-07 5.81654859e-07 5.81654343e-07 2.31264892e-03 2.48915399e-03 1.35136230e-02 2.19067652e-02 2.57577039e-02 1.01328732e-02 5.51758735e-03 1.39236277e-02 1.29896686e-02 1.07855947e-02
5.40540541e-02 -2.92799520e-02 -3.73048419e-03 -3.73048375e-03 5.44932697e+01 9.92461170e+01 1.02562355e+02 1.33813852e+02 1.65198899e+02 1.74369920e+02 2.13435049e+02 2.52447946e+02 3.05087191e+02 3.63858085e+02 4.50055149e-15 1.07124831e-05 8.54339329e-06 9.99495457e-01 1.39503440e-15 9.72653504e-01 8.67761331e-01 3.00212751e-06 8.58042541e-01 8.24906146e-01 9.51291839e-01 9.91922460e-01 9.98183742e-01 7.34359308e-07 5.81654991e-07 5.81654211e-07 2.32043507e-03 2.48915399e-03 1.35581532e-02 2.18713630e-02 2.57577039e-02 1.01181775e-02 5.51772949e-03 1.39065056e-02 1.29615698e-02 1.07618874e-02
5.42042042e-02 -2.92799522e-02 -3.73048423e-03 -3.73048132e-03 5.44897151e+01 9.92461170e+01 1.02506693e+02 1.33731809e+02 1.65198899e+02 1.74379907e+02 2.13406278e+02 2.52381358e+02 3.05049089e+02 3.63837960e+02 1.10286425e-14 8.74243181e-06 1.06000583e-05 9.99492070e-01 5.29612697e-15 9.72492795e-01 8.68499278e-01 2.99381136e-06 8.58382169e-01 8.23950718e-01 9.51271009e-01 9.91950378e-01 9.98191140e-01 7.34359308e-07 5.81654994e-07 5.81654207e-07 2.32823315e-03 2.48915399e-03 1.36025508e-02 2.18357201e-02 2.57577039e-02 1.01035152e-02 5.51778123e-03 1.38892459e-02 1.29335168e-02 1.07382546e-02
5.43543544e-02 -2.92799520e-02 -3.73048534e-03 -3.73047832e-03 5.44861464e+01 9.92461170e+01 1.02450775e+02 1.33650100e+02 1.65198899e+02 1.74389852e+02 2.13377532e+02 2.52315066e+02 3.05011249e+02 3.63817978e+02 4.95826080e-14 4.50920669e-06 1.30194389e-05 9.99488666e-01 3.50979516e-15 9.72332362e-01 8.69235060e-01 2.98554117e-06 8.58720955e-01 8.22994443e-01 9.51251773e-01 9.91978264e-01 9.98198505e-01 7.34359308e-07 5.81654850e-07 5.81654352e-07 2.33604322e-03 2.48915399e-03 1.36468127e-02 2.17998390e-02 2.57577039e-02 1.00888861e-02 5.51774308e-03 1.38718512e-02 1.29055106e-02 1.07146963e-02
5.45045045e-02 -2.92799521e-02 -3.73048332e-03 -3.73048078e-03 5.44825633e+01 9.92461170e+01 1.02394601e+02 1.33568726e+02 1.65198899e+02 1.74399754e+02 2.13348811e+02 2.52249072e+02 3.04973669e+02 3.63798136e+02 7.73549818e-15 4.11778096e-06 1.31883621e-05 9.99485246e-01 6.16532305e-16 9.72172222e-01 8.69968652e-01 2.97731653e-06 8.59058900e-01 8.22037345e-01 9.51234118e-01 9.92006114e-01 9.98205835e-01 7.34359308e-07 5.81654830e-07 5.81654371e-07 2.34386531e-03 2.48915399e-03 1.36909363e-02 2.17637224e-02 2.57577039e-02 1.00742902e-02 5.51761559e-03 1.38543244e-02 1.28775523e-02 1.06912125e-02
5.46546547e-02 -2.92799520e-02 -3.73048629e-03 -3.73048320e-03 5.44789658e+01 9.92461170e+01 1.02338173e+02 1.33487688e+02 1.65198899e+02 1.74409615e+02 2.13320116e+02 2.52183375e+02 3.04936346e+02 3.63778435e+02 4.67012482e-14 1.43452908e-06 1.37798520e-05 9.99481809e-01 5.58191909e-15 9.72012394e-01 8.70700031e-01 2.96913709e-06 8.59396005e-01 8.21079449e-01 9.51218034e-01 9.92033928e-01 9.98213132e-01 7.34359308e-07 5.81654685e-07 5.81654517e-07 2.35169946e-03 2.48915399e-03 1.37349187e-02 2.17273729e-02 2.57577039e-02 1.00597273e-02 5.51739927e-03 1.38366680e-02 1.28496428e-02 1.06678031e-02
5.48048048e-02 -2.92799520e-02 -3.73048730e-03 -3.73048330e-03 5.44753540e+01 9.92461170e+01 1.02281489e+02 1.33406986e+02 1.65198899e+02 1.74419433e+02 2.13291447e+02 2.52117975e+02 3.04899279e+02 3.63758872e+02 1.52307009e-14 1.35704584e-05 2.97337006e-06 9.99478355e-01 3.73538443e-15 9.71852896e-01 8.71429172e-01 2.96100247e-06 8.59732271e-01 8.20120778e-01 9.51203508e-01 9.92061703e-01 9.98220396e-01 7.34359308e-07 5.81654767e-07 5.81654435e-07 2.35954572e-03 2.48915399e-03 1.37787570e-02 2.16907933e-02 2.57577039e-02 1.00451973e-02 5.51709466e-03 1.38188847e-02 1.28217831e-02 1.06444682e-02
5.49549550e-02 -2.92799521e-02 -3.73048393e-03 -3.73048025e-03 5.44717277e+01 9.92461170e+01 1.02224551e+02 1.33326623e+02 1.65198899e+02 1.74429210e+02 2.13262804e+02 2.52052870e+02 3.04862466e+02 3.63739446e+02 5.91317237e-14 6.55505960e-06 1.22918037e-05 9.99474885e-01 4.04580916e-15 9.71693745e-01 8.72156052e-01 2.95291230e-06 8.60067698e-01 8.19161358e-01 9.51190527e-01 9.92089438e-01 9.98227625e-01 7.34359308e-07 5.81654934e-07 5.81654267e-07 2.36740413e-03 2.48915399e-03 1.38224484e-02 2.16539861e-02 2.57577039e-02 1.00307003e-02 5.51670231e-03 1.38009771e-02 1.27939741e-02 1.06212078e-02
5.51051051e-02 -2.92799522e-02 -3.73048635e-03 -3.73048329e-03 5.44680870e+01 9.92461170e+01 1.02167360e+02 1.33246600e+02 1.65198899e+02 1.74438945e+02 2.13234190e+02 2.51988062e+02 3.04825905e+02 3.63720156e+02 2.59456770e-14 1.00940008e-05 9.65558188e-06 9.99471398e-01 1.94428255e-15 9.71534960e-01 8.72880646e-01 2.94486622e-06 8.60402287e-01 8.18201212e-01 9.51179080e-01 9.92117131e-01 9.98234822e-01 7.34359308e-07 5.81655001e-07 5.81654201e-07 2.37527473e-03 2.48915399e-03 1.38659902e-02 2.16169542e-02 2.57577039e-02 1.00162360e-02 5.51622274e-03 1.37829477e-02 1.27662168e-02 1.05980217e-02
5.52552553e-02 -2.92799522e-02 -3.73048498e-03 -3.73047985e-03 5.44644317e+01 9.92461170e+01 1.02109916e+02 1.33166917e+02 1.65198899e+02 1.74448639e+02 2.13205603e+02 2.51923550e+02 3.04789594e+02 3.63701002e+02 5.64307815e-14 4.20357522e-06 1.33609071e-05 9.99467894e-01 4.17471276e-15 9.71376559e-01 8.73602932e-01 2.93686386e-06 8.60736039e-01 8.17240364e-01 9.51169154e-01 9.92144779e-01 9.98241985e-01 7.34359308e-07 5.81654832e-07 5.81654370e-07 2.38315756e-03 2.48915399e-03 1.39093796e-02 2.15797003e-02 2.57577039e-02 1.00018045e-02 5.51565651e-03 1.37647991e-02 1.27385120e-02 1.05749101e-02
5.54054054e-02 -2.92799520e-02 -3.73048698e-03 -3.73048226e-03 5.44607619e+01 9.92461170e+01 1.02052220e+02 1.33087576e+02 1.65198899e+02 1.74458292e+02 2.13177045e+02 2.51859333e+02 3.04753531e+02 3.63681981e+02 2.16101271e-15 1.38862635e-05 2.10314888e-06 9.99464373e-01 1.71336706e-15 9.71218560e-01 8.74322887e-01 2.92890488e-06 8.61068956e-01 8.16278838e-01 9.51160736e-01 9.92172382e-01 9.98249114e-01 7.34359308e-07 5.81654718e-07 5.81654484e-07 2.39105266e-03 2.48915399e-03 1.39526137e-02 2.15422273e-02 2.57577039e-02 9.98740558e-03 5.51500417e-03 1.37465339e-02 1.27108607e-02 1.05518729e-02
5.55555556e-02 -2.92799521e-02 -3.73048946e-03 -3.73048270e-03 5.44570775e+01 9.92461170e+01 1.01994273e+02 1.33008577e+02 1.65198899e+02 1.74467903e+02 2.13148516e+02 2.51795411e+02 3.04717715e+02 3.63663092e+02 3.25012463e-15 1.34863612e-05 4.05464807e-06 9.99460835e-01 4.06771548e-16 9.71060980e-01 8.75040488e-01 2.92098892e-06 8.61401037e-01 8.15316659e-01 9.51153815e-01 9.92199938e-01 9.98256210e-01 7.34359308e-07 5.81654820e-07 5.81654382e-07 2.39896007e-03 2.48915399e-03 1.39956898e-02 2.15045378e-02 2.57577039e-02 9.97303922e-03 5.51426626e-03 1.37281545e-02 1.26832635e-02 1.05289099e-02
5.57057057e-02 -2.92799522e-02 -3.73048630e-03 -3.73048213e-03 5.44533784e+01 9.92461170e+01 1.01936074e+02 1.32929922e+02 1.65198899e+02 1.74477475e+02 2.13120017e+02 2.51731784e+02 3.04682143e+02 3.63644336e+02 3.28388631e-14 1.06381454e-05 9.28576505e-06 9.99457280e-01 3.97547503e-15 9.70903838e-01 8.75755712e-01 2.91311564e-06 8.61732283e-01 8.14353848e-01 9.51148376e-01 9.92227445e-01 9.98263273e-01 7.34359308e-07 5.81654997e-07 5.81654204e-07 2.40687985e-03 2.48915399e-03 1.40386053e-02 2.14666348e-02 2.57577039e-02 9.95870533e-03 5.51344334e-03 1.37096635e-02 1.26557214e-02 1.05060213e-02
5.58558559e-02 -2.92799523e-02 -3.73048486e-03 -3.73047937e-03 5.44496646e+01 9.92461170e+01 1.01877625e+02 1.32851611e+02 1.65198899e+02 1.74487006e+02 2.13091547e+02 2.51668451e+02 3.04646813e+02 3.63625709e+02 4.60337470e-14 1.13577223e-05 8.45423404e-06 9.99453708e-01 3.98634490e-15 9.70747152e-01 8.76468537e-01 2.90528468e-06 8.62062696e-01 8.13390432e-01 9.51144408e-01 9.92254902e-01 9.98270303e-01 7.34359308e-07 5.81654984e-07 5.81654218e-07 2.41481202e-03 2.48915399e-03 1.40813573e-02 2.14285211e-02 2.57577039e-02 9.94440383e-03 5.51253597e-03 1.36910632e-02 1.26282351e-02 1.04832068e-02
5.60060060e-02 -2.92799519e-02 -3.73048825e-03 -3.73048378e-03 5.44459361e+01 9.92461170e+01 1.01818928e+02 1.32773646e+02 1.65198899e+02 1.74496496e+02 2.13063109e+02 2.51605412e+02 3.04611725e+02 3.63607212e+02 6.68296659e-14 1.35205853e-05 4.32954467e-06 9.99450118e-01 4.78354390e-15 9.70590939e-01 8.77178941e-01 2.89749572e-06 8.62392276e-01 8.12426432e-01 9.51141897e-01 9.92282306e-01 9.98277299e-01 7.34359308e-07 5.81654832e-07 5.81654370e-07 2.42275663e-03 2.48915399e-03 1.41239432e-02 2.13901996e-02 2.57577039e-02 9.93013462e-03 5.51154470e-03 1.36723561e-02 1.26008054e-02 1.04604665e-02
5.61561562e-02 -2.92799522e-02 -3.73048459e-03 -3.73048101e-03 5.44421928e+01 9.92461170e+01 1.01759981e+02 1.32696027e+02 1.65198899e+02 1.74505946e+02 2.13034702e+02 2.51542666e+02 3.04576875e+02 3.63588843e+02 1.91510139e-14 2.89589106e-06 1.39372576e-05 9.99446511e-01 5.29077466e-15 9.70435218e-01 8.77886904e-01 2.88974840e-06 8.62721024e-01 8.11461872e-01 9.51140831e-01 9.92309657e-01 9.98284263e-01 7.34359308e-07 5.81654762e-07 5.81654440e-07 2.43071373e-03 2.48915399e-03 1.41663603e-02 2.13516732e-02 2.57577039e-02 9.91589763e-03 5.51047010e-03 1.36535447e-02 1.25734330e-02 1.04378003e-02
5.63063063e-02 -2.92799519e-02 -3.73048425e-03 -3.73048130e-03 5.44384347e+01 9.92461170e+01 1.01700787e+02 1.32618756e+02 1.65198899e+02 1.74515357e+02 2.13006326e+02 2.51480213e+02 3.04542263e+02 3.63570602e+02 2.52899088e-14 9.10004584e-06 1.09957969e-05 9.99442887e-01 9.48240265e-15 9.70280007e-01 8.78592403e-01 2.88204241e-06 8.63048942e-01 8.10496776e-01 9.51141197e-01 9.92336954e-01 9.98291194e-01 7.34359308e-07 5.81654995e-07 5.81654207e-07 2.43868335e-03 2.48915399e-03 1.42086059e-02 2.13129448e-02 2.57577039e-02 9.90169277e-03 5.50931273e-03 1.36346312e-02 1.25461187e-02 1.04152080e-02
5.64564565e-02 -2.92799522e-02 -3.73048709e-03 -3.73048148e-03 5.44346617e+01 9.92461170e+01 1.01641345e+02 1.32541832e+02 1.65198899e+02 1.74524728e+02 2.12977983e+02 2.51418052e+02 3.04507885e+02 3.63552486e+02 8.87873007e-14 1.33889950e-05 5.05382480e-06 9.99439245e-01 1.59647100e-15 9.70125322e-01 8.79295418e-01 2.87437740e-06 8.63376029e-01 8.09531167e-01 9.51142982e-01 9.92364194e-01 9.98298091e-01 7.34359308e-07 5.81654864e-07 5.81654338e-07 2.44666553e-03 2.48915399e-03 1.42506774e-02 2.12740173e-02 2.57577039e-02 9.88751996e-03 5.50807316e-03 1.36156181e-02 1.25188631e-02 1.03926897e-02
5.66066066e-02 -2.92799523e-02 -3.73048751e-03 -3.73048282e-03 5.44308738e+01 9.92461170e+01 1.01581658e+02 1.32465256e+02 1.65198899e+02 1.74534059e+02 2.12949673e+02 2.51356183e+02 3.04473742e+02 3.63534495e+02 1.18145170e-14 1.30417995e-05 5.98403214e-06 9.99435586e-01 6.64559674e-15 9.69971182e-01 8.79995928e-01 2.86675306e-06 8.63702288e-01 8.08565067e-01 9.51146172e-01 9.92391376e-01 9.98304956e-01 7.34359308e-07 5.81654903e-07 5.81654299e-07 2.45466033e-03 2.48915399e-03 1.42925722e-02 2.12348938e-02 2.57577039e-02 9.87337911e-03 5.50675196e-03 1.35965076e-02 1.24916669e-02 1.03702453e-02
5.67567568e-02 -2.92799521e-02 -3.73048610e-03 -3.73047962e-03 5.44270709e+01 9.92461170e+01 1.01521725e+02 1.32389031e+02 1.65198899e+02 1.74543351e+02 2.12921396e+02 2.51294606e+02 3.04439830e+02 3.63516627e+02 7.78500060e-14 3.38915512e-06 1.39822939e-05 9.99431909e-01 2.18999229e-15 9.69817605e-01 8.80693913e-01 2.85916905e-06 8.64027718e-01 8.07598501e-01 9.51150756e-01 9.92418500e-01 9.98311789e-01 7.34359308e-07 5.81654786e-07 5.81654416e-07 2.46266777e-03 2.48915399e-03 1.43342876e-02 2.11955771e-02 2.57577039e-02 9.85927015e-03 5.50534970e-03 1.35773021e-02 1.24645308e-02 1.03478746e-02
5.69069069e-02 -2.92799520e-02 -3.73048352e-03 -3.73048034e-03 5.44232530e+01 9.92461170e+01 1.01461549e+02 1.32313155e+02 1.65198899e+02 1.74552604e+02 2.12893153e+02 2.51233319e+02 3.04406148e+02 3.63498883e+02 1.48104804e-14 5.41731675e-06 1.33693767e-05 9.99428214e-01 6.48583322e-16 9.69664608e-01 8.81389353e-01 2.85162507e-06 8.64352322e-01 8.06631491e-01 9.51156719e-01 9.92445563e-01 9.98318588e-01 7.34359308e-07 5.81654881e-07 5.81654321e-07 2.47068791e-03 2.48915399e-03 1.43758212e-02 2.11560704e-02 2.57577039e-02 9.84519299e-03 5.50386695e-03 1.35580039e-02 1.24374554e-02 1.03255775e-02
5.70570571e-02 -2.92799520e-02 -3.73048516e-03 -3.73048022e-03 5.44194201e+01 9.92461170e+01 1.01401128e+02 1.32237630e+02 1.65198899e+02 1.74561818e+02 2.12864944e+02 2.51172322e+02 3.04372694e+02 3.63481260e+02 1.46482059e-15 1.28789661e-05 6.58174172e-06 9.99424502e-01 1.17196026e-15 9.69512209e-01 8.82082228e-01 2.84412080e-06 8.64676099e-01 8.05664059e-01 9.51164048e-01 9.92472565e-01 9.98325356e-01 7.34359308e-07 5.81654924e-07 5.81654277e-07 2.47872078e-03 2.48915399e-03 1.44171702e-02 2.11163766e-02 2.57577039e-02 9.83114755e-03 5.50230428e-03 1.35386151e-02 1.24104413e-02 1.03033540e-02
5.72072072e-02 -2.92799522e-02 -3.73048609e-03 -3.73048205e-03 5.44155721e+01 9.92461170e+01 1.01340466e+02 1.32162456e+02 1.65198899e+02 1.74570994e+02 2.12836770e+02 2.51111615e+02 3.04339467e+02 3.63463758e+02 2.29934463e-14 1.34382783e-05 5.44997244e-06 9.99420772e-01 6.33409958e-15 9.69360424e-01 8.82772518e-01 2.83665591e-06 8.64999051e-01 8.04696228e-01 9.51172731e-01 9.92499505e-01 9.98332090e-01 7.34359308e-07 5.81654878e-07 5.81654323e-07 2.48676643e-03 2.48915399e-03 1.44583323e-02 2.10764987e-02 2.57577039e-02 9.81713375e-03 5.50066228e-03 1.35191381e-02 1.23834891e-02 1.02812040e-02
5.73573574e-02 -2.92799520e-02 -3.73048629e-03 -3.73048241e-03 5.44117089e+01 9.92461170e+01 1.01279561e+02 1.32087634e+02 1.65198899e+02 1.74580131e+02 2.12808631e+02 2.51051197e+02 3.04306464e+02 3.63446376e+02 6.25416759e-14 8.17507444e-06 1.20234360e-05 9.99417023e-01 3.93917808e-15 9.69209272e-01 8.83460205e-01 2.82923011e-06 8.65321180e-01 8.03728021e-01 9.51182753e-01 9.92526380e-01 9.98338793e-01 7.34359308e-07 5.81654974e-07 5.81654228e-07 2.49482489e-03 2.48915399e-03 1.44993049e-02 2.10364398e-02 2.57577039e-02 9.80315151e-03 5.49894153e-03 1.34995750e-02 1.23565994e-02 1.02591272e-02
5.75075075e-02 -2.92799522e-02 -3.73048449e-03 -3.73048204e-03 5.44078305e+01 9.92461170e+01 1.01218417e+02 1.32013164e+02 1.65198899e+02 1.74589229e+02 2.12780528e+02 2.50991067e+02 3.04273684e+02 3.63429113e+02 2.20343177e-14 6.63177793e-06 1.29816257e-05 9.99413257e-01 1.05333329e-14 9.69058769e-01 8.84145270e-01 2.82184309e-06 8.65642485e-01 8.02759460e-01 9.51194103e-01 9.92553191e-01 9.98345463e-01 7.34359308e-07 5.81654926e-07 5.81654275e-07 2.50289622e-03 2.48915399e-03 1.45400855e-02 2.09962030e-02 2.57577039e-02 9.78920074e-03 5.49714260e-03 1.34799280e-02 1.23297728e-02 1.02371237e-02
5.76576577e-02 -2.92799520e-02 -3.73048636e-03 -3.73048371e-03 5.44039369e+01 9.92461170e+01 1.01157032e+02 1.31939048e+02 1.65198899e+02 1.74598290e+02 2.12752461e+02 2.50931225e+02 3.04241126e+02 3.63411967e+02 1.33544564e-15 1.44917239e-05 1.89845871e-06 9.99409473e-01 2.03133761e-14 9.68908933e-01 8.84827695e-01 2.81449454e-06 8.65962968e-01 8.01790567e-01 9.51206766e-01 9.92579936e-01 9.98352101e-01 7.34359308e-07 5.81654702e-07 5.81654500e-07 2.51098045e-03 2.48915399e-03 1.45806718e-02 2.09557913e-02 2.57577039e-02 9.77528137e-03 5.49526609e-03 1.34601993e-02 1.23030097e-02 1.02151934e-02
5.78078078e-02 -2.92799522e-02 -3.73049040e-03 -3.73048212e-03 5.44000280e+01 9.92461170e+01 1.01095410e+02 1.31865284e+02 1.65198899e+02 1.74607312e+02 2.12724431e+02 2.50871670e+02 3.04208787e+02 3.63394937e+02 3.01169967e-14 1.39949226e-05 4.34400411e-06 9.99405671e-01 6.59348985e-15 9.68759781e-01 8.85507462e-01 2.80718416e-06 8.66282631e-01 8.00821366e-01 9.51220729e-01 9.92606613e-01 9.98358707e-01 7.34359308e-07 5.81654826e-07 5.81654376e-07 2.51907762e-03 2.48915399e-03 1.46210612e-02 2.09152078e-02 2.57577039e-02 9.76139330e-03 5.49331256e-03 1.34403909e-02 1.22763107e-02 1.01933360e-02
5.79579580e-02 -2.92799522e-02 -3.73048612e-03 -3.73048159e-03 5.43961038e+01 9.92461170e+01 1.01033550e+02 1.31791874e+02 1.65198899e+02 1.74616297e+02 2.12696438e+02 2.50812401e+02 3.04176666e+02 3.63378024e+02 1.11127394e-13 1.29966056e-05 6.85079508e-06 9.99401850e-01 2.47850630e-15 9.68611329e-01 8.86184552e-01 2.79991166e-06 8.66601473e-01 7.99851877e-01 9.51235979e-01 9.92633223e-01 9.98365281e-01 7.34359308e-07 5.81654930e-07 5.81654272e-07 2.52718778e-03 2.48915399e-03 1.46612514e-02 2.08744557e-02 2.57577039e-02 9.74753647e-03 5.49128261e-03 1.34205050e-02 1.22496762e-02 1.01715514e-02
5.81081081e-02 -2.92799521e-02 -3.73048316e-03 -3.73047709e-03 5.43921642e+01 9.92461170e+01 1.00971454e+02 1.31718819e+02 1.65198899e+02 1.74625244e+02 2.12668483e+02 2.50753418e+02 3.04144761e+02 3.63361225e+02 8.25722007e-14 4.80565632e-06 1.39237436e-05 9.99398011e-01 3.71457768e-15 9.68463594e-01 8.86858949e-01 2.79267675e-06 8.66919497e-01 7.98882122e-01 9.51252502e-01 9.92659763e-01 9.98371824e-01 7.34359308e-07 5.81654849e-07 5.81654352e-07 2.53531097e-03 2.48915399e-03 1.47012399e-02 2.08335381e-02 2.57577039e-02 9.73371079e-03 5.48917683e-03 1.34005437e-02 1.22231069e-02 1.01498396e-02
5.82582583e-02 -2.92799521e-02 -3.73048460e-03 -3.73048123e-03 5.43882091e+01 9.92461170e+01 1.00909123e+02 1.31646117e+02 1.65198899e+02 1.74634153e+02 2.12640566e+02 2.50694720e+02 3.04113070e+02 3.63344539e+02 3.12961629e-14 4.79004383e-06 1.39693652e-05 9.99394154e-01 3.29519701e-15 9.68316594e-01 8.87530636e-01 2.78547913e-06 8.67236703e-01 7.97912124e-01 9.51270286e-01 9.92686233e-01 9.98378334e-01 7.34359308e-07 5.81654848e-07 5.81654354e-07 2.54344723e-03 2.48915399e-03 1.47410246e-02 2.07924580e-02 2.57577039e-02 9.71991618e-03 5.48699580e-03 1.33805090e-02 1.21966030e-02 1.01282003e-02
5.84084084e-02 -2.92799521e-02 -3.73048669e-03 -3.73048326e-03 5.43842386e+01 9.92461170e+01 1.00846557e+02 1.31573771e+02 1.65198899e+02 1.74643026e+02 2.12612687e+02 2.50636306e+02 3.04081593e+02 3.63327967e+02 5.72863465e-14 1.33548018e-05 6.39238322e-06 9.99390278e-01 6.01460399e-15 9.68170343e-01 8.88199596e-01 2.77831851e-06 8.67553093e-01 7.96941903e-01 9.51289317e-01 9.92712632e-01 9.98384813e-01 7.34359308e-07 5.81654912e-07 5.81654290e-07 2.55159660e-03 2.48915399e-03 1.47806031e-02 2.07512187e-02 2.57577039e-02 9.70615256e-03 5.48474011e-03 1.33604029e-02 1.21701651e-02 1.01066335e-02
5.85585586e-02 -2.92799520e-02 -3.73049006e-03 -3.73048265e-03 5.43802526e+01 9.92461170e+01 1.00783759e+02 1.31501779e+02 1.65198899e+02 1.74651861e+02 2.12584848e+02 2.50578175e+02 3.04050326e+02 3.63311506e+02 6.40028754e-14 1.39375427e-05 5.10751473e-06 9.99386384e-01 1.06256487e-14 9.68024860e-01 8.88865812e-01 2.77119462e-06 8.67868667e-01 7.95971483e-01 9.51309581e-01 9.92738960e-01 9.98391261e-01 7.34359308e-07 5.81654858e-07 5.81654344e-07 2.55975913e-03 2.48915399e-03 1.48199730e-02 2.07098233e-02 2.57577039e-02 9.69241985e-03 5.48241035e-03 1.33402275e-02 1.21437937e-02 1.00851390e-02
5.87087087e-02 -2.92799522e-02 -3.73048837e-03 -3.73048474e-03 5.43762510e+01 9.92461170e+01 1.00720730e+02 1.31430143e+02 1.65198899e+02 1.74660660e+02 2.12557048e+02 2.50520327e+02 3.04019270e+02 3.63295156e+02 1.38860058e-14 1.23118181e-05 8.36016423e-06 9.99382471e-01 1.45697072e-14 9.67880159e-01 8.89529270e-01 2.76410717e-06 8.68183427e-01 7.95000883e-01 9.51331065e-01 9.92765214e-01 9.98397677e-01 7.34359308e-07 5.81654972e-07 5.81654229e-07 2.56793485e-03 2.48915399e-03 1.48591323e-02 2.06682748e-02 2.57577039e-02 9.67871796e-03 5.48000712e-03 1.33199847e-02 1.21174890e-02 1.00637167e-02
5.88588589e-02 -2.92799522e-02 -3.73048696e-03 -3.73048131e-03 5.43722338e+01 9.92461170e+01 1.00657469e+02 1.31358862e+02 1.65198899e+02 1.74669422e+02 2.12529288e+02 2.50462761e+02 3.03988421e+02 3.63278916e+02 4.93706957e-14 1.38698858e-05 5.49852541e-06 9.99378539e-01 1.37831744e-14 9.67736257e-01 8.90189952e-01 2.75705587e-06 8.68497374e-01 7.94030125e-01 9.51353756e-01 9.92791395e-01 9.98404061e-01 7.34359308e-07 5.81654874e-07 5.81654328e-07 2.57612382e-03 2.48915399e-03 1.48980785e-02 2.06265766e-02 2.57577039e-02 9.66504683e-03 5.47753100e-03 1.32996764e-02 1.20912516e-02 1.00423664e-02
5.90090090e-02 -2.92799522e-02 -3.73048337e-03 -3.73047607e-03 5.43682009e+01 9.92461170e+01 1.00593980e+02 1.31287937e+02 1.65198899e+02 1.74678147e+02 2.12501568e+02 2.50405477e+02 3.03957778e+02 3.63262785e+02 4.21957299e-14 5.57818063e-06 1.38790712e-05 9.99374589e-01 2.17303988e-15 9.67593170e-01 8.90847845e-01 2.75004046e-06 8.68810508e-01 7.93059230e-01 9.51377640e-01 9.92817502e-01 9.98410415e-01 7.34359308e-07 5.81654879e-07 5.81654322e-07 2.58432606e-03 2.48915399e-03 1.49368097e-02 2.05847318e-02 2.57577039e-02 9.65140637e-03 5.47498259e-03 1.32793047e-02 1.20650817e-02 1.00210879e-02
5.91591592e-02 -2.92799522e-02 -3.73048530e-03 -3.73048037e-03 5.43641523e+01 9.92461170e+01 1.00530263e+02 1.31217367e+02 1.65198899e+02 1.74686836e+02 2.12473888e+02 2.50348472e+02 3.03927340e+02 3.63246762e+02 7.17176377e-14 8.49755343e-06 1.23562292e-05 9.99370620e-01 8.13095563e-15 9.67450913e-01 8.91502933e-01 2.74306067e-06 8.69122832e-01 7.92088220e-01 9.51402704e-01 9.92843533e-01 9.98416738e-01 7.34359308e-07 5.81654975e-07 5.81654226e-07 2.59254163e-03 2.48915399e-03 1.49753236e-02 2.05427435e-02 2.57577039e-02 9.63779650e-03 5.47236248e-03 1.32588714e-02 1.20389798e-02 9.99988114e-03
5.93093093e-02 -2.92799520e-02 -3.73048669e-03 -3.73048099e-03 5.43600880e+01 9.92461170e+01 1.00466319e+02 1.31147154e+02 1.65198899e+02 1.74695489e+02 2.12446250e+02 2.50291747e+02 3.03897106e+02 3.63230847e+02 3.73335966e-14 9.63615157e-06 1.15400344e-05 9.99366632e-01 6.93506028e-15 9.67309503e-01 8.92155202e-01 2.73611621e-06 8.69434346e-01 7.91117115e-01 9.51428936e-01 9.92869488e-01 9.98423029e-01 7.34359308e-07 5.81654995e-07 5.81654206e-07 2.60077056e-03 2.48915399e-03 1.50136181e-02 2.05006150e-02 2.57577039e-02 9.62421713e-03 5.46967126e-03 1.32383785e-02 1.20129462e-02 9.97874591e-03
5.94594595e-02 -2.92799521e-02 -3.73048695e-03 -3.73048312e-03 5.43560078e+01 9.92461170e+01 1.00402150e+02 1.31077296e+02 1.65198899e+02 1.74704106e+02 2.12418654e+02 2.50235301e+02 3.03867073e+02 3.63215038e+02 3.44443029e-14 1.35827526e-05 6.53318734e-06 9.99362625e-01 8.10806715e-15 9.67168954e-01 8.92804637e-01 2.72920682e-06 8.69745052e-01 7.90145935e-01 9.51456320e-01 9.92895367e-01 9.98429290e-01 7.34359308e-07 5.81654912e-07 5.81654289e-07 2.60901291e-03 2.48915399e-03 1.50516912e-02 2.04583494e-02 2.57577039e-02 9.61066820e-03 5.46690954e-03 1.32178276e-02 1.19869813e-02 9.95768205e-03
5.96096096e-02 -2.92799521e-02 -3.73048584e-03 -3.73048173e-03 5.43519118e+01 9.92461170e+01 1.00337756e+02 1.31007794e+02 1.65198899e+02 1.74712688e+02 2.12391099e+02 2.50179133e+02 3.03837240e+02 3.63199334e+02 2.29174511e-14 3.47861961e-06 1.47044789e-05 9.99358598e-01 1.69640681e-14 9.67029281e-01 8.93451225e-01 2.72233224e-06 8.70054951e-01 7.89174702e-01 9.51484845e-01 9.92921168e-01 9.98435520e-01 7.34359308e-07 5.81654782e-07 5.81654420e-07 2.61726870e-03 2.48915399e-03 1.50895408e-02 2.04159499e-02 2.57577039e-02 9.59714962e-03 5.46407790e-03 1.31972208e-02 1.19610853e-02 9.93668940e-03
5.97597598e-02 -2.92799521e-02 -3.73048562e-03 -3.73048097e-03 5.43477998e+01 9.92461170e+01 1.00273140e+02 1.30938648e+02 1.65198899e+02 1.74721233e+02 2.12363587e+02 2.50123242e+02 3.03807605e+02 3.63183734e+02 1.26690017e-14 8.93679214e-06 1.22314320e-05 9.99354553e-01 2.01228857e-14 9.66890500e-01 8.94094953e-01 2.71549222e-06 8.70364043e-01 7.88203435e-01 9.51514497e-01 9.92946891e-01 9.98441719e-01 7.34359308e-07 5.81654983e-07 5.81654219e-07 2.62553798e-03 2.48915399e-03 1.51271649e-02 2.03734198e-02 2.57577039e-02 9.58366132e-03 5.46117694e-03 1.31765598e-02 1.19352586e-02 9.91576779e-03
5.99099099e-02 -2.92799522e-02 -3.73048367e-03 -3.73048209e-03 5.43436719e+01 9.92461170e+01 1.00208303e+02 1.30869857e+02 1.65198899e+02 1.74729743e+02 2.12336117e+02 2.50067627e+02 3.03778167e+02 3.63168238e+02 3.25152291e-14 8.22875806e-06 1.27638673e-05 9.99350488e-01 3.32475658e-15 9.66752624e-01 8.94735807e-01 2.70868647e-06 8.70672331e-01 7.87232155e-01 9.51545262e-01 9.92972535e-01 9.98447888e-01 7.34359308e-07 5.81654966e-07 5.81654235e-07 2.63382080e-03 2.48915399e-03 1.51645616e-02 2.03307622e-02 2.57577039e-02 9.57020321e-03 5.45820725e-03 1.31558465e-02 1.19095015e-02 9.89491705e-03
6.00600601e-02 -2.92799522e-02 -3.73048586e-03 -3.73048308e-03 5.43395280e+01 9.92461170e+01 1.00143246e+02 1.30801423e+02 1.65198899e+02 1.74738218e+02 2.12308691e+02 2.50012288e+02 3.03748925e+02 3.63152845e+02 2.14762939e-14 1.19166325e-05 9.47523718e-06 9.99346404e-01 2.94192956e-14 9.66615670e-01 8.95373775e-01 2.70191476e-06 8.70979815e-01 7.86260882e-01 9.51577128e-01 9.92998100e-01 9.98454027e-01 7.34359308e-07 5.81654991e-07 5.81654211e-07 2.64211719e-03 2.48915399e-03 1.52017288e-02 2.02879803e-02 2.57577039e-02 9.55677522e-03 5.45516943e-03 1.31350825e-02 1.18838142e-02 9.87413700e-03
6.02102102e-02 -2.92799520e-02 -3.73048607e-03 -3.73048050e-03 5.43353680e+01 9.92461170e+01 1.00077970e+02 1.30733344e+02 1.65198899e+02 1.74746658e+02 2.12281308e+02 2.49957223e+02 3.03719876e+02 3.63137554e+02 2.86222661e-14 6.11656367e-06 1.39833572e-05 9.99342301e-01 1.23983445e-14 9.66479651e-01 8.96008845e-01 2.69517681e-06 8.71286496e-01 7.85289636e-01 9.51610081e-01 9.93023584e-01 9.98460135e-01 7.34359308e-07 5.81654896e-07 5.81654305e-07 2.65042720e-03 2.48915399e-03 1.52386648e-02 2.02450774e-02 2.57577039e-02 9.54337727e-03 5.45206408e-03 1.31142696e-02 1.18581970e-02 9.85342748e-03
6.03603604e-02 -2.92799519e-02 -3.73048659e-03 -3.73048303e-03 5.43311919e+01 9.92461170e+01 1.00012477e+02 1.30665620e+02 1.65198899e+02 1.74755063e+02 2.12253969e+02 2.49902431e+02 3.03691020e+02 3.63122364e+02 7.43983125e-14 3.57612989e-06 1.48768680e-05 9.99338178e-01 1.93690906e-14 9.66344581e-01 8.96641005e-01 2.68847239e-06 8.71592377e-01 7.84318437e-01 9.51644108e-01 9.93048989e-01 9.98466214e-01 7.34359308e-07 5.81654785e-07 5.81654417e-07 2.65875087e-03 2.48915399e-03 1.52753676e-02 2.02020566e-02 2.57577039e-02 9.53000928e-03 5.44889179e-03 1.30934095e-02 1.18326502e-02 9.83278829e-03
6.05105105e-02 -2.92799521e-02 -3.73048566e-03 -3.73048076e-03 5.43269997e+01 9.92461170e+01 9.99467682e+01 1.30598252e+02 1.65198899e+02 1.74763433e+02 2.12226675e+02 2.49847912e+02 3.03662355e+02 3.63107275e+02 4.81594008e-15 1.27786765e-05 8.48419172e-06 9.99334036e-01 2.35484626e-14 9.66210475e-01 8.97270243e-01 2.68180125e-06 8.71897458e-01 7.83347305e-01 9.51679195e-01 9.93074312e-01 9.98472262e-01 7.34359308e-07 5.81654969e-07 5.81654232e-07 2.66708824e-03 2.48915399e-03 1.53118355e-02 2.01589212e-02 2.57577039e-02 9.51667117e-03 5.44565316e-03 1.30725040e-02 1.18071740e-02 9.81221926e-03
6.06606607e-02 -2.92799523e-02 -3.73048451e-03 -3.73048011e-03 5.43227912e+01 9.92461170e+01 9.98808453e+01 1.30531239e+02 1.65198899e+02 1.74771769e+02 2.12199424e+02 2.49793665e+02 3.03633879e+02 3.63092285e+02 2.64918051e-14 1.12965590e-05 1.04323013e-05 9.99329874e-01 1.12133820e-14 9.66077345e-01 8.97896549e-01 2.67516312e-06 8.72201740e-01 7.82376258e-01 9.51715331e-01 9.93099553e-01 9.98478280e-01 7.34359308e-07 5.81655000e-07 5.81654202e-07 2.67543936e-03 2.48915399e-03 1.53480666e-02 2.01156744e-02 2.57577039e-02 9.50336286e-03 5.44234878e-03 1.30515547e-02 1.17817687e-02 9.79172020e-03
6.08108108e-02 -2.92799519e-02 -3.73048588e-03 -3.73048109e-03 5.43185665e+01 9.92461170e+01 9.98147097e+01 1.30464581e+02 1.65198899e+02 1.74780070e+02 2.12172219e+02 2.49739689e+02 3.03605591e+02 3.63077393e+02 2.20526378e-14 7.73537610e-06 1.33334572e-05 9.99325692e-01 1.56558412e-14 9.65945206e-01 8.98519911e-01 2.66855778e-06 8.72505224e-01 7.81405317e-01 9.51752501e-01 9.93124712e-01 9.98484269e-01 7.34359308e-07 5.81654949e-07 5.81654252e-07 2.68380426e-03 2.48915399e-03 1.53840593e-02 2.00723192e-02 2.57577039e-02 9.49008429e-03 5.43897925e-03 1.30305633e-02 1.17564344e-02 9.77129093e-03
6.09609610e-02 -2.92799523e-02 -3.73048790e-03 -3.73048208e-03 5.43143255e+01 9.92461170e+01 9.97483628e+01 1.30398277e+02 1.65198899e+02 1.74788337e+02 2.12145060e+02 2.49685983e+02 3.03577490e+02 3.63062599e+02 3.89374206e-14 1.42621969e-05 5.94825426e-06 9.99321490e-01 1.43628842e-14 9.65814071e-01 8.99140320e-01 2.66198498e-06 8.72807913e-01 7.80434500e-01 9.51790693e-01 9.93149789e-01 9.98490228e-01 7.34359308e-07 5.81654884e-07 5.81654318e-07 2.69218299e-03 2.48915399e-03 1.54198117e-02 2.00288591e-02 2.57577039e-02 9.47683536e-03 5.43554516e-03 1.30095314e-02 1.17311713e-02 9.75093126e-03
6.11111111e-02 -2.92799520e-02 -3.73048350e-03 -3.73048044e-03 5.43100681e+01 9.92461170e+01 9.96818063e+01 1.30332327e+02 1.65198899e+02 1.74796570e+02 2.12117946e+02 2.49632546e+02 3.03549573e+02 3.63047902e+02 1.70444678e-14 1.16917200e-05 1.01623539e-05 9.99317268e-01 1.48261765e-14 9.65683952e-01 8.99757765e-01 2.65544448e-06 8.73109807e-01 7.79463827e-01 9.51829894e-01 9.93174782e-01 9.98496158e-01 7.34359308e-07 5.81654997e-07 5.81654205e-07 2.70057559e-03 2.48915399e-03 1.54553223e-02 1.99852971e-02 2.57577039e-02 9.46361601e-03 5.43204711e-03 1.29884607e-02 1.17059798e-02 9.73064100e-03
6.12612613e-02 -2.92799522e-02 -3.73048567e-03 -3.73048391e-03 5.43057943e+01 9.92461170e+01 9.96150416e+01 1.30266732e+02 1.65198899e+02 1.74804769e+02 2.12090878e+02 2.49579377e+02 3.03521840e+02 3.63033301e+02 3.30646401e-14 5.40057148e-07 1.55196248e-05 9.99313027e-01 1.33577931e-14 9.65554864e-01 9.00372237e-01 2.64893603e-06 8.73410908e-01 7.78493317e-01 9.51870090e-01 9.93199692e-01 9.98502058e-01 7.34359308e-07 5.81654575e-07 5.81654627e-07 2.70898211e-03 2.48915399e-03 1.54905894e-02 1.99416364e-02 2.57577039e-02 9.45042615e-03 5.42848569e-03 1.29673526e-02 1.16808598e-02 9.71041995e-03
6.14114114e-02 -2.92799523e-02 -3.73048789e-03 -3.73048257e-03 5.43015040e+01 9.92461170e+01 9.95480703e+01 1.30201490e+02 1.65198899e+02 1.74812934e+02 2.12063857e+02 2.49526475e+02 3.03494289e+02 3.63018796e+02 2.46871712e-14 1.49859186e-05 4.21381263e-06 9.99308765e-01 4.89948468e-14 9.65426817e-01 9.00983726e-01 2.64245942e-06 8.73711217e-01 7.77522988e-01 9.51911269e-01 9.93224518e-01 9.98507929e-01 7.34359308e-07 5.81654808e-07 5.81654394e-07 2.71740257e-03 2.48915399e-03 1.55256114e-02 1.98978803e-02 2.57577039e-02 9.43726572e-03 5.42486149e-03 1.29462088e-02 1.16558117e-02 9.69026793e-03
6.15615616e-02 -2.92799522e-02 -3.73048681e-03 -3.73048281e-03 5.42971972e+01 9.92461170e+01 9.94808940e+01 1.30136601e+02 1.65198899e+02 1.74821066e+02 2.12036882e+02 2.49473839e+02 3.03466919e+02 3.63004385e+02 3.87274892e-14 1.37543126e-05 7.37152046e-06 9.99304483e-01 2.10389232e-14 9.65299825e-01 9.01592225e-01 2.63601440e-06 8.74010734e-01 7.76552859e-01 9.51953418e-01 9.93249259e-01 9.98513770e-01 7.34359308e-07 5.81654933e-07 5.81654268e-07 2.72583703e-03 2.48915399e-03 1.55603868e-02 1.98540318e-02 2.57577039e-02 9.42413462e-03 5.42117511e-03 1.29250308e-02 1.16308355e-02 9.67018473e-03
6.17117117e-02 -2.92799522e-02 -3.73048784e-03 -3.73048210e-03 5.42928738e+01 9.92461170e+01 9.94135142e+01 1.30072065e+02 1.65198899e+02 1.74829164e+02 2.12009954e+02 2.49421468e+02 3.03439728e+02 3.62990068e+02 2.45871054e-14 1.46760348e-05 5.41514403e-06 9.99300181e-01 5.47843227e-14 9.65173899e-01 9.02197724e-01 2.62960073e-06 8.74309463e-01 7.75582948e-01 9.51996525e-01 9.93273916e-01 9.98519583e-01 7.34359308e-07 5.81654859e-07 5.81654342e-07 2.73428553e-03 2.48915399e-03 1.55949141e-02 1.98100942e-02 2.57577039e-02 9.41103279e-03 5.41742713e-03 1.29038201e-02 1.16059315e-02 9.65017016e-03
6.18618619e-02 -2.92799522e-02 -3.73048447e-03 -3.73047983e-03 5.42885338e+01 9.92461170e+01 9.93459326e+01 1.30007881e+02 1.65198899e+02 1.74837229e+02 2.11983074e+02 2.49369361e+02 3.03412715e+02 3.62975844e+02 6.38631780e-14 8.74997066e-06 1.30130721e-05 9.99295859e-01 5.60973248e-14 9.65049052e-01 9.02800215e-01 2.62321821e-06 8.74607403e-01 7.74613274e-01 9.52040575e-01 9.93298487e-01 9.98525367e-01 7.34359308e-07 5.81654972e-07 5.81654229e-07 2.74274811e-03 2.48915399e-03 1.56291917e-02 1.97660707e-02 2.57577039e-02 9.39796016e-03 5.41361816e-03 1.28825783e-02 1.15810997e-02 9.63022402e-03
6.20120120e-02 -2.92799521e-02 -3.73048484e-03 -3.73048100e-03 5.42841771e+01 9.92461170e+01 9.92781508e+01 1.29944049e+02 1.65198899e+02 1.74845261e+02 2.11956241e+02 2.49317518e+02 3.03385878e+02 3.62961713e+02 8.13691149e-15 5.27189987e-06 1.48089248e-05 9.99291516e-01 3.74876383e-13 9.64925295e-01 9.03399691e-01 2.61686659e-06 8.74904557e-01 7.73643855e-01 9.52085558e-01 9.93322973e-01 9.98531122e-01 7.34359308e-07 5.81654855e-07 5.81654346e-07 2.75122481e-03 2.48915399e-03 1.56632184e-02 1.97219643e-02 2.57577039e-02 9.38491663e-03 5.40974877e-03 1.28613068e-02 1.15563403e-02 9.61034610e-03
6.21621622e-02 -2.92799521e-02 -3.73048528e-03 -3.73048009e-03 5.42798037e+01 9.92101705e+01 9.92461170e+01 1.29880568e+02 1.65198899e+02 1.74853260e+02 2.11929457e+02 2.49265937e+02 3.03359217e+02 3.62947672e+02 9.82034600e-15 6.86370915e-06 1.41839600e-05 9.99287153e-01 9.64802639e-01 3.83091029e-13 9.03996145e-01 2.61054566e-06 8.75200925e-01 7.72674709e-01 9.52131459e-01 9.93347373e-01 9.98536849e-01 7.34359308e-07 5.81654916e-07 5.81654286e-07 2.75971568e-03 1.56969926e-02 2.48915399e-03 1.96777782e-02 2.57577039e-02 9.37190215e-03 5.40581957e-03 1.28400071e-02 1.15316534e-02 9.59053621e-03
6.23123123e-02 -2.92799520e-02 -3.73048629e-03 -3.73047943e-03 5.42754134e+01 9.91419933e+01 9.92461170e+01 1.29817438e+02 1.65198899e+02 1.74861227e+02 2.11902721e+02 2.49214617e+02 3.03332729e+02 3.62933723e+02 1.08836847e-14 2.93522918e-06 1.55203285e-05 9.99282769e-01 9.64681096e-01 1.19571955e-13 9.04589570e-01 2.60425519e-06 8.75496509e-01 7.71705853e-01 9.52178267e-01 9.93371687e-01 9.98542547e-01 7.34359308e-07 5.81654749e-07 5.81654453e-07 2.76822075e-03 1.57305131e-02 2.48915399e-03 1.96335157e-02 2.57577039e-02 9.35891663e-03 5.40183113e-03 1.28186806e-02 1.15070391e-02 9.57079414e-03
6.24624625e-02 -2.92799520e-02 -3.73048778e-03 -3.73048246e-03 5.42710064e+01 9.90736209e+01 9.92461170e+01 1.29754658e+02 1.65198899e+02 1.74869160e+02 2.11876034e+02 2.49163558e+02 3.03306414e+02 3.62919864e+02 1.28670066e-13 1.38004676e-05 7.76190061e-06 9.99278364e-01 9.64560675e-01 1.35071294e-13 9.05179959e-01 2.59799496e-06 8.75791311e-01 7.70737306e-01 9.52225969e-01 9.93395915e-01 9.98548217e-01 7.34359308e-07 5.81654942e-07 5.81654260e-07 2.77674006e-03 1.57637785e-02 2.48915399e-03 1.95891797e-02 2.57577039e-02 9.34595999e-03 5.39778405e-03 1.27973287e-02 1.14824975e-02 9.55111968e-03
6.26126126e-02 -2.92799520e-02 -3.73048395e-03 -3.73048276e-03 5.42665825e+01 9.90050550e+01 9.92461170e+01 1.29692227e+02 1.65198899e+02 1.74877062e+02 2.11849395e+02 2.49112757e+02 3.03280270e+02 3.62906094e+02 3.61438621e-14 7.18125007e-06 1.41540239e-05 9.99273939e-01 9.64441389e-01 3.18157958e-14 9.05767307e-01 2.59176475e-06 8.76085331e-01 7.69769085e-01 9.52274552e-01 9.93420055e-01 9.98553858e-01 7.34359308e-07 5.81654925e-07 5.81654276e-07 2.78527366e-03 1.57967876e-02 2.48915399e-03 1.95447734e-02 2.57577039e-02 9.33303217e-03 5.39367890e-03 1.27759529e-02 1.14580288e-02 9.53151263e-03
6.27627628e-02 -2.92799522e-02 -3.73048423e-03 -3.73047917e-03 5.42621416e+01 9.89362973e+01 9.92461170e+01 1.29630146e+02 1.65198899e+02 1.74884930e+02 2.11822806e+02 2.49062215e+02 3.03254295e+02 3.62892412e+02 2.93870750e-15 6.12073122e-06 1.46851295e-05 9.99269492e-01 9.64323246e-01 4.70747496e-14 9.06351607e-01 2.58556436e-06 8.76378571e-01 7.68801207e-01 9.52324005e-01 9.93444109e-01 9.98559472e-01 7.34359308e-07 5.81654887e-07 5.81654315e-07 2.79382160e-03 1.58295391e-02 2.48915399e-03 1.95002999e-02 2.57577039e-02 9.32013309e-03 5.38951629e-03 1.27545545e-02 1.14336329e-02 9.51197277e-03
6.29129129e-02 -2.92799521e-02 -3.73048519e-03 -3.73047760e-03 5.42576837e+01 9.88673495e+01 9.92461170e+01 1.29568412e+02 1.65198899e+02 1.74892767e+02 2.11796266e+02 2.49011930e+02 3.03228489e+02 3.62878819e+02 2.67676439e-14 8.88026492e-07 1.59229495e-05 9.99265025e-01 9.64206258e-01 1.82177429e-15 9.06932854e-01 2.57939356e-06 8.76671033e-01 7.67833689e-01 9.52374314e-01 9.93468076e-01 9.98565057e-01 7.34359308e-07 5.81654647e-07 5.81654554e-07 2.80238390e-03 1.58620319e-02 2.48915399e-03 1.94557624e-02 2.57577039e-02 9.30726266e-03 5.38529678e-03 1.27331349e-02 1.14093100e-02 9.49249990e-03
6.30630631e-02 -2.92799520e-02 -3.73048502e-03 -3.73048047e-03 5.42532087e+01 9.87982134e+01 9.92461170e+01 1.29507026e+02 1.65198899e+02 1.74900572e+02 2.11769776e+02 2.48961901e+02 3.03202851e+02 3.62865312e+02 6.04222775e-14 8.70601647e-06 1.34070734e-05 9.99260537e-01 9.64090433e-01 2.22986025e-14 9.07511044e-01 2.57325215e-06 8.76962718e-01 7.66866549e-01 9.52425468e-01 9.93491955e-01 9.98570615e-01 7.34359308e-07 5.81654967e-07 5.81654234e-07 2.81096062e-03 1.58942648e-02 2.48915399e-03 1.94111638e-02 2.57577039e-02 9.29442082e-03 5.38102097e-03 1.27116954e-02 1.13850601e-02 9.47309381e-03
6.32132132e-02 -2.92799521e-02 -3.73048809e-03 -3.73048405e-03 5.42487167e+01 9.87288907e+01 9.92461170e+01 1.29445987e+02 1.65198899e+02 1.74908345e+02 2.11743337e+02 2.48912128e+02 3.03177378e+02 3.62851892e+02 1.13190932e-14 1.43078697e-05 7.21439755e-06 9.99256028e-01 9.63975781e-01 4.91170435e-14 9.08086171e-01 2.56713991e-06 8.77253628e-01 7.65899803e-01 9.52477453e-01 9.93515747e-01 9.98576145e-01 7.34359308e-07 5.81654922e-07 5.81654280e-07 2.81955179e-03 1.59262368e-02 2.48915399e-03 1.93665072e-02 2.57577039e-02 9.28160750e-03 5.37668943e-03 1.26902374e-02 1.13608833e-02 9.45375428e-03
6.33633634e-02 -2.92799522e-02 -3.73048385e-03 -3.73047686e-03 5.42442075e+01 9.86593832e+01 9.92461170e+01 1.29385295e+02 1.65198899e+02 1.74916086e+02 2.11716948e+02 2.48862608e+02 3.03152069e+02 3.62838558e+02 2.99021230e-14 4.89634879e-06 1.52973743e-05 9.99251497e-01 9.63862311e-01 2.37236262e-15 9.08658232e-01 2.56105664e-06 8.77543763e-01 7.64933469e-01 9.52530259e-01 9.93539450e-01 9.98581647e-01 7.34359308e-07 5.81654835e-07 5.81654367e-07 2.82815746e-03 1.59579467e-02 2.48915399e-03 1.93217957e-02 2.57577039e-02 9.26882261e-03 5.37230274e-03 1.26687620e-02 1.13367796e-02 9.43448111e-03
6.35135135e-02 -2.92799521e-02 -3.73048612e-03 -3.73048295e-03 5.42396810e+01 9.85896926e+01 9.92461170e+01 1.29324947e+02 1.65198899e+02 1.74923796e+02 2.11690609e+02 2.48813341e+02 3.03126924e+02 3.62825309e+02 7.11582031e-15 9.53957888e-06 1.29693657e-05 9.99246945e-01 9.63750033e-01 4.22751133e-14 9.09227223e-01 2.55500213e-06 8.77833125e-01 7.63967562e-01 9.52583873e-01 9.93563066e-01 9.98587122e-01 7.34359308e-07 5.81654984e-07 5.81654218e-07 2.83677767e-03 1.59893936e-02 2.48915399e-03 1.92770324e-02 2.57577039e-02 9.25606609e-03 5.36786149e-03 1.26472707e-02 1.13127491e-02 9.41527407e-03
6.36636637e-02 -2.92799521e-02 -3.73048499e-03 -3.73048182e-03 5.42351373e+01 9.85198208e+01 9.92461170e+01 1.29264944e+02 1.65198899e+02 1.74931474e+02 2.11664321e+02 2.48764327e+02 3.03101941e+02 3.62812144e+02 1.45667677e-14 1.07805423e-05 1.20089525e-05 9.99242372e-01 9.63638955e-01 4.97088159e-14 9.09793141e-01 2.54897618e-06 8.78121716e-01 7.63002099e-01 9.52638283e-01 9.93586593e-01 9.98592570e-01 7.34359308e-07 5.81654999e-07 5.81654202e-07 2.84541245e-03 1.60205765e-02 2.48915399e-03 1.92322201e-02 2.57577039e-02 9.24333786e-03 5.36336624e-03 1.26257647e-02 1.12887917e-02 9.39613295e-03
6.38138138e-02 -2.92799521e-02 -3.73048401e-03 -3.73048109e-03 5.42305763e+01 9.84497696e+01 9.92461170e+01 1.29205285e+02 1.65198899e+02 1.74939122e+02 2.11638085e+02 2.48715563e+02 3.03077118e+02 3.62799063e+02 2.11527777e-15 1.05643921e-05 1.22498395e-05 9.99237777e-01 9.63529085e-01 5.47722258e-15 9.10355982e-01 2.54297859e-06 8.78409537e-01 7.62037097e-01 9.52693476e-01 9.93610033e-01 9.98597990e-01 7.34359308e-07 5.81654997e-07 5.81654204e-07 2.85406186e-03 1.60514944e-02 2.48915399e-03 1.91873620e-02 2.57577039e-02 9.23063784e-03 5.35881758e-03 1.26042451e-02 1.12649076e-02 9.37705753e-03
6.39639640e-02 -2.92799520e-02 -3.73048399e-03 -3.73048067e-03 5.42259979e+01 9.83795408e+01 9.92461170e+01 1.29145969e+02 1.65198899e+02 1.74946738e+02 2.11611900e+02 2.48667050e+02 3.03052455e+02 3.62786065e+02 2.29780956e-14 4.20213531e-06 1.56601347e-05 9.99233161e-01 9.63420431e-01 1.34924335e-14 9.10915743e-01 2.53700916e-06 8.78696589e-01 7.61072571e-01 9.52749442e-01 9.93633383e-01 9.98603383e-01 7.34359308e-07 5.81654803e-07 5.81654399e-07 2.86272592e-03 1.60821465e-02 2.48915399e-03 1.91424610e-02 2.57577039e-02 9.21796596e-03 5.35421608e-03 1.25827134e-02 1.12410968e-02 9.35804761e-03
6.41141141e-02 -2.92799522e-02 -3.73048457e-03 -3.73048046e-03 5.42214020e+01 9.83091361e+01 9.92461170e+01 1.29086995e+02 1.65198899e+02 1.74954323e+02 2.11585767e+02 2.48618785e+02 3.03027950e+02 3.62773149e+02 8.64871689e-16 8.73862581e-06 1.37029154e-05 9.99228523e-01 9.63313002e-01 3.45332538e-15 9.11472423e-01 2.53106769e-06 8.78982875e-01 7.60108537e-01 9.52806169e-01 9.93656645e-01 9.98608750e-01 7.34359308e-07 5.81654965e-07 5.81654237e-07 2.87140469e-03 1.61125319e-02 2.48915399e-03 1.90975201e-02 2.57577039e-02 9.20532216e-03 5.34956231e-03 1.25611705e-02 1.12173592e-02 9.33910295e-03
6.42642643e-02 -2.92799520e-02 -3.73048641e-03 -3.73048180e-03 5.42167886e+01 9.82385576e+01 9.92461170e+01 1.29028362e+02 1.65198899e+02 1.74961877e+02 2.11559685e+02 2.48570768e+02 3.03003602e+02 3.62760315e+02 1.85491509e-14 7.76826099e-06 1.43187359e-05 9.99223863e-01 9.63206804e-01 1.11424398e-15 9.12026020e-01 2.52515398e-06 8.79268395e-01 7.59145012e-01 9.52863643e-01 9.93679819e-01 9.98614089e-01 7.34359308e-07 5.81654938e-07 5.81654264e-07 2.88009821e-03 1.61426497e-02 2.48915399e-03 1.90525422e-02 2.57577039e-02 9.19270635e-03 5.34485683e-03 1.25396178e-02 1.11936948e-02 9.32022334e-03
6.44144144e-02 -2.92799521e-02 -3.73048871e-03 -3.73048616e-03 5.42121577e+01 9.81678069e+01 9.92461170e+01 1.28970069e+02 1.65198899e+02 1.74969401e+02 2.11533656e+02 2.48522998e+02 3.02979410e+02 3.62747562e+02 7.15410016e-14 1.02709542e-05 1.26933480e-05 9.99219182e-01 9.63101844e-01 1.59930103e-14 9.12576531e-01 2.51926784e-06 8.79553151e-01 7.58182010e-01 9.52921855e-01 9.93702903e-01 9.98619402e-01 7.34359308e-07 5.81654993e-07 5.81654209e-07 2.88880651e-03 1.61724993e-02 2.48915399e-03 1.90075302e-02 2.57577039e-02 9.18011846e-03 5.34010023e-03 1.25180564e-02 1.11701037e-02 9.30140856e-03
6.45645646e-02 -2.92799522e-02 -3.73048495e-03 -3.73048112e-03 5.42075091e+01 9.80968860e+01 9.92461170e+01 1.28912116e+02 1.65198899e+02 1.74976895e+02 2.11507680e+02 2.48475473e+02 3.02955373e+02 3.62734889e+02 9.01066456e-14 1.28859397e-05 1.00901211e-05 9.99214478e-01 9.62998131e-01 3.78485306e-15 9.13123956e-01 2.51340907e-06 8.79837144e-01 7.57219548e-01 9.52980792e-01 9.93725899e-01 9.98624689e-01 7.34359308e-07 5.81654989e-07 5.81654212e-07 2.89752963e-03 1.62020799e-02 2.48915399e-03 1.89624871e-02 2.57577039e-02 9.16755842e-03 5.33529305e-03 1.24964874e-02 1.11465858e-02 9.28265840e-03
6.47147147e-02 -2.92799521e-02 -3.73048699e-03 -3.73048481e-03 5.42028429e+01 9.80257968e+01 9.92461170e+01 1.28854501e+02 1.65198899e+02 1.74984358e+02 2.11481756e+02 2.48428194e+02 3.02931489e+02 3.62722296e+02 3.83626238e-14 9.92685924e-06 1.30599675e-05 9.99209753e-01 9.62895670e-01 1.45106801e-14 9.13668294e-01 2.50757750e-06 8.80120376e-01 7.56257641e-01 9.53040444e-01 9.93748806e-01 9.98629949e-01 7.34359308e-07 5.81654987e-07 5.81654214e-07 2.90626762e-03 1.62313908e-02 2.48915399e-03 1.89174157e-02 2.57577039e-02 9.15502616e-03 5.33043588e-03 1.24749120e-02 1.11231412e-02 9.26397262e-03
6.48648649e-02 -2.92799521e-02 -3.73048557e-03 -3.73048248e-03 5.41981590e+01 9.79545411e+01 9.92461170e+01 1.28797223e+02 1.65198899e+02 1.74991791e+02 2.11455885e+02 2.48381157e+02 3.02907757e+02 3.62709782e+02 3.57018989e-14 1.16931300e-05 1.15596796e-05 9.99205005e-01 9.62794468e-01 2.24653525e-14 9.14209545e-01 2.50177292e-06 8.80402848e-01 7.55296303e-01 9.53100797e-01 9.93771624e-01 9.98635183e-01 7.34359308e-07 5.81655001e-07 5.81654200e-07 2.91502052e-03 1.62604313e-02 2.48915399e-03 1.88723190e-02 2.57577039e-02 9.14252160e-03 5.32552927e-03 1.24533312e-02 1.10997697e-02 9.24535101e-03
6.50150150e-02 -2.92799519e-02 -3.73048573e-03 -3.73048238e-03 5.41934573e+01 9.78831208e+01 9.92461170e+01 1.28740282e+02 1.65198899e+02 1.74999193e+02 2.11430067e+02 2.48334363e+02 3.02884176e+02 3.62697347e+02 1.09462410e-13 1.22793364e-05 1.09921096e-05 9.99200235e-01 9.62694531e-01 2.13352167e-14 9.14747707e-01 2.49599515e-06 8.80684562e-01 7.54335550e-01 9.53161842e-01 9.93794352e-01 9.98640390e-01 7.34359308e-07 5.81654999e-07 5.81654203e-07 2.92378837e-03 1.62892009e-02 2.48915399e-03 1.88271997e-02 2.57577039e-02 9.13004467e-03 5.32057378e-03 1.24317463e-02 1.10764714e-02 9.22679334e-03
6.51651652e-02 -2.92799522e-02 -3.73048489e-03 -3.73048069e-03 5.41887377e+01 9.78115379e+01 9.92461170e+01 1.28683677e+02 1.65198899e+02 1.75006566e+02 2.11404302e+02 2.48287811e+02 3.02860745e+02 3.62684989e+02 2.07848704e-14 8.43088411e-06 1.42050963e-05 9.99195443e-01 9.62595865e-01 6.21444218e-15 9.15282783e-01 2.49024401e-06 8.80965520e-01 7.53375396e-01 9.53223566e-01 9.93816992e-01 9.98645572e-01 7.34359308e-07 5.81654953e-07 5.81654248e-07 2.93257121e-03 1.63176990e-02 2.48915399e-03 1.87820606e-02 2.57577039e-02 9.11759530e-03 5.31556997e-03 1.24101582e-02 1.10532462e-02 9.20829940e-03
6.53153153e-02 -2.92799521e-02 -3.73048683e-03 -3.73048193e-03 5.41840003e+01 9.77397943e+01 9.92461170e+01 1.28627406e+02 1.65198899e+02 1.75013910e+02 2.11378591e+02 2.48241499e+02 3.02837463e+02 3.62672709e+02 5.38201501e-14 1.89901760e-06 1.64474068e-05 9.99190629e-01 9.62498475e-01 2.46883730e-15 9.15814771e-01 2.48451931e-06 8.81245722e-01 7.52415857e-01 9.53285960e-01 9.93839543e-01 9.98650728e-01 7.34359308e-07 5.81654694e-07 5.81654508e-07 2.94136908e-03 1.63459250e-02 2.48915399e-03 1.87369047e-02 2.57577039e-02 9.10517342e-03 5.31051839e-03 1.23885681e-02 1.10300941e-02 9.18986895e-03
6.54654655e-02 -2.92799521e-02 -3.73048332e-03 -3.73048046e-03 5.41792448e+01 9.76678918e+01 9.92461170e+01 1.28571468e+02 1.65198899e+02 1.75021223e+02 2.11352934e+02 2.48195426e+02 3.02814328e+02 3.62660505e+02 1.74278927e-14 7.04823992e-06 1.50235668e-05 9.99185792e-01 9.62402367e-01 7.23401611e-15 9.16343673e-01 2.47882088e-06 8.81525171e-01 7.51456947e-01 9.53349011e-01 9.93862004e-01 9.98655858e-01 7.34359308e-07 5.81654910e-07 5.81654292e-07 2.95018202e-03 1.63738784e-02 2.48915399e-03 1.86917346e-02 2.57577039e-02 9.09277896e-03 5.30541961e-03 1.23669769e-02 1.10070151e-02 9.17150178e-03
6.56156156e-02 -2.92799520e-02 -3.73048587e-03 -3.73047843e-03 5.41744714e+01 9.75958324e+01 9.92461170e+01 1.28515862e+02 1.65198899e+02 1.75028507e+02 2.11327331e+02 2.48149591e+02 3.02791339e+02 3.62648377e+02 6.33543895e-14 3.58921714e-06 1.62409189e-05 9.99180932e-01 9.62307545e-01 5.36397624e-15 9.16869491e-01 2.47314852e-06 8.81803867e-01 7.50498679e-01 9.53412708e-01 9.93884376e-01 9.98660962e-01 7.34359308e-07 5.81654771e-07 5.81654430e-07 2.95901007e-03 1.64015589e-02 2.48915399e-03 1.86465531e-02 2.57577039e-02 9.08041183e-03 5.30027417e-03 1.23453857e-02 1.09840090e-02 9.15319767e-03
6.57657658e-02 -2.92799522e-02 -3.73048706e-03 -3.73048262e-03 5.41696799e+01 9.75236181e+01 9.92461170e+01 1.28460588e+02 1.65198899e+02 1.75035762e+02 2.11301782e+02 2.48103993e+02 3.02768496e+02 3.62636324e+02 4.91760355e-15 1.48219744e-05 7.63063462e-06 9.99176050e-01 9.62214015e-01 1.32558773e-16 9.17392225e-01 2.46750206e-06 8.82081813e-01 7.49541069e-01 9.53477041e-01 9.93906659e-01 9.98666041e-01 7.34359308e-07 5.81654926e-07 5.81654276e-07 2.96785328e-03 1.64289660e-02 2.48915399e-03 1.86013629e-02 2.57577039e-02 9.06807198e-03 5.29508263e-03 1.23237956e-02 1.09610758e-02 9.13495637e-03
6.59159159e-02 -2.92799521e-02 -3.73048465e-03 -3.73048131e-03 5.41648703e+01 9.74512508e+01 9.92461170e+01 1.28405644e+02 1.65198899e+02 1.75042988e+02 2.11276287e+02 2.48058631e+02 3.02745797e+02 3.62624347e+02 1.98922301e-14 5.09755028e-06 1.59123527e-05 9.99171145e-01 9.62121780e-01 3.29434575e-15 9.17911878e-01 2.46188132e-06 8.82359009e-01 7.48584131e-01 9.53541999e-01 9.93928853e-01 9.98671094e-01 7.34359308e-07 5.81654835e-07 5.81654366e-07 2.97671168e-03 1.64560993e-02 2.48915399e-03 1.85561668e-02 2.57577039e-02 9.05575933e-03 5.28984552e-03 1.23022074e-02 1.09382155e-02 9.11677768e-03
6.60660661e-02 -2.92799522e-02 -3.73048741e-03 -3.73048455e-03 5.41600424e+01 9.73787324e+01 9.92461170e+01 1.28351029e+02 1.65198899e+02 1.75050184e+02 2.11250847e+02 2.48013504e+02 3.02723241e+02 3.62612443e+02 2.09088942e-14 1.37640867e-05 9.53998321e-06 9.99166217e-01 9.62030846e-01 8.81745902e-15 9.18428452e-01 2.45628614e-06 8.82635458e-01 7.47627877e-01 9.53607571e-01 9.93950958e-01 9.98676122e-01 7.34359308e-07 5.81654975e-07 5.81654226e-07 2.98558531e-03 1.64829585e-02 2.48915399e-03 1.85109675e-02 2.57577039e-02 9.04347381e-03 5.28456341e-03 1.22806222e-02 1.09154280e-02 9.09866137e-03
6.62162162e-02 -2.92799519e-02 -3.73048721e-03 -3.73048328e-03 5.41551963e+01 9.73060650e+01 9.92461170e+01 1.28296741e+02 1.65198899e+02 1.75057352e+02 2.11225462e+02 2.47968611e+02 3.02700827e+02 3.62600613e+02 1.19213823e-13 1.50748192e-05 7.38156222e-06 9.99161266e-01 9.61941215e-01 1.21304484e-14 9.18941950e-01 2.45071633e-06 8.82911161e-01 7.46672323e-01 9.53673747e-01 9.93972974e-01 9.98681126e-01 7.34359308e-07 5.81654916e-07 5.81654286e-07 2.99447421e-03 1.65095432e-02 2.48915399e-03 1.84657675e-02 2.57577039e-02 9.03121535e-03 5.27923682e-03 1.22590410e-02 1.08927131e-02 9.08060720e-03
6.63663664e-02 -2.92799520e-02 -3.73048637e-03 -3.73047748e-03 5.41503319e+01 9.72332504e+01 9.92461170e+01 1.28242781e+02 1.65198899e+02 1.75064491e+02 2.11200131e+02 2.47923951e+02 3.02678554e+02 3.62588856e+02 3.82147742e-14 4.72914680e-06 1.61447198e-05 9.99156292e-01 9.61852891e-01 1.20635507e-14 9.19452374e-01 2.44517172e-06 8.83186120e-01 7.45717481e-01 9.53740515e-01 9.93994902e-01 9.98686104e-01 7.34359308e-07 5.81654819e-07 5.81654383e-07 3.00337843e-03 1.65358534e-02 2.48915399e-03 1.84205696e-02 2.57577039e-02 9.01898388e-03 5.27386630e-03 1.22374646e-02 1.08700709e-02 9.06261496e-03
6.65165165e-02 -2.92799520e-02 -3.73048605e-03 -3.73048248e-03 5.41454491e+01 9.71602907e+01 9.92461170e+01 1.28189145e+02 1.65198899e+02 1.75071601e+02 2.11174856e+02 2.47879522e+02 3.02656421e+02 3.62577172e+02 4.41574837e-14 1.56041391e-05 6.38824824e-06 9.99151295e-01 9.61765878e-01 2.63898676e-15 9.19959729e-01 2.43965215e-06 8.83460335e-01 7.44763365e-01 9.53807865e-01 9.94016740e-01 9.98691057e-01 7.34359308e-07 5.81654880e-07 5.81654321e-07 3.01229800e-03 1.65618886e-02 2.48915399e-03 1.83753762e-02 2.57577039e-02 9.00677932e-03 5.26845239e-03 1.22158941e-02 1.08475013e-02 9.04468442e-03
6.66666667e-02 -2.92799522e-02 -3.73048686e-03 -3.73048289e-03 5.41405479e+01 9.70871878e+01 9.92461170e+01 1.28135835e+02 1.65198899e+02 1.75078683e+02 2.11149636e+02 2.47835323e+02 3.02634426e+02 3.62565560e+02 3.94110505e-14 1.47648148e-05 8.22095390e-06 9.99146275e-01 9.61680179e-01 6.84138405e-15 9.20464016e-01 2.43415744e-06 8.83733809e-01 7.43809989e-01 9.53875787e-01 9.94038489e-01 9.98695986e-01 7.34359308e-07 5.81654940e-07 5.81654261e-07 3.02123297e-03 1.65876488e-02 2.48915399e-03 1.83301902e-02 2.57577039e-02 8.99460161e-03 5.26299563e-03 1.21943303e-02 1.08250040e-02 9.02681535e-03
6.68168168e-02 -2.92799520e-02 -3.73048419e-03 -3.73048105e-03 5.41356282e+01 9.70139437e+01 9.92461170e+01 1.28082847e+02 1.65198899e+02 1.75085737e+02 2.11124472e+02 2.47791355e+02 3.02612569e+02 3.62554018e+02 9.16288370e-15 2.54337565e-06 1.67452364e-05 9.99141231e-01 9.61595796e-01 2.94414275e-15 9.20965241e-01 2.42868742e-06 8.84006543e-01 7.42857365e-01 9.53944271e-01 9.94060149e-01 9.98700890e-01 7.34359308e-07 5.81654722e-07 5.81654480e-07 3.03018337e-03 1.66131338e-02 2.48915399e-03 1.82850138e-02 2.57577039e-02 8.98245068e-03 5.25749654e-03 1.21727741e-02 1.08025792e-02 9.00900753e-03
6.69669670e-02 -2.92799521e-02 -3.73048670e-03 -3.73048160e-03 5.41306900e+01 9.69405605e+01 9.92461170e+01 1.28030181e+02 1.65198899e+02 1.75092762e+02 2.11099363e+02 2.47747614e+02 3.02590848e+02 3.62542548e+02 2.83551752e-14 1.38992266e-05 9.74545843e-06 9.99136164e-01 9.61512732e-01 7.11745006e-15 9.21463407e-01 2.42324193e-06 8.84278538e-01 7.41905506e-01 9.54013305e-01 9.94081721e-01 9.98705769e-01 7.34359308e-07 5.81654977e-07 5.81654225e-07 3.03914924e-03 1.66383434e-02 2.48915399e-03 1.82398498e-02 2.57577039e-02 8.97032645e-03 5.25195566e-03 1.21512264e-02 1.07802266e-02 8.99126073e-03
6.71171171e-02 -2.92799520e-02 -3.73048307e-03 -3.73047831e-03 5.41257331e+01 9.68670400e+01 9.92461170e+01 1.27977836e+02 1.65198899e+02 1.75099759e+02 2.11074310e+02 2.47704101e+02 3.02569263e+02 3.62531148e+02 1.22305196e-14 4.08690835e-06 1.65152444e-05 9.99131073e-01 9.61430989e-01 4.58483707e-15 9.21958519e-01 2.41782081e-06 8.84549797e-01 7.40954425e-01 9.54082881e-01 9.94103204e-01 9.98710624e-01 7.34359308e-07 5.81654789e-07 5.81654412e-07 3.04813062e-03 1.66632777e-02 2.48915399e-03 1.81947006e-02 2.57577039e-02 8.95822886e-03 5.24637352e-03 1.21296881e-02 1.07579461e-02 8.97357471e-03
6.72672673e-02 -2.92799521e-02 -3.73048638e-03 -3.73048043e-03 5.41207576e+01 9.67933843e+01 9.92461170e+01 1.27925810e+02 1.65198899e+02 1.75106729e+02 2.11049313e+02 2.47660814e+02 3.02547813e+02 3.62519817e+02 6.48832229e-14 1.82483553e-06 1.69535438e-05 9.99125959e-01 9.61350570e-01 6.19016643e-15 9.22450582e-01 2.41242389e-06 8.84820320e-01 7.40004135e-01 9.54152988e-01 9.94124599e-01 9.98715455e-01 7.34359308e-07 5.81654688e-07 5.81654514e-07 3.05712756e-03 1.66879365e-02 2.48915399e-03 1.81495686e-02 2.57577039e-02 8.94615783e-03 5.24075064e-03 1.21081601e-02 1.07357377e-02 8.95594927e-03
6.74174174e-02 -2.92799521e-02 -3.73048924e-03 -3.73048162e-03 5.41157633e+01 9.67195955e+01 9.92461170e+01 1.27874102e+02 1.65198899e+02 1.75113670e+02 2.11024372e+02 2.47617752e+02 3.02526495e+02 3.62508556e+02 6.15799882e-14 1.64895694e-05 4.48845448e-06 9.99120821e-01 9.61271476e-01 5.99049268e-15 9.22939601e-01 2.40705101e-06 8.85090110e-01 7.39054649e-01 9.54223616e-01 9.94145905e-01 9.98720262e-01 7.34359308e-07 5.81654802e-07 5.81654400e-07 3.06614009e-03 1.67123199e-02 2.48915399e-03 1.81044564e-02 2.57577039e-02 8.93411330e-03 5.23508755e-03 1.20866431e-02 1.07136012e-02 8.93838416e-03
6.75675676e-02 -2.92799521e-02 -3.73049153e-03 -3.73048366e-03 5.41107502e+01 9.66456754e+01 9.92461170e+01 1.27822711e+02 1.65198899e+02 1.75120584e+02 2.10999488e+02 2.47574913e+02 3.02505311e+02 3.62497363e+02 8.23957572e-14 1.70081439e-05 2.01928544e-06 9.99115659e-01 9.61193708e-01 3.59164624e-16 9.23425580e-01 2.40170201e-06 8.85359168e-01 7.38105978e-01 9.54294754e-01 9.94167123e-01 9.98725045e-01 7.34359308e-07 5.81654693e-07 5.81654509e-07 3.07516826e-03 1.67364279e-02 2.48915399e-03 1.80593663e-02 2.57577039e-02 8.92209520e-03 5.22938476e-03 1.20651380e-02 1.06915366e-02 8.92087917e-03
6.77177177e-02 -2.92799521e-02 -3.73048596e-03 -3.73048210e-03 5.41057183e+01 9.65716262e+01 9.92461170e+01 1.27771636e+02 1.65198899e+02 1.75127470e+02 2.10974659e+02 2.47532298e+02 3.02484257e+02 3.62486238e+02 6.63632184e-14 1.24301911e-05 1.18384994e-05 9.99110474e-01 9.61117267e-01 1.35031446e-15 9.23908527e-01 2.39637672e-06 8.85627495e-01 7.37158135e-01 9.54366394e-01 9.94188253e-01 9.98729804e-01 7.34359308e-07 5.81655001e-07 5.81654201e-07 3.08421209e-03 1.67602605e-02 2.48915399e-03 1.80143008e-02 2.57577039e-02 8.91010346e-03 5.22364280e-03 1.20436456e-02 1.06695436e-02 8.90343406e-03
6.78678679e-02 -2.92799520e-02 -3.73048563e-03 -3.73047748e-03 5.41006674e+01 9.64974498e+01 9.92461170e+01 1.27720875e+02 1.65198899e+02 1.75134329e+02 2.10949888e+02 2.47489905e+02 3.02463334e+02 3.62475181e+02 2.32185740e-15 7.95605750e-06 1.52534918e-05 9.99105264e-01 9.61042156e-01 2.76868959e-15 9.24388446e-01 2.39107500e-06 8.85895093e-01 7.36211131e-01 9.54438526e-01 9.94209295e-01 9.98734540e-01 7.34359308e-07 5.81654930e-07 5.81654271e-07 3.09327163e-03 1.67838179e-02 2.48915399e-03 1.79692621e-02 2.57577039e-02 8.89813801e-03 5.21786217e-03 1.20221667e-02 1.06476222e-02 8.88604862e-03
6.80180180e-02 -2.92799520e-02 -3.73048554e-03 -3.73048114e-03 5.40955976e+01 9.64231483e+01 9.92461170e+01 1.27670427e+02 1.65198899e+02 1.75141160e+02 2.10925173e+02 2.47447732e+02 3.02442541e+02 3.62464191e+02 2.12853762e-14 1.12225419e-05 1.30894406e-05 9.99100030e-01 9.60968373e-01 5.24695394e-15 9.24865344e-01 2.38579670e-06 8.86161963e-01 7.35264980e-01 9.54511139e-01 9.94230249e-01 9.98739252e-01 7.34359308e-07 5.81654997e-07 5.81654205e-07 3.10234693e-03 1.68071002e-02 2.48915399e-03 1.79242527e-02 2.57577039e-02 8.88619878e-03 5.21204340e-03 1.20007021e-02 1.06257722e-02 8.86872260e-03
6.81681682e-02 -2.92799522e-02 -3.73048574e-03 -3.73048104e-03 5.40905087e+01 9.63487237e+01 9.92461170e+01 1.27620290e+02 1.65198899e+02 1.75147965e+02 2.10900515e+02 2.47405779e+02 3.02421875e+02 3.62453267e+02 1.69910402e-14 1.46924452e-05 9.09532273e-06 9.99094772e-01 9.60895920e-01 8.41680374e-15 9.25339228e-01 2.38054163e-06 8.86428108e-01 7.34319692e-01 9.54584225e-01 9.94251115e-01 9.98743940e-01 7.34359308e-07 5.81654958e-07 5.81654243e-07 3.11143801e-03 1.68301076e-02 2.48915399e-03 1.78792748e-02 2.57577039e-02 8.87428569e-03 5.20618699e-03 1.19792526e-02 1.06039936e-02 8.85145579e-03
6.83183183e-02 -2.92799520e-02 -3.73048488e-03 -3.73048042e-03 5.40854007e+01 9.62741779e+01 9.92461170e+01 1.27570464e+02 1.65198899e+02 1.75154742e+02 2.10875914e+02 2.47364044e+02 3.02401338e+02 3.62442409e+02 4.92538434e-14 1.55023857e-05 7.71917846e-06 9.99089489e-01 9.60824797e-01 4.24546522e-15 9.25810104e-01 2.37530967e-06 8.86693528e-01 7.33375279e-01 9.54657773e-01 9.94271893e-01 9.98748605e-01 7.34359308e-07 5.81654919e-07 5.81654282e-07 3.12054492e-03 1.68528402e-02 2.48915399e-03 1.78343308e-02 2.57577039e-02 8.86239870e-03 5.20029345e-03 1.19578189e-02 1.05822861e-02 8.83424796e-03
6.84684685e-02 -2.92799520e-02 -3.73048666e-03 -3.73048271e-03 5.40802735e+01 9.61995130e+01 9.92461170e+01 1.27520946e+02 1.65198899e+02 1.75161493e+02 2.10851370e+02 2.47322527e+02 3.02380926e+02 3.62431617e+02 5.65916380e-14 1.20538897e-05 1.24873197e-05 9.99084182e-01 9.60755004e-01 6.59004255e-15 9.26277980e-01 2.37010066e-06 8.86958226e-01 7.32431753e-01 9.54731775e-01 9.94292584e-01 9.98753247e-01 7.34359308e-07 5.81655001e-07 5.81654200e-07 3.12966769e-03 1.68752984e-02 2.48915399e-03 1.77894228e-02 2.57577039e-02 8.85053771e-03 5.19436328e-03 1.19364017e-02 1.05606497e-02 8.81709888e-03
6.86186186e-02 -2.92799522e-02 -3.73048550e-03 -3.73048214e-03 5.40751271e+01 9.61247311e+01 9.92461170e+01 1.27471736e+02 1.65198899e+02 1.75168216e+02 2.10826883e+02 2.47281226e+02 3.02360640e+02 3.62420889e+02 4.56767876e-14 1.22739446e-05 1.23248661e-05 9.99078851e-01 9.60686540e-01 1.86366119e-15 9.26742862e-01 2.36491445e-06 8.87222203e-01 7.31489125e-01 9.54806221e-01 9.94313188e-01 9.98757866e-01 7.34359308e-07 5.81655001e-07 5.81654200e-07 3.13880637e-03 1.68974823e-02 2.48915399e-03 1.77445531e-02 2.57577039e-02 8.83870267e-03 5.18839699e-03 1.19150018e-02 1.05390841e-02 8.80000833e-03
6.87687688e-02 -2.92799519e-02 -3.73048469e-03 -3.73048135e-03 5.40699613e+01 9.60498341e+01 9.92461170e+01 1.27422832e+02 1.65198899e+02 1.75174914e+02 2.10802453e+02 2.47240141e+02 3.02340479e+02 3.62410226e+02 8.91809892e-14 1.03783146e-05 1.40060042e-05 9.99073495e-01 9.60619406e-01 7.55286004e-15 9.27204758e-01 2.35975088e-06 8.87485460e-01 7.30547406e-01 9.54881102e-01 9.94333705e-01 9.98762461e-01 7.34359308e-07 5.81654984e-07 5.81654217e-07 3.14796099e-03 1.69193922e-02 2.48915399e-03 1.76997238e-02 2.57577039e-02 8.82689352e-03 5.18239506e-03 1.18936198e-02 1.05175893e-02 8.78297608e-03
6.89189189e-02 -2.92799522e-02 -3.73048575e-03 -3.73048456e-03 5.40647763e+01 9.59748241e+01 9.92461170e+01 1.27374233e+02 1.65198899e+02 1.75181584e+02 2.10778081e+02 2.47199269e+02 3.02320441e+02 3.62399627e+02 1.73233973e-14 8.03523559e-06 1.55126072e-05 9.99068114e-01 9.60553600e-01 3.76874579e-15 9.27663676e-01 2.35460981e-06 8.87748000e-01 7.29606607e-01 9.54956409e-01 9.94354135e-01 9.98767034e-01 7.34359308e-07 5.81654929e-07 5.81654272e-07 3.15713159e-03 1.69410286e-02 2.48915399e-03 1.76549372e-02 2.57577039e-02 8.81511017e-03 5.17635801e-03 1.18722565e-02 1.04961652e-02 8.76600191e-03
6.90690691e-02 -2.92799521e-02 -3.73048505e-03 -3.73047966e-03 5.40595718e+01 9.58997031e+01 9.92461170e+01 1.27325938e+02 1.65198899e+02 1.75188228e+02 2.10753767e+02 2.47158611e+02 3.02300526e+02 3.62389091e+02 8.19903300e-14 1.60307325e-05 7.03938442e-06 9.99062709e-01 9.60489121e-01 1.19213182e-15 9.28119624e-01 2.34949109e-06 8.88009823e-01 7.28666739e-01 9.55032133e-01 9.94374478e-01 9.98771585e-01 7.34359308e-07 5.81654894e-07 5.81654307e-07 3.16631822e-03 1.69623917e-02 2.48915399e-03 1.76101953e-02 2.57577039e-02 8.80335256e-03 5.17028631e-03 1.18509127e-02 1.04748115e-02 8.74908558e-03
6.92192192e-02 -2.92799521e-02 -3.73048689e-03 -3.73048113e-03 5.40543477e+01 9.58244731e+01 9.92461170e+01 1.27277944e+02 1.65198899e+02 1.75194846e+02 2.10729510e+02 2.47118165e+02 3.02280733e+02 3.62378619e+02 4.41093867e-14 9.76403198e-06 1.45785876e-05 9.99057278e-01 9.60425968e-01 4.33843724e-15 9.28572611e-01 2.34439458e-06 8.88270931e-01 7.27727812e-01 9.55108264e-01 9.94394734e-01 9.98776112e-01 7.34359308e-07 5.81654972e-07 5.81654230e-07 3.17552090e-03 1.69834819e-02 2.48915399e-03 1.75655004e-02 2.57577039e-02 8.79162063e-03 5.16418047e-03 1.18295888e-02 1.04535280e-02 8.73222688e-03
6.93693694e-02 -2.92799522e-02 -3.73048504e-03 -3.73048057e-03 5.40491042e+01 9.57491362e+01 9.92461170e+01 1.27230251e+02 1.65198899e+02 1.75201438e+02 2.10705311e+02 2.47077930e+02 3.02261060e+02 3.62368209e+02 4.84603044e-14 6.73435141e-06 1.62436807e-05 9.99051823e-01 9.60364139e-01 9.36934949e-16 9.29022644e-01 2.33932013e-06 8.88531326e-01 7.26789838e-01 9.55184795e-01 9.94414904e-01 9.98780618e-01 7.34359308e-07 5.81654886e-07 5.81654316e-07 3.18473967e-03 1.70042996e-02 2.48915399e-03 1.75208543e-02 2.57577039e-02 8.77991431e-03 5.15804097e-03 1.18082857e-02 1.04323148e-02 8.71542558e-03
6.95195195e-02 -2.92799521e-02 -3.73048534e-03 -3.73048286e-03 5.40438410e+01 9.56736944e+01 9.92461170e+01 1.27182857e+02 1.65198899e+02 1.75208004e+02 2.10681170e+02 2.47037904e+02 3.02241507e+02 3.62357860e+02 2.85152564e-14 1.20550680e-05 1.28539489e-05 9.99046342e-01 9.60303634e-01 5.17256176e-15 9.29469733e-01 2.33426761e-06 8.88791010e-01 7.25852826e-01 9.55261716e-01 9.94434988e-01 9.98785100e-01 7.34359308e-07 5.81655001e-07 5.81654201e-07 3.19397458e-03 1.70248454e-02 2.48915399e-03 1.74762592e-02 2.57577039e-02 8.76823353e-03 5.15186828e-03 1.17870039e-02 1.04111715e-02 8.69868145e-03
6.96696697e-02 -2.92799520e-02 -3.73048721e-03 -3.73048454e-03 5.40385581e+01 9.55981497e+01 9.92461170e+01 1.27135760e+02 1.65198899e+02 1.75214543e+02 2.10657087e+02 2.46998087e+02 3.02222073e+02 3.62347574e+02 1.70496362e-14 1.64634555e-05 6.39110396e-06 9.99040836e-01 9.60244450e-01 5.99679912e-15 9.29913886e-01 2.32923686e-06 8.89049984e-01 7.24916788e-01 9.55339018e-01 9.94454986e-01 9.98789561e-01 7.34359308e-07 5.81654869e-07 5.81654332e-07 3.20322566e-03 1.70451195e-02 2.48915399e-03 1.74317171e-02 2.57577039e-02 8.75657823e-03 5.14566290e-03 1.17657441e-02 1.03900980e-02 8.68199427e-03
6.98198198e-02 -2.92799522e-02 -3.73048497e-03 -3.73047937e-03 5.40332555e+01 9.55225040e+01 9.92461170e+01 1.27088960e+02 1.65198899e+02 1.75221058e+02 2.10633062e+02 2.46958478e+02 3.02202758e+02 3.62337348e+02 3.68613384e-14 8.99682975e-06 1.52412087e-05 9.99035305e-01 9.60186584e-01 3.61489526e-15 9.30355113e-01 2.32422774e-06 8.89308250e-01 7.23981732e-01 9.55416694e-01 9.94474898e-01 9.98794000e-01 7.34359308e-07 5.81654952e-07 5.81654249e-07 3.21249295e-03 1.70651227e-02 2.48915399e-03 1.73872299e-02 2.57577039e-02 8.74494833e-03 5.13942530e-03 1.17445069e-02 1.03690942e-02 8.66536381e-03
6.99699700e-02 -2.92799520e-02 -3.73048701e-03 -3.73048263e-03 5.40279331e+01 9.54467596e+01 9.92461170e+01 1.27042455e+02 1.65198899e+02 1.75227546e+02 2.10609095e+02 2.46919076e+02 3.02183559e+02 3.62327183e+02 7.47325133e-14 1.42105164e-05 1.06135441e-05 9.99029748e-01 9.60130035e-01 6.37813755e-15 9.30793424e-01 2.31924013e-06 8.89565809e-01 7.23047670e-01 9.55494734e-01 9.94494724e-01 9.98798416e-01 7.34359308e-07 5.81654984e-07 5.81654217e-07 3.22177649e-03 1.70848553e-02 2.48915399e-03 1.73427997e-02 2.57577039e-02 8.73334377e-03 5.13315595e-03 1.17232930e-02 1.03481599e-02 8.64878986e-03
7.01201201e-02 -2.92799520e-02 -3.73048584e-03 -3.73048229e-03 5.40225907e+01 9.53709182e+01 9.92461170e+01 1.26996243e+02 1.65198899e+02 1.75234009e+02 2.10585186e+02 2.46879879e+02 3.02164477e+02 3.62317078e+02 6.40489393e-14 1.57819066e-05 8.17735409e-06 9.99024166e-01 9.60074800e-01 1.06032394e-15 9.31228827e-01 2.31427388e-06 8.89822663e-01 7.22114610e-01 9.55573130e-01 9.94514465e-01 9.98802811e-01 7.34359308e-07 5.81654927e-07 5.81654275e-07 3.23107631e-03 1.71043180e-02 2.48915399e-03 1.72984282e-02 2.57577039e-02 8.72176449e-03 5.12685534e-03 1.17021028e-02 1.03272950e-02 8.63227219e-03
7.02702703e-02 -2.92799520e-02 -3.73048621e-03 -3.73048418e-03 5.40172284e+01 9.52949821e+01 9.92461170e+01 1.26950323e+02 1.65198899e+02 1.75240446e+02 2.10561336e+02 2.46840886e+02 3.02145510e+02 3.62307033e+02 7.73057643e-14 1.50444856e-05 9.53706726e-06 9.99018558e-01 9.60020877e-01 6.86860316e-15 9.31661333e-01 2.30932885e-06 8.90078813e-01 7.21182563e-01 9.55651874e-01 9.94534121e-01 9.98807184e-01 7.34359308e-07 5.81654962e-07 5.81654239e-07 3.24039244e-03 1.71235114e-02 2.48915399e-03 1.72541175e-02 2.57577039e-02 8.71021041e-03 5.12052392e-03 1.16809371e-02 1.03064992e-02 8.61581057e-03
7.04204204e-02 -2.92799521e-02 -3.73048269e-03 -3.73048001e-03 5.40118461e+01 9.52189531e+01 9.92461170e+01 1.26904693e+02 1.65198899e+02 1.75246859e+02 2.10537544e+02 2.46802097e+02 3.02126657e+02 3.62297047e+02 9.00138439e-15 9.61022306e-06 1.50430452e-05 9.99012924e-01 9.59968262e-01 7.00667731e-16 9.32090952e-01 2.30440491e-06 8.90334262e-01 7.20251539e-01 9.55730958e-01 9.94553692e-01 9.98811535e-01 7.34359308e-07 5.81654965e-07 5.81654236e-07 3.24972494e-03 1.71424359e-02 2.48915399e-03 1.72098694e-02 2.57577039e-02 8.69868148e-03 5.11416216e-03 1.16597964e-02 1.02857723e-02 8.59940478e-03
7.05705706e-02 -2.92799521e-02 -3.73048283e-03 -3.73048027e-03 5.40064438e+01 9.51428334e+01 9.92461170e+01 1.26859352e+02 1.65198899e+02 1.75253246e+02 2.10513810e+02 2.46763511e+02 3.02107918e+02 3.62287120e+02 5.23347448e-14 6.74197854e-06 1.65697199e-05 9.99007265e-01 9.59916952e-01 3.36259198e-15 9.32517694e-01 2.29950192e-06 8.90589011e-01 7.19321546e-01 9.55810373e-01 9.94573179e-01 9.98815865e-01 7.34359308e-07 5.81654882e-07 5.81654320e-07 3.25907383e-03 1.71610923e-02 2.48915399e-03 1.71656857e-02 2.57577039e-02 8.68717762e-03 5.10777053e-03 1.16386813e-02 1.02651143e-02 8.58305460e-03
7.07207207e-02 -2.92799521e-02 -3.73048709e-03 -3.73048302e-03 5.40010212e+01 9.50666248e+01 9.92461170e+01 1.26814299e+02 1.65198899e+02 1.75259608e+02 2.10490135e+02 2.46725125e+02 3.02089293e+02 3.62277251e+02 5.40928169e-14 1.70687302e-05 5.48010336e-06 9.99001580e-01 9.59866944e-01 3.40285651e-15 9.32941569e-01 2.29461975e-06 8.90843061e-01 7.18392594e-01 9.55890111e-01 9.94592581e-01 9.98820173e-01 7.34359308e-07 5.81654832e-07 5.81654369e-07 3.26843915e-03 1.71794813e-02 2.48915399e-03 1.71215682e-02 2.57577039e-02 8.67569877e-03 5.10134949e-03 1.16175922e-02 1.02445249e-02 8.56675981e-03
7.08708709e-02 -2.92799521e-02 -3.73048459e-03 -3.73048245e-03 5.39955785e+01 9.49903295e+01 9.92461170e+01 1.26769532e+02 1.65198899e+02 1.75265945e+02 2.10466519e+02 2.46686940e+02 3.02070779e+02 3.62267441e+02 5.08458243e-15 1.40982311e-05 1.11345882e-05 9.98995868e-01 9.59818235e-01 3.39582270e-15 9.33362588e-01 2.28975827e-06 8.91096414e-01 7.17464692e-01 9.55970165e-01 9.94611898e-01 9.98824460e-01 7.34359308e-07 5.81654990e-07 5.81654212e-07 3.27782093e-03 1.71976034e-02 2.48915399e-03 1.70775186e-02 2.57577039e-02 8.66424487e-03 5.09489949e-03 1.15965298e-02 1.02240039e-02 8.55052018e-03
7.10210210e-02 -2.92799523e-02 -3.73048541e-03 -3.73047901e-03 5.39901154e+01 9.49139493e+01 9.92461170e+01 1.26725049e+02 1.65198899e+02 1.75272257e+02 2.10442961e+02 2.46648954e+02 3.02052376e+02 3.62257687e+02 1.75284034e-14 4.21398718e-06 1.75028705e-05 9.98990130e-01 9.59770820e-01 1.33795696e-15 9.33780762e-01 2.28491734e-06 8.91349072e-01 7.16537850e-01 9.56050526e-01 9.94631132e-01 9.98828726e-01 7.34359308e-07 5.81654785e-07 5.81654417e-07 3.28721922e-03 1.72154595e-02 2.48915399e-03 1.70335388e-02 2.57577039e-02 8.65281584e-03 5.08842099e-03 1.15754946e-02 1.02035512e-02 8.53433550e-03
7.11711712e-02 -2.92799519e-02 -3.73048554e-03 -3.73048188e-03 5.39846320e+01 9.48374864e+01 9.92461170e+01 1.26680849e+02 1.65198899e+02 1.75278545e+02 2.10419463e+02 2.46611167e+02 3.02034083e+02 3.62247991e+02 1.33571981e-13 1.70773793e-05 5.81748784e-06 9.98984367e-01 9.59724696e-01 1.34600940e-15 9.34196103e-01 2.28009684e-06 8.91601036e-01 7.15612076e-01 9.56131187e-01 9.94650282e-01 9.98832971e-01 7.34359308e-07 5.81654844e-07 5.81654358e-07 3.29663405e-03 1.72330502e-02 2.48915399e-03 1.69896304e-02 2.57577039e-02 8.64141163e-03 5.08191444e-03 1.15544872e-02 1.01831666e-02 8.51820554e-03
7.13213213e-02 -2.92799521e-02 -3.73048499e-03 -3.73048150e-03 5.39791282e+01 9.47609426e+01 9.92461170e+01 1.26636931e+02 1.65198899e+02 1.75284808e+02 2.10396022e+02 2.46573576e+02 3.02015900e+02 3.62238351e+02 6.97785186e-14 1.11566440e-05 1.42261775e-05 9.98978576e-01 9.59679859e-01 1.80631675e-15 9.34608620e-01 2.27529664e-06 8.91852308e-01 7.14687379e-01 9.56212140e-01 9.94669349e-01 9.98837195e-01 7.34359308e-07 5.81654990e-07 5.81654211e-07 3.30606545e-03 1.72503763e-02 2.48915399e-03 1.69457950e-02 2.57577039e-02 8.63003217e-03 5.07538028e-03 1.15335079e-02 1.01628499e-02 8.50213008e-03
7.14714715e-02 -2.92799521e-02 -3.73048601e-03 -3.73048264e-03 5.39736039e+01 9.46843201e+01 9.92461170e+01 1.26593293e+02 1.65198899e+02 1.75291046e+02 2.10372641e+02 2.46536181e+02 3.01997825e+02 3.62228767e+02 1.63735211e-14 1.28687344e-05 1.27525756e-05 9.98972759e-01 9.59636304e-01 3.00494922e-15 9.35018325e-01 2.27051660e-06 8.92102890e-01 7.13763767e-01 9.56293377e-01 9.94688332e-01 9.98841399e-01 7.34359308e-07 5.81655001e-07 5.81654200e-07 3.31551347e-03 1.72674386e-02 2.48915399e-03 1.69020344e-02 2.57577039e-02 8.61867739e-03 5.06881896e-03 1.15125574e-02 1.01426009e-02 8.48610891e-03
7.16216216e-02 -2.92799521e-02 -3.73048596e-03 -3.73047959e-03 5.39680590e+01 9.46076207e+01 9.92461170e+01 1.26549933e+02 1.65198899e+02 1.75297260e+02 2.10349319e+02 2.46498981e+02 3.01979859e+02 3.62219239e+02 3.31644417e-14 8.53744051e-06 1.60226463e-05 9.98966916e-01 9.59594027e-01 9.91788585e-16 9.35425231e-01 2.26575661e-06 8.92352783e-01 7.12841250e-01 9.56374891e-01 9.94707232e-01 9.98845581e-01 7.34359308e-07 5.81654934e-07 5.81654267e-07 3.32497813e-03 1.72842378e-02 2.48915399e-03 1.68583502e-02 2.57577039e-02 8.60734723e-03 5.06223093e-03 1.14916361e-02 1.01224194e-02 8.47014180e-03
7.17717718e-02 -2.92799522e-02 -3.73048590e-03 -3.73048234e-03 5.39624935e+01 9.45308465e+01 9.92461170e+01 1.26506851e+02 1.65198899e+02 1.75303450e+02 2.10326056e+02 2.46461975e+02 3.01961999e+02 3.62209767e+02 5.50139436e-14 1.64785973e-05 7.71053764e-06 9.98961046e-01 9.59553024e-01 1.95140522e-15 9.35829347e-01 2.26101653e-06 8.92601989e-01 7.11919835e-01 9.56456674e-01 9.94726050e-01 9.98849743e-01 7.34359308e-07 5.81654907e-07 5.81654295e-07 3.33445947e-03 1.73007748e-02 2.48915399e-03 1.68147439e-02 2.57577039e-02 8.59604163e-03 5.05561661e-03 1.14707444e-02 1.01023053e-02 8.45422854e-03
7.19219219e-02 -2.92799521e-02 -3.73048539e-03 -3.73047766e-03 5.39569073e+01 9.44539994e+01 9.92461170e+01 1.26464043e+02 1.65198899e+02 1.75309616e+02 2.10302851e+02 2.46425162e+02 3.01944245e+02 3.62200349e+02 1.45618973e-15 3.33036869e-06 1.79246081e-05 9.98955149e-01 9.59513289e-01 1.90781409e-15 9.36230688e-01 2.25629625e-06 8.92850509e-01 7.10999531e-01 9.56538720e-01 9.94744785e-01 9.98853885e-01 7.34359308e-07 5.81654746e-07 5.81654455e-07 3.34395752e-03 1.73170505e-02 2.48915399e-03 1.67712171e-02 2.57577039e-02 8.58476051e-03 5.04897645e-03 1.14498830e-02 1.00822583e-02 8.43836890e-03
7.20720721e-02 -2.92799522e-02 -3.73048662e-03 -3.73048325e-03 5.39513004e+01 9.43770814e+01 9.92461170e+01 1.26421510e+02 1.65198899e+02 1.75315758e+02 2.10279706e+02 2.46388541e+02 3.01926597e+02 3.62190986e+02 1.23301160e-13 1.70963572e-05 6.44102251e-06 9.98949225e-01 9.59474819e-01 7.41617926e-16 9.36629263e-01 2.25159563e-06 8.93098346e-01 7.10080346e-01 9.56621020e-01 9.94763437e-01 9.98858006e-01 7.34359308e-07 5.81654863e-07 5.81654338e-07 3.35347233e-03 1.73330656e-02 2.48915399e-03 1.67277714e-02 2.57577039e-02 8.57350383e-03 5.04231088e-03 1.14290521e-02 1.00622782e-02 8.42256267e-03
7.22222222e-02 -2.92799521e-02 -3.73048555e-03 -3.73048200e-03 5.39456726e+01 9.43000945e+01 9.92461170e+01 1.26379249e+02 1.65198899e+02 1.75321876e+02 2.10256620e+02 2.46352111e+02 3.01909054e+02 3.62181677e+02 8.69417622e-14 1.16984201e-05 1.40823057e-05 9.98943275e-01 9.59437607e-01 8.41030186e-16 9.37025086e-01 2.24691455e-06 8.93345500e-01 7.09162287e-01 9.56703568e-01 9.94782008e-01 9.98862107e-01 7.34359308e-07 5.81654995e-07 5.81654207e-07 3.36300393e-03 1.73488211e-02 2.48915399e-03 1.66844082e-02 2.57577039e-02 8.56227150e-03 5.03562033e-03 1.14082524e-02 1.00423649e-02 8.40680964e-03
7.23723724e-02 -2.92799521e-02 -3.73048589e-03 -3.73048236e-03 5.39400239e+01 9.42230406e+01 9.92461170e+01 1.26337260e+02 1.65198899e+02 1.75327970e+02 2.10233593e+02 2.46315870e+02 3.01891614e+02 3.62172422e+02 5.58599543e-14 1.39407584e-05 1.19253799e-05 9.98937297e-01 9.59401649e-01 2.81465548e-15 9.37418169e-01 2.24225291e-06 8.93591973e-01 7.08245363e-01 9.56786356e-01 9.94800498e-01 9.98866187e-01 7.34359308e-07 5.81654996e-07 5.81654205e-07 3.37255234e-03 1.73643178e-02 2.48915399e-03 1.66411289e-02 2.57577039e-02 8.55106347e-03 5.02890522e-03 1.13874841e-02 1.00225181e-02 8.39110958e-03
7.25225225e-02 -2.92799522e-02 -3.73048575e-03 -3.73048448e-03 5.39343542e+01 9.41459217e+01 9.92461170e+01 1.26295539e+02 1.65198899e+02 1.75334040e+02 2.10210625e+02 2.46279818e+02 3.01874278e+02 3.62163220e+02 4.24671821e-14 1.70003761e-05 6.99604195e-06 9.98931292e-01 9.59366939e-01 1.43847762e-15 9.37808523e-01 2.23761056e-06 8.93837768e-01 7.07329582e-01 9.56869377e-01 9.94818905e-01 9.98870248e-01 7.34359308e-07 5.81654881e-07 5.81654320e-07 3.38211761e-03 1.73795567e-02 2.48915399e-03 1.65979352e-02 2.57577039e-02 8.53987967e-03 5.02216598e-03 1.13667478e-02 1.00027377e-02 8.37546228e-03
7.26726727e-02 -2.92799521e-02 -3.73048399e-03 -3.73048192e-03 5.39286635e+01 9.40687396e+01 9.92461170e+01 1.26254086e+02 1.65198899e+02 1.75340087e+02 2.10187716e+02 2.46243954e+02 3.01857043e+02 3.62154070e+02 1.23456198e-13 1.38454693e-05 1.21515937e-05 9.98925259e-01 9.59333471e-01 6.20397884e-16 9.38196163e-01 2.23298740e-06 8.94082886e-01 7.06414951e-01 9.56952625e-01 9.94837232e-01 9.98874289e-01 7.34359308e-07 5.81654998e-07 5.81654204e-07 3.39169977e-03 1.73945388e-02 2.48915399e-03 1.65548282e-02 2.57577039e-02 8.52872005e-03 5.01540302e-03 1.13460439e-02 9.98302345e-03 8.35986752e-03
7.28228228e-02 -2.92799522e-02 -3.73048713e-03 -3.73048351e-03 5.39229517e+01 9.39914965e+01 9.92461170e+01 1.26212900e+02 1.65198899e+02 1.75346111e+02 2.10164867e+02 2.46208277e+02 3.01839911e+02 3.62144974e+02 1.07296256e-13 1.67306085e-05 7.80056045e-06 9.98919199e-01 9.59301240e-01 1.72034969e-15 9.38581099e-01 2.22838330e-06 8.94327327e-01 7.05501477e-01 9.57036092e-01 9.94855478e-01 9.98878310e-01 7.34359308e-07 5.81654906e-07 5.81654295e-07 3.40129885e-03 1.74092648e-02 2.48915399e-03 1.65118095e-02 2.57577039e-02 8.51758453e-03 5.00861677e-03 1.13253727e-02 9.96337515e-03 8.34432508e-03
7.29729730e-02 -2.92799522e-02 -3.73048978e-03 -3.73048586e-03 5.39172186e+01 9.39141941e+01 9.92461170e+01 1.26171979e+02 1.65198899e+02 1.75352111e+02 2.10142076e+02 2.46172785e+02 3.01822879e+02 3.62135929e+02 2.77200770e-14 1.64537240e-05 8.45243295e-06 9.98913112e-01 9.59270241e-01 2.47195997e-16 9.38963345e-01 2.22379815e-06 8.94571095e-01 7.04589168e-01 9.57119772e-01 9.94873643e-01 9.98882311e-01 7.34359308e-07 5.81654925e-07 5.81654276e-07 3.41091489e-03 1.74237359e-02 2.48915399e-03 1.64688804e-02 2.57577039e-02 8.50647306e-03 5.00180763e-03 1.13047347e-02 9.94379260e-03 8.32883477e-03
7.31231231e-02 -2.92799523e-02 -3.73048643e-03 -3.73048229e-03 5.39114643e+01 9.38368345e+01 9.92461170e+01 1.26131321e+02 1.65198899e+02 1.75358088e+02 2.10119346e+02 2.46137478e+02 3.01805947e+02 3.62126937e+02 8.01256305e-16 9.17908635e-06 1.61034959e-05 9.98906997e-01 9.59240467e-01 2.23227210e-15 9.39342914e-01 2.21923183e-06 8.94814190e-01 7.03678032e-01 9.57203658e-01 9.94891728e-01 9.98886293e-01 7.34359308e-07 5.81654946e-07 5.81654255e-07 3.42054792e-03 1.74379530e-02 2.48915399e-03 1.64260422e-02 2.57577039e-02 8.49538557e-03 4.99497602e-03 1.12841303e-02 9.92427560e-03 8.31339635e-03
7.32732733e-02 -2.92799521e-02 -3.73048693e-03 -3.73048440e-03 5.39056887e+01 9.37594195e+01 9.92461170e+01 1.26090924e+02 1.65198899e+02 1.75364041e+02 2.10096674e+02 2.46102355e+02 3.01789114e+02 3.62117995e+02 9.13804192e-14 1.84872273e-05 1.79250686e-06 9.98900854e-01 9.59211912e-01 3.07942659e-15 9.39719819e-01 2.21468423e-06 8.95056615e-01 7.02768074e-01 9.57287744e-01 9.94909733e-01 9.98890255e-01 7.34359308e-07 5.81654676e-07 5.81654526e-07 3.43019797e-03 1.74519172e-02 2.48915399e-03 1.63832962e-02 2.57577039e-02 8.48432199e-03 4.98812234e-03 1.12635598e-02 9.90482395e-03 8.29800962e-03
7.34234234e-02 -2.92799520e-02 -3.73048540e-03 -3.73048125e-03 5.38998917e+01 9.36819510e+01 9.92461170e+01 1.26050788e+02 1.65198899e+02 1.75369972e+02 2.10074062e+02 2.46067414e+02 3.01772380e+02 3.62109105e+02 1.31001096e-13 1.21424236e-05 1.41055857e-05 9.98894683e-01 9.59184570e-01 2.05916685e-15 9.40094073e-01 2.21015522e-06 8.95298370e-01 7.01859303e-01 9.57372022e-01 9.94927658e-01 9.98894198e-01 7.34359308e-07 5.81654997e-07 5.81654204e-07 3.43986508e-03 1.74656293e-02 2.48915399e-03 1.63406437e-02 2.57577039e-02 8.47328227e-03 4.98124700e-03 1.12430237e-02 9.88543744e-03 8.28267436e-03
7.35735736e-02 -2.92799522e-02 -3.73048741e-03 -3.73048231e-03 5.38940732e+01 9.36044310e+01 9.92461170e+01 1.26010911e+02 1.65198899e+02 1.75375880e+02 2.10051509e+02 2.46032655e+02 3.01755744e+02 3.62100265e+02 5.44892448e-14 1.66621274e-05 8.37840994e-06 9.98888484e-01 9.59158435e-01 3.67263941e-15 9.40465689e-01 2.20564470e-06 8.95539458e-01 7.00951725e-01 9.57456486e-01 9.94945504e-01 9.98898122e-01 7.34359308e-07 5.81654921e-07 5.81654280e-07 3.44954927e-03 1.74790906e-02 2.48915399e-03 1.62980859e-02 2.57577039e-02 8.46226634e-03 4.97435040e-03 1.12225222e-02 9.86611587e-03 8.26739036e-03
7.37237237e-02 -2.92799522e-02 -3.73048465e-03 -3.73048135e-03 5.38882332e+01 9.35268614e+01 9.92461170e+01 1.25971291e+02 1.65198899e+02 1.75381765e+02 2.10029015e+02 2.45998077e+02 3.01739205e+02 3.62091475e+02 1.08199622e-14 1.38763225e-05 1.25177097e-05 9.98882258e-01 9.59133500e-01 2.60994360e-15 9.40834680e-01 2.20115255e-06 8.95779881e-01 7.00045348e-01 9.57541131e-01 9.94963270e-01 9.98902027e-01 7.34359308e-07 5.81654999e-07 5.81654203e-07 3.45925059e-03 1.74923019e-02 2.48915399e-03 1.62556240e-02 2.57577039e-02 8.45127415e-03 4.96743294e-03 1.12020559e-02 9.84685903e-03 8.25215741e-03
7.38738739e-02 -2.92799522e-02 -3.73048258e-03 -3.73047982e-03 5.38823715e+01 9.34492440e+01 9.92461170e+01 1.25931926e+02 1.65198899e+02 1.75387627e+02 2.10006581e+02 2.45963678e+02 3.01722763e+02 3.62082736e+02 5.87173597e-14 1.37943431e-05 1.26643403e-05 9.98876003e-01 9.59109759e-01 1.11609095e-15 9.41201060e-01 2.19667866e-06 8.96019639e-01 6.99140176e-01 9.57625949e-01 9.94980958e-01 9.98905912e-01 7.34359308e-07 5.81655000e-07 5.81654202e-07 3.46896906e-03 1.75052644e-02 2.48915399e-03 1.62132592e-02 2.57577039e-02 8.44030562e-03 4.96049500e-03 1.11816249e-02 9.82766671e-03 8.23697530e-03
7.40240240e-02 -2.92799521e-02 -3.73048790e-03 -3.73048465e-03 5.38764882e+01 9.33715808e+01 9.92461170e+01 1.25892816e+02 1.65198899e+02 1.75393467e+02 2.09984206e+02 2.45929458e+02 3.01706416e+02 3.62074045e+02 1.98973156e-14 1.41852118e-05 1.22831640e-05 9.98869719e-01 9.59087205e-01 3.26261299e-15 9.41564842e-01 2.19222293e-06 8.96258734e-01 6.98236218e-01 9.57710935e-01 9.94998567e-01 9.98909779e-01 7.34359308e-07 5.81654997e-07 5.81654205e-07 3.47870471e-03 1.75179792e-02 2.48915399e-03 1.61709926e-02 2.57577039e-02 8.42936069e-03 4.95353699e-03 1.11612297e-02 9.80853870e-03 8.22184382e-03
7.41741742e-02 -2.92799522e-02 -3.73048703e-03 -3.73048327e-03 5.38705831e+01 9.32938736e+01 9.92461170e+01 1.25853958e+02 1.65198899e+02 1.75399284e+02 2.09961890e+02 2.45895415e+02 3.01690164e+02 3.62065404e+02 4.31231317e-15 1.72394507e-05 7.50516643e-06 9.98863408e-01 9.59065832e-01 1.63674132e-15 9.41926040e-01 2.18778523e-06 8.96497169e-01 6.97333479e-01 9.57796082e-01 9.95016098e-01 9.98913627e-01 7.34359308e-07 5.81654892e-07 5.81654309e-07 3.48845759e-03 1.75304473e-02 2.48915399e-03 1.61288255e-02 2.57577039e-02 8.41843931e-03 4.94655929e-03 1.11408705e-02 9.78947480e-03 8.20676276e-03
7.43243243e-02 -2.92799521e-02 -3.73048582e-03 -3.73048294e-03 5.38646562e+01 9.32161242e+01 9.92461170e+01 1.25815352e+02 1.65198899e+02 1.75405079e+02 2.09939634e+02 2.45861549e+02 3.01674006e+02 3.62056812e+02 4.80760333e-14 1.00801870e-05 1.59169326e-05 9.98857067e-01 9.59045632e-01 2.29318259e-15 9.42284668e-01 2.18336546e-06 8.96734945e-01 6.96431966e-01 9.57881384e-01 9.95033550e-01 9.98917456e-01 7.34359308e-07 5.81654964e-07 5.81654238e-07 3.49822771e-03 1.75426698e-02 2.48915399e-03 1.60867588e-02 2.57577039e-02 8.40754142e-03 4.93956228e-03 1.11205478e-02 9.77047479e-03 8.19173191e-03
7.44744745e-02 -2.92799522e-02 -3.73048514e-03 -3.73048316e-03 5.38587073e+01 9.31383346e+01 9.92461170e+01 1.25776994e+02 1.65198899e+02 1.75410852e+02 2.09917437e+02 2.45827859e+02 3.01657942e+02 3.62048268e+02 2.24170048e-14 9.08373233e-06 1.65493307e-05 9.98850698e-01 9.59026598e-01 2.43482436e-15 9.42640739e-01 2.17896351e-06 8.96972062e-01 6.95531685e-01 9.57966835e-01 9.95050925e-01 9.98921266e-01 7.34359308e-07 5.81654940e-07 5.81654262e-07 3.50801511e-03 1.75546479e-02 2.48915399e-03 1.60447937e-02 2.57577039e-02 8.39666694e-03 4.93254636e-03 1.11002618e-02 9.75153847e-03 8.17675106e-03
7.46246246e-02 -2.92799521e-02 -3.73048348e-03 -3.73048037e-03 5.38527365e+01 9.30605065e+01 9.92461170e+01 1.25738885e+02 1.65198899e+02 1.75416602e+02 2.09895299e+02 2.45794344e+02 3.01641971e+02 3.62039772e+02 1.07856604e-14 1.44804660e-05 1.21716542e-05 9.98844301e-01 9.59008724e-01 2.79355157e-15 9.42994267e-01 2.17457928e-06 8.97208524e-01 6.94632643e-01 9.58052430e-01 9.95068223e-01 9.98925058e-01 7.34359308e-07 5.81654995e-07 5.81654207e-07 3.51781982e-03 1.75663827e-02 2.48915399e-03 1.60029313e-02 2.57577039e-02 8.38581582e-03 4.92551189e-03 1.10800128e-02 9.73266562e-03 8.16182001e-03
7.47747748e-02 -2.92799520e-02 -3.73048708e-03 -3.73048284e-03 5.38467436e+01 9.29826419e+01 9.92461170e+01 1.25701023e+02 1.65198899e+02 1.75422331e+02 2.09873221e+02 2.45761002e+02 3.01626092e+02 3.62031324e+02 3.69308983e-14 1.68416735e-05 8.69669569e-06 9.98837874e-01 9.58992002e-01 5.86888433e-15 9.43345266e-01 2.17021266e-06 8.97444332e-01 6.93734844e-01 9.58138162e-01 9.95085443e-01 9.98928832e-01 7.34359308e-07 5.81654926e-07 5.81654275e-07 3.52764188e-03 1.75778753e-02 2.48915399e-03 1.59611724e-02 2.57577039e-02 8.37498800e-03 4.91845925e-03 1.10598012e-02 9.71385603e-03 8.14693854e-03
7.49249249e-02 -2.92799521e-02 -3.73048695e-03 -3.73048348e-03 5.38407285e+01 9.29047425e+01 9.92461170e+01 1.25663405e+02 1.65198899e+02 1.75428037e+02 2.09851202e+02 2.45727833e+02 3.01610304e+02 3.62022924e+02 4.27825538e-14 1.06332057e-05 1.57370181e-05 9.98831419e-01 9.58976425e-01 6.28348737e-16 9.43693749e-01 2.16586353e-06 8.97679487e-01 6.92838295e-01 9.58224026e-01 9.95102587e-01 9.98932587e-01 7.34359308e-07 5.81654973e-07 5.81654228e-07 3.53748130e-03 1.75891269e-02 2.48915399e-03 1.59195182e-02 2.57577039e-02 8.36418342e-03 4.91138882e-03 1.10396272e-02 9.69510948e-03 8.13210645e-03
7.50750751e-02 -2.92799521e-02 -3.73048792e-03 -3.73048309e-03 5.38346913e+01 9.28268102e+01 9.92461170e+01 1.25626031e+02 1.65198899e+02 1.75433722e+02 2.09829243e+02 2.45694836e+02 3.01594608e+02 3.62014570e+02 3.13257576e-14 1.83633009e-05 4.99551748e-06 9.98824934e-01 9.58961986e-01 4.60723965e-15 9.44039732e-01 2.16153180e-06 8.97913991e-01 6.91943001e-01 9.58310016e-01 9.95119654e-01 9.98936324e-01 7.34359308e-07 5.81654802e-07 5.81654400e-07 3.54733813e-03 1.76001386e-02 2.48915399e-03 1.58779695e-02 2.57577039e-02 8.35340201e-03 4.90430096e-03 1.10194911e-02 9.67642578e-03 8.11732354e-03
7.52252252e-02 -2.92799521e-02 -3.73048472e-03 -3.73048165e-03 5.38286318e+01 9.27488468e+01 9.92461170e+01 1.25588899e+02 1.65198899e+02 1.75439384e+02 2.09807342e+02 2.45662010e+02 3.01579002e+02 3.62006263e+02 5.43693463e-14 1.26806983e-05 1.42413489e-05 9.98818421e-01 9.58948677e-01 3.18066959e-16 9.44383227e-01 2.15721737e-06 8.98147846e-01 6.91048969e-01 9.58396126e-01 9.95136645e-01 9.98940043e-01 7.34359308e-07 5.81654999e-07 5.81654203e-07 3.55721239e-03 1.76109116e-02 2.48915399e-03 1.58365274e-02 2.57577039e-02 8.34264371e-03 4.89719605e-03 1.09993932e-02 9.65780469e-03 8.10258960e-03
7.53753754e-02 -2.92799523e-02 -3.73048584e-03 -3.73048207e-03 5.38225499e+01 9.26708541e+01 9.92461170e+01 1.25552007e+02 1.65198899e+02 1.75445025e+02 2.09785501e+02 2.45629353e+02 3.01563485e+02 3.61998002e+02 1.58452730e-14 1.16589839e-05 1.51372796e-05 9.98811877e-01 9.58936491e-01 5.46326265e-16 9.44724250e-01 2.15292012e-06 8.98381053e-01 6.90156204e-01 9.58482350e-01 9.95153560e-01 9.98943744e-01 7.34359308e-07 5.81654988e-07 5.81654213e-07 3.56710412e-03 1.76214471e-02 2.48915399e-03 1.57951928e-02 2.57577039e-02 8.33190848e-03 4.89007444e-03 1.09793338e-02 9.63924601e-03 8.08790442e-03
7.55255255e-02 -2.92799519e-02 -3.73048711e-03 -3.73048283e-03 5.38164456e+01 9.25928339e+01 9.92461170e+01 1.25515354e+02 1.65198899e+02 1.75450645e+02 2.09763720e+02 2.45596866e+02 3.01548057e+02 3.61989788e+02 7.63358659e-14 1.62664343e-05 1.00959478e-05 9.98805305e-01 9.58925420e-01 1.66127357e-15 9.45062814e-01 2.14863996e-06 8.98613614e-01 6.89264710e-01 9.58568685e-01 9.95170400e-01 9.98947427e-01 7.34359308e-07 5.81654959e-07 5.81654243e-07 3.57701333e-03 1.76317462e-02 2.48915399e-03 1.57539664e-02 2.57577039e-02 8.32119623e-03 4.88293650e-03 1.09593131e-02 9.62074952e-03 8.07326781e-03
7.56756757e-02 -2.92799519e-02 -3.73048563e-03 -3.73048003e-03 5.38103188e+01 9.25147880e+01 9.92461170e+01 1.25478939e+02 1.65198899e+02 1.75456243e+02 2.09741997e+02 2.45564546e+02 3.01532718e+02 3.61981619e+02 7.62759668e-14 8.06550377e-06 1.74049275e-05 9.98798703e-01 9.58915457e-01 4.85726928e-15 9.45398934e-01 2.14437679e-06 8.98845531e-01 6.88374495e-01 9.58655123e-01 9.95187164e-01 9.98951093e-01 7.34359308e-07 5.81654908e-07 5.81654294e-07 3.58694006e-03 1.76418102e-02 2.48915399e-03 1.57128493e-02 2.57577039e-02 8.31050692e-03 4.87578258e-03 1.09393314e-02 9.60231501e-03 8.05867956e-03
7.58258258e-02 -2.92799522e-02 -3.73048749e-03 -3.73048249e-03 5.38041694e+01 9.24367182e+01 9.92461170e+01 1.25442760e+02 1.65198899e+02 1.75461820e+02 2.09720334e+02 2.45532394e+02 3.01517466e+02 3.61973495e+02 1.78047506e-14 1.67546761e-05 9.41946824e-06 9.98792071e-01 9.58906593e-01 3.45871479e-15 9.45732623e-01 2.14013050e-06 8.99076805e-01 6.87485561e-01 9.58741659e-01 9.95203853e-01 9.98954741e-01 7.34359308e-07 5.81654942e-07 5.81654260e-07 3.59688434e-03 1.76516403e-02 2.48915399e-03 1.56718423e-02 2.57577039e-02 8.29984048e-03 4.86861304e-03 1.09193889e-02 9.58394227e-03 8.04413946e-03
7.59759760e-02 -2.92799521e-02 -3.73048518e-03 -3.73048246e-03 5.37979973e+01 9.23586262e+01 9.92461170e+01 1.25406815e+02 1.65198899e+02 1.75467375e+02 2.09698730e+02 2.45500407e+02 3.01502301e+02 3.61965417e+02 1.37802553e-14 1.01407268e-05 1.63730209e-05 9.98785410e-01 9.58898822e-01 9.11899281e-16 9.46063896e-01 2.13590099e-06 8.99307437e-01 6.86597916e-01 9.58828289e-01 9.95220467e-01 9.98958371e-01 7.34359308e-07 5.81654960e-07 5.81654241e-07 3.60684620e-03 1.76612377e-02 2.48915399e-03 1.56309461e-02 2.57577039e-02 8.28919686e-03 4.86142822e-03 1.08994860e-02 9.56563106e-03 8.02964732e-03
7.61261261e-02 -2.92799522e-02 -3.73048675e-03 -3.73048024e-03 5.37918025e+01 9.22805138e+01 9.92461170e+01 1.25371103e+02 1.65198899e+02 1.75472909e+02 2.09677185e+02 2.45468586e+02 3.01487222e+02 3.61957383e+02 8.16479338e-14 7.40883487e-06 1.78181597e-05 9.98778719e-01 9.58892135e-01 1.76621611e-15 9.46392768e-01 2.13168817e-06 8.99537431e-01 6.85711563e-01 9.58915007e-01 9.95237007e-01 9.98961983e-01 7.34359308e-07 5.81654886e-07 5.81654315e-07 3.61682567e-03 1.76706036e-02 2.48915399e-03 1.55901616e-02 2.57577039e-02 8.27857599e-03 4.85422849e-03 1.08796227e-02 9.54738119e-03 8.01520294e-03
7.62762763e-02 -2.92799522e-02 -3.73048517e-03 -3.73048182e-03 5.37855849e+01 9.22023827e+01 9.92461170e+01 1.25335622e+02 1.65198899e+02 1.75478423e+02 2.09655700e+02 2.45436929e+02 3.01472229e+02 3.61949393e+02 2.47525471e-14 1.45269866e-05 1.27598865e-05 9.98771998e-01 9.58886524e-01 2.50879884e-15 9.46719252e-01 2.12749193e-06 8.99766786e-01 6.84826508e-01 9.59001808e-01 9.95253473e-01 9.98965578e-01 7.34359308e-07 5.81654998e-07 5.81654204e-07 3.62682277e-03 1.76797392e-02 2.48915399e-03 1.55494895e-02 2.57577039e-02 8.26797781e-03 4.84701417e-03 1.08597995e-02 9.52919243e-03 8.00080611e-03
7.64264264e-02 -2.92799519e-02 -3.73048549e-03 -3.73048221e-03 5.37793444e+01 9.21242347e+01 9.92461170e+01 1.25300371e+02 1.65198899e+02 1.75483915e+02 2.09634273e+02 2.45405435e+02 3.01457322e+02 3.61941448e+02 1.00323079e-13 9.25873562e-06 1.70175541e-05 9.98765246e-01 9.58881982e-01 1.15944658e-15 9.47043364e-01 2.12331218e-06 8.99995506e-01 6.83942756e-01 9.59088688e-01 9.95269865e-01 9.98969156e-01 7.34359308e-07 5.81654938e-07 5.81654263e-07 3.63683752e-03 1.76886458e-02 2.48915399e-03 1.55089306e-02 2.57577039e-02 8.25740227e-03 4.83978562e-03 1.08400164e-02 9.51106457e-03 7.98645663e-03
7.65765766e-02 -2.92799521e-02 -3.73048547e-03 -3.73048433e-03 5.37730809e+01 9.20460715e+01 9.92461170e+01 1.25265349e+02 1.65198899e+02 1.75489386e+02 2.09612906e+02 2.45374103e+02 3.01442498e+02 3.61933546e+02 6.02598485e-14 1.54830173e-05 1.17078478e-05 9.98758465e-01 9.58878500e-01 6.39845862e-16 9.47365117e-01 2.11914883e-06 9.00223590e-01 6.83060310e-01 9.59175640e-01 9.95286184e-01 9.98972717e-01 7.34359308e-07 5.81654985e-07 5.81654216e-07 3.64686997e-03 1.76973246e-02 2.48915399e-03 1.54684856e-02 2.57577039e-02 8.24684930e-03 4.83254317e-03 1.08202737e-02 9.49299739e-03 7.97215431e-03
7.67267267e-02 -2.92799520e-02 -3.73048448e-03 -3.73048334e-03 5.37667944e+01 9.19678949e+01 9.92461170e+01 1.25230554e+02 1.65198899e+02 1.75494837e+02 2.09591597e+02 2.45342933e+02 3.01427759e+02 3.61925688e+02 6.65481782e-15 9.29651375e-06 1.70836601e-05 9.98751653e-01 9.58876071e-01 4.99142000e-16 9.47684527e-01 2.11500176e-06 9.00451042e-01 6.82179176e-01 9.59262660e-01 9.95302429e-01 9.98976261e-01 7.34359308e-07 5.81654938e-07 5.81654263e-07 3.65692013e-03 1.77057769e-02 2.48915399e-03 1.54281552e-02 2.57577039e-02 8.23631885e-03 4.82528716e-03 1.08005716e-02 9.47499067e-03 7.95789895e-03
7.68768769e-02 -2.92799520e-02 -3.73048606e-03 -3.73048395e-03 5.37604848e+01 9.18897064e+01 9.92461170e+01 1.25195984e+02 1.65198899e+02 1.75500267e+02 2.09570348e+02 2.45311924e+02 3.01413103e+02 3.61917873e+02 1.02148173e-13 5.51440960e-06 1.86909036e-05 9.98744811e-01 9.58874685e-01 6.77418424e-16 9.48001607e-01 2.11087090e-06 9.00677863e-01 6.81299358e-01 9.59349743e-01 9.95318602e-01 9.98979787e-01 7.34359308e-07 5.81654820e-07 5.81654381e-07 3.66698803e-03 1.77140039e-02 2.48915399e-03 1.53879400e-02 2.57577039e-02 8.22581085e-03 4.81801792e-03 1.07809103e-02 9.45704420e-03 7.94369036e-03
7.70270270e-02 -2.92799522e-02 -3.73048756e-03 -3.73048296e-03 5.37541520e+01 9.18115079e+01 9.92461170e+01 1.25161639e+02 1.65198899e+02 1.75505676e+02 2.09549158e+02 2.45281074e+02 3.01398530e+02 3.61910101e+02 2.32919037e-15 1.67208240e-05 1.00825353e-05 9.98737938e-01 9.58874336e-01 4.15360079e-16 9.48316372e-01 2.10675614e-06 9.00904054e-01 6.80420861e-01 9.59436885e-01 9.95334702e-01 9.98983297e-01 7.34359308e-07 5.81654954e-07 5.81654247e-07 3.67707370e-03 1.77220069e-02 2.48915399e-03 1.53478408e-02 2.57577039e-02 8.21532526e-03 4.81073578e-03 1.07612900e-02 9.43915775e-03 7.92952832e-03
7.71771772e-02 -2.92799520e-02 -3.73048392e-03 -3.73048170e-03 5.37477959e+01 9.17333011e+01 9.92461170e+01 1.25127515e+02 1.65198899e+02 1.75511065e+02 2.09528026e+02 2.45250382e+02 3.01384038e+02 3.61902371e+02 8.62169816e-14 7.13104914e-06 1.82175572e-05 9.98731035e-01 9.58875015e-01 1.39177640e-15 9.48628837e-01 2.10265740e-06 9.01129617e-01 6.79543689e-01 9.59524081e-01 9.95350730e-01 9.98986790e-01 7.34359308e-07 5.81654874e-07 5.81654327e-07 3.68717716e-03 1.77297872e-02 2.48915399e-03 1.53078582e-02 2.57577039e-02 8.20486200e-03 4.80344107e-03 1.07417109e-02 9.42133112e-03 7.91541266e-03
7.73273273e-02 -2.92799521e-02 -3.73048589e-03 -3.73047773e-03 5.37414164e+01 9.16550875e+01 9.92461170e+01 1.25093613e+02 1.65198899e+02 1.75516433e+02 2.09506954e+02 2.45219849e+02 3.01369628e+02 3.61894683e+02 3.45242329e-14 1.16742783e-06 1.95667841e-05 9.98724101e-01 9.58876713e-01 6.22214860e-16 9.48939016e-01 2.09857457e-06 9.01354554e-01 6.78667846e-01 9.59611326e-01 9.95366686e-01 9.98990266e-01 7.34359308e-07 5.81654650e-07 5.81654551e-07 3.69729844e-03 1.77373459e-02 2.48915399e-03 1.52679927e-02 2.57577039e-02 8.19442102e-03 4.79613411e-03 1.07221733e-02 9.40356408e-03 7.90134318e-03
7.74774775e-02 -2.92799521e-02 -3.73048645e-03 -3.73048330e-03 5.37350135e+01 9.15768689e+01 9.92461170e+01 1.25059931e+02 1.65198899e+02 1.75521781e+02 2.09485940e+02 2.45189472e+02 3.01355299e+02 3.61887038e+02 2.84360587e-14 1.73460676e-05 9.21028970e-06 9.98717136e-01 9.58879422e-01 1.20367912e-15 9.49246924e-01 2.09450756e-06 9.01578866e-01 6.77793336e-01 9.59698615e-01 9.95382570e-01 9.98993726e-01 7.34359308e-07 5.81654931e-07 5.81654270e-07 3.70743756e-03 1.77446845e-02 2.48915399e-03 1.52282449e-02 2.57577039e-02 8.18400227e-03 4.78881523e-03 1.07026772e-02 9.38585641e-03 7.88731967e-03
7.76276276e-02 -2.92799520e-02 -3.73048525e-03 -3.73048278e-03 5.37285871e+01 9.14986469e+01 9.92461170e+01 1.25026467e+02 1.65198899e+02 1.75527109e+02 2.09464985e+02 2.45159251e+02 3.01341051e+02 3.61879434e+02 1.33065217e-13 1.79478362e-05 8.06766036e-06 9.98710140e-01 9.58883135e-01 6.62496495e-16 9.49552575e-01 2.09045629e-06 9.01802555e-01 6.76920163e-01 9.59785944e-01 9.95398383e-01 9.98997169e-01 7.34359308e-07 5.81654899e-07 5.81654303e-07 3.71759455e-03 1.77518041e-02 2.48915399e-03 1.51886155e-02 2.57577039e-02 8.17360568e-03 4.78148473e-03 1.06832228e-02 9.36820790e-03 7.87334195e-03
7.77777778e-02 -2.92799522e-02 -3.73048729e-03 -3.73048295e-03 5.37221370e+01 9.14204232e+01 9.92461170e+01 1.24993219e+02 1.65198899e+02 1.75532417e+02 2.09444089e+02 2.45129186e+02 3.01326882e+02 3.61871871e+02 3.14169506e-14 1.80893629e-05 7.84131923e-06 9.98703113e-01 9.58887842e-01 3.45214839e-15 9.49855983e-01 2.08642066e-06 9.02025622e-01 6.76048331e-01 9.59873309e-01 9.95414125e-01 9.99000596e-01 7.34359308e-07 5.81654891e-07 5.81654310e-07 3.72776943e-03 1.77587061e-02 2.48915399e-03 1.51491050e-02 2.57577039e-02 8.16323120e-03 4.77414294e-03 1.06638104e-02 9.35061834e-03 7.85940982e-03
7.79279279e-02 -2.92799521e-02 -3.73048643e-03 -3.73048166e-03 5.37156634e+01 9.13421994e+01 9.92461170e+01 1.24960187e+02 1.65198899e+02 1.75537705e+02 2.09423251e+02 2.45099274e+02 3.01312792e+02 3.61864350e+02 1.11199145e-13 1.60094256e-05 1.15720306e-05 9.98696055e-01 9.58893536e-01 1.27155458e-15 9.50157164e-01 2.08240058e-06 9.02248070e-01 6.75177844e-01 9.59960705e-01 9.95429796e-01 9.99004006e-01 7.34359308e-07 5.81654980e-07 5.81654221e-07 3.73796223e-03 1.77653917e-02 2.48915399e-03 1.51097138e-02 2.57577039e-02 8.15287876e-03 4.76679017e-03 1.06444400e-02 9.33308749e-03 7.84552310e-03
7.80780781e-02 -2.92799520e-02 -3.73048761e-03 -3.73048417e-03 5.37091659e+01 9.12639772e+01 9.92461170e+01 1.24927369e+02 1.65198899e+02 1.75542973e+02 2.09402472e+02 2.45069516e+02 3.01298781e+02 3.61856869e+02 3.94881559e-14 1.83288644e-05 7.46803147e-06 9.98688965e-01 9.58900208e-01 4.43654070e-16 9.50456132e-01 2.07839597e-06 9.02469900e-01 6.74308705e-01 9.60048128e-01 9.95445397e-01 9.99007400e-01 7.34359308e-07 5.81654879e-07 5.81654322e-07 3.74817297e-03 1.77718623e-02 2.48915399e-03 1.50704425e-02 2.57577039e-02 8.14254831e-03 4.75942673e-03 1.06251119e-02 9.31561515e-03 7.83168158e-03
7.82282282e-02 -2.92799520e-02 -3.73048413e-03 -3.73047547e-03 5.37026447e+01 9.11857581e+01 9.92461170e+01 1.24894763e+02 1.65198899e+02 1.75548221e+02 2.09381752e+02 2.45039910e+02 3.01284848e+02 3.61849429e+02 9.54059995e-15 4.10505446e-06 1.94003956e-05 9.98681844e-01 9.58907849e-01 1.72896697e-15 9.50752902e-01 2.07440672e-06 9.02691113e-01 6.73440919e-01 9.60135574e-01 9.95460928e-01 9.99010778e-01 7.34359308e-07 5.81654765e-07 5.81654436e-07 3.75840167e-03 1.77781191e-02 2.48915399e-03 1.50312916e-02 2.57577039e-02 8.13223980e-03 4.75205292e-03 1.06058262e-02 9.29820110e-03 7.81788509e-03
7.83783784e-02 -2.92799520e-02 -3.73048403e-03 -3.73047757e-03 5.36960995e+01 9.11075437e+01 9.92461170e+01 1.24862368e+02 1.65198899e+02 1.75553449e+02 2.09361090e+02 2.45010456e+02 3.01270993e+02 3.61842028e+02 4.66605829e-14 7.42182088e-06 1.84297139e-05 9.98674691e-01 9.58916452e-01 3.17119987e-16 9.51047487e-01 2.07043276e-06 9.02911711e-01 6.72574489e-01 9.60223038e-01 9.95476389e-01 9.99014140e-01 7.34359308e-07 5.81654880e-07 5.81654322e-07 3.76864836e-03 1.77841634e-02 2.48915399e-03 1.49922615e-02 2.57577039e-02 8.12195316e-03 4.74466905e-03 1.05865830e-02 9.28084511e-03 7.80413342e-03
7.85285285e-02 -2.92799521e-02 -3.73048702e-03 -3.73048008e-03 5.36895303e+01 9.10293356e+01 9.92461170e+01 1.24830182e+02 1.65198899e+02 1.75558658e+02 2.09340487e+02 2.44981152e+02 3.01257214e+02 3.61834668e+02 6.92693843e-14 1.79292854e-05 8.64825755e-06 9.98667507e-01 9.58926007e-01 1.38882848e-15 9.51339903e-01 2.06647400e-06 9.03131696e-01 6.71709418e-01 9.60310516e-01 9.95491781e-01 9.99017486e-01 7.34359308e-07 5.81654913e-07 5.81654289e-07 3.77891306e-03 1.77899965e-02 2.48915399e-03 1.49533526e-02 2.57577039e-02 8.11168835e-03 4.73727541e-03 1.05673825e-02 9.26354698e-03 7.79042640e-03
7.86786787e-02 -2.92799522e-02 -3.73048601e-03 -3.73047979e-03 5.36829370e+01 9.09511355e+01 9.92461170e+01 1.24798205e+02 1.65198899e+02 1.75563847e+02 2.09319942e+02 2.44951999e+02 3.01243512e+02 3.61827348e+02 6.08140458e-14 3.30811768e-06 1.96678606e-05 9.98660291e-01 9.58936506e-01 1.20180511e-15 9.51630164e-01 2.06253035e-06 9.03351069e-01 6.70845709e-01 9.60398005e-01 9.95507103e-01 9.99020816e-01 7.34359308e-07 5.81654734e-07 5.81654468e-07 3.78919579e-03 1.77956197e-02 2.48915399e-03 1.49145655e-02 2.57577039e-02 8.10144529e-03 4.72987231e-03 1.05482248e-02 9.24630648e-03 7.77676383e-03
7.88288288e-02 -2.92799521e-02 -3.73048463e-03 -3.73048265e-03 5.36763196e+01 9.08729449e+01 9.92461170e+01 1.24766435e+02 1.65198899e+02 1.75569016e+02 2.09299455e+02 2.44922994e+02 3.01229886e+02 3.61820066e+02 6.74707708e-14 4.35700997e-06 1.95013973e-05 9.98653043e-01 9.58947941e-01 1.79481034e-15 9.51918284e-01 2.05860172e-06 9.03569832e-01 6.69983367e-01 9.60485500e-01 9.95522357e-01 9.99024130e-01 7.34359308e-07 5.81654773e-07 5.81654428e-07 3.79949657e-03 1.78010343e-02 2.48915399e-03 1.48759005e-02 2.57577039e-02 8.09122393e-03 4.72246004e-03 1.05291101e-02 9.22912340e-03 7.76314552e-03
7.89789790e-02 -2.92799522e-02 -3.73048575e-03 -3.73048195e-03 5.36696780e+01 9.07947653e+01 9.92461170e+01 1.24734869e+02 1.65198899e+02 1.75574166e+02 2.09279027e+02 2.44894137e+02 3.01216335e+02 3.61812824e+02 8.51864094e-14 4.69149837e-06 1.94627958e-05 9.98645764e-01 9.58960303e-01 1.43439716e-15 9.52204279e-01 2.05468802e-06 9.03787987e-01 6.69122393e-01 9.60572997e-01 9.95537542e-01 9.99027429e-01 7.34359308e-07 5.81654785e-07 5.81654416e-07 3.80981543e-03 1.78062417e-02 2.48915399e-03 1.48373579e-02 2.57577039e-02 8.08102423e-03 4.71503889e-03 1.05100385e-02 9.21199753e-03 7.74957129e-03
7.91291291e-02 -2.92799522e-02 -3.73048789e-03 -3.73048015e-03 5.36630120e+01 9.07165984e+01 9.92461170e+01 1.24703508e+02 1.65198899e+02 1.75579297e+02 2.09258657e+02 2.44865427e+02 3.01202859e+02 3.61805621e+02 8.88310722e-14 1.87719462e-05 7.06753541e-06 9.98638452e-01 9.58973584e-01 8.47488496e-16 9.52488161e-01 2.05078919e-06 9.04005536e-01 6.68262792e-01 9.60660493e-01 9.95552659e-01 9.99030712e-01 7.34359308e-07 5.81654863e-07 5.81654338e-07 3.82015238e-03 1.78112430e-02 2.48915399e-03 1.47989382e-02 2.57577039e-02 8.07084611e-03 4.70760915e-03 1.04910100e-02 9.19492863e-03 7.73604096e-03
7.92792793e-02 -2.92799522e-02 -3.73048764e-03 -3.73048151e-03 5.36563216e+01 9.06384455e+01 9.92461170e+01 1.24672349e+02 1.65198899e+02 1.75584409e+02 2.09238345e+02 2.44836864e+02 3.01189457e+02 3.61798456e+02 2.51666578e-14 1.92892238e-05 5.63828056e-06 9.98631107e-01 9.58987776e-01 2.73349548e-15 9.52769947e-01 2.04690512e-06 9.04222479e-01 6.67404566e-01 9.60747983e-01 9.95567708e-01 9.99033979e-01 7.34359308e-07 5.81654815e-07 5.81654387e-07 3.83050744e-03 1.78160397e-02 2.48915399e-03 1.47606417e-02 2.57577039e-02 8.06068953e-03 4.70017111e-03 1.04720249e-02 9.17791650e-03 7.72255433e-03
7.94294294e-02 -2.92799523e-02 -3.73048480e-03 -3.73047876e-03 5.36496068e+01 9.05603083e+01 9.92461170e+01 1.24641391e+02 1.65198899e+02 1.75589501e+02 2.09218091e+02 2.44808447e+02 3.01176129e+02 3.61791329e+02 9.88817007e-14 3.85124274e-06 1.97626802e-05 9.98623731e-01 9.59002869e-01 4.42708728e-15 9.53049650e-01 2.04303573e-06 9.04438818e-01 6.66547719e-01 9.60835464e-01 9.95582689e-01 9.99037231e-01 7.34359308e-07 5.81654753e-07 5.81654448e-07 3.84088064e-03 1.78206330e-02 2.48915399e-03 1.47224687e-02 2.57577039e-02 8.05055442e-03 4.69272504e-03 1.04530832e-02 9.16096092e-03 7.70911122e-03
7.95795796e-02 -2.92799522e-02 -3.73048567e-03 -3.73048082e-03 5.36428674e+01 9.04821883e+01 9.92461170e+01 1.24610634e+02 1.65198899e+02 1.75594575e+02 2.09197895e+02 2.44780174e+02 3.01162874e+02 3.61784240e+02 4.89620888e-14 1.67510939e-05 1.12396881e-05 9.98616322e-01 9.59018855e-01 5.19250889e-16 9.53327285e-01 2.03918095e-06 9.04654556e-01 6.65692252e-01 9.60922932e-01 9.95597603e-01 9.99040468e-01 7.34359308e-07 5.81654970e-07 5.81654231e-07 3.85127200e-03 1.78250242e-02 2.48915399e-03 1.46844195e-02 2.57577039e-02 8.04044073e-03 4.68527124e-03 1.04341851e-02 9.14406168e-03 7.69571145e-03
7.97297297e-02 -2.92799520e-02 -3.73048512e-03 -3.73048086e-03 5.36361033e+01 9.04040870e+01 9.92461170e+01 1.24580074e+02 1.65198899e+02 1.75599629e+02 2.09177757e+02 2.44752044e+02 3.01149692e+02 3.61777189e+02 1.55517165e-14 8.30321024e-06 1.84261626e-05 9.98608880e-01 9.59035726e-01 2.27074253e-15 9.53602865e-01 2.03534068e-06 9.04869694e-01 6.64838169e-01 9.61010383e-01 9.95612450e-01 9.99043689e-01 7.34359308e-07 5.81654902e-07 5.81654299e-07 3.86168153e-03 1.78292146e-02 2.48915399e-03 1.46464945e-02 2.57577039e-02 8.03034842e-03 4.67780997e-03 1.04153306e-02 9.12721855e-03 7.68235484e-03
7.98798799e-02 -2.92799520e-02 -3.73048767e-03 -3.73048432e-03 5.36293145e+01 9.03260059e+01 9.92461170e+01 1.24549711e+02 1.65198899e+02 1.75604665e+02 2.09157677e+02 2.44724058e+02 3.01136581e+02 3.61770176e+02 8.49395234e-14 1.87073714e-05 7.74860979e-06 9.98601406e-01 9.59053474e-01 1.98258796e-15 9.53876406e-01 2.03151485e-06 9.05084232e-01 6.63985473e-01 9.61097815e-01 9.95627231e-01 9.99046895e-01 7.34359308e-07 5.81654882e-07 5.81654319e-07 3.87210925e-03 1.78332055e-02 2.48915399e-03 1.46086939e-02 2.57577039e-02 8.02027741e-03 4.67034152e-03 1.03965199e-02 9.11043133e-03 7.66904120e-03
8.00300300e-02 -2.92799520e-02 -3.73048444e-03 -3.73048262e-03 5.36225009e+01 9.02479464e+01 9.92461170e+01 1.24519545e+02 1.65198899e+02 1.75609681e+02 2.09137654e+02 2.44696214e+02 3.01123543e+02 3.61763200e+02 8.29227942e-14 8.80757335e-06 1.82750151e-05 9.98593899e-01 9.59072089e-01 2.99084321e-15 9.54147922e-01 2.02770338e-06 9.05298174e-01 6.63134167e-01 9.61185222e-01 9.95641945e-01 9.99050086e-01 7.34359308e-07 5.81654915e-07 5.81654286e-07 3.88255518e-03 1.78369983e-02 2.48915399e-03 1.45710179e-02 2.57577039e-02 8.01022765e-03 4.66286615e-03 1.03777530e-02 9.09369979e-03 7.65577034e-03
8.01801802e-02 -2.92799522e-02 -3.73048331e-03 -3.73048012e-03 5.36156624e+01 9.01699100e+01 9.92461170e+01 1.24489572e+02 1.65198899e+02 1.75614680e+02 2.09117690e+02 2.44668512e+02 3.01110576e+02 3.61756260e+02 2.88795207e-14 9.92601204e-06 1.77361082e-05 9.98586359e-01 9.59091563e-01 2.75147435e-15 9.54417427e-01 2.02390618e-06 9.05511520e-01 6.62284252e-01 9.61272602e-01 9.95656593e-01 9.99053262e-01 7.34359308e-07 5.81654943e-07 5.81654258e-07 3.89301934e-03 1.78405942e-02 2.48915399e-03 1.45334668e-02 2.57577039e-02 8.00019909e-03 4.65538414e-03 1.03590300e-02 9.07702373e-03 7.64254210e-03
8.03303303e-02 -2.92799520e-02 -3.73048662e-03 -3.73048363e-03 5.36087989e+01 9.00918982e+01 9.92461170e+01 1.24459792e+02 1.65198899e+02 1.75619659e+02 2.09097783e+02 2.44640950e+02 3.01097679e+02 3.61749358e+02 5.90435649e-14 1.70536492e-05 1.11273052e-05 9.98578787e-01 9.59111888e-01 7.95228846e-16 9.54684935e-01 2.02012318e-06 9.05724273e-01 6.61435731e-01 9.61359952e-01 9.95671175e-01 9.99056424e-01 7.34359308e-07 5.81654966e-07 5.81654235e-07 3.90350175e-03 1.78439945e-02 2.48915399e-03 1.44960409e-02 2.57577039e-02 7.99019167e-03 4.64789575e-03 1.03403510e-02 9.06040292e-03 7.62935629e-03
8.04804805e-02 -2.92799522e-02 -3.73048703e-03 -3.73048399e-03 5.36019104e+01 9.00139124e+01 9.92461170e+01 1.24430204e+02 1.65198899e+02 1.75624620e+02 2.09077933e+02 2.44613527e+02 3.01084853e+02 3.61742492e+02 5.60973870e-14 1.79456721e-05 9.70300175e-06 9.98571181e-01 9.59133055e-01 1.00738279e-15 9.54950460e-01 2.01635430e-06 9.05936433e-01 6.60588606e-01 9.61447268e-01 9.95685692e-01 9.99059570e-01 7.34359308e-07 5.81654935e-07 5.81654267e-07 3.91400242e-03 1.78472006e-02 2.48915399e-03 1.44587402e-02 2.57577039e-02 7.98020534e-03 4.64040124e-03 1.03217161e-02 9.04383716e-03 7.61621274e-03
8.06306306e-02 -2.92799522e-02 -3.73048496e-03 -3.73048069e-03 5.35949967e+01 8.99359541e+01 9.92461170e+01 1.24400806e+02 1.65198899e+02 1.75629562e+02 2.09058141e+02 2.44586244e+02 3.01072096e+02 3.61735662e+02 6.31890827e-14 4.29372384e-06 1.99828362e-05 9.98563541e-01 9.59155056e-01 1.65554935e-15 9.55214016e-01 2.01259944e-06 9.06148003e-01 6.59742881e-01 9.61534546e-01 9.95700143e-01 9.99062702e-01 7.34359308e-07 5.81654767e-07 5.81654434e-07 3.92452138e-03 1.78502136e-02 2.48915399e-03 1.44215652e-02 2.57577039e-02 7.97024005e-03 4.63290088e-03 1.03031254e-02 9.02732622e-03 7.60311125e-03
8.07807808e-02 -2.92799523e-02 -3.73048547e-03 -3.73048218e-03 5.35880578e+01 8.98580247e+01 9.92461170e+01 1.24371598e+02 1.65198899e+02 1.75634487e+02 2.09038407e+02 2.44559099e+02 3.01059409e+02 3.61728868e+02 4.09053755e-15 1.40024666e-05 1.49411529e-05 9.98555869e-01 9.59177883e-01 3.51910486e-15 9.55475619e-01 2.00885855e-06 9.06358984e-01 6.58898557e-01 9.61621784e-01 9.95714530e-01 9.99065818e-01 7.34359308e-07 5.81655000e-07 5.81654201e-07 3.93505862e-03 1.78530350e-02 2.48915399e-03 1.43845158e-02 2.57577039e-02 7.96029573e-03 4.62539493e-03 1.02845790e-02 9.01086990e-03 7.59005166e-03
8.09309309e-02 -2.92799520e-02 -3.73048496e-03 -3.73048007e-03 5.35810935e+01 8.97801256e+01 9.92461170e+01 1.24342576e+02 1.65198899e+02 1.75639393e+02 2.09018729e+02 2.44532091e+02 3.01046790e+02 3.61722109e+02 3.77826692e-14 9.70361149e-06 1.80750451e-05 9.98548163e-01 9.59201526e-01 5.35170992e-16 9.55735281e-01 2.00513154e-06 9.06569378e-01 6.58055636e-01 9.61708978e-01 9.95728852e-01 9.99068921e-01 7.34359308e-07 5.81654936e-07 5.81654266e-07 3.94561418e-03 1.78556660e-02 2.48915399e-03 1.43475923e-02 2.57577039e-02 7.95037233e-03 4.61788364e-03 1.02660769e-02 8.99446798e-03 7.57703378e-03
8.10810811e-02 -2.92799522e-02 -3.73048525e-03 -3.73047523e-03 5.35741039e+01 8.97022582e+01 9.92461170e+01 1.24313741e+02 1.65198899e+02 1.75644280e+02 2.08999109e+02 2.44505219e+02 3.01034240e+02 3.61715386e+02 7.21210965e-14 2.55862958e-06 2.03932306e-05 9.98540423e-01 9.59225978e-01 1.46023219e-15 9.55993016e-01 2.00141834e-06 9.06779185e-01 6.57214121e-01 9.61796124e-01 9.95743111e-01 9.99072009e-01 7.34359308e-07 5.81654702e-07 5.81654500e-07 3.95618807e-03 1.78581080e-02 2.48915399e-03 1.43107948e-02 2.57577039e-02 7.94046980e-03 4.61036726e-03 1.02476191e-02 8.97812025e-03 7.56405745e-03
8.12312312e-02 -2.92799518e-02 -3.73048560e-03 -3.73047974e-03 5.35670887e+01 8.96244239e+01 9.92461170e+01 1.24285091e+02 1.65198899e+02 1.75649150e+02 2.08979546e+02 2.44478483e+02 3.01021757e+02 3.61708699e+02 5.13237285e-14 4.70674076e-06 2.00460230e-05 9.98532650e-01 9.59251230e-01 1.74204994e-15 9.56248840e-01 1.99771886e-06 9.06988409e-01 6.56374013e-01 9.61883221e-01 9.95757305e-01 9.99075082e-01 7.34359308e-07 5.81654781e-07 5.81654420e-07 3.96678029e-03 1.78603621e-02 2.48915399e-03 1.42741234e-02 2.57577039e-02 7.93058808e-03 4.60284605e-03 1.02292058e-02 8.96182649e-03 7.55112248e-03
8.13813814e-02 -2.92799521e-02 -3.73048462e-03 -3.73048207e-03 5.35600480e+01 8.95466241e+01 9.92461170e+01 1.24256625e+02 1.65198899e+02 1.75654001e+02 2.08960040e+02 2.44451882e+02 3.01009342e+02 3.61702046e+02 6.95852702e-15 1.73589895e-05 1.11458886e-05 9.98524843e-01 9.59277274e-01 2.70747081e-15 9.56502765e-01 1.99403303e-06 9.07197050e-01 6.55535315e-01 9.61970265e-01 9.95771435e-01 9.99078141e-01 7.34359308e-07 5.81654964e-07 5.81654237e-07 3.97739087e-03 1.78624296e-02 2.48915399e-03 1.42375784e-02 2.57577039e-02 7.92072712e-03 4.59532025e-03 1.02108370e-02 8.94558650e-03 7.53822870e-03
8.15315315e-02 -2.92799521e-02 -3.73048719e-03 -3.73048320e-03 5.35529817e+01 8.94688601e+01 9.92461170e+01 1.24228341e+02 1.65198899e+02 1.75658835e+02 2.08940591e+02 2.44425415e+02 3.00996993e+02 3.61695428e+02 1.26310445e-14 2.02559030e-05 4.10311380e-06 9.98517002e-01 9.59304101e-01 2.68797905e-15 9.56754805e-01 1.99036078e-06 9.07405110e-01 6.54698028e-01 9.62057252e-01 9.95785502e-01 9.99081186e-01 7.34359308e-07 5.81654754e-07 5.81654447e-07 3.98801982e-03 1.78643120e-02 2.48915399e-03 1.42011597e-02 2.57577039e-02 7.91088686e-03 4.58779010e-03 1.01925128e-02 8.92940006e-03 7.52537594e-03
8.16816817e-02 -2.92799521e-02 -3.73048466e-03 -3.73048049e-03 5.35458896e+01 8.93911334e+01 9.92461170e+01 1.24200238e+02 1.65198899e+02 1.75663651e+02 2.08921199e+02 2.44399082e+02 3.00984711e+02 3.61688845e+02 3.04876486e-14 1.16761201e-05 1.70991248e-05 9.98509127e-01 9.59331704e-01 1.44251115e-15 9.57004975e-01 1.98670203e-06 9.07612591e-01 6.53862154e-01 9.62144180e-01 9.95799506e-01 9.99084217e-01 7.34359308e-07 5.81654974e-07 5.81654227e-07 3.99866715e-03 1.78660104e-02 2.48915399e-03 1.41648674e-02 2.57577039e-02 7.90106726e-03 4.58025586e-03 1.01742332e-02 8.91326695e-03 7.51256402e-03
8.18318318e-02 -2.92799522e-02 -3.73048334e-03 -3.73047747e-03 5.35387716e+01 8.93134451e+01 9.92461170e+01 1.24172315e+02 1.65198899e+02 1.75668449e+02 2.08901864e+02 2.44372881e+02 3.00972495e+02 3.61682296e+02 2.92635649e-14 7.63773174e-06 1.92861219e-05 9.98501218e-01 9.59360073e-01 2.06857899e-16 9.57253288e-01 1.98305670e-06 9.07819494e-01 6.53027694e-01 9.62231046e-01 9.95813448e-01 9.99087233e-01 7.34359308e-07 5.81654876e-07 5.81654325e-07 4.00933288e-03 1.78675261e-02 2.48915399e-03 1.41287017e-02 2.57577039e-02 7.89126825e-03 4.57271777e-03 1.01559982e-02 8.89718698e-03 7.49979277e-03
8.19819820e-02 -2.92799521e-02 -3.73048440e-03 -3.73047899e-03 5.35316278e+01 8.92357968e+01 9.92461170e+01 1.24144570e+02 1.65198899e+02 1.75673229e+02 2.08882585e+02 2.44346812e+02 3.00960344e+02 3.61675780e+02 7.12422664e-14 1.33427269e-05 1.59324064e-05 9.98493274e-01 9.59389200e-01 1.22834069e-15 9.57499758e-01 1.97942473e-06 9.08025820e-01 6.52194652e-01 9.62317847e-01 9.95827327e-01 9.99090236e-01 7.34359308e-07 5.81654995e-07 5.81654206e-07 4.02001701e-03 1.78688604e-02 2.48915399e-03 1.40926626e-02 2.57577039e-02 7.88148978e-03 4.56517605e-03 1.01378079e-02 8.88115992e-03 7.48706202e-03
8.21321321e-02 -2.92799523e-02 -3.73048523e-03 -3.73048177e-03 5.35244579e+01 8.91581897e+01 9.92461170e+01 1.24117003e+02 1.65198899e+02 1.75677991e+02 2.08863363e+02 2.44320874e+02 3.00948258e+02 3.61669299e+02 6.17018622e-14 1.86675143e-05 9.21830978e-06 9.98485296e-01 9.59419078e-01 2.33562213e-15 9.57744398e-01 1.97580604e-06 9.08231573e-01 6.51363027e-01 9.62404580e-01 9.95841143e-01 9.99093225e-01 7.34359308e-07 5.81654917e-07 5.81654284e-07 4.03071956e-03 1.78700146e-02 2.48915399e-03 1.40567501e-02 2.57577039e-02 7.87173180e-03 4.55763094e-03 1.01196624e-02 8.86518558e-03 7.47437160e-03
8.22822823e-02 -2.92799520e-02 -3.73048467e-03 -3.73048237e-03 5.35172620e+01 8.90806251e+01 9.92461170e+01 1.24089612e+02 1.65198899e+02 1.75682736e+02 2.08844197e+02 2.44295066e+02 3.00936237e+02 3.61662851e+02 1.96007715e-14 1.65236245e-05 1.27282932e-05 9.98477284e-01 9.59449697e-01 6.04083136e-16 9.57987223e-01 1.97220055e-06 9.08436752e-01 6.50532822e-01 9.62491243e-01 9.95854898e-01 9.99096199e-01 7.34359308e-07 5.81654987e-07 5.81654214e-07 4.04144053e-03 1.78709899e-02 2.48915399e-03 1.40209643e-02 2.57577039e-02 7.86199425e-03 4.55008269e-03 1.01015616e-02 8.84926373e-03 7.46172133e-03
8.24324324e-02 -2.92799522e-02 -3.73048414e-03 -3.73047608e-03 5.35100398e+01 8.90031043e+01 9.92461170e+01 1.24062395e+02 1.65198899e+02 1.75687464e+02 2.08825088e+02 2.44269387e+02 3.00924280e+02 3.61656437e+02 6.73634579e-14 5.00243870e-06 2.02880360e-05 9.98469237e-01 9.59481051e-01 3.66395815e-15 9.58228245e-01 1.96860820e-06 9.08641360e-01 6.49704038e-01 9.62577832e-01 9.95868592e-01 9.99099160e-01 7.34359308e-07 5.81654789e-07 5.81654412e-07 4.05217995e-03 1.78717876e-02 2.48915399e-03 1.39853052e-02 2.57577039e-02 7.85227709e-03 4.54253151e-03 1.00835056e-02 8.83339417e-03 7.44911106e-03
8.25825826e-02 -2.92799522e-02 -3.73048796e-03 -3.73048211e-03 5.35027915e+01 8.89256286e+01 9.92461170e+01 1.24035352e+02 1.65198899e+02 1.75692174e+02 2.08806035e+02 2.44243838e+02 3.00912386e+02 3.61650056e+02 6.94155922e-14 1.74797247e-05 1.15186849e-05 9.98461156e-01 9.59513130e-01 9.69716560e-16 9.58467478e-01 1.96502891e-06 9.08845398e-01 6.48876677e-01 9.62664346e-01 9.95882224e-01 9.99102108e-01 7.34359308e-07 5.81654968e-07 5.81654233e-07 4.06293781e-03 1.78724090e-02 2.48915399e-03 1.39497728e-02 2.57577039e-02 7.84258026e-03 4.53497763e-03 1.00654945e-02 8.81757669e-03 7.43654060e-03
8.27327327e-02 -2.92799522e-02 -3.73048581e-03 -3.73048167e-03 5.34955167e+01 8.88481994e+01 9.92461170e+01 1.24008482e+02 1.65198899e+02 1.75696867e+02 2.08787038e+02 2.44218416e+02 3.00900556e+02 3.61643707e+02 6.05421572e-14 1.99068585e-05 6.59794236e-06 9.98453040e-01 9.59545926e-01 4.14500307e-16 9.58704936e-01 1.96146262e-06 9.09048867e-01 6.48050740e-01 9.62750780e-01 9.95895795e-01 9.99105041e-01 7.34359308e-07 5.81654838e-07 5.81654363e-07 4.07371413e-03 1.78728552e-02 2.48915399e-03 1.39143672e-02 2.57577039e-02 7.83290370e-03 4.52742129e-03 1.00475282e-02 8.80181109e-03 7.42400979e-03
8.28828829e-02 -2.92799522e-02 -3.73048911e-03 -3.73048333e-03 5.34882155e+01 8.87708177e+01 9.92461170e+01 1.23981782e+02 1.65198899e+02 1.75701543e+02 2.08768098e+02 2.44193122e+02 3.00888788e+02 3.61637392e+02 9.81069943e-14 2.09355836e-05 1.76495731e-06 9.98444888e-01 9.59579432e-01 8.81519058e-16 9.58940632e-01 1.95790924e-06 9.09251770e-01 6.47226227e-01 9.62837134e-01 9.95909306e-01 9.99107961e-01 7.34359308e-07 5.81654666e-07 5.81654536e-07 4.08450892e-03 1.78731277e-02 2.48915399e-03 1.38790882e-02 2.57577039e-02 7.82324736e-03 4.51986269e-03 1.00296069e-02 8.78609715e-03 7.41151846e-03
8.30330330e-02 -2.92799521e-02 -3.73048309e-03 -3.73047980e-03 5.34808878e+01 8.86934850e+01 9.92461170e+01 1.23955252e+02 1.65198899e+02 1.75706201e+02 2.08749213e+02 2.44167954e+02 3.00877083e+02 3.61631109e+02 4.00810805e-14 1.09273201e-05 1.79891129e-05 9.98436702e-01 9.59613639e-01 5.62416596e-16 9.59174580e-01 1.95436872e-06 9.09454108e-01 6.46403141e-01 9.62923404e-01 9.95922756e-01 9.99110868e-01 7.34359308e-07 5.81654957e-07 5.81654244e-07 4.09532218e-03 1.78732275e-02 2.48915399e-03 1.38439359e-02 2.57577039e-02 7.81361119e-03 4.51230207e-03 1.00117304e-02 8.77043466e-03 7.39906646e-03
8.31831832e-02 -2.92799522e-02 -3.73048446e-03 -3.73048189e-03 5.34735335e+01 8.86162025e+01 9.92461170e+01 1.23928891e+02 1.65198899e+02 1.75710843e+02 2.08730384e+02 2.44142912e+02 3.00865440e+02 3.61624858e+02 1.67236691e-14 1.24415750e-05 1.70242589e-05 9.98428481e-01 9.59648539e-01 1.08257335e-15 9.59406792e-01 1.95084098e-06 9.09655883e-01 6.45581483e-01 9.63009587e-01 9.95936146e-01 9.99113761e-01 7.34359308e-07 5.81654983e-07 5.81654218e-07 4.10615392e-03 1.78731560e-02 2.48915399e-03 1.38089102e-02 2.57577039e-02 7.80399514e-03 4.50473964e-03 9.99389885e-03 8.75482343e-03 7.38665360e-03
8.33333333e-02 -2.92799522e-02 -3.73048360e-03 -3.73047926e-03 5.34661525e+01 8.85389714e+01 9.92461170e+01 1.23902697e+02 1.65198899e+02 1.75715467e+02 2.08711611e+02 2.44117994e+02 3.00853858e+02 3.61618639e+02 6.84938877e-14 2.40546346e-07 2.11226628e-05 9.98420224e-01 9.59684125e-01 7.50431457e-16 9.59637282e-01 1.94732595e-06 9.09857095e-01 6.44761253e-01 9.63095682e-01 9.95949477e-01 9.99116641e-01 7.34359308e-07 5.81654594e-07 5.81654608e-07 4.11700416e-03 1.78729144e-02 2.48915399e-03 1.37740111e-02 2.57577039e-02 7.79439915e-03 4.49717562e-03 9.97611224e-03 8.73926325e-03 7.37427973e-03
8.34834835e-02 -2.92799522e-02 -3.73048476e-03 -3.73047594e-03 5.34587447e+01 8.84617929e+01 9.92461170e+01 1.23876669e+02 1.65198899e+02 1.75720075e+02 2.08692894e+02 2.44093201e+02 3.00842338e+02 3.61612452e+02 1.13759507e-14 4.45718988e-06 2.06873795e-05 9.98411932e-01 9.59720388e-01 5.83298045e-16 9.59866062e-01 1.94382357e-06 9.10057747e-01 6.43942453e-01 9.63181686e-01 9.95962748e-01 9.99119508e-01 7.34359308e-07 5.81654767e-07 5.81654434e-07 4.12787289e-03 1.78725040e-02 2.48915399e-03 1.37392385e-02 2.57577039e-02 7.78482318e-03 4.48961021e-03 9.95837059e-03 8.72375391e-03 7.36194467e-03
8.36336336e-02 -2.92799521e-02 -3.73048501e-03 -3.73048142e-03 5.34513100e+01 8.83846682e+01 9.92461170e+01 1.23850806e+02 1.65198899e+02 1.75724665e+02 2.08674232e+02 2.44068532e+02 3.00830878e+02 3.61606296e+02 1.70801492e-14 1.39384016e-05 1.59739644e-05 9.98403605e-01 9.59757320e-01 3.40472975e-16 9.60093147e-01 1.94033376e-06 9.10257841e-01 6.43125083e-01 9.63267596e-01 9.95975960e-01 9.99122361e-01 7.34359308e-07 5.81654998e-07 5.81654204e-07 4.13876012e-03 1.78719259e-02 2.48915399e-03 1.37045924e-02 2.57577039e-02 7.77526716e-03 4.48204364e-03 9.94067389e-03 8.70829520e-03 7.34964828e-03
8.37837838e-02 -2.92799523e-02 -3.73048332e-03 -3.73047832e-03 5.34438483e+01 8.83075986e+01 9.92461170e+01 1.23825107e+02 1.65198899e+02 1.75729239e+02 2.08655626e+02 2.44043986e+02 3.00819478e+02 3.61600172e+02 3.77086900e-14 9.00365265e-06 1.92352821e-05 9.98395242e-01 9.59794914e-01 4.00516562e-15 9.60318549e-01 1.93685646e-06 9.10457377e-01 6.42309145e-01 9.63353411e-01 9.95989112e-01 9.99125202e-01 7.34359308e-07 5.81654910e-07 5.81654292e-07 4.14966585e-03 1.78711813e-02 2.48915399e-03 1.36700727e-02 2.57577039e-02 7.76573106e-03 4.47447610e-03 9.92302215e-03 8.69288692e-03 7.33739038e-03
8.39339339e-02 -2.92799521e-02 -3.73048512e-03 -3.73048045e-03 5.34363596e+01 8.82305852e+01 9.92461170e+01 1.23799571e+02 1.65198899e+02 1.75733796e+02 2.08637075e+02 2.44019561e+02 3.00808139e+02 3.61594079e+02 1.17400143e-14 6.31592880e-06 2.03172104e-05 9.98386844e-01 9.59833162e-01 6.76885754e-16 9.60542280e-01 1.93339160e-06 9.10656357e-01 6.41494639e-01 9.63439128e-01 9.96002207e-01 9.99128029e-01 7.34359308e-07 5.81654829e-07 5.81654372e-07 4.16059010e-03 1.78702716e-02 2.48915399e-03 1.36356792e-02 2.57577039e-02 7.75621481e-03 4.46690781e-03 9.90541538e-03 8.67752887e-03 7.32517082e-03
8.40840841e-02 -2.92799523e-02 -3.73048508e-03 -3.73048158e-03 5.34288437e+01 8.81536292e+01 9.92461170e+01 1.23774196e+02 1.65198899e+02 1.75738337e+02 2.08618579e+02 2.43995258e+02 3.00796858e+02 3.61588017e+02 1.72465780e-14 1.48552828e-05 1.52846859e-05 9.98378409e-01 9.59872055e-01 2.56967253e-15 9.60764355e-01 1.92993911e-06 9.10854784e-01 6.40681566e-01 9.63524744e-01 9.96015243e-01 9.99130844e-01 7.34359308e-07 5.81655001e-07 5.81654200e-07 4.17153286e-03 1.78691978e-02 2.48915399e-03 1.36014119e-02 2.57577039e-02 7.74671836e-03 4.45933896e-03 9.88785358e-03 8.66222085e-03 7.31298942e-03
8.42342342e-02 -2.92799520e-02 -3.73048641e-03 -3.73048211e-03 5.34213006e+01 8.80767318e+01 9.92461170e+01 1.23748981e+02 1.65198899e+02 1.75742861e+02 2.08600139e+02 2.43971076e+02 3.00785637e+02 3.61581986e+02 6.22711822e-14 3.19210227e-06 2.11124486e-05 9.98369939e-01 9.59911587e-01 1.25872502e-15 9.60984785e-01 1.92649894e-06 9.11052658e-01 6.39869927e-01 9.63610257e-01 9.96028220e-01 9.99133645e-01 7.34359308e-07 5.81654721e-07 5.81654480e-07 4.18249414e-03 1.78679613e-02 2.48915399e-03 1.35672706e-02 2.57577039e-02 7.73724166e-03 4.45176976e-03 9.87033674e-03 8.64696265e-03 7.30084603e-03
8.43843844e-02 -2.92799521e-02 -3.73048476e-03 -3.73048051e-03 5.34137302e+01 8.79998941e+01 9.92461170e+01 1.23723925e+02 1.65198899e+02 1.75747368e+02 2.08581753e+02 2.43947013e+02 3.00774475e+02 3.61575985e+02 2.39271501e-14 1.25389966e-05 1.73298995e-05 9.98361433e-01 9.59951749e-01 9.22978011e-16 9.61203584e-01 1.92307100e-06 9.11249980e-01 6.39059723e-01 9.63695666e-01 9.96041141e-01 9.99136434e-01 7.34359308e-07 5.81654982e-07 5.81654220e-07 4.19347395e-03 1.78665632e-02 2.48915399e-03 1.35332553e-02 2.57577039e-02 7.72778467e-03 4.44420040e-03 9.85286485e-03 8.63175406e-03 7.28874050e-03
8.45345345e-02 -2.92799522e-02 -3.73048804e-03 -3.73048401e-03 5.34061323e+01 8.79231173e+01 9.92461170e+01 1.23699028e+02 1.65198899e+02 1.75751859e+02 2.08563423e+02 2.43923070e+02 3.00763370e+02 3.61570015e+02 1.42963951e-13 1.98258108e-05 8.13134838e-06 9.98352890e-01 9.59992533e-01 1.60491180e-15 9.61420763e-01 1.91965524e-06 9.11446754e-01 6.38250953e-01 9.63780969e-01 9.96054003e-01 9.99139210e-01 7.34359308e-07 5.81654880e-07 5.81654321e-07 4.20447227e-03 1.78650047e-02 2.48915399e-03 1.34993658e-02 2.57577039e-02 7.71834732e-03 4.43663109e-03 9.83543792e-03 8.61659490e-03 7.27667265e-03
8.46846847e-02 -2.92799521e-02 -3.73048572e-03 -3.73048240e-03 5.33985069e+01 8.78464025e+01 9.92461170e+01 1.23674287e+02 1.65198899e+02 1.75756334e+02 2.08545147e+02 2.43899246e+02 3.00752324e+02 3.61564075e+02 5.11954995e-15 1.96848823e-05 8.56268956e-06 9.98344312e-01 9.60033933e-01 1.88762304e-15 9.61636337e-01 1.91625160e-06 9.11642979e-01 6.37443620e-01 9.63866162e-01 9.96066809e-01 9.99141973e-01 7.34359308e-07 5.81654892e-07 5.81654309e-07 4.21548912e-03 1.78632870e-02 2.48915399e-03 1.34656019e-02 2.57577039e-02 7.70892958e-03 4.42906202e-03 9.81805592e-03 8.60148495e-03 7.26464234e-03
8.48348348e-02 -2.92799520e-02 -3.73048466e-03 -3.73047657e-03 5.33908539e+01 8.77697509e+01 9.92461170e+01 1.23649702e+02 1.65198899e+02 1.75760792e+02 2.08526926e+02 2.43875539e+02 3.00741335e+02 3.61558165e+02 1.01184627e-13 8.27643469e-06 1.98481842e-05 9.98335697e-01 9.60075941e-01 4.14981641e-16 9.61850316e-01 1.91286000e-06 9.11838658e-01 6.36637722e-01 9.63951244e-01 9.96079557e-01 9.99144724e-01 7.34359308e-07 5.81654887e-07 5.81654315e-07 4.22652450e-03 1.78614113e-02 2.48915399e-03 1.34319636e-02 2.57577039e-02 7.69953138e-03 4.42149337e-03 9.80071885e-03 8.58642402e-03 7.25264940e-03
8.49849850e-02 -2.92799520e-02 -3.73048541e-03 -3.73048333e-03 5.33831733e+01 8.76931635e+01 9.92461170e+01 1.23625271e+02 1.65198899e+02 1.75765235e+02 2.08508760e+02 2.43851950e+02 3.00730403e+02 3.61552284e+02 2.28088866e-14 1.44134375e-05 1.60106541e-05 9.98327045e-01 9.60118548e-01 1.26768493e-15 9.62062714e-01 1.90948040e-06 9.12033793e-01 6.35833262e-01 9.64036214e-01 9.96092249e-01 9.99147462e-01 7.34359308e-07 5.81654999e-07 5.81654202e-07 4.23757840e-03 1.78593788e-02 2.48915399e-03 1.33984506e-02 2.57577039e-02 7.69015267e-03 4.41392535e-03 9.78342669e-03 8.57141191e-03 7.24069367e-03
8.51351351e-02 -2.92799522e-02 -3.73048542e-03 -3.73048221e-03 5.33754648e+01 8.76166416e+01 9.92461170e+01 1.23600994e+02 1.65198899e+02 1.75769661e+02 2.08490648e+02 2.43828477e+02 3.00719528e+02 3.61546433e+02 9.09720854e-14 1.51526107e-05 1.53664553e-05 9.98318358e-01 9.60161748e-01 1.47012573e-15 9.62273543e-01 1.90611271e-06 9.12228384e-01 6.35030238e-01 9.64121068e-01 9.96104885e-01 9.99150188e-01 7.34359308e-07 5.81655001e-07 5.81654200e-07 4.24865082e-03 1.78571906e-02 2.48915399e-03 1.33650628e-02 2.57577039e-02 7.68079341e-03 4.40635813e-03 9.76617943e-03 8.55644841e-03 7.22877501e-03
8.52852853e-02 -2.92799522e-02 -3.73048566e-03 -3.73048141e-03 5.33677285e+01 8.75401860e+01 9.92461170e+01 1.23576869e+02 1.65198899e+02 1.75774071e+02 2.08472591e+02 2.43805120e+02 3.00708709e+02 3.61540612e+02 5.52063276e-14 1.42156557e-05 1.62876925e-05 9.98309633e-01 9.60205534e-01 4.00248693e-16 9.62482815e-01 1.90275687e-06 9.12422433e-01 6.34228652e-01 9.64205806e-01 9.96117464e-01 9.99152901e-01 7.34359308e-07 5.81654998e-07 5.81654203e-07 4.25974177e-03 1.78548479e-02 2.48915399e-03 1.33318000e-02 2.57577039e-02 7.67145355e-03 4.39879190e-03 9.74897703e-03 8.54153334e-03 7.21689325e-03
8.54354354e-02 -2.92799522e-02 -3.73048656e-03 -3.73048197e-03 5.33599642e+01 8.74637981e+01 9.92461170e+01 1.23552895e+02 1.65198899e+02 1.75778465e+02 2.08454587e+02 2.43781878e+02 3.00697946e+02 3.61534820e+02 2.44671145e-14 1.44220132e-05 1.61563133e-05 9.98300872e-01 9.60249896e-01 1.11247142e-15 9.62690543e-01 1.89941283e-06 9.12615943e-01 6.33428504e-01 9.64290425e-01 9.96129988e-01 9.99155602e-01 7.34359308e-07 5.81654999e-07 5.81654202e-07 4.27085124e-03 1.78523519e-02 2.48915399e-03 1.32986620e-02 2.57577039e-02 7.66213303e-03 4.39122685e-03 9.73181949e-03 8.52666649e-03 7.20504825e-03
8.55855856e-02 -2.92799522e-02 -3.73048351e-03 -3.73047829e-03 5.33521719e+01 8.73874787e+01 9.92461170e+01 1.23529072e+02 1.65198899e+02 1.75782843e+02 2.08436638e+02 2.43758750e+02 3.00687239e+02 3.61529057e+02 3.57769996e-14 1.45351313e-05 1.61059279e-05 9.98292074e-01 9.60294830e-01 1.95798941e-15 9.62896739e-01 1.89608053e-06 9.12808913e-01 6.32629794e-01 9.64374923e-01 9.96142456e-01 9.99158291e-01 7.34359308e-07 5.81654999e-07 5.81654202e-07 4.28197923e-03 1.78497038e-02 2.48915399e-03 1.32656487e-02 2.57577039e-02 7.65283180e-03 4.38366316e-03 9.71470677e-03 8.51184766e-03 7.19323983e-03
8.57357357e-02 -2.92799521e-02 -3.73048573e-03 -3.73048209e-03 5.33443514e+01 8.73112291e+01 9.92461170e+01 1.23505397e+02 1.65198899e+02 1.75787206e+02 2.08418743e+02 2.43735737e+02 3.00676586e+02 3.61523322e+02 4.63975187e-14 1.63587600e-05 1.43078597e-05 9.98283239e-01 9.60340326e-01 7.28611498e-16 9.63101415e-01 1.89275990e-06 9.13001347e-01 6.31832522e-01 9.64459299e-01 9.96154869e-01 9.99160968e-01 7.34359308e-07 5.81654997e-07 5.81654204e-07 4.29312574e-03 1.78469046e-02 2.48915399e-03 1.32327598e-02 2.57577039e-02 7.64354982e-03 4.37610100e-03 9.69763885e-03 8.49707667e-03 7.18146786e-03
8.58858859e-02 -2.92799520e-02 -3.73049030e-03 -3.73048356e-03 5.33365027e+01 8.72350502e+01 9.92461170e+01 1.23481871e+02 1.65198899e+02 1.75791552e+02 2.08400902e+02 2.43712836e+02 3.00665989e+02 3.61517616e+02 4.63454430e-15 2.12097843e-05 4.91169557e-06 9.98274367e-01 9.60386378e-01 1.55025634e-15 9.63304582e-01 1.88945088e-06 9.13193245e-01 6.31036688e-01 9.64543551e-01 9.96167227e-01 9.99163633e-01 7.34359308e-07 5.81654775e-07 5.81654427e-07 4.30429076e-03 1.78439555e-02 2.48915399e-03 1.31999951e-02 2.57577039e-02 7.63428703e-03 4.36854056e-03 9.68061569e-03 8.48235331e-03 7.16973218e-03
8.60360360e-02 -2.92799521e-02 -3.73048649e-03 -3.73048376e-03 5.33286256e+01 8.71589430e+01 9.92461170e+01 1.23458491e+02 1.65198899e+02 1.75795883e+02 2.08383115e+02 2.43690048e+02 3.00655446e+02 3.61511939e+02 7.97251526e-15 1.42433688e-05 1.65155947e-05 9.98265457e-01 9.60432979e-01 2.52416095e-15 9.63506253e-01 1.88615341e-06 9.13384609e-01 6.30242293e-01 9.64627677e-01 9.96179531e-01 9.99166285e-01 7.34359308e-07 5.81654997e-07 5.81654204e-07 4.31547428e-03 1.78408577e-02 2.48915399e-03 1.31673544e-02 2.57577039e-02 7.62504339e-03 4.36098200e-03 9.66363728e-03 8.46767738e-03 7.15803263e-03
8.61861862e-02 -2.92799522e-02 -3.73048724e-03 -3.73048278e-03 5.33207201e+01 8.70829087e+01 9.92461170e+01 1.23435257e+02 1.65198899e+02 1.75800199e+02 2.08365381e+02 2.43667372e+02 3.00644957e+02 3.61506290e+02 3.47393644e-14 1.65835772e-05 1.42226934e-05 9.98256511e-01 9.60480121e-01 1.95141146e-15 9.63706440e-01 1.88286743e-06 9.13575440e-01 6.29449336e-01 9.64711675e-01 9.96191780e-01 9.99168926e-01 7.34359308e-07 5.81654996e-07 5.81654205e-07 4.32667631e-03 1.78376123e-02 2.48915399e-03 1.31348374e-02 2.57577039e-02 7.61581884e-03 4.35342550e-03 9.64670356e-03 8.45304870e-03 7.14636907e-03
8.63363363e-02 -2.92799521e-02 -3.73048769e-03 -3.73048313e-03 5.33127861e+01 8.70069483e+01 9.92461170e+01 1.23412168e+02 1.65198899e+02 1.75804499e+02 2.08347701e+02 2.43644807e+02 3.00634522e+02 3.61500669e+02 3.14182045e-14 9.16929017e-06 1.98718060e-05 9.98247527e-01 9.60527798e-01 3.02827839e-15 9.63905154e-01 1.87959287e-06 9.13765741e-01 6.28657818e-01 9.64795544e-01 9.96203975e-01 9.99171554e-01 7.34359308e-07 5.81654907e-07 5.81654294e-07 4.33789683e-03 1.78342203e-02 2.48915399e-03 1.31024441e-02 2.57577039e-02 7.60661333e-03 4.34587123e-03 9.62981452e-03 8.43846707e-03 7.13474135e-03
8.64864865e-02 -2.92799521e-02 -3.73048516e-03 -3.73047823e-03 5.33048235e+01 8.69310626e+01 9.92461170e+01 1.23389222e+02 1.65198899e+02 1.75808783e+02 2.08330074e+02 2.43622352e+02 3.00624141e+02 3.61495076e+02 1.31940397e-14 4.34517018e-06 2.14884030e-05 9.98238506e-01 9.60576002e-01 1.39891578e-15 9.64102408e-01 1.87632969e-06 9.13955512e-01 6.27867738e-01 9.64879282e-01 9.96216116e-01 9.99174171e-01 7.34359308e-07 5.81654758e-07 5.81654443e-07 4.34913584e-03 1.78306831e-02 2.48915399e-03 1.30701740e-02 2.57577039e-02 7.59742682e-03 4.33831935e-03 9.61297011e-03 8.42393230e-03 7.12314931e-03
8.66366366e-02 -2.92799522e-02 -3.73048763e-03 -3.73048269e-03 5.32968322e+01 8.68552529e+01 9.92461170e+01 1.23366419e+02 1.65198899e+02 1.75813052e+02 2.08312501e+02 2.43600007e+02 3.00613812e+02 3.61489510e+02 1.08655272e-14 1.28301807e-05 1.78238251e-05 9.98229447e-01 9.60624726e-01 1.14067900e-15 9.64298212e-01 1.87307782e-06 9.14144755e-01 6.27079097e-01 9.64962888e-01 9.96228203e-01 9.99176776e-01 7.34359308e-07 5.81654981e-07 5.81654220e-07 4.36039334e-03 1.78270015e-02 2.48915399e-03 1.30380270e-02 2.57577039e-02 7.58825925e-03 4.33077004e-03 9.59617029e-03 8.40944419e-03 7.11159280e-03
8.67867868e-02 -2.92799522e-02 -3.73048473e-03 -3.73048015e-03 5.32888121e+01 8.67795200e+01 9.92461170e+01 1.23343758e+02 1.65198899e+02 1.75817305e+02 2.08294980e+02 2.43577772e+02 3.00603536e+02 3.61483972e+02 4.57200087e-14 1.06409269e-05 1.92547698e-05 9.98220350e-01 9.60673964e-01 2.36189454e-16 9.64492579e-01 1.86983720e-06 9.14333471e-01 6.26291894e-01 9.65046359e-01 9.96240237e-01 9.99179369e-01 7.34359308e-07 5.81654941e-07 5.81654260e-07 4.37166930e-03 1.78231768e-02 2.48915399e-03 1.30060028e-02 2.57577039e-02 7.57911058e-03 4.32322346e-03 9.57941502e-03 8.39500256e-03 7.10007168e-03
8.69369369e-02 -2.92799520e-02 -3.73048823e-03 -3.73048210e-03 5.32807631e+01 8.67038649e+01 9.92461170e+01 1.23321237e+02 1.65198899e+02 1.75821544e+02 2.08277513e+02 2.43555645e+02 3.00593312e+02 3.61478461e+02 5.25943769e-14 2.15039880e-05 4.81976048e-06 9.98211216e-01 9.60723709e-01 1.21853150e-15 9.64685520e-01 1.86660778e-06 9.14521663e-01 6.25506129e-01 9.65129695e-01 9.96252218e-01 9.99181951e-01 7.34359308e-07 5.81654769e-07 5.81654432e-07 4.38296373e-03 1.78192101e-02 2.48915399e-03 1.29741011e-02 2.57577039e-02 7.56998075e-03 4.31567977e-03 9.56270425e-03 8.38060720e-03 7.08858580e-03
8.70870871e-02 -2.92799521e-02 -3.73048372e-03 -3.73048196e-03 5.32726851e+01 8.66282886e+01 9.92461170e+01 1.23298855e+02 1.65198899e+02 1.75825767e+02 2.08260099e+02 2.43533626e+02 3.00583141e+02 3.61472978e+02 7.85460018e-15 1.72977683e-05 1.37156043e-05 9.98202044e-01 9.60773953e-01 3.14337104e-15 9.64877046e-01 1.86338949e-06 9.14709331e-01 6.24721802e-01 9.65212893e-01 9.96264146e-01 9.99184521e-01 7.34359308e-07 5.81654990e-07 5.81654211e-07 4.39427661e-03 1.78151023e-02 2.48915399e-03 1.29423217e-02 2.57577039e-02 7.56086972e-03 4.30813913e-03 9.54603795e-03 8.36625794e-03 7.07713501e-03
8.72372372e-02 -2.92799520e-02 -3.73048329e-03 -3.73047980e-03 5.32645780e+01 8.65527921e+01 9.92461170e+01 1.23276613e+02 1.65198899e+02 1.75829975e+02 2.08242738e+02 2.43511714e+02 3.00573021e+02 3.61467522e+02 4.96428112e-14 1.59317050e-05 1.53360120e-05 9.98192834e-01 9.60824690e-01 2.05119000e-15 9.65067169e-01 1.86018228e-06 9.14896477e-01 6.23938912e-01 9.65295953e-01 9.96276022e-01 9.99187080e-01 7.34359308e-07 5.81655001e-07 5.81654200e-07 4.40560794e-03 1.78108547e-02 2.48915399e-03 1.29106644e-02 2.57577039e-02 7.55177744e-03 4.30060170e-03 9.52941606e-03 8.35195458e-03 7.06571916e-03
8.73873874e-02 -2.92799522e-02 -3.73048603e-03 -3.73048191e-03 5.32564418e+01 8.64773762e+01 9.92461170e+01 1.23254507e+02 1.65198899e+02 1.75834167e+02 2.08225429e+02 2.43489909e+02 3.00562952e+02 3.61462092e+02 4.87234010e-14 1.56730499e-05 1.56541622e-05 9.98183586e-01 9.60875913e-01 1.22252628e-15 9.65255900e-01 1.85698609e-06 9.15083103e-01 6.23157460e-01 9.65378872e-01 9.96287845e-01 9.99189627e-01 7.34359308e-07 5.81655001e-07 5.81654200e-07 4.41695769e-03 1.78064683e-02 2.48915399e-03 1.28791287e-02 2.57577039e-02 7.54270386e-03 4.29306764e-03 9.51283854e-03 8.33769693e-03 7.05433811e-03
8.75375375e-02 -2.92799521e-02 -3.73048392e-03 -3.73048210e-03 5.32482762e+01 8.64020421e+01 9.92461170e+01 1.23232538e+02 1.65198899e+02 1.75838345e+02 2.08208173e+02 2.43468210e+02 3.00552934e+02 3.61456689e+02 6.17727477e-14 1.10067973e-05 1.92674698e-05 9.98174299e-01 9.60927616e-01 2.17251181e-15 9.65443251e-01 1.85380086e-06 9.15269210e-01 6.22377445e-01 9.65461650e-01 9.96299617e-01 9.99192163e-01 7.34359308e-07 5.81654947e-07 5.81654254e-07 4.42832587e-03 1.78019442e-02 2.48915399e-03 1.28477146e-02 2.57577039e-02 7.53364893e-03 4.28553709e-03 9.49630533e-03 8.32348481e-03 7.04299172e-03
8.76876877e-02 -2.92799521e-02 -3.73048558e-03 -3.73048332e-03 5.32400814e+01 8.63267906e+01 9.92461170e+01 1.23210705e+02 1.65198899e+02 1.75842508e+02 2.08190969e+02 2.43446616e+02 3.00542967e+02 3.61451312e+02 1.03464936e-13 1.97589340e-05 1.01813604e-05 9.98164975e-01 9.60979791e-01 3.78874820e-16 9.65629231e-01 1.85062654e-06 9.15454800e-01 6.21598867e-01 9.65544285e-01 9.96311337e-01 9.99194687e-01 7.34359308e-07 5.81654925e-07 5.81654276e-07 4.43971245e-03 1.77972833e-02 2.48915399e-03 1.28164216e-02 2.57577039e-02 7.52461261e-03 4.27801022e-03 9.47981639e-03 8.30931802e-03 7.03167983e-03
8.78378378e-02 -2.92799522e-02 -3.73048424e-03 -3.73048114e-03 5.32318570e+01 8.62516225e+01 9.92461170e+01 1.23189006e+02 1.65198899e+02 1.75846656e+02 2.08173818e+02 2.43425128e+02 3.00533050e+02 3.61445962e+02 1.71786919e-14 1.16193253e-05 1.89936921e-05 9.98155612e-01 9.61032433e-01 1.32146363e-15 9.65813853e-01 1.84746308e-06 9.15639874e-01 6.20821724e-01 9.65626776e-01 9.96323005e-01 9.99197200e-01 7.34359308e-07 5.81654958e-07 5.81654243e-07 4.45111743e-03 1.77924869e-02 2.48915399e-03 1.27852494e-02 2.57577039e-02 7.51559484e-03 4.27048716e-03 9.46337166e-03 8.29519638e-03 7.02040231e-03
8.79879880e-02 -2.92799521e-02 -3.73048668e-03 -3.73048351e-03 5.32236032e+01 8.61765389e+01 9.92461170e+01 1.23167440e+02 1.65198899e+02 1.75850789e+02 2.08156719e+02 2.43403743e+02 3.00523183e+02 3.61440638e+02 6.79637977e-14 1.33061673e-05 1.79000379e-05 9.98146211e-01 9.61085535e-01 1.58964478e-15 9.65997127e-01 1.84431042e-06 9.15824433e-01 6.20046018e-01 9.65709121e-01 9.96334622e-01 9.99199702e-01 7.34359308e-07 5.81654985e-07 5.81654216e-07 4.46254078e-03 1.77875559e-02 2.48915399e-03 1.27541979e-02 2.57577039e-02 7.50659558e-03 4.26296808e-03 9.44697108e-03 8.28111970e-03 7.00915901e-03
8.81381381e-02 -2.92799522e-02 -3.73048844e-03 -3.73048417e-03 5.32153196e+01 8.61015406e+01 9.92461170e+01 1.23146007e+02 1.65198899e+02 1.75854908e+02 2.08139672e+02 2.43382462e+02 3.00513366e+02 3.61435340e+02 6.62866214e-14 2.15530868e-05 5.88465609e-06 9.98136771e-01 9.61139090e-01 7.79165073e-16 9.66179065e-01 1.84116849e-06 9.16008479e-01 6.19271746e-01 9.65791319e-01 9.96346188e-01 9.99202193e-01 7.34359308e-07 5.81654802e-07 5.81654399e-07 4.47398250e-03 1.77824914e-02 2.48915399e-03 1.27232666e-02 2.57577039e-02 7.49761477e-03 4.25545312e-03 9.43061460e-03 8.26708780e-03 6.99794979e-03
8.82882883e-02 -2.92799520e-02 -3.73048684e-03 -3.73048296e-03 5.32070064e+01 8.60266286e+01 9.92461170e+01 1.23124706e+02 1.65198899e+02 1.75859012e+02 2.08122677e+02 2.43361284e+02 3.00503598e+02 3.61430068e+02 6.58426823e-15 2.15107601e-05 6.17690122e-06 9.98127292e-01 9.61193092e-01 1.19503095e-15 9.66359676e-01 1.83803725e-06 9.16192014e-01 6.18498909e-01 9.65873369e-01 9.96357703e-01 9.99204673e-01 7.34359308e-07 5.81654811e-07 5.81654390e-07 4.48544256e-03 1.77772944e-02 2.48915399e-03 1.26924553e-02 2.57577039e-02 7.48865237e-03 4.24794241e-03 9.41430216e-03 8.25310049e-03 6.98677450e-03
8.84384384e-02 -2.92799522e-02 -3.73048486e-03 -3.73048151e-03 5.31986633e+01 8.59518037e+01 9.92461170e+01 1.23103535e+02 1.65198899e+02 1.75863101e+02 2.08105734e+02 2.43340209e+02 3.00493879e+02 3.61424821e+02 9.25942117e-14 1.93731446e-05 1.12806584e-05 9.98117775e-01 9.61247534e-01 9.31818020e-16 9.66538973e-01 1.83491664e-06 9.16375039e-01 6.17727506e-01 9.65955270e-01 9.96369168e-01 9.99207142e-01 7.34359308e-07 5.81654948e-07 5.81654253e-07 4.49692095e-03 1.77719659e-02 2.48915399e-03 1.26617636e-02 2.57577039e-02 7.47970834e-03 4.24043612e-03 9.39803370e-03 8.23915759e-03 6.97563301e-03
8.85885886e-02 -2.92799521e-02 -3.73048917e-03 -3.73048360e-03 5.31902902e+01 8.58770668e+01 9.92461170e+01 1.23082493e+02 1.65198899e+02 1.75867175e+02 2.08088842e+02 2.43319235e+02 3.00484209e+02 3.61419600e+02 1.04060780e-14 2.09581735e-05 8.06442325e-06 9.98108219e-01 9.61302411e-01 3.30921134e-16 9.66716964e-01 1.83180661e-06 9.16557556e-01 6.16957537e-01 9.66037020e-01 9.96380583e-01 9.99209599e-01 7.34359308e-07 5.81654867e-07 5.81654334e-07 4.50841765e-03 1.77665070e-02 2.48915399e-03 1.26311912e-02 2.57577039e-02 7.47078262e-03 4.23293436e-03 9.38180916e-03 8.22525891e-03 6.96452518e-03
8.87387387e-02 -2.92799522e-02 -3.73048458e-03 -3.73048171e-03 5.31818872e+01 8.58024187e+01 9.92461170e+01 1.23061581e+02 1.65198899e+02 1.75871235e+02 2.08072002e+02 2.43298362e+02 3.00474587e+02 3.61414404e+02 6.13741985e-14 8.58711318e-06 2.07906787e-05 9.98098624e-01 9.61357716e-01 5.47023283e-16 9.66893662e-01 1.82870711e-06 9.16739565e-01 6.16189000e-01 9.66118618e-01 9.96391948e-01 9.99212046e-01 7.34359308e-07 5.81654885e-07 5.81654316e-07 4.51993265e-03 1.77609187e-02 2.48915399e-03 1.26007378e-02 2.57577039e-02 7.46187517e-03 4.22543730e-03 9.36562847e-03 8.21140427e-03 6.95345086e-03
8.88888889e-02 -2.92799521e-02 -3.73048695e-03 -3.73048113e-03 5.31734540e+01 8.57278604e+01 9.92461170e+01 1.23040796e+02 1.65198899e+02 1.75875281e+02 2.08055213e+02 2.43277590e+02 3.00465013e+02 3.61409233e+02 3.14191416e-14 9.34969814e-06 2.05009206e-05 9.98088990e-01 9.61413442e-01 1.78230502e-15 9.67069077e-01 1.82561808e-06 9.16921069e-01 6.15421895e-01 9.66200063e-01 9.96403263e-01 9.99214482e-01 7.34359308e-07 5.81654904e-07 5.81654297e-07 4.53146591e-03 1.77552020e-02 2.48915399e-03 1.25704031e-02 2.57577039e-02 7.45298595e-03 4.21794505e-03 9.34949157e-03 8.19759349e-03 6.94240992e-03
8.90390390e-02 -2.92799520e-02 -3.73048796e-03 -3.73048355e-03 5.31649906e+01 8.56533926e+01 9.92461170e+01 1.23020138e+02 1.65198899e+02 1.75879312e+02 2.08038476e+02 2.43256919e+02 3.00455487e+02 3.61404087e+02 7.71584564e-14 1.82059424e-05 1.33403497e-05 9.98079317e-01 9.61469584e-01 2.58103951e-16 9.67243219e-01 1.82253946e-06 9.17102069e-01 6.14656221e-01 9.66281354e-01 9.96414528e-01 9.99216908e-01 7.34359308e-07 5.81654982e-07 5.81654219e-07 4.54301743e-03 1.77493579e-02 2.48915399e-03 1.25401868e-02 2.57577039e-02 7.44411489e-03 4.21045776e-03 9.33339839e-03 8.18382639e-03 6.93140221e-03
8.91891892e-02 -2.92799522e-02 -3.73048521e-03 -3.73048231e-03 5.31564969e+01 8.55790162e+01 9.92461170e+01 1.22999605e+02 1.65198899e+02 1.75883329e+02 2.08021790e+02 2.43236346e+02 3.00446008e+02 3.61398966e+02 4.13807274e-14 1.36881986e-05 1.79937226e-05 9.98069605e-01 9.61526136e-01 7.48287464e-16 9.67416098e-01 1.81947122e-06 9.17282567e-01 6.13891978e-01 9.66362489e-01 9.96425745e-01 9.99219322e-01 7.34359308e-07 5.81654987e-07 5.81654214e-07 4.55458718e-03 1.77433873e-02 2.48915399e-03 1.25100884e-02 2.57577039e-02 7.43526196e-03 4.20297556e-03 9.31734887e-03 8.17010279e-03 6.92042761e-03
8.93393393e-02 -2.92799522e-02 -3.73048472e-03 -3.73048122e-03 5.31479727e+01 8.55047321e+01 9.92461170e+01 1.22979198e+02 1.65198899e+02 1.75887332e+02 2.08005155e+02 2.43215872e+02 3.00436576e+02 3.61393870e+02 2.69829163e-14 2.14814713e-05 7.17005462e-06 9.98059853e-01 9.61583091e-01 2.52833141e-15 9.67587724e-01 1.81641328e-06 9.17462563e-01 6.13129165e-01 9.66443469e-01 9.96436912e-01 9.99221726e-01 7.34359308e-07 5.81654839e-07 5.81654362e-07 4.56617514e-03 1.77372914e-02 2.48915399e-03 1.24801078e-02 2.57577039e-02 7.42642710e-03 4.19549859e-03 9.30134294e-03 8.15642250e-03 6.90948596e-03
8.94894895e-02 -2.92799522e-02 -3.73048663e-03 -3.73048366e-03 5.31394181e+01 8.54305410e+01 9.92461170e+01 1.22958915e+02 1.65198899e+02 1.75891321e+02 2.07988571e+02 2.43195497e+02 3.00427191e+02 3.61388798e+02 3.63526509e-14 1.88236788e-05 1.26592959e-05 9.98050062e-01 9.61640444e-01 5.13077266e-16 9.67758109e-01 1.81336561e-06 9.17642059e-01 6.12367780e-01 9.66524291e-01 9.96448031e-01 9.99224120e-01 7.34359308e-07 5.81654971e-07 5.81654230e-07 4.57778128e-03 1.77310709e-02 2.48915399e-03 1.24502444e-02 2.57577039e-02 7.41761028e-03 4.18802697e-03 9.28538053e-03 8.14278535e-03 6.89857714e-03
8.96396396e-02 -2.92799521e-02 -3.73048406e-03 -3.73048262e-03 5.31308329e+01 8.53564438e+01 9.92461170e+01 1.22938755e+02 1.65198899e+02 1.75895295e+02 2.07972038e+02 2.43175219e+02 3.00417853e+02 3.61383751e+02 6.89725273e-14 1.63790796e-05 1.57493701e-05 9.98040232e-01 9.61698188e-01 1.20984330e-15 9.67927261e-01 1.81032815e-06 9.17821058e-01 6.11607823e-01 9.66604954e-01 9.96459102e-01 9.99226502e-01 7.34359308e-07 5.81655001e-07 5.81654200e-07 4.58940558e-03 1.77247271e-02 2.48915399e-03 1.24204980e-02 2.57577039e-02 7.40881145e-03 4.18056083e-03 9.26946156e-03 8.12919116e-03 6.88770102e-03
8.97897898e-02 -2.92799520e-02 -3.73048449e-03 -3.73048306e-03 5.31222169e+01 8.52824413e+01 9.92461170e+01 1.22918717e+02 1.65198899e+02 1.75899256e+02 2.07955555e+02 2.43155039e+02 3.00408561e+02 3.61378728e+02 4.71735733e-14 1.43143775e-05 1.76959504e-05 9.98030362e-01 9.61756318e-01 1.53208652e-15 9.68095192e-01 1.80730084e-06 9.17999559e-01 6.10849294e-01 9.66685458e-01 9.96470124e-01 9.99228875e-01 7.34359308e-07 5.81654993e-07 5.81654208e-07 4.60104802e-03 1.77182607e-02 2.48915399e-03 1.23908682e-02 2.57577039e-02 7.40003055e-03 4.17310030e-03 9.25358597e-03 8.11563975e-03 6.87685744e-03
8.99399399e-02 -2.92799520e-02 -3.73048493e-03 -3.73047859e-03 5.31135702e+01 8.52085342e+01 9.92461170e+01 1.22898800e+02 1.65198899e+02 1.75903202e+02 2.07939123e+02 2.43134955e+02 3.00399314e+02 3.61373729e+02 6.99610576e-14 7.66477127e-06 2.14716882e-05 9.98020453e-01 9.61814828e-01 1.07472382e-15 9.68261911e-01 1.80428364e-06 9.18177565e-01 6.10092190e-01 9.66765802e-01 9.96481098e-01 9.99231237e-01 7.34359308e-07 5.81654856e-07 5.81654345e-07 4.61270857e-03 1.77116727e-02 2.48915399e-03 1.23613546e-02 2.57577039e-02 7.39126755e-03 4.16564551e-03 9.23775368e-03 8.10213094e-03 6.86604629e-03
9.00900901e-02 -2.92799520e-02 -3.73048465e-03 -3.73048236e-03 5.31048925e+01 8.51347234e+01 9.92461170e+01 1.22879004e+02 1.65198899e+02 1.75907134e+02 2.07922742e+02 2.43114967e+02 3.00390114e+02 3.61368754e+02 5.44127493e-14 1.56250264e-05 1.66546574e-05 9.98010504e-01 9.61873713e-01 7.07764034e-16 9.68427428e-01 1.80127650e-06 9.18355078e-01 6.09336512e-01 9.66845985e-01 9.96492025e-01 9.99233588e-01 7.34359308e-07 5.81655000e-07 5.81654201e-07 4.62438720e-03 1.77049642e-02 2.48915399e-03 1.23319570e-02 2.57577039e-02 7.38252239e-03 4.15819657e-03 9.22196462e-03 8.08866455e-03 6.85526742e-03
9.02402402e-02 -2.92799522e-02 -3.73048721e-03 -3.73048352e-03 5.30961839e+01 8.50610096e+01 9.92461170e+01 1.22859327e+02 1.65198899e+02 1.75911053e+02 2.07906410e+02 2.43095074e+02 3.00380958e+02 3.61363802e+02 2.92667511e-14 2.00027546e-05 1.10972392e-05 9.98000515e-01 9.61932965e-01 8.18973131e-16 9.68591753e-01 1.79827937e-06 9.18532098e-01 6.08582257e-01 9.66926005e-01 9.96502904e-01 9.99235929e-01 7.34359308e-07 5.81654939e-07 5.81654262e-07 4.63608389e-03 1.76981360e-02 2.48915399e-03 1.23026749e-02 2.57577039e-02 7.37379503e-03 4.15075361e-03 9.20621871e-03 8.07524042e-03 6.84452070e-03
9.03903904e-02 -2.92799520e-02 -3.73048361e-03 -3.73047879e-03 5.30874442e+01 8.49873937e+01 9.92461170e+01 1.22839769e+02 1.65198899e+02 1.75914958e+02 2.07890129e+02 2.43075277e+02 3.00371848e+02 3.61358875e+02 1.46239545e-15 1.02192057e-05 2.05077908e-05 9.97990486e-01 9.61992581e-01 1.02614985e-15 9.68754895e-01 1.79529220e-06 9.18708627e-01 6.07829426e-01 9.67005862e-01 9.96513736e-01 9.99238260e-01 7.34359308e-07 5.81654922e-07 5.81654279e-07 4.64779861e-03 1.76911891e-02 2.48915399e-03 1.22735080e-02 2.57577039e-02 7.36508542e-03 4.14331675e-03 9.19051588e-03 8.06185837e-03 6.83380600e-03
9.05405405e-02 -2.92799522e-02 -3.73048875e-03 -3.73048414e-03 5.30786733e+01 8.49138762e+01 9.92461170e+01 1.22820329e+02 1.65198899e+02 1.75918849e+02 2.07873898e+02 2.43055574e+02 3.00362782e+02 3.61353970e+02 6.30817949e-15 2.21125967e-05 6.14657287e-06 9.97980417e-01 9.62052553e-01 5.91392390e-16 9.68916865e-01 1.79231493e-06 9.18884667e-01 6.07078017e-01 9.67085555e-01 9.96524521e-01 9.99240581e-01 7.34359308e-07 5.81654805e-07 5.81654396e-07 4.65953132e-03 1.76841244e-02 2.48915399e-03 1.22444558e-02 2.57577039e-02 7.35639352e-03 4.13588611e-03 9.17485603e-03 8.04851821e-03 6.82312319e-03
9.06906907e-02 -2.92799522e-02 -3.73048653e-03 -3.73047876e-03 5.30698711e+01 8.48404582e+01 9.92461170e+01 1.22801006e+02 1.65198899e+02 1.75922726e+02 2.07857716e+02 2.43035964e+02 3.00353761e+02 3.61349089e+02 1.50845890e-14 6.43289471e-06 2.20706523e-05 9.97970309e-01 9.62112877e-01 8.78137986e-16 9.69077672e-01 1.78934752e-06 9.19060218e-01 6.06328028e-01 9.67165083e-01 9.96535260e-01 9.99242892e-01 7.34359308e-07 5.81654818e-07 5.81654383e-07 4.67128200e-03 1.76769429e-02 2.48915399e-03 1.22155181e-02 2.57577039e-02 7.34771929e-03 4.12846180e-03 9.15923911e-03 8.03521978e-03 6.81247214e-03
9.08408408e-02 -2.92799522e-02 -3.73048879e-03 -3.73048412e-03 5.30610375e+01 8.47671401e+01 9.92461170e+01 1.22781799e+02 1.65198899e+02 1.75926590e+02 2.07841585e+02 2.43016448e+02 3.00344784e+02 3.61344232e+02 3.28787011e-14 2.15523946e-05 8.10811628e-06 9.97960160e-01 9.62173548e-01 6.34398727e-16 9.69237325e-01 1.78638992e-06 9.19235283e-01 6.05579459e-01 9.67244445e-01 9.96545951e-01 9.99245192e-01 7.34359308e-07 5.81654863e-07 5.81654338e-07 4.68305061e-03 1.76696454e-02 2.48915399e-03 1.21866945e-02 2.57577039e-02 7.33906267e-03 4.12104394e-03 9.14366502e-03 8.02196291e-03 6.80185271e-03
9.09909910e-02 -2.92799521e-02 -3.73048565e-03 -3.73048034e-03 5.30521725e+01 8.46939229e+01 9.92461170e+01 1.22762707e+02 1.65198899e+02 1.75930440e+02 2.07825503e+02 2.42997024e+02 3.00335851e+02 3.61339397e+02 8.68994811e-14 6.27908383e-06 2.21940240e-05 9.97949971e-01 9.62234559e-01 9.44408770e-16 9.69395834e-01 1.78344208e-06 9.19409863e-01 6.04832308e-01 9.67323641e-01 9.96556597e-01 9.99247483e-01 7.34359308e-07 5.81654812e-07 5.81654389e-07 4.69483713e-03 1.76622329e-02 2.48915399e-03 1.21579845e-02 2.57577039e-02 7.33042362e-03 4.11363265e-03 9.12813369e-03 8.00874741e-03 6.79126477e-03
9.11411411e-02 -2.92799521e-02 -3.73048479e-03 -3.73048225e-03 5.30432759e+01 8.46208072e+01 9.92461170e+01 1.22743729e+02 1.65198899e+02 1.75934277e+02 2.07809470e+02 2.42977693e+02 3.00326962e+02 3.61334585e+02 1.20023174e-15 1.88838245e-05 1.33101465e-05 9.97939741e-01 9.62295905e-01 9.76590712e-16 9.69553208e-01 1.78050396e-06 9.19583959e-01 6.04086575e-01 9.67402670e-01 9.96567197e-01 9.99249764e-01 7.34359308e-07 5.81654977e-07 5.81654224e-07 4.70664151e-03 1.76547063e-02 2.48915399e-03 1.21293878e-02 2.57577039e-02 7.32180209e-03 4.10622803e-03 9.11264502e-03 7.99557313e-03 6.78070820e-03
9.12912913e-02 -2.92799520e-02 -3.73048669e-03 -3.73048234e-03 5.30343476e+01 8.45477937e+01 9.92461170e+01 1.22724865e+02 1.65198899e+02 1.75938100e+02 2.07793487e+02 2.42958453e+02 3.00318116e+02 3.61329796e+02 2.16627450e-14 2.16709275e-05 8.11725639e-06 9.97929472e-01 9.62357581e-01 8.82282862e-16 9.69709457e-01 1.77757550e-06 9.19757572e-01 6.03342258e-01 9.67481530e-01 9.96577750e-01 9.99252034e-01 7.34359308e-07 5.81654862e-07 5.81654339e-07 4.71846373e-03 1.76470664e-02 2.48915399e-03 1.21009041e-02 2.57577039e-02 7.31319805e-03 4.09883019e-03 9.09719895e-03 7.98243989e-03 6.77018287e-03
9.14414414e-02 -2.92799521e-02 -3.73048601e-03 -3.73048117e-03 5.30253875e+01 8.44748832e+01 9.92461170e+01 1.22706114e+02 1.65198899e+02 1.75941910e+02 2.07777553e+02 2.42939305e+02 3.00309312e+02 3.61325029e+02 8.26006874e-15 9.24268478e-06 2.12568754e-05 9.97919162e-01 9.62419582e-01 5.56167350e-16 9.69864590e-01 1.77465665e-06 9.19930705e-01 6.02599356e-01 9.67560221e-01 9.96588258e-01 9.99254295e-01 7.34359308e-07 5.81654895e-07 5.81654306e-07 4.73030375e-03 1.76393142e-02 2.48915399e-03 1.20725328e-02 2.57577039e-02 7.30461143e-03 4.09143924e-03 9.08179539e-03 7.96934751e-03 6.75968864e-03
9.15915916e-02 -2.92799521e-02 -3.73048441e-03 -3.73048105e-03 5.30163956e+01 8.44020763e+01 9.92461170e+01 1.22687475e+02 1.65198899e+02 1.75945706e+02 2.07761668e+02 2.42920247e+02 3.00300552e+02 3.61320285e+02 8.65942597e-14 1.64783410e-05 1.63557994e-05 9.97908811e-01 9.62481902e-01 9.39438253e-16 9.70018617e-01 1.77174738e-06 9.20103358e-01 6.01857867e-01 9.67638743e-01 9.96598721e-01 9.99256546e-01 7.34359308e-07 5.81655001e-07 5.81654200e-07 4.74216153e-03 1.76314505e-02 2.48915399e-03 1.20442737e-02 2.57577039e-02 7.29604221e-03 4.08405530e-03 9.06643424e-03 7.95629584e-03 6.74922540e-03
9.17417417e-02 -2.92799522e-02 -3.73049030e-03 -3.73048541e-03 5.30073717e+01 8.43293738e+01 9.92461170e+01 1.22668947e+02 1.65198899e+02 1.75949489e+02 2.07745832e+02 2.42901279e+02 3.00291834e+02 3.61315564e+02 4.58439842e-14 2.32005049e-05 1.59790192e-06 9.97898420e-01 9.62544537e-01 1.30090393e-15 9.70171545e-01 1.76884763e-06 9.20275533e-01 6.01117791e-01 9.67717095e-01 9.96609139e-01 9.99258787e-01 7.34359308e-07 5.81654653e-07 5.81654548e-07 4.75403703e-03 1.76234763e-02 2.48915399e-03 1.20161264e-02 2.57577039e-02 7.28749034e-03 4.07667847e-03 9.05111543e-03 7.94328470e-03 6.73879300e-03
9.18918919e-02 -2.92799523e-02 -3.73048527e-03 -3.73048144e-03 5.29983157e+01 8.42567763e+01 9.92461170e+01 1.22650529e+02 1.65198899e+02 1.75953259e+02 2.07730045e+02 2.42882400e+02 3.00283159e+02 3.61310864e+02 2.47270084e-14 1.04531729e-05 2.08163303e-05 9.97887988e-01 9.62607480e-01 3.39436840e-16 9.70323384e-01 1.76595736e-06 9.20447231e-01 6.00379125e-01 9.67795276e-01 9.96619512e-01 9.99261019e-01 7.34359308e-07 5.81654923e-07 5.81654278e-07 4.76593022e-03 1.76153923e-02 2.48915399e-03 1.19880904e-02 2.57577039e-02 7.27895576e-03 4.06930884e-03 9.03583886e-03 7.93031391e-03 6.72839133e-03
9.20420420e-02 -2.92799519e-02 -3.73048654e-03 -3.73048384e-03 5.29892275e+01 8.41842845e+01 9.92461170e+01 1.22632220e+02 1.65198899e+02 1.75957016e+02 2.07714307e+02 2.42863611e+02 3.00274525e+02 3.61306186e+02 5.80731574e-14 1.23209917e-05 1.98130313e-05 9.97877516e-01 9.62670728e-01 1.26134582e-15 9.70474144e-01 1.76307651e-06 9.20618454e-01 5.99641869e-01 9.67873285e-01 9.96629840e-01 9.99263240e-01 7.34359308e-07 5.81654961e-07 5.81654240e-07 4.77784106e-03 1.76071995e-02 2.48915399e-03 1.19601654e-02 2.57577039e-02 7.27043844e-03 4.06194653e-03 9.02060445e-03 7.91738333e-03 6.71802026e-03
9.21921922e-02 -2.92799521e-02 -3.73048772e-03 -3.73048545e-03 5.29801071e+01 8.41118991e+01 9.92461170e+01 1.22614020e+02 1.65198899e+02 1.75960760e+02 2.07698617e+02 2.42844910e+02 3.00265933e+02 3.61301531e+02 1.04894442e-14 1.59697681e-05 1.70618599e-05 9.97867003e-01 9.62734275e-01 8.01518129e-16 9.70623833e-01 1.76020505e-06 9.20789204e-01 5.98906021e-01 9.67951122e-01 9.96640124e-01 9.99265453e-01 7.34359308e-07 5.81655000e-07 5.81654201e-07 4.78976950e-03 1.75988987e-02 2.48915399e-03 1.19323509e-02 2.57577039e-02 7.26193832e-03 4.05459164e-03 9.00541212e-03 7.90449277e-03 6.70767967e-03
9.23423423e-02 -2.92799520e-02 -3.73048922e-03 -3.73048030e-03 5.29709544e+01 8.40396208e+01 9.92461170e+01 1.22595928e+02 1.65198899e+02 1.75964490e+02 2.07682976e+02 2.42826297e+02 3.00257383e+02 3.61296897e+02 5.60982024e-14 2.27932177e-05 5.32824472e-06 9.97856448e-01 9.62798115e-01 8.49065708e-16 9.70772460e-01 1.75734293e-06 9.20959480e-01 5.98171579e-01 9.68028786e-01 9.96650364e-01 9.99267655e-01 7.34359308e-07 5.81654776e-07 5.81654425e-07 4.80171551e-03 1.75904907e-02 2.48915399e-03 1.19046466e-02 2.57577039e-02 7.25345538e-03 4.04724425e-03 8.99026176e-03 7.89164208e-03 6.69736943e-03
9.24924925e-02 -2.92799522e-02 -3.73048322e-03 -3.73047713e-03 5.29617691e+01 8.39674501e+01 9.92461170e+01 1.22577943e+02 1.65198899e+02 1.75968208e+02 2.07667382e+02 2.42807772e+02 3.00248873e+02 3.61292285e+02 1.16940863e-13 3.90080408e-06 2.31189965e-05 9.97845853e-01 9.62862245e-01 4.96324166e-16 9.70920034e-01 1.75449010e-06 9.21129286e-01 5.97438543e-01 9.68106276e-01 9.96660560e-01 9.99269849e-01 7.34359308e-07 5.81654734e-07 5.81654467e-07 4.81367904e-03 1.75819764e-02 2.48915399e-03 1.18770521e-02 2.57577039e-02 7.24498955e-03 4.03990448e-03 8.97515330e-03 7.87883108e-03 6.68708941e-03
9.26426426e-02 -2.92799520e-02 -3.73048516e-03 -3.73047886e-03 5.29525513e+01 8.38953878e+01 9.92461170e+01 1.22560065e+02 1.65198899e+02 1.75971913e+02 2.07651837e+02 2.42789333e+02 3.00240405e+02 3.61287694e+02 5.17901387e-14 8.24492141e-06 2.19889005e-05 9.97835218e-01 9.62926659e-01 4.29975434e-16 9.71066562e-01 1.75164652e-06 9.21298622e-01 5.96706910e-01 9.68183593e-01 9.96670712e-01 9.99272032e-01 7.34359308e-07 5.81654866e-07 5.81654335e-07 4.82566004e-03 1.75733566e-02 2.48915399e-03 1.18495670e-02 2.57577039e-02 7.23654081e-03 4.03257243e-03 8.96008663e-03 7.86605961e-03 6.67683949e-03
9.27927928e-02 -2.92799520e-02 -3.73048861e-03 -3.73048300e-03 5.29433009e+01 8.38234345e+01 9.92461170e+01 1.22542292e+02 1.65198899e+02 1.75975604e+02 2.07636340e+02 2.42770981e+02 3.00231977e+02 3.61283125e+02 4.84522016e-14 2.27763528e-05 5.87514489e-06 9.97824541e-01 9.62991352e-01 1.83564500e-15 9.71212055e-01 1.74881214e-06 9.21467490e-01 5.95976680e-01 9.68260734e-01 9.96680821e-01 9.99274207e-01 7.34359308e-07 5.81654792e-07 5.81654409e-07 4.83765848e-03 1.75646322e-02 2.48915399e-03 1.18221908e-02 2.57577039e-02 7.22810909e-03 4.02524817e-03 8.94506167e-03 7.85332752e-03 6.66661956e-03
9.29429429e-02 -2.92799522e-02 -3.73048560e-03 -3.73048117e-03 5.29340177e+01 8.37515908e+01 9.92461170e+01 1.22524624e+02 1.65198899e+02 1.75979283e+02 2.07620891e+02 2.42752715e+02 3.00223590e+02 3.61278577e+02 5.37595369e-14 1.66093422e-05 1.67093184e-05 9.97813822e-01 9.63056319e-01 5.65846010e-16 9.71356521e-01 1.74598692e-06 9.21635891e-01 5.95247851e-01 9.68337701e-01 9.96690886e-01 9.99276372e-01 7.34359308e-07 5.81655001e-07 5.81654200e-07 4.84967431e-03 1.75558040e-02 2.48915399e-03 1.17949232e-02 2.57577039e-02 7.21969437e-03 4.01793182e-03 8.93007833e-03 7.84063463e-03 6.65642948e-03
9.30930931e-02 -2.92799520e-02 -3.73048545e-03 -3.73048088e-03 5.29247016e+01 8.36798573e+01 9.92461170e+01 1.22507059e+02 1.65198899e+02 1.75982950e+02 2.07605490e+02 2.42734534e+02 3.00215243e+02 3.61274050e+02 9.67065971e-14 8.24567329e-06 2.21105255e-05 9.97803063e-01 9.63121557e-01 3.60086432e-16 9.71499967e-01 1.74317081e-06 9.21803826e-01 5.94520420e-01 9.68414492e-01 9.96700908e-01 9.99278527e-01 7.34359308e-07 5.81654864e-07 5.81654337e-07 4.86170747e-03 1.75468727e-02 2.48915399e-03 1.17677637e-02 2.57577039e-02 7.21129659e-03 4.01062345e-03 8.91513652e-03 7.82798078e-03 6.64626913e-03
9.32432432e-02 -2.92799524e-02 -3.73048790e-03 -3.73048327e-03 5.29153526e+01 8.36082347e+01 9.92461170e+01 1.22489598e+02 1.65198899e+02 1.75986603e+02 2.07590136e+02 2.42716439e+02 3.00206935e+02 3.61269544e+02 8.99532741e-14 2.30780133e-05 5.10583562e-06 9.97792263e-01 9.63187060e-01 1.02778413e-15 9.71642403e-01 1.74036377e-06 9.21971297e-01 5.93794387e-01 9.68491107e-01 9.96710888e-01 9.99280674e-01 7.34359308e-07 5.81654767e-07 5.81654434e-07 4.87375793e-03 1.75378392e-02 2.48915399e-03 1.17407120e-02 2.57577039e-02 7.20291571e-03 4.00332317e-03 8.90023613e-03 7.81536581e-03 6.63613840e-03
9.33933934e-02 -2.92799521e-02 -3.73048750e-03 -3.73048298e-03 5.29059705e+01 8.35367235e+01 9.92461170e+01 1.22472240e+02 1.65198899e+02 1.75990244e+02 2.07574830e+02 2.42698428e+02 3.00198668e+02 3.61265059e+02 7.90871466e-16 2.01304159e-05 1.24591855e-05 9.97781421e-01 9.63252823e-01 1.90774870e-15 9.71783836e-01 1.73756576e-06 9.22138306e-01 5.93069751e-01 9.68567545e-01 9.96720824e-01 9.99282811e-01 7.34359308e-07 5.81654958e-07 5.81654243e-07 4.88582563e-03 1.75287043e-02 2.48915399e-03 1.17137676e-02 2.57577039e-02 7.19455170e-03 3.99603106e-03 8.88537707e-03 7.80278957e-03 6.62603716e-03
9.35435435e-02 -2.92799523e-02 -3.73048861e-03 -3.73048324e-03 5.28965553e+01 8.34653245e+01 9.92461170e+01 1.22454983e+02 1.65198899e+02 1.75993872e+02 2.07559571e+02 2.42680500e+02 3.00190440e+02 3.61260595e+02 2.72901936e-14 2.35356465e-05 2.88823118e-06 9.97770538e-01 9.63318842e-01 2.65668372e-16 9.71924275e-01 1.73477673e-06 9.22304853e-01 5.92346508e-01 9.68643805e-01 9.96730719e-01 9.99284939e-01 7.34359308e-07 5.81654695e-07 5.81654506e-07 4.89791052e-03 1.75194688e-02 2.48915399e-03 1.16869302e-02 2.57577039e-02 7.18620450e-03 3.98874721e-03 8.87055925e-03 7.79025188e-03 6.61596530e-03
9.36936937e-02 -2.92799520e-02 -3.73048343e-03 -3.73048066e-03 5.28871068e+01 8.33940381e+01 9.92461170e+01 1.22437827e+02 1.65198899e+02 1.75997488e+02 2.07544359e+02 2.42662657e+02 3.00182251e+02 3.61256151e+02 2.52236388e-14 1.14735764e-05 2.07950009e-05 9.97759613e-01 9.63385113e-01 1.84441146e-15 9.72063729e-01 1.73199664e-06 9.22470940e-01 5.91624658e-01 9.68719888e-01 9.96740571e-01 9.99287058e-01 7.34359308e-07 5.81654940e-07 5.81654260e-07 4.91001255e-03 1.75101335e-02 2.48915399e-03 1.16601992e-02 2.57577039e-02 7.17787406e-03 3.98147171e-03 8.85578258e-03 7.77775260e-03 6.60592269e-03
9.38438438e-02 -2.92799522e-02 -3.73048705e-03 -3.73048340e-03 5.28776250e+01 8.33228649e+01 9.92461170e+01 1.22420772e+02 1.65198899e+02 1.76001091e+02 2.07529194e+02 2.42644896e+02 3.00174100e+02 3.61251728e+02 1.48050908e-14 1.99145181e-05 1.30113937e-05 9.97748647e-01 9.63451631e-01 1.37427127e-15 9.72202205e-01 1.72922544e-06 9.22636568e-01 5.90904200e-01 9.68795793e-01 9.96750381e-01 9.99289168e-01 7.34359308e-07 5.81654966e-07 5.81654235e-07 4.92213167e-03 1.75006991e-02 2.48915399e-03 1.16335744e-02 2.57577039e-02 7.16956036e-03 3.97420465e-03 8.84104695e-03 7.76529155e-03 6.59590921e-03
9.39939940e-02 -2.92799522e-02 -3.73048636e-03 -3.73048201e-03 5.28681097e+01 8.32518056e+01 9.92461170e+01 1.22403816e+02 1.65198899e+02 1.76004682e+02 2.07514076e+02 2.42627218e+02 3.00165989e+02 3.61247325e+02 2.47300596e-14 2.10860703e-05 1.10938866e-05 9.97737640e-01 9.63518391e-01 2.25162541e-15 9.72339711e-01 1.72646310e-06 9.22801740e-01 5.90185131e-01 9.68871520e-01 9.96760150e-01 9.99291269e-01 7.34359308e-07 5.81654929e-07 5.81654272e-07 4.93426782e-03 1.74911665e-02 2.48915399e-03 1.16070553e-02 2.57577039e-02 7.16126335e-03 3.96694610e-03 8.82635228e-03 7.75286859e-03 6.58592475e-03
9.41441441e-02 -2.92799521e-02 -3.73048525e-03 -3.73048086e-03 5.28585608e+01 8.31808607e+01 9.92461170e+01 1.22386959e+02 1.65198899e+02 1.76008260e+02 2.07499005e+02 2.42609622e+02 3.00157916e+02 3.61242943e+02 7.32331812e-15 1.31707749e-05 1.99008176e-05 9.97726591e-01 9.63585389e-01 5.36471066e-16 9.72476256e-01 1.72370957e-06 9.22966455e-01 5.89467449e-01 9.68947067e-01 9.96769877e-01 9.99293362e-01 7.34359308e-07 5.81654970e-07 5.81654231e-07 4.94642095e-03 1.74815363e-02 2.48915399e-03 1.15806415e-02 2.57577039e-02 7.15298297e-03 3.95969615e-03 8.81169845e-03 7.74048356e-03 6.57596919e-03
9.42942943e-02 -2.92799520e-02 -3.73048554e-03 -3.73048227e-03 5.28489783e+01 8.31100307e+01 9.92461170e+01 1.22370200e+02 1.65198899e+02 1.76011826e+02 2.07483981e+02 2.42592108e+02 3.00149881e+02 3.61238581e+02 5.52731939e-14 1.52965579e-05 1.83669606e-05 9.97715500e-01 9.63652621e-01 1.80660213e-15 9.72611846e-01 1.72096481e-06 9.23130716e-01 5.88751153e-01 9.69022436e-01 9.96779562e-01 9.99295445e-01 7.34359308e-07 5.81654995e-07 5.81654206e-07 4.95859101e-03 1.74718094e-02 2.48915399e-03 1.15543325e-02 2.57577039e-02 7.14471920e-03 3.95245489e-03 8.79708538e-03 7.72813629e-03 6.56604241e-03
9.44444444e-02 -2.92799520e-02 -3.73048636e-03 -3.73048139e-03 5.28393621e+01 8.30393163e+01 9.92461170e+01 1.22353538e+02 1.65198899e+02 1.76015379e+02 2.07469003e+02 2.42574675e+02 3.00141884e+02 3.61234238e+02 5.75459571e-14 1.27054045e-05 2.02909732e-05 9.97704367e-01 9.63720083e-01 1.22574986e-15 9.72746491e-01 1.71822878e-06 9.23294524e-01 5.88036242e-01 9.69097624e-01 9.96789207e-01 9.99297519e-01 7.34359308e-07 5.81654962e-07 5.81654239e-07 4.97077793e-03 1.74619865e-02 2.48915399e-03 1.15281280e-02 2.57577039e-02 7.13647198e-03 3.94522239e-03 8.78251297e-03 7.71582664e-03 6.55614430e-03
9.45945946e-02 -2.92799521e-02 -3.73048445e-03 -3.73048299e-03 5.28297120e+01 8.29687180e+01 9.92461170e+01 1.22336973e+02 1.65198899e+02 1.76018921e+02 2.07454072e+02 2.42557322e+02 3.00133925e+02 3.61229916e+02 8.52977573e-14 2.06187022e-05 1.22410738e-05 9.97693193e-01 9.63787770e-01 1.14211180e-15 9.72880198e-01 1.71550143e-06 9.23457880e-01 5.87322713e-01 9.69172633e-01 9.96798811e-01 9.99299585e-01 7.34359308e-07 5.81654951e-07 5.81654250e-07 4.98298166e-03 1.74520684e-02 2.48915399e-03 1.15020275e-02 2.57577039e-02 7.12824128e-03 3.93799873e-03 8.76798111e-03 7.70355444e-03 6.54627473e-03
9.47447447e-02 -2.92799522e-02 -3.73048465e-03 -3.73048204e-03 5.28200279e+01 8.28982363e+01 9.92461170e+01 1.22320504e+02 1.65198899e+02 1.76022450e+02 2.07439186e+02 2.42540050e+02 3.00126003e+02 3.61225613e+02 4.60770827e-14 1.83077984e-05 1.55443253e-05 9.97681978e-01 9.63855678e-01 3.54957574e-16 9.73012975e-01 1.71278273e-06 9.23620785e-01 5.86610565e-01 9.69247461e-01 9.96808374e-01 9.99301641e-01 7.34359308e-07 5.81654995e-07 5.81654206e-07 4.99520213e-03 1.74420558e-02 2.48915399e-03 1.14760306e-02 2.57577039e-02 7.12002705e-03 3.93078399e-03 8.75348971e-03 7.69131954e-03 6.53643360e-03
9.48948949e-02 -2.92799520e-02 -3.73048515e-03 -3.73048158e-03 5.28103099e+01 8.28278717e+01 9.92461170e+01 1.22304130e+02 1.65198899e+02 1.76025967e+02 2.07424347e+02 2.42522857e+02 3.00118119e+02 3.61221330e+02 7.48266176e-14 2.05409596e-05 1.25179940e-05 9.97670720e-01 9.63923802e-01 7.36950221e-16 9.73144829e-01 1.71007263e-06 9.23783242e-01 5.85899795e-01 9.69322108e-01 9.96817896e-01 9.99303689e-01 7.34359308e-07 5.81654955e-07 5.81654246e-07 5.00743929e-03 1.74319494e-02 2.48915399e-03 1.14501369e-02 2.57577039e-02 7.11182925e-03 3.92357825e-03 8.73903866e-03 7.67912179e-03 6.52662079e-03
9.50450450e-02 -2.92799519e-02 -3.73048493e-03 -3.73048286e-03 5.28005576e+01 8.27576249e+01 9.92461170e+01 1.22287851e+02 1.65198899e+02 1.76029472e+02 2.07409554e+02 2.42505744e+02 3.00110272e+02 3.61217066e+02 1.77551296e-14 1.75519871e-05 1.65042874e-05 9.97659420e-01 9.63992140e-01 1.12928335e-15 9.73275768e-01 1.70737109e-06 9.23945250e-01 5.85190403e-01 9.69396575e-01 9.96827378e-01 9.99305729e-01 7.34359308e-07 5.81655000e-07 5.81654201e-07 5.01969308e-03 1.74217499e-02 2.48915399e-03 1.14243461e-02 2.57577039e-02 7.10364783e-03 3.91638159e-03 8.72462787e-03 7.66696104e-03 6.51683618e-03
9.51951952e-02 -2.92799521e-02 -3.73048399e-03 -3.73048232e-03 5.27907711e+01 8.26874963e+01 9.92461170e+01 1.22271666e+02 1.65198899e+02 1.76032965e+02 2.07394807e+02 2.42488710e+02 3.00102461e+02 3.61212822e+02 6.81307327e-14 2.03256108e-05 1.30064891e-05 9.97648079e-01 9.64060686e-01 1.37338533e-15 9.73405800e-01 1.70467808e-06 9.24106812e-01 5.84482386e-01 9.69470860e-01 9.96836820e-01 9.99307760e-01 7.34359308e-07 5.81654963e-07 5.81654238e-07 5.03196343e-03 1.74114582e-02 2.48915399e-03 1.13986576e-02 2.57577039e-02 7.09548276e-03 3.90919407e-03 8.71025723e-03 7.65483713e-03 6.50707966e-03
9.53453453e-02 -2.92799522e-02 -3.73048755e-03 -3.73048379e-03 5.27809503e+01 8.26174864e+01 9.92461170e+01 1.22255574e+02 1.65198899e+02 1.76036446e+02 2.07380105e+02 2.42471754e+02 3.00094687e+02 3.61208597e+02 8.75224607e-14 1.67694406e-05 1.74046956e-05 9.97636696e-01 9.64129437e-01 1.14651017e-15 9.73534931e-01 1.70199355e-06 9.24267930e-01 5.83775742e-01 9.69544963e-01 9.96846223e-01 9.99309782e-01 7.34359308e-07 5.81655001e-07 5.81654200e-07 5.04425027e-03 1.74010749e-02 2.48915399e-03 1.13730710e-02 2.57577039e-02 7.08733400e-03 3.90201577e-03 8.69592665e-03 7.64274990e-03 6.49735111e-03
9.54954955e-02 -2.92799522e-02 -3.73048503e-03 -3.73048142e-03 5.27710950e+01 8.25475958e+01 9.92461170e+01 1.22239575e+02 1.65198899e+02 1.76039915e+02 2.07365449e+02 2.42454875e+02 3.00086950e+02 3.61204391e+02 5.21714200e-14 1.81500564e-05 1.60173116e-05 9.97625270e-01 9.64198389e-01 5.63717454e-16 9.73663170e-01 1.69931745e-06 9.24428603e-01 5.83070469e-01 9.69618885e-01 9.96855585e-01 9.99311795e-01 7.34359308e-07 5.81654998e-07 5.81654203e-07 5.05655355e-03 1.73906006e-02 2.48915399e-03 1.13475860e-02 2.57577039e-02 7.07920149e-03 3.89484676e-03 8.68163602e-03 7.63069922e-03 6.48765044e-03
9.56456456e-02 -2.92799521e-02 -3.73048831e-03 -3.73048398e-03 5.27612052e+01 8.24778250e+01 9.92461170e+01 1.22223668e+02 1.65198899e+02 1.76043372e+02 2.07350839e+02 2.42438075e+02 3.00079248e+02 3.61200204e+02 3.89860394e-14 2.14239270e-05 1.13506969e-05 9.97613803e-01 9.64267537e-01 7.90202493e-16 9.73790523e-01 1.69664977e-06 9.24588834e-01 5.82366566e-01 9.69692624e-01 9.96864908e-01 9.99313801e-01 7.34359308e-07 5.81654931e-07 5.81654270e-07 5.06887319e-03 1.73800362e-02 2.48915399e-03 1.13222020e-02 2.57577039e-02 7.07108521e-03 3.88768712e-03 8.66738524e-03 7.61868492e-03 6.47797751e-03
9.57957958e-02 -2.92799522e-02 -3.73048701e-03 -3.73048241e-03 5.27512807e+01 8.24081744e+01 9.92461170e+01 1.22207852e+02 1.65198899e+02 1.76046818e+02 2.07336274e+02 2.42421351e+02 3.00071583e+02 3.61196037e+02 6.23121381e-14 8.42062184e-06 2.27763725e-05 9.97602294e-01 9.64336879e-01 2.01843020e-15 9.73916999e-01 1.69399044e-06 9.24748624e-01 5.81664031e-01 9.69766181e-01 9.96874192e-01 9.99315797e-01 7.34359308e-07 5.81654863e-07 5.81654338e-07 5.08120913e-03 1.73693823e-02 2.48915399e-03 1.12969188e-02 2.57577039e-02 7.06298510e-03 3.88053690e-03 8.65317420e-03 7.60670686e-03 6.46833222e-03
9.59459459e-02 -2.92799521e-02 -3.73048349e-03 -3.73047715e-03 5.27413215e+01 8.23386446e+01 9.92461170e+01 1.22192126e+02 1.65198899e+02 1.76050251e+02 2.07321754e+02 2.42404704e+02 3.00063953e+02 3.61191888e+02 2.21662533e-15 1.39686437e-05 1.99097200e-05 9.97590742e-01 9.64406409e-01 4.95776191e-16 9.74042604e-01 1.69133944e-06 9.24907974e-01 5.80962861e-01 9.69839556e-01 9.96883437e-01 9.99317786e-01 7.34359308e-07 5.81654978e-07 5.81654223e-07 5.09356129e-03 1.73586397e-02 2.48915399e-03 1.12717358e-02 2.57577039e-02 7.05490113e-03 3.87339619e-03 8.63900280e-03 7.59476489e-03 6.45871446e-03
9.60960961e-02 -2.92799521e-02 -3.73048869e-03 -3.73048303e-03 5.27313274e+01 8.22692360e+01 9.92461170e+01 1.22176491e+02 1.65198899e+02 1.76053673e+02 2.07307279e+02 2.42388134e+02 3.00056358e+02 3.61187758e+02 1.16082145e-13 2.41136259e-05 3.45048517e-06 9.97579149e-01 9.64476125e-01 2.16288494e-15 9.74167345e-01 1.68869672e-06 9.25066885e-01 5.80263055e-01 9.69912747e-01 9.96892643e-01 9.99319766e-01 7.34359308e-07 5.81654711e-07 5.81654490e-07 5.10592961e-03 1.73478089e-02 2.48915399e-03 1.12466527e-02 2.57577039e-02 7.04683326e-03 3.86626505e-03 8.62487095e-03 7.58285885e-03 6.44912412e-03
9.62462462e-02 -2.92799520e-02 -3.73048502e-03 -3.73048221e-03 5.27212984e+01 8.21999491e+01 9.92461170e+01 1.22160944e+02 1.65198899e+02 1.76057083e+02 2.07292848e+02 2.42371639e+02 3.00048799e+02 3.61183646e+02 4.18530732e-14 9.31921327e-06 2.25473014e-05 9.97567513e-01 9.64546023e-01 2.19385481e-16 9.74291230e-01 1.68606225e-06 9.25225360e-01 5.79564611e-01 9.69985756e-01 9.96901810e-01 9.99321738e-01 7.34359308e-07 5.81654885e-07 5.81654316e-07 5.11831402e-03 1.73368907e-02 2.48915399e-03 1.12216691e-02 2.57577039e-02 7.03878144e-03 3.85914354e-03 8.61077853e-03 7.57098861e-03 6.43956109e-03
9.63963964e-02 -2.92799523e-02 -3.73048658e-03 -3.73048220e-03 5.27112344e+01 8.21307844e+01 9.92461170e+01 1.22145487e+02 1.65198899e+02 1.76060482e+02 2.07278463e+02 2.42355219e+02 3.00041275e+02 3.61179553e+02 3.62205135e-14 1.81214765e-05 1.63920488e-05 9.97555835e-01 9.64616098e-01 7.41017281e-16 9.74414265e-01 1.68343598e-06 9.25383399e-01 5.78867526e-01 9.70058581e-01 9.96910939e-01 9.99323701e-01 7.34359308e-07 5.81654999e-07 5.81654202e-07 5.13071444e-03 1.73258857e-02 2.48915399e-03 1.11967844e-02 2.57577039e-02 7.03074563e-03 3.85203173e-03 8.59672544e-03 7.55915401e-03 6.43002526e-03
9.65465465e-02 -2.92799520e-02 -3.73048714e-03 -3.73048195e-03 5.27011352e+01 8.20617424e+01 9.92461170e+01 1.22130117e+02 1.65198899e+02 1.76063869e+02 2.07264122e+02 2.42338874e+02 3.00033786e+02 3.61175478e+02 1.49899696e-14 1.86720451e-05 1.58209810e-05 9.97544115e-01 9.64686347e-01 3.48411971e-16 9.74536458e-01 1.68081789e-06 9.25541003e-01 5.78171800e-01 9.70131223e-01 9.96920030e-01 9.99325656e-01 7.34359308e-07 5.81654995e-07 5.81654206e-07 5.14313079e-03 1.73147947e-02 2.48915399e-03 1.11719984e-02 2.57577039e-02 7.02272579e-03 3.84492968e-03 8.58271158e-03 7.54735490e-03 6.42051652e-03
9.66966967e-02 -2.92799520e-02 -3.73048698e-03 -3.73048496e-03 5.26910008e+01 8.19928235e+01 9.92461170e+01 1.22114835e+02 1.65198899e+02 1.76067244e+02 2.07249826e+02 2.42322604e+02 3.00026331e+02 3.61171422e+02 1.04853244e-15 1.95201708e-05 1.48248463e-05 9.97532353e-01 9.64756767e-01 1.01304867e-15 9.74657815e-01 1.67820792e-06 9.25698174e-01 5.77477429e-01 9.70203682e-01 9.96929082e-01 9.99327603e-01 7.34359308e-07 5.81654986e-07 5.81654215e-07 5.15556301e-03 1.73036182e-02 2.48915399e-03 1.11473105e-02 2.57577039e-02 7.01472189e-03 3.83783745e-03 8.56873684e-03 7.53559115e-03 6.41103476e-03
9.68468468e-02 -2.92799520e-02 -3.73048855e-03 -3.73048273e-03 5.26808310e+01 8.19240282e+01 9.92461170e+01 1.22099639e+02 1.65198899e+02 1.76070608e+02 2.07235574e+02 2.42306408e+02 3.00018911e+02 3.61167384e+02 2.66038387e-14 2.26868328e-05 9.38019646e-06 9.97520549e-01 9.64827354e-01 2.69635938e-15 9.74778344e-01 1.67560605e-06 9.25854913e-01 5.76784412e-01 9.70275956e-01 9.96938097e-01 9.99329542e-01 7.34359308e-07 5.81654882e-07 5.81654319e-07 5.16801101e-03 1.72923570e-02 2.48915399e-03 1.11227203e-02 2.57577039e-02 7.00673387e-03 3.83075512e-03 8.55480112e-03 7.52386260e-03 6.40157987e-03
9.69969970e-02 -2.92799520e-02 -3.73048812e-03 -3.73048409e-03 5.26706258e+01 8.18553569e+01 9.92461170e+01 1.22084530e+02 1.65198899e+02 1.76073961e+02 2.07221366e+02 2.42290285e+02 3.00011525e+02 3.61163364e+02 3.00448598e-14 2.23750319e-05 1.01935587e-05 9.97508702e-01 9.64898104e-01 4.16424186e-16 9.74898050e-01 1.67301223e-06 9.26011221e-01 5.76092746e-01 9.70348047e-01 9.96947074e-01 9.99331473e-01 7.34359308e-07 5.81654901e-07 5.81654300e-07 5.18047472e-03 1.72810117e-02 2.48915399e-03 1.10982276e-02 2.57577039e-02 6.99876170e-03 3.82368273e-03 8.54090430e-03 7.51216912e-03 6.39215175e-03
9.71471471e-02 -2.92799521e-02 -3.73048514e-03 -3.73048218e-03 5.26603850e+01 8.17868100e+01 9.92461170e+01 1.22069506e+02 1.65198899e+02 1.76077302e+02 2.07207203e+02 2.42274236e+02 3.00004173e+02 3.61159361e+02 1.99539049e-14 8.12429602e-06 2.32469273e-05 9.97496813e-01 9.64969014e-01 9.89539129e-16 9.75016942e-01 1.67042643e-06 9.26167101e-01 5.75402431e-01 9.70419954e-01 9.96956013e-01 9.99333396e-01 7.34359308e-07 5.81654852e-07 5.81654349e-07 5.19295405e-03 1.72695829e-02 2.48915399e-03 1.10738317e-02 2.57577039e-02 6.99080534e-03 3.81662034e-03 8.52704630e-03 7.50051054e-03 6.38275029e-03
9.72972973e-02 -2.92799521e-02 -3.73048612e-03 -3.73048234e-03 5.26501087e+01 8.17183881e+01 9.92461170e+01 1.22054567e+02 1.65198899e+02 1.76080632e+02 2.07193083e+02 2.42258259e+02 2.99996855e+02 3.61155377e+02 3.65937903e-15 1.92221224e-05 1.54534735e-05 9.97484882e-01 9.65040081e-01 3.04996778e-16 9.75135025e-01 1.66784862e-06 9.26322552e-01 5.74713462e-01 9.70491677e-01 9.96964916e-01 9.99335311e-01 7.34359308e-07 5.81654991e-07 5.81654210e-07 5.20544893e-03 1.72580713e-02 2.48915399e-03 1.10495323e-02 2.57577039e-02 6.98286475e-03 3.80956803e-03 8.51322699e-03 7.48888675e-03 6.37337537e-03
9.74474474e-02 -2.92799521e-02 -3.73048423e-03 -3.73048164e-03 5.26397965e+01 8.16500915e+01 9.92461170e+01 1.22039713e+02 1.65198899e+02 1.76083950e+02 2.07179007e+02 2.42242354e+02 2.99989570e+02 3.61151410e+02 1.84615053e-13 1.96380629e-05 1.49841662e-05 9.97472908e-01 9.65111300e-01 1.45466484e-15 9.75252307e-01 1.66527874e-06 9.26477576e-01 5.74025840e-01 9.70563216e-01 9.96973781e-01 9.99337218e-01 7.34359308e-07 5.81654986e-07 5.81654215e-07 5.21795927e-03 1.72464775e-02 2.48915399e-03 1.10253290e-02 2.57577039e-02 6.97493989e-03 3.80252583e-03 8.49944628e-03 7.47729758e-03 6.36402691e-03
9.75975976e-02 -2.92799521e-02 -3.73048383e-03 -3.73047931e-03 5.26294486e+01 8.15819207e+01 9.92461170e+01 1.22024942e+02 1.65198899e+02 1.76087257e+02 2.07164975e+02 2.42226522e+02 2.99982319e+02 3.61147462e+02 5.37671033e-14 7.16684676e-06 2.36790387e-05 9.97460892e-01 9.65182669e-01 1.04612581e-15 9.75368793e-01 1.66271677e-06 9.26632176e-01 5.73339560e-01 9.70634570e-01 9.96982609e-01 9.99339117e-01 7.34359308e-07 5.81654824e-07 5.81654376e-07 5.23048499e-03 1.72348021e-02 2.48915399e-03 1.10012214e-02 2.57577039e-02 6.96703071e-03 3.79549381e-03 8.48570405e-03 7.46574290e-03 6.35470479e-03
9.77477477e-02 -2.92799520e-02 -3.73048777e-03 -3.73048360e-03 5.26190647e+01 8.15138760e+01 9.92461170e+01 1.22010254e+02 1.65198899e+02 1.76090553e+02 2.07150986e+02 2.42210761e+02 2.99975101e+02 3.61143530e+02 1.98967854e-14 2.40618814e-05 5.91364020e-06 9.97448834e-01 9.65254185e-01 5.35573679e-16 9.75484490e-01 1.66016267e-06 9.26786351e-01 5.72654622e-01 9.70705740e-01 9.96991400e-01 9.99341008e-01 7.34359308e-07 5.81654784e-07 5.81654417e-07 5.24302601e-03 1.72230458e-02 2.48915399e-03 1.09772090e-02 2.57577039e-02 6.95913719e-03 3.78847203e-03 8.47200021e-03 7.45422256e-03 6.34540890e-03
9.78978979e-02 -2.92799521e-02 -3.73048397e-03 -3.73047701e-03 5.26086448e+01 8.14459580e+01 9.92461170e+01 1.21995649e+02 1.65198899e+02 1.76093838e+02 2.07137041e+02 2.42195072e+02 2.99967915e+02 3.61139616e+02 4.96449298e-14 1.08758981e-05 2.23057779e-05 9.97436733e-01 9.65325843e-01 2.51349172e-16 9.75599405e-01 1.65761641e-06 9.26940103e-01 5.71971023e-01 9.70776726e-01 9.97000155e-01 9.99342891e-01 7.34359308e-07 5.81654917e-07 5.81654283e-07 5.25558224e-03 1.72112092e-02 2.48915399e-03 1.09532915e-02 2.57577039e-02 6.95125926e-03 3.78146054e-03 8.45833464e-03 7.44273644e-03 6.33613915e-03
9.80480480e-02 -2.92799521e-02 -3.73048409e-03 -3.73047697e-03 5.25981887e+01 8.13781669e+01 9.92461170e+01 1.21981125e+02 1.65198899e+02 1.76097112e+02 2.07123139e+02 2.42179453e+02 2.99960763e+02 3.61135720e+02 1.14370347e-15 7.37229145e-06 2.37354737e-05 9.97424590e-01 9.65397641e-01 3.30508862e-16 9.75713545e-01 1.65507795e-06 9.27093433e-01 5.71288761e-01 9.70847527e-01 9.97008873e-01 9.99344767e-01 7.34359308e-07 5.81654829e-07 5.81654372e-07 5.26815358e-03 1.71992929e-02 2.48915399e-03 1.09294684e-02 2.57577039e-02 6.94339691e-03 3.77445938e-03 8.44470723e-03 7.43128437e-03 6.32689543e-03
9.81981982e-02 -2.92799521e-02 -3.73048908e-03 -3.73048341e-03 5.25876964e+01 8.13105032e+01 9.92461170e+01 1.21966683e+02 1.65198899e+02 1.76100375e+02 2.07109280e+02 2.42163904e+02 2.99953643e+02 3.61131840e+02 5.90892110e-14 2.37210095e-05 7.54523076e-06 9.97412405e-01 9.65469576e-01 1.43518750e-15 9.75826914e-01 1.65254725e-06 9.27246344e-01 5.70607834e-01 9.70918143e-01 9.97017556e-01 9.99346634e-01 7.34359308e-07 5.81654830e-07 5.81654371e-07 5.28073996e-03 1.71872974e-02 2.48915399e-03 1.09057393e-02 2.57577039e-02 6.93555009e-03 3.76746863e-03 8.43111789e-03 7.41986624e-03 6.31767762e-03
9.83483483e-02 -2.92799522e-02 -3.73048416e-03 -3.73048115e-03 5.25771678e+01 8.12429674e+01 9.92461170e+01 1.21952322e+02 1.65198899e+02 1.76103627e+02 2.07095465e+02 2.42148426e+02 2.99946556e+02 3.61127978e+02 6.56545027e-14 1.90321280e-05 1.61025216e-05 9.97400177e-01 9.65541644e-01 1.47730750e-15 9.75939521e-01 1.65002428e-06 9.27398835e-01 5.69928240e-01 9.70988575e-01 9.97026202e-01 9.99348494e-01 7.34359308e-07 5.81654995e-07 5.81654206e-07 5.29334128e-03 1.71752235e-02 2.48915399e-03 1.08821037e-02 2.57577039e-02 6.92771875e-03 3.76048831e-03 8.41756649e-03 7.40848189e-03 6.30848565e-03
9.84984985e-02 -2.92799521e-02 -3.73048523e-03 -3.73048272e-03 5.25666028e+01 8.11755597e+01 9.92461170e+01 1.21938041e+02 1.65198899e+02 1.76106868e+02 2.07081692e+02 2.42133016e+02 2.99939501e+02 3.61124133e+02 1.36193959e-14 1.51017423e-05 1.98834021e-05 9.97387907e-01 9.65613842e-01 1.35916627e-15 9.76051370e-01 1.64750900e-06 9.27550908e-01 5.69249976e-01 9.71058823e-01 9.97034813e-01 9.99350347e-01 7.34359308e-07 5.81654987e-07 5.81654214e-07 5.30595745e-03 1.71630716e-02 2.48915399e-03 1.08585613e-02 2.57577039e-02 6.91990286e-03 3.75351849e-03 8.40405294e-03 7.39713118e-03 6.29931939e-03
9.86486486e-02 -2.92799520e-02 -3.73048392e-03 -3.73047954e-03 5.25560012e+01 8.11082806e+01 9.92461170e+01 1.21923839e+02 1.65198899e+02 1.76110097e+02 2.07067962e+02 2.42117677e+02 2.99932478e+02 3.61120305e+02 2.51898566e-14 1.13937340e-05 2.22597668e-05 9.97375595e-01 9.65686167e-01 3.97397072e-16 9.76162469e-01 1.64500137e-06 9.27702565e-01 5.68573040e-01 9.71128885e-01 9.97043388e-01 9.99352191e-01 7.34359308e-07 5.81654927e-07 5.81654274e-07 5.31858838e-03 1.71508424e-02 2.48915399e-03 1.08351117e-02 2.57577039e-02 6.91210238e-03 3.74655922e-03 8.39057713e-03 7.38581399e-03 6.29017875e-03
9.87987988e-02 -2.92799521e-02 -3.73048657e-03 -3.73048393e-03 5.25453630e+01 8.10411305e+01 9.92461170e+01 1.21909717e+02 1.65198899e+02 1.76113316e+02 2.07054274e+02 2.42102405e+02 2.99925486e+02 3.61116493e+02 5.78192224e-14 1.03750636e-05 2.27942414e-05 9.97363240e-01 9.65758616e-01 2.33228009e-16 9.76272823e-01 1.64250137e-06 9.27853807e-01 5.67897431e-01 9.71198764e-01 9.97051927e-01 9.99354029e-01 7.34359308e-07 5.81654904e-07 5.81654297e-07 5.33123397e-03 1.71385365e-02 2.48915399e-03 1.08117545e-02 2.57577039e-02 6.90431727e-03 3.73961054e-03 8.37713895e-03 7.37453018e-03 6.28106362e-03
9.89489489e-02 -2.92799521e-02 -3.73048551e-03 -3.73048075e-03 5.25346881e+01 8.09741097e+01 9.92461170e+01 1.21895673e+02 1.65198899e+02 1.76116525e+02 2.07040629e+02 2.42087203e+02 2.99918527e+02 3.61112699e+02 1.11109901e-13 9.43364137e-06 2.32407764e-05 9.97350843e-01 9.65831186e-01 8.67380324e-16 9.76382439e-01 1.64000896e-06 9.28004635e-01 5.67223145e-01 9.71268457e-01 9.97060431e-01 9.99355858e-01 7.34359308e-07 5.81654881e-07 5.81654320e-07 5.34389412e-03 1.71261544e-02 2.48915399e-03 1.07884891e-02 2.57577039e-02 6.89654749e-03 3.73267250e-03 8.36373828e-03 7.36327960e-03 6.27197391e-03
9.90990991e-02 -2.92799521e-02 -3.73048561e-03 -3.73048411e-03 5.25239764e+01 8.09072186e+01 9.92461170e+01 1.21881707e+02 1.65198899e+02 1.76119722e+02 2.07027026e+02 2.42072068e+02 2.99911598e+02 3.61108921e+02 2.78639545e-14 1.24210411e-05 2.18347385e-05 9.97338404e-01 9.65903874e-01 6.79619679e-16 9.76491321e-01 1.63752409e-06 9.28155050e-01 5.66550181e-01 9.71337966e-01 9.97068900e-01 9.99357680e-01 7.34359308e-07 5.81654946e-07 5.81654255e-07 5.35656875e-03 1.71136968e-02 2.48915399e-03 1.07653153e-02 2.57577039e-02 6.88879300e-03 3.72574515e-03 8.35037503e-03 7.35206212e-03 6.26290952e-03
9.92492492e-02 -2.92799520e-02 -3.73048603e-03 -3.73048335e-03 5.25132278e+01 8.08404576e+01 9.92461170e+01 1.21867819e+02 1.65198899e+02 1.76122909e+02 2.07013466e+02 2.42057001e+02 2.99904701e+02 3.61105159e+02 1.09353598e-14 2.16432560e-05 1.28265825e-05 9.97325922e-01 9.65976677e-01 1.52544490e-15 9.76599478e-01 1.63504675e-06 9.28305053e-01 5.65878537e-01 9.71407290e-01 9.97077335e-01 9.99359495e-01 7.34359308e-07 5.81654951e-07 5.81654250e-07 5.36925774e-03 1.71011641e-02 2.48915399e-03 1.07422326e-02 2.57577039e-02 6.88105376e-03 3.71882853e-03 8.33704909e-03 7.34087761e-03 6.25387034e-03
9.93993994e-02 -2.92799521e-02 -3.73048584e-03 -3.73048222e-03 5.25024421e+01 8.07738270e+01 9.92461170e+01 1.21854007e+02 1.65198899e+02 1.76126085e+02 2.06999947e+02 2.42042001e+02 2.99897835e+02 3.61101414e+02 9.21409214e-14 1.13674290e-05 2.24866603e-05 9.97313398e-01 9.66049591e-01 1.48977284e-15 9.76706913e-01 1.63257689e-06 9.28454647e-01 5.65208209e-01 9.71476430e-01 9.97085734e-01 9.99361302e-01 7.34359308e-07 5.81654924e-07 5.81654277e-07 5.38196101e-03 1.70885571e-02 2.48915399e-03 1.07192405e-02 2.57577039e-02 6.87332974e-03 3.71192269e-03 8.32376034e-03 7.32972594e-03 6.24485627e-03
9.95495495e-02 -2.92799522e-02 -3.73048310e-03 -3.73047768e-03 5.24916194e+01 8.07073272e+01 9.92461170e+01 1.21840271e+02 1.65198899e+02 1.76129250e+02 2.06986471e+02 2.42027068e+02 2.99891000e+02 3.61097686e+02 6.51185095e-14 1.04648596e-05 2.29624591e-05 9.97300831e-01 9.66122615e-01 5.83818974e-16 9.76813634e-01 1.63011448e-06 9.28603831e-01 5.64539197e-01 9.71545386e-01 9.97094099e-01 9.99363102e-01 7.34359308e-07 5.81654904e-07 5.81654297e-07 5.39467844e-03 1.70758761e-02 2.48915399e-03 1.06963388e-02 2.57577039e-02 6.86562089e-03 3.70502767e-03 8.31050868e-03 7.31860696e-03 6.23586723e-03
9.96996997e-02 -2.92799521e-02 -3.73048559e-03 -3.73048228e-03 5.24807594e+01 8.06409585e+01 9.92461170e+01 1.21826612e+02 1.65198899e+02 1.76132405e+02 2.06973036e+02 2.42012201e+02 2.99884196e+02 3.61093974e+02 8.44989743e-16 1.73161947e-05 1.84081392e-05 9.97288223e-01 9.66195745e-01 4.02892619e-16 9.76919646e-01 1.62765949e-06 9.28752608e-01 5.63871498e-01 9.71614156e-01 9.97102429e-01 9.99364894e-01 7.34359308e-07 5.81655000e-07 5.81654201e-07 5.40740994e-03 1.70631218e-02 2.48915399e-03 1.06735270e-02 2.57577039e-02 6.85792717e-03 3.69814351e-03 8.29729399e-03 7.30752054e-03 6.22690310e-03
9.98498498e-02 -2.92799521e-02 -3.73048881e-03 -3.73048338e-03 5.24698622e+01 8.05747212e+01 9.92461170e+01 1.21813027e+02 1.65198899e+02 1.76135549e+02 2.06959643e+02 2.41997401e+02 2.99877422e+02 3.61090277e+02 3.45288204e-15 2.32955946e-05 9.89700635e-06 9.97275572e-01 9.66268979e-01 9.51759538e-16 9.77024954e-01 1.62521188e-06 9.28900978e-01 5.63205108e-01 9.71682743e-01 9.97110726e-01 9.99366679e-01 7.34359308e-07 5.81654887e-07 5.81654314e-07 5.42015541e-03 1.70502947e-02 2.48915399e-03 1.06508046e-02 2.57577039e-02 6.85024856e-03 3.69127026e-03 8.28411618e-03 7.29646656e-03 6.21796379e-03
1.00000000e-01 -2.92799521e-02 -3.73048614e-03 -3.73048521e-03 5.24589275e+01 8.05086158e+01 9.92461170e+01 1.21799518e+02 1.65198899e+02 1.76138683e+02 2.06946291e+02 2.41982666e+02 2.99870679e+02 3.61086597e+02 7.85306919e-14 1.72790009e-05 1.85472306e-05 9.97262879e-01 9.66342313e-01 9.30191609e-16 9.77129565e-01 1.62277162e-06 9.29048943e-01 5.62540027e-01 9.71751145e-01 9.97118988e-01 9.99368457e-01 7.34359308e-07 5.81655000e-07 5.81654201e-07 5.43291472e-03 1.70373954e-02 2.48915399e-03 1.06281713e-02 2.57577039e-02 6.84258500e-03 3.68440796e-03 8.27097513e-03 7.28544488e-03 6.20904920e-03
1.00150150e-01 -2.92799521e-02 -3.73048551e-03 -3.73048141e-03 5.24479553e+01 8.04426425e+01 9.92461170e+01 1.21786082e+02 1.65198899e+02 1.76141806e+02 2.06932981e+02 2.41967997e+02 2.99863965e+02 3.61082933e+02 3.41842373e-14 1.72420338e-05 1.86334907e-05 9.97250143e-01 9.66415745e-01 7.75208730e-16 9.77233484e-01 1.62033868e-06 9.29196504e-01 5.61876252e-01 9.71819363e-01 9.97127217e-01 9.99370228e-01 7.34359308e-07 5.81655000e-07 5.81654201e-07 5.44568779e-03 1.70244243e-02 2.48915399e-03 1.06056266e-02 2.57577039e-02 6.83493646e-03 3.67755664e-03 8.25787073e-03 7.27445537e-03 6.20015924e-03
1.00300300e-01 -2.92799522e-02 -3.73048437e-03 -3.73048017e-03 5.24369456e+01 8.03768017e+01 9.92461170e+01 1.21772720e+02 1.65198899e+02 1.76144919e+02 2.06919713e+02 2.41953392e+02 2.99857282e+02 3.61079285e+02 1.22483226e-14 1.49778932e-05 2.05448628e-05 9.97237366e-01 9.66489272e-01 1.36416441e-15 9.77336717e-01 1.61791303e-06 9.29343662e-01 5.61213780e-01 9.71887396e-01 9.97135411e-01 9.99371991e-01 7.34359308e-07 5.81654982e-07 5.81654218e-07 5.45847450e-03 1.70113822e-02 2.48915399e-03 1.05831702e-02 2.57577039e-02 6.82730291e-03 3.67071635e-03 8.24480288e-03 7.26349790e-03 6.19129381e-03
1.00450450e-01 -2.92799520e-02 -3.73048420e-03 -3.73048109e-03 5.24258981e+01 8.03110937e+01 9.92461170e+01 1.21759431e+02 1.65198899e+02 1.76148021e+02 2.06906485e+02 2.41938853e+02 2.99850629e+02 3.61075653e+02 1.49725704e-13 1.14893346e-05 2.27235720e-05 9.97224546e-01 9.66562891e-01 6.55570133e-16 9.77439268e-01 1.61549462e-06 9.29490418e-01 5.60552610e-01 9.71955246e-01 9.97143573e-01 9.99373748e-01 7.34359308e-07 5.81654924e-07 5.81654276e-07 5.47127473e-03 1.69982694e-02 2.48915399e-03 1.05608016e-02 2.57577039e-02 6.81968430e-03 3.66388713e-03 8.23177146e-03 7.25257234e-03 6.18245280e-03
1.00600601e-01 -2.92799521e-02 -3.73048616e-03 -3.73048165e-03 5.24148129e+01 8.02455188e+01 9.92461170e+01 1.21746215e+02 1.65198899e+02 1.76151113e+02 2.06893298e+02 2.41924377e+02 2.99844005e+02 3.61072036e+02 5.83302587e-14 2.53752047e-05 2.53066820e-06 9.97211684e-01 9.66636600e-01 1.67742943e-15 9.77541145e-01 1.61308344e-06 9.29636774e-01 5.59892738e-01 9.72022911e-01 9.97151700e-01 9.99375497e-01 7.34359308e-07 5.81654677e-07 5.81654524e-07 5.48408839e-03 1.69850864e-02 2.48915399e-03 1.05385205e-02 2.57577039e-02 6.81208059e-03 3.65706901e-03 8.21877637e-03 7.24167855e-03 6.17363614e-03
1.00750751e-01 -2.92799520e-02 -3.73048744e-03 -3.73048252e-03 5.24036898e+01 8.01800773e+01 9.92461170e+01 1.21733071e+02 1.65198899e+02 1.76154195e+02 2.06880152e+02 2.41909966e+02 2.99837410e+02 3.61068435e+02 6.96150842e-15 2.55380026e-05 2.41619311e-07 9.97198781e-01 9.66710397e-01 1.98329567e-15 9.77642352e-01 1.61067944e-06 9.29782731e-01 5.59234163e-01 9.72090393e-01 9.97159795e-01 9.99377239e-01 7.34359308e-07 5.81654606e-07 5.81654595e-07 5.49691534e-03 1.69718340e-02 2.48915399e-03 1.05163264e-02 2.57577039e-02 6.80449176e-03 3.65026203e-03 8.20581750e-03 7.23081641e-03 6.16484372e-03
1.00900901e-01 -2.92799523e-02 -3.73048584e-03 -3.73048284e-03 5.23925287e+01 8.01147695e+01 9.92461170e+01 1.21719999e+02 1.65198899e+02 1.76157266e+02 2.06867047e+02 2.41895618e+02 2.99830845e+02 3.61064850e+02 4.57426353e-14 2.26349224e-05 1.19102393e-05 9.97185835e-01 9.66784277e-01 1.08212141e-15 9.77742895e-01 1.60828259e-06 9.29928290e-01 5.58576882e-01 9.72157691e-01 9.97167857e-01 9.99378974e-01 7.34359308e-07 5.81654929e-07 5.81654272e-07 5.50975549e-03 1.69585124e-02 2.48915399e-03 1.04942190e-02 2.57577039e-02 6.79691775e-03 3.64346623e-03 8.19289473e-03 7.21998580e-03 6.15607544e-03
1.01051051e-01 -2.92799522e-02 -3.73048404e-03 -3.73047844e-03 5.23813295e+01 8.00495958e+01 9.92461170e+01 1.21706998e+02 1.65198899e+02 1.76160328e+02 2.06853983e+02 2.41881333e+02 2.99824309e+02 3.61061280e+02 7.98110131e-14 8.83315494e-06 2.40440707e-05 9.97172847e-01 9.66858240e-01 1.31268577e-15 9.77842779e-01 1.60589287e-06 9.30073453e-01 5.57920894e-01 9.72224805e-01 9.97175886e-01 9.99380702e-01 7.34359308e-07 5.81654861e-07 5.81654339e-07 5.52260872e-03 1.69451223e-02 2.48915399e-03 1.04721978e-02 2.57577039e-02 6.78935854e-03 3.63668164e-03 8.18000797e-03 7.20918658e-03 6.14733122e-03
1.01201201e-01 -2.92799522e-02 -3.73048482e-03 -3.73048165e-03 5.23700922e+01 7.99845564e+01 9.92461170e+01 1.21694067e+02 1.65198899e+02 1.76163379e+02 2.06840959e+02 2.41867112e+02 2.99817802e+02 3.61057725e+02 5.98673487e-14 1.49894099e-05 2.08185232e-05 9.97159817e-01 9.66932282e-01 1.14416333e-15 9.77942009e-01 1.60351024e-06 9.30218219e-01 5.57266194e-01 9.72291736e-01 9.97183882e-01 9.99382423e-01 7.34359308e-07 5.81654981e-07 5.81654220e-07 5.53547490e-03 1.69316641e-02 2.48915399e-03 1.04502625e-02 2.57577039e-02 6.78181408e-03 3.62990830e-03 8.16715709e-03 7.19841863e-03 6.13861096e-03
1.01351351e-01 -2.92799521e-02 -3.73048574e-03 -3.73048293e-03 5.23588166e+01 7.99196516e+01 9.92461170e+01 1.21681207e+02 1.65198899e+02 1.76166420e+02 2.06827976e+02 2.41852952e+02 2.99811324e+02 3.61054186e+02 3.30956378e-14 1.48465561e-05 2.09672920e-05 9.97146745e-01 9.67006401e-01 9.23448055e-16 9.78040591e-01 1.60113467e-06 9.30362592e-01 5.56612782e-01 9.72358483e-01 9.97191846e-01 9.99384137e-01 7.34359308e-07 5.81654979e-07 5.81654222e-07 5.54835391e-03 1.69181384e-02 2.48915399e-03 1.04284126e-02 2.57577039e-02 6.77428434e-03 3.62314623e-03 8.15434200e-03 7.18768181e-03 6.12991456e-03
1.01501502e-01 -2.92799521e-02 -3.73048723e-03 -3.73048286e-03 5.23475027e+01 7.98548817e+01 9.92461170e+01 1.21668416e+02 1.65198899e+02 1.76169451e+02 2.06815032e+02 2.41838855e+02 2.99804874e+02 3.61050661e+02 6.18156090e-14 2.34753994e-05 1.05313973e-05 9.97133631e-01 9.67080595e-01 4.75570863e-16 9.78138529e-01 1.59876613e-06 9.30506571e-01 5.55960655e-01 9.72425047e-01 9.97199777e-01 9.99385844e-01 7.34359308e-07 5.81654898e-07 5.81654303e-07 5.56124565e-03 1.69045457e-02 2.48915399e-03 1.04066478e-02 2.57577039e-02 6.76676928e-03 3.61639548e-03 8.14156258e-03 7.17697601e-03 6.12124193e-03
1.01651652e-01 -2.92799522e-02 -3.73048986e-03 -3.73048231e-03 5.23361503e+01 7.97902471e+01 9.92461170e+01 1.21655694e+02 1.65198899e+02 1.76172472e+02 2.06802129e+02 2.41824820e+02 2.99798453e+02 3.61047152e+02 5.63589372e-14 2.55863887e-05 3.04983041e-06 9.97120475e-01 9.67154860e-01 7.97109602e-16 9.78235830e-01 1.59640458e-06 9.30650159e-01 5.55309810e-01 9.72491428e-01 9.97207676e-01 9.99387544e-01 7.34359308e-07 5.81654692e-07 5.81654509e-07 5.57414998e-03 1.68908864e-02 2.48915399e-03 1.03849676e-02 2.57577039e-02 6.75926886e-03 3.60965608e-03 8.12881873e-03 7.16630110e-03 6.11259298e-03
1.01801802e-01 -2.92799523e-02 -3.73048713e-03 -3.73048266e-03 5.23247593e+01 7.97257479e+01 9.92461170e+01 1.21643041e+02 1.65198899e+02 1.76175483e+02 2.06789266e+02 2.41810846e+02 2.99792060e+02 3.61043658e+02 2.98483944e-14 1.85577352e-05 1.79314850e-05 9.97107278e-01 9.67229195e-01 4.39162372e-16 9.78332498e-01 1.59405000e-06 9.30793356e-01 5.54660245e-01 9.72557627e-01 9.97215543e-01 9.99389238e-01 7.34359308e-07 5.81655001e-07 5.81654200e-07 5.58706678e-03 1.68771611e-02 2.48915399e-03 1.03633717e-02 2.57577039e-02 6.75178305e-03 3.60292805e-03 8.11611033e-03 7.15565695e-03 6.10396762e-03
1.01951952e-01 -2.92799522e-02 -3.73048542e-03 -3.73048212e-03 5.23133298e+01 7.96613845e+01 9.92461170e+01 1.21630456e+02 1.65198899e+02 1.76178484e+02 2.06776443e+02 2.41796933e+02 2.99785695e+02 3.61040179e+02 4.26624137e-14 1.48378349e-05 2.11596829e-05 9.97094039e-01 9.67303597e-01 1.59859005e-15 9.78428538e-01 1.59170236e-06 9.30936163e-01 5.54011958e-01 9.72623642e-01 9.97223379e-01 9.99390924e-01 7.34359308e-07 5.81654978e-07 5.81654223e-07 5.59999592e-03 1.68633702e-02 2.48915399e-03 1.03418596e-02 2.57577039e-02 6.74431181e-03 3.59621143e-03 8.10343728e-03 7.14504344e-03 6.09536576e-03
1.02102102e-01 -2.92799520e-02 -3.73048826e-03 -3.73048458e-03 5.23018615e+01 7.95971571e+01 9.92461170e+01 1.21617939e+02 1.65198899e+02 1.76181475e+02 2.06763659e+02 2.41783081e+02 2.99779358e+02 3.61036715e+02 7.63918256e-14 1.92448572e-05 1.73060027e-05 9.97080758e-01 9.67378064e-01 6.77902272e-16 9.78523955e-01 1.58936162e-06 9.31078582e-01 5.53364946e-01 9.72689475e-01 9.97231182e-01 9.99392604e-01 7.34359308e-07 5.81654998e-07 5.81654202e-07 5.61293729e-03 1.68495141e-02 2.48915399e-03 1.03204310e-02 2.57577039e-02 6.73685510e-03 3.58950624e-03 8.09079947e-03 7.13446045e-03 6.08678730e-03
1.02252252e-01 -2.92799522e-02 -3.73048525e-03 -3.73048098e-03 5.22903543e+01 7.95330660e+01 9.92461170e+01 1.21605489e+02 1.65198899e+02 1.76184456e+02 2.06750915e+02 2.41769290e+02 2.99773049e+02 3.61033265e+02 6.69334406e-14 2.02238781e-05 1.62119909e-05 9.97067436e-01 9.67452594e-01 2.41565488e-16 9.78618755e-01 1.58702776e-06 9.31220614e-01 5.52719207e-01 9.72755125e-01 9.97238954e-01 9.99394277e-01 7.34359308e-07 5.81654991e-07 5.81654210e-07 5.62589075e-03 1.68355935e-02 2.48915399e-03 1.02990855e-02 2.57577039e-02 6.72941288e-03 3.58281252e-03 8.07819678e-03 7.12390785e-03 6.07823215e-03
1.02402402e-01 -2.92799520e-02 -3.73048645e-03 -3.73048145e-03 5.22788083e+01 7.94691114e+01 9.92461170e+01 1.21593106e+02 1.65198899e+02 1.76187427e+02 2.06738210e+02 2.41755559e+02 2.99766768e+02 3.61029831e+02 5.64370092e-15 2.34143916e-05 1.12060112e-05 9.97054072e-01 9.67527183e-01 2.35668659e-16 9.78712942e-01 1.58470074e-06 9.31362259e-01 5.52074738e-01 9.72820593e-01 9.97246695e-01 9.99395944e-01 7.34359308e-07 5.81654911e-07 5.81654290e-07 5.63885617e-03 1.68216088e-02 2.48915399e-03 1.02778227e-02 2.57577039e-02 6.72198512e-03 3.57613030e-03 8.06562911e-03 7.11338553e-03 6.06970023e-03
1.02552553e-01 -2.92799520e-02 -3.73048888e-03 -3.73048373e-03 5.22672232e+01 7.94052937e+01 9.92461170e+01 1.21580789e+02 1.65198899e+02 1.76190389e+02 2.06725545e+02 2.41741887e+02 2.99760514e+02 3.61026410e+02 2.40702762e-14 2.44335398e-05 8.87625935e-06 9.97040667e-01 9.67601830e-01 5.70261400e-16 9.78806521e-01 1.58238053e-06 9.31503520e-01 5.51431538e-01 9.72885880e-01 9.97254404e-01 9.99397604e-01 7.34359308e-07 5.81654856e-07 5.81654345e-07 5.65183342e-03 1.68075603e-02 2.48915399e-03 1.02566422e-02 2.57577039e-02 6.71457179e-03 3.56945960e-03 8.05309636e-03 7.10289335e-03 6.06119144e-03
1.02702703e-01 -2.92799523e-02 -3.73048828e-03 -3.73048237e-03 5.22555991e+01 7.93416130e+01 9.92461170e+01 1.21568538e+02 1.65198899e+02 1.76193340e+02 2.06712919e+02 2.41728275e+02 2.99754287e+02 3.61023005e+02 1.06357725e-13 2.41186288e-05 9.80091400e-06 9.97027220e-01 9.67676533e-01 6.93271744e-16 9.78899497e-01 1.58006711e-06 9.31644398e-01 5.50789603e-01 9.72950984e-01 9.97262082e-01 9.99399257e-01 7.34359308e-07 5.81654878e-07 5.81654323e-07 5.66482238e-03 1.67934487e-02 2.48915399e-03 1.02355437e-02 2.57577039e-02 6.70717284e-03 3.56280045e-03 8.04059841e-03 7.09243119e-03 6.05270570e-03
1.02852853e-01 -2.92799520e-02 -3.73048478e-03 -3.73048073e-03 5.22439357e+01 7.92780697e+01 9.92461170e+01 1.21556353e+02 1.65198899e+02 1.76196282e+02 2.06700332e+02 2.41714722e+02 2.99748088e+02 3.61019613e+02 1.52650228e-14 1.27740074e-05 2.27282672e-05 9.97013732e-01 9.67751290e-01 1.28177578e-15 9.78991875e-01 1.57776044e-06 9.31784893e-01 5.50148931e-01 9.73015907e-01 9.97269730e-01 9.99400903e-01 7.34359308e-07 5.81654944e-07 5.81654257e-07 5.67782289e-03 1.67792743e-02 2.48915399e-03 1.02145266e-02 2.57577039e-02 6.69978823e-03 3.55615288e-03 8.02813516e-03 7.08199895e-03 6.04424291e-03
1.03003003e-01 -2.92799521e-02 -3.73048544e-03 -3.73047961e-03 5.22322331e+01 7.92146639e+01 9.92461170e+01 1.21544232e+02 1.65198899e+02 1.76199215e+02 2.06687784e+02 2.41701228e+02 2.99741915e+02 3.61016237e+02 4.23279574e-14 8.34678972e-06 2.47399801e-05 9.97000203e-01 9.67826097e-01 6.07619678e-16 9.79083660e-01 1.57546050e-06 9.31925006e-01 5.49509520e-01 9.73080648e-01 9.97277347e-01 9.99402543e-01 7.34359308e-07 5.81654845e-07 5.81654356e-07 5.69083484e-03 1.67650377e-02 2.48915399e-03 1.01935908e-02 2.57577039e-02 6.69241794e-03 3.54951690e-03 8.01570649e-03 7.07159649e-03 6.03580298e-03
1.03153153e-01 -2.92799521e-02 -3.73048438e-03 -3.73048165e-03 5.22204911e+01 7.91513959e+01 9.92461170e+01 1.21532177e+02 1.65198899e+02 1.76202138e+02 2.06675274e+02 2.41687793e+02 2.99735769e+02 3.61012874e+02 4.18398513e-14 4.51188617e-06 2.57559199e-05 9.96986632e-01 9.67900954e-01 5.97321111e-16 9.79174856e-01 1.57316725e-06 9.32064740e-01 5.48871368e-01 9.73145208e-01 9.97284933e-01 9.99404177e-01 7.34359308e-07 5.81654739e-07 5.81654462e-07 5.70385807e-03 1.67507392e-02 2.48915399e-03 1.01727357e-02 2.57577039e-02 6.68506193e-03 3.54289256e-03 8.00331230e-03 7.06122369e-03 6.02738584e-03
1.03303303e-01 -2.92799522e-02 -3.73048829e-03 -3.73048426e-03 5.22087096e+01 7.90882659e+01 9.92461170e+01 1.21520185e+02 1.65198899e+02 1.76205051e+02 2.06662804e+02 2.41674415e+02 2.99729651e+02 3.61009526e+02 8.38257976e-14 2.46214494e-05 8.91631494e-06 9.96973021e-01 9.67975858e-01 9.82675100e-16 9.79265468e-01 1.57088067e-06 9.32204095e-01 5.48234471e-01 9.73209588e-01 9.97292488e-01 9.99405804e-01 7.34359308e-07 5.81654855e-07 5.81654346e-07 5.71689246e-03 1.67363793e-02 2.48915399e-03 1.01519609e-02 2.57577039e-02 6.67772015e-03 3.53627986e-03 7.99095248e-03 7.05088045e-03 6.01899138e-03
1.03453453e-01 -2.92799521e-02 -3.73048718e-03 -3.73048344e-03 5.21968886e+01 7.90252742e+01 9.92461170e+01 1.21508256e+02 1.65198899e+02 1.76207954e+02 2.06650372e+02 2.41661096e+02 2.99723558e+02 3.61006191e+02 5.71283057e-15 2.40811247e-05 1.03831924e-05 9.96959368e-01 9.68050806e-01 7.59698927e-16 9.79355501e-01 1.56860073e-06 9.32343071e-01 5.47598828e-01 9.73273786e-01 9.97300014e-01 9.99407424e-01 7.34359308e-07 5.81654890e-07 5.81654311e-07 5.72993786e-03 1.67219585e-02 2.48915399e-03 1.01312662e-02 2.57577039e-02 6.67039258e-03 3.52967884e-03 7.97862692e-03 7.04056663e-03 6.01061953e-03
1.03603604e-01 -2.92799521e-02 -3.73048696e-03 -3.73048458e-03 5.21850279e+01 7.89624210e+01 9.92461170e+01 1.21496391e+02 1.65198899e+02 1.76210848e+02 2.06637978e+02 2.41647834e+02 2.99717492e+02 3.61002871e+02 4.30942539e-14 2.36251061e-05 1.14701055e-05 9.96945674e-01 9.68125797e-01 1.01294600e-15 9.79444959e-01 1.56632739e-06 9.32481672e-01 5.46964436e-01 9.73337804e-01 9.97307509e-01 9.99409038e-01 7.34359308e-07 5.81654914e-07 5.81654287e-07 5.74299413e-03 1.67074772e-02 2.48915399e-03 1.01106511e-02 2.57577039e-02 6.66307918e-03 3.52308952e-03 7.96633551e-03 7.03028213e-03 6.00227019e-03
1.03753754e-01 -2.92799521e-02 -3.73048686e-03 -3.73048254e-03 5.21731274e+01 7.88997065e+01 9.92461170e+01 1.21484589e+02 1.65198899e+02 1.76213733e+02 2.06625623e+02 2.41634629e+02 2.99711452e+02 3.60999565e+02 5.15078730e-15 1.85837727e-05 1.86105604e-05 9.96931940e-01 9.68200829e-01 1.87592004e-15 9.79533847e-01 1.56406064e-06 9.32619896e-01 5.46331292e-01 9.73401642e-01 9.97314974e-01 9.99410646e-01 7.34359308e-07 5.81655001e-07 5.81654200e-07 5.75606112e-03 1.66929358e-02 2.48915399e-03 1.00901153e-02 2.57577039e-02 6.65577991e-03 3.51651191e-03 7.95407815e-03 7.02002682e-03 5.99394329e-03
1.03903904e-01 -2.92799521e-02 -3.73048464e-03 -3.73048047e-03 5.21611872e+01 7.88371310e+01 9.92461170e+01 1.21472849e+02 1.65198899e+02 1.76216608e+02 2.06613305e+02 2.41621481e+02 2.99705439e+02 3.60996272e+02 1.04636796e-13 2.21901228e-05 1.41884289e-05 9.96918165e-01 9.68275899e-01 1.58952065e-15 9.79622169e-01 1.56180043e-06 9.32757747e-01 5.45699395e-01 9.73465299e-01 9.97322409e-01 9.99412247e-01 7.34359308e-07 5.81654963e-07 5.81654238e-07 5.76913870e-03 1.66783348e-02 2.48915399e-03 1.00696583e-02 2.57577039e-02 6.64849474e-03 3.50994605e-03 7.94185473e-03 7.00980058e-03 5.98563872e-03
1.04054054e-01 -2.92799521e-02 -3.73048668e-03 -3.73048144e-03 5.21492070e+01 7.87746946e+01 9.92461170e+01 1.21461171e+02 1.65198899e+02 1.76219474e+02 2.06601026e+02 2.41608390e+02 2.99699451e+02 3.60992994e+02 6.77888645e-14 1.27123012e-05 2.31109685e-05 9.96904349e-01 9.68351006e-01 1.10179014e-15 9.79709931e-01 1.55954675e-06 9.32895224e-01 5.45068741e-01 9.73528777e-01 9.97329815e-01 9.99413842e-01 7.34359308e-07 5.81654940e-07 5.81654261e-07 5.78222672e-03 1.66636747e-02 2.48915399e-03 1.00492799e-02 2.57577039e-02 6.64122362e-03 3.50339195e-03 7.92966513e-03 6.99960331e-03 5.97735642e-03
1.04204204e-01 -2.92799521e-02 -3.73048549e-03 -3.73048357e-03 5.21371869e+01 7.87123976e+01 9.92461170e+01 1.21449554e+02 1.65198899e+02 1.76222330e+02 2.06588785e+02 2.41595355e+02 2.99693489e+02 3.60989729e+02 2.68984039e-14 1.32539861e-05 2.28486458e-05 9.96890493e-01 9.68426147e-01 1.07142769e-15 9.79797136e-01 1.55729957e-06 9.33032329e-01 5.44439328e-01 9.73592076e-01 9.97337191e-01 9.99415431e-01 7.34359308e-07 5.81654949e-07 5.81654251e-07 5.79532502e-03 1.66489557e-02 2.48915399e-03 1.00289795e-02 2.57577039e-02 6.63396653e-03 3.49684964e-03 7.91750926e-03 6.98943488e-03 5.96909628e-03
1.04354354e-01 -2.92799521e-02 -3.73048577e-03 -3.73048017e-03 5.21251266e+01 7.86502401e+01 9.92461170e+01 1.21437999e+02 1.65198899e+02 1.76225177e+02 2.06576582e+02 2.41582376e+02 2.99687553e+02 3.60986478e+02 2.37581492e-14 4.28933756e-06 2.61025390e-05 9.96876596e-01 9.68501321e-01 7.73691734e-16 9.79883788e-01 1.55505885e-06 9.33169063e-01 5.43811154e-01 9.73655195e-01 9.97344538e-01 9.99417013e-01 7.34359308e-07 5.81654731e-07 5.81654470e-07 5.80843346e-03 1.66341785e-02 2.48915399e-03 1.00087570e-02 2.57577039e-02 6.62672344e-03 3.49031912e-03 7.90538701e-03 6.97929518e-03 5.96085824e-03
1.04504505e-01 -2.92799519e-02 -3.73048588e-03 -3.73048229e-03 5.21130261e+01 7.85882224e+01 9.92461170e+01 1.21426504e+02 1.65198899e+02 1.76228015e+02 2.06564416e+02 2.41569452e+02 2.99681642e+02 3.60983240e+02 3.65945325e-14 2.17449467e-05 1.51298824e-05 9.96862659e-01 9.68576526e-01 4.53149742e-16 9.79969893e-01 1.55282457e-06 9.33305427e-01 5.43184217e-01 9.73718135e-01 9.97351855e-01 9.99418589e-01 7.34359308e-07 5.81654975e-07 5.81654226e-07 5.82155188e-03 1.66193433e-02 2.48915399e-03 9.98861176e-03 2.57577039e-02 6.61949429e-03 3.48380043e-03 7.89329826e-03 6.96918410e-03 5.95264219e-03
1.04654655e-01 -2.92799520e-02 -3.73048652e-03 -3.73048162e-03 5.21008854e+01 7.85263447e+01 9.92461170e+01 1.21415069e+02 1.65198899e+02 1.76230843e+02 2.06552288e+02 2.41556584e+02 2.99675756e+02 3.60980016e+02 1.69392563e-14 2.16722918e-05 1.52998630e-05 9.96848682e-01 9.68651759e-01 2.55998208e-16 9.80055455e-01 1.55059670e-06 9.33441423e-01 5.42558513e-01 9.73780896e-01 9.97359143e-01 9.99420159e-01 7.34359308e-07 5.81654977e-07 5.81654224e-07 5.83468014e-03 1.66044506e-02 2.48915399e-03 9.96854358e-03 2.57577039e-02 6.61227907e-03 3.47729358e-03 7.88124292e-03 6.95910152e-03 5.94444807e-03
1.04804805e-01 -2.92799521e-02 -3.73048897e-03 -3.73048229e-03 5.20887044e+01 7.84646071e+01 9.92461170e+01 1.21403695e+02 1.65198899e+02 1.76233663e+02 2.06540197e+02 2.41543771e+02 2.99669896e+02 3.60976806e+02 5.33267951e-14 2.63268530e-05 3.56254650e-06 9.96834665e-01 9.68727019e-01 5.08270238e-16 9.80140477e-01 1.54837522e-06 9.33577052e-01 5.41934040e-01 9.73843479e-01 9.97366403e-01 9.99421723e-01 7.34359308e-07 5.81654704e-07 5.81654496e-07 5.84781807e-03 1.65895008e-02 2.48915399e-03 9.94855204e-03 2.57577039e-02 6.60507773e-03 3.47079858e-03 7.86922086e-03 6.94904733e-03 5.93627578e-03
1.04954955e-01 -2.92799520e-02 -3.73048330e-03 -3.73048030e-03 5.20764828e+01 7.84030099e+01 9.92461170e+01 1.21392379e+02 1.65198899e+02 1.76236473e+02 2.06528144e+02 2.41531013e+02 2.99664061e+02 3.60973608e+02 9.08114371e-16 1.52691146e-05 2.17869880e-05 9.96820607e-01 9.68802304e-01 1.54122345e-15 9.80224964e-01 1.54616009e-06 9.33712313e-01 5.41310796e-01 9.73905884e-01 9.97373633e-01 9.99423281e-01 7.34359308e-07 5.81654978e-07 5.81654223e-07 5.86096553e-03 1.65744944e-02 2.48915399e-03 9.92863679e-03 2.57577039e-02 6.59789024e-03 3.46431546e-03 7.85723199e-03 6.93902141e-03 5.92812524e-03
1.05105105e-01 -2.92799522e-02 -3.73048641e-03 -3.73048321e-03 5.20642208e+01 7.83415533e+01 9.92461170e+01 1.21381123e+02 1.65198899e+02 1.76239274e+02 2.06516128e+02 2.41518309e+02 2.99658251e+02 3.60970424e+02 8.28675178e-15 2.11118936e-05 1.62521795e-05 9.96806510e-01 9.68877613e-01 7.43336255e-16 9.80308921e-01 1.54395129e-06 9.33847210e-01 5.40688778e-01 9.73968111e-01 9.97380835e-01 9.99424832e-01 7.34359308e-07 5.81654987e-07 5.81654214e-07 5.87412236e-03 1.65594317e-02 2.48915399e-03 9.90879745e-03 2.57577039e-02 6.59071656e-03 3.45784424e-03 7.84527621e-03 6.92902365e-03 5.91999637e-03
1.05255255e-01 -2.92799522e-02 -3.73048463e-03 -3.73048060e-03 5.20519181e+01 7.82802374e+01 9.92461170e+01 1.21369925e+02 1.65198899e+02 1.76242066e+02 2.06504148e+02 2.41505660e+02 2.99652465e+02 3.60967253e+02 9.64217961e-15 1.79248938e-05 1.97629236e-05 9.96792373e-01 9.68952942e-01 2.79381503e-16 9.80392351e-01 1.54174879e-06 9.33981742e-01 5.40067984e-01 9.74030160e-01 9.97388009e-01 9.99426378e-01 7.34359308e-07 5.81654999e-07 5.81654202e-07 5.88728839e-03 1.65443131e-02 2.48915399e-03 9.88903366e-03 2.57577039e-02 6.58355667e-03 3.45138492e-03 7.83335339e-03 6.91905395e-03 5.91188908e-03
1.05405405e-01 -2.92799522e-02 -3.73048426e-03 -3.73048080e-03 5.20395748e+01 7.82190624e+01 9.92461170e+01 1.21358786e+02 1.65198899e+02 1.76244849e+02 2.06492206e+02 2.41493064e+02 2.99646705e+02 3.60964096e+02 3.79051826e-14 2.22740245e-05 1.47572110e-05 9.96778196e-01 9.69028291e-01 3.11846240e-16 9.80475258e-01 1.53955257e-06 9.34115912e-01 5.39448411e-01 9.74092032e-01 9.97395154e-01 9.99427917e-01 7.34359308e-07 5.81654968e-07 5.81654232e-07 5.90046346e-03 1.65291391e-02 2.48915399e-03 9.86934506e-03 2.57577039e-02 6.57641051e-03 3.44493752e-03 7.82146345e-03 6.90911218e-03 5.90380330e-03
1.05555556e-01 -2.92799520e-02 -3.73049007e-03 -3.73048276e-03 5.20271906e+01 7.81580285e+01 9.92461170e+01 1.21347704e+02 1.65198899e+02 1.76247622e+02 2.06480301e+02 2.41480522e+02 2.99640968e+02 3.60960951e+02 3.44757500e-14 2.57701821e-05 7.20003670e-06 9.96763980e-01 9.69103658e-01 1.00329386e-15 9.80557647e-01 1.53736259e-06 9.34249719e-01 5.38830057e-01 9.74153727e-01 9.97402270e-01 9.99429451e-01 7.34359308e-07 5.81654806e-07 5.81654395e-07 5.91364742e-03 1.65139100e-02 2.48915399e-03 9.84973128e-03 2.57577039e-02 6.56927807e-03 3.43850207e-03 7.80960626e-03 6.89919824e-03 5.89573894e-03
1.05705706e-01 -2.92799523e-02 -3.73048711e-03 -3.73048398e-03 5.20147656e+01 7.80971358e+01 9.92461170e+01 1.21336680e+02 1.65198899e+02 1.76250387e+02 2.06468432e+02 2.41468033e+02 2.99635257e+02 3.60957820e+02 4.56865117e-14 2.62944952e-05 5.15563878e-06 9.96749725e-01 9.69179041e-01 5.14970204e-16 9.80639522e-01 1.53517884e-06 9.34383166e-01 5.38212920e-01 9.74215245e-01 9.97409359e-01 9.99430978e-01 7.34359308e-07 5.81654749e-07 5.81654451e-07 5.92684010e-03 1.64986263e-02 2.48915399e-03 9.83019198e-03 2.57577039e-02 6.56215931e-03 3.43207857e-03 7.79778173e-03 6.88931202e-03 5.88769593e-03
1.05855856e-01 -2.92799521e-02 -3.73048455e-03 -3.73048247e-03 5.20022997e+01 7.80363846e+01 9.92461170e+01 1.21325713e+02 1.65198899e+02 1.76253143e+02 2.06456600e+02 2.41455597e+02 2.99629569e+02 3.60954701e+02 1.48246030e-14 2.49317467e-05 9.92120265e-06 9.96735430e-01 9.69254437e-01 7.05056751e-16 9.80720887e-01 1.53300128e-06 9.34516253e-01 5.37596996e-01 9.74276587e-01 9.97416420e-01 9.99432500e-01 7.34359308e-07 5.81654874e-07 5.81654327e-07 5.94004133e-03 1.64832882e-02 2.48915399e-03 9.81072679e-03 2.57577039e-02 6.55505418e-03 3.42566703e-03 7.78598974e-03 6.87945341e-03 5.87967417e-03
1.06006006e-01 -2.92799520e-02 -3.73048359e-03 -3.73048106e-03 5.19897927e+01 7.79757749e+01 9.92461170e+01 1.21314802e+02 1.65198899e+02 1.76255890e+02 2.06444804e+02 2.41443214e+02 2.99623905e+02 3.60951595e+02 3.98091208e-14 1.23982071e-05 2.38401086e-05 9.96721096e-01 9.69329847e-01 2.55562039e-16 9.80801746e-01 1.53082989e-06 9.34648981e-01 5.36982283e-01 9.74337752e-01 9.97423452e-01 9.99434015e-01 7.34359308e-07 5.81654930e-07 5.81654271e-07 5.95325095e-03 1.64678963e-02 2.48915399e-03 9.79133536e-03 2.57577039e-02 6.54796267e-03 3.41926748e-03 7.77423020e-03 6.86962229e-03 5.87167359e-03
1.06156156e-01 -2.92799523e-02 -3.73048220e-03 -3.73047603e-03 5.19772446e+01 7.79153070e+01 9.92461170e+01 1.21303948e+02 1.65198899e+02 1.76258628e+02 2.06433044e+02 2.41430883e+02 2.99618266e+02 3.60948502e+02 1.42902356e-15 1.17149239e-05 2.42254791e-05 9.96706723e-01 9.69405266e-01 4.92563170e-16 9.80882102e-01 1.52866464e-06 9.34781352e-01 5.36368779e-01 9.74398742e-01 9.97430457e-01 9.99435525e-01 7.34359308e-07 5.81654916e-07 5.81654285e-07 5.96646879e-03 1.64524509e-02 2.48915399e-03 9.77201733e-03 2.57577039e-02 6.54088472e-03 3.41287992e-03 7.76250300e-03 6.85981857e-03 5.86369411e-03
1.06306306e-01 -2.92799521e-02 -3.73048715e-03 -3.73048302e-03 5.19646552e+01 7.78549810e+01 9.92461170e+01 1.21293150e+02 1.65198899e+02 1.76261357e+02 2.06421321e+02 2.41418605e+02 2.99612650e+02 3.60945422e+02 3.73834144e-14 2.39984956e-05 1.22570530e-05 9.96692311e-01 9.69480695e-01 2.16646673e-16 9.80961961e-01 1.52650551e-06 9.34913367e-01 5.35756482e-01 9.74459557e-01 9.97437435e-01 9.99437028e-01 7.34359308e-07 5.81654923e-07 5.81654277e-07 5.97969468e-03 1.64369524e-02 2.48915399e-03 9.75277234e-03 2.57577039e-02 6.53382031e-03 3.40650436e-03 7.75080802e-03 6.85004212e-03 5.85573565e-03
1.06456456e-01 -2.92799520e-02 -3.73048710e-03 -3.73048391e-03 5.19520246e+01 7.77947971e+01 9.92461170e+01 1.21282407e+02 1.65198899e+02 1.76264078e+02 2.06409634e+02 2.41406378e+02 2.99607058e+02 3.60942354e+02 1.38193337e-13 2.15733136e-05 1.62113553e-05 9.96677861e-01 9.69556132e-01 5.08384559e-16 9.81041324e-01 1.52435247e-06 9.35045026e-01 5.35145388e-01 9.74520196e-01 9.97444385e-01 9.99438526e-01 7.34359308e-07 5.81654984e-07 5.81654216e-07 5.99292844e-03 1.64214011e-02 2.48915399e-03 9.73360006e-03 2.57577039e-02 6.52676941e-03 3.40014082e-03 7.73914518e-03 6.84029285e-03 5.84779813e-03
1.06606607e-01 -2.92799522e-02 -3.73048790e-03 -3.73048343e-03 5.19393527e+01 7.77347554e+01 9.92461170e+01 1.21271719e+02 1.65198899e+02 1.76266789e+02 2.06397982e+02 2.41394203e+02 2.99601490e+02 3.60939299e+02 6.60420099e-14 2.39867467e-05 1.24461855e-05 9.96663372e-01 9.69631574e-01 5.78379448e-16 9.81120198e-01 1.52220550e-06 9.35176331e-01 5.34535495e-01 9.74580660e-01 9.97451308e-01 9.99440018e-01 7.34359308e-07 5.81654926e-07 5.81654274e-07 6.00616991e-03 1.64057974e-02 2.48915399e-03 9.71450012e-03 2.57577039e-02 6.51973198e-03 3.39378932e-03 7.72751435e-03 6.83057065e-03 5.83988147e-03
1.06756757e-01 -2.92799520e-02 -3.73048589e-03 -3.73048181e-03 5.19266393e+01 7.76748561e+01 9.92461170e+01 1.21261087e+02 1.65198899e+02 1.76269492e+02 2.06386367e+02 2.41382079e+02 2.99595945e+02 3.60936257e+02 1.54816673e-14 2.37232185e-05 1.30207145e-05 9.96648845e-01 9.69707020e-01 1.47570613e-15 9.81198584e-01 1.52006456e-06 9.35307282e-01 5.33926802e-01 9.74640950e-01 9.97458204e-01 9.99441505e-01 7.34359308e-07 5.81654937e-07 5.81654264e-07 6.01941890e-03 1.63901418e-02 2.48915399e-03 9.69547217e-03 2.57577039e-02 6.51270799e-03 3.38744985e-03 7.71591544e-03 6.82087541e-03 5.83198559e-03
1.06906907e-01 -2.92799522e-02 -3.73048980e-03 -3.73048372e-03 5.19138843e+01 7.76150993e+01 9.92461170e+01 1.21250508e+02 1.65198899e+02 1.76272187e+02 2.06374787e+02 2.41370006e+02 2.99590423e+02 3.60933227e+02 5.95400589e-14 2.70302341e-05 1.93855597e-06 9.96634279e-01 9.69782469e-01 3.37813087e-16 9.81276488e-01 1.51792964e-06 9.35437882e-01 5.33319304e-01 9.74701066e-01 9.97465072e-01 9.99442985e-01 7.34359308e-07 5.81654655e-07 5.81654546e-07 6.03267525e-03 1.63744346e-02 2.48915399e-03 9.67651588e-03 2.57577039e-02 6.50569740e-03 3.38112243e-03 7.70434834e-03 6.81120702e-03 5.82411042e-03
1.07057057e-01 -2.92799520e-02 -3.73048918e-03 -3.73048278e-03 5.19010878e+01 7.75554851e+01 9.92461170e+01 1.21239984e+02 1.65198899e+02 1.76274872e+02 2.06363243e+02 2.41357984e+02 2.99584924e+02 3.60930209e+02 1.11804298e-13 2.56565821e-05 8.84283305e-06 9.96619676e-01 9.69857918e-01 8.15474487e-16 9.81353912e-01 1.51580071e-06 9.35568131e-01 5.32713000e-01 9.74761008e-01 9.97471914e-01 9.99444460e-01 7.34359308e-07 5.81654845e-07 5.81654356e-07 6.04593877e-03 1.63586761e-02 2.48915399e-03 9.65763089e-03 2.57577039e-02 6.49870018e-03 3.37480707e-03 7.69281295e-03 6.80156537e-03 5.81625587e-03
1.07207207e-01 -2.92799520e-02 -3.73048600e-03 -3.73048282e-03 5.18882496e+01 7.74960137e+01 9.92461170e+01 1.21229513e+02 1.65198899e+02 1.76277549e+02 2.06351734e+02 2.41346013e+02 2.99579449e+02 3.60927204e+02 4.20570777e-14 1.66681626e-05 2.14638184e-05 9.96605035e-01 9.69933367e-01 8.91972114e-16 9.81430861e-01 1.51367773e-06 9.35698029e-01 5.32107887e-01 9.74820776e-01 9.97478729e-01 9.99445929e-01 7.34359308e-07 5.81654989e-07 5.81654212e-07 6.05920929e-03 1.63428667e-02 2.48915399e-03 9.63881686e-03 2.57577039e-02 6.49171629e-03 3.36850378e-03 7.68130916e-03 6.79195037e-03 5.80842187e-03
1.07357357e-01 -2.92799522e-02 -3.73048447e-03 -3.73048122e-03 5.18753696e+01 7.74366852e+01 9.92461170e+01 1.21219096e+02 1.65198899e+02 1.76280217e+02 2.06340261e+02 2.41334091e+02 2.99573996e+02 3.60924210e+02 5.21568202e-14 1.19274661e-05 2.44607612e-05 9.96590355e-01 9.70008814e-01 1.71754299e-15 9.81507339e-01 1.51156070e-06 9.35827579e-01 5.31503963e-01 9.74880371e-01 9.97485518e-01 9.99447393e-01 7.34359308e-07 5.81654917e-07 5.81654283e-07 6.07248662e-03 1.63270068e-02 2.48915399e-03 9.62007345e-03 2.57577039e-02 6.48474571e-03 3.36221256e-03 7.66983688e-03 6.78236191e-03 5.80060834e-03
1.07507508e-01 -2.92799522e-02 -3.73048567e-03 -3.73048178e-03 5.18624478e+01 7.73774997e+01 9.92461170e+01 1.21208732e+02 1.65198899e+02 1.76282877e+02 2.06328823e+02 2.41322220e+02 2.99568567e+02 3.60921229e+02 2.18340793e-14 2.24060584e-05 1.55124102e-05 9.96575639e-01 9.70084257e-01 6.32998331e-16 9.81583348e-01 1.50944958e-06 9.35956782e-01 5.30901225e-01 9.74939793e-01 9.97492280e-01 9.99448851e-01 7.34359308e-07 5.81654974e-07 5.81654226e-07 6.08577058e-03 1.63110968e-02 2.48915399e-03 9.60140032e-03 2.57577039e-02 6.47778840e-03 3.35593343e-03 7.65839598e-03 6.77279988e-03 5.79281520e-03
1.07657658e-01 -2.92799522e-02 -3.73048658e-03 -3.73048442e-03 5.18494840e+01 7.73184574e+01 9.92461170e+01 1.21198420e+02 1.65198899e+02 1.76285528e+02 2.06317420e+02 2.41310398e+02 2.99563159e+02 3.60918261e+02 5.72881466e-14 2.60667881e-05 8.07866426e-06 9.96560885e-01 9.70159695e-01 2.37966065e-16 9.81658892e-01 1.50734435e-06 9.36085637e-01 5.30299670e-01 9.74999043e-01 9.97499015e-01 9.99450303e-01 7.34359308e-07 5.81654825e-07 5.81654376e-07 6.09906099e-03 1.62951370e-02 2.48915399e-03 9.58279712e-03 2.57577039e-02 6.47084432e-03 3.34966640e-03 7.64698638e-03 6.76326418e-03 5.78504239e-03
1.07807808e-01 -2.92799520e-02 -3.73048565e-03 -3.73048285e-03 5.18364783e+01 7.72595585e+01 9.92461170e+01 1.21188161e+02 1.65198899e+02 1.76288171e+02 2.06306052e+02 2.41298626e+02 2.99557775e+02 3.60915304e+02 3.37219761e-14 1.76342551e-05 2.08771199e-05 9.96546094e-01 9.70235126e-01 1.70636291e-15 9.81733976e-01 1.50524499e-06 9.36214147e-01 5.29699297e-01 9.75058121e-01 9.97505725e-01 9.99451749e-01 7.34359308e-07 5.81654996e-07 5.81654205e-07 6.11235765e-03 1.62791277e-02 2.48915399e-03 9.56426352e-03 2.57577039e-02 6.46391345e-03 3.34341146e-03 7.63560797e-03 6.75375471e-03 5.77728981e-03
1.07957958e-01 -2.92799521e-02 -3.73048716e-03 -3.73048307e-03 5.18234305e+01 7.72008029e+01 9.92461170e+01 1.21177953e+02 1.65198899e+02 1.76290805e+02 2.06294718e+02 2.41286903e+02 2.99552413e+02 3.60912359e+02 9.91918147e-15 2.35149033e-05 1.39982907e-05 9.96531266e-01 9.70310548e-01 8.99312992e-16 9.81808603e-01 1.50315146e-06 9.36342312e-01 5.29100102e-01 9.75117026e-01 9.97512408e-01 9.99453190e-01 7.34359308e-07 5.81654951e-07 5.81654249e-07 6.12566039e-03 1.62630694e-02 2.48915399e-03 9.54579918e-03 2.57577039e-02 6.45699574e-03 3.33716864e-03 7.62426064e-03 6.74427136e-03 5.76955740e-03
1.08108108e-01 -2.92799519e-02 -3.73048511e-03 -3.73048256e-03 5.18103406e+01 7.71421908e+01 9.92461170e+01 1.21167798e+02 1.65198899e+02 1.76293431e+02 2.06283420e+02 2.41275228e+02 2.99547073e+02 3.60909426e+02 1.35044484e-15 1.40838182e-05 2.35081584e-05 9.96516401e-01 9.70385961e-01 5.20780055e-16 9.81882776e-01 1.50106375e-06 9.36470134e-01 5.28502083e-01 9.75175761e-01 9.97519065e-01 9.99454626e-01 7.34359308e-07 5.81654955e-07 5.81654246e-07 6.13896902e-03 1.62469623e-02 2.48915399e-03 9.52740377e-03 2.57577039e-02 6.45009117e-03 3.33093792e-03 7.61294429e-03 6.73481403e-03 5.76184507e-03
1.08258258e-01 -2.92799520e-02 -3.73048661e-03 -3.73048238e-03 5.17972084e+01 7.70837224e+01 9.92461170e+01 1.21157693e+02 1.65198899e+02 1.76296049e+02 2.06272156e+02 2.41263603e+02 2.99541755e+02 3.60906505e+02 4.49594931e-14 2.39768288e-05 1.33486574e-05 9.96501499e-01 9.70461363e-01 6.39930160e-16 9.81956498e-01 1.49898183e-06 9.36597614e-01 5.27905238e-01 9.75234324e-01 9.97525697e-01 9.99456056e-01 7.34359308e-07 5.81654939e-07 5.81654261e-07 6.15228334e-03 1.62308068e-02 2.48915399e-03 9.50907695e-03 2.57577039e-02 6.44319971e-03 3.32471933e-03 7.60165882e-03 6.72538263e-03 5.75415277e-03
1.08408408e-01 -2.92799520e-02 -3.73048777e-03 -3.73048446e-03 5.17840339e+01 7.70253978e+01 9.92461170e+01 1.21147639e+02 1.65198899e+02 1.76298658e+02 2.06260927e+02 2.41252025e+02 2.99536460e+02 3.60903596e+02 4.58082864e-14 2.42609541e-05 1.29062583e-05 9.96486561e-01 9.70536752e-01 7.14456493e-16 9.82029774e-01 1.49690568e-06 9.36724752e-01 5.27309564e-01 9.75292717e-01 9.97532302e-01 9.99457481e-01 7.34359308e-07 5.81654931e-07 5.81654270e-07 6.16560316e-03 1.62146033e-02 2.48915399e-03 9.49081839e-03 2.57577039e-02 6.43632131e-03 3.31851286e-03 7.59040413e-03 6.71597704e-03 5.74648040e-03
1.08558559e-01 -2.92799521e-02 -3.73048718e-03 -3.73048245e-03 5.17708171e+01 7.69672170e+01 9.92461170e+01 1.21137636e+02 1.65198899e+02 1.76301259e+02 2.06249732e+02 2.41240496e+02 2.99531186e+02 3.60900698e+02 1.04162797e-13 2.73415544e-05 3.11418027e-06 9.96471587e-01 9.70612127e-01 8.08205093e-16 9.82102606e-01 1.49483527e-06 9.36851549e-01 5.26715058e-01 9.75350939e-01 9.97538883e-01 9.99458900e-01 7.34359308e-07 5.81654688e-07 5.81654513e-07 6.17892829e-03 1.61983521e-02 2.48915399e-03 9.47262776e-03 2.57577039e-02 6.42945596e-03 3.31231853e-03 7.57918011e-03 6.70659716e-03 5.73882790e-03
1.08708709e-01 -2.92799523e-02 -3.73048613e-03 -3.73048290e-03 5.17575578e+01 7.69091801e+01 9.92461170e+01 1.21127684e+02 1.65198899e+02 1.76303851e+02 2.06238571e+02 2.41229015e+02 2.99525934e+02 3.60897812e+02 1.47832658e-14 1.04393582e-05 2.55024456e-05 9.96456577e-01 9.70687487e-01 4.04123496e-16 9.82174998e-01 1.49277058e-06 9.36978008e-01 5.26121718e-01 9.75408991e-01 9.97545437e-01 9.99460313e-01 7.34359308e-07 5.81654883e-07 5.81654318e-07 6.19225853e-03 1.61820535e-02 2.48915399e-03 9.45450474e-03 2.57577039e-02 6.42260361e-03 3.30613632e-03 7.56798666e-03 6.69724291e-03 5.73119519e-03
1.08858859e-01 -2.92799520e-02 -3.73048703e-03 -3.73048409e-03 5.17442560e+01 7.68512873e+01 9.92461170e+01 1.21117781e+02 1.65198899e+02 1.76306435e+02 2.06227445e+02 2.41217581e+02 2.99520704e+02 3.60894938e+02 1.90738092e-14 2.62294773e-05 8.57138071e-06 9.96441530e-01 9.70762830e-01 8.20734757e-16 9.82246954e-01 1.49071159e-06 9.37104128e-01 5.25529541e-01 9.75466874e-01 9.97551967e-01 9.99461722e-01 7.34359308e-07 5.81654835e-07 5.81654366e-07 6.20559369e-03 1.61657079e-02 2.48915399e-03 9.43644898e-03 2.57577039e-02 6.41576424e-03 3.29996626e-03 7.55682369e-03 6.68791417e-03 5.72358220e-03
1.09009009e-01 -2.92799520e-02 -3.73048397e-03 -3.73047947e-03 5.17309117e+01 7.67935387e+01 9.92461170e+01 1.21107927e+02 1.65198899e+02 1.76309011e+02 2.06216352e+02 2.41206195e+02 2.99515496e+02 3.60892076e+02 9.23207632e-15 1.34399114e-05 2.41438365e-05 9.96426449e-01 9.70838154e-01 7.26219741e-16 9.82318476e-01 1.48865827e-06 9.37229910e-01 5.24938525e-01 9.75524587e-01 9.97558471e-01 9.99463125e-01 7.34359308e-07 5.81654942e-07 5.81654259e-07 6.21893357e-03 1.61493157e-02 2.48915399e-03 9.41846018e-03 2.57577039e-02 6.40893780e-03 3.29380834e-03 7.54569108e-03 6.67861085e-03 5.71598885e-03
1.09159159e-01 -2.92799521e-02 -3.73048423e-03 -3.73047676e-03 5.17175246e+01 7.67359343e+01 9.92461170e+01 1.21098123e+02 1.65198899e+02 1.76311579e+02 2.06205294e+02 2.41194855e+02 2.99510309e+02 3.60889224e+02 1.20529562e-13 5.61270316e-06 2.70953599e-05 9.96411332e-01 9.70913459e-01 6.59712231e-16 9.82389569e-01 1.48661059e-06 9.37355357e-01 5.24348667e-01 9.75582132e-01 9.97564950e-01 9.99464522e-01 7.34359308e-07 5.81654762e-07 5.81654439e-07 6.23227797e-03 1.61328771e-02 2.48915399e-03 9.40053800e-03 2.57577039e-02 6.40212427e-03 3.28766257e-03 7.53458874e-03 6.66933285e-03 5.70841507e-03
1.09309309e-01 -2.92799521e-02 -3.73048613e-03 -3.73048186e-03 5.17040949e+01 7.66784743e+01 9.92461170e+01 1.21088368e+02 1.65198899e+02 1.76314139e+02 2.06194269e+02 2.41183563e+02 2.99505143e+02 3.60886385e+02 6.68320954e-14 2.57908740e-05 1.01291455e-05 9.96396179e-01 9.70988744e-01 1.85003585e-15 9.82460235e-01 1.48456855e-06 9.37480469e-01 5.23759966e-01 9.75639508e-01 9.97571404e-01 9.99465915e-01 7.34359308e-07 5.81654871e-07 5.81654330e-07 6.24562668e-03 1.61163925e-02 2.48915399e-03 9.38268212e-03 2.57577039e-02 6.39532362e-03 3.28152894e-03 7.52351656e-03 6.66008007e-03 5.70086079e-03
1.09459459e-01 -2.92799521e-02 -3.73048668e-03 -3.73048446e-03 5.16906223e+01 7.66211587e+01 9.92461170e+01 1.21078662e+02 1.65198899e+02 1.76316690e+02 2.06183278e+02 2.41172317e+02 2.99499998e+02 3.60883556e+02 8.15413557e-14 1.94456360e-05 1.97925925e-05 9.96380992e-01 9.71064006e-01 1.11634126e-15 9.82530477e-01 1.48253210e-06 9.37605246e-01 5.23172417e-01 9.75696716e-01 9.97577833e-01 9.99467302e-01 7.34359308e-07 5.81655001e-07 5.81654200e-07 6.25897951e-03 1.60998622e-02 2.48915399e-03 9.36489221e-03 2.57577039e-02 6.38853582e-03 3.27540747e-03 7.51247445e-03 6.65085241e-03 5.69332594e-03
1.09609610e-01 -2.92799523e-02 -3.73048599e-03 -3.73048239e-03 5.16771069e+01 7.65639876e+01 9.92461170e+01 1.21069004e+02 1.65198899e+02 1.76319234e+02 2.06172321e+02 2.41161117e+02 2.99494875e+02 3.60880739e+02 3.80176963e-14 1.19949941e-05 2.50621866e-05 9.96365770e-01 9.71139244e-01 5.95232717e-16 9.82600300e-01 1.48050123e-06 9.37729690e-01 5.22586020e-01 9.75753756e-01 9.97584238e-01 9.99468683e-01 7.34359308e-07 5.81654914e-07 5.81654287e-07 6.27233626e-03 1.60832866e-02 2.48915399e-03 9.34716797e-03 2.57577039e-02 6.38176083e-03 3.26929815e-03 7.50146231e-03 6.64164978e-03 5.68581045e-03
1.09759760e-01 -2.92799521e-02 -3.73048285e-03 -3.73048143e-03 5.16635486e+01 7.65069610e+01 9.92461170e+01 1.21059393e+02 1.65198899e+02 1.76321769e+02 2.06161397e+02 2.41149964e+02 2.99489772e+02 3.60877933e+02 1.18677432e-13 1.98507974e-05 1.94950100e-05 9.96350514e-01 9.71214458e-01 3.65046151e-16 9.82669705e-01 1.47847593e-06 9.37853802e-01 5.22000770e-01 9.75810628e-01 9.97590618e-01 9.99470060e-01 7.34359308e-07 5.81655001e-07 5.81654200e-07 6.28569670e-03 1.60666660e-02 2.48915399e-03 9.32950906e-03 2.57577039e-02 6.37499861e-03 3.26320098e-03 7.49048003e-03 6.63247207e-03 5.67831423e-03
1.09909910e-01 -2.92799522e-02 -3.73048601e-03 -3.73047540e-03 5.16499472e+01 7.64500792e+01 9.92461170e+01 1.21049831e+02 1.65198899e+02 1.76324296e+02 2.06150506e+02 2.41138856e+02 2.99484691e+02 3.60875138e+02 5.90340416e-14 5.90633490e-06 2.72276363e-05 9.96335223e-01 9.71289645e-01 2.54230135e-16 9.82738697e-01 1.47645615e-06 9.37977583e-01 5.21416666e-01 9.75867334e-01 9.97596973e-01 9.99471431e-01 7.34359308e-07 5.81654768e-07 5.81654432e-07 6.29906065e-03 1.60500007e-02 2.48915399e-03 9.31191518e-03 2.57577039e-02 6.36824915e-03 3.25711598e-03 7.47952751e-03 6.62331920e-03 5.67083723e-03
1.10060060e-01 -2.92799522e-02 -3.73048598e-03 -3.73048410e-03 5.16363028e+01 7.63933421e+01 9.92461170e+01 1.21040316e+02 1.65198899e+02 1.76326816e+02 2.06139649e+02 2.41127794e+02 2.99479630e+02 3.60872355e+02 1.65867365e-14 2.73411416e-05 5.55096741e-06 9.96319898e-01 9.71364805e-01 1.35564522e-15 9.82807277e-01 1.47444188e-06 9.38101034e-01 5.20833706e-01 9.75923873e-01 9.97603304e-01 9.99472797e-01 7.34359308e-07 5.81654754e-07 5.81654446e-07 6.31242788e-03 1.60332910e-02 2.48915399e-03 9.29438601e-03 2.57577039e-02 6.36151240e-03 3.25104313e-03 7.46860465e-03 6.61419106e-03 5.66337937e-03
1.10210210e-01 -2.92799523e-02 -3.73048549e-03 -3.73048271e-03 5.16226153e+01 7.63367498e+01 9.92461170e+01 1.21030848e+02 1.65198899e+02 1.76329327e+02 2.06128825e+02 2.41116777e+02 2.99474590e+02 3.60869582e+02 8.83854369e-14 2.33373870e-05 1.53571749e-05 9.96304539e-01 9.71439937e-01 5.80036732e-16 9.82875451e-01 1.47243311e-06 9.38224157e-01 5.20251886e-01 9.75980246e-01 9.97609611e-01 9.99474158e-01 7.34359308e-07 5.81654967e-07 5.81654233e-07 6.32579819e-03 1.60165373e-02 2.48915399e-03 9.27692123e-03 2.57577039e-02 6.35478834e-03 3.24498244e-03 7.45771136e-03 6.60508756e-03 5.65594058e-03
1.10360360e-01 -2.92799520e-02 -3.73048611e-03 -3.73048279e-03 5.16088846e+01 7.62803023e+01 9.92461170e+01 1.21021427e+02 1.65198899e+02 1.76331831e+02 2.06118034e+02 2.41105806e+02 2.99469571e+02 3.60866821e+02 3.87923508e-15 1.67616325e-05 2.23975940e-05 9.96289147e-01 9.71515038e-01 2.40994081e-16 9.82943220e-01 1.47042980e-06 9.38346951e-01 5.19671204e-01 9.76036453e-01 9.97615894e-01 9.99475514e-01 7.34359308e-07 5.81654985e-07 5.81654215e-07 6.33917138e-03 1.59997398e-02 2.48915399e-03 9.25952053e-03 2.57577039e-02 6.34807693e-03 3.23893390e-03 7.44684754e-03 6.59600860e-03 5.64852079e-03
1.10510511e-01 -2.92799519e-02 -3.73048477e-03 -3.73048155e-03 5.15951106e+01 7.62239999e+01 9.92461170e+01 1.21012052e+02 1.65198899e+02 1.76334326e+02 2.06107275e+02 2.41094879e+02 2.99464571e+02 3.60864070e+02 8.54254725e-14 2.44685095e-05 1.36391924e-05 9.96273721e-01 9.71590109e-01 8.99149799e-16 9.83010588e-01 1.46843193e-06 9.38469418e-01 5.19091657e-01 9.76092495e-01 9.97622152e-01 9.99476865e-01 7.34359308e-07 5.81654940e-07 5.81654261e-07 6.35254721e-03 1.59828990e-02 2.48915399e-03 9.24218360e-03 2.57577039e-02 6.34137814e-03 3.23289753e-03 7.43601308e-03 6.58695409e-03 5.64111993e-03
1.10660661e-01 -2.92799521e-02 -3.73048582e-03 -3.73048192e-03 5.15812932e+01 7.61678424e+01 9.92461170e+01 1.21002723e+02 1.65198899e+02 1.76336814e+02 2.06096550e+02 2.41083997e+02 2.99459593e+02 3.60861331e+02 5.29106868e-14 2.53645584e-05 1.19795068e-05 9.96258263e-01 9.71665147e-01 5.60301418e-16 9.83077557e-01 1.46643949e-06 9.38591559e-01 5.18513244e-01 9.76148371e-01 9.97628387e-01 9.99478210e-01 7.34359308e-07 5.81654908e-07 5.81654293e-07 6.36592549e-03 1.59660150e-02 2.48915399e-03 9.22491013e-03 2.57577039e-02 6.33469194e-03 3.22687331e-03 7.42520788e-03 6.57792394e-03 5.63373792e-03
1.10810811e-01 -2.92799522e-02 -3.73048597e-03 -3.73048120e-03 5.15674325e+01 7.61118300e+01 9.92461170e+01 1.20993440e+02 1.65198899e+02 1.76339294e+02 2.06085857e+02 2.41073160e+02 2.99454634e+02 3.60858602e+02 8.95798997e-15 2.41825587e-05 1.42902080e-05 9.96242771e-01 9.71740152e-01 1.36458710e-15 9.83144131e-01 1.46445244e-06 9.38713375e-01 5.17935961e-01 9.76204083e-01 9.97634598e-01 9.99479551e-01 7.34359308e-07 5.81654950e-07 5.81654251e-07 6.37930599e-03 1.59490883e-02 2.48915399e-03 9.20769982e-03 2.57577039e-02 6.32801830e-03 3.22086125e-03 7.41443186e-03 6.56891805e-03 5.62637471e-03
1.10960961e-01 -2.92799520e-02 -3.73048636e-03 -3.73048159e-03 5.15535284e+01 7.60559627e+01 9.92461170e+01 1.20984203e+02 1.65198899e+02 1.76341766e+02 2.06075197e+02 2.41062366e+02 2.99449696e+02 3.60855884e+02 5.63410823e-14 1.58153473e-05 2.32598507e-05 9.96227247e-01 9.71815121e-01 9.26119732e-16 9.83210313e-01 1.46247077e-06 9.38834867e-01 5.17359807e-01 9.76259631e-01 9.97640786e-01 9.99480886e-01 7.34359308e-07 5.81654974e-07 5.81654227e-07 6.39268849e-03 1.59321191e-02 2.48915399e-03 9.19055235e-03 2.57577039e-02 6.32135719e-03 3.21486135e-03 7.40368490e-03 6.55993633e-03 5.61903022e-03
1.11111111e-01 -2.92799521e-02 -3.73048446e-03 -3.73047845e-03 5.15395807e+01 7.60002406e+01 9.92461170e+01 1.20975011e+02 1.65198899e+02 1.76344230e+02 2.06064569e+02 2.41051617e+02 2.99444777e+02 3.60853177e+02 1.46253784e-14 7.93021448e-06 2.70259160e-05 9.96211691e-01 9.71890055e-01 9.84243549e-16 9.83276105e-01 1.46049446e-06 9.38956036e-01 5.16784777e-01 9.76315015e-01 9.97646949e-01 9.99482217e-01 7.34359308e-07 5.81654819e-07 5.81654382e-07 6.40607279e-03 1.59151078e-02 2.48915399e-03 9.17346743e-03 2.57577039e-02 6.31470858e-03 3.20887360e-03 7.39296692e-03 6.55097868e-03 5.61170438e-03
1.11261261e-01 -2.92799521e-02 -3.73048573e-03 -3.73047768e-03 5.15255895e+01 7.59446638e+01 9.92461170e+01 1.20965864e+02 1.65198899e+02 1.76346686e+02 2.06053973e+02 2.41040911e+02 2.99439879e+02 3.60850480e+02 1.01133937e-15 4.92203331e-06 2.77706229e-05 9.96196102e-01 9.71964952e-01 3.96353445e-16 9.83341511e-01 1.45852348e-06 9.39076883e-01 5.16210871e-01 9.76370235e-01 9.97653090e-01 9.99483542e-01 7.34359308e-07 5.81654740e-07 5.81654460e-07 6.41945865e-03 1.58980546e-02 2.48915399e-03 9.15644474e-03 2.57577039e-02 6.30807243e-03 3.20289800e-03 7.38227780e-03 6.54204501e-03 5.60439713e-03
1.11411411e-01 -2.92799523e-02 -3.73048806e-03 -3.73048432e-03 5.15115546e+01 7.58892322e+01 9.92461170e+01 1.20956761e+02 1.65198899e+02 1.76349135e+02 2.06043410e+02 2.41030249e+02 2.99435000e+02 3.60847794e+02 7.80982413e-14 2.60435551e-05 1.09231642e-05 9.96180482e-01 9.72039811e-01 1.77974940e-15 9.83406534e-01 1.45655782e-06 9.39197409e-01 5.15638085e-01 9.76425292e-01 9.97659207e-01 9.99484863e-01 7.34359308e-07 5.81654884e-07 5.81654316e-07 6.43284585e-03 1.58809599e-02 2.48915399e-03 9.13948399e-03 2.57577039e-02 6.30144871e-03 3.19693455e-03 7.37161747e-03 6.53313523e-03 5.59710839e-03
1.11561562e-01 -2.92799521e-02 -3.73048396e-03 -3.73047534e-03 5.14974760e+01 7.58339459e+01 9.92461170e+01 1.20947703e+02 1.65198899e+02 1.76351576e+02 2.06032879e+02 2.41019630e+02 2.99430141e+02 3.60845119e+02 2.60267324e-14 7.38026027e-06 2.72995477e-05 9.96164830e-01 9.72114630e-01 4.01075395e-16 9.83471175e-01 1.45459744e-06 9.39317615e-01 5.15066418e-01 9.76480187e-01 9.97665301e-01 9.99486178e-01 7.34359308e-07 5.81654804e-07 5.81654396e-07 6.44623418e-03 1.58638239e-02 2.48915399e-03 9.12258488e-03 2.57577039e-02 6.29483740e-03 3.19098325e-03 7.36098581e-03 6.52424925e-03 5.58983810e-03
1.11711712e-01 -2.92799519e-02 -3.73048818e-03 -3.73048073e-03 5.14833537e+01 7.57788050e+01 9.92461170e+01 1.20938689e+02 1.65198899e+02 1.76354010e+02 2.06022380e+02 2.41009054e+02 2.99425301e+02 3.60842454e+02 6.81770144e-14 2.67441014e-05 9.30810124e-06 9.96149147e-01 9.72189409e-01 7.71524504e-16 9.83535439e-01 1.45264234e-06 9.39437501e-01 5.14495865e-01 9.76534919e-01 9.97671371e-01 9.99487489e-01 7.34359308e-07 5.81654847e-07 5.81654354e-07 6.45962341e-03 1.58466471e-02 2.48915399e-03 9.10574711e-03 2.57577039e-02 6.28823847e-03 3.18504409e-03 7.35038273e-03 6.51538698e-03 5.58258620e-03
1.11861862e-01 -2.92799520e-02 -3.73048531e-03 -3.73048145e-03 5.14691876e+01 7.57238095e+01 9.92461170e+01 1.20929719e+02 1.65198899e+02 1.76356435e+02 2.06011912e+02 2.40998521e+02 2.99420481e+02 3.60839799e+02 7.83373065e-14 5.91808444e-06 2.77312287e-05 9.96133434e-01 9.72264146e-01 5.25187951e-16 9.83599328e-01 1.45069249e-06 9.39557070e-01 5.13926426e-01 9.76589489e-01 9.97677419e-01 9.99488795e-01 7.34359308e-07 5.81654766e-07 5.81654434e-07 6.47301331e-03 1.58294296e-02 2.48915399e-03 9.08897037e-03 2.57577039e-02 6.28165187e-03 3.17911707e-03 7.33980814e-03 6.50654832e-03 5.57535260e-03
1.12012012e-01 -2.92799522e-02 -3.73048539e-03 -3.73048387e-03 5.14549776e+01 7.56689595e+01 9.92461170e+01 1.20920793e+02 1.65198899e+02 1.76358854e+02 2.06001477e+02 2.40988031e+02 2.99415681e+02 3.60837155e+02 2.76815234e-14 2.15694808e-05 1.84651624e-05 9.96117689e-01 9.72338840e-01 5.84832816e-16 9.83662845e-01 1.44874786e-06 9.39676322e-01 5.13358097e-01 9.76643898e-01 9.97683444e-01 9.99490096e-01 7.34359308e-07 5.81654996e-07 5.81654205e-07 6.48640365e-03 1.58121719e-02 2.48915399e-03 9.07225438e-03 2.57577039e-02 6.27507759e-03 3.17320219e-03 7.32926193e-03 6.49773319e-03 5.56813726e-03
1.12162162e-01 -2.92799522e-02 -3.73048405e-03 -3.73048184e-03 5.14407237e+01 7.56142549e+01 9.92461170e+01 1.20911909e+02 1.65198899e+02 1.76361264e+02 2.05991073e+02 2.40977582e+02 2.99410899e+02 3.60834521e+02 7.03241610e-14 2.60211843e-05 1.14571178e-05 9.96101914e-01 9.72413490e-01 5.10261896e-16 9.83725993e-01 1.44680844e-06 9.39795258e-01 5.12790876e-01 9.76698146e-01 9.97689446e-01 9.99491392e-01 7.34359308e-07 5.81654894e-07 5.81654307e-07 6.49979421e-03 1.57948741e-02 2.48915399e-03 9.05559884e-03 2.57577039e-02 6.26851559e-03 3.16729944e-03 7.31874402e-03 6.48894149e-03 5.56094009e-03
1.12312312e-01 -2.92799522e-02 -3.73048407e-03 -3.73047762e-03 5.14264259e+01 7.55596958e+01 9.92461170e+01 1.20903069e+02 1.65198899e+02 1.76363667e+02 2.05980701e+02 2.40967177e+02 2.99406137e+02 3.60831898e+02 1.21925339e-13 8.40987383e-06 2.71994000e-05 9.96086109e-01 9.72488096e-01 9.00418647e-16 9.83788774e-01 1.44487420e-06 9.39913878e-01 5.12224760e-01 9.76752234e-01 9.97695425e-01 9.99492683e-01 7.34359308e-07 5.81654828e-07 5.81654372e-07 6.51318475e-03 1.57775366e-02 2.48915399e-03 9.03900346e-03 2.57577039e-02 6.26196584e-03 3.16140882e-03 7.30825430e-03 6.48017314e-03 5.55376104e-03
1.12462462e-01 -2.92799521e-02 -3.73048598e-03 -3.73048264e-03 5.14120840e+01 7.55052822e+01 9.92461170e+01 1.20894272e+02 1.65198899e+02 1.76366063e+02 2.05970360e+02 2.40956812e+02 2.99401394e+02 3.60829285e+02 9.25819016e-14 2.17881648e-05 1.83841741e-05 9.96070275e-01 9.72562655e-01 1.19104536e-15 9.83851191e-01 1.44294513e-06 9.40032184e-01 5.11659747e-01 9.76806161e-01 9.97701382e-01 9.99493970e-01 7.34359308e-07 5.81654995e-07 5.81654206e-07 6.52657505e-03 1.57601597e-02 2.48915399e-03 9.02246794e-03 2.57577039e-02 6.25542831e-03 3.15553032e-03 7.29779268e-03 6.47142805e-03 5.54660003e-03
1.12612613e-01 -2.92799522e-02 -3.73048544e-03 -3.73048225e-03 5.13976981e+01 7.54510142e+01 9.92461170e+01 1.20885516e+02 1.65198899e+02 1.76368451e+02 2.05960050e+02 2.40946490e+02 2.99396670e+02 3.60826682e+02 1.81367158e-14 2.55630495e-05 1.27044887e-05 9.96054410e-01 9.72637167e-01 3.32879809e-16 9.83913246e-01 1.44102120e-06 9.40150177e-01 5.11095835e-01 9.76859928e-01 9.97707317e-01 9.99495251e-01 7.34359308e-07 5.81654918e-07 5.81654283e-07 6.53996487e-03 1.57427437e-02 2.48915399e-03 9.00599200e-03 2.57577039e-02 6.24890297e-03 3.14966395e-03 7.28735907e-03 6.46270612e-03 5.53945701e-03
1.12762763e-01 -2.92799521e-02 -3.73048862e-03 -3.73048243e-03 5.13832680e+01 7.53968918e+01 9.92461170e+01 1.20876804e+02 1.65198899e+02 1.76370832e+02 2.05949772e+02 2.40936209e+02 2.99391964e+02 3.60824089e+02 2.31995910e-14 2.60758417e-05 1.17089051e-05 9.96038517e-01 9.72711631e-01 1.04560212e-15 9.83974944e-01 1.43910240e-06 9.40267858e-01 5.10533020e-01 9.76913536e-01 9.97713229e-01 9.99496528e-01 7.34359308e-07 5.81654898e-07 5.81654303e-07 6.55335398e-03 1.57252888e-02 2.48915399e-03 8.98957534e-03 2.57577039e-02 6.24238979e-03 3.14380968e-03 7.27695336e-03 6.45400727e-03 5.53233191e-03
1.12912913e-01 -2.92799522e-02 -3.73048455e-03 -3.73048135e-03 5.13687937e+01 7.53429149e+01 9.92461170e+01 1.20868132e+02 1.65198899e+02 1.76373205e+02 2.05939525e+02 2.40925970e+02 2.99387278e+02 3.60821506e+02 4.62007959e-14 2.01709603e-05 2.03065921e-05 9.96022595e-01 9.72786046e-01 4.69576238e-16 9.84036285e-01 1.43718870e-06 9.40385228e-01 5.09971301e-01 9.76966985e-01 9.97719119e-01 9.99497800e-01 7.34359308e-07 5.81655001e-07 5.81654200e-07 6.56674214e-03 1.57077955e-02 2.48915399e-03 8.97321768e-03 2.57577039e-02 6.23588874e-03 3.13796753e-03 7.26657547e-03 6.44533142e-03 5.52522465e-03
1.13063063e-01 -2.92799519e-02 -3.73048551e-03 -3.73048283e-03 5.13542752e+01 7.52890837e+01 9.92461170e+01 1.20859503e+02 1.65198899e+02 1.76375571e+02 2.05929309e+02 2.40915771e+02 2.99382610e+02 3.60818933e+02 1.76683357e-14 1.79006981e-05 2.23823718e-05 9.96006644e-01 9.72860411e-01 6.71834413e-16 9.84097274e-01 1.43528008e-06 9.40502287e-01 5.09410675e-01 9.77020275e-01 9.97724987e-01 9.99499068e-01 7.34359308e-07 5.81654991e-07 5.81654209e-07 6.58012912e-03 1.56902639e-02 2.48915399e-03 8.95691874e-03 2.57577039e-02 6.22939978e-03 3.13213748e-03 7.25622530e-03 6.43667847e-03 5.51813519e-03
1.13213213e-01 -2.92799523e-02 -3.73048367e-03 -3.73047943e-03 5.13397125e+01 7.52353981e+01 9.92461170e+01 1.20850915e+02 1.65198899e+02 1.76377929e+02 2.05919124e+02 2.40905614e+02 2.99377961e+02 3.60816370e+02 5.41504399e-15 1.02264515e-05 2.68143317e-05 9.95990665e-01 9.72934724e-01 1.34962455e-15 9.84157911e-01 1.43337653e-06 9.40619037e-01 5.08851139e-01 9.77073407e-01 9.97730832e-01 9.99500331e-01 7.34359308e-07 5.81654869e-07 5.81654332e-07 6.59351468e-03 1.56726944e-02 2.48915399e-03 8.94067823e-03 2.57577039e-02 6.22292290e-03 3.12631952e-03 7.24590275e-03 6.42804833e-03 5.51106345e-03
1.13363363e-01 -2.92799522e-02 -3.73048420e-03 -3.73048106e-03 5.13251054e+01 7.51818582e+01 9.92461170e+01 1.20842368e+02 1.65198899e+02 1.76380280e+02 2.05908969e+02 2.40895497e+02 2.99373330e+02 3.60813817e+02 8.32527939e-14 2.12203104e-05 1.93771297e-05 9.95974658e-01 9.73008985e-01 6.97470578e-16 9.84218201e-01 1.43147801e-06 9.40735478e-01 5.08292691e-01 9.77126382e-01 9.97736656e-01 9.99501589e-01 7.34359308e-07 5.81654999e-07 5.81654202e-07 6.60689857e-03 1.56550872e-02 2.48915399e-03 8.92449587e-03 2.57577039e-02 6.21645806e-03 3.12051365e-03 7.23560774e-03 6.41944093e-03 5.50400937e-03
1.13513514e-01 -2.92799521e-02 -3.73048543e-03 -3.73048293e-03 5.13104539e+01 7.51284639e+01 9.92461170e+01 1.20833862e+02 1.65198899e+02 1.76382624e+02 2.05898846e+02 2.40885420e+02 2.99368717e+02 3.60811274e+02 6.91604384e-15 8.08438107e-06 2.76153299e-05 9.95958623e-01 9.73083193e-01 9.61895549e-16 9.84278145e-01 1.42958453e-06 9.40851612e-01 5.07735329e-01 9.77179199e-01 9.97742458e-01 9.99502842e-01 7.34359308e-07 5.81654818e-07 5.81654382e-07 6.62028056e-03 1.56374427e-02 2.48915399e-03 8.90837137e-03 2.57577039e-02 6.21000523e-03 3.11471987e-03 7.22534016e-03 6.41085617e-03 5.49697288e-03
1.13663664e-01 -2.92799522e-02 -3.73048424e-03 -3.73047758e-03 5.12957581e+01 7.50752152e+01 9.92461170e+01 1.20825396e+02 1.65198899e+02 1.76384961e+02 2.05888753e+02 2.40875384e+02 2.99364123e+02 3.60808741e+02 7.23448165e-14 7.54756809e-06 2.78062890e-05 9.95942561e-01 9.73157347e-01 7.99141129e-16 9.84337747e-01 1.42769604e-06 9.40967439e-01 5.07179049e-01 9.77231859e-01 9.97748239e-01 9.99504091e-01 7.34359308e-07 5.81654805e-07 5.81654395e-07 6.63366041e-03 1.56197612e-02 2.48915399e-03 8.89230445e-03 2.57577039e-02 6.20356438e-03 3.10893816e-03 7.21509992e-03 6.40229397e-03 5.48995392e-03
1.13813814e-01 -2.92799523e-02 -3.73048809e-03 -3.73048284e-03 5.12810177e+01 7.50221122e+01 9.92461170e+01 1.20816971e+02 1.65198899e+02 1.76387290e+02 2.05878690e+02 2.40865388e+02 2.99359547e+02 3.60806218e+02 1.67837071e-14 2.78798391e-05 7.42056514e-06 9.95926473e-01 9.73231445e-01 4.19028613e-16 9.84397008e-01 1.42581254e-06 9.41082961e-01 5.06623850e-01 9.77284363e-01 9.97753997e-01 9.99505336e-01 7.34359308e-07 5.81654797e-07 5.81654403e-07 6.64703787e-03 1.56020428e-02 2.48915399e-03 8.87629485e-03 2.57577039e-02 6.19713549e-03 3.10316852e-03 7.20488693e-03 6.39375424e-03 5.48295244e-03
1.13963964e-01 -2.92799522e-02 -3.73048348e-03 -3.73047606e-03 5.12662329e+01 7.49691549e+01 9.92461170e+01 1.20808586e+02 1.65198899e+02 1.76389612e+02 2.05868658e+02 2.40855431e+02 2.99354989e+02 3.60803704e+02 1.18256233e-13 7.26327314e-06 2.79605562e-05 9.95910357e-01 9.73305487e-01 1.96728569e-15 9.84455931e-01 1.42393399e-06 9.41198178e-01 5.06069729e-01 9.77336710e-01 9.97759735e-01 9.99506575e-01 7.34359308e-07 5.81654797e-07 5.81654403e-07 6.66041271e-03 1.55842880e-02 2.48915399e-03 8.86034228e-03 2.57577039e-02 6.19071851e-03 3.09741095e-03 7.19470110e-03 6.38523690e-03 5.47596836e-03
1.14114114e-01 -2.92799524e-02 -3.73048707e-03 -3.73048317e-03 5.12514035e+01 7.49163432e+01 9.92461170e+01 1.20800241e+02 1.65198899e+02 1.76391927e+02 2.05858656e+02 2.40845514e+02 2.99350449e+02 3.60801200e+02 8.14650424e-14 2.74768933e-05 9.04260429e-06 9.95894215e-01 9.73379471e-01 1.53314087e-15 9.84514519e-01 1.42206040e-06 9.41313091e-01 5.05516683e-01 9.77388902e-01 9.97765451e-01 9.99507811e-01 7.34359308e-07 5.81654836e-07 5.81654364e-07 6.67378466e-03 1.55664970e-02 2.48915399e-03 8.84444646e-03 2.57577039e-02 6.18431342e-03 3.09166543e-03 7.18454234e-03 6.37674187e-03 5.46900162e-03
1.14264264e-01 -2.92799522e-02 -3.73048788e-03 -3.73048429e-03 5.12365295e+01 7.48636771e+01 9.92461170e+01 1.20791935e+02 1.65198899e+02 1.76394235e+02 2.05848684e+02 2.40835637e+02 2.99345927e+02 3.60798705e+02 1.34700683e-13 2.33856008e-05 1.70899225e-05 9.95878048e-01 9.73453397e-01 4.31358553e-16 9.84572774e-01 1.42019172e-06 9.41427702e-01 5.04964710e-01 9.77440939e-01 9.97771145e-01 9.99509041e-01 7.34359308e-07 5.81654981e-07 5.81654219e-07 6.68715349e-03 1.55486700e-02 2.48915399e-03 8.82860712e-03 2.57577039e-02 6.17792020e-03 3.08593195e-03 7.17441055e-03 6.36826905e-03 5.46205216e-03
1.14414414e-01 -2.92799521e-02 -3.73048749e-03 -3.73048349e-03 5.12216109e+01 7.48111567e+01 9.92461170e+01 1.20783669e+02 1.65198899e+02 1.76396536e+02 2.05838743e+02 2.40825799e+02 2.99341423e+02 3.60796220e+02 9.45604460e-15 2.44147473e-05 1.56549739e-05 9.95861854e-01 9.73527264e-01 1.00669570e-15 9.84630699e-01 1.41832796e-06 9.41542011e-01 5.04413808e-01 9.77492821e-01 9.97776819e-01 9.99510267e-01 7.34359308e-07 5.81654963e-07 5.81654237e-07 6.70051896e-03 1.55308075e-02 2.48915399e-03 8.81282399e-03 2.57577039e-02 6.17153881e-03 3.08021051e-03 7.16430563e-03 6.35981837e-03 5.45511992e-03
1.14564565e-01 -2.92799522e-02 -3.73048531e-03 -3.73048107e-03 5.12066476e+01 7.47587819e+01 9.92461170e+01 1.20775442e+02 1.65198899e+02 1.76398829e+02 2.05828831e+02 2.40815999e+02 2.99336936e+02 3.60793745e+02 3.13264032e-14 1.96460040e-05 2.13869547e-05 9.95845636e-01 9.73601071e-01 4.46352597e-16 9.84688296e-01 1.41646907e-06 9.41656019e-01 5.03863974e-01 9.77544549e-01 9.97782471e-01 9.99511489e-01 7.34359308e-07 5.81654999e-07 5.81654201e-07 6.71388080e-03 1.55129096e-02 2.48915399e-03 8.79709680e-03 2.57577039e-02 6.16516923e-03 3.07450110e-03 7.15422751e-03 6.35138973e-03 5.44820484e-03
1.14714715e-01 -2.92799521e-02 -3.73048800e-03 -3.73048208e-03 5.11916396e+01 7.47065528e+01 9.92461170e+01 1.20767253e+02 1.65198899e+02 1.76401116e+02 2.05818949e+02 2.40806239e+02 2.99332467e+02 3.60791279e+02 2.23656182e-14 2.30582637e-05 1.77171073e-05 9.95829393e-01 9.73674817e-01 1.81562289e-15 9.84745567e-01 1.41461506e-06 9.41769726e-01 5.03315206e-01 9.77596122e-01 9.97788102e-01 9.99512706e-01 7.34359308e-07 5.81654986e-07 5.81654214e-07 6.72723877e-03 1.54949766e-02 2.48915399e-03 8.78142527e-03 2.57577039e-02 6.15881142e-03 3.06880371e-03 7.14417608e-03 6.34298307e-03 5.44130685e-03
1.14864865e-01 -2.92799521e-02 -3.73048411e-03 -3.73048154e-03 5.11765869e+01 7.46544692e+01 9.92461170e+01 1.20759103e+02 1.65198899e+02 1.76403395e+02 2.05809097e+02 2.40796517e+02 2.99328016e+02 3.60788823e+02 3.34062153e-15 1.96519711e-05 2.14847494e-05 9.95813125e-01 9.73748501e-01 7.15860172e-16 9.84802515e-01 1.41276588e-06 9.41883135e-01 5.02767500e-01 9.77647542e-01 9.97793713e-01 9.99513919e-01 7.34359308e-07 5.81654999e-07 5.81654201e-07 6.74059263e-03 1.54770088e-02 2.48915399e-03 8.76580915e-03 2.57577039e-02 6.15246536e-03 3.06311833e-03 7.13415125e-03 6.33459830e-03 5.43442589e-03
1.15015015e-01 -2.92799520e-02 -3.73048730e-03 -3.73048248e-03 5.11614894e+01 7.46025313e+01 9.92461170e+01 1.20750992e+02 1.65198899e+02 1.76405667e+02 2.05799274e+02 2.40786833e+02 2.99323582e+02 3.60786376e+02 1.59546981e-14 2.45794281e-05 1.56800523e-05 9.95796833e-01 9.73822122e-01 4.45021838e-16 9.84859142e-01 1.41092154e-06 9.41996246e-01 5.02220856e-01 9.77698809e-01 9.97799303e-01 9.99515127e-01 7.34359308e-07 5.81654962e-07 5.81654238e-07 6.75394211e-03 1.54590066e-02 2.48915399e-03 8.75024816e-03 2.57577039e-02 6.14613102e-03 3.05744495e-03 7.12415294e-03 6.32623532e-03 5.42756191e-03
1.15165165e-01 -2.92799521e-02 -3.73048276e-03 -3.73048036e-03 5.11463470e+01 7.45507389e+01 9.92461170e+01 1.20742919e+02 1.65198899e+02 1.76407933e+02 2.05789481e+02 2.40777188e+02 2.99319165e+02 3.60783938e+02 3.03010639e-14 1.86423707e-05 2.24654211e-05 9.95780517e-01 9.73895679e-01 4.10459957e-16 9.84915450e-01 1.40908201e-06 9.42109059e-01 5.01675269e-01 9.77749923e-01 9.97804872e-01 9.99516331e-01 7.34359308e-07 5.81654994e-07 5.81654206e-07 6.76728696e-03 1.54409701e-02 2.48915399e-03 8.73474203e-03 2.57577039e-02 6.13980836e-03 3.05178357e-03 7.11418105e-03 6.31789407e-03 5.42071484e-03
1.15315315e-01 -2.92799521e-02 -3.73048566e-03 -3.73048105e-03 5.11311598e+01 7.44990920e+01 9.92461170e+01 1.20734883e+02 1.65198899e+02 1.76410191e+02 2.05779718e+02 2.40767581e+02 2.99314766e+02 3.60781510e+02 1.77811478e-13 1.33744721e-05 2.59919281e-05 9.95764177e-01 9.73969171e-01 3.71666172e-16 9.84971442e-01 1.40724727e-06 9.42221576e-01 5.01130738e-01 9.77800885e-01 9.97810420e-01 9.99517531e-01 7.34359308e-07 5.81654928e-07 5.81654273e-07 6.78062694e-03 1.54228997e-02 2.48915399e-03 8.71929050e-03 2.57577039e-02 6.13349737e-03 3.04613416e-03 7.10423550e-03 6.30957446e-03 5.41388462e-03
1.15465465e-01 -2.92799519e-02 -3.73048468e-03 -3.73048269e-03 5.11159277e+01 7.44475907e+01 9.92461170e+01 1.20726885e+02 1.65198899e+02 1.76412443e+02 2.05769984e+02 2.40758011e+02 2.99310384e+02 3.60779091e+02 1.23471861e-13 1.89426974e-05 2.23127237e-05 9.95747815e-01 9.74042598e-01 1.22582020e-15 9.85027120e-01 1.40541729e-06 9.42333797e-01 5.00587261e-01 9.77851695e-01 9.97815948e-01 9.99518726e-01 7.34359308e-07 5.81654996e-07 5.81654205e-07 6.79396178e-03 1.54047957e-02 2.48915399e-03 8.70389332e-03 2.57577039e-02 6.12719800e-03 3.04049673e-03 7.09431619e-03 6.30127641e-03 5.40707119e-03
1.15615616e-01 -2.92799520e-02 -3.73048454e-03 -3.73048015e-03 5.11006507e+01 7.43962348e+01 9.92461170e+01 1.20718925e+02 1.65198899e+02 1.76414687e+02 2.05760279e+02 2.40748480e+02 2.99306019e+02 3.60776681e+02 5.08528673e-14 9.52213116e-06 2.77171777e-05 9.95731430e-01 9.74115957e-01 7.68179099e-16 9.85082487e-01 1.40359208e-06 9.42445724e-01 5.00044834e-01 9.77902354e-01 9.97821456e-01 9.99519917e-01 7.34359308e-07 5.81654848e-07 5.81654352e-07 6.80729122e-03 1.53866583e-02 2.48915399e-03 8.68855021e-03 2.57577039e-02 6.12091024e-03 3.03487127e-03 7.08442303e-03 6.29299983e-03 5.40027450e-03
1.15765766e-01 -2.92799521e-02 -3.73048733e-03 -3.73048255e-03 5.10853287e+01 7.43450244e+01 9.92461170e+01 1.20711002e+02 1.65198899e+02 1.76416925e+02 2.05750603e+02 2.40738985e+02 2.99301671e+02 3.60774280e+02 3.96195613e-14 2.71381707e-05 1.11653482e-05 9.95715023e-01 9.74189250e-01 2.90523252e-16 9.85137544e-01 1.40177160e-06 9.42557358e-01 4.99503456e-01 9.77952861e-01 9.97826943e-01 9.99521103e-01 7.34359308e-07 5.81654880e-07 5.81654320e-07 6.82061502e-03 1.53684878e-02 2.48915399e-03 8.67326092e-03 2.57577039e-02 6.11463405e-03 3.02925775e-03 7.07455593e-03 6.28474465e-03 5.39349448e-03
1.15915916e-01 -2.92799522e-02 -3.73049117e-03 -3.73048376e-03 5.10699618e+01 7.42939594e+01 9.92461170e+01 1.20703115e+02 1.65198899e+02 1.76419156e+02 2.05740956e+02 2.40729528e+02 2.99297339e+02 3.60771888e+02 3.25140368e-14 2.85024241e-05 7.14089779e-06 9.95698593e-01 9.74262474e-01 8.45524432e-16 9.85192294e-01 1.39995583e-06 9.42668698e-01 4.98963123e-01 9.78003219e-01 9.97832410e-01 9.99522285e-01 7.34359308e-07 5.81654787e-07 5.81654414e-07 6.83393290e-03 1.53502844e-02 2.48915399e-03 8.65802518e-03 2.57577039e-02 6.10836941e-03 3.02365617e-03 7.06471481e-03 6.27651080e-03 5.38673106e-03
1.16066066e-01 -2.92799521e-02 -3.73048581e-03 -3.73048300e-03 5.10545498e+01 7.42430399e+01 9.92461170e+01 1.20695266e+02 1.65198899e+02 1.76421380e+02 2.05731339e+02 2.40720108e+02 2.99293025e+02 3.60769505e+02 1.30940844e-14 2.59292432e-05 1.39029900e-05 9.95682143e-01 9.74335629e-01 3.40708370e-16 9.85246739e-01 1.39814476e-06 9.42779747e-01 4.98423835e-01 9.78053425e-01 9.97837857e-01 9.99523463e-01 7.34359308e-07 5.81654932e-07 5.81654268e-07 6.84724462e-03 1.53320485e-02 2.48915399e-03 8.64284275e-03 2.57577039e-02 6.10211628e-03 3.01806653e-03 7.05489957e-03 6.26829817e-03 5.37998421e-03
1.16216216e-01 -2.92799521e-02 -3.73048501e-03 -3.73048308e-03 5.10390928e+01 7.41922656e+01 9.92461170e+01 1.20687453e+02 1.65198899e+02 1.76423597e+02 2.05721750e+02 2.40710725e+02 2.99288727e+02 3.60767132e+02 3.49679980e-14 1.28759711e-05 2.64965892e-05 9.95665671e-01 9.74408714e-01 1.47543869e-15 9.85300882e-01 1.39633838e-06 9.42890505e-01 4.97885587e-01 9.78103483e-01 9.97843284e-01 9.99524637e-01 7.34359308e-07 5.81654917e-07 5.81654284e-07 6.86054991e-03 1.53137804e-02 2.48915399e-03 8.62771337e-03 2.57577039e-02 6.09587465e-03 3.01248880e-03 7.04511012e-03 6.26010671e-03 5.37325384e-03
1.16366366e-01 -2.92799521e-02 -3.73048406e-03 -3.73048014e-03 5.10235907e+01 7.41416367e+01 9.92461170e+01 1.20679676e+02 1.65198899e+02 1.76425807e+02 2.05712190e+02 2.40701378e+02 2.99284446e+02 3.60764767e+02 2.06576178e-14 2.35325590e-05 1.77854580e-05 9.95649178e-01 9.74481727e-01 4.29422435e-16 9.85354723e-01 1.39453665e-06 9.43000973e-01 4.97348378e-01 9.78153390e-01 9.97848691e-01 9.99525806e-01 7.34359308e-07 5.81654985e-07 5.81654216e-07 6.87384850e-03 1.52954803e-02 2.48915399e-03 8.61263677e-03 2.57577039e-02 6.08964447e-03 3.00692299e-03 7.03534639e-03 6.25193633e-03 5.36653992e-03
1.16516517e-01 -2.92799520e-02 -3.73048329e-03 -3.73048114e-03 5.10080436e+01 7.40911530e+01 9.92461170e+01 1.20671935e+02 1.65198899e+02 1.76428011e+02 2.05702658e+02 2.40692068e+02 2.99280182e+02 3.60762411e+02 1.16659996e-13 1.99325547e-05 2.17955039e-05 9.95632665e-01 9.74554669e-01 4.15912627e-16 9.85408267e-01 1.39273957e-06 9.43111152e-01 4.96812205e-01 9.78203150e-01 9.97854078e-01 9.99526971e-01 7.34359308e-07 5.81654999e-07 5.81654201e-07 6.88714015e-03 1.52771484e-02 2.48915399e-03 8.59761271e-03 2.57577039e-02 6.08342573e-03 3.00136906e-03 7.02560827e-03 6.24378695e-03 5.35984237e-03
1.16666667e-01 -2.92799522e-02 -3.73048558e-03 -3.73048237e-03 5.09924513e+01 7.40408146e+01 9.92461170e+01 1.20664230e+02 1.65198899e+02 1.76430208e+02 2.05693155e+02 2.40682795e+02 2.99275934e+02 3.60760064e+02 3.36580973e-14 9.40649235e-06 2.80378031e-05 9.95616132e-01 9.74627539e-01 4.60019482e-16 9.85461514e-01 1.39094711e-06 9.43221042e-01 4.96277065e-01 9.78252760e-01 9.97859445e-01 9.99528132e-01 7.34359308e-07 5.81654844e-07 5.81654357e-07 6.90042457e-03 1.52587851e-02 2.48915399e-03 8.58264094e-03 2.57577039e-02 6.07721840e-03 2.99582703e-03 7.01589569e-03 6.23565849e-03 5.35316114e-03
1.16816817e-01 -2.92799521e-02 -3.73048867e-03 -3.73048476e-03 5.09768139e+01 7.39906213e+01 9.92461170e+01 1.20656561e+02 1.65198899e+02 1.76432398e+02 2.05683680e+02 2.40673557e+02 2.99271702e+02 3.60757726e+02 2.26323400e-14 2.36346361e-05 1.78397633e-05 9.95599579e-01 9.74700334e-01 7.28932965e-16 9.85514467e-01 1.38915926e-06 9.43330646e-01 4.95742957e-01 9.78302223e-01 9.97864793e-01 9.99529289e-01 7.34359308e-07 5.81654985e-07 5.81654216e-07 6.91370152e-03 1.52403907e-02 2.48915399e-03 8.56772120e-03 2.57577039e-02 6.07102244e-03 2.99029686e-03 7.00620855e-03 6.22755088e-03 5.34649617e-03
1.16966967e-01 -2.92799520e-02 -3.73048864e-03 -3.73048100e-03 5.09611313e+01 7.39405732e+01 9.92461170e+01 1.20648927e+02 1.65198899e+02 1.76434581e+02 2.05674234e+02 2.40664355e+02 2.99267487e+02 3.60755397e+02 4.46472264e-14 2.92470762e-05 4.87003919e-06 9.95583007e-01 9.74773056e-01 4.48972362e-16 9.85567128e-01 1.38737599e-06 9.43439962e-01 4.95209878e-01 9.78351538e-01 9.97870121e-01 9.99530442e-01 7.34359308e-07 5.81654727e-07 5.81654473e-07 6.92697072e-03 1.52219653e-02 2.48915399e-03 8.55285325e-03 2.57577039e-02 6.06483782e-03 2.98477856e-03 6.99654676e-03 6.21946403e-03 5.33984741e-03
1.17117117e-01 -2.92799522e-02 -3.73048443e-03 -3.73048155e-03 5.09454035e+01 7.38906701e+01 9.92461170e+01 1.20641328e+02 1.65198899e+02 1.76436758e+02 2.05664816e+02 2.40655189e+02 2.99263288e+02 3.60753077e+02 1.48713053e-14 1.17133932e-05 2.72793628e-05 9.95566417e-01 9.74845702e-01 2.60481392e-16 9.85619499e-01 1.38559731e-06 9.43548993e-01 4.94677826e-01 9.78400705e-01 9.97875430e-01 9.99531590e-01 7.34359308e-07 5.81654892e-07 5.81654308e-07 6.94023190e-03 1.52035094e-02 2.48915399e-03 8.53803684e-03 2.57577039e-02 6.05866453e-03 2.97927210e-03 6.98691024e-03 6.21139788e-03 5.33321480e-03
1.17267267e-01 -2.92799521e-02 -3.73048460e-03 -3.73047966e-03 5.09296305e+01 7.38409121e+01 9.92461170e+01 1.20633765e+02 1.65198899e+02 1.76438928e+02 2.05655426e+02 2.40646059e+02 2.99259105e+02 3.60750765e+02 1.28315580e-15 1.55266875e-05 2.53485809e-05 9.95549808e-01 9.74918272e-01 4.79649767e-16 9.85671582e-01 1.38382318e-06 9.43657740e-01 4.94146798e-01 9.78449727e-01 9.97880720e-01 9.99532735e-01 7.34359308e-07 5.81654958e-07 5.81654242e-07 6.95348481e-03 1.51850231e-02 2.48915399e-03 8.52327171e-03 2.57577039e-02 6.05250254e-03 2.97377748e-03 6.97729891e-03 6.20335234e-03 5.32659827e-03
1.17417417e-01 -2.92799521e-02 -3.73048298e-03 -3.73047958e-03 5.09138123e+01 7.37912990e+01 9.92461170e+01 1.20626236e+02 1.65198899e+02 1.76441092e+02 2.05646064e+02 2.40636964e+02 2.99254938e+02 3.60748462e+02 2.70135424e-14 1.25997884e-05 2.69654997e-05 9.95533181e-01 9.74990766e-01 4.13491449e-16 9.85723380e-01 1.38205358e-06 9.43766202e-01 4.93616791e-01 9.78498601e-01 9.97885990e-01 9.99533875e-01 7.34359308e-07 5.81654909e-07 5.81654291e-07 6.96672917e-03 1.51665067e-02 2.48915399e-03 8.50855763e-03 2.57577039e-02 6.04635181e-03 2.96829468e-03 6.96771267e-03 6.19532734e-03 5.31999778e-03
1.17567568e-01 -2.92799520e-02 -3.73048736e-03 -3.73048239e-03 5.08979488e+01 7.37418308e+01 9.92461170e+01 1.20618741e+02 1.65198899e+02 1.76443249e+02 2.05636730e+02 2.40627904e+02 2.99250787e+02 3.60746167e+02 2.72863080e-14 2.39933685e-05 1.76770548e-05 9.95516537e-01 9.75063181e-01 2.39991285e-16 9.85774894e-01 1.38028851e-06 9.43874382e-01 4.93087803e-01 9.78547330e-01 9.97891241e-01 9.99535011e-01 7.34359308e-07 5.81654982e-07 5.81654218e-07 6.97996472e-03 1.51479605e-02 2.48915399e-03 8.49389436e-03 2.57577039e-02 6.04021232e-03 2.96282369e-03 6.95815145e-03 6.18732280e-03 5.31341327e-03
1.17717718e-01 -2.92799523e-02 -3.73048283e-03 -3.73047908e-03 5.08820401e+01 7.36925074e+01 9.92461170e+01 1.20611281e+02 1.65198899e+02 1.76445400e+02 2.05627424e+02 2.40618880e+02 2.99246652e+02 3.60743881e+02 1.13768765e-13 1.58760717e-05 2.52661909e-05 9.95499876e-01 9.75135519e-01 1.12649017e-15 9.85826126e-01 1.37852793e-06 9.43982279e-01 4.92559833e-01 9.78595914e-01 9.97896473e-01 9.99536144e-01 7.34359308e-07 5.81654962e-07 5.81654238e-07 6.99319118e-03 1.51293849e-02 2.48915399e-03 8.47928164e-03 2.57577039e-02 6.03408403e-03 2.95736450e-03 6.94861514e-03 6.17933864e-03 5.30684468e-03
1.17867868e-01 -2.92799522e-02 -3.73048399e-03 -3.73047946e-03 5.08660861e+01 7.36433288e+01 9.92461170e+01 1.20603855e+02 1.65198899e+02 1.76447543e+02 2.05618146e+02 2.40609890e+02 2.99242533e+02 3.60741604e+02 1.03487391e-13 8.67778028e-06 2.85901930e-05 9.95483198e-01 9.75207777e-01 4.56852833e-16 9.85877078e-01 1.37677185e-06 9.44089895e-01 4.92032876e-01 9.78644352e-01 9.97901686e-01 9.99537272e-01 7.34359308e-07 5.81654825e-07 5.81654375e-07 7.00640828e-03 1.51107799e-02 2.48915399e-03 8.46471924e-03 2.57577039e-02 6.02796694e-03 2.95191709e-03 6.93910368e-03 6.17137480e-03 5.30029195e-03
1.18018018e-01 -2.92799523e-02 -3.73048559e-03 -3.73048170e-03 5.08500869e+01 7.35942949e+01 9.92461170e+01 1.20596463e+02 1.65198899e+02 1.76449681e+02 2.05608895e+02 2.40600935e+02 2.99238429e+02 3.60739335e+02 5.92917854e-14 2.81947154e-05 1.00018441e-05 9.95466504e-01 9.75279955e-01 7.56968543e-16 9.85927752e-01 1.37502023e-06 9.44197231e-01 4.91506932e-01 9.78692646e-01 9.97906880e-01 9.99538396e-01 7.34359308e-07 5.81654850e-07 5.81654350e-07 7.01961576e-03 1.50921460e-02 2.48915399e-03 8.45020692e-03 2.57577039e-02 6.02186099e-03 2.94648145e-03 6.92961697e-03 6.16343119e-03 5.29375503e-03
1.18168168e-01 -2.92799521e-02 -3.73048571e-03 -3.73048080e-03 5.08340423e+01 7.35454056e+01 9.92461170e+01 1.20589104e+02 1.65198899e+02 1.76451812e+02 2.05599672e+02 2.40592014e+02 2.99234342e+02 3.60737074e+02 8.51995591e-14 1.65645296e-05 2.49574432e-05 9.95449795e-01 9.75352052e-01 1.81496725e-16 9.85978151e-01 1.37327307e-06 9.44304287e-01 4.90981998e-01 9.78740795e-01 9.97912055e-01 9.99539516e-01 7.34359308e-07 5.81654970e-07 5.81654230e-07 7.03281334e-03 1.50734834e-02 2.48915399e-03 8.43574443e-03 2.57577039e-02 6.01576618e-03 2.94105757e-03 6.92015492e-03 6.15550774e-03 5.28723387e-03
1.18318318e-01 -2.92799522e-02 -3.73048740e-03 -3.73048402e-03 5.08179524e+01 7.34966609e+01 9.92461170e+01 1.20581779e+02 1.65198899e+02 1.76453936e+02 2.05590477e+02 2.40583128e+02 2.99230269e+02 3.60734822e+02 7.66587516e-14 2.52901516e-05 1.61228870e-05 9.95433070e-01 9.75424067e-01 5.88802442e-16 9.86028276e-01 1.37153033e-06 9.44411065e-01 4.90458071e-01 9.78788801e-01 9.97917211e-01 9.99540632e-01 7.34359308e-07 5.81654962e-07 5.81654238e-07 7.04600076e-03 1.50547924e-02 2.48915399e-03 8.42133155e-03 2.57577039e-02 6.00968247e-03 2.93564543e-03 6.91071746e-03 6.14760438e-03 5.28072840e-03
1.18468468e-01 -2.92799522e-02 -3.73048515e-03 -3.73048259e-03 5.08018172e+01 7.34480607e+01 9.92461170e+01 1.20574487e+02 1.65198899e+02 1.76456055e+02 2.05581308e+02 2.40574276e+02 2.99226213e+02 3.60732578e+02 5.44439566e-14 2.08152783e-05 2.16459693e-05 9.95416330e-01 9.75496001e-01 4.34266751e-16 9.86078129e-01 1.36979202e-06 9.44517564e-01 4.89935148e-01 9.78836664e-01 9.97922349e-01 9.99541744e-01 7.34359308e-07 5.81655000e-07 5.81654200e-07 7.05917773e-03 1.50360731e-02 2.48915399e-03 8.40696803e-03 2.57577039e-02 6.00360983e-03 2.93024502e-03 6.90130450e-03 6.13972104e-03 5.27423858e-03
1.18618619e-01 -2.92799522e-02 -3.73048912e-03 -3.73048492e-03 5.07856366e+01 7.33996049e+01 9.92461170e+01 1.20567229e+02 1.65198899e+02 1.76458166e+02 2.05572167e+02 2.40565458e+02 2.99222171e+02 3.60730343e+02 1.33289370e-13 2.64760364e-05 1.42523941e-05 9.95399575e-01 9.75567851e-01 4.28455856e-16 9.86127712e-01 1.36805810e-06 9.44623787e-01 4.89413228e-01 9.78884384e-01 9.97927468e-01 9.99542852e-01 7.34359308e-07 5.81654933e-07 5.81654267e-07 7.07234398e-03 1.50173260e-02 2.48915399e-03 8.39265364e-03 2.57577039e-02 5.99754825e-03 2.92485632e-03 6.89191596e-03 6.13185763e-03 5.26776435e-03
1.18768769e-01 -2.92799520e-02 -3.73048758e-03 -3.73048611e-03 5.07694107e+01 7.33512934e+01 9.92461170e+01 1.20560003e+02 1.65198899e+02 1.76460272e+02 2.05563053e+02 2.40556674e+02 2.99218145e+02 3.60728116e+02 3.76390415e-14 2.74002086e-05 1.24751812e-05 9.95382807e-01 9.75639617e-01 9.77571948e-16 9.86177027e-01 1.36632858e-06 9.44729734e-01 4.88892309e-01 9.78931961e-01 9.97932569e-01 9.99543956e-01 7.34359308e-07 5.81654900e-07 5.81654300e-07 7.08549924e-03 1.49985513e-02 2.48915399e-03 8.37838815e-03 2.57577039e-02 5.99149768e-03 2.91947932e-03 6.88255174e-03 6.12401409e-03 5.26130565e-03
1.18918919e-01 -2.92799521e-02 -3.73048718e-03 -3.73048245e-03 5.07531395e+01 7.33031261e+01 9.92461170e+01 1.20552810e+02 1.65198899e+02 1.76462371e+02 2.05553967e+02 2.40547923e+02 2.99214135e+02 3.60725897e+02 9.58280885e-15 1.82816406e-05 2.39682379e-05 9.95366025e-01 9.75711298e-01 5.89082929e-16 9.86226076e-01 1.36460341e-06 9.44835405e-01 4.88372387e-01 9.78979396e-01 9.97937651e-01 9.99545057e-01 7.34359308e-07 5.81654987e-07 5.81654213e-07 7.09864324e-03 1.49797492e-02 2.48915399e-03 8.36417132e-03 2.57577039e-02 5.98545810e-03 2.91411401e-03 6.87321177e-03 6.11619034e-03 5.25486243e-03
1.19069069e-01 -2.92799523e-02 -3.73048451e-03 -3.73048127e-03 5.07368229e+01 7.32551031e+01 9.92461170e+01 1.20545649e+02 1.65198899e+02 1.76464463e+02 2.05544907e+02 2.40539206e+02 2.99210139e+02 3.60723686e+02 9.58916067e-14 9.14156048e-06 2.87649581e-05 9.95349230e-01 9.75782894e-01 4.76927967e-16 9.86274861e-01 1.36288260e-06 9.44940802e-01 4.87853460e-01 9.79026690e-01 9.97942715e-01 9.99546153e-01 7.34359308e-07 5.81654833e-07 5.81654367e-07 7.11177570e-03 1.49609201e-02 2.48915399e-03 8.35000292e-03 2.57577039e-02 5.97942950e-03 2.90876036e-03 6.86389597e-03 6.10838631e-03 5.24843464e-03
1.19219219e-01 -2.92799523e-02 -3.73048365e-03 -3.73047912e-03 5.07204610e+01 7.32072241e+01 9.92461170e+01 1.20538521e+02 1.65198899e+02 1.76466550e+02 2.05535874e+02 2.40530522e+02 2.99206159e+02 3.60721484e+02 8.46467162e-14 1.05334460e-05 2.83255448e-05 9.95332423e-01 9.75854404e-01 8.10224103e-16 9.86323383e-01 1.36116612e-06 9.45045926e-01 4.87335527e-01 9.79073842e-01 9.97947761e-01 9.99547245e-01 7.34359308e-07 5.81654864e-07 5.81654336e-07 7.12489634e-03 1.49420641e-02 2.48915399e-03 8.33588273e-03 2.57577039e-02 5.97341183e-03 2.90341838e-03 6.85460425e-03 6.10060193e-03 5.24202223e-03
1.19369369e-01 -2.92799522e-02 -3.73048760e-03 -3.73048414e-03 5.07040537e+01 7.31594891e+01 9.92461170e+01 1.20531425e+02 1.65198899e+02 1.76468630e+02 2.05526868e+02 2.40521872e+02 2.99202193e+02 3.60719290e+02 2.10127119e-14 2.81736641e-05 1.10379595e-05 9.95315603e-01 9.75925826e-01 5.75353042e-16 9.86371645e-01 1.35945397e-06 9.45150776e-01 4.86818584e-01 9.79120854e-01 9.97952789e-01 9.99548334e-01 7.34359308e-07 5.81654870e-07 5.81654330e-07 7.13800489e-03 1.49231816e-02 2.48915399e-03 8.32181050e-03 2.57577039e-02 5.96740508e-03 2.89808803e-03 6.84533652e-03 6.09283713e-03 5.23562513e-03
1.19519520e-01 -2.92799522e-02 -3.73048458e-03 -3.73048201e-03 5.06876010e+01 7.31118980e+01 9.92461170e+01 1.20524361e+02 1.65198899e+02 1.76470704e+02 2.05517888e+02 2.40513254e+02 2.99198243e+02 3.60717103e+02 1.08217050e-13 1.89086387e-05 2.36719266e-05 9.95298772e-01 9.75997161e-01 3.75646000e-16 9.86419647e-01 1.35774611e-06 9.45255355e-01 4.86302629e-01 9.79167725e-01 9.97957798e-01 9.99549419e-01 7.34359308e-07 5.81654991e-07 5.81654209e-07 7.15110108e-03 1.49042728e-02 2.48915399e-03 8.30778603e-03 2.57577039e-02 5.96140921e-03 2.89276931e-03 6.83609272e-03 6.08509183e-03 5.22924329e-03
1.19669670e-01 -2.92799524e-02 -3.73048364e-03 -3.73047908e-03 5.06711030e+01 7.30644507e+01 9.92461170e+01 1.20517328e+02 1.65198899e+02 1.76472771e+02 2.05508936e+02 2.40504670e+02 2.99194307e+02 3.60714925e+02 7.82418331e-14 2.05391327e-05 2.23237200e-05 9.95281929e-01 9.76068408e-01 1.44321091e-15 9.86467393e-01 1.35604254e-06 9.45359663e-01 4.85787661e-01 9.79214456e-01 9.97962790e-01 9.99550500e-01 7.34359308e-07 5.81654999e-07 5.81654201e-07 7.16418461e-03 1.48853380e-02 2.48915399e-03 8.29380908e-03 2.57577039e-02 5.95542421e-03 2.88746220e-03 6.82687274e-03 6.07736596e-03 5.22287667e-03
1.19819820e-01 -2.92799521e-02 -3.73048520e-03 -3.73048156e-03 5.06545596e+01 7.30171471e+01 9.92461170e+01 1.20510327e+02 1.65198899e+02 1.76474832e+02 2.05500009e+02 2.40496118e+02 2.99190387e+02 3.60712755e+02 1.92857951e-14 1.46936284e-05 2.65821811e-05 9.95265076e-01 9.76139565e-01 3.50378593e-16 9.86514884e-01 1.35434323e-06 9.45463700e-01 4.85273675e-01 9.79261048e-01 9.97967764e-01 9.99551577e-01 7.34359308e-07 5.81654941e-07 5.81654260e-07 7.17725522e-03 1.48663775e-02 2.48915399e-03 8.27987942e-03 2.57577039e-02 5.94945004e-03 2.88216669e-03 6.81767652e-03 6.06965946e-03 5.21652521e-03
1.19969970e-01 -2.92799521e-02 -3.73048628e-03 -3.73048265e-03 5.06379709e+01 7.29699871e+01 9.92461170e+01 1.20503358e+02 1.65198899e+02 1.76476888e+02 2.05491109e+02 2.40487598e+02 2.99186481e+02 3.60710592e+02 4.77347983e-14 2.91093454e-05 8.80196518e-06 9.95248213e-01 9.76210633e-01 5.98014915e-16 9.86562121e-01 1.35264819e-06 9.45567468e-01 4.84760672e-01 9.79307501e-01 9.97972719e-01 9.99552650e-01 7.34359308e-07 5.81654820e-07 5.81654380e-07 7.19031262e-03 1.48473916e-02 2.48915399e-03 8.26599683e-03 2.57577039e-02 5.94348667e-03 2.87688275e-03 6.80850397e-03 6.06197225e-03 5.21018886e-03
1.20120120e-01 -2.92799521e-02 -3.73048616e-03 -3.73048086e-03 5.06213368e+01 7.29229706e+01 9.92461170e+01 1.20496419e+02 1.65198899e+02 1.76478937e+02 2.05482236e+02 2.40479111e+02 2.99182589e+02 3.60708438e+02 5.61692665e-14 2.48307027e-05 1.76233142e-05 9.95231339e-01 9.76281609e-01 1.18411650e-15 9.86609107e-01 1.35095737e-06 9.45670967e-01 4.84248647e-01 9.79353815e-01 9.97977658e-01 9.99553720e-01 7.34359308e-07 5.81654977e-07 5.81654223e-07 7.20335655e-03 1.48283805e-02 2.48915399e-03 8.25216109e-03 2.57577039e-02 5.93753409e-03 2.87161038e-03 6.79935500e-03 6.05430426e-03 5.20386756e-03
1.20270270e-01 -2.92799520e-02 -3.73048443e-03 -3.73048148e-03 5.06046574e+01 7.28760976e+01 9.92461170e+01 1.20489512e+02 1.65198899e+02 1.76480980e+02 2.05473389e+02 2.40470656e+02 2.99178713e+02 3.60706292e+02 9.73386705e-14 2.71792556e-05 1.38113132e-05 9.95214457e-01 9.76352495e-01 8.45067356e-16 9.86655843e-01 1.34927079e-06 9.45774199e-01 4.83737598e-01 9.79399991e-01 9.97982578e-01 9.99554786e-01 7.34359308e-07 5.81654922e-07 5.81654278e-07 7.21638671e-03 1.48093444e-02 2.48915399e-03 8.23837197e-03 2.57577039e-02 5.93159227e-03 2.86634956e-03 6.79022955e-03 6.04665543e-03 5.19756127e-03
1.20420420e-01 -2.92799520e-02 -3.73048647e-03 -3.73048080e-03 5.05879326e+01 7.28293678e+01 9.92461170e+01 1.20482635e+02 1.65198899e+02 1.76483016e+02 2.05464567e+02 2.40462233e+02 2.99174850e+02 3.60704153e+02 1.32428031e-13 1.24360431e-05 2.78770757e-05 9.95197565e-01 9.76423288e-01 6.41485512e-16 9.86702330e-01 1.34758841e-06 9.45877163e-01 4.83227524e-01 9.79446029e-01 9.97987481e-01 9.99555848e-01 7.34359308e-07 5.81654900e-07 5.81654300e-07 7.22940283e-03 1.47902837e-02 2.48915399e-03 8.22462927e-03 2.57577039e-02 5.92566117e-03 2.86110027e-03 6.78112752e-03 6.03902567e-03 5.19126992e-03
1.20570571e-01 -2.92799522e-02 -3.73048454e-03 -3.73047884e-03 5.05711625e+01 7.27827813e+01 9.92461170e+01 1.20475789e+02 1.65198899e+02 1.76485047e+02 2.05455772e+02 2.40453842e+02 2.99171003e+02 3.60702022e+02 1.67109608e-13 8.08770293e-06 2.94737287e-05 9.95180665e-01 9.76493989e-01 4.78331531e-16 9.86748572e-01 1.34591022e-06 9.45979862e-01 4.82718422e-01 9.79491930e-01 9.97992367e-01 9.99556906e-01 7.34359308e-07 5.81654807e-07 5.81654393e-07 7.24240463e-03 1.47711986e-02 2.48915399e-03 8.21093275e-03 2.57577039e-02 5.91974078e-03 2.85586249e-03 6.77204884e-03 6.03141493e-03 5.18499348e-03
1.20720721e-01 -2.92799520e-02 -3.73048566e-03 -3.73048311e-03 5.05543470e+01 7.27363378e+01 9.92461170e+01 1.20468973e+02 1.65198899e+02 1.76487072e+02 2.05447003e+02 2.40445482e+02 2.99167169e+02 3.60699899e+02 1.99330267e-14 2.81492135e-05 1.20025584e-05 9.95163758e-01 9.76564595e-01 5.72251748e-16 9.86794568e-01 1.34423619e-06 9.46082295e-01 4.82210290e-01 9.79537694e-01 9.97997235e-01 9.99557961e-01 7.34359308e-07 5.81654887e-07 5.81654313e-07 7.25539184e-03 1.47520894e-02 2.48915399e-03 8.19728220e-03 2.57577039e-02 5.91383107e-03 2.85063622e-03 6.76299343e-03 6.02382313e-03 5.17873189e-03
1.20870871e-01 -2.92799521e-02 -3.73048536e-03 -3.73048299e-03 5.05374862e+01 7.26900373e+01 9.92461170e+01 1.20462188e+02 1.65198899e+02 1.76489090e+02 2.05438260e+02 2.40437155e+02 2.99163350e+02 3.60697784e+02 2.78029404e-14 1.84517331e-05 2.44602550e-05 9.95146843e-01 9.76635108e-01 6.60079282e-16 9.86840322e-01 1.34256634e-06 9.46184464e-01 4.81703124e-01 9.79583322e-01 9.98002086e-01 9.99559012e-01 7.34359308e-07 5.81654986e-07 5.81654214e-07 7.26836416e-03 1.47329564e-02 2.48915399e-03 8.18367741e-03 2.57577039e-02 5.90793201e-03 2.84542142e-03 6.75396120e-03 6.01625021e-03 5.17248509e-03
1.21021021e-01 -2.92799522e-02 -3.73048753e-03 -3.73048331e-03 5.05205802e+01 7.26438797e+01 9.92461170e+01 1.20455432e+02 1.65198899e+02 1.76491103e+02 2.05429542e+02 2.40428858e+02 2.99159545e+02 3.60695676e+02 1.80191596e-14 3.02296578e-05 5.22227103e-06 9.95129921e-01 9.76705526e-01 2.76815736e-16 9.86885834e-01 1.34090062e-06 9.46286369e-01 4.81196924e-01 9.79628813e-01 9.98006919e-01 9.99560059e-01 7.34359308e-07 5.81654732e-07 5.81654468e-07 7.28132131e-03 1.47137998e-02 2.48915399e-03 8.17011816e-03 2.57577039e-02 5.90204357e-03 2.84021810e-03 6.74495208e-03 6.00869610e-03 5.16625303e-03
1.21171171e-01 -2.92799519e-02 -3.73048489e-03 -3.73048127e-03 5.05036288e+01 7.25978649e+01 9.92461170e+01 1.20448707e+02 1.65198899e+02 1.76493109e+02 2.05420851e+02 2.40420593e+02 2.99155755e+02 3.60693576e+02 1.28038007e-13 9.17895535e-06 2.93119054e-05 9.95112993e-01 9.76775848e-01 5.67650805e-16 9.86931107e-01 1.33923903e-06 9.46388011e-01 4.80691686e-01 9.79674168e-01 9.98011736e-01 9.99561103e-01 7.34359308e-07 5.81654831e-07 5.81654369e-07 7.29426303e-03 1.46946200e-02 2.48915399e-03 8.15660422e-03 2.57577039e-02 5.89616573e-03 2.83502622e-03 6.73596599e-03 6.00116072e-03 5.16003568e-03
1.21321321e-01 -2.92799522e-02 -3.73048525e-03 -3.73048097e-03 5.04866322e+01 7.25519927e+01 9.92461170e+01 1.20442011e+02 1.65198899e+02 1.76495110e+02 2.05412184e+02 2.40412359e+02 2.99151978e+02 3.60691484e+02 6.89508302e-14 2.80606983e-05 1.25848251e-05 9.95096059e-01 9.76846074e-01 5.81465551e-16 9.86976141e-01 1.33758156e-06 9.46489391e-01 4.80187409e-01 9.79719389e-01 9.98016535e-01 9.99562143e-01 7.34359308e-07 5.81654897e-07 5.81654303e-07 7.30718902e-03 1.46754171e-02 2.48915399e-03 8.14313540e-03 2.57577039e-02 5.89029847e-03 2.82984578e-03 6.72700284e-03 5.99364402e-03 5.15383296e-03
1.21471471e-01 -2.92799521e-02 -3.73048482e-03 -3.73048159e-03 5.04695903e+01 7.25062630e+01 9.92461170e+01 1.20435345e+02 1.65198899e+02 1.76497104e+02 2.05403544e+02 2.40404156e+02 2.99148216e+02 3.60689399e+02 4.23501148e-14 2.12195370e-05 2.23126500e-05 9.95079119e-01 9.76916203e-01 1.41565983e-15 9.87020940e-01 1.33592819e-06 9.46590509e-01 4.79684089e-01 9.79764474e-01 9.98021317e-01 9.99563179e-01 7.34359308e-07 5.81655000e-07 5.81654200e-07 7.32009901e-03 1.46561914e-02 2.48915399e-03 8.12971148e-03 2.57577039e-02 5.88444176e-03 2.82467675e-03 6.71806257e-03 5.98614591e-03 5.14764485e-03
1.21621622e-01 -2.92799520e-02 -3.73048749e-03 -3.73048217e-03 5.04525032e+01 7.24606756e+01 9.92461170e+01 1.20428708e+02 1.65198899e+02 1.76499093e+02 2.05394929e+02 2.40395984e+02 2.99144467e+02 3.60687322e+02 1.50759555e-13 2.64474284e-05 1.58430432e-05 9.95062175e-01 9.76986234e-01 9.33143280e-16 9.87065503e-01 1.33427889e-06 9.46691367e-01 4.79181726e-01 9.79809425e-01 9.98026083e-01 9.99564212e-01 7.34359308e-07 5.81654952e-07 5.81654248e-07 7.33299272e-03 1.46369433e-02 2.48915399e-03 8.11633225e-03 2.57577039e-02 5.87859557e-03 2.81951913e-03 6.70914509e-03 5.97866635e-03 5.14147127e-03
1.21771772e-01 -2.92799523e-02 -3.73048396e-03 -3.73048178e-03 5.04353708e+01 7.24152306e+01 9.92461170e+01 1.20422100e+02 1.65198899e+02 1.76501076e+02 2.05386339e+02 2.40387842e+02 2.99140732e+02 3.60685253e+02 6.67338411e-14 2.37494785e-05 1.97174806e-05 9.95045226e-01 9.77056167e-01 3.15060166e-15 9.87109833e-01 1.33263366e-06 9.46791966e-01 4.78680315e-01 9.79854242e-01 9.98030831e-01 9.99565241e-01 7.34359308e-07 5.81654993e-07 5.81654207e-07 7.34586985e-03 1.46176730e-02 2.48915399e-03 8.10299750e-03 2.57577039e-02 5.87275988e-03 2.81437288e-03 6.70025032e-03 5.97120525e-03 5.13531219e-03
1.21921922e-01 -2.92799521e-02 -3.73048376e-03 -3.73048095e-03 5.04181932e+01 7.23699277e+01 9.92461170e+01 1.20415521e+02 1.65198899e+02 1.76503053e+02 2.05377774e+02 2.40379731e+02 2.99137011e+02 3.60683190e+02 6.95513002e-14 1.57999719e-05 2.65617929e-05 9.95028274e-01 9.77126001e-01 1.18182218e-15 9.87153932e-01 1.33099249e-06 9.46892305e-01 4.78179856e-01 9.79898926e-01 9.98035563e-01 9.99566267e-01 7.34359308e-07 5.81654953e-07 5.81654247e-07 7.35873013e-03 1.45983807e-02 2.48915399e-03 8.08970701e-03 2.57577039e-02 5.86693466e-03 2.80923800e-03 6.69137819e-03 5.96376256e-03 5.12916756e-03
1.22072072e-01 -2.92799521e-02 -3.73048593e-03 -3.73048131e-03 5.04009705e+01 7.23247668e+01 9.92461170e+01 1.20408972e+02 1.65198899e+02 1.76505024e+02 2.05369234e+02 2.40371650e+02 2.99133304e+02 3.60681136e+02 7.26914743e-14 2.73997648e-05 1.43796704e-05 9.95011318e-01 9.77195735e-01 5.77486778e-16 9.87197801e-01 1.32935535e-06 9.46992387e-01 4.77680346e-01 9.79943476e-01 9.98040278e-01 9.99567289e-01 7.34359308e-07 5.81654928e-07 5.81654272e-07 7.37157329e-03 1.45790668e-02 2.48915399e-03 8.07646059e-03 2.57577039e-02 5.86111989e-03 2.80411447e-03 6.68252861e-03 5.95633821e-03 5.12303732e-03
1.22222222e-01 -2.92799522e-02 -3.73048511e-03 -3.73048127e-03 5.03837026e+01 7.22797478e+01 9.92461170e+01 1.20402450e+02 1.65198899e+02 1.76506989e+02 2.05360720e+02 2.40363600e+02 2.99129611e+02 3.60679088e+02 3.02744599e-14 2.82583364e-05 1.27021824e-05 9.94994360e-01 9.77265369e-01 1.54046596e-15 9.87241442e-01 1.32772224e-06 9.47092211e-01 4.77181782e-01 9.79987894e-01 9.98044977e-01 9.99568307e-01 7.34359308e-07 5.81654898e-07 5.81654302e-07 7.38439903e-03 1.45597315e-02 2.48915399e-03 8.06325803e-03 2.57577039e-02 5.85531554e-03 2.79900226e-03 6.67370152e-03 5.94893212e-03 5.11692143e-03
1.22372372e-01 -2.92799522e-02 -3.73048737e-03 -3.73048263e-03 5.03663895e+01 7.22348705e+01 9.92461170e+01 1.20395958e+02 1.65198899e+02 1.76508948e+02 2.05352231e+02 2.40355579e+02 2.99125931e+02 3.60677048e+02 2.98942982e-14 2.65659803e-05 1.60152295e-05 9.94977399e-01 9.77334902e-01 4.31069134e-16 9.87284855e-01 1.32609313e-06 9.47191778e-01 4.76684163e-01 9.80032179e-01 9.98049659e-01 9.99569322e-01 7.34359308e-07 5.81654953e-07 5.81654247e-07 7.39720707e-03 1.45403750e-02 2.48915399e-03 8.05009912e-03 2.57577039e-02 5.84952159e-03 2.79390137e-03 6.66489683e-03 5.94154424e-03 5.11081983e-03
1.22522523e-01 -2.92799522e-02 -3.73048769e-03 -3.73048295e-03 5.03490313e+01 7.21901349e+01 9.92461170e+01 1.20389493e+02 1.65198899e+02 1.76510902e+02 2.05343766e+02 2.40347588e+02 2.99122265e+02 3.60675016e+02 1.57681709e-14 2.92242346e-05 1.05140748e-05 9.94960436e-01 9.77404333e-01 1.50193304e-15 9.87328044e-01 1.32446802e-06 9.47291090e-01 4.76187485e-01 9.80076332e-01 9.98054324e-01 9.99570334e-01 7.34359308e-07 5.81654853e-07 5.81654347e-07 7.40999714e-03 1.45209977e-02 2.48915399e-03 8.03698365e-03 2.57577039e-02 5.84373800e-03 2.78881178e-03 6.65611447e-03 5.93417451e-03 5.10473248e-03
1.22672673e-01 -2.92799522e-02 -3.73048329e-03 -3.73047923e-03 5.03316281e+01 7.21455407e+01 9.92461170e+01 1.20383057e+02 1.65198899e+02 1.76512849e+02 2.05335326e+02 2.40339627e+02 2.99118612e+02 3.60672991e+02 7.26397332e-14 1.33774260e-05 2.80715478e-05 9.94943472e-01 9.77473661e-01 1.27471383e-15 9.87371008e-01 1.32284688e-06 9.47390147e-01 4.75691748e-01 9.80120354e-01 9.98058973e-01 9.99571342e-01 7.34359308e-07 5.81654913e-07 5.81654287e-07 7.42276895e-03 1.45015998e-02 2.48915399e-03 8.02391144e-03 2.57577039e-02 5.83796477e-03 2.78373346e-03 6.64735435e-03 5.92682284e-03 5.09865934e-03
1.22822823e-01 -2.92799522e-02 -3.73048440e-03 -3.73048031e-03 5.03141798e+01 7.21010879e+01 9.92461170e+01 1.20376649e+02 1.65198899e+02 1.76514791e+02 2.05326911e+02 2.40331696e+02 2.99114972e+02 3.60670973e+02 8.06536763e-14 1.94124900e-05 2.43411405e-05 9.94926507e-01 9.77542887e-01 1.06740019e-15 9.87413751e-01 1.32122971e-06 9.47488950e-01 4.75196948e-01 9.80164245e-01 9.98063606e-01 9.99572346e-01 7.34359308e-07 5.81654991e-07 5.81654209e-07 7.43552223e-03 1.44821817e-02 2.48915399e-03 8.01088226e-03 2.57577039e-02 5.83220186e-03 2.77866640e-03 6.63861642e-03 5.91948919e-03 5.09260034e-03
1.22972973e-01 -2.92799523e-02 -3.73048563e-03 -3.73048348e-03 5.02966864e+01 7.20567763e+01 9.92461170e+01 1.20370269e+02 1.65198899e+02 1.76516728e+02 2.05318521e+02 2.40323794e+02 2.99111346e+02 3.60668962e+02 1.10083731e-13 2.13583966e-05 2.27052031e-05 9.94909542e-01 9.77612009e-01 1.37366814e-15 9.87456273e-01 1.31961648e-06 9.47587499e-01 4.74703083e-01 9.80208005e-01 9.98068222e-01 9.99573347e-01 7.34359308e-07 5.81655000e-07 5.81654200e-07 7.44825667e-03 1.44627434e-02 2.48915399e-03 7.99789593e-03 2.57577039e-02 5.82644924e-03 2.77361059e-03 6.62990058e-03 5.91217349e-03 5.08655545e-03
1.23123123e-01 -2.92799520e-02 -3.73048550e-03 -3.73048246e-03 5.02791481e+01 7.20126057e+01 9.92461170e+01 1.20363916e+02 1.65198899e+02 1.76518658e+02 2.05310155e+02 2.40315922e+02 2.99107733e+02 3.60666958e+02 7.47329015e-15 1.87188291e-05 2.49737292e-05 9.94892578e-01 9.77681026e-01 4.56189740e-16 9.87498575e-01 1.31800720e-06 9.47685795e-01 4.74210151e-01 9.80251635e-01 9.98072823e-01 9.99574345e-01 7.34359308e-07 5.81654985e-07 5.81654215e-07 7.46097202e-03 1.44432855e-02 2.48915399e-03 7.98495224e-03 2.57577039e-02 5.82070690e-03 2.76856599e-03 6.62120676e-03 5.90487566e-03 5.08052462e-03
1.23273273e-01 -2.92799521e-02 -3.73048408e-03 -3.73048020e-03 5.02615648e+01 7.19685761e+01 9.92461170e+01 1.20357591e+02 1.65198899e+02 1.76520583e+02 2.05301813e+02 2.40308079e+02 2.99104134e+02 3.60664962e+02 3.56924787e-14 1.14250346e-05 2.90848337e-05 9.94875614e-01 9.77749939e-01 6.45445023e-16 9.87540660e-01 1.31640183e-06 9.47783840e-01 4.73718150e-01 9.80295135e-01 9.98077407e-01 9.99575339e-01 7.34359308e-07 5.81654875e-07 5.81654325e-07 7.47366798e-03 1.44238080e-02 2.48915399e-03 7.97205099e-03 2.57577039e-02 5.81497481e-03 2.76353260e-03 6.61253489e-03 5.89759566e-03 5.07450779e-03
1.23423423e-01 -2.92799521e-02 -3.73048800e-03 -3.73048382e-03 5.02439366e+01 7.19246872e+01 9.92461170e+01 1.20351294e+02 1.65198899e+02 1.76522502e+02 2.05293496e+02 2.40300264e+02 2.99100548e+02 3.60662972e+02 2.53033044e-14 3.00346206e-05 8.76131776e-06 9.94858652e-01 9.77818746e-01 2.37339926e-15 9.87582529e-01 1.31480037e-06 9.47881634e-01 4.73227077e-01 9.80338505e-01 9.98081975e-01 9.99576330e-01 7.34359308e-07 5.81654813e-07 5.81654387e-07 7.48634428e-03 1.44043113e-02 2.48915399e-03 7.95919200e-03 2.57577039e-02 5.80925293e-03 2.75851040e-03 6.60388489e-03 5.89033340e-03 5.06850492e-03
1.23573574e-01 -2.92799520e-02 -3.73048136e-03 -3.73047549e-03 5.02262635e+01 7.18809389e+01 9.92461170e+01 1.20345023e+02 1.65198899e+02 1.76524416e+02 2.05285204e+02 2.40292479e+02 2.99096974e+02 3.60660990e+02 1.39148310e-14 1.13654718e-05 2.91898652e-05 9.94841691e-01 9.77887447e-01 1.60234710e-15 9.87624182e-01 1.31320280e-06 9.47979177e-01 4.72736931e-01 9.80381747e-01 9.98086527e-01 9.99577317e-01 7.34359308e-07 5.81654873e-07 5.81654327e-07 7.49900063e-03 1.43847957e-02 2.48915399e-03 7.94637505e-03 2.57577039e-02 5.80354126e-03 2.75349936e-03 6.59525669e-03 5.88308885e-03 5.06251597e-03
1.23723724e-01 -2.92799521e-02 -3.73048531e-03 -3.73048144e-03 5.02085455e+01 7.18373310e+01 9.92461170e+01 1.20338780e+02 1.65198899e+02 1.76526324e+02 2.05276935e+02 2.40284722e+02 2.99093414e+02 3.60659015e+02 4.55500890e-14 2.95800597e-05 1.04224850e-05 9.94824733e-01 9.77956041e-01 3.90279111e-16 9.87665623e-01 1.31160910e-06 9.48076470e-01 4.72247708e-01 9.80424860e-01 9.98091064e-01 9.99578301e-01 7.34359308e-07 5.81654849e-07 5.81654351e-07 7.51163675e-03 1.43652614e-02 2.48915399e-03 7.93359996e-03 2.57577039e-02 5.79783976e-03 2.74849948e-03 6.58665021e-03 5.87586191e-03 5.05654088e-03
1.23873874e-01 -2.92799522e-02 -3.73049080e-03 -3.73048377e-03 5.01907827e+01 7.17938635e+01 9.92461170e+01 1.20332563e+02 1.65198899e+02 1.76528226e+02 2.05268691e+02 2.40276994e+02 2.99089867e+02 3.60657047e+02 4.02643138e-14 3.02806908e-05 8.31124160e-06 9.94807778e-01 9.78024527e-01 9.00029207e-17 9.87706851e-01 1.31001928e-06 9.48173515e-01 4.71759408e-01 9.80467845e-01 9.98095584e-01 9.99579282e-01 7.34359308e-07 5.81654802e-07 5.81654398e-07 7.52425236e-03 1.43457087e-02 2.48915399e-03 7.92086653e-03 2.57577039e-02 5.79214841e-03 2.74351073e-03 6.57806537e-03 5.86865255e-03 5.05057961e-03
1.24024024e-01 -2.92799522e-02 -3.73048615e-03 -3.73048282e-03 5.01729751e+01 7.17505362e+01 9.92461170e+01 1.20326373e+02 1.65198899e+02 1.76530123e+02 2.05260470e+02 2.40269295e+02 2.99086332e+02 3.60655086e+02 1.31311722e-13 2.72996221e-05 1.55922851e-05 9.94790827e-01 9.78092905e-01 9.79293984e-16 9.87747869e-01 1.30843330e-06 9.48270312e-01 4.71272027e-01 9.80510702e-01 9.98100089e-01 9.99580259e-01 7.34359308e-07 5.81654944e-07 5.81654256e-07 7.53684719e-03 1.43261379e-02 2.48915399e-03 7.90817457e-03 2.57577039e-02 5.78646718e-03 2.73853309e-03 6.56950212e-03 5.86146069e-03 5.04463212e-03
1.24174174e-01 -2.92799522e-02 -3.73048136e-03 -3.73047662e-03 5.01551228e+01 7.17073488e+01 9.92461170e+01 1.20320210e+02 1.65198899e+02 1.76532014e+02 2.05252274e+02 2.40261624e+02 2.99082811e+02 3.60653132e+02 6.76902530e-15 1.25968303e-05 2.88461995e-05 9.94773879e-01 9.78161175e-01 6.30121343e-16 9.87788678e-01 1.30685115e-06 9.48366861e-01 4.70785563e-01 9.80553431e-01 9.98104578e-01 9.99581233e-01 7.34359308e-07 5.81654896e-07 5.81654304e-07 7.54942095e-03 1.43065493e-02 2.48915399e-03 7.89552389e-03 2.57577039e-02 5.78079606e-03 2.73356654e-03 6.56096036e-03 5.85428627e-03 5.03869835e-03
1.24324324e-01 -2.92799522e-02 -3.73048754e-03 -3.73048235e-03 5.01372257e+01 7.16643012e+01 9.92461170e+01 1.20314073e+02 1.65198899e+02 1.76533899e+02 2.05244102e+02 2.40253981e+02 2.99079302e+02 3.60651185e+02 6.86363926e-14 2.99729654e-05 9.73664435e-06 9.94756936e-01 9.78229335e-01 9.93950364e-16 9.87829279e-01 1.30527283e-06 9.48463164e-01 4.70300014e-01 9.80596034e-01 9.98109052e-01 9.99582203e-01 7.34359308e-07 5.81654833e-07 5.81654367e-07 7.56197336e-03 1.42869430e-02 2.48915399e-03 7.88291429e-03 2.57577039e-02 5.77513501e-03 2.72861107e-03 6.55244003e-03 5.84712922e-03 5.03277826e-03
1.24474474e-01 -2.92799521e-02 -3.73048615e-03 -3.73048437e-03 5.01192840e+01 7.16213934e+01 9.92461170e+01 1.20307963e+02 1.65198899e+02 1.76535779e+02 2.05235953e+02 2.40246366e+02 2.99075806e+02 3.60649244e+02 5.22312770e-15 2.89379585e-05 1.25767997e-05 9.94739999e-01 9.78297385e-01 8.24554719e-16 9.87869674e-01 1.30369832e-06 9.48559221e-01 4.69815379e-01 9.80638510e-01 9.98113510e-01 9.99583171e-01 7.34359308e-07 5.81654891e-07 5.81654309e-07 7.57450414e-03 1.42673195e-02 2.48915399e-03 7.87034559e-03 2.57577039e-02 5.76948401e-03 2.72366665e-03 6.54394106e-03 5.83998950e-03 5.02687180e-03
1.24624625e-01 -2.92799521e-02 -3.73048653e-03 -3.73048163e-03 5.01012978e+01 7.15786250e+01 9.92461170e+01 1.20301879e+02 1.65198899e+02 1.76537654e+02 2.05227828e+02 2.40238779e+02 2.99072323e+02 3.60647311e+02 4.72796055e-14 2.64397668e-05 1.72894014e-05 9.94723067e-01 9.78365325e-01 2.30112429e-16 9.87909865e-01 1.30212759e-06 9.48655033e-01 4.69331654e-01 9.80680860e-01 9.98117952e-01 9.99584135e-01 7.34359308e-07 5.81654966e-07 5.81654234e-07 7.58701302e-03 1.42476790e-02 2.48915399e-03 7.85781760e-03 2.57577039e-02 5.76384304e-03 2.71873327e-03 6.53546336e-03 5.83286703e-03 5.02097893e-03
1.24774775e-01 -2.92799523e-02 -3.73048599e-03 -3.73048358e-03 5.00832669e+01 7.15359960e+01 9.92461170e+01 1.20295820e+02 1.65198899e+02 1.76539523e+02 2.05219726e+02 2.40231220e+02 2.99068852e+02 3.60645384e+02 8.55264198e-14 1.30290163e-05 2.88207501e-05 9.94706141e-01 9.78433153e-01 2.69580472e-16 9.87949851e-01 1.30056065e-06 9.48750601e-01 4.68848837e-01 9.80723084e-01 9.98122380e-01 9.99585095e-01 7.34359308e-07 5.81654902e-07 5.81654298e-07 7.59949971e-03 1.42280217e-02 2.48915399e-03 7.84533013e-03 2.57577039e-02 5.75821208e-03 2.71381091e-03 6.52700687e-03 5.82576176e-03 5.01509961e-03
1.24924925e-01 -2.92799519e-02 -3.73048549e-03 -3.73048274e-03 5.00651915e+01 7.14935061e+01 9.92461170e+01 1.20289788e+02 1.65198899e+02 1.76541387e+02 2.05211648e+02 2.40223689e+02 2.99065394e+02 3.60643465e+02 2.89327613e-14 3.04122207e-05 8.82591981e-06 9.94689222e-01 9.78500869e-01 3.69361525e-16 9.87989635e-01 1.29899748e-06 9.48845925e-01 4.68366927e-01 9.80765183e-01 9.98126792e-01 9.99586053e-01 7.34359308e-07 5.81654812e-07 5.81654388e-07 7.61196395e-03 1.42083480e-02 2.48915399e-03 7.83288299e-03 2.57577039e-02 5.75259109e-03 2.70889955e-03 6.51857152e-03 5.81867362e-03 5.00923378e-03
1.25075075e-01 -2.92799522e-02 -3.73048347e-03 -3.73047528e-03 5.00470717e+01 7.14511553e+01 9.92461170e+01 1.20283781e+02 1.65198899e+02 1.76543245e+02 2.05203594e+02 2.40216185e+02 2.99061948e+02 3.60641552e+02 1.15505111e-14 5.71076455e-06 3.11865231e-05 9.94672310e-01 9.78568473e-01 9.37478955e-16 9.88029219e-01 1.29743806e-06 9.48941006e-01 4.67885921e-01 9.80807157e-01 9.98131188e-01 9.99587007e-01 7.34359308e-07 5.81654745e-07 5.81654455e-07 7.62440544e-03 1.41886580e-02 2.48915399e-03 7.82047599e-03 2.57577039e-02 5.74698006e-03 2.70399917e-03 6.51015724e-03 5.81160256e-03 5.00338140e-03
1.25225225e-01 -2.92799522e-02 -3.73048561e-03 -3.73048074e-03 5.00289075e+01 7.14089432e+01 9.92461170e+01 1.20277800e+02 1.65198899e+02 1.76545098e+02 2.05195563e+02 2.40208709e+02 2.99058515e+02 3.60639645e+02 6.06320459e-14 1.18355166e-05 2.94541597e-05 9.94655407e-01 9.78635964e-01 1.01336925e-15 9.88068603e-01 1.29588237e-06 9.49035846e-01 4.67405817e-01 9.80849006e-01 9.98135570e-01 9.99587958e-01 7.34359308e-07 5.81654879e-07 5.81654321e-07 7.63682392e-03 1.41689522e-02 2.48915399e-03 7.80810896e-03 2.57577039e-02 5.74137897e-03 2.69910975e-03 6.50176394e-03 5.80454851e-03 4.99754243e-03
1.25375375e-01 -2.92799521e-02 -3.73048862e-03 -3.73048375e-03 5.00106989e+01 7.13668699e+01 9.92461170e+01 1.20271844e+02 1.65198899e+02 1.76546945e+02 2.05187555e+02 2.40201259e+02 2.99055094e+02 3.60637746e+02 7.93176531e-14 2.94228226e-05 1.20142544e-05 9.94638511e-01 9.78703342e-01 7.77250598e-16 9.88107789e-01 1.29433042e-06 9.49130443e-01 4.66926612e-01 9.80890731e-01 9.98139936e-01 9.99588905e-01 7.34359308e-07 5.81654878e-07 5.81654322e-07 7.64921911e-03 1.41492307e-02 2.48915399e-03 7.79578171e-03 2.57577039e-02 5.73578778e-03 2.69423127e-03 6.49339157e-03 5.79751142e-03 4.99171682e-03
1.25525526e-01 -2.92799519e-02 -3.73048675e-03 -3.73048265e-03 4.99924460e+01 7.13249350e+01 9.92461170e+01 1.20265913e+02 1.65198899e+02 1.76548787e+02 2.05179571e+02 2.40193837e+02 2.99051685e+02 3.60635853e+02 3.39323491e-14 2.71237128e-05 1.66363973e-05 9.94621625e-01 9.78770605e-01 5.03558899e-16 9.88146778e-01 1.29278218e-06 9.49224801e-01 4.66448305e-01 9.80932332e-01 9.98144287e-01 9.99589850e-01 7.34359308e-07 5.81654956e-07 5.81654244e-07 7.66159073e-03 1.41294938e-02 2.48915399e-03 7.78349405e-03 2.57577039e-02 5.73020648e-03 2.68936372e-03 6.48504004e-03 5.79049122e-03 4.98590453e-03
1.25675676e-01 -2.92799522e-02 -3.73048502e-03 -3.73048134e-03 4.99741488e+01 7.12831384e+01 9.92461170e+01 1.20260008e+02 1.65198899e+02 1.76550623e+02 2.05171609e+02 2.40186442e+02 2.99048288e+02 3.60633967e+02 5.77003843e-16 1.09567654e-05 2.99138500e-05 9.94604748e-01 9.78837753e-01 3.03182790e-16 9.88185571e-01 1.29123763e-06 9.49318918e-01 4.65970894e-01 9.80973811e-01 9.98148623e-01 9.99590791e-01 7.34359308e-07 5.81654861e-07 5.81654339e-07 7.67393851e-03 1.41097419e-02 2.48915399e-03 7.77124581e-03 2.57577039e-02 5.72463503e-03 2.68450706e-03 6.47670929e-03 5.78348786e-03 4.98010551e-03
1.25825826e-01 -2.92799522e-02 -3.73048664e-03 -3.73048368e-03 4.99558074e+01 7.12414799e+01 9.92461170e+01 1.20254127e+02 1.65198899e+02 1.76552455e+02 2.05163671e+02 2.40179074e+02 2.99044904e+02 3.60632087e+02 3.40523856e-14 2.70499849e-05 1.69001171e-05 9.94587881e-01 9.78904786e-01 1.14954979e-15 9.88224171e-01 1.28969678e-06 9.49412796e-01 4.65494375e-01 9.81015166e-01 9.98152945e-01 9.99591729e-01 7.34359308e-07 5.81654959e-07 5.81654241e-07 7.68626217e-03 1.40899751e-02 2.48915399e-03 7.75903680e-03 2.57577039e-02 5.71907343e-03 2.67966129e-03 6.46839925e-03 5.77650127e-03 4.97431971e-03
1.25975976e-01 -2.92799522e-02 -3.73048512e-03 -3.73048082e-03 4.99374219e+01 7.11999594e+01 9.92461170e+01 1.20248271e+02 1.65198899e+02 1.76554281e+02 2.05155756e+02 2.40171733e+02 2.99041532e+02 3.60630214e+02 8.68232383e-14 1.53284067e-05 2.80140143e-05 9.94571025e-01 9.78971703e-01 2.71517785e-16 9.88262577e-01 1.28815960e-06 9.49506436e-01 4.65018748e-01 9.81056398e-01 9.98157251e-01 9.99592664e-01 7.34359308e-07 5.81654939e-07 5.81654261e-07 7.69856144e-03 1.40701938e-02 2.48915399e-03 7.74686684e-03 2.57577039e-02 5.71352164e-03 2.67482638e-03 6.46010984e-03 5.76953140e-03 4.96854710e-03
1.26126126e-01 -2.92799519e-02 -3.73048657e-03 -3.73048299e-03 4.99189924e+01 7.11585767e+01 9.92461170e+01 1.20242440e+02 1.65198899e+02 1.76556101e+02 2.05147863e+02 2.40164418e+02 2.99038172e+02 3.60628347e+02 4.80050111e-14 3.00765925e-05 1.08432442e-05 9.94554181e-01 9.79038504e-01 1.10750791e-15 9.88300791e-01 1.28662607e-06 9.49599838e-01 4.64544010e-01 9.81097509e-01 9.98161543e-01 9.99593596e-01 7.34359308e-07 5.81654853e-07 5.81654347e-07 7.71083604e-03 1.40503983e-02 2.48915399e-03 7.73473576e-03 2.57577039e-02 5.70797964e-03 2.67000232e-03 6.45184101e-03 5.76257818e-03 4.96278764e-03
1.26276276e-01 -2.92799519e-02 -3.73048698e-03 -3.73048449e-03 4.99005188e+01 7.11173315e+01 9.92461170e+01 1.20236634e+02 1.65198899e+02 1.76557917e+02 2.05139993e+02 2.40157130e+02 2.99034824e+02 3.60626487e+02 1.23883249e-13 2.06779378e-05 2.44343089e-05 9.94537347e-01 9.79105187e-01 1.31263141e-15 9.88338815e-01 1.28509620e-06 9.49693003e-01 4.64070158e-01 9.81138498e-01 9.98165820e-01 9.99594525e-01 7.34359308e-07 5.81654995e-07 5.81654205e-07 7.72308571e-03 1.40305888e-02 2.48915399e-03 7.72264338e-03 2.57577039e-02 5.70244741e-03 2.66518908e-03 6.44359266e-03 5.75564157e-03 4.95704126e-03
1.26426426e-01 -2.92799521e-02 -3.73048518e-03 -3.73048129e-03 4.98820012e+01 7.10762237e+01 9.92461170e+01 1.20230852e+02 1.65198899e+02 1.76559727e+02 2.05132146e+02 2.40149868e+02 2.99031488e+02 3.60624634e+02 1.19192566e-13 1.02941170e-05 3.03493298e-05 9.94520527e-01 9.79171753e-01 3.32059681e-16 9.88376650e-01 1.28356995e-06 9.49785932e-01 4.63597191e-01 9.81179365e-01 9.98170083e-01 9.99595450e-01 7.34359308e-07 5.81654846e-07 5.81654354e-07 7.73531017e-03 1.40107656e-02 2.48915399e-03 7.71058952e-03 2.57577039e-02 5.69692492e-03 2.66038664e-03 6.43536475e-03 5.74872150e-03 4.95130794e-03
1.26576577e-01 -2.92799522e-02 -3.73048466e-03 -3.73048156e-03 4.98634398e+01 7.10352530e+01 9.92461170e+01 1.20225094e+02 1.65198899e+02 1.76561531e+02 2.05124322e+02 2.40142633e+02 2.99028164e+02 3.60622787e+02 4.59041598e-14 1.91581905e-05 2.57382089e-05 9.94503719e-01 9.79238200e-01 8.48571905e-16 9.88414297e-01 1.28204733e-06 9.49878625e-01 4.63125106e-01 9.81220112e-01 9.98174330e-01 9.99596372e-01 7.34359308e-07 5.81654984e-07 5.81654216e-07 7.74750915e-03 1.39909289e-02 2.48915399e-03 7.69857400e-03 2.57577039e-02 5.69141215e-03 2.65559499e-03 6.42715719e-03 5.74181792e-03 4.94558763e-03
1.26726727e-01 -2.92799521e-02 -3.73049064e-03 -3.73048259e-03 4.98448345e+01 7.09944194e+01 9.92461170e+01 1.20219360e+02 1.65198899e+02 1.76563331e+02 2.05116520e+02 2.40135423e+02 2.99024851e+02 3.60620946e+02 3.15074937e-14 3.17813113e-05 4.67801387e-06 9.94486925e-01 9.79304529e-01 3.83333099e-16 9.88451757e-01 1.28052832e-06 9.49971084e-01 4.62653902e-01 9.81260738e-01 9.98178564e-01 9.99597292e-01 7.34359308e-07 5.81654713e-07 5.81654487e-07 7.75968238e-03 1.39710792e-02 2.48915399e-03 7.68659665e-03 2.57577039e-02 5.68590908e-03 2.65081410e-03 6.41896992e-03 5.73493076e-03 4.93988029e-03
1.26876877e-01 -2.92799520e-02 -3.73048607e-03 -3.73048251e-03 4.98261855e+01 7.09537226e+01 9.92461170e+01 1.20213650e+02 1.65198899e+02 1.76565125e+02 2.05108741e+02 2.40128240e+02 2.99021551e+02 3.60619112e+02 1.67828739e-14 2.85007620e-05 1.49026481e-05 9.94470144e-01 9.79370738e-01 8.20243189e-16 9.88489032e-01 1.27901290e-06 9.50063308e-01 4.62183575e-01 9.81301243e-01 9.98182782e-01 9.99598208e-01 7.34359308e-07 5.81654927e-07 5.81654273e-07 7.77182959e-03 1.39512165e-02 2.48915399e-03 7.67465730e-03 2.57577039e-02 5.68041569e-03 2.64604396e-03 6.41080286e-03 5.72805997e-03 4.93418586e-03
1.27027027e-01 -2.92799521e-02 -3.73048610e-03 -3.73048225e-03 4.98074928e+01 7.09131625e+01 9.92461170e+01 1.20207965e+02 1.65198899e+02 1.76566915e+02 2.05100984e+02 2.40121082e+02 2.99018262e+02 3.60617285e+02 4.51131983e-14 1.96765394e-05 2.54885433e-05 9.94453378e-01 9.79436828e-01 8.99499033e-16 9.88526123e-01 1.27750107e-06 9.50155299e-01 4.61714125e-01 9.81341629e-01 9.98186987e-01 9.99599121e-01 7.34359308e-07 5.81654988e-07 5.81654212e-07 7.78395052e-03 1.39313413e-02 2.48915399e-03 7.66275577e-03 2.57577039e-02 5.67493195e-03 2.64128454e-03 6.40265596e-03 5.72120550e-03 4.92850432e-03
1.27177177e-01 -2.92799520e-02 -3.73048434e-03 -3.73048141e-03 4.97887565e+01 7.08727387e+01 9.92461170e+01 1.20202303e+02 1.65198899e+02 1.76568699e+02 2.05093250e+02 2.40113951e+02 2.99014985e+02 3.60615463e+02 3.63402809e-14 2.61495825e-05 1.88542824e-05 9.94436628e-01 9.79502796e-01 1.08014597e-15 9.88563030e-01 1.27599280e-06 9.50247057e-01 4.61245549e-01 9.81381896e-01 9.98191177e-01 9.99600031e-01 7.34359308e-07 5.81654979e-07 5.81654221e-07 7.79604489e-03 1.39114538e-02 2.48915399e-03 7.65089189e-03 2.57577039e-02 5.66945783e-03 2.63653582e-03 6.39452914e-03 5.71436728e-03 4.92283562e-03
1.27327327e-01 -2.92799522e-02 -3.73048466e-03 -3.73048076e-03 4.97699766e+01 7.08324511e+01 9.92461170e+01 1.20196664e+02 1.65198899e+02 1.76570478e+02 2.05085538e+02 2.40106845e+02 2.99011719e+02 3.60613648e+02 5.34106586e-14 1.53096333e-05 2.84139974e-05 9.94419893e-01 9.79568644e-01 4.00810315e-16 9.88599756e-01 1.27448809e-06 9.50338583e-01 4.60777844e-01 9.81422044e-01 9.98195353e-01 9.99600938e-01 7.34359308e-07 5.81654936e-07 5.81654264e-07 7.80811244e-03 1.38915542e-02 2.48915399e-03 7.63906549e-03 2.57577039e-02 5.66399332e-03 2.63179779e-03 6.38642234e-03 5.70754525e-03 4.91717971e-03
1.27477477e-01 -2.92799520e-02 -3.73048443e-03 -3.73048121e-03 4.97511532e+01 7.07922996e+01 9.92461170e+01 1.20191049e+02 1.65198899e+02 1.76572251e+02 2.05077848e+02 2.40099764e+02 2.99008465e+02 3.60611839e+02 5.49865335e-14 2.67340612e-05 1.81518174e-05 9.94403174e-01 9.79634370e-01 1.05328535e-15 9.88636300e-01 1.27298693e-06 9.50429878e-01 4.60311010e-01 9.81462073e-01 9.98199515e-01 9.99601842e-01 7.34359308e-07 5.81654971e-07 5.81654229e-07 7.82015290e-03 1.38716429e-02 2.48915399e-03 7.62727641e-03 2.57577039e-02 5.65853839e-03 2.62707042e-03 6.37833547e-03 5.70073938e-03 4.91153655e-03
1.27627628e-01 -2.92799521e-02 -3.73048597e-03 -3.73048262e-03 4.97322865e+01 7.07522839e+01 9.92461170e+01 1.20185457e+02 1.65198899e+02 1.76574020e+02 2.05070180e+02 2.40092709e+02 2.99005223e+02 3.60610037e+02 6.08407937e-14 2.17158476e-05 2.39808620e-05 9.94386472e-01 9.79699974e-01 5.68264303e-16 9.88672666e-01 1.27148930e-06 9.50520943e-01 4.59845042e-01 9.81501984e-01 9.98203662e-01 9.99602743e-01 7.34359308e-07 5.81654999e-07 5.81654201e-07 7.83216602e-03 1.38517202e-02 2.48915399e-03 7.61552446e-03 2.57577039e-02 5.65309303e-03 2.62235370e-03 6.37026849e-03 5.69394959e-03 4.90590611e-03
1.27777778e-01 -2.92799522e-02 -3.73048845e-03 -3.73048310e-03 4.97133764e+01 7.07124038e+01 9.92461170e+01 1.20179889e+02 1.65198899e+02 1.76575784e+02 2.05062534e+02 2.40085679e+02 2.99001992e+02 3.60608240e+02 4.65977352e-14 3.16945594e-05 6.67674041e-06 9.94369787e-01 9.79765455e-01 2.00302530e-15 9.88708853e-01 1.26999518e-06 9.50611777e-01 4.59379940e-01 9.81541777e-01 9.98207796e-01 9.99603641e-01 7.34359308e-07 5.81654759e-07 5.81654441e-07 7.84415151e-03 1.38317863e-02 2.48915399e-03 7.60380948e-03 2.57577039e-02 5.64765720e-03 2.61764759e-03 6.36222132e-03 5.68717583e-03 4.90028833e-03
1.27927928e-01 -2.92799520e-02 -3.73048504e-03 -3.73047858e-03 4.96944231e+01 7.06726591e+01 9.92461170e+01 1.20174343e+02 1.65198899e+02 1.76577542e+02 2.05054910e+02 2.40078674e+02 2.98998772e+02 3.60606450e+02 3.78358849e-14 5.40721138e-06 3.19742568e-05 9.94353121e-01 9.79830813e-01 1.66993067e-15 9.88744862e-01 1.26850458e-06 9.50702382e-01 4.58915702e-01 9.81581452e-01 9.98211915e-01 9.99604536e-01 7.34359308e-07 5.81654734e-07 5.81654466e-07 7.85610913e-03 1.38118414e-02 2.48915399e-03 7.59213131e-03 2.57577039e-02 5.64223088e-03 2.61295210e-03 6.35419389e-03 5.68041804e-03 4.89468318e-03
1.28078078e-01 -2.92799520e-02 -3.73048448e-03 -3.73048137e-03 4.96754266e+01 7.06330496e+01 9.92461170e+01 1.20168821e+02 1.65198899e+02 1.76579295e+02 2.05047308e+02 2.40071695e+02 2.98995564e+02 3.60604666e+02 3.96177480e-14 2.67538860e-05 1.83926776e-05 9.94336473e-01 9.79896048e-01 7.49158410e-16 9.88780696e-01 1.26701747e-06 9.50792759e-01 4.58452324e-01 9.81621011e-01 9.98216020e-01 9.99605428e-01 7.34359308e-07 5.81654973e-07 5.81654227e-07 7.86803861e-03 1.37918860e-02 2.48915399e-03 7.58048978e-03 2.57577039e-02 5.63681406e-03 2.60826718e-03 6.34618614e-03 5.67367618e-03 4.88909062e-03
1.28228228e-01 -2.92799522e-02 -3.73048747e-03 -3.73048502e-03 4.96563870e+01 7.05935750e+01 9.92461170e+01 1.20163321e+02 1.65198899e+02 1.76581044e+02 2.05039728e+02 2.40064740e+02 2.98992367e+02 3.60602888e+02 4.94836655e-14 2.97881144e-05 1.30077715e-05 9.94319844e-01 9.79961157e-01 4.64275983e-16 9.88816355e-01 1.26553384e-06 9.50882908e-01 4.57989806e-01 9.81660453e-01 9.98220112e-01 9.99606317e-01 7.34359308e-07 5.81654892e-07 5.81654308e-07 7.87993969e-03 1.37719202e-02 2.48915399e-03 7.56888472e-03 2.57577039e-02 5.63140671e-03 2.60359283e-03 6.33819799e-03 5.66695018e-03 4.88351060e-03
1.28378378e-01 -2.92799520e-02 -3.73048386e-03 -3.73047970e-03 4.96373044e+01 7.05542353e+01 9.92461170e+01 1.20157844e+02 1.65198899e+02 1.76582787e+02 2.05032169e+02 2.40057810e+02 2.98989181e+02 3.60601117e+02 5.23915390e-14 1.51170973e-05 2.88181022e-05 9.94303234e-01 9.80026143e-01 1.03778888e-15 9.88851840e-01 1.26405369e-06 9.50972830e-01 4.57528145e-01 9.81699779e-01 9.98224190e-01 9.99607203e-01 7.34359308e-07 5.81654931e-07 5.81654269e-07 7.89181211e-03 1.37519444e-02 2.48915399e-03 7.55731598e-03 2.57577039e-02 5.62600880e-03 2.59892902e-03 6.33022940e-03 5.66024000e-03 4.87794309e-03
1.28528529e-01 -2.92799521e-02 -3.73048577e-03 -3.73048406e-03 4.96181789e+01 7.05150301e+01 9.92461170e+01 1.20152390e+02 1.65198899e+02 1.76584526e+02 2.05024632e+02 2.40050905e+02 2.98986006e+02 3.60599351e+02 1.81106701e-14 2.69680735e-05 1.82814473e-05 9.94286645e-01 9.80091002e-01 3.33765978e-16 9.88887152e-01 1.26257699e-06 9.51062525e-01 4.57067339e-01 9.81738989e-01 9.98228254e-01 9.99608086e-01 7.34359308e-07 5.81654971e-07 5.81654229e-07 7.90365562e-03 1.37319587e-02 2.48915399e-03 7.54578337e-03 2.57577039e-02 5.62062032e-03 2.59427573e-03 6.32228027e-03 5.65354556e-03 4.87238803e-03
1.28678679e-01 -2.92799521e-02 -3.73048590e-03 -3.73048214e-03 4.95990105e+01 7.04759593e+01 9.92461170e+01 1.20146958e+02 1.65198899e+02 1.76586259e+02 2.05017117e+02 2.40044024e+02 2.98982843e+02 3.60597591e+02 5.99656599e-14 2.95727399e-05 1.37631001e-05 9.94270076e-01 9.80155736e-01 2.41325014e-16 9.88922293e-01 1.26110373e-06 9.51151995e-01 4.56607386e-01 9.81778083e-01 9.98232304e-01 9.99608967e-01 7.34359308e-07 5.81654905e-07 5.81654295e-07 7.91546994e-03 1.37119636e-02 2.48915399e-03 7.53428675e-03 2.57577039e-02 5.61524124e-03 2.58963294e-03 6.31435056e-03 5.64686684e-03 4.86684540e-03
1.28828829e-01 -2.92799521e-02 -3.73048578e-03 -3.73048203e-03 4.95797994e+01 7.04370226e+01 9.92461170e+01 1.20141548e+02 1.65198899e+02 1.76587987e+02 2.05009623e+02 2.40037168e+02 2.98979691e+02 3.60595838e+02 2.50474384e-14 2.17161551e-05 2.43898121e-05 9.94253529e-01 9.80220344e-01 1.46547976e-15 9.88957263e-01 1.25963392e-06 9.51241240e-01 4.56148283e-01 9.81817062e-01 9.98236341e-01 9.99609844e-01 7.34359308e-07 5.81654998e-07 5.81654202e-07 7.92725484e-03 1.36919593e-02 2.48915399e-03 7.52282595e-03 2.57577039e-02 5.60987154e-03 2.58500063e-03 6.30644020e-03 5.64020375e-03 4.86131515e-03
1.28978979e-01 -2.92799521e-02 -3.73048573e-03 -3.73048408e-03 4.95605456e+01 7.03982198e+01 9.92461170e+01 1.20136161e+02 1.65198899e+02 1.76589711e+02 2.05002151e+02 2.40030336e+02 2.98976549e+02 3.60594090e+02 7.03548893e-14 2.86160963e-05 1.58133082e-05 9.94237004e-01 9.80284825e-01 3.41021128e-16 9.88992064e-01 1.25816752e-06 9.51330260e-01 4.55690030e-01 9.81855927e-01 9.98240364e-01 9.99610718e-01 7.34359308e-07 5.81654938e-07 5.81654262e-07 7.93901006e-03 1.36719460e-02 2.48915399e-03 7.51140081e-03 2.57577039e-02 5.60451120e-03 2.58037878e-03 6.29854912e-03 5.63355627e-03 4.85579723e-03
1.29129129e-01 -2.92799522e-02 -3.73048535e-03 -3.73048008e-03 4.95412492e+01 7.03595506e+01 9.92461170e+01 1.20130796e+02 1.65198899e+02 1.76591429e+02 2.04994700e+02 2.40023529e+02 2.98973419e+02 3.60592349e+02 1.44440673e-15 3.06791728e-05 1.14114105e-05 9.94220501e-01 9.80349178e-01 8.04065026e-16 9.89026696e-01 1.25670454e-06 9.51419056e-01 4.55232623e-01 9.81894677e-01 9.98244373e-01 9.99611590e-01 7.34359308e-07 5.81654860e-07 5.81654340e-07 7.95073533e-03 1.36519241e-02 2.48915399e-03 7.50001116e-03 2.57577039e-02 5.59916020e-03 2.57576737e-03 6.29067725e-03 5.62692432e-03 4.85029162e-03
1.29279279e-01 -2.92799521e-02 -3.73048461e-03 -3.73048148e-03 4.95219103e+01 7.03210150e+01 9.92461170e+01 1.20125452e+02 1.65198899e+02 1.76593143e+02 2.04987270e+02 2.40016745e+02 2.98970300e+02 3.60590613e+02 4.98336014e-14 2.30345996e-05 2.33094897e-05 9.94204021e-01 9.80413403e-01 9.52013858e-16 9.89061162e-01 1.25524495e-06 9.51507630e-01 4.54776060e-01 9.81933313e-01 9.98248369e-01 9.99612459e-01 7.34359308e-07 5.81655000e-07 5.81654199e-07 7.96243041e-03 1.36318938e-02 2.48915399e-03 7.48865686e-03 2.57577039e-02 5.59381850e-03 2.57116637e-03 6.28282453e-03 5.62030786e-03 4.84479827e-03
1.29429429e-01 -2.92799523e-02 -3.73048651e-03 -3.73048215e-03 4.95025290e+01 7.02826126e+01 9.92461170e+01 1.20120131e+02 1.65198899e+02 1.76594852e+02 2.04979861e+02 2.40009986e+02 2.98967191e+02 3.60588884e+02 4.35550754e-14 3.13858954e-05 9.55754699e-06 9.94187565e-01 9.80477500e-01 5.37440581e-16 9.89095461e-01 1.25378875e-06 9.51595981e-01 4.54320340e-01 9.81971836e-01 9.98252352e-01 9.99613324e-01 7.34359308e-07 5.81654821e-07 5.81654379e-07 7.97409505e-03 1.36118555e-02 2.48915399e-03 7.47733774e-03 2.57577039e-02 5.58848610e-03 2.56657578e-03 6.27499090e-03 5.61370683e-03 4.83931713e-03
1.29579580e-01 -2.92799521e-02 -3.73048610e-03 -3.73048471e-03 4.94831055e+01 7.02443432e+01 9.92461170e+01 1.20114831e+02 1.65198899e+02 1.76596556e+02 2.04972474e+02 2.40003250e+02 2.98964094e+02 3.60587160e+02 2.45439070e-14 2.16256791e-05 2.47234723e-05 9.94171133e-01 9.80541468e-01 5.93116472e-16 9.89129595e-01 1.25233593e-06 9.51684111e-01 4.53865461e-01 9.82010245e-01 9.98256321e-01 9.99614187e-01 7.34359308e-07 5.81654997e-07 5.81654203e-07 7.98572900e-03 1.35918093e-02 2.48915399e-03 7.46605364e-03 2.57577039e-02 5.58316297e-03 2.56199556e-03 6.26717629e-03 5.60712119e-03 4.83384818e-03
1.29729730e-01 -2.92799521e-02 -3.73048672e-03 -3.73048528e-03 4.94636397e+01 7.02062066e+01 9.92461170e+01 1.20109553e+02 1.65198899e+02 1.76598254e+02 2.04965107e+02 2.39996539e+02 2.98961007e+02 3.60585442e+02 1.43143151e-13 2.86429274e-05 1.61556378e-05 9.94154725e-01 9.80605307e-01 9.63384401e-16 9.89163566e-01 1.25088646e-06 9.51772019e-01 4.53411420e-01 9.82048541e-01 9.98260277e-01 9.99615047e-01 7.34359308e-07 5.81654941e-07 5.81654259e-07 7.99733202e-03 1.35717556e-02 2.48915399e-03 7.45480441e-03 2.57577039e-02 5.57784909e-03 2.55742569e-03 6.25938064e-03 5.60055087e-03 4.82839136e-03
1.29879880e-01 -2.92799522e-02 -3.73048702e-03 -3.73048450e-03 4.94441318e+01 7.01682025e+01 9.92461170e+01 1.20104296e+02 1.65198899e+02 1.76599949e+02 2.04957762e+02 2.39989851e+02 2.98957931e+02 3.60583730e+02 4.21354860e-14 2.71252243e-05 1.86587478e-05 9.94138343e-01 9.80669015e-01 5.83445087e-16 9.89197373e-01 1.24944035e-06 9.51859707e-01 4.52958216e-01 9.82086725e-01 9.98264220e-01 9.99615905e-01 7.34359308e-07 5.81654973e-07 5.81654227e-07 8.00890384e-03 1.35516947e-02 2.48915399e-03 7.44358989e-03 2.57577039e-02 5.57254443e-03 2.55286617e-03 6.25160388e-03 5.59399583e-03 4.82294665e-03
1.30030030e-01 -2.92799521e-02 -3.73048579e-03 -3.73048129e-03 4.94245818e+01 7.01303308e+01 9.92461170e+01 1.20099060e+02 1.65198899e+02 1.76601638e+02 2.04950437e+02 2.39983186e+02 2.98954865e+02 3.60582024e+02 6.57989098e-14 2.99081763e-05 1.38540713e-05 9.94121986e-01 9.80732594e-01 1.25805696e-15 9.89231018e-01 1.24799758e-06 9.51947176e-01 4.52505846e-01 9.82124797e-01 9.98268150e-01 9.99616759e-01 7.34359308e-07 5.81654904e-07 5.81654296e-07 8.02044423e-03 1.35316269e-02 2.48915399e-03 7.43240993e-03 2.57577039e-02 5.56724898e-03 2.54831695e-03 6.24384595e-03 5.58745601e-03 4.81751400e-03
1.30180180e-01 -2.92799520e-02 -3.73048453e-03 -3.73048125e-03 4.94049900e+01 7.00925912e+01 9.92461170e+01 1.20093846e+02 1.65198899e+02 1.76603323e+02 2.04943134e+02 2.39976545e+02 2.98951810e+02 3.60580323e+02 4.82034952e-14 2.03095571e-05 2.60089740e-05 9.94105656e-01 9.80796041e-01 8.57459350e-16 9.89264503e-01 1.24655813e-06 9.52034425e-01 4.52054309e-01 9.82162758e-01 9.98272066e-01 9.99617611e-01 7.34359308e-07 5.81654989e-07 5.81654211e-07 8.03195295e-03 1.35115523e-02 2.48915399e-03 7.42126437e-03 2.57577039e-02 5.56196271e-03 2.54377803e-03 6.23610679e-03 5.58093136e-03 4.81209337e-03
1.30330330e-01 -2.92799522e-02 -3.73048542e-03 -3.73048316e-03 4.93853563e+01 7.00549834e+01 9.92461170e+01 1.20088653e+02 1.65198899e+02 1.76605002e+02 2.04935851e+02 2.39969928e+02 2.98948766e+02 3.60578629e+02 2.19705548e-14 2.58768272e-05 2.05389406e-05 9.94089353e-01 9.80859357e-01 8.09921875e-16 9.89297827e-01 1.24512200e-06 9.52121456e-01 4.51603602e-01 9.82200607e-01 9.98275969e-01 9.99618460e-01 7.34359308e-07 5.81654989e-07 5.81654211e-07 8.04342975e-03 1.34914714e-02 2.48915399e-03 7.41015306e-03 2.57577039e-02 5.55668559e-03 2.53924938e-03 6.22838633e-03 5.57442184e-03 4.80668472e-03
1.30480480e-01 -2.92799521e-02 -3.73048533e-03 -3.73048100e-03 4.93656809e+01 7.00175073e+01 9.92461170e+01 1.20083481e+02 1.65198899e+02 1.76606677e+02 2.04928589e+02 2.39963333e+02 2.98945732e+02 3.60576940e+02 5.25812953e-14 2.23307990e-05 2.43989756e-05 9.94073077e-01 9.80922541e-01 1.38543570e-15 9.89330993e-01 1.24368919e-06 9.52208269e-01 4.51153723e-01 9.82238344e-01 9.98279860e-01 9.99619306e-01 7.34359308e-07 5.81654999e-07 5.81654201e-07 8.05487439e-03 1.34713844e-02 2.48915399e-03 7.39907585e-03 2.57577039e-02 5.55141762e-03 2.53473099e-03 6.22068451e-03 5.56792738e-03 4.80128802e-03
1.30630631e-01 -2.92799521e-02 -3.73048501e-03 -3.73048097e-03 4.93459639e+01 6.99801626e+01 9.92461170e+01 1.20078330e+02 1.65198899e+02 1.76608347e+02 2.04921347e+02 2.39956762e+02 2.98942709e+02 3.60575257e+02 7.19847606e-14 2.30713778e-05 2.37530072e-05 9.94056830e-01 9.80985593e-01 6.70374182e-16 9.89364001e-01 1.24225966e-06 9.52294866e-01 4.50704670e-01 9.82275972e-01 9.98283737e-01 9.99620149e-01 7.34359308e-07 5.81655000e-07 5.81654200e-07 8.06628663e-03 1.34512915e-02 2.48915399e-03 7.38803258e-03 2.57577039e-02 5.54615877e-03 2.53022282e-03 6.21300127e-03 5.56144794e-03 4.79590322e-03
1.30780781e-01 -2.92799520e-02 -3.73048889e-03 -3.73048333e-03 4.93262054e+01 6.99429490e+01 9.92461170e+01 1.20073199e+02 1.65198899e+02 1.76610013e+02 2.04914126e+02 2.39950214e+02 2.98939696e+02 3.60573579e+02 1.03530108e-14 3.23884193e-05 7.07150950e-06 9.94040610e-01 9.81048512e-01 1.32271406e-15 9.89396852e-01 1.24083341e-06 9.52381246e-01 4.50256442e-01 9.82313489e-01 9.98287602e-01 9.99620989e-01 7.34359308e-07 5.81654764e-07 5.81654436e-07 8.07766624e-03 1.34311931e-02 2.48915399e-03 7.37702311e-03 2.57577039e-02 5.54090901e-03 2.52572486e-03 6.20533654e-03 5.55498346e-03 4.79053029e-03
1.30930931e-01 -2.92799523e-02 -3.73048815e-03 -3.73048246e-03 4.93064054e+01 6.99058663e+01 9.92461170e+01 1.20068090e+02 1.65198899e+02 1.76611674e+02 2.04906925e+02 2.39943689e+02 2.98936694e+02 3.60571907e+02 1.72166660e-13 3.23488949e-05 7.42226185e-06 9.94024420e-01 9.81111298e-01 7.16052001e-16 9.89429547e-01 1.23941044e-06 9.52467410e-01 4.49809037e-01 9.82350896e-01 9.98291453e-01 9.99621827e-01 7.34359308e-07 5.81654772e-07 5.81654428e-07 8.08901297e-03 1.34110895e-02 2.48915399e-03 7.36604728e-03 2.57577039e-02 5.53566833e-03 2.52123709e-03 6.19769027e-03 5.54853390e-03 4.78516919e-03
1.31081081e-01 -2.92799519e-02 -3.73048461e-03 -3.73047928e-03 4.92865642e+01 6.98689143e+01 9.92461170e+01 1.20063001e+02 1.65198899e+02 1.76613330e+02 2.04899745e+02 2.39937186e+02 2.98933702e+02 3.60570241e+02 1.14149843e-13 1.22906092e-05 3.08708570e-05 9.94008260e-01 9.81173950e-01 9.58338759e-16 9.89462087e-01 1.23799073e-06 9.52553359e-01 4.49362451e-01 9.82388194e-01 9.98295292e-01 9.99622662e-01 7.34359308e-07 5.81654877e-07 5.81654323e-07 8.10032659e-03 1.33909809e-02 2.48915399e-03 7.35510495e-03 2.57577039e-02 5.53043670e-03 2.51675949e-03 6.19006239e-03 5.54209921e-03 4.77981987e-03
1.31231231e-01 -2.92799521e-02 -3.73048443e-03 -3.73047678e-03 4.92666817e+01 6.98320927e+01 9.92461170e+01 1.20057932e+02 1.65198899e+02 1.76614981e+02 2.04892585e+02 2.39930706e+02 2.98930720e+02 3.60568580e+02 5.17500462e-14 7.77514972e-06 3.23441919e-05 9.93992130e-01 9.81236469e-01 7.09814789e-16 9.89494474e-01 1.23657426e-06 9.52639094e-01 4.48916684e-01 9.82425382e-01 9.98299119e-01 9.99623495e-01 7.34359308e-07 5.81654784e-07 5.81654415e-07 8.11160687e-03 1.33708676e-02 2.48915399e-03 7.34419596e-03 2.57577039e-02 5.52521410e-03 2.51229204e-03 6.18245283e-03 5.53567933e-03 4.77448231e-03
1.31381381e-01 -2.92799523e-02 -3.73048377e-03 -3.73047987e-03 4.92467582e+01 6.97954012e+01 9.92461170e+01 1.20052884e+02 1.65198899e+02 1.76616628e+02 2.04885446e+02 2.39924249e+02 2.98927749e+02 3.60566925e+02 7.27094362e-14 2.35673809e-05 2.35310853e-05 9.93976030e-01 9.81298852e-01 1.06744230e-15 9.89526707e-01 1.23516103e-06 9.52724615e-01 4.48471733e-01 9.82462462e-01 9.98302932e-01 9.99624324e-01 7.34359308e-07 5.81655000e-07 5.81654199e-07 8.12285358e-03 1.33507499e-02 2.48915399e-03 7.33332017e-03 2.57577039e-02 5.52000051e-03 2.50783471e-03 6.17486155e-03 5.52927421e-03 4.76915647e-03
1.31531532e-01 -2.92799520e-02 -3.73048651e-03 -3.73048224e-03 4.92267937e+01 6.97588398e+01 9.92461170e+01 1.20047855e+02 1.65198899e+02 1.76618270e+02 2.04878327e+02 2.39917815e+02 2.98924787e+02 3.60565276e+02 2.68499839e-14 2.76013567e-05 1.87038803e-05 9.93959962e-01 9.81361100e-01 4.48801003e-16 9.89558788e-01 1.23375103e-06 9.52809922e-01 4.48027597e-01 9.82499433e-01 9.98306733e-01 9.99625151e-01 7.34359308e-07 5.81654971e-07 5.81654229e-07 8.13406649e-03 1.33306281e-02 2.48915399e-03 7.32247744e-03 2.57577039e-02 5.51479592e-03 2.50338748e-03 6.16728847e-03 5.52288381e-03 4.76384230e-03
1.31681682e-01 -2.92799521e-02 -3.73048655e-03 -3.73048402e-03 4.92067883e+01 6.97224079e+01 9.92461170e+01 1.20042847e+02 1.65198899e+02 1.76619907e+02 2.04871227e+02 2.39911403e+02 2.98921836e+02 3.60563632e+02 4.99110024e-14 1.73436050e-05 2.85203244e-05 9.93943926e-01 9.81423213e-01 8.78462363e-16 9.89590718e-01 1.23234425e-06 9.52895018e-01 4.47584272e-01 9.82536297e-01 9.98310521e-01 9.99625975e-01 7.34359308e-07 5.81654957e-07 5.81654243e-07 8.14524536e-03 1.33105025e-02 2.48915399e-03 7.31166761e-03 2.57577039e-02 5.50960029e-03 2.49895034e-03 6.15973354e-03 5.51650807e-03 4.75853977e-03
1.31831832e-01 -2.92799519e-02 -3.73048492e-03 -3.73048392e-03 4.91867422e+01 6.96861056e+01 9.92461170e+01 1.20037859e+02 1.65198899e+02 1.76621540e+02 2.04864148e+02 2.39905013e+02 2.98918895e+02 3.60561994e+02 2.00750062e-14 2.53547681e-05 2.17689614e-05 9.93927922e-01 9.81485190e-01 5.79657450e-16 9.89622499e-01 1.23094066e-06 9.52979901e-01 4.47141759e-01 9.82573052e-01 9.98314297e-01 9.99626797e-01 7.34359308e-07 5.81654995e-07 5.81654204e-07 8.15638998e-03 1.32903733e-02 2.48915399e-03 7.30089054e-03 2.57577039e-02 5.50441360e-03 2.49452326e-03 6.15219669e-03 5.51014695e-03 4.75324884e-03
1.31981982e-01 -2.92799519e-02 -3.73048498e-03 -3.73048015e-03 4.91666554e+01 6.96499324e+01 9.92461170e+01 1.20032891e+02 1.65198899e+02 1.76623168e+02 2.04857089e+02 2.39898645e+02 2.98915964e+02 3.60560361e+02 4.51434832e-15 2.58187248e-05 2.12765292e-05 9.93911951e-01 9.81547031e-01 1.15926140e-15 9.89654130e-01 1.22954028e-06 9.53064573e-01 4.46700053e-01 9.82609701e-01 9.98318060e-01 9.99627616e-01 7.34359308e-07 5.81654992e-07 5.81654207e-07 8.16750011e-03 1.32702408e-02 2.48915399e-03 7.29014610e-03 2.57577039e-02 5.49923585e-03 2.49010622e-03 6.14467787e-03 5.50380039e-03 4.74796948e-03
1.32132132e-01 -2.92799520e-02 -3.73048529e-03 -3.73048112e-03 4.91465281e+01 6.96138881e+01 9.92461170e+01 1.20027943e+02 1.65198899e+02 1.76624792e+02 2.04850050e+02 2.39892299e+02 2.98913043e+02 3.60558733e+02 5.75100324e-14 2.89526574e-05 1.68401032e-05 9.93896014e-01 9.81608734e-01 3.18149161e-16 9.89685612e-01 1.22814307e-06 9.53149035e-01 4.46259154e-01 9.82646242e-01 9.98321811e-01 9.99628432e-01 7.34359308e-07 5.81654947e-07 5.81654253e-07 8.17857554e-03 1.32501053e-02 2.48915399e-03 7.27943412e-03 2.57577039e-02 5.49406700e-03 2.48569920e-03 6.13717701e-03 5.49746835e-03 4.74270165e-03
1.32282282e-01 -2.92799523e-02 -3.73048353e-03 -3.73047945e-03 4.91263604e+01 6.95779725e+01 9.92461170e+01 1.20023014e+02 1.65198899e+02 1.76626411e+02 2.04843030e+02 2.39885976e+02 2.98910132e+02 3.60557111e+02 5.61942892e-14 1.19068045e-05 3.13468427e-05 9.93880110e-01 9.81670301e-01 2.86116231e-16 9.89716948e-01 1.22674904e-06 9.53233286e-01 4.45819060e-01 9.82682677e-01 9.98325550e-01 9.99629246e-01 7.34359308e-07 5.81654868e-07 5.81654332e-07 8.18961604e-03 1.32299672e-02 2.48915399e-03 7.26875448e-03 2.57577039e-02 5.48890703e-03 2.48130218e-03 6.12969406e-03 5.49115078e-03 4.73744530e-03
1.32432432e-01 -2.92799523e-02 -3.73048583e-03 -3.73048200e-03 4.91061525e+01 6.95421853e+01 9.92461170e+01 1.20018105e+02 1.65198899e+02 1.76628025e+02 2.04836031e+02 2.39879674e+02 2.98907231e+02 3.60555495e+02 4.86258285e-14 2.72500256e-05 1.96057808e-05 9.93864241e-01 9.81731730e-01 5.90150011e-16 9.89748137e-01 1.22535817e-06 9.53317329e-01 4.45379768e-01 9.82719005e-01 9.98329276e-01 9.99630057e-01 7.34359308e-07 5.81654979e-07 5.81654221e-07 8.20062139e-03 1.32098266e-02 2.48915399e-03 7.25810702e-03 2.57577039e-02 5.48375593e-03 2.47691513e-03 6.12222895e-03 5.48484762e-03 4.73220041e-03
1.32582583e-01 -2.92799521e-02 -3.73048650e-03 -3.73048152e-03 4.90859043e+01 6.95065263e+01 9.92461170e+01 1.20013216e+02 1.65198899e+02 1.76629635e+02 2.04829051e+02 2.39873394e+02 2.98904340e+02 3.60553884e+02 3.21630291e-14 5.98513929e-06 3.30709168e-05 9.93848407e-01 9.81793020e-01 8.75668596e-16 9.89779180e-01 1.22397044e-06 9.53401162e-01 4.44941277e-01 9.82755228e-01 9.98332990e-01 9.99630865e-01 7.34359308e-07 5.81654743e-07 5.81654457e-07 8.21159138e-03 1.31896839e-02 2.48915399e-03 7.24749162e-03 2.57577039e-02 5.47861367e-03 2.47253804e-03 6.11478163e-03 5.47855884e-03 4.72696694e-03
1.32732733e-01 -2.92799522e-02 -3.73048844e-03 -3.73048406e-03 4.90656161e+01 6.94709951e+01 9.92461170e+01 1.20008346e+02 1.65198899e+02 1.76631241e+02 2.04822090e+02 2.39867136e+02 2.98901459e+02 3.60552278e+02 4.54550989e-14 2.82924225e-05 1.82100535e-05 9.93832609e-01 9.81854173e-01 1.12218558e-15 9.89810079e-01 1.22258586e-06 9.53484788e-01 4.44503584e-01 9.82791345e-01 9.98336692e-01 9.99631671e-01 7.34359308e-07 5.81654963e-07 5.81654237e-07 8.22252579e-03 1.31695393e-02 2.48915399e-03 7.23690812e-03 2.57577039e-02 5.47348024e-03 2.46817089e-03 6.10735203e-03 5.47228438e-03 4.72174485e-03
1.32882883e-01 -2.92799521e-02 -3.73048763e-03 -3.73048412e-03 4.90452880e+01 6.94355916e+01 9.92461170e+01 1.20003495e+02 1.65198899e+02 1.76632842e+02 2.04815150e+02 2.39860899e+02 2.98898587e+02 3.60550677e+02 5.69467775e-14 2.71991828e-05 1.98704394e-05 9.93816847e-01 9.81915186e-01 1.17396819e-15 9.89840835e-01 1.22120441e-06 9.53568206e-01 4.44066689e-01 9.82827357e-01 9.98340382e-01 9.99632474e-01 7.34359308e-07 5.81654981e-07 5.81654219e-07 8.23342440e-03 1.31493932e-02 2.48915399e-03 7.22635638e-03 2.57577039e-02 5.46835560e-03 2.46381365e-03 6.09994009e-03 5.46602419e-03 4.71653410e-03
1.33033033e-01 -2.92799520e-02 -3.73048354e-03 -3.73047828e-03 4.90249201e+01 6.94003155e+01 9.92461170e+01 1.19998663e+02 1.65198899e+02 1.76634438e+02 2.04808229e+02 2.39854684e+02 2.98895725e+02 3.60549082e+02 1.47225276e-13 1.43930354e-05 3.04964919e-05 9.93801122e-01 9.81976060e-01 1.17826991e-15 9.89871447e-01 1.21982607e-06 9.53651417e-01 4.43630587e-01 9.82863264e-01 9.98344060e-01 9.99633275e-01 7.34359308e-07 5.81654911e-07 5.81654289e-07 8.24428700e-03 1.31292457e-02 2.48915399e-03 7.21583628e-03 2.57577039e-02 5.46323975e-03 2.45946630e-03 6.09254577e-03 5.45977823e-03 4.71133466e-03
1.33183183e-01 -2.92799521e-02 -3.73048740e-03 -3.73048438e-03 4.90045126e+01 6.93651665e+01 9.92461170e+01 1.19993851e+02 1.65198899e+02 1.76636030e+02 2.04801327e+02 2.39848491e+02 2.98892873e+02 3.60547492e+02 4.56655505e-14 2.86605712e-05 1.78419625e-05 9.93785434e-01 9.82036794e-01 4.32558924e-16 9.89901918e-01 1.21845085e-06 9.53734422e-01 4.43195279e-01 9.82899067e-01 9.98347725e-01 9.99634073e-01 7.34359308e-07 5.81654958e-07 5.81654242e-07 8.25511338e-03 1.31090973e-02 2.48915399e-03 7.20534767e-03 2.57577039e-02 5.45813266e-03 2.45512883e-03 6.08516899e-03 5.45354644e-03 4.70614649e-03
1.33333333e-01 -2.92799521e-02 -3.73048726e-03 -3.73048432e-03 4.89840655e+01 6.93301443e+01 9.92461170e+01 1.19989057e+02 1.65198899e+02 1.76637618e+02 2.04794444e+02 2.39842318e+02 2.98890031e+02 3.60545908e+02 8.04296990e-14 2.99233753e-05 1.57139097e-05 9.93769783e-01 9.82097388e-01 6.71919814e-16 9.89932247e-01 1.21707872e-06 9.53817222e-01 4.42760762e-01 9.82934766e-01 9.98351379e-01 9.99634868e-01 7.34359308e-07 5.81654928e-07 5.81654272e-07 8.26590334e-03 1.30889481e-02 2.48915399e-03 7.19489041e-03 2.57577039e-02 5.45303431e-03 2.45080120e-03 6.07780970e-03 5.44732879e-03 4.70096956e-03
1.33483483e-01 -2.92799519e-02 -3.73048914e-03 -3.73048393e-03 4.89635789e+01 6.92952487e+01 9.92461170e+01 1.19984282e+02 1.65198899e+02 1.76639201e+02 2.04787581e+02 2.39836167e+02 2.98887198e+02 3.60544328e+02 3.70488979e-14 3.11211306e-05 1.32809960e-05 9.93754171e-01 9.82157842e-01 1.78574896e-15 9.89962437e-01 1.21570968e-06 9.53899816e-01 4.42327033e-01 9.82970360e-01 9.98355021e-01 9.99635661e-01 7.34359308e-07 5.81654887e-07 5.81654313e-07 8.27665667e-03 1.30687985e-02 2.48915399e-03 7.18446437e-03 2.57577039e-02 5.44794467e-03 2.44648340e-03 6.07046785e-03 5.44112523e-03 4.69580383e-03
1.33633634e-01 -2.92799520e-02 -3.73048347e-03 -3.73047712e-03 4.89430531e+01 6.92604795e+01 9.92461170e+01 1.19979526e+02 1.65198899e+02 1.76640780e+02 2.04780738e+02 2.39830037e+02 2.98884375e+02 3.60542754e+02 1.31747828e-13 8.01100883e-06 3.29136831e-05 9.93738597e-01 9.82218154e-01 3.28090908e-16 9.89992487e-01 1.21434371e-06 9.53982206e-01 4.41894092e-01 9.83005852e-01 9.98358650e-01 9.99636451e-01 7.34359308e-07 5.81654786e-07 5.81654413e-07 8.28737315e-03 1.30486488e-02 2.48915399e-03 7.17406940e-03 2.57577039e-02 5.44286374e-03 2.44217541e-03 6.06314336e-03 5.43493570e-03 4.69064926e-03
1.33783784e-01 -2.92799523e-02 -3.73048484e-03 -3.73047661e-03 4.89224881e+01 6.92258362e+01 9.92461170e+01 1.19974789e+02 1.65198899e+02 1.76642354e+02 2.04773913e+02 2.39823928e+02 2.98881561e+02 3.60541186e+02 2.99458525e-14 9.39760270e-06 3.25845352e-05 9.93723063e-01 9.82278325e-01 7.66181715e-16 9.90022399e-01 1.21298081e-06 9.54064393e-01 4.41461936e-01 9.83041240e-01 9.98362268e-01 9.99637239e-01 7.34359308e-07 5.81654816e-07 5.81654384e-07 8.29805260e-03 1.30284991e-02 2.48915399e-03 7.16370538e-03 2.57577039e-02 5.43779148e-03 2.43787721e-03 6.05583620e-03 5.42876016e-03 4.68550582e-03
1.33933934e-01 -2.92799521e-02 -3.73048589e-03 -3.73048090e-03 4.89018841e+01 6.91913188e+01 9.92461170e+01 1.19970070e+02 1.65198899e+02 1.76643924e+02 2.04767107e+02 2.39817840e+02 2.98878757e+02 3.60539622e+02 4.90293475e-14 8.16347718e-06 3.29546276e-05 9.93707569e-01 9.82338355e-01 7.73444699e-16 9.90052173e-01 1.21162097e-06 9.54146376e-01 4.41030563e-01 9.83076526e-01 9.98365874e-01 9.99638025e-01 7.34359308e-07 5.81654789e-07 5.81654410e-07 8.30869480e-03 1.30083499e-02 2.48915399e-03 7.15337218e-03 2.57577039e-02 5.43272789e-03 2.43358877e-03 6.04854629e-03 5.42259856e-03 4.68037348e-03
1.34084084e-01 -2.92799521e-02 -3.73048417e-03 -3.73047796e-03 4.88812412e+01 6.91569268e+01 9.92461170e+01 1.19965369e+02 1.65198899e+02 1.76645489e+02 2.04760321e+02 2.39811773e+02 2.98875962e+02 3.60538063e+02 3.46869692e-14 1.01940619e-05 3.24240159e-05 9.93692114e-01 9.82398243e-01 1.04826496e-15 9.90081810e-01 1.21026417e-06 9.54228157e-01 4.40599971e-01 9.83111709e-01 9.98369469e-01 9.99638807e-01 7.34359308e-07 5.81654831e-07 5.81654368e-07 8.31929957e-03 1.29882013e-02 2.48915399e-03 7.14306965e-03 2.57577039e-02 5.42767293e-03 2.42931007e-03 6.04127359e-03 5.41645086e-03 4.67525220e-03
1.34234234e-01 -2.92799521e-02 -3.73048518e-03 -3.73048143e-03 4.88605595e+01 6.91226601e+01 9.92461170e+01 1.19960688e+02 1.65198899e+02 1.76647050e+02 2.04753553e+02 2.39805726e+02 2.98873177e+02 3.60536510e+02 2.71227057e-14 2.35106986e-05 2.45982015e-05 9.93676701e-01 9.82457988e-01 6.96972732e-16 9.90111311e-01 1.20891041e-06 9.54309736e-01 4.40170159e-01 9.83146790e-01 9.98373052e-01 9.99639588e-01 7.34359308e-07 5.81655000e-07 5.81654200e-07 8.32986670e-03 1.29680537e-02 2.48915399e-03 7.13279766e-03 2.57577039e-02 5.42262659e-03 2.42504110e-03 6.03401803e-03 5.41031701e-03 4.67014194e-03
1.34384384e-01 -2.92799522e-02 -3.73048599e-03 -3.73048444e-03 4.88398392e+01 6.90885183e+01 9.92461170e+01 1.19956024e+02 1.65198899e+02 1.76648607e+02 2.04746805e+02 2.39799701e+02 2.98870401e+02 3.60534962e+02 1.15362084e-13 2.72664838e-05 2.04194757e-05 9.93661329e-01 9.82517590e-01 2.11978657e-15 9.90140677e-01 1.20755967e-06 9.54391113e-01 4.39741125e-01 9.83181770e-01 9.98376623e-01 9.99640365e-01 7.34359308e-07 5.81654983e-07 5.81654216e-07 8.34039599e-03 1.29479073e-02 2.48915399e-03 7.12255608e-03 2.57577039e-02 5.41758885e-03 2.42078182e-03 6.02677955e-03 5.40419697e-03 4.66504267e-03
1.34534535e-01 -2.92799522e-02 -3.73048618e-03 -3.73048331e-03 4.88190804e+01 6.90545012e+01 9.92461170e+01 1.19951378e+02 1.65198899e+02 1.76650160e+02 2.04740075e+02 2.39793695e+02 2.98867634e+02 3.60533418e+02 1.12571902e-14 2.92218982e-05 1.75809939e-05 9.93645999e-01 9.82577049e-01 5.61680989e-16 9.90169909e-01 1.20621194e-06 9.54472290e-01 4.39312866e-01 9.83216648e-01 9.98380182e-01 9.99641141e-01 7.34359308e-07 5.81654952e-07 5.81654247e-07 8.35088726e-03 1.29277625e-02 2.48915399e-03 7.11234479e-03 2.57577039e-02 5.41255969e-03 2.41653223e-03 6.01955811e-03 5.39809069e-03 4.65995435e-03
1.34684685e-01 -2.92799521e-02 -3.73048595e-03 -3.73048397e-03 4.87982833e+01 6.90206084e+01 9.92461170e+01 1.19946751e+02 1.65198899e+02 1.76651708e+02 2.04733364e+02 2.39787711e+02 2.98864877e+02 3.60531880e+02 6.12295772e-14 1.96389422e-05 2.79270494e-05 9.93630711e-01 9.82636364e-01 4.07865914e-16 9.90199008e-01 1.20486723e-06 9.54553267e-01 4.38885381e-01 9.83251425e-01 9.98383730e-01 9.99641914e-01 7.34359308e-07 5.81654978e-07 5.81654222e-07 8.36134032e-03 1.29076195e-02 2.48915399e-03 7.10216364e-03 2.57577039e-02 5.40753908e-03 2.41229230e-03 6.01235364e-03 5.39199812e-03 4.65487696e-03
1.34834835e-01 -2.92799521e-02 -3.73048809e-03 -3.73048404e-03 4.87774479e+01 6.89868399e+01 9.92461170e+01 1.19942141e+02 1.65198899e+02 1.76653251e+02 2.04726672e+02 2.39781746e+02 2.98862129e+02 3.60530347e+02 4.59787064e-14 2.65334585e-05 2.15449314e-05 9.93615466e-01 9.82695536e-01 5.71346944e-16 9.90227974e-01 1.20352550e-06 9.54634044e-01 4.38458667e-01 9.83286101e-01 9.98387267e-01 9.99642684e-01 7.34359308e-07 5.81654991e-07 5.81654209e-07 8.37175498e-03 1.28874785e-02 2.48915399e-03 7.09201251e-03 2.57577039e-02 5.40252702e-03 2.40806200e-03 6.00516609e-03 5.38591921e-03 4.64981045e-03
1.34984985e-01 -2.92799521e-02 -3.73048656e-03 -3.73048309e-03 4.87565745e+01 6.89531951e+01 9.92461170e+01 1.19937550e+02 1.65198899e+02 1.76654791e+02 2.04719998e+02 2.39775802e+02 2.98859390e+02 3.60528819e+02 8.93226166e-14 2.68151084e-05 2.12546865e-05 9.93600264e-01 9.82754564e-01 1.10848716e-15 9.90256808e-01 1.20218677e-06 9.54714622e-01 4.38032724e-01 9.83320678e-01 9.98390792e-01 9.99643452e-01 7.34359308e-07 5.81654989e-07 5.81654211e-07 8.38213104e-03 1.28673399e-02 2.48915399e-03 7.08189127e-03 2.57577039e-02 5.39752347e-03 2.40384131e-03 5.99799540e-03 5.37985394e-03 4.64475479e-03
1.35135135e-01 -2.92799521e-02 -3.73048749e-03 -3.73048352e-03 4.87356632e+01 6.89196739e+01 9.92461170e+01 1.19932976e+02 1.65198899e+02 1.76656326e+02 2.04713343e+02 2.39769878e+02 2.98856660e+02 3.60527296e+02 1.93921266e-14 3.23938708e-05 1.11379988e-05 9.93585106e-01 9.82813446e-01 7.50265482e-16 9.90285511e-01 1.20085100e-06 9.54795002e-01 4.37607549e-01 9.83355154e-01 9.98394306e-01 9.99644217e-01 7.34359308e-07 5.81654844e-07 5.81654356e-07 8.39246833e-03 1.28472040e-02 2.48915399e-03 7.07179980e-03 2.57577039e-02 5.39252842e-03 2.39963023e-03 5.99084152e-03 5.37380224e-03 4.63970995e-03
1.35285285e-01 -2.92799522e-02 -3.73048514e-03 -3.73048075e-03 4.87147140e+01 6.88862760e+01 9.92461170e+01 1.19928420e+02 1.65198899e+02 1.76657857e+02 2.04706707e+02 2.39763974e+02 2.98853939e+02 3.60525778e+02 1.96422155e-14 2.98438275e-05 1.68929834e-05 9.93569992e-01 9.82872184e-01 1.01233834e-15 9.90314083e-01 1.19951821e-06 9.54875185e-01 4.37183141e-01 9.83389531e-01 9.98397808e-01 9.99644980e-01 7.34359308e-07 5.81654942e-07 5.81654258e-07 8.40276667e-03 1.28270709e-02 2.48915399e-03 7.06173795e-03 2.57577039e-02 5.38754185e-03 2.39542871e-03 5.98370439e-03 5.36776407e-03 4.63467589e-03
1.35435435e-01 -2.92799522e-02 -3.73048506e-03 -3.73047982e-03 4.86937272e+01 6.88530011e+01 9.92461170e+01 1.19923882e+02 1.65198899e+02 1.76659384e+02 2.04700089e+02 2.39758090e+02 2.98851228e+02 3.60524265e+02 1.37599108e-14 1.13123911e-05 3.24140198e-05 9.93554923e-01 9.82930777e-01 3.37689684e-16 9.90342527e-01 1.19818836e-06 9.54955170e-01 4.36759496e-01 9.83423808e-01 9.98401299e-01 9.99645741e-01 7.34359308e-07 5.81654851e-07 5.81654348e-07 8.41302587e-03 1.28069411e-02 2.48915399e-03 7.05170561e-03 2.57577039e-02 5.38256374e-03 2.39123675e-03 5.97658395e-03 5.36173939e-03 4.62965258e-03
1.35585586e-01 -2.92799521e-02 -3.73048881e-03 -3.73048203e-03 4.86727029e+01 6.88198489e+01 9.92461170e+01 1.19919361e+02 1.65198899e+02 1.76660907e+02 2.04693489e+02 2.39752226e+02 2.98848525e+02 3.60522757e+02 5.25596914e-15 3.36390603e-05 7.04750551e-06 9.93539899e-01 9.82989224e-01 1.11476240e-15 9.90370841e-01 1.19686146e-06 9.55034958e-01 4.36336615e-01 9.83457986e-01 9.98404779e-01 9.99646499e-01 7.34359308e-07 5.81654758e-07 5.81654442e-07 8.42324575e-03 1.27868147e-02 2.48915399e-03 7.04170264e-03 2.57577039e-02 5.37759407e-03 2.38705431e-03 5.96948016e-03 5.35572815e-03 4.62463999e-03
1.35735736e-01 -2.92799522e-02 -3.73048726e-03 -3.73048289e-03 4.86516412e+01 6.87868191e+01 9.92461170e+01 1.19914858e+02 1.65198899e+02 1.76662425e+02 2.04686908e+02 2.39746382e+02 2.98845831e+02 3.60521254e+02 1.56978237e-13 2.28541668e-05 2.57207796e-05 9.93524921e-01 9.83047525e-01 4.04384149e-16 9.90399028e-01 1.19553751e-06 9.55114551e-01 4.35914494e-01 9.83492066e-01 9.98408248e-01 9.99647255e-01 7.34359308e-07 5.81654998e-07 5.81654202e-07 8.43342615e-03 1.27666921e-02 2.48915399e-03 7.03172893e-03 2.57577039e-02 5.37263282e-03 2.38288139e-03 5.96239295e-03 5.34973032e-03 4.61963808e-03
1.35885886e-01 -2.92799521e-02 -3.73048529e-03 -3.73048160e-03 4.86305423e+01 6.87539114e+01 9.92461170e+01 1.19910371e+02 1.65198899e+02 1.76663939e+02 2.04680345e+02 2.39740558e+02 2.98843147e+02 3.60519755e+02 4.10595910e-14 3.19789733e-05 1.27998962e-05 9.93509990e-01 9.83105680e-01 3.04063025e-16 9.90427087e-01 1.19421647e-06 9.55193948e-01 4.35493132e-01 9.83526047e-01 9.98411705e-01 9.99648009e-01 7.34359308e-07 5.81654874e-07 5.81654326e-07 8.44356688e-03 1.27465735e-02 2.48915399e-03 7.02178435e-03 2.57577039e-02 5.36767997e-03 2.37871795e-03 5.95532227e-03 5.34374584e-03 4.61464681e-03
1.36036036e-01 -2.92799522e-02 -3.73048546e-03 -3.73048297e-03 4.86094064e+01 6.87211256e+01 9.92461170e+01 1.19905903e+02 1.65198899e+02 1.76665449e+02 2.04673800e+02 2.39734753e+02 2.98840471e+02 3.60518262e+02 2.72817179e-14 1.73075657e-05 2.98255558e-05 9.93495105e-01 9.83163688e-01 2.92835355e-16 9.90455021e-01 1.19289835e-06 9.55273151e-01 4.35072527e-01 9.83559931e-01 9.98415152e-01 9.99648760e-01 7.34359308e-07 5.81654949e-07 5.81654251e-07 8.45366778e-03 1.27264592e-02 2.48915399e-03 7.01186876e-03 2.57577039e-02 5.36273550e-03 2.37456399e-03 5.94826806e-03 5.33777467e-03 4.60966617e-03
1.36186186e-01 -2.92799520e-02 -3.73048992e-03 -3.73048179e-03 4.85882335e+01 6.86884614e+01 9.92461170e+01 1.19901451e+02 1.65198899e+02 1.76666955e+02 2.04667273e+02 2.39728968e+02 2.98837804e+02 3.60516773e+02 5.02432802e-14 3.35471041e-05 8.14455914e-06 9.93480267e-01 9.83221549e-01 8.02367637e-16 9.90482828e-01 1.19158313e-06 9.55352159e-01 4.34652677e-01 9.83593717e-01 9.98418587e-01 9.99649508e-01 7.34359308e-07 5.81654781e-07 5.81654419e-07 8.46372868e-03 1.27063495e-02 2.48915399e-03 7.00198206e-03 2.57577039e-02 5.35779939e-03 2.37041946e-03 5.94123028e-03 5.33181677e-03 4.60469610e-03
1.36336336e-01 -2.92799520e-02 -3.73048730e-03 -3.73048336e-03 4.85670239e+01 6.86559184e+01 9.92461170e+01 1.19897016e+02 1.65198899e+02 1.76668457e+02 2.04660765e+02 2.39723202e+02 2.98835146e+02 3.60515290e+02 1.15258596e-14 1.62910095e-05 3.04790809e-05 9.93465476e-01 9.83279263e-01 9.45810506e-16 9.90510511e-01 1.19027082e-06 9.55430974e-01 4.34233581e-01 9.83627405e-01 9.98422011e-01 9.99650255e-01 7.34359308e-07 5.81654934e-07 5.81654265e-07 8.47374940e-03 1.26862447e-02 2.48915399e-03 6.99212411e-03 2.57577039e-02 5.35287163e-03 2.36628436e-03 5.93420886e-03 5.32587210e-03 4.59973658e-03
1.36486486e-01 -2.92799521e-02 -3.73048526e-03 -3.73048038e-03 4.85457777e+01 6.86234964e+01 9.92461170e+01 1.19892599e+02 1.65198899e+02 1.76669954e+02 2.04654274e+02 2.39717456e+02 2.98832497e+02 3.60513811e+02 5.46436452e-14 8.97926780e-06 3.34122183e-05 9.93450734e-01 9.83336830e-01 7.40357984e-16 9.90538070e-01 1.18896139e-06 9.55509595e-01 4.33815236e-01 9.83660997e-01 9.98425425e-01 9.99650999e-01 7.34359308e-07 5.81654803e-07 5.81654397e-07 8.48372979e-03 1.26661450e-02 2.48915399e-03 6.98229479e-03 2.57577039e-02 5.34795219e-03 2.36215866e-03 5.92720376e-03 5.31994060e-03 4.59478758e-03
1.36636637e-01 -2.92799522e-02 -3.73048616e-03 -3.73048265e-03 4.85244950e+01 6.85911950e+01 9.92461170e+01 1.19888198e+02 1.65198899e+02 1.76671448e+02 2.04647802e+02 2.39711729e+02 2.98829857e+02 3.60512336e+02 4.13514638e-14 1.97012747e-05 2.84868123e-05 9.93436040e-01 9.83394249e-01 1.36449324e-15 9.90565505e-01 1.18765484e-06 9.55588024e-01 4.33397641e-01 9.83694492e-01 9.98428827e-01 9.99651740e-01 7.34359308e-07 5.81654976e-07 5.81654224e-07 8.49366969e-03 1.26460506e-02 2.48915399e-03 6.97249397e-03 2.57577039e-02 5.34304105e-03 2.35804235e-03 5.92021492e-03 5.31402225e-03 4.58984906e-03
1.36786787e-01 -2.92799521e-02 -3.73048715e-03 -3.73048304e-03 4.85031760e+01 6.85590141e+01 9.92461170e+01 1.19883814e+02 1.65198899e+02 1.76672937e+02 2.04641347e+02 2.39706021e+02 2.98827225e+02 3.60510867e+02 2.22689819e-14 3.20697332e-05 1.31836615e-05 9.93421395e-01 9.83451519e-01 3.40472619e-16 9.90592817e-01 1.18635115e-06 9.55666262e-01 4.32980794e-01 9.83727890e-01 9.98432219e-01 9.99652480e-01 7.34359308e-07 5.81654879e-07 5.81654320e-07 8.50356893e-03 1.26259620e-02 2.48915399e-03 6.96272155e-03 2.57577039e-02 5.33813820e-03 2.35393539e-03 5.91324229e-03 5.30811699e-03 4.58492099e-03
1.36936937e-01 -2.92799523e-02 -3.73048455e-03 -3.73047837e-03 4.84818208e+01 6.85269532e+01 9.92461170e+01 1.19879447e+02 1.65198899e+02 1.76674422e+02 2.04634910e+02 2.39700333e+02 2.98824602e+02 3.60509402e+02 1.37120331e-13 6.69011524e-06 3.40611214e-05 9.93406800e-01 9.83508642e-01 1.21422739e-15 9.90620008e-01 1.18505033e-06 9.55744308e-01 4.32564693e-01 9.83761193e-01 9.98435599e-01 9.99653217e-01 7.34359308e-07 5.81654754e-07 5.81654446e-07 8.51342735e-03 1.26058793e-02 2.48915399e-03 6.95297740e-03 2.57577039e-02 5.33324361e-03 2.34983778e-03 5.90628581e-03 5.30222478e-03 4.58000334e-03
1.37087087e-01 -2.92799520e-02 -3.73049100e-03 -3.73048251e-03 4.84604296e+01 6.84950122e+01 9.92461170e+01 1.19875097e+02 1.65198899e+02 1.76675903e+02 2.04628491e+02 2.39694663e+02 2.98821987e+02 3.60507943e+02 1.03574512e-15 3.43269198e-05 5.40592507e-06 9.93392254e-01 9.83565615e-01 1.03984634e-15 9.90647078e-01 1.18375236e-06 9.55822163e-01 4.32149336e-01 9.83794400e-01 9.98438969e-01 9.99653952e-01 7.34359308e-07 5.81654720e-07 5.81654480e-07 8.52324481e-03 1.25858028e-02 2.48915399e-03 6.94326139e-03 2.57577039e-02 5.32835727e-03 2.34574948e-03 5.89934543e-03 5.29634558e-03 4.57509608e-03
1.37237237e-01 -2.92799523e-02 -3.73048607e-03 -3.73048177e-03 4.84390026e+01 6.84631906e+01 9.92461170e+01 1.19870763e+02 1.65198899e+02 1.76677380e+02 2.04622090e+02 2.39689012e+02 2.98819382e+02 3.60506487e+02 1.52233372e-13 7.58273721e-06 3.39515869e-05 9.93377759e-01 9.83622440e-01 5.20766950e-16 9.90674027e-01 1.18245722e-06 9.55899828e-01 4.31734722e-01 9.83827512e-01 9.98442328e-01 9.99654684e-01 7.34359308e-07 5.81654773e-07 5.81654427e-07 8.53302114e-03 1.25657328e-02 2.48915399e-03 6.93357341e-03 2.57577039e-02 5.32347915e-03 2.34167048e-03 5.89242110e-03 5.29047935e-03 4.57019917e-03
1.37387387e-01 -2.92799520e-02 -3.73048564e-03 -3.73048394e-03 4.84175399e+01 6.84314883e+01 9.92461170e+01 1.19866445e+02 1.65198899e+02 1.76678854e+02 2.04615706e+02 2.39683381e+02 2.98816784e+02 3.60505037e+02 7.15026998e-14 2.36650990e-05 2.55503592e-05 9.93363315e-01 9.83679116e-01 1.05022138e-15 9.90700856e-01 1.18116492e-06 9.55977303e-01 4.31320849e-01 9.83860528e-01 9.98445677e-01 9.99655414e-01 7.34359308e-07 5.81654999e-07 5.81654200e-07 8.54275619e-03 1.25456696e-02 2.48915399e-03 6.92391334e-03 2.57577039e-02 5.31860925e-03 2.33760075e-03 5.88551276e-03 5.28462604e-03 4.56531258e-03
1.37537538e-01 -2.92799520e-02 -3.73048568e-03 -3.73048176e-03 4.83960417e+01 6.83999048e+01 9.92461170e+01 1.19862144e+02 1.65198899e+02 1.76680322e+02 2.04609340e+02 2.39677768e+02 2.98814196e+02 3.60503591e+02 1.72814109e-13 2.46014713e-05 2.47038029e-05 9.93348922e-01 9.83735642e-01 1.10135233e-15 9.90727567e-01 1.17987544e-06 9.56054589e-01 4.30907714e-01 9.83893450e-01 9.98449015e-01 9.99656142e-01 7.34359308e-07 5.81655000e-07 5.81654199e-07 8.55244983e-03 1.25256133e-02 2.48915399e-03 6.91428106e-03 2.57577039e-02 5.31374753e-03 2.33354028e-03 5.87862037e-03 5.27878562e-03 4.56043628e-03
1.37687688e-01 -2.92799519e-02 -3.73048439e-03 -3.73048029e-03 4.83745081e+01 6.83684400e+01 9.92461170e+01 1.19857859e+02 1.65198899e+02 1.76681787e+02 2.04602991e+02 2.39672174e+02 2.98811615e+02 3.60502150e+02 3.36346035e-14 1.76045932e-05 3.01370862e-05 9.93334580e-01 9.83792018e-01 2.51519879e-15 9.90754159e-01 1.17858877e-06 9.56131687e-01 4.30495317e-01 9.83926278e-01 9.98452342e-01 9.99656867e-01 7.34359308e-07 5.81654950e-07 5.81654250e-07 8.56210189e-03 1.25055644e-02 2.48915399e-03 6.90467645e-03 2.57577039e-02 5.30889398e-03 2.32948904e-03 5.87174387e-03 5.27295804e-03 4.55557023e-03
1.37837838e-01 -2.92799521e-02 -3.73048728e-03 -3.73048492e-03 4.83529393e+01 6.83370934e+01 9.92461170e+01 1.19853591e+02 1.65198899e+02 1.76683248e+02 2.04596660e+02 2.39666598e+02 2.98809044e+02 3.60500713e+02 3.59274552e-14 3.11362679e-05 1.58542357e-05 9.93320291e-01 9.83848244e-01 1.12668078e-15 9.90780633e-01 1.17730490e-06 9.56208597e-01 4.30083655e-01 9.83959011e-01 9.98455659e-01 9.99657591e-01 7.34359308e-07 5.81654922e-07 5.81654278e-07 8.57171225e-03 1.24855231e-02 2.48915399e-03 6.89509939e-03 2.57577039e-02 5.30404859e-03 2.32544701e-03 5.86488320e-03 5.26714325e-03 4.55071442e-03
1.37987988e-01 -2.92799523e-02 -3.73048344e-03 -3.73047960e-03 4.83313355e+01 6.83058649e+01 9.92461170e+01 1.19849338e+02 1.65198899e+02 1.76684705e+02 2.04590347e+02 2.39661041e+02 2.98806480e+02 3.60499281e+02 2.07587969e-14 2.05723185e-05 2.82889532e-05 9.93306054e-01 9.83904320e-01 8.21631420e-16 9.90806991e-01 1.17602383e-06 9.56285319e-01 4.29672726e-01 9.83991651e-01 9.98458965e-01 9.99658312e-01 7.34359308e-07 5.81654982e-07 5.81654218e-07 8.58128074e-03 1.24654896e-02 2.48915399e-03 6.88554978e-03 2.57577039e-02 5.29921132e-03 2.32141418e-03 5.85803833e-03 5.26134123e-03 4.54586879e-03
1.38138138e-01 -2.92799521e-02 -3.73048652e-03 -3.73048229e-03 4.83096967e+01 6.82747540e+01 9.92461170e+01 1.19845102e+02 1.65198899e+02 1.76686158e+02 2.04584051e+02 2.39655503e+02 2.98803925e+02 3.60497854e+02 1.11973076e-13 3.23329915e-05 1.34434712e-05 9.93291870e-01 9.83960246e-01 4.75643802e-16 9.90833232e-01 1.17474555e-06 9.56361855e-01 4.29262530e-01 9.84024198e-01 9.98462261e-01 9.99659031e-01 7.34359308e-07 5.81654882e-07 5.81654318e-07 8.59080725e-03 1.24454642e-02 2.48915399e-03 6.87602749e-03 2.57577039e-02 5.29438218e-03 2.31739051e-03 5.85120919e-03 5.25555192e-03 4.54103333e-03
1.38288288e-01 -2.92799522e-02 -3.73048957e-03 -3.73048293e-03 4.82880233e+01 6.82437605e+01 9.92461170e+01 1.19840881e+02 1.65198899e+02 1.76687607e+02 2.04577772e+02 2.39649982e+02 2.98801379e+02 3.60496431e+02 1.52409254e-13 3.12743906e-05 1.58344163e-05 9.93277739e-01 9.84016020e-01 4.45142119e-16 9.90859358e-01 1.17347004e-06 9.56438204e-01 4.28853063e-01 9.84056651e-01 9.98465546e-01 9.99659747e-01 7.34359308e-07 5.81654921e-07 5.81654279e-07 8.60029162e-03 1.24254472e-02 2.48915399e-03 6.86653241e-03 2.57577039e-02 5.28956112e-03 2.31337599e-03 5.84439573e-03 5.24977529e-03 4.53620800e-03
1.38438438e-01 -2.92799521e-02 -3.73048891e-03 -3.73048348e-03 4.82663153e+01 6.82128842e+01 9.92461170e+01 1.19836677e+02 1.65198899e+02 1.76689053e+02 2.04571510e+02 2.39644481e+02 2.98798841e+02 3.60495013e+02 9.34348454e-15 2.96059000e-05 1.88408286e-05 9.93263662e-01 9.84071644e-01 4.72653399e-16 9.90885369e-01 1.17219729e-06 9.56514368e-01 4.28444325e-01 9.84089011e-01 9.98468821e-01 9.99660461e-01 7.34359308e-07 5.81654961e-07 5.81654238e-07 8.60973373e-03 1.24054388e-02 2.48915399e-03 6.85706443e-03 2.57577039e-02 5.28474815e-03 2.30937060e-03 5.83759790e-03 5.24401129e-03 4.53139277e-03
1.38588589e-01 -2.92799519e-02 -3.73048678e-03 -3.73047951e-03 4.82445729e+01 6.81821245e+01 9.92461170e+01 1.19832488e+02 1.65198899e+02 1.76690494e+02 2.04565265e+02 2.39638997e+02 2.98796311e+02 3.60493599e+02 2.98325539e-14 1.47175404e-05 3.18991054e-05 9.93249639e-01 9.84127116e-01 1.12649773e-15 9.90911266e-01 1.17092730e-06 9.56590346e-01 4.28036313e-01 9.84121280e-01 9.98472085e-01 9.99661174e-01 7.34359308e-07 5.81654906e-07 5.81654293e-07 8.61913344e-03 1.23854394e-02 2.48915399e-03 6.84762342e-03 2.57577039e-02 5.27994323e-03 2.30537431e-03 5.83081566e-03 5.23825989e-03 4.52658761e-03
1.38738739e-01 -2.92799521e-02 -3.73048513e-03 -3.73047868e-03 4.82227963e+01 6.81514814e+01 9.92461170e+01 1.19828315e+02 1.65198899e+02 1.76691931e+02 2.04559038e+02 2.39633532e+02 2.98793789e+02 3.60492190e+02 1.38465122e-15 1.05616158e-05 3.35452959e-05 9.93235671e-01 9.84182437e-01 9.42487693e-16 9.90937049e-01 1.16966007e-06 9.56666140e-01 4.27629026e-01 9.84153455e-01 9.98475339e-01 9.99661884e-01 7.34359308e-07 5.81654832e-07 5.81654368e-07 8.62849063e-03 1.23654490e-02 2.48915399e-03 6.83820928e-03 2.57577039e-02 5.27514635e-03 2.30138711e-03 5.82404895e-03 5.23252103e-03 4.52179249e-03
1.38888889e-01 -2.92799521e-02 -3.73048522e-03 -3.73048253e-03 4.82009856e+01 6.81209544e+01 9.92461170e+01 1.19824158e+02 1.65198899e+02 1.76693364e+02 2.04552827e+02 2.39628084e+02 2.98791275e+02 3.60490786e+02 5.66748857e-14 2.02755284e-05 2.87822190e-05 9.93221757e-01 9.84237607e-01 8.69629023e-16 9.90962719e-01 1.16839557e-06 9.56741750e-01 4.27222462e-01 9.84185540e-01 9.98478583e-01 9.99662591e-01 7.34359308e-07 5.81654978e-07 5.81654222e-07 8.63780516e-03 1.23454682e-02 2.48915399e-03 6.82882190e-03 2.57577039e-02 5.27035750e-03 2.29740897e-03 5.81729771e-03 5.22679469e-03 4.51700737e-03
1.39039039e-01 -2.92799521e-02 -3.73048631e-03 -3.73048181e-03 4.81791410e+01 6.80905433e+01 9.92461170e+01 1.19820016e+02 1.65198899e+02 1.76694794e+02 2.04546634e+02 2.39622655e+02 2.98788770e+02 3.60489385e+02 3.39981813e-16 9.49340946e-06 3.39421543e-05 9.93207900e-01 9.84292624e-01 2.88067575e-16 9.90988277e-01 1.16713381e-06 9.56817176e-01 4.26816619e-01 9.84217532e-01 9.98481817e-01 9.99663297e-01 7.34359308e-07 5.81654810e-07 5.81654389e-07 8.64707691e-03 1.23254970e-02 2.48915399e-03 6.81946116e-03 2.57577039e-02 5.26557664e-03 2.29343988e-03 5.81056191e-03 5.22108083e-03 4.51223223e-03
1.39189189e-01 -2.92799521e-02 -3.73048497e-03 -3.73047665e-03 4.81572627e+01 6.80602477e+01 9.92461170e+01 1.19815890e+02 1.65198899e+02 1.76696219e+02 2.04540458e+02 2.39617244e+02 2.98786273e+02 3.60487990e+02 6.29916580e-14 5.04312870e-06 3.49205654e-05 9.93194097e-01 9.84347489e-01 4.58344466e-16 9.91013724e-01 1.16587476e-06 9.56892420e-01 4.26411495e-01 9.84249434e-01 9.98485041e-01 9.99664000e-01 7.34359308e-07 5.81654716e-07 5.81654484e-07 8.65630576e-03 1.23055357e-02 2.48915399e-03 6.81012694e-03 2.57577039e-02 5.26080377e-03 2.28947981e-03 5.80384149e-03 5.21537939e-03 4.50746703e-03
1.39339339e-01 -2.92799521e-02 -3.73048325e-03 -3.73048142e-03 4.81353508e+01 6.80300674e+01 9.92461170e+01 1.19811779e+02 1.65198899e+02 1.76697641e+02 2.04534298e+02 2.39611850e+02 2.98783783e+02 3.60486598e+02 5.53948631e-14 1.96120198e-05 2.93757551e-05 9.93180351e-01 9.84402202e-01 7.53277272e-16 9.91039060e-01 1.16461843e-06 9.56967480e-01 4.26007090e-01 9.84281244e-01 9.98488254e-01 9.99664701e-01 7.34359308e-07 5.81654971e-07 5.81654229e-07 8.66549159e-03 1.22855847e-02 2.48915399e-03 6.80081915e-03 2.57577039e-02 5.25603887e-03 2.28552874e-03 5.79713640e-03 5.20969035e-03 4.50271175e-03
1.39489489e-01 -2.92799520e-02 -3.73048405e-03 -3.73047857e-03 4.81134056e+01 6.80000020e+01 9.92461170e+01 1.19807684e+02 1.65198899e+02 1.76699059e+02 2.04528156e+02 2.39606474e+02 2.98781302e+02 3.60485212e+02 1.04230945e-13 8.74993658e-06 3.42592336e-05 9.93166662e-01 9.84456763e-01 4.55307041e-16 9.91064285e-01 1.16336480e-06 9.57042359e-01 4.25603400e-01 9.84312964e-01 9.98491458e-01 9.99665400e-01 7.34359308e-07 5.81654794e-07 5.81654405e-07 8.67463428e-03 1.22656442e-02 2.48915399e-03 6.79153767e-03 2.57577039e-02 5.25128191e-03 2.28158665e-03 5.79044658e-03 5.20401365e-03 4.49796636e-03
1.39639640e-01 -2.92799520e-02 -3.73048372e-03 -3.73047939e-03 4.80914271e+01 6.79700512e+01 9.92461170e+01 1.19803603e+02 1.65198899e+02 1.76700473e+02 2.04522030e+02 2.39601116e+02 2.98778829e+02 3.60483829e+02 1.58746420e-13 1.24798812e-05 3.31240412e-05 9.93153029e-01 9.84511170e-01 1.58507559e-15 9.91089401e-01 1.16211387e-06 9.57117057e-01 4.25200425e-01 9.84344594e-01 9.98494651e-01 9.99666097e-01 7.34359308e-07 5.81654866e-07 5.81654333e-07 8.68373371e-03 1.22457144e-02 2.48915399e-03 6.78228239e-03 2.57577039e-02 5.24653289e-03 2.27765351e-03 5.78377200e-03 5.19834927e-03 4.49323082e-03
1.39789790e-01 -2.92799519e-02 -3.73048675e-03 -3.73048237e-03 4.80694156e+01 6.79402146e+01 9.92461170e+01 1.19799538e+02 1.65198899e+02 1.76701883e+02 2.04515920e+02 2.39595775e+02 2.98776364e+02 3.60482451e+02 9.58756407e-14 3.10459244e-05 1.70820398e-05 9.93139453e-01 9.84565425e-01 9.39871964e-16 9.91114408e-01 1.16086563e-06 9.57191574e-01 4.24798163e-01 9.84376133e-01 9.98497834e-01 9.99666792e-01 7.34359308e-07 5.81654936e-07 5.81654263e-07 8.69278978e-03 1.22257955e-02 2.48915399e-03 6.77305320e-03 2.57577039e-02 5.24179177e-03 2.27372932e-03 5.77711260e-03 5.19269717e-03 4.48850510e-03
1.39939940e-01 -2.92799523e-02 -3.73048534e-03 -3.73048318e-03 4.80473713e+01 6.79104921e+01 9.92461170e+01 1.19795488e+02 1.65198899e+02 1.76703289e+02 2.04509828e+02 2.39590452e+02 2.98773907e+02 3.60481077e+02 4.54724945e-14 2.93514517e-05 1.99207592e-05 9.93125936e-01 9.84619527e-01 8.93078927e-16 9.91139307e-01 1.15962006e-06 9.57265910e-01 4.24396611e-01 9.84407583e-01 9.98501008e-01 9.99667484e-01 7.34359308e-07 5.81654971e-07 5.81654229e-07 8.70180237e-03 1.22058880e-02 2.48915399e-03 6.76384999e-03 2.57577039e-02 5.23705855e-03 2.26981404e-03 5.77046833e-03 5.18705729e-03 4.48378918e-03
1.40090090e-01 -2.92799521e-02 -3.73048567e-03 -3.73048158e-03 4.80252942e+01 6.78808833e+01 9.92461170e+01 1.19791454e+02 1.65198899e+02 1.76704692e+02 2.04503752e+02 2.39585147e+02 2.98771458e+02 3.60479708e+02 2.96890749e-14 1.90143521e-05 2.99916745e-05 9.93112476e-01 9.84673475e-01 4.61848402e-16 9.91164098e-01 1.15837717e-06 9.57340067e-01 4.23995768e-01 9.84438944e-01 9.98504171e-01 9.99668175e-01 7.34359308e-07 5.81654963e-07 5.81654236e-07 8.71077137e-03 1.21859919e-02 2.48915399e-03 6.75467265e-03 2.57577039e-02 5.23233321e-03 2.26590766e-03 5.76383914e-03 5.18142961e-03 4.47908302e-03
1.40240240e-01 -2.92799523e-02 -3.73048466e-03 -3.73047888e-03 4.80031846e+01 6.78513877e+01 9.92461170e+01 1.19787434e+02 1.65198899e+02 1.76706090e+02 2.04497693e+02 2.39579859e+02 2.98769016e+02 3.60478343e+02 1.10076419e-13 9.45142422e-06 3.42698316e-05 9.93099074e-01 9.84727270e-01 1.27174960e-15 9.91188781e-01 1.15713694e-06 9.57414044e-01 4.23595633e-01 9.84470215e-01 9.98507324e-01 9.99668863e-01 7.34359308e-07 5.81654808e-07 5.81654392e-07 8.71969668e-03 1.21661076e-02 2.48915399e-03 6.74552108e-03 2.57577039e-02 5.22761572e-03 2.26201015e-03 5.75722499e-03 5.17581409e-03 4.47438660e-03
1.40390390e-01 -2.92799521e-02 -3.73048462e-03 -3.73048104e-03 4.79810427e+01 6.78220053e+01 9.92461170e+01 1.19783429e+02 1.65198899e+02 1.76707485e+02 2.04491650e+02 2.39574588e+02 2.98766583e+02 3.60476982e+02 3.91811113e-14 9.76959851e-06 3.42200713e-05 9.93085732e-01 9.84780911e-01 1.73669715e-15 9.91213359e-01 1.15589936e-06 9.57487843e-01 4.23196204e-01 9.84501398e-01 9.98510468e-01 9.99669549e-01 7.34359308e-07 5.81654814e-07 5.81654386e-07 8.72857819e-03 1.21462353e-02 2.48915399e-03 6.73639517e-03 2.57577039e-02 5.22290607e-03 2.25812149e-03 5.75062582e-03 5.17021068e-03 4.46969988e-03
1.40540541e-01 -2.92799521e-02 -3.73048410e-03 -3.73048175e-03 4.79588686e+01 6.77927355e+01 9.92461170e+01 1.19779438e+02 1.65198899e+02 1.76708877e+02 2.04485623e+02 2.39569334e+02 2.98764157e+02 3.60475626e+02 2.13766049e-14 2.21241858e-05 2.79229151e-05 9.93072448e-01 9.84834398e-01 5.49494003e-16 9.91237830e-01 1.15466443e-06 9.57561464e-01 4.22797479e-01 9.84532492e-01 9.98513602e-01 9.99670233e-01 7.34359308e-07 5.81654990e-07 5.81654209e-07 8.73741581e-03 1.21263753e-02 2.48915399e-03 6.72729481e-03 2.57577039e-02 5.21820424e-03 2.25424167e-03 5.74404159e-03 5.16461935e-03 4.46502284e-03
1.40690691e-01 -2.92799521e-02 -3.73048931e-03 -3.73048480e-03 4.79366625e+01 6.77635782e+01 9.92461170e+01 1.19775463e+02 1.65198899e+02 1.76710264e+02 2.04479613e+02 2.39564098e+02 2.98761740e+02 3.60474274e+02 7.69949474e-14 3.53952293e-05 4.36576127e-06 9.93059224e-01 9.84887732e-01 6.33160171e-16 9.91262197e-01 1.15343213e-06 9.57634907e-01 4.22399456e-01 9.84563499e-01 9.98516726e-01 9.99670915e-01 7.34359308e-07 5.81654694e-07 5.81654505e-07 8.74620943e-03 1.21065278e-02 2.48915399e-03 6.71821990e-03 2.57577039e-02 5.21351021e-03 2.25037067e-03 5.73747225e-03 5.15904006e-03 4.46035544e-03
1.40840841e-01 -2.92799521e-02 -3.73048624e-03 -3.73048322e-03 4.79144246e+01 6.77345329e+01 9.92461170e+01 1.19771502e+02 1.65198899e+02 1.76711648e+02 2.04473620e+02 2.39558878e+02 2.98759330e+02 3.60472926e+02 1.37733697e-13 3.25185981e-05 1.47356422e-05 9.93046060e-01 9.84940911e-01 5.01818638e-16 9.91286458e-01 1.15220245e-06 9.57708173e-01 4.22002134e-01 9.84594417e-01 9.98519841e-01 9.99671595e-01 7.34359308e-07 5.81654899e-07 5.81654301e-07 8.75495896e-03 1.20866931e-02 2.48915399e-03 6.70917033e-03 2.57577039e-02 5.20882398e-03 2.24650845e-03 5.73091775e-03 5.15347277e-03 4.45569766e-03
1.40990991e-01 -2.92799521e-02 -3.73048524e-03 -3.73048067e-03 4.78921551e+01 6.77055994e+01 9.92461170e+01 1.19767556e+02 1.65198899e+02 1.76713028e+02 2.04467642e+02 2.39553676e+02 2.98756927e+02 3.60471582e+02 1.94970531e-14 1.72317963e-05 3.13110638e-05 9.93032955e-01 9.84993936e-01 3.17474354e-16 9.91310616e-01 1.15097540e-06 9.57781262e-01 4.21605511e-01 9.84625248e-01 9.98522945e-01 9.99672273e-01 7.34359308e-07 5.81654940e-07 5.81654260e-07 8.76366430e-03 1.20668714e-02 2.48915399e-03 6.70014600e-03 2.57577039e-02 5.20414550e-03 2.24265500e-03 5.72437804e-03 5.14791745e-03 4.45104947e-03
1.41141141e-01 -2.92799521e-02 -3.73048839e-03 -3.73048346e-03 4.78698541e+01 6.76767773e+01 9.92461170e+01 1.19763624e+02 1.65198899e+02 1.76714404e+02 2.04461681e+02 2.39548491e+02 2.98754532e+02 3.60470243e+02 6.02144656e-15 3.31337434e-05 1.34979482e-05 9.93019912e-01 9.85046807e-01 4.13197887e-16 9.91334670e-01 1.14975096e-06 9.57854175e-01 4.21209585e-01 9.84655991e-01 9.98526040e-01 9.99672949e-01 7.34359308e-07 5.81654877e-07 5.81654322e-07 8.77232538e-03 1.20470629e-02 2.48915399e-03 6.69114680e-03 2.57577039e-02 5.19947478e-03 2.23881031e-03 5.71785307e-03 5.14237405e-03 4.44641084e-03
1.41291291e-01 -2.92799521e-02 -3.73048603e-03 -3.73048146e-03 4.78475218e+01 6.76480664e+01 9.92461170e+01 1.19759707e+02 1.65198899e+02 1.76715776e+02 2.04455736e+02 2.39543322e+02 2.98752145e+02 3.60468907e+02 1.97119807e-15 1.92597280e-05 3.01964795e-05 9.93006928e-01 9.85099523e-01 5.23177216e-16 9.91358622e-01 1.14852912e-06 9.57926913e-01 4.20814354e-01 9.84686648e-01 9.98529126e-01 9.99673623e-01 7.34359308e-07 5.81654964e-07 5.81654235e-07 8.78094208e-03 1.20272680e-02 2.48915399e-03 6.68217263e-03 2.57577039e-02 5.19481180e-03 2.23497434e-03 5.71134280e-03 5.13684253e-03 4.44178173e-03
1.41441441e-01 -2.92799519e-02 -3.73048887e-03 -3.73048342e-03 4.78251585e+01 6.76194663e+01 9.92461170e+01 1.19755804e+02 1.65198899e+02 1.76717145e+02 2.04449807e+02 2.39538170e+02 2.98749766e+02 3.60467576e+02 4.17982995e-15 3.53403279e-05 6.04595377e-06 9.92994007e-01 9.85152084e-01 5.24388804e-16 9.91382471e-01 1.14730988e-06 9.57999476e-01 4.20419818e-01 9.84717218e-01 9.98532202e-01 9.99674294e-01 7.34359308e-07 5.81654730e-07 5.81654469e-07 8.78951434e-03 1.20074869e-02 2.48915399e-03 6.67322339e-03 2.57577039e-02 5.19015652e-03 2.23114708e-03 5.70484719e-03 5.13132286e-03 4.43716213e-03
1.41591592e-01 -2.92799522e-02 -3.73048467e-03 -3.73047814e-03 4.78027642e+01 6.75909766e+01 9.92461170e+01 1.19751915e+02 1.65198899e+02 1.76718511e+02 2.04443894e+02 2.39533035e+02 2.98747394e+02 3.60466249e+02 1.02527209e-13 1.31688714e-05 3.33886790e-05 9.92981146e-01 9.85204490e-01 3.36583299e-16 9.91406218e-01 1.14609321e-06 9.58071864e-01 4.20025974e-01 9.84747701e-01 9.98535268e-01 9.99674964e-01 7.34359308e-07 5.81654875e-07 5.81654324e-07 8.79804206e-03 1.19877197e-02 2.48915399e-03 6.66429897e-03 2.57577039e-02 5.18550895e-03 2.22732851e-03 5.69836617e-03 5.12581501e-03 4.43255200e-03
1.41741742e-01 -2.92799520e-02 -3.73048741e-03 -3.73048180e-03 4.77803392e+01 6.75625972e+01 9.92461170e+01 1.19748041e+02 1.65198899e+02 1.76719872e+02 2.04437997e+02 2.39527917e+02 2.98745030e+02 3.60464927e+02 1.98241164e-14 3.44316524e-05 1.02673270e-05 9.92968347e-01 9.85256742e-01 3.31469037e-16 9.91429865e-01 1.14487913e-06 9.58144078e-01 4.19632821e-01 9.84778099e-01 9.98538325e-01 9.99675631e-01 7.34359308e-07 5.81654817e-07 5.81654383e-07 8.80652516e-03 1.19679668e-02 2.48915399e-03 6.65539928e-03 2.57577039e-02 5.18086905e-03 2.22351860e-03 5.69189971e-03 5.12031893e-03 4.42795131e-03
1.41891892e-01 -2.92799519e-02 -3.73048507e-03 -3.73048181e-03 4.77578836e+01 6.75343275e+01 9.92461170e+01 1.19744180e+02 1.65198899e+02 1.76721230e+02 2.04432116e+02 2.39522815e+02 2.98742673e+02 3.60463608e+02 4.43124148e-14 2.44342546e-05 2.63943255e-05 9.92955610e-01 9.85308838e-01 8.59710619e-16 9.91453410e-01 1.14366762e-06 9.58216119e-01 4.19240356e-01 9.84808410e-01 9.98541372e-01 9.99676297e-01 7.34359308e-07 5.81654999e-07 5.81654200e-07 8.81496357e-03 1.19482285e-02 2.48915399e-03 6.64652420e-03 2.57577039e-02 5.17623682e-03 2.21971734e-03 5.68544777e-03 5.11483459e-03 4.42336004e-03
1.42042042e-01 -2.92799522e-02 -3.73048544e-03 -3.73048144e-03 4.77353977e+01 6.75061674e+01 9.92461170e+01 1.19740334e+02 1.65198899e+02 1.76722584e+02 2.04426251e+02 2.39517729e+02 2.98740324e+02 3.60462294e+02 1.10405441e-13 2.95912709e-05 2.05131501e-05 9.92942936e-01 9.85360780e-01 8.30240202e-16 9.91476856e-01 1.14245867e-06 9.58287986e-01 4.18848579e-01 9.84838636e-01 9.98544410e-01 9.99676961e-01 7.34359308e-07 5.81654974e-07 5.81654226e-07 8.82335721e-03 1.19285048e-02 2.48915399e-03 6.63767365e-03 2.57577039e-02 5.17161223e-03 2.21592471e-03 5.67901028e-03 5.10936194e-03 4.41877815e-03
1.42192192e-01 -2.92799521e-02 -3.73048613e-03 -3.73048221e-03 4.77128815e+01 6.74781164e+01 9.92461170e+01 1.19736502e+02 1.65198899e+02 1.76723935e+02 2.04420402e+02 2.39512660e+02 2.98737982e+02 3.60460983e+02 5.95081019e-14 3.08020530e-05 1.87192011e-05 9.92930324e-01 9.85412566e-01 2.04685155e-16 9.91500203e-01 1.14125227e-06 9.58359682e-01 4.18457487e-01 9.84868777e-01 9.98547439e-01 9.99677622e-01 7.34359308e-07 5.81654954e-07 5.81654246e-07 8.83170600e-03 1.19087962e-02 2.48915399e-03 6.62884751e-03 2.57577039e-02 5.16699527e-03 2.21214068e-03 5.67258721e-03 5.10390096e-03 4.41420562e-03
1.42342342e-01 -2.92799524e-02 -3.73048547e-03 -3.73048278e-03 4.76903354e+01 6.74501744e+01 9.92461170e+01 1.19732684e+02 1.65198899e+02 1.76725282e+02 2.04414569e+02 2.39507608e+02 2.98735648e+02 3.60459677e+02 7.23951121e-14 2.04704828e-05 2.97132885e-05 9.92917775e-01 9.85464196e-01 7.56862396e-16 9.91523451e-01 1.14004842e-06 9.58431205e-01 4.18067080e-01 9.84898834e-01 9.98550458e-01 9.99678282e-01 7.34359308e-07 5.81654975e-07 5.81654224e-07 8.84000988e-03 1.18891027e-02 2.48915399e-03 6.62004570e-03 2.57577039e-02 5.16238591e-03 2.20836523e-03 5.66617851e-03 5.09845161e-03 4.40964242e-03
1.42492492e-01 -2.92799520e-02 -3.73048536e-03 -3.73048246e-03 4.76677595e+01 6.74223408e+01 9.92461170e+01 1.19728880e+02 1.65198899e+02 1.76726625e+02 2.04408751e+02 2.39502572e+02 2.98733321e+02 3.60458375e+02 3.94788647e-14 2.54267362e-05 2.56544222e-05 9.92905290e-01 9.85515671e-01 1.09265767e-15 9.91546600e-01 1.13884710e-06 9.58502557e-01 4.17677355e-01 9.84928805e-01 9.98553468e-01 9.99678939e-01 7.34359308e-07 5.81655000e-07 5.81654199e-07 8.84826877e-03 1.18694247e-02 2.48915399e-03 6.61126810e-03 2.57577039e-02 5.15778416e-03 2.20459835e-03 5.65978413e-03 5.09301384e-03 4.40508853e-03
1.42642643e-01 -2.92799522e-02 -3.73048820e-03 -3.73048293e-03 4.76451539e+01 6.73946155e+01 9.92461170e+01 1.19725089e+02 1.65198899e+02 1.76727965e+02 2.04402949e+02 2.39497552e+02 2.98731002e+02 3.60457076e+02 1.13463472e-14 3.50149049e-05 9.02085056e-06 9.92892868e-01 9.85566991e-01 1.12436903e-15 9.91569652e-01 1.13764832e-06 9.58573738e-01 4.17288311e-01 9.84958692e-01 9.98556469e-01 9.99679595e-01 7.34359308e-07 5.81654791e-07 5.81654409e-07 8.85648260e-03 1.18497625e-02 2.48915399e-03 6.60251463e-03 2.57577039e-02 5.15318997e-03 2.20084002e-03 5.65340403e-03 5.08758763e-03 4.40054390e-03
1.42792793e-01 -2.92799521e-02 -3.73048567e-03 -3.73048238e-03 4.76225189e+01 6.73669981e+01 9.92461170e+01 1.19721312e+02 1.65198899e+02 1.76729302e+02 2.04397163e+02 2.39492548e+02 2.98728690e+02 3.60455782e+02 7.28667060e-14 1.77172411e-05 3.15637860e-05 9.92880510e-01 9.85618155e-01 8.74603091e-16 9.91592607e-01 1.13645205e-06 9.58644748e-01 4.16899945e-01 9.84988495e-01 9.98559460e-01 9.99680248e-01 7.34359308e-07 5.81654943e-07 5.81654256e-07 8.86465132e-03 1.18301161e-02 2.48915399e-03 6.59378518e-03 2.57577039e-02 5.14860335e-03 2.19709020e-03 5.64703816e-03 5.08217293e-03 4.39600853e-03
1.42942943e-01 -2.92799522e-02 -3.73048515e-03 -3.73048185e-03 4.75998546e+01 6.73394882e+01 9.92461170e+01 1.19717549e+02 1.65198899e+02 1.76730634e+02 2.04391392e+02 2.39487560e+02 2.98726385e+02 3.60454492e+02 4.10364143e-14 2.98513289e-05 2.05384563e-05 9.92868216e-01 9.85669163e-01 3.08385058e-16 9.91615465e-01 1.13525830e-06 9.58715588e-01 4.16512258e-01 9.85018214e-01 9.98562443e-01 9.99680900e-01 7.34359308e-07 5.81654973e-07 5.81654227e-07 8.87277485e-03 1.18104860e-02 2.48915399e-03 6.58507965e-03 2.57577039e-02 5.14402426e-03 2.19334889e-03 5.64068648e-03 5.07676971e-03 4.39148237e-03
1.43093093e-01 -2.92799521e-02 -3.73048409e-03 -3.73047581e-03 4.75771612e+01 6.73120856e+01 9.92461170e+01 1.19713800e+02 1.65198899e+02 1.76731963e+02 2.04385637e+02 2.39482588e+02 2.98724087e+02 3.60453206e+02 5.00087454e-14 7.43211854e-06 3.55028639e-05 9.92855986e-01 9.85720015e-01 9.69380591e-16 9.91638227e-01 1.13406705e-06 9.58786259e-01 4.16125246e-01 9.85047850e-01 9.98565416e-01 9.99681549e-01 7.34359308e-07 5.81654763e-07 5.81654436e-07 8.88085315e-03 1.17908722e-02 2.48915399e-03 6.57639795e-03 2.57577039e-02 5.13945271e-03 2.18961605e-03 5.63434895e-03 5.07137794e-03 4.38696540e-03
1.43243243e-01 -2.92799521e-02 -3.73048716e-03 -3.73048162e-03 4.75544390e+01 6.72847899e+01 9.92461170e+01 1.19710064e+02 1.65198899e+02 1.76733289e+02 2.04379897e+02 2.39477632e+02 2.98721797e+02 3.60451924e+02 1.65937586e-14 3.47946490e-05 1.03819428e-05 9.92843821e-01 9.85770711e-01 5.42627845e-16 9.91660894e-01 1.13287830e-06 9.58856762e-01 4.15738908e-01 9.85077403e-01 9.98568380e-01 9.99682197e-01 7.34359308e-07 5.81654817e-07 5.81654383e-07 8.88888615e-03 1.17712751e-02 2.48915399e-03 6.56773998e-03 2.57577039e-02 5.13488865e-03 2.18589168e-03 5.62802550e-03 5.06599758e-03 4.38245760e-03
1.43393393e-01 -2.92799520e-02 -3.73048521e-03 -3.73048187e-03 4.75316881e+01 6.72576007e+01 9.92461170e+01 1.19706342e+02 1.65198899e+02 1.76734611e+02 2.04374172e+02 2.39472692e+02 2.98719514e+02 3.60450646e+02 2.63972958e-14 2.60427747e-05 2.53572814e-05 9.92831721e-01 9.85821252e-01 7.90629081e-16 9.91683466e-01 1.13169205e-06 9.58927095e-01 4.15353243e-01 9.85106872e-01 9.98571335e-01 9.99682843e-01 7.34359308e-07 5.81655000e-07 5.81654199e-07 8.89687379e-03 1.17516948e-02 2.48915399e-03 6.55910565e-03 2.57577039e-02 5.13033209e-03 2.18217575e-03 5.62171611e-03 5.06062859e-03 4.37795893e-03
1.43543544e-01 -2.92799520e-02 -3.73048907e-03 -3.73048573e-03 4.75089086e+01 6.72305178e+01 9.92461170e+01 1.19702633e+02 1.65198899e+02 1.76735930e+02 2.04368463e+02 2.39467768e+02 2.98717238e+02 3.60449371e+02 6.21930867e-15 3.34083796e-05 1.44175726e-05 9.92819686e-01 9.85871636e-01 8.83067720e-16 9.91705943e-01 1.13050827e-06 9.58997261e-01 4.14968249e-01 9.85136260e-01 9.98574281e-01 9.99683486e-01 7.34359308e-07 5.81654889e-07 5.81654310e-07 8.90481603e-03 1.17321317e-02 2.48915399e-03 6.55049486e-03 2.57577039e-02 5.12578300e-03 2.17846824e-03 5.61542073e-03 5.05527093e-03 4.37346937e-03
1.43693694e-01 -2.92799522e-02 -3.73048531e-03 -3.73048141e-03 4.74861009e+01 6.72035409e+01 9.92461170e+01 1.19698937e+02 1.65198899e+02 1.76737245e+02 2.04362770e+02 2.39462860e+02 2.98714969e+02 3.60448101e+02 5.14396600e-14 1.75815347e-05 3.19005825e-05 9.92807716e-01 9.85921864e-01 4.05617417e-16 9.91728326e-01 1.12932696e-06 9.59067259e-01 4.14583924e-01 9.85165564e-01 9.98577218e-01 9.99684128e-01 7.34359308e-07 5.81654940e-07 5.81654259e-07 8.91271281e-03 1.17125858e-02 2.48915399e-03 6.54190751e-03 2.57577039e-02 5.12124137e-03 2.17476913e-03 5.60913930e-03 5.04992458e-03 4.36898890e-03
1.43843844e-01 -2.92799520e-02 -3.73048438e-03 -3.73047952e-03 4.74632650e+01 6.71766695e+01 9.92461170e+01 1.19695255e+02 1.65198899e+02 1.76738556e+02 2.04357091e+02 2.39457967e+02 2.98712707e+02 3.60446835e+02 7.15228718e-14 1.88360820e-05 3.12207260e-05 9.92795812e-01 9.85971937e-01 4.53097005e-16 9.91750616e-01 1.12814812e-06 9.59137090e-01 4.14200267e-01 9.85194787e-01 9.98580146e-01 9.99684768e-01 7.34359308e-07 5.81654955e-07 5.81654244e-07 8.92056409e-03 1.16930575e-02 2.48915399e-03 6.53334351e-03 2.57577039e-02 5.11670718e-03 2.17107840e-03 5.60287180e-03 5.04458949e-03 4.36451747e-03
1.43993994e-01 -2.92799521e-02 -3.73048551e-03 -3.73048257e-03 4.74404011e+01 6.71499034e+01 9.92461170e+01 1.19691586e+02 1.65198899e+02 1.76739865e+02 2.04351428e+02 2.39453090e+02 2.98710453e+02 3.60445572e+02 8.48644679e-14 2.53711147e-05 2.62414814e-05 9.92783974e-01 9.86021853e-01 7.13899986e-16 9.91772813e-01 1.12697174e-06 9.59206755e-01 4.13817277e-01 9.85223928e-01 9.98583065e-01 9.99685406e-01 7.34359308e-07 5.81655000e-07 5.81654199e-07 8.92836982e-03 1.16735470e-02 2.48915399e-03 6.52480276e-03 2.57577039e-02 5.11218041e-03 2.16739603e-03 5.59661817e-03 5.03926563e-03 4.36005508e-03
1.44144144e-01 -2.92799520e-02 -3.73048393e-03 -3.73047873e-03 4.74175096e+01 6.71232422e+01 9.92461170e+01 1.19687930e+02 1.65198899e+02 1.76741169e+02 2.04345780e+02 2.39448228e+02 2.98708205e+02 3.60444314e+02 1.60315305e-14 7.34982124e-06 3.57920231e-05 9.92772202e-01 9.86071612e-01 3.90918563e-16 9.91794918e-01 1.12579781e-06 9.59276254e-01 4.13434951e-01 9.85252987e-01 9.98585975e-01 9.99686042e-01 7.34359308e-07 5.81654760e-07 5.81654439e-07 8.93612996e-03 1.16540545e-02 2.48915399e-03 6.51628517e-03 2.57577039e-02 5.10766104e-03 2.16372200e-03 5.59037836e-03 5.03395297e-03 4.35560168e-03
1.44294294e-01 -2.92799520e-02 -3.73048920e-03 -3.73048275e-03 4.73945904e+01 6.70966857e+01 9.92461170e+01 1.19684287e+02 1.65198899e+02 1.76742470e+02 2.04340147e+02 2.39443382e+02 2.98705965e+02 3.60443059e+02 3.10338296e-14 3.51009418e-05 1.02856970e-05 9.92760496e-01 9.86121216e-01 1.47999598e-15 9.91816931e-01 1.12462633e-06 9.59345587e-01 4.13053288e-01 9.85281965e-01 9.98588876e-01 9.99686676e-01 7.34359308e-07 5.81654813e-07 5.81654386e-07 8.94384447e-03 1.16345803e-02 2.48915399e-03 6.50779066e-03 2.57577039e-02 5.10314907e-03 2.16005628e-03 5.58415234e-03 5.02865147e-03 4.35115726e-03
1.44444444e-01 -2.92799522e-02 -3.73048465e-03 -3.73048232e-03 4.73716439e+01 6.70702334e+01 9.92461170e+01 1.19680657e+02 1.65198899e+02 1.76743768e+02 2.04334529e+02 2.39438552e+02 2.98703731e+02 3.60441808e+02 1.05168377e-13 1.73435540e-05 3.22468385e-05 9.92748858e-01 9.86170663e-01 2.46880845e-16 9.91838853e-01 1.12345728e-06 9.59414755e-01 4.12672286e-01 9.85310862e-01 9.98591768e-01 9.99687308e-01 7.34359308e-07 5.81654936e-07 5.81654264e-07 8.95151330e-03 1.16151244e-02 2.48915399e-03 6.49931911e-03 2.57577039e-02 5.09864446e-03 2.15639887e-03 5.57794007e-03 5.02336110e-03 4.34672178e-03
1.44594595e-01 -2.92799522e-02 -3.73048696e-03 -3.73048407e-03 4.73486703e+01 6.70438850e+01 9.92461170e+01 1.19677040e+02 1.65198899e+02 1.76745062e+02 2.04328926e+02 2.39433737e+02 2.98701505e+02 3.60440561e+02 7.42820138e-14 3.22436840e-05 1.74296006e-05 9.92737285e-01 9.86219954e-01 3.01845500e-16 9.91860684e-01 1.12229065e-06 9.59483759e-01 4.12291945e-01 9.85339679e-01 9.98594652e-01 9.99687939e-01 7.34359308e-07 5.81654933e-07 5.81654266e-07 8.95913643e-03 1.15956873e-02 2.48915399e-03 6.49087045e-03 2.57577039e-02 5.09414722e-03 2.15274973e-03 5.57174149e-03 5.01808182e-03 4.34229523e-03
1.44744745e-01 -2.92799521e-02 -3.73048734e-03 -3.73048226e-03 4.73256696e+01 6.70176403e+01 9.92461170e+01 1.19673436e+02 1.65198899e+02 1.76746353e+02 2.04323338e+02 2.39428937e+02 2.98699285e+02 3.60439318e+02 1.29799824e-14 3.54697164e-05 9.38812700e-06 9.92725780e-01 9.86269089e-01 7.71900940e-16 9.91882424e-01 1.12112645e-06 9.59552598e-01 4.11912261e-01 9.85368415e-01 9.98597527e-01 9.99688567e-01 7.34359308e-07 5.81654795e-07 5.81654404e-07 8.96671382e-03 1.15762690e-02 2.48915399e-03 6.48244458e-03 2.57577039e-02 5.08965731e-03 2.14910885e-03 5.56555656e-03 5.01281360e-03 4.33787757e-03
1.44894895e-01 -2.92799521e-02 -3.73048478e-03 -3.73047948e-03 4.73026422e+01 6.69914989e+01 9.92461170e+01 1.19669845e+02 1.65198899e+02 1.76747641e+02 2.04317765e+02 2.39424152e+02 2.98697073e+02 3.60438078e+02 1.93622596e-13 1.21062937e-05 3.46766469e-05 9.92714343e-01 9.86318067e-01 6.04562442e-16 9.91904075e-01 1.11996467e-06 9.59621274e-01 4.11533235e-01 9.85397071e-01 9.98600393e-01 9.99689194e-01 7.34359308e-07 5.81654851e-07 5.81654348e-07 8.97424543e-03 1.15568699e-02 2.48915399e-03 6.47404141e-03 2.57577039e-02 5.08517472e-03 2.14547621e-03 5.55938525e-03 5.00755639e-03 4.33346878e-03
1.45045045e-01 -2.92799521e-02 -3.73048562e-03 -3.73047868e-03 4.72795881e+01 6.69654604e+01 9.92461170e+01 1.19666267e+02 1.65198899e+02 1.76748925e+02 2.04312207e+02 2.39419382e+02 2.98694867e+02 3.60436843e+02 1.39641970e-13 8.06712911e-06 3.58713114e-05 9.92702972e-01 9.86366889e-01 5.66572367e-16 9.91925637e-01 1.11880528e-06 9.59689787e-01 4.11154863e-01 9.85425647e-01 9.98603251e-01 9.99689819e-01 7.34359308e-07 5.81654774e-07 5.81654425e-07 8.98173124e-03 1.15374900e-02 2.48915399e-03 6.46566084e-03 2.57577039e-02 5.08069945e-03 2.14185178e-03 5.55322750e-03 5.00231018e-03 4.32906883e-03
1.45195195e-01 -2.92799520e-02 -3.73048543e-03 -3.73048255e-03 4.72565077e+01 6.69395245e+01 9.92461170e+01 1.19662701e+02 1.65198899e+02 1.76750206e+02 2.04306664e+02 2.39414628e+02 2.98692668e+02 3.60435611e+02 6.78107681e-14 3.51236000e-05 1.09982974e-05 9.92691670e-01 9.86415554e-01 3.32248749e-16 9.91947110e-01 1.11764829e-06 9.59758137e-01 4.10777145e-01 9.85454143e-01 9.98606099e-01 9.99690442e-01 7.34359308e-07 5.81654826e-07 5.81654374e-07 8.98917122e-03 1.15181297e-02 2.48915399e-03 6.45730279e-03 2.57577039e-02 5.07623146e-03 2.13823556e-03 5.54708328e-03 4.99707492e-03 4.32467769e-03
1.45345345e-01 -2.92799522e-02 -3.73048482e-03 -3.73048147e-03 4.72334010e+01 6.69136909e+01 9.92461170e+01 1.19659148e+02 1.65198899e+02 1.76751483e+02 2.04301135e+02 2.39409888e+02 2.98690476e+02 3.60434383e+02 9.78924124e-14 1.51666956e-05 3.35768422e-05 9.92680435e-01 9.86464063e-01 1.06969799e-15 9.91968494e-01 1.11649370e-06 9.59826325e-01 4.10400079e-01 9.85482560e-01 9.98608940e-01 9.99691063e-01 7.34359308e-07 5.81654902e-07 5.81654297e-07 8.99656535e-03 1.14987892e-02 2.48915399e-03 6.44896717e-03 2.57577039e-02 5.07177074e-03 2.13462751e-03 5.54095254e-03 4.99185058e-03 4.32029534e-03
1.45495495e-01 -2.92799521e-02 -3.73048647e-03 -3.73048440e-03 4.72102684e+01 6.68879593e+01 9.92461170e+01 1.19655608e+02 1.65198899e+02 1.76752757e+02 2.04295621e+02 2.39405164e+02 2.98688291e+02 3.60433158e+02 1.43694300e-13 3.07733188e-05 2.03283521e-05 9.92669268e-01 9.86512416e-01 4.72473789e-16 9.91989791e-01 1.11534149e-06 9.59894352e-01 4.10023664e-01 9.85510899e-01 9.98611771e-01 9.99691682e-01 7.34359308e-07 5.81654967e-07 5.81654233e-07 9.00391360e-03 1.14794686e-02 2.48915399e-03 6.44065389e-03 2.57577039e-02 5.06731728e-03 2.13102762e-03 5.53483524e-03 4.98663713e-03 4.31592176e-03
1.45645646e-01 -2.92799521e-02 -3.73048928e-03 -3.73048372e-03 4.71871099e+01 6.68623292e+01 9.92461170e+01 1.19652080e+02 1.65198899e+02 1.76754028e+02 2.04290122e+02 2.39400454e+02 2.98686113e+02 3.60431938e+02 2.71244657e-14 3.57362155e-05 9.27204996e-06 9.92658170e-01 9.86560613e-01 8.20769765e-16 9.92011000e-01 1.11419165e-06 9.59962217e-01 4.09647897e-01 9.85539158e-01 9.98614594e-01 9.99692299e-01 7.34359308e-07 5.81654792e-07 5.81654408e-07 9.01121596e-03 1.14601682e-02 2.48915399e-03 6.43236285e-03 2.57577039e-02 5.06287106e-03 2.12743586e-03 5.52873134e-03 4.98143453e-03 4.31155691e-03
1.45795796e-01 -2.92799521e-02 -3.73048785e-03 -3.73048234e-03 4.71639258e+01 6.68368005e+01 9.92461170e+01 1.19648564e+02 1.65198899e+02 1.76755295e+02 2.04284638e+02 2.39395759e+02 2.98683941e+02 3.60430721e+02 4.99948918e-15 3.57817071e-05 9.24820546e-06 9.92647140e-01 9.86608653e-01 4.63792220e-16 9.92032123e-01 1.11304418e-06 9.60029921e-01 4.09272778e-01 9.85567339e-01 9.98617409e-01 9.99692915e-01 7.34359308e-07 5.81654791e-07 5.81654408e-07 9.01847240e-03 1.14408882e-02 2.48915399e-03 6.42409398e-03 2.57577039e-02 5.05843207e-03 2.12385223e-03 5.52264079e-03 4.97624276e-03 4.30720078e-03
1.45945946e-01 -2.92799521e-02 -3.73048692e-03 -3.73048229e-03 4.71407162e+01 6.68113728e+01 9.92461170e+01 1.19645061e+02 1.65198899e+02 1.76756559e+02 2.04279168e+02 2.39391079e+02 2.98681776e+02 3.60429508e+02 3.05866966e-14 2.94204423e-05 2.24301626e-05 9.92636178e-01 9.86656537e-01 9.17789314e-16 9.92053159e-01 1.11189907e-06 9.60097465e-01 4.08898305e-01 9.85595441e-01 9.98620215e-01 9.99693528e-01 7.34359308e-07 5.81654985e-07 5.81654214e-07 9.02568292e-03 1.14216287e-02 2.48915399e-03 6.41584718e-03 2.57577039e-02 5.05400028e-03 2.12027669e-03 5.51656355e-03 4.97106176e-03 4.30285333e-03
1.46096096e-01 -2.92799521e-02 -3.73048616e-03 -3.73048142e-03 4.71174814e+01 6.67860456e+01 9.92461170e+01 1.19641571e+02 1.65198899e+02 1.76757820e+02 2.04273712e+02 2.39386414e+02 2.98679618e+02 3.60428298e+02 5.91155857e-14 8.75981272e-06 3.59827452e-05 9.92625286e-01 9.86704265e-01 5.00078810e-16 9.92074109e-01 1.11075632e-06 9.60164850e-01 4.08524476e-01 9.85623466e-01 9.98623013e-01 9.99694140e-01 7.34359308e-07 5.81654787e-07 5.81654413e-07 9.03284749e-03 1.14023901e-02 2.48915399e-03 6.40762236e-03 2.57577039e-02 5.04957569e-03 2.11670923e-03 5.51049959e-03 4.96589152e-03 4.29851454e-03
1.46246246e-01 -2.92799522e-02 -3.73048699e-03 -3.73048337e-03 4.70942216e+01 6.67608188e+01 9.92461170e+01 1.19638092e+02 1.65198899e+02 1.76759077e+02 2.04268271e+02 2.39381764e+02 2.98677466e+02 3.60427092e+02 6.63742343e-15 3.45181154e-05 1.35208184e-05 9.92614462e-01 9.86751836e-01 8.29129224e-16 9.92094974e-01 1.10961592e-06 9.60232075e-01 4.08151290e-01 9.85651412e-01 9.98625802e-01 9.99694750e-01 7.34359308e-07 5.81654869e-07 5.81654330e-07 9.03996610e-03 1.13831724e-02 2.48915399e-03 6.39941943e-03 2.57577039e-02 5.04515827e-03 2.11314982e-03 5.50444885e-03 4.96073201e-03 4.29418439e-03
1.46396396e-01 -2.92799521e-02 -3.73048378e-03 -3.73047914e-03 4.70709370e+01 6.67356919e+01 9.92461170e+01 1.19634626e+02 1.65198899e+02 1.76760331e+02 2.04262844e+02 2.39377128e+02 2.98675321e+02 3.60425890e+02 4.11925919e-14 1.42885792e-05 3.42486900e-05 9.92603707e-01 9.86799252e-01 1.09922714e-15 9.92115754e-01 1.10847785e-06 9.60299141e-01 4.07778745e-01 9.85679282e-01 9.98628583e-01 9.99695359e-01 7.34359308e-07 5.81654886e-07 5.81654313e-07 9.04703876e-03 1.13639760e-02 2.48915399e-03 6.39123832e-03 2.57577039e-02 5.04074801e-03 2.10959846e-03 5.49841131e-03 4.95558317e-03 4.28986285e-03
1.46546547e-01 -2.92799522e-02 -3.73048387e-03 -3.73047854e-03 4.70476276e+01 6.67106646e+01 9.92461170e+01 1.19631173e+02 1.65198899e+02 1.76761582e+02 2.04257432e+02 2.39372506e+02 2.98673183e+02 3.60424692e+02 2.28533252e-14 5.20970525e-06 3.67807229e-05 9.92593022e-01 9.86846511e-01 4.36063173e-16 9.92136449e-01 1.10734211e-06 9.60366048e-01 4.07406840e-01 9.85707074e-01 9.98631355e-01 9.99695965e-01 7.34359308e-07 5.81654714e-07 5.81654485e-07 9.05406544e-03 1.13448009e-02 2.48915399e-03 6.38307893e-03 2.57577039e-02 5.03634489e-03 2.10605511e-03 5.49238690e-03 4.95044500e-03 4.28554989e-03
1.46696697e-01 -2.92799522e-02 -3.73048625e-03 -3.73048193e-03 4.70242939e+01 6.66857366e+01 9.92461170e+01 1.19627731e+02 1.65198899e+02 1.76762829e+02 2.04252034e+02 2.39367899e+02 2.98671051e+02 3.60423497e+02 6.53578136e-14 3.03608160e-05 2.14712063e-05 9.92582406e-01 9.86893614e-01 1.12430026e-15 9.92157060e-01 1.10620870e-06 9.60432798e-01 4.07035573e-01 9.85734789e-01 9.98634119e-01 9.99696570e-01 7.34359308e-07 5.81654976e-07 5.81654223e-07 9.06104615e-03 1.13256475e-02 2.48915399e-03 6.37494118e-03 2.57577039e-02 5.03194891e-03 2.10251976e-03 5.48637561e-03 4.94531744e-03 4.28124549e-03
1.46846847e-01 -2.92799521e-02 -3.73048462e-03 -3.73047855e-03 4.70009359e+01 6.66609076e+01 9.92461170e+01 1.19624301e+02 1.65198899e+02 1.76764073e+02 2.04246651e+02 2.39363307e+02 2.98668926e+02 3.60422305e+02 2.29941223e-14 7.71713240e-06 3.64152421e-05 9.92571860e-01 9.86940561e-01 5.57204651e-16 9.92177588e-01 1.10507761e-06 9.60499391e-01 4.06664943e-01 9.85762428e-01 9.98636875e-01 9.99697173e-01 7.34359308e-07 5.81654765e-07 5.81654434e-07 9.06798089e-03 1.13065158e-02 2.48915399e-03 6.36682497e-03 2.57577039e-02 5.02756003e-03 2.09899240e-03 5.48037737e-03 4.94020047e-03 4.27694962e-03
1.46996997e-01 -2.92799523e-02 -3.73048732e-03 -3.73048196e-03 4.69775538e+01 6.66361771e+01 9.92461170e+01 1.19620884e+02 1.65198899e+02 1.76765314e+02 2.04241281e+02 2.39358729e+02 2.98666808e+02 3.60421118e+02 5.83790140e-14 3.62414950e-05 8.66100811e-06 9.92561384e-01 9.86987352e-01 4.48058756e-16 9.92198033e-01 1.10394883e-06 9.60565826e-01 4.06294948e-01 9.85789990e-01 9.98639623e-01 9.99697774e-01 7.34359308e-07 5.81654778e-07 5.81654421e-07 9.07486964e-03 1.12874062e-02 2.48915399e-03 6.35873024e-03 2.57577039e-02 5.02317825e-03 2.09547299e-03 5.47439216e-03 4.93509406e-03 4.27266226e-03
1.47147147e-01 -2.92799521e-02 -3.73048393e-03 -3.73048034e-03 4.69541479e+01 6.66115450e+01 9.92461170e+01 1.19617478e+02 1.65198899e+02 1.76766552e+02 2.04235926e+02 2.39354165e+02 2.98664695e+02 3.60419934e+02 2.52093263e-14 1.98214531e-05 3.15975783e-05 9.92550977e-01 9.87033987e-01 3.58284907e-16 9.92218395e-01 1.10282235e-06 9.60632104e-01 4.05925586e-01 9.85817476e-01 9.98642362e-01 9.99698373e-01 7.34359308e-07 5.81654962e-07 5.81654238e-07 9.08171243e-03 1.12683187e-02 2.48915399e-03 6.35065689e-03 2.57577039e-02 5.01880355e-03 2.09196151e-03 5.46841993e-03 4.92999817e-03 4.26838339e-03
1.47297297e-01 -2.92799522e-02 -3.73048479e-03 -3.73047960e-03 4.69307183e+01 6.65870109e+01 9.92461170e+01 1.19614084e+02 1.65198899e+02 1.76767787e+02 2.04230585e+02 2.39349615e+02 2.98662590e+02 3.60418753e+02 1.17487704e-14 2.09848343e-05 3.08832400e-05 9.92540641e-01 9.87080466e-01 8.09161550e-16 9.92238675e-01 1.10169817e-06 9.60698227e-01 4.05556857e-01 9.85844886e-01 9.98645093e-01 9.99698971e-01 7.34359308e-07 5.81654973e-07 5.81654226e-07 9.08850924e-03 1.12492537e-02 2.48915399e-03 6.34260483e-03 2.57577039e-02 5.01443591e-03 2.08845796e-03 5.46246064e-03 4.92491278e-03 4.26411298e-03
1.47447447e-01 -2.92799522e-02 -3.73048753e-03 -3.73048321e-03 4.69072652e+01 6.65625743e+01 9.92461170e+01 1.19610702e+02 1.65198899e+02 1.76769018e+02 2.04225258e+02 2.39345080e+02 2.98660491e+02 3.60417576e+02 9.94380461e-14 3.29685372e-05 1.76084375e-05 9.92530375e-01 9.87126790e-01 1.68257619e-15 9.92258873e-01 1.10057628e-06 9.60764194e-01 4.05188758e-01 9.85872220e-01 9.98647817e-01 9.99699566e-01 7.34359308e-07 5.81654931e-07 5.81654269e-07 9.09526009e-03 1.12302112e-02 2.48915399e-03 6.33457399e-03 2.57577039e-02 5.01007532e-03 2.08496231e-03 5.45651425e-03 4.91983784e-03 4.25985100e-03
1.47597598e-01 -2.92799522e-02 -3.73048428e-03 -3.73048179e-03 4.68837889e+01 6.65382350e+01 9.92461170e+01 1.19607332e+02 1.65198899e+02 1.76770246e+02 2.04219945e+02 2.39340559e+02 2.98658398e+02 3.60416403e+02 2.51372943e-15 2.14918709e-05 3.06256040e-05 9.92520178e-01 9.87172958e-01 1.04675151e-15 9.92278989e-01 1.09945667e-06 9.60830006e-01 4.04821289e-01 9.85899479e-01 9.98650531e-01 9.99700161e-01 7.34359308e-07 5.81654977e-07 5.81654222e-07 9.10196499e-03 1.12111915e-02 2.48915399e-03 6.32656427e-03 2.57577039e-02 5.00572177e-03 2.08147454e-03 5.45058073e-03 4.91477333e-03 4.25559743e-03
1.47747748e-01 -2.92799520e-02 -3.73048620e-03 -3.73048177e-03 4.68602895e+01 6.65139927e+01 9.92461170e+01 1.19603973e+02 1.65198899e+02 1.76771471e+02 2.04214646e+02 2.39336051e+02 2.98656312e+02 3.60415233e+02 5.19230813e-15 3.43917430e-05 1.48285426e-05 9.92510053e-01 9.87218970e-01 9.62104116e-16 9.92299025e-01 1.09833933e-06 9.60895662e-01 4.04454447e-01 9.85926663e-01 9.98653238e-01 9.99700753e-01 7.34359308e-07 5.81654889e-07 5.81654311e-07 9.10862394e-03 1.11921947e-02 2.48915399e-03 6.31857561e-03 2.57577039e-02 5.00137523e-03 2.07799463e-03 5.44466002e-03 4.90971922e-03 4.25135225e-03
1.47897898e-01 -2.92799520e-02 -3.73048485e-03 -3.73048146e-03 4.68367672e+01 6.64898470e+01 9.92461170e+01 1.19600627e+02 1.65198899e+02 1.76772693e+02 2.04209361e+02 2.39331558e+02 2.98654232e+02 3.60414066e+02 7.59793391e-14 2.80146019e-05 2.49140957e-05 9.92499998e-01 9.87264826e-01 5.86646974e-16 9.92318981e-01 1.09722427e-06 9.60961165e-01 4.04088231e-01 9.85953772e-01 9.98655937e-01 9.99701344e-01 7.34359308e-07 5.81654997e-07 5.81654202e-07 9.11523695e-03 1.11732211e-02 2.48915399e-03 6.31060791e-03 2.57577039e-02 4.99703569e-03 2.07452257e-03 5.43875209e-03 4.90467547e-03 4.24711543e-03
1.48048048e-01 -2.92799521e-02 -3.73048408e-03 -3.73047978e-03 4.68132222e+01 6.64657976e+01 9.92461170e+01 1.19597291e+02 1.65198899e+02 1.76773911e+02 2.04204090e+02 2.39327079e+02 2.98652158e+02 3.60412903e+02 6.55378051e-14 1.92674624e-05 3.22048178e-05 9.92490013e-01 9.87310528e-01 1.81548279e-15 9.92338856e-01 1.09611146e-06 9.61026514e-01 4.03722640e-01 9.85980806e-01 9.98658628e-01 9.99701932e-01 7.34359308e-07 5.81654954e-07 5.81654245e-07 9.12180405e-03 1.11542708e-02 2.48915399e-03 6.30266109e-03 2.57577039e-02 4.99270314e-03 2.07105832e-03 5.43285690e-03 4.89964206e-03 4.24288694e-03
1.48198198e-01 -2.92799521e-02 -3.73048420e-03 -3.73048139e-03 4.67896548e+01 6.64418442e+01 9.92461170e+01 1.19593968e+02 1.65198899e+02 1.76775127e+02 2.04198832e+02 2.39322614e+02 2.98650091e+02 3.60411744e+02 4.48806456e-14 1.47295127e-05 3.45584298e-05 9.92480099e-01 9.87356073e-01 1.40552807e-15 9.92358652e-01 1.09500091e-06 9.61091709e-01 4.03357673e-01 9.86007766e-01 9.98661311e-01 9.99702520e-01 7.34359308e-07 5.81654891e-07 5.81654308e-07 9.12832525e-03 1.11353440e-02 2.48915399e-03 6.29473507e-03 2.57577039e-02 4.98837755e-03 2.06760188e-03 5.42697442e-03 4.89461895e-03 4.23866677e-03
1.48348348e-01 -2.92799519e-02 -3.73048511e-03 -3.73048052e-03 4.67660651e+01 6.64179863e+01 9.92461170e+01 1.19590656e+02 1.65198899e+02 1.76776339e+02 2.04193589e+02 2.39318162e+02 2.98648030e+02 3.60410588e+02 7.60584694e-14 3.28741334e-05 1.82591369e-05 9.92470256e-01 9.87401464e-01 6.69061232e-16 9.92378368e-01 1.09389261e-06 9.61156751e-01 4.02993327e-01 9.86034652e-01 9.98663986e-01 9.99703105e-01 7.34359308e-07 5.81654938e-07 5.81654261e-07 9.13480057e-03 1.11164410e-02 2.48915399e-03 6.28682977e-03 2.57577039e-02 4.98405893e-03 2.06415322e-03 5.42110459e-03 4.88960610e-03 4.23445489e-03
1.48498498e-01 -2.92799521e-02 -3.73048486e-03 -3.73048205e-03 4.67424533e+01 6.63942238e+01 9.92461170e+01 1.19587355e+02 1.65198899e+02 1.76777548e+02 2.04188359e+02 2.39313724e+02 2.98645975e+02 3.60409436e+02 4.23329524e-14 1.82706715e-05 3.29112639e-05 9.92460484e-01 9.87446699e-01 2.96723011e-16 9.92398006e-01 1.09278656e-06 9.61221641e-01 4.02629601e-01 9.86061464e-01 9.98666652e-01 9.99703689e-01 7.34359308e-07 5.81654941e-07 5.81654258e-07 9.14123002e-03 1.10975618e-02 2.48915399e-03 6.27894511e-03 2.57577039e-02 4.97974724e-03 2.06071232e-03 5.41524738e-03 4.88460350e-03 4.23025127e-03
1.48648649e-01 -2.92799520e-02 -3.73048464e-03 -3.73048172e-03 4.67188197e+01 6.63705561e+01 9.92461170e+01 1.19584066e+02 1.65198899e+02 1.76778754e+02 2.04183143e+02 2.39309300e+02 2.98643926e+02 3.60408287e+02 3.13955399e-14 2.54424951e-05 2.77941555e-05 9.92450783e-01 9.87491780e-01 8.91401106e-16 9.92417566e-01 1.09168273e-06 9.61286379e-01 4.02266494e-01 9.86088203e-01 9.98669311e-01 9.99704271e-01 7.34359308e-07 5.81654999e-07 5.81654200e-07 9.14761364e-03 1.10787066e-02 2.48915399e-03 6.27108101e-03 2.57577039e-02 4.97544247e-03 2.05727917e-03 5.40940276e-03 4.87961110e-03 4.22605589e-03
1.48798799e-01 -2.92799519e-02 -3.73048685e-03 -3.73048343e-03 4.66951643e+01 6.63469832e+01 9.92461170e+01 1.19580788e+02 1.65198899e+02 1.76779957e+02 2.04177941e+02 2.39304890e+02 2.98641884e+02 3.60407141e+02 3.94622708e-14 2.73610751e-05 2.59629931e-05 9.92441154e-01 9.87536705e-01 6.18025279e-16 9.92437047e-01 1.09058113e-06 9.61350965e-01 4.01904005e-01 9.86114868e-01 9.98671963e-01 9.99704851e-01 7.34359308e-07 5.81654999e-07 5.81654200e-07 9.15395144e-03 1.10598757e-02 2.48915399e-03 6.26323739e-03 2.57577039e-02 4.97114461e-03 2.05385375e-03 5.40357068e-03 4.87462888e-03 4.22186873e-03
1.48948949e-01 -2.92799520e-02 -3.73048332e-03 -3.73047700e-03 4.66714875e+01 6.63235044e+01 9.92461170e+01 1.19577522e+02 1.65198899e+02 1.76781156e+02 2.04172752e+02 2.39300493e+02 2.98639848e+02 3.60405999e+02 1.31669400e-13 1.13300559e-05 3.60167735e-05 9.92431595e-01 9.87581476e-01 6.04635894e-16 9.92456452e-01 1.08948175e-06 9.61415400e-01 4.01542131e-01 9.86141460e-01 9.98674606e-01 9.99705430e-01 7.34359308e-07 5.81654831e-07 5.81654368e-07 9.16024345e-03 1.10410692e-02 2.48915399e-03 6.25541416e-03 2.57577039e-02 4.96685365e-03 2.05043603e-03 5.39775110e-03 4.86965681e-03 4.21768977e-03
1.49099099e-01 -2.92799522e-02 -3.73048538e-03 -3.73048185e-03 4.66477893e+01 6.63001197e+01 9.92461170e+01 1.19574266e+02 1.65198899e+02 1.76782353e+02 2.04167577e+02 2.39296110e+02 2.98637818e+02 3.60404860e+02 9.95222054e-14 1.66625394e-05 3.39236425e-05 9.92422108e-01 9.87626092e-01 1.08925162e-15 9.92475779e-01 1.08838459e-06 9.61479684e-01 4.01180872e-01 9.86167979e-01 9.98677241e-01 9.99706007e-01 7.34359308e-07 5.81654918e-07 5.81654281e-07 9.16648971e-03 1.10222873e-02 2.48915399e-03 6.24761125e-03 2.57577039e-02 4.96256956e-03 2.04702599e-03 5.39194399e-03 4.86469485e-03 4.21351897e-03
1.49249249e-01 -2.92799519e-02 -3.73048737e-03 -3.73048497e-03 4.66240701e+01 6.62768285e+01 9.92461170e+01 1.19571022e+02 1.65198899e+02 1.76783546e+02 2.04162416e+02 2.39291740e+02 2.98635794e+02 3.60403724e+02 8.86889608e-15 2.79271946e-05 2.55226182e-05 9.92412691e-01 9.87670554e-01 5.54314833e-16 9.92495030e-01 1.08728964e-06 9.61543817e-01 4.00820226e-01 9.86194425e-01 9.98679869e-01 9.99706582e-01 7.34359308e-07 5.81654998e-07 5.81654201e-07 9.17269024e-03 1.10035302e-02 2.48915399e-03 6.23982859e-03 2.57577039e-02 4.95829233e-03 2.04362363e-03 5.38614931e-03 4.85974298e-03 4.20935631e-03
1.49399399e-01 -2.92799519e-02 -3.73048863e-03 -3.73048283e-03 4.66003300e+01 6.62536306e+01 9.92461170e+01 1.19567789e+02 1.65198899e+02 1.76784737e+02 2.04157268e+02 2.39287384e+02 2.98633777e+02 3.60402592e+02 8.68683617e-15 3.53860162e-05 1.34923493e-05 9.92403347e-01 9.87714861e-01 7.20750395e-16 9.92514204e-01 1.08619689e-06 9.61607801e-01 4.00460192e-01 9.86220799e-01 9.98682489e-01 9.99707156e-01 7.34359308e-07 5.81654864e-07 5.81654335e-07 9.17884507e-03 1.09847979e-02 2.48915399e-03 6.23206608e-03 2.57577039e-02 4.95402195e-03 2.04022891e-03 5.38036701e-03 4.85480116e-03 4.20520178e-03
1.49549550e-01 -2.92799521e-02 -3.73048610e-03 -3.73048380e-03 4.65765692e+01 6.62305257e+01 9.92461170e+01 1.19564567e+02 1.65198899e+02 1.76785924e+02 2.04152133e+02 2.39283041e+02 2.98631765e+02 3.60401464e+02 1.80508293e-14 2.22875999e-05 3.06653030e-05 9.92394074e-01 9.87759014e-01 1.37053670e-15 9.92533302e-01 1.08510632e-06 9.61671635e-01 4.00100767e-01 9.86247101e-01 9.98685101e-01 9.99707728e-01 7.34359308e-07 5.81654981e-07 5.81654218e-07 9.18495425e-03 1.09660908e-02 2.48915399e-03 6.22432366e-03 2.57577039e-02 4.94975841e-03 2.03684182e-03 5.37459707e-03 4.84986937e-03 4.20105535e-03
1.49699700e-01 -2.92799520e-02 -3.73048626e-03 -3.73048174e-03 4.65527879e+01 6.62075134e+01 9.92461170e+01 1.19561356e+02 1.65198899e+02 1.76787109e+02 2.04147012e+02 2.39278712e+02 2.98629760e+02 3.60400338e+02 3.51850510e-14 1.45360422e-05 3.50526545e-05 9.92384872e-01 9.87803013e-01 4.00157197e-16 9.92552325e-01 1.08401796e-06 9.61735321e-01 3.99741951e-01 9.86273331e-01 9.98687706e-01 9.99708298e-01 7.34359308e-07 5.81654885e-07 5.81654314e-07 9.19101780e-03 1.09474089e-02 2.48915399e-03 6.21660124e-03 2.57577039e-02 4.94550167e-03 2.03346234e-03 5.36883943e-03 4.84494757e-03 4.19691700e-03
1.49849850e-01 -2.92799521e-02 -3.73048688e-03 -3.73048310e-03 4.65289864e+01 6.61845934e+01 9.92461170e+01 1.19558156e+02 1.65198899e+02 1.76788290e+02 2.04141904e+02 2.39274396e+02 2.98627760e+02 3.60399216e+02 7.85788542e-14 1.33107393e-05 3.55766695e-05 9.92375742e-01 9.87846858e-01 3.19858965e-16 9.92571274e-01 1.08293177e-06 9.61798857e-01 3.99383743e-01 9.86299489e-01 9.98690303e-01 9.99708867e-01 7.34359308e-07 5.81654865e-07 5.81654334e-07 9.19703576e-03 1.09287525e-02 2.48915399e-03 6.20889875e-03 2.57577039e-02 4.94125174e-03 2.03009046e-03 5.36309407e-03 4.84003573e-03 4.19278669e-03
1.50000000e-01 -2.92799520e-02 -3.73048354e-03 -3.73047973e-03 4.65051647e+01 6.61617653e+01 9.92461170e+01 1.19554968e+02 1.65198899e+02 1.76789468e+02 2.04136810e+02 2.39270093e+02 2.98625767e+02 3.60398098e+02 1.35861693e-13 2.47181189e-05 2.88926076e-05 9.92366684e-01 9.87890549e-01 4.02456995e-16 9.92590147e-01 1.08184775e-06 9.61862246e-01 3.99026140e-01 9.86325576e-01 9.98692892e-01 9.99709434e-01 7.34359308e-07 5.81654996e-07 5.81654203e-07 9.20300818e-03 1.09101217e-02 2.48915399e-03 6.20121611e-03 2.57577039e-02 4.93700860e-03 2.02672614e-03 5.35736094e-03 4.83513383e-03 4.18866442e-03
