# hBN Fig5 panel D: chi included,  single resonant cavity mode
# omega_res = 165.199 meV ; axis = [1, 0, 0] ; nmodes = 7
# col0 = lambda ; cols 1..7 = frequency (meV) ; cols 8..14 = photon character ; cols 15..21 = IR intensity (arb. u.)
0.00000000e+00 -2.92799521e-02 -3.73048428e-03 -3.73048181e-03 9.92461170e+01 1.65198842e+02 1.65198842e+02 1.65198956e+02 0.00000000e+00 0.00000000e+00 0.00000000e+00 0.00000000e+00 0.00000000e+00 1.00000000e+00 0.00000000e+00 7.34359308e-07 5.81655001e-07 5.81654201e-07 2.48915399e-03 2.57576861e-02 0.00000000e+00 2.57577216e-02
1.50150150e-04 -2.92799521e-02 -3.73048507e-03 -3.73048177e-03 9.92461170e+01 1.65146224e+02 1.65198899e+02 1.65251465e+02 8.38778646e-17 1.23711898e-08 7.34204820e-09 5.53711366e-17 7.07641066e-01 1.08076119e-03 7.06571266e-01 7.34359308e-07 5.81654952e-07 5.81654250e-07 2.48915399e-03 1.82235855e-02 2.57576889e-02 1.82033251e-02
3.00300300e-04 -2.92799521e-02 -3.73048515e-03 -3.73048251e-03 9.92461170e+01 1.65093525e+02 1.65198899e+02 1.65304007e+02 8.41285358e-17 2.52378016e-08 1.38152600e-08 2.16827007e-16 7.07890687e-01 5.40380825e-04 7.06321798e-01 7.34359308e-07 5.81654937e-07 5.81654265e-07 2.48915399e-03 1.82410410e-02 2.57577002e-02 1.81858202e-02
4.50450450e-04 -2.92799521e-02 -3.73048534e-03 -3.73048224e-03 9.92461170e+01 1.65040774e+02 1.65198899e+02 1.65356496e+02 3.44066423e-17 2.96208955e-08 3.13874280e-08 1.40663627e-16 7.08203283e-01 3.60253912e-04 7.06008484e-01 7.34359308e-07 5.81655001e-07 5.81654201e-07 2.48915399e-03 1.82568576e-02 2.57577023e-02 1.81699434e-02
6.00600601e-04 -2.92799521e-02 -3.73048492e-03 -3.73048170e-03 9.92461170e+01 1.64987971e+02 1.65198899e+02 1.65408933e+02 1.40793413e-17 3.46132841e-08 4.59690409e-08 1.25087140e-16 7.08531523e-01 2.70190442e-04 7.05679111e-01 7.34359308e-07 5.81654986e-07 5.81654216e-07 2.48915399e-03 1.82722551e-02 2.57577030e-02 1.81544645e-02
7.50750751e-04 -2.92799521e-02 -3.73048578e-03 -3.73048337e-03 9.92461170e+01 1.64935116e+02 1.65198899e+02 1.65461317e+02 4.68274996e-17 6.29889923e-08 3.47302044e-08 5.42003891e-18 7.08865921e-01 2.16152356e-04 7.05343221e-01 7.34359308e-07 5.81654939e-07 5.81654263e-07 2.48915399e-03 1.82874778e-02 2.57577033e-02 1.81391381e-02
9.00900901e-04 -2.92799521e-02 -3.73048507e-03 -3.73048264e-03 9.92461170e+01 1.64882209e+02 1.65198899e+02 1.65513649e+02 1.00017744e-16 6.21986709e-08 5.98464510e-08 9.66700996e-17 7.09203314e-01 1.80126965e-04 7.05003991e-01 7.34359308e-07 5.81655001e-07 5.81654201e-07 2.48915399e-03 1.83026070e-02 2.57577035e-02 1.81238823e-02
1.05105105e-03 -2.92799521e-02 -3.73048522e-03 -3.73048281e-03 9.92461170e+01 1.64829250e+02 1.65198899e+02 1.65565928e+02 2.41547504e-17 8.94913922e-08 4.61729271e-08 1.58576251e-16 7.09542344e-01 1.54394542e-04 7.04662784e-01 7.34359308e-07 5.81654926e-07 5.81654276e-07 2.48915399e-03 1.83176777e-02 2.57577036e-02 1.81086622e-02
1.20120120e-03 -2.92799521e-02 -3.73048497e-03 -3.73048178e-03 9.92461170e+01 1.64776239e+02 1.65198899e+02 1.65618154e+02 7.25558717e-17 8.82777276e-08 7.38374664e-08 2.99729507e-17 7.09882332e-01 1.35095225e-04 7.04320280e-01 7.34359308e-07 5.81654995e-07 5.81654207e-07 2.48915399e-03 1.83327072e-02 2.57577037e-02 1.80934604e-02
1.35135135e-03 -2.92799521e-02 -3.73048449e-03 -3.73048146e-03 9.92461170e+01 1.64723176e+02 1.65198899e+02 1.65670328e+02 9.57665263e-19 8.26567932e-08 9.96542390e-08 6.10002582e-17 7.10222900e-01 1.20084644e-04 7.03976859e-01 7.34359308e-07 5.81654995e-07 5.81654207e-07 2.48915399e-03 1.83477053e-02 2.57577037e-02 1.80782671e-02
1.50150150e-03 -2.92799521e-02 -3.73048622e-03 -3.73048336e-03 9.92461170e+01 1.64670062e+02 1.65198899e+02 1.65722448e+02 1.79145701e-17 1.24857536e-07 7.14548576e-08 6.05471886e-17 7.10563822e-01 1.08076180e-04 7.03632747e-01 7.34359308e-07 5.81654945e-07 5.81654257e-07 2.48915399e-03 1.83626776e-02 2.57577038e-02 1.80630766e-02
1.65165165e-03 -2.92799521e-02 -3.73048564e-03 -3.73048300e-03 9.92461170e+01 1.64616896e+02 1.65198899e+02 1.65774516e+02 3.68956538e-17 1.44367698e-07 6.48009327e-08 9.25232321e-17 7.10904953e-01 9.82510728e-05 7.03288091e-01 7.34359308e-07 5.81654899e-07 5.81654303e-07 2.48915399e-03 1.83776278e-02 2.57577038e-02 1.80478853e-02
1.80180180e-03 -2.92799521e-02 -3.73048508e-03 -3.73048276e-03 9.92461170e+01 1.64563678e+02 1.65198899e+02 1.65826531e+02 1.57515962e-17 1.51267026e-07 8.31827878e-08 8.14173147e-17 7.11246195e-01 9.00634835e-05 7.02942986e-01 7.34359308e-07 5.81654938e-07 5.81654264e-07 2.48915399e-03 1.83925583e-02 2.57577038e-02 1.80326907e-02
1.95195195e-03 -2.92799521e-02 -3.73048442e-03 -3.73048178e-03 9.92461170e+01 1.64510409e+02 1.65198899e+02 1.65878492e+02 4.53379439e-17 1.55721281e-07 1.03565304e-07 2.13147935e-16 7.11587483e-01 8.31355232e-05 7.02597500e-01 7.34359308e-07 5.81654970e-07 5.81654232e-07 2.48915399e-03 1.84074707e-02 2.57577038e-02 1.80174912e-02
2.10210210e-03 -2.92799521e-02 -3.73048643e-03 -3.73048374e-03 9.92461170e+01 1.64457089e+02 1.65198899e+02 1.65930401e+02 1.00594000e-16 1.89335530e-07 6.86633166e-08 9.23351457e-17 7.11928767e-01 7.71972716e-05 7.02251682e-01 7.34359308e-07 5.81654856e-07 5.81654346e-07 2.48915399e-03 1.84223662e-02 2.57577039e-02 1.80022857e-02
2.25225225e-03 -2.92799521e-02 -3.73048459e-03 -3.73048196e-03 9.92461170e+01 1.64403717e+02 1.65198899e+02 1.65982256e+02 3.79843801e-17 1.03830422e-07 1.89165128e-07 8.23486056e-18 7.12270012e-01 7.20507869e-05 7.01905567e-01 7.34359308e-07 5.81654940e-07 5.81654262e-07 2.48915399e-03 1.84372456e-02 2.57577039e-02 1.79870734e-02
2.40240240e-03 -2.92799521e-02 -3.73048508e-03 -3.73048123e-03 9.92461170e+01 1.64350293e+02 1.65198899e+02 1.66034058e+02 4.63607787e-17 1.22667597e-07 1.94762356e-07 2.39564330e-16 7.12611192e-01 6.75476127e-05 7.01559181e-01 7.34359308e-07 5.81654963e-07 5.81654239e-07 2.48915399e-03 1.84521095e-02 2.57577039e-02 1.79718536e-02
2.55255255e-03 -2.92799521e-02 -3.73048489e-03 -3.73048168e-03 9.92461170e+01 1.64296819e+02 1.65198899e+02 1.66085807e+02 1.75831976e-17 1.72957167e-07 1.72901560e-07 1.13395588e-16 7.12952285e-01 6.35742237e-05 7.01212547e-01 7.34359308e-07 5.81655002e-07 5.81654201e-07 2.48915399e-03 1.84669584e-02 2.57577039e-02 1.79566259e-02
2.70270270e-03 -2.92799521e-02 -3.73048474e-03 -3.73048112e-03 9.92461170e+01 1.64243293e+02 1.65198899e+02 1.66137502e+02 9.31367332e-18 1.07002064e-07 2.35802904e-07 9.44723574e-17 7.13293275e-01 6.00423225e-05 7.00865679e-01 7.34359308e-07 5.81654904e-07 5.81654299e-07 2.48915399e-03 1.84817926e-02 2.57577039e-02 1.79413899e-02
2.85285285e-03 -2.92799521e-02 -3.73048524e-03 -3.73048265e-03 9.92461170e+01 1.64189716e+02 1.65198899e+02 1.66189144e+02 8.98637150e-18 2.31577211e-07 1.45195285e-07 1.70897459e-16 7.13634150e-01 5.68822002e-05 7.00518591e-01 7.34359308e-07 5.81654961e-07 5.81654241e-07 2.48915399e-03 1.84966122e-02 2.57577039e-02 1.79261455e-02
3.00300300e-03 -2.92799522e-02 -3.73048597e-03 -3.73048334e-03 9.92461170e+01 1.64136089e+02 1.65198899e+02 1.66240733e+02 5.72024284e-17 2.07662252e-07 1.99141138e-07 9.89457842e-18 7.13974899e-01 5.40380902e-05 7.00171294e-01 7.34359308e-07 5.81655001e-07 5.81654201e-07 2.48915399e-03 1.85114176e-02 2.57577039e-02 1.79108925e-02
3.15315315e-03 -2.92799521e-02 -3.73048512e-03 -3.73048233e-03 9.92461170e+01 1.64082410e+02 1.65198899e+02 1.66292268e+02 3.99058627e-17 1.63297809e-07 2.54164636e-07 2.20829231e-17 7.14315513e-01 5.14648478e-05 6.99823796e-01 7.34359308e-07 5.81654966e-07 5.81654236e-07 2.48915399e-03 1.85262088e-02 2.57577039e-02 1.78956307e-02
3.30330330e-03 -2.92799521e-02 -3.73048450e-03 -3.73048129e-03 9.92461170e+01 1.64028680e+02 1.65198899e+02 1.66343750e+02 3.82496532e-17 1.67464997e-07 2.68552132e-07 3.56099935e-17 7.14655985e-01 4.91255366e-05 6.99476105e-01 7.34359308e-07 5.81654961e-07 5.81654241e-07 2.48915399e-03 1.85409859e-02 2.57577039e-02 1.78803600e-02
3.45345345e-03 -2.92799521e-02 -3.73048535e-03 -3.73048257e-03 9.92461170e+01 1.63974900e+02 1.65198899e+02 1.66395178e+02 6.44117513e-17 2.66873405e-07 1.95591920e-07 8.59387776e-17 7.14996309e-01 4.69896437e-05 6.99128226e-01 7.34359308e-07 5.81654982e-07 5.81654220e-07 2.48915399e-03 1.85557491e-02 2.57577039e-02 1.78650804e-02
3.60360360e-03 -2.92799521e-02 -3.73048497e-03 -3.73048261e-03 9.92461170e+01 1.63921069e+02 1.65198899e+02 1.66446552e+02 6.65886249e-17 2.88508948e-07 1.89649532e-07 2.46328169e-16 7.15336479e-01 4.50317419e-05 6.98780165e-01 7.34359308e-07 5.81654968e-07 5.81654234e-07 2.48915399e-03 1.85704982e-02 2.57577039e-02 1.78497918e-02
3.75375375e-03 -2.92799521e-02 -3.73048524e-03 -3.73048290e-03 9.92461170e+01 1.63867187e+02 1.65198899e+02 1.66497872e+02 3.02483346e-17 2.35572734e-07 2.71754472e-07 2.27657438e-16 7.15676492e-01 4.32304722e-05 6.98431927e-01 7.34359308e-07 5.81654998e-07 5.81654204e-07 2.48915399e-03 1.85852334e-02 2.57577039e-02 1.78344942e-02
3.90390390e-03 -2.92799521e-02 -3.73048724e-03 -3.73048299e-03 9.92461170e+01 1.63813254e+02 1.65198899e+02 1.66549139e+02 7.99471962e-17 3.60184276e-07 1.00830777e-07 2.44108762e-16 7.16016343e-01 4.15677617e-05 6.98083515e-01 7.34359308e-07 5.81654808e-07 5.81654395e-07 2.48915399e-03 1.85999547e-02 2.57577039e-02 1.78191876e-02
4.05405405e-03 -2.92799521e-02 -3.73048466e-03 -3.73048094e-03 9.92461170e+01 1.63759271e+02 1.65198899e+02 1.66600352e+02 9.98382819e-18 2.21320453e-07 3.19194724e-07 2.80511820e-16 7.16356029e-01 4.00282150e-05 6.97734934e-01 7.34359308e-07 5.81654977e-07 5.81654225e-07 2.48915399e-03 1.86146621e-02 2.57577039e-02 1.78038720e-02
4.20420420e-03 -2.92799521e-02 -3.73048541e-03 -3.73048290e-03 9.92461170e+01 1.63705238e+02 1.65198899e+02 1.66651511e+02 3.75267891e-17 3.15894156e-07 2.49922504e-07 1.04468368e-16 7.16695548e-01 3.85986359e-05 6.97386185e-01 7.34359308e-07 5.81654990e-07 5.81654212e-07 2.48915399e-03 1.86293555e-02 2.57577039e-02 1.77885474e-02
4.35435435e-03 -2.92799521e-02 -3.73048493e-03 -3.73048132e-03 9.92461170e+01 1.63651154e+02 1.65198899e+02 1.66702616e+02 2.24607556e-16 2.57158849e-07 3.28505657e-07 2.39284844e-17 7.17034895e-01 3.72676485e-05 6.97037271e-01 7.34359308e-07 5.81654990e-07 5.81654212e-07 2.48915399e-03 1.86440350e-02 2.57577039e-02 1.77732139e-02
4.50450450e-03 -2.92799521e-02 -3.73048505e-03 -3.73048240e-03 9.92461170e+01 1.63597020e+02 1.65198899e+02 1.66753667e+02 4.88025673e-18 3.17669559e-07 2.92135003e-07 1.11087793e-16 7.17374069e-01 3.60253935e-05 6.96688197e-01 7.34359308e-07 5.81655000e-07 5.81654202e-07 2.48915399e-03 1.86587004e-02 2.57577039e-02 1.77578714e-02
4.65465465e-03 -2.92799522e-02 -3.73048501e-03 -3.73048256e-03 9.92461170e+01 1.63542836e+02 1.65198899e+02 1.66804664e+02 3.98938763e-17 3.82469592e-07 2.29342305e-07 2.64038011e-16 7.17713068e-01 3.48632840e-05 6.96338962e-01 7.34359308e-07 5.81654954e-07 5.81654249e-07 2.48915399e-03 1.86733519e-02 2.57577039e-02 1.77425200e-02
4.80480480e-03 -2.92799521e-02 -3.73048467e-03 -3.73048128e-03 9.92461170e+01 1.63488601e+02 1.65198899e+02 1.66855607e+02 6.02030839e-18 3.44568119e-07 3.05273106e-07 4.44887848e-17 7.18051890e-01 3.37738064e-05 6.95989571e-01 7.34359308e-07 5.81654998e-07 5.81654204e-07 2.48915399e-03 1.86879893e-02 2.57577039e-02 1.77271598e-02
4.95495495e-03 -2.92799521e-02 -3.73048478e-03 -3.73048224e-03 9.92461170e+01 1.63434317e+02 1.65198899e+02 1.66906495e+02 2.09465978e-17 3.04546978e-07 3.64172866e-07 1.50051883e-16 7.18390532e-01 3.27503577e-05 6.95640024e-01 7.34359308e-07 5.81654996e-07 5.81654207e-07 2.48915399e-03 1.87026126e-02 2.57577039e-02 1.77117907e-02
5.10510511e-03 -2.92799521e-02 -3.73048493e-03 -3.73048156e-03 9.92461170e+01 1.63379982e+02 1.65198899e+02 1.66957330e+02 9.33202910e-17 3.73846204e-07 3.15397431e-07 5.28537137e-17 7.18728993e-01 3.17871119e-05 6.95290323e-01 7.34359308e-07 5.81654996e-07 5.81654207e-07 2.48915399e-03 1.87172217e-02 2.57577039e-02 1.76964129e-02
5.25525526e-03 -2.92799521e-02 -3.73048530e-03 -3.73048354e-03 9.92461170e+01 1.63325598e+02 1.65198899e+02 1.67008110e+02 1.49434249e-17 3.55418665e-07 3.56642377e-07 3.74041470e-17 7.19067272e-01 3.08789087e-05 6.94940470e-01 7.34359308e-07 5.81655002e-07 5.81654201e-07 2.48915399e-03 1.87318167e-02 2.57577039e-02 1.76810264e-02
5.40540541e-03 -2.92799521e-02 -3.73048484e-03 -3.73048227e-03 9.92461170e+01 1.63271164e+02 1.65198899e+02 1.67058836e+02 4.42161346e-17 4.07748435e-07 3.19297695e-07 1.03392938e-16 7.19405367e-01 3.00211613e-05 6.94590467e-01 7.34359308e-07 5.81654989e-07 5.81654213e-07 2.48915399e-03 1.87463974e-02 2.57577039e-02 1.76656312e-02
5.55555556e-03 -2.92799521e-02 -3.73048464e-03 -3.73048216e-03 9.92461170e+01 1.63216680e+02 1.65198899e+02 1.67109507e+02 3.34554179e-17 3.44108423e-07 4.06087053e-07 4.76993337e-17 7.19743276e-01 2.92097785e-05 6.94240315e-01 7.34359308e-07 5.81654996e-07 5.81654206e-07 2.48915399e-03 1.87609638e-02 2.57577039e-02 1.76502274e-02
5.70570571e-03 -2.92799521e-02 -3.73048588e-03 -3.73048234e-03 9.92461170e+01 1.63162146e+02 1.65198899e+02 1.67160125e+02 8.03456057e-17 4.73525059e-07 2.73153291e-07 2.06533695e-17 7.20080999e-01 2.84411001e-05 6.93890016e-01 7.34359308e-07 5.81654947e-07 5.81654255e-07 2.48915399e-03 1.87755159e-02 2.57577039e-02 1.76348151e-02
5.85585586e-03 -2.92799522e-02 -3.73048498e-03 -3.73048258e-03 9.92461170e+01 1.63107563e+02 1.65198899e+02 1.67210687e+02 3.70707251e-17 2.95720298e-07 4.76784556e-07 9.83471051e-17 7.20418533e-01 2.77118412e-05 6.93539571e-01 7.34359308e-07 5.81654961e-07 5.81654242e-07 2.48915399e-03 1.87900535e-02 2.57577039e-02 1.76193943e-02
6.00600601e-03 -2.92799521e-02 -3.73048572e-03 -3.73048289e-03 9.92461170e+01 1.63052930e+02 1.65198899e+02 1.67261195e+02 2.21422272e-17 5.17249279e-07 2.52143609e-07 7.41015426e-17 7.20755878e-01 2.70190451e-05 6.93188981e-01 7.34359308e-07 5.81654915e-07 5.81654287e-07 2.48915399e-03 1.88045767e-02 2.57577039e-02 1.76039650e-02
6.15615616e-03 -2.92799521e-02 -3.73048521e-03 -3.73048202e-03 9.92461170e+01 1.62998248e+02 1.65198899e+02 1.67311649e+02 1.47506599e-16 4.08898920e-07 4.25074113e-07 2.45439941e-16 7.21093033e-01 2.63600440e-05 6.92838247e-01 7.34359308e-07 5.81655001e-07 5.81654201e-07 2.48915399e-03 1.88190854e-02 2.57577039e-02 1.75885274e-02
6.30630631e-03 -2.92799521e-02 -3.73048483e-03 -3.73048059e-03 9.92461170e+01 1.62943516e+02 1.65198899e+02 1.67362048e+02 5.96050847e-17 3.71065917e-07 4.76836902e-07 1.73256522e-16 7.21429997e-01 2.57324240e-05 6.92487371e-01 7.34359308e-07 5.81654990e-07 5.81654212e-07 2.48915399e-03 1.88335795e-02 2.57577039e-02 1.75730815e-02
6.45645646e-03 -2.92799521e-02 -3.73048620e-03 -3.73048141e-03 9.92461170e+01 1.62888735e+02 1.65198899e+02 1.67412392e+02 1.03417421e-16 5.26402040e-07 3.24892534e-07 1.03693760e-16 7.21766767e-01 2.51339955e-05 6.92136354e-01 7.34359308e-07 5.81654958e-07 5.81654244e-07 2.48915399e-03 1.88480589e-02 2.57577039e-02 1.75576274e-02
6.60660661e-03 -2.92799521e-02 -3.73048546e-03 -3.73048222e-03 9.92461170e+01 1.62833905e+02 1.65198899e+02 1.67462682e+02 2.41888131e-17 3.97165936e-07 4.92867437e-07 4.37314860e-17 7.22103345e-01 2.45627683e-05 6.91785197e-01 7.34359308e-07 5.81654993e-07 5.81654209e-07 2.48915399e-03 1.88625237e-02 2.57577039e-02 1.75421651e-02
6.75675676e-03 -2.92799521e-02 -3.73048621e-03 -3.73048313e-03 9.92461170e+01 1.62779026e+02 1.65198899e+02 1.67512917e+02 1.55762609e-16 6.12829281e-07 2.08609905e-07 6.11662966e-18 7.22439727e-01 2.40169290e-05 6.91433901e-01 7.34359308e-07 5.81654844e-07 5.81654358e-07 2.48915399e-03 1.88769737e-02 2.57577039e-02 1.75266947e-02
6.90690691e-03 -2.92799521e-02 -3.73048568e-03 -3.73048290e-03 9.92461170e+01 1.62724098e+02 1.65198899e+02 1.67563097e+02 1.57749317e-17 5.03077010e-07 4.29911590e-07 5.96020698e-17 7.22775915e-01 2.34948219e-05 6.91082467e-01 7.34359308e-07 5.81654996e-07 5.81654206e-07 2.48915399e-03 1.88914088e-02 2.57577039e-02 1.75112162e-02
7.05705706e-03 -2.92799521e-02 -3.73048491e-03 -3.73048279e-03 9.92461170e+01 1.62669121e+02 1.65198899e+02 1.67613222e+02 8.15184625e-18 6.03055886e-07 3.05745953e-07 6.76961975e-17 7.23111905e-01 2.29949320e-05 6.90730897e-01 7.34359308e-07 5.81654923e-07 5.81654279e-07 2.48915399e-03 1.89058291e-02 2.57577039e-02 1.74957298e-02
7.20720721e-03 -2.92799521e-02 -3.73048511e-03 -3.73048204e-03 9.92461170e+01 1.62614094e+02 1.65198899e+02 1.67663293e+02 2.06574855e-16 2.76238867e-07 6.32858214e-07 7.25813481e-17 7.23447699e-01 2.25158709e-05 6.90379191e-01 7.34359308e-07 5.81654896e-07 5.81654306e-07 2.48915399e-03 1.89202344e-02 2.57577039e-02 1.74802355e-02
7.35735736e-03 -2.92799521e-02 -3.73048642e-03 -3.73048327e-03 9.92461170e+01 1.62559019e+02 1.65198899e+02 1.67713308e+02 4.24822521e-17 5.44004663e-07 4.48275253e-07 1.84038865e-16 7.23783294e-01 2.20563634e-05 6.90027350e-01 7.34359308e-07 5.81654994e-07 5.81654208e-07 2.48915399e-03 1.89346247e-02 2.57577039e-02 1.74647333e-02
7.50750751e-03 -2.92799522e-02 -3.73048546e-03 -3.73048210e-03 9.92461170e+01 1.62503896e+02 1.65198899e+02 1.67763269e+02 5.73594878e-17 4.98116521e-07 5.18902646e-07 1.73906555e-16 7.24118690e-01 2.16152361e-05 6.89675375e-01 7.34359308e-07 5.81655001e-07 5.81654201e-07 2.48915399e-03 1.89489999e-02 2.57577039e-02 1.74492234e-02
7.65765766e-03 -2.92799521e-02 -3.73048553e-03 -3.73048224e-03 9.92461170e+01 1.62448724e+02 1.65198899e+02 1.67813174e+02 7.34567389e-17 5.13265140e-07 5.24252872e-07 2.64995329e-17 7.24453886e-01 2.11914080e-05 6.89323268e-01 7.34359308e-07 5.81655001e-07 5.81654201e-07 2.48915399e-03 1.89633600e-02 2.57577039e-02 1.74337058e-02
7.80780781e-03 -2.92799521e-02 -3.73048480e-03 -3.73047996e-03 9.92461170e+01 1.62393503e+02 1.65198899e+02 1.67863024e+02 8.45494895e-17 3.04473869e-07 6.83296347e-07 3.98219429e-16 7.24788881e-01 2.07838809e-05 6.88971028e-01 7.34359308e-07 5.81654900e-07 5.81654302e-07 2.48915399e-03 1.89777048e-02 2.57577039e-02 1.74181805e-02
7.95795796e-03 -2.92799521e-02 -3.73048575e-03 -3.73048285e-03 9.92461170e+01 1.62338233e+02 1.65198899e+02 1.67912820e+02 1.41799257e-16 5.01758608e-07 5.74078823e-07 3.77282826e-17 7.25123674e-01 2.03917322e-05 6.88618658e-01 7.34359308e-07 5.81654998e-07 5.81654204e-07 2.48915399e-03 1.89920344e-02 2.57577039e-02 1.74026478e-02
8.10810811e-03 -2.92799521e-02 -3.73048473e-03 -3.73048290e-03 9.92461170e+01 1.62282916e+02 1.65198899e+02 1.67962560e+02 2.13932184e-16 4.89619822e-07 6.03112337e-07 2.92558888e-16 7.25458265e-01 2.00141075e-05 6.88266158e-01 7.34359308e-07 5.81654993e-07 5.81654209e-07 2.48915399e-03 1.90063487e-02 2.57577039e-02 1.73871075e-02
8.25825826e-03 -2.92799521e-02 -3.73048602e-03 -3.73048324e-03 9.92461170e+01 1.62227550e+02 1.65198899e+02 1.68012245e+02 4.70258060e-17 6.90357528e-07 3.86569933e-07 1.25942941e-16 7.25792653e-01 1.96502146e-05 6.87913529e-01 7.34359308e-07 5.81654942e-07 5.81654261e-07 2.48915399e-03 1.90206475e-02 2.57577039e-02 1.73715598e-02
8.40840841e-03 -2.92799521e-02 -3.73048500e-03 -3.73048228e-03 9.92461170e+01 1.62172136e+02 1.65198899e+02 1.68061874e+02 1.18614198e-16 3.82881429e-07 7.08804144e-07 1.76601669e-17 7.26126837e-01 1.92993180e-05 6.87560773e-01 7.34359308e-07 5.81654937e-07 5.81654265e-07 2.48915399e-03 1.90349308e-02 2.57577039e-02 1.73560048e-02
8.55855856e-03 -2.92799521e-02 -3.73048534e-03 -3.73048151e-03 9.92461170e+01 1.62116673e+02 1.65198899e+02 1.68111449e+02 4.67809565e-17 6.51426020e-07 4.98027329e-07 1.06284404e-16 7.26460816e-01 1.89607334e-05 6.87207889e-01 7.34359308e-07 5.81654987e-07 5.81654215e-07 2.48915399e-03 1.90491987e-02 2.57577039e-02 1.73404425e-02
8.70870871e-03 -2.92799521e-02 -3.73048417e-03 -3.73048119e-03 9.92461170e+01 1.62061163e+02 1.65198899e+02 1.68160968e+02 7.82129976e-17 4.56398019e-07 6.98489377e-07 2.22666226e-16 7.26794590e-01 1.86338242e-05 6.86854878e-01 7.34359308e-07 5.81654969e-07 5.81654234e-07 2.48915399e-03 1.90634509e-02 2.57577039e-02 1.73248730e-02
8.85885886e-03 -2.92799521e-02 -3.73048532e-03 -3.73048242e-03 9.92461170e+01 1.62005605e+02 1.65198899e+02 1.68210432e+02 1.49803225e-16 6.42261286e-07 5.54887724e-07 7.86102124e-17 7.27128157e-01 1.83179967e-05 6.86501743e-01 7.34359308e-07 5.81654997e-07 5.81654205e-07 2.48915399e-03 1.90776874e-02 2.57577039e-02 1.73092964e-02
9.00900901e-03 -2.92799521e-02 -3.73048537e-03 -3.73048291e-03 9.92461170e+01 1.61949998e+02 1.65198899e+02 1.68259840e+02 5.70442682e-17 5.86844919e-07 6.32961512e-07 3.48470446e-18 7.27461517e-01 1.80126968e-05 6.86148483e-01 7.34359308e-07 5.81655001e-07 5.81654202e-07 2.48915399e-03 1.90919082e-02 2.57577039e-02 1.72937127e-02
9.15915916e-03 -2.92799521e-02 -3.73048522e-03 -3.73048229e-03 9.92461170e+01 1.61894344e+02 1.65198899e+02 1.68309193e+02 6.55100889e-17 5.66816645e-07 6.69915905e-07 3.42062890e-16 7.27794670e-01 1.77174067e-05 6.85795100e-01 7.34359308e-07 5.81654996e-07 5.81654206e-07 2.48915399e-03 1.91061132e-02 2.57577039e-02 1.72781221e-02
9.30930931e-03 -2.92799521e-02 -3.73048515e-03 -3.73048255e-03 9.92461170e+01 1.61838643e+02 1.65198899e+02 1.68358490e+02 6.89134045e-17 6.21203950e-07 6.40022795e-07 2.14976778e-17 7.28127614e-01 1.74316420e-05 6.85441594e-01 7.34359308e-07 5.81655001e-07 5.81654201e-07 2.48915399e-03 1.91203023e-02 2.57577039e-02 1.72625245e-02
9.45945946e-03 -2.92799522e-02 -3.73048564e-03 -3.73048344e-03 9.92461170e+01 1.61782893e+02 1.65198899e+02 1.68407732e+02 2.87988665e-17 6.12759043e-07 6.67771580e-07 1.69105650e-16 7.28460348e-01 1.71549493e-05 6.85087966e-01 7.34359308e-07 5.81655000e-07 5.81654202e-07 2.48915399e-03 1.91344755e-02 2.57577039e-02 1.72469201e-02
9.60960961e-03 -2.92799521e-02 -3.73048456e-03 -3.73048188e-03 9.92461170e+01 1.61727097e+02 1.65198899e+02 1.68456918e+02 2.18389129e-16 5.32535568e-07 7.51053461e-07 1.09211823e-16 7.28792873e-01 1.68869032e-05 6.84734217e-01 7.34359308e-07 5.81654980e-07 5.81654223e-07 2.48915399e-03 1.91486327e-02 2.57577039e-02 1.72313089e-02
9.75975976e-03 -2.92799521e-02 -3.73048542e-03 -3.73048164e-03 9.92461170e+01 1.61671252e+02 1.65198899e+02 1.68506049e+02 7.05521092e-17 5.92041799e-07 7.23780871e-07 8.28766179e-17 7.29125187e-01 1.66271047e-05 6.84380348e-01 7.34359308e-07 5.81654994e-07 5.81654208e-07 2.48915399e-03 1.91627739e-02 2.57577039e-02 1.72156911e-02
9.90990991e-03 -2.92799521e-02 -3.73048553e-03 -3.73048242e-03 9.92461170e+01 1.61615361e+02 1.65198899e+02 1.68555124e+02 1.37646835e-16 4.90144984e-07 8.13167172e-07 8.48574035e-17 7.29457290e-01 1.63751789e-05 6.84026361e-01 7.34359308e-07 5.81654956e-07 5.81654246e-07 2.48915399e-03 1.91768989e-02 2.57577039e-02 1.72000666e-02
1.00600601e-02 -2.92799521e-02 -3.73048518e-03 -3.73048231e-03 9.92461170e+01 1.61559422e+02 1.65198899e+02 1.68604144e+02 2.55494011e-16 5.40458596e-07 7.98067715e-07 1.70034359e-17 7.29789181e-01 1.61307732e-05 6.83672255e-01 7.34359308e-07 5.81654974e-07 5.81654229e-07 2.48915399e-03 1.91910077e-02 2.57577039e-02 1.71844356e-02
1.02102102e-02 -2.92799521e-02 -3.73048513e-03 -3.73048249e-03 9.92461170e+01 1.61503436e+02 1.65198899e+02 1.68653107e+02 2.07891267e-16 7.49809488e-07 6.28276870e-07 2.34370046e-16 7.30120859e-01 1.58935560e-05 6.83318031e-01 7.34359308e-07 5.81654995e-07 5.81654207e-07 2.48915399e-03 1.92051002e-02 2.57577039e-02 1.71687980e-02
1.03603604e-02 -2.92799521e-02 -3.73048520e-03 -3.73048283e-03 9.92461170e+01 1.61447402e+02 1.65198899e+02 1.68702015e+02 8.47725559e-17 7.02435595e-07 7.01343535e-07 2.28229858e-16 7.30452323e-01 1.56632146e-05 6.82963691e-01 7.34359308e-07 5.81655002e-07 5.81654201e-07 2.48915399e-03 1.92191764e-02 2.57577039e-02 1.71531541e-02
1.05105105e-02 -2.92799521e-02 -3.73048563e-03 -3.73048348e-03 9.92461170e+01 1.61391322e+02 1.65198899e+02 1.68750867e+02 9.90365652e-18 8.16166427e-07 5.89862027e-07 1.08527570e-16 7.30783574e-01 1.54394544e-05 6.82609235e-01 7.34359308e-07 5.81654981e-07 5.81654221e-07 2.48915399e-03 1.92332362e-02 2.57577039e-02 1.71375039e-02
1.06606607e-02 -2.92799521e-02 -3.73048550e-03 -3.73048174e-03 9.92461170e+01 1.61335195e+02 1.65198899e+02 1.68799664e+02 4.70692209e-16 7.69558866e-07 6.71583378e-07 7.80952898e-17 7.31114609e-01 1.52219973e-05 6.82254665e-01 7.34359308e-07 5.81654998e-07 5.81654205e-07 2.48915399e-03 1.92472795e-02 2.57577039e-02 1.71218474e-02
1.08108108e-02 -2.92799521e-02 -3.73048583e-03 -3.73048256e-03 9.92461170e+01 1.61279021e+02 1.65198899e+02 1.68848404e+02 1.50101661e-17 7.85524769e-07 6.75122252e-07 8.50821784e-17 7.31445430e-01 1.50105806e-05 6.81899980e-01 7.34359308e-07 5.81654997e-07 5.81654205e-07 2.48915399e-03 1.92613063e-02 2.57577039e-02 1.71061847e-02
1.09609610e-02 -2.92799521e-02 -3.73048560e-03 -3.73048307e-03 9.92461170e+01 1.61222801e+02 1.65198899e+02 1.68897089e+02 2.68868033e-16 9.00569672e-07 5.40205077e-07 2.94657931e-16 7.31776034e-01 1.48049562e-05 6.81545183e-01 7.34359308e-07 5.81654954e-07 5.81654249e-07 2.48915399e-03 1.92753166e-02 2.57577039e-02 1.70905159e-02
1.11111111e-02 -2.92799521e-02 -3.73048559e-03 -3.73048328e-03 9.92461170e+01 1.61166533e+02 1.65198899e+02 1.68945717e+02 4.41956320e-18 8.38608613e-07 6.55747513e-07 3.31950885e-17 7.32106421e-01 1.46048893e-05 6.81190273e-01 7.34359308e-07 5.81654989e-07 5.81654213e-07 2.48915399e-03 1.92893101e-02 2.57577039e-02 1.70748411e-02
1.12612613e-02 -2.92799520e-02 -3.73048522e-03 -3.73048245e-03 9.92461170e+01 1.61110220e+02 1.65198899e+02 1.68994290e+02 5.47727670e-16 8.83050089e-07 6.19941607e-07 3.28335770e-16 7.32436591e-01 1.44101574e-05 6.80835252e-01 7.34359308e-07 5.81654977e-07 5.81654225e-07 2.48915399e-03 1.93032869e-02 2.57577039e-02 1.70591602e-02
1.14114114e-02 -2.92799520e-02 -3.73048484e-03 -3.73048144e-03 9.92461170e+01 1.61053859e+02 1.65198899e+02 1.69042807e+02 6.09814513e-17 7.65989996e-07 7.80137254e-07 2.96998801e-16 7.32766543e-01 1.42205501e-05 6.80480120e-01 7.34359308e-07 5.81655001e-07 5.81654201e-07 2.48915399e-03 1.93172470e-02 2.57577039e-02 1.70434735e-02
1.15615616e-02 -2.92799522e-02 -3.73048604e-03 -3.73048345e-03 9.92461170e+01 1.60997453e+02 1.65198899e+02 1.69091267e+02 2.73995874e-16 9.25528855e-07 6.08617124e-07 2.85495481e-16 7.33096276e-01 1.40358676e-05 6.80124878e-01 7.34359308e-07 5.81654968e-07 5.81654234e-07 2.48915399e-03 1.93311902e-02 2.57577039e-02 1.70277810e-02
1.17117117e-02 -2.92799521e-02 -3.73048552e-03 -3.73048306e-03 9.92461170e+01 1.60941000e+02 1.65198899e+02 1.69139672e+02 5.07975139e-16 7.59856911e-07 8.25659435e-07 2.06404420e-16 7.33425790e-01 1.38559206e-05 6.79769527e-01 7.34359308e-07 5.81655000e-07 5.81654202e-07 2.48915399e-03 1.93451164e-02 2.57577039e-02 1.70120827e-02
1.18618619e-02 -2.92799521e-02 -3.73048471e-03 -3.73048222e-03 9.92461170e+01 1.60884501e+02 1.65198899e+02 1.69188020e+02 4.37676346e-16 7.91129189e-07 8.15905693e-07 2.67978051e-16 7.33755084e-01 1.36805292e-05 6.79414069e-01 7.34359308e-07 5.81655001e-07 5.81654201e-07 2.48915399e-03 1.93590257e-02 2.57577039e-02 1.69963788e-02
1.20120120e-02 -2.92799521e-02 -3.73048531e-03 -3.73048173e-03 9.92461170e+01 1.60827956e+02 1.65198899e+02 1.69236312e+02 1.35226133e-16 7.66577139e-07 8.58401044e-07 1.00562776e-16 7.34084157e-01 1.35095226e-05 6.79058503e-01 7.34359308e-07 5.81654999e-07 5.81654203e-07 2.48915399e-03 1.93729179e-02 2.57577039e-02 1.69806692e-02
1.21621622e-02 -2.92799521e-02 -3.73048420e-03 -3.73048102e-03 9.92461170e+01 1.60771365e+02 1.65198899e+02 1.69284549e+02 1.08407694e-16 7.83330977e-07 8.62673007e-07 3.40800784e-17 7.34413009e-01 1.33427383e-05 6.78702830e-01 7.34359308e-07 5.81655000e-07 5.81654202e-07 2.48915399e-03 1.93867930e-02 2.57577039e-02 1.69649542e-02
1.23123123e-02 -2.92799521e-02 -3.73048520e-03 -3.73048146e-03 9.92461170e+01 1.60714728e+02 1.65198899e+02 1.69332728e+02 2.52653009e-16 7.81360127e-07 8.83754302e-07 2.13274929e-16 7.34741639e-01 1.31800220e-05 6.78347053e-01 7.34359308e-07 5.81654999e-07 5.81654203e-07 2.48915399e-03 1.94006509e-02 2.57577039e-02 1.69492336e-02
1.24624625e-02 -2.92799521e-02 -3.73048550e-03 -3.73048193e-03 9.92461170e+01 1.60658045e+02 1.65198899e+02 1.69380852e+02 3.44891218e-16 8.10762430e-07 8.76559569e-07 1.81000637e-18 7.35070046e-01 1.30212266e-05 6.77991170e-01 7.34359308e-07 5.81655000e-07 5.81654202e-07 2.48915399e-03 1.94144916e-02 2.57577039e-02 1.69335077e-02
1.26126126e-02 -2.92799521e-02 -3.73048482e-03 -3.73048311e-03 9.92461170e+01 1.60601316e+02 1.65198899e+02 1.69428920e+02 2.10779473e-16 9.64050441e-07 7.28601489e-07 2.93853476e-16 7.35398231e-01 1.28662120e-05 6.77635184e-01 7.34359308e-07 5.81654986e-07 5.81654216e-07 2.48915399e-03 1.94283149e-02 2.57577039e-02 1.69177765e-02
1.27627628e-02 -2.92799521e-02 -3.73048529e-03 -3.73048345e-03 9.92461170e+01 1.60544542e+02 1.65198899e+02 1.69476931e+02 1.40101246e-16 7.57393431e-07 9.59991386e-07 1.67971548e-17 7.35726191e-01 1.27148448e-05 6.77279094e-01 7.34359308e-07 5.81654991e-07 5.81654211e-07 2.48915399e-03 1.94421209e-02 2.57577039e-02 1.69020400e-02
1.29129129e-02 -2.92799521e-02 -3.73048522e-03 -3.73048236e-03 9.92461170e+01 1.60487722e+02 1.65198899e+02 1.69524886e+02 3.35403466e-16 7.38985789e-07 9.92228335e-07 1.99155301e-16 7.36053927e-01 1.25669977e-05 6.76922903e-01 7.34359308e-07 5.81654985e-07 5.81654217e-07 2.48915399e-03 1.94559095e-02 2.57577039e-02 1.68862984e-02
1.30630631e-02 -2.92799522e-02 -3.73048550e-03 -3.73048276e-03 9.92461170e+01 1.60430857e+02 1.65198899e+02 1.69572784e+02 3.07111029e-16 9.14008034e-07 8.54990688e-07 2.85723708e-17 7.36381438e-01 1.24225495e-05 6.76566610e-01 7.34359308e-07 5.81655001e-07 5.81654202e-07 2.48915399e-03 1.94696805e-02 2.57577039e-02 1.68705516e-02
1.32132132e-02 -2.92799521e-02 -3.73048550e-03 -3.73048221e-03 9.92461170e+01 1.60373947e+02 1.65198899e+02 1.69620626e+02 1.36700251e-16 6.42491295e-07 1.09079847e-06 2.97444817e-17 7.36708723e-01 1.22813842e-05 6.76210216e-01 7.34359308e-07 5.81654952e-07 5.81654250e-07 2.48915399e-03 1.94834340e-02 2.57577039e-02 1.68547999e-02
1.33633634e-02 -2.92799521e-02 -3.73048470e-03 -3.73048189e-03 9.92461170e+01 1.60316991e+02 1.65198899e+02 1.69668412e+02 3.16767183e-16 5.41086623e-07 1.16038448e-06 2.16493462e-16 7.37035783e-01 1.21433911e-05 6.75853723e-01 7.34359308e-07 5.81654909e-07 5.81654293e-07 2.48915399e-03 1.94971698e-02 2.57577039e-02 1.68390432e-02
1.35135135e-02 -2.92799520e-02 -3.73048604e-03 -3.73048285e-03 9.92461170e+01 1.60259990e+02 1.65198899e+02 1.69716141e+02 3.11096803e-17 1.14367475e-06 6.06893193e-07 1.15508607e-16 7.37362615e-01 1.20084645e-05 6.75497131e-01 7.34359308e-07 5.81654932e-07 5.81654270e-07 2.48915399e-03 1.95108879e-02 2.57577039e-02 1.68232816e-02
1.36636637e-02 -2.92799521e-02 -3.73048577e-03 -3.73048292e-03 9.92461170e+01 1.60202944e+02 1.65198899e+02 1.69763814e+02 1.08180129e-16 1.14363753e-06 6.37073625e-07 1.04608907e-18 7.37689220e-01 1.18765034e-05 6.75140441e-01 7.34359308e-07 5.81654941e-07 5.81654261e-07 2.48915399e-03 1.95245883e-02 2.57577039e-02 1.68075152e-02
1.38138138e-02 -2.92799521e-02 -3.73048511e-03 -3.73048176e-03 9.92461170e+01 1.60145853e+02 1.65198899e+02 1.69811430e+02 5.67575345e-16 9.64858366e-07 9.05919502e-07 2.05166841e-16 7.38015596e-01 1.17474109e-05 6.74783654e-01 7.34359308e-07 5.81655001e-07 5.81654201e-07 2.48915399e-03 1.95382708e-02 2.57577039e-02 1.67917441e-02
1.39639640e-02 -2.92799521e-02 -3.73048471e-03 -3.73048164e-03 9.92461170e+01 1.60088718e+02 1.65198899e+02 1.69858989e+02 3.00494206e-16 5.59048957e-07 1.21548023e-06 8.03622826e-17 7.38341744e-01 1.16210947e-05 6.74426770e-01 7.34359308e-07 5.81654906e-07 5.81654296e-07 2.48915399e-03 1.95519355e-02 2.57577039e-02 1.67759684e-02
1.41141141e-02 -2.92799521e-02 -3.73048617e-03 -3.73048285e-03 9.92461170e+01 1.60031537e+02 1.65198899e+02 1.69906492e+02 1.10182754e-16 1.24066829e-06 5.37931354e-07 2.41232513e-17 7.38667663e-01 1.14974660e-05 6.74069791e-01 7.34359308e-07 5.81654892e-07 5.81654310e-07 2.48915399e-03 1.95655822e-02 2.57577039e-02 1.67601880e-02
1.42642643e-02 -2.92799521e-02 -3.73048483e-03 -3.73048195e-03 9.92461170e+01 1.59974312e+02 1.65198899e+02 1.69953939e+02 5.25202805e-16 7.59729758e-07 1.13602490e-06 7.16629561e-17 7.38993352e-01 1.13764401e-05 6.73712717e-01 7.34359308e-07 5.81654972e-07 5.81654230e-07 2.48915399e-03 1.95792109e-02 2.57577039e-02 1.67444032e-02
1.44144144e-02 -2.92799522e-02 -3.73048560e-03 -3.73048159e-03 9.92461170e+01 1.59917043e+02 1.65198899e+02 1.70001329e+02 2.84278918e-16 5.81608173e-07 1.25259796e-06 3.25782117e-17 7.39318811e-01 1.12579355e-05 6.73355549e-01 7.34359308e-07 5.81654908e-07 5.81654294e-07 2.48915399e-03 1.95928215e-02 2.57577039e-02 1.67286139e-02
1.45645646e-02 -2.92799521e-02 -3.73048463e-03 -3.73048063e-03 9.92461170e+01 1.59859728e+02 1.65198899e+02 1.70048662e+02 1.03318038e-16 9.47167899e-07 1.02473627e-06 1.36018809e-16 7.39644038e-01 1.11418743e-05 6.72998289e-01 7.34359308e-07 5.81655000e-07 5.81654202e-07 2.48915399e-03 1.96064140e-02 2.57577039e-02 1.67128202e-02
1.47147147e-02 -2.92799521e-02 -3.73048506e-03 -3.73048262e-03 9.92461170e+01 1.59802370e+02 1.65198899e+02 1.70095939e+02 1.20432732e-16 5.96000438e-07 1.27763476e-06 1.32705799e-16 7.39969034e-01 1.10281817e-05 6.72640936e-01 7.34359308e-07 5.81654909e-07 5.81654293e-07 2.48915399e-03 1.96199882e-02 2.57577039e-02 1.66970223e-02
1.48648649e-02 -2.92799521e-02 -3.73048533e-03 -3.73048282e-03 9.92461170e+01 1.59744967e+02 1.65198899e+02 1.70143159e+02 6.15728640e-16 1.10724244e-06 8.95740385e-07 6.73265753e-17 7.40293798e-01 1.09167859e-05 6.72283492e-01 7.34359308e-07 5.81654992e-07 5.81654210e-07 2.48915399e-03 1.96335442e-02 2.57577039e-02 1.66812201e-02
1.50150150e-02 -2.92799521e-02 -3.73048434e-03 -3.73048213e-03 9.92461170e+01 1.59687520e+02 1.65198899e+02 1.70190322e+02 4.40997444e-16 7.99718413e-07 1.19581376e-06 1.67417219e-16 7.40618328e-01 1.08076181e-05 6.71925957e-01 7.34359308e-07 5.81654972e-07 5.81654230e-07 2.48915399e-03 1.96470819e-02 2.57577039e-02 1.66654138e-02
1.51651652e-02 -2.92799520e-02 -3.73048518e-03 -3.73048296e-03 9.92461170e+01 1.59630029e+02 1.65198899e+02 1.70237428e+02 3.64599201e-16 1.05230794e-06 1.00188096e-06 2.79377007e-16 7.40942626e-01 1.07006119e-05 6.71568332e-01 7.34359308e-07 5.81655001e-07 5.81654201e-07 2.48915399e-03 1.96606012e-02 2.57577039e-02 1.66496033e-02
1.53153153e-02 -2.92799521e-02 -3.73048531e-03 -3.73048270e-03 9.92461170e+01 1.59572495e+02 1.65198899e+02 1.70284478e+02 1.09564825e-16 1.02662736e-06 1.04841069e-06 7.13401289e-17 7.41266690e-01 1.05957040e-05 6.71210619e-01 7.34359308e-07 5.81655001e-07 5.81654201e-07 2.48915399e-03 1.96741020e-02 2.57577039e-02 1.66337889e-02
1.54654655e-02 -2.92799521e-02 -3.73048617e-03 -3.73048266e-03 9.92461170e+01 1.59514916e+02 1.65198899e+02 1.70331471e+02 5.11052939e-16 1.30562794e-06 7.00635109e-07 2.21803566e-16 7.41590519e-01 1.04928331e-05 6.70852817e-01 7.34359308e-07 5.81654934e-07 5.81654268e-07 2.48915399e-03 1.96875843e-02 2.57577039e-02 1.66179706e-02
1.56156156e-02 -2.92799522e-02 -3.73048470e-03 -3.73048184e-03 9.92461170e+01 1.59457293e+02 1.65198899e+02 1.70378407e+02 4.81286945e-16 9.85254255e-07 1.12590719e-06 1.31285844e-16 7.41914112e-01 1.03919404e-05 6.70494929e-01 7.34359308e-07 5.81654998e-07 5.81654204e-07 2.48915399e-03 1.97010480e-02 2.57577039e-02 1.66021484e-02
1.57657658e-02 -2.92799522e-02 -3.73048619e-03 -3.73048265e-03 9.92461170e+01 1.59399627e+02 1.65198899e+02 1.70425286e+02 7.60467119e-16 1.26422686e-06 8.26665807e-07 3.54262436e-16 7.42237471e-01 1.02929696e-05 6.70136954e-01 7.34359308e-07 5.81654967e-07 5.81654235e-07 2.48915399e-03 1.97144931e-02 2.57577039e-02 1.65863224e-02
1.59159159e-02 -2.92799521e-02 -3.73048576e-03 -3.73048276e-03 9.92461170e+01 1.59341917e+02 1.65198899e+02 1.70472109e+02 3.71691242e-16 1.07039788e-06 1.08607604e-06 3.38617364e-18 7.42560593e-01 1.01958661e-05 6.69778893e-01 7.34359308e-07 5.81655002e-07 5.81654201e-07 2.48915399e-03 1.97279194e-02 2.57577039e-02 1.65704927e-02
1.60660661e-02 -2.92799521e-02 -3.73048526e-03 -3.73048165e-03 9.92461170e+01 1.59284164e+02 1.65198899e+02 1.70518874e+02 5.68836014e-16 6.91886492e-07 1.37502242e-06 1.79746731e-16 7.42883478e-01 1.01005776e-05 6.69420748e-01 7.34359308e-07 5.81654924e-07 5.81654278e-07 2.48915399e-03 1.97413271e-02 2.57577039e-02 1.65546593e-02
1.62162162e-02 -2.92799521e-02 -3.73048500e-03 -3.73048227e-03 9.92461170e+01 1.59226367e+02 1.65198899e+02 1.70565583e+02 5.14377871e-16 7.64927793e-07 1.35232160e-06 4.67959515e-17 7.43206126e-01 1.00070538e-05 6.69062519e-01 7.34359308e-07 5.81654945e-07 5.81654257e-07 2.48915399e-03 1.97547159e-02 2.57577039e-02 1.65388224e-02
1.63663664e-02 -2.92799521e-02 -3.73048465e-03 -3.73048277e-03 9.92461170e+01 1.59168528e+02 1.65198899e+02 1.70612235e+02 8.36601880e-17 7.95951633e-07 1.35102103e-06 3.03592471e-17 7.43528536e-01 9.91524593e-06 6.68704207e-01 7.34359308e-07 5.81654952e-07 5.81654250e-07 2.48915399e-03 1.97680858e-02 2.57577039e-02 1.65229819e-02
1.65165165e-02 -2.92799521e-02 -3.73048520e-03 -3.73048251e-03 9.92461170e+01 1.59110645e+02 1.65198899e+02 1.70658829e+02 5.75414862e-16 1.26747496e-06 9.47431555e-07 1.51410592e-16 7.43850708e-01 9.82510733e-06 6.68345812e-01 7.34359308e-07 5.81654985e-07 5.81654217e-07 2.48915399e-03 1.97814367e-02 2.57577039e-02 1.65071380e-02
1.66666667e-02 -2.92799521e-02 -3.73048499e-03 -3.73048209e-03 9.92461170e+01 1.59052719e+02 1.65198899e+02 1.70705367e+02 3.09127686e-16 1.24957281e-06 9.94194906e-07 2.76291103e-17 7.44172640e-01 9.73659285e-06 6.67987336e-01 7.34359308e-07 5.81654991e-07 5.81654211e-07 2.48915399e-03 1.97947687e-02 2.57577039e-02 1.64912908e-02
1.68168168e-02 -2.92799521e-02 -3.73048493e-03 -3.73048181e-03 9.92461170e+01 1.58994750e+02 1.65198899e+02 1.70751848e+02 1.33409799e-15 1.21470054e-06 1.05854079e-06 3.19302696e-16 7.44494333e-01 9.64965898e-06 6.67628780e-01 7.34359308e-07 5.81654998e-07 5.81654205e-07 2.48915399e-03 1.98080815e-02 2.57577039e-02 1.64754403e-02
1.69669670e-02 -2.92799521e-02 -3.73048483e-03 -3.73048228e-03 9.92461170e+01 1.58936738e+02 1.65198899e+02 1.70798272e+02 3.77546170e-16 9.64789557e-07 1.30833915e-06 1.12830502e-16 7.44815786e-01 9.56426377e-06 6.67270144e-01 7.34359308e-07 5.81654984e-07 5.81654218e-07 2.48915399e-03 1.98213753e-02 2.57577039e-02 1.64595866e-02
1.71171171e-02 -2.92799521e-02 -3.73048492e-03 -3.73048212e-03 9.92461170e+01 1.58878683e+02 1.65198899e+02 1.70844639e+02 8.13594292e-16 1.22559212e-06 1.08971201e-06 1.84375872e-16 7.45136998e-01 9.48036672e-06 6.66911429e-01 7.34359308e-07 5.81654999e-07 5.81654204e-07 2.48915399e-03 1.98346498e-02 2.57577039e-02 1.64437297e-02
1.72672673e-02 -2.92799521e-02 -3.73048500e-03 -3.73048099e-03 9.92461170e+01 1.58820586e+02 1.65198899e+02 1.70890948e+02 4.69435485e-16 8.73797766e-07 1.40478390e-06 3.00070922e-16 7.45457969e-01 9.39792875e-06 6.66552636e-01 7.34359308e-07 5.81654961e-07 5.81654241e-07 2.48915399e-03 1.98479052e-02 2.57577039e-02 1.64278697e-02
1.74174174e-02 -2.92799522e-02 -3.73048563e-03 -3.73048340e-03 9.92461170e+01 1.58762446e+02 1.65198899e+02 1.70937201e+02 2.61990810e-16 1.38119049e-06 9.36514320e-07 2.90666286e-17 7.45778698e-01 9.31691212e-06 6.66193765e-01 7.34359308e-07 5.81654972e-07 5.81654230e-07 2.48915399e-03 1.98611412e-02 2.57577039e-02 1.64120068e-02
1.75675676e-02 -2.92799521e-02 -3.73048523e-03 -3.73048192e-03 9.92461170e+01 1.58704264e+02 1.65198899e+02 1.70983396e+02 5.66981188e-16 1.14041528e-06 1.23790915e-06 1.27780056e-16 7.46099185e-01 9.23728039e-06 6.65834819e-01 7.34359308e-07 5.81655000e-07 5.81654202e-07 2.48915399e-03 1.98743578e-02 2.57577039e-02 1.63961409e-02
1.77177177e-02 -2.92799521e-02 -3.73048517e-03 -3.73048244e-03 9.92461170e+01 1.58646040e+02 1.65198899e+02 1.71029535e+02 4.19924302e-16 1.23429149e-06 1.16538590e-06 1.27398974e-16 7.46419429e-01 9.15899836e-06 6.65475796e-01 7.34359308e-07 5.81655001e-07 5.81654201e-07 2.48915399e-03 1.98875550e-02 2.57577039e-02 1.63802722e-02
1.78678679e-02 -2.92799520e-02 -3.73048446e-03 -3.73048146e-03 9.92461170e+01 1.58587773e+02 1.65198899e+02 1.71075616e+02 1.83570494e-16 1.03352670e-06 1.36472340e-06 1.95743538e-16 7.46739430e-01 9.08203198e-06 6.65116699e-01 7.34359308e-07 5.81654987e-07 5.81654215e-07 2.48915399e-03 1.99007327e-02 2.57577039e-02 1.63644006e-02
1.80180180e-02 -2.92799521e-02 -3.73048555e-03 -3.73048293e-03 9.92461170e+01 1.58529464e+02 1.65198899e+02 1.71121640e+02 6.81239458e-16 1.22166695e-06 1.21968799e-06 3.74295902e-17 7.47059187e-01 9.00634838e-06 6.64757528e-01 7.34359308e-07 5.81655002e-07 5.81654201e-07 2.48915399e-03 1.99138909e-02 2.57577039e-02 1.63485264e-02
1.81681682e-02 -2.92799522e-02 -3.73048503e-03 -3.73048141e-03 9.92461170e+01 1.58471113e+02 1.65198899e+02 1.71167607e+02 1.07773868e-15 1.28223238e-06 1.17722746e-06 3.98469863e-16 7.47378699e-01 8.93191575e-06 6.64398284e-01 7.34359308e-07 5.81655000e-07 5.81654202e-07 2.48915399e-03 1.99270294e-02 2.57577039e-02 1.63326495e-02
1.83183183e-02 -2.92799521e-02 -3.73048563e-03 -3.73048295e-03 9.92461170e+01 1.58412721e+02 1.65198899e+02 1.71213517e+02 1.43888566e-16 1.20188077e-06 1.27896690e-06 4.11637467e-17 7.47697967e-01 8.85870333e-06 6.64038968e-01 7.34359308e-07 5.81655001e-07 5.81654201e-07 2.48915399e-03 1.99401483e-02 2.57577039e-02 1.63167700e-02
1.84684685e-02 -2.92799521e-02 -3.73048550e-03 -3.73048257e-03 9.92461170e+01 1.58354286e+02 1.65198899e+02 1.71259370e+02 1.05463775e-15 1.51360556e-06 9.16501587e-07 1.04145851e-16 7.48016989e-01 8.78668135e-06 6.63679580e-01 7.34359308e-07 5.81654955e-07 5.81654247e-07 2.48915399e-03 1.99532475e-02 2.57577039e-02 1.63008880e-02
1.86186186e-02 -2.92799521e-02 -3.73048486e-03 -3.73048138e-03 9.92461170e+01 1.58295810e+02 1.65198899e+02 1.71305165e+02 4.90518732e-16 9.59121706e-07 1.50405441e-06 1.71133844e-16 7.48335764e-01 8.71582102e-06 6.63320121e-01 7.34359308e-07 5.81654965e-07 5.81654237e-07 2.48915399e-03 1.99663269e-02 2.57577039e-02 1.62850036e-02
1.87687688e-02 -2.92799521e-02 -3.73048431e-03 -3.73048113e-03 9.92461170e+01 1.58237292e+02 1.65198899e+02 1.71350904e+02 4.10085086e-16 1.25330222e-06 1.28951879e-06 7.03732396e-17 7.48654294e-01 8.64609445e-06 6.62960593e-01 7.34359308e-07 5.81655001e-07 5.81654201e-07 2.48915399e-03 1.99793864e-02 2.57577039e-02 1.62691168e-02
1.89189189e-02 -2.92799521e-02 -3.73048490e-03 -3.73048084e-03 9.92461170e+01 1.58178733e+02 1.65198899e+02 1.71396585e+02 6.34005721e-16 1.23475915e-06 1.32700413e-06 8.14487473e-17 7.48972576e-01 8.57747465e-06 6.62600996e-01 7.34359308e-07 5.81655001e-07 5.81654201e-07 2.48915399e-03 1.99924261e-02 2.57577039e-02 1.62532277e-02
1.90690691e-02 -2.92799521e-02 -3.73048495e-03 -3.73048208e-03 9.92461170e+01 1.58120132e+02 1.65198899e+02 1.71442208e+02 7.24459893e-17 1.31468420e-06 1.26867428e-06 1.56767088e-17 7.49290611e-01 8.50993548e-06 6.62241331e-01 7.34359308e-07 5.81655001e-07 5.81654201e-07 2.48915399e-03 2.00054457e-02 2.57577039e-02 1.62373364e-02
1.92192192e-02 -2.92799521e-02 -3.73048493e-03 -3.73048330e-03 9.92461170e+01 1.58061490e+02 1.65198899e+02 1.71487775e+02 7.05270298e-16 1.19902696e-06 1.39751067e-06 1.14203371e-16 7.49608398e-01 8.44345161e-06 6.61881598e-01 7.34359308e-07 5.81654997e-07 5.81654205e-07 2.48915399e-03 2.00184454e-02 2.57577039e-02 1.62214430e-02
1.93693694e-02 -2.92799521e-02 -3.73048532e-03 -3.73048246e-03 9.92461170e+01 1.58002807e+02 1.65198899e+02 1.71533284e+02 7.27477639e-16 1.23393367e-06 1.38610825e-06 2.79518178e-16 7.49925936e-01 8.37799850e-06 6.61521799e-01 7.34359308e-07 5.81654999e-07 5.81654203e-07 2.48915399e-03 2.00314250e-02 2.57577039e-02 1.62055475e-02
1.95195195e-02 -2.92799521e-02 -3.73048541e-03 -3.73048206e-03 9.92461170e+01 1.57944083e+02 1.65198899e+02 1.71578736e+02 4.60048734e-16 1.53799810e-06 1.06397876e-06 5.17874401e-17 7.50243225e-01 8.31355235e-06 6.61161934e-01 7.34359308e-07 5.81654975e-07 5.81654227e-07 2.48915399e-03 2.00443845e-02 2.57577039e-02 1.61896499e-02
1.96696697e-02 -2.92799521e-02 -3.73048446e-03 -3.73048217e-03 9.92461170e+01 1.57885318e+02 1.65198899e+02 1.71624131e+02 2.22696917e-17 9.00938299e-07 1.65523824e-06 2.32180198e-18 7.50560264e-01 8.25009012e-06 6.60802005e-01 7.34359308e-07 5.81654938e-07 5.81654264e-07 2.48915399e-03 2.00573237e-02 2.57577039e-02 1.61737504e-02
1.98198198e-02 -2.92799521e-02 -3.73048636e-03 -3.73048289e-03 9.92461170e+01 1.57826512e+02 1.65198899e+02 1.71669468e+02 3.61493005e-16 1.71978816e-06 8.05146266e-07 6.63973904e-17 7.50877053e-01 8.18758944e-06 6.60442012e-01 7.34359308e-07 5.81654908e-07 5.81654295e-07 2.48915399e-03 2.00702428e-02 2.57577039e-02 1.61578490e-02
1.99699700e-02 -2.92799521e-02 -3.73048552e-03 -3.73048156e-03 9.92461170e+01 1.57767666e+02 1.65198899e+02 1.71714748e+02 1.33529592e-16 1.33036816e-06 1.37509806e-06 7.23157097e-17 7.51193592e-01 8.12602862e-06 6.60081955e-01 7.34359308e-07 5.81655001e-07 5.81654201e-07 2.48915399e-03 2.00831415e-02 2.57577039e-02 1.61419459e-02
2.01201201e-02 -2.92799521e-02 -3.73048508e-03 -3.73048183e-03 9.92461170e+01 1.57708778e+02 1.65198899e+02 1.71759971e+02 1.03778063e-15 1.54771651e-06 1.14917531e-06 1.24735666e-16 7.51509880e-01 8.06538661e-06 6.59721836e-01 7.34359308e-07 5.81654984e-07 5.81654218e-07 2.48915399e-03 2.00960199e-02 2.57577039e-02 1.61260410e-02
2.02702703e-02 -2.92799521e-02 -3.73048506e-03 -3.73048257e-03 9.92461170e+01 1.57649851e+02 1.65198899e+02 1.71805136e+02 7.33850183e-16 1.60589518e-06 1.09215432e-06 2.36983873e-16 7.51825915e-01 8.00564301e-06 6.59361656e-01 7.34359308e-07 5.81654973e-07 5.81654229e-07 2.48915399e-03 2.01088778e-02 2.57577039e-02 1.61101344e-02
2.04204204e-02 -2.92799521e-02 -3.73048592e-03 -3.73048334e-03 9.92461170e+01 1.57590883e+02 1.65198899e+02 1.71850244e+02 4.84365203e-16 1.66330227e-06 1.03015045e-06 1.25385232e-16 7.52141699e-01 7.94677798e-06 6.59001415e-01 7.34359308e-07 5.81654959e-07 5.81654243e-07 2.48915399e-03 2.01217153e-02 2.57577039e-02 1.60942262e-02
2.05705706e-02 -2.92799521e-02 -3.73048534e-03 -3.73048385e-03 9.92461170e+01 1.57531874e+02 1.65198899e+02 1.71895294e+02 4.34361520e-16 1.51370404e-06 1.26213405e-06 5.77363426e-17 7.52457230e-01 7.88877230e-06 6.58641114e-01 7.34359308e-07 5.81654995e-07 5.81654207e-07 2.48915399e-03 2.01345323e-02 2.57577039e-02 1.60783165e-02
2.07207207e-02 -2.92799521e-02 -3.73048495e-03 -3.73048166e-03 9.92461170e+01 1.57472826e+02 1.65198899e+02 1.71940287e+02 9.09454381e-16 1.31443139e-06 1.48777155e-06 1.13742428e-16 7.52772508e-01 7.83160729e-06 6.58280754e-01 7.34359308e-07 5.81654999e-07 5.81654203e-07 2.48915399e-03 2.01473286e-02 2.57577039e-02 1.60624054e-02
2.08708709e-02 -2.92799521e-02 -3.73048497e-03 -3.73048151e-03 9.92461170e+01 1.57413737e+02 1.65198899e+02 1.71985223e+02 8.00934907e-17 1.05127093e-06 1.70098478e-06 7.52413719e-17 7.53087533e-01 7.77526479e-06 6.57920336e-01 7.34359308e-07 5.81654960e-07 5.81654242e-07 2.48915399e-03 2.01601044e-02 2.57577039e-02 1.60464929e-02
2.10210210e-02 -2.92799521e-02 -3.73048536e-03 -3.73048390e-03 9.92461170e+01 1.57354609e+02 1.65198899e+02 1.72030101e+02 5.08437291e-16 1.08114866e-06 1.69922835e-06 9.68972003e-17 7.53402303e-01 7.71972718e-06 6.57559860e-01 7.34359308e-07 5.81654965e-07 5.81654238e-07 2.48915399e-03 2.01728594e-02 2.57577039e-02 1.60305790e-02
2.11711712e-02 -2.92799521e-02 -3.73048532e-03 -3.73048276e-03 9.92461170e+01 1.57295440e+02 1.65198899e+02 1.72074922e+02 7.23264620e-16 1.45341271e-06 1.41492204e-06 1.43286351e-16 7.53716819e-01 7.66497735e-06 6.57199328e-01 7.34359308e-07 5.81655001e-07 5.81654201e-07 2.48915399e-03 2.01855937e-02 2.57577039e-02 1.60146639e-02
2.13213213e-02 -2.92799521e-02 -3.73048496e-03 -3.73048092e-03 9.92461170e+01 1.57236232e+02 1.65198899e+02 1.72119686e+02 6.18623579e-16 1.11705173e-06 1.71031452e-06 3.11095831e-17 7.54031080e-01 7.61099863e-06 6.56838740e-01 7.34359308e-07 5.81654968e-07 5.81654234e-07 2.48915399e-03 2.01983071e-02 2.57577039e-02 1.59987476e-02
2.14714715e-02 -2.92799521e-02 -3.73048481e-03 -3.73048153e-03 9.92461170e+01 1.57176984e+02 1.65198899e+02 1.72164392e+02 9.76433970e-16 1.29616315e-06 1.59747386e-06 1.74724657e-16 7.54345085e-01 7.55777487e-06 6.56478098e-01 7.34359308e-07 5.81654993e-07 5.81654209e-07 2.48915399e-03 2.02109998e-02 2.57577039e-02 1.59828302e-02
2.16216216e-02 -2.92799521e-02 -3.73048537e-03 -3.73048296e-03 9.92461170e+01 1.57117697e+02 1.65198899e+02 1.72209040e+02 8.23943459e-16 1.46013714e-06 1.46947487e-06 1.40402292e-16 7.54658834e-01 7.50529032e-06 6.56117401e-01 7.34359308e-07 5.81655002e-07 5.81654201e-07 2.48915399e-03 2.02236715e-02 2.57577039e-02 1.59669118e-02
2.17717718e-02 -2.92799521e-02 -3.73048568e-03 -3.73048156e-03 9.92461170e+01 1.57058371e+02 1.65198899e+02 1.72253632e+02 4.66558430e-16 1.70815418e-06 1.19723652e-06 2.02539782e-16 7.54972327e-01 7.45352970e-06 6.55756651e-01 7.34359308e-07 5.81654977e-07 5.81654225e-07 2.48915399e-03 2.02363222e-02 2.57577039e-02 1.59509924e-02
2.19219219e-02 -2.92799521e-02 -3.73048561e-03 -3.73048218e-03 9.92461170e+01 1.56999005e+02 1.65198899e+02 1.72298165e+02 1.60094788e-15 1.61669371e-06 1.34077980e-06 2.70844960e-16 7.55285562e-01 7.40247812e-06 6.55395849e-01 7.34359308e-07 5.81654994e-07 5.81654208e-07 2.48915399e-03 2.02489519e-02 2.57577039e-02 1.59350721e-02
2.20720721e-02 -2.92799521e-02 -3.73048540e-03 -3.73048236e-03 9.92461170e+01 1.56939600e+02 1.65198899e+02 1.72342641e+02 1.26474801e-15 1.80689339e-06 1.09870936e-06 1.02341559e-17 7.55598541e-01 7.35212113e-06 6.55034995e-01 7.34359308e-07 5.81654956e-07 5.81654246e-07 2.48915399e-03 2.02615605e-02 2.57577039e-02 1.59191509e-02
2.22222222e-02 -2.92799521e-02 -3.73048496e-03 -3.73048215e-03 9.92461170e+01 1.56880156e+02 1.65198899e+02 1.72387060e+02 1.48732409e-15 1.03789315e-06 1.85899291e-06 2.20108568e-16 7.55911261e-01 7.30244463e-06 6.54674091e-01 7.34359308e-07 5.81654943e-07 5.81654259e-07 2.48915399e-03 2.02741480e-02 2.57577039e-02 1.59032290e-02
2.23723724e-02 -2.92799521e-02 -3.73048588e-03 -3.73048301e-03 9.92461170e+01 1.56820673e+02 1.65198899e+02 1.72431421e+02 3.92377797e-16 1.54827508e-06 1.48235820e-06 4.03763784e-17 7.56223723e-01 7.25343494e-06 6.54313136e-01 7.34359308e-07 5.81655001e-07 5.81654201e-07 2.48915399e-03 2.02867143e-02 2.57577039e-02 1.58873064e-02
2.25225225e-02 -2.92799521e-02 -3.73048709e-03 -3.73048329e-03 9.92461170e+01 1.56761151e+02 1.65198899e+02 1.72475725e+02 6.18094231e-16 1.96423751e-06 8.93415483e-07 9.09038861e-17 7.56535926e-01 7.20507871e-06 6.53952133e-01 7.34359308e-07 5.81654902e-07 5.81654300e-07 2.48915399e-03 2.02992594e-02 2.57577039e-02 1.58713831e-02
2.26726727e-02 -2.92799521e-02 -3.73048482e-03 -3.73048162e-03 9.92461170e+01 1.56701590e+02 1.65198899e+02 1.72519971e+02 4.62497163e-16 1.82217069e-06 1.18254250e-06 4.18552286e-17 7.56847870e-01 7.15736295e-06 6.53591081e-01 7.34359308e-07 5.81654966e-07 5.81654236e-07 2.48915399e-03 2.03117832e-02 2.57577039e-02 1.58554593e-02
2.28228228e-02 -2.92799521e-02 -3.73048514e-03 -3.73048192e-03 9.92461170e+01 1.56641991e+02 1.65198899e+02 1.72564160e+02 4.68847155e-16 1.49004803e-06 1.60036749e-06 1.04060910e-16 7.57159554e-01 7.11027504e-06 6.53229982e-01 7.34359308e-07 5.81655001e-07 5.81654201e-07 2.48915399e-03 2.03242856e-02 2.57577039e-02 1.58395350e-02
2.29729730e-02 -2.92799521e-02 -3.73048524e-03 -3.73048202e-03 9.92461170e+01 1.56582353e+02 1.65198899e+02 1.72608291e+02 7.11585776e-17 1.05276976e-06 1.93292924e-06 4.22038037e-17 7.57470978e-01 7.06380265e-06 6.52868836e-01 7.34359308e-07 5.81654938e-07 5.81654264e-07 2.48915399e-03 2.03367666e-02 2.57577039e-02 1.58236102e-02
2.31231231e-02 -2.92799521e-02 -3.73048574e-03 -3.73048348e-03 9.92461170e+01 1.56522677e+02 1.65198899e+02 1.72652365e+02 4.64951813e-16 1.65500878e-06 1.47275925e-06 7.83597355e-17 7.57782142e-01 7.01793381e-06 6.52507644e-01 7.34359308e-07 5.81654999e-07 5.81654203e-07 2.48915399e-03 2.03492262e-02 2.57577039e-02 1.58076851e-02
2.32732733e-02 -2.92799521e-02 -3.73048528e-03 -3.73048263e-03 9.92461170e+01 1.56462963e+02 1.65198899e+02 1.72696381e+02 7.93580999e-16 1.56379202e-06 1.58952086e-06 1.15894402e-16 7.58093044e-01 6.97265681e-06 6.52146407e-01 7.34359308e-07 5.81655001e-07 5.81654201e-07 2.48915399e-03 2.03616643e-02 2.57577039e-02 1.57917597e-02
2.34234234e-02 -2.92799521e-02 -3.73048475e-03 -3.73048128e-03 9.92461170e+01 1.56403211e+02 1.65198899e+02 1.72740340e+02 1.92713357e-16 1.80224350e-06 1.33727428e-06 3.06701005e-17 7.58403684e-01 6.92796029e-06 6.51785127e-01 7.34359308e-07 5.81654984e-07 5.81654218e-07 2.48915399e-03 2.03740808e-02 2.57577039e-02 1.57758341e-02
2.35735736e-02 -2.92799521e-02 -3.73048508e-03 -3.73048194e-03 9.92461170e+01 1.56343420e+02 1.65198899e+02 1.72784241e+02 1.46563262e-15 1.29300159e-06 1.85183881e-06 1.98273956e-16 7.58714063e-01 6.88383316e-06 6.51423803e-01 7.34359308e-07 5.81654978e-07 5.81654224e-07 2.48915399e-03 2.03864757e-02 2.57577039e-02 1.57599083e-02
2.37237237e-02 -2.92799521e-02 -3.73048558e-03 -3.73048238e-03 9.92461170e+01 1.56283592e+02 1.65198899e+02 1.72828084e+02 1.25413732e-15 1.56509994e-06 1.64827551e-06 2.28881261e-16 7.59024179e-01 6.84026459e-06 6.51062436e-01 7.34359308e-07 5.81655001e-07 5.81654201e-07 2.48915399e-03 2.03988489e-02 2.57577039e-02 1.57439824e-02
2.38738739e-02 -2.92799521e-02 -3.73048529e-03 -3.73048339e-03 9.92461170e+01 1.56223726e+02 1.65198899e+02 1.72871871e+02 7.91274837e-16 1.34704515e-06 1.84862736e-06 4.39604409e-17 7.59334032e-01 6.79724406e-06 6.50701028e-01 7.34359308e-07 5.81654983e-07 5.81654219e-07 2.48915399e-03 2.04112004e-02 2.57577039e-02 1.57280565e-02
2.40240240e-02 -2.92799521e-02 -3.73048536e-03 -3.73048144e-03 9.92461170e+01 1.56163822e+02 1.65198899e+02 1.72915599e+02 7.00201536e-16 1.86701678e-06 1.34618713e-06 7.87322494e-17 7.59643622e-01 6.75476129e-06 6.50339578e-01 7.34359308e-07 5.81654980e-07 5.81654222e-07 2.48915399e-03 2.04235302e-02 2.57577039e-02 1.57121306e-02
2.41741742e-02 -2.92799521e-02 -3.73048537e-03 -3.73048206e-03 9.92461170e+01 1.56103880e+02 1.65198899e+02 1.72959270e+02 7.55394580e-16 1.18111259e-06 1.99232932e-06 1.77559546e-16 7.59952948e-01 6.71280625e-06 6.49978089e-01 7.34359308e-07 5.81654953e-07 5.81654249e-07 2.48915399e-03 2.04358382e-02 2.57577039e-02 1.56962049e-02
2.43243243e-02 -2.92799521e-02 -3.73048565e-03 -3.73048300e-03 9.92461170e+01 1.56043902e+02 1.65198899e+02 1.73002884e+02 5.93241320e-16 1.90106737e-06 1.34803243e-06 7.36765160e-17 7.60262010e-01 6.67136917e-06 6.49616561e-01 7.34359308e-07 5.81654978e-07 5.81654224e-07 2.48915399e-03 2.04481242e-02 2.57577039e-02 1.56802793e-02
2.44744745e-02 -2.92799521e-02 -3.73048525e-03 -3.73048298e-03 9.92461170e+01 1.55983885e+02 1.65198899e+02 1.73046439e+02 1.83114910e-15 1.42400150e-06 1.86298891e-06 3.18559579e-16 7.60570807e-01 6.63044053e-06 6.49254994e-01 7.34359308e-07 5.81654988e-07 5.81654214e-07 2.48915399e-03 2.04603884e-02 2.57577039e-02 1.56643540e-02
2.46246246e-02 -2.92799521e-02 -3.73048505e-03 -3.73048173e-03 9.92461170e+01 1.55923832e+02 1.65198899e+02 1.73089938e+02 8.12349899e-16 1.47137114e-06 1.84424733e-06 2.20977249e-16 7.60879339e-01 6.59001101e-06 6.48893390e-01 7.34359308e-07 5.81654992e-07 5.81654210e-07 2.48915399e-03 2.04726306e-02 2.57577039e-02 1.56484289e-02
2.47747748e-02 -2.92799521e-02 -3.73048496e-03 -3.73048243e-03 9.92461170e+01 1.55863742e+02 1.65198899e+02 1.73133379e+02 1.30285640e-15 1.43547839e-06 1.89041537e-06 6.41697674e-17 7.61187606e-01 6.55007155e-06 6.48531749e-01 7.34359308e-07 5.81654987e-07 5.81654215e-07 2.48915399e-03 2.04848508e-02 2.57577039e-02 1.56325043e-02
2.49249249e-02 -2.92799521e-02 -3.73048511e-03 -3.73048201e-03 9.92461170e+01 1.55803614e+02 1.65198899e+02 1.73176762e+02 8.60541120e-16 1.72537219e-06 1.65101798e-06 1.85876927e-16 7.61495606e-01 6.51061329e-06 6.48170072e-01 7.34359308e-07 5.81655001e-07 5.81654201e-07 2.48915399e-03 2.04970489e-02 2.57577039e-02 1.56165801e-02
2.50750751e-02 -2.92799521e-02 -3.73048516e-03 -3.73048125e-03 9.92461170e+01 1.55743450e+02 1.65198899e+02 1.73220088e+02 1.37461060e-15 1.44798917e-06 1.91703207e-06 1.61419618e-16 7.61803340e-01 6.47162758e-06 6.47808359e-01 7.34359308e-07 5.81654987e-07 5.81654215e-07 2.48915399e-03 2.05092249e-02 2.57577039e-02 1.56006563e-02
2.52252252e-02 -2.92799521e-02 -3.73048533e-03 -3.73048358e-03 9.92461170e+01 1.55683249e+02 1.65198899e+02 1.73263356e+02 2.83286065e-15 1.82620904e-06 1.58302687e-06 3.68191846e-16 7.62110808e-01 6.43310599e-06 6.47446613e-01 7.34359308e-07 5.81654997e-07 5.81654205e-07 2.48915399e-03 2.05213787e-02 2.57577039e-02 1.55847332e-02
2.53753754e-02 -2.92799521e-02 -3.73048508e-03 -3.73048140e-03 9.92461170e+01 1.55623011e+02 1.65198899e+02 1.73306566e+02 2.65080748e-16 1.23181976e-06 2.09603827e-06 8.73835864e-18 7.62418008e-01 6.39504027e-06 6.47084833e-01 7.34359308e-07 5.81654952e-07 5.81654250e-07 2.48915399e-03 2.05335103e-02 2.57577039e-02 1.55688107e-02
2.55255255e-02 -2.92799521e-02 -3.73048495e-03 -3.73048243e-03 9.92461170e+01 1.55562737e+02 1.65198899e+02 1.73349720e+02 3.68278057e-15 2.09410344e-06 1.26318798e-06 4.53194602e-16 7.62724940e-01 6.35742239e-06 6.46723020e-01 7.34359308e-07 5.81654954e-07 5.81654248e-07 2.48915399e-03 2.05456196e-02 2.57577039e-02 1.55528889e-02
2.56756757e-02 -2.92799520e-02 -3.73048568e-03 -3.73048209e-03 9.92461170e+01 1.55502427e+02 1.65198899e+02 1.73392815e+02 2.25960608e-16 2.05768547e-06 1.34811506e-06 1.35152719e-16 7.63031605e-01 6.32024448e-06 6.46361176e-01 7.34359308e-07 5.81654968e-07 5.81654235e-07 2.48915399e-03 2.05577067e-02 2.57577039e-02 1.55369679e-02
2.58258258e-02 -2.92799521e-02 -3.73048534e-03 -3.73048283e-03 9.92461170e+01 1.55442080e+02 1.65198899e+02 1.73435853e+02 1.88473037e-15 1.49005237e-06 1.97540178e-06 1.07340631e-16 7.63338001e-01 6.28349887e-06 6.45999301e-01 7.34359308e-07 5.81654987e-07 5.81654216e-07 2.48915399e-03 2.05697713e-02 2.57577039e-02 1.55210477e-02
2.59759760e-02 -2.92799521e-02 -3.73048527e-03 -3.73048283e-03 9.92461170e+01 1.55381697e+02 1.65198899e+02 1.73478833e+02 1.11369720e-15 2.08714544e-06 1.35561448e-06 1.03206004e-16 7.63644128e-01 6.24717807e-06 6.45637395e-01 7.34359308e-07 5.81654966e-07 5.81654236e-07 2.48915399e-03 2.05818136e-02 2.57577039e-02 1.55051284e-02
2.61261261e-02 -2.92799521e-02 -3.73048477e-03 -3.73048148e-03 9.92461170e+01 1.55321278e+02 1.65198899e+02 1.73521756e+02 8.17179949e-16 1.48498353e-06 2.01506897e-06 3.32953435e-17 7.63949986e-01 6.21127475e-06 6.45275460e-01 7.34359308e-07 5.81654984e-07 5.81654218e-07 2.48915399e-03 2.05938333e-02 2.57577039e-02 1.54892100e-02
2.62762763e-02 -2.92799521e-02 -3.73048512e-03 -3.73048170e-03 9.92461170e+01 1.55260823e+02 1.65198899e+02 1.73564622e+02 1.64449205e-15 1.89528673e-06 1.65704361e-06 2.27277519e-17 7.64255574e-01 6.17578175e-06 6.44913496e-01 7.34359308e-07 5.81654998e-07 5.81654204e-07 2.48915399e-03 2.06058306e-02 2.57577039e-02 1.54732927e-02
2.64264264e-02 -2.92799521e-02 -3.73048526e-03 -3.73048309e-03 9.92461170e+01 1.55200332e+02 1.65198899e+02 1.73607430e+02 8.99833302e-16 2.15774487e-06 1.32464430e-06 6.12478563e-17 7.64560892e-01 6.14069208e-06 6.44551505e-01 7.34359308e-07 5.81654957e-07 5.81654245e-07 2.48915399e-03 2.06178053e-02 2.57577039e-02 1.54573765e-02
2.65765766e-02 -2.92799521e-02 -3.73048595e-03 -3.73048339e-03 9.92461170e+01 1.55139806e+02 1.65198899e+02 1.73650180e+02 2.41438842e-15 1.51638670e-06 2.04552460e-06 3.33667496e-16 7.64865939e-01 6.10599890e-06 6.44189487e-01 7.34359308e-07 5.81654985e-07 5.81654217e-07 2.48915399e-03 2.06297574e-02 2.57577039e-02 1.54414615e-02
2.67267267e-02 -2.92799521e-02 -3.73048572e-03 -3.73048316e-03 9.92461170e+01 1.55079244e+02 1.65198899e+02 1.73692873e+02 8.67687133e-16 1.67613871e-06 1.93587874e-06 3.60098473e-16 7.65170716e-01 6.07169554e-06 6.43827442e-01 7.34359308e-07 5.81654998e-07 5.81654204e-07 2.48915399e-03 2.06416869e-02 2.57577039e-02 1.54255477e-02
2.68768769e-02 -2.92799521e-02 -3.73048513e-03 -3.73048301e-03 9.92461170e+01 1.55018646e+02 1.65198899e+02 1.73735508e+02 2.65116000e-15 1.55659773e-06 2.05132954e-06 1.79727280e-16 7.65475221e-01 6.03777545e-06 6.43465373e-01 7.34359308e-07 5.81654987e-07 5.81654215e-07 2.48915399e-03 2.06535936e-02 2.57577039e-02 1.54096351e-02
2.70270270e-02 -2.92799521e-02 -3.73048505e-03 -3.73048093e-03 9.92461170e+01 1.54958014e+02 1.65198899e+02 1.73778086e+02 6.46270796e-17 1.22787006e-06 2.27982022e-06 3.92536043e-17 7.65779455e-01 6.00423226e-06 6.43103278e-01 7.34359308e-07 5.81654936e-07 5.81654266e-07 2.48915399e-03 2.06654776e-02 2.57577039e-02 1.53937239e-02
2.71771772e-02 -2.92799521e-02 -3.73048525e-03 -3.73048284e-03 9.92461170e+01 1.54897346e+02 1.65198899e+02 1.73820606e+02 1.29850330e-15 2.06845749e-06 1.58159363e-06 4.71983077e-17 7.66083416e-01 5.97105970e-06 6.42741161e-01 7.34359308e-07 5.81654987e-07 5.81654215e-07 2.48915399e-03 2.06773388e-02 2.57577039e-02 1.53778142e-02
2.73273273e-02 -2.92799521e-02 -3.73048536e-03 -3.73048251e-03 9.92461170e+01 1.54836643e+02 1.65198899e+02 1.73863069e+02 2.34604552e-15 2.04786537e-06 1.63135705e-06 4.64790241e-16 7.66387105e-01 5.93825168e-06 6.42379020e-01 7.34359308e-07 5.81654991e-07 5.81654211e-07 2.48915399e-03 2.06891772e-02 2.57577039e-02 1.53619059e-02
2.74774775e-02 -2.92799521e-02 -3.73048609e-03 -3.73048309e-03 9.92461170e+01 1.54775905e+02 1.65198899e+02 1.73905474e+02 1.79391063e-15 2.36201475e-06 1.16254126e-06 2.50847980e-16 7.66690521e-01 5.90580222e-06 6.42016857e-01 7.34359308e-07 5.81654917e-07 5.81654285e-07 2.48915399e-03 2.07009926e-02 2.57577039e-02 1.53459992e-02
2.76276276e-02 -2.92799521e-02 -3.73048492e-03 -3.73048236e-03 9.92461170e+01 1.54715132e+02 1.65198899e+02 1.73947822e+02 1.35997486e-15 1.97082963e-06 1.76703079e-06 7.21976339e-17 7.66993664e-01 5.87370547e-06 6.41654673e-01 7.34359308e-07 5.81654999e-07 5.81654203e-07 2.48915399e-03 2.07127852e-02 2.57577039e-02 1.53300940e-02
2.77777778e-02 -2.92799521e-02 -3.73048533e-03 -3.73048183e-03 9.92461170e+01 1.54654325e+02 1.65198899e+02 1.73990112e+02 7.36717242e-16 1.46646801e-06 2.22090164e-06 1.36079481e-16 7.67296533e-01 5.84195571e-06 6.41292469e-01 7.34359308e-07 5.81654970e-07 5.81654232e-07 2.48915399e-03 2.07245547e-02 2.57577039e-02 1.53141906e-02
2.79279279e-02 -2.92799521e-02 -3.73048568e-03 -3.73048300e-03 9.92461170e+01 1.54593483e+02 1.65198899e+02 1.74032344e+02 2.79804639e-15 1.76967573e-06 2.00697772e-06 2.90972086e-16 7.67599128e-01 5.81054734e-06 6.40930245e-01 7.34359308e-07 5.81654999e-07 5.81654204e-07 2.48915399e-03 2.07363013e-02 2.57577039e-02 1.52982889e-02
2.80780781e-02 -2.92799521e-02 -3.73048589e-03 -3.73048332e-03 9.92461170e+01 1.54532607e+02 1.65198899e+02 1.74074520e+02 2.62635355e-15 2.01255514e-06 1.78508449e-06 2.91072940e-16 7.67901449e-01 5.77947490e-06 6.40568002e-01 7.34359308e-07 5.81654998e-07 5.81654204e-07 2.48915399e-03 2.07480247e-02 2.57577039e-02 1.52823890e-02
2.82282282e-02 -2.92799521e-02 -3.73048497e-03 -3.73048239e-03 9.92461170e+01 1.54471696e+02 1.65198899e+02 1.74116637e+02 1.76364553e-15 1.71785585e-06 2.08889519e-06 1.18919690e-16 7.68203495e-01 5.74873301e-06 6.40205741e-01 7.34359308e-07 5.81654994e-07 5.81654208e-07 2.48915399e-03 2.07597251e-02 2.57577039e-02 1.52664909e-02
2.83783784e-02 -2.92799521e-02 -3.73048556e-03 -3.73048316e-03 9.92461170e+01 1.54410751e+02 1.65198899e+02 1.74158698e+02 1.57565497e-15 1.84653491e-06 1.99570578e-06 8.63660704e-17 7.68505266e-01 5.71831643e-06 6.39843463e-01 7.34359308e-07 5.81655000e-07 5.81654202e-07 2.48915399e-03 2.07714022e-02 2.57577039e-02 1.52505948e-02
2.85285285e-02 -2.92799521e-02 -3.73048497e-03 -3.73048267e-03 9.92461170e+01 1.54349772e+02 1.65198899e+02 1.74200700e+02 1.44890592e-15 2.03711964e-06 1.82239160e-06 1.39424702e-16 7.68806761e-01 5.68822003e-06 6.39481168e-01 7.34359308e-07 5.81654999e-07 5.81654203e-07 2.48915399e-03 2.07830562e-02 2.57577039e-02 1.52347006e-02
2.86786787e-02 -2.92799521e-02 -3.73048596e-03 -3.73048297e-03 9.92461170e+01 1.54288758e+02 1.65198899e+02 1.74242646e+02 2.59401518e-15 2.04618674e-06 1.83383099e-06 1.87665917e-16 7.69107980e-01 5.65843877e-06 6.39118858e-01 7.34359308e-07 5.81654999e-07 5.81654203e-07 2.48915399e-03 2.07946869e-02 2.57577039e-02 1.52188085e-02
2.88288288e-02 -2.92799521e-02 -3.73048588e-03 -3.73048368e-03 9.92461170e+01 1.54227712e+02 1.65198899e+02 1.74284534e+02 2.08963058e-15 2.15900757e-06 1.72272030e-06 9.88783418e-17 7.69408923e-01 5.62896774e-06 6.38756533e-01 7.34359308e-07 5.81654991e-07 5.81654211e-07 2.48915399e-03 2.08062944e-02 2.57577039e-02 1.52029186e-02
2.89789790e-02 -2.92799521e-02 -3.73048484e-03 -3.73048275e-03 9.92461170e+01 1.54166631e+02 1.65198899e+02 1.74326364e+02 1.02062846e-15 1.44209381e-06 2.37257684e-06 1.13831465e-16 7.69709590e-01 5.59980210e-06 6.38394195e-01 7.34359308e-07 5.81654957e-07 5.81654245e-07 2.48915399e-03 2.08178784e-02 2.57577039e-02 1.51870308e-02
2.91291291e-02 -2.92799522e-02 -3.73048523e-03 -3.73048176e-03 9.92461170e+01 1.54105517e+02 1.65198899e+02 1.74368137e+02 1.89016839e-15 2.19078877e-06 1.72895645e-06 4.05149017e-16 7.70009979e-01 5.57093714e-06 6.38031843e-01 7.34359308e-07 5.81654990e-07 5.81654212e-07 2.48915399e-03 2.08294391e-02 2.57577039e-02 1.51711452e-02
2.92792793e-02 -2.92799521e-02 -3.73048508e-03 -3.73048278e-03 9.92461170e+01 1.54044369e+02 1.65198899e+02 1.74409853e+02 5.66667264e-16 2.21021054e-06 1.72751832e-06 1.63252862e-16 7.70310091e-01 5.54236824e-06 6.37669478e-01 7.34359308e-07 5.81654989e-07 5.81654213e-07 2.48915399e-03 2.08409764e-02 2.57577039e-02 1.51552620e-02
2.94294294e-02 -2.92799521e-02 -3.73048506e-03 -3.73048241e-03 9.92461170e+01 1.53983188e+02 1.65198899e+02 1.74451511e+02 1.02965203e-15 1.97751841e-06 2.00989784e-06 1.87700910e-17 7.70609925e-01 5.51409085e-06 6.37307102e-01 7.34359308e-07 5.81655001e-07 5.81654201e-07 2.48915399e-03 2.08524902e-02 2.57577039e-02 1.51393811e-02
2.95795796e-02 -2.92799521e-02 -3.73048552e-03 -3.73048291e-03 9.92461170e+01 1.53921973e+02 1.65198899e+02 1.74493112e+02 7.40985048e-16 2.08808450e-06 1.91611682e-06 1.36712128e-17 7.70909482e-01 5.48610054e-06 6.36944716e-01 7.34359308e-07 5.81655000e-07 5.81654202e-07 2.48915399e-03 2.08639805e-02 2.57577039e-02 1.51235026e-02
2.97297297e-02 -2.92799521e-02 -3.73048529e-03 -3.73048220e-03 9.92461170e+01 1.53860726e+02 1.65198899e+02 1.74534655e+02 6.79742889e-16 1.87519871e-06 2.14405606e-06 1.54632845e-16 7.71208759e-01 5.45839296e-06 6.36582319e-01 7.34359308e-07 5.81654998e-07 5.81654204e-07 2.48915399e-03 2.08754472e-02 2.57577039e-02 1.51076267e-02
2.98798799e-02 -2.92799521e-02 -3.73048532e-03 -3.73048129e-03 9.92461170e+01 1.53799445e+02 1.65198899e+02 1.74576141e+02 9.35942263e-16 1.70078097e-06 2.30279192e-06 1.74091140e-16 7.71507758e-01 5.43096385e-06 6.36219914e-01 7.34359308e-07 5.81654984e-07 5.81654218e-07 2.48915399e-03 2.08868904e-02 2.57577039e-02 1.50917532e-02
3.00300300e-02 -2.92799521e-02 -3.73048513e-03 -3.73048193e-03 9.92461170e+01 1.53738132e+02 1.65198899e+02 1.74617570e+02 2.74511079e-15 1.44233439e-06 2.48952845e-06 2.57708026e-16 7.71806478e-01 5.40380903e-06 6.35857500e-01 7.34359308e-07 5.81654949e-07 5.81654253e-07 2.48915399e-03 2.08983099e-02 2.57577039e-02 1.50758824e-02
3.01801802e-02 -2.92799521e-02 -3.73048533e-03 -3.73048208e-03 9.92461170e+01 1.53676786e+02 1.65198899e+02 1.74658941e+02 5.92794957e-16 2.02811921e-06 2.06101932e-06 4.15277575e-17 7.72104919e-01 5.37692441e-06 6.35495078e-01 7.34359308e-07 5.81655001e-07 5.81654201e-07 2.48915399e-03 2.09097057e-02 2.57577039e-02 1.50600143e-02
3.03303303e-02 -2.92799521e-02 -3.73048535e-03 -3.73048219e-03 9.92461170e+01 1.53615407e+02 1.65198899e+02 1.74700255e+02 9.53494589e-16 2.01312856e-06 2.09565818e-06 4.71062706e-17 7.72403079e-01 5.35030597e-06 6.35132650e-01 7.34359308e-07 5.81655001e-07 5.81654201e-07 2.48915399e-03 2.09210778e-02 2.57577039e-02 1.50441489e-02
3.04804805e-02 -2.92799521e-02 -3.73048609e-03 -3.73048371e-03 9.92461170e+01 1.53553996e+02 1.65198899e+02 1.74741512e+02 1.30892201e-15 2.58305156e-06 1.36239863e-06 1.41132569e-16 7.72700960e-01 5.32394978e-06 6.34770216e-01 7.34359308e-07 5.81654931e-07 5.81654272e-07 2.48915399e-03 2.09324261e-02 2.57577039e-02 1.50282863e-02
3.06306306e-02 -2.92799521e-02 -3.73048588e-03 -3.73048301e-03 9.92461170e+01 1.53492553e+02 1.65198899e+02 1.74782711e+02 9.25960173e-16 2.11491138e-06 2.03461660e-06 6.99872666e-17 7.72998559e-01 5.29785199e-06 6.34407777e-01 7.34359308e-07 5.81655001e-07 5.81654201e-07 2.48915399e-03 2.09437506e-02 2.57577039e-02 1.50124265e-02
3.07807808e-02 -2.92799522e-02 -3.73048526e-03 -3.73048177e-03 9.92461170e+01 1.53431077e+02 1.65198899e+02 1.74823853e+02 9.18002174e-16 1.25994019e-06 2.66640374e-06 5.02800154e-17 7.73295878e-01 5.27200881e-06 6.34045333e-01 7.34359308e-07 5.81654912e-07 5.81654291e-07 2.48915399e-03 2.09550512e-02 2.57577039e-02 1.49965697e-02
3.09309309e-02 -2.92799521e-02 -3.73048490e-03 -3.73048236e-03 9.92461170e+01 1.53369569e+02 1.65198899e+02 1.74864938e+02 1.72924823e-15 1.67116715e-06 2.44732831e-06 2.36415108e-16 7.73592916e-01 5.24641653e-06 6.33682886e-01 7.34359308e-07 5.81654975e-07 5.81654227e-07 2.48915399e-03 2.09663280e-02 2.57577039e-02 1.49807158e-02
3.10810811e-02 -2.92799521e-02 -3.73048480e-03 -3.73048189e-03 9.92461170e+01 1.53308029e+02 1.65198899e+02 1.74905965e+02 1.94554552e-15 2.20726208e-06 1.99891991e-06 1.49299237e-16 7.73889673e-01 5.22107153e-06 6.33320436e-01 7.34359308e-07 5.81654999e-07 5.81654203e-07 2.48915399e-03 2.09775808e-02 2.57577039e-02 1.49648650e-02
3.12312312e-02 -2.92799521e-02 -3.73048577e-03 -3.73048196e-03 9.92461170e+01 1.53246458e+02 1.65198899e+02 1.74946935e+02 7.39230142e-16 2.34458078e-06 1.85916990e-06 4.55288405e-17 7.74186147e-01 5.19597022e-06 6.32957984e-01 7.34359308e-07 5.81654991e-07 5.81654212e-07 2.48915399e-03 2.09888097e-02 2.57577039e-02 1.49490173e-02
3.13813814e-02 -2.92799521e-02 -3.73048497e-03 -3.73048220e-03 9.92461170e+01 1.53184854e+02 1.65198899e+02 1.74987848e+02 4.94521855e-16 2.24145116e-06 2.00393799e-06 6.60640890e-17 7.74482339e-01 5.17110912e-06 6.32595531e-01 7.34359308e-07 5.81654999e-07 5.81654203e-07 2.48915399e-03 2.10000145e-02 2.57577039e-02 1.49331727e-02
3.15315315e-02 -2.92799521e-02 -3.73048576e-03 -3.73048234e-03 9.92461170e+01 1.53123219e+02 1.65198899e+02 1.75028704e+02 2.29952418e-15 2.06573594e-06 2.20438623e-06 1.38536369e-16 7.74778249e-01 5.14648479e-06 6.32233078e-01 7.34359308e-07 5.81655001e-07 5.81654201e-07 2.48915399e-03 2.10111953e-02 2.57577039e-02 1.49173313e-02
3.16816817e-02 -2.92799521e-02 -3.73048481e-03 -3.73048094e-03 9.92461170e+01 1.53061553e+02 1.65198899e+02 1.75069502e+02 1.99971934e-15 2.06349701e-06 2.22613802e-06 2.59901106e-16 7.75073876e-01 5.12209387e-06 6.31870625e-01 7.34359308e-07 5.81655000e-07 5.81654202e-07 2.48915399e-03 2.10223520e-02 2.57577039e-02 1.49014933e-02
3.18318318e-02 -2.92799521e-02 -3.73048529e-03 -3.73048205e-03 9.92461170e+01 1.52999855e+02 1.65198899e+02 1.75110243e+02 1.19953745e-15 2.44810574e-06 1.81879890e-06 4.19947002e-17 7.75369220e-01 5.09793305e-06 6.31508173e-01 7.34359308e-07 5.81654984e-07 5.81654218e-07 2.48915399e-03 2.10334845e-02 2.57577039e-02 1.48856585e-02
3.19819820e-02 -2.92799521e-02 -3.73048560e-03 -3.73048209e-03 9.92461170e+01 1.52938125e+02 1.65198899e+02 1.75150927e+02 2.67811512e-15 2.60651277e-06 1.61099253e-06 1.66314163e-16 7.75664280e-01 5.07399909e-06 6.31145724e-01 7.34359308e-07 5.81654958e-07 5.81654244e-07 2.48915399e-03 2.10445929e-02 2.57577039e-02 1.48698272e-02
3.21321321e-02 -2.92799521e-02 -3.73048440e-03 -3.73048174e-03 9.92461170e+01 1.52876365e+02 1.65198899e+02 1.75191554e+02 2.70440335e-15 1.51650824e-06 2.67913736e-06 2.29808209e-16 7.75959057e-01 5.05028881e-06 6.30783277e-01 7.34359308e-07 5.81654945e-07 5.81654257e-07 2.48915399e-03 2.10556771e-02 2.57577039e-02 1.48539993e-02
3.22822823e-02 -2.92799522e-02 -3.73048499e-03 -3.73048165e-03 9.92461170e+01 1.52814574e+02 1.65198899e+02 1.75232124e+02 2.04928975e-17 1.85315786e-06 2.47632038e-06 8.39409649e-17 7.76253549e-01 5.02679910e-06 6.30420834e-01 7.34359308e-07 5.81654986e-07 5.81654216e-07 2.48915399e-03 2.10667370e-02 2.57577039e-02 1.48381750e-02
3.24324324e-02 -2.92799521e-02 -3.73048506e-03 -3.73048044e-03 9.92461170e+01 1.52752752e+02 1.65198899e+02 1.75272636e+02 4.74036821e-16 1.91319424e-06 2.44851807e-06 5.98582808e-17 7.76547757e-01 5.00352688e-06 6.30058395e-01 7.34359308e-07 5.81654990e-07 5.81654212e-07 2.48915399e-03 2.10777726e-02 2.57577039e-02 1.48223542e-02
3.25825826e-02 -2.92799521e-02 -3.73048488e-03 -3.73048221e-03 9.92461170e+01 1.52690899e+02 1.65198899e+02 1.75313091e+02 2.04867329e-15 2.29609781e-06 2.11496999e-06 1.04927429e-16 7.76841680e-01 4.98046915e-06 6.29695961e-01 7.34359308e-07 5.81655000e-07 5.81654202e-07 2.48915399e-03 2.10887839e-02 2.57577039e-02 1.48065370e-02
3.27327327e-02 -2.92799521e-02 -3.73048555e-03 -3.73048191e-03 9.92461170e+01 1.52629016e+02 1.65198899e+02 1.75353489e+02 5.47730563e-16 2.39361462e-06 2.02627648e-06 1.12051745e-16 7.77135319e-01 4.95762296e-06 6.29333534e-01 7.34359308e-07 5.81654996e-07 5.81654206e-07 2.48915399e-03 2.10997709e-02 2.57577039e-02 1.47907236e-02
3.28828829e-02 -2.92799520e-02 -3.73048642e-03 -3.73048389e-03 9.92461170e+01 1.52567102e+02 1.65198899e+02 1.75393830e+02 6.97906886e-16 3.04398452e-06 8.12270653e-07 1.05839095e-16 7.77428671e-01 4.93498541e-06 6.28971113e-01 7.34359308e-07 5.81654799e-07 5.81654403e-07 2.48915399e-03 2.11107334e-02 2.57577039e-02 1.47749139e-02
3.30330330e-02 -2.92799521e-02 -3.73048500e-03 -3.73048188e-03 9.92461170e+01 1.52505158e+02 1.65198899e+02 1.75434114e+02 1.87675335e-15 1.79370897e-06 2.60750559e-06 2.85718587e-16 7.77721739e-01 4.91255366e-06 6.28608700e-01 7.34359308e-07 5.81654976e-07 5.81654226e-07 2.48915399e-03 2.11216715e-02 2.57577039e-02 1.47591080e-02
3.31831832e-02 -2.92799521e-02 -3.73048502e-03 -3.73048093e-03 9.92461170e+01 1.52443183e+02 1.65198899e+02 1.75474341e+02 3.98294237e-16 1.89963611e-06 2.54933830e-06 1.45548751e-17 7.78014520e-01 4.89032491e-06 6.28246295e-01 7.34359308e-07 5.81654985e-07 5.81654217e-07 2.48915399e-03 2.11325851e-02 2.57577039e-02 1.47433059e-02
3.33333333e-02 -2.92799521e-02 -3.73048554e-03 -3.73048291e-03 9.92461170e+01 1.52381179e+02 1.65198899e+02 1.75514511e+02 4.80669544e-16 2.84537757e-06 1.45025837e-06 2.12462982e-17 7.78307015e-01 4.86829642e-06 6.27883899e-01 7.34359308e-07 5.81654924e-07 5.81654278e-07 2.48915399e-03 2.11434742e-02 2.57577039e-02 1.47275078e-02
3.34834835e-02 -2.92799521e-02 -3.73048508e-03 -3.73048116e-03 9.92461170e+01 1.52319144e+02 1.65198899e+02 1.75554624e+02 5.74993319e-16 2.13382440e-06 2.39547697e-06 8.90062356e-17 7.78599224e-01 4.84646550e-06 6.27521513e-01 7.34359308e-07 5.81654999e-07 5.81654203e-07 2.48915399e-03 2.11543388e-02 2.57577039e-02 1.47117137e-02
3.36336336e-02 -2.92799520e-02 -3.73048530e-03 -3.73048283e-03 9.92461170e+01 1.52257080e+02 1.65198899e+02 1.75594680e+02 1.38027437e-15 2.78827153e-06 1.61541509e-06 4.24293774e-18 7.78891145e-01 4.82482949e-06 6.27159138e-01 7.34359308e-07 5.81654948e-07 5.81654254e-07 2.48915399e-03 2.11651787e-02 2.57577039e-02 1.46959236e-02
3.37837838e-02 -2.92799521e-02 -3.73048580e-03 -3.73048347e-03 9.92461170e+01 1.52194986e+02 1.65198899e+02 1.75634678e+02 1.23718222e-15 2.50781519e-06 2.04641356e-06 3.88401828e-17 7.79182780e-01 4.80338580e-06 6.26796774e-01 7.34359308e-07 5.81654993e-07 5.81654209e-07 2.48915399e-03 2.11759941e-02 2.57577039e-02 1.46801377e-02
3.39339339e-02 -2.92799521e-02 -3.73048558e-03 -3.73048376e-03 9.92461170e+01 1.52132862e+02 1.65198899e+02 1.75674620e+02 1.17076974e-15 2.30512338e-06 2.29274662e-06 5.62171568e-17 7.79474127e-01 4.78213188e-06 6.26434422e-01 7.34359308e-07 5.81655002e-07 5.81654201e-07 2.48915399e-03 2.11867847e-02 2.57577039e-02 1.46643559e-02
3.40840841e-02 -2.92799522e-02 -3.73048504e-03 -3.73048177e-03 9.92461170e+01 1.52070709e+02 1.65198899e+02 1.75714505e+02 5.06631569e-15 2.31033951e-06 2.30789112e-06 4.42043543e-16 7.79765186e-01 4.76106522e-06 6.26072084e-01 7.34359308e-07 5.81655002e-07 5.81654201e-07 2.48915399e-03 2.11975507e-02 2.57577039e-02 1.46485783e-02
3.42342342e-02 -2.92799521e-02 -3.73048525e-03 -3.73048206e-03 9.92461170e+01 1.52008527e+02 1.65198899e+02 1.75754333e+02 8.98571588e-16 1.88692323e-06 2.68285557e-06 2.40900457e-17 7.80055958e-01 4.74018336e-06 6.25709759e-01 7.34359308e-07 5.81654979e-07 5.81654224e-07 2.48915399e-03 2.12082919e-02 2.57577039e-02 1.46328049e-02
3.43843844e-02 -2.92799521e-02 -3.73048539e-03 -3.73048276e-03 9.92461170e+01 1.51946316e+02 1.65198899e+02 1.75794104e+02 9.26262410e-16 2.62460446e-06 1.99103536e-06 2.84676499e-17 7.80346441e-01 4.71948387e-06 6.25347449e-01 7.34359308e-07 5.81654986e-07 5.81654216e-07 2.48915399e-03 2.12190084e-02 2.57577039e-02 1.46170359e-02
3.45345345e-02 -2.92799521e-02 -3.73048477e-03 -3.73048128e-03 9.92461170e+01 1.51884075e+02 1.65198899e+02 1.75833818e+02 1.27533745e-15 2.03418117e-06 2.60957243e-06 8.93745955e-17 7.80636635e-01 4.69896437e-06 6.24985155e-01 7.34359308e-07 5.81654990e-07 5.81654212e-07 2.48915399e-03 2.12297001e-02 2.57577039e-02 1.46012713e-02
3.46846847e-02 -2.92799521e-02 -3.73048546e-03 -3.73048289e-03 9.92461170e+01 1.51821806e+02 1.65198899e+02 1.75873475e+02 5.28461128e-16 2.36827203e-06 2.33119150e-06 3.06930951e-17 7.80926541e-01 4.67862254e-06 6.24622876e-01 7.34359308e-07 5.81655001e-07 5.81654201e-07 2.48915399e-03 2.12403669e-02 2.57577039e-02 1.45855112e-02
3.48348348e-02 -2.92799521e-02 -3.73048530e-03 -3.73048224e-03 9.92461170e+01 1.51759507e+02 1.65198899e+02 1.75913075e+02 2.65463235e-16 2.78371459e-06 1.84117302e-06 5.85624808e-17 7.81216158e-01 4.65845606e-06 6.24260615e-01 7.34359308e-07 5.81654969e-07 5.81654233e-07 2.48915399e-03 2.12510089e-02 2.57577039e-02 1.45697555e-02
3.49849850e-02 -2.92799521e-02 -3.73048520e-03 -3.73048351e-03 9.92461170e+01 1.51697180e+02 1.65198899e+02 1.75952618e+02 1.68620940e-15 2.51630091e-06 2.21437291e-06 5.36777516e-17 7.81505485e-01 4.63846269e-06 6.23898371e-01 7.34359308e-07 5.81654998e-07 5.81654204e-07 2.48915399e-03 2.12616259e-02 2.57577039e-02 1.45540044e-02
3.51351351e-02 -2.92799521e-02 -3.73048518e-03 -3.73048356e-03 9.92461170e+01 1.51634825e+02 1.65198899e+02 1.75992105e+02 1.51168073e-15 2.34808937e-06 2.41212366e-06 9.52953756e-17 7.81794523e-01 4.61864020e-06 6.23536145e-01 7.34359308e-07 5.81655001e-07 5.81654201e-07 2.48915399e-03 2.12722180e-02 2.57577039e-02 1.45382579e-02
3.52852853e-02 -2.92799521e-02 -3.73048457e-03 -3.73048168e-03 9.92461170e+01 1.51572441e+02 1.65198899e+02 1.76031535e+02 1.97568306e-15 2.42908050e-06 2.35127469e-06 3.92688355e-17 7.82083270e-01 4.59898641e-06 6.23173939e-01 7.34359308e-07 5.81655001e-07 5.81654201e-07 2.48915399e-03 2.12827851e-02 2.57577039e-02 1.45225160e-02
3.54354354e-02 -2.92799521e-02 -3.73048511e-03 -3.73048214e-03 9.92461170e+01 1.51510029e+02 1.65198899e+02 1.76070908e+02 9.13658307e-16 2.58902454e-06 2.19621289e-06 1.06615029e-17 7.82371728e-01 4.57949918e-06 6.22811753e-01 7.34359308e-07 5.81654996e-07 5.81654206e-07 2.48915399e-03 2.12933272e-02 2.57577039e-02 1.45067789e-02
3.55855856e-02 -2.92799521e-02 -3.73048514e-03 -3.73048208e-03 9.92461170e+01 1.51447588e+02 1.65198899e+02 1.76110224e+02 8.55816221e-16 2.02171681e-06 2.74535036e-06 1.10615848e-16 7.82659895e-01 4.56017640e-06 6.22449588e-01 7.34359308e-07 5.81654984e-07 5.81654218e-07 2.48915399e-03 2.13038443e-02 2.57577039e-02 1.44910466e-02
3.57357357e-02 -2.92799521e-02 -3.73048574e-03 -3.73048295e-03 9.92461170e+01 1.51385120e+02 1.65198899e+02 1.76149483e+02 3.74318452e-15 2.72833788e-06 2.06851688e-06 2.09112599e-16 7.82947771e-01 4.54101599e-06 6.22087444e-01 7.34359308e-07 5.81654986e-07 5.81654216e-07 2.48915399e-03 2.13143363e-02 2.57577039e-02 1.44753191e-02
3.58858859e-02 -2.92799521e-02 -3.73048483e-03 -3.73047966e-03 9.92461170e+01 1.51322624e+02 1.65198899e+02 1.76188686e+02 2.74140504e-15 1.48311011e-06 3.10188494e-06 2.78879408e-16 7.83235356e-01 4.52201593e-06 6.21725323e-01 7.34359308e-07 5.81654914e-07 5.81654288e-07 2.48915399e-03 2.13248032e-02 2.57577039e-02 1.44595965e-02
3.60360360e-02 -2.92799521e-02 -3.73048514e-03 -3.73048234e-03 9.92461170e+01 1.51260099e+02 1.65198899e+02 1.76227832e+02 5.05332996e-16 2.21360758e-06 2.64959945e-06 1.04482921e-16 7.83522650e-01 4.50317419e-06 6.21363224e-01 7.34359308e-07 5.81654995e-07 5.81654207e-07 2.48915399e-03 2.13352449e-02 2.57577039e-02 1.44438789e-02
3.61861862e-02 -2.92799521e-02 -3.73048571e-03 -3.73048328e-03 9.92461170e+01 1.51197548e+02 1.65198899e+02 1.76266922e+02 1.91050170e-15 1.35135349e-06 3.19277676e-06 2.08579829e-16 7.83809653e-01 4.48448882e-06 6.21001150e-01 7.34359308e-07 5.81654890e-07 5.81654312e-07 2.48915399e-03 2.13456615e-02 2.57577039e-02 1.44281662e-02
3.63363363e-02 -2.92799521e-02 -3.73048536e-03 -3.73048246e-03 9.92461170e+01 1.51134969e+02 1.65198899e+02 1.76305954e+02 3.60138174e-15 2.57345037e-06 2.34463019e-06 2.15680271e-16 7.84096364e-01 4.46595788e-06 6.20639100e-01 7.34359308e-07 5.81655000e-07 5.81654202e-07 2.48915399e-03 2.13560528e-02 2.57577039e-02 1.44124586e-02
3.64864865e-02 -2.92799521e-02 -3.73048537e-03 -3.73048306e-03 9.92461170e+01 1.51072362e+02 1.65198899e+02 1.76344930e+02 2.54163671e-15 2.05711211e-06 2.82641098e-06 1.84836052e-16 7.84382782e-01 4.44757945e-06 6.20277076e-01 7.34359308e-07 5.81654983e-07 5.81654219e-07 2.48915399e-03 2.13664189e-02 2.57577039e-02 1.43967561e-02
3.66366366e-02 -2.92799521e-02 -3.73048466e-03 -3.73048234e-03 9.92461170e+01 1.51009728e+02 1.65198899e+02 1.76383850e+02 4.90812056e-16 2.34909806e-06 2.60822414e-06 9.02837373e-17 7.84668909e-01 4.42935166e-06 6.19915077e-01 7.34359308e-07 5.81655000e-07 5.81654203e-07 2.48915399e-03 2.13767598e-02 2.57577039e-02 1.43810588e-02
3.67867868e-02 -2.92799521e-02 -3.73048536e-03 -3.73048287e-03 9.92461170e+01 1.50947067e+02 1.65198899e+02 1.76422713e+02 1.06279664e-15 2.76102430e-06 2.19067095e-06 2.59111798e-19 7.84954743e-01 4.41127268e-06 6.19553106e-01 7.34359308e-07 5.81654991e-07 5.81654211e-07 2.48915399e-03 2.13870753e-02 2.57577039e-02 1.43653667e-02
3.69369369e-02 -2.92799521e-02 -3.73048435e-03 -3.73048109e-03 9.92461170e+01 1.50884379e+02 1.65198899e+02 1.76461519e+02 1.21419978e-15 1.74713384e-06 3.07756904e-06 1.05017889e-16 7.85240284e-01 4.39334067e-06 6.19191162e-01 7.34359308e-07 5.81654946e-07 5.81654256e-07 2.48915399e-03 2.13973655e-02 2.57577039e-02 1.43496799e-02
3.70870871e-02 -2.92799521e-02 -3.73048675e-03 -3.73048310e-03 9.92461170e+01 1.50821665e+02 1.65198899e+02 1.76500269e+02 4.11650245e-16 3.11711164e-06 1.70574036e-06 7.25893148e-17 7.85525533e-01 4.37555387e-06 6.18829247e-01 7.34359308e-07 5.81654937e-07 5.81654265e-07 2.48915399e-03 2.14076304e-02 2.57577039e-02 1.43339984e-02
3.72372372e-02 -2.92799520e-02 -3.73048598e-03 -3.73048239e-03 9.92461170e+01 1.50758923e+02 1.65198899e+02 1.76538962e+02 1.02686380e-15 2.90175418e-06 2.07562017e-06 7.76268549e-17 7.85810488e-01 4.35791051e-06 6.18467361e-01 7.34359308e-07 5.81654979e-07 5.81654223e-07 2.48915399e-03 2.14178698e-02 2.57577039e-02 1.43183222e-02
3.73873874e-02 -2.92799521e-02 -3.73048503e-03 -3.73048270e-03 9.92461170e+01 1.50696155e+02 1.65198899e+02 1.76577599e+02 2.30758263e-15 2.62287283e-06 2.43962491e-06 7.85255475e-17 7.86095150e-01 4.34040886e-06 6.18105505e-01 7.34359308e-07 5.81655000e-07 5.81654202e-07 2.48915399e-03 2.14280839e-02 2.57577039e-02 1.43026515e-02
3.75375375e-02 -2.92799521e-02 -3.73048539e-03 -3.73048264e-03 9.92461170e+01 1.50633361e+02 1.65198899e+02 1.76616180e+02 2.10593156e-15 2.95862660e-06 2.04475653e-06 4.83209873e-17 7.86379518e-01 4.32304722e-06 6.17743680e-01 7.34359308e-07 5.81654975e-07 5.81654227e-07 2.48915399e-03 2.14382724e-02 2.57577039e-02 1.42869864e-02
3.76876877e-02 -2.92799521e-02 -3.73048480e-03 -3.73048168e-03 9.92461170e+01 1.50570540e+02 1.65198899e+02 1.76654704e+02 1.05523896e-15 1.68376753e-06 3.19423081e-06 4.78670919e-17 7.86663592e-01 4.30582393e-06 6.17381886e-01 7.34359308e-07 5.81654932e-07 5.81654270e-07 2.48915399e-03 2.14484355e-02 2.57577039e-02 1.42713267e-02
3.78378378e-02 -2.92799521e-02 -3.73048531e-03 -3.73048161e-03 9.92461170e+01 1.50507693e+02 1.65198899e+02 1.76693171e+02 1.33978178e-15 2.21428350e-06 2.87040572e-06 3.72291039e-17 7.86947371e-01 4.28873733e-06 6.17020125e-01 7.34359308e-07 5.81654989e-07 5.81654213e-07 2.48915399e-03 2.14585731e-02 2.57577039e-02 1.42556726e-02
3.79879880e-02 -2.92799521e-02 -3.73048480e-03 -3.73048165e-03 9.92461170e+01 1.50444820e+02 1.65198899e+02 1.76731583e+02 1.25194032e-15 2.13150923e-06 2.95016264e-06 2.92017195e-17 7.87230857e-01 4.27178579e-06 6.16658396e-01 7.34359308e-07 5.81654982e-07 5.81654220e-07 2.48915399e-03 2.14686851e-02 2.57577039e-02 1.42400242e-02
3.81381381e-02 -2.92799521e-02 -3.73048449e-03 -3.73048199e-03 9.92461170e+01 1.50381921e+02 1.65198899e+02 1.76769937e+02 1.04489536e-15 2.89305735e-06 2.23202487e-06 2.52538402e-17 7.87514048e-01 4.25496774e-06 6.16296702e-01 7.34359308e-07 5.81654988e-07 5.81654214e-07 2.48915399e-03 2.14787715e-02 2.57577039e-02 1.42243815e-02
3.82882883e-02 -2.92799521e-02 -3.73048584e-03 -3.73048325e-03 9.92461170e+01 1.50318996e+02 1.65198899e+02 1.76808236e+02 2.21187299e-16 3.15147828e-06 1.87756201e-06 1.31591526e-16 7.87796944e-01 4.23828159e-06 6.15935041e-01 7.34359308e-07 5.81654952e-07 5.81654250e-07 2.48915399e-03 2.14888324e-02 2.57577039e-02 1.42087446e-02
3.84384384e-02 -2.92799521e-02 -3.73048474e-03 -3.73048165e-03 9.92461170e+01 1.50256045e+02 1.65198899e+02 1.76846478e+02 1.55935334e-15 2.23168529e-06 2.92957125e-06 2.56624531e-16 7.88079545e-01 4.22172580e-06 6.15573416e-01 7.34359308e-07 5.81654988e-07 5.81654215e-07 2.48915399e-03 2.14988676e-02 2.57577039e-02 1.41931134e-02
3.85885886e-02 -2.92799521e-02 -3.73048599e-03 -3.73048399e-03 9.92461170e+01 1.50193069e+02 1.65198899e+02 1.76884664e+02 2.02518755e-15 3.51041397e-06 1.16015822e-06 1.43905542e-16 7.88361851e-01 4.20529886e-06 6.15211827e-01 7.34359308e-07 5.81654838e-07 5.81654364e-07 2.48915399e-03 2.15088771e-02 2.57577039e-02 1.41774881e-02
3.87387387e-02 -2.92799521e-02 -3.73048607e-03 -3.73048339e-03 9.92461170e+01 1.50130068e+02 1.65198899e+02 1.76922794e+02 2.05591002e-15 3.30002006e-06 1.69865275e-06 7.40216440e-17 7.88643861e-01 4.18899925e-06 6.14850275e-01 7.34359308e-07 5.81654926e-07 5.81654276e-07 2.48915399e-03 2.15188610e-02 2.57577039e-02 1.41618688e-02
3.88888889e-02 -2.92799521e-02 -3.73048490e-03 -3.73048189e-03 9.92461170e+01 1.50067041e+02 1.65198899e+02 1.76960867e+02 2.90694083e-15 2.29084552e-06 2.93846466e-06 1.32412834e-16 7.88925575e-01 4.17282551e-06 6.14488761e-01 7.34359308e-07 5.81654990e-07 5.81654212e-07 2.48915399e-03 2.15288191e-02 2.57577039e-02 1.41462554e-02
3.90390390e-02 -2.92799521e-02 -3.73048552e-03 -3.73048286e-03 9.92461170e+01 1.50003989e+02 1.65198899e+02 1.76998885e+02 4.95119882e-16 2.49632591e-06 2.78537481e-06 1.72692758e-16 7.89206994e-01 4.15677618e-06 6.14127284e-01 7.34359308e-07 5.81654999e-07 5.81654203e-07 2.48915399e-03 2.15387515e-02 2.57577039e-02 1.41306480e-02
3.91891892e-02 -2.92799521e-02 -3.73048538e-03 -3.73048275e-03 9.92461170e+01 1.49940913e+02 1.65198899e+02 1.77036846e+02 1.71969795e-16 1.94164230e-06 3.21368994e-06 3.42330266e-17 7.89488116e-01 4.14084983e-06 6.13765847e-01 7.34359308e-07 5.81654956e-07 5.81654246e-07 2.48915399e-03 2.15486582e-02 2.57577039e-02 1.41150466e-02
3.93393393e-02 -2.92799521e-02 -3.73048514e-03 -3.73048218e-03 9.92461170e+01 1.49877811e+02 1.65198899e+02 1.77074751e+02 4.50199957e-16 2.98289524e-06 2.30398563e-06 2.62542254e-17 7.89768942e-01 4.12504506e-06 6.13404449e-01 7.34359308e-07 5.81654988e-07 5.81654214e-07 2.48915399e-03 2.15585390e-02 2.57577039e-02 1.40994514e-02
3.94894895e-02 -2.92799522e-02 -3.73048489e-03 -3.73048158e-03 9.92461170e+01 1.49814685e+02 1.65198899e+02 1.77112600e+02 2.66320226e-15 2.12898383e-06 3.12763352e-06 4.99352586e-17 7.90049472e-01 4.10936048e-06 6.13043092e-01 7.34359308e-07 5.81654974e-07 5.81654228e-07 2.48915399e-03 2.15683940e-02 2.57577039e-02 1.40838624e-02
3.96396396e-02 -2.92799521e-02 -3.73048453e-03 -3.73048222e-03 9.92461170e+01 1.49751533e+02 1.65198899e+02 1.77150393e+02 4.56060965e-15 2.68080611e-06 2.69016837e-06 2.13258815e-16 7.90329705e-01 4.09379472e-06 6.12681776e-01 7.34359308e-07 5.81655002e-07 5.81654201e-07 2.48915399e-03 2.15782232e-02 2.57577039e-02 1.40682796e-02
3.97897898e-02 -2.92799521e-02 -3.73048521e-03 -3.73048220e-03 9.92461170e+01 1.49688358e+02 1.65198899e+02 1.77188130e+02 5.54979574e-16 2.85761121e-06 2.52334363e-06 7.25672348e-17 7.90609640e-01 4.07834644e-06 6.12320502e-01 7.34359308e-07 5.81654998e-07 5.81654204e-07 2.48915399e-03 2.15880264e-02 2.57577039e-02 1.40527030e-02
3.99399399e-02 -2.92799521e-02 -3.73048503e-03 -3.73048153e-03 9.92461170e+01 1.49625158e+02 1.65198899e+02 1.77225810e+02 1.03668767e-15 2.29761519e-06 3.06007530e-06 1.03394059e-16 7.90889279e-01 4.06301431e-06 6.11959270e-01 7.34359308e-07 5.81654986e-07 5.81654216e-07 2.48915399e-03 2.15978038e-02 2.57577039e-02 1.40371328e-02
4.00900901e-02 -2.92799521e-02 -3.73048490e-03 -3.73048080e-03 9.92461170e+01 1.49561934e+02 1.65198899e+02 1.77263435e+02 2.88711548e-15 1.81550171e-06 3.38487154e-06 2.09653588e-16 7.91168620e-01 4.04779703e-06 6.11598082e-01 7.34359308e-07 5.81654936e-07 5.81654266e-07 2.48915399e-03 2.16075552e-02 2.57577039e-02 1.40215689e-02
4.02402402e-02 -2.92799521e-02 -3.73048501e-03 -3.73048139e-03 9.92461170e+01 1.49498686e+02 1.65198899e+02 1.77301004e+02 2.34412700e-15 2.60502119e-06 2.84217975e-06 7.19735129e-17 7.91447664e-01 4.03269331e-06 6.11236939e-01 7.34359308e-07 5.81655000e-07 5.81654202e-07 2.48915399e-03 2.16172807e-02 2.57577039e-02 1.40060115e-02
4.03903904e-02 -2.92799521e-02 -3.73048563e-03 -3.73048219e-03 9.92461170e+01 1.49435414e+02 1.65198899e+02 1.77338517e+02 1.17613192e-15 2.88817710e-06 2.57559457e-06 1.03416937e-16 7.91726410e-01 4.01770188e-06 6.10875840e-01 7.34359308e-07 5.81654999e-07 5.81654203e-07 2.48915399e-03 2.16269802e-02 2.57577039e-02 1.39904605e-02
4.05405405e-02 -2.92799521e-02 -3.73048478e-03 -3.73048191e-03 9.92461170e+01 1.49372118e+02 1.65198899e+02 1.77375974e+02 4.45338142e-17 2.42610111e-06 3.03328781e-06 2.36742445e-17 7.92004858e-01 4.00282150e-06 6.10514787e-01 7.34359308e-07 5.81654992e-07 5.81654210e-07 2.48915399e-03 2.16366537e-02 2.57577039e-02 1.39749161e-02
4.06906907e-02 -2.92799521e-02 -3.73048578e-03 -3.73048294e-03 9.92461170e+01 1.49308798e+02 1.65198899e+02 1.77413375e+02 2.63321308e-15 2.73196128e-06 2.78121378e-06 3.01154553e-17 7.92283008e-01 3.98805094e-06 6.10153780e-01 7.34359308e-07 5.81655001e-07 5.81654201e-07 2.48915399e-03 2.16463012e-02 2.57577039e-02 1.39593782e-02
4.08408408e-02 -2.92799521e-02 -3.73048569e-03 -3.73048208e-03 9.92461170e+01 1.49245455e+02 1.65198899e+02 1.77450721e+02 2.84120216e-15 2.48874691e-06 3.01948279e-06 2.17280673e-16 7.92560860e-01 3.97338899e-06 6.09792820e-01 7.34359308e-07 5.81654994e-07 5.81654208e-07 2.48915399e-03 2.16559226e-02 2.57577039e-02 1.39438470e-02
4.09909910e-02 -2.92799522e-02 -3.73048521e-03 -3.73048300e-03 9.92461170e+01 1.49182088e+02 1.65198899e+02 1.77488010e+02 2.86931761e-15 3.27272135e-06 2.17099547e-06 1.89094854e-16 7.92838413e-01 3.95883445e-06 6.09431909e-01 7.34359308e-07 5.81654969e-07 5.81654233e-07 2.48915399e-03 2.16655179e-02 2.57577039e-02 1.39283224e-02
4.11411411e-02 -2.92799521e-02 -3.73048606e-03 -3.73048272e-03 9.92461170e+01 1.49118699e+02 1.65198899e+02 1.77525244e+02 1.28791306e-15 2.69034284e-06 2.88083052e-06 2.50449285e-16 7.93115667e-01 3.94438615e-06 6.09071045e-01 7.34359308e-07 5.81655001e-07 5.81654201e-07 2.48915399e-03 2.16750871e-02 2.57577039e-02 1.39128046e-02
4.12912913e-02 -2.92799521e-02 -3.73048438e-03 -3.73048138e-03 9.92461170e+01 1.49055286e+02 1.65198899e+02 1.77562422e+02 5.60860701e-16 1.91143217e-06 3.46369352e-06 3.03951846e-17 7.93392623e-01 3.93004293e-06 6.08710231e-01 7.34359308e-07 5.81654941e-07 5.81654261e-07 2.48915399e-03 2.16846302e-02 2.57577039e-02 1.38972935e-02
4.14414414e-02 -2.92799521e-02 -3.73048594e-03 -3.73048254e-03 9.92461170e+01 1.48991850e+02 1.65198899e+02 1.77599545e+02 3.07013502e-16 2.85606292e-06 2.75820248e-06 1.49278550e-16 7.93669279e-01 3.91580365e-06 6.08349468e-01 7.34359308e-07 5.81655001e-07 5.81654201e-07 2.48915399e-03 2.16941471e-02 2.57577039e-02 1.38817893e-02
4.15915916e-02 -2.92799521e-02 -3.73048438e-03 -3.73048284e-03 9.92461170e+01 1.48928391e+02 1.65198899e+02 1.77636611e+02 3.31413065e-15 2.99305796e-06 2.63074606e-06 1.28426162e-16 7.93945637e-01 3.90166717e-06 6.07988755e-01 7.34359308e-07 5.81654998e-07 5.81654204e-07 2.48915399e-03 2.17036379e-02 2.57577039e-02 1.38662919e-02
4.17417417e-02 -2.92799521e-02 -3.73048508e-03 -3.73048341e-03 9.92461170e+01 1.48864909e+02 1.65198899e+02 1.77673622e+02 3.46243209e-15 3.36653159e-06 2.15882935e-06 1.88196273e-16 7.94221695e-01 3.88763239e-06 6.07628093e-01 7.34359308e-07 5.81654964e-07 5.81654238e-07 2.48915399e-03 2.17131025e-02 2.57577039e-02 1.38508014e-02
4.18918919e-02 -2.92799521e-02 -3.73048552e-03 -3.73048280e-03 9.92461170e+01 1.48801405e+02 1.65198899e+02 1.77710578e+02 1.67635228e-15 2.42341192e-06 3.19944152e-06 1.44615150e-16 7.94497453e-01 3.87369823e-06 6.07267484e-01 7.34359308e-07 5.81654987e-07 5.81654215e-07 2.48915399e-03 2.17225408e-02 2.57577039e-02 1.38353179e-02
4.20420420e-02 -2.92799521e-02 -3.73048606e-03 -3.73048254e-03 9.92461170e+01 1.48737878e+02 1.65198899e+02 1.77747478e+02 5.36842118e-16 3.34897765e-06 2.23816582e-06 4.88529337e-19 7.94772912e-01 3.85986359e-06 6.06906927e-01 7.34359308e-07 5.81654970e-07 5.81654232e-07 2.48915399e-03 2.17319529e-02 2.57577039e-02 1.38198414e-02
4.21921922e-02 -2.92799521e-02 -3.73048490e-03 -3.73048210e-03 9.92461170e+01 1.48674329e+02 1.65198899e+02 1.77784322e+02 3.67461216e-16 2.47986630e-06 3.19239734e-06 9.22594354e-17 7.95048071e-01 3.84612742e-06 6.06546425e-01 7.34359308e-07 5.81654990e-07 5.81654213e-07 2.48915399e-03 2.17413387e-02 2.57577039e-02 1.38043720e-02
4.23423423e-02 -2.92799521e-02 -3.73048536e-03 -3.73048169e-03 9.92461170e+01 1.48610758e+02 1.65198899e+02 1.77821111e+02 2.30292653e-15 2.04614771e-06 3.50298889e-06 1.07992154e-16 7.95322930e-01 3.83248867e-06 6.06185976e-01 7.34359308e-07 5.81654951e-07 5.81654251e-07 2.48915399e-03 2.17506983e-02 2.57577039e-02 1.37889097e-02
4.24924925e-02 -2.92799521e-02 -3.73048538e-03 -3.73048324e-03 9.92461170e+01 1.48547164e+02 1.65198899e+02 1.77857844e+02 6.39054206e-16 3.45643157e-06 2.15119974e-06 5.96377180e-17 7.95597488e-01 3.81894631e-06 6.05825583e-01 7.34359308e-07 5.81654960e-07 5.81654242e-07 2.48915399e-03 2.17600315e-02 2.57577039e-02 1.37734545e-02
4.26426426e-02 -2.92799521e-02 -3.73048516e-03 -3.73048271e-03 9.92461170e+01 1.48483549e+02 1.65198899e+02 1.77894522e+02 1.93250764e-15 2.69102755e-06 3.07413273e-06 1.06352320e-16 7.95871746e-01 3.80549932e-06 6.05465245e-01 7.34359308e-07 5.81654998e-07 5.81654204e-07 2.48915399e-03 2.17693384e-02 2.57577039e-02 1.37580066e-02
4.27927928e-02 -2.92799521e-02 -3.73048512e-03 -3.73048233e-03 9.92461170e+01 1.48419912e+02 1.65198899e+02 1.77931145e+02 2.08319232e-15 2.51931070e-06 3.23461753e-06 1.69867890e-16 7.96145704e-01 3.79214669e-06 6.05104965e-01 7.34359308e-07 5.81654990e-07 5.81654212e-07 2.48915399e-03 2.17786189e-02 2.57577039e-02 1.37425659e-02
4.29429429e-02 -2.92799522e-02 -3.73048456e-03 -3.73048138e-03 9.92461170e+01 1.48356253e+02 1.65198899e+02 1.77967712e+02 1.69355587e-15 1.57256147e-06 3.80195963e-06 1.36431218e-16 7.96419361e-01 3.77888743e-06 6.04744741e-01 7.34359308e-07 5.81654885e-07 5.81654317e-07 2.48915399e-03 2.17878731e-02 2.57577039e-02 1.37271325e-02
4.30930931e-02 -2.92799521e-02 -3.73048583e-03 -3.73048446e-03 9.92461170e+01 1.48292573e+02 1.65198899e+02 1.78004224e+02 4.44292339e-15 3.35079986e-06 2.41217130e-06 3.41332457e-16 7.96692717e-01 3.76572058e-06 6.04384575e-01 7.34359308e-07 5.81654980e-07 5.81654222e-07 2.48915399e-03 2.17971009e-02 2.57577039e-02 1.37117065e-02
4.32432432e-02 -2.92799521e-02 -3.73048549e-03 -3.73048247e-03 9.92461170e+01 1.48228871e+02 1.65198899e+02 1.78040681e+02 5.44922311e-15 2.92447008e-06 2.93477465e-06 2.31684104e-16 7.96965772e-01 3.75264516e-06 6.04024468e-01 7.34359308e-07 5.81655002e-07 5.81654201e-07 2.48915399e-03 2.18063022e-02 2.57577039e-02 1.36962878e-02
4.33933934e-02 -2.92799521e-02 -3.73048555e-03 -3.73048212e-03 9.92461170e+01 1.48165148e+02 1.65198899e+02 1.78077082e+02 4.06340042e-15 3.58325162e-06 2.10835163e-06 1.22265445e-16 7.97238526e-01 3.73966023e-06 6.03664421e-01 7.34359308e-07 5.81654950e-07 5.81654252e-07 2.48915399e-03 2.18154772e-02 2.57577039e-02 1.36808766e-02
4.35435435e-02 -2.92799521e-02 -3.73048526e-03 -3.73048236e-03 9.92461170e+01 1.48101404e+02 1.65198899e+02 1.78113428e+02 4.06723550e-15 3.13065444e-06 2.75747472e-06 3.67828955e-16 7.97510979e-01 3.72676485e-06 6.03304433e-01 7.34359308e-07 5.81654998e-07 5.81654204e-07 2.48915399e-03 2.18246256e-02 2.57577039e-02 1.36654729e-02
4.36936937e-02 -2.92799521e-02 -3.73048559e-03 -3.73048270e-03 9.92461170e+01 1.48037639e+02 1.65198899e+02 1.78149719e+02 9.03702563e-16 3.49893513e-06 2.29833768e-06 3.34737116e-17 7.97783130e-01 3.71395810e-06 6.02944506e-01 7.34359308e-07 5.81654968e-07 5.81654234e-07 2.48915399e-03 2.18337476e-02 2.57577039e-02 1.36500767e-02
4.38438438e-02 -2.92799521e-02 -3.73048541e-03 -3.73048210e-03 9.92461170e+01 1.47973852e+02 1.65198899e+02 1.78185954e+02 3.18129853e-15 2.69248429e-06 3.22429597e-06 9.24327122e-17 7.98054980e-01 3.70123906e-06 6.02584641e-01 7.34359308e-07 5.81654995e-07 5.81654207e-07 2.48915399e-03 2.18428431e-02 2.57577039e-02 1.36346881e-02
4.39939940e-02 -2.92799521e-02 -3.73048549e-03 -3.73048289e-03 9.92461170e+01 1.47910046e+02 1.65198899e+02 1.78222135e+02 5.32645059e-16 3.58897189e-06 2.21040808e-06 1.32264015e-16 7.98326527e-01 3.68860685e-06 6.02224838e-01 7.34359308e-07 5.81654958e-07 5.81654244e-07 2.48915399e-03 2.18519121e-02 2.57577039e-02 1.36193071e-02
4.41441441e-02 -2.92799521e-02 -3.73048533e-03 -3.73048245e-03 9.92461170e+01 1.47846218e+02 1.65198899e+02 1.78258261e+02 1.02063359e-15 2.33163717e-06 3.52867851e-06 2.04842922e-17 7.98597774e-01 3.67606056e-06 6.01865098e-01 7.34359308e-07 5.81654970e-07 5.81654232e-07 2.48915399e-03 2.18609545e-02 2.57577039e-02 1.36039338e-02
4.42942943e-02 -2.92799521e-02 -3.73048561e-03 -3.73048221e-03 9.92461170e+01 1.47782370e+02 1.65198899e+02 1.78294331e+02 1.34007630e-15 3.07645378e-06 2.92325688e-06 7.02034358e-17 7.98868718e-01 3.66359934e-06 6.01505421e-01 7.34359308e-07 5.81655001e-07 5.81654201e-07 2.48915399e-03 2.18699704e-02 2.57577039e-02 1.35885682e-02
4.44444444e-02 -2.92799521e-02 -3.73048521e-03 -3.73048116e-03 9.92461170e+01 1.47718502e+02 1.65198899e+02 1.78330347e+02 1.28290780e-16 3.72651034e-06 2.06044363e-06 1.59577958e-17 7.99139359e-01 3.65122232e-06 6.01145809e-01 7.34359308e-07 5.81654939e-07 5.81654263e-07 2.48915399e-03 2.18789597e-02 2.57577039e-02 1.35732104e-02
4.45945946e-02 -2.92799521e-02 -3.73048519e-03 -3.73048253e-03 9.92461170e+01 1.47654614e+02 1.65198899e+02 1.78366307e+02 4.72788165e-16 2.64225349e-06 3.35760723e-06 3.39284642e-17 7.99409699e-01 3.63892864e-06 6.00786262e-01 7.34359308e-07 5.81654991e-07 5.81654211e-07 2.48915399e-03 2.18879225e-02 2.57577039e-02 1.35578604e-02
4.47447447e-02 -2.92799521e-02 -3.73048485e-03 -3.73048308e-03 9.92461170e+01 1.47590705e+02 1.65198899e+02 1.78402213e+02 6.99484546e-15 3.20806846e-06 2.84367070e-06 3.72699811e-16 7.99679736e-01 3.62671747e-06 6.00426781e-01 7.34359308e-07 5.81654998e-07 5.81654204e-07 2.48915399e-03 2.18968586e-02 2.57577039e-02 1.35425182e-02
4.48948949e-02 -2.92799521e-02 -3.73048589e-03 -3.73048303e-03 9.92461170e+01 1.47526777e+02 1.65198899e+02 1.78438063e+02 2.98131937e-16 3.16519247e-06 2.91260592e-06 6.52760432e-17 7.99949471e-01 3.61458798e-06 6.00067366e-01 7.34359308e-07 5.81655000e-07 5.81654202e-07 2.48915399e-03 2.19057681e-02 2.57577039e-02 1.35271839e-02
4.50450450e-02 -2.92799521e-02 -3.73048515e-03 -3.73048261e-03 9.92461170e+01 1.47462828e+02 1.65198899e+02 1.78473859e+02 3.21741618e-16 2.86230671e-06 3.22999708e-06 1.65937935e-18 8.00218903e-01 3.60253935e-06 5.99708018e-01 7.34359308e-07 5.81654999e-07 5.81654203e-07 2.48915399e-03 2.19146509e-02 2.57577039e-02 1.35118576e-02
4.51951952e-02 -2.92799521e-02 -3.73048481e-03 -3.73048116e-03 9.92461170e+01 1.47398861e+02 1.65198899e+02 1.78509600e+02 4.00439030e-15 2.41932649e-06 3.59122798e-06 3.38942607e-16 8.00488033e-01 3.59057078e-06 5.99348738e-01 7.34359308e-07 5.81654973e-07 5.81654229e-07 2.48915399e-03 2.19235071e-02 2.57577039e-02 1.34965393e-02
4.53453453e-02 -2.92799521e-02 -3.73048536e-03 -3.73048109e-03 9.92461170e+01 1.47334873e+02 1.65198899e+02 1.78545286e+02 6.30911036e-15 2.72060063e-06 3.38720878e-06 3.66160806e-16 8.00756859e-01 3.57868148e-06 5.98989526e-01 7.34359308e-07 5.81654992e-07 5.81654210e-07 2.48915399e-03 2.19323366e-02 2.57577039e-02 1.34812290e-02
4.54954955e-02 -2.92799521e-02 -3.73048545e-03 -3.73048353e-03 9.92461170e+01 1.47270866e+02 1.65198899e+02 1.78580918e+02 2.27972145e-15 3.54936654e-06 2.53022810e-06 1.81954772e-16 8.01025382e-01 3.56687065e-06 5.98630384e-01 7.34359308e-07 5.81654979e-07 5.81654223e-07 2.48915399e-03 2.19411394e-02 2.57577039e-02 1.34659267e-02
4.56456456e-02 -2.92799521e-02 -3.73048519e-03 -3.73048202e-03 9.92461170e+01 1.47206840e+02 1.65198899e+02 1.78616494e+02 1.97694187e-16 3.14837410e-06 3.03536118e-06 5.20321346e-18 8.01293603e-01 3.55513752e-06 5.98271312e-01 7.34359308e-07 5.81655001e-07 5.81654201e-07 2.48915399e-03 2.19499155e-02 2.57577039e-02 1.34506326e-02
4.57957958e-02 -2.92799521e-02 -3.73048538e-03 -3.73048280e-03 9.92461170e+01 1.47142795e+02 1.65198899e+02 1.78652016e+02 1.96258770e-15 3.44556817e-06 2.71657334e-06 7.32569139e-17 8.01561520e-01 3.54348133e-06 5.97912310e-01 7.34359308e-07 5.81654990e-07 5.81654212e-07 2.48915399e-03 2.19586649e-02 2.57577039e-02 1.34353467e-02
4.59459459e-02 -2.92799521e-02 -3.73048525e-03 -3.73048218e-03 9.92461170e+01 1.47078731e+02 1.65198899e+02 1.78687484e+02 1.62595293e-15 3.37428739e-06 2.82707322e-06 1.19241410e-16 8.01829133e-01 3.53190133e-06 5.97553379e-01 7.34359308e-07 5.81654995e-07 5.81654207e-07 2.48915399e-03 2.19673876e-02 2.57577039e-02 1.34200689e-02
4.60960961e-02 -2.92799521e-02 -3.73048542e-03 -3.73048364e-03 9.92461170e+01 1.47014648e+02 1.65198899e+02 1.78722897e+02 7.76636469e-17 2.84063249e-06 3.38168997e-06 1.81039993e-17 8.02096443e-01 3.52039676e-06 5.97194521e-01 7.34359308e-07 5.81654996e-07 5.81654206e-07 2.48915399e-03 2.19760834e-02 2.57577039e-02 1.34047994e-02
4.62462462e-02 -2.92799521e-02 -3.73048538e-03 -3.73048274e-03 9.92461170e+01 1.46950546e+02 1.65198899e+02 1.78758255e+02 1.38428568e-15 2.24259552e-06 3.82139514e-06 7.83423647e-17 8.02363450e-01 3.50896690e-06 5.96835735e-01 7.34359308e-07 5.81654952e-07 5.81654251e-07 2.48915399e-03 2.19847525e-02 2.57577039e-02 1.33895382e-02
4.63963964e-02 -2.92799521e-02 -3.73048588e-03 -3.73048401e-03 9.92461170e+01 1.46886425e+02 1.65198899e+02 1.78793559e+02 2.55742942e-15 3.89542089e-06 2.14142031e-06 1.78060053e-16 8.02630153e-01 3.49761102e-06 5.96477022e-01 7.34359308e-07 5.81654938e-07 5.81654264e-07 2.48915399e-03 2.19933949e-02 2.57577039e-02 1.33742854e-02
4.65465465e-02 -2.92799521e-02 -3.73048491e-03 -3.73048322e-03 9.92461170e+01 1.46822286e+02 1.65198899e+02 1.78828808e+02 5.89014918e-16 3.32261706e-06 2.97460989e-06 8.07578491e-17 8.02896552e-01 3.48632841e-06 5.96118383e-01 7.34359308e-07 5.81654999e-07 5.81654203e-07 2.48915399e-03 2.20020104e-02 2.57577039e-02 1.33590409e-02
4.66966967e-02 -2.92799521e-02 -3.73048483e-03 -3.73048137e-03 9.92461170e+01 1.46758129e+02 1.65198899e+02 1.78864003e+02 2.98587957e-15 3.00958512e-06 3.31043845e-06 5.25061839e-17 8.03162647e-01 3.47511835e-06 5.95759819e-01 7.34359308e-07 5.81655000e-07 5.81654202e-07 2.48915399e-03 2.20105991e-02 2.57577039e-02 1.33438048e-02
4.68468468e-02 -2.92799521e-02 -3.73048509e-03 -3.73048242e-03 9.92461170e+01 1.46693954e+02 1.65198899e+02 1.78899143e+02 2.40148457e-15 3.40424959e-06 2.92517028e-06 1.50897203e-16 8.03428438e-01 3.46398015e-06 5.95401331e-01 7.34359308e-07 5.81654997e-07 5.81654205e-07 2.48915399e-03 2.20191609e-02 2.57577039e-02 1.33285772e-02
4.69969970e-02 -2.92799521e-02 -3.73048522e-03 -3.73048193e-03 9.92461170e+01 1.46629760e+02 1.65198899e+02 1.78934229e+02 2.27997310e-15 1.81359483e-06 4.12137783e-06 3.25906778e-17 8.03693925e-01 3.45291312e-06 5.95042918e-01 7.34359308e-07 5.81654897e-07 5.81654305e-07 2.48915399e-03 2.20276959e-02 2.57577039e-02 1.33133581e-02
4.71471471e-02 -2.92799521e-02 -3.73048498e-03 -3.73048146e-03 9.92461170e+01 1.46565549e+02 1.65198899e+02 1.78969261e+02 5.37500328e-15 2.80940626e-06 3.53721314e-06 1.41518842e-16 8.03959108e-01 3.44191658e-06 5.94684582e-01 7.34359308e-07 5.81654992e-07 5.81654211e-07 2.48915399e-03 2.20362041e-02 2.57577039e-02 1.32981476e-02
4.72972973e-02 -2.92799521e-02 -3.73048649e-03 -3.73048247e-03 9.92461170e+01 1.46501320e+02 1.65198899e+02 1.79004239e+02 1.23662986e-15 3.99596558e-06 2.13707095e-06 3.91246836e-17 8.04223987e-01 3.43098986e-06 5.94326324e-01 7.34359308e-07 5.81654933e-07 5.81654269e-07 2.48915399e-03 2.20446853e-02 2.57577039e-02 1.32829457e-02
4.74474474e-02 -2.92799521e-02 -3.73048546e-03 -3.73048336e-03 9.92461170e+01 1.46437073e+02 1.65198899e+02 1.79039162e+02 5.82453292e-15 2.79493103e-06 3.58521414e-06 1.29662991e-16 8.04488561e-01 3.42013230e-06 5.93968143e-01 7.34359308e-07 5.81654990e-07 5.81654212e-07 2.48915399e-03 2.20531397e-02 2.57577039e-02 1.32677524e-02
4.75975976e-02 -2.92799521e-02 -3.73048514e-03 -3.73048168e-03 9.92461170e+01 1.46372809e+02 1.65198899e+02 1.79074031e+02 2.28848920e-15 2.68268658e-06 3.68776263e-06 2.69215158e-16 8.04752831e-01 3.40934324e-06 5.93610041e-01 7.34359308e-07 5.81654983e-07 5.81654219e-07 2.48915399e-03 2.20615672e-02 2.57577039e-02 1.32525677e-02
4.77477477e-02 -2.92799521e-02 -3.73048738e-03 -3.73048384e-03 9.92461170e+01 1.46308527e+02 1.65198899e+02 1.79108846e+02 3.40085179e-15 4.36420843e-06 1.37167775e-06 6.48212747e-17 8.05016796e-01 3.39862203e-06 5.93252019e-01 7.34359308e-07 5.81654829e-07 5.81654373e-07 2.48915399e-03 2.20699677e-02 2.57577039e-02 1.32373918e-02
4.78978979e-02 -2.92799521e-02 -3.73048495e-03 -3.73048292e-03 9.92461170e+01 1.46244228e+02 1.65198899e+02 1.79143607e+02 9.46848930e-15 3.69351150e-06 2.72353011e-06 4.24407781e-16 8.05280456e-01 3.38796804e-06 5.92894077e-01 7.34359308e-07 5.81654983e-07 5.81654219e-07 2.48915399e-03 2.20783414e-02 2.57577039e-02 1.32222246e-02
4.80480480e-02 -2.92799522e-02 -3.73048501e-03 -3.73048175e-03 9.92461170e+01 1.46179912e+02 1.65198899e+02 1.79178314e+02 1.50808362e-16 3.62492937e-06 2.83756460e-06 2.55189787e-17 8.05543812e-01 3.37738064e-06 5.92536215e-01 7.34359308e-07 5.81654989e-07 5.81654213e-07 2.48915399e-03 2.20866881e-02 2.57577039e-02 1.32070663e-02
4.81981982e-02 -2.92799521e-02 -3.73048409e-03 -3.73048228e-03 9.92461170e+01 1.46115579e+02 1.65198899e+02 1.79212967e+02 2.27153444e-15 2.89588780e-06 3.59699540e-06 3.13706220e-17 8.05806863e-01 3.36685921e-06 5.92178435e-01 7.34359308e-07 5.81654993e-07 5.81654209e-07 2.48915399e-03 2.20950078e-02 2.57577039e-02 1.31919167e-02
4.83483483e-02 -2.92799521e-02 -3.73048557e-03 -3.73048305e-03 9.92461170e+01 1.46051229e+02 1.65198899e+02 1.79247565e+02 1.26534599e-15 3.40891443e-06 3.13638559e-06 6.45423795e-18 8.06069609e-01 3.35640312e-06 5.91820737e-01 7.34359308e-07 5.81655000e-07 5.81654202e-07 2.48915399e-03 2.21033006e-02 2.57577039e-02 1.31767761e-02
4.84984985e-02 -2.92799521e-02 -3.73048570e-03 -3.73048272e-03 9.92461170e+01 1.45986862e+02 1.65198899e+02 1.79282110e+02 5.75912861e-15 4.07055257e-06 2.24091455e-06 1.65024674e-16 8.06332050e-01 3.34601178e-06 5.91463122e-01 7.34359308e-07 5.81654938e-07 5.81654264e-07 2.48915399e-03 2.21115663e-02 2.57577039e-02 1.31616444e-02
4.86486486e-02 -2.92799521e-02 -3.73048522e-03 -3.73048183e-03 9.92461170e+01 1.45922479e+02 1.65198899e+02 1.79316601e+02 3.13570815e-15 2.62376317e-06 3.85238381e-06 1.59159674e-16 8.06594186e-01 3.33568459e-06 5.91105590e-01 7.34359308e-07 5.81654974e-07 5.81654228e-07 2.48915399e-03 2.21198051e-02 2.57577039e-02 1.31465216e-02
4.87987988e-02 -2.92799521e-02 -3.73048481e-03 -3.73048272e-03 9.92461170e+01 1.45858079e+02 1.65198899e+02 1.79351038e+02 3.12821200e-15 3.21993932e-06 3.38988153e-06 1.14226331e-16 8.06856017e-01 3.32542094e-06 5.90748142e-01 7.34359308e-07 5.81655001e-07 5.81654201e-07 2.48915399e-03 2.21280169e-02 2.57577039e-02 1.31314078e-02
4.89489489e-02 -2.92799521e-02 -3.73048545e-03 -3.73048351e-03 9.92461170e+01 1.45793663e+02 1.65198899e+02 1.79385422e+02 3.96465232e-15 3.47750507e-06 3.14658390e-06 2.20717837e-16 8.07117543e-01 3.31522026e-06 5.90390779e-01 7.34359308e-07 5.81654999e-07 5.81654203e-07 2.48915399e-03 2.21362017e-02 2.57577039e-02 1.31163031e-02
4.90990991e-02 -2.92799521e-02 -3.73048570e-03 -3.73048238e-03 9.92461170e+01 1.45729231e+02 1.65198899e+02 1.79419751e+02 4.11264191e-15 3.66855139e-06 2.94463956e-06 1.89006082e-16 8.07378763e-01 3.30508198e-06 5.90033501e-01 7.34359308e-07 5.81654992e-07 5.81654210e-07 2.48915399e-03 2.21443595e-02 2.57577039e-02 1.31012075e-02
4.92492492e-02 -2.92799521e-02 -3.73048546e-03 -3.73048241e-03 9.92461170e+01 1.45664783e+02 1.65198899e+02 1.79454027e+02 1.57013965e-15 3.56318699e-06 3.09328685e-06 8.90438847e-17 8.07639678e-01 3.29500551e-06 5.89676310e-01 7.34359308e-07 5.81654997e-07 5.81654205e-07 2.48915399e-03 2.21524902e-02 2.57577039e-02 1.30861210e-02
4.93993994e-02 -2.92799521e-02 -3.73048471e-03 -3.73048240e-03 9.92461170e+01 1.45600319e+02 1.65198899e+02 1.79488249e+02 2.23710998e-15 3.04783838e-06 3.62096309e-06 2.41818755e-17 8.07900288e-01 3.28499029e-06 5.89319205e-01 7.34359308e-07 5.81654996e-07 5.81654206e-07 2.48915399e-03 2.21605939e-02 2.57577039e-02 1.30710436e-02
4.95495495e-02 -2.92799521e-02 -3.73048546e-03 -3.73048166e-03 9.92461170e+01 1.45535839e+02 1.65198899e+02 1.79522418e+02 3.95778038e-15 2.18077640e-06 4.21678647e-06 2.24158501e-17 8.08160592e-01 3.27503578e-06 5.88962187e-01 7.34359308e-07 5.81654929e-07 5.81654273e-07 2.48915399e-03 2.21686706e-02 2.57577039e-02 1.30559754e-02
4.96996997e-02 -2.92799521e-02 -3.73048511e-03 -3.73048275e-03 9.92461170e+01 1.45471344e+02 1.65198899e+02 1.79556533e+02 7.00564927e-15 3.56230739e-06 3.15972075e-06 3.05378953e-16 8.08420590e-01 3.26514141e-06 5.88605257e-01 7.34359308e-07 5.81654998e-07 5.81654204e-07 2.48915399e-03 2.21767201e-02 2.57577039e-02 1.30409165e-02
4.98498498e-02 -2.92799521e-02 -3.73048551e-03 -3.73048293e-03 9.92461170e+01 1.45406833e+02 1.65198899e+02 1.79590594e+02 5.44591575e-15 2.63794205e-06 3.98149972e-06 2.07036775e-16 8.08680283e-01 3.25530664e-06 5.88248416e-01 7.34359308e-07 5.81654970e-07 5.81654232e-07 2.48915399e-03 2.21847426e-02 2.57577039e-02 1.30258669e-02
5.00000000e-02 -2.92799521e-02 -3.73048588e-03 -3.73048425e-03 9.92461170e+01 1.45342306e+02 1.65198899e+02 1.79624602e+02 7.17610156e-17 3.88164467e-06 2.80740736e-06 7.24775748e-17 8.08939671e-01 3.24553095e-06 5.87891664e-01 7.34359308e-07 5.81654981e-07 5.81654221e-07 2.48915399e-03 2.21927381e-02 2.57577039e-02 1.30108265e-02
5.01501502e-02 -2.92799521e-02 -3.73048488e-03 -3.73048146e-03 9.92461170e+01 1.45277765e+02 1.65198899e+02 1.79658556e+02 2.65646491e-15 3.30068238e-06 3.49173800e-06 1.89919704e-16 8.09198752e-01 3.23581379e-06 5.87535003e-01 7.34359308e-07 5.81655001e-07 5.81654201e-07 2.48915399e-03 2.22007064e-02 2.57577039e-02 1.29957956e-02
5.03003003e-02 -2.92799521e-02 -3.73048599e-03 -3.73048358e-03 9.92461170e+01 1.45213208e+02 1.65198899e+02 1.79692457e+02 1.30537109e-15 4.13665566e-06 2.47250263e-06 1.16246901e-16 8.09457528e-01 3.22615464e-06 5.87178431e-01 7.34359308e-07 5.81654953e-07 5.81654249e-07 2.48915399e-03 2.22086476e-02 2.57577039e-02 1.29807740e-02
5.04504505e-02 -2.92799521e-02 -3.73048585e-03 -3.73048242e-03 9.92461170e+01 1.45148636e+02 1.65198899e+02 1.79726305e+02 9.47449649e-16 4.12021654e-06 2.52742355e-06 7.80732774e-17 8.09715998e-01 3.21655299e-06 5.86821951e-01 7.34359308e-07 5.81654957e-07 5.81654245e-07 2.48915399e-03 2.22165617e-02 2.57577039e-02 1.29657618e-02
5.06006006e-02 -2.92799522e-02 -3.73048526e-03 -3.73048319e-03 9.92461170e+01 1.45084050e+02 1.65198899e+02 1.79760099e+02 1.22252540e-15 2.36097192e-06 4.23428204e-06 7.24158616e-17 8.09974162e-01 3.20700833e-06 5.86465563e-01 7.34359308e-07 5.81654943e-07 5.81654259e-07 2.48915399e-03 2.22244487e-02 2.57577039e-02 1.29507591e-02
5.07507508e-02 -2.92799521e-02 -3.73048607e-03 -3.73048268e-03 9.92461170e+01 1.45019448e+02 1.65198899e+02 1.79793840e+02 6.42834780e-16 3.93906353e-06 2.85075498e-06 3.21301654e-17 8.10232021e-01 3.19752014e-06 5.86109267e-01 7.34359308e-07 5.81654981e-07 5.81654221e-07 2.48915399e-03 2.22323086e-02 2.57577039e-02 1.29357660e-02
5.09009009e-02 -2.92799521e-02 -3.73048428e-03 -3.73048168e-03 9.92461170e+01 1.44954833e+02 1.65198899e+02 1.79827528e+02 3.41416737e-16 3.50969450e-06 3.38602665e-06 4.20174837e-17 8.10489573e-01 3.18808792e-06 5.85753064e-01 7.34359308e-07 5.81655001e-07 5.81654201e-07 2.48915399e-03 2.22401414e-02 2.57577039e-02 1.29207823e-02
5.10510511e-02 -2.92799521e-02 -3.73048527e-03 -3.73048313e-03 9.92461170e+01 1.44890202e+02 1.65198899e+02 1.79861162e+02 1.60929734e-15 4.03134675e-06 2.76981872e-06 1.73414785e-16 8.10746819e-01 3.17871119e-06 5.85396956e-01 7.34359308e-07 5.81654974e-07 5.81654228e-07 2.48915399e-03 2.22479470e-02 2.57577039e-02 1.29058083e-02
5.12012012e-02 -2.92799521e-02 -3.73048529e-03 -3.73048276e-03 9.92461170e+01 1.44825558e+02 1.65198899e+02 1.79894744e+02 1.82963066e-15 3.72171132e-06 3.19584910e-06 1.14258659e-17 8.11003759e-01 3.16938946e-06 5.85040941e-01 7.34359308e-07 5.81654997e-07 5.81654205e-07 2.48915399e-03 2.22557254e-02 2.57577039e-02 1.28908438e-02
5.13513514e-02 -2.92799521e-02 -3.73048504e-03 -3.73048226e-03 9.92461170e+01 1.44760899e+02 1.65198899e+02 1.79928272e+02 2.15969647e-16 3.09781139e-06 3.82223749e-06 4.64138859e-17 8.11260393e-01 3.16012224e-06 5.84685022e-01 7.34359308e-07 5.81654993e-07 5.81654209e-07 2.48915399e-03 2.22634767e-02 2.57577039e-02 1.28758891e-02
5.15015015e-02 -2.92799521e-02 -3.73048521e-03 -3.73048205e-03 9.92461170e+01 1.44696226e+02 1.65198899e+02 1.79961748e+02 1.35691663e-15 3.79793447e-06 3.15014139e-06 1.29582138e-16 8.11516721e-01 3.15090906e-06 5.84329198e-01 7.34359308e-07 5.81654994e-07 5.81654208e-07 2.48915399e-03 2.22712009e-02 2.57577039e-02 1.28609440e-02
5.16516517e-02 -2.92799521e-02 -3.73048540e-03 -3.73048266e-03 9.92461170e+01 1.44631540e+02 1.65198899e+02 1.79995170e+02 5.99756271e-15 3.81549162e-06 3.15149119e-06 1.28728723e-16 8.11772743e-01 3.14174944e-06 5.83973470e-01 7.34359308e-07 5.81654994e-07 5.81654208e-07 2.48915399e-03 2.22788978e-02 2.57577039e-02 1.28460086e-02
5.18018018e-02 -2.92799522e-02 -3.73048459e-03 -3.73048239e-03 9.92461170e+01 1.44566839e+02 1.65198899e+02 1.80028539e+02 1.21438461e-15 3.23867442e-06 3.76077798e-06 1.17726505e-17 8.12028458e-01 3.13264292e-06 5.83617840e-01 7.34359308e-07 5.81654997e-07 5.81654205e-07 2.48915399e-03 2.22865676e-02 2.57577039e-02 1.28310830e-02
5.19519520e-02 -2.92799521e-02 -3.73048557e-03 -3.73048201e-03 9.92461170e+01 1.44502125e+02 1.65198899e+02 1.80061856e+02 6.06962800e-15 2.60461900e-06 4.24163019e-06 2.90901423e-16 8.12283867e-01 3.12358903e-06 5.83262307e-01 7.34359308e-07 5.81654959e-07 5.81654243e-07 2.48915399e-03 2.22942102e-02 2.57577039e-02 1.28161672e-02
5.21021021e-02 -2.92799521e-02 -3.73048520e-03 -3.73048204e-03 9.92461170e+01 1.44437398e+02 1.65198899e+02 1.80095119e+02 5.11198322e-15 3.37592399e-06 3.67723018e-06 2.56095709e-16 8.12538970e-01 3.11458734e-06 5.82906872e-01 7.34359308e-07 5.81655000e-07 5.81654202e-07 2.48915399e-03 2.23018257e-02 2.57577039e-02 1.28012613e-02
5.22522523e-02 -2.92799522e-02 -3.73048507e-03 -3.73048150e-03 9.92461170e+01 1.44372657e+02 1.65198899e+02 1.80128330e+02 3.18146205e-15 3.17287403e-06 3.87241354e-06 2.45265068e-17 8.12793767e-01 3.10563737e-06 5.82551536e-01 7.34359308e-07 5.81654994e-07 5.81654208e-07 2.48915399e-03 2.23094139e-02 2.57577039e-02 1.27863652e-02
5.24024024e-02 -2.92799521e-02 -3.73048575e-03 -3.73048222e-03 9.92461170e+01 1.44307903e+02 1.65198899e+02 1.80161488e+02 3.95333415e-17 4.58334052e-06 2.04937830e-06 7.08259814e-17 8.13048257e-01 3.09673870e-06 5.82196300e-01 7.34359308e-07 5.81654898e-07 5.81654304e-07 2.48915399e-03 2.23169749e-02 2.57577039e-02 1.27714791e-02
5.25525526e-02 -2.92799521e-02 -3.73048467e-03 -3.73048119e-03 9.92461170e+01 1.44243136e+02 1.65198899e+02 1.80194593e+02 6.40476423e-15 2.87213615e-06 4.13551147e-06 1.19407722e-16 8.13302441e-01 3.08789087e-06 5.81841163e-01 7.34359308e-07 5.81654977e-07 5.81654225e-07 2.48915399e-03 2.23245088e-02 2.57577039e-02 1.27566028e-02
5.27027027e-02 -2.92799521e-02 -3.73048560e-03 -3.73048305e-03 9.92461170e+01 1.44178356e+02 1.65198899e+02 1.80227646e+02 2.27429389e-15 3.72743146e-06 3.40631021e-06 1.61491961e-16 8.13556319e-01 3.07909346e-06 5.81486127e-01 7.34359308e-07 5.81655000e-07 5.81654202e-07 2.48915399e-03 2.23320154e-02 2.57577039e-02 1.27417366e-02
5.28528529e-02 -2.92799521e-02 -3.73048559e-03 -3.73048244e-03 9.92461170e+01 1.44113563e+02 1.65198899e+02 1.80260645e+02 6.34426411e-16 3.94888219e-06 3.16993869e-06 5.23389647e-17 8.13809890e-01 3.07034604e-06 5.81131193e-01 7.34359308e-07 5.81654992e-07 5.81654210e-07 2.48915399e-03 2.23394948e-02 2.57577039e-02 1.27268804e-02
5.30030030e-02 -2.92799521e-02 -3.73048444e-03 -3.73048109e-03 9.92461170e+01 1.44048757e+02 1.65198899e+02 1.80293593e+02 2.60143120e-15 3.86110747e-06 3.29847421e-06 6.69351390e-17 8.14063155e-01 3.06164818e-06 5.80776360e-01 7.34359308e-07 5.81654996e-07 5.81654206e-07 2.48915399e-03 2.23469470e-02 2.57577039e-02 1.27120342e-02
5.31531532e-02 -2.92799521e-02 -3.73048520e-03 -3.73048328e-03 9.92461170e+01 1.43983939e+02 1.65198899e+02 1.80326488e+02 3.41687797e-15 2.79919229e-06 4.25428261e-06 3.03816174e-16 8.14316113e-01 3.05299945e-06 5.80421630e-01 7.34359308e-07 5.81654969e-07 5.81654233e-07 2.48915399e-03 2.23543720e-02 2.57577039e-02 1.26971981e-02
5.33033033e-02 -2.92799521e-02 -3.73048463e-03 -3.73048109e-03 9.92461170e+01 1.43919108e+02 1.65198899e+02 1.80359330e+02 2.69196801e-15 3.70204018e-06 3.51795758e-06 2.16141685e-16 8.14568765e-01 3.04439945e-06 5.80067003e-01 7.34359308e-07 5.81655001e-07 5.81654201e-07 2.48915399e-03 2.23617697e-02 2.57577039e-02 1.26823722e-02
5.34534535e-02 -2.92799521e-02 -3.73048472e-03 -3.73048302e-03 9.92461170e+01 1.43854265e+02 1.65198899e+02 1.80392120e+02 2.55982891e-15 4.01351468e-06 3.18119001e-06 1.21551702e-16 8.14821110e-01 3.03584777e-06 5.79712480e-01 7.34359308e-07 5.81654991e-07 5.81654212e-07 2.48915399e-03 2.23691402e-02 2.57577039e-02 1.26675563e-02
5.36036036e-02 -2.92799521e-02 -3.73048543e-03 -3.73048169e-03 9.92461170e+01 1.43789410e+02 1.65198899e+02 1.80424857e+02 1.42982392e-15 3.28480987e-06 3.94789195e-06 2.21927959e-17 8.15073149e-01 3.02734399e-06 5.79358061e-01 7.34359308e-07 5.81654995e-07 5.81654207e-07 2.48915399e-03 2.23764835e-02 2.57577039e-02 1.26527507e-02
5.37537538e-02 -2.92799521e-02 -3.73048537e-03 -3.73048208e-03 9.92461170e+01 1.43724542e+02 1.65198899e+02 1.80457543e+02 2.06521299e-15 2.52716095e-06 4.48745529e-06 1.51490050e-16 8.15324881e-01 3.01888773e-06 5.79003747e-01 7.34359308e-07 5.81654944e-07 5.81654258e-07 2.48915399e-03 2.23837995e-02 2.57577039e-02 1.26379553e-02
5.39039039e-02 -2.92799521e-02 -3.73048451e-03 -3.73048188e-03 9.92461170e+01 1.43659663e+02 1.65198899e+02 1.80490175e+02 3.28791030e-15 3.00519211e-06 4.20011933e-06 1.61089438e-16 8.15576307e-01 3.01047857e-06 5.78649538e-01 7.34359308e-07 5.81654981e-07 5.81654221e-07 2.48915399e-03 2.23910883e-02 2.57577039e-02 1.26231702e-02
5.40540541e-02 -2.92799522e-02 -3.73048510e-03 -3.73048395e-03 9.92461170e+01 1.43594773e+02 1.65198899e+02 1.80522756e+02 9.51935529e-15 4.41920068e-06 2.70030477e-06 4.65416344e-16 8.15827426e-01 3.00211613e-06 5.78295436e-01 7.34359308e-07 5.81654957e-07 5.81654245e-07 2.48915399e-03 2.23983499e-02 2.57577039e-02 1.26083954e-02
5.42042042e-02 -2.92799521e-02 -3.73048468e-03 -3.73048201e-03 9.92461170e+01 1.43529870e+02 1.65198899e+02 1.80555284e+02 3.37326587e-15 3.47123927e-06 3.86273100e-06 1.24188319e-16 8.16078238e-01 2.99380002e-06 5.77941441e-01 7.34359308e-07 5.81654999e-07 5.81654203e-07 2.48915399e-03 2.24055842e-02 2.57577039e-02 1.25936308e-02
5.43543544e-02 -2.92799521e-02 -3.73048471e-03 -3.73048266e-03 9.92461170e+01 1.43464956e+02 1.65198899e+02 1.80587761e+02 3.37822082e-16 2.89068838e-06 4.33171327e-06 1.53596059e-16 8.16328745e-01 2.98552985e-06 5.77587552e-01 7.34359308e-07 5.81654972e-07 5.81654231e-07 2.48915399e-03 2.24127913e-02 2.57577039e-02 1.25788767e-02
5.45045045e-02 -2.92799521e-02 -3.73048473e-03 -3.73048226e-03 9.92461170e+01 1.43400031e+02 1.65198899e+02 1.80620185e+02 3.57194728e-15 4.07550167e-06 3.26498783e-06 2.99558592e-16 8.16578944e-01 2.97730525e-06 5.77233772e-01 7.34359308e-07 5.81654991e-07 5.81654211e-07 2.48915399e-03 2.24199711e-02 2.57577039e-02 1.25641329e-02
5.46546547e-02 -2.92799521e-02 -3.73048494e-03 -3.73048122e-03 9.92461170e+01 1.43335094e+02 1.65198899e+02 1.80652557e+02 3.65767350e-15 4.10994409e-06 3.24479168e-06 1.53591837e-16 8.16828837e-01 2.96912584e-06 5.76880101e-01 7.34359308e-07 5.81654990e-07 5.81654212e-07 2.48915399e-03 2.24271237e-02 2.57577039e-02 1.25493996e-02
5.48048048e-02 -2.92799521e-02 -3.73048502e-03 -3.73048006e-03 9.92461170e+01 1.43270146e+02 1.65198899e+02 1.80684877e+02 3.05527050e-15 1.81228922e-06 4.92816287e-06 1.81353925e-16 8.17078424e-01 2.96099125e-06 5.76526538e-01 7.34359308e-07 5.81654862e-07 5.81654340e-07 2.48915399e-03 2.24342490e-02 2.57577039e-02 1.25346767e-02
5.49549550e-02 -2.92799521e-02 -3.73048462e-03 -3.73048179e-03 9.92461170e+01 1.43205188e+02 1.65198899e+02 1.80717145e+02 8.53682355e-15 3.87029803e-06 3.56976982e-06 2.07464195e-16 8.17327704e-01 2.95290111e-06 5.76173086e-01 7.34359308e-07 5.81655000e-07 5.81654202e-07 2.48915399e-03 2.24413470e-02 2.57577039e-02 1.25199643e-02
5.51051051e-02 -2.92799521e-02 -3.73048575e-03 -3.73048251e-03 9.92461170e+01 1.43140218e+02 1.65198899e+02 1.80749362e+02 1.60977050e-15 3.94142975e-06 3.51273266e-06 1.46216902e-16 8.17576677e-01 2.94485506e-06 5.75819743e-01 7.34359308e-07 5.81654999e-07 5.81654203e-07 2.48915399e-03 2.24484178e-02 2.57577039e-02 1.25052624e-02
5.52552553e-02 -2.92799521e-02 -3.73048589e-03 -3.73048279e-03 9.92461170e+01 1.43075238e+02 1.65198899e+02 1.80781526e+02 3.60833137e-15 4.32967235e-06 3.04634310e-06 1.27759293e-16 8.17825344e-01 2.93685273e-06 5.75466512e-01 7.34359308e-07 5.81654977e-07 5.81654225e-07 2.48915399e-03 2.24554614e-02 2.57577039e-02 1.24905711e-02
5.54054054e-02 -2.92799521e-02 -3.73048481e-03 -3.73048147e-03 9.92461170e+01 1.43010247e+02 1.65198899e+02 1.80813639e+02 3.31500010e-15 3.80316421e-06 3.70334101e-06 8.65065721e-17 8.18073704e-01 2.92889378e-06 5.75113392e-01 7.34359308e-07 5.81655001e-07 5.81654201e-07 2.48915399e-03 2.24624776e-02 2.57577039e-02 1.24758904e-02
5.55555556e-02 -2.92799521e-02 -3.73048545e-03 -3.73048247e-03 9.92461170e+01 1.42945246e+02 1.65198899e+02 1.80845700e+02 5.53716256e-15 3.48685196e-06 4.02164066e-06 1.92384397e-16 8.18321758e-01 2.92097785e-06 5.74760385e-01 7.34359308e-07 5.81654998e-07 5.81654204e-07 2.48915399e-03 2.24694667e-02 2.57577039e-02 1.24612203e-02
5.57057057e-02 -2.92799521e-02 -3.73048520e-03 -3.73048192e-03 9.92461170e+01 1.42880234e+02 1.65198899e+02 1.80877709e+02 4.46476608e-15 2.97227891e-06 4.43290420e-06 8.55318154e-17 8.18569506e-01 2.91310460e-06 5.74407490e-01 7.34359308e-07 5.81654972e-07 5.81654230e-07 2.48915399e-03 2.24764284e-02 2.57577039e-02 1.24465608e-02
5.58558559e-02 -2.92799521e-02 -3.73048508e-03 -3.73048192e-03 9.92461170e+01 1.42815213e+02 1.65198899e+02 1.80909666e+02 1.01033559e-15 2.81092633e-06 4.55384893e-06 4.03042491e-17 8.18816947e-01 2.90527367e-06 5.74054708e-01 7.34359308e-07 5.81654960e-07 5.81654242e-07 2.48915399e-03 2.24833629e-02 2.57577039e-02 1.24319120e-02
5.60060060e-02 -2.92799521e-02 -3.73048510e-03 -3.73048179e-03 9.92461170e+01 1.42750181e+02 1.65198899e+02 1.80941572e+02 7.43590780e-15 3.90080278e-06 3.68466604e-06 3.10107043e-16 8.19064081e-01 2.89748473e-06 5.73702040e-01 7.34359308e-07 5.81655001e-07 5.81654201e-07 2.48915399e-03 2.24902702e-02 2.57577039e-02 1.24172740e-02
5.61561562e-02 -2.92799521e-02 -3.73048487e-03 -3.73048194e-03 9.92461170e+01 1.42685139e+02 1.65198899e+02 1.80973427e+02 9.44691312e-16 4.31135001e-06 3.21867681e-06 4.01726218e-17 8.19310909e-01 2.88973745e-06 5.73349487e-01 7.34359308e-07 5.81654984e-07 5.81654218e-07 2.48915399e-03 2.24971501e-02 2.57577039e-02 1.24026467e-02
5.63063063e-02 -2.92799521e-02 -3.73048567e-03 -3.73048268e-03 9.92461170e+01 1.42620088e+02 1.65198899e+02 1.81005230e+02 3.71712013e-15 4.69222243e-06 2.66189313e-06 1.10242022e-16 8.19557431e-01 2.88203148e-06 5.72997049e-01 7.34359308e-07 5.81654944e-07 5.81654258e-07 2.48915399e-03 2.25040029e-02 2.57577039e-02 1.23880301e-02
5.64564565e-02 -2.92799521e-02 -3.73048558e-03 -3.73048193e-03 9.92461170e+01 1.42555027e+02 1.65198899e+02 1.81036981e+02 1.83911947e-15 4.43014976e-06 3.10351742e-06 4.91303854e-18 8.19803646e-01 2.87436651e-06 5.72644726e-01 7.34359308e-07 5.81654977e-07 5.81654225e-07 2.48915399e-03 2.25108283e-02 2.57577039e-02 1.23734244e-02
5.66066066e-02 -2.92799521e-02 -3.73048561e-03 -3.73048373e-03 9.92461170e+01 1.42489956e+02 1.65198899e+02 1.81068681e+02 3.56453405e-15 3.89085054e-06 3.77824884e-06 1.86839244e-16 8.20049555e-01 2.86674219e-06 5.72292519e-01 7.34359308e-07 5.81655001e-07 5.81654201e-07 2.48915399e-03 2.25176266e-02 2.57577039e-02 1.23588295e-02
5.67567568e-02 -2.92799521e-02 -3.73048601e-03 -3.73048392e-03 9.92461170e+01 1.42424876e+02 1.65198899e+02 1.81100330e+02 2.31523535e-15 3.64566421e-06 4.03475693e-06 2.02995124e-16 8.20295157e-01 2.85915822e-06 5.71940430e-01 7.34359308e-07 5.81655000e-07 5.81654202e-07 2.48915399e-03 2.25243975e-02 2.57577039e-02 1.23442455e-02
5.69069069e-02 -2.92799521e-02 -3.73048555e-03 -3.73048256e-03 9.92461170e+01 1.42359787e+02 1.65198899e+02 1.81131927e+02 2.01112944e-15 2.81901951e-06 4.66689647e-06 9.20518151e-17 8.20540453e-01 2.85161426e-06 5.71588457e-01 7.34359308e-07 5.81654956e-07 5.81654246e-07 2.48915399e-03 2.25311412e-02 2.57577039e-02 1.23296724e-02
5.70570571e-02 -2.92799521e-02 -3.73048461e-03 -3.73048121e-03 9.92461170e+01 1.42294688e+02 1.65198899e+02 1.81163474e+02 9.61066289e-16 3.55007976e-06 4.15701863e-06 1.82270479e-17 8.20785443e-01 2.84411002e-06 5.71236603e-01 7.34359308e-07 5.81654997e-07 5.81654205e-07 2.48915399e-03 2.25378577e-02 2.57577039e-02 1.23151102e-02
5.72072072e-02 -2.92799521e-02 -3.73048489e-03 -3.73048239e-03 9.92461170e+01 1.42229581e+02 1.65198899e+02 1.81194969e+02 6.44574498e-17 3.42922026e-06 4.27572323e-06 2.35592165e-17 8.21030127e-01 2.83664516e-06 5.70884867e-01 7.34359308e-07 5.81654992e-07 5.81654210e-07 2.48915399e-03 2.25445469e-02 2.57577039e-02 1.23005590e-02
5.73573574e-02 -2.92799521e-02 -3.73048543e-03 -3.73048249e-03 9.92461170e+01 1.42164464e+02 1.65198899e+02 1.81226412e+02 4.90616332e-15 3.94063091e-06 3.83023408e-06 1.60914656e-16 8.21274504e-01 2.82921939e-06 5.70533250e-01 7.34359308e-07 5.81655001e-07 5.81654201e-07 2.48915399e-03 2.25512088e-02 2.57577039e-02 1.22860188e-02
5.75075075e-02 -2.92799521e-02 -3.73048496e-03 -3.73048344e-03 9.92461170e+01 1.42099339e+02 1.65198899e+02 1.81257805e+02 2.52087184e-15 3.01732007e-06 4.61013698e-06 1.51520873e-16 8.21518575e-01 2.82183239e-06 5.70181752e-01 7.34359308e-07 5.81654969e-07 5.81654233e-07 2.48915399e-03 2.25578435e-02 2.57577039e-02 1.22714895e-02
5.76576577e-02 -2.92799521e-02 -3.73048575e-03 -3.73048215e-03 9.92461170e+01 1.42034206e+02 1.65198899e+02 1.81289147e+02 2.69083016e-15 3.72782423e-06 4.07671952e-06 1.22940629e-16 8.21762340e-01 2.81448387e-06 5.69830375e-01 7.34359308e-07 5.81655000e-07 5.81654202e-07 2.48915399e-03 2.25644510e-02 2.57577039e-02 1.22569714e-02
5.78078078e-02 -2.92799521e-02 -3.73048526e-03 -3.73048181e-03 9.92461170e+01 1.41969064e+02 1.65198899e+02 1.81320438e+02 9.34004503e-15 4.21917757e-06 3.58803600e-06 3.89532698e-16 8.22005799e-01 2.80717352e-06 5.69479119e-01 7.34359308e-07 5.81654996e-07 5.81654206e-07 2.48915399e-03 2.25710312e-02 2.57577039e-02 1.22424643e-02
5.79579580e-02 -2.92799521e-02 -3.73048489e-03 -3.73048226e-03 9.92461170e+01 1.41903913e+02 1.65198899e+02 1.81351678e+02 6.67267653e-15 3.63512194e-06 4.19772678e-06 1.78203933e-16 8.22248951e-01 2.79990105e-06 5.69127984e-01 7.34359308e-07 5.81654998e-07 5.81654204e-07 2.48915399e-03 2.25775842e-02 2.57577039e-02 1.22279683e-02
5.81081081e-02 -2.92799521e-02 -3.73048558e-03 -3.73048291e-03 9.92461170e+01 1.41838755e+02 1.65198899e+02 1.81382867e+02 4.95549715e-15 4.59544510e-06 3.14275037e-06 1.90667311e-16 8.22491798e-01 2.79266617e-06 5.68776971e-01 7.34359308e-07 5.81654974e-07 5.81654228e-07 2.48915399e-03 2.25841100e-02 2.57577039e-02 1.22134835e-02
5.82582583e-02 -2.92799521e-02 -3.73048468e-03 -3.73048192e-03 9.92461170e+01 1.41773588e+02 1.65198899e+02 1.81414005e+02 4.02101091e-16 4.72499546e-06 2.97149816e-06 5.15184321e-17 8.22734339e-01 2.78546857e-06 5.68426080e-01 7.34359308e-07 5.81654961e-07 5.81654241e-07 2.48915399e-03 2.25906085e-02 2.57577039e-02 1.21990098e-02
5.84084084e-02 -2.92799521e-02 -3.73048486e-03 -3.73048129e-03 9.92461170e+01 1.41708413e+02 1.65198899e+02 1.81445092e+02 5.52841572e-15 3.88405625e-06 4.02868367e-06 3.49974644e-16 8.22976573e-01 2.77830798e-06 5.68075312e-01 7.34359308e-07 5.81655001e-07 5.81654201e-07 2.48915399e-03 2.25970798e-02 2.57577039e-02 1.21845473e-02
5.85585586e-02 -2.92799521e-02 -3.73048552e-03 -3.73048235e-03 9.92461170e+01 1.41643231e+02 1.65198899e+02 1.81476129e+02 8.38837910e-16 3.80134776e-06 4.12639745e-06 1.19741774e-18 8.23218502e-01 2.77118412e-06 5.67724668e-01 7.34359308e-07 5.81655000e-07 5.81654202e-07 2.48915399e-03 2.26035238e-02 2.57577039e-02 1.21700961e-02
5.87087087e-02 -2.92799521e-02 -3.73048511e-03 -3.73048202e-03 9.92461170e+01 1.41578041e+02 1.65198899e+02 1.81507115e+02 3.26781902e-16 4.27042996e-06 3.66093679e-06 8.57168278e-17 8.23460125e-01 2.76409669e-06 5.67374147e-01 7.34359308e-07 5.81654997e-07 5.81654206e-07 2.48915399e-03 2.26099407e-02 2.57577039e-02 1.21556561e-02
5.88588589e-02 -2.92799521e-02 -3.73048533e-03 -3.73048218e-03 9.92461170e+01 1.41512843e+02 1.65198899e+02 1.81538051e+02 2.93246267e-15 4.21567306e-06 3.74555393e-06 6.05178469e-17 8.23701442e-01 2.75704542e-06 5.67023752e-01 7.34359308e-07 5.81654999e-07 5.81654204e-07 2.48915399e-03 2.26163303e-02 2.57577039e-02 1.21412273e-02
5.90090090e-02 -2.92799521e-02 -3.73048598e-03 -3.73048336e-03 9.92461170e+01 1.41447638e+02 1.65198899e+02 1.81568935e+02 2.21068190e-15 4.66273528e-06 3.19725361e-06 6.31090380e-17 8.23942453e-01 2.75003004e-06 5.66673481e-01 7.34359308e-07 5.81654974e-07 5.81654228e-07 2.48915399e-03 2.26226928e-02 2.57577039e-02 1.21268099e-02
5.91591592e-02 -2.92799521e-02 -3.73048562e-03 -3.73048198e-03 9.92461170e+01 1.41382425e+02 1.65198899e+02 1.81599770e+02 1.15603246e-14 3.49180414e-06 4.46471791e-06 3.29879417e-16 8.24183158e-01 2.74305027e-06 5.66323337e-01 7.34359308e-07 5.81654990e-07 5.81654212e-07 2.48915399e-03 2.26290280e-02 2.57577039e-02 1.21124038e-02
5.93093093e-02 -2.92799521e-02 -3.73048576e-03 -3.73048323e-03 9.92461170e+01 1.41317205e+02 1.65198899e+02 1.81630554e+02 7.34807296e-15 2.51220438e-06 5.09691245e-06 2.16502265e-16 8.24423558e-01 2.73610584e-06 5.65973318e-01 7.34359308e-07 5.81654920e-07 5.81654282e-07 2.48915399e-03 2.26353360e-02 2.57577039e-02 1.20980091e-02
5.94594595e-02 -2.92799521e-02 -3.73048515e-03 -3.73048189e-03 9.92461170e+01 1.41251979e+02 1.65198899e+02 1.81661287e+02 2.66086562e-15 3.04902003e-06 4.81215785e-06 9.08828613e-17 8.24663652e-01 2.72919648e-06 5.65623427e-01 7.34359308e-07 5.81654964e-07 5.81654238e-07 2.48915399e-03 2.26416169e-02 2.57577039e-02 1.20836258e-02
5.96096096e-02 -2.92799521e-02 -3.73048489e-03 -3.73048167e-03 9.92461170e+01 1.41186745e+02 1.65198899e+02 1.81691971e+02 1.37929588e-15 3.40934816e-06 4.58190402e-06 5.70331631e-17 8.24903441e-01 2.72232193e-06 5.65273662e-01 7.34359308e-07 5.81654985e-07 5.81654217e-07 2.48915399e-03 2.26478705e-02 2.57577039e-02 1.20692539e-02
5.97597598e-02 -2.92799521e-02 -3.73048541e-03 -3.73048272e-03 9.92461170e+01 1.41121505e+02 1.65198899e+02 1.81722603e+02 1.59388115e-15 3.43981578e-06 4.57708352e-06 4.90218995e-17 8.25142924e-01 2.71548192e-06 5.64924026e-01 7.34359308e-07 5.81654986e-07 5.81654216e-07 2.48915399e-03 2.26540970e-02 2.57577039e-02 1.20548934e-02
5.99099099e-02 -2.92799521e-02 -3.73048468e-03 -3.73048195e-03 9.92461170e+01 1.41056258e+02 1.65198899e+02 1.81753186e+02 3.57242048e-15 3.81624260e-06 4.28757033e-06 1.68921746e-16 8.25382101e-01 2.70867620e-06 5.64574518e-01 7.34359308e-07 5.81654999e-07 5.81654203e-07 2.48915399e-03 2.26602963e-02 2.57577039e-02 1.20405444e-02
6.00600601e-02 -2.92799521e-02 -3.73048472e-03 -3.73048153e-03 9.92461170e+01 1.40991004e+02 1.65198899e+02 1.81783719e+02 1.31972305e-15 3.46639535e-06 4.59308446e-06 1.61913171e-16 8.25620974e-01 2.70190451e-06 5.64225139e-01 7.34359308e-07 5.81654987e-07 5.81654215e-07 2.48915399e-03 2.26664684e-02 2.57577039e-02 1.20262069e-02
6.02102102e-02 -2.92799521e-02 -3.73048484e-03 -3.73048139e-03 9.92461170e+01 1.40925744e+02 1.65198899e+02 1.81814201e+02 8.74311335e-15 3.98844219e-06 4.16778346e-06 3.17401304e-16 8.25859540e-01 2.69516660e-06 5.63875890e-01 7.34359308e-07 5.81655001e-07 5.81654201e-07 2.48915399e-03 2.26726133e-02 2.57577039e-02 1.20118810e-02
6.03603604e-02 -2.92799521e-02 -3.73048579e-03 -3.73048247e-03 9.92461170e+01 1.40860478e+02 1.65198899e+02 1.81844633e+02 5.05201673e-15 4.30544960e-06 3.86100717e-06 1.72180363e-16 8.26097802e-01 2.68846220e-06 5.63526771e-01 7.34359308e-07 5.81654999e-07 5.81654203e-07 2.48915399e-03 2.26787311e-02 2.57577039e-02 1.19975665e-02
6.05105105e-02 -2.92799521e-02 -3.73048588e-03 -3.73048386e-03 9.92461170e+01 1.40795206e+02 1.65198899e+02 1.81875016e+02 1.87682813e-15 5.28552941e-06 2.38202600e-06 2.07658594e-16 8.26335759e-01 2.68179108e-06 5.63177782e-01 7.34359308e-07 5.81654900e-07 5.81654302e-07 2.48915399e-03 2.26848217e-02 2.57577039e-02 1.19832637e-02
6.06606607e-02 -2.92799521e-02 -3.73048564e-03 -3.73048239e-03 9.92461170e+01 1.40729927e+02 1.65198899e+02 1.81905348e+02 1.53947684e-15 4.27152065e-06 3.94106465e-06 5.42156634e-17 8.26573410e-01 2.67515299e-06 5.62828924e-01 7.34359308e-07 5.81655000e-07 5.81654202e-07 2.48915399e-03 2.26908852e-02 2.57577039e-02 1.19689725e-02
6.08108108e-02 -2.92799521e-02 -3.73048534e-03 -3.73048290e-03 9.92461170e+01 1.40664643e+02 1.65198899e+02 1.81935630e+02 8.08338023e-15 4.45257269e-06 3.75764552e-06 2.77977116e-16 8.26810756e-01 2.66854767e-06 5.62480198e-01 7.34359308e-07 5.81654996e-07 5.81654207e-07 2.48915399e-03 2.26969216e-02 2.57577039e-02 1.19546929e-02
6.09609610e-02 -2.92799521e-02 -3.73048461e-03 -3.73048131e-03 9.92461170e+01 1.40599353e+02 1.65198899e+02 1.81965863e+02 3.52103842e-15 4.01951858e-06 4.23752426e-06 1.91929669e-16 8.27047797e-01 2.66197489e-06 5.62131605e-01 7.34359308e-07 5.81655001e-07 5.81654201e-07 2.48915399e-03 2.27029308e-02 2.57577039e-02 1.19404249e-02
6.11111111e-02 -2.92799521e-02 -3.73048466e-03 -3.73048203e-03 9.92461170e+01 1.40534057e+02 1.65198899e+02 1.81996046e+02 3.41057851e-16 3.78148022e-06 4.47010076e-06 1.55171048e-16 8.27284534e-01 2.65543441e-06 5.61783143e-01 7.34359308e-07 5.81654996e-07 5.81654206e-07 2.48915399e-03 2.27089129e-02 2.57577039e-02 1.19261686e-02
6.12612613e-02 -2.92799521e-02 -3.73048564e-03 -3.73048241e-03 9.92461170e+01 1.40468756e+02 1.65198899e+02 1.82026179e+02 4.57004908e-15 4.55671859e-06 3.69951011e-06 2.41572417e-16 8.27520965e-01 2.64892599e-06 5.61434816e-01 7.34359308e-07 5.81654993e-07 5.81654209e-07 2.48915399e-03 2.27148679e-02 2.57577039e-02 1.19119241e-02
6.14114114e-02 -2.92799521e-02 -3.73048577e-03 -3.73048299e-03 9.92461170e+01 1.40403450e+02 1.65198899e+02 1.82056262e+02 4.24965958e-15 3.31310402e-06 4.86235343e-06 1.41003663e-16 8.27757092e-01 2.64244940e-06 5.61086621e-01 7.34359308e-07 5.81654974e-07 5.81654228e-07 2.48915399e-03 2.27207958e-02 2.57577039e-02 1.18976912e-02
6.15615616e-02 -2.92799521e-02 -3.73048576e-03 -3.73048293e-03 9.92461170e+01 1.40338138e+02 1.65198899e+02 1.82086296e+02 2.23682664e-15 3.99888861e-06 4.33561100e-06 1.66659065e-17 8.27992914e-01 2.63600440e-06 5.60738561e-01 7.34359308e-07 5.81655000e-07 5.81654202e-07 2.48915399e-03 2.27266966e-02 2.57577039e-02 1.18834702e-02
6.17117117e-02 -2.92799521e-02 -3.73048527e-03 -3.73048183e-03 9.92461170e+01 1.40272821e+02 1.65198899e+02 1.82116280e+02 1.07322489e-15 3.07835418e-06 5.04799722e-06 2.22522579e-17 8.28228431e-01 2.62959077e-06 5.60390636e-01 7.34359308e-07 5.81654958e-07 5.81654244e-07 2.48915399e-03 2.27325703e-02 2.57577039e-02 1.18692609e-02
6.18618619e-02 -2.92799521e-02 -3.73048535e-03 -3.73048199e-03 9.92461170e+01 1.40207499e+02 1.65198899e+02 1.82146215e+02 3.15826089e-15 3.94942186e-06 4.41938106e-06 2.99828458e-17 8.28463644e-01 2.62320827e-06 5.60042847e-01 7.34359308e-07 5.81654999e-07 5.81654203e-07 2.48915399e-03 2.27384169e-02 2.57577039e-02 1.18550634e-02
6.20120120e-02 -2.92799521e-02 -3.73048541e-03 -3.73048239e-03 9.92461170e+01 1.40142173e+02 1.65198899e+02 1.82176100e+02 2.40275475e-15 5.03843024e-06 3.14862162e-06 1.05582387e-16 8.28698553e-01 2.61685667e-06 5.59695192e-01 7.34359308e-07 5.81654960e-07 5.81654242e-07 2.48915399e-03 2.27442364e-02 2.57577039e-02 1.18408777e-02
6.21621622e-02 -2.92799522e-02 -3.73048586e-03 -3.73048325e-03 9.92461170e+01 1.40076841e+02 1.65198899e+02 1.82205936e+02 8.06206591e-15 4.92059594e-06 3.35536618e-06 1.76019051e-16 8.28933157e-01 2.61053576e-06 5.59347675e-01 7.34359308e-07 5.81654973e-07 5.81654229e-07 2.48915399e-03 2.27500289e-02 2.57577039e-02 1.18267039e-02
6.23123123e-02 -2.92799521e-02 -3.73048526e-03 -3.73048311e-03 9.92461170e+01 1.40011505e+02 1.65198899e+02 1.82235722e+02 9.90696916e-15 5.09535093e-06 3.11122303e-06 3.23171690e-16 8.29167457e-01 2.60424532e-06 5.59000294e-01 7.34359308e-07 5.81654956e-07 5.81654246e-07 2.48915399e-03 2.27557943e-02 2.57577039e-02 1.18125420e-02
6.24624625e-02 -2.92799521e-02 -3.73048524e-03 -3.73048142e-03 9.92461170e+01 1.39946165e+02 1.65198899e+02 1.82265459e+02 4.68459433e-15 4.89810957e-06 3.43843127e-06 1.84633136e-16 8.29401452e-01 2.59798511e-06 5.58653050e-01 7.34359308e-07 5.81654977e-07 5.81654225e-07 2.48915399e-03 2.27615327e-02 2.57577039e-02 1.17983920e-02
6.26126126e-02 -2.92799521e-02 -3.73048566e-03 -3.73048343e-03 9.92461170e+01 1.39880820e+02 1.65198899e+02 1.82295147e+02 1.98601232e-15 4.71182710e-06 3.71286458e-06 9.61482696e-17 8.29635144e-01 2.59175493e-06 5.58305945e-01 7.34359308e-07 5.81654990e-07 5.81654212e-07 2.48915399e-03 2.27672440e-02 2.57577039e-02 1.17842539e-02
6.27627628e-02 -2.92799521e-02 -3.73048527e-03 -3.73048232e-03 9.92461170e+01 1.39815471e+02 1.65198899e+02 1.82324786e+02 4.65594676e-15 5.52094431e-06 2.38299326e-06 2.47279242e-16 8.29868532e-01 2.58555456e-06 5.57958977e-01 7.34359308e-07 5.81654891e-07 5.81654311e-07 2.48915399e-03 2.27729283e-02 2.57577039e-02 1.17701278e-02
6.29129129e-02 -2.92799521e-02 -3.73048546e-03 -3.73048317e-03 9.92461170e+01 1.39750118e+02 1.65198899e+02 1.82354375e+02 1.03112362e-15 5.15822499e-06 3.11856005e-06 1.13072631e-16 8.30101615e-01 2.57938378e-06 5.57612149e-01 7.34359308e-07 5.81654955e-07 5.81654247e-07 2.48915399e-03 2.27785856e-02 2.57577039e-02 1.17560136e-02
6.30630631e-02 -2.92799521e-02 -3.73048502e-03 -3.73048266e-03 9.92461170e+01 1.39684761e+02 1.65198899e+02 1.82383916e+02 5.69774344e-15 3.97482863e-06 4.55050238e-06 3.51261368e-16 8.30334395e-01 2.57324239e-06 5.57265460e-01 7.34359308e-07 5.81654998e-07 5.81654204e-07 2.48915399e-03 2.27842159e-02 2.57577039e-02 1.17419115e-02
6.32132132e-02 -2.92799521e-02 -3.73048519e-03 -3.73048282e-03 9.92461170e+01 1.39619400e+02 1.65198899e+02 1.82413407e+02 3.07077892e-15 4.47517541e-06 4.08083156e-06 1.11179921e-16 8.30566871e-01 2.56713018e-06 5.56918910e-01 7.34359308e-07 5.81655000e-07 5.81654202e-07 2.48915399e-03 2.27898192e-02 2.57577039e-02 1.17278213e-02
6.33633634e-02 -2.92799521e-02 -3.73048550e-03 -3.73048236e-03 9.92461170e+01 1.39554035e+02 1.65198899e+02 1.82442850e+02 8.66542354e-16 4.21074841e-06 4.37314984e-06 6.41647229e-17 8.30799043e-01 2.56104693e-06 5.56572501e-01 7.34359308e-07 5.81655001e-07 5.81654201e-07 2.48915399e-03 2.27953956e-02 2.57577039e-02 1.17137432e-02
6.35135135e-02 -2.92799521e-02 -3.73048536e-03 -3.73048188e-03 9.92461170e+01 1.39488667e+02 1.65198899e+02 1.82472243e+02 2.56425055e-16 4.29775597e-06 4.30801692e-06 1.44575048e-17 8.31030912e-01 2.55499245e-06 5.56226233e-01 7.34359308e-07 5.81655001e-07 5.81654201e-07 2.48915399e-03 2.28009449e-02 2.57577039e-02 1.16996772e-02
6.36636637e-02 -2.92799521e-02 -3.73048502e-03 -3.73048243e-03 9.92461170e+01 1.39423295e+02 1.65198899e+02 1.82501588e+02 4.14598299e-15 4.87521803e-06 3.66568597e-06 1.75726679e-16 8.31262478e-01 2.54896652e-06 5.55880107e-01 7.34359308e-07 5.81654985e-07 5.81654217e-07 2.48915399e-03 2.28064673e-02 2.57577039e-02 1.16856232e-02
6.38138138e-02 -2.92799521e-02 -3.73048478e-03 -3.73048211e-03 9.92461170e+01 1.39357920e+02 1.65198899e+02 1.82530884e+02 6.60859623e-16 4.08829807e-06 4.54604506e-06 3.23060599e-17 8.31493740e-01 2.54296896e-06 5.55534122e-01 7.34359308e-07 5.81654999e-07 5.81654203e-07 2.48915399e-03 2.28119627e-02 2.57577039e-02 1.16715814e-02
6.39639640e-02 -2.92799521e-02 -3.73048547e-03 -3.73048339e-03 9.92461170e+01 1.39292542e+02 1.65198899e+02 1.82560131e+02 7.88843900e-15 3.82554899e-06 4.78769233e-06 2.67904935e-16 8.31724699e-01 2.53699954e-06 5.55188279e-01 7.34359308e-07 5.81654992e-07 5.81654210e-07 2.48915399e-03 2.28174312e-02 2.57577039e-02 1.16575517e-02
6.41141141e-02 -2.92799521e-02 -3.73048436e-03 -3.73048023e-03 9.92461170e+01 1.39227160e+02 1.65198899e+02 1.82589330e+02 5.20966164e-15 3.23896337e-06 5.21943189e-06 1.62522682e-16 8.31955354e-01 2.53105809e-06 5.54842580e-01 7.34359308e-07 5.81654961e-07 5.81654241e-07 2.48915399e-03 2.28228728e-02 2.57577039e-02 1.16435342e-02
6.42642643e-02 -2.92799521e-02 -3.73048506e-03 -3.73048172e-03 9.92461170e+01 1.39161776e+02 1.65198899e+02 1.82618480e+02 3.60453574e-15 5.04289086e-06 3.53264048e-06 4.71819035e-17 8.32185707e-01 2.52514441e-06 5.54497023e-01 7.34359308e-07 5.81654977e-07 5.81654225e-07 2.48915399e-03 2.28282874e-02 2.57577039e-02 1.16295288e-02
6.44144144e-02 -2.92799521e-02 -3.73048480e-03 -3.73048129e-03 9.92461170e+01 1.39096389e+02 1.65198899e+02 1.82647581e+02 5.04926526e-15 4.37358599e-06 4.35423936e-06 2.32394216e-16 8.32415757e-01 2.51925829e-06 5.54151611e-01 7.34359308e-07 5.81655001e-07 5.81654201e-07 2.48915399e-03 2.28336752e-02 2.57577039e-02 1.16155357e-02
6.45645646e-02 -2.92799521e-02 -3.73048533e-03 -3.73048314e-03 9.92461170e+01 1.39030999e+02 1.65198899e+02 1.82676634e+02 3.10198138e-15 4.17983436e-06 4.56008896e-06 1.17183460e-16 8.32645504e-01 2.51339955e-06 5.53806342e-01 7.34359308e-07 5.81655000e-07 5.81654202e-07 2.48915399e-03 2.28390360e-02 2.57577039e-02 1.16015547e-02
6.47147147e-02 -2.92799521e-02 -3.73048467e-03 -3.73048103e-03 9.92461170e+01 1.38965607e+02 1.65198899e+02 1.82705639e+02 3.41172238e-15 4.14952474e-06 4.60706595e-06 8.62215147e-17 8.32874948e-01 2.50756800e-06 5.53461219e-01 7.34359308e-07 5.81654999e-07 5.81654203e-07 2.48915399e-03 2.28443700e-02 2.57577039e-02 1.15875861e-02
6.48648649e-02 -2.92799521e-02 -3.73048557e-03 -3.73048363e-03 9.92461170e+01 1.38900212e+02 1.65198899e+02 1.82734595e+02 6.15546828e-15 5.08395820e-06 3.57429446e-06 1.59684637e-16 8.33104090e-01 2.50176344e-06 5.53116241e-01 7.34359308e-07 5.81654977e-07 5.81654225e-07 2.48915399e-03 2.28496771e-02 2.57577039e-02 1.15736296e-02
6.50150150e-02 -2.92799521e-02 -3.73048508e-03 -3.73048135e-03 9.92461170e+01 1.38834814e+02 1.65198899e+02 1.82763502e+02 7.37505232e-15 4.27556520e-06 4.52998538e-06 3.82238765e-16 8.33332929e-01 2.49598569e-06 5.52771408e-01 7.34359308e-07 5.81655001e-07 5.81654201e-07 2.48915399e-03 2.28549573e-02 2.57577039e-02 1.15596855e-02
6.51651652e-02 -2.92799521e-02 -3.73048519e-03 -3.73048287e-03 9.92461170e+01 1.38769415e+02 1.65198899e+02 1.82792362e+02 3.87559935e-15 4.35301889e-06 4.47569875e-06 1.61966116e-16 8.33561466e-01 2.49023458e-06 5.52426722e-01 7.34359308e-07 5.81655001e-07 5.81654201e-07 2.48915399e-03 2.28602107e-02 2.57577039e-02 1.15457537e-02
6.53153153e-02 -2.92799521e-02 -3.73048587e-03 -3.73048243e-03 9.92461170e+01 1.38704013e+02 1.65198899e+02 1.82821173e+02 4.03420513e-15 4.70309560e-06 4.12812134e-06 1.04906481e-16 8.33789700e-01 2.48450990e-06 5.52082182e-01 7.34359308e-07 5.81654998e-07 5.81654204e-07 2.48915399e-03 2.28654373e-02 2.57577039e-02 1.15318342e-02
6.54654655e-02 -2.92799521e-02 -3.73048533e-03 -3.73048242e-03 9.92461170e+01 1.38638610e+02 1.65198899e+02 1.82849936e+02 7.69491761e-16 4.96244845e-06 3.83599461e-06 6.74986027e-18 8.34017632e-01 2.47881148e-06 5.51737790e-01 7.34359308e-07 5.81654988e-07 5.81654214e-07 2.48915399e-03 2.28706371e-02 2.57577039e-02 1.15179270e-02
6.56156156e-02 -2.92799521e-02 -3.73048492e-03 -3.73048177e-03 9.92461170e+01 1.38573204e+02 1.65198899e+02 1.82878651e+02 6.47584445e-15 4.26630021e-06 4.61736948e-06 2.35294804e-16 8.34245263e-01 2.47313914e-06 5.51393545e-01 7.34359308e-07 5.81655000e-07 5.81654202e-07 2.48915399e-03 2.28758101e-02 2.57577039e-02 1.15040323e-02
6.57657658e-02 -2.92799521e-02 -3.73048523e-03 -3.73048267e-03 9.92461170e+01 1.38507797e+02 1.65198899e+02 1.82907318e+02 8.09932909e-18 3.65873593e-06 5.12992717e-06 1.73532428e-16 8.34472591e-01 2.46749271e-06 5.51049448e-01 7.34359308e-07 5.81654980e-07 5.81654222e-07 2.48915399e-03 2.28809563e-02 2.57577039e-02 1.14901499e-02
6.59159159e-02 -2.92799521e-02 -3.73048450e-03 -3.73048264e-03 9.92461170e+01 1.38442389e+02 1.65198899e+02 1.82935937e+02 9.73202587e-16 4.72749476e-06 4.18745645e-06 8.63068542e-18 8.34699618e-01 2.46187199e-06 5.50705500e-01 7.34359308e-07 5.81654998e-07 5.81654204e-07 2.48915399e-03 2.28860757e-02 2.57577039e-02 1.14762799e-02
6.60660661e-02 -2.92799521e-02 -3.73048480e-03 -3.73048193e-03 9.92461170e+01 1.38376979e+02 1.65198899e+02 1.82964508e+02 6.96419544e-15 3.41211275e-06 5.33135965e-06 2.24109363e-16 8.34926343e-01 2.45627683e-06 5.50361701e-01 7.34359308e-07 5.81654965e-07 5.81654237e-07 2.48915399e-03 2.28911683e-02 2.57577039e-02 1.14624224e-02
6.62162162e-02 -2.92799521e-02 -3.73048545e-03 -3.73048216e-03 9.92461170e+01 1.38311567e+02 1.65198899e+02 1.82993031e+02 5.01232963e-15 5.02019982e-06 3.87889515e-06 1.07386916e-16 8.35152766e-01 2.45070704e-06 5.50018051e-01 7.34359308e-07 5.81654988e-07 5.81654214e-07 2.48915399e-03 2.28962342e-02 2.57577039e-02 1.14485773e-02
6.63663664e-02 -2.92799521e-02 -3.73048524e-03 -3.73048165e-03 9.92461170e+01 1.38246154e+02 1.65198899e+02 1.83021506e+02 2.99884955e-15 5.06083714e-06 3.84953243e-06 8.11209657e-17 8.35378888e-01 2.44516246e-06 5.49674552e-01 7.34359308e-07 5.81654986e-07 5.81654216e-07 2.48915399e-03 2.29012734e-02 2.57577039e-02 1.14347447e-02
6.65165165e-02 -2.92799521e-02 -3.73048507e-03 -3.73048280e-03 9.92461170e+01 1.38180741e+02 1.65198899e+02 1.83049934e+02 7.44097000e-15 4.36794470e-06 4.64060169e-06 3.25355503e-16 8.35604709e-01 2.43964290e-06 5.49331203e-01 7.34359308e-07 5.81655001e-07 5.81654201e-07 2.48915399e-03 2.29062859e-02 2.57577039e-02 1.14209246e-02
6.66666667e-02 -2.92799521e-02 -3.73048621e-03 -3.73048249e-03 9.92461170e+01 1.38115326e+02 1.65198899e+02 1.83078314e+02 2.62053629e-15 5.30943771e-06 3.55071298e-06 1.64782303e-16 8.35830229e-01 2.43414821e-06 5.48988004e-01 7.34359308e-07 5.81654970e-07 5.81654232e-07 2.48915399e-03 2.29112716e-02 2.57577039e-02 1.14071169e-02
6.68168168e-02 -2.92799521e-02 -3.73048583e-03 -3.73048339e-03 9.92461170e+01 1.38049910e+02 1.65198899e+02 1.83106646e+02 1.60202284e-15 5.64684393e-06 3.01576282e-06 1.28199375e-16 8.36055447e-01 2.42867822e-06 5.48644957e-01 7.34359308e-07 5.81654933e-07 5.81654269e-07 2.48915399e-03 2.29162307e-02 2.57577039e-02 1.13933219e-02
6.69669670e-02 -2.92799521e-02 -3.73048511e-03 -3.73048221e-03 9.92461170e+01 1.37984494e+02 1.65198899e+02 1.83134931e+02 3.42921012e-15 2.83990698e-06 5.75334636e-06 1.68688627e-16 8.36280365e-01 2.42323275e-06 5.48302062e-01 7.34359308e-07 5.81654920e-07 5.81654282e-07 2.48915399e-03 2.29211631e-02 2.57577039e-02 1.13795393e-02
6.71171171e-02 -2.92799521e-02 -3.73048461e-03 -3.73048165e-03 9.92461170e+01 1.37919077e+02 1.65198899e+02 1.83163168e+02 1.02089271e-14 4.26699158e-06 4.81078549e-06 3.46606255e-16 8.36504982e-01 2.41781165e-06 5.47959319e-01 7.34359308e-07 5.81654999e-07 5.81654203e-07 2.48915399e-03 2.29260689e-02 2.57577039e-02 1.13657694e-02
6.72672673e-02 -2.92799521e-02 -3.73048538e-03 -3.73048280e-03 9.92461170e+01 1.37853659e+02 1.65198899e+02 1.83191357e+02 4.92768538e-15 4.87581809e-06 4.21455740e-06 1.75807062e-16 8.36729298e-01 2.41241475e-06 5.47616729e-01 7.34359308e-07 5.81654997e-07 5.81654205e-07 2.48915399e-03 2.29309480e-02 2.57577039e-02 1.13520120e-02
6.74174174e-02 -2.92799521e-02 -3.73048469e-03 -3.73048189e-03 9.92461170e+01 1.37788242e+02 1.65198899e+02 1.83219500e+02 4.43783943e-16 3.84272944e-06 5.19183615e-06 2.54371227e-17 8.36953314e-01 2.40704188e-06 5.47274292e-01 7.34359308e-07 5.81654985e-07 5.81654217e-07 2.48915399e-03 2.29358005e-02 2.57577039e-02 1.13382672e-02
6.75675676e-02 -2.92799521e-02 -3.73048553e-03 -3.73048276e-03 9.92461170e+01 1.37722824e+02 1.65198899e+02 1.83247594e+02 1.67072284e-15 5.18180433e-06 3.88029456e-06 6.13154192e-17 8.37177029e-01 2.40169290e-06 5.46932009e-01 7.34359308e-07 5.81654985e-07 5.81654217e-07 2.48915399e-03 2.29406264e-02 2.57577039e-02 1.13245351e-02
6.77177177e-02 -2.92799521e-02 -3.73048510e-03 -3.73048248e-03 9.92461170e+01 1.37657405e+02 1.65198899e+02 1.83275642e+02 5.02490135e-15 4.72626249e-06 4.44484967e-06 2.18046998e-16 8.37400444e-01 2.39636764e-06 5.46589879e-01 7.34359308e-07 5.81655001e-07 5.81654201e-07 2.48915399e-03 2.29454257e-02 2.57577039e-02 1.13108156e-02
6.78678679e-02 -2.92799521e-02 -3.73048577e-03 -3.73048221e-03 9.92461170e+01 1.37591987e+02 1.65198899e+02 1.83303642e+02 2.98424381e-15 3.52018983e-06 5.46711871e-06 2.08343466e-16 8.37623559e-01 2.39106594e-06 5.46247905e-01 7.34359308e-07 5.81654966e-07 5.81654236e-07 2.48915399e-03 2.29501984e-02 2.57577039e-02 1.12971087e-02
6.80180180e-02 -2.92799521e-02 -3.73048573e-03 -3.73048245e-03 9.92461170e+01 1.37526569e+02 1.65198899e+02 1.83331596e+02 1.43025798e-15 5.65858868e-06 3.23245869e-06 1.46949997e-16 8.37846374e-01 2.38578765e-06 5.45906085e-01 7.34359308e-07 5.81654945e-07 5.81654257e-07 2.48915399e-03 2.29549445e-02 2.57577039e-02 1.12834145e-02
6.81681682e-02 -2.92799521e-02 -3.73048538e-03 -3.73048242e-03 9.92461170e+01 1.37461151e+02 1.65198899e+02 1.83359502e+02 2.12787150e-15 5.49414512e-06 3.53135808e-06 9.33573613e-17 8.38068889e-01 2.38053261e-06 5.45564420e-01 7.34359308e-07 5.81654965e-07 5.81654237e-07 2.48915399e-03 2.29596642e-02 2.57577039e-02 1.12697331e-02
6.83183183e-02 -2.92799521e-02 -3.73048506e-03 -3.73048201e-03 9.92461170e+01 1.37395734e+02 1.65198899e+02 1.83387361e+02 4.88265053e-15 4.84333330e-06 4.40299470e-06 1.18278153e-16 8.38291105e-01 2.37530067e-06 5.45222912e-01 7.34359308e-07 5.81655000e-07 5.81654203e-07 2.48915399e-03 2.29643573e-02 2.57577039e-02 1.12560643e-02
6.84684685e-02 -2.92799521e-02 -3.73048563e-03 -3.73048277e-03 9.92461170e+01 1.37330317e+02 1.65198899e+02 1.83415173e+02 2.33575229e-16 5.40211393e-06 3.72155051e-06 7.75903811e-17 8.38513021e-01 2.37009168e-06 5.44881560e-01 7.34359308e-07 5.81654975e-07 5.81654227e-07 2.48915399e-03 2.29690239e-02 2.57577039e-02 1.12424083e-02
6.86186186e-02 -2.92799521e-02 -3.73048526e-03 -3.73048327e-03 9.92461170e+01 1.37264901e+02 1.65198899e+02 1.83442938e+02 8.39817860e-15 5.93459461e-06 2.82883494e-06 1.79519576e-16 8.38734637e-01 2.36490548e-06 5.44540364e-01 7.34359308e-07 5.81654911e-07 5.81654291e-07 2.48915399e-03 2.29736640e-02 2.57577039e-02 1.12287650e-02
6.87687688e-02 -2.92799521e-02 -3.73048472e-03 -3.73048227e-03 9.92461170e+01 1.37199485e+02 1.65198899e+02 1.83470656e+02 2.92777043e-15 4.37814758e-06 4.92370847e-06 1.19902169e-16 8.38955955e-01 2.35974193e-06 5.44199325e-01 7.34359308e-07 5.81654999e-07 5.81654203e-07 2.48915399e-03 2.29782776e-02 2.57577039e-02 1.12151345e-02
6.89189189e-02 -2.92799521e-02 -3.73048655e-03 -3.73048285e-03 9.92461170e+01 1.37134070e+02 1.65198899e+02 1.83498328e+02 4.52499908e-15 5.48381816e-06 3.67812381e-06 9.81105618e-17 8.39176973e-01 2.35460088e-06 5.43858445e-01 7.34359308e-07 5.81654971e-07 5.81654231e-07 2.48915399e-03 2.29828648e-02 2.57577039e-02 1.12015168e-02
6.90690691e-02 -2.92799521e-02 -3.73048560e-03 -3.73048273e-03 9.92461170e+01 1.37068656e+02 1.65198899e+02 1.83525952e+02 7.21027147e-15 4.17670398e-06 5.13285389e-06 3.30672530e-16 8.39397692e-01 2.34948219e-06 5.43517722e-01 7.34359308e-07 5.81654993e-07 5.81654209e-07 2.48915399e-03 2.29874255e-02 2.57577039e-02 1.11879119e-02
6.92192192e-02 -2.92799521e-02 -3.73048475e-03 -3.73048087e-03 9.92461170e+01 1.37003244e+02 1.65198899e+02 1.83553530e+02 3.33123464e-15 3.81490202e-06 5.42477379e-06 2.26526112e-17 8.39618113e-01 2.34438570e-06 5.43177157e-01 7.34359308e-07 5.81654978e-07 5.81654224e-07 2.48915399e-03 2.29919598e-02 2.57577039e-02 1.11743198e-02
6.93693694e-02 -2.92799521e-02 -3.73048524e-03 -3.73048214e-03 9.92461170e+01 1.36937832e+02 1.65198899e+02 1.83581062e+02 2.32385139e-15 5.03451042e-06 4.33893646e-06 7.13292576e-17 8.39838235e-01 2.33931127e-06 5.42836752e-01 7.34359308e-07 5.81654997e-07 5.81654205e-07 2.48915399e-03 2.29964677e-02 2.57577039e-02 1.11607405e-02
6.95195195e-02 -2.92799521e-02 -3.73048500e-03 -3.73048168e-03 9.92461170e+01 1.36872422e+02 1.65198899e+02 1.83608546e+02 6.03707862e-15 3.81067652e-06 5.46286004e-06 3.28689270e-16 8.40058058e-01 2.33425876e-06 5.42496506e-01 7.34359308e-07 5.81654977e-07 5.81654225e-07 2.48915399e-03 2.30009493e-02 2.57577039e-02 1.11471741e-02
6.96696697e-02 -2.92799521e-02 -3.73048555e-03 -3.73048187e-03 9.92461170e+01 1.36807013e+02 1.65198899e+02 1.83635985e+02 1.43056977e-15 4.28530511e-06 5.11782180e-06 5.05492486e-17 8.40277583e-01 2.32922803e-06 5.42156419e-01 7.34359308e-07 5.81654996e-07 5.81654206e-07 2.48915399e-03 2.30054045e-02 2.57577039e-02 1.11336206e-02
6.98198198e-02 -2.92799521e-02 -3.73048541e-03 -3.73048231e-03 9.92461170e+01 1.36741606e+02 1.65198899e+02 1.83663376e+02 5.68873511e-16 5.80657088e-06 3.32143537e-06 5.69368087e-17 8.40496810e-01 2.32421894e-06 5.41816493e-01 7.34359308e-07 5.81654945e-07 5.81654257e-07 2.48915399e-03 2.30098333e-02 2.57577039e-02 1.11200799e-02
6.99699700e-02 -2.92799521e-02 -3.73048620e-03 -3.73048244e-03 9.92461170e+01 1.36676201e+02 1.65198899e+02 1.83690722e+02 5.16021573e-15 6.07141811e-06 2.84231469e-06 1.63910655e-16 8.40715739e-01 2.31923134e-06 5.41476727e-01 7.34359308e-07 5.81654907e-07 5.81654295e-07 2.48915399e-03 2.30142358e-02 2.57577039e-02 1.11065521e-02
7.01201201e-02 -2.92799521e-02 -3.73048579e-03 -3.73048224e-03 9.92461170e+01 1.36610797e+02 1.65198899e+02 1.83718021e+02 2.21470842e-15 4.61165950e-06 4.88534067e-06 5.71911616e-17 8.40934370e-01 2.31426511e-06 5.41137122e-01 7.34359308e-07 5.81655001e-07 5.81654201e-07 2.48915399e-03 2.30186120e-02 2.57577039e-02 1.10930373e-02
7.02702703e-02 -2.92799521e-02 -3.73048470e-03 -3.73048180e-03 9.92461170e+01 1.36545395e+02 1.65198899e+02 1.83745274e+02 4.01557467e-15 4.21324958e-06 5.25128412e-06 9.48241383e-17 8.41152703e-01 2.30932010e-06 5.40797679e-01 7.34359308e-07 5.81654992e-07 5.81654210e-07 2.48915399e-03 2.30229619e-02 2.57577039e-02 1.10795354e-02
7.04204204e-02 -2.92799521e-02 -3.73048442e-03 -3.73048214e-03 9.92461170e+01 1.36479996e+02 1.65198899e+02 1.83772480e+02 5.00603893e-15 3.73661500e-06 5.61774682e-06 1.58396111e-16 8.41370739e-01 2.30439617e-06 5.40458398e-01 7.34359308e-07 5.81654971e-07 5.81654231e-07 2.48915399e-03 2.30272855e-02 2.57577039e-02 1.10660464e-02
7.05705706e-02 -2.92799521e-02 -3.73048551e-03 -3.73048246e-03 9.92461170e+01 1.36414598e+02 1.65198899e+02 1.83799641e+02 8.73723618e-15 3.71143244e-06 5.65163412e-06 2.48159936e-16 8.41588477e-01 2.29949320e-06 5.40119278e-01 7.34359308e-07 5.81654969e-07 5.81654233e-07 2.48915399e-03 2.30315829e-02 2.57577039e-02 1.10525704e-02
7.07207207e-02 -2.92799521e-02 -3.73048538e-03 -3.73048348e-03 9.92461170e+01 1.36349203e+02 1.65198899e+02 1.83826755e+02 3.63760739e-15 4.83324897e-06 4.74869931e-06 2.07081216e-16 8.41805918e-01 2.29461105e-06 5.39780322e-01 7.34359308e-07 5.81655001e-07 5.81654201e-07 2.48915399e-03 2.30358541e-02 2.57577039e-02 1.10391074e-02
7.08708709e-02 -2.92799521e-02 -3.73048549e-03 -3.73048253e-03 9.92461170e+01 1.36283810e+02 1.65198899e+02 1.83853823e+02 3.66319884e-15 5.18504245e-06 4.38416826e-06 1.17186233e-16 8.42023062e-01 2.28974959e-06 5.39441528e-01 7.34359308e-07 5.81654996e-07 5.81654206e-07 2.48915399e-03 2.30400990e-02 2.57577039e-02 1.10256574e-02
7.10210210e-02 -2.92799521e-02 -3.73048488e-03 -3.73048137e-03 9.92461170e+01 1.36218419e+02 1.65198899e+02 1.83880846e+02 1.04634379e-14 4.72833898e-06 4.89325829e-06 3.20790724e-16 8.42239909e-01 2.28490868e-06 5.39102898e-01 7.34359308e-07 5.81655001e-07 5.81654201e-07 2.48915399e-03 2.30443178e-02 2.57577039e-02 1.10122203e-02
7.11711712e-02 -2.92799521e-02 -3.73048464e-03 -3.73048204e-03 9.92461170e+01 1.36153032e+02 1.65198899e+02 1.83907822e+02 9.86168640e-15 4.39326314e-06 5.21501569e-06 4.55444555e-16 8.42456460e-01 2.28008820e-06 5.38764432e-01 7.34359308e-07 5.81654996e-07 5.81654206e-07 2.48915399e-03 2.30485104e-02 2.57577039e-02 1.09987963e-02
7.13213213e-02 -2.92799521e-02 -3.73048592e-03 -3.73048301e-03 9.92461170e+01 1.36087647e+02 1.65198899e+02 1.83934752e+02 7.95858057e-16 5.58469529e-06 3.93760406e-06 2.48468612e-17 8.42672714e-01 2.27528801e-06 5.38426130e-01 7.34359308e-07 5.81654978e-07 5.81654224e-07 2.48915399e-03 2.30526768e-02 2.57577039e-02 1.09853854e-02
7.14714715e-02 -2.92799521e-02 -3.73048466e-03 -3.73048166e-03 9.92461170e+01 1.36022265e+02 1.65198899e+02 1.83961637e+02 5.75715014e-15 4.04933975e-06 5.52206539e-06 2.61025830e-16 8.42888671e-01 2.27050800e-06 5.38087993e-01 7.34359308e-07 5.81654983e-07 5.81654219e-07 2.48915399e-03 2.30568171e-02 2.57577039e-02 1.09719875e-02
7.16216216e-02 -2.92799521e-02 -3.73048523e-03 -3.73048252e-03 9.92461170e+01 1.35956885e+02 1.65198899e+02 1.83988476e+02 2.90358882e-15 5.05037716e-06 4.64556502e-06 8.04234337e-17 8.43104332e-01 2.26574802e-06 5.37750021e-01 7.34359308e-07 5.81655000e-07 5.81654202e-07 2.48915399e-03 2.30609314e-02 2.57577039e-02 1.09586026e-02
7.17717718e-02 -2.92799521e-02 -3.73048607e-03 -3.73048311e-03 9.92461170e+01 1.35891509e+02 1.65198899e+02 1.84015269e+02 1.80740988e-16 5.93697808e-06 3.46951210e-06 8.53103238e-18 8.43319697e-01 2.26100796e-06 5.37412215e-01 7.34359308e-07 5.81654949e-07 5.81654253e-07 2.48915399e-03 2.30650195e-02 2.57577039e-02 1.09452309e-02
7.19219219e-02 -2.92799521e-02 -3.73048545e-03 -3.73048310e-03 9.92461170e+01 1.35826137e+02 1.65198899e+02 1.84042017e+02 5.05578921e-15 5.69264580e-06 3.88291899e-06 3.18105720e-16 8.43534766e-01 2.25628769e-06 5.37074574e-01 7.34359308e-07 5.81654973e-07 5.81654229e-07 2.48915399e-03 2.30690815e-02 2.57577039e-02 1.09318722e-02
7.20720721e-02 -2.92799521e-02 -3.73048470e-03 -3.73048184e-03 9.92461170e+01 1.35760767e+02 1.65198899e+02 1.84068719e+02 4.02299414e-15 3.63869160e-06 5.86870228e-06 1.84944148e-16 8.43749540e-01 2.25158710e-06 5.36737100e-01 7.34359308e-07 5.81654961e-07 5.81654242e-07 2.48915399e-03 2.30731175e-02 2.57577039e-02 1.09185267e-02
7.22222222e-02 -2.92799521e-02 -3.73048536e-03 -3.73048277e-03 9.92461170e+01 1.35695401e+02 1.65198899e+02 1.84095376e+02 9.53130791e-15 5.75783464e-06 3.83770298e-06 2.29569739e-16 8.43964018e-01 2.24690604e-06 5.36399792e-01 7.34359308e-07 5.81654970e-07 5.81654232e-07 2.48915399e-03 2.30771275e-02 2.57577039e-02 1.09051943e-02
7.23723724e-02 -2.92799521e-02 -3.73048565e-03 -3.73048269e-03 9.92461170e+01 1.35630039e+02 1.65198899e+02 1.84121987e+02 1.60136409e-15 4.76827497e-06 5.03423008e-06 6.55812877e-17 8.44178200e-01 2.24224441e-06 5.36062651e-01 7.34359308e-07 5.81655001e-07 5.81654201e-07 2.48915399e-03 2.30811115e-02 2.57577039e-02 1.08918750e-02
7.25225225e-02 -2.92799521e-02 -3.73048522e-03 -3.73048265e-03 9.92461170e+01 1.35564680e+02 1.65198899e+02 1.84148553e+02 6.64495501e-15 5.25824380e-06 4.54208097e-06 2.24106542e-16 8.44392088e-01 2.23760208e-06 5.35725678e-01 7.34359308e-07 5.81654997e-07 5.81654205e-07 2.48915399e-03 2.30850695e-02 2.57577039e-02 1.08785688e-02
7.26726727e-02 -2.92799522e-02 -3.73048565e-03 -3.73048374e-03 9.92461170e+01 1.35499325e+02 1.65198899e+02 1.84175073e+02 1.31284092e-15 6.41186873e-06 2.71434881e-06 1.78022798e-16 8.44605680e-01 2.23297894e-06 5.35388873e-01 7.34359308e-07 5.81654887e-07 5.81654315e-07 2.48915399e-03 2.30890015e-02 2.57577039e-02 1.08652759e-02
7.28228228e-02 -2.92799521e-02 -3.73048585e-03 -3.73048247e-03 9.92461170e+01 1.35433974e+02 1.65198899e+02 1.84201548e+02 6.23306786e-15 5.22925960e-06 4.61899670e-06 8.24210559e-17 8.44818977e-01 2.22837486e-06 5.35052236e-01 7.34359308e-07 5.81654998e-07 5.81654204e-07 2.48915399e-03 2.30929076e-02 2.57577039e-02 1.08519961e-02
7.29729730e-02 -2.92799521e-02 -3.73048551e-03 -3.73048234e-03 9.92461170e+01 1.35368627e+02 1.65198899e+02 1.84227978e+02 7.44914120e-15 5.53635596e-06 4.26966036e-06 3.33630948e-16 8.45031980e-01 2.22378972e-06 5.34715768e-01 7.34359308e-07 5.81654988e-07 5.81654214e-07 2.48915399e-03 2.30967878e-02 2.57577039e-02 1.08387295e-02
7.31231231e-02 -2.92799521e-02 -3.73048647e-03 -3.73048321e-03 9.92461170e+01 1.35303284e+02 1.65198899e+02 1.84254363e+02 1.06120784e-14 5.79092020e-06 3.94307550e-06 3.36892245e-16 8.45244689e-01 2.21922342e-06 5.34379468e-01 7.34359308e-07 5.81654973e-07 5.81654229e-07 2.48915399e-03 2.31006421e-02 2.57577039e-02 1.08254761e-02
7.32732733e-02 -2.92799521e-02 -3.73048553e-03 -3.73048201e-03 9.92461170e+01 1.35237945e+02 1.65198899e+02 1.84280703e+02 4.83682380e-15 5.89751445e-06 3.80837272e-06 1.65483062e-17 8.45457103e-01 2.21467583e-06 5.34043339e-01 7.34359308e-07 5.81654965e-07 5.81654237e-07 2.48915399e-03 2.31044706e-02 2.57577039e-02 1.08122359e-02
7.34234234e-02 -2.92799521e-02 -3.73048580e-03 -3.73048248e-03 9.92461170e+01 1.35172611e+02 1.65198899e+02 1.84306998e+02 2.36868940e-15 5.57425234e-06 4.29118660e-06 4.93225270e-17 8.45669223e-01 2.21014684e-06 5.33707379e-01 7.34359308e-07 5.81654988e-07 5.81654214e-07 2.48915399e-03 2.31082731e-02 2.57577039e-02 1.07990090e-02
7.35735736e-02 -2.92799521e-02 -3.73048581e-03 -3.73048331e-03 9.92461170e+01 1.35107281e+02 1.65198899e+02 1.84333248e+02 9.92644580e-16 6.08133268e-06 3.56462766e-06 7.73547602e-17 8.45881049e-01 2.20563634e-06 5.33371589e-01 7.34359308e-07 5.81654950e-07 5.81654252e-07 2.48915399e-03 2.31120499e-02 2.57577039e-02 1.07857953e-02
7.37237237e-02 -2.92799521e-02 -3.73048564e-03 -3.73048292e-03 9.92461170e+01 1.35041956e+02 1.65198899e+02 1.84359453e+02 5.86573257e-15 6.11567378e-06 3.53422292e-06 2.33803147e-16 8.46092581e-01 2.20114421e-06 5.33035969e-01 7.34359308e-07 5.81654947e-07 5.81654255e-07 2.48915399e-03 2.31158008e-02 2.57577039e-02 1.07725948e-02
7.38738739e-02 -2.92799521e-02 -3.73048542e-03 -3.73048264e-03 9.92461170e+01 1.34976635e+02 1.65198899e+02 1.84385613e+02 6.76755039e-16 5.81319980e-06 4.03761555e-06 1.13261576e-16 8.46303820e-01 2.19667034e-06 5.32700521e-01 7.34359308e-07 5.81654976e-07 5.81654226e-07 2.48915399e-03 2.31195260e-02 2.57577039e-02 1.07594076e-02
7.40240240e-02 -2.92799521e-02 -3.73048610e-03 -3.73048306e-03 9.92461170e+01 1.34911320e+02 1.65198899e+02 1.84411728e+02 3.67441273e-15 6.13058709e-06 3.56586328e-06 8.99479390e-17 8.46514765e-01 2.19221462e-06 5.32365244e-01 7.34359308e-07 5.81654948e-07 5.81654254e-07 2.48915399e-03 2.31232254e-02 2.57577039e-02 1.07462337e-02
7.41741742e-02 -2.92799521e-02 -3.73048549e-03 -3.73048274e-03 9.92461170e+01 1.34846009e+02 1.65198899e+02 1.84437799e+02 1.98362788e-15 4.34191532e-06 5.62596765e-06 1.30149253e-16 8.46725417e-01 2.18777694e-06 5.32030138e-01 7.34359308e-07 5.81654989e-07 5.81654213e-07 2.48915399e-03 2.31268991e-02 2.57577039e-02 1.07330731e-02
7.43243243e-02 -2.92799520e-02 -3.73048527e-03 -3.73048300e-03 9.92461170e+01 1.34780703e+02 1.65198899e+02 1.84463825e+02 1.80262575e-15 5.72611269e-06 4.23320797e-06 2.05955285e-16 8.46935776e-01 2.18335718e-06 5.31695205e-01 7.34359308e-07 5.81654983e-07 5.81654219e-07 2.48915399e-03 2.31305471e-02 2.57577039e-02 1.07199258e-02
7.44744745e-02 -2.92799521e-02 -3.73048654e-03 -3.73048341e-03 9.92461170e+01 1.34715403e+02 1.65198899e+02 1.84489807e+02 2.07430535e-15 6.50059392e-06 2.94207144e-06 1.35114196e-16 8.47145842e-01 2.17895525e-06 5.31360444e-01 7.34359308e-07 5.81654901e-07 5.81654301e-07 2.48915399e-03 2.31341694e-02 2.57577039e-02 1.07067919e-02
7.46246246e-02 -2.92799521e-02 -3.73048549e-03 -3.73048286e-03 9.92461170e+01 1.34650108e+02 1.65198899e+02 1.84515743e+02 2.44964217e-15 6.03226625e-06 3.83806890e-06 1.02819535e-16 8.47355616e-01 2.17457104e-06 5.31025856e-01 7.34359308e-07 5.81654963e-07 5.81654239e-07 2.48915399e-03 2.31377660e-02 2.57577039e-02 1.06936712e-02
7.47747748e-02 -2.92799521e-02 -3.73048583e-03 -3.73048287e-03 9.92461170e+01 1.34584818e+02 1.65198899e+02 1.84541636e+02 2.59185713e-15 5.09106663e-06 5.04043320e-06 2.16579938e-16 8.47565097e-01 2.17020443e-06 5.30691441e-01 7.34359308e-07 5.81655001e-07 5.81654201e-07 2.48915399e-03 2.31413370e-02 2.57577039e-02 1.06805639e-02
7.49249249e-02 -2.92799521e-02 -3.73048523e-03 -3.73048312e-03 9.92461170e+01 1.34519533e+02 1.65198899e+02 1.84567484e+02 3.12811534e-15 6.30104216e-06 3.43920413e-06 4.18701419e-17 8.47774286e-01 2.16585532e-06 5.30357200e-01 7.34359308e-07 5.81654937e-07 5.81654265e-07 2.48915399e-03 2.31448824e-02 2.57577039e-02 1.06674699e-02
7.50750751e-02 -2.92799521e-02 -3.73048492e-03 -3.73048287e-03 9.92461170e+01 1.34454255e+02 1.65198899e+02 1.84593288e+02 3.94156889e-16 5.09939110e-06 5.07288999e-06 6.14110718e-17 8.47983184e-01 2.16152361e-06 5.30023132e-01 7.34359308e-07 5.81655001e-07 5.81654201e-07 2.48915399e-03 2.31484022e-02 2.57577039e-02 1.06543893e-02
7.52252252e-02 -2.92799521e-02 -3.73048576e-03 -3.73048300e-03 9.92461170e+01 1.34388982e+02 1.65198899e+02 1.84619047e+02 9.59721582e-15 4.30807330e-06 5.77803304e-06 2.85722854e-16 8.48191789e-01 2.15720919e-06 5.29689239e-01 7.34359308e-07 5.81654985e-07 5.81654217e-07 2.48915399e-03 2.31518964e-02 2.57577039e-02 1.06413221e-02
7.53753754e-02 -2.92799521e-02 -3.73048616e-03 -3.73048259e-03 9.92461170e+01 1.34323715e+02 1.65198899e+02 1.84644762e+02 4.92011827e-15 5.64981386e-06 4.49803708e-06 8.75255316e-17 8.48400102e-01 2.15291196e-06 5.29355520e-01 7.34359308e-07 5.81654991e-07 5.81654211e-07 2.48915399e-03 2.31553651e-02 2.57577039e-02 1.06282682e-02
7.55255255e-02 -2.92799521e-02 -3.73048543e-03 -3.73048226e-03 9.92461170e+01 1.34258454e+02 1.65198899e+02 1.84670433e+02 2.19069541e-15 4.76393875e-06 5.44661442e-06 6.06541996e-17 8.48608124e-01 2.14863182e-06 5.29021976e-01 7.34359308e-07 5.81654998e-07 5.81654204e-07 2.48915399e-03 2.31588083e-02 2.57577039e-02 1.06152277e-02
7.56756757e-02 -2.92799521e-02 -3.73048526e-03 -3.73048257e-03 9.92461170e+01 1.34193198e+02 1.65198899e+02 1.84696060e+02 1.43153486e-15 4.01334159e-06 6.03839474e-06 6.64416814e-17 8.48815855e-01 2.14436866e-06 5.28688608e-01 7.34359308e-07 5.81654971e-07 5.81654231e-07 2.48915399e-03 2.31622259e-02 2.57577039e-02 1.06022007e-02
7.58258258e-02 -2.92799521e-02 -3.73048540e-03 -3.73048232e-03 9.92461170e+01 1.34127950e+02 1.65198899e+02 1.84721643e+02 3.59126388e-15 5.39606852e-06 4.86419375e-06 6.00449326e-17 8.49023295e-01 2.14012239e-06 5.28355415e-01 7.34359308e-07 5.81654999e-07 5.81654203e-07 2.48915399e-03 2.31656181e-02 2.57577039e-02 1.05891870e-02
7.59759760e-02 -2.92799521e-02 -3.73048535e-03 -3.73048260e-03 9.92461170e+01 1.34062707e+02 1.65198899e+02 1.84747182e+02 3.79603031e-15 5.19870194e-06 5.09516074e-06 2.16854297e-16 8.49230444e-01 2.13589290e-06 5.28022398e-01 7.34359308e-07 5.81655001e-07 5.81654201e-07 2.48915399e-03 2.31689849e-02 2.57577039e-02 1.05761868e-02
7.61261261e-02 -2.92799521e-02 -3.73048453e-03 -3.73048209e-03 9.92461170e+01 1.33997471e+02 1.65198899e+02 1.84772677e+02 4.65840273e-15 4.42610406e-06 5.79710359e-06 3.97255213e-17 8.49437302e-01 2.13168009e-06 5.27689558e-01 7.34359308e-07 5.81654988e-07 5.81654214e-07 2.48915399e-03 2.31723263e-02 2.57577039e-02 1.05632001e-02
7.62762763e-02 -2.92799521e-02 -3.73048518e-03 -3.73048220e-03 9.92461170e+01 1.33932241e+02 1.65198899e+02 1.84798128e+02 2.13514500e-15 5.52850143e-06 4.77938651e-06 1.30897481e-16 8.49643870e-01 2.12748387e-06 5.27356894e-01 7.34359308e-07 5.81654997e-07 5.81654205e-07 2.48915399e-03 2.31756422e-02 2.57577039e-02 1.05502267e-02
7.64264264e-02 -2.92799521e-02 -3.73048554e-03 -3.73048331e-03 9.92461170e+01 1.33867018e+02 1.65198899e+02 1.84823536e+02 3.31276188e-15 5.60281952e-06 4.71441906e-06 2.13161244e-16 8.49850148e-01 2.12330414e-06 5.27024407e-01 7.34359308e-07 5.81654995e-07 5.81654207e-07 2.48915399e-03 2.31789328e-02 2.57577039e-02 1.05372669e-02
7.65765766e-02 -2.92799521e-02 -3.73048485e-03 -3.73048206e-03 9.92461170e+01 1.33801802e+02 1.65198899e+02 1.84848899e+02 6.46257200e-16 5.79327755e-06 4.50179441e-06 5.97632841e-17 8.50056136e-01 2.11914080e-06 5.26692098e-01 7.34359308e-07 5.81654989e-07 5.81654213e-07 2.48915399e-03 2.31821981e-02 2.57577039e-02 1.05243205e-02
7.67267267e-02 -2.92799522e-02 -3.73048608e-03 -3.73048271e-03 9.92461170e+01 1.33736592e+02 1.65198899e+02 1.84874219e+02 4.57677209e-15 5.72677791e-06 4.60907046e-06 2.97251024e-16 8.50261833e-01 2.11499375e-06 5.26359967e-01 7.34359308e-07 5.81654992e-07 5.81654210e-07 2.48915399e-03 2.31854380e-02 2.57577039e-02 1.05113875e-02
7.68768769e-02 -2.92799521e-02 -3.73048574e-03 -3.73048308e-03 9.92461170e+01 1.33671390e+02 1.65198899e+02 1.84899496e+02 1.24627144e-15 5.94643794e-06 4.34638971e-06 1.58225783e-16 8.50467242e-01 2.11086290e-06 5.26028013e-01 7.34359308e-07 5.81654982e-07 5.81654220e-07 2.48915399e-03 2.31886527e-02 2.57577039e-02 1.04984681e-02
7.70270270e-02 -2.92799521e-02 -3.73048622e-03 -3.73048343e-03 9.92461170e+01 1.33606194e+02 1.65198899e+02 1.84924728e+02 4.62572894e-15 6.22086682e-06 3.97041175e-06 1.69233022e-16 8.50672360e-01 2.10674816e-06 5.25696239e-01 7.34359308e-07 5.81654963e-07 5.81654239e-07 2.48915399e-03 2.31918421e-02 2.57577039e-02 1.04855621e-02
7.71771772e-02 -2.92799521e-02 -3.73048531e-03 -3.73048241e-03 9.92461170e+01 1.33541006e+02 1.65198899e+02 1.84949918e+02 9.59080881e-15 4.82526678e-06 5.60291832e-06 4.32831045e-16 8.50877190e-01 2.10264943e-06 5.25364642e-01 7.34359308e-07 5.81654997e-07 5.81654205e-07 2.48915399e-03 2.31950062e-02 2.57577039e-02 1.04726697e-02
7.73273273e-02 -2.92799521e-02 -3.73048547e-03 -3.73048276e-03 9.92461170e+01 1.33475825e+02 1.65198899e+02 1.84975064e+02 9.01755438e-15 6.24005468e-06 3.99381576e-06 3.67279739e-16 8.51081731e-01 2.09856661e-06 5.25033226e-01 7.34359308e-07 5.81654964e-07 5.81654238e-07 2.48915399e-03 2.31981452e-02 2.57577039e-02 1.04597908e-02
7.74774775e-02 -2.92799521e-02 -3.73048403e-03 -3.73048167e-03 9.92461170e+01 1.33410651e+02 1.65198899e+02 1.85000166e+02 5.25966876e-15 5.55511487e-06 4.92370928e-06 1.78294220e-16 8.51285982e-01 2.09449962e-06 5.24701988e-01 7.34359308e-07 5.81654998e-07 5.81654204e-07 2.48915399e-03 2.32012589e-02 2.57577039e-02 1.04469254e-02
7.76276276e-02 -2.92799521e-02 -3.73048662e-03 -3.73048265e-03 9.92461170e+01 1.33345485e+02 1.65198899e+02 1.85025225e+02 6.27458358e-15 6.96763671e-06 2.60154461e-06 1.87547823e-16 8.51489946e-01 2.09044837e-06 5.24370930e-01 7.34359308e-07 5.81654862e-07 5.81654340e-07 2.48915399e-03 2.32043476e-02 2.57577039e-02 1.04340735e-02
7.77777778e-02 -2.92799521e-02 -3.73048653e-03 -3.73048351e-03 9.92461170e+01 1.33280326e+02 1.65198899e+02 1.85050241e+02 2.68357897e-15 5.01424025e-06 5.51249361e-06 1.75125433e-16 8.51693620e-01 2.08641275e-06 5.24040053e-01 7.34359308e-07 5.81655000e-07 5.81654202e-07 2.48915399e-03 2.32074110e-02 2.57577039e-02 1.04212351e-02
7.79279279e-02 -2.92799521e-02 -3.73048541e-03 -3.73048320e-03 9.92461170e+01 1.33215175e+02 1.65198899e+02 1.85075214e+02 1.36694420e-15 5.90753973e-06 4.56571732e-06 2.22133694e-17 8.51897007e-01 2.08239269e-06 5.23709356e-01 7.34359308e-07 5.81654988e-07 5.81654214e-07 2.48915399e-03 2.32104494e-02 2.57577039e-02 1.04084104e-02
7.80780781e-02 -2.92799521e-02 -3.73048478e-03 -3.73048330e-03 9.92461170e+01 1.33150032e+02 1.65198899e+02 1.85100144e+02 4.63544720e-15 5.48309178e-06 5.08876488e-06 2.54885770e-16 8.52100106e-01 2.07838809e-06 5.23378839e-01 7.34359308e-07 5.81655000e-07 5.81654202e-07 2.48915399e-03 2.32134627e-02 2.57577039e-02 1.03955991e-02
7.82282282e-02 -2.92799521e-02 -3.73048466e-03 -3.73048164e-03 9.92461170e+01 1.33084897e+02 1.65198899e+02 1.85125031e+02 2.71721160e-15 5.63010981e-06 4.94743611e-06 2.26592659e-17 8.52302917e-01 2.07439886e-06 5.23048504e-01 7.34359308e-07 5.81654998e-07 5.81654204e-07 2.48915399e-03 2.32164510e-02 2.57577039e-02 1.03828015e-02
7.83783784e-02 -2.92799521e-02 -3.73048471e-03 -3.73048250e-03 9.92461170e+01 1.33019770e+02 1.65198899e+02 1.85149874e+02 6.80143070e-15 5.68873751e-06 4.90197685e-06 3.77627805e-16 8.52505441e-01 2.07042492e-06 5.22718350e-01 7.34359308e-07 5.81654997e-07 5.81654205e-07 2.48915399e-03 2.32194142e-02 2.57577039e-02 1.03700174e-02
7.85285285e-02 -2.92799521e-02 -3.73048510e-03 -3.73048071e-03 9.92461170e+01 1.32954651e+02 1.65198899e+02 1.85174675e+02 2.20259406e-15 3.72788176e-06 6.53530978e-06 1.42578308e-16 8.52707677e-01 2.06646617e-06 5.22388378e-01 7.34359308e-07 5.81654947e-07 5.81654255e-07 2.48915399e-03 2.32223524e-02 2.57577039e-02 1.03572469e-02
7.86786787e-02 -2.92799521e-02 -3.73048617e-03 -3.73048338e-03 9.92461170e+01 1.32889541e+02 1.65198899e+02 1.85199433e+02 2.24565850e-15 6.44315645e-06 3.91277267e-06 3.16522801e-17 8.52909626e-01 2.06252253e-06 5.22058588e-01 7.34359308e-07 5.81654956e-07 5.81654246e-07 2.48915399e-03 2.32252657e-02 2.57577039e-02 1.03444900e-02
7.88288288e-02 -2.92799521e-02 -3.73048599e-03 -3.73048278e-03 9.92461170e+01 1.32824439e+02 1.65198899e+02 1.85224148e+02 1.63329067e-15 3.83673021e-06 6.50543227e-06 4.50842754e-17 8.53111289e-01 2.05859392e-06 5.21728981e-01 7.34359308e-07 5.81654952e-07 5.81654250e-07 2.48915399e-03 2.32281540e-02 2.57577039e-02 1.03317467e-02
7.89789790e-02 -2.92799521e-02 -3.73048621e-03 -3.73048345e-03 9.92461170e+01 1.32759345e+02 1.65198899e+02 1.85248820e+02 2.30158365e-15 5.89645130e-06 4.74241671e-06 3.59676507e-17 8.53312664e-01 2.05468024e-06 5.21399556e-01 7.34359308e-07 5.81654992e-07 5.81654210e-07 2.48915399e-03 2.32310175e-02 2.57577039e-02 1.03190170e-02
7.91291291e-02 -2.92799521e-02 -3.73048486e-03 -3.73048249e-03 9.92461170e+01 1.32694260e+02 1.65198899e+02 1.85273450e+02 9.56748725e-15 5.59413454e-06 5.11685778e-06 3.55269828e-16 8.53513754e-01 2.05078142e-06 5.21070314e-01 7.34359308e-07 5.81655000e-07 5.81654202e-07 2.48915399e-03 2.32338560e-02 2.57577039e-02 1.03063009e-02
7.92792793e-02 -2.92799521e-02 -3.73048465e-03 -3.73048180e-03 9.92461170e+01 1.32629183e+02 1.65198899e+02 1.85298037e+02 1.33040459e-15 4.02830724e-06 6.43953802e-06 7.33207102e-17 8.53714557e-01 2.04689736e-06 5.20741255e-01 7.34359308e-07 5.81654962e-07 5.81654240e-07 2.48915399e-03 2.32366697e-02 2.57577039e-02 1.02935984e-02
7.94294294e-02 -2.92799521e-02 -3.73048589e-03 -3.73048274e-03 9.92461170e+01 1.32564115e+02 1.65198899e+02 1.85322581e+02 5.71367767e-15 5.14159382e-06 5.61049644e-06 3.71790843e-16 8.53915074e-01 2.04302799e-06 5.20412381e-01 7.34359308e-07 5.81655000e-07 5.81654202e-07 2.48915399e-03 2.32394585e-02 2.57577039e-02 1.02809096e-02
7.95795796e-02 -2.92799521e-02 -3.73048503e-03 -3.73048246e-03 9.92461170e+01 1.32499056e+02 1.65198899e+02 1.85347083e+02 4.90912290e-15 4.52804528e-06 6.13429910e-06 9.11554788e-17 8.54115306e-01 2.03917322e-06 5.20083690e-01 7.34359308e-07 5.81654984e-07 5.81654218e-07 2.48915399e-03 2.32422226e-02 2.57577039e-02 1.02682344e-02
7.97297297e-02 -2.92799522e-02 -3.73048448e-03 -3.73048235e-03 9.92461170e+01 1.32434006e+02 1.65198899e+02 1.85371543e+02 5.98187821e-15 4.63786465e-06 6.06981112e-06 3.90834291e-16 8.54315252e-01 2.03533297e-06 5.19755183e-01 7.34359308e-07 5.81654988e-07 5.81654214e-07 2.48915399e-03 2.32449619e-02 2.57577039e-02 1.02555728e-02
7.98798799e-02 -2.92799521e-02 -3.73048585e-03 -3.73048200e-03 9.92461170e+01 1.32368966e+02 1.65198899e+02 1.85395960e+02 7.20635664e-15 5.57219138e-06 5.24624330e-06 3.83642418e-16 8.54514912e-01 2.03150715e-06 5.19426861e-01 7.34359308e-07 5.81655001e-07 5.81654201e-07 2.48915399e-03 2.32476764e-02 2.57577039e-02 1.02429249e-02
8.00300300e-02 -2.92799521e-02 -3.73048466e-03 -3.73048186e-03 9.92461170e+01 1.32303934e+02 1.65198899e+02 1.85420335e+02 6.05565316e-15 5.60641661e-06 5.23076307e-06 1.70024336e-16 8.54714288e-01 2.02769570e-06 5.19098724e-01 7.34359308e-07 5.81655000e-07 5.81654202e-07 2.48915399e-03 2.32503663e-02 2.57577039e-02 1.02302907e-02
8.01801802e-02 -2.92799521e-02 -3.73048485e-03 -3.73048247e-03 9.92461170e+01 1.32238912e+02 1.65198899e+02 1.85444668e+02 2.83871346e-15 4.81346944e-06 5.98699585e-06 8.97118065e-17 8.54913379e-01 2.02389851e-06 5.18770773e-01 7.34359308e-07 5.81654993e-07 5.81654209e-07 2.48915399e-03 2.32530314e-02 2.57577039e-02 1.02176701e-02
8.03303303e-02 -2.92799521e-02 -3.73048492e-03 -3.73048125e-03 9.92461170e+01 1.32173899e+02 1.65198899e+02 1.85468958e+02 8.74293125e-15 6.06033252e-06 4.74417630e-06 2.00834506e-16 8.55112185e-01 2.02011553e-06 5.18443006e-01 7.34359308e-07 5.81654989e-07 5.81654213e-07 2.48915399e-03 2.32556719e-02 2.57577039e-02 1.02050632e-02
8.04804805e-02 -2.92799521e-02 -3.73048603e-03 -3.73048330e-03 9.92461170e+01 1.32108896e+02 1.65198899e+02 1.85493206e+02 6.62580043e-15 5.65890707e-06 5.23767652e-06 2.79627222e-16 8.55310707e-01 2.01634665e-06 5.18115426e-01 7.34359308e-07 5.81655000e-07 5.81654202e-07 2.48915399e-03 2.32582878e-02 2.57577039e-02 1.01924700e-02
8.06306306e-02 -2.92799521e-02 -3.73048468e-03 -3.73048172e-03 9.92461170e+01 1.32043902e+02 1.65198899e+02 1.85517412e+02 2.47965738e-16 5.13611158e-06 5.77052008e-06 1.51063496e-16 8.55508945e-01 2.01259182e-06 5.17788031e-01 7.34359308e-07 5.81654999e-07 5.81654203e-07 2.48915399e-03 2.32608790e-02 2.57577039e-02 1.01798904e-02
8.07807808e-02 -2.92799521e-02 -3.73048533e-03 -3.73048307e-03 9.92461170e+01 1.31978918e+02 1.65198899e+02 1.85541577e+02 7.74231712e-15 5.26520593e-06 5.67262056e-06 3.89703474e-16 8.55706898e-01 2.00885094e-06 5.17460823e-01 7.34359308e-07 5.81655000e-07 5.81654201e-07 2.48915399e-03 2.32634457e-02 2.57577039e-02 1.01673246e-02
8.09309309e-02 -2.92799521e-02 -3.73048530e-03 -3.73048316e-03 9.92461170e+01 1.31913944e+02 1.65198899e+02 1.85565699e+02 5.39245707e-15 4.49344728e-06 6.31924334e-06 1.73675751e-16 8.55904569e-01 2.00512394e-06 5.17133802e-01 7.34359308e-07 5.81654980e-07 5.81654222e-07 2.48915399e-03 2.32659879e-02 2.57577039e-02 1.01547724e-02
8.10810811e-02 -2.92799521e-02 -3.73048513e-03 -3.73048231e-03 9.92461170e+01 1.31848980e+02 1.65198899e+02 1.85589779e+02 4.06263324e-15 5.04424125e-06 5.90786224e-06 2.62155841e-17 8.56101955e-01 2.00141075e-06 5.16806968e-01 7.34359308e-07 5.81654997e-07 5.81654205e-07 2.48915399e-03 2.32685055e-02 2.57577039e-02 1.01422339e-02
8.12312312e-02 -2.92799521e-02 -3.73048593e-03 -3.73048248e-03 9.92461170e+01 1.31784026e+02 1.65198899e+02 1.85613818e+02 3.66908897e-15 6.74907864e-06 3.87567526e-06 1.08165359e-16 8.56299059e-01 1.99771129e-06 5.16480321e-01 7.34359308e-07 5.81654946e-07 5.81654256e-07 2.48915399e-03 2.32709987e-02 2.57577039e-02 1.01297092e-02
8.13813814e-02 -2.92799521e-02 -3.73048595e-03 -3.73048326e-03 9.92461170e+01 1.31719082e+02 1.65198899e+02 1.85637815e+02 1.71723884e-15 6.48740327e-06 4.32534957e-06 3.86835606e-17 8.56495879e-01 1.99402547e-06 5.16153862e-01 7.34359308e-07 5.81654970e-07 5.81654232e-07 2.48915399e-03 2.32734674e-02 2.57577039e-02 1.01171982e-02
8.15315315e-02 -2.92799521e-02 -3.73048552e-03 -3.73048177e-03 9.92461170e+01 1.31654148e+02 1.65198899e+02 1.85661770e+02 9.62572877e-15 5.16976334e-06 5.85603451e-06 4.14309416e-16 8.56692417e-01 1.99035323e-06 5.15827590e-01 7.34359308e-07 5.81654999e-07 5.81654203e-07 2.48915399e-03 2.32759117e-02 2.57577039e-02 1.01047009e-02
8.16816817e-02 -2.92799521e-02 -3.73048574e-03 -3.73048234e-03 9.92461170e+01 1.31589225e+02 1.65198899e+02 1.85685683e+02 8.22523001e-15 6.32120866e-06 4.61376972e-06 4.03351433e-16 8.56888672e-01 1.98669450e-06 5.15501507e-01 7.34359308e-07 5.81654982e-07 5.81654220e-07 2.48915399e-03 2.32783316e-02 2.57577039e-02 1.00922173e-02
8.18318318e-02 -2.92799521e-02 -3.73048577e-03 -3.73048227e-03 9.92461170e+01 1.31524312e+02 1.65198899e+02 1.85709555e+02 6.43127223e-16 6.62047441e-06 4.19990943e-06 7.67672689e-18 8.57084645e-01 1.98304919e-06 5.15175612e-01 7.34359308e-07 5.81654963e-07 5.81654239e-07 2.48915399e-03 2.32807272e-02 2.57577039e-02 1.00797474e-02
8.19819820e-02 -2.92799521e-02 -3.73048577e-03 -3.73048368e-03 9.92461170e+01 1.31459409e+02 1.65198899e+02 1.85733385e+02 3.98914777e-15 6.75923797e-06 4.00105079e-06 1.90610152e-16 8.57280336e-01 1.97941723e-06 5.14849906e-01 7.34359308e-07 5.81654951e-07 5.81654251e-07 2.48915399e-03 2.32830984e-02 2.57577039e-02 1.00672913e-02
8.21321321e-02 -2.92799521e-02 -3.73048449e-03 -3.73048130e-03 9.92461170e+01 1.31394518e+02 1.65198899e+02 1.85757174e+02 4.78683618e-15 4.66920670e-06 6.33406762e-06 3.88906253e-17 8.57475745e-01 1.97579855e-06 5.14524389e-01 7.34359308e-07 5.81654984e-07 5.81654218e-07 2.48915399e-03 2.32854453e-02 2.57577039e-02 1.00548490e-02
8.22822823e-02 -2.92799521e-02 -3.73048559e-03 -3.73048208e-03 9.92461170e+01 1.31329637e+02 1.65198899e+02 1.85780922e+02 7.37149200e-15 4.57441344e-06 6.42053409e-06 1.01946666e-16 8.57670872e-01 1.97219308e-06 5.14199062e-01 7.34359308e-07 5.81654980e-07 5.81654222e-07 2.48915399e-03 2.32877679e-02 2.57577039e-02 1.00424204e-02
8.24324324e-02 -2.92799521e-02 -3.73048494e-03 -3.73048111e-03 9.92461170e+01 1.31264767e+02 1.65198899e+02 1.85804628e+02 2.90323604e-15 5.97261146e-06 5.16753859e-06 2.89058735e-17 8.57865718e-01 1.96860074e-06 5.13873924e-01 7.34359308e-07 5.81654997e-07 5.81654205e-07 2.48915399e-03 2.32900663e-02 2.57577039e-02 1.00300055e-02
8.25825826e-02 -2.92799521e-02 -3.73048583e-03 -3.73048285e-03 9.92461170e+01 1.31199908e+02 1.65198899e+02 1.85828293e+02 4.91967351e-16 7.03557779e-06 3.61989338e-06 5.80923890e-17 8.58060283e-01 1.96502147e-06 5.13548975e-01 7.34359308e-07 5.81654926e-07 5.81654276e-07 2.48915399e-03 2.32923405e-02 2.57577039e-02 1.00176044e-02
8.27327327e-02 -2.92799521e-02 -3.73048635e-03 -3.73048250e-03 9.92461170e+01 1.31135059e+02 1.65198899e+02 1.85851917e+02 8.60942678e-15 7.09875050e-06 3.52683690e-06 2.49359483e-16 8.58254567e-01 1.96145518e-06 5.13224217e-01 7.34359308e-07 5.81654919e-07 5.81654283e-07 2.48915399e-03 2.32945906e-02 2.57577039e-02 1.00052171e-02
8.28828829e-02 -2.92799521e-02 -3.73048541e-03 -3.73048208e-03 9.92461170e+01 1.31070223e+02 1.65198899e+02 1.85875499e+02 9.93216512e-16 4.08494020e-06 6.80972604e-06 8.33846594e-17 8.58448571e-01 1.95790182e-06 5.12899650e-01 7.34359308e-07 5.81654955e-07 5.81654247e-07 2.48915399e-03 2.32968164e-02 2.57577039e-02 9.99284348e-03
8.30330330e-02 -2.92799521e-02 -3.73048535e-03 -3.73048312e-03 9.92461170e+01 1.31005397e+02 1.65198899e+02 1.85899041e+02 6.66999692e-15 5.37378601e-06 5.86602175e-06 2.99590563e-17 8.58642294e-01 1.95436131e-06 5.12575273e-01 7.34359308e-07 5.81655000e-07 5.81654202e-07 2.48915399e-03 2.32990182e-02 2.57577039e-02 9.98048368e-03
8.31831832e-02 -2.92799521e-02 -3.73048579e-03 -3.73048177e-03 9.92461170e+01 1.30940583e+02 1.65198899e+02 1.85922541e+02 2.39608549e-15 7.07386801e-06 3.67114075e-06 4.05760405e-17 8.58835737e-01 1.95083358e-06 5.12251087e-01 7.34359308e-07 5.81654927e-07 5.81654275e-07 2.48915399e-03 2.33011958e-02 2.57577039e-02 9.96813765e-03
8.33333333e-02 -2.92799521e-02 -3.73048541e-03 -3.73048116e-03 9.92461170e+01 1.30875780e+02 1.65198899e+02 1.85946001e+02 9.64655165e-16 4.52780357e-06 6.57612254e-06 2.46706585e-18 8.59028901e-01 1.94731857e-06 5.11927092e-01 7.34359308e-07 5.81654976e-07 5.81654226e-07 2.48915399e-03 2.33033495e-02 2.57577039e-02 9.95580541e-03
8.34834835e-02 -2.92799521e-02 -3.73048445e-03 -3.73048271e-03 9.92461170e+01 1.30810989e+02 1.65198899e+02 1.85969420e+02 1.03185023e-16 5.70046782e-06 5.61079166e-06 3.50291837e-18 8.59221784e-01 1.94381620e-06 5.11603289e-01 7.34359308e-07 5.81655001e-07 5.81654201e-07 2.48915399e-03 2.33054790e-02 2.57577039e-02 9.94348695e-03
8.36336336e-02 -2.92799521e-02 -3.73048523e-03 -3.73048299e-03 9.92461170e+01 1.30746209e+02 1.65198899e+02 1.85992797e+02 4.38743835e-15 5.88262790e-06 5.44071164e-06 8.12416843e-17 8.59414388e-01 1.94032640e-06 5.11279678e-01 7.34359308e-07 5.81655000e-07 5.81654202e-07 2.48915399e-03 2.33075846e-02 2.57577039e-02 9.93118228e-03
8.37837838e-02 -2.92799521e-02 -3.73048572e-03 -3.73048271e-03 9.92461170e+01 1.30681441e+02 1.65198899e+02 1.86016135e+02 1.25376688e-14 6.75438502e-06 4.33770545e-06 6.32171089e-16 8.59606713e-01 1.93684911e-06 5.10956259e-01 7.34359308e-07 5.81654964e-07 5.81654238e-07 2.48915399e-03 2.33096663e-02 2.57577039e-02 9.91889141e-03
8.39339339e-02 -2.92799521e-02 -3.73048458e-03 -3.73048158e-03 9.92461170e+01 1.30616685e+02 1.65198899e+02 1.86039431e+02 6.55745643e-15 4.90892285e-06 6.36954060e-06 2.35453127e-16 8.59798759e-01 1.93338427e-06 5.10633032e-01 7.34359308e-07 5.81654989e-07 5.81654213e-07 2.48915399e-03 2.33117240e-02 2.57577039e-02 9.90661433e-03
8.40840841e-02 -2.92799521e-02 -3.73048597e-03 -3.73048285e-03 9.92461170e+01 1.30551941e+02 1.65198899e+02 1.86062687e+02 4.89274316e-15 7.09794384e-06 3.81042563e-06 1.93008925e-16 8.59990527e-01 1.92993180e-06 5.10309997e-01 7.34359308e-07 5.81654934e-07 5.81654268e-07 2.48915399e-03 2.33137578e-02 2.57577039e-02 9.89435106e-03
8.42342342e-02 -2.92799521e-02 -3.73048490e-03 -3.73048231e-03 9.92461170e+01 1.30487210e+02 1.65198899e+02 1.86085902e+02 7.50401466e-16 4.43858149e-06 6.74026244e-06 1.58853031e-16 8.60182016e-01 1.92649163e-06 5.09987156e-01 7.34359308e-07 5.81654970e-07 5.81654232e-07 2.48915399e-03 2.33157677e-02 2.57577039e-02 9.88210159e-03
8.43843844e-02 -2.92799521e-02 -3.73048515e-03 -3.73048127e-03 9.92461170e+01 1.30422490e+02 1.65198899e+02 1.86109076e+02 3.61453119e-15 4.67626965e-06 6.59522955e-06 2.43698435e-16 8.60373227e-01 1.92306371e-06 5.09664507e-01 7.34359308e-07 5.81654979e-07 5.81654222e-07 2.48915399e-03 2.33177538e-02 2.57577039e-02 9.86986593e-03
8.45345345e-02 -2.92799521e-02 -3.73048563e-03 -3.73048172e-03 9.92461170e+01 1.30357782e+02 1.65198899e+02 1.86132211e+02 4.05949043e-16 5.02364438e-06 6.35298109e-06 2.18489077e-17 8.60564160e-01 1.91964797e-06 5.09342052e-01 7.34359308e-07 5.81654991e-07 5.81654211e-07 2.48915399e-03 2.33197162e-02 2.57577039e-02 9.85764408e-03
8.46846847e-02 -2.92799521e-02 -3.73048575e-03 -3.73048312e-03 9.92461170e+01 1.30293087e+02 1.65198899e+02 1.86155304e+02 7.56563516e-15 4.72919044e-06 6.59282673e-06 2.13159456e-16 8.60754815e-01 1.91624434e-06 5.09019791e-01 7.34359308e-07 5.81654981e-07 5.81654221e-07 2.48915399e-03 2.33216547e-02 2.57577039e-02 9.84543605e-03
8.48348348e-02 -2.92799521e-02 -3.73048558e-03 -3.73048244e-03 9.92461170e+01 1.30228405e+02 1.65198899e+02 1.86178358e+02 9.50189779e-16 6.20276815e-06 5.25261102e-06 8.81662414e-17 8.60945193e-01 1.91285275e-06 5.08697723e-01 7.34359308e-07 5.81654996e-07 5.81654206e-07 2.48915399e-03 2.33235695e-02 2.57577039e-02 9.83324184e-03
8.49849850e-02 -2.92799521e-02 -3.73048485e-03 -3.73048227e-03 9.92461170e+01 1.30163734e+02 1.65198899e+02 1.86201371e+02 1.05358629e-15 5.57435092e-06 5.93505938e-06 1.45090887e-16 8.61135294e-01 1.90947316e-06 5.08375850e-01 7.34359308e-07 5.81655001e-07 5.81654201e-07 2.48915399e-03 2.33254606e-02 2.57577039e-02 9.82106144e-03
8.51351351e-02 -2.92799521e-02 -3.73048471e-03 -3.73048089e-03 9.92461170e+01 1.30099077e+02 1.65198899e+02 1.86224344e+02 4.87538862e-15 5.41870957e-06 6.09675170e-06 1.17436983e-16 8.61325118e-01 1.90610548e-06 5.08054171e-01 7.34359308e-07 5.81654999e-07 5.81654203e-07 2.48915399e-03 2.33273280e-02 2.57577039e-02 9.80889488e-03
8.52852853e-02 -2.92799521e-02 -3.73048548e-03 -3.73048194e-03 9.92461170e+01 1.30034432e+02 1.65198899e+02 1.86247276e+02 3.73255720e-15 4.86087369e-06 6.56807370e-06 2.02619540e-16 8.61514665e-01 1.90274966e-06 5.07732687e-01 7.34359308e-07 5.81654985e-07 5.81654217e-07 2.48915399e-03 2.33291718e-02 2.57577039e-02 9.79674214e-03
8.54354354e-02 -2.92799521e-02 -3.73048500e-03 -3.73048248e-03 9.92461170e+01 1.29969800e+02 1.65198899e+02 1.86270169e+02 7.68157152e-15 3.92154614e-06 7.18501674e-06 2.33035278e-16 8.61703936e-01 1.89940563e-06 5.07411397e-01 7.34359308e-07 5.81654939e-07 5.81654263e-07 2.48915399e-03 2.33309919e-02 2.57577039e-02 9.78460323e-03
8.55855856e-02 -2.92799521e-02 -3.73048527e-03 -3.73048293e-03 9.92461170e+01 1.29905181e+02 1.65198899e+02 1.86293022e+02 9.65138320e-15 7.21798548e-06 3.89093737e-06 2.78807171e-16 8.61892931e-01 1.89607334e-06 5.07090303e-01 7.34359308e-07 5.81654935e-07 5.81654267e-07 2.48915399e-03 2.33327885e-02 2.57577039e-02 9.77247816e-03
8.57357357e-02 -2.92799521e-02 -3.73048514e-03 -3.73048277e-03 9.92461170e+01 1.29840576e+02 1.65198899e+02 1.86315834e+02 5.60234502e-15 5.58914163e-06 6.01966245e-06 3.61701865e-16 8.62081650e-01 1.89275272e-06 5.06769404e-01 7.34359308e-07 5.81655000e-07 5.81654201e-07 2.48915399e-03 2.33345616e-02 2.57577039e-02 9.76036692e-03
8.58858859e-02 -2.92799521e-02 -3.73048378e-03 -3.73048107e-03 9.92461170e+01 1.29775983e+02 1.65198899e+02 1.86338607e+02 3.24885931e-15 4.69172627e-06 6.76011028e-06 2.77096607e-16 8.62270093e-01 1.88944372e-06 5.06448701e-01 7.34359308e-07 5.81654977e-07 5.81654225e-07 2.48915399e-03 2.33363111e-02 2.57577039e-02 9.74826952e-03
8.60360360e-02 -2.92799521e-02 -3.73048630e-03 -3.73048344e-03 9.92461170e+01 1.29711403e+02 1.65198899e+02 1.86361340e+02 3.31694836e-15 7.36956035e-06 3.69295635e-06 5.95123228e-17 8.62458261e-01 1.88614626e-06 5.06128193e-01 7.34359308e-07 5.81654921e-07 5.81654281e-07 2.48915399e-03 2.33380372e-02 2.57577039e-02 9.73618596e-03
8.61861862e-02 -2.92799521e-02 -3.73048585e-03 -3.73048263e-03 9.92461170e+01 1.29646837e+02 1.65198899e+02 1.86384033e+02 2.09573181e-15 5.40406750e-06 6.24353864e-06 1.50280009e-17 8.62646154e-01 1.88286029e-06 5.05807882e-01 7.34359308e-07 5.81654998e-07 5.81654204e-07 2.48915399e-03 2.33397398e-02 2.57577039e-02 9.72411625e-03
8.63363363e-02 -2.92799521e-02 -3.73048510e-03 -3.73048201e-03 9.92461170e+01 1.29582284e+02 1.65198899e+02 1.86406687e+02 4.38753389e-15 5.39401505e-06 6.27121279e-06 1.15176156e-17 8.62833772e-01 1.87958575e-06 5.05487767e-01 7.34359308e-07 5.81654997e-07 5.81654205e-07 2.48915399e-03 2.33414190e-02 2.57577039e-02 9.71206038e-03
8.64864865e-02 -2.92799521e-02 -3.73048499e-03 -3.73048248e-03 9.92461170e+01 1.29517745e+02 1.65198899e+02 1.86429300e+02 8.82553578e-16 4.83952026e-06 6.72612471e-06 2.77419209e-17 8.63021115e-01 1.87632258e-06 5.05167848e-01 7.34359308e-07 5.81654981e-07 5.81654221e-07 2.48915399e-03 2.33430748e-02 2.57577039e-02 9.70001836e-03
8.66366366e-02 -2.92799521e-02 -3.73048535e-03 -3.73048243e-03 9.92461170e+01 1.29453219e+02 1.65198899e+02 1.86451875e+02 1.34253343e-15 5.06273343e-06 6.57792185e-06 5.22107847e-17 8.63208184e-01 1.87307072e-06 5.04848127e-01 7.34359308e-07 5.81654989e-07 5.81654213e-07 2.48915399e-03 2.33447073e-02 2.57577039e-02 9.68799019e-03
8.67867868e-02 -2.92799521e-02 -3.73048452e-03 -3.73048243e-03 9.92461170e+01 1.29388707e+02 1.65198899e+02 1.86474409e+02 1.33391528e-15 6.58775897e-06 5.07353791e-06 6.82337758e-17 8.63394979e-01 1.86983011e-06 5.04528602e-01 7.34359308e-07 5.81654988e-07 5.81654214e-07 2.48915399e-03 2.33463165e-02 2.57577039e-02 9.67597587e-03
8.69369369e-02 -2.92799521e-02 -3.73048493e-03 -3.73048171e-03 9.92461170e+01 1.29324209e+02 1.65198899e+02 1.86496904e+02 1.34870818e-14 6.43051052e-06 5.29408474e-06 5.39370974e-16 8.63581500e-01 1.86660070e-06 5.04209275e-01 7.34359308e-07 5.81654994e-07 5.81654208e-07 2.48915399e-03 2.33479024e-02 2.57577039e-02 9.66397540e-03
8.70870871e-02 -2.92799521e-02 -3.73048521e-03 -3.73048180e-03 9.92461170e+01 1.29259725e+02 1.65198899e+02 1.86519360e+02 7.90140590e-15 5.67481936e-06 6.11678685e-06 5.56794987e-17 8.63767747e-01 1.86338242e-06 5.03890145e-01 7.34359308e-07 5.81655000e-07 5.81654202e-07 2.48915399e-03 2.33494650e-02 2.57577039e-02 9.65198879e-03
8.72372372e-02 -2.92799521e-02 -3.73048591e-03 -3.73048334e-03 9.92461170e+01 1.29195255e+02 1.65198899e+02 1.86541776e+02 2.45252814e-15 7.01426256e-06 4.54522256e-06 1.29309196e-16 8.63953722e-01 1.86017523e-06 5.03571213e-01 7.34359308e-07 5.81654966e-07 5.81654236e-07 2.48915399e-03 2.33510045e-02 2.57577039e-02 9.64001603e-03
8.73873874e-02 -2.92799522e-02 -3.73048497e-03 -3.73048189e-03 9.92461170e+01 1.29130798e+02 1.65198899e+02 1.86564154e+02 4.39940644e-15 6.04601022e-06 5.79183675e-06 2.52990499e-16 8.64139423e-01 1.85697905e-06 5.03252479e-01 7.34359308e-07 5.81655001e-07 5.81654201e-07 2.48915399e-03 2.33525207e-02 2.57577039e-02 9.62805713e-03
8.75375375e-02 -2.92799521e-02 -3.73048481e-03 -3.73048213e-03 9.92461170e+01 1.29066356e+02 1.65198899e+02 1.86586491e+02 5.16501182e-15 5.79192736e-06 6.06582962e-06 2.32124108e-16 8.64324851e-01 1.85379384e-06 5.02933944e-01 7.34359308e-07 5.81655001e-07 5.81654201e-07 2.48915399e-03 2.33540139e-02 2.57577039e-02 9.61611210e-03
8.76876877e-02 -2.92799521e-02 -3.73048489e-03 -3.73048183e-03 9.92461170e+01 1.29001929e+02 1.65198899e+02 1.86608790e+02 4.29157612e-15 4.94024043e-06 6.79531082e-06 1.27716040e-16 8.64510007e-01 1.85061953e-06 5.02615606e-01 7.34359308e-07 5.81654982e-07 5.81654219e-07 2.48915399e-03 2.33554839e-02 2.57577039e-02 9.60418092e-03
8.78378378e-02 -2.92799521e-02 -3.73048468e-03 -3.73048258e-03 9.92461170e+01 1.28937515e+02 1.65198899e+02 1.86631050e+02 3.44317162e-15 5.58275180e-06 6.29738309e-06 1.63793678e-16 8.64694891e-01 1.84745608e-06 5.02297468e-01 7.34359308e-07 5.81654999e-07 5.81654203e-07 2.48915399e-03 2.33569308e-02 2.57577039e-02 9.59226360e-03
8.79879880e-02 -2.92799521e-02 -3.73048578e-03 -3.73048310e-03 9.92461170e+01 1.28873116e+02 1.65198899e+02 1.86653270e+02 5.62594677e-16 6.59968840e-06 5.24505533e-06 2.83557482e-17 8.64879502e-01 1.84430342e-06 5.01979528e-01 7.34359308e-07 5.81654991e-07 5.81654211e-07 2.48915399e-03 2.33583547e-02 2.57577039e-02 9.58036015e-03
8.81381381e-02 -2.92799521e-02 -3.73048549e-03 -3.73048425e-03 9.92461170e+01 1.28808732e+02 1.65198899e+02 1.86675452e+02 7.60048443e-16 7.45756129e-06 3.96156871e-06 4.93354437e-17 8.65063842e-01 1.84116151e-06 5.01661787e-01 7.34359308e-07 5.81654932e-07 5.81654270e-07 2.48915399e-03 2.33597556e-02 2.57577039e-02 9.56847056e-03
8.82882883e-02 -2.92799521e-02 -3.73048596e-03 -3.73048204e-03 9.92461170e+01 1.28744362e+02 1.65198899e+02 1.86697594e+02 7.85425788e-15 7.09887047e-06 4.59983192e-06 2.60870260e-16 8.65247911e-01 1.83803028e-06 5.01344246e-01 7.34359308e-07 5.81654966e-07 5.81654236e-07 2.48915399e-03 2.33611335e-02 2.57577039e-02 9.55659484e-03
8.84384384e-02 -2.92799521e-02 -3.73048552e-03 -3.73048358e-03 9.92461170e+01 1.28680007e+02 1.65198899e+02 1.86719698e+02 1.07813175e-15 6.99251246e-06 4.78547466e-06 5.38995688e-17 8.65431708e-01 1.83490969e-06 5.01026904e-01 7.34359308e-07 5.81654974e-07 5.81654228e-07 2.48915399e-03 2.33624884e-02 2.57577039e-02 9.54473298e-03
8.85885886e-02 -2.92799521e-02 -3.73048428e-03 -3.73048118e-03 9.92461170e+01 1.28615667e+02 1.65198899e+02 1.86741763e+02 5.18502290e-15 5.47033351e-06 6.48964143e-06 1.67294070e-16 8.65615234e-01 1.83179967e-06 5.00709762e-01 7.34359308e-07 5.81654996e-07 5.81654206e-07 2.48915399e-03 2.33638205e-02 2.57577039e-02 9.53288499e-03
8.87387387e-02 -2.92799521e-02 -3.73048558e-03 -3.73048237e-03 9.92461170e+01 1.28551342e+02 1.65198899e+02 1.86763789e+02 1.78143379e-15 6.93437021e-06 4.91923924e-06 1.68330255e-17 8.65798490e-01 1.82870018e-06 5.00392820e-01 7.34359308e-07 5.81654978e-07 5.81654224e-07 2.48915399e-03 2.33651297e-02 2.57577039e-02 9.52105086e-03
8.88888889e-02 -2.92799521e-02 -3.73048571e-03 -3.73048253e-03 9.92461170e+01 1.28487031e+02 1.65198899e+02 1.86785777e+02 7.52720549e-15 6.11177274e-06 5.93089058e-06 2.93359130e-16 8.65981475e-01 1.82561116e-06 5.00076078e-01 7.34359308e-07 5.81655001e-07 5.81654201e-07 2.48915399e-03 2.33664160e-02 2.57577039e-02 9.50923060e-03
8.90390390e-02 -2.92799521e-02 -3.73048529e-03 -3.73048227e-03 9.92461170e+01 1.28422736e+02 1.65198899e+02 1.86807726e+02 1.03057871e-14 7.19657327e-06 4.58080784e-06 2.39354045e-16 8.66164191e-01 1.82253256e-06 4.99759537e-01 7.34359308e-07 5.81654963e-07 5.81654239e-07 2.48915399e-03 2.33676796e-02 2.57577039e-02 9.49742421e-03
8.91891892e-02 -2.92799521e-02 -3.73048516e-03 -3.73048232e-03 9.92461170e+01 1.28358456e+02 1.65198899e+02 1.86829636e+02 4.12518589e-16 5.49757633e-06 6.54192432e-06 7.54116835e-17 8.66346636e-01 1.81946432e-06 4.99443196e-01 7.34359308e-07 5.81654996e-07 5.81654206e-07 2.48915399e-03 2.33689204e-02 2.57577039e-02 9.48563169e-03
8.93393393e-02 -2.92799521e-02 -3.73048546e-03 -3.73048281e-03 9.92461170e+01 1.28294191e+02 1.65198899e+02 1.86851508e+02 1.05367590e-14 7.08899095e-06 4.79712337e-06 4.05018137e-16 8.66528812e-01 1.81640640e-06 4.99127056e-01 7.34359308e-07 5.81654972e-07 5.81654230e-07 2.48915399e-03 2.33701384e-02 2.57577039e-02 9.47385304e-03
8.94894895e-02 -2.92799521e-02 -3.73048585e-03 -3.73048254e-03 9.92461170e+01 1.28229942e+02 1.65198899e+02 1.86873341e+02 9.61165705e-15 5.76346809e-06 6.34784221e-06 2.70467559e-16 8.66710718e-01 1.81335873e-06 4.98811117e-01 7.34359308e-07 5.81655000e-07 5.81654202e-07 2.48915399e-03 2.33713338e-02 2.57577039e-02 9.46208825e-03
8.96396396e-02 -2.92799521e-02 -3.73048571e-03 -3.73048271e-03 9.92461170e+01 1.28165708e+02 1.65198899e+02 1.86895137e+02 2.72791516e-15 5.02780138e-06 6.96281352e-06 7.43369127e-17 8.66892356e-01 1.81032128e-06 4.98495380e-01 7.34359308e-07 5.81654982e-07 5.81654220e-07 2.48915399e-03 2.33725065e-02 2.57577039e-02 9.45033733e-03
8.97897898e-02 -2.92799521e-02 -3.73048577e-03 -3.73048288e-03 9.92461170e+01 1.28101490e+02 1.65198899e+02 1.86916893e+02 7.33864938e-15 7.05514662e-06 4.92257785e-06 2.94131730e-16 8.67073724e-01 1.80729399e-06 4.98179843e-01 7.34359308e-07 5.81654976e-07 5.81654226e-07 2.48915399e-03 2.33736565e-02 2.57577039e-02 9.43860028e-03
8.99399399e-02 -2.92799521e-02 -3.73048473e-03 -3.73048142e-03 9.92461170e+01 1.28037287e+02 1.65198899e+02 1.86938612e+02 6.63279564e-15 7.30993615e-06 4.56283042e-06 3.52521960e-16 8.67254825e-01 1.80427680e-06 4.97864509e-01 7.34359308e-07 5.81654960e-07 5.81654242e-07 2.48915399e-03 2.33747840e-02 2.57577039e-02 9.42687710e-03
9.00900901e-02 -2.92799521e-02 -3.73048472e-03 -3.73048127e-03 9.92461170e+01 1.27973100e+02 1.65198899e+02 1.86960292e+02 2.43622866e-15 5.52663042e-06 6.63016438e-06 6.44599685e-17 8.67435656e-01 1.80126968e-06 4.97549376e-01 7.34359308e-07 5.81654995e-07 5.81654207e-07 2.48915399e-03 2.33758889e-02 2.57577039e-02 9.41516778e-03
9.02402402e-02 -2.92799521e-02 -3.73048533e-03 -3.73048345e-03 9.92461170e+01 1.27908929e+02 1.65198899e+02 1.86981934e+02 8.76289307e-15 5.77301585e-06 6.43611380e-06 2.39216350e-16 8.67616220e-01 1.79827256e-06 4.97234446e-01 7.34359308e-07 5.81654999e-07 5.81654203e-07 2.48915399e-03 2.33769713e-02 2.57577039e-02 9.40347234e-03
9.03903904e-02 -2.92799521e-02 -3.73048588e-03 -3.73048206e-03 9.92461170e+01 1.27844773e+02 1.65198899e+02 1.87003538e+02 1.03575327e-14 7.39767692e-06 4.50273388e-06 3.54357907e-16 8.67796517e-01 1.79528539e-06 4.96919717e-01 7.34359308e-07 5.81654956e-07 5.81654246e-07 2.48915399e-03 2.33780312e-02 2.57577039e-02 9.39179076e-03
9.05405405e-02 -2.92799521e-02 -3.73048525e-03 -3.73048228e-03 9.92461170e+01 1.27780634e+02 1.65198899e+02 1.87025105e+02 8.24142312e-15 5.88574212e-06 6.37241343e-06 2.04063870e-16 8.67976546e-01 1.79230814e-06 4.96605191e-01 7.34359308e-07 5.81655000e-07 5.81654202e-07 2.48915399e-03 2.33790687e-02 2.57577039e-02 9.38012304e-03
9.06906907e-02 -2.92799521e-02 -3.73048484e-03 -3.73048180e-03 9.92461170e+01 1.27716511e+02 1.65198899e+02 1.87046633e+02 3.98236381e-15 7.09317685e-06 5.01859009e-06 1.14301512e-16 8.68156308e-01 1.78934074e-06 4.96290868e-01 7.34359308e-07 5.81654978e-07 5.81654224e-07 2.48915399e-03 2.33800837e-02 2.57577039e-02 9.36846919e-03
9.08408408e-02 -2.92799521e-02 -3.73048423e-03 -3.73048219e-03 9.92461170e+01 1.27652404e+02 1.65198899e+02 1.87068123e+02 5.09934287e-15 5.38531792e-06 6.83724800e-06 3.06060882e-16 8.68335802e-01 1.78638315e-06 4.95976748e-01 7.34359308e-07 5.81654991e-07 5.81654211e-07 2.48915399e-03 2.33810764e-02 2.57577039e-02 9.35682921e-03
9.09909910e-02 -2.92799521e-02 -3.73048474e-03 -3.73048169e-03 9.92461170e+01 1.27588313e+02 1.65198899e+02 1.87089575e+02 1.84963289e-15 5.01078067e-06 7.13388431e-06 3.77196682e-17 8.68515031e-01 1.78343532e-06 4.95662830e-01 7.34359308e-07 5.81654978e-07 5.81654224e-07 2.48915399e-03 2.33820467e-02 2.57577039e-02 9.34520309e-03
9.11411411e-02 -2.92799521e-02 -3.73048570e-03 -3.73048323e-03 9.92461170e+01 1.27524239e+02 1.65198899e+02 1.87110990e+02 8.62242448e-16 6.81332554e-06 5.46167155e-06 6.31741483e-17 8.68693993e-01 1.78049721e-06 4.95349116e-01 7.34359308e-07 5.81654991e-07 5.81654210e-07 2.48915399e-03 2.33829947e-02 2.57577039e-02 9.33359083e-03
9.12912913e-02 -2.92799521e-02 -3.73048485e-03 -3.73048169e-03 9.92461170e+01 1.27460180e+02 1.65198899e+02 1.87132367e+02 7.13228685e-15 4.47657736e-06 7.51418411e-06 2.54382245e-16 8.68872689e-01 1.77756876e-06 4.95035605e-01 7.34359308e-07 5.81654954e-07 5.81654248e-07 2.48915399e-03 2.33839204e-02 2.57577039e-02 9.32199244e-03
9.14414414e-02 -2.92799521e-02 -3.73048539e-03 -3.73048209e-03 9.92461170e+01 1.27396139e+02 1.65198899e+02 1.87153706e+02 1.04457090e-14 6.87542622e-06 5.42983266e-06 3.41299264e-16 8.69051119e-01 1.77464993e-06 4.94722298e-01 7.34359308e-07 5.81654990e-07 5.81654212e-07 2.48915399e-03 2.33848239e-02 2.57577039e-02 9.31040790e-03
9.15915916e-02 -2.92799521e-02 -3.73048560e-03 -3.73048215e-03 9.92461170e+01 1.27332114e+02 1.65198899e+02 1.87175008e+02 6.19878727e-15 6.66652642e-06 5.70651104e-06 2.14933583e-16 8.69229284e-01 1.77174067e-06 4.94409195e-01 7.34359308e-07 5.81654996e-07 5.81654206e-07 2.48915399e-03 2.33857052e-02 2.57577039e-02 9.29883723e-03
9.17417417e-02 -2.92799521e-02 -3.73048469e-03 -3.73048145e-03 9.92461170e+01 1.27268106e+02 1.65198899e+02 1.87196272e+02 1.09950152e-15 6.97394065e-06 5.35011056e-06 2.64793639e-17 8.69407183e-01 1.76884093e-06 4.94096296e-01 7.34359308e-07 5.81654987e-07 5.81654215e-07 2.48915399e-03 2.33865643e-02 2.57577039e-02 9.28728041e-03
9.18918919e-02 -2.92799521e-02 -3.73048552e-03 -3.73048199e-03 9.92461170e+01 1.27204114e+02 1.65198899e+02 1.87217499e+02 1.28184411e-15 6.54336124e-06 5.89042080e-06 1.73799081e-16 8.69584818e-01 1.76595066e-06 4.93783600e-01 7.34359308e-07 5.81654999e-07 5.81654203e-07 2.48915399e-03 2.33874013e-02 2.57577039e-02 9.27573745e-03
9.20420420e-02 -2.92799520e-02 -3.73048501e-03 -3.73048195e-03 9.92461170e+01 1.27140140e+02 1.65198899e+02 1.87238689e+02 1.10894910e-14 5.63041489e-06 6.78708906e-06 3.78100290e-16 8.69762188e-01 1.76306983e-06 4.93471110e-01 7.34359308e-07 5.81654995e-07 5.81654207e-07 2.48915399e-03 2.33882162e-02 2.57577039e-02 9.26420835e-03
9.21921922e-02 -2.92799521e-02 -3.73048540e-03 -3.73048231e-03 9.92461170e+01 1.27076182e+02 1.65198899e+02 1.87259841e+02 1.11541334e-16 5.11488629e-06 7.20125115e-06 2.81477713e-17 8.69939294e-01 1.76019838e-06 4.93158823e-01 7.34359308e-07 5.81654980e-07 5.81654222e-07 2.48915399e-03 2.33890090e-02 2.57577039e-02 9.25269310e-03
9.23423423e-02 -2.92799521e-02 -3.73048473e-03 -3.73048270e-03 9.92461170e+01 1.27012242e+02 1.65198899e+02 1.87280955e+02 6.37867047e-15 4.68014575e-06 7.50803967e-06 1.96644229e-16 8.70116135e-01 1.75733627e-06 4.92846742e-01 7.34359308e-07 5.81654961e-07 5.81654241e-07 2.48915399e-03 2.33897798e-02 2.57577039e-02 9.24119170e-03
9.24924925e-02 -2.92799521e-02 -3.73048496e-03 -3.73048187e-03 9.92461170e+01 1.26948318e+02 1.65198899e+02 1.87302033e+02 7.61778155e-15 5.85641144e-06 6.65068619e-06 4.02638415e-17 8.70292713e-01 1.75448345e-06 4.92534865e-01 7.34359308e-07 5.81654998e-07 5.81654203e-07 2.48915399e-03 2.33905287e-02 2.57577039e-02 9.22970415e-03
9.26426426e-02 -2.92799521e-02 -3.73048561e-03 -3.73048285e-03 9.92461170e+01 1.26884412e+02 1.65198899e+02 1.87323073e+02 4.22653672e-15 6.11074977e-06 6.43763085e-06 1.97741336e-16 8.70469027e-01 1.75163988e-06 4.92223193e-01 7.34359308e-07 5.81655001e-07 5.81654201e-07 2.48915399e-03 2.33912556e-02 2.57577039e-02 9.21823045e-03
9.27927928e-02 -2.92799521e-02 -3.73048468e-03 -3.73048088e-03 9.92461170e+01 1.26820523e+02 1.65198899e+02 1.87344077e+02 3.14452282e-15 5.47176971e-06 7.00711607e-06 3.78500777e-18 8.70645078e-01 1.74880551e-06 4.91911727e-01 7.34359308e-07 5.81654990e-07 5.81654212e-07 2.48915399e-03 2.33919605e-02 2.57577039e-02 9.20677060e-03
9.29429429e-02 -2.92799521e-02 -3.73048598e-03 -3.73048302e-03 9.92461170e+01 1.26756651e+02 1.65198899e+02 1.87365043e+02 4.56248104e-16 4.48888705e-06 7.69063274e-06 5.14747761e-17 8.70820866e-01 1.74598030e-06 4.91600466e-01 7.34359308e-07 5.81654951e-07 5.81654251e-07 2.48915399e-03 2.33926436e-02 2.57577039e-02 9.19532459e-03
9.30930931e-02 -2.92799521e-02 -3.73048603e-03 -3.73048270e-03 9.92461170e+01 1.26692797e+02 1.65198899e+02 1.87385972e+02 3.31161548e-15 7.24704163e-06 5.19930189e-06 5.08819165e-17 8.70996392e-01 1.74316420e-06 4.91289411e-01 7.34359308e-07 5.81654980e-07 5.81654222e-07 2.48915399e-03 2.33933049e-02 2.57577039e-02 9.18389243e-03
9.32432432e-02 -2.92799521e-02 -3.73048503e-03 -3.73048305e-03 9.92461170e+01 1.26628961e+02 1.65198899e+02 1.87406865e+02 1.23746755e-16 6.57357878e-06 6.04956544e-06 1.24099403e-17 8.71171655e-01 1.74035718e-06 4.90978561e-01 7.34359308e-07 5.81655000e-07 5.81654202e-07 2.48915399e-03 2.33939443e-02 2.57577039e-02 9.17247410e-03
9.33933934e-02 -2.92799521e-02 -3.73048517e-03 -3.73048053e-03 9.92461170e+01 1.26565142e+02 1.65198899e+02 1.87427720e+02 3.84730516e-15 4.02177650e-06 7.99323058e-06 1.50459824e-16 8.71346656e-01 1.73755917e-06 4.90667918e-01 7.34359308e-07 5.81654924e-07 5.81654278e-07 2.48915399e-03 2.33945620e-02 2.57577039e-02 9.16106962e-03
9.35435435e-02 -2.92799521e-02 -3.73048501e-03 -3.73048192e-03 9.92461170e+01 1.26501340e+02 1.65198899e+02 1.87448539e+02 2.24072894e-15 7.02805893e-06 5.56151637e-06 3.97404283e-17 8.71521395e-01 1.73477015e-06 4.90357480e-01 7.34359308e-07 5.81654990e-07 5.81654212e-07 2.48915399e-03 2.33951579e-02 2.57577039e-02 9.14967897e-03
9.36936937e-02 -2.92799521e-02 -3.73048485e-03 -3.73048201e-03 9.92461170e+01 1.26437557e+02 1.65198899e+02 1.87469321e+02 6.37151732e-15 6.31416865e-06 6.38070686e-06 1.24980738e-16 8.71695872e-01 1.73199007e-06 4.90047249e-01 7.34359308e-07 5.81655001e-07 5.81654201e-07 2.48915399e-03 2.33957322e-02 2.57577039e-02 9.13830215e-03
9.38438438e-02 -2.92799521e-02 -3.73048531e-03 -3.73048283e-03 9.92461170e+01 1.26373791e+02 1.65198899e+02 1.87490066e+02 8.36677632e-15 5.59858758e-06 7.03537105e-06 3.42191393e-16 8.71870088e-01 1.72921889e-06 4.89737224e-01 7.34359308e-07 5.81654992e-07 5.81654210e-07 2.48915399e-03 2.33962848e-02 2.57577039e-02 9.12693917e-03
9.39939940e-02 -2.92799521e-02 -3.73048527e-03 -3.73048199e-03 9.92461170e+01 1.26310044e+02 1.65198899e+02 1.87510775e+02 1.93842547e-16 7.11696403e-06 5.51800224e-06 4.97497842e-17 8.72044044e-01 1.72645656e-06 4.89427406e-01 7.34359308e-07 5.81654988e-07 5.81654214e-07 2.48915399e-03 2.33968157e-02 2.57577039e-02 9.11559001e-03
9.41441441e-02 -2.92799521e-02 -3.73048484e-03 -3.73048259e-03 9.92461170e+01 1.26246314e+02 1.65198899e+02 1.87531447e+02 3.91604069e-15 4.75457880e-06 7.66503862e-06 2.06941494e-16 8.72217738e-01 1.72370304e-06 4.89117795e-01 7.34359308e-07 5.81654961e-07 5.81654241e-07 2.48915399e-03 2.33973251e-02 2.57577039e-02 9.10425468e-03
9.42942943e-02 -2.92799521e-02 -3.73048606e-03 -3.73048386e-03 9.92461170e+01 1.26182603e+02 1.65198899e+02 1.87552083e+02 1.06192912e-14 7.89938934e-06 4.38385782e-06 3.65067442e-16 8.72391172e-01 1.72095829e-06 4.88808390e-01 7.34359308e-07 5.81654940e-07 5.81654262e-07 2.48915399e-03 2.33978130e-02 2.57577039e-02 9.09293317e-03
9.44444444e-02 -2.92799521e-02 -3.73048564e-03 -3.73048380e-03 9.92461170e+01 1.26118909e+02 1.65198899e+02 1.87572682e+02 2.03607839e-15 7.21673959e-06 5.45869672e-06 1.36040887e-16 8.72564346e-01 1.71822227e-06 4.88499193e-01 7.34359308e-07 5.81654986e-07 5.81654216e-07 2.48915399e-03 2.33982793e-02 2.57577039e-02 9.08162548e-03
9.45945946e-02 -2.92799521e-02 -3.73048545e-03 -3.73048305e-03 9.92461170e+01 1.26055234e+02 1.65198899e+02 1.87593245e+02 6.17113177e-15 5.20942227e-06 7.41627752e-06 9.83637309e-17 8.72737260e-01 1.71549493e-06 4.88190203e-01 7.34359308e-07 5.81654978e-07 5.81654224e-07 2.48915399e-03 2.33987241e-02 2.57577039e-02 9.07033161e-03
9.47447447e-02 -2.92799521e-02 -3.73048493e-03 -3.73048286e-03 9.92461170e+01 1.25991578e+02 1.65198899e+02 1.87613771e+02 5.64434902e-15 4.44793319e-06 7.91303415e-06 3.88467170e-17 8.72909915e-01 1.71277624e-06 4.87881420e-01 7.34359308e-07 5.81654944e-07 5.81654258e-07 2.48915399e-03 2.33991476e-02 2.57577039e-02 9.05905156e-03
9.48948949e-02 -2.92799521e-02 -3.73048523e-03 -3.73048278e-03 9.92461170e+01 1.25927940e+02 1.65198899e+02 1.87634261e+02 5.01440161e-15 6.60762771e-06 6.24506650e-06 1.70346281e-16 8.73082310e-01 1.71006615e-06 4.87572845e-01 7.34359308e-07 5.81655001e-07 5.81654201e-07 2.48915399e-03 2.33995496e-02 2.57577039e-02 9.04778531e-03
9.50450450e-02 -2.92799521e-02 -3.73048543e-03 -3.73048173e-03 9.92461170e+01 1.25864320e+02 1.65198899e+02 1.87654715e+02 3.33232332e-15 7.00213143e-06 5.82181666e-06 2.25663214e-16 8.73254447e-01 1.70736462e-06 4.87264478e-01 7.34359308e-07 5.81654994e-07 5.81654208e-07 2.48915399e-03 2.33999302e-02 2.57577039e-02 9.03653287e-03
9.51951952e-02 -2.92799521e-02 -3.73048521e-03 -3.73048195e-03 9.92461170e+01 1.25800719e+02 1.65198899e+02 1.87675133e+02 4.70483265e-15 7.69085259e-06 4.90269196e-06 7.00046963e-17 8.73426324e-01 1.70467162e-06 4.86956318e-01 7.34359308e-07 5.81654963e-07 5.81654239e-07 2.48915399e-03 2.34002896e-02 2.57577039e-02 9.02529424e-03
9.53453453e-02 -2.92799521e-02 -3.73048568e-03 -3.73048343e-03 9.92461170e+01 1.25737137e+02 1.65198899e+02 1.87695515e+02 7.31141510e-15 7.45600449e-06 5.27789931e-06 1.39613841e-16 8.73597944e-01 1.70198710e-06 4.86648367e-01 7.34359308e-07 5.81654978e-07 5.81654224e-07 2.48915399e-03 2.34006276e-02 2.57577039e-02 9.01406941e-03
9.54954955e-02 -2.92799521e-02 -3.73048518e-03 -3.73048190e-03 9.92461170e+01 1.25673573e+02 1.65198899e+02 1.87715861e+02 1.22353356e-15 6.62939911e-06 6.30573767e-06 1.50833066e-16 8.73769305e-01 1.69931102e-06 4.86340623e-01 7.34359308e-07 5.81655001e-07 5.81654201e-07 2.48915399e-03 2.34009444e-02 2.57577039e-02 9.00285838e-03
9.56456456e-02 -2.92799521e-02 -3.73048430e-03 -3.73048229e-03 9.92461170e+01 1.25610028e+02 1.65198899e+02 1.87736171e+02 5.11304789e-15 6.80331490e-06 6.13918695e-06 1.36488124e-16 8.73940408e-01 1.69664334e-06 4.86033088e-01 7.34359308e-07 5.81654999e-07 5.81654203e-07 2.48915399e-03 2.34012400e-02 2.57577039e-02 8.99166114e-03
9.57957958e-02 -2.92799521e-02 -3.73048540e-03 -3.73048339e-03 9.92461170e+01 1.25546503e+02 1.65198899e+02 1.87756445e+02 1.22038372e-14 7.38629674e-06 5.44804501e-06 2.83250323e-16 8.74111254e-01 1.69398402e-06 4.85725762e-01 7.34359308e-07 5.81654983e-07 5.81654219e-07 2.48915399e-03 2.34015144e-02 2.57577039e-02 8.98047769e-03
9.59459459e-02 -2.92799521e-02 -3.73048530e-03 -3.73048188e-03 9.92461170e+01 1.25482996e+02 1.65198899e+02 1.87776683e+02 4.89205971e-16 6.35385118e-06 6.64314885e-06 7.28470220e-17 8.74281842e-01 1.69133303e-06 4.85418644e-01 7.34359308e-07 5.81655001e-07 5.81654201e-07 2.48915399e-03 2.34017677e-02 2.57577039e-02 8.96930803e-03
9.60960961e-02 -2.92799521e-02 -3.73048535e-03 -3.73048234e-03 9.92461170e+01 1.25419508e+02 1.65198899e+02 1.87796885e+02 1.79810501e-15 6.52953840e-06 6.49096845e-06 2.45333046e-17 8.74452174e-01 1.68869032e-06 4.85111735e-01 7.34359308e-07 5.81655001e-07 5.81654201e-07 2.48915399e-03 2.34019999e-02 2.57577039e-02 8.95815215e-03
9.62462462e-02 -2.92799521e-02 -3.73048551e-03 -3.73048228e-03 9.92461170e+01 1.25356040e+02 1.65198899e+02 1.87817052e+02 1.32239897e-15 6.90543505e-06 6.11126955e-06 3.00765158e-17 8.74622249e-01 1.68605586e-06 4.84805035e-01 7.34359308e-07 5.81654998e-07 5.81654204e-07 2.48915399e-03 2.34022110e-02 2.57577039e-02 8.94701005e-03
9.63963964e-02 -2.92799521e-02 -3.73048585e-03 -3.73048266e-03 9.92461170e+01 1.25292590e+02 1.65198899e+02 1.87837183e+02 8.83437735e-15 7.20987923e-06 5.77198490e-06 3.97248280e-16 8.74792067e-01 1.68342960e-06 4.84498544e-01 7.34359308e-07 5.81654991e-07 5.81654211e-07 2.48915399e-03 2.34024011e-02 2.57577039e-02 8.93588173e-03
9.65465465e-02 -2.92799521e-02 -3.73048445e-03 -3.73048124e-03 9.92461170e+01 1.25229161e+02 1.65198899e+02 1.87857279e+02 1.02661672e-14 4.76653267e-06 7.92743766e-06 3.58831747e-16 8.74961630e-01 1.68081152e-06 4.84192262e-01 7.34359308e-07 5.81654956e-07 5.81654246e-07 2.48915399e-03 2.34025702e-02 2.57577039e-02 8.92476718e-03
9.66966967e-02 -2.92799521e-02 -3.73048514e-03 -3.73048342e-03 9.92461170e+01 1.25165750e+02 1.65198899e+02 1.87877338e+02 5.75009289e-15 5.96588453e-06 7.08792427e-06 1.74404582e-16 8.75130936e-01 1.67820156e-06 4.83886189e-01 7.34359308e-07 5.81654996e-07 5.81654206e-07 2.48915399e-03 2.34027183e-02 2.57577039e-02 8.91366640e-03
9.68468468e-02 -2.92799521e-02 -3.73048511e-03 -3.73048141e-03 9.92461170e+01 1.25102359e+02 1.65198899e+02 1.87897363e+02 2.02363746e-15 7.21625044e-06 5.83291861e-06 8.50746251e-17 8.75299987e-01 1.67559970e-06 4.83580326e-01 7.34359308e-07 5.81654992e-07 5.81654210e-07 2.48915399e-03 2.34028456e-02 2.57577039e-02 8.90257938e-03
9.69969970e-02 -2.92799521e-02 -3.73048645e-03 -3.73048307e-03 9.92461170e+01 1.25038988e+02 1.65198899e+02 1.87917352e+02 7.48665901e-15 8.51690362e-06 3.71843215e-06 1.18977630e-16 8.75468783e-01 1.67300589e-06 4.83274673e-01 7.34359308e-07 5.81654893e-07 5.81654308e-07 2.48915399e-03 2.34029519e-02 2.57577039e-02 8.89150613e-03
9.71471471e-02 -2.92799521e-02 -3.73048459e-03 -3.73048226e-03 9.92461170e+01 1.24975636e+02 1.65198899e+02 1.87937305e+02 4.50956276e-15 4.83474024e-06 7.95344332e-06 7.99726215e-17 8.75637324e-01 1.67042010e-06 4.82969229e-01 7.34359308e-07 5.81654957e-07 5.81654245e-07 2.48915399e-03 2.34030374e-02 2.57577039e-02 8.88044662e-03
9.72972973e-02 -2.92799521e-02 -3.73048527e-03 -3.73048251e-03 9.92461170e+01 1.24912304e+02 1.65198899e+02 1.87957224e+02 4.25630842e-15 7.47078978e-06 5.57559654e-06 1.41292027e-16 8.75805610e-01 1.66784229e-06 4.82663996e-01 7.34359308e-07 5.81654984e-07 5.81654218e-07 2.48915399e-03 2.34031022e-02 2.57577039e-02 8.86940087e-03
9.74474474e-02 -2.92799521e-02 -3.73048502e-03 -3.73048187e-03 9.92461170e+01 1.24848991e+02 1.65198899e+02 1.87977107e+02 1.45558054e-14 5.03366946e-06 7.86324139e-06 4.29792118e-16 8.75973642e-01 1.66527243e-06 4.82358972e-01 7.34359308e-07 5.81654965e-07 5.81654237e-07 2.48915399e-03 2.34031461e-02 2.57577039e-02 8.85836887e-03
9.75975976e-02 -2.92799521e-02 -3.73048470e-03 -3.73048328e-03 9.92461170e+01 1.24785699e+02 1.65198899e+02 1.87996955e+02 1.38843042e-16 6.82109759e-06 6.39608097e-06 3.23587344e-18 8.76141420e-01 1.66271047e-06 4.82054158e-01 7.34359308e-07 5.81655000e-07 5.81654201e-07 2.48915399e-03 2.34031694e-02 2.57577039e-02 8.84735061e-03
9.77477477e-02 -2.92799521e-02 -3.73048587e-03 -3.73048206e-03 9.92461170e+01 1.24722427e+02 1.65198899e+02 1.88016767e+02 6.76264462e-15 6.83607761e-06 6.40113362e-06 2.11266945e-16 8.76308944e-01 1.66015638e-06 4.81749555e-01 7.34359308e-07 5.81655000e-07 5.81654201e-07 2.48915399e-03 2.34031719e-02 2.57577039e-02 8.83634608e-03
9.78978979e-02 -2.92799521e-02 -3.73048588e-03 -3.73048311e-03 9.92461170e+01 1.24659174e+02 1.65198899e+02 1.88036545e+02 4.20830060e-15 8.18571606e-06 4.57932088e-06 4.26140228e-17 8.76476215e-01 1.65761013e-06 4.81445162e-01 7.34359308e-07 5.81654941e-07 5.81654261e-07 2.48915399e-03 2.34031539e-02 2.57577039e-02 8.82535529e-03
9.80480480e-02 -2.92799521e-02 -3.73048539e-03 -3.73048273e-03 9.92461170e+01 1.24595942e+02 1.65198899e+02 1.88056288e+02 7.22976115e-15 6.82978270e-06 6.44982696e-06 3.90819350e-16 8.76643233e-01 1.65507168e-06 4.81140980e-01 7.34359308e-07 5.81655001e-07 5.81654201e-07 2.48915399e-03 2.34031152e-02 2.57577039e-02 8.81437823e-03
9.81981982e-02 -2.92799521e-02 -3.73048547e-03 -3.73048352e-03 9.92461170e+01 1.24532730e+02 1.65198899e+02 1.88075996e+02 2.16602686e-15 7.72792462e-06 5.36617805e-06 4.86470251e-17 8.76809997e-01 1.65254099e-06 4.80837008e-01 7.34359308e-07 5.81654976e-07 5.81654226e-07 2.48915399e-03 2.34030559e-02 2.57577039e-02 8.80341489e-03
9.83483483e-02 -2.92799521e-02 -3.73048595e-03 -3.73048321e-03 9.92461170e+01 1.24469538e+02 1.65198899e+02 1.88095668e+02 1.52978777e-15 8.70633261e-06 3.60379779e-06 5.77526860e-17 8.76976509e-01 1.65001802e-06 4.80533248e-01 7.34359308e-07 5.81654883e-07 5.81654319e-07 2.48915399e-03 2.34029761e-02 2.57577039e-02 8.79246526e-03
9.84984985e-02 -2.92799521e-02 -3.73048457e-03 -3.73048210e-03 9.92461170e+01 1.24406366e+02 1.65198899e+02 1.88115306e+02 1.93648881e-15 6.70198843e-06 6.64396351e-06 2.71392804e-17 8.77142769e-01 1.64750275e-06 4.80229698e-01 7.34359308e-07 5.81655001e-07 5.81654201e-07 2.48915399e-03 2.34028758e-02 2.57577039e-02 8.78152936e-03
9.86486486e-02 -2.92799521e-02 -3.73048568e-03 -3.73048153e-03 9.92461170e+01 1.24343215e+02 1.65198899e+02 1.88134910e+02 2.41703292e-15 6.06470399e-06 7.24913743e-06 2.13320839e-16 8.77308777e-01 1.64499514e-06 4.79926359e-01 7.34359308e-07 5.81654995e-07 5.81654206e-07 2.48915399e-03 2.34027551e-02 2.57577039e-02 8.77060716e-03
9.87987988e-02 -2.92799521e-02 -3.73048556e-03 -3.73048360e-03 9.92461170e+01 1.24280084e+02 1.65198899e+02 1.88154478e+02 4.41698741e-15 7.94365733e-06 5.14791978e-06 2.79255674e-16 8.77474533e-01 1.64249515e-06 4.79623231e-01 7.34359308e-07 5.81654966e-07 5.81654236e-07 2.48915399e-03 2.34026139e-02 2.57577039e-02 8.75969866e-03
9.89489489e-02 -2.92799521e-02 -3.73048587e-03 -3.73048381e-03 9.92461170e+01 1.24216974e+02 1.65198899e+02 1.88174012e+02 4.80189154e-15 8.23428407e-06 4.69807318e-06 1.54566526e-16 8.77640038e-01 1.64000274e-06 4.79320315e-01 7.34359308e-07 5.81654945e-07 5.81654257e-07 2.48915399e-03 2.34024524e-02 2.57577039e-02 8.74880387e-03
9.90990991e-02 -2.92799521e-02 -3.73048513e-03 -3.73048191e-03 9.92461170e+01 1.24153884e+02 1.65198899e+02 1.88193511e+02 9.03617592e-17 7.41437336e-06 5.93088216e-06 1.90065248e-17 8.77805291e-01 1.63751789e-06 4.79017610e-01 7.34359308e-07 5.81654991e-07 5.81654211e-07 2.48915399e-03 2.34022705e-02 2.57577039e-02 8.73792276e-03
9.92492492e-02 -2.92799521e-02 -3.73048543e-03 -3.73048261e-03 9.92461170e+01 1.24090816e+02 1.65198899e+02 1.88212976e+02 5.57591019e-15 5.32395324e-06 7.87890861e-06 3.61688477e-16 8.77970294e-01 1.63504055e-06 4.78715117e-01 7.34359308e-07 5.81654973e-07 5.81654229e-07 2.48915399e-03 2.34020683e-02 2.57577039e-02 8.72705535e-03
9.93993994e-02 -2.92799521e-02 -3.73048613e-03 -3.73048363e-03 9.92461170e+01 1.24027768e+02 1.65198899e+02 1.88232406e+02 1.27833545e-14 8.32334174e-06 4.62790004e-06 5.73839176e-16 8.78135046e-01 1.63257070e-06 4.78412835e-01 7.34359308e-07 5.81654940e-07 5.81654262e-07 2.48915399e-03 2.34018459e-02 2.57577039e-02 8.71620162e-03
9.95495495e-02 -2.92799521e-02 -3.73048500e-03 -3.73048290e-03 9.92461170e+01 1.23964740e+02 1.65198899e+02 1.88251802e+02 4.14376028e-16 7.70244680e-06 5.62512233e-06 3.04383122e-17 8.78299548e-01 1.63010830e-06 4.78110765e-01 7.34359308e-07 5.81654982e-07 5.81654220e-07 2.48915399e-03 2.34016032e-02 2.57577039e-02 8.70536156e-03
9.96996997e-02 -2.92799521e-02 -3.73048492e-03 -3.73048215e-03 9.92461170e+01 1.23901734e+02 1.65198899e+02 1.88271164e+02 3.40993503e-15 4.24210431e-06 8.55855504e-06 1.65412697e-16 8.78463800e-01 1.62765332e-06 4.77808907e-01 7.34359308e-07 5.81654921e-07 5.81654281e-07 2.48915399e-03 2.34013403e-02 2.57577039e-02 8.69453518e-03
9.98498498e-02 -2.92799521e-02 -3.73048493e-03 -3.73048112e-03 9.92461170e+01 1.23838749e+02 1.65198899e+02 1.88290491e+02 8.92879386e-15 6.34284454e-06 7.16154143e-06 3.37050131e-16 8.78627803e-01 1.62520572e-06 4.77507261e-01 7.34359308e-07 5.81654999e-07 5.81654203e-07 2.48915399e-03 2.34010573e-02 2.57577039e-02 8.68372247e-03
1.00000000e-01 -2.92799521e-02 -3.73048569e-03 -3.73048334e-03 9.92461170e+01 1.23775785e+02 1.65198899e+02 1.88309784e+02 8.42025615e-16 7.66260977e-06 5.75145348e-06 9.42716315e-17 8.78791556e-01 1.62276547e-06 4.77205827e-01 7.34359308e-07 5.81654985e-07 5.81654217e-07 2.48915399e-03 2.34007542e-02 2.57577039e-02 8.67292341e-03
1.00150150e-01 -2.92799521e-02 -3.73048532e-03 -3.73048224e-03 9.92461170e+01 1.23712841e+02 1.65198899e+02 1.88329043e+02 1.26492469e-14 6.57511191e-06 6.98846020e-06 4.01005449e-16 8.78955060e-01 1.62033254e-06 4.76904605e-01 7.34359308e-07 5.81655001e-07 5.81654201e-07 2.48915399e-03 2.34004310e-02 2.57577039e-02 8.66213801e-03
1.00300300e-01 -2.92799521e-02 -3.73048642e-03 -3.73048313e-03 9.92461170e+01 1.23649920e+02 1.65198899e+02 1.88348267e+02 6.41539886e-15 9.29426579e-06 2.44204363e-06 1.75193095e-16 8.79118315e-01 1.61790689e-06 4.76603596e-01 7.34359308e-07 5.81654796e-07 5.81654406e-07 2.48915399e-03 2.34000878e-02 2.57577039e-02 8.65136626e-03
1.00450450e-01 -2.92799521e-02 -3.73048445e-03 -3.73048102e-03 9.92461170e+01 1.23587019e+02 1.65198899e+02 1.88367458e+02 7.92725777e-15 4.54659776e-06 8.48245820e-06 2.29796231e-16 8.79281322e-01 1.61548850e-06 4.76302799e-01 7.34359308e-07 5.81654935e-07 5.81654266e-07 2.48915399e-03 2.33997246e-02 2.57577039e-02 8.64060815e-03
1.00600601e-01 -2.92799521e-02 -3.73048541e-03 -3.73048159e-03 9.92461170e+01 1.23524140e+02 1.65198899e+02 1.88386615e+02 4.00764479e-15 6.89820133e-06 6.73168446e-06 1.58670165e-16 8.79444081e-01 1.61307732e-06 4.76002214e-01 7.34359308e-07 5.81655001e-07 5.81654201e-07 2.48915399e-03 2.33993414e-02 2.57577039e-02 8.62986368e-03
1.00750751e-01 -2.92799521e-02 -3.73048489e-03 -3.73048174e-03 9.92461170e+01 1.23461282e+02 1.65198899e+02 1.88405737e+02 7.95107665e-15 6.28585854e-06 7.32572605e-06 2.66212508e-16 8.79606592e-01 1.61067333e-06 4.75701843e-01 7.34359308e-07 5.81654997e-07 5.81654205e-07 2.48915399e-03 2.33989383e-02 2.57577039e-02 8.61913285e-03
1.00900901e-01 -2.92799521e-02 -3.73048567e-03 -3.73048363e-03 9.92461170e+01 1.23398446e+02 1.65198899e+02 1.88424826e+02 4.26627879e-15 8.03094918e-06 5.38145627e-06 1.62171872e-16 8.79768856e-01 1.60827650e-06 4.75401683e-01 7.34359308e-07 5.81654971e-07 5.81654231e-07 2.48915399e-03 2.33985154e-02 2.57577039e-02 8.60841563e-03
1.01051051e-01 -2.92799521e-02 -3.73048494e-03 -3.73048188e-03 9.92461170e+01 1.23335631e+02 1.65198899e+02 1.88443881e+02 1.07702692e-15 7.00840360e-06 6.67958425e-06 8.45538649e-17 8.79930872e-01 1.60588678e-06 4.75101737e-01 7.34359308e-07 5.81655001e-07 5.81654201e-07 2.48915399e-03 2.33980726e-02 2.57577039e-02 8.59771204e-03
1.01201201e-01 -2.92799521e-02 -3.73048509e-03 -3.73048279e-03 9.92461170e+01 1.23272838e+02 1.65198899e+02 1.88462902e+02 3.92383491e-15 7.06997830e-06 6.63541543e-06 8.36678281e-17 8.80092641e-01 1.60350416e-06 4.74802004e-01 7.34359308e-07 5.81655001e-07 5.81654201e-07 2.48915399e-03 2.33976099e-02 2.57577039e-02 8.58702206e-03
1.01351351e-01 -2.92799521e-02 -3.73048515e-03 -3.73048270e-03 9.92461170e+01 1.23210066e+02 1.65198899e+02 1.88481889e+02 2.87835825e-15 7.44008141e-06 6.24000785e-06 1.75335191e-17 8.80254164e-01 1.60112860e-06 4.74502484e-01 7.34359308e-07 5.81654995e-07 5.81654207e-07 2.48915399e-03 2.33971276e-02 2.57577039e-02 8.57634569e-03
1.01501502e-01 -2.92799521e-02 -3.73048633e-03 -3.73048267e-03 9.92461170e+01 1.23147317e+02 1.65198899e+02 1.88500843e+02 8.85282729e-16 8.91966605e-06 3.87448825e-06 4.72750272e-17 8.80415440e-01 1.59876007e-06 4.74203177e-01 7.34359308e-07 5.81654892e-07 5.81654310e-07 2.48915399e-03 2.33966255e-02 2.57577039e-02 8.56568292e-03
1.01651652e-01 -2.92799521e-02 -3.73048468e-03 -3.73048154e-03 9.92461170e+01 1.23084589e+02 1.65198899e+02 1.88519763e+02 2.81305245e-15 5.00227198e-06 8.35639771e-06 1.34332092e-16 8.80576470e-01 1.59639853e-06 4.73904083e-01 7.34359308e-07 5.81654955e-07 5.81654247e-07 2.48915399e-03 2.33961037e-02 2.57577039e-02 8.55503375e-03
1.01801802e-01 -2.92799521e-02 -3.73048463e-03 -3.73048203e-03 9.92461170e+01 1.23021883e+02 1.65198899e+02 1.88538650e+02 1.61018705e-15 4.95770014e-06 8.39962719e-06 1.84013885e-17 8.80737255e-01 1.59404396e-06 4.73605203e-01 7.34359308e-07 5.81654952e-07 5.81654249e-07 2.48915399e-03 2.33955623e-02 2.57577039e-02 8.54439816e-03
1.01951952e-01 -2.92799521e-02 -3.73048501e-03 -3.73048306e-03 9.92461170e+01 1.22959199e+02 1.65198899e+02 1.88557503e+02 2.48172402e-15 5.31603148e-06 8.19470383e-06 8.73657940e-17 8.80897794e-01 1.59169633e-06 4.73306536e-01 7.34359308e-07 5.81654967e-07 5.81654235e-07 2.48915399e-03 2.33950013e-02 2.57577039e-02 8.53377615e-03
1.02102102e-01 -2.92799521e-02 -3.73048530e-03 -3.73048319e-03 9.92461170e+01 1.22896538e+02 1.65198899e+02 1.88576323e+02 1.03481418e-15 6.02159951e-06 7.70940650e-06 7.02659824e-17 8.81058087e-01 1.58935560e-06 4.73008083e-01 7.34359308e-07 5.81654990e-07 5.81654212e-07 2.48915399e-03 2.33944207e-02 2.57577039e-02 8.52316772e-03
1.02252252e-01 -2.92799521e-02 -3.73048463e-03 -3.73048257e-03 9.92461170e+01 1.22833898e+02 1.65198899e+02 1.88595109e+02 2.57437089e-15 7.82576038e-06 5.89353420e-06 2.00405745e-16 8.81218136e-01 1.58702174e-06 4.72709843e-01 7.34359308e-07 5.81654985e-07 5.81654217e-07 2.48915399e-03 2.33938206e-02 2.57577039e-02 8.51257286e-03
1.02402402e-01 -2.92799521e-02 -3.73048525e-03 -3.73048210e-03 9.92461170e+01 1.22771280e+02 1.65198899e+02 1.88613862e+02 3.37676906e-15 7.19230387e-06 6.67301368e-06 2.45488565e-16 8.81377941e-01 1.58469473e-06 4.72411817e-01 7.34359308e-07 5.81655000e-07 5.81654202e-07 2.48915399e-03 2.33932010e-02 2.57577039e-02 8.50199156e-03
1.02552553e-01 -2.92799521e-02 -3.73048584e-03 -3.73048228e-03 9.92461170e+01 1.22708685e+02 1.65198899e+02 1.88632582e+02 6.76027175e-15 8.04020354e-06 5.64765112e-06 2.92698645e-16 8.81537501e-01 1.58237453e-06 4.72114005e-01 7.34359308e-07 5.81654977e-07 5.81654225e-07 2.48915399e-03 2.33925619e-02 2.57577039e-02 8.49142382e-03
1.02702703e-01 -2.92799521e-02 -3.73048581e-03 -3.73048232e-03 9.92461170e+01 1.22646112e+02 1.65198899e+02 1.88651268e+02 1.39697113e-15 4.48947291e-06 8.75604776e-06 4.64207366e-17 8.81696818e-01 1.58006112e-06 4.71816407e-01 7.34359308e-07 5.81654927e-07 5.81654275e-07 2.48915399e-03 2.33919035e-02 2.57577039e-02 8.48086963e-03
1.02852853e-01 -2.92799521e-02 -3.73048519e-03 -3.73048273e-03 9.92461170e+01 1.22583562e+02 1.65198899e+02 1.88669921e+02 4.74480328e-16 7.31515680e-06 6.60269170e-06 1.55437702e-16 8.81855890e-01 1.57775446e-06 4.71519023e-01 7.34359308e-07 5.81654999e-07 5.81654203e-07 2.48915399e-03 2.33912256e-02 2.57577039e-02 8.47032897e-03
1.03003003e-01 -2.92799521e-02 -3.73048527e-03 -3.73048248e-03 9.92461170e+01 1.22521034e+02 1.65198899e+02 1.88688542e+02 5.16468883e-15 5.76165573e-06 8.01212277e-06 2.95132482e-16 8.82014720e-01 1.57545453e-06 4.71221853e-01 7.34359308e-07 5.81654981e-07 5.81654221e-07 2.48915399e-03 2.33905284e-02 2.57577039e-02 8.45980186e-03
1.03153153e-01 -2.92799521e-02 -3.73048590e-03 -3.73048394e-03 9.92461170e+01 1.22458529e+02 1.65198899e+02 1.88707129e+02 3.70874157e-15 7.55199294e-06 6.37513417e-06 3.23657413e-16 8.82173306e-01 1.57316129e-06 4.70924897e-01 7.34359308e-07 5.81654995e-07 5.81654206e-07 2.48915399e-03 2.33898120e-02 2.57577039e-02 8.44928827e-03
1.03303303e-01 -2.92799521e-02 -3.73048501e-03 -3.73048108e-03 9.92461170e+01 1.22396046e+02 1.65198899e+02 1.88725683e+02 4.70598883e-15 6.43025452e-06 7.52404937e-06 1.49996808e-16 8.82331649e-01 1.57087472e-06 4.70628155e-01 7.34359308e-07 5.81654997e-07 5.81654205e-07 2.48915399e-03 2.33890763e-02 2.57577039e-02 8.43878820e-03
1.03453453e-01 -2.92799521e-02 -3.73048436e-03 -3.73048266e-03 9.92461170e+01 1.22333586e+02 1.65198899e+02 1.88744205e+02 5.23478934e-15 7.24854518e-06 6.76040367e-06 1.14752341e-16 8.82489751e-01 1.56859478e-06 4.70331628e-01 7.34359308e-07 5.81655000e-07 5.81654202e-07 2.48915399e-03 2.33883213e-02 2.57577039e-02 8.42830164e-03
1.03603604e-01 -2.92799521e-02 -3.73048570e-03 -3.73048278e-03 9.92461170e+01 1.22271148e+02 1.65198899e+02 1.88762693e+02 6.24837392e-15 8.46778303e-06 5.17943069e-06 2.98867334e-16 8.82647609e-01 1.56632146e-06 4.70035315e-01 7.34359308e-07 5.81654957e-07 5.81654245e-07 2.48915399e-03 2.33875472e-02 2.57577039e-02 8.41782859e-03
1.03753754e-01 -2.92799521e-02 -3.73048594e-03 -3.73048276e-03 9.92461170e+01 1.22208733e+02 1.65198899e+02 1.88781149e+02 5.57874715e-15 7.76532277e-06 6.20607886e-06 2.33332643e-16 8.82805227e-01 1.56405471e-06 4.69739217e-01 7.34359308e-07 5.81654991e-07 5.81654211e-07 2.48915399e-03 2.33867540e-02 2.57577039e-02 8.40736904e-03
1.03903904e-01 -2.92799520e-02 -3.73048582e-03 -3.73048223e-03 9.92461170e+01 1.22146342e+02 1.65198899e+02 1.88799572e+02 3.33910417e-15 8.82984095e-06 4.59736620e-06 1.93829493e-16 8.82962602e-01 1.56179452e-06 4.69443333e-01 7.34359308e-07 5.81654928e-07 5.81654274e-07 2.48915399e-03 2.33859416e-02 2.57577039e-02 8.39692299e-03
1.04054054e-01 -2.92799521e-02 -3.73048564e-03 -3.73048234e-03 9.92461170e+01 1.22083973e+02 1.65198899e+02 1.88817962e+02 4.79664454e-16 7.45529884e-06 6.61868680e-06 3.92128368e-17 8.83119737e-01 1.55954085e-06 4.69147664e-01 7.34359308e-07 5.81654998e-07 5.81654204e-07 2.48915399e-03 2.33851102e-02 2.57577039e-02 8.38649041e-03
1.04204204e-01 -2.92799521e-02 -3.73048599e-03 -3.73048297e-03 9.92461170e+01 1.22021627e+02 1.65198899e+02 1.88836320e+02 6.42227883e-15 8.87610126e-06 4.57059784e-06 1.54352883e-16 8.83276630e-01 1.55729367e-06 4.68852210e-01 7.34359308e-07 5.81654926e-07 5.81654276e-07 2.48915399e-03 2.33842598e-02 2.57577039e-02 8.37607132e-03
1.04354354e-01 -2.92799521e-02 -3.73048562e-03 -3.73048337e-03 9.92461170e+01 1.21959304e+02 1.65198899e+02 1.88854645e+02 7.71330517e-15 7.39901400e-06 6.72440230e-06 3.03262759e-16 8.83433283e-01 1.55505296e-06 4.68556970e-01 7.34359308e-07 5.81654999e-07 5.81654202e-07 2.48915399e-03 2.33833904e-02 2.57577039e-02 8.36566570e-03
1.04504505e-01 -2.92799521e-02 -3.73048552e-03 -3.73048189e-03 9.92461170e+01 1.21897005e+02 1.65198899e+02 1.88872937e+02 2.41894609e-15 6.02699453e-06 7.99538628e-06 8.89459655e-17 8.83589696e-01 1.55281869e-06 4.68261946e-01 7.34359308e-07 5.81654986e-07 5.81654215e-07 2.48915399e-03 2.33825021e-02 2.57577039e-02 8.35527354e-03
1.04654655e-01 -2.92799521e-02 -3.73048546e-03 -3.73048338e-03 9.92461170e+01 1.21834728e+02 1.65198899e+02 1.88891198e+02 3.11624473e-15 7.54584458e-06 6.60298254e-06 1.79902426e-16 8.83745868e-01 1.55059083e-06 4.67967136e-01 7.34359308e-07 5.81654998e-07 5.81654204e-07 2.48915399e-03 2.33815948e-02 2.57577039e-02 8.34489483e-03
1.04804805e-01 -2.92799521e-02 -3.73048507e-03 -3.73048166e-03 9.92461170e+01 1.21772475e+02 1.65198899e+02 1.88909425e+02 1.29419278e-14 9.20914271e-06 4.00244145e-06 4.95078944e-16 8.83901801e-01 1.54836935e-06 4.67672542e-01 7.34359308e-07 5.81654893e-07 5.81654309e-07 2.48915399e-03 2.33806687e-02 2.57577039e-02 8.33452957e-03
1.04954955e-01 -2.92799521e-02 -3.73048498e-03 -3.73048321e-03 9.92461170e+01 1.21710246e+02 1.65198899e+02 1.88927621e+02 1.02626860e-15 7.63285819e-06 6.54648262e-06 1.12907256e-17 8.84057494e-01 1.54615423e-06 4.67378162e-01 7.34359308e-07 5.81654996e-07 5.81654205e-07 2.48915399e-03 2.33797238e-02 2.57577039e-02 8.32417775e-03
1.05105105e-01 -2.92799521e-02 -3.73048553e-03 -3.73048356e-03 9.92461170e+01 1.21648039e+02 1.65198899e+02 1.88945784e+02 1.93236456e-15 6.33730028e-06 7.82592550e-06 9.86794178e-17 8.84212949e-01 1.54394544e-06 4.67083998e-01 7.34359308e-07 5.81654993e-07 5.81654209e-07 2.48915399e-03 2.33787601e-02 2.57577039e-02 8.31383937e-03
1.05255255e-01 -2.92799521e-02 -3.73048530e-03 -3.73048292e-03 9.92461170e+01 1.21585856e+02 1.65198899e+02 1.88963914e+02 2.75772920e-15 8.50604807e-06 5.41697062e-06 1.58863926e-16 8.84368164e-01 1.54174295e-06 4.66790049e-01 7.34359308e-07 5.81654963e-07 5.81654239e-07 2.48915399e-03 2.33777776e-02 2.57577039e-02 8.30351441e-03
1.05405405e-01 -2.92799521e-02 -3.73048545e-03 -3.73048348e-03 9.92461170e+01 1.21523697e+02 1.65198899e+02 1.88982013e+02 3.37786111e-15 9.26314662e-06 4.02254805e-06 2.19857068e-16 8.84523141e-01 1.53954673e-06 4.66496316e-01 7.34359308e-07 5.81654892e-07 5.81654310e-07 2.48915399e-03 2.33767764e-02 2.57577039e-02 8.29320286e-03
1.05555556e-01 -2.92799521e-02 -3.73048491e-03 -3.73047950e-03 9.92461170e+01 1.21461561e+02 1.65198899e+02 1.89000080e+02 7.60317909e-15 4.24769269e-06 9.17794381e-06 3.01899885e-16 8.84677880e-01 1.53735677e-06 4.66202797e-01 7.34359308e-07 5.81654907e-07 5.81654294e-07 2.48915399e-03 2.33757566e-02 2.57577039e-02 8.28290473e-03
1.05705706e-01 -2.92799521e-02 -3.73048482e-03 -3.73048249e-03 9.92461170e+01 1.21399449e+02 1.65198899e+02 1.89018114e+02 8.87485484e-16 6.32458094e-06 7.91001916e-06 1.52743248e-17 8.84832381e-01 1.53517302e-06 4.65909495e-01 7.34359308e-07 5.81654992e-07 5.81654210e-07 2.48915399e-03 2.33747182e-02 2.57577039e-02 8.27261999e-03
1.05855856e-01 -2.92799521e-02 -3.73048549e-03 -3.73048372e-03 9.92461170e+01 1.21337360e+02 1.65198899e+02 1.89036117e+02 8.98744483e-15 7.50531372e-06 6.82133334e-06 2.65830728e-16 8.84986644e-01 1.53299547e-06 4.65616408e-01 7.34359308e-07 5.81654999e-07 5.81654202e-07 2.48915399e-03 2.33736611e-02 2.57577039e-02 8.26234865e-03
1.06006006e-01 -2.92799522e-02 -3.73048511e-03 -3.73048290e-03 9.92461170e+01 1.21275296e+02 1.65198899e+02 1.89054087e+02 4.31036644e-15 8.02862640e-06 6.22040915e-06 2.11189091e-16 8.85140670e-01 1.53082409e-06 4.65323536e-01 7.34359308e-07 5.81654988e-07 5.81654214e-07 2.48915399e-03 2.33725855e-02 2.57577039e-02 8.25209069e-03
1.06156156e-01 -2.92799521e-02 -3.73048530e-03 -3.73048223e-03 9.92461170e+01 1.21213255e+02 1.65198899e+02 1.89072026e+02 7.51247346e-16 7.67131097e-06 6.67800443e-06 4.15828653e-17 8.85294460e-01 1.52865885e-06 4.65030880e-01 7.34359308e-07 5.81654997e-07 5.81654205e-07 2.48915399e-03 2.33714914e-02 2.57577039e-02 8.24184611e-03
1.06306306e-01 -2.92799521e-02 -3.73048473e-03 -3.73048160e-03 9.92461170e+01 1.21151238e+02 1.65198899e+02 1.89089933e+02 3.57397295e-15 6.17931974e-06 8.09651775e-06 1.62295632e-16 8.85448012e-01 1.52649973e-06 4.64738440e-01 7.34359308e-07 5.81654988e-07 5.81654214e-07 2.48915399e-03 2.33703789e-02 2.57577039e-02 8.23161490e-03
1.06456456e-01 -2.92799521e-02 -3.73048487e-03 -3.73048252e-03 9.92461170e+01 1.21089245e+02 1.65198899e+02 1.89107808e+02 8.24448331e-15 5.50945876e-06 8.58351370e-06 1.98357895e-16 8.85601328e-01 1.52434669e-06 4.64446216e-01 7.34359308e-07 5.81654966e-07 5.81654236e-07 2.48915399e-03 2.33692479e-02 2.57577039e-02 8.22139705e-03
1.06606607e-01 -2.92799521e-02 -3.73048600e-03 -3.73048246e-03 9.92461170e+01 1.21027276e+02 1.65198899e+02 1.89125651e+02 1.97903422e-15 7.18400240e-06 7.26048328e-06 7.97499583e-17 8.85754408e-01 1.52219973e-06 4.64154208e-01 7.34359308e-07 5.81655001e-07 5.81654200e-07 2.48915399e-03 2.33680985e-02 2.57577039e-02 8.21119255e-03
1.06756757e-01 -2.92799521e-02 -3.73048561e-03 -3.73048242e-03 9.92461170e+01 1.20965331e+02 1.65198899e+02 1.89143462e+02 5.52259982e-15 8.51547125e-06 5.66615710e-06 1.57298843e-16 8.85907252e-01 1.52005880e-06 4.63862415e-01 7.34359308e-07 5.81654970e-07 5.81654232e-07 2.48915399e-03 2.33669308e-02 2.57577039e-02 8.20100139e-03
1.06906907e-01 -2.92799521e-02 -3.73048559e-03 -3.73048327e-03 9.92461170e+01 1.20903411e+02 1.65198899e+02 1.89161242e+02 9.28671577e-15 8.04967980e-06 6.33369835e-06 3.66590241e-16 8.86059861e-01 1.51792388e-06 4.63570839e-01 7.34359308e-07 5.81654990e-07 5.81654212e-07 2.48915399e-03 2.33657447e-02 2.57577039e-02 8.19082357e-03
1.07057057e-01 -2.92799521e-02 -3.73048635e-03 -3.73048506e-03 9.92461170e+01 1.20841514e+02 1.65198899e+02 1.89178991e+02 7.18188024e-15 9.46552942e-06 3.95116933e-06 3.87729224e-16 8.86212235e-01 1.51579496e-06 4.63279478e-01 7.34359308e-07 5.81654884e-07 5.81654318e-07 2.48915399e-03 2.33645404e-02 2.57577039e-02 8.18065908e-03
1.07207207e-01 -2.92799521e-02 -3.73048556e-03 -3.73048204e-03 9.92461170e+01 1.20779642e+02 1.65198899e+02 1.89196708e+02 7.21458121e-15 5.54421562e-06 8.64667450e-06 3.55418655e-16 8.86364374e-01 1.51367200e-06 4.62988334e-01 7.34359308e-07 5.81654966e-07 5.81654236e-07 2.48915399e-03 2.33633179e-02 2.57577039e-02 8.17050791e-03
1.07357357e-01 -2.92799521e-02 -3.73048509e-03 -3.73048246e-03 9.92461170e+01 1.20717794e+02 1.65198899e+02 1.89214393e+02 7.77822058e-15 9.07658883e-06 4.83886106e-06 3.29017278e-16 8.86516278e-01 1.51155497e-06 4.62697405e-01 7.34359308e-07 5.81654932e-07 5.81654269e-07 2.48915399e-03 2.33620771e-02 2.57577039e-02 8.16037004e-03
1.07507508e-01 -2.92799521e-02 -3.73048456e-03 -3.73048081e-03 9.92461170e+01 1.20655971e+02 1.65198899e+02 1.89232047e+02 8.06452157e-15 7.52643407e-06 7.03192575e-06 3.30816750e-16 8.86667948e-01 1.50944386e-06 4.62406693e-01 7.34359308e-07 5.81655000e-07 5.81654202e-07 2.48915399e-03 2.33608183e-02 2.57577039e-02 8.15024548e-03
1.07657658e-01 -2.92799521e-02 -3.73048552e-03 -3.73048295e-03 9.92461170e+01 1.20594172e+02 1.65198899e+02 1.89249670e+02 1.18814118e-15 8.72828865e-06 5.49624680e-06 5.95122643e-17 8.86819384e-01 1.50733864e-06 4.62116197e-01 7.34359308e-07 5.81654961e-07 5.81654241e-07 2.48915399e-03 2.33595413e-02 2.57577039e-02 8.14013421e-03
1.07807808e-01 -2.92799521e-02 -3.73048632e-03 -3.73048248e-03 9.92461170e+01 1.20532397e+02 1.65198899e+02 1.89267261e+02 3.88450763e-15 7.80215313e-06 6.76868779e-06 2.93479942e-16 8.86970587e-01 1.50523928e-06 4.61825918e-01 7.34359308e-07 5.81654997e-07 5.81654205e-07 2.48915399e-03 2.33582462e-02 2.57577039e-02 8.13003623e-03
1.07957958e-01 -2.92799521e-02 -3.73048523e-03 -3.73048323e-03 9.92461170e+01 1.20470647e+02 1.65198899e+02 1.89284822e+02 6.94821217e-15 7.08311899e-06 7.53760859e-06 2.33599307e-16 8.87121556e-01 1.50314577e-06 4.61535855e-01 7.34359308e-07 5.81655001e-07 5.81654201e-07 2.48915399e-03 2.33569331e-02 2.57577039e-02 8.11995152e-03
1.08108108e-01 -2.92799521e-02 -3.73048517e-03 -3.73048244e-03 9.92461170e+01 1.20408922e+02 1.65198899e+02 1.89302351e+02 7.35295957e-16 6.99765959e-06 7.63653600e-06 3.34737875e-17 8.87272292e-01 1.50105806e-06 4.61246008e-01 7.34359308e-07 5.81655000e-07 5.81654202e-07 2.48915399e-03 2.33556020e-02 2.57577039e-02 8.10988008e-03
1.08258258e-01 -2.92799521e-02 -3.73048493e-03 -3.73048311e-03 9.92461170e+01 1.20347221e+02 1.65198899e+02 1.89319849e+02 1.19980005e-14 5.02624097e-06 9.07298415e-06 4.30520674e-16 8.87422795e-01 1.49897615e-06 4.60956378e-01 7.34359308e-07 5.81654941e-07 5.81654260e-07 2.48915399e-03 2.33542529e-02 2.57577039e-02 8.09982189e-03
1.08408408e-01 -2.92799521e-02 -3.73048556e-03 -3.73048247e-03 9.92461170e+01 1.20285546e+02 1.65198899e+02 1.89337316e+02 1.04794793e-15 8.47714218e-06 6.00156912e-06 2.23564249e-17 8.87573066e-01 1.49690001e-06 4.60666964e-01 7.34359308e-07 5.81654978e-07 5.81654224e-07 2.48915399e-03 2.33528859e-02 2.57577039e-02 8.08977696e-03
1.08558559e-01 -2.92799521e-02 -3.73048561e-03 -3.73048315e-03 9.92461170e+01 1.20223895e+02 1.65198899e+02 1.89354751e+02 5.86284557e-15 7.58413765e-06 7.11763115e-06 3.13103365e-16 8.87723105e-01 1.49482961e-06 4.60377767e-01 7.34359308e-07 5.81655000e-07 5.81654201e-07 2.48915399e-03 2.33515011e-02 2.57577039e-02 8.07974526e-03
1.08708709e-01 -2.92799521e-02 -3.73048540e-03 -3.73048377e-03 9.92461170e+01 1.20162268e+02 1.65198899e+02 1.89372156e+02 1.41026972e-14 7.57850684e-06 7.14461410e-06 7.30563772e-16 8.87872913e-01 1.49276493e-06 4.60088786e-01 7.34359308e-07 5.81655001e-07 5.81654201e-07 2.48915399e-03 2.33500984e-02 2.57577039e-02 8.06972680e-03
1.08858859e-01 -2.92799521e-02 -3.73048515e-03 -3.73048295e-03 9.92461170e+01 1.20100667e+02 1.65198899e+02 1.89389530e+02 4.19320402e-15 5.44258363e-06 8.89704634e-06 1.37665717e-16 8.88022488e-01 1.49070594e-06 4.59800022e-01 7.34359308e-07 5.81654958e-07 5.81654244e-07 2.48915399e-03 2.33486779e-02 2.57577039e-02 8.05972156e-03
1.09009009e-01 -2.92799521e-02 -3.73048549e-03 -3.73048209e-03 9.92461170e+01 1.20039091e+02 1.65198899e+02 1.89406874e+02 8.99180972e-15 7.95070422e-06 6.77242496e-06 4.29596352e-16 8.88171833e-01 1.48865263e-06 4.59511474e-01 7.34359308e-07 5.81654996e-07 5.81654206e-07 2.48915399e-03 2.33472397e-02 2.57577039e-02 8.04972954e-03
1.09159159e-01 -2.92799521e-02 -3.73048594e-03 -3.73048224e-03 9.92461170e+01 1.19977540e+02 1.65198899e+02 1.89424186e+02 1.06857972e-14 7.74618195e-06 7.02686302e-06 4.69219243e-16 8.88320947e-01 1.48660496e-06 4.59223144e-01 7.34359308e-07 5.81654999e-07 5.81654203e-07 2.48915399e-03 2.33457837e-02 2.57577039e-02 8.03975071e-03
1.09309309e-01 -2.92799521e-02 -3.73048527e-03 -3.73048226e-03 9.92461170e+01 1.19916014e+02 1.65198899e+02 1.89441468e+02 6.25431321e-15 7.12449504e-06 7.67612039e-06 1.83962244e-16 8.88469830e-01 1.48456292e-06 4.58935030e-01 7.34359308e-07 5.81655000e-07 5.81654201e-07 2.48915399e-03 2.33443101e-02 2.57577039e-02 8.02978509e-03
1.09459459e-01 -2.92799521e-02 -3.73048528e-03 -3.73048096e-03 9.92461170e+01 1.19854513e+02 1.65198899e+02 1.89458719e+02 9.73479376e-15 5.50448488e-06 8.92655752e-06 4.05245466e-16 8.88618482e-01 1.48252648e-06 4.58647133e-01 7.34359308e-07 5.81654960e-07 5.81654242e-07 2.48915399e-03 2.33428188e-02 2.57577039e-02 8.01983265e-03
1.09609610e-01 -2.92799521e-02 -3.73048535e-03 -3.73048236e-03 9.92461170e+01 1.19793037e+02 1.65198899e+02 1.89475939e+02 8.68924436e-15 7.74575321e-06 7.09140558e-06 3.63205138e-16 8.88766905e-01 1.48049562e-06 4.58359453e-01 7.34359308e-07 5.81655000e-07 5.81654202e-07 2.48915399e-03 2.33413099e-02 2.57577039e-02 8.00989338e-03
1.09759760e-01 -2.92799521e-02 -3.73048489e-03 -3.73048163e-03 9.92461170e+01 1.19731587e+02 1.65198899e+02 1.89493129e+02 1.40948503e-14 7.58873319e-06 7.27998705e-06 6.20196319e-16 8.88915099e-01 1.47847032e-06 4.58071989e-01 7.34359308e-07 5.81655001e-07 5.81654201e-07 2.48915399e-03 2.33397835e-02 2.57577039e-02 7.99996728e-03
1.09909910e-01 -2.92799521e-02 -3.73048561e-03 -3.73048346e-03 9.92461170e+01 1.19670161e+02 1.65198899e+02 1.89510288e+02 1.58583926e-15 9.04919881e-06 5.38533700e-06 2.69150029e-17 8.89063062e-01 1.47645055e-06 4.57784743e-01 7.34359308e-07 5.81654952e-07 5.81654250e-07 2.48915399e-03 2.33382395e-02 2.57577039e-02 7.99005435e-03
1.10060060e-01 -2.92799521e-02 -3.73048505e-03 -3.73048235e-03 9.92461170e+01 1.19608762e+02 1.65198899e+02 1.89527417e+02 1.47032823e-14 7.55588184e-06 7.35538497e-06 7.44741026e-16 8.89210797e-01 1.47443630e-06 4.57497713e-01 7.34359308e-07 5.81655001e-07 5.81654201e-07 2.48915399e-03 2.33366781e-02 2.57577039e-02 7.98015456e-03
1.10210210e-01 -2.92799521e-02 -3.73048505e-03 -3.73048211e-03 9.92461170e+01 1.19547387e+02 1.65198899e+02 1.89544515e+02 1.21180192e-15 8.27637402e-06 6.55730661e-06 7.54399824e-17 8.89358304e-01 1.47242753e-06 4.57210901e-01 7.34359308e-07 5.81654990e-07 5.81654212e-07 2.48915399e-03 2.33350992e-02 2.57577039e-02 7.97026791e-03
1.10360360e-01 -2.92799521e-02 -3.73048498e-03 -3.73048294e-03 9.92461170e+01 1.19486039e+02 1.65198899e+02 1.89561583e+02 3.53618343e-15 8.11802830e-06 6.77482590e-06 5.16780444e-17 8.89505581e-01 1.47042423e-06 4.56924305e-01 7.34359308e-07 5.81654995e-07 5.81654207e-07 2.48915399e-03 2.33335029e-02 2.57577039e-02 7.96039439e-03
1.10510511e-01 -2.92799521e-02 -3.73048482e-03 -3.73047976e-03 9.92461170e+01 1.19424715e+02 1.65198899e+02 1.89578621e+02 1.46693814e-14 5.04384945e-06 9.30938551e-06 7.45407459e-16 8.89652631e-01 1.46842637e-06 4.56637927e-01 7.34359308e-07 5.81654937e-07 5.81654264e-07 2.48915399e-03 2.33318893e-02 2.57577039e-02 7.95053399e-03
1.10660661e-01 -2.92799521e-02 -3.73048534e-03 -3.73048145e-03 9.92461170e+01 1.19363418e+02 1.65198899e+02 1.89595629e+02 3.36935493e-15 8.99414817e-06 5.61384137e-06 7.95843407e-17 8.89799453e-01 1.46643393e-06 4.56351766e-01 7.34359308e-07 5.81654960e-07 5.81654242e-07 2.48915399e-03 2.33302583e-02 2.57577039e-02 7.94068670e-03
1.10810811e-01 -2.92799521e-02 -3.73048565e-03 -3.73048098e-03 9.92461170e+01 1.19302146e+02 1.65198899e+02 1.89612606e+02 1.43632531e-15 6.05587872e-06 8.72017794e-06 1.12985578e-17 8.89946047e-01 1.46444689e-06 4.56065821e-01 7.34359308e-07 5.81654977e-07 5.81654225e-07 2.48915399e-03 2.33286101e-02 2.57577039e-02 7.93085251e-03
1.10960961e-01 -2.92799521e-02 -3.73048535e-03 -3.73048193e-03 9.92461170e+01 1.19240900e+02 1.65198899e+02 1.89629553e+02 1.11647866e-14 8.47247378e-06 6.42168408e-06 4.51335640e-16 8.90092414e-01 1.46246523e-06 4.55780094e-01 7.34359308e-07 5.81654986e-07 5.81654216e-07 2.48915399e-03 2.33269446e-02 2.57577039e-02 7.92103142e-03
1.11111111e-01 -2.92799521e-02 -3.73048471e-03 -3.73048123e-03 9.92461170e+01 1.19179679e+02 1.65198899e+02 1.89646471e+02 1.43333614e-14 5.20662950e-06 9.28536105e-06 5.60072578e-16 8.90238554e-01 1.46048893e-06 4.55494584e-01 7.34359308e-07 5.81654944e-07 5.81654258e-07 2.48915399e-03 2.33252619e-02 2.57577039e-02 7.91122340e-03
1.11261261e-01 -2.92799521e-02 -3.73048548e-03 -3.73048219e-03 9.92461170e+01 1.19118485e+02 1.65198899e+02 1.89663358e+02 1.63766100e-14 7.70874608e-06 7.36265239e-06 7.97171050e-16 8.90384468e-01 1.45851796e-06 4.55209292e-01 7.34359308e-07 5.81655001e-07 5.81654201e-07 2.48915399e-03 2.33235621e-02 2.57577039e-02 7.90142846e-03
1.11411411e-01 -2.92799521e-02 -3.73048570e-03 -3.73048338e-03 9.92461170e+01 1.19057316e+02 1.65198899e+02 1.89680215e+02 2.59130702e-15 9.52751347e-06 4.81319159e-06 2.30041219e-16 8.90530155e-01 1.45655230e-06 4.54924216e-01 7.34359308e-07 5.81654922e-07 5.81654280e-07 2.48915399e-03 2.33218451e-02 2.57577039e-02 7.89164658e-03
1.11561562e-01 -2.92799521e-02 -3.73048560e-03 -3.73048300e-03 9.92461170e+01 1.18996173e+02 1.65198899e+02 1.89697042e+02 2.87903836e-15 8.34926100e-06 6.67364148e-06 3.73562290e-17 8.90675617e-01 1.45459193e-06 4.54639358e-01 7.34359308e-07 5.81654991e-07 5.81654211e-07 2.48915399e-03 2.33201110e-02 2.57577039e-02 7.88187776e-03
1.11711712e-01 -2.92799521e-02 -3.73048597e-03 -3.73048268e-03 9.92461170e+01 1.18935056e+02 1.65198899e+02 1.89713839e+02 8.26343010e-15 9.03335017e-06 5.74055506e-06 3.53298581e-16 8.90820852e-01 1.45263684e-06 4.54354717e-01 7.34359308e-07 5.81654963e-07 5.81654239e-07 2.48915399e-03 2.33183599e-02 2.57577039e-02 7.87212197e-03
1.11861862e-01 -2.92799521e-02 -3.73048580e-03 -3.73048298e-03 9.92461170e+01 1.18873966e+02 1.65198899e+02 1.89730607e+02 1.23955506e-14 5.50752487e-06 9.19405835e-06 5.41114737e-16 8.90965863e-01 1.45068699e-06 4.54070294e-01 7.34359308e-07 5.81654955e-07 5.81654247e-07 2.48915399e-03 2.33165918e-02 2.57577039e-02 7.86237922e-03
1.12012012e-01 -2.92799521e-02 -3.73048491e-03 -3.73048067e-03 9.92461170e+01 1.18812901e+02 1.65198899e+02 1.89747345e+02 7.44519969e-15 7.04434300e-06 8.09625446e-06 3.32465037e-16 8.91110648e-01 1.44874237e-06 4.53786087e-01 7.34359308e-07 5.81654998e-07 5.81654204e-07 2.48915399e-03 2.33148067e-02 2.57577039e-02 7.85264950e-03
1.12162162e-01 -2.92799521e-02 -3.73048495e-03 -3.73048150e-03 9.92461170e+01 1.18751863e+02 1.65198899e+02 1.89764053e+02 3.91089641e-15 7.49363051e-06 7.70237533e-06 1.21214337e-16 8.91255208e-01 1.44680295e-06 4.53502098e-01 7.34359308e-07 5.81655001e-07 5.81654201e-07 2.48915399e-03 2.33130047e-02 2.57577039e-02 7.84293278e-03
1.12312312e-01 -2.92799521e-02 -3.73048549e-03 -3.73048222e-03 9.92461170e+01 1.18690850e+02 1.65198899e+02 1.89780731e+02 2.51995986e-15 9.13319955e-06 5.68991592e-06 4.34306827e-17 8.91399545e-01 1.44486872e-06 4.53218327e-01 7.34359308e-07 5.81654960e-07 5.81654242e-07 2.48915399e-03 2.33111858e-02 2.57577039e-02 7.83322907e-03
1.12462462e-01 -2.92799521e-02 -3.73048544e-03 -3.73048326e-03 9.92461170e+01 1.18629864e+02 1.65198899e+02 1.89797380e+02 1.35803786e-15 8.67055016e-06 6.39701840e-06 1.40193769e-16 8.91543657e-01 1.44293966e-06 4.52934773e-01 7.34359308e-07 5.81654983e-07 5.81654219e-07 2.48915399e-03 2.33093500e-02 2.57577039e-02 7.82353836e-03
1.12612613e-01 -2.92799521e-02 -3.73048513e-03 -3.73048151e-03 9.92461170e+01 1.18568905e+02 1.65198899e+02 1.89814000e+02 4.46340869e-15 7.26673687e-06 7.97527684e-06 1.10867972e-16 8.91687545e-01 1.44101574e-06 4.52651436e-01 7.34359308e-07 5.81655000e-07 5.81654202e-07 2.48915399e-03 2.33074975e-02 2.57577039e-02 7.81386062e-03
1.12762763e-01 -2.92799521e-02 -3.73048613e-03 -3.73048179e-03 9.92461170e+01 1.18507971e+02 1.65198899e+02 1.89830589e+02 9.31893871e-15 8.95306287e-06 6.04680127e-06 4.56139894e-16 8.91831209e-01 1.43909695e-06 4.52368317e-01 7.34359308e-07 5.81654972e-07 5.81654230e-07 2.48915399e-03 2.33056282e-02 2.57577039e-02 7.80419586e-03
1.12912913e-01 -2.92799521e-02 -3.73048555e-03 -3.73048343e-03 9.92461170e+01 1.18447065e+02 1.65198899e+02 1.89847150e+02 1.93351418e-15 9.59645133e-06 4.99402755e-06 7.89809588e-17 8.91974651e-01 1.43718325e-06 4.52085415e-01 7.34359308e-07 5.81654928e-07 5.81654274e-07 2.48915399e-03 2.33037421e-02 2.57577039e-02 7.79454407e-03
1.13063063e-01 -2.92799521e-02 -3.73048529e-03 -3.73048155e-03 9.92461170e+01 1.18386184e+02 1.65198899e+02 1.89863681e+02 1.09477659e-14 6.09851008e-06 8.95275527e-06 5.34600654e-16 8.92117869e-01 1.43527464e-06 4.51802730e-01 7.34359308e-07 5.81654974e-07 5.81654228e-07 2.48915399e-03 2.33018393e-02 2.57577039e-02 7.78490522e-03
1.13213213e-01 -2.92799521e-02 -3.73048532e-03 -3.73048234e-03 9.92461170e+01 1.18325330e+02 1.65198899e+02 1.89880182e+02 3.15660110e-15 9.73738009e-06 4.77901221e-06 1.31939490e-16 8.92260865e-01 1.43337110e-06 4.51520264e-01 7.34359308e-07 5.81654917e-07 5.81654285e-07 2.48915399e-03 2.32999199e-02 2.57577039e-02 7.77527932e-03
1.13363363e-01 -2.92799521e-02 -3.73048501e-03 -3.73048191e-03 9.92461170e+01 1.18264503e+02 1.65198899e+02 1.89896655e+02 9.87496075e-15 6.11434625e-06 8.97678056e-06 5.63404102e-16 8.92403639e-01 1.43147259e-06 4.51238014e-01 7.34359308e-07 5.81654974e-07 5.81654228e-07 2.48915399e-03 2.32979839e-02 2.57577039e-02 7.76566635e-03
1.13513514e-01 -2.92799521e-02 -3.73048571e-03 -3.73048251e-03 9.92461170e+01 1.18203702e+02 1.65198899e+02 1.89913098e+02 3.68373128e-15 8.75001187e-06 6.45893304e-06 2.36837488e-16 8.92546190e-01 1.42957911e-06 4.50955982e-01 7.34359308e-07 5.81654983e-07 5.81654219e-07 2.48915399e-03 2.32960314e-02 2.57577039e-02 7.75606630e-03
1.13663664e-01 -2.92799521e-02 -3.73048557e-03 -3.73048286e-03 9.92461170e+01 1.18142928e+02 1.65198899e+02 1.89929512e+02 5.19213828e-15 7.13024205e-06 8.23123870e-06 3.02670070e-16 8.92688520e-01 1.42769063e-06 4.50674168e-01 7.34359308e-07 5.81654998e-07 5.81654204e-07 2.48915399e-03 2.32940622e-02 2.57577039e-02 7.74647916e-03
1.13813814e-01 -2.92799521e-02 -3.73048549e-03 -3.73048314e-03 9.92461170e+01 1.18082181e+02 1.65198899e+02 1.89945897e+02 3.42581959e-15 7.07389816e-06 8.29862273e-06 1.35951586e-16 8.92830629e-01 1.42580713e-06 4.50392571e-01 7.34359308e-07 5.81654997e-07 5.81654205e-07 2.48915399e-03 2.32920766e-02 2.57577039e-02 7.73690492e-03
1.13963964e-01 -2.92799521e-02 -3.73048532e-03 -3.73048149e-03 9.92461170e+01 1.18021460e+02 1.65198899e+02 1.89962253e+02 4.92783664e-15 8.51095056e-06 6.83994453e-06 7.17424002e-17 8.92972516e-01 1.42392860e-06 4.50111192e-01 7.34359308e-07 5.81654992e-07 5.81654210e-07 2.48915399e-03 2.32900746e-02 2.57577039e-02 7.72734358e-03
1.14114114e-01 -2.92799521e-02 -3.73048486e-03 -3.73048056e-03 9.92461170e+01 1.17960767e+02 1.65198899e+02 1.89978580e+02 5.08492817e-15 4.94324305e-06 9.75191412e-06 2.14777891e-16 8.93114183e-01 1.42205501e-06 4.49830030e-01 7.34359308e-07 5.81654925e-07 5.81654277e-07 2.48915399e-03 2.32880561e-02 2.57577039e-02 7.71779511e-03
1.14264264e-01 -2.92799521e-02 -3.73048501e-03 -3.73048163e-03 9.92461170e+01 1.17900100e+02 1.65198899e+02 1.89994877e+02 5.20161767e-15 5.89134573e-06 9.22725855e-06 3.00059123e-17 8.93255629e-01 1.42018634e-06 4.49549086e-01 7.34359308e-07 5.81654965e-07 5.81654237e-07 2.48915399e-03 2.32860212e-02 2.57577039e-02 7.70825952e-03
1.14414414e-01 -2.92799521e-02 -3.73048464e-03 -3.73048229e-03 9.92461170e+01 1.17839460e+02 1.65198899e+02 1.90011146e+02 1.75372953e-15 7.35814950e-06 8.12545867e-06 1.51267415e-16 8.93396855e-01 1.41832258e-06 4.49268359e-01 7.34359308e-07 5.81655000e-07 5.81654202e-07 2.48915399e-03 2.32839700e-02 2.57577039e-02 7.69873678e-03
1.14564565e-01 -2.92799521e-02 -3.73048572e-03 -3.73048222e-03 9.92461170e+01 1.17778847e+02 1.65198899e+02 1.90027386e+02 1.08949531e-14 8.78511935e-06 6.58048041e-06 4.55518723e-16 8.93537862e-01 1.41646370e-06 4.48987850e-01 7.34359308e-07 5.81654985e-07 5.81654217e-07 2.48915399e-03 2.32819025e-02 2.57577039e-02 7.68922689e-03
1.14714715e-01 -2.92799521e-02 -3.73048448e-03 -3.73048146e-03 9.92461170e+01 1.17718261e+02 1.65198899e+02 1.90043598e+02 1.69370751e-15 7.36052924e-06 8.16208733e-06 1.31451175e-16 8.93678648e-01 1.41460969e-06 4.48707559e-01 7.34359308e-07 5.81654999e-07 5.81654202e-07 2.48915399e-03 2.32798188e-02 2.57577039e-02 7.67972984e-03
1.14864865e-01 -2.92799521e-02 -3.73048445e-03 -3.73048089e-03 9.92461170e+01 1.17657702e+02 1.65198899e+02 1.90059780e+02 8.84733154e-15 6.66202931e-06 8.75961502e-06 4.87468801e-16 8.93819216e-01 1.41276053e-06 4.48427485e-01 7.34359308e-07 5.81654987e-07 5.81654215e-07 2.48915399e-03 2.32777188e-02 2.57577039e-02 7.67024562e-03
1.15015015e-01 -2.92799521e-02 -3.73048474e-03 -3.73048142e-03 9.92461170e+01 1.17597171e+02 1.65198899e+02 1.90075934e+02 4.54385123e-15 8.63159872e-06 6.85024357e-06 2.97418653e-16 8.93959564e-01 1.41091620e-06 4.48147629e-01 7.34359308e-07 5.81654991e-07 5.81654211e-07 2.48915399e-03 2.32756027e-02 2.57577039e-02 7.66077421e-03
1.15165165e-01 -2.92799521e-02 -3.73048554e-03 -3.73048222e-03 9.92461170e+01 1.17536666e+02 1.65198899e+02 1.90092059e+02 9.05570332e-15 7.97372438e-06 7.62674966e-06 3.90941576e-16 8.94099694e-01 1.40907667e-06 4.47867990e-01 7.34359308e-07 5.81655001e-07 5.81654201e-07 2.48915399e-03 2.32734704e-02 2.57577039e-02 7.65131561e-03
1.15315315e-01 -2.92799521e-02 -3.73048528e-03 -3.73048335e-03 9.92461170e+01 1.17476189e+02 1.65198899e+02 1.90108156e+02 5.59439672e-15 8.66481080e-06 6.85465652e-06 2.30007031e-16 8.94239606e-01 1.40724193e-06 4.47588569e-01 7.34359308e-07 5.81654990e-07 5.81654212e-07 2.48915399e-03 2.32713220e-02 2.57577039e-02 7.64186980e-03
1.15465465e-01 -2.92799521e-02 -3.73048566e-03 -3.73048177e-03 9.92461170e+01 1.17415739e+02 1.65198899e+02 1.90124224e+02 7.51999043e-15 5.83556244e-06 9.39838063e-06 2.38044001e-16 8.94379300e-01 1.40541197e-06 4.47309365e-01 7.34359308e-07 5.81654961e-07 5.81654241e-07 2.48915399e-03 2.32691576e-02 2.57577039e-02 7.63243678e-03
1.15615616e-01 -2.92799521e-02 -3.73048581e-03 -3.73048316e-03 9.92461170e+01 1.17355316e+02 1.65198899e+02 1.90140264e+02 4.32948146e-15 9.02601969e-06 6.42127831e-06 2.30935480e-16 8.94518775e-01 1.40358676e-06 4.47030380e-01 7.34359308e-07 5.81654979e-07 5.81654223e-07 2.48915399e-03 2.32669771e-02 2.57577039e-02 7.62301653e-03
1.15765766e-01 -2.92799521e-02 -3.73048493e-03 -3.73048083e-03 9.92461170e+01 1.17294921e+02 1.65198899e+02 1.90156275e+02 1.01345957e-14 7.42715095e-06 8.23760817e-06 4.28351936e-16 8.94658034e-01 1.40176629e-06 4.46751611e-01 7.34359308e-07 5.81654999e-07 5.81654202e-07 2.48915399e-03 2.32647807e-02 2.57577039e-02 7.61360905e-03
1.15915916e-01 -2.92799521e-02 -3.73048535e-03 -3.73048146e-03 9.92461170e+01 1.17234553e+02 1.65198899e+02 1.90172258e+02 1.03586890e-14 6.29633628e-06 9.14856469e-06 4.42927740e-16 8.94797075e-01 1.39995053e-06 4.46473061e-01 7.34359308e-07 5.81654976e-07 5.81654226e-07 2.48915399e-03 2.32625683e-02 2.57577039e-02 7.60421431e-03
1.16066066e-01 -2.92799521e-02 -3.73048525e-03 -3.73048184e-03 9.92461170e+01 1.17174212e+02 1.65198899e+02 1.90188212e+02 4.84329069e-15 6.68048356e-06 8.88993627e-06 3.58855037e-16 8.94935900e-01 1.39813946e-06 4.46194728e-01 7.34359308e-07 5.81654986e-07 5.81654216e-07 2.48915399e-03 2.32603400e-02 2.57577039e-02 7.59483232e-03
1.16216216e-01 -2.92799521e-02 -3.73048590e-03 -3.73048279e-03 9.92461170e+01 1.17113899e+02 1.65198899e+02 1.90204138e+02 5.90566341e-15 8.29273546e-06 7.43037824e-06 2.92085495e-16 8.95074508e-01 1.39633308e-06 4.45916612e-01 7.34359308e-07 5.81654999e-07 5.81654203e-07 2.48915399e-03 2.32580958e-02 2.57577039e-02 7.58546306e-03
1.16366366e-01 -2.92799521e-02 -3.73048525e-03 -3.73048313e-03 9.92461170e+01 1.17053614e+02 1.65198899e+02 1.90220036e+02 2.51245224e-15 8.90527109e-06 6.70795778e-06 8.65294167e-17 8.95212900e-01 1.39453136e-06 4.45638714e-01 7.34359308e-07 5.81654985e-07 5.81654217e-07 2.48915399e-03 2.32558358e-02 2.57577039e-02 7.57610651e-03
1.16516517e-01 -2.92799521e-02 -3.73048552e-03 -3.73048234e-03 9.92461170e+01 1.16993356e+02 1.65198899e+02 1.90235906e+02 4.44901974e-15 8.18067249e-06 7.59592858e-06 2.69906068e-16 8.95351076e-01 1.39273429e-06 4.45361034e-01 7.34359308e-07 5.81655000e-07 5.81654202e-07 2.48915399e-03 2.32535600e-02 2.57577039e-02 7.56676268e-03
1.16666667e-01 -2.92799521e-02 -3.73048511e-03 -3.73048160e-03 9.92461170e+01 1.16933126e+02 1.65198899e+02 1.90251747e+02 1.66146384e-15 7.62847397e-06 8.17002538e-06 3.67814008e-17 8.95489037e-01 1.39094183e-06 4.45083571e-01 7.34359308e-07 5.81655001e-07 5.81654201e-07 2.48915399e-03 2.32512685e-02 2.57577039e-02 7.55743154e-03
1.16816817e-01 -2.92799521e-02 -3.73048521e-03 -3.73048177e-03 9.92461170e+01 1.16872924e+02 1.65198899e+02 1.90267561e+02 4.54170941e-15 7.91546669e-06 7.91265614e-06 2.89527523e-16 8.95626782e-01 1.38915399e-06 4.44806326e-01 7.34359308e-07 5.81655001e-07 5.81654200e-07 2.48915399e-03 2.32489613e-02 2.57577039e-02 7.54811308e-03
1.16966967e-01 -2.92799521e-02 -3.73048579e-03 -3.73048347e-03 9.92461170e+01 1.16812749e+02 1.65198899e+02 1.90283346e+02 1.81088843e-15 8.40530976e-06 7.41199921e-06 1.39662935e-16 8.95764312e-01 1.38737074e-06 4.44529299e-01 7.34359308e-07 5.81654998e-07 5.81654204e-07 2.48915399e-03 2.32466384e-02 2.57577039e-02 7.53880730e-03
1.17117117e-01 -2.92799521e-02 -3.73048570e-03 -3.73048274e-03 9.92461170e+01 1.16752602e+02 1.65198899e+02 1.90299104e+02 1.64888284e-15 8.94069759e-06 6.78037825e-06 2.79933948e-16 8.95901628e-01 1.38559206e-06 4.44252489e-01 7.34359308e-07 5.81654986e-07 5.81654216e-07 2.48915399e-03 2.32442998e-02 2.57577039e-02 7.52951419e-03
1.17267267e-01 -2.92799521e-02 -3.73048631e-03 -3.73048422e-03 9.92461170e+01 1.16692483e+02 1.65198899e+02 1.90314834e+02 4.74804591e-15 8.96524147e-06 6.77178707e-06 3.06991357e-16 8.96038729e-01 1.38381793e-06 4.43975896e-01 7.34359308e-07 5.81654986e-07 5.81654216e-07 2.48915399e-03 2.32419457e-02 2.57577039e-02 7.52023372e-03
1.17417417e-01 -2.92799521e-02 -3.73048546e-03 -3.73048312e-03 9.92461170e+01 1.16632392e+02 1.65198899e+02 1.90330535e+02 2.62434887e-15 9.61715855e-06 5.83664134e-06 7.70887815e-17 8.96175616e-01 1.38204835e-06 4.43699521e-01 7.34359308e-07 5.81654955e-07 5.81654247e-07 2.48915399e-03 2.32395760e-02 2.57577039e-02 7.51096590e-03
1.17567568e-01 -2.92799521e-02 -3.73048586e-03 -3.73048325e-03 9.92461170e+01 1.16572328e+02 1.65198899e+02 1.90346209e+02 5.72207710e-15 1.01243129e-05 4.93743756e-06 2.47572976e-16 8.96312289e-01 1.38028328e-06 4.43423364e-01 7.34359308e-07 5.81654915e-07 5.81654287e-07 2.48915399e-03 2.32371908e-02 2.57577039e-02 7.50171071e-03
1.17717718e-01 -2.92799521e-02 -3.73048492e-03 -3.73048173e-03 9.92461170e+01 1.16512293e+02 1.65198899e+02 1.90361855e+02 1.92514097e-15 7.48114294e-06 8.44018926e-06 1.75941660e-16 8.96448749e-01 1.37852271e-06 4.43147424e-01 7.34359308e-07 5.81654999e-07 5.81654203e-07 2.48915399e-03 2.32347901e-02 2.57577039e-02 7.49246814e-03
1.17867868e-01 -2.92799521e-02 -3.73048506e-03 -3.73048174e-03 9.92461170e+01 1.16452286e+02 1.65198899e+02 1.90377474e+02 4.19834585e-15 6.84468705e-06 8.98216351e-06 2.30934141e-16 8.96584996e-01 1.37676663e-06 4.42871702e-01 7.34359308e-07 5.81654988e-07 5.81654214e-07 2.48915399e-03 2.32323740e-02 2.57577039e-02 7.48323817e-03
1.18018018e-01 -2.92799521e-02 -3.73048511e-03 -3.73048311e-03 9.92461170e+01 1.16392306e+02 1.65198899e+02 1.90393065e+02 3.64681326e-15 8.01120633e-06 7.97964265e-06 7.53548854e-17 8.96721030e-01 1.37501502e-06 4.42596197e-01 7.34359308e-07 5.81655001e-07 5.81654200e-07 2.48915399e-03 2.32299425e-02 2.57577039e-02 7.47402080e-03
1.18168168e-01 -2.92799521e-02 -3.73048417e-03 -3.73048127e-03 9.92461170e+01 1.16332355e+02 1.65198899e+02 1.90408628e+02 5.60015585e-15 6.53059038e-06 9.24829977e-06 8.97156249e-17 8.96856852e-01 1.37326786e-06 4.42320910e-01 7.34359308e-07 5.81654979e-07 5.81654223e-07 2.48915399e-03 2.32274957e-02 2.57577039e-02 7.46481601e-03
1.18318318e-01 -2.92799521e-02 -3.73048531e-03 -3.73048128e-03 9.92461170e+01 1.16272432e+02 1.65198899e+02 1.90424163e+02 8.53958658e-15 6.63600066e-06 9.19070748e-06 4.67467883e-16 8.96992461e-01 1.37152513e-06 4.42045840e-01 7.34359308e-07 5.81654982e-07 5.81654220e-07 2.48915399e-03 2.32250335e-02 2.57577039e-02 7.45562380e-03
1.18468468e-01 -2.92799521e-02 -3.73048606e-03 -3.73048271e-03 9.92461170e+01 1.16212537e+02 1.65198899e+02 1.90439671e+02 2.18555567e-15 8.41373980e-06 7.61846143e-06 8.32153572e-17 8.97127859e-01 1.36978683e-06 4.41770987e-01 7.34359308e-07 5.81654999e-07 5.81654203e-07 2.48915399e-03 2.32225560e-02 2.57577039e-02 7.44644415e-03
1.18618619e-01 -2.92799521e-02 -3.73048547e-03 -3.73048174e-03 9.92461170e+01 1.16152671e+02 1.65198899e+02 1.90455152e+02 1.03931670e-14 6.14092978e-06 9.56283068e-06 6.13271011e-16 8.97263044e-01 1.36805292e-06 4.41496352e-01 7.34359308e-07 5.81654966e-07 5.81654236e-07 2.48915399e-03 2.32200633e-02 2.57577039e-02 7.43727705e-03
1.18768769e-01 -2.92799521e-02 -3.73048467e-03 -3.73048266e-03 9.92461170e+01 1.16092832e+02 1.65198899e+02 1.90470605e+02 3.34638849e-15 8.19614970e-06 7.89360947e-06 9.02790831e-17 8.97398019e-01 1.36632340e-06 4.41221935e-01 7.34359308e-07 5.81655001e-07 5.81654201e-07 2.48915399e-03 2.32175554e-02 2.57577039e-02 7.42812248e-03
1.18918919e-01 -2.92799521e-02 -3.73048500e-03 -3.73048159e-03 9.92461170e+01 1.16033022e+02 1.65198899e+02 1.90486031e+02 2.59101126e-15 8.72439698e-06 7.32792213e-06 2.05861680e-16 8.97532782e-01 1.36459824e-06 4.40947734e-01 7.34359308e-07 5.81654995e-07 5.81654207e-07 2.48915399e-03 2.32150323e-02 2.57577039e-02 7.41898045e-03
1.19069069e-01 -2.92799521e-02 -3.73048507e-03 -3.73048228e-03 9.92461170e+01 1.15973241e+02 1.65198899e+02 1.90501430e+02 1.08435319e-14 9.18771490e-06 6.76220816e-06 6.86129473e-16 8.97667335e-01 1.36287743e-06 4.40673752e-01 7.34359308e-07 5.81654983e-07 5.81654219e-07 2.48915399e-03 2.32124941e-02 2.57577039e-02 7.40985093e-03
1.19219219e-01 -2.92799521e-02 -3.73048412e-03 -3.73048146e-03 9.92461170e+01 1.15913488e+02 1.65198899e+02 1.90516801e+02 7.70093105e-15 6.08753680e-06 9.66498282e-06 5.08537971e-16 8.97801677e-01 1.36116096e-06 4.40399986e-01 7.34359308e-07 5.81654963e-07 5.81654239e-07 2.48915399e-03 2.32099409e-02 2.57577039e-02 7.40073391e-03
1.19369369e-01 -2.92799521e-02 -3.73048542e-03 -3.73048185e-03 9.92461170e+01 1.15853763e+02 1.65198899e+02 1.90532145e+02 1.15254430e-15 6.52087836e-06 9.39558350e-06 8.63547927e-18 8.97935810e-01 1.35944881e-06 4.40126438e-01 7.34359308e-07 5.81654977e-07 5.81654225e-07 2.48915399e-03 2.32073725e-02 2.57577039e-02 7.39162939e-03
1.19519520e-01 -2.92799521e-02 -3.73048461e-03 -3.73048099e-03 9.92461170e+01 1.15794067e+02 1.65198899e+02 1.90547462e+02 3.25171053e-15 5.96119091e-06 9.77713186e-06 8.74974372e-17 8.98069732e-01 1.35774096e-06 4.39853107e-01 7.34359308e-07 5.81654958e-07 5.81654244e-07 2.48915399e-03 2.32047892e-02 2.57577039e-02 7.38253735e-03
1.19669670e-01 -2.92799521e-02 -3.73048472e-03 -3.73048231e-03 9.92461170e+01 1.15734399e+02 1.65198899e+02 1.90562752e+02 4.62563560e-15 7.54968994e-06 8.62901853e-06 2.70588807e-16 8.98203445e-01 1.35603740e-06 4.39579994e-01 7.34359308e-07 5.81654998e-07 5.81654204e-07 2.48915399e-03 2.32021909e-02 2.57577039e-02 7.37345778e-03
1.19819820e-01 -2.92799521e-02 -3.73048481e-03 -3.73048265e-03 9.92461170e+01 1.15674760e+02 1.65198899e+02 1.90578014e+02 2.60982619e-15 7.51854640e-06 8.67521340e-06 4.05934301e-17 8.98336949e-01 1.35433810e-06 4.39307098e-01 7.34359308e-07 5.81654998e-07 5.81654204e-07 2.48915399e-03 2.31995776e-02 2.57577039e-02 7.36439066e-03
1.19969970e-01 -2.92799521e-02 -3.73048524e-03 -3.73048310e-03 9.92461170e+01 1.15615149e+02 1.65198899e+02 1.90593250e+02 1.08718075e-14 7.56860855e-06 8.65069561e-06 5.88229901e-16 8.98470244e-01 1.35264306e-06 4.39034419e-01 7.34359308e-07 5.81654998e-07 5.81654204e-07 2.48915399e-03 2.31969495e-02 2.57577039e-02 7.35533599e-03
1.20120120e-01 -2.92799521e-02 -3.73048582e-03 -3.73048255e-03 9.92461170e+01 1.15555567e+02 1.65198899e+02 1.90608459e+02 5.15083169e-15 1.02938108e-05 5.14652746e-06 2.83733304e-16 8.98603330e-01 1.35095226e-06 4.38761957e-01 7.34359308e-07 5.81654920e-07 5.81654282e-07 2.48915399e-03 2.31943065e-02 2.57577039e-02 7.34629376e-03
1.20270270e-01 -2.92799521e-02 -3.73048508e-03 -3.73048187e-03 9.92461170e+01 1.15496014e+02 1.65198899e+02 1.90623641e+02 6.73257925e-15 6.15815214e-06 9.73949581e-06 3.75875694e-16 8.98736208e-01 1.34926568e-06 4.38489712e-01 7.34359308e-07 5.81654964e-07 5.81654238e-07 2.48915399e-03 2.31916487e-02 2.57577039e-02 7.33726394e-03
1.20420420e-01 -2.92799521e-02 -3.73048535e-03 -3.73048177e-03 9.92461170e+01 1.15436489e+02 1.65198899e+02 1.90638796e+02 8.47273140e-15 6.79641503e-06 9.32314878e-06 4.46774422e-16 8.98868878e-01 1.34758330e-06 4.38217685e-01 7.34359308e-07 5.81654983e-07 5.81654219e-07 2.48915399e-03 2.31889761e-02 2.57577039e-02 7.32824654e-03
1.20570571e-01 -2.92799521e-02 -3.73048604e-03 -3.73048315e-03 9.92461170e+01 1.15376994e+02 1.65198899e+02 1.90653924e+02 8.29483414e-15 1.00428874e-05 5.70832125e-06 5.09935533e-16 8.99001341e-01 1.34590511e-06 4.37945875e-01 7.34359308e-07 5.81654944e-07 5.81654258e-07 2.48915399e-03 2.31862888e-02 2.57577039e-02 7.31924154e-03
1.20720721e-01 -2.92799521e-02 -3.73048540e-03 -3.73048251e-03 9.92461170e+01 1.15317527e+02 1.65198899e+02 1.90669025e+02 1.31139834e-15 8.35817105e-06 7.99487754e-06 4.10141994e-17 8.99133596e-01 1.34423110e-06 4.37674282e-01 7.34359308e-07 5.81655001e-07 5.81654201e-07 2.48915399e-03 2.31835867e-02 2.57577039e-02 7.31024892e-03
1.20870871e-01 -2.92799521e-02 -3.73048533e-03 -3.73048268e-03 9.92461170e+01 1.15258089e+02 1.65198899e+02 1.90684100e+02 1.19758331e-14 5.86863524e-06 9.98344612e-06 6.45621899e-16 8.99265644e-01 1.34256125e-06 4.37402906e-01 7.34359308e-07 5.81654952e-07 5.81654250e-07 2.48915399e-03 2.31808701e-02 2.57577039e-02 7.30126868e-03
1.21021021e-01 -2.92799521e-02 -3.73048518e-03 -3.73048246e-03 9.92461170e+01 1.15198680e+02 1.65198899e+02 1.90699148e+02 5.01440614e-16 8.79370233e-06 7.55739869e-06 7.84525990e-17 8.99397485e-01 1.34089554e-06 4.37131747e-01 7.34359308e-07 5.81654997e-07 5.81654205e-07 2.48915399e-03 2.31781387e-02 2.57577039e-02 7.29230080e-03
1.21171171e-01 -2.92799521e-02 -3.73048611e-03 -3.73048211e-03 9.92461170e+01 1.15139299e+02 1.65198899e+02 1.90714169e+02 4.42523776e-15 8.98964917e-06 7.34598510e-06 2.11806357e-16 8.99529120e-01 1.33923396e-06 4.36860805e-01 7.34359308e-07 5.81654993e-07 5.81654209e-07 2.48915399e-03 2.31753928e-02 2.57577039e-02 7.28334528e-03
1.21321321e-01 -2.92799521e-02 -3.73048528e-03 -3.73048297e-03 9.92461170e+01 1.15079948e+02 1.65198899e+02 1.90729164e+02 3.06419128e-15 6.51811960e-06 9.62422120e-06 1.25341625e-16 8.99660548e-01 1.33757649e-06 4.36590080e-01 7.34359308e-07 5.81654973e-07 5.81654228e-07 2.48915399e-03 2.31726324e-02 2.57577039e-02 7.27440209e-03
1.21471471e-01 -2.92799521e-02 -3.73048527e-03 -3.73048100e-03 9.92461170e+01 1.15020626e+02 1.65198899e+02 1.90744133e+02 1.34856233e-14 7.54620739e-06 8.86007405e-06 7.03643499e-16 8.99791771e-01 1.33592312e-06 4.36319572e-01 7.34359308e-07 5.81654997e-07 5.81654205e-07 2.48915399e-03 2.31698574e-02 2.57577039e-02 7.26547123e-03
1.21621622e-01 -2.92799521e-02 -3.73048507e-03 -3.73048199e-03 9.92461170e+01 1.14961333e+02 1.65198899e+02 1.90759075e+02 1.64618799e-15 7.37081640e-06 9.02509164e-06 1.85250081e-16 8.99922788e-01 1.33427383e-06 4.36049281e-01 7.34359308e-07 5.81654994e-07 5.81654208e-07 2.48915399e-03 2.31670680e-02 2.57577039e-02 7.25655269e-03
1.21771772e-01 -2.92799521e-02 -3.73048514e-03 -3.73048191e-03 9.92461170e+01 1.14902069e+02 1.65198899e+02 1.90773990e+02 7.71371410e-15 7.55796357e-06 8.88784954e-06 4.27747390e-16 9.00053600e-01 1.33262861e-06 4.35779207e-01 7.34359308e-07 5.81654996e-07 5.81654205e-07 2.48915399e-03 2.31642641e-02 2.57577039e-02 7.24764645e-03
1.21921922e-01 -2.92799521e-02 -3.73048504e-03 -3.73048198e-03 9.92461170e+01 1.14842834e+02 1.65198899e+02 1.90788879e+02 8.70906581e-15 7.86438846e-06 8.63735839e-06 4.48291849e-16 9.00184207e-01 1.33098745e-06 4.35509350e-01 7.34359308e-07 5.81655000e-07 5.81654202e-07 2.48915399e-03 2.31614459e-02 2.57577039e-02 7.23875250e-03
1.22072072e-01 -2.92799521e-02 -3.73048541e-03 -3.73048186e-03 9.92461170e+01 1.14783628e+02 1.65198899e+02 1.90803742e+02 2.42480205e-15 6.37179558e-06 9.80760337e-06 1.19987626e-16 9.00314609e-01 1.32935031e-06 4.35239709e-01 7.34359308e-07 5.81654968e-07 5.81654234e-07 2.48915399e-03 2.31586133e-02 2.57577039e-02 7.22987083e-03
1.22222222e-01 -2.92799521e-02 -3.73048515e-03 -3.73048267e-03 9.92461170e+01 1.14724452e+02 1.65198899e+02 1.90818578e+02 5.46027771e-15 8.95631558e-06 7.54387069e-06 3.87963828e-16 9.00444807e-01 1.32771721e-06 4.34970286e-01 7.34359308e-07 5.81654995e-07 5.81654207e-07 2.48915399e-03 2.31557664e-02 2.57577039e-02 7.22100142e-03
1.22372372e-01 -2.92799521e-02 -3.73048594e-03 -3.73048213e-03 9.92461170e+01 1.14665305e+02 1.65198899e+02 1.90833389e+02 6.22320479e-15 8.05748004e-06 8.51702495e-06 3.44678505e-16 9.00574801e-01 1.32608811e-06 4.34701079e-01 7.34359308e-07 5.81655001e-07 5.81654201e-07 2.48915399e-03 2.31529051e-02 2.57577039e-02 7.21214428e-03
1.22522523e-01 -2.92799521e-02 -3.73048542e-03 -3.73048158e-03 9.92461170e+01 1.14606187e+02 1.65198899e+02 1.90848173e+02 2.23328817e-16 6.36106280e-06 9.86595750e-06 4.63033136e-17 9.00704591e-01 1.32446300e-06 4.34432089e-01 7.34359308e-07 5.81654966e-07 5.81654235e-07 2.48915399e-03 2.31500297e-02 2.57577039e-02 7.20329937e-03
1.22672673e-01 -2.92799521e-02 -3.73048542e-03 -3.73048270e-03 9.92461170e+01 1.14547098e+02 1.65198899e+02 1.90862931e+02 5.24530655e-16 7.66491956e-06 8.90994939e-06 5.81259625e-17 9.00834177e-01 1.32284187e-06 4.34163316e-01 7.34359308e-07 5.81654997e-07 5.81654205e-07 2.48915399e-03 2.31471400e-02 2.57577039e-02 7.19446670e-03
1.22822823e-01 -2.92799521e-02 -3.73048549e-03 -3.73048382e-03 9.92461170e+01 1.14488039e+02 1.65198899e+02 1.90877663e+02 4.02627583e-15 8.39395040e-06 8.24731188e-06 3.28653126e-16 9.00963561e-01 1.32122470e-06 4.33894759e-01 7.34359308e-07 5.81655001e-07 5.81654201e-07 2.48915399e-03 2.31442362e-02 2.57577039e-02 7.18564624e-03
1.22972973e-01 -2.92799521e-02 -3.73048526e-03 -3.73048218e-03 9.92461170e+01 1.14429009e+02 1.65198899e+02 1.90892369e+02 7.24374744e-15 8.45094889e-06 8.20955539e-06 4.33216622e-16 9.01092742e-01 1.31961148e-06 4.33626419e-01 7.34359308e-07 5.81655001e-07 5.81654201e-07 2.48915399e-03 2.31413183e-02 2.57577039e-02 7.17683800e-03
1.23123123e-01 -2.92799521e-02 -3.73048554e-03 -3.73048256e-03 9.92461170e+01 1.14370009e+02 1.65198899e+02 1.90907048e+02 9.66788801e-15 8.60120920e-06 8.07302493e-06 5.87067083e-16 9.01221720e-01 1.31800220e-06 4.33358295e-01 7.34359308e-07 5.81655000e-07 5.81654201e-07 2.48915399e-03 2.31383863e-02 2.57577039e-02 7.16804194e-03
1.23273273e-01 -2.92799521e-02 -3.73048542e-03 -3.73048336e-03 9.92461170e+01 1.14311038e+02 1.65198899e+02 1.90921702e+02 9.51015386e-15 1.04854126e-05 5.43601524e-06 5.58306889e-16 9.01350495e-01 1.31639684e-06 4.33090388e-01 7.34359308e-07 5.81654927e-07 5.81654275e-07 2.48915399e-03 2.31354402e-02 2.57577039e-02 7.15925807e-03
1.23423423e-01 -2.92799521e-02 -3.73048523e-03 -3.73048360e-03 9.92461170e+01 1.14252096e+02 1.65198899e+02 1.90936331e+02 3.88401691e-15 9.40348554e-06 7.16998057e-06 2.62564095e-16 9.01479069e-01 1.31479538e-06 4.32822698e-01 7.34359308e-07 5.81654987e-07 5.81654215e-07 2.48915399e-03 2.31324801e-02 2.57577039e-02 7.15048637e-03
1.23573574e-01 -2.92799521e-02 -3.73048491e-03 -3.73048344e-03 9.92461170e+01 1.14193184e+02 1.65198899e+02 1.90950933e+02 1.81962604e-15 8.30637891e-06 8.43674506e-06 2.44466634e-17 9.01607441e-01 1.31319782e-06 4.32555223e-01 7.34359308e-07 5.81655001e-07 5.81654200e-07 2.48915399e-03 2.31295060e-02 2.57577039e-02 7.14172683e-03
1.23723724e-01 -2.92799521e-02 -3.73048512e-03 -3.73048275e-03 9.92461170e+01 1.14134302e+02 1.65198899e+02 1.90965509e+02 5.61188863e-15 1.01285328e-05 6.15859331e-06 1.73939291e-16 9.01735612e-01 1.31160413e-06 4.32287966e-01 7.34359308e-07 5.81654956e-07 5.81654246e-07 2.48915399e-03 2.31265180e-02 2.57577039e-02 7.13297943e-03
1.23873874e-01 -2.92799521e-02 -3.73048618e-03 -3.73048422e-03 9.92461170e+01 1.14075449e+02 1.65198899e+02 1.90980060e+02 9.16918233e-16 1.11041309e-05 4.18986724e-06 5.06030223e-17 9.01863582e-01 1.31001431e-06 4.32020924e-01 7.34359308e-07 5.81654864e-07 5.81654338e-07 2.48915399e-03 2.31235161e-02 2.57577039e-02 7.12424416e-03
1.24024024e-01 -2.92799521e-02 -3.73048576e-03 -3.73048274e-03 9.92461170e+01 1.14016626e+02 1.65198899e+02 1.90994585e+02 1.24091498e-14 8.72238763e-06 8.06959376e-06 6.59678973e-16 9.01991351e-01 1.30842834e-06 4.31754099e-01 7.34359308e-07 5.81655000e-07 5.81654202e-07 2.48915399e-03 2.31205003e-02 2.57577039e-02 7.11552102e-03
1.24174174e-01 -2.92799521e-02 -3.73048536e-03 -3.73048216e-03 9.92461170e+01 1.13957833e+02 1.65198899e+02 1.91009084e+02 1.02599314e-15 6.26498745e-06 1.01138723e-05 1.11809949e-16 9.02118920e-01 1.30684620e-06 4.31487491e-01 7.34359308e-07 5.81654960e-07 5.81654242e-07 2.48915399e-03 2.31174707e-02 2.57577039e-02 7.10680998e-03
1.24324324e-01 -2.92799521e-02 -3.73048519e-03 -3.73048173e-03 9.92461170e+01 1.13899070e+02 1.65198899e+02 1.91023558e+02 7.35539223e-15 1.05437462e-05 5.54187710e-06 4.08340934e-16 9.02246288e-01 1.30526788e-06 4.31221098e-01 7.34359308e-07 5.81654930e-07 5.81654272e-07 2.48915399e-03 2.31144273e-02 2.57577039e-02 7.09811104e-03
1.24474474e-01 -2.92799521e-02 -3.73048481e-03 -3.73048199e-03 9.92461170e+01 1.13840336e+02 1.65198899e+02 1.91038007e+02 4.02079970e-15 7.57417972e-06 9.21182434e-06 1.75739565e-16 9.02373457e-01 1.30369337e-06 4.30954922e-01 7.34359308e-07 5.81654994e-07 5.81654208e-07 2.48915399e-03 2.31113702e-02 2.57577039e-02 7.08942418e-03
1.24624625e-01 -2.92799521e-02 -3.73048566e-03 -3.73048299e-03 9.92461170e+01 1.13781632e+02 1.65198899e+02 1.91052429e+02 1.48894418e-15 7.66323189e-06 9.15664329e-06 1.85709492e-16 9.02500426e-01 1.30212266e-06 4.30688962e-01 7.34359308e-07 5.81654995e-07 5.81654206e-07 2.48915399e-03 2.31082994e-02 2.57577039e-02 7.08074939e-03
1.24774775e-01 -2.92799521e-02 -3.73048505e-03 -3.73048330e-03 9.92461170e+01 1.13722958e+02 1.65198899e+02 1.91066827e+02 2.45237963e-15 7.79215078e-06 9.06616639e-06 1.12918699e-16 9.02627195e-01 1.30055572e-06 4.30423218e-01 7.34359308e-07 5.81654997e-07 5.81654205e-07 2.48915399e-03 2.31052148e-02 2.57577039e-02 7.07208666e-03
1.24924925e-01 -2.92799520e-02 -3.73048602e-03 -3.73048284e-03 9.92461170e+01 1.13664313e+02 1.65198899e+02 1.91081199e+02 6.45551419e-16 1.05110044e-05 5.72502709e-06 6.04480587e-17 9.02753766e-01 1.29899256e-06 4.30157690e-01 7.34359308e-07 5.81654936e-07 5.81654265e-07 2.48915399e-03 2.31021167e-02 2.57577039e-02 7.06343598e-03
1.25075075e-01 -2.92799521e-02 -3.73048535e-03 -3.73048270e-03 9.92461170e+01 1.13605699e+02 1.65198899e+02 1.91095545e+02 1.68523773e-14 9.40666136e-06 7.42404506e-06 9.66639776e-16 9.02880138e-01 1.29743314e-06 4.29892378e-01 7.34359308e-07 5.81654990e-07 5.81654212e-07 2.48915399e-03 2.30990049e-02 2.57577039e-02 7.05479733e-03
1.25225225e-01 -2.92799521e-02 -3.73048524e-03 -3.73048168e-03 9.92461170e+01 1.13547115e+02 1.65198899e+02 1.91109866e+02 4.79080843e-16 9.58318549e-06 7.21867493e-06 1.41994054e-16 9.03006312e-01 1.29587747e-06 4.29627282e-01 7.34359308e-07 5.81654985e-07 5.81654217e-07 2.48915399e-03 2.30958796e-02 2.57577039e-02 7.04617071e-03
1.25375375e-01 -2.92799521e-02 -3.73048512e-03 -3.73048095e-03 9.92461170e+01 1.13488560e+02 1.65198899e+02 1.91124162e+02 8.46535901e-15 7.01986687e-06 9.74749116e-06 4.65235194e-16 9.03132287e-01 1.29432552e-06 4.29362401e-01 7.34359308e-07 5.81654981e-07 5.81654220e-07 2.48915399e-03 2.30927408e-02 2.57577039e-02 7.03755609e-03
1.25525526e-01 -2.92799521e-02 -3.73048564e-03 -3.73048181e-03 9.92461170e+01 1.13430036e+02 1.65198899e+02 1.91138433e+02 6.21689820e-15 5.93930103e-06 1.04576592e-05 3.86201016e-16 9.03258065e-01 1.29277728e-06 4.29097737e-01 7.34359308e-07 5.81654946e-07 5.81654256e-07 2.48915399e-03 2.30895885e-02 2.57577039e-02 7.02895347e-03
1.25675676e-01 -2.92799521e-02 -3.73048564e-03 -3.73048204e-03 9.92461170e+01 1.13371541e+02 1.65198899e+02 1.91152679e+02 6.86010771e-15 8.17891087e-06 8.83683084e-06 3.13890504e-16 9.03383645e-01 1.29123274e-06 4.28833288e-01 7.34359308e-07 5.81655000e-07 5.81654201e-07 2.48915399e-03 2.30864227e-02 2.57577039e-02 7.02036283e-03
1.25825826e-01 -2.92799521e-02 -3.73048464e-03 -3.73048193e-03 9.92461170e+01 1.13313077e+02 1.65198899e+02 1.91166899e+02 3.82267210e-15 7.63629781e-06 9.32833119e-06 4.03962595e-16 9.03509028e-01 1.28969189e-06 4.28569056e-01 7.34359308e-07 5.81654994e-07 5.81654208e-07 2.48915399e-03 2.30832435e-02 2.57577039e-02 7.01178416e-03
1.25975976e-01 -2.92799521e-02 -3.73048504e-03 -3.73048069e-03 9.92461170e+01 1.13254643e+02 1.65198899e+02 1.91181095e+02 1.31306676e-14 8.29034979e-06 8.77199897e-06 8.60095475e-16 9.03634215e-01 1.28815472e-06 4.28305038e-01 7.34359308e-07 5.81655001e-07 5.81654201e-07 2.48915399e-03 2.30800510e-02 2.57577039e-02 7.00321745e-03
1.26126126e-01 -2.92799521e-02 -3.73048564e-03 -3.73048289e-03 9.92461170e+01 1.13196239e+02 1.65198899e+02 1.91195265e+02 3.14912622e-15 9.52613337e-06 7.43492576e-06 1.30899524e-16 9.03759204e-01 1.28662120e-06 4.28041237e-01 7.34359308e-07 5.81654989e-07 5.81654213e-07 2.48915399e-03 2.30768451e-02 2.57577039e-02 6.99466269e-03
1.26276276e-01 -2.92799521e-02 -3.73048541e-03 -3.73048043e-03 9.92461170e+01 1.13137865e+02 1.65198899e+02 1.91209411e+02 2.94940807e-15 1.00027406e-05 6.80576255e-06 1.40547975e-16 9.03883998e-01 1.28509133e-06 4.27777651e-01 7.34359308e-07 5.81654973e-07 5.81654229e-07 2.48915399e-03 2.30736259e-02 2.57577039e-02 6.98611986e-03
1.26426426e-01 -2.92799521e-02 -3.73048557e-03 -3.73048253e-03 9.92461170e+01 1.13079521e+02 1.65198899e+02 1.91223531e+02 1.14982049e-15 9.41688486e-06 7.61864845e-06 3.55960465e-18 9.04008595e-01 1.28356509e-06 4.27514280e-01 7.34359308e-07 5.81654992e-07 5.81654210e-07 2.48915399e-03 2.30703934e-02 2.57577039e-02 6.97758895e-03
1.26576577e-01 -2.92799521e-02 -3.73048476e-03 -3.73048179e-03 9.92461170e+01 1.13021208e+02 1.65198899e+02 1.91237627e+02 7.50227369e-15 8.71003718e-06 8.43833461e-06 3.60231028e-16 9.04132997e-01 1.28204247e-06 4.27251125e-01 7.34359308e-07 5.81655001e-07 5.81654201e-07 2.48915399e-03 2.30671478e-02 2.57577039e-02 6.96906994e-03
1.26726727e-01 -2.92799521e-02 -3.73048520e-03 -3.73048109e-03 9.92461170e+01 1.12962925e+02 1.65198899e+02 1.91251697e+02 3.71284978e-15 9.24918151e-06 7.86587618e-06 8.78481446e-17 9.04257203e-01 1.28052347e-06 4.26988186e-01 7.34359308e-07 5.81654996e-07 5.81654206e-07 2.48915399e-03 2.30638889e-02 2.57577039e-02 6.96056284e-03
1.26876877e-01 -2.92799521e-02 -3.73048521e-03 -3.73048272e-03 9.92461170e+01 1.12904672e+02 1.65198899e+02 1.91265743e+02 3.60347641e-15 8.97270647e-06 8.20118572e-06 2.23073500e-16 9.04381214e-01 1.27900805e-06 4.26725462e-01 7.34359308e-07 5.81655000e-07 5.81654202e-07 2.48915399e-03 2.30606169e-02 2.57577039e-02 6.95206761e-03
1.27027027e-01 -2.92799521e-02 -3.73048478e-03 -3.73048180e-03 9.92461170e+01 1.12846449e+02 1.65198899e+02 1.91279765e+02 8.06700875e-15 7.59356829e-06 9.51086668e-06 5.04256690e-16 9.04505030e-01 1.27749622e-06 4.26462953e-01 7.34359308e-07 5.81654992e-07 5.81654210e-07 2.48915399e-03 2.30573318e-02 2.57577039e-02 6.94358426e-03
1.27177177e-01 -2.92799521e-02 -3.73048607e-03 -3.73048288e-03 9.92461170e+01 1.12788257e+02 1.65198899e+02 1.91293761e+02 5.66071265e-15 1.03356949e-05 6.45311135e-06 4.25634169e-16 9.04628652e-01 1.27598796e-06 4.26200659e-01 7.34359308e-07 5.81654960e-07 5.81654242e-07 2.48915399e-03 2.30540336e-02 2.57577039e-02 6.93511276e-03
1.27327327e-01 -2.92799521e-02 -3.73048616e-03 -3.73048294e-03 9.92461170e+01 1.12730096e+02 1.65198899e+02 1.91307733e+02 1.29993428e-15 1.00579601e-05 6.90343803e-06 8.04814607e-17 9.04752080e-01 1.27448326e-06 4.25938580e-01 7.34359308e-07 5.81654974e-07 5.81654228e-07 2.48915399e-03 2.30507223e-02 2.57577039e-02 6.92665311e-03
1.27477477e-01 -2.92799521e-02 -3.73048631e-03 -3.73048411e-03 9.92461170e+01 1.12671964e+02 1.65198899e+02 1.91321680e+02 4.65564196e-15 1.15473526e-05 3.97867610e-06 3.14312247e-16 9.04875313e-01 1.27298210e-06 4.25676717e-01 7.34359308e-07 5.81654846e-07 5.81654356e-07 2.48915399e-03 2.30473981e-02 2.57577039e-02 6.91820529e-03
1.27627628e-01 -2.92799521e-02 -3.73048515e-03 -3.73048253e-03 9.92461170e+01 1.12613863e+02 1.65198899e+02 1.91335603e+02 9.65764140e-15 8.44895331e-06 8.83957097e-06 5.74200773e-16 9.04998353e-01 1.27148448e-06 4.25415069e-01 7.34359308e-07 5.81655001e-07 5.81654201e-07 2.48915399e-03 2.30440609e-02 2.57577039e-02 6.90976928e-03
1.27777778e-01 -2.92799521e-02 -3.73048483e-03 -3.73048166e-03 9.92461170e+01 1.12555793e+02 1.65198899e+02 1.91349501e+02 8.10585678e-15 5.75776739e-06 1.08038404e-05 6.13842274e-16 9.05121200e-01 1.26999037e-06 4.25153635e-01 7.34359308e-07 5.81654934e-07 5.81654267e-07 2.48915399e-03 2.30407108e-02 2.57577039e-02 6.90134509e-03
1.27927928e-01 -2.92799522e-02 -3.73048572e-03 -3.73048243e-03 9.92461170e+01 1.12497753e+02 1.65198899e+02 1.91363375e+02 5.29113481e-15 1.04065643e-05 6.47539276e-06 2.27028471e-16 9.05243853e-01 1.26849977e-06 4.24892417e-01 7.34359308e-07 5.81654959e-07 5.81654242e-07 2.48915399e-03 2.30373477e-02 2.57577039e-02 6.89293268e-03
1.28078078e-01 -2.92799521e-02 -3.73048547e-03 -3.73048284e-03 9.92461170e+01 1.12439744e+02 1.65198899e+02 1.91377224e+02 9.24983150e-15 7.45320597e-06 9.74832629e-06 5.05069931e-16 9.05366314e-01 1.26701267e-06 4.24631413e-01 7.34359308e-07 5.81654988e-07 5.81654214e-07 2.48915399e-03 2.30339719e-02 2.57577039e-02 6.88453206e-03
1.28228228e-01 -2.92799521e-02 -3.73048462e-03 -3.73048267e-03 9.92461170e+01 1.12381765e+02 1.65198899e+02 1.91391049e+02 2.08831676e-15 7.60890772e-06 9.64561740e-06 9.77142067e-18 9.05488582e-01 1.26552905e-06 4.24370625e-01 7.34359308e-07 5.81654991e-07 5.81654211e-07 2.48915399e-03 2.30305832e-02 2.57577039e-02 6.87614320e-03
1.28378378e-01 -2.92799521e-02 -3.73048553e-03 -3.73048356e-03 9.92461170e+01 1.12323817e+02 1.65198899e+02 1.91404850e+02 4.33827823e-15 1.07822631e-05 5.91860593e-06 3.15380270e-16 9.05610658e-01 1.26404890e-06 4.24110051e-01 7.34359308e-07 5.81654938e-07 5.81654264e-07 2.48915399e-03 2.30271817e-02 2.57577039e-02 6.86776610e-03
1.28528529e-01 -2.92799521e-02 -3.73048519e-03 -3.73048326e-03 9.92461170e+01 1.12265900e+02 1.65198899e+02 1.91418626e+02 8.43238113e-15 9.65429800e-06 7.64432585e-06 6.48130827e-16 9.05732543e-01 1.26257220e-06 4.23849691e-01 7.34359308e-07 5.81654990e-07 5.81654212e-07 2.48915399e-03 2.30237675e-02 2.57577039e-02 6.85940074e-03
1.28678679e-01 -2.92799521e-02 -3.73048469e-03 -3.73048295e-03 9.92461170e+01 1.12208013e+02 1.65198899e+02 1.91432379e+02 3.96354315e-15 4.40233113e-06 1.15158663e-05 2.30013694e-16 9.05854235e-01 1.26109896e-06 4.23589547e-01 7.34359308e-07 5.81654869e-07 5.81654332e-07 2.48915399e-03 2.30203405e-02 2.57577039e-02 6.85104711e-03
1.28828829e-01 -2.92799521e-02 -3.73048548e-03 -3.73048236e-03 9.92461170e+01 1.12150157e+02 1.65198899e+02 1.91446106e+02 1.18265230e-14 1.10799950e-05 5.43914794e-06 9.12309276e-16 9.05975737e-01 1.25962914e-06 4.23329617e-01 7.34359308e-07 5.81654917e-07 5.81654285e-07 2.48915399e-03 2.30169009e-02 2.57577039e-02 6.84270520e-03
1.28978979e-01 -2.92799521e-02 -3.73048554e-03 -3.73048252e-03 9.92461170e+01 1.12092332e+02 1.65198899e+02 1.91459810e+02 8.70874328e-15 1.00722247e-05 7.15934669e-06 7.36031531e-16 9.06097047e-01 1.25816275e-06 4.23069901e-01 7.34359308e-07 5.81654979e-07 5.81654223e-07 2.48915399e-03 2.30134487e-02 2.57577039e-02 6.83437499e-03
1.29129129e-01 -2.92799521e-02 -3.73048516e-03 -3.73048273e-03 9.92461170e+01 1.12034538e+02 1.65198899e+02 1.91473490e+02 4.10726864e-15 7.46097426e-06 9.86891936e-06 3.06507029e-16 9.06218167e-01 1.25669977e-06 4.22810400e-01 7.34359308e-07 5.81654987e-07 5.81654215e-07 2.48915399e-03 2.30099839e-02 2.57577039e-02 6.82605647e-03
1.29279279e-01 -2.92799521e-02 -3.73048537e-03 -3.73048318e-03 9.92461170e+01 1.11976774e+02 1.65198899e+02 1.91487146e+02 5.99968817e-15 1.02035268e-05 7.02181686e-06 5.47519789e-16 9.06339096e-01 1.25524019e-06 4.22551113e-01 7.34359308e-07 5.81654974e-07 5.81654228e-07 2.48915399e-03 2.30065065e-02 2.57577039e-02 6.81774962e-03
1.29429429e-01 -2.92799521e-02 -3.73048571e-03 -3.73048261e-03 9.92461170e+01 1.11919041e+02 1.65198899e+02 1.91500777e+02 3.78902952e-15 1.00141958e-05 7.31370853e-06 3.66176222e-16 9.06459835e-01 1.25378400e-06 4.22292040e-01 7.34359308e-07 5.81654982e-07 5.81654220e-07 2.48915399e-03 2.30030165e-02 2.57577039e-02 6.80945445e-03
1.29579580e-01 -2.92799521e-02 -3.73048512e-03 -3.73048277e-03 9.92461170e+01 1.11861339e+02 1.65198899e+02 1.91514385e+02 2.84444893e-15 8.19553087e-06 9.32548738e-06 4.25784326e-17 9.06580384e-01 1.25233118e-06 4.22033182e-01 7.34359308e-07 5.81654998e-07 5.81654204e-07 2.48915399e-03 2.29995141e-02 2.57577039e-02 6.80117092e-03
1.29729730e-01 -2.92799521e-02 -3.73048448e-03 -3.73048278e-03 9.92461170e+01 1.11803668e+02 1.65198899e+02 1.91527969e+02 1.35373669e-14 5.99225573e-06 1.08895233e-05 9.39320165e-16 9.06700744e-01 1.25088172e-06 4.21774537e-01 7.34359308e-07 5.81654940e-07 5.81654262e-07 2.48915399e-03 2.29959993e-02 2.57577039e-02 6.79289903e-03
1.29879880e-01 -2.92799521e-02 -3.73048548e-03 -3.73048335e-03 9.92461170e+01 1.11746028e+02 1.65198899e+02 1.91541528e+02 7.12816919e-16 1.08567085e-05 6.08099885e-06 9.99144645e-19 9.06820915e-01 1.24943561e-06 4.21516107e-01 7.34359308e-07 5.81654941e-07 5.81654260e-07 2.48915399e-03 2.29924720e-02 2.57577039e-02 6.78463876e-03
1.30030030e-01 -2.92799521e-02 -3.73048594e-03 -3.73048264e-03 9.92461170e+01 1.11688418e+02 1.65198899e+02 1.91555065e+02 9.48526424e-15 1.06774815e-05 6.41843355e-06 6.99020209e-16 9.06940896e-01 1.24799285e-06 4.21257891e-01 7.34359308e-07 5.81654954e-07 5.81654248e-07 2.48915399e-03 2.29889323e-02 2.57577039e-02 6.77639011e-03
1.30180180e-01 -2.92799521e-02 -3.73048555e-03 -3.73048160e-03 9.92461170e+01 1.11630840e+02 1.65198899e+02 1.91568577e+02 1.18840856e-14 8.31068789e-06 9.30032343e-06 7.47109768e-16 9.07060689e-01 1.24655341e-06 4.20999889e-01 7.34359308e-07 5.81654999e-07 5.81654203e-07 2.48915399e-03 2.29853803e-02 2.57577039e-02 6.76815306e-03
1.30330330e-01 -2.92799521e-02 -3.73048503e-03 -3.73048232e-03 9.92461170e+01 1.11573293e+02 1.65198899e+02 1.91582065e+02 1.50653437e-14 1.15723302e-05 4.69081913e-06 9.82961082e-16 9.07180293e-01 1.24511729e-06 4.20742100e-01 7.34359308e-07 5.81654878e-07 5.81654323e-07 2.48915399e-03 2.29818160e-02 2.57577039e-02 6.75992760e-03
1.30480480e-01 -2.92799522e-02 -3.73048568e-03 -3.73048228e-03 9.92461170e+01 1.11515777e+02 1.65198899e+02 1.91595530e+02 9.50408531e-15 9.26417982e-06 8.39387031e-06 7.74953620e-16 9.07299710e-01 1.24368447e-06 4.20484526e-01 7.34359308e-07 5.81654999e-07 5.81654203e-07 2.48915399e-03 2.29782395e-02 2.57577039e-02 6.75171370e-03
1.30630631e-01 -2.92799521e-02 -3.73048428e-03 -3.73048213e-03 9.92461170e+01 1.11458291e+02 1.65198899e+02 1.91608971e+02 1.16502196e-14 7.91803621e-06 9.69260949e-06 8.58486632e-16 9.07418938e-01 1.24225495e-06 4.20227165e-01 7.34359308e-07 5.81654994e-07 5.81654208e-07 2.48915399e-03 2.29746507e-02 2.57577039e-02 6.74351137e-03
1.30780781e-01 -2.92799521e-02 -3.73048568e-03 -3.73048260e-03 9.92461170e+01 1.11400837e+02 1.65198899e+02 1.91622389e+02 6.88151904e-15 1.01017542e-05 7.41328823e-06 5.03722083e-16 9.07537979e-01 1.24082871e-06 4.19970018e-01 7.34359308e-07 5.81654982e-07 5.81654219e-07 2.48915399e-03 2.29710496e-02 2.57577039e-02 6.73532059e-03
1.30930931e-01 -2.92799521e-02 -3.73048576e-03 -3.73048320e-03 9.92461170e+01 1.11343414e+02 1.65198899e+02 1.91635783e+02 1.30171559e-15 1.03208379e-05 7.13044896e-06 1.82857500e-16 9.07656833e-01 1.23940574e-06 4.19713084e-01 7.34359308e-07 5.81654975e-07 5.81654227e-07 2.48915399e-03 2.29674365e-02 2.57577039e-02 6.72714134e-03
1.31081081e-01 -2.92799521e-02 -3.73048576e-03 -3.73048264e-03 9.92461170e+01 1.11286022e+02 1.65198899e+02 1.91649153e+02 9.33916009e-16 7.45540790e-06 1.01064841e-05 1.30765906e-17 9.07775500e-01 1.23798603e-06 4.19456364e-01 7.34359308e-07 5.81654984e-07 5.81654218e-07 2.48915399e-03 2.29638112e-02 2.57577039e-02 6.71897361e-03
1.31231231e-01 -2.92799521e-02 -3.73048468e-03 -3.73048306e-03 9.92461170e+01 1.11228662e+02 1.65198899e+02 1.91662500e+02 4.16252248e-15 1.02452869e-05 7.28833102e-06 2.47352582e-16 9.07893980e-01 1.23656957e-06 4.19199857e-01 7.34359308e-07 5.81654979e-07 5.81654223e-07 2.48915399e-03 2.29601738e-02 2.57577039e-02 6.71081739e-03
1.31381381e-01 -2.92799521e-02 -3.73048551e-03 -3.73048213e-03 9.92461170e+01 1.11171332e+02 1.65198899e+02 1.91675824e+02 9.62608813e-15 7.18971298e-06 1.03322630e-05 6.47104221e-16 9.08012274e-01 1.23515635e-06 4.18943564e-01 7.34359308e-07 5.81654977e-07 5.81654225e-07 2.48915399e-03 2.29565243e-02 2.57577039e-02 6.70267266e-03
1.31531532e-01 -2.92799521e-02 -3.73048597e-03 -3.73048206e-03 9.92461170e+01 1.11114034e+02 1.65198899e+02 1.91689124e+02 2.77221172e-15 8.80418863e-06 9.01644430e-06 2.39242919e-16 9.08130382e-01 1.23374635e-06 4.18687484e-01 7.34359308e-07 5.81655001e-07 5.81654200e-07 2.48915399e-03 2.29528629e-02 2.57577039e-02 6.69453942e-03
1.31681682e-01 -2.92799521e-02 -3.73048531e-03 -3.73048197e-03 9.92461170e+01 1.11056767e+02 1.65198899e+02 1.91702401e+02 7.18489153e-16 7.10401290e-06 1.04262070e-05 9.35788741e-17 9.08248304e-01 1.23233957e-06 4.18431617e-01 7.34359308e-07 5.81654974e-07 5.81654227e-07 2.48915399e-03 2.29491894e-02 2.57577039e-02 6.68641764e-03
1.31831832e-01 -2.92799521e-02 -3.73048498e-03 -3.73048128e-03 9.92461170e+01 1.10999531e+02 1.65198899e+02 1.91715655e+02 1.32289503e-15 8.58957649e-06 9.26040866e-06 9.82945015e-18 9.08366041e-01 1.23093600e-06 4.18175963e-01 7.34359308e-07 5.81655000e-07 5.81654201e-07 2.48915399e-03 2.29455041e-02 2.57577039e-02 6.67830732e-03
1.31981982e-01 -2.92799521e-02 -3.73048544e-03 -3.73048257e-03 9.92461170e+01 1.10942326e+02 1.65198899e+02 1.91728885e+02 8.85731095e-15 9.07033092e-06 8.81071533e-06 8.30190566e-16 9.08483592e-01 1.22953562e-06 4.17920522e-01 7.34359308e-07 5.81655001e-07 5.81654201e-07 2.48915399e-03 2.29418068e-02 2.57577039e-02 6.67020844e-03
1.32132132e-01 -2.92799521e-02 -3.73048519e-03 -3.73048100e-03 9.92461170e+01 1.10885153e+02 1.65198899e+02 1.91742092e+02 6.17742180e-15 7.87207413e-06 9.91433736e-06 4.19676877e-16 9.08600958e-01 1.22813842e-06 4.17665295e-01 7.34359308e-07 5.81654991e-07 5.81654210e-07 2.48915399e-03 2.29380976e-02 2.57577039e-02 6.66212100e-03
1.32282282e-01 -2.92799521e-02 -3.73048479e-03 -3.73048077e-03 9.92461170e+01 1.10828011e+02 1.65198899e+02 1.91755276e+02 1.89562444e-15 7.65354868e-06 1.01020429e-05 2.18791632e-16 9.08718140e-01 1.22674439e-06 4.17410280e-01 7.34359308e-07 5.81654987e-07 5.81654215e-07 2.48915399e-03 2.29343766e-02 2.57577039e-02 6.65404496e-03
1.32432432e-01 -2.92799521e-02 -3.73048510e-03 -3.73048191e-03 9.92461170e+01 1.10770901e+02 1.65198899e+02 1.91768437e+02 1.08045693e-15 5.97518295e-06 1.11933071e-05 4.28861860e-17 9.08835138e-01 1.22535352e-06 4.17155478e-01 7.34359308e-07 5.81654935e-07 5.81654267e-07 2.48915399e-03 2.29306437e-02 2.57577039e-02 6.64598033e-03
1.32582583e-01 -2.92799521e-02 -3.73048496e-03 -3.73048198e-03 9.92461170e+01 1.10713822e+02 1.65198899e+02 1.91781575e+02 1.98730846e-15 8.19492163e-06 9.70574391e-06 5.53771775e-17 9.08951951e-01 1.22396581e-06 4.16900888e-01 7.34359308e-07 5.81654996e-07 5.81654206e-07 2.48915399e-03 2.29268991e-02 2.57577039e-02 6.63792710e-03
1.32732733e-01 -2.92799521e-02 -3.73048512e-03 -3.73048224e-03 9.92461170e+01 1.10656774e+02 1.65198899e+02 1.91794690e+02 1.28069536e-15 8.78790769e-06 9.19220148e-06 1.14537529e-16 9.09068581e-01 1.22258123e-06 4.16646511e-01 7.34359308e-07 5.81655001e-07 5.81654201e-07 2.48915399e-03 2.29231428e-02 2.57577039e-02 6.62988523e-03
1.32882883e-01 -2.92799521e-02 -3.73048535e-03 -3.73048226e-03 9.92461170e+01 1.10599758e+02 1.65198899e+02 1.91807782e+02 5.59674698e-15 5.93061192e-06 1.12657814e-05 4.62354286e-16 9.09185027e-01 1.22119978e-06 4.16392347e-01 7.34359308e-07 5.81654932e-07 5.81654270e-07 2.48915399e-03 2.29193748e-02 2.57577039e-02 6.62185473e-03
1.33033033e-01 -2.92799521e-02 -3.73048547e-03 -3.73048186e-03 9.92461170e+01 1.10542773e+02 1.65198899e+02 1.91820850e+02 1.84386850e-15 8.09224299e-06 9.84744145e-06 8.62398545e-18 9.09301290e-01 1.21982145e-06 4.16138396e-01 7.34359308e-07 5.81654994e-07 5.81654208e-07 2.48915399e-03 2.29155951e-02 2.57577039e-02 6.61383558e-03
1.33183183e-01 -2.92799521e-02 -3.73048510e-03 -3.73048224e-03 9.92461170e+01 1.10485819e+02 1.65198899e+02 1.91833896e+02 7.55438757e-15 8.72962393e-06 9.30683038e-06 6.31615343e-16 9.09417370e-01 1.21844623e-06 4.15884656e-01 7.34359308e-07 5.81655001e-07 5.81654201e-07 2.48915399e-03 2.29118038e-02 2.57577039e-02 6.60582777e-03
1.33333333e-01 -2.92799521e-02 -3.73048496e-03 -3.73048128e-03 9.92461170e+01 1.10428898e+02 1.65198899e+02 1.91846919e+02 1.95830085e-15 9.51534608e-06 8.52343559e-06 5.02158741e-17 9.09533267e-01 1.21707411e-06 4.15631129e-01 7.34359308e-07 5.81654999e-07 5.81654203e-07 2.48915399e-03 2.29080009e-02 2.57577039e-02 6.59783128e-03
1.33483483e-01 -2.92799521e-02 -3.73048497e-03 -3.73048198e-03 9.92461170e+01 1.10372007e+02 1.65198899e+02 1.91859920e+02 3.45758807e-15 1.01577290e-05 7.77039641e-06 2.82878907e-16 9.09648982e-01 1.21570507e-06 4.15377815e-01 7.34359308e-07 5.81654987e-07 5.81654215e-07 2.48915399e-03 2.29041864e-02 2.57577039e-02 6.58984610e-03
1.33633634e-01 -2.92799521e-02 -3.73048528e-03 -3.73048285e-03 9.92461170e+01 1.10315149e+02 1.65198899e+02 1.91872897e+02 7.09145689e-15 6.49713908e-06 1.10324009e-05 4.12632954e-16 9.09764515e-01 1.21433911e-06 4.15124712e-01 7.34359308e-07 5.81654952e-07 5.81654250e-07 2.48915399e-03 2.29003605e-02 2.57577039e-02 6.58187222e-03
1.33783784e-01 -2.92799522e-02 -3.73048524e-03 -3.73048221e-03 9.92461170e+01 1.10258322e+02 1.65198899e+02 1.91885852e+02 5.91791040e-15 8.14505189e-06 9.89714091e-06 6.50753918e-16 9.09879867e-01 1.21297621e-06 4.14871821e-01 7.34359308e-07 5.81654994e-07 5.81654208e-07 2.48915399e-03 2.28965230e-02 2.57577039e-02 6.57390962e-03
1.33933934e-01 -2.92799521e-02 -3.73048496e-03 -3.73048184e-03 9.92461170e+01 1.10201526e+02 1.65198899e+02 1.91898784e+02 7.36389066e-15 9.63780801e-06 8.47212609e-06 5.11532185e-16 9.09995036e-01 1.21161637e-06 4.14619143e-01 7.34359308e-07 5.81654998e-07 5.81654204e-07 2.48915399e-03 2.28926741e-02 2.57577039e-02 6.56595830e-03
1.34084084e-01 -2.92799521e-02 -3.73048507e-03 -3.73048168e-03 9.92461170e+01 1.10144762e+02 1.65198899e+02 1.91911694e+02 1.84352412e-15 7.57446264e-06 1.03759910e-05 1.03133950e-16 9.10110025e-01 1.21025958e-06 4.14366676e-01 7.34359308e-07 5.81654983e-07 5.81654219e-07 2.48915399e-03 2.28888137e-02 2.57577039e-02 6.55801823e-03
1.34234234e-01 -2.92799521e-02 -3.73048542e-03 -3.73048193e-03 9.92461170e+01 1.10088030e+02 1.65198899e+02 1.91924581e+02 3.13097648e-15 4.48599341e-06 1.20531888e-05 2.26045250e-16 9.10224833e-01 1.20890582e-06 4.14114421e-01 7.34359308e-07 5.81654864e-07 5.81654338e-07 2.48915399e-03 2.28849420e-02 2.57577039e-02 6.55008940e-03
1.34384384e-01 -2.92799521e-02 -3.73048584e-03 -3.73048188e-03 9.92461170e+01 1.10031330e+02 1.65198899e+02 1.91937445e+02 2.56574350e-15 1.12412708e-05 6.27754446e-06 1.16820222e-16 9.10339460e-01 1.20755509e-06 4.13862378e-01 7.34359308e-07 5.81654941e-07 5.81654261e-07 2.48915399e-03 2.28810590e-02 2.57577039e-02 6.54217181e-03
1.34534535e-01 -2.92799521e-02 -3.73048479e-03 -3.73047977e-03 9.92461170e+01 1.09974661e+02 1.65198899e+02 1.91950287e+02 3.53743220e-15 6.77150354e-06 1.09677310e-05 2.17988902e-16 9.10453906e-01 1.20620737e-06 4.13610547e-01 7.34359308e-07 5.81654960e-07 5.81654242e-07 2.48915399e-03 2.28771646e-02 2.57577039e-02 6.53426543e-03
1.34684685e-01 -2.92799521e-02 -3.73048626e-03 -3.73048408e-03 9.92461170e+01 1.09918024e+02 1.65198899e+02 1.91963106e+02 4.11459840e-15 1.04709593e-05 7.54151579e-06 3.44017642e-16 9.10568173e-01 1.20486266e-06 4.13358927e-01 7.34359308e-07 5.81654980e-07 5.81654222e-07 2.48915399e-03 2.28732589e-02 2.57577039e-02 6.52637026e-03
1.34834835e-01 -2.92799521e-02 -3.73048505e-03 -3.73048243e-03 9.92461170e+01 1.09861418e+02 1.65198899e+02 1.91975903e+02 1.14543178e-14 9.16300326e-06 9.10638785e-06 8.98581268e-16 9.10682260e-01 1.20352094e-06 4.13107518e-01 7.34359308e-07 5.81655001e-07 5.81654200e-07 2.48915399e-03 2.28693420e-02 2.57577039e-02 6.51848627e-03
1.34984985e-01 -2.92799521e-02 -3.73048558e-03 -3.73048187e-03 9.92461170e+01 1.09804845e+02 1.65198899e+02 1.91988678e+02 9.31051247e-16 9.23033599e-06 9.05868194e-06 6.78649999e-18 9.10796167e-01 1.20218221e-06 4.12856321e-01 7.34359308e-07 5.81655001e-07 5.81654201e-07 2.48915399e-03 2.28654140e-02 2.57577039e-02 6.51061347e-03
1.35135135e-01 -2.92799522e-02 -3.73048522e-03 -3.73048274e-03 9.92461170e+01 1.09748303e+02 1.65198899e+02 1.92001430e+02 1.21253521e-14 9.91315873e-06 8.32828985e-06 1.00195164e-15 9.10909895e-01 1.20084645e-06 4.12605335e-01 7.34359308e-07 5.81654995e-07 5.81654207e-07 2.48915399e-03 2.28614747e-02 2.57577039e-02 6.50275183e-03
1.35285285e-01 -2.92799521e-02 -3.73048575e-03 -3.73048324e-03 9.92461170e+01 1.09691793e+02 1.65198899e+02 1.92014160e+02 4.70980840e-16 8.23649544e-06 1.00081962e-05 2.38521612e-17 9.11023444e-01 1.19951366e-06 4.12354561e-01 7.34359308e-07 5.81654994e-07 5.81654208e-07 2.48915399e-03 2.28575243e-02 2.57577039e-02 6.49490134e-03
1.35435435e-01 -2.92799521e-02 -3.73048413e-03 -3.73048158e-03 9.92461170e+01 1.09635315e+02 1.65198899e+02 1.92026868e+02 5.19087338e-15 8.24236075e-06 1.00219994e-05 4.72379600e-16 9.11136815e-01 1.19818382e-06 4.12103997e-01 7.34359308e-07 5.81654994e-07 5.81654208e-07 2.48915399e-03 2.28535628e-02 2.57577039e-02 6.48706199e-03
1.35585586e-01 -2.92799521e-02 -3.73048549e-03 -3.73048337e-03 9.92461170e+01 1.09578869e+02 1.65198899e+02 1.92039553e+02 4.48813951e-15 9.54080361e-06 8.81609878e-06 4.07011142e-16 9.11250007e-01 1.19685693e-06 4.11853645e-01 7.34359308e-07 5.81655000e-07 5.81654202e-07 2.48915399e-03 2.28495902e-02 2.57577039e-02 6.47923376e-03
1.35735736e-01 -2.92799521e-02 -3.73048499e-03 -3.73048198e-03 9.92461170e+01 1.09522455e+02 1.65198899e+02 1.92052216e+02 1.17522781e-14 7.11179404e-06 1.08879235e-05 9.31934865e-16 9.11363021e-01 1.19553297e-06 4.11603503e-01 7.34359308e-07 5.81654968e-07 5.81654233e-07 2.48915399e-03 2.28456066e-02 2.57577039e-02 6.47141664e-03
1.35885886e-01 -2.92799521e-02 -3.73048513e-03 -3.73048149e-03 9.92461170e+01 1.09466072e+02 1.65198899e+02 1.92064857e+02 1.52874995e-15 7.79042372e-06 1.04311154e-05 1.02498552e-16 9.11475857e-01 1.19421194e-06 4.11353573e-01 7.34359308e-07 5.81654985e-07 5.81654216e-07 2.48915399e-03 2.28416120e-02 2.57577039e-02 6.46361062e-03
1.36036036e-01 -2.92799521e-02 -3.73048547e-03 -3.73048284e-03 9.92461170e+01 1.09409722e+02 1.65198899e+02 1.92077477e+02 2.02495019e-15 8.65541845e-06 9.74460831e-06 2.06174638e-16 9.11588516e-01 1.19289383e-06 4.11103853e-01 7.34359308e-07 5.81654999e-07 5.81654203e-07 2.48915399e-03 2.28376064e-02 2.57577039e-02 6.45581569e-03
1.36186186e-01 -2.92799521e-02 -3.73048582e-03 -3.73048330e-03 9.92461170e+01 1.09353403e+02 1.65198899e+02 1.92090074e+02 6.85527629e-16 1.17796030e-05 5.61157879e-06 1.26771688e-19 9.11700997e-01 1.19157862e-06 4.10854343e-01 7.34359308e-07 5.81654911e-07 5.81654291e-07 2.48915399e-03 2.28335899e-02 2.57577039e-02 6.44803183e-03
1.36336336e-01 -2.92799522e-02 -3.73048478e-03 -3.73048141e-03 9.92461170e+01 1.09297116e+02 1.65198899e+02 1.92102649e+02 4.02329876e-15 8.47727264e-06 9.93782321e-06 3.19201732e-16 9.11813302e-01 1.19026631e-06 4.10605044e-01 7.34359308e-07 5.81654997e-07 5.81654205e-07 2.48915399e-03 2.28295626e-02 2.57577039e-02 6.44025902e-03
1.36486486e-01 -2.92799521e-02 -3.73048544e-03 -3.73048143e-03 9.92461170e+01 1.09240862e+02 1.65198899e+02 1.92115202e+02 1.76212568e-15 8.66001329e-06 9.79819796e-06 1.76787052e-16 9.11925430e-01 1.18895688e-06 4.10355956e-01 7.34359308e-07 5.81654999e-07 5.81654203e-07 2.48915399e-03 2.28255243e-02 2.57577039e-02 6.43249726e-03
1.36636637e-01 -2.92799521e-02 -3.73048527e-03 -3.73048165e-03 9.92461170e+01 1.09184639e+02 1.65198899e+02 1.92127733e+02 6.73561181e-15 8.60369920e-06 9.86677856e-06 6.11756972e-16 9.12037381e-01 1.18765034e-06 4.10107078e-01 7.34359308e-07 5.81654998e-07 5.81654204e-07 2.48915399e-03 2.28214752e-02 2.57577039e-02 6.42474652e-03
1.36786787e-01 -2.92799521e-02 -3.73048512e-03 -3.73048068e-03 9.92461170e+01 1.09128448e+02 1.65198899e+02 1.92140242e+02 7.96857340e-15 7.34349243e-06 1.08548117e-05 6.88079169e-16 9.12149156e-01 1.18634666e-06 4.09858410e-01 7.34359308e-07 5.81654973e-07 5.81654228e-07 2.48915399e-03 2.28174154e-02 2.57577039e-02 6.41700681e-03
1.36936937e-01 -2.92799521e-02 -3.73048528e-03 -3.73048207e-03 9.92461170e+01 1.09072290e+02 1.65198899e+02 1.92152730e+02 9.22299923e-15 6.94679589e-06 1.11298301e-05 7.33251992e-16 9.12260756e-01 1.18504584e-06 4.09609953e-01 7.34359308e-07 5.81654961e-07 5.81654240e-07 2.48915399e-03 2.28133447e-02 2.57577039e-02 6.40927810e-03
1.37087087e-01 -2.92799521e-02 -3.73048525e-03 -3.73048159e-03 9.92461170e+01 1.09016163e+02 1.65198899e+02 1.92165196e+02 3.19675743e-15 7.73745130e-06 1.06132289e-05 2.94943805e-16 9.12372179e-01 1.18374787e-06 4.09361706e-01 7.34359308e-07 5.81654983e-07 5.81654219e-07 2.48915399e-03 2.28092634e-02 2.57577039e-02 6.40156038e-03
1.37237237e-01 -2.92799521e-02 -3.73048504e-03 -3.73048137e-03 9.92461170e+01 1.08960069e+02 1.65198899e+02 1.92177639e+02 1.29651695e-15 6.99905913e-06 1.11310400e-05 1.21755190e-16 9.12483428e-01 1.18245274e-06 4.09113668e-01 7.34359308e-07 5.81654963e-07 5.81654239e-07 2.48915399e-03 2.28051713e-02 2.57577039e-02 6.39385363e-03
1.37387387e-01 -2.92799521e-02 -3.73048525e-03 -3.73048109e-03 9.92461170e+01 1.08904007e+02 1.65198899e+02 1.92190062e+02 2.53449660e-15 6.79825206e-06 1.12716088e-05 1.22792419e-16 9.12594502e-01 1.18116044e-06 4.08865841e-01 7.34359308e-07 5.81654956e-07 5.81654246e-07 2.48915399e-03 2.28010686e-02 2.57577039e-02 6.38615785e-03
1.37537538e-01 -2.92799521e-02 -3.73048548e-03 -3.73048278e-03 9.92461170e+01 1.08847976e+02 1.65198899e+02 1.92202462e+02 2.74446486e-15 9.78334495e-06 8.82782458e-06 2.50878452e-16 9.12705400e-01 1.17987097e-06 4.08618223e-01 7.34359308e-07 5.81654999e-07 5.81654203e-07 2.48915399e-03 2.27969553e-02 2.57577039e-02 6.37847302e-03
1.37687688e-01 -2.92799521e-02 -3.73048536e-03 -3.73048135e-03 9.92461170e+01 1.08791978e+02 1.65198899e+02 1.92214841e+02 4.01457704e-15 8.92573025e-06 9.71365059e-06 3.23812238e-16 9.12816125e-01 1.17858430e-06 4.08370815e-01 7.34359308e-07 5.81655000e-07 5.81654202e-07 2.48915399e-03 2.27928314e-02 2.57577039e-02 6.37079913e-03
1.37837838e-01 -2.92799521e-02 -3.73048465e-03 -3.73048147e-03 9.92461170e+01 1.08736012e+02 1.65198899e+02 1.92227199e+02 4.56972748e-15 9.27007357e-06 9.40580466e-06 4.82206747e-16 9.12926675e-01 1.17730044e-06 4.08123616e-01 7.34359308e-07 5.81655001e-07 5.81654200e-07 2.48915399e-03 2.27886970e-02 2.57577039e-02 6.36313616e-03
1.37987988e-01 -2.92799521e-02 -3.73048580e-03 -3.73048242e-03 9.92461170e+01 1.08680079e+02 1.65198899e+02 1.92239534e+02 4.67863040e-15 6.60365144e-06 1.14531823e-05 4.38517240e-16 9.13037051e-01 1.17601938e-06 4.07876627e-01 7.34359308e-07 5.81654948e-07 5.81654253e-07 2.48915399e-03 2.27845520e-02 2.57577039e-02 6.35548410e-03
1.38138138e-01 -2.92799521e-02 -3.73048530e-03 -3.73048208e-03 9.92461170e+01 1.08624177e+02 1.65198899e+02 1.92251849e+02 4.43670224e-15 8.35308742e-06 1.02659686e-05 4.37564522e-16 9.13147254e-01 1.17474109e-06 4.07629848e-01 7.34359308e-07 5.81654993e-07 5.81654208e-07 2.48915399e-03 2.27803965e-02 2.57577039e-02 6.34784294e-03
1.38288288e-01 -2.92799521e-02 -3.73048563e-03 -3.73048365e-03 9.92461170e+01 1.08568308e+02 1.65198899e+02 1.92264142e+02 6.99345130e-15 1.28263279e-05 3.32121853e-06 6.22015921e-16 9.13257283e-01 1.17346559e-06 4.07383278e-01 7.34359308e-07 5.81654794e-07 5.81654408e-07 2.48915399e-03 2.27762306e-02 2.57577039e-02 6.34021266e-03
1.38438438e-01 -2.92799521e-02 -3.73048489e-03 -3.73048325e-03 9.92461170e+01 1.08512471e+02 1.65198899e+02 1.92276413e+02 2.47082667e-15 1.20060743e-05 5.63744384e-06 1.88627495e-16 9.13367139e-01 1.17219285e-06 4.07136917e-01 7.34359308e-07 5.81654908e-07 5.81654294e-07 2.48915399e-03 2.27720543e-02 2.57577039e-02 6.33259324e-03
1.38588589e-01 -2.92799521e-02 -3.73048511e-03 -3.73048186e-03 9.92461170e+01 1.08456666e+02 1.65198899e+02 1.92288663e+02 1.23743817e-14 1.04706224e-05 8.16544454e-06 1.24261677e-15 9.13476823e-01 1.17092287e-06 4.06890765e-01 7.34359308e-07 5.81654989e-07 5.81654213e-07 2.48915399e-03 2.27678675e-02 2.57577039e-02 6.32498469e-03
1.38738739e-01 -2.92799521e-02 -3.73048533e-03 -3.73048364e-03 9.92461170e+01 1.08400894e+02 1.65198899e+02 1.92300892e+02 5.08285791e-15 1.18162463e-05 6.08826589e-06 6.24202488e-16 9.13586333e-01 1.16965563e-06 4.06644822e-01 7.34359308e-07 5.81654926e-07 5.81654276e-07 2.48915399e-03 2.27636705e-02 2.57577039e-02 6.31738698e-03
1.38888889e-01 -2.92799521e-02 -3.73048499e-03 -3.73048242e-03 9.92461170e+01 1.08345154e+02 1.65198899e+02 1.92313099e+02 1.21487026e-14 8.45805662e-06 1.02730030e-05 1.18068078e-15 9.13695672e-01 1.16839114e-06 4.06399088e-01 7.34359308e-07 5.81654994e-07 5.81654207e-07 2.48915399e-03 2.27594631e-02 2.57577039e-02 6.30980010e-03
1.39039039e-01 -2.92799521e-02 -3.73048558e-03 -3.73048247e-03 9.92461170e+01 1.08289446e+02 1.65198899e+02 1.92325286e+02 4.47400675e-16 9.12369990e-06 9.70641445e-06 8.14573800e-17 9.13804839e-01 1.16712938e-06 4.06153563e-01 7.34359308e-07 5.81655001e-07 5.81654201e-07 2.48915399e-03 2.27552454e-02 2.57577039e-02 6.30222403e-03
1.39189189e-01 -2.92799521e-02 -3.73048522e-03 -3.73048327e-03 9.92461170e+01 1.08233770e+02 1.65198899e+02 1.92337451e+02 2.32947590e-17 9.23578374e-06 9.61977974e-06 4.44098034e-17 9.13913834e-01 1.16587034e-06 4.05908246e-01 7.34359308e-07 5.81655001e-07 5.81654201e-07 2.48915399e-03 2.27510175e-02 2.57577039e-02 6.29465876e-03
1.39339339e-01 -2.92799521e-02 -3.73048440e-03 -3.73048210e-03 9.92461170e+01 1.08178127e+02 1.65198899e+02 1.92349595e+02 6.39043235e-15 1.06764831e-05 8.01476557e-06 5.60008409e-16 9.14022657e-01 1.16461402e-06 4.05663139e-01 7.34359308e-07 5.81654985e-07 5.81654217e-07 2.48915399e-03 2.27467793e-02 2.57577039e-02 6.28710429e-03
1.39489489e-01 -2.92799521e-02 -3.73048450e-03 -3.73048149e-03 9.92461170e+01 1.08122516e+02 1.65198899e+02 1.92361717e+02 1.99561868e-15 1.01559395e-05 8.68705719e-06 2.20241135e-16 9.14131310e-01 1.16336039e-06 4.05418239e-01 7.34359308e-07 5.81654996e-07 5.81654206e-07 2.48915399e-03 2.27425310e-02 2.57577039e-02 6.27956059e-03
1.39639640e-01 -2.92799521e-02 -3.73048451e-03 -3.73048189e-03 9.92461170e+01 1.08066937e+02 1.65198899e+02 1.92373819e+02 7.77470453e-15 8.26587721e-06 1.05198891e-05 7.65700150e-16 9.14239791e-01 1.16210947e-06 4.05173548e-01 7.34359308e-07 5.81654990e-07 5.81654211e-07 2.48915399e-03 2.27382725e-02 2.57577039e-02 6.27202765e-03
1.39789790e-01 -2.92799521e-02 -3.73048556e-03 -3.73048318e-03 9.92461170e+01 1.08011391e+02 1.65198899e+02 1.92385899e+02 1.40898575e-14 8.11077018e-06 1.06580175e-05 1.43822563e-15 9.14348102e-01 1.16086123e-06 4.04929066e-01 7.34359308e-07 5.81654987e-07 5.81654214e-07 2.48915399e-03 2.27340039e-02 2.57577039e-02 6.26450546e-03
1.39939940e-01 -2.92799521e-02 -3.73048525e-03 -3.73048260e-03 9.92461170e+01 1.07955878e+02 1.65198899e+02 1.92397959e+02 1.20663700e-14 1.17827794e-05 6.39762387e-06 1.23229023e-15 9.14456243e-01 1.15961567e-06 4.04684791e-01 7.34359308e-07 5.81654936e-07 5.81654266e-07 2.48915399e-03 2.27297253e-02 2.57577039e-02 6.25699401e-03
1.40090090e-01 -2.92799521e-02 -3.73048494e-03 -3.73048257e-03 9.92461170e+01 1.07900396e+02 1.65198899e+02 1.92409997e+02 1.26738498e-14 1.08257382e-05 7.93428259e-06 1.26694948e-15 9.14564213e-01 1.15837278e-06 4.04440725e-01 7.34359308e-07 5.81654982e-07 5.81654220e-07 2.48915399e-03 2.27254365e-02 2.57577039e-02 6.24949327e-03
1.40240240e-01 -2.92799521e-02 -3.73048522e-03 -3.73048192e-03 9.92461170e+01 1.07844948e+02 1.65198899e+02 1.92422015e+02 4.05293785e-15 7.58618974e-06 1.10898851e-05 2.73304200e-16 9.14672014e-01 1.15713255e-06 4.04196866e-01 7.34359308e-07 5.81654975e-07 5.81654227e-07 2.48915399e-03 2.27211378e-02 2.57577039e-02 6.24200325e-03
1.40390390e-01 -2.92799521e-02 -3.73048544e-03 -3.73048253e-03 9.92461170e+01 1.07789531e+02 1.65198899e+02 1.92434012e+02 1.65470421e-14 1.05970839e-05 8.28398653e-06 1.82326075e-15 9.14779645e-01 1.15589498e-06 4.03953216e-01 7.34359308e-07 5.81654989e-07 5.81654213e-07 2.48915399e-03 2.27168291e-02 2.57577039e-02 6.23452392e-03
1.40540541e-01 -2.92799521e-02 -3.73048532e-03 -3.73048234e-03 9.92461170e+01 1.07734148e+02 1.65198899e+02 1.92445988e+02 1.06098405e-15 1.08385489e-05 7.98972370e-06 1.32205600e-16 9.14887107e-01 1.15466005e-06 4.03709773e-01 7.34359308e-07 5.81654983e-07 5.81654219e-07 2.48915399e-03 2.27125104e-02 2.57577039e-02 6.22705527e-03
1.40690691e-01 -2.92799521e-02 -3.73048528e-03 -3.73048287e-03 9.92461170e+01 1.07678796e+02 1.65198899e+02 1.92457943e+02 1.82922682e-16 8.97551628e-06 1.00567170e-05 5.99054510e-18 9.14994400e-01 1.15342775e-06 4.03466538e-01 7.34359308e-07 5.81654999e-07 5.81654203e-07 2.48915399e-03 2.27081818e-02 2.57577039e-02 6.21959729e-03
1.40840841e-01 -2.92799521e-02 -3.73048540e-03 -3.73048248e-03 9.92461170e+01 1.07623477e+02 1.65198899e+02 1.92469877e+02 4.49133176e-15 8.15942556e-06 1.07475234e-05 3.95258371e-16 9.15101525e-01 1.15219809e-06 4.03223511e-01 7.34359308e-07 5.81654987e-07 5.81654215e-07 2.48915399e-03 2.27038433e-02 2.57577039e-02 6.21214996e-03
1.40990991e-01 -2.92799521e-02 -3.73048507e-03 -3.73048257e-03 9.92461170e+01 1.07568191e+02 1.65198899e+02 1.92481791e+02 8.53028547e-15 6.02609945e-06 1.20896674e-05 9.79819761e-16 9.15208481e-01 1.15097104e-06 4.02980690e-01 7.34359308e-07 5.81654922e-07 5.81654280e-07 2.48915399e-03 2.26994949e-02 2.57577039e-02 6.20471327e-03
1.41141141e-01 -2.92799521e-02 -3.73048615e-03 -3.73048337e-03 9.92461170e+01 1.07512937e+02 1.65198899e+02 1.92493684e+02 1.45847389e-14 1.18669348e-05 6.48372229e-06 1.58542008e-15 9.15315268e-01 1.14974660e-06 4.02738078e-01 7.34359308e-07 5.81654937e-07 5.81654265e-07 2.48915399e-03 2.26951368e-02 2.57577039e-02 6.19728721e-03
1.41291291e-01 -2.92799521e-02 -3.73048512e-03 -3.73048246e-03 9.92461170e+01 1.07457716e+02 1.65198899e+02 1.92505556e+02 5.65536123e-15 1.04473135e-05 8.60846752e-06 5.24935504e-16 9.15421888e-01 1.14852477e-06 4.02495672e-01 7.34359308e-07 5.81654994e-07 5.81654208e-07 2.48915399e-03 2.26907688e-02 2.57577039e-02 6.18987176e-03
1.41441441e-01 -2.92799521e-02 -3.73048497e-03 -3.73048247e-03 9.92461170e+01 1.07402527e+02 1.65198899e+02 1.92517408e+02 3.79283559e-16 9.66681285e-06 9.49707809e-06 6.38820359e-17 9.15528341e-01 1.14730553e-06 4.02253474e-01 7.34359308e-07 5.81655001e-07 5.81654200e-07 2.48915399e-03 2.26863911e-02 2.57577039e-02 6.18246692e-03
1.41591592e-01 -2.92799521e-02 -3.73048514e-03 -3.73048189e-03 9.92461170e+01 1.07347371e+02 1.65198899e+02 1.92529239e+02 1.89705721e-15 1.01214053e-05 9.03266415e-06 1.20790784e-16 9.15634626e-01 1.14608887e-06 4.02011483e-01 7.34359308e-07 5.81654999e-07 5.81654203e-07 2.48915399e-03 2.26820037e-02 2.57577039e-02 6.17507266e-03
1.41741742e-01 -2.92799521e-02 -3.73048526e-03 -3.73048209e-03 9.92461170e+01 1.07292248e+02 1.65198899e+02 1.92541049e+02 2.54630347e-15 1.13734302e-05 7.42074595e-06 4.11981995e-16 9.15740744e-01 1.14487479e-06 4.01769698e-01 7.34359308e-07 5.81654967e-07 5.81654235e-07 2.48915399e-03 2.26776065e-02 2.57577039e-02 6.16768897e-03
1.41891892e-01 -2.92799521e-02 -3.73048549e-03 -3.73048352e-03 9.92461170e+01 1.07237157e+02 1.65198899e+02 1.92552839e+02 3.95940481e-15 1.26380812e-05 5.00921366e-06 4.40697906e-16 9.15846695e-01 1.14366329e-06 4.01528121e-01 7.34359308e-07 5.81654874e-07 5.81654328e-07 2.48915399e-03 2.26731998e-02 2.57577039e-02 6.16031585e-03
1.42042042e-01 -2.92799521e-02 -3.73048502e-03 -3.73048289e-03 9.92461170e+01 1.07182099e+02 1.65198899e+02 1.92564609e+02 6.31742367e-15 1.03236212e-05 8.86721548e-06 6.91915545e-16 9.15952479e-01 1.14245434e-06 4.01286750e-01 7.34359308e-07 5.81654996e-07 5.81654205e-07 2.48915399e-03 2.26687834e-02 2.57577039e-02 6.15295327e-03
1.42192192e-01 -2.92799521e-02 -3.73048549e-03 -3.73048119e-03 9.92461170e+01 1.07127073e+02 1.65198899e+02 1.92576358e+02 4.32715772e-15 8.03144995e-06 1.10041918e-05 5.05668321e-16 9.16058098e-01 1.14124795e-06 4.01045586e-01 7.34359308e-07 5.81654983e-07 5.81654219e-07 2.48915399e-03 2.26643574e-02 2.57577039e-02 6.14560122e-03
1.42342342e-01 -2.92799521e-02 -3.73048575e-03 -3.73048292e-03 9.92461170e+01 1.07072081e+02 1.65198899e+02 1.92588087e+02 9.77885161e-15 9.13459251e-06 1.01265897e-05 1.17886779e-15 9.16163550e-01 1.14004410e-06 4.00804628e-01 7.34359308e-07 5.81654999e-07 5.81654202e-07 2.48915399e-03 2.26599218e-02 2.57577039e-02 6.13825969e-03
1.42492492e-01 -2.92799521e-02 -3.73048525e-03 -3.73048194e-03 9.92461170e+01 1.07017120e+02 1.65198899e+02 1.92599795e+02 1.03349544e-16 7.83964742e-06 1.11768115e-05 3.56018776e-17 9.16268837e-01 1.13884279e-06 4.00563876e-01 7.34359308e-07 5.81654978e-07 5.81654224e-07 2.48915399e-03 2.26554767e-02 2.57577039e-02 6.13092867e-03
1.42642643e-01 -2.92799521e-02 -3.73048543e-03 -3.73048215e-03 9.92461170e+01 1.06962193e+02 1.65198899e+02 1.92611483e+02 1.37324264e-15 7.05822224e-06 1.17028068e-05 2.62453666e-16 9.16373958e-01 1.13764401e-06 4.00323331e-01 7.34359308e-07 5.81654956e-07 5.81654246e-07 2.48915399e-03 2.26510221e-02 2.57577039e-02 6.12360814e-03
1.42792793e-01 -2.92799521e-02 -3.73048553e-03 -3.73048202e-03 9.92461170e+01 1.06907298e+02 1.65198899e+02 1.92623151e+02 8.26540381e-15 7.25509975e-06 1.15987556e-05 1.08014335e-15 9.16478914e-01 1.13644775e-06 4.00082992e-01 7.34359308e-07 5.81654962e-07 5.81654240e-07 2.48915399e-03 2.26465581e-02 2.57577039e-02 6.11629809e-03
1.42942943e-01 -2.92799521e-02 -3.73048493e-03 -3.73048265e-03 9.92461170e+01 1.06852436e+02 1.65198899e+02 1.92634799e+02 5.55711954e-15 8.05501684e-06 1.10760163e-05 6.59492775e-16 9.16583705e-01 1.13525400e-06 3.99842859e-01 7.34359308e-07 5.81654982e-07 5.81654219e-07 2.48915399e-03 2.26420846e-02 2.57577039e-02 6.10899850e-03
1.43093093e-01 -2.92799521e-02 -3.73048612e-03 -3.73048344e-03 9.92461170e+01 1.06797607e+02 1.65198899e+02 1.92646427e+02 8.84167198e-15 1.17847993e-05 7.00529684e-06 1.00884531e-15 9.16688331e-01 1.13406276e-06 3.99602932e-01 7.34359308e-07 5.81654952e-07 5.81654250e-07 2.48915399e-03 2.26376017e-02 2.57577039e-02 6.10170937e-03
1.43243243e-01 -2.92799521e-02 -3.73048578e-03 -3.73048333e-03 9.92461170e+01 1.06742810e+02 1.65198899e+02 1.92658034e+02 1.01564832e-14 1.26114332e-05 5.41314023e-06 1.07963517e-15 9.16792793e-01 1.13287401e-06 3.99363211e-01 7.34359308e-07 5.81654890e-07 5.81654312e-07 2.48915399e-03 2.26331095e-02 2.57577039e-02 6.09443067e-03
1.43393393e-01 -2.92799521e-02 -3.73048535e-03 -3.73048184e-03 9.92461170e+01 1.06688046e+02 1.65198899e+02 1.92669621e+02 6.00384885e-16 6.84207449e-06 1.19134975e-05 1.71740934e-16 9.16897091e-01 1.13168775e-06 3.99123695e-01 7.34359308e-07 5.81654948e-07 5.81654254e-07 2.48915399e-03 2.26286079e-02 2.57577039e-02 6.08716240e-03
1.43543544e-01 -2.92799521e-02 -3.73048429e-03 -3.73048125e-03 9.92461170e+01 1.06633315e+02 1.65198899e+02 1.92681189e+02 1.37080366e-16 1.00088826e-05 9.43202849e-06 5.44701605e-17 9.17001225e-01 1.13050398e-06 3.98884385e-01 7.34359308e-07 5.81655001e-07 5.81654201e-07 2.48915399e-03 2.26240970e-02 2.57577039e-02 6.07990454e-03
1.43693694e-01 -2.92799521e-02 -3.73048593e-03 -3.73048223e-03 9.92461170e+01 1.06578617e+02 1.65198899e+02 1.92692736e+02 1.19306498e-14 9.95865928e-06 9.50588745e-06 1.46027441e-15 9.17105196e-01 1.12932268e-06 3.98645281e-01 7.34359308e-07 5.81655001e-07 5.81654201e-07 2.48915399e-03 2.26195769e-02 2.57577039e-02 6.07265707e-03
1.43843844e-01 -2.92799521e-02 -3.73048626e-03 -3.73048299e-03 9.92461170e+01 1.06523951e+02 1.65198899e+02 1.92704263e+02 1.57856976e-14 1.08191674e-05 8.53690343e-06 1.98952910e-15 9.17209003e-01 1.12814385e-06 3.98406382e-01 7.34359308e-07 5.81654990e-07 5.81654212e-07 2.48915399e-03 2.26150475e-02 2.57577039e-02 6.06542000e-03
1.43993994e-01 -2.92799521e-02 -3.73048471e-03 -3.73048245e-03 9.92461170e+01 1.06469319e+02 1.65198899e+02 1.92715770e+02 5.03704103e-15 1.18460746e-05 7.07109243e-06 4.96850707e-16 9.17312647e-01 1.12696747e-06 3.98167688e-01 7.34359308e-07 5.81654952e-07 5.81654249e-07 2.48915399e-03 2.26105089e-02 2.57577039e-02 6.05819329e-03
1.44144144e-01 -2.92799521e-02 -3.73048422e-03 -3.73048068e-03 9.92461170e+01 1.06414719e+02 1.65198899e+02 1.92727258e+02 4.26537278e-15 6.34285070e-06 1.22676492e-05 3.51772149e-16 9.17416128e-01 1.12579355e-06 3.97929199e-01 7.34359308e-07 5.81654929e-07 5.81654273e-07 2.48915399e-03 2.26059611e-02 2.57577039e-02 6.05097694e-03
1.44294294e-01 -2.92799521e-02 -3.73048551e-03 -3.73048248e-03 9.92461170e+01 1.06360152e+02 1.65198899e+02 1.92738725e+02 3.77000426e-15 8.30362714e-06 1.10532485e-05 4.79261991e-16 9.17519447e-01 1.12462207e-06 3.97690915e-01 7.34359308e-07 5.81654986e-07 5.81654216e-07 2.48915399e-03 2.26014042e-02 2.57577039e-02 6.04377093e-03
1.44444444e-01 -2.92799521e-02 -3.73048523e-03 -3.73048244e-03 9.92461170e+01 1.06305618e+02 1.65198899e+02 1.92750173e+02 3.93642960e-15 7.97431372e-06 1.13107390e-05 5.75847841e-16 9.17622604e-01 1.12345302e-06 3.97452836e-01 7.34359308e-07 5.81654979e-07 5.81654223e-07 2.48915399e-03 2.25968381e-02 2.57577039e-02 6.03657526e-03
1.44594595e-01 -2.92799521e-02 -3.73048587e-03 -3.73048271e-03 9.92461170e+01 1.06251117e+02 1.65198899e+02 1.92761601e+02 6.50608680e-15 6.52342276e-06 1.22215316e-05 8.03323723e-16 9.17725598e-01 1.12228640e-06 3.97214962e-01 7.34359308e-07 5.81654935e-07 5.81654267e-07 2.48915399e-03 2.25922630e-02 2.57577039e-02 6.02938990e-03
1.44744745e-01 -2.92799521e-02 -3.73048472e-03 -3.73048071e-03 9.92461170e+01 1.06196648e+02 1.65198899e+02 1.92773009e+02 6.80484773e-15 8.11654494e-06 1.12446153e-05 8.60248807e-16 9.17828431e-01 1.12112221e-06 3.96977293e-01 7.34359308e-07 5.81654982e-07 5.81654220e-07 2.48915399e-03 2.25876789e-02 2.57577039e-02 6.02221484e-03
1.44894895e-01 -2.92799521e-02 -3.73048515e-03 -3.73048216e-03 9.92461170e+01 1.06142213e+02 1.65198899e+02 1.92784397e+02 7.64883640e-15 6.68073438e-06 1.21690868e-05 1.02258393e-15 9.17931102e-01 1.11996042e-06 3.96739828e-01 7.34359308e-07 5.81654940e-07 5.81654262e-07 2.48915399e-03 2.25830857e-02 2.57577039e-02 6.01505008e-03
1.45045045e-01 -2.92799521e-02 -3.73048474e-03 -3.73048188e-03 9.92461170e+01 1.06087810e+02 1.65198899e+02 1.92795766e+02 2.33965012e-15 8.02606760e-06 1.13446352e-05 3.52420759e-16 9.18033613e-01 1.11880104e-06 3.96502567e-01 7.34359308e-07 5.81654979e-07 5.81654223e-07 2.48915399e-03 2.25784835e-02 2.57577039e-02 6.00789559e-03
1.45195195e-01 -2.92799521e-02 -3.73048451e-03 -3.73048059e-03 9.92461170e+01 1.06033440e+02 1.65198899e+02 1.92807115e+02 3.26817332e-16 6.70770370e-06 1.21870939e-05 1.77364991e-16 9.18135962e-01 1.11764406e-06 3.96265511e-01 7.34359308e-07 5.81654940e-07 5.81654261e-07 2.48915399e-03 2.25738724e-02 2.57577039e-02 6.00075136e-03
1.45345345e-01 -2.92799521e-02 -3.73048542e-03 -3.73048198e-03 9.92461170e+01 1.05979104e+02 1.65198899e+02 1.92818444e+02 6.14377258e-15 1.13946667e-05 8.00503413e-06 8.87717798e-16 9.18238150e-01 1.11648947e-06 3.96028659e-01 7.34359308e-07 5.81654977e-07 5.81654225e-07 2.48915399e-03 2.25692523e-02 2.57577039e-02 5.99361738e-03
1.45495495e-01 -2.92799521e-02 -3.73048517e-03 -3.73048132e-03 9.92461170e+01 1.05924800e+02 1.65198899e+02 1.92829754e+02 1.16983328e-14 9.20209225e-06 1.04709772e-05 1.63165696e-15 9.18340178e-01 1.11533726e-06 3.95792012e-01 7.34359308e-07 5.81654998e-07 5.81654203e-07 2.48915399e-03 2.25646234e-02 2.57577039e-02 5.98649364e-03
1.45645646e-01 -2.92799521e-02 -3.73048484e-03 -3.73048151e-03 9.92461170e+01 1.05870529e+02 1.65198899e+02 1.92841045e+02 1.37856494e-14 9.77140876e-06 9.96196349e-06 1.92423277e-15 9.18442046e-01 1.11418743e-06 3.95555568e-01 7.34359308e-07 5.81655001e-07 5.81654200e-07 2.48915399e-03 2.25599856e-02 2.57577039e-02 5.97938012e-03
1.45795796e-01 -2.92799521e-02 -3.73048474e-03 -3.73048189e-03 9.92461170e+01 1.05816291e+02 1.65198899e+02 1.92852315e+02 2.17418459e-15 6.58218318e-06 1.23206211e-05 3.29251251e-16 9.18543755e-01 1.11303996e-06 3.95319328e-01 7.34359308e-07 5.81654935e-07 5.81654267e-07 2.48915399e-03 2.25553389e-02 2.57577039e-02 5.97227681e-03
1.45945946e-01 -2.92799521e-02 -3.73048453e-03 -3.73048289e-03 9.92461170e+01 1.05762086e+02 1.65198899e+02 1.92863567e+02 8.94933798e-15 9.63561958e-06 1.01331033e-05 1.10736156e-15 9.18645303e-01 1.11189486e-06 3.95083291e-01 7.34359308e-07 5.81655001e-07 5.81654201e-07 2.48915399e-03 2.25506835e-02 2.57577039e-02 5.96518370e-03
1.46096096e-01 -2.92799521e-02 -3.73048552e-03 -3.73048339e-03 9.92461170e+01 1.05707914e+02 1.65198899e+02 1.92874799e+02 7.92289292e-15 1.01831194e-05 9.60372579e-06 1.18054968e-15 9.18746692e-01 1.11075211e-06 3.94847459e-01 7.34359308e-07 5.81655001e-07 5.81654201e-07 2.48915399e-03 2.25460193e-02 2.57577039e-02 5.95810077e-03
1.46246246e-01 -2.92799521e-02 -3.73048519e-03 -3.73048317e-03 9.92461170e+01 1.05653775e+02 1.65198899e+02 1.92886011e+02 4.63012501e-15 1.09960228e-05 8.68434720e-06 6.20540259e-16 9.18847922e-01 1.10961171e-06 3.94611830e-01 7.34359308e-07 5.81654990e-07 5.81654212e-07 2.48915399e-03 2.25413464e-02 2.57577039e-02 5.95102800e-03
1.46396396e-01 -2.92799521e-02 -3.73048500e-03 -3.73048200e-03 9.92461170e+01 1.05599669e+02 1.65198899e+02 1.92897205e+02 5.47520547e-15 7.63145115e-06 1.17683774e-05 6.78907014e-16 9.18948993e-01 1.10847365e-06 3.94376404e-01 7.34359308e-07 5.81654967e-07 5.81654234e-07 2.48915399e-03 2.25366647e-02 2.57577039e-02 5.94396539e-03
1.46546547e-01 -2.92799521e-02 -3.73048520e-03 -3.73048260e-03 9.92461170e+01 1.05545596e+02 1.65198899e+02 1.92908379e+02 5.42440854e-15 1.04757759e-05 9.34856337e-06 6.92357354e-16 9.19049906e-01 1.10733792e-06 3.94141181e-01 7.34359308e-07 5.81654999e-07 5.81654203e-07 2.48915399e-03 2.25319744e-02 2.57577039e-02 5.93691293e-03
1.46696697e-01 -2.92799521e-02 -3.73048505e-03 -3.73048177e-03 9.92461170e+01 1.05491556e+02 1.65198899e+02 1.92919533e+02 8.98998524e-17 8.10805411e-06 1.14804683e-05 1.41827416e-17 9.19150660e-01 1.10620451e-06 3.93906162e-01 7.34359308e-07 5.81654979e-07 5.81654223e-07 2.48915399e-03 2.25272754e-02 2.57577039e-02 5.92987059e-03
1.46846847e-01 -2.92799521e-02 -3.73048602e-03 -3.73048257e-03 9.92461170e+01 1.05437549e+02 1.65198899e+02 1.92930669e+02 1.73414622e-15 1.28705973e-05 5.68278206e-06 3.04002358e-16 9.19251256e-01 1.10507342e-06 3.93671345e-01 7.34359308e-07 5.81654896e-07 5.81654306e-07 2.48915399e-03 2.25225678e-02 2.57577039e-02 5.92283836e-03
1.46996997e-01 -2.92799521e-02 -3.73048528e-03 -3.73048268e-03 9.92461170e+01 1.05383575e+02 1.65198899e+02 1.92941785e+02 2.85347508e-15 1.01479544e-05 9.76577255e-06 4.04572010e-16 9.19351694e-01 1.10394464e-06 3.93436732e-01 7.34359308e-07 5.81655001e-07 5.81654201e-07 2.48915399e-03 2.25178517e-02 2.57577039e-02 5.91581624e-03
1.47147147e-01 -2.92799521e-02 -3.73048554e-03 -3.73048210e-03 9.92461170e+01 1.05329634e+02 1.65198899e+02 1.92952882e+02 6.23644951e-15 1.20503939e-05 7.31742548e-06 8.98483273e-16 9.19451975e-01 1.10281817e-06 3.93202321e-01 7.34359308e-07 5.81654955e-07 5.81654246e-07 2.48915399e-03 2.25131269e-02 2.57577039e-02 5.90880421e-03
1.47297297e-01 -2.92799521e-02 -3.73048500e-03 -3.73048300e-03 9.92461170e+01 1.05275726e+02 1.65198899e+02 1.92963960e+02 6.83163812e-15 6.94393988e-06 1.22859368e-05 1.04515274e-15 9.19552099e-01 1.10169399e-06 3.92968113e-01 7.34359308e-07 5.81654945e-07 5.81654257e-07 2.48915399e-03 2.25083937e-02 2.57577039e-02 5.90180225e-03
1.47447447e-01 -2.92799521e-02 -3.73048534e-03 -3.73048248e-03 9.92461170e+01 1.05221851e+02 1.65198899e+02 1.92975019e+02 7.27417289e-15 1.08780442e-05 9.01315394e-06 1.00752564e-15 9.19652065e-01 1.10057210e-06 3.92734107e-01 7.34359308e-07 5.81654994e-07 5.81654208e-07 2.48915399e-03 2.25036520e-02 2.57577039e-02 5.89481035e-03
1.47597598e-01 -2.92799521e-02 -3.73048542e-03 -3.73048358e-03 9.92461170e+01 1.05168009e+02 1.65198899e+02 1.92986059e+02 8.72385730e-15 1.35085858e-05 4.18253039e-06 1.19923304e-15 9.19751875e-01 1.09945250e-06 3.92500304e-01 7.34359308e-07 5.81654826e-07 5.81654376e-07 2.48915399e-03 2.24989018e-02 2.57577039e-02 5.88782850e-03
1.47747748e-01 -2.92799521e-02 -3.73048505e-03 -3.73048224e-03 9.92461170e+01 1.05114201e+02 1.65198899e+02 1.92997080e+02 1.12830945e-15 9.31101473e-06 1.06624354e-05 2.23940695e-16 9.19851528e-01 1.09833517e-06 3.92266703e-01 7.34359308e-07 5.81654998e-07 5.81654204e-07 2.48915399e-03 2.24941431e-02 2.57577039e-02 5.88085668e-03
1.47897898e-01 -2.92799521e-02 -3.73048496e-03 -3.73048120e-03 9.92461170e+01 1.05060425e+02 1.65198899e+02 1.93008082e+02 3.97136616e-15 1.16235618e-05 8.10449411e-06 7.33532863e-16 9.19951025e-01 1.09722011e-06 3.92033304e-01 7.34359308e-07 5.81654976e-07 5.81654226e-07 2.48915399e-03 2.24893761e-02 2.57577039e-02 5.87389488e-03
1.48048048e-01 -2.92799521e-02 -3.73048626e-03 -3.73048238e-03 9.92461170e+01 1.05006683e+02 1.65198899e+02 1.93019065e+02 5.89312186e-15 1.26233470e-05 6.46908225e-06 9.48416074e-16 9.20050366e-01 1.09610731e-06 3.91800108e-01 7.34359308e-07 5.81654925e-07 5.81654277e-07 2.48915399e-03 2.24846007e-02 2.57577039e-02 5.86694309e-03
1.48198198e-01 -2.92799521e-02 -3.73048500e-03 -3.73048125e-03 9.92461170e+01 1.04952974e+02 1.65198899e+02 1.93030029e+02 4.47309496e-15 1.02993120e-05 9.77396562e-06 7.11318275e-16 9.20149551e-01 1.09499676e-06 3.91567113e-01 7.34359308e-07 5.81655001e-07 5.81654201e-07 2.48915399e-03 2.24798170e-02 2.57577039e-02 5.86000129e-03
1.48348348e-01 -2.92799521e-02 -3.73048517e-03 -3.73048152e-03 9.92461170e+01 1.04899297e+02 1.65198899e+02 1.93040974e+02 1.25336366e-15 6.65427345e-06 1.25592837e-05 3.59798794e-16 9.20248581e-01 1.09388847e-06 3.91334320e-01 7.34359308e-07 5.81654933e-07 5.81654268e-07 2.48915399e-03 2.24750249e-02 2.57577039e-02 5.85306948e-03
1.48498498e-01 -2.92799521e-02 -3.73048472e-03 -3.73048279e-03 9.92461170e+01 1.04845654e+02 1.65198899e+02 1.93051901e+02 1.60525823e-15 1.07158135e-05 9.35924399e-06 1.65337182e-16 9.20347455e-01 1.09278241e-06 3.91101728e-01 7.34359308e-07 5.81654997e-07 5.81654204e-07 2.48915399e-03 2.24702246e-02 2.57577039e-02 5.84614763e-03
1.48648649e-01 -2.92799521e-02 -3.73048560e-03 -3.73048322e-03 9.92461170e+01 1.04792044e+02 1.65198899e+02 1.93062808e+02 1.72982729e-14 7.73319208e-06 1.19595738e-05 2.82844409e-15 9.20446174e-01 1.09167859e-06 3.90869338e-01 7.34359308e-07 5.81654967e-07 5.81654235e-07 2.48915399e-03 2.24654160e-02 2.57577039e-02 5.83923574e-03
1.48798799e-01 -2.92799521e-02 -3.73048513e-03 -3.73048209e-03 9.92461170e+01 1.04738468e+02 1.65198899e+02 1.93073697e+02 2.59069121e-15 9.93283098e-06 1.02265588e-05 5.76915191e-16 9.20544739e-01 1.09057700e-06 3.90637150e-01 7.34359308e-07 5.81655001e-07 5.81654200e-07 2.48915399e-03 2.24605992e-02 2.57577039e-02 5.83233378e-03
1.48948949e-01 -2.92799521e-02 -3.73048484e-03 -3.73048219e-03 9.92461170e+01 1.04684924e+02 1.65198899e+02 1.93084567e+02 1.44817024e-14 9.80515564e-06 1.03688449e-05 2.44602235e-15 9.20643149e-01 1.08947763e-06 3.90405163e-01 7.34359308e-07 5.81655001e-07 5.81654201e-07 2.48915399e-03 2.24557742e-02 2.57577039e-02 5.82544175e-03
1.49099099e-01 -2.92799521e-02 -3.73048556e-03 -3.73048250e-03 9.92461170e+01 1.04631414e+02 1.65198899e+02 1.93095419e+02 1.16111723e-14 9.97806343e-06 1.02226744e-05 1.93948171e-15 9.20741406e-01 1.08838047e-06 3.90173377e-01 7.34359308e-07 5.81655001e-07 5.81654200e-07 2.48915399e-03 2.24509411e-02 2.57577039e-02 5.81855964e-03
1.49249249e-01 -2.92799521e-02 -3.73048527e-03 -3.73048163e-03 9.92461170e+01 1.04577936e+02 1.65198899e+02 1.93106252e+02 1.71582905e-15 1.09514733e-05 9.19463254e-06 2.66263370e-16 9.20839508e-01 1.08728552e-06 3.89941792e-01 7.34359308e-07 5.81654995e-07 5.81654207e-07 2.48915399e-03 2.24460998e-02 2.57577039e-02 5.81168742e-03
1.49399399e-01 -2.92799521e-02 -3.73048540e-03 -3.73048318e-03 9.92461170e+01 1.04524492e+02 1.65198899e+02 1.93117066e+02 3.08022178e-15 1.03498001e-05 9.88783601e-06 3.37127287e-16 9.20937456e-01 1.08619277e-06 3.89710408e-01 7.34359308e-07 5.81655001e-07 5.81654201e-07 2.48915399e-03 2.24412504e-02 2.57577039e-02 5.80482509e-03
1.49549550e-01 -2.92799521e-02 -3.73048546e-03 -3.73048196e-03 9.92461170e+01 1.04471081e+02 1.65198899e+02 1.93127861e+02 8.70326385e-15 8.66156634e-06 1.14138939e-05 1.39294224e-15 9.21035251e-01 1.08510221e-06 3.89479224e-01 7.34359308e-07 5.81654987e-07 5.81654215e-07 2.48915399e-03 2.24363930e-02 2.57577039e-02 5.79797264e-03
1.49699700e-01 -2.92799521e-02 -3.73048590e-03 -3.73048308e-03 9.92461170e+01 1.04417704e+02 1.65198899e+02 1.93138639e+02 1.20444114e-14 8.49369122e-06 1.15572215e-05 2.14189198e-15 9.21132893e-01 1.08401385e-06 3.89248242e-01 7.34359308e-07 5.81654984e-07 5.81654218e-07 2.48915399e-03 2.24315275e-02 2.57577039e-02 5.79113004e-03
1.49849850e-01 -2.92799521e-02 -3.73048531e-03 -3.73048283e-03 9.92461170e+01 1.04364359e+02 1.65198899e+02 1.93149397e+02 9.21789100e-15 1.10709899e-05 9.14101805e-06 1.68179018e-15 9.21230381e-01 1.08292766e-06 3.89017460e-01 7.34359308e-07 5.81654994e-07 5.81654208e-07 2.48915399e-03 2.24266540e-02 2.57577039e-02 5.78429729e-03
1.50000000e-01 -2.92799521e-02 -3.73048461e-03 -3.73048209e-03 9.92461170e+01 1.04311048e+02 1.65198899e+02 1.93160137e+02 2.78644067e-15 1.03487193e-05 9.97207708e-06 3.31179937e-16 9.21327718e-01 1.08184365e-06 3.88786878e-01 7.34359308e-07 5.81655001e-07 5.81654201e-07 2.48915399e-03 2.24217725e-02 2.57577039e-02 5.77747438e-03
