# HfS2 Fig6 panel D: chi included,  single resonant cavity mode
# omega_res = 17.531 meV ; axis = [1, 0, 0] ; nmodes = 10
# col0 = lambda ; cols 1..10 = frequency (meV) ; cols 11..20 = photon character ; cols 21..30 = IR intensity (arb. u.)
0.00000000e+00 -2.44153832e-02 -2.44153793e-02 -5.56065566e-03 1.75309155e+01 1.75309184e+01 1.75309184e+01 3.12075026e+01 3.12075076e+01 3.90066292e+01 3.92261084e+01 0.00000000e+00 0.00000000e+00 0.00000000e+00 0.00000000e+00 0.00000000e+00 1.00000000e+00 0.00000000e+00 0.00000000e+00 0.00000000e+00 0.00000000e+00 3.19352317e-05 3.19352213e-05 2.47933412e-07 2.29303695e-02 2.29303769e-02 0.00000000e+00 1.43044449e-18 1.06167269e-17 1.73919179e-03 2.81304353e-17
1.50150150e-04 -2.44153832e-02 -2.44153793e-02 -5.56065565e-03 1.74841055e+01 1.75309155e+01 1.75777940e+01 3.12075026e+01 3.12075076e+01 3.90066292e+01 3.92261084e+01 7.44288337e-06 1.13013059e-09 2.30232398e-16 7.08286167e-01 9.41212819e-15 7.05925425e-01 1.67251107e-19 6.89765945e-19 6.92281121e-17 1.39007417e-23 3.19352317e-05 3.19352213e-05 2.47933412e-07 1.62086703e-02 2.29303695e-02 1.62195756e-02 2.43345407e-18 4.79110048e-18 1.73919179e-03 4.39576419e-17
3.00300300e-04 -2.44153832e-02 -2.44153793e-02 -5.56065565e-03 1.74373562e+01 1.75309155e+01 1.76247314e+01 3.12075026e+01 3.12075076e+01 3.90066292e+01 3.92261084e+01 1.48857669e-05 6.19299215e-10 4.93302840e-17 7.09463552e-01 1.77179670e-15 7.04742129e-01 4.98805852e-19 2.48039320e-19 4.82233775e-17 2.78039725e-23 3.19352317e-05 3.19352213e-05 2.47933412e-07 1.62029123e-02 2.29303695e-02 1.62247215e-02 1.21888787e-17 2.72748233e-18 1.73919179e-03 3.41250282e-17
4.50450450e-04 -2.44153832e-02 -2.44153793e-02 -5.56065564e-03 1.73906716e+01 1.75309155e+01 1.76717297e+01 3.12075026e+01 3.12075076e+01 3.90066292e+01 3.92261084e+01 2.23286502e-05 2.49436744e-09 5.41402431e-17 7.10638909e-01 1.55485784e-15 7.03556921e-01 5.13891750e-19 4.35742685e-19 3.35266613e-17 4.17121851e-23 3.19352317e-05 3.19352213e-05 2.47933412e-07 1.61969518e-02 2.29303695e-02 1.62296619e-02 4.35785310e-18 4.94259453e-18 1.73919179e-03 2.28773011e-17
6.00600601e-04 -2.44153832e-02 -2.44153793e-02 -5.56065561e-03 1.73440525e+01 1.75309155e+01 1.77187878e+01 3.12075026e+01 3.12075076e+01 3.90066292e+01 3.92261084e+01 2.97715330e-05 6.65819586e-09 1.49688025e-16 7.11812206e-01 4.43238989e-15 7.02369833e-01 4.29431084e-19 1.92772607e-18 1.57636284e-16 5.56278675e-23 3.19352316e-05 3.19352213e-05 2.47933412e-07 1.61907895e-02 2.29303695e-02 1.62343962e-02 1.01768434e-17 3.19445937e-18 1.73919179e-03 2.26493961e-18
7.50750751e-04 -2.44153832e-02 -2.44153793e-02 -5.56065568e-03 1.72974998e+01 1.75309155e+01 1.77659048e+01 3.12075026e+01 3.12075076e+01 3.90066292e+01 3.92261084e+01 3.72144171e-05 1.74384109e-09 3.99507354e-16 7.12983417e-01 5.95465199e-16 7.01180894e-01 3.69781590e-19 7.23965624e-19 2.69851529e-16 6.95535189e-23 3.19352316e-05 3.19352213e-05 2.47933412e-07 1.61844263e-02 2.29303695e-02 1.62389236e-02 1.28187699e-18 4.97315317e-18 1.73919179e-03 5.00688785e-17
9.00900901e-04 -2.44153832e-02 -2.44153793e-02 -5.56065565e-03 1.72510144e+01 1.75309155e+01 1.78130799e+01 3.12075026e+01 3.12075076e+01 3.90066292e+01 3.92261084e+01 4.46573005e-05 2.32781348e-09 4.08406763e-16 7.14152511e-01 3.94348398e-16 6.99990135e-01 6.47272499e-19 3.84855412e-18 2.36567989e-17 8.34916086e-23 3.19352316e-05 3.19352213e-05 2.47933412e-07 1.61778629e-02 2.29303695e-02 1.62432436e-02 4.35520330e-18 1.71122747e-17 1.73919179e-03 2.16808894e-17
1.05105105e-03 -2.44153832e-02 -2.44153793e-02 -5.56065571e-03 1.72045973e+01 1.75309155e+01 1.78603118e+01 3.12075026e+01 3.12075076e+01 3.90066292e+01 3.92261084e+01 5.21001838e-05 3.41308035e-09 1.79937017e-16 7.15319461e-01 1.28919897e-16 6.98797586e-01 2.13517523e-18 5.94332696e-18 8.44453214e-17 9.74446486e-23 3.19352315e-05 3.19352213e-05 2.47933412e-07 1.61711001e-02 2.29303695e-02 1.62473555e-02 9.55252584e-18 9.54696181e-18 1.73919179e-03 1.05327233e-18
1.20120120e-03 -2.44153832e-02 -2.44153793e-02 -5.56065568e-03 1.71582493e+01 1.75309155e+01 1.79075998e+01 3.12075026e+01 3.12075076e+01 3.90066292e+01 3.92261084e+01 5.95430673e-05 8.63294681e-10 1.02380658e-16 7.16484238e-01 1.25646583e-15 6.97603278e-01 1.05598828e-18 1.74673136e-18 2.50781473e-16 1.11415121e-22 3.19352315e-05 3.19352213e-05 2.47933412e-07 1.61641389e-02 2.29303695e-02 1.62512587e-02 4.12842614e-19 6.45258662e-18 1.73919179e-03 1.17595852e-18
1.35135135e-03 -2.44153832e-02 -2.44153793e-02 -5.56065563e-03 1.71119713e+01 1.75309155e+01 1.79549428e+01 3.12075026e+01 3.12075076e+01 3.90066292e+01 3.92261084e+01 6.69859500e-05 8.67031573e-09 3.16737019e-16 7.17646814e-01 2.59654158e-15 6.96407242e-01 1.50728394e-18 1.88668720e-18 3.33407268e-17 1.25405517e-22 3.19352314e-05 3.19352213e-05 2.47933412e-07 1.61569800e-02 2.29303695e-02 1.62549526e-02 1.30906105e-17 1.14871772e-17 1.73919179e-03 2.34254024e-17
1.50150150e-03 -2.44153832e-02 -2.44153793e-02 -5.56065573e-03 1.70657642e+01 1.75309155e+01 1.80023399e+01 3.12075026e+01 3.12075076e+01 3.90066292e+01 3.92261084e+01 7.44288334e-05 8.04597701e-09 2.37947786e-16 7.18807161e-01 3.82732602e-16 6.95209508e-01 1.14954661e-18 2.98363067e-18 1.97174473e-17 1.39418327e-22 3.19352314e-05 3.19352213e-05 2.47933412e-07 1.61496244e-02 2.29303695e-02 1.62584366e-02 5.73818141e-18 1.04601235e-17 1.73919179e-03 6.25504928e-19
1.65165165e-03 -2.44153831e-02 -2.44153793e-02 -5.56065569e-03 1.70196289e+01 1.75309155e+01 1.80497899e+01 3.12075026e+01 3.12075076e+01 3.90066292e+01 3.92261084e+01 8.18717166e-05 8.97739963e-09 7.25309825e-16 7.19965251e-01 1.92303186e-15 6.94010109e-01 2.79389343e-18 2.89411766e-18 1.79897319e-16 1.53456037e-22 3.19352313e-05 3.19352213e-05 2.47933412e-07 1.61420729e-02 2.29303695e-02 1.62617102e-02 6.60730709e-19 4.07846703e-18 1.73919179e-03 2.71549743e-17
1.80180180e-03 -2.44153831e-02 -2.44153793e-02 -5.56065569e-03 1.69735662e+01 1.75309155e+01 1.80972920e+01 3.12075026e+01 3.12075076e+01 3.90066292e+01 3.92261084e+01 8.93145972e-05 2.31422854e-08 7.29150619e-17 7.21121056e-01 3.18287848e-15 6.92809075e-01 2.70104332e-18 1.05354193e-19 6.90400805e-18 1.67521150e-22 3.19352312e-05 3.19352213e-05 2.47933412e-07 1.61343265e-02 2.29303695e-02 1.62647728e-02 1.01040448e-17 5.84521573e-18 1.73919179e-03 6.56124888e-19
1.95195195e-03 -2.44153831e-02 -2.44153793e-02 -5.56065566e-03 1.69275770e+01 1.75309155e+01 1.81448450e+01 3.12075026e+01 3.12075076e+01 3.90066292e+01 3.92261084e+01 9.67574829e-05 9.02121730e-09 4.44080937e-16 7.22274551e-01 1.45383166e-15 6.91606437e-01 6.81686023e-19 1.86132893e-18 4.37298566e-17 1.81616146e-22 3.19352312e-05 3.19352213e-05 2.47933412e-07 1.61263860e-02 2.29303695e-02 1.62676239e-02 4.91038990e-18 2.16329966e-18 1.73919179e-03 2.01886636e-19
2.10210210e-03 -2.44153831e-02 -2.44153793e-02 -5.56065569e-03 1.68816621e+01 1.75309155e+01 1.81924481e+01 3.12075026e+01 3.12075076e+01 3.90066292e+01 3.92261084e+01 1.04200365e-04 1.72832720e-08 3.66623996e-16 7.23425707e-01 7.24646542e-16 6.90402228e-01 3.23655955e-18 5.04891503e-18 1.17587795e-16 1.95743518e-22 3.19352311e-05 3.19352213e-05 2.47933412e-07 1.61182525e-02 2.29303695e-02 1.62702631e-02 6.43858231e-18 5.29803058e-18 1.73919179e-03 5.35872294e-19
2.25225225e-03 -2.44153831e-02 -2.44153793e-02 -5.56065561e-03 1.68358224e+01 1.75309155e+01 1.82401002e+01 3.12075026e+01 3.12075076e+01 3.90066292e+01 3.92261084e+01 1.11643249e-04 9.57819058e-09 1.56319741e-16 7.24574498e-01 1.19196923e-15 6.89196478e-01 4.53255619e-18 4.64946108e-18 1.35481741e-16 2.09905759e-22 3.19352310e-05 3.19352213e-05 2.47933412e-07 1.61099268e-02 2.29303695e-02 1.62726899e-02 2.08717880e-18 7.65505236e-18 1.73919179e-03 3.74077938e-17
2.40240240e-03 -2.44153831e-02 -2.44153793e-02 -5.56065567e-03 1.67900587e+01 1.75309155e+01 1.82878002e+01 3.12075026e+01 3.12075076e+01 3.90066292e+01 3.92261084e+01 1.19086132e-04 4.81641424e-09 2.69113710e-16 7.25720896e-01 8.18175886e-16 6.87989220e-01 1.25070143e-17 2.61846911e-17 1.94507446e-17 2.24105356e-22 3.19352309e-05 3.19352213e-05 2.47933412e-07 1.61014100e-02 2.29303695e-02 1.62749037e-02 8.36829401e-18 4.15894762e-18 1.73919179e-03 3.46736761e-17
2.55255255e-03 -2.44153830e-02 -2.44153793e-02 -5.56065565e-03 1.67443718e+01 1.75309155e+01 1.83355471e+01 3.12075026e+01 3.12075076e+01 3.90066292e+01 3.92261084e+01 1.26529015e-04 2.22417185e-09 4.49929525e-16 7.26864877e-01 3.68682627e-16 6.86780485e-01 1.27342243e-17 2.57787827e-17 4.20513305e-17 2.38344801e-22 3.19352308e-05 3.19352213e-05 2.47933412e-07 1.60927030e-02 2.29303695e-02 1.62769042e-02 2.35340106e-18 6.73756974e-18 1.73919179e-03 8.21163110e-19
2.70270270e-03 -2.44153830e-02 -2.44153793e-02 -5.56065567e-03 1.66987626e+01 1.75309155e+01 1.83833399e+01 3.12075026e+01 3.12075076e+01 3.90066292e+01 3.92261084e+01 1.33971898e-04 4.40134264e-09 2.10922572e-16 7.28006414e-01 6.68776501e-16 6.85570305e-01 1.09682878e-17 1.14767548e-17 6.28045100e-17 2.52626587e-22 3.19352307e-05 3.19352213e-05 2.47933412e-07 1.60838068e-02 2.29303695e-02 1.62786910e-02 1.19073982e-17 3.92584025e-18 1.73919179e-03 2.38208468e-18
2.85285285e-03 -2.44153830e-02 -2.44153793e-02 -5.56065571e-03 1.66532318e+01 1.75309155e+01 1.84311776e+01 3.12075026e+01 3.12075076e+01 3.90066292e+01 3.92261084e+01 1.41414778e-04 2.93254915e-08 4.90834657e-17 7.29145480e-01 6.83817815e-16 6.84358713e-01 9.03756618e-18 1.88798672e-18 9.23408091e-17 2.66953205e-22 3.19352306e-05 3.19352213e-05 2.47933412e-07 1.60747225e-02 2.29303695e-02 1.62802636e-02 5.05508927e-19 2.14726794e-18 1.73919179e-03 2.40837456e-17
3.00300300e-03 -2.44153830e-02 -2.44153793e-02 -5.56065565e-03 1.66077803e+01 1.75309155e+01 1.84790590e+01 3.12075026e+01 3.12075076e+01 3.90066292e+01 3.92261084e+01 1.48857663e-04 1.85523694e-09 1.93936934e-16 7.30282051e-01 3.67373493e-16 6.83145741e-01 1.01403695e-17 5.43511314e-18 1.23156148e-16 2.81327144e-22 3.19352304e-05 3.19352213e-05 2.47933412e-07 1.60654511e-02 2.29303695e-02 1.62816218e-02 9.55142146e-18 3.12382756e-18 1.73919179e-03 8.63939950e-19
3.15315315e-03 -2.44153829e-02 -2.44153793e-02 -5.56065567e-03 1.65624088e+01 1.75309155e+01 1.85269832e+01 3.12075026e+01 3.12075076e+01 3.90066292e+01 3.92261084e+01 1.56300544e-04 2.17682390e-08 8.85117413e-17 7.31416102e-01 1.07443754e-15 6.81931420e-01 8.86456674e-18 1.08844624e-17 4.00477380e-17 2.95750897e-22 3.19352303e-05 3.19352213e-05 2.47933412e-07 1.60559936e-02 2.29303695e-02 1.62827650e-02 1.05425726e-18 1.08493794e-17 1.73919179e-03 2.02516930e-17
3.30330330e-03 -2.44153829e-02 -2.44153793e-02 -5.56065568e-03 1.65171182e+01 1.75309155e+01 1.85749492e+01 3.12075026e+01 3.12075076e+01 3.90066292e+01 3.92261084e+01 1.63743424e-04 3.65290370e-08 1.53934393e-15 7.32547606e-01 1.34290686e-15 6.80715784e-01 7.34759496e-18 4.92162375e-18 1.51610499e-16 3.10226954e-22 3.19352302e-05 3.19352213e-05 2.47933412e-07 1.60463511e-02 2.29303695e-02 1.62836931e-02 5.18749159e-18 8.93690823e-18 1.73919179e-03 3.61699092e-19
3.45345345e-03 -2.44153829e-02 -2.44153793e-02 -5.56065569e-03 1.64719091e+01 1.75309155e+01 1.86229557e+01 3.12075026e+01 3.12075076e+01 3.90066292e+01 3.92261084e+01 1.71186309e-04 2.51064089e-08 1.50380985e-15 7.33676539e-01 9.26115964e-16 6.79498865e-01 5.29936710e-18 2.09541383e-17 1.84769997e-16 3.24757814e-22 3.19352300e-05 3.19352213e-05 2.47933412e-07 1.60365246e-02 2.29303695e-02 1.62844057e-02 1.48327624e-17 8.08611225e-18 1.73919179e-03 5.38005144e-17
3.60360360e-03 -2.44153828e-02 -2.44153793e-02 -5.56065559e-03 1.64267824e+01 1.75309155e+01 1.86710019e+01 3.12075026e+01 3.12075076e+01 3.90066292e+01 3.92261084e+01 1.78629191e-04 2.41981607e-08 1.23473991e-15 7.34802877e-01 7.89985613e-16 6.78280694e-01 4.95533195e-18 7.57506727e-18 1.56086440e-16 3.39345948e-22 3.19352299e-05 3.19352213e-05 2.47933412e-07 1.60265153e-02 2.29303695e-02 1.62849024e-02 6.20747385e-19 1.34264232e-17 1.73919179e-03 7.88116944e-19
3.75375375e-03 -2.44153828e-02 -2.44153793e-02 -5.56065568e-03 1.63817389e+01 1.75309155e+01 1.87190865e+01 3.12075026e+01 3.12075076e+01 3.90066292e+01 3.92261084e+01 1.86072073e-04 2.93184923e-08 1.06618614e-15 7.35926595e-01 3.14902623e-16 6.77061306e-01 6.07725469e-18 9.14676155e-18 1.21402127e-16 3.53993868e-22 3.19352297e-05 3.19352213e-05 2.47933412e-07 1.60163242e-02 2.29303695e-02 1.62851831e-02 4.71057099e-19 2.93128032e-18 1.73919179e-03 4.24024507e-19
3.90390390e-03 -2.44153828e-02 -2.44153793e-02 -5.56065562e-03 1.63367792e+01 1.75309155e+01 1.87672087e+01 3.12075026e+01 3.12075076e+01 3.90066292e+01 3.92261084e+01 1.93514955e-04 3.13031765e-08 1.30708201e-15 7.37047670e-01 8.88229358e-16 6.75840732e-01 6.10340093e-18 1.42188761e-17 2.29182497e-17 3.68704058e-22 3.19352296e-05 3.19352213e-05 2.47933412e-07 1.60059524e-02 2.29303695e-02 1.62852475e-02 5.25266191e-18 6.07997076e-18 1.73919179e-03 1.77548591e-18
4.05405405e-03 -2.44153827e-02 -2.44153793e-02 -5.56065569e-03 1.62919041e+01 1.75309155e+01 1.88153671e+01 3.12075026e+01 3.12075076e+01 3.90066292e+01 3.92261084e+01 2.00957839e-04 1.17622428e-08 1.53741732e-15 7.38166077e-01 4.45087495e-16 6.74619005e-01 4.80772224e-18 2.17197600e-17 7.36370079e-17 3.83479010e-22 3.19352294e-05 3.19352213e-05 2.47933412e-07 1.59954011e-02 2.29303695e-02 1.62850953e-02 3.63369589e-19 4.35412042e-18 1.73919179e-03 2.04882562e-17
4.20420420e-03 -2.44153827e-02 -2.44153793e-02 -5.56065567e-03 1.62471144e+01 1.75309155e+01 1.88635609e+01 3.12075026e+01 3.12075076e+01 3.90066292e+01 3.92261084e+01 2.08400721e-04 6.74113796e-09 4.48754163e-16 7.39281793e-01 1.54377602e-16 6.73396159e-01 6.98708424e-18 2.84380786e-17 8.23533094e-17 3.98321214e-22 3.19352293e-05 3.19352213e-05 2.47933412e-07 1.59846714e-02 2.29303695e-02 1.62847264e-02 5.25313102e-18 6.84771096e-18 1.73919179e-03 2.68175636e-17
4.35435435e-03 -2.44153827e-02 -2.44153793e-02 -5.56065560e-03 1.62024108e+01 1.75309155e+01 1.89117889e+01 3.12075026e+01 3.12075076e+01 3.90066292e+01 3.92261084e+01 2.15843602e-04 1.22089838e-08 9.55942287e-16 7.40394795e-01 1.15468388e-16 6.72172225e-01 3.34877539e-19 5.42235157e-18 1.21900293e-16 4.13233168e-22 3.19352291e-05 3.19352213e-05 2.47933412e-07 1.59737645e-02 2.29303695e-02 1.62841405e-02 1.19506891e-18 2.95963749e-18 1.73919179e-03 5.66184025e-19
4.50450450e-03 -2.44153826e-02 -2.44153793e-02 -5.56065568e-03 1.61577939e+01 1.75309155e+01 1.89600500e+01 3.12075026e+01 3.12075076e+01 3.90066292e+01 3.92261084e+01 2.23286484e-04 1.42501685e-08 1.18255079e-15 7.41505061e-01 3.51995648e-17 6.70947237e-01 4.32424234e-18 5.63931694e-19 1.73708482e-16 4.28217361e-22 3.19352289e-05 3.19352213e-05 2.47933412e-07 1.59626815e-02 2.29303695e-02 1.62833375e-02 6.70918357e-18 5.13634510e-18 1.73919179e-03 3.17337980e-17
4.65465465e-03 -2.44153826e-02 -2.44153793e-02 -5.56065566e-03 1.61132646e+01 1.75309155e+01 1.90083432e+01 3.12075026e+01 3.12075076e+01 3.90066292e+01 3.92261084e+01 2.30729365e-04 1.75373576e-08 3.07799658e-15 7.42612566e-01 4.58050936e-16 6.69721228e-01 7.38747348e-19 2.93031312e-17 2.08885767e-16 4.43276279e-22 3.19352287e-05 3.19352213e-05 2.47933412e-07 1.59514235e-02 2.29303695e-02 1.62823173e-02 3.83225655e-19 5.28570397e-18 1.73919179e-03 3.22858452e-18
4.80480480e-03 -2.44153825e-02 -2.44153793e-02 -5.56065565e-03 1.60688234e+01 1.75309155e+01 1.90566673e+01 3.12075026e+01 3.12075076e+01 3.90066292e+01 3.92261084e+01 2.38172247e-04 9.79316181e-09 1.38507219e-15 7.43717289e-01 1.29683256e-16 6.68494231e-01 4.63967896e-18 2.70215894e-18 1.97870162e-16 4.58412422e-22 3.19352285e-05 3.19352213e-05 2.47933412e-07 1.59399918e-02 2.29303695e-02 1.62810797e-02 1.46450159e-18 5.06734496e-18 1.73919179e-03 4.95689840e-19
4.95495495e-03 -2.44153825e-02 -2.44153793e-02 -5.56065562e-03 1.60244711e+01 1.75309155e+01 1.91050213e+01 3.12075026e+01 3.12075076e+01 3.90066292e+01 3.92261084e+01 2.45615127e-04 1.87490913e-08 1.45690273e-15 7.44819209e-01 2.04167358e-16 6.67266278e-01 9.46528532e-19 6.54985927e-18 1.69311602e-16 4.73628282e-22 3.19352283e-05 3.19352213e-05 2.47933412e-07 1.59283876e-02 2.29303695e-02 1.62796246e-02 2.00693430e-18 2.66696765e-18 1.73919179e-03 2.96663143e-17
5.10510511e-03 -2.44153824e-02 -2.44153793e-02 -5.56065567e-03 1.59802084e+01 1.75309155e+01 1.91534041e+01 3.12075026e+01 3.12075076e+01 3.90066292e+01 3.92261084e+01 2.53058009e-04 1.49975902e-09 6.81112261e-16 7.45918302e-01 2.89252563e-16 6.66037403e-01 2.20979183e-18 6.00713053e-18 3.35857659e-17 4.88926346e-22 3.19352281e-05 3.19352213e-05 2.47933412e-07 1.59166120e-02 2.29303695e-02 1.62779519e-02 1.80094063e-18 5.30581204e-18 1.73919179e-03 1.36634765e-18
5.25525526e-03 -2.44153824e-02 -2.44153793e-02 -5.56065569e-03 1.59360359e+01 1.75309155e+01 1.92018145e+01 3.12075026e+01 3.12075076e+01 3.90066292e+01 3.92261084e+01 2.60500883e-04 5.93734123e-08 4.55297935e-15 7.47014548e-01 1.68250201e-16 6.64807639e-01 2.22615121e-20 4.02750439e-18 9.92603704e-17 5.04309112e-22 3.19352279e-05 3.19352213e-05 2.47933412e-07 1.59046663e-02 2.29303695e-02 1.62760616e-02 3.81516752e-18 7.87109388e-18 1.73919179e-03 5.31709132e-19
5.40540541e-03 -2.44153824e-02 -2.44153793e-02 -5.56065567e-03 1.58919543e+01 1.75309155e+01 1.92502515e+01 3.12075026e+01 3.12075076e+01 3.90066292e+01 3.92261084e+01 2.67943768e-04 3.96597550e-08 4.27807818e-15 7.48107925e-01 6.01732865e-16 6.63577019e-01 2.68132423e-18 4.01376592e-18 1.75509224e-16 5.19779070e-22 3.19352277e-05 3.19352213e-05 2.47933412e-07 1.58925517e-02 2.29303695e-02 1.62739537e-02 9.36975763e-18 6.15995515e-18 1.73919179e-03 3.24912109e-17
5.55555556e-03 -2.44153823e-02 -2.44153793e-02 -5.56065564e-03 1.58479643e+01 1.75309155e+01 1.92987139e+01 3.12075026e+01 3.12075076e+01 3.90066292e+01 3.92261084e+01 2.75386647e-04 4.69052000e-08 2.83623887e-15 7.49198413e-01 5.60483116e-16 6.62345576e-01 3.78227555e-18 8.05353126e-18 7.85687546e-18 5.35338717e-22 3.19352274e-05 3.19352213e-05 2.47933412e-07 1.58802694e-02 2.29303695e-02 1.62716281e-02 8.16891115e-18 7.01588569e-18 1.73919179e-03 1.65789296e-19
5.70570571e-03 -2.44153823e-02 -2.44153793e-02 -5.56065565e-03 1.58040664e+01 1.75309155e+01 1.93472007e+01 3.12075026e+01 3.12075076e+01 3.90066292e+01 3.92261084e+01 2.82829531e-04 1.15530250e-08 1.99006951e-15 7.50285991e-01 3.10255680e-16 6.61113343e-01 3.46795059e-19 1.94313808e-17 1.09452143e-16 5.50990542e-22 3.19352272e-05 3.19352213e-05 2.47933412e-07 1.58678207e-02 2.29303695e-02 1.62690848e-02 4.35775158e-18 1.41388382e-18 1.73919179e-03 8.95032714e-19
5.85585586e-03 -2.44153822e-02 -2.44153793e-02 -5.56065564e-03 1.57602614e+01 1.75309155e+01 1.93957107e+01 3.12075026e+01 3.12075076e+01 3.90066292e+01 3.92261084e+01 2.90272408e-04 4.56583937e-08 2.99933650e-15 7.51370638e-01 5.00690216e-16 6.59880353e-01 8.33471038e-18 1.36049424e-17 5.06161117e-17 5.66737040e-22 3.19352270e-05 3.19352213e-05 2.47933412e-07 1.58552069e-02 2.29303695e-02 1.62663238e-02 5.00192248e-18 7.81105544e-18 1.73919179e-03 3.94376892e-18
6.00600601e-03 -2.44153821e-02 -2.44153793e-02 -5.56065567e-03 1.57165498e+01 1.75309155e+01 1.94442429e+01 3.12075026e+01 3.12075076e+01 3.90066292e+01 3.92261084e+01 2.97715292e-04 1.49806145e-08 1.16423751e-15 7.52452334e-01 1.18049527e-16 6.58646640e-01 5.38125111e-19 2.04073587e-17 9.78316698e-17 5.82580704e-22 3.19352267e-05 3.19352213e-05 2.47933412e-07 1.58424291e-02 2.29303695e-02 1.62633453e-02 6.70669798e-18 1.79004588e-18 1.73919179e-03 9.39070461e-19
6.15615616e-03 -2.44153821e-02 -2.44153793e-02 -5.56065566e-03 1.56729323e+01 1.75309155e+01 1.94927961e+01 3.12075026e+01 3.12075076e+01 3.90066292e+01 3.92261084e+01 3.05158160e-04 8.37341504e-08 8.11469219e-15 7.53531060e-01 6.24546277e-16 6.57412236e-01 2.62713628e-19 1.75432632e-17 8.27057551e-17 5.98524026e-22 3.19352265e-05 3.19352213e-05 2.47933412e-07 1.58294887e-02 2.29303695e-02 1.62601492e-02 1.51555469e-18 1.82262557e-18 1.73919179e-03 3.11856320e-17
6.30630631e-03 -2.44153820e-02 -2.44153793e-02 -5.56065566e-03 1.56294094e+01 1.75309155e+01 1.95413692e+01 3.12075026e+01 3.12075076e+01 3.90066292e+01 3.92261084e+01 3.12601048e-04 4.86638080e-08 2.50088760e-15 7.54606797e-01 1.23417381e-16 6.56177175e-01 2.82165962e-19 6.81176128e-18 1.42196248e-16 6.14569504e-22 3.19352262e-05 3.19352213e-05 2.47933412e-07 1.58163869e-02 2.29303695e-02 1.62567356e-02 3.55233212e-19 5.68670264e-18 1.73919179e-03 1.13150915e-18
6.45645646e-03 -2.44153820e-02 -2.44153793e-02 -5.56065563e-03 1.55859819e+01 1.75309155e+01 1.95899611e+01 3.12075026e+01 3.12075076e+01 3.90066292e+01 3.92261084e+01 3.20043930e-04 3.20942228e-08 4.65818562e-15 7.55679524e-01 8.00038426e-17 6.54941489e-01 4.21606650e-18 3.95141420e-17 5.85491612e-17 6.30719628e-22 3.19352260e-05 3.19352213e-05 2.47933412e-07 1.58031251e-02 2.29303695e-02 1.62531047e-02 1.73329897e-18 5.98242767e-18 1.73919179e-03 8.70179981e-19
6.60660661e-03 -2.44153819e-02 -2.44153793e-02 -5.56065565e-03 1.55426502e+01 1.75309155e+01 1.96385706e+01 3.12075026e+01 3.12075076e+01 3.90066292e+01 3.92261084e+01 3.27486787e-04 1.23270882e-07 5.38454554e-15 7.56749224e-01 7.19508452e-16 6.53705213e-01 1.02477159e-17 1.33543291e-17 1.10418327e-16 6.46976894e-22 3.19352257e-05 3.19352213e-05 2.47933412e-07 1.57897044e-02 2.29303695e-02 1.62492566e-02 3.84814779e-18 4.21825409e-18 1.73919179e-03 7.28495718e-19
6.75675676e-03 -2.44153819e-02 -2.44153793e-02 -5.56065571e-03 1.54994149e+01 1.75309155e+01 1.96871968e+01 3.12075026e+01 3.12075076e+01 3.90066292e+01 3.92261084e+01 3.34929684e-04 6.34587765e-08 5.66676139e-15 7.57815877e-01 4.00131842e-16 6.52468378e-01 2.87035103e-18 2.09655837e-17 1.36195185e-16 6.63343798e-22 3.19352254e-05 3.19352213e-05 2.47933412e-07 1.57761264e-02 2.29303695e-02 1.62451914e-02 3.52141915e-18 1.60834839e-17 1.73919179e-03 3.35867818e-17
6.90690691e-03 -2.44153818e-02 -2.44153793e-02 -5.56065564e-03 1.54562767e+01 1.75309155e+01 1.97358383e+01 3.12075026e+01 3.12075076e+01 3.90066292e+01 3.92261084e+01 3.42372566e-04 4.12521950e-08 5.93520375e-15 7.58879466e-01 4.67697073e-16 6.51231018e-01 1.86166336e-18 3.11286340e-17 1.09558983e-16 6.79822830e-22 3.19352251e-05 3.19352213e-05 2.47933412e-07 1.57623921e-02 2.29303695e-02 1.62409094e-02 2.05749771e-18 1.17879787e-17 1.73919179e-03 2.25710218e-17
7.05705706e-03 -2.44153817e-02 -2.44153793e-02 -5.56065565e-03 1.54132361e+01 1.75309155e+01 1.97844942e+01 3.12075026e+01 3.12075076e+01 3.90066292e+01 3.92261084e+01 3.49815446e-04 2.65720151e-08 8.45075600e-15 7.59939973e-01 7.98796812e-17 6.49993165e-01 5.40043425e-18 1.73729511e-17 1.76467459e-16 6.96416486e-22 3.19352248e-05 3.19352213e-05 2.47933412e-07 1.57485031e-02 2.29303695e-02 1.62364106e-02 6.35929374e-18 2.22631006e-18 1.73919179e-03 1.67278677e-19
7.20720721e-03 -2.44153817e-02 -2.44153793e-02 -5.56065567e-03 1.53702935e+01 1.75309155e+01 1.98331632e+01 3.12075026e+01 3.12075076e+01 3.90066292e+01 3.92261084e+01 3.57258289e-04 1.62606735e-07 2.99341120e-15 7.60997380e-01 8.57518165e-16 6.48754854e-01 7.51045908e-19 1.07783131e-17 2.10899264e-17 7.13127264e-22 3.19352246e-05 3.19352213e-05 2.47933412e-07 1.57344605e-02 2.29303695e-02 1.62316953e-02 6.43097740e-18 6.02474285e-18 1.73919179e-03 3.91190294e-19
7.35735736e-03 -2.44153816e-02 -2.44153793e-02 -5.56065565e-03 1.53274497e+01 1.75309155e+01 1.98818444e+01 3.12075026e+01 3.12075076e+01 3.90066292e+01 3.92261084e+01 3.64701191e-04 9.81317918e-08 6.14213991e-15 7.62051669e-01 6.54943097e-17 6.47516116e-01 3.65842511e-18 4.55516776e-17 1.69024104e-16 7.29957656e-22 3.19352243e-05 3.19352213e-05 2.47933412e-07 1.57202658e-02 2.29303695e-02 1.62267638e-02 2.04882734e-18 4.68231296e-18 1.73919179e-03 1.79094718e-18
7.50750751e-03 -2.44153815e-02 -2.44153793e-02 -5.56065566e-03 1.52847051e+01 1.75309155e+01 1.99305364e+01 3.12075026e+01 3.12075076e+01 3.90066292e+01 3.92261084e+01 3.72144080e-04 4.05130525e-08 2.42148903e-15 7.63102824e-01 1.09406216e-16 6.46276985e-01 5.36939110e-18 1.22973337e-17 1.86017205e-17 7.46910161e-22 3.19352239e-05 3.19352213e-05 2.47933412e-07 1.57059202e-02 2.29303695e-02 1.62216163e-02 7.26143469e-18 2.09035269e-18 1.73919179e-03 2.93321950e-17
7.65765766e-03 -2.44153815e-02 -2.44153793e-02 -5.56065564e-03 1.52420602e+01 1.75309155e+01 1.99792383e+01 3.12075026e+01 3.12075076e+01 3.90066292e+01 3.92261084e+01 3.79586960e-04 4.51048755e-09 6.27335162e-15 7.64150829e-01 9.76909684e-18 6.45037493e-01 3.64114980e-18 6.88514644e-18 4.64951692e-17 7.63987267e-22 3.19352236e-05 3.19352213e-05 2.47933412e-07 1.56914251e-02 2.29303695e-02 1.62162530e-02 4.77355775e-19 5.01136140e-18 1.73919179e-03 1.79100383e-18
7.80780781e-03 -2.44153814e-02 -2.44153793e-02 -5.56065565e-03 1.51995155e+01 1.75309155e+01 2.00279489e+01 3.12075026e+01 3.12075076e+01 3.90066292e+01 3.92261084e+01 3.87029810e-04 1.46738727e-07 1.03444974e-14 7.65195666e-01 4.72517381e-16 6.43797673e-01 2.46102650e-18 4.71681078e-17 2.38801953e-16 7.81191474e-22 3.19352233e-05 3.19352213e-05 2.47933412e-07 1.56767819e-02 2.29303695e-02 1.62106743e-02 2.02370214e-18 3.29176374e-18 1.73919179e-03 3.17245738e-17
7.95795796e-03 -2.44153813e-02 -2.44153793e-02 -5.56065567e-03 1.51570716e+01 1.75309155e+01 2.00766671e+01 3.12075026e+01 3.12075076e+01 3.90066292e+01 3.92261084e+01 3.94472710e-04 6.63129181e-08 1.26846153e-14 7.66237319e-01 2.11375568e-16 6.42557558e-01 1.32643227e-17 1.77940901e-17 1.64834451e-16 7.98525282e-22 3.19352230e-05 3.19352213e-05 2.47933412e-07 1.56619919e-02 2.29303695e-02 1.62048805e-02 1.16867941e-17 1.03750015e-17 1.73919179e-03 2.49795259e-17
8.10810811e-03 -2.44153813e-02 -2.44153793e-02 -5.56065565e-03 1.51147290e+01 1.75309155e+01 2.01253918e+01 3.12075026e+01 3.12075076e+01 3.90066292e+01 3.92261084e+01 4.01915593e-04 7.48076451e-09 1.53674620e-15 7.67275774e-01 2.14676187e-16 6.41317180e-01 1.55827706e-18 3.07106687e-17 7.59350554e-17 8.15991186e-22 3.19352227e-05 3.19352213e-05 2.47933412e-07 1.56470565e-02 2.29303695e-02 1.61988719e-02 2.37443227e-18 3.27799219e-18 1.73919179e-03 2.42220598e-18
8.25825826e-03 -2.44153812e-02 -2.44153793e-02 -5.56065567e-03 1.50724881e+01 1.75309155e+01 2.01741217e+01 3.12075026e+01 3.12075076e+01 3.90066292e+01 3.92261084e+01 4.09358470e-04 1.72553842e-08 9.28728449e-15 7.68311014e-01 9.12198560e-17 6.40076572e-01 5.34706277e-18 1.59882240e-17 2.66073789e-16 8.33591676e-22 3.19352223e-05 3.19352213e-05 2.47933412e-07 1.56319771e-02 2.29303695e-02 1.61926489e-02 1.14544329e-18 6.16651372e-18 1.73919179e-03 1.32366611e-18
8.40840841e-03 -2.44153811e-02 -2.44153793e-02 -5.56065566e-03 1.50303495e+01 1.75309155e+01 2.02228559e+01 3.12075026e+01 3.12075076e+01 3.90066292e+01 3.92261084e+01 4.16801329e-04 1.22289233e-07 4.45484140e-15 7.69343025e-01 2.37654908e-17 6.38835767e-01 5.86549317e-18 4.57685951e-17 5.73159256e-17 8.51329254e-22 3.19352220e-05 3.19352213e-05 2.47933412e-07 1.56167550e-02 2.29303695e-02 1.61862118e-02 4.34716105e-18 1.34482982e-17 1.73919179e-03 2.68150006e-17
8.55855856e-03 -2.44153810e-02 -2.44153793e-02 -5.56065570e-03 1.49883135e+01 1.75309155e+01 2.02715931e+01 3.12075026e+01 3.12075076e+01 3.90066292e+01 3.92261084e+01 4.24244211e-04 1.03208840e-07 1.03179670e-15 7.70371791e-01 1.26659048e-16 6.37594796e-01 1.24277390e-18 2.04233046e-17 5.94965600e-17 8.69206413e-22 3.19352216e-05 3.19352213e-05 2.47933412e-07 1.56013916e-02 2.29303695e-02 1.61795611e-02 4.90459571e-18 2.37450458e-18 1.73919179e-03 1.48077426e-17
8.70870871e-03 -2.44153810e-02 -2.44153793e-02 -5.56065565e-03 1.49463807e+01 1.75309155e+01 2.03203323e+01 3.12075026e+01 3.12075076e+01 3.90066292e+01 3.92261084e+01 4.31687086e-04 1.07552232e-07 4.88362317e-15 7.71397298e-01 2.13802064e-17 6.36353693e-01 4.04309635e-19 1.72689358e-17 6.55266685e-17 8.87225654e-22 3.19352213e-05 3.19352213e-05 2.47933412e-07 1.55858883e-02 2.29303695e-02 1.61726972e-02 2.63161147e-18 2.97458248e-18 1.73919179e-03 5.70668026e-17
8.85885886e-03 -2.44153809e-02 -2.44153793e-02 -5.56065568e-03 1.49045516e+01 1.75309155e+01 2.03690724e+01 3.12075026e+01 3.12075076e+01 3.90066292e+01 3.92261084e+01 4.39129967e-04 8.85491460e-08 4.55504618e-15 7.72419532e-01 5.77575409e-17 6.35112489e-01 2.15840464e-18 3.15710592e-19 3.68363667e-17 9.05389470e-22 3.19352209e-05 3.19352213e-05 2.47933412e-07 1.55702464e-02 2.29303695e-02 1.61656204e-02 1.46397639e-18 2.94606475e-18 1.73919179e-03 1.47486756e-18
9.00900901e-03 -2.44153808e-02 -2.44153793e-02 -5.56065570e-03 1.48628264e+01 1.75309155e+01 2.04178121e+01 3.12075026e+01 3.12075076e+01 3.90066292e+01 3.92261084e+01 4.46572836e-04 1.15829399e-07 2.30976493e-15 7.73438480e-01 2.60113753e-16 6.33871216e-01 3.80573524e-18 8.08706250e-19 6.55337400e-17 9.23700362e-22 3.19352205e-05 3.19352213e-05 2.47933412e-07 1.55544675e-02 2.29303695e-02 1.61583313e-02 6.34628994e-19 8.07304817e-18 1.73919179e-03 1.01213998e-18
9.15915916e-03 -2.44153807e-02 -2.44153793e-02 -5.56065564e-03 1.48212058e+01 1.75309155e+01 2.04665505e+01 3.12075026e+01 3.12075076e+01 3.90066292e+01 3.92261084e+01 4.54015726e-04 2.45978547e-08 1.48614483e-15 7.74454127e-01 1.56287216e-16 6.32629907e-01 9.88846572e-19 6.31566080e-17 4.64323741e-19 9.42160828e-22 3.19352202e-05 3.19352213e-05 2.47933412e-07 1.55385527e-02 2.29303695e-02 1.61508303e-02 4.62776543e-18 5.94409431e-18 1.73919179e-03 4.22145034e-17
9.30930931e-03 -2.44153806e-02 -2.44153793e-02 -5.56065565e-03 1.47796901e+01 1.75309155e+01 2.05152863e+01 3.12075026e+01 3.12075076e+01 3.90066292e+01 3.92261084e+01 4.61458553e-04 2.12428551e-07 1.68493296e-15 7.75466460e-01 3.89141850e-16 6.31388593e-01 3.24861802e-18 1.60719333e-17 1.79071034e-16 9.60773361e-22 3.19352198e-05 3.19352213e-05 2.47933412e-07 1.55225037e-02 2.29303695e-02 1.61431180e-02 5.69254746e-19 9.07913936e-18 1.73919179e-03 2.34315712e-17
9.45945946e-03 -2.44153805e-02 -2.44153793e-02 -5.56065566e-03 1.47382797e+01 1.75309155e+01 2.05640185e+01 3.12075026e+01 3.12075076e+01 3.90066292e+01 3.92261084e+01 4.68901461e-04 1.22942954e-07 2.28216009e-15 7.76475467e-01 5.45214058e-17 6.30147307e-01 3.57672546e-18 1.25890702e-17 9.42210892e-17 9.79540466e-22 3.19352194e-05 3.19352213e-05 2.47933412e-07 1.55063217e-02 2.29303695e-02 1.61351948e-02 3.17491089e-18 4.26072304e-18 1.73919179e-03 3.43773429e-18
9.60960961e-03 -2.44153805e-02 -2.44153793e-02 -5.56065570e-03 1.46969750e+01 1.75309155e+01 2.06127459e+01 3.12075026e+01 3.12075076e+01 3.90066292e+01 3.92261084e+01 4.76344306e-04 2.08327360e-07 1.76444626e-14 7.77481135e-01 8.73185026e-17 6.28906080e-01 5.41036655e-19 1.09262986e-17 2.29910455e-16 9.98464634e-22 3.19352190e-05 3.19352213e-05 2.47933412e-07 1.54900082e-02 2.29303695e-02 1.61270612e-02 4.74200260e-18 1.83150087e-18 1.73919179e-03 3.46755644e-17
9.75975976e-03 -2.44153804e-02 -2.44153793e-02 -5.56065566e-03 1.46557765e+01 1.75309155e+01 2.06614674e+01 3.12075026e+01 3.12075076e+01 3.90066292e+01 3.92261084e+01 4.83787166e-04 2.41891324e-07 3.72467021e-15 7.78483452e-01 3.26775749e-16 6.27664944e-01 1.16432485e-17 7.00006129e-18 2.51121181e-17 1.01754838e-21 3.19352186e-05 3.19352213e-05 2.47933412e-07 1.54735645e-02 2.29303695e-02 1.61187179e-02 1.74786495e-18 1.58425766e-17 1.73919179e-03 2.90644924e-17
9.90990991e-03 -2.44153803e-02 -2.44153793e-02 -5.56065567e-03 1.46146845e+01 1.75309155e+01 2.07101820e+01 3.12075026e+01 3.12075076e+01 3.90066292e+01 3.92261084e+01 4.91230076e-04 1.54022881e-07 6.67699435e-15 7.79482405e-01 2.05003713e-16 6.26423930e-01 2.88385910e-18 1.59723399e-17 7.85465867e-18 1.03679418e-21 3.19352182e-05 3.19352213e-05 2.47933412e-07 1.54569921e-02 2.29303695e-02 1.61101654e-02 4.63004472e-18 1.90333771e-18 1.73919179e-03 7.95859665e-19
1.00600601e-02 -2.44153802e-02 -2.44153793e-02 -5.56065563e-03 1.45736994e+01 1.75309155e+01 2.07588884e+01 3.12075026e+01 3.12075076e+01 3.90066292e+01 3.92261084e+01 4.98672973e-04 3.56135136e-08 2.42533335e-15 7.80477983e-01 4.28094907e-18 6.25183069e-01 9.13820004e-18 4.68004298e-17 4.12474101e-17 1.05620454e-21 3.19352178e-05 3.19352213e-05 2.47933412e-07 1.54402924e-02 2.29303695e-02 1.61014042e-02 1.24665454e-17 5.77741615e-18 1.73919179e-03 2.64965236e-17
1.02102102e-02 -2.44153801e-02 -2.44153793e-02 -5.56065567e-03 1.45328215e+01 1.75309155e+01 2.08075857e+01 3.12075026e+01 3.12075076e+01 3.90066292e+01 3.92261084e+01 5.06115847e-04 3.45625411e-08 1.37406179e-14 7.81470175e-01 1.49694986e-16 6.23942393e-01 4.64664877e-18 2.27347579e-17 9.15230634e-17 1.07578197e-21 3.19352174e-05 3.19352213e-05 2.47933412e-07 1.54234668e-02 2.29303695e-02 1.60924351e-02 1.92062175e-18 6.91703488e-18 1.73919179e-03 2.96712473e-18
1.03603604e-02 -2.44153800e-02 -2.44153793e-02 -5.56065569e-03 1.44920513e+01 1.75309155e+01 2.08562726e+01 3.12075026e+01 3.12075076e+01 3.90066292e+01 3.92261084e+01 5.13558686e-04 1.90741624e-07 4.24937748e-15 7.82458969e-01 2.68526166e-16 6.22701933e-01 3.20077747e-18 1.83134512e-17 1.14952590e-16 1.09552897e-21 3.19352169e-05 3.19352213e-05 2.47933412e-07 1.54065168e-02 2.29303695e-02 1.60832586e-02 2.63336564e-18 4.27951288e-18 1.73919179e-03 8.33064928e-19
1.05105105e-02 -2.44153799e-02 -2.44153793e-02 -5.56065566e-03 1.44513891e+01 1.75309155e+01 2.09049481e+01 3.12075026e+01 3.12075076e+01 3.90066292e+01 3.92261084e+01 5.21001321e-04 5.33884156e-07 8.00437782e-15 7.83444356e-01 2.54662318e-17 6.21461720e-01 1.19082084e-17 2.07331321e-17 1.45232841e-17 1.11544803e-21 3.19352165e-05 3.19352213e-05 2.47933412e-07 1.53894436e-02 2.29303695e-02 1.60738753e-02 8.44782573e-18 3.40668580e-18 1.73919179e-03 6.68204775e-17
1.06606607e-02 -2.44153798e-02 -2.44153793e-02 -5.56065567e-03 1.44108352e+01 1.75309155e+01 2.09536110e+01 3.12075026e+01 3.12075076e+01 3.90066292e+01 3.92261084e+01 5.28444435e-04 1.83980197e-07 7.56697741e-15 7.84426324e-01 1.25632058e-16 6.20221785e-01 1.53436628e-18 8.03102217e-17 1.75768735e-16 1.13554165e-21 3.19352161e-05 3.19352213e-05 2.47933412e-07 1.53722488e-02 2.29303695e-02 1.60642860e-02 5.53024029e-18 3.01675930e-18 1.73919179e-03 2.30954554e-17
1.08108108e-02 -2.44153797e-02 -2.44153793e-02 -5.56065565e-03 1.43703900e+01 1.75309155e+01 2.10022604e+01 3.12075026e+01 3.12075076e+01 3.90066292e+01 3.92261084e+01 5.35887328e-04 1.12667278e-07 2.11272238e-15 7.85404864e-01 2.22903942e-17 6.18982159e-01 7.88133186e-18 2.52727206e-17 7.43386865e-17 1.15581234e-21 3.19352156e-05 3.19352213e-05 2.47933412e-07 1.53549338e-02 2.29303695e-02 1.60544913e-02 2.62142625e-18 1.15752163e-18 1.73919179e-03 2.31352356e-17
1.09609610e-02 -2.44153796e-02 -2.44153793e-02 -5.56065562e-03 1.43300538e+01 1.75309155e+01 2.10508950e+01 3.12075026e+01 3.12075076e+01 3.90066292e+01 3.92261084e+01 5.43328348e-04 1.42315610e-06 1.54674053e-16 7.86379965e-01 2.53159174e-16 6.17742872e-01 9.46460481e-18 7.09453530e-17 4.88249456e-17 1.17626259e-21 3.19352152e-05 3.19352213e-05 2.47933412e-07 1.53375000e-02 2.29303695e-02 1.60444919e-02 2.63516772e-18 1.38497942e-17 1.73919179e-03 2.29930871e-17
1.11111111e-02 -2.44153795e-02 -2.44153793e-02 -5.56065567e-03 1.42898269e+01 1.75309155e+01 2.10995137e+01 3.12075026e+01 3.12075076e+01 3.90066292e+01 3.92261084e+01 5.50772830e-04 5.27987466e-07 1.11102053e-15 7.87351618e-01 1.15822914e-16 6.16503954e-01 9.13295622e-18 4.99595585e-18 1.34502816e-16 1.19689491e-21 3.19352147e-05 3.19352213e-05 2.47933412e-07 1.53199487e-02 2.29303695e-02 1.60342885e-02 9.87061426e-19 3.46151058e-18 1.73919179e-03 2.79740230e-17
1.12612613e-02 -2.44153794e-02 -2.44153793e-02 -5.56065566e-03 1.42497096e+01 1.75309155e+01 2.11481156e+01 3.12075026e+01 3.12075076e+01 3.90066292e+01 3.92261084e+01 5.58206643e-04 3.22429746e-06 6.26789891e-15 7.88319815e-01 8.81066610e-17 6.15265437e-01 1.52609421e-17 1.24995181e-17 2.69629028e-18 1.21771180e-21 3.19352143e-05 3.19352213e-05 2.47933412e-07 1.53022815e-02 2.29303695e-02 1.60238819e-02 4.63282749e-18 5.46875072e-18 1.73919179e-03 2.53841462e-18
1.14114114e-02 -2.44153793e-02 -2.44153793e-02 -5.56065564e-03 1.42097023e+01 1.75309155e+01 2.11966994e+01 3.12075026e+01 3.12075076e+01 3.90066292e+01 3.92261084e+01 5.65634210e-04 5.27705244e-06 3.24931045e-15 7.89284546e-01 2.18431656e-16 6.14027349e-01 1.14852129e-17 3.10820568e-17 8.38207331e-17 1.23871576e-21 3.19352138e-05 3.19352213e-05 2.47933412e-07 1.52844998e-02 2.29303695e-02 1.60132728e-02 5.26789408e-18 6.37491586e-18 1.73919179e-03 2.15191971e-18
1.15615616e-02 -2.44153793e-02 -2.44153792e-02 -5.56065567e-03 1.41698051e+01 1.75309155e+01 2.12452641e+01 3.12075026e+01 3.12075076e+01 3.90066292e+01 3.92261084e+01 2.06808893e-06 5.73097965e-04 4.28059245e-16 7.90245803e-01 1.72334701e-16 6.12789721e-01 2.05570715e-18 5.47261725e-18 8.88213148e-17 1.25990930e-21 3.19352213e-05 3.19352133e-05 2.47933412e-07 1.52666049e-02 2.29303695e-02 1.60024619e-02 2.90203753e-18 2.36059509e-18 1.73919179e-03 3.42070255e-18
1.17117117e-02 -2.44153793e-02 -2.44153791e-02 -5.56065567e-03 1.41300185e+01 1.75309155e+01 2.12938087e+01 3.12075026e+01 3.12075076e+01 3.90066292e+01 3.92261084e+01 1.73599971e-06 5.80541972e-04 9.79986539e-15 7.91203577e-01 1.22437581e-17 6.11552584e-01 6.57646835e-18 4.22727851e-17 6.38438586e-17 1.28129490e-21 3.19352213e-05 3.19352129e-05 2.47933412e-07 1.52485983e-02 2.29303695e-02 1.59914502e-02 4.42442265e-18 1.88013120e-18 1.73919179e-03 3.07057553e-19
1.18618619e-02 -2.44153793e-02 -2.44153790e-02 -5.56065565e-03 1.40903426e+01 1.75309155e+01 2.13423320e+01 3.12075026e+01 3.12075076e+01 3.90066292e+01 3.92261084e+01 1.37008366e-06 5.87985841e-04 2.72805618e-15 7.92157861e-01 1.13704614e-17 6.10315965e-01 3.60865476e-18 3.95439715e-17 4.24607255e-17 1.30287509e-21 3.19352213e-05 3.19352124e-05 2.47933412e-07 1.52304814e-02 2.29303695e-02 1.59802383e-02 6.73544421e-19 1.60283073e-18 1.73919179e-03 2.93788529e-18
1.20120120e-02 -2.44153793e-02 -2.44153789e-02 -5.56065564e-03 1.40507778e+01 1.75309155e+01 2.13908329e+01 3.12075026e+01 3.12075076e+01 3.90066292e+01 3.92261084e+01 1.51544756e-06 5.95428379e-04 1.04795206e-15 7.93108647e-01 6.66942471e-17 6.09079896e-01 7.24102317e-18 1.77481033e-17 3.70550216e-17 1.32465236e-21 3.19352213e-05 3.19352119e-05 2.47933412e-07 1.52122556e-02 2.29303695e-02 1.59688271e-02 1.19063444e-17 3.85942498e-18 1.73919179e-03 1.34323779e-18
1.21621622e-02 -2.44153793e-02 -2.44153788e-02 -5.56065565e-03 1.40113242e+01 1.75309155e+01 2.14393105e+01 3.12075026e+01 3.12075076e+01 3.90066292e+01 3.92261084e+01 6.95366393e-07 6.02872775e-04 6.52073732e-15 7.94055927e-01 2.51174040e-16 6.07844406e-01 8.80258558e-18 6.71143487e-18 6.25433599e-18 1.34662921e-21 3.19352213e-05 3.19352114e-05 2.47933412e-07 1.51939224e-02 2.29303695e-02 1.59572174e-02 1.00083153e-18 1.53971154e-17 1.73919179e-03 1.47466367e-18
1.23123123e-02 -2.44153793e-02 -2.44153787e-02 -5.56065565e-03 1.39719822e+01 1.75309155e+01 2.14877635e+01 3.12075026e+01 3.12075076e+01 3.90066292e+01 3.92261084e+01 3.95017105e-07 6.10315918e-04 1.24861524e-15 7.94999695e-01 1.68048026e-16 6.06609523e-01 3.35207721e-18 1.27950907e-17 8.01071529e-17 1.36880816e-21 3.19352213e-05 3.19352109e-05 2.47933412e-07 1.51754831e-02 2.29303695e-02 1.59454101e-02 1.15615012e-17 4.10437688e-18 1.73919179e-03 2.38047225e-17
1.24624625e-02 -2.44153793e-02 -2.44153786e-02 -5.56065568e-03 1.39327520e+01 1.75309155e+01 2.15361910e+01 3.12075026e+01 3.12075076e+01 3.90066292e+01 3.92261084e+01 3.50730737e-07 6.17758815e-04 7.96468202e-15 7.95939944e-01 2.00851991e-16 6.05375276e-01 3.88061535e-18 7.12172637e-18 2.45211476e-17 1.39119169e-21 3.19352213e-05 3.19352104e-05 2.47933412e-07 1.51569392e-02 2.29303695e-02 1.59334060e-02 3.45176523e-18 7.19336093e-18 1.73919179e-03 2.57997503e-18
1.26126126e-02 -2.44153793e-02 -2.44153785e-02 -5.56065567e-03 1.38936338e+01 1.75309155e+01 2.15845919e+01 3.12075026e+01 3.12075076e+01 3.90066292e+01 3.92261084e+01 1.56856637e-07 6.25201763e-04 1.56516524e-14 7.96876667e-01 8.78544317e-17 6.04141695e-01 4.03891611e-18 3.51584757e-17 1.50820544e-16 1.41378233e-21 3.19352213e-05 3.19352098e-05 2.47933412e-07 1.51382920e-02 2.29303695e-02 1.59212061e-02 2.62926638e-18 6.41613655e-18 1.73919179e-03 2.05953398e-18
1.27627628e-02 -2.44153793e-02 -2.44153783e-02 -5.56065568e-03 1.38546278e+01 1.75309155e+01 2.16329651e+01 3.12075026e+01 3.12075076e+01 3.90066292e+01 3.92261084e+01 4.45415458e-09 6.32644651e-04 5.54633315e-15 7.97809858e-01 2.49330365e-17 6.02908807e-01 8.50846696e-18 1.21610649e-17 1.04746686e-17 1.43658256e-21 3.19352213e-05 3.19352093e-05 2.47933412e-07 1.51195431e-02 2.29303695e-02 1.59088112e-02 1.08387532e-18 5.43839572e-18 1.73919179e-03 1.22153556e-18
1.29129129e-02 -2.44153793e-02 -2.44153782e-02 -5.56065566e-03 1.38157343e+01 1.75309155e+01 2.16813095e+01 3.12075026e+01 3.12075076e+01 3.90066292e+01 3.92261084e+01 2.82792465e-07 6.40087456e-04 8.03061332e-15 7.98739512e-01 2.09718919e-17 6.01676643e-01 4.24305147e-18 4.05485053e-17 4.45284652e-17 1.45959491e-21 3.19352213e-05 3.19352088e-05 2.47933412e-07 1.51006937e-02 2.29303695e-02 1.58962222e-02 8.94903203e-19 3.65657803e-18 1.73919179e-03 6.21993116e-17
1.30630631e-02 -2.44153793e-02 -2.44153781e-02 -5.56065571e-03 1.37769535e+01 1.75309155e+01 2.17296242e+01 3.12075026e+01 3.12075076e+01 3.90066292e+01 3.92261084e+01 4.78516158e-07 6.47530209e-04 8.71758654e-16 7.99665623e-01 3.52479334e-17 6.00445228e-01 1.38390424e-17 2.22304889e-17 1.49966037e-16 1.48282186e-21 3.19352213e-05 3.19352083e-05 2.47933412e-07 1.50817454e-02 2.29303695e-02 1.58834401e-02 4.04215606e-18 6.04535578e-18 1.73919179e-03 2.82915753e-18
1.32132132e-02 -2.44153793e-02 -2.44153780e-02 -5.56065572e-03 1.37382855e+01 1.75309155e+01 2.17779081e+01 3.12075026e+01 3.12075076e+01 3.90066292e+01 3.92261084e+01 4.09563482e-07 6.54973124e-04 9.48504969e-15 8.00588185e-01 3.96028834e-17 5.99214593e-01 5.26340454e-18 4.11362169e-17 3.15196964e-17 1.50626594e-21 3.19352213e-05 3.19352077e-05 2.47933412e-07 1.50626994e-02 2.29303695e-02 1.58704658e-02 1.01072904e-17 2.25951792e-18 1.73919179e-03 3.11576500e-19
1.33633634e-02 -2.44153793e-02 -2.44153779e-02 -5.56065565e-03 1.36997306e+01 1.75309155e+01 2.18261601e+01 3.12075026e+01 3.12075076e+01 3.90066292e+01 3.92261084e+01 6.77215521e-08 6.62416116e-04 1.98038072e-14 8.01507194e-01 1.15464173e-16 5.97984764e-01 3.93144194e-18 6.10194622e-17 4.58387995e-17 1.52992964e-21 3.19352213e-05 3.19352072e-05 2.47933412e-07 1.50435573e-02 2.29303695e-02 1.58573002e-02 4.70769075e-18 3.71912610e-18 1.73919179e-03 2.55196652e-17
1.35135135e-02 -2.44153793e-02 -2.44153778e-02 -5.56065565e-03 1.36612889e+01 1.75309155e+01 2.18743792e+01 3.12075026e+01 3.12075076e+01 3.90066292e+01 3.92261084e+01 4.77942974e-07 6.69858815e-04 1.90435295e-14 8.02422646e-01 2.29254637e-16 5.96755770e-01 9.68837906e-18 3.51966368e-17 1.61601805e-16 1.55381548e-21 3.19352213e-05 3.19352066e-05 2.47933412e-07 1.50243204e-02 2.29303695e-02 1.58439444e-02 1.23310337e-18 1.14878345e-17 1.73919179e-03 2.29994863e-18
1.36636637e-02 -2.44153793e-02 -2.44153776e-02 -5.56065566e-03 1.36229606e+01 1.75309155e+01 2.19225643e+01 3.12075026e+01 3.12075076e+01 3.90066292e+01 3.92261084e+01 1.55566666e-07 6.77301833e-04 2.25669940e-14 8.03334534e-01 1.14258200e-16 5.95527638e-01 9.61564890e-18 3.98497831e-17 1.05779951e-16 1.57792595e-21 3.19352213e-05 3.19352061e-05 2.47933412e-07 1.50049900e-02 2.29303695e-02 1.58303993e-02 9.81880473e-19 4.36103742e-18 1.73919179e-03 1.64849431e-18
1.38138138e-02 -2.44153793e-02 -2.44153775e-02 -5.56065566e-03 1.35847459e+01 1.75309155e+01 2.19707145e+01 3.12075026e+01 3.12075076e+01 3.90066292e+01 3.92261084e+01 1.41049301e-07 6.84744702e-04 1.55061451e-14 8.04242856e-01 2.17376907e-17 5.94300395e-01 1.35725325e-17 3.56511701e-17 9.43018286e-17 1.60226357e-21 3.19352213e-05 3.19352055e-05 2.47933412e-07 1.49855677e-02 2.29303695e-02 1.58166660e-02 4.56898799e-18 2.32567002e-18 1.73919179e-03 5.01649971e-17
1.39639640e-02 -2.44153793e-02 -2.44153774e-02 -5.56065568e-03 1.35466449e+01 1.75309155e+01 2.20188287e+01 3.12075026e+01 3.12075076e+01 3.90066292e+01 3.92261084e+01 1.20343157e-07 6.92187571e-04 1.22959023e-14 8.05147608e-01 1.16099768e-16 5.93074068e-01 9.37994954e-18 5.50771579e-17 4.39805187e-17 1.62683084e-21 3.19352213e-05 3.19352049e-05 2.47933412e-07 1.49660547e-02 2.29303695e-02 1.58027453e-02 6.10275627e-19 9.78829407e-18 1.73919179e-03 2.95456586e-18
1.41141141e-02 -2.44153793e-02 -2.44153773e-02 -5.56065564e-03 1.35086579e+01 1.75309155e+01 2.20669059e+01 3.12075026e+01 3.12075076e+01 3.90066292e+01 3.92261084e+01 2.43034096e-07 6.99630403e-04 1.63535111e-14 8.06048786e-01 2.99966253e-16 5.91848684e-01 9.21874735e-18 1.58055637e-17 8.80793349e-17 1.65163028e-21 3.19352213e-05 3.19352043e-05 2.47933412e-07 1.49464525e-02 2.29303695e-02 1.57886385e-02 5.26296289e-18 1.35529992e-17 1.73919179e-03 1.59963443e-18
1.42642643e-02 -2.44153793e-02 -2.44153771e-02 -5.56065566e-03 1.34707848e+01 1.75309155e+01 2.21149450e+01 3.12075026e+01 3.12075076e+01 3.90066292e+01 3.92261084e+01 1.35461005e-07 7.07073297e-04 9.89333221e-15 8.06946387e-01 1.54169919e-16 5.90624270e-01 1.34385645e-17 3.30184406e-17 4.21808274e-17 1.67666439e-21 3.19352213e-05 3.19352038e-05 2.47933412e-07 1.49267625e-02 2.29303695e-02 1.57743465e-02 9.10929524e-19 6.72187205e-18 1.73919179e-03 3.22950956e-17
1.44144144e-02 -2.44153793e-02 -2.44153770e-02 -5.56065565e-03 1.34330260e+01 1.75309155e+01 2.21629452e+01 3.12075026e+01 3.12075076e+01 3.90066292e+01 3.92261084e+01 1.95991222e-07 7.14516147e-04 8.07900036e-15 8.07840408e-01 5.94472204e-17 5.89400852e-01 7.17053521e-18 4.01695772e-18 4.54986380e-17 1.70193567e-21 3.19352213e-05 3.19352032e-05 2.47933412e-07 1.49069860e-02 2.29303695e-02 1.57598703e-02 6.42914903e-18 5.25024387e-18 1.73919179e-03 2.64988456e-17
1.45645646e-02 -2.44153793e-02 -2.44153769e-02 -5.56065567e-03 1.33953814e+01 1.75309155e+01 2.22109053e+01 3.12075026e+01 3.12075076e+01 3.90066292e+01 3.92261084e+01 1.84838502e-07 7.21959013e-04 1.03903631e-14 8.08730846e-01 2.57668617e-16 5.88178458e-01 1.29619786e-17 1.44123931e-17 1.23380497e-16 1.72744665e-21 3.19352213e-05 3.19352026e-05 2.47933412e-07 1.48871243e-02 2.29303695e-02 1.57452110e-02 3.18908757e-18 7.36807143e-18 1.73919179e-03 2.14351925e-17
1.47147147e-02 -2.44153793e-02 -2.44153767e-02 -5.56065565e-03 1.33578513e+01 1.75309155e+01 2.22588244e+01 3.12075026e+01 3.12075076e+01 3.90066292e+01 3.92261084e+01 1.10933416e-07 7.29401891e-04 4.97752555e-15 8.09617698e-01 1.81932415e-16 5.86957111e-01 1.66727337e-17 1.61153491e-17 4.32488908e-17 1.75319983e-21 3.19352213e-05 3.19352020e-05 2.47933412e-07 1.48671789e-02 2.29303695e-02 1.57303698e-02 1.48186143e-18 9.78785503e-19 1.73919179e-03 2.58023652e-17
1.48648649e-02 -2.44153793e-02 -2.44153766e-02 -5.56065569e-03 1.33204357e+01 1.75309155e+01 2.23067014e+01 3.12075026e+01 3.12075076e+01 3.90066292e+01 3.92261084e+01 1.78496939e-07 7.36844741e-04 7.40040774e-15 8.10500963e-01 4.17753828e-18 5.85736840e-01 6.68718328e-18 6.69427876e-17 9.86441644e-18 1.77919771e-21 3.19352213e-05 3.19352014e-05 2.47933412e-07 1.48471512e-02 2.29303695e-02 1.57153477e-02 7.18759168e-18 5.59874241e-18 1.73919179e-03 2.36518317e-17
1.50150150e-02 -2.44153793e-02 -2.44153765e-02 -5.56065561e-03 1.32831347e+01 1.75309155e+01 2.23545355e+01 3.12075026e+01 3.12075076e+01 3.90066292e+01 3.92261084e+01 9.77630736e-08 7.44287618e-04 1.82100120e-14 8.11380639e-01 1.90996183e-17 5.84517669e-01 5.96752203e-18 3.60687239e-17 2.22534222e-17 1.80544282e-21 3.19352213e-05 3.19352007e-05 2.47933412e-07 1.48270424e-02 2.29303695e-02 1.57001457e-02 8.99911372e-18 6.64266917e-18 1.73919179e-03 1.04307689e-17
1.51651652e-02 -2.44153793e-02 -2.44153763e-02 -5.56065566e-03 1.32459485e+01 1.75309155e+01 2.24023256e+01 3.12075026e+01 3.12075076e+01 3.90066292e+01 3.92261084e+01 7.06106117e-08 7.51730482e-04 1.11947559e-14 8.12256723e-01 1.25980312e-16 5.83299623e-01 5.99361210e-18 2.09044955e-17 3.17493003e-17 1.83193766e-21 3.19352213e-05 3.19352001e-05 2.47933412e-07 1.48068540e-02 2.29303695e-02 1.56847651e-02 2.66039882e-18 7.87085295e-18 1.73919179e-03 3.05763336e-17
1.53153153e-02 -2.44153793e-02 -2.44153762e-02 -5.56065568e-03 1.32088771e+01 1.75309155e+01 2.24500707e+01 3.12075026e+01 3.12075076e+01 3.90066292e+01 3.92261084e+01 3.53464081e-08 7.59173346e-04 1.07109950e-14 8.13129216e-01 1.67987621e-17 5.82082728e-01 1.56824820e-17 6.82892467e-17 2.98718530e-17 1.85868473e-21 3.19352213e-05 3.19351995e-05 2.47933412e-07 1.47865873e-02 2.29303695e-02 1.56692070e-02 7.23436544e-19 5.54443071e-18 1.73919179e-03 5.11872609e-19
1.54654655e-02 -2.44153793e-02 -2.44153761e-02 -5.56065568e-03 1.31719206e+01 1.75309155e+01 2.24977698e+01 3.12075026e+01 3.12075076e+01 3.90066292e+01 3.92261084e+01 3.31657299e-08 7.66616207e-04 1.42962120e-14 8.13998114e-01 1.06159356e-16 5.80867009e-01 5.20849357e-18 5.81605914e-17 1.05355350e-16 1.88568656e-21 3.19352213e-05 3.19351989e-05 2.47933412e-07 1.47662436e-02 2.29303695e-02 1.56534724e-02 1.81424050e-18 2.08407317e-18 1.73919179e-03 2.15755682e-18
1.56156156e-02 -2.44153793e-02 -2.44153759e-02 -5.56065567e-03 1.31350791e+01 1.75309155e+01 2.25454221e+01 3.12075026e+01 3.12075076e+01 3.90066292e+01 3.92261084e+01 1.88377985e-08 7.74059068e-04 6.91847250e-15 8.14863419e-01 1.34391361e-16 5.79652491e-01 8.95508709e-18 4.27264377e-17 5.67481578e-17 1.91294566e-21 3.19352213e-05 3.19351982e-05 2.47933412e-07 1.47458242e-02 2.29303695e-02 1.56375626e-02 4.90158118e-18 3.26126749e-18 1.73919179e-03 2.43423117e-18
1.57657658e-02 -2.44153793e-02 -2.44153758e-02 -5.56065565e-03 1.30983527e+01 1.75309155e+01 2.25930266e+01 3.12075026e+01 3.12075076e+01 3.90066292e+01 3.92261084e+01 3.63489289e-08 7.81501927e-04 1.83621290e-15 8.15725128e-01 3.73758590e-17 5.78439198e-01 8.49977370e-18 1.14178679e-17 3.11453938e-17 1.94046454e-21 3.19352213e-05 3.19351976e-05 2.47933412e-07 1.47253306e-02 2.29303695e-02 1.56214787e-02 2.62150609e-18 1.53366590e-18 1.73919179e-03 2.81245466e-17
1.59159159e-02 -2.44153793e-02 -2.44153756e-02 -5.56065563e-03 1.30617414e+01 1.75309155e+01 2.26405822e+01 3.12075026e+01 3.12075076e+01 3.90066292e+01 3.92261084e+01 1.02267713e-07 7.88944780e-04 6.99398854e-15 8.16583242e-01 1.33715212e-16 5.77227154e-01 1.39417753e-17 6.30543767e-17 7.45674688e-18 1.96824571e-21 3.19352213e-05 3.19351969e-05 2.47933412e-07 1.47047640e-02 2.29303695e-02 1.56052219e-02 1.04811593e-18 3.08985268e-18 1.73919179e-03 2.37276715e-18
1.60660661e-02 -2.44153793e-02 -2.44153755e-02 -5.56065558e-03 1.30252453e+01 1.75309155e+01 2.26880881e+01 3.12075026e+01 3.12075076e+01 3.90066292e+01 3.92261084e+01 1.00633289e-07 7.96387640e-04 8.73816811e-16 8.17437760e-01 1.45417878e-16 5.76016384e-01 9.15095258e-18 3.06895438e-17 3.84554344e-17 1.99629168e-21 3.19352213e-05 3.19351963e-05 2.47933412e-07 1.46841258e-02 2.29303695e-02 1.55887933e-02 4.37646108e-18 1.09404841e-17 1.73919179e-03 3.70984106e-18
1.62162162e-02 -2.44153793e-02 -2.44153753e-02 -5.56065561e-03 1.29888644e+01 1.75309155e+01 2.27355433e+01 3.12075026e+01 3.12075076e+01 3.90066292e+01 3.92261084e+01 1.61059091e-07 8.03830488e-04 1.00801440e-15 8.18288683e-01 4.05863086e-17 5.74806911e-01 1.11499002e-17 1.36967268e-17 3.80505722e-17 2.02460497e-21 3.19352213e-05 3.19351956e-05 2.47933412e-07 1.46634173e-02 2.29303695e-02 1.55721942e-02 1.54585683e-18 3.93499575e-18 1.73919179e-03 2.83373681e-18
1.63663664e-02 -2.44153793e-02 -2.44153752e-02 -5.56065562e-03 1.29525988e+01 1.75309155e+01 2.27829469e+01 3.12075026e+01 3.12075076e+01 3.90066292e+01 3.92261084e+01 1.09518235e-07 8.11273355e-04 9.30558677e-15 8.19136011e-01 2.02889842e-16 5.73598760e-01 1.24220041e-17 1.43725989e-18 2.19644846e-17 2.05318810e-21 3.19352213e-05 3.19351949e-05 2.47933412e-07 1.46426397e-02 2.29303695e-02 1.55554257e-02 4.36461183e-18 2.02579461e-18 1.73919179e-03 7.06753644e-19
1.65165165e-02 -2.44153793e-02 -2.44153750e-02 -5.56065563e-03 1.29164485e+01 1.75309155e+01 2.28302980e+01 3.12075026e+01 3.12075076e+01 3.90066292e+01 3.92261084e+01 1.46639766e-07 8.18716207e-04 2.88417805e-15 8.19979745e-01 8.95238728e-17 5.72391953e-01 1.18769899e-17 8.72252016e-17 4.18810251e-17 2.08204358e-21 3.19352213e-05 3.19351942e-05 2.47933412e-07 1.46217944e-02 2.29303695e-02 1.55384891e-02 2.92595348e-18 4.44917378e-18 1.73919179e-03 6.33270628e-17
1.66666667e-02 -2.44153793e-02 -2.44153749e-02 -5.56065563e-03 1.28804135e+01 1.75309155e+01 2.28775956e+01 3.12075026e+01 3.12075076e+01 3.90066292e+01 3.92261084e+01 6.09458799e-08 8.26159075e-04 3.49639457e-15 8.20819886e-01 1.48947944e-16 5.71186513e-01 1.13134347e-17 7.14141145e-18 3.77503895e-17 2.11117392e-21 3.19352213e-05 3.19351936e-05 2.47933412e-07 1.46008827e-02 2.29303695e-02 1.55213855e-02 2.10408898e-18 7.47103652e-18 1.73919179e-03 9.49493534e-19
1.68168168e-02 -2.44153793e-02 -2.44153747e-02 -5.56065571e-03 1.28444938e+01 1.75309155e+01 2.29248388e+01 3.12075026e+01 3.12075076e+01 3.90066292e+01 3.92261084e+01 1.06175590e-07 8.33601927e-04 1.55903421e-16 8.21656434e-01 5.36622773e-17 5.69982465e-01 1.88354980e-17 6.92226856e-17 7.05326596e-17 2.14058164e-21 3.19352213e-05 3.19351929e-05 2.47933412e-07 1.45799059e-02 2.29303695e-02 1.55041163e-02 6.43477864e-18 2.69124799e-18 1.73919179e-03 3.54378801e-17
1.69669670e-02 -2.44153793e-02 -2.44153746e-02 -5.56065568e-03 1.28086896e+01 1.75309155e+01 2.29720268e+01 3.12075026e+01 3.12075076e+01 3.90066292e+01 3.92261084e+01 6.76281440e-08 8.41044787e-04 4.14238457e-15 8.22489391e-01 1.08781796e-16 5.68779829e-01 7.83730047e-18 5.73359250e-19 5.38740135e-17 2.17026925e-21 3.19352213e-05 3.19351922e-05 2.47933412e-07 1.45588653e-02 2.29303695e-02 1.54866827e-02 1.52715563e-18 5.68874705e-18 1.73919179e-03 5.94442863e-18
1.71171171e-02 -2.44153793e-02 -2.44153744e-02 -5.56065566e-03 1.27730007e+01 1.75309155e+01 2.30191585e+01 3.12075026e+01 3.12075076e+01 3.90066292e+01 3.92261084e+01 4.58494268e-09 8.48487645e-04 1.20417276e-14 8.23318759e-01 8.72134460e-17 5.67578630e-01 7.20155312e-18 8.07247397e-17 9.96481016e-17 2.20023928e-21 3.19352213e-05 3.19351915e-05 2.47933412e-07 1.45377621e-02 2.29303695e-02 1.54690859e-02 7.53825852e-18 5.69349149e-18 1.73919179e-03 7.04220969e-19
1.72672673e-02 -2.44153793e-02 -2.44153743e-02 -5.56065565e-03 1.27374271e+01 1.75309155e+01 2.30662332e+01 3.12075026e+01 3.12075076e+01 3.90066292e+01 3.92261084e+01 4.24905805e-08 8.55930499e-04 1.03202010e-14 8.24144540e-01 2.54746655e-16 5.66378888e-01 1.10440176e-17 5.51697286e-17 1.01249491e-16 2.23049424e-21 3.19352213e-05 3.19351908e-05 2.47933412e-07 1.45165976e-02 2.29303695e-02 1.54513271e-02 1.99849228e-18 5.38553098e-18 1.73919179e-03 2.42260782e-17
1.74174174e-02 -2.44153793e-02 -2.44153741e-02 -5.56065563e-03 1.27019690e+01 1.75309155e+01 2.31132500e+01 3.12075026e+01 3.12075076e+01 3.90066292e+01 3.92261084e+01 5.89799571e-08 8.63373353e-04 1.35938115e-14 8.24966735e-01 3.87272565e-17 5.65180627e-01 2.04998550e-17 1.17380737e-17 4.40395849e-17 2.26103665e-21 3.19352213e-05 3.19351900e-05 2.47933412e-07 1.44953732e-02 2.29303695e-02 1.54334076e-02 1.54745223e-18 3.79751653e-18 1.73919179e-03 2.19143743e-17
1.75675676e-02 -2.44153793e-02 -2.44153740e-02 -5.56065563e-03 1.26666262e+01 1.75309155e+01 2.31602079e+01 3.12075026e+01 3.12075076e+01 3.90066292e+01 3.92261084e+01 4.64956705e-08 8.70816208e-04 6.63795679e-15 8.25785346e-01 9.25728428e-17 5.63983868e-01 1.60143601e-17 7.28066699e-18 1.17461225e-16 2.29186901e-21 3.19352213e-05 3.19351893e-05 2.47933412e-07 1.44740899e-02 2.29303695e-02 1.54153288e-02 7.81055260e-19 4.86800227e-18 1.73919179e-03 2.73206434e-17
1.77177177e-02 -2.44153793e-02 -2.44153738e-02 -5.56065568e-03 1.26313988e+01 1.75309155e+01 2.32071061e+01 3.12075026e+01 3.12075076e+01 3.90066292e+01 3.92261084e+01 1.79669610e-07 8.78259044e-04 1.57631703e-14 8.26600378e-01 6.71063567e-17 5.62788632e-01 1.10974548e-17 3.35360056e-17 7.10300813e-17 2.32299387e-21 3.19352213e-05 3.19351886e-05 2.47933412e-07 1.44527492e-02 2.29303695e-02 1.53970918e-02 7.65755856e-19 6.48263096e-18 1.73919179e-03 3.04185139e-17
1.78678679e-02 -2.44153793e-02 -2.44153737e-02 -5.56065566e-03 1.25962867e+01 1.75309155e+01 2.32539437e+01 3.12075026e+01 3.12075076e+01 3.90066292e+01 3.92261084e+01 1.51811205e-07 8.85701903e-04 3.07807684e-14 8.27411831e-01 1.84889188e-16 5.61594941e-01 1.03905264e-17 5.16921389e-17 1.14305282e-16 2.35441373e-21 3.19352213e-05 3.19351879e-05 2.47933412e-07 1.44313522e-02 2.29303695e-02 1.53786980e-02 7.70951249e-19 1.05305172e-17 1.73919179e-03 1.69490760e-18
1.80180180e-02 -2.44153793e-02 -2.44153735e-02 -5.56065571e-03 1.25612899e+01 1.75309155e+01 2.33007199e+01 3.12075026e+01 3.12075076e+01 3.90066292e+01 3.92261084e+01 7.46761233e-08 8.93144765e-04 9.32841680e-15 8.28219709e-01 8.60423670e-17 5.60402816e-01 1.38721180e-17 5.65161300e-17 8.15714372e-17 2.38613111e-21 3.19352213e-05 3.19351871e-05 2.47933412e-07 1.44099002e-02 2.29303695e-02 1.53601487e-02 2.91861762e-18 3.49208196e-18 1.73919179e-03 1.81369742e-18
1.81681682e-02 -2.44153793e-02 -2.44153733e-02 -5.56065565e-03 1.25264083e+01 1.75309155e+01 2.33474339e+01 3.12075026e+01 3.12075076e+01 3.90066292e+01 3.92261084e+01 1.54039867e-07 9.00587607e-04 3.18790943e-15 8.29024015e-01 6.17826733e-17 5.59212277e-01 1.31271195e-17 1.14486324e-16 1.66213698e-16 2.41814854e-21 3.19352213e-05 3.19351864e-05 2.47933412e-07 1.43883944e-02 2.29303695e-02 1.53414452e-02 1.34123010e-18 8.22535437e-18 1.73919179e-03 9.22992211e-18
1.83183183e-02 -2.44153793e-02 -2.44153732e-02 -5.56065567e-03 1.24916420e+01 1.75309155e+01 2.33940847e+01 3.12075026e+01 3.12075076e+01 3.90066292e+01 3.92261084e+01 2.50199285e-08 9.08030471e-04 1.58639930e-14 8.29824753e-01 4.86757619e-17 5.58023345e-01 1.61193064e-17 5.49502088e-17 1.47747410e-16 2.45046853e-21 3.19352213e-05 3.19351856e-05 2.47933412e-07 1.43668361e-02 2.29303695e-02 1.53225887e-02 1.58225355e-18 1.20442829e-17 1.73919179e-03 2.10242858e-18
1.84684685e-02 -2.44153793e-02 -2.44153730e-02 -5.56065567e-03 1.24569908e+01 1.75309155e+01 2.34406715e+01 3.12075026e+01 3.12075076e+01 3.90066292e+01 3.92261084e+01 3.21531700e-08 9.15473322e-04 1.60484706e-14 8.30621926e-01 1.49708367e-18 5.56836042e-01 1.15921762e-17 3.92321784e-17 8.98863964e-17 2.48309360e-21 3.19352213e-05 3.19351849e-05 2.47933412e-07 1.43452264e-02 2.29303695e-02 1.53035807e-02 1.12879565e-17 4.62543837e-18 1.73919179e-03 1.70852891e-18
1.86186186e-02 -2.44153793e-02 -2.44153728e-02 -5.56065573e-03 1.24224547e+01 1.75309155e+01 2.34871935e+01 3.12075026e+01 3.12075076e+01 3.90066292e+01 3.92261084e+01 4.94207414e-08 9.22916172e-04 1.50846011e-16 8.31415538e-01 4.35599408e-18 5.55650385e-01 1.08026697e-17 6.52457034e-17 8.23770800e-17 2.51602628e-21 3.19352213e-05 3.19351841e-05 2.47933412e-07 1.43235666e-02 2.29303695e-02 1.52844223e-02 6.89032872e-19 8.14430062e-18 1.73919179e-03 1.41698363e-17
1.87687688e-02 -2.44153793e-02 -2.44153727e-02 -5.56065566e-03 1.23880337e+01 1.75309155e+01 2.35336500e+01 3.12075026e+01 3.12075076e+01 3.90066292e+01 3.92261084e+01 2.60422543e-08 9.30359023e-04 7.02014981e-15 8.32205593e-01 3.55567157e-17 5.54466397e-01 7.58885220e-18 7.42415312e-17 3.08557621e-17 2.54926909e-21 3.19352213e-05 3.19351833e-05 2.47933412e-07 1.43018578e-02 2.29303695e-02 1.52651151e-02 5.17769496e-18 3.79904296e-18 1.73919179e-03 4.19416520e-17
1.89189189e-02 -2.44153793e-02 -2.44153725e-02 -5.56065563e-03 1.23537277e+01 1.75309155e+01 2.35800400e+01 3.12075026e+01 3.12075076e+01 3.90066292e+01 3.92261084e+01 5.41208820e-08 9.37801871e-04 1.61860159e-14 8.32992095e-01 1.56906524e-16 5.53284095e-01 1.33436162e-17 5.74612231e-17 5.97679508e-17 2.58282456e-21 3.19352213e-05 3.19351825e-05 2.47933412e-07 1.42801013e-02 2.29303695e-02 1.52456602e-02 4.64148832e-18 6.18405215e-18 1.73919179e-03 2.58275350e-17
1.90690691e-02 -2.44153793e-02 -2.44153723e-02 -5.56065567e-03 1.23195366e+01 1.75309155e+01 2.36263628e+01 3.12075026e+01 3.12075076e+01 3.90066292e+01 3.92261084e+01 3.37949751e-08 9.45244721e-04 2.04971885e-14 8.33775048e-01 5.06953920e-17 5.52103500e-01 9.90005462e-18 2.39360908e-17 8.93788173e-18 2.61669519e-21 3.19352213e-05 3.19351818e-05 2.47933412e-07 1.42582982e-02 2.29303695e-02 1.52260590e-02 9.13197821e-19 1.08911032e-17 1.73919179e-03 1.24021267e-18
1.92192192e-02 -2.44153793e-02 -2.44153722e-02 -5.56065568e-03 1.22854603e+01 1.75309155e+01 2.36726175e+01 3.12075026e+01 3.12075076e+01 3.90066292e+01 3.92261084e+01 4.97936660e-08 9.52687568e-04 1.00640341e-14 8.34554458e-01 9.13733284e-18 5.50924631e-01 5.04029657e-18 2.38719593e-17 6.17907241e-17 2.65088352e-21 3.19352213e-05 3.19351810e-05 2.47933412e-07 1.42364498e-02 2.29303695e-02 1.52063129e-02 1.80315828e-18 2.76378122e-18 1.73919179e-03 4.46362824e-19
1.93693694e-02 -2.44153793e-02 -2.44153720e-02 -5.56065565e-03 1.22514988e+01 1.75309155e+01 2.37188035e+01 3.12075026e+01 3.12075076e+01 3.90066292e+01 3.92261084e+01 1.41868532e-07 9.60130407e-04 4.68610507e-15 8.35330328e-01 1.36420658e-16 5.49747507e-01 1.49298054e-17 3.15986219e-17 1.56651261e-17 2.68539208e-21 3.19352213e-05 3.19351802e-05 2.47933412e-07 1.42145571e-02 2.29303695e-02 1.51864232e-02 6.09139497e-18 5.99082709e-18 1.73919179e-03 3.63931559e-17
1.95195195e-02 -2.44153793e-02 -2.44153718e-02 -5.56065568e-03 1.22176520e+01 1.75309155e+01 2.37649198e+01 3.12075026e+01 3.12075076e+01 3.90066292e+01 3.92261084e+01 7.58429047e-08 9.67573261e-04 4.39244688e-15 8.36102664e-01 8.08245250e-18 5.48572145e-01 1.40439129e-17 1.02397549e-16 1.96001501e-17 2.72022338e-21 3.19352213e-05 3.19351794e-05 2.47933412e-07 1.41926214e-02 2.29303695e-02 1.51663913e-02 4.65596231e-18 3.03120763e-18 1.73919179e-03 2.96545963e-17
1.96696697e-02 -2.44153793e-02 -2.44153716e-02 -5.56065572e-03 1.21839198e+01 1.75309155e+01 2.38109657e+01 3.12075026e+01 3.12075076e+01 3.90066292e+01 3.92261084e+01 9.34816207e-09 9.75016111e-04 3.57911916e-15 8.36871471e-01 1.76870399e-16 5.47398566e-01 1.72758271e-17 5.52544707e-17 6.68218328e-17 2.75537996e-21 3.19352213e-05 3.19351786e-05 2.47933412e-07 1.41706438e-02 2.29303695e-02 1.51462186e-02 1.07564787e-18 2.81736763e-18 1.73919179e-03 5.78323576e-17
1.98198198e-02 -2.44153793e-02 -2.44153714e-02 -5.56065563e-03 1.21503020e+01 1.75309155e+01 2.38569405e+01 3.12075026e+01 3.12075076e+01 3.90066292e+01 3.92261084e+01 7.07706798e-08 9.82458954e-04 5.02187955e-15 8.37636755e-01 2.34114856e-16 5.46226786e-01 1.63574882e-17 4.48129903e-17 2.04245592e-19 2.79086433e-21 3.19352213e-05 3.19351778e-05 2.47933412e-07 1.41486255e-02 2.29303695e-02 1.51259063e-02 1.34493977e-18 3.25471786e-18 1.73919179e-03 2.57257463e-18
1.99699700e-02 -2.44153793e-02 -2.44153713e-02 -5.56065568e-03 1.21167986e+01 1.75309155e+01 2.39028434e+01 3.12075026e+01 3.12075076e+01 3.90066292e+01 3.92261084e+01 1.98005867e-08 9.89901802e-04 4.12626448e-16 8.38398520e-01 2.11347600e-17 5.45056824e-01 1.13074869e-17 3.02967067e-17 7.35931569e-17 2.82667903e-21 3.19352213e-05 3.19351769e-05 2.47933412e-07 1.41265676e-02 2.29303695e-02 1.51054559e-02 3.24800598e-18 2.57175769e-18 1.73919179e-03 1.58903846e-17
2.01201201e-02 -2.44153793e-02 -2.44153711e-02 -5.56065566e-03 1.20834095e+01 1.75309155e+01 2.39486736e+01 3.12075026e+01 3.12075076e+01 3.90066292e+01 3.92261084e+01 3.44679540e-08 9.97344647e-04 5.75060345e-15 8.39156773e-01 2.81948699e-17 5.43888698e-01 7.47915466e-18 6.02634669e-17 3.50596696e-17 2.86282658e-21 3.19352213e-05 3.19351761e-05 2.47933412e-07 1.41044711e-02 2.29303695e-02 1.50848688e-02 1.19590486e-18 2.40663690e-18 1.73919179e-03 3.11384704e-19
2.02702703e-02 -2.44153793e-02 -2.44153709e-02 -5.56065569e-03 1.20501346e+01 1.75309155e+01 2.39944304e+01 3.12075026e+01 3.12075076e+01 3.90066292e+01 3.92261084e+01 5.53978632e-08 1.00478749e-03 2.18955276e-14 8.39911519e-01 1.16685339e-16 5.42722424e-01 1.35258190e-17 3.74086543e-17 2.42706958e-17 2.89930951e-21 3.19352213e-05 3.19351753e-05 2.47933412e-07 1.40823373e-02 2.29303695e-02 1.50641462e-02 2.11623935e-18 3.21885332e-18 1.73919179e-03 3.78628424e-18
2.04204204e-02 -2.44153793e-02 -2.44153707e-02 -5.56065566e-03 1.20169737e+01 1.75309155e+01 2.40401130e+01 3.12075026e+01 3.12075076e+01 3.90066292e+01 3.92261084e+01 1.24523708e-07 1.01223033e-03 1.09419380e-14 8.40662765e-01 5.44304806e-17 5.41558021e-01 1.25567834e-17 4.20828974e-17 9.73465011e-17 2.93613035e-21 3.19352213e-05 3.19351744e-05 2.47933412e-07 1.40601673e-02 2.29303695e-02 1.50432897e-02 4.04285213e-18 5.03005962e-18 1.73919179e-03 1.09277488e-18
2.05705706e-02 -2.44153793e-02 -2.44153705e-02 -5.56065566e-03 1.19839267e+01 1.75309155e+01 2.40857208e+01 3.12075026e+01 3.12075076e+01 3.90066292e+01 3.92261084e+01 4.58772056e-08 1.01967318e-03 8.17560393e-15 8.41410517e-01 6.93102865e-17 5.40395505e-01 1.56706760e-17 9.09241433e-17 2.73751645e-17 2.97329162e-21 3.19352213e-05 3.19351736e-05 2.47933412e-07 1.40379621e-02 2.29303695e-02 1.50223006e-02 4.12124308e-18 5.45638239e-18 1.73919179e-03 2.38102878e-17
2.07207207e-02 -2.44153793e-02 -2.44153704e-02 -5.56065569e-03 1.19509935e+01 1.75309155e+01 2.41312530e+01 3.12075026e+01 3.12075076e+01 3.90066292e+01 3.92261084e+01 6.89404087e-08 1.02711602e-03 1.68715525e-14 8.42154781e-01 4.42257353e-17 5.39234893e-01 1.13829906e-17 1.62646954e-17 9.88591549e-17 3.01079586e-21 3.19352213e-05 3.19351727e-05 2.47933412e-07 1.40157229e-02 2.29303695e-02 1.50011802e-02 1.72104399e-18 1.97133157e-18 1.73919179e-03 1.73947560e-18
2.08708709e-02 -2.44153793e-02 -2.44153702e-02 -5.56065563e-03 1.19181740e+01 1.75309155e+01 2.41767088e+01 3.12075026e+01 3.12075076e+01 3.90066292e+01 3.92261084e+01 3.31567756e-08 1.03455886e-03 8.21940543e-15 8.42895564e-01 5.73911301e-18 5.38076201e-01 1.77438454e-17 6.21745532e-17 5.86717503e-17 3.04864559e-21 3.19352213e-05 3.19351719e-05 2.47933412e-07 1.39934507e-02 2.29303695e-02 1.49799300e-02 5.55078796e-18 6.03287067e-18 1.73919179e-03 5.44902519e-18
2.10210210e-02 -2.44153793e-02 -2.44153700e-02 -5.56065565e-03 1.18854680e+01 1.75309155e+01 2.42220876e+01 3.12075026e+01 3.12075076e+01 3.90066292e+01 3.92261084e+01 1.06887536e-08 1.04200170e-03 4.11693133e-15 8.43632872e-01 1.08308361e-16 5.36919445e-01 9.31023127e-18 3.30507017e-17 8.83829353e-17 3.08684335e-21 3.19352213e-05 3.19351710e-05 2.47933412e-07 1.39711466e-02 2.29303695e-02 1.49585514e-02 6.76787920e-19 3.58432935e-18 1.73919179e-03 3.32624792e-17
2.11711712e-02 -2.44153793e-02 -2.44153698e-02 -5.56065567e-03 1.18528753e+01 1.75309155e+01 2.42673887e+01 3.12075026e+01 3.12075076e+01 3.90066292e+01 3.92261084e+01 9.87155377e-08 1.04944454e-03 2.96952061e-14 8.44366713e-01 1.42980206e-16 5.35764643e-01 1.52227757e-17 4.09948063e-17 2.04822564e-16 3.12539166e-21 3.19352213e-05 3.19351702e-05 2.47933412e-07 1.39488117e-02 2.29303695e-02 1.49370456e-02 1.57652342e-18 3.86827915e-18 1.73919179e-03 3.02570015e-18
2.13213213e-02 -2.44153793e-02 -2.44153696e-02 -5.56065564e-03 1.18203959e+01 1.75309155e+01 2.43126114e+01 3.12075026e+01 3.12075076e+01 3.90066292e+01 3.92261084e+01 1.51889040e-07 1.05688737e-03 1.04536023e-14 8.45097093e-01 2.41641679e-16 5.34611809e-01 1.86889762e-17 4.66348763e-17 7.87581477e-17 3.16429306e-21 3.19352213e-05 3.19351693e-05 2.47933412e-07 1.39264471e-02 2.29303695e-02 1.49154143e-02 8.09533583e-18 6.20549050e-18 1.73919179e-03 3.36084805e-18
2.14714715e-02 -2.44153793e-02 -2.44153694e-02 -5.56065565e-03 1.17880296e+01 1.75309155e+01 2.43577550e+01 3.12075026e+01 3.12075076e+01 3.90066292e+01 3.92261084e+01 3.58568326e-08 1.06433022e-03 1.52040453e-14 8.45824020e-01 5.10715274e-17 5.33460958e-01 6.11115573e-18 6.56827881e-17 6.31021927e-17 3.20355008e-21 3.19352213e-05 3.19351684e-05 2.47933412e-07 1.39040537e-02 2.29303695e-02 1.48936586e-02 4.36217372e-18 1.17727800e-17 1.73919179e-03 2.50936831e-17
2.16216216e-02 -2.44153793e-02 -2.44153692e-02 -5.56065566e-03 1.17557762e+01 1.75309155e+01 2.44028188e+01 3.12075026e+01 3.12075076e+01 3.90066292e+01 3.92261084e+01 6.45213601e-08 1.07177306e-03 7.43842380e-15 8.46547501e-01 1.70088969e-16 5.32312107e-01 1.24809160e-17 2.87542821e-17 4.09440741e-17 3.24316526e-21 3.19352213e-05 3.19351675e-05 2.47933412e-07 1.38816328e-02 2.29303695e-02 1.48717801e-02 9.00539481e-18 2.32933539e-18 1.73919179e-03 1.13269743e-18
2.17717718e-02 -2.44153793e-02 -2.44153690e-02 -5.56065570e-03 1.17236356e+01 1.75309155e+01 2.44478022e+01 3.12075026e+01 3.12075076e+01 3.90066292e+01 3.92261084e+01 8.46060585e-09 1.07921590e-03 1.47798601e-14 8.47267544e-01 5.75646089e-18 5.31165270e-01 7.80689612e-18 2.93111240e-17 2.13483805e-17 3.28314112e-21 3.19352213e-05 3.19351666e-05 2.47933412e-07 1.38591852e-02 2.29303695e-02 1.48497802e-02 6.43203506e-18 3.99475769e-18 1.73919179e-03 4.20362390e-18
2.19219219e-02 -2.44153793e-02 -2.44153688e-02 -5.56065567e-03 1.16916076e+01 1.75309155e+01 2.44927045e+01 3.12075026e+01 3.12075076e+01 3.90066292e+01 3.92261084e+01 5.58612706e-08 1.08665874e-03 5.69323498e-15 8.47984156e-01 9.74159906e-18 5.30020463e-01 1.83882629e-17 1.90737866e-17 7.67001743e-17 3.32348020e-21 3.19352213e-05 3.19351657e-05 2.47933412e-07 1.38367120e-02 2.29303695e-02 1.48276602e-02 4.08911846e-18 4.32229801e-18 1.73919179e-03 3.91288806e-18
2.20720721e-02 -2.44153793e-02 -2.44153686e-02 -5.56065567e-03 1.16596920e+01 1.75309155e+01 2.45375250e+01 3.12075026e+01 3.12075076e+01 3.90066292e+01 3.92261084e+01 1.50223028e-08 1.09410158e-03 1.12369183e-14 8.48697344e-01 5.64042050e-17 5.28877699e-01 1.32257839e-17 1.17756617e-16 2.63439059e-17 3.36418504e-21 3.19352213e-05 3.19351648e-05 2.47933412e-07 1.38142142e-02 2.29303695e-02 1.48054215e-02 7.97547350e-19 6.14599226e-18 1.73919179e-03 3.26772289e-17
2.22222222e-02 -2.44153793e-02 -2.44153684e-02 -5.56065568e-03 1.16278886e+01 1.75309155e+01 2.45822632e+01 3.12075026e+01 3.12075076e+01 3.90066292e+01 3.92261084e+01 8.12505819e-08 1.10154441e-03 1.42374505e-14 8.49407118e-01 1.16894946e-16 5.27736993e-01 1.61360225e-17 3.90449267e-17 1.62784962e-17 3.40525816e-21 3.19352213e-05 3.19351639e-05 2.47933412e-07 1.37916929e-02 2.29303695e-02 1.47830656e-02 9.27992684e-18 5.98058619e-18 1.73919179e-03 4.39847264e-17
2.23723724e-02 -2.44153793e-02 -2.44153682e-02 -5.56065565e-03 1.15961974e+01 1.75309155e+01 2.46269183e+01 3.12075026e+01 3.12075076e+01 3.90066292e+01 3.92261084e+01 4.38716071e-09 1.10898725e-03 3.75796232e-15 8.50113485e-01 7.19556678e-17 5.26598359e-01 1.49930823e-17 1.17274675e-16 6.59227092e-18 3.44670211e-21 3.19352213e-05 3.19351630e-05 2.47933412e-07 1.37691490e-02 2.29303695e-02 1.47605938e-02 4.72097078e-18 8.41509098e-18 1.73919179e-03 1.07711298e-18
2.25225225e-02 -2.44153793e-02 -2.44153680e-02 -5.56065564e-03 1.15646180e+01 1.75309155e+01 2.46714898e+01 3.12075026e+01 3.12075076e+01 3.90066292e+01 3.92261084e+01 4.49788899e-08 1.11643008e-03 1.84207531e-14 8.50816454e-01 1.90627435e-16 5.25461812e-01 1.38389898e-17 2.39628343e-17 1.26952678e-16 3.48851942e-21 3.19352213e-05 3.19351620e-05 2.47933412e-07 1.37465835e-02 2.29303695e-02 1.47380076e-02 1.29048744e-18 3.24795381e-18 1.73919179e-03 1.84622539e-18
2.26726727e-02 -2.44153793e-02 -2.44153678e-02 -5.56065564e-03 1.15331504e+01 1.75309155e+01 2.47159770e+01 3.12075026e+01 3.12075076e+01 3.90066292e+01 3.92261084e+01 1.82362571e-08 1.12387292e-03 2.21392525e-14 8.51516032e-01 2.40060683e-17 5.24327364e-01 1.66964953e-17 1.23680594e-16 6.49579287e-17 3.53071263e-21 3.19352213e-05 3.19351611e-05 2.47933412e-07 1.37239975e-02 2.29303695e-02 1.47153084e-02 4.99435215e-18 1.15001150e-17 1.73919179e-03 2.22651297e-18
2.28228228e-02 -2.44153793e-02 -2.44153676e-02 -5.56065569e-03 1.15017943e+01 1.75309155e+01 2.47603793e+01 3.12075026e+01 3.12075076e+01 3.90066292e+01 3.92261084e+01 5.75787851e-08 1.13131575e-03 6.84408265e-16 8.52212228e-01 6.43231745e-17 5.23195029e-01 1.95336450e-17 2.57130990e-17 2.70981909e-17 3.57328427e-21 3.19352213e-05 3.19351602e-05 2.47933412e-07 1.37013918e-02 2.29303695e-02 1.46924975e-02 1.24664830e-18 1.03554081e-18 1.73919179e-03 6.26409172e-17
2.29729730e-02 -2.44153793e-02 -2.44153674e-02 -5.56065565e-03 1.14705495e+01 1.75309155e+01 2.48046962e+01 3.12075026e+01 3.12075076e+01 3.90066292e+01 3.92261084e+01 1.28477244e-07 1.13875858e-03 7.47499759e-15 8.52905051e-01 3.04507894e-17 5.22064821e-01 1.43236916e-17 6.82342195e-17 9.49122735e-17 3.61623690e-21 3.19352213e-05 3.19351592e-05 2.47933412e-07 1.36787675e-02 2.29303695e-02 1.46695764e-02 2.93424111e-18 7.83693463e-18 1.73919179e-03 4.84903912e-17
2.31231231e-02 -2.44153793e-02 -2.44153672e-02 -5.56065567e-03 1.14394159e+01 1.75309155e+01 2.48489270e+01 3.12075026e+01 3.12075076e+01 3.90066292e+01 3.92261084e+01 8.35940900e-09 1.14620142e-03 8.38695414e-15 8.53594510e-01 1.10519849e-16 5.20936752e-01 8.85026606e-18 1.80796772e-17 8.36491263e-17 3.65957303e-21 3.19352213e-05 3.19351583e-05 2.47933412e-07 1.36561255e-02 2.29303695e-02 1.46465465e-02 5.52743242e-18 3.48788783e-18 1.73919179e-03 3.23206438e-17
2.32732733e-02 -2.44153793e-02 -2.44153670e-02 -5.56065567e-03 1.14083932e+01 1.75309155e+01 2.48930711e+01 3.12075026e+01 3.12075076e+01 3.90066292e+01 3.92261084e+01 2.73911254e-08 1.15364425e-03 1.18368625e-14 8.54280613e-01 1.59832333e-16 5.19810835e-01 7.61458439e-18 7.22078989e-17 7.98865991e-17 3.70329522e-21 3.19352213e-05 3.19351573e-05 2.47933412e-07 1.36334668e-02 2.29303695e-02 1.46234092e-02 2.97211958e-18 3.55879933e-18 1.73919179e-03 9.59004790e-19
2.34234234e-02 -2.44153793e-02 -2.44153668e-02 -5.56065566e-03 1.13774812e+01 1.75309155e+01 2.49371280e+01 3.12075026e+01 3.12075076e+01 3.90066292e+01 3.92261084e+01 1.44035973e-08 1.16108708e-03 1.10392878e-14 8.54963369e-01 9.50603267e-17 5.18687082e-01 1.86829003e-17 1.71578548e-17 8.08760217e-17 3.74740600e-21 3.19352213e-05 3.19351564e-05 2.47933412e-07 1.36107922e-02 2.29303695e-02 1.46001659e-02 3.82251791e-18 9.94230490e-18 1.73919179e-03 2.27537984e-18
2.35735736e-02 -2.44153793e-02 -2.44153666e-02 -5.56065559e-03 1.13466798e+01 1.75309155e+01 2.49810970e+01 3.12075026e+01 3.12075076e+01 3.90066292e+01 3.92261084e+01 9.16040088e-09 1.16852991e-03 1.29480591e-15 8.55642788e-01 1.79982346e-16 5.17565506e-01 5.11007910e-18 1.24343318e-16 2.22500152e-17 3.79190791e-21 3.19352213e-05 3.19351554e-05 2.47933412e-07 1.35881028e-02 2.29303695e-02 1.45768179e-02 3.46124118e-19 4.83596479e-18 1.73919179e-03 3.16642550e-18
2.37237237e-02 -2.44153793e-02 -2.44153663e-02 -5.56065563e-03 1.13159887e+01 1.75309155e+01 2.50249777e+01 3.12075026e+01 3.12075076e+01 3.90066292e+01 3.92261084e+01 1.86000801e-08 1.17597274e-03 5.41379438e-17 8.56318879e-01 7.02099129e-17 5.16446119e-01 7.00750938e-19 2.26030404e-17 6.79652101e-18 3.83680350e-21 3.19352213e-05 3.19351544e-05 2.47933412e-07 1.35653994e-02 2.29303695e-02 1.45533668e-02 5.80069128e-18 5.23305745e-18 1.73919179e-03 1.08843516e-17
2.38738739e-02 -2.44153793e-02 -2.44153661e-02 -5.56065562e-03 1.12854076e+01 1.75309155e+01 2.50687695e+01 3.12075026e+01 3.12075076e+01 3.90066292e+01 3.92261084e+01 1.00046563e-07 1.18341557e-03 1.22984304e-14 8.56991651e-01 5.56338809e-17 5.15328933e-01 1.89060470e-17 4.96469782e-18 5.73828773e-17 3.88209531e-21 3.19352213e-05 3.19351534e-05 2.47933412e-07 1.35426829e-02 2.29303695e-02 1.45298139e-02 5.27186318e-18 1.89272510e-18 1.73919179e-03 2.15743660e-17
2.40240240e-02 -2.44153793e-02 -2.44153659e-02 -5.56065565e-03 1.12549365e+01 1.75309155e+01 2.51124718e+01 3.12075026e+01 3.12075076e+01 3.90066292e+01 3.92261084e+01 7.85315193e-08 1.19085840e-03 1.32572041e-14 8.57661114e-01 1.28213605e-17 5.14213959e-01 1.36423942e-17 1.67557000e-16 3.33863556e-17 3.92778588e-21 3.19352213e-05 3.19351525e-05 2.47933412e-07 1.35199543e-02 2.29303695e-02 1.45061605e-02 4.10205065e-18 5.78446395e-18 1.73919179e-03 4.72689904e-18
2.41741742e-02 -2.44153793e-02 -2.44153657e-02 -5.56065563e-03 1.12245750e+01 1.75309155e+01 2.51560841e+01 3.12075026e+01 3.12075076e+01 3.90066292e+01 3.92261084e+01 8.92718673e-08 1.19830122e-03 2.78171883e-14 8.58327277e-01 1.96383725e-16 5.13101209e-01 2.73707808e-17 1.24522132e-16 9.14387746e-17 3.97387775e-21 3.19352213e-05 3.19351515e-05 2.47933412e-07 1.34972145e-02 2.29303695e-02 1.44824082e-02 3.46452607e-18 1.54010377e-17 1.73919179e-03 2.82812896e-17
2.43243243e-02 -2.44153793e-02 -2.44153655e-02 -5.56065560e-03 1.11943230e+01 1.75309155e+01 2.51996059e+01 3.12075026e+01 3.12075076e+01 3.90066292e+01 3.92261084e+01 9.30738143e-08 1.20574405e-03 7.75059353e-15 8.58990149e-01 1.21035671e-16 5.11990693e-01 1.90088470e-17 9.22920397e-17 2.68971550e-18 4.02037347e-21 3.19352213e-05 3.19351505e-05 2.47933412e-07 1.34744643e-02 2.29303695e-02 1.44585583e-02 1.52583016e-18 7.01130989e-19 1.73919179e-03 1.60834099e-18
2.44744745e-02 -2.44153793e-02 -2.44153653e-02 -5.56065568e-03 1.11641801e+01 1.75309155e+01 2.52430366e+01 3.12075026e+01 3.12075076e+01 3.90066292e+01 3.92261084e+01 5.96062163e-08 1.21318688e-03 1.65322061e-14 8.59649741e-01 4.33122986e-17 5.10882423e-01 1.76928912e-17 1.66655783e-17 1.25206357e-16 4.06727558e-21 3.19352213e-05 3.19351495e-05 2.47933412e-07 1.34517046e-02 2.29303695e-02 1.44346121e-02 1.31684889e-18 8.36427716e-18 1.73919179e-03 4.03140093e-18
2.46246246e-02 -2.44153793e-02 -2.44153650e-02 -5.56065563e-03 1.11341463e+01 1.75309155e+01 2.52863757e+01 3.12075026e+01 3.12075076e+01 3.90066292e+01 3.92261084e+01 4.71166119e-08 1.22062970e-03 6.04389202e-15 8.60306063e-01 4.56799814e-17 5.09776410e-01 3.79666484e-18 9.95690303e-17 2.29413681e-17 4.11458663e-21 3.19352213e-05 3.19351484e-05 2.47933412e-07 1.34289363e-02 2.29303695e-02 1.44105711e-02 2.20932993e-19 3.66337019e-18 1.73919179e-03 7.81319058e-18
2.47747748e-02 -2.44153793e-02 -2.44153648e-02 -5.56065564e-03 1.11042212e+01 1.75309155e+01 2.53296228e+01 3.12075026e+01 3.12075076e+01 3.90066292e+01 3.92261084e+01 1.24465659e-07 1.22807252e-03 5.17886195e-15 8.60959124e-01 7.69167557e-17 5.08672663e-01 7.92770290e-18 3.49759773e-17 3.86979467e-17 4.16230917e-21 3.19352213e-05 3.19351474e-05 2.47933412e-07 1.34061602e-02 2.29303695e-02 1.43864367e-02 7.26747017e-18 5.55407261e-18 1.73919179e-03 3.94473521e-18
2.49249249e-02 -2.44153793e-02 -2.44153646e-02 -5.56065565e-03 1.10744046e+01 1.75309155e+01 2.53727773e+01 3.12075026e+01 3.12075076e+01 3.90066292e+01 3.92261084e+01 1.09187407e-09 1.23551535e-03 1.13308751e-14 8.61608935e-01 1.36022072e-16 5.07571194e-01 3.96013245e-18 3.66105835e-18 6.37622113e-17 4.21044574e-21 3.19352213e-05 3.19351464e-05 2.47933412e-07 1.33833772e-02 2.29303695e-02 1.43622103e-02 3.43967690e-18 4.13775343e-18 1.73919179e-03 4.01410954e-17
2.50750751e-02 -2.44153793e-02 -2.44153644e-02 -5.56065569e-03 1.10446963e+01 1.75309155e+01 2.54158387e+01 3.12075026e+01 3.12075076e+01 3.90066292e+01 3.92261084e+01 4.05951415e-08 1.24295818e-03 2.05885513e-14 8.62255505e-01 1.60933472e-17 5.06472012e-01 9.90564823e-27 7.49717893e-17 1.69399841e-17 4.25899889e-21 3.19352213e-05 3.19351454e-05 2.47933412e-07 1.33605882e-02 2.29303695e-02 1.43378931e-02 3.21356022e-19 7.55816665e-18 1.73919179e-03 2.27908644e-18
2.52252252e-02 -2.44153793e-02 -2.44153641e-02 -5.56065568e-03 1.10150959e+01 1.75309155e+01 2.54588066e+01 3.12075026e+01 3.12075076e+01 3.90066292e+01 3.92261084e+01 3.19950842e-08 1.25040100e-03 1.60302540e-14 8.62898846e-01 6.38686415e-17 5.05375127e-01 1.69668606e-26 9.70238153e-17 3.02870766e-17 4.30797116e-21 3.19352213e-05 3.19351443e-05 2.47933412e-07 1.33377938e-02 2.29303695e-02 1.43134867e-02 3.15688768e-18 5.46408822e-18 1.73919179e-03 5.58641321e-17
2.53753754e-02 -2.44153793e-02 -2.44153639e-02 -5.56065565e-03 1.09856034e+01 1.75309155e+01 2.55016804e+01 3.12075026e+01 3.12075076e+01 3.90066292e+01 3.92261084e+01 1.12720109e-07 1.25784382e-03 1.14460535e-14 8.63538966e-01 1.88232834e-16 5.04280549e-01 1.55031037e-26 7.88610200e-18 7.90871713e-17 4.35736512e-21 3.19352213e-05 3.19351433e-05 2.47933412e-07 1.33149951e-02 2.29303695e-02 1.42889925e-02 4.85130862e-19 1.17420095e-18 1.73919179e-03 2.43672518e-17
2.55255255e-02 -2.44153793e-02 -2.44153637e-02 -5.56065568e-03 1.09562184e+01 1.75309155e+01 2.55444598e+01 3.12075026e+01 3.12075076e+01 3.90066292e+01 3.92261084e+01 5.80941984e-08 1.26528664e-03 7.26838991e-15 8.64175878e-01 1.54330259e-16 5.03188286e-01 3.94586924e-18 1.16701564e-18 3.66996154e-17 4.40718330e-21 3.19352213e-05 3.19351422e-05 2.47933412e-07 1.32921928e-02 2.29303695e-02 1.42644116e-02 8.72416668e-19 3.82326299e-18 1.73919179e-03 5.00650658e-18
2.56756757e-02 -2.44153793e-02 -2.44153635e-02 -5.56065565e-03 1.09269407e+01 1.75309155e+01 2.55871443e+01 3.12075026e+01 3.12075076e+01 3.90066292e+01 3.92261084e+01 1.25851015e-08 1.27272946e-03 4.93796616e-15 8.64809590e-01 1.61751514e-16 5.02098350e-01 3.94245407e-18 5.94507157e-17 1.32348383e-16 4.45742825e-21 3.19352213e-05 3.19351412e-05 2.47933412e-07 1.32693876e-02 2.29303695e-02 1.42397457e-02 3.15803913e-18 1.33751998e-17 1.73919179e-03 1.65052332e-18
2.58258258e-02 -2.44153793e-02 -2.44153632e-02 -5.56065564e-03 1.08977700e+01 1.75309155e+01 2.56297333e+01 3.12075026e+01 3.12075076e+01 3.90066292e+01 3.92261084e+01 5.82858864e-08 1.28017228e-03 9.60264260e-15 8.65440115e-01 1.04869317e-16 5.01010747e-01 3.93909813e-18 4.49754559e-18 6.66691529e-17 4.50810253e-21 3.19352213e-05 3.19351401e-05 2.47933412e-07 1.32465805e-02 2.29303695e-02 1.42149959e-02 1.76144893e-19 4.39128412e-18 1.73919179e-03 2.57146409e-17
2.59759760e-02 -2.44153793e-02 -2.44153630e-02 -5.56065567e-03 1.08687061e+01 1.75309155e+01 2.56722265e+01 3.12075026e+01 3.12075076e+01 3.90066292e+01 3.92261084e+01 1.01024038e-07 1.28761510e-03 3.40848391e-14 8.66067462e-01 9.52673101e-17 4.99925488e-01 3.93580098e-18 1.37142444e-16 6.24490185e-17 4.55920870e-21 3.19352213e-05 3.19351391e-05 2.47933412e-07 1.32237721e-02 2.29303695e-02 1.41901638e-02 1.14987051e-18 1.79291690e-17 1.73919179e-03 2.44501438e-18
2.61261261e-02 -2.44153793e-02 -2.44153628e-02 -5.56065570e-03 1.08397487e+01 1.75309155e+01 2.57146235e+01 3.12075026e+01 3.12075076e+01 3.90066292e+01 3.92261084e+01 8.09088088e-08 1.29505792e-03 2.78875702e-14 8.66691642e-01 5.05227600e-17 4.98842581e-01 2.57419027e-27 6.48677742e-17 1.12214898e-17 4.61074929e-21 3.19352213e-05 3.19351380e-05 2.47933412e-07 1.32009633e-02 2.29303695e-02 1.41652505e-02 1.49563409e-18 6.26934586e-18 1.73919179e-03 2.55025116e-17
2.62762763e-02 -2.44153793e-02 -2.44153625e-02 -5.56065563e-03 1.08108976e+01 1.75309155e+01 2.57569238e+01 3.12075026e+01 3.12075076e+01 3.90066292e+01 3.92261084e+01 1.20743530e-08 1.30250074e-03 4.62654749e-15 8.67312667e-01 6.51479419e-17 4.97762033e-01 4.39403917e-27 7.14076029e-19 5.00603380e-17 4.66272687e-21 3.19352213e-05 3.19351369e-05 2.47933412e-07 1.31781548e-02 2.29303695e-02 1.41402576e-02 3.98811994e-18 4.97969204e-18 1.73919179e-03 2.71428638e-18
2.64264264e-02 -2.44153793e-02 -2.44153623e-02 -5.56065566e-03 1.07821524e+01 1.75309155e+01 2.57991269e+01 3.12075026e+01 3.12075076e+01 3.90066292e+01 3.92261084e+01 7.86855723e-09 1.30994356e-03 2.09692957e-14 8.67930546e-01 2.25271214e-17 4.96683854e-01 3.74997666e-18 3.53269109e-17 9.46273064e-17 4.71514400e-21 3.19352213e-05 3.19351358e-05 2.47933412e-07 1.31553474e-02 2.29303695e-02 1.41151863e-02 6.90344618e-18 7.83040547e-18 1.73919179e-03 3.47348078e-17
2.65765766e-02 -2.44153793e-02 -2.44153620e-02 -5.56065561e-03 1.07535130e+01 1.75309155e+01 2.58412326e+01 3.12075026e+01 3.12075076e+01 3.90066292e+01 3.92261084e+01 1.24143229e-08 1.31738637e-03 2.46318706e-15 8.68545292e-01 2.58156448e-18 4.95608052e-01 2.62864229e-27 3.74867626e-17 1.27779165e-16 4.76800321e-21 3.19352213e-05 3.19351347e-05 2.47933412e-07 1.31325419e-02 2.29303695e-02 1.40900381e-02 6.36226815e-18 7.90833410e-18 1.73919179e-03 2.27314866e-17
2.67267267e-02 -2.44153793e-02 -2.44153618e-02 -5.56065564e-03 1.07249790e+01 1.75309155e+01 2.58832403e+01 3.12075026e+01 3.12075076e+01 3.90066292e+01 3.92261084e+01 6.21389818e-08 1.32482919e-03 1.32965982e-14 8.69156914e-01 4.44040649e-17 4.94534633e-01 2.15315405e-28 1.51555148e-17 7.38452925e-17 4.82130708e-21 3.19352213e-05 3.19351336e-05 2.47933412e-07 1.31097390e-02 2.29303695e-02 1.40648142e-02 6.34974481e-18 9.16988631e-18 1.73919179e-03 3.56323753e-18
2.68768769e-02 -2.44153793e-02 -2.44153616e-02 -5.56065566e-03 1.06965502e+01 1.75309155e+01 2.59251497e+01 3.12075026e+01 3.12075076e+01 3.90066292e+01 3.92261084e+01 5.75896686e-08 1.33227200e-03 1.22520604e-14 8.69765425e-01 4.75188192e-17 4.93463606e-01 1.79298301e-26 4.47600856e-17 9.26990513e-17 4.87505815e-21 3.19352213e-05 3.19351325e-05 2.47933412e-07 1.30869393e-02 2.29303695e-02 1.40395160e-02 4.06167865e-18 8.11455731e-18 1.73919179e-03 8.69166457e-18
2.70270270e-02 -2.44153793e-02 -2.44153613e-02 -5.56065563e-03 1.06682263e+01 1.75309155e+01 2.59669604e+01 3.12075026e+01 3.12075076e+01 3.90066292e+01 3.92261084e+01 2.56746519e-08 1.33971481e-03 1.30677005e-14 8.70370835e-01 5.61400937e-17 4.92394978e-01 1.71237317e-26 5.37479711e-17 8.64674860e-17 4.92925899e-21 3.19352213e-05 3.19351314e-05 2.47933412e-07 1.30641437e-02 2.29303695e-02 1.40141448e-02 1.23501363e-18 1.11607728e-17 1.73919179e-03 9.93817111e-18
2.71771772e-02 -2.44153793e-02 -2.44153611e-02 -5.56065572e-03 1.06400070e+01 1.75309155e+01 2.60086721e+01 3.12075026e+01 3.12075076e+01 3.90066292e+01 3.92261084e+01 7.42718824e-08 1.34715763e-03 1.75737768e-15 8.70973156e-01 4.76570142e-17 4.91328756e-01 3.91148284e-18 7.23696017e-17 8.12440614e-17 4.98391214e-21 3.19352213e-05 3.19351303e-05 2.47933412e-07 1.30413529e-02 2.29303695e-02 1.39887019e-02 8.74685170e-19 4.71985741e-18 1.73919179e-03 2.55208217e-17
2.73273273e-02 -2.44153793e-02 -2.44153608e-02 -5.56065569e-03 1.06118921e+01 1.75309155e+01 2.60502842e+01 3.12075026e+01 3.12075076e+01 3.90066292e+01 3.92261084e+01 2.82898307e-09 1.35460044e-03 2.27821291e-15 8.71572399e-01 7.74361478e-17 4.90264947e-01 3.90869374e-18 1.30789309e-16 4.40085411e-17 5.03902018e-21 3.19352213e-05 3.19351292e-05 2.47933412e-07 1.30185676e-02 2.29303695e-02 1.39631888e-02 1.74544533e-18 3.55134788e-18 1.73919179e-03 1.57769965e-17
2.74774775e-02 -2.44153793e-02 -2.44153606e-02 -5.56065561e-03 1.05838812e+01 1.75309155e+01 2.60917966e+01 3.12075026e+01 3.12075076e+01 3.90066292e+01 3.92261084e+01 4.92904297e-08 1.36204325e-03 1.43012028e-14 8.72168575e-01 6.37655051e-17 4.89203558e-01 2.46951464e-26 7.33305209e-17 3.53208978e-18 5.09458566e-21 3.19352213e-05 3.19351280e-05 2.47933412e-07 1.29957884e-02 2.29303695e-02 1.39376067e-02 8.83961238e-19 6.57638542e-18 1.73919179e-03 1.96100299e-17
2.76276276e-02 -2.44153793e-02 -2.44153603e-02 -5.56065565e-03 1.05559742e+01 1.75309155e+01 2.61332088e+01 3.12075026e+01 3.12075076e+01 3.90066292e+01 3.92261084e+01 1.43508947e-09 1.36948606e-03 6.46008036e-15 8.72761696e-01 9.66454214e-17 4.88144596e-01 3.90327820e-18 1.52051458e-16 5.32379184e-17 5.15061113e-21 3.19352213e-05 3.19351269e-05 2.47933412e-07 1.29730162e-02 2.29303695e-02 1.39119569e-02 8.70746839e-19 7.52031696e-18 1.73919179e-03 4.33391737e-17
2.77777778e-02 -2.44153793e-02 -2.44153601e-02 -5.56065569e-03 1.05281707e+01 1.75309155e+01 2.61745205e+01 3.12075026e+01 3.12075076e+01 3.90066292e+01 3.92261084e+01 3.51452412e-08 1.37692887e-03 2.13547557e-14 8.73351773e-01 9.24489281e-18 4.87088067e-01 5.57692395e-27 6.00151049e-17 3.34327114e-17 5.20709916e-21 3.19352213e-05 3.19351258e-05 2.47933412e-07 1.29502514e-02 2.29303695e-02 1.38862407e-02 2.88189032e-18 8.50035361e-18 1.73919179e-03 1.78550665e-17
2.79279279e-02 -2.44153793e-02 -2.44153598e-02 -5.56065568e-03 1.05004703e+01 1.75309155e+01 2.62157313e+01 3.12075026e+01 3.12075076e+01 3.90066292e+01 3.92261084e+01 2.92966127e-08 1.38437168e-03 4.88154583e-14 8.73938817e-01 9.84028690e-17 4.86033977e-01 1.07253779e-26 5.52696563e-17 1.79396669e-16 5.26405232e-21 3.19352213e-05 3.19351246e-05 2.47933412e-07 1.29274949e-02 2.29303695e-02 1.38604595e-02 4.99404083e-18 1.01544981e-17 1.73919179e-03 6.51496252e-18
2.80780781e-02 -2.44153793e-02 -2.44153596e-02 -5.56065562e-03 1.04728730e+01 1.75309155e+01 2.62568409e+01 3.12075026e+01 3.12075076e+01 3.90066292e+01 3.92261084e+01 7.50770602e-08 1.39181449e-03 1.13520791e-14 8.74522841e-01 1.02949781e-16 4.84982332e-01 7.11081649e-27 7.04177349e-17 7.99793350e-17 5.32147316e-21 3.19352213e-05 3.19351235e-05 2.47933412e-07 1.29047473e-02 2.29303695e-02 1.38346145e-02 3.98687789e-18 1.17709514e-17 1.73919179e-03 1.27154424e-17
2.82282282e-02 -2.44153793e-02 -2.44153593e-02 -5.56065567e-03 1.04453783e+01 1.75309155e+01 2.62978490e+01 3.12075026e+01 3.12075076e+01 3.90066292e+01 3.92261084e+01 3.83133274e-09 1.39925730e-03 5.58214383e-15 8.75103856e-01 7.50916950e-18 4.83933139e-01 3.89308636e-18 5.09935369e-17 2.33808981e-17 5.37936425e-21 3.19352213e-05 3.19351223e-05 2.47933412e-07 1.28820093e-02 2.29303695e-02 1.38087070e-02 1.42442579e-18 5.59439102e-18 1.73919179e-03 5.40085828e-17
2.83783784e-02 -2.44153793e-02 -2.44153591e-02 -5.56065562e-03 1.04179859e+01 1.75309155e+01 2.63387553e+01 3.12075026e+01 3.12075076e+01 3.90066292e+01 3.92261084e+01 8.08155083e-08 1.40670010e-03 1.20914708e-14 8.75681874e-01 7.11736449e-17 4.82886402e-01 3.89066944e-18 1.74158638e-16 8.92533937e-17 5.43772814e-21 3.19352213e-05 3.19351211e-05 2.47933412e-07 1.28592815e-02 2.29303695e-02 1.37827384e-02 2.25246270e-18 1.42094707e-17 1.73919179e-03 4.47832736e-17
2.85285285e-02 -2.44153793e-02 -2.44153588e-02 -5.56065566e-03 1.03906956e+01 1.75309155e+01 2.63795594e+01 3.12075026e+01 3.12075076e+01 3.90066292e+01 3.92261084e+01 1.47052497e-08 1.41414291e-03 1.54142078e-14 8.76256906e-01 1.09890947e-16 4.81842127e-01 3.88830426e-18 1.69989235e-16 2.84050567e-17 5.49656742e-21 3.19352213e-05 3.19351200e-05 2.47933412e-07 1.28365645e-02 2.29303695e-02 1.37567099e-02 2.32453372e-18 4.21022747e-18 1.73919179e-03 2.58922429e-18
2.86786787e-02 -2.44153793e-02 -2.44153586e-02 -5.56065567e-03 1.03635071e+01 1.75309155e+01 2.64202610e+01 3.12075026e+01 3.12075076e+01 3.90066292e+01 3.92261084e+01 9.83365646e-08 1.42158571e-03 7.22529227e-15 8.76828963e-01 3.76393529e-17 4.80800320e-01 2.80478886e-27 6.47040941e-17 3.98964840e-17 5.55588464e-21 3.19352213e-05 3.19351188e-05 2.47933412e-07 1.28138590e-02 2.29303695e-02 1.37306228e-02 1.78258728e-18 2.70152074e-18 1.73919179e-03 4.44366303e-17
2.88288288e-02 -2.44153793e-02 -2.44153583e-02 -5.56065570e-03 1.03364200e+01 1.75309155e+01 2.64608599e+01 3.12075026e+01 3.12075076e+01 3.90066292e+01 3.92261084e+01 2.25189868e-08 1.42902852e-03 9.76999664e-15 8.77398059e-01 7.45994465e-17 4.79760986e-01 3.69851924e-18 7.39706763e-17 1.09661574e-16 5.61568236e-21 3.19352213e-05 3.19351176e-05 2.47933412e-07 1.27911657e-02 2.29303695e-02 1.37044784e-02 2.07093451e-18 2.79020561e-18 1.73919179e-03 1.94015120e-17
2.89789790e-02 -2.44153793e-02 -2.44153580e-02 -5.56065569e-03 1.03094342e+01 1.75309155e+01 2.65013558e+01 3.12075026e+01 3.12075076e+01 3.90066292e+01 3.92261084e+01 1.09408428e-07 1.43647132e-03 4.00871736e-14 8.77964205e-01 2.32298999e-17 4.78724129e-01 9.95968743e-27 4.82360371e-18 1.36432020e-16 5.67596317e-21 3.19352213e-05 3.19351164e-05 2.47933412e-07 1.27684850e-02 2.29303695e-02 1.36782779e-02 2.88178192e-18 7.53873172e-18 1.73919179e-03 1.98167851e-17
2.91291291e-02 -2.44153793e-02 -2.44153578e-02 -5.56065566e-03 1.02825492e+01 1.75309155e+01 2.65417483e+01 3.12075026e+01 3.12075076e+01 3.90066292e+01 3.92261084e+01 1.36345973e-08 1.44391412e-03 2.03514154e-14 8.78527412e-01 1.95237093e-16 4.77689755e-01 3.69285371e-18 5.50543785e-17 1.19416910e-16 5.73672961e-21 3.19352213e-05 3.19351152e-05 2.47933412e-07 1.27458177e-02 2.29303695e-02 1.36520225e-02 9.45798783e-19 7.87129292e-18 1.73919179e-03 2.76005743e-17
2.92792793e-02 -2.44153793e-02 -2.44153575e-02 -5.56065561e-03 1.02557648e+01 1.75309155e+01 2.65820373e+01 3.12075026e+01 3.12075076e+01 3.90066292e+01 3.92261084e+01 4.23677323e-08 1.45135692e-03 2.37028279e-14 8.79087692e-01 5.07648212e-17 4.76657867e-01 3.87724326e-18 1.00691393e-16 5.56631467e-17 5.79798426e-21 3.19352213e-05 3.19351140e-05 2.47933412e-07 1.27231644e-02 2.29303695e-02 1.36257137e-02 6.35396021e-18 6.41544488e-18 1.73919179e-03 2.57101998e-17
2.94294294e-02 -2.44153793e-02 -2.44153572e-02 -5.56065571e-03 1.02290807e+01 1.75309155e+01 2.66222224e+01 3.12075026e+01 3.12075076e+01 3.90066292e+01 3.92261084e+01 1.18741661e-08 1.45879973e-03 2.47794004e-14 8.79645059e-01 4.10296422e-17 4.75628472e-01 3.68734462e-18 1.07187899e-16 2.12284003e-17 5.85972970e-21 3.19352213e-05 3.19351128e-05 2.47933412e-07 1.27005256e-02 2.29303695e-02 1.35993525e-02 2.52981578e-18 6.78015971e-18 1.73919179e-03 4.39773257e-19
2.95795796e-02 -2.44153793e-02 -2.44153570e-02 -5.56065570e-03 1.02024965e+01 1.75309155e+01 2.66623033e+01 3.12075026e+01 3.12075076e+01 3.90066292e+01 3.92261084e+01 7.62411740e-08 1.46624252e-03 3.26037212e-15 8.80199522e-01 7.96902986e-17 4.74601571e-01 4.40790231e-26 1.63980019e-16 9.83924027e-17 5.92196849e-21 3.19352213e-05 3.19351116e-05 2.47933412e-07 1.26779019e-02 2.29303695e-02 1.35729402e-02 4.34900957e-18 6.73308705e-18 1.73919179e-03 5.53181752e-17
2.97297297e-02 -2.44153793e-02 -2.44153567e-02 -5.56065568e-03 1.01760120e+01 1.75309155e+01 2.67022799e+01 3.12075026e+01 3.12075076e+01 3.90066292e+01 3.92261084e+01 1.89510785e-08 1.47368532e-03 1.79002764e-14 8.80751095e-01 1.04636484e-16 4.73577171e-01 4.65428224e-28 2.39520060e-17 1.40374481e-17 5.98470320e-21 3.19352213e-05 3.19351104e-05 2.47933412e-07 1.26552939e-02 2.29303695e-02 1.35464782e-02 1.25475027e-18 9.33541245e-18 1.73919179e-03 3.27347633e-17
2.98798799e-02 -2.44153793e-02 -2.44153564e-02 -5.56065566e-03 1.01496269e+01 1.75309155e+01 2.67421519e+01 3.12075026e+01 3.12075076e+01 3.90066292e+01 3.92261084e+01 4.54026245e-08 1.48112812e-03 2.13979231e-14 8.81299790e-01 9.22752948e-17 4.72555274e-01 3.86929512e-18 8.13687944e-17 1.88436992e-16 6.04793640e-21 3.19352213e-05 3.19351091e-05 2.47933412e-07 1.26327022e-02 2.29303695e-02 1.35199675e-02 8.08728256e-18 2.45444839e-18 1.73919179e-03 3.59364967e-17
3.00300300e-02 -2.44153793e-02 -2.44153562e-02 -5.56065566e-03 1.01233409e+01 1.75309155e+01 2.67819190e+01 3.12075026e+01 3.12075076e+01 3.90066292e+01 3.92261084e+01 3.58406814e-08 1.48857092e-03 2.50156312e-14 8.81845618e-01 6.39293094e-17 4.71535885e-01 3.86743106e-18 6.93543632e-17 7.15166086e-18 6.11167068e-21 3.19352213e-05 3.19351079e-05 2.47933412e-07 1.26101274e-02 2.29303695e-02 1.34934094e-02 1.15023015e-18 6.22740636e-18 1.73919179e-03 5.34633360e-18
3.01801802e-02 -2.44153793e-02 -2.44153559e-02 -5.56065560e-03 1.00971536e+01 1.75309155e+01 2.68215810e+01 3.12075026e+01 3.12075076e+01 3.90066292e+01 3.92261084e+01 5.41482006e-08 1.49601372e-03 8.37916549e-15 8.82388592e-01 8.85365167e-17 4.70519006e-01 7.05983806e-28 2.42447863e-17 1.98467182e-17 6.17590860e-21 3.19352213e-05 3.19351066e-05 2.47933412e-07 1.25875699e-02 2.29303695e-02 1.34668052e-02 4.32523583e-20 5.40871886e-18 1.73919179e-03 2.67414858e-17
3.03303303e-02 -2.44153793e-02 -2.44153556e-02 -5.56065568e-03 1.00710647e+01 1.75309155e+01 2.68611377e+01 3.12075026e+01 3.12075076e+01 3.90066292e+01 3.92261084e+01 7.24953850e-08 1.50345651e-03 2.96368986e-14 8.82928723e-01 1.41505678e-16 4.69504642e-01 3.86384908e-18 7.29533416e-17 1.39104355e-16 6.24065274e-21 3.19352213e-05 3.19351054e-05 2.47933412e-07 1.25650304e-02 2.29303695e-02 1.34401560e-02 5.24324814e-18 8.57104714e-18 1.73919179e-03 2.88970400e-17
3.04804805e-02 -2.44153793e-02 -2.44153554e-02 -5.56065570e-03 1.00450740e+01 1.75309155e+01 2.69005889e+01 3.12075026e+01 3.12075076e+01 3.90066292e+01 3.92261084e+01 8.05210700e-08 1.51089931e-03 2.14737539e-14 8.83466025e-01 1.71345566e-17 4.68492796e-01 4.33137058e-27 4.03111792e-19 2.92379081e-17 6.30590567e-21 3.19352213e-05 3.19351041e-05 2.47933412e-07 1.25425093e-02 2.29303695e-02 1.34134631e-02 1.77398756e-18 5.42126032e-18 1.73919179e-03 2.33243278e-17
3.06306306e-02 -2.44153793e-02 -2.44153551e-02 -5.56065567e-03 1.00191811e+01 1.75309155e+01 2.69399343e+01 3.12075026e+01 3.12075076e+01 3.90066292e+01 3.92261084e+01 3.55271879e-09 1.51834210e-03 8.54567247e-15 8.84000508e-01 6.36157889e-17 4.67483471e-01 1.04834358e-26 9.11125725e-17 3.13012064e-17 6.37166996e-21 3.19352213e-05 3.19351029e-05 2.47933412e-07 1.25200073e-02 2.29303695e-02 1.33867276e-02 5.52029122e-18 1.98890746e-18 1.73919179e-03 4.56049986e-17
3.07807808e-02 -2.44153793e-02 -2.44153548e-02 -5.56065571e-03 9.99338573e+00 1.75309155e+01 2.69791737e+01 3.12075026e+01 3.12075076e+01 3.90066292e+01 3.92261084e+01 5.69103861e-08 1.52578489e-03 3.94860375e-14 8.84532186e-01 3.37923029e-17 4.66476669e-01 3.85883847e-18 1.15804204e-16 1.09177317e-16 6.43794821e-21 3.19352213e-05 3.19351016e-05 2.47933412e-07 1.24975248e-02 2.29303695e-02 1.33599507e-02 3.71076402e-18 1.31739301e-17 1.73919179e-03 1.92374472e-18
3.09309309e-02 -2.44153793e-02 -2.44153545e-02 -5.56065564e-03 9.96768753e+00 1.75309155e+01 2.70183070e+01 3.12075026e+01 3.12075076e+01 3.90066292e+01 3.92261084e+01 7.55882267e-08 1.53322768e-03 2.66562657e-14 8.85061071e-01 2.64138132e-18 4.65472394e-01 1.22739001e-26 1.20494568e-16 4.93389923e-17 6.50474298e-21 3.19352213e-05 3.19351003e-05 2.47933412e-07 1.24750624e-02 2.29303695e-02 1.33331336e-02 1.15170908e-18 7.37000338e-18 1.73919179e-03 8.23299198e-18
3.10810811e-02 -2.44153793e-02 -2.44153543e-02 -5.56065565e-03 9.94208621e+00 1.75309155e+01 2.70573340e+01 3.12075026e+01 3.12075076e+01 3.90066292e+01 3.92261084e+01 5.99682088e-08 1.54067048e-03 2.83177155e-14 8.85587174e-01 8.11142350e-18 4.64470649e-01 3.41935722e-26 2.28783059e-16 1.08218026e-16 6.57205684e-21 3.19352213e-05 3.19350991e-05 2.47933412e-07 1.24526205e-02 2.29303695e-02 1.33062776e-02 1.70039526e-18 8.57480251e-18 1.73919179e-03 2.25779003e-17
3.12312312e-02 -2.44153793e-02 -2.44153540e-02 -5.56065562e-03 9.91658146e+00 1.75309155e+01 2.70962544e+01 3.12075026e+01 3.12075076e+01 3.90066292e+01 3.92261084e+01 4.28406275e-08 1.54811327e-03 2.95971809e-14 8.86110508e-01 8.71940316e-17 4.63471435e-01 3.85425915e-18 1.65798090e-16 2.23530470e-17 6.63989240e-21 3.19352213e-05 3.19350978e-05 2.47933412e-07 1.24301997e-02 2.29303695e-02 1.32793836e-02 2.06522865e-18 8.25960577e-18 1.73919179e-03 6.45921856e-17
3.13813814e-02 -2.44153793e-02 -2.44153537e-02 -5.56065572e-03 9.89117296e+00 1.75309155e+01 2.71350681e+01 3.12075026e+01 3.12075076e+01 3.90066292e+01 3.92261084e+01 8.95692582e-08 1.55555605e-03 6.05759816e-15 8.86631085e-01 2.38049332e-18 4.62474754e-01 3.85282798e-18 7.49564763e-17 7.03240770e-17 6.70825222e-21 3.19352213e-05 3.19350965e-05 2.47933412e-07 1.24078005e-02 2.29303695e-02 1.32524530e-02 2.12962191e-18 2.04952905e-18 1.73919179e-03 7.84596676e-19
3.15315315e-02 -2.44153793e-02 -2.44153534e-02 -5.56065565e-03 9.86586039e+00 1.75309155e+01 2.71737749e+01 3.12075026e+01 3.12075076e+01 3.90066292e+01 3.92261084e+01 3.95947989e-08 1.56299885e-03 1.87794399e-14 8.87148918e-01 1.46837153e-16 4.61480611e-01 3.85144433e-18 1.16052035e-16 3.29700390e-17 6.77713889e-21 3.19352213e-05 3.19350952e-05 2.47933412e-07 1.23854233e-02 2.29303695e-02 1.32254868e-02 1.77257830e-18 8.42380303e-18 1.73919179e-03 4.46755845e-17
3.16816817e-02 -2.44153793e-02 -2.44153531e-02 -5.56065565e-03 9.84064343e+00 1.75309155e+01 2.72123747e+01 3.12075026e+01 3.12075076e+01 3.90066292e+01 3.92261084e+01 4.50774053e-08 1.57044163e-03 1.40563016e-14 8.87664019e-01 8.56035993e-18 4.60489005e-01 1.63387619e-26 1.02240591e-16 9.10113368e-17 6.84655498e-21 3.19352213e-05 3.19350939e-05 2.47933412e-07 1.23630687e-02 2.29303695e-02 1.31984862e-02 7.94593665e-19 3.11400942e-18 1.73919179e-03 2.53166843e-18
3.18318318e-02 -2.44153793e-02 -2.44153528e-02 -5.56065567e-03 9.81552177e+00 1.75309155e+01 2.72508673e+01 3.12075026e+01 3.12075076e+01 3.90066292e+01 3.92261084e+01 4.00613807e-08 1.57788442e-03 2.39397714e-14 8.88176399e-01 6.86030612e-17 4.59499939e-01 2.43036198e-27 2.69885451e-17 7.47393044e-17 6.91650308e-21 3.19352213e-05 3.19350926e-05 2.47933412e-07 1.23407370e-02 2.29303695e-02 1.31714523e-02 1.24216006e-18 3.15789233e-18 1.73919179e-03 2.83777744e-18
3.19819820e-02 -2.44153793e-02 -2.44153525e-02 -5.56065572e-03 9.79049508e+00 1.75309155e+01 2.72892526e+01 3.12075026e+01 3.12075076e+01 3.90066292e+01 3.92261084e+01 1.30830940e-07 1.58532720e-03 4.63697772e-14 8.88686072e-01 6.14412770e-17 4.58513416e-01 3.84757788e-18 2.06596539e-17 8.76883311e-17 6.98698578e-21 3.19352213e-05 3.19350913e-05 2.47933412e-07 1.23184289e-02 2.29303695e-02 1.31443863e-02 2.33659647e-18 1.91317072e-17 1.73919179e-03 2.38880910e-18
3.21321321e-02 -2.44153793e-02 -2.44153523e-02 -5.56065571e-03 9.76556305e+00 1.75309155e+01 2.73275303e+01 3.12075026e+01 3.12075076e+01 3.90066292e+01 3.92261084e+01 3.59725022e-08 1.59276999e-03 3.37767892e-14 8.89193049e-01 8.59480695e-17 4.57529436e-01 1.10078612e-26 8.57745491e-17 7.09794524e-17 7.05800566e-21 3.19352213e-05 3.19350900e-05 2.47933412e-07 1.22961446e-02 2.29303695e-02 1.31172893e-02 4.89188073e-18 6.77217467e-18 1.73919179e-03 3.47132675e-18
3.22822823e-02 -2.44153793e-02 -2.44153520e-02 -5.56065564e-03 9.74072536e+00 1.75309155e+01 2.73657004e+01 3.12075026e+01 3.12075076e+01 3.90066292e+01 3.92261084e+01 1.02746461e-07 1.60021277e-03 6.67305356e-15 8.89697343e-01 1.62385487e-16 4.56548001e-01 3.84523706e-18 1.89416933e-17 1.86247093e-17 7.12956531e-21 3.19352213e-05 3.19350886e-05 2.47933412e-07 1.22738848e-02 2.29303695e-02 1.30901624e-02 5.99553274e-19 1.12287980e-17 1.73919179e-03 1.16765840e-17
3.24324324e-02 -2.44153793e-02 -2.44153517e-02 -5.56065566e-03 9.71598168e+00 1.75309155e+01 2.74037627e+01 3.12075026e+01 3.12075076e+01 3.90066292e+01 3.92261084e+01 2.17873796e-10 1.60765556e-03 8.78765118e-15 8.90198966e-01 5.22582775e-17 4.55569112e-01 1.43625431e-27 6.99114810e-18 1.20169850e-16 7.20166731e-21 3.19352213e-05 3.19350873e-05 2.47933412e-07 1.22516497e-02 2.29303695e-02 1.30630067e-02 3.22872557e-18 2.47838906e-18 1.73919179e-03 1.34872906e-17
3.25825826e-02 -2.44153793e-02 -2.44153514e-02 -5.56065567e-03 9.69133169e+00 1.75309155e+01 2.74417172e+01 3.12075026e+01 3.12075076e+01 3.90066292e+01 3.92261084e+01 9.26786209e-08 1.61509834e-03 9.62465697e-15 8.90697931e-01 1.29178015e-16 4.54592770e-01 6.76631628e-31 1.42009605e-17 1.37773296e-17 7.27431426e-21 3.19352213e-05 3.19350859e-05 2.47933412e-07 1.22294400e-02 2.29303695e-02 1.30358233e-02 1.72095283e-18 4.73577378e-18 1.73919179e-03 1.19600443e-18
3.27327327e-02 -2.44153793e-02 -2.44153511e-02 -5.56065569e-03 9.66677507e+00 1.75309155e+01 2.74795636e+01 3.12075026e+01 3.12075076e+01 3.90066292e+01 3.92261084e+01 4.69013702e-08 1.62254112e-03 2.05420589e-14 8.91194250e-01 1.41853324e-17 4.53618977e-01 3.55866509e-26 1.94204172e-16 7.81341559e-17 7.34750873e-21 3.19352213e-05 3.19350846e-05 2.47933412e-07 1.22072559e-02 2.29303695e-02 1.30086133e-02 1.43003653e-18 7.15747246e-18 1.73919179e-03 1.42153173e-17
3.28828829e-02 -2.44153793e-02 -2.44153508e-02 -5.56065568e-03 9.64231150e+00 1.75309155e+01 2.75173019e+01 3.12075026e+01 3.12075076e+01 3.90066292e+01 3.92261084e+01 1.35771463e-08 1.62998390e-03 1.80269590e-15 8.91687934e-01 1.08164387e-17 4.52647734e-01 3.84112443e-18 2.04451035e-16 5.16384963e-17 7.42125333e-21 3.19352213e-05 3.19350832e-05 2.47933412e-07 1.21850980e-02 2.29303695e-02 1.29813778e-02 5.79651001e-18 9.35777732e-18 1.73919179e-03 2.18276261e-17
3.30330330e-02 -2.44153793e-02 -2.44153505e-02 -5.56065567e-03 9.61794066e+00 1.75309155e+01 2.75549319e+01 3.12075026e+01 3.12075076e+01 3.90066292e+01 3.92261084e+01 2.06154100e-08 1.63742668e-03 2.12408853e-14 8.92178997e-01 2.19246728e-16 4.51679041e-01 3.34546277e-26 1.62741296e-16 2.91856232e-17 7.49555064e-21 3.19352213e-05 3.19350819e-05 2.47933412e-07 1.21629666e-02 2.29303695e-02 1.29541178e-02 2.40016030e-18 8.28536119e-18 1.73919179e-03 4.83817915e-17
3.31831832e-02 -2.44153793e-02 -2.44153502e-02 -5.56065576e-03 9.59366221e+00 1.75309155e+01 2.75924536e+01 3.12075026e+01 3.12075076e+01 3.90066292e+01 3.92261084e+01 3.27919516e-08 1.64486946e-03 1.18868806e-14 8.92667451e-01 6.34187968e-17 4.50712898e-01 2.30373277e-26 1.49567521e-16 1.79022836e-17 7.57040325e-21 3.19352213e-05 3.19350805e-05 2.47933412e-07 1.21408622e-02 2.29303695e-02 1.29268344e-02 3.43450873e-18 7.74171797e-18 1.73919179e-03 4.91025203e-17
3.33333333e-02 -2.44153793e-02 -2.44153499e-02 -5.56065564e-03 9.56947584e+00 1.75309155e+01 2.76298668e+01 3.12075026e+01 3.12075076e+01 3.90066292e+01 3.92261084e+01 7.82361908e-08 1.65231223e-03 1.02894333e-14 8.93153308e-01 3.12873284e-17 4.49749307e-01 3.03211425e-26 1.66195234e-16 7.58180391e-17 7.64581376e-21 3.19352213e-05 3.19350792e-05 2.47933412e-07 1.21187851e-02 2.29303695e-02 1.28995287e-02 2.25511249e-18 7.87253094e-18 1.73919179e-03 7.19518648e-17
3.34834835e-02 -2.44153793e-02 -2.44153496e-02 -5.56065565e-03 9.54538121e+00 1.75309155e+01 2.76671715e+01 3.12075026e+01 3.12075076e+01 3.90066292e+01 3.92261084e+01 2.63942437e-08 1.65975501e-03 1.56322372e-14 8.93636579e-01 4.17243017e-17 4.48788268e-01 4.53452927e-26 1.90107801e-16 2.77010820e-17 7.72178475e-21 3.19352213e-05 3.19350778e-05 2.47933412e-07 1.20967358e-02 2.29303695e-02 1.28722017e-02 3.78526213e-18 6.43105877e-18 1.73919179e-03 1.40613049e-17
3.36336336e-02 -2.44153793e-02 -2.44153493e-02 -5.56065570e-03 9.52137802e+00 1.75309155e+01 2.77043676e+01 3.12075026e+01 3.12075076e+01 3.90066292e+01 3.92261084e+01 1.41022815e-08 1.66719779e-03 1.96375224e-14 8.94117279e-01 4.52623428e-17 4.47829780e-01 2.21655493e-26 1.35291115e-16 5.56701055e-17 7.79831883e-21 3.19352213e-05 3.19350764e-05 2.47933412e-07 1.20747146e-02 2.29303695e-02 1.28448546e-02 4.33918555e-18 9.94433012e-18 1.73919179e-03 3.74027320e-17
3.37837838e-02 -2.44153793e-02 -2.44153490e-02 -5.56065564e-03 9.49746592e+00 1.75309155e+01 2.77414550e+01 3.12075026e+01 3.12075076e+01 3.90066292e+01 3.92261084e+01 4.23070180e-09 1.67464056e-03 6.56475817e-15 8.94595418e-01 4.48857293e-17 4.46873845e-01 3.83638983e-18 1.36802025e-16 6.78422023e-17 7.87541859e-21 3.19352213e-05 3.19350750e-05 2.47933412e-07 1.20527220e-02 2.29303695e-02 1.28174882e-02 3.22923828e-18 5.00500512e-18 1.73919179e-03 2.31849110e-18
3.39339339e-02 -2.44153793e-02 -2.44153487e-02 -5.56065569e-03 9.47364460e+00 1.75309155e+01 2.77784336e+01 3.12075026e+01 3.12075076e+01 3.90066292e+01 3.92261084e+01 7.29810225e-08 1.68208333e-03 2.32427150e-14 8.95071009e-01 1.35861174e-16 4.45920463e-01 7.04622457e-27 1.09512210e-16 7.66665367e-17 7.95308662e-21 3.19352213e-05 3.19350736e-05 2.47933412e-07 1.20307583e-02 2.29303695e-02 1.27901036e-02 2.44145784e-19 7.05923824e-18 1.73919179e-03 2.21681142e-17
3.40840841e-02 -2.44153793e-02 -2.44153484e-02 -5.56065560e-03 9.44991373e+00 1.75309155e+01 2.78153034e+01 3.12075026e+01 3.12075076e+01 3.90066292e+01 3.92261084e+01 4.89826878e-08 1.68952611e-03 4.28125316e-15 8.95544065e-01 1.20525755e-16 4.44969632e-01 8.14714259e-28 1.05985354e-16 2.67867567e-17 8.03132553e-21 3.19352213e-05 3.19350722e-05 2.47933412e-07 1.20088238e-02 2.29303695e-02 1.27627019e-02 4.34054710e-18 4.38627189e-18 1.73919179e-03 5.42873464e-17
3.42342342e-02 -2.44153793e-02 -2.44153481e-02 -5.56065567e-03 9.42627298e+00 1.75309155e+01 2.78520643e+01 3.12075026e+01 3.12075076e+01 3.90066292e+01 3.92261084e+01 3.10724006e-08 1.69696888e-03 3.18494824e-14 8.96014597e-01 5.58286416e-17 4.44021353e-01 6.77507273e-27 9.25097525e-17 5.10427580e-17 8.11013790e-21 3.19352213e-05 3.19350708e-05 2.47933412e-07 1.19869190e-02 2.29303695e-02 1.27352841e-02 5.51984072e-18 7.54186291e-18 1.73919179e-03 1.42744411e-17
3.43843844e-02 -2.44153793e-02 -2.44153478e-02 -5.56065573e-03 9.40272202e+00 1.75309155e+01 2.78887162e+01 3.12075026e+01 3.12075076e+01 3.90066292e+01 3.92261084e+01 3.16619624e-08 1.70441165e-03 1.87971777e-15 8.96482618e-01 7.27504285e-18 4.43075625e-01 4.93716181e-27 7.02571083e-17 3.47128657e-17 8.18952635e-21 3.19352213e-05 3.19350694e-05 2.47933412e-07 1.19650443e-02 2.29303695e-02 1.27078511e-02 1.30376406e-18 1.45422925e-18 1.73919179e-03 1.75290055e-17
3.45345345e-02 -2.44153793e-02 -2.44153475e-02 -5.56065570e-03 9.37926054e+00 1.75309155e+01 2.79252591e+01 3.12075026e+01 3.12075076e+01 3.90066292e+01 3.92261084e+01 1.18956265e-07 1.71185441e-03 3.49154903e-15 8.96948141e-01 1.13340451e-16 4.42132449e-01 3.83378543e-18 1.39097768e-16 7.38296973e-17 8.26949347e-21 3.19352213e-05 3.19350680e-05 2.47933412e-07 1.19431999e-02 2.29303695e-02 1.26804040e-02 3.50553465e-18 8.52187642e-18 1.73919179e-03 3.33932466e-18
3.46846847e-02 -2.44153793e-02 -2.44153471e-02 -5.56065563e-03 9.35588820e+00 1.75309155e+01 2.79616930e+01 3.12075026e+01 3.12075076e+01 3.90066292e+01 3.92261084e+01 8.92198822e-08 1.71929718e-03 5.44861800e-15 8.97411176e-01 7.13664935e-17 4.41191823e-01 8.64174308e-26 1.54756523e-16 4.20831471e-17 8.35004186e-21 3.19352213e-05 3.19350665e-05 2.47933412e-07 1.19213862e-02 2.29303695e-02 1.26529438e-02 2.60201840e-18 8.28960323e-18 1.73919179e-03 2.70341344e-17
3.48348348e-02 -2.44153793e-02 -2.44153468e-02 -5.56065569e-03 9.33260467e+00 1.75309155e+01 2.79980177e+01 3.12075026e+01 3.12075076e+01 3.90066292e+01 3.92261084e+01 2.96948270e-08 1.72673995e-03 4.94171803e-14 8.97871737e-01 5.30136513e-17 4.40253747e-01 3.83309426e-18 2.25699206e-16 1.11661698e-16 8.43117413e-21 3.19352213e-05 3.19350651e-05 2.47933412e-07 1.18996035e-02 2.29303695e-02 1.26254713e-02 6.69843897e-18 7.06912336e-18 1.73919179e-03 1.93144867e-18
3.49849850e-02 -2.44153793e-02 -2.44153465e-02 -5.56065568e-03 9.30940964e+00 1.75309155e+01 2.80342334e+01 3.12075026e+01 3.12075076e+01 3.90066292e+01 3.92261084e+01 9.36700573e-10 1.73418272e-03 6.64520254e-15 8.98329836e-01 3.95386506e-17 4.39318220e-01 1.09773097e-26 6.88002370e-17 1.14767002e-16 8.51289287e-21 3.19352213e-05 3.19350637e-05 2.47933412e-07 1.18778523e-02 2.29303695e-02 1.25979877e-02 5.17352275e-18 4.48452234e-18 1.73919179e-03 5.27068891e-19
3.51351351e-02 -2.44153793e-02 -2.44153462e-02 -5.56065571e-03 9.28630277e+00 1.75309155e+01 2.80703398e+01 3.12075026e+01 3.12075076e+01 3.90066292e+01 3.92261084e+01 5.23207698e-08 1.74162549e-03 3.70746574e-15 8.98785484e-01 6.90353303e-17 4.38385241e-01 2.41566480e-27 9.20419319e-17 1.31240884e-17 8.59520069e-21 3.19352213e-05 3.19350622e-05 2.47933412e-07 1.18561327e-02 2.29303695e-02 1.25704938e-02 7.18289492e-18 1.27140096e-17 1.73919179e-03 3.28201543e-17
3.52852853e-02 -2.44153793e-02 -2.44153459e-02 -5.56065567e-03 9.26328373e+00 1.75309155e+01 2.81063371e+01 3.12075026e+01 3.12075076e+01 3.90066292e+01 3.92261084e+01 1.07210632e-08 1.74906825e-03 3.80320961e-15 8.99238695e-01 4.00178633e-17 4.37454809e-01 3.83244359e-18 1.19325675e-16 1.74325534e-17 8.67810020e-21 3.19352213e-05 3.19350608e-05 2.47933412e-07 1.18344452e-02 2.29303695e-02 1.25429907e-02 5.16844923e-18 5.35677181e-18 1.73919179e-03 1.87203025e-18
3.54354354e-02 -2.44153793e-02 -2.44153456e-02 -5.56065565e-03 9.24035220e+00 1.75309155e+01 2.81422252e+01 3.12075026e+01 3.12075076e+01 3.90066292e+01 3.92261084e+01 4.54395898e-08 1.75651101e-03 1.02078552e-14 8.99689480e-01 1.60429031e-16 4.36526923e-01 6.58103331e-26 2.76124496e-16 2.43487385e-17 8.76159400e-21 3.19352213e-05 3.19350593e-05 2.47933412e-07 1.18127901e-02 2.29303695e-02 1.25154792e-02 1.97768203e-18 1.45141818e-17 1.73919179e-03 3.82891569e-17
3.55855856e-02 -2.44153793e-02 -2.44153452e-02 -5.56065566e-03 9.21750785e+00 1.75309155e+01 2.81780041e+01 3.12075026e+01 3.12075076e+01 3.90066292e+01 3.92261084e+01 1.67215380e-08 1.76395378e-03 7.12011904e-15 9.00137851e-01 4.93343939e-17 4.35601582e-01 3.25118851e-26 1.12799016e-16 6.98536490e-17 8.84568471e-21 3.19352213e-05 3.19350578e-05 2.47933412e-07 1.17911677e-02 2.29303695e-02 1.24879603e-02 1.42216589e-18 7.30517594e-18 1.73919179e-03 1.09179589e-17
3.57357357e-02 -2.44153793e-02 -2.44153449e-02 -5.56065568e-03 9.19475036e+00 1.75309155e+01 2.82136737e+01 3.12075026e+01 3.12075076e+01 3.90066292e+01 3.92261084e+01 3.47587858e-08 1.77139654e-03 7.39232070e-15 9.00583820e-01 3.44301504e-17 4.34678784e-01 7.50602740e-27 9.88004420e-17 2.09244787e-17 8.93037492e-21 3.19352213e-05 3.19350564e-05 2.47933412e-07 1.17695782e-02 2.29303695e-02 1.24604350e-02 7.53115275e-18 7.38398405e-18 1.73919179e-03 1.79277299e-17
3.58858859e-02 -2.44153793e-02 -2.44153446e-02 -5.56065565e-03 9.17207939e+00 1.75309155e+01 2.82492341e+01 3.12075026e+01 3.12075076e+01 3.90066292e+01 3.92261084e+01 1.22087758e-08 1.77883930e-03 2.70558994e-14 9.01027400e-01 4.24776180e-18 4.33758528e-01 3.77153949e-26 2.34009909e-16 1.28285269e-16 9.01566724e-21 3.19352213e-05 3.19350549e-05 2.47933412e-07 1.17480220e-02 2.29303695e-02 1.24329041e-02 3.15792138e-18 1.31325273e-17 1.73919179e-03 4.65039427e-17
3.60360360e-02 -2.44153793e-02 -2.44153443e-02 -5.56065566e-03 9.14949463e+00 1.75309155e+01 2.82846853e+01 3.12075026e+01 3.12075076e+01 3.90066292e+01 3.92261084e+01 4.67939717e-08 1.78628206e-03 6.92627247e-15 9.01468602e-01 1.01916078e-16 4.32840813e-01 3.83242579e-18 1.06040578e-16 1.08456869e-16 9.10156430e-21 3.19352213e-05 3.19350534e-05 2.47933412e-07 1.17264994e-02 2.29303695e-02 1.24053685e-02 2.32858068e-18 4.12662865e-18 1.73919179e-03 7.37451569e-17
3.61861862e-02 -2.44153793e-02 -2.44153440e-02 -5.56065570e-03 9.12699574e+00 1.75309155e+01 2.83200273e+01 3.12075026e+01 3.12075076e+01 3.90066292e+01 3.92261084e+01 7.54188186e-08 1.79372481e-03 7.11931103e-15 9.01907439e-01 1.16588498e-17 4.31925636e-01 6.57589819e-27 1.40556995e-16 5.83398983e-17 9.18806870e-21 3.19352213e-05 3.19350519e-05 2.47933412e-07 1.17050106e-02 2.29303695e-02 1.23778292e-02 4.96369526e-18 9.49716062e-18 1.73919179e-03 4.58500255e-17
3.63363363e-02 -2.44153793e-02 -2.44153436e-02 -5.56065560e-03 9.10458239e+00 1.75309155e+01 2.83552600e+01 3.12075026e+01 3.12075076e+01 3.90066292e+01 3.92261084e+01 6.27470517e-08 1.80116757e-03 9.07593543e-15 9.02343922e-01 2.97082887e-17 4.31012996e-01 3.83280783e-18 3.22922773e-16 4.90598098e-17 9.27518304e-21 3.19352213e-05 3.19350504e-05 2.47933412e-07 1.16835560e-02 2.29303695e-02 1.23502871e-02 1.77693958e-18 1.04980941e-17 1.73919179e-03 4.58599663e-17
3.64864865e-02 -2.44153793e-02 -2.44153433e-02 -5.56065569e-03 9.08225427e+00 1.75309155e+01 2.83903836e+01 3.12075026e+01 3.12075076e+01 3.90066292e+01 3.92261084e+01 2.61536866e-08 1.80861033e-03 1.83908167e-14 9.02778064e-01 3.26334820e-17 4.30102891e-01 3.83308542e-18 2.24523458e-16 1.48090990e-16 9.36290995e-21 3.19352213e-05 3.19350489e-05 2.47933412e-07 1.16621358e-02 2.29303695e-02 1.23227431e-02 6.35509387e-20 9.28497699e-18 1.73919179e-03 3.82788269e-17
3.66366366e-02 -2.44153793e-02 -2.44153430e-02 -5.56065569e-03 9.06001104e+00 1.75309155e+01 2.84253980e+01 3.12075026e+01 3.12075076e+01 3.90066292e+01 3.92261084e+01 9.15037160e-08 1.81605308e-03 5.75292146e-15 9.03209876e-01 1.06275098e-16 4.29195319e-01 3.83342189e-18 2.16256448e-16 6.76241918e-17 9.45125204e-21 3.19352213e-05 3.19350474e-05 2.47933412e-07 1.16407503e-02 2.29303695e-02 1.22951980e-02 2.32459377e-18 1.18779490e-17 1.73919179e-03 5.68656529e-18
3.67867868e-02 -2.44153793e-02 -2.44153426e-02 -5.56065568e-03 9.03785238e+00 1.75309155e+01 2.84603032e+01 3.12075026e+01 3.12075076e+01 3.90066292e+01 3.92261084e+01 5.99858616e-08 1.82349584e-03 1.60063355e-15 9.03639370e-01 4.49999925e-17 4.28290279e-01 3.83381840e-18 1.28338582e-16 1.34609175e-17 9.54021193e-21 3.19352213e-05 3.19350459e-05 2.47933412e-07 1.16193998e-02 2.29303695e-02 1.22676527e-02 1.69979455e-18 4.56540694e-18 1.73919179e-03 4.30201901e-18
3.69369369e-02 -2.44153793e-02 -2.44153423e-02 -5.56065565e-03 9.01577797e+00 1.75309155e+01 2.84950993e+01 3.12075026e+01 3.12075076e+01 3.90066292e+01 3.92261084e+01 3.13808547e-08 1.83093859e-03 1.85698272e-14 9.04066559e-01 4.48900010e-17 4.27387767e-01 5.40332027e-27 1.38143279e-16 6.46348847e-17 9.62979222e-21 3.19352213e-05 3.19350444e-05 2.47933412e-07 1.15980845e-02 2.29303695e-02 1.22401080e-02 2.40226133e-18 9.46748194e-18 1.73919179e-03 2.32433735e-17
3.70870871e-02 -2.44153793e-02 -2.44153420e-02 -5.56065572e-03 8.99378747e+00 1.75309155e+01 2.85297864e+01 3.12075026e+01 3.12075076e+01 3.90066292e+01 3.92261084e+01 3.57047851e-08 1.83838134e-03 2.04123312e-17 9.04491455e-01 7.73949423e-17 4.26487783e-01 3.83479534e-18 6.10127288e-18 6.09144838e-17 9.71999555e-21 3.19352213e-05 3.19350429e-05 2.47933412e-07 1.15768047e-02 2.29303695e-02 1.22125649e-02 4.30655370e-18 1.03040630e-18 1.73919179e-03 2.57264369e-17
3.72372372e-02 -2.44153793e-02 -2.44153416e-02 -5.56065564e-03 8.97188056e+00 1.75309155e+01 2.85643644e+01 3.12075026e+01 3.12075076e+01 3.90066292e+01 3.92261084e+01 7.27605193e-09 1.84582409e-03 1.49090605e-14 9.04914068e-01 1.74989079e-17 4.25590323e-01 3.58766850e-18 2.45562967e-17 8.82859761e-17 9.81082452e-21 3.19352213e-05 3.19350413e-05 2.47933412e-07 1.15555606e-02 2.29303695e-02 1.21850242e-02 3.81309641e-19 4.56732300e-18 1.73919179e-03 1.00012777e-16
3.73873874e-02 -2.44153793e-02 -2.44153413e-02 -5.56065569e-03 8.95005692e+00 1.75309155e+01 2.85988334e+01 3.12075026e+01 3.12075076e+01 3.90066292e+01 3.92261084e+01 2.97287705e-08 1.85326684e-03 1.51374303e-14 9.05334411e-01 1.19241145e-17 4.24695385e-01 3.83602556e-18 3.67629041e-16 1.10309577e-16 9.90228176e-21 3.19352213e-05 3.19350398e-05 2.47933412e-07 1.15343526e-02 2.29303695e-02 1.21574867e-02 3.71116601e-18 1.33137307e-17 1.73919179e-03 4.52646103e-17
3.75375375e-02 -2.44153793e-02 -2.44153410e-02 -5.56065563e-03 8.92831622e+00 1.75309155e+01 2.86331934e+01 3.12075026e+01 3.12075076e+01 3.90066292e+01 3.92261084e+01 1.73960911e-08 1.86070959e-03 2.04513859e-14 9.05752496e-01 7.41740703e-17 4.23802966e-01 3.83673863e-18 1.59953421e-16 9.36958410e-17 9.99436988e-21 3.19352213e-05 3.19350383e-05 2.47933412e-07 1.15131807e-02 2.29303695e-02 1.21299532e-02 9.19104693e-18 9.35475457e-18 1.73919179e-03 4.63521405e-18
3.76876877e-02 -2.44153793e-02 -2.44153406e-02 -5.56065564e-03 8.90665814e+00 1.75309155e+01 2.86674446e+01 3.12075026e+01 3.12075076e+01 3.90066292e+01 3.92261084e+01 9.53850761e-08 1.86815234e-03 4.14327443e-14 9.06168334e-01 5.58983754e-17 4.22913065e-01 3.83751905e-18 1.89421705e-16 7.26872273e-17 1.00870915e-20 3.19352213e-05 3.19350367e-05 2.47933412e-07 1.14920453e-02 2.29303695e-02 1.21024246e-02 6.90321406e-18 4.19153580e-18 1.73919179e-03 1.95472032e-18
3.78378378e-02 -2.44153793e-02 -2.44153403e-02 -5.56065572e-03 8.88508236e+00 1.75309155e+01 2.87015869e+01 3.12075026e+01 3.12075076e+01 3.90066292e+01 3.92261084e+01 2.90127821e-08 1.87559509e-03 7.48880374e-15 9.06581938e-01 5.23791214e-17 4.22025678e-01 3.83836811e-18 1.58830294e-16 7.02072051e-17 1.01804493e-20 3.19352213e-05 3.19350351e-05 2.47933412e-07 1.14709466e-02 2.29303695e-02 1.20749016e-02 3.15704309e-18 3.93397757e-18 1.73919179e-03 3.82060519e-18
3.79879880e-02 -2.44153793e-02 -2.44153399e-02 -5.56065562e-03 8.86358854e+00 1.75309155e+01 2.87356204e+01 3.12075026e+01 3.12075076e+01 3.90066292e+01 3.92261084e+01 1.33876094e-08 1.88303783e-03 2.25302383e-14 9.06993318e-01 5.79987346e-18 4.21140802e-01 8.25810811e-26 5.08652579e-16 3.91007406e-17 1.02744458e-20 3.19352213e-05 3.19350336e-05 2.47933412e-07 1.14498848e-02 2.29303695e-02 1.20473852e-02 1.43073432e-18 1.36122001e-17 1.73919179e-03 5.25342419e-17
3.81381381e-02 -2.44153793e-02 -2.44153396e-02 -5.56065569e-03 8.84217637e+00 1.75309155e+01 2.87695452e+01 3.12075026e+01 3.12075076e+01 3.90066292e+01 3.92261084e+01 6.89793783e-08 1.89048058e-03 2.44778206e-14 9.07402487e-01 5.75057702e-17 4.20258436e-01 3.84027864e-18 8.02893757e-17 3.98407104e-17 1.03690837e-20 3.19352213e-05 3.19350320e-05 2.47933412e-07 1.14288602e-02 2.29303695e-02 1.20198761e-02 3.98611761e-19 9.71423975e-18 1.73919179e-03 9.48012448e-19
3.82882883e-02 -2.44153793e-02 -2.44153393e-02 -5.56065562e-03 8.82084553e+00 1.75309155e+01 2.88033614e+01 3.12075026e+01 3.12075076e+01 3.90066292e+01 3.92261084e+01 4.47394994e-08 1.89792332e-03 1.52706958e-14 9.07809456e-01 5.44047712e-18 4.19378575e-01 3.84134354e-18 1.07933239e-16 2.57187285e-17 1.04643656e-20 3.19352213e-05 3.19350304e-05 2.47933412e-07 1.14078729e-02 2.29303695e-02 1.19923750e-02 6.90304804e-18 5.06075128e-18 1.73919179e-03 4.41473222e-17
3.84384384e-02 -2.44153793e-02 -2.44153389e-02 -5.56065572e-03 8.79959569e+00 1.75309155e+01 2.88370690e+01 3.12075026e+01 3.12075076e+01 3.90066292e+01 3.92261084e+01 5.41500831e-08 1.90536606e-03 1.30005600e-14 9.08214237e-01 2.78515324e-17 4.18501217e-01 3.84248402e-18 8.97657237e-17 5.03043480e-17 1.05602941e-20 3.19352213e-05 3.19350289e-05 2.47933412e-07 1.13869232e-02 2.29303695e-02 1.19648828e-02 4.31065706e-19 3.54415358e-18 1.73919179e-03 4.60672880e-19
3.85885886e-02 -2.44153793e-02 -2.44153386e-02 -5.56065566e-03 8.77842652e+00 1.75309155e+01 2.88706681e+01 3.12075026e+01 3.12075076e+01 3.90066292e+01 3.92261084e+01 6.07769087e-08 1.91280880e-03 2.27245067e-14 9.08616842e-01 2.05552184e-17 4.17626359e-01 3.84370196e-18 2.95876707e-16 1.06352606e-16 1.06568720e-20 3.19352213e-05 3.19350273e-05 2.47933412e-07 1.13660113e-02 2.29303695e-02 1.19374002e-02 3.78214516e-18 1.72529521e-17 1.73919179e-03 3.40899355e-17
3.87387387e-02 -2.44153793e-02 -2.44153382e-02 -5.56065567e-03 8.75733772e+00 1.75309155e+01 2.89041588e+01 3.12075026e+01 3.12075076e+01 3.90066292e+01 3.92261084e+01 1.03489092e-07 1.92025154e-03 9.36574427e-15 9.09017281e-01 4.72671441e-17 4.16753998e-01 4.99921323e-28 3.19379656e-17 7.02844350e-17 1.07541016e-20 3.19352213e-05 3.19350257e-05 2.47933412e-07 1.13451374e-02 2.29303695e-02 1.19099280e-02 3.50570485e-18 1.94818289e-18 1.73919179e-03 2.58243336e-17
3.88888889e-02 -2.44153793e-02 -2.44153379e-02 -5.56065568e-03 8.73632895e+00 1.75309155e+01 2.89375412e+01 3.12075026e+01 3.12075076e+01 3.90066292e+01 3.92261084e+01 1.44170698e-08 1.92769428e-03 1.16491301e-14 9.09415567e-01 1.16559067e-17 4.15884130e-01 9.81835040e-29 3.94821962e-17 5.90708977e-18 1.08519859e-20 3.19352213e-05 3.19350241e-05 2.47933412e-07 1.13243016e-02 2.29303695e-02 1.18824670e-02 1.15260713e-19 2.37447360e-18 1.73919179e-03 2.67187806e-17
3.90390390e-02 -2.44153793e-02 -2.44153375e-02 -5.56065564e-03 8.71539989e+00 1.75309155e+01 2.89708154e+01 3.12075026e+01 3.12075076e+01 3.90066292e+01 3.92261084e+01 1.96619547e-08 1.93513702e-03 3.98158388e-14 9.09811711e-01 6.85128886e-17 4.15016753e-01 3.84784201e-18 2.64782557e-16 2.24988736e-16 1.09505272e-20 3.19352213e-05 3.19350225e-05 2.47933412e-07 1.13035042e-02 2.29303695e-02 1.18550179e-02 2.39962533e-18 7.74498930e-18 1.73919179e-03 3.29345189e-17
3.91891892e-02 -2.44153793e-02 -2.44153372e-02 -5.56065566e-03 8.69455024e+00 1.75309155e+01 2.90039814e+01 3.12075026e+01 3.12075076e+01 3.90066292e+01 3.92261084e+01 1.89409152e-08 1.94257976e-03 2.87306567e-14 9.10205725e-01 2.11781192e-17 4.14151862e-01 3.84939181e-18 2.49439227e-16 9.85494114e-17 1.10497284e-20 3.19352213e-05 3.19350209e-05 2.47933412e-07 1.12827454e-02 2.29303695e-02 1.18275815e-02 2.61312176e-18 9.40696013e-18 1.73919179e-03 9.32926926e-17
3.93393393e-02 -2.44153793e-02 -2.44153368e-02 -5.56065566e-03 8.67377965e+00 1.75309155e+01 2.90370394e+01 3.12075026e+01 3.12075076e+01 3.90066292e+01 3.92261084e+01 6.89693813e-08 1.95002249e-03 3.27937588e-14 9.10597619e-01 3.39522204e-17 4.13289455e-01 3.85103088e-18 2.55314639e-17 4.59691832e-17 1.11495920e-20 3.19352213e-05 3.19350192e-05 2.47933412e-07 1.12620253e-02 2.29303695e-02 1.18001584e-02 2.33126432e-18 3.48190651e-18 1.73919179e-03 4.72160663e-19
3.94894895e-02 -2.44153793e-02 -2.44153365e-02 -5.56065566e-03 8.65308783e+00 1.75309155e+01 2.90699894e+01 3.12075026e+01 3.12075076e+01 3.90066292e+01 3.92261084e+01 3.29208041e-08 1.95746523e-03 2.51240413e-14 9.10987406e-01 5.04568289e-17 4.12429527e-01 3.85276187e-18 3.34000855e-17 1.19586753e-17 1.12501206e-20 3.19352213e-05 3.19350176e-05 2.47933412e-07 1.12413442e-02 2.29303695e-02 1.17727494e-02 6.95617959e-19 1.67172360e-18 1.73919179e-03 6.17244619e-19
3.96396396e-02 -2.44153793e-02 -2.44153361e-02 -5.56065571e-03 8.63247444e+00 1.75309155e+01 2.91028316e+01 3.12075026e+01 3.12075076e+01 3.90066292e+01 3.92261084e+01 7.40032370e-08 1.96490796e-03 1.83917745e-15 9.11375096e-01 3.37789518e-17 4.11572076e-01 3.85458778e-18 2.11509994e-16 8.64505526e-17 1.13513169e-20 3.19352213e-05 3.19350160e-05 2.47933412e-07 1.12207022e-02 2.29303695e-02 1.17453553e-02 3.71049331e-18 7.78499446e-18 1.73919179e-03 4.39978986e-17
3.97897898e-02 -2.44153793e-02 -2.44153357e-02 -5.56065572e-03 8.61193918e+00 1.75309155e+01 2.91355661e+01 3.12075026e+01 3.12075076e+01 3.90066292e+01 3.92261084e+01 1.85522407e-08 1.97235069e-03 3.73867551e-14 9.11760701e-01 3.73499143e-17 4.10717098e-01 7.55889215e-26 4.14895321e-16 8.11692830e-17 1.14531836e-20 3.19352213e-05 3.19350143e-05 2.47933412e-07 1.12000994e-02 2.29303695e-02 1.17179767e-02 1.21749966e-18 1.19863143e-17 1.73919179e-03 3.76919292e-18
3.99399399e-02 -2.44153793e-02 -2.44153354e-02 -5.56065562e-03 8.59148172e+00 1.75309155e+01 2.91681930e+01 3.12075026e+01 3.12075076e+01 3.90066292e+01 3.92261084e+01 2.61300806e-08 1.97979342e-03 1.38221206e-14 9.12144232e-01 2.07453076e-17 4.09864588e-01 3.85853676e-18 5.82892405e-17 4.74977516e-17 1.15557232e-20 3.19352213e-05 3.19350127e-05 2.47933412e-07 1.11795361e-02 2.29303695e-02 1.16906144e-02 3.43447085e-18 2.64663551e-18 1.73919179e-03 9.26380479e-18
4.00900901e-02 -2.44153793e-02 -2.44153350e-02 -5.56065565e-03 8.57110174e+00 1.75309155e+01 2.92007124e+01 3.12075026e+01 3.12075076e+01 3.90066292e+01 3.92261084e+01 6.74172730e-08 1.98723615e-03 1.95345523e-14 9.12525700e-01 5.03698223e-17 4.09014544e-01 7.97638420e-27 6.21895644e-17 3.34657118e-17 1.16589384e-20 3.19352213e-05 3.19350111e-05 2.47933412e-07 1.11590124e-02 2.29303695e-02 1.16632690e-02 7.81490690e-18 1.48147053e-17 1.73919179e-03 1.17351573e-17
4.02402402e-02 -2.44153793e-02 -2.44153347e-02 -5.56065559e-03 8.55079894e+00 1.75309155e+01 2.92331244e+01 3.12075026e+01 3.12075076e+01 3.90066292e+01 3.92261084e+01 1.92999878e-08 1.99467888e-03 2.26234883e-15 9.12905117e-01 1.03051948e-16 4.08166961e-01 3.56549137e-18 3.32754813e-17 1.47550252e-16 1.17628319e-20 3.19352213e-05 3.19350094e-05 2.47933412e-07 1.11385285e-02 2.29303695e-02 1.16359412e-02 2.90528116e-18 6.27600527e-18 1.73919179e-03 3.34957311e-18
4.03903904e-02 -2.44153793e-02 -2.44153343e-02 -5.56065561e-03 8.53057299e+00 1.75309155e+01 2.92654291e+01 3.12075026e+01 3.12075076e+01 3.90066292e+01 3.92261084e+01 5.51883710e-08 2.00212161e-03 3.99462057e-15 9.13282494e-01 2.07546389e-17 4.07321835e-01 3.86525633e-18 1.93091932e-16 2.91367877e-17 1.18674062e-20 3.19352213e-05 3.19350077e-05 2.47933412e-07 1.11180844e-02 2.29303695e-02 1.16086317e-02 5.79656126e-18 9.71456566e-18 1.73919179e-03 2.62042101e-17
4.05405405e-02 -2.44153793e-02 -2.44153339e-02 -5.56065562e-03 8.51042358e+00 1.75309155e+01 2.92976268e+01 3.12075026e+01 3.12075076e+01 3.90066292e+01 3.92261084e+01 8.04251077e-08 2.00956433e-03 2.38401873e-14 9.13657842e-01 2.31668644e-17 4.06479163e-01 3.86772422e-18 1.61095586e-16 1.60016596e-16 1.19726641e-20 3.19352213e-05 3.19350061e-05 2.47933412e-07 1.10976805e-02 2.29303695e-02 1.15813412e-02 1.43847222e-18 5.32186380e-18 1.73919179e-03 3.57756882e-17
4.06906907e-02 -2.44153793e-02 -2.44153336e-02 -5.56065569e-03 8.49035039e+00 1.75309155e+01 2.93297174e+01 3.12075026e+01 3.12075076e+01 3.90066292e+01 3.92261084e+01 9.86506626e-09 2.01700706e-03 1.74513120e-14 9.14031171e-01 1.22987574e-16 4.05638941e-01 2.79832870e-26 1.83572231e-16 4.54845114e-18 1.20786082e-20 3.19352213e-05 3.19350044e-05 2.47933412e-07 1.10773168e-02 2.29303695e-02 1.15540703e-02 2.88258513e-18 7.57052027e-18 1.73919179e-03 7.43820435e-17
4.08408408e-02 -2.44153793e-02 -2.44153332e-02 -5.56065568e-03 8.47035312e+00 1.75309155e+01 2.93617012e+01 3.12075026e+01 3.12075076e+01 3.90066292e+01 3.92261084e+01 4.83651970e-08 2.02444978e-03 7.34751303e-15 9.14402493e-01 1.27136207e-16 4.04801164e-01 5.08492778e-26 4.30490991e-17 8.94045460e-17 1.21852411e-20 3.19352213e-05 3.19350027e-05 2.47933412e-07 1.10569934e-02 2.29303695e-02 1.15268197e-02 5.92635727e-19 2.03570003e-18 1.73919179e-03 2.69226178e-17
4.09909910e-02 -2.44153793e-02 -2.44153328e-02 -5.56065563e-03 8.45043144e+00 1.75309155e+01 2.93935783e+01 3.12075026e+01 3.12075076e+01 3.90066292e+01 3.92261084e+01 5.65002145e-09 2.03189251e-03 1.45053745e-14 9.14771819e-01 5.32245487e-17 4.03965828e-01 3.87587480e-18 1.94999516e-16 1.38598666e-16 1.22925655e-20 3.19352213e-05 3.19350010e-05 2.47933412e-07 1.10367106e-02 2.29303695e-02 1.14995901e-02 4.61718066e-18 8.12947431e-18 1.73919179e-03 2.87803257e-17
4.11411411e-02 -2.44153793e-02 -2.44153325e-02 -5.56065565e-03 8.43058506e+00 1.75309155e+01 2.94253488e+01 3.12075026e+01 3.12075076e+01 3.90066292e+01 3.92261084e+01 1.36796462e-08 2.03933523e-03 3.58286925e-15 9.15139161e-01 5.46028853e-17 4.03132928e-01 3.87885771e-18 2.91078701e-16 1.86077222e-17 1.24005839e-20 3.19352213e-05 3.19349993e-05 2.47933412e-07 1.10164683e-02 2.29303695e-02 1.14723820e-02 1.21774492e-18 1.02467542e-17 1.73919179e-03 2.50063934e-18
4.12912913e-02 -2.44153793e-02 -2.44153321e-02 -5.56065571e-03 8.41081364e+00 1.75309155e+01 2.94570128e+01 3.12075026e+01 3.12075076e+01 3.90066292e+01 3.92261084e+01 6.88311700e-08 2.04677795e-03 2.71657947e-14 9.15504527e-01 8.34894242e-17 4.02302462e-01 3.88198308e-18 1.17415421e-17 6.53344526e-18 1.25092992e-20 3.19352213e-05 3.19349976e-05 2.47933412e-07 1.09962669e-02 2.29303695e-02 1.14451962e-02 1.19049404e-18 1.04185303e-17 1.73919179e-03 1.50309055e-18
4.14414414e-02 -2.44153793e-02 -2.44153317e-02 -5.56065563e-03 8.39111689e+00 1.75309155e+01 2.94885706e+01 3.12075026e+01 3.12075076e+01 3.90066292e+01 3.92261084e+01 5.19274379e-08 2.05422067e-03 1.19655141e-15 9.15867931e-01 1.41585172e-16 4.01474424e-01 5.18274982e-27 3.63394932e-17 8.78255005e-17 1.26187138e-20 3.19352213e-05 3.19349959e-05 2.47933412e-07 1.09761063e-02 2.29303695e-02 1.14180332e-02 2.87246590e-19 2.72841755e-18 1.73919179e-03 3.32531920e-17
4.15915916e-02 -2.44153793e-02 -2.44153313e-02 -5.56065564e-03 8.37149450e+00 1.75309155e+01 2.95200222e+01 3.12075026e+01 3.12075076e+01 3.90066292e+01 3.92261084e+01 1.53839216e-08 2.06166339e-03 2.30724574e-14 9.16229382e-01 1.04786083e-16 4.00648810e-01 8.22286452e-26 5.40484192e-16 1.27724992e-17 1.27288305e-20 3.19352213e-05 3.19349942e-05 2.47933412e-07 1.09559868e-02 2.29303695e-02 1.13908936e-02 8.66880699e-19 1.75168824e-17 1.73919179e-03 5.62574103e-18
4.17417417e-02 -2.44153793e-02 -2.44153310e-02 -5.56065572e-03 8.35194615e+00 1.75309155e+01 2.95513678e+01 3.12075026e+01 3.12075076e+01 3.90066292e+01 3.92261084e+01 2.18433990e-08 2.06910610e-03 1.05808800e-14 9.16588891e-01 3.12476240e-17 3.99825616e-01 3.55667727e-18 4.94112044e-17 5.15209607e-17 1.28396520e-20 3.19352213e-05 3.19349925e-05 2.47933412e-07 1.09359084e-02 2.29303695e-02 1.13637781e-02 5.98934332e-19 1.03826235e-18 1.73919179e-03 7.92164066e-19
4.18918919e-02 -2.44153793e-02 -2.44153306e-02 -5.56065568e-03 8.33247153e+00 1.75309155e+01 2.95826077e+01 3.12075026e+01 3.12075076e+01 3.90066292e+01 3.92261084e+01 3.23423884e-08 2.07654882e-03 4.38194645e-14 9.16946470e-01 4.31379387e-17 3.99004837e-01 3.89604007e-18 5.13509863e-17 9.57711295e-17 1.29511808e-20 3.19352213e-05 3.19349908e-05 2.47933412e-07 1.09158712e-02 2.29303695e-02 1.13366873e-02 1.70113979e-18 6.21895250e-18 1.73919179e-03 1.84975642e-18
4.20420420e-02 -2.44153793e-02 -2.44153302e-02 -5.56065567e-03 8.31307035e+00 1.75309155e+01 2.96137418e+01 3.12075026e+01 3.12075076e+01 3.90066292e+01 3.92261084e+01 1.28507218e-08 2.08399153e-03 1.76582046e-15 9.17302128e-01 7.74009457e-17 3.98186468e-01 3.89998040e-18 6.73963251e-16 9.51973079e-17 1.30634196e-20 3.19352213e-05 3.19349890e-05 2.47933412e-07 1.08958755e-02 2.29303695e-02 1.13096217e-02 2.33306054e-18 2.22471428e-17 1.73919179e-03 1.67712946e-18
4.21921922e-02 -2.44153793e-02 -2.44153298e-02 -5.56065561e-03 8.29374228e+00 1.75309155e+01 2.96447704e+01 3.12075026e+01 3.12075076e+01 3.90066292e+01 3.92261084e+01 5.32660373e-09 2.09143425e-03 2.48891495e-14 9.17655876e-01 7.97265533e-17 3.97370506e-01 3.90410720e-18 4.69715364e-16 9.52780952e-17 1.31763711e-20 3.19352213e-05 3.19349873e-05 2.47933412e-07 1.08759212e-02 2.29303695e-02 1.12825820e-02 5.24939344e-18 1.38376208e-17 1.73919179e-03 5.31243241e-17
4.23423423e-02 -2.44153793e-02 -2.44153295e-02 -5.56065564e-03 8.27448703e+00 1.75309155e+01 2.96756937e+01 3.12075026e+01 3.12075076e+01 3.90066292e+01 3.92261084e+01 2.07222437e-08 2.09887696e-03 4.53338216e-14 9.18007726e-01 2.50157503e-17 3.96556944e-01 7.25266109e-27 2.98709804e-17 2.73525699e-17 1.32900380e-20 3.19352213e-05 3.19349856e-05 2.47933412e-07 1.08560085e-02 2.29303695e-02 1.12555687e-02 1.97983707e-18 2.11891179e-18 1.73919179e-03 1.04973728e-17
4.24924925e-02 -2.44153793e-02 -2.44153291e-02 -5.56065561e-03 8.25530429e+00 1.75309155e+01 2.97065118e+01 3.12075026e+01 3.12075076e+01 3.90066292e+01 3.92261084e+01 1.03619839e-07 2.10631967e-03 2.24765528e-14 9.18357687e-01 1.47454807e-17 3.95745780e-01 3.91296102e-18 3.65940083e-16 5.09717881e-17 1.34044228e-20 3.19352213e-05 3.19349838e-05 2.47933412e-07 1.08361374e-02 2.29303695e-02 1.12285824e-02 1.97652001e-18 1.94841850e-17 1.73919179e-03 6.27790667e-17
4.26426426e-02 -2.44153793e-02 -2.44153287e-02 -5.56065568e-03 8.23619375e+00 1.75309155e+01 2.97372249e+01 3.12075026e+01 3.12075076e+01 3.90066292e+01 3.92261084e+01 9.25962825e-08 2.11376238e-03 2.45420856e-14 9.18705770e-01 1.19075654e-17 3.94937007e-01 4.06865619e-27 3.29614487e-18 6.73440259e-17 1.35195283e-20 3.19352213e-05 3.19349821e-05 2.47933412e-07 1.08163082e-02 2.29303695e-02 1.12016237e-02 6.35213735e-18 5.52323783e-18 1.73919179e-03 3.07874271e-17
4.27927928e-02 -2.44153793e-02 -2.44153283e-02 -5.56065566e-03 8.21715511e+00 1.75309155e+01 2.97678331e+01 3.12075026e+01 3.12075076e+01 3.90066292e+01 3.92261084e+01 5.93113355e-09 2.12120509e-03 6.83434095e-15 9.19051986e-01 2.56708018e-17 3.94130622e-01 7.84537280e-18 1.65572956e-16 1.68429034e-16 1.36353571e-20 3.19352213e-05 3.19349803e-05 2.47933412e-07 1.07965208e-02 2.29303695e-02 1.11746931e-02 5.94580975e-19 1.34131268e-17 1.73919179e-03 1.97357534e-18
4.29429429e-02 -2.44153793e-02 -2.44153279e-02 -5.56065565e-03 8.19818806e+00 1.75309155e+01 2.97983367e+01 3.12075026e+01 3.12075076e+01 3.90066292e+01 3.92261084e+01 5.43384584e-08 2.12864779e-03 3.68491798e-14 9.19396345e-01 9.47469587e-18 3.93326619e-01 3.46787497e-26 1.37536009e-16 8.39620698e-17 1.37519120e-20 3.19352213e-05 3.19349785e-05 2.47933412e-07 1.07767755e-02 2.29303695e-02 1.11477912e-02 5.89350176e-19 1.45821016e-17 1.73919179e-03 1.41750183e-17
4.30930931e-02 -2.44153793e-02 -2.44153275e-02 -5.56065564e-03 8.17929232e+00 1.75309155e+01 2.98287358e+01 3.12075026e+01 3.12075076e+01 3.90066292e+01 3.92261084e+01 2.72090121e-09 2.13609050e-03 5.47910537e-15 9.19738858e-01 2.14517273e-18 3.92524994e-01 3.93338165e-18 6.78744150e-18 2.02110605e-16 1.38691954e-20 3.19352213e-05 3.19349768e-05 2.47933412e-07 1.07570721e-02 2.29303695e-02 1.11209185e-02 6.62527165e-19 8.41269888e-18 1.73919179e-03 2.03741809e-17
4.32432432e-02 -2.44153793e-02 -2.44153271e-02 -5.56065564e-03 8.16046756e+00 1.75309155e+01 2.98590306e+01 3.12075026e+01 3.12075076e+01 3.90066292e+01 3.92261084e+01 5.17547159e-10 2.14353320e-03 3.13911815e-14 9.20079534e-01 5.42340737e-17 3.91725741e-01 5.73052212e-26 2.63504482e-16 3.12959724e-17 1.39872102e-20 3.19352213e-05 3.19349750e-05 2.47933412e-07 1.07374110e-02 2.29303695e-02 1.10940756e-02 6.42173219e-18 2.08124113e-17 1.73919179e-03 8.38381061e-18
4.33933934e-02 -2.44153793e-02 -2.44153267e-02 -5.56065563e-03 8.14171350e+00 1.75309155e+01 2.98892213e+01 3.12075026e+01 3.12075076e+01 3.90066292e+01 3.92261084e+01 9.09121642e-09 2.15097591e-03 2.11904413e-14 9.20418385e-01 2.54573248e-17 3.90928856e-01 3.94516247e-18 2.68739243e-16 1.31255827e-16 1.41059589e-20 3.19352213e-05 3.19349732e-05 2.47933412e-07 1.07177920e-02 2.29303695e-02 1.10672629e-02 4.96378115e-18 8.54110796e-18 1.73919179e-03 5.33123690e-18
4.35435435e-02 -2.44153793e-02 -2.44153264e-02 -5.56065565e-03 8.12302982e+00 1.75309155e+01 2.99193081e+01 3.12075026e+01 3.12075076e+01 3.90066292e+01 3.92261084e+01 2.52899586e-08 2.15841861e-03 2.63752112e-14 9.20755420e-01 4.84748457e-17 3.90134334e-01 7.88808949e-26 3.84118475e-16 2.58911285e-17 1.42254443e-20 3.19352213e-05 3.19349714e-05 2.47933412e-07 1.06982154e-02 2.29303695e-02 1.10404811e-02 2.04892839e-18 1.18353319e-17 1.73919179e-03 1.78902622e-18
4.36936937e-02 -2.44153793e-02 -2.44153260e-02 -5.56065565e-03 8.10441625e+00 1.75309155e+01 2.99492911e+01 3.12075026e+01 3.12075076e+01 3.90066292e+01 3.92261084e+01 3.32188756e-09 2.16586131e-03 1.05204517e-14 9.21090650e-01 1.08444890e-16 3.89342169e-01 6.73464653e-26 3.86331742e-16 1.17202358e-17 1.43456689e-20 3.19352213e-05 3.19349696e-05 2.47933412e-07 1.06786812e-02 2.29303695e-02 1.10137306e-02 6.34973276e-18 1.53818243e-17 1.73919179e-03 2.03690290e-17
4.38438438e-02 -2.44153793e-02 -2.44153256e-02 -5.56065568e-03 8.08587246e+00 1.75309155e+01 2.99791706e+01 3.12075026e+01 3.12075076e+01 3.90066292e+01 3.92261084e+01 9.99983082e-10 2.17330401e-03 2.21700674e-14 9.21424084e-01 1.18844446e-16 3.88552357e-01 3.96517319e-18 2.71841514e-17 6.21102740e-17 1.44666356e-20 3.19352213e-05 3.19349678e-05 2.47933412e-07 1.06591894e-02 2.29303695e-02 1.09870119e-02 2.60376617e-18 3.32305550e-18 1.73919179e-03 3.32495310e-18
4.39939940e-02 -2.44153793e-02 -2.44153252e-02 -5.56065566e-03 8.06739818e+00 1.75309155e+01 3.00089467e+01 3.12075026e+01 3.12075076e+01 3.90066292e+01 3.92261084e+01 4.33825739e-08 2.18074671e-03 9.05976117e-15 9.21755734e-01 4.19024082e-17 3.87764892e-01 3.97254995e-18 4.77098486e-16 1.09222346e-16 1.45883469e-20 3.19352213e-05 3.19349660e-05 2.47933412e-07 1.06397401e-02 2.29303695e-02 1.09603255e-02 1.42326394e-18 1.61991917e-17 1.73919179e-03 6.62150708e-18
4.41441441e-02 -2.44153793e-02 -2.44153248e-02 -5.56065563e-03 8.04899309e+00 1.75309155e+01 3.00386197e+01 3.12075026e+01 3.12075076e+01 3.90066292e+01 3.92261084e+01 2.32125310e-08 2.18818941e-03 1.70565177e-14 9.22085609e-01 1.00997453e-16 3.86979769e-01 2.48842694e-27 5.05908095e-17 4.49650609e-17 1.47108056e-20 3.19352213e-05 3.19349642e-05 2.47933412e-07 1.06203335e-02 2.29303695e-02 1.09336720e-02 1.04610609e-17 1.63589042e-18 1.73919179e-03 5.66546395e-18
4.42942943e-02 -2.44153793e-02 -2.44153244e-02 -5.56065571e-03 8.03065691e+00 1.75309155e+01 3.00681897e+01 3.12075026e+01 3.12075076e+01 3.90066292e+01 3.92261084e+01 8.94675920e-08 2.19563210e-03 2.25227980e-14 9.22413719e-01 7.02306218e-17 3.86196984e-01 1.83623078e-25 8.33021250e-16 4.40833990e-17 1.48340142e-20 3.19352213e-05 3.19349624e-05 2.47933412e-07 1.06009695e-02 2.29303695e-02 1.09070518e-02 3.71020862e-18 2.34533015e-17 1.73919179e-03 6.86834767e-18
4.44444444e-02 -2.44153793e-02 -2.44153240e-02 -5.56065561e-03 8.01238934e+00 1.75309155e+01 3.00976569e+01 3.12075026e+01 3.12075076e+01 3.90066292e+01 3.92261084e+01 2.49365809e-08 2.20307480e-03 9.46647955e-15 9.22740074e-01 5.41384283e-17 3.85416531e-01 3.19707461e-26 2.21770920e-16 8.79989931e-18 1.49579755e-20 3.19352213e-05 3.19349605e-05 2.47933412e-07 1.05816482e-02 2.29303695e-02 1.08804654e-02 3.53319182e-18 6.45608880e-18 1.73919179e-03 3.95164762e-17
4.45945946e-02 -2.44153793e-02 -2.44153236e-02 -5.56065567e-03 7.99419009e+00 1.75309155e+01 3.01270216e+01 3.12075026e+01 3.12075076e+01 3.90066292e+01 3.92261084e+01 6.66919505e-09 2.21051749e-03 1.83721870e-14 9.23064685e-01 5.36030677e-17 3.84638404e-01 5.42852630e-26 3.44316755e-16 1.54833242e-16 1.50826921e-20 3.19352213e-05 3.19349587e-05 2.47933412e-07 1.05623698e-02 2.29303695e-02 1.08539133e-02 3.78235061e-18 9.24989758e-18 1.73919179e-03 2.43011793e-17
4.47447447e-02 -2.44153793e-02 -2.44153232e-02 -5.56065567e-03 7.97605886e+00 1.75309155e+01 3.01562839e+01 3.12075026e+01 3.12075076e+01 3.90066292e+01 3.92261084e+01 4.16380011e-08 2.21796018e-03 2.98669646e-14 9.23387560e-01 4.53264184e-17 3.83862599e-01 4.01592631e-18 5.58608177e-16 1.01660868e-16 1.52081668e-20 3.19352213e-05 3.19349568e-05 2.47933412e-07 1.05431341e-02 2.29303695e-02 1.08273959e-02 8.36108942e-18 1.69360908e-17 1.73919179e-03 3.12909054e-17
4.48948949e-02 -2.44153793e-02 -2.44153228e-02 -5.56065570e-03 7.95799537e+00 1.75309155e+01 3.01854441e+01 3.12075026e+01 3.12075076e+01 3.90066292e+01 3.92261084e+01 4.18037750e-08 2.22540287e-03 1.52875720e-14 9.23708710e-01 9.11531830e-18 3.83089109e-01 6.76630830e-26 2.59845029e-16 1.78751943e-17 1.53344022e-20 3.19352213e-05 3.19349550e-05 2.47933412e-07 1.05239414e-02 2.29303695e-02 1.08009137e-02 6.34969213e-18 7.58562581e-18 1.73919179e-03 4.63124874e-17
4.50450450e-02 -2.44153793e-02 -2.44153224e-02 -5.56065569e-03 7.93999931e+00 1.75309155e+01 3.02145023e+01 3.12075026e+01 3.12075076e+01 3.90066292e+01 3.92261084e+01 9.10652197e-08 2.23284556e-03 5.39377667e-15 9.24028146e-01 3.60979411e-18 3.82317931e-01 4.03695318e-18 9.96185329e-16 1.79089447e-16 1.54614010e-20 3.19352213e-05 3.19349531e-05 2.47933412e-07 1.05047915e-02 2.29303695e-02 1.07744671e-02 2.60369679e-18 3.29856162e-17 1.73919179e-03 2.85729788e-17
4.51951952e-02 -2.44153793e-02 -2.44153220e-02 -5.56065568e-03 7.92207041e+00 1.75309155e+01 3.02434589e+01 3.12075026e+01 3.12075076e+01 3.90066292e+01 3.92261084e+01 1.41796561e-08 2.24028825e-03 1.10469678e-14 9.24345876e-01 2.44085176e-17 3.81549058e-01 3.54091499e-18 1.80741701e-17 8.34681479e-17 1.55891658e-20 3.19352213e-05 3.19349513e-05 2.47933412e-07 1.04856847e-02 2.29303695e-02 1.07480567e-02 5.24335409e-18 1.44917289e-18 1.73919179e-03 5.81076277e-19
4.53453453e-02 -2.44153793e-02 -2.44153216e-02 -5.56065563e-03 7.90420837e+00 1.75309155e+01 3.02723139e+01 3.12075026e+01 3.12075076e+01 3.90066292e+01 3.92261084e+01 6.92977945e-08 2.24773094e-03 1.09576245e-14 9.24661910e-01 4.59873527e-17 3.80782484e-01 1.21392489e-25 6.56606919e-16 1.18943893e-16 1.57176993e-20 3.19352213e-05 3.19349494e-05 2.47933412e-07 1.04666209e-02 2.29303695e-02 1.07216828e-02 3.70741648e-18 2.06430148e-17 1.73919179e-03 5.53745580e-18
4.54954955e-02 -2.44153793e-02 -2.44153211e-02 -5.56065568e-03 7.88641290e+00 1.75309155e+01 3.03010676e+01 3.12075026e+01 3.12075076e+01 3.90066292e+01 3.92261084e+01 9.22597142e-08 2.25517362e-03 4.00555781e-14 9.24976258e-01 2.85193918e-17 3.80018205e-01 3.93765969e-26 1.39717325e-16 3.79989889e-17 1.58470043e-20 3.19352213e-05 3.19349475e-05 2.47933412e-07 1.04476002e-02 2.29303695e-02 1.06953459e-02 1.71741978e-18 4.38435212e-18 1.73919179e-03 2.12730165e-17
4.56456456e-02 -2.44153793e-02 -2.44153207e-02 -5.56065565e-03 7.86868372e+00 1.75309155e+01 3.03297202e+01 3.12075026e+01 3.12075076e+01 3.90066292e+01 3.92261084e+01 5.33391456e-09 2.26261631e-03 8.37299537e-15 9.25288930e-01 2.69105012e-17 3.79256215e-01 4.08739548e-18 3.98485048e-16 7.36295640e-18 1.59770835e-20 3.19352213e-05 3.19349457e-05 2.47933412e-07 1.04286226e-02 2.29303695e-02 1.06690463e-02 3.50550396e-18 1.15607756e-17 1.73919179e-03 3.80509898e-18
4.57957958e-02 -2.44153793e-02 -2.44153203e-02 -5.56065569e-03 7.85102054e+00 1.75309155e+01 3.03582719e+01 3.12075026e+01 3.12075076e+01 3.90066292e+01 3.92261084e+01 3.29130924e-08 2.27005899e-03 2.34376710e-14 9.25599935e-01 3.46579847e-17 3.78496509e-01 4.10213651e-18 7.80999684e-16 8.81036890e-18 1.61079394e-20 3.19352213e-05 3.19349438e-05 2.47933412e-07 1.04096881e-02 2.29303695e-02 1.06427846e-02 2.04747078e-18 2.09259054e-17 1.73919179e-03 4.79124251e-17
4.59459459e-02 -2.44153793e-02 -2.44153199e-02 -5.56065562e-03 7.83342307e+00 1.75309155e+01 3.03867230e+01 3.12075026e+01 3.12075076e+01 3.90066292e+01 3.92261084e+01 1.61017150e-08 2.27750167e-03 1.76864449e-15 9.25909283e-01 2.37374944e-17 3.77739080e-01 1.57218565e-26 1.01212894e-16 2.63050771e-17 1.62395748e-20 3.19352213e-05 3.19349419e-05 2.47933412e-07 1.03907969e-02 2.29303695e-02 1.06165612e-02 1.22010284e-17 3.05512240e-18 1.73919179e-03 4.46043261e-17
4.60960961e-02 -2.44153793e-02 -2.44153195e-02 -5.56065570e-03 7.81589103e+00 1.75309155e+01 3.04150737e+01 3.12075026e+01 3.12075076e+01 3.90066292e+01 3.92261084e+01 8.55697380e-08 2.28494435e-03 2.08268242e-14 9.26216983e-01 2.57451463e-17 3.76983924e-01 1.21249232e-25 1.36903153e-16 6.93065677e-17 1.63719924e-20 3.19352213e-05 3.19349400e-05 2.47933412e-07 1.03719488e-02 2.29303695e-02 1.05903763e-02 1.42216442e-18 1.47386253e-17 1.73919179e-03 3.86929194e-17
4.62462462e-02 -2.44153793e-02 -2.44153191e-02 -5.56065569e-03 7.79842414e+00 1.75309155e+01 3.04433243e+01 3.12075026e+01 3.12075076e+01 3.90066292e+01 3.92261084e+01 2.24540153e-08 2.29238703e-03 1.24351381e-14 9.26523045e-01 4.30138715e-17 3.76231035e-01 1.26200135e-25 4.43466013e-16 6.43070794e-17 1.65051948e-20 3.19352213e-05 3.19349381e-05 2.47933412e-07 1.03531440e-02 2.29303695e-02 1.05642306e-02 5.18314269e-19 1.38106123e-17 1.73919179e-03 5.67459442e-17
4.63963964e-02 -2.44153793e-02 -2.44153187e-02 -5.56065561e-03 7.78102212e+00 1.75309155e+01 3.04714748e+01 3.12075026e+01 3.12075076e+01 3.90066292e+01 3.92261084e+01 4.23842612e-08 2.29982971e-03 1.70613217e-14 9.26827479e-01 5.51741916e-17 3.75480407e-01 7.50713956e-26 7.75212360e-16 3.42338493e-17 1.66391848e-20 3.19352213e-05 3.19349362e-05 2.47933412e-07 1.03343825e-02 2.29303695e-02 1.05381243e-02 1.21982657e-18 2.38560419e-17 1.73919179e-03 1.01190037e-17
4.65465465e-02 -2.44153793e-02 -2.44153182e-02 -5.56065564e-03 7.76368467e+00 1.75309155e+01 3.04995256e+01 3.12075026e+01 3.12075076e+01 3.90066292e+01 3.92261084e+01 3.21850598e-08 2.30727238e-03 1.52284072e-14 9.27130293e-01 1.28716306e-16 3.74732034e-01 4.19338759e-18 4.36423414e-16 1.29107941e-16 1.67739651e-20 3.19352213e-05 3.19349343e-05 2.47933412e-07 1.03156643e-02 2.29303695e-02 1.05120578e-02 1.69971735e-18 1.28433383e-17 1.73919179e-03 2.28187555e-18
4.66966967e-02 -2.44153793e-02 -2.44153178e-02 -5.56065566e-03 7.74641152e+00 1.75309155e+01 3.05274769e+01 3.12075026e+01 3.12075076e+01 3.90066292e+01 3.92261084e+01 1.98920331e-08 2.31471506e-03 4.13451251e-15 9.27431496e-01 1.45075994e-16 3.73985911e-01 4.21610259e-18 1.93427125e-17 4.29269854e-17 1.69095383e-20 3.19352213e-05 3.19349323e-05 2.47933412e-07 1.02969894e-02 2.29303695e-02 1.04860315e-02 5.34620529e-19 5.91223110e-18 1.73919179e-03 2.57591234e-18
4.68468468e-02 -2.44153793e-02 -2.44153174e-02 -5.56065569e-03 7.72920240e+00 1.75309155e+01 3.05553289e+01 3.12075026e+01 3.12075076e+01 3.90066292e+01 3.92261084e+01 4.35460567e-08 2.32215773e-03 5.10957178e-14 9.27731099e-01 7.48379790e-17 3.73242032e-01 4.24072818e-18 2.22882376e-17 2.13852007e-16 1.70459072e-20 3.19352213e-05 3.19349304e-05 2.47933412e-07 1.02783578e-02 2.29303695e-02 1.04600459e-02 2.67788805e-18 9.43990458e-18 1.73919179e-03 3.36495815e-18
4.69969970e-02 -2.44153793e-02 -2.44153170e-02 -5.56065571e-03 7.71205702e+00 1.75309155e+01 3.05830819e+01 3.12075026e+01 3.12075076e+01 3.90066292e+01 3.92261084e+01 4.83774132e-08 2.32960040e-03 1.12143172e-14 9.28029111e-01 7.25356709e-17 3.72500392e-01 4.26750706e-18 4.54147660e-16 6.70615040e-17 1.71830744e-20 3.19352213e-05 3.19349285e-05 2.47933412e-07 1.02597696e-02 2.29303695e-02 1.04341012e-02 7.80788115e-18 1.83244597e-17 1.73919179e-03 2.81017098e-18
4.71471471e-02 -2.44153793e-02 -2.44153166e-02 -5.56065567e-03 7.69497510e+00 1.75309155e+01 3.06107360e+01 3.12075026e+01 3.12075076e+01 3.90066292e+01 3.92261084e+01 1.52268031e-08 2.33704307e-03 1.33798305e-14 9.28325540e-01 6.22665402e-17 3.71760985e-01 9.67045112e-26 5.00550894e-16 5.94605239e-17 1.73210426e-20 3.19352213e-05 3.19349265e-05 2.47933412e-07 1.02412248e-02 2.29303695e-02 1.04081978e-02 1.42046796e-18 1.41413890e-17 1.73919179e-03 7.19229300e-17
4.72972973e-02 -2.44153793e-02 -2.44153161e-02 -5.56065561e-03 7.67795638e+00 1.75309155e+01 3.06382916e+01 3.12075026e+01 3.12075076e+01 3.90066292e+01 3.92261084e+01 1.11379548e-08 2.34448574e-03 7.29935560e-15 9.28620396e-01 4.39760868e-17 3.71023804e-01 1.69115275e-25 1.05813131e-15 2.76259591e-17 1.74598146e-20 3.19352213e-05 3.19349246e-05 2.47933412e-07 1.02227233e-02 2.29303695e-02 1.03823361e-02 6.84783709e-20 3.22560213e-17 1.73919179e-03 1.17348948e-17
4.74474474e-02 -2.44153793e-02 -2.44153157e-02 -5.56065564e-03 7.66100056e+00 1.75309155e+01 3.06657488e+01 3.12075026e+01 3.12075076e+01 3.90066292e+01 3.92261084e+01 1.29764697e-08 2.35192841e-03 1.37203145e-14 9.28913688e-01 3.18611086e-17 3.70288845e-01 6.37354062e-27 4.34604194e-17 1.69634535e-17 1.75993931e-20 3.19352213e-05 3.19349226e-05 2.47933412e-07 1.02042653e-02 2.29303695e-02 1.03565165e-02 2.06743502e-18 1.01199881e-17 1.73919179e-03 2.28989761e-17
4.75975976e-02 -2.44153793e-02 -2.44153153e-02 -5.56065565e-03 7.64410738e+00 1.75309155e+01 3.06931080e+01 3.12075026e+01 3.12075076e+01 3.90066292e+01 3.92261084e+01 2.82332487e-08 2.35937108e-03 4.87951557e-15 9.29205425e-01 4.14751186e-17 3.69556101e-01 4.40275544e-18 1.61751316e-15 1.54221575e-17 1.77397806e-20 3.19352213e-05 3.19349207e-05 2.47933412e-07 1.01858507e-02 2.29303695e-02 1.03307393e-02 5.79657710e-18 4.57488370e-17 1.73919179e-03 2.90162971e-17
4.77477477e-02 -2.44153793e-02 -2.44153148e-02 -5.56065567e-03 7.62727657e+00 1.75309155e+01 3.07203693e+01 3.12075026e+01 3.12075076e+01 3.90066292e+01 3.92261084e+01 1.29708881e-07 2.36681374e-03 2.56810600e-14 9.29495616e-01 2.88917648e-17 3.68825567e-01 4.44587339e-18 1.77028436e-15 6.20197468e-17 1.78809800e-20 3.19352213e-05 3.19349187e-05 2.47933412e-07 1.01674794e-02 2.29303695e-02 1.03050048e-02 6.34984069e-18 5.06907301e-17 1.73919179e-03 5.07362881e-17
4.78978979e-02 -2.44153793e-02 -2.44153144e-02 -5.56065565e-03 7.61050785e+00 1.75309155e+01 3.07475330e+01 3.12075026e+01 3.12075076e+01 3.90066292e+01 3.92261084e+01 3.25873225e-08 2.37425641e-03 2.28938362e-14 9.29784269e-01 1.30495184e-16 3.68097237e-01 4.49398736e-18 1.24105723e-15 9.05998407e-17 1.80229940e-20 3.19352213e-05 3.19349167e-05 2.47933412e-07 1.01491516e-02 2.29303695e-02 1.02793134e-02 1.77875396e-18 3.51906667e-17 1.73919179e-03 1.74905086e-18
4.80480480e-02 -2.44153793e-02 -2.44153140e-02 -5.56065568e-03 7.59380094e+00 1.75309155e+01 3.07745993e+01 3.12075026e+01 3.12075076e+01 3.90066292e+01 3.92261084e+01 1.99069836e-08 2.38169907e-03 1.66866027e-14 9.30071395e-01 7.55252925e-17 3.67371104e-01 4.54800367e-18 6.69785432e-16 5.79854781e-17 1.81658253e-20 3.19352213e-05 3.19349148e-05 2.47933412e-07 1.01308673e-02 2.29303695e-02 1.02536654e-02 3.78203864e-18 1.96847929e-17 1.73919179e-03 1.78195190e-18
4.81981982e-02 -2.44153793e-02 -2.44153135e-02 -5.56065563e-03 7.57715558e+00 1.75309155e+01 3.08015685e+01 3.12075026e+01 3.12075076e+01 3.90066292e+01 3.92261084e+01 4.68260355e-08 2.38914173e-03 3.68166175e-14 9.30357001e-01 2.79459274e-17 3.66647164e-01 2.69846941e-25 1.70792609e-15 2.67167175e-17 1.83094765e-20 3.19352213e-05 3.19349128e-05 2.47933412e-07 1.01126263e-02 2.29303695e-02 1.02280611e-02 1.42532710e-18 4.91920017e-17 1.73919179e-03 4.64738925e-18
4.83483483e-02 -2.44153793e-02 -2.44153131e-02 -5.56065569e-03 7.56057151e+00 1.75309155e+01 3.08284408e+01 3.12075026e+01 3.12075076e+01 3.90066292e+01 3.92261084e+01 4.30011611e-08 2.39658439e-03 3.51148328e-14 9.30641097e-01 4.31294776e-17 3.65925410e-01 3.02099662e-25 2.20839000e-15 2.18655084e-16 1.84539504e-20 3.19352213e-05 3.19349108e-05 2.47933412e-07 1.00944288e-02 2.29303695e-02 1.02025009e-02 1.14691368e-18 6.50610165e-17 1.73919179e-03 9.68935975e-20
4.84984985e-02 -2.44153793e-02 -2.44153127e-02 -5.56065563e-03 7.54404844e+00 1.75309155e+01 3.08552165e+01 3.12075026e+01 3.12075076e+01 3.90066292e+01 3.92261084e+01 3.64659841e-08 2.40402705e-03 2.61321179e-14 9.30923691e-01 1.28873006e-16 3.65205836e-01 4.75855862e-18 1.59807943e-15 1.66762750e-17 1.85992496e-20 3.19352213e-05 3.19349088e-05 2.47933412e-07 1.00762746e-02 2.29303695e-02 1.01769850e-02 3.78503674e-18 4.57077893e-17 1.73919179e-03 3.07634218e-18
4.86486486e-02 -2.44153793e-02 -2.44153122e-02 -5.56065564e-03 7.52758611e+00 1.75309155e+01 3.08818958e+01 3.12075026e+01 3.12075076e+01 3.90066292e+01 3.92261084e+01 7.62055468e-09 2.41146971e-03 3.76366499e-14 9.31204792e-01 2.65230960e-18 3.64488437e-01 3.30372725e-25 2.59254092e-15 6.48009908e-17 1.87453770e-20 3.19352213e-05 3.19349068e-05 2.47933412e-07 1.00581639e-02 2.29303695e-02 1.01515138e-02 5.52212352e-18 7.50701369e-17 1.73919179e-03 1.01099855e-17
4.87987988e-02 -2.44153793e-02 -2.44153118e-02 -5.56065567e-03 7.51118426e+00 1.75309155e+01 3.09084789e+01 3.12075026e+01 3.12075076e+01 3.90066292e+01 3.92261084e+01 6.70063164e-08 2.41891236e-03 1.24773770e-15 9.31484409e-01 7.63453444e-17 3.63773206e-01 2.75862474e-25 9.97036516e-16 1.05448249e-17 1.88923352e-20 3.19352213e-05 3.19349048e-05 2.47933412e-07 1.00400966e-02 2.29303695e-02 1.01260875e-02 6.07304631e-18 2.76075630e-17 1.73919179e-03 3.56607303e-17
4.89489489e-02 -2.44153793e-02 -2.44153114e-02 -5.56065566e-03 7.49484261e+00 1.75309155e+01 3.09349662e+01 3.12075026e+01 3.12075076e+01 3.90066292e+01 3.92261084e+01 5.06341575e-09 2.42635502e-03 7.29174108e-15 9.31762550e-01 2.31646940e-17 3.63060137e-01 5.09031106e-18 3.09992648e-15 2.82242073e-18 1.90401270e-20 3.19352213e-05 3.19349028e-05 2.47933412e-07 1.00220727e-02 2.29303695e-02 1.01007066e-02 8.92367126e-19 8.77452343e-17 1.73919179e-03 3.02231568e-17
4.90990991e-02 -2.44153793e-02 -2.44153109e-02 -5.56065566e-03 7.47856091e+00 1.75309155e+01 3.09613579e+01 3.12075026e+01 3.12075076e+01 3.90066292e+01 3.92261084e+01 1.87057150e-08 2.43379767e-03 6.95350176e-14 9.32039224e-01 9.15470334e-17 3.62349225e-01 5.24765180e-18 2.88374389e-15 1.18818956e-16 1.91887549e-20 3.19352213e-05 3.19349008e-05 2.47933412e-07 1.00040922e-02 2.29303695e-02 1.00753712e-02 4.33867824e-18 8.14484217e-17 1.73919179e-03 2.63801697e-17
4.92492492e-02 -2.44153793e-02 -2.44153105e-02 -5.56065567e-03 7.46233889e+00 1.75309155e+01 3.09876541e+01 3.12075026e+01 3.12075076e+01 3.90066292e+01 3.92261084e+01 7.76772208e-08 2.44124032e-03 6.66353498e-14 9.32314440e-01 5.15666426e-17 3.61640464e-01 4.40742672e-25 2.61029809e-15 7.28238348e-17 1.93382219e-20 3.19352213e-05 3.19348987e-05 2.47933412e-07 9.98615504e-03 2.29303695e-02 1.00500816e-02 5.24312015e-18 7.25161416e-17 1.73919179e-03 1.71624650e-17
4.93993994e-02 -2.44153793e-02 -2.44153100e-02 -5.56065573e-03 7.44617629e+00 1.75309155e+01 3.10138553e+01 3.12075026e+01 3.12075076e+01 3.90066292e+01 3.92261084e+01 4.15042220e-08 2.44868297e-03 1.85879518e-14 9.32588206e-01 5.52888900e-17 3.60933847e-01 7.71817002e-25 2.91416042e-15 5.07243678e-17 1.94885305e-20 3.19352213e-05 3.19348967e-05 2.47933412e-07 9.96826125e-03 2.29303695e-02 1.00248382e-02 3.50626298e-18 8.09843975e-17 1.73919179e-03 1.06516948e-17
4.95495495e-02 -2.44153793e-02 -2.44153096e-02 -5.56065556e-03 7.43007284e+00 1.75309155e+01 3.10399616e+01 3.12075026e+01 3.12075076e+01 3.90066292e+01 3.92261084e+01 8.00496337e-08 2.45612562e-03 7.48968235e-15 9.32860530e-01 8.46939194e-17 3.60229369e-01 6.71836329e-25 5.02613693e-15 1.06886983e-16 1.96396836e-20 3.19352213e-05 3.19348947e-05 2.47933412e-07 9.95041079e-03 2.29303695e-02 9.99964114e-03 3.23215406e-18 1.41014686e-16 1.73919179e-03 6.63363269e-17
4.96996997e-02 -2.44153793e-02 -2.44153091e-02 -5.56065566e-03 7.41402829e+00 1.75309155e+01 3.10659732e+01 3.12075026e+01 3.12075076e+01 3.90066292e+01 3.92261084e+01 1.03263457e-08 2.46356827e-03 1.20264680e-14 9.33131422e-01 2.83952633e-17 3.59527024e-01 6.45037483e-18 1.49365639e-17 1.71092816e-16 1.97916837e-20 3.19352213e-05 3.19348926e-05 2.47933412e-07 9.93260366e-03 2.29303695e-02 9.97449078e-03 3.15874364e-18 5.35571483e-18 1.73919179e-03 1.39455448e-19
4.98498498e-02 -2.44153793e-02 -2.44153087e-02 -5.56065565e-03 7.39804237e+00 1.75309155e+01 3.10918906e+01 3.12075026e+01 3.12075076e+01 3.90066292e+01 3.92261084e+01 6.38557357e-08 2.47101091e-03 3.13620323e-14 9.33400888e-01 7.03898826e-17 3.58826805e-01 7.08525657e-18 2.15119271e-17 1.42979314e-16 1.99445338e-20 3.19352213e-05 3.19348906e-05 2.47933412e-07 9.91483983e-03 2.29303695e-02 9.94938735e-03 3.58135177e-18 6.00011584e-18 1.73919179e-03 2.69570006e-17
5.00000000e-02 -2.44153793e-02 -2.44153082e-02 -5.56065564e-03 7.38211483e+00 1.75309155e+01 3.11177138e+01 3.12075026e+01 3.12075076e+01 3.90066292e+01 3.92261084e+01 1.59293370e-08 2.47845356e-03 1.31273555e-14 9.33668939e-01 1.29209561e-17 3.58128707e-01 8.19323995e-25 3.20093752e-15 1.54599028e-17 2.00982364e-20 3.19352213e-05 3.19348885e-05 2.47933412e-07 9.89711929e-03 2.29303695e-02 9.92433113e-03 3.15602919e-19 8.93352766e-17 1.73919179e-03 3.89237965e-17
5.01501502e-02 -2.44153793e-02 -2.44153078e-02 -5.56065565e-03 7.36624541e+00 1.75309155e+01 3.11434432e+01 3.12075026e+01 3.12075076e+01 3.90066292e+01 3.92261084e+01 4.29026676e-08 2.48589620e-03 5.05312474e-15 9.33935581e-01 1.25734575e-16 3.57432723e-01 1.39656573e-24 8.77304122e-15 3.62425403e-17 2.02527943e-20 3.19352213e-05 3.19348864e-05 2.47933412e-07 9.87944200e-03 2.29303695e-02 9.89932235e-03 6.07684401e-18 2.43113808e-16 1.73919179e-03 4.00797019e-17
5.03003003e-02 -2.44153793e-02 -2.44153073e-02 -5.56065565e-03 7.35043385e+00 1.75309155e+01 3.11690790e+01 3.12075026e+01 3.12075076e+01 3.90066292e+01 3.92261084e+01 6.64440018e-09 2.49333884e-03 2.52208011e-14 9.34200823e-01 1.26843705e-16 3.56738848e-01 1.40533953e-17 1.45159199e-14 1.38389493e-16 2.04082103e-20 3.19352213e-05 3.19348844e-05 2.47933412e-07 9.86180795e-03 2.29303695e-02 9.87436127e-03 5.87448903e-18 4.03566362e-16 1.73919179e-03 2.50629454e-17
5.04504505e-02 -2.44153793e-02 -2.44153069e-02 -5.56065569e-03 7.33467989e+00 1.75309155e+01 3.11946215e+01 3.12075026e+01 3.12075076e+01 3.90066292e+01 3.92261084e+01 2.51304431e-08 2.50078148e-03 2.43078221e-14 9.34464674e-01 7.13380880e-17 3.56047075e-01 1.89519693e-25 3.21833531e-16 8.86333929e-17 2.05644870e-20 3.19352213e-05 3.19348823e-05 2.47933412e-07 9.84421711e-03 2.29303695e-02 9.84944815e-03 2.05032459e-18 7.70146449e-18 1.73919179e-03 4.42319226e-18
5.06006006e-02 -2.44153793e-02 -2.44153064e-02 -5.56065568e-03 7.31898329e+00 1.75309155e+01 3.12075026e+01 3.12075076e+01 3.12200710e+01 3.90066292e+01 3.92261084e+01 9.89584482e-09 2.50822412e-03 2.87248853e-14 9.34727141e-01 4.44178533e-17 2.82986521e-17 2.20083831e-14 3.55357399e-01 1.30424868e-17 2.07216272e-20 3.19352213e-05 3.19348802e-05 2.47933412e-07 9.82666944e-03 2.29303695e-02 4.78569064e-18 6.04307601e-16 9.82458320e-03 1.73919179e-03 7.59455974e-18
5.07507508e-02 -2.44153793e-02 -2.44153060e-02 -5.56065564e-03 7.30334378e+00 1.75309155e+01 3.12075026e+01 3.12075076e+01 3.12454276e+01 3.90066292e+01 3.92261084e+01 4.70096040e-08 2.51566675e-03 1.30165176e-14 9.34988233e-01 8.73352555e-17 6.96231273e-18 3.80204150e-15 3.54669813e-01 2.80277666e-17 2.08796337e-20 3.19352213e-05 3.19348781e-05 2.47933412e-07 9.80916493e-03 2.29303695e-02 6.91296615e-18 1.04241585e-16 9.79976668e-03 1.73919179e-03 5.56560598e-17
5.09009009e-02 -2.44153793e-02 -2.44153055e-02 -5.56065566e-03 7.28776112e+00 1.75309155e+01 3.12075026e+01 3.12075076e+01 3.12706918e+01 3.90066292e+01 3.92261084e+01 1.33248181e-08 2.52310939e-03 1.49682665e-14 9.35247957e-01 7.89428554e-17 2.73428441e-18 1.52896315e-14 3.53984311e-01 8.13799160e-17 2.10385091e-20 3.19352213e-05 3.19348760e-05 2.47933412e-07 9.79170354e-03 2.29303695e-02 3.51241347e-18 4.19162108e-16 9.77499881e-03 1.73919179e-03 1.55883428e-18
5.10510511e-02 -2.44153793e-02 -2.44153051e-02 -5.56065568e-03 7.27223505e+00 1.75309155e+01 3.12075026e+01 3.12075076e+01 3.12958637e+01 3.90066292e+01 3.92261084e+01 1.17117178e-08 2.53055202e-03 5.12231709e-14 9.35506323e-01 3.48642081e-17 1.05018930e-28 1.59927816e-17 3.53300887e-01 4.63898196e-17 2.11982562e-20 3.19352213e-05 3.19348739e-05 2.47933412e-07 9.77428523e-03 2.29303695e-02 4.19085426e-20 4.03633029e-18 9.75027982e-03 1.73919179e-03 2.93137714e-19
5.12012012e-02 -2.44153793e-02 -2.44153046e-02 -5.56065562e-03 7.25676532e+00 1.75309155e+01 3.12075026e+01 3.12075076e+01 3.13209436e+01 3.90066292e+01 3.92261084e+01 1.46220415e-08 2.53799466e-03 1.27487756e-14 9.35763336e-01 9.05252250e-18 5.62247818e-25 4.87565802e-15 3.52619535e-01 7.39132072e-17 2.13588778e-20 3.19352213e-05 3.19348718e-05 2.47933412e-07 9.75690998e-03 2.29303695e-02 2.45180934e-18 1.31610696e-16 9.72560992e-03 1.73919179e-03 3.66512808e-17
5.13513514e-02 -2.44153793e-02 -2.44153041e-02 -5.56065564e-03 7.24135169e+00 1.75309155e+01 3.12075026e+01 3.12075076e+01 3.13459317e+01 3.90066292e+01 3.92261084e+01 7.29230475e-08 2.54543729e-03 1.28059924e-14 9.36019007e-01 4.32151345e-17 1.27059652e-24 5.92786322e-15 3.51940250e-01 1.72805448e-17 2.15203765e-20 3.19352213e-05 3.19348697e-05 2.47933412e-07 9.73957775e-03 2.29303695e-02 6.07304669e-18 1.62878368e-16 9.70098933e-03 1.73919179e-03 6.32057836e-17
5.15015015e-02 -2.44153793e-02 -2.44153037e-02 -5.56065570e-03 7.22599390e+00 1.75309155e+01 3.12075026e+01 3.12075076e+01 3.13708285e+01 3.90066292e+01 3.92261084e+01 3.21264666e-08 2.55287992e-03 6.50631553e-14 9.36273342e-01 1.45788257e-16 1.75243920e-24 6.68675924e-15 3.51263024e-01 1.02276237e-16 2.16827551e-20 3.19352213e-05 3.19348676e-05 2.47933412e-07 9.72228849e-03 2.29303695e-02 2.42614740e-19 1.82725617e-16 9.67641827e-03 1.73919179e-03 1.83207447e-17
5.16516517e-02 -2.44153793e-02 -2.44153032e-02 -5.56065562e-03 7.21069170e+00 1.75309155e+01 3.12075026e+01 3.12075076e+01 3.13956340e+01 3.90066292e+01 3.92261084e+01 4.82859733e-08 2.56032255e-03 2.14190800e-14 9.36526349e-01 4.99996408e-17 1.49226601e-26 3.76482427e-17 3.50587852e-01 6.63931019e-17 2.18460165e-20 3.19352213e-05 3.19348655e-05 2.47933412e-07 9.70504219e-03 2.29303695e-02 1.42554783e-18 4.79904011e-18 9.65189694e-03 1.73919179e-03 1.05337404e-17
5.18018018e-02 -2.44153793e-02 -2.44153027e-02 -5.56065567e-03 7.19544486e+00 1.75309155e+01 3.12075026e+01 3.12075076e+01 3.14203486e+01 3.90066292e+01 3.92261084e+01 2.34442733e-08 2.56776517e-03 2.56953577e-14 9.36778037e-01 5.99426114e-17 4.78775848e-25 2.59931333e-15 3.49914728e-01 5.83531556e-17 2.20101632e-20 3.19352213e-05 3.19348633e-05 2.47933412e-07 9.68783878e-03 2.29303695e-02 1.42223595e-18 6.98811616e-17 9.62742554e-03 1.73919179e-03 1.80995842e-17
5.19519520e-02 -2.44153793e-02 -2.44153023e-02 -5.56065564e-03 7.18025312e+00 1.75309155e+01 3.12075026e+01 3.12075076e+01 3.14449725e+01 3.90066292e+01 3.92261084e+01 3.38234531e-08 2.57520780e-03 9.66876364e-15 9.37028412e-01 2.38532875e-17 1.92161230e-18 6.45020510e-16 3.49243645e-01 5.41269151e-17 2.21751980e-20 3.19352213e-05 3.19348612e-05 2.47933412e-07 9.67067824e-03 2.29303695e-02 7.98117987e-19 1.54758922e-17 9.60300427e-03 1.73919179e-03 4.15838068e-17
5.21021021e-02 -2.44153793e-02 -2.44153018e-02 -5.56065570e-03 7.16511624e+00 1.75309155e+01 3.12075026e+01 3.12075076e+01 3.14695060e+01 3.90066292e+01 3.92261084e+01 3.37191523e-08 2.58265042e-03 3.88130453e-14 9.37277483e-01 8.75130999e-17 1.06282456e-24 4.14777878e-15 3.48574598e-01 3.57522244e-17 2.23411238e-20 3.19352213e-05 3.19348590e-05 2.47933412e-07 9.65356052e-03 2.29303695e-02 1.14376107e-18 1.12134208e-16 9.57863332e-03 1.73919179e-03 1.64072466e-18
5.22522523e-02 -2.44153793e-02 -2.44153013e-02 -5.56065563e-03 7.15003398e+00 1.75309155e+01 3.12075026e+01 3.12075076e+01 3.14939495e+01 3.90066292e+01 3.92261084e+01 2.78229225e-08 2.59009304e-03 2.81547095e-15 9.37525257e-01 9.80686587e-17 2.00150789e-25 9.62197496e-16 3.47907580e-01 3.18849404e-17 2.25079432e-20 3.19352213e-05 3.19348569e-05 2.47933412e-07 9.63648557e-03 2.29303695e-02 3.99190908e-18 2.70106119e-17 9.55431288e-03 1.73919179e-03 4.96558924e-17
5.24024024e-02 -2.44153793e-02 -2.44153009e-02 -5.56065568e-03 7.13500609e+00 1.75309155e+01 3.12075026e+01 3.12075076e+01 3.15183031e+01 3.90066292e+01 3.92261084e+01 5.43471793e-08 2.59753566e-03 1.80865907e-14 9.37771742e-01 2.99516116e-17 1.36018484e-25 1.78743086e-15 3.47242585e-01 1.12574417e-17 2.26756590e-20 3.19352213e-05 3.19348547e-05 2.47933412e-07 9.61945336e-03 2.29303695e-02 1.14253438e-18 4.82424624e-17 9.53004313e-03 1.73919179e-03 1.82894615e-18
5.25525526e-02 -2.44153793e-02 -2.44153004e-02 -5.56065566e-03 7.12003234e+00 1.75309155e+01 3.12075026e+01 3.12075076e+01 3.15425671e+01 3.90066292e+01 3.92261084e+01 5.23970331e-08 2.60497828e-03 5.96871600e-15 9.38016946e-01 1.19005939e-16 2.41223180e-18 1.61403628e-15 3.46579607e-01 1.49573563e-16 2.28442740e-20 3.19352213e-05 3.19348526e-05 2.47933412e-07 9.60246384e-03 2.29303695e-02 4.06264152e-18 4.65311027e-17 9.50582426e-03 1.73919179e-03 7.78552644e-18
5.27027027e-02 -2.44153793e-02 -2.44152999e-02 -5.56065569e-03 7.10511248e+00 1.75309155e+01 3.12075026e+01 3.12075076e+01 3.15667418e+01 3.90066292e+01 3.92261084e+01 5.66152235e-08 2.61242090e-03 3.75509434e-14 9.38260875e-01 3.41346258e-17 2.49246363e-18 1.48115493e-15 3.45918640e-01 1.46032813e-16 2.30137908e-20 3.19352213e-05 3.19348504e-05 2.47933412e-07 9.58551696e-03 2.29303695e-02 4.33889941e-18 4.00432999e-17 9.48165643e-03 1.73919179e-03 4.16900677e-17
5.28528529e-02 -2.44153793e-02 -2.44152994e-02 -5.56065570e-03 7.09024627e+00 1.75309155e+01 3.12075026e+01 3.12075076e+01 3.15908275e+01 3.90066292e+01 3.92261084e+01 4.62755108e-08 2.61986352e-03 2.41796020e-14 9.38503538e-01 4.57955631e-17 5.53287877e-26 3.78482366e-16 3.45259678e-01 6.79191086e-17 2.31842123e-20 3.19352213e-05 3.19348482e-05 2.47933412e-07 9.56861266e-03 2.29303695e-02 1.42618065e-18 1.25929637e-17 9.45753983e-03 1.73919179e-03 2.60567831e-17
5.30030030e-02 -2.44153793e-02 -2.44152990e-02 -5.56065568e-03 7.07543347e+00 1.75309155e+01 3.12075026e+01 3.12075076e+01 3.16148244e+01 3.90066292e+01 3.92261084e+01 3.03720762e-08 2.62730613e-03 4.04200789e-15 9.38744942e-01 5.14090637e-17 2.62362953e-18 6.84078773e-16 3.44602715e-01 3.78381098e-17 2.33555412e-20 3.19352213e-05 3.19348460e-05 2.47933412e-07 9.55175091e-03 2.29303695e-02 1.14989479e-18 2.02550567e-17 9.43347461e-03 1.73919179e-03 5.45487885e-18
5.31531532e-02 -2.44153793e-02 -2.44152985e-02 -5.56065566e-03 7.06067385e+00 1.75309155e+01 3.12075026e+01 3.12075076e+01 3.16387328e+01 3.90066292e+01 3.92261084e+01 7.32429546e-09 2.63474875e-03 6.12387801e-15 9.38985094e-01 3.51340790e-17 2.67791439e-18 6.33643806e-16 3.43947744e-01 1.25342394e-16 2.35277803e-20 3.19352213e-05 3.19348438e-05 2.47933412e-07 9.53493165e-03 2.29303695e-02 5.72317201e-18 1.67099657e-17 9.40946094e-03 1.73919179e-03 3.88857234e-18
5.33033033e-02 -2.44153793e-02 -2.44152980e-02 -5.56065567e-03 7.04596717e+00 1.75309155e+01 3.12075026e+01 3.12075076e+01 3.16625530e+01 3.90066292e+01 3.92261084e+01 5.34613701e-08 2.64219136e-03 4.04380247e-14 9.39224003e-01 1.06867021e-16 5.45259367e-18 1.21396634e-15 3.43294759e-01 5.67720571e-18 2.37009322e-20 3.19352213e-05 3.19348417e-05 2.47933412e-07 9.51815483e-03 2.29303695e-02 4.34018639e-18 3.12163408e-17 9.38549897e-03 1.73919179e-03 7.30114977e-17
5.34534535e-02 -2.44153793e-02 -2.44152975e-02 -5.56065568e-03 7.03131320e+00 1.75309155e+01 3.12075026e+01 3.12075076e+01 3.16862853e+01 3.90066292e+01 3.92261084e+01 2.70863916e-09 2.64963397e-03 4.06534063e-14 9.39461674e-01 1.02857624e-17 1.72932338e-31 2.27822591e-17 3.42643755e-01 1.33126102e-17 2.38749999e-20 3.19352213e-05 3.19348395e-05 2.47933412e-07 9.50142040e-03 2.29303695e-02 1.87579453e-18 6.03052760e-18 9.36158887e-03 1.73919179e-03 1.38554346e-18
5.36036036e-02 -2.44153793e-02 -2.44152970e-02 -5.56065568e-03 7.01671170e+00 1.75309155e+01 3.12075026e+01 3.12075076e+01 3.17099299e+01 3.90066292e+01 3.92261084e+01 4.88914598e-09 2.65707658e-03 1.02892345e-14 9.39698115e-01 7.45097952e-17 1.00490456e-25 1.06868277e-15 3.41994725e-01 9.50894135e-17 2.40499860e-20 3.19352213e-05 3.19348372e-05 2.47933412e-07 9.48472829e-03 2.29303695e-02 7.45648691e-18 2.87205531e-17 9.33773078e-03 1.73919179e-03 8.46126028e-18
5.37537538e-02 -2.44153793e-02 -2.44152966e-02 -5.56065567e-03 7.00216243e+00 1.75309155e+01 3.12075026e+01 3.12075076e+01 3.17334871e+01 3.90066292e+01 3.92261084e+01 4.16356055e-08 2.66451918e-03 4.34401430e-14 9.39933334e-01 4.08142085e-17 2.17522179e-25 9.84336987e-16 3.41347663e-01 5.62884791e-17 2.42258934e-20 3.19352213e-05 3.19348350e-05 2.47933412e-07 9.46807847e-03 2.29303695e-02 8.69212499e-19 2.63700549e-17 9.31392484e-03 1.73919179e-03 3.63268463e-17
5.39039039e-02 -2.44153793e-02 -2.44152961e-02 -5.56065568e-03 6.98766517e+00 1.75309155e+01 3.12075026e+01 3.12075076e+01 3.17569572e+01 3.90066292e+01 3.92261084e+01 1.89767748e-08 2.67196179e-03 1.53384846e-14 9.40167338e-01 6.55429291e-17 2.34403706e-25 1.96226741e-15 3.40702563e-01 3.03395882e-17 2.44027247e-20 3.19352213e-05 3.19348328e-05 2.47933412e-07 9.45147086e-03 2.29303695e-02 2.05041530e-18 5.14731981e-17 9.29017120e-03 1.73919179e-03 3.18295545e-17
5.40540541e-02 -2.44153793e-02 -2.44152956e-02 -5.56065572e-03 6.97321968e+00 1.75309155e+01 3.12075026e+01 3.12075076e+01 3.17803405e+01 3.90066292e+01 3.92261084e+01 4.54501026e-08 2.67940439e-03 7.40713720e-15 9.40400134e-01 5.90539012e-17 1.00579971e-25 9.31373053e-16 3.40059418e-01 1.52136524e-16 2.45804827e-20 3.19352213e-05 3.19348306e-05 2.47933412e-07 9.43490542e-03 2.29303695e-02 5.59466353e-18 2.59130862e-17 9.26647000e-03 1.73919179e-03 2.57556528e-17
5.42042042e-02 -2.44153793e-02 -2.44152951e-02 -5.56065564e-03 6.95882573e+00 1.75309155e+01 3.12075026e+01 3.12075076e+01 3.18036372e+01 3.90066292e+01 3.92261084e+01 1.07073718e-07 2.68684699e-03 2.61688497e-14 9.40631729e-01 1.28336336e-16 1.74249445e-26 1.83769650e-18 3.39418224e-01 8.05646235e-17 2.47591703e-20 3.19352213e-05 3.19348284e-05 2.47933412e-07 9.41838208e-03 2.29303695e-02 2.25605990e-18 1.59743255e-18 9.24282137e-03 1.73919179e-03 3.91579324e-17
5.43543544e-02 -2.44153793e-02 -2.44152946e-02 -5.56065569e-03 6.94448310e+00 1.75309155e+01 3.12075026e+01 3.12075076e+01 3.18268476e+01 3.90066292e+01 3.92261084e+01 1.12431419e-08 2.69428959e-03 5.59504925e-14 9.40862131e-01 6.08564355e-17 2.19202874e-26 2.55224881e-17 3.38778972e-01 4.71409428e-17 2.49387901e-20 3.19352213e-05 3.19348261e-05 2.47933412e-07 9.40190078e-03 2.29303695e-02 1.70411501e-18 1.10558541e-17 9.21922545e-03 1.73919179e-03 1.31998402e-18
5.45045045e-02 -2.44153793e-02 -2.44152941e-02 -5.56065567e-03 6.93019156e+00 1.75309155e+01 3.12075026e+01 3.12075076e+01 3.18499720e+01 3.90066292e+01 3.92261084e+01 8.28509831e-08 2.70173219e-03 1.47001343e-14 9.41091345e-01 6.50998546e-18 2.91798133e-25 1.45388528e-15 3.38141659e-01 1.14092310e-16 2.51193450e-20 3.19352213e-05 3.19348239e-05 2.47933412e-07 9.38546148e-03 2.29303695e-02 3.43397422e-18 3.91884425e-17 9.19568235e-03 1.73919179e-03 3.13382317e-17
5.46546547e-02 -2.44153793e-02 -2.44152936e-02 -5.56065566e-03 6.91595087e+00 1.75309155e+01 3.12075026e+01 3.12075076e+01 3.18730107e+01 3.90066292e+01 3.92261084e+01 3.46837643e-08 2.70917479e-03 2.96612200e-16 9.41319379e-01 9.70912495e-17 3.00247923e-18 2.92379608e-17 3.37506276e-01 6.62891599e-17 2.53008377e-20 3.19352213e-05 3.19348216e-05 2.47933412e-07 9.36906409e-03 2.29303695e-02 5.16274240e-19 2.38905892e-18 9.17219220e-03 1.73919179e-03 9.55629713e-18
5.48048048e-02 -2.44153793e-02 -2.44152931e-02 -5.56065568e-03 6.90176081e+00 1.75309155e+01 3.12075026e+01 3.12075076e+01 3.18959639e+01 3.90066292e+01 3.92261084e+01 1.72574085e-09 2.71661739e-03 2.06310254e-14 9.41546241e-01 4.79514038e-17 3.02230868e-18 7.36177391e-16 3.36872818e-01 6.24109248e-17 2.54832710e-20 3.19352213e-05 3.19348194e-05 2.47933412e-07 9.35270857e-03 2.29303695e-02 9.26596970e-18 2.28169839e-17 9.14875512e-03 1.73919179e-03 2.74681559e-17
5.49549550e-02 -2.44153793e-02 -2.44152926e-02 -5.56065567e-03 6.88762116e+00 1.75309155e+01 3.12075026e+01 3.12075076e+01 3.19188319e+01 3.90066292e+01 3.92261084e+01 1.78102494e-08 2.72405998e-03 1.09113407e-14 9.41771937e-01 5.27213352e-17 3.51856865e-18 6.85915292e-17 3.36241280e-01 8.32570061e-18 2.56666477e-20 3.19352213e-05 3.19348171e-05 2.47933412e-07 9.33639484e-03 2.29303695e-02 7.80959982e-18 3.71227285e-18 9.12537123e-03 1.73919179e-03 3.52364988e-17
5.51051051e-02 -2.44153793e-02 -2.44152921e-02 -5.56065563e-03 6.87353169e+00 1.75309155e+01 3.12075026e+01 3.12075076e+01 3.19416150e+01 3.90066292e+01 3.92261084e+01 1.04167942e-08 2.73150257e-03 3.32409239e-14 9.41996474e-01 9.64022445e-17 1.10966250e-25 6.74044310e-16 3.35611655e-01 4.38580930e-17 2.58509706e-20 3.19352213e-05 3.19348148e-05 2.47933412e-07 9.32012285e-03 2.29303695e-02 1.97600990e-18 1.93567084e-17 9.10204063e-03 1.73919179e-03 2.09608913e-17
5.52552553e-02 -2.44153793e-02 -2.44152916e-02 -5.56065568e-03 6.85949218e+00 1.75309155e+01 3.12075026e+01 3.12075076e+01 3.19643134e+01 3.90066292e+01 3.92261084e+01 7.79965396e-09 2.73894517e-03 1.78469828e-14 9.42219858e-01 3.27646348e-17 2.10853070e-25 1.04500929e-15 3.34983936e-01 7.10044004e-17 2.60362424e-20 3.19352213e-05 3.19348126e-05 2.47933412e-07 9.30389253e-03 2.29303695e-02 4.96371662e-18 2.66827426e-17 9.07876344e-03 1.73919179e-03 6.77481599e-18
5.54054054e-02 -2.44153793e-02 -2.44152912e-02 -5.56065568e-03 6.84550241e+00 1.75309155e+01 3.12075026e+01 3.12075076e+01 3.19869276e+01 3.90066292e+01 3.92261084e+01 4.10702942e-08 2.74638775e-03 2.88661395e-14 9.42442097e-01 1.37753108e-17 3.08928430e-18 5.38070551e-18 3.34358118e-01 1.33152796e-17 2.62224659e-20 3.19352213e-05 3.19348103e-05 2.47933412e-07 9.28770381e-03 2.29303695e-02 2.25331441e-18 8.68864879e-18 9.05553975e-03 1.73919179e-03 3.84605289e-19
5.55555556e-02 -2.44153793e-02 -2.44152907e-02 -5.56065567e-03 6.83156214e+00 1.75309155e+01 3.12075026e+01 3.12075076e+01 3.20094576e+01 3.90066292e+01 3.92261084e+01 4.23548225e-09 2.75383034e-03 1.40893857e-14 9.42663197e-01 7.39250753e-17 3.10349653e-18 2.05813305e-16 3.33734195e-01 1.29992495e-16 2.64096439e-20 3.19352213e-05 3.19348080e-05 2.47933412e-07 9.27155663e-03 2.29303695e-02 1.23674188e-18 6.82868334e-18 9.03236968e-03 1.73919179e-03 1.14851703e-18
5.57057057e-02 -2.44153793e-02 -2.44152901e-02 -5.56065568e-03 6.81767118e+00 1.75309155e+01 3.12075026e+01 3.12075076e+01 3.20319039e+01 3.90066292e+01 3.92261084e+01 5.39414195e-08 2.76127293e-03 6.20844446e-16 9.42883166e-01 1.16764947e-16 6.86958802e-26 5.81800247e-16 3.33112160e-01 1.58668718e-16 2.65977792e-20 3.19352213e-05 3.19348057e-05 2.47933412e-07 9.25545091e-03 2.29303695e-02 8.65993257e-19 1.58345128e-17 9.00925332e-03 1.73919179e-03 1.85248657e-17
5.58558559e-02 -2.44153793e-02 -2.44152896e-02 -5.56065569e-03 6.80382929e+00 1.75309155e+01 3.12075026e+01 3.12075076e+01 3.20542666e+01 3.90066292e+01 3.92261084e+01 1.20709485e-08 2.76871551e-03 3.07003891e-14 9.43102009e-01 1.13068669e-16 7.30299053e-26 6.24200664e-16 3.32492008e-01 3.28321655e-17 2.67868745e-20 3.19352213e-05 3.19348034e-05 2.47933412e-07 9.23938660e-03 2.29303695e-02 2.25253440e-18 1.80537740e-17 8.98619075e-03 1.73919179e-03 2.52047847e-17
5.60060060e-02 -2.44153793e-02 -2.44152891e-02 -5.56065568e-03 6.79003625e+00 1.75309155e+01 3.12075026e+01 3.12075076e+01 3.20765461e+01 3.90066292e+01 3.92261084e+01 2.98087188e-08 2.77615810e-03 2.49472268e-14 9.43319733e-01 2.78622808e-17 4.48077261e-26 1.27646407e-16 3.31873732e-01 3.96067194e-17 2.69769328e-20 3.19352213e-05 3.19348011e-05 2.47933412e-07 9.22336362e-03 2.29303695e-02 6.62642637e-18 4.26492803e-18 8.96318208e-03 1.73919179e-03 1.20362182e-17
5.61561562e-02 -2.44153793e-02 -2.44152886e-02 -5.56065569e-03 6.77629185e+00 1.75309155e+01 3.12075026e+01 3.12075076e+01 3.20987426e+01 3.90066292e+01 3.92261084e+01 1.66183365e-08 2.78360068e-03 1.28999926e-14 9.43536346e-01 6.83874908e-18 1.47340588e-26 4.81217114e-17 3.31257326e-01 2.22075945e-17 2.71679566e-20 3.19352213e-05 3.19347988e-05 2.47933412e-07 9.20738190e-03 2.29303695e-02 2.53920093e-19 7.40094257e-18 8.94022739e-03 1.73919179e-03 8.18344084e-18
5.63063063e-02 -2.44153793e-02 -2.44152881e-02 -5.56065565e-03 6.76259588e+00 1.75309155e+01 3.12075026e+01 3.12075076e+01 3.21208564e+01 3.90066292e+01 3.92261084e+01 1.40236743e-08 2.79104326e-03 1.13133751e-14 9.43751852e-01 1.32637594e-17 3.51711374e-18 5.89937432e-17 3.30642785e-01 9.01588090e-19 2.73599490e-20 3.19352213e-05 3.19347965e-05 2.47933412e-07 9.19144137e-03 2.29303695e-02 2.35563184e-18 2.13562439e-18 8.91732676e-03 1.73919179e-03 2.63292695e-17
5.64564565e-02 -2.44153793e-02 -2.44152876e-02 -5.56065568e-03 6.74894811e+00 1.75309155e+01 3.12075026e+01 3.12075076e+01 3.21428878e+01 3.90066292e+01 3.92261084e+01 3.55981302e-08 2.79848584e-03 7.73183756e-15 9.43966260e-01 2.71288190e-17 4.87262614e-26 5.27335751e-16 3.30030102e-01 1.76937506e-16 2.75529125e-20 3.19352213e-05 3.19347941e-05 2.47933412e-07 9.17554197e-03 2.29303695e-02 5.44521312e-18 1.64356001e-17 8.89448027e-03 1.73919179e-03 4.76923438e-17
5.66066066e-02 -2.44153793e-02 -2.44152871e-02 -5.56065566e-03 6.73534833e+00 1.75309155e+01 3.12075026e+01 3.12075076e+01 3.21648371e+01 3.90066292e+01 3.92261084e+01 5.59200431e-09 2.80592841e-03 3.99833763e-14 9.44179576e-01 6.36740004e-17 3.51094163e-26 1.95558137e-16 3.29419270e-01 2.32660397e-18 2.77468501e-20 3.19352213e-05 3.19347918e-05 2.47933412e-07 9.15968360e-03 2.29303695e-02 5.52020242e-18 6.79963938e-18 8.87168801e-03 1.73919179e-03 9.25744153e-19
5.67567568e-02 -2.44153793e-02 -2.44152866e-02 -5.56065562e-03 6.72179633e+00 1.75309155e+01 3.12075026e+01 3.12075076e+01 3.21867045e+01 3.90066292e+01 3.92261084e+01 1.17199114e-08 2.81337099e-03 4.35665839e-14 9.44391805e-01 2.70549220e-17 1.02840150e-25 7.87400539e-16 3.28810285e-01 3.15510124e-17 2.79417645e-20 3.19352213e-05 3.19347895e-05 2.47933412e-07 9.14386622e-03 2.29303695e-02 7.53372075e-18 2.18420157e-17 8.84895004e-03 1.73919179e-03 6.32312495e-17
5.69069069e-02 -2.44153793e-02 -2.44152861e-02 -5.56065569e-03 6.70829190e+00 1.75309155e+01 3.12075026e+01 3.12075076e+01 3.22084903e+01 3.90066292e+01 3.92261084e+01 3.44253333e-09 2.82081356e-03 1.32371516e-14 9.44602954e-01 4.14889954e-17 9.18329108e-26 5.66824211e-16 3.28203140e-01 8.40195436e-17 2.81376586e-20 3.19352213e-05 3.19347871e-05 2.47933412e-07 9.12808973e-03 2.29303695e-02 4.06914729e-18 1.19966692e-17 8.82626644e-03 1.73919179e-03 3.83850877e-17
5.70570571e-02 -2.44153793e-02 -2.44152856e-02 -5.56065566e-03 6.69483482e+00 1.75309155e+01 3.12075026e+01 3.12075076e+01 3.22301948e+01 3.90066292e+01 3.92261084e+01 2.50164062e-09 2.82825613e-03 4.62734403e-14 9.44813031e-01 3.43772141e-17 3.20918778e-18 5.09721660e-16 3.27597829e-01 8.71468619e-17 2.83345350e-20 3.19352213e-05 3.19347848e-05 2.47933412e-07 9.11235407e-03 2.29303695e-02 9.26594078e-18 1.30125802e-17 8.80363727e-03 1.73919179e-03 1.81022338e-18
5.72072072e-02 -2.44153793e-02 -2.44152851e-02 -5.56065565e-03 6.68142488e+00 1.75309155e+01 3.12075026e+01 3.12075076e+01 3.22518183e+01 3.90066292e+01 3.92261084e+01 4.67947711e-08 2.83569870e-03 7.89255858e-15 9.45022040e-01 6.68389553e-17 3.14403143e-28 1.56122642e-17 3.26994346e-01 3.87603809e-17 2.85323967e-20 3.19352213e-05 3.19347824e-05 2.47933412e-07 9.09665916e-03 2.29303695e-02 4.06265360e-18 1.36271955e-18 8.78106259e-03 1.73919179e-03 2.46286001e-17
5.73573574e-02 -2.44153793e-02 -2.44152845e-02 -5.56065568e-03 6.66806188e+00 1.75309155e+01 3.12075026e+01 3.12075076e+01 3.22733611e+01 3.90066292e+01 3.92261084e+01 4.86079930e-08 2.84314127e-03 1.50566384e-14 9.45229989e-01 2.43163658e-17 3.22465870e-18 4.91403734e-16 3.26392685e-01 4.06708748e-17 2.87312464e-20 3.19352213e-05 3.19347801e-05 2.47933412e-07 9.08100493e-03 2.29303695e-02 6.65291964e-19 1.20529915e-17 8.75854248e-03 1.73919179e-03 2.75729597e-17
5.75075075e-02 -2.44153793e-02 -2.44152840e-02 -5.56065567e-03 6.65474560e+00 1.75309155e+01 3.12075026e+01 3.12075076e+01 3.22948234e+01 3.90066292e+01 3.92261084e+01 4.36064831e-08 2.85058384e-03 2.46115584e-14 9.45436883e-01 9.95841515e-17 1.05961722e-25 4.48777642e-16 3.25792840e-01 1.00630707e-16 2.89310870e-20 3.19352213e-05 3.19347777e-05 2.47933412e-07 9.06539129e-03 2.29303695e-02 1.49402572e-18 1.07950247e-17 8.73607698e-03 1.73919179e-03 3.65347187e-17
5.76576577e-02 -2.44153793e-02 -2.44152835e-02 -5.56065569e-03 6.64147584e+00 1.75309155e+01 3.12075026e+01 3.12075076e+01 3.23162055e+01 3.90066292e+01 3.92261084e+01 1.39971717e-09 2.85802640e-03 8.59745785e-15 9.45642729e-01 7.55880425e-18 3.23880033e-18 4.18610187e-18 3.25194805e-01 9.23120590e-17 2.91319212e-20 3.19352213e-05 3.19347753e-05 2.47933412e-07 9.04981818e-03 2.29303695e-02 1.67194876e-18 1.03687005e-17 8.71366616e-03 1.73919179e-03 3.64179191e-17
5.78078078e-02 -2.44153793e-02 -2.44152830e-02 -5.56065566e-03 6.62825238e+00 1.75309155e+01 3.12075026e+01 3.12075076e+01 3.23375076e+01 3.90066292e+01 3.92261084e+01 7.13555114e-09 2.86546897e-03 2.29868759e-14 9.45847533e-01 1.02496140e-17 5.66868491e-26 4.84384362e-16 3.24598574e-01 2.13619255e-16 2.93337518e-20 3.19352213e-05 3.19347730e-05 2.47933412e-07 9.03428551e-03 2.29303695e-02 3.71141798e-18 1.16884428e-17 8.69131007e-03 1.73919179e-03 2.72757620e-17
5.79579580e-02 -2.44153793e-02 -2.44152825e-02 -5.56065565e-03 6.61507503e+00 1.75309155e+01 3.12075026e+01 3.12075076e+01 3.23587302e+01 3.90066292e+01 3.92261084e+01 2.24994122e-08 2.87291153e-03 2.53891566e-16 9.46051301e-01 2.70002848e-17 7.80725147e-26 4.44882550e-16 3.24004141e-01 2.52572348e-17 2.95365817e-20 3.19352213e-05 3.19347706e-05 2.47933412e-07 9.01879321e-03 2.29303695e-02 3.54933007e-19 1.25603795e-17 8.66900875e-03 1.73919179e-03 1.60397549e-17
5.81081081e-02 -2.44153793e-02 -2.44152819e-02 -5.56065567e-03 6.60194359e+00 1.75309155e+01 3.12075026e+01 3.12075076e+01 3.23798734e+01 3.90066292e+01 3.92261084e+01 2.52762166e-08 2.88035409e-03 7.73751366e-15 9.46254039e-01 1.02468147e-16 3.25786845e-18 6.56482065e-16 3.23411499e-01 4.77112022e-17 2.97404137e-20 3.19352213e-05 3.19347682e-05 2.47933412e-07 9.00334120e-03 2.29303695e-02 9.41667474e-19 1.73758747e-17 8.64676225e-03 1.73919179e-03 1.48455274e-17
5.82582583e-02 -2.44153793e-02 -2.44152814e-02 -5.56065565e-03 6.58885783e+00 1.75309155e+01 3.12075026e+01 3.12075076e+01 3.24009374e+01 3.90066292e+01 3.92261084e+01 6.95223275e-08 2.88779665e-03 4.83401044e-14 9.46455753e-01 1.28970517e-16 3.26372010e-18 2.15250606e-16 3.22820644e-01 6.34059643e-17 2.99452506e-20 3.19352213e-05 3.19347658e-05 2.47933412e-07 8.98792939e-03 2.29303695e-02 6.35112846e-18 8.95163524e-18 8.62457061e-03 1.73919179e-03 2.76839962e-17
5.84084084e-02 -2.44153793e-02 -2.44152809e-02 -5.56065568e-03 6.57581757e+00 1.75309155e+01 3.12075026e+01 3.12075076e+01 3.24219227e+01 3.90066292e+01 3.92261084e+01 4.13105348e-08 2.89523921e-03 5.76686444e-15 9.46656450e-01 2.05422296e-17 8.62271750e-26 3.91920255e-16 3.22231569e-01 2.00313085e-17 3.01510952e-20 3.19352213e-05 3.19347634e-05 2.47933412e-07 8.97255772e-03 2.29303695e-02 2.95510450e-18 1.02467148e-17 8.60243389e-03 1.73919179e-03 3.47980101e-17
5.85585586e-02 -2.44153793e-02 -2.44152804e-02 -5.56065563e-03 6.56282259e+00 1.75309155e+01 3.12075026e+01 3.12075076e+01 3.24428294e+01 3.90066292e+01 3.92261084e+01 5.46878849e-08 2.90268176e-03 4.08003077e-15 9.46856135e-01 6.16941181e-17 3.27475150e-18 3.51612126e-16 3.21644268e-01 2.02216074e-17 3.03579503e-20 3.19352213e-05 3.19347610e-05 2.47933412e-07 8.95722609e-03 2.29303695e-02 3.17938904e-19 9.59121408e-18 8.58035210e-03 1.73919179e-03 3.42506465e-17
5.87087087e-02 -2.44153793e-02 -2.44152798e-02 -5.56065562e-03 6.54987271e+00 1.75309155e+01 3.12075026e+01 3.12075076e+01 3.24636579e+01 3.90066292e+01 3.92261084e+01 1.52172262e-09 2.91012431e-03 4.90418031e-14 9.47054814e-01 1.08430513e-17 1.93336653e-25 1.01852568e-15 3.21058735e-01 1.95271403e-17 3.05658187e-20 3.19352213e-05 3.19347585e-05 2.47933412e-07 8.94193443e-03 2.29303695e-02 3.71372161e-18 2.51975738e-17 8.55832530e-03 1.73919179e-03 3.63179727e-17
5.88588589e-02 -2.44153793e-02 -2.44152793e-02 -5.56065567e-03 6.53696771e+00 1.75309155e+01 3.12075026e+01 3.12075076e+01 3.24844084e+01 3.90066292e+01 3.92261084e+01 7.13739458e-08 2.91756687e-03 8.73882854e-15 9.47252493e-01 2.74531459e-17 6.97936041e-26 6.25869708e-16 3.20474964e-01 1.01431713e-16 3.07747033e-20 3.19352213e-05 3.19347561e-05 2.47933412e-07 8.92668265e-03 2.29303695e-02 2.05165640e-18 1.52292041e-17 8.53635351e-03 1.73919179e-03 5.97615478e-17
5.90090090e-02 -2.44153793e-02 -2.44152788e-02 -5.56065567e-03 6.52410740e+00 1.75309155e+01 3.12075026e+01 3.12075076e+01 3.25050812e+01 3.90066292e+01 3.92261084e+01 1.59833823e-09 2.92500942e-03 4.10869386e-15 9.47449178e-01 8.94725573e-18 4.19871262e-26 1.34203986e-16 3.19892950e-01 8.57824229e-17 3.09846069e-20 3.19352213e-05 3.19347537e-05 2.47933412e-07 8.91147068e-03 2.29303695e-02 5.20286076e-19 9.97400584e-18 8.51443677e-03 1.73919179e-03 1.28405015e-17
5.91591592e-02 -2.44153793e-02 -2.44152782e-02 -5.56065565e-03 6.51129159e+00 1.75309155e+01 3.12075026e+01 3.12075076e+01 3.25256765e+01 3.90066292e+01 3.92261084e+01 1.20600906e-08 2.93245196e-03 5.79499234e-14 9.47644875e-01 1.25412262e-17 3.51487055e-18 6.13278936e-18 3.19312686e-01 1.76685847e-16 3.11955322e-20 3.19352213e-05 3.19347513e-05 2.47933412e-07 8.89629843e-03 2.29303695e-02 1.70215128e-18 4.72776816e-18 8.49257509e-03 1.73919179e-03 5.06896260e-19
5.93093093e-02 -2.44153793e-02 -2.44152777e-02 -5.56065567e-03 6.49852006e+00 1.75309155e+01 3.12075026e+01 3.12075076e+01 3.25461947e+01 3.90066292e+01 3.92261084e+01 7.36373069e-08 2.93989451e-03 8.76288824e-15 9.47839590e-01 1.08990762e-17 1.86771499e-27 2.27742934e-17 3.18734166e-01 7.63799804e-18 3.14074823e-20 3.19352213e-05 3.19347488e-05 2.47933412e-07 8.88116582e-03 2.29303695e-02 1.14696935e-18 7.01674510e-18 8.47076851e-03 1.73919179e-03 3.77037489e-18
5.94594595e-02 -2.44153793e-02 -2.44152772e-02 -5.56065565e-03 6.48579263e+00 1.75309155e+01 3.12075026e+01 3.12075076e+01 3.25666360e+01 3.90066292e+01 3.92261084e+01 2.94971610e-08 2.94733706e-03 3.57441729e-14 9.48033328e-01 1.93090224e-17 1.15629284e-25 5.96677319e-16 3.18157386e-01 4.02406711e-17 3.16204597e-20 3.19352213e-05 3.19347464e-05 2.47933412e-07 8.86607276e-03 2.29303695e-02 4.89169773e-18 1.88224813e-17 8.44901704e-03 1.73919179e-03 6.44226786e-18
5.96096096e-02 -2.44153793e-02 -2.44152766e-02 -5.56065566e-03 6.47310910e+00 1.75309155e+01 3.12075026e+01 3.12075076e+01 3.25870007e+01 3.90066292e+01 3.92261084e+01 5.15663350e-09 2.95477960e-03 9.38788546e-16 9.48226095e-01 6.76920102e-17 3.30749041e-18 8.15057483e-17 3.17582338e-01 4.94285129e-17 3.18344675e-20 3.19352213e-05 3.19347439e-05 2.47933412e-07 8.85101917e-03 2.29303695e-02 5.17080612e-18 3.36438012e-18 8.42732071e-03 1.73919179e-03 6.95017048e-18
5.97597598e-02 -2.44153793e-02 -2.44152761e-02 -5.56065565e-03 6.46046928e+00 1.75309155e+01 3.12075026e+01 3.12075076e+01 3.26072891e+01 3.90066292e+01 3.92261084e+01 5.42565403e-08 2.96222214e-03 7.66478636e-15 9.48417898e-01 5.96408217e-17 8.60935371e-26 5.09585212e-16 3.17009016e-01 2.86836096e-17 3.20495084e-20 3.19352213e-05 3.19347414e-05 2.47933412e-07 8.83600497e-03 2.29303695e-02 1.42253578e-18 1.37642627e-17 8.40567954e-03 1.73919179e-03 1.55715852e-18
5.99099099e-02 -2.44153793e-02 -2.44152756e-02 -5.56065566e-03 6.44787297e+00 1.75309155e+01 3.12075026e+01 3.12075076e+01 3.26275014e+01 3.90066292e+01 3.92261084e+01 4.59406241e-08 2.96966468e-03 1.25612280e-15 9.48608741e-01 6.34021370e-17 3.31546512e-18 1.74551427e-16 3.16437416e-01 1.21538981e-18 3.22655852e-20 3.19352213e-05 3.19347390e-05 2.47933412e-07 8.82103007e-03 2.29303695e-02 4.05909246e-18 9.60726980e-18 8.38409353e-03 1.73919179e-03 3.19509144e-17
6.00600601e-02 -2.44153793e-02 -2.44152750e-02 -5.56065567e-03 6.43531997e+00 1.75309155e+01 3.12075026e+01 3.12075076e+01 3.26476379e+01 3.90066292e+01 3.92261084e+01 2.41447786e-08 2.97710722e-03 1.96083330e-14 9.48798630e-01 5.31764862e-17 1.36665574e-26 1.10380562e-16 3.15867531e-01 1.25157028e-17 3.24827009e-20 3.19352213e-05 3.19347365e-05 2.47933412e-07 8.80609438e-03 2.29303695e-02 2.04794766e-18 8.27376764e-18 8.36256270e-03 1.73919179e-03 4.01581982e-17
6.02102102e-02 -2.44153793e-02 -2.44152745e-02 -5.56065568e-03 6.42281011e+00 1.75309155e+01 3.12075026e+01 3.12075076e+01 3.26676989e+01 3.90066292e+01 3.92261084e+01 1.05431006e-08 2.98454976e-03 3.33622710e-15 9.48987570e-01 2.26806956e-17 3.51428321e-18 1.48987354e-17 3.15299356e-01 4.10703703e-17 3.27008581e-20 3.19352213e-05 3.19347340e-05 2.47933412e-07 8.79119783e-03 2.29303695e-02 4.96606631e-19 1.53582336e-18 8.34108707e-03 1.73919179e-03 5.18928567e-17
6.03603604e-02 -2.44153793e-02 -2.44152739e-02 -5.56065564e-03 6.41034318e+00 1.75309155e+01 3.12075026e+01 3.12075076e+01 3.26876846e+01 3.90066292e+01 3.92261084e+01 5.04414683e-08 2.99199229e-03 6.46798933e-15 9.49175569e-01 6.05247383e-17 3.32649091e-18 2.59318215e-16 3.14732884e-01 1.24815690e-16 3.29200599e-20 3.19352213e-05 3.19347315e-05 2.47933412e-07 8.77634032e-03 2.29303695e-02 2.80584125e-18 1.16179167e-17 8.31966662e-03 1.73919179e-03 2.55833683e-17
6.05105105e-02 -2.44153793e-02 -2.44152734e-02 -5.56065565e-03 6.39791899e+00 1.75309155e+01 3.12075026e+01 3.12075076e+01 3.27075954e+01 3.90066292e+01 3.92261084e+01 4.58583820e-08 2.99943482e-03 1.12436856e-14 9.49362630e-01 4.21009472e-17 9.93974818e-26 4.94027549e-16 3.14168109e-01 3.54609230e-17 3.31403089e-20 3.19352213e-05 3.19347291e-05 2.47933412e-07 8.76152176e-03 2.29303695e-02 1.97684303e-18 1.43715911e-17 8.29830138e-03 1.73919179e-03 1.39711124e-17
6.06606607e-02 -2.44153793e-02 -2.44152729e-02 -5.56065564e-03 6.38553736e+00 1.75309155e+01 3.12075026e+01 3.12075076e+01 3.27274315e+01 3.90066292e+01 3.92261084e+01 5.11283003e-08 3.00687735e-03 4.15722684e-15 9.49548759e-01 2.66594369e-17 4.70909468e-27 1.14160334e-16 3.13605027e-01 3.85026161e-17 3.33616081e-20 3.19352213e-05 3.19347266e-05 2.47933412e-07 8.74674208e-03 2.29303695e-02 4.89162508e-18 4.44412743e-18 8.27699135e-03 1.73919179e-03 5.08452313e-17
6.08108108e-02 -2.44153793e-02 -2.44152723e-02 -5.56065572e-03 6.37319810e+00 1.75309155e+01 3.12075026e+01 3.12075076e+01 3.27471932e+01 3.90066292e+01 3.92261084e+01 2.26758064e-08 3.01431988e-03 1.39445203e-14 9.49733962e-01 4.38168430e-17 1.04589779e-25 6.90457606e-16 3.13043631e-01 3.11178414e-17 3.35839603e-20 3.19352213e-05 3.19347241e-05 2.47933412e-07 8.73200119e-03 2.29303695e-02 3.23500196e-18 1.63234300e-17 8.25573652e-03 1.73919179e-03 3.63185160e-17
6.09609610e-02 -2.44153793e-02 -2.44152718e-02 -5.56065568e-03 6.36090102e+00 1.75309155e+01 3.12075026e+01 3.12075076e+01 3.27668807e+01 3.90066292e+01 3.92261084e+01 4.77306151e-08 3.02176241e-03 4.59294722e-14 9.49918245e-01 6.60466588e-17 3.33967388e-18 9.34390265e-17 3.12483915e-01 1.72964804e-17 3.38073683e-20 3.19352213e-05 3.19347215e-05 2.47933412e-07 8.71729898e-03 2.29303695e-02 2.52958156e-18 8.56814891e-18 8.23453689e-03 1.73919179e-03 2.85634213e-17
6.11111111e-02 -2.44153793e-02 -2.44152712e-02 -5.56065572e-03 6.34864593e+00 1.75309155e+01 3.12075026e+01 3.12075076e+01 3.27864943e+01 3.90066292e+01 3.92261084e+01 1.46218691e-08 3.02920494e-03 2.46663665e-14 9.50101612e-01 9.47296729e-17 2.76160358e-26 1.77294608e-16 3.11925874e-01 3.03184594e-17 3.40318350e-20 3.19352213e-05 3.19347190e-05 2.47933412e-07 8.70263539e-03 2.29303695e-02 7.80724582e-18 3.89079043e-18 8.21339246e-03 1.73919179e-03 1.35496835e-17
6.12612613e-02 -2.44153793e-02 -2.44152707e-02 -5.56065564e-03 6.33643265e+00 1.75309155e+01 3.12075026e+01 3.12075076e+01 3.28060343e+01 3.90066292e+01 3.92261084e+01 2.23288436e-08 3.03664746e-03 8.06154166e-15 9.50284069e-01 1.26144245e-16 6.33254830e-26 3.01754993e-16 3.11369501e-01 1.20193384e-16 3.42573633e-20 3.19352213e-05 3.19347165e-05 2.47933412e-07 8.68801032e-03 2.29303695e-02 1.97549187e-18 1.01131968e-17 8.19230322e-03 1.73919179e-03 1.88045694e-17
6.14114114e-02 -2.44153793e-02 -2.44152701e-02 -5.56065570e-03 6.32426099e+00 1.75309155e+01 3.12075026e+01 3.12075076e+01 3.28255010e+01 3.90066292e+01 3.92261084e+01 3.15000284e-08 3.04408998e-03 5.05891133e-14 9.50465622e-01 3.66117349e-20 1.45337554e-26 1.75778577e-16 3.10814792e-01 1.12652725e-16 3.44839559e-20 3.19352213e-05 3.19347140e-05 2.47933412e-07 8.67342368e-03 2.29303695e-02 3.60107233e-20 1.27596124e-17 8.17126917e-03 1.73919179e-03 6.42434462e-18
6.15615616e-02 -2.44153793e-02 -2.44152695e-02 -5.56065566e-03 6.31213077e+00 1.75309155e+01 3.12075026e+01 3.12075076e+01 3.28448945e+01 3.90066292e+01 3.92261084e+01 6.95979051e-08 3.05153250e-03 5.12111452e-14 9.50646275e-01 5.47202591e-19 3.35138547e-18 2.64240716e-16 3.10261740e-01 3.98187806e-17 3.47116158e-20 3.19352213e-05 3.19347114e-05 2.47933412e-07 8.65887538e-03 2.29303695e-02 6.58620383e-20 6.67491400e-18 8.15029028e-03 1.73919179e-03 2.78580827e-18
6.17117117e-02 -2.44153793e-02 -2.44152690e-02 -5.56065567e-03 6.30004180e+00 1.75309155e+01 3.12075026e+01 3.12075076e+01 3.28642153e+01 3.90066292e+01 3.92261084e+01 7.86406988e-09 3.05897502e-03 5.62756427e-14 9.50826035e-01 3.88417570e-17 2.79224370e-26 2.58794851e-16 3.09710340e-01 1.31279071e-18 3.49403458e-20 3.19352213e-05 3.19347089e-05 2.47933412e-07 8.64436533e-03 2.29303695e-02 4.68679770e-18 4.51084964e-18 8.12936656e-03 1.73919179e-03 4.33019981e-17
6.18618619e-02 -2.44153793e-02 -2.44152684e-02 -5.56065568e-03 6.28799391e+00 1.75309155e+01 3.12075026e+01 3.12075076e+01 3.28834636e+01 3.90066292e+01 3.92261084e+01 3.62885420e-08 3.06641754e-03 1.06762845e-14 9.51004905e-01 2.57922081e-17 9.22294205e-26 3.21531563e-16 3.09160586e-01 3.00204962e-17 3.51701487e-20 3.19352213e-05 3.19347064e-05 2.47933412e-07 8.62989345e-03 2.29303695e-02 3.50567656e-18 9.18300958e-18 8.10849798e-03 1.73919179e-03 1.72114914e-17
6.20120120e-02 -2.44153793e-02 -2.44152679e-02 -5.56065562e-03 6.27598691e+00 1.75309155e+01 3.12075026e+01 3.12075076e+01 3.29026395e+01 3.90066292e+01 3.92261084e+01 5.17514572e-08 3.07386006e-03 2.09569526e-14 9.51182892e-01 5.32236725e-17 3.35934485e-18 3.18214553e-16 3.08612472e-01 4.65681697e-17 3.54010275e-20 3.19352213e-05 3.19347038e-05 2.47933412e-07 8.61545964e-03 2.29303695e-02 6.42168089e-18 1.06565981e-17 8.08768453e-03 1.73919179e-03 2.96458208e-17
6.21621622e-02 -2.44153793e-02 -2.44152673e-02 -5.56065561e-03 6.26402063e+00 1.75309155e+01 3.12075026e+01 3.12075076e+01 3.29217435e+01 3.90066292e+01 3.92261084e+01 6.56531077e-08 3.08130257e-03 7.56285283e-15 9.51360000e-01 1.77002689e-17 3.36185749e-18 9.21366418e-17 3.08065993e-01 1.29769529e-17 3.56329849e-20 3.19352213e-05 3.19347012e-05 2.47933412e-07 8.60106382e-03 2.29303695e-02 2.03779383e-19 2.21354222e-18 8.06692618e-03 1.73919179e-03 2.95146337e-17
6.23123123e-02 -2.44153793e-02 -2.44152668e-02 -5.56065566e-03 6.25209487e+00 1.75309155e+01 3.12075026e+01 3.12075076e+01 3.29407758e+01 3.90066292e+01 3.92261084e+01 7.05242959e-09 3.08874508e-03 2.17374264e-15 9.51536235e-01 1.39830533e-18 3.36430436e-18 1.90889637e-17 3.07521143e-01 4.42800360e-17 3.58660239e-20 3.19352213e-05 3.19346987e-05 2.47933412e-07 8.58670589e-03 2.29303695e-02 6.95152122e-19 1.99694876e-18 8.04622292e-03 1.73919179e-03 1.06843106e-17
6.24624625e-02 -2.44153793e-02 -2.44152662e-02 -5.56065565e-03 6.24020947e+00 1.75309155e+01 3.12075026e+01 3.12075076e+01 3.29597365e+01 3.90066292e+01 3.92261084e+01 4.71284808e-08 3.09618759e-03 5.89352698e-15 9.51711602e-01 5.13917700e-17 3.36668802e-18 2.20652242e-16 3.06977916e-01 9.48513797e-18 3.61001473e-20 3.19352213e-05 3.19346961e-05 2.47933412e-07 8.57238576e-03 2.29303695e-02 1.42257878e-18 6.15632540e-18 8.02557473e-03 1.73919179e-03 2.08465800e-17
6.26126126e-02 -2.44153793e-02 -2.44152656e-02 -5.56065567e-03 6.22836424e+00 1.75309155e+01 3.12075026e+01 3.12075076e+01 3.29786261e+01 3.90066292e+01 3.92261084e+01 4.38410227e-08 3.10363010e-03 4.10412310e-15 9.51886105e-01 7.12956723e-17 3.36901101e-18 4.10392861e-16 3.06436307e-01 6.00628574e-17 3.63353579e-20 3.19352213e-05 3.19346935e-05 2.47933412e-07 8.55810335e-03 2.29303695e-02 7.53124541e-18 1.31817017e-17 8.00498157e-03 1.73919179e-03 2.87264758e-17
6.27627628e-02 -2.44153793e-02 -2.44152651e-02 -5.56065565e-03 6.21655901e+00 1.75309155e+01 3.12075026e+01 3.12075076e+01 3.29974448e+01 3.90066292e+01 3.92261084e+01 5.33322336e-09 3.11107261e-03 4.77554113e-14 9.52059751e-01 2.03430034e-17 2.56649539e-26 1.51944896e-16 3.05896310e-01 7.08929858e-17 3.65716587e-20 3.19352213e-05 3.19346909e-05 2.47933412e-07 8.54385855e-03 2.29303695e-02 2.60445688e-18 9.90810407e-18 7.98444343e-03 1.73919179e-03 3.09880052e-17
6.29129129e-02 -2.44153793e-02 -2.44152645e-02 -5.56065567e-03 6.20479360e+00 1.75309155e+01 3.12075026e+01 3.12075076e+01 3.30161927e+01 3.90066292e+01 3.92261084e+01 2.76447542e-10 3.11851511e-03 3.16561172e-14 9.52232543e-01 3.20338522e-17 3.37348375e-18 2.69455648e-17 3.05357919e-01 3.18888880e-17 3.68090525e-20 3.19352213e-05 3.19346884e-05 2.47933412e-07 8.52965129e-03 2.29303695e-02 3.52043013e-18 3.15521671e-18 7.96396027e-03 1.73919179e-03 3.79143455e-18
6.30630631e-02 -2.44153793e-02 -2.44152639e-02 -5.56065567e-03 6.19306783e+00 1.75309155e+01 3.12075026e+01 3.12075076e+01 3.30348703e+01 3.90066292e+01 3.92261084e+01 7.45055793e-08 3.12595761e-03 6.14156298e-15 9.52404487e-01 4.91794189e-17 1.12969672e-26 2.76430521e-16 3.04821130e-01 1.30159727e-16 3.70475422e-20 3.19352213e-05 3.19346858e-05 2.47933412e-07 8.51548147e-03 2.29303695e-02 3.15690220e-18 6.99326069e-18 7.94353206e-03 1.73919179e-03 1.54252384e-17
6.32132132e-02 -2.44153793e-02 -2.44152634e-02 -5.56065564e-03 6.18138154e+00 1.75309155e+01 3.12075026e+01 3.12075076e+01 3.30534778e+01 3.90066292e+01 3.92261084e+01 1.24245387e-08 3.13340011e-03 1.55684207e-14 9.52575588e-01 6.06811432e-17 2.46917497e-26 2.81523864e-16 3.04285935e-01 3.55093203e-17 3.72871306e-20 3.19352213e-05 3.19346832e-05 2.47933412e-07 8.50134899e-03 2.29303695e-02 2.60492802e-18 5.42182275e-18 7.92315877e-03 1.73919179e-03 2.08117046e-17
6.33633634e-02 -2.44153793e-02 -2.44152628e-02 -5.56065569e-03 6.16973455e+00 1.75309155e+01 3.12075026e+01 3.12075076e+01 3.30720153e+01 3.90066292e+01 3.92261084e+01 2.56780814e-08 3.14084261e-03 2.89340234e-14 9.52745851e-01 3.00872852e-17 2.06365923e-26 1.77448669e-16 3.03752331e-01 7.16097484e-17 3.75278207e-20 3.19352213e-05 3.19346805e-05 2.47933412e-07 8.48725376e-03 2.29303695e-02 7.54433472e-18 4.40378808e-18 7.90284036e-03 1.73919179e-03 1.96893107e-17
6.35135135e-02 -2.44153793e-02 -2.44152622e-02 -5.56065567e-03 6.15812668e+00 1.75309155e+01 3.12075026e+01 3.12075076e+01 3.30904833e+01 3.90066292e+01 3.92261084e+01 6.89574644e-09 3.14828511e-03 1.85775020e-15 9.52915280e-01 9.50810310e-17 3.07537997e-26 2.22446256e-16 3.03220310e-01 4.50189694e-17 3.77696153e-20 3.19352213e-05 3.19346779e-05 2.47933412e-07 8.47319570e-03 2.29303695e-02 1.14733697e-18 7.21256146e-18 7.88257680e-03 1.73919179e-03 1.44206794e-17
6.36636637e-02 -2.44153793e-02 -2.44152617e-02 -5.56065565e-03 6.14655776e+00 1.75309155e+01 3.12075026e+01 3.12075076e+01 3.31088819e+01 3.90066292e+01 3.92261084e+01 6.27118589e-09 3.15572760e-03 3.30149574e-14 9.53083881e-01 2.71000483e-17 3.20364572e-26 3.51425325e-16 3.02689869e-01 2.03773601e-16 3.80125173e-20 3.19352213e-05 3.19346753e-05 2.47933412e-07 8.45917471e-03 2.29303695e-02 1.21765395e-18 5.56437673e-18 7.86236806e-03 1.73919179e-03 1.88369390e-17
6.38138138e-02 -2.44153793e-02 -2.44152611e-02 -5.56065567e-03 6.13502763e+00 1.75309155e+01 3.12075026e+01 3.12075076e+01 3.31272114e+01 3.90066292e+01 3.92261084e+01 4.31618648e-08 3.16317010e-03 2.32112634e-14 9.53251658e-01 3.75363373e-17 7.33834697e-26 2.57757157e-16 3.02161000e-01 3.39818692e-17 3.82565295e-20 3.19352213e-05 3.19346727e-05 2.47933412e-07 8.44519070e-03 2.29303695e-02 1.49729214e-18 6.23892553e-18 7.84221408e-03 1.73919179e-03 2.48534188e-17
6.39639640e-02 -2.44153793e-02 -2.44152605e-02 -5.56065566e-03 6.12353610e+00 1.75309155e+01 3.12075026e+01 3.12075076e+01 3.31454721e+01 3.90066292e+01 3.92261084e+01 4.51978724e-09 3.17061259e-03 1.94376427e-14 9.53418617e-01 2.01044407e-19 4.27902847e-27 3.04194883e-17 3.01633699e-01 8.46939243e-17 3.85016549e-20 3.19352213e-05 3.19346700e-05 2.47933412e-07 8.43124357e-03 2.29303695e-02 4.61975149e-18 9.70648364e-18 7.82211484e-03 1.73919179e-03 1.14347877e-17
6.41141141e-02 -2.44153793e-02 -2.44152599e-02 -5.56065573e-03 6.11208302e+00 1.75309155e+01 3.12075026e+01 3.12075076e+01 3.31636642e+01 3.90066292e+01 3.92261084e+01 3.84840843e-08 3.17805508e-03 1.10427736e-14 9.53584761e-01 1.02256292e-18 6.48516716e-26 3.51109444e-16 3.01107961e-01 1.71429457e-16 3.87478964e-20 3.19352213e-05 3.19346674e-05 2.47933412e-07 8.41733323e-03 2.29303695e-02 4.61523021e-18 6.94146729e-18 7.80207028e-03 1.73919179e-03 3.94868903e-17
6.42642643e-02 -2.44153793e-02 -2.44152594e-02 -5.56065572e-03 6.10066821e+00 1.75309155e+01 3.12075026e+01 3.12075076e+01 3.31817881e+01 3.90066292e+01 3.92261084e+01 2.80112647e-08 3.18549757e-03 1.29506019e-15 9.53750095e-01 9.89348185e-17 6.86386737e-26 3.49083978e-16 3.00583779e-01 3.92761071e-17 3.89952568e-20 3.19352213e-05 3.19346648e-05 2.47933412e-07 8.40345959e-03 2.29303695e-02 1.21910865e-18 8.01297425e-18 7.78208036e-03 1.73919179e-03 3.65660746e-17
6.44144144e-02 -2.44153793e-02 -2.44152588e-02 -5.56065564e-03 6.08929151e+00 1.75309155e+01 3.12075026e+01 3.12075076e+01 3.31998439e+01 3.90066292e+01 3.92261084e+01 2.56201412e-08 3.19294005e-03 4.12456442e-15 9.53914625e-01 3.49687833e-17 1.47409137e-26 1.05169244e-16 3.00061148e-01 2.10321834e-16 3.92437390e-20 3.19352213e-05 3.19346621e-05 2.47933412e-07 8.38962256e-03 2.29303695e-02 1.34879572e-18 7.34427732e-18 7.76214504e-03 1.73919179e-03 3.86167619e-17
6.45645646e-02 -2.44153793e-02 -2.44152582e-02 -5.56065565e-03 6.07795274e+00 1.75309155e+01 3.12075026e+01 3.12075076e+01 3.32178319e+01 3.90066292e+01 3.92261084e+01 6.03813485e-08 3.20038254e-03 3.96708989e-15 9.54078355e-01 6.42250146e-17 1.11155150e-26 9.23041916e-18 2.99540063e-01 8.11849969e-17 3.94933459e-20 3.19352213e-05 3.19346595e-05 2.47933412e-07 8.37582204e-03 2.29303695e-02 5.98308807e-19 3.04765057e-18 7.74226426e-03 1.73919179e-03 6.93119653e-18
6.47147147e-02 -2.44153793e-02 -2.44152576e-02 -5.56065565e-03 6.06665175e+00 1.75309155e+01 3.12075026e+01 3.12075076e+01 3.32357524e+01 3.90066292e+01 3.92261084e+01 5.59787314e-08 3.20782502e-03 4.82165947e-14 9.54241290e-01 1.22764225e-16 3.39625467e-18 8.33198377e-17 2.99020519e-01 1.15937488e-16 3.97440805e-20 3.19352213e-05 3.19346568e-05 2.47933412e-07 8.36205794e-03 2.29303695e-02 3.16885780e-19 1.33056782e-17 7.72243798e-03 1.73919179e-03 5.92412364e-17
6.48648649e-02 -2.44153793e-02 -2.44152570e-02 -5.56065565e-03 6.05538836e+00 1.75309155e+01 3.12075026e+01 3.12075076e+01 3.32536056e+01 3.90066292e+01 3.92261084e+01 3.03733982e-08 3.21526750e-03 1.14115485e-14 9.54403434e-01 6.23325537e-17 2.39088245e-26 2.07086807e-16 2.98502509e-01 4.77922434e-17 3.99959455e-20 3.19352213e-05 3.19346541e-05 2.47933412e-07 8.34833017e-03 2.29303695e-02 1.14249295e-18 8.69591786e-18 7.70266615e-03 1.73919179e-03 4.73684512e-17
6.50150150e-02 -2.44153793e-02 -2.44152564e-02 -5.56065560e-03 6.04416241e+00 1.75309155e+01 3.12075026e+01 3.12075076e+01 3.32713918e+01 3.90066292e+01 3.92261084e+01 5.81817453e-08 3.22270998e-03 4.86203455e-15 9.54564791e-01 6.67326925e-17 4.32727696e-26 3.16062572e-16 2.97986029e-01 7.98974471e-17 4.02489440e-20 3.19352213e-05 3.19346514e-05 2.47933412e-07 8.33463863e-03 2.29303695e-02 3.23243462e-18 8.62083659e-18 7.68294871e-03 1.73919179e-03 1.05878388e-17
6.51651652e-02 -2.44153793e-02 -2.44152559e-02 -5.56065564e-03 6.03297374e+00 1.75309155e+01 3.12075026e+01 3.12075076e+01 3.32891113e+01 3.90066292e+01 3.92261084e+01 6.03895974e-08 3.23015246e-03 3.10872783e-14 9.54725367e-01 7.26845140e-17 5.46834196e-26 3.16035054e-16 2.97471073e-01 1.02433415e-16 4.05030787e-20 3.19352213e-05 3.19346488e-05 2.47933412e-07 8.32098322e-03 2.29303695e-02 4.06172283e-18 1.81789093e-17 7.66328562e-03 1.73919179e-03 8.11839583e-18
6.53153153e-02 -2.44153793e-02 -2.44152553e-02 -5.56065565e-03 6.02182218e+00 1.75309155e+01 3.12075026e+01 3.12075076e+01 3.33067642e+01 3.90066292e+01 3.92261084e+01 2.07330071e-08 3.23759493e-03 5.21411106e-14 9.54885166e-01 6.57463741e-18 1.77420772e-26 9.69158302e-17 2.96957636e-01 9.11156668e-18 4.07583527e-20 3.19352213e-05 3.19346461e-05 2.47933412e-07 8.30736386e-03 2.29303695e-02 2.52922753e-18 3.67542337e-18 7.64367680e-03 1.73919179e-03 1.05550419e-17
6.54654655e-02 -2.44153793e-02 -2.44152547e-02 -5.56065570e-03 6.01070758e+00 1.75309155e+01 3.12075026e+01 3.12075076e+01 3.33243510e+01 3.90066292e+01 3.92261084e+01 1.71429237e-09 3.24503740e-03 2.29369867e-14 9.55044192e-01 5.34536897e-17 7.86009675e-27 8.03078759e-17 2.96445712e-01 1.55135967e-17 4.10147687e-20 3.19352213e-05 3.19346434e-05 2.47933412e-07 8.29378045e-03 2.29303695e-02 4.41098101e-18 6.14878488e-19 7.62412221e-03 1.73919179e-03 2.03851044e-17
6.56156156e-02 -2.44153793e-02 -2.44152541e-02 -5.56065565e-03 5.99962976e+00 1.75309155e+01 3.12075026e+01 3.12075076e+01 3.33418717e+01 3.90066292e+01 3.92261084e+01 3.18844032e-09 3.25247988e-03 4.27973380e-14 9.55202451e-01 5.04913753e-17 3.51279546e-18 3.79061778e-18 2.95935296e-01 3.97596878e-17 4.12723298e-20 3.19352213e-05 3.19346407e-05 2.47933412e-07 8.28023289e-03 2.29303695e-02 1.57694392e-19 1.36225238e-18 7.60462179e-03 1.73919179e-03 3.50291246e-17
6.57657658e-02 -2.44153793e-02 -2.44152535e-02 -5.56065562e-03 5.98858858e+00 1.75309155e+01 3.12075026e+01 3.12075076e+01 3.33593268e+01 3.90066292e+01 3.92261084e+01 4.90884096e-08 3.25992234e-03 4.55200239e-15 9.55359945e-01 6.14269866e-17 2.57520094e-26 2.55781161e-16 2.95426384e-01 5.69724817e-17 4.15310388e-20 3.19352213e-05 3.19346380e-05 2.47933412e-07 8.26672110e-03 2.29303695e-02 6.07333107e-18 6.38790718e-18 7.58517548e-03 1.73919179e-03 2.72982822e-17
6.59159159e-02 -2.44153793e-02 -2.44152529e-02 -5.56065565e-03 5.97758386e+00 1.75309155e+01 3.12075026e+01 3.12075076e+01 3.33767163e+01 3.90066292e+01 3.92261084e+01 4.22050754e-08 3.26736481e-03 1.02713253e-14 9.55516680e-01 5.72793039e-17 3.40841291e-18 1.86686704e-16 2.94918968e-01 1.28208233e-16 4.17908986e-20 3.19352213e-05 3.19346352e-05 2.47933412e-07 8.25324497e-03 2.29303695e-02 3.85732573e-18 5.22608435e-18 7.56578322e-03 1.73919179e-03 2.89363672e-18
6.60660661e-02 -2.44153793e-02 -2.44152523e-02 -5.56065566e-03 5.96661546e+00 1.75309155e+01 3.12075026e+01 3.12075076e+01 3.33940406e+01 3.90066292e+01 3.92261084e+01 2.78903134e-08 3.27480728e-03 1.53463322e-14 9.55672661e-01 5.79715832e-17 3.40979805e-18 2.86594380e-16 2.94413045e-01 4.31394287e-17 4.20519122e-20 3.19352213e-05 3.19346325e-05 2.47933412e-07 8.23980442e-03 2.29303695e-02 3.15817466e-18 8.32828878e-18 7.54644494e-03 1.73919179e-03 2.60662061e-17
6.62162162e-02 -2.44153793e-02 -2.44152517e-02 -5.56065569e-03 5.95568321e+00 1.75309155e+01 3.12075026e+01 3.12075076e+01 3.34113000e+01 3.90066292e+01 3.92261084e+01 4.92246690e-08 3.28224974e-03 6.79666466e-14 9.55827891e-01 1.15167987e-16 3.92698742e-26 2.95509113e-16 2.93908608e-01 2.64534769e-17 4.23140824e-20 3.19352213e-05 3.19346298e-05 2.47933412e-07 8.22639934e-03 2.29303695e-02 2.88025607e-18 6.83001060e-18 7.52716057e-03 1.73919179e-03 3.86064966e-17
6.63663664e-02 -2.44153793e-02 -2.44152511e-02 -5.56065567e-03 5.94478695e+00 1.75309155e+01 3.12075026e+01 3.12075076e+01 3.34284947e+01 3.90066292e+01 3.92261084e+01 2.77552918e-09 3.28969220e-03 3.40962851e-14 9.55982375e-01 1.00360298e-17 4.28204437e-26 2.56125009e-16 2.93405653e-01 4.90388471e-17 4.25774123e-20 3.19352213e-05 3.19346271e-05 2.47933412e-07 8.21302965e-03 2.29303695e-02 3.98751134e-18 4.81778353e-18 7.50793006e-03 1.73919179e-03 1.65969159e-17
6.65165165e-02 -2.44153793e-02 -2.44152505e-02 -5.56065563e-03 5.93392653e+00 1.75309155e+01 3.12075026e+01 3.12075076e+01 3.34456249e+01 3.90066292e+01 3.92261084e+01 5.36041059e-08 3.29713466e-03 3.27760381e-14 9.56136116e-01 4.21030282e-17 3.41379489e-18 2.44013018e-16 2.92904175e-01 5.68757420e-17 4.28419046e-20 3.19352213e-05 3.19346243e-05 2.47933412e-07 8.19969525e-03 2.29303695e-02 6.62641086e-18 1.52181779e-17 7.48875334e-03 1.73919179e-03 2.73113310e-18
6.66666667e-02 -2.44153793e-02 -2.44152499e-02 -5.56065568e-03 5.92310179e+00 1.75309155e+01 3.12075026e+01 3.12075076e+01 3.34626908e+01 3.90066292e+01 3.92261084e+01 3.87725259e-08 3.30457712e-03 4.77328328e-14 9.56289121e-01 7.28589151e-17 3.41507668e-18 1.65109310e-16 2.92404167e-01 1.03697091e-16 4.31075623e-20 3.19352213e-05 3.19346216e-05 2.47933412e-07 8.18639605e-03 2.29303695e-02 2.88714104e-18 1.44668884e-17 7.46963034e-03 1.73919179e-03 1.05151426e-18
6.68168168e-02 -2.44153793e-02 -2.44152493e-02 -5.56065567e-03 5.91231258e+00 1.75309155e+01 3.12075026e+01 3.12075076e+01 3.34796928e+01 3.90066292e+01 3.92261084e+01 5.06692055e-08 3.31201958e-03 4.91049645e-14 9.56441392e-01 3.96944175e-17 2.77219125e-27 2.19223317e-17 2.91905626e-01 1.75001177e-17 4.33743883e-20 3.19352213e-05 3.19346188e-05 2.47933412e-07 8.17313194e-03 2.29303695e-02 2.88594415e-18 2.30214062e-18 7.45056099e-03 1.73919179e-03 4.13386932e-17
6.69669670e-02 -2.44153793e-02 -2.44152487e-02 -5.56065565e-03 5.90155873e+00 1.75309155e+01 3.12075026e+01 3.12075076e+01 3.34966312e+01 3.90066292e+01 3.92261084e+01 1.27592596e-08 3.31946203e-03 1.46969355e-14 9.56592934e-01 2.21185872e-17 3.41756914e-18 1.77547409e-16 2.91408545e-01 1.43053137e-16 4.36423856e-20 3.19352213e-05 3.19346161e-05 2.47933412e-07 8.15990284e-03 2.29303695e-02 3.43371074e-18 5.32937613e-18 7.43154521e-03 1.73919179e-03 1.39582992e-18
6.71171171e-02 -2.44153793e-02 -2.44152481e-02 -5.56065570e-03 5.89084011e+00 1.75309155e+01 3.12075026e+01 3.12075076e+01 3.35135060e+01 3.90066292e+01 3.92261084e+01 5.31289566e-08 3.32690448e-03 7.98379620e-15 9.56743751e-01 3.62690311e-17 6.16239239e-27 7.42910712e-17 2.90912920e-01 6.83721327e-17 4.39115571e-20 3.19352213e-05 3.19346133e-05 2.47933412e-07 8.14670865e-03 2.29303695e-02 1.97657359e-18 1.67528413e-18 7.41258294e-03 1.73919179e-03 2.82309986e-17
6.72672673e-02 -2.44153793e-02 -2.44152475e-02 -5.56065567e-03 5.88015655e+00 1.75309155e+01 3.12075026e+01 3.12075076e+01 3.35303176e+01 3.90066292e+01 3.92261084e+01 1.36632130e-09 3.33434693e-03 2.71298147e-14 9.56893847e-01 1.45719930e-16 1.47772468e-26 1.56578677e-16 2.90418745e-01 1.80643894e-17 4.41819058e-20 3.19352213e-05 3.19346105e-05 2.47933412e-07 8.13354927e-03 2.29303695e-02 4.89161131e-18 9.58441650e-18 7.39367411e-03 1.73919179e-03 2.53856788e-17
6.74174174e-02 -2.44153793e-02 -2.44152469e-02 -5.56065566e-03 5.86950791e+00 1.75309155e+01 3.12075026e+01 3.12075076e+01 3.35470663e+01 3.90066292e+01 3.92261084e+01 2.91849362e-08 3.34178938e-03 2.28090301e-14 9.57043227e-01 6.43992878e-17 3.42113941e-18 3.41219206e-16 2.89926015e-01 6.82984752e-17 4.44534344e-20 3.19352213e-05 3.19346078e-05 2.47933412e-07 8.12042462e-03 2.29303695e-02 1.16299939e-19 6.71792679e-18 7.37481864e-03 1.73919179e-03 2.03395543e-18
6.75675676e-02 -2.44153793e-02 -2.44152463e-02 -5.56065563e-03 5.85889402e+00 1.75309155e+01 3.12075026e+01 3.12075076e+01 3.35637522e+01 3.90066292e+01 3.92261084e+01 2.75225912e-08 3.34923183e-03 2.88608751e-14 9.57191894e-01 8.53916527e-18 3.42228705e-18 3.36062635e-17 2.89434725e-01 3.78012583e-18 4.47261460e-20 3.19352213e-05 3.19346050e-05 2.47933412e-07 8.10733459e-03 2.29303695e-02 3.00986167e-18 8.59906656e-19 7.35601645e-03 1.73919179e-03 2.92641829e-19
6.77177177e-02 -2.44153793e-02 -2.44152457e-02 -5.56065568e-03 5.84831474e+00 1.75309155e+01 3.12075026e+01 3.12075076e+01 3.35803757e+01 3.90066292e+01 3.92261084e+01 5.40442450e-08 3.35667427e-03 1.87089901e-14 9.57339853e-01 4.07789747e-17 1.08072679e-25 2.83823043e-16 2.88944870e-01 4.32671251e-17 4.50000436e-20 3.19352213e-05 3.19346022e-05 2.47933412e-07 8.09427910e-03 2.29303695e-02 8.08696363e-18 8.42341720e-18 7.33726746e-03 1.73919179e-03 1.86561943e-17
6.78678679e-02 -2.44153793e-02 -2.44152451e-02 -5.56065564e-03 5.83776993e+00 1.75309155e+01 3.12075026e+01 3.12075076e+01 3.35969369e+01 3.90066292e+01 3.92261084e+01 2.56275128e-08 3.36411671e-03 2.42602393e-14 9.57487108e-01 9.42335276e-18 2.92762844e-26 2.14779684e-16 2.88456445e-01 1.39535801e-16 4.52751300e-20 3.19352213e-05 3.19345994e-05 2.47933412e-07 8.08125804e-03 2.29303695e-02 2.60108109e-18 5.42306835e-18 7.31857161e-03 1.73919179e-03 5.37256462e-17
6.80180180e-02 -2.44153793e-02 -2.44152445e-02 -5.56065566e-03 5.82725942e+00 1.75309155e+01 3.12075026e+01 3.12075076e+01 3.36134362e+01 3.90066292e+01 3.92261084e+01 4.55193172e-08 3.37155915e-03 6.31089598e-15 9.57633663e-01 1.28576236e-17 5.91436145e-26 1.93707864e-16 2.87969444e-01 5.87730306e-18 4.55514082e-20 3.19352213e-05 3.19345966e-05 2.47933412e-07 8.06827133e-03 2.29303695e-02 2.34339248e-18 5.01333224e-18 7.29992881e-03 1.73919179e-03 5.24799067e-17
6.81681682e-02 -2.44153793e-02 -2.44152438e-02 -5.56065565e-03 5.81678308e+00 1.75309155e+01 3.12075026e+01 3.12075076e+01 3.36298737e+01 3.90066292e+01 3.92261084e+01 1.47211553e-08 3.37900159e-03 1.52856589e-14 9.57779521e-01 1.50221073e-16 2.32151972e-26 1.15417505e-16 2.87483863e-01 3.27609123e-17 4.58288811e-20 3.19352213e-05 3.19345938e-05 2.47933412e-07 8.05531886e-03 2.29303695e-02 1.49474316e-18 5.12794769e-18 7.28133898e-03 1.73919179e-03 7.84576692e-18
6.83183183e-02 -2.44153793e-02 -2.44152432e-02 -5.56065563e-03 5.80634075e+00 1.75309155e+01 3.12075026e+01 3.12075076e+01 3.36462497e+01 3.90066292e+01 3.92261084e+01 2.00006731e-08 3.38644403e-03 2.51621886e-14 9.57924687e-01 2.01254207e-17 5.00257655e-26 2.76989412e-16 2.86999697e-01 8.97845611e-18 4.61075517e-20 3.19352213e-05 3.19345910e-05 2.47933412e-07 8.04240054e-03 2.29303695e-02 7.53215718e-18 5.39294677e-18 7.26280204e-03 1.73919179e-03 6.06946558e-18
6.84684685e-02 -2.44153793e-02 -2.44152426e-02 -5.56065568e-03 5.79593228e+00 1.75309155e+01 3.12075026e+01 3.12075076e+01 3.36625645e+01 3.90066292e+01 3.92261084e+01 2.81621536e-08 3.39388646e-03 2.07088315e-15 9.58069165e-01 2.43670873e-18 5.11647680e-26 2.71929198e-16 2.86516940e-01 1.23094461e-16 4.63874229e-20 3.19352213e-05 3.19345882e-05 2.47933412e-07 8.02951628e-03 2.29303695e-02 8.73162930e-20 9.58069331e-18 7.24431791e-03 1.73919179e-03 3.22290269e-17
6.86186186e-02 -2.44153793e-02 -2.44152420e-02 -5.56065570e-03 5.78555754e+00 1.75309155e+01 3.12075026e+01 3.12075076e+01 3.36788182e+01 3.90066292e+01 3.92261084e+01 6.05245872e-09 3.40132890e-03 4.24993765e-14 9.58212958e-01 3.46412503e-17 3.42978175e-18 6.38752795e-17 2.86035588e-01 2.20307576e-16 4.66684977e-20 3.19352213e-05 3.19345853e-05 2.47933412e-07 8.01666599e-03 2.29303695e-02 6.19977086e-19 3.69705328e-18 7.22588650e-03 1.73919179e-03 4.32735186e-17
6.87687688e-02 -2.44153793e-02 -2.44152414e-02 -5.56065563e-03 5.77521637e+00 1.75309155e+01 3.12075026e+01 3.12075076e+01 3.36950112e+01 3.90066292e+01 3.92261084e+01 6.11729653e-08 3.40877133e-03 8.49401869e-15 9.58356071e-01 5.71137008e-17 1.97312014e-26 1.40567485e-16 2.85555635e-01 5.85323380e-17 4.69507790e-20 3.19352213e-05 3.19345825e-05 2.47933412e-07 8.00384956e-03 2.29303695e-02 8.08441612e-18 4.04806207e-18 7.20750773e-03 1.73919179e-03 4.30856910e-17
6.89189189e-02 -2.44153793e-02 -2.44152408e-02 -5.56065570e-03 5.76490863e+00 1.75309155e+01 3.12075026e+01 3.12075076e+01 3.37111437e+01 3.90066292e+01 3.92261084e+01 6.23001522e-08 3.41621376e-03 2.48095033e-14 9.58498508e-01 4.58327353e-17 2.47459465e-27 9.30309753e-17 2.85077077e-01 3.24066368e-17 4.72342697e-20 3.19352213e-05 3.19345797e-05 2.47933412e-07 7.99106691e-03 2.29303695e-02 1.49653904e-18 8.58827314e-18 7.18918152e-03 1.73919179e-03 6.66153388e-17
6.90690691e-02 -2.44153793e-02 -2.44152401e-02 -5.56065569e-03 5.75463418e+00 1.75309155e+01 3.12075026e+01 3.12075076e+01 3.37272159e+01 3.90066292e+01 3.92261084e+01 2.64039108e-08 3.42365618e-03 5.64780200e-14 9.58640272e-01 8.52789801e-17 9.83147072e-27 4.24488920e-17 2.84599908e-01 1.83226066e-16 4.75189729e-20 3.19352213e-05 3.19345768e-05 2.47933412e-07 7.97831793e-03 2.29303695e-02 5.92318728e-19 9.09392989e-18 7.17090778e-03 1.73919179e-03 3.96913989e-17
6.92192192e-02 -2.44153793e-02 -2.44152395e-02 -5.56065570e-03 5.74439287e+00 1.75309155e+01 3.12075026e+01 3.12075076e+01 3.37432280e+01 3.90066292e+01 3.92261084e+01 3.63428317e-08 3.43109861e-03 4.77802630e-14 9.58781367e-01 1.32271984e-16 3.43368335e-18 2.04010008e-16 2.84124123e-01 2.69465770e-17 4.78048914e-20 3.19352213e-05 3.19345740e-05 2.47933412e-07 7.96560254e-03 2.29303695e-02 7.88361347e-18 5.58179749e-18 7.15268643e-03 1.73919179e-03 1.59637901e-18
6.93693694e-02 -2.44153793e-02 -2.44152389e-02 -5.56065563e-03 5.73418455e+00 1.75309155e+01 3.12075026e+01 3.12075076e+01 3.37591803e+01 3.90066292e+01 3.92261084e+01 4.69884151e-08 3.43854103e-03 4.54268545e-14 9.58921797e-01 3.14332232e-17 3.97667624e-26 2.51549587e-16 2.83649718e-01 1.65297990e-16 4.80920283e-20 3.19352213e-05 3.19345711e-05 2.47933412e-07 7.95292064e-03 2.29303695e-02 1.14821785e-18 1.12118012e-17 7.13451736e-03 1.73919179e-03 2.42044388e-17
6.95195195e-02 -2.44153793e-02 -2.44152383e-02 -5.56065559e-03 5.72400910e+00 1.75309155e+01 3.12075026e+01 3.12075076e+01 3.37750730e+01 3.90066292e+01 3.92261084e+01 4.46922477e-08 3.44598345e-03 2.52824906e-15 9.59061567e-01 1.01190657e-16 6.85177626e-26 2.08435829e-16 2.83176688e-01 1.10298811e-16 4.83803865e-20 3.19352213e-05 3.19345683e-05 2.47933412e-07 7.94027213e-03 2.29303695e-02 4.61500113e-18 8.78441570e-18 7.11640051e-03 1.73919179e-03 3.45739621e-17
6.96696697e-02 -2.44153793e-02 -2.44152376e-02 -5.56065560e-03 5.71386636e+00 1.75309155e+01 3.12075026e+01 3.12075076e+01 3.37909064e+01 3.90066292e+01 3.92261084e+01 3.49144407e-08 3.45342587e-03 3.92211667e-14 9.59200678e-01 2.89140104e-17 2.21304751e-26 1.78938604e-16 2.82705028e-01 1.01925811e-16 4.86699690e-20 3.19352213e-05 3.19345654e-05 2.47933412e-07 7.92765692e-03 2.29303695e-02 1.08436157e-18 6.59672143e-18 7.09833577e-03 1.73919179e-03 1.59118027e-17
6.98198198e-02 -2.44153793e-02 -2.44152370e-02 -5.56065562e-03 5.70375619e+00 1.75309155e+01 3.12075026e+01 3.12075076e+01 3.38066807e+01 3.90066292e+01 3.92261084e+01 1.36540924e-08 3.46086829e-03 1.01126282e-14 9.59339136e-01 7.74319660e-17 2.95446911e-26 6.29372980e-17 2.82234732e-01 1.11595978e-16 4.89607786e-20 3.19352213e-05 3.19345625e-05 2.47933412e-07 7.91507492e-03 2.29303695e-02 9.41403553e-19 3.97838854e-18 7.08032306e-03 1.73919179e-03 1.34718327e-17
6.99699700e-02 -2.44153793e-02 -2.44152364e-02 -5.56065565e-03 5.69367846e+00 1.75309155e+01 3.12075026e+01 3.12075076e+01 3.38223962e+01 3.90066292e+01 3.92261084e+01 6.48408598e-08 3.46831070e-03 1.35105562e-14 9.59476945e-01 3.75644972e-17 3.43822026e-18 3.32202194e-16 2.81765796e-01 4.91711384e-17 4.92528185e-20 3.19352213e-05 3.19345596e-05 2.47933412e-07 7.90252603e-03 2.29303695e-02 1.14452045e-18 1.12681333e-17 7.06236228e-03 1.73919179e-03 3.00243325e-18
7.01201201e-02 -2.44153793e-02 -2.44152357e-02 -5.56065565e-03 5.68363302e+00 1.75309155e+01 3.12075026e+01 3.12075076e+01 3.38380530e+01 3.90066292e+01 3.92261084e+01 7.54007925e-09 3.47575311e-03 1.99024254e-14 9.59614106e-01 1.29734754e-18 2.96923867e-26 9.95494659e-17 2.81298215e-01 6.52243109e-17 4.95460915e-20 3.19352213e-05 3.19345567e-05 2.47933412e-07 7.89001016e-03 2.29303695e-02 1.78526581e-18 6.51282907e-18 7.04445334e-03 1.73919179e-03 4.05730684e-17
7.02702703e-02 -2.44153793e-02 -2.44152351e-02 -5.56065563e-03 5.67361974e+00 1.75309155e+01 3.12075026e+01 3.12075076e+01 3.38536514e+01 3.90066292e+01 3.92261084e+01 1.16210217e-08 3.48319552e-03 2.18369314e-14 9.59750626e-01 3.17359329e-17 3.91433180e-26 2.23695258e-16 2.80831985e-01 3.60504137e-17 4.98406006e-20 3.19352213e-05 3.19345538e-05 2.47933412e-07 7.87752721e-03 2.29303695e-02 6.35531608e-18 6.13941928e-18 7.02659615e-03 1.73919179e-03 1.73226548e-17
7.04204204e-02 -2.44153793e-02 -2.44152345e-02 -5.56065564e-03 5.66363847e+00 1.75309155e+01 3.12075026e+01 3.12075076e+01 3.38691917e+01 3.90066292e+01 3.92261084e+01 4.01068744e-08 3.49063793e-03 4.86155114e-14 9.59886506e-01 1.02361885e-16 6.49348736e-26 1.88083934e-16 2.80367099e-01 5.20240287e-18 5.01363489e-20 3.19352213e-05 3.19345509e-05 2.47933412e-07 7.86507709e-03 2.29303695e-02 6.07313960e-18 5.12784402e-18 7.00879061e-03 1.73919179e-03 3.20146975e-18
7.05705706e-02 -2.44153793e-02 -2.44152338e-02 -5.56065569e-03 5.65368909e+00 1.75309155e+01 3.12075026e+01 3.12075076e+01 3.38846740e+01 3.90066292e+01 3.92261084e+01 4.87347798e-08 3.49808034e-03 1.24217051e-15 9.60021752e-01 4.81147607e-17 3.94822578e-27 1.12570497e-16 2.79903554e-01 1.25108325e-16 5.04333392e-20 3.19352213e-05 3.19345480e-05 2.47933412e-07 7.85265971e-03 2.29303695e-02 2.56719820e-19 1.43806924e-17 6.99103664e-03 1.73919179e-03 6.06866774e-17
7.07207207e-02 -2.44153793e-02 -2.44152332e-02 -5.56065571e-03 5.64377145e+00 1.75309155e+01 3.12075026e+01 3.12075076e+01 3.39000986e+01 3.90066292e+01 3.92261084e+01 3.39304803e-08 3.50552274e-03 1.37986407e-14 9.60156365e-01 4.69405775e-18 3.21786547e-26 1.70679380e-16 2.79441345e-01 1.00465857e-16 5.07315746e-20 3.19352213e-05 3.19345451e-05 2.47933412e-07 7.84027496e-03 2.29303695e-02 4.33833494e-18 8.78104176e-18 6.97333413e-03 1.73919179e-03 9.83868176e-18
7.08708709e-02 -2.44153793e-02 -2.44152326e-02 -5.56065565e-03 5.63388542e+00 1.75309155e+01 3.12075026e+01 3.12075076e+01 3.39154658e+01 3.90066292e+01 3.92261084e+01 2.81069603e-10 3.51296514e-03 1.87571484e-14 9.60290351e-01 3.29309451e-19 2.67267644e-26 1.29288524e-16 2.78980467e-01 6.68722499e-17 5.10310580e-20 3.19352213e-05 3.19345422e-05 2.47933412e-07 7.82792276e-03 2.29303695e-02 8.05243669e-19 5.30317894e-18 6.95568299e-03 1.73919179e-03 3.93325806e-17
7.10210210e-02 -2.44153793e-02 -2.44152319e-02 -5.56065570e-03 5.62403087e+00 1.75309155e+01 3.12075026e+01 3.12075076e+01 3.39307757e+01 3.90066292e+01 3.92261084e+01 4.93775752e-08 3.52040754e-03 1.76353390e-14 9.60423712e-01 3.57176870e-17 3.03632793e-26 1.40719573e-16 2.78520915e-01 4.52341289e-17 5.13317924e-20 3.19352213e-05 3.19345393e-05 2.47933412e-07 7.81560302e-03 2.29303695e-02 3.13183432e-19 2.27765895e-18 6.93808311e-03 1.73919179e-03 2.31008138e-17
7.11711712e-02 -2.44153793e-02 -2.44152313e-02 -5.56065567e-03 5.61420765e+00 1.75309155e+01 3.12075026e+01 3.12075076e+01 3.39460287e+01 3.90066292e+01 3.92261084e+01 8.96248512e-09 3.52784994e-03 4.00667606e-14 9.60556452e-01 6.63327965e-17 3.44479361e-18 1.86767828e-16 2.78062685e-01 1.93155623e-16 5.16337809e-20 3.19352213e-05 3.19345364e-05 2.47933412e-07 7.80331563e-03 2.29303695e-02 5.31502992e-18 4.80514971e-18 6.92053441e-03 1.73919179e-03 1.11486313e-18
7.13213213e-02 -2.44153793e-02 -2.44152307e-02 -5.56065563e-03 5.60441563e+00 1.75309155e+01 3.12075026e+01 3.12075076e+01 3.39612248e+01 3.90066292e+01 3.92261084e+01 1.31610449e-08 3.53529234e-03 2.81354780e-14 9.60688575e-01 1.41406355e-16 2.56623209e-26 2.08127549e-16 2.77605771e-01 1.98462576e-17 5.19370263e-20 3.19352213e-05 3.19345334e-05 2.47933412e-07 7.79106051e-03 2.29303695e-02 5.79640605e-18 4.60108031e-18 6.90303679e-03 1.73919179e-03 1.85136815e-17
7.14714715e-02 -2.44153793e-02 -2.44152300e-02 -5.56065563e-03 5.59465469e+00 1.75309155e+01 3.12075026e+01 3.12075076e+01 3.39763644e+01 3.90066292e+01 3.92261084e+01 3.37035242e-09 3.54273473e-03 2.41347726e-14 9.60820084e-01 9.86196764e-18 1.66039640e-26 8.94078372e-18 2.77150169e-01 3.60503105e-17 5.22415317e-20 3.19352213e-05 3.19345305e-05 2.47933412e-07 7.77883756e-03 2.29303695e-02 2.41156564e-19 2.88441880e-18 6.88559013e-03 1.73919179e-03 1.90212326e-18
7.16216216e-02 -2.44153793e-02 -2.44152294e-02 -5.56065563e-03 5.58492468e+00 1.75309155e+01 3.12075026e+01 3.12075076e+01 3.39914477e+01 3.90066292e+01 3.92261084e+01 6.11903911e-09 3.55017713e-03 6.88166080e-15 9.60950982e-01 2.92109377e-18 3.17906803e-26 2.92111952e-16 2.76695874e-01 7.16067102e-18 5.25473001e-20 3.19352213e-05 3.19345275e-05 2.47933412e-07 7.76664669e-03 2.29303695e-02 8.69306880e-19 8.76211850e-18 6.86819436e-03 1.73919179e-03 3.82961360e-17
7.17717718e-02 -2.44153793e-02 -2.44152287e-02 -5.56065570e-03 5.57522548e+00 1.75309155e+01 3.12075026e+01 3.12075076e+01 3.40064749e+01 3.90066292e+01 3.92261084e+01 2.55200181e-08 3.55761952e-03 3.30231873e-14 9.61081273e-01 1.29207370e-17 2.87815759e-26 2.51523722e-16 2.76242881e-01 7.75937006e-17 5.28543344e-20 3.19352213e-05 3.19345246e-05 2.47933412e-07 7.75448780e-03 2.29303695e-02 3.98683982e-18 1.05829613e-17 6.85084935e-03 1.73919179e-03 6.39282613e-18
7.19219219e-02 -2.44153793e-02 -2.44152281e-02 -5.56065567e-03 5.56555695e+00 1.75309155e+01 3.12075026e+01 3.12075076e+01 3.40214463e+01 3.90066292e+01 3.92261084e+01 5.23727871e-08 3.56506190e-03 4.43454761e-14 9.61210961e-01 4.36115682e-17 3.03321262e-27 3.27098113e-17 2.75791187e-01 3.00663368e-17 5.31626377e-20 3.19352213e-05 3.19345216e-05 2.47933412e-07 7.74236080e-03 2.29303695e-02 2.32697619e-18 2.34866444e-18 6.83355502e-03 1.73919179e-03 2.44063655e-17
7.20720721e-02 -2.44153793e-02 -2.44152274e-02 -5.56065564e-03 5.55591897e+00 1.75309155e+01 3.12075026e+01 3.12075076e+01 3.40363620e+01 3.90066292e+01 3.92261084e+01 1.09129484e-08 3.57250429e-03 3.54070143e-14 9.61340049e-01 7.27771569e-17 3.44924553e-18 1.80737275e-16 2.75340786e-01 1.34951028e-16 5.34722130e-20 3.19352213e-05 3.19345186e-05 2.47933412e-07 7.73026561e-03 2.29303695e-02 2.27260962e-18 4.74627744e-18 6.81631126e-03 1.73919179e-03 3.15142208e-17
7.22222222e-02 -2.44153793e-02 -2.44152268e-02 -5.56065566e-03 5.54631140e+00 1.75309155e+01 3.12075026e+01 3.12075076e+01 3.40512223e+01 3.90066292e+01 3.92261084e+01 2.11464982e-10 3.57994667e-03 2.40368765e-14 9.61468539e-01 5.77905460e-18 3.44995190e-18 1.19807528e-16 2.74891673e-01 9.67566141e-17 5.37830632e-20 3.19352213e-05 3.19345157e-05 2.47933412e-07 7.71820211e-03 2.29303695e-02 8.63799670e-18 4.20772439e-18 6.79911797e-03 1.73919179e-03 3.27755055e-18
7.23723724e-02 -2.44153793e-02 -2.44152261e-02 -5.56065565e-03 5.53673412e+00 1.75309155e+01 3.12075026e+01 3.12075076e+01 3.40660274e+01 3.90066292e+01 3.92261084e+01 1.06383409e-09 3.58738906e-03 2.24554878e-14 9.61596437e-01 2.39293400e-17 6.90689533e-26 3.34279385e-16 2.74443844e-01 2.24012161e-16 5.40951914e-20 3.19352213e-05 3.19345127e-05 2.47933412e-07 7.70617023e-03 2.29303695e-02 6.42308685e-18 9.94689379e-18 6.78197504e-03 1.73919179e-03 1.91626715e-18
7.25225225e-02 -2.44153793e-02 -2.44152255e-02 -5.56065567e-03 5.52718699e+00 1.75309155e+01 3.12075026e+01 3.12075076e+01 3.40807775e+01 3.90066292e+01 3.92261084e+01 9.75477611e-09 3.59483144e-03 3.33401149e-14 9.61723744e-01 2.68866114e-18 1.75671677e-26 1.48104327e-16 2.73997294e-01 4.82714741e-17 5.44086005e-20 3.19352213e-05 3.19345097e-05 2.47933412e-07 7.69416987e-03 2.29303695e-02 3.15693923e-18 8.05774037e-18 6.76488237e-03 1.73919179e-03 2.34413284e-17
7.26726727e-02 -2.44153793e-02 -2.44152248e-02 -5.56065570e-03 5.51766989e+00 1.75309155e+01 3.12075026e+01 3.12075076e+01 3.40954729e+01 3.90066292e+01 3.92261084e+01 6.09768246e-08 3.60227381e-03 6.15290847e-16 9.61850465e-01 6.37784103e-18 3.45201440e-18 1.50469914e-16 2.73552019e-01 8.78329726e-17 5.47232936e-20 3.19352213e-05 3.19345067e-05 2.47933412e-07 7.68220094e-03 2.29303695e-02 6.07996736e-18 4.55823478e-18 6.74783986e-03 1.73919179e-03 2.07035216e-17
7.28228228e-02 -2.44153793e-02 -2.44152242e-02 -5.56065563e-03 5.50818269e+00 1.75309155e+01 3.12075026e+01 3.12075076e+01 3.41101137e+01 3.90066292e+01 3.92261084e+01 5.45828025e-08 3.60971619e-03 3.76403063e-14 9.61976602e-01 4.36917445e-18 3.45268374e-18 1.26922918e-16 2.73108014e-01 5.44791335e-17 5.50392737e-20 3.19352213e-05 3.19345037e-05 2.47933412e-07 7.67026334e-03 2.29303695e-02 1.42476781e-18 6.20904235e-18 6.73084739e-03 1.73919179e-03 5.43553270e-17
7.29729730e-02 -2.44153793e-02 -2.44152235e-02 -5.56065568e-03 5.49872527e+00 1.75309155e+01 3.12075026e+01 3.12075076e+01 3.41247003e+01 3.90066292e+01 3.92261084e+01 3.86887292e-08 3.61715856e-03 1.64517557e-14 9.62102159e-01 6.65243584e-17 1.13824619e-27 3.52195508e-17 2.72665275e-01 8.26294633e-17 5.53565438e-20 3.19352213e-05 3.19345007e-05 2.47933412e-07 7.65835698e-03 2.29303695e-02 1.04472866e-17 4.16399330e-18 6.71390488e-03 1.73919179e-03 6.80185386e-17
7.31231231e-02 -2.44153793e-02 -2.44152228e-02 -5.56065565e-03 5.48929748e+00 1.75309155e+01 3.12075026e+01 3.12075076e+01 3.41392328e+01 3.90066292e+01 3.92261084e+01 1.15843679e-08 3.62460093e-03 1.25305274e-14 9.62227139e-01 5.09517417e-17 5.74372352e-26 2.87965592e-16 2.72223796e-01 3.50734900e-18 5.56751069e-20 3.19352213e-05 3.19344977e-05 2.47933412e-07 7.64648177e-03 2.29303695e-02 2.40254407e-18 7.38697888e-18 6.69701220e-03 1.73919179e-03 1.21311236e-17
7.32732733e-02 -2.44153793e-02 -2.44152222e-02 -5.56065568e-03 5.47989923e+00 1.75309155e+01 3.12075026e+01 3.12075076e+01 3.41537114e+01 3.90066292e+01 3.92261084e+01 1.25384078e-08 3.63204330e-03 1.20952886e-14 9.62351545e-01 2.39607093e-17 4.46582565e-27 2.89354070e-17 2.71783574e-01 5.49547836e-17 5.59949660e-20 3.19352213e-05 3.19344947e-05 2.47933412e-07 7.63463761e-03 2.29303695e-02 2.60362598e-18 1.68535268e-18 6.68016925e-03 1.73919179e-03 2.47477249e-17
7.34234234e-02 -2.44153793e-02 -2.44152215e-02 -5.56065569e-03 5.47053036e+00 1.75309155e+01 3.12075026e+01 3.12075076e+01 3.41681364e+01 3.90066292e+01 3.92261084e+01 3.03212302e-08 3.63948567e-03 4.96911647e-14 9.62475381e-01 8.25666545e-18 3.45527456e-18 5.99575703e-17 2.71344604e-01 7.86066192e-17 5.63161242e-20 3.19352213e-05 3.19344917e-05 2.47933412e-07 7.62282442e-03 2.29303695e-02 3.14542227e-19 3.37583542e-18 6.66337593e-03 1.73919179e-03 3.10673647e-18
7.35735736e-02 -2.44153793e-02 -2.44152209e-02 -5.56065566e-03 5.46119077e+00 1.75309155e+01 3.12075026e+01 3.12075076e+01 3.41825079e+01 3.90066292e+01 3.92261084e+01 2.52600440e-08 3.64692803e-03 2.19616937e-15 9.62598650e-01 9.59156553e-17 7.06311668e-27 2.16474347e-17 2.70906882e-01 3.23071672e-17 5.66385844e-20 3.19352213e-05 3.19344886e-05 2.47933412e-07 7.61104211e-03 2.29303695e-02 5.44529436e-18 5.09851149e-18 6.64663212e-03 1.73919179e-03 2.75903930e-17
7.37237237e-02 -2.44153793e-02 -2.44152202e-02 -5.56065567e-03 5.45188033e+00 1.75309155e+01 3.12075026e+01 3.12075076e+01 3.41968262e+01 3.90066292e+01 3.92261084e+01 1.67406298e-08 3.65437040e-03 2.44226388e-14 9.62721355e-01 2.99568989e-17 3.45652062e-18 1.13630661e-16 2.70470402e-01 5.25136073e-17 5.69623497e-20 3.19352213e-05 3.19344856e-05 2.47933412e-07 7.59929057e-03 2.29303695e-02 9.42920248e-19 5.30642468e-18 6.62993773e-03 1.73919179e-03 2.87822284e-17
7.38738739e-02 -2.44153793e-02 -2.44152195e-02 -5.56065569e-03 5.44259891e+00 1.75309155e+01 3.12075026e+01 3.12075076e+01 3.42110916e+01 3.90066292e+01 3.92261084e+01 2.96017400e-08 3.66181276e-03 3.65206369e-15 9.62843499e-01 1.47866359e-17 3.45713190e-18 7.07662416e-18 2.70035161e-01 3.36347098e-17 5.72874231e-20 3.19352213e-05 3.19344825e-05 2.47933412e-07 7.58756972e-03 2.29303695e-02 6.38992283e-19 2.17718070e-18 6.61329263e-03 1.73919179e-03 5.72852175e-17
7.40240240e-02 -2.44153793e-02 -2.44152189e-02 -5.56065571e-03 5.43334639e+00 1.75309155e+01 3.12075026e+01 3.12075076e+01 3.42253041e+01 3.90066292e+01 3.92261084e+01 1.38043920e-08 3.66925512e-03 4.29715190e-15 9.62965085e-01 1.56154902e-17 3.45773558e-18 2.44792387e-16 2.69601153e-01 2.35076297e-16 5.76138077e-20 3.19352213e-05 3.19344795e-05 2.47933412e-07 7.57587947e-03 2.29303695e-02 7.17973869e-18 7.87560910e-18 6.59669672e-03 1.73919179e-03 2.35629114e-17
7.41741742e-02 -2.44153793e-02 -2.44152182e-02 -5.56065569e-03 5.42412265e+00 1.75309155e+01 3.12075026e+01 3.12075076e+01 3.42394641e+01 3.90066292e+01 3.92261084e+01 4.14843663e-08 3.67669747e-03 3.84622605e-15 9.63086116e-01 9.73432083e-18 2.10984033e-26 7.12706158e-17 2.69168376e-01 2.28823240e-16 5.79415064e-20 3.19352213e-05 3.19344764e-05 2.47933412e-07 7.56421973e-03 2.29303695e-02 3.50555701e-18 1.34229370e-17 6.58014989e-03 1.73919179e-03 4.37379315e-17
7.43243243e-02 -2.44153793e-02 -2.44152175e-02 -5.56065564e-03 5.41492757e+00 1.75309155e+01 3.12075026e+01 3.12075076e+01 3.42535718e+01 3.90066292e+01 3.92261084e+01 1.60503457e-08 3.68413983e-03 7.23173363e-15 9.63206596e-01 9.21865203e-17 2.52412711e-26 1.50858050e-16 2.68736823e-01 8.27144119e-17 5.82705224e-20 3.19352213e-05 3.19344734e-05 2.47933412e-07 7.55259041e-03 2.29303695e-02 3.18701854e-19 1.68804934e-17 6.56365204e-03 1.73919179e-03 1.92469427e-18
7.44744745e-02 -2.44153793e-02 -2.44152169e-02 -5.56065564e-03 5.40576103e+00 1.75309155e+01 3.12075026e+01 3.12075076e+01 3.42676273e+01 3.90066292e+01 3.92261084e+01 7.53479686e-11 3.69158218e-03 3.87367841e-14 9.63326528e-01 8.55910549e-17 2.01349524e-26 1.24897453e-16 2.68306491e-01 1.64814328e-16 5.86008586e-20 3.19352213e-05 3.19344703e-05 2.47933412e-07 7.54099140e-03 2.29303695e-02 5.44501876e-18 3.24895922e-18 6.54720304e-03 1.73919179e-03 3.44824999e-17
7.46246246e-02 -2.44153793e-02 -2.44152162e-02 -5.56065566e-03 5.39662291e+00 1.75309155e+01 3.12075026e+01 3.12075076e+01 3.42816309e+01 3.90066292e+01 3.92261084e+01 8.48028008e-09 3.69902453e-03 7.65010521e-15 9.63445914e-01 9.67964566e-17 1.37805162e-26 7.12620302e-17 2.67877376e-01 1.03375784e-16 5.89325180e-20 3.19352213e-05 3.19344672e-05 2.47933412e-07 7.52942263e-03 2.29303695e-02 2.60599010e-18 9.00082738e-18 6.53080279e-03 1.73919179e-03 4.21159474e-17
7.47747748e-02 -2.44153793e-02 -2.44152155e-02 -5.56065569e-03 5.38751309e+00 1.75309155e+01 3.12075026e+01 3.12075076e+01 3.42955828e+01 3.90066292e+01 3.92261084e+01 3.69932682e-08 3.70646688e-03 1.48500505e-14 9.63564758e-01 1.48557532e-16 2.75751724e-26 1.62475218e-16 2.67449472e-01 2.59896260e-16 5.92655038e-20 3.19352213e-05 3.19344642e-05 2.47933412e-07 7.51788400e-03 2.29303695e-02 1.21753288e-18 2.30090022e-18 6.51445117e-03 1.73919179e-03 2.00357657e-17
7.49249249e-02 -2.44153793e-02 -2.44152148e-02 -5.56065564e-03 5.37843144e+00 1.75309155e+01 3.12075026e+01 3.12075076e+01 3.43094832e+01 3.90066292e+01 3.92261084e+01 1.95816165e-08 3.71390922e-03 1.51712316e-14 9.63683062e-01 8.43580504e-18 3.46120523e-18 1.43564645e-16 2.67022776e-01 1.87988712e-17 5.95998189e-20 3.19352213e-05 3.19344611e-05 2.47933412e-07 7.50637543e-03 2.29303695e-02 1.21887286e-18 5.47688016e-18 6.49814809e-03 1.73919179e-03 2.11516297e-17
7.50750751e-02 -2.44153793e-02 -2.44152142e-02 -5.56065568e-03 5.36937786e+00 1.75309155e+01 3.12075026e+01 3.12075076e+01 3.43233323e+01 3.90066292e+01 3.92261084e+01 8.38328909e-09 3.72135157e-03 6.00255506e-14 9.63800830e-01 2.01918229e-17 3.46175939e-18 6.85550416e-18 2.66597284e-01 3.06347791e-17 5.99354664e-20 3.19352213e-05 3.19344580e-05 2.47933412e-07 7.49489681e-03 2.29303695e-02 2.61949369e-19 1.22876649e-17 6.48189341e-03 1.73919179e-03 1.35803903e-18
7.52252252e-02 -2.44153793e-02 -2.44152135e-02 -5.56065572e-03 5.36035221e+00 1.75309155e+01 3.12075026e+01 3.12075076e+01 3.43371303e+01 3.90066292e+01 3.92261084e+01 4.57861801e-08 3.72879391e-03 4.95573086e-15 9.63918065e-01 4.45537190e-17 3.46230707e-18 2.34670503e-16 2.66172990e-01 1.04326261e-16 6.02724494e-20 3.19352213e-05 3.19344549e-05 2.47933412e-07 7.48344807e-03 2.29303695e-02 6.42387386e-18 3.35886280e-18 6.46568703e-03 1.73919179e-03 1.29965865e-17
7.53753754e-02 -2.44153793e-02 -2.44152128e-02 -5.56065568e-03 5.35135440e+00 1.75309155e+01 3.12075026e+01 3.12075076e+01 3.43508775e+01 3.90066292e+01 3.92261084e+01 6.46163716e-08 3.73623625e-03 1.73091393e-14 9.64034769e-01 4.65232905e-17 3.46284830e-18 1.05236568e-16 2.65749890e-01 1.08827870e-17 6.06107709e-20 3.19352213e-05 3.19344518e-05 2.47933412e-07 7.47202910e-03 2.29303695e-02 8.98984228e-18 3.80080276e-18 6.44952884e-03 1.73919179e-03 2.55738977e-17
7.55255255e-02 -2.44153793e-02 -2.44152121e-02 -5.56065565e-03 5.34238429e+00 1.75309155e+01 3.12075026e+01 3.12075076e+01 3.43645740e+01 3.90066292e+01 3.92261084e+01 6.14146455e-08 3.74367858e-03 1.83042898e-14 9.64150946e-01 6.74446697e-17 3.46338323e-18 1.31339605e-16 2.65327982e-01 9.59368341e-17 6.09504339e-20 3.19352213e-05 3.19344487e-05 2.47933412e-07 7.46063983e-03 2.29303695e-02 8.15642824e-18 8.63569490e-18 6.43341873e-03 1.73919179e-03 6.61245294e-18
7.56756757e-02 -2.44153793e-02 -2.44152115e-02 -5.56065567e-03 5.33344178e+00 1.75309155e+01 3.12075026e+01 3.12075076e+01 3.43782200e+01 3.90066292e+01 3.92261084e+01 6.52449853e-08 3.75112092e-03 1.56562570e-14 9.64266599e-01 7.60926808e-17 3.21708936e-28 3.97182036e-17 2.64907259e-01 6.07859002e-17 6.12914415e-20 3.19352213e-05 3.19344456e-05 2.47933412e-07 7.44928016e-03 2.29303695e-02 2.27643021e-18 1.72020358e-18 6.41735657e-03 1.73919179e-03 2.40796089e-18
7.58258258e-02 -2.44153793e-02 -2.44152108e-02 -5.56065565e-03 5.32452674e+00 1.75309155e+01 3.12075026e+01 3.12075076e+01 3.43918158e+01 3.90066292e+01 3.92261084e+01 3.94549459e-09 3.75856325e-03 3.57972794e-14 9.64381730e-01 4.67848569e-17 2.80562871e-27 5.73328747e-17 2.64487718e-01 9.62759259e-17 6.16337968e-20 3.19352213e-05 3.19344424e-05 2.47933412e-07 7.43795000e-03 2.29303695e-02 2.61230838e-18 6.21674060e-18 6.40134225e-03 1.73919179e-03 3.30792629e-17
7.59759760e-02 -2.44153793e-02 -2.44152101e-02 -5.56065568e-03 5.31563906e+00 1.75309155e+01 3.12075026e+01 3.12075076e+01 3.44053616e+01 3.90066292e+01 3.92261084e+01 7.71196794e-09 3.76600558e-03 4.06079893e-15 9.64496342e-01 9.85222289e-17 3.46495149e-18 1.10582333e-16 2.64069354e-01 6.20544381e-17 6.19775028e-20 3.19352213e-05 3.19344393e-05 2.47933412e-07 7.42664926e-03 2.29303695e-02 7.18166986e-18 2.83945680e-18 6.38537567e-03 1.73919179e-03 4.98639063e-18
7.61261261e-02 -2.44153793e-02 -2.44152094e-02 -5.56065567e-03 5.30677864e+00 1.75309155e+01 3.12075026e+01 3.12075076e+01 3.44188575e+01 3.90066292e+01 3.92261084e+01 2.56383133e-08 3.77344791e-03 1.77174082e-14 9.64610438e-01 2.02287134e-17 3.46546237e-18 4.73111402e-17 2.63652164e-01 4.15619694e-17 6.23225626e-20 3.19352213e-05 3.19344362e-05 2.47933412e-07 7.41537785e-03 2.29303695e-02 3.29464641e-19 1.74384542e-17 6.36945670e-03 1.73919179e-03 2.54028575e-17
7.62762763e-02 -2.44153793e-02 -2.44152087e-02 -5.56065569e-03 5.29794535e+00 1.75309155e+01 3.12075026e+01 3.12075076e+01 3.44323038e+01 3.90066292e+01 3.92261084e+01 1.78496580e-08 3.78089024e-03 1.21021654e-14 9.64724022e-01 9.36031002e-17 1.04450186e-26 6.79391451e-17 2.63236142e-01 1.84202397e-16 6.26689793e-20 3.19352213e-05 3.19344330e-05 2.47933412e-07 7.40413569e-03 2.29303695e-02 1.77501410e-18 1.29317668e-17 6.35358523e-03 1.73919179e-03 6.76572541e-18
7.64264264e-02 -2.44153793e-02 -2.44152080e-02 -5.56065569e-03 5.28913907e+00 1.75309155e+01 3.12075026e+01 3.12075076e+01 3.44457007e+01 3.90066292e+01 3.92261084e+01 7.59635264e-08 3.78833256e-03 2.34363993e-14 9.64837095e-01 8.26248832e-17 9.84644766e-27 1.23684352e-16 2.62821286e-01 3.18144172e-17 6.30167558e-20 3.19352213e-05 3.19344299e-05 2.47933412e-07 7.39292268e-03 2.29303695e-02 1.43023980e-18 1.67795434e-17 6.33776115e-03 1.73919179e-03 3.75356365e-17
7.65765766e-02 -2.44153793e-02 -2.44152073e-02 -5.56065569e-03 5.28035971e+00 1.75309155e+01 3.12075026e+01 3.12075076e+01 3.44590483e+01 3.90066292e+01 3.92261084e+01 7.19277988e-09 3.79577488e-03 4.63578548e-14 9.64949661e-01 5.29577825e-17 3.46696103e-18 1.11710434e-16 2.62407590e-01 3.22773280e-17 6.33658953e-20 3.19352213e-05 3.19344267e-05 2.47933412e-07 7.38173874e-03 2.29303695e-02 5.31536763e-18 4.47526377e-18 6.32198434e-03 1.73919179e-03 2.44655368e-18
7.67267267e-02 -2.44153793e-02 -2.44152066e-02 -5.56065569e-03 5.27160714e+00 1.75309155e+01 3.12075026e+01 3.12075076e+01 3.44723469e+01 3.90066292e+01 3.92261084e+01 1.81967047e-09 3.80321720e-03 4.80361511e-14 9.65061723e-01 1.71303379e-17 1.22109317e-26 8.16438184e-17 2.61995051e-01 1.19332765e-17 6.37164009e-20 3.19352213e-05 3.19344236e-05 2.47933412e-07 7.37058377e-03 2.29303695e-02 8.08600552e-18 1.16424390e-17 6.30625467e-03 1.73919179e-03 3.62239911e-17
7.68768769e-02 -2.44153793e-02 -2.44152060e-02 -5.56065560e-03 5.26288126e+00 1.75309155e+01 3.12075026e+01 3.12075076e+01 3.44855967e+01 3.90066292e+01 3.92261084e+01 1.33416976e-08 3.81065952e-03 2.46269890e-15 9.65173283e-01 9.03043921e-17 3.46793278e-18 6.83445691e-17 2.61583664e-01 8.71960837e-17 6.40682756e-20 3.19352213e-05 3.19344204e-05 2.47933412e-07 7.35945769e-03 2.29303695e-02 2.40161359e-18 4.22982773e-18 6.29057205e-03 1.73919179e-03 1.41755037e-17
7.70270270e-02 -2.44153793e-02 -2.44152053e-02 -5.56065557e-03 5.25418195e+00 1.75309155e+01 3.12075026e+01 3.12075076e+01 3.44987979e+01 3.90066292e+01 3.92261084e+01 2.32091572e-08 3.81810184e-03 7.70709813e-14 9.65284344e-01 1.24354669e-16 3.46841077e-18 1.64808182e-17 2.61173425e-01 1.35211212e-16 6.44215225e-20 3.19352213e-05 3.19344172e-05 2.47933412e-07 7.34836042e-03 2.29303695e-02 1.42409272e-18 3.12043240e-18 6.27493634e-03 1.73919179e-03 3.14525901e-18
7.71771772e-02 -2.44153793e-02 -2.44152046e-02 -5.56065566e-03 5.24550910e+00 1.75309155e+01 3.12075026e+01 3.12075076e+01 3.45119507e+01 3.90066292e+01 3.92261084e+01 3.40369585e-08 3.82554415e-03 2.35991049e-14 9.65394908e-01 5.92311042e-17 3.46888348e-18 1.79763619e-16 2.60764330e-01 1.99147812e-17 6.47761447e-20 3.19352213e-05 3.19344141e-05 2.47933412e-07 7.33729185e-03 2.29303695e-02 2.60354945e-18 6.15810473e-18 6.25934744e-03 1.73919179e-03 3.79466933e-17
7.73273273e-02 -2.44153793e-02 -2.44152039e-02 -5.56065571e-03 5.23686261e+00 1.75309155e+01 3.12075026e+01 3.12075076e+01 3.45250552e+01 3.90066292e+01 3.92261084e+01 4.96101402e-08 3.83298646e-03 3.70423431e-14 9.65504980e-01 9.55003453e-17 3.04556441e-26 7.67531226e-17 2.60356375e-01 2.33102770e-17 6.51321452e-20 3.19352213e-05 3.19344109e-05 2.47933412e-07 7.32625191e-03 2.29303695e-02 6.42152823e-18 2.19485324e-18 6.24380522e-03 1.73919179e-03 1.14250219e-17
7.74774775e-02 -2.44153793e-02 -2.44152032e-02 -5.56065567e-03 5.22824236e+00 1.75309155e+01 3.12075026e+01 3.12075076e+01 3.45381117e+01 3.90066292e+01 3.92261084e+01 5.81437162e-08 3.84042877e-03 4.28767063e-14 9.65614560e-01 6.26048367e-17 3.46981403e-18 2.22486761e-16 2.59949557e-01 1.43211976e-16 6.54895272e-20 3.19352213e-05 3.19344077e-05 2.47933412e-07 7.31524051e-03 2.29303695e-02 3.16767161e-19 1.17963140e-17 6.22830957e-03 1.73919179e-03 3.77652410e-18
7.76276276e-02 -2.44153793e-02 -2.44152025e-02 -5.56065560e-03 5.21964825e+00 1.75309155e+01 3.12075026e+01 3.12075076e+01 3.45511204e+01 3.90066292e+01 3.92261084e+01 2.45340390e-08 3.84787107e-03 2.40613831e-14 9.65723653e-01 3.35796048e-17 5.50507763e-26 3.29493908e-16 2.59543869e-01 6.07738619e-17 6.58482938e-20 3.19352213e-05 3.19344045e-05 2.47933412e-07 7.30425756e-03 2.29303695e-02 2.67640033e-18 7.67955942e-18 6.21286038e-03 1.73919179e-03 1.95012756e-17
7.77777778e-02 -2.44153793e-02 -2.44152018e-02 -5.56065565e-03 5.21108016e+00 1.75309155e+01 3.12075026e+01 3.12075076e+01 3.45640814e+01 3.90066292e+01 3.92261084e+01 1.70916316e-08 3.85531338e-03 7.04578814e-14 9.65832260e-01 1.65545083e-17 2.81453545e-26 1.34714185e-16 2.59139310e-01 1.14845852e-16 6.62084479e-20 3.19352213e-05 3.19344013e-05 2.47933412e-07 7.29330296e-03 2.29303695e-02 1.31026495e-19 9.10357277e-19 6.19745751e-03 1.73919179e-03 4.67970179e-17
7.79279279e-02 -2.44153793e-02 -2.44152011e-02 -5.56065566e-03 5.20253799e+00 1.75309155e+01 3.12075026e+01 3.12075076e+01 3.45769951e+01 3.90066292e+01 3.92261084e+01 4.93613306e-08 3.86275568e-03 5.05945335e-14 9.65940385e-01 9.55064950e-17 6.00346229e-26 1.59377803e-16 2.58735874e-01 2.69995940e-17 6.65699927e-20 3.19352213e-05 3.19343981e-05 2.47933412e-07 7.28237665e-03 2.29303695e-02 2.52874446e-18 8.43234761e-18 6.18210086e-03 1.73919179e-03 3.89491152e-17
7.80780781e-02 -2.44153793e-02 -2.44152004e-02 -5.56065563e-03 5.19402163e+00 1.75309155e+01 3.12075026e+01 3.12075076e+01 3.45898614e+01 3.90066292e+01 3.92261084e+01 6.85077028e-09 3.87019798e-03 2.42823826e-14 9.66048029e-01 1.22077355e-17 3.10398551e-26 1.70272321e-16 2.58333558e-01 9.75558064e-17 6.69329314e-20 3.19352213e-05 3.19343949e-05 2.47933412e-07 7.27147852e-03 2.29303695e-02 3.71495547e-18 6.95333968e-18 6.16679031e-03 1.73919179e-03 9.29395322e-18
7.82282282e-02 -2.44153793e-02 -2.44151997e-02 -5.56065563e-03 5.18553097e+00 1.75309155e+01 3.12075026e+01 3.12075076e+01 3.46026808e+01 3.90066292e+01 3.92261084e+01 2.63110242e-08 3.87764028e-03 4.43923147e-14 9.66155196e-01 4.83177653e-17 2.25977537e-27 7.89193270e-18 2.57932357e-01 4.98000430e-17 6.72972669e-20 3.19352213e-05 3.19343916e-05 2.47933412e-07 7.26060849e-03 2.29303695e-02 1.49779448e-18 7.78633221e-18 6.15152574e-03 1.73919179e-03 1.19573777e-17
7.83783784e-02 -2.44153793e-02 -2.44151990e-02 -5.56065563e-03 5.17706591e+00 1.75309155e+01 3.12075026e+01 3.12075076e+01 3.46154533e+01 3.90066292e+01 3.92261084e+01 4.00240040e-09 3.88508257e-03 1.66609224e-14 9.66261889e-01 2.10400743e-17 3.85014645e-26 3.05164521e-16 2.57532268e-01 1.07976361e-18 6.76630025e-20 3.19352213e-05 3.19343884e-05 2.47933412e-07 7.24976648e-03 2.29303695e-02 5.31508587e-18 7.03724325e-18 6.13630702e-03 1.73919179e-03 9.25596136e-18
7.85285285e-02 -2.44153793e-02 -2.44151983e-02 -5.56065563e-03 5.16862635e+00 1.75309155e+01 3.12075026e+01 3.12075076e+01 3.46281791e+01 3.90066292e+01 3.92261084e+01 5.32457681e-08 3.89252486e-03 1.60424286e-14 9.66368109e-01 1.26322308e-17 1.28070369e-26 4.79686069e-18 2.57133286e-01 1.40275719e-16 6.80301412e-20 3.19352213e-05 3.19343852e-05 2.47933412e-07 7.23895239e-03 2.29303695e-02 8.69092444e-19 1.29266486e-17 6.12113405e-03 1.73919179e-03 1.81723032e-17
7.86786787e-02 -2.44153793e-02 -2.44151975e-02 -5.56065564e-03 5.16021217e+00 1.75309155e+01 3.12075026e+01 3.12075076e+01 3.46408585e+01 3.90066292e+01 3.92261084e+01 2.91105462e-09 3.89996715e-03 1.53240227e-14 9.66473859e-01 8.58971096e-17 1.53714493e-26 1.29718329e-16 2.56735408e-01 3.80135630e-17 6.83986860e-20 3.19352213e-05 3.19343819e-05 2.47933412e-07 7.22816615e-03 2.29303695e-02 4.41119572e-18 1.10161678e-18 6.10600670e-03 1.73919179e-03 1.77491979e-17
7.88288288e-02 -2.44153793e-02 -2.44151968e-02 -5.56065563e-03 5.15182328e+00 1.75309155e+01 3.12075026e+01 3.12075076e+01 3.46534916e+01 3.90066292e+01 3.92261084e+01 3.23072444e-08 3.90740944e-03 1.02817391e-14 9.66579143e-01 5.47457090e-17 5.19875996e-26 3.77311265e-16 2.56338630e-01 5.56941727e-17 6.87686402e-20 3.19352213e-05 3.19343787e-05 2.47933412e-07 7.21740767e-03 2.29303695e-02 2.05049100e-18 9.42459445e-18 6.09092485e-03 1.73919179e-03 3.86198271e-17
7.89789790e-02 -2.44153793e-02 -2.44151961e-02 -5.56065567e-03 5.14345956e+00 1.75309155e+01 3.12075026e+01 3.12075076e+01 3.46660786e+01 3.90066292e+01 3.92261084e+01 1.12488852e-08 3.91485173e-03 7.77740222e-16 9.66683962e-01 1.32226246e-16 3.47418495e-18 1.12148929e-16 2.55942948e-01 4.54765354e-17 6.91400067e-20 3.19352213e-05 3.19343754e-05 2.47933412e-07 7.20667685e-03 2.29303695e-02 6.97486000e-18 4.89606754e-18 6.07588838e-03 1.73919179e-03 3.37758937e-17
7.91291291e-02 -2.44153793e-02 -2.44151954e-02 -5.56065562e-03 5.13512092e+00 1.75309155e+01 3.12075026e+01 3.12075076e+01 3.46786198e+01 3.90066292e+01 3.92261084e+01 4.74587337e-08 3.92229401e-03 6.58310647e-14 9.66788319e-01 6.73392226e-17 1.88365570e-30 1.47666521e-17 2.55548357e-01 9.36378238e-18 6.95127889e-20 3.19352213e-05 3.19343722e-05 2.47933412e-07 7.19597362e-03 2.29303695e-02 1.23175433e-18 5.13607635e-18 6.06089718e-03 1.73919179e-03 1.14456637e-17
7.92792793e-02 -2.44153793e-02 -2.44151947e-02 -5.56065569e-03 5.12680725e+00 1.75309155e+01 3.12075026e+01 3.12075076e+01 3.46911152e+01 3.90066292e+01 3.92261084e+01 4.39523498e-08 3.92973629e-03 6.28793282e-15 9.66892216e-01 1.16585702e-16 3.35427977e-27 2.45626636e-17 2.55154854e-01 1.42708010e-16 6.98869896e-20 3.19352213e-05 3.19343689e-05 2.47933412e-07 7.18529789e-03 2.29303695e-02 2.88069750e-18 7.18170249e-18 6.04595112e-03 1.73919179e-03 2.83392635e-17
7.94294294e-02 -2.44153793e-02 -2.44151940e-02 -5.56065566e-03 5.11851845e+00 1.75309155e+01 3.12075026e+01 3.12075076e+01 3.47035651e+01 3.90066292e+01 3.92261084e+01 1.53159802e-08 3.93717857e-03 7.52444987e-14 9.66995657e-01 7.40273891e-19 1.80886916e-26 1.34932092e-16 2.54762435e-01 8.59765677e-17 7.02626121e-20 3.19352213e-05 3.19343656e-05 2.47933412e-07 7.17464958e-03 2.29303695e-02 2.68485305e-19 6.69138347e-18 6.03105009e-03 1.73919179e-03 5.18159008e-17
7.95795796e-02 -2.44153793e-02 -2.44151933e-02 -5.56065569e-03 5.11025442e+00 1.75309155e+01 3.12075026e+01 3.12075076e+01 3.47159697e+01 3.90066292e+01 3.92261084e+01 1.03853138e-08 3.94462085e-03 2.00506533e-14 9.67098643e-01 5.66503482e-17 1.18498274e-26 1.25215133e-16 2.54371096e-01 1.00311858e-16 7.06396595e-20 3.19352213e-05 3.19343624e-05 2.47933412e-07 7.16402859e-03 2.29303695e-02 2.60520792e-18 4.91932598e-18 6.01619396e-03 1.73919179e-03 1.26400308e-18
7.97297297e-02 -2.44153793e-02 -2.44151926e-02 -5.56065563e-03 5.10201505e+00 1.75309155e+01 3.12075026e+01 3.12075076e+01 3.47283292e+01 3.90066292e+01 3.92261084e+01 3.58858446e-09 3.95206312e-03 6.74839886e-15 9.67201177e-01 1.11939178e-16 3.84890746e-27 6.49289495e-17 2.53980833e-01 6.38933475e-17 7.10181349e-20 3.19352213e-05 3.19343591e-05 2.47933412e-07 7.15343485e-03 2.29303695e-02 5.23397266e-19 3.43809805e-18 6.00138262e-03 1.73919179e-03 1.15535355e-17
7.98798799e-02 -2.44153793e-02 -2.44151918e-02 -5.56065564e-03 5.09380024e+00 1.75309155e+01 3.12075026e+01 3.12075076e+01 3.47406437e+01 3.90066292e+01 3.92261084e+01 2.91717462e-08 3.95950540e-03 1.55406781e-14 9.67303262e-01 1.70836959e-17 6.76538320e-27 3.44354606e-17 2.53591643e-01 1.15327245e-16 7.13980414e-20 3.19352213e-05 3.19343558e-05 2.47933412e-07 7.14286827e-03 2.29303695e-02 2.33095368e-18 3.70819394e-18 5.98661595e-03 1.73919179e-03 1.14217837e-17
8.00300300e-02 -2.44153793e-02 -2.44151911e-02 -5.56065566e-03 5.08560990e+00 1.75309155e+01 3.12075026e+01 3.12075076e+01 3.47529135e+01 3.90066292e+01 3.92261084e+01 2.78661200e-08 3.96694767e-03 2.53819551e-14 9.67404900e-01 5.72400809e-17 5.00512980e-27 2.00353167e-16 2.53203521e-01 1.49223460e-16 7.17793822e-20 3.19352213e-05 3.19343525e-05 2.47933412e-07 7.13232877e-03 2.29303695e-02 2.33436201e-18 4.19284831e-18 5.97189382e-03 1.73919179e-03 5.60803013e-17
8.01801802e-02 -2.44153793e-02 -2.44151904e-02 -5.56065570e-03 5.07744392e+00 1.75309155e+01 3.12075026e+01 3.12075076e+01 3.47651386e+01 3.90066292e+01 3.92261084e+01 3.04337834e-09 3.97438993e-03 3.26978710e-14 9.67506093e-01 6.19184016e-17 3.02284002e-26 1.03180872e-16 2.52816464e-01 3.70145627e-17 7.21621603e-20 3.19352213e-05 3.19343492e-05 2.47933412e-07 7.12181626e-03 2.29303695e-02 1.70215242e-18 3.99599176e-18 5.95721611e-03 1.73919179e-03 5.79323086e-18
8.03303303e-02 -2.44153793e-02 -2.44151897e-02 -5.56065564e-03 5.06930221e+00 1.75309155e+01 3.12075026e+01 3.12075076e+01 3.47773194e+01 3.90066292e+01 3.92261084e+01 4.64865309e-08 3.98183220e-03 6.36124302e-15 9.67606844e-01 2.60986566e-17 4.28014420e-27 6.08450926e-17 2.52430467e-01 1.14866399e-16 7.25463790e-20 3.19352213e-05 3.19343459e-05 2.47933412e-07 7.11133066e-03 2.29303695e-02 2.87858152e-18 5.38432208e-18 5.94258271e-03 1.73919179e-03 1.69808283e-17
8.04804805e-02 -2.44153793e-02 -2.44151889e-02 -5.56065564e-03 5.06118466e+00 1.75309155e+01 3.12075026e+01 3.12075076e+01 3.47894560e+01 3.90066292e+01 3.92261084e+01 2.95282084e-08 3.98927446e-03 6.26430662e-14 9.67707155e-01 6.10639077e-17 1.56116667e-26 9.01473675e-17 2.52045528e-01 1.24805452e-17 7.29320413e-20 3.19352213e-05 3.19343426e-05 2.47933412e-07 7.10087188e-03 2.29303695e-02 7.17979179e-18 2.98633588e-18 5.92799349e-03 1.73919179e-03 3.28285726e-17
8.06306306e-02 -2.44153793e-02 -2.44151882e-02 -5.56065570e-03 5.05309118e+00 1.75309155e+01 3.12075026e+01 3.12075076e+01 3.48015485e+01 3.90066292e+01 3.92261084e+01 1.38971669e-08 3.99671672e-03 4.03146806e-14 9.67807028e-01 1.12417749e-16 5.10053997e-27 1.14741568e-17 2.51661642e-01 2.96115229e-17 7.33191504e-20 3.19352213e-05 3.19343392e-05 2.47933412e-07 7.09043984e-03 2.29303695e-02 5.33114973e-19 7.83159379e-18 5.91344834e-03 1.73919179e-03 4.99607950e-17
8.07807808e-02 -2.44153793e-02 -2.44151875e-02 -5.56065560e-03 5.04502166e+00 1.75309155e+01 3.12075026e+01 3.12075076e+01 3.48135972e+01 3.90066292e+01 3.92261084e+01 3.17916277e-08 4.00415898e-03 3.70404722e-14 9.67906467e-01 4.73612820e-17 2.76057446e-26 1.45882866e-16 2.51278805e-01 6.87049363e-17 7.37077094e-20 3.19352213e-05 3.19343359e-05 2.47933412e-07 7.08003446e-03 2.29303695e-02 6.31702198e-20 4.68017018e-18 5.89894712e-03 1.73919179e-03 2.80339719e-17
8.09309309e-02 -2.44153793e-02 -2.44151868e-02 -5.56065576e-03 5.03697602e+00 1.75309155e+01 3.12075026e+01 3.12075076e+01 3.48256023e+01 3.90066292e+01 3.92261084e+01 2.50191530e-08 4.01160124e-03 3.75541912e-15 9.68005473e-01 2.92885648e-18 8.89415935e-27 1.30996934e-16 2.50897015e-01 4.87816187e-17 7.40977215e-20 3.19352213e-05 3.19343326e-05 2.47933412e-07 7.06965566e-03 2.29303695e-02 3.22872378e-18 8.72305534e-18 5.88448974e-03 1.73919179e-03 4.54689602e-17
8.10810811e-02 -2.44153793e-02 -2.44151860e-02 -5.56065567e-03 5.02895414e+00 1.75309155e+01 3.12075026e+01 3.12075076e+01 3.48375638e+01 3.90066292e+01 3.92261084e+01 1.61822020e-08 4.01904349e-03 2.05527110e-14 9.68104048e-01 9.04682903e-18 2.35651438e-27 1.84368212e-17 2.50516266e-01 1.41659653e-16 7.44891898e-20 3.19352213e-05 3.19343292e-05 2.47933412e-07 7.05930335e-03 2.29303695e-02 3.43721490e-18 4.56410614e-18 5.87007605e-03 1.73919179e-03 3.74083330e-17
8.12312312e-02 -2.44153793e-02 -2.44151853e-02 -5.56065564e-03 5.02095595e+00 1.75309155e+01 3.12075026e+01 3.12075076e+01 3.48494820e+01 3.90066292e+01 3.92261084e+01 4.19218736e-08 4.02648574e-03 2.62432603e-14 9.68202195e-01 8.96804773e-17 2.45374972e-26 1.21978402e-16 2.50136555e-01 8.44771855e-17 7.48821175e-20 3.19352213e-05 3.19343259e-05 2.47933412e-07 7.04897744e-03 2.29303695e-02 1.14715218e-18 1.11853333e-17 5.85570594e-03 1.73919179e-03 3.10847795e-17
8.13813814e-02 -2.44153793e-02 -2.44151846e-02 -5.56065568e-03 5.01298133e+00 1.75309155e+01 3.12075026e+01 3.12075076e+01 3.48613572e+01 3.90066292e+01 3.92261084e+01 1.17126445e-08 4.03392799e-03 2.33203115e-14 9.68299917e-01 7.37771051e-18 3.48033885e-18 1.05183122e-16 2.49757879e-01 5.10231582e-17 7.52765076e-20 3.19352213e-05 3.19343226e-05 2.47933412e-07 7.03867787e-03 2.29303695e-02 2.40040021e-18 2.39176354e-18 5.84137930e-03 1.73919179e-03 1.76413632e-17
8.15315315e-02 -2.44153793e-02 -2.44151838e-02 -5.56065568e-03 5.00503020e+00 1.75309155e+01 3.12075026e+01 3.12075076e+01 3.48731893e+01 3.90066292e+01 3.92261084e+01 2.47111409e-08 4.04137024e-03 2.59102953e-14 9.68397215e-01 3.29797562e-19 2.10971233e-27 4.53434136e-17 2.49380234e-01 7.13948917e-17 7.56723635e-20 3.19352213e-05 3.19343192e-05 2.47933412e-07 7.02840454e-03 2.29303695e-02 5.16825795e-18 1.36189337e-17 5.82709599e-03 1.73919179e-03 4.96325357e-17
8.16816817e-02 -2.44153793e-02 -2.44151831e-02 -5.56065566e-03 4.99710245e+00 1.75309155e+01 3.12075026e+01 3.12075076e+01 3.48849787e+01 3.90066292e+01 3.92261084e+01 3.86578838e-08 4.04881248e-03 1.26012887e-14 9.68494092e-01 2.15824304e-17 3.08071738e-28 2.06672967e-18 2.49003616e-01 4.96440676e-17 7.60696881e-20 3.19352213e-05 3.19343158e-05 2.47933412e-07 7.01815737e-03 2.29303695e-02 8.80302142e-19 5.81108789e-18 5.81285591e-03 1.73919179e-03 3.24902172e-17
8.18318318e-02 -2.44153793e-02 -2.44151824e-02 -5.56065570e-03 4.98919800e+00 1.75309155e+01 3.12075026e+01 3.12075076e+01 3.48967256e+01 3.90066292e+01 3.92261084e+01 3.82076323e-08 4.05625472e-03 1.50816273e-14 9.68590550e-01 2.56760556e-17 7.18894131e-27 3.30544761e-17 2.48628022e-01 3.45296247e-17 7.64684848e-20 3.19352213e-05 3.19343125e-05 2.47933412e-07 7.00793628e-03 2.29303695e-02 3.15709845e-18 4.05432791e-18 5.79865892e-03 1.73919179e-03 2.30965655e-17
8.19819820e-02 -2.44153793e-02 -2.44151816e-02 -5.56065563e-03 4.98131675e+00 1.75309155e+01 3.12075026e+01 3.12075076e+01 3.49084300e+01 3.90066292e+01 3.92261084e+01 2.79972515e-08 4.06369696e-03 2.14015930e-14 9.68686591e-01 8.14981460e-17 2.22791287e-26 1.39556086e-16 2.48253448e-01 1.18870928e-16 7.68687565e-20 3.19352213e-05 3.19343091e-05 2.47933412e-07 6.99774119e-03 2.29303695e-02 4.61501762e-18 3.43414968e-18 5.78450491e-03 1.73919179e-03 3.40549473e-18
8.21321321e-02 -2.44153793e-02 -2.44151809e-02 -5.56065560e-03 4.97345860e+00 1.75309155e+01 3.12075026e+01 3.12075076e+01 3.49200921e+01 3.90066292e+01 3.92261084e+01 2.05910547e-08 4.07113920e-03 2.96076936e-15 9.68782218e-01 7.02251600e-17 2.68878566e-26 1.51928972e-16 2.47879889e-01 1.34138113e-16 7.72705066e-20 3.19352213e-05 3.19343057e-05 2.47933412e-07 6.98757202e-03 2.29303695e-02 3.51424109e-18 6.95155011e-18 5.77039375e-03 1.73919179e-03 3.60119442e-17
8.22822823e-02 -2.44153793e-02 -2.44151802e-02 -5.56065567e-03 4.96562346e+00 1.75309155e+01 3.12075026e+01 3.12075076e+01 3.49317122e+01 3.90066292e+01 3.92261084e+01 1.99035365e-08 4.07858144e-03 8.63327305e-15 9.68877433e-01 6.12465113e-17 2.95220337e-26 2.42269456e-16 2.47507344e-01 4.03520387e-18 7.76737381e-20 3.19352213e-05 3.19343023e-05 2.47933412e-07 6.97742869e-03 2.29303695e-02 5.51988594e-18 7.76065747e-18 5.75632533e-03 1.73919179e-03 9.55954832e-18
8.24324324e-02 -2.44153793e-02 -2.44151794e-02 -5.56065567e-03 4.95781125e+00 1.75309155e+01 3.12075026e+01 3.12075076e+01 3.49432904e+01 3.90066292e+01 3.92261084e+01 2.74917338e-08 4.08602367e-03 4.05809869e-15 9.68972238e-01 7.10182187e-17 2.85761783e-27 5.59427362e-17 2.47135807e-01 7.21755882e-18 7.80784543e-20 3.19352213e-05 3.19342989e-05 2.47933412e-07 6.96731111e-03 2.29303695e-02 2.95208191e-18 1.64996970e-18 5.74229953e-03 1.73919179e-03 4.61890269e-19
8.25825826e-02 -2.44153793e-02 -2.44151787e-02 -5.56065569e-03 4.95002186e+00 1.75309155e+01 3.12075026e+01 3.12075076e+01 3.49548269e+01 3.90066292e+01 3.92261084e+01 3.47322394e-08 4.09346590e-03 2.60722874e-14 9.69066635e-01 3.19371932e-17 3.48309100e-18 8.55477812e-17 2.46765276e-01 4.47353987e-18 7.84846583e-20 3.19352213e-05 3.19342955e-05 2.47933412e-07 6.95721921e-03 2.29303695e-02 5.80228055e-18 2.00816568e-17 5.72831622e-03 1.73919179e-03 7.81514016e-17
8.27327327e-02 -2.44153793e-02 -2.44151779e-02 -5.56065564e-03 4.94225520e+00 1.75309155e+01 3.12075026e+01 3.12075076e+01 3.49663219e+01 3.90066292e+01 3.92261084e+01 8.34965007e-09 4.10090813e-03 2.09988858e-14 9.69160626e-01 5.65261348e-17 1.26975955e-26 9.88668118e-17 2.46395746e-01 1.09146973e-16 7.88923533e-20 3.19352213e-05 3.19342921e-05 2.47933412e-07 6.94715290e-03 2.29303695e-02 2.04968055e-18 2.47361749e-18 5.71437528e-03 1.73919179e-03 3.14477057e-17
8.28828829e-02 -2.44153793e-02 -2.44151772e-02 -5.56065571e-03 4.93451118e+00 1.75309155e+01 3.12075026e+01 3.12075076e+01 3.49777755e+01 3.90066292e+01 3.92261084e+01 1.12242869e-08 4.10835035e-03 5.92261643e-14 9.69254214e-01 2.72058024e-17 3.34731987e-27 2.39159716e-18 2.46027215e-01 1.46220476e-16 7.93015424e-20 3.19352213e-05 3.19342887e-05 2.47933412e-07 6.93711211e-03 2.29303695e-02 8.67617175e-19 1.00244022e-17 5.70047660e-03 1.73919179e-03 7.83721703e-17
8.30330330e-02 -2.44153793e-02 -2.44151764e-02 -5.56065570e-03 4.92678972e+00 1.75309155e+01 3.12075026e+01 3.12075076e+01 3.49891878e+01 3.90066292e+01 3.92261084e+01 5.78634827e-08 4.11579257e-03 1.65123958e-14 9.69347400e-01 3.49914019e-17 3.48407424e-18 5.98608805e-17 2.45659678e-01 4.20396723e-17 7.97122289e-20 3.19352213e-05 3.19342853e-05 2.47933412e-07 6.92709676e-03 2.29303695e-02 2.33325392e-18 5.25779941e-18 5.68662004e-03 1.73919179e-03 6.07841065e-18
8.31831832e-02 -2.44153793e-02 -2.44151757e-02 -5.56065562e-03 4.91909071e+00 1.75309155e+01 3.12075026e+01 3.12075076e+01 3.50005592e+01 3.90066292e+01 3.92261084e+01 3.66429395e-08 4.12323479e-03 1.64605707e-14 9.69440188e-01 1.16185578e-16 2.87980796e-26 2.02988193e-16 2.45293133e-01 3.96107045e-17 8.01244159e-20 3.19352213e-05 3.19342818e-05 2.47933412e-07 6.91710675e-03 2.29303695e-02 2.95207508e-18 7.42683247e-18 5.67280550e-03 1.73919179e-03 2.13500848e-17
8.33333333e-02 -2.44153793e-02 -2.44151749e-02 -5.56065565e-03 4.91141408e+00 1.75309155e+01 3.12075026e+01 3.12075076e+01 3.50118897e+01 3.90066292e+01 3.92261084e+01 2.65321291e-09 4.13067701e-03 3.79917522e-15 9.69532578e-01 4.65329723e-18 1.66844573e-26 9.36364728e-17 2.44927575e-01 8.79658901e-17 8.05381066e-20 3.19352213e-05 3.19342784e-05 2.47933412e-07 6.90714203e-03 2.29303695e-02 4.89161268e-18 3.38033637e-18 5.65903285e-03 1.73919179e-03 9.80761254e-18
8.34834835e-02 -2.44153793e-02 -2.44151742e-02 -5.56065569e-03 4.90375973e+00 1.75309155e+01 3.12075026e+01 3.12075076e+01 3.50231795e+01 3.90066292e+01 3.92261084e+01 4.45617521e-08 4.13811923e-03 1.30065428e-14 9.69624574e-01 6.20288316e-17 8.95115656e-27 8.14116064e-17 2.44563001e-01 1.20467369e-16 8.09533042e-20 3.19352213e-05 3.19342750e-05 2.47933412e-07 6.89720249e-03 2.29303695e-02 1.49517214e-18 1.67925356e-17 5.64530196e-03 1.73919179e-03 9.89775596e-18
8.36336336e-02 -2.44153793e-02 -2.44151734e-02 -5.56065561e-03 4.89612756e+00 1.75309155e+01 3.12075026e+01 3.12075076e+01 3.50344288e+01 3.90066292e+01 3.92261084e+01 1.21365252e-08 4.14556144e-03 2.91585230e-14 9.69716177e-01 4.34592859e-18 1.43303218e-26 1.23186920e-16 2.44199408e-01 5.28246181e-17 8.13700119e-20 3.19352213e-05 3.19342715e-05 2.47933412e-07 6.88728808e-03 2.29303695e-02 5.44539139e-18 7.14657276e-19 5.63161273e-03 1.73919179e-03 1.15241069e-17
8.37837838e-02 -2.44153793e-02 -2.44151727e-02 -5.56065566e-03 4.88851750e+00 1.75309155e+01 3.12075026e+01 3.12075076e+01 3.50456377e+01 3.90066292e+01 3.92261084e+01 1.55930689e-08 4.15300365e-03 1.33496948e-14 9.69807389e-01 8.24021063e-18 3.48565820e-18 5.05290686e-17 2.43836792e-01 6.04119888e-17 8.17882329e-20 3.19352213e-05 3.19342681e-05 2.47933412e-07 6.87739870e-03 2.29303695e-02 9.49764276e-19 5.19989351e-19 5.61796502e-03 1.73919179e-03 3.10751408e-17
8.39339339e-02 -2.44153793e-02 -2.44151719e-02 -5.56065571e-03 4.88092945e+00 1.75309155e+01 3.12075026e+01 3.12075076e+01 3.50568065e+01 3.90066292e+01 3.92261084e+01 1.88962504e-08 4.16044586e-03 7.92341491e-14 9.69898212e-01 1.41936674e-17 3.48596710e-18 2.38928406e-16 2.43475149e-01 1.69069783e-16 8.22079704e-20 3.19352213e-05 3.19342646e-05 2.47933412e-07 6.86753429e-03 2.29303695e-02 6.98540589e-18 7.53181847e-18 5.60435872e-03 1.73919179e-03 2.14487841e-18
8.40840841e-02 -2.44153793e-02 -2.44151712e-02 -5.56065564e-03 4.87336332e+00 1.75309155e+01 3.12075026e+01 3.12075076e+01 3.50679352e+01 3.90066292e+01 3.92261084e+01 1.41181852e-08 4.16788807e-03 7.19090137e-14 9.69988649e-01 1.79070853e-17 7.82851817e-28 5.64357256e-17 2.43114477e-01 5.27511051e-17 8.26292275e-20 3.19352213e-05 3.19342612e-05 2.47933412e-07 6.85769475e-03 2.29303695e-02 6.69983079e-18 5.57375027e-18 5.59079371e-03 1.73919179e-03 2.11318284e-17
8.42342342e-02 -2.44153793e-02 -2.44151704e-02 -5.56065562e-03 4.86581903e+00 1.75309155e+01 3.12075026e+01 3.12075076e+01 3.50790241e+01 3.90066292e+01 3.92261084e+01 2.42082304e-08 4.17533027e-03 1.75336420e-14 9.70078702e-01 2.45752605e-17 3.48657731e-18 2.35942738e-17 2.42754771e-01 3.90523897e-17 8.30520076e-20 3.19352213e-05 3.19342577e-05 2.47933412e-07 6.84788001e-03 2.29303695e-02 3.78209005e-18 7.18387357e-18 5.57726986e-03 1.73919179e-03 3.71689753e-18
8.43843844e-02 -2.44153793e-02 -2.44151696e-02 -5.56065570e-03 4.85829649e+00 1.75309155e+01 3.12075026e+01 3.12075076e+01 3.50900733e+01 3.90066292e+01 3.92261084e+01 1.41316034e-08 4.18277247e-03 5.23073817e-15 9.70168372e-01 5.82233209e-18 2.19224824e-26 9.60502084e-17 2.42396029e-01 5.40201182e-17 8.34763137e-20 3.19352213e-05 3.19342542e-05 2.47933412e-07 6.83809000e-03 2.29303695e-02 4.61559545e-18 5.49334148e-18 5.56378706e-03 1.73919179e-03 3.56537646e-17
8.45345345e-02 -2.44153793e-02 -2.44151689e-02 -5.56065568e-03 4.85079561e+00 1.75309155e+01 3.12075026e+01 3.12075076e+01 3.51010830e+01 3.90066292e+01 3.92261084e+01 2.06179448e-09 4.19021467e-03 1.34369589e-14 9.70257661e-01 2.80556425e-17 3.48717760e-18 3.58538261e-17 2.42038247e-01 3.77666700e-17 8.39021491e-20 3.19352213e-05 3.19342507e-05 2.47933412e-07 6.82832464e-03 2.29303695e-02 6.37081943e-19 7.00051939e-18 5.55034519e-03 1.73919179e-03 3.22321208e-19
8.46846847e-02 -2.44153793e-02 -2.44151681e-02 -5.56065562e-03 4.84331631e+00 1.75309155e+01 3.12075026e+01 3.12075076e+01 3.51120533e+01 3.90066292e+01 3.92261084e+01 4.28156890e-08 4.19765687e-03 9.18792482e-15 9.70346572e-01 9.25515354e-17 1.13050345e-26 9.54572246e-17 2.41681421e-01 1.95315778e-16 8.43295170e-20 3.19352213e-05 3.19342473e-05 2.47933412e-07 6.81858384e-03 2.29303695e-02 1.70720755e-18 5.34387629e-18 5.53694413e-03 1.73919179e-03 4.18817968e-17
8.48348348e-02 -2.44153793e-02 -2.44151674e-02 -5.56065569e-03 4.83585850e+00 1.75309155e+01 3.12075026e+01 3.12075076e+01 3.51229844e+01 3.90066292e+01 3.92261084e+01 7.20322622e-08 4.20509906e-03 1.68801342e-14 9.70435107e-01 6.71193337e-17 1.10246710e-26 3.28408572e-17 2.41325548e-01 1.05405721e-17 8.47584206e-20 3.19352213e-05 3.19342438e-05 2.47933412e-07 6.80886754e-03 2.29303695e-02 5.17420149e-19 4.98170994e-18 5.52358374e-03 1.73919179e-03 3.34447723e-18
8.49849850e-02 -2.44153793e-02 -2.44151666e-02 -5.56065566e-03 4.82842209e+00 1.75309155e+01 3.12075026e+01 3.12075076e+01 3.51338765e+01 3.90066292e+01 3.92261084e+01 7.48963990e-09 4.21254125e-03 9.58200787e-15 9.70523267e-01 4.45540449e-17 4.09434930e-27 3.83317901e-17 2.40970625e-01 4.40094282e-17 8.51888632e-20 3.19352213e-05 3.19342403e-05 2.47933412e-07 6.79917565e-03 2.29303695e-02 4.61511007e-18 3.29528664e-18 5.51026393e-03 1.73919179e-03 5.25977661e-17
8.51351351e-02 -2.44153793e-02 -2.44151658e-02 -5.56065569e-03 4.82100700e+00 1.75309155e+01 3.12075026e+01 3.12075076e+01 3.51447297e+01 3.90066292e+01 3.92261084e+01 2.56479755e-08 4.21998344e-03 1.84660398e-14 9.70611055e-01 1.73904042e-17 3.48834943e-18 8.40592267e-17 2.40616648e-01 1.33055585e-16 8.56208479e-20 3.19352213e-05 3.19342368e-05 2.47933412e-07 6.78950810e-03 2.29303695e-02 3.43566457e-18 1.19287405e-17 5.49698456e-03 1.73919179e-03 3.01847684e-17
8.52852853e-02 -2.44153793e-02 -2.44151651e-02 -5.56065567e-03 4.81361314e+00 1.75309155e+01 3.12075026e+01 3.12075076e+01 3.51555443e+01 3.90066292e+01 3.92261084e+01 2.52402410e-08 4.22742563e-03 1.22188449e-14 9.70698473e-01 7.81834236e-17 3.48863659e-18 6.24876444e-17 2.40263614e-01 5.04648236e-17 8.60543780e-20 3.19352213e-05 3.19342332e-05 2.47933412e-07 6.77986481e-03 2.29303695e-02 3.23041947e-18 7.15285806e-18 5.48374552e-03 1.73919179e-03 7.15542122e-19
8.54354354e-02 -2.44153793e-02 -2.44151643e-02 -5.56065566e-03 4.80624044e+00 1.75309155e+01 3.12075026e+01 3.12075076e+01 3.51663202e+01 3.90066292e+01 3.92261084e+01 2.50237295e-08 4.23486781e-03 1.00192014e-14 9.70785522e-01 3.69243732e-17 2.47988024e-26 1.51333112e-16 2.39911519e-01 2.89514295e-17 8.64894567e-20 3.19352213e-05 3.19342297e-05 2.47933412e-07 6.77024570e-03 2.29303695e-02 1.16212219e-18 4.26417230e-18 5.47054668e-03 1.73919179e-03 3.41309121e-17
8.55855856e-02 -2.44153793e-02 -2.44151635e-02 -5.56065568e-03 4.79888880e+00 1.75309155e+01 3.12075026e+01 3.12075076e+01 3.51770578e+01 3.90066292e+01 3.92261084e+01 7.52310838e-09 4.24231000e-03 3.95968880e-15 9.70872204e-01 6.01531808e-17 3.48920416e-18 8.14519464e-17 2.39560361e-01 1.44325816e-16 8.69260873e-20 3.19352213e-05 3.19342262e-05 2.47933412e-07 6.76065070e-03 2.29303695e-02 1.16342268e-18 1.12719004e-18 5.45738793e-03 1.73919179e-03 5.01591590e-18
8.57357357e-02 -2.44153793e-02 -2.44151628e-02 -5.56065565e-03 4.79155814e+00 1.75309155e+01 3.12075026e+01 3.12075076e+01 3.51877571e+01 3.90066292e+01 3.92261084e+01 3.74081618e-08 4.24975217e-03 2.95910699e-14 9.70958521e-01 5.04851984e-17 3.79860726e-26 1.19377938e-16 2.39210136e-01 4.19781405e-17 8.73642728e-20 3.19352213e-05 3.19342227e-05 2.47933412e-07 6.75107974e-03 2.29303695e-02 8.72111399e-19 2.93508751e-18 5.44426915e-03 1.73919179e-03 2.25520426e-17
8.58858859e-02 -2.44153793e-02 -2.44151620e-02 -5.56065565e-03 4.78424838e+00 1.75309155e+01 3.12075026e+01 3.12075076e+01 3.51984184e+01 3.90066292e+01 3.92261084e+01 4.74027247e-08 4.25719435e-03 3.05243538e-14 9.71044476e-01 2.51234139e-17 7.39924480e-28 5.70064079e-18 2.38860841e-01 1.91208892e-16 8.78040167e-20 3.19352213e-05 3.19342191e-05 2.47933412e-07 6.74153273e-03 2.29303695e-02 1.16055609e-18 1.61222807e-18 5.43119021e-03 1.73919179e-03 2.91044699e-17
8.60360360e-02 -2.44153793e-02 -2.44151612e-02 -5.56065564e-03 4.77695944e+00 1.75309155e+01 3.12075026e+01 3.12075076e+01 3.52090418e+01 3.90066292e+01 3.92261084e+01 7.06733847e-08 4.26463652e-03 1.74424581e-14 9.71130070e-01 2.88464166e-17 4.01782667e-26 1.43741230e-16 2.38512472e-01 5.98405721e-17 8.82453221e-20 3.19352213e-05 3.19342156e-05 2.47933412e-07 6.73200960e-03 2.29303695e-02 2.22569012e-19 1.95200664e-18 5.41815101e-03 1.73919179e-03 6.90988009e-17
8.61861862e-02 -2.44153793e-02 -2.44151604e-02 -5.56065560e-03 4.76969123e+00 1.75309155e+01 3.12075026e+01 3.12075076e+01 3.52196274e+01 3.90066292e+01 3.92261084e+01 7.06652261e-08 4.27207870e-03 4.80616651e-16 9.71215306e-01 5.47406948e-17 5.90895890e-27 1.23645433e-16 2.38165026e-01 4.32401947e-17 8.86881922e-20 3.19352213e-05 3.19342120e-05 2.47933412e-07 6.72251027e-03 2.29303695e-02 5.25413343e-18 2.20013265e-18 5.40515141e-03 1.73919179e-03 8.59060176e-17
8.63363363e-02 -2.44153793e-02 -2.44151597e-02 -5.56065569e-03 4.76244367e+00 1.75309155e+01 3.12075026e+01 3.12075076e+01 3.52301754e+01 3.90066292e+01 3.92261084e+01 3.82391932e-08 4.27952087e-03 2.19237727e-14 9.71300184e-01 7.47768353e-18 4.58693246e-26 2.47857939e-16 2.37818500e-01 8.47607700e-17 8.91326304e-20 3.19352213e-05 3.19342085e-05 2.47933412e-07 6.71303468e-03 2.29303695e-02 3.19231078e-19 7.63586050e-18 5.39219130e-03 1.73919179e-03 5.97577991e-18
8.64864865e-02 -2.44153793e-02 -2.44151589e-02 -5.56065569e-03 4.75521668e+00 1.75309155e+01 3.12075026e+01 3.12075076e+01 3.52406859e+01 3.90066292e+01 3.92261084e+01 1.75884579e-08 4.28696303e-03 1.43959118e-14 9.71384707e-01 3.03126188e-17 1.07936511e-26 7.75012472e-17 2.37472891e-01 9.05687485e-17 8.95786399e-20 3.19352213e-05 3.19342049e-05 2.47933412e-07 6.70358274e-03 2.29303695e-02 2.88058753e-18 1.42308825e-18 5.37927057e-03 1.73919179e-03 1.09949909e-17
8.66366366e-02 -2.44153793e-02 -2.44151581e-02 -5.56065566e-03 4.74801018e+00 1.75309155e+01 3.12075026e+01 3.12075076e+01 3.52511592e+01 3.90066292e+01 3.92261084e+01 7.57744465e-08 4.29440520e-03 5.08526020e-14 9.71468876e-01 1.81756206e-17 4.60116689e-27 8.50725544e-17 2.37128195e-01 6.34596124e-17 9.00262238e-20 3.19352213e-05 3.19342013e-05 2.47933412e-07 6.69415438e-03 2.29303695e-02 6.70778900e-18 9.49015036e-18 5.36638909e-03 1.73919179e-03 6.42156216e-18
8.67867868e-02 -2.44153793e-02 -2.44151573e-02 -5.56065563e-03 4.74082408e+00 1.75309155e+01 3.12075026e+01 3.12075076e+01 3.52615954e+01 3.90066292e+01 3.92261084e+01 1.25630592e-08 4.30184736e-03 4.82818275e-14 9.71552694e-01 1.50779930e-17 3.49138839e-18 3.55008694e-17 2.36784409e-01 3.97266897e-17 9.04753855e-20 3.19352213e-05 3.19341978e-05 2.47933412e-07 6.68474953e-03 2.29303695e-02 1.54285438e-18 4.82952703e-18 5.35354674e-03 1.73919179e-03 3.36868750e-17
8.69369369e-02 -2.44153793e-02 -2.44151565e-02 -5.56065568e-03 4.73365832e+00 1.75309155e+01 3.12075026e+01 3.12075076e+01 3.52719945e+01 3.90066292e+01 3.92261084e+01 2.07089412e-08 4.30928952e-03 1.74188415e-14 9.71636163e-01 4.69209041e-17 1.16335344e-26 8.30130860e-17 2.36441530e-01 1.58100915e-17 9.09261281e-20 3.19352213e-05 3.19341942e-05 2.47933412e-07 6.67536811e-03 2.29303695e-02 5.24325662e-18 3.63351044e-18 5.34074341e-03 1.73919179e-03 2.29727393e-18
8.70870871e-02 -2.44153793e-02 -2.44151557e-02 -5.56065570e-03 4.72651280e+00 1.75309155e+01 3.12075026e+01 3.12075076e+01 3.52823568e+01 3.90066292e+01 3.92261084e+01 1.02608312e-08 4.31673168e-03 5.24225550e-14 9.71719284e-01 4.14128897e-17 3.49191398e-18 1.69199400e-16 2.36099555e-01 1.01041934e-16 9.13784551e-20 3.19352213e-05 3.19341906e-05 2.47933412e-07 6.66601004e-03 2.29303695e-02 7.80782102e-18 5.17827795e-18 5.32797897e-03 1.73919179e-03 7.70042543e-19
8.72372372e-02 -2.44153793e-02 -2.44151550e-02 -5.56065573e-03 4.71938745e+00 1.75309155e+01 3.12075026e+01 3.12075076e+01 3.52926825e+01 3.90066292e+01 3.92261084e+01 2.41248460e-08 4.32417383e-03 1.92606442e-15 9.71802058e-01 1.49238676e-16 2.48734136e-26 9.02065527e-17 2.35758480e-01 2.48712347e-17 9.18323695e-20 3.19352213e-05 3.19341870e-05 2.47933412e-07 6.65667526e-03 2.29303695e-02 3.43377253e-18 5.42359709e-18 5.31525331e-03 1.73919179e-03 2.34495630e-17
8.73873874e-02 -2.44153793e-02 -2.44151542e-02 -5.56065571e-03 4.71228219e+00 1.75309155e+01 3.12075026e+01 3.12075076e+01 3.53029716e+01 3.90066292e+01 3.92261084e+01 2.02790865e-08 4.33161598e-03 2.33125795e-14 9.71884489e-01 3.51560711e-17 3.94042371e-26 2.99388006e-17 2.35418303e-01 2.78888153e-17 9.22878748e-20 3.19352213e-05 3.19341834e-05 2.47933412e-07 6.64736369e-03 2.29303695e-02 4.41044188e-18 1.32598210e-17 5.30256632e-03 1.73919179e-03 6.61270821e-17
8.75375375e-02 -2.44153793e-02 -2.44151534e-02 -5.56065568e-03 4.70519693e+00 1.75309155e+01 3.12075026e+01 3.12075076e+01 3.53132244e+01 3.90066292e+01 3.92261084e+01 5.94041820e-08 4.33905813e-03 4.44498980e-14 9.71966577e-01 8.87843266e-18 3.49268783e-18 1.69122913e-16 2.35079020e-01 5.95649651e-17 9.27449741e-20 3.19352213e-05 3.19341798e-05 2.47933412e-07 6.63807526e-03 2.29303695e-02 3.71083027e-18 6.56514134e-18 5.28991786e-03 1.73919179e-03 2.46307907e-17
8.76876877e-02 -2.44153793e-02 -2.44151526e-02 -5.56065567e-03 4.69813161e+00 1.75309155e+01 3.12075026e+01 3.12075076e+01 3.53234409e+01 3.90066292e+01 3.92261084e+01 1.77284513e-09 4.34650028e-03 5.11444008e-15 9.72048325e-01 7.35845504e-17 6.20025084e-27 3.44538076e-17 2.34740628e-01 7.29780105e-17 9.32036707e-20 3.19352213e-05 3.19341762e-05 2.47933412e-07 6.62880990e-03 2.29303695e-02 4.06999055e-18 2.76588148e-18 5.27730783e-03 1.73919179e-03 4.79963311e-17
8.78378378e-02 -2.44153793e-02 -2.44151518e-02 -5.56065565e-03 4.69108614e+00 1.75309155e+01 3.12075026e+01 3.12075076e+01 3.53336214e+01 3.90066292e+01 3.92261084e+01 1.78397608e-08 4.35394242e-03 4.01513652e-14 9.72129734e-01 5.75458087e-17 1.01061489e-26 1.18970846e-16 2.34403124e-01 1.28275550e-16 9.36639678e-20 3.19352213e-05 3.19341726e-05 2.47933412e-07 6.61956752e-03 2.29303695e-02 3.43504911e-18 1.03952733e-18 5.26473611e-03 1.73919179e-03 8.56932322e-18
8.79879880e-02 -2.44153793e-02 -2.44151510e-02 -5.56065570e-03 4.68406045e+00 1.75309155e+01 3.12075026e+01 3.12075076e+01 3.53437660e+01 3.90066292e+01 3.92261084e+01 2.27013993e-08 4.36138456e-03 3.16707153e-14 9.72210805e-01 3.14840524e-17 1.43350770e-26 8.14776990e-17 2.34066504e-01 7.33346047e-17 9.41258689e-20 3.19352213e-05 3.19341690e-05 2.47933412e-07 6.61034806e-03 2.29303695e-02 2.60665312e-18 2.49377996e-18 5.25220258e-03 1.73919179e-03 2.73592834e-17
8.81381381e-02 -2.44153793e-02 -2.44151502e-02 -5.56065563e-03 4.67705445e+00 1.75309155e+01 3.12075026e+01 3.12075076e+01 3.53538748e+01 3.90066292e+01 3.92261084e+01 1.93074564e-08 4.36882670e-03 5.21319725e-14 9.72291542e-01 5.82493050e-17 5.87948674e-27 4.66863764e-17 2.33730767e-01 5.20918763e-17 9.45893771e-20 3.19352213e-05 3.19341653e-05 2.47933412e-07 6.60115145e-03 2.29303695e-02 3.43429622e-18 1.00764681e-17 5.23970712e-03 1.73919179e-03 1.68675598e-17
8.82882883e-02 -2.44153793e-02 -2.44151494e-02 -5.56065568e-03 4.67006807e+00 1.75309155e+01 3.12075026e+01 3.12075076e+01 3.53639479e+01 3.90066292e+01 3.92261084e+01 1.13644263e-08 4.37626884e-03 6.94914389e-14 9.72371944e-01 3.49075553e-17 3.95153306e-28 5.34858678e-17 2.33395908e-01 1.42256352e-16 9.50544956e-20 3.19352213e-05 3.19341617e-05 2.47933412e-07 6.59197761e-03 2.29303695e-02 9.54055687e-18 4.89399939e-18 5.22724962e-03 1.73919179e-03 1.20147104e-17
8.84384384e-02 -2.44153793e-02 -2.44151486e-02 -5.56065570e-03 4.66310124e+00 1.75309155e+01 3.12075026e+01 3.12075076e+01 3.53739856e+01 3.90066292e+01 3.92261084e+01 9.43715933e-08 4.38371097e-03 2.08156041e-14 9.72452015e-01 2.43684310e-18 2.87088804e-26 3.93394908e-17 2.33061925e-01 2.04572552e-17 9.55212279e-20 3.19352213e-05 3.19341581e-05 2.47933412e-07 6.58282647e-03 2.29303695e-02 3.44364983e-18 3.53789533e-18 5.21482996e-03 1.73919179e-03 4.10479527e-17
8.85885886e-02 -2.44153793e-02 -2.44151478e-02 -5.56065568e-03 4.65615388e+00 1.75309155e+01 3.12075026e+01 3.12075076e+01 3.53839880e+01 3.90066292e+01 3.92261084e+01 1.69813724e-08 4.39115311e-03 1.83175697e-14 9.72531756e-01 6.88406835e-18 2.30840253e-28 4.37664081e-17 2.32728814e-01 6.26072964e-17 9.59895772e-20 3.19352213e-05 3.19341544e-05 2.47933412e-07 6.57369796e-03 2.29303695e-02 1.97640108e-18 1.48743165e-18 5.20244801e-03 1.73919179e-03 1.76436073e-17
8.87387387e-02 -2.44153793e-02 -2.44151470e-02 -5.56065571e-03 4.64922590e+00 1.75309155e+01 3.12075026e+01 3.12075076e+01 3.53939551e+01 3.90066292e+01 3.92261084e+01 4.26741812e-08 4.39859523e-03 9.55466343e-15 9.72611169e-01 4.83946078e-17 1.92248958e-26 8.45884935e-17 2.32396572e-01 1.41290831e-16 9.64595468e-20 3.19352213e-05 3.19341507e-05 2.47933412e-07 6.56459202e-03 2.29303695e-02 1.49406818e-18 1.95457593e-18 5.19010368e-03 1.73919179e-03 1.87311025e-18
8.88888889e-02 -2.44153793e-02 -2.44151462e-02 -5.56065568e-03 4.64231724e+00 1.75309155e+01 3.12075026e+01 3.12075076e+01 3.54038873e+01 3.90066292e+01 3.92261084e+01 2.09648976e-08 4.40603736e-03 3.04328453e-14 9.72690254e-01 2.90610542e-17 3.49491050e-18 5.00234655e-17 2.32065197e-01 1.25534577e-16 9.69311399e-20 3.19352213e-05 3.19341471e-05 2.47933412e-07 6.55550855e-03 2.29303695e-02 3.16068934e-18 1.53006937e-18 5.17779683e-03 1.73919179e-03 4.13368194e-17
8.90390390e-02 -2.44153793e-02 -2.44151454e-02 -5.56065569e-03 4.63542782e+00 1.75309155e+01 3.12075026e+01 3.12075076e+01 3.54137845e+01 3.90066292e+01 3.92261084e+01 7.01932421e-09 4.41347948e-03 6.58159571e-15 9.72769015e-01 5.86240028e-17 9.88719415e-27 1.76112940e-17 2.31734685e-01 4.97511315e-17 9.74043598e-20 3.19352213e-05 3.19341434e-05 2.47933412e-07 6.54644751e-03 2.29303695e-02 8.16584715e-18 2.62702579e-18 5.16552735e-03 1.73919179e-03 7.12742931e-17
8.91891892e-02 -2.44153793e-02 -2.44151446e-02 -5.56065569e-03 4.62855757e+00 1.75309155e+01 3.12075026e+01 3.12075076e+01 3.54236470e+01 3.90066292e+01 3.92261084e+01 4.50803119e-08 4.42092161e-03 1.57160820e-14 9.72847452e-01 7.98389363e-17 3.49538535e-18 7.51832067e-17 2.31405034e-01 1.60741968e-16 9.78792100e-20 3.19352213e-05 3.19341397e-05 2.47933412e-07 6.53740881e-03 2.29303695e-02 6.97836453e-18 4.22942385e-18 5.15329513e-03 1.73919179e-03 1.20822581e-17
8.93393393e-02 -2.44153793e-02 -2.44151438e-02 -5.56065564e-03 4.62170641e+00 1.75309155e+01 3.12075026e+01 3.12075076e+01 3.54334749e+01 3.90066292e+01 3.92261084e+01 2.27988928e-08 4.42836372e-03 2.61339231e-15 9.72925568e-01 1.09627931e-17 9.79908106e-29 2.16535901e-17 2.31076240e-01 3.71463560e-17 9.83556936e-20 3.19352213e-05 3.19341361e-05 2.47933412e-07 6.52839238e-03 2.29303695e-02 8.69760419e-19 4.00195831e-18 5.14110005e-03 1.73919179e-03 1.59936543e-17
8.94894895e-02 -2.44153793e-02 -2.44151430e-02 -5.56065560e-03 4.61487427e+00 1.75309155e+01 3.12075026e+01 3.12075076e+01 3.54432683e+01 3.90066292e+01 3.92261084e+01 8.39181926e-08 4.43580584e-03 8.19252492e-14 9.73003364e-01 9.87361551e-17 3.49585358e-18 8.53778059e-17 2.30748300e-01 8.77006032e-18 9.88338139e-20 3.19352213e-05 3.19341324e-05 2.47933412e-07 6.51939816e-03 2.29303695e-02 2.90134310e-18 4.23613264e-18 5.12894200e-03 1.73919179e-03 1.26142062e-17
8.96396396e-02 -2.44153793e-02 -2.44151422e-02 -5.56065565e-03 4.60806107e+00 1.75309155e+01 3.12075026e+01 3.12075076e+01 3.54530274e+01 3.90066292e+01 3.92261084e+01 6.81957108e-09 4.44324795e-03 1.79073057e-14 9.73080841e-01 3.00749321e-17 2.67388119e-26 1.22876709e-16 2.30421211e-01 1.91511937e-16 9.93135743e-20 3.19352213e-05 3.19341287e-05 2.47933412e-07 6.51042607e-03 2.29303695e-02 6.07309447e-18 5.50062069e-18 5.11682086e-03 1.73919179e-03 4.98639794e-17
8.97897898e-02 -2.44153793e-02 -2.44151414e-02 -5.56065564e-03 4.60126674e+00 1.75309155e+01 3.12075026e+01 3.12075076e+01 3.54627524e+01 3.90066292e+01 3.92261084e+01 7.84568986e-09 4.45069007e-03 3.72747213e-14 9.73158001e-01 1.82127794e-17 3.49631537e-18 3.69041311e-17 2.30094971e-01 5.72636200e-17 9.97949781e-20 3.19352213e-05 3.19341250e-05 2.47933412e-07 6.50147604e-03 2.29303695e-02 2.90197554e-18 1.50184568e-18 5.10473651e-03 1.73919179e-03 4.94596163e-19
8.99399399e-02 -2.44153793e-02 -2.44151406e-02 -5.56065568e-03 4.59449120e+00 1.75309155e+01 3.12075026e+01 3.12075076e+01 3.54724432e+01 3.90066292e+01 3.92261084e+01 2.08069845e-08 4.45813217e-03 3.51678944e-14 9.73234847e-01 3.80295965e-17 3.49654389e-18 1.57233095e-16 2.29769576e-01 2.98527742e-17 1.00278029e-19 3.19352213e-05 3.19341213e-05 2.47933412e-07 6.49254801e-03 2.29303695e-02 1.70157379e-18 1.04673434e-17 5.09268883e-03 1.73919179e-03 1.91685781e-18
9.00900901e-02 -2.44153793e-02 -2.44151398e-02 -5.56065567e-03 4.58773439e+00 1.75309155e+01 3.12075026e+01 3.12075076e+01 3.54821002e+01 3.90066292e+01 3.92261084e+01 3.98923628e-09 4.46557428e-03 2.95964988e-14 9.73311379e-01 3.01947136e-17 3.49677082e-18 5.90395651e-17 2.29445023e-01 5.09516359e-17 1.00762729e-19 3.19352213e-05 3.19341176e-05 2.47933412e-07 6.48364191e-03 2.29303695e-02 3.43398285e-18 1.79070599e-18 5.08067773e-03 1.73919179e-03 5.12776580e-17
9.02402402e-02 -2.44153793e-02 -2.44151390e-02 -5.56065563e-03 4.58099624e+00 1.75309155e+01 3.12075026e+01 3.12075076e+01 3.54917235e+01 3.90066292e+01 3.92261084e+01 6.04879862e-09 4.47301638e-03 4.96662114e-15 9.73387599e-01 3.89704618e-17 3.49699621e-18 2.35991534e-16 2.29121310e-01 5.64067976e-17 1.01249083e-19 3.19352213e-05 3.19341139e-05 2.47933412e-07 6.47475765e-03 2.29303695e-02 2.32785735e-18 4.68159586e-18 5.06870307e-03 1.73919179e-03 5.36793909e-17
9.03903904e-02 -2.44153793e-02 -2.44151382e-02 -5.56065576e-03 4.57427666e+00 1.75309155e+01 3.12075026e+01 3.12075076e+01 3.55013131e+01 3.90066292e+01 3.92261084e+01 3.17286874e-08 4.48045848e-03 6.67132567e-15 9.73463509e-01 1.55852617e-17 3.49722011e-18 8.15314911e-17 2.28798433e-01 4.54589517e-17 1.01737093e-19 3.19352213e-05 3.19341101e-05 2.47933412e-07 6.46589519e-03 2.29303695e-02 4.96447187e-18 2.96276738e-18 5.05676474e-03 1.73919179e-03 1.51205253e-17
9.05405405e-02 -2.44153793e-02 -2.44151373e-02 -5.56065570e-03 4.56757559e+00 1.75309155e+01 3.12075026e+01 3.12075076e+01 3.55108693e+01 3.90066292e+01 3.92261084e+01 6.89643173e-09 4.48790058e-03 6.95563543e-14 9.73539110e-01 9.06150688e-17 1.18337612e-26 1.39943874e-16 2.28476390e-01 1.45092071e-16 1.02226764e-19 3.19352213e-05 3.19341064e-05 2.47933412e-07 6.45705444e-03 2.29303695e-02 4.06295671e-18 2.73670787e-18 5.04486264e-03 1.73919179e-03 6.73235335e-17
9.06906907e-02 -2.44153793e-02 -2.44151365e-02 -5.56065574e-03 4.56089295e+00 1.75309155e+01 3.12075026e+01 3.12075076e+01 3.55203921e+01 3.90066292e+01 3.92261084e+01 1.94961044e-08 4.49534268e-03 9.53995686e-15 9.73614404e-01 7.86043039e-17 3.49766337e-18 1.35789373e-16 2.28155178e-01 2.15248416e-17 1.02718098e-19 3.19352213e-05 3.19341027e-05 2.47933412e-07 6.44823534e-03 2.29303695e-02 4.06250234e-18 3.28637912e-18 5.03299664e-03 1.73919179e-03 3.48880480e-17
9.08408408e-02 -2.44153793e-02 -2.44151357e-02 -5.56065568e-03 4.55422868e+00 1.75309155e+01 3.12075026e+01 3.12075076e+01 3.55298817e+01 3.90066292e+01 3.92261084e+01 2.99464526e-08 4.50278477e-03 2.96705947e-16 9.73689392e-01 2.30580271e-17 3.00688553e-26 1.15707710e-16 2.27834793e-01 1.02606943e-17 1.03211098e-19 3.19352213e-05 3.19340989e-05 2.47933412e-07 6.43943782e-03 2.29303695e-02 5.24494238e-18 1.09108028e-17 5.02116664e-03 1.73919179e-03 4.61391157e-17
9.09909910e-02 -2.44153793e-02 -2.44151349e-02 -5.56065565e-03 4.54758271e+00 1.75309155e+01 3.12075026e+01 3.12075076e+01 3.55393383e+01 3.90066292e+01 3.92261084e+01 1.37518947e-08 4.51022686e-03 3.23136627e-14 9.73764076e-01 1.97567441e-17 3.49810075e-18 3.85317091e-18 2.27515234e-01 9.73031498e-17 1.03705768e-19 3.19352213e-05 3.19340952e-05 2.47933412e-07 6.43066181e-03 2.29303695e-02 4.89336793e-18 5.83523214e-18 5.00937251e-03 1.73919179e-03 1.64320333e-17
9.11411411e-02 -2.44153793e-02 -2.44151341e-02 -5.56065570e-03 4.54095496e+00 1.75309155e+01 3.12075026e+01 3.12075076e+01 3.55487619e+01 3.90066292e+01 3.92261084e+01 3.39028331e-09 4.51766895e-03 3.44112461e-14 9.73838458e-01 8.15554380e-17 1.82940140e-26 9.97902953e-17 2.27196496e-01 1.05312647e-16 1.04202112e-19 3.19352213e-05 3.19340914e-05 2.47933412e-07 6.42190724e-03 2.29303695e-02 2.95419648e-18 3.86880033e-18 4.99761415e-03 1.73919179e-03 1.89538255e-17
9.12912913e-02 -2.44153793e-02 -2.44151332e-02 -5.56065566e-03 4.53434536e+00 1.75309155e+01 3.12075026e+01 3.12075076e+01 3.55581527e+01 3.90066292e+01 3.92261084e+01 2.14415499e-09 4.52511103e-03 2.17599543e-14 9.73912539e-01 6.95658275e-17 3.49853233e-18 1.27135484e-17 2.26878578e-01 9.58387632e-17 1.04700132e-19 3.19352213e-05 3.19340877e-05 2.47933412e-07 6.41317405e-03 2.29303695e-02 2.72499344e-18 5.98514761e-18 4.98589145e-03 1.73919179e-03 3.94859734e-17
9.14414414e-02 -2.44153793e-02 -2.44151324e-02 -5.56065564e-03 4.52775385e+00 1.75309155e+01 3.12075026e+01 3.12075076e+01 3.55675109e+01 3.90066292e+01 3.92261084e+01 2.01355370e-08 4.53255311e-03 7.05737693e-15 9.73986321e-01 4.31488567e-17 3.49874599e-18 2.22297888e-18 2.26561476e-01 8.07975746e-17 1.05199833e-19 3.19352213e-05 3.19340839e-05 2.47933412e-07 6.40446217e-03 2.29303695e-02 1.22345042e-18 1.59162758e-17 4.97420428e-03 1.73919179e-03 3.87995390e-18
9.15915916e-02 -2.44153793e-02 -2.44151316e-02 -5.56065559e-03 4.52118036e+00 1.75309155e+01 3.12075026e+01 3.12075076e+01 3.55768366e+01 3.90066292e+01 3.92261084e+01 3.35050222e-08 4.53999519e-03 6.10571662e-14 9.74059805e-01 8.17319366e-17 1.45374005e-26 1.26857033e-16 2.26245187e-01 8.01094699e-17 1.05701216e-19 3.19352213e-05 3.19340801e-05 2.47933412e-07 6.39577153e-03 2.29303695e-02 1.69922759e-18 2.56364212e-18 4.96255254e-03 1.73919179e-03 2.89013871e-17
9.17417417e-02 -2.44153793e-02 -2.44151308e-02 -5.56065567e-03 4.51462481e+00 1.75309155e+01 3.12075026e+01 3.12075076e+01 3.55861299e+01 3.90066292e+01 3.92261084e+01 2.24443033e-08 4.54743727e-03 4.90895604e-14 9.74132993e-01 3.88908932e-17 7.62705118e-27 2.19480547e-17 2.25929710e-01 7.56798462e-17 1.06204286e-19 3.19352213e-05 3.19340764e-05 2.47933412e-07 6.38710207e-03 2.29303695e-02 5.17405601e-19 7.78106292e-18 4.95093611e-03 1.73919179e-03 6.19836286e-18
9.18918919e-02 -2.44153793e-02 -2.44151299e-02 -5.56065563e-03 4.50808714e+00 1.75309155e+01 3.12075026e+01 3.12075076e+01 3.55953909e+01 3.90066292e+01 3.92261084e+01 1.05780241e-08 4.55487935e-03 2.83857399e-14 9.74205885e-01 1.29826359e-17 3.49937862e-18 1.35699561e-16 2.25615040e-01 7.27364921e-18 1.06709047e-19 3.19352213e-05 3.19340726e-05 2.47933412e-07 6.37845371e-03 2.29303695e-02 4.61637109e-18 5.24375021e-18 4.93935488e-03 1.73919179e-03 4.48488604e-17
9.20420420e-02 -2.44153793e-02 -2.44151291e-02 -5.56065563e-03 4.50156727e+00 1.75309155e+01 3.12075026e+01 3.12075076e+01 3.56046198e+01 3.90066292e+01 3.92261084e+01 3.95135778e-09 4.56232142e-03 4.18689427e-14 9.74278485e-01 7.21969163e-17 2.22115960e-26 8.48305754e-17 2.25301175e-01 9.41529467e-17 1.07215501e-19 3.19352213e-05 3.19340688e-05 2.47933412e-07 6.36982639e-03 2.29303695e-02 1.42288614e-18 2.89748635e-18 4.92780874e-03 1.73919179e-03 3.78335555e-18
9.21921922e-02 -2.44153793e-02 -2.44151283e-02 -5.56065567e-03 4.49506515e+00 1.75309155e+01 3.12075026e+01 3.12075076e+01 3.56138167e+01 3.90066292e+01 3.92261084e+01 9.90444309e-09 4.56976349e-03 1.34184990e-15 9.74350792e-01 1.58071853e-17 2.74851984e-27 3.11511171e-18 2.24988112e-01 3.49070586e-17 1.07723651e-19 3.19352213e-05 3.19340650e-05 2.47933412e-07 6.36122004e-03 2.29303695e-02 1.70122205e-19 1.03003684e-17 4.91629758e-03 1.73919179e-03 3.88466889e-18
9.23423423e-02 -2.44153793e-02 -2.44151275e-02 -5.56065567e-03 4.48858070e+00 1.75309155e+01 3.12075026e+01 3.12075076e+01 3.56229817e+01 3.90066292e+01 3.92261084e+01 9.63942244e-09 4.57720555e-03 9.50062862e-15 9.74422810e-01 6.17176318e-17 3.49999912e-18 4.33153516e-17 2.24675849e-01 9.26205768e-17 1.08233502e-19 3.19352213e-05 3.19340612e-05 2.47933412e-07 6.35263460e-03 2.29303695e-02 3.50691628e-18 1.46358172e-18 4.90482129e-03 1.73919179e-03 6.13224109e-17
9.24924925e-02 -2.44153793e-02 -2.44151266e-02 -5.56065570e-03 4.48211386e+00 1.75309155e+01 3.12075026e+01 3.12075076e+01 3.56321151e+01 3.90066292e+01 3.92261084e+01 7.55888933e-09 4.58464762e-03 1.56635397e-14 9.74494538e-01 5.01826300e-17 3.60718556e-27 4.21483119e-17 2.24364383e-01 5.08480630e-17 1.08745056e-19 3.19352213e-05 3.19340574e-05 2.47933412e-07 6.34407000e-03 2.29303695e-02 1.14354196e-18 8.09291917e-18 4.89337974e-03 1.73919179e-03 1.05652854e-17
9.26426426e-02 -2.44153793e-02 -2.44151258e-02 -5.56065568e-03 4.47566456e+00 1.75309155e+01 3.12075026e+01 3.12075076e+01 3.56412168e+01 3.90066292e+01 3.92261084e+01 5.20496619e-08 4.59208968e-03 1.83204695e-15 9.74565979e-01 6.52270016e-18 3.50040616e-18 5.37201788e-17 2.24053711e-01 9.47837975e-17 1.09258317e-19 3.19352213e-05 3.19340536e-05 2.47933412e-07 6.33552618e-03 2.29303695e-02 3.17195216e-18 4.34119231e-18 4.88197285e-03 1.73919179e-03 4.09005801e-17
9.27927928e-02 -2.44153793e-02 -2.44151250e-02 -5.56065568e-03 4.46923272e+00 1.75309155e+01 3.12075026e+01 3.12075076e+01 3.56502871e+01 3.90066292e+01 3.92261084e+01 4.37993512e-08 4.59953174e-03 2.82457075e-14 9.74637134e-01 2.84954756e-17 2.57587787e-26 1.58155688e-16 2.23743829e-01 1.72240066e-17 1.09773288e-19 3.19352213e-05 3.19340497e-05 2.47933412e-07 6.32700307e-03 2.29303695e-02 8.80298745e-19 8.94506887e-18 4.87060048e-03 1.73919179e-03 2.13323698e-18
9.29429429e-02 -2.44153793e-02 -2.44151241e-02 -5.56065561e-03 4.46281830e+00 1.75309155e+01 3.12075026e+01 3.12075076e+01 3.56593260e+01 3.90066292e+01 3.92261084e+01 2.87066987e-08 4.60697379e-03 1.91188292e-14 9.74708005e-01 8.32468332e-17 1.12554170e-26 1.00780016e-16 2.23434737e-01 1.17583729e-16 1.10289973e-19 3.19352213e-05 3.19340459e-05 2.47933412e-07 6.31850060e-03 2.29303695e-02 4.49105015e-20 9.46504568e-18 4.85926254e-03 1.73919179e-03 3.13261875e-17
9.30930931e-02 -2.44153793e-02 -2.44151233e-02 -5.56065567e-03 4.45642121e+00 1.75309155e+01 3.12075026e+01 3.12075076e+01 3.56683338e+01 3.90066292e+01 3.92261084e+01 2.49182380e-09 4.61441584e-03 8.20576601e-15 9.74778592e-01 2.58990435e-18 7.72694742e-27 3.39900812e-17 2.23126430e-01 9.48661799e-17 1.10808375e-19 3.19352213e-05 3.19340421e-05 2.47933412e-07 6.31001872e-03 2.29303695e-02 1.49475999e-18 5.14898354e-18 4.84795890e-03 1.73919179e-03 5.96004200e-18
9.32432432e-02 -2.44153793e-02 -2.44151224e-02 -5.56065565e-03 4.45004139e+00 1.75309155e+01 3.12075026e+01 3.12075076e+01 3.56773104e+01 3.90066292e+01 3.92261084e+01 5.09873488e-09 4.62185790e-03 1.06223028e-14 9.74848898e-01 7.40839819e-17 4.86451075e-27 4.46169908e-17 2.22818906e-01 9.31605869e-17 1.11328497e-19 3.19352213e-05 3.19340382e-05 2.47933412e-07 6.30155734e-03 2.29303695e-02 2.88066228e-18 3.69169524e-19 4.83668947e-03 1.73919179e-03 1.00024070e-17
9.33933934e-02 -2.44153793e-02 -2.44151216e-02 -5.56065570e-03 4.44367879e+00 1.75309155e+01 3.12075026e+01 3.12075076e+01 3.56862561e+01 3.90066292e+01 3.92261084e+01 9.36126630e-09 4.62929994e-03 3.25883352e-14 9.74918923e-01 7.03297800e-17 9.29310572e-27 1.24314318e-17 2.22512163e-01 4.48901624e-17 1.11850343e-19 3.19352213e-05 3.19340344e-05 2.47933412e-07 6.29311642e-03 2.29303695e-02 3.78211378e-18 4.50555096e-18 4.82545413e-03 1.73919179e-03 2.24521470e-17
9.35435435e-02 -2.44153793e-02 -2.44151208e-02 -5.56065563e-03 4.43733332e+00 1.75309155e+01 3.12075026e+01 3.12075076e+01 3.56951710e+01 3.90066292e+01 3.92261084e+01 9.58898603e-09 4.63674199e-03 2.18671684e-14 9.74988670e-01 1.42925188e-17 1.89377548e-26 1.20656327e-16 2.22206197e-01 4.93265912e-17 1.12373916e-19 3.19352213e-05 3.19340305e-05 2.47933412e-07 6.28469588e-03 2.29303695e-02 3.78504343e-18 2.66901889e-18 4.81425276e-03 1.73919179e-03 9.56519446e-18
9.36936937e-02 -2.44153793e-02 -2.44151199e-02 -5.56065566e-03 4.43100493e+00 1.75309155e+01 3.12075026e+01 3.12075076e+01 3.57040552e+01 3.90066292e+01 3.92261084e+01 1.35325603e-08 4.64418403e-03 3.79751228e-14 9.75058139e-01 1.45499096e-16 1.45872206e-26 1.09839482e-16 2.21901006e-01 2.54842225e-17 1.12899219e-19 3.19352213e-05 3.19340267e-05 2.47933412e-07 6.27629566e-03 2.29303695e-02 6.07139028e-18 6.36478037e-18 4.80308527e-03 1.73919179e-03 1.01215887e-17
9.38438438e-02 -2.44153793e-02 -2.44151191e-02 -5.56065568e-03 4.42469356e+00 1.75309155e+01 3.12075026e+01 3.12075076e+01 3.57129088e+01 3.90066292e+01 3.92261084e+01 1.00481825e-08 4.65162607e-03 1.82022328e-14 9.75127333e-01 5.21682714e-17 6.06688304e-27 6.35895746e-17 2.21596588e-01 5.36901476e-17 1.13426257e-19 3.19352213e-05 3.19340228e-05 2.47933412e-07 6.26791570e-03 2.29303695e-02 1.02426895e-17 6.37028467e-18 4.79195154e-03 1.73919179e-03 4.90000560e-18
9.39939940e-02 -2.44153793e-02 -2.44151182e-02 -5.56065571e-03 4.41839913e+00 1.75309155e+01 3.12075026e+01 3.12075076e+01 3.57217320e+01 3.90066292e+01 3.92261084e+01 2.25578833e-08 4.65906811e-03 2.94115774e-14 9.75196251e-01 7.95843417e-17 1.45682775e-26 7.26225987e-17 2.21292939e-01 3.46162103e-18 1.13955031e-19 3.19352213e-05 3.19340189e-05 2.47933412e-07 6.25955593e-03 2.29303695e-02 2.67753836e-18 1.13719824e-18 4.78085147e-03 1.73919179e-03 3.82829766e-17
9.41441441e-02 -2.44153793e-02 -2.44151174e-02 -5.56065566e-03 4.41212159e+00 1.75309155e+01 3.12075026e+01 3.12075076e+01 3.57305249e+01 3.90066292e+01 3.92261084e+01 5.33926320e-08 4.66651014e-03 4.39150105e-14 9.75264896e-01 1.07860053e-16 1.27011667e-27 1.17248291e-17 2.20990057e-01 1.02097881e-16 1.14485547e-19 3.19352213e-05 3.19340151e-05 2.47933412e-07 6.25121629e-03 2.29303695e-02 7.82029467e-18 9.04774618e-18 4.76978494e-03 1.73919179e-03 1.04694923e-16
9.42942943e-02 -2.44153793e-02 -2.44151165e-02 -5.56065566e-03 4.40586087e+00 1.75309155e+01 3.12075026e+01 3.12075076e+01 3.57392875e+01 3.90066292e+01 3.92261084e+01 4.87644436e-08 4.67395217e-03 3.98813622e-14 9.75333270e-01 9.23997942e-18 1.08793558e-26 1.96906364e-17 2.20687940e-01 9.13194472e-17 1.15017807e-19 3.19352213e-05 3.19340112e-05 2.47933412e-07 6.24289671e-03 2.29303695e-02 3.51069210e-18 7.23145058e-18 4.75875184e-03 1.73919179e-03 2.51668376e-17
9.44444444e-02 -2.44153793e-02 -2.44151157e-02 -5.56065571e-03 4.39961691e+00 1.75309155e+01 3.12075026e+01 3.12075076e+01 3.57480201e+01 3.90066292e+01 3.92261084e+01 6.58707930e-08 4.68139420e-03 5.23708923e-14 9.75401373e-01 6.16531978e-17 2.52211047e-27 1.11168180e-16 2.20386584e-01 2.17062189e-16 1.15551814e-19 3.19352213e-05 3.19340073e-05 2.47933412e-07 6.23459714e-03 2.29303695e-02 6.04717558e-19 1.45511561e-17 4.74775207e-03 1.73919179e-03 2.00591083e-17
9.45945946e-02 -2.44153793e-02 -2.44151148e-02 -5.56065566e-03 4.39338964e+00 1.75309155e+01 3.12075026e+01 3.12075076e+01 3.57567228e+01 3.90066292e+01 3.92261084e+01 3.81998088e-08 4.68883623e-03 3.83734537e-14 9.75469207e-01 2.93429004e-17 2.25450995e-27 2.58032813e-17 2.20085987e-01 9.66776500e-17 1.16087572e-19 3.19352213e-05 3.19340034e-05 2.47933412e-07 6.22631751e-03 2.29303695e-02 2.54083448e-18 1.56205733e-17 4.73678552e-03 1.73919179e-03 5.85910707e-17
9.47447447e-02 -2.44153793e-02 -2.44151140e-02 -5.56065567e-03 4.38717900e+00 1.75309155e+01 3.12075026e+01 3.12075076e+01 3.57653956e+01 3.90066292e+01 3.92261084e+01 1.09907170e-08 4.69627825e-03 3.23612723e-15 9.75536772e-01 7.09710988e-17 1.07820859e-26 9.03823206e-17 2.19786147e-01 2.51929207e-17 1.16625084e-19 3.19352213e-05 3.19339995e-05 2.47933412e-07 6.21805775e-03 2.29303695e-02 2.32877316e-18 2.05415577e-18 4.72585208e-03 1.73919179e-03 4.36308779e-17
9.48948949e-02 -2.44153793e-02 -2.44151131e-02 -5.56065569e-03 4.38098494e+00 1.75309155e+01 3.12075026e+01 3.12075076e+01 3.57740388e+01 3.90066292e+01 3.92261084e+01 2.32325779e-08 4.70372027e-03 4.22573555e-15 9.75604072e-01 4.49941622e-17 1.40613599e-27 8.81680602e-17 2.19487061e-01 1.00928083e-16 1.17164355e-19 3.19352213e-05 3.19339956e-05 2.47933412e-07 6.20981781e-03 2.29303695e-02 4.96644884e-18 1.00918036e-17 4.71495164e-03 1.73919179e-03 5.58555301e-17
9.50450450e-02 -2.44153793e-02 -2.44151123e-02 -5.56065569e-03 4.37480737e+00 1.75309155e+01 3.12075026e+01 3.12075076e+01 3.57826523e+01 3.90066292e+01 3.92261084e+01 1.61024387e-08 4.71116229e-03 1.94077837e-14 9.75671106e-01 1.42929077e-16 9.26547622e-27 7.48060179e-17 2.19188726e-01 1.27971429e-16 1.17705386e-19 3.19352213e-05 3.19339917e-05 2.47933412e-07 6.20159761e-03 2.29303695e-02 3.50904186e-18 6.50834266e-18 4.70408410e-03 1.73919179e-03 2.97659550e-18
9.51951952e-02 -2.44153793e-02 -2.44151114e-02 -5.56065568e-03 4.36864626e+00 1.75309155e+01 3.12075026e+01 3.12075076e+01 3.57912364e+01 3.90066292e+01 3.92261084e+01 4.40948972e-08 4.71860430e-03 1.91351942e-14 9.75737876e-01 8.44340899e-17 1.34884786e-26 1.64352215e-17 2.18891140e-01 1.92770110e-16 1.18248182e-19 3.19352213e-05 3.19339877e-05 2.47933412e-07 6.19339711e-03 2.29303695e-02 3.22891195e-18 1.27575053e-18 4.69324935e-03 1.73919179e-03 1.03210817e-17
9.53453453e-02 -2.44153793e-02 -2.44151106e-02 -5.56065571e-03 4.36250152e+00 1.75309155e+01 3.12075026e+01 3.12075076e+01 3.57997911e+01 3.90066292e+01 3.92261084e+01 6.41462867e-09 4.72604632e-03 1.55768180e-15 9.75804384e-01 2.62066331e-18 5.69819971e-29 5.26947238e-17 2.18594300e-01 5.20281104e-17 1.18792746e-19 3.19352213e-05 3.19339838e-05 2.47933412e-07 6.18521623e-03 2.29303695e-02 1.69890692e-18 3.03337056e-18 4.68244729e-03 1.73919179e-03 7.80624733e-18
9.54954955e-02 -2.44153793e-02 -2.44151097e-02 -5.56065564e-03 4.35637311e+00 1.75309155e+01 3.12075026e+01 3.12075076e+01 3.58083167e+01 3.90066292e+01 3.92261084e+01 2.75850489e-08 4.73348833e-03 3.29687968e-14 9.75870631e-01 1.39926978e-17 7.97628279e-27 1.03706498e-16 2.18298204e-01 4.77753024e-17 1.19339082e-19 3.19352213e-05 3.19339799e-05 2.47933412e-07 6.17705492e-03 2.29303695e-02 1.03762795e-17 2.52485396e-18 4.67167780e-03 1.73919179e-03 4.21124807e-17
9.56456456e-02 -2.44153793e-02 -2.44151088e-02 -5.56065566e-03 4.35026096e+00 1.75309155e+01 3.12075026e+01 3.12075076e+01 3.58168131e+01 3.90066292e+01 3.92261084e+01 1.68307994e-08 4.74093033e-03 2.51905365e-14 9.75936618e-01 1.27791616e-16 9.57577941e-27 4.16342903e-17 2.18002849e-01 9.37529940e-17 1.19887192e-19 3.19352213e-05 3.19339759e-05 2.47933412e-07 6.16891312e-03 2.29303695e-02 4.96647189e-18 4.32382906e-18 4.66094077e-03 1.73919179e-03 3.55070926e-18
9.57957958e-02 -2.44153793e-02 -2.44151080e-02 -5.56065570e-03 4.34416500e+00 1.75309155e+01 3.12075026e+01 3.12075076e+01 3.58252806e+01 3.90066292e+01 3.92261084e+01 2.81764127e-08 4.74837234e-03 2.02625966e-14 9.76002346e-01 4.99600649e-17 2.30046829e-26 1.97285178e-17 2.17708232e-01 1.10071678e-16 1.20437081e-19 3.19352213e-05 3.19339720e-05 2.47933412e-07 6.16079075e-03 2.29303695e-02 8.68733070e-19 1.22296975e-18 4.65023612e-03 1.73919179e-03 3.06335393e-17
9.59459459e-02 -2.44153793e-02 -2.44151071e-02 -5.56065568e-03 4.33808519e+00 1.75309155e+01 3.12075026e+01 3.12075076e+01 3.58337192e+01 3.90066292e+01 3.92261084e+01 1.24746641e-08 4.75581434e-03 2.03502826e-14 9.76067816e-01 3.45782664e-17 3.50456567e-18 1.01937967e-16 2.17414352e-01 1.60231699e-16 1.20988752e-19 3.19352213e-05 3.19339680e-05 2.47933412e-07 6.15268777e-03 2.29303695e-02 2.33608480e-18 3.53601304e-18 4.63956372e-03 1.73919179e-03 3.50491572e-17
9.60960961e-02 -2.44153793e-02 -2.44151062e-02 -5.56065565e-03 4.33202145e+00 1.75309155e+01 3.12075026e+01 3.12075076e+01 3.58421290e+01 3.90066292e+01 3.92261084e+01 2.65186374e-08 4.76325634e-03 3.05537610e-14 9.76133031e-01 5.94120524e-17 1.55550099e-26 9.74945639e-17 2.17121205e-01 1.49785064e-16 1.21542208e-19 3.19352213e-05 3.19339641e-05 2.47933412e-07 6.14460410e-03 2.29303695e-02 1.72968593e-18 7.64501201e-18 4.62892347e-03 1.73919179e-03 1.32762426e-17
9.62462462e-02 -2.44153793e-02 -2.44151054e-02 -5.56065566e-03 4.32597374e+00 1.75309155e+01 3.12075026e+01 3.12075076e+01 3.58505103e+01 3.90066292e+01 3.92261084e+01 1.31130899e-08 4.77069833e-03 1.01562129e-14 9.76197991e-01 8.36372158e-18 1.95784407e-26 1.03578675e-16 2.16828789e-01 6.03864272e-17 1.22097452e-19 3.19352213e-05 3.19339601e-05 2.47933412e-07 6.13653970e-03 2.29303695e-02 2.95389009e-18 1.00687463e-17 4.61831527e-03 1.73919179e-03 8.69965666e-18
9.63963964e-02 -2.44153793e-02 -2.44151045e-02 -5.56065562e-03 4.31994198e+00 1.75309155e+01 3.12075026e+01 3.12075076e+01 3.58588630e+01 3.90066292e+01 3.92261084e+01 2.61409869e-08 4.77814033e-03 3.11576964e-15 9.76262697e-01 4.79122280e-17 3.50509151e-18 5.89728275e-17 2.16537101e-01 8.84242761e-17 1.22654489e-19 3.19352213e-05 3.19339562e-05 2.47933412e-07 6.12849449e-03 2.29303695e-02 6.63173909e-18 4.61415399e-18 4.60773902e-03 1.73919179e-03 2.29334792e-17
9.65465465e-02 -2.44153793e-02 -2.44151036e-02 -5.56065564e-03 4.31392612e+00 1.75309155e+01 3.12075026e+01 3.12075076e+01 3.58671873e+01 3.90066292e+01 3.92261084e+01 4.32048282e-08 4.78558232e-03 2.75801638e-14 9.76327151e-01 6.06364709e-17 3.64910757e-27 4.60270493e-17 2.16246140e-01 3.59862502e-17 1.23213321e-19 3.19352213e-05 3.19339522e-05 2.47933412e-07 6.12046843e-03 2.29303695e-02 8.96720093e-19 5.36875300e-18 4.59719460e-03 1.73919179e-03 6.24217972e-17
9.66966967e-02 -2.44153793e-02 -2.44151028e-02 -5.56065567e-03 4.30792610e+00 1.75309155e+01 3.12075026e+01 3.12075076e+01 3.58754834e+01 3.90066292e+01 3.92261084e+01 1.76579821e-08 4.79302430e-03 2.41868166e-14 9.76391354e-01 6.14694439e-17 9.73614807e-27 5.82282674e-17 2.15955902e-01 5.46838710e-18 1.23773952e-19 3.19352213e-05 3.19339482e-05 2.47933412e-07 6.11246144e-03 2.29303695e-02 1.43719373e-18 9.22057120e-18 4.58668191e-03 1.73919179e-03 8.16532309e-17
9.68468468e-02 -2.44153793e-02 -2.44151019e-02 -5.56065568e-03 4.30194187e+00 1.75309155e+01 3.12075026e+01 3.12075076e+01 3.58837513e+01 3.90066292e+01 3.92261084e+01 2.03554006e-09 4.80046629e-03 2.09452359e-14 9.76455307e-01 3.33252672e-17 7.72443976e-28 6.36615013e-17 2.15666385e-01 2.80423724e-17 1.24336386e-19 3.19352213e-05 3.19339442e-05 2.47933412e-07 6.10447346e-03 2.29303695e-02 8.98923192e-18 1.99553658e-18 4.57620086e-03 1.73919179e-03 1.55718063e-17
9.69969970e-02 -2.44153793e-02 -2.44151010e-02 -5.56065569e-03 4.29597336e+00 1.75309155e+01 3.12075026e+01 3.12075076e+01 3.58919912e+01 3.90066292e+01 3.92261084e+01 4.25041677e-08 4.80790827e-03 5.03700198e-14 9.76519011e-01 7.19433272e-17 1.06259261e-26 7.30823891e-17 2.15377587e-01 4.75612639e-17 1.24900626e-19 3.19352213e-05 3.19339402e-05 2.47933412e-07 6.09650445e-03 2.29303695e-02 3.15758089e-18 4.72257961e-18 4.56575132e-03 1.73919179e-03 1.58879851e-17
9.71471471e-02 -2.44153793e-02 -2.44151002e-02 -5.56065566e-03 4.29002051e+00 1.75309155e+01 3.12075026e+01 3.12075076e+01 3.59002031e+01 3.90066292e+01 3.92261084e+01 4.87278355e-08 4.81535025e-03 2.26163012e-14 9.76582468e-01 7.69619972e-17 4.02967753e-27 2.33261729e-17 2.15089505e-01 5.75529651e-17 1.25466675e-19 3.19352213e-05 3.19339362e-05 2.47933412e-07 6.08855434e-03 2.29303695e-02 2.88040713e-18 3.93547384e-18 4.55533321e-03 1.73919179e-03 1.20647809e-17
9.72972973e-02 -2.44153793e-02 -2.44150993e-02 -5.56065565e-03 4.28408326e+00 1.75309155e+01 3.12075026e+01 3.12075076e+01 3.59083872e+01 3.90066292e+01 3.92261084e+01 2.16547442e-09 4.82279223e-03 1.13336000e-14 9.76645679e-01 1.65885099e-17 3.50611623e-18 6.40292959e-17 2.14802137e-01 8.65935887e-17 1.26034538e-19 3.19352213e-05 3.19339322e-05 2.47933412e-07 6.08062307e-03 2.29303695e-02 5.51996925e-18 2.57390331e-18 4.54494642e-03 1.73919179e-03 9.98894186e-19
9.74474474e-02 -2.44153793e-02 -2.44150984e-02 -5.56065570e-03 4.27816157e+00 1.75309155e+01 3.12075026e+01 3.12075076e+01 3.59165436e+01 3.90066292e+01 3.92261084e+01 1.94513692e-08 4.83023420e-03 5.66211528e-14 9.76708645e-01 4.59698160e-17 9.82686861e-27 9.89235186e-17 2.14515480e-01 8.41244435e-17 1.26604216e-19 3.19352213e-05 3.19339282e-05 2.47933412e-07 6.07271057e-03 2.29303695e-02 5.97157003e-19 6.19159228e-18 4.53459085e-03 1.73919179e-03 8.13330349e-18
9.75975976e-02 -2.44153793e-02 -2.44150975e-02 -5.56065570e-03 4.27225537e+00 1.75309155e+01 3.12075026e+01 3.12075076e+01 3.59246725e+01 3.90066292e+01 3.92261084e+01 5.13053404e-08 4.83767617e-03 1.18254958e-14 9.76771368e-01 1.51362076e-16 2.07190865e-26 9.11026580e-17 2.14229532e-01 2.46316810e-17 1.27175715e-19 3.19352213e-05 3.19339242e-05 2.47933412e-07 6.06481680e-03 2.29303695e-02 1.42149298e-18 1.55196027e-18 4.52426638e-03 1.73919179e-03 5.25856467e-17
9.77477477e-02 -2.44153793e-02 -2.44150966e-02 -5.56065561e-03 4.26636460e+00 1.75309155e+01 3.12075026e+01 3.12075076e+01 3.59327738e+01 3.90066292e+01 3.92261084e+01 2.89632075e-09 4.84511814e-03 8.66149903e-14 9.76833847e-01 6.03653267e-17 3.50661558e-18 8.57698038e-17 2.13944290e-01 1.58820768e-17 1.27749036e-19 3.19352213e-05 3.19339201e-05 2.47933412e-07 6.05694169e-03 2.29303695e-02 6.35321090e-18 3.62489227e-18 4.51397293e-03 1.73919179e-03 5.26856125e-17
9.78978979e-02 -2.44153793e-02 -2.44150958e-02 -5.56065569e-03 4.26048921e+00 1.75309155e+01 3.12075026e+01 3.12075076e+01 3.59408478e+01 3.90066292e+01 3.92261084e+01 1.92844501e-10 4.85256010e-03 9.76031410e-15 9.76896086e-01 5.27625658e-18 1.17841100e-26 6.57923183e-17 2.13659753e-01 1.44905673e-16 1.28324185e-19 3.19352213e-05 3.19339161e-05 2.47933412e-07 6.04908519e-03 2.29303695e-02 1.79343792e-19 4.13516412e-18 4.50371039e-03 1.73919179e-03 6.97387106e-17
9.80480480e-02 -2.44153793e-02 -2.44150949e-02 -5.56065566e-03 4.25462914e+00 1.75309155e+01 3.12075026e+01 3.12075076e+01 3.59488945e+01 3.90066292e+01 3.92261084e+01 1.84596808e-08 4.86000207e-03 4.01798794e-15 9.76958084e-01 9.97707258e-17 2.27476570e-26 1.00096262e-16 2.13375918e-01 2.98587175e-17 1.28901164e-19 3.19352213e-05 3.19339121e-05 2.47933412e-07 6.04124723e-03 2.29303695e-02 8.70932765e-19 2.25973765e-18 4.49347865e-03 1.73919179e-03 2.69223886e-17
9.81981982e-02 -2.44153793e-02 -2.44150940e-02 -5.56065564e-03 4.24878433e+00 1.75309155e+01 3.12075026e+01 3.12075076e+01 3.59569141e+01 3.90066292e+01 3.92261084e+01 1.83533760e-09 4.86744402e-03 3.54713648e-14 9.77019843e-01 4.92546191e-17 3.50710660e-18 9.01193120e-17 2.13092781e-01 1.29693979e-18 1.29479977e-19 3.19352213e-05 3.19339080e-05 2.47933412e-07 6.03342776e-03 2.29303695e-02 8.77786821e-19 8.87635175e-18 4.48327761e-03 1.73919179e-03 2.53354969e-18
9.83483483e-02 -2.44153793e-02 -2.44150931e-02 -5.56065571e-03 4.24295473e+00 1.75309155e+01 3.12075026e+01 3.12075076e+01 3.59649067e+01 3.90066292e+01 3.92261084e+01 2.00397687e-08 4.87488598e-03 4.65234705e-15 9.77081365e-01 2.43081748e-17 1.19268360e-26 1.02648453e-16 2.12810342e-01 1.21036511e-16 1.30060627e-19 3.19352213e-05 3.19339040e-05 2.47933412e-07 6.02562672e-03 2.29303695e-02 1.22172571e-18 2.37270566e-18 4.47310717e-03 1.73919179e-03 4.10372725e-17
9.84984985e-02 -2.44153793e-02 -2.44150922e-02 -5.56065562e-03 4.23714028e+00 1.75309155e+01 3.12075026e+01 3.12075076e+01 3.59728723e+01 3.90066292e+01 3.92261084e+01 4.75423990e-09 4.88232793e-03 1.63276625e-14 9.77142650e-01 1.33574009e-17 6.78877241e-27 4.49808362e-17 2.12528598e-01 1.59945725e-17 1.30643118e-19 3.19352213e-05 3.19338999e-05 2.47933412e-07 6.01784405e-03 2.29303695e-02 2.44652036e-19 5.98941907e-18 4.46296724e-03 1.73919179e-03 2.27780234e-17
9.86486486e-02 -2.44153793e-02 -2.44150913e-02 -5.56065567e-03 4.23134093e+00 1.75309155e+01 3.12075026e+01 3.12075076e+01 3.59808112e+01 3.90066292e+01 3.92261084e+01 9.87034900e-09 4.88976989e-03 1.18832721e-14 9.77203699e-01 5.18427798e-17 3.96187142e-27 4.90749586e-17 2.12247546e-01 1.10589537e-18 1.31227453e-19 3.19352213e-05 3.19338959e-05 2.47933412e-07 6.01007970e-03 2.29303695e-02 9.40734232e-19 1.40348464e-18 4.45285771e-03 1.73919179e-03 2.84429863e-17
9.87987988e-02 -2.44153793e-02 -2.44150904e-02 -5.56065566e-03 4.22555661e+00 1.75309155e+01 3.12075026e+01 3.12075076e+01 3.59887233e+01 3.90066292e+01 3.92261084e+01 1.40852326e-08 4.89721183e-03 6.14579113e-14 9.77264514e-01 7.63377156e-17 2.36391967e-26 9.91939365e-17 2.11967183e-01 1.33249795e-16 1.31813636e-19 3.19352213e-05 3.19338918e-05 2.47933412e-07 6.00233360e-03 2.29303695e-02 4.41038976e-18 6.39750632e-18 4.44277848e-03 1.73919179e-03 4.18930370e-17
9.89489489e-02 -2.44153793e-02 -2.44150896e-02 -5.56065571e-03 4.21978729e+00 1.75309155e+01 3.12075026e+01 3.12075076e+01 3.59966088e+01 3.90066292e+01 3.92261084e+01 3.34727808e-08 4.90465378e-03 1.06890637e-15 9.77325096e-01 4.83675491e-18 9.10699526e-27 6.92087848e-17 2.11687509e-01 3.39593532e-17 1.32401670e-19 3.19352213e-05 3.19338877e-05 2.47933412e-07 5.99460571e-03 2.29303695e-02 1.77537720e-18 8.74102944e-18 4.43272944e-03 1.73919179e-03 4.42951894e-17
9.90990991e-02 -2.44153793e-02 -2.44150887e-02 -5.56065565e-03 4.21403289e+00 1.75309155e+01 3.12075026e+01 3.12075076e+01 3.60044679e+01 3.90066292e+01 3.92261084e+01 5.04149013e-08 4.91209572e-03 3.85497075e-14 9.77385446e-01 3.88673664e-17 3.94348623e-26 1.08846953e-16 2.11408519e-01 4.76949683e-17 1.32991559e-19 3.19352213e-05 3.19338836e-05 2.47933412e-07 5.98689596e-03 2.29303695e-02 5.98354218e-19 4.69802774e-18 4.42271051e-03 1.73919179e-03 2.10312666e-17
9.92492492e-02 -2.44153793e-02 -2.44150878e-02 -5.56065572e-03 4.20829337e+00 1.75309155e+01 3.12075026e+01 3.12075076e+01 3.60123005e+01 3.90066292e+01 3.92261084e+01 5.54820457e-08 4.91953766e-03 4.05622592e-14 9.77445564e-01 6.30346126e-17 4.63821248e-30 3.22730493e-18 2.11130213e-01 8.86786824e-17 1.33583307e-19 3.19352213e-05 3.19338795e-05 2.47933412e-07 5.97920429e-03 2.29303695e-02 1.14831852e-18 1.82196886e-18 4.41272157e-03 1.73919179e-03 5.84751758e-18
9.93993994e-02 -2.44153793e-02 -2.44150869e-02 -5.56065572e-03 4.20256867e+00 1.75309155e+01 3.12075026e+01 3.12075076e+01 3.60201069e+01 3.90066292e+01 3.92261084e+01 2.55161838e-08 4.92697960e-03 1.95038311e-14 9.77505453e-01 1.69728121e-17 3.96074472e-27 8.05831154e-17 2.10852587e-01 2.97350648e-17 1.34176916e-19 3.19352213e-05 3.19338754e-05 2.47933412e-07 5.97153066e-03 2.29303695e-02 1.42601133e-18 6.19533847e-18 4.40276254e-03 1.73919179e-03 3.87184436e-17
9.95495495e-02 -2.44153793e-02 -2.44150860e-02 -5.56065569e-03 4.19685873e+00 1.75309155e+01 3.12075026e+01 3.12075076e+01 3.60278872e+01 3.90066292e+01 3.92261084e+01 5.25126914e-09 4.93442153e-03 3.30996610e-14 9.77565114e-01 2.62610350e-17 1.19593722e-26 4.48048464e-17 2.10575640e-01 4.43307735e-17 1.34772391e-19 3.19352213e-05 3.19338713e-05 2.47933412e-07 5.96387499e-03 2.29303695e-02 2.80727824e-18 4.48875818e-18 4.39283330e-03 1.73919179e-03 2.47685457e-18
9.96996997e-02 -2.44153793e-02 -2.44150851e-02 -5.56065573e-03 4.19116351e+00 1.75309155e+01 3.12075026e+01 3.12075076e+01 3.60356413e+01 3.90066292e+01 3.92261084e+01 2.85213488e-08 4.94186346e-03 2.36559121e-14 9.77624546e-01 7.88622915e-17 3.50868569e-18 3.36018044e-17 2.10299369e-01 3.89806616e-17 1.35369735e-19 3.19352213e-05 3.19338672e-05 2.47933412e-07 5.95623725e-03 2.29303695e-02 1.70369742e-18 1.35634459e-17 4.38293377e-03 1.73919179e-03 2.68639338e-18
9.98498498e-02 -2.44153793e-02 -2.44150842e-02 -5.56065569e-03 4.18548295e+00 1.75309155e+01 3.12075026e+01 3.12075076e+01 3.60433696e+01 3.90066292e+01 3.92261084e+01 5.91256250e-08 4.94930539e-03 6.80189588e-14 9.77683752e-01 3.56816989e-17 2.12052407e-26 4.69969690e-17 2.10023772e-01 4.81949825e-17 1.35968951e-19 3.19352213e-05 3.19338631e-05 2.47933412e-07 5.94861737e-03 2.29303695e-02 1.72636861e-18 5.75806915e-18 4.37306384e-03 1.73919179e-03 3.65367650e-17
1.00000000e-01 -2.44153793e-02 -2.44150833e-02 -5.56065564e-03 4.17981699e+00 1.75309155e+01 3.12075026e+01 3.12075076e+01 3.60510719e+01 3.90066292e+01 3.92261084e+01 4.85270010e-08 4.95674732e-03 2.00828321e-14 9.77742733e-01 1.39966587e-17 9.69562898e-27 2.01681110e-17 2.09748846e-01 9.94379011e-17 1.36570043e-19 3.19352213e-05 3.19338590e-05 2.47933412e-07 5.94101529e-03 2.29303695e-02 4.05892217e-18 1.09032571e-17 4.36322341e-03 1.73919179e-03 2.04800665e-17
1.00150150e-01 -2.44153793e-02 -2.44150824e-02 -5.56065563e-03 4.17416558e+00 1.75309155e+01 3.12075026e+01 3.12075076e+01 3.60587486e+01 3.90066292e+01 3.92261084e+01 2.65552810e-08 4.96418924e-03 5.10443270e-14 9.77801490e-01 1.87755902e-17 3.50914289e-18 5.63304692e-17 2.09474590e-01 1.20599690e-16 1.37173015e-19 3.19352213e-05 3.19338549e-05 2.47933412e-07 5.93343097e-03 2.29303695e-02 1.98316230e-18 2.09983664e-18 4.35341239e-03 1.73919179e-03 8.25347876e-19
1.00300300e-01 -2.44153793e-02 -2.44150815e-02 -5.56065567e-03 4.16852868e+00 1.75309155e+01 3.12075026e+01 3.12075076e+01 3.60663996e+01 3.90066292e+01 3.92261084e+01 1.45434437e-08 4.97163116e-03 1.00161370e-14 9.77860023e-01 2.20558637e-17 1.50377184e-26 9.15635825e-17 2.09201000e-01 8.45694064e-18 1.37777869e-19 3.19352213e-05 3.19338508e-05 2.47933412e-07 5.92586433e-03 2.29303695e-02 4.35654455e-18 3.24986972e-18 4.34363068e-03 1.73919179e-03 4.85385927e-17
1.00450450e-01 -2.44153793e-02 -2.44150806e-02 -5.56065567e-03 4.16290622e+00 1.75309155e+01 3.12075026e+01 3.12075076e+01 3.60740250e+01 3.90066292e+01 3.92261084e+01 1.40441895e-08 4.97907307e-03 6.50555240e-15 9.77918334e-01 1.01624069e-17 5.89805107e-27 7.79198973e-18 2.08928076e-01 9.24195378e-17 1.38384611e-19 3.19352213e-05 3.19338466e-05 2.47933412e-07 5.91831534e-03 2.29303695e-02 3.12856516e-19 8.50154782e-19 4.33387818e-03 1.73919179e-03 1.16616631e-18
1.00600601e-01 -2.44153793e-02 -2.44150797e-02 -5.56065568e-03 4.15729816e+00 1.75309155e+01 3.12075026e+01 3.12075076e+01 3.60816250e+01 3.90066292e+01 3.92261084e+01 1.94514560e-08 4.98651499e-03 4.86188049e-14 9.77976424e-01 4.36181601e-17 6.64075047e-28 1.22531550e-18 2.08655814e-01 2.34280396e-17 1.38993242e-19 3.19352213e-05 3.19338425e-05 2.47933412e-07 5.91078393e-03 2.29303695e-02 3.98763142e-18 1.70455460e-17 4.32415479e-03 1.73919179e-03 4.22059915e-17
1.00750751e-01 -2.44153793e-02 -2.44150788e-02 -5.56065565e-03 4.15170443e+00 1.75309155e+01 3.12075026e+01 3.12075076e+01 3.60891997e+01 3.90066292e+01 3.92261084e+01 2.13796081e-08 4.99395690e-03 2.36312319e-14 9.78034294e-01 3.91158070e-17 3.50974128e-18 9.72530218e-17 2.08384213e-01 1.31237730e-17 1.39603768e-19 3.19352213e-05 3.19338383e-05 2.47933412e-07 5.90327006e-03 2.29303695e-02 1.19098290e-18 6.83402544e-18 4.31446042e-03 1.73919179e-03 2.73893488e-17
1.00900901e-01 -2.44153793e-02 -2.44150779e-02 -5.56065564e-03 4.14612500e+00 1.75309155e+01 3.12075026e+01 3.12075076e+01 3.60967492e+01 3.90066292e+01 3.92261084e+01 2.95998787e-08 5.00139881e-03 3.80035881e-14 9.78091945e-01 1.26943055e-16 2.27432802e-26 1.66027578e-17 2.08113269e-01 9.04009929e-17 1.40216190e-19 3.19352213e-05 3.19338342e-05 2.47933412e-07 5.89577365e-03 2.29303695e-02 5.52017966e-18 1.53701156e-17 4.30479497e-03 1.73919179e-03 3.14191181e-17
1.01051051e-01 -2.44153793e-02 -2.44150769e-02 -5.56065571e-03 4.14055981e+00 1.75309155e+01 3.12075026e+01 3.12075076e+01 3.61042736e+01 3.90066292e+01 3.92261084e+01 5.14288033e-09 5.00884071e-03 7.95226396e-15 9.78149378e-01 4.28121921e-17 3.51003577e-18 4.64016840e-17 2.07842982e-01 1.51388787e-16 1.40830513e-19 3.19352213e-05 3.19338300e-05 2.47933412e-07 5.88829467e-03 2.29303695e-02 2.32403120e-18 1.28610460e-17 4.29515834e-03 1.73919179e-03 1.50335759e-18
1.01201201e-01 -2.44153793e-02 -2.44150760e-02 -5.56065568e-03 4.13500880e+00 1.75309155e+01 3.12075026e+01 3.12075076e+01 3.61117729e+01 3.90066292e+01 3.92261084e+01 2.95370255e-08 5.01628261e-03 1.35899986e-14 9.78206595e-01 2.39642198e-17 2.45662089e-26 1.27227085e-16 2.07573349e-01 6.13469678e-17 1.41446741e-19 3.19352213e-05 3.19338258e-05 2.47933412e-07 5.88083306e-03 2.29303695e-02 1.97590614e-18 2.52853020e-18 4.28555044e-03 1.73919179e-03 2.06132069e-17
1.01351351e-01 -2.44153793e-02 -2.44150751e-02 -5.56065570e-03 4.12947193e+00 1.75309155e+01 3.12075026e+01 3.12075076e+01 3.61192473e+01 3.90066292e+01 3.92261084e+01 3.59192495e-08 5.02372451e-03 1.45062488e-14 9.78263595e-01 1.08012473e-16 1.75516360e-18 1.91752467e-16 2.07304367e-01 1.90930852e-17 1.42064877e-19 3.19352213e-05 3.19338217e-05 2.47933412e-07 5.87338876e-03 2.29303695e-02 5.79651627e-18 7.55797574e-18 4.27597117e-03 1.73919179e-03 2.02056383e-18
1.01501502e-01 -2.44153793e-02 -2.44150742e-02 -5.56065563e-03 4.12394914e+00 1.75309155e+01 3.12075026e+01 3.12075076e+01 3.61266969e+01 3.90066292e+01 3.92261084e+01 1.68636532e-08 5.03116641e-03 8.52292280e-15 9.78320381e-01 4.19482512e-18 2.63728568e-26 1.12836336e-16 2.07036034e-01 9.44646111e-17 1.42684924e-19 3.19352213e-05 3.19338175e-05 2.47933412e-07 5.86596171e-03 2.29303695e-02 5.79653890e-18 2.42064991e-18 4.26642044e-03 1.73919179e-03 9.25654687e-18
1.01651652e-01 -2.44153793e-02 -2.44150733e-02 -5.56065569e-03 4.11844038e+00 1.75309155e+01 3.12075026e+01 3.12075076e+01 3.61341217e+01 3.90066292e+01 3.92261084e+01 1.76217530e-08 5.03860830e-03 1.78291843e-14 9.78376953e-01 8.39601298e-18 5.88384604e-27 4.30373677e-17 2.06768349e-01 8.24907207e-17 1.43306886e-19 3.19352213e-05 3.19338133e-05 2.47933412e-07 5.85855187e-03 2.29303695e-02 1.70101085e-18 4.56719898e-18 4.25689814e-03 1.73919179e-03 1.08514222e-16
1.01801802e-01 -2.44153793e-02 -2.44150724e-02 -5.56065563e-03 4.11294561e+00 1.75309155e+01 3.12075026e+01 3.12075076e+01 3.61415220e+01 3.90066292e+01 3.92261084e+01 7.58449147e-09 5.04605019e-03 5.29132205e-14 9.78433312e-01 1.20785564e-16 1.75537929e-18 5.42511617e-17 2.06501309e-01 1.45924521e-18 1.43930767e-19 3.19352213e-05 3.19338091e-05 2.47933412e-07 5.85115919e-03 2.29303695e-02 6.35665276e-18 5.04103781e-18 4.24740419e-03 1.73919179e-03 4.77796094e-17
1.01951952e-01 -2.44153793e-02 -2.44150715e-02 -5.56065565e-03 4.10746477e+00 1.75309155e+01 3.12075026e+01 3.12075076e+01 3.61488977e+01 3.90066292e+01 3.92261084e+01 3.90435838e-08 5.05349208e-03 1.11456278e-14 9.78489460e-01 1.84169518e-17 1.75545046e-18 1.02329695e-16 2.06234912e-01 6.40306734e-17 1.44556571e-19 3.19352213e-05 3.19338049e-05 2.47933412e-07 5.84378360e-03 2.29303695e-02 1.51433367e-18 1.81376144e-18 4.23793849e-03 1.73919179e-03 1.95329338e-17
1.02102102e-01 -2.44153793e-02 -2.44150705e-02 -5.56065564e-03 4.10199781e+00 1.75309155e+01 3.12075026e+01 3.12075076e+01 3.61562490e+01 3.90066292e+01 3.92261084e+01 2.22108505e-09 5.06093396e-03 3.82065665e-14 9.78545397e-01 3.16426120e-17 1.75552128e-18 8.30493286e-17 2.05969156e-01 1.34927284e-16 1.45184300e-19 3.19352213e-05 3.19338007e-05 2.47933412e-07 5.83642505e-03 2.29303695e-02 5.81421644e-18 3.15119255e-18 4.22850095e-03 1.73919179e-03 2.74604900e-18
1.02252252e-01 -2.44153793e-02 -2.44150696e-02 -5.56065566e-03 4.09654469e+00 1.75309155e+01 3.12075026e+01 3.12075076e+01 3.61635760e+01 3.90066292e+01 3.92261084e+01 1.23437916e-08 5.06837585e-03 2.29864807e-15 9.78601124e-01 2.08711573e-17 2.20931950e-26 2.20789441e-16 2.05704038e-01 1.75995598e-16 1.45813958e-19 3.19352213e-05 3.19337965e-05 2.47933412e-07 5.82908350e-03 2.29303695e-02 1.45425741e-18 4.70703124e-18 4.21909147e-03 1.73919179e-03 7.34691013e-17
1.02402402e-01 -2.44153793e-02 -2.44150687e-02 -5.56065572e-03 4.09110534e+00 1.75309155e+01 3.12075026e+01 3.12075076e+01 3.61708787e+01 3.90066292e+01 3.92261084e+01 4.85669862e-08 5.07581772e-03 8.56715937e-15 9.78656643e-01 4.08313124e-18 4.19222588e-27 3.42827303e-17 2.05439557e-01 3.13694673e-17 1.46445550e-19 3.19352213e-05 3.19337923e-05 2.47933412e-07 5.82175889e-03 2.29303695e-02 1.31290571e-19 5.20239302e-18 4.20970995e-03 1.73919179e-03 2.31032450e-17
1.02552553e-01 -2.44153793e-02 -2.44150678e-02 -5.56065571e-03 4.08567973e+00 1.75309155e+01 3.12075026e+01 3.12075076e+01 3.61781573e+01 3.90066292e+01 3.92261084e+01 2.73477996e-08 5.08325960e-03 1.53375836e-14 9.78711954e-01 3.18135279e-18 1.75573152e-18 8.16737631e-17 2.05175710e-01 6.91441540e-17 1.47079078e-19 3.19352213e-05 3.19337880e-05 2.47933412e-07 5.81445116e-03 2.29303695e-02 6.14489047e-18 2.90808307e-18 4.20035631e-03 1.73919179e-03 1.80549180e-18
1.02702703e-01 -2.44153793e-02 -2.44150669e-02 -5.56065569e-03 4.08026781e+00 1.75309155e+01 3.12075026e+01 3.12075076e+01 3.61854119e+01 3.90066292e+01 3.92261084e+01 2.72151387e-08 5.09070147e-03 6.30915025e-15 9.78767058e-01 3.36794599e-17 1.75580088e-18 1.52476484e-16 2.04912496e-01 1.65142811e-16 1.47714547e-19 3.19352213e-05 3.19337838e-05 2.47933412e-07 5.80716027e-03 2.29303695e-02 6.35103880e-18 1.80171948e-18 4.19103045e-03 1.73919179e-03 3.02889918e-18
1.02852853e-01 -2.44153793e-02 -2.44150659e-02 -5.56065561e-03 4.07486952e+00 1.75309155e+01 3.12075026e+01 3.12075076e+01 3.61926426e+01 3.90066292e+01 3.92261084e+01 2.69451776e-08 5.09814334e-03 5.74528858e-15 9.78821956e-01 7.94825561e-18 1.75586987e-18 2.14149819e-17 2.04649912e-01 8.39461914e-17 1.48351959e-19 3.19352213e-05 3.19337796e-05 2.47933412e-07 5.79988617e-03 2.29303695e-02 8.69869777e-19 6.89485387e-18 4.18173227e-03 1.73919179e-03 4.37654168e-18
1.03003003e-01 -2.44153793e-02 -2.44150650e-02 -5.56065564e-03 4.06948481e+00 1.75309155e+01 3.12075026e+01 3.12075076e+01 3.61998494e+01 3.90066292e+01 3.92261084e+01 5.94423143e-09 5.10558521e-03 2.00298701e-14 9.78876650e-01 4.86442938e-17 2.09069948e-26 1.74184775e-16 2.04387956e-01 7.17208302e-17 1.48991319e-19 3.19352213e-05 3.19337753e-05 2.47933412e-07 5.79262879e-03 2.29303695e-02 5.91046565e-19 2.43311424e-18 4.17246169e-03 1.73919179e-03 6.59165690e-17
1.03153153e-01 -2.44153793e-02 -2.44150641e-02 -5.56065566e-03 4.06411364e+00 1.75309155e+01 3.12075026e+01 3.12075076e+01 3.62070325e+01 3.90066292e+01 3.92261084e+01 3.22200699e-08 5.11302707e-03 1.94597767e-14 9.78931140e-01 3.18197600e-17 9.37101833e-27 6.05837424e-17 2.04126626e-01 7.10321141e-17 1.49632630e-19 3.19352213e-05 3.19337711e-05 2.47933412e-07 5.78538809e-03 2.29303695e-02 6.07314698e-18 1.53486182e-17 4.16321861e-03 1.73919179e-03 1.93815433e-17
1.03303303e-01 -2.44153793e-02 -2.44150631e-02 -5.56065568e-03 4.05875596e+00 1.75309155e+01 3.12075026e+01 3.12075076e+01 3.62141919e+01 3.90066292e+01 3.92261084e+01 2.88182520e-08 5.12046893e-03 6.66333983e-14 9.78985427e-01 1.42110224e-17 2.05140129e-26 6.40983049e-17 2.03865921e-01 2.33785259e-17 1.50275895e-19 3.19352213e-05 3.19337668e-05 2.47933412e-07 5.77816401e-03 2.29303695e-02 1.06570914e-17 2.62029317e-18 4.15400294e-03 1.73919179e-03 9.79579102e-18
1.03453453e-01 -2.44153793e-02 -2.44150622e-02 -5.56065566e-03 4.05341172e+00 1.75309155e+01 3.12075026e+01 3.12075076e+01 3.62213278e+01 3.90066292e+01 3.92261084e+01 1.09787837e-08 5.12791079e-03 7.30869603e-14 9.79039513e-01 1.10763715e-17 1.75614248e-18 1.08875550e-16 2.03605837e-01 6.93539688e-17 1.50921119e-19 3.19352213e-05 3.19337626e-05 2.47933412e-07 5.77095652e-03 2.29303695e-02 2.05496563e-18 2.89193231e-18 4.14481459e-03 1.73919179e-03 2.23441785e-17
1.03603604e-01 -2.44153793e-02 -2.44150613e-02 -5.56065569e-03 4.04808087e+00 1.75309155e+01 3.12075026e+01 3.12075076e+01 3.62284402e+01 3.90066292e+01 3.92261084e+01 1.10577823e-08 5.13535265e-03 4.00223991e-14 9.79093397e-01 1.08160139e-17 1.75620973e-18 1.29499438e-16 2.03346373e-01 1.86262065e-16 1.51568304e-19 3.19352213e-05 3.19337583e-05 2.47933412e-07 5.76376554e-03 2.29303695e-02 8.71524170e-18 2.99156195e-18 4.13565346e-03 1.73919179e-03 2.61604283e-17
1.03753754e-01 -2.44153793e-02 -2.44150603e-02 -5.56065563e-03 4.04276337e+00 1.75309155e+01 3.12075026e+01 3.12075076e+01 3.62355292e+01 3.90066292e+01 3.92261084e+01 1.40639446e-09 5.14279450e-03 2.43887218e-15 9.79147082e-01 1.63731047e-17 5.47232283e-28 2.43813326e-17 2.03087526e-01 2.05392770e-16 1.52217456e-19 3.19352213e-05 3.19337540e-05 2.47933412e-07 5.75659104e-03 2.29303695e-02 5.17298202e-18 6.11779547e-19 4.12651947e-03 1.73919179e-03 1.35899689e-17
1.03903904e-01 -2.44153793e-02 -2.44150594e-02 -5.56065566e-03 4.03745917e+00 1.75309155e+01 3.12075026e+01 3.12075076e+01 3.62425950e+01 3.90066292e+01 3.92261084e+01 1.06327945e-08 5.15023635e-03 2.18507524e-14 9.79200568e-01 6.40667992e-17 9.72477473e-27 6.52836480e-17 2.02829296e-01 7.43908061e-17 1.52868576e-19 3.19352213e-05 3.19337498e-05 2.47933412e-07 5.74943296e-03 2.29303695e-02 1.42335527e-18 5.38391505e-18 4.11741252e-03 1.73919179e-03 4.76707926e-17
1.04054054e-01 -2.44153793e-02 -2.44150585e-02 -5.56065570e-03 4.03216822e+00 1.75309155e+01 3.12075026e+01 3.12075076e+01 3.62496376e+01 3.90066292e+01 3.92261084e+01 4.17866122e-08 5.15767819e-03 2.13089222e-14 9.79253855e-01 2.68838010e-17 9.01034153e-27 5.90725230e-17 2.02571679e-01 9.23795764e-17 1.53521669e-19 3.19352213e-05 3.19337455e-05 2.47933412e-07 5.74229125e-03 2.29303695e-02 4.33867828e-18 1.98627107e-17 4.10833252e-03 1.73919179e-03 6.55792454e-17
1.04204204e-01 -2.44153793e-02 -2.44150575e-02 -5.56065563e-03 4.02689046e+00 1.75309155e+01 3.12075026e+01 3.12075076e+01 3.62566571e+01 3.90066292e+01 3.92261084e+01 2.26294663e-08 5.16512004e-03 5.17091098e-14 9.79306946e-01 6.39017034e-17 5.20594985e-30 2.06524446e-17 2.02314674e-01 1.43510186e-16 1.54176738e-19 3.19352213e-05 3.19337412e-05 2.47933412e-07 5.73516587e-03 2.29303695e-02 3.15697611e-19 2.90183896e-19 4.09927938e-03 1.73919179e-03 4.66544706e-18
1.04354354e-01 -2.44153793e-02 -2.44150566e-02 -5.56065569e-03 4.02162587e+00 1.75309155e+01 3.12075026e+01 3.12075076e+01 3.62636537e+01 3.90066292e+01 3.92261084e+01 1.67937454e-08 5.17256188e-03 5.41426794e-15 9.79359840e-01 4.93082874e-17 2.12639005e-27 5.39085459e-17 2.02058279e-01 6.44842640e-17 1.54833788e-19 3.19352213e-05 3.19337369e-05 2.47933412e-07 5.72805675e-03 2.29303695e-02 1.21820201e-18 8.94910174e-19 4.09025302e-03 1.73919179e-03 5.07510270e-18
1.04504505e-01 -2.44153793e-02 -2.44150557e-02 -5.56065565e-03 4.01637438e+00 1.75309155e+01 3.12075026e+01 3.12075076e+01 3.62706273e+01 3.90066292e+01 3.92261084e+01 2.83245475e-08 5.18000371e-03 1.49951051e-14 9.79412539e-01 1.38808040e-16 5.54520181e-28 4.11348997e-17 2.01802492e-01 7.74599437e-19 1.55492821e-19 3.19352213e-05 3.19337326e-05 2.47933412e-07 5.72096385e-03 2.29303695e-02 3.78540652e-18 1.12063761e-17 4.08125333e-03 1.73919179e-03 1.67698443e-17
1.04654655e-01 -2.44153793e-02 -2.44150547e-02 -5.56065571e-03 4.01113596e+00 1.75309155e+01 3.12075026e+01 3.12075076e+01 3.62775781e+01 3.90066292e+01 3.92261084e+01 5.52087861e-10 5.18744555e-03 3.31657422e-15 9.79465044e-01 3.48857790e-17 2.29154554e-26 1.37255940e-16 2.01547310e-01 1.35106683e-16 1.56153842e-19 3.19352213e-05 3.19337283e-05 2.47933412e-07 5.71388713e-03 2.29303695e-02 1.42418181e-18 4.29326454e-18 4.07228024e-03 1.73919179e-03 5.78240643e-17
1.04804805e-01 -2.44153793e-02 -2.44150538e-02 -5.56065566e-03 4.00591056e+00 1.75309155e+01 3.12075026e+01 3.12075076e+01 3.62845062e+01 3.90066292e+01 3.92261084e+01 1.75501042e-08 5.19488738e-03 3.40690015e-14 9.79517355e-01 7.05195897e-18 2.25959407e-27 4.60497437e-17 2.01292732e-01 1.23011007e-16 1.56816854e-19 3.19352213e-05 3.19337239e-05 2.47933412e-07 5.70682652e-03 2.29303695e-02 3.15992715e-19 1.02835486e-17 4.06333365e-03 1.73919179e-03 1.15385569e-17
1.04954955e-01 -2.44153793e-02 -2.44150528e-02 -5.56065564e-03 4.00069812e+00 1.75309155e+01 3.12075026e+01 3.12075076e+01 3.62914117e+01 3.90066292e+01 3.92261084e+01 8.62234817e-09 5.20232920e-03 3.17841366e-14 9.79569474e-01 6.23424248e-17 2.83307579e-28 2.02192749e-17 2.01038755e-01 8.39616190e-17 1.57481860e-19 3.19352213e-05 3.19337196e-05 2.47933412e-07 5.69978199e-03 2.29303695e-02 5.96189932e-19 1.15647083e-17 4.05441347e-03 1.73919179e-03 2.78096310e-17
1.05105105e-01 -2.44153793e-02 -2.44150519e-02 -5.56065561e-03 3.99549861e+00 1.75309155e+01 3.12075026e+01 3.12075076e+01 3.62982946e+01 3.90066292e+01 3.92261084e+01 4.00546499e-08 5.20977103e-03 2.26791910e-14 9.79621401e-01 4.07780837e-17 1.04496319e-26 2.30118298e-17 2.00785379e-01 9.17566064e-17 1.58148865e-19 3.19352213e-05 3.19337153e-05 2.47933412e-07 5.69275347e-03 2.29303695e-02 4.13365669e-18 8.53504757e-18 4.04551961e-03 1.73919179e-03 3.75505508e-18
1.05255255e-01 -2.44153793e-02 -2.44150509e-02 -5.56065570e-03 3.99031198e+00 1.75309155e+01 3.12075026e+01 3.12075076e+01 3.63051551e+01 3.90066292e+01 3.92261084e+01 2.09632900e-08 5.21721285e-03 7.74430917e-15 9.79673138e-01 5.08444640e-17 7.31686639e-27 5.57538893e-17 2.00532600e-01 1.24111528e-16 1.58817872e-19 3.19352213e-05 3.19337110e-05 2.47933412e-07 5.68574093e-03 2.29303695e-02 5.92517703e-19 6.33957326e-18 4.03665199e-03 1.73919179e-03 2.00581748e-17
1.05405405e-01 -2.44153793e-02 -2.44150500e-02 -5.56065565e-03 3.98513818e+00 1.75309155e+01 3.12075026e+01 3.12075076e+01 3.63119933e+01 3.90066292e+01 3.92261084e+01 4.26813225e-08 5.22465467e-03 6.69014333e-14 9.79724685e-01 3.84510604e-17 9.13927072e-28 1.90623070e-17 2.00280417e-01 3.67587582e-17 1.59488884e-19 3.19352213e-05 3.19337066e-05 2.47933412e-07 5.67874431e-03 2.29303695e-02 3.15784621e-18 9.81858865e-18 4.02781052e-03 1.73919179e-03 7.47502093e-18
1.05555556e-01 -2.44153793e-02 -2.44150490e-02 -5.56065566e-03 3.97997717e+00 1.75309155e+01 3.12075026e+01 3.12075076e+01 3.63188092e+01 3.90066292e+01 3.92261084e+01 2.79070127e-08 5.23209649e-03 2.85576602e-14 9.79776042e-01 5.32430198e-19 2.83527986e-27 7.44682454e-17 2.00028827e-01 2.31720674e-16 1.60161906e-19 3.19352213e-05 3.19337023e-05 2.47933412e-07 5.67176356e-03 2.29303695e-02 5.24737282e-18 1.71439764e-17 4.01899510e-03 1.73919179e-03 7.15916474e-17
1.05705706e-01 -2.44153793e-02 -2.44150481e-02 -5.56065564e-03 3.97482891e+00 1.75309155e+01 3.12075026e+01 3.12075076e+01 3.63256029e+01 3.90066292e+01 3.92261084e+01 7.31479211e-09 5.23953830e-03 1.50902504e-14 9.79827212e-01 2.48952009e-17 1.75711785e-18 3.34479740e-17 1.99777830e-01 4.67006358e-18 1.60836940e-19 3.19352213e-05 3.19336979e-05 2.47933412e-07 5.66479864e-03 2.29303695e-02 5.89523550e-19 4.12212152e-18 4.01020565e-03 1.73919179e-03 3.59943475e-17
1.05855856e-01 -2.44153793e-02 -2.44150471e-02 -5.56065571e-03 3.96969334e+00 1.75309155e+01 3.12075026e+01 3.12075076e+01 3.63323745e+01 3.90066292e+01 3.92261084e+01 1.95191053e-09 5.24698011e-03 1.72779731e-14 9.79878195e-01 5.65204932e-17 1.99672588e-26 8.03532695e-17 1.99527423e-01 1.43765245e-16 1.61513992e-19 3.19352213e-05 3.19336936e-05 2.47933412e-07 5.65784949e-03 2.29303695e-02 1.77935627e-18 1.06618175e-18 4.00144209e-03 1.73919179e-03 1.25307412e-17
1.06006006e-01 -2.44153793e-02 -2.44150462e-02 -5.56065565e-03 3.96457042e+00 1.75309155e+01 3.12075026e+01 3.12075076e+01 3.63391241e+01 3.90066292e+01 3.92261084e+01 4.04362792e-08 5.25442191e-03 1.01807354e-14 9.79928991e-01 2.74075580e-17 2.07672185e-27 1.90305663e-17 1.99277604e-01 2.55438051e-17 1.62193064e-19 3.19352213e-05 3.19336892e-05 2.47933412e-07 5.65091607e-03 2.29303695e-02 7.53093021e-18 3.20436778e-18 3.99270432e-03 1.73919179e-03 8.97301312e-17
1.06156156e-01 -2.44153793e-02 -2.44150452e-02 -5.56065566e-03 3.95946012e+00 1.75309155e+01 3.12075026e+01 3.12075076e+01 3.63458518e+01 3.90066292e+01 3.92261084e+01 8.85761117e-10 5.26186372e-03 1.72672228e-14 9.79979602e-01 5.54831932e-17 1.75730453e-18 6.10902368e-17 1.99028370e-01 7.29263443e-18 1.62874160e-19 3.19352213e-05 3.19336848e-05 2.47933412e-07 5.64399833e-03 2.29303695e-02 6.07521105e-18 6.59707522e-18 3.98399226e-03 1.73919179e-03 3.91509438e-17
1.06306306e-01 -2.44153793e-02 -2.44150443e-02 -5.56065569e-03 3.95436238e+00 1.75309155e+01 3.12075026e+01 3.12075076e+01 3.63525576e+01 3.90066292e+01 3.92261084e+01 2.58984415e-08 5.26930552e-03 5.34543257e-14 9.80030028e-01 1.06169648e-16 2.03253257e-26 1.35679147e-16 1.98779722e-01 3.54195563e-17 1.63557283e-19 3.19352213e-05 3.19336804e-05 2.47933412e-07 5.63709623e-03 2.29303695e-02 4.89418791e-18 4.58578886e-18 3.97530583e-03 1.73919179e-03 4.64539287e-18
1.06456456e-01 -2.44153793e-02 -2.44150433e-02 -5.56065563e-03 3.94927716e+00 1.75309155e+01 3.12075026e+01 3.12075076e+01 3.63592418e+01 3.90066292e+01 3.92261084e+01 3.60817500e-08 5.27674732e-03 1.52330465e-14 9.80080271e-01 1.84096021e-17 1.36600208e-26 1.10297781e-17 1.98531655e-01 5.47503612e-17 1.64242438e-19 3.19352213e-05 3.19336761e-05 2.47933412e-07 5.63020970e-03 2.29303695e-02 1.97984591e-18 8.50981830e-19 3.96664492e-03 1.73919179e-03 2.20066301e-17
1.06606607e-01 -2.44153793e-02 -2.44150423e-02 -5.56065557e-03 3.94420442e+00 1.75309155e+01 3.12075026e+01 3.12075076e+01 3.63659042e+01 3.90066292e+01 3.92261084e+01 3.19740066e-08 5.28418911e-03 2.02495475e-14 9.80130331e-01 3.01688560e-18 1.14022547e-27 3.09705210e-17 1.98284169e-01 7.09884432e-18 1.64929628e-19 3.19352213e-05 3.19336717e-05 2.47933412e-07 5.62333871e-03 2.29303695e-02 5.21589562e-19 2.92519165e-18 3.95800947e-03 1.73919179e-03 7.14554580e-18
1.06756757e-01 -2.44153793e-02 -2.44150414e-02 -5.56065570e-03 3.93914412e+00 1.75309155e+01 3.12075026e+01 3.12075076e+01 3.63725452e+01 3.90066292e+01 3.92261084e+01 6.18866314e-09 5.29163090e-03 1.87784836e-14 9.80180209e-01 1.36522759e-17 7.06780990e-27 6.44276725e-17 1.98037261e-01 1.42528632e-16 1.65618858e-19 3.19352213e-05 3.19336673e-05 2.47933412e-07 5.61648321e-03 2.29303695e-02 2.05648966e-18 1.84242116e-18 3.94939938e-03 1.73919179e-03 2.18193830e-17
1.06906907e-01 -2.44153793e-02 -2.44150404e-02 -5.56065572e-03 3.93409620e+00 1.75309155e+01 3.12075026e+01 3.12075076e+01 3.63791646e+01 3.90066292e+01 3.92261084e+01 3.49136188e-08 5.29907269e-03 1.31784077e-14 9.80229906e-01 1.87188153e-17 1.75760980e-18 1.01106453e-17 1.97790930e-01 3.75474864e-18 1.66310129e-19 3.19352213e-05 3.19336629e-05 2.47933412e-07 5.60964315e-03 2.29303695e-02 3.80037891e-18 1.06958238e-17 3.94081457e-03 1.73919179e-03 1.62407915e-17
1.07057057e-01 -2.44153793e-02 -2.44150395e-02 -5.56065564e-03 3.92906063e+00 1.75309155e+01 3.12075026e+01 3.12075076e+01 3.63857626e+01 3.90066292e+01 3.92261084e+01 2.69779292e-08 5.30651447e-03 5.84119506e-14 9.80279422e-01 4.15443902e-17 1.42027110e-26 7.56073001e-17 1.97545174e-01 1.31262460e-18 1.67003447e-19 3.19352213e-05 3.19336584e-05 2.47933412e-07 5.60281848e-03 2.29303695e-02 6.28426793e-19 3.15020363e-18 3.93225495e-03 1.73919179e-03 1.02104500e-17
1.07207207e-01 -2.44153793e-02 -2.44150385e-02 -5.56065574e-03 3.92403736e+00 1.75309155e+01 3.12075026e+01 3.12075076e+01 3.63923393e+01 3.90066292e+01 3.92261084e+01 1.31194026e-08 5.31395626e-03 7.08877876e-14 9.80328759e-01 6.73394594e-17 1.75772990e-18 5.65836587e-18 1.97299990e-01 1.73545540e-17 1.67698815e-19 3.19352213e-05 3.19336540e-05 2.47933412e-07 5.59600916e-03 2.29303695e-02 6.14655153e-18 2.46887713e-18 3.92372044e-03 1.73919179e-03 1.06515903e-17
1.07357357e-01 -2.44153793e-02 -2.44150375e-02 -5.56065566e-03 3.91902636e+00 1.75309155e+01 3.12075026e+01 3.12075076e+01 3.63988948e+01 3.90066292e+01 3.92261084e+01 3.65212063e-08 5.32139804e-03 1.72002909e-14 9.80377917e-01 1.98331608e-17 1.75778954e-18 4.59437419e-18 1.97055378e-01 1.45442803e-16 1.68396237e-19 3.19352213e-05 3.19336496e-05 2.47933412e-07 5.58921513e-03 2.29303695e-02 6.62920345e-18 2.11950163e-17 3.91521095e-03 1.73919179e-03 1.04315413e-17
1.07507508e-01 -2.44153793e-02 -2.44150366e-02 -5.56065564e-03 3.91402757e+00 1.75309155e+01 3.12075026e+01 3.12075076e+01 3.64054292e+01 3.90066292e+01 3.92261084e+01 3.93326406e-08 5.32883981e-03 5.44772104e-14 9.80426898e-01 6.88166320e-17 1.14326806e-27 9.34124804e-18 1.96811334e-01 2.70671322e-17 1.69095716e-19 3.19352213e-05 3.19336452e-05 2.47933412e-07 5.58243636e-03 2.29303695e-02 3.43462813e-18 1.37467299e-17 3.90672640e-03 1.73919179e-03 5.06244340e-17
1.07657658e-01 -2.44153793e-02 -2.44150356e-02 -5.56065562e-03 3.90904096e+00 1.75309155e+01 3.12075026e+01 3.12075076e+01 3.64119425e+01 3.90066292e+01 3.92261084e+01 1.93390895e-08 5.33628158e-03 9.83438545e-15 9.80475701e-01 5.12557836e-17 9.97239586e-28 3.48479004e-17 1.96567859e-01 4.20361909e-17 1.69797256e-19 3.19352213e-05 3.19336407e-05 2.47933412e-07 5.57567280e-03 2.29303695e-02 5.24490537e-18 3.39604475e-18 3.89826670e-03 1.73919179e-03 3.99669065e-18
1.07807808e-01 -2.44153793e-02 -2.44150346e-02 -5.56065568e-03 3.90406648e+00 1.75309155e+01 3.12075026e+01 3.12075076e+01 3.64184348e+01 3.90066292e+01 3.92261084e+01 5.20565881e-09 5.34372335e-03 6.15825688e-14 9.80524329e-01 4.91668316e-17 5.77963401e-27 2.23112777e-17 1.96324948e-01 1.25944294e-16 1.70500861e-19 3.19352213e-05 3.19336363e-05 2.47933412e-07 5.56892439e-03 2.29303695e-02 4.16797492e-19 7.02049062e-18 3.88983177e-03 1.73919179e-03 1.72027044e-17
1.07957958e-01 -2.44153793e-02 -2.44150337e-02 -5.56065563e-03 3.89910409e+00 1.75309155e+01 3.12075026e+01 3.12075076e+01 3.64249062e+01 3.90066292e+01 3.92261084e+01 4.11635313e-08 5.35116512e-03 3.35652594e-14 9.80572781e-01 4.74628030e-18 8.33649470e-28 3.23664316e-17 1.96082601e-01 1.83473013e-17 1.71206535e-19 3.19352213e-05 3.19336319e-05 2.47933412e-07 5.56219110e-03 2.29303695e-02 1.21865097e-18 4.33074242e-18 3.88142153e-03 1.73919179e-03 3.56640797e-17
1.08108108e-01 -2.44153793e-02 -2.44150327e-02 -5.56065567e-03 3.89415375e+00 1.75309155e+01 3.12075026e+01 3.12075076e+01 3.64313568e+01 3.90066292e+01 3.92261084e+01 3.58755274e-08 5.35860688e-03 3.25279929e-14 9.80621058e-01 2.56579312e-17 1.17999702e-27 3.49284420e-17 1.95840816e-01 2.24894698e-17 1.71914281e-19 3.19352213e-05 3.19336274e-05 2.47933412e-07 5.55547287e-03 2.29303695e-02 5.37000437e-19 6.00976565e-18 3.87303589e-03 1.73919179e-03 1.65435734e-17
1.08258258e-01 -2.44153793e-02 -2.44150317e-02 -5.56065565e-03 3.88921542e+00 1.75309155e+01 3.12075026e+01 3.12075076e+01 3.64377867e+01 3.90066292e+01 3.92261084e+01 2.16229287e-08 5.36604864e-03 4.13954560e-14 9.80669162e-01 1.60868490e-17 1.65819291e-26 8.78920508e-17 1.95599591e-01 7.16700359e-17 1.72624103e-19 3.19352213e-05 3.19336230e-05 2.47933412e-07 5.54876966e-03 2.29303695e-02 2.32703963e-18 6.70809794e-19 3.86467477e-03 1.73919179e-03 3.32520289e-18
1.08408408e-01 -2.44153793e-02 -2.44150307e-02 -5.56065563e-03 3.88428905e+00 1.75309155e+01 3.12075026e+01 3.12075076e+01 3.64441960e+01 3.90066292e+01 3.92261084e+01 2.04450656e-08 5.37349040e-03 2.82554312e-14 9.80717093e-01 1.12916436e-16 2.59346853e-26 3.89419303e-17 1.95358924e-01 5.24891530e-17 1.73336005e-19 3.19352213e-05 3.19336185e-05 2.47933412e-07 5.54208143e-03 2.29303695e-02 4.33860977e-18 1.15383422e-17 3.85633809e-03 1.73919179e-03 4.22215071e-18
1.08558559e-01 -2.44153793e-02 -2.44150297e-02 -5.56065561e-03 3.87937461e+00 1.75309155e+01 3.12075026e+01 3.12075076e+01 3.64505847e+01 3.90066292e+01 3.92261084e+01 3.18477835e-09 5.38093215e-03 2.35033456e-14 9.80764852e-01 1.55838829e-17 1.75825674e-18 8.74507784e-17 1.95118814e-01 4.73428829e-17 1.74049991e-19 3.19352213e-05 3.19336140e-05 2.47933412e-07 5.53540813e-03 2.29303695e-02 5.44491363e-18 3.70096007e-18 3.84802575e-03 1.73919179e-03 3.98352518e-18
1.08708709e-01 -2.44153793e-02 -2.44150288e-02 -5.56065573e-03 3.87447205e+00 1.75309155e+01 3.12075026e+01 3.12075076e+01 3.64569529e+01 3.90066292e+01 3.92261084e+01 1.45912111e-08 5.38837391e-03 1.52351910e-14 9.80812439e-01 1.11070824e-16 2.66579404e-28 6.55904021e-17 1.94879258e-01 7.74457855e-17 1.74766064e-19 3.19352213e-05 3.19336095e-05 2.47933412e-07 5.52874971e-03 2.29303695e-02 1.10013802e-17 7.88325620e-18 3.83973770e-03 1.73919179e-03 3.17269070e-17
1.08858859e-01 -2.44153793e-02 -2.44150278e-02 -5.56065566e-03 3.86958133e+00 1.75309155e+01 3.12075026e+01 3.12075076e+01 3.64633007e+01 3.90066292e+01 3.92261084e+01 1.93883812e-10 5.39581565e-03 4.05782157e-14 9.80859856e-01 1.39875721e-17 3.01630072e-27 4.70364042e-17 1.94640255e-01 1.56225763e-17 1.75484228e-19 3.19352213e-05 3.19336051e-05 2.47933412e-07 5.52210613e-03 2.29303695e-02 7.26367827e-18 2.33853596e-18 3.83147383e-03 1.73919179e-03 2.16783645e-17
1.09009009e-01 -2.44153793e-02 -2.44150268e-02 -5.56065565e-03 3.86470242e+00 1.75309155e+01 3.12075026e+01 3.12075076e+01 3.64696281e+01 3.90066292e+01 3.92261084e+01 1.67511433e-08 5.40325740e-03 4.28922078e-14 9.80907103e-01 4.24903998e-19 1.68146297e-26 1.11321080e-16 1.94401803e-01 9.46431078e-17 1.76204487e-19 3.19352213e-05 3.19336006e-05 2.47933412e-07 5.51547734e-03 2.29303695e-02 8.66658466e-19 4.93440319e-18 3.82323406e-03 1.73919179e-03 3.79652287e-17
1.09159159e-01 -2.44153793e-02 -2.44150258e-02 -5.56065565e-03 3.85983526e+00 1.75309155e+01 3.12075026e+01 3.12075076e+01 3.64759354e+01 3.90066292e+01 3.92261084e+01 2.10256670e-08 5.41069914e-03 3.53520937e-14 9.80954180e-01 5.03581748e-18 2.54382972e-28 4.35855159e-17 1.94163900e-01 1.18243366e-16 1.76926844e-19 3.19352213e-05 3.19335961e-05 2.47933412e-07 5.50886330e-03 2.29303695e-02 4.33589836e-18 8.46021800e-18 3.81501833e-03 1.73919179e-03 1.56857908e-17
1.09309309e-01 -2.44153793e-02 -2.44150248e-02 -5.56065569e-03 3.85497982e+00 1.75309155e+01 3.12075026e+01 3.12075076e+01 3.64822224e+01 3.90066292e+01 3.92261084e+01 7.85862959e-09 5.41814088e-03 9.30225992e-15 9.81001090e-01 1.40074370e-17 1.60760429e-26 6.67352546e-17 1.93926545e-01 1.28428674e-16 1.77651304e-19 3.19352213e-05 3.19335916e-05 2.47933412e-07 5.50226397e-03 2.29303695e-02 3.44657803e-18 6.44968290e-18 3.80682654e-03 1.73919179e-03 5.77195621e-17
1.09459459e-01 -2.44153793e-02 -2.44150239e-02 -5.56065568e-03 3.85013607e+00 1.75309155e+01 3.12075026e+01 3.12075076e+01 3.64884894e+01 3.90066292e+01 3.92261084e+01 9.06650383e-09 5.42558261e-03 2.52395436e-14 9.81047832e-01 6.08231930e-17 9.57970307e-27 9.40852714e-17 1.93689735e-01 6.81839237e-18 1.78377871e-19 3.19352213e-05 3.19335871e-05 2.47933412e-07 5.49567929e-03 2.29303695e-02 2.89162992e-18 9.70120959e-19 3.79865861e-03 1.73919179e-03 9.45286224e-17
1.09609610e-01 -2.44153793e-02 -2.44150229e-02 -5.56065560e-03 3.84530395e+00 1.75309155e+01 3.12075026e+01 3.12075076e+01 3.64947364e+01 3.90066292e+01 3.92261084e+01 1.14985292e-08 5.43302435e-03 2.26659151e-14 9.81094408e-01 2.06296984e-17 7.46907834e-27 5.75814010e-17 1.93453470e-01 1.46663486e-17 1.79106547e-19 3.19352213e-05 3.19335825e-05 2.47933412e-07 5.48910923e-03 2.29303695e-02 3.50792276e-18 6.48183843e-18 3.79051446e-03 1.73919179e-03 3.52235658e-17
1.09759760e-01 -2.44153793e-02 -2.44150219e-02 -5.56065567e-03 3.84048343e+00 1.75309155e+01 3.12075026e+01 3.12075076e+01 3.65009635e+01 3.90066292e+01 3.92261084e+01 8.76287300e-09 5.44046607e-03 3.02223226e-14 9.81140818e-01 3.91838835e-17 9.59040531e-27 4.59941466e-17 1.93217746e-01 1.01768568e-16 1.79837337e-19 3.19352213e-05 3.19335780e-05 2.47933412e-07 5.48255374e-03 2.29303695e-02 3.15968280e-18 1.87231252e-18 3.78239402e-03 1.73919179e-03 2.01622240e-17
1.09909910e-01 -2.44153793e-02 -2.44150209e-02 -5.56065562e-03 3.83567447e+00 1.75309155e+01 3.12075026e+01 3.12075076e+01 3.65071707e+01 3.90066292e+01 3.92261084e+01 1.40290702e-10 5.44790780e-03 9.72391038e-15 9.81187062e-01 7.52278244e-18 2.05511776e-27 9.76355105e-18 1.92982563e-01 1.33960159e-16 1.80570244e-19 3.19352213e-05 3.19335735e-05 2.47933412e-07 5.47601277e-03 2.29303695e-02 4.89357869e-18 4.81113304e-18 3.77429720e-03 1.73919179e-03 7.46930225e-19
1.10060060e-01 -2.44153793e-02 -2.44150199e-02 -5.56065569e-03 3.83087703e+00 1.75309155e+01 3.12075026e+01 3.12075076e+01 3.65133582e+01 3.90066292e+01 3.92261084e+01 7.73785052e-09 5.45534952e-03 2.21124793e-14 9.81233142e-01 1.01404966e-17 1.23358510e-28 2.76802493e-17 1.92747919e-01 5.76548722e-17 1.81305273e-19 3.19352213e-05 3.19335690e-05 2.47933412e-07 5.46948629e-03 2.29303695e-02 1.23335515e-18 9.12472624e-18 3.76622392e-03 1.73919179e-03 2.15725427e-17
1.10210210e-01 -2.44153793e-02 -2.44150189e-02 -5.56065567e-03 3.82609107e+00 1.75309155e+01 3.12075026e+01 3.12075076e+01 3.65195259e+01 3.90066292e+01 3.92261084e+01 4.02521310e-09 5.46279124e-03 1.27065210e-15 9.81279058e-01 2.71070705e-17 5.00709709e-27 2.51800790e-17 1.92513812e-01 1.33956794e-17 1.82042427e-19 3.19352213e-05 3.19335644e-05 2.47933412e-07 5.46297424e-03 2.29303695e-02 6.07585383e-18 1.31748833e-18 3.75817410e-03 1.73919179e-03 2.58309457e-17
1.10360360e-01 -2.44153793e-02 -2.44150179e-02 -5.56065569e-03 3.82131655e+00 1.75309155e+01 3.12075026e+01 3.12075076e+01 3.65256741e+01 3.90066292e+01 3.92261084e+01 4.58392982e-08 5.47023296e-03 4.37900339e-15 9.81324812e-01 7.06464671e-18 2.72461369e-26 1.06122869e-16 1.92280240e-01 1.68910058e-17 1.82781710e-19 3.19352213e-05 3.19335599e-05 2.47933412e-07 5.45647659e-03 2.29303695e-02 3.43419853e-18 7.07567296e-18 3.75014767e-03 1.73919179e-03 5.60931689e-17
1.10510511e-01 -2.44153793e-02 -2.44150169e-02 -5.56065567e-03 3.81655344e+00 1.75309155e+01 3.12075026e+01 3.12075076e+01 3.65318027e+01 3.90066292e+01 3.92261084e+01 5.49564958e-09 5.47767467e-03 4.30708536e-14 9.81370403e-01 9.19678041e-18 1.44900004e-26 1.36283040e-16 1.92047201e-01 1.47806428e-16 1.83523126e-19 3.19352213e-05 3.19335553e-05 2.47933412e-07 5.44999328e-03 2.29303695e-02 4.61541315e-18 1.06002567e-17 3.74214454e-03 1.73919179e-03 1.49050084e-17
1.10660661e-01 -2.44153793e-02 -2.44150159e-02 -5.56065564e-03 3.81180168e+00 1.75309155e+01 3.12075026e+01 3.12075076e+01 3.65379119e+01 3.90066292e+01 3.92261084e+01 1.30016938e-10 5.48511638e-03 3.91071514e-14 9.81415833e-01 2.86259444e-17 1.75903436e-18 5.28546331e-17 1.91814695e-01 1.10749469e-16 1.84266678e-19 3.19352213e-05 3.19335508e-05 2.47933412e-07 5.44352429e-03 2.29303695e-02 2.89351907e-18 1.90135195e-18 3.73416464e-03 1.73919179e-03 3.77233630e-18
1.10810811e-01 -2.44153793e-02 -2.44150149e-02 -5.56065565e-03 3.80706126e+00 1.75309155e+01 3.12075026e+01 3.12075076e+01 3.65440016e+01 3.90066292e+01 3.92261084e+01 1.67480437e-08 5.49255809e-03 3.21315723e-14 9.81461102e-01 3.20715725e-17 6.49975434e-31 2.45587060e-17 1.91582718e-01 9.82968080e-17 1.85012371e-19 3.19352213e-05 3.19335462e-05 2.47933412e-07 5.43706956e-03 2.29303695e-02 2.32393335e-18 3.65155112e-18 3.72620788e-03 1.73919179e-03 6.27455506e-18
1.10960961e-01 -2.44153793e-02 -2.44150139e-02 -5.56065561e-03 3.80233211e+00 1.75309155e+01 3.12075026e+01 3.12075076e+01 3.65500721e+01 3.90066292e+01 3.92261084e+01 2.72744204e-08 5.49999979e-03 1.48715882e-14 9.81506211e-01 3.01420791e-17 1.75914148e-18 7.97416579e-17 1.91351270e-01 1.07211489e-16 1.85760208e-19 3.19352213e-05 3.19335416e-05 2.47933412e-07 5.43062905e-03 2.29303695e-02 3.16547397e-18 3.91657817e-18 3.71827419e-03 1.73919179e-03 3.53209054e-17
1.11111111e-01 -2.44153793e-02 -2.44150129e-02 -5.56065566e-03 3.79761421e+00 1.75309155e+01 3.12075026e+01 3.12075076e+01 3.65561234e+01 3.90066292e+01 3.92261084e+01 2.36769168e-08 5.50744149e-03 5.56811780e-14 9.81551160e-01 3.99238225e-17 1.75919475e-18 9.25167715e-17 1.91120349e-01 1.42692867e-16 1.86510192e-19 3.19352213e-05 3.19335371e-05 2.47933412e-07 5.42420271e-03 2.29303695e-02 3.23944958e-18 4.11322894e-18 3.71036350e-03 1.73919179e-03 3.03021533e-17
1.11261261e-01 -2.44153793e-02 -2.44150119e-02 -5.56065566e-03 3.79290753e+00 1.75309155e+01 3.12075026e+01 3.12075076e+01 3.65621554e+01 3.90066292e+01 3.92261084e+01 1.42385601e-08 5.51488319e-03 2.12282755e-14 9.81595951e-01 5.54675890e-17 1.75924774e-18 5.09917236e-17 1.90889953e-01 5.31021563e-18 1.87262329e-19 3.19352213e-05 3.19335325e-05 2.47933412e-07 5.41779052e-03 2.29303695e-02 5.16833103e-18 1.36172578e-18 3.70247571e-03 1.73919179e-03 2.62598089e-17
1.11411411e-01 -2.44153793e-02 -2.44150109e-02 -5.56065566e-03 3.78821201e+00 1.75309155e+01 3.12075026e+01 3.12075076e+01 3.65681684e+01 3.90066292e+01 3.92261084e+01 2.74281704e-08 5.52232488e-03 7.36215882e-15 9.81640585e-01 7.17903403e-17 3.28468721e-27 3.12158770e-17 1.90660080e-01 2.68250205e-18 1.88016621e-19 3.19352213e-05 3.19335279e-05 2.47933412e-07 5.41139241e-03 2.29303695e-02 3.15704431e-18 4.21075337e-18 3.69461076e-03 1.73919179e-03 2.49591227e-17
1.11561562e-01 -2.44153793e-02 -2.44150099e-02 -5.56065570e-03 3.78352762e+00 1.75309155e+01 3.12075026e+01 3.12075076e+01 3.65741624e+01 3.90066292e+01 3.92261084e+01 3.36937537e-08 5.52976657e-03 5.72309398e-15 9.81685061e-01 3.44752374e-17 5.84654930e-27 1.93817643e-17 1.90430729e-01 1.06147787e-16 1.88773073e-19 3.19352213e-05 3.19335233e-05 2.47933412e-07 5.40500835e-03 2.29303695e-02 5.16843681e-18 5.30268828e-18 3.68676856e-03 1.73919179e-03 6.53334983e-18
1.11711712e-01 -2.44153793e-02 -2.44150089e-02 -5.56065567e-03 3.77885433e+00 1.75309155e+01 3.12075026e+01 3.12075076e+01 3.65801375e+01 3.90066292e+01 3.92261084e+01 1.76928571e-08 5.53720826e-03 1.33269292e-14 9.81729381e-01 2.21794683e-17 1.10065195e-26 5.97859247e-17 1.90201898e-01 5.86678953e-17 1.89531688e-19 3.19352213e-05 3.19335187e-05 2.47933412e-07 5.39863830e-03 2.29303695e-02 1.78018661e-18 5.03265676e-18 3.67894905e-03 1.73919179e-03 2.80196100e-17
1.11861862e-01 -2.44153793e-02 -2.44150079e-02 -5.56065566e-03 3.77419210e+00 1.75309155e+01 3.12075026e+01 3.12075076e+01 3.65860937e+01 3.90066292e+01 3.92261084e+01 3.39339764e-08 5.54464994e-03 3.92122137e-14 9.81773545e-01 1.22703308e-17 5.74397324e-27 6.94267784e-17 1.89973586e-01 2.58103797e-16 1.90292470e-19 3.19352213e-05 3.19335141e-05 2.47933412e-07 5.39228222e-03 2.29303695e-02 4.68990624e-18 1.71032755e-18 3.67115214e-03 1.73919179e-03 1.80908813e-18
1.12012012e-01 -2.44153793e-02 -2.44150069e-02 -5.56065565e-03 3.76954088e+00 1.75309155e+01 3.12075026e+01 3.12075076e+01 3.65920311e+01 3.90066292e+01 3.92261084e+01 3.47398318e-10 5.55209163e-03 2.10241873e-14 9.81817554e-01 9.10049853e-18 2.28717825e-28 1.09008571e-17 1.89745790e-01 2.09548883e-16 1.91055424e-19 3.19352213e-05 3.19335095e-05 2.47933412e-07 5.38594006e-03 2.29303695e-02 4.32980765e-19 2.36711201e-18 3.66337775e-03 1.73919179e-03 4.24278818e-17
1.12162162e-01 -2.44153793e-02 -2.44150059e-02 -5.56065570e-03 3.76490065e+00 1.75309155e+01 3.12075026e+01 3.12075076e+01 3.65979499e+01 3.90066292e+01 3.92261084e+01 8.33589947e-09 5.55953330e-03 1.40397671e-14 9.81861409e-01 2.16930151e-17 1.75956086e-18 5.23572872e-18 1.89518510e-01 5.04139353e-17 1.91820552e-19 3.19352213e-05 3.19335048e-05 2.47933412e-07 5.37961178e-03 2.29303695e-02 2.32984946e-18 6.31763354e-18 3.65562582e-03 1.73919179e-03 5.08999180e-19
1.12312312e-01 -2.44153793e-02 -2.44150049e-02 -5.56065561e-03 3.76027136e+00 1.75309155e+01 3.12075026e+01 3.12075076e+01 3.66038499e+01 3.90066292e+01 3.92261084e+01 1.31327750e-08 5.56697498e-03 7.36899820e-15 9.81905110e-01 6.64691040e-17 2.57336873e-27 4.35626250e-17 1.89291743e-01 2.78468551e-17 1.92587859e-19 3.19352213e-05 3.19335002e-05 2.47933412e-07 5.37329734e-03 2.29303695e-02 9.26606757e-18 6.94674864e-18 3.64789626e-03 1.73919179e-03 2.93231165e-17
1.12462462e-01 -2.44153792e-02 -2.44150039e-02 -5.56065562e-03 3.75565298e+00 1.75309155e+01 3.12075026e+01 3.12075076e+01 3.66097314e+01 3.90066292e+01 3.92261084e+01 7.52786578e-09 5.57441665e-03 1.92355478e-14 9.81948658e-01 5.16488883e-17 1.82312536e-26 9.39548803e-17 1.89065488e-01 6.23761173e-17 1.93357348e-19 3.19352213e-05 3.19334956e-05 2.47933412e-07 5.36699670e-03 2.29303695e-02 5.72236466e-18 5.76298461e-18 3.64018900e-03 1.73919179e-03 3.71998387e-17
1.12612613e-01 -2.44153793e-02 -2.44150029e-02 -5.56065567e-03 3.75104548e+00 1.75309155e+01 3.12075026e+01 3.12075076e+01 3.66155945e+01 3.90066292e+01 3.92261084e+01 1.99632871e-08 5.58185832e-03 3.19737894e-14 9.81992054e-01 1.46142360e-17 1.04794800e-26 4.17792993e-17 1.88839743e-01 2.57453280e-16 1.94129024e-19 3.19352213e-05 3.19334909e-05 2.47933412e-07 5.36070981e-03 2.29303695e-02 2.60196406e-18 3.92702954e-18 3.63250397e-03 1.73919179e-03 6.36169662e-17
1.12762763e-01 -2.44153793e-02 -2.44150018e-02 -5.56065566e-03 3.74644880e+00 1.75309155e+01 3.12075026e+01 3.12075076e+01 3.66214391e+01 3.90066292e+01 3.92261084e+01 2.09225062e-08 5.58929998e-03 4.30856402e-14 9.82035299e-01 2.12278491e-17 1.75976512e-18 4.27762895e-17 1.88614506e-01 2.25004362e-16 1.94902891e-19 3.19352213e-05 3.19334863e-05 2.47933412e-07 5.35443664e-03 2.29303695e-02 4.89486315e-18 2.25199048e-18 3.62484108e-03 1.73919179e-03 3.05438433e-17
1.12912913e-01 -2.44153793e-02 -2.44150008e-02 -5.56065560e-03 3.74186293e+00 1.75309155e+01 3.12075026e+01 3.12075076e+01 3.66272653e+01 3.90066292e+01 3.92261084e+01 1.89987303e-08 5.59674164e-03 3.38844422e-14 9.82078392e-01 8.82555364e-17 1.31288892e-26 4.16621367e-17 1.88389777e-01 9.98618202e-17 1.95678951e-19 3.19352213e-05 3.19334817e-05 2.47933412e-07 5.34817714e-03 2.29303695e-02 1.12778587e-17 3.69745052e-18 3.61720027e-03 1.73919179e-03 2.65399245e-18
1.13063063e-01 -2.44153793e-02 -2.44149998e-02 -5.56065573e-03 3.73728781e+00 1.75309155e+01 3.12075026e+01 3.12075076e+01 3.66330733e+01 3.90066292e+01 3.92261084e+01 1.70330236e-08 5.60418330e-03 7.90475948e-16 9.82121335e-01 3.60434506e-17 9.46142087e-27 7.91031279e-17 1.88165553e-01 6.74873432e-17 1.96457210e-19 3.19352213e-05 3.19334770e-05 2.47933412e-07 5.34193128e-03 2.29303695e-02 4.05939400e-18 3.04699618e-18 3.60958145e-03 1.73919179e-03 2.08111074e-17
1.13213213e-01 -2.44153793e-02 -2.44149988e-02 -5.56065565e-03 3.73272343e+00 1.75309155e+01 3.12075026e+01 3.12075076e+01 3.66388630e+01 3.90066292e+01 3.92261084e+01 1.09872402e-08 5.61162496e-03 5.43329975e-14 9.82164129e-01 7.08975618e-17 3.00667085e-27 2.62906126e-17 1.87941834e-01 4.49658740e-17 1.97237670e-19 3.19352213e-05 3.19334723e-05 2.47933412e-07 5.33569900e-03 2.29303695e-02 8.71709465e-19 8.34950784e-18 3.60198456e-03 1.73919179e-03 2.53981463e-17
1.13363363e-01 -2.44153793e-02 -2.44149978e-02 -5.56065567e-03 3.72816973e+00 1.75309155e+01 3.12075026e+01 3.12075076e+01 3.66446347e+01 3.90066292e+01 3.92261084e+01 4.24713388e-08 5.61906661e-03 2.15700619e-15 9.82206774e-01 5.21023800e-17 9.72254188e-27 4.21603680e-17 1.87718616e-01 7.92869046e-17 1.98020336e-19 3.19352213e-05 3.19334677e-05 2.47933412e-07 5.32948028e-03 2.29303695e-02 3.98688846e-18 1.24951369e-17 3.59440952e-03 1.73919179e-03 5.08965989e-19
1.13513514e-01 -2.44153793e-02 -2.44149967e-02 -5.56065565e-03 3.72362668e+00 1.75309155e+01 3.12075026e+01 3.12075076e+01 3.66503882e+01 3.90066292e+01 3.92261084e+01 4.73404069e-09 5.62650826e-03 3.24911132e-14 9.82249271e-01 3.49630051e-17 1.21469439e-26 6.51191612e-17 1.87495899e-01 1.73910593e-16 1.98805213e-19 3.19352213e-05 3.19334630e-05 2.47933412e-07 5.32327507e-03 2.29303695e-02 1.18381982e-18 4.74077582e-18 3.58685626e-03 1.73919179e-03 3.01922858e-17
1.13663664e-01 -2.44153793e-02 -2.44149957e-02 -5.56065566e-03 3.71909425e+00 1.75309155e+01 3.12075026e+01 3.12075076e+01 3.66561238e+01 3.90066292e+01 3.92261084e+01 6.36094664e-09 5.63394990e-03 4.02785742e-14 9.82291620e-01 5.70507112e-17 1.76006501e-18 4.30471496e-17 1.87273681e-01 1.27872583e-17 1.99592302e-19 3.19352213e-05 3.19334583e-05 2.47933412e-07 5.31708333e-03 2.29303695e-02 5.24069162e-18 5.64400154e-18 3.57932469e-03 1.73919179e-03 2.35581934e-18
1.13813814e-01 -2.44153793e-02 -2.44149947e-02 -5.56065570e-03 3.71457241e+00 1.75309155e+01 3.12075026e+01 3.12075076e+01 3.66618414e+01 3.90066292e+01 3.92261084e+01 2.64061379e-09 5.64139154e-03 1.79529711e-14 9.82333823e-01 5.16031362e-17 6.47676068e-27 2.48460712e-17 1.87051960e-01 1.19725177e-16 2.00381609e-19 3.19352213e-05 3.19334536e-05 2.47933412e-07 5.31090502e-03 2.29303695e-02 2.32986790e-18 4.84755615e-18 3.57181476e-03 1.73919179e-03 5.34807868e-17
1.13963964e-01 -2.44153793e-02 -2.44149937e-02 -5.56065568e-03 3.71006111e+00 1.75309155e+01 3.12075026e+01 3.12075076e+01 3.66675412e+01 3.90066292e+01 3.92261084e+01 5.17871501e-09 5.64883318e-03 2.54427978e-15 9.82375879e-01 7.62754673e-17 5.82141599e-27 7.71050621e-17 1.86830736e-01 2.07928266e-17 2.01173138e-19 3.19352213e-05 3.19334489e-05 2.47933412e-07 5.30474010e-03 2.29303695e-02 1.39172131e-17 1.23506585e-17 3.56432638e-03 1.73919179e-03 4.65173282e-18
1.14114114e-01 -2.44153793e-02 -2.44149926e-02 -5.56065561e-03 3.70556032e+00 1.75309155e+01 3.12075026e+01 3.12075076e+01 3.66732232e+01 3.90066292e+01 3.92261084e+01 2.08874859e-08 5.65627482e-03 5.02696717e-14 9.82417789e-01 1.82043921e-17 1.76021213e-18 9.75209059e-17 1.86610005e-01 1.30954061e-16 2.01966892e-19 3.19352213e-05 3.19334442e-05 2.47933412e-07 5.29858852e-03 2.29303695e-02 1.01966935e-18 1.20627540e-17 3.55685948e-03 1.73919179e-03 6.65644183e-17
1.14264264e-01 -2.44153793e-02 -2.44149916e-02 -5.56065565e-03 3.70107001e+00 1.75309155e+01 3.12075026e+01 3.12075076e+01 3.66788875e+01 3.90066292e+01 3.92261084e+01 1.18367021e-08 5.66371645e-03 6.33003411e-14 9.82459555e-01 1.44953285e-17 1.76026076e-18 1.51476392e-16 1.86389768e-01 1.16325540e-16 2.02762875e-19 3.19352213e-05 3.19334395e-05 2.47933412e-07 5.29245026e-03 2.29303695e-02 8.08460616e-18 3.60105870e-18 3.54941400e-03 1.73919179e-03 2.51703683e-17
1.14414414e-01 -2.44153793e-02 -2.44149906e-02 -5.56065566e-03 3.69659014e+00 1.75309155e+01 3.12075026e+01 3.12075076e+01 3.66845341e+01 3.90066292e+01 3.92261084e+01 1.99211842e-08 5.67115808e-03 3.83808923e-14 9.82501176e-01 7.64603866e-17 1.67693964e-26 7.08640741e-17 1.86170022e-01 1.77878925e-17 2.03561092e-19 3.19352213e-05 3.19334348e-05 2.47933412e-07 5.28632527e-03 2.29303695e-02 3.13496805e-19 7.83358266e-18 3.54198985e-03 1.73919179e-03 1.63292859e-17
1.14564565e-01 -2.44153793e-02 -2.44149896e-02 -5.56065570e-03 3.69212067e+00 1.75309155e+01 3.12075026e+01 3.12075076e+01 3.66901632e+01 3.90066292e+01 3.92261084e+01 3.04031167e-08 5.67859970e-03 4.39563145e-14 9.82542654e-01 6.03709663e-17 1.76035736e-18 7.28597766e-17 1.85950766e-01 7.65646595e-17 2.04361545e-19 3.19352213e-05 3.19334301e-05 2.47933412e-07 5.28021351e-03 2.29303695e-02 3.43450329e-18 2.52796824e-18 3.53458697e-03 1.73919179e-03 1.92735245e-17
1.14714715e-01 -2.44153793e-02 -2.44149885e-02 -5.56065568e-03 3.68766158e+00 1.75309155e+01 3.12075026e+01 3.12075076e+01 3.66957747e+01 3.90066292e+01 3.92261084e+01 2.57344193e-08 5.68604133e-03 1.35272255e-14 9.82583988e-01 4.24162427e-18 2.85658834e-27 9.07459175e-18 1.85731997e-01 5.18047452e-17 2.05164239e-19 3.19352213e-05 3.19334254e-05 2.47933412e-07 5.27411494e-03 2.29303695e-02 1.17983716e-18 1.17380536e-17 3.52720528e-03 1.73919179e-03 5.53253074e-17
1.14864865e-01 -2.44153793e-02 -2.44149875e-02 -5.56065567e-03 3.68321282e+00 1.75309155e+01 3.12075026e+01 3.12075076e+01 3.67013688e+01 3.90066292e+01 3.92261084e+01 4.12907907e-10 5.69348295e-03 5.85120893e-15 9.82625181e-01 4.31564936e-17 2.79587395e-27 2.63865895e-17 1.85513716e-01 4.51759973e-17 2.05969179e-19 3.19352213e-05 3.19334206e-05 2.47933412e-07 5.26802952e-03 2.29303695e-02 2.34068229e-18 1.41329526e-18 3.51984471e-03 1.73919179e-03 2.89976183e-17
1.15015015e-01 -2.44153793e-02 -2.44149865e-02 -5.56065573e-03 3.67877437e+00 1.75309155e+01 3.12075026e+01 3.12075076e+01 3.67069455e+01 3.90066292e+01 3.92261084e+01 3.85931904e-08 5.70092456e-03 5.32245549e-14 9.82666231e-01 4.29847169e-17 1.17506119e-26 2.53133462e-17 1.85295919e-01 9.66525305e-17 2.06776367e-19 3.19352213e-05 3.19334159e-05 2.47933412e-07 5.26195721e-03 2.29303695e-02 1.70688766e-18 1.85228239e-18 3.51250519e-03 1.73919179e-03 1.79836863e-18
1.15165165e-01 -2.44153793e-02 -2.44149854e-02 -5.56065570e-03 3.67434618e+00 1.75309155e+01 3.12075026e+01 3.12075076e+01 3.67125050e+01 3.90066292e+01 3.92261084e+01 6.08282719e-10 5.70836617e-03 4.35065750e-15 9.82707140e-01 1.54379485e-17 1.76458515e-18 3.32756005e-18 1.85078607e-01 2.36860105e-17 2.07585808e-19 3.19352213e-05 3.19334111e-05 2.47933412e-07 5.25589798e-03 2.29303695e-02 3.15690278e-18 3.06941385e-18 3.50518665e-03 1.73919179e-03 4.72325520e-17
1.15315315e-01 -2.44153793e-02 -2.44149844e-02 -5.56065570e-03 3.66992823e+00 1.75309155e+01 3.12075026e+01 3.12075076e+01 3.67180471e+01 3.90066292e+01 3.92261084e+01 1.84550803e-08 5.71580778e-03 3.64326525e-14 9.82747909e-01 4.81043913e-17 1.76059542e-18 8.05166813e-17 1.84861776e-01 1.01275945e-16 2.08397506e-19 3.19352213e-05 3.19334064e-05 2.47933412e-07 5.24985178e-03 2.29303695e-02 3.16721169e-19 3.93699777e-18 3.49788902e-03 1.73919179e-03 1.91804468e-18
1.15465465e-01 -2.44153793e-02 -2.44149833e-02 -5.56065569e-03 3.66552048e+00 1.75309155e+01 3.12075026e+01 3.12075076e+01 3.67235721e+01 3.90066292e+01 3.92261084e+01 4.51495176e-08 5.72324939e-03 1.26811347e-14 9.82788538e-01 2.43178377e-17 3.79693260e-26 1.19283863e-16 1.84645426e-01 5.63151535e-17 2.09211465e-19 3.19352213e-05 3.19334016e-05 2.47933412e-07 5.24381858e-03 2.29303695e-02 4.61720803e-18 8.45125091e-18 3.49061223e-03 1.73919179e-03 2.16771564e-17
1.15615616e-01 -2.44153793e-02 -2.44149823e-02 -5.56065566e-03 3.66112289e+00 1.75309155e+01 3.12075026e+01 3.12075076e+01 3.67290800e+01 3.90066292e+01 3.92261084e+01 3.97307202e-08 5.73069099e-03 1.02568512e-14 9.82829028e-01 1.66411180e-17 2.50139871e-27 2.32652947e-17 1.84429555e-01 7.16538069e-17 2.10027688e-19 3.19352213e-05 3.19333969e-05 2.47933412e-07 5.23779833e-03 2.29303695e-02 1.21878032e-18 4.42764356e-18 3.48335620e-03 1.73919179e-03 7.28151957e-19
1.15765766e-01 -2.44153793e-02 -2.44149813e-02 -5.56065565e-03 3.65673544e+00 1.75309155e+01 3.12075026e+01 3.12075076e+01 3.67345708e+01 3.90066292e+01 3.92261084e+01 6.51986948e-09 5.73813259e-03 3.83318339e-14 9.82869379e-01 5.86120036e-17 1.55336461e-26 1.27531888e-16 1.84214161e-01 4.05836551e-17 2.10846179e-19 3.19352213e-05 3.19333921e-05 2.47933412e-07 5.23179100e-03 2.29303695e-02 7.73328807e-18 3.00758165e-18 3.47612087e-03 1.73919179e-03 2.49110453e-18
1.15915916e-01 -2.44153793e-02 -2.44149802e-02 -5.56065570e-03 3.65235809e+00 1.75309155e+01 3.12075026e+01 3.12075076e+01 3.67400446e+01 3.90066292e+01 3.92261084e+01 7.47160304e-09 5.74557419e-03 5.01436966e-14 9.82909592e-01 3.24768274e-17 3.52156466e-18 5.03130350e-17 1.83999244e-01 4.57089089e-17 2.11666944e-19 3.19352213e-05 3.19333873e-05 2.47933412e-07 5.22579656e-03 2.29303695e-02 2.60195926e-18 1.02101777e-18 3.46890617e-03 1.73919179e-03 1.79762539e-18
1.16066066e-01 -2.44153793e-02 -2.44149792e-02 -5.56065564e-03 3.64799080e+00 1.75309155e+01 3.12075026e+01 3.12075076e+01 3.67455016e+01 3.90066292e+01 3.92261084e+01 2.34543284e-08 5.75301578e-03 9.74801710e-15 9.82949668e-01 7.71221191e-17 1.76082858e-18 4.18933367e-18 1.83784801e-01 1.54591388e-16 2.12489985e-19 3.19352213e-05 3.19333826e-05 2.47933412e-07 5.21981495e-03 2.29303695e-02 1.14963269e-18 8.51128432e-18 3.46171203e-03 1.73919179e-03 2.13843949e-17
1.16216216e-01 -2.44153793e-02 -2.44149781e-02 -5.56065558e-03 3.64363355e+00 1.75309155e+01 3.12075026e+01 3.12075076e+01 3.67509417e+01 3.90066292e+01 3.92261084e+01 1.66204020e-08 5.76045737e-03 6.80277196e-15 9.82989607e-01 2.30261022e-17 9.40022681e-27 1.09782306e-16 1.83570832e-01 1.06293986e-16 2.13315306e-19 3.19352213e-05 3.19333778e-05 2.47933412e-07 5.21384615e-03 2.29303695e-02 5.24392823e-18 2.46163956e-18 3.45453837e-03 1.73919179e-03 1.80877701e-17
1.16366366e-01 -2.44153793e-02 -2.44149771e-02 -5.56065566e-03 3.63928629e+00 1.75309155e+01 3.12075026e+01 3.12075076e+01 3.67563650e+01 3.90066292e+01 3.92261084e+01 1.03255420e-08 5.76789895e-03 2.48445335e-15 9.83029409e-01 1.44624360e-17 1.76092051e-18 4.49585342e-17 1.83357334e-01 4.97287582e-17 2.14142912e-19 3.19352213e-05 3.19333730e-05 2.47933412e-07 5.20789012e-03 2.29303695e-02 7.53698267e-18 1.36743221e-18 3.44738513e-03 1.73919179e-03 1.07195729e-17
1.16516517e-01 -2.44153793e-02 -2.44149760e-02 -5.56065567e-03 3.63494900e+00 1.75309155e+01 3.12075026e+01 3.12075076e+01 3.67617715e+01 3.90066292e+01 3.92261084e+01 2.70689828e-08 5.77534053e-03 2.15704069e-14 9.83069076e-01 4.50746923e-17 1.76096621e-18 4.68220382e-17 1.83144306e-01 1.36038300e-16 2.14972806e-19 3.19352213e-05 3.19333682e-05 2.47933412e-07 5.20194681e-03 2.29303695e-02 1.21738638e-18 1.79374645e-19 3.44025224e-03 1.73919179e-03 4.65775499e-17
1.16666667e-01 -2.44153793e-02 -2.44149750e-02 -5.56065567e-03 3.63062165e+00 1.75309155e+01 3.12075026e+01 3.12075076e+01 3.67671615e+01 3.90066292e+01 3.92261084e+01 8.23749487e-09 5.78278211e-03 1.52844561e-14 9.83108608e-01 2.97998378e-17 1.37255747e-26 3.91367391e-17 1.82931747e-01 3.92068790e-18 2.15804993e-19 3.19352213e-05 3.19333634e-05 2.47933412e-07 5.19601620e-03 2.29303695e-02 1.12777097e-17 4.26896281e-18 3.43313963e-03 1.73919179e-03 3.47935351e-17
1.16816817e-01 -2.44153793e-02 -2.44149739e-02 -5.56065566e-03 3.62630419e+00 1.75309155e+01 3.12075026e+01 3.12075076e+01 3.67725348e+01 3.90066292e+01 3.92261084e+01 3.40691963e-08 5.79022369e-03 3.32511603e-14 9.83148006e-01 2.84968083e-18 2.40118906e-27 4.03752465e-18 1.82719656e-01 6.22509437e-17 2.16639476e-19 3.19352213e-05 3.19333586e-05 2.47933412e-07 5.19009824e-03 2.29303695e-02 1.70153478e-18 2.38795861e-18 3.42604723e-03 1.73919179e-03 1.82977493e-17
1.16966967e-01 -2.44153793e-02 -2.44149729e-02 -5.56065564e-03 3.62199660e+00 1.75309155e+01 3.12075026e+01 3.12075076e+01 3.67778916e+01 3.90066292e+01 3.92261084e+01 3.25069895e-08 5.79766526e-03 2.05921502e-14 9.83187269e-01 1.52447177e-17 1.19646488e-26 1.10958664e-16 1.82508030e-01 9.54122172e-17 2.17476260e-19 3.19352213e-05 3.19333537e-05 2.47933412e-07 5.18419289e-03 2.29303695e-02 1.70434434e-18 3.30658335e-18 3.41897498e-03 1.73919179e-03 2.33757962e-18
1.17117117e-01 -2.44153793e-02 -2.44149718e-02 -5.56065562e-03 3.61769885e+00 1.75309155e+01 3.12075026e+01 3.12075076e+01 3.67832319e+01 3.90066292e+01 3.92261084e+01 1.82137029e-08 5.80510683e-03 2.84337739e-14 9.83226399e-01 3.95880883e-17 1.76114706e-18 5.00420636e-17 1.82296868e-01 1.11694175e-16 2.18315348e-19 3.19352213e-05 3.19333489e-05 2.47933412e-07 5.17830012e-03 2.29303695e-02 5.16891684e-18 2.39547189e-17 3.41192280e-03 1.73919179e-03 6.39585127e-18
1.17267267e-01 -2.44153793e-02 -2.44149708e-02 -5.56065574e-03 3.61341090e+00 1.75309155e+01 3.12075026e+01 3.12075076e+01 3.67885559e+01 3.90066292e+01 3.92261084e+01 2.86101847e-08 5.81254840e-03 5.69891592e-14 9.83265397e-01 8.69070685e-18 1.76119181e-18 7.15223452e-17 1.82086170e-01 1.12072626e-16 2.19156745e-19 3.19352213e-05 3.19333441e-05 2.47933412e-07 5.17241989e-03 2.29303695e-02 3.71723663e-18 2.11360134e-18 3.40489063e-03 1.73919179e-03 1.23897950e-17
1.17417417e-01 -2.44153793e-02 -2.44149697e-02 -5.56065567e-03 3.60913273e+00 1.75309155e+01 3.12075026e+01 3.12075076e+01 3.67938635e+01 3.90066292e+01 3.92261084e+01 2.91825855e-08 5.81998996e-03 1.08177754e-14 9.83304263e-01 5.83578761e-17 1.76123641e-18 6.45602090e-17 1.81875933e-01 1.65324021e-16 2.20000454e-19 3.19352213e-05 3.19333393e-05 2.47933412e-07 5.16655217e-03 2.29303695e-02 3.15915724e-18 2.18811865e-18 3.39787840e-03 1.73919179e-03 6.27531285e-17
1.17567568e-01 -2.44153793e-02 -2.44149686e-02 -5.56065563e-03 3.60486429e+00 1.75309155e+01 3.12075026e+01 3.12075076e+01 3.67991548e+01 3.90066292e+01 3.92261084e+01 1.92662366e-08 5.82743152e-03 2.04629786e-14 9.83342997e-01 4.79434027e-18 2.14671647e-27 3.08061078e-17 1.81666156e-01 1.03450163e-16 2.20846479e-19 3.19352213e-05 3.19333344e-05 2.47933412e-07 5.16069692e-03 2.29303695e-02 6.90397031e-18 3.14185150e-18 3.39088605e-03 1.73919179e-03 2.67148555e-17
1.17717718e-01 -2.44153793e-02 -2.44149676e-02 -5.56065557e-03 3.60060556e+00 1.75309155e+01 3.12075026e+01 3.12075076e+01 3.68044299e+01 3.90066292e+01 3.92261084e+01 1.67671875e-08 5.83487307e-03 3.78184209e-14 9.83381600e-01 1.97466037e-17 1.76132504e-18 6.88444205e-17 1.81456838e-01 4.47550044e-17 2.21694825e-19 3.19352213e-05 3.19333296e-05 2.47933412e-07 5.15485409e-03 2.29303695e-02 9.83115541e-18 4.79316202e-18 3.38391350e-03 1.73919179e-03 1.30790334e-18
1.17867868e-01 -2.44153793e-02 -2.44149665e-02 -5.56065572e-03 3.59635650e+00 1.75309155e+01 3.12075026e+01 3.12075076e+01 3.68096888e+01 3.90066292e+01 3.92261084e+01 3.17126384e-09 5.84231462e-03 2.05876652e-14 9.83420072e-01 1.57511437e-18 1.31929265e-26 7.42920885e-17 1.81247977e-01 8.26013227e-17 2.22545495e-19 3.19352213e-05 3.19333247e-05 2.47933412e-07 5.14902366e-03 2.29303695e-02 3.78526050e-18 5.81621105e-18 3.37696069e-03 1.73919179e-03 9.55717237e-18
1.18018018e-01 -2.44153793e-02 -2.44149655e-02 -5.56065568e-03 3.59211709e+00 1.75309155e+01 3.12075026e+01 3.12075076e+01 3.68149317e+01 3.90066292e+01 3.92261084e+01 4.84127095e-09 5.84975617e-03 4.38942400e-14 9.83458415e-01 6.26443581e-17 1.22372827e-26 6.70464164e-17 1.81039572e-01 1.23199355e-16 2.23398494e-19 3.19352213e-05 3.19333198e-05 2.47933412e-07 5.14320559e-03 2.29303695e-02 2.61764599e-18 4.51426450e-19 3.37002755e-03 1.73919179e-03 3.21603431e-17
1.18168168e-01 -2.44153793e-02 -2.44149644e-02 -5.56065569e-03 3.58788729e+00 1.75309155e+01 3.12075026e+01 3.12075076e+01 3.68201585e+01 3.90066292e+01 3.92261084e+01 4.82895675e-09 5.85719772e-03 3.23831015e-14 9.83496628e-01 1.38500812e-18 1.31003566e-26 8.94935570e-17 1.80831621e-01 7.35382680e-17 2.24253825e-19 3.19352213e-05 3.19333150e-05 2.47933412e-07 5.13739983e-03 2.29303695e-02 4.18366045e-19 2.46471791e-18 3.36311402e-03 1.73919179e-03 1.69781261e-17
1.18318318e-01 -2.44153793e-02 -2.44149633e-02 -5.56065565e-03 3.58366708e+00 1.75309155e+01 3.12075026e+01 3.12075076e+01 3.68253694e+01 3.90066292e+01 3.92261084e+01 5.33089334e-08 5.86463926e-03 3.37622222e-14 9.83534713e-01 5.60960949e-19 5.32665270e-27 1.41561259e-16 1.80624123e-01 8.89741637e-17 2.25111493e-19 3.19352213e-05 3.19333101e-05 2.47933412e-07 5.13160637e-03 2.29303695e-02 2.06617207e-18 7.50700937e-18 3.35622003e-03 1.73919179e-03 8.51859752e-18
1.18468468e-01 -2.44153793e-02 -2.44149623e-02 -5.56065568e-03 3.57945641e+00 1.75309155e+01 3.12075026e+01 3.12075076e+01 3.68305643e+01 3.90066292e+01 3.92261084e+01 7.05272939e-09 5.87208080e-03 3.88039689e-14 9.83572670e-01 1.94521671e-18 1.76154353e-18 3.69322487e-17 1.80417077e-01 8.19021439e-17 2.25971502e-19 3.19352213e-05 3.19333052e-05 2.47933412e-07 5.12582515e-03 2.29303695e-02 8.91956067e-18 8.80886312e-19 3.34934551e-03 1.73919179e-03 5.96878353e-17
1.18618619e-01 -2.44153793e-02 -2.44149612e-02 -5.56065565e-03 3.57525526e+00 1.75309155e+01 3.12075026e+01 3.12075076e+01 3.68357434e+01 3.90066292e+01 3.92261084e+01 4.02970994e-08 5.87952233e-03 1.38040720e-14 9.83610499e-01 1.32135129e-16 2.82063467e-27 3.11821726e-17 1.80210482e-01 7.44841048e-17 2.26833855e-19 3.19352213e-05 3.19333003e-05 2.47933412e-07 5.12005614e-03 2.29303695e-02 5.16924967e-18 3.38468992e-18 3.34249040e-03 1.73919179e-03 1.04381053e-17
1.18768769e-01 -2.44153793e-02 -2.44149601e-02 -5.56065563e-03 3.57106360e+00 1.75309155e+01 3.12075026e+01 3.12075076e+01 3.68409068e+01 3.90066292e+01 3.92261084e+01 1.83277821e-08 5.88696386e-03 2.09953100e-14 9.83648201e-01 2.86722697e-17 1.78244768e-26 7.79851327e-17 1.80004335e-01 3.09962368e-17 2.27698557e-19 3.19352213e-05 3.19332954e-05 2.47933412e-07 5.11429931e-03 2.29303695e-02 1.69912082e-18 7.95622895e-19 3.33565464e-03 1.73919179e-03 5.31298295e-17
1.18918919e-01 -2.44153793e-02 -2.44149591e-02 -5.56065571e-03 3.56688139e+00 1.75309155e+01 3.12075026e+01 3.12075076e+01 3.68460543e+01 3.90066292e+01 3.92261084e+01 3.29011933e-08 5.89440539e-03 4.41439753e-14 9.83685776e-01 3.59051318e-17 1.34864388e-26 9.67374698e-17 1.79798635e-01 1.02937854e-16 2.28565612e-19 3.19352213e-05 3.19332905e-05 2.47933412e-07 5.10855463e-03 2.29303695e-02 1.42234417e-18 8.94790412e-18 3.32883815e-03 1.73919179e-03 3.77085736e-18
1.19069069e-01 -2.44153793e-02 -2.44149580e-02 -5.56065561e-03 3.56270861e+00 1.75309155e+01 3.12075026e+01 3.12075076e+01 3.68511863e+01 3.90066292e+01 3.92261084e+01 2.71406308e-08 5.90184692e-03 2.60005399e-14 9.83723226e-01 1.24545185e-17 7.16653424e-27 2.18261862e-17 1.79593382e-01 2.40846696e-17 2.29435023e-19 3.19352213e-05 3.19332856e-05 2.47933412e-07 5.10282204e-03 2.29303695e-02 3.50840745e-18 2.63510336e-18 3.32204088e-03 1.73919179e-03 1.07615584e-17
1.19219219e-01 -2.44153793e-02 -2.44149569e-02 -5.56065568e-03 3.55854523e+00 1.75309155e+01 3.12075026e+01 3.12075076e+01 3.68563026e+01 3.90066292e+01 3.92261084e+01 1.57456080e-08 5.90928844e-03 3.92567371e-14 9.83760550e-01 2.35572713e-17 7.26072849e-27 1.60670155e-19 1.79388573e-01 2.28193637e-17 2.30306795e-19 3.19352213e-05 3.19332807e-05 2.47933412e-07 5.09710153e-03 2.29303695e-02 1.42217165e-18 6.71424417e-18 3.31526275e-03 1.73919179e-03 2.57298883e-18
1.19369369e-01 -2.44153793e-02 -2.44149558e-02 -5.56065568e-03 3.55439121e+00 1.75309155e+01 3.12075026e+01 3.12075076e+01 3.68614034e+01 3.90066292e+01 3.92261084e+01 1.10506926e-08 5.91672996e-03 5.53027876e-14 9.83797749e-01 4.45391549e-17 1.76180001e-18 2.41509633e-17 1.79184208e-01 1.36331961e-16 2.31180933e-19 3.19352213e-05 3.19332758e-05 2.47933412e-07 5.09139306e-03 2.29303695e-02 3.78511482e-19 5.46790206e-18 3.30850371e-03 1.73919179e-03 1.28345063e-17
1.19519520e-01 -2.44153793e-02 -2.44149548e-02 -5.56065567e-03 3.55024653e+00 1.75309155e+01 3.12075026e+01 3.12075076e+01 3.68664887e+01 3.90066292e+01 3.92261084e+01 1.23871236e-08 5.92417147e-03 2.32296843e-14 9.83834824e-01 4.48650049e-17 1.76184220e-18 7.26842612e-17 1.78980285e-01 1.89243055e-16 2.32057439e-19 3.19352213e-05 3.19332709e-05 2.47933412e-07 5.08569658e-03 2.29303695e-02 3.10198724e-19 4.81080148e-18 3.30176369e-03 1.73919179e-03 7.86820022e-17
1.19669670e-01 -2.44153793e-02 -2.44149537e-02 -5.56065561e-03 3.54611115e+00 1.75309155e+01 3.12075026e+01 3.12075076e+01 3.68715585e+01 3.90066292e+01 3.92261084e+01 4.32533218e-09 5.93161298e-03 1.24615498e-14 9.83871776e-01 2.91179463e-18 1.91000164e-26 9.88453698e-17 1.78776802e-01 4.23969026e-17 2.32936319e-19 3.19352213e-05 3.19332660e-05 2.47933412e-07 5.08001207e-03 2.29303695e-02 2.26732426e-18 2.58661886e-18 3.29504262e-03 1.73919179e-03 8.61936971e-18
1.19819820e-01 -2.44153793e-02 -2.44149526e-02 -5.56065568e-03 3.54198504e+00 1.75309155e+01 3.12075026e+01 3.12075076e+01 3.68766130e+01 3.90066292e+01 3.92261084e+01 1.20012591e-08 5.93905449e-03 4.28242494e-14 9.83908604e-01 3.20607043e-17 1.76192600e-18 7.98447250e-17 1.78573759e-01 1.46434075e-17 2.33817575e-19 3.19352213e-05 3.19332610e-05 2.47933412e-07 5.07433948e-03 2.29303695e-02 9.81966786e-18 1.97059067e-18 3.28834044e-03 1.73919179e-03 3.80244812e-18
1.19969970e-01 -2.44153793e-02 -2.44149515e-02 -5.56065572e-03 3.53786818e+00 1.75309155e+01 3.12075026e+01 3.12075076e+01 3.68816522e+01 3.90066292e+01 3.92261084e+01 1.85529288e-08 5.94649599e-03 4.47551496e-14 9.83945309e-01 3.39807456e-17 3.97844268e-27 4.04756666e-17 1.78371154e-01 7.48341587e-17 2.34701213e-19 3.19352213e-05 3.19332561e-05 2.47933412e-07 5.06867879e-03 2.29303695e-02 3.98659492e-18 2.75483638e-18 3.28165710e-03 1.73919179e-03 4.45004497e-19
1.20120120e-01 -2.44153793e-02 -2.44149505e-02 -5.56065568e-03 3.53376053e+00 1.75309155e+01 3.12075026e+01 3.12075076e+01 3.68866761e+01 3.90066292e+01 3.92261084e+01 1.69995315e-08 5.95393749e-03 3.59253241e-14 9.83981892e-01 1.36027273e-17 1.76200920e-18 3.70207088e-17 1.78168985e-01 3.64974000e-17 2.35587236e-19 3.19352213e-05 3.19332511e-05 2.47933412e-07 5.06302996e-03 2.29303695e-02 5.57279320e-19 6.67619042e-18 3.27499251e-03 1.73919179e-03 4.05708453e-17
1.20270270e-01 -2.44153793e-02 -2.44149494e-02 -5.56065563e-03 3.52966207e+00 1.75309155e+01 3.12075026e+01 3.12075076e+01 3.68916848e+01 3.90066292e+01 3.92261084e+01 5.06768015e-08 5.96137899e-03 1.86456753e-14 9.84018353e-01 3.88477261e-17 1.76205053e-18 2.61276285e-17 1.77967252e-01 1.29592700e-16 2.36475649e-19 3.19352213e-05 3.19332462e-05 2.47933412e-07 5.05739296e-03 2.29303695e-02 3.71840054e-18 6.42515331e-18 3.26834663e-03 1.73919179e-03 2.27636535e-17
1.20420420e-01 -2.44153793e-02 -2.44149483e-02 -5.56065567e-03 3.52557277e+00 1.75309155e+01 3.12075026e+01 3.12075076e+01 3.68966784e+01 3.90066292e+01 3.92261084e+01 2.52117968e-09 5.96882048e-03 2.56019398e-14 9.84054693e-01 4.37869505e-17 1.76209171e-18 2.28497569e-17 1.77765953e-01 4.70199680e-17 2.37366455e-19 3.19352213e-05 3.19332412e-05 2.47933412e-07 5.05176775e-03 2.29303695e-02 1.69913638e-18 1.07676106e-17 3.26171939e-03 1.73919179e-03 1.64386080e-18
1.20570571e-01 -2.44153793e-02 -2.44149472e-02 -5.56065560e-03 3.52149259e+00 1.75309155e+01 3.12075026e+01 3.12075076e+01 3.69016569e+01 3.90066292e+01 3.92261084e+01 5.17952748e-08 5.97626197e-03 4.27311428e-14 9.84090913e-01 6.11933303e-18 2.71865666e-26 8.35728699e-17 1.77565086e-01 8.02995993e-17 2.38259659e-19 3.19352213e-05 3.19332363e-05 2.47933412e-07 5.04615429e-03 2.29303695e-02 9.54050782e-18 2.32038666e-17 3.25511072e-03 1.73919179e-03 9.66816316e-18
1.20720721e-01 -2.44153793e-02 -2.44149461e-02 -5.56065571e-03 3.51742150e+00 1.75309155e+01 3.12075026e+01 3.12075076e+01 3.69066203e+01 3.90066292e+01 3.92261084e+01 1.91957160e-08 5.98370346e-03 3.73264992e-14 9.84127012e-01 1.08085425e-17 1.76217361e-18 1.08779229e-16 1.77364651e-01 1.58553389e-17 2.39155265e-19 3.19352213e-05 3.19332313e-05 2.47933412e-07 5.04055256e-03 2.29303695e-02 5.44772994e-18 1.13866692e-17 3.24852057e-03 1.73919179e-03 2.51801147e-17
1.20870871e-01 -2.44153793e-02 -2.44149450e-02 -5.56065569e-03 3.51335948e+00 1.75309155e+01 3.12075026e+01 3.12075076e+01 3.69115688e+01 3.90066292e+01 3.92261084e+01 5.59642909e-08 5.99114494e-03 5.02167047e-14 9.84162992e-01 7.09044027e-17 1.76221431e-18 3.24923075e-17 1.77164645e-01 1.26124492e-16 2.40053277e-19 3.19352213e-05 3.19332263e-05 2.47933412e-07 5.03496251e-03 2.29303695e-02 4.62345983e-18 5.29913266e-18 3.24194886e-03 1.73919179e-03 9.46165693e-18
1.21021021e-01 -2.44153793e-02 -2.44149439e-02 -5.56065559e-03 3.50930650e+00 1.75309155e+01 3.12075026e+01 3.12075076e+01 3.69165024e+01 3.90066292e+01 3.92261084e+01 1.48200763e-08 5.99858642e-03 3.62807186e-14 9.84198853e-01 3.90071637e-17 1.76225485e-18 4.74886558e-17 1.76965069e-01 3.57342139e-17 2.40953698e-19 3.19352213e-05 3.19332213e-05 2.47933412e-07 5.02938412e-03 2.29303695e-02 6.62684360e-18 2.66588576e-18 3.23539555e-03 1.73919179e-03 1.35996177e-17
1.21171171e-01 -2.44153793e-02 -2.44149428e-02 -5.56065561e-03 3.50526253e+00 1.75309155e+01 3.12075026e+01 3.12075076e+01 3.69214211e+01 3.90066292e+01 3.92261084e+01 1.31310276e-08 6.00602790e-03 1.20843262e-14 9.84234595e-01 9.11592665e-18 1.41423927e-26 1.03249214e-16 1.76765920e-01 1.11050600e-16 2.41856534e-19 3.19352213e-05 3.19332163e-05 2.47933412e-07 5.02381735e-03 2.29303695e-02 6.34977175e-18 4.36674723e-18 3.22886056e-03 1.73919179e-03 2.88774236e-18
1.21321321e-01 -2.44153793e-02 -2.44149418e-02 -5.56065566e-03 3.50122754e+00 1.75309155e+01 3.12075026e+01 3.12075076e+01 3.69263251e+01 3.90066292e+01 3.92261084e+01 1.91923740e-08 6.01346937e-03 1.20574311e-14 9.84270219e-01 2.30716065e-17 1.76233549e-18 5.27738769e-17 1.76567196e-01 1.27897308e-16 2.42761788e-19 3.19352213e-05 3.19332113e-05 2.47933412e-07 5.01826216e-03 2.29303695e-02 6.04252460e-19 7.65691539e-18 3.22234384e-03 1.73919179e-03 5.82686794e-17
1.21471471e-01 -2.44153793e-02 -2.44149407e-02 -5.56065568e-03 3.49720150e+00 1.75309155e+01 3.12075026e+01 3.12075076e+01 3.69312142e+01 3.90066292e+01 3.92261084e+01 3.64759145e-08 6.02091084e-03 1.39475091e-14 9.84305725e-01 4.21713231e-17 1.76237558e-18 2.70299738e-17 1.76368898e-01 1.66144603e-16 2.43669465e-19 3.19352213e-05 3.19332063e-05 2.47933412e-07 5.01271853e-03 2.29303695e-02 3.70873567e-20 1.68059151e-18 3.21584533e-03 1.73919179e-03 9.30935316e-19
1.21621622e-01 -2.44153793e-02 -2.44149396e-02 -5.56065559e-03 3.49318439e+00 1.75309155e+01 3.12075026e+01 3.12075076e+01 3.69360887e+01 3.90066292e+01 3.92261084e+01 5.56594952e-09 6.02835231e-03 5.54434056e-15 9.84341114e-01 6.58086907e-17 8.07279210e-27 5.88375621e-17 1.76171023e-01 8.68850114e-17 2.44579568e-19 3.19352213e-05 3.19332013e-05 2.47933412e-07 5.00718642e-03 2.29303695e-02 1.14472883e-18 1.27161669e-18 3.20936495e-03 1.73919179e-03 2.87734236e-17
1.21771772e-01 -2.44153793e-02 -2.44149385e-02 -5.56065568e-03 3.48917616e+00 1.75309155e+01 3.12075026e+01 3.12075076e+01 3.69409486e+01 3.90066292e+01 3.92261084e+01 3.22122081e-08 6.03579377e-03 9.47028770e-14 9.84376387e-01 2.66318663e-17 1.21214503e-27 7.68211441e-17 1.75973571e-01 4.88920067e-18 2.45492101e-19 3.19352213e-05 3.19331963e-05 2.47933412e-07 5.00166579e-03 2.29303695e-02 5.24956090e-18 5.41738661e-18 3.20290266e-03 1.73919179e-03 5.98007651e-18
1.21921922e-01 -2.44153793e-02 -2.44149374e-02 -5.56065567e-03 3.48517681e+00 1.75309155e+01 3.12075026e+01 3.12075076e+01 3.69457939e+01 3.90066292e+01 3.92261084e+01 1.72691859e-08 6.04323523e-03 5.57806902e-14 9.84411544e-01 2.95224785e-17 1.76249490e-18 5.70886157e-17 1.75776539e-01 5.20053561e-17 2.46407070e-19 3.19352213e-05 3.19331913e-05 2.47933412e-07 4.99615661e-03 2.29303695e-02 2.42097429e-19 3.68363029e-18 3.19645839e-03 1.73919179e-03 1.70974459e-17
1.22072072e-01 -2.44153793e-02 -2.44149363e-02 -5.56065570e-03 3.48118629e+00 1.75309155e+01 3.12075026e+01 3.12075076e+01 3.69506246e+01 3.90066292e+01 3.92261084e+01 2.85412956e-09 6.05067668e-03 5.70221483e-14 9.84446585e-01 4.73308818e-19 1.76253437e-18 2.43449869e-17 1.75579927e-01 1.45978721e-18 2.47324477e-19 3.19352213e-05 3.19331863e-05 2.47933412e-07 4.99065886e-03 2.29303695e-02 4.43345675e-18 7.21273696e-18 3.19003208e-03 1.73919179e-03 4.37511180e-17
1.22222222e-01 -2.44153793e-02 -2.44149352e-02 -5.56065561e-03 3.47720458e+00 1.75309155e+01 3.12075026e+01 3.12075076e+01 3.69554409e+01 3.90066292e+01 3.92261084e+01 3.22921778e-08 6.05811813e-03 1.70297233e-14 9.84481511e-01 5.45453709e-17 3.68992228e-28 3.41397684e-19 1.75383734e-01 5.92478195e-17 2.48244328e-19 3.19352213e-05 3.19331812e-05 2.47933412e-07 4.98517249e-03 2.29303695e-02 5.86938087e-18 6.35688003e-19 3.18362368e-03 1.73919179e-03 1.40433496e-17
1.22372372e-01 -2.44153793e-02 -2.44149341e-02 -5.56065567e-03 3.47323165e+00 1.75309155e+01 3.12075026e+01 3.12075076e+01 3.69602428e+01 3.90066292e+01 3.92261084e+01 2.15425620e-08 6.06555958e-03 4.75505813e-14 9.84516322e-01 8.30975320e-18 1.97834704e-27 7.88190825e-18 1.75187958e-01 6.42071981e-17 2.49166626e-19 3.19352213e-05 3.19331762e-05 2.47933412e-07 4.97969747e-03 2.29303695e-02 1.97774351e-18 1.02411331e-17 3.17723311e-03 1.73919179e-03 7.98288637e-19
1.22522523e-01 -2.44153793e-02 -2.44149330e-02 -5.56065566e-03 3.46926747e+00 1.75309155e+01 3.12075026e+01 3.12075076e+01 3.69650303e+01 3.90066292e+01 3.92261084e+01 7.74159491e-09 6.07300103e-03 1.79478247e-14 9.84551019e-01 2.11211241e-17 1.13747367e-27 1.61870796e-17 1.74992597e-01 8.90723600e-17 2.50091375e-19 3.19352213e-05 3.19331711e-05 2.47933412e-07 4.97423378e-03 2.29303695e-02 5.79673700e-18 7.52761889e-18 3.17086032e-03 1.73919179e-03 5.08389859e-17
1.22672673e-01 -2.44153793e-02 -2.44149319e-02 -5.56065566e-03 3.46531202e+00 1.75309155e+01 3.12075026e+01 3.12075076e+01 3.69698035e+01 3.90066292e+01 3.92261084e+01 3.35295698e-08 6.08044247e-03 2.62068341e-14 9.84585603e-01 3.43312126e-17 1.76269077e-18 1.54029740e-17 1.74797652e-01 1.60864933e-16 2.51018580e-19 3.19352213e-05 3.19331661e-05 2.47933412e-07 4.96878137e-03 2.29303695e-02 1.79695484e-18 2.42038068e-18 3.16450526e-03 1.73919179e-03 2.01499204e-17
1.22822823e-01 -2.44153793e-02 -2.44149308e-02 -5.56065569e-03 3.46136527e+00 1.75309155e+01 3.12075026e+01 3.12075076e+01 3.69745625e+01 3.90066292e+01 3.92261084e+01 2.55181509e-09 6.08788391e-03 4.91035909e-14 9.84620073e-01 2.61053753e-17 1.76272947e-18 6.00566869e-17 1.74603119e-01 1.40806398e-16 2.51948245e-19 3.19352213e-05 3.19331610e-05 2.47933412e-07 4.96334022e-03 2.29303695e-02 4.07135079e-18 1.82190274e-18 3.15816785e-03 1.73919179e-03 3.77298601e-17
1.22972973e-01 -2.44153793e-02 -2.44149296e-02 -5.56065565e-03 3.45742719e+00 1.75309155e+01 3.12075026e+01 3.12075076e+01 3.69793072e+01 3.90066292e+01 3.92261084e+01 9.87530470e-10 6.09532534e-03 1.09811674e-15 9.84654431e-01 5.59300607e-17 8.30953298e-27 3.89271262e-17 1.74408999e-01 1.65862712e-16 2.52880375e-19 3.19352213e-05 3.19331560e-05 2.47933412e-07 4.95791029e-03 2.29303695e-02 8.68439708e-19 3.90073805e-18 3.15184805e-03 1.73919179e-03 2.76478286e-17
1.23123123e-01 -2.44153793e-02 -2.44149285e-02 -5.56065562e-03 3.45349775e+00 1.75309155e+01 3.12075026e+01 3.12075076e+01 3.69840378e+01 3.90066292e+01 3.92261084e+01 2.36539936e-08 6.10276677e-03 7.14720626e-14 9.84688676e-01 2.83885482e-17 1.76280651e-18 4.75915315e-17 1.74215290e-01 7.94999934e-17 2.53814972e-19 3.19352213e-05 3.19331509e-05 2.47933412e-07 4.95249155e-03 2.29303695e-02 1.01682530e-17 3.38045137e-18 3.14554580e-03 1.73919179e-03 1.97098829e-17
1.23273273e-01 -2.44153793e-02 -2.44149274e-02 -5.56065569e-03 3.44957692e+00 1.75309155e+01 3.12075026e+01 3.12075076e+01 3.69887544e+01 3.90066292e+01 3.92261084e+01 7.66255375e-09 6.11020820e-03 1.81576150e-14 9.84722810e-01 4.64352689e-17 1.76284479e-18 1.93865881e-17 1.74021990e-01 1.00752718e-16 2.54752041e-19 3.19352213e-05 3.19331458e-05 2.47933412e-07 4.94708397e-03 2.29303695e-02 3.02971389e-19 2.15760414e-18 3.13926102e-03 1.73919179e-03 2.73628875e-17
1.23423423e-01 -2.44153793e-02 -2.44149263e-02 -5.56065570e-03 3.44566468e+00 1.75309155e+01 3.12075026e+01 3.12075076e+01 3.69934568e+01 3.90066292e+01 3.92261084e+01 2.43146560e-08 6.11764962e-03 2.99958199e-14 9.84756832e-01 9.39422810e-18 4.03537601e-27 4.72723901e-17 1.73829099e-01 4.32253468e-17 2.55691588e-19 3.19352213e-05 3.19331407e-05 2.47933412e-07 4.94168752e-03 2.29303695e-02 3.15734179e-19 1.90557028e-18 3.13299368e-03 1.73919179e-03 1.06562682e-17
1.23573574e-01 -2.44153793e-02 -2.44149252e-02 -5.56065565e-03 3.44176101e+00 1.75309155e+01 3.12075026e+01 3.12075076e+01 3.69981453e+01 3.90066292e+01 3.92261084e+01 1.93334420e-09 6.12509104e-03 6.46874439e-14 9.84790744e-01 3.63069890e-17 2.92097872e-27 2.72239287e-17 1.73636615e-01 5.16202865e-17 2.56633615e-19 3.19352213e-05 3.19331356e-05 2.47933412e-07 4.93630215e-03 2.29303695e-02 2.32437996e-18 5.39839687e-18 3.12674370e-03 1.73919179e-03 4.11130544e-17
1.23723724e-01 -2.44153793e-02 -2.44149241e-02 -5.56065565e-03 3.43786586e+00 1.75309155e+01 3.12075026e+01 3.12075076e+01 3.70028199e+01 3.90066292e+01 3.92261084e+01 4.41709576e-08 6.13253246e-03 4.72258807e-14 9.84824545e-01 4.19719076e-17 2.28868819e-27 3.32693893e-17 1.73444537e-01 1.24098219e-16 2.57578127e-19 3.19352213e-05 3.19331305e-05 2.47933412e-07 4.93092786e-03 2.29303695e-02 4.74531346e-20 1.79417714e-17 3.12051103e-03 1.73919179e-03 5.49927157e-17
1.23873874e-01 -2.44153793e-02 -2.44149230e-02 -5.56065565e-03 3.43397923e+00 1.75309155e+01 3.12075026e+01 3.12075076e+01 3.70074805e+01 3.90066292e+01 3.92261084e+01 1.30072948e-08 6.13997387e-03 4.93072741e-14 9.84858236e-01 1.64225005e-18 6.55766279e-27 8.01719970e-17 1.73252864e-01 8.47712903e-17 2.58525128e-19 3.19352213e-05 3.19331254e-05 2.47933412e-07 4.92556459e-03 2.29303695e-02 1.77968430e-18 5.46960427e-18 3.11429562e-03 1.73919179e-03 7.66076928e-17
1.24024024e-01 -2.44153793e-02 -2.44149219e-02 -5.56065566e-03 3.43010107e+00 1.75309155e+01 3.12075026e+01 3.12075076e+01 3.70121273e+01 3.90066292e+01 3.92261084e+01 1.75531582e-08 6.14741528e-03 1.53195477e-14 9.84891818e-01 2.49482848e-17 1.76303411e-18 7.15979501e-17 1.73061595e-01 2.35411858e-17 2.59474623e-19 3.19352213e-05 3.19331203e-05 2.47933412e-07 4.92021232e-03 2.29303695e-02 2.09248343e-18 9.20316961e-18 3.10809740e-03 1.73919179e-03 9.66623841e-18
1.24174174e-01 -2.44153793e-02 -2.44149207e-02 -5.56065567e-03 3.42623137e+00 1.75309155e+01 3.12075026e+01 3.12075076e+01 3.70167604e+01 3.90066292e+01 3.92261084e+01 1.64049701e-08 6.15485668e-03 3.52632513e-15 9.84925291e-01 3.53515857e-17 2.09355924e-30 1.80292634e-17 1.72870727e-01 7.28477495e-17 2.60426616e-19 3.19352213e-05 3.19331152e-05 2.47933412e-07 4.91487102e-03 2.29303695e-02 3.54982174e-19 1.33710967e-17 3.10191631e-03 1.73919179e-03 1.70192930e-18
1.24324324e-01 -2.44153793e-02 -2.44149196e-02 -5.56065563e-03 3.42237009e+00 1.75309155e+01 3.12075026e+01 3.12075076e+01 3.70213797e+01 3.90066292e+01 3.92261084e+01 2.26804738e-08 6.16229809e-03 2.51170626e-15 9.84958656e-01 1.24671934e-17 7.03095827e-27 1.30824332e-17 1.72680261e-01 8.57555220e-18 2.61381110e-19 3.19352213e-05 3.19331101e-05 2.47933412e-07 4.90954065e-03 2.29303695e-02 5.94611362e-19 1.60716257e-17 3.09575231e-03 1.73919179e-03 8.90368009e-18
1.24474474e-01 -2.44153793e-02 -2.44149185e-02 -5.56065560e-03 3.41851721e+00 1.75309155e+01 3.12075026e+01 3.12075076e+01 3.70259854e+01 3.90066292e+01 3.92261084e+01 2.03128507e-08 6.16973948e-03 1.33201272e-14 9.84991912e-01 5.23027616e-18 1.21837734e-26 1.23798090e-16 1.72490195e-01 1.34862129e-17 2.62338111e-19 3.19352213e-05 3.19331050e-05 2.47933412e-07 4.90422118e-03 2.29303695e-02 8.87242877e-19 1.76451062e-18 3.08960532e-03 1.73919179e-03 3.89576532e-18
1.24624625e-01 -2.44153793e-02 -2.44149174e-02 -5.56065570e-03 3.41467271e+00 1.75309155e+01 3.12075026e+01 3.12075076e+01 3.70305774e+01 3.90066292e+01 3.92261084e+01 1.90759371e-08 6.17718088e-03 2.03174681e-14 9.85025061e-01 2.55416838e-19 8.99900622e-27 2.67486278e-17 1.72300528e-01 3.60092756e-17 2.63297622e-19 3.19352213e-05 3.19330998e-05 2.47933412e-07 4.89891259e-03 2.29303695e-02 4.62169962e-18 2.46111089e-18 3.08347530e-03 1.73919179e-03 3.06308404e-17
1.24774775e-01 -2.44153793e-02 -2.44149163e-02 -5.56065560e-03 3.41083655e+00 1.75309155e+01 3.12075026e+01 3.12075076e+01 3.70351558e+01 3.90066292e+01 3.92261084e+01 6.69156092e-08 6.18462227e-03 4.88356885e-14 9.85058103e-01 2.89088239e-17 1.76321995e-18 9.27018502e-17 1.72111258e-01 1.81106839e-16 2.64259648e-19 3.19352213e-05 3.19330947e-05 2.47933412e-07 4.89361485e-03 2.29303695e-02 1.49576512e-18 4.28526914e-18 3.07736220e-03 1.73919179e-03 3.81719922e-19
1.24924925e-01 -2.44153793e-02 -2.44149151e-02 -5.56065565e-03 3.40700872e+00 1.75309155e+01 3.12075026e+01 3.12075076e+01 3.70397207e+01 3.90066292e+01 3.92261084e+01 3.36870579e-08 6.19206366e-03 9.47272286e-14 9.85091037e-01 5.16337403e-17 2.53654148e-26 1.80357630e-16 1.71922385e-01 1.08886824e-17 2.65224192e-19 3.19352213e-05 3.19330895e-05 2.47933412e-07 4.88832791e-03 2.29303695e-02 5.79653541e-18 7.35687682e-18 3.07126594e-03 1.73919179e-03 5.18855825e-18
1.25075075e-01 -2.44153793e-02 -2.44149140e-02 -5.56065568e-03 3.40318918e+00 1.75309155e+01 3.12075026e+01 3.12075076e+01 3.70442721e+01 3.90066292e+01 3.92261084e+01 1.82127890e-08 6.19950504e-03 1.54424334e-14 9.85123866e-01 4.50873392e-17 1.76329331e-18 6.96748733e-17 1.71733906e-01 1.30136988e-16 2.66191260e-19 3.19352213e-05 3.19330844e-05 2.47933412e-07 4.88305175e-03 2.29303695e-02 2.65524779e-19 1.68097948e-18 3.06518648e-03 1.73919179e-03 1.03663597e-18
1.25225225e-01 -2.44153793e-02 -2.44149129e-02 -5.56065564e-03 3.39937791e+00 1.75309155e+01 3.12075026e+01 3.12075076e+01 3.70488101e+01 3.90066292e+01 3.92261084e+01 1.66715378e-08 6.20694642e-03 2.66831130e-14 9.85156589e-01 7.31055835e-17 1.52202529e-26 8.90208240e-18 1.71545822e-01 6.58436830e-17 2.67160855e-19 3.19352213e-05 3.19330792e-05 2.47933412e-07 4.87778634e-03 2.29303695e-02 2.53283980e-18 9.37650235e-18 3.05912376e-03 1.73919179e-03 2.62610562e-17
1.25375375e-01 -2.44153793e-02 -2.44149118e-02 -5.56065562e-03 3.39557488e+00 1.75309155e+01 3.12075026e+01 3.12075076e+01 3.70533348e+01 3.90066292e+01 3.92261084e+01 3.10007741e-08 6.21438780e-03 2.32089185e-14 9.85189206e-01 2.35188758e-17 5.20734715e-27 7.63510285e-17 1.71358131e-01 1.60049916e-16 2.68132982e-19 3.19352213e-05 3.19330741e-05 2.47933412e-07 4.87253165e-03 2.29303695e-02 4.61526966e-18 3.77792044e-18 3.05307772e-03 1.73919179e-03 2.21452245e-17
1.25525526e-01 -2.44153793e-02 -2.44149106e-02 -5.56065567e-03 3.39178007e+00 1.75309155e+01 3.12075026e+01 3.12075076e+01 3.70578461e+01 3.90066292e+01 3.92261084e+01 3.20132760e-08 6.22182917e-03 4.71986654e-15 9.85221719e-01 5.38912157e-18 1.12811269e-26 4.71432096e-17 1.71170831e-01 2.19128879e-17 2.69107645e-19 3.19352213e-05 3.19330689e-05 2.47933412e-07 4.86728765e-03 2.29303695e-02 5.61864530e-18 5.93339703e-18 3.04704831e-03 1.73919179e-03 2.77984119e-17
1.25675676e-01 -2.44153793e-02 -2.44149095e-02 -5.56065567e-03 3.38799345e+00 1.75309155e+01 3.12075026e+01 3.12075076e+01 3.70623441e+01 3.90066292e+01 3.92261084e+01 4.48880764e-08 6.22927054e-03 6.91065989e-15 9.85254127e-01 3.60236207e-17 1.02471763e-26 7.09872995e-17 1.70983922e-01 2.08650095e-16 2.70084848e-19 3.19352213e-05 3.19330637e-05 2.47933412e-07 4.86205430e-03 2.29303695e-02 7.24993495e-19 2.63669524e-18 3.04103548e-03 1.73919179e-03 4.49311352e-17
1.25825826e-01 -2.44153793e-02 -2.44149084e-02 -5.56065570e-03 3.38421499e+00 1.75309155e+01 3.12075026e+01 3.12075076e+01 3.70668289e+01 3.90066292e+01 3.92261084e+01 2.82508475e-09 6.23671191e-03 3.23819534e-14 9.85286431e-01 1.07015392e-17 1.13290799e-26 6.05989400e-17 1.70797402e-01 1.18075811e-16 2.71064596e-19 3.19352213e-05 3.19330585e-05 2.47933412e-07 4.85683158e-03 2.29303695e-02 4.33832710e-18 5.47966855e-18 3.03503916e-03 1.73919179e-03 1.29421474e-17
1.25975976e-01 -2.44153793e-02 -2.44149072e-02 -5.56065569e-03 3.38044468e+00 1.75309155e+01 3.12075026e+01 3.12075076e+01 3.70713005e+01 3.90066292e+01 3.92261084e+01 1.59517808e-08 6.24415327e-03 3.03909205e-14 9.85318631e-01 5.16413508e-17 1.76351020e-18 2.26587212e-18 1.70611271e-01 3.50734991e-17 2.72046892e-19 3.19352213e-05 3.19330533e-05 2.47933412e-07 4.85161946e-03 2.29303695e-02 2.60396314e-18 1.38216067e-18 3.02905930e-03 1.73919179e-03 3.10700934e-18
1.26126126e-01 -2.44153793e-02 -2.44149061e-02 -5.56065565e-03 3.37668248e+00 1.75309155e+01 3.12075026e+01 3.12075076e+01 3.70757590e+01 3.90066292e+01 3.92261084e+01 2.68083588e-08 6.25159463e-03 2.02681773e-14 9.85350728e-01 4.64703819e-17 2.70707082e-27 8.74206335e-17 1.70425526e-01 4.68045654e-17 2.73031741e-19 3.19352213e-05 3.19330482e-05 2.47933412e-07 4.84641790e-03 2.29303695e-02 5.52825530e-18 3.79241778e-18 3.02309586e-03 1.73919179e-03 2.57180822e-17
1.26276276e-01 -2.44153793e-02 -2.44149050e-02 -5.56065568e-03 3.37292838e+00 1.75309155e+01 3.12075026e+01 3.12075076e+01 3.70802044e+01 3.90066292e+01 3.92261084e+01 2.69895027e-08 6.25903598e-03 1.41059594e-14 9.85382722e-01 6.04095919e-18 1.76358145e-18 2.18230738e-17 1.70240168e-01 4.35699525e-17 2.74019148e-19 3.19352213e-05 3.19330430e-05 2.47933412e-07 4.84122688e-03 2.29303695e-02 3.78342057e-18 9.65138343e-18 3.01714876e-03 1.73919179e-03 1.20630532e-17
1.26426426e-01 -2.44153793e-02 -2.44149038e-02 -5.56065564e-03 3.36918233e+00 1.75309155e+01 3.12075026e+01 3.12075076e+01 3.70846367e+01 3.90066292e+01 3.92261084e+01 1.25431443e-08 6.26647733e-03 2.26040618e-14 9.85414614e-01 5.94860287e-17 1.76361687e-18 1.61372934e-16 1.70055194e-01 1.55797014e-17 2.75009117e-19 3.19352213e-05 3.19330377e-05 2.47933412e-07 4.83604637e-03 2.29303695e-02 3.86826039e-19 8.13032335e-18 3.01121796e-03 1.73919179e-03 4.96977404e-18
1.26576577e-01 -2.44153793e-02 -2.44149027e-02 -5.56065570e-03 3.36544433e+00 1.75309155e+01 3.12075026e+01 3.12075076e+01 3.70890561e+01 3.90066292e+01 3.92261084e+01 6.66899993e-09 6.27391868e-03 4.48191480e-14 9.85446404e-01 3.17885249e-18 5.36695762e-27 3.59627419e-17 1.69870604e-01 2.13570317e-18 2.76001651e-19 3.19352213e-05 3.19330325e-05 2.47933412e-07 4.83087633e-03 2.29303695e-02 3.22950310e-18 5.05383904e-19 3.00530341e-03 1.73919179e-03 2.26662820e-17
1.26726727e-01 -2.44153793e-02 -2.44149015e-02 -5.56065567e-03 3.36171434e+00 1.75309155e+01 3.12075026e+01 3.12075076e+01 3.70934626e+01 3.90066292e+01 3.92261084e+01 1.06318568e-08 6.28136003e-03 1.35955796e-14 9.85478093e-01 6.13761931e-17 8.03852219e-27 2.06008221e-17 1.69686396e-01 1.74747226e-16 2.76996756e-19 3.19352213e-05 3.19330273e-05 2.47933412e-07 4.82571674e-03 2.29303695e-02 8.69925459e-19 5.84133402e-18 2.99940505e-03 1.73919179e-03 3.37954207e-17
1.26876877e-01 -2.44153793e-02 -2.44149004e-02 -5.56065565e-03 3.35799234e+00 1.75309155e+01 3.12075026e+01 3.12075076e+01 3.70978561e+01 3.90066292e+01 3.92261084e+01 1.93315672e-08 6.28880137e-03 2.01744567e-14 9.85509680e-01 1.01628752e-16 4.95805123e-27 4.38531019e-17 1.69502570e-01 1.16533233e-16 2.77994436e-19 3.19352213e-05 3.19330221e-05 2.47933412e-07 4.82056757e-03 2.29303695e-02 1.77369450e-18 6.76807628e-18 2.99352283e-03 1.73919179e-03 6.40479855e-17
1.27027027e-01 -2.44153793e-02 -2.44148993e-02 -5.56065566e-03 3.35427831e+00 1.75309155e+01 3.12075026e+01 3.12075076e+01 3.71022368e+01 3.90066292e+01 3.92261084e+01 5.92146645e-08 6.29624270e-03 1.93120611e-14 9.85541167e-01 7.11912660e-17 2.67999336e-27 6.47975716e-17 1.69319124e-01 2.27940552e-17 2.78994694e-19 3.19352213e-05 3.19330169e-05 2.47933412e-07 4.81542878e-03 2.29303695e-02 4.68739436e-18 9.34976884e-19 2.98765668e-03 1.73919179e-03 2.79773457e-18
1.27177177e-01 -2.44153793e-02 -2.44148981e-02 -5.56065568e-03 3.35057222e+00 1.75309155e+01 3.12075026e+01 3.12075076e+01 3.71066047e+01 3.90066292e+01 3.92261084e+01 2.39395870e-08 6.30368404e-03 3.85621678e-14 9.85572553e-01 3.43977931e-17 1.76379211e-18 4.18265881e-17 1.69136057e-01 2.50967466e-16 2.79997536e-19 3.19352213e-05 3.19330116e-05 2.47933412e-07 4.81030036e-03 2.29303695e-02 5.52318923e-18 2.72616222e-19 2.98180657e-03 1.73919179e-03 5.46641769e-17
1.27327327e-01 -2.44153793e-02 -2.44148970e-02 -5.56065564e-03 3.34687404e+00 1.75309155e+01 3.12075026e+01 3.12075076e+01 3.71109599e+01 3.90066292e+01 3.92261084e+01 2.36147795e-08 6.31112537e-03 3.23938361e-14 9.85603840e-01 8.68807900e-18 5.49017248e-27 1.74982706e-17 1.68953368e-01 3.74392224e-17 2.81002966e-19 3.19352213e-05 3.19330064e-05 2.47933412e-07 4.80518226e-03 2.29303695e-02 4.89287424e-18 2.04840808e-18 2.97597243e-03 1.73919179e-03 1.55612082e-17
1.27477477e-01 -2.44153793e-02 -2.44148958e-02 -5.56065568e-03 3.34318376e+00 1.75309155e+01 3.12075026e+01 3.12075076e+01 3.71153024e+01 3.90066292e+01 3.92261084e+01 6.91875497e-10 6.31856669e-03 1.24531186e-14 9.85635027e-01 4.95214117e-17 9.50527007e-28 2.22038158e-17 1.68771056e-01 1.95037541e-16 2.82010987e-19 3.19352213e-05 3.19330011e-05 2.47933412e-07 4.80007446e-03 2.29303695e-02 3.72606492e-18 5.01649451e-18 2.97015422e-03 1.73919179e-03 5.84893544e-17
1.27627628e-01 -2.44153793e-02 -2.44148947e-02 -5.56065560e-03 3.33950134e+00 1.75309155e+01 3.12075026e+01 3.12075076e+01 3.71196322e+01 3.90066292e+01 3.92261084e+01 2.14097717e-08 6.32600801e-03 2.30512338e-14 9.85666115e-01 5.69562398e-17 1.86901253e-26 8.69667227e-17 1.68589119e-01 1.81444270e-16 2.83021605e-19 3.19352213e-05 3.19329959e-05 2.47933412e-07 4.79497693e-03 2.29303695e-02 1.51243545e-18 8.98314234e-19 2.96435187e-03 1.73919179e-03 2.24343003e-17
1.27777778e-01 -2.44153793e-02 -2.44148935e-02 -5.56065569e-03 3.33582676e+00 1.75309155e+01 3.12075026e+01 3.12075076e+01 3.71239494e+01 3.90066292e+01 3.92261084e+01 1.10366549e-08 6.33344933e-03 6.42067428e-15 9.85697105e-01 4.59431769e-18 1.76393004e-18 2.36140989e-17 1.68407558e-01 9.07023928e-17 2.84034823e-19 3.19352213e-05 3.19329906e-05 2.47933412e-07 4.78988964e-03 2.29303695e-02 1.24415636e-18 6.15542324e-18 2.95856535e-03 1.73919179e-03 3.22691551e-17
1.27927928e-01 -2.44153793e-02 -2.44148924e-02 -5.56065562e-03 3.33216000e+00 1.75309155e+01 3.12075026e+01 3.12075076e+01 3.71282540e+01 3.90066292e+01 3.92261084e+01 2.06841829e-08 6.34089065e-03 2.09601572e-14 9.85727996e-01 5.21981582e-17 2.98273911e-27 1.89446934e-17 1.68226370e-01 9.62218265e-17 2.85050647e-19 3.19352213e-05 3.19329853e-05 2.47933412e-07 4.78481256e-03 2.29303695e-02 1.69881337e-18 3.50907713e-18 2.95279459e-03 1.73919179e-03 8.79596707e-18
1.28078078e-01 -2.44153793e-02 -2.44148912e-02 -5.56065567e-03 3.32850104e+00 1.75309155e+01 3.12075026e+01 3.12075076e+01 3.71325461e+01 3.90066292e+01 3.92261084e+01 2.50478833e-08 6.34833196e-03 2.91615159e-14 9.85758789e-01 7.75943348e-17 3.81156305e-26 4.93288338e-17 1.68045554e-01 2.74143462e-17 2.86069079e-19 3.19352213e-05 3.19329801e-05 2.47933412e-07 4.77974567e-03 2.29303695e-02 7.80896150e-18 4.10959897e-18 2.94703954e-03 1.73919179e-03 2.77911502e-17
1.28228228e-01 -2.44153793e-02 -2.44148901e-02 -5.56065565e-03 3.32484985e+00 1.75309155e+01 3.12075026e+01 3.12075076e+01 3.71368258e+01 3.90066292e+01 3.92261084e+01 2.43099264e-09 6.35577327e-03 2.46844394e-14 9.85789485e-01 4.58645080e-17 1.30426362e-27 1.22863996e-17 1.67865110e-01 8.65340655e-17 2.87090126e-19 3.19352213e-05 3.19329748e-05 2.47933412e-07 4.77468893e-03 2.29303695e-02 1.07250522e-17 3.53241268e-18 2.94130015e-03 1.73919179e-03 3.74051956e-17
1.28378378e-01 -2.44153793e-02 -2.44148889e-02 -5.56065561e-03 3.32120640e+00 1.75309155e+01 3.12075026e+01 3.12075076e+01 3.71410930e+01 3.90066292e+01 3.92261084e+01 1.39657336e-08 6.36321457e-03 6.37377607e-15 9.85820084e-01 1.71619691e-18 1.76406602e-18 9.88563120e-17 1.67685036e-01 3.75952482e-17 2.88113791e-19 3.19352213e-05 3.19329695e-05 2.47933412e-07 4.76964232e-03 2.29303695e-02 1.52773640e-18 2.30509548e-18 2.93557636e-03 1.73919179e-03 3.80585152e-17
1.28528529e-01 -2.44153793e-02 -2.44148877e-02 -5.56065566e-03 3.31757068e+00 1.75309155e+01 3.12075026e+01 3.12075076e+01 3.71453478e+01 3.90066292e+01 3.92261084e+01 2.58261675e-08 6.37065587e-03 2.30280459e-14 9.85850586e-01 2.88607480e-17 2.18670273e-27 2.81351611e-17 1.67505332e-01 2.52899170e-17 2.89140078e-19 3.19352213e-05 3.19329642e-05 2.47933412e-07 4.76460580e-03 2.29303695e-02 5.59290003e-18 8.71856839e-18 2.92986814e-03 1.73919179e-03 1.50174136e-17
1.28678679e-01 -2.44153793e-02 -2.44148866e-02 -5.56065564e-03 3.31394265e+00 1.75309155e+01 3.12075026e+01 3.12075076e+01 3.71495903e+01 3.90066292e+01 3.92261084e+01 2.45334561e-09 6.37809717e-03 4.70282540e-14 9.85880992e-01 5.68221327e-17 3.19207953e-27 1.87452808e-17 1.67325995e-01 4.50119548e-17 2.90168992e-19 3.19352213e-05 3.19329589e-05 2.47933412e-07 4.75957936e-03 2.29303695e-02 6.23330881e-19 1.73495633e-18 2.92417542e-03 1.73919179e-03 2.75827883e-17
1.28828829e-01 -2.44153793e-02 -2.44148854e-02 -5.56065566e-03 3.31032231e+00 1.75309155e+01 3.12075026e+01 3.12075076e+01 3.71538206e+01 3.90066292e+01 3.92261084e+01 1.34799989e-08 6.38553846e-03 1.36378503e-14 9.85911303e-01 7.19563281e-18 8.21829432e-28 9.64265075e-19 1.67147026e-01 8.48383545e-17 2.91200537e-19 3.19352213e-05 3.19329536e-05 2.47933412e-07 4.75456295e-03 2.29303695e-02 1.15762147e-18 1.07370859e-17 2.91849815e-03 1.73919179e-03 6.08865361e-17
1.28978979e-01 -2.44153793e-02 -2.44148843e-02 -5.56065574e-03 3.30670961e+00 1.75309155e+01 3.12075026e+01 3.12075076e+01 3.71580385e+01 3.90066292e+01 3.92261084e+01 4.79002948e-08 6.39297975e-03 2.01963803e-14 9.85941517e-01 4.23566473e-17 2.84258678e-27 3.92886664e-17 1.66968422e-01 2.69944547e-17 2.92234718e-19 3.19352213e-05 3.19329483e-05 2.47933412e-07 4.74955656e-03 2.29303695e-02 4.33843931e-18 5.57898409e-18 2.91283629e-03 1.73919179e-03 9.78648171e-18
1.29129129e-01 -2.44153793e-02 -2.44148831e-02 -5.56065562e-03 3.30310454e+00 1.75309155e+01 3.12075026e+01 3.12075076e+01 3.71622443e+01 3.90066292e+01 3.92261084e+01 5.73867900e-09 6.40042103e-03 6.74243689e-14 9.85971637e-01 4.71415005e-18 1.21497612e-26 6.24937748e-17 1.66790184e-01 4.40113170e-17 2.93271540e-19 3.19352213e-05 3.19329430e-05 2.47933412e-07 4.74456015e-03 2.29303695e-02 4.35391072e-18 6.11298747e-18 2.90718978e-03 1.73919179e-03 5.38966697e-17
1.29279279e-01 -2.44153793e-02 -2.44148819e-02 -5.56065572e-03 3.29950708e+00 1.75309155e+01 3.12075026e+01 3.12075076e+01 3.71664380e+01 3.90066292e+01 3.92261084e+01 3.15892938e-08 6.40786231e-03 1.97773555e-15 9.86001662e-01 2.80936038e-17 1.21192390e-26 2.50102579e-17 1.66612309e-01 5.72564141e-17 2.94311005e-19 3.19352213e-05 3.19329376e-05 2.47933412e-07 4.73957370e-03 2.29303695e-02 6.15529969e-18 6.17854759e-18 2.90155856e-03 1.73919179e-03 4.09135833e-17
1.29429429e-01 -2.44153793e-02 -2.44148808e-02 -5.56065565e-03 3.29591720e+00 1.75309155e+01 3.12075026e+01 3.12075076e+01 3.71706195e+01 3.90066292e+01 3.92261084e+01 7.30572104e-09 6.41530359e-03 2.46711412e-14 9.86031593e-01 6.15734959e-17 1.78812259e-26 4.22934980e-17 1.66434797e-01 9.92403132e-18 2.95353120e-19 3.19352213e-05 3.19329323e-05 2.47933412e-07 4.73459718e-03 2.29303695e-02 5.31496303e-18 4.23706734e-18 2.89594260e-03 1.73919179e-03 2.52871101e-17
1.29579580e-01 -2.44153793e-02 -2.44148796e-02 -5.56065565e-03 3.29233487e+00 1.75309155e+01 3.12075026e+01 3.12075076e+01 3.71747889e+01 3.90066292e+01 3.92261084e+01 1.89638925e-09 6.42274487e-03 1.28986967e-14 9.86061430e-01 3.47682274e-17 2.48941301e-27 5.09954345e-17 1.66257647e-01 8.55806239e-17 2.96397887e-19 3.19352213e-05 3.19329270e-05 2.47933412e-07 4.72963056e-03 2.29303695e-02 6.07475764e-18 8.68518916e-18 2.89034184e-03 1.73919179e-03 5.24749301e-17
1.29729730e-01 -2.44153793e-02 -2.44148784e-02 -5.56065563e-03 3.28876009e+00 1.75309155e+01 3.12075026e+01 3.12075076e+01 3.71789463e+01 3.90066292e+01 3.92261084e+01 8.74884587e-10 6.43018614e-03 4.06887824e-14 9.86091173e-01 6.60341632e-18 1.76436495e-18 4.60213133e-17 1.66080857e-01 7.61319135e-17 2.97445313e-19 3.19352213e-05 3.19329216e-05 2.47933412e-07 4.72467381e-03 2.29303695e-02 6.42525864e-19 7.63964831e-18 2.88475623e-03 1.73919179e-03 1.62157492e-17
1.29879880e-01 -2.44153793e-02 -2.44148773e-02 -5.56065571e-03 3.28519281e+00 1.75309155e+01 3.12075026e+01 3.12075076e+01 3.71830918e+01 3.90066292e+01 3.92261084e+01 2.61573317e-09 6.43762740e-03 5.89075331e-14 9.86120823e-01 6.00554210e-17 1.76439759e-18 4.69155589e-17 1.65904427e-01 8.47374894e-17 2.98495401e-19 3.19352213e-05 3.19329163e-05 2.47933412e-07 4.71972690e-03 2.29303695e-02 2.39880473e-18 2.62746039e-18 2.87918571e-03 1.73919179e-03 9.45137732e-18
1.30030030e-01 -2.44153793e-02 -2.44148761e-02 -5.56065567e-03 3.28163303e+00 1.75309155e+01 3.12075026e+01 3.12075076e+01 3.71872253e+01 3.90066292e+01 3.92261084e+01 2.06856312e-08 6.44506867e-03 1.11001837e-14 9.86150381e-01 2.85171424e-18 2.22586476e-26 6.11863240e-17 1.65728356e-01 5.10745707e-18 2.99548155e-19 3.19352213e-05 3.19329109e-05 2.47933412e-07 4.71478981e-03 2.29303695e-02 4.41619495e-18 2.28142585e-18 2.87363025e-03 1.73919179e-03 4.44631859e-18
1.30180180e-01 -2.44153793e-02 -2.44148749e-02 -5.56065561e-03 3.27808071e+00 1.75309155e+01 3.12075026e+01 3.12075076e+01 3.71913469e+01 3.90066292e+01 3.92261084e+01 3.53500727e-08 6.45250993e-03 3.72115120e-14 9.86179846e-01 6.87191769e-17 1.76446248e-18 4.61189556e-17 1.65552642e-01 5.00237640e-17 3.00603580e-19 3.19352213e-05 3.19329055e-05 2.47933412e-07 4.70986252e-03 2.29303695e-02 5.79647072e-18 1.17426526e-17 2.86808978e-03 1.73919179e-03 2.91027989e-17
1.30330330e-01 -2.44153793e-02 -2.44148738e-02 -5.56065564e-03 3.27453584e+00 1.75309155e+01 3.12075026e+01 3.12075076e+01 3.71954567e+01 3.90066292e+01 3.92261084e+01 5.33187700e-09 6.45995118e-03 2.23102170e-14 9.86209218e-01 6.37751323e-17 1.73526270e-26 9.79371114e-17 1.65377285e-01 2.01755371e-17 3.01661681e-19 3.19352213e-05 3.19329002e-05 2.47933412e-07 4.70494498e-03 2.29303695e-02 1.43502093e-18 1.84459368e-18 2.86256427e-03 1.73919179e-03 3.77361760e-17
1.30480480e-01 -2.44153793e-02 -2.44148726e-02 -5.56065562e-03 3.27099839e+00 1.75309155e+01 3.12075026e+01 3.12075076e+01 3.71995547e+01 3.90066292e+01 3.92261084e+01 9.66072519e-09 6.46739243e-03 2.24343379e-15 9.86238500e-01 1.66746895e-17 1.38432978e-26 7.26642150e-17 1.65202283e-01 6.75170806e-17 3.02722462e-19 3.19352213e-05 3.19328948e-05 2.47933412e-07 4.70003718e-03 2.29303695e-02 2.96833530e-18 1.32339872e-17 2.85705365e-03 1.73919179e-03 5.07252167e-17
1.30630631e-01 -2.44153793e-02 -2.44148714e-02 -5.56065565e-03 3.26746834e+00 1.75309155e+01 3.12075026e+01 3.12075076e+01 3.72036409e+01 3.90066292e+01 3.92261084e+01 2.52270102e-08 6.47483368e-03 5.83202444e-14 9.86267690e-01 1.26151932e-17 1.24610924e-26 9.38162177e-17 1.65027636e-01 9.73459911e-18 3.03785927e-19 3.19352213e-05 3.19328894e-05 2.47933412e-07 4.69513909e-03 2.29303695e-02 1.14337861e-18 1.48410799e-17 2.85155789e-03 1.73919179e-03 1.06500328e-17
1.30780781e-01 -2.44153793e-02 -2.44148702e-02 -5.56065570e-03 3.26394566e+00 1.75309155e+01 3.12075026e+01 3.12075076e+01 3.72077154e+01 3.90066292e+01 3.92261084e+01 2.46406629e-08 6.48227492e-03 9.62268791e-16 9.86296789e-01 1.29659673e-18 1.76459100e-18 1.11319455e-16 1.64853342e-01 3.79853168e-17 3.04852081e-19 3.19352213e-05 3.19328840e-05 2.47933412e-07 4.69025068e-03 2.29303695e-02 3.79627276e-18 8.82189913e-19 2.84607693e-03 1.73919179e-03 1.63459997e-17
1.30930931e-01 -2.44153793e-02 -2.44148691e-02 -5.56065570e-03 3.26043034e+00 1.75309155e+01 3.12075026e+01 3.12075076e+01 3.72117782e+01 3.90066292e+01 3.92261084e+01 2.62080610e-08 6.48971616e-03 3.33212352e-14 9.86325797e-01 3.11059570e-17 3.50252485e-27 4.99222979e-17 1.64679400e-01 7.28104247e-17 3.05920928e-19 3.19352213e-05 3.19328786e-05 2.47933412e-07 4.68537192e-03 2.29303695e-02 4.89467163e-18 8.24138248e-18 2.84061072e-03 1.73919179e-03 3.48966149e-17
1.31081081e-01 -2.44153793e-02 -2.44148679e-02 -5.56065565e-03 3.25692235e+00 1.75309155e+01 3.12075026e+01 3.12075076e+01 3.72158294e+01 3.90066292e+01 3.92261084e+01 2.46178321e-08 6.49715740e-03 2.82133444e-14 9.86354716e-01 9.24933010e-17 1.97004684e-26 8.31817019e-17 1.64505810e-01 1.49647216e-17 3.06992473e-19 3.19352213e-05 3.19328732e-05 2.47933412e-07 4.68050279e-03 2.29303695e-02 3.43997980e-18 3.21695810e-18 2.83515922e-03 1.73919179e-03 2.78189484e-17
1.31231231e-01 -2.44153793e-02 -2.44148667e-02 -5.56065568e-03 3.25342167e+00 1.75309155e+01 3.12075026e+01 3.12075076e+01 3.72198689e+01 3.90066292e+01 3.92261084e+01 1.28022614e-08 6.50459863e-03 2.83982773e-14 9.86383544e-01 1.63754811e-17 7.66907620e-27 7.84468642e-17 1.64332571e-01 2.41708486e-17 3.08066721e-19 3.19352213e-05 3.19328678e-05 2.47933412e-07 4.67564326e-03 2.29303695e-02 2.68931950e-18 9.68329264e-18 2.82972237e-03 1.73919179e-03 2.40812570e-17
1.31381381e-01 -2.44153793e-02 -2.44148655e-02 -5.56065566e-03 3.24992828e+00 1.75309155e+01 3.12075026e+01 3.12075076e+01 3.72238970e+01 3.90066292e+01 3.92261084e+01 2.36984734e-08 6.51203986e-03 5.38718014e-15 9.86412283e-01 1.59362352e-17 1.76471772e-18 4.85651336e-17 1.64159680e-01 6.56820233e-19 3.09143675e-19 3.19352213e-05 3.19328624e-05 2.47933412e-07 4.67079331e-03 2.29303695e-02 5.97880915e-19 1.09811351e-18 2.82430013e-03 1.73919179e-03 1.30540496e-17
1.31531532e-01 -2.44153793e-02 -2.44148643e-02 -5.56065565e-03 3.24644216e+00 1.75309155e+01 3.12075026e+01 3.12075076e+01 3.72279135e+01 3.90066292e+01 3.92261084e+01 8.42405750e-09 6.51948109e-03 3.26819314e-14 9.86440933e-01 1.26934514e-17 1.53298135e-26 9.73028455e-17 1.63987138e-01 3.07587195e-17 3.10223340e-19 3.19352213e-05 3.19328570e-05 2.47933412e-07 4.66595290e-03 2.29303695e-02 6.62661988e-18 1.00547442e-17 2.81889246e-03 1.73919179e-03 4.31496522e-18
1.31681682e-01 -2.44153793e-02 -2.44148631e-02 -5.56065573e-03 3.24296327e+00 1.75309155e+01 3.12075026e+01 3.12075076e+01 3.72319185e+01 3.90066292e+01 3.92261084e+01 1.99266241e-08 6.52692231e-03 1.15326467e-14 9.86469495e-01 2.56036437e-17 3.54027356e-27 2.67311200e-17 1.63814943e-01 2.15387423e-17 3.11305721e-19 3.19352213e-05 3.19328516e-05 2.47933412e-07 4.66112201e-03 2.29303695e-02 5.92375857e-19 6.97060107e-18 2.81349929e-03 1.73919179e-03 8.35841658e-18
1.31831832e-01 -2.44153793e-02 -2.44148620e-02 -5.56065574e-03 3.23949161e+00 1.75309155e+01 3.12075026e+01 3.12075076e+01 3.72359122e+01 3.90066292e+01 3.92261084e+01 1.07820393e-08 6.53436353e-03 1.23638749e-14 9.86497967e-01 1.02906456e-16 9.80691410e-27 8.68335420e-17 1.63643095e-01 9.16068655e-18 3.12390822e-19 3.19352213e-05 3.19328462e-05 2.47933412e-07 4.65630062e-03 2.29303695e-02 2.25863391e-18 1.76943382e-18 2.80812059e-03 1.73919179e-03 3.88283212e-17
1.31981982e-01 -2.44153793e-02 -2.44148608e-02 -5.56065563e-03 3.23602716e+00 1.75309155e+01 3.12075026e+01 3.12075076e+01 3.72398944e+01 3.90066292e+01 3.92261084e+01 7.45254922e-09 6.54180474e-03 1.83484284e-14 9.86526352e-01 4.88819582e-17 5.66035825e-18 3.26690761e-19 1.63471592e-01 1.45460079e-17 3.13478648e-19 3.19352213e-05 3.19328407e-05 2.47933412e-07 4.65148869e-03 2.29303695e-02 2.05228773e-18 1.08501074e-18 2.80275631e-03 1.73919179e-03 4.86818912e-17
1.32132132e-01 -2.44153793e-02 -2.44148596e-02 -5.56065567e-03 3.23256987e+00 1.75309155e+01 3.12075026e+01 3.12075076e+01 3.72438653e+01 3.90066292e+01 3.92261084e+01 1.88999761e-08 6.54924595e-03 7.69278786e-14 9.86554649e-01 5.82881209e-17 5.69645101e-18 6.76185511e-17 1.63300433e-01 1.52563165e-17 3.14569204e-19 3.19352213e-05 3.19328353e-05 2.47933412e-07 4.64668620e-03 2.29303695e-02 9.37747277e-19 4.91559393e-18 2.79740639e-03 1.73919179e-03 6.26312387e-17
1.32282282e-01 -2.44153793e-02 -2.44148584e-02 -5.56065566e-03 3.22911975e+00 1.75309155e+01 3.12075026e+01 3.12075076e+01 3.72478249e+01 3.90066292e+01 3.92261084e+01 1.41242611e-08 6.55668716e-03 1.70852677e-14 9.86582859e-01 2.92225305e-17 4.05999720e-18 9.37192381e-17 1.63129617e-01 1.37221683e-16 3.15662493e-19 3.19352213e-05 3.19328298e-05 2.47933412e-07 4.64189313e-03 2.29303695e-02 1.22024780e-18 1.48464929e-18 2.79207080e-03 1.73919179e-03 1.72710030e-18
1.32432432e-01 -2.44153793e-02 -2.44148572e-02 -5.56065565e-03 3.22567676e+00 1.75309155e+01 3.12075026e+01 3.12075076e+01 3.72517732e+01 3.90066292e+01 3.92261084e+01 6.56667764e-09 6.56412836e-03 1.41698171e-16 9.86610982e-01 3.54751407e-17 6.88047336e-19 3.39945788e-17 1.62959144e-01 1.95243176e-16 3.16758520e-19 3.19352213e-05 3.19328244e-05 2.47933412e-07 4.63710945e-03 2.29303695e-02 1.70214492e-18 1.61672763e-18 2.78674949e-03 1.73919179e-03 1.34929733e-17
1.32582583e-01 -2.44153793e-02 -2.44148560e-02 -5.56065564e-03 3.22224089e+00 1.75309155e+01 3.12075026e+01 3.12075076e+01 3.72557104e+01 3.90066292e+01 3.92261084e+01 1.52420666e-08 6.57156956e-03 1.97857870e-15 9.86639018e-01 6.38228208e-18 6.17060127e-18 4.68959318e-17 1.62789013e-01 1.62788833e-16 3.17857290e-19 3.19352213e-05 3.19328189e-05 2.47933412e-07 4.63233513e-03 2.29303695e-02 1.98106406e-18 1.17697437e-18 2.78144240e-03 1.73919179e-03 7.15081136e-18
1.32732733e-01 -2.44153793e-02 -2.44148548e-02 -5.56065566e-03 3.21881211e+00 1.75309155e+01 3.12075026e+01 3.12075076e+01 3.72596363e+01 3.90066292e+01 3.92261084e+01 1.14659143e-10 6.57901075e-03 3.49344097e-14 9.86666968e-01 4.33892546e-17 2.95221841e-18 6.12618600e-17 1.62619222e-01 1.78104082e-16 3.18958807e-19 3.19352213e-05 3.19328134e-05 2.47933412e-07 4.62757015e-03 2.29303695e-02 5.24438991e-18 7.97981738e-18 2.77614949e-03 1.73919179e-03 3.64235353e-17
1.32882883e-01 -2.44153793e-02 -2.44148536e-02 -5.56065571e-03 3.21539040e+00 1.75309155e+01 3.12075026e+01 3.12075076e+01 3.72635511e+01 3.90066292e+01 3.92261084e+01 1.36593829e-08 6.58645194e-03 4.96226391e-14 9.86694832e-01 1.78045795e-17 5.05879911e-18 5.44122063e-17 1.62449770e-01 5.83459224e-17 3.20063077e-19 3.19352213e-05 3.19328080e-05 2.47933412e-07 4.62281448e-03 2.29303695e-02 7.25615554e-18 3.04219152e-18 2.77087072e-03 1.73919179e-03 3.58835968e-17
1.33033033e-01 -2.44153793e-02 -2.44148524e-02 -5.56065572e-03 3.21197574e+00 1.75309155e+01 3.12075026e+01 3.12075076e+01 3.72674548e+01 3.90066292e+01 3.92261084e+01 9.24502011e-09 6.59389313e-03 2.67664205e-14 9.86722610e-01 3.29808931e-18 3.69675515e-18 1.34831100e-17 1.62280656e-01 1.32401222e-16 3.21170103e-19 3.19352213e-05 3.19328025e-05 2.47933412e-07 4.61806810e-03 2.29303695e-02 9.23158038e-19 3.64353726e-18 2.76560604e-03 1.73919179e-03 2.91293879e-18
1.33183183e-01 -2.44153793e-02 -2.44148512e-02 -5.56065567e-03 3.20856811e+00 1.75309155e+01 3.12075026e+01 3.12075076e+01 3.72713474e+01 3.90066292e+01 3.92261084e+01 2.72077712e-08 6.60133431e-03 1.34446972e-14 9.86750303e-01 2.30127525e-17 2.39618413e-18 8.02278123e-17 1.62111881e-01 2.61830999e-17 3.22279890e-19 3.19352213e-05 3.19327970e-05 2.47933412e-07 4.61333097e-03 2.29303695e-02 4.54201923e-19 3.54039545e-18 2.76035539e-03 1.73919179e-03 8.02784292e-18
1.33333333e-01 -2.44153793e-02 -2.44148500e-02 -5.56065567e-03 3.20516749e+00 1.75309155e+01 3.12075026e+01 3.12075076e+01 3.72752290e+01 3.90066292e+01 3.92261084e+01 2.69912990e-08 6.60877549e-03 1.93965274e-14 9.86777911e-01 3.58026617e-17 4.65642188e-18 1.06618221e-16 1.61943441e-01 5.64567585e-17 3.23392442e-19 3.19352213e-05 3.19327915e-05 2.47933412e-07 4.60860308e-03 2.29303695e-02 6.62696689e-18 2.42027623e-18 2.75511875e-03 1.73919179e-03 2.24418514e-18
1.33483483e-01 -2.44153793e-02 -2.44148488e-02 -5.56065561e-03 3.20177386e+00 1.75309155e+01 3.12075026e+01 3.12075076e+01 3.72790996e+01 3.90066292e+01 3.92261084e+01 3.83286772e-08 6.61621667e-03 2.47963874e-14 9.86805435e-01 7.77852157e-17 5.27532275e-18 4.72234722e-17 1.61775337e-01 1.53927657e-17 3.24507765e-19 3.19352213e-05 3.19327860e-05 2.47933412e-07 4.60388440e-03 2.29303695e-02 1.09087435e-19 3.70269430e-18 2.74989606e-03 1.73919179e-03 2.69205439e-17
1.33633634e-01 -2.44153793e-02 -2.44148476e-02 -5.56065561e-03 3.19838719e+00 1.75309155e+01 3.12075026e+01 3.12075076e+01 3.72829593e+01 3.90066292e+01 3.92261084e+01 2.36758793e-08 6.62365784e-03 2.29228708e-14 9.86832874e-01 7.89914363e-17 4.12900964e-18 9.03422405e-17 1.61607568e-01 1.66329272e-16 3.25625862e-19 3.19352213e-05 3.19327805e-05 2.47933412e-07 4.59917490e-03 2.29303695e-02 1.43187569e-18 6.13365505e-18 2.74468727e-03 1.73919179e-03 4.67394632e-18
1.33783784e-01 -2.44153793e-02 -2.44148464e-02 -5.56065567e-03 3.19500747e+00 1.75309155e+01 3.12075026e+01 3.12075076e+01 3.72868081e+01 3.90066292e+01 3.92261084e+01 2.15325748e-08 6.63109901e-03 2.39071926e-14 9.86860229e-01 4.94688041e-17 4.84073731e-18 4.06235709e-17 1.61440133e-01 2.25123104e-17 3.26746738e-19 3.19352213e-05 3.19327750e-05 2.47933412e-07 4.59447456e-03 2.29303695e-02 9.49953680e-19 2.10720166e-18 2.73949234e-03 1.73919179e-03 8.64424767e-17
1.33933934e-01 -2.44153793e-02 -2.44148452e-02 -5.56065565e-03 3.19163467e+00 1.75309155e+01 3.12075026e+01 3.12075076e+01 3.72906460e+01 3.90066292e+01 3.92261084e+01 7.84316210e-09 6.63854017e-03 3.01180388e-14 9.86887501e-01 6.09341505e-17 3.84928396e-18 6.24201445e-18 1.61273030e-01 1.51403105e-16 3.27870398e-19 3.19352213e-05 3.19327695e-05 2.47933412e-07 4.58978336e-03 2.29303695e-02 3.78872729e-18 5.96707148e-18 2.73431122e-03 1.73919179e-03 6.04418263e-17
1.34084084e-01 -2.44153793e-02 -2.44148440e-02 -5.56065562e-03 3.18826878e+00 1.75309155e+01 3.12075026e+01 3.12075076e+01 3.72944731e+01 3.90066292e+01 3.92261084e+01 1.08861926e-08 6.64598133e-03 4.68534741e-14 9.86914689e-01 2.06057907e-17 6.45046634e-18 2.07493138e-17 1.61106259e-01 7.95937340e-17 3.28996847e-19 3.19352213e-05 3.19327640e-05 2.47933412e-07 4.58510126e-03 2.29303695e-02 5.88710173e-18 9.84655768e-19 2.72914387e-03 1.73919179e-03 3.99127831e-17
1.34234234e-01 -2.44153793e-02 -2.44148428e-02 -5.56065566e-03 3.18490977e+00 1.75309155e+01 3.12075026e+01 3.12075076e+01 3.72982894e+01 3.90066292e+01 3.92261084e+01 2.48438544e-08 6.65342249e-03 3.69894298e-14 9.86941795e-01 4.31218358e-18 5.58338128e-18 2.46595883e-17 1.60939819e-01 2.45792108e-17 3.30126089e-19 3.19352213e-05 3.19327584e-05 2.47933412e-07 4.58042824e-03 2.29303695e-02 1.50303946e-18 1.05682808e-17 2.72399025e-03 1.73919179e-03 3.00314602e-19
1.34384384e-01 -2.44153793e-02 -2.44148416e-02 -5.56065566e-03 3.18155762e+00 1.75309155e+01 3.12075026e+01 3.12075076e+01 3.73020949e+01 3.90066292e+01 3.92261084e+01 9.95889129e-09 6.66086364e-03 1.99306639e-14 9.86968818e-01 1.14128096e-17 4.80917787e-18 3.04778325e-17 1.60773708e-01 9.41235424e-17 3.31258128e-19 3.19352213e-05 3.19327529e-05 2.47933412e-07 4.57576428e-03 2.29303695e-02 1.42839810e-18 1.64856952e-18 2.71885031e-03 1.73919179e-03 5.95470196e-19
1.34534535e-01 -2.44153793e-02 -2.44148404e-02 -5.56065563e-03 3.17821232e+00 1.75309155e+01 3.12075026e+01 3.12075076e+01 3.73058898e+01 3.90066292e+01 3.92261084e+01 4.17975075e-08 6.66830479e-03 1.56395225e-14 9.86995759e-01 7.70370666e-17 4.06676204e-18 3.53960568e-18 1.60607927e-01 5.33304958e-17 3.32392970e-19 3.19352213e-05 3.19327474e-05 2.47933412e-07 4.57110936e-03 2.29303695e-02 4.06909342e-18 8.31200806e-18 2.71372400e-03 1.73919179e-03 3.59877470e-17
1.34684685e-01 -2.44153793e-02 -2.44148391e-02 -5.56065571e-03 3.17487384e+00 1.75309155e+01 3.12075026e+01 3.12075076e+01 3.73096740e+01 3.90066292e+01 3.92261084e+01 1.22971746e-08 6.67574593e-03 2.80062113e-14 9.87022617e-01 1.61298173e-17 5.12180842e-18 6.46682039e-17 1.60442474e-01 5.15773234e-17 3.33530619e-19 3.19352213e-05 3.19327418e-05 2.47933412e-07 4.56646344e-03 2.29303695e-02 4.96423011e-18 5.15279465e-18 2.70861128e-03 1.73919179e-03 9.77791597e-18
1.34834835e-01 -2.44153793e-02 -2.44148379e-02 -5.56065566e-03 3.17154216e+00 1.75309155e+01 3.12075026e+01 3.12075076e+01 3.73134475e+01 3.90066292e+01 3.92261084e+01 7.46382964e-09 6.68318707e-03 1.54235968e-14 9.87049394e-01 2.15609548e-17 4.53502187e-18 1.15329949e-16 1.60277347e-01 5.34837499e-17 3.34671079e-19 3.19352213e-05 3.19327362e-05 2.47933412e-07 4.56182651e-03 2.29303695e-02 2.32839390e-18 1.14398944e-18 2.70351210e-03 1.73919179e-03 5.63614526e-18
1.34984985e-01 -2.44153793e-02 -2.44148367e-02 -5.56065570e-03 3.16821727e+00 1.75309155e+01 3.12075026e+01 3.12075076e+01 3.73172104e+01 3.90066292e+01 3.92261084e+01 2.58605075e-08 6.69062821e-03 4.96471640e-15 9.87076090e-01 7.44468519e-18 3.95020049e-18 6.58402082e-18 1.60112547e-01 1.62911681e-17 3.35814355e-19 3.19352213e-05 3.19327307e-05 2.47933412e-07 4.55719853e-03 2.29303695e-02 1.14847955e-18 4.06575596e-18 2.69842643e-03 1.73919179e-03 2.62653362e-17
1.35135135e-01 -2.44153793e-02 -2.44148355e-02 -5.56065570e-03 3.16489914e+00 1.75309155e+01 3.12075026e+01 3.12075076e+01 3.73209628e+01 3.90066292e+01 3.92261084e+01 7.34204798e-09 6.69806934e-03 1.03207904e-14 9.87102705e-01 1.85732088e-19 5.22407739e-18 3.02628063e-17 1.59948072e-01 1.02332661e-16 3.36960452e-19 3.19352213e-05 3.19327251e-05 2.47933412e-07 4.55257949e-03 2.29303695e-02 1.43187250e-18 8.79630630e-19 2.69335421e-03 1.73919179e-03 5.70587540e-17
1.35285285e-01 -2.44153793e-02 -2.44148343e-02 -5.56065568e-03 3.16158775e+00 1.75309155e+01 3.12075026e+01 3.12075076e+01 3.73247047e+01 3.90066292e+01 3.92261084e+01 2.75224097e-09 6.70551047e-03 1.44784976e-14 9.87129239e-01 3.97050999e-17 3.06016188e-18 3.87902580e-17 1.59783921e-01 1.44703701e-17 3.38109374e-19 3.19352213e-05 3.19327195e-05 2.47933412e-07 4.54796936e-03 2.29303695e-02 4.89399616e-18 9.07331100e-19 2.68829540e-03 1.73919179e-03 2.66975779e-18
1.35435435e-01 -2.44153793e-02 -2.44148331e-02 -5.56065569e-03 3.15828308e+00 1.75309155e+01 3.12075026e+01 3.12075076e+01 3.73284361e+01 3.90066292e+01 3.92261084e+01 1.34784603e-09 6.71295160e-03 2.95174539e-14 9.87155693e-01 6.80784550e-17 2.69450857e-18 2.46738854e-17 1.59620094e-01 7.18503896e-17 3.39261126e-19 3.19352213e-05 3.19327140e-05 2.47933412e-07 4.54336811e-03 2.29303695e-02 1.84931279e-17 6.28677617e-18 2.68324997e-03 1.73919179e-03 5.08113329e-18
1.35585586e-01 -2.44153793e-02 -2.44148318e-02 -5.56065572e-03 3.15498512e+00 1.75309155e+01 3.12075026e+01 3.12075076e+01 3.73321570e+01 3.90066292e+01 3.92261084e+01 2.10003163e-08 6.72039272e-03 3.57745240e-14 9.87182067e-01 2.74087476e-17 4.12749145e-18 2.69296946e-17 1.59456589e-01 1.56683915e-16 3.40415713e-19 3.19352213e-05 3.19327084e-05 2.47933412e-07 4.53877573e-03 2.29303695e-02 4.68745486e-18 5.02398632e-18 2.67821786e-03 1.73919179e-03 4.01380897e-17
1.35735736e-01 -2.44153793e-02 -2.44148306e-02 -5.56065564e-03 3.15169384e+00 1.75309155e+01 3.12075026e+01 3.12075076e+01 3.73358675e+01 3.90066292e+01 3.92261084e+01 6.44008806e-09 6.72783384e-03 9.86121861e-15 9.87208361e-01 1.15894089e-18 5.65394099e-18 2.19297805e-19 1.59293406e-01 4.71258535e-17 3.41573139e-19 3.19352213e-05 3.19327028e-05 2.47933412e-07 4.53419218e-03 2.29303695e-02 8.74906162e-19 5.78039456e-18 2.67319903e-03 1.73919179e-03 4.14303459e-18
1.35885886e-01 -2.44153793e-02 -2.44148294e-02 -5.56065565e-03 3.14840922e+00 1.75309155e+01 3.12075026e+01 3.12075076e+01 3.73395677e+01 3.90066292e+01 3.92261084e+01 1.87225896e-08 6.73527495e-03 3.98410937e-14 9.87234575e-01 1.51432731e-17 3.74255363e-18 9.21999927e-17 1.59130543e-01 1.75592355e-16 3.42733409e-19 3.19352213e-05 3.19326972e-05 2.47933412e-07 4.52961745e-03 2.29303695e-02 6.97846189e-18 7.12505956e-18 2.66819344e-03 1.73919179e-03 3.90389207e-17
1.36036036e-01 -2.44153793e-02 -2.44148282e-02 -5.56065568e-03 3.14513124e+00 1.75309155e+01 3.12075026e+01 3.12075076e+01 3.73432575e+01 3.90066292e+01 3.92261084e+01 2.22237575e-08 6.74271606e-03 2.65427517e-14 9.87260711e-01 5.14535358e-17 5.36595167e-18 8.97632643e-18 1.58968000e-01 3.11772106e-18 3.43896527e-19 3.19352213e-05 3.19326916e-05 2.47933412e-07 4.52505150e-03 2.29303695e-02 6.04062328e-19 6.99302049e-18 2.66320105e-03 1.73919179e-03 7.26884989e-18
1.36186186e-01 -2.44153793e-02 -2.44148270e-02 -5.56065565e-03 3.14185989e+00 1.75309155e+01 3.12075026e+01 3.12075076e+01 3.73469370e+01 3.90066292e+01 3.92261084e+01 6.46207209e-10 6.75015717e-03 4.58166586e-15 9.87286767e-01 4.70131840e-17 1.81578441e-18 1.08096285e-16 1.58805776e-01 4.51413408e-17 3.45062499e-19 3.19352213e-05 3.19326860e-05 2.47933412e-07 4.52049432e-03 2.29303695e-02 4.61580240e-18 4.50976832e-18 2.65822181e-03 1.73919179e-03 2.24077720e-18
1.36336336e-01 -2.44153793e-02 -2.44148257e-02 -5.56065569e-03 3.13859515e+00 1.75309155e+01 3.12075026e+01 3.12075076e+01 3.73506063e+01 3.90066292e+01 3.92261084e+01 1.75600728e-08 6.75759827e-03 5.62408021e-14 9.87312745e-01 3.04563104e-17 7.09801093e-18 4.97615144e-18 1.58643870e-01 6.41656191e-17 3.46231329e-19 3.19352213e-05 3.19326804e-05 2.47933412e-07 4.51594588e-03 2.29303695e-02 1.49744074e-18 5.01595266e-18 2.65325568e-03 1.73919179e-03 4.64324411e-18
1.36486486e-01 -2.44153793e-02 -2.44148245e-02 -5.56065567e-03 3.13533699e+00 1.75309155e+01 3.12075026e+01 3.12075076e+01 3.73542653e+01 3.90066292e+01 3.92261084e+01 1.24005345e-10 6.76503937e-03 1.01632787e-14 9.87338645e-01 4.30133739e-17 3.67513624e-18 9.85345266e-19 1.58482281e-01 3.63949648e-17 3.47403022e-19 3.19352213e-05 3.19326747e-05 2.47933412e-07 4.51140616e-03 2.29303695e-02 5.72280556e-18 2.27452807e-18 2.64830262e-03 1.73919179e-03 1.17404701e-17
1.36636637e-01 -2.44153793e-02 -2.44148233e-02 -5.56065568e-03 3.13208539e+00 1.75309155e+01 3.12075026e+01 3.12075076e+01 3.73579142e+01 3.90066292e+01 3.92261084e+01 3.83977850e-08 6.77248046e-03 2.58334464e-14 9.87364468e-01 3.52248960e-17 3.81778612e-18 2.56034189e-17 1.58321008e-01 1.10216704e-16 3.48577582e-19 3.19352213e-05 3.19326691e-05 2.47933412e-07 4.50687513e-03 2.29303695e-02 3.25081821e-18 1.29354288e-18 2.64336258e-03 1.73919179e-03 7.10388698e-17
1.36786787e-01 -2.44153793e-02 -2.44148220e-02 -5.56065561e-03 3.12884034e+00 1.75309155e+01 3.12075026e+01 3.12075076e+01 3.73615528e+01 3.90066292e+01 3.92261084e+01 3.35279642e-08 6.77992155e-03 4.81899198e-14 9.87390212e-01 1.84683040e-17 2.25866862e-18 4.13687985e-17 1.58160051e-01 3.75070703e-17 3.49755014e-19 3.19352213e-05 3.19326635e-05 2.47933412e-07 4.50235278e-03 2.29303695e-02 3.88945729e-19 8.49418417e-19 2.63843553e-03 1.73919179e-03 5.52078204e-17
1.36936937e-01 -2.44153793e-02 -2.44148208e-02 -5.56065568e-03 3.12560182e+00 1.75309155e+01 3.12075026e+01 3.12075076e+01 3.73651814e+01 3.90066292e+01 3.92261084e+01 1.44740041e-09 6.78736264e-03 3.50974643e-14 9.87415879e-01 2.34592127e-17 4.26569440e-18 4.00794551e-17 1.57999407e-01 6.60100287e-17 3.50935323e-19 3.19352213e-05 3.19326578e-05 2.47933412e-07 4.49783906e-03 2.29303695e-02 2.14930689e-19 4.83586841e-18 2.63352141e-03 1.73919179e-03 2.50596717e-17
1.37087087e-01 -2.44153793e-02 -2.44148196e-02 -5.56065565e-03 3.12236981e+00 1.75309155e+01 3.12075026e+01 3.12075076e+01 3.73687999e+01 3.90066292e+01 3.92261084e+01 1.17248434e-08 6.79480372e-03 9.41763123e-15 9.87441470e-01 5.24662205e-17 2.86442475e-18 8.97875037e-18 1.57839078e-01 1.00845884e-16 3.52118513e-19 3.19352213e-05 3.19326522e-05 2.47933412e-07 4.49333398e-03 2.29303695e-02 1.70117281e-18 2.15189269e-18 2.62862020e-03 1.73919179e-03 7.71296617e-18
1.37237237e-01 -2.44153793e-02 -2.44148183e-02 -5.56065570e-03 3.11914429e+00 1.75309155e+01 3.12075026e+01 3.12075076e+01 3.73724084e+01 3.90066292e+01 3.92261084e+01 1.89550824e-08 6.80224480e-03 3.02350333e-14 9.87466983e-01 5.58862472e-17 5.00019375e-18 1.85376449e-17 1.57679061e-01 6.71418774e-17 3.53304589e-19 3.19352213e-05 3.19326465e-05 2.47933412e-07 4.48883749e-03 2.29303695e-02 3.15780086e-18 3.61893234e-18 2.62373184e-03 1.73919179e-03 8.57074700e-19
1.37387387e-01 -2.44153793e-02 -2.44148171e-02 -5.56065569e-03 3.11592523e+00 1.75309155e+01 3.12075026e+01 3.12075076e+01 3.73760068e+01 3.90066292e+01 3.92261084e+01 1.56501325e-08 6.80968587e-03 4.15357969e-14 9.87492421e-01 4.14961485e-17 3.72753859e-18 1.07038856e-16 1.57519355e-01 1.24092948e-17 3.54493556e-19 3.19352213e-05 3.19326409e-05 2.47933412e-07 4.48434957e-03 2.29303695e-02 4.41806340e-18 2.14951734e-18 2.61885630e-03 1.73919179e-03 2.52843956e-17
1.37537538e-01 -2.44153793e-02 -2.44148159e-02 -5.56065568e-03 3.11271263e+00 1.75309155e+01 3.12075026e+01 3.12075076e+01 3.73795953e+01 3.90066292e+01 3.92261084e+01 1.56113372e-08 6.81712694e-03 5.16347442e-14 9.87517782e-01 9.61065920e-18 4.22655951e-18 8.06699132e-17 1.57359961e-01 9.37027856e-18 3.55685419e-19 3.19352213e-05 3.19326352e-05 2.47933412e-07 4.47987021e-03 2.29303695e-02 4.06401133e-18 1.79266416e-18 2.61399353e-03 1.73919179e-03 3.53335997e-17
1.37687688e-01 -2.44153793e-02 -2.44148146e-02 -5.56065559e-03 3.10950646e+00 1.75309155e+01 3.12075026e+01 3.12075076e+01 3.73831738e+01 3.90066292e+01 3.92261084e+01 3.80714387e-09 6.82456801e-03 2.54073462e-14 9.87543067e-01 1.12610073e-17 4.81961675e-18 7.13941222e-18 1.57200876e-01 7.67857244e-17 3.56880182e-19 3.19352213e-05 3.19326295e-05 2.47933412e-07 4.47539938e-03 2.29303695e-02 2.05286307e-18 1.93401924e-18 2.60914349e-03 1.73919179e-03 3.88963332e-19
1.37837838e-01 -2.44153793e-02 -2.44148134e-02 -5.56065559e-03 3.10630671e+00 1.75309155e+01 3.12075026e+01 3.12075076e+01 3.73867424e+01 3.90066292e+01 3.92261084e+01 2.20507712e-08 6.83200907e-03 4.56165399e-14 9.87568277e-01 4.35575992e-17 3.74066843e-18 2.66948120e-17 1.57042101e-01 6.50772301e-17 3.58077851e-19 3.19352213e-05 3.19326239e-05 2.47933412e-07 4.47093706e-03 2.29303695e-02 4.06573742e-18 2.33238764e-18 2.60430614e-03 1.73919179e-03 3.91593420e-17
1.37987988e-01 -2.44153793e-02 -2.44148121e-02 -5.56065568e-03 3.10311335e+00 1.75309155e+01 3.12075026e+01 3.12075076e+01 3.73903011e+01 3.90066292e+01 3.92261084e+01 2.59971708e-08 6.83945013e-03 1.27106196e-14 9.87593412e-01 4.58909388e-17 4.43415072e-18 1.94581986e-17 1.56883634e-01 3.28683110e-17 3.59278429e-19 3.19352213e-05 3.19326182e-05 2.47933412e-07 4.46648322e-03 2.29303695e-02 7.25288761e-18 2.44197485e-18 2.59948145e-03 1.73919179e-03 5.22560456e-17
1.38138138e-01 -2.44153793e-02 -2.44148109e-02 -5.56065562e-03 3.09992637e+00 1.75309155e+01 3.12075026e+01 3.12075076e+01 3.73938500e+01 3.90066292e+01 3.92261084e+01 1.05412871e-08 6.84689118e-03 2.70876541e-14 9.87618472e-01 3.52128178e-18 3.48487473e-18 1.32025798e-17 1.56725474e-01 1.18910031e-19 3.60481922e-19 3.19352213e-05 3.19326125e-05 2.47933412e-07 4.46203784e-03 2.29303695e-02 1.70193917e-18 5.48579329e-19 2.59466936e-03 1.73919179e-03 3.57417171e-18
1.38288288e-01 -2.44153793e-02 -2.44148096e-02 -5.56065567e-03 3.09674574e+00 1.75309155e+01 3.12075026e+01 3.12075076e+01 3.73973891e+01 3.90066292e+01 3.92261084e+01 2.13454498e-08 6.85433223e-03 2.29193318e-14 9.87643457e-01 4.44802297e-17 8.05442456e-19 2.47452398e-17 1.56567621e-01 4.65674280e-17 3.61688334e-19 3.19352213e-05 3.19326068e-05 2.47933412e-07 4.45760090e-03 2.29303695e-02 1.49825998e-18 1.02579823e-17 2.58986984e-03 1.73919179e-03 2.95447081e-17
1.38438438e-01 -2.44153793e-02 -2.44148084e-02 -5.56065562e-03 3.09357146e+00 1.75309155e+01 3.12075026e+01 3.12075076e+01 3.74009185e+01 3.90066292e+01 3.92261084e+01 1.74018420e-09 6.86177328e-03 5.12692875e-14 9.87668368e-01 6.06514310e-18 5.22647774e-18 1.53967198e-17 1.56410074e-01 1.35954944e-16 3.62897670e-19 3.19352213e-05 3.19326011e-05 2.47933412e-07 4.45317237e-03 2.29303695e-02 4.33614065e-18 2.90915683e-18 2.58508285e-03 1.73919179e-03 3.91502842e-17
1.38588589e-01 -2.44153793e-02 -2.44148072e-02 -5.56065563e-03 3.09040349e+00 1.75309155e+01 3.12075026e+01 3.12075076e+01 3.74044381e+01 3.90066292e+01 3.92261084e+01 3.04360868e-08 6.86921432e-03 2.69932097e-14 9.87693205e-01 3.95845281e-17 4.44362817e-18 5.67151384e-18 1.56252831e-01 2.53441803e-17 3.64109935e-19 3.19352213e-05 3.19325954e-05 2.47933412e-07 4.44875223e-03 2.29303695e-02 3.43775072e-18 8.61793559e-19 2.58030834e-03 1.73919179e-03 3.60961582e-17
1.38738739e-01 -2.44153793e-02 -2.44148059e-02 -5.56065570e-03 3.08724183e+00 1.75309155e+01 3.12075026e+01 3.12075076e+01 3.74079480e+01 3.90066292e+01 3.92261084e+01 7.19226433e-09 6.87665536e-03 2.65670339e-14 9.87717968e-01 9.78376072e-17 5.49228767e-18 3.55866823e-17 1.56095893e-01 2.33195499e-17 3.65325134e-19 3.19352213e-05 3.19325897e-05 2.47933412e-07 4.44434047e-03 2.29303695e-02 5.34696930e-19 4.46677916e-18 2.57554628e-03 1.73919179e-03 6.38402822e-17
1.38888889e-01 -2.44153793e-02 -2.44148047e-02 -5.56065564e-03 3.08408646e+00 1.75309155e+01 3.12075026e+01 3.12075076e+01 3.74114482e+01 3.90066292e+01 3.92261084e+01 9.59176429e-09 6.88409639e-03 2.93415245e-15 9.87742657e-01 3.39759415e-17 4.84031560e-18 3.83118812e-17 1.55939257e-01 1.53163803e-16 3.66543271e-19 3.19352213e-05 3.19325840e-05 2.47933412e-07 4.43993705e-03 2.29303695e-02 1.42561486e-18 1.61398607e-19 2.57079663e-03 1.73919179e-03 2.41903261e-17
1.39039039e-01 -2.44153793e-02 -2.44148034e-02 -5.56065570e-03 3.08093735e+00 1.75309155e+01 3.12075026e+01 3.12075076e+01 3.74149388e+01 3.90066292e+01 3.92261084e+01 2.81423827e-09 6.89153742e-03 7.01777713e-14 9.87767274e-01 3.69927483e-17 6.02012481e-18 9.09855603e-17 1.55782924e-01 1.63604248e-16 3.67764351e-19 3.19352213e-05 3.19325782e-05 2.47933412e-07 4.43554196e-03 2.29303695e-02 3.43440065e-18 1.56662635e-18 2.56605934e-03 1.73919179e-03 4.61400694e-17
1.39189189e-01 -2.44153793e-02 -2.44148022e-02 -5.56065566e-03 3.07779449e+00 1.75309155e+01 3.12075026e+01 3.12075076e+01 3.74184199e+01 3.90066292e+01 3.92261084e+01 3.22066428e-08 6.89897845e-03 1.79643596e-14 9.87791817e-01 2.67866741e-17 1.99571950e-18 1.03686177e-16 1.55626893e-01 1.45575110e-17 3.68988380e-19 3.19352213e-05 3.19325725e-05 2.47933412e-07 4.43115517e-03 2.29303695e-02 2.32857217e-18 2.76295806e-18 2.56133438e-03 1.73919179e-03 2.37539455e-17
1.39339339e-01 -2.44153793e-02 -2.44148009e-02 -5.56065563e-03 3.07465786e+00 1.75309155e+01 3.12075026e+01 3.12075076e+01 3.74218913e+01 3.90066292e+01 3.92261084e+01 2.46703950e-09 6.90641947e-03 1.99571074e-14 9.87816288e-01 3.00548605e-17 7.42743102e-18 3.09593177e-18 1.55471162e-01 2.12032376e-17 3.70215361e-19 3.19352213e-05 3.19325668e-05 2.47933412e-07 4.42677666e-03 2.29303695e-02 4.06234049e-18 4.98185070e-18 2.55662171e-03 1.73919179e-03 4.02132915e-18
1.39489489e-01 -2.44153793e-02 -2.44147996e-02 -5.56065566e-03 3.07152744e+00 1.75309155e+01 3.12075026e+01 3.12075076e+01 3.74253532e+01 3.90066292e+01 3.92261084e+01 5.53088969e-09 6.91386049e-03 8.83763511e-15 9.87840687e-01 4.10562777e-17 6.42196314e-18 5.27362210e-18 1.55315731e-01 1.46292580e-16 3.71445300e-19 3.19352213e-05 3.19325610e-05 2.47933412e-07 4.42240641e-03 2.29303695e-02 1.21822729e-17 7.37260480e-18 2.55192129e-03 1.73919179e-03 5.64864652e-18
1.39639640e-01 -2.44153793e-02 -2.44147984e-02 -5.56065566e-03 3.06840322e+00 1.75309155e+01 3.12075026e+01 3.12075076e+01 3.74288057e+01 3.90066292e+01 3.92261084e+01 4.71501141e-08 6.92130150e-03 2.52833969e-14 9.87865013e-01 3.53739303e-17 2.59501571e-18 7.33310024e-17 1.55160599e-01 1.67513052e-16 3.72678201e-19 3.19352213e-05 3.19325553e-05 2.47933412e-07 4.41804440e-03 2.29303695e-02 2.35696726e-18 2.70828294e-18 2.54723307e-03 1.73919179e-03 9.77932056e-17
1.39789790e-01 -2.44153793e-02 -2.44147971e-02 -5.56065563e-03 3.06528517e+00 1.75309155e+01 3.12075026e+01 3.12075076e+01 3.74322486e+01 3.90066292e+01 3.92261084e+01 3.18737420e-09 6.92874251e-03 1.50804045e-14 9.87889268e-01 1.12796175e-17 7.60867962e-18 2.97792884e-17 1.55005765e-01 1.27643551e-16 3.73914070e-19 3.19352213e-05 3.19325495e-05 2.47933412e-07 4.41369059e-03 2.29303695e-02 1.59282390e-17 5.69074669e-18 2.54255702e-03 1.73919179e-03 3.40154117e-17
1.39939940e-01 -2.44153793e-02 -2.44147959e-02 -5.56065570e-03 3.06217329e+00 1.75309155e+01 3.12075026e+01 3.12075076e+01 3.74356822e+01 3.90066292e+01 3.92261084e+01 1.86042647e-08 6.93618352e-03 1.96147632e-14 9.87913451e-01 1.91863048e-17 3.91393172e-18 1.88571810e-17 1.54851228e-01 3.97495404e-18 3.75152910e-19 3.19352213e-05 3.19325437e-05 2.47933412e-07 4.40934498e-03 2.29303695e-02 6.91122761e-18 9.63734753e-18 2.53789309e-03 1.73919179e-03 3.93754767e-17
1.40090090e-01 -2.44153793e-02 -2.44147946e-02 -5.56065567e-03 3.05906754e+00 1.75309155e+01 3.12075026e+01 3.12075076e+01 3.74391063e+01 3.90066292e+01 3.92261084e+01 7.90607632e-09 6.94362452e-03 2.07899428e-15 9.87937563e-01 5.47255497e-17 2.02335123e-18 9.76827132e-18 1.54696988e-01 3.80274055e-17 3.76394728e-19 3.19352213e-05 3.19325380e-05 2.47933412e-07 4.40500754e-03 2.29303695e-02 1.36403546e-17 1.05921057e-18 2.53324126e-03 1.73919179e-03 3.06385023e-17
1.40240240e-01 -2.44153793e-02 -2.44147933e-02 -5.56065570e-03 3.05596792e+00 1.75309155e+01 3.12075026e+01 3.12075076e+01 3.74425211e+01 3.90066292e+01 3.92261084e+01 3.03513593e-09 6.95106552e-03 2.59910149e-14 9.87961604e-01 1.43817348e-17 6.93585870e-18 1.23060296e-17 1.54543044e-01 1.94957052e-17 3.77639527e-19 3.19352213e-05 3.19325322e-05 2.47933412e-07 4.40067825e-03 2.29303695e-02 6.35048870e-18 3.13127662e-18 2.52860148e-03 1.73919179e-03 1.84141696e-18
1.40390390e-01 -2.44153793e-02 -2.44147921e-02 -5.56065563e-03 3.05287440e+00 1.75309155e+01 3.12075026e+01 3.12075076e+01 3.74459265e+01 3.90066292e+01 3.92261084e+01 2.71942161e-08 6.95850652e-03 9.16730476e-14 9.87985574e-01 7.66754272e-18 3.74083992e-18 6.52131119e-17 1.54389394e-01 6.98704715e-17 3.78887313e-19 3.19352213e-05 3.19325264e-05 2.47933412e-07 4.39635708e-03 2.29303695e-02 9.62287660e-19 2.55907313e-18 2.52397371e-03 1.73919179e-03 3.64214348e-17
1.40540541e-01 -2.44153793e-02 -2.44147908e-02 -5.56065564e-03 3.04978697e+00 1.75309155e+01 3.12075026e+01 3.12075076e+01 3.74493226e+01 3.90066292e+01 3.92261084e+01 8.82768788e-09 6.96594751e-03 3.27304147e-14 9.88009474e-01 1.56752154e-17 5.55464443e-18 8.03907335e-17 1.54236039e-01 1.04981802e-16 3.80138091e-19 3.19352213e-05 3.19325206e-05 2.47933412e-07 4.39204402e-03 2.29303695e-02 3.22193927e-19 3.86339459e-18 2.51935792e-03 1.73919179e-03 5.91314710e-17
1.40690691e-01 -2.44153793e-02 -2.44147895e-02 -5.56065562e-03 3.04670561e+00 1.75309155e+01 3.12075026e+01 3.12075076e+01 3.74527095e+01 3.90066292e+01 3.92261084e+01 8.60764153e-09 6.97338849e-03 3.18812203e-15 9.88033303e-01 2.18948342e-17 3.95872407e-18 1.05534793e-16 1.54082976e-01 4.59501546e-17 3.81391865e-19 3.19352213e-05 3.19325148e-05 2.47933412e-07 4.38773904e-03 2.29303695e-02 7.80809717e-18 1.10143135e-18 2.51475406e-03 1.73919179e-03 9.12490155e-18
1.40840841e-01 -2.44153793e-02 -2.44147883e-02 -5.56065576e-03 3.04363031e+00 1.75309155e+01 3.12075026e+01 3.12075076e+01 3.74560871e+01 3.90066292e+01 3.92261084e+01 2.84716911e-08 6.98082947e-03 4.26993512e-14 9.88057063e-01 5.36237234e-17 5.90640749e-18 3.48944298e-18 1.53930207e-01 1.09970040e-17 3.82648640e-19 3.19352213e-05 3.19325090e-05 2.47933412e-07 4.38344212e-03 2.29303695e-02 3.71843893e-18 1.45395297e-17 2.51016210e-03 1.73919179e-03 1.08720877e-17
1.40990991e-01 -2.44153793e-02 -2.44147870e-02 -5.56065562e-03 3.04056104e+00 1.75309155e+01 3.12075026e+01 3.12075076e+01 3.74594556e+01 3.90066292e+01 3.92261084e+01 1.09808492e-08 6.98827045e-03 6.79029641e-14 9.88080753e-01 1.60174638e-18 4.41624265e-18 6.98179951e-17 1.53777729e-01 5.15478255e-17 3.83908421e-19 3.19352213e-05 3.19325032e-05 2.47933412e-07 4.37915324e-03 2.29303695e-02 9.82787589e-18 2.45202381e-18 2.50558200e-03 1.73919179e-03 3.43537172e-17
1.41141141e-01 -2.44153793e-02 -2.44147857e-02 -5.56065566e-03 3.03749779e+00 1.75309155e+01 3.12075026e+01 3.12075076e+01 3.74628148e+01 3.90066292e+01 3.92261084e+01 8.06036984e-09 6.99571143e-03 3.75944596e-14 9.88104374e-01 1.53535624e-17 4.75971925e-18 1.99038275e-18 1.53625541e-01 1.70109420e-17 3.85171213e-19 3.19352213e-05 3.19324974e-05 2.47933412e-07 4.37487238e-03 2.29303695e-02 1.41935374e-17 8.06862064e-18 2.50101371e-03 1.73919179e-03 3.10725952e-17
1.41291291e-01 -2.44153793e-02 -2.44147845e-02 -5.56065571e-03 3.03444055e+00 1.75309155e+01 3.12075026e+01 3.12075076e+01 3.74661650e+01 3.90066292e+01 3.92261084e+01 3.68817599e-08 7.00315240e-03 2.72712569e-14 9.88127925e-01 1.55825190e-17 3.40386451e-18 1.06062904e-18 1.53473644e-01 1.33921803e-16 3.86437021e-19 3.19352213e-05 3.19324916e-05 2.47933412e-07 4.37059952e-03 2.29303695e-02 1.78485997e-18 4.25469013e-18 2.49645721e-03 1.73919179e-03 5.75685142e-18
1.41441441e-01 -2.44153793e-02 -2.44147832e-02 -5.56065571e-03 3.03138928e+00 1.75309155e+01 3.12075026e+01 3.12075076e+01 3.74695060e+01 3.90066292e+01 3.92261084e+01 5.93747314e-09 7.01059336e-03 2.87342915e-14 9.88151408e-01 9.08226252e-18 3.90978818e-18 4.61322746e-17 1.53322036e-01 6.74225335e-17 3.87705850e-19 3.19352213e-05 3.19324858e-05 2.47933412e-07 4.36633463e-03 2.29303695e-02 5.17273113e-18 4.72437972e-18 2.49191246e-03 1.73919179e-03 3.43394076e-17
1.41591592e-01 -2.44153793e-02 -2.44147819e-02 -5.56065565e-03 3.02834399e+00 1.75309155e+01 3.12075026e+01 3.12075076e+01 3.74728379e+01 3.90066292e+01 3.92261084e+01 2.25434802e-08 7.01803432e-03 3.52549938e-15 9.88174822e-01 7.46799794e-17 2.68863721e-18 1.80247510e-17 1.53170716e-01 1.46745875e-16 3.88977704e-19 3.19352213e-05 3.19324799e-05 2.47933412e-07 4.36207770e-03 2.29303695e-02 5.51727550e-18 1.75162559e-18 2.48737941e-03 1.73919179e-03 6.79002810e-19
1.41741742e-01 -2.44153793e-02 -2.44147806e-02 -5.56065564e-03 3.02530465e+00 1.75309155e+01 3.12075026e+01 3.12075076e+01 3.74761608e+01 3.90066292e+01 3.92261084e+01 3.84953130e-09 7.02547528e-03 2.50931704e-15 9.88198168e-01 9.94311546e-18 3.30167637e-18 4.60282692e-17 1.53019684e-01 3.24471202e-17 3.90252589e-19 3.19352213e-05 3.19324741e-05 2.47933412e-07 4.35782870e-03 2.29303695e-02 5.17434622e-18 5.82070068e-18 2.48285803e-03 1.73919179e-03 5.41949862e-17
1.41891892e-01 -2.44153793e-02 -2.44147794e-02 -5.56065563e-03 3.02227124e+00 1.75309155e+01 3.12075026e+01 3.12075076e+01 3.74794747e+01 3.90066292e+01 3.92261084e+01 2.08692461e-08 7.03291623e-03 2.57251261e-14 9.88221446e-01 1.07849292e-16 5.72139128e-18 4.42298985e-17 1.52868939e-01 1.00449153e-16 3.91530509e-19 3.19352213e-05 3.19324682e-05 2.47933412e-07 4.35358761e-03 2.29303695e-02 4.41296609e-18 5.22627819e-18 2.47834829e-03 1.73919179e-03 4.32989277e-17
1.42042042e-01 -2.44153793e-02 -2.44147781e-02 -5.56065568e-03 3.01924374e+00 1.75309155e+01 3.12075026e+01 3.12075076e+01 3.74827796e+01 3.90066292e+01 3.92261084e+01 1.08509806e-08 7.04035718e-03 3.12943185e-15 9.88244655e-01 3.16810610e-17 1.19754605e-18 1.15371829e-17 1.52718480e-01 2.72203770e-17 3.92811470e-19 3.19352213e-05 3.19324624e-05 2.47933412e-07 4.34935441e-03 2.29303695e-02 2.59172636e-19 4.12776337e-18 2.47385014e-03 1.73919179e-03 3.38027009e-17
1.42192192e-01 -2.44153793e-02 -2.44147768e-02 -5.56065567e-03 3.01622215e+00 1.75309155e+01 3.12075026e+01 3.12075076e+01 3.74860755e+01 3.90066292e+01 3.92261084e+01 2.58929913e-08 7.04779813e-03 3.14597084e-14 9.88267798e-01 4.25634433e-17 2.01396287e-18 9.43058630e-17 1.52568307e-01 1.52970025e-16 3.94095476e-19 3.19352213e-05 3.19324565e-05 2.47933412e-07 4.34512908e-03 2.29303695e-02 2.06088665e-18 1.16783496e-17 2.46936354e-03 1.73919179e-03 1.29487431e-17
1.42342342e-01 -2.44153793e-02 -2.44147755e-02 -5.56065562e-03 3.01320644e+00 1.75309155e+01 3.12075026e+01 3.12075076e+01 3.74893626e+01 3.90066292e+01 3.92261084e+01 2.40027594e-08 7.05523907e-03 7.18320912e-14 9.88290873e-01 3.32771827e-17 6.40438209e-18 1.33917395e-17 1.52418418e-01 8.57214047e-17 3.95382532e-19 3.19352213e-05 3.19324507e-05 2.47933412e-07 4.34091160e-03 2.29303695e-02 3.44506103e-18 2.47609170e-18 2.46488847e-03 1.73919179e-03 3.21993466e-18
1.42492492e-01 -2.44153793e-02 -2.44147742e-02 -5.56065562e-03 3.01019659e+00 1.75309155e+01 3.12075026e+01 3.12075076e+01 3.74926407e+01 3.90066292e+01 3.92261084e+01 5.64925005e-09 7.06268001e-03 3.49711869e-15 9.88313881e-01 3.84765495e-18 5.61779159e-18 4.23582607e-17 1.52268812e-01 1.95455875e-16 3.96672643e-19 3.19352213e-05 3.19324448e-05 2.47933412e-07 4.33670195e-03 2.29303695e-02 2.05207638e-18 1.18975690e-18 2.46042489e-03 1.73919179e-03 4.25465454e-17
1.42642643e-01 -2.44153793e-02 -2.44147730e-02 -5.56065564e-03 3.00719260e+00 1.75309155e+01 3.12075026e+01 3.12075076e+01 3.74959100e+01 3.90066292e+01 3.92261084e+01 5.95712211e-09 7.07012094e-03 8.68624098e-15 9.88336822e-01 7.80549616e-17 4.84443183e-18 1.21968876e-17 1.52119490e-01 1.14487642e-16 3.97965815e-19 3.19352213e-05 3.19324389e-05 2.47933412e-07 4.33250011e-03 2.29303695e-02 3.78562786e-18 4.73533091e-19 2.45597275e-03 1.73919179e-03 3.93399144e-18
1.42792793e-01 -2.44153793e-02 -2.44147717e-02 -5.56065566e-03 3.00419444e+00 1.75309155e+01 3.12075026e+01 3.12075076e+01 3.74991704e+01 3.90066292e+01 3.92261084e+01 1.67277208e-09 7.07756187e-03 2.47734742e-14 9.88359697e-01 7.47752811e-18 5.93371406e-18 6.26888741e-18 1.51970450e-01 6.20571461e-17 3.99262052e-19 3.19352213e-05 3.19324330e-05 2.47933412e-07 4.32830605e-03 2.29303695e-02 2.67894156e-18 4.26617696e-18 2.45153202e-03 1.73919179e-03 6.94450244e-19
1.42942943e-01 -2.44153793e-02 -2.44147704e-02 -5.56065560e-03 3.00120210e+00 1.75309155e+01 3.12075026e+01 3.12075076e+01 3.75024221e+01 3.90066292e+01 3.92261084e+01 2.23297936e-09 7.08500279e-03 1.73557016e-14 9.88382505e-01 3.04824819e-17 5.32462797e-18 1.97299170e-17 1.51821691e-01 1.62623797e-17 4.00561358e-19 3.19352213e-05 3.19324272e-05 2.47933412e-07 4.32411976e-03 2.29303695e-02 2.05120819e-18 5.03208336e-18 2.44710267e-03 1.73919179e-03 2.43011083e-17
1.43093093e-01 -2.44153793e-02 -2.44147691e-02 -5.56065572e-03 2.99821555e+00 1.75309155e+01 3.12075026e+01 3.12075076e+01 3.75056650e+01 3.90066292e+01 3.92261084e+01 1.26987463e-08 7.09244371e-03 3.52810441e-14 9.88405248e-01 1.21906516e-17 4.81137125e-18 3.48550420e-17 1.51673213e-01 8.82771489e-17 4.01863740e-19 3.19352213e-05 3.19324213e-05 2.47933412e-07 4.31994122e-03 2.29303695e-02 1.27355122e-17 5.93238610e-18 2.44268465e-03 1.73919179e-03 5.30190733e-17
1.43243243e-01 -2.44153793e-02 -2.44147678e-02 -5.56065569e-03 2.99523479e+00 1.75309155e+01 3.12075026e+01 3.12075076e+01 3.75088991e+01 3.90066292e+01 3.92261084e+01 7.05604089e-11 7.09988463e-03 3.42728299e-14 9.88427924e-01 1.34068734e-17 2.57254373e-18 1.81139779e-17 1.51525015e-01 9.89432918e-17 4.03169201e-19 3.19352213e-05 3.19324154e-05 2.47933412e-07 4.31577040e-03 2.29303695e-02 5.17354103e-18 2.94740176e-18 2.43827794e-03 1.73919179e-03 3.40174881e-17
1.43393393e-01 -2.44153793e-02 -2.44147665e-02 -5.56065558e-03 2.99225980e+00 1.75309155e+01 3.12075026e+01 3.12075076e+01 3.75121245e+01 3.90066292e+01 3.92261084e+01 1.76254102e-08 7.10732554e-03 4.53562847e-14 9.88450535e-01 2.78146213e-17 3.90912287e-18 2.88293999e-17 1.51377096e-01 6.52647745e-17 4.04477748e-19 3.19352213e-05 3.19324095e-05 2.47933412e-07 4.31160729e-03 2.29303695e-02 6.10095051e-19 4.02465190e-18 2.43388250e-03 1.73919179e-03 2.08019327e-17
1.43543544e-01 -2.44153793e-02 -2.44147652e-02 -5.56065563e-03 2.98929056e+00 1.75309155e+01 3.12075026e+01 3.12075076e+01 3.75153413e+01 3.90066292e+01 3.92261084e+01 8.19363409e-09 7.11476645e-03 6.54514049e-15 9.88473081e-01 2.44327939e-17 5.34186879e-18 4.72882191e-17 1.51229455e-01 2.06422258e-16 4.05789384e-19 3.19352213e-05 3.19324035e-05 2.47933412e-07 4.30745186e-03 2.29303695e-02 2.32484859e-18 6.24360738e-18 2.42949828e-03 1.73919179e-03 3.46799680e-17
1.43693694e-01 -2.44153793e-02 -2.44147639e-02 -5.56065566e-03 2.98632705e+00 1.75309155e+01 3.12075026e+01 3.12075076e+01 3.75185494e+01 3.90066292e+01 3.92261084e+01 9.46736547e-09 7.12220736e-03 5.18336468e-14 9.88495562e-01 1.70118543e-17 6.84366787e-18 5.07859001e-17 1.51082092e-01 9.90305132e-18 4.07104116e-19 3.19352213e-05 3.19323976e-05 2.47933412e-07 4.30330410e-03 2.29303695e-02 8.73316730e-19 5.44559797e-18 2.42512526e-03 1.73919179e-03 4.17678591e-17
1.43843844e-01 -2.44153793e-02 -2.44147626e-02 -5.56065571e-03 2.98336927e+00 1.75309155e+01 3.12075026e+01 3.12075076e+01 3.75217489e+01 3.90066292e+01 3.92261084e+01 9.54306305e-09 7.12964826e-03 2.07251758e-14 9.88517978e-01 1.35115197e-17 3.14065731e-18 5.45377543e-17 1.50935006e-01 5.46825092e-17 4.08421947e-19 3.19352213e-05 3.19323917e-05 2.47933412e-07 4.29916398e-03 2.29303695e-02 3.24001528e-18 3.69201616e-18 2.42076340e-03 1.73919179e-03 6.60172314e-17
1.43993994e-01 -2.44153793e-02 -2.44147613e-02 -5.56065568e-03 2.98041718e+00 1.75309155e+01 3.12075026e+01 3.12075076e+01 3.75249398e+01 3.90066292e+01 3.92261084e+01 5.05702366e-09 7.13708915e-03 9.56478971e-15 9.88540329e-01 1.71962544e-17 1.24673530e-18 4.20391110e-17 1.50788196e-01 5.96924038e-17 4.09742883e-19 3.19352213e-05 3.19323858e-05 2.47933412e-07 4.29503149e-03 2.29303695e-02 1.14857517e-18 5.28106851e-18 2.41641266e-03 1.73919179e-03 3.23000673e-19
1.44144144e-01 -2.44153793e-02 -2.44147600e-02 -5.56065571e-03 2.97747079e+00 1.75309155e+01 3.12075026e+01 3.12075076e+01 3.75281222e+01 3.90066292e+01 3.92261084e+01 5.33109739e-09 7.14453004e-03 1.80203914e-14 9.88562616e-01 4.11681694e-17 2.95620710e-18 6.44293434e-17 1.50641661e-01 9.80043998e-17 4.11066929e-19 3.19352213e-05 3.19323798e-05 2.47933412e-07 4.29090660e-03 2.29303695e-02 4.62555124e-18 7.60442593e-19 2.41207301e-03 1.73919179e-03 4.23116740e-17
1.44294294e-01 -2.44153793e-02 -2.44147588e-02 -5.56065570e-03 2.97453006e+00 1.75309155e+01 3.12075026e+01 3.12075076e+01 3.75312960e+01 3.90066292e+01 3.92261084e+01 6.35267735e-09 7.15197093e-03 3.28316051e-14 9.88584839e-01 1.21213920e-17 2.94125190e-18 8.44722149e-17 1.50495401e-01 2.12485674e-17 4.12394090e-19 3.19352213e-05 3.19323739e-05 2.47933412e-07 4.28678929e-03 2.29303695e-02 1.10012175e-17 2.27293478e-18 2.40774441e-03 1.73919179e-03 2.04735079e-18
1.44444444e-01 -2.44153793e-02 -2.44147575e-02 -5.56065569e-03 2.97159499e+00 1.75309155e+01 3.12075026e+01 3.12075076e+01 3.75344613e+01 3.90066292e+01 3.92261084e+01 7.45477280e-10 7.15941182e-03 3.51078187e-14 9.88606998e-01 5.11446747e-17 4.78988560e-18 1.44899797e-17 1.50349415e-01 7.97930912e-17 4.13724371e-19 3.19352213e-05 3.19323679e-05 2.47933412e-07 4.28267955e-03 2.29303695e-02 8.06317098e-19 5.67675173e-18 2.40342683e-03 1.73919179e-03 6.01318211e-19
1.44594595e-01 -2.44153793e-02 -2.44147561e-02 -5.56065565e-03 2.96866556e+00 1.75309155e+01 3.12075026e+01 3.12075076e+01 3.75376181e+01 3.90066292e+01 3.92261084e+01 2.50910593e-08 7.16685269e-03 1.94336902e-14 9.88629093e-01 1.19588316e-17 3.20078714e-18 6.95118676e-17 1.50203702e-01 1.86112842e-17 4.15057778e-19 3.19352213e-05 3.19323620e-05 2.47933412e-07 4.27857735e-03 2.29303695e-02 2.95807163e-18 6.63310361e-18 2.39912024e-03 1.73919179e-03 8.60073894e-17
1.44744745e-01 -2.44153793e-02 -2.44147548e-02 -5.56065564e-03 2.96574175e+00 1.75309155e+01 3.12075026e+01 3.12075076e+01 3.75407665e+01 3.90066292e+01 3.92261084e+01 3.76426533e-08 7.17429357e-03 2.35910407e-14 9.88651125e-01 5.72961153e-17 6.92934370e-18 9.86803107e-17 1.50058261e-01 2.62367423e-16 4.16394314e-19 3.19352213e-05 3.19323560e-05 2.47933412e-07 4.27448268e-03 2.29303695e-02 8.72032955e-19 8.97704769e-18 2.39482459e-03 1.73919179e-03 1.31597144e-17
1.44894895e-01 -2.44153793e-02 -2.44147535e-02 -5.56065564e-03 2.96282355e+00 1.75309155e+01 3.12075026e+01 3.12075076e+01 3.75439065e+01 3.90066292e+01 3.92261084e+01 2.25219427e-08 7.18173444e-03 1.99092258e-14 9.88673094e-01 5.14595492e-17 5.45318564e-18 1.26509972e-17 1.49913092e-01 3.84368928e-17 4.17733985e-19 3.19352213e-05 3.19323500e-05 2.47933412e-07 4.27039551e-03 2.29303695e-02 2.60519656e-18 7.64719582e-18 2.39053985e-03 1.73919179e-03 6.49713358e-18
1.45045045e-01 -2.44153793e-02 -2.44147522e-02 -5.56065567e-03 2.95991094e+00 1.75309155e+01 3.12075026e+01 3.12075076e+01 3.75470381e+01 3.90066292e+01 3.92261084e+01 1.09765534e-08 7.18917531e-03 8.02724918e-16 9.88695000e-01 2.37084496e-17 4.07363074e-18 1.09333861e-16 1.49768194e-01 1.53131443e-16 4.19076797e-19 3.19352213e-05 3.19323441e-05 2.47933412e-07 4.26631583e-03 2.29303695e-02 1.44646604e-18 3.73836188e-18 2.38626599e-03 1.73919179e-03 4.69043953e-17
1.45195195e-01 -2.44153793e-02 -2.44147509e-02 -5.56065568e-03 2.95700390e+00 1.75309155e+01 3.12075026e+01 3.12075076e+01 3.75501614e+01 3.90066292e+01 3.92261084e+01 9.97760037e-09 7.19661617e-03 1.28124419e-14 9.88716844e-01 2.05518331e-17 4.47816770e-18 5.20117205e-17 1.49623567e-01 6.38438639e-17 4.20422753e-19 3.19352213e-05 3.19323381e-05 2.47933412e-07 4.26224361e-03 2.29303695e-02 6.90334675e-18 1.12274038e-17 2.38200298e-03 1.73919179e-03 7.14862794e-18
1.45345345e-01 -2.44153793e-02 -2.44147496e-02 -5.56065566e-03 2.95410243e+00 1.75309155e+01 3.12075026e+01 3.12075076e+01 3.75532763e+01 3.90066292e+01 3.92261084e+01 2.80088526e-08 7.20405703e-03 1.12232885e-14 9.88738625e-01 4.24880825e-17 1.47162786e-18 1.31581260e-17 1.49479208e-01 1.60524251e-17 4.21771860e-19 3.19352213e-05 3.19323321e-05 2.47933412e-07 4.25817884e-03 2.29303695e-02 3.78601832e-18 5.63101290e-18 2.37775078e-03 1.73919179e-03 3.87891590e-18
1.45495495e-01 -2.44153793e-02 -2.44147483e-02 -5.56065567e-03 2.95120650e+00 1.75309155e+01 3.12075026e+01 3.12075076e+01 3.75563829e+01 3.90066292e+01 3.92261084e+01 2.37408540e-08 7.21149788e-03 4.63565625e-15 9.88760343e-01 5.66402228e-17 3.81059171e-18 1.25249835e-17 1.49335119e-01 1.08900541e-16 4.23124123e-19 3.19352213e-05 3.19323261e-05 2.47933412e-07 4.25412149e-03 2.29303695e-02 6.97517154e-18 1.82535504e-18 2.37350935e-03 1.73919179e-03 1.09750392e-17
1.45645646e-01 -2.44153793e-02 -2.44147470e-02 -5.56065569e-03 2.94831610e+00 1.75309155e+01 3.12075026e+01 3.12075076e+01 3.75594813e+01 3.90066292e+01 3.92261084e+01 1.09207778e-08 7.21893873e-03 2.91348480e-14 9.88782000e-01 1.26521423e-17 2.65912632e-18 3.27328488e-17 1.49191298e-01 1.63990690e-17 4.24479546e-19 3.19352213e-05 3.19323201e-05 2.47933412e-07 4.25007156e-03 2.29303695e-02 1.30130498e-17 1.41572399e-18 2.36927866e-03 1.73919179e-03 7.14590329e-19
1.45795796e-01 -2.44153793e-02 -2.44147457e-02 -5.56065566e-03 2.94543122e+00 1.75309155e+01 3.12075026e+01 3.12075076e+01 3.75625714e+01 3.90066292e+01 3.92261084e+01 1.49405452e-08 7.22637958e-03 6.92726397e-15 9.88803595e-01 2.84027790e-17 3.39836039e-18 4.00313758e-17 1.49047743e-01 6.11556608e-17 4.25838134e-19 3.19352213e-05 3.19323141e-05 2.47933412e-07 4.24602901e-03 2.29303695e-02 2.60588603e-18 4.77482832e-18 2.36505868e-03 1.73919179e-03 8.33549358e-19
1.45945946e-01 -2.44153793e-02 -2.44147444e-02 -5.56065572e-03 2.94255183e+00 1.75309155e+01 3.12075026e+01 3.12075076e+01 3.75656532e+01 3.90066292e+01 3.92261084e+01 6.04326945e-09 7.23382042e-03 4.71034320e-14 9.88825129e-01 6.33724454e-18 5.92292855e-18 2.29551141e-17 1.48904456e-01 1.45428357e-16 4.27199893e-19 3.19352213e-05 3.19323081e-05 2.47933412e-07 4.24199382e-03 2.29303695e-02 2.60421233e-18 3.83408478e-18 2.36084938e-03 1.73919179e-03 6.76178070e-19
1.46096096e-01 -2.44153793e-02 -2.44147431e-02 -5.56065562e-03 2.93967793e+00 1.75309155e+01 3.12075026e+01 3.12075076e+01 3.75687269e+01 3.90066292e+01 3.92261084e+01 2.36433780e-08 7.24126126e-03 4.09330147e-14 9.88846601e-01 3.17684594e-18 6.77740308e-18 4.11477164e-17 1.48761434e-01 1.83960423e-17 4.28564828e-19 3.19352213e-05 3.19323021e-05 2.47933412e-07 4.23796599e-03 2.29303695e-02 2.60110563e-18 1.22035405e-17 2.35665071e-03 1.73919179e-03 9.11368755e-17
1.46246246e-01 -2.44153793e-02 -2.44147417e-02 -5.56065568e-03 2.93680950e+00 1.75309155e+01 3.12075026e+01 3.12075076e+01 3.75717925e+01 3.90066292e+01 3.92261084e+01 3.78997973e-08 7.24870209e-03 3.03784672e-14 9.88868012e-01 3.73555921e-17 2.42693640e-18 4.43330632e-17 1.48618678e-01 2.26857345e-17 4.29932943e-19 3.19352213e-05 3.19322961e-05 2.47933412e-07 4.23394549e-03 2.29303695e-02 8.63804710e-18 3.45767599e-18 2.35246265e-03 1.73919179e-03 6.28441708e-18
1.46396396e-01 -2.44153793e-02 -2.44147404e-02 -5.56065567e-03 2.93394652e+00 1.75309155e+01 3.12075026e+01 3.12075076e+01 3.75748499e+01 3.90066292e+01 3.92261084e+01 9.93350715e-09 7.25614292e-03 1.67557444e-14 9.88889362e-01 1.81151169e-17 5.16457042e-18 2.13806153e-17 1.48476186e-01 6.13140461e-17 4.31304245e-19 3.19352213e-05 3.19322900e-05 2.47933412e-07 4.22993230e-03 2.29303695e-02 2.60356156e-18 6.58669253e-18 2.34828517e-03 1.73919179e-03 2.24439445e-18
1.46546547e-01 -2.44153793e-02 -2.44147391e-02 -5.56065564e-03 2.93108898e+00 1.75309155e+01 3.12075026e+01 3.12075076e+01 3.75778992e+01 3.90066292e+01 3.92261084e+01 2.38050602e-08 7.26358374e-03 7.14226984e-15 9.88910652e-01 1.24679581e-17 4.49094050e-18 6.51908061e-17 1.48333958e-01 8.03164721e-17 4.32678738e-19 3.19352213e-05 3.19322840e-05 2.47933412e-07 4.22592640e-03 2.29303695e-02 6.01693242e-19 4.25674704e-18 2.34411822e-03 1.73919179e-03 2.85619032e-17
1.46696697e-01 -2.44153793e-02 -2.44147378e-02 -5.56065568e-03 2.92823686e+00 1.75309155e+01 3.12075026e+01 3.12075076e+01 3.75809404e+01 3.90066292e+01 3.92261084e+01 1.30557768e-08 7.27102456e-03 6.85600725e-14 9.88931881e-01 3.64745892e-17 2.09497374e-18 7.27161351e-17 1.48191993e-01 9.23191336e-17 4.34056427e-19 3.19352213e-05 3.19322779e-05 2.47933412e-07 4.22192778e-03 2.29303695e-02 5.52528373e-18 7.15225919e-18 2.33996178e-03 1.73919179e-03 7.18291826e-19
1.46846847e-01 -2.44153793e-02 -2.44147365e-02 -5.56065565e-03 2.92539015e+00 1.75309155e+01 3.12075026e+01 3.12075076e+01 3.75839736e+01 3.90066292e+01 3.92261084e+01 1.77653966e-08 7.27846538e-03 2.53589369e-14 9.88953050e-01 8.09477256e-18 5.04672317e-18 5.72082746e-17 1.48050290e-01 9.52523643e-17 4.35437317e-19 3.19352213e-05 3.19322719e-05 2.47933412e-07 4.21793641e-03 2.29303695e-02 4.61559258e-18 1.02123676e-17 2.33581581e-03 1.73919179e-03 8.20303179e-19
1.46996997e-01 -2.44153793e-02 -2.44147351e-02 -5.56065573e-03 2.92254883e+00 1.75309155e+01 3.12075026e+01 3.12075076e+01 3.75869988e+01 3.90066292e+01 3.92261084e+01 9.44182704e-09 7.28590619e-03 2.93165500e-15 9.88974159e-01 5.85498866e-17 6.32864741e-18 3.80702857e-17 1.47908849e-01 4.41146629e-17 4.36821414e-19 3.19352213e-05 3.19322658e-05 2.47933412e-07 4.21395228e-03 2.29303695e-02 2.46999490e-19 3.00617961e-18 2.33168028e-03 1.73919179e-03 1.67022119e-17
1.47147147e-01 -2.44153793e-02 -2.44147338e-02 -5.56065572e-03 2.91971289e+00 1.75309155e+01 3.12075026e+01 3.12075076e+01 3.75900159e+01 3.90066292e+01 3.92261084e+01 1.00177652e-10 7.29334700e-03 8.86924767e-14 9.88995209e-01 5.45398440e-18 2.40563180e-18 3.70193107e-17 1.47767669e-01 1.06761202e-16 4.38208722e-19 3.19352213e-05 3.19322598e-05 2.47933412e-07 4.20997536e-03 2.29303695e-02 5.18438140e-18 2.82180126e-18 2.32755516e-03 1.73919179e-03 1.91025936e-18
1.47297297e-01 -2.44153793e-02 -2.44147325e-02 -5.56065563e-03 2.91688231e+00 1.75309155e+01 3.12075026e+01 3.12075076e+01 3.75930251e+01 3.90066292e+01 3.92261084e+01 1.25617550e-08 7.30078780e-03 6.60780688e-14 9.89016199e-01 1.40769944e-17 3.83089131e-18 7.59906607e-17 1.47626749e-01 1.51520429e-16 4.39599247e-19 3.19352213e-05 3.19322537e-05 2.47933412e-07 4.20600564e-03 2.29303695e-02 3.22959539e-18 4.89840027e-18 2.32344041e-03 1.73919179e-03 3.25833138e-18
1.47447447e-01 -2.44153793e-02 -2.44147312e-02 -5.56065573e-03 2.91405708e+00 1.75309155e+01 3.12075026e+01 3.12075076e+01 3.75960264e+01 3.90066292e+01 3.92261084e+01 2.70321025e-08 7.30822860e-03 1.66691585e-16 9.89037130e-01 2.16940189e-17 1.79294514e-18 7.60539332e-17 1.47486088e-01 5.08581046e-17 4.40992995e-19 3.19352213e-05 3.19322476e-05 2.47933412e-07 4.20204310e-03 2.29303695e-02 3.01097588e-18 3.42390352e-18 2.31933600e-03 1.73919179e-03 5.94894776e-18
1.47597598e-01 -2.44153793e-02 -2.44147298e-02 -5.56065566e-03 2.91123719e+00 1.75309155e+01 3.12075026e+01 3.12075076e+01 3.75990197e+01 3.90066292e+01 3.92261084e+01 2.37502622e-08 7.31566940e-03 1.90640407e-14 9.89058001e-01 7.83640791e-17 3.33630595e-18 3.91052226e-17 1.47345687e-01 2.39140895e-16 4.42389969e-19 3.19352213e-05 3.19322416e-05 2.47933412e-07 4.19808772e-03 2.29303695e-02 2.60892326e-18 9.24596133e-18 2.31524191e-03 1.73919179e-03 2.77929702e-17
1.47747748e-01 -2.44153793e-02 -2.44147285e-02 -5.56065571e-03 2.90842261e+00 1.75309155e+01 3.12075026e+01 3.12075076e+01 3.76020051e+01 3.90066292e+01 3.92261084e+01 6.61405695e-09 7.32311019e-03 1.43559295e-14 9.89078814e-01 5.54414194e-17 3.23575874e-18 7.91034082e-17 1.47205544e-01 4.58710806e-17 4.43790176e-19 3.19352213e-05 3.19322355e-05 2.47933412e-07 4.19413948e-03 2.29303695e-02 8.08591342e-18 8.46877919e-18 2.31115809e-03 1.73919179e-03 2.13092046e-18
1.47897898e-01 -2.44153793e-02 -2.44147272e-02 -5.56065572e-03 2.90561334e+00 1.75309155e+01 3.12075026e+01 3.12075076e+01 3.76049827e+01 3.90066292e+01 3.92261084e+01 2.08241869e-08 7.33055098e-03 1.15723558e-14 9.89099568e-01 1.94128374e-17 3.18164709e-18 2.51854622e-17 1.47065658e-01 3.81291971e-17 4.45193620e-19 3.19352213e-05 3.19322294e-05 2.47933412e-07 4.19019836e-03 2.29303695e-02 5.94466448e-19 9.15731872e-18 2.30708451e-03 1.73919179e-03 2.22256388e-17
1.48048048e-01 -2.44153793e-02 -2.44147258e-02 -5.56065565e-03 2.90280936e+00 1.75309155e+01 3.12075026e+01 3.12075076e+01 3.76079525e+01 3.90066292e+01 3.92261084e+01 1.09188619e-08 7.33799176e-03 1.13282200e-14 9.89120264e-01 7.00126565e-17 4.94187569e-18 2.10840158e-17 1.46926029e-01 6.49838017e-17 4.46600307e-19 3.19352213e-05 3.19322233e-05 2.47933412e-07 4.18626436e-03 2.29303695e-02 1.71243651e-18 3.29536517e-18 2.30302115e-03 1.73919179e-03 5.30174089e-17
1.48198198e-01 -2.44153793e-02 -2.44147245e-02 -5.56065565e-03 2.90001065e+00 1.75309155e+01 3.12075026e+01 3.12075076e+01 3.76109144e+01 3.90066292e+01 3.92261084e+01 2.45439560e-09 7.34543254e-03 1.35488530e-14 9.89140901e-01 1.78649044e-17 1.52286860e-18 3.59019310e-17 1.46786656e-01 1.02846204e-16 4.48010242e-19 3.19352213e-05 3.19322172e-05 2.47933412e-07 4.18233743e-03 2.29303695e-02 2.27251867e-18 7.94292233e-18 2.29896796e-03 1.73919179e-03 5.51302193e-17
1.48348348e-01 -2.44153793e-02 -2.44147232e-02 -5.56065568e-03 2.89721720e+00 1.75309155e+01 3.12075026e+01 3.12075076e+01 3.76138686e+01 3.90066292e+01 3.92261084e+01 1.67963433e-08 7.35287331e-03 5.61779284e-14 9.89161481e-01 4.49898840e-18 1.68608157e-18 1.96727644e-17 1.46647539e-01 8.82258247e-17 4.49423430e-19 3.19352213e-05 3.19322111e-05 2.47933412e-07 4.17841758e-03 2.29303695e-02 6.10708679e-19 1.10518477e-17 2.29492493e-03 1.73919179e-03 4.31858739e-17
1.48498498e-01 -2.44153793e-02 -2.44147218e-02 -5.56065566e-03 2.89442900e+00 1.75309155e+01 3.12075026e+01 3.12075076e+01 3.76168150e+01 3.90066292e+01 3.92261084e+01 3.08638592e-08 7.36031408e-03 4.49794598e-14 9.89182002e-01 5.46680442e-17 3.66419940e-18 2.39467140e-17 1.46508676e-01 3.58332463e-17 4.50839877e-19 3.19352213e-05 3.19322050e-05 2.47933412e-07 4.17450478e-03 2.29303695e-02 5.24337578e-18 3.63370670e-18 2.29089201e-03 1.73919179e-03 2.07102256e-17
1.48648649e-01 -2.44153793e-02 -2.44147205e-02 -5.56065564e-03 2.89164603e+00 1.75309155e+01 3.12075026e+01 3.12075076e+01 3.76197537e+01 3.90066292e+01 3.92261084e+01 7.94468698e-09 7.36775485e-03 7.08506298e-14 9.89202466e-01 5.13491648e-17 3.99841611e-18 3.67606937e-17 1.46370067e-01 7.99225005e-18 4.52259587e-19 3.19352213e-05 3.19321988e-05 2.47933412e-07 4.17059901e-03 2.29303695e-02 7.53346101e-18 2.26329354e-18 2.28686918e-03 1.73919179e-03 8.93828420e-17
1.48798799e-01 -2.44153793e-02 -2.44147192e-02 -5.56065576e-03 2.88886828e+00 1.75309155e+01 3.12075026e+01 3.12075076e+01 3.76226847e+01 3.90066292e+01 3.92261084e+01 2.15514101e-08 7.37519561e-03 4.31080410e-15 9.89222873e-01 5.95817236e-17 4.35467198e-18 4.90430907e-17 1.46231712e-01 2.75978525e-16 4.53682566e-19 3.19352213e-05 3.19321927e-05 2.47933412e-07 4.16670025e-03 2.29303695e-02 3.78249900e-18 2.29225890e-18 2.28285640e-03 1.73919179e-03 1.49099420e-17
1.48948949e-01 -2.44153793e-02 -2.44147178e-02 -5.56065569e-03 2.88609573e+00 1.75309155e+01 3.12075026e+01 3.12075076e+01 3.76256079e+01 3.90066292e+01 3.92261084e+01 2.16471159e-08 7.38263636e-03 1.89617435e-14 9.89243223e-01 2.01501566e-17 3.06698948e-18 4.12686562e-17 1.46093610e-01 3.27797804e-17 4.55108819e-19 3.19352213e-05 3.19321866e-05 2.47933412e-07 4.16280849e-03 2.29303695e-02 6.07344568e-18 7.56874086e-18 2.27885364e-03 1.73919179e-03 1.94924123e-17
1.49099099e-01 -2.44153793e-02 -2.44147165e-02 -5.56065566e-03 2.88332837e+00 1.75309155e+01 3.12075026e+01 3.12075076e+01 3.76285236e+01 3.90066292e+01 3.92261084e+01 1.21494024e-08 7.39007712e-03 2.16167062e-14 9.89263515e-01 6.98042711e-17 3.56952509e-18 3.98419421e-17 1.45955760e-01 2.11373059e-19 4.56538351e-19 3.19352213e-05 3.19321804e-05 2.47933412e-07 4.15892371e-03 2.29303695e-02 6.90366097e-18 2.45496045e-18 2.27486087e-03 1.73919179e-03 1.43651776e-17
1.49249249e-01 -2.44153793e-02 -2.44147151e-02 -5.56065565e-03 2.88056618e+00 1.75309155e+01 3.12075026e+01 3.12075076e+01 3.76314316e+01 3.90066292e+01 3.92261084e+01 8.88503611e-10 7.39751786e-03 1.63862619e-14 9.89283751e-01 9.55667175e-18 2.42813071e-18 2.11138327e-17 1.45818161e-01 9.52686620e-17 4.57971168e-19 3.19352213e-05 3.19321743e-05 2.47933412e-07 4.15504589e-03 2.29303695e-02 1.70269720e-18 2.98958768e-18 2.27087806e-03 1.73919179e-03 1.37029562e-18
1.49399399e-01 -2.44153793e-02 -2.44147138e-02 -5.56065564e-03 2.87780916e+00 1.75309155e+01 3.12075026e+01 3.12075076e+01 3.76343320e+01 3.90066292e+01 3.92261084e+01 1.00174719e-09 7.40495861e-03 4.86400157e-14 9.89303931e-01 3.28814225e-17 1.33479473e-18 1.46938022e-16 1.45680813e-01 4.88681357e-17 4.59407274e-19 3.19352213e-05 3.19321681e-05 2.47933412e-07 4.15117501e-03 2.29303695e-02 9.55566338e-18 9.71051646e-18 2.26690517e-03 1.73919179e-03 3.22587300e-18
1.49549550e-01 -2.44153793e-02 -2.44147124e-02 -5.56065564e-03 2.87505728e+00 1.75309155e+01 3.12075026e+01 3.12075076e+01 3.76372249e+01 3.90066292e+01 3.92261084e+01 3.17316176e-09 7.41239935e-03 1.35837998e-14 9.89324054e-01 3.36927966e-17 2.08279837e-18 1.86680326e-17 1.45543715e-01 6.32750857e-17 4.60846676e-19 3.19352213e-05 3.19321620e-05 2.47933412e-07 4.14731105e-03 2.29303695e-02 1.50234658e-17 1.83695398e-18 2.26294219e-03 1.73919179e-03 4.09346318e-18
1.49699700e-01 -2.44153793e-02 -2.44147111e-02 -5.56065562e-03 2.87231054e+00 1.75309155e+01 3.12075026e+01 3.12075076e+01 3.76401101e+01 3.90066292e+01 3.92261084e+01 5.03553420e-09 7.41984008e-03 3.41235855e-14 9.89344121e-01 2.09077799e-17 2.90444523e-18 7.46184399e-17 1.45406867e-01 1.62568908e-16 4.62289378e-19 3.19352213e-05 3.19321558e-05 2.47933412e-07 4.14345401e-03 2.29303695e-02 1.77660610e-18 1.61084670e-18 2.25898907e-03 1.73919179e-03 7.42754388e-19
1.49849850e-01 -2.44153793e-02 -2.44147097e-02 -5.56065563e-03 2.86956891e+00 1.75309155e+01 3.12075026e+01 3.12075076e+01 3.76429879e+01 3.90066292e+01 3.92261084e+01 1.75348196e-08 7.42728081e-03 5.39628434e-15 9.89364132e-01 3.76413596e-17 3.79985559e-18 4.11998488e-18 1.45270267e-01 1.17925043e-16 4.63735386e-19 3.19352213e-05 3.19321496e-05 2.47933412e-07 4.13960385e-03 2.29303695e-02 3.97698800e-19 2.00248758e-17 2.25504578e-03 1.73919179e-03 9.66961451e-18
1.50000000e-01 -2.44153793e-02 -2.44147084e-02 -5.56065567e-03 2.86683239e+00 1.75309155e+01 3.12075026e+01 3.12075076e+01 3.76458582e+01 3.90066292e+01 3.92261084e+01 1.27755736e-09 7.43472154e-03 3.91723861e-14 9.89384087e-01 7.51368450e-17 3.00122659e-18 3.11151113e-17 1.45133915e-01 6.17672897e-17 4.65184704e-19 3.19352213e-05 3.19321434e-05 2.47933412e-07 4.13576056e-03 2.29303695e-02 4.97182190e-18 4.78988836e-18 2.25111230e-03 1.73919179e-03 1.65504052e-17
