0.508205 -3.47066e-15 -1.01273e-15 0.507972 -2.15349e-14 7.32766e-16
0.267964 7.03655e-15 2.07737e-15 0.268166 -2.39822e-14 -1.15966e-15
-0.776169 -3.56589e-15 -1.06464e-15 -0.776156 1.04066e-14 -4.69347e-14
0.669627 -1.37625e-14 4.27881e-15 0.669309 3.32673e-14 -2.17599e-14
-1.5528 2.75248e-14 -9.72286e-15 -1.55225 1.80181e-14 2.2301e-14
0.883177 -1.37624e-14 5.44405e-15 0.883032 4.99819e-14 4.36375e-14
-0.357364 2.69839e-15 5.26498e-15 -0.357449 1.18477e-14 -1.98468e-14
1.11592 -1.24203e-14 -4.73677e-15 1.11592 -7.24785e-15 4.49164e-14
-0.758556 9.7219e-15 -5.28202e-16 -0.758548 2.25557e-14 -2.073e-14
-1.46405 3.52754e-14 -2.25097e-14 -1.46426 3.97406e-14 -7.52387e-14
1.52856 -1.62106e-14 1.91575e-15 1.52866 -6.39885e-14 7.41526e-14
-0.0645143 -1.90648e-14 2.0594e-14 -0.0644542 4.18511e-14 -7.47228e-14
-0.879416 2.25176e-13 -2.11075e-13 -0.879389 2.55069e-13 -6.15292e-14
0.430403 -1.11314e-13 1.61464e-13 0.430681 -1.37766e-13 8.97473e-14
0.449013 -1.13862e-13 4.96105e-14 0.448688 -1.12997e-13 1.26536e-13
-0.653283 2.44433e-13 -1.74435e-13 -0.652885 2.36742e-13 -1.54866e-13
-0.15813 -7.48326e-15 -8.3825e-14 -0.158288 8.71903e-14 -3.17255e-14
0.811413 -2.3695e-13 2.5826e-13 0.81118 -3.28288e-13 2.70731e-13
0.756719 -2.49133e-13 2.27929e-13 0.756584 -3.00346e-13 2.01721e-13
-0.180589 2.88563e-14 2.6656e-14 -0.180643 7.18138e-14 -1.24656e-13
-0.576131 2.20277e-13 -2.54585e-13 -0.57593 1.89154e-13 -2.00984e-13
0.401156 -1.21319e-13 1.79165e-13 0.401184 -8.63726e-14 5.15758e-14
-0.361217 8.67379e-14 -1.88024e-13 -0.361369 1.24222e-13 -1.00618e-13
-0.0399384 3.45808e-14 8.85977e-15 -0.0397905 -1.06147e-14 -2.57872e-15
0.85243 -2.93401e-13 3.72033e-13 0.852504 -3.38645e-13 4.26482e-13
-0.602824 2.03233e-13 -2.89275e-13 -0.603113 2.01429e-13 -1.34969e-13
-0.249607 9.01677e-14 -8.27587e-14 -0.249352 1.23399e-13 -1.53381e-13
-0.194616 7.52532e-14 -6.35888e-14 -0.194648 4.50962e-14 -1.02185e-13
1.02554 -3.2042e-13 4.18868e-13 1.02555 -2.79438e-13 5.21328e-13
-0.830922 2.45167e-13 -3.55279e-13 -0.830973 1.88138e-13 -3.71748e-13
-0.401178 1.5052e-14 -1.86154e-13 -0.401191 9.49675e-15 -2.89481e-13
-0.0322502 4.78537e-14 -6.20133e-14 -0.0321812 -5.28558e-14 3.51128e-14
0.433428 -6.29057e-14 2.48167e-13 0.433374 -4.27031e-14 2.24374e-13
-1.10027 9.31311e-14 -6.05358e-13 -1.10003 -2.79568e-14 -5.0665e-13
1.77514 -1.72257e-13 9.92018e-13 1.7742 -4.8757e-14 8.66265e-13
-0.674872 7.91261e-14 -3.86661e-13 -0.674266 3.90238e-14 -3.45261e-13
0.300343 -4.27346e-14 1.09847e-13 0.299967 2.64572e-14 9.35436e-14
0.934669 -3.36371e-13 5.00444e-13 0.935206 -2.2368e-13 4.50447e-13
-1.23501 3.79105e-13 -6.1029e-13 -1.23523 3.74777e-13 -5.31075e-13
-0.152502 1.43672e-13 -4.9229e-14 -0.152204 1.87172e-14 -4.57787e-14
-1.00629 1.80889e-13 -4.8586e-13 -1.00669 4.66244e-13 -3.80039e-13
1.1588 -3.2456e-13 5.35089e-13 1.15894 -4.34371e-13 4.76564e-13
-0.242927 2.03189e-13 -6.88332e-14 -0.243065 1.03536e-13 -1.80711e-13
0.307703 -3.30973e-13 6.15604e-14 0.307783 -9.09901e-16 1.81813e-13
-0.0647763 1.27785e-13 7.27278e-15 -0.0647377 -4.97238e-14 -6.89686e-14
-0.755945 2.70387e-13 -3.79623e-13 -0.756015 4.124e-13 -2.98219e-13
0.518055 -8.09534e-14 3.50321e-13 0.518278 -3.40909e-13 1.67405e-13
0.23789 -1.89434e-13 2.93018e-14 0.237709 -5.76986e-14 1.39717e-13
-0.711902 4.82185e-13 -1.64908e-13 -0.711779 3.5978e-13 -2.90575e-13
0.177001 -2.7271e-13 -1.11377e-13 0.177089 2.91069e-14 2.09881e-13
0.534901 -2.09475e-13 2.76285e-13 0.534681 -4.46643e-13 9.46622e-14
-0.417234 2.94796e-13 1.72842e-13 -0.417274 1.04194e-13 -2.71883e-14
1.09863 -7.10798e-13 -3.86851e-13 1.09864 -3.15726e-13 8.10054e-15
-0.681399 4.16002e-13 2.14009e-13 -0.681435 1.88738e-13 1.6131e-14
0.662406 -6.70915e-14 3.50209e-14 0.662029 -3.23744e-13 -2.1287e-13
-1.56622 2.51085e-13 -8.57021e-15 -1.56564 8.25421e-13 4.08164e-13
0.903811 -1.83994e-13 -2.64507e-14 0.9037 -4.74663e-13 -2.86288e-13
-0.697523 -7.78411e-14 2.43585e-13 -0.697654 2.55053e-13 3.20136e-13
0.631146 2.83191e-13 -1.66514e-13 0.631285 -3.50468e-13 -3.30464e-13
0.0663764 -2.0535e-13 -7.70719e-14 0.0663331 1.75768e-14 1.33127e-14
-0.173965 -7.78271e-14 8.00625e-14 -0.174009 6.08841e-14 8.89435e-14
1.06566 9.33739e-14 -4.78942e-13 1.06579 -2.30254e-13 -5.0226e-13
-0.891698 -1.55468e-14 3.9888e-13 -0.891856 1.57347e-13 4.52249e-13
-1.0479 -1.70451e-13 4.44576e-13 -1.04788 1.75059e-13 5.59939e-13
0.618132 4.13038e-13 -1.64793e-13 0.618501 -3.25423e-13 -3.75573e-13
0.429772 -2.42587e-13 -2.79782e-13 0.429353 1.14011e-13 -9.57359e-14
0.514858 -2.09088e-14 -3.02926e-13 0.514824 2.67527e-14 -2.84678e-13
-0.320384 5.82195e-14 1.931e-13 -0.320495 -2.79581e-14 1.97474e-13
-0.194474 -3.73107e-14 1.09826e-13 -0.194307 1.47137e-14 2.1081e-13
0.275093 2.15443e-13 -1.09671e-13 0.275065 -5.09793e-14 -1.30691e-13
-0.102889 -3.45902e-13 -7.42072e-14 -0.102949 2.1046e-13 1.27625e-13
-0.172204 1.30459e-13 1.83878e-13 -0.172109 -1.57929e-13 1.25334e-13
-0.220614 -2.08994e-13 8.0644e-14 -0.220398 -1.42249e-14 8.73348e-14
-0.749018 -1.05541e-14 5.71405e-13 -0.749349 -3.66084e-13 4.18527e-13
0.969632 2.19548e-13 -6.52049e-13 0.969783 4.09458e-13 -5.23649e-13
0.687213 1.10391e-13 -4.1025e-13 0.68732 3.05423e-13 -3.71741e-13
-0.627799 7.51891e-14 3.94788e-13 -0.628045 -3.84006e-13 3.16174e-13
-0.0594133 -1.8558e-13 1.54621e-14 -0.0592326 1.27588e-13 1.36637e-13
-1.02195 -6.1522e-13 4.8842e-13 -1.02212 -3.49117e-13 6.09797e-13
1.17786 8.66379e-13 -5.18684e-13 1.17796 3.14664e-13 -7.25828e-13
-0.15591 -2.51158e-13 3.02641e-14 -0.155896 4.20356e-14 1.95244e-13
-1.44437 -7.8301e-13 6.41191e-13 -1.44453 -6.40348e-13 7.62502e-13
1.53163 9.37573e-13 -6.31203e-13 1.53157 5.76724e-13 -8.28752e-13
-0.087261 -1.54562e-13 -9.98809e-15 -0.0870985 6.37214e-14 1.22668e-13
-0.716202 -4.90399e-13 2.67336e-13 -0.71587 -2.90196e-13 3.39418e-13
-0.0921112 1.9831e-13 1.04474e-13 -0.0921509 -1.69266e-13 -5.26414e-14
0.808313 2.92089e-13 -3.7181e-13 0.808025 4.8909e-13 -2.43446e-13
-1.1766 -6.70917e-13 -9.81272e-14 -1.17683 -5.65386e-13 -2.0717e-14
1.14022 7.49419e-13 1.47396e-13 1.14052 4.5446e-13 -2.53871e-14
0.0363816 -7.85019e-14 -4.92686e-14 0.036256 7.3549e-14 1.03979e-13
-0.235768 -2.05422e-13 -1.01107e-13 -0.235456 -3.77699e-14 -7.73316e-14
-0.716598 -1.44276e-13 5.23506e-14 -0.716953 -4.80883e-13 -2.07863e-13
0.952366 3.49699e-13 4.87568e-14 0.952444 4.19903e-13 1.56988e-13
0.759645 3.47131e-13 2.32904e-14 0.759774 2.69408e-13 4.16626e-13
-0.651901 -3.43878e-13 2.39342e-13 -0.652176 -1.82253e-13 -4.72196e-13
-0.107745 -3.2528e-15 -2.62633e-13 -0.107555 -8.01041e-14 9.11519e-14
0.896999 4.08741e-13 2.46943e-13 0.897016 2.79802e-13 3.67072e-13
-0.478446 -3.23921e-13 2.42444e-14 -0.478722 -5.44632e-14 -2.69281e-13
-0.418554 -8.482e-14 -2.71188e-13 -0.418264 -1.78986e-13 -1.60745e-13
0.656624 8.22281e-14 4.6637e-13 0.656258 3.07547e-13 1.95671e-13
0.198093 2.99586e-13 -2.1921e-13 0.198262 -6.2144e-14 3.52515e-13
-0.854718 -3.81814e-13 -2.4716e-13 -0.854532 -2.05416e-13 -5.19996e-13
0.262666 -6.82733e-14 3.94624e-13 0.262471 3.33924e-14 -2.26011e-14
-1.40813 1.27994e-13 -1.32047e-12 -1.40801 -1.1424e-13 -6.20418e-13
1.14546 -5.97206e-14 9.25848e-13 1.14561 4.29111e-14 5.51107e-13
0.641758 7.48812e-14 1.85423e-13 0.641531 -9.60927e-14 5.22305e-13
0.083886 -2.1279e-13 4.62119e-13 0.0839411 1.34886e-13 -1.51444e-13
-0.725644 1.37908e-13 -6.47542e-13 -0.725477 3.65509e-14 -3.48578e-13
0.615513 -1.32612e-14 -1.70486e-14 0.614828 -2.11199e-13 4.55614e-13
-1.78417 2.04301e-13 -2.63076e-13 -1.78316 6.88485e-13 -1.17829e-12
1.16866 -1.91039e-13 2.80124e-13 1.16843 -3.97189e-13 7.08146e-13
-0.407079 2.32418e-15 2.32328e-13 -0.406703 2.73234e-13 -4.54687e-13
-0.539192 4.93819e-13 -9.99518e-13 -0.539589 -1.52809e-14 3.3873e-13
0.946271 -4.96143e-13 7.6719e-13 0.946317 -2.18644e-13 1.13343e-13
0.330241 -1.48348e-13 6.86194e-14 0.329873 -9.33019e-14 1.28304e-13
0.869213 -3.78434e-13 4.0126e-13 0.869725 -4.49925e-13 2.82319e-13
-1.19945 5.26782e-13 -4.69879e-13 -1.19965 6.20002e-13 -4.03402e-13
-1.16233 6.22595e-13 2.66348e-13 -1.16245 8.40666e-13 -3.76131e-13
0.845446 -2.87758e-13 -7.15325e-13 0.846022 -6.98589e-13 6.52099e-13
0.316885 -3.34837e-13 4.48977e-13 0.316394 -1.12171e-13 -2.41528e-13
0.550344 -4.12387e-13 1.48257e-13 0.550003 -2.89154e-13 -9.14228e-14
0.410979 -1.63607e-13 -2.31763e-13 0.411232 -3.37159e-13 1.4234e-13
-0.961323 5.75995e-13 8.35062e-14 -0.961261 6.55581e-13 -1.19432e-13
0.509221 -1.34944e-13 -2.81126e-13 0.50917 -3.45714e-13 2.91852e-13
-0.160437 -2.0025e-13 6.12577e-13 -0.160465 2.57395e-13 -3.81219e-13
-0.348784 3.35194e-13 -3.31451e-13 -0.348694 1.35972e-13 1.61477e-13
0.184364 8.90728e-14 -2.97791e-13 0.184337 -1.24222e-13 2.34301e-13
-0.277339 -2.09474e-13 6.06194e-13 -0.277388 2.8033e-13 -4.58021e-13
0.0929757 1.20401e-13 -3.08403e-13 0.0930703 -1.18615e-13 2.64964e-13
0.267249 -1.60509e-13 3.04519e-13 0.266969 6.14861e-14 -4.29334e-14
0.771778 1.05648e-13 -1.65314e-13 0.772127 -2.8319e-13 4.98834e-13
-1.03903 5.48614e-14 -1.39205e-13 -1.03914 2.59774e-13 -4.61939e-13
-0.091249 -2.41672e-15 1.10954e-13 -0.0910312 -4.44121e-15 -9.32339e-14
-1.31095 1.58114e-13 -7.60541e-13 -1.31129 8.78937e-14 -2.80184e-13
1.4022 -1.55698e-13 6.49587e-13 1.40237 -1.41305e-13 4.4023e-13
0.266275 -6.31092e-14 2.90661e-13 0.265989 -4.81956e-15 -6.11796e-14
-1.51316 1.47191e-13 -9.31683e-13 -1.51287 2.20975e-15 -3.17966e-13
1.24689 -8.40823e-14 6.41022e-13 1.24696 2.37457e-14 4.06173e-13
0.86902 -8.69043e-14 5.1321e-13 0.869124 7.05593e-14 1.58112e-13
-0.863987 1.95751e-13 -6.87965e-13 -0.864181 -1.47496e-13 -1.01207e-13
-0.00503312 -1.08847e-13 1.74755e-13 -0.0048861 7.67327e-14 -1.51005e-13
-1.03425 -4.17596e-13 -3.30265e-13 -1.03427 -2.63083e-13 -1.85525e-13
0.621072 4.23799e-13 2.82557e-13 0.621466 4.3444e-14 1.09641e-13
0.413182 -6.20272e-15 4.77082e-14 0.412777 1.55162e-13 1.36023e-13
-0.932482 -4.04788e-13 -2.67216e-13 -0.93249 -2.70286e-13 -1.58654e-13
1.42882 6.63977e-13 4.59617e-13 1.42844 4.18646e-13 1.8805e-13
-0.496336 -2.59189e-13 -1.92401e-13 -0.496028 -1.51914e-13 -5.05594e-14
-0.49183 -4.75721e-13 5.49558e-15 -0.492 -7.87404e-14 -1.21221e-13
0.51076 7.76873e-13 -8.28772e-14 0.510898 -1.06522e-13 1.86357e-13
-0.0189294 -3.01153e-13 7.73816e-14 -0.0189296 1.47328e-13 -3.13736e-14
-0.0171198 2.77284e-13 -9.56422e-14 -0.017048 -1.97879e-13 -4.77812e-14
-0.72618 -8.57049e-13 9.70777e-14 -0.726346 1.1127e-13 -1.98361e-13
0.7433 5.79765e-13 -1.43553e-15 0.743436 1.64161e-13 1.20479e-13
-0.277818 -3.25635e-13 -4.12246e-14 -0.277967 -9.70244e-14 2.80246e-14
0.350646 5.41636e-13 7.52154e-14 0.350759 -2.06856e-15 -1.5389e-14
-0.0728281 -2.16001e-13 -3.39908e-14 -0.0728147 -2.73802e-14 -4.84717e-14
-0.824471 -8.7728e-13 6.21494e-14 -0.824329 -1.63894e-13 -8.3794e-14
0.289515 9.55793e-13 -1.86215e-13 0.289706 -3.07611e-13 1.43078e-13
0.534955 -7.85121e-14 1.24065e-13 0.53461 6.50006e-13 -9.92197e-14
-0.920509 -2.43892e-13 -2.50357e-13 -0.920408 -8.78286e-13 -7.81362e-14
0.375864 -4.78572e-13 3.2656e-13 0.376197 7.80504e-13 -1.21281e-13
0.544645 7.22464e-13 -7.62035e-14 0.544195 2.35744e-14 1.44811e-13
1.07819 7.74466e-13 2.33228e-13 1.07836 5.82641e-13 2.88013e-13
-1.15371 -9.243e-13 -2.11556e-13 -1.15383 -5.67729e-13 -3.25503e-13
0.0755194 1.49834e-13 -2.16718e-14 0.0755452 -1.87959e-14 -8.50852e-16
0.199545 -3.67388e-13 2.87467e-13 0.199473 3.53244e-13 -4.57826e-14
-1.15316 3.03022e-13 -8.28061e-13 -1.15319 -1.1241e-12 -1.19497e-13
0.953615 6.4366e-14 5.40595e-13 0.953785 8.03104e-13 1.53057e-13
-0.0802552 -2.41577e-13 5.42526e-14 -0.0802738 6.73192e-14 -1.86639e-13
1.24154 9.85344e-13 3.08035e-13 1.24173 3.83867e-13 5.93322e-13
-1.16129 -7.43766e-13 -3.62287e-13 -1.16154 -4.16898e-13 -5.16151e-13
-0.905413 -1.48202e-13 -2.37274e-13 -0.905477 2.79499e-13 -4.04487e-13
0.551079 4.46428e-13 8.3227e-15 0.551442 -4.07917e-13 3.33535e-13
0.354333 -2.98226e-13 2.28952e-13 0.354009 1.13768e-13 5.57758e-14
-1.02693 6.39945e-13 -3.53798e-13 -1.02695 2.02279e-13 -9.41558e-14
0.579222 -7.61194e-13 3.84051e-13 0.579639 1.52348e-13 -1.33806e-16
0.44771 1.21249e-13 -3.02528e-14 0.447285 -3.39487e-13 2.04265e-13
0.795272 -1.17373e-13 3.40955e-14 0.79504 -4.40953e-13 1.31516e-13
-0.0840241 -4.46548e-13 1.35501e-13 -0.0839844 2.6779e-13 -5.74601e-14
-0.711248 5.63921e-13 -1.69596e-13 -0.71105 1.98904e-13 -7.1772e-14
-0.46568 2.16793e-13 1.88508e-14 -0.465568 2.72655e-13 -6.42903e-14
-0.151469 1.34724e-13 -1.11776e-13 -0.151527 9.2516e-15 9.0235e-14
0.617149 -3.51517e-13 9.29254e-14 0.617102 -3.51018e-13 -5.68447e-15
0.312231 1.02399e-13 -9.50927e-14 0.31216 -3.38861e-13 -1.87457e-14
0.102491 -6.43131e-13 1.90188e-13 0.102511 2.612e-13 -1.17478e-13
-0.414723 5.40732e-13 -9.50949e-14 -0.414678 9.75835e-14 5.63095e-15
-0.970676 4.54199e-13 1.72201e-13 -0.97087 7.35653e-13 1.21938e-13
1.00921 -3.23293e-13 -2.26186e-13 1.00938 -8.37777e-13 -3.76808e-14
-0.0385354 -1.30906e-13 5.39841e-14 -0.0385688 9.31517e-14 -1.02377e-14
0.217542 -3.63318e-13 1.81419e-14 0.217479 2.06298e-14 -7.87112e-14
-0.922325 9.97983e-13 6.3505e-14 -0.922404 2.67021e-13 2.37093e-13
0.704783 -6.34665e-13 -8.16469e-14 0.704979 -3.07556e-13 -1.58913e-13
0.478402 3.68543e-14 -1.91188e-13 0.478067 -3.87283e-13 -1.23526e-13
0.546306 -9.02676e-13 -5.18171e-14 0.546646 -4.19583e-14 -2.35331e-13
-1.02471 8.65822e-13 2.43005e-13 -1.02475 4.32241e-13 2.64565e-13
-1.30374 2.85438e-13 5.79146e-13 -1.30392 7.67684e-13 4.5864e-13
1.09613 1.15182e-13 -5.86387e-13 1.09668 -8.80269e-13 -3.6238e-13
0.20761 -4.0062e-13 7.24119e-15 0.207192 1.67655e-13 -9.23898e-14
0.106105 -2.5546e-14 -1.04392e-14 0.105889 -8.16213e-14 -8.49894e-14
0.749292 -3.19309e-13 -3.60021e-13 0.749537 -2.85793e-13 -2.67431e-13
-0.855397 3.44855e-13 3.70461e-13 -0.855475 3.94632e-13 3.67315e-13
1.1227 -3.3325e-13 -4.26122e-13 1.1229 -4.35247e-13 -4.30935e-13
-1.2159 3.14075e-13 4.56683e-13 -1.21605 5.02035e-13 4.29377e-13
0.0932016 1.91753e-14 -3.05613e-14 0.0932271 -6.05535e-14 -1.40094e-15
0.405582 2.98417e-13 -2.4007e-13 0.405495 -3.15064e-13 1.32296e-14
-0.058612 -7.2576e-13 2.52824e-13 -0.0585429 4.54993e-13 -1.32406e-13
-0.34697 4.27343e-13 -1.27537e-14 -0.346949 -1.7677e-13 1.02995e-13
-0.116976 -4.66161e-13 2.27832e-13 -0.116943 3.52907e-13 -1.33326e-13
-0.343939 9.61999e-13 -3.32992e-13 -0.344047 -6.08589e-13 3.10358e-13
0.460915 -4.95838e-13 1.0516e-13 0.461011 2.40255e-13 -2.73514e-13
0.564796 1.09115e-13 -1.17635e-13 0.564629 2.4254e-14 7.37029e-14
0.143409 -9.63182e-14 1.52055e-13 0.143473 9.06177e-14 -1.31669e-13
-0.708204 -1.27966e-14 -3.44199e-14 -0.708111 -7.41914e-14 8.5056e-14
0.108024 4.57429e-13 -1.53547e-13 0.107967 -2.66565e-13 8.02937e-14
-0.104674 -8.89323e-13 2.98427e-13 -0.104684 4.99918e-13 -1.84951e-13
-0.00335011 4.31894e-13 -1.4488e-13 -0.00327536 -3.07293e-13 1.55336e-13
0.386129 -2.11281e-13 6.99916e-14 0.385904 2.67396e-13 -1.07896e-13
0.398079 8.07272e-13 -2.56918e-13 0.398302 -2.2085e-13 6.84524e-14
-0.784208 -5.95991e-13 1.86926e-13 -0.784233 -4.56246e-14 5.41174e-14
-1.00504 1.05166e-14 2.41541e-14 -1.00522 -7.11284e-13 2.25131e-13
1.04513 -4.47031e-13 1.11868e-13 1.04528 1.04907e-12 -3.19348e-13
-0.0400876 4.36514e-13 -1.36022e-13 -0.0401161 -2.8888e-13 1.81205e-13
-0.913655 -6.57563e-13 3.24359e-13 -0.913786 -2.55953e-13 5.60495e-14
0.76584 8.3286e-13 -4.0578e-13 0.766165 6.59997e-14 -6.71358e-14
0.147815 -1.75297e-13 8.14207e-14 0.147581 2.71465e-13 -9.88601e-14
1.22428 9.94327e-13 -4.915e-13 1.22435 4.93707e-13 -3.33776e-13
-1.5872 -1.46328e-12 6.66245e-13 -1.5869 -5.76574e-13 4.85495e-13
0.362918 4.68949e-13 -1.74746e-13 0.362643 -3.71241e-14 -1.2849e-13
0.146118 2.57414e-13 -7.9579e-14 0.145933 -6.60732e-14 -2.52697e-14
0.757489 3.78557e-14 -1.3264e-13 0.757751 6.38327e-13 -2.96556e-13
-0.903607 -2.9527e-13 2.12219e-13 -0.903733 -5.95251e-13 3.67259e-13
0.148473 -3.86046e-14 1.86685e-14 0.14828 1.39875e-13 2.67789e-14
-1.45899 -5.2158e-13 1.98053e-13 -1.45894 -8.80462e-13 3.47267e-13
1.31052 5.60184e-13 -2.16721e-13 1.31073 7.54353e-13 -2.84457e-13
0.00205591 -2.2187e-13 8.2261e-14 0.00193975 2.16345e-13 -7.29334e-14
1.04561 9.342e-13 -2.70651e-13 1.0458 1.77559e-13 -1.53156e-14
-1.04766 -7.1233e-13 1.8839e-13 -1.04781 -3.16789e-13 8.61663e-14
0.0892026 -2.78475e-14 1.02493e-14 0.0892734 4.00146e-14 -1.66636e-14
-0.572658 -1.18198e-13 9.43715e-15 -0.572885 -3.38818e-13 5.81464e-14
0.483456 1.46045e-13 -1.96864e-14 0.483647 2.53774e-13 -1.6294e-14
-0.355892 1.48328e-15 -8.73795e-17 -0.35563 1.76207e-15 -1.89538e-14
-0.408571 -2.91124e-15 1.44285e-16 -0.408895 3.97084e-14 -2.66525e-14
0.764463 1.42795e-15 -5.69055e-17 0.764546 7.20211e-16 -1.1239e-16
1.05364 1.13743e-14 -4.18421e-16 1.05377 -4.8306e-14 -1.84635e-14
-0.843461 -2.40677e-14 1.87146e-16 -0.84381 4.16529e-14 5.35468e-15
-0.210175 1.26934e-14 2.31274e-16 -0.209901 -7.63328e-15 1.87338e-14
-0.599567 8.43423e-15 -3.27383e-15 -0.599382 -2.76794e-15 -4.17805e-14
-0.0883482 -7.9143e-15 7.23362e-15 -0.0883971 -8.69171e-16 4.25512e-14
0.687916 -5.19936e-16 -3.9598e-15 0.687783 -1.61567e-14 -3.18326e-14
0.42808 -1.32669e-13 -4.91386e-14 0.428036 -1.36842e-13 1.70835e-15
-0.104382 5.00933e-14 2.65932e-14 -0.104384 -3.36678e-14 2.52868e-15
-0.323699 8.25752e-14 2.25454e-14 -0.323644 1.62925e-13 5.67989e-14
-0.717602 2.4664e-13 1.47082e-13 -0.717331 2.73182e-13 1.91331e-13
-0.0534086 1.33462e-14 -5.02711e-14 -0.0534249 -7.61298e-15 6.07705e-14
0.77101 -2.59987e-13 -9.68109e-14 0.770759 -2.39958e-13 -4.3837e-14
-0.799398 3.31936e-13 2.33527e-13 -0.799228 3.15599e-13 2.41308e-13
0.158001 -1.22347e-13 -1.0689e-14 0.158118 -4.24479e-14 -1.06454e-13
0.641397 -2.09589e-13 -2.22838e-13 0.641103 -3.37258e-13 -1.97964e-13
-0.428156 1.53393e-13 2.01146e-13 -0.427717 1.85801e-13 1.07901e-13
-0.624011 2.15224e-13 1.43493e-13 -0.624454 1.93368e-13 2.84439e-13
1.05217 -3.68618e-13 -3.44639e-13 1.0522 -4.18099e-13 -4.17261e-13
-0.149628 1.25708e-14 1.39114e-13 -0.149343 1.02794e-13 7.10883e-14
-1.16195 3.60276e-13 2.94609e-13 -1.16235 2.37153e-13 5.58959e-13
1.31158 -3.72847e-13 -4.33723e-13 1.31174 -3.38649e-13 -5.12304e-13
0.018857 2.165e-14 -2.76716e-14 0.0187261 9.84095e-16 -1.86656e-14
0.940482 -2.29512e-13 -3.07951e-13 0.940764 -1.9216e-13 -3.87504e-13
-0.959339 2.07862e-13 3.35622e-13 -0.959551 2.17e-13 3.64487e-13
0.103685 -9.95325e-15 -3.48378e-14 0.10364 -7.43251e-14 7.20754e-14
0.0836971 -1.87586e-14 -3.21759e-14 0.0836969 -2.04142e-14 -5.90006e-14
-0.187382 2.87118e-14 6.70136e-14 -0.187343 4.30117e-15 5.42572e-14
1.14328 -1.65358e-13 -2.45747e-13 1.1435 -7.76708e-14 -3.84755e-13
-1.25299 2.20312e-13 1.67349e-13 -1.25313 6.18883e-14 5.2522e-13
0.109708 -5.49535e-14 7.83983e-14 0.10971 1.06021e-13 -1.33471e-13
0.457577 -1.06764e-13 1.03585e-14 0.456928 2.71581e-14 -2.02589e-13
-1.74512 2.61793e-13 2.12362e-13 -1.74434 5.05289e-14 6.53808e-13
1.28754 -1.55029e-13 -2.2272e-13 1.2875 -2.43103e-14 -4.32263e-13
0.842864 -1.31805e-13 3.58112e-14 0.842845 -5.78051e-14 -1.71184e-13
-1.15792 2.17178e-13 -1.26491e-13 -1.15787 8.32565e-15 2.88484e-13
0.31506 -8.53725e-14 9.06801e-14 0.315102 1.63486e-15 -1.07756e-13
0.286159 7.34553e-14 -1.41115e-13 0.285823 -9.44762e-14 1.49749e-14
-1.59649 -3.94177e-14 3.66623e-13 -1.59611 2.60053e-13 -2.90887e-14
1.31033 -3.40376e-14 -2.25509e-13 1.31037 -1.37835e-13 -1.07481e-14
1.15549 -6.06725e-14 -2.10738e-13 1.15561 -2.40871e-13 -7.55489e-14
-1.40103 1.56194e-14 3.52318e-13 -1.40097 2.5016e-13 -5.59586e-14
0.245533 4.50531e-14 -1.41581e-13 0.245446 -8.09704e-14 7.60971e-14
0.198062 -1.15752e-13 1.28083e-13 0.198016 4.40524e-14 -8.0894e-14
-0.958984 3.11205e-13 -2.22408e-13 -0.959052 3.83456e-14 2.15371e-13
0.760922 -1.95453e-13 9.43247e-14 0.761093 -5.94718e-14 -4.80268e-14
0.754948 -1.11459e-13 2.99889e-14 0.755032 -1.65728e-13 2.65e-15
-0.725747 7.02708e-14 -7.63123e-14 -0.725934 1.96037e-13 6.32192e-14
-0.0292006 4.11887e-14 4.63235e-14 -0.0290499 6.91568e-14 -6.68997e-14
0.656969 -2.18778e-13 8.52749e-15 0.65699 -9.72465e-14 -4.26484e-14
-1.07661 3.67134e-13 -1.64192e-14 -1.07656 2.98744e-13 3.27023e-14
0.41964 -1.48357e-13 7.89172e-15 0.419644 -8.6599e-14 -4.16791e-14
0.475074 -2.11477e-13 1.44626e-13 0.474794 -1.25449e-13 -5.31577e-14
0.334027 -1.82526e-14 -2.04593e-13 0.334189 -1.88766e-13 1.35265e-13
-0.8091 2.29729e-13 5.99675e-14 -0.809004 3.38034e-13 -1.45995e-13
0.790074 -1.94556e-13 9.6851e-14 0.789894 -2.48316e-13 2.49549e-13
-0.0379488 -3.55498e-14 1.4576e-13 -0.0379985 7.04266e-15 -9.73173e-14
-0.752125 2.30106e-13 -2.42611e-13 -0.751893 1.94742e-13 -1.34326e-13
-0.179528 -1.35508e-13 6.2872e-14 -0.179267 6.31355e-14 -1.44822e-13
-0.813379 3.28282e-13 -5.69162e-13 -0.813738 -1.42227e-13 -1.26539e-13
0.992907 -1.92775e-13 5.0629e-13 0.993045 -5.42221e-15 2.92523e-13
1.01082 -1.28335e-13 4.44626e-13 1.01074 4.00542e-14 3.13828e-13
-1.5889 2.46033e-13 -7.16125e-13 -1.58839 -1.81841e-13 -5.31378e-13
0.578079 -1.17698e-13 2.71499e-13 0.577748 1.33966e-13 1.21849e-13
-0.372312 6.75044e-14 -1.74653e-13 -0.371738 -6.79363e-14 -1.49309e-13
1.87809 -8.78887e-14 7.45996e-13 1.87761 2.01631e-13 6.25701e-13
-1.50578 2.03843e-14 -5.71343e-13 -1.50598 -1.36318e-13 -5.7755e-13
-0.135714 2.85916e-14 -2.24952e-13 -0.135465 -1.11373e-13 1.82156e-13
-1.15587 -4.36444e-13 2.35638e-13 -1.15624 -2.13581e-13 -3.85915e-13
1.29159 4.07852e-13 -1.0686e-14 1.29176 2.71931e-13 3.1122e-13
-0.534975 -2.31815e-13 1.16681e-13 -0.534542 -2.0042e-13 -1.08982e-13
-0.408118 -9.40951e-14 -3.75332e-13 -0.408444 -2.13498e-13 2.33577e-13
0.943093 3.2591e-13 2.5865e-13 0.943004 3.28559e-13 -4.94428e-14
0.388754 1.94033e-13 -3.6231e-14 0.388732 1.91655e-16 1.97579e-13
-0.262711 -2.32896e-13 1.94809e-13 -0.262751 1.87856e-14 -2.05853e-13
-0.126044 3.88627e-14 -1.58578e-13 -0.125963 -7.50967e-14 -3.01794e-14
-0.419682 -1.99016e-13 -2.77114e-13 -0.419684 1.58207e-13 -1.20763e-13
0.120823 3.51415e-13 3.38984e-13 0.120837 -2.15179e-13 -1.46206e-13
0.298859 -1.52399e-13 -6.18694e-14 0.29884 9.97043e-14 2.88666e-13
-0.985093 1.12136e-13 -6.44907e-14 -0.985246 -1.77883e-13 -3.91251e-13
0.900026 -3.01472e-13 -9.26268e-14 0.900343 2.96662e-13 3.68614e-13
0.0850674 1.89336e-13 1.57117e-13 0.0848571 -1.07528e-13 -1.28741e-13
-0.0740025 -1.56561e-13 -1.81934e-13 -0.0738173 9.14717e-14 1.05877e-14
-1.02467 2.16036e-13 1.50985e-13 -1.02495 -2.79126e-13 -3.64814e-13
1.09867 -5.94753e-14 3.09482e-14 1.09881 1.5882e-13 2.58804e-13
-0.427823 8.31197e-14 1.06285e-14 -0.427556 -1.59591e-13 -1.08488e-13
1.52945 -1.08361e-13 5.89236e-14 1.52904 3.3461e-13 2.73199e-13
-1.10162 2.52413e-14 -6.95521e-14 -1.10158 -2.79828e-13 -2.45093e-13
0.576048 -8.12956e-14 -1.33481e-13 0.575468 2.17999e-13 2.17791e-13
-1.73149 5.85878e-14 1.70264e-13 -1.73066 -4.35664e-13 -4.4618e-13
1.15545 2.27078e-14 -3.67836e-14 1.15529 2.45959e-13 3.20127e-13
0.40112 -1.09691e-13 -5.46002e-14 0.401091 2.26321e-13 1.78517e-13
-0.735132 2.21284e-13 1.11345e-13 -0.735179 -2.83671e-13 -1.94198e-13
0.334011 -1.11593e-13 -5.67451e-14 0.334137 1.44059e-13 4.23653e-14
-1.43006 -6.32874e-13 -4.0271e-13 -1.43029 -2.71363e-13 -9.94661e-14
1.48234 8.85254e-13 6.11283e-13 1.4825 1.55237e-13 -8.42125e-15
-0.0522846 -2.5238e-13 -2.08573e-13 -0.0522689 1.49253e-13 1.48859e-13
-0.429274 -3.53006e-13 -2.89838e-13 -0.429353 -1.39261e-14 9.20319e-15
0.158754 4.77262e-13 4.06909e-13 0.158857 -2.35738e-13 -1.98874e-13
0.27052 -1.24256e-13 -1.1707e-13 0.270487 2.05488e-13 1.58073e-13
1.2705 4.39416e-13 4.39787e-13 1.27071 3.58299e-13 2.78012e-13
-0.980525 -3.70861e-13 -4.33514e-13 -0.981022 -2.49212e-13 -1.20487e-13
-0.289973 -6.85548e-14 -6.27259e-15 -0.289628 -6.59212e-14 -1.7558e-13
0.645785 1.81514e-13 2.33664e-13 0.645558 1.28784e-13 5.25005e-14
0.097659 5.15974e-14 -2.92738e-14 0.0977577 4.56973e-14 1.32793e-13
-0.743444 -2.33112e-13 -2.04391e-13 -0.743322 -1.79054e-13 -2.00624e-13
-0.821696 -3.34407e-13 -3.91219e-13 -0.821512 -5.3497e-14 -2.24016e-13
0.188766 3.75428e-13 3.03355e-13 0.188899 -1.56518e-13 -4.19694e-14
0.63293 -4.10207e-14 8.78636e-14 0.632604 2.08402e-13 2.05683e-13
-0.366047 -2.34125e-13 -2.11026e-13 -0.365735 1.0769e-13 -2.1377e-14
-0.585395 2.88568e-13 1.35507e-13 -0.585739 -3.09665e-13 -3.13335e-13
0.951441 -5.44435e-14 7.55193e-14 0.951502 2.4578e-13 3.15268e-13
0.723782 4.06408e-14 3.77966e-14 0.723543 1.69937e-13 1.23022e-13
0.0329997 1.32296e-13 1.47602e-13 0.0330399 -4.79961e-14 -9.10961e-14
-0.756781 -1.72937e-13 -1.85398e-13 -0.756585 -1.01807e-13 -1.17064e-13
-0.34176 -2.00325e-13 -1.13354e-13 -0.341309 -3.31612e-14 5.63704e-14
-0.797584 2.31788e-14 8.9454e-14 -0.798091 -3.17432e-13 -1.75762e-13
1.13934 1.77146e-13 2.38999e-14 1.13943 2.97961e-13 1.43336e-13
-0.801995 -2.3476e-13 -1.36965e-13 -0.801454 -2.79763e-13 1.67116e-14
1.82035 5.31806e-13 3.06339e-13 1.81922 5.32949e-13 1.97732e-13
-1.01836 -2.97046e-13 -1.69373e-13 -1.01787 -2.61807e-13 -1.54876e-13
1.36235 3.66896e-13 3.38643e-13 1.36267 2.12774e-13 3.49732e-13
-1.48916 -4.61852e-13 -3.50732e-13 -1.48928 -2.74372e-13 -3.93468e-13
0.126809 9.49567e-14 1.20887e-14 0.1267 -5.28333e-14 -5.29521e-15
0.284825 1.24769e-13 7.09959e-14 0.284467 -2.27129e-14 1.10937e-13
0.895471 1.21059e-14 3.02881e-13 0.896044 2.72244e-13 2.6035e-13
-1.1803 -1.36875e-13 -3.73877e-13 -1.18057 -2.85172e-13 -3.94105e-13
-0.36778 -4.07569e-14 -1.84037e-13 -0.367901 -5.40083e-14 -8.61953e-14
0.393077 2.77395e-14 2.60192e-13 0.393232 1.16216e-13 2.78512e-14
-0.0252977 1.30174e-14 -7.61548e-14 -0.0253556 -8.79777e-14 1.33325e-13
-0.390148 -1.45059e-13 -3.06333e-14 -0.390256 -5.82346e-14 -7.07066e-14
0.530866 2.42955e-13 -3.35437e-15 0.530988 4.2991e-14 2.53633e-13
-0.140718 -9.78963e-14 3.39877e-14 -0.140766 3.96899e-14 -4.58946e-14
0.852262 1.16973e-13 2.46188e-13 0.852122 2.58979e-13 9.2828e-14
-0.152195 1.81701e-13 -2.3675e-13 -0.152317 -1.17389e-13 1.00637e-13
-0.700068 -2.98674e-13 -9.43841e-15 -0.699796 -1.09665e-13 -1.41954e-13
0.426096 1.77712e-14 1.94497e-13 0.426004 5.9892e-14 -6.99449e-14
-0.0160535 2.00573e-13 -2.86549e-13 -0.0160425 -6.32992e-14 1.33251e-13
-0.410042 -2.18344e-13 9.20521e-14 -0.40996 -4.15093e-14 -1.78915e-13
-0.167086 4.50584e-14 -2.47825e-13 -0.166892 -9.51464e-14 5.9695e-14
1.59598 1.00507e-13 8.72622e-13 1.59607 3.58539e-13 2.11757e-13
-1.42889 -1.45566e-13 -6.24797e-13 -1.42927 -2.54897e-13 -2.98818e-13
-0.999943 -2.9907e-13 -2.62695e-13 -1.00002 -1.68169e-13 -4.68878e-13
1.3915 4.79294e-13 3.03498e-13 1.39126 1.73337e-13 6.00021e-13
-0.391553 -1.80224e-13 -4.08028e-14 -0.391319 -9.4397e-14 -1.4254e-13
-0.951337 -4.04262e-13 -1.01042e-14 -0.951181 -1.38662e-13 -4.43341e-13
0.376825 4.36206e-13 -3.91556e-13 0.377095 -9.38552e-14 4.75523e-13
0.574511 -3.19444e-14 4.01661e-13 0.574071 1.94536e-13 -7.91521e-14
0.2461 1.76644e-13 -1.16485e-13 0.246081 -1.39779e-14 1.91338e-13
-0.831543 -4.29759e-13 1.43375e-13 -0.831623 -5.34256e-14 -3.70046e-13
0.585444 2.53115e-13 -2.68896e-14 0.585594 1.17033e-13 2.3909e-13
-0.620892 -6.60782e-14 -2.13647e-13 -0.620643 -2.71585e-13 3.5667e-14
1.59884 2.06531e-13 5.03127e-13 1.59829 5.43181e-13 1.48073e-13
-0.977945 -1.40452e-13 -2.8948e-13 -0.977741 -3.37266e-13 -1.81106e-13
-0.268 -2.95164e-13 3.2454e-13 -0.267555 1.01202e-13 -2.2176e-13
-0.907158 2.76747e-13 -7.38371e-13 -0.907657 -5.12024e-13 3.78088e-13
1.17516 1.84167e-14 4.13831e-13 1.17525 3.35828e-13 -1.30609e-13
0.548912 -2.64598e-14 2.23449e-13 0.548954 1.5195e-13 -1.13013e-13
-0.642283 1.33613e-13 -4.09291e-13 -0.64237 -2.45565e-13 1.8719e-13
0.0933714 -1.07154e-13 1.85842e-13 0.0934593 1.05421e-13 -1.13536e-13
-0.668315 -2.03723e-14 -5.70915e-13 -0.668222 -2.60319e-13 -1.56653e-14
0.166038 -2.33984e-13 7.30185e-13 0.166135 2.6356e-13 -3.47379e-13
0.502277 2.54356e-13 -1.59269e-13 0.502078 -5.31319e-14 3.33139e-13
-0.40055 8.35147e-14 -5.17567e-13 -0.400324 -1.54023e-13 1.31191e-13
-0.322909 -3.95885e-13 5.85876e-13 -0.32315 1.58328e-13 -6.15144e-13
0.723459 3.1237e-13 -6.83082e-14 0.72349 6.1909e-15 4.78188e-13
0.154054 -6.73788e-14 3.13924e-13 0.153919 3.47867e-14 -1.33815e-13
-1.35996 -6.64523e-14 -1.06211e-12 -1.35993 -3.43616e-13 -2.72865e-13
1.20591 1.33831e-13 7.48183e-13 1.20607 2.95555e-13 3.00518e-13
0.447498 1.57005e-13 2.33812e-13 0.447375 1.61125e-14 2.36951e-13
0.164992 -1.18003e-13 1.31562e-13 0.165026 1.47542e-13 9.83598e-14
-0.612491 -3.90021e-14 -3.65374e-13 -0.612412 -1.43683e-13 -3.55074e-13
-0.819407 -1.40995e-13 -4.26054e-13 -0.819238 -2.66337e-13 -6.46444e-13
1.5411 2.54037e-13 7.82841e-13 1.54053 4.38089e-13 1.07585e-12
-0.721695 -1.13042e-13 -3.56787e-13 -0.721384 -2.23438e-13 -4.32206e-13
-0.606049 -2.24354e-13 -3.79117e-13 -0.60593 -1.83309e-14 -2.10383e-13
0.0378058 2.47768e-13 2.1714e-13 0.0378027 -1.35489e-13 -7.53678e-14
0.568243 -2.34135e-14 1.61977e-13 0.568125 1.07043e-13 3.18145e-13
-0.458741 -2.27891e-13 -2.62528e-13 -0.45885 3.09584e-14 -1.70298e-13
0.308558 3.57824e-13 2.72256e-13 0.30865 -1.0638e-13 6.9879e-14
0.150184 -1.29933e-13 -9.72798e-15 0.150182 1.27318e-13 1.45262e-13
0.700269 1.05599e-15 2.73083e-13 0.69995 2.16734e-13 8.7239e-14
0.142479 3.36894e-13 -1.90893e-13 0.142628 -1.45635e-13 1.95023e-13
-0.842748 -3.3795e-13 -8.21897e-14 -0.842587 2.0412e-14 -3.04972e-13
0.645607 3.23235e-13 -6.83744e-15 0.64541 7.28687e-14 1.30197e-13
0.120088 -2.90119e-13 1.68652e-13 0.120103 2.13631e-13 -8.70569e-14
-0.765695 -3.31155e-14 -1.61815e-13 -0.765521 -2.84734e-13 -7.59795e-14
1.19473 2.45266e-13 -1.77865e-13 1.19492 2.33146e-13 8.35499e-14
-1.41425 -2.7113e-13 3.04932e-13 -1.41429 -3.01401e-13 -6.94543e-14
0.21952 2.58638e-14 -1.27067e-13 0.219463 -3.85741e-15 7.02272e-14
-0.368381 -1.16119e-13 -6.07201e-14 -0.368022 1.53026e-14 5.65824e-14
1.605 4.08278e-13 4.42146e-14 1.60467 2.6579e-13 -2.92078e-13
-1.23662 -2.92158e-13 1.65054e-14 -1.23675 -1.88711e-13 1.64383e-13
0.751051 -1.74195e-13 -3.24953e-14 0.750542 3.20072e-13 -1.66676e-13
-1.69983 2.74535e-13 1.07237e-13 -1.69896 -5.95319e-13 3.4208e-13
0.948778 -1.00339e-13 -7.47414e-14 0.948516 3.40947e-13 -2.48941e-13
0.457527 3.27186e-13 -2.23461e-13 0.457569 -5.72818e-14 -5.46769e-14
-0.572582 -5.90301e-13 3.46336e-13 -0.57272 2.20151e-13 -2.90443e-14
0.115055 2.63114e-13 -1.22874e-13 0.11519 -9.77744e-14 3.09288e-14
1.34893 1.56283e-13 -5.35777e-13 1.34926 4.17668e-13 -6.36844e-13
-1.34848 5.39931e-15 4.04418e-13 -1.34882 -5.24538e-13 8.42448e-13
-0.000450417 -1.61683e-13 1.31359e-13 -0.000360179 1.33353e-13 -4.61073e-14
-0.988539 -5.50088e-13 5.90389e-13 -0.988641 -1.10756e-13 5.41861e-13
1.40611 9.83996e-13 -8.61119e-13 1.40589 5.80946e-15 -7.41328e-13
-0.417575 -4.33908e-13 2.7073e-13 -0.417327 9.58506e-14 2.81118e-13
-0.964619 -5.97117e-13 7.02127e-13 -0.964637 3.28219e-14 6.33107e-13
0.510759 8.66952e-13 -5.10672e-13 0.511128 -3.51259e-13 -2.05327e-13
0.453859 -2.69835e-13 -1.91454e-13 0.453487 3.78167e-13 -4.09787e-13
0.816951 2.31833e-13 -4.40214e-13 0.816779 1.0713e-13 -5.90741e-13
-0.188666 -1.46437e-13 -5.27615e-14 -0.188772 1.82249e-14 1.9808e-13
-0.628285 -8.53964e-14 4.92976e-13 -0.627995 -2.15132e-13 2.94033e-13
0.411115 2.26679e-13 -3.44315e-13 0.411051 -1.0366e-13 -1.07658e-13
-0.0525898 -3.38178e-13 2.45198e-13 -0.0526349 1.65746e-13 -1.41835e-13
-0.358525 1.11499e-13 9.91163e-14 -0.358413 -1.58247e-13 2.74773e-13
0.538427 -7.77602e-14 -1.46087e-13 0.538227 2.6059e-13 -2.61833e-13
0.131649 4.38921e-13 -1.88074e-13 0.131781 -1.9364e-13 -3.44126e-14
-0.670076 -3.61161e-13 3.3416e-13 -0.670017 -1.53463e-14 2.29458e-13
-0.785384 -4.47076e-13 3.18403e-13 -0.785553 -2.1397e-14 2.43534e-13
0.815559 7.00511e-13 -4.41482e-13 0.81579 -3.66769e-14 -1.0687e-13
-0.0301747 -2.53435e-13 1.23078e-13 -0.0302826 1.63014e-13 -3.37007e-14
-1.16812 -5.54027e-13 2.00863e-13 -1.16821 -1.04151e-13 8.65263e-14
0.846788 7.37349e-13 -2.65887e-13 0.847256 -1.18615e-13 3.5391e-14
0.321328 -1.83323e-13 6.50248e-14 0.32092 2.66798e-13 -5.01445e-14
1.64566 1.90045e-13 -1.02564e-14 1.64617 4.15293e-13 -4.08398e-14
-1.79298 -6.8059e-14 -8.97103e-15 -1.79303 -5.53909e-13 1.99525e-14
0.147326 -1.21986e-13 1.92274e-14 0.146965 1.70978e-13 -8.94636e-14
0.405179 -2.00214e-13 7.03085e-14 0.404725 1.75994e-13 -1.13566e-13
-1.57285 2.2254e-13 -1.51704e-13 -1.57233 -6.26656e-13 5.2098e-14
1.16767 -2.23256e-14 8.13952e-14 1.16769 3.67708e-13 -1.78496e-14
0.0352284 3.41077e-14 -8.22121e-14 0.035248 7.99752e-14 1.64055e-13
-0.259297 -9.34534e-14 1.07513e-13 -0.259416 -3.76494e-15 -1.47708e-13
0.224069 5.93457e-14 -2.53009e-14 0.224185 -6.16456e-14 1.16464e-13
-0.699574 -7.50933e-14 -3.68087e-13 -0.699751 -1.49116e-13 -1.89435e-13
0.981094 8.11634e-14 5.89919e-13 0.981175 2.34148e-13 2.59723e-13
-0.281521 -6.07011e-15 -2.21832e-13 -0.281482 -9.89278e-14 -7.6703e-14
0.711346 -8.50401e-14 3.10848e-13 0.711229 3.29865e-13 3.51728e-13
-1.33298 1.64744e-13 -5.82829e-13 -1.33278 -4.17034e-13 -5.00181e-13
0.62163 -7.97035e-14 2.71982e-13 0.621636 2.54727e-13 2.08539e-13
0.816963 -1.98792e-14 -3.04689e-14 0.816798 -1.19728e-14 -4.90432e-14
-0.167557 2.28265e-14 1.17663e-14 -0.167683 -1.16871e-14 -6.18042e-14
-0.649405 -2.94728e-15 1.87026e-14 -0.649104 4.43707e-14 7.73293e-15
1.05509 -7.44395e-15 -8.61867e-14 1.05526 -9.2244e-14 -9.94553e-14
-0.82357 -1.64261e-14 7.06749e-14 -0.82395 5.03724e-14 1.38116e-14
-0.231523 2.387e-14 1.55118e-14 -0.231258 8.89476e-15 4.14564e-14
0.802982 -5.97715e-14 -5.31027e-14 0.802858 -4.2794e-14 -3.14622e-14
-0.177666 7.01273e-14 -3.92608e-14 -0.177763 -3.06891e-14 6.94413e-14
-0.625316 -1.03558e-14 9.23636e-14 -0.625084 7.85616e-14 7.0668e-14
-0.723943 6.2638e-14 1.82796e-13 -0.723801 7.22367e-14 1.30503e-13
1.49956 -1.2831e-13 -3.79254e-13 1.49906 -2.51182e-13 -3.43217e-13
-0.775618 6.5672e-14 1.96458e-13 -0.775349 1.42981e-13 1.67822e-13
0.841955 -1.89625e-13 -2.78834e-13 0.842045 -3.17925e-13 -3.57394e-13
-0.924881 1.48215e-13 2.84994e-13 -0.925058 3.71614e-13 3.7154e-13
0.0829256 4.141e-14 -6.16017e-15 0.0830747 -6.84962e-14 -1.74484e-14
-0.771994 3.08841e-13 3.20294e-13 -0.771826 2.6019e-13 2.62768e-13
0.159921 -9.5913e-14 -9.658e-14 0.160019 -1.03808e-13 -8.81907e-14
0.612073 -2.12928e-13 -2.23714e-13 0.611799 -1.83262e-13 -2.94188e-13
0.289342 -7.02004e-14 -8.05936e-14 0.289311 -1.30006e-13 -1.65679e-13
-0.0533289 -7.10365e-14 -5.0366e-14 -0.0533767 7.28341e-14 5.15201e-14
-0.236013 1.41237e-13 1.3096e-13 -0.23593 6.97822e-14 1.03858e-13
0.131788 -8.88079e-14 -6.67433e-14 0.13184 -6.95387e-14 -1.07391e-13
-1.03337 5.53271e-13 4.41201e-13 -1.03352 4.98159e-13 3.85492e-13
0.901581 -4.64463e-13 -3.74458e-13 0.901742 -4.47364e-13 -3.1205e-13
0.735826 -4.85525e-13 -2.13834e-13 0.735888 -3.98908e-13 -2.23227e-13
-0.834296 5.74169e-13 2.5954e-13 -0.83443 4.44344e-13 1.65505e-13
0.0984704 -8.86446e-14 -4.5706e-14 0.0985968 -9.09319e-14 -8.74888e-14
-0.494203 3.0772e-13 9.50304e-14 -0.494262 3.64977e-13 3.16869e-14
0.167347 -9.93573e-14 -3.02936e-14 0.167461 -1.29999e-13 -5.31115e-14
0.326856 -2.08362e-13 -6.47368e-14 0.326792 -2.66272e-13 6.3274e-14
-0.491029 2.9198e-13 5.2272e-14 -0.491133 3.03681e-13 2.10308e-14
0.394229 -2.20739e-13 -2.8074e-14 0.394387 -2.60972e-13 -1.01621e-13
0.0968001 -7.12406e-14 -2.41979e-14 0.0967227 2.37262e-14 -7.48467e-14
-0.112199 1.847e-13 5.95619e-14 -0.112095 4.389e-14 -9.84652e-14
1.47384 -1.07134e-12 -1.99692e-13 1.47392 -7.03562e-13 -4.37455e-14
-1.36164 8.86641e-13 1.4013e-13 -1.36191 7.00004e-13 5.26207e-14
0.396025 -6.41819e-14 2.02723e-14 0.395838 -2.52039e-13 8.6574e-16
0.248941 -2.85394e-13 -6.75222e-14 0.249111 -1.39044e-14 2.53506e-14
-0.644966 3.49576e-13 4.725e-14 -0.644966 2.00132e-13 5.89124e-14
0.223145 8.34887e-14 -3.49383e-14 0.223065 -1.22256e-13 1.49701e-14
-1.05543 3.77025e-14 8.85924e-14 -1.05552 5.11435e-13 1.97682e-14
0.832286 -1.21191e-13 -5.36541e-14 0.832511 -4.23725e-13 8.29683e-15
0.0888454 2.42064e-13 -2.03576e-14 0.0888905 -8.94338e-14 -5.51147e-14
-0.811729 -5.65987e-13 2.1038e-13 -0.81189 2.01282e-13 2.17705e-13
0.722884 3.23923e-13 -1.90023e-13 0.723047 -5.2142e-14 -2.12188e-13
0.113127 2.34399e-13 -1.75769e-14 0.113131 -7.17923e-14 9.57065e-15
-0.205509 -4.58521e-13 2.86498e-14 -0.205598 2.02463e-13 1.03594e-13
0.0923819 2.24121e-13 -1.10729e-14 0.0924808 -8.60355e-14 -9.89217e-14
-0.408383 5.60846e-14 1.31145e-13 -0.408557 -3.69018e-13 1.85506e-13
0.396216 -2.94426e-13 -1.22557e-13 0.396378 4.92475e-13 -1.82009e-13
0.0121664 2.38342e-13 -8.58786e-15 0.0121545 -2.23956e-13 2.14812e-14
0.610824 1.7611e-13 -4.3072e-14 0.610234 5.6938e-13 -1.85236e-13
-1.69192 -6.94843e-13 1.91969e-13 -1.69112 -1.37223e-12 4.2224e-13
1.08109 5.18733e-13 -1.48897e-13 1.08098 8.4922e-13 -2.81286e-13
-0.00969876 -1.86608e-13 5.85597e-14 -0.00978317 9.02708e-14 -8.09598e-14
0.347715 5.92066e-13 -1.66888e-13 0.347745 6.54521e-14 4.19445e-15
-0.338016 -4.05459e-13 1.08328e-13 -0.337985 -1.20535e-13 -1.18488e-14
-0.475384 2.98558e-14 7.00044e-14 -0.47495 -4.12872e-13 1.51544e-13
-0.520426 -7.96071e-13 2.17384e-13 -0.520833 1.09134e-13 4.54556e-14
0.995811 7.66215e-13 -2.87388e-13 0.995806 2.9518e-13 -1.59817e-13
-0.532018 -5.12781e-13 2.33095e-13 -0.532124 -5.15759e-14 1.40214e-13
0.416265 7.32661e-13 -2.93295e-13 0.416414 -1.01342e-13 -3.45822e-14
0.115752 -2.1988e-13 6.02e-14 0.115684 2.17307e-13 -6.42255e-14
0.744655 -1.21192e-13 -1.14795e-13 0.744144 3.10529e-13 -2.41036e-13
-1.73106 1.53779e-13 3.19104e-13 -1.73022 -6.84336e-13 6.7166e-13
0.986405 -3.25868e-14 -2.04309e-13 0.986178 4.38548e-13 -3.6425e-13
0.740793 -2.70954e-13 -5.39404e-14 0.7407 -1.55411e-13 -7.11023e-14
-1.27585 4.68612e-13 9.37678e-14 -1.27566 4.41515e-13 4.35286e-14
0.535061 -1.97658e-13 -3.98275e-14 0.535037 -2.16482e-13 1.67202e-14
1.15111 -2.88161e-13 -1.57763e-13 1.15133 -5.88663e-13 -4.64174e-14
-1.05963 7.22009e-14 2.33533e-13 -1.06 6.22774e-13 -1.55359e-14
-0.0914871 2.1596e-13 -7.57705e-14 -0.0912599 -1.24463e-13 7.93344e-14
-0.690786 4.11791e-13 2.87435e-14 -0.6907 3.70975e-13 1.54951e-13
1.4173 -8.45341e-13 -5.63406e-14 1.41692 -8.22349e-13 -2.16591e-13
-0.726512 4.3355e-13 2.75971e-14 -0.726311 4.06229e-13 1.5092e-13
0.701765 -4.0065e-13 -9.9399e-14 0.701496 -3.60731e-13 -3.38863e-13
-1.49971 8.54532e-13 2.52669e-13 -1.49919 8.3454e-13 7.17009e-13
0.797941 -4.53883e-13 -1.5327e-13 0.797785 -4.04667e-13 -3.65784e-13
0.79247 -2.8092e-13 -4.16353e-13 0.792552 -4.29449e-13 -1.87855e-13
-0.585531 1.03059e-13 4.70457e-13 -0.585782 3.19674e-13 7.02464e-15
-0.20694 1.7786e-13 -5.4104e-14 -0.206731 9.28773e-14 1.18777e-13
0.971342 -4.16105e-13 -1.74474e-13 0.971445 -3.62055e-13 -3.64158e-13
-0.55688 3.17469e-13 -7.74252e-14 -0.557257 1.39142e-13 2.94549e-13
-0.414462 9.86363e-14 2.51899e-13 -0.414152 2.18398e-13 1.02438e-14
-0.718007 2.78516e-13 6.05163e-14 -0.717694 2.35726e-13 3.30408e-13
-0.0576199 -9.62282e-14 2.85223e-13 -0.0576075 8.03219e-14 -1.48821e-13
0.775627 -1.82288e-13 -3.4574e-13 0.775304 -3.48881e-13 -1.21858e-13
0.633661 -9.30693e-14 -2.02532e-13 0.633613 -1.72958e-13 -1.29076e-13
-0.259494 -5.39271e-14 1.72907e-13 -0.259628 5.59062e-14 1.10641e-15
-0.374167 1.46996e-13 2.96255e-14 -0.373968 3.47408e-14 2.87482e-14
-0.989106 9.67591e-14 3.94634e-13 -0.98925 2.07074e-13 -4.10863e-14
0.775391 8.97191e-16 -5.88637e-13 0.775721 -1.98765e-13 1.3419e-13
0.213715 -9.76563e-14 1.94003e-13 0.213492 6.92072e-15 -1.54743e-13
-1.14395 2.10915e-13 -3.21713e-14 -1.14409 7.25498e-14 2.6693e-13
0.921682 -2.8156e-13 2.8168e-13 0.922082 9.02655e-16 -4.7674e-13
0.222267 7.06448e-14 -2.49508e-13 0.221968 1.27735e-14 1.8995e-13
-0.633468 -3.49497e-14 2.97669e-13 -0.633051 8.52962e-14 -1.05164e-13
-0.225364 1.63036e-13 -4.1406e-13 -0.225586 -1.35995e-13 2.96669e-13
0.858833 -1.28086e-13 1.16391e-13 0.858647 -1.92991e-14 -1.86765e-13
-0.444695 5.12822e-15 3.60434e-14 -0.444551 1.08631e-14 -6.40423e-14
1.44046 -1.74726e-14 -1.19375e-13 1.44019 -1.97229e-14 -1.09798e-13
-0.995768 1.23444e-14 8.33315e-14 -0.995732 3.98439e-14 1.54183e-13
-0.693363 -1.3314e-13 1.76442e-13 -0.693515 -4.5316e-14 -5.85124e-14
0.734283 2.11934e-13 -3.33687e-13 0.734466 -3.89601e-14 2.05775e-13
-0.0409204 -7.87943e-14 1.57245e-13 -0.0409933 -8.63135e-14 -1.22891e-13
-1.08647 -1.22109e-13 -2.25171e-13 -1.0866 -2.6537e-13 2.4284e-13
1.25886 3.94034e-14 5.03029e-13 1.25886 4.29979e-13 -3.68603e-13
-0.172386 8.27056e-14 -2.77858e-13 -0.172324 1.50966e-14 1.99172e-13
-0.864829 -3.82114e-13 -7.463e-15 -0.864694 -6.47261e-13 2.5378e-13
1.60893 6.77479e-13 5.48919e-14 1.60828 1.12361e-12 -4.51093e-13
-0.744096 -2.95365e-13 -4.74289e-14 -0.743683 -5.68316e-13 2.0779e-13
-0.702617 -3.55637e-13 7.58263e-14 -0.702727 -6.36503e-13 3.74599e-13
0.566483 1.29763e-13 1.1263e-13 0.566678 5.80643e-13 -4.08802e-13
0.136134 2.25874e-13 -1.88456e-13 0.136017 -5.16925e-14 4.6868e-14
0.903924 6.82016e-13 -2.61496e-13 0.903998 5.14428e-13 -3.9371e-13
-0.559094 -4.863e-13 8.54004e-14 -0.559354 -3.2773e-13 2.3838e-13
-0.34483 -1.95716e-13 1.76096e-13 -0.344608 -2.24845e-13 9.76917e-14
0.30348 8.41925e-14 -4.66006e-14 0.303502 2.85501e-13 -8.36474e-14
-0.292098 4.90204e-14 -2.34819e-14 -0.292146 -3.24586e-13 1.4163e-13
-0.0113823 -1.33213e-13 7.00825e-14 -0.0113357 8.34622e-14 3.1376e-14
1.12749 7.14203e-13 -5.34193e-13 1.12759 7.23835e-13 -4.52465e-13
-0.732243 -3.95858e-13 4.48132e-13 -0.732651 -5.76964e-13 2.11018e-13
-0.395248 -3.18345e-13 8.60609e-14 -0.394889 -1.88047e-13 1.68339e-13
0.37027 2.53709e-13 -3.25587e-13 0.370003 1.65671e-13 -1.18551e-13
0.38947 1.54402e-13 1.41395e-13 0.389731 3.08599e-13 -4.34462e-13
-0.75974 -4.0811e-13 1.84192e-13 -0.759759 -4.47634e-13 3.9023e-13
-0.759199 -4.82701e-13 4.93743e-13 -0.759296 -3.15692e-13 3.20004e-13
0.432017 5.00355e-13 -4.24206e-13 0.432272 1.32095e-14 -7.40103e-14
0.327182 -1.76539e-14 -6.95369e-14 0.327002 2.46036e-13 -2.29251e-13
0.369838 8.00607e-15 -7.67282e-14 0.369704 1.24399e-13 -2.66523e-13
0.104843 1.26119e-13 -3.33884e-13 0.104933 -5.40524e-14 7.72712e-14
-0.474681 -1.34125e-13 4.10612e-13 -0.474644 -3.32119e-14 1.60596e-13
-0.836411 1.00898e-13 4.17983e-13 -0.836204 -9.0221e-14 4.84116e-13
0.173046 -2.81716e-13 -5.8101e-16 0.173255 2.39407e-13 -1.67968e-13
0.663365 1.80818e-13 -4.17402e-13 0.662942 -1.75014e-13 -3.09918e-13
0.0425072 -1.03461e-13 9.8648e-14 0.0424533 2.71298e-14 -9.70341e-14
-0.0483501 2.06856e-13 -2.16475e-13 -0.0483141 -1.15237e-13 1.44601e-13
0.00584292 -1.03395e-13 1.17827e-13 0.00586403 6.79467e-14 -6.5436e-14
0.044025 -1.16562e-13 9.07675e-14 0.0440501 9.17699e-14 -6.15733e-14
-0.335935 2.64835e-13 -6.78088e-14 -0.336047 -1.09103e-13 2.76213e-13
0.29191 -1.48273e-13 -2.29586e-14 0.292018 2.0934e-14 -1.98736e-13
-0.105899 -7.90614e-14 1.41591e-13 -0.105869 1.60913e-13 -4.47266e-14
-0.490225 3.82469e-13 -4.28794e-14 -0.49033 1.64921e-14 2.7846e-13
0.596124 -3.03408e-13 -9.87112e-14 0.596227 -1.48934e-13 -2.70472e-13
0.540147 -3.41748e-13 -1.00855e-13 0.539782 -8.65366e-14 -1.60262e-13
-1.48883 8.27956e-13 3.21132e-13 -1.48837 4.09277e-13 4.50702e-13
0.948687 -4.86209e-13 -2.20277e-13 0.948678 -2.24178e-13 -3.44426e-13
0.296818 -1.09823e-13 -6.77936e-14 0.296749 -2.26614e-13 3.7453e-14
0.011997 -1.38807e-13 9.66579e-14 0.0120235 8.05996e-14 -3.65253e-14
-0.308815 2.4863e-13 -2.88643e-14 -0.308774 2.13593e-13 1.13791e-13
0.507839 -3.45612e-13 -4.5504e-15 0.507489 -3.61426e-13 -2.31343e-14
0.458688 -3.31874e-13 1.00947e-13 0.459026 -3.34227e-13 -3.03649e-14
-0.966527 6.77487e-13 -9.63964e-14 -0.966543 7.59123e-13 2.45939e-14
-0.0246863 1.43255e-13 -1.50925e-14 -0.0247588 4.41423e-14 2.14498e-14
1.00095 -9.67314e-13 2.22014e-13 1.00115 -5.86542e-13 2.13088e-13
-0.976265 8.24059e-13 -2.06922e-13 -0.976456 6.34222e-13 -1.2219e-13
-0.567587 5.27578e-13 -2.60297e-13 -0.567399 2.12741e-13 -1.78294e-13
1.46619 -1.28741e-12 6.5269e-13 1.4658 -7.62555e-13 5.42682e-13
-0.898604 7.59833e-13 -3.92394e-13 -0.89849 4.26934e-13 -3.32133e-13
-0.326817 3.91472e-13 -2.31121e-13 -0.326667 1.04548e-13 -1.3461e-13
-0.362149 -1.91703e-13 -2.08477e-14 -0.362304 4.51063e-13 -2.26915e-13
0.688965 -1.99769e-13 2.51969e-13 0.688991 -5.25154e-13 3.23834e-13
-0.277187 3.38175e-13 -2.28701e-13 -0.277185 4.81083e-14 -1.00099e-13
-0.0394077 -3.6805e-13 1.38105e-13 -0.0394493 2.4876e-13 -1.07753e-13
0.316594 2.98742e-14 9.0596e-14 0.316636 -3.15016e-13 2.22837e-13
-1.16793 1.29044e-13 -7.93252e-13 -1.16808 -2.07807e-13 -5.46742e-13
0.894355 -3.35884e-13 7.83454e-13 0.894841 2.95792e-13 3.68358e-13
0.273574 2.0684e-13 9.79803e-15 0.273201 -9.02715e-14 2.15595e-13
0.634119 2.17288e-13 2.86238e-13 0.633869 -1.16893e-14 3.09302e-13
0.102446 -2.47881e-13 5.26604e-14 0.102582 1.53803e-13 4.22267e-14
-0.736565 3.05937e-14 -3.38899e-13 -0.736458 -1.65728e-13 -3.32473e-13
-1.26116 -2.69851e-13 -5.14378e-13 -1.26127 -5.03313e-13 -2.64193e-13
1.03645 8.598e-14 6.08947e-13 1.0369 4.57262e-13 9.22771e-14
0.224702 1.83871e-13 -9.45695e-14 0.224325 3.02738e-14 1.88403e-13
-0.0599722 -1.52073e-14 -1.57624e-13 -0.059914 -6.12256e-14 8.89786e-14
-0.594414 -2.2939e-13 1.70847e-13 -0.59459 -1.83314e-13 -2.88164e-13
0.654386 2.44597e-13 -1.3223e-14 0.654539 2.18201e-13 2.62229e-13
-0.0102866 8.90076e-14 1.33198e-14 -0.010249 -9.74404e-14 3.03022e-14
1.54736 4.85261e-13 5.54162e-14 1.54775 8.54809e-13 8.27217e-14
-1.53708 -5.74269e-13 -6.8736e-14 -1.53759 -7.48478e-13 -9.44417e-14
-0.304834 -3.12416e-13 1.05467e-13 -0.304703 -3.33766e-15 -1.18608e-13
1.48647 1.0994e-12 -2.85631e-13 1.48636 6.10922e-13 6.23039e-15
-1.18164 -7.86985e-13 1.80164e-13 -1.18175 -4.98525e-13 4.59303e-14
0.525839 1.55453e-13 -7.56165e-14 0.525432 3.00902e-13 -8.48547e-14
0.431133 5.39465e-13 -1.29938e-13 0.431483 1.27494e-13 -1.06816e-13
-0.956972 -6.94917e-13 2.05555e-13 -0.956942 -4.72647e-13 2.00226e-13
-0.40432 -2.38702e-13 2.8479e-13 -0.404279 -2.77152e-13 1.76377e-13
-0.0938302 -7.06316e-14 -2.27302e-13 -0.0938796 -9.45004e-16 1.84837e-13
0.49815 3.09334e-13 -5.74877e-14 0.498164 2.49437e-13 -3.27647e-13
-0.133114 -9.60667e-15 -2.08423e-14 -0.133237 -1.20633e-13 1.61051e-13
0.30431 4.07648e-14 2.66513e-14 0.304372 2.94809e-13 -2.41815e-13
-0.171196 -3.11582e-14 -5.80902e-15 -0.171155 -1.73208e-13 1.10153e-13
-0.171552 -2.099e-14 2.27042e-13 -0.17163 -1.30787e-13 1.38044e-13
0.167753 -7.72025e-15 -3.27959e-13 0.167766 1.08177e-13 1.86562e-14
0.00379947 2.87103e-14 1.00917e-13 0.00385212 -1.95194e-14 -8.6029e-14
-0.334725 6.37212e-14 4.51467e-13 -0.334607 -1.4266e-13 -1.48538e-15
-0.289168 -2.51625e-13 -3.4002e-13 -0.289297 1.18518e-13 4.68844e-13
0.623893 1.87904e-13 -1.11448e-13 0.62392 -5.61029e-14 -5.4016e-13
-0.595849 6.69498e-14 3.15807e-13 -0.595694 -2.68002e-14 3.23738e-13
1.47739 -1.40771e-13 -7.45864e-13 1.47699 1.0136e-13 -4.12788e-13
-0.88154 7.38212e-14 4.30057e-13 -0.881388 -8.62089e-14 2.82581e-13
-0.146926 6.79127e-14 1.98113e-13 -0.146839 -5.72426e-14 -1.70887e-13
1.33746 -2.34921e-13 -5.69127e-13 1.33755 -9.52189e-14 -8.82563e-15
-1.19054 1.67008e-13 3.71013e-13 -1.19079 1.46551e-13 8.39309e-15
0.088641 -1.30163e-13 -1.91849e-13 0.088661 3.78687e-14 1.55787e-13
-0.495224 3.56345e-13 3.20207e-13 -0.49538 3.75596e-14 -3.36338e-13
0.406583 -2.26183e-13 -1.28358e-13 0.40675 -8.46432e-14 1.47491e-13
0.0599202 -5.47914e-14 -2.52256e-13 0.0599181 5.58058e-14 2.38577e-13
-0.229823 1.55107e-13 4.56515e-13 -0.229863 5.92679e-14 -4.67085e-13
0.169902 -1.00316e-13 -2.04259e-13 0.16996 -1.4114e-14 2.41707e-13
0.448305 -2.70286e-13 2.80965e-14 0.448059 -2.69993e-13 4.86562e-13
-1.34142 8.03936e-13 -4.15965e-13 -1.34123 7.67584e-13 -1.32411e-12
0.893118 -5.3365e-13 3.87868e-13 0.893244 -4.99783e-13 8.1033e-13
-0.541737 4.51236e-13 -2.70509e-13 -0.54177 2.87707e-13 -5.81834e-13
1.22019 -9.99861e-13 6.34134e-13 1.22008 -6.61342e-13 1.24442e-12
-0.678452 5.48625e-13 -3.63626e-13 -0.67839 3.12832e-13 -6.43107e-13
-0.180252 5.56342e-14 -3.99793e-13 -0.180292 1.97074e-13 -2.01271e-14
0.0865677 7.29225e-14 5.61647e-13 0.0865609 -1.54997e-13 -1.88881e-13
0.0936847 -1.28557e-13 -1.61854e-13 0.0937252 4.76827e-15 2.36607e-13
1.25637 -8.69144e-13 1.04379e-12 1.25666 -7.50776e-13 8.911e-13
-0.980824 7.54234e-13 -8.35838e-13 -0.981371 5.31923e-13 -7.3931e-13
-0.275542 1.14909e-13 -2.07955e-13 -0.275234 1.9155e-13 -2.65058e-13
-1.22009 7.35428e-13 -6.05957e-13 -1.2202 6.7506e-13 -1.1054e-12
0.998899 -6.33693e-13 1.7457e-13 0.999335 -5.63808e-13 1.10591e-12
0.221189 -1.01734e-13 4.31386e-13 0.220821 -1.61672e-13 -3.46113e-14
0.0114519 -9.35494e-14 1.27311e-13 0.0113518 5.92449e-14 -4.69673e-14
0.639624 2.61297e-14 -2.46752e-13 0.639762 -2.49811e-13 1.42785e-13
-0.651076 6.74196e-14 1.19441e-13 -0.651156 2.31996e-13 -3.77466e-14
-0.965939 3.15681e-13 -2.05923e-13 -0.966079 7.36684e-14 1.44813e-13
0.712573 -3.97429e-13 4.72057e-13 0.712973 -1.54379e-15 -3.6176e-13
0.253366 8.17483e-14 -2.66134e-13 0.253072 -6.77858e-14 2.07386e-13
0.916082 1.3322e-13 -4.58147e-13 0.915515 -7.61007e-14 -2.53235e-13
-1.84028 -2.45391e-13 9.0163e-13 -1.83913 2.15627e-13 4.99523e-13
0.924197 1.12171e-13 -4.43483e-13 0.92372 -9.12343e-14 -2.09218e-13
0.752588 2.49298e-14 -3.45955e-13 0.752472 1.44648e-13 -5.20014e-13
-0.117625 1.70184e-13 -2.80409e-13 -0.117719 -1.20087e-13 2.76352e-13
-0.634964 -1.95114e-13 6.26364e-13 -0.634746 -1.13482e-14 3.35277e-13
-0.535947 -1.95225e-13 4.92249e-13 -0.536079 -5.55367e-14 3.68948e-13
0.648182 3.05757e-13 -6.74538e-13 0.648307 5.61922e-14 -3.55306e-13
-0.112234 -1.10532e-13 1.82289e-13 -0.112268 -2.40445e-14 2.05744e-15
0.414577 -1.81692e-14 -4.36604e-15 0.413902 9.08386e-14 -4.64174e-14
-1.78903 3.44264e-14 7.9165e-15 -1.78823 -3.51918e-14 -1.47513e-14
1.37445 -1.62572e-14 -3.55046e-15 1.37442 -2.86728e-14 -1.49714e-14
-0.160547 1.84909e-14 1.81223e-14 -0.160231 -1.4875e-14 1.23665e-14
-1.17087 -2.07632e-14 -3.1585e-14 -1.17132 1.71726e-15 2.40645e-14
1.33142 2.2723e-15 1.34627e-14 1.3316 -2.41021e-14 5.04647e-14
-0.184773 -8.54309e-15 -2.52443e-15 -0.184613 -5.0643e-15 1.63364e-14
-0.678874 8.62334e-14 1.63836e-15 -0.679189 -4.41664e-14 8.64943e-15
0.863647 -7.76903e-14 8.8607e-16 0.863837 -4.43598e-14 1.11134e-14
0.464925 -7.4116e-14 -2.57147e-14 0.46496 -1.02015e-13 1.18216e-14
-0.361179 6.53468e-14 5.57186e-14 -0.361295 2.53419e-14 -5.16923e-14
-0.103746 8.76927e-15 -3.00039e-14 -0.10364 2.9714e-14 6.26282e-14
0.114704 4.9703e-14 2.66833e-14 0.114464 -1.23276e-13 1.27982e-14
0.667951 -3.42633e-13 -3.31776e-14 0.668252 -5.53218e-14 5.14485e-14
-0.782655 2.9293e-13 6.49428e-15 -0.782761 1.8665e-13 -5.35429e-14
1.06095 -2.71603e-13 7.50024e-14 1.06106 -3.46972e-13 -2.02161e-14
-0.758245 1.12451e-13 -9.46743e-14 -0.758652 3.01621e-13 -1.54085e-14
-0.302708 1.59151e-13 1.96719e-14 -0.302364 4.19099e-14 5.59175e-16
0.971329 -3.89548e-13 2.26834e-14 0.971462 -3.29718e-13 7.86968e-14
-1.17316 5.06269e-13 -7.88142e-15 -1.17323 3.05407e-13 -4.66825e-14
0.201832 -1.16721e-13 -1.4802e-14 0.201845 -2.89763e-14 9.19541e-14
-0.505273 3.49842e-13 -1.73238e-13 -0.504962 1.52889e-13 -1.9255e-13
1.60925 -9.83697e-13 5.32708e-13 1.60874 -5.77775e-13 4.45656e-13
-1.10397 6.33855e-13 -3.5947e-13 -1.10388 4.27553e-13 -3.33692e-13
-1.30449 4.95603e-13 -4.32449e-13 -1.30443 6.08091e-13 -4.70344e-13
1.77566 -5.93981e-13 5.84398e-13 1.77482 -1.01173e-12 6.36519e-13
-0.471168 9.83778e-14 -1.51949e-13 -0.470473 2.25426e-13 -2.44787e-13
-1.1211 7.29359e-13 -6.47774e-13 -1.12129 5.20217e-13 -6.4524e-13
1.18538 -8.89396e-13 6.97809e-13 1.1856 -5.20237e-13 6.6189e-13
-0.0642884 1.60038e-13 -5.00355e-14 -0.0643702 -4.32151e-14 -4.831e-14
-1.22931 8.66218e-13 -7.46922e-13 -1.22938 5.20366e-13 -6.61858e-13
1.63137 -1.31837e-12 1.02505e-12 1.6309 -6.17586e-13 8.94709e-13
-0.402062 4.52156e-13 -2.78131e-13 -0.401599 9.94863e-14 -1.54536e-13
0.822937 -3.8603e-13 4.39554e-13 0.82302 -4.98898e-13 5.16544e-13
-0.59976 2.26225e-13 -2.79393e-13 -0.600054 3.38825e-13 -3.4595e-13
-0.223177 1.59805e-13 -1.60161e-13 -0.222927 9.5202e-14 -9.88914e-14
0.5756 -2.4849e-13 2.75708e-13 0.575409 -2.83888e-13 1.94861e-13
0.174358 -1.15734e-13 5.9353e-14 0.174405 -6.13644e-14 8.55118e-14
-0.749958 3.64225e-13 -3.35061e-13 -0.749825 3.82435e-13 -3.28152e-13
-1.11709 2.37303e-13 -4.36124e-13 -1.11717 6.00789e-13 -3.86487e-13
1.4116 -8.7607e-14 5.60626e-13 1.41134 -9.82678e-13 5.3407e-13
-0.294512 -1.49696e-13 -1.24502e-13 -0.294241 3.19805e-13 -1.50287e-13
-0.967096 6.54781e-13 -3.11184e-13 -0.967256 2.14943e-13 -2.52251e-13
1.02621 -9.53561e-13 3.63374e-13 1.02637 -1.36415e-13 2.94656e-13
-0.0591116 2.98781e-13 -5.21898e-14 -0.0591644 -1.18267e-13 -9.57038e-14
-0.13417 3.76314e-13 -5.95024e-14 -0.133964 -1.51755e-13 5.28558e-14
-1.17704 -1.50175e-13 -1.09185e-13 -1.17743 8.2358e-13 -2.62496e-13
1.31121 -2.2614e-13 1.68687e-13 1.31144 -7.07421e-13 2.22508e-13
-0.364931 -1.69724e-13 -2.38475e-14 -0.364485 2.57871e-13 -9.30235e-14
-0.704776 6.90088e-13 -4.39037e-14 -0.705217 -2.28675e-13 -3.32523e-14
1.06971 -5.20364e-13 6.77512e-14 1.06973 -8.99124e-14 4.86111e-14
0.110415 2.46392e-13 4.95655e-15 0.110427 -1.82012e-13 -7.5258e-15
-0.172311 -4.94998e-13 -4.93433e-15 -0.172417 3.47063e-13 1.71462e-15
0.0618961 2.48606e-13 -2.22177e-17 0.0620022 -1.15815e-13 -7.27388e-14
-0.404412 2.51145e-13 -6.28499e-14 -0.403969 -1.56705e-13 -6.16335e-14
-0.70751 -3.9835e-13 -9.63427e-14 -0.70791 3.35579e-13 -1.14755e-13
1.11192 1.47205e-13 1.59193e-13 1.11191 -2.22405e-13 1.22731e-13
0.0221229 -1.52771e-13 1.82208e-14 0.0220679 1.0904e-13 -3.34942e-14
1.33155 2.98406e-13 2.2047e-13 1.33186 -2.06116e-13 2.71479e-13
-1.35367 -1.45635e-13 -2.3869e-13 -1.35401 1.62849e-13 -3.20913e-13
0.230464 -1.56184e-13 3.029e-14 0.230116 1.61877e-13 1.07477e-13
-1.62675 2.63496e-13 -3.38921e-13 -1.62647 -2.50496e-13 -4.24969e-13
1.39629 -1.07312e-13 3.08631e-13 1.39643 1.97851e-13 4.41545e-13
-0.745997 1.79412e-14 -2.50493e-13 -0.745934 -1.80016e-13 -3.64617e-13
0.290186 -1.86356e-13 1.04472e-13 0.290322 1.6406e-13 7.0487e-14
0.455811 1.68415e-13 1.4602e-13 0.455598 -6.61381e-14 1.96356e-13
0.135483 -1.07977e-13 5.59367e-14 0.135444 1.37597e-13 5.80847e-14
-0.279988 2.09274e-13 -1.15639e-13 -0.280049 -2.82086e-13 -8.14275e-14
0.144505 -1.01297e-13 5.97024e-14 0.144623 1.46194e-13 1.02612e-13
0.0958625 -8.98905e-14 3.72325e-14 0.0959443 1.11487e-13 7.04664e-14
-0.852256 -1.62117e-13 -3.56202e-13 -0.852449 -5.06656e-13 -3.52214e-13
0.756394 2.52008e-13 3.18969e-13 0.756554 4.70073e-13 3.05565e-13
1.45974 9.51294e-13 5.79885e-13 1.46026 8.01007e-13 6.43704e-13
-1.39711 -9.57211e-13 -5.287e-13 -1.39762 -7.62952e-13 -5.91857e-13
-0.0626367 5.91672e-15 -5.11848e-14 -0.0625564 -6.56372e-14 8.29292e-15
0.929937 5.40903e-13 3.85687e-13 0.93003 6.26327e-13 3.14858e-13
-0.832657 -3.90387e-13 -3.51949e-13 -0.832912 -7.00961e-13 -2.986e-13
-0.0972801 -1.50516e-13 -3.37377e-14 -0.097064 -7.67539e-15 -9.25471e-14
0.796018 4.00853e-13 1.63684e-13 0.795998 3.16666e-13 1.61255e-13
-0.348268 -1.87177e-13 -9.09942e-14 -0.34841 -1.47817e-13 -3.47145e-14
-0.44775 -2.13677e-13 -7.26895e-14 -0.447564 -2.0123e-13 -8.99551e-14
0.51127 1.34177e-13 -7.64022e-15 0.511076 1.28047e-13 7.76077e-14
0.17403 1.11002e-13 1.13345e-13 0.174119 4.45934e-14 -6.39703e-15
-0.685299 -2.45179e-13 -1.05705e-13 -0.685206 -1.36426e-13 2.41732e-14
0.535994 9.89965e-14 3.86059e-14 0.535736 5.04969e-14 3.13111e-14
0.252565 2.11761e-14 9.04214e-15 0.252721 8.11787e-14 -5.26455e-15
-0.788559 -1.20173e-13 -4.7648e-14 -0.788473 -1.25066e-13 -7.54359e-14
-1.41772 3.45045e-13 -3.55235e-13 -1.41775 2.63927e-13 -3.74739e-13
1.7906 -4.68565e-13 4.65466e-13 1.7899 -3.50252e-13 4.17059e-13
-0.372874 1.2352e-13 -1.10231e-13 -0.372232 2.13574e-14 -1.46725e-13
1.25495 -4.96478e-13 3.74933e-13 1.25521 -4.55628e-13 3.3733e-13
-1.13485 4.4598e-13 -2.9919e-13 -1.13529 4.13726e-13 -4.05767e-13
-0.120106 5.04975e-14 -7.57428e-14 -0.119852 5.75828e-14 4.81131e-15
0.460192 -2.10919e-13 1.53052e-13 0.460036 -3.11823e-13 2.27768e-13
0.201405 -1.67456e-13 9.56387e-14 0.201528 -9.34586e-14 6.95843e-14
-0.661597 3.78375e-13 -2.4869e-13 -0.661577 3.2572e-13 -1.96859e-13
-0.610132 3.88739e-13 -2.08239e-13 -0.609771 3.05603e-13 -2.14952e-13
-0.197206 3.70979e-14 -8.93758e-14 -0.197408 1.77004e-13 -3.83586e-14
0.807338 -4.25837e-13 2.97615e-13 0.807188 -4.76466e-13 2.56239e-13
-0.20714 1.14338e-13 -1.02492e-13 -0.207288 1.23807e-13 -5.47936e-14
0.762627 -4.4258e-13 3.28233e-13 0.76271 -4.70718e-13 2.27158e-13
-0.555487 3.28242e-13 -2.25741e-13 -0.555473 3.4008e-13 -1.63557e-13
0.954396 -6.20933e-13 2.82242e-13 0.954485 -5.81696e-13 3.059e-13
-1.21166 7.86193e-13 -3.36183e-13 -1.21168 7.67378e-13 -3.97928e-13
0.257266 -1.6526e-13 5.3941e-14 0.257274 -1.52057e-13 8.11176e-14
0.258242 -1.64136e-13 3.43123e-14 0.257873 -8.97757e-14 7.65755e-14
0.98379 -7.08861e-13 3.88432e-13 0.984375 -6.68278e-13 2.35046e-13
-1.24203 8.72997e-13 -4.22744e-13 -1.24231 9.0628e-13 -2.76602e-13
-0.62732 4.84268e-13 -1.94058e-13 -0.626707 5.18113e-13 -1.78538e-13
1.88218 -1.42032e-12 5.57748e-13 1.88121 -1.32874e-12 4.76001e-13
-1.25486 9.36054e-13 -3.63689e-13 -1.25462 8.89129e-13 -3.5518e-13
-1.12429 7.42071e-13 -2.00956e-13 -1.12447 8.31267e-13 -1.80661e-13
1.10388 -7.09493e-13 2.2251e-13 1.10412 -7.84687e-13 1.48649e-13
0.020417 -3.25775e-14 -2.15533e-14 0.020297 -5.14103e-14 -7.45577e-15
0.0196204 -2.20171e-15 -1.24409e-14 0.0194881 -7.55871e-14 1.18452e-14
0.78983 -3.92683e-13 1.24508e-13 0.789979 -4.04534e-13 8.40319e-14
-0.80945 3.94885e-13 -1.12067e-13 -0.80952 4.21963e-13 -4.24286e-14
0.0779105 -6.33216e-14 -3.70496e-15 0.0779695 4.82108e-14 -4.93205e-14
-0.872129 3.09955e-13 -1.43251e-13 -0.872285 1.95521e-13 -1.96709e-13
0.794219 -2.46634e-13 1.46956e-13 0.794366 -2.10981e-13 1.57113e-13
1.53672 -1.19583e-13 3.89726e-13 1.53711 -2.66141e-13 3.22089e-13
-1.66958 6.40451e-14 -4.108e-13 -1.66969 2.99559e-13 -4.42876e-13
0.132852 5.55382e-14 2.10746e-14 0.132671 -6.39331e-14 3.26386e-14
0.353601 1.21131e-13 9.7994e-14 0.353213 1.4446e-13 2.35846e-14
0.800066 1.52246e-14 1.63797e-13 0.800603 2.32005e-13 2.31101e-13
-1.15367 -1.36355e-13 -2.61791e-13 -1.15386 -2.66003e-13 -2.68622e-13
-1.02042 -2.66428e-13 -1.56142e-13 -1.02058 -4.99661e-13 -1.77807e-13
0.858684 8.47616e-14 1.30126e-13 0.859027 5.34214e-13 1.79268e-13
0.161734 1.81666e-13 2.60158e-14 0.161506 -5.26746e-14 2.77407e-14
0.32862 -2.4756e-16 1.32944e-14 0.328553 2.79305e-13 1.21515e-13
0.109964 3.96234e-13 8.15664e-14 0.109909 -1.1404e-13 -3.56515e-14
-0.438583 -3.95987e-13 -9.48608e-14 -0.43847 -1.07307e-13 -7.37491e-14
-0.122032 1.1727e-13 2.19613e-15 -0.121899 -1.92086e-13 2.63676e-16
-0.751389 -7.71344e-13 -1.55969e-13 -0.75168 -1.33235e-13 -1.29422e-13
0.873421 6.54074e-13 1.53773e-13 0.873618 3.30294e-13 1.46956e-13
-0.122977 7.683e-14 -2.2574e-14 -0.122958 -1.68201e-13 -8.24092e-14
-0.423533 -5.60601e-13 -8.52769e-14 -0.42361 -2.36904e-14 -5.18846e-14
0.54651 4.83771e-13 1.07851e-13 0.546593 2.18347e-13 7.26632e-15
-0.617819 -2.15438e-13 -1.65316e-13 -0.617364 -5.94981e-13 -1.42724e-13
-0.257102 -5.75073e-13 -6.44616e-14 -0.257367 1.47405e-13 -4.79244e-14
0.874921 7.90511e-13 2.29777e-13 0.874742 4.54991e-13 2.27003e-13
1.18332 6.73722e-13 3.46389e-13 1.18323 8.42155e-13 3.62641e-13
-1.72852 -9.35298e-13 -5.06882e-13 -1.72785 -1.2196e-12 -4.97749e-13
0.545206 2.61577e-13 1.60493e-13 0.544728 4.35036e-13 1.4588e-13
0.597272 2.78968e-13 1.63856e-13 0.597169 3.32314e-13 1.67773e-13
-0.0328614 1.11755e-13 -3.72554e-14 -0.0328914 -7.92313e-14 1.61747e-14
-0.56441 -3.90723e-13 -1.266e-13 -0.564276 -2.88727e-13 -2.27962e-13
-0.559526 -5.55032e-13 -1.22165e-13 -0.559157 -1.31269e-13 -2.57799e-14
-0.278596 3.82847e-13 -5.25883e-14 -0.278875 -4.72305e-13 -4.18799e-14
0.838122 1.72185e-13 1.74753e-13 0.838045 6.4841e-13 1.15665e-13
-0.610866 -4.05487e-13 -7.97304e-14 -0.611019 -7.68471e-14 -2.74549e-14
0.66024 6.58706e-13 9.24361e-14 0.660383 -5.95715e-14 8.91047e-14
-0.0493739 -2.53219e-13 -1.27056e-14 -0.049404 2.02664e-13 1.29364e-14
0.137054 -5.28204e-14 3.78885e-14 0.136879 6.45833e-14 5.3711e-14
1.2595 1.45623e-13 2.16817e-13 1.26002 -1.80797e-14 2.66611e-13
-1.39655 -9.28026e-14 -2.54705e-13 -1.39697 1.35294e-14 -2.78896e-13
-0.789892 -4.58929e-14 -2.06799e-13 -0.789964 2.885e-13 -2.11608e-13
0.513282 3.20204e-13 9.48066e-14 0.513499 -4.10141e-13 2.01287e-13
0.27661 -2.74311e-13 1.11993e-13 0.276439 1.04282e-13 6.35445e-14
-0.185782 2.60279e-13 -1.20424e-13 -0.185886 -5.54817e-14 -1.36557e-14
0.297002 -5.06359e-13 2.19737e-13 0.29709 1.39283e-13 1.60868e-14
-0.11122 2.4608e-13 -9.93126e-14 -0.111223 -9.37832e-14 1.8515e-14
0.857391 -3.08427e-13 3.06256e-13 0.857188 -2.18082e-13 1.66348e-13
-0.162269 1.32331e-13 -1.42724e-13 -0.162372 -1.245e-14 4.66518e-14
-0.695122 1.76096e-13 -1.63532e-13 -0.694806 2.3721e-13 -2.65246e-13
0.148593 -2.45877e-13 1.01927e-13 0.148615 5.67248e-14 6.67382e-16
-1.16847 1.02846e-12 -3.27593e-13 -1.16856 5.82856e-13 -4.38919e-14
1.01987 -7.82583e-13 2.25666e-13 1.02001 -5.82763e-13 9.37267e-14
-0.449592 4.68777e-13 -1.58576e-13 -0.449473 2.11912e-13 7.60335e-15
-0.133999 -2.56792e-13 1.39513e-13 -0.134112 2.89771e-13 -1.45482e-13
0.58359 -2.11985e-13 1.90629e-14 0.583593 -5.39607e-13 1.02338e-13
0.71294 -4.80674e-13 1.32624e-13 0.713027 -4.51668e-13 1.08534e-13
-0.425675 3.16883e-13 -5.57487e-14 -0.425889 1.8906e-13 -4.22871e-14
-0.287265 1.63791e-13 -7.68758e-14 -0.28711 2.72141e-13 -4.82033e-14
1.29826 -8.22151e-13 3.77714e-13 1.29859 -7.44468e-13 3.28526e-13
-1.28727 8.61509e-13 -4.16133e-13 -1.28761 6.79945e-13 -2.61977e-13
-0.0109862 -3.93583e-14 3.84193e-14 -0.0108978 6.80605e-14 -5.0328e-14
1.34997 -5.43055e-13 3.5237e-13 1.3503 -6.85856e-13 3.67808e-13
-1.28466 4.66866e-13 -3.14516e-13 -1.285 6.36056e-13 -3.78343e-13
-0.0653055 7.6189e-14 -3.78535e-14 -0.0652241 -3.53791e-14 5.23664e-14
-1.17268 6.06869e-13 -4.13346e-13 -1.17284 3.3905e-13 -3.05148e-13
1.36158 -8.34966e-13 5.72246e-13 1.36153 -3.91392e-13 2.64569e-13
-0.1889 2.28096e-13 -1.589e-13 -0.188756 -5.97e-15 -2.42803e-14
-0.337011 -4.73408e-14 2.31718e-14 -0.336954 1.06679e-13 -1.94024e-13
-0.167106 2.59899e-13 -2.18255e-13 -0.167154 -9.31156e-14 1.02856e-13
0.504117 -2.12558e-13 1.95083e-13 0.504117 -4.6049e-14 -6.58725e-14
0.224092 3.22943e-14 -3.22111e-14 0.223899 -2.58602e-14 1.11037e-13
0.666208 -1.74319e-13 2.61617e-13 0.666451 7.59529e-15 3.89232e-14
-0.890301 1.42025e-13 -2.29406e-13 -0.890393 1.08869e-13 -1.75954e-13
1.07447 -8.22388e-14 1.72294e-13 1.07454 -7.86305e-14 1.35717e-13
-0.650395 1.04778e-13 -1.04487e-13 -0.65073 3.87365e-14 -7.49184e-14
-0.424074 -2.25389e-14 -6.7807e-14 -0.423765 6.60068e-14 -1.22843e-13
-1.47198 -1.05969e-13 -1.31169e-13 -1.47214 3.9529e-14 -2.72716e-13
1.53133 2.29195e-13 2.37098e-14 1.53132 -1.38806e-13 4.28407e-13
-0.0593521 -1.23226e-13 1.07459e-13 -0.0592454 1.09325e-13 -1.09397e-13
0.222873 -1.22131e-13 1.73376e-13 0.222433 7.71725e-14 -5.58949e-14
-1.72545 1.7012e-13 -5.444e-13 -1.72502 -2.59133e-13 -1.51156e-13
1.50257 -4.79885e-14 3.71023e-13 1.50266 1.79466e-13 1.56041e-13
0.251294 4.86813e-14 -5.61807e-14 0.251073 3.70063e-14 1.29853e-13
0.50823 1.03084e-13 3.50862e-13 0.508497 1.27304e-13 1.05001e-14
-0.759524 -1.51765e-13 -2.94681e-13 -0.759604 -1.0356e-13 -2.03814e-13
0.701774 2.78067e-13 2.50219e-13 0.701457 2.61004e-13 9.6668e-14
0.141802 2.58572e-14 -7.65023e-14 0.141979 7.01311e-14 9.1449e-14
-0.843576 -3.03924e-13 -1.73717e-13 -0.843445 -3.28029e-13 -2.37092e-13
-0.172218 -2.09015e-13 8.56323e-14 -0.171943 -6.16594e-15 -1.88004e-13
-0.970279 -1.74621e-13 -5.09527e-13 -0.970664 -5.41894e-13 -2.06045e-14
1.1425 3.83636e-13 4.23895e-13 1.14265 6.14961e-13 1.89469e-13
0.856197 4.93206e-13 1.57173e-13 0.856336 3.86336e-13 2.66925e-13
-1.05622 -6.66801e-13 -1.53652e-13 -1.05635 -3.69753e-13 -3.31551e-13
0.200022 1.73595e-13 -3.52037e-15 0.200084 9.96947e-14 1.17856e-13
0.0151393 4.59606e-14 -2.07542e-13 0.0152688 -1.73252e-14 1.67007e-13
-0.969065 -5.77356e-13 1.84456e-13 -0.969313 -4.1476e-13 -4.38029e-13
0.953926 5.31396e-13 2.30862e-14 0.954096 4.5741e-13 3.61673e-13
-0.504493 -3.98113e-13 -9.59594e-14 -0.503894 -2.15924e-13 -1.16457e-13
1.87018 1.29645e-12 3.67358e-13 1.86943 9.11529e-13 3.80588e-13
-1.36569 -8.98334e-13 -2.71399e-13 -1.36564 -6.76647e-13 -3.1782e-13
0.136922 -3.74226e-14 7.18847e-14 0.136803 1.00135e-13 4.33954e-14
0.489573 5.80732e-13 1.03358e-14 0.489756 2.21162e-13 1.583e-13
-0.626495 -5.4331e-13 -8.22206e-14 -0.626592 -3.14528e-13 -1.88723e-13
-0.401132 -1.21475e-13 1.17769e-13 -0.400606 -1.68527e-13 -1.88921e-13
1.82722 7.16993e-13 -1.27452e-14 1.82673 9.48427e-13 7.12152e-13
-1.42609 -5.95518e-13 -1.05024e-13 -1.42623 -7.68293e-13 -5.10867e-13
-0.37073 -2.06692e-13 -4.32726e-13 -0.370793 -8.5379e-14 1.53429e-13
0.170241 2.50449e-13 7.49119e-13 0.170349 -5.48304e-14 -3.92385e-13
0.200489 -4.37571e-14 -3.16393e-13 0.200433 1.74088e-13 1.74254e-13
0.842762 2.03e-13 2.61544e-13 0.842548 7.65987e-14 7.90107e-14
-0.143441 -1.5746e-13 -2.19799e-13 -0.143547 8.92218e-14 6.12259e-14
-0.699322 -4.55405e-14 -4.17454e-14 -0.698992 -1.71999e-13 -2.32055e-13
-0.138054 -3.03222e-14 -3.27595e-13 -0.137998 3.51477e-14 1.15673e-13
-0.441595 -7.05648e-15 5.04843e-13 -0.44178 -3.79578e-14 -4.38991e-13
0.579649 3.73787e-14 -1.77247e-13 0.579804 4.84716e-14 3.54155e-13
0.289208 -1.47383e-13 2.66143e-14 0.28892 -9.53163e-14 7.15615e-14
0.858306 -4.6466e-13 2.25502e-13 0.85875 -4.74289e-13 1.11155e-13
-1.14751 6.12043e-13 -2.52117e-13 -1.14772 6.87249e-13 -1.20928e-13
-0.283095 1.13615e-13 -5.78386e-13 -0.282967 2.49547e-13 2.04525e-13
-0.476999 4.50393e-13 9.32919e-13 -0.477125 2.23603e-13 -7.67103e-13
0.760094 -5.64008e-13 -3.54533e-13 0.760117 -4.69624e-13 5.24123e-13
0.771298 -5.13315e-13 1.23003e-13 0.77112 -4.235e-13 2.00609e-13
-0.0403602 1.01303e-13 1.28321e-13 -0.0403758 -7.48383e-14 -3.20217e-14
-0.730938 4.12011e-13 -2.51325e-13 -0.730742 5.2206e-13 -1.81294e-13
-0.16419 4.86772e-15 -1.43152e-14 -0.164076 -8.9549e-15 -3.01723e-14
-0.515129 -1.19344e-14 3.94334e-14 -0.51537 -1.66426e-14 2.23483e-15
0.679319 7.06665e-15 -2.51182e-14 0.679474 5.62921e-14 7.4912e-14
-1.1824 -1.02327e-14 -1.7367e-15 -1.18218 -3.35371e-14 7.05534e-14
1.77865 1.6724e-14 2.57771e-14 1.77761 7.37951e-15 -1.30341e-13
-0.596248 -6.49134e-15 -2.40404e-14 -0.595526 -3.46673e-14 6.11423e-14
-0.652437 -2.64561e-14 3.27437e-14 -0.652178 4.46127e-15 5.10538e-14
-0.119524 1.75593e-14 5.76411e-14 -0.119564 2.43052e-14 -6.01246e-14
0.771961 8.89675e-15 -9.03848e-14 0.771747 3.84485e-16 -4.08952e-14
-1.03086 -5.11891e-14 1.49211e-13 -1.03094 -2.79445e-14 1.26978e-13
1.45091 7.1702e-14 -2.12851e-13 1.45063 5.94928e-14 -2.18218e-13
-0.420048 -2.05128e-14 6.36401e-14 -0.419774 1.91755e-14 8.90312e-14
-0.841004 -7.92876e-14 1.53894e-13 -0.840798 -5.4839e-14 1.87586e-13
0.240814 4.48977e-14 -2.55232e-14 0.240963 -4.08407e-14 -7.08128e-14
0.60019 3.43899e-14 -1.28371e-13 0.599824 5.1046e-14 -1.48739e-13
-0.283883 -1.24106e-13 1.23655e-13 -0.283579 -1.4442e-14 7.23307e-14
-0.787069 -9.97749e-14 2.26408e-13 -0.787447 -2.35272e-13 2.88315e-13
1.07095 2.23881e-13 -3.50063e-13 1.07106 2.98853e-13 -3.84329e-13
-0.968922 -3.23605e-13 3.96319e-13 -0.968812 -3.10704e-13 3.1787e-13
0.459974 1.92309e-13 -2.53086e-13 0.460286 1.29103e-13 -1.26366e-13
0.508948 1.31295e-13 -1.43233e-13 0.508506 1.92402e-13 -2.99116e-13
0.563788 2.0223e-13 -1.57315e-13 0.563386 1.88445e-13 -5.66851e-14
0.422379 1.19601e-13 -1.69562e-13 0.422764 1.50673e-13 -1.21075e-13
-0.986167 -3.21831e-13 3.26877e-13 -0.986176 -3.75881e-13 2.83801e-13
-0.464739 -1.84238e-13 1.85555e-13 -0.464461 -7.65339e-14 1.35872e-13
-0.405998 -5.91661e-14 -7.68756e-15 -0.406269 -1.34034e-13 1.84512e-13
0.870737 2.43404e-13 -1.77867e-13 0.870749 2.8376e-13 -3.22688e-13
0.90685 2.28505e-13 -1.74527e-13 0.906864 2.94256e-13 -2.92049e-13
-0.470223 -6.45556e-14 4.02947e-14 -0.470517 -1.3309e-13 1.11239e-13
-0.436626 -1.63949e-13 1.34232e-13 -0.436316 -7.0153e-14 9.38938e-14
-0.317773 -2.01779e-14 -9.27339e-15 -0.317724 -9.99614e-14 9.74478e-14
-0.00507654 -8.3842e-14 1.04162e-13 -0.00517483 9.11517e-14 -1.13273e-13
0.322849 1.0402e-13 -9.48884e-14 0.322899 -5.53791e-15 3.62595e-14
0.717774 1.19773e-13 -1.18686e-13 0.717555 1.35669e-14 -8.8306e-15
0.0790317 -1.08194e-13 1.07882e-13 0.0790737 1.08024e-13 -9.35397e-14
-0.796806 -1.15782e-14 1.08046e-14 -0.796633 -8.01649e-14 1.16047e-13
-0.00338838 -3.64282e-14 6.60068e-14 -0.0034399 4.00572e-14 -3.72999e-14
1.27819 9.12334e-14 -2.75805e-13 1.27853 -1.19444e-14 -7.08021e-14
-1.2748 -5.48052e-14 2.09798e-13 -1.27517 1.82136e-14 8.67716e-14
0.398468 9.87389e-14 -1.50014e-13 0.398519 -7.22972e-14 -9.25827e-15
-0.620875 -1.92582e-13 2.71927e-13 -0.621031 1.15933e-13 -1.88993e-14
0.222407 9.38426e-14 -1.21914e-13 0.222554 -4.36639e-14 1.07275e-13
-0.523258 -3.84182e-14 1.4645e-13 -0.523168 6.81233e-14 1.04648e-13
-0.0737175 1.20526e-13 -4.92122e-14 -0.0737363 -1.62419e-14 4.05117e-14
0.596975 -8.2108e-14 -9.72376e-14 0.596908 1.52602e-14 -1.36802e-13
0.825422 -1.02377e-13 -8.74423e-14 0.825227 -6.34926e-14 -2.75906e-13
-0.1108 1.04969e-13 -2.20348e-13 -0.11089 -9.15744e-14 1.50356e-13
-0.714622 -2.59188e-15 3.0779e-13 -0.71433 9.49831e-14 3.64656e-14
-0.382004 2.30596e-13 7.3478e-15 -0.382066 4.23086e-14 2.56199e-13
0.0849195 -3.02952e-13 2.25626e-13 0.0850083 1.53497e-13 -2.40028e-13
0.297085 7.23559e-14 -2.32974e-13 0.297052 -2.17287e-13 -9.04231e-15
-0.388993 -8.39351e-15 2.51783e-13 -0.388571 1.78081e-13 9.46357e-14
-0.681081 4.13549e-13 2.84801e-14 -0.681499 3.03643e-14 3.61202e-13
1.07007 -4.05155e-13 -2.80263e-13 1.0701 -2.18417e-13 -4.092e-13
1.47814 -5.13986e-13 -1.67642e-13 1.47859 -5.91106e-13 -3.92241e-13
-1.41052 4.69967e-13 6.8609e-14 -1.41104 5.43191e-13 3.40013e-13
-0.0676172 4.40187e-14 9.90327e-14 -0.067469 9.58098e-15 -6.84706e-14
0.678035 -2.34421e-13 5.38565e-14 0.678064 -9.66082e-14 -6.98674e-14
-0.369692 2.59334e-13 -1.17139e-13 -0.369836 -6.1194e-14 8.63635e-14
-0.308343 -2.49133e-14 6.32829e-14 -0.308204 1.3991e-13 -7.03062e-14
0.15153 -5.76371e-14 7.5259e-15 0.151299 2.07901e-14 -3.44174e-15
1.24547 -2.43774e-14 6.65195e-14 1.24602 -2.15578e-13 5.71275e-14
-1.397 8.20145e-14 -7.40454e-14 -1.3974 1.77518e-13 -1.42705e-13
-1.0729 -4.75209e-14 9.74845e-14 -1.07287 1.39567e-13 -1.66961e-13
0.621934 2.02568e-13 -3.42988e-13 0.622408 -2.00568e-13 3.60189e-13
0.450965 -1.55047e-13 2.45504e-13 0.450433 3.73334e-14 -1.29919e-13
0.605374 -1.42688e-13 1.76436e-13 0.605254 -5.98898e-15 3.37393e-14
-0.0202067 2.3523e-13 -1.48132e-13 -0.0201898 -1.25641e-13 6.69554e-14
-0.585167 -9.25412e-14 -2.83033e-14 -0.585063 1.12096e-13 -1.79012e-13
0.503796 4.88315e-14 2.46928e-13 0.503596 -1.19283e-13 1.41261e-13
0.200884 -1.69921e-13 -5.96238e-14 0.201014 3.80597e-14 2.04754e-13
-0.70468 1.21089e-13 -1.87304e-13 -0.704623 1.08391e-13 -2.93791e-13
-0.250056 4.66356e-15 9.12775e-14 -0.249688 6.65524e-14 -1.49105e-13
-0.993661 1.35537e-13 -7.87767e-13 -0.99415 1.10286e-13 -1.07521e-13
1.24372 -1.40201e-13 6.9649e-13 1.24388 -1.32177e-13 3.82091e-13
-1.32884 2.49206e-13 -8.27365e-13 -1.32899 1.83037e-13 -4.51363e-13
1.1713 -2.42649e-13 9.74083e-13 1.17173 -1.77557e-13 3.01356e-13
0.157544 -6.55693e-15 -1.46718e-13 0.157211 -5.05569e-14 1.99916e-13
-0.231441 1.32027e-13 4.63675e-14 -0.23137 9.82781e-14 -1.60047e-13
-0.351095 -4.38817e-14 -5.16188e-13 -0.351268 1.56655e-13 7.21947e-14
0.582536 -8.81457e-14 4.6982e-13 0.582658 -2.56816e-13 2.50349e-13
0.145244 -1.66317e-14 2.08091e-13 0.145142 -6.87643e-14 -1.00389e-14
-0.110938 -2.12802e-14 -3.12764e-13 -0.110936 4.78487e-14 1.13907e-13
-0.0343055 3.79119e-14 1.04673e-13 -0.0341985 -4.67252e-14 -6.74849e-14
1.33239 -2.73491e-13 7.35026e-13 1.33279 -3.59659e-13 7.1249e-13
-1.10495 1.24684e-13 -6.1601e-13 -1.10557 3.88391e-13 -5.8083e-13
-0.227438 1.48806e-13 -1.19016e-13 -0.227162 8.79658e-14 -1.83476e-13
0.543641 -8.17191e-14 3.00699e-13 0.543522 -6.76559e-14 1.88619e-13
-0.0142706 1.48694e-14 -1.35735e-13 -0.014307 1.39166e-14 9.51765e-14
-0.52937 6.68497e-14 -1.64964e-13 -0.529214 1.17431e-13 -2.40656e-13
0.941854 -1.11881e-13 4.17394e-13 0.941897 -9.38085e-14 2.77761e-13
-0.646817 9.52425e-14 -3.53026e-13 -0.647061 3.44592e-14 -1.15857e-13
-0.295036 1.66381e-14 -6.43678e-14 -0.294795 8.3155e-14 -6.34631e-14
-0.10247 -2.86219e-14 -4.94223e-14 -0.102242 4.20495e-14 -9.04363e-14
1.7837 -7.08519e-14 6.22892e-13 1.78397 -2.16842e-13 6.35289e-13
-1.68123 9.94738e-14 -5.7347e-13 -1.68182 2.07953e-13 -5.38008e-13
0.0502061 -1.1306e-13 -9.29953e-14 0.0500417 3.53772e-14 1.33724e-13
0.954868 1.41255e-13 3.83758e-13 0.955176 -2.13339e-13 7.96394e-14
-1.00507 -2.81947e-14 -2.90763e-13 -1.00528 1.73106e-13 -1.86175e-13
-0.134012 2.13497e-13 2.11457e-13 -0.133827 -1.53231e-13 -1.44631e-13
-0.819781 -2.69816e-13 -4.77409e-13 -0.820083 3.3392e-13 2.2701e-13
0.953793 5.63192e-14 2.65953e-13 0.953952 -2.28903e-13 -6.53036e-14
0.141503 1.31629e-13 2.5962e-13 0.141552 -1.07799e-13 -1.50497e-13
-0.726218 -1.26731e-13 -4.60506e-13 -0.726353 4.10605e-13 3.44304e-13
0.584715 -4.89828e-15 2.00886e-13 0.584845 -2.71935e-13 -2.41854e-13
-0.744729 2.86397e-13 4.69013e-13 -0.744389 1.05103e-13 2.54464e-13
-0.0504717 -2.24537e-13 -2.4798e-13 -0.050491 1.47526e-13 1.98618e-13
0.795201 -6.18593e-14 -2.21033e-13 0.794882 -2.50836e-13 -4.84389e-13
0.413624 -2.95942e-14 -2.68496e-13 0.413656 -1.03648e-13 -1.3862e-13
-0.39261 1.72153e-15 3.13502e-13 -0.392734 9.42628e-14 1.45169e-13
-0.0210141 2.78727e-14 -4.50063e-14 -0.0208947 3.54517e-15 8.27721e-14
-0.0283339 6.62955e-14 1.93538e-13 -0.02838 -1.26546e-14 -3.90841e-14
1.36476 -2.6026e-13 -1.12916e-12 1.36513 -7.45068e-14 -5.76468e-13
-1.33642 1.93965e-13 9.35624e-13 -1.33683 1.37593e-13 6.06568e-13
-0.581407 1.24767e-13 2.1574e-13 -0.580824 2.5082e-13 3.73804e-13
1.83252 -4.31574e-13 -7.51023e-13 1.83169 -5.58724e-13 -9.99601e-13
-1.25111 3.06807e-13 5.35283e-13 -1.25098 3.11427e-13 7.44807e-13
0.338027 -2.46567e-14 -4.976e-14 0.337999 -1.1491e-13 -2.09033e-13
-0.867964 1.15691e-13 1.96466e-13 -0.867976 3.98083e-13 5.44172e-13
0.529937 -9.10343e-14 -1.46706e-13 0.530032 -1.74846e-13 -3.24484e-13
0.146598 8.01337e-16 3.83733e-14 0.146547 -6.16039e-14 -3.20202e-14
-0.0430623 -8.73453e-14 -1.85969e-13 -0.04313 6.23251e-14 1.42749e-13
-0.103535 8.6544e-14 1.47596e-13 -0.103414 4.99021e-16 2.56355e-15
0.553919 -2.37581e-13 -2.93232e-13 0.553761 -2.41478e-13 -8.26967e-14
-0.0194046 7.54422e-14 1.79508e-13 -0.0193856 -5.49441e-14 -1.54851e-13
-0.534515 1.62139e-13 1.13724e-13 -0.534374 2.48139e-13 2.92987e-13
-1.27283 5.79769e-13 4.75816e-13 -1.27303 4.24806e-13 4.22435e-13
1.18214 -6.69971e-13 -5.00337e-13 1.18252 -3.08844e-13 -3.58621e-13
0.0906837 9.02019e-14 2.45207e-14 0.0904539 -6.85827e-14 -1.10951e-13
-0.751262 4.0293e-13 2.91851e-13 -0.751342 1.54192e-13 1.70751e-13
0.404964 -4.14556e-13 -2.85112e-13 0.405239 4.12569e-15 -2.8004e-14
0.346298 1.1626e-14 -6.73933e-15 0.346082 -2.64396e-13 -1.71345e-13
-0.41844 1.54919e-13 1.31703e-13 -0.418159 1.63578e-13 -4.65795e-14
1.60002 -5.47074e-13 -3.82457e-13 1.59962 -4.78408e-13 -1.42138e-13
-1.18158 3.92155e-13 2.50754e-13 -1.18156 3.52859e-13 1.77105e-13
0.898072 1.21034e-13 1.22641e-13 0.898085 -2.25207e-13 -1.06777e-13
-0.585277 -3.51214e-13 -2.43148e-13 -0.585504 2.88965e-13 1.33746e-13
-0.312795 2.30181e-13 1.20507e-13 -0.312543 -8.90503e-14 -8.44973e-16
0.850072 -1.66078e-13 -7.54302e-14 0.849995 -4.36402e-15 7.10841e-14
-0.256941 2.83105e-13 2.19124e-13 -0.257125 -1.43909e-13 -1.03671e-13
-0.593131 -1.17027e-13 -1.43693e-13 -0.592854 5.62618e-14 1.02455e-13
0.149984 -3.03895e-13 -1.50133e-13 0.149829 1.21663e-13 -2.94424e-14
-1.49641 5.71319e-13 1.5237e-13 -1.49636 -3.92797e-13 -3.45682e-13
1.34643 -2.67424e-13 -2.23657e-15 1.3466 2.30031e-13 2.68039e-13
-1.10665 -2.93075e-13 -3.53325e-13 -1.10673 1.33609e-13 1.75552e-14
1.39498 5.9995e-13 5.87224e-13 1.39474 -3.26494e-13 8.37795e-14
-0.288337 -3.06875e-13 -2.33899e-13 -0.288083 1.29089e-13 5.72007e-14
-0.316236 1.73344e-13 -6.99623e-14 -0.316347 -2.35413e-13 -1.69057e-13
0.897373 -3.2578e-13 2.27605e-13 0.897444 3.78636e-13 3.35343e-13
-0.581137 1.52435e-13 -1.57643e-13 -0.581157 -2.59519e-13 -2.23113e-13
-1.4515 -2.39286e-13 -4.36746e-13 -1.45169 -7.29406e-13 -6.91674e-13
1.49471 -1.6913e-14 2.82111e-13 1.49475 8.75241e-13 8.75731e-13
-0.0432059 2.56199e-13 1.54635e-13 -0.0431207 -1.27457e-13 -1.29544e-13
-1.03604 -6.18273e-13 -5.98269e-13 -1.03602 -2.94635e-13 -2.53855e-13
0.55804 6.33883e-13 5.95046e-13 0.558496 -3.57692e-14 -2.96703e-14
0.477996 -1.56102e-14 3.22285e-15 0.477502 2.98426e-13 3.17446e-13
-0.597685 -2.0996e-13 -6.67538e-14 -0.597637 -2.98047e-13 -3.86827e-13
0.0797058 -7.36362e-14 -2.43574e-13 0.0797587 1.06492e-13 2.51514e-13
0.517979 2.83596e-13 3.10327e-13 0.517875 1.34547e-13 3.5116e-14
-0.364265 -1.57108e-15 7.27158e-15 -0.364322 -3.60701e-13 -7.71898e-14
1.05214 1.44949e-13 4.57455e-14 1.05215 7.75643e-13 3.31158e-13
-0.687875 -1.43378e-13 -5.30171e-14 -0.687896 -5.14054e-13 -2.98284e-13
0.598899 4.7924e-13 1.21513e-13 0.5987 2.05285e-13 1.59716e-14
0.0293516 -3.36077e-13 -6.69539e-14 0.0293925 2.33048e-13 8.58869e-14
-0.628251 -1.43163e-13 -5.45595e-14 -0.628094 -3.85035e-13 -1.31693e-13
-0.330558 9.64482e-15 -7.8502e-14 -0.330526 -3.24807e-13 5.77782e-14
1.3098 3.24079e-13 2.08752e-13 1.30976 9.94975e-13 3.22578e-14
-0.979243 -3.33724e-13 -1.3025e-13 -0.979319 -6.63336e-13 -6.09713e-14
-0.703977 -6.07876e-13 2.29641e-14 -0.704141 -2.63434e-13 -8.92922e-14
0.960264 9.86977e-13 -9.06501e-14 0.960351 2.72959e-13 1.52693e-13
-0.256287 -3.79102e-13 6.7686e-14 -0.256268 -2.09641e-14 -6.99909e-14
-0.466758 -3.11973e-13 8.79842e-14 -0.466776 -1.85275e-13 -1.66125e-13
0.0543528 1.6121e-13 -2.8427e-13 0.054401 -1.12228e-14 1.98079e-13
0.412405 1.50763e-13 1.96286e-13 0.412372 1.89642e-13 -1.12215e-13
-1.42666 -5.9328e-13 -4.19763e-13 -1.42671 -8.13388e-13 -2.35598e-13
1.7275 6.21022e-13 6.3212e-13 1.72696 1.00719e-12 1.7488e-13
-0.300841 -2.77415e-14 -2.12357e-13 -0.300337 -2.37439e-13 4.60519e-14
-0.591088 1.07935e-14 -2.71515e-13 -0.59125 -4.79962e-13 -1.47817e-13
0.936489 -1.52419e-13 4.77076e-13 0.936592 7.85783e-13 1.47457e-13
-0.3454 1.41625e-13 -2.05561e-13 -0.345401 -3.86614e-13 -2.08806e-14
-0.38841 2.05886e-13 -2.25749e-13 -0.388424 -3.42052e-13 -8.10561e-14
-0.0219733 -7.08958e-13 1.78772e-13 -0.021967 4.55478e-13 -1.08198e-13
0.410384 5.03072e-13 4.69769e-14 0.410392 -1.08647e-13 1.65242e-13
0.93852 3.08713e-13 3.57575e-13 0.938463 1.99528e-13 1.4407e-13
-0.367 -1.8626e-13 -2.59757e-13 -0.367321 -2.62744e-14 -4.6255e-14
-0.57152 -1.22452e-13 -9.78174e-14 -0.571119 -1.68649e-13 -2.69804e-13
0.292643 -3.29382e-13 1.32804e-13 0.292623 1.35028e-13 -1.54961e-14
0.00653672 6.22289e-13 -2.10312e-13 0.00652043 -3.93567e-13 1.5017e-13
-0.29918 -2.92907e-13 7.75078e-14 -0.299144 2.62783e-13 -1.11222e-13
1.28068 -1.90574e-13 2.50735e-13 1.2805 -2.95874e-13 2.117e-13
-1.90274 2.60411e-13 -3.7896e-13 -1.90181 4.42023e-13 -3.06057e-13
0.622057 -6.98366e-14 1.28225e-13 0.621427 -1.81441e-13 5.45981e-14
-0.609529 -2.1725e-15 -1.42151e-13 -0.60939 3.23979e-13 -2.04394e-13
-0.0549439 3.88016e-13 -4.79307e-14 -0.0549069 -2.34898e-13 1.44141e-14
0.664473 -3.85843e-13 1.90082e-13 0.6643 -5.92673e-14 2.08556e-13
1.10744 -2.63305e-13 1.2341e-13 1.1077 -5.66459e-13 2.67773e-13
-0.907045 -7.32641e-15 -1.50296e-14 -0.907528 6.24629e-13 -2.66979e-13
-0.200393 2.70631e-13 -1.0838e-13 -0.200115 -2.89853e-15 -7.97372e-14
0.0484786 1.53825e-13 -5.8713e-14 0.0483911 -1.18592e-13 3.99573e-14
1.29173 -8.99158e-13 3.02153e-13 1.29212 -3.50287e-13 4.05122e-14
-1.34021 7.45333e-13 -2.4344e-13 -1.34059 4.91473e-13 -1.38028e-13
-0.127185 -1.12888e-13 3.07597e-14 -0.127236 1.98956e-13 -1.0051e-14
1.25693 -1.50973e-13 8.91483e-14 1.25706 -7.44122e-13 2.72137e-13
-1.12975 2.63861e-13 -1.19908e-13 -1.1299 5.225e-13 -2.17206e-13
-0.0637085 -1.1493e-13 4.17676e-14 -0.0636678 2.5021e-13 -1.72305e-14
1.46666 -2.45601e-13 1.59041e-13 1.46686 -7.12065e-13 3.70687e-13
-1.40295 3.6053e-13 -2.00809e-13 -1.40328 6.31093e-13 -2.7229e-13
0.365446 -3.09825e-13 1.26628e-13 0.365126 8.2687e-15 -1.35643e-14
0.753905 1.48057e-13 8.37607e-14 0.754348 -4.68306e-13 2.03041e-13
-1.11935 1.61767e-13 -2.10389e-13 -1.11952 4.87533e-13 -3.87595e-13
-0.782128 3.20027e-13 -2.25316e-13 -0.782085 2.53178e-13 -1.29081e-13
0.329828 -2.95117e-13 1.3011e-13 0.330005 1.11476e-14 1.03513e-13
0.4523 -2.49095e-14 9.52051e-14 0.452064 -2.57121e-13 1.23655e-13
0.670711 -6.3396e-14 1.12726e-13 0.670805 -1.93725e-14 2.01153e-13
-0.900406 9.8799e-14 -1.12106e-13 -0.900493 -4.13907e-14 -3.05831e-13
0.229695 -3.5403e-14 -6.19798e-16 0.229747 2.98664e-14 1.2393e-13
-0.375854 -2.85318e-13 -9.22537e-14 -0.375457 2.29652e-13 -7.54611e-14
-0.652373 6.05486e-13 -1.5705e-13 -0.652798 -3.9845e-13 -1.67548e-13
1.02823 -3.20168e-13 2.49303e-13 1.02828 1.63569e-13 2.41107e-13
-0.290916 -2.15963e-13 7.34067e-15 -0.290666 1.77172e-13 -9.87885e-14
1.55205 4.54193e-13 1.19976e-13 1.55188 -2.53246e-13 3.03478e-13
-1.26114 -2.38229e-13 -1.27316e-13 -1.26131 9.12579e-14 -1.5579e-13
-0.350863 1.79843e-13 -1.94118e-14 -0.350861 -1.14906e-13 7.43195e-15
1.11861 -3.76762e-13 9.39882e-14 1.11856 1.98139e-13 2.1262e-13
-0.767746 1.96919e-13 -7.45764e-14 -0.767767 -1.14507e-13 -1.38363e-13
-0.887031 2.43206e-13 -2.6306e-13 -0.887169 -2.09108e-13 -1.61043e-13
1.28106 -5.16391e-13 4.32281e-13 1.28098 3.42671e-13 1.73142e-13
-0.394024 2.73185e-13 -1.6922e-13 -0.393883 -1.80058e-13 -1.1237e-13
0.00722925 -3.19999e-13 6.39301e-15 0.00724455 2.06061e-13 -1.13293e-13
-0.824924 6.06153e-13 -2.46292e-13 -0.825104 -3.95066e-13 -2.85029e-13
0.817695 -2.86154e-13 2.39899e-13 0.817905 2.39756e-13 2.51065e-13
0.717873 -1.98469e-13 1.04737e-13 0.717637 1.81825e-13 1.51638e-13
0.117464 4.52759e-13 1.99986e-13 0.11753 -2.43085e-13 -6.49498e-14
-0.835337 -2.5429e-13 -3.04723e-13 -0.835174 1.81485e-13 -1.88588e-13
-0.066718 -1.56166e-13 -1.13395e-13 -0.0668397 1.26665e-13 2.48934e-14
0.985473 3.81786e-13 4.25159e-13 0.985658 -9.29014e-14 1.24915e-13
-0.918755 -2.2562e-13 -3.11764e-13 -0.918883 5.87074e-14 -1.37945e-13
-0.115236 7.5318e-14 -7.63399e-14 -0.114985 -1.57915e-14 -3.58301e-15
-1.18881 -3.24117e-13 -9.75667e-14 -1.18924 -4.33838e-14 -2.66461e-13
1.30404 2.48799e-13 1.73907e-13 1.30428 6.95686e-14 2.31437e-13
1.09698 5.06751e-15 -8.3675e-15 1.09721 -3.81709e-14 1.56123e-14
-1.03329 -9.60968e-15 1.4205e-14 -1.03362 3.83311e-14 8.8668e-16
-0.0636888 4.54217e-15 -5.8375e-15 -0.0635249 5.92414e-14 8.03921e-14
-1.14313 -3.20444e-14 2.04211e-14 -1.14337 3.36942e-14 -2.89757e-14
1.11141 6.58035e-14 -3.09957e-14 1.11176 -4.46985e-14 2.75072e-14
0.0317219 -3.37591e-14 1.05746e-14 0.0315549 -2.83633e-15 1.75096e-14
-0.906545 2.28813e-14 -4.22669e-16 -0.90658 -2.41746e-14 1.76741e-14
0.511882 -5.88361e-14 3.4005e-14 0.512169 1.36445e-14 -8.5632e-14
0.394663 3.59547e-14 -3.35823e-14 0.394388 -5.10086e-14 -8.46923e-15
-0.547186 -3.89624e-14 4.73857e-14 -0.5472 6.34504e-14 3.95091e-14
0.293279 6.82499e-14 -6.78362e-14 0.293303 -3.71917e-14 5.67103e-14
0.253906 -2.92875e-14 2.04505e-14 0.25388 -7.16625e-14 2.76117e-14
-0.444842 1.5237e-14 3.86365e-14 -0.444928 -1.11066e-14 6.37592e-14
0.411041 -4.5514e-14 -3.64816e-14 0.41113 5.43048e-14 -7.66184e-14
0.0338003 3.0277e-14 -2.15487e-15 0.0337727 -6.81136e-14 1.18442e-13
0.315896 -1.29484e-14 -3.31769e-14 0.315856 5.68813e-14 -9.23509e-14
-0.200025 4.17069e-14 1.7562e-14 -0.20005 -8.20154e-14 7.42698e-15
-0.115871 -2.87586e-14 1.56149e-14 -0.115793 4.76519e-14 6.11295e-14
1.45331 1.45264e-13 -3.88636e-13 1.45378 1.37659e-13 -3.57147e-13
-1.398 -1.30105e-13 3.81057e-13 -1.39848 -1.4078e-13 3.63602e-13
-0.0553136 -1.51592e-14 7.57973e-15 -0.0552259 -1.16989e-13 -4.618e-14
0.676996 1.37356e-13 -2.25669e-13 0.676555 1.29392e-13 -2.26709e-13
-1.60274 -3.16369e-13 5.32601e-13 -1.6021 -2.31787e-13 5.0612e-13
0.925747 1.79013e-13 -3.06932e-13 0.925636 1.27063e-13 -3.04687e-13
-1.01682 -2.69354e-13 3.78654e-13 -1.01679 -1.88223e-13 3.44144e-13
0.621104 2.2661e-13 -2.52834e-13 0.621465 9.31758e-14 -2.10922e-13
0.395719 4.27443e-14 -1.2582e-13 0.395298 1.01492e-13 -1.89436e-13
-0.074477 -7.18068e-14 6.46373e-14 -0.074561 5.70299e-15 2.62332e-14
0.85738 3.45848e-13 -4.068e-13 0.85752 2.28356e-13 -3.43491e-13
-0.782903 -2.74041e-13 3.42163e-13 -0.783015 -1.87811e-13 3.15362e-13
1.38681 6.07209e-13 -6.67646e-13 1.38723 4.13964e-13 -6.18359e-13
-1.25767 -6.28356e-13 6.0018e-13 -1.25823 -3.73686e-13 5.68723e-13
-0.12914 2.11467e-14 6.74659e-14 -0.128922 -1.0927e-13 1.11949e-13
-1.03593 -2.19726e-13 6.30838e-13 -1.03596 -4.90646e-13 4.90514e-13
0.68664 -2.87301e-15 -4.77443e-13 0.687015 4.26882e-13 -3.3667e-13
0.349288 2.22599e-13 -1.53395e-13 0.348917 3.88974e-14 -3.23556e-13
0.994787 -7.50974e-14 -5.05978e-13 0.994968 2.11627e-13 -5.27636e-13
-0.845058 2.57894e-13 4.06589e-13 -0.845385 -2.39158e-13 4.6032e-13
-0.149729 -1.82796e-13 9.93894e-14 -0.149528 1.03465e-13 5.52801e-14
1.58006 2.51376e-14 -7.94834e-13 1.58049 1.26487e-13 -7.40655e-13
-1.72141 2.76311e-14 8.7191e-13 -1.72151 -1.82148e-13 8.1499e-13
0.141344 -5.27687e-14 -7.70762e-14 0.141118 3.95586e-14 -6.37856e-14
0.607497 -2.21676e-13 -2.05834e-13 0.607366 1.39911e-13 -2.57124e-13
-1.30279 4.23575e-13 4.52718e-13 -1.30256 -2.37854e-13 5.65419e-13
0.695292 -2.01899e-13 -2.46884e-13 0.695279 7.54719e-14 -2.89361e-13
0.600194 -1.1384e-13 -1.69558e-13 0.599877 3.68727e-15 -2.50186e-13
0.331555 7.31248e-14 -1.54417e-13 0.331778 -1.21591e-13 -1.17621e-13
-0.931749 4.07152e-14 3.23975e-13 -0.931676 1.51196e-13 2.97616e-13
-0.321926 2.96074e-13 9.14116e-15 -0.322096 -5.71332e-14 4.82011e-14
0.739209 -6.31737e-13 -2.87498e-14 0.739309 2.29857e-14 -1.56886e-13
-0.417283 3.35663e-13 1.96086e-14 -0.417262 -6.17291e-14 1.46219e-13
-0.0545419 -1.77172e-13 4.05142e-14 -0.0544222 1.71927e-13 -8.5836e-15
-0.692177 6.03805e-13 -1.32531e-14 -0.692398 -4.09159e-14 7.38009e-14
0.746719 -4.26633e-13 -2.72611e-14 0.746859 -9.3791e-14 -8.40516e-14
-0.548028 -3.06278e-14 6.23044e-14 -0.547805 3.5894e-13 -3.39875e-14
-0.153709 5.02374e-13 -7.78061e-14 -0.15384 -2.92812e-13 9.67492e-14
0.701737 -4.71746e-13 1.55018e-14 0.701653 -9.00449e-14 -3.56514e-14
-0.469159 4.16897e-13 -7.35801e-14 -0.468725 1.08617e-14 -3.02117e-14
-0.578442 -2.80375e-13 1.76761e-14 -0.578852 4.66978e-13 -1.13067e-13
1.0476 -1.36523e-13 5.5904e-14 1.0476 -5.78367e-13 1.41248e-13
-0.936034 -1.30385e-13 -3.96619e-13 -0.936106 1.96364e-13 -4.31157e-13
0.673846 3.61845e-13 2.86432e-13 0.674195 -3.23109e-13 3.00867e-13
0.262188 -2.31461e-13 1.10187e-13 0.261878 1.44585e-13 1.17981e-13
-0.075521 1.41236e-13 -3.59044e-14 -0.0756648 -6.69057e-14 -6.94346e-15
0.828035 -3.3021e-13 3.79352e-13 0.828169 9.06063e-14 3.44727e-13
-0.752514 1.88975e-13 -3.43447e-13 -0.752559 2.45354e-14 -3.59222e-13
0.237321 1.06073e-13 1.23133e-13 0.237138 -1.04835e-13 1.99892e-13
0.566024 -2.64168e-13 2.86316e-13 0.566286 1.08926e-13 3.60776e-13
-0.803345 1.58094e-13 -4.09448e-13 -0.803462 -2.22911e-16 -5.30487e-13
-1.00684 2.56829e-13 -5.77849e-13 -1.00692 -7.69463e-14 -6.37343e-13
0.736279 -4.67511e-13 4.39238e-13 0.736673 2.46994e-13 4.54106e-13
0.270557 2.10682e-13 1.38611e-13 0.270217 -1.21475e-13 8.62466e-14
-0.770451 2.69035e-13 -5.16695e-13 -0.770207 6.51218e-14 -5.04534e-13
0.0854586 -3.55397e-13 9.35579e-14 0.0855002 2.19022e-13 6.24697e-14
0.684992 8.63618e-14 4.23137e-13 0.684703 -1.93766e-13 4.97392e-13
0.3758 -2.12299e-13 1.60897e-13 0.375623 -8.58638e-14 2.2574e-13
0.299037 6.67545e-14 2.42353e-13 0.299112 -2.31588e-13 1.56789e-13
-0.674837 1.45544e-13 -4.0325e-13 -0.674755 2.52755e-13 -3.33097e-13
-0.688704 4.03718e-13 -2.58121e-13 -0.688865 2.34712e-13 -2.28186e-13
0.670331 -5.14437e-13 2.55595e-13 0.670567 -1.54752e-13 2.68152e-13
0.0183725 1.1072e-13 2.52617e-15 0.0182593 7.06693e-14 -1.16892e-13
0.127951 -5.32964e-14 1.79684e-14 0.127721 -8.39684e-14 7.52828e-15
1.05341 -6.77655e-13 -3.38124e-14 1.05385 -6.242e-13 -8.26694e-15
-1.18136 7.30952e-13 1.5844e-14 -1.18164 6.55964e-13 -2.76319e-14
-1.09573 7.65715e-13 2.07185e-13 -1.09577 5.14522e-13 1.64069e-13
0.689988 -6.7364e-13 -1.29926e-13 0.690529 -2.36512e-13 -1.87369e-13
0.40574 -9.20744e-14 -7.72595e-14 0.405215 -3.2889e-13 -6.15014e-14
0.286671 -1.99138e-13 -3.57082e-14 0.286632 -9.56378e-14 -1.15676e-13
-0.787308 5.14911e-13 1.24616e-13 -0.787412 3.79922e-13 2.20886e-13
0.500636 -3.15772e-13 -8.89076e-14 0.50083 -2.03966e-13 -1.33652e-13
-0.0313626 6.65998e-14 3.03545e-14 -0.0314256 2.36745e-14 1.78593e-14
1.23538 -6.90085e-13 -5.05586e-13 1.23557 -5.34016e-13 -4.36817e-13
-1.20402 6.23485e-13 4.75232e-13 -1.20422 5.8143e-13 3.85628e-13
0.435005 -2.23592e-13 -1.60902e-13 0.435077 -1.27446e-13 -1.92181e-13
-0.698491 3.71125e-13 2.498e-13 -0.698644 2.46469e-13 2.62901e-13
0.263485 -1.47533e-13 -8.88983e-14 0.263614 -7.70638e-14 -8.04312e-14
0.100427 1.5797e-13 -5.68134e-14 0.100363 -7.72952e-14 -3.11073e-14
-1.28457 1.09398e-13 6.54133e-13 -1.28464 6.84672e-13 5.91922e-13
1.18414 -2.67368e-13 -5.9732e-13 1.18434 -5.41305e-13 -5.2914e-13
1.63359 -2.82537e-13 -1.00158e-12 1.63412 -3.80782e-13 -1.01511e-12
-1.69938 2.59837e-13 1.04351e-12 -1.69968 3.46126e-13 1.0365e-12
0.0657903 2.27005e-14 -4.19319e-14 0.0656516 -2.75957e-14 3.08128e-14
0.0794357 -1.49377e-13 -3.99423e-15 0.0792965 3.92953e-14 -3.48791e-14
0.577831 2.36642e-13 -4.61679e-13 0.578014 -2.33725e-13 -3.09324e-13
-0.657267 -8.72657e-14 4.65673e-13 -0.657349 2.19581e-13 4.44497e-13
-0.283328 2.59652e-13 1.6042e-13 -0.282961 -1.54662e-13 2.40361e-13
-0.70617 -4.22842e-13 4.80641e-13 -0.706553 3.74586e-13 3.67035e-13
0.989498 1.63189e-13 -6.41061e-13 0.989549 -2.20493e-13 -5.71625e-13
-0.199497 -2.05766e-13 1.00858e-13 -0.199484 6.09997e-15 8.30501e-16
-0.201885 2.2213e-13 -1.13583e-13 -0.20194 -1.87743e-13 7.40836e-14
0.401382 -1.63643e-14 1.27247e-14 0.401437 1.96237e-13 -4.42184e-14
0.975805 3.99055e-13 5.32045e-15 0.97575 2.32514e-13 -1.59614e-13
-0.438568 -2.90373e-13 -1.18294e-13 -0.438856 -7.49711e-14 7.41554e-14
-0.537237 -1.08682e-13 1.12973e-13 -0.536867 -1.61097e-13 -2.68204e-14
-1.27468 -5.97743e-13 4.90196e-15 -1.27484 -3.98639e-13 -3.01277e-14
1.18424 7.48717e-13 -4.16657e-14 1.1846 1.86197e-13 4.88011e-14
0.0904383 -1.50974e-13 3.67637e-14 0.0901933 1.40811e-13 2.9382e-14
-0.245144 -6.03869e-14 -1.40818e-13 -0.245245 -1.11278e-13 1.30127e-13
0.760543 2.03151e-13 3.2197e-13 0.760601 2.45658e-13 -2.87684e-14
-0.515399 -1.42764e-13 -1.81152e-13 -0.515406 -2.19856e-13 -1.31189e-14
0.807436 8.63785e-14 6.69038e-13 0.807554 1.94465e-14 3.80207e-13
-0.876213 -1.10241e-13 -8.84977e-13 -0.876399 -4.38435e-14 -2.97679e-13
0.0687771 2.38627e-14 2.15939e-13 0.068902 2.76601e-14 -1.31193e-13
0.165993 5.04459e-14 3.28199e-13 0.165635 5.17938e-14 9.77301e-15
-1.77085 -5.30808e-13 -1.46514e-12 -1.77059 -5.76209e-13 -7.12889e-13
1.60486 4.80362e-13 1.13694e-12 1.60502 4.82051e-13 7.3641e-13
0.711721 2.37922e-13 2.72458e-13 0.71181 1.8975e-13 4.17601e-13
-0.762024 -2.54236e-13 -2.20264e-13 -0.762203 -2.6113e-13 -4.78648e-13
0.050303 1.63139e-14 -5.21947e-14 0.0504434 8.69378e-14 1.20226e-13
-0.26174 -1.58555e-13 -4.63054e-13 -0.261761 -7.01082e-14 1.80723e-13
0.0854809 1.71414e-13 7.264e-13 0.0854393 -2.83682e-14 -3.87788e-13
0.176259 -1.28596e-14 -2.63346e-13 0.176316 4.68494e-14 2.50938e-13
-1.04323 -3.09215e-13 -1.4598e-13 -1.04343 -3.63853e-13 -6.59279e-13
1.04838 2.75256e-13 -1.8887e-13 1.04863 4.1705e-13 8.7028e-13
-0.00515429 3.39591e-14 3.3485e-13 -0.00526133 -4.08329e-14 -1.69767e-13
0.235029 1.32545e-14 -1.91025e-13 0.234875 4.05942e-14 2.64175e-13
0.339523 2.05181e-13 6.87027e-13 0.339711 7.29059e-14 -1.92605e-13
-0.574552 -2.18435e-13 -4.96003e-13 -0.574609 -1.04935e-13 -5.03166e-14
0.105285 6.00761e-14 3.48928e-13 0.105246 -3.35594e-14 -1.7934e-13
-0.0992304 -9.09452e-14 -6.57966e-13 -0.0992931 3.41165e-14 3.89979e-13
-0.00605486 3.08691e-14 3.09038e-13 -0.00594648 -4.3382e-14 -2.14874e-13
-0.368747 4.31497e-14 3.67757e-13 -0.368327 -1.04979e-13 -3.16461e-13
-0.667683 -2.31383e-13 -8.79452e-13 -0.668054 6.21236e-14 4.42227e-13
1.03643 1.88233e-13 5.11694e-13 1.03641 -4.3787e-15 -1.95819e-13
-0.0652889 -9.00375e-14 -2.94322e-13 -0.0652853 5.51233e-14 2.32081e-13
-0.00977461 1.71193e-13 5.86872e-13 -0.00979031 -5.96007e-14 -3.66769e-13
0.0750635 -8.11553e-14 -2.9255e-13 0.0750762 8.85398e-15 1.50692e-13
1.15608 6.3857e-14 1.22072e-14 1.15616 1.06454e-13 -4.41393e-14
-0.76919 -2.25219e-14 -4.93064e-14 -0.769631 -6.81411e-14 5.79699e-14
-0.386888 -4.13351e-14 3.70993e-14 -0.386478 -3.0812e-14 -8.27234e-15
-0.0331662 8.17913e-14 3.62174e-13 -0.0331959 -9.32383e-14 -1.86027e-13
-0.0519999 -1.77347e-13 -7.12484e-13 -0.0519999 1.07345e-13 3.88226e-13
0.085166 9.55553e-14 3.5031e-13 0.0851992 -9.79032e-14 -1.78244e-13
1.27971 4.62788e-13 -7.04939e-14 1.27987 2.78049e-13 -4.73835e-13
-1.52593 -6.11107e-13 -1.2884e-13 -1.52577 -3.87627e-13 7.78021e-13
0.246215 1.48319e-13 1.99334e-13 0.245994 5.27765e-14 -1.98041e-13
-0.565928 -2.04805e-13 6.67228e-14 -0.5661 -2.13883e-13 2.6737e-13
0.769062 2.90453e-13 5.62668e-15 0.769178 2.27533e-13 -4.13723e-13
-0.203134 -8.56478e-14 -7.23494e-14 -0.203126 -7.87365e-14 9.67628e-14
-0.83489 -2.84172e-13 5.27667e-13 -0.834941 -3.0918e-13 3.01838e-13
0.585643 2.35419e-13 -5.96636e-13 0.585851 1.95123e-13 -2.51e-14
0.249247 4.87532e-14 6.89692e-14 0.249059 2.6941e-14 -2.09475e-13
1.30005 1.87874e-13 -8.78352e-13 1.29999 3.35862e-13 -4.66247e-13
-1.84378 -2.23466e-13 1.36231e-12 -1.84303 -4.88379e-13 5.46298e-13
0.543726 3.55914e-14 -4.83961e-13 0.543143 1.82907e-13 2.96605e-15
-0.727991 1.54702e-14 3.53801e-13 -0.727817 -1.01057e-13 4.15046e-13
0.122059 -1.41366e-13 4.39175e-14 0.122129 1.47457e-13 -1.42922e-13
0.605932 1.25896e-13 -3.97719e-13 0.605683 3.26274e-16 -3.3197e-13
0.325159 1.10548e-13 2.63236e-14 0.324795 3.39855e-15 -3.08084e-13
0.835252 -1.40143e-13 -9.32122e-13 0.835814 1.71302e-13 -2.75929e-13
-1.16041 2.95949e-14 9.05798e-13 -1.16066 -1.23472e-13 5.21774e-13
0.28628 1.49511e-13 5.31241e-14 0.285894 8.9213e-15 -2.78371e-13
0.986839 -2.2474e-14 -8.66075e-13 0.987488 2.89888e-13 -3.34353e-13
-1.27312 -1.27037e-13 8.12951e-13 -1.27344 -2.77696e-13 5.71549e-13
-0.0868524 1.98356e-13 2.19852e-13 -0.0868394 -1.64086e-13 -6.17562e-14
-0.524291 -6.03449e-13 -1.44871e-13 -0.524442 1.48349e-13 3.95365e-13
0.611144 4.05093e-13 -7.49811e-14 0.611312 2.13234e-14 -3.85008e-13
-1.0328 -5.50465e-13 3.53826e-13 -1.03287 -2.12755e-13 4.14206e-13
0.68141 6.56878e-13 -1.64987e-13 0.68182 -5.68812e-14 -3.90752e-13
0.351392 -1.06413e-13 -1.88839e-13 0.351019 2.7836e-13 -2.15137e-13
0.271886 3.23764e-13 3.73909e-14 0.271289 -1.03324e-13 -2.87226e-13
-1.81197 -1.06345e-12 3.64165e-13 -1.81134 -3.11273e-13 7.47757e-13
1.54008 7.39682e-13 -4.01556e-13 1.54013 4.28504e-13 -6.16032e-13
-1.21028 -1.73638e-13 5.09927e-13 -1.21035 -6.36969e-13 2.14433e-13
0.924976 -2.002e-13 -6.1306e-13 0.925485 6.81076e-13 -6.79144e-14
0.285299 3.73839e-13 1.03132e-13 0.284824 -6.88613e-14 -1.96351e-13
-0.922105 -4.85296e-13 -1.04008e-13 -0.922211 5.81139e-14 1.11361e-13
0.639674 7.40334e-13 2.96754e-13 0.64002 -2.91052e-13 -2.56727e-13
0.282432 -2.55038e-13 -1.92747e-13 0.28216 2.15667e-13 1.30817e-13
-0.23436 1.9596e-13 9.55032e-14 -0.234463 -1.7766e-13 -3.38156e-14
0.561027 -3.87207e-13 -1.9899e-13 0.561151 3.98337e-13 7.43065e-14
-0.326667 1.91247e-13 1.03487e-13 -0.326726 -2.41669e-13 -1.37907e-14
0.914088 1.51234e-13 -9.65743e-15 0.913965 1.96193e-14 -6.19764e-14
-0.298831 -1.92597e-13 4.56614e-14 -0.299018 8.45663e-14 -7.24004e-14
-0.615257 4.13624e-14 -3.6004e-14 -0.614928 -9.96487e-14 6.3501e-14
1.25904 1.86877e-13 7.57415e-14 1.25927 6.87639e-16 6.72242e-14
-0.987815 -2.881e-13 -7.05124e-14 -0.988342 1.22127e-13 -3.31276e-14
-0.271223 1.01223e-13 -5.22909e-15 -0.270869 -1.06991e-13 -6.87968e-15
-0.141381 -2.68722e-13 -3.61304e-13 -0.141113 1.1667e-13 1.19911e-13
-0.893621 4.26266e-13 3.67124e-13 -0.894065 -4.37075e-13 -6.62706e-13
1.035 -1.57544e-13 -5.8204e-15 1.03522 3.01006e-13 4.52469e-13
0.449854 2.79727e-13 4.23983e-13 0.449339 -7.60145e-14 -5.45606e-14
-1.66703 -6.03182e-13 -1.0565e-12 -1.66642 1.5075e-13 -1.78889e-13
1.21718 3.23455e-13 6.32513e-13 1.21717 -2.14736e-15 2.63697e-13
0.033789 -1.80902e-13 -3.39482e-14 0.0337287 1.76919e-13 7.17836e-14
1.48903 5.73073e-13 6.34055e-13 1.48957 8.12418e-15 5.00788e-13
-1.52281 -3.92171e-13 -6.00107e-13 -1.52338 -8.51405e-14 -5.01295e-13
-0.0563446 1.6292e-13 1.01113e-13 -0.0562993 -7.37051e-14 -1.08679e-13
1.42952 9.83432e-16 4.0793e-13 1.42975 6.17894e-13 8.70335e-13
-1.37318 -1.63903e-13 -5.09043e-13 -1.37353 -4.67718e-13 -7.94938e-13
-0.0997375 -9.27149e-14 -3.40174e-13 -0.0994682 -2.82341e-15 1.88603e-13
-1.28001 -2.91196e-13 -1.37709e-13 -1.28041 -4.75151e-13 -1.03213e-12
1.37975 3.8391e-13 4.77883e-13 1.37993 4.86667e-13 9.23344e-13
-1.02553 -3.78119e-13 -8.55776e-13 -1.02577 -3.46589e-13 -4.91901e-13
1.02133 4.12663e-13 1.0991e-12 1.02158 3.12579e-13 3.0955e-13
0.00419934 -3.45444e-14 -2.43326e-13 0.00413571 1.71952e-14 1.546e-13
1.5968 2.43739e-13 8.17031e-13 1.5974 -1.87506e-14 7.66604e-13
-1.67277 -3.76914e-13 -8.76033e-13 -1.67304 7.56391e-14 -7.58966e-13
0.0759697 1.33175e-13 5.90025e-14 0.0757307 -9.44158e-14 -4.81335e-14
-1.08096 -3.39058e-13 -2.73734e-13 -1.08104 1.01664e-13 -7.1027e-13
0.748694 6.03106e-13 -4.64407e-14 0.749139 -3.17796e-13 5.46674e-13
0.33227 -2.64048e-13 3.20175e-13 0.331866 2.40362e-13 5.255e-14
-0.439013 8.68228e-14 -3.04359e-13 -0.438514 -1.2573e-13 -1.23147e-14
1.75557 -9.65828e-14 9.19546e-13 1.75503 3.63635e-13 4.18448e-13
-1.31655 9.76002e-15 -6.15187e-13 -1.31662 -2.14879e-13 -3.40985e-13
-0.597133 -3.66578e-13 -3.13924e-14 -0.596915 1.53671e-13 -2.79809e-13
-0.0922099 5.15356e-13 -2.3898e-13 -0.0923133 -3.13055e-13 1.22265e-13
0.689343 -1.48778e-13 2.70373e-13 0.689233 2.73438e-13 1.16131e-13
0.432964 -1.43133e-13 2.06407e-13 0.43274 2.70655e-13 -1.18618e-13
-1.40969 1.02698e-13 -4.35328e-13 -1.40948 -6.95057e-13 8.23272e-14
0.97673 4.04342e-14 2.28921e-13 0.97682 4.99794e-13 3.2529e-15
-0.422891 -3.85273e-13 7.5244e-14 -0.422621 4.79688e-14 -1.35835e-14
-0.431706 3.58817e-13 -1.85985e-13 -0.431969 -4.45434e-13 1.12038e-13
0.854597 2.64553e-14 1.10741e-13 0.85461 4.23937e-13 -4.43908e-14
-0.650919 -4.09176e-13 4.79867e-14 -0.651121 -1.24626e-13 -5.3692e-14
0.876574 6.91554e-13 -9.27404e-14 0.876711 8.04104e-14 8.08034e-14
-0.225655 -2.82378e-13 4.47537e-14 -0.225644 3.56462e-14 1.30011e-14
-0.0100688 -1.48563e-13 1.17403e-14 -0.010053 5.9688e-14 4.60575e-14
-0.13835 2.47224e-13 -5.26708e-15 -0.138444 -2.18857e-13 1.68301e-14
0.148419 -9.86615e-14 -6.4732e-15 0.148506 9.29336e-14 -8.42918e-14
-0.16041 2.15742e-14 2.8071e-15 -0.160051 -2.97554e-15 -5.17235e-15
-1.18088 -4.68666e-14 3.25909e-15 -1.18133 -5.98969e-15 2.40852e-14
1.34129 2.52924e-14 -6.06619e-15 1.34143 2.71906e-15 3.2644e-14
-0.43102 -3.75762e-14 6.96457e-15 -0.431099 5.00836e-14 -4.8053e-14
0.306108 7.20903e-14 -9.33691e-15 0.306162 -9.47906e-14 1.11705e-14
0.124911 -3.45141e-14 2.37235e-15 0.124918 1.13724e-15 -6.99212e-15
0.56415 2.86376e-14 -2.77767e-14 0.563928 1.98707e-14 -9.72341e-14
0.125615 -2.70453e-14 -1.7394e-15 0.125666 1.52719e-14 -3.09013e-14
-0.689765 -1.59223e-15 2.95161e-14 -0.689602 -5.71455e-14 8.89323e-15
0.330914 -2.36892e-14 -3.37113e-14 0.330342 1.83587e-13 -2.98691e-14
-1.78739 -2.73898e-14 1.9426e-13 -1.78681 -1.57116e-13 2.0117e-13
1.45648 5.1079e-14 -1.60549e-13 1.45654 1.19782e-13 -1.66272e-13
-0.816474 -8.8836e-14 2.08857e-13 -0.816303 -1.44644e-13 1.94254e-13
0.213593 -1.06108e-14 -1.13446e-13 0.213692 1.01414e-13 3.06375e-14
0.602881 9.94468e-14 -9.54109e-14 0.602601 5.24916e-14 -1.16482e-13
-1.53527 -4.01397e-13 4.64485e-13 -1.53541 -3.83295e-13 4.60214e-13
1.59688 4.5866e-13 -4.73823e-13 1.59684 3.41745e-13 -5.46841e-13
-0.0616158 -5.72636e-14 9.33772e-15 -0.0614877 6.8472e-14 8.92878e-14
0.542309 2.47823e-13 -2.07707e-13 0.542011 2.29383e-13 -2.47345e-13
-1.4173 -6.33382e-13 5.48009e-13 -1.41689 -5.56408e-13 5.35596e-13
0.874993 3.8556e-13 -3.40302e-13 0.874961 3.66403e-13 -3.79932e-13
0.287068 1.36243e-13 -4.12848e-14 0.286828 8.24838e-14 -5.65339e-14
0.45191 2.18517e-13 -2.79452e-13 0.452144 2.42168e-13 -1.56652e-13
-0.738978 -3.5476e-13 3.20736e-13 -0.739003 -3.025e-13 3.12137e-13
-0.643749 -5.0468e-13 1.3984e-13 -0.643862 -2.26383e-13 2.49892e-13
0.588609 6.44847e-13 -9.12741e-14 0.588801 1.03264e-13 -2.28598e-13
0.0551403 -1.40167e-13 -4.85656e-14 0.0550268 1.36865e-13 1.78796e-16
-0.0392687 -4.26941e-14 6.10694e-14 -0.0393717 -6.99913e-14 4.10582e-14
0.80732 5.0832e-13 -2.1291e-13 0.807438 4.48296e-13 -1.53844e-14
-0.768052 -4.65626e-13 1.5184e-13 -0.76812 -3.85062e-13 6.14102e-14
-0.461917 -1.44489e-13 2.53851e-14 -0.461942 -3.928e-13 8.58618e-14
0.195937 -1.26117e-13 -1.84263e-14 0.196009 2.5221e-13 -1.38084e-16
0.26598 2.70605e-13 -6.95878e-15 0.265922 5.78288e-14 -1.04568e-13
0.11344 1.02426e-13 -3.99945e-15 0.113314 -1.5455e-14 -3.23191e-14
0.3135 6.85825e-14 -8.73873e-15 0.313578 2.23168e-13 -4.66436e-14
-0.42694 -1.71008e-13 1.27382e-14 -0.426914 -2.73932e-13 4.60127e-14
0.701404 5.39383e-13 4.21764e-14 0.701413 1.89607e-13 -2.16029e-14
-0.278339 -5.2292e-13 -1.23427e-13 -0.278586 1.11542e-13 1.11501e-13
-0.423064 -1.64623e-14 8.1251e-14 -0.422809 -3.67454e-13 -2.50964e-14
-0.218726 1.33637e-13 1.31772e-13 -0.218848 -2.18526e-13 -1.9938e-14
0.863983 -1.09667e-13 -3.45069e-13 0.864093 6.72294e-13 -4.07007e-14
-0.645257 -2.39698e-14 2.13296e-13 -0.645302 -4.20588e-13 9.13264e-14
0.854321 1.5068e-13 -1.91194e-13 0.854343 3.23562e-13 -1.94365e-13
-0.617829 1.12161e-13 1.33769e-13 -0.618011 -3.94301e-13 9.34226e-14
-0.236493 -2.62841e-13 5.74257e-14 -0.236291 2.23833e-14 2.18942e-14
-0.468869 -5.75999e-13 5.89613e-14 -0.46835 1.29785e-13 2.36659e-13
-0.555836 5.92946e-13 2.89484e-13 -0.556242 -6.87457e-13 6.75018e-14
1.0247 -1.6947e-14 -3.48445e-13 1.02462 6.11979e-13 -2.80643e-13
-0.712207 -6.32642e-13 1.61456e-13 -0.711882 1.55415e-14 3.39881e-13
-0.0439986 7.98576e-13 1.42437e-13 -0.0440175 -5.40187e-13 -8.22809e-14
0.756205 -1.65934e-13 -3.03893e-13 0.755902 4.74437e-13 -1.85576e-13
-0.88261 2.54345e-13 2.25486e-13 -0.882389 -7.49301e-14 7.58561e-14
0.278083 -4.3612e-13 -2.09358e-13 0.27827 2.36498e-13 3.90696e-14
0.604527 1.81775e-13 -1.61277e-14 0.604107 -1.87752e-13 -1.61884e-13
-1.39873 5.71689e-13 2.23779e-13 -1.39895 2.9764e-13 1.65702e-14
1.32797 -7.1805e-13 -3.44942e-13 1.32836 -2.12604e-13 4.28346e-14
0.0707651 1.4636e-13 1.21163e-13 0.07054 -1.14033e-13 -1.89397e-14
-0.111457 -1.43141e-13 -5.34589e-14 -0.111531 2.14072e-13 9.30956e-14
-0.0332999 3.94155e-13 1.31318e-13 -0.0333187 -2.64731e-13 -6.84215e-14
0.144757 -2.51014e-13 -7.78588e-14 0.144852 3.46827e-14 6.25916e-15
0.250792 -6.34385e-14 1.04694e-13 0.250314 -1.31645e-13 -1.4011e-13
-1.75582 8.71694e-13 7.62418e-14 -1.75537 1.12232e-12 5.68569e-13
1.50502 -8.08256e-13 -1.80936e-13 1.50513 -9.14803e-13 -4.78295e-13
1.17697 -9.31596e-13 -1.50929e-13 1.17726 -6.69728e-13 -3.88288e-13
-0.993752 9.99796e-13 -4.00123e-14 -0.994195 4.0281e-13 4.10705e-13
-0.183221 -6.82002e-14 1.90941e-13 -0.182998 2.46879e-13 -4.52627e-14
-0.357009 5.33228e-14 3.50018e-13 -0.356563 4.38921e-13 1.53105e-14
-0.724923 8.52859e-13 -1.43329e-13 -0.725409 2.13771e-13 5.43454e-13
1.08193 -9.06181e-13 -2.06688e-13 1.082 -5.70105e-13 -5.05128e-13
-0.750703 4.08727e-13 4.60237e-13 -0.750903 5.14229e-13 1.64852e-13
0.937815 -4.53254e-13 -7.31276e-13 0.93791 -6.89413e-13 -1.59314e-13
-0.187111 4.45265e-14 2.71039e-13 -0.187062 2.50647e-13 -2.09121e-14
-0.531891 5.77166e-13 7.38116e-14 -0.53193 9.05952e-14 2.89046e-13
1.1806 -1.24773e-12 -1.75647e-13 1.18052 -3.69814e-13 -5.37111e-13
-0.648707 6.70562e-13 1.01836e-13 -0.648668 1.06744e-13 2.72486e-13
-0.643254 2.8744e-13 -1.85429e-13 -0.643235 -1.46099e-13 9.04729e-14
0.170563 -6.14882e-13 2.70855e-13 0.170687 4.33e-13 -1.27082e-13
0.472691 3.27442e-13 -8.54253e-14 0.472539 -1.96456e-13 1.07064e-13
-0.844007 2.16984e-13 -2.20372e-13 -0.844013 -2.88377e-13 -8.10338e-14
0.491106 -5.65198e-13 2.65005e-13 0.491328 4.49133e-13 -5.08636e-14
0.352902 3.48214e-13 -4.46338e-14 0.352661 -1.95415e-13 1.66301e-13
0.0196727 -1.33022e-13 1.38792e-13 0.0196877 1.30873e-13 -1.36286e-13
1.47933 5.12785e-13 8.53531e-15 1.47975 8.3876e-14 4.4698e-13
-1.499 -3.79763e-13 -1.47327e-13 -1.49952 -1.41901e-13 -3.54391e-13
0.22987 6.76795e-14 2.63814e-13 0.229875 1.05868e-13 1.32457e-14
-0.322401 -7.69192e-14 -4.63375e-13 -0.322532 -1.69536e-13 7.93963e-14
0.0925317 9.23972e-15 1.9956e-13 0.0926789 6.55956e-14 -4.60488e-14
-0.234742 -3.13025e-13 -9.81427e-14 -0.234739 6.89938e-14 -1.34009e-13
-0.20733 3.16199e-13 -1.11307e-13 -0.207381 -3.46084e-13 -8.14593e-14
0.442072 -3.17369e-15 2.0945e-13 0.442133 2.71585e-13 2.18025e-13
-0.447639 -6.91568e-14 -3.33911e-13 -0.446943 -3.98144e-13 -2.27098e-13
1.91967 6.25179e-13 1.19526e-12 1.91899 1.18035e-12 8.61282e-13
-1.47203 -5.56022e-13 -8.61347e-13 -1.47215 -7.79926e-13 -6.67706e-13
-0.603242 -4.08321e-13 -1.54046e-13 -0.603356 -2.50629e-13 -4.76186e-13
0.387488 3.74553e-13 -1.46021e-13 0.387683 1.18965e-13 4.34931e-13
0.215753 3.3768e-14 3.00067e-13 0.215651 1.70637e-13 4.10392e-14
-0.415366 -1.37252e-13 -2.54977e-13 -0.415469 -3.55302e-13 -1.33188e-13
0.966718 3.43466e-13 5.89487e-13 0.966761 6.96646e-13 5.67523e-13
-0.551352 -2.06214e-13 -3.3451e-13 -0.551355 -4.00137e-13 -3.04529e-13
-0.0607767 -2.29179e-13 2.54411e-13 -0.0609527 4.81723e-14 -2.37703e-13
0.691891 7.79863e-13 -2.18716e-13 0.692081 1.74075e-13 7.84434e-13
-0.631114 -5.50684e-13 -3.56949e-14 -0.631175 -1.82427e-13 -5.12659e-13
-0.952009 -3.34649e-13 -7.73282e-13 -0.95185 -5.31041e-13 -1.56909e-13
0.407634 -8.81087e-14 8.71089e-13 0.407864 4.2453e-13 -2.65337e-13
0.544375 4.22757e-13 -9.78069e-14 0.543968 1.38914e-13 4.82441e-13
1.29217 6.80485e-13 4.39182e-13 1.29252 5.55865e-13 5.68069e-13
-1.08385 -6.55204e-13 -2.5062e-13 -1.08441 -3.5161e-13 -5.84708e-13
-0.208314 -2.52811e-14 -1.88562e-13 -0.208047 -1.57756e-13 -9.47874e-14
-0.131707 -2.9926e-13 3.83388e-13 -0.131417 9.92062e-14 -3.48636e-13
-1.16628 -6.78591e-14 -1.30944e-12 -1.16667 -7.89137e-13 1.20087e-13
1.29799 3.67119e-13 9.26056e-13 1.29813 7.0237e-13 1.88696e-13
-0.847877 -2.00326e-13 -7.53948e-13 -0.847667 -5.28978e-13 -1.16747e-13
0.249848 -2.38175e-13 9.4274e-13 0.249949 3.44144e-13 -4.65984e-13
0.598028 4.38501e-13 -1.88791e-13 0.597707 1.23056e-13 5.09866e-13
0.590954 1.24841e-13 3.07963e-13 0.590636 2.4688e-13 3.12393e-14
0.261455 3.05043e-13 -2.69202e-13 0.261648 3.35179e-14 2.93851e-13
-0.852408 -4.29884e-13 -3.8761e-14 -0.852301 -2.30589e-13 -3.04607e-13
-0.96496 -5.66773e-13 3.20479e-13 -0.964958 -1.72433e-13 -5.00125e-13
0.525502 6.72624e-13 -8.63936e-13 0.525823 -1.25096e-13 7.2358e-13
0.439458 -1.05851e-13 5.43458e-13 0.439111 3.12505e-13 -2.85852e-13
0.609727 2.42632e-13 -2.0092e-13 0.609587 6.42934e-14 2.41025e-13
-0.0566109 -1.90952e-13 4.69005e-13 -0.0565707 9.36148e-14 -2.54603e-13
-0.553117 -5.16796e-14 -2.68085e-13 -0.553012 -1.79733e-13 1.10518e-13
-0.683089 -4.1724e-13 4.89921e-13 -0.682825 1.19174e-13 -2.96425e-13
-0.0527121 5.57271e-13 -1.00349e-12 -0.0526977 -3.51653e-13 6.94228e-13
0.735801 -1.40031e-13 5.13567e-13 0.735525 2.99715e-13 -3.18098e-13
-0.462918 1.77139e-13 -4.88503e-13 -0.462795 -1.90788e-13 3.76783e-13
-0.158466 -5.18782e-13 9.81828e-13 -0.158579 2.90338e-13 -6.36991e-13
0.621384 3.41643e-13 -4.93325e-13 0.621382 -1.35203e-13 3.00952e-13
-0.700569 1.24009e-13 -2.76364e-13 -0.700774 -2.19064e-13 3.21781e-13
0.792091 -2.93152e-13 6.4765e-13 0.792235 2.78618e-13 -5.72221e-13
-0.0915224 1.69143e-13 -3.71287e-13 -0.0915082 -1.88273e-13 2.42497e-13
-1.25675 1.2819e-13 -1.57673e-13 -1.25695 -1.6274e-13 5.60489e-13
1.18824 -3.01665e-13 6.20862e-13 1.18856 2.47585e-13 -8.89728e-13
0.0685022 1.73475e-13 -4.6319e-13 0.0683438 -1.33108e-13 3.08161e-13
0.379275 -2.31388e-13 3.16432e-13 0.3793 1.34695e-13 -3.3142e-13
-0.560013 4.48513e-13 -6.78665e-13 -0.560096 -2.44772e-13 6.30043e-13
0.180738 -2.17125e-13 3.62233e-13 0.180833 1.28958e-13 -2.57204e-13
0.0427611 -1.70967e-13 3.0708e-13 0.0426405 9.32016e-14 -2.49246e-13
1.25442 1.03399e-13 -1.2927e-12 1.25476 -4.6099e-13 -2.69955e-13
-1.29718 6.75689e-14 9.85623e-13 -1.29747 3.36221e-13 4.56762e-13
0.979727 -1.25391e-13 -7.23711e-13 0.979812 -3.96905e-13 -3.77845e-13
-0.535863 -1.7472e-13 6.5617e-13 -0.536236 3.4629e-13 6.35546e-14
-0.443864 3.0011e-13 6.75404e-14 -0.443543 5.76443e-14 3.38767e-13
-0.995123 2.96512e-13 4.22044e-13 -0.995284 3.59722e-13 6.47651e-13
0.855347 -2.01667e-13 -1.79249e-13 0.855619 -3.88582e-13 -7.02533e-13
0.139776 -9.48451e-14 -2.42795e-13 0.139622 -3.58686e-14 -7.19719e-15
0.392733 -2.26219e-13 1.09968e-13 0.392689 -1.92079e-13 -4.4931e-13
-0.134318 1.55704e-13 -6.20392e-13 -0.134388 -1.26337e-14 4.86743e-13
-0.258416 7.05145e-14 5.10424e-13 -0.258292 2.15015e-13 -7.37461e-14
-1.02807 5.66457e-13 8.52801e-13 -1.0283 4.8227e-13 5.22436e-13
0.993415 -6.068e-13 -1.07484e-12 0.99377 -4.35753e-13 -3.36224e-13
0.0346514 4.03425e-14 2.22034e-13 0.0344838 -1.00612e-13 -1.66704e-13
1.03271 -4.37805e-13 -9.33412e-13 1.03279 -5.60078e-13 -3.48077e-13
-0.682266 1.43038e-13 1.01749e-12 -0.68265 4.58487e-13 4.047e-14
-0.350441 2.94767e-13 -8.40787e-14 -0.350099 1.32535e-13 4.61596e-13
-0.51741 1.99188e-13 1.91086e-13 -0.51693 3.70812e-13 3.84422e-13
-0.452174 4.51365e-13 4.84183e-13 -0.452594 1.31319e-13 1.04943e-13
0.969584 -6.50553e-13 -6.75269e-13 0.969544 -4.67162e-13 -4.32341e-13
-0.371044 4.52581e-13 -7.1477e-14 -0.371118 1.308e-13 3.09332e-13
1.16035 -1.19512e-12 -2.54416e-14 1.16032 -5.03594e-13 -8.76202e-13
-0.789308 7.42541e-13 9.69186e-14 -0.789276 3.86913e-13 4.57558e-13
0.203396 -3.60069e-13 2.75777e-13 0.203382 1.59647e-14 -2.8714e-13
-0.0375266 5.01707e-13 -6.68831e-13 -0.0375435 -2.55218e-13 3.76649e-13
-0.165869 -1.41639e-13 3.93055e-13 -0.165836 2.91854e-13 -1.52108e-13
0.543042 -4.09966e-13 -1.77412e-13 0.543042 -2.31351e-13 -4.92083e-14
-0.870993 6.96124e-13 3.03261e-13 -0.871013 3.61338e-13 7.5903e-14
0.327951 -2.86158e-13 -1.25849e-13 0.328028 -8.61683e-14 -2.82901e-14
0.360466 -4.87148e-13 3.86818e-13 0.360439 7.56911e-14 -3.12181e-13
-0.92855 1.04623e-12 -7.26231e-13 -0.928599 3.97996e-14 5.6911e-13
0.568084 -5.59079e-13 3.39414e-13 0.568219 -6.63206e-14 -2.69147e-13
1.39429 -5.06354e-13 5.94607e-13 1.39431 -1.92268e-13 2.69521e-14
-1.88652 7.76581e-13 -9.92704e-13 -1.88581 1.86583e-13 8.21384e-14
0.492235 -2.70227e-13 3.98097e-13 0.491609 -1.72311e-14 -1.94918e-13
0.0329747 3.4569e-13 -3.32254e-13 0.0329149 -2.28238e-13 2.24788e-13
0.174005 -6.64927e-13 7.93667e-13 0.173988 4.56893e-13 -3.26498e-13
-0.20698 3.19237e-13 -4.61413e-13 -0.206915 -2.32445e-13 7.42647e-14
-0.251878 -2.73128e-13 3.61552e-13 -0.251479 9.18451e-15 -4.46404e-13
-0.953503 2.05634e-13 -1.52225e-12 -0.954012 -4.60122e-13 1.35081e-13
1.20538 6.74945e-14 1.1607e-12 1.20553 4.12346e-13 3.75307e-13
-0.666118 -2.01652e-13 -8.64625e-13 -0.666147 -1.97436e-13 -1.70068e-13
0.29736 7.31131e-14 1.10075e-12 0.297575 1.19389e-13 -3.92808e-13
0.368758 1.28539e-13 -2.36123e-13 0.368556 9.11705e-15 6.42002e-13
1.41746 2.23806e-13 9.64238e-13 1.41788 5.73774e-13 8.43203e-13
-1.29591 7.72692e-14 -9.58781e-13 -1.29642 -7.1486e-13 -6.90427e-13
-0.121549 -3.01076e-13 -5.45667e-15 -0.121376 1.23332e-13 -1.58672e-13
0.159484 -8.22832e-14 -3.71124e-13 0.159362 1.13293e-13 3.29583e-13
-1.33335 -3.11006e-13 1.40239e-13 -1.33338 -7.85757e-13 -1.28454e-12
1.17386 3.93289e-13 2.30885e-13 1.17409 6.47212e-13 9.37246e-13
0.116078 -2.50687e-13 -1.17384e-13 0.116007 2.35529e-13 1.49635e-13
0.206131 7.43589e-13 4.10185e-13 0.206198 -2.10454e-13 -1.17177e-13
-0.322209 -4.92902e-13 -2.928e-13 -0.322219 1.53039e-14 -2.30244e-14
0.16549 3.17716e-13 -1.65321e-13 0.165208 -4.01951e-14 1.21931e-13
1.23157 2.43211e-13 6.96913e-13 1.23223 9.95901e-13 5.3405e-14
-1.39706 -5.60927e-13 -5.31592e-13 -1.39751 -9.60149e-13 -2.04799e-13
-1.57944 -5.90199e-13 1.07248e-13 -1.5796 -1.21535e-12 -3.86216e-13
1.70564 2.92611e-13 -4.21279e-13 1.70541 1.45135e-12 5.89007e-13
-0.126203 2.97588e-13 3.1403e-13 -0.125882 -3.15506e-13 -2.44007e-13
0.185626 -4.86678e-14 -3.80063e-13 0.185572 1.92722e-13 3.02871e-13
-0.237001 1.71012e-13 7.61511e-13 -0.237009 -2.90834e-13 -4.66877e-13
0.0513743 -1.22345e-13 -3.81448e-13 0.0514526 1.21486e-13 2.30917e-13
-0.83292 9.13029e-14 2.02672e-13 -0.832735 -7.52683e-13 2.77304e-13
0.186453 -8.98318e-13 -1.36906e-14 0.186624 8.06797e-13 -8.53011e-14
0.646467 8.07015e-13 -1.88982e-13 0.646103 -5.14827e-14 -1.19823e-13
-0.992684 8.34295e-14 2.00101e-13 -0.992795 -8.93032e-13 5.58561e-13
0.643602 -7.70347e-13 1.55261e-13 0.64405 1.00627e-12 -5.60749e-13
0.349082 6.86917e-13 -3.55363e-13 0.348715 -2.17644e-13 5.16017e-14
-0.158144 4.6739e-13 -6.83803e-14 -0.157979 -4.01985e-13 1.84007e-13
-0.754286 -1.29742e-12 6.89633e-13 -0.754544 4.67663e-13 1.64919e-13
0.91243 8.30029e-13 -6.21253e-13 0.912562 1.39253e-15 -3.63975e-13
-0.380743 -5.06396e-13 7.23447e-13 -0.380817 1.64482e-13 -5.12455e-14
0.272499 9.09573e-13 -1.15098e-12 0.272612 -4.4406e-13 4.06687e-13
0.108244 -4.03177e-13 4.27538e-13 0.108188 2.39845e-13 -3.1305e-13
1.2702 1.30771e-13 -4.38014e-13 1.2705 -8.84648e-14 -1.02485e-12
-1.1914 -2.4633e-13 5.45262e-14 -1.19176 1.6608e-13 1.13526e-12
-0.0788028 1.15559e-13 3.83488e-13 -0.0786681 -8.12566e-14 -1.26006e-13
0.0187633 -3.89408e-14 -4.78926e-13 0.0186197 7.20737e-15 3.49753e-13
0.395674 4.91149e-14 7.33059e-13 0.395846 -5.73118e-14 -7.99982e-13
-0.414437 -1.01741e-14 -2.54133e-13 -0.414492 6.87418e-14 5.35779e-13
1.2965 1.41791e-13 -6.8109e-13 1.29679 -5.59095e-13 -4.46141e-13
-1.48071 -5.09555e-13 8.93094e-13 -1.48076 8.19751e-13 4.70415e-13
0.184213 3.67764e-13 -2.12004e-13 0.184058 -3.27772e-13 8.07399e-14
0.571158 1.96784e-13 -1.6909e-13 0.570788 -4.09742e-13 -1.34306e-13
0.32607 -9.72478e-13 -4.58207e-14 0.32629 2.97366e-13 -1.30297e-13
-0.897229 7.75694e-13 2.14911e-13 -0.897099 1.79015e-13 2.12996e-13
0.079999 -4.13389e-13 -2.65834e-13 0.0797815 3.01442e-13 7.37388e-14
1.13609 3.28574e-13 2.7843e-13 1.13652 -8.79669e-13 -5.30448e-13
-1.21609 8.48155e-14 -1.25954e-14 -1.21637 7.58249e-13 4.43916e-13
-0.624677 1.97404e-13 6.35005e-13 -0.624815 3.31155e-13 -2.53273e-13
0.577515 -9.44924e-14 -1.20014e-12 0.57764 -3.80095e-13 6.33984e-13
0.0471612 -1.02912e-13 5.6513e-13 0.0471401 6.6206e-14 -3.77554e-13
0.426999 -6.56913e-13 -6.25632e-13 0.426525 6.46139e-14 4.36214e-13
-1.63558 1.66623e-12 1.16179e-12 -1.63505 2.93686e-13 -7.64992e-13
1.20858 -1.00932e-12 -5.36154e-13 1.20861 -2.85021e-13 3.08522e-13
-0.0821596 6.7163e-13 4.43743e-13 -0.082132 -3.31441e-13 -3.51457e-13
-0.571171 -8.82994e-13 -1.05527e-12 -0.571369 1.09918e-12 4.62428e-13
0.653331 2.11364e-13 6.11527e-13 0.653534 -7.60401e-13 -1.36032e-13
-1.56446 4.09342e-13 -1.02885e-12 -1.56458 1.31183e-12 -1.14442e-14
1.68455 9.79644e-14 1.71163e-12 1.68434 -1.76065e-12 -3.31772e-13
-0.120087 -5.07307e-13 -6.8278e-13 -0.119822 3.77288e-13 2.73278e-13
1.44877 -9.02511e-15 -2.18764e-14 1.44912 -7.22556e-14 -6.94964e-14
-1.53945 1.58529e-14 2.39808e-14 -1.53961 8.0794e-15 1.67094e-14
0.0906837 -6.82776e-15 -2.10436e-15 0.0905792 -4.07874e-14 -4.0781e-14
-0.640793 3.45692e-15 1.20426e-14 -0.64077 1.32723e-14 -3.32611e-14
0.247757 -3.87826e-15 -2.70679e-15 0.247849 1.96522e-14 -2.73359e-14
0.393036 4.21337e-16 -9.33579e-15 0.392908 -3.7641e-14 -3.18523e-14
-0.0599458 8.82564e-14 4.23444e-14 -0.060011 -2.91524e-14 4.77745e-15
1.2364 -4.70732e-13 -4.8359e-13 1.23664 -2.54901e-13 -4.61467e-13
-1.17646 3.82475e-13 4.41246e-13 -1.1767 3.11359e-13 4.766e-13
0.0180611 -7.67969e-14 2.0498e-14 0.0178764 6.72259e-14 -3.47255e-14
0.974264 -2.62134e-13 -4.61407e-13 0.974558 -4.95605e-13 -4.00428e-13
-0.992325 3.38931e-13 4.40909e-13 -0.992497 4.63281e-13 3.84704e-13
0.300177 -4.17083e-14 -1.0869e-13 0.30018 -2.39374e-13 -2.16815e-13
-0.709401 1.429e-13 2.64595e-13 -0.709468 4.48847e-13 3.15755e-13
0.409223 -1.01191e-13 -1.55905e-13 0.409333 -2.03814e-13 -1.64194e-13
-0.923273 4.81154e-13 3.73531e-13 -0.923445 6.11249e-13 3.13178e-13
0.984708 -4.36614e-13 -4.16275e-13 0.984889 -7.32831e-13 -3.95607e-13
-0.0614352 -4.45397e-14 4.27448e-14 -0.0614978 1.20327e-13 -4.16367e-14
0.411081 -2.24985e-13 -1.31024e-13 0.410476 -2.74492e-13 -1.99466e-13
-1.71673 1.01162e-12 5.95439e-13 -1.71604 1.08094e-12 6.23836e-13
1.30565 -7.86631e-13 -4.64415e-13 1.30565 -8.18415e-13 -4.59924e-13
-0.0973862 1.49541e-13 3.04988e-14 -0.0972684 9.96005e-14 9.8727e-14
1.496 -1.1381e-12 -5.15783e-13 1.49615 -8.85172e-13 -5.60117e-13
-1.39861 9.88557e-13 4.85285e-13 -1.39897 8.33698e-13 4.5508e-13
-0.20241 2.82101e-13 5.66288e-14 -0.201983 4.92786e-14 1.01255e-13
1.77391 -1.46561e-12 -5.2349e-13 1.77384 -9.80805e-13 -5.64909e-13
-1.5715 1.18351e-12 4.66862e-13 -1.57196 9.72345e-13 4.45275e-13
0.213478 -1.93129e-13 -8.51463e-15 0.213136 -1.02805e-13 -1.0477e-14
-1.64278 1.13774e-12 2.55774e-13 -1.64245 9.58163e-13 3.76269e-13
1.4293 -9.44613e-13 -2.47259e-13 1.42939 -8.15159e-13 -3.56139e-13
-1.08929 5.697e-13 1.82118e-13 -1.08945 6.77784e-13 1.0177e-13
0.846914 -3.41438e-13 -1.76709e-13 0.847352 -6.19972e-13 -1.11068e-13
0.242372 -2.28262e-13 -5.4089e-15 0.242059 -7.00381e-14 4.4117e-16
1.3576 -5.54715e-13 -1.83107e-13 1.35795 -7.90881e-13 -1.59568e-13
-1.17792 2.92472e-13 2.0496e-13 -1.17845 7.40477e-13 7.00711e-14
-0.179678 2.62243e-13 -2.18534e-14 -0.179436 -2.29212e-14 9.63557e-14
-1.34172 6.92872e-13 3.01941e-13 -1.34186 6.45231e-14 3.91145e-13
1.19661 -1.02383e-12 -2.22332e-13 1.19701 1.19523e-13 -4.4407e-13
0.14511 3.30961e-13 -7.96088e-14 0.144801 -2.89711e-13 -5.94745e-14
-0.0548292 3.89818e-13 -3.45075e-14 -0.0546793 -2.36893e-13 9.01303e-14
-0.985606 -5.29901e-13 3.79043e-13 -0.985905 6.67807e-13 1.98287e-13
1.04044 1.40082e-13 -3.44535e-13 1.04063 -4.74577e-13 -1.68376e-13
-0.250806 -3.24068e-13 1.62175e-13 -0.250445 2.90136e-13 -5.93082e-14
-0.893858 8.49365e-13 9.53851e-14 -0.894318 -3.21883e-13 3.72981e-13
1.14466 -5.25297e-13 -2.5756e-13 1.1448 7.65808e-14 -4.31011e-13
-0.220054 -2.80891e-13 1.39049e-13 -0.220141 1.81701e-13 1.54674e-13
0.159396 5.957e-13 -1.9434e-13 0.159456 -3.86575e-13 6.52739e-14
0.0606578 -3.14809e-13 5.52911e-14 0.0606753 1.72981e-13 -6.60835e-14
-1.15272 4.56177e-13 2.93683e-13 -1.15294 -1.59959e-13 4.76811e-13
1.02445 -8.44892e-13 -2.03054e-13 1.02487 4.12999e-13 -4.11907e-13
0.128266 3.88714e-13 -9.0629e-14 0.128023 -2.13842e-13 -3.30596e-14
-0.170811 1.7136e-13 1.10006e-14 -0.170799 -1.1837e-13 4.3432e-14
1.25639 -4.03183e-13 -2.69013e-13 1.25643 1.26149e-13 -4.19065e-13
-1.08558 2.31823e-13 2.58012e-13 -1.08572 2.46749e-14 3.60794e-13
-0.314894 -2.55557e-13 8.43059e-14 -0.314789 2.14116e-13 2.86473e-14
1.35842 5.292e-13 -3.10694e-13 1.35833 -3.09215e-13 -2.57125e-13
-1.04353 -2.73644e-13 2.26388e-13 -1.04362 1.84697e-13 1.93863e-13
-0.0209502 1.12359e-13 4.43998e-14 -0.020951 -3.96064e-14 -8.47436e-15
1.55947 -2.30783e-13 -3.14458e-13 1.55985 1.41874e-13 -1.72087e-13
-1.53852 1.18424e-13 2.70058e-13 -1.53898 -4.19244e-14 2.1128e-13
0.0218108 2.36922e-13 3.27494e-14 0.0217478 -1.18045e-13 -1.74867e-14
1.43022 -4.21776e-13 -3.4283e-13 1.4306 3.48117e-13 -2.13804e-13
-1.45203 1.84854e-13 3.10081e-13 -1.45243 -1.46166e-13 2.49005e-13
0.370476 4.96284e-14 -1.58355e-14 0.370168 1.15833e-13 -1.78356e-13
-1.45836 -3.43225e-13 1.98776e-13 -1.45809 -5.36139e-13 3.64454e-13
1.08789 2.93597e-13 -1.8294e-13 1.088 4.43824e-13 -2.97268e-13
0.0326753 -3.91741e-14 4.83675e-14 0.0327537 9.15331e-14 -4.48006e-15
-0.592907 -9.79653e-14 5.51426e-15 -0.59304 -2.62046e-13 1.786e-13
0.560231 1.37139e-13 -5.38818e-14 0.560323 1.76643e-13 -9.59356e-14
-0.637716 -2.45988e-13 1.39686e-13 -0.637754 -2.72372e-13 7.0965e-14
1.21165 4.77015e-13 -2.73234e-13 1.21153 3.38058e-13 -1.5836e-13
-0.573933 -2.31027e-13 1.33548e-13 -0.573853 -1.53726e-13 7.83316e-14
-1.01363 -8.585e-14 3.24279e-13 -1.01379 -5.04653e-13 -7.87418e-14
1.05827 -1.25495e-13 -5.25104e-13 1.05845 5.9489e-13 1.23191e-13
-0.0446404 2.11345e-13 2.00825e-13 -0.0447091 -5.07606e-14 2.42441e-14
-1.5201 -5.37299e-13 5.30713e-14 -1.52025 -1.4843e-13 4.51309e-13
1.55807 7.94653e-13 1.38519e-13 1.55816 7.22539e-15 -4.7661e-13
-0.03797 -2.57354e-13 -1.9159e-13 -0.0379714 1.1352e-13 1.39787e-13
-0.0253679 1.78903e-13 1.61044e-13 -0.0254344 -9.00122e-14 -1.03352e-13
1.38103 -2.65044e-13 -7.06863e-13 1.38136 3.52143e-13 -2.49168e-13
-1.35566 8.61411e-14 5.4582e-13 -1.35601 -1.81203e-13 3.09875e-13
-0.727345 -3.99216e-13 -2.96803e-14 -0.727491 1.77818e-13 4.4023e-13
0.889807 7.74985e-13 2.38862e-13 0.889859 -3.69671e-13 -6.39685e-13
-0.162462 -3.75769e-13 -2.09182e-13 -0.16242 1.7707e-13 1.76252e-13
0.954176 1.60386e-13 -2.35209e-13 0.954176 2.86364e-13 -9.41423e-14
-0.533043 3.79326e-14 2.26427e-13 -0.53334 -2.46663e-13 7.16847e-15
-0.421132 -1.98319e-13 8.78169e-15 -0.420803 -7.28286e-14 1.21081e-13
1.33365 2.09677e-13 -2.92398e-13 1.33391 4.32209e-13 -1.51284e-13
-1.4008 -6.58959e-14 3.9079e-13 -1.40097 -5.7618e-13 4.96477e-14
0.0671492 -1.43782e-13 -9.83916e-14 0.0671364 1.36001e-13 8.51769e-14
-0.95708 -6.25052e-13 -1.16073e-13 -0.95712 -6.56737e-14 2.98693e-13
1.46349 1.16218e-12 3.2343e-13 1.46317 -1.79428e-14 -5.04027e-13
-0.506412 -5.37129e-13 -2.07357e-13 -0.506131 1.34281e-13 2.72627e-13
0.151177 -1.02185e-13 -9.8871e-14 0.15098 2.13512e-13 4.83515e-15
1.19472 5.82774e-13 -3.33717e-14 1.19522 1.37558e-13 -3.0356e-13
-1.3459 -4.80589e-13 1.32243e-13 -1.34627 -2.96932e-13 3.53414e-13
-0.101686 2.50414e-13 3.11533e-13 -0.101526 -1.891e-13 -1.38056e-13
-0.943701 -6.98344e-13 -3.66284e-13 -0.943968 1.53121e-13 5.1167e-13
1.04539 4.4793e-13 5.4751e-14 1.04554 -4.45535e-15 -3.91235e-13
1.25849 1.5587e-13 -3.98773e-13 1.25865 1.76128e-13 -2.58556e-13
-1.48234 -1.65986e-13 5.16932e-13 -1.48227 -2.20751e-13 2.86971e-13
0.223847 1.0116e-14 -1.18159e-13 0.223718 -1.01544e-14 -5.59831e-14
-0.239247 8.63103e-15 1.98579e-13 -0.239401 -4.46157e-14 -3.57038e-14
0.757418 1.34569e-14 -4.91968e-13 0.757626 1.37463e-13 -4.7533e-14
-0.518171 -2.2088e-14 2.93388e-13 -0.518276 -1.36482e-13 3.49144e-14
-1.60592 -3.9723e-13 3.04012e-13 -1.60609 -1.1723e-13 6.29288e-13
1.74498 5.81266e-13 -1.54201e-13 1.74476 6.38108e-14 -7.86133e-13
-0.139057 -1.84036e-13 -1.49811e-13 -0.138732 1.21963e-13 1.36265e-13
1.57242 5.95247e-13 -1.87006e-13 1.57298 2.36975e-13 -4.58988e-13
-1.57511 -7.93129e-13 6.21473e-14 -1.57554 -1.43972e-13 4.65639e-13
0.00268745 1.97881e-13 1.24859e-13 0.00265344 -1.12541e-13 -5.63306e-14
-1.11774 -3.72696e-13 2.81554e-13 -1.11782 -2.89084e-13 9.5219e-14
1.51271 5.65664e-13 -4.48674e-13 1.51239 2.93926e-13 -1.65896e-13
-0.394969 -1.92968e-13 1.67121e-13 -0.394644 -7.99041e-14 9.62845e-14
0.594685 -1.10822e-13 -1.57476e-13 0.594612 2.93138e-13 -1.15435e-14
-0.110216 5.11714e-13 2.18341e-13 -0.110306 -3.38864e-13 -8.83424e-14
-0.484469 -4.00893e-13 -6.0865e-14 -0.484299 7.55738e-14 1.85823e-13
1.05949 4.93983e-13 5.01139e-14 1.05966 6.21497e-14 -1.47771e-13
-1.02492 -7.36779e-13 -1.95929e-13 -1.0252 7.81395e-14 2.92734e-13
-0.0345717 2.42795e-13 1.45815e-13 -0.0343991 -1.85287e-13 -1.00507e-13
-0.518299 -3.50665e-13 1.18953e-13 -0.517853 1.71146e-13 4.53303e-14
-0.473737 5.08515e-13 4.74761e-14 -0.47412 -4.30069e-13 1.12937e-13
0.992037 -1.5785e-13 -1.66429e-13 0.991994 2.50823e-13 -1.75154e-13
1.0603 -2.08926e-13 -4.07123e-13 1.06045 2.91471e-13 -1.31017e-13
-1.24447 4.88141e-13 5.95362e-13 -1.24458 -4.87432e-13 1.36154e-13
0.184178 -2.79215e-13 -1.88239e-13 0.184204 1.38755e-13 5.72215e-14
-0.552793 2.87508e-13 2.29299e-13 -0.552533 -3.33892e-13 5.31701e-14
-0.227245 -7.24326e-13 -1.02892e-13 -0.227357 4.72535e-13 2.06989e-13
0.780038 4.36818e-13 -1.26407e-13 0.779901 -1.71599e-13 -2.83305e-13
1.42233 3.35971e-13 -5.50103e-13 1.42283 3.40686e-13 -3.36843e-13
-1.29616 -2.59984e-13 6.56361e-13 -1.29679 -3.86692e-13 1.91871e-13
-0.126167 -7.59864e-14 -1.06258e-13 -0.125964 -2.62472e-15 1.9201e-13
-0.303439 -4.56847e-13 -2.68945e-14 -0.303538 8.3777e-14 9.57577e-14
0.460111 8.88944e-13 7.99852e-14 0.460213 -3.07298e-13 -1.57166e-13
-0.156672 -4.32098e-13 -5.30906e-14 -0.156705 1.23492e-13 9.85385e-14
1.43872 4.67683e-13 -8.60458e-14 1.43894 9.86987e-14 -2.30816e-13
-1.7597 -7.40345e-13 5.70461e-14 -1.75934 1.85113e-14 2.32954e-13
0.320979 2.72663e-13 2.89997e-14 0.3205 -4.66426e-14 -5.94919e-14
-1.28257 2.01105e-13 5.01063e-13 -1.28285 -3.98697e-13 -4.963e-14
1.28323 -5.93544e-13 -8.17657e-13 1.28353 6.74457e-13 1.60503e-13
-0.000652425 3.92439e-13 3.16594e-13 -0.000745556 -2.54684e-13 -1.35384e-13
-0.197106 -4.3801e-13 -2.09665e-13 -0.196846 2.92901e-13 2.51658e-13
-0.922804 6.60559e-13 8.01527e-13 -0.923195 -6.3383e-13 -7.29336e-14
1.11991 -2.2255e-13 -5.91862e-13 1.12008 3.46939e-13 -2.0051e-13
0.467439 -1.66418e-13 -3.39897e-13 0.467129 3.32812e-13 3.27021e-14
-1.42014 1.69959e-13 7.70556e-13 -1.41978 -7.10335e-13 5.16938e-14
0.952703 -3.54087e-15 -4.30659e-13 0.952735 4.77902e-13 -5.47719e-14
0.795271 5.32711e-13 -1.68978e-14 0.795236 -3.33152e-14 -2.90402e-13
-0.283628 -7.15974e-13 -2.26803e-13 -0.283806 3.05337e-13 2.08135e-13
-0.511643 1.83263e-13 2.43701e-13 -0.511411 -2.82968e-13 1.82958e-14
0.820629 5.023e-13 -9.62288e-14 0.82051 1.53995e-14 -1.11358e-13
-0.27429 -6.75365e-13 5.80947e-15 -0.274493 3.10312e-13 4.16763e-14
-0.546339 1.73065e-13 9.04193e-14 -0.545999 -3.58678e-13 4.50262e-14
-0.0292955 3.33932e-13 -3.63784e-14 -0.0292891 -1.92791e-13 -3.84809e-15
-0.221853 -7.05745e-13 8.22859e-14 -0.221962 3.671e-13 -1.00919e-14
0.251148 3.71813e-13 -4.59075e-14 0.251266 -1.90756e-13 2.95907e-15
1.65457 -1.87628e-13 -1.27923e-13 1.65505 4.0297e-13 -1.25385e-14
-1.86949 5.32724e-13 2.04034e-13 -1.8694 -7.0586e-13 -6.08431e-14
0.214924 -3.45096e-13 -7.61116e-14 0.214447 2.40135e-13 6.17389e-14
0.650431 1.52673e-13 -1.604e-13 0.650089 9.8318e-14 1.26173e-14
-1.57161 -3.42277e-13 3.12904e-13 -1.57105 -1.64611e-13 -1.5022e-13
0.92118 1.89604e-13 -1.52504e-13 0.921049 1.04901e-13 2.08788e-14
1.04588 1.90428e-13 1.12709e-13 1.04578 1.76267e-13 -1.57396e-13
-1.64061 -3.02766e-13 -2.23845e-13 -1.64005 -2.36282e-13 2.46303e-13
0.594727 1.12338e-13 1.11136e-13 0.594361 1.33418e-13 -1.39114e-13
-1.43154 -8.42042e-13 3.09102e-13 -1.43174 -6.31556e-14 3.34295e-13
1.5384 1.38249e-12 -3.55655e-13 1.53834 -2.00959e-13 -2.84465e-13
-0.106862 -5.40447e-13 4.65529e-14 -0.106661 3.45534e-13 1.01873e-13
1.27682 8.3136e-13 -2.87686e-13 1.27701 -9.32803e-15 -4.78869e-13
-1.60091 -1.36297e-12 2.65741e-13 -1.60074 1.46012e-13 6.67518e-13
0.324083 5.3161e-13 2.19453e-14 0.323823 -2.47312e-13 -1.80447e-13
-0.511052 4.06242e-13 3.47383e-13 -0.510601 -4.85391e-13 1.11228e-13
1.69853 -7.54173e-13 -9.89469e-13 1.6979 9.67412e-13 -5.50991e-13
-1.18747 3.47931e-13 6.42086e-13 -1.1874 -5.06405e-13 4.82915e-13
0.890126 6.39852e-13 -3.46699e-13 0.889588 -1.38772e-13 -4.81291e-13
-1.78128 -1.21067e-12 7.02551e-13 -1.78025 3.76622e-13 8.86149e-13
0.891154 5.70822e-13 -3.55851e-13 0.890769 -1.67728e-13 -4.7659e-13
-1.1156 5.70592e-13 6.53726e-13 -1.11572 -7.10535e-13 4.96265e-13
0.769745 -1.37898e-12 -6.00684e-13 0.770265 1.10573e-12 -2.44929e-13
0.345858 8.08385e-13 -5.30417e-14 0.345422 -4.31181e-13 -2.83257e-13
-0.71792 6.21652e-13 5.08013e-13 -0.717989 -6.04161e-13 2.91555e-13
0.36065 -1.40873e-12 -4.65526e-13 0.360885 1.01431e-12 -6.77367e-14
0.35727 7.87083e-13 -4.24869e-14 0.357085 -4.57019e-13 -2.99903e-13
0.699765 -3.00276e-13 -4.98253e-13 0.699858 4.70237e-13 -2.86206e-13
-0.958277 6.74259e-13 7.48356e-13 -0.958449 -7.53303e-13 3.74855e-13
0.258512 -3.73983e-13 -2.50103e-13 0.258655 3.61064e-13 -1.28944e-13
-0.620083 4.99845e-13 4.96164e-13 -0.620044 -5.84694e-13 2.29913e-13
0.235088 -1.27065e-12 -4.63295e-13 0.235194 9.62016e-13 1.19374e-13
0.384995 7.708e-13 -3.28694e-14 0.384837 -3.67154e-13 -3.89108e-13
0.105192 2.52366e-13 6.17764e-14 0.105044 -2.28833e-13 -1.03274e-13
0.69726 -2.88549e-13 -5.58616e-13 0.697458 4.75109e-13 -2.03322e-13
-0.802452 3.61826e-14 4.96839e-13 -0.802548 -3.12834e-13 3.24706e-13
-0.063173 -2.29037e-13 -3.93817e-14 -0.0633277 1.43369e-13 1.06824e-13
1.01355 6.4497e-13 -2.70281e-13 1.01378 -5.42829e-14 -5.41138e-13
-0.950376 -4.15933e-13 3.09662e-13 -0.950521 -8.31816e-14 4.17003e-13
-0.84209 -7.50547e-13 2.02101e-13 -0.842105 2.63319e-13 4.2134e-13
1.31981 1.51239e-12 -2.67942e-13 1.31958 -5.59324e-13 -5.72283e-13
-0.477721 -7.61843e-13 6.58411e-14 -0.477558 3.18525e-13 2.43649e-13
-0.191303 4.10798e-13 2.15007e-13 -0.191242 -2.9239e-13 -7.38096e-14
-0.308424 -9.12615e-13 -2.42917e-13 -0.308521 5.15854e-13 2.47159e-13
0.499727 5.01817e-13 2.79092e-14 0.499782 -2.5835e-13 -1.97552e-13
-1.32366 1.28205e-13 1.22634e-13 -1.32386 -7.10784e-13 -1.42838e-13
1.3068 -6.36035e-13 -2.542e-13 1.30704 9.73852e-13 1.63814e-13
0.0168565 5.0783e-13 1.31566e-13 0.0167614 -3.37195e-13 -1.17273e-13
0.167652 4.29079e-13 1.66881e-13 0.167643 -2.30395e-13 -7.32265e-14
-1.20919 -1.06322e-12 -4.78358e-13 -1.20924 1.6567e-13 -1.42801e-14
1.04153 6.34145e-13 3.11477e-13 1.04166 -4.96103e-15 7.81672e-14
-0.726393 4.45543e-14 -3.04289e-13 -0.726218 -2.91735e-13 -2.66111e-13
1.48091 -1.0745e-13 6.23392e-13 1.48038 5.589e-13 5.35401e-13
-0.754512 6.28953e-14 -3.19103e-13 -0.754255 -3.05382e-13 -3.53432e-13
-0.0678093 -1.80783e-13 -1.40595e-13 -0.0676371 1.31846e-13 -6.52776e-14
-0.81847 1.93605e-13 -1.46939e-13 -0.818794 -3.0695e-13 -4.65828e-13
0.886279 -1.28225e-14 2.87534e-13 0.886475 1.75547e-13 3.89024e-13
1.01403 5.59488e-13 5.89924e-13 1.01407 -5.20092e-14 4.69788e-13
-0.613252 -9.03758e-13 -4.15852e-13 -0.613646 3.77978e-13 -2.67591e-13
-0.400778 3.4427e-13 -1.74072e-13 -0.400384 -2.9275e-13 -2.89825e-13
-1.16414 7.73545e-14 -7.41707e-13 -1.16424 -3.82113e-13 -7.07227e-13
0.869172 -3.87219e-13 6.15655e-13 0.869688 5.07229e-13 4.51039e-13
0.294972 3.09864e-13 1.26052e-13 0.294518 -1.59088e-13 1.99684e-13
-0.116863 -4.91635e-13 -1.1059e-13 -0.116835 2.67788e-13 -1.00368e-13
1.26717 1.23717e-12 8.92394e-13 1.26726 -2.46142e-13 8.19165e-13
-1.15031 -7.45535e-13 -7.81804e-13 -1.15051 2.55368e-15 -7.51908e-13
-0.527387 2.57037e-13 -2.4271e-13 -0.527556 -3.63657e-13 -2.139e-13
0.928673 -5.6878e-13 4.43094e-13 0.928752 6.5949e-13 3.02788e-13
-0.401286 3.11743e-13 -2.00384e-13 -0.401255 -2.83562e-13 -7.88753e-14
0.773947 1.00876e-13 2.95054e-13 0.773962 1.31223e-13 2.17528e-13
-0.333824 3.26617e-14 -1.83078e-13 -0.333996 -1.19108e-13 -1.17748e-14
-0.440122 -1.33537e-13 -1.11976e-13 -0.439944 -2.52785e-14 -7.67527e-14
-1.53784 -9.97358e-13 -3.61417e-13 -1.53805 3.07795e-13 -2.94237e-13
1.60066 1.85954e-12 4.17917e-13 1.60067 -8.06035e-13 2.96887e-13
-0.0628186 -8.62181e-13 -5.65e-14 -0.0626867 4.5582e-13 -4.4388e-14
-0.544691 -5.64248e-13 -3.926e-14 -0.544613 2.56502e-13 3.45576e-14
1.36382 1.22721e-12 1.02515e-13 1.36357 -3.76043e-13 1.79671e-13
-0.819131 -6.62961e-13 -6.32552e-14 -0.819046 1.86561e-13 -1.1354e-13
1.38111 -3.22539e-13 2.08828e-14 1.38119 4.68749e-13 1.39111e-13
-1.8007 7.40021e-13 1.66505e-14 -1.80013 -8.74639e-13 -1.57207e-13
0.419585 -4.17482e-13 -3.75332e-14 0.419043 3.53409e-13 1.74484e-14
0.639475 -6.37491e-13 -4.71869e-14 0.639337 5.9991e-13 1.23188e-13
-1.3369 1.18548e-12 8.21931e-14 -1.33669 -1.12789e-12 -1.30181e-13
0.697423 -5.47987e-13 -3.50062e-14 0.697434 6.17685e-13 9.92286e-14
-0.44675 -1.89078e-14 6.08186e-15 -0.446839 -4.31946e-14 5.40459e-14
1.0464 3.89683e-14 -1.26044e-14 1.04643 -4.38519e-14 5.53517e-15
-0.599647 -2.00605e-14 6.52253e-15 -0.599662 -3.0993e-14 4.66423e-14
0.403286 1.8836e-14 -2.15785e-14 0.402934 -8.22081e-14 -2.55995e-14
0.630129 -6.22599e-14 5.55944e-14 0.630511 4.16023e-14 -1.35171e-14
-1.03342 4.34239e-14 -3.40159e-14 -1.03348 3.72499e-14 6.51127e-14
-0.027787 -2.7779e-14 -2.05755e-14 -0.027657 7.75166e-14 9.12772e-14
-1.43706 2.59035e-13 -9.54384e-14 -1.43739 1.36855e-13 -1.62511e-13
1.46485 -2.31256e-13 1.16014e-13 1.4651 -1.76998e-13 1.36274e-13
-0.354656 9.49513e-14 -3.75726e-14 -0.354609 7.90411e-14 -8.83068e-14
-0.198329 -2.44716e-14 -3.28615e-14 -0.198328 6.91928e-14 -2.25942e-14
0.552985 -7.04797e-14 7.04341e-14 0.552948 -1.47713e-13 7.76952e-14
0.0187258 1.00852e-13 7.03992e-15 0.0188324 -4.36377e-14 5.96903e-15
-0.893518 2.98653e-13 -3.96266e-13 -0.893749 6.08145e-13 -3.92579e-13
0.874793 -3.99504e-13 3.89226e-13 0.874965 -5.75859e-13 3.97167e-13
-0.775552 5.75974e-13 -3.74137e-13 -0.775435 5.02465e-13 -3.35263e-13
0.244609 -3.51534e-13 1.36847e-13 0.244702 -3.27244e-14 1.32383e-13
0.530942 -2.2444e-13 2.3729e-13 0.530721 -3.98964e-13 2.84825e-13
0.363988 -1.42652e-13 1.7482e-13 0.363754 -2.1625e-13 1.27708e-13
-1.31707 6.54845e-13 -6.71538e-13 -1.31691 9.02063e-13 -6.92736e-13
0.95308 -5.12193e-13 4.96718e-13 0.953234 -6.51943e-13 5.2511e-13
-0.188411 5.16834e-14 -1.12806e-13 -0.188449 9.5393e-14 -1.50593e-13
-0.0628786 1.33806e-13 -1.4045e-14 -0.0628916 -3.37168e-14 -2.65224e-14
0.25129 -1.85489e-13 1.26851e-13 0.251344 -1.11772e-13 7.03685e-14
-0.150975 1.55655e-13 -7.97076e-14 -0.151068 -3.85096e-14 -4.64938e-14
0.264122 -3.03551e-13 1.43133e-13 0.264177 5.34288e-14 1.28718e-13
-0.113146 1.47896e-13 -6.34253e-14 -0.113126 -7.03927e-14 -8.22266e-14
0.295151 -1.53747e-13 1.14858e-13 0.294787 -3.25093e-14 9.48346e-14
0.90508 6.42397e-14 3.72766e-13 0.905638 -2.84836e-13 4.20521e-13
-1.20023 8.95077e-14 -4.87624e-13 -1.20048 3.53495e-13 -6.03944e-13
-0.692171 2.56979e-13 -2.49162e-13 -0.691937 -1.5011e-13 -2.11282e-13
-0.0133616 -4.63102e-13 4.24142e-14 -0.0133315 2.99231e-13 -2.29491e-14
0.705533 2.06123e-13 2.06748e-13 0.705269 -2.1249e-13 2.95166e-13
-0.704765 -2.48385e-13 -1.60103e-13 -0.704847 1.21438e-13 -1.0334e-13
1.19411 5.08842e-13 2.71106e-13 1.19396 -2.08219e-13 2.79524e-13
-0.489348 -2.60457e-13 -1.11003e-13 -0.489187 3.25099e-14 -1.24114e-13
-0.328177 -2.05892e-13 -4.57925e-14 -0.328045 1.02197e-13 -6.88191e-14
1.33776 5.04453e-13 1.93617e-13 1.33766 -7.59573e-14 2.15422e-13
-1.00958 -2.9856e-13 -1.47825e-13 -1.0097 2.05998e-14 -1.86009e-13
0.0845769 3.98023e-14 -7.62333e-16 0.0844491 2.56734e-14 5.08246e-15
1.24382 4.48449e-13 -4.69554e-14 1.2442 4.95433e-13 -1.61902e-14
-1.32839 -4.88252e-13 4.77177e-14 -1.32872 -4.96904e-13 8.18345e-14
-0.34119 -4.74495e-14 1.28071e-13 -0.341014 -2.53316e-13 1.39403e-13
-0.427988 -5.73395e-13 1.01155e-13 -0.428195 -1.92547e-14 1.25095e-13
0.769178 6.20844e-13 -2.29226e-13 0.769231 2.93404e-13 -2.53137e-13
-0.504949 -1.61143e-13 3.3967e-13 -0.504759 -3.94648e-13 3.08307e-13
-0.18743 -3.6092e-13 4.70791e-14 -0.18758 7.0996e-14 1.45851e-13
0.692379 5.22063e-13 -3.86749e-13 0.692349 2.25792e-13 -4.5623e-13
1.36979 7.15121e-13 -9.05639e-13 1.37011 6.02129e-13 -8.25682e-13
-1.42042 -7.71843e-13 9.65532e-13 -1.42064 -5.98721e-13 8.64045e-13
0.0506303 5.67222e-14 -5.98927e-14 0.0506082 4.94604e-15 -6.17154e-14
-0.00329442 -2.06179e-14 7.19742e-14 -0.00337897 -1.95496e-14 -1.14802e-14
0.212772 1.3677e-13 -2.78123e-13 0.212779 1.16836e-13 -7.03894e-14
-0.209477 -1.16152e-13 2.06149e-13 -0.209415 -1.43282e-13 1.22923e-13
0.541597 2.29176e-13 -3.82239e-13 0.541607 1.09515e-13 -2.81063e-13
-0.305107 -1.64051e-13 2.75051e-13 -0.305234 -7.26495e-14 1.07458e-13
-0.23649 -6.51251e-14 1.07187e-13 -0.236352 -7.57244e-14 1.57675e-13
1.04155 6.54934e-14 -4.97172e-13 1.04173 2.28802e-13 -5.62416e-13
-1.28439 8.43309e-15 5.6553e-13 -1.28447 -3.73112e-13 7.55552e-13
0.242841 -7.39265e-14 -6.83584e-14 0.242818 9.79461e-14 -1.73997e-13
0.307022 -8.13155e-14 -8.23072e-14 0.306987 1.23262e-13 -1.7667e-13
-0.1194 2.15391e-13 -8.03091e-14 -0.119476 -1.39466e-13 1.19711e-13
-0.187622 -1.34075e-13 1.62616e-13 -0.187503 8.90736e-14 4.03743e-15
-0.390564 6.03378e-15 1.854e-13 -0.390477 1.98529e-15 1.27352e-13
-0.210668 -2.39408e-14 5.12255e-14 -0.210764 2.37747e-14 7.11915e-14
0.601232 1.7907e-14 -2.36625e-13 0.601253 -1.02128e-14 -1.98892e-13
-1.30271 3.01971e-13 3.57888e-13 -1.30291 4.61235e-13 1.22846e-13
1.41881 -2.42918e-13 -5.51086e-13 1.41879 -5.28489e-13 -2.36416e-15
-0.116097 -5.90532e-14 1.93198e-13 -0.115942 6.24837e-14 -4.75592e-14
0.656915 -1.10174e-13 -2.65384e-13 0.65693 -3.52132e-13 7.71658e-14
-0.942553 8.26791e-14 4.93849e-13 -0.942607 5.37204e-13 -2.16847e-13
0.285637 2.74949e-14 -2.28465e-13 0.285738 -1.98892e-13 9.34246e-14
-0.3737 2.92924e-13 -2.27085e-13 -0.373785 8.05181e-14 1.74216e-13
1.05898 -7.40096e-13 4.7473e-13 1.059 -3.60909e-13 -2.63674e-13
-0.685279 4.47172e-13 -2.47645e-13 -0.685282 2.49341e-13 9.18877e-14
-0.559931 1.8597e-13 1.83493e-13 -0.559905 3.59369e-13 -2.47953e-13
1.23815 -4.2484e-13 -3.80329e-13 1.23796 -8.69169e-13 4.15486e-13
-0.678215 2.3887e-13 1.96836e-13 -0.678133 3.32185e-13 -2.3337e-13
-0.653535 2.74154e-13 1.03234e-13 -0.653139 6.25904e-13 -3.833e-13
-0.143484 4.16246e-13 -5.79017e-13 -0.143637 -1.66518e-13 3.50298e-13
0.797018 -6.904e-13 4.75783e-13 0.796783 -4.42526e-13 2.21233e-14
0.21308 -1.14295e-14 -9.60499e-14 0.212883 -1.56915e-13 1.78286e-13
0.716852 -7.80614e-13 6.59178e-13 0.717152 -3.84364e-13 9.61581e-14
-0.929932 7.92043e-13 -5.63129e-13 -0.930081 6.03385e-13 -3.2894e-13
0.140144 -2.08369e-13 2.36342e-13 0.140102 -1.81061e-15 -4.78106e-14
-0.146672 3.25162e-13 -4.119e-13 -0.146701 -9.71466e-14 1.50408e-13
0.0065278 -1.16792e-13 1.75558e-13 0.00660854 4.20113e-14 -6.12062e-14
0.284576 -4.17888e-13 4.53669e-13 0.284018 2.29293e-14 -1.30449e-13
-1.76771 1.569e-12 -1.43785e-12 -1.76709 8.29638e-13 -3.96042e-13
1.48313 -1.15111e-12 9.84177e-13 1.48315 -7.09869e-13 4.92358e-13
1.53396 -8.53868e-13 9.26721e-13 1.5344 -7.61029e-13 8.27992e-13
-1.61741 9.36856e-13 -1.04649e-12 -1.61761 7.78791e-13 -7.99161e-13
0.0834458 -8.29881e-14 1.19772e-13 0.083299 -3.56115e-14 5.99988e-14
-0.587084 5.29056e-13 -6.56817e-13 -0.586884 1.35292e-13 -2.39385e-13
-0.095737 -4.4943e-13 5.90512e-13 -0.0957843 3.58252e-13 -4.63516e-13
0.682821 -7.96262e-14 6.6305e-14 0.682673 -5.52812e-13 6.64619e-13
-0.35635 4.00161e-13 -5.50247e-13 -0.355985 -4.57648e-14 4.22037e-16
-0.694365 -2.9125e-13 2.7846e-13 -0.694769 5.86148e-13 -7.97427e-13
1.05071 -1.08911e-13 2.71787e-13 1.05078 -5.45331e-13 8.02428e-13
0.478852 -2.3908e-14 2.31551e-13 0.478472 -1.51077e-13 3.18465e-13
0.589545 -3.45024e-13 3.84678e-13 0.589946 -7.74635e-14 2.87097e-13
-1.0684 3.68932e-13 -6.16229e-13 -1.06845 2.28861e-13 -6.22035e-13
-0.828092 3.75577e-13 -7.02487e-13 -0.828325 -4.19766e-14 -2.24688e-13
0.994291 -6.58458e-13 1.08347e-12 0.994467 1.45756e-13 1.64711e-13
-0.166199 2.82881e-13 -3.80983e-13 -0.166199 -1.17406e-13 7.03164e-14
0.428134 -3.37046e-14 6.80174e-14 0.427879 -9.93928e-14 2.95587e-13
0.331749 -6.24989e-14 4.54084e-13 0.331912 -3.15671e-15 7.33229e-16
-0.759883 9.62035e-14 -5.22102e-13 -0.759813 1.04191e-13 -2.44656e-13
1.3111 2.61375e-13 4.26194e-13 1.31146 7.19699e-14 3.77049e-13
-1.26324 -3.5709e-13 -4.0013e-13 -1.26369 -2.78902e-14 -3.95648e-13
-0.0478539 9.57152e-14 -2.60645e-14 -0.0476937 -3.57505e-14 -4.88544e-15
-0.495012 -3.0271e-14 -3.54609e-13 -0.494616 -1.59546e-13 1.01268e-13
-0.37698 -2.94897e-13 4.34711e-13 -0.377312 8.19102e-14 -3.85546e-13
0.871993 3.25168e-13 -8.01014e-14 0.871946 1.03099e-13 3.18149e-13
-0.35924 -3.75341e-14 5.79404e-14 -0.359301 -2.49829e-13 -1.10092e-13
1.08428 2.13353e-13 -1.07233e-13 1.08425 6.07637e-13 1.24864e-13
-0.725042 -1.75819e-13 4.92922e-14 -0.725021 -3.92021e-13 -1.24494e-13
0.253305 3.51479e-13 -1.3324e-13 0.253085 2.5351e-14 -2.79513e-14
0.671304 1.88441e-16 -1.39938e-13 0.671592 6.82295e-13 -3.0415e-13
-0.92461 -3.51667e-13 2.73178e-13 -0.924721 -7.05945e-13 3.84628e-13
-0.381272 2.25641e-14 1.96835e-13 -0.381114 -4.07573e-13 1.61637e-13
-0.272957 -6.48079e-13 4.64237e-14 -0.273087 1.87516e-13 1.63792e-13
0.654229 6.25515e-13 -2.43258e-13 0.654215 1.43788e-13 -2.87142e-13
1.24319 7.37225e-13 -6.75991e-13 1.24343 6.44305e-13 -5.03282e-13
-1.37613 -8.4502e-13 8.44536e-13 -1.37621 -7.07683e-13 4.554e-13
0.132946 1.07795e-13 -1.68546e-13 0.132857 4.53562e-14 2.28066e-14
0.867377 3.86539e-13 -2.57819e-13 0.867391 4.5861e-13 -5.14071e-13
-0.459236 -8.54548e-14 -6.67718e-14 -0.45952 -2.94507e-13 3.76572e-13
-0.408142 -3.01085e-13 3.24591e-13 -0.407841 -1.1056e-13 8.63973e-14
0.246969 9.9523e-14 -1.37663e-16 0.246747 1.37868e-13 -1.65639e-13
0.643417 3.0269e-13 -5.92573e-13 0.643658 3.01054e-13 -1.84723e-13
-0.890387 -4.02213e-13 5.92711e-13 -0.890447 -3.39635e-13 4.42396e-13
-1.13153 1.56214e-13 6.18589e-13 -1.1316 -4.17822e-13 6.45593e-13
0.759555 -5.81383e-13 -4.00204e-13 0.760047 6.11171e-13 -4.67494e-13
0.371971 4.25169e-13 -2.18385e-13 0.371521 -1.64643e-13 -2.20955e-13
-0.815143 -4.68807e-13 4.72615e-13 -0.814977 2.05879e-13 4.54575e-13
0.162842 7.68655e-13 -1.39773e-13 0.163037 -5.01232e-13 -8.53286e-14
0.652301 -2.99848e-13 -3.32842e-13 0.651932 3.34292e-13 -2.60238e-13
0.771286 1.06353e-13 -2.85414e-13 0.771168 6.15724e-14 -4.99694e-13
-0.1138 -1.18156e-13 -1.94678e-13 -0.113871 4.30201e-14 1.73871e-13
-0.657487 1.18031e-14 4.80092e-13 -0.65729 -7.08847e-14 3.40153e-13
-0.702154 -2.17304e-13 3.90936e-13 -0.701867 3.61025e-13 2.28528e-13
-0.0609582 6.85361e-13 -1.32932e-13 -0.0609331 -4.42598e-13 1.08302e-13
0.763113 -4.68057e-13 -2.58003e-13 0.762803 1.52653e-13 -3.36297e-13
0.11415 -1.77704e-14 -1.79644e-13 0.1139 -1.32279e-16 8.19506e-14
1.01463 -3.21535e-13 -1.31825e-13 1.01506 -2.8858e-13 -6.14173e-13
-1.12878 3.39305e-13 3.11468e-13 -1.12903 2.9298e-13 5.38872e-13
-0.821873 1.61997e-13 2.6465e-13 -0.821949 6.51367e-13 1.07693e-14
0.476673 2.72858e-13 -3.44808e-13 0.476995 -5.98665e-13 6.71798e-14
0.3452 -4.34855e-13 8.01581e-14 0.34493 -2.49804e-14 -2.17197e-13
-0.297006 -5.67208e-14 4.42949e-14 -0.296986 3.32365e-13 7.1569e-15
1.3239 -3.06612e-13 -1.18198e-13 1.3239 -1.11894e-12 -4.69534e-14
-1.0269 3.63333e-13 7.39032e-14 -1.027 7.43042e-13 4.04974e-14
1.21925 -5.56345e-13 2.2384e-13 1.21946 -9.58553e-13 1.99782e-13
-0.90055 1.39822e-13 -1.92059e-13 -0.901054 8.04437e-13 -1.42212e-13
-0.318698 4.16523e-13 -3.17803e-14 -0.318349 5.52444e-14 -6.0397e-15
0.765034 -2.33668e-13 2.30619e-13 0.764846 -5.7382e-13 1.44863e-13
-0.0517295 -4.22105e-13 -9.68625e-14 -0.0517699 2.67643e-13 1.82809e-14
-0.713305 6.55773e-13 -1.33756e-13 -0.713073 3.7021e-13 -2.27958e-13
0.352582 -2.24423e-13 3.27516e-13 0.352548 -9.64099e-14 7.41792e-14
-0.698236 4.42426e-13 -6.41991e-13 -0.698328 2.59143e-13 -1.1235e-14
0.345653 -2.18002e-13 3.14475e-13 0.345826 -8.72028e-14 1.43549e-14
-0.00121856 1.67209e-13 -7.49573e-14 -0.00116151 -4.26327e-14 1.1441e-13
1.5266 -8.52345e-13 8.69333e-13 1.52693 -3.41908e-13 6.90411e-13
-1.52538 6.85136e-13 -7.94376e-13 -1.52585 4.47078e-13 -7.43493e-13
1.15033 -1.56459e-13 6.66003e-13 1.15059 5.67492e-14 6.45485e-13
-1.00031 3.32597e-13 -5.74319e-13 -1.0007 -1.96599e-13 -5.79339e-13
-0.150014 -1.76138e-13 -9.16845e-14 -0.14983 5.80016e-14 -9.72068e-14
1.07022 3.05557e-13 6.80761e-13 1.07018 -5.72061e-14 5.48471e-13
-1.54769 -5.47323e-13 -1.00925e-12 -1.54727 1.56709e-13 -8.29219e-13
0.477468 2.41767e-13 3.2849e-13 0.477189 -1.32495e-13 2.61991e-13
-0.321807 1.97377e-13 -2.13458e-14 -0.321613 -2.40893e-13 -3.2309e-13
-0.499147 -6.66668e-13 -5.78865e-13 -0.499328 2.57171e-13 -3.23826e-14
0.820954 4.69291e-13 6.00211e-13 0.820967 -5.02348e-14 3.89814e-13
0.0292405 -2.02025e-13 -1.89646e-13 0.0291415 6.82596e-14 1.9619e-13
0.190167 5.06208e-13 5.06314e-13 0.190204 -1.54897e-13 -1.1855e-13
-0.219408 -3.04183e-13 -3.16668e-13 -0.219358 -1.67454e-15 -2.03212e-14
-0.170738 5.19217e-14 -6.28034e-14 -0.170809 -1.87714e-13 -6.50569e-14
0.989296 1.97883e-13 4.22941e-13 0.989356 6.90691e-13 4.78745e-13
-0.818558 -2.49804e-13 -3.60137e-13 -0.818612 -4.50553e-13 -3.81556e-13
-0.171182 1.78849e-13 1.1884e-13 -0.170964 -3.11506e-13 -2.38274e-13
-0.79861 -9.92061e-13 -7.0688e-13 -0.79894 -1.30313e-13 -4.98034e-14
0.969792 8.13213e-13 5.8804e-13 0.969944 3.21419e-13 2.5999e-13
-1.17759 -1.01442e-12 -5.40034e-13 -1.17774 -6.59016e-13 -3.51286e-13
1.474 1.48151e-12 7.65666e-13 1.4738 6.53715e-13 4.50869e-13
-0.296404 -4.6709e-13 -2.25632e-13 -0.29613 -1.90542e-15 -1.02834e-13
-1.2222 -5.6786e-13 -2.98191e-13 -1.22233 -1.11698e-12 -5.07925e-13
0.957483 9.87611e-14 7.1996e-14 0.957998 1.0768e-12 5.41347e-13
0.264713 4.69099e-13 2.26195e-13 0.264291 1.45898e-13 -3.37656e-14
-0.234876 3.97121e-14 2.75987e-14 -0.234472 -3.00578e-13 -3.7018e-14
-0.967292 -1.05215e-12 -2.64094e-13 -0.96779 -3.57151e-13 -3.03926e-14
1.20217 1.01244e-12 2.36495e-13 1.2023 6.54157e-13 1.26028e-13
0.245949 4.34436e-14 1.24477e-13 0.246005 1.01303e-13 -1.35301e-13
-0.650679 -1.48394e-13 -2.35763e-13 -0.650824 -2.86426e-13 1.64542e-13
0.40473 1.04951e-13 1.11286e-13 0.404861 2.01282e-13 -1.0622e-13
0.763203 3.55434e-13 4.58728e-14 0.763333 1.28269e-13 -1.19206e-13
-0.765301 -4.69176e-13 -1.37443e-13 -0.765512 -9.55167e-14 1.67097e-13
0.00209804 1.13743e-13 9.15701e-14 0.00223069 -5.43928e-14 9.76208e-15
-0.409451 -3.72525e-14 -3.03836e-14 -0.409049 -1.06289e-13 7.5654e-14
-0.612188 -2.46877e-13 2.06669e-13 -0.612598 -9.21886e-14 -6.49725e-14
1.02164 2.8413e-13 -1.76285e-13 1.02167 1.84573e-13 -7.14084e-15
-0.296233 9.46341e-15 -4.15031e-14 -0.295779 -1.26323e-13 7.78884e-14
-0.916595 -1.94195e-13 3.25492e-13 -0.917155 -1.32231e-14 4.70734e-14
1.21283 1.84731e-13 -2.83988e-13 1.21297 8.80134e-14 -8.66838e-14
-0.825526 2.7999e-13 1.88843e-13 -0.825572 3.34128e-13 5.33937e-13
0.466162 -1.50307e-13 1.81355e-13 0.466441 -1.83836e-13 -5.0344e-13
0.359365 -1.29682e-13 -3.70197e-13 0.359107 -1.752e-13 -6.63741e-14
-0.516241 2.02815e-13 4.89306e-14 -0.516225 2.51789e-13 4.13401e-13
0.0993028 -4.04428e-15 3.76106e-13 0.0993247 -1.02253e-13 -3.15768e-13
0.416939 -1.98771e-13 -4.25037e-13 0.416895 -2.42749e-13 3.14592e-14
0.112187 3.46003e-16 2.14918e-13 0.112215 -4.65293e-15 -2.29859e-13
-0.617887 2.15728e-13 -1.97553e-13 -0.618023 4.04068e-13 6.42072e-13
0.5057 -2.16074e-13 -1.7365e-14 0.505846 -2.76671e-13 -4.05155e-13
0.0612327 -2.05998e-14 -2.12208e-13 0.0612523 1.71141e-14 4.80838e-14
-0.556218 3.28879e-13 6.69269e-13 -0.556374 3.53542e-13 4.09276e-14
0.494985 -3.0828e-13 -4.57061e-13 0.495156 -3.51339e-13 -1.50775e-13
0.397154 -2.0269e-13 -2.45837e-13 0.397029 -2.84277e-13 -1.55939e-13
0.0666329 -5.72884e-14 6.54808e-14 0.0667089 -5.03916e-14 -1.4731e-13
-0.463787 2.59979e-13 1.80357e-13 -0.463742 2.00075e-13 2.83661e-13
-1.04066 4.53066e-13 1.86546e-13 -1.04083 5.36063e-13 6.67909e-13
1.13844 -4.59579e-13 8.10781e-14 1.13857 -6.10375e-13 -9.42975e-13
-0.0977792 6.5126e-15 -2.67624e-13 -0.0977991 8.29343e-14 2.3322e-13
0.702905 -3.4302e-13 -5.84002e-13 0.70284 -2.65689e-13 -1.56088e-13
-0.254821 2.03026e-13 6.83561e-13 -0.25494 1.0308e-14 -2.05055e-13
-0.448084 1.39994e-13 -9.9559e-14 -0.447883 2.51415e-13 4.02768e-13
-0.884493 4.22665e-13 7.6743e-13 -0.88444 2.7208e-13 8.00088e-14
1.54488 -7.71941e-13 -1.50529e-12 1.54432 -5.21269e-13 -7.37199e-14
-0.660384 3.49276e-13 7.37857e-13 -0.659974 1.82675e-13 1.25613e-14
0.997821 -1.38741e-13 -1.4225e-14 0.997988 -2.71075e-13 -4.11074e-13
-0.675632 1.16821e-15 -2.78827e-13 -0.67599 1.82388e-13 4.52579e-13
-0.322189 1.37573e-13 2.93052e-13 -0.321956 6.3181e-14 -1.2303e-13
-0.719679 1.46543e-13 5.65761e-13 -0.719504 2.03768e-14 -2.28141e-13
0.105151 -1.59065e-13 -9.61879e-13 0.105194 8.02256e-14 5.9819e-13
0.614528 1.25228e-14 3.96118e-13 0.614305 -9.8261e-14 -3.39398e-13
-0.0930695 6.72561e-14 3.62421e-13 -0.0931762 -6.15722e-14 -2.14807e-13
0.467963 -1.47932e-13 -7.5594e-13 0.468028 3.10479e-14 3.76283e-13
-0.374893 8.06756e-14 3.93519e-13 -0.374883 -4.391e-14 -2.06021e-13
1.13496 -3.82169e-16 -2.94215e-13 1.135 5.74015e-15 9.52792e-14
-1.51703 1.17988e-14 5.55885e-13 -1.51671 -5.79473e-14 -3.02712e-13
0.382063 -1.14166e-14 -2.61669e-13 0.381804 -1.06113e-14 1.29359e-13
0.0115598 1.46361e-16 3.59923e-17 0.0115519 -1.15137e-14 3.27658e-14
-1.41232 -2.72087e-16 -6.432e-17 -1.41241 2.22058e-15 3.71322e-15
1.40076 1.25726e-16 2.83276e-17 1.40092 3.88508e-14 1.60061e-14
-0.104484 -6.416e-15 7.54654e-15 -0.104484 1.50204e-14 -1.2533e-14
1.23189 1.39453e-14 -1.38768e-14 1.23199 3.03093e-14 2.86369e-14
-1.1274 -7.52934e-15 6.33024e-15 -1.12759 -9.55567e-15 -3.71699e-14
-1.02244 -2.7043e-15 -7.92418e-16 -1.02254 4.74247e-14 -1.9765e-14
0.700541 6.02678e-15 -9.80035e-15 0.700998 -5.62604e-15 -7.67768e-15
0.321902 -3.32248e-15 1.05928e-14 0.321514 -3.51929e-14 -5.83105e-14
0.898713 -8.91839e-14 7.65965e-14 0.898859 -6.14578e-14 1.13524e-13
-1.13755 1.24534e-13 -9.53532e-14 -1.13762 6.38892e-14 -1.308e-13
0.238835 -3.53499e-14 1.87567e-14 0.238832 5.43215e-14 1.92605e-14
0.473616 -1.70196e-14 9.031e-14 0.47342 -1.8896e-13 1.74109e-13
0.17311 -1.56613e-13 3.46134e-15 0.173247 2.52459e-14 6.16327e-14
-0.646726 1.73633e-13 -9.37714e-14 -0.646678 1.09049e-13 -1.28997e-13
-1.09823 3.8343e-13 -3.64727e-13 -1.09825 3.74337e-13 -3.67023e-13
1.56325 -5.58217e-13 5.454e-13 1.56276 -5.18026e-13 4.1525e-13
-0.465013 1.74787e-13 -1.80673e-13 -0.464594 1.71302e-14 -9.34562e-14
-0.194243 1.11388e-13 -4.12519e-14 -0.194372 5.73402e-14 -1.72289e-13
0.669096 -3.35447e-13 1.76173e-13 0.669238 -2.27592e-13 3.334e-13
-0.474852 2.24059e-13 -1.34921e-13 -0.474911 1.72253e-13 -1.31568e-13
-0.0612375 2.00031e-13 -1.22535e-14 -0.0611688 -3.68237e-14 -1.89581e-14
1.47717 -1.00765e-12 4.83956e-13 1.47738 -4.56972e-13 5.27172e-13
-1.41594 8.07617e-13 -4.71702e-13 -1.4163 5.49709e-13 -4.73291e-13
0.618384 -8.1316e-14 1.8359e-13 0.61846 -4.12253e-13 2.17796e-13
-0.766205 -6.44194e-14 -2.26876e-13 -0.766379 6.14815e-13 -2.18199e-13
0.147821 1.45735e-13 4.32856e-14 0.14797 -1.50968e-13 9.52886e-14
0.222679 1.34783e-13 5.49009e-14 0.222599 -2.47756e-13 5.78899e-14
-1.17929 1.63826e-13 -2.98918e-13 -1.17933 9.54132e-13 -2.62021e-13
0.956606 -2.98608e-13 2.44017e-13 0.956796 -6.86329e-13 2.34328e-13
0.747999 -6.20336e-13 1.09997e-13 0.747924 -3.61308e-13 1.81619e-13
-0.173818 4.49286e-13 4.28157e-14 -0.173923 -1.07516e-13 -8.62693e-14
-0.574182 1.71051e-13 -1.52812e-13 -0.57399 4.20369e-13 -7.14473e-14
0.378197 -3.91473e-14 3.64459e-14 0.378011 -3.09946e-13 1.03252e-13
-1.26464 4.07172e-13 -1.50667e-13 -1.26446 9.82656e-13 -2.30842e-13
0.886447 -3.68025e-13 1.14221e-13 0.886521 -6.70152e-13 1.23485e-13
0.111225 1.80863e-13 7.28011e-15 0.111012 -1.92266e-13 2.87972e-14
1.12313 -1.05427e-12 2.51533e-13 1.12358 -3.26618e-13 2.24713e-13
-1.23436 8.73406e-13 -2.58813e-13 -1.23467 4.51683e-13 -2.71799e-13
-0.859141 5.47871e-13 -2.704e-13 -0.85926 -2.88287e-15 -3.68781e-13
1.12789 -9.70136e-13 3.59937e-13 1.12786 1.11648e-13 3.57005e-13
-0.268748 4.22265e-13 -8.9537e-14 -0.268666 -1.66192e-13 -1.50592e-14
-0.248413 2.50205e-13 -7.68748e-14 -0.248561 -1.41254e-13 1.47082e-15
0.848716 -5.42488e-13 2.373e-13 0.848817 2.17392e-13 2.26975e-13
-0.600302 2.92283e-13 -1.60425e-13 -0.600312 -9.63821e-14 -1.20525e-13
-1.20488 3.59802e-13 -2.06226e-13 -1.20495 -2.48789e-13 -1.52004e-13
0.898539 -7.36625e-13 1.72811e-13 0.899011 5.05925e-13 1.46208e-13
0.306337 3.76823e-13 3.3415e-14 0.305898 -2.7667e-13 5.3834e-14
0.20358 -2.42436e-13 7.81873e-15 0.203406 1.68741e-13 9.10333e-14
-1.41652 4.4561e-13 -1.65291e-13 -1.41638 -2.99078e-13 -1.78923e-13
1.21294 -2.03174e-13 1.57472e-13 1.21304 1.51311e-13 1.9862e-13
-0.0691287 -3.23031e-13 -7.8236e-15 -0.0690621 2.16432e-13 -3.80049e-14
-0.505412 6.16696e-13 -8.62771e-14 -0.505583 -4.27382e-13 -5.69141e-14
0.57454 -2.93665e-13 9.41007e-14 0.574675 2.30465e-13 1.10646e-13
0.493786 -2.41731e-13 1.36496e-13 0.493812 1.98009e-13 9.91346e-14
-0.565117 5.06529e-13 -1.74525e-13 -0.565194 -3.45521e-13 -8.92671e-14
0.0713311 -2.64798e-13 3.80291e-14 0.0714204 2.12999e-13 2.52463e-14
-0.519383 -1.63978e-13 -1.78616e-13 -0.518989 -5.97866e-15 -1.20037e-13
-0.357513 1.49228e-13 -1.13435e-14 -0.357815 -1.4568e-13 -1.61721e-13
0.876895 1.47499e-14 1.89959e-13 0.87682 1.57609e-13 2.80679e-13
0.332557 1.87802e-13 -1.01906e-14 0.33244 -3.11996e-15 1.53355e-13
0.142118 -1.75186e-13 2.55218e-13 0.14218 1.94861e-13 -3.04185e-14
-0.474674 -1.26153e-14 -2.45027e-13 -0.474629 -1.56064e-13 -1.01123e-13
1.10649 4.93502e-13 2.10895e-13 1.1067 1.92319e-13 3.39067e-13
-1.0066 -6.10843e-13 -8.60027e-14 -1.00696 -1.76282e-13 -4.2377e-13
-0.0998884 1.17341e-13 -1.24892e-13 -0.099682 -1.1317e-13 -5.92655e-15
-0.939155 -3.66801e-13 -2.12042e-13 -0.939309 -2.90805e-13 -3.64795e-13
0.86381 3.97026e-13 1.45846e-13 0.864063 2.53846e-13 3.11259e-13
0.0753443 -3.02252e-14 6.6196e-14 0.0752013 2.71394e-14 -2.43701e-14
0.858392 4.31622e-13 5.86061e-14 0.858481 2.39336e-13 3.17912e-13
-1.23273 -6.72304e-13 -2.14918e-14 -1.2327 -3.11677e-13 -4.08033e-13
0.374337 2.40682e-13 -3.71143e-14 0.374303 1.21147e-13 1.80345e-13
0.971012 5.30079e-13 -3.35458e-15 0.971211 2.36544e-13 2.86283e-13
-1.0521 -7.1529e-13 1.35307e-13 -1.05234 -2.35038e-13 -3.77096e-13
0.0810869 1.85211e-13 -1.31953e-13 0.0811945 5.11422e-15 8.39976e-14
0.548467 8.60287e-15 2.20405e-13 0.548541 2.82919e-13 3.29357e-14
-0.869054 5.3051e-14 -3.97407e-13 -0.869175 -4.7366e-13 5.07472e-14
0.320587 -6.16539e-14 1.77002e-13 0.320691 2.39198e-13 -6.0349e-14
-1.18359 -3.71954e-13 -2.24899e-13 -1.18375 -4.89321e-13 -1.28073e-13
0.980584 2.5762e-13 2.47563e-13 0.981052 4.38384e-13 8.73662e-14
0.203011 1.14335e-13 -2.26639e-14 0.202651 4.43311e-14 3.17095e-14
-0.117414 1.25143e-13 -1.95541e-13 -0.117538 -1.51129e-13 7.21875e-14
0.772948 -1.16821e-13 4.99169e-13 0.773048 3.90135e-13 -1.1631e-13
-0.655535 -8.32152e-15 -3.03628e-13 -0.655562 -1.95987e-13 3.99952e-14
1.49764 2.26035e-13 3.00438e-13 1.49807 6.92738e-14 4.71698e-13
-1.64201 -3.03445e-13 -2.46127e-13 -1.6421 -9.4427e-14 -5.24459e-13
0.144368 7.74098e-14 -5.4311e-14 0.14413 -4.86153e-14 7.45059e-14
0.865719 -1.14243e-13 3.9991e-13 0.86577 1.50276e-13 1.47315e-13
-0.539065 3.02684e-13 -4.59382e-13 -0.539364 -2.13259e-13 4.56759e-14
-0.326654 -1.88441e-13 5.94717e-14 -0.326371 1.06954e-13 -2.03655e-13
1.08367 7.68438e-14 3.10565e-13 1.08386 6.37058e-14 1.94323e-13
-1.03828 -8.27713e-14 -3.18396e-13 -1.0386 -7.62791e-14 -2.04806e-13
-0.0453913 5.9275e-15 7.83037e-15 -0.0451945 -1.76227e-14 -7.83143e-14
-0.775766 -3.12877e-13 -2.56916e-14 -0.775632 1.43538e-13 -2.48522e-13
0.185913 4.98201e-13 -2.15639e-13 0.186028 -2.69104e-13 2.68617e-13
0.589853 -1.85324e-13 2.41331e-13 0.589595 1.94375e-13 -2.10401e-14
1.32359 2.65711e-13 2.51638e-13 1.32394 1.85626e-13 2.09982e-13
-1.24724 -2.988e-13 -2.76119e-13 -1.2477 -1.0821e-13 -1.27384e-13
-0.0763488 3.30884e-14 2.44808e-14 -0.0761622 -8.30542e-14 -1.28154e-14
0.251229 -2.03216e-13 1.83513e-13 0.251207 2.59364e-13 -5.58902e-14
-1.00903 2.11172e-13 -4.77683e-13 -1.00914 -6.18364e-13 -4.94787e-14
0.757804 -7.95579e-15 2.94169e-13 0.757997 4.20366e-13 1.05312e-13
-0.838318 -3.99357e-14 -3.5176e-13 -0.837831 -4.53759e-13 -1.28169e-13
1.84154 9.59398e-14 7.67697e-13 1.84045 8.15747e-13 3.40045e-13
-1.00322 -5.60041e-14 -4.15936e-13 -1.00273 -5.05383e-13 -1.58486e-13
1.54858 3.93111e-13 2.65472e-13 1.54906 1.24948e-13 3.16212e-13
-1.68162 -5.76155e-13 -2.63227e-13 -1.68174 -1.60905e-14 -3.18104e-13
0.133041 1.83044e-13 -2.24445e-15 0.132778 -1.09648e-13 6.58464e-14
-0.740417 -1.92551e-13 1.05101e-13 -0.740506 1.69622e-14 -2.51897e-13
0.581169 3.12933e-13 -3.54544e-13 0.581391 -9.84202e-14 3.95165e-13
0.159248 -1.20381e-13 2.49444e-13 0.159083 1.13423e-13 -1.88891e-13
-1.47109 -2.00684e-13 -5.15501e-13 -1.47131 -1.9193e-13 -4.44016e-14
1.49501 2.32588e-13 8.15268e-13 1.49517 1.59123e-13 -1.09986e-13
-0.0239115 -3.19042e-14 -2.99766e-13 -0.0239186 -2.9566e-15 2.06312e-13
0.496373 -9.66918e-14 -8.70347e-14 0.49639 2.07963e-13 2.31375e-13
-0.598318 2.4564e-13 2.45065e-13 -0.598397 -2.87383e-13 -3.11391e-13
0.101945 -1.48948e-13 -1.5803e-13 0.102047 8.90581e-14 1.31194e-13
0.13634 1.18734e-13 2.70532e-13 0.136243 -4.64982e-14 -1.67209e-13
-1.38508 -4.28144e-13 -7.63176e-13 -1.38512 -8.2693e-14 2.41786e-14
1.24874 3.0941e-13 4.92645e-13 1.24894 1.16898e-13 1.51408e-13
0.254395 1.38646e-13 4.25901e-14 0.25412 2.28594e-14 -4.97167e-14
0.988126 6.33444e-14 2.52127e-13 0.988624 3.12372e-13 2.33047e-13
-1.24252 -2.01991e-13 -2.94717e-13 -1.2428 -3.48041e-13 -2.58933e-13
0.731107 3.29426e-13 2.81662e-13 0.731144 -9.80539e-15 6.14492e-14
-0.947517 -5.64728e-13 -4.72914e-13 -0.947588 1.3987e-13 7.13582e-14
0.216411 2.35302e-13 1.91252e-13 0.216506 -1.3318e-13 -5.66337e-14
1.08212 2.2197e-13 9.92992e-14 1.08221 1.24001e-13 2.17061e-13
-0.661882 -2.05107e-13 3.34236e-14 -0.662275 -3.62037e-14 -1.95669e-13
-0.420237 -1.68634e-14 -1.32723e-13 -0.419897 -9.74293e-14 2.94828e-15
1.23645 1.53554e-14 1.20851e-13 1.23654 2.94998e-13 2.97474e-13
-1.61654 1.08456e-13 -8.66946e-14 -1.61619 -5.17368e-13 -4.3634e-13
0.380097 -1.23811e-13 -3.41564e-14 0.379748 1.29301e-13 1.38287e-13
1.4925 4.04002e-13 5.25205e-13 1.49284 2.91376e-13 3.13713e-13
-1.71856 -4.91218e-13 -7.06852e-13 -1.7185 -4.08694e-13 -2.73213e-13
0.226062 8.72163e-14 1.81647e-13 0.225762 1.32677e-14 -6.70271e-14
1.17083 4.24152e-13 3.31844e-13 1.17105 1.76884e-13 3.30896e-13
-1.14243 -5.26346e-13 -3.26024e-13 -1.14276 -1.36082e-13 -2.93766e-13
-0.0283959 1.02194e-13 -5.82025e-15 -0.0282164 -4.79626e-14 -5.48367e-14
0.790488 4.36961e-16 1.53199e-13 0.79061 3.0928e-13 2.26946e-13
-0.786959 1.89901e-13 -8.74285e-14 -0.78718 -4.11684e-13 -2.66406e-13
-0.00352947 -1.90338e-13 -6.57701e-14 -0.00337717 1.55794e-13 6.8926e-14
-0.12919 -3.22336e-13 -2.06254e-13 -0.129183 1.54162e-13 5.41312e-14
-0.364712 4.94368e-13 2.41856e-13 -0.364835 -4.28813e-13 -2.96133e-13
0.493902 -1.72032e-13 -3.56019e-14 0.49404 3.24074e-13 1.96927e-13
-0.850921 7.10133e-14 2.66217e-14 -0.8511 -3.66416e-13 -4.47783e-13
1.01449 -3.0466e-13 -2.45513e-13 1.01455 5.68758e-13 5.75986e-13
-0.163569 2.33646e-13 2.18891e-13 -0.163512 -1.98676e-13 -1.59424e-13
1.06236 -2.06619e-14 -9.36129e-15 1.0625 2.19248e-13 2.43884e-13
-1.07698 1.83213e-13 1.87161e-13 -1.07719 -3.9713e-13 -3.75347e-13
0.0146278 -1.62551e-13 -1.778e-13 0.0147619 1.56703e-13 9.5072e-14
0.680945 -5.1636e-14 6.82074e-14 0.680997 2.41088e-13 1.72283e-13
-0.907139 1.6264e-13 -7.16021e-14 -0.907237 -2.92144e-13 -1.13717e-13
0.226194 -1.11004e-13 3.39471e-15 0.2263 1.01812e-13 -3.63193e-14
-0.906867 -4.13553e-14 -1.34015e-13 -0.90687 -3.62046e-13 -1.19436e-13
1.45149 -1.48497e-14 1.96255e-13 1.45117 5.42977e-13 3.3124e-13
-0.544627 5.6205e-14 -6.22401e-14 -0.544387 -2.39076e-13 -1.52228e-13
1.31228 4.02568e-13 2.33488e-13 1.3121 2.36191e-13 3.5224e-13
-1.87218 -6.09408e-13 -3.08585e-13 -1.87124 -3.71484e-13 -5.02138e-13
0.559897 2.0684e-13 7.50967e-14 0.559247 7.12899e-14 1.2073e-13
-0.431307 -2.38443e-13 -1.02419e-13 -0.431381 -1.07161e-13 -1.23332e-13
0.952274 5.10027e-13 2.28726e-13 0.952315 9.80193e-14 2.87704e-13
-0.520967 -2.71584e-13 -1.26308e-13 -0.520996 -1.19114e-13 -1.29717e-13
0.600008 2.32508e-13 8.55574e-14 0.599849 8.80936e-14 1.23809e-13
-1.28644 -4.73819e-13 -2.02879e-13 -1.28618 -1.73727e-13 -3.80188e-13
0.686431 2.41311e-13 1.17322e-13 0.686405 7.64576e-14 2.47455e-13
1.09108 1.57548e-13 1.0153e-13 1.0912 1.71978e-13 3.16161e-13
-1.27281 -1.75843e-13 -1.60974e-14 -1.27281 -1.97226e-13 -4.43681e-13
0.181727 1.82946e-14 -8.54331e-14 0.18169 3.85028e-15 1.65109e-13
0.571449 -1.08565e-13 -3.06866e-14 0.571459 2.07119e-13 2.13593e-13
-0.86947 2.43088e-13 1.04736e-13 -0.869587 -2.82569e-13 -3.33353e-13
0.298021 -1.34523e-13 -7.40493e-14 0.298185 1.70418e-13 1.10562e-13
0.105095 -1.24923e-13 -1.21997e-13 0.104955 1.51158e-13 1.16635e-13
0.70263 3.95176e-13 4.02973e-13 0.702811 -6.2713e-14 2.025e-14
-0.807725 -2.70254e-13 -2.80976e-13 -0.807812 -6.43026e-14 -1.41739e-13
1.06598 1.34969e-13 2.00875e-14 1.06614 2.74273e-13 2.95718e-13
-1.24437 -1.11723e-13 1.03976e-13 -1.24444 -2.51902e-13 -3.78955e-13
0.17839 -2.32461e-14 -1.24063e-13 0.178377 4.52483e-14 1.64123e-13
-0.00460598 -3.28771e-14 -1.60479e-13 -0.00465929 -4.3225e-14 1.06171e-13
0.0497872 7.51349e-14 3.29958e-13 0.0497661 -1.27623e-14 -2.08909e-13
-0.0451813 -4.22578e-14 -1.69478e-13 -0.0451101 -6.76172e-14 1.13885e-13
0.170172 7.68803e-14 -1.0945e-14 0.169691 -2.60036e-14 9.39235e-14
-1.77049 -5.24397e-13 -3.27777e-13 -1.77008 -4.1416e-13 -4.75354e-13
1.60032 4.47517e-13 3.38722e-13 1.60046 4.26988e-13 3.93738e-13
0.617888 2.39298e-13 1.98592e-13 0.617654 1.73834e-13 7.71651e-14
-1.44135 -5.28039e-13 -4.46824e-13 -1.44096 -3.17996e-13 -2.87457e-13
0.823458 2.88741e-13 2.48232e-13 0.823395 2.35902e-13 1.87253e-13
0.284573 6.97564e-14 -2.12054e-14 0.284113 4.76262e-14 8.0594e-14
-1.62184 -3.64473e-13 -2.38357e-13 -1.6214 -3.07076e-13 -4.70735e-13
1.33727 2.94716e-13 2.59562e-13 1.33736 2.74676e-13 4.18643e-13
-1.32873 -2.19814e-13 -1.98262e-13 -1.32887 -2.32363e-13 -3.30189e-13
1.59797 2.73463e-13 1.54524e-13 1.59768 2.47714e-13 4.93395e-13
-0.269238 -5.36498e-14 4.37376e-14 -0.268889 2.31262e-14 -1.01591e-13
-0.0789939 -3.6738e-14 -7.61289e-14 -0.0790638 -1.72506e-14 -5.5664e-14
1.01519 3.17507e-13 3.69247e-13 1.01535 3.13431e-13 1.73139e-13
-0.936197 -2.80769e-13 -2.93118e-13 -0.936351 -2.79068e-13 -2.25879e-13
0.692756 9.772e-14 3.51322e-13 0.69258 1.01509e-13 -2.88662e-14
-0.0388835 -3.34785e-14 -4.51993e-13 -0.0388805 -3.19252e-15 2.60796e-13
-0.653873 -6.42415e-14 1.00671e-13 -0.653697 -7.68773e-14 -3.26799e-13
-0.150733 1.06766e-14 -6.91612e-14 -0.150438 -2.14446e-14 4.31648e-14
1.79005 1.16879e-13 4.05739e-13 1.79016 2.16322e-13 2.66246e-13
-1.63932 -1.27556e-13 -3.36578e-13 -1.63983 -1.53727e-13 -2.76639e-13
-0.169918 -9.94326e-14 -5.49574e-13 -0.169646 5.118e-14 2.25447e-13
-1.10752 2.99033e-14 7.57361e-13 -1.10788 -2.04923e-13 -8.41092e-13
1.27744 6.95293e-14 -2.07787e-13 1.27757 1.76229e-13 6.45333e-13
-0.872419 -1.89358e-13 -6.91132e-13 -0.872283 -6.41531e-14 9.84895e-14
0.270661 1.67754e-13 1.06584e-12 0.27094 -4.74458e-14 -6.22841e-13
0.601757 2.16039e-14 -3.7471e-13 0.601331 1.5513e-13 4.6215e-13
-0.053974 1.11223e-15 4.8663e-13 -0.05397 1.81722e-15 -3.35751e-13
-0.300979 -1.1416e-13 -1.06052e-12 -0.301074 -2.68429e-14 5.49701e-13
0.354953 1.13047e-13 5.73886e-13 0.355063 9.80467e-14 -1.93534e-13
-0.0594867 -8.18577e-14 -6.51044e-13 -0.0593534 -3.3334e-14 4.04845e-13
-1.15922 -2.03745e-13 9.57529e-13 -1.15945 -3.76018e-13 -1.05652e-12
1.21871 2.85603e-13 -3.06485e-13 1.21886 3.85665e-13 7.68541e-13
0.386628 9.74522e-14 -3.73013e-13 0.386591 1.81279e-14 4.04742e-13
-0.747266 -1.88848e-13 7.25237e-13 -0.74736 -2.3238e-14 -7.09869e-13
0.360638 9.13956e-14 -3.52224e-13 0.360817 1.55968e-14 3.6119e-13
-0.783792 -7.86342e-14 2.75815e-13 -0.783745 -1.62557e-13 -5.35611e-13
1.39172 1.34389e-13 -6.46371e-13 1.39135 1.94465e-13 9.11965e-13
-0.607925 -5.57543e-14 3.70556e-13 -0.607685 -1.84452e-13 -4.48674e-13
1.25848 6.96223e-14 4.2509e-13 1.25882 1.68691e-13 1.37134e-13
-1.14857 3.38387e-14 -5.26041e-13 -1.14899 -2.54129e-13 -1.22112e-13
-0.109908 -1.03461e-13 1.00951e-13 -0.10976 8.80374e-15 -1.69539e-13
-1.1224 -2.73113e-13 2.92299e-13 -1.12261 -1.73141e-13 -6.83796e-13
1.03732 3.47906e-13 -8.97364e-13 1.03767 8.72942e-14 9.82574e-13
0.0850862 -7.47928e-14 6.05065e-13 0.0848875 9.05113e-14 -3.54277e-13
0.448207 -2.46646e-14 6.3801e-13 0.447636 1.9002e-13 -2.04821e-13
-1.6884 -1.37264e-13 -1.36806e-12 -1.68777 -5.40155e-13 2.86521e-13
1.24019 1.61929e-13 7.30048e-13 1.24022 3.65228e-13 -1.70105e-13
0.151469 1.0584e-13 1.12027e-13 0.151274 3.37446e-15 -1.57444e-14
1.25998 2.52053e-13 6.31848e-14 1.26051 4.78378e-13 3.28082e-13
-1.41145 -3.57893e-13 -1.75212e-13 -1.41185 -4.2125e-13 -2.98983e-13
-0.415903 -3.00028e-14 -2.90376e-13 -0.415584 -2.11887e-13 1.1039e-14
1.61306 2.92326e-13 7.66651e-13 1.61267 6.38595e-13 1.15072e-13
-1.19716 -2.62323e-13 -4.76275e-13 -1.19719 -3.53532e-13 -1.47076e-13
-0.385682 -7.88402e-14 -7.47552e-15 -0.385697 3.69416e-14 -1.20668e-13
1.19252 1.83477e-13 8.65218e-14 1.19243 -3.58882e-14 2.69884e-13
-0.806834 -1.04637e-13 -7.90463e-14 -0.806813 -6.02072e-14 -1.78362e-13
0.0426554 3.31082e-14 9.04256e-15 0.0425993 -4.79969e-14 -8.38356e-15
0.0618879 -5.57089e-14 9.38152e-15 0.0619125 3.29882e-14 4.50804e-14
-0.104543 2.26007e-14 -1.84241e-14 -0.104516 -4.93029e-14 4.67998e-15
0.327629 4.96895e-15 -1.10921e-15 0.327467 -4.94381e-14 -8.90013e-15
0.387498 -1.41105e-14 -9.36594e-16 0.387614 -1.76094e-14 -3.79517e-14
-0.715126 9.14151e-15 2.0458e-15 -0.715106 6.13595e-14 -3.89787e-14
-0.0746812 1.32965e-15 6.25917e-15 -0.0747814 -3.81931e-14 4.63415e-14
0.420459 -4.97137e-15 -1.46864e-14 0.420538 3.05989e-14 -1.51291e-14
-0.345778 3.64172e-15 8.4272e-15 -0.345785 -1.81524e-15 1.01293e-14
0.248418 -1.24577e-14 2.45341e-14 0.248204 -4.90129e-14 -1.28416e-13
0.427 1.23322e-14 -6.16603e-14 0.427157 -1.83514e-14 2.09921e-14
-0.675418 1.25526e-16 3.71262e-14 -0.675389 6.12511e-14 -9.89714e-15
0.352899 -4.6302e-14 1.42482e-14 0.352934 -3.37697e-14 -7.39959e-14
-0.550444 7.66397e-14 -3.89752e-14 -0.550572 5.47691e-14 7.9909e-14
0.197545 -3.03377e-14 2.4727e-14 0.197675 -3.78925e-14 -1.33211e-14
0.225212 -3.10825e-15 -3.36137e-14 0.225049 -4.06695e-14 -1.47543e-13
-1.38901 2.50351e-13 2.85832e-13 -1.38888 4.18997e-13 3.66194e-13
1.1638 -2.47242e-13 -2.52218e-13 1.1639 -4.2497e-13 -2.98454e-13
1.18712 -4.59419e-13 -4.92131e-13 1.18733 -4.1595e-13 -4.20943e-13
-1.28781 5.20667e-13 5.392e-13 -1.28796 4.15828e-13 5.07825e-13
0.10069 -6.12485e-14 -4.70683e-14 0.10071 9.89412e-17 7.31689e-15
-0.742869 1.33303e-13 3.09281e-13 -0.743027 3.69439e-13 3.75965e-13
0.624407 1.56753e-14 -2.2566e-13 0.624603 -3.74772e-13 -3.43964e-13
0.118461 -1.48978e-13 -8.36215e-14 0.118389 2.12684e-14 -8.48654e-14
0.62445 -2.92952e-13 -3.14665e-13 0.624438 -8.05776e-14 -2.425e-13
-0.298376 3.14727e-13 1.77084e-13 -0.298468 -5.16392e-14 1.1472e-13
-0.326075 -2.1775e-14 1.37581e-13 -0.32595 2.14563e-13 1.343e-13
0.33834 -2.27599e-13 -1.77482e-13 0.337843 4.38993e-14 -1.25513e-13
-1.6407 5.92159e-13 8.64888e-13 -1.64014 3.95161e-14 8.71711e-13
1.30236 -3.64561e-13 -6.87407e-13 1.30238 -4.27842e-14 -6.68782e-13
0.226304 -1.60886e-13 -1.43301e-13 0.226048 8.18381e-14 -4.53971e-14
0.719801 1.9681e-13 -3.60441e-13 0.720182 -2.2457e-13 -4.53771e-13
-0.946105 -3.5924e-14 5.03742e-13 -0.946277 2.40967e-13 5.73499e-13
-0.561571 2.45009e-13 3.02964e-13 -0.561276 -6.78938e-14 3.1327e-13
-0.242408 -3.27531e-13 1.34205e-13 -0.242533 2.83677e-13 6.34117e-14
0.803978 8.25218e-14 -4.37169e-13 0.803821 -2.55064e-13 -3.49416e-13
-0.254426 1.57906e-13 1.28696e-13 -0.254514 1.89417e-15 1.07404e-13
1.01235 -4.44536e-13 -5.01144e-13 1.01244 -1.89578e-13 -4.94345e-13
-0.757923 2.8663e-13 3.72448e-13 -0.757993 1.03248e-13 3.9457e-13
0.192644 -9.11338e-14 -6.7286e-14 0.192399 -2.37631e-14 1.69146e-14
0.642666 -1.44083e-13 -3.33098e-13 0.642909 -2.35028e-13 -2.61796e-13
-0.83531 2.35217e-13 4.00384e-13 -0.83535 2.70196e-13 4.45919e-13
0.39995 -3.72276e-13 -1.3426e-13 0.399604 1.64563e-13 -8.9858e-14
-1.51045 8.0956e-13 4.74393e-13 -1.51004 -1.52821e-13 3.61333e-13
1.1105 -4.37283e-13 -3.40133e-13 1.11052 4.10297e-14 -3.43207e-13
-0.306339 3.35533e-13 1.78659e-14 -0.306299 -1.66548e-13 -1.39178e-14
-0.00496831 -5.97124e-13 -8.01022e-16 -0.00499884 3.17409e-13 -3.34303e-14
0.311307 2.61591e-13 -1.70649e-14 0.311298 -2.2783e-13 5.14629e-15
-0.332401 1.48604e-13 6.70051e-14 -0.332069 -9.23432e-14 6.83487e-15
1.61764 -4.45882e-13 -1.6868e-13 1.61734 -1.32656e-13 -5.09834e-15
-1.28524 2.97279e-13 1.01675e-13 -1.28537 8.90691e-14 4.76595e-15
-0.000402361 1.02532e-13 -3.68916e-14 -0.000406081 -5.81704e-14 -1.16058e-14
1.4654 -5.15972e-13 1.04924e-13 1.4657 -2.07587e-13 -4.06522e-14
-1.465 4.1344e-13 -6.80321e-14 -1.46538 3.03493e-13 -2.85285e-14
1.02021 -1.96507e-13 1.49687e-14 1.02028 -3.1464e-13 8.98083e-14
-0.546906 1.44779e-14 6.4359e-14 -0.547294 1.82183e-13 -7.74145e-14
-0.473303 1.82029e-13 -7.93277e-14 -0.472951 6.62429e-14 6.47557e-14
-0.239364 -1.97892e-14 -1.58288e-13 -0.239506 1.57987e-13 -7.80551e-14
0.237062 1.11726e-13 2.32032e-13 0.237141 -1.81562e-13 1.15806e-14
0.00230217 -9.19369e-14 -7.37436e-14 0.00234994 1.69369e-14 7.76471e-14
1.01929 -3.64208e-13 4.49575e-13 1.01933 -1.83212e-13 3.97819e-13
-0.555551 3.70181e-13 -2.86295e-13 -0.555942 -9.78187e-15 -1.8142e-13
-0.463738 -5.97343e-15 -1.6328e-13 -0.46335 1.92491e-13 -2.16218e-13
-0.668484 2.2102e-13 -3.37448e-13 -0.668204 3.02972e-14 -3.8984e-13
-0.0345203 -2.84224e-13 -4.28158e-14 -0.0345627 1.73388e-13 6.33472e-15
0.703004 6.32039e-14 3.80264e-13 0.702768 -1.9292e-13 3.22244e-13
-0.548011 9.80234e-14 -2.40771e-13 -0.548084 7.52813e-14 -3.73224e-13
1.03617 -1.92807e-13 4.43167e-13 1.03616 -9.26938e-14 7.22595e-13
-0.488163 9.47836e-14 -2.02397e-13 -0.48814 4.69082e-14 -3.23419e-13
-1.25942 1.34113e-13 -7.68526e-13 -1.25944 2.72646e-13 -7.61684e-13
1.63054 -9.08322e-14 1.01185e-12 1.63006 -4.47468e-13 9.55775e-13
-0.37112 -4.32809e-14 -2.43327e-13 -0.370699 1.22877e-13 -2.41125e-13
1.11659 -1.17075e-13 5.78916e-13 1.11684 -3.31572e-13 5.89409e-13
-1.2298 2.70293e-14 -5.71231e-13 -1.22997 3.58766e-13 -7.69627e-13
0.113211 9.00459e-14 -7.68588e-15 0.113211 -2.06511e-16 1.04718e-13
-0.190122 1.09337e-13 -4.46554e-14 -0.189758 5.31541e-14 -2.96085e-13
-1.01631 2.10403e-13 -6.93949e-13 -1.01681 3.35727e-13 -4.59612e-13
1.20643 -3.19739e-13 7.38604e-13 1.20661 -3.95291e-13 6.15258e-13
0.0085894 1.08865e-13 -2.14898e-14 0.00865534 -4.93037e-15 5.96314e-14
-0.449636 -6.9782e-14 -1.89195e-13 -0.449838 2.33156e-13 -2.54988e-13
0.441047 -3.90832e-14 2.10685e-13 0.441211 -2.00906e-13 2.19608e-13
0.0163986 4.94833e-14 5.55729e-14 0.0164001 -7.38711e-14 -6.21363e-14
-1.49721 4.0498e-13 -8.47735e-13 -1.49733 5.47986e-13 -6.71158e-13
1.48081 -4.54463e-13 7.92162e-13 1.48099 -5.06514e-13 6.33351e-13
0.829286 -1.90342e-13 2.22363e-13 0.829424 -2.95546e-13 4.58502e-13
-0.99009 1.70078e-13 -1.47785e-13 -0.990214 3.77152e-13 -6.28455e-13
0.160804 2.02642e-14 -7.45775e-14 0.160855 -9.4826e-14 8.43132e-14
-0.021906 6.99727e-14 -1.57019e-13 -0.0220411 4.06131e-15 1.01454e-13
0.34908 -2.29461e-13 4.51283e-13 0.349229 -7.42013e-14 3.55149e-14
-0.327174 1.59488e-13 -2.94264e-13 -0.327211 4.50396e-14 -1.24526e-13
-0.418485 1.81051e-13 -3.13867e-13 -0.418006 3.74124e-15 -1.0332e-13
1.78286 -5.97413e-13 1.03686e-12 1.7824 -3.38254e-13 6.23206e-13
-1.36437 4.16362e-13 -7.22995e-13 -1.3645 2.89903e-13 -4.83279e-13
-0.35538 2.9912e-14 -4.05598e-14 -0.355024 5.723e-14 -1.31749e-13
-0.67782 1.352e-13 -4.09848e-13 -0.678195 5.14546e-14 -1.10244e-13
1.0332 -1.65112e-13 4.50408e-13 1.03325 -1.41516e-13 2.73841e-13
-0.491299 -1.59044e-15 6.63619e-14 -0.491074 9.16064e-14 -5.47433e-14
-0.181618 1.35481e-13 -2.10069e-13 -0.181783 -5.29028e-14 1.83591e-13
0.672917 -1.33891e-13 1.43707e-13 0.672867 -3.003e-14 -7.35177e-14
0.582648 -1.94297e-13 2.5735e-13 0.582647 -1.06179e-13 -1.25401e-13
-0.887536 3.39858e-13 -4.85947e-13 -0.887618 -2.16478e-14 1.95971e-13
0.304888 -1.45561e-13 2.28596e-13 0.30503 5.65818e-14 -1.98247e-13
-0.299927 1.69181e-13 -1.90306e-13 -0.299581 -5.3581e-14 9.42682e-14
-0.717665 -8.28859e-14 3.16815e-13 -0.718077 2.35572e-13 -2.38767e-13
1.01759 -8.62951e-14 -1.26509e-13 1.01769 -2.14973e-13 1.20364e-13
1.08554 -2.19501e-13 -4.57432e-14 1.08574 -3.09911e-13 9.011e-14
-0.770462 1.10934e-13 1.41796e-13 -0.770958 2.02237e-13 -1.58822e-13
-0.315078 1.08567e-13 -9.6053e-14 -0.314732 7.28383e-14 -1.97741e-14
0.457007 -3.9668e-14 -1.42783e-13 0.45676 -1.39958e-13 1.6509e-13
0.45201 -3.31053e-13 3.56425e-13 0.452272 -8.40943e-14 -1.58668e-13
-0.909017 3.70721e-13 -2.13642e-13 -0.90906 1.97863e-13 1.09576e-13
1.32877 -5.64645e-13 4.95676e-13 1.32877 -4.97978e-13 1.58231e-13
-1.78614 7.96331e-13 -7.83719e-13 -1.78549 5.70326e-13 -1.20938e-13
0.45737 -2.31686e-13 2.88043e-13 0.456822 -1.38043e-13 2.1636e-14
0.66419 -3.23057e-13 3.17828e-13 0.664293 -1.40837e-13 1.20562e-13
-0.943507 5.02956e-13 -5.10941e-13 -0.943636 1.84577e-13 -9.70246e-14
0.279317 -1.799e-13 1.93112e-13 0.279406 -3.15129e-14 5.63092e-15
0.629513 -1.07886e-13 2.2856e-13 0.629228 -1.60216e-13 3.59065e-13
0.21082 -1.32684e-13 1.55374e-13 0.210975 -2.57645e-14 2.16179e-14
-0.840333 2.40571e-13 -3.83933e-13 -0.840216 1.85596e-13 -3.26121e-13
-0.712607 2.77796e-13 -6.35783e-13 -0.712479 7.57244e-14 -8.8588e-14
0.131067 -3.20449e-13 6.995e-13 0.131104 1.5014e-13 -3.45339e-13
0.58154 4.26538e-14 -6.37173e-14 0.581369 -2.5954e-13 4.77505e-13
1.04733 -1.06982e-13 5.52298e-13 1.04736 -5.76697e-14 5.06623e-13
-0.55953 1.06924e-13 -2.77254e-13 -0.559922 -4.36253e-14 -3.0675e-13
-0.4878 5.73894e-17 -2.75044e-13 -0.4874 5.09075e-14 -2.76289e-13
0.377862 -1.42756e-13 5.418e-13 0.377306 -2.47717e-14 1.78108e-14
-1.73033 4.14339e-13 -1.62668e-12 -1.72965 1.25568e-13 -6.2625e-13
1.35247 -2.71583e-13 1.08488e-12 1.35243 -5.77875e-14 5.64385e-13
0.505091 -4.69322e-14 3.29411e-13 0.504942 -2.16264e-13 2.42842e-13
0.115071 -1.97518e-13 -2.79478e-14 0.115095 4.65354e-14 1.44005e-13
-0.620162 2.4445e-13 -3.01463e-13 -0.620045 9.07079e-14 -4.02906e-13
-0.322992 1.34816e-13 -4.74241e-13 -0.322607 1.58541e-13 3.722e-14
-0.801305 2.28965e-13 2.0966e-13 -0.801732 2.62234e-13 -7.84825e-13
1.1243 -3.63781e-13 2.64581e-13 1.12437 -4.13349e-13 7.61279e-13
0.89356 -2.44093e-13 1.30642e-13 0.893327 -4.36752e-13 5.51521e-13
-1.53606 4.04148e-13 -1.79646e-13 -1.53551 6.60224e-13 -9.58079e-13
0.6425 -1.60055e-13 4.90031e-14 0.642279 -2.84121e-13 3.82517e-13
-0.0820868 9.70737e-14 2.47747e-13 -0.0819129 6.83439e-14 -2.71471e-13
-1.26649 3.86182e-13 -1.0179e-12 -1.26679 5.57767e-13 -1.15827e-13
1.34857 -4.83256e-13 7.70157e-13 1.34876 -5.87424e-13 3.5401e-13
0.784122 -3.12213e-13 5.29686e-13 0.783415 -3.25667e-13 -9.22606e-15
-1.85102 7.42649e-13 -1.10846e-12 -1.8499 7.74494e-13 -2.37616e-13
1.0669 -4.30436e-13 5.78779e-13 1.06659 -3.8352e-13 8.91437e-14
0.220793 4.11993e-14 9.9553e-14 0.220678 -1.53515e-13 4.31242e-14
0.398902 -4.36508e-13 -5.55426e-14 0.398994 -1.21156e-14 1.47761e-13
-0.619694 3.95309e-13 -4.40104e-14 -0.619698 2.5979e-13 -1.86485e-13
1.20709 -4.64873e-13 -1.82562e-13 1.20731 -4.9277e-13 8.90764e-14
-1.45474 5.43586e-13 3.52812e-13 -1.45477 5.82031e-13 -1.74643e-13
0.247645 -7.87125e-14 -1.70251e-13 0.24755 -6.84494e-14 3.81886e-14
0.166645 -9.80197e-15 -1.56002e-13 0.166416 3.75575e-14 8.16603e-14
1.12342 -4.88638e-13 1.16183e-13 1.12392 -3.69917e-13 -3.08715e-13
-1.29006 4.9844e-13 3.98193e-14 -1.29041 4.33818e-13 2.37792e-13
-0.0233121 1.23509e-13 3.12955e-14 -0.0234537 -4.15718e-14 -4.38334e-16
0.540204 -3.95262e-13 -1.74e-13 0.540301 -5.14306e-15 -1.21252e-13
-0.516892 2.71753e-13 1.42705e-13 -0.516884 1.24203e-13 9.42753e-14
-0.0339779 -1.12335e-13 -5.05548e-14 -0.0339364 1.36427e-13 3.51116e-14
-0.505622 3.67e-13 2.49109e-13 -0.505763 -6.19112e-14 3.1698e-14
0.5396 -2.54666e-13 -1.98554e-13 0.539729 -8.66402e-14 -1.18937e-13
0.647571 1.88872e-14 -2.83856e-13 0.647631 -8.63029e-14 -2.58036e-13
-0.695976 -7.73561e-14 3.34937e-13 -0.696078 9.48745e-14 1.75459e-13
0.0484052 5.84688e-14 -5.1081e-14 0.0484941 2.03733e-16 -7.17681e-15
-0.959681 -6.35223e-14 2.93299e-13 -0.959716 1.15562e-13 4.50801e-13
0.604844 2.00315e-13 -8.08855e-14 0.605151 -2.10904e-13 -3.54551e-13
0.354836 -1.36793e-13 -2.12414e-13 0.354537 1.12571e-14 -1.13308e-13
1.03805 -2.26098e-14 -2.694e-13 1.03822 -1.14926e-13 -3.33061e-13
-0.84366 -2.163e-14 9.31947e-14 -0.844055 9.21492e-14 3.97572e-13
-0.194394 4.42398e-14 1.76206e-13 -0.194115 5.65095e-14 4.12341e-14
-0.916588 1.79945e-13 4.25369e-13 -0.916644 -1.86694e-14 2.23508e-13
0.661603 -2.80737e-13 -4.52804e-13 0.661874 5.00723e-14 -5.04768e-14
0.254985 1.00791e-13 2.74346e-14 0.254737 6.00286e-15 -1.52939e-13
-0.313915 8.80538e-14 -1.00339e-14 -0.31397 1.64769e-13 -1.53093e-14
0.814643 -2.36642e-13 8.43915e-15 0.814727 -3.0839e-13 -9.4522e-14
-0.500728 1.48588e-13 1.59471e-15 -0.500811 1.61295e-13 7.00701e-14
-0.913695 3.00759e-13 -9.37576e-15 -0.913797 4.00249e-13 1.24866e-13
0.594303 -1.66975e-13 8.98826e-14 0.594684 -2.33956e-13 -1.65774e-13
0.319392 -1.33784e-13 -8.05068e-14 0.319085 -6.98853e-14 4.97556e-14
-0.0372611 -2.09755e-14 -1.16821e-14 -0.0374069 5.3304e-14 2.04319e-14
0.859544 -2.05374e-13 -1.35587e-14 0.85975 -3.54411e-13 -9.31528e-14
-0.822283 2.2635e-13 2.52408e-14 -0.8224 2.47246e-13 9.49098e-14
-0.48693 4.13823e-14 1.07843e-13 -0.486658 6.52826e-14 1.37208e-13
-0.263953 2.20528e-14 9.03737e-14 -0.264115 -4.98701e-15 1.1092e-14
0.750882 -6.34351e-14 -1.98216e-13 0.750787 -7.72216e-14 -9.47388e-14
0.424456 3.18212e-14 -1.5317e-13 0.424186 -6.60862e-14 -1.11575e-13
0.424985 -1.02743e-13 -1.18342e-13 0.425285 8.46809e-15 -1.2712e-13
-0.84944 7.09217e-14 2.71511e-13 -0.849498 3.43061e-14 3.15237e-13
-0.666083 -4.69456e-15 2.60759e-13 -0.665806 2.80547e-14 1.87258e-13
-0.117116 2.04756e-14 6.70096e-15 -0.11721 -8.20319e-15 1.4574e-14
0.783199 -1.5781e-14 -2.6746e-13 0.783021 -7.06034e-14 -3.11242e-13
0.159162 -8.38836e-14 1.60017e-14 0.15901 9.18527e-14 -1.56842e-13
0.551185 1.59564e-13 -3.4456e-13 0.551412 -1.04458e-13 -1.0365e-13
-0.710347 -7.56802e-14 3.28558e-13 -0.710458 8.02857e-14 2.19476e-13
0.128478 -1.14366e-13 -1.32247e-14 0.128285 2.90505e-14 -7.71567e-14
0.489741 2.06037e-13 -1.82042e-13 0.489981 -1.37515e-13 -1.05126e-13
-0.618219 -9.16713e-14 1.95267e-13 -0.618299 9.15661e-14 1.77931e-13
-0.454182 2.13601e-13 6.57698e-14 -0.454283 -1.141e-13 1.59179e-13
0.873348 -4.32785e-13 -1.27809e-13 0.873373 5.92299e-14 -1.06837e-13
-0.419166 2.19184e-13 6.20393e-14 -0.419146 -6.23912e-14 1.02529e-13
0.293103 -2.67306e-13 -5.72657e-15 0.29318 6.12093e-14 -2.86308e-14
-0.602325 5.332e-13 1.20757e-14 -0.602476 1.02477e-16 1.78898e-14
0.309221 -2.65894e-13 -6.34915e-15 0.309334 -1.91931e-14 -3.18423e-14
0.917934 -1.79017e-13 -1.69821e-14 0.918066 -5.45503e-13 -5.60525e-14
-0.863136 -3.92971e-14 1.02412e-14 -0.863341 5.61895e-13 4.62741e-14
-0.0547986 2.18314e-13 6.74094e-15 -0.0546689 -8.18633e-14 -3.47011e-14
-0.69431 3.76997e-13 5.22576e-14 -0.693861 3.19829e-13 2.135e-14
1.76839 -9.44208e-13 -1.29574e-13 1.76749 -8.42672e-13 -1.03389e-13
-1.07408 5.67211e-13 7.73167e-14 -1.07374 5.22955e-13 4.61302e-14
0.0249382 2.61624e-13 -9.5825e-15 0.0249595 -1.6621e-13 2.1698e-14
-0.225554 -4.23737e-13 4.33213e-14 -0.225615 4.36366e-13 -5.08952e-15
0.200616 1.62114e-13 -3.37388e-14 0.20067 -2.9918e-13 3.90142e-14
-0.0940423 4.28401e-14 2.20346e-14 -0.0940685 5.06296e-14 5.66048e-14
1.10798 -5.94819e-13 -2.19497e-13 1.10814 -6.21997e-13 -2.49669e-13
-1.01394 5.51979e-13 1.97462e-13 -1.01414 5.36118e-13 2.65268e-13
0.520921 -4.75852e-13 -1.43069e-13 0.520868 -1.70911e-13 -1.76489e-13
-0.101114 4.03295e-13 -3.64906e-14 -0.101182 -1.31326e-13 7.30952e-14
-0.419807 7.25569e-14 1.7956e-13 -0.419679 4.1935e-13 1.56244e-13
0.57689 -9.83002e-14 -2.27278e-13 0.576955 -4.65224e-13 -1.95543e-13
-0.461907 -1.88248e-13 1.91592e-13 -0.462065 5.14216e-13 1.29509e-13
-0.114983 2.86548e-13 3.5686e-14 -0.114859 -7.03966e-14 6.49038e-14
0.548275 -3.75844e-13 -2.07254e-13 0.547916 -2.4125e-13 -1.8548e-13
0.378001 -3.37633e-14 -1.64536e-13 0.378289 -3.12731e-13 -1.51008e-13
-0.926276 4.09607e-13 3.7179e-13 -0.926229 5.27709e-13 3.44134e-13
-0.147127 3.29806e-13 4.64644e-14 -0.147138 -1.63832e-13 3.80006e-14
-0.0980356 -4.66308e-13 6.17375e-14 -0.0980751 3.40637e-13 -2.49959e-15
0.245163 1.36502e-13 -1.08202e-13 0.245219 -2.59467e-13 -1.36691e-13
0.679322 -3.93215e-13 -1.86335e-13 0.679128 -2.67266e-13 -2.61991e-13
-0.00750965 2.00908e-13 -9.29206e-14 -0.00751529 -1.05503e-13 2.26205e-14
-0.671812 1.92307e-13 2.79256e-13 -0.671612 3.47126e-13 1.3e-13
0.518161 -2.00892e-13 -1.69358e-13 0.517883 -1.62134e-13 -1.33133e-13
0.37668 -1.70437e-13 -5.14943e-14 0.376855 -1.4354e-13 -1.67045e-13
-0.894841 3.71329e-13 2.20852e-13 -0.894762 3.77156e-13 2.38019e-13
0.866671 -2.50517e-13 -1.03773e-13 0.866736 -1.84254e-13 -5.76491e-14
-0.509724 1.54478e-13 1.01117e-13 -0.510042 9.59212e-14 -3.58468e-14
-0.356946 9.60386e-14 2.65586e-15 -0.356661 1.0525e-13 1.23837e-13
-1.19839 5.14858e-13 2.75082e-14 -1.19858 1.70731e-13 8.96911e-14
1.26085 -7.88674e-13 1.50855e-14 1.26101 3.22673e-14 -1.04374e-13
-0.0624654 2.73817e-13 -4.25937e-14 -0.0624898 -1.20638e-13 1.22286e-13
-0.372209 2.33516e-13 -4.85245e-14 -0.372072 -6.01497e-14 6.53369e-14
1.44741 -5.66055e-13 8.37745e-14 1.44716 6.6373e-14 -9.04422e-14
-1.0752 3.32539e-13 -3.525e-14 -1.07518 3.19069e-14 3.28734e-14
-0.273127 -1.26281e-13 7.48694e-14 -0.272784 1.75466e-13 -6.85976e-14
1.70815 1.89785e-13 -2.47052e-13 1.70791 -2.87036e-13 -8.89269e-14
-1.43502 -6.35046e-14 1.72182e-13 -1.43523 1.59569e-13 1.01038e-13
0.409348 -1.14206e-15 4.63644e-15 0.409284 -2.24964e-14 -2.48944e-14
-0.0567092 2.48442e-15 -9.26936e-15 -0.0567867 -9.00744e-15 3.2521e-14
-0.352639 -1.34236e-15 4.63293e-15 -0.352493 1.15243e-14 6.14136e-14
0.239279 -1.38762e-14 2.38035e-14 0.239104 3.55683e-15 -2.3149e-15
0.363263 8.75872e-15 -6.69551e-14 0.36345 3.32844e-14 4.11873e-15
-0.602542 5.11748e-15 4.31516e-14 -0.602579 1.74922e-14 -1.91229e-14
-1.26992 6.57677e-14 9.04444e-14 -1.27002 4.26971e-14 3.91347e-14
1.5442 -8.34723e-14 -1.40562e-13 1.54392 -7.85772e-14 -3.96985e-14
-0.274277 1.77046e-14 5.01177e-14 -0.273971 -1.42205e-14 1.76013e-14
-1.16192 2.02646e-13 1.58861e-13 -1.16174 1.43275e-13 1.70454e-13
1.7539 -3.14676e-13 -2.39752e-13 1.75297 -2.86252e-13 -2.55858e-13
-0.591975 1.1203e-13 8.08911e-14 -0.59132 1.04507e-13 1.05823e-13
-0.790544 2.03726e-13 1.49391e-13 -0.790641 2.56283e-13 1.91493e-13
1.14146 -2.90974e-13 -1.96383e-13 1.1414 -2.9877e-13 -3.09377e-13
-0.350913 8.72477e-14 4.69924e-14 -0.350832 7.36558e-14 1.42384e-13
-1.50706 5.00854e-13 4.20269e-13 -1.50727 4.3605e-13 3.87792e-13
1.52833 -5.49542e-13 -4.43853e-13 1.52849 -4.16322e-13 -4.15346e-13
-0.0212716 4.86886e-14 2.35838e-14 -0.0212762 -5.70141e-14 6.48842e-15
0.864256 -2.90433e-13 -1.98165e-13 0.863878 -2.13812e-13 -2.70827e-13
-1.69479 5.70402e-13 3.94564e-13 -1.69401 5.882e-13 5.73682e-13
0.830532 -2.79969e-13 -1.96398e-13 0.830227 -3.08462e-13 -3.04501e-13
1.19417 -7.21736e-13 -4.27823e-13 1.19442 -7.60993e-13 -3.81992e-13
-0.879144 4.70398e-13 3.25437e-13 -0.879732 6.28991e-13 2.81851e-13
-0.315029 2.51339e-13 1.02387e-13 -0.314636 1.79287e-13 1.78973e-13
-1.44422 6.17748e-13 -8.98143e-14 -1.44441 5.1967e-13 1.12904e-15
1.39974 -6.69769e-13 1.41559e-13 1.39998 -4.59714e-13 -3.04855e-14
0.0444809 5.20211e-14 -5.17443e-14 0.0443771 -8.12076e-14 1.46852e-15
-1.26501 3.67633e-13 -1.15286e-13 -1.26521 4.01459e-13 -1.19695e-13
1.45668 -4.01786e-13 1.23506e-13 1.45658 -4.7739e-13 1.59853e-13
-0.191678 3.4153e-14 -8.21934e-15 -0.191437 1.06205e-13 2.38873e-14
-0.427905 2.1033e-13 -1.87595e-13 -0.428046 1.74043e-14 4.42238e-14
0.816359 -4.20394e-13 3.75272e-13 0.816401 -4.20346e-14 2.29455e-15
-0.388454 2.10064e-13 -1.87677e-13 -0.388408 3.03581e-14 -6.58915e-14
-0.276543 -8.5836e-14 9.96185e-15 -0.276301 1.02603e-13 -2.30687e-13
1.61143 1.26228e-13 3.32971e-13 1.61125 -1.97295e-13 6.91455e-13
-1.33489 -4.03919e-14 -3.42933e-13 -1.33505 1.84888e-13 -5.95622e-13
-0.0729014 1.33806e-13 -1.15825e-13 -0.0727109 -7.01074e-14 6.67849e-14
-1.15809 -2.49167e-13 -3.00348e-13 -1.15838 2.07498e-13 -5.57001e-13
1.23099 1.15362e-13 4.16173e-13 1.23114 -9.04614e-14 5.66358e-13
0.950114 4.22581e-14 4.56763e-13 0.95026 -4.74311e-14 4.29398e-13
-0.682278 -6.38539e-14 -3.82378e-13 -0.68264 1.90169e-14 -2.484e-13
-0.267836 2.15957e-14 -7.43842e-14 -0.267576 -2.17531e-14 -1.20609e-13
1.1779 1.22898e-13 4.47831e-13 1.17816 2.06926e-14 5.60672e-13
-1.0567 -1.78038e-13 -2.70253e-13 -1.05705 2.17988e-14 -6.26482e-13
-0.121197 5.514e-14 -1.77578e-13 -0.12105 -8.99027e-14 1.16285e-13
0.405707 -1.87116e-13 3.02128e-13 0.405211 2.13504e-13 8.22726e-14
-1.63605 2.83976e-13 -1.02181e-12 -1.63555 -3.83692e-13 -7.30387e-13
1.23035 -9.68605e-14 7.19679e-13 1.23042 2.23033e-13 5.28629e-13
-0.20863 1.37009e-13 -2.88822e-13 -0.208204 -1.55102e-13 1.85119e-14
-1.08477 -5.73034e-13 -3.3607e-13 -1.08535 1.82221e-14 -8.63907e-13
1.2934 4.36024e-13 6.24892e-13 1.2936 1.32635e-13 8.73062e-13
0.270568 5.14501e-14 2.3216e-13 0.270284 1.36955e-13 1.38537e-13
0.732665 3.2401e-13 3.12076e-13 0.732978 1.8215e-13 5.16646e-13
-1.00323 -3.7546e-13 -5.44236e-13 -1.00331 -3.12432e-13 -6.86319e-13
1.42082 4.20414e-13 7.32151e-13 1.42119 4.81081e-13 7.46201e-13
-1.29225 -2.99801e-13 -5.80302e-13 -1.2928 -4.89291e-13 -8.06721e-13
-0.128569 -1.20613e-13 -1.51849e-13 -0.128317 -3.34711e-14 -1.19294e-13
-0.322806 -2.064e-13 -1.01593e-13 -0.322467 6.9643e-14 -2.26061e-13
1.70826 5.9216e-13 5.79788e-13 1.70807 6.09869e-14 6.59191e-13
-1.38545 -3.8576e-13 -4.78195e-13 -1.3857 -7.70154e-14 -5.0084e-13
0.458489 2.6154e-14 2.92629e-13 0.458533 8.54964e-14 -7.32787e-15
-0.861003 -4.88556e-14 -5.59338e-13 -0.861172 -7.20425e-14 2.87172e-14
0.402514 2.27016e-14 2.66708e-13 0.402695 3.65564e-14 -4.77695e-14
-1.51098 -6.01619e-14 1.61289e-13 -1.51119 -3.07401e-14 -2.10599e-13
1.58478 7.96771e-14 -4.06945e-13 1.58477 2.32811e-14 3.52222e-13
-0.073801 -1.95152e-14 2.45656e-13 -0.0736502 7.99619e-14 -1.82979e-13
0.125905 -1.93775e-15 2.53539e-13 0.125749 5.66268e-14 -1.99645e-13
-1.42086 -8.78519e-14 -3.27756e-13 -1.42078 -9.22059e-14 4.90612e-13
1.29496 8.97897e-14 7.4217e-14 1.29509 8.66677e-14 -3.32072e-13
-0.164576 -1.51421e-13 3.45168e-14 -0.164239 9.29807e-14 -7.48558e-15
1.76053 5.07748e-13 -3.87732e-13 1.76055 8.00346e-14 -4.09998e-13
-1.59595 -3.56327e-13 3.53216e-13 -1.59641 -1.29147e-13 4.23901e-13
-0.560976 -3.05752e-14 4.19276e-13 -0.560505 -1.29637e-13 -2.37884e-14
-0.404928 -2.03014e-13 -4.10247e-13 -0.405234 5.61109e-14 4.59231e-13
0.965904 2.33589e-13 -9.02917e-15 0.965756 4.55819e-14 -4.82645e-13
1.63387 4.95922e-13 -4.98757e-13 1.63443 2.75229e-13 -4.92308e-13
-1.7705 -6.34048e-13 5.23587e-13 -1.7706 -3.05273e-13 5.76306e-13
0.136629 1.38126e-13 -2.48306e-14 0.136275 -2.89099e-14 -1.97699e-14
1.43632 5.61171e-13 -4.32272e-13 1.43658 2.406e-13 -5.11886e-13
-1.70339 -7.57427e-13 4.53649e-13 -1.70315 -3.66833e-13 7.17743e-13
0.267062 1.96256e-13 -2.13768e-14 0.266668 -5.07589e-14 -1.16799e-13
0.399357 2.41765e-13 -1.74557e-13 0.399029 9.68196e-14 -9.01525e-14
0.580607 2.64281e-14 -2.22699e-13 0.580976 3.43259e-13 -2.47363e-13
-0.979964 -2.68193e-13 3.97256e-13 -0.980041 -4.10353e-13 4.10832e-13
-1.53201 -7.83009e-13 5.38827e-13 -1.53213 -5.00103e-13 9.83956e-13
1.65372 1.03863e-12 -3.76601e-13 1.65353 4.18216e-13 -1.09911e-12
-0.121714 -2.5562e-13 -1.62226e-13 -0.12146 6.74856e-14 1.27465e-13
-0.484238 -9.10753e-14 2.9773e-13 -0.483764 -2.91612e-13 2.48473e-13
1.69866 4.41822e-13 -9.7871e-13 1.69805 7.69832e-13 -8.29707e-13
-1.21442 -3.50746e-13 6.8098e-13 -1.21439 -5.32076e-13 6.73547e-13
-0.149659 -1.18617e-13 -2.29438e-14 -0.149453 5.54521e-15 1.79176e-13
1.63361 6.49185e-13 -6.81465e-13 1.63371 4.26666e-13 -1.05301e-12
-1.48395 -5.30569e-13 7.04409e-13 -1.48435 -4.06752e-13 8.80832e-13
-0.506892 5.11449e-14 4.50218e-13 -0.506438 -2.00491e-13 8.71046e-14
-0.510417 -4.18073e-13 -4.0982e-14 -0.510753 1.02955e-13 4.51129e-13
1.01731 3.66928e-13 -4.09236e-13 1.01721 7.22869e-14 -6.62554e-13
-1.36618 2.74191e-14 8.45379e-13 -1.36622 -1.79324e-13 6.50159e-13
1.7347 -1.5326e-13 -1.18202e-12 1.73409 3.39033e-13 -7.50418e-13
-0.368521 1.25841e-13 3.36636e-13 -0.367948 -1.20594e-13 1.65337e-13
0.111429 1.34344e-13 6.71073e-14 0.111476 -8.66289e-14 -1.2245e-13
-0.876806 -2.49912e-13 1.82618e-13 -0.876999 2.03535e-13 5.4175e-13
0.765377 1.15568e-13 -2.49726e-13 0.765573 -6.63924e-14 -3.70891e-13
-0.171605 -5.99608e-14 1.43024e-14 -0.171731 4.58888e-14 1.04724e-13
0.441953 1.13348e-13 -7.01445e-14 0.442106 -1.63787e-13 -3.37159e-13
-0.270348 -5.33869e-14 5.58421e-14 -0.270405 5.66218e-14 1.9056e-13
0.558478 4.53529e-14 -8.52533e-14 0.558497 -1.98556e-13 -3.21497e-13
-0.648651 -1.56155e-13 -2.33776e-14 -0.648783 2.48183e-13 4.28065e-13
0.0901733 1.10802e-13 1.08631e-13 0.0903298 -8.59408e-14 -1.65833e-13
-0.158738 4.7806e-14 7.53489e-14 -0.158416 1.57652e-14 8.63252e-15
1.74572 -3.99322e-13 -7.54213e-13 1.74573 -3.64392e-13 -7.69164e-13
-1.58698 3.51516e-13 6.78864e-13 -1.58741 3.44047e-13 6.64619e-13
-0.0436391 -5.14787e-14 -4.12474e-14 -0.0437755 1.77802e-14 7.3889e-14
0.265221 5.73258e-14 1.01945e-14 0.265345 -1.46524e-13 -2.23463e-13
-0.221582 -5.84713e-15 3.10529e-14 -0.221588 1.22125e-13 2.12847e-13
-1.16535 6.89446e-13 8.41001e-14 -1.16558 8.0188e-13 2.88471e-13
1.32368 -7.21513e-13 -2.45846e-14 1.32373 -9.69072e-13 -3.23333e-13
-0.158329 3.20667e-14 -5.95155e-14 -0.158224 1.30363e-13 1.08714e-13
-0.535606 4.35573e-13 1.08684e-13 -0.535375 3.86178e-13 -2.28632e-14
-0.130581 -7.46721e-14 -1.82368e-13 -0.130692 1.86135e-13 1.07319e-13
0.666187 -3.60901e-13 7.3683e-14 0.666073 -4.99941e-13 -8.37831e-14
-0.948127 6.43133e-13 9.82987e-14 -0.948341 4.86665e-13 -4.60146e-14
0.82696 -6.61958e-13 -1.97076e-13 0.827264 -3.60029e-13 1.11853e-13
0.121167 1.88249e-14 9.87772e-14 0.121035 -1.57049e-13 -3.97625e-14
-0.925902 5.50135e-13 8.23786e-14 -0.925818 4.22176e-13 -2.65465e-14
1.55424 -9.50387e-13 -1.76048e-13 1.55368 -8.00314e-13 8.81549e-14
-0.628341 4.00252e-13 9.36699e-14 -0.62795 2.61902e-13 -8.03747e-14
1.06684 -4.60423e-13 -1.89975e-15 1.06685 -3.93499e-13 3.85268e-14
-1.53851 6.78843e-13 1.38327e-14 -1.5382 5.70755e-13 -1.96644e-14
0.471668 -2.1842e-13 -1.19329e-14 0.471445 -1.93478e-13 2.39117e-14
-0.0928009 4.63409e-14 3.5571e-14 -0.092925 -1.10393e-14 -1.41372e-14
1.13994 -1.57524e-13 1.59352e-13 1.1402 -1.35724e-14 3.63779e-13
-1.04714 1.11183e-13 -1.94923e-13 -1.04735 6.83179e-14 -2.94001e-13
0.0794918 -2.68261e-14 4.64956e-14 0.0793488 8.62224e-14 -4.47511e-14
1.00999 1.58246e-13 3.91181e-13 1.01031 6.66314e-14 4.30875e-13
-1.08948 -1.3142e-13 -4.37677e-13 -1.08972 -9.76348e-14 -4.70954e-13
-0.820079 -2.14885e-13 -4.37425e-13 -0.820242 -3.83891e-15 -3.43434e-13
0.857519 3.23992e-13 5.2955e-13 0.857701 1.66672e-14 3.28386e-13
-0.0374401 -1.09106e-13 -9.21245e-14 -0.0375067 1.26284e-13 1.24083e-14
0.573865 1.58781e-13 2.09152e-13 0.573666 9.01323e-14 2.95886e-13
0.148183 3.73013e-14 2.55822e-13 0.14826 7.88343e-14 3.54212e-16
-0.722049 -1.96083e-13 -4.64974e-13 -0.721935 -1.49064e-13 -4.4836e-13
0.219303 -4.94479e-14 3.81765e-14 0.219189 1.7337e-13 1.64096e-13
-1.22315 -2.02656e-13 -5.30218e-13 -1.22315 -6.12742e-13 -7.35268e-13
1.00384 2.52104e-13 4.92042e-13 1.00403 4.568e-13 5.77317e-13
0.177279 -1.11122e-15 1.22183e-13 0.177077 1.3695e-13 1.41289e-13
0.620375 4.51079e-13 3.41966e-13 0.620593 1.92584e-13 4.07549e-13
-0.797654 -4.49968e-13 -4.6415e-13 -0.797711 -3.24653e-13 -5.22287e-13
-0.141118 -1.1778e-13 -2.30015e-13 -0.14085 -1.57662e-14 -7.40749e-14
1.67206 1.00324e-12 1.27588e-12 1.67218 8.40927e-13 7.85901e-13
-1.53094 -8.85456e-13 -1.04587e-12 -1.53143 -8.08191e-13 -7.81643e-13
0.0792072 -9.8028e-14 -1.90396e-13 0.0790335 1.26004e-13 1.29313e-13
-1.62857 -6.58165e-13 -4.45877e-13 -1.62852 -1.10563e-12 -1.16882e-12
1.54936 7.56193e-13 6.36273e-13 1.54955 9.46499e-13 9.92307e-13
-0.0702338 -3.277e-14 2.19466e-13 -0.0702874 -1.88437e-15 -1.43128e-13
0.219989 1.03649e-13 -4.06707e-13 0.220045 1.07097e-13 4.40655e-13
-0.149756 -7.08792e-14 1.87242e-13 -0.149772 -1.60167e-13 -3.259e-13
-0.673824 -2.29745e-13 -1.61287e-13 -0.673972 -4.21732e-13 -4.71128e-13
0.997395 3.0213e-13 1.44423e-13 0.997492 5.16008e-13 7.36987e-13
-0.323571 -7.23844e-14 1.68645e-14 -0.323581 -1.83806e-13 -2.82903e-13
-0.166193 -4.92665e-14 -3.26051e-13 -0.166195 -1.19093e-13 -1.45218e-14
1.26782 4.14637e-13 1.14123e-12 1.26795 4.709e-13 3.70058e-13
-1.10163 -3.65371e-13 -8.15183e-13 -1.10183 -3.62952e-13 -5.00879e-13
0.292752 1.06661e-13 5.08392e-13 0.292107 8.20543e-14 -7.05545e-14
-1.80123 -5.69382e-13 -1.58084e-12 -1.80054 -4.85621e-13 -4.75041e-13
1.50848 4.6272e-13 1.07244e-12 1.5085 3.94481e-13 4.62461e-13
-0.722682 -1.7501e-13 -8.35462e-14 -0.722531 -1.46169e-13 -4.46649e-13
1.488 3.61542e-13 1.52366e-13 1.48756 3.16107e-13 1.1675e-12
-0.765314 -1.86532e-13 -6.88194e-14 -0.765123 -1.50847e-13 -5.32544e-13
0.867393 4.05407e-14 5.82911e-13 0.867295 1.23565e-13 3.47331e-13
-0.29101 1.21748e-13 -3.94163e-13 -0.291196 -1.26339e-13 2.45621e-14
-0.576383 -1.62288e-13 -1.88748e-13 -0.57608 -1.32243e-14 -3.9106e-13
1.11627 9.43667e-14 6.43003e-13 1.11652 -6.36334e-14 5.72499e-13
-0.992304 -1.97641e-13 -6.13967e-13 -0.992712 1.10739e-13 -4.92435e-13
-0.123968 1.03274e-13 -2.90356e-14 -0.123747 -4.10986e-14 -1.20981e-13
1.64013 -1.87705e-13 9.91784e-13 1.64074 -1.23462e-13 7.2003e-13
-1.73066 2.86291e-13 -1.13679e-12 -1.73089 -1.87245e-14 -8.12714e-13
0.0905306 -9.85859e-14 1.45005e-13 0.0902532 2.59036e-14 -4.71845e-14
0.170011 -1.13609e-14 4.2531e-13 0.169992 -3.59689e-14 -1.93447e-13
-1.11513 1.43675e-13 -1.22787e-12 -1.11521 1.67944e-13 -1.14598e-13
0.945121 -1.32314e-13 8.02565e-13 0.945279 -1.46029e-13 2.49098e-13
0.960053 -2.4323e-13 2.05919e-13 0.960201 -4.43877e-13 5.32144e-13
-0.795994 8.86176e-14 1.1377e-13 -0.796236 3.44895e-13 -5.89581e-13
-0.164059 1.54612e-13 -3.19689e-13 -0.163913 1.05902e-14 5.61509e-14
-0.138236 7.49643e-14 -4.56382e-14 -0.137937 2.3218e-13 1.11203e-13
1.7453 -1.11355e-12 1.32163e-13 1.74543 -1.21803e-12 -3.12236e-14
-1.60706 1.03858e-12 -8.65252e-14 -1.60759 1.18323e-12 -7.14609e-14
-1.26702 8.92681e-13 -3.59389e-13 -1.26728 7.25597e-13 2.55326e-13
1.25617 -1.02171e-12 7.87247e-13 1.25646 -5.98803e-13 -5.60149e-13
0.0108488 1.29032e-13 -4.27858e-13 0.0107619 -1.60685e-13 1.68608e-13
-0.422743 1.42566e-13 1.3061e-13 -0.422829 2.45558e-13 1.41638e-14
0.9325 -3.23972e-13 -2.76769e-13 0.932498 -5.91959e-13 2.15123e-14
-0.509758 1.81406e-13 1.46159e-13 -0.50973 2.6836e-13 1.07064e-13
1.02891 -4.30234e-13 9.08925e-14 1.02906 -2.62991e-13 -4.47885e-13
-1.35514 6.07874e-13 -3.36599e-13 -1.35512 4.02362e-13 7.33488e-13
0.326233 -1.7764e-13 2.45707e-13 0.326145 -1.83838e-14 -3.37072e-13
1.35968 -2.89998e-13 -7.07402e-13 1.36007 -3.25291e-13 -3.85243e-13
-1.21118 2.62431e-13 8.46133e-13 -1.21168 2.14319e-13 2.41119e-13
-0.1485 2.75664e-14 -1.38731e-13 -0.148316 -1.77222e-16 1.95721e-13
-0.170238 -8.11241e-14 1.13942e-13 -0.170053 1.26548e-13 7.45903e-14
-0.584382 2.58026e-13 1.48995e-13 -0.584689 -8.48863e-14 2.55449e-13
0.75462 -1.76902e-13 -2.62937e-13 0.754774 -8.36957e-15 -3.16893e-13
-0.649313 6.13664e-14 4.10217e-13 -0.649117 -5.62938e-14 2.26959e-13
1.54434 -1.33135e-13 -9.45482e-13 1.54388 6.24371e-14 -5.20641e-13
-0.895031 7.17681e-14 5.35265e-13 -0.894862 -1.3355e-14 3.8071e-13
-0.629358 -1.60631e-13 3.97665e-13 -0.628961 6.20195e-14 3.07504e-13
-0.191077 2.04855e-13 -8.35317e-14 -0.191246 -1.63915e-13 1.7024e-13
0.820435 -4.42234e-14 -3.14134e-13 0.820216 1.25835e-13 -4.18637e-13
0.933333 2.6462e-13 -6.94949e-13 0.933354 1.7826e-13 -2.54422e-13
-1.23479 -3.92326e-13 1.03422e-12 -1.23473 -1.25817e-13 4.39338e-13
0.301457 1.27707e-13 -3.39269e-13 0.301459 1.28565e-14 -1.73176e-14
0.13001 -5.34351e-14 -5.95794e-14 0.129756 8.11784e-14 -2.386e-14
-1.65664 -3.53337e-13 9.00542e-13 -1.65651 -6.3436e-13 9.18584e-13
1.52663 4.06773e-13 -8.40962e-13 1.52682 5.69712e-13 -8.30428e-13
0.342756 1.67306e-13 -2.17141e-13 0.342212 9.56448e-14 -1.26885e-13
-1.72338 -6.98583e-13 1.01783e-12 -1.72277 -5.1689e-13 9.81608e-13
1.38062 5.31277e-13 -8.00694e-13 1.38063 4.64767e-13 -7.82514e-13
0.718217 3.41155e-13 -6.55081e-13 0.71828 3.90878e-13 -1.85823e-13
-0.666542 -2.9391e-13 8.91372e-13 -0.666716 -3.52008e-13 1.76796e-14
-0.0516746 -4.72452e-14 -2.36291e-13 -0.05152 -1.55801e-14 2.38172e-13
0.455766 1.859e-13 -4.00995e-14 0.455523 2.02481e-13 -3.30575e-13
0.236529 2.75888e-13 -4.81309e-13 0.236693 8.93729e-14 8.74278e-14
-0.692296 -4.61787e-13 5.21409e-13 -0.692232 -3.09519e-13 2.36439e-13
-0.151684 -1.02289e-13 3.8556e-13 -0.151656 -7.6119e-14 -9.76916e-14
-0.141143 -5.90321e-14 -5.68266e-13 -0.141223 -8.51369e-14 4.52133e-13
0.292827 1.61321e-13 1.82706e-13 0.292889 1.52225e-13 -3.71553e-13
0.356109 1.66465e-13 -2.16067e-13 0.356061 1.61951e-13 -1.55619e-14
-0.996838 -5.08652e-13 5.34127e-13 -0.996873 -6.44725e-13 2.24914e-13
0.64073 3.42187e-13 -3.1806e-13 0.640874 4.31686e-13 -1.42112e-13
0.117889 4.86937e-14 2.60531e-13 0.117661 1.65686e-14 -1.96891e-13
0.938792 5.52187e-13 -8.24509e-13 0.939147 5.38044e-13 8.30269e-14
-1.05668 -6.0088e-13 5.63978e-13 -1.05687 -5.39692e-13 1.13297e-13
-1.50792 -6.99586e-13 -2.87467e-13 -1.50809 -6.84873e-13 4.1147e-13
1.53421 7.53278e-13 7.17249e-13 1.53425 6.89853e-13 -6.55932e-13
-0.0262873 -5.3692e-14 -4.29782e-13 -0.0262184 6.82613e-15 2.50688e-13
0.261609 2.6092e-14 -1.60957e-13 0.261438 5.02016e-14 1.78904e-13
0.520467 2.0485e-13 4.2951e-13 0.52065 1.03462e-13 -1.63001e-13
-0.782076 -2.30942e-13 -2.68554e-13 -0.782122 -2.32865e-13 3.5642e-15
-0.710935 -1.07964e-13 -4.31102e-13 -0.710599 -1.9547e-14 -4.19327e-14
1.64548 2.43353e-13 9.48583e-13 1.64471 1.13258e-13 1.35412e-14
-0.934545 -1.35389e-13 -5.1748e-13 -0.934211 -1.21805e-13 -1.60177e-13
-0.418193 6.53569e-16 1.14498e-16 -0.417957 8.69477e-14 2.22113e-15
-0.285847 -1.25156e-15 -2.40389e-16 -0.286078 -2.68975e-14 4.07139e-14
0.704039 5.97986e-16 1.25891e-16 0.704049 -8.40938e-15 1.41572e-14
1.07471 -1.26959e-14 -1.43785e-14 1.07479 -2.09837e-14 -6.18855e-15
-1.3092 2.33773e-14 2.70804e-14 -1.30915 4.59538e-15 1.30179e-14
0.23449 -1.06814e-14 -1.27019e-14 0.234434 1.42018e-14 5.69468e-14
0.678182 7.5182e-16 3.10104e-15 0.67792 -1.01897e-15 -3.36543e-14
0.184307 -2.62187e-15 -8.28978e-15 0.184354 -4.01962e-15 -2.27496e-14
-0.862489 1.87005e-15 5.18874e-15 -0.862285 -5.19001e-14 -3.49074e-14
-0.430661 -4.63638e-15 2.63811e-14 -0.430815 -2.47833e-14 -2.10506e-14
0.639517 8.38805e-15 -5.05904e-14 0.639687 1.81215e-14 3.91837e-14
-0.208856 -3.75167e-15 2.42093e-14 -0.208913 -2.94719e-14 -4.13154e-14
-0.180656 -3.6053e-14 8.6379e-14 -0.180787 4.72081e-14 -9.68657e-14
0.144963 7.03939e-14 -1.65074e-13 0.145028 -5.96663e-14 1.03385e-13
0.0356923 -3.43409e-14 7.86955e-14 0.0357496 2.72275e-15 -3.16539e-14
1.05619 8.4707e-14 -2.40873e-13 1.05635 3.37239e-14 -1.31068e-13
-0.811964 -1.12425e-13 2.95712e-13 -0.812322 -2.74589e-14 -1.13586e-14
-0.244225 2.77184e-14 -5.48391e-14 -0.243981 -9.47304e-14 1.24477e-13
0.475411 1.44086e-13 -2.41452e-13 0.474671 -9.40114e-15 -4.91411e-14
-1.82644 -3.89686e-13 7.28077e-13 -1.82552 -1.19856e-13 3.62626e-13
1.35103 2.456e-13 -4.86625e-13 1.35094 1.49907e-13 -3.08791e-13
0.35583 1.92003e-13 -2.73397e-13 0.355663 -1.59698e-14 -1.1741e-13
0.241917 -1.00875e-13 1.51482e-13 0.242 2.32467e-13 -2.75509e-13
-0.597746 -9.11283e-14 1.21915e-13 -0.597679 -1.68927e-13 3.52558e-13
0.494344 3.06722e-13 -4.10277e-13 0.494033 1.00877e-13 -7.31185e-14
-1.46346 -7.65147e-13 1.02571e-12 -1.46304 -3.0923e-13 4.60616e-13
0.969118 4.58425e-13 -6.15434e-13 0.969088 2.92423e-13 -3.55107e-13
-0.242569 6.93626e-14 -2.79016e-14 -0.242157 -1.34811e-13 3.13839e-13
-0.994614 -6.15228e-13 8.42134e-13 -0.995088 -9.49519e-14 3.15884e-13
1.23718 5.45866e-13 -8.14233e-13 1.23729 3.5459e-13 -4.95113e-13
0.371149 5.64752e-14 -2.69566e-13 0.370793 9.92709e-14 -2.71946e-13
0.764691 1.65023e-13 -3.09129e-13 0.76511 1.01484e-13 -5.44047e-13
-1.13584 -2.21498e-13 5.78696e-13 -1.13595 -1.74503e-13 6.51451e-13
-0.989733 3.76154e-14 3.36633e-13 -0.989862 -1.9525e-13 7.44602e-13
0.759905 -2.39018e-13 1.46151e-14 0.76026 2.94462e-13 -7.01169e-13
0.229828 2.01403e-13 -3.51248e-13 0.229565 -1.87126e-13 5.32206e-15
-0.0156585 -1.62733e-13 2.80571e-13 -0.0155968 1.46765e-13 -1.14856e-13
-1.10653 2.07955e-13 2.64582e-14 -1.10679 -3.14445e-13 8.60485e-13
1.12219 -4.52218e-14 -3.07029e-13 1.12244 2.10064e-13 -7.86795e-13
0.79792 -1.75672e-14 -3.30382e-13 0.797915 1.12395e-13 -3.7733e-13
-0.433521 1.61877e-13 1.23019e-13 -0.43375 -1.87349e-13 2.85556e-13
-0.364399 -1.4431e-13 2.07364e-13 -0.364136 2.31996e-14 1.58062e-13
-1.01851 -4.14695e-13 6.54529e-13 -1.0185 -1.27247e-13 2.12633e-13
0.599754 4.86193e-13 -7.46539e-13 0.600105 -8.07879e-14 6.93055e-14
0.418754 -7.14982e-14 9.20098e-14 0.418367 2.00632e-13 -2.89245e-13
-0.330617 -2.08023e-13 3.94497e-13 -0.330429 -1.77903e-14 5.36701e-16
-0.343963 9.53705e-14 -4.50153e-13 -0.344182 -2.28866e-13 4.42591e-13
0.67458 1.12652e-13 5.56563e-14 0.674629 2.80813e-13 -4.39226e-13
-0.299719 3.79115e-14 -1.63665e-13 -0.299343 -1.97223e-13 3.19593e-13
-0.821246 -5.26097e-13 7.27715e-13 -0.821706 -1.1167e-13 -1.20221e-13
1.12096 4.88186e-13 -5.6405e-13 1.12109 2.82999e-13 -1.62429e-13
-0.315934 -2.71294e-13 2.20251e-13 -0.315864 -2.3867e-14 4.65162e-14
1.30586 7.78254e-13 -6.22582e-13 1.30577 2.58916e-13 -2.15441e-13
-0.989926 -5.0696e-13 4.02331e-13 -0.989991 -2.03215e-13 2.33181e-13
-0.3622 -1.37677e-13 3.12094e-13 -0.362305 -1.50196e-13 -1.09918e-13
0.300297 1.42317e-13 -5.50113e-13 0.300449 5.17034e-14 2.46919e-13
0.0619039 -4.63932e-15 2.38019e-13 0.0618379 -3.59225e-14 -1.90112e-13
0.609229 2.24631e-13 1.51985e-13 0.609302 7.94975e-14 -1.54415e-13
-0.830727 -3.71286e-13 -3.0448e-13 -0.830898 -1.38468e-14 2.08213e-13
0.221498 1.46655e-13 1.52495e-13 0.221651 5.5301e-14 -9.84242e-14
1.41504 1.20155e-14 1.04462e-13 1.41551 2.04138e-13 -2.02921e-14
-1.31453 1.49322e-13 -1.78033e-13 -1.31508 -2.89301e-13 9.15499e-14
-0.100518 -1.61337e-13 7.35709e-14 -0.100345 1.00827e-13 -4.88295e-14
0.527603 -7.48071e-14 1.69554e-13 0.527188 9.93892e-14 4.7049e-14
0.472682 3.08541e-13 -1.69419e-13 0.473077 -8.76438e-14 2.1266e-13
-1.00028 -2.33734e-13 -1.34563e-16 -1.00029 -1.03519e-14 -2.17535e-13
0.410403 2.12987e-13 1.28534e-13 0.410397 -4.57331e-14 8.71095e-14
-0.682305 -4.02644e-13 -2.31825e-13 -0.682361 1.33569e-13 1.51275e-14
0.271902 1.89657e-13 1.03291e-13 0.272009 -1.00856e-13 -3.2146e-14
0.756529 2.45377e-13 1.48449e-13 0.756265 6.40808e-14 2.92932e-13
-0.0364673 -1.05642e-13 3.07152e-13 -0.0364112 6.34299e-14 -1.94366e-13
-0.720062 -1.39735e-13 -4.55601e-13 -0.719852 -2.40632e-13 -2.29268e-13
-0.842446 -2.04199e-14 -5.18381e-13 -0.842561 -2.90054e-13 -5.12867e-13
0.623025 -1.93027e-13 3.85322e-13 0.623276 3.64707e-13 4.39652e-13
0.219421 2.13447e-13 1.33059e-13 0.219252 -3.36263e-14 1.04932e-13
-0.107266 7.81564e-14 5.76765e-14 -0.107402 -1.26567e-13 -1.78088e-13
0.58034 -1.05844e-13 1.04758e-13 0.580486 2.06954e-13 5.00434e-13
-0.473074 2.76873e-14 -1.62434e-13 -0.473123 -1.21374e-13 -3.89283e-13
1.096 1.46432e-13 3.89112e-13 1.09618 7.76222e-14 6.41302e-13
-1.05255 -1.78472e-13 -1.97458e-13 -1.05279 -1.85148e-14 -7.24659e-13
-0.0434536 3.204e-14 -1.91654e-13 -0.0433279 -2.86864e-14 1.1785e-14
-0.891293 -2.43434e-13 -4.83149e-13 -0.891436 -2.28947e-14 -3.68099e-13
1.05948 3.90118e-13 6.41355e-13 1.05958 2.67513e-14 3.7952e-13
-0.168187 -1.46683e-13 -1.58206e-13 -0.168199 4.67452e-14 -2.43911e-14
-0.933622 -3.6527e-13 -3.92593e-13 -0.933802 -1.76981e-13 -3.38847e-13
0.81049 4.77066e-13 3.62943e-13 0.810801 -4.92538e-16 3.06037e-13
0.123132 -1.11797e-13 2.96497e-14 0.122959 8.02805e-14 1.41209e-14
-0.151332 -1.22705e-13 -1.45734e-13 -0.151398 -1.96801e-14 -6.14619e-14
0.919085 4.27593e-13 5.24394e-13 0.91919 1.97976e-13 2.78311e-13
-0.767753 -3.04887e-13 -3.7866e-13 -0.767853 -1.16219e-13 -2.36336e-13
-0.88947 -3.89759e-13 3.56403e-14 -0.889297 -1.62529e-14 -1.50425e-13
0.325714 4.57764e-13 -2.50248e-13 0.325875 -1.68327e-13 2.42929e-13
0.563756 -6.80048e-14 2.14608e-13 0.563407 2.6274e-13 -1.82962e-14
-0.705692 -3.26414e-13 1.28718e-13 -0.705411 6.72912e-14 -1.48787e-13
-0.0871406 3.7737e-13 -3.62902e-13 -0.0871544 -2.34227e-13 2.14642e-13
0.792833 -5.09553e-14 2.34183e-13 0.79257 2.57292e-13 -3.40202e-14
0.532735 -3.50145e-14 2.13596e-13 0.53273 1.23224e-13 -9.88304e-14
-0.359983 1.66241e-13 -4.01619e-13 -0.360126 -1.57012e-13 2.4519e-13
-0.172752 -1.31227e-13 1.88023e-13 -0.172579 4.02882e-14 -7.99095e-14
-0.423639 1.21791e-13 -3.0524e-13 -0.423187 -1.76442e-13 1.45631e-13
-0.635011 -5.09855e-13 4.98759e-13 -0.635463 1.80649e-13 -3.50963e-13
1.05865 3.88064e-13 -1.93518e-13 1.05868 3.20006e-14 2.79343e-13
0.243414 1.82977e-13 -1.72485e-13 0.243316 1.82922e-14 1.75464e-13
-1.10859 -5.33434e-13 1.97497e-13 -1.10857 -2.1508e-13 -4.63962e-13
0.865178 3.50457e-13 -2.50113e-14 0.865318 1.99147e-13 3.37158e-13
0.912778 2.44457e-13 1.56247e-13 0.912905 2.26642e-13 2.82252e-13
-0.821284 -1.97896e-13 -5.12175e-14 -0.821567 -2.00042e-13 -2.98875e-13
-0.0914942 -4.65608e-14 -1.05029e-13 -0.0912841 8.32224e-15 2.69616e-14
-0.0616606 -2.30485e-13 1.43637e-13 -0.0618468 7.69143e-14 -1.2002e-13
0.685668 6.32138e-13 -1.20471e-13 0.685819 -5.07977e-14 4.23652e-13
-0.624008 -4.01653e-13 -2.31664e-14 -0.624018 -5.37602e-14 -3.5435e-13
0.650288 3.41151e-13 1.82278e-14 0.650353 -2.37135e-14 3.37779e-13
-0.584466 -5.02959e-13 2.16593e-13 -0.584655 9.82075e-14 -4.77259e-13
-0.0658216 1.61808e-13 -2.34821e-13 -0.0656582 -1.3024e-13 1.87263e-13
0.445818 2.77724e-13 -4.82759e-14 0.445807 -8.34841e-14 3.34868e-13
-0.277593 -4.30692e-13 3.25525e-13 -0.277746 1.86375e-13 -3.27971e-13
-0.168226 1.52968e-13 -2.7725e-13 -0.168042 -1.34713e-13 5.76429e-15
-0.00622751 1.70028e-13 -1.62447e-13 -0.00640753 -9.91423e-14 3.56114e-14
1.0295 -2.19902e-13 7.34827e-13 1.02978 3.1845e-13 2.3184e-13
-1.02327 4.98736e-14 -5.7238e-13 -1.02344 -2.08904e-13 -2.95078e-13
0.316403 1.29017e-13 1.43947e-13 0.31634 -7.89488e-15 4.96426e-14
-1.09954 -3.17842e-13 -4.54956e-13 -1.09953 -3.65312e-14 -3.94532e-13
0.78314 1.88825e-13 3.11009e-13 0.783258 4.73846e-14 3.01292e-13
1.00256 4.06681e-13 2.07393e-13 1.00259 7.59898e-14 3.74719e-13
-0.505928 -4.83583e-13 3.91087e-14 -0.506316 1.31429e-13 -2.59767e-13
-0.496628 7.69014e-14 -2.46502e-13 -0.496248 -2.35848e-13 -1.17504e-13
-0.748331 -1.03659e-13 -3.11564e-13 -0.748081 -3.14083e-13 -1.19861e-13
1.57115 2.14699e-13 6.58061e-13 1.57049 5.6558e-13 3.09249e-13
-0.822823 -1.11039e-13 -3.46497e-13 -0.822504 -2.67096e-13 -1.11244e-13
-0.187868 -3.76974e-13 -5.16637e-14 -0.187979 1.16164e-13 5.17224e-14
0.760311 8.78772e-13 1.40179e-13 0.760395 -1.78429e-13 1.26498e-14
-0.572443 -5.01798e-13 -8.85156e-14 -0.572466 -3.0809e-14 -7.56916e-14
-0.498587 1.62742e-13 -5.24923e-15 -0.498422 -3.29194e-13 -5.38762e-14
-0.125101 -6.05966e-13 -8.92562e-14 -0.125214 3.7124e-13 3.86991e-14
0.623688 4.43224e-13 9.45054e-14 0.623643 -7.82747e-14 5.16942e-14
-0.150708 -4.31552e-13 -7.3034e-14 -0.150675 2.41099e-13 4.13821e-14
-0.369155 7.18999e-13 6.67335e-14 -0.369277 -5.84379e-13 -1.22592e-13
0.519863 -2.87447e-13 6.3005e-15 0.519974 3.32978e-13 7.79754e-14
-1.07385 2.40004e-13 -1.37403e-13 -1.07399 -4.56785e-13 -2.68667e-13
0.815129 -7.02455e-13 1.89582e-14 0.815619 6.84537e-13 2.57361e-13
0.258721 4.62451e-13 1.18445e-13 0.258337 -2.07224e-13 -3.81029e-14
0.379589 2.4239e-13 1.52736e-13 0.379501 -7.03671e-14 1.14495e-13
0.0757924 -3.38579e-13 -9.72735e-15 0.0757638 2.57485e-13 8.39869e-14
-0.455381 9.6189e-14 -1.43008e-13 -0.45527 -2.40621e-13 -2.47e-13
0.28189 -9.47885e-14 4.3838e-14 0.281606 1.04349e-13 1.07746e-13
0.578977 4.47043e-13 3.09838e-13 0.579269 -2.94815e-14 1.58325e-13
-0.860867 -3.52255e-13 -3.53676e-13 -0.860912 -5.98012e-14 -2.68541e-13
0.309471 7.22218e-13 1.01908e-13 0.309195 -2.7788e-13 9.02242e-14
-1.50673 -1.61094e-12 -4.32236e-13 -1.50652 3.98671e-13 -3.10588e-13
1.19726 8.88725e-13 3.30328e-13 1.1974 -4.12318e-14 2.22838e-13
0.413298 6.8529e-13 1.53668e-13 0.412843 -3.13433e-13 7.49802e-14
-1.59568 -1.43977e-12 -5.18325e-13 -1.59517 4.50487e-13 -3.81474e-13
1.18238 7.5448e-13 3.64656e-13 1.18241 -1.75694e-13 3.22413e-13
-0.950373 2.61649e-13 -2.47523e-13 -0.950327 -5.51706e-13 -3.37905e-13
0.456072 -8.46185e-13 4.67034e-14 0.456434 7.68811e-13 2.05259e-13
0.494301 5.84536e-13 2.0082e-13 0.493873 -2.77056e-13 1.46962e-13
-0.512863 -6.26528e-13 -2.52178e-13 -0.512398 2.70132e-13 -1.96921e-13
-0.498105 8.58243e-13 -3.26816e-16 -0.498468 -7.95373e-13 -2.53511e-13
1.01097 -2.31715e-13 2.52505e-13 1.01089 6.00301e-13 4.09855e-13
-0.938532 -6.45568e-14 -1.81022e-13 -0.9387 -4.01053e-13 -3.41655e-13
1.17954 -6.8012e-14 1.66928e-13 1.1796 5.72094e-13 4.41548e-13
-0.241006 1.32569e-13 1.40933e-14 -0.240961 -1.83783e-13 -1.29746e-13
0.117507 9.01313e-14 -4.61314e-14 0.117343 -6.93133e-14 1.04811e-13
0.597122 -3.75495e-15 2.57923e-13 0.597376 2.12504e-13 6.10455e-14
-0.714628 -8.63763e-14 -2.11791e-13 -0.714758 -1.92882e-13 -9.40354e-14
-0.237877 1.47608e-13 -7.98359e-14 -0.237294 -1.43937e-13 -1.45415e-14
1.89715 -9.27563e-14 3.11385e-13 1.89694 5.06561e-13 1.37787e-13
-1.65928 -5.48513e-14 -2.31549e-13 -1.65975 -3.41034e-13 -1.60282e-13
0.686466 4.12199e-13 6.60554e-14 0.686577 -9.57497e-14 5.93814e-14
-0.726198 -7.10157e-13 -8.21451e-14 -0.726425 2.39951e-13 -1.01728e-14
0.0397324 2.97958e-13 1.60897e-14 0.039896 -1.48714e-13 -3.77087e-14
-0.782498 -2.89157e-13 7.03962e-15 -0.782454 -5.81994e-14 -1.40408e-13
0.334284 3.04285e-13 -1.36444e-13 0.334459 -7.62373e-14 1.90214e-13
0.448214 -1.51284e-14 1.29404e-13 0.447979 1.80927e-13 -1.23614e-13
0.469656 -1.2293e-13 1.72613e-13 0.469573 1.94485e-13 -2.86231e-15
-1.05975 1.95322e-13 -3.53539e-13 -1.05972 -5.46386e-13 3.1383e-14
0.590095 -7.23924e-14 1.80926e-13 0.590215 2.56039e-13 -5.22151e-14
-0.922871 -9.81733e-14 -2.92788e-13 -0.922962 -3.92333e-13 -9.82676e-14
0.648133 -1.31922e-13 3.84169e-13 0.648422 3.44714e-13 -1.60978e-14
0.274738 2.30095e-13 -9.13807e-14 0.274508 1.0289e-13 1.19532e-13
-0.0935047 -3.36139e-13 1.75333e-13 -0.0932586 1.6302e-13 -2.74117e-13
-1.15849 4.51139e-13 -8.07743e-13 -1.15889 -5.43449e-13 -1.13584e-13
1.252 -1.15e-13 6.3241e-13 1.2522 4.06806e-13 3.56458e-13
0.6644 1.82444e-13 7.6641e-14 0.66447 2.74855e-14 2.6818e-13
-0.940636 -3.03689e-13 -3.43573e-14 -0.940711 -2.40752e-14 -4.572e-13
0.276236 1.21246e-13 -4.22837e-14 0.276303 -2.76844e-15 1.12032e-13
0.986159 -5.23884e-14 2.84612e-13 0.986301 3.11511e-13 1.70072e-13
-0.821351 3.03585e-13 -3.28167e-13 -0.821696 -3.61228e-13 -7.8421e-14
-0.164807 -2.51197e-13 4.35546e-14 -0.164553 1.5982e-13 -1.88434e-13
-0.275562 1.54655e-13 -2.14263e-13 -0.275661 -2.15149e-13 6.07742e-14
0.127326 -4.02836e-13 3.66298e-13 0.127402 3.33246e-13 -2.12509e-13
0.148236 2.48181e-13 -1.52035e-13 0.148251 -1.04309e-13 1.34477e-13
0.580392 -1.64781e-14 1.70874e-13 0.580485 2.29992e-13 7.43785e-15
-0.625796 1.73115e-13 -2.98651e-13 -0.626005 -3.3688e-13 1.00404e-13
0.0454033 -1.56637e-13 1.27776e-13 0.0455622 1.36812e-13 -1.30684e-13
0.218183 -2.69657e-13 7.98311e-14 0.21795 1.83875e-13 -6.3705e-14
-1.43533 3.15777e-13 -5.16359e-14 -1.43521 -6.58917e-13 2.71733e-13
1.21715 -4.61195e-14 -2.81952e-14 1.21733 4.47536e-13 -1.70049e-13
-1.44266 3.6302e-14 9.08579e-14 -1.44284 -4.47598e-13 2.59988e-13
1.49382 -3.39819e-13 1.20536e-14 1.49382 6.46563e-13 -3.44178e-13
-0.0511572 3.03517e-13 -1.02911e-13 -0.0510435 -1.71099e-13 1.33611e-13
-0.23901 2.22459e-13 2.7003e-14 -0.238931 -2.25584e-13 2.05851e-13
-0.278086 -5.75803e-13 2.54466e-13 -0.278272 2.9676e-13 -3.71079e-14
0.517096 3.53344e-13 -2.81469e-13 0.51722 -1.1476e-13 -1.07548e-13
-0.585246 -4.16546e-13 2.62444e-13 -0.585101 2.85525e-14 2.94898e-13
-0.0354116 5.3688e-13 -2.35175e-14 -0.035398 -3.42948e-13 -2.22052e-15
0.620658 -1.20335e-13 -2.38926e-13 0.6205 3.39014e-13 -3.20623e-13
1.06951 5.20774e-13 -5.73079e-13 1.06955 1.3585e-13 -3.33567e-13
-1.46904 -8.37677e-13 8.53671e-13 -1.46881 -1.36302e-13 4.01149e-13
0.399525 3.16903e-13 -2.80592e-13 0.399352 -3.0585e-14 -8.90987e-14
-1.39666 -2.18849e-13 7.07155e-13 -1.39688 -5.96402e-13 5.28503e-13
1.30714 -7.49517e-15 -8.1509e-13 1.3075 6.47612e-13 -3.89688e-13
0.0895256 2.26344e-13 1.07936e-13 0.0893308 -6.65652e-14 -6.04597e-14
-0.0603507 2.21011e-13 2.23939e-14 -0.0604956 -1.78666e-13 7.49535e-14
0.417851 -3.8204e-13 -1.53078e-13 0.417916 4.00612e-13 -1.97909e-13
-0.3575 1.61029e-13 1.30684e-13 -0.357449 -2.33205e-13 1.41826e-13
-0.530846 -5.76173e-14 4.68273e-13 -0.530911 -5.17621e-14 -1.03822e-13
0.311781 2.7557e-14 -7.79093e-13 0.311885 8.26114e-14 3.61162e-13
0.219065 3.00603e-14 3.1082e-13 0.219008 -1.52576e-14 -2.89009e-13
-1.01422 6.86182e-14 3.06014e-13 -1.01383 -1.82709e-13 7.43699e-14
1.85531 -1.8049e-13 -6.12774e-13 1.85414 3.5783e-13 -1.28503e-13
-0.841087 1.11872e-13 3.06759e-13 -0.840404 -1.83968e-13 1.37347e-13
-0.426554 -1.76183e-14 -3.10216e-13 -0.426406 -4.03783e-14 2.10185e-13
-0.243802 -6.99048e-14 7.01269e-13 -0.243894 2.59009e-14 -4.40106e-13
0.670356 8.75231e-14 -3.91054e-13 0.670312 6.75755e-15 1.82253e-13
0.256067 -1.58524e-13 -4.17328e-14 0.255844 1.41216e-13 -4.21803e-14
0.714689 4.85738e-13 3.17847e-14 0.71494 -7.20323e-14 -7.3439e-14
-0.970756 -3.27214e-13 9.94812e-15 -0.97083 -3.18058e-14 9.86512e-14
0.156294 -1.26701e-13 -1.85843e-13 0.156169 1.15721e-13 1.62596e-13
0.188597 3.43391e-13 3.59598e-13 0.188663 -1.02612e-13 -1.98955e-13
-0.344891 -2.1669e-13 -1.73754e-13 -0.344845 -1.37979e-14 2.09443e-13
1.14192 2.22392e-13 -2.66875e-13 1.142 3.71085e-13 3.67539e-14
-1.4347 -1.88463e-13 4.77418e-13 -1.43452 -5.83095e-13 -1.51122e-13
0.292787 -3.39285e-14 -2.10543e-13 0.292614 1.65376e-13 1.67944e-13
-0.632075 -4.56889e-13 2.27005e-13 -0.632021 -3.87461e-14 -3.06233e-15
1.35714 9.71896e-13 -4.82917e-13 1.3569 1.06874e-13 -5.07858e-14
-0.725061 -5.15007e-13 2.55913e-13 -0.724965 -1.46184e-13 5.59938e-14
0.40766 3.89083e-13 -2.49928e-13 0.407367 -2.1744e-16 1.56209e-14
-1.39722 -9.01094e-13 5.82129e-13 -1.39694 -1.81905e-15 -5.27986e-15
0.98956 5.12011e-13 -3.32201e-13 0.989648 1.01321e-13 -3.80178e-14
-0.395678 -3.01423e-15 -1.26376e-15 -0.395752 -2.80934e-14 -5.63058e-14
1.01213 6.35449e-15 2.56993e-15 1.01218 -2.46473e-14 4.58332e-16
-0.61645 -3.34026e-15 -1.30617e-15 -0.616499 -2.60213e-14 5.32369e-15
0.670063 3.33383e-14 1.19181e-15 0.669736 -3.11495e-14 4.08523e-15
0.17504 -7.45192e-14 -1.7249e-14 0.175227 5.21051e-14 -7.86211e-15
-0.845103 4.11809e-14 1.60571e-14 -0.844975 2.40403e-14 -5.15433e-15
-0.892418 3.92269e-14 2.02443e-14 -0.892585 2.65301e-14 1.21527e-13
0.655578 -6.54721e-14 -7.35276e-15 0.65592 7.68479e-14 -2.76646e-14
0.23684 2.62453e-14 -1.28915e-14 0.236632 -2.73863e-14 4.3854e-14
0.58391 -9.82835e-14 -2.88115e-14 0.583567 -3.12848e-14 -1.39183e-13
0.354927 1.10305e-13 -1.06011e-13 0.355169 -8.19799e-14 -5.21961e-14
-0.938837 -1.20215e-14 1.34822e-13 -0.938758 1.27778e-13 1.3086e-13
0.164954 -5.53964e-14 1.40609e-14 0.16478 -3.91298e-14 -1.27586e-13
0.383113 4.17937e-14 -1.40834e-13 0.383254 -9.09975e-14 -2.07534e-14
-0.548067 1.36027e-14 1.26773e-13 -0.548061 1.04208e-13 5.30143e-14
-0.156887 1.41427e-13 6.46356e-14 -0.156944 5.17845e-14 1.20199e-13
1.21917 -5.58829e-13 -4.07657e-13 1.21929 -3.08369e-13 -3.62457e-13
-1.06228 4.17401e-13 3.43021e-13 -1.06242 2.27153e-13 3.43505e-13
1.10373 -2.87282e-13 -3.40312e-13 1.10389 -4.14324e-13 -3.52419e-13
-0.762333 6.68786e-14 2.09167e-13 -0.762756 3.28845e-13 2.72991e-13
-0.3414 2.20403e-13 1.31144e-13 -0.341088 1.11394e-13 1.49115e-13
-0.202353 1.02187e-15 6.1402e-14 -0.201886 1.43233e-13 1.11827e-13
1.88497 -6.81658e-13 -5.8681e-13 1.88489 -1.02846e-12 -6.00492e-13
-1.68262 6.80636e-13 5.25408e-13 -1.68311 8.8634e-13 5.71319e-13
1.30153 -8.486e-13 -3.25533e-13 1.30173 -6.57047e-13 -2.623e-13
-1.55675 1.1073e-12 4.08755e-13 -1.55666 6.99104e-13 3.0099e-13
0.255218 -2.58702e-13 -8.32218e-14 0.255025 -1.72682e-14 8.01461e-15
0.0270322 -6.12104e-14 -5.41776e-15 0.0268579 4.28621e-14 2.75235e-14
1.10011 -5.43699e-13 -2.01423e-13 1.10048 -7.26172e-13 -1.97712e-13
-1.12715 6.0491e-13 2.06841e-13 -1.1274 6.86189e-13 2.59826e-13
0.770802 -2.62766e-13 -3.61301e-14 0.770505 -5.14601e-13 -2.32745e-13
-1.58636 5.75952e-13 8.88343e-14 -1.58578 1.11012e-12 3.26758e-13
0.815561 -3.13186e-13 -5.27042e-14 0.81537 -6.28478e-13 -1.82381e-13
0.69086 -5.92891e-13 -1.33358e-13 0.690784 -2.83946e-13 -3.33018e-14
-0.228154 4.73722e-13 1.35366e-13 -0.228315 -7.45949e-14 -1.11493e-13
-0.462706 1.19169e-13 -2.00792e-15 -0.462454 4.15359e-13 2.08406e-13
0.276886 -3.71785e-13 -1.03381e-13 0.276912 1.50924e-14 1.23738e-14
-0.484446 6.93215e-13 1.96778e-13 -0.484534 3.6264e-14 -6.56804e-14
0.20756 -3.2143e-13 -9.33967e-14 0.207654 1.08852e-14 4.10294e-15
0.0426331 -1.23101e-13 -4.79565e-14 0.0425687 6.63518e-14 3.51541e-15
1.40763 -6.46333e-13 -5.96973e-14 1.40803 -9.88038e-13 -2.1489e-13
-1.45027 7.69434e-13 1.07654e-13 -1.45068 9.24402e-13 2.40691e-13
1.19485 -5.94257e-13 -1.09592e-13 1.19509 -7.49106e-13 -2.17593e-13
-1.20197 5.28092e-13 6.52963e-14 -1.20221 7.14239e-13 1.90892e-13
0.00712082 6.61646e-14 4.42962e-14 0.00719409 -3.01027e-15 -3.13795e-14
-0.2026 1.25633e-13 4.90503e-14 -0.20259 6.23918e-14 6.00595e-14
1.28929 -6.99507e-13 -2.71527e-13 1.28933 -6.4862e-13 -2.81253e-13
-1.08669 5.73874e-13 2.22477e-13 -1.08682 5.91023e-13 2.20878e-13
-0.610774 3.8198e-13 2.66912e-13 -0.610328 1.98934e-13 2.00531e-13
1.75438 -1.00062e-12 -7.15584e-13 1.75365 -5.48959e-13 -5.19461e-13
-1.1436 6.18644e-13 4.48672e-13 -1.14342 4.21539e-13 3.86679e-13
-1.0714 -1.13736e-14 2.67716e-13 -1.07136 6.41302e-13 5.00983e-13
0.65926 5.19768e-13 -4.47677e-14 0.659678 -7.25894e-13 -3.98198e-13
0.412135 -5.08394e-13 -2.22948e-13 0.411654 1.0297e-13 -3.5883e-14
-1.50269 -1.57574e-13 2.47009e-13 -1.50293 4.6405e-13 4.40482e-13
1.51575 5.61326e-13 -1.40282e-13 1.51594 -7.4792e-13 -5.27503e-13
-0.0130593 -4.03752e-13 -1.06726e-13 -0.013061 3.26392e-13 8.44931e-14
1.19642 -5.86057e-14 -1.68139e-13 1.1966 -1.45013e-13 -1.7848e-13
-0.919417 8.63506e-15 9.28965e-14 -0.919861 6.34327e-14 1.717e-13
-0.277006 4.99706e-14 7.52421e-14 -0.276685 5.07908e-15 6.33166e-14
-1.11665 -3.01064e-13 5.31058e-14 -1.1168 2.71632e-13 1.67328e-13
1.31849 6.73473e-13 -3.13313e-15 1.31845 -5.2513e-13 -2.65491e-13
-0.20184 -3.7241e-13 -4.99727e-14 -0.201721 2.46056e-13 4.36797e-14
1.62119 7.42497e-14 -2.13784e-13 1.6218 -1.84333e-13 -1.89437e-13
-1.72459 -2.16891e-13 2.43668e-13 -1.72483 2.50033e-13 1.74098e-13
0.1034 1.42641e-13 -2.98841e-14 0.103123 -1.34398e-13 4.58584e-14
0.0541434 -2.37734e-13 -1.61536e-14 0.0539537 1.0532e-13 1.30457e-13
0.570812 2.72849e-13 -1.55994e-13 0.571028 -4.55458e-13 -2.23943e-13
-0.624955 -3.51144e-14 1.72148e-13 -0.62502 3.24339e-13 1.91217e-13
-1.13226 4.94211e-13 4.74565e-13 -1.1323 4.15604e-13 2.52563e-13
0.749905 -4.16656e-13 -5.16731e-13 0.750382 -2.16214e-13 -1.85532e-14
0.382352 -7.75547e-14 4.21653e-14 0.381885 -1.91757e-13 -2.27198e-13
-0.670077 1.69159e-13 3.43503e-13 -0.6699 5.85034e-13 -1.38109e-13
0.0660651 3.79297e-13 -5.15282e-13 0.0660904 -3.29301e-13 3.20918e-13
0.604012 -5.48456e-13 1.71779e-13 0.603807 -3.12131e-13 -2.46897e-13
0.993731 -6.30233e-13 -1.93071e-13 0.993867 -6.09193e-13 -7.73485e-14
-1.2139 7.90499e-13 2.82337e-13 -1.21398 6.98411e-13 7.04459e-14
0.220166 -1.60266e-13 -8.9266e-14 0.220186 -1.29162e-13 4.02726e-14
0.461694 6.25451e-14 -3.52325e-13 0.461199 -4.38071e-13 4.4431e-15
-1.62107 3.43865e-13 7.66829e-13 -1.62046 1.39846e-12 -1.17127e-13
1.15938 -4.0641e-13 -4.14505e-13 1.15934 -8.7544e-13 1.15896e-13
-0.338272 4.10739e-13 -1.89977e-13 -0.338167 9.30867e-14 1.80797e-13
-0.305894 -2.20343e-13 5.46495e-13 -0.305981 4.3189e-13 -3.07332e-13
0.644166 -1.90395e-13 -3.56518e-13 0.644165 -5.05744e-13 1.44921e-13
-0.0447323 3.70443e-13 -2.58943e-13 -0.0448153 -2.41698e-13 1.97779e-13
-0.0183428 -6.76465e-13 5.39883e-13 -0.0183516 3.87924e-13 -3.50917e-13
0.0630751 3.06022e-13 -2.8094e-13 0.0631682 -2.51385e-13 1.54208e-13
-0.112675 2.16719e-13 9.71574e-16 -0.112393 5.39341e-14 7.22847e-14
1.80173 -1.3536e-12 -3.83311e-13 1.80197 -8.72422e-13 -5.33082e-13
-1.68905 1.13688e-12 3.82339e-13 -1.68968 9.21014e-13 4.69019e-13
0.790241 -6.08739e-13 -9.22506e-14 0.790207 -2.84009e-13 -2.82577e-13
-0.244931 5.23534e-13 -2.01139e-13 -0.245173 -1.0988e-13 1.97962e-13
-0.54531 8.52042e-14 2.9339e-13 -0.545019 3.96193e-13 8.03362e-14
0.335007 -4.74747e-13 2.46299e-13 0.33453 5.92365e-14 -2.87073e-13
-1.62024 1.35737e-12 -1.63858e-13 -1.61973 3.56532e-13 8.94035e-13
1.28523 -8.82622e-13 -8.24405e-14 1.28528 -3.58516e-13 -6.20205e-13
-1.50473 -1.13206e-13 4.25798e-13 -1.50494 3.85873e-13 7.33184e-14
1.57817 4.67936e-13 -6.94122e-13 1.57817 -6.84077e-13 1.12482e-13
-0.0734379 -3.5473e-13 2.68323e-13 -0.0732915 2.3682e-13 -5.32343e-14
0.174824 -1.17933e-13 3.17017e-14 0.174805 2.44612e-14 -1.56523e-13
-1.03254 2.49446e-13 1.36838e-13 -1.03262 -1.37667e-13 3.99062e-13
0.857713 -1.31513e-13 -1.6854e-13 0.857874 1.30989e-15 -2.97573e-13
0.0057649 -1.06103e-13 9.02947e-14 0.00570469 4.00945e-14 -4.68747e-14
0.190324 1.99604e-13 -2.40883e-13 0.190399 -1.6111e-13 2.51011e-14
-0.196089 -9.35015e-14 1.50589e-13 -0.196117 9.12208e-14 5.77225e-14
0.247883 -9.4093e-14 -4.00601e-14 0.247453 -5.20423e-14 -3.70484e-14
-1.69929 3.99416e-13 3.46713e-13 -1.69883 2.00261e-13 4.09695e-13
1.45141 -3.05323e-13 -3.06653e-13 1.45145 -1.66237e-13 -3.45931e-13
-0.959615 8.56733e-14 2.68237e-13 -0.959441 3.40551e-13 5.88369e-14
1.61226 -7.20407e-14 -4.94587e-13 1.6116 -6.34424e-13 -1.75676e-13
-0.652641 -1.36326e-14 2.2635e-13 -0.65225 2.91072e-13 1.3866e-13
-0.339937 -4.28261e-14 2.01778e-13 -0.340019 2.02846e-13 -1.12162e-13
1.04979 -1.59831e-14 -4.73971e-13 1.04989 -5.19583e-13 -3.44313e-15
-0.709856 5.88092e-14 2.72193e-13 -0.709944 2.80475e-13 -5.40401e-16
-1.40337 7.08799e-13 1.79774e-13 -1.40352 4.80055e-13 2.24566e-13
1.40014 -8.41973e-13 -1.61818e-13 1.40032 -4.95348e-13 -2.93199e-13
0.00322643 1.33174e-13 -1.79559e-14 0.00314642 -1.57229e-13 -1.51262e-14
-0.731683 3.40555e-13 1.85605e-13 -0.731408 3.3951e-13 1.20412e-13
1.6541 -7.70805e-13 -4.10591e-13 1.65338 -8.18803e-13 -1.72651e-13
-0.922413 4.3025e-13 2.24985e-13 -0.922073 4.86824e-13 1.76047e-13
0.378609 8.02944e-14 -2.59935e-13 0.378278 -3.7364e-13 6.14431e-14
0.575297 -9.33764e-13 2.50045e-13 0.575669 4.77171e-15 -3.45498e-13
-0.953905 8.5347e-13 9.8895e-15 -0.953984 3.8134e-13 2.37103e-13
-1.16471 9.95889e-13 2.2248e-13 -1.16488 5.74656e-13 3.19729e-13
1.11136 -1.24641e-12 -1.25961e-13 1.11165 -3.46336e-13 -3.93811e-13
0.0533536 2.5052e-13 -9.65188e-14 0.0531753 -3.44791e-13 6.47812e-14
0.0707834 2.7903e-13 -1.19056e-13 0.0706689 -2.11893e-13 7.44804e-14
-1.41946 3.34986e-13 5.88119e-13 -1.4195 1.34329e-12 2.64626e-13
1.34867 -6.14016e-13 -4.69063e-13 1.3489 -1.09852e-12 -3.9721e-13
0.575869 6.34257e-14 -4.55046e-13 0.575283 -5.70185e-13 1.89535e-14
-1.70115 3.1e-13 1.03797e-12 -1.70039 1.71636e-12 1.54559e-13
1.12528 -3.73426e-13 -5.8292e-13 1.1252 -1.05158e-12 -2.27623e-13
-0.57354 -1.02058e-14 4.34921e-13 -0.573075 6.69039e-13 3.80873e-14
-0.387696 1.04439e-12 -4.10738e-13 -0.387974 -3.38318e-13 4.76615e-13
0.961236 -1.03419e-12 -2.41828e-14 0.961065 -3.82227e-13 -4.92406e-13
-0.60942 7.16746e-13 -1.85731e-13 -0.609448 -2.91869e-15 2.48157e-13
0.296843 -1.02732e-12 5.10668e-13 0.29696 4.15737e-13 -4.20236e-13
0.312577 3.10574e-13 -3.24938e-13 0.312471 -4.50212e-13 1.74504e-13
-0.0998727 -4.51059e-13 4.59499e-13 -0.0996629 3.19124e-13 -2.951e-13
-1.26386 1.12542e-12 -6.17627e-13 -1.26419 -3.87862e-13 7.31048e-13
1.36373 -6.74366e-13 1.58128e-13 1.36391 9.10709e-14 -5.61418e-13
0.528737 1.13078e-13 -3.3863e-13 0.528716 -9.29812e-14 -2.72715e-14
-0.561214 -2.26208e-13 5.3926e-13 -0.56128 1.25196e-13 -9.7085e-14
0.0324776 1.1313e-13 -2.0063e-13 0.0326025 -3.8295e-14 1.44908e-13
-0.42455 5.523e-14 -1.47521e-13 -0.424533 -2.18183e-13 2.57788e-13
0.0362256 -2.60716e-13 5.1028e-13 0.0362107 2.37691e-13 -3.24031e-13
0.388325 2.05486e-13 -3.62759e-13 0.388321 -1.096e-13 6.55837e-14
-0.197681 1.21676e-13 -2.55592e-13 -0.19738 -1.76399e-13 1.9123e-13
-0.960725 -5.90174e-13 8.05917e-13 -0.96114 -5.10661e-14 -1.80567e-13
1.15841 4.68498e-13 -5.50325e-13 1.15856 1.56533e-13 -3.14055e-14
1.00171 2.11124e-13 -2.34749e-13 1.00176 4.57168e-13 -5.45602e-14
-1.31082 -1.67355e-13 3.5982e-13 -1.31076 -6.60234e-13 1.12323e-13
0.309114 -4.37686e-14 -1.25072e-13 0.309075 1.77197e-13 8.58815e-14
-0.119218 -5.87267e-14 2.88391e-13 -0.119056 -3.3535e-14 -2.26884e-13
-0.960364 -3.68231e-13 -3.80115e-13 -0.960649 -3.27331e-13 5.11739e-13
1.07958 4.26957e-13 9.17236e-14 1.07975 4.17092e-13 -2.96456e-13
-0.349311 4.53687e-14 -2.16041e-13 -0.34941 -2.31526e-13 2.84623e-13
0.741685 -8.4473e-14 4.41832e-13 0.74175 5.80862e-13 -4.90413e-13
-0.392374 3.91043e-14 -2.25792e-13 -0.392388 -2.99317e-13 2.60438e-13
1.60317 8.73682e-13 -5.6467e-13 1.60368 5.96479e-13 -4.31941e-13
-1.72173 -1.10408e-12 7.1772e-13 -1.7219 -4.77116e-13 3.34572e-13
0.118561 2.30401e-13 -1.5305e-13 0.118318 -9.23589e-14 6.57639e-15
-0.280002 -4.18411e-14 -7.38275e-14 -0.279644 -1.30578e-13 1.80555e-13
1.64502 5.2044e-13 -1.21456e-13 1.64483 7.91652e-13 -6.15518e-13
-1.36502 -4.78599e-13 1.95284e-13 -1.36528 -6.15303e-13 4.11025e-13
0.324546 -2.49963e-13 -1.9609e-13 0.324068 3.31994e-13 2.45902e-15
-1.65437 5.6186e-14 6.13239e-13 -1.6539 -1.06121e-12 2.23281e-13
1.32982 1.93777e-13 -4.17149e-13 1.32991 7.82488e-13 -2.17297e-13
-0.21013 2.41138e-13 2.3731e-13 -0.2098 -3.20691e-13 -2.88624e-14
-1.07651 -1.02895e-12 -1.27382e-13 -1.07697 3.59214e-14 4.91172e-13
1.28664 7.8781e-13 -1.09927e-13 1.28682 2.36885e-13 -4.5292e-13
-1.40814 -7.33463e-13 8.08975e-14 -1.40836 -2.39429e-13 4.06943e-13
1.46996 1.109e-12 8.83764e-14 1.47003 2.22105e-14 -4.8581e-13
-0.0618165 -3.75533e-13 -1.69274e-13 -0.0617295 1.44974e-13 1.38849e-13
-1.17413 2.01021e-13 2.28027e-13 -1.17413 -3.93257e-13 9.03967e-14
1.6356 -5.4628e-13 -3.41271e-13 1.63501 7.08228e-13 -2.61604e-13
-0.461473 3.45259e-13 1.13244e-13 -0.460971 -2.96234e-13 8.56347e-14
-1.2283 -5.04929e-13 1.4417e-13 -1.22839 1.70057e-13 2.62199e-13
0.93869 8.94923e-13 -1.42971e-14 0.939229 -4.44554e-13 -2.87792e-13
0.289606 -3.89994e-13 -1.29873e-13 0.289128 2.15705e-13 -8.09175e-16
0.00194202 4.31841e-13 8.6055e-14 0.00202659 -2.7627e-13 -1.02148e-13
-1.40485 -8.00581e-13 1.66613e-13 -1.40512 5.39468e-13 4.27468e-13
1.40291 3.6874e-13 -2.52668e-13 1.40316 -3.02923e-13 -4.36173e-13
0.0513025 -3.17599e-13 4.11044e-15 0.0512624 2.29018e-13 1.97462e-14
-1.54226 8.8928e-13 3.5723e-13 -1.54232 -4.43902e-14 3.463e-13
1.49096 -5.71681e-13 -3.6134e-13 1.49112 -3.19915e-14 -3.75289e-13
-0.490855 3.37704e-13 2.90672e-13 -0.490496 1.41661e-13 -7.35777e-14
1.68773 -9.74672e-13 -7.40378e-13 1.68724 -5.00896e-13 -7.30931e-14
-1.19688 6.36967e-13 4.49705e-13 -1.19685 3.83204e-13 6.11801e-14
-0.841689 2.14873e-13 9.93032e-14 -0.841518 3.05687e-13 3.8992e-13
0.246978 -1.5479e-14 2.21383e-13 0.247185 -9.92704e-14 -2.57902e-13
0.59471 -1.99394e-13 -3.20686e-13 0.594321 -1.57037e-13 -5.18886e-14
-0.769771 1.45988e-13 2.86907e-13 -0.769479 2.18295e-13 3.04941e-13
1.6215 -3.06063e-13 -6.06366e-13 1.62077 -4.83476e-13 -4.00334e-13
-0.851733 1.60075e-13 3.19459e-13 -0.85139 2.20236e-13 1.79953e-13
0.594491 4.24157e-14 -4.1364e-14 0.594203 -2.3205e-13 -1.87231e-13
0.274385 -3.97943e-13 -3.36458e-13 0.274612 1.06589e-13 -2.19708e-15
-0.868877 3.55527e-13 3.77822e-13 -0.868832 1.03695e-13 1.40361e-13
0.281039 2.09729e-13 2.77768e-13 0.280763 -1.6521e-13 -2.38731e-13
-1.53636 -2.87733e-13 -3.13593e-13 -1.53616 4.5386e-13 7.17951e-13
1.25532 7.80031e-14 3.58256e-14 1.25548 -2.74231e-13 -4.29845e-13
1.55207 -3.06815e-13 -4.03445e-13 1.55255 -6.02292e-14 -1.33518e-13
-1.57507 4.65047e-13 5.49948e-13 -1.57539 -2.86556e-14 6.39258e-14
0.023003 -1.58232e-13 -1.46503e-13 0.0229365 5.67766e-14 8.36047e-14
0.67599 7.63245e-14 1.64327e-13 0.675412 -2.53652e-13 -2.87092e-13
-1.72021 -4.12822e-14 -2.10448e-13 -1.71936 6.09003e-13 6.88648e-13
1.04422 -3.50423e-14 4.61202e-14 1.04404 -3.34779e-13 -4.74652e-13
1.48769 -3.61704e-13 -2.61633e-13 1.48812 -3.9781e-13 -4.23663e-13
-1.59223 3.3787e-13 1.85879e-13 -1.59243 4.99306e-13 4.70373e-13
0.104533 2.38337e-14 7.57546e-14 0.104402 -8.91997e-14 -4.63009e-14
-0.857811 5.20594e-13 5.2437e-13 -0.857872 1.42733e-13 8.28036e-14
1.25079 -9.16782e-13 -9.48455e-13 1.25066 -1.44674e-13 -1.49904e-14
-0.392981 3.96189e-13 4.24085e-13 -0.392865 1.4011e-14 -2.61968e-14
-1.29511 1.55413e-13 -7.04903e-14 -1.29531 6.00955e-13 4.27487e-13
1.18251 1.39637e-13 3.83088e-13 1.1829 -6.95998e-13 -5.84387e-13
0.1126 -2.9505e-13 -3.12597e-13 0.112356 1.42662e-13 1.88641e-13
0.0767648 2.6298e-13 2.72219e-13 0.076739 -1.25576e-13 -1.63707e-13
-0.502364 -4.19975e-13 -4.87581e-13 -0.502436 4.30021e-13 4.12758e-13
0.425599 1.56995e-13 2.15362e-13 0.425728 -3.07249e-13 -1.9321e-13
-0.401235 2.76913e-13 2.84763e-13 -0.401267 -1.54558e-13 -1.88782e-13
1.19062 -6.31065e-13 -6.30409e-13 1.1906 8.16365e-14 1.35889e-13
-0.789386 3.54152e-13 3.45647e-13 -0.789406 -5.73583e-14 3.65271e-14
0.379807 -2.65391e-13 -3.29682e-13 0.379808 1.48378e-13 1.98726e-13
-0.981583 5.33182e-13 6.63741e-13 -0.981625 -2.06013e-13 -2.07014e-13
0.601776 -2.67791e-13 -3.34059e-13 0.601878 9.60154e-14 4.31002e-14
-0.948605 -1.67282e-15 4.01074e-14 -0.948726 1.44613e-13 2.57665e-13
0.693643 9.62464e-14 1.5179e-13 0.693989 -2.034e-13 -3.30594e-13
0.254962 -9.45735e-14 -1.91898e-13 0.254703 8.90213e-14 2.00994e-15
0.108981 -1.76101e-13 -1.18128e-13 0.108836 7.70446e-14 4.44158e-14
1.27887 2.27178e-13 -1.46879e-13 1.27938 -2.89254e-13 -4.65085e-13
-1.38786 -5.10777e-14 2.65007e-13 -1.38829 2.67031e-13 4.84648e-13
1.13388 -4.19946e-14 -2.24847e-13 1.13402 -3.27301e-13 -3.58833e-13
-0.755644 -2.35353e-13 -4.0107e-14 -0.756134 3.75898e-13 3.5887e-13
-0.378236 2.77348e-13 2.64954e-13 -0.377842 2.49391e-14 8.63121e-14
0.327839 -1.57288e-13 -2.33732e-13 0.327715 5.21502e-14 3.47103e-15
-1.23715 4.81428e-13 6.41213e-13 -1.23711 2.85117e-13 2.17415e-13
0.909309 -3.2414e-13 -4.07482e-13 0.909464 -2.64235e-13 -1.88701e-13
-0.222093 1.56165e-13 1.52761e-13 -0.222204 5.38068e-14 4.33247e-14
0.270424 -2.52869e-13 -2.69807e-13 0.270514 -1.9724e-14 5.93425e-14
-0.0483316 9.67045e-14 1.17046e-13 -0.0483276 -4.14222e-14 -4.94837e-14
0.482999 1.5225e-14 5.54649e-15 0.482342 6.38259e-15 -2.57856e-14
-1.7332 -2.68605e-14 -1.25875e-14 -1.73239 2.62247e-14 -2.71494e-14
1.2502 1.16354e-14 7.04104e-15 1.25014 -2.4954e-14 -2.09013e-14
0.348102 -1.91779e-14 1.10346e-14 0.347947 -5.29329e-14 2.84687e-15
-1.19313 6.69233e-14 -3.11914e-14 -1.193 7.1991e-14 -3.21787e-15
0.84503 -4.77454e-14 2.01569e-14 0.84512 -6.22869e-14 5.56524e-15
-0.65158 5.19478e-14 -1.94121e-14 -0.65153 8.90882e-14 -3.72575e-14
0.143988 1.77902e-14 -2.40624e-15 0.144113 -6.39302e-14 2.25746e-14
0.507592 -6.9738e-14 2.18183e-14 0.50741 -3.88056e-14 1.06984e-14
-0.383999 1.08622e-13 -3.67839e-14 -0.384174 6.73792e-14 -7.93031e-14
0.904554 -2.46666e-13 8.44651e-14 0.904629 -1.55713e-13 9.61809e-14
-0.520555 1.38044e-13 -4.76812e-14 -0.520514 7.44748e-15 -4.69504e-14
0.545879 -1.7441e-13 6.30217e-14 0.545538 -6.31926e-14 1.39597e-13
0.453558 -1.08712e-13 1.12661e-13 0.453819 -1.47129e-13 3.85688e-14
-0.999437 2.83122e-13 -1.75683e-13 -0.999385 2.6538e-13 -1.35329e-13
-1.17911 4.34111e-13 -3.15132e-13 -1.17931 4.65382e-13 -3.38805e-13
1.10559 -4.07756e-13 3.09452e-13 1.10589 -3.9917e-13 3.03785e-13
0.0735174 -2.63556e-14 5.68023e-15 0.0733706 -6.28948e-15 -9.0101e-15
0.545285 -2.11889e-13 2.39791e-13 0.545036 -3.24121e-13 3.09442e-13
0.194616 -2.22034e-13 8.94322e-14 0.19479 -5.48956e-14 1.09067e-13
-0.739901 4.33923e-13 -3.29223e-13 -0.739839 3.41675e-13 -3.643e-13
-0.888987 5.61626e-13 -6.05915e-13 -0.889034 5.69031e-13 -5.78561e-13
1.36714 -8.71963e-13 9.59666e-13 1.36691 -8.54216e-13 7.92733e-13
-0.47815 3.10337e-13 -3.5375e-13 -0.477953 2.05776e-13 -3.12518e-13
0.678538 -2.99265e-13 4.24077e-13 0.678328 -5.00097e-13 4.69102e-13
0.0172867 -2.52527e-13 2.78631e-14 0.0173149 1.23481e-13 1.56952e-14
-0.695824 5.51791e-13 -4.5194e-13 -0.695644 4.12107e-13 -4.40686e-13
-0.0655556 1.59232e-13 -7.3139e-14 -0.065509 -4.49079e-14 -1.61641e-13
1.51739 -1.15579e-12 1.02275e-12 1.51762 -7.85588e-13 9.25344e-13
-1.45183 9.96554e-13 -9.49615e-13 -1.4522 8.69067e-13 -9.18929e-13
0.658854 -3.61184e-13 3.34959e-13 0.658974 -3.68086e-13 4.01158e-13
-0.536884 2.91543e-13 -2.16397e-13 -0.537113 2.82776e-13 -3.63243e-13
-0.12197 6.96415e-14 -1.18563e-13 -0.121826 1.74714e-13 -2.97944e-14
-0.669858 5.36131e-13 -4.80647e-13 -0.669559 2.12187e-13 -3.30921e-13
-0.0407809 -3.48885e-13 2.0045e-13 -0.0408353 2.51326e-13 -1.31475e-13
0.710639 -1.87246e-13 2.80197e-13 0.710396 -5.4829e-13 4.47043e-13
0.567319 -4.65898e-13 3.47459e-13 0.567312 -2.01416e-13 1.95727e-13
-0.406501 5.80177e-13 -3.41211e-13 -0.406661 -1.55126e-14 -5.55953e-14
-0.160818 -1.1428e-13 -6.24782e-15 -0.160624 1.86879e-13 -1.25764e-13
-0.539099 -4.91794e-15 -7.3946e-14 -0.538877 4.09673e-13 -2.9812e-13
-0.200944 5.35968e-13 -2.52228e-13 -0.20109 -2.13998e-13 8.20417e-14
0.740043 -5.3105e-13 3.26174e-13 0.739977 -1.89182e-13 1.69552e-13
0.93321 -4.44909e-13 2.2523e-13 0.933366 -3.41691e-13 1.52193e-13
-1.03454 5.59782e-13 -2.67151e-13 -1.03476 3.56593e-13 -1.90633e-13
0.101333 -1.14872e-13 4.19208e-14 0.101461 4.29814e-15 1.55898e-14
-0.0821334 -2.65828e-13 1.05678e-13 -0.0819626 2.99344e-13 -8.32322e-14
-1.11464 9.7382e-13 -3.82172e-13 -1.11498 6.25414e-15 2.55184e-14
1.19677 -7.07992e-13 2.76494e-13 1.19699 -1.84203e-13 5.88017e-14
0.969071 -1.26011e-13 -1.14594e-13 0.9691 -2.53135e-13 -3.86313e-14
-0.546928 -3.35469e-14 1.558e-13 -0.547236 1.6464e-13 -6.21046e-14
-0.422142 1.59558e-13 -4.12062e-14 -0.42183 3.29915e-14 6.50161e-14
-0.224857 2.99069e-13 -1.07758e-13 -0.224852 -1.43836e-13 8.48109e-14
-0.255726 -4.93073e-13 2.9627e-13 -0.255794 3.74639e-13 -1.15377e-13
0.480583 1.94004e-13 -1.88512e-13 0.480662 -2.35425e-13 6.02657e-14
-0.303255 -2.50595e-13 2.05221e-13 -0.302844 2.71172e-13 -6.33243e-14
-0.742379 6.38017e-13 -1.90865e-13 -0.742885 -3.06654e-13 3.16696e-13
1.04563 -3.87422e-13 -1.43557e-14 1.04576 1.35307e-13 -1.73975e-13
0.43147 2.44133e-13 -2.3574e-13 0.431522 -1.47185e-13 -2.34251e-14
-0.673937 -4.82355e-13 4.01925e-13 -0.674069 3.40327e-13 1.38071e-13
0.242467 2.38222e-13 -1.66185e-13 0.242592 -1.47453e-13 -3.97881e-14
-0.408219 -1.24777e-14 3.53864e-13 -0.408233 1.50737e-13 1.2437e-13
0.0852924 1.75298e-13 -3.65631e-13 0.0853149 -1.50216e-13 1.57045e-13
0.322927 -1.62821e-13 1.17671e-14 0.322913 -4.0842e-14 -2.08549e-13
1.38067 -2.88447e-13 -6.15951e-13 1.38095 -5.61905e-13 -7.5557e-13
-1.63134 2.41453e-13 6.58436e-13 -1.63128 6.39305e-13 9.72548e-13
0.250672 4.69938e-14 -4.24849e-14 0.250426 -1.54264e-13 -1.88787e-13
-1.21782 3.7429e-13 8.61253e-13 -1.21798 4.68624e-13 4.89593e-13
0.985582 -2.40599e-13 -9.49607e-13 0.986026 -4.45174e-13 -3.18592e-13
0.232239 -1.33691e-13 8.83535e-14 0.231915 -7.42331e-14 -2.87731e-13
0.372255 -2.10946e-13 -3.44132e-13 0.372262 -1.05529e-13 -1.45486e-13
-0.481631 3.23205e-13 5.35027e-13 -0.481695 5.7927e-14 6.79337e-14
0.109376 -1.12259e-13 -1.90895e-13 0.109466 -2.74866e-14 6.69794e-15
0.868617 -4.69863e-13 -5.23317e-13 0.868666 -1.95579e-13 -3.61628e-13
-0.584175 5.459e-13 4.30667e-13 -0.584396 1.05173e-14 2.41168e-13
-0.284442 -7.60371e-14 9.26499e-14 -0.284232 2.55509e-13 2.45178e-13
1.13648 -4.85229e-13 -6.97416e-13 1.13638 -1.76608e-13 -4.82601e-13
-1.67784 7.80813e-13 1.08047e-12 -1.67726 2.81672e-13 6.82179e-13
0.541361 -2.95585e-13 -3.83054e-13 0.540982 -9.8173e-14 -2.40241e-13
0.289975 1.43579e-13 -6.99102e-14 0.289632 -2.19698e-13 -1.30323e-13
0.889174 -5.76892e-13 -5.43717e-13 0.889672 4.29214e-14 -3.90445e-13
-1.17915 4.33313e-13 6.13627e-13 -1.17936 1.68064e-13 5.09647e-13
-0.0899098 2.15314e-13 1.67797e-13 -0.0899235 -1.05431e-13 -3.52999e-14
1.17871 -5.72261e-13 -7.85248e-13 1.17882 6.29032e-14 -3.83495e-13
-1.0888 3.56947e-13 6.17452e-13 -1.08897 5.84697e-14 4.65325e-13
-0.375642 -1.49515e-13 1.04489e-14 -0.375689 1.60207e-13 3.67973e-13
-0.0296554 3.71984e-13 3.09478e-13 -0.0295629 -2.51103e-13 -2.24165e-13
0.405297 -2.22469e-13 -3.19927e-13 0.405253 9.03313e-14 -5.98241e-14
0.148834 -9.65009e-14 -1.59732e-14 0.148595 1.53288e-14 -8.71544e-14
0.75823 1.27067e-13 -3.91877e-13 0.758497 -1.46233e-13 -2.94088e-13
-0.907064 -3.05663e-14 4.0785e-13 -0.907141 1.42479e-13 3.71714e-13
-0.984201 1.47894e-13 -2.48981e-13 -0.984357 5.33907e-13 1.21361e-13
1.20159 1.25168e-14 4.68873e-13 1.20164 -7.07882e-13 -1.12464e-13
-0.217388 -1.6041e-13 -2.19892e-13 -0.217346 1.6314e-13 6.03549e-14
0.263318 -1.15678e-13 -7.27088e-14 0.263034 1.03893e-14 1.10632e-13
0.841417 -3.47498e-13 3.28195e-13 0.841882 -3.77472e-13 -2.80911e-14
-1.10474 4.63175e-13 -2.55486e-13 -1.10497 5.43533e-13 -5.69232e-14
0.858429 -3.98934e-13 1.90966e-13 0.858514 -5.0983e-13 3.57338e-13
-0.487818 1.33752e-13 4.18811e-14 -0.488155 3.15281e-13 -2.75043e-13
-0.370611 2.65182e-13 -2.32847e-13 -0.370327 2.31811e-13 -6.6554e-14
-1.46168 1.16142e-12 -6.72993e-13 -1.4619 6.95237e-13 -7.79724e-13
1.50524 -1.49092e-12 6.35982e-13 1.50532 -5.47275e-13 8.62232e-13
-0.0435595 3.29501e-13 3.70101e-14 -0.0434823 -1.58981e-13 -1.28449e-13
0.860112 -3.32195e-13 6.21381e-13 0.860246 -6.25602e-13 4.08209e-13
-1.07152 2.799e-13 -8.69946e-13 -1.07162 8.65036e-13 -4.03722e-13
0.211409 5.22951e-14 2.48566e-13 0.211447 -2.20795e-13 3.56987e-15
-0.526721 1.05562e-13 -4.20947e-13 -0.526592 4.40785e-13 -2.43244e-13
-0.00622233 4.20886e-13 1.87018e-13 -0.00625542 -2.91079e-13 -1.11149e-13
0.532943 -5.26448e-13 2.33929e-13 0.532847 -2.37055e-13 3.45106e-13
-0.0445092 1.04818e-13 7.78498e-14 -0.0444748 1.1242e-13 -1.30612e-13
1.46415 -1.01188e-12 7.06568e-13 1.46446 -7.48045e-13 1.10184e-12
-1.41964 9.07059e-13 -7.84417e-13 -1.42007 7.89254e-13 -9.5564e-13
-1.04981 6.86463e-13 -6.83656e-13 -1.04986 4.53337e-13 -6.87992e-13
0.749469 -6.94637e-13 5.13972e-13 0.749869 -2.2569e-13 4.70397e-13
0.300346 8.17422e-15 1.69684e-13 0.299961 -3.30949e-13 1.94801e-13
1.06919 -3.68165e-13 7.90603e-13 1.06929 -5.80685e-13 5.94388e-13
-0.807127 1.30553e-13 -7.6904e-13 -0.807425 4.75288e-13 -3.2411e-13
-0.26206 2.37611e-13 -2.15631e-14 -0.261814 7.08633e-14 -2.08611e-13
1.02715 -2.87691e-13 6.73718e-13 1.02737 -5.32663e-13 4.83783e-13
-1.06594 1.71285e-13 -8.04381e-13 -1.06624 5.58679e-13 -3.81383e-13
0.0387854 1.16405e-13 1.30664e-13 0.0389358 -1.60026e-14 -5.07298e-14
0.73077 -1.62204e-13 4.9772e-13 0.730781 -3.51822e-13 3.35679e-13
-0.476589 -6.58376e-14 -4.96362e-13 -0.47679 3.10596e-13 -1.1384e-13
-0.254181 2.28041e-13 -1.35849e-15 -0.25396 1.04076e-13 -2.68729e-13
0.242533 -2.23669e-14 2.75065e-13 0.24236 -6.39996e-14 -2.81869e-14
0.337591 -1.9055e-13 -2.24394e-13 0.337739 -6.77178e-14 3.43831e-13
-0.580124 2.12917e-13 -5.06703e-14 -0.580121 1.82324e-13 -2.99333e-13
-0.000248522 -9.88111e-15 1.44869e-13 -0.000174926 3.38121e-14 -1.20175e-13
-1.26941 2.1389e-13 -6.51538e-13 -1.26967 1.53177e-13 -1.30683e-13
1.26966 -2.04009e-13 5.06669e-13 1.2699 -1.82785e-13 3.16663e-13
0.571604 3.01239e-14 3.15045e-13 0.571277 -1.1605e-13 3.7226e-14
0.245774 -2.33844e-13 -2.94244e-13 0.245954 8.95211e-14 3.01968e-13
-0.817378 2.0372e-13 -2.08007e-14 -0.817247 7.17274e-14 -3.16574e-13
0.00495483 7.5437e-14 2.09114e-13 0.00478841 -9.37675e-14 -5.71392e-14
0.415661 -1.97969e-13 -3.52031e-13 0.41579 3.08243e-14 3.37135e-13
-0.420615 1.22532e-13 1.42917e-13 -0.420607 -1.48861e-14 -2.05941e-13
0.0490271 6.97976e-14 2.71741e-13 0.0490587 -7.79251e-14 -1.15729e-13
-0.801029 -2.42935e-14 -5.79344e-13 -0.80118 2.25748e-13 2.21888e-13
0.752002 -4.55041e-14 3.07603e-13 0.752168 -1.21114e-13 -9.89424e-14
-0.225439 1.55854e-13 2.47696e-13 -0.225555 -4.7267e-15 -1.34904e-13
0.489947 -3.24173e-13 -5.02955e-13 0.490022 -3.18511e-14 3.87899e-13
-0.264508 1.6832e-13 2.55259e-13 -0.2645 -4.36188e-14 -1.97823e-13
0.53601 1.1995e-14 3.26711e-13 0.536086 -1.59065e-13 -1.19013e-13
-0.782622 -9.21865e-14 -6.09443e-13 -0.782727 3.93582e-13 2.45727e-13
0.246612 8.01915e-14 2.82732e-13 0.246694 -1.36955e-13 -1.69457e-13
-0.288267 3.70658e-14 -3.36445e-13 -0.288037 2.30796e-13 9.77223e-14
-0.593051 3.45673e-13 3.96921e-13 -0.593304 1.00477e-13 -4.85725e-13
0.881318 -3.82739e-13 -6.04759e-14 0.88137 -2.84505e-13 3.91223e-13
0.661159 -3.1051e-13 9.01071e-14 0.661096 -1.93871e-13 2.88446e-13
-0.104988 1.77437e-13 1.41136e-13 -0.10505 -2.70606e-14 -1.70463e-14
-0.55617 1.33073e-13 -2.31243e-13 -0.556039 2.38851e-13 -1.19255e-13
0.333123 1.87744e-15 2.0969e-13 0.332829 -8.40983e-14 -4.76612e-14
0.690872 -4.9799e-13 -3.04248e-14 0.691286 -1.42855e-13 3.58208e-13
-1.02399 4.96113e-13 -1.79266e-13 -1.02416 3.09261e-13 -3.81323e-13
0.81192 -1.81167e-13 2.44636e-13 0.811931 -1.62689e-13 2.33546e-13
-0.409795 5.99164e-14 -5.02189e-14 -0.41008 1.23973e-13 -1.70447e-13
-0.402125 1.2125e-13 -1.94417e-13 -0.401825 9.11849e-14 -1.44346e-13
-0.656984 -1.00582e-13 -4.77838e-13 -0.657116 1.43784e-13 1.1828e-13
0.960397 2.51115e-13 8.83599e-13 0.960482 -2.83411e-13 -1.06621e-13
-0.303413 -1.50533e-13 -4.05761e-13 -0.303425 1.68684e-13 7.61602e-14
-0.991627 3.45846e-13 3.33041e-13 -0.991712 -9.6898e-14 -3.29441e-13
0.622906 -5.67948e-13 -7.81388e-13 0.623358 2.3884e-13 6.42952e-13
0.368721 2.22102e-13 4.48347e-13 0.368325 -1.56481e-13 -2.71868e-13
0.196689 1.6317e-13 1.81079e-13 0.196447 -2.24345e-13 -1.62168e-13
0.660982 -4.89275e-13 -3.36857e-13 0.661246 1.09361e-13 2.6304e-13
-0.85767 3.26105e-13 1.55779e-13 -0.857737 6.64629e-14 -1.66438e-13
0.682139 1.59487e-14 2.87484e-13 0.682191 -3.11349e-13 -1.55042e-13
-0.564551 -2.46722e-13 -5.72015e-13 -0.564762 3.63283e-13 3.45543e-13
-0.117588 2.30773e-13 2.84532e-13 -0.117392 -5.49057e-14 -1.7937e-13
1.24717 -3.4614e-13 -8.34168e-14 1.24739 -4.28171e-13 -4.41249e-14
-1.37643 3.19275e-13 1.17054e-13 -1.37652 5.43663e-13 -1.83961e-14
0.12926 2.68652e-14 -3.36371e-14 0.129209 -1.327e-13 -2.23713e-14
1.05308 -1.4882e-13 2.74548e-13 1.05326 -4.63406e-13 -2.6597e-13
-1.21885 -9.20152e-15 -5.82868e-13 -1.21899 6.87733e-13 4.23251e-13
0.16577 1.58022e-13 3.0832e-13 0.165806 -2.24021e-13 -1.89879e-13
-0.590154 1.22892e-13 -2.02483e-13 -0.590258 3.61221e-13 3.84969e-13
0.517117 3.69798e-14 6.08329e-13 0.517242 -3.81553e-13 -6.42839e-13
0.0730369 -1.59872e-13 -4.05846e-13 0.072986 2.80822e-14 2.30393e-13
0.37322 -4.56621e-13 -2.85839e-13 0.373221 -6.52194e-14 -1.12677e-13
-0.177267 5.64759e-13 2.5607e-13 -0.177353 -1.67972e-13 -1.86242e-15
-0.195953 -1.08139e-13 2.97685e-14 -0.195856 2.63671e-13 1.09804e-13
-0.307478 -6.39944e-14 1.11393e-13 -0.30765 3.98608e-13 2.99868e-13
0.536021 1.88233e-13 -1.72546e-13 0.536231 -6.61543e-13 -4.28226e-13
-0.228542 -1.24239e-13 6.11524e-14 -0.228616 2.69009e-13 1.64115e-13
0.256228 -4.39372e-15 -2.65432e-13 0.256155 -2.11744e-13 -7.91192e-14
-1.04474 3.42462e-13 8.32157e-13 -1.04479 7.8528e-13 4.37601e-13
0.788512 -3.38069e-13 -5.66725e-13 0.788697 -5.68689e-13 -3.43025e-13
-0.00377806 2.69195e-13 -1.61916e-14 -0.0036816 -1.64978e-13 1.1931e-14
-1.20317 1.25872e-13 6.58772e-13 -1.20344 9.13699e-13 5.58589e-13
1.20695 -3.95066e-13 -6.4258e-13 1.20718 -7.66494e-13 -6.67754e-13
0.317038 1.78598e-13 7.47854e-14 0.317001 -3.31798e-13 -2.7661e-13
-0.218273 -5.56697e-13 -3.47633e-13 -0.218366 4.82156e-13 2.99062e-13
-0.0987651 3.78098e-13 2.72848e-13 -0.0986211 -1.53377e-13 -4.12409e-14
-0.598823 6.46897e-13 4.61075e-13 -0.598938 7.31654e-14 5.19757e-14
0.386262 -9.59397e-13 -6.07605e-13 0.386498 3.07028e-13 9.00861e-14
0.212561 3.125e-13 1.46531e-13 0.212417 -3.67263e-13 -2.29449e-13
-0.287588 5.05453e-13 3.57786e-13 -0.287653 -1.18395e-13 -8.3448e-14
0.259788 -8.92657e-13 -6.10348e-13 0.259822 3.35963e-13 2.18895e-13
0.0277998 3.87204e-13 2.52562e-13 0.0278148 -2.41763e-13 -1.63508e-13
0.00384418 4.47728e-13 2.28395e-13 0.00389926 -2.62235e-13 -1.50183e-13
-1.4028 -4.95118e-13 -2.56496e-13 -1.40299 8.72859e-13 4.36426e-13
1.39896 4.73904e-14 2.81007e-14 1.39915 -6.02683e-13 -3.04581e-13
-0.361807 -2.39189e-13 -3.87852e-13 -0.361524 1.55339e-13 -2.41443e-14
-0.411414 4.86063e-13 3.72779e-13 -0.411718 -3.0755e-13 -4.86202e-13
0.773221 -2.46874e-13 1.50736e-14 0.773262 1.44777e-13 4.8181e-13
-0.0658988 1.35199e-14 -1.99115e-13 -0.0659969 -1.05092e-14 7.12391e-14
-0.0477299 -2.16505e-14 3.14711e-13 -0.0476504 2.55854e-15 -2.26653e-13
0.113629 8.13062e-15 -1.15596e-13 0.11365 -4.81567e-14 1.39874e-13
-0.480798 3.58298e-13 -7.26473e-14 -0.480696 -2.38697e-13 -3.59504e-13
1.29696 -7.68119e-13 2.9766e-13 1.29676 3.47059e-13 8.9759e-13
-0.816159 4.09821e-13 -2.25013e-13 -0.816149 -1.58208e-13 -5.92944e-13
0.269563 1.53911e-13 2.10154e-14 0.269543 -2.1324e-13 2.22047e-13
-0.123799 -3.4346e-13 1.99441e-13 -0.123866 2.11715e-13 -1.98157e-13
-0.145764 1.8955e-13 -2.20456e-13 -0.145669 -8.46732e-14 3.93704e-15
-0.892144 7.614e-14 -4.3127e-13 -0.892299 2.56536e-13 -6.70294e-13
1.00584 4.33241e-15 3.30301e-13 1.00591 -3.14987e-13 8.63525e-13
-0.113695 -8.04724e-14 1.00969e-13 -0.113671 2.58586e-14 -2.17487e-13
-0.877534 8.02379e-14 -8.43463e-13 -0.877756 2.95344e-13 -3.91065e-13
0.986769 3.40265e-14 1.17783e-12 0.986965 -4.3293e-13 3.73764e-13
-0.109234 -1.14264e-13 -3.34371e-13 -0.109264 9.5534e-14 6.46849e-14
0.487847 1.59885e-13 4.92535e-13 0.487851 -2.78104e-13 2.60947e-13
-0.292621 -5.03654e-13 -5.0043e-13 -0.292733 3.78604e-13 -2.50563e-14
-0.195226 3.43768e-13 7.89454e-15 -0.195099 -8.85051e-14 -2.36238e-13
-1.20363 8.00478e-13 -1.0223e-12 -1.20381 2.66773e-13 -6.3206e-13
1.12164 -1.10162e-12 1.2398e-12 1.12191 -2.14912e-14 4.09579e-13
0.0819927 3.01143e-13 -2.17504e-13 0.08185 -2.08213e-13 1.60507e-13
-1.04815 9.31243e-13 -8.04153e-13 -1.04828 2.3833e-13 -3.57214e-13
0.908476 -1.31133e-12 1.01579e-12 0.908756 1.16942e-13 8.37497e-14
0.139677 3.80086e-13 -2.11637e-13 0.139483 -3.08088e-13 2.8571e-13
-0.0997071 -4.49525e-13 1.88446e-13 -0.0995231 4.22223e-13 -1.89886e-13
-1.16104 1.63841e-12 -8.24554e-13 -1.16139 -2.14459e-14 -8.81921e-14
1.26075 -1.18889e-12 6.36109e-13 1.26096 -4.35956e-13 2.8526e-13
1.19305 -6.64552e-13 2.34997e-13 1.19324 -7.49609e-13 3.63239e-14
-0.95092 4.33952e-13 -3.94328e-13 -0.951325 6.74689e-13 1.24825e-13
-0.242132 2.306e-13 1.59332e-13 -0.241852 7.69034e-14 -1.05021e-13
0.359452 -5.26354e-13 -9.01712e-14 0.359201 -1.48809e-14 5.04514e-14
0.590994 2.47533e-13 1.81462e-13 0.591272 -6.81201e-13 -6.33044e-14
-0.950446 2.78821e-13 -9.12905e-14 -0.95051 8.6537e-13 4.96919e-14
1.23305 -6.16621e-13 -6.47202e-13 1.23337 -6.63166e-13 -2.91413e-13
-1.02557 4.80303e-13 7.62633e-13 -1.02612 6.04068e-13 1.64109e-13
-0.207487 1.36318e-13 -1.15432e-13 -0.207187 5.42815e-14 2.66026e-13
-0.0184636 -5.60755e-15 9.66724e-15 -0.0183882 7.48418e-14 -7.74878e-14
-0.670349 1.14497e-14 -1.92354e-14 -0.670511 6.89922e-15 2.8916e-15
0.688813 -5.84212e-15 9.56818e-15 0.688938 -6.20762e-15 -2.10422e-14
0.0924287 1.25173e-14 4.47983e-14 0.0922805 -7.12355e-14 -4.97879e-15
0.311936 -1.38811e-13 3.94546e-14 0.312032 -7.18307e-14 1.10771e-13
-0.404364 1.26293e-13 -8.42529e-14 -0.404334 1.32182e-13 -1.7046e-13
-1.12828 3.39343e-13 -4.62351e-13 -1.12833 3.73923e-13 -3.50938e-13
0.786324 -2.05657e-13 4.19396e-13 0.786753 -2.85441e-13 1.90999e-13
0.341952 -1.33686e-13 4.29543e-14 0.341547 -1.11604e-13 1.86492e-13
0.297753 -1.26629e-13 6.73673e-14 0.297714 -1.0563e-13 1.71157e-13
-0.91533 3.85131e-13 -2.71848e-13 -0.915411 3.39779e-13 -4.41931e-13
0.617577 -2.58503e-13 2.0448e-13 0.617754 -3.03094e-13 2.89802e-13
0.0967997 -4.638e-15 4.06768e-14 0.0966338 -8.28845e-14 8.48883e-15
0.493798 -2.99638e-13 2.19944e-13 0.493982 -2.10234e-13 2.19696e-13
-0.590597 3.04276e-13 -2.60621e-13 -0.590649 2.66177e-13 -2.62536e-13
0.165232 -5.18624e-14 9.19412e-14 0.165172 -5.53338e-14 1.27528e-15
-1.08721 4.834e-13 -5.37905e-13 -1.08729 5.89015e-13 -4.56173e-13
0.921975 -4.31537e-13 4.45963e-13 0.922175 -4.55635e-13 4.12792e-13
-0.094108 1.11601e-13 6.31072e-15 -0.0941371 7.4744e-14 -5.86086e-14
1.21986 -8.89586e-13 5.4691e-13 1.21996 -7.26183e-13 7.46839e-13
-1.12575 7.77986e-13 -5.5322e-13 -1.1259 6.59676e-13 -6.14959e-13
-0.540738 3.88115e-13 -3.01534e-13 -0.540916 3.47921e-13 -3.25314e-13
0.768362 -5.7053e-13 4.28798e-13 0.768552 -5.18045e-13 4.57059e-13
-0.227624 1.82415e-13 -1.27265e-13 -0.227683 7.61559e-14 -4.67409e-14
-0.729263 4.78965e-13 -4.17403e-13 -0.729042 5.44087e-13 -3.54493e-13
0.0644612 -6.2205e-14 6.47641e-14 0.0644535 -7.43544e-14 5.21805e-14
0.664802 -4.1676e-13 3.52639e-13 0.664585 -4.58737e-13 4.82468e-13
-0.467287 3.27747e-13 -1.79614e-13 -0.466697 3.98536e-13 -3.10495e-13
1.82864 -1.19768e-12 8.28999e-13 1.82796 -1.04809e-12 1.12951e-12
-1.36135 8.69933e-13 -6.49385e-13 -1.36137 8.10437e-13 -8.38647e-13
1.48811 -5.89742e-13 8.39234e-13 1.48851 -7.1772e-13 6.57021e-13
-1.50707 5.37846e-13 -9.50751e-13 -1.50742 7.02453e-13 -5.90414e-13
0.0189611 5.18966e-14 1.11517e-13 0.0189913 -7.38811e-14 -2.9108e-14
0.992319 -4.22492e-13 3.21711e-13 0.992504 -3.30605e-13 5.72461e-13
-0.83873 3.99942e-13 -1.20144e-13 -0.839068 2.4482e-13 -5.22451e-13
-0.153588 2.25501e-14 -2.01567e-13 -0.153381 9.03393e-14 2.59946e-14
0.109126 -7.4422e-14 -8.26117e-14 0.108993 -4.71247e-15 1.78317e-13
1.31525 -3.78052e-13 8.83715e-13 1.31572 -5.51918e-13 4.73329e-13
-1.42437 4.52474e-13 -8.01103e-13 -1.42479 5.66702e-13 -6.26616e-13
0.730092 -2.20177e-13 2.26406e-13 0.730175 -1.35461e-13 3.87891e-13
-0.577366 1.82341e-13 -5.149e-14 -0.577578 1.38426e-13 -4.12733e-13
-0.152725 3.78361e-14 -1.74916e-13 -0.152559 6.98798e-14 1.09577e-14
0.375962 -3.38958e-14 3.02429e-13 0.37581 -1.45366e-13 9.15716e-14
0.0540912 -1.27777e-13 -2.33919e-13 0.0541511 6.36726e-14 1.66172e-13
-0.430053 1.61672e-13 -6.85105e-14 -0.429965 7.04547e-14 -3.16098e-13
-0.661789 3.81483e-14 -2.71659e-13 -0.661603 -6.10029e-14 -4.43687e-13
0.0470668 -1.31006e-13 -1.27728e-13 0.0471026 1.17942e-13 1.43949e-13
0.614722 9.28578e-14 3.99388e-13 0.614498 -9.0949e-14 2.61408e-13
-1.23002 -1.27051e-14 -5.30795e-13 -1.23015 -1.68794e-13 -6.95873e-13
0.963326 -1.08083e-13 2.56915e-13 0.963838 2.42771e-13 7.11015e-13
0.266695 1.20788e-13 2.7388e-13 0.266272 -9.04683e-14 6.06397e-14
-0.884787 -6.64929e-14 -4.74107e-13 -0.884361 -1.34637e-13 -4.998e-13
1.80702 1.28622e-13 9.68622e-13 1.80596 3.74036e-13 1.0339e-12
-0.922228 -6.21292e-14 -4.94515e-13 -0.921705 -1.53841e-13 -4.8837e-13
-0.141773 -1.80549e-14 -1.96192e-13 -0.141573 -5.14027e-14 -2.51723e-14
1.66704 3.4521e-13 1.14557e-12 1.66714 4.22233e-13 7.38477e-13
-1.52527 -3.27155e-13 -9.49376e-13 -1.52566 -3.38343e-13 -8.65066e-13
-1.29122 -3.01951e-13 -3.90777e-13 -1.29139 -4.77581e-13 -8.63072e-13
1.39661 2.34844e-13 1.89447e-13 1.39664 5.38004e-13 9.82484e-13
-0.105382 6.71065e-14 2.01331e-13 -0.105311 -8.45221e-14 -2.00545e-13
-1.32113 -3.85895e-13 -9.40909e-13 -1.32108 -2.50796e-13 -2.55431e-13
1.73348 5.86414e-13 1.53312e-12 1.73278 2.84198e-13 2.92152e-13
-0.412358 -2.00519e-13 -5.92216e-13 -0.411784 2.42852e-14 8.09099e-14
-1.57588 -3.39055e-13 -1.03644e-12 -1.57608 -1.65372e-13 -2.58603e-13
1.68812 4.75648e-13 1.51272e-12 1.68804 1.32172e-13 2.09251e-13
-0.112244 -1.36593e-13 -4.76282e-13 -0.112024 -1.94581e-14 2.04746e-13
-0.53484 -2.62732e-14 5.34237e-14 -0.534315 -1.5927e-15 -5.03566e-13
1.78232 1.06035e-13 1.30982e-13 1.78164 1.61376e-13 1.04308e-12
-1.24748 -7.97621e-14 -1.84406e-13 -1.24743 -1.06822e-13 -5.97896e-13
0.19055 4.31012e-14 3.9724e-13 0.190578 1.66385e-14 -1.74678e-13
-0.599555 -8.60877e-14 -8.41312e-13 -0.599705 1.19066e-14 2.57408e-13
0.409005 4.29865e-14 4.44072e-13 0.409166 -6.85272e-15 -8.77533e-14
-0.323512 4.53542e-14 -2.48994e-13 -0.323055 1.00199e-14 7.65842e-15
1.78845 -1.35378e-13 7.44219e-13 1.78808 -1.79756e-14 1.30179e-13
-1.46494 9.00234e-14 -4.95225e-13 -1.46513 1.13027e-13 -2.08558e-13
-0.338082 1.59548e-15 -4.70491e-13 -0.337663 1.10622e-13 2.92539e-13
-0.724511 2.20934e-13 7.94426e-13 -0.72502 7.67314e-14 -6.42795e-13
1.06259 -2.2253e-13 -3.23934e-13 1.06272 -1.42947e-13 3.84254e-13
0.894423 -5.90663e-14 4.37377e-13 0.893755 -2.33403e-13 -1.24973e-13
-1.83431 1.45008e-13 -8.26626e-13 -1.83312 4.94178e-13 2.918e-13
0.939888 -8.59415e-14 3.89249e-13 0.939474 -2.62033e-13 -1.63206e-13
0.112532 -4.0016e-14 4.27616e-13 0.112274 1.15084e-14 -2.12889e-13
-1.68815 5.79388e-13 -8.89011e-13 -1.688 5.46567e-13 4.52964e-13
1.57562 -5.39372e-13 4.61396e-13 1.5758 -5.07789e-13 -2.18729e-13
-1.07363 3.46571e-13 1.47388e-13 -1.07353 4.53083e-13 -3.36131e-13
1.61563 -4.78712e-13 -3.65369e-13 1.61493 -7.3225e-13 4.50433e-13
-0.541996 1.3214e-13 2.17982e-13 -0.541487 3.505e-13 -2.16015e-13
-1.33835 6.14994e-13 1.28448e-13 -1.3383 6.01423e-13 -3.67464e-13
1.79675 -8.17604e-13 -4.36769e-13 1.79596 -8.82223e-13 7.295e-13
-0.458396 2.02609e-13 3.08321e-13 -0.457742 2.30106e-13 -3.38434e-13
-0.33841 1.99328e-13 -4.12151e-13 -0.338521 1.81095e-13 1.47484e-13
0.619057 -3.69211e-13 8.26975e-13 0.619164 -3.28191e-13 -2.1531e-13
-0.280647 1.69884e-13 -4.14823e-13 -0.280684 1.51526e-13 1.72817e-13
-0.0653694 -2.32229e-14 -2.19962e-13 -0.0652162 9.70373e-14 1.25928e-13
1.67793 -8.17822e-13 9.5476e-13 1.67824 -1.05749e-12 3.3596e-13
-1.61256 8.41045e-13 -7.34798e-13 -1.61312 9.99603e-13 -3.59138e-13
0.404497 -3.69379e-13 1.09815e-14 0.404393 -1.7621e-13 2.39413e-13
0.125483 1.73477e-13 3.62318e-13 0.125463 -2.49828e-13 -4.61537e-14
-0.529981 1.95902e-13 -3.733e-13 -0.529864 4.28576e-13 -1.64925e-13
0.326216 -3.81673e-13 8.82383e-14 0.325951 -8.48034e-14 1.67143e-13
-1.4419 1.22958e-12 -5.74569e-13 -1.44166 6.26673e-13 -7.75633e-13
1.11569 -8.47902e-13 4.8633e-13 1.11578 -5.2601e-13 5.98658e-13
-0.0552261 2.68531e-13 1.19238e-13 -0.0553252 -1.56919e-13 -1.87924e-13
0.177066 -5.78347e-13 -2.00687e-13 0.17708 1.6887e-13 2.96623e-13
-0.12184 3.09816e-13 8.14488e-14 -0.121767 -6.79986e-14 -1.97302e-13
0.132174 -3.17423e-14 2.56915e-13 0.131962 -1.59907e-13 -1.21374e-13
0.901187 -5.73468e-13 1.97891e-13 0.901505 -4.62769e-13 7.61206e-13
-1.03336 6.05211e-13 -4.54806e-13 -1.03352 5.27956e-13 -7.64118e-13
-1.09693 3.62999e-13 -6.87528e-13 -1.09702 5.9693e-13 -7.6065e-13
1.48923 -3.63724e-13 9.22972e-13 1.4889 -9.36485e-13 9.95272e-13
-0.3923 7.24972e-16 -2.35444e-13 -0.391958 2.4661e-13 -2.5129e-13
0.480817 -3.33157e-13 5.85115e-14 0.48052 -1.24666e-13 3.15151e-13
0.484017 2.8313e-14 7.59958e-13 0.484257 -3.84933e-13 5.8059e-14
-0.964834 3.04844e-13 -8.18469e-13 -0.964807 5.36598e-13 -4.74767e-13
-0.949105 7.21187e-13 -1.97981e-13 -0.949297 1.09882e-13 -5.90546e-13
0.770819 -1.02241e-12 -1.53463e-13 0.771218 1.43875e-13 7.16081e-13
0.178286 3.01227e-13 3.51444e-13 0.17804 -3.22026e-13 -9.36622e-14
1.03677 -5.1286e-13 1.15676e-13 1.03688 -2.41094e-13 5.5839e-13
-1.19651 7.04711e-13 9.37937e-14 -1.19659 2.11956e-13 -7.4255e-13
0.159734 -1.91851e-13 -2.09469e-13 0.159782 1.90339e-14 2.97473e-13
0.0543744 -2.68344e-13 -8.19637e-14 0.0543212 1.85989e-13 -8.59519e-15
0.079473 4.86406e-13 2.2707e-13 0.0794073 -3.60975e-13 -9.30305e-14
-0.133847 -2.18062e-13 -1.45106e-13 -0.133734 1.45951e-13 4.41281e-15
-1.59651 -1.3186e-13 -5.36159e-13 -1.59668 3.49221e-13 9.4743e-14
1.72651 4.3752e-13 9.29222e-13 1.72634 -5.47877e-13 -2.50746e-13
-0.129997 -3.0566e-13 -3.93063e-13 -0.129725 2.01537e-13 1.59465e-13
-0.600348 3.46541e-13 1.73217e-13 -0.600453 -1.80083e-13 -1.52277e-13
0.700265 -6.77683e-13 -4.0718e-13 0.700393 3.27782e-13 3.71935e-13
-0.0999171 3.31142e-13 2.33963e-13 -0.0999831 -1.95157e-13 -1.83938e-13
-1.05048 -6.55269e-14 -3.95588e-13 -1.05022 1.11695e-13 2.54875e-13
1.7649 1.64626e-13 8.35391e-13 1.76395 -2.27639e-13 -4.50592e-13
-0.714427 -9.90993e-14 -4.39803e-13 -0.71383 1.82375e-13 2.06416e-13
-1.18294 -4.64017e-14 -2.49014e-13 -1.18284 2.93679e-13 3.64542e-13
1.69955 2.00663e-13 6.19756e-13 1.69879 -4.50831e-13 -6.81821e-13
-0.516613 -1.54261e-13 -3.70741e-13 -0.516032 2.20527e-13 2.8391e-13
-1.05574 2.74641e-13 7.96712e-14 -1.0554 4.63677e-13 7.27383e-13
1.82155 -4.32708e-13 2.94448e-15 1.82043 -8.04957e-13 -1.15673e-12
-0.765815 1.58067e-13 -8.26157e-14 -0.765131 3.51953e-13 4.77057e-13
-0.175117 3.80514e-13 2.01322e-13 -0.175184 -1.27112e-14 1.27329e-13
1.11408 -1.22122e-12 -8.80055e-13 1.1142 -3.01869e-13 -5.99305e-13
-0.938966 8.40709e-13 6.78733e-13 -0.939091 3.67269e-13 5.15338e-13
0.544313 2.16278e-14 -2.33124e-13 0.54435 -5.48584e-13 -3.71566e-13
-0.759595 -2.17988e-13 2.79599e-13 -0.759759 7.67254e-13 5.14427e-13
0.215282 1.9636e-13 -4.64752e-14 0.215459 -2.73686e-13 -1.5272e-13
0.940234 -6.66338e-13 -2.27081e-13 0.940226 -5.0174e-13 -5.65819e-13
-1.35535 1.00122e-12 2.1761e-13 -1.35517 7.42059e-13 9.21891e-13
0.415111 -3.34881e-13 9.47178e-15 0.415032 -1.9321e-13 -3.00013e-13
-1.23639 1.12381e-12 4.83308e-13 -1.23655 4.61856e-13 4.56198e-13
0.965112 -1.39766e-12 -4.03952e-13 0.965631 -4.20516e-15 -3.3842e-13
0.271276 2.73847e-13 -7.93568e-14 0.270881 -4.22994e-13 -1.15108e-13
1.3449 -5.86167e-13 -5.61198e-13 1.34507 -8.26962e-13 -2.82915e-13
-1.70305 6.49181e-13 8.17469e-13 -1.70276 1.10575e-12 2.88125e-13
0.35815 -6.30134e-14 -2.56272e-13 0.357798 -2.45141e-13 5.94154e-15
1.62272 -6.98852e-13 2.31826e-14 1.62334 -8.69831e-13 -3.02498e-13
-1.6767 6.37694e-13 -2.25549e-13 -1.67708 8.66051e-13 4.69274e-13
0.0539858 6.11578e-14 2.02367e-13 0.0538303 -7.65778e-14 -1.20988e-13
-0.761285 7.75831e-13 2.1172e-13 -0.76144 1.90665e-14 -1.17593e-13
0.677682 -1.19014e-12 -4.09219e-13 0.677883 2.50543e-13 2.33729e-13
0.083603 4.14313e-13 1.97499e-13 0.083519 -3.03298e-13 -1.92459e-13
-0.649728 7.21313e-13 3.1186e-14 -0.649542 -1.10561e-14 -1.58604e-13
0.0238695 -9.22808e-13 -2.67504e-13 0.023883 5.79641e-13 2.1988e-13
0.625859 2.01495e-13 2.36318e-13 0.625657 -6.33281e-13 -5.93342e-14
0.35527 1.9811e-13 3.64344e-13 0.35534 -3.0525e-13 4.37841e-14
-0.6926 -3.85145e-13 -7.09587e-13 -0.692746 6.11627e-13 -1.93693e-14
0.33733 1.87035e-13 3.45243e-13 0.337451 -2.74036e-13 9.54379e-15
-0.357451 -3.75311e-13 -4.50851e-13 -0.357132 4.52551e-13 -9.68287e-14
-0.548492 9.65172e-13 6.04414e-14 -0.548786 -4.40421e-13 -6.29764e-13
0.905943 -5.89861e-13 3.9041e-13 0.905944 1.25929e-13 7.61975e-13
-0.124106 -2.25599e-13 -2.45108e-14 -0.123763 1.40999e-13 -1.60062e-13
1.81553 4.16524e-13 1.16887e-12 1.8157 -3.40434e-13 1.40795e-12
-1.69143 -1.90926e-13 -1.14436e-12 -1.69203 2.28938e-13 -1.27103e-12
-0.335116 -2.87812e-13 -3.53493e-13 -0.335095 2.15259e-13 -1.75513e-13
1.27295 5.60606e-13 1.07958e-12 1.27291 -4.86021e-13 5.97798e-13
-0.937834 -2.72794e-13 -7.26092e-13 -0.9379 2.65739e-13 -5.65216e-13
-0.0626455 -1.51389e-13 -3.97106e-13 -0.0624505 1.4726e-13 2.40042e-13
-1.28236 4.47582e-13 2.88903e-14 -1.28273 -7.7975e-14 -1.13013e-12
1.34501 -2.96193e-13 3.68215e-13 1.34523 1.10022e-14 9.40619e-13
0.312538 1.65216e-13 3.6501e-13 0.312539 -1.57153e-13 -5.09452e-14
-0.774039 -2.8504e-13 -7.69921e-13 -0.77418 4.41346e-13 1.72951e-14
0.461501 1.19825e-13 4.04911e-13 0.46169 -2.77841e-13 3.75643e-14
1.68564 -1.26368e-13 4.43383e-13 1.68621 -6.58205e-13 3.6971e-13
-1.81878 -1.4656e-13 -4.89587e-13 -1.81887 8.42142e-13 -4.1562e-13
0.133146 2.72928e-13 4.62041e-14 0.132758 -2.69863e-13 1.18803e-13
-1.42999 4.99749e-13 3.02417e-13 -1.43002 7.04728e-13 -1.35645e-13
1.75534 -5.33015e-13 -6.57012e-13 1.75471 -8.62343e-13 4.35956e-13
-0.325347 3.32659e-14 3.54595e-13 -0.324768 1.87056e-13 -1.83936e-13
1.39468 -2.68224e-13 -2.58512e-13 1.39472 -9.04894e-13 -2.76049e-13
-1.82774 1.1649e-13 3.4517e-13 -1.82713 1.29046e-12 3.19943e-13
0.433056 1.51734e-13 -8.66581e-14 0.432512 -4.80552e-13 -1.38033e-14
1.34121 -6.43156e-13 -3.05454e-13 1.34162 -8.45808e-13 -6.64031e-13
-1.21195 4.32892e-13 2.35416e-14 -1.21251 8.15767e-13 6.96765e-13
-0.129262 2.10264e-13 2.81912e-13 -0.129044 -3.10153e-14 -7.64371e-14
0.777139 -2.242e-13 -6.24335e-13 0.77699 -6.13932e-13 -3.02879e-13
-1.40846 3.85732e-13 1.1508e-12 -1.40811 1.13957e-12 4.6701e-13
0.631318 -1.61532e-13 -5.2646e-13 0.631206 -4.76489e-13 -1.40741e-13
-0.0890263 3.70202e-13 2.27617e-13 -0.0889798 -3.08233e-14 1.59115e-14
1.48336 -1.58044e-12 -1.18231e-12 1.48355 -5.88804e-13 -6.18961e-13
-1.39434 1.21023e-12 9.54697e-13 -1.39466 7.53849e-13 6.72157e-13
0.120622 -6.14922e-13 3.55523e-14 0.12041 3.63726e-13 -5.92943e-14
-1.61159 1.97084e-12 7.95231e-13 -1.61144 2.30537e-13 1.14498e-12
1.49097 -1.35592e-12 -8.30783e-13 1.49109 -5.40128e-13 -9.79854e-13
0.325321 -6.95875e-13 -1.00314e-13 0.324874 2.01877e-13 -2.44518e-13
-1.66732 1.90412e-12 8.77914e-13 -1.66685 2.74362e-13 1.22231e-12
1.342 -1.20824e-12 -7.776e-13 1.34206 -3.69603e-13 -9.2112e-13
-0.991005 9.30104e-13 5.89652e-13 -0.990859 2.053e-13 6.81143e-13
1.67513 -1.77296e-12 -9.78889e-13 1.67435 -2.7635e-13 -1.10973e-12
-0.684125 8.42855e-13 3.89236e-13 -0.683589 6.66877e-15 4.73185e-13
1.37104 -3.09922e-13 -5.72123e-13 1.37129 -8.15427e-13 -9.22775e-13
-1.64541 1.43721e-13 5.10546e-13 -1.6453 1.09567e-12 1.27135e-12
0.274373 1.66201e-13 6.15771e-14 0.274108 -3.06419e-13 -3.01942e-13
-1.23499 -1.87242e-14 6.20327e-13 -1.23508 9.81547e-13 7.27119e-13
0.963973 7.62978e-13 -3.72033e-13 0.964427 -1.26224e-12 -6.89268e-13
0.271018 -7.44254e-13 -2.48294e-13 0.27061 2.91227e-13 -9.4053e-14
0.0368356 -5.95696e-13 -2.14576e-13 0.036918 3.48708e-13 2.21879e-15
-1.12632 1.58096e-12 9.59027e-13 -1.12653 -2.85642e-13 3.09085e-13
1.08948 -9.85263e-13 -7.44451e-13 1.08967 -9.07845e-14 -4.78785e-13
-0.926777 7.61371e-13 6.78359e-13 -0.9265 3.37031e-14 3.16684e-13
1.71326 -1.53402e-12 -1.33458e-12 1.71236 -1.26363e-13 -4.5169e-13
-0.786488 7.7265e-13 6.56217e-13 -0.785954 1.79961e-14 1.55034e-13
-1.03476 -1.61948e-13 1.93824e-13 -1.03489 6.92243e-13 5.95596e-13
0.808887 7.8956e-13 1.49258e-13 0.809221 -1e-12 -7.23992e-13
0.225874 -6.27612e-13 -3.43082e-13 0.22563 2.41596e-13 8.88015e-14
0.39479 -5.78432e-13 -4.2542e-13 0.394286 2.13516e-13 2.04551e-13
-1.66993 1.28522e-12 1.06695e-12 -1.66935 -2.31789e-13 1.09509e-13
1.27514 -7.06791e-13 -6.41534e-13 1.27515 1.18355e-13 -2.15949e-13
1.37623 -5.66743e-14 -4.47249e-13 1.3766 -3.37747e-13 -2.21116e-13
-1.21443 -1.12928e-13 5.43799e-13 -1.21491 3.37266e-13 1.45684e-13
-0.161804 1.69602e-13 -9.655e-14 -0.16161 -1.41405e-13 1.45582e-13
-1.0474 6.38906e-14 -9.37774e-14 -1.04709 -3.30757e-13 -5.06812e-13
1.80792 -2.0688e-13 5.14246e-14 1.80683 5.77411e-13 1.00228e-12
-0.760522 1.42989e-13 4.23528e-14 -0.759845 -2.62632e-13 -4.1097e-13
1.17586 -1.02428e-13 6.36275e-13 1.17562 5.32616e-13 4.73542e-13
-1.79616 2.96375e-13 -1.01468e-12 -1.79533 -8.79593e-13 -6.08361e-13
0.620296 -1.93946e-13 3.78401e-13 0.619821 3.67969e-13 1.37188e-13
0.262144 -1.52318e-13 4.17256e-13 0.261734 1.53573e-13 -1.12933e-13
-1.70023 -1.2613e-13 -1.48057e-12 -1.6998 -8.59881e-13 -6.22921e-13
1.43809 2.78448e-13 1.06331e-12 1.43814 6.82372e-13 5.96089e-13
-1.14246 -7.37594e-13 -5.13625e-13 -1.1425 2.26666e-13 -8.74671e-13
0.767899 1.22771e-12 8.96252e-14 0.768366 -5.8786e-13 7.59591e-13
0.374562 -4.90117e-13 4.23999e-13 0.374103 4.79245e-13 1.19342e-13
-1.05886 -3.87637e-15 8.76447e-16 -1.05873 -1.19359e-14 7.66616e-14
1.63558 5.02201e-15 -3.87279e-15 1.63491 1.4973e-14 -1.08654e-14
-0.576717 -1.14564e-15 2.99634e-15 -0.576266 -3.08293e-14 -4.49621e-15
0.797857 1.25101e-14 -2.19161e-14 0.797771 1.56988e-14 -2.34916e-14
-1.32712 -2.1648e-14 4.28195e-14 -1.32683 3.51183e-14 -5.17993e-14
0.529267 9.13796e-15 -2.09033e-14 0.529147 -3.72217e-15 -4.90896e-14
0.336193 3.5342e-15 2.92415e-14 0.336195 1.18958e-13 4.98278e-14
-0.905231 -2.12454e-14 -6.37922e-14 -0.905283 -6.06204e-14 -2.56884e-14
0.569038 1.77112e-14 3.45508e-14 0.569144 5.1094e-14 -2.7108e-14
-0.671621 -1.03007e-13 -6.49574e-14 -0.671534 -1.88402e-14 -1.93821e-14
0.104982 7.20678e-14 4.46128e-14 0.105032 -2.09886e-14 -2.53389e-14
0.566639 3.09387e-14 2.03445e-14 0.566496 3.57799e-14 4.75236e-14
-0.857601 -2.3718e-13 -2.64522e-13 -0.857231 -3.82549e-13 -3.46975e-13
1.70798 4.649e-13 5.23548e-13 1.70711 6.52328e-13 6.00866e-13
-0.850376 -2.2772e-13 -2.59026e-13 -0.849981 -3.11511e-13 -3.09534e-13
0.0908282 5.75562e-14 -1.13077e-14 0.0908808 5.32634e-15 5.70527e-14
-0.942186 -3.7641e-13 -2.69542e-13 -0.942399 -2.28895e-13 -4.25642e-13
0.851358 3.18854e-13 2.80849e-13 0.851571 2.28391e-13 3.61734e-13
0.475736 6.32379e-14 1.34256e-13 0.475719 1.04407e-13 2.0147e-13
-0.120219 1.39261e-13 7.34126e-14 -0.120335 -1.02947e-13 -7.2405e-14
-0.355517 -2.02499e-13 -2.07669e-13 -0.355377 -2.29848e-15 -1.03356e-13
-1.34638 -2.42242e-13 -6.91354e-13 -1.34654 -1.96331e-13 -6.76812e-13
1.39667 3.13399e-13 7.46453e-13 1.39677 1.59963e-13 7.16695e-13
-0.0502915 -7.11566e-14 -5.50985e-14 -0.0502901 6.25839e-14 -6.34079e-14
-1.03101 -9.96985e-14 -5.41325e-13 -1.03094 -1.59204e-13 -5.22656e-13
1.6094 1.47524e-13 8.49929e-13 1.60877 2.28421e-13 8.30131e-13
-0.578387 -4.78252e-14 -3.08604e-13 -0.577923 -5.98589e-14 -2.62478e-13
-0.270694 1.11535e-13 -1.02323e-13 -0.27084 -1.68756e-13 -3.05362e-13
0.654776 -2.20986e-13 2.64437e-13 0.654956 2.43257e-13 4.29749e-13
-0.384082 1.09451e-13 -1.62114e-13 -0.38416 -1.90522e-13 -1.54875e-13
-0.839057 4.62698e-15 -4.96051e-13 -0.839215 -1.20342e-13 -5.23406e-13
1.1246 -4.1225e-14 6.63591e-13 1.12457 1.3847e-13 7.02774e-13
-0.285545 3.6598e-14 -1.6754e-13 -0.285423 -1.05865e-13 -1.23095e-13
0.672129 -4.24749e-14 3.60316e-13 0.671847 8.30815e-14 4.97721e-13
0.123414 1.52492e-13 2.14574e-13 0.12353 -8.13316e-14 3.83317e-14
-0.795542 -1.10017e-13 -5.74889e-13 -0.795385 2.67464e-14 -4.96603e-13
0.389328 -1.83793e-13 1.53067e-13 0.389207 1.59009e-13 1.91212e-13
-1.0778 3.27232e-13 -4.96835e-13 -1.07776 -3.24976e-13 -7.94695e-13
0.688468 -1.43439e-13 3.43768e-13 0.688617 1.78463e-13 4.92722e-13
0.152597 1.9774e-13 1.27877e-13 0.152153 -1.46701e-13 8.60597e-14
-1.76633 -5.13354e-13 -1.11864e-12 -1.76593 6.32362e-14 -1.01971e-12
1.61373 3.15614e-13 9.90767e-13 1.61385 2.32076e-14 8.97791e-13
0.350562 1.98046e-13 2.09195e-13 0.350387 -2.29001e-14 1.70161e-13
-1.27853 -4.71426e-13 -7.32438e-13 -1.27843 -2.10863e-14 -6.16479e-13
0.927967 2.7338e-13 5.23243e-13 0.928116 6.286e-14 5.49955e-13
-0.650896 -3.74199e-13 -3.93234e-13 -0.650789 -5.05652e-15 -2.22934e-13
1.43272 8.06112e-13 8.59499e-13 1.43234 9.93544e-14 6.36518e-13
-0.78182 -4.31913e-13 -4.66265e-13 -0.781641 -1.17554e-13 -2.4471e-13
-0.48774 -2.69614e-13 -2.16308e-13 -0.487111 -7.46437e-14 -1.59797e-13
1.87501 8.64085e-13 8.02966e-13 1.87425 5.59213e-13 7.21513e-13
-1.38727 -5.94472e-13 -5.86658e-13 -1.38725 -3.97912e-13 -6.14387e-13
-1.28679 -7.00624e-13 -5.62132e-13 -1.28702 -3.06214e-13 -4.68484e-13
1.16465 9.22038e-13 6.00245e-13 1.16507 9.63512e-14 3.21719e-13
0.122145 -2.21415e-13 -3.81125e-14 0.121902 2.22138e-13 1.25896e-13
-0.564785 -3.51461e-13 -1.97873e-13 -0.564266 -2.14927e-13 -7.25487e-14
1.77541 9.58587e-13 6.00212e-13 1.77461 4.94742e-13 5.25254e-13
-1.21063 -6.07126e-13 -4.02339e-13 -1.21045 -3.85959e-13 -3.31397e-13
0.0899492 -1.51901e-14 4.18357e-14 0.0897929 8.65913e-14 5.6854e-14
1.34042 5.71747e-13 2.65693e-13 1.34094 4.29195e-13 3.46412e-13
-1.43037 -5.56557e-13 -3.07529e-13 -1.43081 -4.4775e-13 -3.61871e-13
0.635341 -1.60349e-13 -5.4318e-14 0.635174 2.63399e-13 2.51964e-15
-1.33097 2.85922e-13 1.04259e-13 -1.3307 -4.8894e-13 -4.66912e-15
0.695628 -1.25573e-13 -4.99405e-14 0.695609 2.55307e-13 3.39882e-14
-0.615736 3.39374e-14 1.20664e-13 -0.615105 -7.6107e-14 2.9307e-15
1.83759 -3.16953e-14 -2.89394e-13 1.83667 2.61485e-13 4.68962e-14
-1.22185 -2.24207e-15 1.6873e-13 -1.22168 -1.75621e-13 8.22441e-14
0.880594 -1.46577e-13 -1.53013e-13 0.880536 -4.51991e-14 -3.11894e-13
-0.25667 2.62234e-13 -8.18993e-14 -0.256902 -1.78769e-13 1.44912e-13
-0.623924 -1.15657e-13 2.34913e-13 -0.623618 1.32694e-13 1.3748e-13
1.62102 -3.34035e-13 -5.08509e-13 1.62151 -1.6878e-13 -6.28019e-13
-1.83035 4.8986e-13 4.99005e-13 -1.8303 2.61157e-14 7.50323e-13
0.209328 -1.55824e-13 9.50391e-15 0.208887 7.25166e-14 -4.57793e-14
1.09866 -4.13569e-14 -5.35047e-13 1.09871 -2.46084e-13 -3.85294e-13
-1.46479 -1.35381e-14 7.69768e-13 -1.46458 3.19311e-13 4.73056e-13
0.366126 5.4895e-14 -2.34721e-13 0.36596 -8.58145e-14 -1.37522e-13
-1.62159 5.09379e-13 6.35517e-13 -1.62173 5.33603e-13 9.37744e-13
1.77459 -5.53253e-13 -5.67081e-13 1.77421 -5.42606e-13 -1.01145e-12
-0.152996 4.3874e-14 -6.84366e-14 -0.152548 2.89876e-14 1.93128e-13
0.846506 -4.46393e-13 -5.34764e-13 0.845825 -2.18687e-13 -3.86245e-13
-1.84712 9.48163e-13 1.14149e-12 -1.84595 6.55405e-13 8.8219e-13
1.00062 -5.0177e-13 -6.06729e-13 1.00023 -3.31673e-13 -5.13056e-13
0.38276 -3.44946e-13 -5.38941e-15 0.382526 -1.15085e-13 -3.19867e-13
-1.29027 9.77171e-13 3.37177e-13 -1.2901 5.6962e-13 9.82772e-13
0.907512 -6.32226e-13 -3.31788e-13 0.907652 -4.64241e-13 -6.37077e-13
-1.32827 8.59848e-13 6.31466e-13 -1.32843 7.70563e-13 9.34974e-13
1.36165 -9.41697e-13 -4.91283e-13 1.36183 -7.61722e-13 -1.01136e-12
-0.0333712 8.18488e-14 -1.40183e-13 -0.0334611 4.30755e-14 2.56073e-13
-0.203377 2.99423e-13 3.6586e-14 -0.202835 8.30399e-14 1.63364e-13
1.94471 -1.66542e-12 -9.2445e-13 1.9447 -1.13684e-12 -1.1928e-12
-1.74134 1.366e-12 8.87864e-13 -1.74197 1.14153e-12 9.93997e-13
-0.392442 4.61663e-13 3.22114e-14 -0.39244 1.80086e-13 3.31299e-13
1.11456 -1.16923e-12 -2.23156e-13 1.11447 -5.60528e-13 -8.16087e-13
-0.722114 7.0757e-13 1.90944e-13 -0.722102 3.16664e-13 4.34376e-13
-0.410697 2.06411e-13 4.14302e-13 -0.410424 4.63398e-13 1.27737e-14
-0.452812 4.65259e-13 -1.74514e-13 -0.453081 1.72769e-13 5.1698e-13
0.863509 -6.71671e-13 -2.39788e-13 0.863527 -5.54991e-13 -5.66941e-13
-0.158908 -7.2471e-14 3.31074e-13 -0.158966 2.25736e-13 -9.62289e-14
0.235122 2.04245e-13 -6.2769e-13 0.235188 -4.26738e-13 1.64968e-13
-0.076214 -1.31774e-13 2.96615e-13 -0.0762377 1.34468e-13 -1.48984e-13
-0.954045 5.72409e-14 3.42482e-13 -0.953568 3.99876e-13 -1.4878e-13
1.87336 -7.13524e-14 -7.25385e-13 1.87216 -7.6937e-13 1.74009e-13
-0.919317 1.41115e-14 3.82903e-13 -0.918701 3.71102e-13 -1.17984e-13
-0.092012 1.35181e-14 4.96915e-15 -0.0917125 2.84306e-14 -6.29121e-14
1.75787 -3.47056e-13 -7.34939e-14 1.75812 -3.75098e-13 -4.18547e-14
-1.66586 3.33538e-13 6.85247e-14 -1.6665 3.60098e-13 5.23912e-14
0.527402 1.21052e-13 -1.41999e-13 0.527415 -1.2441e-13 1.29135e-13
-0.432427 -2.91268e-13 2.90041e-13 -0.432515 1.71232e-13 -2.2575e-13
-0.0949749 1.70216e-13 -1.48042e-13 -0.0948705 -1.3713e-13 1.28364e-13
-0.244101 1.9159e-13 -2.71417e-13 -0.243874 -9.90572e-14 1.10412e-13
-0.668397 -4.23926e-13 3.12774e-13 -0.668727 2.11349e-13 -4.03126e-13
0.912498 2.32337e-13 -4.13567e-14 0.912634 -9.55e-14 3.13029e-13
1.04606 1.89055e-13 2.82828e-13 1.04549 2.19538e-13 3.6781e-13
-1.8847 -3.42032e-13 -5.05131e-13 -1.88348 -2.44507e-13 -7.28078e-13
0.838635 1.52977e-13 2.22303e-13 0.838096 1.33877e-13 3.41181e-13
-0.825167 -3.58534e-13 -1.20311e-13 -0.824908 4.20869e-14 -4.90103e-13
0.112343 4.03384e-13 -3.46305e-13 0.112446 -2.26279e-13 2.99826e-13
0.712823 -4.485e-14 4.66616e-13 0.712457 2.17042e-13 8.94119e-14
-1.03632 -2.10704e-13 -7.19344e-13 -1.03592 -4.9093e-13 -3.70443e-13
1.84101 3.15821e-13 1.35354e-12 1.83986 8.80345e-13 6.78459e-13
-0.804693 -1.05118e-13 -6.34193e-13 -0.804041 -4.21274e-13 -2.78079e-13
-1.54103 -6.80792e-13 -7.74237e-13 -1.54113 -5.47561e-13 -1.06306e-12
1.7851 8.79164e-13 7.88451e-13 1.78456 5.72179e-13 1.19493e-12
-0.244071 -1.98372e-13 -1.42141e-14 -0.243505 -6.36074e-14 -2.60213e-13
0.470107 -9.47334e-15 1.22292e-13 0.469935 7.21152e-14 2.05206e-13
-1.20514 4.86581e-15 -3.67707e-13 -1.20499 -7.54749e-14 -5.83262e-13
0.735031 4.60753e-15 2.45415e-13 0.735125 2.18949e-14 3.5196e-13
-0.0287507 -1.94505e-13 1.94323e-14 -0.0286356 1.17063e-13 1.29032e-15
-1.27509 3.52866e-13 -5.64702e-13 -1.27539 -2.5499e-13 -4.78961e-13
1.30384 -1.58361e-13 5.4527e-13 1.30408 1.40491e-13 4.35665e-13
0.568023 8.0047e-15 6.92199e-14 0.567894 -7.78691e-14 2.65233e-13
0.0900711 -5.06669e-14 2.61546e-13 0.0901124 1.72214e-14 -1.09515e-13
-0.658094 4.26622e-14 -3.30766e-13 -0.658012 -1.22747e-14 -1.44126e-13
1.44445 -8.54794e-13 1.84715e-14 1.44458 -6.5402e-13 -2.72591e-14
-1.85249 1.16517e-12 -3.77035e-14 -1.85188 7.7326e-13 5.12005e-14
0.408033 -3.10376e-13 1.9232e-14 0.407406 -1.95281e-13 -1.89272e-14
1.35433 -1.05964e-12 7.28842e-14 1.35428 -8.03337e-13 -1.05836e-13
-1.89911 1.56299e-12 -1.52853e-13 -1.89825 1.0441e-12 1.38495e-13
0.544784 -5.03351e-13 7.99685e-14 0.54409 -2.43269e-13 -5.85158e-14
1.75488 -1.14009e-12 -1.07669e-13 1.75545 -1.23608e-12 -6.03143e-14
-1.94316 1.20466e-12 1.49429e-13 -1.94309 1.43127e-12 -4.99489e-15
0.188282 -6.45642e-14 -4.17595e-14 0.187744 -2.60457e-13 -8.46133e-15
1.56005 -1.11632e-12 -1.96752e-13 1.56055 -1.17776e-12 -2.41976e-13
-1.56317 1.05784e-12 2.21975e-13 -1.56355 1.26212e-12 1.34671e-13
0.0031251 5.84828e-14 -2.52231e-14 0.00309023 -1.07983e-13 1.25462e-13
0.204474 -8.89657e-14 -6.24154e-14 0.204188 -2.07996e-13 -3.63116e-14
1.12953 -9.95343e-13 -1.26995e-13 1.1301 -8.13054e-13 -2.82482e-13
-1.334 1.08431e-12 1.8941e-13 -1.33435 9.86688e-13 2.66571e-13
-1.04346 5.18318e-13 4.13872e-13 -1.04313 8.91989e-13 1.03419e-13
1.83786 -8.21057e-13 -7.87506e-13 1.8367 -1.63596e-12 -2.81806e-13
-0.794403 3.02739e-13 3.73634e-13 -0.793671 6.26602e-13 1.16665e-13
0.822368 -4.13962e-13 -3.10303e-13 0.822392 -6.10662e-13 -1.88504e-13
-1.05829 4.59429e-13 4.30548e-13 -1.05834 7.92384e-13 2.27031e-13
0.235925 -4.54664e-14 -1.20245e-13 0.236021 -2.31795e-13 -5.99288e-14
-0.338465 3.36484e-13 5.95725e-14 -0.338257 7.91605e-14 2.84311e-13
-0.39235 -2.35414e-13 2.44494e-13 -0.392548 4.08351e-13 8.67069e-15
0.730815 -1.0107e-13 -3.04066e-13 0.730826 -4.01586e-13 -1.64838e-13
1.32069 -2.86636e-13 -1.48678e-13 1.32105 -9.37476e-14 -2.48169e-13
-1.30435 4.47067e-13 7.69245e-14 -1.30468 -6.97766e-14 3.44798e-13
-0.0163411 -1.60431e-13 7.17532e-14 -0.0162887 4.16834e-14 1.01439e-13
1.69997 3.24074e-13 -1.82491e-13 1.70054 4.85934e-14 -1.34104e-13
-1.91322 -4.92393e-13 2.28323e-13 -1.91312 -1.81944e-15 1.44666e-13
0.213251 1.6832e-13 -4.58313e-14 0.212679 -1.24314e-13 2.97569e-14
0.0569907 -7.14795e-14 -2.22817e-14 0.0568007 4.20065e-15 -6.19319e-14
0.519218 3.42424e-13 -2.86241e-14 0.519434 7.85944e-14 -1.00233e-13
-0.576209 -2.70944e-13 5.09058e-14 -0.57627 -5.70185e-14 1.07477e-13
0.876521 4.62841e-13 -1.55285e-13 0.876428 3.1922e-13 -1.83847e-13
-1.4555 -7.95786e-13 2.59109e-13 -1.45521 -4.26008e-13 2.19547e-13
0.57898 3.32946e-13 -1.03824e-13 0.578876 1.67434e-13 -3.18914e-14
-0.278765 -2.0316e-14 8.71376e-14 -0.278455 -1.90593e-13 7.71562e-14
1.63124 5.07023e-13 -4.18665e-13 1.63107 8.79994e-13 -3.43372e-13
-1.35248 -4.86707e-13 3.31528e-13 -1.35271 -6.93295e-13 3.91798e-13
1.16777 6.95593e-13 -2.65518e-13 1.16795 4.87448e-13 -2.99195e-13
-1.23968 -8.28669e-13 2.37418e-13 -1.23978 -5.1343e-13 4.02689e-13
0.0719108 1.33076e-13 2.81008e-14 0.0719101 -5.87184e-14 -4.79677e-14
-0.422501 -3.37947e-13 9.9408e-14 -0.422148 -1.41782e-13 6.23251e-14
1.66888 1.13626e-12 -4.39542e-13 1.66847 7.90426e-13 -5.4872e-13
-1.24638 -7.98313e-13 3.40134e-13 -1.24642 -5.73877e-13 3.81856e-13
-1.12223 -7.77952e-13 3.49263e-13 -1.12231 -7.26676e-13 3.34469e-13
0.74211 5.91463e-13 -2.2312e-13 0.742674 4.23106e-13 -2.63211e-13
0.380125 1.8649e-13 -1.26143e-13 0.379605 3.87281e-13 -1.6354e-13
1.39078 8.61854e-13 -1.71552e-13 1.39101 6.69888e-13 -1.97862e-13
-1.64392 -1.08401e-12 1.77185e-13 -1.64378 -7.54523e-13 2.50497e-13
0.25314 2.22155e-13 -5.63311e-15 0.252873 9.69163e-14 -2.25258e-14
-0.285739 -3.73858e-13 -4.00993e-14 -0.285352 1.87758e-14 8.31479e-14
-0.76852 1.30534e-13 1.64847e-13 -0.768955 -6.44247e-13 -3.49129e-14
1.05426 2.43324e-13 -1.24748e-13 1.05434 5.77945e-13 -1.97455e-14
-0.660143 -2.889e-13 4.41684e-14 -0.659883 -2.53277e-13 2.86952e-14
1.62908 7.07488e-13 -1.0387e-13 1.62848 6.81956e-13 -2.79717e-14
-0.968932 -4.18588e-13 5.97014e-14 -0.9687 -4.49838e-13 2.4663e-14
-0.99201 -1.79973e-13 -2.45216e-13 -0.992206 3.93835e-13 -9.65614e-14
1.05032 5.31571e-13 3.4584e-13 1.05055 -5.91402e-13 6.16758e-14
-0.0583141 -3.51598e-13 -1.00624e-13 -0.0584021 3.11459e-13 3.67401e-14
0.122781 3.35728e-13 1.27278e-13 0.12247 -2.67438e-13 -6.60776e-14
-1.70796 2.68669e-13 -8.69002e-13 -1.70771 1.5254e-12 -6.05171e-13
1.58518 -6.04397e-13 7.41724e-13 1.58531 -1.21432e-12 5.42792e-13
0.650051 -6.96951e-13 2.19229e-13 0.649989 -3.48531e-13 4.11928e-13
-1.14699 1.26494e-12 -3.71624e-13 -1.14689 5.15701e-13 -6.97501e-13
0.49694 -5.6799e-13 1.52395e-13 0.496974 -2.19522e-13 3.16819e-13
1.45508 -1.11118e-12 7.02252e-13 1.45552 -1.07856e-12 8.10977e-13
-1.5106 1.16481e-12 -6.59321e-13 -1.51088 1.08306e-12 -8.57358e-13
0.0555198 -5.36274e-14 -4.29307e-14 0.0554436 -8.7406e-14 2.64251e-14
-0.419433 4.62098e-13 -1.81994e-13 -0.419178 3.246e-13 -4.13e-13
1.53861 -1.49081e-12 7.74787e-13 1.53832 -1.1012e-12 1.05551e-12
-1.11917 1.02871e-12 -5.92793e-13 -1.11924 7.62682e-13 -7.59859e-13
-1.2204 4.91184e-13 -8.37888e-13 -1.22056 9.55947e-13 -7.18656e-13
1.01697 -9.04606e-14 8.16214e-13 1.01738 -9.82581e-13 4.99682e-13
0.203427 -4.00723e-13 2.16742e-14 0.203137 3.02648e-14 1.03349e-13
-0.0706617 -9.595e-14 -1.36356e-13 -0.0705638 1.43536e-13 -8.2257e-15
-0.688022 6.23455e-13 -2.23755e-13 -0.688274 1.70633e-13 -5.09894e-13
0.758683 -5.27505e-13 3.60112e-13 0.758876 -2.92308e-13 5.08336e-13
0.683611 -1.75279e-13 4.42606e-13 0.682908 -2.74145e-13 3.20275e-13
-1.77711 5.26959e-13 -1.10135e-12 -1.77609 7.8911e-13 -8.74117e-13
1.0935 -3.51681e-13 6.58748e-13 1.09328 -4.57382e-13 5.82592e-13
-0.203077 -1.13364e-13 -7.52361e-14 -0.20256 1.96961e-13 -8.73418e-14
1.93119 -7.17755e-14 8.87577e-13 1.93116 -5.97011e-13 9.78991e-13
-1.72811 1.85139e-13 -8.12341e-13 -1.72871 4.87966e-13 -8.81664e-13
-1.14678 1.74288e-14 -5.77039e-13 -1.14693 4.86642e-14 -3.86594e-13
0.906505 1.00526e-14 5.62927e-13 0.906934 -8.4997e-14 2.79712e-13
0.240275 -2.74814e-14 1.41117e-14 0.239952 -4.08067e-15 1.10078e-13
0.148329 -9.33307e-14 1.9095e-13 0.148376 1.23021e-13 -1.23947e-13
-0.78601 3.46822e-14 -5.09749e-13 -0.786197 -4.03164e-13 -4.02053e-14
0.63768 5.86485e-14 3.18799e-13 0.637868 3.07148e-13 6.09988e-14
-0.129378 6.54124e-14 -2.0909e-13 -0.129312 -1.65763e-13 1.17803e-13
-0.580841 -4.68979e-13 2.72854e-13 -0.581025 -6.27392e-14 -3.16609e-13
0.710219 4.03567e-13 -6.37649e-14 0.710369 1.99619e-13 2.31964e-13
-0.274842 -7.07683e-14 -7.81088e-14 -0.274225 -1.72832e-13 5.50309e-14
1.9164 8.35795e-13 2.32456e-13 1.91612 1.09113e-12 1.12036e-14
-1.64156 -7.65027e-13 -1.54347e-13 -1.642 -8.71956e-13 -9.01383e-14
-0.209216 -2.86689e-13 2.76431e-13 -0.208882 -1.344e-14 -1.12836e-13
-1.09486 -3.90737e-13 -4.92301e-13 -1.09529 -8.50982e-13 3.98566e-13
1.30408 6.77426e-13 2.1587e-13 1.30421 8.87464e-13 -2.17877e-13
1.1817 8.0431e-13 4.12408e-14 1.18153 7.72711e-13 -1.62602e-13
-1.78404 -1.21303e-12 -1.08964e-13 -1.78324 -1.2179e-12 2.99767e-13
0.602346 4.08725e-13 6.77227e-14 0.601814 4.14248e-13 -9.03933e-14
0.262156 2.49762e-13 1.92345e-14 0.26183 1.13793e-13 -9.01166e-14
0.805346 4.41574e-13 -2.2752e-13 0.805771 6.74521e-13 -2.59695e-14
-1.0675 -6.91336e-13 2.08286e-13 -1.06765 -7.61826e-13 1.40826e-13
-0.124312 -3.552e-13 3.44061e-13 -0.124228 9.62574e-14 -2.04884e-13
-0.491043 2.74818e-13 -3.75683e-13 -0.491197 -6.17077e-13 5.46432e-13
0.615355 8.03812e-14 3.1622e-14 0.615454 4.45917e-13 -3.45553e-13
