0.0408518 5.29329e-32 4.63584e-33 2.76895e-18 1.56411e-32 1.57453e-18 -82416.5 -82416.5 -82416.5 -82416.5 -82416.5 -82416.5
-0.00718378 5.61551e-31 -2.15806e-31 6.20018e-18 8.33134e-33 -3.94805e-17 -82416.5 -82416.5 -82416.5 -82416.5 -82416.5 -82416.5
0.0126301 3.97559e-30 3.28858e-30 -2.2224e-16 -3.45799e-30 1.85686e-16 -82416.5 -82416.5 -82416.5 -82416.5 -82416.5 -82416.5
-0.0453491 -6.55069e-29 -4.00875e-29 1.75082e-15 5.1334e-29 -1.38625e-15 -82416.5 -82416.5 -82416.5 -82416.5 -82416.5 -82416.5
-0.0427179 -2.78251e-27 -1.63984e-27 1.09024e-14 2.14058e-27 -8.38776e-15 -82416.5 -82416.5 -82416.5 -82416.5 -82416.5 -82416.5
-0.0470977 -5.08205e-27 -4.10909e-27 1.54776e-14 4.57529e-27 -1.39143e-14 -82416.5 -82416.5 -82416.5 -82416.5 -82416.5 -82416.5
0.0423917 5.25993e-27 5.5664e-27 -1.49306e-14 -5.40936e-27 1.53488e-14 -82416.5 -82416.5 -82416.5 -82416.5 -82416.5 -82416.5
0.0140592 1.75963e-27 2.09655e-27 -4.97115e-15 -1.91623e-27 5.42573e-15 -82416.5 -82416.5 -82416.5 -82416.5 -82416.5 -82416.5
0.0350347 4.2446e-27 5.96567e-27 -1.21945e-14 -5.03101e-27 1.44549e-14 -82416.5 -82416.5 -82416.5 -82416.5 -82416.5 -82416.5
0.0201459 1.43549e-27 4.2434e-27 -5.37285e-15 -2.46213e-27 9.24252e-15 -82416.5 -82416.5 -82416.5 -82416.5 -82416.5 -82416.5
-0.0267681 -2.31214e-28 -7.2468e-27 2.50053e-15 1.29888e-27 -1.39301e-14 -82416.5 -82416.5 -82416.5 -82416.5 -82416.5 -82416.5
-0.014086 -6.145e-30 -3.73866e-27 4.93276e-16 2.46546e-28 -7.26216e-15 -82416.5 -82416.5 -82416.5 -82416.5 -82416.5 -82416.5
0.048684 3.6763e-27 1.07069e-26 -1.33658e-14 -6.27218e-27 2.28266e-14 -82416.5 -82416.5 -82416.5 -82416.5 -82416.5 -82416.5
-0.0422921 -5.33598e-27 -8.40101e-27 1.50744e-14 6.72698e-27 -1.88511e-14 -82416.5 -82416.5 -82416.5 -82416.5 -82416.5 -82416.5
-0.00571293 -9.86049e-28 -1.0345e-27 2.42701e-15 1.05116e-27 -2.43746e-15 -82416.5 -82416.5 -82416.5 -82416.5 -82416.5 -82416.5
-0.0319355 -6.79542e-27 -5.39334e-27 1.47635e-14 6.10505e-27 -1.31508e-14 -82416.5 -82416.5 -82416.5 -82416.5 -82416.5 -82416.5
-0.0400581 -1.22962e-26 -4.97628e-27 2.22267e-14 7.89908e-27 -1.41703e-14 -82416.5 -82416.5 -82416.5 -82416.5 -82416.5 -82416.5
0.00826488 1.76993e-27 2.55177e-28 -3.75971e-15 6.32699e-28 -1.25413e-15 -82416.5 -82416.5 -82416.5 -82416.5 -82416.5 -82416.5
-0.00808246 -1.58522e-27 -3.48998e-28 3.79853e-15 -7.63116e-28 1.96544e-15 -82416.5 -82416.5 -82416.5 -82416.5 -82416.5 -82416.5
-0.0245531 -4.98747e-28 -4.30747e-27 4.06211e-15 -1.65971e-27 1.02973e-14 -82416.5 -82416.5 -82416.5 -82416.5 -82416.5 -82416.5
0.0227246 2.16613e-28 4.48317e-27 -1.99977e-15 8.87007e-28 -1.00934e-14 -82416.5 -82416.5 -82416.5 -82416.5 -82416.5 -82416.5
-0.0475731 1.26664e-28 -1.1396e-26 2.28085e-15 -1.04385e-27 2.33074e-14 -82416.5 -82416.5 -82416.5 -82416.5 -82416.5 -82416.5
0.0226012 1.69775e-29 7.65234e-27 5.25568e-16 -3.05332e-28 -1.31511e-14 -82416.5 -82416.5 -82416.5 -82416.5 -82416.5 -82416.5
0.0142737 6.31858e-28 6.17266e-27 2.70714e-15 -1.7256e-27 -9.36951e-15 -82416.5 -82416.5 -82416.5 -82416.5 -82416.5 -82416.5
-0.0383138 -4.86695e-27 -1.45196e-26 -1.37656e-14 8.51182e-27 2.35977e-14 -82416.5 -82416.5 -82416.5 -82416.5 -82416.5 -82416.5
0.0237464 3.87194e-27 7.71792e-27 9.44193e-15 -5.36893e-27 -1.35365e-14 -82416.5 -82416.5 -82416.5 -82416.5 -82416.5 -82416.5
-0.0279885 -4.84926e-27 -7.80178e-27 -1.18306e-14 6.29355e-27 1.47884e-14 -82416.5 -82416.5 -82416.5 -82416.5 -82416.5 -82416.5
-0.0439786 -9.42165e-27 -1.00904e-26 -2.04184e-14 9.81264e-27 2.10782e-14 -82416.5 -82416.5 -82416.5 -82416.5 -82416.5 -82416.5
-0.0490302 -1.28398e-26 -8.61335e-27 -2.51623e-14 1.05693e-26 2.05566e-14 -82416.5 -82416.5 -82416.5 -82416.5 -82416.5 -82416.5
-0.0391609 -9.33099e-27 -5.31783e-29 -1.9159e-14 -7.57898e-28 -1.59478e-15 -82416.5 -82416.5 -82416.5 -82416.5 -82416.5 -82416.5
-0.0382383 -8.28545e-27 -5.80548e-28 -1.78453e-14 -2.21176e-27 -4.80782e-15 -82416.5 -82416.5 -82416.5 -82416.5 -82416.5 -82416.5
0.0275797 4.50165e-27 3.25378e-27 1.11335e-14 3.64605e-27 9.13273e-15 -82416.5 -82416.5 -82416.5 -82416.5 -82416.5 -82416.5
0.0418177 5.90133e-27 6.54638e-27 1.56793e-14 6.14756e-27 1.6484e-14 -82416.5 -82416.5 -82416.5 -82416.5 -82416.5 -82416.5
0.0480368 4.58497e-27 1.08187e-26 1.47427e-14 6.88381e-27 2.26874e-14 -82416.5 -82416.5 -82416.5 -82416.5 -82416.5 -82416.5
-0.0286179 1.93135e-29 -1.02426e-26 -2.4764e-16 -2.21548e-28 -1.73197e-14 -82416.5 -82416.5 -82416.5 -82416.5 -82416.5 -82416.5
0.0434887 1.38657e-28 1.63117e-26 -2.00209e-15 -1.31082e-27 2.64868e-14 -82416.5 -82416.5 -82416.5 -82416.5 -82416.5 -82416.5
-0.0181931 -1.69267e-27 -4.61362e-27 5.75048e-15 2.79642e-27 -9.59193e-15 -82416.5 -82416.5 -82416.5 -82416.5 -82416.5 -82416.5
-0.0435394 -5.81994e-27 -6.11104e-27 1.60605e-14 6.09303e-27 -1.72714e-14 -82416.5 -82416.5 -82416.5 -82416.5 -82416.5 -82416.5
0.0485209 9.4519e-27 6.01475e-27 -2.14153e-14 -7.53327e-27 1.70694e-14 -82416.5 -82416.5 -82416.5 -82416.5 -82416.5 -82416.5
-0.0476747 -1.98498e-26 9.78351e-29 3.08245e-14 3.48489e-27 -5.78099e-15 -82416.5 -82416.5 -82416.5 -82416.5 -82416.5 -82416.5
0.0480296 2.05522e-26 1.55419e-28 -3.14094e-14 -1.38245e-27 2.07137e-15 -82416.5 -82416.5 -82416.5 -82416.5 -82416.5 -82416.5
0.0273368 8.30534e-27 5.17868e-28 -1.49855e-14 -1.0822e-27 1.61737e-15 -82416.5 -82416.5 -82416.5 -82416.5 -82416.5 -82416.5
0.00290952 4.59061e-28 5.23349e-28 -1.00953e-15 -3.54069e-28 3.63275e-16 -82416.5 -82416.5 -82416.5 -82416.5 -82416.5 -82416.5
0.0414743 1.19465e-27 5.01551e-27 -6.86285e-15 -2.44712e-27 1.41338e-14 -82416.5 -82416.5 -82416.5 -82416.5 -82416.5 -82416.5
-0.0482916 -5.09028e-28 -6.22754e-27 4.96112e-15 1.78735e-27 -1.74742e-14 -82416.5 -82416.5 -82416.5 -82416.5 -82416.5 -82416.5
-0.0318158 -1.57445e-30 -3.96108e-27 7.0636e-16 2.06288e-28 -1.14556e-14 -82416.5 -82416.5 -82416.5 -82416.5 -82416.5 -82416.5
0.0277469 7.22654e-29 4.26855e-27 7.22874e-16 1.91957e-28 1.07015e-14 -82416.5 -82416.5 -82416.5 -82416.5 -82416.5 -82416.5
-0.0465956 -3.704e-27 -3.16591e-27 -1.32668e-14 -3.43191e-27 -1.2179e-14 -82416.5 -82416.5 -82416.5 -82416.5 -82416.5 -82416.5
-0.0142673 -1.58293e-27 -3.91557e-28 -4.80194e-15 -8.00639e-28 -2.4922e-15 -82416.5 -82416.5 -82416.5 -82416.5 -82416.5 -82416.5
-0.0151842 -1.7102e-27 -3.18084e-28 -5.64915e-15 -9.61086e-28 -2.29617e-15 -82416.5 -82416.5 -82416.5 -82416.5 -82416.5 -82416.5
-0.0244605 -3.55139e-27 -3.30622e-28 -9.79094e-15 -1.32597e-27 -3.01028e-15 -82416.5 -82416.5 -82416.5 -82416.5 -82416.5 -82416.5
-0.00657637 -1.76062e-27 -4.01352e-30 -3.53524e-15 -1.0166e-28 -2.35265e-16 -82416.5 -82416.5 -82416.5 -82416.5 -82416.5 -82416.5
-0.0437037 -1.43846e-26 -4.19163e-29 -2.57137e-14 -1.35495e-27 -1.98179e-15 -82416.5 -82416.5 -82416.5 -82416.5 -82416.5 -82416.5
-0.0471306 -1.98096e-26 -5.73557e-28 -3.10441e-14 -3.94839e-27 -5.61816e-15 -82416.5 -82416.5 -82416.5 -82416.5 -82416.5 -82416.5
0.0317502 1.23291e-26 2.0663e-27 1.97462e-14 5.00879e-27 8.08468e-15 -82416.5 -82416.5 -82416.5 -82416.5 -82416.5 -82416.5
-0.0243764 -6.79671e-27 -2.58634e-27 -1.37929e-14 -5.13386e-27 -8.25794e-15 -82416.5 -82416.5 -82416.5 -82416.5 -82416.5 -82416.5
0.0342075 7.50822e-27 5.13477e-27 1.58204e-14 6.02958e-27 1.32102e-14 -82416.5 -82416.5 -82416.5 -82416.5 -82416.5 -82416.5
-0.0405178 -2.52519e-28 -5.49219e-27 4.78282e-15 1.64896e-27 -1.49792e-14 -82416.5 -82416.5 -82416.5 -82416.5 -82416.5 -82416.5
-0.0474677 -5.53351e-27 -2.21551e-27 1.67454e-14 3.50967e-27 -1.04373e-14 -82416.5 -82416.5 -82416.5 -82416.5 -82416.5 -82416.5
0.0478887 1.00473e-26 8.9873e-28 -2.16623e-14 -3.00496e-27 6.47657e-15 -82416.5 -82416.5 -82416.5 -82416.5 -82416.5 -82416.5
-0.0347665 -9.57432e-27 -1.50748e-28 1.82481e-14 1.24285e-27 -2.38062e-15 -82416.5 -82416.5 -82416.5 -82416.5 -82416.5 -82416.5
0.0231743 8.7863e-27 3.96853e-29 -1.39651e-14 -1.19691e-28 -2.67408e-18 -82416.5 -82416.5 -82416.5 -82416.5 -82416.5 -82416.5
-0.0300615 -1.16776e-26 -4.76389e-28 1.88231e-14 -2.43076e-27 3.82724e-15 -82416.5 -82416.5 -82416.5 -82416.5 -82416.5 -82416.5
-0.0157315 -4.70022e-27 -6.36043e-28 8.8264e-15 -1.86343e-27 3.20494e-15 -82416.5 -82416.5 -82416.5 -82416.5 -82416.5 -82416.5
0.0477418 1.48571e-26 4.00024e-27 -2.62846e-14 7.52901e-27 -1.37988e-14 -82416.5 -82416.5 -82416.5 -82416.5 -82416.5 -82416.5
-0.0487902 -9.52074e-27 -6.97344e-27 2.20457e-14 -8.47856e-27 1.84911e-14 -82416.5 -82416.5 -82416.5 -82416.5 -82416.5 -82416.5
0.0305492 4.53217e-27 4.79345e-27 -1.17653e-14 4.66043e-27 -1.20955e-14 -82416.5 -82416.5 -82416.5 -82416.5 -82416.5 -82416.5
0.0325811 3.84202e-27 4.81149e-27 -1.11708e-14 4.29396e-27 -1.25204e-14 -82416.5 -82416.5 -82416.5 -82416.5 -82416.5 -82416.5
0.0239891 1.29921e-27 2.24816e-27 -4.11585e-15 1.0534e-27 -7.24422e-15 -82416.5 -82416.5 -82416.5 -82416.5 -82416.5 -82416.5
-0.0185334 9.75664e-28 -6.36133e-28 9.99454e-16 -6.53694e-28 3.91366e-15 -82416.5 -82416.5 -82416.5 -82416.5 -82416.5 -82416.5
0.0404986 3.84805e-28 2.01362e-28 3.88061e-15 -2.72992e-28 -2.65057e-15 -82416.5 -82416.5 -82416.5 -82416.5 -82416.5 -82416.5
0.00355743 1.02957e-27 1.16349e-28 8.02616e-16 -3.46102e-28 -2.72447e-16 -82416.5 -82416.5 -82416.5 -82416.5 -82416.5 -82416.5
0.0372277 4.49249e-27 4.20203e-28 1.22e-14 -1.37375e-27 -3.70762e-15 -82416.5 -82416.5 -82416.5 -82416.5 -82416.5 -82416.5
-0.0311298 -5.01276e-27 -7.51297e-28 -1.36015e-14 1.9462e-27 5.12295e-15 -82416.5 -82416.5 -82416.5 -82416.5 -82416.5 -82416.5
-0.0341637 -6.82937e-27 -1.73988e-27 -1.55773e-14 3.44729e-27 7.84539e-15 -82416.5 -82416.5 -82416.5 -82416.5 -82416.5 -82416.5
0.0270989 1.02523e-26 3.65954e-27 1.64184e-14 -6.07735e-27 -9.94684e-15 -82416.5 -82416.5 -82416.5 -82416.5 -82416.5 -82416.5
0.0333469 9.42818e-27 2.58801e-27 1.75953e-14 -4.92651e-27 -9.27783e-15 -82416.5 -82416.5 -82416.5 -82416.5 -82416.5 -82416.5
-0.0376436 -9.88499e-27 -1.52551e-27 -1.9347e-14 3.88333e-27 7.60394e-15 -82416.5 -82416.5 -82416.5 -82416.5 -82416.5 -82416.5
0.0332755 7.4281e-27 3.66035e-28 1.54824e-14 -1.6372e-27 -3.34023e-15 -82416.5 -82416.5 -82416.5 -82416.5 -82416.5 -82416.5
-0.0126712 -2.43508e-27 -7.13325e-29 -5.57765e-15 4.17165e-28 9.59278e-16 -82416.5 -82416.5 -82416.5 -82416.5 -82416.5 -82416.5
-0.0359986 1.01328e-32 2.55533e-36 1.59861e-18 -4.97857e-34 -9.69673e-19 -82416.5 -82416.5 -82416.5 -82416.5 -82416.5 -82416.5
0.0401139 7.31899e-31 1.06972e-32 -4.4778e-17 2.97879e-32 -2.06504e-17 -82416.5 -82416.5 -82416.5 -82416.5 -82416.5 -82416.5
-0.041368 -1.9117e-30 5.03892e-32 2.87592e-16 -2.27751e-31 2.21363e-17 -82416.5 -82416.5 -82416.5 -82416.5 -82416.5 -82416.5
0.0239635 1.96468e-27 2.18134e-28 -6.86075e-15 6.54487e-28 -2.28472e-15 -82416.5 -82416.5 -82416.5 -82416.5 -82416.5 -82416.5
-0.0478678 -5.54438e-27 -1.28053e-27 1.62911e-14 -2.66861e-27 7.84215e-15 -82416.5 -82416.5 -82416.5 -82416.5 -82416.5 -82416.5
-0.0463248 -6.54037e-27 -4.6452e-27 1.74127e-14 -5.51808e-27 1.46723e-14 -82416.5 -82416.5 -82416.5 -82416.5 -82416.5 -82416.5
-0.0476598 -5.92616e-27 -6.46359e-27 1.6806e-14 -6.19287e-27 1.75637e-14 -82416.5 -82416.5 -82416.5 -82416.5 -82416.5 -82416.5
-0.0471909 -3.28484e-27 -7.20034e-27 1.24569e-14 -4.88606e-27 1.84719e-14 -82416.5 -82416.5 -82416.5 -82416.5 -82416.5 -82416.5
0.0310346 1.12498e-27 4.28662e-27 -5.90122e-15 2.19034e-27 -1.15314e-14 -82416.5 -82416.5 -82416.5 -82416.5 -82416.5 -82416.5
0.00929376 1.64039e-28 1.13797e-27 -1.23448e-15 4.31991e-28 -3.25206e-15 -82416.5 -82416.5 -82416.5 -82416.5 -82416.5 -82416.5
0.0326979 3.78508e-28 3.29956e-27 -3.47765e-15 1.07231e-27 -1.0294e-14 -82416.5 -82416.5 -82416.5 -82416.5 -82416.5 -82416.5
-0.0270765 -7.0609e-29 -2.01768e-27 1.61605e-15 -4.94321e-28 7.53206e-15 -82416.5 -82416.5 -82416.5 -82416.5 -82416.5 -82416.5
0.0166511 1.4208e-28 2.64161e-28 -1.44596e-15 1.18477e-28 -1.77149e-15 -82416.5 -82416.5 -82416.5 -82416.5 -82416.5 -82416.5
-0.0332595 -3.1048e-28 -1.76318e-28 3.44147e-15 -3.41193e-28 2.79667e-15 -82416.5 -82416.5 -82416.5 -82416.5 -82416.5 -82416.5
0.0287196 4.20339e-28 2.30944e-28 -3.36569e-15 2.06867e-28 -2.13452e-15 -82416.5 -82416.5 -82416.5 -82416.5 -82416.5 -82416.5
-0.0181695 -3.38008e-28 2.41458e-29 2.59749e-15 -2.03333e-28 1.05034e-15 -82416.5 -82416.5 -82416.5 -82416.5 -82416.5 -82416.5
0.0249208 9.52881e-28 2.06176e-29 -4.8585e-15 1.10334e-28 -5.28442e-16 -82416.5 -82416.5 -82416.5 -82416.5 -82416.5 -82416.5
0.0074152 6.51756e-28 3.02927e-31 -2.19292e-15 -6.17539e-30 1.77812e-17 -82416.5 -82416.5 -82416.5 -82416.5 -82416.5 -82416.5
0.0408401 4.83388e-27 2.33962e-28 -1.4036e-14 -9.52365e-28 2.70282e-15 -82416.5 -82416.5 -82416.5 -82416.5 -82416.5 -82416.5
0.0490171 3.71905e-27 2.40037e-27 -1.34977e-14 -2.97877e-27 1.07903e-14 -82416.5 -82416.5 -82416.5 -82416.5 -82416.5 -82416.5
-0.0377544 3.67157e-30 -5.34457e-27 1.87928e-15 6.24223e-28 -1.43107e-14 -82416.5 -82416.5 -82416.5 -82416.5 -82416.5 -82416.5
0.0134552 6.93364e-29 2.14867e-27 -2.84e-16 -1.37858e-28 5.36487e-15 -82416.5 -82416.5 -82416.5 -82416.5 -82416.5 -82416.5
0.0355992 9.92364e-29 4.35395e-27 1.52323e-15 5.13907e-28 1.24359e-14 -82416.5 -82416.5 -82416.5 -82416.5 -82416.5 -82416.5
-0.0460919 -3.24702e-27 -8.22938e-28 -1.22701e-14 -1.88438e-27 -6.84773e-15 -82416.5 -82416.5 -82416.5 -82416.5 -82416.5 -82416.5
-0.0475522 -6.76339e-27 -3.06005e-28 -1.79394e-14 -1.75528e-27 -4.58819e-15 -82416.5 -82416.5 -82416.5 -82416.5 -82416.5 -82416.5
0.0164156 1.51429e-27 1.00545e-27 4.94225e-15 1.13342e-27 3.9109e-15 -82416.5 -82416.5 -82416.5 -82416.5 -82416.5 -82416.5
-0.0230372 4.05915e-29 -1.96302e-27 -1.50071e-15 -3.27972e-28 -6.90637e-15 -82416.5 -82416.5 -82416.5 -82416.5 -82416.5 -82416.5
-0.034478 -1.77501e-29 -1.37332e-27 -2.4379e-15 -3.84438e-28 -7.10215e-15 -82416.5 -82416.5 -82416.5 -82416.5 -82416.5 -82416.5
-0.0378215 -1.47537e-28 -1.09708e-27 -3.085e-15 -4.39214e-28 -6.81415e-15 -82416.5 -82416.5 -82416.5 -82416.5 -82416.5 -82416.5
0.0211593 2.39236e-28 3.25504e-28 1.86924e-15 2.62824e-28 2.54444e-15 -82416.5 -82416.5 -82416.5 -82416.5 -82416.5 -82416.5
-0.0190092 -4.51172e-28 -2.93269e-28 -3.31821e-15 -3.74195e-28 -3.05562e-15 -82416.5 -82416.5 -82416.5 -82416.5 -82416.5 -82416.5
0.00206726 1.04682e-28 3.45252e-29 8.41813e-17 5.96607e-29 8.0317e-17 -82416.5 -82416.5 -82416.5 -82416.5 -82416.5 -82416.5
-0.0446239 -3.20783e-27 -7.29483e-28 -1.24302e-14 -1.56126e-27 -6.37793e-15 -82416.5 -82416.5 -82416.5 -82416.5 -82416.5 -82416.5
-0.0224361 -2.19214e-27 -1.21355e-27 -7.34394e-15 -1.63289e-27 -5.54771e-15 -82416.5 -82416.5 -82416.5 -82416.5 -82416.5 -82416.5
0.0494661 5.2401e-27 4.05553e-27 1.60955e-14 4.60276e-27 1.41193e-14 -82416.5 -82416.5 -82416.5 -82416.5 -82416.5 -82416.5
0.044179 3.93568e-27 4.39698e-27 1.31853e-14 4.1564e-27 1.39314e-14 -82416.5 -82416.5 -82416.5 -82416.5 -82416.5 -82416.5
-0.0467737 -1.76851e-27 -5.00758e-27 -9.44352e-15 -3.01288e-27 -1.54118e-14 -82416.5 -82416.5 -82416.5 -82416.5 -82416.5 -82416.5
-0.0423887 -6.17763e-28 -1.9127e-27 -5.74855e-15 -1.13168e-27 -9.1961e-15 -82416.5 -82416.5 -82416.5 -82416.5 -82416.5 -82416.5
0.0470688 9.96532e-28 1.09102e-27 6.78929e-15 1.04266e-27 7.09499e-15 -82416.5 -82416.5 -82416.5 -82416.5 -82416.5 -82416.5
-0.0477235 -3.02471e-27 -3.7437e-28 -1.21353e-14 -1.07546e-27 -4.40278e-15 -82416.5 -82416.5 -82416.5 -82416.5 -82416.5 -82416.5
0.00643853 5.32602e-28 1.45305e-28 1.85149e-15 2.75603e-28 9.55629e-16 -82416.5 -82416.5 -82416.5 -82416.5 -82416.5 -82416.5
0.0390138 1.8986e-27 2.73212e-27 8.55918e-15 2.25749e-27 1.03202e-14 -82416.5 -82416.5 -82416.5 -82416.5 -82416.5 -82416.5
0.046473 1.51229e-27 4.28346e-27 8.31742e-15 2.51987e-27 1.41073e-14 -82416.5 -82416.5 -82416.5 -82416.5 -82416.5 -82416.5
-0.0109859 -2.68923e-28 -1.074e-27 -1.72299e-15 -5.492e-28 -3.46837e-15 -82416.5 -82416.5 -82416.5 -82416.5 -82416.5 -82416.5
-0.00802276 -2.6881e-28 -5.11209e-28 -1.52795e-15 -4.15713e-28 -2.06766e-15 -82416.5 -82416.5 -82416.5 -82416.5 -82416.5 -82416.5
0.0493344 3.59173e-27 1.3837e-27 1.32143e-14 2.12509e-27 8.11962e-15 -82416.5 -82416.5 -82416.5 -82416.5 -82416.5 -82416.5
0.0266457 2.17096e-27 4.88189e-28 7.52488e-15 8.58096e-28 3.26403e-15 -82416.5 -82416.5 -82416.5 -82416.5 -82416.5 -82416.5
0.0398013 9.40879e-28 3.68344e-27 6.04393e-15 1.72739e-27 1.18035e-14 -82416.5 -82416.5 -82416.5 -82416.5 -82416.5 -82416.5
-0.0197831 -7.27844e-28 -2.55889e-27 -3.90701e-15 -1.45976e-27 -7.17356e-15 -82416.5 -82416.5 -82416.5 -82416.5 -82416.5 -82416.5
-0.0490941 -2.78881e-27 -3.26472e-27 -1.1999e-14 -3.43726e-27 -1.32203e-14 -82416.5 -82416.5 -82416.5 -82416.5 -82416.5 -82416.5
-0.010964 -5.08157e-28 -6.02379e-28 -2.5001e-15 -7.42801e-28 -2.85077e-15 -82416.5 -82416.5 -82416.5 -82416.5 -82416.5 -82416.5
0.0110371 5.16619e-28 5.25038e-28 2.32783e-15 4.53381e-28 2.30688e-15 -82416.5 -82416.5 -82416.5 -82416.5 -82416.5 -82416.5
-0.0465251 -1.90302e-27 3.60296e-28 -1.00443e-14 -1.02384e-27 -2.97233e-15 -82416.5 -82416.5 -82416.5 -82416.5 -82416.5 -82416.5
0.0144797 5.33098e-28 2.4008e-28 2.58747e-15 1.05944e-28 1.16289e-15 -82416.5 -82416.5 -82416.5 -82416.5 -82416.5 -82416.5
-0.0375979 -1.97851e-27 -4.12083e-27 -8.81711e-15 -3.32406e-27 -1.32382e-14 -82416.5 -82416.5 -82416.5 -82416.5 -82416.5 -82416.5
-0.0361069 -1.37355e-27 -5.13201e-27 -7.36755e-15 -3.21877e-27 -1.43971e-14 -82416.5 -82416.5 -82416.5 -82416.5 -82416.5 -82416.5
-0.0340459 -1.18952e-27 -5.61144e-27 -6.47331e-15 -2.79856e-27 -1.41576e-14 -82416.5 -82416.5 -82416.5 -82416.5 -82416.5 -82416.5
0.0337473 1.17904e-27 1.07841e-26 6.24378e-15 3.52315e-27 1.90757e-14 -82416.5 -82416.5 -82416.5 -82416.5 -82416.5 -82416.5
-0.00346885 -2.42452e-28 -1.59689e-27 -9.50756e-16 -6.25013e-28 -2.38996e-15 -82416.5 -82416.5 -82416.5 -82416.5 -82416.5 -82416.5
-0.0377132 -1.03494e-27 -7.96054e-27 -6.45472e-15 -2.91665e-27 -1.73787e-14 -82416.5 -82416.5 -82416.5 -82416.5 -82416.5 -82416.5
-0.0195267 -3.998e-28 -3.34689e-27 -3.15527e-15 -1.25952e-27 -8.11318e-15 -82416.5 -82416.5 -82416.5 -82416.5 -82416.5 -82416.5
0.0490405 2.46323e-27 2.65467e-27 1.07684e-14 2.40807e-27 1.12957e-14 -82416.5 -82416.5 -82416.5 -82416.5 -82416.5 -82416.5
0.0448766 2.97295e-27 5.66282e-28 1.13365e-14 1.19128e-27 4.92542e-15 -82416.5 -82416.5 -82416.5 -82416.5 -82416.5 -82416.5
0.0307864 1.56509e-27 1.42306e-28 6.93561e-15 -3.38074e-28 -1.55798e-15 -82416.5 -82416.5 -82416.5 -82416.5 -82416.5 -82416.5
0.0273093 1.12368e-27 2.67128e-28 5.51846e-15 -4.80046e-28 -2.47108e-15 -82416.5 -82416.5 -82416.5 -82416.5 -82416.5 -82416.5
-0.00674651 -2.22783e-28 -2.37371e-28 -2.2957e-15 3.11871e-28 1.37833e-15 -82416.5 -82416.5 -82416.5 -82416.5 -82416.5 -82416.5
0.0108877 6.38407e-28 9.67682e-28 1.99754e-15 -6.84297e-28 -3.18328e-15 -82416.5 -82416.5 -82416.5 -82416.5 -82416.5 -82416.5
0.0426735 2.5158e-27 1.05569e-26 1.01157e-14 -5.10848e-27 -2.11468e-14 -82416.5 -82416.5 -82416.5 -82416.5 -82416.5 -82416.5
-0.0185867 -3.40526e-28 -5.83747e-27 -3.92616e-15 2.14955e-27 1.04212e-14 -82416.5 -82416.5 -82416.5 -82416.5 -82416.5 -82416.5
-0.0456398 -1.78171e-27 -1.80875e-26 -1.05883e-14 6.50338e-27 2.87657e-14 -82416.5 -82416.5 -82416.5 -82416.5 -82416.5 -82416.5
0.0459471 2.22426e-27 1.91949e-26 1.00827e-14 -6.4919e-27 -2.96726e-14 -82416.5 -82416.5 -82416.5 -82416.5 -82416.5 -82416.5
0.0245323 6.68116e-28 8.19231e-27 3.66892e-15 -2.19131e-27 -1.41328e-14 -82416.5 -82416.5 -82416.5 -82416.5 -82416.5 -82416.5
0.0384562 2.29002e-27 6.09078e-27 9.01075e-15 -3.63966e-27 -1.52797e-14 -82416.5 -82416.5 -82416.5 -82416.5 -82416.5 -82416.5
-0.0243136 -1.35638e-27 -1.5808e-27 -6.29341e-15 1.507e-27 6.31616e-15 -82416.5 -82416.5 -82416.5 -82416.5 -82416.5 -82416.5
-0.0480059 -2.67763e-27 -3.61381e-28 -1.20157e-14 9.83724e-28 4.40238e-15 -82416.5 -82416.5 -82416.5 -82416.5 -82416.5 -82416.5
0.0471992 2.18667e-27 2.09814e-29 9.90457e-15 -2.12875e-28 -9.39677e-16 -82416.5 -82416.5 -82416.5 -82416.5 -82416.5 -82416.5
-0.0248188 -9.33007e-28 1.07841e-29 -5.65309e-15 -1.66527e-28 -3.90836e-16 -82416.5 -82416.5 -82416.5 -82416.5 -82416.5 -82416.5
-0.00605117 -1.04783e-28 -5.06591e-28 -8.10936e-16 -2.55753e-28 -1.8167e-15 -82416.5 -82416.5 -82416.5 -82416.5 -82416.5 -82416.5
-0.0135279 -3.58123e-28 -1.61692e-27 -2.22196e-15 -8.04016e-28 -4.7681e-15 -82416.5 -82416.5 -82416.5 -82416.5 -82416.5 -82416.5
0.00261224 5.01415e-29 4.89506e-28 -1.39017e-16 -6.28642e-29 1.13059e-15 -82416.5 -82416.5 -82416.5 -82416.5 -82416.5 -82416.5
0.0466164 6.66725e-30 5.24486e-29 -5.37791e-16 1.81683e-29 -1.56304e-15 -82416.5 -82416.5 -82416.5 -82416.5 -82416.5 -82416.5
0.0408406 2.5848e-29 2.551e-28 -9.98142e-16 7.86587e-29 -3.22755e-15 -82416.5 -82416.5 -82416.5 -82416.5 -82416.5 -82416.5
0.0454119 5.86004e-29 4.74822e-28 -1.56958e-15 1.56004e-28 -4.62643e-15 -82416.5 -82416.5 -82416.5 -82416.5 -82416.5 -82416.5
0.00132845 5.1282e-31 9.42588e-29 -6.93117e-17 1.98413e-29 -3.5492e-16 -82416.5 -82416.5 -82416.5 -82416.5 -82416.5 -82416.5
0.0240767 2.26166e-27 3.11416e-27 -7.34584e-15 2.64803e-27 -8.65545e-15 -82416.5 -82416.5 -82416.5 -82416.5 -82416.5 -82416.5
-0.044491 -6.32198e-27 -6.87264e-27 1.67732e-14 -6.59156e-27 1.74881e-14 -82416.5 -82416.5 -82416.5 -82416.5 -82416.5 -82416.5
0.016761 2.72496e-27 2.72404e-27 -6.74643e-15 2.72427e-27 -6.74995e-15 -82416.5 -82416.5 -82416.5 -82416.5 -82416.5 -82416.5
-0.024843 -5.92072e-27 -3.97222e-27 1.21307e-14 -4.84967e-27 9.93496e-15 -82416.5 -82416.5 -82416.5 -82416.5 -82416.5 -82416.5
0.020229 7.8393e-27 1.40698e-27 -1.25901e-14 3.32074e-27 -5.33154e-15 -82416.5 -82416.5 -82416.5 -82416.5 -82416.5 -82416.5
-0.0263363 -1.04048e-26 -9.97166e-28 1.65537e-14 -3.22108e-27 5.12462e-15 -82416.5 -82416.5 -82416.5 -82416.5 -82416.5 -82416.5
-0.0188581 -7.1978e-27 -3.18166e-28 1.16511e-14 -1.51423e-27 2.45188e-15 -82416.5 -82416.5 -82416.5 -82416.5 -82416.5 -82416.5
0.0394604 1.24673e-26 1.73981e-28 -2.21194e-14 1.44376e-27 -2.5232e-15 -82416.5 -82416.5 -82416.5 -82416.5 -82416.5 -82416.5
0.03314 5.26792e-27 2.61885e-29 -1.31655e-14 3.52685e-28 -8.56717e-16 -82416.5 -82416.5 -82416.5 -82416.5 -82416.5 -82416.5
-0.019685 -2.0815e-27 -1.57279e-29 6.56525e-15 -2.2378e-28 6.13537e-16 -82416.5 -82416.5 -82416.5 -82416.5 -82416.5 -82416.5
-0.0204173 -1.17545e-28 -1.46153e-27 -2.6911e-15 7.23533e-28 5.46274e-15 -82416.5 -82416.5 -82416.5 -82416.5 -82416.5 -82416.5
0.000657081 3.09361e-28 6.6847e-29 3.14979e-16 -8.3369e-29 -2.07074e-16 -82416.5 -82416.5 -82416.5 -82416.5 -82416.5 -82416.5
-0.0134894 -2.26306e-27 -1.48876e-27 -5.81904e-15 1.9284e-27 4.48149e-15 -82416.5 -82416.5 -82416.5 -82416.5 -82416.5 -82416.5
-0.0154838 -7.76479e-27 -7.31006e-28 -1.11478e-14 2.38326e-27 3.43757e-15 -82416.5 -82416.5 -82416.5 -82416.5 -82416.5 -82416.5
0.0104656 4.77386e-27 2.53576e-28 6.95838e-15 -1.09775e-27 -1.58081e-15 -82416.5 -82416.5 -82416.5 -82416.5 -82416.5 -82416.5
-0.0473461 -1.15576e-26 -2.78757e-27 -2.37398e-14 5.71192e-27 1.15088e-14 -82416.5 -82416.5 -82416.5 -82416.5 -82416.5 -82416.5
-0.0207863 -3.93776e-27 -1.44843e-27 -9.43227e-15 2.40804e-27 5.55915e-15 -82416.5 -82416.5 -82416.5 -82416.5 -82416.5 -82416.5
-0.00817285 -5.08085e-28 -9.86465e-28 -2.79721e-15 8.2458e-28 2.94524e-15 -82416.5 -82416.5 -82416.5 -82416.5 -82416.5 -82416.5
0.00633968 8.03199e-28 2.97421e-29 -2.25608e-15 1.54506e-28 -4.33742e-16 -82416.5 -82416.5 -82416.5 -82416.5 -82416.5 -82416.5
0.0393863 6.66765e-27 1.98124e-28 -1.60314e-14 9.8292e-28 -2.57487e-15 -82416.5 -82416.5 -82416.5 -82416.5 -82416.5 -82416.5
0.000853018 3.20504e-28 -9.91784e-30 -5.23194e-16 -2.73091e-29 4.81391e-17 -82416.5 -82416.5 -82416.5 -82416.5 -82416.5 -82416.5
-0.00340148 -1.04763e-27 -7.46004e-28 1.88799e-15 -9.94462e-28 1.77786e-15 -82416.5 -82416.5 -82416.5 -82416.5 -82416.5 -82416.5
0.0317823 6.74003e-27 4.23354e-27 -1.46032e-14 5.23643e-27 -1.14988e-14 -82416.5 -82416.5 -82416.5 -82416.5 -82416.5 -82416.5
0.0440301 6.08153e-27 4.24617e-27 -1.6346e-14 5.00674e-27 -1.35659e-14 -82416.5 -82416.5 -82416.5 -82416.5 -82416.5 -82416.5
-0.0480303 -4.55507e-27 -3.4661e-27 1.48169e-14 -4.06821e-27 1.30662e-14 -82416.5 -82416.5 -82416.5 -82416.5 -82416.5 -82416.5
0.0320872 1.83715e-27 1.71465e-27 -7.64739e-15 1.74642e-27 -7.38732e-15 -82416.5 -82416.5 -82416.5 -82416.5 -82416.5 -82416.5
-0.0387258 -9.88287e-28 -8.47958e-28 6.24466e-15 -1.11822e-27 6.51294e-15 -82416.5 -82416.5 -82416.5 -82416.5 -82416.5 -82416.5
-0.0440416 -4.28555e-28 -8.801e-28 4.5478e-15 -8.11378e-28 6.94649e-15 -82416.5 -82416.5 -82416.5 -82416.5 -82416.5 -82416.5
-0.0479946 -1.60615e-28 -4.67752e-28 3.00051e-15 -4.43464e-28 5.8151e-15 -82416.5 -82416.5 -82416.5 -82416.5 -82416.5 -82416.5
0.0172892 2.97463e-30 1.27481e-28 -2.26682e-16 1.94709e-29 -1.48446e-15 -82416.5 -82416.5 -82416.5 -82416.5 -82416.5 -82416.5
-0.0209909 -1.22759e-28 8.95072e-29 -1.76476e-15 1.75399e-30 6.51354e-16 -82416.5 -82416.5 -82416.5 -82416.5 -82416.5 -82416.5
-0.0295655 -1.39958e-27 2.76583e-28 -6.57919e-15 2.02304e-28 1.59642e-15 -82416.5 -82416.5 -82416.5 -82416.5 -82416.5 -82416.5
-0.00423681 -1.90233e-27 -1.85462e-28 -2.93281e-15 7.19225e-28 1.26573e-15 -82416.5 -82416.5 -82416.5 -82416.5 -82416.5 -82416.5
-0.0269496 -1.28432e-26 -2.56199e-27 -1.86622e-14 5.77462e-27 8.46714e-15 -82416.5 -82416.5 -82416.5 -82416.5 -82416.5 -82416.5
0.0396911 1.96086e-26 4.89312e-27 2.78911e-14 -9.76854e-27 -1.39172e-14 -82416.5 -82416.5 -82416.5 -82416.5 -82416.5 -82416.5
0.0100416 4.87291e-27 1.40274e-27 6.94393e-15 -2.61445e-27 -3.72676e-15 -82416.5 -82416.5 -82416.5 -82416.5 -82416.5 -82416.5
0.0483304 2.22469e-26 8.03063e-27 3.27823e-14 -1.33267e-26 -1.96713e-14 -82416.5 -82416.5 -82416.5 -82416.5 -82416.5 -82416.5
0.0359505 1.23421e-26 7.44081e-27 2.10593e-14 -9.53577e-27 -1.62354e-14 -82416.5 -82416.5 -82416.5 -82416.5 -82416.5 -82416.5
-0.034906 -6.29596e-27 -9.34984e-27 -1.49626e-14 7.68875e-27 1.81114e-14 -82416.5 -82416.5 -82416.5 -82416.5 -82416.5 -82416.5
0.0269104 7.74521e-28 9.03815e-27 4.52738e-15 -2.64427e-27 -1.5525e-14 -82416.5 -82416.5 -82416.5 -82416.5 -82416.5 -82416.5
-0.0482332 -3.31799e-29 -1.49506e-26 -2.56263e-15 1.39335e-27 2.68636e-14 -82416.5 -82416.5 -82416.5 -82416.5 -82416.5 -82416.5
0.00117161 4.85416e-29 3.88744e-28 -6.60049e-19 -5.64118e-29 -6.14594e-16 -82416.5 -82416.5 -82416.5 -82416.5 -82416.5 -82416.5
-0.00794863 -7.75263e-29 -1.60778e-27 1.02766e-15 -5.25435e-28 3.63593e-15 -82416.5 -82416.5 -82416.5 -82416.5 -82416.5 -82416.5
-0.0225399 -2.25351e-27 -2.57932e-27 7.21943e-15 -2.52122e-27 7.70012e-15 -82416.5 -82416.5 -82416.5 -82416.5 -82416.5 -82416.5
-0.0134072 -1.63914e-27 -1.11915e-27 4.80644e-15 -1.42787e-27 3.89434e-15 -82416.5 -82416.5 -82416.5 -82416.5 -82416.5 -82416.5
0.0193168 6.78565e-27 9.03005e-29 -1.14327e-14 7.20831e-28 -1.24183e-15 -82416.5 -82416.5 -82416.5 -82416.5 -82416.5 -82416.5
0.0468448 2.25562e-26 1.86806e-28 -3.25059e-14 -2.02284e-27 2.91364e-15 -82416.5 -82416.5 -82416.5 -82416.5 -82416.5 -82416.5
0.0301736 1.54662e-26 1.22554e-27 -2.15525e-14 -4.34853e-27 6.07987e-15 -82416.5 -82416.5 -82416.5 -82416.5 -82416.5 -82416.5
0.0102641 5.08075e-27 1.63037e-27 -7.14762e-15 -2.86953e-27 4.08187e-15 -82416.5 -82416.5 -82416.5 -82416.5 -82416.5 -82416.5
-0.0326219 -1.0835e-26 -7.34356e-27 1.8966e-14 8.94312e-27 -1.55063e-14 -82416.5 -82416.5 -82416.5 -82416.5 -82416.5 -82416.5
-0.0190264 -4.95091e-27 -5.47105e-27 9.87657e-15 5.23833e-27 -1.02302e-14 -82416.5 -82416.5 -82416.5 -82416.5 -82416.5 -82416.5
-0.046468 4.47618e-29 -1.43683e-26 -2.45579e-15 -1.49974e-27 -2.59256e-14 -82416.5 -82416.5 -82416.5 -82416.5 -82416.5 -82416.5
0.043592 8.8273e-28 9.06738e-27 5.94115e-15 2.70796e-27 1.98813e-14 -82416.5 -82416.5 -82416.5 -82416.5 -82416.5 -82416.5
-0.0479455 -4.3861e-27 -3.73794e-27 -1.46044e-14 -4.2271e-27 -1.3596e-14 -82416.5 -82416.5 -82416.5 -82416.5 -82416.5 -82416.5
-0.0229533 -3.03667e-27 -8.30492e-28 -8.34904e-15 -1.6828e-27 -4.61425e-15 -82416.5 -82416.5 -82416.5 -82416.5 -82416.5 -82416.5
0.0482094 9.17235e-27 1.40753e-28 2.09831e-14 1.13614e-27 2.59686e-15 -82416.5 -82416.5 -82416.5 -82416.5 -82416.5 -82416.5
0.0276322 8.13449e-27 2.25752e-28 1.48945e-14 -1.30818e-27 -2.32093e-15 -82416.5 -82416.5 -82416.5 -82416.5 -82416.5 -82416.5
0.0471151 1.55665e-26 1.69545e-27 2.70025e-14 -5.13357e-27 -8.93113e-15 -82416.5 -82416.5 -82416.5 -82416.5 -82416.5 -82416.5
-0.0289536 -1.06771e-26 -4.08025e-27 -1.75826e-14 6.67053e-27 1.09775e-14 -82416.5 -82416.5 -82416.5 -82416.5 -82416.5 -82416.5
0.00120394 4.14028e-28 2.20048e-28 6.87096e-16 -2.9936e-28 -4.81721e-16 -82416.5 -82416.5 -82416.5 -82416.5 -82416.5 -82416.5
-0.00561367 -4.46739e-28 -2.86266e-27 -1.58975e-15 1.15789e-27 4.04274e-15 -82416.5 -82416.5 -82416.5 -82416.5 -82416.5 -82416.5
-0.030773 -4.64602e-28 -1.02783e-26 -3.99565e-15 2.47249e-27 1.80484e-14 -82416.5 -82416.5 -82416.5 -82416.5 -82416.5 -82416.5
0.00881312 2.24463e-29 1.42327e-27 -1.89776e-16 1.02238e-28 -3.49174e-15 -82416.5 -82416.5 -82416.5 -82416.5 -82416.5 -82416.5
0.0329864 3.07175e-28 1.02476e-27 -3.1121e-15 5.5317e-28 -5.40027e-15 -82416.5 -82416.5 -82416.5 -82416.5 -82416.5 -82416.5
-0.0102126 -8.92925e-28 -1.99919e-28 3.09917e-15 7.06109e-28 -2.00919e-15 -82416.5 -82416.5 -82416.5 -82416.5 -82416.5 -82416.5
-0.00352515 -6.01603e-28 -3.0931e-28 1.46114e-15 6.67236e-28 -1.51986e-15 -82416.5 -82416.5 -82416.5 -82416.5 -82416.5 -82416.5
-0.0145098 -5.08869e-27 -8.84425e-27 8.59285e-15 6.87863e-27 -1.16045e-14 -82416.5 -82416.5 -82416.5 -82416.5 -82416.5 -82416.5
0.00415526 2.11173e-27 2.05583e-27 -2.93713e-15 -1.97113e-27 2.86464e-15 -82416.5 -82416.5 -82416.5 -82416.5 -82416.5 -82416.5
-0.0087678 -3.94196e-27 -6.35398e-27 5.89368e-15 5.19649e-27 -7.62172e-15 -82416.5 -82416.5 -82416.5 -82416.5 -82416.5 -82416.5
0.0485632 2.00344e-26 3.24185e-26 -3.11789e-14 -2.54785e-26 3.96772e-14 -82416.5 -82416.5 -82416.5 -82416.5 -82416.5 -82416.5
-0.0464915 -1.56915e-26 -2.36171e-26 2.70125e-14 1.94284e-26 -3.33794e-14 -82416.5 -82416.5 -82416.5 -82416.5 -82416.5 -82416.5
0.0210699 1.28896e-27 7.66287e-29 -5.13555e-15 -1.18756e-28 2.73217e-16 -82416.5 -82416.5 -82416.5 -82416.5 -82416.5 -82416.5
-0.0392435 -1.37516e-27 2.12732e-28 7.55706e-15 -5.18533e-28 1.8836e-15 -82416.5 -82416.5 -82416.5 -82416.5 -82416.5 -82416.5
-0.00074778 6.62084e-29 3.27085e-28 6.08005e-16 -2.85366e-28 -2.29687e-16 -82416.5 -82416.5 -82416.5 -82416.5 -82416.5 -82416.5
0.0441253 1.14862e-27 2.18158e-26 7.00063e-15 -4.9795e-27 -3.09265e-14 -82416.5 -82416.5 -82416.5 -82416.5 -82416.5 -82416.5
-0.0136296 -5.16874e-28 -7.27713e-27 -2.741e-15 1.96989e-27 9.98951e-15 -82416.5 -82416.5 -82416.5 -82416.5 -82416.5 -82416.5
-0.0312855 1.39213e-30 7.27529e-32 -5.21969e-17 3.27276e-31 -2.40681e-17 -82416.5 -82416.5 -82416.5 -82416.5 -82416.5 -82416.5
-0.0481895 -4.25849e-30 1.01596e-30 5.179e-16 -1.74381e-31 1.4424e-16 -82416.5 -82416.5 -82416.5 -82416.5 -82416.5 -82416.5
-0.0337239 -1.45243e-28 -3.37056e-31 2.22842e-15 7.40945e-30 -1.09314e-16 -82416.5 -82416.5 -82416.5 -82416.5 -82416.5 -82416.5
0.0181222 3.84978e-28 4.88674e-30 -2.6407e-15 -1.9524e-29 1.39669e-16 -82416.5 -82416.5 -82416.5 -82416.5 -82416.5 -82416.5
0.0285286 2.11675e-27 1.72265e-29 -7.71751e-15 -1.66192e-28 6.46349e-16 -82416.5 -82416.5 -82416.5 -82416.5 -82416.5 -82416.5
0.0432937 4.34574e-27 7.51614e-29 -1.36889e-14 -5.44508e-28 1.74995e-15 -82416.5 -82416.5 -82416.5 -82416.5 -82416.5 -82416.5
0.0243371 3.05847e-27 6.14228e-29 -8.61391e-15 -4.17222e-28 1.19368e-15 -82416.5 -82416.5 -82416.5 -82416.5 -82416.5 -82416.5
0.0187338 4.23403e-27 1.8095e-27 -8.83687e-15 -2.75493e-27 5.82002e-15 -82416.5 -82416.5 -82416.5 -82416.5 -82416.5 -82416.5
-0.0272009 -6.05362e-27 -3.07941e-27 1.28996e-14 4.33704e-27 -9.15246e-15 -82416.5 -82416.5 -82416.5 -82416.5 -82416.5 -82416.5
-0.034138 -9.88475e-27 -1.09258e-26 1.84351e-14 1.0422e-26 -1.93135e-14 -82416.5 -82416.5 -82416.5 -82416.5 -82416.5 -82416.5
-0.0269314 -6.61114e-27 -8.66578e-27 1.36012e-14 7.66825e-27 -1.5286e-14 -82416.5 -82416.5 -82416.5 -82416.5 -82416.5 -82416.5
0.0332617 9.07123e-27 1.09421e-26 -1.73623e-14 -9.96239e-27 1.90736e-14 -82416.5 -82416.5 -82416.5 -82416.5 -82416.5 -82416.5
0.0421612 9.00863e-27 8.9519e-27 -1.94874e-14 -8.97855e-27 1.94269e-14 -82416.5 -82416.5 -82416.5 -82416.5 -82416.5 -82416.5
-0.0266803 -5.4407e-27 -3.83248e-27 1.24318e-14 4.72792e-27 -1.01129e-14 -82416.5 -82416.5 -82416.5 -82416.5 -82416.5 -82416.5
-0.0292887 -4.2274e-27 -2.38353e-27 1.15675e-14 3.26004e-27 -8.36509e-15 -82416.5 -82416.5 -82416.5 -82416.5 -82416.5 -82416.5
-0.0466843 -7.53901e-27 -1.15247e-27 1.93445e-14 2.99134e-27 -7.35667e-15 -82416.5 -82416.5 -82416.5 -82416.5 -82416.5 -82416.5
-0.046199 -2.46662e-27 -1.88316e-28 1.13467e-14 7.25112e-28 -2.94959e-15 -82416.5 -82416.5 -82416.5 -82416.5 -82416.5 -82416.5
0.00154654 2.98551e-28 1.65388e-29 -8.30127e-17 -1.59904e-29 1.59016e-16 -82416.5 -82416.5 -82416.5 -82416.5 -82416.5 -82416.5
-0.0488422 1.65679e-29 -1.04702e-27 3.29999e-15 4.79284e-28 -7.15136e-15 -82416.5 -82416.5 -82416.5 -82416.5 -82416.5 -82416.5
0.043516 1.06651e-28 1.52025e-27 -2.81785e-16 -6.23281e-29 8.1312e-15 -82416.5 -82416.5 -82416.5 -82416.5 -82416.5 -82416.5
-0.0378449 5.90878e-29 -2.14881e-27 -1.50553e-15 -3.41221e-28 -9.02341e-15 -82416.5 -82416.5 -82416.5 -82416.5 -82416.5 -82416.5
-0.0386138 -5.4357e-28 -4.20343e-27 -4.82497e-15 -1.59428e-27 -1.27402e-14 -82416.5 -82416.5 -82416.5 -82416.5 -82416.5 -82416.5
-0.000299731 2.38558e-31 -5.21781e-29 -2.05113e-16 -8.51644e-29 -1.25063e-16 -82416.5 -82416.5 -82416.5 -82416.5 -82416.5 -82416.5
-0.0212787 -5.57814e-27 -3.87037e-27 -1.09791e-14 -4.68017e-27 -9.07513e-15 -82416.5 -82416.5 -82416.5 -82416.5 -82416.5 -82416.5
0.0481292 1.85474e-26 8.2811e-27 2.98704e-14 1.23831e-26 1.99606e-14 -82416.5 -82416.5 -82416.5 -82416.5 -82416.5 -82416.5
0.0326165 1.48361e-26 5.43678e-27 2.19738e-14 8.96899e-27 1.33163e-14 -82416.5 -82416.5 -82416.5 -82416.5 -82416.5 -82416.5
0.0395592 9.6568e-27 1.42899e-27 1.9545e-14 3.71426e-27 7.51688e-15 -82416.5 -82416.5 -82416.5 -82416.5 -82416.5 -82416.5
0.0380764 3.82963e-27 2.65899e-28 1.20703e-14 9.94399e-28 3.11816e-15 -82416.5 -82416.5 -82416.5 -82416.5 -82416.5 -82416.5
0.0421249 1.15403e-27 1.78724e-28 6.97097e-15 4.5415e-28 2.7434e-15 -82416.5 -82416.5 -82416.5 -82416.5 -82416.5 -82416.5
-0.0340264 -1.53139e-27 -1.87448e-27 7.23793e-15 1.69558e-27 -7.99097e-15 -82416.5 -82416.5 -82416.5 -82416.5 -82416.5 -82416.5
0.0435582 6.89299e-27 4.69235e-27 -1.73275e-14 -5.68407e-27 1.42876e-14 -82416.5 -82416.5 -82416.5 -82416.5 -82416.5 -82416.5
0.035705 9.85533e-27 4.57945e-27 -1.87547e-14 -6.71777e-27 1.27862e-14 -82416.5 -82416.5 -82416.5 -82416.5 -82416.5 -82416.5
-0.0455728 -1.50405e-26 -5.804e-27 2.6187e-14 9.34747e-27 -1.62642e-14 -82416.5 -82416.5 -82416.5 -82416.5 -82416.5 -82416.5
0.0110391 4.16668e-27 1.38151e-27 -6.78142e-15 -2.39363e-27 3.8994e-15 -82416.5 -82416.5 -82416.5 -82416.5 -82416.5 -82416.5
0.022023 9.41051e-27 2.37314e-27 -1.43961e-14 -4.72171e-27 7.22262e-15 -82416.5 -82416.5 -82416.5 -82416.5 -82416.5 -82416.5
0.0475623 2.2725e-26 4.41555e-27 -3.28757e-14 -1.001e-26 1.44778e-14 -82416.5 -82416.5 -82416.5 -82416.5 -82416.5 -82416.5
0.0195188 1.00977e-26 1.42263e-27 -1.40348e-14 -3.789e-27 5.26311e-15 -82416.5 -82416.5 -82416.5 -82416.5 -82416.5 -82416.5
-0.036945 -1.6909e-26 -9.07226e-28 2.49952e-14 3.925e-27 -5.79832e-15 -82416.5 -82416.5 -82416.5 -82416.5 -82416.5 -82416.5
0.0263349 6.03984e-27 3.80473e-28 -1.26116e-14 -1.5144e-27 3.16127e-15 -82416.5 -82416.5 -82416.5 -82416.5 -82416.5 -82416.5
-0.0230769 -1.50863e-27 -1.01691e-27 5.91682e-15 1.24706e-27 -4.84859e-15 -82416.5 -82416.5 -82416.5 -82416.5 -82416.5 -82416.5
0.0442678 7.2122e-28 3.05679e-27 -5.55521e-15 -1.46419e-27 1.16309e-14 -82416.5 -82416.5 -82416.5 -82416.5 -82416.5 -82416.5
0.0478274 1.41618e-27 2.72731e-27 8.18367e-15 1.9575e-27 1.14194e-14 -82416.5 -82416.5 -82416.5 -82416.5 -82416.5 -82416.5
-0.0380795 -5.38021e-27 -9.04055e-28 -1.4403e-14 -2.21863e-27 -5.86739e-15 -82416.5 -82416.5 -82416.5 -82416.5 -82416.5 -82416.5
0.0244536 6.62719e-27 4.90469e-28 1.26084e-14 1.80148e-27 3.44627e-15 -82416.5 -82416.5 -82416.5 -82416.5 -82416.5 -82416.5
-0.0320325 -9.20401e-27 -7.42121e-28 -1.73147e-14 -2.6214e-27 -4.88222e-15 -82416.5 -82416.5 -82416.5 -82416.5 -82416.5 -82416.5
-0.021485 -7.85481e-27 -8.15463e-28 -1.30784e-14 -2.54697e-27 -4.18574e-15 -82416.5 -82416.5 -82416.5 -82416.5 -82416.5 -82416.5
-0.0480112 -2.16284e-26 -3.36326e-27 -3.23701e-14 -8.56925e-27 -1.27073e-14 -82416.5 -82416.5 -82416.5 -82416.5 -82416.5 -82416.5
0.0199329 8.41751e-27 1.69123e-27 1.29185e-14 3.7621e-27 5.8061e-15 -82416.5 -82416.5 -82416.5 -82416.5 -82416.5 -82416.5
0.0369748 1.23071e-26 2.31233e-27 2.1316e-14 5.3255e-27 9.2447e-15 -82416.5 -82416.5 -82416.5 -82416.5 -82416.5 -82416.5
-0.0449381 -1.18062e-26 -2.02793e-27 -2.33597e-14 -4.9582e-27 -9.54639e-15 -82416.5 -82416.5 -82416.5 -82416.5 -82416.5 -82416.5
-0.0180539 -1.09433e-27 -2.57356e-28 -4.94241e-15 -5.82983e-28 -2.15639e-15 -82416.5 -82416.5 -82416.5 -82416.5 -82416.5 -82416.5
0.0485332 4.60216e-29 1.76877e-27 1.24581e-15 2.34866e-28 9.26362e-15 -82416.5 -82416.5 -82416.5 -82416.5 -82416.5 -82416.5
-0.0342768 -1.34008e-27 -3.05586e-27 7.30825e-15 2.15385e-27 -1.02413e-14 -82416.5 -82416.5 -82416.5 -82416.5 -82416.5 -82416.5
-0.0023971 1.24219e-28 -1.75598e-28 4.75771e-16 6.99308e-29 -6.84529e-16 -82416.5 -82416.5 -82416.5 -82416.5 -82416.5 -82416.5
0.0493397 4.81162e-27 4.52585e-27 -1.53966e-14 -4.66643e-27 1.49281e-14 -82416.5 -82416.5 -82416.5 -82416.5 -82416.5 -82416.5
-0.0281539 -1.06442e-26 -5.47077e-28 1.73962e-14 2.43299e-27 -4.02644e-15 -82416.5 -82416.5 -82416.5 -82416.5 -82416.5 -82416.5
-0.0331654 -1.42479e-26 -9.47854e-28 2.18457e-14 3.68713e-27 -5.69901e-15 -82416.5 -82416.5 -82416.5 -82416.5 -82416.5 -82416.5
0.0318297 1.32133e-26 1.39849e-27 -2.05064e-14 -4.29493e-27 6.66893e-15 -82416.5 -82416.5 -82416.5 -82416.5 -82416.5 -82416.5
0.0414246 1.47985e-26 2.78217e-27 -2.47513e-14 -6.41416e-27 1.07206e-14 -82416.5 -82416.5 -82416.5 -82416.5 -82416.5 -82416.5
0.0447819 8.59815e-27 3.4101e-27 -1.96109e-14 -5.41448e-27 1.23544e-14 -82416.5 -82416.5 -82416.5 -82416.5 -82416.5 -82416.5
-0.031852 -4.66498e-27 -2.10105e-27 1.23266e-14 3.13081e-27 -8.28288e-15 -82416.5 -82416.5 -82416.5 -82416.5 -82416.5 -82416.5
-0.026982 -9.82482e-28 -1.08902e-27 5.30552e-15 1.03599e-27 -5.51919e-15 -82416.5 -82416.5 -82416.5 -82416.5 -82416.5 -82416.5
0.0354155 3.54347e-28 1.12686e-27 -3.47718e-15 -6.31108e-28 6.25355e-15 -82416.5 -82416.5 -82416.5 -82416.5 -82416.5 -82416.5
0.0475807 8.16176e-29 1.22145e-27 -1.88851e-15 -3.02605e-28 7.62349e-15 -82416.5 -82416.5 -82416.5 -82416.5 -82416.5 -82416.5
-0.0457739 6.35088e-29 -1.22587e-27 5.01765e-16 1.87547e-29 -7.67794e-15 -82416.5 -82416.5 -82416.5 -82416.5 -82416.5 -82416.5
-0.041574 -5.24597e-29 -9.30424e-28 -2.3385e-15 -4.46609e-28 -6.49325e-15 -82416.5 -82416.5 -82416.5 -82416.5 -82416.5 -82416.5
0.0321558 1.26442e-27 1.8408e-27 6.37638e-15 1.50183e-27 7.57073e-15 -82416.5 -82416.5 -82416.5 -82416.5 -82416.5 -82416.5
0.0491142 6.96726e-27 3.7115e-27 1.84973e-14 5.07858e-27 1.34758e-14 -82416.5 -82416.5 -82416.5 -82416.5 -82416.5 -82416.5
-0.0423915 -8.49896e-27 -2.747e-27 -1.90709e-14 -5.00355e-27 -1.09449e-14 -82416.5 -82416.5 -82416.5 -82416.5 -82416.5 -82416.5
0.0207692 4.93295e-27 1.26634e-27 1.00936e-14 2.46049e-27 5.10189e-15 -82416.5 -82416.5 -82416.5 -82416.5 -82416.5 -82416.5
-0.0302636 -8.09667e-27 -1.5945e-27 -1.56599e-14 -3.85209e-27 -7.37384e-15 -82416.5 -82416.5 -82416.5 -82416.5 -82416.5 -82416.5
0.026958 9.08931e-27 1.12048e-27 1.56034e-14 3.17698e-27 5.49538e-15 -82416.5 -82416.5 -82416.5 -82416.5 -82416.5 -82416.5
0.0243016 1.07209e-26 1.0014e-27 1.60861e-14 3.22605e-27 4.91168e-15 -82416.5 -82416.5 -82416.5 -82416.5 -82416.5 -82416.5
0.0321817 6.93469e-27 1.77672e-27 1.49168e-14 3.35658e-27 7.09972e-15 -82416.5 -82416.5 -82416.5 -82416.5 -82416.5 -82416.5
-0.0183059 -1.44491e-27 -1.73278e-28 -5.22664e-15 -9.01889e-28 -3.74597e-15 -82416.5 -82416.5 -82416.5 -82416.5 -82416.5 -82416.5
0.0490109 1.29135e-27 1.93311e-27 7.89654e-15 1.57965e-27 9.63546e-15 -82416.5 -82416.5 -82416.5 -82416.5 -82416.5 -82416.5
-0.0230372 -2.03176e-28 -5.81318e-28 -2.17084e-15 -4.27146e-28 -4.78703e-15 -82416.5 -82416.5 -82416.5 -82416.5 -82416.5 -82416.5
0.0455835 1.27347e-26 1.71674e-27 -2.40933e-14 -4.67124e-27 8.83645e-15 -82416.5 -82416.5 -82416.5 -82416.5 -82416.5 -82416.5
-0.0335198 -1.41331e-26 -2.48033e-28 2.17834e-14 4.79809e-27 -7.11913e-15 -82416.5 -82416.5 -82416.5 -82416.5 -82416.5 -82416.5
0.047754 1.81242e-26 2.98574e-27 -2.94144e-14 -7.31876e-27 1.19001e-14 -82416.5 -82416.5 -82416.5 -82416.5 -82416.5 -82416.5
-0.0270943 -5.78935e-32 -3.25457e-30 -7.14406e-17 5.17063e-31 3.49512e-16 -82416.5 -82416.5 -82416.5 -82416.5 -82416.5 -82416.5
-0.0192508 -7.75487e-31 -1.7916e-29 -1.2428e-16 5.03841e-30 7.08078e-16 -82416.5 -82416.5 -82416.5 -82416.5 -82416.5 -82416.5
-0.045793 -2.76794e-29 -3.39612e-28 -1.13619e-15 9.94135e-29 3.95931e-15 -82416.5 -82416.5 -82416.5 -82416.5 -82416.5 -82416.5
-0.0198861 -5.01314e-29 -3.90768e-28 -9.98473e-16 1.39993e-28 2.78795e-15 -82416.5 -82416.5 -82416.5 -82416.5 -82416.5 -82416.5
-0.0463428 -2.87664e-28 -1.77679e-27 -3.65634e-15 7.1673e-28 9.07567e-15 -82416.5 -82416.5 -82416.5 -82416.5 -82416.5 -82416.5
-0.0436382 -2.86019e-27 -5.32812e-27 -1.11962e-14 3.90736e-27 1.52523e-14 -82416.5 -82416.5 -82416.5 -82416.5 -82416.5 -82416.5
-0.0475528 -4.50449e-27 -6.33383e-27 -1.46407e-14 5.34173e-27 1.73669e-14 -82416.5 -82416.5 -82416.5 -82416.5 -82416.5 -82416.5
0.0492386 5.63049e-27 4.80524e-27 1.66496e-14 -5.19952e-27 -1.53795e-14 -82416.5 -82416.5 -82416.5 -82416.5 -82416.5 -82416.5
-0.0429424 -4.39445e-27 -3.15936e-27 -1.37465e-14 3.72846e-27 1.16787e-14 -82416.5 -82416.5 -82416.5 -82416.5 -82416.5 -82416.5
0.0427026 3.6524e-27 2.2624e-27 1.24789e-14 -2.87451e-27 -9.81834e-15 -82416.5 -82416.5 -82416.5 -82416.5 -82416.5 -82416.5
-0.0205308 -7.63672e-28 -3.54197e-28 -3.98038e-15 5.21949e-28 2.74389e-15 -82416.5 -82416.5 -82416.5 -82416.5 -82416.5 -82416.5
0.0481436 3.7631e-28 3.66026e-28 4.17646e-15 -3.71132e-28 -4.11734e-15 -82416.5 -82416.5 -82416.5 -82416.5 -82416.5 -82416.5
0.0402296 1.4019e-29 5.28793e-28 5.68614e-16 -7.47708e-29 -4.52659e-15 -82416.5 -82416.5 -82416.5 -82416.5 -82416.5 -82416.5
0.00556964 4.17155e-29 1.74166e-28 1.39302e-16 -5.95389e-29 -8.73549e-16 -82416.5 -82416.5 -82416.5 -82416.5 -82416.5 -82416.5
-0.03597 -3.8266e-29 -1.69671e-27 1.40415e-15 -3.14599e-28 7.82393e-15 -82416.5 -82416.5 -82416.5 -82416.5 -82416.5 -82416.5
0.0489476 2.15405e-28 3.29117e-27 -3.17e-15 7.88074e-28 -1.25655e-14 -82416.5 -82416.5 -82416.5 -82416.5 -82416.5 -82416.5
-0.0217679 -1.08975e-27 -2.64739e-27 5.07586e-15 -1.88028e-27 7.70025e-15 -82416.5 -82416.5 -82416.5 -82416.5 -82416.5 -82416.5
-0.0469839 -3.42465e-27 -6.17296e-27 1.27998e-14 -4.72136e-27 1.71099e-14 -82416.5 -82416.5 -82416.5 -82416.5 -82416.5 -82416.5
0.0488632 6.37481e-27 1.50008e-27 -1.76468e-14 3.06429e-27 -8.46371e-15 -82416.5 -82416.5 -82416.5 -82416.5 -82416.5 -82416.5
0.031397 1.44812e-27 1.88581e-29 -6.65943e-15 4.11811e-29 -3.0627e-16 -82416.5 -82416.5 -82416.5 -82416.5 -82416.5 -82416.5
0.0490098 4.09831e-28 1.35978e-28 -4.43488e-15 -2.33512e-28 2.58151e-15 -82416.5 -82416.5 -82416.5 -82416.5 -82416.5 -82416.5
-0.0490681 -1.67881e-28 -2.59596e-28 3.43906e-15 2.1164e-28 -4.72809e-15 -82416.5 -82416.5 -82416.5 -82416.5 -82416.5 -82416.5
0.0378894 1.26135e-28 1.14287e-27 -1.5953e-15 -3.10722e-28 6.51548e-15 -82416.5 -82416.5 -82416.5 -82416.5 -82416.5 -82416.5
0.0384522 1.63728e-28 4.98595e-27 -2.29476e-15 -8.02419e-28 1.38204e-14 -82416.5 -82416.5 -82416.5 -82416.5 -82416.5 -82416.5
-0.0481881 -4.52541e-28 -7.78226e-27 4.67914e-15 1.88362e-27 -1.95818e-14 -82416.5 -82416.5 -82416.5 -82416.5 -82416.5 -82416.5
-0.0480089 -1.422e-27 -9.91516e-27 8.26822e-15 3.77861e-27 -2.20621e-14 -82416.5 -82416.5 -82416.5 -82416.5 -82416.5 -82416.5
-0.0261227 -1.88481e-27 -6.9576e-27 7.05873e-15 3.73102e-27 -1.36071e-14 -82416.5 -82416.5 -82416.5 -82416.5 -82416.5 -82416.5
0.00573428 5.33118e-28 1.96775e-27 -1.74284e-15 -9.87216e-28 3.29898e-15 -82416.5 -82416.5 -82416.5 -82416.5 -82416.5 -82416.5
0.049411 3.66917e-27 1.48109e-26 -1.34036e-14 -7.33624e-27 2.70521e-14 -82416.5 -82416.5 -82416.5 -82416.5 -82416.5 -82416.5
0.034164 6.55134e-28 6.45221e-27 -4.73031e-15 -2.05462e-27 1.48261e-14 -82416.5 -82416.5 -82416.5 -82416.5 -82416.5 -82416.5
0.039301 4.24633e-28 5.96625e-27 -4.08105e-15 -1.59168e-27 1.52985e-14 -82416.5 -82416.5 -82416.5 -82416.5 -82416.5 -82416.5
0.0497473 3.36705e-28 5.4773e-27 -4.05439e-15 -1.34256e-27 1.65053e-14 -82416.5 -82416.5 -82416.5 -82416.5 -82416.5 -82416.5
0.0334768 2.74485e-28 1.21259e-27 -2.72118e-15 -4.577e-28 6.24659e-15 -82416.5 -82416.5 -82416.5 -82416.5 -82416.5 -82416.5
-0.0350259 -5.42676e-28 1.27536e-28 5.01333e-15 4.55357e-28 -1.80819e-15 -82416.5 -82416.5 -82416.5 -82416.5 -82416.5 -82416.5
-0.0142709 -1.19645e-27 1.05221e-28 4.35881e-15 -3.45299e-28 1.83205e-15 -82416.5 -82416.5 -82416.5 -82416.5 -82416.5 -82416.5
-0.0495281 -2.46433e-27 -9.85384e-27 1.1199e-14 -4.93993e-27 2.21916e-14 -82416.5 -82416.5 -82416.5 -82416.5 -82416.5 -82416.5
0.0138501 2.45704e-28 3.66962e-27 -1.83403e-15 9.35901e-28 -7.11546e-15 -82416.5 -82416.5 -82416.5 -82416.5 -82416.5 -82416.5
0.0413603 4.07646e-28 1.33783e-26 -4.01279e-15 2.32117e-27 -2.3397e-14 -82416.5 -82416.5 -82416.5 -82416.5 -82416.5 -82416.5
0.0208868 1.55879e-27 4.80682e-27 -5.69465e-15 2.73728e-27 -9.99778e-15 -82416.5 -82416.5 -82416.5 -82416.5 -82416.5 -82416.5
-0.00624929 -6.98592e-28 -1.50729e-27 2.13827e-15 -1.02641e-27 3.12646e-15 -82416.5 -82416.5 -82416.5 -82416.5 -82416.5 -82416.5
0.00798856 9.50804e-28 1.5713e-27 -2.73901e-15 1.21989e-27 -3.48953e-15 -82416.5 -82416.5 -82416.5 -82416.5 -82416.5 -82416.5
0.034653 4.67848e-27 4.87596e-27 -1.27259e-14 4.77064e-27 -1.2956e-14 -82416.5 -82416.5 -82416.5 -82416.5 -82416.5 -82416.5
-0.0440389 -5.63934e-27 -4.82356e-27 1.5856e-14 -5.22415e-27 1.45955e-14 -82416.5 -82416.5 -82416.5 -82416.5 -82416.5 -82416.5
-0.035263 -4.40731e-27 -2.57931e-27 1.25884e-14 -3.37239e-27 9.60388e-15 -82416.5 -82416.5 -82416.5 -82416.5 -82416.5 -82416.5
0.0239706 2.31272e-27 5.96585e-28 -7.44055e-15 1.15988e-27 -3.70955e-15 -82416.5 -82416.5 -82416.5 -82416.5 -82416.5 -82416.5
0.0384869 4.95756e-28 6.36806e-29 -3.50195e-15 1.01766e-28 4.81808e-17 -82416.5 -82416.5 -82416.5 -82416.5 -82416.5 -82416.5
0.0458787 1.32373e-28 1.60284e-28 -1.54961e-15 -6.10945e-30 2.17823e-15 -82416.5 -82416.5 -82416.5 -82416.5 -82416.5 -82416.5
-0.0387711 3.91323e-28 -4.48445e-28 -1.04325e-15 1.02409e-28 -4.71685e-15 -82416.5 -82416.5 -82416.5 -82416.5 -82416.5 -82416.5
-0.026536 4.08472e-28 -4.32477e-28 3.18649e-16 3.01152e-28 -3.95203e-15 -82416.5 -82416.5 -82416.5 -82416.5 -82416.5 -82416.5
0.00834552 2.63298e-28 9.2643e-28 7.09553e-16 2.71134e-28 2.77123e-15 -82416.5 -82416.5 -82416.5 -82416.5 -82416.5 -82416.5
-0.0456168 -5.22883e-27 -7.84398e-27 -1.59267e-14 -6.4495e-27 -1.90776e-14 -82416.5 -82416.5 -82416.5 -82416.5 -82416.5 -82416.5
-0.0487382 -7.54556e-27 -7.5493e-27 -1.94352e-14 -7.5483e-27 -1.93942e-14 -82416.5 -82416.5 -82416.5 -82416.5 -82416.5 -82416.5
-0.0358228 -6.99544e-27 -4.00261e-27 -1.58463e-14 -5.31922e-27 -1.21045e-14 -82416.5 -82416.5 -82416.5 -82416.5 -82416.5 -82416.5
0.0101757 2.12669e-27 3.91222e-28 4.50642e-15 9.1179e-28 1.91827e-15 -82416.5 -82416.5 -82416.5 -82416.5 -82416.5 -82416.5
0.0390492 1.01787e-26 8.09409e-28 1.98069e-14 2.86883e-27 5.60311e-15 -82416.5 -82416.5 -82416.5 -82416.5 -82416.5 -82416.5
0.0204471 5.97065e-27 1.40549e-28 1.08915e-14 8.10829e-28 1.61186e-15 -82416.5 -82416.5 -82416.5 -82416.5 -82416.5 -82416.5
-0.0144728 -3.59022e-27 -1.02398e-28 -7.46543e-15 -8.30223e-28 -1.41954e-15 -82416.5 -82416.5 -82416.5 -82416.5 -82416.5 -82416.5
-0.0282024 -7.79327e-27 -3.27334e-28 -1.4845e-14 -1.87309e-27 -3.47183e-15 -82416.5 -82416.5 -82416.5 -82416.5 -82416.5 -82416.5
-0.0366053 -9.1083e-27 -1.16784e-27 -1.83242e-14 -3.49874e-27 -6.82489e-15 -82416.5 -82416.5 -82416.5 -82416.5 -82416.5 -82416.5
-0.00798971 -1.75411e-27 -5.4214e-28 -4.16604e-15 -1.27932e-27 -2.17553e-15 -82416.5 -82416.5 -82416.5 -82416.5 -82416.5 -82416.5
-0.0256158 -2.96907e-27 -2.94474e-27 -9.53251e-15 -3.4081e-27 -8.74522e-15 -82416.5 -82416.5 -82416.5 -82416.5 -82416.5 -82416.5
0.0479828 3.91668e-27 4.38301e-27 1.36965e-14 4.1413e-27 1.44629e-14 -82416.5 -82416.5 -82416.5 -82416.5 -82416.5 -82416.5
0.0188773 4.99586e-28 2.13917e-28 -1.16402e-15 -2.53681e-28 1.76397e-15 -82416.5 -82416.5 -82416.5 -82416.5 -82416.5 -82416.5
0.0204974 7.08745e-28 7.07602e-28 -3.78127e-15 -6.98948e-28 3.806e-15 -82416.5 -82416.5 -82416.5 -82416.5 -82416.5 -82416.5
-0.0409319 -3.54792e-27 -2.78238e-27 1.23299e-14 3.20042e-27 -1.06744e-14 -82416.5 -82416.5 -82416.5 -82416.5 -82416.5 -82416.5
0.0414928 7.11098e-27 1.3331e-27 -1.69872e-14 -3.0785e-27 7.37212e-15 -82416.5 -82416.5 -82416.5 -82416.5 -82416.5 -82416.5
0.0439381 8.05522e-27 7.9034e-28 -1.86532e-14 -2.52236e-27 5.82156e-15 -82416.5 -82416.5 -82416.5 -82416.5 -82416.5 -82416.5
0.0317125 4.64052e-27 7.33025e-28 -1.19735e-14 -1.84318e-27 4.78332e-15 -82416.5 -82416.5 -82416.5 -82416.5 -82416.5 -82416.5
0.0423076 5.45857e-27 1.40885e-27 -1.50758e-14 -2.77189e-27 7.68477e-15 -82416.5 -82416.5 -82416.5 -82416.5 -82416.5 -82416.5
0.0471265 4.94118e-27 2.44024e-27 -1.50082e-14 -3.44584e-27 1.07058e-14 -82416.5 -82416.5 -82416.5 -82416.5 -82416.5 -82416.5
-0.0396704 -3.05382e-27 -2.67331e-27 1.10952e-14 2.87068e-27 -1.03027e-14 -82416.5 -82416.5 -82416.5 -82416.5 -82416.5 -82416.5
0.0139608 5.76668e-29 9.47217e-28 -8.80821e-16 -2.21347e-28 3.60334e-15 -82416.5 -82416.5 -82416.5 -82416.5 -82416.5 -82416.5
-0.0451999 3.84105e-28 -2.67464e-27 1.18001e-15 2.88203e-28 -1.09952e-14 -82416.5 -82416.5 -82416.5 -82416.5 -82416.5 -82416.5
0.0305719 2.24339e-28 6.05675e-28 6.10882e-16 3.68318e-29 4.26374e-15 -82416.5 -82416.5 -82416.5 -82416.5 -82416.5 -82416.5
0.0131294 1.57844e-28 2.35908e-28 -4.85182e-16 -4.1676e-29 1.74595e-15 -82416.5 -82416.5 -82416.5 -82416.5 -82416.5 -82416.5
-0.0160334 3.08784e-28 -5.58712e-28 -8.63433e-16 -2.78908e-28 -3.0872e-15 -82416.5 -82416.5 -82416.5 -82416.5 -82416.5 -82416.5
-0.0260934 4.26154e-28 -2.16652e-27 -1.0114e-15 -2.977e-28 -7.51892e-15 -82416.5 -82416.5 -82416.5 -82416.5 -82416.5 -82416.5
0.0493635 2.7574e-28 3.45932e-27 1.76686e-15 5.45761e-28 1.30106e-14 -82416.5 -82416.5 -82416.5 -82416.5 -82416.5 -82416.5
0.0270165 2.76912e-28 1.49572e-27 2.16064e-15 5.68468e-28 6.26286e-15 -82416.5 -82416.5 -82416.5 -82416.5 -82416.5 -82416.5
-0.0458446 -6.55814e-28 -1.40361e-27 -5.63581e-15 -1.01442e-27 -8.06314e-15 -82416.5 -82416.5 -82416.5 -82416.5 -82416.5 -82416.5
0.0367975 9.98391e-32 3.27176e-31 1.53443e-17 -1.54901e-31 -7.84959e-17 -82416.5 -82416.5 -82416.5 -82416.5 -82416.5 -82416.5
-0.0379202 5.1403e-30 -2.18769e-30 4.41056e-17 -2.04323e-30 3.21423e-16 -82416.5 -82416.5 -82416.5 -82416.5 -82416.5 -82416.5
-0.0418504 7.64292e-31 -2.43492e-29 -4.15542e-16 6.95726e-30 1.06288e-15 -82416.5 -82416.5 -82416.5 -82416.5 -82416.5 -82416.5
-0.0257026 1.08987e-30 -2.52875e-29 -3.13221e-16 6.16578e-30 8.66715e-16 -82416.5 -82416.5 -82416.5 -82416.5 -82416.5 -82416.5
-0.0153549 -1.10434e-29 -1.11535e-28 -4.78968e-16 4.09187e-29 1.30868e-15 -82416.5 -82416.5 -82416.5 -82416.5 -82416.5 -82416.5
0.0137748 2.12548e-29 1.75966e-28 5.05789e-16 -5.74375e-29 -1.55676e-15 -82416.5 -82416.5 -82416.5 -82416.5 -82416.5 -82416.5
0.047694 5.4045e-28 3.28858e-27 5.07522e-15 -1.33235e-27 -1.25234e-14 -82416.5 -82416.5 -82416.5 -82416.5 -82416.5 -82416.5
-0.0083348 -2.35722e-28 -8.9082e-28 -1.40696e-15 4.59649e-28 2.72494e-15 -82416.5 -82416.5 -82416.5 -82416.5 -82416.5 -82416.5
-0.0454673 -2.21377e-27 -5.80021e-27 -1.00543e-14 3.58811e-27 1.62411e-14 -82416.5 -82416.5 -82416.5 -82416.5 -82416.5 -82416.5
0.0224844 1.8371e-27 3.4497e-27 6.40641e-15 -2.5155e-27 -8.79968e-15 -82416.5 -82416.5 -82416.5 -82416.5 -82416.5 -82416.5
0.0479756 7.1737e-27 1.1283e-26 1.85227e-14 -8.98114e-27 -2.32659e-14 -82416.5 -82416.5 -82416.5 -82416.5 -82416.5 -82416.5
-0.0445972 -4.4738e-27 -1.42954e-26 -1.42177e-14 8.07566e-27 2.52577e-14 -82416.5 -82416.5 -82416.5 -82416.5 -82416.5 -82416.5
0.0363336 4.54979e-28 1.01717e-26 3.45857e-15 -1.84484e-27 -1.92226e-14 -82416.5 -82416.5 -82416.5 -82416.5 -82416.5 -82416.5
0.0453469 1.53025e-28 1.12834e-26 2.48416e-15 -1.23731e-27 -2.26199e-14 -82416.5 -82416.5 -82416.5 -82416.5 -82416.5 -82416.5
-0.00305327 2.03047e-28 -6.2584e-28 -5.52817e-16 1.87018e-28 1.39819e-15 -82416.5 -82416.5 -82416.5 -82416.5 -82416.5 -82416.5
0.0486784 5.08492e-28 5.05326e-27 -4.91594e-15 1.57813e-27 -1.56802e-14 -82416.5 -82416.5 -82416.5 -82416.5 -82416.5 -82416.5
0.00296901 6.41897e-28 4.11279e-29 -1.19811e-15 1.0821e-28 -3.31474e-16 -82416.5 -82416.5 -82416.5 -82416.5 -82416.5 -82416.5
-0.025767 -2.34965e-27 -1.77207e-28 8.06198e-15 -7.11579e-28 2.17217e-15 -82416.5 -82416.5 -82416.5 -82416.5 -82416.5 -82416.5
-0.0401525 -4.76816e-27 -4.77729e-29 1.41826e-14 -5.75458e-28 1.50174e-15 -82416.5 -82416.5 -82416.5 -82416.5 -82416.5 -82416.5
-0.0488301 -6.17807e-27 -3.49439e-28 1.77735e-14 1.47542e-27 -4.16268e-15 -82416.5 -82416.5 -82416.5 -82416.5 -82416.5 -82416.5
-0.0385548 -6.05589e-29 -6.89756e-27 3.20994e-15 1.35841e-27 -1.63075e-14 -82416.5 -82416.5 -82416.5 -82416.5 -82416.5 -82416.5
0.0214915 1.8733e-28 4.43484e-27 -1.48378e-15 -6.75021e-28 9.76274e-15 -82416.5 -82416.5 -82416.5 -82416.5 -82416.5 -82416.5
0.0330943 1.41772e-28 8.6679e-27 -1.63573e-15 -8.36261e-28 1.69368e-14 -82416.5 -82416.5 -82416.5 -82416.5 -82416.5 -82416.5
-0.0411244 1.72323e-28 -1.29395e-26 1.5345e-15 8.47094e-28 -2.30686e-14 -82416.5 -82416.5 -82416.5 -82416.5 -82416.5 -82416.5
-0.0467957 -5.93971e-28 -1.95115e-26 5.87781e-15 3.77951e-27 -3.02182e-14 -82416.5 -82416.5 -82416.5 -82416.5 -82416.5 -82416.5
0.0334422 3.9151e-27 9.64574e-27 -1.13973e-14 -6.10376e-27 1.79536e-14 -82416.5 -82416.5 -82416.5 -82416.5 -82416.5 -82416.5
-0.0227335 -3.85919e-27 -3.08969e-27 9.44372e-15 3.47925e-27 -8.38101e-15 -82416.5 -82416.5 -82416.5 -82416.5 -82416.5 -82416.5
0.0415008 1.48837e-26 1.52313e-30 -2.48513e-14 -4.15829e-29 7.25069e-17 -82416.5 -82416.5 -82416.5 -82416.5 -82416.5 -82416.5
-0.0483574 -1.57229e-26 -1.73547e-27 2.76559e-14 -5.23946e-27 9.16095e-15 -82416.5 -82416.5 -82416.5 -82416.5 -82416.5 -82416.5
-0.00693612 -2.06425e-27 -4.19632e-28 3.79072e-15 -9.44239e-28 1.71642e-15 -82416.5 -82416.5 -82416.5 -82416.5 -82416.5 -82416.5
0.0371149 8.3656e-27 5.33856e-27 -1.76079e-14 6.68135e-27 -1.40742e-14 -82416.5 -82416.5 -82416.5 -82416.5 -82416.5 -82416.5
0.00541 1.06323e-27 9.59472e-28 -2.39289e-15 1.00303e-27 -2.27544e-15 -82416.5 -82416.5 -82416.5 -82416.5 -82416.5 -82416.5
-0.0350431 -5.16519e-27 -8.71949e-27 1.36779e-14 -6.82882e-27 1.74804e-14 -82416.5 -82416.5 -82416.5 -82416.5 -82416.5 -82416.5
0.04944 1.88622e-27 1.85224e-26 -9.64209e-15 5.90148e-27 -3.02613e-14 -82416.5 -82416.5 -82416.5 -82416.5 -82416.5 -82416.5
0.0234393 2.61554e-28 9.52669e-27 -1.99934e-15 1.24422e-27 -1.49355e-14 -82416.5 -82416.5 -82416.5 -82416.5 -82416.5 -82416.5
-0.0409702 4.06239e-29 -1.62481e-26 3.05437e-15 -1.94384e-27 2.58022e-14 -82416.5 -82416.5 -82416.5 -82416.5 -82416.5 -82416.5
-0.0192602 -1.81329e-27 -3.89254e-28 -6.06246e-15 8.40274e-28 2.8207e-15 -82416.5 -82416.5 -82416.5 -82416.5 -82416.5 -82416.5
0.04807 5.42917e-27 2.68394e-28 1.61224e-14 -1.12736e-27 -3.42917e-15 -82416.5 -82416.5 -82416.5 -82416.5 -82416.5 -82416.5
-0.0440917 -4.61457e-27 -1.79051e-29 -1.44947e-14 -3.63092e-28 -1.0167e-15 -82416.5 -82416.5 -82416.5 -82416.5 -82416.5 -82416.5
0.0085486 7.97176e-28 2.37384e-28 2.60883e-15 3.75071e-28 1.2532e-15 -82416.5 -82416.5 -82416.5 -82416.5 -82416.5 -82416.5
0.0234412 1.68649e-28 8.9062e-27 1.97948e-15 1.22499e-27 1.43362e-14 -82416.5 -82416.5 -82416.5 -82416.5 -82416.5 -82416.5
-0.0467457 -4.17347e-27 -1.46677e-26 -1.39675e-14 -7.88753e-27 -2.64005e-14 -82416.5 -82416.5 -82416.5 -82416.5 -82416.5 -82416.5
0.0210107 2.35871e-27 5.10531e-27 7.03975e-15 3.46114e-27 1.03295e-14 -82416.5 -82416.5 -82416.5 -82416.5 -82416.5 -82416.5
-0.0140271 -1.52961e-27 -2.37736e-27 -4.66773e-15 -2.01743e-27 -6.4043e-15 -82416.5 -82416.5 -82416.5 -82416.5 -82416.5 -82416.5
-0.0334874 -3.64662e-27 -6.57112e-27 -1.10593e-14 -5.03318e-27 -1.54056e-14 -82416.5 -82416.5 -82416.5 -82416.5 -82416.5 -82416.5
0.025786 2.1218e-27 3.98284e-27 7.37441e-15 2.83678e-27 9.68723e-15 -82416.5 -82416.5 -82416.5 -82416.5 -82416.5 -82416.5
0.00355649 2.4902e-28 8.88974e-28 9.32019e-16 3.77363e-28 1.26534e-15 -82416.5 -82416.5 -82416.5 -82416.5 -82416.5 -82416.5
-0.0452385 -4.54146e-28 2.93874e-28 -4.68725e-15 -3.31295e-28 -4.71582e-15 -82416.5 -82416.5 -82416.5 -82416.5 -82416.5 -82416.5
-0.00448934 1.5749e-29 3.92641e-28 -2.83864e-16 1.11598e-28 -5.58325e-17 -82416.5 -82416.5 -82416.5 -82416.5 -82416.5 -82416.5
0.0489623 2.28962e-28 1.70422e-29 3.34118e-15 -5.63282e-29 -7.96403e-16 -82416.5 -82416.5 -82416.5 -82416.5 -82416.5 -82416.5
-0.00378506 -1.80813e-29 5.49839e-28 -4.41553e-16 1.83697e-28 3.7408e-16 -82416.5 -82416.5 -82416.5 -82416.5 -82416.5 -82416.5
0.0325914 3.02422e-27 2.61244e-27 9.88559e-15 -2.52255e-27 -8.62119e-15 -82416.5 -82416.5 -82416.5 -82416.5 -82416.5 -82416.5
-0.0117011 -1.26351e-27 -1.59678e-27 -3.8474e-15 1.47598e-27 4.45176e-15 -82416.5 -82416.5 -82416.5 -82416.5 -82416.5 -82416.5
-0.0348575 -3.28652e-27 -6.12266e-27 -1.07092e-14 4.51762e-27 1.47787e-14 -82416.5 -82416.5 -82416.5 -82416.5 -82416.5 -82416.5
0.0236372 1.00325e-27 6.53653e-27 4.79757e-15 -2.40062e-27 -1.22219e-14 -82416.5 -82416.5 -82416.5 -82416.5 -82416.5 -82416.5
-0.0428691 -2.65616e-28 -1.35893e-26 -3.54602e-15 1.97701e-27 2.41499e-14 -82416.5 -82416.5 -82416.5 -82416.5 -82416.5 -82416.5
0.0471337 1.79524e-28 1.66668e-26 2.58975e-15 -1.44265e-27 -2.78535e-14 -82416.5 -82416.5 -82416.5 -82416.5 -82416.5 -82416.5
0.0494306 1.60637e-27 1.18458e-26 8.79288e-15 -4.19269e-27 -2.40333e-14 -82416.5 -82416.5 -82416.5 -82416.5 -82416.5 -82416.5
-0.0224156 -1.75583e-27 -3.82104e-27 -6.67385e-15 2.99957e-27 9.43998e-15 -82416.5 -82416.5 -82416.5 -82416.5 -82416.5 -82416.5
-0.044563 -4.38622e-27 -6.8286e-27 -1.4341e-14 5.6723e-27 1.74602e-14 -82416.5 -82416.5 -82416.5 -82416.5 -82416.5 -82416.5
-0.0412493 -4.28521e-27 -4.81799e-27 -1.36561e-14 4.8351e-27 1.42055e-14 -82416.5 -82416.5 -82416.5 -82416.5 -82416.5 -82416.5
-0.0482258 -6.06323e-27 -3.44076e-27 -1.75782e-14 5.03049e-27 1.31681e-14 -82416.5 -82416.5 -82416.5 -82416.5 -82416.5 -82416.5
-0.0387517 -9.87481e-28 -6.57571e-29 -7.46709e-15 7.94871e-28 2.82184e-15 -82416.5 -82416.5 -82416.5 -82416.5 -82416.5 -82416.5
0.00290477 2.4084e-28 4.97238e-29 1.81841e-16 6.80533e-29 -2.39122e-16 -82416.5 -82416.5 -82416.5 -82416.5 -82416.5 -82416.5
0.0485991 2.80857e-28 1.72305e-29 3.48446e-15 5.09646e-29 8.39316e-16 -82416.5 -82416.5 -82416.5 -82416.5 -82416.5 -82416.5
0.0485093 2.07306e-28 1.35915e-28 2.68368e-15 1.46475e-28 2.56429e-15 -82416.5 -82416.5 -82416.5 -82416.5 -82416.5 -82416.5
-0.0379027 -2.27301e-29 -2.93807e-27 -3.51368e-15 -6.75847e-28 -1.13682e-14 -82416.5 -82416.5 -82416.5 -82416.5 -82416.5 -82416.5
-0.0250201 1.63394e-28 -1.56361e-27 -1.55115e-15 -1.22548e-28 -6.94834e-15 -82416.5 -82416.5 -82416.5 -82416.5 -82416.5 -82416.5
0.0491758 1.03976e-27 6.50122e-27 6.59857e-15 2.43594e-27 1.7867e-14 -82416.5 -82416.5 -82416.5 -82416.5 -82416.5 -82416.5
0.0416127 2.74085e-27 9.05447e-27 1.03977e-14 4.93302e-27 1.93315e-14 -82416.5 -82416.5 -82416.5 -82416.5 -82416.5 -82416.5
-0.0478271 -4.93163e-27 -1.41251e-26 -1.53843e-14 -8.39114e-27 -2.63346e-14 -82416.5 -82416.5 -82416.5 -82416.5 -82416.5 -82416.5
-0.03321 -3.69855e-27 -1.15625e-26 -1.10916e-14 -6.58177e-27 -1.98271e-14 -82416.5 -82416.5 -82416.5 -82416.5 -82416.5 -82416.5
0.0479666 3.19635e-28 1.19089e-26 3.42855e-15 1.72055e-27 2.38984e-14 -82416.5 -82416.5 -82416.5 -82416.5 -82416.5 -82416.5
-0.0455168 2.4261e-28 -7.84915e-27 -2.47968e-15 -1.28193e-27 -1.90874e-14 -82416.5 -82416.5 -82416.5 -82416.5 -82416.5 -82416.5
0.0275351 3.03654e-28 3.51612e-27 2.4797e-15 7.76335e-28 9.67976e-15 -82416.5 -82416.5 -82416.5 -82416.5 -82416.5 -82416.5
-0.0413356 -8.42577e-28 -2.21885e-27 -6.99072e-15 -1.77935e-27 -9.69898e-15 -82416.5 -82416.5 -82416.5 -82416.5 -82416.5 -82416.5
-0.0177145 -1.60576e-27 1.04189e-28 -5.86043e-15 -4.85429e-28 -8.11467e-16 -82416.5 -82416.5 -82416.5 -82416.5 -82416.5 -82416.5
-0.0410727 -3.94887e-27 3.87686e-30 -1.32052e-14 -4.74225e-28 -1.15258e-15 -82416.5 -82416.5 -82416.5 -82416.5 -82416.5 -82416.5
-0.0137306 -1.056e-27 6.94738e-30 -4.14909e-15 -4.69477e-30 1.15412e-16 -82416.5 -82416.5 -82416.5 -82416.5 -82416.5 -82416.5
-0.00507253 -4.03129e-28 -6.63841e-29 -1.59131e-15 1.75749e-28 5.82506e-16 -82416.5 -82416.5 -82416.5 -82416.5 -82416.5 -82416.5
-0.048508 1.91316e-30 -1.66964e-30 -1.27979e-16 9.44915e-31 2.85959e-16 -82416.5 -82416.5 -82416.5 -82416.5 -82416.5 -82416.5
-0.0178246 5.14998e-30 -1.16776e-30 -1.01342e-16 2.8512e-31 1.47544e-16 -82416.5 -82416.5 -82416.5 -82416.5 -82416.5 -82416.5
0.0398949 2.4181e-29 8.33115e-29 9.62321e-16 -4.41e-29 -1.82292e-15 -82416.5 -82416.5 -82416.5 -82416.5 -82416.5 -82416.5
-0.0366292 -1.49606e-28 -4.6465e-28 -2.40872e-15 2.70618e-28 4.12574e-15 -82416.5 -82416.5 -82416.5 -82416.5 -82416.5 -82416.5
-0.0456348 -8.00866e-28 -2.09253e-27 -6.05237e-15 1.30093e-27 9.78494e-15 -82416.5 -82416.5 -82416.5 -82416.5 -82416.5 -82416.5
-0.0477803 -2.60709e-27 -4.55457e-27 -1.11786e-14 3.45337e-27 1.47526e-14 -82416.5 -82416.5 -82416.5 -82416.5 -82416.5 -82416.5
-0.0109435 -1.88186e-27 -1.73537e-27 -4.54043e-15 1.80891e-27 4.35819e-15 -82416.5 -82416.5 -82416.5 -82416.5 -82416.5 -82416.5
0.0326464 7.47584e-27 4.07451e-27 1.56224e-14 -5.50873e-27 -1.15111e-14 -82416.5 -82416.5 -82416.5 -82416.5 -82416.5 -82416.5
-0.022455 -6.00816e-27 -1.62349e-27 -1.17409e-14 3.18814e-27 6.0475e-15 -82416.5 -82416.5 -82416.5 -82416.5 -82416.5 -82416.5
0.0231433 7.79072e-27 3.70244e-28 1.34262e-14 -1.66994e-27 -2.86978e-15 -82416.5 -82416.5 -82416.5 -82416.5 -82416.5 -82416.5
-0.0233415 -7.51663e-27 -4.60007e-29 -1.3304e-14 5.94025e-28 1.03745e-15 -82416.5 -82416.5 -82416.5 -82416.5 -82416.5 -82416.5
0.017226 4.42362e-27 1.65299e-29 8.72042e-15 -2.70224e-28 -5.33598e-16 -82416.5 -82416.5 -82416.5 -82416.5 -82416.5 -82416.5
0.0357849 8.88966e-27 6.26981e-29 1.76742e-14 -5.61331e-28 -1.24865e-15 -82416.5 -82416.5 -82416.5 -82416.5 -82416.5 -82416.5
0.0135082 2.10477e-27 5.24018e-28 5.04405e-15 -8.63004e-28 -2.55977e-15 -82416.5 -82416.5 -82416.5 -82416.5 -82416.5 -82416.5
0.0346763 5.13732e-27 1.80171e-27 1.31754e-14 -3.00585e-27 -7.90409e-15 -82416.5 -82416.5 -82416.5 -82416.5 -82416.5 -82416.5
-0.0480759 -5.91184e-27 -3.56053e-27 -1.79275e-14 5.0276e-27 1.31255e-14 -82416.5 -82416.5 -82416.5 -82416.5 -82416.5 -82416.5
-0.0472143 -3.96326e-27 -4.72217e-27 -1.50008e-14 4.88104e-27 1.49633e-14 -82416.5 -82416.5 -82416.5 -82416.5 -82416.5 -82416.5
-0.0478317 1.01098e-28 -1.2321e-27 2.35192e-15 -2.98241e-28 7.77808e-15 -82416.5 -82416.5 -82416.5 -82416.5 -82416.5 -82416.5
-0.0475235 -3.89226e-27 -1.65771e-28 1.38223e-14 -8.83258e-28 3.36938e-15 -82416.5 -82416.5 -82416.5 -82416.5 -82416.5 -82416.5
-0.00819913 -1.28911e-27 -5.56321e-29 3.45389e-15 -2.73277e-28 7.8144e-16 -82416.5 -82416.5 -82416.5 -82416.5 -82416.5 -82416.5
-0.0407673 -1.42915e-26 -1.96276e-27 2.41642e-14 -5.39272e-27 9.19855e-15 -82416.5 -82416.5 -82416.5 -82416.5 -82416.5 -82416.5
0.0431282 1.74625e-26 2.8367e-27 -2.73254e-14 6.77566e-27 -1.08795e-14 -82416.5 -82416.5 -82416.5 -82416.5 -82416.5 -82416.5
-0.0463426 -2.0497e-26 -6.68633e-27 3.09424e-14 -1.21269e-26 1.78828e-14 -82416.5 -82416.5 -82416.5 -82416.5 -82416.5 -82416.5
-0.0181871 -7.5423e-27 -1.89985e-27 1.17317e-14 -4.04448e-27 6.16277e-15 -82416.5 -82416.5 -82416.5 -82416.5 -82416.5 -82416.5
0.00353314 2.38615e-27 2.38409e-28 -2.77333e-15 6.05545e-28 -8.65823e-16 -82416.5 -82416.5 -82416.5 -82416.5 -82416.5 -82416.5
-0.0358353 4.15551e-28 -2.1096e-28 -1.26868e-15 -3.03426e-28 -3.21786e-15 -82416.5 -82416.5 -82416.5 -82416.5 -82416.5 -82416.5
-0.0384798 2.95599e-30 -7.89491e-28 -4.1733e-15 -7.56252e-28 -5.66407e-15 -82416.5 -82416.5 -82416.5 -82416.5 -82416.5 -82416.5
0.0479804 1.33206e-27 1.80585e-27 7.7401e-15 1.38433e-27 9.09437e-15 -82416.5 -82416.5 -82416.5 -82416.5 -82416.5 -82416.5
0.00437336 7.9847e-28 1.05768e-27 1.86373e-15 8.43838e-28 2.03166e-15 -82416.5 -82416.5 -82416.5 -82416.5 -82416.5 -82416.5
-0.0217002 -4.33931e-27 -4.48218e-27 -9.92197e-15 -4.51768e-27 -9.86263e-15 -82416.5 -82416.5 -82416.5 -82416.5 -82416.5 -82416.5
0.0321164 7.43278e-27 8.51156e-27 1.53409e-14 7.79659e-27 1.64807e-14 -82416.5 -82416.5 -82416.5 -82416.5 -82416.5 -82416.5
-0.0262882 -7.63811e-27 -7.90698e-27 -1.41997e-14 -7.932e-27 -1.45554e-14 -82416.5 -82416.5 -82416.5 -82416.5 -82416.5 -82416.5
0.00421134 1.13826e-27 1.43753e-27 2.15602e-15 1.25361e-27 2.45969e-15 -82416.5 -82416.5 -82416.5 -82416.5 -82416.5 -82416.5
0.0181264 5.89122e-27 5.12002e-27 1.01799e-14 4.9545e-27 9.27599e-15 -82416.5 -82416.5 -82416.5 -82416.5 -82416.5 -82416.5
-0.0481446 -1.2211e-26 -9.27696e-27 -2.43506e-14 -1.12585e-26 -2.17752e-14 -82416.5 -82416.5 -82416.5 -82416.5 -82416.5 -82416.5
0.0475411 1.05207e-26 8.39121e-27 2.23398e-14 9.32801e-27 1.99196e-14 -82416.5 -82416.5 -82416.5 -82416.5 -82416.5 -82416.5
-0.0461732 -9.6902e-27 -5.89707e-27 -2.14373e-14 -8.68653e-27 -1.7679e-14 -82416.5 -82416.5 -82416.5 -82416.5 -82416.5 -82416.5
-0.0464958 -8.91726e-27 -6.26293e-27 -2.05295e-14 -8.39547e-27 -1.82057e-14 -82416.5 -82416.5 -82416.5 -82416.5 -82416.5 -82416.5
0.0458834 6.81619e-27 2.77067e-27 1.76269e-14 4.16672e-27 1.10341e-14 -82416.5 -82416.5 -82416.5 -82416.5 -82416.5 -82416.5
-0.0451877 -4.59296e-27 -3.75414e-29 -1.48701e-14 -2.90515e-27 -7.09916e-15 -82416.5 -82416.5 -82416.5 -82416.5 -82416.5 -82416.5
0.0370114 2.4037e-27 3.63647e-28 9.36606e-15 4.52256e-28 2.14146e-15 -82416.5 -82416.5 -82416.5 -82416.5 -82416.5 -82416.5
-0.0456131 -1.34856e-27 1.20626e-27 -8.90693e-15 -8.4017e-28 -7.68135e-16 -82416.5 -82416.5 -82416.5 -82416.5 -82416.5 -82416.5
-0.0348144 -5.1302e-28 1.14691e-27 -5.29353e-15 -5.51724e-28 1.78054e-16 -82416.5 -82416.5 -82416.5 -82416.5 -82416.5 -82416.5
-0.0196097 3.62359e-29 2.13759e-28 -1.41221e-15 -8.86673e-29 2.96643e-15 -82416.5 -82416.5 -82416.5 -82416.5 -82416.5 -82416.5
-0.0428045 8.87293e-29 -1.2816e-27 -1.40136e-15 -3.40911e-29 9.70763e-15 -82416.5 -82416.5 -82416.5 -82416.5 -82416.5 -82416.5
0.00629745 2.2919e-28 1.1535e-27 -4.197e-16 -2.97011e-28 -1.51754e-15 -82416.5 -82416.5 -82416.5 -82416.5 -82416.5 -82416.5
0.0424078 1.48381e-27 1.12446e-26 -7.60602e-15 3.59049e-27 -2.13615e-14 -82416.5 -82416.5 -82416.5 -82416.5 -82416.5 -82416.5
0.0452286 4.17548e-27 1.40806e-26 -1.35432e-14 7.39106e-27 -2.51123e-14 -82416.5 -82416.5 -82416.5 -82416.5 -82416.5 -82416.5
-0.036554 -4.32842e-27 -1.23759e-26 1.25933e-14 -7.32823e-27 2.13725e-14 -82416.5 -82416.5 -82416.5 -82416.5 -82416.5 -82416.5
0.0207625 4.31992e-27 8.41371e-27 -9.45982e-15 5.75067e-27 -1.27822e-14 -82416.5 -82416.5 -82416.5 -82416.5 -82416.5 -82416.5
-0.0342649 -8.39977e-27 -1.18879e-26 1.69804e-14 -1.00505e-26 2.04096e-14 -82416.5 -82416.5 -82416.5 -82416.5 -82416.5 -82416.5
0.0439251 1.2395e-26 1.68803e-26 -2.32851e-14 1.41275e-26 -2.69162e-14 -82416.5 -82416.5 -82416.5 -82416.5 -82416.5 -82416.5
-0.0478468 -1.55947e-26 -1.62003e-26 2.73553e-14 -1.5895e-26 2.78917e-14 -82416.5 -82416.5 -82416.5 -82416.5 -82416.5 -82416.5
0.01316 6.43266e-27 2.44413e-27 -9.05872e-15 3.47441e-27 -5.37119e-15 -82416.5 -82416.5 -82416.5 -82416.5 -82416.5 -82416.5
0.0117882 4.37809e-27 1.70806e-27 -6.97045e-15 1.85203e-27 -3.74755e-15 -82416.5 -82416.5 -82416.5 -82416.5 -82416.5 -82416.5
0.00676241 2.26298e-27 3.94836e-28 -3.86821e-15 9.44975e-28 -1.60936e-15 -82416.5 -82416.5 -82416.5 -82416.5 -82416.5 -82416.5
-0.00676815 -3.76168e-28 5.49812e-28 2.44247e-15 -1.16635e-27 1.41894e-15 -82416.5 -82416.5 -82416.5 -82416.5 -82416.5 -82416.5
0.028248 2.00093e-27 1.71562e-27 -7.31973e-15 -1.7692e-27 6.00017e-15 -82416.5 -82416.5 -82416.5 -82416.5 -82416.5 -82416.5
0.00765973 6.24664e-28 2.75316e-27 8.61437e-16 -7.83302e-29 4.10558e-15 -82416.5 -82416.5 -82416.5 -82416.5 -82416.5 -82416.5
-0.0469946 -2.32207e-27 -1.31133e-26 -1.09227e-14 -6.52874e-27 -2.59159e-14 -82416.5 -82416.5 -82416.5 -82416.5 -82416.5 -82416.5
-0.0332307 -3.38175e-27 -1.13021e-26 -1.06017e-14 -6.47543e-27 -2.02225e-14 -82416.5 -82416.5 -82416.5 -82416.5 -82416.5 -82416.5
0.0486916 6.02504e-27 1.93209e-26 1.66987e-14 1.0431e-26 3.06542e-14 -82416.5 -82416.5 -82416.5 -82416.5 -82416.5 -82416.5
-0.0328267 -7.04847e-27 -1.03894e-26 -1.53277e-14 -8.6885e-27 -1.92965e-14 -82416.5 -82416.5 -82416.5 -82416.5 -82416.5 -82416.5
0.0139821 4.69236e-27 2.35186e-27 7.70865e-15 3.31018e-27 5.58646e-15 -82416.5 -82416.5 -82416.5 -82416.5 -82416.5 -82416.5
0.0494575 1.59457e-26 2.86849e-27 2.78865e-14 6.29624e-27 1.15242e-14 -82416.5 -82416.5 -82416.5 -82416.5 -82416.5 -82416.5
-0.0471756 -1.6748e-26 -4.18508e-28 -2.8626e-14 -3.41783e-27 -6.54102e-15 -82416.5 -82416.5 -82416.5 -82416.5 -82416.5 -82416.5
0.00428164 1.40483e-27 6.71278e-28 2.35997e-15 3.02757e-28 7.01407e-17 -82416.5 -82416.5 -82416.5 -82416.5 -82416.5 -82416.5
-0.0475744 -9.92047e-27 -3.3323e-27 -2.2988e-14 6.04253e-27 1.25939e-14 -82416.5 -82416.5 -82416.5 -82416.5 -82416.5 -82416.5
-0.0431842 -7.30589e-27 -7.15521e-27 -1.93201e-14 7.44756e-27 1.78364e-14 -82416.5 -82416.5 -82416.5 -82416.5 -82416.5 -82416.5
-0.0344545 -2.76986e-27 -9.11908e-27 -1.17884e-14 5.73549e-27 1.78271e-14 -82416.5 -82416.5 -82416.5 -82416.5 -82416.5 -82416.5
-0.0156729 1.23897e-28 -4.66657e-27 -3.34238e-15 1.06272e-27 9.52378e-15 -82416.5 -82416.5 -82416.5 -82416.5 -82416.5 -82416.5
0.0427156 6.5051e-29 1.64772e-26 4.43394e-16 -9.69987e-29 -2.61228e-14 -82416.5 -82416.5 -82416.5 -82416.5 -82416.5 -82416.5
0.013804 6.78526e-29 4.76628e-27 -9.20889e-16 5.61268e-28 -7.21583e-15 -82416.5 -82416.5 -82416.5 -82416.5 -82416.5 -82416.5
0.0351099 2.28883e-27 6.28272e-27 -7.29977e-15 2.81142e-27 -1.47516e-14 -82416.5 -82416.5 -82416.5 -82416.5 -82416.5 -82416.5
0.0466697 7.98134e-27 3.19426e-27 -1.83617e-14 4.7671e-27 -1.22065e-14 -82416.5 -82416.5 -82416.5 -82416.5 -82416.5 -82416.5
0.0410576 6.81198e-27 1.87736e-27 -1.59023e-14 3.56435e-27 -8.1007e-15 -82416.5 -82416.5 -82416.5 -82416.5 -82416.5 -82416.5
-0.0215836 -4.26962e-27 1.23329e-27 9.63404e-15 -1.25883e-27 2.34183e-15 -82416.5 -82416.5 -82416.5 -82416.5 -82416.5 -82416.5
-0.0254635 -4.50675e-27 1.58196e-27 1.17059e-14 2.46032e-27 -2.5886e-15 -82416.5 -82416.5 -82416.5 -82416.5 -82416.5 -82416.5
-0.0236287 -7.35276e-27 -2.81217e-28 1.46821e-14 4.71786e-27 -5.46835e-15 -82416.5 -82416.5 -82416.5 -82416.5 -82416.5 -82416.5
-0.0468776 -1.69936e-26 -9.55556e-28 2.94523e-14 8.95977e-27 -1.15656e-14 -82416.5 -82416.5 -82416.5 -82416.5 -82416.5 -82416.5
0.0428747 3.08277e-31 9.08077e-30 -6.65323e-17 9.92177e-31 -6.2387e-16 -82416.5 -82416.5 -82416.5 -82416.5 -82416.5 -82416.5
-0.0331929 -2.7507e-31 -1.41831e-29 9.75792e-17 -2.0266e-30 6.863e-16 -82416.5 -82416.5 -82416.5 -82416.5 -82416.5 -82416.5
0.0353344 2.46456e-27 4.50716e-27 -9.28631e-15 3.32282e-27 -1.2617e-14 -82416.5 -82416.5 -82416.5 -82416.5 -82416.5 -82416.5
0.0320473 5.46264e-27 5.54557e-27 -1.32049e-14 5.48249e-27 -1.33269e-14 -82416.5 -82416.5 -82416.5 -82416.5 -82416.5 -82416.5
-0.00356043 -9.76197e-28 -6.62028e-28 1.91713e-15 -8.1797e-28 1.53727e-15 -82416.5 -82416.5 -82416.5 -82416.5 -82416.5 -82416.5
-0.0277903 -1.02803e-26 -4.09655e-27 1.69272e-14 -6.50742e-27 1.06719e-14 -82416.5 -82416.5 -82416.5 -82416.5 -82416.5 -82416.5
-0.0291426 -1.14618e-26 -4.03724e-27 1.828e-14 -6.80253e-27 1.08496e-14 -82416.5 -82416.5 -82416.5 -82416.5 -82416.5 -82416.5
0.041092 1.70726e-26 5.02066e-27 -2.64598e-14 9.24741e-27 -1.43634e-14 -82416.5 -82416.5 -82416.5 -82416.5 -82416.5 -82416.5
0.0431181 1.86999e-26 3.87257e-27 -2.83162e-14 8.48313e-27 -1.29219e-14 -82416.5 -82416.5 -82416.5 -82416.5 -82416.5 -82416.5
-0.0394674 -1.50989e-26 -1.51051e-27 2.44245e-14 -4.79478e-27 7.73353e-15 -82416.5 -82416.5 -82416.5 -82416.5 -82416.5 -82416.5
-0.0429043 -1.53477e-26 -8.49015e-28 2.56881e-14 -3.63308e-27 6.04922e-15 -82416.5 -82416.5 -82416.5 -82416.5 -82416.5 -82416.5
0.0486759 1.39264e-26 5.40102e-28 -2.59218e-14 2.68228e-27 -5.09274e-15 -82416.5 -82416.5 -82416.5 -82416.5 -82416.5 -82416.5
-0.0480328 -2.28686e-27 -3.14688e-27 1.18246e-14 -3.10284e-27 1.23108e-14 -82416.5 -82416.5 -82416.5 -82416.5 -82416.5 -82416.5
-0.0353121 -1.13269e-27 -2.82623e-27 7.94041e-15 -2.3375e-27 1.00102e-14 -82416.5 -82416.5 -82416.5 -82416.5 -82416.5 -82416.5
-0.0449794 -3.51458e-28 -4.01974e-27 6.58347e-15 -2.12416e-27 1.35056e-14 -82416.5 -82416.5 -82416.5 -82416.5 -82416.5 -82416.5
-0.00898747 3.05014e-28 -7.77514e-28 1.07168e-15 -4.23475e-28 2.68505e-15 -82416.5 -82416.5 -82416.5 -82416.5 -82416.5 -82416.5
-0.0413186 5.97696e-28 -3.69671e-27 2.29804e-15 -7.84213e-28 1.238e-14 -82416.5 -82416.5 -82416.5 -82416.5 -82416.5 -82416.5
0.0289253 2.39222e-28 2.12152e-27 -1.85558e-15 4.75474e-28 -7.82294e-15 -82416.5 -82416.5 -82416.5 -82416.5 -82416.5 -82416.5
0.0229725 3.11505e-28 8.72688e-28 4.75542e-16 -1.20435e-28 -4.47087e-15 -82416.5 -82416.5 -82416.5 -82416.5 -82416.5 -82416.5
0.0479127 5.75249e-29 1.06186e-27 -1.43419e-16 4.22677e-29 -7.10682e-15 -82416.5 -82416.5 -82416.5 -82416.5 -82416.5 -82416.5
0.0465816 3.15641e-28 1.65e-27 1.73849e-15 -2.87457e-28 -8.75072e-15 -82416.5 -82416.5 -82416.5 -82416.5 -82416.5 -82416.5
-0.0233166 -2.65012e-27 -1.23048e-27 -7.89633e-15 1.80682e-27 5.40073e-15 -82416.5 -82416.5 -82416.5 -82416.5 -82416.5 -82416.5
-0.0169518 -1.87629e-27 -6.19612e-28 -5.65672e-15 1.08083e-27 3.27604e-15 -82416.5 -82416.5 -82416.5 -82416.5 -82416.5 -82416.5
-0.00225179 -1.20294e-28 -1.33144e-29 -5.61897e-16 4.47279e-29 2.44096e-16 -82416.5 -82416.5 -82416.5 -82416.5 -82416.5 -82416.5
-0.0312639 -2.66953e-27 -3.5175e-28 -9.51794e-15 1.42916e-27 4.04468e-15 -82416.5 -82416.5 -82416.5 -82416.5 -82416.5 -82416.5
-0.0480355 -1.47639e-27 -1.10171e-27 -9.19124e-15 1.72259e-27 7.83594e-15 -82416.5 -82416.5 -82416.5 -82416.5 -82416.5 -82416.5
0.0420572 3.62308e-28 3.5919e-27 3.00157e-15 -7.38006e-28 -1.21061e-14 -82416.5 -82416.5 -82416.5 -82416.5 -82416.5 -82416.5
-0.0182155 5.56055e-28 -1.49861e-27 -8.52533e-16 6.88909e-28 5.72014e-15 -82416.5 -82416.5 -82416.5 -82416.5 -82416.5 -82416.5
0.0437015 3.01323e-27 1.39068e-27 1.14111e-14 -1.99684e-27 -7.74333e-15 -82416.5 -82416.5 -82416.5 -82416.5 -82416.5 -82416.5
0.0400294 3.27388e-27 9.64373e-28 1.12345e-14 -1.64587e-27 -6.0977e-15 -82416.5 -82416.5 -82416.5 -82416.5 -82416.5 -82416.5
-0.0147482 9.25079e-29 -1.87804e-28 -3.06499e-15 1.10902e-27 2.85453e-15 -82416.5 -82416.5 -82416.5 -82416.5 -82416.5 -82416.5
0.0473994 3.09194e-27 1.16245e-27 1.19347e-14 -1.80195e-27 -7.34217e-15 -82416.5 -82416.5 -82416.5 -82416.5 -82416.5 -82416.5
-0.036971 -7.90826e-28 -1.43112e-27 -6.44185e-15 1.78524e-27 8.19462e-15 -82416.5 -82416.5 -82416.5 -82416.5 -82416.5 -82416.5
0.032646 6.52541e-28 2.40421e-27 4.60779e-15 -1.24052e-27 -8.83042e-15 -82416.5 -82416.5 -82416.5 -82416.5 -82416.5 -82416.5
0.00882588 1.14743e-28 1.07018e-27 9.79591e-16 -3.09985e-28 -2.97464e-15 -82416.5 -82416.5 -82416.5 -82416.5 -82416.5 -82416.5
-0.0476377 -9.13022e-28 -4.33253e-27 -7.01034e-15 2.29349e-27 1.46363e-14 -82416.5 -82416.5 -82416.5 -82416.5 -82416.5 -82416.5
0.0495557 3.30811e-27 2.04855e-27 1.24594e-14 -2.37735e-27 -9.89951e-15 -82416.5 -82416.5 -82416.5 -82416.5 -82416.5 -82416.5
-0.023513 -1.43836e-27 -5.5957e-28 -5.88924e-15 9.03609e-28 3.76944e-15 -82416.5 -82416.5 -82416.5 -82416.5 -82416.5 -82416.5
0.0343571 2.80311e-27 3.21703e-28 9.24332e-15 -7.04836e-28 -3.07263e-15 -82416.5 -82416.5 -82416.5 -82416.5 -82416.5 -82416.5
0.0346878 2.07835e-27 3.64221e-28 7.89259e-15 -5.38752e-28 -3.07497e-15 -82416.5 -82416.5 -82416.5 -82416.5 -82416.5 -82416.5
-0.0486051 -3.90125e-28 -1.73207e-27 -6.16422e-15 1.13543e-27 9.18103e-15 -82416.5 -82416.5 -82416.5 -82416.5 -82416.5 -82416.5
0.0277017 6.0209e-28 1.79962e-27 2.32491e-15 -3.79801e-28 -6.87125e-15 -82416.5 -82416.5 -82416.5 -82416.5 -82416.5 -82416.5
-0.0428395 4.59134e-29 -3.01601e-27 -4.82304e-15 1.42435e-27 1.14274e-14 -82416.5 -82416.5 -82416.5 -82416.5 -82416.5 -82416.5
0.0489914 3.48338e-27 4.08568e-27 1.30486e-14 -3.69991e-27 -1.39917e-14 -82416.5 -82416.5 -82416.5 -82416.5 -82416.5 -82416.5
-0.00472533 5.5264e-28 -1.1853e-28 -8.50865e-16 2.90947e-28 8.32602e-16 -82416.5 -82416.5 -82416.5 -82416.5 -82416.5 -82416.5
0.0351592 1.26233e-27 3.975e-28 6.02849e-15 -5.60225e-28 -3.6492e-15 -82416.5 -82416.5 -82416.5 -82416.5 -82416.5 -82416.5
-0.0414407 -1.78646e-28 -4.38746e-28 -6.03358e-15 1.4503e-27 6.0857e-15 -82416.5 -82416.5 -82416.5 -82416.5 -82416.5 -82416.5
-0.042452 -3.28383e-28 -3.28476e-27 -6.83214e-15 2.50181e-27 1.23937e-14 -82416.5 -82416.5 -82416.5 -82416.5 -82416.5 -82416.5
-0.0158403 -1.28862e-27 -3.46078e-28 -5.18224e-15 1.32127e-27 3.06774e-15 -82416.5 -82416.5 -82416.5 -82416.5 -82416.5 -82416.5
0.0415642 3.39686e-27 1.743e-27 1.10885e-14 -2.01985e-27 -8.29904e-15 -82416.5 -82416.5 -82416.5 -82416.5 -82416.5 -82416.5
0.0434657 2.90654e-27 8.11755e-28 1.04457e-14 -1.40599e-27 -5.93609e-15 -82416.5 -82416.5 -82416.5 -82416.5 -82416.5 -82416.5
-0.00898234 3.50817e-28 -4.16513e-30 -1.2351e-15 -1.52902e-29 3.07619e-16 -82416.5 -82416.5 -82416.5 -82416.5 -82416.5 -82416.5
0.0453047 1.22525e-27 7.82274e-29 5.14513e-15 -6.22756e-29 -1.59527e-15 -82416.5 -82416.5 -82416.5 -82416.5 -82416.5 -82416.5
-0.0090254 -1.62817e-28 9.99764e-29 -1.26031e-15 -6.22524e-29 -1.8124e-16 -82416.5 -82416.5 -82416.5 -82416.5 -82416.5 -82416.5
0.0140186 4.1901e-28 7.07835e-29 2.4221e-15 5.76581e-30 -1.92572e-18 -82416.5 -82416.5 -82416.5 -82416.5 -82416.5 -82416.5
-0.0429334 -1.15076e-27 -1.68836e-27 -1.00144e-14 1.92932e-27 8.52115e-15 -82416.5 -82416.5 -82416.5 -82416.5 -82416.5 -82416.5
0.0299956 3.75292e-27 3.28447e-27 9.24495e-15 -2.75442e-27 -9.80518e-15 -82416.5 -82416.5 -82416.5 -82416.5 -82416.5 -82416.5
0.0211666 1.28455e-27 4.04935e-27 2.04031e-15 -5.81827e-28 -9.16212e-15 -82416.5 -82416.5 -82416.5 -82416.5 -82416.5 -82416.5
-0.000490191 1.58728e-27 -3.16031e-28 1.89648e-15 -7.10567e-28 4.73016e-16 -82416.5 -82416.5 -82416.5 -82416.5 -82416.5 -82416.5
-0.0470813 1.50768e-27 -1.09746e-26 -7.48515e-15 4.03375e-27 2.27953e-14 -82416.5 -82416.5 -82416.5 -82416.5 -82416.5 -82416.5
-0.0345366 1.75018e-27 -8.97555e-27 -5.23497e-15 3.17055e-27 1.7698e-14 -82416.5 -82416.5 -82416.5 -82416.5 -82416.5 -82416.5
0.0139532 1.27797e-27 4.43451e-27 2.44428e-15 -1.15629e-27 -7.81847e-15 -82416.5 -82416.5 -82416.5 -82416.5 -82416.5 -82416.5
-0.0322654 -2.08916e-28 -8.81511e-27 -8.65156e-15 5.09434e-27 1.69952e-14 -82416.5 -82416.5 -82416.5 -82416.5 -82416.5 -82416.5
0.0288497 1.88782e-27 6.66353e-27 6.91578e-15 -3.19619e-27 -1.38067e-14 -82416.5 -82416.5 -82416.5 -82416.5 -82416.5 -82416.5
0.0281258 1.43556e-27 4.38657e-27 5.86371e-15 -2.24725e-27 -1.10835e-14 -82416.5 -82416.5 -82416.5 -82416.5 -82416.5 -82416.5
-0.0119205 2.27972e-27 -1.58663e-27 7.05407e-17 3.05069e-28 4.41439e-15 -82416.5 -82416.5 -82416.5 -82416.5 -82416.5 -82416.5
-0.0221649 4.90178e-28 -1.49276e-27 -2.9591e-15 1.13058e-27 5.98635e-15 -82416.5 -82416.5 -82416.5 -82416.5 -82416.5 -82416.5
-0.0433436 -2.21169e-27 7.74306e-29 -1.20762e-14 2.3525e-28 -2.36974e-16 -82416.5 -82416.5 -82416.5 -82416.5 -82416.5 -82416.5
-0.0282523 -9.56173e-28 -7.05246e-28 -6.76961e-15 -8.94357e-28 -4.72469e-15 -82416.5 -82416.5 -82416.5 -82416.5 -82416.5 -82416.5
0.000583242 -6.4351e-29 1.78714e-28 -5.63466e-16 -2.17971e-28 3.40702e-16 -82416.5 -82416.5 -82416.5 -82416.5 -82416.5 -82416.5
-0.0307158 -8.06507e-28 -6.10509e-27 -5.36616e-15 -2.31781e-27 -1.37563e-14 -82416.5 -82416.5 -82416.5 -82416.5 -82416.5 -82416.5
0.0449388 1.72488e-27 1.31041e-26 6.76758e-15 3.72716e-27 2.42598e-14 -82416.5 -82416.5 -82416.5 -82416.5 -82416.5 -82416.5
-0.0470308 -8.44515e-28 -1.66381e-26 -7.42511e-15 -4.47945e-27 -2.7983e-14 -82416.5 -82416.5 -82416.5 -82416.5 -82416.5 -82416.5
0.0326889 2.88522e-27 1.37791e-26 7.86764e-15 5.18132e-27 2.12189e-14 -82416.5 -82416.5 -82416.5 -82416.5 -82416.5 -82416.5
-0.00415829 1.45843e-28 -4.65428e-28 -1.67344e-15 -6.79576e-28 -1.4134e-15 -82416.5 -82416.5 -82416.5 -82416.5 -82416.5 -82416.5
0.0386198 1.45164e-27 4.34413e-27 7.46122e-15 2.49339e-27 1.29445e-14 -82416.5 -82416.5 -82416.5 -82416.5 -82416.5 -82416.5
-0.0478265 2.81062e-27 -2.04402e-27 -4.79883e-15 -8.26862e-28 -9.90781e-15 -82416.5 -82416.5 -82416.5 -82416.5 -82416.5 -82416.5
0.00849994 1.85402e-27 6.59904e-29 2.91385e-15 2.36466e-28 7.46437e-16 -82416.5 -82416.5 -82416.5 -82416.5 -82416.5 -82416.5
0.0301811 1.40596e-27 1.35358e-28 3.21105e-15 3.44624e-28 1.86531e-15 -82416.5 -82416.5 -82416.5 -82416.5 -82416.5 -82416.5
-0.00211123 1.42975e-27 -7.26676e-30 -2.63353e-15 6.07262e-29 -3.73676e-16 -82416.5 -82416.5 -82416.5 -82416.5 -82416.5 -82416.5
0.00472854 1.77281e-30 1.80839e-31 3.09871e-17 -5.64178e-31 -1.21898e-17 -82416.5 -82416.5 -82416.5 -82416.5 -82416.5 -82416.5
0.0456286 1.60573e-29 6.04407e-30 -7.76432e-16 -9.41891e-30 3.90656e-16 -82416.5 -82416.5 -82416.5 -82416.5 -82416.5 -82416.5
-0.0483192 -8.97141e-28 -4.01696e-28 6.60068e-15 6.05544e-28 -4.41376e-15 -82416.5 -82416.5 -82416.5 -82416.5 -82416.5 -82416.5
-0.0291247 -9.62537e-28 -4.12377e-28 5.30661e-15 6.32182e-28 -3.46602e-15 -82416.5 -82416.5 -82416.5 -82416.5 -82416.5 -82416.5
-0.0275787 -9.33025e-27 -5.49648e-27 1.60897e-14 7.18225e-27 -1.2312e-14 -82416.5 -82416.5 -82416.5 -82416.5 -82416.5 -82416.5
-0.04199 -1.57203e-26 -9.1966e-27 2.57323e-14 1.20375e-26 -1.96517e-14 -82416.5 -82416.5 -82416.5 -82416.5 -82416.5 -82416.5
-0.0191331 -7.45739e-27 -5.70032e-27 1.19691e-14 6.52598e-27 -1.04456e-14 -82416.5 -82416.5 -82416.5 -82416.5 -82416.5 -82416.5
-0.0140812 -4.08634e-27 -4.18248e-27 7.59625e-15 4.14254e-27 -7.67471e-15 -82416.5 -82416.5 -82416.5 -82416.5 -82416.5 -82416.5
-0.00121959 9.99016e-30 -2.2598e-28 2.59619e-16 1.04274e-28 -5.26012e-16 -82416.5 -82416.5 -82416.5 -82416.5 -82416.5 -82416.5
0.0474276 1.31203e-27 7.69792e-27 -7.74137e-15 -3.11694e-27 1.91073e-14 -82416.5 -82416.5 -82416.5 -82416.5 -82416.5 -82416.5
-0.0449279 2.01006e-28 -4.77746e-27 1.63379e-15 5.06641e-28 -1.46547e-14 -82416.5 -82416.5 -82416.5 -82416.5 -82416.5 -82416.5
-0.00710002 2.78352e-28 -3.68787e-28 2.98097e-16 6.73961e-29 -1.61814e-15 -82416.5 -82416.5 -82416.5 -82416.5 -82416.5 -82416.5
0.021478 5.09565e-28 4.82003e-28 2.8601e-15 4.25763e-28 3.21734e-15 -82416.5 -82416.5 -82416.5 -82416.5 -82416.5 -82416.5
0.0447229 6.24867e-27 5.26192e-29 1.67166e-14 -5.73208e-28 -1.53375e-15 -82416.5 -82416.5 -82416.5 -82416.5 -82416.5 -82416.5
-0.035679 -1.28305e-26 -3.69127e-27 -2.14942e-14 6.92875e-27 1.14786e-14 -82416.5 -82416.5 -82416.5 -82416.5 -82416.5 -82416.5
-0.0384617 -1.24538e-26 -1.41496e-26 -2.19538e-14 1.33385e-26 2.33329e-14 -82416.5 -82416.5 -82416.5 -82416.5 -82416.5 -82416.5
0.0416899 1.03773e-26 1.71258e-26 2.07952e-14 -1.33309e-26 -2.67177e-14 -82416.5 -82416.5 -82416.5 -82416.5 -82416.5 -82416.5
0.00657977 1.41319e-27 2.803e-27 3.04756e-15 -1.98729e-27 -4.27755e-15 -82416.5 -82416.5 -82416.5 -82416.5 -82416.5 -82416.5
0.0247883 3.54732e-27 9.81071e-27 9.37376e-15 -5.8993e-27 -1.55885e-14 -82416.5 -82416.5 -82416.5 -82416.5 -82416.5 -82416.5
0.0252277 8.48239e-28 7.31425e-27 4.44563e-15 -2.4253e-27 -1.35667e-14 -82416.5 -82416.5 -82416.5 -82416.5 -82416.5 -82416.5
0.0157814 2.38118e-28 3.89312e-27 1.68714e-15 -8.70945e-28 -7.81655e-15 -82416.5 -82416.5 -82416.5 -82416.5 -82416.5 -82416.5
-0.0318358 -4.03457e-30 -5.76153e-27 -3.81792e-16 1.6342e-28 1.35454e-14 -82416.5 -82416.5 -82416.5 -82416.5 -82416.5 -82416.5
-0.038419 -3.49235e-27 -6.21897e-28 1.16487e-14 -1.71379e-27 5.40757e-15 -82416.5 -82416.5 -82416.5 -82416.5 -82416.5 -82416.5
0.0117268 1.7275e-27 3.04595e-28 -4.38408e-15 2.83125e-28 -1.11241e-15 -82416.5 -82416.5 -82416.5 -82416.5 -82416.5 -82416.5
0.00978989 2.42874e-27 2.51866e-28 -4.8139e-15 -4.03234e-28 5.84843e-16 -82416.5 -82416.5 -82416.5 -82416.5 -82416.5 -82416.5
0.00356012 7.73728e-28 1.792e-28 -1.61508e-15 8.61701e-29 -3.58803e-16 -82416.5 -82416.5 -82416.5 -82416.5 -82416.5 -82416.5
-0.0466396 -2.05068e-26 -2.72571e-27 3.10203e-14 7.7637e-27 -1.19904e-14 -82416.5 -82416.5 -82416.5 -82416.5 -82416.5 -82416.5
0.0363132 1.79887e-26 6.18109e-27 -2.54986e-14 -1.05052e-26 1.48025e-14 -82416.5 -82416.5 -82416.5 -82416.5 -82416.5 -82416.5
0.00426629 2.05482e-27 1.01153e-27 -2.91927e-15 -1.41106e-27 1.93351e-15 -82416.5 -82416.5 -82416.5 -82416.5 -82416.5 -82416.5
-0.0389752 -1.44912e-26 -7.33209e-27 2.39727e-14 1.03767e-26 -1.74253e-14 -82416.5 -82416.5 -82416.5 -82416.5 -82416.5 -82416.5
0.0457671 1.29151e-26 1.41528e-26 -2.43058e-14 -1.35174e-26 2.54284e-14 -82416.5 -82416.5 -82416.5 -82416.5 -82416.5 -82416.5
-0.0408005 -9.07136e-27 -1.27181e-26 1.95491e-14 1.07427e-26 -2.32238e-14 -82416.5 -82416.5 -82416.5 -82416.5 -82416.5 -82416.5
-0.0453051 -5.5382e-27 -1.48212e-26 1.63343e-14 9.07429e-27 -2.63963e-14 -82416.5 -82416.5 -82416.5 -82416.5 -82416.5 -82416.5
0.0491304 3.19976e-27 1.47487e-26 -1.24582e-14 -6.83777e-27 2.69149e-14 -82416.5 -82416.5 -82416.5 -82416.5 -82416.5 -82416.5
-0.0213616 -1.4552e-28 -4.7312e-27 3.06767e-15 1.1615e-27 -1.0464e-14 -82416.5 -82416.5 -82416.5 -82416.5 -82416.5 -82416.5
0.0377945 4.5239e-28 9.40228e-27 -4.13158e-15 -2.05898e-27 1.87602e-14 -82416.5 -82416.5 -82416.5 -82416.5 -82416.5 -82416.5
0.0430066 6.76684e-28 4.76606e-27 5.20724e-15 1.72879e-27 1.43162e-14 -82416.5 -82416.5 -82416.5 -82416.5 -82416.5 -82416.5
-0.0439577 -2.93101e-27 -1.44726e-27 -1.14408e-14 -2.41085e-27 -8.79808e-15 -82416.5 -82416.5 -82416.5 -82416.5 -82416.5 -82416.5
0.0115116 1.7181e-27 3.02919e-29 4.38208e-15 1.45208e-28 2.92661e-16 -82416.5 -82416.5 -82416.5 -82416.5 -82416.5 -82416.5
0.0374281 1.35568e-26 4.47076e-27 2.23797e-14 -7.76687e-27 -1.29224e-14 -82416.5 -82416.5 -82416.5 -82416.5 -82416.5 -82416.5
-0.0332487 -1.10122e-26 -5.99754e-27 -1.938e-14 8.27534e-27 1.4128e-14 -82416.5 -82416.5 -82416.5 -82416.5 -82416.5 -82416.5
0.0350858 1.12678e-26 7.34578e-27 1.98788e-14 -9.07863e-27 -1.5995e-14 -82416.5 -82416.5 -82416.5 -82416.5 -82416.5 -82416.5
0.0405526 1.18248e-26 8.55309e-27 2.18719e-14 -1.00446e-26 -1.85341e-14 -82416.5 -82416.5 -82416.5 -82416.5 -82416.5 -82416.5
0.0361476 7.03348e-27 9.86975e-27 1.59445e-14 -8.30629e-27 -1.8819e-14 -82416.5 -82416.5 -82416.5 -82416.5 -82416.5 -82416.5
-0.0484387 -9.05406e-28 -1.50076e-26 -8.58235e-15 4.75779e-27 2.69625e-14 -82416.5 -82416.5 -82416.5 -82416.5 -82416.5 -82416.5
-0.0471868 5.33088e-29 -1.42145e-26 -5.45151e-15 2.94649e-27 2.59014e-14 -82416.5 -82416.5 -82416.5 -82416.5 -82416.5 -82416.5
0.0454295 2.11717e-28 1.31146e-26 3.0046e-15 -1.58003e-27 -2.43441e-14 -82416.5 -82416.5 -82416.5 -82416.5 -82416.5 -82416.5
-0.0471129 -8.28175e-28 -9.20849e-27 8.06874e-15 -3.70444e-27 2.08639e-14 -82416.5 -82416.5 -82416.5 -82416.5 -82416.5 -82416.5
0.0394093 3.25116e-27 6.26295e-27 -1.13175e-14 4.47374e-27 -1.56094e-14 -82416.5 -82416.5 -82416.5 -82416.5 -82416.5 -82416.5
-0.0375149 -9.45692e-27 -8.57357e-28 1.91485e-14 -3.20216e-27 5.94964e-15 -82416.5 -82416.5 -82416.5 -82416.5 -82416.5 -82416.5
0.0230254 7.97717e-27 4.20003e-29 -1.3336e-14 4.98168e-28 -9.22023e-16 -82416.5 -82416.5 -82416.5 -82416.5 -82416.5 -82416.5
0.0487743 1.9784e-26 1.34761e-27 -3.09065e-14 -5.11396e-27 8.10149e-15 -82416.5 -82416.5 -82416.5 -82416.5 -82416.5 -82416.5
0.0469983 1.7234e-26 2.86236e-27 -2.82797e-14 -6.9295e-27 1.15833e-14 -82416.5 -82416.5 -82416.5 -82416.5 -82416.5 -82416.5
0.000151287 1.3252e-28 4.06711e-28 -1.60772e-16 -2.48455e-28 3.52328e-16 -82416.5 -82416.5 -82416.5 -82416.5 -82416.5 -82416.5
0.0481348 5.63638e-27 1.07197e-26 -1.62869e-14 -7.733e-27 2.26889e-14 -82416.5 -82416.5 -82416.5 -82416.5 -82416.5 -82416.5
0.0412315 1.44386e-28 1.40004e-26 6.7204e-16 3.94888e-28 2.40262e-14 -82416.5 -82416.5 -82416.5 -82416.5 -82416.5 -82416.5
0.0185717 3.90702e-28 6.54665e-27 1.91532e-15 1.18164e-27 1.10175e-14 -82416.5 -82416.5 -82416.5 -82416.5 -82416.5 -82416.5
-0.0367339 -1.74366e-27 -1.07803e-26 -8.78162e-15 -4.58235e-27 -2.00028e-14 -82416.5 -82416.5 -82416.5 -82416.5 -82416.5 -82416.5
0.00793631 1.53684e-27 2.24864e-27 3.24902e-15 1.8528e-27 4.04312e-15 -82416.5 -82416.5 -82416.5 -82416.5 -82416.5 -82416.5
0.0205225 4.56747e-27 4.32837e-27 9.59516e-15 4.4156e-27 9.42366e-15 -82416.5 -82416.5 -82416.5 -82416.5 -82416.5 -82416.5
-0.0367356 -1.10784e-26 -6.08253e-27 -2.049e-14 -8.20942e-27 -1.51519e-14 -82416.5 -82416.5 -82416.5 -82416.5 -82416.5 -82416.5
-0.0285947 -1.08467e-26 -3.61677e-27 -1.78847e-14 -6.27018e-27 -1.02549e-14 -82416.5 -82416.5 -82416.5 -82416.5 -82416.5 -82416.5
-0.047955 -2.28255e-26 -5.85382e-27 -3.33608e-14 -1.15599e-26 -1.68737e-14 -82416.5 -82416.5 -82416.5 -82416.5 -82416.5 -82416.5
-0.0463449 -2.11276e-26 -9.66632e-28 -3.14288e-14 -4.52315e-27 -6.75503e-15 -82416.5 -82416.5 -82416.5 -82416.5 -82416.5 -82416.5
-0.00514065 -7.52877e-28 5.45364e-29 -1.98156e-15 1.23469e-28 3.99751e-16 -82416.5 -82416.5 -82416.5 -82416.5 -82416.5 -82416.5
0.0241801 2.48078e-27 1.27623e-28 7.65414e-15 -4.18853e-28 -1.47152e-15 -82416.5 -82416.5 -82416.5 -82416.5 -82416.5 -82416.5
-0.0460653 -2.3134e-27 -4.56591e-28 -1.03551e-14 1.0398e-27 4.70978e-15 -82416.5 -82416.5 -82416.5 -82416.5 -82416.5 -82416.5
-0.0486598 -6.50096e-28 -1.2267e-27 -5.66374e-15 8.94421e-28 7.84375e-15 -82416.5 -82416.5 -82416.5 -82416.5 -82416.5 -82416.5
-0.0380883 -4.55243e-27 -8.26058e-27 1.31681e-14 -6.19793e-27 1.79423e-14 -82416.5 -82416.5 -82416.5 -82416.5 -82416.5 -82416.5
-0.0299426 -5.54291e-27 -7.50231e-27 1.2885e-14 -6.52209e-27 1.52017e-14 -82416.5 -82416.5 -82416.5 -82416.5 -82416.5 -82416.5
-0.0126554 -3.79846e-27 -4.00003e-27 6.94886e-15 -3.99673e-27 7.41943e-15 -82416.5 -82416.5 -82416.5 -82416.5 -82416.5 -82416.5
-0.0139354 -6.12375e-27 -4.33181e-27 9.23916e-15 -5.25057e-27 7.89539e-15 -82416.5 -82416.5 -82416.5 -82416.5 -82416.5 -82416.5
0.027433 7.92289e-27 6.73414e-27 -1.47423e-14 7.2961e-27 -1.35812e-14 -82416.5 -82416.5 -82416.5 -82416.5 -82416.5 -82416.5
-0.0304494 -6.81009e-27 -6.52123e-27 1.44076e-14 -6.83366e-27 1.45604e-14 -82416.5 -82416.5 -82416.5 -82416.5 -82416.5 -82416.5
0.0366273 6.45741e-27 6.82939e-27 -1.53673e-14 6.5191e-27 -1.53957e-14 -82416.5 -82416.5 -82416.5 -82416.5 -82416.5 -82416.5
-0.00751852 -7.91756e-28 1.07497e-27 2.5218e-15 -1.66113e-28 1.28403e-15 -82416.5 -82416.5 -82416.5 -82416.5 -82416.5 -82416.5
0.041928 1.86399e-27 2.4969e-27 -8.78977e-15 2.12087e-27 -9.80082e-15 -82416.5 -82416.5 -82416.5 -82416.5 -82416.5 -82416.5
-0.0428777 -4.06477e-28 3.89396e-28 4.30937e-15 -3.79348e-28 5.46688e-15 -82416.5 -82416.5 -82416.5 -82416.5 -82416.5 -82416.5
0.00896878 3.78368e-29 6.73826e-28 -4.18672e-16 1.4654e-28 -9.42634e-16 -82416.5 -82416.5 -82416.5 -82416.5 -82416.5 -82416.5
0.0236809 6.75885e-30 3.38153e-28 3.54324e-16 7.24357e-30 -9.1908e-16 -82416.5 -82416.5 -82416.5 -82416.5 -82416.5 -82416.5
-0.044962 8.91723e-35 4.68836e-36 6.05314e-19 2.08146e-35 2.32675e-19 -82416.5 -82416.5 -82416.5 -82416.5 -82416.5 -82416.5
0.0323671 2.17085e-31 3.23803e-31 3.30638e-17 -1.81108e-31 4.11206e-17 -82416.5 -82416.5 -82416.5 -82416.5 -82416.5 -82416.5
-0.0432793 3.93403e-32 -2.78196e-30 1.92305e-17 4.34601e-32 -3.64867e-16 -82416.5 -82416.5 -82416.5 -82416.5 -82416.5 -82416.5
0.0208621 1.39228e-28 1.60427e-28 -1.69688e-15 -1.48625e-28 1.82931e-15 -82416.5 -82416.5 -82416.5 -82416.5 -82416.5 -82416.5
0.0356606 1.04908e-27 9.63605e-28 -6.06542e-15 -9.93276e-28 5.85992e-15 -82416.5 -82416.5 -82416.5 -82416.5 -82416.5 -82416.5
-0.0206567 -2.24735e-27 -1.74918e-27 6.81623e-15 1.98425e-27 -6.02508e-15 -82416.5 -82416.5 -82416.5 -82416.5 -82416.5 -82416.5
0.00889753 1.4347e-27 9.97098e-28 -3.56617e-15 -1.18841e-27 2.97454e-15 -82416.5 -82416.5 -82416.5 -82416.5 -82416.5 -82416.5
0.0427929 8.68099e-27 4.92489e-27 -1.91224e-14 -6.48022e-27 1.45167e-14 -82416.5 -82416.5 -82416.5 -82416.5 -82416.5 -82416.5
0.0149337 3.74353e-27 1.32773e-27 -7.25288e-15 -2.16342e-27 4.45285e-15 -82416.5 -82416.5 -82416.5 -82416.5 -82416.5 -82416.5
-0.0237377 -7.86217e-27 -1.57564e-27 1.39245e-14 3.58468e-27 -6.11578e-15 -82416.5 -82416.5 -82416.5 -82416.5 -82416.5 -82416.5
0.0420544 1.51837e-26 1.66867e-27 -2.51632e-14 -4.97426e-27 8.36098e-15 -82416.5 -82416.5 -82416.5 -82416.5 -82416.5 -82416.5
-0.0165166 -6.64596e-27 -3.82473e-28 1.06113e-14 1.60083e-27 -2.51951e-15 -82416.5 -82416.5 -82416.5 -82416.5 -82416.5 -82416.5
0.0426286 1.14678e-26 1.66621e-27 -2.18663e-14 -4.33733e-27 8.4254e-15 -82416.5 -82416.5 -82416.5 -82416.5 -82416.5 -82416.5
-0.0191062 -3.51685e-28 -1.79428e-27 4.18589e-15 1.27168e-27 -5.85543e-15 -82416.5 -82416.5 -82416.5 -82416.5 -82416.5 -82416.5
0.0111324 3.84809e-28 6.27101e-28 -1.27789e-15 -3.22242e-28 2.63888e-15 -82416.5 -82416.5 -82416.5 -82416.5 -82416.5 -82416.5
-0.0487243 6.58257e-28 -1.22545e-27 -4.46956e-16 -9.78118e-29 -7.73064e-15 -82416.5 -82416.5 -82416.5 -82416.5 -82416.5 -82416.5
-0.0326995 2.31046e-28 -7.13848e-28 -1.16615e-15 -1.48208e-28 -4.83876e-15 -82416.5 -82416.5 -82416.5 -82416.5 -82416.5 -82416.5
-0.0206667 4.31083e-28 -5.18307e-28 -8.95243e-16 -1.46368e-28 -3.27301e-15 -82416.5 -82416.5 -82416.5 -82416.5 -82416.5 -82416.5
0.0134386 3.76952e-28 7.3059e-28 7.76913e-16 1.54436e-28 3.12887e-15 -82416.5 -82416.5 -82416.5 -82416.5 -82416.5 -82416.5
-0.0449016 -6.8714e-28 -3.11805e-27 -5.737e-15 -1.49429e-27 -1.18482e-14 -82416.5 -82416.5 -82416.5 -82416.5 -82416.5 -82416.5
0.0257245 1.63623e-27 2.22466e-27 6.391e-15 1.80896e-27 7.47941e-15 -82416.5 -82416.5 -82416.5 -82416.5 -82416.5 -82416.5
0.0382535 3.79149e-27 3.02071e-27 1.18864e-14 3.25282e-27 1.06747e-14 -82416.5 -82416.5 -82416.5 -82416.5 -82416.5 -82416.5
-0.0326739 -3.59179e-27 -2.44175e-27 -1.08543e-14 -2.98459e-27 -8.94946e-15 -82416.5 -82416.5 -82416.5 -82416.5 -82416.5 -82416.5
0.0152323 2.38889e-27 6.74427e-28 5.97603e-15 1.14398e-27 3.051e-15 -82416.5 -82416.5 -82416.5 -82416.5 -82416.5 -82416.5
0.0282013 4.30882e-27 6.96043e-28 1.08834e-14 1.4875e-27 4.11754e-15 -82416.5 -82416.5 -82416.5 -82416.5 -82416.5 -82416.5
0.00717113 8.4148e-28 3.19753e-28 2.25079e-15 3.22083e-28 1.337e-15 -82416.5 -82416.5 -82416.5 -82416.5 -82416.5 -82416.5
-0.044718 -5.48234e-27 -9.42957e-28 -1.567e-14 -2.30146e-27 -6.53759e-15 -82416.5 -82416.5 -82416.5 -82416.5 -82416.5 -82416.5
0.0170841 1.1783e-27 8.1163e-28 4.27093e-15 7.25187e-28 3.39389e-15 -82416.5 -82416.5 -82416.5 -82416.5 -82416.5 -82416.5
0.0426781 5.2627e-28 2.99417e-27 4.6593e-15 1.1996e-27 1.12295e-14 -82416.5 -82416.5 -82416.5 -82416.5 -82416.5 -82416.5
0.037908 2.72521e-28 3.17835e-27 2.38401e-15 5.67853e-28 1.08004e-14 -82416.5 -82416.5 -82416.5 -82416.5 -82416.5 -82416.5
0.035794 1.41238e-28 2.57206e-27 2.24569e-15 6.02562e-28 9.59167e-15 -82416.5 -82416.5 -82416.5 -82416.5 -82416.5 -82416.5
-0.0438963 -1.0609e-28 -1.59878e-27 -4.11353e-15 -9.50083e-28 -8.57606e-15 -82416.5 -82416.5 -82416.5 -82416.5 -82416.5 -82416.5
0.0443093 1.22756e-27 1.16858e-27 7.34701e-15 1.19757e-27 7.17708e-15 -82416.5 -82416.5 -82416.5 -82416.5 -82416.5 -82416.5
-0.0163769 -1.98235e-27 -7.2778e-28 -6.22375e-15 -1.5381e-27 -3.6154e-15 -82416.5 -82416.5 -82416.5 -82416.5 -82416.5 -82416.5
0.00478364 9.66253e-29 7.31531e-28 4.88168e-16 1.59988e-28 1.84817e-15 -82416.5 -82416.5 -82416.5 -82416.5 -82416.5 -82416.5
0.0446316 1.08413e-27 1.60471e-27 6.54774e-15 1.21948e-27 8.45373e-15 -82416.5 -82416.5 -82416.5 -82416.5 -82416.5 -82416.5
-0.0289129 -1.07287e-28 -4.98724e-28 -2.34235e-15 -5.11356e-28 -4.60015e-15 -82416.5 -82416.5 -82416.5 -82416.5 -82416.5 -82416.5
-0.0468748 -6.36826e-28 -6.85332e-28 -5.48003e-15 -7.93612e-28 -7.12193e-15 -82416.5 -82416.5 -82416.5 -82416.5 -82416.5 -82416.5
0.0125399 3.49866e-28 5.61406e-28 1.68901e-15 4.4092e-28 2.28715e-15 -82416.5 -82416.5 -82416.5 -82416.5 -82416.5 -82416.5
-0.0360092 -1.03141e-27 -1.21454e-27 -6.2119e-15 -1.15518e-27 -7.29089e-15 -82416.5 -82416.5 -82416.5 -82416.5 -82416.5 -82416.5
0.047455 2.49574e-27 2.40871e-27 1.08207e-14 2.4322e-27 1.06893e-14 -82416.5 -82416.5 -82416.5 -82416.5 -82416.5 -82416.5
0.0162959 7.0939e-28 6.00919e-28 2.92753e-15 6.50485e-28 2.82133e-15 -82416.5 -82416.5 -82416.5 -82416.5 -82416.5 -82416.5
0.0476992 1.21327e-27 1.16121e-27 7.5738e-15 1.15713e-27 7.37894e-15 -82416.5 -82416.5 -82416.5 -82416.5 -82416.5 -82416.5
0.0269265 9.11071e-28 9.52247e-28 4.45995e-15 9.10637e-28 4.9206e-15 -82416.5 -82416.5 -82416.5 -82416.5 -82416.5 -82416.5
0.0398928 2.49326e-27 2.97345e-27 9.9642e-15 2.70628e-27 1.07649e-14 -82416.5 -82416.5 -82416.5 -82416.5 -82416.5 -82416.5
0.0379871 2.77357e-27 3.0113e-27 1.01637e-14 2.86266e-27 1.06953e-14 -82416.5 -82416.5 -82416.5 -82416.5 -82416.5 -82416.5
0.0252216 1.63857e-27 1.94502e-27 6.10174e-15 1.74169e-27 6.96975e-15 -82416.5 -82416.5 -82416.5 -82416.5 -82416.5 -82416.5
-0.0199874 -7.55816e-28 -1.35417e-27 -4.79017e-15 -1.07738e-27 -5.45581e-15 -82416.5 -82416.5 -82416.5 -82416.5 -82416.5 -82416.5
-0.022186 -8.78783e-28 -1.38506e-27 -5.1679e-15 -1.11133e-27 -6.12677e-15 -82416.5 -82416.5 -82416.5 -82416.5 -82416.5 -82416.5
0.0332032 7.45119e-28 1.02275e-27 4.54594e-15 8.72602e-28 5.39199e-15 -82416.5 -82416.5 -82416.5 -82416.5 -82416.5 -82416.5
0.0143967 3.50062e-28 2.98571e-28 1.91568e-15 2.93547e-28 2.05931e-15 -82416.5 -82416.5 -82416.5 -82416.5 -82416.5 -82416.5
-0.0119058 -6.68345e-28 -4.52208e-28 -3.12061e-15 -5.79576e-28 -2.33969e-15 -82416.5 -82416.5 -82416.5 -82416.5 -82416.5 -82416.5
0.0234973 1.59385e-27 1.06084e-27 6.08042e-15 1.27161e-27 4.96915e-15 -82416.5 -82416.5 -82416.5 -82416.5 -82416.5 -82416.5
0.00273526 4.07358e-28 1.97241e-28 9.89412e-16 2.57037e-28 7.32198e-16 -82416.5 -82416.5 -82416.5 -82416.5 -82416.5 -82416.5
-0.00300325 2.41069e-29 -3.26491e-28 -3.69657e-16 -1.84512e-28 -1.05366e-15 -82416.5 -82416.5 -82416.5 -82416.5 -82416.5 -82416.5
0.0287476 6.75601e-28 1.30418e-27 4.40564e-15 9.18009e-28 5.95424e-15 -82416.5 -82416.5 -82416.5 -82416.5 -82416.5 -82416.5
0.0086246 2.20516e-28 3.01478e-28 8.59181e-16 2.39787e-28 1.39789e-15 -82416.5 -82416.5 -82416.5 -82416.5 -82416.5 -82416.5
0.029013 8.15895e-28 9.58066e-28 4.59134e-15 8.83731e-28 5.02537e-15 -82416.5 -82416.5 -82416.5 -82416.5 -82416.5 -82416.5
0.0280663 9.12862e-28 8.67785e-28 5.02204e-15 8.6475e-28 4.61145e-15 -82416.5 -82416.5 -82416.5 -82416.5 -82416.5 -82416.5
0.00129659 7.36926e-29 1.78212e-28 2.99304e-16 8.88913e-29 2.85291e-16 -82416.5 -82416.5 -82416.5 -82416.5 -82416.5 -82416.5
-0.0464634 -3.12507e-27 -2.75164e-27 -1.2059e-14 -2.94865e-27 -1.1332e-14 -82416.5 -82416.5 -82416.5 -82416.5 -82416.5 -82416.5
-0.00687952 -3.90834e-28 -4.03606e-28 -1.69255e-15 -3.99864e-28 -1.6819e-15 -82416.5 -82416.5 -82416.5 -82416.5 -82416.5 -82416.5
-0.0341918 -1.56296e-27 -2.36703e-27 -7.31109e-15 -1.9436e-27 -9.07233e-15 -82416.5 -82416.5 -82416.5 -82416.5 -82416.5 -82416.5
-0.0343993 -8.47267e-28 -1.72438e-27 -5.40043e-15 -1.23077e-27 -7.80692e-15 -82416.5 -82416.5 -82416.5 -82416.5 -82416.5 -82416.5
0.0271724 2.20079e-27 1.74756e-27 7.73145e-15 1.95625e-27 6.86237e-15 -82416.5 -82416.5 -82416.5 -82416.5 -82416.5 -82416.5
0.042832 6.20426e-28 1.69387e-27 5.15133e-15 9.72195e-28 7.97003e-15 -82416.5 -82416.5 -82416.5 -82416.5 -82416.5 -82416.5
0.0468924 4.09451e-28 1.51412e-27 4.36663e-15 7.77688e-28 8.40327e-15 -82416.5 -82416.5 -82416.5 -82416.5 -82416.5 -82416.5
-0.0467236 -6.00946e-28 -1.31382e-27 -5.42774e-15 -1.07258e-27 -1.08627e-14 -82416.5 -82416.5 -82416.5 -82416.5 -82416.5 -82416.5
-0.0474118 -9.52264e-28 -9.6995e-28 -6.79015e-15 -1.30563e-27 -1.0218e-14 -82416.5 -82416.5 -82416.5 -82416.5 -82416.5 -82416.5
-0.0131069 -9.8168e-28 5.20509e-28 -3.58914e-15 -7.41602e-28 -2.8405e-15 -82416.5 -82416.5 -82416.5 -82416.5 -82416.5 -82416.5
-0.0412736 -3.37892e-27 -1.03034e-27 -1.18429e-14 -2.94015e-27 -1.09044e-14 -82416.5 -82416.5 -82416.5 -82416.5 -82416.5 -82416.5
0.000750436 4.19262e-29 6.01912e-28 1.73299e-16 -1.52004e-28 -5.86562e-16 -82416.5 -82416.5 -82416.5 -82416.5 -82416.5 -82416.5
-0.00590763 -9.59135e-29 4.53851e-29 -7.59157e-16 -3.23641e-28 -2.90088e-15 -82416.5 -82416.5 -82416.5 -82416.5 -82416.5 -82416.5
0.0433427 7.36223e-28 2.48452e-27 5.51067e-15 1.24978e-27 1.02267e-14 -82416.5 -82416.5 -82416.5 -82416.5 -82416.5 -82416.5
-0.0389493 -1.02347e-27 -9.53551e-28 -6.42476e-15 -1.87268e-27 -9.90706e-15 -82416.5 -82416.5 -82416.5 -82416.5 -82416.5 -82416.5
-0.0258246 -1.33462e-27 9.62639e-28 -6.01921e-15 -1.07521e-27 -3.29406e-15 -82416.5 -82416.5 -82416.5 -82416.5 -82416.5 -82416.5
0.0494596 4.38312e-27 1.71252e-27 1.46962e-14 2.73217e-27 9.11898e-15 -82416.5 -82416.5 -82416.5 -82416.5 -82416.5 -82416.5
0.024541 2.24008e-27 1.53509e-27 7.34012e-15 1.62931e-27 5.75272e-15 -82416.5 -82416.5 -82416.5 -82416.5 -82416.5 -82416.5
0.0132414 6.32797e-29 4.06673e-28 7.92353e-16 1.19145e-28 2.26992e-15 -82416.5 -82416.5 -82416.5 -82416.5 -82416.5 -82416.5
0.00470258 2.8115e-29 1.63747e-28 3.36219e-16 6.28848e-29 8.77504e-16 -82416.5 -82416.5 -82416.5 -82416.5 -82416.5 -82416.5
0.0331838 6.97444e-31 3.03921e-31 -1.32107e-16 3.96537e-31 -1.00415e-16 -82416.5 -82416.5 -82416.5 -82416.5 -82416.5 -82416.5
0.00863255 6.28685e-31 6.89101e-31 -7.35404e-17 6.00404e-31 -6.83562e-17 -82416.5 -82416.5 -82416.5 -82416.5 -82416.5 -82416.5
0.0294056 5.84586e-30 8.78934e-30 -4.01607e-16 4.31801e-30 -3.97471e-16 -82416.5 -82416.5 -82416.5 -82416.5 -82416.5 -82416.5
0.00492023 5.21286e-29 3.03331e-29 -5.04023e-16 3.27316e-29 -3.37885e-16 -82416.5 -82416.5 -82416.5 -82416.5 -82416.5 -82416.5
-0.0304069 -2.03201e-27 -1.64431e-27 7.88617e-15 -1.83022e-27 7.07425e-15 -82416.5 -82416.5 -82416.5 -82416.5 -82416.5 -82416.5
0.0343628 4.61186e-27 5.76512e-27 -1.2585e-14 5.1554e-27 -1.40748e-14 -82416.5 -82416.5 -82416.5 -82416.5 -82416.5 -82416.5
-0.0276867 -2.90416e-27 -5.75201e-27 9.05325e-15 -4.11283e-27 1.2624e-14 -82416.5 -82416.5 -82416.5 -82416.5 -82416.5 -82416.5
0.0302657 2.51535e-27 6.85124e-27 -8.62499e-15 4.112e-27 -1.43985e-14 -82416.5 -82416.5 -82416.5 -82416.5 -82416.5 -82416.5
-0.031342 -5.22629e-28 -8.76858e-27 4.54063e-15 -2.40281e-27 1.65779e-14 -82416.5 -82416.5 -82416.5 -82416.5 -82416.5 -82416.5
0.0372444 5.10851e-28 1.13496e-26 -3.99702e-15 2.21734e-27 -2.05586e-14 -82416.5 -82416.5 -82416.5 -82416.5 -82416.5 -82416.5
-0.0438977 -4.65092e-28 -1.28958e-26 5.21036e-15 -2.82526e-27 2.37928e-14 -82416.5 -82416.5 -82416.5 -82416.5 -82416.5 -82416.5
0.0159213 1.06896e-27 3.73007e-27 -4.04382e-15 1.95977e-27 -7.70617e-15 -82416.5 -82416.5 -82416.5 -82416.5 -82416.5 -82416.5
0.0326783 3.30104e-27 6.76232e-27 -1.03799e-14 4.71853e-27 -1.48634e-14 -82416.5 -82416.5 -82416.5 -82416.5 -82416.5 -82416.5
-0.0231189 2.37787e-28 -1.94417e-27 2.2648e-15 -6.31836e-28 6.70664e-15 -82416.5 -82416.5 -82416.5 -82416.5 -82416.5 -82416.5
-0.0197927 1.33563e-28 -6.33038e-29 2.36905e-15 -1.33225e-28 1.11937e-15 -82416.5 -82416.5 -82416.5 -82416.5 -82416.5 -82416.5
0.0299912 7.62527e-28 5.27172e-29 -4.63592e-15 1.90913e-28 -1.06643e-15 -82416.5 -82416.5 -82416.5 -82416.5 -82416.5 -82416.5
0.0462755 2.11523e-27 2.64335e-29 -9.78218e-15 -2.21905e-28 9.69056e-16 -82416.5 -82416.5 -82416.5 -82416.5 -82416.5 -82416.5
0.0474383 3.06855e-27 2.00483e-28 -1.20327e-14 -7.74703e-28 3.00255e-15 -82416.5 -82416.5 -82416.5 -82416.5 -82416.5 -82416.5
-0.00774117 -6.48399e-28 -9.25802e-28 2.30479e-15 8.38724e-28 -2.71333e-15 -82416.5 -82416.5 -82416.5 -82416.5 -82416.5 -82416.5
0.0471055 2.79938e-27 8.04418e-27 -1.13606e-14 -4.70799e-27 1.94619e-14 -82416.5 -82416.5 -82416.5 -82416.5 -82416.5 -82416.5
-0.0440808 -4.82809e-28 -1.2071e-26 5.07083e-15 2.66225e-27 -2.3068e-14 -82416.5 -82416.5 -82416.5 -82416.5 -82416.5 -82416.5
-0.00206886 2.95752e-30 -7.78721e-28 1.32447e-16 1.01309e-28 -1.29347e-15 -82416.5 -82416.5 -82416.5 -82416.5 -82416.5 -82416.5
-0.0288972 -1.07268e-27 -1.01127e-26 5.7139e-15 3.3922e-27 -1.70967e-14 -82416.5 -82416.5 -82416.5 -82416.5 -82416.5 -82416.5
0.0317476 1.42839e-27 1.09059e-26 -6.59237e-15 -3.8981e-27 1.85858e-14 -82416.5 -82416.5 -82416.5 -82416.5 -82416.5 -82416.5
-0.0450506 -4.23086e-27 -1.41743e-26 1.38257e-14 7.7748e-27 -2.52858e-14 -82416.5 -82416.5 -82416.5 -82416.5 -82416.5 -82416.5
-0.013878 -1.55759e-27 -3.99331e-27 4.73313e-15 2.52671e-27 -7.44727e-15 -82416.5 -82416.5 -82416.5 -82416.5 -82416.5 -82416.5
-0.0474334 -5.58629e-27 -1.20122e-26 1.62982e-14 8.21703e-27 -2.38801e-14 -82416.5 -82416.5 -82416.5 -82416.5 -82416.5 -82416.5
0.0211797 2.13834e-27 4.31537e-27 -6.69247e-15 -3.03428e-27 9.44877e-15 -82416.5 -82416.5 -82416.5 -82416.5 -82416.5 -82416.5
0.00973041 8.5136e-28 2.05226e-27 -2.84697e-15 -1.31825e-27 4.36005e-15 -82416.5 -82416.5 -82416.5 -82416.5 -82416.5 -82416.5
0.0296932 1.84853e-27 5.58724e-27 -7.34846e-15 -3.21375e-27 1.27771e-14 -82416.5 -82416.5 -82416.5 -82416.5 -82416.5 -82416.5
-0.0447041 -8.81062e-28 -5.56651e-27 6.28271e-15 2.21574e-27 -1.58237e-14 -82416.5 -82416.5 -82416.5 -82416.5 -82416.5 -82416.5
-0.037393 -4.67816e-28 -1.18843e-28 4.25243e-15 2.55916e-28 -2.48963e-15 -82416.5 -82416.5 -82416.5 -82416.5 -82416.5 -82416.5
0.00875828 3.04799e-28 2.82051e-28 -1.51343e-15 -2.40673e-28 8.56736e-16 -82416.5 -82416.5 -82416.5 -82416.5 -82416.5 -82416.5
-0.0424163 -1.52712e-27 5.06613e-29 8.2008e-15 2.97242e-28 -2.01587e-15 -82416.5 -82416.5 -82416.5 -82416.5 -82416.5 -82416.5
0.0444606 2.44797e-27 8.97465e-29 -1.04214e-14 -3.91302e-28 1.615e-15 -82416.5 -82416.5 -82416.5 -82416.5 -82416.5 -82416.5
0.0434185 3.9523e-27 2.33491e-28 -1.30318e-14 -7.39432e-28 2.23147e-15 -82416.5 -82416.5 -82416.5 -82416.5 -82416.5 -82416.5
0.0273249 3.98434e-27 1.67411e-27 -1.04123e-14 -2.49935e-27 6.42127e-15 -82416.5 -82416.5 -82416.5 -82416.5 -82416.5 -82416.5
0.01216 1.69582e-27 1.3112e-27 -4.50263e-15 -1.48746e-27 3.91284e-15 -82416.5 -82416.5 -82416.5 -82416.5 -82416.5 -82416.5
0.0467242 2.63213e-27 8.11656e-27 -1.10745e-14 -4.62027e-27 1.94683e-14 -82416.5 -82416.5 -82416.5 -82416.5 -82416.5 -82416.5
-0.0415846 -1.26895e-27 -7.64085e-27 7.56163e-15 3.11553e-27 -1.83947e-14 -82416.5 -82416.5 -82416.5 -82416.5 -82416.5 -82416.5
0.048752 2.41209e-28 1.41629e-26 -3.39408e-15 -1.82758e-27 2.62762e-14 -82416.5 -82416.5 -82416.5 -82416.5 -82416.5 -82416.5
-0.0317291 -5.3138e-28 -9.58837e-27 4.24189e-15 2.25906e-27 -1.78513e-14 -82416.5 -82416.5 -82416.5 -82416.5 -82416.5 -82416.5
0.0358186 2.43069e-27 1.12697e-26 -9.27247e-15 -5.1823e-27 2.00832e-14 -82416.5 -82416.5 -82416.5 -82416.5 -82416.5 -82416.5
-0.0466306 -5.52771e-27 -1.162e-26 1.60588e-14 8.13727e-27 -2.37292e-14 -82416.5 -82416.5 -82416.5 -82416.5 -82416.5 -82416.5
0.00768259 8.99557e-28 1.04898e-27 -2.59576e-15 -9.33266e-28 2.56842e-15 -82416.5 -82416.5 -82416.5 -82416.5 -82416.5 -82416.5
-0.0462422 -7.57025e-27 -5.88852e-27 1.87331e-14 6.96521e-27 -1.6992e-14 -82416.5 -82416.5 -82416.5 -82416.5 -82416.5 -82416.5
-0.00955088 -1.66167e-27 8.62667e-29 3.98462e-15 7.98176e-28 -1.87014e-15 -82416.5 -82416.5 -82416.5 -82416.5 -82416.5 -82416.5
0.0267619 4.81699e-27 7.99986e-28 -1.12601e-14 -1.88974e-27 4.57809e-15 -82416.5 -82416.5 -82416.5 -82416.5 -82416.5 -82416.5
0.03027 4.91247e-27 1.36931e-28 -1.21917e-14 1.12332e-28 -3.20497e-16 -82416.5 -82416.5 -82416.5 -82416.5 -82416.5 -82416.5
0.046145 5.61708e-27 9.23543e-28 -1.6085e-14 2.14823e-27 -6.24443e-15 -82416.5 -82416.5 -82416.5 -82416.5 -82416.5 -82416.5
0.0157085 1.46807e-27 8.01605e-28 -4.70011e-15 1.0735e-27 -3.54169e-15 -82416.5 -82416.5 -82416.5 -82416.5 -82416.5 -82416.5
-0.0184153 -1.07626e-27 -1.21454e-27 4.58762e-15 -1.15321e-27 4.76045e-15 -82416.5 -82416.5 -82416.5 -82416.5 -82416.5 -82416.5
0.0190432 1.02099e-28 2.87407e-27 -1.27014e-15 4.8393e-28 -7.39195e-15 -82416.5 -82416.5 -82416.5 -82416.5 -82416.5 -82416.5
-0.0422963 -6.38047e-29 -6.22198e-27 2.33625e-15 -8.55703e-28 1.62582e-14 -82416.5 -82416.5 -82416.5 -82416.5 -82416.5 -82416.5
0.0391205 1.20939e-28 5.18127e-27 -2.12982e-15 7.87081e-28 -1.41692e-14 -82416.5 -82416.5 -82416.5 -82416.5 -82416.5 -82416.5
-0.0376923 -1.09606e-28 -4.30259e-27 2.56999e-15 -8.11046e-28 1.28251e-14 -82416.5 -82416.5 -82416.5 -82416.5 -82416.5 -82416.5
0.00587318 6.19759e-28 2.82753e-29 -1.90633e-15 1.23054e-28 -3.72488e-16 -82416.5 -82416.5 -82416.5 -82416.5 -82416.5 -82416.5
-0.0396647 -4.92107e-27 -1.12426e-28 1.39742e-14 -7.95945e-28 2.27699e-15 -82416.5 -82416.5 -82416.5 -82416.5 -82416.5 -82416.5
0.0249191 2.48332e-27 5.62546e-29 -7.8588e-15 3.72658e-28 -1.17529e-15 -82416.5 -82416.5 -82416.5 -82416.5 -82416.5 -82416.5
-0.0397737 -2.852e-28 -2.43136e-27 3.36801e-15 -8.3286e-28 9.83535e-15 -82416.5 -82416.5 -82416.5 -82416.5 -82416.5 -82416.5
0.0405053 4.64921e-29 4.50312e-27 -1.23798e-15 4.10499e-28 -1.35047e-14 -82416.5 -82416.5 -82416.5 -82416.5 -82416.5 -82416.5
-0.0465975 -2.26655e-30 -6.18789e-27 3.568e-16 -1.30893e-28 1.69827e-14 -82416.5 -82416.5 -82416.5 -82416.5 -82416.5 -82416.5
0.0276637 3.27266e-29 3.59011e-27 -2.73715e-16 7.16008e-29 -9.93277e-15 -82416.5 -82416.5 -82416.5 -82416.5 -82416.5 -82416.5
0.0237701 7.7104e-29 1.85373e-27 -7.37656e-16 1.94755e-28 -6.63395e-15 -82416.5 -82416.5 -82416.5 -82416.5 -82416.5 -82416.5
-0.00122965 1.68251e-28 -1.42377e-29 -1.23997e-16 2.46368e-29 1.35383e-16 -82416.5 -82416.5 -82416.5 -82416.5 -82416.5 -82416.5
-0.000567598 1.86157e-28 -7.05642e-31 1.15567e-18 -3.59534e-30 2.09541e-17 -82416.5 -82416.5 -82416.5 -82416.5 -82416.5 -82416.5
0.0308804 5.36302e-27 1.85614e-29 -1.26609e-14 3.14055e-28 -7.54412e-16 -82416.5 -82416.5 -82416.5 -82416.5 -82416.5 -82416.5
0.011681 2.92143e-27 5.07149e-29 -5.83583e-15 3.8474e-28 -7.67521e-16 -82416.5 -82416.5 -82416.5 -82416.5 -82416.5 -82416.5
-0.00562742 -1.44185e-27 -1.06337e-28 3.16953e-15 -4.43707e-28 7.74184e-16 -82416.5 -82416.5 -82416.5 -82416.5 -82416.5 -82416.5
0.0291365 8.92904e-27 1.05923e-27 -1.61292e-14 3.07502e-27 -5.55517e-15 -82416.5 -82416.5 -82416.5 -82416.5 -82416.5 -82416.5
0.0299656 1.03067e-26 3.53073e-27 -1.74639e-14 5.96333e-27 -1.02779e-14 -82416.5 -82416.5 -82416.5 -82416.5 -82416.5 -82416.5
0.0220306 7.06919e-27 3.18196e-27 -1.22833e-14 4.66004e-27 -8.37222e-15 -82416.5 -82416.5 -82416.5 -82416.5 -82416.5 -82416.5
0.0468597 1.33351e-26 7.22571e-27 -2.49695e-14 9.802e-27 -1.84006e-14 -82416.5 -82416.5 -82416.5 -82416.5 -82416.5 -82416.5
-0.0125615 -2.73721e-27 -1.95227e-27 6.18238e-15 -2.45138e-27 4.95289e-15 -82416.5 -82416.5 -82416.5 -82416.5 -82416.5 -82416.5
0.0429748 8.112e-27 5.1128e-27 -1.86232e-14 6.39734e-27 -1.48089e-14 -82416.5 -82416.5 -82416.5 -82416.5 -82416.5 -82416.5
0.0449133 7.36533e-27 3.42965e-27 -1.81875e-14 5.0227e-27 -1.24058e-14 -82416.5 -82416.5 -82416.5 -82416.5 -82416.5 -82416.5
0.0389021 3.12023e-27 2.97095e-28 -1.10172e-14 9.57749e-28 -3.37964e-15 -82416.5 -82416.5 -82416.5 -82416.5 -82416.5 -82416.5
-0.0367181 -1.39062e-27 -1.28002e-28 7.88995e-15 -5.37476e-28 2.24846e-15 -82416.5 -82416.5 -82416.5 -82416.5 -82416.5 -82416.5
0.0221221 5.8325e-28 2.42825e-29 -3.04227e-15 9.98297e-30 -4.40378e-16 -82416.5 -82416.5 -82416.5 -82416.5 -82416.5 -82416.5
0.0365842 2.09668e-28 2.65493e-28 -2.04348e-15 1.34555e-28 -3.03939e-15 -82416.5 -82416.5 -82416.5 -82416.5 -82416.5 -82416.5
0.024289 8.52814e-33 9.40691e-32 6.40455e-18 -2.53548e-32 3.81052e-20 -82416.5 -82416.5 -82416.5 -82416.5 -82416.5 -82416.5
0.026808 1.40018e-29 1.77958e-29 -6.05722e-16 1.27631e-29 -6.13161e-16 -82416.5 -82416.5 -82416.5 -82416.5 -82416.5 -82416.5
-0.0323148 -7.54173e-29 -4.79776e-29 1.562e-15 -6.33903e-29 1.32681e-15 -82416.5 -82416.5 -82416.5 -82416.5 -82416.5 -82416.5
-0.0187171 -4.74875e-28 -3.50275e-28 2.98507e-15 -4.08363e-28 2.56049e-15 -82416.5 -82416.5 -82416.5 -82416.5 -82416.5 -82416.5
-0.0142703 -1.00057e-27 -7.6387e-28 3.77894e-15 -8.76305e-28 3.31222e-15 -82416.5 -82416.5 -82416.5 -82416.5 -82416.5 -82416.5
-0.0481398 -4.46231e-27 -3.43447e-27 1.46698e-14 -3.91575e-27 1.2861e-14 -82416.5 -82416.5 -82416.5 -82416.5 -82416.5 -82416.5
0.000664704 5.59191e-29 -6.91935e-29 -1.95381e-16 -2.21081e-29 3.97888e-17 -82416.5 -82416.5 -82416.5 -82416.5 -82416.5 -82416.5
0.0478707 1.99258e-26 5.90732e-27 -3.08768e-14 1.08446e-26 -1.68159e-14 -82416.5 -82416.5 -82416.5 -82416.5 -82416.5 -82416.5
-0.0481753 -6.95756e-27 -1.98629e-29 1.83366e-14 4.60779e-28 -1.25443e-15 -82416.5 -82416.5 -82416.5 -82416.5 -82416.5 -82416.5
-0.0347799 -3.34771e-27 -3.44613e-28 1.0795e-14 1.07414e-27 -3.46463e-15 -82416.5 -82416.5 -82416.5 -82416.5 -82416.5 -82416.5
-0.00135759 1.05899e-28 8.81927e-29 5.80212e-17 -9.66921e-29 -4.15932e-17 -82416.5 -82416.5 -82416.5 -82416.5 -82416.5 -82416.5
0.0333433 1.11269e-28 3.78808e-27 -1.47557e-15 -5.42111e-28 1.11638e-14 -82416.5 -82416.5 -82416.5 -82416.5 -82416.5 -82416.5
-0.0421035 7.39191e-29 -6.95043e-27 5.49236e-16 1.71132e-28 -1.71485e-14 -82416.5 -82416.5 -82416.5 -82416.5 -82416.5 -82416.5
0.0386946 1.39474e-29 7.35989e-27 6.51509e-16 2.8882e-28 1.68667e-14 -82416.5 -82416.5 -82416.5 -82416.5 -82416.5 -82416.5
0.0411766 1.26892e-28 9.63974e-27 2.12972e-15 9.94613e-28 1.98579e-14 -82416.5 -82416.5 -82416.5 -82416.5 -82416.5 -82416.5
-0.0268497 -7.81745e-29 -6.89312e-27 -2.82636e-15 -1.52766e-27 -1.3642e-14 -82416.5 -82416.5 -82416.5 -82416.5 -82416.5 -82416.5
-0.0484849 -1.7953e-27 -1.7754e-26 -9.71083e-15 -6.03228e-27 -2.94409e-14 -82416.5 -82416.5 -82416.5 -82416.5 -82416.5 -82416.5
0.040454 4.54529e-27 1.50651e-26 1.35501e-14 8.25199e-27 2.46707e-14 -82416.5 -82416.5 -82416.5 -82416.5 -82416.5 -82416.5
0.049021 6.02132e-27 1.60166e-26 1.71444e-14 9.81767e-27 2.79967e-14 -82416.5 -82416.5 -82416.5 -82416.5 -82416.5 -82416.5
0.0334356 1.04092e-27 4.20463e-27 5.57122e-15 1.96597e-27 1.18557e-14 -82416.5 -82416.5 -82416.5 -82416.5 -82416.5 -82416.5
0.00168255 6.51162e-30 4.08378e-28 1.04303e-16 4.53272e-29 7.59284e-16 -82416.5 -82416.5 -82416.5 -82416.5 -82416.5 -82416.5
-0.046594 -3.63844e-29 1.33119e-28 -1.32615e-15 -9.39473e-29 -2.61521e-15 -82416.5 -82416.5 -82416.5 -82416.5 -82416.5 -82416.5
-0.0378529 -2.31632e-28 -5.25466e-28 -2.96503e-15 4.31412e-28 5.69e-15 -82416.5 -82416.5 -82416.5 -82416.5 -82416.5 -82416.5
0.0450962 9.8274e-28 2.23608e-27 6.39371e-15 -1.42245e-27 -1.00418e-14 -82416.5 -82416.5 -82416.5 -82416.5 -82416.5 -82416.5
-0.0491309 -1.45199e-27 -3.51502e-27 -8.50829e-15 2.46557e-27 1.37495e-14 -82416.5 -82416.5 -82416.5 -82416.5 -82416.5 -82416.5
0.0471755 2.72113e-27 4.7339e-27 1.12223e-14 -3.54534e-27 -1.49416e-14 -82416.5 -82416.5 -82416.5 -82416.5 -82416.5 -82416.5
0.0368199 3.61415e-27 4.59625e-27 1.14377e-14 -3.99081e-27 -1.29733e-14 -82416.5 -82416.5 -82416.5 -82416.5 -82416.5 -82416.5
0.0438213 6.0392e-27 7.53271e-27 1.62165e-14 -6.72692e-27 -1.8168e-14 -82416.5 -82416.5 -82416.5 -82416.5 -82416.5 -82416.5
-0.0457591 -6.28217e-27 -1.09767e-26 -1.7217e-14 8.72415e-27 2.26352e-14 -82416.5 -82416.5 -82416.5 -82416.5 -82416.5 -82416.5
0.0228772 2.95554e-27 6.29046e-27 8.17445e-15 -4.26444e-27 -1.19866e-14 -82416.5 -82416.5 -82416.5 -82416.5 -82416.5 -82416.5
0.042081 4.01546e-27 1.2607e-26 1.29595e-14 -7.04382e-27 -2.29864e-14 -82416.5 -82416.5 -82416.5 -82416.5 -82416.5 -82416.5
-0.0490594 -1.99788e-27 -1.5439e-26 -1.01883e-14 5.86377e-27 2.76377e-14 -82416.5 -82416.5 -82416.5 -82416.5 -82416.5 -82416.5
-0.0324745 -1.90252e-28 -8.43119e-27 -3.11978e-15 1.69865e-27 1.66369e-14 -82416.5 -82416.5 -82416.5 -82416.5 -82416.5 -82416.5
-0.0210735 6.85535e-29 -4.85132e-27 5.69517e-16 -2.01175e-28 1.01787e-14 -82416.5 -82416.5 -82416.5 -82416.5 -82416.5 -82416.5
0.00312752 4.0294e-29 5.7625e-28 -2.17275e-16 1.12348e-28 -1.32302e-15 -82416.5 -82416.5 -82416.5 -82416.5 -82416.5 -82416.5
0.0148852 3.67453e-28 2.67212e-27 -2.10303e-15 9.57662e-28 -6.18955e-15 -82416.5 -82416.5 -82416.5 -82416.5 -82416.5 -82416.5
0.0450041 2.03305e-27 8.03268e-27 -9.56317e-15 4.04069e-27 -1.90129e-14 -82416.5 -82416.5 -82416.5 -82416.5 -82416.5 -82416.5
0.00567471 3.93603e-28 9.56412e-28 -1.45998e-15 6.11283e-28 -2.3102e-15 -82416.5 -82416.5 -82416.5 -82416.5 -82416.5 -82416.5
-0.0325855 -1.3827e-26 -6.2391e-28 2.12436e-14 -2.98277e-27 4.61476e-15 -82416.5 -82416.5 -82416.5 -82416.5 -82416.5 -82416.5
-0.038603 -1.69199e-26 9.04616e-30 2.55805e-14 -7.06593e-28 1.12064e-15 -82416.5 -82416.5 -82416.5 -82416.5 -82416.5 -82416.5
-0.0344308 -1.17255e-26 4.51419e-29 2.01246e-14 3.57042e-29 8.98867e-18 -82416.5 -82416.5 -82416.5 -82416.5 -82416.5 -82416.5
-0.00987699 -2.52088e-27 3.56051e-29 5.01298e-15 1.96078e-28 -3.21624e-16 -82416.5 -82416.5 -82416.5 -82416.5 -82416.5 -82416.5
0.0186526 3.07822e-27 7.69628e-30 -7.57275e-15 -1.28356e-28 3.23084e-16 -82416.5 -82416.5 -82416.5 -82416.5 -82416.5 -82416.5
0.0302202 1.45164e-28 1.78726e-27 -2.04054e-15 -4.83391e-28 7.31733e-15 -82416.5 -82416.5 -82416.5 -82416.5 -82416.5 -82416.5
0.0370672 3.0019e-28 6.36284e-27 3.30708e-15 1.36803e-27 1.53565e-14 -82416.5 -82416.5 -82416.5 -82416.5 -82416.5 -82416.5
-0.0252064 -4.18793e-28 -4.89779e-27 -3.43321e-15 -1.48187e-27 -1.11403e-14 -82416.5 -82416.5 -82416.5 -82416.5 -82416.5 -82416.5
0.0412239 3.09121e-27 1.11856e-26 1.12885e-14 5.87062e-27 2.14408e-14 -82416.5 -82416.5 -82416.5 -82416.5 -82416.5 -82416.5
-0.0253817 -3.6354e-27 -8.42351e-27 -9.70748e-15 -5.55233e-27 -1.46515e-14 -82416.5 -82416.5 -82416.5 -82416.5 -82416.5 -82416.5
0.0309997 6.58787e-27 1.12166e-26 1.42579e-14 8.57035e-27 1.86462e-14 -82416.5 -82416.5 -82416.5 -82416.5 -82416.5 -82416.5
0.0438218 1.33571e-26 1.51217e-26 2.41869e-14 1.4188e-26 2.56565e-14 -82416.5 -82416.5 -82416.5 -82416.5 -82416.5 -82416.5
-0.0476831 -1.59228e-26 -1.46994e-26 -2.76347e-14 -1.53203e-26 -2.66962e-14 -82416.5 -82416.5 -82416.5 -82416.5 -82416.5 -82416.5
0.0025345 5.82125e-28 7.14448e-28 1.21466e-15 5.00734e-28 1.04268e-15 -82416.5 -82416.5 -82416.5 -82416.5 -82416.5 -82416.5
-0.0113582 -2.25188e-27 -2.75071e-27 -5.08175e-15 -2.50712e-27 -5.72442e-15 -82416.5 -82416.5 -82416.5 -82416.5 -82416.5 -82416.5
0.0295776 3.3794e-27 8.26656e-27 9.99738e-15 5.1912e-27 1.53812e-14 -82416.5 -82416.5 -82416.5 -82416.5 -82416.5 -82416.5
-0.0395483 -3.39709e-27 -8.1099e-27 -1.15941e-14 -5.40513e-27 -1.85506e-14 -82416.5 -82416.5 -82416.5 -82416.5 -82416.5 -82416.5
0.00104427 7.87768e-29 -3.69251e-28 2.90918e-16 -1.02953e-28 -5.03408e-16 -82416.5 -82416.5 -82416.5 -82416.5 -82416.5 -82416.5
0.0458944 9.35737e-28 1.31606e-26 6.45398e-15 3.40685e-27 2.45197e-14 -82416.5 -82416.5 -82416.5 -82416.5 -82416.5 -82416.5
0.0393302 4.89016e-29 1.1543e-26 -3.10606e-16 -1.5092e-28 2.1301e-14 -82416.5 -82416.5 -82416.5 -82416.5 -82416.5 -82416.5
0.0488502 1.96525e-28 1.45794e-26 -2.76509e-15 -1.54935e-27 2.66488e-14 -82416.5 -82416.5 -82416.5 -82416.5 -82416.5 -82416.5
-0.0250404 -6.07178e-28 -5.52851e-27 3.90245e-15 1.93974e-27 -1.23005e-14 -82416.5 -82416.5 -82416.5 -82416.5 -82416.5 -82416.5
0.0356977 4.52764e-27 8.1153e-27 -1.26554e-14 -6.0399e-27 1.67452e-14 -82416.5 -82416.5 -82416.5 -82416.5 -82416.5 -82416.5
0.0462885 1.99335e-26 4.28557e-29 -3.0375e-14 -8.29322e-28 1.26845e-15 -82416.5 -82416.5 -82416.5 -82416.5 -82416.5 -82416.5
-0.0412993 -1.47265e-26 7.29002e-28 2.47315e-14 -1.49186e-27 2.05121e-15 -82416.5 -82416.5 -82416.5 -82416.5 -82416.5 -82416.5
0.00265611 5.56958e-28 1.03442e-28 -1.19791e-15 1.8745e-28 -4.59869e-16 -82416.5 -82416.5 -82416.5 -82416.5 -82416.5 -82416.5
0.0221481 2.86349e-27 1.62747e-27 -7.93862e-15 1.69779e-27 -5.00092e-15 -82416.5 -82416.5 -82416.5 -82416.5 -82416.5 -82416.5
0.0477454 2.11638e-27 6.90649e-27 -1.00521e-14 3.77975e-27 -1.7938e-14 -82416.5 -82416.5 -82416.5 -82416.5 -82416.5 -82416.5
-0.0297247 -2.76915e-28 -4.9204e-27 3.09542e-15 -1.28108e-27 1.21051e-14 -82416.5 -82416.5 -82416.5 -82416.5 -82416.5 -82416.5
0.0075084 2.09442e-29 1.95726e-27 -3.02887e-16 1.73267e-28 -3.78584e-15 -82416.5 -82416.5 -82416.5 -82416.5 -82416.5 -82416.5
-0.0466175 -2.40689e-28 -1.11939e-26 -3.73668e-15 1.7868e-27 2.28825e-14 -82416.5 -82416.5 -82416.5 -82416.5 -82416.5 -82416.5
0.0199388 9.45824e-28 6.39254e-27 4.29854e-15 -2.45885e-27 -1.11644e-14 -82416.5 -82416.5 -82416.5 -82416.5 -82416.5 -82416.5
-0.0453182 -4.84789e-27 -1.41773e-26 -1.48848e-14 8.32001e-27 2.53481e-14 -82416.5 -82416.5 -82416.5 -82416.5 -82416.5 -82416.5
-0.0337653 -4.16031e-27 -1.06861e-26 -1.18654e-14 6.67106e-27 1.89975e-14 -82416.5 -82416.5 -82416.5 -82416.5 -82416.5 -82416.5
0.024479 6.23612e-27 7.50313e-27 1.23533e-14 -6.66961e-27 -1.32661e-14 -82416.5 -82416.5 -82416.5 -82416.5 -82416.5 -82416.5
0.0365357 1.16449e-26 8.87208e-27 2.06072e-14 -1.01282e-26 -1.78573e-14 -82416.5 -82416.5 -82416.5 -82416.5 -82416.5 -82416.5
-0.0142378 -5.00596e-27 -2.49066e-27 -8.44302e-15 3.8272e-27 6.48443e-15 -82416.5 -82416.5 -82416.5 -82416.5 -82416.5 -82416.5
-0.00925421 -3.49704e-27 -1.17579e-27 -5.69797e-15 2.07636e-27 3.34186e-15 -82416.5 -82416.5 -82416.5 -82416.5 -82416.5 -82416.5
0.0372634 1.13932e-26 2.82374e-27 2.06035e-14 -5.30227e-27 -9.55115e-15 -82416.5 -82416.5 -82416.5 -82416.5 -82416.5 -82416.5
-0.0480082 -9.13243e-27 4.39596e-28 -2.0948e-14 2.00683e-27 4.41008e-15 -82416.5 -82416.5 -82416.5 -82416.5 -82416.5 -82416.5
0.0331968 2.01713e-27 5.01579e-28 8.17001e-15 8.67057e-28 3.39513e-15 -82416.5 -82416.5 -82416.5 -82416.5 -82416.5 -82416.5
0.00675655 1.03174e-28 1.17502e-27 8.18873e-16 3.36986e-28 2.53629e-15 -82416.5 -82416.5 -82416.5 -82416.5 -82416.5 -82416.5
-0.0360461 1.82613e-33 6.32926e-35 1.73115e-18 3.76302e-34 -3.76109e-19 -82416.5 -82416.5 -82416.5 -82416.5 -82416.5 -82416.5
0.0265383 6.24339e-31 8.03361e-31 -5.99141e-17 7.007e-31 -4.84647e-17 -82416.5 -82416.5 -82416.5 -82416.5 -82416.5 -82416.5
0.0489645 3.22491e-32 1.57711e-31 -3.54759e-17 6.90774e-32 -6.61466e-17 -82416.5 -82416.5 -82416.5 -82416.5 -82416.5 -82416.5
-0.0071565 -8.21815e-32 1.30919e-30 -2.90866e-17 2.78522e-32 7.41848e-17 -82416.5 -82416.5 -82416.5 -82416.5 -82416.5 -82416.5
-0.00692522 5.01263e-30 2.01993e-29 -5.62588e-17 -1.06069e-29 2.49307e-16 -82416.5 -82416.5 -82416.5 -82416.5 -82416.5 -82416.5
0.0412801 8.49673e-29 8.74236e-28 1.80042e-15 -2.71738e-28 -5.88527e-15 -82416.5 -82416.5 -82416.5 -82416.5 -82416.5 -82416.5
-0.0285908 -3.63836e-28 -2.2275e-27 -3.36292e-15 9.09901e-28 8.06415e-15 -82416.5 -82416.5 -82416.5 -82416.5 -82416.5 -82416.5
0.0303667 2.71301e-27 5.29478e-27 9.0222e-15 -3.79005e-27 -1.25973e-14 -82416.5 -82416.5 -82416.5 -82416.5 -82416.5 -82416.5
-0.015522 -1.54087e-27 -2.82324e-27 -5.02345e-15 2.08576e-27 6.79155e-15 -82416.5 -82416.5 -82416.5 -82416.5 -82416.5 -82416.5
-0.0477348 -4.87594e-27 -1.34137e-26 -1.54158e-14 8.09809e-27 2.54132e-14 -82416.5 -82416.5 -82416.5 -82416.5 -82416.5 -82416.5
0.047826 1.62692e-27 1.51833e-26 8.81928e-15 -4.96347e-27 -2.69333e-14 -82416.5 -82416.5 -82416.5 -82416.5 -82416.5 -82416.5
-0.0392625 -5.61048e-28 -1.22031e-26 -5.23404e-15 2.76782e-27 2.2095e-14 -82416.5 -82416.5 -82416.5 -82416.5 -82416.5 -82416.5
-0.0367245 -2.62494e-28 -9.36245e-27 -3.7393e-15 1.72184e-27 1.88746e-14 -82416.5 -82416.5 -82416.5 -82416.5 -82416.5 -82416.5
0.0369696 4.89667e-28 7.92395e-27 4.04386e-15 -1.88895e-27 -1.71086e-14 -82416.5 -82416.5 -82416.5 -82416.5 -82416.5 -82416.5
-0.0462626 -2.51158e-27 -6.80868e-27 -1.1078e-14 4.13624e-27 1.81528e-14 -82416.5 -82416.5 -82416.5 -82416.5 -82416.5 -82416.5
-0.0322788 -3.22864e-27 -3.26923e-27 -1.0287e-14 3.32106e-27 1.08518e-14 -82416.5 -82416.5 -82416.5 -82416.5 -82416.5 -82416.5
-0.0457753 -4.53538e-27 -3.37848e-27 -1.45411e-14 3.9612e-27 1.29624e-14 -82416.5 -82416.5 -82416.5 -82416.5 -82416.5 -82416.5
0.0212538 2.68473e-27 1.61412e-27 7.37235e-15 -2.08135e-27 -5.69209e-15 -82416.5 -82416.5 -82416.5 -82416.5 -82416.5 -82416.5
-0.0135936 -1.33632e-27 -1.38587e-28 -4.26631e-15 7.24587e-28 2.39616e-15 -82416.5 -82416.5 -82416.5 -82416.5 -82416.5 -82416.5
0.0122795 5.37318e-28 1.1292e-28 2.44538e-15 6.49087e-29 -5.22667e-17 -82416.5 -82416.5 -82416.5 -82416.5 -82416.5 -82416.5
0.0479437 7.39366e-28 4.42077e-29 5.53797e-15 5.942e-29 9.49914e-16 -82416.5 -82416.5 -82416.5 -82416.5 -82416.5 -82416.5
0.0485351 5.93181e-28 6.54229e-28 5.03166e-15 4.99098e-28 5.40473e-15 -82416.5 -82416.5 -82416.5 -82416.5 -82416.5 -82416.5
0.00435877 2.2366e-28 1.56237e-28 7.06063e-16 1.67808e-28 7.83927e-16 -82416.5 -82416.5 -82416.5 -82416.5 -82416.5 -82416.5
0.0469432 3.20274e-27 7.96719e-27 1.22428e-14 4.97598e-27 1.92054e-14 -82416.5 -82416.5 -82416.5 -82416.5 -82416.5 -82416.5
-0.0341463 -1.51495e-27 -1.28518e-26 -7.4897e-15 -4.59608e-27 -2.09485e-14 -82416.5 -82416.5 -82416.5 -82416.5 -82416.5 -82416.5
0.0116305 2.65784e-28 4.30462e-27 1.61997e-15 1.03035e-27 7.01839e-15 -82416.5 -82416.5 -82416.5 -82416.5 -82416.5 -82416.5
0.0361195 3.6784e-28 9.56262e-27 3.61545e-15 1.82002e-27 1.84592e-14 -82416.5 -82416.5 -82416.5 -82416.5 -82416.5 -82416.5
-0.0233495 -3.60958e-28 -4.70843e-27 -3.163e-15 -1.37994e-27 -1.05184e-14 -82416.5 -82416.5 -82416.5 -82416.5 -82416.5 -82416.5
-0.0340224 -1.88132e-27 -5.43377e-27 -8.19483e-15 -3.26272e-27 -1.35989e-14 -82416.5 -82416.5 -82416.5 -82416.5 -82416.5 -82416.5
0.019542 1.7235e-27 2.80971e-27 5.75536e-15 2.20035e-27 7.36137e-15 -82416.5 -82416.5 -82416.5 -82416.5 -82416.5 -82416.5
-0.0467394 -2.11957e-27 -6.03266e-28 -1.03674e-14 -1.40916e-27 -5.74171e-15 -82416.5 -82416.5 -82416.5 -82416.5 -82416.5 -82416.5
-0.0481892 -1.43801e-27 -8.44112e-29 -8.85295e-15 -7.94779e-28 -3.39624e-15 -82416.5 -82416.5 -82416.5 -82416.5 -82416.5 -82416.5
0.0224752 4.72291e-28 1.95155e-28 3.07602e-15 1.62409e-29 7.95002e-16 -82416.5 -82416.5 -82416.5 -82416.5 -82416.5 -82416.5
-0.0477256 -1.36566e-27 9.56005e-29 -8.61135e-15 -8.99377e-28 -3.5445e-15 -82416.5 -82416.5 -82416.5 -82416.5 -82416.5 -82416.5
-0.0201077 -1.42064e-27 -8.69028e-28 -5.45456e-15 -1.38905e-27 -4.69417e-15 -82416.5 -82416.5 -82416.5 -82416.5 -82416.5 -82416.5
0.031891 2.68242e-27 2.19766e-27 9.24597e-15 2.41813e-27 8.31551e-15 -82416.5 -82416.5 -82416.5 -82416.5 -82416.5 -82416.5
0.0178733 1.83653e-27 1.71145e-27 5.39923e-15 1.45383e-27 5.33297e-15 -82416.5 -82416.5 -82416.5 -82416.5 -82416.5 -82416.5
0.0227835 1.55674e-27 3.07008e-27 5.67656e-15 1.84561e-27 8.08572e-15 -82416.5 -82416.5 -82416.5 -82416.5 -82416.5 -82416.5
0.0195737 9.57275e-28 2.93829e-27 3.96214e-15 1.3029e-27 7.31577e-15 -82416.5 -82416.5 -82416.5 -82416.5 -82416.5 -82416.5
0.0322433 5.93699e-28 5.31715e-27 3.85829e-15 1.42601e-27 1.29503e-14 -82416.5 -82416.5 -82416.5 -82416.5 -82416.5 -82416.5
-0.0151263 -2.23298e-28 -1.94114e-27 -1.96678e-15 -6.94016e-28 -5.42414e-15 -82416.5 -82416.5 -82416.5 -82416.5 -82416.5 -82416.5
0.0476234 2.44078e-27 4.41287e-27 1.045e-14 3.09047e-27 1.44319e-14 -82416.5 -82416.5 -82416.5 -82416.5 -82416.5 -82416.5
0.0020263 2.8561e-30 4.36711e-28 1.87411e-16 1.08829e-28 9.68017e-16 -82416.5 -82416.5 -82416.5 -82416.5 -82416.5 -82416.5
0.0121947 1.7167e-27 1.15987e-28 3.88974e-15 4.21116e-28 1.16127e-15 -82416.5 -82416.5 -82416.5 -82416.5 -82416.5 -82416.5
-0.0360374 -1.86161e-27 -2.77685e-28 -9.01734e-15 -7.48215e-28 -3.20468e-15 -82416.5 -82416.5 -82416.5 -82416.5 -82416.5 -82416.5
-0.0215134 -2.35885e-28 -2.85568e-28 -4.57977e-15 -4.3834e-28 -2.53922e-15 -82416.5 -82416.5 -82416.5 -82416.5 -82416.5 -82416.5
-0.0429257 -3.32374e-28 -1.55354e-27 -7.06253e-15 -1.21712e-27 -8.22467e-15 -82416.5 -82416.5 -82416.5 -82416.5 -82416.5 -82416.5
0.0266078 9.52191e-28 3.33983e-27 4.6627e-15 1.66563e-27 9.4248e-15 -82416.5 -82416.5 -82416.5 -82416.5 -82416.5 -82416.5
0.0363295 1.94186e-27 4.40272e-27 8.15969e-15 2.87382e-27 1.26287e-14 -82416.5 -82416.5 -82416.5 -82416.5 -82416.5 -82416.5
-0.0288221 7.34398e-28 -1.911e-27 -5.70292e-15 -1.40677e-27 -7.42559e-15 -82416.5 -82416.5 -82416.5 -82416.5 -82416.5 -82416.5
-0.0250418 1.44898e-27 -1.88851e-27 -2.55882e-15 -5.97606e-28 -6.88893e-15 -82416.5 -82416.5 -82416.5 -82416.5 -82416.5 -82416.5
-0.0464787 -1.20834e-27 -4.46153e-27 -1.03226e-14 -3.09364e-27 -1.44177e-14 -82416.5 -82416.5 -82416.5 -82416.5 -82416.5 -82416.5
-0.0490454 -2.07469e-27 -5.3387e-27 -1.26326e-14 -3.984e-27 -1.62311e-14 -82416.5 -82416.5 -82416.5 -82416.5 -82416.5 -82416.5
-0.0225672 -1.59032e-27 -1.72144e-27 -6.30779e-15 -1.68634e-27 -6.28421e-15 -82416.5 -82416.5 -82416.5 -82416.5 -82416.5 -82416.5
0.0264692 1.21445e-27 1.06589e-27 5.62541e-15 1.09726e-27 5.25779e-15 -82416.5 -82416.5 -82416.5 -82416.5 -82416.5 -82416.5
0.0447131 1.09063e-27 5.17395e-28 6.46362e-15 6.389e-28 4.744e-15 -82416.5 -82416.5 -82416.5 -82416.5 -82416.5 -82416.5
0.0205509 1.00653e-27 1.23028e-28 3.5706e-15 2.92677e-28 1.58507e-15 -82416.5 -82416.5 -82416.5 -82416.5 -82416.5 -82416.5
-0.0395509 -1.90271e-27 -3.54827e-28 -8.81789e-15 -9.2151e-28 -3.92387e-15 -82416.5 -82416.5 -82416.5 -82416.5 -82416.5 -82416.5
-0.00401486 -3.00996e-28 3.70464e-29 -1.58657e-15 -2.69314e-28 -3.20104e-16 -82416.5 -82416.5 -82416.5 -82416.5 -82416.5 -82416.5
-0.0385298 -2.76521e-27 -1.00936e-27 -1.0531e-14 -1.87894e-27 -6.5065e-15 -82416.5 -82416.5 -82416.5 -82416.5 -82416.5 -82416.5
-0.0434483 -6.62231e-28 -4.86537e-27 -7.02873e-15 -2.70599e-27 -1.48321e-14 -82416.5 -82416.5 -82416.5 -82416.5 -82416.5 -82416.5
0.0122657 3.28201e-28 1.25186e-27 1.91302e-15 5.4267e-28 3.7919e-15 -82416.5 -82416.5 -82416.5 -82416.5 -82416.5 -82416.5
0.0365434 1.32671e-27 1.6224e-27 6.363e-15 1.25287e-27 7.63583e-15 -82416.5 -82416.5 -82416.5 -82416.5 -82416.5 -82416.5
-0.0135729 -4.4302e-28 -1.54992e-28 -2.98731e-15 -6.13055e-28 -1.99942e-15 -82416.5 -82416.5 -82416.5 -82416.5 -82416.5 -82416.5
0.0170132 1.3132e-27 1.7729e-28 4.48706e-15 2.60082e-28 1.34856e-15 -82416.5 -82416.5 -82416.5 -82416.5 -82416.5 -82416.5
-0.0323727 -1.12098e-27 -3.2269e-28 -7.10768e-15 6.16142e-28 3.45646e-15 -82416.5 -82416.5 -82416.5 -82416.5 -82416.5 -82416.5
-0.0450731 -1.16654e-27 -8.05759e-28 -8.51403e-15 1.0211e-27 6.22681e-15 -82416.5 -82416.5 -82416.5 -82416.5 -82416.5 -82416.5
-0.0242544 -4.08629e-28 -4.01844e-27 -4.22021e-15 1.63571e-27 9.90094e-15 -82416.5 -82416.5 -82416.5 -82416.5 -82416.5 -82416.5
-0.0387333 -1.97822e-27 -6.69347e-27 -9.51132e-15 3.92935e-27 1.61037e-14 -82416.5 -82416.5 -82416.5 -82416.5 -82416.5 -82416.5
0.0210632 2.09578e-27 4.03338e-27 6.32841e-15 -2.85518e-27 -9.15127e-15 -82416.5 -82416.5 -82416.5 -82416.5 -82416.5 -82416.5
-0.048055 -4.08119e-27 -7.76247e-27 -1.43159e-14 5.92161e-27 1.94325e-14 -82416.5 -82416.5 -82416.5 -82416.5 -82416.5 -82416.5
0.00946396 6.46644e-28 1.25688e-27 1.93818e-15 -7.05896e-28 -3.44893e-15 -82416.5 -82416.5 -82416.5 -82416.5 -82416.5 -82416.5
-0.0240581 -3.28679e-28 -4.79664e-28 -2.8124e-15 6.01755e-28 5.08416e-15 -82416.5 -82416.5 -82416.5 -82416.5 -82416.5 -82416.5
-0.00603919 -5.39306e-29 2.21007e-28 -1.33551e-15 2.63875e-28 1.40993e-16 -82416.5 -82416.5 -82416.5 -82416.5 -82416.5 -82416.5
-0.0352261 -3.21392e-28 3.61254e-28 -3.3782e-15 2.13467e-28 2.62095e-15 -82416.5 -82416.5 -82416.5 -82416.5 -82416.5 -82416.5
0.0389696 8.90012e-28 7.38497e-29 5.32001e-15 -1.9879e-28 -1.64775e-15 -82416.5 -82416.5 -82416.5 -82416.5 -82416.5 -82416.5
0.0159868 6.1891e-28 1.57149e-28 2.8622e-15 5.44895e-29 -3.95334e-16 -82416.5 -82416.5 -82416.5 -82416.5 -82416.5 -82416.5
0.0267737 2.54214e-27 2.85371e-28 8.13119e-15 -4.02486e-28 -1.69934e-15 -82416.5 -82416.5 -82416.5 -82416.5 -82416.5 -82416.5
0.00270742 1.11722e-27 2.76106e-28 1.66811e-15 -5.55401e-28 -8.29796e-16 -82416.5 -82416.5 -82416.5 -82416.5 -82416.5 -82416.5
-0.0189343 -5.28115e-28 -2.52005e-28 -4.12436e-15 3.65323e-28 2.75605e-15 -82416.5 -82416.5 -82416.5 -82416.5 -82416.5 -82416.5
0.00690589 4.62097e-32 8.06166e-33 9.49468e-18 1.75578e-32 9.8278e-19 -82416.5 -82416.5 -82416.5 -82416.5 -82416.5 -82416.5
0.0481588 7.00821e-30 4.88363e-30 -2.47506e-16 3.63665e-30 -4.72115e-16 -82416.5 -82416.5 -82416.5 -82416.5 -82416.5 -82416.5
-0.0363259 -9.87625e-31 -3.10426e-29 4.23279e-16 -1.32158e-29 1.06474e-15 -82416.5 -82416.5 -82416.5 -82416.5 -82416.5 -82416.5
0.0483857 1.74038e-28 5.62911e-28 -2.74735e-15 2.8565e-28 -5.19619e-15 -82416.5 -82416.5 -82416.5 -82416.5 -82416.5 -82416.5
0.0227124 2.20397e-28 5.73304e-28 -2.20213e-15 3.40676e-28 -3.58595e-15 -82416.5 -82416.5 -82416.5 -82416.5 -82416.5 -82416.5
0.0286403 2.68248e-27 2.70548e-27 -8.69792e-15 2.67986e-27 -8.80055e-15 -82416.5 -82416.5 -82416.5 -82416.5 -82416.5 -82416.5
0.0458705 5.71956e-27 4.88641e-27 -1.61357e-14 5.27409e-27 -1.49688e-14 -82416.5 -82416.5 -82416.5 -82416.5 -82416.5 -82416.5
0.0465821 9.90248e-27 4.57776e-27 -2.14343e-14 6.72021e-27 -1.46028e-14 -82416.5 -82416.5 -82416.5 -82416.5 -82416.5 -82416.5
0.0329852 1.04916e-26 1.76701e-27 -1.85469e-14 4.30256e-27 -7.62845e-15 -82416.5 -82416.5 -82416.5 -82416.5 -82416.5 -82416.5
0.0365722 1.22072e-26 1.23696e-27 -2.11212e-14 3.88445e-27 -6.72594e-15 -82416.5 -82416.5 -82416.5 -82416.5 -82416.5 -82416.5
-0.00179462 -1.28674e-27 -9.95234e-29 1.74433e-15 -3.667e-28 5.50388e-16 -82416.5 -82416.5 -82416.5 -82416.5 -82416.5 -82416.5
0.0367107 1.40939e-26 4.88058e-28 -2.26498e-14 2.61609e-27 -4.17657e-15 -82416.5 -82416.5 -82416.5 -82416.5 -82416.5 -82416.5
0.002182 1.27152e-27 6.41537e-29 -1.56112e-15 2.76039e-28 -3.05421e-16 -82416.5 -82416.5 -82416.5 -82416.5 -82416.5 -82416.5
0.0471931 1.6956e-26 5.24734e-28 -2.82523e-14 2.97394e-27 -4.93594e-15 -82416.5 -82416.5 -82416.5 -82416.5 -82416.5 -82416.5
0.0376038 1.16745e-26 6.44427e-28 -2.09325e-14 2.73487e-27 -4.88724e-15 -82416.5 -82416.5 -82416.5 -82416.5 -82416.5 -82416.5
0.0279393 7.17609e-27 1.0742e-27 -1.41572e-14 2.77643e-27 -5.4773e-15 -82416.5 -82416.5 -82416.5 -82416.5 -82416.5 -82416.5
0.0165672 3.29154e-27 1.92812e-27 -7.30359e-15 2.51656e-27 -5.62233e-15 -82416.5 -82416.5 -82416.5 -82416.5 -82416.5 -82416.5
-0.0477707 -4.65421e-27 -5.17811e-27 1.59303e-14 -5.10905e-27 1.57823e-14 -82416.5 -82416.5 -82416.5 -82416.5 -82416.5 -82416.5
-0.0482583 -5.10471e-28 -2.64267e-27 7.7885e-15 -1.63935e-27 1.14091e-14 -82416.5 -82416.5 -82416.5 -82416.5 -82416.5 -82416.5
0.0467298 2.58646e-28 1.28123e-27 -3.45097e-15 5.74366e-28 -7.72629e-15 -82416.5 -82416.5 -82416.5 -82416.5 -82416.5 -82416.5
-0.0296121 4.97996e-28 -3.46572e-28 2.1573e-15 -1.18266e-28 3.30812e-15 -82416.5 -82416.5 -82416.5 -82416.5 -82416.5 -82416.5
0.0478471 2.03372e-28 7.01807e-28 -2.22574e-15 2.5753e-28 -5.78905e-15 -82416.5 -82416.5 -82416.5 -82416.5 -82416.5 -82416.5
0.0216086 2.16533e-27 1.66148e-27 -6.48291e-15 1.79878e-27 -5.99183e-15 -82416.5 -82416.5 -82416.5 -82416.5 -82416.5 -82416.5
-0.0487961 -6.94389e-27 -3.88704e-27 1.84357e-14 -5.22777e-27 1.39651e-14 -82416.5 -82416.5 -82416.5 -82416.5 -82416.5 -82416.5
-0.0409349 -1.27725e-26 -4.36152e-28 2.30519e-14 -3.36382e-27 5.52228e-15 -82416.5 -82416.5 -82416.5 -82416.5 -82416.5 -82416.5
0.024453 9.01788e-27 4.5186e-28 -1.4847e-14 1.98748e-27 -3.26098e-15 -82416.5 -82416.5 -82416.5 -82416.5 -82416.5 -82416.5
-0.0227569 -9.489e-27 1.77674e-28 1.51179e-14 -1.90872e-27 2.17703e-15 -82416.5 -82416.5 -82416.5 -82416.5 -82416.5 -82416.5
-0.0315418 -1.159e-26 -6.24687e-28 1.92812e-14 -3.52066e-27 5.36942e-15 -82416.5 -82416.5 -82416.5 -82416.5 -82416.5 -82416.5
-0.00344796 -6.90429e-28 1.83462e-28 2.05853e-15 -8.40913e-28 7.04968e-16 -82416.5 -82416.5 -82416.5 -82416.5 -82416.5 -82416.5
0.0496631 1.69397e-26 2.91619e-27 -2.89147e-14 6.98455e-27 -1.20278e-14 -82416.5 -82416.5 -82416.5 -82416.5 -82416.5 -82416.5
0.0424735 1.16207e-26 3.62557e-27 -2.20555e-14 6.25821e-27 -1.22734e-14 -82416.5 -82416.5 -82416.5 -82416.5 -82416.5 -82416.5
-0.0308872 -5.36908e-27 -3.02632e-27 1.34177e-14 -5.06921e-27 1.0511e-14 -82416.5 -82416.5 -82416.5 -82416.5 -82416.5 -82416.5
-0.0464003 -6.59003e-28 -2.86019e-28 7.65441e-15 -1.29063e-27 5.22949e-15 -82416.5 -82416.5 -82416.5 -82416.5 -82416.5 -82416.5
-0.022048 4.707e-29 -1.85088e-27 4.73307e-16 -1.79728e-28 6.43983e-15 -82416.5 -82416.5 -82416.5 -82416.5 -82416.5 -82416.5
0.00644288 7.64819e-29 6.10215e-28 -4.07972e-16 7.74701e-29 -1.91949e-15 -82416.5 -82416.5 -82416.5 -82416.5 -82416.5 -82416.5
-0.0390993 -1.20245e-27 -1.91416e-27 6.88812e-15 -1.52769e-27 8.65329e-15 -82416.5 -82416.5 -82416.5 -82416.5 -82416.5 -82416.5
-0.0102057 -8.34272e-28 -1.4585e-28 3.196e-15 -5.58033e-28 1.45702e-15 -82416.5 -82416.5 -82416.5 -82416.5 -82416.5 -82416.5
0.0116533 9.97149e-28 5.02933e-28 -3.24245e-15 5.10256e-28 -2.17725e-15 -82416.5 -82416.5 -82416.5 -82416.5 -82416.5 -82416.5
-0.0455192 -7.58764e-27 -8.96023e-28 1.86849e-14 -2.63426e-27 6.39137e-15 -82416.5 -82416.5 -82416.5 -82416.5 -82416.5 -82416.5
0.00570233 1.26286e-27 2.49652e-28 -2.68335e-15 5.44985e-28 -1.16102e-15 -82416.5 -82416.5 -82416.5 -82416.5 -82416.5 -82416.5
0.0423408 1.45878e-26 1.8927e-27 -2.45201e-14 4.745e-27 -8.60279e-15 -82416.5 -82416.5 -82416.5 -82416.5 -82416.5 -82416.5
-0.0393151 -1.44702e-26 -2.65082e-27 2.41526e-14 -6.41556e-27 1.02687e-14 -82416.5 -82416.5 -82416.5 -82416.5 -82416.5 -82416.5
-0.0413672 -1.95237e-26 -3.08217e-27 2.87688e-14 -8.05602e-27 1.13729e-14 -82416.5 -82416.5 -82416.5 -82416.5 -82416.5 -82416.5
-0.0180304 -9.97347e-27 -6.67794e-28 1.40759e-14 -4.02653e-27 4.35687e-15 -82416.5 -82416.5 -82416.5 -82416.5 -82416.5 -82416.5
-0.0493843 -2.1295e-26 -4.06364e-27 3.29948e-14 -1.03516e-26 1.47415e-14 -82416.5 -82416.5 -82416.5 -82416.5 -82416.5 -82416.5
-0.0295943 -4.83037e-27 -3.03375e-28 1.30769e-14 -2.55086e-27 4.44374e-15 -82416.5 -82416.5 -82416.5 -82416.5 -82416.5 -82416.5
-0.0473068 -1.51957e-28 -1.0471e-27 7.39638e-15 -2.44222e-27 9.57285e-15 -82416.5 -82416.5 -82416.5 -82416.5 -82416.5 -82416.5
0.0157906 5.83657e-29 1.3715e-27 -1.9667e-17 -9.33738e-29 -4.36057e-15 -82416.5 -82416.5 -82416.5 -82416.5 -82416.5 -82416.5
-0.026069 -8.05932e-28 -1.50779e-27 -4.8173e-15 1.11123e-27 6.89988e-15 -82416.5 -82416.5 -82416.5 -82416.5 -82416.5 -82416.5
-0.0437256 -2.74669e-27 -1.68567e-27 -1.12329e-14 2.2227e-27 9.58992e-15 -82416.5 -82416.5 -82416.5 -82416.5 -82416.5 -82416.5
0.0218438 3.12345e-27 5.67371e-28 8.09728e-15 -1.21293e-27 -3.431e-15 -82416.5 -82416.5 -82416.5 -82416.5 -82416.5 -82416.5
-0.0386452 -6.34026e-27 -6.80044e-28 -1.56538e-14 2.52368e-27 6.26239e-15 -82416.5 -82416.5 -82416.5 -82416.5 -82416.5 -82416.5
0.00129738 1.2438e-28 2.37635e-28 2.09255e-16 -8.63487e-29 2.64559e-16 -82416.5 -82416.5 -82416.5 -82416.5 -82416.5 -82416.5
0.0467987 8.86113e-27 3.63273e-27 2.01932e-14 -5.67352e-27 -1.29185e-14 -82416.5 -82416.5 -82416.5 -82416.5 -82416.5 -82416.5
0.0341745 5.58785e-27 2.23386e-27 1.37889e-14 -3.4954e-27 -8.54176e-15 -82416.5 -82416.5 -82416.5 -82416.5 -82416.5 -82416.5
-0.0326788 -5.54552e-27 -1.54183e-27 -1.42307e-14 3.3628e-27 7.24757e-15 -82416.5 -82416.5 -82416.5 -82416.5 -82416.5 -82416.5
-0.0483116 -6.04627e-27 -2.4047e-27 -1.7749e-14 4.3764e-27 1.11463e-14 -82416.5 -82416.5 -82416.5 -82416.5 -82416.5 -82416.5
-0.0436014 -2.58813e-27 -1.32913e-27 -1.17511e-14 2.45338e-27 8.02172e-15 -82416.5 -82416.5 -82416.5 -82416.5 -82416.5 -82416.5
-0.0232456 -1.00613e-28 -6.03051e-28 -4.49293e-15 7.95397e-28 3.76281e-15 -82416.5 -82416.5 -82416.5 -82416.5 -82416.5 -82416.5
-0.0489523 5.05965e-28 -1.55908e-27 -3.82406e-15 8.4024e-28 8.81579e-15 -82416.5 -82416.5 -82416.5 -82416.5 -82416.5 -82416.5
-0.0453393 7.70884e-28 -2.59863e-27 1.85858e-15 -2.78171e-28 1.09253e-14 -82416.5 -82416.5 -82416.5 -82416.5 -82416.5 -82416.5
-0.0466536 -1.07622e-27 -3.00087e-27 8.37793e-15 -2.14905e-27 1.18348e-14 -82416.5 -82416.5 -82416.5 -82416.5 -82416.5 -82416.5
0.0221137 4.00998e-27 1.2555e-27 -9.3117e-15 2.18504e-27 -4.89551e-15 -82416.5 -82416.5 -82416.5 -82416.5 -82416.5 -82416.5
-0.0461883 -3.83688e-27 -3.83789e-27 1.33189e-14 -3.87132e-27 1.3494e-14 -82416.5 -82416.5 -82416.5 -82416.5 -82416.5 -82416.5
0.00224202 6.04823e-29 3.53912e-28 -3.78954e-16 1.56897e-28 -8.99225e-16 -82416.5 -82416.5 -82416.5 -82416.5 -82416.5 -82416.5
0.0465152 2.24634e-27 3.8819e-27 -9.93989e-15 2.93818e-27 -1.33147e-14 -82416.5 -82416.5 -82416.5 -82416.5 -82416.5 -82416.5
-0.0316224 -2.86212e-28 -1.35695e-27 4.16207e-15 -6.45616e-28 7.69366e-15 -82416.5 -82416.5 -82416.5 -82416.5 -82416.5 -82416.5
0.0482698 5.53028e-28 1.43451e-27 -4.62304e-15 8.71753e-28 -8.04948e-15 -82416.5 -82416.5 -82416.5 -82416.5 -82416.5 -82416.5
-0.012223 -7.69984e-28 -6.51944e-28 3.55578e-15 -7.26647e-28 3.73236e-15 -82416.5 -82416.5 -82416.5 -82416.5 -82416.5 -82416.5
0.0436462 3.41697e-27 2.66589e-27 -1.21891e-14 3.01035e-27 -1.06909e-14 -82416.5 -82416.5 -82416.5 -82416.5 -82416.5 -82416.5
-0.0151176 -8.00767e-28 -2.96277e-28 4.15254e-15 -5.33756e-28 3.3858e-15 -82416.5 -82416.5 -82416.5 -82416.5 -82416.5 -82416.5
-0.0454682 -4.28619e-27 -9.11075e-28 1.4457e-14 -2.10149e-27 7.715e-15 -82416.5 -82416.5 -82416.5 -82416.5 -82416.5 -82416.5
-0.0112038 -6.42942e-28 7.77548e-29 3.36209e-15 -1.7152e-28 1.78441e-15 -82416.5 -82416.5 -82416.5 -82416.5 -82416.5 -82416.5
0.01219 6.6177e-28 5.36906e-28 -2.35894e-15 5.86542e-28 -1.83694e-15 -82416.5 -82416.5 -82416.5 -82416.5 -82416.5 -82416.5
-0.00724252 2.57846e-28 3.89375e-28 1.52769e-16 3.16979e-28 2.346e-16 -82416.5 -82416.5 -82416.5 -82416.5 -82416.5 -82416.5
-0.0387314 -2.01924e-28 -1.33171e-27 2.974e-15 -5.20614e-28 7.43632e-15 -82416.5 -82416.5 -82416.5 -82416.5 -82416.5 -82416.5
0.047364 4.63974e-28 3.15551e-27 -4.01474e-15 1.09714e-27 -1.21551e-14 -82416.5 -82416.5 -82416.5 -82416.5 -82416.5 -82416.5
0.0479899 2.32534e-27 5.14159e-27 -1.01759e-14 3.42332e-27 -1.55743e-14 -82416.5 -82416.5 -82416.5 -82416.5 -82416.5 -82416.5
-0.0188579 -1.54937e-27 -1.63681e-27 5.43424e-15 -1.60238e-27 5.68431e-15 -82416.5 -82416.5 -82416.5 -82416.5 -82416.5 -82416.5
-0.00556928 -6.2761e-28 -1.87246e-28 1.91207e-15 -3.5734e-28 1.1531e-15 -82416.5 -82416.5 -82416.5 -82416.5 -82416.5 -82416.5
-0.0250499 7.46868e-31 -2.02188e-32 1.08238e-16 5.40976e-31 -5.11601e-17 -82416.5 -82416.5 -82416.5 -82416.5 -82416.5 -82416.5
-0.0161271 -5.32622e-29 -5.40605e-30 9.26827e-16 1.71234e-29 -2.97676e-16 -82416.5 -82416.5 -82416.5 -82416.5 -82416.5 -82416.5
-0.0372284 -4.08814e-28 -4.70198e-29 3.90739e-15 1.38668e-28 -1.32401e-15 -82416.5 -82416.5 -82416.5 -82416.5 -82416.5 -82416.5
0.00424615 1.98301e-28 2.70158e-29 -9.08145e-16 -7.30961e-29 3.37251e-16 -82416.5 -82416.5 -82416.5 -82416.5 -82416.5 -82416.5
0.0490883 4.30478e-27 1.1724e-27 -1.45355e-14 -2.24335e-27 7.58e-15 -82416.5 -82416.5 -82416.5 -82416.5 -82416.5 -82416.5
-0.0404291 -5.46338e-27 -2.65333e-27 1.4862e-14 3.80791e-27 -1.03587e-14 -82416.5 -82416.5 -82416.5 -82416.5 -82416.5 -82416.5
0.0408821 1.03364e-26 8.01388e-27 -2.05401e-14 -9.09449e-27 1.81004e-14 -82416.5 -82416.5 -82416.5 -82416.5 -82416.5 -82416.5
-0.0134298 -5.03182e-27 -5.07515e-27 8.22148e-15 5.05684e-27 -8.26708e-15 -82416.5 -82416.5 -82416.5 -82416.5 -82416.5 -82416.5
0.0437098 1.68222e-26 1.77586e-26 -2.70662e-14 -1.72563e-26 2.78606e-14 -82416.5 -82416.5 -82416.5 -82416.5 -82416.5 -82416.5
0.0437762 1.59757e-26 1.74871e-26 -2.63912e-14 -1.66952e-26 2.76644e-14 -82416.5 -82416.5 -82416.5 -82416.5 -82416.5 -82416.5
0.0248482 7.56511e-27 8.40121e-27 -1.37105e-14 -7.96789e-27 1.44396e-14 -82416.5 -82416.5 -82416.5 -82416.5 -82416.5 -82416.5
-0.044372 -1.2015e-26 -1.34164e-26 2.32485e-14 1.27125e-26 -2.44536e-14 -82416.5 -82416.5 -82416.5 -82416.5 -82416.5 -82416.5
0.0231904 5.54983e-27 5.48719e-27 -1.11767e-14 -5.48645e-27 1.1257e-14 -82416.5 -82416.5 -82416.5 -82416.5 -82416.5 -82416.5
-0.0411036 -6.718e-27 -3.98225e-27 1.69203e-14 5.19179e-27 -1.2863e-14 -82416.5 -82416.5 -82416.5 -82416.5 -82416.5 -82416.5
0.0263622 4.15802e-27 1.27933e-27 -1.04372e-14 -2.30441e-27 5.80338e-15 -82416.5 -82416.5 -82416.5 -82416.5 -82416.5 -82416.5
-0.0412811 -4.60424e-27 -6.8424e-28 1.43711e-14 1.775e-27 -5.55279e-15 -82416.5 -82416.5 -82416.5 -82416.5 -82416.5 -82416.5
0.0442027 1.88977e-27 1.39291e-28 -9.08428e-15 4.57371e-28 -2.32217e-15 -82416.5 -82416.5 -82416.5 -82416.5 -82416.5 -82416.5
-0.0226236 -1.66516e-28 -2.15556e-28 3.34941e-15 -5.50471e-28 2.59989e-15 -82416.5 -82416.5 -82416.5 -82416.5 -82416.5 -82416.5
-0.0434354 -8.43351e-29 -1.02441e-27 4.469e-15 -9.31878e-28 7.03563e-15 -82416.5 -82416.5 -82416.5 -82416.5 -82416.5 -82416.5
0.00597303 2.70614e-28 8.27807e-28 1.42312e-16 -1.41181e-28 -2.18331e-15 -82416.5 -82416.5 -82416.5 -82416.5 -82416.5 -82416.5
-0.0234413 -9.46527e-28 -5.01117e-27 4.81773e-15 -2.32872e-27 1.09721e-14 -82416.5 -82416.5 -82416.5 -82416.5 -82416.5 -82416.5
0.0356076 3.2409e-27 9.24402e-27 -1.06252e-14 5.45279e-27 -1.8109e-14 -82416.5 -82416.5 -82416.5 -82416.5 -82416.5 -82416.5
-0.0467715 -5.71606e-27 -1.31436e-26 1.63692e-14 -8.79943e-27 2.49931e-14 -82416.5 -82416.5 -82416.5 -82416.5 -82416.5 -82416.5
0.00836252 1.19483e-27 2.89649e-27 -3.12958e-15 1.85992e-27 -4.85713e-15 -82416.5 -82416.5 -82416.5 -82416.5 -82416.5 -82416.5
0.0366552 4.38751e-27 1.04654e-26 -1.24915e-14 6.71443e-27 -1.95717e-14 -82416.5 -82416.5 -82416.5 -82416.5 -82416.5 -82416.5
0.0185881 1.93419e-27 5.19019e-27 -5.86503e-15 3.14955e-27 -9.77286e-15 -82416.5 -82416.5 -82416.5 -82416.5 -82416.5 -82416.5
0.0466011 1.96799e-27 1.00915e-26 -9.1414e-15 4.30668e-27 -2.16662e-14 -82416.5 -82416.5 -82416.5 -82416.5 -82416.5 -82416.5
0.031622 8.05809e-28 6.44485e-27 -4.41709e-15 2.1012e-27 -1.4193e-14 -82416.5 -82416.5 -82416.5 -82416.5 -82416.5 -82416.5
-0.0250416 -5.84541e-29 -4.37906e-27 2.34096e-15 -8.61473e-28 1.05951e-14 -82416.5 -82416.5 -82416.5 -82416.5 -82416.5 -82416.5
0.0335425 1.66729e-28 5.40515e-27 -2.11295e-15 8.30652e-28 -1.34543e-14 -82416.5 -82416.5 -82416.5 -82416.5 -82416.5 -82416.5
-0.0248035 -3.67346e-27 1.52059e-28 9.88439e-15 6.31731e-28 -1.01615e-15 -82416.5 -82416.5 -82416.5 -82416.5 -82416.5 -82416.5
0.0434147 7.77354e-27 8.18941e-28 -1.83707e-14 -2.4418e-27 5.77532e-15 -82416.5 -82416.5 -82416.5 -82416.5 -82416.5 -82416.5
0.0390768 1.14374e-26 4.70411e-27 -2.11241e-14 -7.32141e-27 1.34892e-14 -82416.5 -82416.5 -82416.5 -82416.5 -82416.5 -82416.5
-0.0459395 -1.55563e-26 -1.14729e-26 2.70882e-14 1.36268e-26 -2.29734e-14 -82416.5 -82416.5 -82416.5 -82416.5 -82416.5 -82416.5
0.0205269 7.4251e-27 6.81265e-27 -1.22201e-14 -6.89264e-27 1.17586e-14 -82416.5 -82416.5 -82416.5 -82416.5 -82416.5 -82416.5
-0.0340162 -1.18933e-26 -1.29481e-26 2.02885e-14 1.26332e-26 -2.1022e-14 -82416.5 -82416.5 -82416.5 -82416.5 -82416.5 -82416.5
0.0434448 1.47775e-26 1.71864e-26 -2.53136e-14 -1.58597e-26 2.72846e-14 -82416.5 -82416.5 -82416.5 -82416.5 -82416.5 -82416.5
-0.0434782 -1.08893e-26 -1.73717e-26 2.18784e-14 1.38149e-26 -2.7484e-14 -82416.5 -82416.5 -82416.5 -82416.5 -82416.5 -82416.5
0.0422573 8.83507e-27 1.57738e-26 -1.92553e-14 -1.16619e-26 2.57495e-14 -82416.5 -82416.5 -82416.5 -82416.5 -82416.5 -82416.5
0.0313229 5.34783e-27 9.47485e-27 -1.28458e-14 -6.97882e-27 1.71777e-14 -82416.5 -82416.5 -82416.5 -82416.5 -82416.5 -82416.5
0.0313393 5.00406e-27 8.10024e-27 -1.24338e-14 -6.22252e-27 1.58628e-14 -82416.5 -82416.5 -82416.5 -82416.5 -82416.5 -82416.5
0.0262017 2.15042e-27 4.26213e-27 -7.48935e-15 -2.93333e-27 1.03916e-14 -82416.5 -82416.5 -82416.5 -82416.5 -82416.5 -82416.5
-0.0410471 -9.59927e-28 -3.268e-27 6.27858e-15 1.79073e-27 -1.17498e-14 -82416.5 -82416.5 -82416.5 -82416.5 -82416.5 -82416.5
0.0441643 7.32108e-28 2.72109e-27 -5.51281e-15 -1.2579e-27 1.06906e-14 -82416.5 -82416.5 -82416.5 -82416.5 -82416.5 -82416.5
0.0135586 1.90202e-28 5.3227e-28 -1.49145e-15 -1.63028e-28 2.13362e-15 -82416.5 -82416.5 -82416.5 -82416.5 -82416.5 -82416.5
-0.0226304 -5.75532e-28 2.60577e-28 3.69343e-15 2.93093e-28 -1.21811e-15 -82416.5 -82416.5 -82416.5 -82416.5 -82416.5 -82416.5
0.0012143 1.59643e-28 2.91935e-28 -3.75621e-16 1.69465e-28 -2.06295e-16 -82416.5 -82416.5 -82416.5 -82416.5 -82416.5 -82416.5
0.00915453 6.17315e-28 4.91597e-28 -2.18815e-15 -1.52229e-28 1.33641e-15 -82416.5 -82416.5 -82416.5 -82416.5 -82416.5 -82416.5
-0.0376149 -4.83373e-27 -1.73112e-27 1.35131e-14 3.25559e-27 -8.82767e-15 -82416.5 -82416.5 -82416.5 -82416.5 -82416.5 -82416.5
0.0387367 5.16275e-27 2.73126e-27 -1.41132e-14 -3.7013e-27 1.02282e-14 -82416.5 -82416.5 -82416.5 -82416.5 -82416.5 -82416.5
0.0430997 5.76474e-27 3.6092e-27 -1.56726e-14 -4.4389e-27 1.23743e-14 -82416.5 -82416.5 -82416.5 -82416.5 -82416.5 -82416.5
0.0386113 2.39895e-27 5.06423e-27 -9.62042e-15 -3.48502e-27 1.39691e-14 -82416.5 -82416.5 -82416.5 -82416.5 -82416.5 -82416.5
-0.011454 -5.94456e-29 -2.87301e-29 1.56402e-15 6.06044e-28 -2.43128e-15 -82416.5 -82416.5 -82416.5 -82416.5 -82416.5 -82416.5
-0.0437806 -5.91156e-29 5.29008e-28 4.03057e-15 8.43383e-28 -3.6325e-15 -82416.5 -82416.5 -82416.5 -82416.5 -82416.5 -82416.5
0.0335126 9.54099e-28 1.57656e-28 -5.14323e-15 2.17162e-29 8.36625e-16 -82416.5 -82416.5 -82416.5 -82416.5 -82416.5 -82416.5
0.0254447 2.02947e-27 3.61211e-28 -6.86658e-15 2.39259e-28 4.8751e-17 -82416.5 -82416.5 -82416.5 -82416.5 -82416.5 -82416.5
0.0353288 3.97383e-27 7.27105e-29 -1.18147e-14 5.13486e-28 -1.5625e-15 -82416.5 -82416.5 -82416.5 -82416.5 -82416.5 -82416.5
0.0280658 3.62461e-27 5.13126e-28 -9.77902e-15 7.27114e-28 -1.1756e-15 -82416.5 -82416.5 -82416.5 -82416.5 -82416.5 -82416.5
-0.0212958 -3.77851e-27 -1.29117e-27 9.06024e-15 -2.52659e-27 6.47179e-15 -82416.5 -82416.5 -82416.5 -82416.5 -82416.5 -82416.5
0.018152 7.02097e-27 5.60444e-27 -1.11023e-14 6.23355e-27 -1.00614e-14 -82416.5 -82416.5 -82416.5 -82416.5 -82416.5 -82416.5
-0.00256581 -1.07618e-27 -9.95117e-28 1.912e-15 -1.10883e-27 1.62007e-15 -82416.5 -82416.5 -82416.5 -82416.5 -82416.5 -82416.5
-0.0172131 -6.60063e-27 -5.49533e-27 1.07426e-14 -6.18368e-27 9.78022e-15 -82416.5 -82416.5 -82416.5 -82416.5 -82416.5 -82416.5
-0.0391109 -1.13428e-26 -1.0474e-26 2.13615e-14 -1.10773e-26 2.02412e-14 -82416.5 -82416.5 -82416.5 -82416.5 -82416.5 -82416.5
0.013265 3.56241e-27 3.25113e-27 -6.38497e-15 3.38206e-27 -6.33259e-15 -82416.5 -82416.5 -82416.5 -82416.5 -82416.5 -82416.5
-0.0260432 -3.71318e-27 -3.68924e-27 1.0779e-14 -3.76139e-27 1.01222e-14 -82416.5 -82416.5 -82416.5 -82416.5 -82416.5 -82416.5
-0.0101047 -7.22171e-28 -8.25411e-28 3.81867e-15 -8.06785e-28 3.3911e-15 -82416.5 -82416.5 -82416.5 -82416.5 -82416.5 -82416.5
-0.0451491 -2.69495e-27 -6.65017e-28 1.27654e-14 -1.33885e-27 6.38486e-15 -82416.5 -82416.5 -82416.5 -82416.5 -82416.5 -82416.5
-0.0364722 2.75424e-28 -4.25367e-27 2.76725e-16 3.95931e-28 -1.29154e-14 -82416.5 -82416.5 -82416.5 -82416.5 -82416.5 -82416.5
-0.00574359 -4.55739e-30 -1.11116e-27 1.72259e-16 7.11798e-29 -2.66971e-15 -82416.5 -82416.5 -82416.5 -82416.5 -82416.5 -82416.5
0.010469 6.76204e-28 2.33118e-27 -1.50324e-15 -4.54741e-28 4.81028e-15 -82416.5 -82416.5 -82416.5 -82416.5 -82416.5 -82416.5
0.0132543 2.38357e-28 4.568e-27 -1.14358e-15 -7.72371e-28 7.71091e-15 -82416.5 -82416.5 -82416.5 -82416.5 -82416.5 -82416.5
-0.025113 -9.56728e-28 -1.15252e-26 5.02161e-15 3.34077e-27 -1.7117e-14 -82416.5 -82416.5 -82416.5 -82416.5 -82416.5 -82416.5
-0.0247808 -1.47783e-27 -1.06771e-26 6.23209e-15 4.3139e-27 -1.64968e-14 -82416.5 -82416.5 -82416.5 -82416.5 -82416.5 -82416.5
0.0217685 1.9652e-27 1.10357e-26 -5.88408e-15 -3.98312e-27 1.54327e-14 -82416.5 -82416.5 -82416.5 -82416.5 -82416.5 -82416.5
-0.0415004 -5.83745e-27 -1.60439e-26 1.62312e-14 9.78389e-27 -2.60699e-14 -82416.5 -82416.5 -82416.5 -82416.5 -82416.5 -82416.5
-0.0382763 -7.4343e-27 -9.23312e-27 1.78816e-14 8.37418e-27 -1.91698e-14 -82416.5 -82416.5 -82416.5 -82416.5 -82416.5 -82416.5
-0.0439324 -1.19964e-26 -4.58192e-27 2.40525e-14 7.44225e-27 -1.45337e-14 -82416.5 -82416.5 -82416.5 -82416.5 -82416.5 -82416.5
0.0455123 1.77591e-26 2.50933e-28 -2.84077e-14 -1.40987e-27 2.35443e-15 -82416.5 -82416.5 -82416.5 -82416.5 -82416.5 -82416.5
0.0416224 1.61906e-26 3.53623e-29 -2.56345e-14 1.0652e-28 2.07965e-17 -82416.5 -82416.5 -82416.5 -82416.5 -82416.5 -82416.5
0.0456619 1.24861e-26 6.34377e-27 -2.38743e-14 8.76137e-27 -1.68017e-14 -82416.5 -82416.5 -82416.5 -82416.5 -82416.5 -82416.5
-0.02274 1.40291e-31 4.25508e-31 8.65225e-18 -2.4768e-31 1.27323e-18 -82416.5 -82416.5 -82416.5 -82416.5 -82416.5 -82416.5
0.0158382 8.34434e-28 1.07165e-27 -3.6243e-15 -9.3877e-28 4.11611e-15 -82416.5 -82416.5 -82416.5 -82416.5 -82416.5 -82416.5
-0.0473689 -4.89713e-27 -5.58111e-27 1.52348e-14 5.25019e-27 -1.62981e-14 -82416.5 -82416.5 -82416.5 -82416.5 -82416.5 -82416.5
-0.0103597 -1.76213e-27 -1.87538e-27 4.27267e-15 1.82609e-27 -4.4253e-15 -82416.5 -82416.5 -82416.5 -82416.5 -82416.5 -82416.5
0.021884 4.42151e-27 4.20419e-27 -9.82918e-15 -4.30848e-27 9.59189e-15 -82416.5 -82416.5 -82416.5 -82416.5 -82416.5 -82416.5
-0.0244403 -6.13802e-27 -5.35244e-27 1.22523e-14 5.73626e-27 -1.14385e-14 -82416.5 -82416.5 -82416.5 -82416.5 -82416.5 -82416.5
0.0326479 1.36117e-26 9.64015e-27 -2.10715e-14 -1.14277e-26 1.77267e-14 -82416.5 -82416.5 -82416.5 -82416.5 -82416.5 -82416.5
-0.0101084 -4.36767e-27 -3.13141e-27 6.64805e-15 3.70009e-27 -5.62614e-15 -82416.5 -82416.5 -82416.5 -82416.5 -82416.5 -82416.5
-0.0448109 -1.84995e-26 -1.36717e-26 2.87924e-14 1.59035e-26 -2.47525e-14 -82416.5 -82416.5 -82416.5 -82416.5 -82416.5 -82416.5
0.028024 1.02886e-26 7.79479e-27 -1.69718e-14 -8.92288e-27 1.47585e-14 -82416.5 -82416.5 -82416.5 -82416.5 -82416.5 -82416.5
0.0464028 8.88924e-27 1.13904e-26 -2.0291e-14 -1.00044e-26 2.29425e-14 -82416.5 -82416.5 -82416.5 -82416.5 -82416.5 -82416.5
0.0363791 5.48661e-27 7.69039e-27 -1.41201e-14 -6.43828e-27 1.66432e-14 -82416.5 -82416.5 -82416.5 -82416.5 -82416.5 -82416.5
0.0485106 5.74213e-27 1.06832e-26 -1.66811e-14 -7.77714e-27 2.26804e-14 -82416.5 -82416.5 -82416.5 -82416.5 -82416.5 -82416.5
0.0280823 2.39825e-27 5.86806e-27 -8.20627e-15 -3.7323e-27 1.2783e-14 -82416.5 -82416.5 -82416.5 -82416.5 -82416.5 -82416.5
0.0256883 1.52627e-27 5.51572e-27 -6.23203e-15 -2.83613e-27 1.18241e-14 -82416.5 -82416.5 -82416.5 -82416.5 -82416.5 -82416.5
-0.0410128 -5.39381e-29 -1.13047e-26 -1.75681e-15 -8.99056e-28 -2.15589e-14 -82416.5 -82416.5 -82416.5 -82416.5 -82416.5 -82416.5
-0.048274 -3.34484e-28 -1.38317e-26 -4.27725e-15 -2.23633e-27 -2.59153e-14 -82416.5 -82416.5 -82416.5 -82416.5 -82416.5 -82416.5
0.000726998 -4.53371e-29 2.20463e-28 -1.72974e-16 -9.11263e-29 4.00545e-16 -82416.5 -82416.5 -82416.5 -82416.5 -82416.5 -82416.5
0.0436238 2.18122e-27 1.29355e-26 9.75271e-15 5.28971e-27 2.36945e-14 -82416.5 -82416.5 -82416.5 -82416.5 -82416.5 -82416.5
-0.0383845 -3.64742e-27 -9.17685e-27 -1.19041e-14 -5.79802e-27 -1.90595e-14 -82416.5 -82416.5 -82416.5 -82416.5 -82416.5 -82416.5
-0.0296088 -1.20113e-27 -3.761e-27 -6.09978e-15 -2.17963e-27 -1.15845e-14 -82416.5 -82416.5 -82416.5 -82416.5 -82416.5 -82416.5
-0.0475028 -8.61029e-28 -6.29403e-27 -6.63292e-15 -2.33633e-27 -1.84018e-14 -82416.5 -82416.5 -82416.5 -82416.5 -82416.5 -82416.5
0.0222786 1.27594e-28 2.8504e-27 1.67912e-15 5.86533e-28 7.55143e-15 -82416.5 -82416.5 -82416.5 -82416.5 -82416.5 -82416.5
-0.00704198 7.9586e-30 1.90993e-28 -3.81893e-18 6.48196e-29 -1.57165e-15 -82416.5 -82416.5 -82416.5 -82416.5 -82416.5 -82416.5
0.0358966 5.89204e-29 1.78878e-27 -1.38855e-15 -3.24646e-28 7.65466e-15 -82416.5 -82416.5 -82416.5 -82416.5 -82416.5 -82416.5
-0.0451052 -1.14543e-27 4.27553e-28 7.2289e-15 8.49898e-28 -4.62419e-15 -82416.5 -82416.5 -82416.5 -82416.5 -82416.5 -82416.5
-0.00193983 -2.26116e-28 7.47727e-28 8.97935e-16 -5.25678e-29 1.32037e-15 -82416.5 -82416.5 -82416.5 -82416.5 -82416.5 -82416.5
-0.0474851 -5.53198e-27 7.66422e-28 1.62076e-14 4.45414e-28 -1.31388e-15 -82416.5 -82416.5 -82416.5 -82416.5 -82416.5 -82416.5
-0.0174173 -2.77223e-27 4.65478e-29 6.9841e-15 7.77369e-28 -2.17531e-15 -82416.5 -82416.5 -82416.5 -82416.5 -82416.5 -82416.5
-0.0287142 -6.29969e-27 -4.62232e-28 1.34502e-14 2.62908e-27 -5.65497e-15 -82416.5 -82416.5 -82416.5 -82416.5 -82416.5 -82416.5
-0.00190241 -4.96697e-28 6.38365e-28 9.74527e-16 -4.59496e-29 1.15538e-17 -82416.5 -82416.5 -82416.5 -82416.5 -82416.5 -82416.5
0.0487979 1.5274e-26 5.52207e-27 -2.72863e-14 -8.97461e-27 1.61466e-14 -82416.5 -82416.5 -82416.5 -82416.5 -82416.5 -82416.5
0.0297664 1.09651e-26 5.13412e-27 -1.80106e-14 -7.31889e-27 1.22352e-14 -82416.5 -82416.5 -82416.5 -82416.5 -82416.5 -82416.5
-0.0256278 -8.8837e-27 -6.45919e-27 1.52154e-14 7.71347e-27 -1.28903e-14 -82416.5 -82416.5 -82416.5 -82416.5 -82416.5 -82416.5
0.00212451 1.05492e-27 7.97127e-28 -1.3048e-15 -5.81984e-28 1.21287e-15 -82416.5 -82416.5 -82416.5 -82416.5 -82416.5 -82416.5
0.0369865 1.10422e-26 1.39828e-26 -2.02026e-14 -1.23289e-26 2.26294e-14 -82416.5 -82416.5 -82416.5 -82416.5 -82416.5 -82416.5
-0.0229191 -5.80264e-27 -9.42414e-27 1.16951e-14 7.48649e-27 -1.46975e-14 -82416.5 -82416.5 -82416.5 -82416.5 -82416.5 -82416.5
0.0459335 9.02308e-27 1.70984e-26 -2.02877e-14 -1.2173e-26 2.78338e-14 -82416.5 -82416.5 -82416.5 -82416.5 -82416.5 -82416.5
-0.0362908 -4.46816e-27 -8.233e-27 1.36034e-14 7.0607e-27 -1.7625e-14 -82416.5 -82416.5 -82416.5 -82416.5 -82416.5 -82416.5
0.0277472 3.76779e-27 4.21847e-27 -1.01111e-14 -3.6136e-27 1.03767e-14 -82416.5 -82416.5 -82416.5 -82416.5 -82416.5 -82416.5
0.006012 7.22261e-28 7.20264e-28 -1.61184e-15 -4.25562e-28 2.01454e-15 -82416.5 -82416.5 -82416.5 -82416.5 -82416.5 -82416.5
-0.0476165 -1.73072e-28 1.47626e-28 5.47502e-15 1.0979e-27 -4.84536e-15 -82416.5 -82416.5 -82416.5 -82416.5 -82416.5 -82416.5
-0.0161016 4.58729e-28 4.40353e-29 5.62777e-16 4.25408e-28 -1.90403e-15 -82416.5 -82416.5 -82416.5 -82416.5 -82416.5 -82416.5
-0.0112137 -1.75913e-30 7.86442e-28 1.03257e-15 1.81648e-28 1.20077e-15 -82416.5 -82416.5 -82416.5 -82416.5 -82416.5 -82416.5
-0.0217873 -3.12736e-28 1.97374e-28 3.40756e-15 -1.55498e-28 3.74714e-15 -82416.5 -82416.5 -82416.5 -82416.5 -82416.5 -82416.5
-0.00976412 -1.44834e-27 -1.98314e-27 3.84658e-15 -1.81767e-27 5.19449e-15 -82416.5 -82416.5 -82416.5 -82416.5 -82416.5 -82416.5
0.0241763 9.02753e-27 9.44784e-27 -1.44794e-14 9.15129e-27 -1.50816e-14 -82416.5 -82416.5 -82416.5 -82416.5 -82416.5 -82416.5
0.0104237 3.4784e-27 3.40059e-27 -5.60282e-15 3.30081e-27 -5.92947e-15 -82416.5 -82416.5 -82416.5 -82416.5 -82416.5 -82416.5
0.0164961 6.5646e-27 3.61672e-27 -1.03843e-14 4.6508e-27 -7.50646e-15 -82416.5 -82416.5 -82416.5 -82416.5 -82416.5 -82416.5
-0.0486289 -1.47351e-26 -6.77557e-27 2.75402e-14 -1.02375e-26 1.81548e-14 -82416.5 -82416.5 -82416.5 -82416.5 -82416.5 -82416.5
0.0310289 8.86563e-27 3.02525e-27 -1.65113e-14 4.97418e-27 -9.51937e-15 -82416.5 -82416.5 -82416.5 -82416.5 -82416.5 -82416.5
0.0494796 1.16873e-26 8.6575e-28 -2.40117e-14 2.87214e-27 -5.74753e-15 -82416.5 -82416.5 -82416.5 -82416.5 -82416.5 -82416.5
-0.0271679 -4.11912e-27 1.73062e-28 1.17153e-14 1.9777e-28 4.97264e-16 -82416.5 -82416.5 -82416.5 -82416.5 -82416.5 -82416.5
-0.0409827 -5.8042e-27 -9.70853e-28 1.67042e-14 2.98434e-27 -6.58963e-15 -82416.5 -82416.5 -82416.5 -82416.5 -82416.5 -82416.5
0.000504421 1.63459e-28 5.63095e-28 3.15624e-16 3.15441e-28 5.39847e-16 -82416.5 -82416.5 -82416.5 -82416.5 -82416.5 -82416.5
-0.0406352 -2.91135e-28 -1.77547e-26 6.97262e-15 5.07876e-27 -2.70228e-14 -82416.5 -82416.5 -82416.5 -82416.5 -82416.5 -82416.5
0.0493702 2.70316e-28 2.52686e-26 -1.20586e-15 -9.30046e-28 3.53069e-14 -82416.5 -82416.5 -82416.5 -82416.5 -82416.5 -82416.5
0.0189973 4.54867e-28 7.30202e-27 -5.79905e-16 -1.40902e-28 1.16915e-14 -82416.5 -82416.5 -82416.5 -82416.5 -82416.5 -82416.5
-0.0455044 -3.79825e-28 -1.26929e-26 4.74223e-15 2.82672e-27 -2.45992e-14 -82416.5 -82416.5 -82416.5 -82416.5 -82416.5 -82416.5
-0.00485188 -1.53728e-28 -7.72191e-29 1.42006e-15 6.81697e-28 -1.36269e-15 -82416.5 -82416.5 -82416.5 -82416.5 -82416.5 -82416.5
0.0488996 3.75077e-27 3.19811e-27 -1.27301e-14 -3.23795e-27 1.25041e-14 -82416.5 -82416.5 -82416.5 -82416.5 -82416.5 -82416.5
-0.0359367 -6.31672e-27 5.14675e-28 1.5121e-14 4.69892e-28 -1.50306e-15 -82416.5 -82416.5 -82416.5 -82416.5 -82416.5 -82416.5
0.0301707 6.49725e-27 9.62332e-28 -1.33501e-14 2.36768e-27 -5.38712e-15 -82416.5 -82416.5 -82416.5 -82416.5 -82416.5 -82416.5
0.0465526 1.58136e-26 7.72351e-27 -2.70629e-14 1.09924e-26 -1.86717e-14 -82416.5 -82416.5 -82416.5 -82416.5 -82416.5 -82416.5
0.00437532 9.72402e-28 2.0259e-27 -1.9247e-15 1.15603e-27 -2.89529e-15 -82416.5 -82416.5 -82416.5 -82416.5 -82416.5 -82416.5
0.0412265 1.73592e-26 1.28556e-26 -2.6403e-14 1.49161e-26 -2.28908e-14 -82416.5 -82416.5 -82416.5 -82416.5 -82416.5 -82416.5
-0.0444456 -1.19464e-26 -1.76397e-26 2.43011e-14 -1.56061e-26 2.80441e-14 -82416.5 -82416.5 -82416.5 -82416.5 -82416.5 -82416.5
-0.033053 -7.47136e-27 -1.45344e-26 1.69222e-14 -1.15044e-26 2.19612e-14 -82416.5 -82416.5 -82416.5 -82416.5 -82416.5 -82416.5
-0.0102329 3.37583e-28 -4.31717e-27 3.2256e-15 -2.21795e-27 6.65482e-15 -82416.5 -82416.5 -82416.5 -82416.5 -82416.5 -82416.5
0.0345439 7.01658e-27 1.18841e-26 -1.5128e-14 9.08776e-27 -2.00617e-14 -82416.5 -82416.5 -82416.5 -82416.5 -82416.5 -82416.5
-0.048575 -9.31937e-27 -1.60881e-26 2.32217e-14 -1.31137e-26 2.79897e-14 -82416.5 -82416.5 -82416.5 -82416.5 -82416.5 -82416.5
-0.0339831 -3.27197e-27 -8.50392e-27 1.27724e-14 -5.93927e-27 1.71721e-14 -82416.5 -82416.5 -82416.5 -82416.5 -82416.5 -82416.5
-0.00491334 1.58173e-27 4.21026e-28 1.97257e-17 1.00274e-27 1.03949e-15 -82416.5 -82416.5 -82416.5 -82416.5 -82416.5 -82416.5
-0.0406005 -4.05083e-27 -7.02706e-27 1.48649e-14 -5.67763e-27 1.72317e-14 -82416.5 -82416.5 -82416.5 -82416.5 -82416.5 -82416.5
-0.0286608 4.2941e-28 -1.36404e-27 4.43719e-15 -4.1041e-28 7.1987e-15 -82416.5 -82416.5 -82416.5 -82416.5 -82416.5 -82416.5
0.0486882 1.16171e-27 2.58952e-27 -7.21161e-15 1.55217e-27 -1.10573e-14 -82416.5 -82416.5 -82416.5 -82416.5 -82416.5 -82416.5
-0.00965934 -2.63696e-28 -1.49218e-27 -2.47768e-15 -6.96133e-28 -4.37135e-15 -82416.5 -82416.5 -82416.5 -82416.5 -82416.5 -82416.5
0.0172707 1.03354e-27 3.7264e-27 2.99556e-15 1.22542e-27 7.97049e-15 -82416.5 -82416.5 -82416.5 -82416.5 -82416.5 -82416.5
-0.0382091 -4.77e-27 -1.1366e-26 -1.38698e-14 -7.9619e-27 -2.11312e-14 -82416.5 -82416.5 -82416.5 -82416.5 -82416.5 -82416.5
-0.0488784 1.10934e-28 -1.84392e-26 -8.10222e-15 -5.50804e-27 -3.01653e-14 -82416.5 -82416.5 -82416.5 -82416.5 -82416.5 -82416.5
-0.0158375 -4.79999e-31 -1.70462e-31 -8.86826e-17 -3.31818e-31 -6.69833e-17 -82416.5 -82416.5 -82416.5 -82416.5 -82416.5 -82416.5
0.00832725 1.32767e-30 2.29608e-30 1.03603e-16 -5.9494e-31 -2.4233e-17 -82416.5 -82416.5 -82416.5 -82416.5 -82416.5 -82416.5
-0.00756989 -2.63897e-29 -2.35917e-30 -4.56448e-16 -1.21937e-29 -1.78278e-16 -82416.5 -82416.5 -82416.5 -82416.5 -82416.5 -82416.5
-0.0397791 -4.61241e-28 -1.87178e-28 -4.30395e-15 -2.93829e-28 -2.74091e-15 -82416.5 -82416.5 -82416.5 -82416.5 -82416.5 -82416.5
-0.00065157 -1.93235e-28 -1.28309e-28 -4.16988e-16 -1.62726e-28 -3.046e-16 -82416.5 -82416.5 -82416.5 -82416.5 -82416.5 -82416.5
-0.024518 -2.8961e-27 -3.59873e-27 -8.43107e-15 -3.23978e-27 -9.40568e-15 -82416.5 -82416.5 -82416.5 -82416.5 -82416.5 -82416.5
0.0264885 2.74344e-27 4.5e-27 8.47091e-15 3.50891e-27 1.08978e-14 -82416.5 -82416.5 -82416.5 -82416.5 -82416.5 -82416.5
-0.0419453 -7.19326e-28 -1.01167e-26 -5.56399e-15 -2.72426e-27 -2.06039e-14 -82416.5 -82416.5 -82416.5 -82416.5 -82416.5 -82416.5
-0.014877 -1.92169e-28 -3.93793e-27 -1.69631e-15 -8.7354e-28 -7.65451e-15 -82416.5 -82416.5 -82416.5 -82416.5 -82416.5 -82416.5
0.00356187 7.54792e-29 1.00729e-27 8.73684e-17 7.16978e-29 1.88583e-15 -82416.5 -82416.5 -82416.5 -82416.5 -82416.5 -82416.5
-0.0179204 -4.59078e-29 -6.31164e-27 -1.01756e-15 -6.0346e-28 -1.06352e-14 -82416.5 -82416.5 -82416.5 -82416.5 -82416.5 -82416.5
0.0466593 1.21444e-28 1.89617e-26 2.14477e-15 1.38771e-27 2.97292e-14 -82416.5 -82416.5 -82416.5 -82416.5 -82416.5 -82416.5
-0.0097441 6.01892e-29 -3.88671e-27 -1.24032e-15 -6.99119e-28 -6.18198e-15 -82416.5 -82416.5 -82416.5 -82416.5 -82416.5 -82416.5
-0.0474639 -1.736e-28 -1.65713e-26 -3.92834e-15 -2.29075e-27 -2.80506e-14 -82416.5 -82416.5 -82416.5 -82416.5 -82416.5 -82416.5
-0.0187428 -2.38552e-28 -5.5507e-27 -2.50258e-15 -1.35044e-27 -1.02011e-14 -82416.5 -82416.5 -82416.5 -82416.5 -82416.5 -82416.5
0.00388952 8.22417e-28 1.20815e-27 1.6787e-15 9.64873e-28 2.15724e-15 -82416.5 -82416.5 -82416.5 -82416.5 -82416.5 -82416.5
0.0281737 3.68467e-27 4.77031e-27 1.01257e-14 4.17354e-27 1.15915e-14 -82416.5 -82416.5 -82416.5 -82416.5 -82416.5 -82416.5
-0.0455013 -5.00636e-27 -6.28368e-27 -1.55686e-14 -5.69858e-27 -1.69525e-14 -82416.5 -82416.5 -82416.5 -82416.5 -82416.5 -82416.5
0.020156 3.19879e-27 2.01616e-27 7.91492e-15 2.51554e-27 6.37159e-15 -82416.5 -82416.5 -82416.5 -82416.5 -82416.5 -82416.5
0.048085 6.09462e-27 2.54477e-27 1.71051e-14 3.92901e-27 1.10576e-14 -82416.5 -82416.5 -82416.5 -82416.5 -82416.5 -82416.5
-0.00218381 -6.95442e-32 1.20144e-29 -1.05723e-15 3.94992e-29 -1.19959e-16 -82416.5 -82416.5 -82416.5 -82416.5 -82416.5 -82416.5
0.0188597 1.00478e-28 1.42532e-28 1.16246e-15 -6.05944e-29 -1.45833e-15 -82416.5 -82416.5 -82416.5 -82416.5 -82416.5 -82416.5
0.0478175 8.98213e-29 3.20493e-27 -9.73649e-16 2.10816e-28 -1.23345e-14 -82416.5 -82416.5 -82416.5 -82416.5 -82416.5 -82416.5
0.0444394 7.70726e-28 6.0508e-27 -5.54475e-15 1.98742e-27 -1.63503e-14 -82416.5 -82416.5 -82416.5 -82416.5 -82416.5 -82416.5
0.0230549 4.624e-28 3.88249e-27 -3.07176e-15 1.21107e-27 -9.41721e-15 -82416.5 -82416.5 -82416.5 -82416.5 -82416.5 -82416.5
-0.0477101 -4.79184e-27 -1.08005e-26 1.51203e-14 -7.22066e-27 2.27929e-14 -82416.5 -82416.5 -82416.5 -82416.5 -82416.5 -82416.5
-0.0054253 -7.11858e-28 -1.21106e-27 2.02557e-15 -9.30198e-28 2.60805e-15 -82416.5 -82416.5 -82416.5 -82416.5 -82416.5 -82416.5
-0.0170561 -5.0938e-27 -6.27017e-27 9.38876e-15 -5.9191e-27 1.05209e-14 -82416.5 -82416.5 -82416.5 -82416.5 -82416.5 -82416.5
-0.0418921 -1.51355e-26 -1.46825e-26 2.51948e-14 -1.50191e-26 2.48983e-14 -82416.5 -82416.5 -82416.5 -82416.5 -82416.5 -82416.5
0.0483766 2.32672e-26 1.48934e-26 -3.34647e-14 1.84945e-26 -2.68175e-14 -82416.5 -82416.5 -82416.5 -82416.5 -82416.5 -82416.5
0.0103499 5.83102e-27 2.57867e-27 -7.66646e-15 3.58696e-27 -5.03317e-15 -82416.5 -82416.5 -82416.5 -82416.5 -82416.5 -82416.5
-0.0409696 -1.94423e-26 -1.05694e-26 2.82434e-14 -1.45537e-26 2.10032e-14 -82416.5 -82416.5 -82416.5 -82416.5 -82416.5 -82416.5
-0.00265248 -1.1924e-27 -1.65521e-28 1.88954e-15 -1.01854e-27 1.12328e-15 -82416.5 -82416.5 -82416.5 -82416.5 -82416.5 -82416.5
-0.00161712 -4.2351e-28 5.61561e-28 1.39863e-15 -6.45028e-29 -1.09663e-15 -82416.5 -82416.5 -82416.5 -82416.5 -82416.5 -82416.5
0.0496041 2.05204e-27 8.0849e-29 -1.00888e-14 4.07254e-28 -2.00252e-15 -82416.5 -82416.5 -82416.5 -82416.5 -82416.5 -82416.5
0.0198235 2.45071e-28 9.88732e-29 -1.58581e-15 -1.23716e-28 2.10426e-16 -82416.5 -82416.5 -82416.5 -82416.5 -82416.5 -82416.5
-0.0372105 1.39523e-28 -1.22083e-27 -1.35103e-15 -4.77048e-28 -7.35691e-15 -82416.5 -82416.5 -82416.5 -82416.5 -82416.5 -82416.5
0.00611915 1.84546e-28 5.35668e-28 1.06047e-15 3.09128e-28 1.79763e-15 -82416.5 -82416.5 -82416.5 -82416.5 -82416.5 -82416.5
-0.0494669 -1.88387e-27 -7.01428e-27 -1.00956e-14 -4.0319e-27 -1.88709e-14 -82416.5 -82416.5 -82416.5 -82416.5 -82416.5 -82416.5
-0.00790566 -1.33265e-27 -8.96367e-28 -3.46382e-15 -1.59188e-27 -3.08731e-15 -82416.5 -82416.5 -82416.5 -82416.5 -82416.5 -82416.5
-0.042164 -5.82685e-27 -1.43265e-26 -1.57413e-14 -9.25841e-27 -2.4639e-14 -82416.5 -82416.5 -82416.5 -82416.5 -82416.5 -82416.5
-0.00869003 -1.89283e-29 -1.81187e-27 -4.49806e-16 -1.95149e-28 -4.00501e-15 -82416.5 -82416.5 -82416.5 -82416.5 -82416.5 -82416.5
-0.0430748 1.43563e-28 -6.71209e-27 -1.09379e-15 -4.59128e-28 -1.7009e-14 -82416.5 -82416.5 -82416.5 -82416.5 -82416.5 -82416.5
0.0390155 3.36204e-29 4.20795e-27 -1.10221e-15 -3.7146e-28 1.27248e-14 -82416.5 -82416.5 -82416.5 -82416.5 -82416.5 -82416.5
0.0325329 8.97098e-27 1.95004e-30 -1.70395e-14 8.37042e-30 -3.39567e-17 -82416.5 -82416.5 -82416.5 -82416.5 -82416.5 -82416.5
0.0253009 1.1942e-26 4.14149e-29 -1.7317e-14 1.23698e-28 -2.66594e-16 -82416.5 -82416.5 -82416.5 -82416.5 -82416.5 -82416.5
0.049283 2.32958e-26 9.10857e-29 -3.38691e-14 1.4023e-27 -2.0554e-15 -82416.5 -82416.5 -82416.5 -82416.5 -82416.5 -82416.5
0.0491555 2.80441e-26 5.97091e-28 -3.71174e-14 4.07441e-27 -5.4049e-15 -82416.5 -82416.5 -82416.5 -82416.5 -82416.5 -82416.5
0.0487288 2.83282e-26 1.31219e-27 -3.71408e-14 6.07776e-27 -7.98516e-15 -82416.5 -82416.5 -82416.5 -82416.5 -82416.5 -82416.5
-0.0084627 -5.57616e-27 -9.73605e-29 7.11953e-15 -1.52398e-27 1.49831e-15 -82416.5 -82416.5 -82416.5 -82416.5 -82416.5 -82416.5
0.0185493 7.41339e-27 1.949e-27 -1.16863e-14 3.75749e-27 -5.99846e-15 -82416.5 -82416.5 -82416.5 -82416.5 -82416.5 -82416.5
-0.0343497 -5.54703e-27 -3.96247e-27 1.40328e-14 -4.82702e-27 1.16881e-14 -82416.5 -82416.5 -82416.5 -82416.5 -82416.5 -82416.5
0.0422986 4.84092e-28 1.1794e-27 -3.93433e-15 6.00576e-28 -6.99846e-15 -82416.5 -82416.5 -82416.5 -82416.5 -82416.5 -82416.5
0.0467719 5.97824e-28 3.95907e-28 4.82321e-15 -4.59979e-28 -4.28552e-15 -82416.5 -82416.5 -82416.5 -82416.5 -82416.5 -82416.5
0.0201563 2.02779e-27 2.70918e-28 6.33636e-15 -7.26805e-28 -2.33204e-15 -82416.5 -82416.5 -82416.5 -82416.5 -82416.5 -82416.5
0.00920038 1.76581e-27 2.74778e-28 3.98324e-15 -6.90164e-28 -1.58973e-15 -82416.5 -82416.5 -82416.5 -82416.5 -82416.5 -82416.5
0.033822 6.47027e-27 1.75005e-27 1.47372e-14 -3.33817e-27 -7.68757e-15 -82416.5 -82416.5 -82416.5 -82416.5 -82416.5 -82416.5
0.0346784 9.14578e-27 2.50858e-27 1.77677e-14 -4.7481e-27 -9.3079e-15 -82416.5 -82416.5 -82416.5 -82416.5 -82416.5 -82416.5
0.0258705 8.07735e-27 2.21819e-27 1.44083e-14 -4.20372e-27 -7.5703e-15 -82416.5 -82416.5 -82416.5 -82416.5 -82416.5 -82416.5
-0.0483979 -1.99457e-26 -4.84526e-27 -3.1082e-14 9.83636e-27 1.53137e-14 -82416.5 -82416.5 -82416.5 -82416.5 -82416.5 -82416.5
0.0358443 1.13229e-26 7.7128e-28 2.01189e-14 -2.93032e-27 -5.24197e-15 -82416.5 -82416.5 -82416.5 -82416.5 -82416.5 -82416.5
-0.0431543 -8.82517e-27 -1.5791e-28 -1.982e-14 1.32493e-27 2.73958e-15 -82416.5 -82416.5 -82416.5 -82416.5 -82416.5 -82416.5
0.0094833 1.66921e-27 2.43309e-29 3.97749e-15 -1.98841e-28 -4.71943e-16 -82416.5 -82416.5 -82416.5 -82416.5 -82416.5 -82416.5
-0.0301244 -3.8694e-28 -6.93643e-28 5.42406e-15 9.94197e-28 -4.69371e-15 -82416.5 -82416.5 -82416.5 -82416.5 -82416.5 -82416.5
-0.0474733 -1.85819e-26 -8.38837e-27 3.03042e-14 1.28969e-26 -1.99857e-14 -82416.5 -82416.5 -82416.5 -82416.5 -82416.5 -82416.5
0.00470378 3.41344e-27 9.44479e-28 -3.91272e-15 -1.65709e-27 2.07447e-15 -82416.5 -82416.5 -82416.5 -82416.5 -82416.5 -82416.5
0.0441994 2.52305e-26 1.25864e-26 -3.33938e-14 -1.77992e-26 2.35638e-14 -82416.5 -82416.5 -82416.5 -82416.5 -82416.5 -82416.5
0.0219808 1.44037e-26 7.62972e-27 -1.77458e-14 -1.04002e-26 1.29322e-14 -82416.5 -82416.5 -82416.5 -82416.5 -82416.5 -82416.5
-0.0459328 -1.75683e-26 -1.67299e-26 2.86889e-14 1.74684e-26 -2.77607e-14 -82416.5 -82416.5 -82416.5 -82416.5 -82416.5 -82416.5
-0.0266698 -7.16863e-27 -9.49363e-27 1.39049e-14 8.37116e-27 -1.59461e-14 -82416.5 -82416.5 -82416.5 -82416.5 -82416.5 -82416.5
-0.0135892 -2.41593e-27 -3.80082e-27 5.78652e-15 3.10267e-27 -7.20844e-15 -82416.5 -82416.5 -82416.5 -82416.5 -82416.5 -82416.5
0.0479748 1.98015e-27 1.12218e-26 -9.47155e-15 -4.59684e-27 2.32001e-14 -82416.5 -82416.5 -82416.5 -82416.5 -82416.5 -82416.5
-0.0447109 -4.46947e-29 -8.10513e-27 1.44226e-15 6.23651e-28 -1.90796e-14 -82416.5 -82416.5 -82416.5 -82416.5 -82416.5 -82416.5
-0.0157648 -1.41547e-27 -9.92819e-28 -4.86404e-15 -1.3747e-27 -4.1538e-15 -82416.5 -82416.5 -82416.5 -82416.5 -82416.5 -82416.5
-0.0269793 -4.32874e-27 -6.35713e-28 -1.08864e-14 -1.97298e-27 -4.63765e-15 -82416.5 -82416.5 -82416.5 -82416.5 -82416.5 -82416.5
0.0429719 1.11482e-26 1.48917e-28 2.18651e-14 1.18208e-27 2.36387e-15 -82416.5 -82416.5 -82416.5 -82416.5 -82416.5 -82416.5
-0.0488527 -1.96536e-26 2.66067e-28 -3.10729e-14 9.938e-28 1.86595e-15 -82416.5 -82416.5 -82416.5 -82416.5 -82416.5 -82416.5
0.0180345 8.40996e-27 9.4412e-29 1.23154e-14 -5.9716e-28 -8.72426e-16 -82416.5 -82416.5 -82416.5 -82416.5 -82416.5 -82416.5
0.0422074 2.11817e-26 8.63569e-28 2.98876e-14 -4.22472e-27 -5.98849e-15 -82416.5 -82416.5 -82416.5 -82416.5 -82416.5 -82416.5
-0.0237503 -7.82023e-27 -3.80865e-27 -1.39453e-14 5.48529e-27 9.98991e-15 -82416.5 -82416.5 -82416.5 -82416.5 -82416.5 -82416.5
