0.495675 6.4226e-31 5.62489e-32 3.3597e-17 1.89781e-31 1.91046e-17 -1e+06 -1e+06 -1e+06 -1e+06 -1e+06 -1e+06
-0.0871644 6.81357e-30 -2.61848e-30 7.52298e-17 1.01088e-31 -4.79037e-16 -1e+06 -1e+06 -1e+06 -1e+06 -1e+06 -1e+06
0.153247 4.82378e-29 3.99019e-29 -2.69654e-15 -4.19574e-29 2.25302e-15 -1e+06 -1e+06 -1e+06 -1e+06 -1e+06 -1e+06
-0.550243 -7.94827e-28 -4.86401e-28 2.12435e-14 6.22861e-28 -1.68201e-14 -1e+06 -1e+06 -1e+06 -1e+06 -1e+06 -1e+06
-0.518317 -3.37616e-26 -1.9897e-26 1.32285e-13 2.59727e-26 -1.01773e-13 -1e+06 -1e+06 -1e+06 -1e+06 -1e+06 -1e+06
-0.571459 -6.1663e-26 -4.98576e-26 1.87797e-13 5.55142e-26 -1.68829e-13 -1e+06 -1e+06 -1e+06 -1e+06 -1e+06 -1e+06
0.51436 6.38213e-26 6.75398e-26 -1.8116e-13 -6.56344e-26 1.86234e-13 -1e+06 -1e+06 -1e+06 -1e+06 -1e+06 -1e+06
0.170587 2.13504e-26 2.54384e-26 -6.03174e-14 -2.32505e-26 6.5833e-14 -1e+06 -1e+06 -1e+06 -1e+06 -1e+06 -1e+06
0.425093 5.15018e-26 7.23844e-26 -1.47962e-13 -6.10437e-26 1.75388e-13 -1e+06 -1e+06 -1e+06 -1e+06 -1e+06 -1e+06
0.24444 1.74175e-26 5.14872e-26 -6.51914e-14 -2.98742e-26 1.12144e-13 -1e+06 -1e+06 -1e+06 -1e+06 -1e+06 -1e+06
-0.324791 -2.80544e-27 -8.7929e-26 3.03402e-14 1.576e-26 -1.69021e-13 -1e+06 -1e+06 -1e+06 -1e+06 -1e+06 -1e+06
-0.170912 -7.45604e-29 -4.5363e-26 5.98516e-15 2.99146e-27 -8.81153e-14 -1e+06 -1e+06 -1e+06 -1e+06 -1e+06 -1e+06
0.590707 4.46064e-26 1.29912e-25 -1.62173e-13 -7.61035e-26 2.76966e-13 -1e+06 -1e+06 -1e+06 -1e+06 -1e+06 -1e+06
-0.513151 -6.47441e-26 -1.01934e-25 1.82905e-13 8.16217e-26 -2.2873e-13 -1e+06 -1e+06 -1e+06 -1e+06 -1e+06 -1e+06
-0.0693178 -1.19642e-26 -1.25521e-26 2.94481e-14 1.27542e-26 -2.95749e-14 -1e+06 -1e+06 -1e+06 -1e+06 -1e+06 -1e+06
-0.387489 -8.24522e-26 -6.544e-26 1.79132e-13 7.40755e-26 -1.59565e-13 -1e+06 -1e+06 -1e+06 -1e+06 -1e+06 -1e+06
-0.486045 -1.49196e-25 -6.03797e-26 2.69688e-13 9.58434e-26 -1.71935e-13 -1e+06 -1e+06 -1e+06 -1e+06 -1e+06 -1e+06
0.100282 2.14755e-26 3.09619e-27 -4.56184e-14 7.67685e-27 -1.5217e-14 -1e+06 -1e+06 -1e+06 -1e+06 -1e+06 -1e+06
-0.0980684 -1.92343e-26 -4.23456e-27 4.60895e-14 -9.25926e-27 2.38476e-14 -1e+06 -1e+06 -1e+06 -1e+06 -1e+06 -1e+06
-0.297914 -6.05154e-27 -5.22646e-26 4.92875e-14 -2.01381e-26 1.24942e-13 -1e+06 -1e+06 -1e+06 -1e+06 -1e+06 -1e+06
0.275729 2.62827e-27 5.43966e-26 -2.42642e-14 1.07625e-26 -1.22469e-13 -1e+06 -1e+06 -1e+06 -1e+06 -1e+06 -1e+06
-0.577228 1.53688e-27 -1.38273e-25 2.76746e-14 -1.26655e-26 2.828e-13 -1e+06 -1e+06 -1e+06 -1e+06 -1e+06 -1e+06
0.274231 2.05996e-28 9.28496e-26 6.37697e-15 -3.70474e-27 -1.59569e-13 -1e+06 -1e+06 -1e+06 -1e+06 -1e+06 -1e+06
0.17319 7.66664e-27 7.48959e-26 3.2847e-14 -2.09375e-26 -1.13685e-13 -1e+06 -1e+06 -1e+06 -1e+06 -1e+06 -1e+06
-0.46488 -5.90531e-26 -1.76174e-25 -1.67024e-13 1.03278e-25 2.86322e-13 -1e+06 -1e+06 -1e+06 -1e+06 -1e+06 -1e+06
0.288127 4.69801e-26 9.36453e-26 1.14564e-13 -6.51439e-26 -1.64245e-13 -1e+06 -1e+06 -1e+06 -1e+06 -1e+06 -1e+06
-0.339598 -5.88384e-26 -9.46628e-26 -1.43546e-13 7.63628e-26 1.79435e-13 -1e+06 -1e+06 -1e+06 -1e+06 -1e+06 -1e+06
-0.533614 -1.14317e-25 -1.22432e-25 -2.47746e-13 1.19062e-25 2.55752e-13 -1e+06 -1e+06 -1e+06 -1e+06 -1e+06 -1e+06
-0.594908 -1.55791e-25 -1.0451e-25 -3.05306e-13 1.28243e-25 2.49423e-13 -1e+06 -1e+06 -1e+06 -1e+06 -1e+06 -1e+06
-0.475158 -1.13217e-25 -6.45238e-28 -2.32466e-13 -9.19595e-27 -1.93502e-14 -1e+06 -1e+06 -1e+06 -1e+06 -1e+06 -1e+06
-0.463964 -1.00531e-25 -7.04407e-27 -2.16525e-13 -2.68364e-26 -5.83356e-14 -1e+06 -1e+06 -1e+06 -1e+06 -1e+06 -1e+06
0.334638 5.46207e-26 3.94797e-26 1.35088e-13 4.42393e-26 1.10812e-13 -1e+06 -1e+06 -1e+06 -1e+06 -1e+06 -1e+06
0.507394 7.16037e-26 7.94305e-26 1.90245e-13 7.45914e-26 2.00008e-13 -1e+06 -1e+06 -1e+06 -1e+06 -1e+06 -1e+06
0.582854 5.56317e-26 1.31269e-25 1.7888e-13 8.35246e-26 2.75278e-13 -1e+06 -1e+06 -1e+06 -1e+06 -1e+06 -1e+06
-0.347235 2.34341e-28 -1.24278e-25 -3.00474e-15 -2.68815e-27 -2.10149e-13 -1e+06 -1e+06 -1e+06 -1e+06 -1e+06 -1e+06
0.52767 1.68239e-27 1.97918e-25 -2.42923e-14 -1.59049e-26 3.21377e-13 -1e+06 -1e+06 -1e+06 -1e+06 -1e+06 -1e+06
-0.220746 -2.0538e-26 -5.59793e-26 6.97734e-14 3.39303e-26 -1.16384e-13 -1e+06 -1e+06 -1e+06 -1e+06 -1e+06 -1e+06
-0.528285 -7.06161e-26 -7.41482e-26 1.9487e-13 7.39297e-26 -2.09562e-13 -1e+06 -1e+06 -1e+06 -1e+06 -1e+06 -1e+06
0.588728 1.14685e-25 7.29799e-26 -2.59842e-13 -9.14048e-26 2.07112e-13 -1e+06 -1e+06 -1e+06 -1e+06 -1e+06 -1e+06
-0.57846 -2.40847e-25 1.18708e-27 3.74008e-13 4.22839e-26 -7.01436e-14 -1e+06 -1e+06 -1e+06 -1e+06 -1e+06 -1e+06
0.582767 2.4937e-25 1.88577e-27 -3.81106e-13 -1.6774e-26 2.5133e-14 -1e+06 -1e+06 -1e+06 -1e+06 -1e+06 -1e+06
0.33169 1.00773e-25 6.28354e-27 -1.81826e-13 -1.31309e-26 1.96244e-14 -1e+06 -1e+06 -1e+06 -1e+06 -1e+06 -1e+06
0.0353026 5.57001e-27 6.35005e-27 -1.22491e-14 -4.2961e-27 4.40779e-15 -1e+06 -1e+06 -1e+06 -1e+06 -1e+06 -1e+06
0.503228 1.44953e-26 6.08556e-26 -8.32703e-14 -2.96922e-26 1.71493e-13 -1e+06 -1e+06 -1e+06 -1e+06 -1e+06 -1e+06
-0.585946 -6.17629e-27 -7.55618e-26 6.01957e-14 2.16869e-26 -2.12024e-13 -1e+06 -1e+06 -1e+06 -1e+06 -1e+06 -1e+06
-0.386037 -1.91036e-29 -4.80617e-26 8.57061e-15 2.50299e-27 -1.38996e-13 -1e+06 -1e+06 -1e+06 -1e+06 -1e+06 -1e+06
0.336667 8.76832e-28 5.17924e-26 8.77099e-15 2.3291e-27 1.29847e-13 -1e+06 -1e+06 -1e+06 -1e+06 -1e+06 -1e+06
-0.565367 -4.49424e-26 -3.84135e-26 -1.60972e-13 -4.16411e-26 -1.47773e-13 -1e+06 -1e+06 -1e+06 -1e+06 -1e+06 -1e+06
-0.173112 -1.92064e-26 -4.75095e-27 -5.82643e-14 -9.71454e-27 -3.02391e-14 -1e+06 -1e+06 -1e+06 -1e+06 -1e+06 -1e+06
-0.184238 -2.07507e-26 -3.85947e-27 -6.85439e-14 -1.16613e-26 -2.78605e-14 -1e+06 -1e+06 -1e+06 -1e+06 -1e+06 -1e+06
-0.296791 -4.30908e-26 -4.0116e-27 -1.18798e-13 -1.60886e-26 -3.65252e-14 -1e+06 -1e+06 -1e+06 -1e+06 -1e+06 -1e+06
-0.0797943 -2.13624e-26 -4.8698e-29 -4.28947e-14 -1.23349e-27 -2.85459e-15 -1e+06 -1e+06 -1e+06 -1e+06 -1e+06 -1e+06
-0.530279 -1.74535e-25 -5.08591e-28 -3.11997e-13 -1.64403e-26 -2.40461e-14 -1e+06 -1e+06 -1e+06 -1e+06 -1e+06 -1e+06
-0.571858 -2.40359e-25 -6.95924e-27 -3.76673e-13 -4.79077e-26 -6.81679e-14 -1e+06 -1e+06 -1e+06 -1e+06 -1e+06 -1e+06
0.38524 1.49595e-25 2.50715e-26 2.3959e-13 6.07741e-26 9.80954e-14 -1e+06 -1e+06 -1e+06 -1e+06 -1e+06 -1e+06
-0.295771 -8.24678e-26 -3.13813e-26 -1.67356e-13 -6.22917e-26 -1.00198e-13 -1e+06 -1e+06 -1e+06 -1e+06 -1e+06 -1e+06
0.415056 9.11009e-26 6.23027e-26 1.91956e-13 7.31599e-26 1.60286e-13 -1e+06 -1e+06 -1e+06 -1e+06 -1e+06 -1e+06
-0.491623 -3.06394e-27 -6.66394e-26 5.80323e-14 2.00077e-26 -1.8175e-13 -1e+06 -1e+06 -1e+06 -1e+06 -1e+06 -1e+06
-0.575949 -6.71408e-26 -2.68819e-26 2.0318e-13 4.25845e-26 -1.2664e-13 -1e+06 -1e+06 -1e+06 -1e+06 -1e+06 -1e+06
0.581057 1.21909e-25 1.09047e-26 -2.62839e-13 -3.64607e-26 7.85834e-14 -1e+06 -1e+06 -1e+06 -1e+06 -1e+06 -1e+06
-0.421839 -1.1617e-25 -1.8291e-27 2.21413e-13 1.50801e-26 -2.88853e-14 -1e+06 -1e+06 -1e+06 -1e+06 -1e+06 -1e+06
0.281185 1.06608e-25 4.81521e-28 -1.69445e-13 -1.45227e-27 -3.24459e-17 -1e+06 -1e+06 -1e+06 -1e+06 -1e+06 -1e+06
-0.364751 -1.4169e-25 -5.78027e-27 2.2839e-13 -2.94936e-26 4.64378e-14 -1e+06 -1e+06 -1e+06 -1e+06 -1e+06 -1e+06
-0.190878 -5.70301e-26 -7.71742e-27 1.07095e-13 -2.26099e-26 3.88871e-14 -1e+06 -1e+06 -1e+06 -1e+06 -1e+06 -1e+06
0.579274 1.80268e-25 4.85369e-26 -3.18923e-13 9.13532e-26 -1.67427e-13 -1e+06 -1e+06 -1e+06 -1e+06 -1e+06 -1e+06
-0.591995 -1.1552e-25 -8.46121e-26 2.67492e-13 -1.02874e-25 2.24362e-13 -1e+06 -1e+06 -1e+06 -1e+06 -1e+06 -1e+06
0.370668 5.4991e-26 5.81612e-26 -1.42754e-13 5.65473e-26 -1.4676e-13 -1e+06 -1e+06 -1e+06 -1e+06 -1e+06 -1e+06
0.395322 4.66171e-26 5.83801e-26 -1.3554e-13 5.21008e-26 -1.51916e-13 -1e+06 -1e+06 -1e+06 -1e+06 -1e+06 -1e+06
0.291072 1.57639e-26 2.72781e-26 -4.99396e-14 1.27814e-26 -8.78977e-14 -1e+06 -1e+06 -1e+06 -1e+06 -1e+06 -1e+06
-0.224875 1.18382e-26 -7.71852e-27 1.21269e-14 -7.93159e-27 4.74863e-14 -1e+06 -1e+06 -1e+06 -1e+06 -1e+06 -1e+06
0.491389 4.66903e-27 2.44322e-27 4.70854e-14 -3.31234e-27 -3.21607e-14 -1e+06 -1e+06 -1e+06 -1e+06 -1e+06 -1e+06
0.043164 1.24923e-26 1.41172e-27 9.73854e-15 -4.19942e-27 -3.30573e-15 -1e+06 -1e+06 -1e+06 -1e+06 -1e+06 -1e+06
0.451702 5.45096e-26 5.09853e-27 1.48029e-13 -1.66683e-26 -4.49864e-14 -1e+06 -1e+06 -1e+06 -1e+06 -1e+06 -1e+06
-0.377713 -6.08223e-26 -9.11585e-27 -1.65033e-13 2.36142e-26 6.21593e-14 -1e+06 -1e+06 -1e+06 -1e+06 -1e+06 -1e+06
-0.414525 -8.28641e-26 -2.11108e-26 -1.89007e-13 4.18277e-26 9.5192e-14 -1e+06 -1e+06 -1e+06 -1e+06 -1e+06 -1e+06
0.328804 1.24396e-25 4.4403e-26 1.99213e-13 -7.37394e-26 -1.2069e-13 -1e+06 -1e+06 -1e+06 -1e+06 -1e+06 -1e+06
0.404615 1.14397e-25 3.14016e-26 2.13493e-13 -5.97758e-26 -1.12572e-13 -1e+06 -1e+06 -1e+06 -1e+06 -1e+06 -1e+06
-0.456748 -1.19939e-25 -1.85098e-26 -2.34746e-13 4.71184e-26 9.22624e-14 -1e+06 -1e+06 -1e+06 -1e+06 -1e+06 -1e+06
0.403748 9.01288e-26 4.44129e-27 1.87856e-13 -1.9865e-26 -4.05287e-14 -1e+06 -1e+06 -1e+06 -1e+06 -1e+06 -1e+06
-0.153746 -2.9546e-26 -8.65513e-28 -6.76763e-14 5.06167e-27 1.16394e-14 -1e+06 -1e+06 -1e+06 -1e+06 -1e+06 -1e+06
-0.436789 1.22946e-31 3.1005e-35 1.93967e-17 -6.04074e-33 -1.17655e-17 -1e+06 -1e+06 -1e+06 -1e+06 -1e+06 -1e+06
0.486722 8.88049e-30 1.29794e-31 -5.43313e-16 3.61431e-31 -2.50561e-16 -1e+06 -1e+06 -1e+06 -1e+06 -1e+06 -1e+06
-0.501938 -2.31956e-29 6.11396e-31 3.48949e-15 -2.76341e-30 2.68591e-16 -1e+06 -1e+06 -1e+06 -1e+06 -1e+06 -1e+06
0.29076 2.38384e-26 2.64673e-27 -8.32448e-14 7.94122e-27 -2.77216e-14 -1e+06 -1e+06 -1e+06 -1e+06 -1e+06 -1e+06
-0.580803 -6.72727e-26 -1.55374e-26 1.97667e-13 -3.23795e-26 9.51527e-14 -1e+06 -1e+06 -1e+06 -1e+06 -1e+06 -1e+06
-0.562082 -7.93575e-26 -5.63625e-26 2.11277e-13 -6.69535e-26 1.78026e-13 -1e+06 -1e+06 -1e+06 -1e+06 -1e+06 -1e+06
-0.57828 -7.1905e-26 -7.84259e-26 2.03915e-13 -7.51411e-26 2.13109e-13 -1e+06 -1e+06 -1e+06 -1e+06 -1e+06 -1e+06
-0.572591 -3.98566e-26 -8.73652e-26 1.51145e-13 -5.9285e-26 2.24129e-13 -1e+06 -1e+06 -1e+06 -1e+06 -1e+06 -1e+06
0.376559 1.365e-26 5.20117e-26 -7.16024e-14 2.65764e-26 -1.39917e-13 -1e+06 -1e+06 -1e+06 -1e+06 -1e+06 -1e+06
0.112766 1.99037e-27 1.38076e-26 -1.49786e-14 5.24156e-27 -3.94589e-14 -1e+06 -1e+06 -1e+06 -1e+06 -1e+06 -1e+06
0.39674 4.59262e-27 4.00352e-26 -4.2196e-14 1.30108e-26 -1.24902e-13 -1e+06 -1e+06 -1e+06 -1e+06 -1e+06 -1e+06
-0.328533 -8.56734e-28 -2.44815e-26 1.96083e-14 -5.99784e-27 9.13902e-14 -1e+06 -1e+06 -1e+06 -1e+06 -1e+06 -1e+06
0.202036 1.72393e-27 3.20519e-27 -1.75445e-14 1.43754e-27 -2.14943e-14 -1e+06 -1e+06 -1e+06 -1e+06 -1e+06 -1e+06
-0.403553 -3.76721e-27 -2.13936e-27 4.1757e-14 -4.13986e-27 3.39333e-14 -1e+06 -1e+06 -1e+06 -1e+06 -1e+06 -1e+06
0.348469 5.10018e-27 2.80216e-27 -4.08376e-14 2.51002e-27 -2.58992e-14 -1e+06 -1e+06 -1e+06 -1e+06 -1e+06 -1e+06
-0.22046 -4.10122e-27 2.92973e-28 3.15166e-14 -2.46714e-27 1.27443e-14 -1e+06 -1e+06 -1e+06 -1e+06 -1e+06 -1e+06
0.302376 1.15618e-26 2.50163e-28 -5.89506e-14 1.33874e-27 -6.41184e-15 -1e+06 -1e+06 -1e+06 -1e+06 -1e+06 -1e+06
0.0899722 7.90808e-27 3.67557e-30 -2.66078e-14 -7.49291e-29 2.15748e-16 -1e+06 -1e+06 -1e+06 -1e+06 -1e+06 -1e+06
0.495533 5.86518e-26 2.83878e-27 -1.70305e-13 -1.15555e-26 3.27946e-14 -1e+06 -1e+06 -1e+06 -1e+06 -1e+06 -1e+06
0.594749 4.51251e-26 2.91249e-26 -1.63774e-13 -3.61429e-26 1.30923e-13 -1e+06 -1e+06 -1e+06 -1e+06 -1e+06 -1e+06
-0.458092 4.45489e-29 -6.48483e-26 2.28022e-14 7.574e-27 -1.73639e-13 -1e+06 -1e+06 -1e+06 -1e+06 -1e+06 -1e+06
0.163258 8.41292e-28 2.60709e-26 -3.44591e-15 -1.6727e-27 6.50946e-14 -1e+06 -1e+06 -1e+06 -1e+06 -1e+06 -1e+06
0.431942 1.20408e-27 5.28286e-26 1.84821e-14 6.23548e-27 1.5089e-13 -1e+06 -1e+06 -1e+06 -1e+06 -1e+06 -1e+06
-0.559256 -3.93976e-26 -9.98511e-27 -1.48879e-13 -2.28641e-26 -8.30869e-14 -1e+06 -1e+06 -1e+06 -1e+06 -1e+06 -1e+06
-0.576974 -8.20635e-26 -3.71291e-27 -2.17667e-13 -2.12977e-26 -5.56707e-14 -1e+06 -1e+06 -1e+06 -1e+06 -1e+06 -1e+06
0.199178 1.83736e-26 1.21996e-26 5.99668e-14 1.37524e-26 4.74528e-14 -1e+06 -1e+06 -1e+06 -1e+06 -1e+06 -1e+06
-0.279521 4.92517e-28 -2.38183e-26 -1.82088e-14 -3.97944e-27 -8.37983e-14 -1e+06 -1e+06 -1e+06 -1e+06 -1e+06 -1e+06
-0.418338 -2.15371e-28 -1.66631e-26 -2.95803e-14 -4.66458e-27 -8.61739e-14 -1e+06 -1e+06 -1e+06 -1e+06 -1e+06 -1e+06
-0.458907 -1.79014e-27 -1.33114e-26 -3.74318e-14 -5.32919e-27 -8.26795e-14 -1e+06 -1e+06 -1e+06 -1e+06 -1e+06 -1e+06
0.256736 2.90277e-27 3.9495e-27 2.26805e-14 3.18897e-27 3.08729e-14 -1e+06 -1e+06 -1e+06 -1e+06 -1e+06 -1e+06
-0.230648 -5.4743e-27 -3.55838e-27 -4.02614e-14 -4.54029e-27 -3.70753e-14 -1e+06 -1e+06 -1e+06 -1e+06 -1e+06 -1e+06
0.0250831 1.27016e-27 4.18911e-28 1.02141e-15 7.23892e-28 9.74526e-16 -1e+06 -1e+06 -1e+06 -1e+06 -1e+06 -1e+06
-0.541444 -3.89222e-26 -8.85118e-27 -1.50821e-13 -1.89436e-26 -7.73866e-14 -1e+06 -1e+06 -1e+06 -1e+06 -1e+06 -1e+06
-0.272228 -2.65984e-26 -1.47246e-26 -8.91076e-14 -1.98126e-26 -6.73131e-14 -1e+06 -1e+06 -1e+06 -1e+06 -1e+06 -1e+06
0.600196 6.35808e-26 4.92078e-26 1.95294e-13 5.58475e-26 1.71316e-13 -1e+06 -1e+06 -1e+06 -1e+06 -1e+06 -1e+06
0.536045 4.77536e-26 5.33507e-26 1.59983e-13 5.04317e-26 1.69037e-13 -1e+06 -1e+06 -1e+06 -1e+06 -1e+06 -1e+06
-0.567528 -2.14582e-26 -6.07594e-26 -1.14583e-13 -3.65568e-26 -1.86999e-13 -1e+06 -1e+06 -1e+06 -1e+06 -1e+06 -1e+06
-0.514323 -7.49563e-27 -2.32078e-26 -6.975e-14 -1.37312e-26 -1.11581e-13 -1e+06 -1e+06 -1e+06 -1e+06 -1e+06 -1e+06
0.571109 1.20914e-26 1.32379e-26 8.23778e-14 1.26512e-26 8.60871e-14 -1e+06 -1e+06 -1e+06 -1e+06 -1e+06 -1e+06
-0.579053 -3.67003e-26 -4.54242e-27 -1.47244e-13 -1.30491e-26 -5.34211e-14 -1e+06 -1e+06 -1e+06 -1e+06 -1e+06 -1e+06
0.0781218 6.46233e-27 1.76305e-27 2.24651e-14 3.34402e-27 1.15951e-14 -1e+06 -1e+06 -1e+06 -1e+06 -1e+06 -1e+06
0.473373 2.30367e-26 3.31501e-26 1.03853e-13 2.73912e-26 1.25221e-13 -1e+06 -1e+06 -1e+06 -1e+06 -1e+06 -1e+06
0.563879 1.83494e-26 5.19734e-26 1.00919e-13 3.05748e-26 1.71171e-13 -1e+06 -1e+06 -1e+06 -1e+06 -1e+06 -1e+06
-0.133297 -3.26298e-27 -1.30314e-26 -2.09058e-14 -6.66372e-27 -4.20834e-14 -1e+06 -1e+06 -1e+06 -1e+06 -1e+06 -1e+06
-0.0973441 -3.2616e-27 -6.20275e-27 -1.85394e-14 -5.04404e-27 -2.50879e-14 -1e+06 -1e+06 -1e+06 -1e+06 -1e+06 -1e+06
0.598598 4.35802e-26 1.67891e-26 1.60335e-13 2.57848e-26 9.85194e-14 -1e+06 -1e+06 -1e+06 -1e+06 -1e+06 -1e+06
0.323305 2.63414e-26 5.92344e-27 9.13031e-14 1.04117e-26 3.96041e-14 -1e+06 -1e+06 -1e+06 -1e+06 -1e+06 -1e+06
0.482928 1.14161e-26 4.4693e-26 7.3334e-14 2.09593e-26 1.43217e-13 -1e+06 -1e+06 -1e+06 -1e+06 -1e+06 -1e+06
-0.240039 -8.83129e-27 -3.10482e-26 -4.74057e-14 -1.7712e-26 -8.70404e-14 -1e+06 -1e+06 -1e+06 -1e+06 -1e+06 -1e+06
-0.595683 -3.3838e-26 -3.96125e-26 -1.4559e-13 -4.1706e-26 -1.60408e-13 -1e+06 -1e+06 -1e+06 -1e+06 -1e+06 -1e+06
-0.133031 -6.16572e-27 -7.30896e-27 -3.0335e-14 -9.01276e-27 -3.45898e-14 -1e+06 -1e+06 -1e+06 -1e+06 -1e+06 -1e+06
0.133918 6.26839e-27 6.37055e-27 2.82447e-14 5.5011e-27 2.79905e-14 -1e+06 -1e+06 -1e+06 -1e+06 -1e+06 -1e+06
-0.564512 -2.30903e-26 4.37165e-27 -1.21872e-13 -1.24227e-26 -3.60647e-14 -1e+06 -1e+06 -1e+06 -1e+06 -1e+06 -1e+06
0.175689 6.46834e-27 2.91301e-27 3.1395e-14 1.28548e-27 1.41099e-14 -1e+06 -1e+06 -1e+06 -1e+06 -1e+06 -1e+06
-0.456193 -2.40062e-26 -5.00001e-26 -1.06982e-13 -4.03324e-26 -1.60626e-13 -1e+06 -1e+06 -1e+06 -1e+06 -1e+06 -1e+06
-0.438103 -1.6666e-26 -6.22692e-26 -8.93941e-14 -3.90549e-26 -1.74688e-13 -1e+06 -1e+06 -1e+06 -1e+06 -1e+06 -1e+06
-0.413096 -1.4433e-26 -6.80863e-26 -7.85439e-14 -3.39563e-26 -1.71781e-13 -1e+06 -1e+06 -1e+06 -1e+06 -1e+06 -1e+06
0.409472 1.43059e-26 1.30849e-25 7.57589e-14 4.27481e-26 2.31454e-13 -1e+06 -1e+06 -1e+06 -1e+06 -1e+06 -1e+06
-0.0420892 -2.94179e-27 -1.93758e-26 -1.1536e-14 -7.58359e-27 -2.89985e-14 -1e+06 -1e+06 -1e+06 -1e+06 -1e+06 -1e+06
-0.457593 -1.25575e-26 -9.65891e-26 -7.83183e-14 -3.53891e-26 -2.10865e-13 -1e+06 -1e+06 -1e+06 -1e+06 -1e+06 -1e+06
-0.236927 -4.85097e-27 -4.06095e-26 -3.82845e-14 -1.52824e-26 -9.84412e-14 -1e+06 -1e+06 -1e+06 -1e+06 -1e+06 -1e+06
0.595032 2.98876e-26 3.22104e-26 1.30658e-13 2.92183e-26 1.37056e-13 -1e+06 -1e+06 -1e+06 -1e+06 -1e+06 -1e+06
0.54451 3.60723e-26 6.87097e-27 1.37552e-13 1.44543e-26 5.97625e-14 -1e+06 -1e+06 -1e+06 -1e+06 -1e+06 -1e+06
0.373547 1.89901e-26 1.72667e-27 8.41531e-14 -4.10202e-27 -1.89038e-14 -1e+06 -1e+06 -1e+06 -1e+06 -1e+06 -1e+06
0.331357 1.36341e-26 3.2412e-27 6.69582e-14 -5.82463e-27 -2.99829e-14 -1e+06 -1e+06 -1e+06 -1e+06 -1e+06 -1e+06
-0.0818587 -2.70314e-27 -2.88014e-27 -2.78548e-14 3.78408e-27 1.67239e-14 -1e+06 -1e+06 -1e+06 -1e+06 -1e+06 -1e+06
0.132106 7.7461e-27 1.17414e-26 2.42371e-14 -8.30291e-27 -3.86244e-14 -1e+06 -1e+06 -1e+06 -1e+06 -1e+06 -1e+06
0.517779 3.05254e-26 1.28092e-25 1.22739e-13 -6.19837e-26 -2.56584e-13 -1e+06 -1e+06 -1e+06 -1e+06 -1e+06 -1e+06
-0.225522 -4.13177e-27 -7.08289e-26 -4.7638e-14 2.60816e-26 1.26446e-13 -1e+06 -1e+06 -1e+06 -1e+06 -1e+06 -1e+06
-0.553771 -2.16184e-26 -2.19464e-25 -1.28472e-13 7.89087e-26 3.49029e-13 -1e+06 -1e+06 -1e+06 -1e+06 -1e+06 -1e+06
0.557499 2.69881e-26 2.32901e-25 1.22338e-13 -7.87694e-26 -3.60032e-13 -1e+06 -1e+06 -1e+06 -1e+06 -1e+06 -1e+06
0.297663 8.10658e-27 9.94014e-26 4.45169e-14 -2.65883e-26 -1.71481e-13 -1e+06 -1e+06 -1e+06 -1e+06 -1e+06 -1e+06
0.466608 2.77859e-26 7.39025e-26 1.09332e-13 -4.41618e-26 -1.85396e-13 -1e+06 -1e+06 -1e+06 -1e+06 -1e+06 -1e+06
-0.295008 -1.64576e-26 -1.91806e-26 -7.6361e-14 1.82851e-26 7.66371e-14 -1e+06 -1e+06 -1e+06 -1e+06 -1e+06 -1e+06
-0.582479 -3.24889e-26 -4.38482e-27 -1.45792e-13 1.1936e-26 5.34163e-14 -1e+06 -1e+06 -1e+06 -1e+06 -1e+06 -1e+06
0.572691 2.6532e-26 2.54578e-28 1.20177e-13 -2.58292e-27 -1.14016e-14 -1e+06 -1e+06 -1e+06 -1e+06 -1e+06 -1e+06
-0.301139 -1.13206e-26 1.30849e-28 -6.85918e-14 -2.02055e-27 -4.7422e-15 -1e+06 -1e+06 -1e+06 -1e+06 -1e+06 -1e+06
-0.0734218 -1.27138e-27 -6.14672e-27 -9.83948e-15 -3.10318e-27 -2.20429e-14 -1e+06 -1e+06 -1e+06 -1e+06 -1e+06 -1e+06
-0.164141 -4.34529e-27 -1.96189e-26 -2.69601e-14 -9.75553e-27 -5.78537e-14 -1e+06 -1e+06 -1e+06 -1e+06 -1e+06 -1e+06
0.0316955 6.08392e-28 5.93942e-27 -1.68676e-15 -7.62763e-28 1.3718e-14 -1e+06 -1e+06 -1e+06 -1e+06 -1e+06 -1e+06
0.565619 8.0897e-29 6.36384e-28 -6.52528e-15 2.20444e-28 -1.89651e-14 -1e+06 -1e+06 -1e+06 -1e+06 -1e+06 -1e+06
0.495539 3.13626e-28 3.09526e-27 -1.21109e-14 9.54405e-28 -3.91615e-14 -1e+06 -1e+06 -1e+06 -1e+06 -1e+06 -1e+06
0.551005 7.11027e-28 5.76125e-27 -1.90445e-14 1.89287e-27 -5.61347e-14 -1e+06 -1e+06 -1e+06 -1e+06 -1e+06 -1e+06
0.0161187 6.22229e-30 1.14369e-27 -8.40993e-16 2.40744e-28 -4.30642e-15 -1e+06 -1e+06 -1e+06 -1e+06 -1e+06 -1e+06
0.292134 2.74419e-26 3.77856e-26 -8.91307e-14 3.21299e-26 -1.05021e-13 -1e+06 -1e+06 -1e+06 -1e+06 -1e+06 -1e+06
-0.539832 -7.67077e-26 -8.33891e-26 2.03517e-13 -7.99786e-26 2.12191e-13 -1e+06 -1e+06 -1e+06 -1e+06 -1e+06 -1e+06
0.20337 3.30633e-26 3.30521e-26 -8.18578e-14 3.30549e-26 -8.19005e-14 -1e+06 -1e+06 -1e+06 -1e+06 -1e+06 -1e+06
-0.301432 -7.1839e-26 -4.81968e-26 1.47188e-13 -5.88434e-26 1.20546e-13 -1e+06 -1e+06 -1e+06 -1e+06 -1e+06 -1e+06
0.245448 9.51181e-26 1.70716e-26 -1.52762e-13 4.02922e-26 -6.46902e-14 -1e+06 -1e+06 -1e+06 -1e+06 -1e+06 -1e+06
-0.319551 -1.26247e-25 -1.20991e-26 2.00854e-13 -3.90829e-26 6.21795e-14 -1e+06 -1e+06 -1e+06 -1e+06 -1e+06 -1e+06
-0.228814 -8.73345e-26 -3.86046e-27 1.41368e-13 -1.83729e-26 2.97498e-14 -1e+06 -1e+06 -1e+06 -1e+06 -1e+06 -1e+06
0.478793 1.51272e-25 2.111e-27 -2.68385e-13 1.75179e-26 -3.06153e-14 -1e+06 -1e+06 -1e+06 -1e+06 -1e+06 -1e+06
0.402104 6.39182e-26 3.17757e-28 -1.59744e-13 4.2793e-27 -1.0395e-14 -1e+06 -1e+06 -1e+06 -1e+06 -1e+06 -1e+06
-0.238848 -2.52559e-26 -1.90835e-28 7.96594e-14 -2.71523e-27 7.44435e-15 -1e+06 -1e+06 -1e+06 -1e+06 -1e+06 -1e+06
-0.247733 -1.42623e-27 -1.77335e-26 -3.26525e-14 8.77898e-27 6.62821e-14 -1e+06 -1e+06 -1e+06 -1e+06 -1e+06 -1e+06
0.00797269 3.75363e-27 8.11088e-28 3.8218e-15 -1.01156e-27 -2.51253e-15 -1e+06 -1e+06 -1e+06 -1e+06 -1e+06 -1e+06
-0.163674 -2.74588e-26 -1.80639e-26 -7.06053e-14 2.33982e-26 5.43761e-14 -1e+06 -1e+06 -1e+06 -1e+06 -1e+06 -1e+06
-0.187873 -9.4214e-26 -8.86966e-27 -1.35261e-13 2.89173e-26 4.17098e-14 -1e+06 -1e+06 -1e+06 -1e+06 -1e+06 -1e+06
0.126985 5.79236e-26 3.07676e-27 8.44294e-14 -1.33195e-26 -1.91808e-14 -1e+06 -1e+06 -1e+06 -1e+06 -1e+06 -1e+06
-0.574474 -1.40234e-25 -3.38229e-26 -2.88047e-13 6.93055e-26 1.39642e-13 -1e+06 -1e+06 -1e+06 -1e+06 -1e+06 -1e+06
-0.25221 -4.77788e-26 -1.75745e-26 -1.14446e-13 2.92179e-26 6.74519e-14 -1e+06 -1e+06 -1e+06 -1e+06 -1e+06 -1e+06
-0.0991652 -6.16485e-27 -1.19693e-26 -3.394e-14 1.0005e-26 3.57361e-14 -1e+06 -1e+06 -1e+06 -1e+06 -1e+06 -1e+06
0.0769224 9.74561e-27 3.60875e-28 -2.73741e-14 1.8747e-27 -5.26281e-15 -1e+06 -1e+06 -1e+06 -1e+06 -1e+06 -1e+06
0.477893 8.09019e-26 2.40393e-27 -1.94517e-13 1.19262e-26 -3.12421e-14 -1e+06 -1e+06 -1e+06 -1e+06 -1e+06 -1e+06
0.0103501 3.88884e-27 -1.20338e-28 -6.34817e-15 -3.31354e-28 5.84095e-16 -1e+06 -1e+06 -1e+06 -1e+06 -1e+06 -1e+06
-0.0412718 -1.27114e-26 -9.05163e-27 2.29079e-14 -1.20663e-26 2.15716e-14 -1e+06 -1e+06 -1e+06 -1e+06 -1e+06 -1e+06
0.38563 8.17801e-26 5.13677e-26 -1.77188e-13 6.35361e-26 -1.39521e-13 -1e+06 -1e+06 -1e+06 -1e+06 -1e+06 -1e+06
0.534239 7.37902e-26 5.15209e-26 -1.98334e-13 6.07492e-26 -1.64602e-13 -1e+06 -1e+06 -1e+06 -1e+06 -1e+06 -1e+06
-0.582775 -5.52689e-26 -4.20559e-26 1.79781e-13 -4.93616e-26 1.58539e-13 -1e+06 -1e+06 -1e+06 -1e+06 -1e+06 -1e+06
0.38933 2.2291e-26 2.08047e-26 -9.27895e-14 2.11901e-26 -8.9634e-14 -1e+06 -1e+06 -1e+06 -1e+06 -1e+06 -1e+06
-0.469879 -1.19914e-26 -1.02887e-26 7.57696e-14 -1.35679e-26 7.90247e-14 -1e+06 -1e+06 -1e+06 -1e+06 -1e+06 -1e+06
-0.534379 -5.19987e-27 -1.06787e-26 5.51807e-14 -9.84485e-27 8.42852e-14 -1e+06 -1e+06 -1e+06 -1e+06 -1e+06 -1e+06
-0.582342 -1.94882e-27 -5.67546e-27 3.64066e-14 -5.38077e-27 7.05574e-14 -1e+06 -1e+06 -1e+06 -1e+06 -1e+06 -1e+06
0.209778 3.60926e-29 1.54679e-27 -2.75045e-15 2.3625e-28 -1.80117e-14 -1e+06 -1e+06 -1e+06 -1e+06 -1e+06 -1e+06
-0.254693 -1.48949e-27 1.08603e-27 -2.14126e-14 2.1282e-29 7.9032e-15 -1e+06 -1e+06 -1e+06 -1e+06 -1e+06 -1e+06
-0.358733 -1.69819e-26 3.35591e-27 -7.98286e-14 2.45465e-27 1.93701e-14 -1e+06 -1e+06 -1e+06 -1e+06 -1e+06 -1e+06
-0.0514073 -2.3082e-26 -2.2503e-27 -3.55853e-14 8.72671e-27 1.53577e-14 -1e+06 -1e+06 -1e+06 -1e+06 -1e+06 -1e+06
-0.326993 -1.55832e-25 -3.10859e-26 -2.26438e-13 7.00663e-26 1.02736e-13 -1e+06 -1e+06 -1e+06 -1e+06 -1e+06 -1e+06
0.481592 2.37921e-25 5.93706e-26 3.38416e-13 -1.18526e-25 -1.68864e-13 -1e+06 -1e+06 -1e+06 -1e+06 -1e+06 -1e+06
0.121839 5.91254e-26 1.70202e-26 8.42541e-14 -3.17223e-26 -4.52186e-14 -1e+06 -1e+06 -1e+06 -1e+06 -1e+06 -1e+06
0.586417 2.69933e-25 9.74395e-26 3.97764e-13 -1.617e-25 -2.38681e-13 -1e+06 -1e+06 -1e+06 -1e+06 -1e+06 -1e+06
0.436205 1.49753e-25 9.02829e-26 2.55523e-13 -1.15702e-25 -1.96992e-13 -1e+06 -1e+06 -1e+06 -1e+06 -1e+06 -1e+06
-0.423531 -7.63919e-26 -1.13446e-25 -1.81548e-13 9.32914e-26 2.19754e-13 -1e+06 -1e+06 -1e+06 -1e+06 -1e+06 -1e+06
0.326517 9.39765e-27 1.09664e-25 5.4933e-14 -3.20842e-26 -1.88373e-13 -1e+06 -1e+06 -1e+06 -1e+06 -1e+06 -1e+06
-0.585237 -4.02589e-28 -1.81403e-25 -3.10936e-14 1.69062e-26 3.25949e-13 -1e+06 -1e+06 -1e+06 -1e+06 -1e+06 -1e+06
0.0142158 5.88979e-28 4.71682e-27 -8.0087e-18 -6.84472e-28 -7.45717e-15 -1e+06 -1e+06 -1e+06 -1e+06 -1e+06 -1e+06
-0.0964446 -9.40665e-28 -1.9508e-26 1.24691e-14 -6.37536e-27 4.41165e-14 -1e+06 -1e+06 -1e+06 -1e+06 -1e+06 -1e+06
-0.273487 -2.7343e-26 -3.12961e-26 8.75968e-14 -3.05912e-26 9.34294e-14 -1e+06 -1e+06 -1e+06 -1e+06 -1e+06 -1e+06
-0.162677 -1.98885e-26 -1.35792e-26 5.83189e-14 -1.7325e-26 4.7252e-14 -1e+06 -1e+06 -1e+06 -1e+06 -1e+06 -1e+06
0.23438 8.23336e-26 1.09566e-27 -1.38719e-13 8.7462e-27 -1.50677e-14 -1e+06 -1e+06 -1e+06 -1e+06 -1e+06 -1e+06
0.568391 2.73686e-25 2.26661e-27 -3.9441e-13 -2.45441e-26 3.53527e-14 -1e+06 -1e+06 -1e+06 -1e+06 -1e+06 -1e+06
0.366111 1.87659e-25 1.48701e-26 -2.61507e-13 -5.27628e-26 7.37701e-14 -1e+06 -1e+06 -1e+06 -1e+06 -1e+06 -1e+06
0.124539 6.16472e-26 1.9782e-26 -8.67256e-14 -3.48174e-26 4.95274e-14 -1e+06 -1e+06 -1e+06 -1e+06 -1e+06 -1e+06
-0.395817 -1.31467e-25 -8.9103e-26 2.30123e-13 1.08511e-25 -1.88145e-13 -1e+06 -1e+06 -1e+06 -1e+06 -1e+06 -1e+06
-0.230856 -6.00718e-26 -6.63829e-26 1.19837e-13 6.35592e-26 -1.24128e-13 -1e+06 -1e+06 -1e+06 -1e+06 -1e+06 -1e+06
-0.563819 5.43117e-28 -1.74338e-25 -2.97973e-14 -1.81971e-26 -3.14568e-13 -1e+06 -1e+06 -1e+06 -1e+06 -1e+06 -1e+06
0.528924 1.07106e-26 1.10019e-25 7.20869e-14 3.2857e-26 2.41229e-13 -1e+06 -1e+06 -1e+06 -1e+06 -1e+06 -1e+06
-0.581747 -5.32187e-26 -4.53543e-26 -1.77203e-13 -5.12895e-26 -1.64967e-13 -1e+06 -1e+06 -1e+06 -1e+06 -1e+06 -1e+06
-0.278504 -3.68454e-26 -1.00768e-26 -1.01303e-13 -2.04182e-26 -5.59869e-14 -1e+06 -1e+06 -1e+06 -1e+06 -1e+06 -1e+06
0.584949 1.11293e-25 1.70782e-27 2.54598e-13 1.37853e-26 3.1509e-14 -1e+06 -1e+06 -1e+06 -1e+06 -1e+06 -1e+06
0.335275 9.86998e-26 2.73916e-27 1.80722e-13 -1.58728e-26 -2.8161e-14 -1e+06 -1e+06 -1e+06 -1e+06 -1e+06 -1e+06
0.571671 1.88876e-25 2.05718e-26 3.27635e-13 -6.22882e-26 -1.08366e-13 -1e+06 -1e+06 -1e+06 -1e+06 -1e+06 -1e+06
-0.351308 -1.29551e-25 -4.95077e-26 -2.13338e-13 8.09368e-26 1.33195e-13 -1e+06 -1e+06 -1e+06 -1e+06 -1e+06 -1e+06
0.014608 5.0236e-27 2.66995e-27 8.33687e-15 -3.63229e-27 -5.84496e-15 -1e+06 -1e+06 -1e+06 -1e+06 -1e+06 -1e+06
-0.0681134 -5.4205e-27 -3.4734e-26 -1.92892e-14 1.40493e-26 4.90526e-14 -1e+06 -1e+06 -1e+06 -1e+06 -1e+06 -1e+06
-0.373384 -5.63725e-27 -1.24712e-25 -4.84811e-14 3e-26 2.18991e-13 -1e+06 -1e+06 -1e+06 -1e+06 -1e+06 -1e+06
0.106934 2.72352e-28 1.72692e-26 -2.30264e-15 1.24051e-27 -4.2367e-14 -1e+06 -1e+06 -1e+06 -1e+06 -1e+06 -1e+06
0.40024 3.72711e-27 1.24339e-26 -3.77606e-14 6.71188e-27 -6.55241e-14 -1e+06 -1e+06 -1e+06 -1e+06 -1e+06 -1e+06
-0.123915 -1.08343e-26 -2.42571e-27 3.76038e-14 8.56757e-27 -2.43785e-14 -1e+06 -1e+06 -1e+06 -1e+06 -1e+06 -1e+06
-0.0427723 -7.29955e-27 -3.75301e-27 1.77287e-14 8.0959e-27 -1.84412e-14 -1e+06 -1e+06 -1e+06 -1e+06 -1e+06 -1e+06
-0.176054 -6.17435e-26 -1.07312e-25 1.04261e-13 8.34618e-26 -1.40803e-13 -1e+06 -1e+06 -1e+06 -1e+06 -1e+06 -1e+06
0.0504179 2.56226e-26 2.49444e-26 -3.56376e-14 -2.39167e-26 3.4758e-14 -1e+06 -1e+06 -1e+06 -1e+06 -1e+06 -1e+06
-0.106384 -4.78298e-26 -7.70959e-26 7.15109e-14 6.30515e-26 -9.2478e-14 -1e+06 -1e+06 -1e+06 -1e+06 -1e+06 -1e+06
0.589241 2.43087e-25 3.93349e-25 -3.78309e-13 -3.09143e-25 4.81423e-13 -1e+06 -1e+06 -1e+06 -1e+06 -1e+06 -1e+06
-0.564104 -1.90393e-25 -2.86557e-25 3.27756e-13 2.35734e-25 -4.05009e-13 -1e+06 -1e+06 -1e+06 -1e+06 -1e+06 -1e+06
0.255651 1.56396e-26 9.29773e-28 -6.23122e-14 -1.44093e-27 3.31508e-15 -1e+06 -1e+06 -1e+06 -1e+06 -1e+06 -1e+06
-0.476161 -1.66855e-26 2.58119e-27 9.16935e-14 -6.29161e-27 2.28547e-14 -1e+06 -1e+06 -1e+06 -1e+06 -1e+06 -1e+06
-0.00907318 8.03339e-28 3.96868e-27 7.37722e-15 -3.46249e-27 -2.78691e-15 -1e+06 -1e+06 -1e+06 -1e+06 -1e+06 -1e+06
0.535394 1.39368e-26 2.64702e-25 8.49421e-14 -6.04188e-26 -3.75246e-13 -1e+06 -1e+06 -1e+06 -1e+06 -1e+06 -1e+06
-0.165375 -6.27149e-27 -8.8297e-26 -3.32579e-14 2.39016e-26 1.21208e-13 -1e+06 -1e+06 -1e+06 -1e+06 -1e+06 -1e+06
-0.379603 1.68914e-29 8.82746e-31 -6.3333e-16 3.971e-30 -2.9203e-16 -1e+06 -1e+06 -1e+06 -1e+06 -1e+06 -1e+06
-0.584706 -5.16704e-29 1.23272e-29 6.28393e-15 -2.11585e-30 1.75014e-15 -1e+06 -1e+06 -1e+06 -1e+06 -1e+06 -1e+06
-0.409189 -1.76231e-27 -4.08966e-30 2.70385e-14 8.99026e-29 -1.32636e-15 -1e+06 -1e+06 -1e+06 -1e+06 -1e+06 -1e+06
0.219885 4.67112e-27 5.92932e-29 -3.2041e-14 -2.36894e-28 1.69468e-15 -1e+06 -1e+06 -1e+06 -1e+06 -1e+06 -1e+06
0.346151 2.56836e-26 2.09017e-28 -9.36403e-14 -2.01649e-27 7.84247e-15 -1e+06 -1e+06 -1e+06 -1e+06 -1e+06 -1e+06
0.525303 5.2729e-26 9.1197e-28 -1.66094e-13 -6.60679e-27 2.1233e-14 -1e+06 -1e+06 -1e+06 -1e+06 -1e+06 -1e+06
0.295294 3.711e-26 7.45273e-28 -1.04517e-13 -5.06236e-27 1.44835e-14 -1e+06 -1e+06 -1e+06 -1e+06 -1e+06 -1e+06
0.227306 5.13735e-26 2.19555e-26 -1.07222e-13 -3.34269e-26 7.06171e-14 -1e+06 -1e+06 -1e+06 -1e+06 -1e+06 -1e+06
-0.330042 -7.34515e-26 -3.7364e-26 1.56517e-13 5.26235e-26 -1.11051e-13 -1e+06 -1e+06 -1e+06 -1e+06 -1e+06 -1e+06
-0.414213 -1.19936e-25 -1.32568e-25 2.23683e-13 1.26455e-25 -2.34341e-13 -1e+06 -1e+06 -1e+06 -1e+06 -1e+06 -1e+06
-0.326772 -8.02162e-26 -1.05146e-25 1.65031e-13 9.30426e-26 -1.85472e-13 -1e+06 -1e+06 -1e+06 -1e+06 -1e+06 -1e+06
0.40358 1.10066e-25 1.32766e-25 -2.10665e-13 -1.20879e-25 2.31429e-13 -1e+06 -1e+06 -1e+06 -1e+06 -1e+06 -1e+06
0.511563 1.09306e-25 1.08618e-25 -2.3645e-13 -1.08941e-25 2.35716e-13 -1e+06 -1e+06 -1e+06 -1e+06 -1e+06 -1e+06
-0.323725 -6.60147e-26 -4.65014e-26 1.50841e-13 5.73662e-26 -1.22705e-13 -1e+06 -1e+06 -1e+06 -1e+06 -1e+06 -1e+06
-0.355375 -5.12931e-26 -2.89206e-26 1.40354e-13 3.95557e-26 -1.01498e-13 -1e+06 -1e+06 -1e+06 -1e+06 -1e+06 -1e+06
-0.566444 -9.14746e-26 -1.39834e-26 2.34716e-13 3.62954e-26 -8.9262e-14 -1e+06 -1e+06 -1e+06 -1e+06 -1e+06 -1e+06
-0.560555 -2.99287e-26 -2.28493e-27 1.37675e-13 8.79814e-27 -3.57888e-14 -1e+06 -1e+06 -1e+06 -1e+06 -1e+06 -1e+06
0.0187649 3.62246e-27 2.00674e-28 -1.00723e-15 -1.94019e-28 1.92941e-15 -1e+06 -1e+06 -1e+06 -1e+06 -1e+06 -1e+06
-0.592627 2.01027e-28 -1.2704e-26 4.00403e-14 5.81538e-27 -8.6771e-14 -1e+06 -1e+06 -1e+06 -1e+06 -1e+06 -1e+06
0.528001 1.29404e-27 1.84459e-26 -3.41903e-15 -7.56257e-28 9.86599e-14 -1e+06 -1e+06 -1e+06 -1e+06 -1e+06 -1e+06
-0.459191 7.16942e-28 -2.60726e-26 -1.82673e-14 -4.1402e-27 -1.09485e-13 -1e+06 -1e+06 -1e+06 -1e+06 -1e+06 -1e+06
-0.468521 -6.5954e-27 -5.10023e-26 -5.85438e-14 -1.93442e-26 -1.54584e-13 -1e+06 -1e+06 -1e+06 -1e+06 -1e+06 -1e+06
-0.00363679 2.89454e-30 -6.33102e-28 -2.48874e-15 -1.03334e-27 -1.51745e-15 -1e+06 -1e+06 -1e+06 -1e+06 -1e+06 -1e+06
-0.258185 -6.76823e-26 -4.69611e-26 -1.33214e-13 -5.67868e-26 -1.10113e-13 -1e+06 -1e+06 -1e+06 -1e+06 -1e+06 -1e+06
0.583976 2.25045e-25 1.00479e-25 3.62433e-13 1.5025e-25 2.42192e-13 -1e+06 -1e+06 -1e+06 -1e+06 -1e+06 -1e+06
0.395752 1.80014e-25 6.59671e-26 2.66619e-13 1.08825e-25 1.61573e-13 -1e+06 -1e+06 -1e+06 -1e+06 -1e+06 -1e+06
0.479991 1.17171e-25 1.73386e-26 2.37149e-13 4.50669e-26 9.12059e-14 -1e+06 -1e+06 -1e+06 -1e+06 -1e+06 -1e+06
0.461999 4.64667e-26 3.22628e-27 1.46454e-13 1.20655e-26 3.78341e-14 -1e+06 -1e+06 -1e+06 -1e+06 -1e+06 -1e+06
0.511122 1.40024e-26 2.16854e-27 8.45823e-14 5.51042e-27 3.32871e-14 -1e+06 -1e+06 -1e+06 -1e+06 -1e+06 -1e+06
-0.412859 -1.85811e-26 -2.2744e-26 8.78213e-14 2.05733e-26 -9.69584e-14 -1e+06 -1e+06 -1e+06 -1e+06 -1e+06 -1e+06
0.528512 8.3636e-26 5.69346e-26 -2.10244e-13 -6.89677e-26 1.73358e-13 -1e+06 -1e+06 -1e+06 -1e+06 -1e+06 -1e+06
0.433226 1.1958e-25 5.55647e-26 -2.2756e-13 -8.151e-26 1.55142e-13 -1e+06 -1e+06 -1e+06 -1e+06 -1e+06 -1e+06
-0.552957 -1.82494e-25 -7.04227e-26 3.1774e-13 1.13417e-25 -1.97342e-13 -1e+06 -1e+06 -1e+06 -1e+06 -1e+06 -1e+06
0.133943 5.05563e-26 1.67626e-26 -8.22823e-14 -2.90431e-26 4.73133e-14 -1e+06 -1e+06 -1e+06 -1e+06 -1e+06 -1e+06
0.267216 1.14182e-25 2.87945e-26 -1.74675e-13 -5.72908e-26 8.76356e-14 -1e+06 -1e+06 -1e+06 -1e+06 -1e+06 -1e+06
0.577097 2.75734e-25 5.3576e-26 -3.98897e-13 -1.21457e-25 1.75666e-13 -1e+06 -1e+06 -1e+06 -1e+06 -1e+06 -1e+06
0.236832 1.2252e-25 1.72614e-26 -1.70291e-13 -4.59738e-26 6.38599e-14 -1e+06 -1e+06 -1e+06 -1e+06 -1e+06 -1e+06
-0.448271 -2.05165e-25 -1.10078e-26 3.03279e-13 4.7624e-26 -7.03539e-14 -1e+06 -1e+06 -1e+06 -1e+06 -1e+06 -1e+06
0.319534 7.32843e-26 4.61646e-27 -1.53023e-13 -1.83749e-26 3.83573e-14 -1e+06 -1e+06 -1e+06 -1e+06 -1e+06 -1e+06
-0.280003 -1.8305e-26 -1.23387e-26 7.17917e-14 1.51312e-26 -5.88304e-14 -1e+06 -1e+06 -1e+06 -1e+06 -1e+06 -1e+06
0.537123 8.75091e-27 3.70895e-26 -6.74041e-14 -1.77658e-26 1.41124e-13 -1e+06 -1e+06 -1e+06 -1e+06 -1e+06 -1e+06
0.580313 1.71832e-26 3.30918e-26 9.92965e-14 2.37514e-26 1.38557e-13 -1e+06 -1e+06 -1e+06 -1e+06 -1e+06 -1e+06
-0.462037 -6.52807e-26 -1.09693e-26 -1.74759e-13 -2.69198e-26 -7.11919e-14 -1e+06 -1e+06 -1e+06 -1e+06 -1e+06 -1e+06
0.296707 8.0411e-26 5.9511e-27 1.52984e-13 2.18583e-26 4.18153e-14 -1e+06 -1e+06 -1e+06 -1e+06 -1e+06 -1e+06
-0.388666 -1.11677e-25 -9.00452e-27 -2.10088e-13 -3.18067e-26 -5.92383e-14 -1e+06 -1e+06 -1e+06 -1e+06 -1e+06 -1e+06
-0.260688 -9.53062e-26 -9.89441e-27 -1.58686e-13 -3.09036e-26 -5.07877e-14 -1e+06 -1e+06 -1e+06 -1e+06 -1e+06 -1e+06
-0.582543 -2.62429e-25 -4.08081e-26 -3.92763e-13 -1.03975e-25 -1.54184e-13 -1e+06 -1e+06 -1e+06 -1e+06 -1e+06 -1e+06
0.241855 1.02134e-25 2.05205e-26 1.56746e-13 4.56474e-26 7.04482e-14 -1e+06 -1e+06 -1e+06 -1e+06 -1e+06 -1e+06
0.448634 1.49327e-25 2.80566e-26 2.58638e-13 6.46169e-26 1.1217e-13 -1e+06 -1e+06 -1e+06 -1e+06 -1e+06 -1e+06
-0.545256 -1.4325e-25 -2.46059e-26 -2.83435e-13 -6.01603e-26 -1.15831e-13 -1e+06 -1e+06 -1e+06 -1e+06 -1e+06 -1e+06
-0.219057 -1.32781e-26 -3.12262e-27 -5.99686e-14 -7.07362e-27 -2.61646e-14 -1e+06 -1e+06 -1e+06 -1e+06 -1e+06 -1e+06
0.588877 5.58403e-28 2.14614e-26 1.5116e-14 2.84975e-27 1.124e-13 -1e+06 -1e+06 -1e+06 -1e+06 -1e+06 -1e+06
-0.415897 -1.62598e-26 -3.70783e-26 8.86746e-14 2.61337e-26 -1.24263e-13 -1e+06 -1e+06 -1e+06 -1e+06 -1e+06 -1e+06
-0.0290852 1.50722e-27 -2.13062e-27 5.77276e-15 8.48504e-28 -8.30573e-15 -1e+06 -1e+06 -1e+06 -1e+06 -1e+06 -1e+06
0.598663 5.83817e-26 5.49143e-26 -1.86815e-13 -5.66201e-26 1.8113e-13 -1e+06 -1e+06 -1e+06 -1e+06 -1e+06 -1e+06
-0.341605 -1.29151e-25 -6.63796e-27 2.11077e-13 2.95207e-26 -4.88548e-14 -1e+06 -1e+06 -1e+06 -1e+06 -1e+06 -1e+06
-0.402412 -1.72876e-25 -1.15008e-26 2.65065e-13 4.47378e-26 -6.91489e-14 -1e+06 -1e+06 -1e+06 -1e+06 -1e+06 -1e+06
0.386205 1.60323e-25 1.69686e-26 -2.48814e-13 -5.21125e-26 8.09173e-14 -1e+06 -1e+06 -1e+06 -1e+06 -1e+06 -1e+06
0.502625 1.79557e-25 3.37574e-26 -3.0032e-13 -7.78261e-26 1.30079e-13 -1e+06 -1e+06 -1e+06 -1e+06 -1e+06 -1e+06
0.54336 1.04326e-25 4.13764e-26 -2.37949e-13 -6.56965e-26 1.49902e-13 -1e+06 -1e+06 -1e+06 -1e+06 -1e+06 -1e+06
-0.386476 -5.66025e-26 -2.5493e-26 1.49564e-13 3.79877e-26 -1.005e-13 -1e+06 -1e+06 -1e+06 -1e+06 -1e+06 -1e+06
-0.327386 -1.19209e-26 -1.32136e-26 6.43744e-14 1.25702e-26 -6.6967e-14 -1e+06 -1e+06 -1e+06 -1e+06 -1e+06 -1e+06
0.429714 4.29947e-27 1.36728e-26 -4.21903e-14 -7.65755e-27 7.58774e-14 -1e+06 -1e+06 -1e+06 -1e+06 -1e+06 -1e+06
0.57732 9.90306e-28 1.48205e-26 -2.29142e-14 -3.67165e-27 9.24996e-14 -1e+06 -1e+06 -1e+06 -1e+06 -1e+06 -1e+06
-0.555398 7.70584e-28 -1.48741e-26 6.08816e-15 2.2756e-28 -9.31602e-14 -1e+06 -1e+06 -1e+06 -1e+06 -1e+06 -1e+06
-0.504438 -6.3652e-28 -1.12893e-26 -2.83742e-14 -5.41893e-27 -7.87858e-14 -1e+06 -1e+06 -1e+06 -1e+06 -1e+06 -1e+06
0.390162 1.53418e-26 2.23354e-26 7.73677e-14 1.82224e-26 9.18593e-14 -1e+06 -1e+06 -1e+06 -1e+06 -1e+06 -1e+06
0.595927 8.45372e-26 4.50334e-26 2.24437e-13 6.1621e-26 1.63508e-13 -1e+06 -1e+06 -1e+06 -1e+06 -1e+06 -1e+06
-0.514357 -1.03122e-25 -3.33307e-26 -2.31397e-13 -6.07105e-26 -1.328e-13 -1e+06 -1e+06 -1e+06 -1e+06 -1e+06 -1e+06
0.252003 5.98539e-26 1.53651e-26 1.22471e-13 2.98543e-26 6.19037e-14 -1e+06 -1e+06 -1e+06 -1e+06 -1e+06 -1e+06
-0.367203 -9.82409e-26 -1.93468e-26 -1.9001e-13 -4.67394e-26 -8.94704e-14 -1e+06 -1e+06 -1e+06 -1e+06 -1e+06 -1e+06
0.327095 1.10285e-25 1.35953e-26 1.89324e-13 3.85478e-26 6.66781e-14 -1e+06 -1e+06 -1e+06 -1e+06 -1e+06 -1e+06
0.294863 1.30081e-25 1.21505e-26 1.95181e-13 3.91432e-26 5.95959e-14 -1e+06 -1e+06 -1e+06 -1e+06 -1e+06 -1e+06
0.390477 8.4142e-26 2.15578e-26 1.80992e-13 4.07271e-26 8.61444e-14 -1e+06 -1e+06 -1e+06 -1e+06 -1e+06 -1e+06
-0.222115 -1.75318e-26 -2.10246e-27 -6.34173e-14 -1.09431e-26 -4.54517e-14 -1e+06 -1e+06 -1e+06 -1e+06 -1e+06 -1e+06
0.594674 1.56686e-26 2.34554e-26 9.58126e-14 1.91667e-26 1.16912e-13 -1e+06 -1e+06 -1e+06 -1e+06 -1e+06 -1e+06
-0.279521 -2.46523e-27 -7.05341e-27 -2.63399e-14 -5.18277e-27 -5.80833e-14 -1e+06 -1e+06 -1e+06 -1e+06 -1e+06 -1e+06
0.553087 1.54517e-25 2.083e-26 -2.92336e-13 -5.66784e-26 1.07217e-13 -1e+06 -1e+06 -1e+06 -1e+06 -1e+06 -1e+06
-0.406712 -1.71484e-25 -3.00951e-27 2.64309e-13 5.82176e-26 -8.63799e-14 -1e+06 -1e+06 -1e+06 -1e+06 -1e+06 -1e+06
0.579422 2.19909e-25 3.62274e-26 -3.56899e-13 -8.88021e-26 1.4439e-13 -1e+06 -1e+06 -1e+06 -1e+06 -1e+06 -1e+06
-0.328749 -7.0245e-31 -3.94893e-29 -8.66824e-16 6.27378e-30 4.2408e-15 -1e+06 -1e+06 -1e+06 -1e+06 -1e+06 -1e+06
-0.23358 -9.40937e-30 -2.17384e-28 -1.50796e-15 6.11335e-29 8.59146e-15 -1e+06 -1e+06 -1e+06 -1e+06 -1e+06 -1e+06
-0.555629 -3.35847e-28 -4.12068e-27 -1.37859e-14 1.20623e-27 4.80403e-14 -1e+06 -1e+06 -1e+06 -1e+06 -1e+06 -1e+06
-0.241288 -6.08268e-28 -4.74138e-27 -1.2115e-14 1.6986e-27 3.38276e-14 -1e+06 -1e+06 -1e+06 -1e+06 -1e+06 -1e+06
-0.5623 -3.49037e-27 -2.15587e-26 -4.43642e-14 8.69644e-27 1.1012e-13 -1e+06 -1e+06 -1e+06 -1e+06 -1e+06 -1e+06
-0.529484 -3.47041e-26 -6.46487e-26 -1.35849e-13 4.74099e-26 1.85063e-13 -1e+06 -1e+06 -1e+06 -1e+06 -1e+06 -1e+06
-0.576981 -5.46552e-26 -7.68515e-26 -1.77642e-13 6.48138e-26 2.10721e-13 -1e+06 -1e+06 -1e+06 -1e+06 -1e+06 -1e+06
0.597436 6.83176e-26 5.83043e-26 2.02018e-13 -6.30884e-26 -1.86607e-13 -1e+06 -1e+06 -1e+06 -1e+06 -1e+06 -1e+06
-0.521041 -5.332e-26 -3.83341e-26 -1.66793e-13 4.52393e-26 1.41703e-13 -1e+06 -1e+06 -1e+06 -1e+06 -1e+06 -1e+06
0.518131 4.43164e-26 2.74508e-26 1.51413e-13 -3.48778e-26 -1.19131e-13 -1e+06 -1e+06 -1e+06 -1e+06 -1e+06 -1e+06
-0.24911 -9.26601e-27 -4.29765e-27 -4.82959e-14 6.33307e-27 3.3293e-14 -1e+06 -1e+06 -1e+06 -1e+06 -1e+06 -1e+06
0.584149 4.56596e-27 4.44118e-27 5.06751e-14 -4.50312e-27 -4.99577e-14 -1e+06 -1e+06 -1e+06 -1e+06 -1e+06 -1e+06
0.488126 1.70099e-28 6.4161e-27 6.89927e-15 -9.0723e-28 -5.49233e-14 -1e+06 -1e+06 -1e+06 -1e+06 -1e+06 -1e+06
0.0675792 5.06155e-28 2.11325e-27 1.69022e-15 -7.22415e-28 -1.05992e-14 -1e+06 -1e+06 -1e+06 -1e+06 -1e+06 -1e+06
-0.436442 -4.64301e-28 -2.05871e-26 1.70373e-14 -3.81718e-27 9.49316e-14 -1e+06 -1e+06 -1e+06 -1e+06 -1e+06 -1e+06
0.593905 2.61362e-27 3.99334e-26 -3.84632e-14 9.56209e-27 -1.52464e-13 -1e+06 -1e+06 -1e+06 -1e+06 -1e+06 -1e+06
-0.264121 -1.32225e-26 -3.21221e-26 6.15879e-14 -2.28144e-26 9.34309e-14 -1e+06 -1e+06 -1e+06 -1e+06 -1e+06 -1e+06
-0.570078 -4.15529e-26 -7.48996e-26 1.55306e-13 -5.72865e-26 2.07603e-13 -1e+06 -1e+06 -1e+06 -1e+06 -1e+06 -1e+06
0.592881 7.73488e-26 1.82012e-26 -2.14117e-13 3.71806e-26 -1.02694e-13 -1e+06 -1e+06 -1e+06 -1e+06 -1e+06 -1e+06
0.380956 1.75707e-26 2.28815e-28 -8.08021e-14 4.99671e-28 -3.71612e-15 -1e+06 -1e+06 -1e+06 -1e+06 -1e+06 -1e+06
0.59466 4.97268e-27 1.64988e-27 -5.38106e-14 -2.83331e-27 3.13227e-14 -1e+06 -1e+06 -1e+06 -1e+06 -1e+06 -1e+06
-0.595368 -2.03698e-27 -3.1498e-27 4.17278e-14 2.56793e-27 -5.73682e-14 -1e+06 -1e+06 -1e+06 -1e+06 -1e+06 -1e+06
0.459731 1.53045e-27 1.3867e-26 -1.93565e-14 -3.77015e-27 7.90555e-14 -1e+06 -1e+06 -1e+06 -1e+06 -1e+06 -1e+06
0.46656 1.98659e-27 6.04969e-26 -2.78434e-14 -9.73614e-27 1.6769e-13 -1e+06 -1e+06 -1e+06 -1e+06 -1e+06 -1e+06
-0.58469 -5.4909e-27 -9.4426e-26 5.67742e-14 2.28549e-26 -2.37596e-13 -1e+06 -1e+06 -1e+06 -1e+06 -1e+06 -1e+06
-0.582516 -1.72539e-26 -1.20306e-25 1.00322e-13 4.58478e-26 -2.6769e-13 -1e+06 -1e+06 -1e+06 -1e+06 -1e+06 -1e+06
-0.31696 -2.28693e-26 -8.442e-26 8.56471e-14 4.52704e-26 -1.65101e-13 -1e+06 -1e+06 -1e+06 -1e+06 -1e+06 -1e+06
0.0695768 6.46858e-27 2.38757e-26 -2.11467e-14 -1.19784e-26 4.00281e-14 -1e+06 -1e+06 -1e+06 -1e+06 -1e+06 -1e+06
0.599528 4.45198e-26 1.79707e-25 -1.62633e-13 -8.90142e-26 3.28236e-13 -1e+06 -1e+06 -1e+06 -1e+06 -1e+06 -1e+06
0.414528 7.94906e-27 7.82878e-26 -5.73951e-14 -2.49297e-26 1.79893e-13 -1e+06 -1e+06 -1e+06 -1e+06 -1e+06 -1e+06
0.476858 5.15228e-27 7.23914e-26 -4.95174e-14 -1.93127e-26 1.85624e-13 -1e+06 -1e+06 -1e+06 -1e+06 -1e+06 -1e+06
0.603608 4.08541e-27 6.64587e-26 -4.91938e-14 -1.629e-26 2.00267e-13 -1e+06 -1e+06 -1e+06 -1e+06 -1e+06 -1e+06
0.406191 3.33046e-27 1.4713e-26 -3.30175e-14 -5.5535e-27 7.57929e-14 -1e+06 -1e+06 -1e+06 -1e+06 -1e+06 -1e+06
-0.424986 -6.58455e-27 1.54745e-27 6.08292e-14 5.52507e-27 -2.19397e-14 -1e+06 -1e+06 -1e+06 -1e+06 -1e+06 -1e+06
-0.173156 -1.45171e-26 1.27669e-27 5.28876e-14 -4.18968e-27 2.22292e-14 -1e+06 -1e+06 -1e+06 -1e+06 -1e+06 -1e+06
-0.600948 -2.99009e-26 -1.19561e-25 1.35883e-13 -5.99386e-26 2.69261e-13 -1e+06 -1e+06 -1e+06 -1e+06 -1e+06 -1e+06
0.16805 2.98125e-27 4.45253e-26 -2.22532e-14 1.13557e-26 -8.63354e-14 -1e+06 -1e+06 -1e+06 -1e+06 -1e+06 -1e+06
0.501844 4.94616e-27 1.62326e-25 -4.86892e-14 2.81638e-26 -2.83887e-13 -1e+06 -1e+06 -1e+06 -1e+06 -1e+06 -1e+06
0.25343 1.89135e-26 5.83235e-26 -6.9096e-14 3.32128e-26 -1.21308e-13 -1e+06 -1e+06 -1e+06 -1e+06 -1e+06 -1e+06
-0.0758256 -8.47636e-27 -1.82887e-26 2.59446e-14 -1.2454e-26 3.79349e-14 -1e+06 -1e+06 -1e+06 -1e+06 -1e+06 -1e+06
0.0969291 1.15366e-26 1.90654e-26 -3.32338e-14 1.48015e-26 -4.23402e-14 -1e+06 -1e+06 -1e+06 -1e+06 -1e+06 -1e+06
0.420462 5.67663e-26 5.91625e-26 -1.5441e-13 5.78845e-26 -1.57201e-13 -1e+06 -1e+06 -1e+06 -1e+06 -1e+06 -1e+06
-0.534346 -6.84249e-26 -5.85266e-26 1.92388e-13 -6.33871e-26 1.77095e-13 -1e+06 -1e+06 -1e+06 -1e+06 -1e+06 -1e+06
-0.427864 -5.3476e-26 -3.12961e-26 1.52741e-13 -4.09188e-26 1.16529e-13 -1e+06 -1e+06 -1e+06 -1e+06 -1e+06 -1e+06
0.290848 2.80614e-26 7.23866e-27 -9.02798e-14 1.40734e-26 -4.50098e-14 -1e+06 -1e+06 -1e+06 -1e+06 -1e+06 -1e+06
0.46698 6.01525e-27 7.72668e-28 -4.24909e-14 1.23478e-27 5.84602e-16 -1e+06 -1e+06 -1e+06 -1e+06 -1e+06 -1e+06
0.556669 1.60615e-27 1.9448e-27 -1.88021e-14 -7.41289e-29 2.64295e-14 -1e+06 -1e+06 -1e+06 -1e+06 -1e+06 -1e+06
-0.470429 4.74811e-27 -5.4412e-27 -1.26582e-14 1.24258e-27 -5.72318e-14 -1e+06 -1e+06 -1e+06 -1e+06 -1e+06 -1e+06
-0.321974 4.9562e-27 -5.24746e-27 3.86633e-15 3.65402e-27 -4.79519e-14 -1e+06 -1e+06 -1e+06 -1e+06 -1e+06 -1e+06
0.10126 3.19472e-27 1.12408e-26 8.60935e-15 3.2898e-27 3.36246e-14 -1e+06 -1e+06 -1e+06 -1e+06 -1e+06 -1e+06
-0.553491 -6.34439e-26 -9.51749e-26 -1.93247e-13 -7.8255e-26 -2.31477e-13 -1e+06 -1e+06 -1e+06 -1e+06 -1e+06 -1e+06
-0.591365 -9.15539e-26 -9.15993e-26 -2.35817e-13 -9.15872e-26 -2.3532e-13 -1e+06 -1e+06 -1e+06 -1e+06 -1e+06 -1e+06
-0.434656 -8.48792e-26 -4.85657e-26 -1.9227e-13 -6.45407e-26 -1.46869e-13 -1e+06 -1e+06 -1e+06 -1e+06 -1e+06 -1e+06
0.123467 2.58041e-26 4.74689e-27 5.46786e-14 1.10632e-26 2.32753e-14 -1e+06 -1e+06 -1e+06 -1e+06 -1e+06 -1e+06
0.473803 1.23503e-25 9.82096e-27 2.40327e-13 3.4809e-26 6.79853e-14 -1e+06 -1e+06 -1e+06 -1e+06 -1e+06 -1e+06
0.248095 7.24449e-26 1.70535e-27 1.32152e-13 9.83819e-27 1.95575e-14 -1e+06 -1e+06 -1e+06 -1e+06 -1e+06 -1e+06
-0.175605 -4.35619e-26 -1.24244e-27 -9.05818e-14 -1.00735e-26 -1.7224e-14 -1e+06 -1e+06 -1e+06 -1e+06 -1e+06 -1e+06
-0.342193 -9.45596e-26 -3.9717e-27 -1.80122e-13 -2.27271e-26 -4.21254e-14 -1e+06 -1e+06 -1e+06 -1e+06 -1e+06 -1e+06
-0.444149 -1.10515e-25 -1.417e-26 -2.22337e-13 -4.2452e-26 -8.28097e-14 -1e+06 -1e+06 -1e+06 -1e+06 -1e+06 -1e+06
-0.0969431 -2.12835e-26 -6.57805e-27 -5.05487e-14 -1.55226e-26 -2.63968e-14 -1e+06 -1e+06 -1e+06 -1e+06 -1e+06 -1e+06
-0.31081 -3.60252e-26 -3.573e-26 -1.15663e-13 -4.13522e-26 -1.0611e-13 -1e+06 -1e+06 -1e+06 -1e+06 -1e+06 -1e+06
0.582199 4.7523e-26 5.31812e-26 1.66187e-13 5.02484e-26 1.75486e-13 -1e+06 -1e+06 -1e+06 -1e+06 -1e+06 -1e+06
0.229048 6.06172e-27 2.59555e-27 -1.41236e-14 -3.07804e-27 2.14031e-14 -1e+06 -1e+06 -1e+06 -1e+06 -1e+06 -1e+06
0.248705 8.59955e-27 8.58569e-27 -4.58801e-14 -8.48068e-27 4.618e-14 -1e+06 -1e+06 -1e+06 -1e+06 -1e+06 -1e+06
-0.496647 -4.30487e-26 -3.376e-26 1.49604e-13 3.88323e-26 -1.29518e-13 -1e+06 -1e+06 -1e+06 -1e+06 -1e+06 -1e+06
0.503453 8.6281e-26 1.61752e-26 -2.06114e-13 -3.7353e-26 8.94495e-14 -1e+06 -1e+06 -1e+06 -1e+06 -1e+06 -1e+06
0.533123 9.77379e-26 9.58958e-27 -2.26328e-13 -3.0605e-26 7.06358e-14 -1e+06 -1e+06 -1e+06 -1e+06 -1e+06 -1e+06
0.384783 5.63057e-26 8.89415e-27 -1.4528e-13 -2.23642e-26 5.80383e-14 -1e+06 -1e+06 -1e+06 -1e+06 -1e+06 -1e+06
0.513338 6.62316e-26 1.70943e-26 -1.82923e-13 -3.36327e-26 9.3243e-14 -1e+06 -1e+06 -1e+06 -1e+06 -1e+06 -1e+06
0.57181 5.99538e-26 2.96087e-26 -1.82101e-13 -4.18101e-26 1.29898e-13 -1e+06 -1e+06 -1e+06 -1e+06 -1e+06 -1e+06
-0.481341 -3.70535e-26 -3.24366e-26 1.34623e-13 3.48314e-26 -1.25008e-13 -1e+06 -1e+06 -1e+06 -1e+06 -1e+06 -1e+06
0.169393 6.997e-28 1.1493e-26 -1.06874e-14 -2.68571e-27 4.37211e-14 -1e+06 -1e+06 -1e+06 -1e+06 -1e+06 -1e+06
-0.548433 4.66053e-27 -3.24527e-26 1.43176e-14 3.49691e-27 -1.3341e-13 -1e+06 -1e+06 -1e+06 -1e+06 -1e+06 -1e+06
0.370944 2.72202e-27 7.34896e-27 7.41213e-15 4.46899e-28 5.17341e-14 -1e+06 -1e+06 -1e+06 -1e+06 -1e+06 -1e+06
0.159306 1.91519e-27 2.86238e-27 -5.88696e-15 -5.05675e-28 2.11845e-14 -1e+06 -1e+06 -1e+06 -1e+06 -1e+06 -1e+06
-0.194541 3.74662e-27 -6.77912e-27 -1.04765e-14 -3.38413e-27 -3.74585e-14 -1e+06 -1e+06 -1e+06 -1e+06 -1e+06 -1e+06
-0.316604 5.17074e-27 -2.62874e-26 -1.22718e-14 -3.61214e-27 -9.12307e-14 -1e+06 -1e+06 -1e+06 -1e+06 -1e+06 -1e+06
0.598951 3.34569e-27 4.19736e-26 2.14382e-14 6.62199e-27 1.57863e-13 -1e+06 -1e+06 -1e+06 -1e+06 -1e+06 -1e+06
0.327805 3.35991e-27 1.81483e-26 2.62161e-14 6.8975e-27 7.59904e-14 -1e+06 -1e+06 -1e+06 -1e+06 -1e+06 -1e+06
-0.556255 -7.95731e-27 -1.70307e-26 -6.8382e-14 -1.23084e-26 -9.7834e-14 -1e+06 -1e+06 -1e+06 -1e+06 -1e+06 -1e+06
0.446482 1.2114e-30 3.96978e-30 1.86179e-16 -1.87949e-30 -9.52429e-16 -1e+06 -1e+06 -1e+06 -1e+06 -1e+06 -1e+06
-0.460104 6.23697e-29 -2.65443e-29 5.35155e-16 -2.47916e-29 3.89999e-15 -1e+06 -1e+06 -1e+06 -1e+06 -1e+06 -1e+06
-0.507791 9.27353e-30 -2.95441e-28 -5.04198e-15 8.44158e-29 1.28964e-14 -1e+06 -1e+06 -1e+06 -1e+06 -1e+06 -1e+06
-0.311862 1.32239e-29 -3.06826e-28 -3.80046e-15 7.48124e-29 1.05163e-14 -1e+06 -1e+06 -1e+06 -1e+06 -1e+06 -1e+06
-0.186308 -1.33995e-28 -1.3533e-27 -5.81156e-15 4.96486e-28 1.58788e-14 -1e+06 -1e+06 -1e+06 -1e+06 -1e+06 -1e+06
0.167136 2.57894e-28 2.13508e-27 6.13698e-15 -6.96917e-28 -1.88889e-14 -1e+06 -1e+06 -1e+06 -1e+06 -1e+06 -1e+06
0.578695 6.55754e-27 3.9902e-26 6.15802e-14 -1.61661e-26 -1.51952e-13 -1e+06 -1e+06 -1e+06 -1e+06 -1e+06 -1e+06
-0.10113 -2.86013e-27 -1.08088e-26 -1.70713e-14 5.57715e-27 3.3063e-14 -1e+06 -1e+06 -1e+06 -1e+06 -1e+06 -1e+06
-0.551677 -2.68608e-26 -7.03768e-26 -1.21994e-13 4.35363e-26 1.97061e-13 -1e+06 -1e+06 -1e+06 -1e+06 -1e+06 -1e+06
0.272814 2.22904e-26 4.18569e-26 7.77321e-14 -3.05218e-26 -1.06771e-13 -1e+06 -1e+06 -1e+06 -1e+06 -1e+06 -1e+06
0.582111 8.7042e-26 1.36902e-25 2.24745e-13 -1.08973e-25 -2.82297e-13 -1e+06 -1e+06 -1e+06 -1e+06 -1e+06 -1e+06
-0.54112 -5.42829e-26 -1.73453e-25 -1.7251e-13 9.79859e-26 3.06464e-13 -1e+06 -1e+06 -1e+06 -1e+06 -1e+06 -1e+06
0.440853 5.52049e-27 1.23418e-25 4.19645e-14 -2.23843e-26 -2.33237e-13 -1e+06 -1e+06 -1e+06 -1e+06 -1e+06 -1e+06
0.550216 1.85673e-27 1.36907e-25 3.01415e-14 -1.50129e-26 -2.74458e-13 -1e+06 -1e+06 -1e+06 -1e+06 -1e+06 -1e+06
-0.0370469 2.46367e-27 -7.59362e-27 -6.7076e-15 2.26918e-27 1.69649e-14 -1e+06 -1e+06 -1e+06 -1e+06 -1e+06 -1e+06
0.59064 6.16978e-27 6.13137e-26 -5.96475e-14 1.91483e-26 -1.90255e-13 -1e+06 -1e+06 -1e+06 -1e+06 -1e+06 -1e+06
0.0360244 7.78845e-27 4.99025e-28 -1.45373e-14 1.31297e-27 -4.02193e-15 -1e+06 -1e+06 -1e+06 -1e+06 -1e+06 -1e+06
-0.312644 -2.85094e-26 -2.15014e-27 9.78199e-14 -8.63393e-27 2.6356e-14 -1e+06 -1e+06 -1e+06 -1e+06 -1e+06 -1e+06
-0.48719 -5.78544e-26 -5.79652e-28 1.72085e-13 -6.98231e-27 1.82214e-14 -1e+06 -1e+06 -1e+06 -1e+06 -1e+06 -1e+06
-0.59248 -7.49615e-26 -4.23991e-27 2.15654e-13 1.7902e-26 -5.05078e-14 -1e+06 -1e+06 -1e+06 -1e+06 -1e+06 -1e+06
-0.467804 -7.34791e-28 -8.36915e-26 3.89478e-14 1.64822e-26 -1.97867e-13 -1e+06 -1e+06 -1e+06 -1e+06 -1e+06 -1e+06
0.260767 2.27296e-27 5.38101e-26 -1.80034e-14 -8.19036e-27 1.18456e-13 -1e+06 -1e+06 -1e+06 -1e+06 -1e+06 -1e+06
0.401549 1.72018e-27 1.05172e-25 -1.98471e-14 -1.01468e-26 2.05503e-13 -1e+06 -1e+06 -1e+06 -1e+06 -1e+06 -1e+06
-0.498982 2.09088e-27 -1.57001e-25 1.86188e-14 1.02782e-26 -2.79903e-13 -1e+06 -1e+06 -1e+06 -1e+06 -1e+06 -1e+06
-0.567795 -7.20694e-27 -2.36743e-25 7.13184e-14 4.58587e-26 -3.66652e-13 -1e+06 -1e+06 -1e+06 -1e+06 -1e+06 -1e+06
0.40577 4.75038e-26 1.17036e-25 -1.38289e-13 -7.406e-26 2.1784e-13 -1e+06 -1e+06 -1e+06 -1e+06 -1e+06 -1e+06
-0.275837 -4.68255e-26 -3.74888e-26 1.14585e-13 4.22155e-26 -1.01691e-13 -1e+06 -1e+06 -1e+06 -1e+06 -1e+06 -1e+06
0.50355 1.80592e-25 1.84809e-29 -3.01533e-13 -5.04546e-28 8.79762e-16 -1e+06 -1e+06 -1e+06 -1e+06 -1e+06 -1e+06
-0.586744 -1.90773e-25 -2.10574e-26 3.35562e-13 -6.3573e-26 1.11154e-13 -1e+06 -1e+06 -1e+06 -1e+06 -1e+06 -1e+06
-0.0841593 -2.50466e-26 -5.0916e-27 4.59947e-14 -1.14569e-26 2.08262e-14 -1e+06 -1e+06 -1e+06 -1e+06 -1e+06 -1e+06
0.450333 1.01504e-25 6.47753e-26 -2.13645e-13 8.10681e-26 -1.70769e-13 -1e+06 -1e+06 -1e+06 -1e+06 -1e+06 -1e+06
0.0656422 1.29007e-26 1.16417e-26 -2.90341e-14 1.21702e-26 -2.7609e-14 -1e+06 -1e+06 -1e+06 -1e+06 -1e+06 -1e+06
-0.425195 -6.26718e-26 -1.05798e-25 1.65961e-13 -8.28574e-26 2.12098e-13 -1e+06 -1e+06 -1e+06 -1e+06 -1e+06 -1e+06
0.59988 2.28864e-26 2.24741e-25 -1.16992e-13 7.16055e-26 -3.67175e-13 -1e+06 -1e+06 -1e+06 -1e+06 -1e+06 -1e+06
0.284401 3.17356e-27 1.15592e-25 -2.4259e-14 1.50968e-26 -1.8122e-13 -1e+06 -1e+06 -1e+06 -1e+06 -1e+06 -1e+06
-0.497111 4.9291e-28 -1.97147e-25 3.70601e-14 -2.35856e-26 3.1307e-13 -1e+06 -1e+06 -1e+06 -1e+06 -1e+06 -1e+06
-0.233693 -2.20015e-26 -4.72301e-27 -7.35588e-14 1.01955e-26 3.4225e-14 -1e+06 -1e+06 -1e+06 -1e+06 -1e+06 -1e+06
0.583257 6.58748e-26 3.25655e-27 1.95621e-13 -1.36788e-26 -4.16079e-14 -1e+06 -1e+06 -1e+06 -1e+06 -1e+06 -1e+06
-0.534987 -5.59908e-26 -2.17251e-28 -1.75871e-13 -4.40557e-27 -1.23361e-14 -1e+06 -1e+06 -1e+06 -1e+06 -1e+06 -1e+06
0.103724 9.67253e-27 2.88029e-27 3.16543e-14 4.55093e-27 1.52057e-14 -1e+06 -1e+06 -1e+06 -1e+06 -1e+06 -1e+06
0.284424 2.04631e-27 1.08063e-25 2.4018e-14 1.48634e-26 1.73948e-13 -1e+06 -1e+06 -1e+06 -1e+06 -1e+06 -1e+06
-0.567189 -5.06388e-26 -1.7797e-25 -1.69475e-13 -9.57032e-26 -3.2033e-13 -1e+06 -1e+06 -1e+06 -1e+06 -1e+06 -1e+06
0.254933 2.86194e-26 6.19453e-26 8.54167e-14 4.19958e-26 1.25333e-13 -1e+06 -1e+06 -1e+06 -1e+06 -1e+06 -1e+06
-0.170198 -1.85594e-26 -2.88457e-26 -5.66359e-14 -2.44785e-26 -7.77066e-14 -1e+06 -1e+06 -1e+06 -1e+06 -1e+06 -1e+06
-0.406319 -4.42462e-26 -7.97307e-26 -1.34188e-13 -6.10701e-26 -1.86924e-13 -1e+06 -1e+06 -1e+06 -1e+06 -1e+06 -1e+06
0.312874 2.57449e-26 4.83258e-26 8.94774e-14 3.44201e-26 1.1754e-13 -1e+06 -1e+06 -1e+06 -1e+06 -1e+06 -1e+06
0.0431526 3.02149e-27 1.07864e-26 1.13086e-14 4.57873e-27 1.5353e-14 -1e+06 -1e+06 -1e+06 -1e+06 -1e+06 -1e+06
-0.548901 -5.51037e-27 3.56572e-27 -5.68727e-14 -4.01977e-27 -5.72193e-14 -1e+06 -1e+06 -1e+06 -1e+06 -1e+06 -1e+06
-0.0544714 1.9109e-28 4.7641e-27 -3.44426e-15 1.35407e-27 -6.77443e-16 -1e+06 -1e+06 -1e+06 -1e+06 -1e+06 -1e+06
0.594084 2.77811e-27 2.06781e-28 4.05401e-14 -6.83457e-28 -9.66314e-15 -1e+06 -1e+06 -1e+06 -1e+06 -1e+06 -1e+06
-0.045926 -2.19389e-28 6.67146e-27 -5.35758e-15 2.22889e-27 4.5389e-15 -1e+06 -1e+06 -1e+06 -1e+06 -1e+06 -1e+06
0.395448 3.66944e-26 3.1698e-26 1.19947e-13 -3.06073e-26 -1.04605e-13 -1e+06 -1e+06 -1e+06 -1e+06 -1e+06 -1e+06
-0.141976 -1.53308e-26 -1.93746e-26 -4.66824e-14 1.79088e-26 5.40154e-14 -1e+06 -1e+06 -1e+06 -1e+06 -1e+06 -1e+06
-0.422943 -3.9877e-26 -7.42893e-26 -1.2994e-13 5.48145e-26 1.79317e-13 -1e+06 -1e+06 -1e+06 -1e+06 -1e+06 -1e+06
0.286801 1.2173e-26 7.9311e-26 5.82112e-14 -2.91279e-26 -1.48294e-13 -1e+06 -1e+06 -1e+06 -1e+06 -1e+06 -1e+06
-0.520151 -3.22285e-27 -1.64886e-25 -4.30256e-14 2.39881e-26 2.93023e-13 -1e+06 -1e+06 -1e+06 -1e+06 -1e+06 -1e+06
0.571896 2.17826e-27 2.02226e-25 3.14228e-14 -1.75043e-26 -3.3796e-13 -1e+06 -1e+06 -1e+06 -1e+06 -1e+06 -1e+06
0.599766 1.94908e-26 1.43731e-25 1.06688e-13 -5.0872e-26 -2.91607e-13 -1e+06 -1e+06 -1e+06 -1e+06 -1e+06 -1e+06
-0.271979 -2.13043e-26 -4.63625e-26 -8.09771e-14 3.63952e-26 1.1454e-13 -1e+06 -1e+06 -1e+06 -1e+06 -1e+06 -1e+06
-0.540705 -5.32202e-26 -8.28548e-26 -1.74007e-13 6.88249e-26 2.11853e-13 -1e+06 -1e+06 -1e+06 -1e+06 -1e+06 -1e+06
-0.500498 -5.19946e-26 -5.8459e-26 -1.65697e-13 5.86666e-26 1.72362e-13 -1e+06 -1e+06 -1e+06 -1e+06 -1e+06 -1e+06
-0.585147 -7.35681e-26 -4.17484e-26 -2.13285e-13 6.10375e-26 1.59775e-13 -1e+06 -1e+06 -1e+06 -1e+06 -1e+06 -1e+06
-0.470194 -1.19816e-26 -7.97864e-28 -9.06019e-14 9.64455e-27 3.42388e-14 -1e+06 -1e+06 -1e+06 -1e+06 -1e+06 -1e+06
0.035245 2.92223e-27 6.03323e-28 2.20637e-15 8.25724e-28 -2.90138e-15 -1e+06 -1e+06 -1e+06 -1e+06 -1e+06 -1e+06
0.589677 3.40777e-27 2.09066e-28 4.22786e-14 6.18378e-28 1.01838e-14 -1e+06 -1e+06 -1e+06 -1e+06 -1e+06 -1e+06
0.588587 2.51534e-27 1.64912e-27 3.25624e-14 1.77725e-27 3.11138e-14 -1e+06 -1e+06 -1e+06 -1e+06 -1e+06 -1e+06
-0.459892 -2.75795e-28 -3.5649e-26 -4.26332e-14 -8.20038e-27 -1.37936e-13 -1e+06 -1e+06 -1e+06 -1e+06 -1e+06 -1e+06
-0.303581 1.98254e-27 -1.8972e-26 -1.88208e-14 -1.48693e-27 -8.43076e-14 -1e+06 -1e+06 -1e+06 -1e+06 -1e+06 -1e+06
0.596674 1.26159e-26 7.88825e-26 8.00637e-14 2.95564e-26 2.1679e-13 -1e+06 -1e+06 -1e+06 -1e+06 -1e+06 -1e+06
0.504907 3.32561e-26 1.09862e-25 1.2616e-13 5.98547e-26 2.34559e-13 -1e+06 -1e+06 -1e+06 -1e+06 -1e+06 -1e+06
-0.58031 -5.98379e-26 -1.71387e-25 -1.86665e-13 -1.01814e-25 -3.19531e-13 -1e+06 -1e+06 -1e+06 -1e+06 -1e+06 -1e+06
-0.402953 -4.48763e-26 -1.40294e-25 -1.3458e-13 -7.98598e-26 -2.40572e-13 -1e+06 -1e+06 -1e+06 -1e+06 -1e+06 -1e+06
0.582003 3.87829e-27 1.44497e-25 4.16003e-14 2.08763e-26 2.89971e-13 -1e+06 -1e+06 -1e+06 -1e+06 -1e+06 -1e+06
-0.552277 2.94371e-27 -9.52375e-26 -3.00872e-14 -1.55543e-26 -2.31597e-13 -1e+06 -1e+06 -1e+06 -1e+06 -1e+06 -1e+06
0.334097 3.68438e-27 4.26628e-26 3.00875e-14 9.41966e-27 1.17449e-13 -1e+06 -1e+06 -1e+06 -1e+06 -1e+06 -1e+06
-0.501545 -1.02234e-26 -2.69224e-26 -8.48218e-14 -2.15898e-26 -1.17682e-13 -1e+06 -1e+06 -1e+06 -1e+06 -1e+06 -1e+06
-0.214939 -1.94834e-26 1.26418e-27 -7.11075e-14 -5.88994e-27 -9.84593e-15 -1e+06 -1e+06 -1e+06 -1e+06 -1e+06 -1e+06
-0.498355 -4.79136e-26 4.70398e-29 -1.60225e-13 -5.754e-27 -1.39848e-14 -1e+06 -1e+06 -1e+06 -1e+06 -1e+06 -1e+06
-0.166601 -1.2813e-26 8.42959e-29 -5.03429e-14 -5.6964e-29 1.40035e-15 -1e+06 -1e+06 -1e+06 -1e+06 -1e+06 -1e+06
-0.0615475 -4.89136e-27 -8.05471e-28 -1.93081e-14 2.13245e-27 7.06783e-15 -1e+06 -1e+06 -1e+06 -1e+06 -1e+06 -1e+06
-0.588571 2.32133e-29 -2.02586e-29 -1.55283e-15 1.14651e-29 3.46968e-15 -1e+06 -1e+06 -1e+06 -1e+06 -1e+06 -1e+06
-0.216275 6.24872e-29 -1.4169e-29 -1.22963e-15 3.45951e-30 1.79023e-15 -1e+06 -1e+06 -1e+06 -1e+06 -1e+06 -1e+06
0.484064 2.934e-28 1.01086e-27 1.16763e-14 -5.35087e-28 -2.21183e-14 -1e+06 -1e+06 -1e+06 -1e+06 -1e+06 -1e+06
-0.44444 -1.81524e-27 -5.63783e-27 -2.92262e-14 3.28355e-27 5.00596e-14 -1e+06 -1e+06 -1e+06 -1e+06 -1e+06 -1e+06
-0.55371 -9.7173e-27 -2.53897e-26 -7.34364e-14 1.57848e-26 1.18725e-13 -1e+06 -1e+06 -1e+06 -1e+06 -1e+06 -1e+06
-0.579742 -3.16331e-26 -5.52628e-26 -1.35636e-13 4.19015e-26 1.79e-13 -1e+06 -1e+06 -1e+06 -1e+06 -1e+06 -1e+06
-0.132783 -2.28335e-26 -2.10561e-26 -5.50912e-14 2.19484e-26 5.288e-14 -1e+06 -1e+06 -1e+06 -1e+06 -1e+06 -1e+06
0.396115 9.0708e-26 4.9438e-26 1.89555e-13 -6.68401e-26 -1.3967e-13 -1e+06 -1e+06 -1e+06 -1e+06 -1e+06 -1e+06
-0.272457 -7.28999e-26 -1.96986e-26 -1.42459e-13 3.86832e-26 7.33773e-14 -1e+06 -1e+06 -1e+06 -1e+06 -1e+06 -1e+06
0.280809 9.45286e-26 4.49235e-27 1.62906e-13 -2.02622e-26 -3.48204e-14 -1e+06 -1e+06 -1e+06 -1e+06 -1e+06 -1e+06
-0.283214 -9.1203e-26 -5.58149e-28 -1.61423e-13 7.2076e-27 1.25879e-14 -1e+06 -1e+06 -1e+06 -1e+06 -1e+06 -1e+06
0.209012 5.36739e-26 2.00566e-28 1.05809e-13 -3.27875e-27 -6.47441e-15 -1e+06 -1e+06 -1e+06 -1e+06 -1e+06 -1e+06
0.434196 1.07863e-25 7.60746e-28 2.1445e-13 -6.81091e-27 -1.51505e-14 -1e+06 -1e+06 -1e+06 -1e+06 -1e+06 -1e+06
0.163902 2.55383e-26 6.35817e-27 6.12019e-14 -1.04713e-26 -3.1059e-14 -1e+06 -1e+06 -1e+06 -1e+06 -1e+06 -1e+06
0.420745 6.23336e-26 2.1861e-26 1.59863e-13 -3.64714e-26 -9.59043e-14 -1e+06 -1e+06 -1e+06 -1e+06 -1e+06 -1e+06
-0.583329 -7.17312e-26 -4.32017e-26 -2.17524e-13 6.10023e-26 1.59258e-13 -1e+06 -1e+06 -1e+06 -1e+06 -1e+06 -1e+06
-0.572874 -4.80882e-26 -5.72965e-26 -1.82012e-13 5.92241e-26 1.81558e-13 -1e+06 -1e+06 -1e+06 -1e+06 -1e+06 -1e+06
-0.580365 1.22667e-27 -1.49497e-26 2.8537e-14 -3.6187e-27 9.43753e-14 -1e+06 -1e+06 -1e+06 -1e+06 -1e+06 -1e+06
-0.576625 -4.72267e-26 -2.01138e-27 1.67713e-13 -1.0717e-26 4.08824e-14 -1e+06 -1e+06 -1e+06 -1e+06 -1e+06 -1e+06
-0.0994841 -1.56414e-26 -6.75012e-28 4.19077e-14 -3.3158e-27 9.48159e-15 -1e+06 -1e+06 -1e+06 -1e+06 -1e+06 -1e+06
-0.49465 -1.73405e-25 -2.38151e-26 2.93196e-13 -6.54325e-26 1.11611e-13 -1e+06 -1e+06 -1e+06 -1e+06 -1e+06 -1e+06
0.523296 2.11882e-25 3.44191e-26 -3.31553e-13 8.22125e-26 -1.32007e-13 -1e+06 -1e+06 -1e+06 -1e+06 -1e+06 -1e+06
-0.562297 -2.487e-25 -8.11285e-26 3.75439e-13 -1.47142e-25 2.1698e-13 -1e+06 -1e+06 -1e+06 -1e+06 -1e+06 -1e+06
-0.220673 -9.15144e-26 -2.30518e-26 1.42347e-13 -4.90736e-26 7.4776e-14 -1e+06 -1e+06 -1e+06 -1e+06 -1e+06 -1e+06
0.0428694 2.89523e-26 2.89273e-27 -3.36501e-14 7.34737e-27 -1.05055e-14 -1e+06 -1e+06 -1e+06 -1e+06 -1e+06 -1e+06
-0.434808 5.04209e-27 -2.55968e-27 -1.53935e-14 -3.68162e-27 -3.90439e-14 -1e+06 -1e+06 -1e+06 -1e+06 -1e+06 -1e+06
-0.466894 3.58665e-29 -9.57928e-27 -5.06367e-14 -9.17597e-27 -6.87249e-14 -1e+06 -1e+06 -1e+06 -1e+06 -1e+06 -1e+06
0.582169 1.61626e-26 2.19113e-26 9.39144e-14 1.67968e-26 1.10346e-13 -1e+06 -1e+06 -1e+06 -1e+06 -1e+06 -1e+06
0.0530641 9.68823e-27 1.28333e-26 2.26135e-14 1.02387e-26 2.46511e-14 -1e+06 -1e+06 -1e+06 -1e+06 -1e+06 -1e+06
-0.263299 -5.2651e-26 -5.43844e-26 -1.20388e-13 -5.48153e-26 -1.19668e-13 -1e+06 -1e+06 -1e+06 -1e+06 -1e+06 -1e+06
0.389684 9.01856e-26 1.03275e-25 1.86138e-13 9.45998e-26 1.99968e-13 -1e+06 -1e+06 -1e+06 -1e+06 -1e+06 -1e+06
-0.318968 -9.26769e-26 -9.59392e-26 -1.72292e-13 -9.62428e-26 -1.76608e-13 -1e+06 -1e+06 -1e+06 -1e+06 -1e+06 -1e+06
0.0510983 1.38111e-26 1.74423e-26 2.61601e-14 1.52107e-26 2.98446e-14 -1e+06 -1e+06 -1e+06 -1e+06 -1e+06 -1e+06
0.219937 7.14811e-26 6.21237e-26 1.23518e-13 6.01153e-26 1.1255e-13 -1e+06 -1e+06 -1e+06 -1e+06 -1e+06 -1e+06
-0.584162 -1.48162e-25 -1.12562e-25 -2.95457e-13 -1.36604e-25 -2.6421e-13 -1e+06 -1e+06 -1e+06 -1e+06 -1e+06 -1e+06
0.57684 1.27652e-25 1.01815e-25 2.71059e-13 1.13181e-25 2.41694e-13 -1e+06 -1e+06 -1e+06 -1e+06 -1e+06 -1e+06
-0.560242 -1.17576e-25 -7.15521e-26 -2.60109e-13 -1.05398e-25 -2.14508e-13 -1e+06 -1e+06 -1e+06 -1e+06 -1e+06 -1e+06
-0.564157 -1.08197e-25 -7.59912e-26 -2.49095e-13 -1.01866e-25 -2.20899e-13 -1e+06 -1e+06 -1e+06 -1e+06 -1e+06 -1e+06
0.556726 8.27042e-26 3.36179e-26 2.13876e-13 5.05569e-26 1.33882e-13 -1e+06 -1e+06 -1e+06 -1e+06 -1e+06 -1e+06
-0.548284 -5.57286e-26 -4.55509e-28 -1.80426e-13 -3.52496e-26 -8.61376e-14 -1e+06 -1e+06 -1e+06 -1e+06 -1e+06 -1e+06
0.449077 2.91653e-26 4.41231e-27 1.13643e-13 5.48744e-27 2.59834e-14 -1e+06 -1e+06 -1e+06 -1e+06 -1e+06 -1e+06
-0.553446 -1.63628e-26 1.46361e-26 -1.08072e-13 -1.01942e-26 -9.32016e-15 -1e+06 -1e+06 -1e+06 -1e+06 -1e+06 -1e+06
-0.42242 -6.22472e-27 1.3916e-26 -6.4229e-14 -6.69434e-27 2.16041e-15 -1e+06 -1e+06 -1e+06 -1e+06 -1e+06 -1e+06
-0.237934 4.39668e-28 2.59364e-27 -1.71351e-14 -1.07584e-27 3.59932e-14 -1e+06 -1e+06 -1e+06 -1e+06 -1e+06 -1e+06
-0.519368 1.0766e-27 -1.55503e-26 -1.70034e-14 -4.13644e-28 1.17787e-13 -1e+06 -1e+06 -1e+06 -1e+06 -1e+06 -1e+06
0.0764101 2.78088e-27 1.3996e-26 -5.09243e-15 -3.60377e-27 -1.8413e-14 -1e+06 -1e+06 -1e+06 -1e+06 -1e+06 -1e+06
0.514555 1.80038e-26 1.36436e-25 -9.22876e-14 4.35652e-26 -2.59189e-13 -1e+06 -1e+06 -1e+06 -1e+06 -1e+06 -1e+06
0.548781 5.06632e-26 1.70847e-25 -1.64327e-13 8.96794e-26 -3.047e-13 -1e+06 -1e+06 -1e+06 -1e+06 -1e+06 -1e+06
-0.443527 -5.25188e-26 -1.50163e-25 1.528e-13 -8.8917e-26 2.59323e-13 -1e+06 -1e+06 -1e+06 -1e+06 -1e+06 -1e+06
0.251921 5.24158e-26 1.02088e-25 -1.14781e-13 6.97757e-26 -1.55093e-13 -1e+06 -1e+06 -1e+06 -1e+06 -1e+06 -1e+06
-0.415753 -1.01919e-25 -1.44241e-25 2.06032e-13 -1.21948e-25 2.4764e-13 -1e+06 -1e+06 -1e+06 -1e+06 -1e+06 -1e+06
0.532964 1.50395e-25 2.04816e-25 -2.82529e-13 1.71416e-25 -3.26588e-13 -1e+06 -1e+06 -1e+06 -1e+06 -1e+06 -1e+06
-0.580549 -1.89218e-25 -1.96566e-25 3.31915e-13 -1.92861e-25 3.38424e-13 -1e+06 -1e+06 -1e+06 -1e+06 -1e+06 -1e+06
0.159677 7.80506e-26 2.96558e-26 -1.09914e-13 4.21567e-26 -6.51713e-14 -1e+06 -1e+06 -1e+06 -1e+06 -1e+06 -1e+06
0.143032 5.31215e-26 2.07247e-26 -8.45759e-14 2.24716e-26 -4.54708e-14 -1e+06 -1e+06 -1e+06 -1e+06 -1e+06 -1e+06
0.0820516 2.74579e-26 4.79074e-27 -4.69349e-14 1.14658e-26 -1.95272e-14 -1e+06 -1e+06 -1e+06 -1e+06 -1e+06 -1e+06
-0.0821212 -4.56423e-27 6.67114e-27 2.96357e-14 -1.41519e-26 1.72167e-14 -1e+06 -1e+06 -1e+06 -1e+06 -1e+06 -1e+06
0.342747 2.42783e-26 2.08164e-26 -8.88139e-14 -2.14665e-26 7.28031e-14 -1e+06 -1e+06 -1e+06 -1e+06 -1e+06 -1e+06
0.0929392 7.57936e-27 3.34054e-26 1.04522e-14 -9.50418e-28 4.9815e-14 -1e+06 -1e+06 -1e+06 -1e+06 -1e+06 -1e+06
-0.570209 -2.81748e-26 -1.5911e-25 -1.32531e-13 -7.92165e-26 -3.1445e-13 -1e+06 -1e+06 -1e+06 -1e+06 -1e+06 -1e+06
-0.403205 -4.10325e-26 -1.37134e-25 -1.28636e-13 -7.85696e-26 -2.4537e-13 -1e+06 -1e+06 -1e+06 -1e+06 -1e+06 -1e+06
0.5908 7.31047e-26 2.3443e-25 2.02613e-13 1.26565e-25 3.71942e-13 -1e+06 -1e+06 -1e+06 -1e+06 -1e+06 -1e+06
-0.398302 -8.55226e-26 -1.2606e-25 -1.85978e-13 -1.05422e-25 -2.34134e-13 -1e+06 -1e+06 -1e+06 -1e+06 -1e+06 -1e+06
0.169652 5.69347e-26 2.85363e-26 9.35328e-14 4.0164e-26 6.77832e-14 -1e+06 -1e+06 -1e+06 -1e+06 -1e+06 -1e+06
0.600092 1.93477e-25 3.48048e-26 3.3836e-13 7.63954e-26 1.39829e-13 -1e+06 -1e+06 -1e+06 -1e+06 -1e+06 -1e+06
-0.572404 -2.03212e-25 -5.07796e-27 -3.47333e-13 -4.14702e-26 -7.93654e-14 -1e+06 -1e+06 -1e+06 -1e+06 -1e+06 -1e+06
0.0519512 1.70455e-26 8.14495e-27 2.86347e-14 3.6735e-27 8.51052e-16 -1e+06 -1e+06 -1e+06 -1e+06 -1e+06 -1e+06
-0.577243 -1.2037e-25 -4.04324e-26 -2.78925e-13 7.3317e-26 1.52808e-13 -1e+06 -1e+06 -1e+06 -1e+06 -1e+06 -1e+06
-0.523975 -8.8646e-26 -8.68176e-26 -2.3442e-13 9.03649e-26 2.16418e-13 -1e+06 -1e+06 -1e+06 -1e+06 -1e+06 -1e+06
-0.418054 -3.36081e-26 -1.10646e-25 -1.43034e-13 6.95916e-26 2.16305e-13 -1e+06 -1e+06 -1e+06 -1e+06 -1e+06 -1e+06
-0.190167 1.5033e-27 -5.66218e-26 -4.05547e-14 1.28945e-26 1.15557e-13 -1e+06 -1e+06 -1e+06 -1e+06 -1e+06 -1e+06
0.51829 7.89295e-28 1.99927e-25 5.37991e-15 -1.17693e-27 -3.16961e-13 -1e+06 -1e+06 -1e+06 -1e+06 -1e+06 -1e+06
0.167491 8.2329e-28 5.78316e-26 -1.11736e-14 6.81014e-27 -8.75532e-14 -1e+06 -1e+06 -1e+06 -1e+06 -1e+06 -1e+06
0.426005 2.77715e-26 7.62313e-26 -8.85717e-14 3.41123e-26 -1.78989e-13 -1e+06 -1e+06 -1e+06 -1e+06 -1e+06 -1e+06
0.566266 9.68415e-26 3.87575e-26 -2.22791e-13 5.78415e-26 -1.48107e-13 -1e+06 -1e+06 -1e+06 -1e+06 -1e+06 -1e+06
0.498172 8.26531e-26 2.2779e-26 -1.92951e-13 4.3248e-26 -9.82898e-14 -1e+06 -1e+06 -1e+06 -1e+06 -1e+06 -1e+06
-0.261884 -5.18054e-26 1.49641e-26 1.16895e-13 -1.5274e-26 2.84146e-14 -1e+06 -1e+06 -1e+06 -1e+06 -1e+06 -1e+06
-0.308961 -5.46826e-26 1.91947e-26 1.42033e-13 2.98522e-26 -3.14087e-14 -1e+06 -1e+06 -1e+06 -1e+06 -1e+06 -1e+06
-0.286699 -8.92147e-26 -3.41215e-27 1.78145e-13 5.72441e-26 -6.63502e-14 -1e+06 -1e+06 -1e+06 -1e+06 -1e+06 -1e+06
-0.568789 -2.06191e-25 -1.15942e-26 3.5736e-13 1.08713e-25 -1.40331e-13 -1e+06 -1e+06 -1e+06 -1e+06 -1e+06 -1e+06
0.52022 3.74048e-30 1.10181e-28 -8.0727e-16 1.20386e-29 -7.56972e-15 -1e+06 -1e+06 -1e+06 -1e+06 -1e+06 -1e+06
-0.402745 -3.33756e-30 -1.7209e-28 1.18398e-15 -2.45897e-29 8.32722e-15 -1e+06 -1e+06 -1e+06 -1e+06 -1e+06 -1e+06
0.42873 2.99037e-26 5.46876e-26 -1.12675e-13 4.03174e-26 -1.53088e-13 -1e+06 -1e+06 -1e+06 -1e+06 -1e+06 -1e+06
0.388846 6.62809e-26 6.72871e-26 -1.60221e-13 6.65218e-26 -1.61702e-13 -1e+06 -1e+06 -1e+06 -1e+06 -1e+06 -1e+06
-0.0432005 -1.18447e-26 -8.03271e-27 2.32615e-14 -9.92483e-27 1.86525e-14 -1e+06 -1e+06 -1e+06 -1e+06 -1e+06 -1e+06
-0.337193 -1.24736e-25 -4.97054e-26 2.05387e-13 -7.89577e-26 1.29488e-13 -1e+06 -1e+06 -1e+06 -1e+06 -1e+06 -1e+06
-0.353601 -1.39072e-25 -4.89858e-26 2.218e-13 -8.25384e-26 1.31644e-13 -1e+06 -1e+06 -1e+06 -1e+06 -1e+06 -1e+06
0.498589 2.0715e-25 6.09181e-26 -3.2105e-13 1.12203e-25 -1.74278e-13 -1e+06 -1e+06 -1e+06 -1e+06 -1e+06 -1e+06
0.523173 2.26895e-25 4.69878e-26 -3.43574e-13 1.0293e-25 -1.56787e-13 -1e+06 -1e+06 -1e+06 -1e+06 -1e+06 -1e+06
-0.478878 -1.83202e-25 -1.83278e-26 2.96354e-13 -5.81774e-26 9.38347e-14 -1e+06 -1e+06 -1e+06 -1e+06 -1e+06 -1e+06
-0.520579 -1.86222e-25 -1.03015e-26 3.11686e-13 -4.40819e-26 7.33982e-14 -1e+06 -1e+06 -1e+06 -1e+06 -1e+06 -1e+06
0.590609 1.68976e-25 6.55332e-27 -3.14522e-13 3.25454e-26 -6.17927e-14 -1e+06 -1e+06 -1e+06 -1e+06 -1e+06 -1e+06
-0.582805 -2.77476e-26 -3.81826e-26 1.43474e-13 -3.76483e-26 1.49372e-13 -1e+06 -1e+06 -1e+06 -1e+06 -1e+06 -1e+06
-0.428459 -1.37435e-26 -3.4292e-26 9.63449e-14 -2.8362e-26 1.21459e-13 -1e+06 -1e+06 -1e+06 -1e+06 -1e+06 -1e+06
-0.545757 -4.26441e-27 -4.87735e-26 7.98804e-14 -2.57735e-26 1.6387e-13 -1e+06 -1e+06 -1e+06 -1e+06 -1e+06 -1e+06
-0.109049 3.70089e-27 -9.43396e-27 1.30032e-14 -5.13823e-27 3.2579e-14 -1e+06 -1e+06 -1e+06 -1e+06 -1e+06 -1e+06
-0.501338 7.25214e-27 -4.4854e-26 2.78832e-14 -9.51524e-27 1.50212e-13 -1e+06 -1e+06 -1e+06 -1e+06 -1e+06 -1e+06
0.350965 2.9026e-27 2.57415e-26 -2.25147e-14 5.76916e-27 -9.49195e-14 -1e+06 -1e+06 -1e+06 -1e+06 -1e+06 -1e+06
0.278737 3.77965e-27 1.05887e-26 5.76998e-15 -1.4613e-27 -5.42473e-14 -1e+06 -1e+06 -1e+06 -1e+06 -1e+06 -1e+06
0.581348 6.97978e-28 1.28841e-26 -1.74017e-15 5.12855e-28 -8.62306e-14 -1e+06 -1e+06 -1e+06 -1e+06 -1e+06 -1e+06
0.565197 3.82983e-27 2.00203e-26 2.1094e-14 -3.48786e-27 -1.06177e-13 -1e+06 -1e+06 -1e+06 -1e+06 -1e+06 -1e+06
-0.282912 -3.21552e-26 -1.49301e-26 -9.581e-14 2.1923e-26 6.55297e-14 -1e+06 -1e+06 -1e+06 -1e+06 -1e+06 -1e+06
-0.205684 -2.2766e-26 -7.51805e-27 -6.86358e-14 1.31142e-26 3.97498e-14 -1e+06 -1e+06 -1e+06 -1e+06 -1e+06 -1e+06
-0.027322 -1.45959e-27 -1.6155e-28 -6.81777e-15 5.42705e-28 2.96173e-15 -1e+06 -1e+06 -1e+06 -1e+06 -1e+06 -1e+06
-0.37934 -3.23907e-26 -4.26796e-27 -1.15486e-13 1.73407e-26 4.90761e-14 -1e+06 -1e+06 -1e+06 -1e+06 -1e+06 -1e+06
-0.582838 -1.79138e-26 -1.33676e-26 -1.11522e-13 2.0901e-26 9.50773e-14 -1e+06 -1e+06 -1e+06 -1e+06 -1e+06 -1e+06
0.510301 4.39605e-27 4.35823e-26 3.64195e-14 -8.95459e-27 -1.46889e-13 -1e+06 -1e+06 -1e+06 -1e+06 -1e+06 -1e+06
-0.221018 6.74689e-27 -1.81833e-26 -1.03442e-14 8.35887e-27 6.94053e-14 -1e+06 -1e+06 -1e+06 -1e+06 -1e+06 -1e+06
0.530251 3.6561e-26 1.68738e-26 1.38457e-13 -2.42286e-26 -9.39536e-14 -1e+06 -1e+06 -1e+06 -1e+06 -1e+06 -1e+06
0.485696 3.97236e-26 1.17012e-26 1.36314e-13 -1.99701e-26 -7.39864e-14 -1e+06 -1e+06 -1e+06 -1e+06 -1e+06 -1e+06
-0.178947 1.12244e-27 -2.27872e-27 -3.7189e-14 1.34563e-26 3.46355e-14 -1e+06 -1e+06 -1e+06 -1e+06 -1e+06 -1e+06
0.57512 3.75161e-26 1.41046e-26 1.4481e-13 -2.18639e-26 -8.90862e-14 -1e+06 -1e+06 -1e+06 -1e+06 -1e+06 -1e+06
-0.448588 -9.59549e-27 -1.73645e-26 -7.81621e-14 2.16612e-26 9.94294e-14 -1e+06 -1e+06 -1e+06 -1e+06 -1e+06 -1e+06
0.39611 7.9176e-27 2.91715e-26 5.59086e-14 -1.50518e-26 -1.07144e-13 -1e+06 -1e+06 -1e+06 -1e+06 -1e+06 -1e+06
0.107089 1.39224e-27 1.2985e-26 1.18859e-14 -3.7612e-27 -3.60928e-14 -1e+06 -1e+06 -1e+06 -1e+06 -1e+06 -1e+06
-0.578012 -1.10781e-26 -5.25687e-26 -8.50599e-14 2.7828e-26 1.77589e-13 -1e+06 -1e+06 -1e+06 -1e+06 -1e+06 -1e+06
0.601283 4.01389e-26 2.48561e-26 1.51176e-13 -2.88456e-26 -1.20116e-13 -1e+06 -1e+06 -1e+06 -1e+06 -1e+06 -1e+06
-0.285294 -1.74523e-26 -6.78954e-27 -7.1457e-14 1.09639e-26 4.57365e-14 -1e+06 -1e+06 -1e+06 -1e+06 -1e+06 -1e+06
0.416872 3.40115e-26 3.90338e-27 1.12154e-13 -8.55212e-27 -3.72817e-14 -1e+06 -1e+06 -1e+06 -1e+06 -1e+06 -1e+06
0.420884 2.52177e-26 4.41927e-27 9.57647e-14 -6.53695e-27 -3.73101e-14 -1e+06 -1e+06 -1e+06 -1e+06 -1e+06 -1e+06
-0.58975 -4.73358e-27 -2.1016e-26 -7.47935e-14 1.37767e-26 1.11398e-13 -1e+06 -1e+06 -1e+06 -1e+06 -1e+06 -1e+06
0.336118 7.30546e-27 2.18356e-26 2.82093e-14 -4.60831e-27 -8.33722e-14 -1e+06 -1e+06 -1e+06 -1e+06 -1e+06 -1e+06
-0.519792 5.57089e-28 -3.65947e-26 -5.85203e-14 1.72824e-26 1.38654e-13 -1e+06 -1e+06 -1e+06 -1e+06 -1e+06 -1e+06
0.594437 4.22656e-26 4.95736e-26 1.58325e-13 -4.48929e-26 -1.69769e-13 -1e+06 -1e+06 -1e+06 -1e+06 -1e+06 -1e+06
-0.0573347 6.70545e-27 -1.43818e-27 -1.0324e-14 3.5302e-27 1.01024e-14 -1e+06 -1e+06 -1e+06 -1e+06 -1e+06 -1e+06
0.426604 1.53165e-26 4.82307e-27 7.31466e-14 -6.79748e-27 -4.42775e-14 -1e+06 -1e+06 -1e+06 -1e+06 -1e+06 -1e+06
-0.502821 -2.1676e-27 -5.32352e-27 -7.32084e-14 1.75972e-26 7.38407e-14 -1e+06 -1e+06 -1e+06 -1e+06 -1e+06 -1e+06
-0.515091 -3.98443e-27 -3.98556e-26 -8.28977e-14 3.03557e-26 1.50379e-13 -1e+06 -1e+06 -1e+06 -1e+06 -1e+06 -1e+06
-0.192198 -1.56354e-26 -4.19913e-27 -6.28787e-14 1.60317e-26 3.72224e-14 -1e+06 -1e+06 -1e+06 -1e+06 -1e+06 -1e+06
0.504319 4.12157e-26 2.11486e-26 1.34543e-13 -2.45078e-26 -1.00696e-13 -1e+06 -1e+06 -1e+06 -1e+06 -1e+06 -1e+06
0.527391 3.52665e-26 9.84943e-27 1.26743e-13 -1.70596e-26 -7.20255e-14 -1e+06 -1e+06 -1e+06 -1e+06 -1e+06 -1e+06
-0.108987 4.25664e-27 -5.05376e-29 -1.49861e-14 -1.85524e-28 3.73249e-15 -1e+06 -1e+06 -1e+06 -1e+06 -1e+06 -1e+06
0.549704 1.48666e-26 9.49172e-28 6.24284e-14 -7.5562e-28 -1.93561e-14 -1e+06 -1e+06 -1e+06 -1e+06 -1e+06 -1e+06
-0.10951 -1.97554e-27 1.21306e-27 -1.5292e-14 -7.55339e-28 -2.19908e-15 -1e+06 -1e+06 -1e+06 -1e+06 -1e+06 -1e+06
0.170095 5.08406e-27 8.5885e-28 2.93885e-14 6.99594e-29 -2.33657e-17 -1e+06 -1e+06 -1e+06 -1e+06 -1e+06 -1e+06
-0.520932 -1.39627e-26 -2.04857e-26 -1.21509e-13 2.34094e-26 1.03391e-13 -1e+06 -1e+06 -1e+06 -1e+06 -1e+06 -1e+06
0.363952 4.5536e-26 3.98521e-26 1.12174e-13 -3.34207e-26 -1.18971e-13 -1e+06 -1e+06 -1e+06 -1e+06 -1e+06 -1e+06
0.256824 1.55861e-26 4.91328e-26 2.47561e-14 -7.0596e-27 -1.11168e-13 -1e+06 -1e+06 -1e+06 -1e+06 -1e+06 -1e+06
-0.00594773 1.92593e-26 -3.83456e-27 2.3011e-14 -8.62166e-27 5.73933e-15 -1e+06 -1e+06 -1e+06 -1e+06 -1e+06 -1e+06
-0.571261 1.82934e-26 -1.3316e-25 -9.0821e-14 4.89435e-26 2.76587e-13 -1e+06 -1e+06 -1e+06 -1e+06 -1e+06 -1e+06
-0.419049 2.12358e-26 -1.08905e-25 -6.35185e-14 3.84699e-26 2.14738e-13 -1e+06 -1e+06 -1e+06 -1e+06 -1e+06 -1e+06
0.169301 1.55062e-26 5.38061e-26 2.96576e-14 -1.40298e-26 -9.48653e-14 -1e+06 -1e+06 -1e+06 -1e+06 -1e+06 -1e+06
-0.391492 -2.53488e-27 -1.06958e-25 -1.04974e-13 6.18121e-26 2.06211e-13 -1e+06 -1e+06 -1e+06 -1e+06 -1e+06 -1e+06
0.350047 2.29058e-26 8.08519e-26 8.39126e-14 -3.87809e-26 -1.67523e-13 -1e+06 -1e+06 -1e+06 -1e+06 -1e+06 -1e+06
0.341264 1.74184e-26 5.32244e-26 7.11473e-14 -2.7267e-26 -1.34482e-13 -1e+06 -1e+06 -1e+06 -1e+06 -1e+06 -1e+06
-0.144637 2.7661e-26 -1.92513e-26 8.55905e-16 3.70155e-27 5.3562e-14 -1e+06 -1e+06 -1e+06 -1e+06 -1e+06 -1e+06
-0.268937 5.94757e-27 -1.81124e-26 -3.59042e-14 1.37179e-26 7.26354e-14 -1e+06 -1e+06 -1e+06 -1e+06 -1e+06 -1e+06
-0.52591 -2.68355e-26 9.39503e-28 -1.46527e-13 2.85441e-27 -2.87532e-15 -1e+06 -1e+06 -1e+06 -1e+06 -1e+06 -1e+06
-0.342799 -1.16017e-26 -8.5571e-27 -8.2139e-14 -1.08517e-26 -5.73269e-14 -1e+06 -1e+06 -1e+06 -1e+06 -1e+06 -1e+06
0.00707676 -7.80802e-28 2.16843e-27 -6.83681e-15 -2.64474e-27 4.1339e-15 -1e+06 -1e+06 -1e+06 -1e+06 -1e+06 -1e+06
-0.37269 -9.78574e-27 -7.4076e-26 -6.51102e-14 -2.81231e-26 -1.66912e-13 -1e+06 -1e+06 -1e+06 -1e+06 -1e+06 -1e+06
0.545265 2.09289e-26 1.58999e-25 8.21143e-14 4.52235e-26 2.94356e-13 -1e+06 -1e+06 -1e+06 -1e+06 -1e+06 -1e+06
-0.570648 -1.02469e-26 -2.01878e-25 -9.00926e-14 -5.43513e-26 -3.39531e-13 -1e+06 -1e+06 -1e+06 -1e+06 -1e+06 -1e+06
0.396631 3.50078e-26 1.67189e-25 9.5462e-14 6.28675e-26 2.57459e-13 -1e+06 -1e+06 -1e+06 -1e+06 -1e+06 -1e+06
-0.0504545 1.76958e-27 -5.64727e-27 -2.03046e-14 -8.24563e-27 -1.71495e-14 -1e+06 -1e+06 -1e+06 -1e+06 -1e+06 -1e+06
0.468592 1.76135e-26 5.27094e-26 9.05307e-14 3.02535e-26 1.57061e-13 -1e+06 -1e+06 -1e+06 -1e+06 -1e+06 -1e+06
-0.580302 3.41026e-26 -2.48012e-26 -5.82265e-14 -1.00327e-26 -1.20216e-13 -1e+06 -1e+06 -1e+06 -1e+06 -1e+06 -1e+06
0.103134 2.24957e-26 8.00693e-28 3.53552e-14 2.86915e-27 9.05688e-15 -1e+06 -1e+06 -1e+06 -1e+06 -1e+06 -1e+06
0.366202 1.70592e-26 1.64236e-27 3.89612e-14 4.18149e-27 2.26328e-14 -1e+06 -1e+06 -1e+06 -1e+06 -1e+06 -1e+06
-0.0256166 1.73479e-26 -8.81712e-29 -3.1954e-14 7.3682e-28 -4.53399e-15 -1e+06 -1e+06 -1e+06 -1e+06 -1e+06 -1e+06
0.0573737 2.15104e-29 2.1942e-30 3.75982e-16 -6.84544e-30 -1.47904e-16 -1e+06 -1e+06 -1e+06 -1e+06 -1e+06 -1e+06
0.553634 1.94831e-28 7.33357e-29 -9.42083e-15 -1.14284e-28 4.74002e-15 -1e+06 -1e+06 -1e+06 -1e+06 -1e+06 -1e+06
-0.586281 -1.08855e-26 -4.87397e-27 8.00893e-14 7.34736e-27 -5.35543e-14 -1e+06 -1e+06 -1e+06 -1e+06 -1e+06 -1e+06
-0.353384 -1.16789e-26 -5.00357e-27 6.43878e-14 7.67057e-27 -4.20549e-14 -1e+06 -1e+06 -1e+06 -1e+06 -1e+06 -1e+06
-0.334626 -1.13209e-25 -6.66914e-26 1.95224e-13 8.71458e-26 -1.49388e-13 -1e+06 -1e+06 -1e+06 -1e+06 -1e+06 -1e+06
-0.509485 -1.90742e-25 -1.11587e-25 3.12222e-13 1.46057e-25 -2.38444e-13 -1e+06 -1e+06 -1e+06 -1e+06 -1e+06 -1e+06
-0.232151 -9.04841e-26 -6.91648e-26 1.45227e-13 7.91829e-26 -1.26741e-13 -1e+06 -1e+06 -1e+06 -1e+06 -1e+06 -1e+06
-0.170854 -4.95815e-26 -5.07481e-26 9.2169e-14 5.02634e-26 -9.3121e-14 -1e+06 -1e+06 -1e+06 -1e+06 -1e+06 -1e+06
-0.0147979 1.21215e-28 -2.74193e-27 3.15009e-15 1.26521e-27 -6.38236e-15 -1e+06 -1e+06 -1e+06 -1e+06 -1e+06 -1e+06
0.575462 1.59195e-26 9.34026e-26 -9.39298e-14 -3.78193e-26 2.31839e-13 -1e+06 -1e+06 -1e+06 -1e+06 -1e+06 -1e+06
-0.545132 2.4389e-27 -5.79672e-26 1.98236e-14 6.14733e-27 -1.77813e-13 -1e+06 -1e+06 -1e+06 -1e+06 -1e+06 -1e+06
-0.0861481 3.37738e-27 -4.47467e-27 3.61696e-15 8.17751e-28 -1.96337e-14 -1e+06 -1e+06 -1e+06 -1e+06 -1e+06 -1e+06
0.260603 6.1828e-27 5.84838e-27 3.4703e-14 5.16599e-27 3.90376e-14 -1e+06 -1e+06 -1e+06 -1e+06 -1e+06 -1e+06
0.542645 7.58182e-26 6.38454e-28 2.02831e-13 -6.95501e-27 -1.86097e-14 -1e+06 -1e+06 -1e+06 -1e+06 -1e+06 -1e+06
-0.432911 -1.55679e-25 -4.47879e-26 -2.608e-13 8.40699e-26 1.39275e-13 -1e+06 -1e+06 -1e+06 -1e+06 -1e+06 -1e+06
-0.466675 -1.51108e-25 -1.71684e-25 -2.66376e-13 1.61843e-25 2.83109e-13 -1e+06 -1e+06 -1e+06 -1e+06 -1e+06 -1e+06
0.505844 1.25913e-25 2.07796e-25 2.52319e-13 -1.6175e-25 -3.24178e-13 -1e+06 -1e+06 -1e+06 -1e+06 -1e+06 -1e+06
0.0798356 1.71469e-26 3.40102e-26 3.69775e-14 -2.41127e-26 -5.19016e-14 -1e+06 -1e+06 -1e+06 -1e+06 -1e+06 -1e+06
0.300768 4.30413e-26 1.19038e-25 1.13736e-13 -7.15791e-26 -1.89143e-13 -1e+06 -1e+06 -1e+06 -1e+06 -1e+06 -1e+06
0.306101 1.02921e-26 8.87474e-26 5.39411e-14 -2.94273e-26 -1.64612e-13 -1e+06 -1e+06 -1e+06 -1e+06 -1e+06 -1e+06
0.191483 2.8892e-27 4.72372e-26 2.04709e-14 -1.05676e-26 -9.48421e-14 -1e+06 -1e+06 -1e+06 -1e+06 -1e+06 -1e+06
-0.38628 -4.89535e-29 -6.99075e-26 -4.63247e-15 1.98285e-27 1.64353e-13 -1e+06 -1e+06 -1e+06 -1e+06 -1e+06 -1e+06
-0.466157 -4.23744e-26 -7.54578e-27 1.41339e-13 -2.07942e-26 6.56127e-14 -1e+06 -1e+06 -1e+06 -1e+06 -1e+06 -1e+06
0.142288 2.09606e-26 3.6958e-27 -5.31942e-14 3.43529e-27 -1.34974e-14 -1e+06 -1e+06 -1e+06 -1e+06 -1e+06 -1e+06
0.118786 2.94691e-26 3.05601e-27 -5.84094e-14 -4.89264e-27 7.09618e-15 -1e+06 -1e+06 -1e+06 -1e+06 -1e+06 -1e+06
0.0431967 9.38802e-27 2.17432e-27 -1.95966e-14 1.04554e-27 -4.35353e-15 -1e+06 -1e+06 -1e+06 -1e+06 -1e+06 -1e+06
-0.565902 -2.48819e-25 -3.30724e-26 3.76384e-13 9.42008e-26 -1.45485e-13 -1e+06 -1e+06 -1e+06 -1e+06 -1e+06 -1e+06
0.440606 2.18266e-25 7.49982e-26 -3.09387e-13 -1.27465e-25 1.79606e-13 -1e+06 -1e+06 -1e+06 -1e+06 -1e+06 -1e+06
0.051765 2.49322e-26 1.22734e-26 -3.5421e-14 -1.7121e-26 2.34602e-14 -1e+06 -1e+06 -1e+06 -1e+06 -1e+06 -1e+06
-0.472906 -1.75829e-25 -8.89639e-26 2.90872e-13 1.25906e-25 -2.11429e-13 -1e+06 -1e+06 -1e+06 -1e+06 -1e+06 -1e+06
0.555314 1.56705e-25 1.71723e-25 -2.94914e-13 -1.64014e-25 3.08535e-13 -1e+06 -1e+06 -1e+06 -1e+06 -1e+06 -1e+06
-0.495053 -1.10067e-25 -1.54315e-25 2.37199e-13 1.30347e-25 -2.81785e-13 -1e+06 -1e+06 -1e+06 -1e+06 -1e+06 -1e+06
-0.549709 -6.71977e-26 -1.79832e-25 1.98192e-13 1.10103e-25 -3.20279e-13 -1e+06 -1e+06 -1e+06 -1e+06 -1e+06 -1e+06
0.596123 3.88243e-26 1.78953e-25 -1.51162e-13 -8.2966e-26 3.26572e-13 -1e+06 -1e+06 -1e+06 -1e+06 -1e+06 -1e+06
-0.25919 -1.76566e-27 -5.74059e-26 3.72215e-14 1.4093e-26 -1.26965e-13 -1e+06 -1e+06 -1e+06 -1e+06 -1e+06 -1e+06
0.45858 5.48908e-27 1.14082e-25 -5.01304e-14 -2.49826e-26 2.27627e-13 -1e+06 -1e+06 -1e+06 -1e+06 -1e+06 -1e+06
0.521821 8.21054e-27 5.78289e-26 6.3182e-14 2.09762e-26 1.73705e-13 -1e+06 -1e+06 -1e+06 -1e+06 -1e+06 -1e+06
-0.53336 -3.55634e-26 -1.75603e-26 -1.38817e-13 -2.9252e-26 -1.06751e-13 -1e+06 -1e+06 -1e+06 -1e+06 -1e+06 -1e+06
0.139676 2.08466e-26 3.67547e-28 5.31699e-14 1.76188e-27 3.551e-15 -1e+06 -1e+06 -1e+06 -1e+06 -1e+06 -1e+06
0.454133 1.64491e-25 5.42459e-26 2.71543e-13 -9.42393e-26 -1.56794e-13 -1e+06 -1e+06 -1e+06 -1e+06 -1e+06 -1e+06
-0.403423 -1.33616e-25 -7.27711e-26 -2.35147e-13 1.00409e-25 1.71422e-13 -1e+06 -1e+06 -1e+06 -1e+06 -1e+06 -1e+06
0.425713 1.36717e-25 8.913e-26 2.412e-13 -1.10155e-25 -1.94075e-13 -1e+06 -1e+06 -1e+06 -1e+06 -1e+06 -1e+06
0.492044 1.43476e-25 1.03779e-25 2.65383e-13 -1.21875e-25 -2.24883e-13 -1e+06 -1e+06 -1e+06 -1e+06 -1e+06 -1e+06
0.438596 8.53406e-26 1.19755e-25 1.93463e-13 -1.00784e-25 -2.2834e-13 -1e+06 -1e+06 -1e+06 -1e+06 -1e+06 -1e+06
-0.587731 -1.09857e-26 -1.82094e-25 -1.04134e-13 5.77286e-26 3.27149e-13 -1e+06 -1e+06 -1e+06 -1e+06 -1e+06 -1e+06
-0.572541 6.46821e-28 -1.72471e-25 -6.61459e-14 3.57512e-26 3.14274e-13 -1e+06 -1e+06 -1e+06 -1e+06 -1e+06 -1e+06
0.551218 2.56887e-27 1.59126e-25 3.64563e-14 -1.91712e-26 -2.95379e-13 -1e+06 -1e+06 -1e+06 -1e+06 -1e+06 -1e+06
-0.571643 -1.00487e-26 -1.11731e-25 9.7902e-14 -4.49478e-26 2.53152e-13 -1e+06 -1e+06 -1e+06 -1e+06 -1e+06 -1e+06
0.478172 3.9448e-26 7.59914e-26 -1.37321e-13 5.4282e-26 -1.89396e-13 -1e+06 -1e+06 -1e+06 -1e+06 -1e+06 -1e+06
-0.455186 -1.14745e-25 -1.04027e-26 2.32338e-13 -3.88534e-26 7.21899e-14 -1e+06 -1e+06 -1e+06 -1e+06 -1e+06 -1e+06
0.279379 9.6791e-26 5.09611e-28 -1.61812e-13 6.04452e-27 -1.11874e-14 -1e+06 -1e+06 -1e+06 -1e+06 -1e+06 -1e+06
0.591802 2.40049e-25 1.63512e-26 -3.75004e-13 -6.20502e-26 9.82994e-14 -1e+06 -1e+06 -1e+06 -1e+06 -1e+06 -1e+06
0.570253 2.09109e-25 3.47304e-26 -3.43131e-13 -8.4079e-26 1.40546e-13 -1e+06 -1e+06 -1e+06 -1e+06 -1e+06 -1e+06
0.00183564 1.60793e-27 4.93483e-27 -1.95073e-15 -3.01463e-27 4.27496e-15 -1e+06 -1e+06 -1e+06 -1e+06 -1e+06 -1e+06
0.584043 6.83889e-26 1.30067e-25 -1.97616e-13 -9.38283e-26 2.75296e-13 -1e+06 -1e+06 -1e+06 -1e+06 -1e+06 -1e+06
0.500283 1.7519e-27 1.69874e-25 8.1542e-15 4.79137e-27 2.91521e-13 -1e+06 -1e+06 -1e+06 -1e+06 -1e+06 -1e+06
0.22534 4.74057e-27 7.94337e-26 2.32395e-14 1.43374e-26 1.3368e-13 -1e+06 -1e+06 -1e+06 -1e+06 -1e+06 -1e+06
-0.44571 -2.11566e-26 -1.30802e-25 -1.06552e-13 -5.55999e-26 -2.42704e-13 -1e+06 -1e+06 -1e+06 -1e+06 -1e+06 -1e+06
0.0962951 1.86473e-26 2.72838e-26 3.9422e-14 2.24809e-26 4.90572e-14 -1e+06 -1e+06 -1e+06 -1e+06 -1e+06 -1e+06
0.249009 5.54193e-26 5.25182e-26 1.16423e-13 5.35767e-26 1.14342e-13 -1e+06 -1e+06 -1e+06 -1e+06 -1e+06 -1e+06
-0.445731 -1.3442e-25 -7.38024e-26 -2.48615e-13 -9.9609e-26 -1.83846e-13 -1e+06 -1e+06 -1e+06 -1e+06 -1e+06 -1e+06
-0.346953 -1.31608e-25 -4.38841e-26 -2.17004e-13 -7.60792e-26 -1.24427e-13 -1e+06 -1e+06 -1e+06 -1e+06 -1e+06 -1e+06
-0.581862 -2.76953e-25 -7.10273e-26 -4.04783e-13 -1.40261e-25 -2.04737e-13 -1e+06 -1e+06 -1e+06 -1e+06 -1e+06 -1e+06
-0.562325 -2.56351e-25 -1.17286e-26 -3.81342e-13 -5.48817e-26 -8.19621e-14 -1e+06 -1e+06 -1e+06 -1e+06 -1e+06 -1e+06
-0.062374 -9.13503e-27 6.61716e-28 -2.40432e-14 1.4981e-27 4.85038e-15 -1e+06 -1e+06 -1e+06 -1e+06 -1e+06 -1e+06
0.293389 3.01005e-26 1.54852e-27 9.28714e-14 -5.08215e-27 -1.78546e-14 -1e+06 -1e+06 -1e+06 -1e+06 -1e+06 -1e+06
-0.558933 -2.80696e-26 -5.54004e-27 -1.25643e-13 1.26165e-26 5.71461e-14 -1e+06 -1e+06 -1e+06 -1e+06 -1e+06 -1e+06
-0.590414 -7.88793e-27 -1.48842e-26 -6.87209e-14 1.08524e-26 9.51721e-14 -1e+06 -1e+06 -1e+06 -1e+06 -1e+06 -1e+06
-0.462144 -5.52369e-26 -1.0023e-25 1.59775e-13 -7.52025e-26 2.17702e-13 -1e+06 -1e+06 -1e+06 -1e+06 -1e+06 -1e+06
-0.363308 -6.72549e-26 -9.10292e-26 1.56339e-13 -7.91357e-26 1.8445e-13 -1e+06 -1e+06 -1e+06 -1e+06 -1e+06 -1e+06
-0.153554 -4.60886e-26 -4.85344e-26 8.4314e-14 -4.84943e-26 9.00236e-14 -1e+06 -1e+06 -1e+06 -1e+06 -1e+06 -1e+06
-0.169085 -7.43024e-26 -5.256e-26 1.12103e-13 -6.37077e-26 9.57986e-14 -1e+06 -1e+06 -1e+06 -1e+06 -1e+06 -1e+06
0.332858 9.61323e-26 8.17086e-26 -1.78875e-13 8.85271e-26 -1.64787e-13 -1e+06 -1e+06 -1e+06 -1e+06 -1e+06 -1e+06
-0.369457 -8.26301e-26 -7.91252e-26 1.74814e-13 -8.29161e-26 1.76669e-13 -1e+06 -1e+06 -1e+06 -1e+06 -1e+06 -1e+06
0.444417 7.83509e-26 8.28644e-26 -1.86459e-13 7.90995e-26 -1.86804e-13 -1e+06 -1e+06 -1e+06 -1e+06 -1e+06 -1e+06
-0.0912259 -9.60677e-27 1.30432e-26 3.05982e-14 -2.01553e-27 1.55797e-14 -1e+06 -1e+06 -1e+06 -1e+06 -1e+06 -1e+06
0.508733 2.26167e-26 3.02961e-26 -1.06651e-13 2.57336e-26 -1.18918e-13 -1e+06 -1e+06 -1e+06 -1e+06 -1e+06 -1e+06
-0.520256 -4.93199e-27 4.72473e-27 5.22877e-14 -4.60281e-27 6.63324e-14 -1e+06 -1e+06 -1e+06 -1e+06 -1e+06 -1e+06
0.108823 4.59093e-28 8.17586e-27 -5.07995e-15 1.77805e-27 -1.14374e-14 -1e+06 -1e+06 -1e+06 -1e+06 -1e+06 -1e+06
0.287332 8.20085e-29 4.10298e-27 4.29919e-15 8.78898e-29 -1.11517e-14 -1e+06 -1e+06 -1e+06 -1e+06 -1e+06 -1e+06
-0.545546 1.08197e-33 5.68862e-35 7.34457e-18 2.52554e-34 2.82317e-18 -1e+06 -1e+06 -1e+06 -1e+06 -1e+06 -1e+06
0.392725 2.63399e-30 3.92886e-30 4.01179e-16 -2.19747e-30 4.98936e-16 -1e+06 -1e+06 -1e+06 -1e+06 -1e+06 -1e+06
-0.525129 4.77335e-31 -3.37549e-29 2.33334e-16 5.27322e-31 -4.42711e-15 -1e+06 -1e+06 -1e+06 -1e+06 -1e+06 -1e+06
0.25313 1.68933e-27 1.94654e-27 -2.05891e-14 -1.80335e-27 2.21959e-14 -1e+06 -1e+06 -1e+06 -1e+06 -1e+06 -1e+06
0.432687 1.2729e-26 1.16919e-26 -7.35947e-14 -1.20519e-26 7.11013e-14 -1e+06 -1e+06 -1e+06 -1e+06 -1e+06 -1e+06
-0.250638 -2.72682e-26 -2.12236e-26 8.27047e-14 2.40759e-26 -7.31053e-14 -1e+06 -1e+06 -1e+06 -1e+06 -1e+06 -1e+06
0.107958 1.74079e-26 1.20983e-26 -4.32701e-14 -1.44196e-26 3.60915e-14 -1e+06 -1e+06 -1e+06 -1e+06 -1e+06 -1e+06
0.519227 1.05331e-25 5.97561e-26 -2.32021e-13 -7.86277e-26 1.76139e-13 -1e+06 -1e+06 -1e+06 -1e+06 -1e+06 -1e+06
0.181198 4.54221e-26 1.611e-26 -8.80027e-14 -2.62499e-26 5.40286e-14 -1e+06 -1e+06 -1e+06 -1e+06 -1e+06 -1e+06
-0.288021 -9.53955e-26 -1.91181e-26 1.68953e-13 4.34947e-26 -7.42058e-14 -1e+06 -1e+06 -1e+06 -1e+06 -1e+06 -1e+06
0.510266 1.84231e-25 2.02468e-26 -3.05317e-13 -6.03551e-26 1.01448e-13 -1e+06 -1e+06 -1e+06 -1e+06 -1e+06 -1e+06
-0.200404 -8.06387e-26 -4.64074e-27 1.28752e-13 1.94236e-26 -3.05705e-14 -1e+06 -1e+06 -1e+06 -1e+06 -1e+06 -1e+06
0.517234 1.39144e-25 2.0217e-26 -2.65315e-13 -5.2627e-26 1.0223e-13 -1e+06 -1e+06 -1e+06 -1e+06 -1e+06 -1e+06
-0.231825 -4.26717e-27 -2.17709e-26 5.07894e-14 1.54299e-26 -7.10469e-14 -1e+06 -1e+06 -1e+06 -1e+06 -1e+06 -1e+06
0.135075 4.66908e-27 7.60893e-27 -1.55053e-14 -3.90992e-27 3.20189e-14 -1e+06 -1e+06 -1e+06 -1e+06 -1e+06 -1e+06
-0.591196 7.98695e-27 -1.4869e-26 -5.42314e-15 -1.1868e-27 -9.37996e-14 -1e+06 -1e+06 -1e+06 -1e+06 -1e+06 -1e+06
-0.396759 2.8034e-27 -8.66147e-27 -1.41495e-14 -1.79827e-27 -5.87111e-14 -1e+06 -1e+06 -1e+06 -1e+06 -1e+06 -1e+06
-0.25076 5.23055e-27 -6.28887e-27 -1.08624e-14 -1.77596e-27 -3.97131e-14 -1e+06 -1e+06 -1e+06 -1e+06 -1e+06 -1e+06
0.163057 4.57374e-27 8.86461e-27 9.42666e-15 1.87385e-27 3.79641e-14 -1e+06 -1e+06 -1e+06 -1e+06 -1e+06 -1e+06
-0.544813 -8.3374e-27 -3.78329e-26 -6.96098e-14 -1.8131e-26 -1.4376e-13 -1e+06 -1e+06 -1e+06 -1e+06 -1e+06 -1e+06
0.312128 1.98532e-26 2.69929e-26 7.75452e-14 2.1949e-26 9.07514e-14 -1e+06 -1e+06 -1e+06 -1e+06 -1e+06 -1e+06
0.464149 4.6004e-26 3.66517e-26 1.44224e-13 3.9468e-26 1.29521e-13 -1e+06 -1e+06 -1e+06 -1e+06 -1e+06 -1e+06
-0.396448 -4.35809e-26 -2.96269e-26 -1.317e-13 -3.62135e-26 -1.08588e-13 -1e+06 -1e+06 -1e+06 -1e+06 -1e+06 -1e+06
0.184821 2.89855e-26 8.18315e-27 7.25101e-14 1.38805e-26 3.70193e-14 -1e+06 -1e+06 -1e+06 -1e+06 -1e+06 -1e+06
0.34218 5.22811e-26 8.44543e-27 1.32054e-13 1.80486e-26 4.99602e-14 -1e+06 -1e+06 -1e+06 -1e+06 -1e+06 -1e+06
0.0870109 1.02101e-26 3.87972e-27 2.73099e-14 3.908e-27 1.62225e-14 -1e+06 -1e+06 -1e+06 -1e+06 -1e+06 -1e+06
-0.542586 -6.652e-26 -1.14414e-26 -1.90132e-13 -2.79248e-26 -7.93238e-14 -1e+06 -1e+06 -1e+06 -1e+06 -1e+06 -1e+06
0.207289 1.42969e-26 9.84791e-27 5.18213e-14 8.79905e-27 4.11797e-14 -1e+06 -1e+06 -1e+06 -1e+06 -1e+06 -1e+06
0.517835 6.3855e-27 3.63298e-26 5.65336e-14 1.45554e-26 1.36253e-13 -1e+06 -1e+06 -1e+06 -1e+06 -1e+06 -1e+06
0.459956 3.30663e-27 3.85645e-26 2.89263e-14 6.89004e-27 1.31047e-13 -1e+06 -1e+06 -1e+06 -1e+06 -1e+06 -1e+06
0.434306 1.71371e-27 3.12081e-26 2.7248e-14 7.31118e-27 1.1638e-13 -1e+06 -1e+06 -1e+06 -1e+06 -1e+06 -1e+06
-0.532615 -1.28724e-27 -1.93988e-26 -4.99115e-14 -1.15278e-26 -1.04058e-13 -1e+06 -1e+06 -1e+06 -1e+06 -1e+06 -1e+06
0.537627 1.48946e-26 1.4179e-26 8.91449e-14 1.45307e-26 8.70831e-14 -1e+06 -1e+06 -1e+06 -1e+06 -1e+06 -1e+06
-0.198708 -2.40529e-26 -8.83051e-27 -7.55158e-14 -1.86626e-26 -4.38675e-14 -1e+06 -1e+06 -1e+06 -1e+06 -1e+06 -1e+06
0.0580423 1.1724e-27 8.87602e-27 5.92318e-15 1.94121e-27 2.24247e-14 -1e+06 -1e+06 -1e+06 -1e+06 -1e+06 -1e+06
0.541537 1.31542e-26 1.94707e-26 7.94469e-14 1.47966e-26 1.02573e-13 -1e+06 -1e+06 -1e+06 -1e+06 -1e+06 -1e+06
-0.350814 -1.30177e-27 -6.05126e-27 -2.84208e-14 -6.20453e-27 -5.58159e-14 -1e+06 -1e+06 -1e+06 -1e+06 -1e+06 -1e+06
-0.568755 -7.72692e-27 -8.31547e-27 -6.64918e-14 -9.62928e-27 -8.64138e-14 -1e+06 -1e+06 -1e+06 -1e+06 -1e+06 -1e+06
0.152153 4.2451e-27 6.81181e-27 2.04935e-14 5.3499e-27 2.77512e-14 -1e+06 -1e+06 -1e+06 -1e+06 -1e+06 -1e+06
-0.436917 -1.25146e-26 -1.47367e-26 -7.53721e-14 -1.40164e-26 -8.84639e-14 -1e+06 -1e+06 -1e+06 -1e+06 -1e+06 -1e+06
0.575794 3.0282e-26 2.92261e-26 1.31293e-13 2.95111e-26 1.29698e-13 -1e+06 -1e+06 -1e+06 -1e+06 -1e+06 -1e+06
0.197726 8.60737e-27 7.29124e-27 3.55211e-14 7.89265e-27 3.42326e-14 -1e+06 -1e+06 -1e+06 -1e+06 -1e+06 -1e+06
0.578758 1.47213e-26 1.40895e-26 9.18967e-14 1.404e-26 8.95322e-14 -1e+06 -1e+06 -1e+06 -1e+06 -1e+06 -1e+06
0.326712 1.10545e-26 1.15541e-26 5.41148e-14 1.10492e-26 5.9704e-14 -1e+06 -1e+06 -1e+06 -1e+06 -1e+06 -1e+06
0.484039 3.02519e-26 3.60783e-26 1.20901e-13 3.28366e-26 1.30616e-13 -1e+06 -1e+06 -1e+06 -1e+06 -1e+06 -1e+06
0.460916 3.36531e-26 3.65376e-26 1.23321e-13 3.4734e-26 1.29772e-13 -1e+06 -1e+06 -1e+06 -1e+06 -1e+06 -1e+06
0.306026 1.98815e-26 2.35998e-26 7.40354e-14 2.11328e-26 8.45674e-14 -1e+06 -1e+06 -1e+06 -1e+06 -1e+06 -1e+06
-0.242517 -9.17068e-27 -1.64308e-26 -5.81215e-14 -1.30724e-26 -6.61981e-14 -1e+06 -1e+06 -1e+06 -1e+06 -1e+06 -1e+06
-0.269193 -1.06627e-26 -1.68057e-26 -6.27046e-14 -1.34844e-26 -7.43391e-14 -1e+06 -1e+06 -1e+06 -1e+06 -1e+06 -1e+06
0.402871 9.0409e-27 1.24095e-26 5.51582e-14 1.05877e-26 6.54236e-14 -1e+06 -1e+06 -1e+06 -1e+06 -1e+06 -1e+06
0.174683 4.24748e-27 3.62271e-27 2.32439e-14 3.56175e-27 2.49866e-14 -1e+06 -1e+06 -1e+06 -1e+06 -1e+06 -1e+06
-0.144459 -8.10936e-27 -5.48687e-27 -3.78639e-14 -7.03229e-27 -2.83886e-14 -1e+06 -1e+06 -1e+06 -1e+06 -1e+06 -1e+06
0.285104 1.93389e-26 1.28716e-26 7.37767e-14 1.5429e-26 6.02932e-14 -1e+06 -1e+06 -1e+06 -1e+06 -1e+06 -1e+06
0.0331882 4.94268e-27 2.39322e-27 1.2005e-14 3.11876e-27 8.88412e-15 -1e+06 -1e+06 -1e+06 -1e+06 -1e+06 -1e+06
-0.0364399 2.925e-28 -3.96147e-27 -4.48523e-15 -2.23877e-27 -1.27846e-14 -1e+06 -1e+06 -1e+06 -1e+06 -1e+06 -1e+06
0.348809 8.1974e-27 1.58242e-26 5.34558e-14 1.11386e-26 7.22457e-14 -1e+06 -1e+06 -1e+06 -1e+06 -1e+06 -1e+06
0.104647 2.67562e-27 3.65797e-27 1.04249e-14 2.90946e-27 1.69612e-14 -1e+06 -1e+06 -1e+06 -1e+06 -1e+06 -1e+06
0.352028 9.89966e-27 1.16247e-26 5.57089e-14 1.07227e-26 6.09752e-14 -1e+06 -1e+06 -1e+06 -1e+06 -1e+06 -1e+06
0.340542 1.10762e-26 1.05293e-26 6.09349e-14 1.04924e-26 5.5953e-14 -1e+06 -1e+06 -1e+06 -1e+06 -1e+06 -1e+06
0.0157321 8.94149e-28 2.16233e-27 3.6316e-15 1.07856e-27 3.46158e-15 -1e+06 -1e+06 -1e+06 -1e+06 -1e+06 -1e+06
-0.563763 -3.7918e-26 -3.3387e-26 -1.46318e-13 -3.57774e-26 -1.37496e-13 -1e+06 -1e+06 -1e+06 -1e+06 -1e+06 -1e+06
-0.0834726 -4.74218e-27 -4.89715e-27 -2.05366e-14 -4.85175e-27 -2.04073e-14 -1e+06 -1e+06 -1e+06 -1e+06 -1e+06 -1e+06
-0.414866 -1.89641e-26 -2.87203e-26 -8.87091e-14 -2.35827e-26 -1.10079e-13 -1e+06 -1e+06 -1e+06 -1e+06 -1e+06 -1e+06
-0.417384 -1.02803e-26 -2.09227e-26 -6.5526e-14 -1.49336e-26 -9.47252e-14 -1e+06 -1e+06 -1e+06 -1e+06 -1e+06 -1e+06
0.329696 2.67033e-26 2.1204e-26 9.38095e-14 2.37361e-26 8.32645e-14 -1e+06 -1e+06 -1e+06 -1e+06 -1e+06 -1e+06
0.519702 7.52793e-27 2.05525e-26 6.25037e-14 1.17961e-26 9.67043e-14 -1e+06 -1e+06 -1e+06 -1e+06 -1e+06 -1e+06
0.568969 4.96807e-27 1.83716e-26 5.29825e-14 9.43607e-27 1.01961e-13 -1e+06 -1e+06 -1e+06 -1e+06 -1e+06 -1e+06
-0.566921 -7.29157e-27 -1.59412e-26 -6.58574e-14 -1.30141e-26 -1.31802e-13 -1e+06 -1e+06 -1e+06 -1e+06 -1e+06 -1e+06
-0.575271 -1.15543e-26 -1.17689e-26 -8.23883e-14 -1.58418e-26 -1.23979e-13 -1e+06 -1e+06 -1e+06 -1e+06 -1e+06 -1e+06
-0.159033 -1.19112e-26 6.31559e-27 -4.35487e-14 -8.99822e-27 -3.44652e-14 -1e+06 -1e+06 -1e+06 -1e+06 -1e+06 -1e+06
-0.500793 -4.09981e-26 -1.25017e-26 -1.43696e-13 -3.56743e-26 -1.32308e-13 -1e+06 -1e+06 -1e+06 -1e+06 -1e+06 -1e+06
0.0091054 5.08712e-28 7.3033e-27 2.10272e-15 -1.84434e-27 -7.11705e-15 -1e+06 -1e+06 -1e+06 -1e+06 -1e+06 -1e+06
-0.0716802 -1.16377e-27 5.50679e-28 -9.21122e-15 -3.92689e-27 -3.51978e-14 -1e+06 -1e+06 -1e+06 -1e+06 -1e+06 -1e+06
0.525898 8.93296e-27 3.01459e-26 6.68636e-14 1.51642e-26 1.24085e-13 -1e+06 -1e+06 -1e+06 -1e+06 -1e+06 -1e+06
-0.472591 -1.24182e-26 -1.15699e-26 -7.79547e-14 -2.27221e-26 -1.20207e-13 -1e+06 -1e+06 -1e+06 -1e+06 -1e+06 -1e+06
-0.313342 -1.61935e-26 1.16802e-26 -7.30341e-14 -1.3046e-26 -3.99685e-14 -1e+06 -1e+06 -1e+06 -1e+06 -1e+06 -1e+06
0.600117 5.31826e-26 2.07788e-26 1.78316e-13 3.31508e-26 1.10645e-13 -1e+06 -1e+06 -1e+06 -1e+06 -1e+06 -1e+06
0.297767 2.718e-26 1.8626e-26 8.90613e-14 1.97692e-26 6.98006e-14 -1e+06 -1e+06 -1e+06 -1e+06 -1e+06 -1e+06
0.160664 7.67804e-28 4.93437e-27 9.61401e-15 1.44564e-27 2.75421e-14 -1e+06 -1e+06 -1e+06 -1e+06 -1e+06 -1e+06
0.0570587 3.41133e-28 1.98683e-27 4.07951e-15 7.63012e-28 1.06472e-14 -1e+06 -1e+06 -1e+06 -1e+06 -1e+06 -1e+06
0.402636 8.46243e-30 3.68762e-30 -1.60291e-15 4.81138e-30 -1.21839e-15 -1e+06 -1e+06 -1e+06 -1e+06 -1e+06 -1e+06
0.104743 7.62815e-30 8.3612e-30 -8.92302e-16 7.285e-30 -8.29399e-16 -1e+06 -1e+06 -1e+06 -1e+06 -1e+06 -1e+06
0.356793 7.09307e-29 1.06645e-28 -4.8729e-15 5.23925e-29 -4.82271e-15 -1e+06 -1e+06 -1e+06 -1e+06 -1e+06 -1e+06
0.0596995 6.32502e-28 3.68046e-28 -6.11556e-15 3.97148e-28 -4.09973e-15 -1e+06 -1e+06 -1e+06 -1e+06 -1e+06 -1e+06
-0.368942 -2.46554e-26 -1.99512e-26 9.56867e-14 -2.2207e-26 8.58354e-14 -1e+06 -1e+06 -1e+06 -1e+06 -1e+06 -1e+06
0.416941 5.59579e-26 6.99511e-26 -1.527e-13 6.2553e-26 -1.70777e-13 -1e+06 -1e+06 -1e+06 -1e+06 -1e+06 -1e+06
-0.335936 -3.52376e-26 -6.97919e-26 1.09847e-13 -4.9903e-26 1.53173e-13 -1e+06 -1e+06 -1e+06 -1e+06 -1e+06 -1e+06
0.367229 3.052e-26 8.31295e-26 -1.04651e-13 4.9893e-26 -1.74704e-13 -1e+06 -1e+06 -1e+06 -1e+06 -1e+06 -1e+06
-0.380288 -6.34132e-27 -1.06393e-25 5.50936e-14 -2.91545e-26 2.01148e-13 -1e+06 -1e+06 -1e+06 -1e+06 -1e+06 -1e+06
0.451905 6.19841e-27 1.37711e-25 -4.84978e-14 2.6904e-26 -2.49447e-13 -1e+06 -1e+06 -1e+06 -1e+06 -1e+06 -1e+06
-0.532633 -5.64319e-27 -1.56472e-25 6.32199e-14 -3.42802e-26 2.8869e-13 -1e+06 -1e+06 -1e+06 -1e+06 -1e+06 -1e+06
0.193181 1.29702e-26 4.52588e-26 -4.90656e-14 2.37789e-26 -9.35027e-14 -1e+06 -1e+06 -1e+06 -1e+06 -1e+06 -1e+06
0.396502 4.00532e-26 8.20505e-26 -1.25945e-13 5.72523e-26 -1.80345e-13 -1e+06 -1e+06 -1e+06 -1e+06 -1e+06 -1e+06
-0.280514 2.88518e-27 -2.35896e-26 2.748e-14 -7.66637e-27 8.1375e-14 -1e+06 -1e+06 -1e+06 -1e+06 -1e+06 -1e+06
-0.240155 1.62059e-27 -7.68097e-28 2.87448e-14 -1.61649e-27 1.35818e-14 -1e+06 -1e+06 -1e+06 -1e+06 -1e+06 -1e+06
0.363898 9.25211e-27 6.39643e-28 -5.62498e-14 2.31644e-27 -1.29395e-14 -1e+06 -1e+06 -1e+06 -1e+06 -1e+06 -1e+06
0.561483 2.56652e-26 3.20731e-28 -1.18692e-13 -2.69248e-27 1.1758e-14 -1e+06 -1e+06 -1e+06 -1e+06 -1e+06 -1e+06
0.575592 3.72323e-26 2.43256e-27 -1.45999e-13 -9.39985e-27 3.64314e-14 -1e+06 -1e+06 -1e+06 -1e+06 -1e+06 -1e+06
-0.0939274 -7.86734e-27 -1.12332e-26 2.79652e-14 1.01766e-26 -3.29222e-14 -1e+06 -1e+06 -1e+06 -1e+06 -1e+06 -1e+06
0.571554 3.39663e-26 9.7604e-26 -1.37844e-13 -5.71243e-26 2.3614e-13 -1e+06 -1e+06 -1e+06 -1e+06 -1e+06 -1e+06
-0.534853 -5.85816e-27 -1.46463e-25 6.15268e-14 3.23024e-26 -2.79895e-13 -1e+06 -1e+06 -1e+06 -1e+06 -1e+06 -1e+06
-0.0251025 3.58851e-29 -9.44861e-27 1.60704e-15 1.22923e-27 -1.56943e-14 -1e+06 -1e+06 -1e+06 -1e+06 -1e+06 -1e+06
-0.350623 -1.30154e-26 -1.22703e-25 6.93295e-14 4.11593e-26 -2.07443e-13 -1e+06 -1e+06 -1e+06 -1e+06 -1e+06 -1e+06
0.385209 1.73314e-26 1.32326e-25 -7.99885e-14 -4.72976e-26 2.25511e-13 -1e+06 -1e+06 -1e+06 -1e+06 -1e+06 -1e+06
-0.546621 -5.13351e-26 -1.71984e-25 1.67754e-13 9.43355e-26 -3.06805e-13 -1e+06 -1e+06 -1e+06 -1e+06 -1e+06 -1e+06
-0.168389 -1.8899e-26 -4.84528e-26 5.74294e-14 3.06578e-26 -9.03614e-14 -1e+06 -1e+06 -1e+06 -1e+06 -1e+06 -1e+06
-0.575533 -6.77812e-26 -1.4575e-25 1.97754e-13 9.97012e-26 -2.89749e-13 -1e+06 -1e+06 -1e+06 -1e+06 -1e+06 -1e+06
0.256983 2.59455e-26 5.23605e-26 -8.12031e-14 -3.68164e-26 1.14647e-13 -1e+06 -1e+06 -1e+06 -1e+06 -1e+06 -1e+06
0.118064 1.033e-26 2.4901e-26 -3.45437e-14 -1.5995e-26 5.29027e-14 -1e+06 -1e+06 -1e+06 -1e+06 -1e+06 -1e+06
0.360282 2.24291e-26 6.77927e-26 -8.91625e-14 -3.8994e-26 1.5503e-13 -1e+06 -1e+06 -1e+06 -1e+06 -1e+06 -1e+06
-0.542417 -1.06904e-26 -6.75411e-26 7.62312e-14 2.68847e-26 -1.91997e-13 -1e+06 -1e+06 -1e+06 -1e+06 -1e+06 -1e+06
-0.453707 -5.67624e-27 -1.44198e-27 5.15968e-14 3.10515e-27 -3.02079e-14 -1e+06 -1e+06 -1e+06 -1e+06 -1e+06 -1e+06
0.106269 3.69828e-27 3.42226e-27 -1.83632e-14 -2.9202e-27 1.03952e-14 -1e+06 -1e+06 -1e+06 -1e+06 -1e+06 -1e+06
-0.514658 -1.85293e-26 6.14698e-28 9.95043e-14 3.60658e-27 -2.44595e-14 -1e+06 -1e+06 -1e+06 -1e+06 -1e+06 -1e+06
0.539462 2.97024e-26 1.08894e-27 -1.26448e-13 -4.74786e-27 1.95956e-14 -1e+06 -1e+06 -1e+06 -1e+06 -1e+06 -1e+06
0.526817 4.79552e-26 2.83306e-27 -1.58122e-13 -8.97189e-27 2.70755e-14 -1e+06 -1e+06 -1e+06 -1e+06 -1e+06 -1e+06
0.331546 4.8344e-26 2.03128e-26 -1.26337e-13 -3.03259e-26 7.79124e-14 -1e+06 -1e+06 -1e+06 -1e+06 -1e+06 -1e+06
0.147544 2.05763e-26 1.59094e-26 -5.46326e-14 -1.8048e-26 4.74764e-14 -1e+06 -1e+06 -1e+06 -1e+06 -1e+06 -1e+06
0.566927 3.19369e-26 9.84822e-26 -1.34373e-13 -5.606e-26 2.36218e-13 -1e+06 -1e+06 -1e+06 -1e+06 -1e+06 -1e+06
-0.504567 -1.53969e-26 -9.27102e-26 9.17489e-14 3.78022e-26 -2.23192e-13 -1e+06 -1e+06 -1e+06 -1e+06 -1e+06 -1e+06
0.591532 2.9267e-27 1.71846e-25 -4.11821e-14 -2.21749e-26 3.18823e-13 -1e+06 -1e+06 -1e+06 -1e+06 -1e+06 -1e+06
-0.384984 -6.4475e-27 -1.1634e-25 5.1469e-14 2.74103e-26 -2.16598e-13 -1e+06 -1e+06 -1e+06 -1e+06 -1e+06 -1e+06
0.434604 2.94928e-26 1.36741e-25 -1.12507e-13 -6.28794e-26 2.43679e-13 -1e+06 -1e+06 -1e+06 -1e+06 -1e+06 -1e+06
-0.565793 -6.70704e-26 -1.40991e-25 1.94849e-13 9.87335e-26 -2.87918e-13 -1e+06 -1e+06 -1e+06 -1e+06 -1e+06 -1e+06
0.0932167 1.09148e-26 1.27278e-26 -3.14956e-14 -1.13238e-26 3.1164e-14 -1e+06 -1e+06 -1e+06 -1e+06 -1e+06 -1e+06
-0.561079 -9.18536e-26 -7.14483e-26 2.27298e-13 8.45123e-26 -2.06172e-13 -1e+06 -1e+06 -1e+06 -1e+06 -1e+06 -1e+06
-0.115886 -2.01618e-26 1.04672e-27 4.83473e-14 9.68467e-27 -2.26913e-14 -1e+06 -1e+06 -1e+06 -1e+06 -1e+06 -1e+06
0.324715 5.84469e-26 9.70663e-27 -1.36625e-13 -2.29292e-26 5.55483e-14 -1e+06 -1e+06 -1e+06 -1e+06 -1e+06 -1e+06
0.36728 5.96054e-26 1.66145e-27 -1.47928e-13 1.36297e-27 -3.88875e-15 -1e+06 -1e+06 -1e+06 -1e+06 -1e+06 -1e+06
0.5599 6.81548e-26 1.12058e-26 -1.95167e-13 2.60656e-26 -7.57668e-14 -1e+06 -1e+06 -1e+06 -1e+06 -1e+06 -1e+06
0.190599 1.78128e-26 9.72626e-27 -5.70287e-14 1.30253e-26 -4.29731e-14 -1e+06 -1e+06 -1e+06 -1e+06 -1e+06 -1e+06
-0.223442 -1.30588e-26 -1.47366e-26 5.56639e-14 -1.39925e-26 5.77609e-14 -1e+06 -1e+06 -1e+06 -1e+06 -1e+06 -1e+06
0.231061 1.23881e-27 3.48724e-26 -1.54113e-14 5.87176e-27 -8.96902e-14 -1e+06 -1e+06 -1e+06 -1e+06 -1e+06 -1e+06
-0.513202 -7.74174e-28 -7.54943e-26 2.83468e-14 -1.03827e-26 1.97268e-13 -1e+06 -1e+06 -1e+06 -1e+06 -1e+06 -1e+06
0.474668 1.46741e-27 6.28669e-26 -2.58421e-14 9.55004e-27 -1.71922e-13 -1e+06 -1e+06 -1e+06 -1e+06 -1e+06 -1e+06
-0.457339 -1.3299e-27 -5.22055e-26 3.11829e-14 -9.84082e-27 1.55614e-13 -1e+06 -1e+06 -1e+06 -1e+06 -1e+06 -1e+06
0.0712622 7.51984e-27 3.43078e-28 -2.31305e-14 1.49307e-27 -4.51958e-15 -1e+06 -1e+06 -1e+06 -1e+06 -1e+06 -1e+06
-0.481271 -5.97097e-26 -1.36412e-27 1.69555e-13 -9.65759e-27 2.76278e-14 -1e+06 -1e+06 -1e+06 -1e+06 -1e+06 -1e+06
0.302356 3.01314e-26 6.82564e-28 -9.53547e-14 4.52164e-27 -1.42604e-14 -1e+06 -1e+06 -1e+06 -1e+06 -1e+06 -1e+06
-0.482594 -3.46047e-27 -2.95008e-26 4.08657e-14 -1.01055e-26 1.19337e-13 -1e+06 -1e+06 -1e+06 -1e+06 -1e+06 -1e+06
0.49147 5.64111e-28 5.46386e-26 -1.50211e-14 4.98078e-27 -1.63859e-13 -1e+06 -1e+06 -1e+06 -1e+06 -1e+06 -1e+06
-0.56539 -2.75012e-29 -7.50807e-26 4.32922e-15 -1.58819e-27 2.0606e-13 -1e+06 -1e+06 -1e+06 -1e+06 -1e+06 -1e+06
0.335658 3.97088e-28 4.35606e-26 -3.32112e-15 8.68768e-28 -1.20519e-13 -1e+06 -1e+06 -1e+06 -1e+06 -1e+06 -1e+06
0.288414 9.3554e-28 2.24922e-26 -8.95034e-15 2.36306e-27 -8.04929e-14 -1e+06 -1e+06 -1e+06 -1e+06 -1e+06 -1e+06
-0.0149199 2.04147e-27 -1.72753e-28 -1.50451e-15 2.9893e-28 1.64267e-15 -1e+06 -1e+06 -1e+06 -1e+06 -1e+06 -1e+06
-0.00688695 2.25873e-27 -8.56191e-30 1.40223e-17 -4.3624e-29 2.54247e-16 -1e+06 -1e+06 -1e+06 -1e+06 -1e+06 -1e+06
0.374687 6.50721e-26 2.25214e-28 -1.53621e-13 3.81058e-27 -9.15365e-15 -1e+06 -1e+06 -1e+06 -1e+06 -1e+06 -1e+06
0.141731 3.54472e-26 6.15349e-28 -7.0809e-14 4.66824e-27 -9.31271e-15 -1e+06 -1e+06 -1e+06 -1e+06 -1e+06 -1e+06
-0.0682802 -1.74947e-26 -1.29024e-27 3.84575e-14 -5.38372e-27 9.39355e-15 -1e+06 -1e+06 -1e+06 -1e+06 -1e+06 -1e+06
0.353527 1.0834e-25 1.28522e-26 -1.95703e-13 3.73107e-26 -6.74036e-14 -1e+06 -1e+06 -1e+06 -1e+06 -1e+06 -1e+06
0.363587 1.25057e-25 4.28401e-26 -2.11898e-13 7.2356e-26 -1.24707e-13 -1e+06 -1e+06 -1e+06 -1e+06 -1e+06 -1e+06
0.267308 8.5774e-26 3.86083e-26 -1.49039e-13 5.65426e-26 -1.01584e-13 -1e+06 -1e+06 -1e+06 -1e+06 -1e+06 -1e+06
0.568572 1.61801e-25 8.76731e-26 -3.02967e-13 1.18933e-25 -2.23264e-13 -1e+06 -1e+06 -1e+06 -1e+06 -1e+06 -1e+06
-0.152414 -3.3212e-26 -2.36878e-26 7.50139e-14 -2.97438e-26 6.00958e-14 -1e+06 -1e+06 -1e+06 -1e+06 -1e+06 -1e+06
0.521434 9.84269e-26 6.20361e-26 -2.25964e-13 7.76221e-26 -1.79684e-13 -1e+06 -1e+06 -1e+06 -1e+06 -1e+06 -1e+06
0.544955 8.93672e-26 4.16136e-26 -2.20678e-13 6.09429e-26 -1.50526e-13 -1e+06 -1e+06 -1e+06 -1e+06 -1e+06 -1e+06
0.472018 3.78592e-26 3.6048e-27 -1.33677e-13 1.16208e-26 -4.10069e-14 -1e+06 -1e+06 -1e+06 -1e+06 -1e+06 -1e+06
-0.445519 -1.68731e-26 -1.55311e-27 9.57326e-14 -6.52146e-27 2.72817e-14 -1e+06 -1e+06 -1e+06 -1e+06 -1e+06 -1e+06
0.268418 7.07686e-27 2.94632e-28 -3.69134e-14 1.21128e-28 -5.34332e-15 -1e+06 -1e+06 -1e+06 -1e+06 -1e+06 -1e+06
0.443894 2.544e-27 3.22135e-27 -2.47946e-14 1.63263e-27 -3.68784e-14 -1e+06 -1e+06 -1e+06 -1e+06 -1e+06 -1e+06
0.29471 1.03476e-31 1.14139e-30 7.77096e-17 -3.07642e-31 4.6235e-19 -1e+06 -1e+06 -1e+06 -1e+06 -1e+06 -1e+06
0.325274 1.69891e-28 2.15925e-28 -7.34952e-15 1.54861e-28 -7.43978e-15 -1e+06 -1e+06 -1e+06 -1e+06 -1e+06 -1e+06
-0.392091 -9.15075e-28 -5.82135e-28 1.89525e-14 -7.69145e-28 1.60988e-14 -1e+06 -1e+06 -1e+06 -1e+06 -1e+06 -1e+06
-0.227104 -5.76189e-27 -4.25006e-27 3.62193e-14 -4.95486e-27 3.10677e-14 -1e+06 -1e+06 -1e+06 -1e+06 -1e+06 -1e+06
-0.173149 -1.21404e-26 -9.26842e-27 4.58518e-14 -1.06326e-26 4.01888e-14 -1e+06 -1e+06 -1e+06 -1e+06 -1e+06 -1e+06
-0.584104 -5.41434e-26 -4.16721e-26 1.77996e-13 -4.75117e-26 1.56048e-13 -1e+06 -1e+06 -1e+06 -1e+06 -1e+06 -1e+06
0.00806518 6.78494e-28 -8.39559e-28 -2.37065e-15 -2.68249e-28 4.82777e-16 -1e+06 -1e+06 -1e+06 -1e+06 -1e+06 -1e+06
0.580839 2.41769e-25 7.16764e-26 -3.74644e-13 1.31583e-25 -2.04035e-13 -1e+06 -1e+06 -1e+06 -1e+06 -1e+06 -1e+06
-0.584535 -8.44195e-26 -2.41007e-28 2.22487e-13 5.59086e-27 -1.52206e-14 -1e+06 -1e+06 -1e+06 -1e+06 -1e+06 -1e+06
-0.422002 -4.06194e-26 -4.18136e-27 1.30981e-13 1.30331e-26 -4.2038e-14 -1e+06 -1e+06 -1e+06 -1e+06 -1e+06 -1e+06
-0.0164723 1.28492e-27 1.07009e-27 7.04e-16 -1.17321e-27 -5.04671e-16 -1e+06 -1e+06 -1e+06 -1e+06 -1e+06 -1e+06
0.404571 1.35008e-27 4.59627e-26 -1.79039e-14 -6.5777e-27 1.35456e-13 -1e+06 -1e+06 -1e+06 -1e+06 -1e+06 -1e+06
-0.510862 8.96897e-28 -8.43329e-26 6.66415e-15 2.07643e-27 -2.08072e-13 -1e+06 -1e+06 -1e+06 -1e+06 -1e+06 -1e+06
0.469501 1.6923e-28 8.93011e-26 7.90508e-15 3.50439e-27 2.04652e-13 -1e+06 -1e+06 -1e+06 -1e+06 -1e+06 -1e+06
0.499615 1.53965e-27 1.16964e-25 2.5841e-14 1.20681e-26 2.40946e-13 -1e+06 -1e+06 -1e+06 -1e+06 -1e+06 -1e+06
-0.32578 -9.4853e-28 -8.36376e-26 -3.42936e-14 -1.85359e-26 -1.65526e-13 -1e+06 -1e+06 -1e+06 -1e+06 -1e+06 -1e+06
-0.588292 -2.17833e-26 -2.15418e-25 -1.17826e-13 -7.31926e-26 -3.57221e-13 -1e+06 -1e+06 -1e+06 -1e+06 -1e+06 -1e+06
0.490848 5.51503e-26 1.82792e-25 1.6441e-13 1.00125e-25 2.99342e-13 -1e+06 -1e+06 -1e+06 -1e+06 -1e+06 -1e+06
0.594796 7.30596e-26 1.94337e-25 2.08021e-13 1.19123e-25 3.39697e-13 -1e+06 -1e+06 -1e+06 -1e+06 -1e+06 -1e+06
0.405691 1.263e-26 5.10168e-26 6.75983e-14 2.38541e-26 1.43851e-13 -1e+06 -1e+06 -1e+06 -1e+06 -1e+06 -1e+06
0.0204153 7.90086e-29 4.95505e-27 1.26556e-15 5.49977e-28 9.21277e-15 -1e+06 -1e+06 -1e+06 -1e+06 -1e+06 -1e+06
-0.565348 -4.4147e-28 1.6152e-27 -1.60909e-14 -1.13991e-27 -3.17316e-14 -1e+06 -1e+06 -1e+06 -1e+06 -1e+06 -1e+06
-0.459288 -2.8105e-27 -6.37574e-27 -3.59761e-14 5.23453e-27 6.90396e-14 -1e+06 -1e+06 -1e+06 -1e+06 -1e+06 -1e+06
0.547175 1.19241e-26 2.71315e-26 7.7578e-14 -1.72593e-26 -1.21842e-13 -1e+06 -1e+06 -1e+06 -1e+06 -1e+06 -1e+06
-0.59613 -1.76177e-26 -4.26495e-26 -1.03235e-13 2.9916e-26 1.6683e-13 -1e+06 -1e+06 -1e+06 -1e+06 -1e+06 -1e+06
0.572403 3.30168e-26 5.74388e-26 1.36165e-13 -4.30174e-26 -1.81293e-13 -1e+06 -1e+06 -1e+06 -1e+06 -1e+06 -1e+06
0.446753 4.38522e-26 5.57686e-26 1.3878e-13 -4.84225e-26 -1.57411e-13 -1e+06 -1e+06 -1e+06 -1e+06 -1e+06 -1e+06
0.531705 7.32765e-26 9.13981e-26 1.96763e-13 -8.16211e-26 -2.20442e-13 -1e+06 -1e+06 -1e+06 -1e+06 -1e+06 -1e+06
-0.555217 -7.62247e-26 -1.33186e-25 -2.08903e-13 1.05854e-25 2.74644e-13 -1e+06 -1e+06 -1e+06 -1e+06 -1e+06 -1e+06
0.27758 3.5861e-26 7.63252e-26 9.91847e-14 -5.17425e-26 -1.45439e-13 -1e+06 -1e+06 -1e+06 -1e+06 -1e+06 -1e+06
0.510589 4.87216e-26 1.52967e-25 1.57244e-13 -8.54661e-26 -2.78906e-13 -1e+06 -1e+06 -1e+06 -1e+06 -1e+06 -1e+06
-0.595261 -2.42413e-26 -1.8733e-25 -1.23619e-13 7.11481e-26 3.35342e-13 -1e+06 -1e+06 -1e+06 -1e+06 -1e+06 -1e+06
-0.394029 -2.30842e-27 -1.023e-25 -3.78539e-14 2.06106e-26 2.01864e-13 -1e+06 -1e+06 -1e+06 -1e+06 -1e+06 -1e+06
-0.255695 8.31793e-28 -5.88634e-26 6.91023e-15 -2.44096e-27 1.23503e-13 -1e+06 -1e+06 -1e+06 -1e+06 -1e+06 -1e+06
0.0379478 4.88907e-28 6.99192e-27 -2.6363e-15 1.36317e-27 -1.60528e-14 -1e+06 -1e+06 -1e+06 -1e+06 -1e+06 -1e+06
0.18061 4.45849e-27 3.24222e-26 -2.55171e-14 1.16198e-26 -7.51008e-14 -1e+06 -1e+06 -1e+06 -1e+06 -1e+06 -1e+06
0.546057 2.4668e-26 9.74644e-26 -1.16035e-13 4.90276e-26 -2.30692e-13 -1e+06 -1e+06 -1e+06 -1e+06 -1e+06 -1e+06
0.0688541 4.77578e-27 1.16046e-26 -1.77147e-14 7.41699e-27 -2.80308e-14 -1e+06 -1e+06 -1e+06 -1e+06 -1e+06 -1e+06
-0.395376 -1.6777e-25 -7.5702e-27 2.57759e-13 -3.61914e-26 5.59932e-14 -1e+06 -1e+06 -1e+06 -1e+06 -1e+06 -1e+06
-0.46839 -2.05297e-25 1.09762e-28 3.10381e-13 -8.57344e-27 1.35973e-14 -1e+06 -1e+06 -1e+06 -1e+06 -1e+06 -1e+06
-0.417766 -1.42271e-25 5.47729e-28 2.44181e-13 4.33216e-28 1.09064e-16 -1e+06 -1e+06 -1e+06 -1e+06 -1e+06 -1e+06
-0.119842 -3.05871e-26 4.32015e-28 6.0825e-14 2.37911e-27 -3.90242e-15 -1e+06 -1e+06 -1e+06 -1e+06 -1e+06 -1e+06
0.226321 3.73496e-26 9.33828e-29 -9.18839e-14 -1.55741e-27 3.92013e-15 -1e+06 -1e+06 -1e+06 -1e+06 -1e+06 -1e+06
0.366676 1.76134e-27 2.16857e-26 -2.47588e-14 -5.86522e-27 8.87848e-14 -1e+06 -1e+06 -1e+06 -1e+06 -1e+06 -1e+06
0.449754 3.64236e-27 7.72035e-26 4.01264e-14 1.65989e-26 1.86328e-13 -1e+06 -1e+06 -1e+06 -1e+06 -1e+06 -1e+06
-0.305842 -5.08142e-27 -5.94273e-26 -4.16568e-14 -1.79802e-26 -1.3517e-13 -1e+06 -1e+06 -1e+06 -1e+06 -1e+06 -1e+06
0.50019 3.75072e-26 1.35721e-25 1.36969e-13 7.12311e-26 2.60152e-13 -1e+06 -1e+06 -1e+06 -1e+06 -1e+06 -1e+06
-0.307969 -4.41101e-26 -1.02207e-25 -1.17786e-13 -6.73691e-26 -1.77774e-13 -1e+06 -1e+06 -1e+06 -1e+06 -1e+06 -1e+06
0.376135 7.99338e-26 1.36097e-25 1.72998e-13 1.03988e-25 2.26243e-13 -1e+06 -1e+06 -1e+06 -1e+06 -1e+06 -1e+06
0.531712 1.62068e-25 1.83479e-25 2.93472e-13 1.7215e-25 3.11303e-13 -1e+06 -1e+06 -1e+06 -1e+06 -1e+06 -1e+06
-0.578563 -1.93199e-25 -1.78355e-25 -3.35305e-13 -1.85889e-25 -3.23918e-13 -1e+06 -1e+06 -1e+06 -1e+06 -1e+06 -1e+06
0.0307524 7.0632e-27 8.66875e-27 1.47381e-14 6.07565e-27 1.26513e-14 -1e+06 -1e+06 -1e+06 -1e+06 -1e+06 -1e+06
-0.137815 -2.73232e-26 -3.33757e-26 -6.16594e-14 -3.04201e-26 -6.94572e-14 -1e+06 -1e+06 -1e+06 -1e+06 -1e+06 -1e+06
0.358879 4.10039e-26 1.00302e-25 1.21303e-13 6.29874e-26 1.86628e-13 -1e+06 -1e+06 -1e+06 -1e+06 -1e+06 -1e+06
-0.479858 -4.12186e-26 -9.84014e-26 -1.40677e-13 -6.55831e-26 -2.25083e-13 -1e+06 -1e+06 -1e+06 -1e+06 -1e+06 -1e+06
0.0126706 9.55838e-28 -4.48031e-27 3.52985e-15 -1.24918e-27 -6.10809e-15 -1e+06 -1e+06 -1e+06 -1e+06 -1e+06 -1e+06
0.556859 1.13538e-26 1.59684e-25 7.83093e-14 4.1337e-26 2.9751e-13 -1e+06 -1e+06 -1e+06 -1e+06 -1e+06 -1e+06
0.477213 5.93347e-28 1.40057e-25 -3.76874e-15 -1.83119e-27 2.58456e-13 -1e+06 -1e+06 -1e+06 -1e+06 -1e+06 -1e+06
0.592723 2.38454e-27 1.76898e-25 -3.35502e-14 -1.8799e-26 3.23343e-13 -1e+06 -1e+06 -1e+06 -1e+06 -1e+06 -1e+06
-0.303827 -7.36718e-27 -6.70801e-26 4.73504e-14 2.35358e-26 -1.49247e-13 -1e+06 -1e+06 -1e+06 -1e+06 -1e+06 -1e+06
0.433138 5.4936e-26 9.84669e-26 -1.53554e-13 -7.3285e-26 2.03177e-13 -1e+06 -1e+06 -1e+06 -1e+06 -1e+06 -1e+06
0.561641 2.41863e-25 5.19989e-28 -3.68554e-13 -1.00626e-26 1.53907e-14 -1e+06 -1e+06 -1e+06 -1e+06 -1e+06 -1e+06
-0.501104 -1.78684e-25 8.84534e-27 3.0008e-13 -1.81015e-26 2.48884e-14 -1e+06 -1e+06 -1e+06 -1e+06 -1e+06 -1e+06
0.0322279 6.75784e-27 1.25512e-27 -1.45348e-14 2.27442e-27 -5.57982e-15 -1e+06 -1e+06 -1e+06 -1e+06 -1e+06 -1e+06
0.268734 3.47441e-26 1.97469e-26 -9.63232e-14 2.06001e-26 -6.06786e-14 -1e+06 -1e+06 -1e+06 -1e+06 -1e+06 -1e+06
0.579318 2.56791e-26 8.37999e-26 -1.21967e-13 4.58616e-26 -2.1765e-13 -1e+06 -1e+06 -1e+06 -1e+06 -1e+06 -1e+06
-0.360664 -3.35994e-27 -5.97016e-26 3.75582e-14 -1.5544e-26 1.46877e-13 -1e+06 -1e+06 -1e+06 -1e+06 -1e+06 -1e+06
0.0911031 2.54127e-28 2.37483e-26 -3.67508e-15 2.10234e-27 -4.59354e-14 -1e+06 -1e+06 -1e+06 -1e+06 -1e+06 -1e+06
-0.565633 -2.9204e-27 -1.35821e-25 -4.5339e-14 2.16801e-26 2.77645e-13 -1e+06 -1e+06 -1e+06 -1e+06 -1e+06 -1e+06
0.241928 1.14761e-26 7.75639e-26 5.21563e-14 -2.98344e-26 -1.35463e-13 -1e+06 -1e+06 -1e+06 -1e+06 -1e+06 -1e+06
-0.549868 -5.88219e-26 -1.7202e-25 -1.80605e-13 1.00951e-25 3.07561e-13 -1e+06 -1e+06 -1e+06 -1e+06 -1e+06 -1e+06
-0.409691 -5.0479e-26 -1.2966e-25 -1.43969e-13 8.09432e-26 2.30506e-13 -1e+06 -1e+06 -1e+06 -1e+06 -1e+06 -1e+06
0.297016 7.56659e-26 9.10391e-26 1.49889e-13 -8.09257e-26 -1.60964e-13 -1e+06 -1e+06 -1e+06 -1e+06 -1e+06 -1e+06
0.443306 1.41293e-25 1.07649e-25 2.50037e-13 -1.2289e-25 -2.16672e-13 -1e+06 -1e+06 -1e+06 -1e+06 -1e+06 -1e+06
-0.172755 -6.07398e-26 -3.02204e-26 -1.02443e-13 4.64373e-26 7.86788e-14 -1e+06 -1e+06 -1e+06 -1e+06 -1e+06 -1e+06
-0.112286 -4.24313e-26 -1.42664e-26 -6.91363e-14 2.51935e-26 4.05484e-14 -1e+06 -1e+06 -1e+06 -1e+06 -1e+06 -1e+06
0.452135 1.38239e-25 3.42619e-26 2.49993e-13 -6.4335e-26 -1.15889e-13 -1e+06 -1e+06 -1e+06 -1e+06 -1e+06 -1e+06
-0.582507 -1.10808e-25 5.33384e-27 -2.54172e-13 2.43498e-26 5.35097e-14 -1e+06 -1e+06 -1e+06 -1e+06 -1e+06 -1e+06
0.402793 2.44748e-26 6.08591e-27 9.91307e-14 1.05204e-26 4.11948e-14 -1e+06 -1e+06 -1e+06 -1e+06 -1e+06 -1e+06
0.0819805 1.25186e-27 1.42571e-26 9.93579e-15 4.08882e-27 3.07741e-14 -1e+06 -1e+06 -1e+06 -1e+06 -1e+06 -1e+06
-0.437365 2.21573e-32 7.6796e-34 2.10049e-17 4.56586e-33 -4.56352e-18 -1e+06 -1e+06 -1e+06 -1e+06 -1e+06 -1e+06
0.322002 7.57541e-30 9.74757e-30 -7.26968e-16 8.50193e-30 -5.88046e-16 -1e+06 -1e+06 -1e+06 -1e+06 -1e+06 -1e+06
0.59411 3.91294e-31 1.91359e-30 -4.30446e-16 8.3815e-31 -8.0259e-16 -1e+06 -1e+06 -1e+06 -1e+06 -1e+06 -1e+06
-0.0868333 -9.97148e-31 1.58851e-29 -3.52922e-16 3.37945e-31 9.00121e-16 -1e+06 -1e+06 -1e+06 -1e+06 -1e+06 -1e+06
-0.0840271 6.08207e-29 2.45088e-28 -6.82616e-16 -1.28699e-28 3.02497e-15 -1e+06 -1e+06 -1e+06 -1e+06 -1e+06 -1e+06
0.500872 1.03095e-27 1.06075e-26 2.18454e-14 -3.29713e-27 -7.14088e-14 -1e+06 -1e+06 -1e+06 -1e+06 -1e+06 -1e+06
-0.346906 -4.4146e-27 -2.70273e-26 -4.08039e-14 1.10403e-26 9.78463e-14 -1e+06 -1e+06 -1e+06 -1e+06 -1e+06 -1e+06
0.368455 3.29183e-26 6.42442e-26 1.09471e-13 -4.59866e-26 -1.52849e-13 -1e+06 -1e+06 -1e+06 -1e+06 -1e+06 -1e+06
-0.188336 -1.86962e-26 -3.42557e-26 -6.09519e-14 2.53075e-26 8.24052e-14 -1e+06 -1e+06 -1e+06 -1e+06 -1e+06 -1e+06
-0.579189 -5.91622e-26 -1.62755e-25 -1.87047e-13 9.82581e-26 3.08351e-13 -1e+06 -1e+06 -1e+06 -1e+06 -1e+06 -1e+06
0.580296 1.97403e-26 1.84227e-25 1.07009e-13 -6.02242e-26 -3.26794e-13 -1e+06 -1e+06 -1e+06 -1e+06 -1e+06 -1e+06
-0.476391 -6.80747e-27 -1.48067e-25 -6.35071e-14 3.35834e-26 2.6809e-13 -1e+06 -1e+06 -1e+06 -1e+06 -1e+06 -1e+06
-0.445596 -3.18497e-27 -1.13599e-25 -4.53708e-14 2.0892e-26 2.29015e-13 -1e+06 -1e+06 -1e+06 -1e+06 -1e+06 -1e+06
0.44857 5.94137e-27 9.61451e-26 4.90661e-14 -2.29195e-26 -2.07587e-13 -1e+06 -1e+06 -1e+06 -1e+06 -1e+06 -1e+06
-0.561326 -3.04742e-26 -8.26131e-26 -1.34414e-13 5.01871e-26 2.20257e-13 -1e+06 -1e+06 -1e+06 -1e+06 -1e+06 -1e+06
-0.391655 -3.91746e-26 -3.96672e-26 -1.24817e-13 4.02961e-26 1.3167e-13 -1e+06 -1e+06 -1e+06 -1e+06 -1e+06 -1e+06
-0.555414 -5.503e-26 -4.09928e-26 -1.76435e-13 4.80631e-26 1.57279e-13 -1e+06 -1e+06 -1e+06 -1e+06 -1e+06 -1e+06
0.257883 3.25752e-26 1.95849e-26 8.94524e-14 -2.5254e-26 -6.9065e-14 -1e+06 -1e+06 -1e+06 -1e+06 -1e+06 -1e+06
-0.164938 -1.62142e-26 -1.68154e-27 -5.17653e-14 8.79176e-27 2.90738e-14 -1e+06 -1e+06 -1e+06 -1e+06 -1e+06 -1e+06
0.148993 6.51954e-27 1.37011e-27 2.9671e-14 7.87569e-28 -6.34177e-16 -1e+06 -1e+06 -1e+06 -1e+06 -1e+06 -1e+06
0.581725 8.97109e-27 5.36394e-28 6.71949e-14 7.20972e-28 1.15258e-14 -1e+06 -1e+06 -1e+06 -1e+06 -1e+06 -1e+06
0.5889 7.19736e-27 7.93808e-27 6.10516e-14 6.0558e-27 6.55783e-14 -1e+06 -1e+06 -1e+06 -1e+06 -1e+06 -1e+06
0.0528871 2.71378e-27 1.8957e-27 8.567e-15 2.03609e-27 9.51177e-15 -1e+06 -1e+06 -1e+06 -1e+06 -1e+06 -1e+06
0.569585 3.88605e-26 9.66698e-26 1.48548e-13 6.0376e-26 2.33028e-13 -1e+06 -1e+06 -1e+06 -1e+06 -1e+06 -1e+06
-0.414314 -1.83816e-26 -1.55937e-25 -9.08763e-14 -5.57665e-26 -2.54179e-13 -1e+06 -1e+06 -1e+06 -1e+06 -1e+06 -1e+06
0.141119 3.22488e-27 5.22301e-26 1.96559e-14 1.25017e-26 8.51576e-14 -1e+06 -1e+06 -1e+06 -1e+06 -1e+06 -1e+06
0.438256 4.46318e-27 1.16028e-25 4.3868e-14 2.20832e-26 2.23974e-13 -1e+06 -1e+06 -1e+06 -1e+06 -1e+06 -1e+06
-0.283311 -4.37968e-27 -5.71297e-26 -3.83782e-14 -1.67435e-26 -1.27625e-13 -1e+06 -1e+06 -1e+06 -1e+06 -1e+06 -1e+06
-0.41281 -2.2827e-26 -6.59307e-26 -9.94319e-14 -3.95882e-26 -1.65002e-13 -1e+06 -1e+06 -1e+06 -1e+06 -1e+06 -1e+06
0.237113 2.09121e-26 3.40916e-26 6.98326e-14 2.66979e-26 8.93191e-14 -1e+06 -1e+06 -1e+06 -1e+06 -1e+06 -1e+06
-0.567112 -2.57178e-26 -7.31972e-27 -1.25793e-13 -1.70981e-26 -6.96669e-14 -1e+06 -1e+06 -1e+06 -1e+06 -1e+06 -1e+06
-0.584703 -1.74481e-26 -1.0242e-27 -1.07417e-13 -9.64344e-27 -4.12082e-14 -1e+06 -1e+06 -1e+06 -1e+06 -1e+06 -1e+06
0.272702 5.73054e-27 2.36791e-27 3.73229e-14 1.97059e-28 9.64615e-15 -1e+06 -1e+06 -1e+06 -1e+06 -1e+06 -1e+06
-0.579078 -1.65702e-26 1.15997e-27 -1.04486e-13 -1.09126e-26 -4.30072e-14 -1e+06 -1e+06 -1e+06 -1e+06 -1e+06 -1e+06
-0.243977 -1.72374e-26 -1.05443e-26 -6.61829e-14 -1.68541e-26 -5.69567e-14 -1e+06 -1e+06 -1e+06 -1e+06 -1e+06 -1e+06
0.386949 3.25472e-26 2.66652e-26 1.12186e-13 2.93403e-26 1.00896e-13 -1e+06 -1e+06 -1e+06 -1e+06 -1e+06 -1e+06
0.216865 2.22836e-26 2.07659e-26 6.55115e-14 1.76401e-26 6.47076e-14 -1e+06 -1e+06 -1e+06 -1e+06 -1e+06 -1e+06
0.276443 1.88887e-26 3.72508e-26 6.88765e-14 2.23937e-26 9.8108e-14 -1e+06 -1e+06 -1e+06 -1e+06 -1e+06 -1e+06
0.237497 1.16151e-26 3.56517e-26 4.80746e-14 1.58087e-26 8.87658e-14 -1e+06 -1e+06 -1e+06 -1e+06 -1e+06 -1e+06
0.391224 7.20364e-27 6.45156e-26 4.68145e-14 1.73024e-26 1.57132e-13 -1e+06 -1e+06 -1e+06 -1e+06 -1e+06 -1e+06
-0.183535 -2.70938e-27 -2.35528e-26 -2.38639e-14 -8.42084e-27 -6.58137e-14 -1e+06 -1e+06 -1e+06 -1e+06 -1e+06 -1e+06
0.577838 2.96152e-26 5.35435e-26 1.26795e-13 3.74982e-26 1.75109e-13 -1e+06 -1e+06 -1e+06 -1e+06 -1e+06 -1e+06
0.0245861 3.46544e-29 5.29883e-27 2.27395e-15 1.32047e-27 1.17454e-14 -1e+06 -1e+06 -1e+06 -1e+06 -1e+06 -1e+06
0.147964 2.08296e-26 1.40733e-27 4.71962e-14 5.10961e-27 1.40903e-14 -1e+06 -1e+06 -1e+06 -1e+06 -1e+06 -1e+06
-0.43726 -2.25878e-26 -3.36929e-27 -1.09412e-13 -9.07846e-27 -3.8884e-14 -1e+06 -1e+06 -1e+06 -1e+06 -1e+06 -1e+06
-0.261033 -2.86211e-27 -3.46494e-27 -5.55686e-14 -5.31859e-27 -3.08097e-14 -1e+06 -1e+06 -1e+06 -1e+06 -1e+06 -1e+06
-0.520838 -4.03286e-27 -1.88499e-26 -8.56932e-14 -1.47679e-26 -9.97939e-14 -1e+06 -1e+06 -1e+06 -1e+06 -1e+06 -1e+06
0.322846 1.15534e-26 4.05238e-26 5.65748e-14 2.02099e-26 1.14356e-13 -1e+06 -1e+06 -1e+06 -1e+06 -1e+06 -1e+06
0.440804 2.35615e-26 5.34204e-26 9.90055e-14 3.48695e-26 1.5323e-13 -1e+06 -1e+06 -1e+06 -1e+06 -1e+06 -1e+06
-0.349713 8.91081e-27 -2.31871e-26 -6.91964e-14 -1.70691e-26 -9.00983e-14 -1e+06 -1e+06 -1e+06 -1e+06 -1e+06 -1e+06
-0.303845 1.75812e-26 -2.29142e-26 -3.10474e-14 -7.25104e-27 -8.35867e-14 -1e+06 -1e+06 -1e+06 -1e+06 -1e+06 -1e+06
-0.563948 -1.46614e-26 -5.4134e-26 -1.25249e-13 -3.75366e-26 -1.74937e-13 -1e+06 -1e+06 -1e+06 -1e+06 -1e+06 -1e+06
-0.595092 -2.51732e-26 -6.47771e-26 -1.53278e-13 -4.83399e-26 -1.96939e-13 -1e+06 -1e+06 -1e+06 -1e+06 -1e+06 -1e+06
-0.273818 -1.92962e-26 -2.08871e-26 -7.65355e-14 -2.04612e-26 -7.62494e-14 -1e+06 -1e+06 -1e+06 -1e+06 -1e+06 -1e+06
0.321164 1.47356e-26 1.29329e-26 6.82559e-14 1.33136e-26 6.37954e-14 -1e+06 -1e+06 -1e+06 -1e+06 -1e+06 -1e+06
0.542526 1.32331e-26 6.27781e-27 7.84263e-14 7.75209e-27 5.75613e-14 -1e+06 -1e+06 -1e+06 -1e+06 -1e+06 -1e+06
0.249354 1.22127e-26 1.49276e-27 4.33238e-14 3.5512e-27 1.92324e-14 -1e+06 -1e+06 -1e+06 -1e+06 -1e+06 -1e+06
-0.479891 -2.30866e-26 -4.30529e-27 -1.06992e-13 -1.11811e-26 -4.76102e-14 -1e+06 -1e+06 -1e+06 -1e+06 -1e+06 -1e+06
-0.0487143 -3.65213e-27 4.49502e-28 -1.92507e-14 -3.26772e-27 -3.88398e-15 -1e+06 -1e+06 -1e+06 -1e+06 -1e+06 -1e+06
-0.467501 -3.35517e-26 -1.2247e-26 -1.27778e-13 -2.2798e-26 -7.89465e-14 -1e+06 -1e+06 -1e+06 -1e+06 -1e+06 -1e+06
-0.527179 -8.03517e-27 -5.90339e-26 -8.52831e-14 -3.28331e-26 -1.79965e-13 -1e+06 -1e+06 -1e+06 -1e+06 -1e+06 -1e+06
0.148826 3.98223e-27 1.51895e-26 2.32117e-14 6.58448e-27 4.6009e-14 -1e+06 -1e+06 -1e+06 -1e+06 -1e+06 -1e+06
0.443399 1.60976e-26 1.96854e-26 7.72054e-14 1.52017e-26 9.26493e-14 -1e+06 -1e+06 -1e+06 -1e+06 -1e+06 -1e+06
-0.164686 -5.37538e-27 -1.8806e-27 -3.62465e-14 -7.4385e-27 -2.426e-14 -1e+06 -1e+06 -1e+06 -1e+06 -1e+06 -1e+06
0.20643 1.59336e-26 2.15115e-27 5.44436e-14 3.1557e-27 1.63627e-14 -1e+06 -1e+06 -1e+06 -1e+06 -1e+06 -1e+06
-0.392793 -1.36014e-26 -3.91536e-27 -8.6241e-14 7.47595e-27 4.19389e-14 -1e+06 -1e+06 -1e+06 -1e+06 -1e+06 -1e+06
-0.546894 -1.41542e-26 -9.77667e-27 -1.03305e-13 1.23895e-26 7.55529e-14 -1e+06 -1e+06 -1e+06 -1e+06 -1e+06 -1e+06
-0.29429 -4.95809e-27 -4.87577e-26 -5.12059e-14 1.98468e-26 1.20133e-13 -1e+06 -1e+06 -1e+06 -1e+06 -1e+06 -1e+06
-0.46997 -2.40028e-26 -8.12151e-26 -1.15406e-13 4.76767e-26 1.95394e-13 -1e+06 -1e+06 -1e+06 -1e+06 -1e+06 -1e+06
0.25557 2.54292e-26 4.8939e-26 7.67857e-14 -3.46432e-26 -1.11037e-13 -1e+06 -1e+06 -1e+06 -1e+06 -1e+06 -1e+06
-0.583075 -4.95191e-26 -9.41858e-26 -1.73702e-13 7.18498e-26 2.35784e-13 -1e+06 -1e+06 -1e+06 -1e+06 -1e+06 -1e+06
0.114831 7.84605e-27 1.52503e-26 2.35169e-14 -8.56498e-27 -4.18475e-14 -1e+06 -1e+06 -1e+06 -1e+06 -1e+06 -1e+06
-0.291909 -3.98802e-27 -5.82e-27 -3.41243e-14 7.30139e-27 6.16886e-14 -1e+06 -1e+06 -1e+06 -1e+06 -1e+06 -1e+06
-0.0732764 -6.54367e-28 2.68159e-27 -1.62044e-14 3.20173e-27 1.71074e-15 -1e+06 -1e+06 -1e+06 -1e+06 -1e+06 -1e+06
-0.427416 -3.8996e-27 4.38327e-27 -4.09894e-14 2.5901e-27 3.18013e-14 -1e+06 -1e+06 -1e+06 -1e+06 -1e+06 -1e+06
0.472837 1.0799e-26 8.96054e-28 6.45502e-14 -2.41202e-27 -1.9993e-14 -1e+06 -1e+06 -1e+06 -1e+06 -1e+06 -1e+06
0.193975 7.50954e-27 1.90676e-27 3.47284e-14 6.61147e-28 -4.79678e-15 -1e+06 -1e+06 -1e+06 -1e+06 -1e+06 -1e+06
0.324859 3.0845e-26 3.46255e-27 9.86597e-14 -4.88356e-27 -2.06189e-14 -1e+06 -1e+06 -1e+06 -1e+06 -1e+06 -1e+06
0.0328505 1.35558e-26 3.35012e-27 2.024e-14 -6.73895e-27 -1.00683e-14 -1e+06 -1e+06 -1e+06 -1e+06 -1e+06 -1e+06
-0.22974 -6.40788e-27 -3.05771e-27 -5.00428e-14 4.43264e-27 3.34405e-14 -1e+06 -1e+06 -1e+06 -1e+06 -1e+06 -1e+06
0.0837925 5.60685e-31 9.78161e-32 1.15204e-16 2.13037e-31 1.19246e-17 -1e+06 -1e+06 -1e+06 -1e+06 -1e+06 -1e+06
0.584334 8.50341e-29 5.92555e-29 -3.00311e-15 4.41252e-29 -5.7284e-15 -1e+06 -1e+06 -1e+06 -1e+06 -1e+06 -1e+06
-0.44076 -1.19833e-29 -3.76655e-28 5.13585e-15 -1.60354e-28 1.29191e-14 -1e+06 -1e+06 -1e+06 -1e+06 -1e+06 -1e+06
0.587087 2.11169e-27 6.83008e-27 -3.33349e-14 3.46594e-27 -6.30479e-14 -1e+06 -1e+06 -1e+06 -1e+06 -1e+06 -1e+06
0.27558 2.67418e-27 6.95618e-27 -2.67195e-14 4.13359e-27 -4.35101e-14 -1e+06 -1e+06 -1e+06 -1e+06 -1e+06 -1e+06
0.347507 3.25478e-26 3.28269e-26 -1.05536e-13 3.25161e-26 -1.06781e-13 -1e+06 -1e+06 -1e+06 -1e+06 -1e+06 -1e+06
0.556569 6.93982e-26 5.92892e-26 -1.95782e-13 6.39931e-26 -1.81624e-13 -1e+06 -1e+06 -1e+06 -1e+06 -1e+06 -1e+06
0.565204 1.20152e-25 5.55442e-26 -2.60073e-13 8.15396e-26 -1.77183e-13 -1e+06 -1e+06 -1e+06 -1e+06 -1e+06 -1e+06
0.400226 1.27299e-25 2.144e-26 -2.25038e-13 5.2205e-26 -9.25598e-14 -1e+06 -1e+06 -1e+06 -1e+06 -1e+06 -1e+06
0.443749 1.48116e-25 1.50086e-26 -2.56273e-13 4.71319e-26 -8.16091e-14 -1e+06 -1e+06 -1e+06 -1e+06 -1e+06 -1e+06
-0.021775 -1.56127e-26 -1.20757e-27 2.11648e-14 -4.44935e-27 6.67813e-15 -1e+06 -1e+06 -1e+06 -1e+06 -1e+06 -1e+06
0.445429 1.71008e-25 5.92185e-27 -2.74821e-13 3.17423e-26 -5.06764e-14 -1e+06 -1e+06 -1e+06 -1e+06 -1e+06 -1e+06
0.0264752 1.54279e-26 7.78408e-28 -1.89419e-14 3.34932e-27 -3.70582e-15 -1e+06 -1e+06 -1e+06 -1e+06 -1e+06 -1e+06
0.572617 2.05735e-25 6.36685e-27 -3.42798e-13 3.60843e-26 -5.98901e-14 -1e+06 -1e+06 -1e+06 -1e+06 -1e+06 -1e+06
0.456265 1.41653e-25 7.81915e-27 -2.53984e-13 3.31835e-26 -5.92992e-14 -1e+06 -1e+06 -1e+06 -1e+06 -1e+06 -1e+06
0.339001 8.70711e-26 1.30338e-26 -1.71776e-13 3.36878e-26 -6.64587e-14 -1e+06 -1e+06 -1e+06 -1e+06 -1e+06 -1e+06
0.201018 3.99379e-26 2.33948e-26 -8.8618e-14 3.05346e-26 -6.82185e-14 -1e+06 -1e+06 -1e+06 -1e+06 -1e+06 -1e+06
-0.579625 -5.64718e-26 -6.28285e-26 1.93291e-13 -6.19906e-26 1.91495e-13 -1e+06 -1e+06 -1e+06 -1e+06 -1e+06 -1e+06
-0.585542 -6.1938e-27 -3.20648e-26 9.45017e-14 -1.9891e-26 1.38433e-13 -1e+06 -1e+06 -1e+06 -1e+06 -1e+06 -1e+06
0.566996 3.13828e-27 1.55458e-26 -4.18724e-14 6.96907e-27 -9.37468e-14 -1e+06 -1e+06 -1e+06 -1e+06 -1e+06 -1e+06
-0.359299 6.04243e-27 -4.20513e-27 2.61756e-14 -1.43498e-27 4.0139e-14 -1e+06 -1e+06 -1e+06 -1e+06 -1e+06 -1e+06
0.580552 2.46761e-27 8.51537e-27 -2.7006e-14 3.12474e-27 -7.02414e-14 -1e+06 -1e+06 -1e+06 -1e+06 -1e+06 -1e+06
0.262188 2.6273e-26 2.01595e-26 -7.86604e-14 2.18255e-26 -7.27019e-14 -1e+06 -1e+06 -1e+06 -1e+06 -1e+06 -1e+06
-0.592067 -8.42536e-26 -4.71634e-26 2.2369e-13 -6.34311e-26 1.69445e-13 -1e+06 -1e+06 -1e+06 -1e+06 -1e+06 -1e+06
-0.496683 -1.54975e-25 -5.29204e-27 2.797e-13 -4.08149e-26 6.70046e-14 -1e+06 -1e+06 -1e+06 -1e+06 -1e+06 -1e+06
0.2967 1.09418e-25 5.48264e-27 -1.80146e-13 2.41151e-26 -3.9567e-14 -1e+06 -1e+06 -1e+06 -1e+06 -1e+06 -1e+06
-0.276121 -1.15135e-25 2.15581e-27 1.83433e-13 -2.31594e-26 2.6415e-14 -1e+06 -1e+06 -1e+06 -1e+06 -1e+06 -1e+06
-0.382712 -1.40627e-25 -7.57963e-27 2.33948e-13 -4.27179e-26 6.51498e-14 -1e+06 -1e+06 -1e+06 -1e+06 -1e+06 -1e+06
-0.0418358 -8.37731e-27 2.22604e-27 2.49771e-14 -1.02032e-26 8.55373e-15 -1e+06 -1e+06 -1e+06 -1e+06 -1e+06 -1e+06
0.602587 2.05538e-25 3.53835e-26 -3.50837e-13 8.47469e-26 -1.4594e-13 -1e+06 -1e+06 -1e+06 -1e+06 -1e+06 -1e+06
0.515352 1.41e-25 4.39909e-26 -2.67611e-13 7.5934e-26 -1.4892e-13 -1e+06 -1e+06 -1e+06 -1e+06 -1e+06 -1e+06
-0.374769 -6.51457e-26 -3.67198e-26 1.62804e-13 -6.15072e-26 1.27536e-13 -1e+06 -1e+06 -1e+06 -1e+06 -1e+06 -1e+06
-0.562998 -7.99601e-27 -3.47041e-27 9.28747e-14 -1.56599e-26 6.34519e-14 -1e+06 -1e+06 -1e+06 -1e+06 -1e+06 -1e+06
-0.26752 5.71123e-28 -2.24577e-26 5.74287e-15 -2.18073e-27 7.81377e-14 -1e+06 -1e+06 -1e+06 -1e+06 -1e+06 -1e+06
0.0781746 9.27992e-28 7.40404e-27 -4.95013e-15 9.39983e-28 -2.32901e-14 -1e+06 -1e+06 -1e+06 -1e+06 -1e+06 -1e+06
-0.474411 -1.459e-26 -2.32254e-26 8.35769e-14 -1.85362e-26 1.04995e-13 -1e+06 -1e+06 -1e+06 -1e+06 -1e+06 -1e+06
-0.123831 -1.01226e-26 -1.76967e-27 3.87786e-14 -6.77089e-27 1.76787e-14 -1e+06 -1e+06 -1e+06 -1e+06 -1e+06 -1e+06
0.141395 1.20989e-26 6.10233e-27 -3.93423e-14 6.19118e-27 -2.64177e-14 -1e+06 -1e+06 -1e+06 -1e+06 -1e+06 -1e+06
-0.552307 -9.20646e-26 -1.08719e-26 2.26713e-13 -3.19627e-26 7.75496e-14 -1e+06 -1e+06 -1e+06 -1e+06 -1e+06 -1e+06
0.0691892 1.53229e-26 3.02915e-27 -3.25584e-14 6.61257e-27 -1.40872e-14 -1e+06 -1e+06 -1e+06 -1e+06 -1e+06 -1e+06
0.513741 1.77001e-25 2.2965e-26 -2.97514e-13 5.75735e-26 -1.04382e-13 -1e+06 -1e+06 -1e+06 -1e+06 -1e+06 -1e+06
-0.47703 -1.75574e-25 -3.21638e-26 2.93056e-13 -7.78432e-26 1.24595e-13 -1e+06 -1e+06 -1e+06 -1e+06 -1e+06 -1e+06
-0.501928 -2.36891e-25 -3.73975e-26 3.49067e-13 -9.77476e-26 1.37993e-13 -1e+06 -1e+06 -1e+06 -1e+06 -1e+06 -1e+06
-0.218771 -1.21013e-25 -8.10267e-27 1.7079e-13 -4.88558e-26 5.2864e-14 -1e+06 -1e+06 -1e+06 -1e+06 -1e+06 -1e+06
-0.599205 -2.58383e-25 -4.93061e-26 4.00342e-13 -1.25601e-25 1.78866e-13 -1e+06 -1e+06 -1e+06 -1e+06 -1e+06 -1e+06
-0.359082 -5.86093e-26 -3.681e-27 1.58668e-13 -3.09508e-26 5.39181e-14 -1e+06 -1e+06 -1e+06 -1e+06 -1e+06 -1e+06
-0.573997 -1.84376e-27 -1.27049e-26 8.9744e-14 -2.96327e-26 1.16152e-13 -1e+06 -1e+06 -1e+06 -1e+06 -1e+06 -1e+06
0.191595 7.0818e-28 1.66411e-26 -2.38629e-16 -1.13295e-27 -5.29089e-14 -1e+06 -1e+06 -1e+06 -1e+06 -1e+06 -1e+06
-0.316307 -9.77877e-27 -1.82948e-26 -5.84506e-14 1.34831e-26 8.37197e-14 -1e+06 -1e+06 -1e+06 -1e+06 -1e+06 -1e+06
-0.530544 -3.33269e-26 -2.04531e-26 -1.36294e-13 2.69691e-26 1.16359e-13 -1e+06 -1e+06 -1e+06 -1e+06 -1e+06 -1e+06
0.265042 3.78984e-26 6.88419e-27 9.82482e-14 -1.47171e-26 -4.163e-14 -1e+06 -1e+06 -1e+06 -1e+06 -1e+06 -1e+06
-0.468902 -7.69295e-26 -8.2513e-27 -1.89935e-13 3.0621e-26 7.59846e-14 -1e+06 -1e+06 -1e+06 -1e+06 -1e+06 -1e+06
0.0157417 1.50917e-27 2.88334e-27 2.539e-15 -1.04771e-27 3.21002e-15 -1e+06 -1e+06 -1e+06 -1e+06 -1e+06 -1e+06
0.567832 1.07516e-25 4.40777e-26 2.45014e-13 -6.88395e-26 -1.56746e-13 -1e+06 -1e+06 -1e+06 -1e+06 -1e+06 -1e+06
0.414656 6.78001e-26 2.71045e-26 1.67308e-13 -4.24114e-26 -1.03641e-13 -1e+06 -1e+06 -1e+06 -1e+06 -1e+06 -1e+06
-0.396508 -6.72865e-26 -1.87078e-26 -1.72668e-13 4.08025e-26 8.79384e-14 -1e+06 -1e+06 -1e+06 -1e+06 -1e+06 -1e+06
-0.586189 -7.33624e-26 -2.91774e-26 -2.15357e-13 5.3101e-26 1.35243e-13 -1e+06 -1e+06 -1e+06 -1e+06 -1e+06 -1e+06
-0.529037 -3.14031e-26 -1.6127e-26 -1.42582e-13 2.9768e-26 9.73315e-14 -1e+06 -1e+06 -1e+06 -1e+06 -1e+06 -1e+06
-0.28205 -1.22079e-27 -7.31711e-27 -5.45149e-14 9.65094e-27 4.5656e-14 -1e+06 -1e+06 -1e+06 -1e+06 -1e+06 -1e+06
-0.593962 6.13912e-27 -1.89171e-26 -4.63992e-14 1.0195e-26 1.06966e-13 -1e+06 -1e+06 -1e+06 -1e+06 -1e+06 -1e+06
-0.550124 9.35351e-27 -3.15305e-26 2.25511e-14 -3.37518e-27 1.32562e-13 -1e+06 -1e+06 -1e+06 -1e+06 -1e+06 -1e+06
-0.566071 -1.30583e-26 -3.6411e-26 1.01654e-13 -2.60754e-26 1.43598e-13 -1e+06 -1e+06 -1e+06 -1e+06 -1e+06 -1e+06
0.268316 4.86551e-26 1.52336e-26 -1.12983e-13 2.65121e-26 -5.93996e-14 -1e+06 -1e+06 -1e+06 -1e+06 -1e+06 -1e+06
-0.560425 -4.65547e-26 -4.65669e-26 1.61605e-13 -4.69726e-26 1.6373e-13 -1e+06 -1e+06 -1e+06 -1e+06 -1e+06 -1e+06
0.0272036 7.33861e-28 4.29419e-27 -4.59804e-15 1.90371e-27 -1.09107e-14 -1e+06 -1e+06 -1e+06 -1e+06 -1e+06 -1e+06
0.564391 2.72559e-26 4.7101e-26 -1.20606e-13 3.56503e-26 -1.61554e-13 -1e+06 -1e+06 -1e+06 -1e+06 -1e+06 -1e+06
-0.383691 -3.47275e-27 -1.64645e-26 5.05004e-14 -7.83358e-27 9.3351e-14 -1e+06 -1e+06 -1e+06 -1e+06 -1e+06 -1e+06
0.585682 6.71015e-27 1.74057e-26 -5.60936e-14 1.05774e-26 -9.76683e-14 -1e+06 -1e+06 -1e+06 -1e+06 -1e+06 -1e+06
-0.148308 -9.34259e-27 -7.91035e-27 4.31441e-14 -8.81676e-27 4.52865e-14 -1e+06 -1e+06 -1e+06 -1e+06 -1e+06 -1e+06
0.52958 4.14598e-26 3.23465e-26 -1.47896e-13 3.6526e-26 -1.29718e-13 -1e+06 -1e+06 -1e+06 -1e+06 -1e+06 -1e+06
-0.183429 -9.7161e-27 -3.59488e-27 5.03848e-14 -6.47632e-27 4.10815e-14 -1e+06 -1e+06 -1e+06 -1e+06 -1e+06 -1e+06
-0.551688 -5.20064e-26 -1.10545e-26 1.75414e-13 -2.54984e-26 9.36098e-14 -1e+06 -1e+06 -1e+06 -1e+06 -1e+06 -1e+06
-0.135942 -7.80113e-27 9.43437e-28 4.07939e-14 -2.08113e-27 2.16511e-14 -1e+06 -1e+06 -1e+06 -1e+06 -1e+06 -1e+06
0.147907 8.02958e-27 6.51454e-27 -2.86222e-14 7.1168e-27 -2.22885e-14 -1e+06 -1e+06 -1e+06 -1e+06 -1e+06 -1e+06
-0.0878771 3.12857e-27 4.72448e-27 1.85362e-15 3.84606e-27 2.84652e-15 -1e+06 -1e+06 -1e+06 -1e+06 -1e+06 -1e+06
-0.469947 -2.45005e-27 -1.61583e-26 3.6085e-14 -6.31687e-27 9.02286e-14 -1e+06 -1e+06 -1e+06 -1e+06 -1e+06 -1e+06
0.574691 5.62962e-27 3.82873e-26 -4.87128e-14 1.33121e-26 -1.47484e-13 -1e+06 -1e+06 -1e+06 -1e+06 -1e+06 -1e+06
0.582285 2.82145e-26 6.23854e-26 -1.23469e-13 4.15369e-26 -1.88971e-13 -1e+06 -1e+06 -1e+06 -1e+06 -1e+06 -1e+06
-0.228812 -1.87993e-26 -1.98602e-26 6.59363e-14 -1.94424e-26 6.89705e-14 -1e+06 -1e+06 -1e+06 -1e+06 -1e+06 -1e+06
-0.0675749 -7.6151e-27 -2.27195e-27 2.32001e-14 -4.33579e-27 1.39911e-14 -1e+06 -1e+06 -1e+06 -1e+06 -1e+06 -1e+06
-0.303942 9.06211e-30 -2.45324e-31 1.31331e-15 6.56393e-30 -6.20751e-16 -1e+06 -1e+06 -1e+06 -1e+06 -1e+06 -1e+06
-0.195678 -6.46257e-28 -6.55943e-29 1.12456e-14 2.07767e-28 -3.61184e-15 -1e+06 -1e+06 -1e+06 -1e+06 -1e+06 -1e+06
-0.45171 -4.96034e-27 -5.70515e-28 4.74103e-14 1.68253e-27 -1.60648e-14 -1e+06 -1e+06 -1e+06 -1e+06 -1e+06 -1e+06
0.0515206 2.40608e-27 3.27796e-28 -1.1019e-14 -8.86911e-28 4.09203e-15 -1e+06 -1e+06 -1e+06 -1e+06 -1e+06 -1e+06
0.595612 5.2232e-26 1.42253e-26 -1.76366e-13 -2.72196e-26 9.19719e-14 -1e+06 -1e+06 -1e+06 -1e+06 -1e+06 -1e+06
-0.490546 -6.62899e-26 -3.21941e-26 1.80328e-13 4.62032e-26 -1.25688e-13 -1e+06 -1e+06 -1e+06 -1e+06 -1e+06 -1e+06
0.496042 1.25416e-25 9.72363e-26 -2.49223e-13 -1.10348e-25 2.19621e-13 -1e+06 -1e+06 -1e+06 -1e+06 -1e+06 -1e+06
-0.16295 -6.10536e-26 -6.15793e-26 9.97553e-14 6.13571e-26 -1.00309e-13 -1e+06 -1e+06 -1e+06 -1e+06 -1e+06 -1e+06
0.530353 2.04113e-25 2.15474e-25 -3.28407e-13 -2.09379e-25 3.38046e-13 -1e+06 -1e+06 -1e+06 -1e+06 -1e+06 -1e+06
0.531158 1.93841e-25 2.12179e-25 -3.20217e-13 -2.02571e-25 3.35665e-13 -1e+06 -1e+06 -1e+06 -1e+06 -1e+06 -1e+06
0.301495 9.17912e-26 1.01936e-25 -1.66357e-13 -9.66783e-26 1.75203e-13 -1e+06 -1e+06 -1e+06 -1e+06 -1e+06 -1e+06
-0.538387 -1.45784e-25 -1.62788e-25 2.82086e-13 1.54247e-25 -2.96708e-13 -1e+06 -1e+06 -1e+06 -1e+06 -1e+06 -1e+06
0.281381 6.73388e-26 6.65788e-26 -1.35613e-13 -6.65697e-26 1.36586e-13 -1e+06 -1e+06 -1e+06 -1e+06 -1e+06 -1e+06
-0.498731 -8.15128e-26 -4.83186e-26 2.05302e-13 6.29946e-26 -1.56074e-13 -1e+06 -1e+06 -1e+06 -1e+06 -1e+06 -1e+06
0.319866 5.04513e-26 1.55227e-26 -1.2664e-13 -2.79606e-26 7.04153e-14 -1e+06 -1e+06 -1e+06 -1e+06 -1e+06 -1e+06
-0.500883 -5.58655e-26 -8.30222e-27 1.74372e-13 2.15369e-26 -6.73747e-14 -1e+06 -1e+06 -1e+06 -1e+06 -1e+06 -1e+06
0.536333 2.29295e-26 1.69008e-27 -1.10224e-13 5.54951e-27 -2.8176e-14 -1e+06 -1e+06 -1e+06 -1e+06 -1e+06 -1e+06
-0.274503 -2.02042e-27 -2.61545e-27 4.064e-14 -6.67914e-27 3.15457e-14 -1e+06 -1e+06 -1e+06 -1e+06 -1e+06 -1e+06
-0.527024 -1.02328e-27 -1.24297e-26 5.42246e-14 -1.13069e-26 8.53668e-14 -1e+06 -1e+06 -1e+06 -1e+06 -1e+06 -1e+06
0.0724737 3.2835e-27 1.00442e-26 1.72675e-15 -1.71301e-27 -2.64911e-14 -1e+06 -1e+06 -1e+06 -1e+06 -1e+06 -1e+06
-0.284425 -1.14847e-26 -6.0803e-26 5.84558e-14 -2.82555e-26 1.33129e-13 -1e+06 -1e+06 -1e+06 -1e+06 -1e+06 -1e+06
0.432044 3.93234e-26 1.12162e-25 -1.2892e-13 6.61613e-26 -2.19726e-13 -1e+06 -1e+06 -1e+06 -1e+06 -1e+06 -1e+06
-0.567501 -6.93558e-26 -1.59478e-25 1.98616e-13 -1.06768e-25 3.03253e-13 -1e+06 -1e+06 -1e+06 -1e+06 -1e+06 -1e+06
0.101467 1.44974e-26 3.51445e-26 -3.79727e-14 2.25673e-26 -5.8934e-14 -1e+06 -1e+06 -1e+06 -1e+06 -1e+06 -1e+06
0.444756 5.32358e-26 1.26982e-25 -1.51565e-13 8.14694e-26 -2.37473e-13 -1e+06 -1e+06 -1e+06 -1e+06 -1e+06 -1e+06
0.225539 2.34684e-26 6.29752e-26 -7.11633e-14 3.8215e-26 -1.18579e-13 -1e+06 -1e+06 -1e+06 -1e+06 -1e+06 -1e+06
0.565434 2.38785e-26 1.22445e-25 -1.10917e-13 5.22551e-26 -2.62886e-13 -1e+06 -1e+06 -1e+06 -1e+06 -1e+06 -1e+06
0.383685 9.77727e-27 7.81985e-26 -5.35947e-14 2.54949e-26 -1.7221e-13 -1e+06 -1e+06 -1e+06 -1e+06 -1e+06 -1e+06
-0.303842 -7.09252e-28 -5.31333e-26 2.8404e-14 -1.04527e-26 1.28555e-13 -1e+06 -1e+06 -1e+06 -1e+06 -1e+06 -1e+06
0.406988 2.02301e-27 6.55833e-26 -2.56374e-14 1.00787e-26 -1.63248e-13 -1e+06 -1e+06 -1e+06 -1e+06 -1e+06 -1e+06
-0.300953 -4.45719e-26 1.845e-27 1.19932e-13 7.6651e-27 -1.23294e-14 -1e+06 -1e+06 -1e+06 -1e+06 -1e+06 -1e+06
0.526772 9.43201e-26 9.93662e-27 -2.22901e-13 -2.96275e-26 7.00748e-14 -1e+06 -1e+06 -1e+06 -1e+06 -1e+06 -1e+06
0.474138 1.38776e-25 5.70772e-26 -2.56309e-13 -8.88343e-26 1.63671e-13 -1e+06 -1e+06 -1e+06 -1e+06 -1e+06 -1e+06
-0.557407 -1.88752e-25 -1.39207e-25 3.28674e-13 1.65341e-25 -2.78748e-13 -1e+06 -1e+06 -1e+06 -1e+06 -1e+06 -1e+06
0.249063 9.00923e-26 8.26613e-26 -1.48273e-13 -8.36317e-26 1.42673e-13 -1e+06 -1e+06 -1e+06 -1e+06 -1e+06 -1e+06
-0.412736 -1.44307e-25 -1.57106e-25 2.46171e-13 1.53285e-25 -2.5507e-13 -1e+06 -1e+06 -1e+06 -1e+06 -1e+06 -1e+06
0.527137 1.79303e-25 2.08531e-25 -3.07142e-13 -1.92433e-25 3.31057e-13 -1e+06 -1e+06 -1e+06 -1e+06 -1e+06 -1e+06
-0.527542 -1.32126e-25 -2.10779e-25 2.65461e-13 1.67623e-25 -3.33477e-13 -1e+06 -1e+06 -1e+06 -1e+06 -1e+06 -1e+06
0.512729 1.072e-25 1.91391e-25 -2.33634e-13 -1.415e-25 3.12431e-13 -1e+06 -1e+06 -1e+06 -1e+06 -1e+06 -1e+06
0.380056 6.48878e-26 1.14963e-25 -1.55864e-13 -8.46775e-26 2.08426e-13 -1e+06 -1e+06 -1e+06 -1e+06 -1e+06 -1e+06
0.380255 6.07167e-26 9.82842e-26 -1.50866e-13 -7.55009e-26 1.92471e-13 -1e+06 -1e+06 -1e+06 -1e+06 -1e+06 -1e+06
0.317918 2.60921e-26 5.17146e-26 -9.0872e-14 -3.55915e-26 1.26087e-13 -1e+06 -1e+06 -1e+06 -1e+06 -1e+06 -1e+06
-0.498045 -1.16473e-26 -3.96522e-26 7.61811e-14 2.17278e-26 -1.42567e-13 -1e+06 -1e+06 -1e+06 -1e+06 -1e+06 -1e+06
0.535867 8.88302e-27 3.30163e-26 -6.68896e-14 -1.52627e-26 1.29714e-13 -1e+06 -1e+06 -1e+06 -1e+06 -1e+06 -1e+06
0.164513 2.30782e-27 6.4583e-27 -1.80965e-14 -1.9781e-27 2.58882e-14 -1e+06 -1e+06 -1e+06 -1e+06 -1e+06 -1e+06
-0.274586 -6.98321e-27 3.16171e-27 4.48142e-14 3.55624e-27 -1.47799e-14 -1e+06 -1e+06 -1e+06 -1e+06 -1e+06 -1e+06
0.0147337 1.93702e-27 3.54219e-27 -4.5576e-15 2.0562e-27 -2.50307e-15 -1e+06 -1e+06 -1e+06 -1e+06 -1e+06 -1e+06
0.111076 7.49019e-27 5.96479e-27 -2.65499e-14 -1.84707e-27 1.62153e-14 -1e+06 -1e+06 -1e+06 -1e+06 -1e+06 -1e+06
-0.456401 -5.865e-26 -2.10045e-26 1.63961e-13 3.95017e-26 -1.0711e-13 -1e+06 -1e+06 -1e+06 -1e+06 -1e+06 -1e+06
0.470011 6.26422e-26 3.31397e-26 -1.71243e-13 -4.49097e-26 1.24103e-13 -1e+06 -1e+06 -1e+06 -1e+06 -1e+06 -1e+06
0.52295 6.99464e-26 4.37922e-26 -1.90163e-13 -5.38593e-26 1.50144e-13 -1e+06 -1e+06 -1e+06 -1e+06 -1e+06 -1e+06
0.46849 2.91076e-26 6.14468e-26 -1.16729e-13 -4.22855e-26 1.69494e-13 -1e+06 -1e+06 -1e+06 -1e+06 -1e+06 -1e+06
-0.138977 -7.21282e-28 -3.48596e-28 1.8977e-14 7.35343e-27 -2.94999e-14 -1e+06 -1e+06 -1e+06 -1e+06 -1e+06 -1e+06
-0.531211 -7.17279e-28 6.41872e-27 4.89049e-14 1.02332e-26 -4.40749e-14 -1e+06 -1e+06 -1e+06 -1e+06 -1e+06 -1e+06
0.406625 1.15766e-26 1.91292e-27 -6.24054e-14 2.63493e-28 1.01512e-14 -1e+06 -1e+06 -1e+06 -1e+06 -1e+06 -1e+06
0.308733 2.46245e-26 4.38275e-27 -8.33156e-14 2.90305e-27 5.9152e-16 -1e+06 -1e+06 -1e+06 -1e+06 -1e+06 -1e+06
0.428661 4.82164e-26 8.82233e-28 -1.43354e-13 6.23038e-27 -1.89586e-14 -1e+06 -1e+06 -1e+06 -1e+06 -1e+06 -1e+06
0.340537 4.39792e-26 6.22601e-27 -1.18654e-13 8.82244e-27 -1.42641e-14 -1e+06 -1e+06 -1e+06 -1e+06 -1e+06 -1e+06
-0.258392 -4.58465e-26 -1.56664e-26 1.09932e-13 -3.06564e-26 7.85254e-14 -1e+06 -1e+06 -1e+06 -1e+06 -1e+06 -1e+06
0.220247 8.51889e-26 6.80014e-26 -1.3471e-13 7.56347e-26 -1.2208e-13 -1e+06 -1e+06 -1e+06 -1e+06 -1e+06 -1e+06
-0.0311322 -1.30578e-26 -1.20742e-26 2.31993e-14 -1.3454e-26 1.96571e-14 -1e+06 -1e+06 -1e+06 -1e+06 -1e+06 -1e+06
-0.208855 -8.00886e-26 -6.66776e-26 1.30345e-13 -7.50296e-26 1.18668e-13 -1e+06 -1e+06 -1e+06 -1e+06 -1e+06 -1e+06
-0.474551 -1.37628e-25 -1.27086e-25 2.59189e-13 -1.34406e-25 2.45596e-13 -1e+06 -1e+06 -1e+06 -1e+06 -1e+06 -1e+06
0.16095 4.32245e-26 3.94476e-26 -7.7472e-14 4.10362e-26 -7.68364e-14 -1e+06 -1e+06 -1e+06 -1e+06 -1e+06 -1e+06
-0.315995 -4.50538e-26 -4.47633e-26 1.30787e-13 -4.56388e-26 1.22817e-13 -1e+06 -1e+06 -1e+06 -1e+06 -1e+06 -1e+06
-0.122606 -8.76245e-27 -1.00151e-26 4.63338e-14 -9.78912e-27 4.11459e-14 -1e+06 -1e+06 -1e+06 -1e+06 -1e+06 -1e+06
-0.547816 -3.26991e-26 -8.06898e-27 1.54889e-13 -1.62449e-26 7.74707e-14 -1e+06 -1e+06 -1e+06 -1e+06 -1e+06 -1e+06
-0.442535 3.34185e-27 -5.16119e-26 3.35764e-15 4.80402e-27 -1.56708e-13 -1e+06 -1e+06 -1e+06 -1e+06 -1e+06 -1e+06
-0.0696898 -5.52971e-29 -1.34822e-26 2.09011e-15 8.63659e-28 -3.23929e-14 -1e+06 -1e+06 -1e+06 -1e+06 -1e+06 -1e+06
0.127026 8.20472e-27 2.82854e-26 -1.82395e-14 -5.51759e-27 5.83655e-14 -1e+06 -1e+06 -1e+06 -1e+06 -1e+06 -1e+06
0.160821 2.8921e-27 5.54258e-26 -1.38756e-14 -9.37155e-27 9.35603e-14 -1e+06 -1e+06 -1e+06 -1e+06 -1e+06 -1e+06
-0.304709 -1.16085e-26 -1.39841e-25 6.09297e-14 4.05352e-26 -2.07689e-13 -1e+06 -1e+06 -1e+06 -1e+06 -1e+06 -1e+06
-0.300678 -1.79312e-26 -1.29551e-25 7.5617e-14 5.23426e-26 -2.00163e-13 -1e+06 -1e+06 -1e+06 -1e+06 -1e+06 -1e+06
0.264128 2.38448e-26 1.33901e-25 -7.13944e-14 -4.83291e-26 1.87253e-13 -1e+06 -1e+06 -1e+06 -1e+06 -1e+06 -1e+06
-0.503545 -7.08286e-26 -1.94669e-25 1.96941e-13 1.18713e-25 -3.16319e-13 -1e+06 -1e+06 -1e+06 -1e+06 -1e+06 -1e+06
-0.464425 -9.0204e-26 -1.1203e-25 2.16967e-13 1.01608e-25 -2.32597e-13 -1e+06 -1e+06 -1e+06 -1e+06 -1e+06 -1e+06
-0.533054 -1.45559e-25 -5.55947e-26 2.9184e-13 9.03004e-26 -1.76345e-13 -1e+06 -1e+06 -1e+06 -1e+06 -1e+06 -1e+06
0.552223 2.1548e-25 3.0447e-27 -3.44685e-13 -1.71067e-26 2.85675e-14 -1e+06 -1e+06 -1e+06 -1e+06 -1e+06 -1e+06
0.505025 1.96448e-25 4.29069e-28 -3.11036e-13 1.29246e-27 2.52335e-16 -1e+06 -1e+06 -1e+06 -1e+06 -1e+06 -1e+06
0.554038 1.515e-25 7.69721e-26 -2.89679e-13 1.06306e-25 -2.03864e-13 -1e+06 -1e+06 -1e+06 -1e+06 -1e+06 -1e+06
-0.275915 1.70221e-30 5.16289e-30 1.04982e-16 -3.00523e-30 1.54487e-17 -1e+06 -1e+06 -1e+06 -1e+06 -1e+06 -1e+06
0.192172 1.01246e-26 1.30028e-26 -4.39754e-14 -1.13906e-26 4.99428e-14 -1e+06 -1e+06 -1e+06 -1e+06 -1e+06 -1e+06
-0.57475 -5.94193e-26 -6.77183e-26 1.84851e-13 6.37031e-26 -1.97752e-13 -1e+06 -1e+06 -1e+06 -1e+06 -1e+06 -1e+06
-0.125699 -2.13808e-26 -2.27549e-26 5.18424e-14 2.21569e-26 -5.36944e-14 -1e+06 -1e+06 -1e+06 -1e+06 -1e+06 -1e+06
0.265529 5.36483e-26 5.10115e-26 -1.19262e-13 -5.22769e-26 1.16383e-13 -1e+06 -1e+06 -1e+06 -1e+06 -1e+06 -1e+06
-0.296546 -7.44757e-26 -6.49438e-26 1.48663e-13 6.96009e-26 -1.38789e-13 -1e+06 -1e+06 -1e+06 -1e+06 -1e+06 -1e+06
0.396133 1.65158e-25 1.16969e-25 -2.55671e-13 -1.38657e-25 2.15087e-13 -1e+06 -1e+06 -1e+06 -1e+06 -1e+06 -1e+06
-0.12265 -5.29951e-26 -3.79949e-26 8.0664e-14 4.4895e-26 -6.82647e-14 -1e+06 -1e+06 -1e+06 -1e+06 -1e+06 -1e+06
-0.543712 -2.24463e-25 -1.65885e-25 3.49352e-13 1.92965e-25 -3.00334e-13 -1e+06 -1e+06 -1e+06 -1e+06 -1e+06 -1e+06
0.340029 1.24836e-25 9.4578e-26 -2.05927e-13 -1.08266e-25 1.79072e-13 -1e+06 -1e+06 -1e+06 -1e+06 -1e+06 -1e+06
0.563028 1.07858e-25 1.38206e-25 -2.46201e-13 -1.21389e-25 2.78372e-13 -1e+06 -1e+06 -1e+06 -1e+06 -1e+06 -1e+06
0.441406 6.65718e-26 9.33113e-26 -1.71326e-13 -7.81188e-26 2.0194e-13 -1e+06 -1e+06 -1e+06 -1e+06 -1e+06 -1e+06
0.588602 6.9672e-26 1.29625e-25 -2.024e-13 -9.43639e-26 2.75193e-13 -1e+06 -1e+06 -1e+06 -1e+06 -1e+06 -1e+06
0.340737 2.90992e-26 7.12001e-26 -9.95707e-14 -4.52859e-26 1.55103e-13 -1e+06 -1e+06 -1e+06 -1e+06 -1e+06 -1e+06
0.311688 1.8519e-26 6.69249e-26 -7.56162e-14 -3.44122e-26 1.43468e-13 -1e+06 -1e+06 -1e+06 -1e+06 -1e+06 -1e+06
-0.497628 -6.54457e-28 -1.37165e-25 -2.13162e-14 -1.09087e-26 -2.61585e-13 -1e+06 -1e+06 -1e+06 -1e+06 -1e+06 -1e+06
-0.585732 -4.05846e-27 -1.67827e-25 -5.1898e-14 -2.71345e-26 -3.14443e-13 -1e+06 -1e+06 -1e+06 -1e+06 -1e+06 -1e+06
0.00882102 -5.50097e-28 2.67499e-27 -2.09878e-15 -1.10568e-27 4.86001e-15 -1e+06 -1e+06 -1e+06 -1e+06 -1e+06 -1e+06
0.529309 2.64658e-26 1.56952e-25 1.18334e-13 6.41826e-26 2.87496e-13 -1e+06 -1e+06 -1e+06 -1e+06 -1e+06 -1e+06
-0.465738 -4.42559e-26 -1.11347e-25 -1.44439e-13 -7.03502e-26 -2.31258e-13 -1e+06 -1e+06 -1e+06 -1e+06 -1e+06 -1e+06
-0.359258 -1.45739e-26 -4.5634e-26 -7.40116e-14 -2.64466e-26 -1.40561e-13 -1e+06 -1e+06 -1e+06 -1e+06 -1e+06 -1e+06
-0.576375 -1.04473e-26 -7.63686e-26 -8.04805e-14 -2.83478e-26 -2.23278e-13 -1e+06 -1e+06 -1e+06 -1e+06 -1e+06 -1e+06
0.270317 1.54816e-27 3.45853e-26 2.03736e-14 7.1167e-27 9.16252e-14 -1e+06 -1e+06 -1e+06 -1e+06 -1e+06 -1e+06
-0.0854438 9.65656e-29 2.31741e-27 -4.63369e-17 7.86487e-28 -1.90696e-14 -1e+06 -1e+06 -1e+06 -1e+06 -1e+06 -1e+06
0.435551 7.1491e-28 2.17041e-26 -1.6848e-14 -3.93909e-27 9.28777e-14 -1e+06 -1e+06 -1e+06 -1e+06 -1e+06 -1e+06
-0.547284 -1.38981e-26 5.18771e-27 8.77118e-14 1.03122e-26 -5.61076e-14 -1e+06 -1e+06 -1e+06 -1e+06 -1e+06 -1e+06
-0.0235369 -2.74358e-27 9.07254e-27 1.08951e-14 -6.37831e-28 1.60207e-14 -1e+06 -1e+06 -1e+06 -1e+06 -1e+06 -1e+06
-0.576161 -6.71222e-26 9.29937e-27 1.96655e-13 5.40442e-27 -1.59419e-14 -1e+06 -1e+06 -1e+06 -1e+06 -1e+06 -1e+06
-0.211332 -3.36369e-26 5.64787e-28 8.47416e-14 9.4322e-27 -2.63942e-14 -1e+06 -1e+06 -1e+06 -1e+06 -1e+06 -1e+06
-0.348403 -7.64373e-26 -5.60849e-27 1.63198e-13 3.18999e-26 -6.86146e-14 -1e+06 -1e+06 -1e+06 -1e+06 -1e+06 -1e+06
-0.0230828 -6.02667e-27 7.7456e-27 1.18244e-14 -5.5753e-28 1.40187e-16 -1e+06 -1e+06 -1e+06 -1e+06 -1e+06 -1e+06
0.592089 1.85327e-25 6.7002e-26 -3.31078e-13 -1.08893e-25 1.95914e-13 -1e+06 -1e+06 -1e+06 -1e+06 -1e+06 -1e+06
0.361171 1.33045e-25 6.22948e-26 -2.18531e-13 -8.88037e-26 1.48456e-13 -1e+06 -1e+06 -1e+06 -1e+06 -1e+06 -1e+06
-0.310955 -1.0779e-25 -7.83726e-26 1.84616e-13 9.35914e-26 -1.56404e-13 -1e+06 -1e+06 -1e+06 -1e+06 -1e+06 -1e+06
0.0257777 1.27999e-26 9.67194e-27 -1.58318e-14 -7.06149e-27 1.47164e-14 -1e+06 -1e+06 -1e+06 -1e+06 -1e+06 -1e+06
0.448775 1.33981e-25 1.6966e-25 -2.45128e-13 -1.49593e-25 2.74574e-13 -1e+06 -1e+06 -1e+06 -1e+06 -1e+06 -1e+06
-0.278088 -7.04063e-26 -1.14348e-25 1.41903e-13 9.08373e-26 -1.78332e-13 -1e+06 -1e+06 -1e+06 -1e+06 -1e+06 -1e+06
0.557334 1.09481e-25 2.07463e-25 -2.46161e-13 -1.477e-25 3.37721e-13 -1e+06 -1e+06 -1e+06 -1e+06 -1e+06 -1e+06
-0.440333 -5.42143e-26 -9.98951e-26 1.65056e-13 8.56709e-26 -2.13853e-13 -1e+06 -1e+06 -1e+06 -1e+06 -1e+06 -1e+06
0.33667 4.57164e-26 5.11848e-26 -1.22683e-13 -4.38456e-26 1.25906e-13 -1e+06 -1e+06 -1e+06 -1e+06 -1e+06 -1e+06
0.0729466 8.76354e-27 8.73932e-27 -1.95573e-14 -5.16355e-27 2.44434e-14 -1e+06 -1e+06 -1e+06 -1e+06 -1e+06 -1e+06
-0.577754 -2.09997e-27 1.79121e-27 6.64311e-14 1.33214e-26 -5.87911e-14 -1e+06 -1e+06 -1e+06 -1e+06 -1e+06 -1e+06
-0.195369 5.56598e-27 5.34302e-28 6.82845e-15 5.16169e-27 -2.31025e-14 -1e+06 -1e+06 -1e+06 -1e+06 -1e+06 -1e+06
-0.136061 -2.13444e-29 9.54228e-27 1.25287e-14 2.20403e-27 1.45696e-14 -1e+06 -1e+06 -1e+06 -1e+06 -1e+06 -1e+06
-0.264356 -3.79458e-27 2.39483e-27 4.13456e-14 -1.88673e-27 4.54659e-14 -1e+06 -1e+06 -1e+06 -1e+06 -1e+06 -1e+06
-0.118473 -1.75734e-26 -2.40625e-26 4.66724e-14 -2.20547e-26 6.30273e-14 -1e+06 -1e+06 -1e+06 -1e+06 -1e+06 -1e+06
0.293343 1.09535e-25 1.14635e-25 -1.75685e-13 1.11037e-25 -1.82992e-13 -1e+06 -1e+06 -1e+06 -1e+06 -1e+06 -1e+06
0.126476 4.22051e-26 4.12611e-26 -6.79818e-14 4.00503e-26 -7.19451e-14 -1e+06 -1e+06 -1e+06 -1e+06 -1e+06 -1e+06
0.200155 7.96515e-26 4.38834e-26 -1.25998e-13 5.64305e-26 -9.10795e-14 -1e+06 -1e+06 -1e+06 -1e+06 -1e+06 -1e+06
-0.590038 -1.78788e-25 -8.22113e-26 3.34159e-13 -1.24217e-25 2.20281e-13 -1e+06 -1e+06 -1e+06 -1e+06 -1e+06 -1e+06
0.376489 1.07571e-25 3.67069e-26 -2.00339e-13 6.03542e-26 -1.15503e-13 -1e+06 -1e+06 -1e+06 -1e+06 -1e+06 -1e+06
0.60036 1.41807e-25 1.05046e-26 -2.91346e-13 3.48491e-26 -6.97377e-14 -1e+06 -1e+06 -1e+06 -1e+06 -1e+06 -1e+06
-0.329642 -4.99792e-26 2.09984e-27 1.42147e-13 2.39964e-27 6.03355e-15 -1e+06 -1e+06 -1e+06 -1e+06 -1e+06 -1e+06
-0.497263 -7.04252e-26 -1.17798e-26 2.02681e-13 3.62104e-26 -7.99552e-14 -1e+06 -1e+06 -1e+06 -1e+06 -1e+06 -1e+06
0.00612038 1.98333e-27 6.83231e-27 3.82962e-15 3.8274e-27 6.55023e-15 -1e+06 -1e+06 -1e+06 -1e+06 -1e+06 -1e+06
-0.493047 -3.53249e-27 -2.15426e-25 8.46023e-14 6.16231e-26 -3.2788e-13 -1e+06 -1e+06 -1e+06 -1e+06 -1e+06 -1e+06
0.599032 3.27988e-27 3.06596e-25 -1.46312e-14 -1.12847e-26 4.28396e-13 -1e+06 -1e+06 -1e+06 -1e+06 -1e+06 -1e+06
0.230504 5.51913e-27 8.8599e-26 -7.03627e-15 -1.70964e-27 1.41859e-13 -1e+06 -1e+06 -1e+06 -1e+06 -1e+06 -1e+06
-0.552127 -4.6086e-27 -1.5401e-25 5.75398e-14 3.4298e-26 -2.98475e-13 -1e+06 -1e+06 -1e+06 -1e+06 -1e+06 -1e+06
-0.0588702 -1.86526e-27 -9.36937e-28 1.72302e-14 8.27136e-27 -1.65341e-14 -1e+06 -1e+06 -1e+06 -1e+06 -1e+06 -1e+06
0.593323 4.55099e-26 3.88042e-26 -1.54461e-13 -3.92876e-26 1.51719e-13 -1e+06 -1e+06 -1e+06 -1e+06 -1e+06 -1e+06
-0.436037 -7.66439e-26 6.2448e-27 1.83471e-13 5.70143e-27 -1.82374e-14 -1e+06 -1e+06 -1e+06 -1e+06 -1e+06 -1e+06
0.366076 7.88344e-26 1.16764e-26 -1.61983e-13 2.87282e-26 -6.53646e-14 -1e+06 -1e+06 -1e+06 -1e+06 -1e+06 -1e+06
0.564845 1.91875e-25 9.37132e-26 -3.28367e-13 1.33376e-25 -2.26553e-13 -1e+06 -1e+06 -1e+06 -1e+06 -1e+06 -1e+06
0.0530879 1.17986e-26 2.45813e-26 -2.33533e-14 1.40267e-26 -3.51299e-14 -1e+06 -1e+06 -1e+06 -1e+06 -1e+06 -1e+06
0.500221 2.10628e-25 1.55984e-25 -3.20361e-13 1.80984e-25 -2.77746e-13 -1e+06 -1e+06 -1e+06 -1e+06 -1e+06 -1e+06
-0.539281 -1.44951e-25 -2.14031e-25 2.94858e-13 -1.89357e-25 3.40273e-13 -1e+06 -1e+06 -1e+06 -1e+06 -1e+06 -1e+06
-0.401048 -9.06536e-26 -1.76353e-25 2.05325e-13 -1.39588e-25 2.66466e-13 -1e+06 -1e+06 -1e+06 -1e+06 -1e+06 -1e+06
-0.124161 4.09606e-27 -5.23824e-26 3.91378e-14 -2.69115e-26 8.07462e-14 -1e+06 -1e+06 -1e+06 -1e+06 -1e+06 -1e+06
0.419138 8.51356e-26 1.44195e-25 -1.83556e-13 1.10266e-25 -2.43419e-13 -1e+06 -1e+06 -1e+06 -1e+06 -1e+06 -1e+06
-0.589384 -1.13077e-25 -1.95204e-25 2.81761e-13 -1.59114e-25 3.39612e-13 -1e+06 -1e+06 -1e+06 -1e+06 -1e+06 -1e+06
-0.412333 -3.97004e-26 -1.03182e-25 1.54973e-13 -7.2064e-26 2.08357e-13 -1e+06 -1e+06 -1e+06 -1e+06 -1e+06 -1e+06
-0.059616 1.91919e-26 5.10851e-27 2.39342e-16 1.21667e-26 1.26126e-14 -1e+06 -1e+06 -1e+06 -1e+06 -1e+06 -1e+06
-0.492625 -4.91507e-26 -8.52627e-26 1.80363e-13 -6.88895e-26 2.09081e-13 -1e+06 -1e+06 -1e+06 -1e+06 -1e+06 -1e+06
-0.347755 5.21024e-27 -1.65506e-26 5.38387e-14 -4.9797e-27 8.73454e-14 -1e+06 -1e+06 -1e+06 -1e+06 -1e+06 -1e+06
0.590758 1.40956e-26 3.14199e-26 -8.7502e-14 1.88333e-26 -1.34164e-13 -1e+06 -1e+06 -1e+06 -1e+06 -1e+06 -1e+06
-0.117202 -3.19956e-27 -1.81053e-26 -3.0063e-14 -8.44653e-27 -5.30397e-14 -1e+06 -1e+06 -1e+06 -1e+06 -1e+06 -1e+06
0.209553 1.25404e-26 4.52142e-26 3.63466e-14 1.48686e-26 9.67099e-14 -1e+06 -1e+06 -1e+06 -1e+06 -1e+06 -1e+06
-0.463609 -5.78768e-26 -1.37909e-25 -1.6829e-13 -9.66057e-26 -2.56395e-13 -1e+06 -1e+06 -1e+06 -1e+06 -1e+06 -1e+06
-0.593065 1.34602e-27 -2.23732e-25 -9.83082e-14 -6.68317e-26 -3.6601e-13 -1e+06 -1e+06 -1e+06 -1e+06 -1e+06 -1e+06
-0.192164 -5.82406e-30 -2.0683e-30 -1.07603e-15 -4.02611e-30 -8.12741e-16 -1e+06 -1e+06 -1e+06 -1e+06 -1e+06 -1e+06
0.101039 1.61093e-29 2.78594e-29 1.25707e-15 -7.2187e-30 -2.9403e-16 -1e+06 -1e+06 -1e+06 -1e+06 -1e+06 -1e+06
-0.0918492 -3.20199e-28 -2.8625e-29 -5.53831e-15 -1.47952e-28 -2.16313e-15 -1e+06 -1e+06 -1e+06 -1e+06 -1e+06 -1e+06
-0.48266 -5.59646e-27 -2.27113e-27 -5.2222e-14 -3.56517e-27 -3.32568e-14 -1e+06 -1e+06 -1e+06 -1e+06 -1e+06 -1e+06
-0.00790582 -2.34461e-27 -1.55684e-27 -5.05952e-15 -1.97443e-27 -3.69586e-15 -1e+06 -1e+06 -1e+06 -1e+06 -1e+06 -1e+06
-0.297489 -3.51398e-26 -4.36651e-26 -1.02298e-13 -3.93098e-26 -1.14124e-13 -1e+06 -1e+06 -1e+06 -1e+06 -1e+06 -1e+06
0.321398 3.32875e-26 5.46007e-26 1.02782e-13 4.25753e-26 1.32228e-13 -1e+06 -1e+06 -1e+06 -1e+06 -1e+06 -1e+06
-0.508943 -8.72793e-27 -1.22751e-25 -6.75106e-14 -3.30548e-26 -2.49998e-13 -1e+06 -1e+06 -1e+06 -1e+06 -1e+06 -1e+06
-0.18051 -2.33168e-27 -4.77809e-26 -2.05821e-14 -1.05991e-26 -9.2876e-14 -1e+06 -1e+06 -1e+06 -1e+06 -1e+06 -1e+06
0.0432179 9.15826e-28 1.22219e-26 1.06008e-15 8.69944e-28 2.28817e-14 -1e+06 -1e+06 -1e+06 -1e+06 -1e+06 -1e+06
-0.217438 -5.57022e-28 -7.65823e-26 -1.23466e-14 -7.32208e-27 -1.29042e-13 -1e+06 -1e+06 -1e+06 -1e+06 -1e+06 -1e+06
0.56614 1.47354e-27 2.30071e-25 2.60236e-14 1.68378e-26 3.60719e-13 -1e+06 -1e+06 -1e+06 -1e+06 -1e+06 -1e+06
-0.11823 7.30305e-28 -4.71594e-26 -1.50494e-14 -8.48275e-27 -7.5009e-14 -1e+06 -1e+06 -1e+06 -1e+06 -1e+06 -1e+06
-0.575902 -2.10638e-27 -2.01067e-25 -4.76644e-14 -2.77948e-26 -3.40351e-13 -1e+06 -1e+06 -1e+06 -1e+06 -1e+06 -1e+06
-0.227415 -2.89447e-27 -6.73494e-26 -3.0365e-14 -1.63856e-26 -1.23775e-13 -1e+06 -1e+06 -1e+06 -1e+06 -1e+06 -1e+06
0.0471935 9.97879e-27 1.4659e-26 2.03685e-14 1.17073e-26 2.61749e-14 -1e+06 -1e+06 -1e+06 -1e+06 -1e+06 -1e+06
0.341846 4.47079e-26 5.78805e-26 1.2286e-13 5.06396e-26 1.40645e-13 -1e+06 -1e+06 -1e+06 -1e+06 -1e+06 -1e+06
-0.55209 -6.07446e-26 -7.6243e-26 -1.88901e-13 -6.91437e-26 -2.05693e-13 -1e+06 -1e+06 -1e+06 -1e+06 -1e+06 -1e+06
0.244563 3.88125e-26 2.44631e-26 9.60356e-14 3.05223e-26 7.73096e-14 -1e+06 -1e+06 -1e+06 -1e+06 -1e+06 -1e+06
0.583439 7.3949e-26 3.0877e-26 2.07544e-13 4.76726e-26 1.34167e-13 -1e+06 -1e+06 -1e+06 -1e+06 -1e+06 -1e+06
-0.0264973 -8.43814e-31 1.45777e-28 -1.28279e-14 4.79263e-28 -1.45552e-15 -1e+06 -1e+06 -1e+06 -1e+06 -1e+06 -1e+06
0.228834 1.21915e-27 1.72941e-27 1.41047e-14 -7.35222e-28 -1.76946e-14 -1e+06 -1e+06 -1e+06 -1e+06 -1e+06 -1e+06
0.580193 1.08985e-27 3.8887e-26 -1.18138e-14 2.55793e-27 -1.49661e-13 -1e+06 -1e+06 -1e+06 -1e+06 -1e+06 -1e+06
0.539205 9.3516e-27 7.34174e-26 -6.72772e-14 2.41143e-26 -1.98387e-13 -1e+06 -1e+06 -1e+06 -1e+06 -1e+06 -1e+06
0.279737 5.61052e-27 4.71081e-26 -3.72712e-14 1.46946e-26 -1.14264e-13 -1e+06 -1e+06 -1e+06 -1e+06 -1e+06 -1e+06
-0.57889 -5.81417e-26 -1.31047e-25 1.83462e-13 -8.76118e-26 2.76558e-13 -1e+06 -1e+06 -1e+06 -1e+06 -1e+06 -1e+06
-0.0658278 -8.63732e-27 -1.46944e-26 2.45773e-14 -1.12866e-26 3.16448e-14 -1e+06 -1e+06 -1e+06 -1e+06 -1e+06 -1e+06
-0.20695 -6.18056e-26 -7.60791e-26 1.13918e-13 -7.18194e-26 1.27655e-13 -1e+06 -1e+06 -1e+06 -1e+06 -1e+06 -1e+06
-0.508298 -1.83646e-25 -1.7815e-25 3.05701e-13 -1.82234e-25 3.02104e-13 -1e+06 -1e+06 -1e+06 -1e+06 -1e+06 -1e+06
0.586977 2.82313e-25 1.80709e-25 -4.06043e-13 2.24403e-25 -3.2539e-13 -1e+06 -1e+06 -1e+06 -1e+06 -1e+06 -1e+06
0.12558 7.07506e-26 3.12883e-26 -9.3021e-14 4.35224e-26 -6.10699e-14 -1e+06 -1e+06 -1e+06 -1e+06 -1e+06 -1e+06
-0.497104 -2.35903e-25 -1.28244e-25 3.42691e-13 -1.76587e-25 2.54843e-13 -1e+06 -1e+06 -1e+06 -1e+06 -1e+06 -1e+06
-0.0321838 -1.44679e-26 -2.00835e-27 2.29267e-14 -1.23585e-26 1.36293e-14 -1e+06 -1e+06 -1e+06 -1e+06 -1e+06 -1e+06
-0.0196214 -5.13865e-27 6.81369e-27 1.69703e-14 -7.82645e-28 -1.33059e-14 -1e+06 -1e+06 -1e+06 -1e+06 -1e+06 -1e+06
0.601871 2.48984e-26 9.80981e-28 -1.22412e-13 4.94142e-27 -2.42975e-14 -1e+06 -1e+06 -1e+06 -1e+06 -1e+06 -1e+06
0.240528 2.97357e-27 1.19968e-27 -1.92414e-14 -1.50111e-27 2.55321e-15 -1e+06 -1e+06 -1e+06 -1e+06 -1e+06 -1e+06
-0.451494 1.6929e-27 -1.48129e-26 -1.63927e-14 -5.78825e-27 -8.9265e-14 -1e+06 -1e+06 -1e+06 -1e+06 -1e+06 -1e+06
0.0742466 2.23919e-27 6.49952e-27 1.28672e-14 3.7508e-27 2.18116e-14 -1e+06 -1e+06 -1e+06 -1e+06 -1e+06 -1e+06
-0.600206 -2.28579e-26 -8.51077e-26 -1.22495e-13 -4.8921e-26 -2.2897e-13 -1e+06 -1e+06 -1e+06 -1e+06 -1e+06 -1e+06
-0.0959233 -1.61697e-26 -1.08761e-26 -4.20283e-14 -1.9315e-26 -3.74598e-14 -1e+06 -1e+06 -1e+06 -1e+06 -1e+06 -1e+06
-0.511597 -7.07001e-26 -1.7383e-25 -1.90997e-13 -1.12337e-25 -2.98957e-13 -1e+06 -1e+06 -1e+06 -1e+06 -1e+06 -1e+06
-0.10544 -2.29666e-28 -2.19843e-26 -5.45772e-15 -2.36784e-27 -4.85948e-14 -1e+06 -1e+06 -1e+06 -1e+06 -1e+06 -1e+06
-0.522647 1.74192e-27 -8.14411e-26 -1.32715e-14 -5.57082e-27 -2.06379e-13 -1e+06 -1e+06 -1e+06 -1e+06 -1e+06 -1e+06
0.473394 4.07933e-28 5.10571e-26 -1.33737e-14 -4.5071e-27 1.54396e-13 -1e+06 -1e+06 -1e+06 -1e+06 -1e+06 -1e+06
0.394738 1.08849e-25 2.36608e-29 -2.06749e-13 1.01562e-28 -4.12013e-16 -1e+06 -1e+06 -1e+06 -1e+06 -1e+06 -1e+06
0.306988 1.44898e-25 5.02507e-28 -2.10116e-13 1.50089e-27 -3.23471e-15 -1e+06 -1e+06 -1e+06 -1e+06 -1e+06 -1e+06
0.597975 2.82659e-25 1.10519e-27 -4.10951e-13 1.70147e-26 -2.49392e-14 -1e+06 -1e+06 -1e+06 -1e+06 -1e+06 -1e+06
0.596427 3.40273e-25 7.2448e-27 -4.50363e-13 4.94369e-26 -6.55803e-14 -1e+06 -1e+06 -1e+06 -1e+06 -1e+06 -1e+06
0.591251 3.4372e-25 1.59214e-26 -4.50648e-13 7.37444e-26 -9.68879e-14 -1e+06 -1e+06 -1e+06 -1e+06 -1e+06 -1e+06
-0.102682 -6.76582e-26 -1.18132e-27 8.63848e-14 -1.84912e-26 1.81798e-14 -1e+06 -1e+06 -1e+06 -1e+06 -1e+06 -1e+06
0.225068 8.99504e-26 2.36481e-26 -1.41796e-13 4.55915e-26 -7.27823e-14 -1e+06 -1e+06 -1e+06 -1e+06 -1e+06 -1e+06
-0.416781 -6.73049e-26 -4.80786e-26 1.70267e-13 -5.85687e-26 1.41817e-13 -1e+06 -1e+06 -1e+06 -1e+06 -1e+06 -1e+06
0.51323 5.87373e-27 1.43102e-26 -4.77371e-14 7.28708e-27 -8.49158e-14 -1e+06 -1e+06 -1e+06 -1e+06 -1e+06 -1e+06
0.567507 7.25369e-27 4.80373e-27 5.85224e-14 -5.58115e-27 -5.19983e-14 -1e+06 -1e+06 -1e+06 -1e+06 -1e+06 -1e+06
0.244566 2.46042e-26 3.28718e-27 7.68821e-14 -8.81868e-27 -2.82958e-14 -1e+06 -1e+06 -1e+06 -1e+06 -1e+06 -1e+06
0.111633 2.14254e-26 3.33401e-27 4.83306e-14 -8.3741e-27 -1.9289e-14 -1e+06 -1e+06 -1e+06 -1e+06 -1e+06 -1e+06
0.410379 7.8507e-26 2.12342e-26 1.78813e-13 -4.05037e-26 -9.32771e-14 -1e+06 -1e+06 -1e+06 -1e+06 -1e+06 -1e+06
0.42077 1.1097e-25 3.04378e-26 2.15584e-13 -5.7611e-26 -1.12937e-13 -1e+06 -1e+06 -1e+06 -1e+06 -1e+06 -1e+06
0.313899 9.80065e-26 2.69144e-26 1.74822e-13 -5.10058e-26 -9.18542e-14 -1e+06 -1e+06 -1e+06 -1e+06 -1e+06 -1e+06
-0.587235 -2.42011e-25 -5.879e-26 -3.77134e-13 1.19349e-25 1.85808e-13 -1e+06 -1e+06 -1e+06 -1e+06 -1e+06 -1e+06
0.434916 1.37386e-25 9.35832e-27 2.44113e-13 -3.5555e-26 -6.36034e-14 -1e+06 -1e+06 -1e+06 -1e+06 -1e+06 -1e+06
-0.523612 -1.0708e-25 -1.916e-27 -2.40486e-13 1.6076e-26 3.32406e-14 -1e+06 -1e+06 -1e+06 -1e+06 -1e+06 -1e+06
0.115066 2.02533e-26 2.95218e-28 4.82608e-14 -2.41263e-27 -5.72631e-15 -1e+06 -1e+06 -1e+06 -1e+06 -1e+06 -1e+06
-0.365515 -4.69493e-27 -8.41631e-27 6.58127e-14 1.20631e-26 -5.6951e-14 -1e+06 -1e+06 -1e+06 -1e+06 -1e+06 -1e+06
-0.576017 -2.25464e-25 -1.0178e-25 3.67696e-13 1.56485e-25 -2.42497e-13 -1e+06 -1e+06 -1e+06 -1e+06 -1e+06 -1e+06
0.0570733 4.1417e-26 1.14598e-26 -4.7475e-14 -2.01063e-26 2.51706e-14 -1e+06 -1e+06 -1e+06 -1e+06 -1e+06 -1e+06
0.536293 3.06133e-25 1.52717e-25 -4.05183e-13 -2.15966e-25 2.85911e-13 -1e+06 -1e+06 -1e+06 -1e+06 -1e+06 -1e+06
0.266703 1.74767e-25 9.25751e-26 -2.15318e-13 -1.26191e-25 1.56913e-13 -1e+06 -1e+06 -1e+06 -1e+06 -1e+06 -1e+06
-0.557326 -2.13164e-25 -2.02992e-25 3.48096e-13 2.11953e-25 -3.36834e-13 -1e+06 -1e+06 -1e+06 -1e+06 -1e+06 -1e+06
-0.323598 -8.69805e-26 -1.15191e-25 1.68714e-13 1.01571e-25 -1.93482e-13 -1e+06 -1e+06 -1e+06 -1e+06 -1e+06 -1e+06
-0.164885 -2.93137e-26 -4.61173e-26 7.02106e-14 3.76462e-26 -8.74636e-14 -1e+06 -1e+06 -1e+06 -1e+06 -1e+06 -1e+06
0.582102 2.40262e-26 1.3616e-25 -1.14923e-13 -5.57758e-26 2.81498e-13 -1e+06 -1e+06 -1e+06 -1e+06 -1e+06 -1e+06
-0.5425 -5.42303e-28 -9.83435e-26 1.74996e-14 7.56706e-27 -2.31502e-13 -1e+06 -1e+06 -1e+06 -1e+06 -1e+06 -1e+06
-0.191282 -1.71746e-26 -1.20464e-26 -5.90178e-14 -1.668e-26 -5.04e-14 -1e+06 -1e+06 -1e+06 -1e+06 -1e+06 -1e+06
-0.327353 -5.25228e-26 -7.71342e-27 -1.3209e-13 -2.39392e-26 -5.62709e-14 -1e+06 -1e+06 -1e+06 -1e+06 -1e+06 -1e+06
0.521399 1.35267e-25 1.80689e-27 2.653e-13 1.43428e-26 2.8682e-14 -1e+06 -1e+06 -1e+06 -1e+06 -1e+06 -1e+06
-0.592753 -2.38466e-25 3.22832e-27 -3.77023e-13 1.20583e-26 2.26405e-14 -1e+06 -1e+06 -1e+06 -1e+06 -1e+06 -1e+06
0.218821 1.02042e-25 1.14555e-27 1.49429e-13 -7.24563e-27 -1.05856e-14 -1e+06 -1e+06 -1e+06 -1e+06 -1e+06 -1e+06
0.512123 2.57008e-25 1.04781e-26 3.62641e-13 -5.12606e-26 -7.26613e-14 -1e+06 -1e+06 -1e+06 -1e+06 -1e+06 -1e+06
-0.288174 -9.48867e-26 -4.62123e-26 -1.69206e-13 6.65557e-26 1.21212e-13 -1e+06 -1e+06 -1e+06 -1e+06 -1e+06 -1e+06
