100     0.04996    0.00508    0.00599    0.03889      0.03936      
200     0.04242    0.00523    0.00622    0.03097      0.03103      
300     0.02728    0.00538    0.00645    0.01546      0.01565      
400     0.02706    0.00551    0.00666    0.01489      0.01530      
500     0.05981    0.00567    0.00691    0.04724      0.04749      
600     0.05210    0.00580    0.00707    0.03923      0.03977      
700     0.03667    0.00586    0.00723    0.02358      0.02362      
800     0.04367    0.00597    0.00736    0.03034      0.03134      
900     0.03225    0.00609    0.00752    0.01865      0.01920      
1000    0.03305    0.00620    0.00764    0.01921      0.01954      
1100    0.03787    0.00631    0.00780    0.02376      0.02398      
1200    0.03668    0.00639    0.00793    0.02236      0.02313      
1300    0.04422    0.00656    0.00811    0.02955      0.02970      
1400    0.02978    0.00659    0.00818    0.01500      0.01510      
1500    0.04203    0.00667    0.00830    0.02707      0.02750      
1600    0.03363    0.00668    0.00834    0.01862      0.01897      
1700    0.04225    0.00681    0.00848    0.02696      0.02704      
1800    0.03601    0.00686    0.00856    0.02059      0.02076      
1900    0.03680    0.00697    0.00870    0.02113      0.02158      
2000    0.02859    0.00703    0.00879    0.01277      0.01320      
2100    0.03387    0.00713    0.00890    0.01784      0.01818      
2200    0.03426    0.00723    0.00901    0.01801      0.01836      
2300    0.03306    0.00733    0.00914    0.01658      0.01682      
2400    0.03221    0.00743    0.00926    0.01552      0.01603      
2500    0.02975    0.00747    0.00934    0.01294      0.01353      
2600    0.03074    0.00748    0.00940    0.01386      0.01410      
2700    0.03226    0.00762    0.00955    0.01509      0.01574      
2800    0.03096    0.00769    0.00963    0.01364      0.01412      
2900    0.02945    0.00775    0.00973    0.01197      0.01238      
3000    0.03646    0.00782    0.00981    0.01883      0.01961      
3100    0.03314    0.00797    0.00997    0.01521      0.01580      
3200    0.03785    0.00802    0.01003    0.01980      0.02005      
3300    0.03101    0.00804    0.01004    0.01293      0.01315      
3400    0.03290    0.00815    0.01021    0.01454      0.01475      
3500    0.03084    0.00818    0.01025    0.01240      0.01265      
3600    0.03242    0.00823    0.01037    0.01382      0.01439      
3700    0.03002    0.00832    0.01047    0.01123      0.01169      
3800    0.03341    0.00838    0.01053    0.01450      0.01479      
3900    0.03137    0.00844    0.01059    0.01234      0.01275      
4000    0.03060    0.00853    0.01070    0.01137      0.01183      
4100    0.03146    0.00853    0.01071    0.01222      0.01253      
4200    0.03058    0.00856    0.01082    0.01119      0.01162      
4300    0.03162    0.00859    0.01087    0.01216      0.01266      
4400    0.03074    0.00868    0.01095    0.01110      0.01153      
4500    0.02983    0.00877    0.01106    0.01000      0.01041      
4600    0.03218    0.00876    0.01107    0.01235      0.01251      
4700    0.02977    0.00877    0.01109    0.00991      0.01032      
4800    0.03100    0.00884    0.01114    0.01101      0.01133      
4900    0.03142    0.00888    0.01119    0.01135      0.01187      
5000    0.03322    0.00893    0.01124    0.01305      0.01363      
5100    0.03139    0.00896    0.01130    0.01113      0.01146      
5200    0.03276    0.00900    0.01134    0.01242      0.01277      
5300    0.03158    0.00905    0.01142    0.01111      0.01161      
5400    0.03248    0.00908    0.01145    0.01195      0.01243      
5500    0.03097    0.00915    0.01157    0.01026      0.01071      
5600    0.03165    0.00916    0.01159    0.01090      0.01127      
5700    0.03105    0.00922    0.01165    0.01018      0.01064      
5800    0.03015    0.00924    0.01170    0.00921      0.00958      
5900    0.03260    0.00934    0.01178    0.01147      0.01162      
6000    0.02855    0.00940    0.01187    0.00727      0.00759      
6100    0.02920    0.00942    0.01194    0.00784      0.00801      
6200    0.03030    0.00944    0.01196    0.00890      0.00903      
6300    0.02908    0.00943    0.01197    0.00767      0.00778      
6400    0.02741    0.00952    0.01205    0.00583      0.00575      
6500    0.03002    0.00952    0.01209    0.00841      0.00830      
6600    0.02751    0.00956    0.01211    0.00585      0.00602      
6700    0.02767    0.00956    0.01213    0.00598      0.00602      
6800    0.02631    0.00965    0.01221    0.00446      0.00460      
6900    0.02755    0.00969    0.01225    0.00560      0.00556      
7000    0.02901    0.00967    0.01223    0.00712      0.00714      
7100    0.02660    0.00972    0.01227    0.00460      0.00460      
7200    0.02841    0.00972    0.01233    0.00636      0.00638      
7300    0.02690    0.00973    0.01237    0.00480      0.00475      
7400    0.02736    0.00977    0.01240    0.00519      0.00502      
7500    0.02885    0.00977    0.01242    0.00665      0.00656      
7600    0.02707    0.00983    0.01249    0.00475      0.00481      
7700    0.02716    0.00987    0.01256    0.00473      0.00501      
7800    0.02719    0.00994    0.01260    0.00465      0.00455      
7900    0.02850    0.00998    0.01266    0.00586      0.00575      
8000    0.02931    0.00997    0.01265    0.00669      0.00698      
8100    0.02778    0.01003    0.01271    0.00505      0.00516      
8200    0.02888    0.01006    0.01276    0.00606      0.00600      
8300    0.02827    0.01012    0.01283    0.00533      0.00548      
8400    0.02738    0.01015    0.01288    0.00435      0.00462      
8500    0.02805    0.01019    0.01291    0.00495      0.00518      
8600    0.02748    0.01021    0.01295    0.00431      0.00455      
8700    0.02683    0.01021    0.01298    0.00364      0.00387      
8800    0.02826    0.01025    0.01301    0.00500      0.00488      
8900    0.02730    0.01020    0.01297    0.00413      0.00432      
9000    0.02784    0.01027    0.01305    0.00452      0.00437      
9100    0.02747    0.01029    0.01305    0.00413      0.00436      
9200    0.02819    0.01031    0.01309    0.00480      0.00467      
9300    0.02796    0.01034    0.01314    0.00448      0.00447      
9400    0.02779    0.01034    0.01315    0.00430      0.00425      
9500    0.02770    0.01033    0.01314    0.00422      0.00451      
9600    0.02723    0.01036    0.01318    0.00369      0.00372      
9700    0.02732    0.01039    0.01321    0.00372      0.00365      
9800    0.02827    0.01038    0.01323    0.00466      0.00500      
9900    0.02781    0.01040    0.01326    0.00416      0.00438      
10000   0.02749    0.01042    0.01330    0.00377      0.00402      
10100   0.02871    0.01036    0.01325    0.00510      0.00531      
10200   0.02777    0.01039    0.01329    0.00409      0.00404      
10300   0.02728    0.01039    0.01330    0.00359      0.00374      
10400   0.02749    0.01042    0.01334    0.00373      0.00394      
10500   0.02745    0.01044    0.01333    0.00368      0.00384      
10600   0.02750    0.01044    0.01335    0.00371      0.00388      
10700   0.02741    0.01046    0.01338    0.00357      0.00376      
10800   0.02735    0.01043    0.01336    0.00357      0.00375      
10900   0.02711    0.01043    0.01338    0.00329      0.00344      
11000   0.02767    0.01043    0.01336    0.00388      0.00410      
11100   0.02732    0.01042    0.01335    0.00355      0.00371      
11200   0.02782    0.01042    0.01336    0.00404      0.00414      
11300   0.02753    0.01045    0.01341    0.00367      0.00373      
11400   0.02748    0.01048    0.01343    0.00358      0.00368      
11500   0.02772    0.01052    0.01344    0.00376      0.00394      
11600   0.02777    0.01055    0.01346    0.00376      0.00400      
11700   0.02727    0.01051    0.01345    0.00332      0.00345      
11800   0.02754    0.01051    0.01345    0.00358      0.00378      
11900   0.02725    0.01053    0.01345    0.00327      0.00335      
12000   0.02739    0.01052    0.01343    0.00343      0.00355      
12100   0.02715    0.01049    0.01339    0.00327      0.00340      
12200   0.02773    0.01051    0.01343    0.00379      0.00374      
12300   0.02718    0.01049    0.01341    0.00329      0.00344      
12400   0.02740    0.01051    0.01343    0.00346      0.00363      
12500   0.02711    0.01044    0.01336    0.00331      0.00335      
12600   0.02712    0.01042    0.01334    0.00336      0.00340      
12700   0.02737    0.01038    0.01331    0.00368      0.00390      
12800   0.02717    0.01035    0.01328    0.00354      0.00351      
12900   0.02707    0.01034    0.01328    0.00345      0.00354      
13000   0.02701    0.01035    0.01328    0.00339      0.00356      
13100   0.02716    0.01034    0.01327    0.00355      0.00359      
13200   0.02691    0.01032    0.01324    0.00335      0.00335      
13300   0.02677    0.01028    0.01321    0.00327      0.00332      
13400   0.02675    0.01026    0.01317    0.00332      0.00343      
13500   0.02672    0.01025    0.01315    0.00332      0.00330      
13600   0.02668    0.01021    0.01313    0.00334      0.00355      
13700   0.02654    0.01020    0.01312    0.00322      0.00327      
13800   0.02643    0.01013    0.01304    0.00326      0.00333      
13900   0.02648    0.01008    0.01298    0.00341      0.00351      
14000   0.02627    0.01009    0.01298    0.00321      0.00328      
14100   0.02616    0.01002    0.01291    0.00322      0.00333      
14200   0.02605    0.01000    0.01289    0.00316      0.00326      
14300   0.02603    0.00994    0.01282    0.00327      0.00343      
14400   0.02593    0.00988    0.01275    0.00329      0.00337      
14500   0.02569    0.00983    0.01271    0.00315      0.00329      
14600   0.02555    0.00981    0.01269    0.00305      0.00313      
14700   0.02563    0.00979    0.01266    0.00318      0.00336      
14800   0.02536    0.00975    0.01263    0.00298      0.00305      
14900   0.02549    0.00972    0.01262    0.00315      0.00318      
15000   0.02532    0.00967    0.01257    0.00308      0.00312      
15100   0.02532    0.00966    0.01255    0.00311      0.00322      
15200   0.02508    0.00959    0.01247    0.00302      0.00313      
15300   0.02500    0.00955    0.01247    0.00298      0.00311      
15400   0.02495    0.00953    0.01242    0.00299      0.00311      
15500   0.02482    0.00948    0.01235    0.00300      0.00307      
15600   0.02489    0.00945    0.01232    0.00312      0.00311      
15700   0.02464    0.00944    0.01228    0.00291      0.00301      
15800   0.02464    0.00942    0.01226    0.00296      0.00302      
15900   0.02441    0.00934    0.01215    0.00291      0.00304      
16000   0.02439    0.00936    0.01214    0.00290      0.00301      
16100   0.02441    0.00932    0.01209    0.00301      0.00310      
16200   0.02418    0.00926    0.01203    0.00289      0.00290      
16300   0.02403    0.00921    0.01197    0.00284      0.00301      
16400   0.02385    0.00916    0.01191    0.00277      0.00285      
16500   0.02396    0.00913    0.01188    0.00294      0.00299      
16600   0.02378    0.00907    0.01181    0.00290      0.00295      
16700   0.02365    0.00903    0.01178    0.00283      0.00292      
16800   0.02367    0.00903    0.01178    0.00285      0.00296      
16900   0.02344    0.00899    0.01172    0.00273      0.00288      
17000   0.02350    0.00900    0.01174    0.00276      0.00284      
17100   0.02355    0.00902    0.01178    0.00275      0.00285      
17200   0.02349    0.00900    0.01171    0.00278      0.00280      
17300   0.02327    0.00894    0.01169    0.00265      0.00268      
17400   0.02315    0.00891    0.01164    0.00259      0.00267      
17500   0.02331    0.00884    0.01157    0.00290      0.00299      
17600   0.02287    0.00881    0.01153    0.00253      0.00260      
17700   0.02276    0.00879    0.01151    0.00246      0.00257      
17800   0.02261    0.00874    0.01144    0.00242      0.00250      
17900   0.02279    0.00870    0.01142    0.00267      0.00278      
18000   0.02256    0.00869    0.01142    0.00245      0.00258      
18100   0.02251    0.00872    0.01144    0.00235      0.00244      
18200   0.02243    0.00870    0.01143    0.00230      0.00241      
18300   0.02234    0.00868    0.01138    0.00228      0.00231      
18400   0.02214    0.00866    0.01139    0.00209      0.00222      
18500   0.02202    0.00862    0.01134    0.00206      0.00206      
18600   0.02207    0.00864    0.01137    0.00206      0.00208      
18700   0.02181    0.00860    0.01132    0.00189      0.00198      
18800   0.02158    0.00858    0.01130    0.00170      0.00170      
18900   0.02153    0.00858    0.01128    0.00167      0.00168      
19000   0.02157    0.00858    0.01129    0.00170      0.00173      
19100   0.02142    0.00855    0.01128    0.00158      0.00165      
19200   0.02135    0.00859    0.01130    0.00146      0.00155      
19300   0.02117    0.00858    0.01129    0.00131      0.00137      
19400   0.02125    0.00860    0.01130    0.00134      0.00134      
19500   0.02131    0.00862    0.01133    0.00136      0.00139      
19600   0.02135    0.00861    0.01130    0.00144      0.00145      
19700   0.02122    0.00859    0.01130    0.00133      0.00133      
19800   0.02131    0.00859    0.01131    0.00140      0.00151      
19900   0.02148    0.00859    0.01130    0.00158      0.00154      
20000   0.02148    0.00862    0.01134    0.00153      0.00150      
20100   0.02159    0.00862    0.01133    0.00164      0.00172      
20200   0.02125    0.00861    0.01131    0.00133      0.00134      
20300   0.02152    0.00861    0.01131    0.00160      0.00166      
20400   0.02120    0.00861    0.01129    0.00130      0.00133      
20500   0.02122    0.00860    0.01127    0.00135      0.00135      
20600   0.02099    0.00859    0.01126    0.00115      0.00121      
20700   0.02117    0.00859    0.01124    0.00135      0.00143      
20800   0.02102    0.00860    0.01126    0.00117      0.00116      
20900   0.02096    0.00860    0.01127    0.00109      0.00110      
21000   0.02098    0.00854    0.01122    0.00122      0.00128      
21100   0.02087    0.00856    0.01122    0.00109      0.00111      
21200   0.02080    0.00857    0.01121    0.00103      0.00110      
21300   0.02095    0.00858    0.01123    0.00115      0.00113      
21400   0.02078    0.00853    0.01116    0.00110      0.00111      
21500   0.02074    0.00854    0.01118    0.00101      0.00106      
21600   0.02075    0.00849    0.01112    0.00114      0.00120      
21700   0.02077    0.00850    0.01112    0.00115      0.00124      
21800   0.02053    0.00849    0.01110    0.00094      0.00097      
21900   0.02065    0.00848    0.01110    0.00107      0.00106      
22000   0.02068    0.00849    0.01111    0.00109      0.00111      
22100   0.02052    0.00847    0.01111    0.00094      0.00095      
22200   0.02056    0.00847    0.01110    0.00100      0.00103      
22300   0.02052    0.00841    0.01105    0.00106      0.00111      
22400   0.02033    0.00838    0.01103    0.00092      0.00096      
22500   0.02029    0.00837    0.01100    0.00092      0.00093      
22600   0.02040    0.00836    0.01096    0.00109      0.00112      
22700   0.02024    0.00836    0.01098    0.00090      0.00091      
22800   0.02015    0.00831    0.01093    0.00092      0.00093      
22900   0.02025    0.00831    0.01093    0.00101      0.00100      
23000   0.02024    0.00830    0.01091    0.00102      0.00104      
23100   0.02010    0.00828    0.01090    0.00093      0.00093      
23200   0.02015    0.00831    0.01094    0.00090      0.00090      
23300   0.02007    0.00824    0.01088    0.00096      0.00093      
23400   0.01995    0.00823    0.01087    0.00086      0.00088      
23500   0.01985    0.00818    0.01081    0.00087      0.00090      
23600   0.01987    0.00817    0.01079    0.00091      0.00091      
23700   0.01972    0.00814    0.01075    0.00083      0.00085      
23800   0.01975    0.00812    0.01076    0.00087      0.00088      
23900   0.01968    0.00810    0.01072    0.00086      0.00089      
24000   0.01967    0.00804    0.01065    0.00098      0.00095      
24100   0.01950    0.00801    0.01063    0.00086      0.00088      
24200   0.01953    0.00798    0.01060    0.00095      0.00099      
24300   0.01934    0.00795    0.01056    0.00083      0.00086      
24400   0.01948    0.00795    0.01055    0.00098      0.00095      
24500   0.01933    0.00793    0.01050    0.00090      0.00090      
24600   0.01914    0.00786    0.01043    0.00085      0.00087      
24700   0.01907    0.00782    0.01039    0.00086      0.00088      
24800   0.01904    0.00781    0.01038    0.00085      0.00089      
24900   0.01897    0.00775    0.01034    0.00087      0.00087      
25000   0.01896    0.00773    0.01029    0.00094      0.00092      
25100   0.01881    0.00767    0.01023    0.00091      0.00096      
25200   0.01873    0.00763    0.01020    0.00090      0.00093      
25300   0.01861    0.00758    0.01013    0.00091      0.00092      
25400   0.01846    0.00752    0.01007    0.00087      0.00092      
25500   0.01837    0.00748    0.01004    0.00085      0.00088      
25600   0.01829    0.00744    0.00999    0.00087      0.00088      
25700   0.01816    0.00737    0.00992    0.00086      0.00091      
25800   0.01808    0.00730    0.00985    0.00093      0.00099      
25900   0.01793    0.00726    0.00982    0.00085      0.00087      
26000   0.01787    0.00722    0.00977    0.00088      0.00089      
26100   0.01775    0.00718    0.00971    0.00086      0.00088      
26200   0.01762    0.00710    0.00964    0.00088      0.00089      
26300   0.01745    0.00701    0.00956    0.00088      0.00091      
26400   0.01738    0.00699    0.00954    0.00085      0.00089      
26500   0.01731    0.00696    0.00949    0.00086      0.00086      
26600   0.01716    0.00690    0.00941    0.00085      0.00087      
26700   0.01703    0.00681    0.00933    0.00089      0.00092      
26800   0.01688    0.00674    0.00926    0.00088      0.00092      
26900   0.01676    0.00670    0.00921    0.00085      0.00087      
27000   0.01665    0.00666    0.00915    0.00085      0.00088      
27100   0.01657    0.00662    0.00912    0.00083      0.00086      
27200   0.01654    0.00660    0.00908    0.00087      0.00091      
27300   0.01646    0.00654    0.00905    0.00087      0.00088      
27400   0.01641    0.00653    0.00902    0.00086      0.00089      
27500   0.01627    0.00645    0.00895    0.00086      0.00088      
27600   0.01613    0.00639    0.00891    0.00083      0.00085      
27700   0.01605    0.00636    0.00886    0.00084      0.00087      
27800   0.01593    0.00628    0.00881    0.00084      0.00087      
27900   0.01578    0.00620    0.00874    0.00084      0.00086      
28000   0.01569    0.00616    0.00869    0.00085      0.00089      
28100   0.01562    0.00612    0.00865    0.00085      0.00088      
28200   0.01549    0.00603    0.00857    0.00088      0.00090      
28300   0.01537    0.00599    0.00853    0.00085      0.00089      
28400   0.01525    0.00593    0.00846    0.00085      0.00086      
28500   0.01510    0.00588    0.00840    0.00082      0.00085      
28600   0.01506    0.00584    0.00836    0.00086      0.00091      
28700   0.01492    0.00578    0.00831    0.00083      0.00086      
28800   0.01477    0.00570    0.00824    0.00083      0.00087      
28900   0.01466    0.00564    0.00818    0.00084      0.00086      
29000   0.01456    0.00558    0.00812    0.00086      0.00089      
29100   0.01444    0.00553    0.00808    0.00084      0.00087      
29200   0.01431    0.00546    0.00800    0.00086      0.00090      
29300   0.01415    0.00539    0.00792    0.00084      0.00086      
29400   0.01407    0.00536    0.00788    0.00083      0.00087      
29500   0.01393    0.00527    0.00782    0.00084      0.00086      
29600   0.01386    0.00523    0.00776    0.00086      0.00088      
29700   0.01378    0.00520    0.00774    0.00084      0.00086      
29800   0.01365    0.00514    0.00768    0.00083      0.00086      
29900   0.01349    0.00506    0.00760    0.00082      0.00085      
30000   0.01336    0.00499    0.00755    0.00082      0.00084      
30100   0.01328    0.00495    0.00750    0.00083      0.00086      
30200   0.01318    0.00490    0.00744    0.00084      0.00087      
30300   0.01309    0.00485    0.00740    0.00085      0.00086      
30400   0.01302    0.00482    0.00736    0.00084      0.00088      
30500   0.01301    0.00482    0.00734    0.00084      0.00086      
30600   0.01288    0.00476    0.00729    0.00083      0.00084      
30700   0.01278    0.00471    0.00724    0.00083      0.00086      
30800   0.01269    0.00466    0.00720    0.00083      0.00084      
30900   0.01260    0.00461    0.00715    0.00085      0.00086      
31000   0.01251    0.00456    0.00710    0.00085      0.00087      
31100   0.01246    0.00455    0.00709    0.00082      0.00084      
31200   0.01234    0.00449    0.00703    0.00083      0.00085      
31300   0.01228    0.00445    0.00699    0.00084      0.00089      
31400   0.01222    0.00441    0.00695    0.00085      0.00089      
31500   0.01212    0.00438    0.00692    0.00082      0.00084      
31600   0.01207    0.00436    0.00689    0.00083      0.00086      
31700   0.01198    0.00432    0.00684    0.00082      0.00084      
31800   0.01194    0.00430    0.00681    0.00083      0.00084      
31900   0.01189    0.00428    0.00679    0.00082      0.00085      
32000   0.01186    0.00424    0.00676    0.00086      0.00091      
32100   0.01175    0.00421    0.00673    0.00081      0.00083      
32200   0.01172    0.00417    0.00670    0.00085      0.00086      
32300   0.01165    0.00415    0.00667    0.00082      0.00085      
32400   0.01159    0.00412    0.00664    0.00083      0.00085      
32500   0.01151    0.00409    0.00660    0.00082      0.00084      
32600   0.01146    0.00407    0.00658    0.00082      0.00085      
32700   0.01141    0.00405    0.00656    0.00081      0.00083      
32800   0.01135    0.00401    0.00652    0.00082      0.00086      
32900   0.01128    0.00398    0.00649    0.00082      0.00085      
33000   0.01120    0.00394    0.00644    0.00081      0.00085      
33100   0.01114    0.00391    0.00642    0.00081      0.00084      
33200   0.01110    0.00388    0.00639    0.00083      0.00084      
33300   0.01099    0.00383    0.00635    0.00081      0.00085      
33400   0.01097    0.00383    0.00633    0.00080      0.00084      
33500   0.01096    0.00383    0.00632    0.00081      0.00082      
33600   0.01092    0.00382    0.00630    0.00080      0.00082      
33700   0.01086    0.00379    0.00627    0.00080      0.00083      
33800   0.01079    0.00375    0.00625    0.00079      0.00083      
33900   0.01075    0.00372    0.00622    0.00082      0.00082      
34000   0.01067    0.00369    0.00619    0.00080      0.00083      
34100   0.01061    0.00365    0.00616    0.00080      0.00082      
34200   0.01057    0.00363    0.00614    0.00080      0.00084      
34300   0.01051    0.00360    0.00612    0.00079      0.00081      
34400   0.01051    0.00360    0.00610    0.00080      0.00083      
34500   0.01044    0.00358    0.00608    0.00079      0.00082      
34600   0.01039    0.00354    0.00605    0.00080      0.00082      
34700   0.01034    0.00351    0.00603    0.00080      0.00084      
34800   0.01029    0.00348    0.00600    0.00080      0.00083      
34900   0.01025    0.00346    0.00598    0.00081      0.00085      
35000   0.01019    0.00344    0.00597    0.00079      0.00081      
35100   0.01016    0.00342    0.00594    0.00080      0.00081      
35200   0.01009    0.00339    0.00591    0.00078      0.00080      
35300   0.01007    0.00337    0.00589    0.00081      0.00085      
35400   0.01005    0.00338    0.00588    0.00079      0.00082      
35500   0.01000    0.00336    0.00587    0.00078      0.00080      
35600   0.00993    0.00331    0.00584    0.00078      0.00081      
35700   0.00990    0.00330    0.00582    0.00077      0.00080      
35800   0.00983    0.00326    0.00579    0.00078      0.00080      
35900   0.00978    0.00322    0.00577    0.00079      0.00082      
36000   0.00973    0.00321    0.00574    0.00078      0.00081      
36100   0.00974    0.00322    0.00573    0.00079      0.00082      
36200   0.00968    0.00319    0.00571    0.00078      0.00082      
36300   0.00966    0.00319    0.00570    0.00078      0.00081      
36400   0.00965    0.00318    0.00568    0.00079      0.00083      
36500   0.00960    0.00316    0.00566    0.00078      0.00081      
36600   0.00959    0.00316    0.00565    0.00078      0.00080      
36700   0.00957    0.00315    0.00563    0.00079      0.00081      
36800   0.00955    0.00315    0.00562    0.00079      0.00082      
36900   0.00954    0.00313    0.00560    0.00080      0.00083      
37000   0.00950    0.00313    0.00559    0.00078      0.00082      
37100   0.00947    0.00310    0.00557    0.00079      0.00080      
37200   0.00947    0.00311    0.00557    0.00079      0.00082      
37300   0.00945    0.00310    0.00555    0.00080      0.00082      
37400   0.00940    0.00308    0.00553    0.00079      0.00081      
37500   0.00938    0.00306    0.00552    0.00080      0.00081      
37600   0.00933    0.00303    0.00550    0.00080      0.00083      
37700   0.00932    0.00304    0.00550    0.00078      0.00080      
37800   0.00928    0.00302    0.00548    0.00078      0.00081      
37900   0.00925    0.00298    0.00546    0.00081      0.00082      
38000   0.00918    0.00295    0.00544    0.00079      0.00081      
38100   0.00914    0.00293    0.00542    0.00079      0.00080      
38200   0.00909    0.00291    0.00540    0.00078      0.00081      
38300   0.00909    0.00290    0.00539    0.00079      0.00080      
38400   0.00905    0.00288    0.00538    0.00079      0.00082      
38500   0.00902    0.00287    0.00536    0.00079      0.00082      
38600   0.00902    0.00288    0.00536    0.00079      0.00081      
38700   0.00902    0.00288    0.00535    0.00080      0.00081      
38800   0.00902    0.00288    0.00535    0.00079      0.00081      
38900   0.00898    0.00286    0.00533    0.00079      0.00081      
39000   0.00897    0.00285    0.00532    0.00079      0.00082      
39100   0.00896    0.00285    0.00532    0.00079      0.00083      
39200   0.00890    0.00282    0.00530    0.00078      0.00082      
39300   0.00889    0.00281    0.00528    0.00080      0.00083      
39400   0.00883    0.00278    0.00527    0.00078      0.00080      
39500   0.00881    0.00277    0.00526    0.00078      0.00080      
39600   0.00879    0.00276    0.00525    0.00079      0.00082      
39700   0.00877    0.00275    0.00523    0.00079      0.00082      
39800   0.00876    0.00273    0.00522    0.00081      0.00082      
39900   0.00870    0.00271    0.00520    0.00079      0.00081      
40000   0.00867    0.00270    0.00518    0.00079      0.00082      
40100   0.00865    0.00268    0.00517    0.00080      0.00082      
40200   0.00861    0.00266    0.00516    0.00079      0.00081      
40300   0.00857    0.00264    0.00515    0.00078      0.00081      
40400   0.00857    0.00264    0.00514    0.00079      0.00083      
40500   0.00854    0.00263    0.00512    0.00079      0.00081      
40600   0.00853    0.00262    0.00511    0.00080      0.00084      
40700   0.00852    0.00262    0.00511    0.00079      0.00083      
40800   0.00849    0.00260    0.00510    0.00080      0.00082      
40900   0.00847    0.00258    0.00508    0.00080      0.00083      
41000   0.00842    0.00257    0.00507    0.00078      0.00080      
41100   0.00839    0.00256    0.00505    0.00078      0.00080      
41200   0.00836    0.00253    0.00504    0.00079      0.00082      
41300   0.00836    0.00253    0.00503    0.00080      0.00081      
41400   0.00834    0.00254    0.00502    0.00078      0.00080      
41500   0.00832    0.00252    0.00502    0.00078      0.00081      
41600   0.00830    0.00250    0.00500    0.00079      0.00083      
41700   0.00828    0.00249    0.00499    0.00079      0.00082      
41800   0.00828    0.00250    0.00499    0.00080      0.00084      
41900   0.00826    0.00250    0.00498    0.00078      0.00080      
42000   0.00825    0.00249    0.00497    0.00078      0.00080      
42100   0.00822    0.00247    0.00496    0.00079      0.00082      
42200   0.00820    0.00246    0.00495    0.00079      0.00081      
42300   0.00818    0.00245    0.00494    0.00078      0.00081      
42400   0.00816    0.00244    0.00494    0.00078      0.00082      
42500   0.00814    0.00242    0.00492    0.00080      0.00082      
42600   0.00811    0.00241    0.00491    0.00079      0.00081      
42700   0.00810    0.00241    0.00490    0.00079      0.00082      
42800   0.00809    0.00241    0.00490    0.00078      0.00080      
42900   0.00806    0.00238    0.00488    0.00079      0.00083      
43000   0.00804    0.00237    0.00488    0.00079      0.00081      
43100   0.00803    0.00237    0.00487    0.00079      0.00081      
43200   0.00800    0.00235    0.00486    0.00079      0.00082      
43300   0.00798    0.00235    0.00484    0.00079      0.00082      
43400   0.00798    0.00235    0.00484    0.00079      0.00081      
43500   0.00796    0.00234    0.00483    0.00079      0.00081      
43600   0.00795    0.00234    0.00482    0.00079      0.00082      
43700   0.00795    0.00234    0.00482    0.00079      0.00082      
43800   0.00793    0.00233    0.00481    0.00078      0.00082      
43900   0.00791    0.00233    0.00480    0.00078      0.00080      
44000   0.00790    0.00232    0.00479    0.00079      0.00080      
44100   0.00788    0.00231    0.00479    0.00078      0.00080      
44200   0.00787    0.00231    0.00478    0.00078      0.00081      
44300   0.00787    0.00231    0.00477    0.00079      0.00082      
44400   0.00785    0.00230    0.00477    0.00078      0.00080      
44500   0.00786    0.00231    0.00476    0.00079      0.00082      
44600   0.00786    0.00231    0.00476    0.00079      0.00081      
44700   0.00786    0.00230    0.00476    0.00079      0.00081      
44800   0.00783    0.00229    0.00475    0.00079      0.00081      
44900   0.00782    0.00229    0.00475    0.00078      0.00081      
45000   0.00780    0.00228    0.00474    0.00079      0.00082      
45100   0.00779    0.00227    0.00473    0.00078      0.00080      
45200   0.00778    0.00227    0.00473    0.00078      0.00081      
45300   0.00777    0.00227    0.00472    0.00078      0.00081      
45400   0.00777    0.00227    0.00472    0.00078      0.00081      
45500   0.00775    0.00225    0.00471    0.00079      0.00082      
45600   0.00774    0.00225    0.00471    0.00078      0.00080      
45700   0.00773    0.00224    0.00470    0.00079      0.00081      
45800   0.00771    0.00224    0.00470    0.00078      0.00081      
45900   0.00770    0.00223    0.00469    0.00078      0.00081      
46000   0.00769    0.00223    0.00468    0.00078      0.00081      
46100   0.00768    0.00222    0.00468    0.00079      0.00080      
46200   0.00765    0.00220    0.00467    0.00078      0.00080      
46300   0.00764    0.00219    0.00467    0.00078      0.00082      
46400   0.00764    0.00219    0.00466    0.00079      0.00080      
46500   0.00763    0.00219    0.00466    0.00078      0.00081      
46600   0.00763    0.00219    0.00465    0.00078      0.00080      
46700   0.00761    0.00218    0.00465    0.00078      0.00080      
46800   0.00760    0.00217    0.00464    0.00078      0.00080      
46900   0.00758    0.00216    0.00463    0.00078      0.00080      
47000   0.00755    0.00215    0.00463    0.00078      0.00080      
47100   0.00756    0.00216    0.00462    0.00078      0.00082      
47200   0.00755    0.00215    0.00461    0.00079      0.00080      
47300   0.00754    0.00215    0.00461    0.00078      0.00081      
47400   0.00752    0.00214    0.00460    0.00077      0.00080      
47500   0.00750    0.00213    0.00459    0.00078      0.00081      
47600   0.00752    0.00213    0.00459    0.00080      0.00081      
47700   0.00750    0.00213    0.00459    0.00079      0.00082      
47800   0.00748    0.00213    0.00458    0.00077      0.00079      
47900   0.00746    0.00211    0.00457    0.00078      0.00080      
48000   0.00747    0.00212    0.00457    0.00078      0.00079      
48100   0.00745    0.00211    0.00457    0.00078      0.00080      
48200   0.00744    0.00210    0.00456    0.00077      0.00079      
48300   0.00743    0.00210    0.00456    0.00078      0.00079      
48400   0.00743    0.00210    0.00455    0.00078      0.00081      
48500   0.00742    0.00210    0.00455    0.00077      0.00079      
48600   0.00741    0.00209    0.00455    0.00077      0.00080      
48700   0.00739    0.00208    0.00454    0.00076      0.00079      
48800   0.00739    0.00208    0.00453    0.00078      0.00080      
48900   0.00738    0.00209    0.00453    0.00077      0.00080      
49000   0.00737    0.00208    0.00452    0.00077      0.00078      
49100   0.00737    0.00208    0.00452    0.00077      0.00079      
49200   0.00736    0.00208    0.00451    0.00077      0.00080      
49300   0.00736    0.00208    0.00451    0.00077      0.00080      
49400   0.00735    0.00207    0.00451    0.00077      0.00079      
49500   0.00734    0.00207    0.00450    0.00077      0.00080      
49600   0.00733    0.00207    0.00450    0.00077      0.00080      
49700   0.00731    0.00205    0.00449    0.00078      0.00081      
49800   0.00730    0.00205    0.00449    0.00076      0.00078      
49900   0.00729    0.00204    0.00448    0.00076      0.00079      
50000   0.00728    0.00204    0.00447    0.00076      0.00079      
50100   0.00726    0.00203    0.00447    0.00076      0.00078      
50200   0.00725    0.00202    0.00446    0.00076      0.00078      
50300   0.00724    0.00202    0.00445    0.00077      0.00079      
50400   0.00723    0.00201    0.00445    0.00077      0.00079      
50500   0.00723    0.00202    0.00444    0.00077      0.00079      
50600   0.00721    0.00200    0.00444    0.00077      0.00080      
50700   0.00721    0.00200    0.00444    0.00077      0.00080      
50800   0.00720    0.00200    0.00443    0.00077      0.00080      
50900   0.00719    0.00200    0.00443    0.00077      0.00080      
51000   0.00719    0.00199    0.00442    0.00078      0.00079      
51100   0.00717    0.00198    0.00441    0.00077      0.00080      
51200   0.00717    0.00198    0.00441    0.00078      0.00080      
51300   0.00714    0.00197    0.00440    0.00078      0.00080      
51400   0.00712    0.00196    0.00440    0.00077      0.00080      
51500   0.00711    0.00195    0.00439    0.00077      0.00079      
51600   0.00708    0.00193    0.00438    0.00077      0.00079      
51700   0.00708    0.00193    0.00437    0.00077      0.00079      
51800   0.00706    0.00192    0.00437    0.00077      0.00079      
51900   0.00706    0.00192    0.00437    0.00077      0.00080      
52000   0.00703    0.00190    0.00436    0.00077      0.00080      
52100   0.00702    0.00189    0.00435    0.00077      0.00079      
52200   0.00701    0.00189    0.00435    0.00077      0.00079      
52300   0.00700    0.00189    0.00434    0.00077      0.00079      
52400   0.00699    0.00189    0.00434    0.00077      0.00080      
52500   0.00699    0.00188    0.00433    0.00078      0.00081      
52600   0.00697    0.00187    0.00433    0.00077      0.00079      
52700   0.00696    0.00187    0.00432    0.00077      0.00079      
52800   0.00693    0.00186    0.00431    0.00077      0.00080      
52900   0.00692    0.00185    0.00431    0.00077      0.00078      
53000   0.00690    0.00184    0.00430    0.00076      0.00079      
53100   0.00689    0.00183    0.00430    0.00076      0.00078      
53200   0.00688    0.00183    0.00429    0.00076      0.00079      
53300   0.00688    0.00183    0.00429    0.00076      0.00079      
53400   0.00687    0.00182    0.00429    0.00076      0.00079      
53500   0.00684    0.00180    0.00428    0.00076      0.00078      
53600   0.00685    0.00180    0.00427    0.00077      0.00078      
53700   0.00684    0.00181    0.00427    0.00076      0.00079      
53800   0.00683    0.00180    0.00427    0.00077      0.00080      
53900   0.00681    0.00179    0.00426    0.00076      0.00078      
54000   0.00679    0.00177    0.00425    0.00076      0.00079      
54100   0.00679    0.00177    0.00425    0.00076      0.00078      
54200   0.00676    0.00176    0.00424    0.00076      0.00079      
54300   0.00675    0.00175    0.00424    0.00076      0.00078      
54400   0.00674    0.00174    0.00423    0.00076      0.00077      
54500   0.00673    0.00174    0.00423    0.00076      0.00078      
54600   0.00672    0.00174    0.00422    0.00076      0.00078      
54700   0.00672    0.00174    0.00422    0.00076      0.00078      
54800   0.00671    0.00174    0.00421    0.00076      0.00078      
54900   0.00671    0.00174    0.00421    0.00076      0.00078      
55000   0.00670    0.00174    0.00421    0.00076      0.00079      
55100   0.00669    0.00173    0.00420    0.00076      0.00079      
55200   0.00668    0.00172    0.00420    0.00076      0.00078      
55300   0.00667    0.00171    0.00420    0.00076      0.00078      
55400   0.00666    0.00171    0.00419    0.00076      0.00078      
55500   0.00664    0.00170    0.00419    0.00076      0.00078      
55600   0.00663    0.00170    0.00418    0.00075      0.00077      
55700   0.00663    0.00170    0.00418    0.00076      0.00079      
55800   0.00662    0.00169    0.00418    0.00075      0.00078      
55900   0.00661    0.00169    0.00417    0.00075      0.00078      
56000   0.00661    0.00169    0.00417    0.00075      0.00079      
56100   0.00660    0.00168    0.00417    0.00075      0.00078      
56200   0.00659    0.00167    0.00416    0.00075      0.00078      
56300   0.00657    0.00166    0.00416    0.00075      0.00077      
56400   0.00656    0.00165    0.00415    0.00075      0.00077      
56500   0.00655    0.00165    0.00415    0.00075      0.00078      
56600   0.00654    0.00164    0.00415    0.00075      0.00077      
56700   0.00653    0.00164    0.00414    0.00075      0.00077      
56800   0.00653    0.00164    0.00414    0.00075      0.00078      
56900   0.00652    0.00164    0.00414    0.00075      0.00077      
57000   0.00651    0.00163    0.00413    0.00075      0.00077      
57100   0.00651    0.00162    0.00413    0.00075      0.00078      
57200   0.00649    0.00161    0.00413    0.00075      0.00077      
57300   0.00648    0.00161    0.00413    0.00074      0.00077      
57400   0.00647    0.00161    0.00412    0.00074      0.00076      
57500   0.00647    0.00161    0.00412    0.00074      0.00077      
57600   0.00646    0.00160    0.00412    0.00074      0.00077      
57700   0.00645    0.00159    0.00411    0.00075      0.00077      
57800   0.00644    0.00159    0.00411    0.00074      0.00077      
57900   0.00644    0.00159    0.00410    0.00075      0.00077      
58000   0.00643    0.00158    0.00410    0.00074      0.00077      
58100   0.00643    0.00158    0.00410    0.00074      0.00076      
58200   0.00642    0.00158    0.00410    0.00074      0.00076      
58300   0.00641    0.00157    0.00409    0.00074      0.00077      
58400   0.00640    0.00156    0.00409    0.00075      0.00077      
58500   0.00639    0.00156    0.00409    0.00074      0.00077      
58600   0.00638    0.00156    0.00408    0.00074      0.00076      
58700   0.00637    0.00155    0.00408    0.00074      0.00076      
58800   0.00637    0.00155    0.00408    0.00074      0.00077      
58900   0.00636    0.00155    0.00407    0.00074      0.00076      
59000   0.00635    0.00154    0.00407    0.00074      0.00076      
59100   0.00634    0.00154    0.00407    0.00074      0.00076      
59200   0.00634    0.00154    0.00406    0.00074      0.00076      
59300   0.00633    0.00154    0.00406    0.00073      0.00076      
59400   0.00632    0.00153    0.00406    0.00073      0.00076      
59500   0.00632    0.00153    0.00405    0.00073      0.00076      
59600   0.00631    0.00153    0.00405    0.00073      0.00076      
59700   0.00630    0.00152    0.00405    0.00073      0.00075      
59800   0.00629    0.00152    0.00404    0.00073      0.00075      
59900   0.00629    0.00151    0.00404    0.00073      0.00075      
60000   0.00628    0.00151    0.00404    0.00073      0.00076      
60100   0.00627    0.00151    0.00403    0.00073      0.00076      
60200   0.00626    0.00150    0.00403    0.00073      0.00075      
60300   0.00626    0.00150    0.00403    0.00073      0.00076      
60400   0.00625    0.00149    0.00402    0.00074      0.00077      
60500   0.00624    0.00149    0.00402    0.00073      0.00076      
60600   0.00624    0.00149    0.00402    0.00073      0.00076      
60700   0.00623    0.00148    0.00401    0.00073      0.00076      
60800   0.00622    0.00148    0.00401    0.00073      0.00076      
60900   0.00621    0.00148    0.00401    0.00073      0.00075      
61000   0.00621    0.00147    0.00400    0.00073      0.00076      
61100   0.00620    0.00147    0.00400    0.00073      0.00076      
61200   0.00620    0.00147    0.00400    0.00074      0.00076      
61300   0.00619    0.00146    0.00399    0.00074      0.00076      
61400   0.00618    0.00146    0.00399    0.00074      0.00076      
61500   0.00618    0.00146    0.00399    0.00073      0.00075      
61600   0.00617    0.00145    0.00399    0.00073      0.00076      
61700   0.00617    0.00145    0.00398    0.00073      0.00076      
61800   0.00615    0.00144    0.00398    0.00073      0.00075      
61900   0.00615    0.00144    0.00398    0.00073      0.00076      
62000   0.00614    0.00144    0.00398    0.00073      0.00075      
62100   0.00614    0.00144    0.00397    0.00073      0.00075      
62200   0.00613    0.00143    0.00397    0.00073      0.00075      
62300   0.00613    0.00143    0.00397    0.00073      0.00075      
62400   0.00612    0.00143    0.00397    0.00073      0.00075      
62500   0.00611    0.00142    0.00396    0.00073      0.00075      
62600   0.00611    0.00142    0.00396    0.00073      0.00075      
62700   0.00610    0.00142    0.00396    0.00073      0.00075      
62800   0.00610    0.00142    0.00396    0.00073      0.00075      
62900   0.00609    0.00141    0.00395    0.00073      0.00075      
63000   0.00608    0.00140    0.00395    0.00073      0.00075      
63100   0.00608    0.00140    0.00395    0.00073      0.00075      
63200   0.00607    0.00140    0.00394    0.00073      0.00076      
63300   0.00606    0.00140    0.00394    0.00072      0.00074      
63400   0.00606    0.00139    0.00394    0.00072      0.00075      
63500   0.00605    0.00139    0.00394    0.00072      0.00075      
63600   0.00604    0.00138    0.00393    0.00073      0.00075      
63700   0.00604    0.00138    0.00393    0.00073      0.00075      
63800   0.00603    0.00137    0.00393    0.00073      0.00075      
63900   0.00602    0.00137    0.00393    0.00072      0.00075      
64000   0.00602    0.00137    0.00393    0.00073      0.00076      
64100   0.00602    0.00136    0.00392    0.00073      0.00075      
64200   0.00601    0.00136    0.00392    0.00073      0.00075      
64300   0.00601    0.00136    0.00392    0.00073      0.00075      
64400   0.00600    0.00136    0.00392    0.00073      0.00075      
64500   0.00599    0.00135    0.00391    0.00072      0.00075      
64600   0.00599    0.00135    0.00391    0.00073      0.00075      
64700   0.00598    0.00134    0.00391    0.00073      0.00075      
64800   0.00598    0.00134    0.00391    0.00073      0.00075      
64900   0.00597    0.00134    0.00391    0.00072      0.00075      
65000   0.00597    0.00134    0.00390    0.00072      0.00075      
65100   0.00596    0.00133    0.00390    0.00072      0.00075      
65200   0.00596    0.00133    0.00390    0.00072      0.00075      
65300   0.00595    0.00133    0.00390    0.00072      0.00074      
65400   0.00595    0.00133    0.00390    0.00072      0.00074      
65500   0.00594    0.00132    0.00389    0.00072      0.00075      
65600   0.00594    0.00132    0.00389    0.00073      0.00075      
65700   0.00593    0.00132    0.00389    0.00072      0.00075      
65800   0.00593    0.00131    0.00389    0.00073      0.00075      
65900   0.00592    0.00131    0.00389    0.00072      0.00075      
66000   0.00592    0.00131    0.00388    0.00073      0.00075      
66100   0.00591    0.00130    0.00388    0.00072      0.00075      
66200   0.00591    0.00130    0.00388    0.00072      0.00075      
66300   0.00590    0.00130    0.00388    0.00072      0.00074      
66400   0.00590    0.00130    0.00388    0.00072      0.00075      
66500   0.00589    0.00129    0.00387    0.00072      0.00075      
66600   0.00589    0.00129    0.00387    0.00072      0.00075      
66700   0.00588    0.00129    0.00387    0.00072      0.00075      
66800   0.00588    0.00129    0.00387    0.00072      0.00075      
66900   0.00587    0.00128    0.00387    0.00072      0.00075      
67000   0.00587    0.00128    0.00386    0.00072      0.00074      
67100   0.00587    0.00128    0.00386    0.00072      0.00075      
67200   0.00586    0.00128    0.00386    0.00072      0.00075      
67300   0.00586    0.00128    0.00386    0.00072      0.00074      
67400   0.00585    0.00128    0.00386    0.00072      0.00074      
67500   0.00585    0.00127    0.00386    0.00072      0.00074      
67600   0.00584    0.00127    0.00386    0.00072      0.00074      
67700   0.00584    0.00127    0.00385    0.00072      0.00074      
67800   0.00583    0.00126    0.00385    0.00072      0.00074      
67900   0.00583    0.00126    0.00385    0.00072      0.00074      
68000   0.00583    0.00126    0.00385    0.00072      0.00074      
68100   0.00582    0.00126    0.00384    0.00072      0.00075      
68200   0.00582    0.00125    0.00384    0.00072      0.00075      
68300   0.00581    0.00125    0.00384    0.00072      0.00074      
68400   0.00581    0.00125    0.00384    0.00072      0.00074      
68500   0.00580    0.00124    0.00384    0.00072      0.00075      
68600   0.00580    0.00124    0.00383    0.00072      0.00074      
68700   0.00580    0.00124    0.00383    0.00072      0.00075      
68800   0.00579    0.00124    0.00383    0.00072      0.00074      
68900   0.00579    0.00124    0.00383    0.00072      0.00074      
69000   0.00578    0.00124    0.00383    0.00072      0.00074      
69100   0.00578    0.00123    0.00383    0.00072      0.00074      
69200   0.00577    0.00123    0.00382    0.00072      0.00074      
69300   0.00577    0.00123    0.00382    0.00072      0.00074      
69400   0.00576    0.00123    0.00382    0.00072      0.00074      
69500   0.00576    0.00122    0.00382    0.00072      0.00074      
69600   0.00576    0.00122    0.00382    0.00072      0.00074      
69700   0.00575    0.00122    0.00382    0.00072      0.00074      
69800   0.00575    0.00122    0.00381    0.00072      0.00074      
69900   0.00574    0.00122    0.00381    0.00072      0.00074      
70000   0.00574    0.00121    0.00381    0.00072      0.00074      
70100   0.00573    0.00121    0.00381    0.00071      0.00074      
70200   0.00573    0.00121    0.00381    0.00071      0.00074      
70300   0.00572    0.00120    0.00380    0.00071      0.00073      
70400   0.00572    0.00120    0.00380    0.00071      0.00074      
70500   0.00571    0.00120    0.00380    0.00071      0.00074      
70600   0.00571    0.00120    0.00380    0.00071      0.00074      
70700   0.00571    0.00120    0.00380    0.00071      0.00074      
70800   0.00570    0.00119    0.00379    0.00071      0.00074      
70900   0.00570    0.00119    0.00379    0.00071      0.00074      
71000   0.00569    0.00119    0.00379    0.00071      0.00073      
71100   0.00569    0.00119    0.00379    0.00071      0.00073      
71200   0.00568    0.00119    0.00379    0.00071      0.00073      
71300   0.00568    0.00118    0.00378    0.00071      0.00073      
71400   0.00568    0.00118    0.00378    0.00071      0.00073      
71500   0.00567    0.00118    0.00378    0.00071      0.00073      
71600   0.00567    0.00118    0.00378    0.00071      0.00073      
71700   0.00566    0.00118    0.00378    0.00071      0.00074      
71800   0.00566    0.00117    0.00377    0.00071      0.00073      
71900   0.00565    0.00117    0.00377    0.00071      0.00073      
72000   0.00565    0.00117    0.00377    0.00071      0.00073      
72100   0.00564    0.00117    0.00377    0.00071      0.00073      
72200   0.00564    0.00116    0.00376    0.00071      0.00073      
72300   0.00563    0.00116    0.00376    0.00071      0.00073      
72400   0.00563    0.00116    0.00376    0.00071      0.00073      
72500   0.00563    0.00116    0.00376    0.00071      0.00073      
72600   0.00562    0.00116    0.00376    0.00071      0.00073      
72700   0.00562    0.00115    0.00376    0.00071      0.00073      
72800   0.00562    0.00115    0.00375    0.00071      0.00073      
72900   0.00561    0.00115    0.00375    0.00071      0.00073      
73000   0.00561    0.00115    0.00375    0.00071      0.00073      
73100   0.00560    0.00115    0.00375    0.00071      0.00073      
73200   0.00560    0.00114    0.00375    0.00071      0.00073      
73300   0.00560    0.00114    0.00374    0.00071      0.00073      
73400   0.00559    0.00114    0.00374    0.00071      0.00073      
73500   0.00559    0.00114    0.00374    0.00071      0.00073      
73600   0.00558    0.00114    0.00374    0.00071      0.00073      
73700   0.00558    0.00113    0.00374    0.00071      0.00073      
73800   0.00558    0.00113    0.00374    0.00071      0.00073      
73900   0.00557    0.00113    0.00374    0.00071      0.00073      
74000   0.00557    0.00113    0.00373    0.00071      0.00073      
74100   0.00557    0.00113    0.00373    0.00071      0.00073      
74200   0.00556    0.00113    0.00373    0.00071      0.00073      
74300   0.00556    0.00112    0.00373    0.00071      0.00073      
74400   0.00556    0.00112    0.00373    0.00071      0.00073      
74500   0.00556    0.00112    0.00373    0.00071      0.00073      
74600   0.00555    0.00112    0.00373    0.00070      0.00073      
74700   0.00555    0.00112    0.00373    0.00070      0.00073      
74800   0.00555    0.00112    0.00372    0.00071      0.00073      
74900   0.00554    0.00112    0.00372    0.00070      0.00073      
75000   0.00554    0.00111    0.00372    0.00070      0.00073      
75100   0.00554    0.00111    0.00372    0.00070      0.00073      
75200   0.00554    0.00111    0.00372    0.00070      0.00073      
75300   0.00553    0.00111    0.00372    0.00070      0.00073      
75400   0.00553    0.00111    0.00372    0.00070      0.00073      
75500   0.00553    0.00111    0.00371    0.00070      0.00073      
75600   0.00552    0.00111    0.00371    0.00070      0.00073      
75700   0.00552    0.00111    0.00371    0.00070      0.00073      
75800   0.00552    0.00110    0.00371    0.00070      0.00073      
75900   0.00551    0.00110    0.00371    0.00070      0.00073      
76000   0.00551    0.00110    0.00371    0.00070      0.00072      
76100   0.00551    0.00110    0.00370    0.00070      0.00073      
76200   0.00550    0.00110    0.00370    0.00070      0.00073      
76300   0.00550    0.00110    0.00370    0.00070      0.00072      
76400   0.00549    0.00110    0.00370    0.00070      0.00072      
76500   0.00549    0.00109    0.00369    0.00070      0.00072      
76600   0.00548    0.00109    0.00369    0.00070      0.00072      
76700   0.00548    0.00109    0.00369    0.00070      0.00072      
76800   0.00548    0.00109    0.00369    0.00070      0.00072      
76900   0.00548    0.00109    0.00369    0.00070      0.00072      
77000   0.00547    0.00109    0.00369    0.00070      0.00072      
77100   0.00547    0.00108    0.00369    0.00070      0.00072      
77200   0.00547    0.00108    0.00369    0.00070      0.00072      
77300   0.00547    0.00108    0.00369    0.00070      0.00072      
77400   0.00547    0.00108    0.00368    0.00070      0.00072      
77500   0.00546    0.00108    0.00368    0.00070      0.00072      
77600   0.00546    0.00108    0.00368    0.00070      0.00072      
77700   0.00546    0.00108    0.00368    0.00070      0.00072      
77800   0.00546    0.00108    0.00368    0.00070      0.00072      
77900   0.00545    0.00108    0.00368    0.00070      0.00072      
78000   0.00545    0.00107    0.00368    0.00070      0.00072      
78100   0.00545    0.00107    0.00368    0.00070      0.00072      
78200   0.00545    0.00107    0.00368    0.00070      0.00072      
78300   0.00544    0.00107    0.00367    0.00070      0.00072      
78400   0.00544    0.00107    0.00367    0.00070      0.00072      
78500   0.00544    0.00107    0.00367    0.00070      0.00072      
78600   0.00544    0.00107    0.00367    0.00070      0.00072      
78700   0.00543    0.00107    0.00367    0.00070      0.00072      
78800   0.00543    0.00107    0.00367    0.00070      0.00072      
78900   0.00543    0.00106    0.00367    0.00070      0.00072      
79000   0.00543    0.00106    0.00367    0.00070      0.00072      
79100   0.00542    0.00106    0.00367    0.00070      0.00072      
79200   0.00542    0.00106    0.00366    0.00070      0.00072      
79300   0.00542    0.00106    0.00366    0.00070      0.00072      
79400   0.00542    0.00106    0.00366    0.00070      0.00072      
79500   0.00542    0.00106    0.00366    0.00070      0.00072      
79600   0.00541    0.00106    0.00366    0.00070      0.00072      
79700   0.00541    0.00106    0.00366    0.00070      0.00072      
79800   0.00541    0.00105    0.00366    0.00070      0.00072      
79900   0.00541    0.00105    0.00366    0.00069      0.00072      
80000   0.00540    0.00105    0.00366    0.00069      0.00072      
80100   0.00540    0.00105    0.00366    0.00069      0.00072      
80200   0.00540    0.00105    0.00366    0.00069      0.00072      
80300   0.00540    0.00105    0.00366    0.00069      0.00072      
80400   0.00540    0.00105    0.00365    0.00069      0.00072      
80500   0.00540    0.00105    0.00365    0.00069      0.00072      
80600   0.00539    0.00105    0.00365    0.00069      0.00072      
80700   0.00539    0.00105    0.00365    0.00069      0.00072      
80800   0.00539    0.00105    0.00365    0.00069      0.00072      
80900   0.00539    0.00105    0.00365    0.00069      0.00072      
81000   0.00539    0.00104    0.00365    0.00069      0.00072      
81100   0.00539    0.00104    0.00365    0.00069      0.00072      
81200   0.00538    0.00104    0.00365    0.00069      0.00072      
81300   0.00538    0.00104    0.00365    0.00069      0.00072      
81400   0.00538    0.00104    0.00365    0.00069      0.00072      
81500   0.00538    0.00104    0.00365    0.00069      0.00072      
81600   0.00538    0.00104    0.00365    0.00069      0.00072      
81700   0.00538    0.00104    0.00365    0.00069      0.00072      
81800   0.00538    0.00104    0.00364    0.00069      0.00071      
81900   0.00537    0.00104    0.00364    0.00069      0.00072      
82000   0.00537    0.00104    0.00364    0.00069      0.00071      
82100   0.00537    0.00104    0.00364    0.00069      0.00072      
82200   0.00537    0.00104    0.00364    0.00069      0.00071      
82300   0.00537    0.00104    0.00364    0.00069      0.00072      
82400   0.00536    0.00104    0.00364    0.00069      0.00071      
82500   0.00536    0.00103    0.00364    0.00069      0.00071      
82600   0.00536    0.00103    0.00364    0.00069      0.00072      
82700   0.00536    0.00103    0.00363    0.00069      0.00071      
82800   0.00535    0.00103    0.00363    0.00069      0.00071      
82900   0.00535    0.00103    0.00363    0.00069      0.00071      
83000   0.00535    0.00103    0.00363    0.00069      0.00071      
83100   0.00535    0.00103    0.00363    0.00069      0.00071      
83200   0.00535    0.00103    0.00363    0.00069      0.00071      
83300   0.00535    0.00103    0.00363    0.00069      0.00071      
83400   0.00534    0.00103    0.00363    0.00069      0.00071      
83500   0.00534    0.00103    0.00363    0.00069      0.00071      
83600   0.00534    0.00103    0.00363    0.00069      0.00071      
83700   0.00534    0.00103    0.00363    0.00069      0.00071      
83800   0.00534    0.00102    0.00363    0.00069      0.00071      
83900   0.00534    0.00102    0.00363    0.00069      0.00071      
84000   0.00534    0.00102    0.00363    0.00069      0.00071      
84100   0.00534    0.00102    0.00362    0.00069      0.00071      
84200   0.00533    0.00102    0.00362    0.00069      0.00071      
84300   0.00533    0.00102    0.00362    0.00069      0.00071      
84400   0.00533    0.00102    0.00362    0.00069      0.00071      
84500   0.00533    0.00102    0.00362    0.00069      0.00071      
84600   0.00533    0.00102    0.00362    0.00069      0.00071      
84700   0.00533    0.00102    0.00362    0.00069      0.00071      
84800   0.00533    0.00102    0.00362    0.00069      0.00071      
84900   0.00533    0.00102    0.00362    0.00069      0.00071      
85000   0.00532    0.00102    0.00362    0.00069      0.00071      
85100   0.00532    0.00102    0.00362    0.00069      0.00071      
85200   0.00532    0.00102    0.00362    0.00069      0.00071      
85300   0.00532    0.00102    0.00362    0.00069      0.00071      
85400   0.00532    0.00102    0.00362    0.00069      0.00071      
85500   0.00531    0.00101    0.00361    0.00069      0.00071      
85600   0.00531    0.00101    0.00361    0.00069      0.00071      
85700   0.00531    0.00101    0.00361    0.00069      0.00071      
85800   0.00531    0.00101    0.00361    0.00069      0.00071      
85900   0.00531    0.00101    0.00361    0.00069      0.00071      
86000   0.00531    0.00101    0.00361    0.00068      0.00071      
86100   0.00531    0.00101    0.00361    0.00068      0.00071      
86200   0.00530    0.00101    0.00361    0.00068      0.00071      
86300   0.00530    0.00101    0.00361    0.00068      0.00071      
86400   0.00530    0.00101    0.00361    0.00068      0.00071      
86500   0.00530    0.00101    0.00361    0.00068      0.00071      
86600   0.00530    0.00101    0.00361    0.00068      0.00071      
86700   0.00530    0.00101    0.00361    0.00068      0.00071      
86800   0.00530    0.00101    0.00361    0.00068      0.00071      
86900   0.00530    0.00101    0.00361    0.00068      0.00071      
87000   0.00530    0.00101    0.00361    0.00068      0.00071      
87100   0.00530    0.00101    0.00361    0.00068      0.00071      
87200   0.00530    0.00101    0.00361    0.00068      0.00071      
87300   0.00529    0.00101    0.00361    0.00068      0.00071      
87400   0.00529    0.00101    0.00360    0.00068      0.00071      
87500   0.00529    0.00101    0.00360    0.00068      0.00071      
87600   0.00529    0.00100    0.00360    0.00068      0.00071      
87700   0.00529    0.00100    0.00360    0.00068      0.00071      
87800   0.00529    0.00100    0.00360    0.00068      0.00071      
87900   0.00529    0.00100    0.00360    0.00068      0.00071      
88000   0.00529    0.00100    0.00360    0.00068      0.00071      
88100   0.00529    0.00100    0.00360    0.00068      0.00070      
88200   0.00529    0.00100    0.00360    0.00068      0.00070      
88300   0.00528    0.00100    0.00360    0.00068      0.00070      
88400   0.00528    0.00100    0.00360    0.00068      0.00070      
88500   0.00528    0.00100    0.00360    0.00068      0.00070      
88600   0.00528    0.00100    0.00360    0.00068      0.00070      
88700   0.00528    0.00100    0.00360    0.00068      0.00070      
88800   0.00528    0.00100    0.00360    0.00068      0.00070      
88900   0.00528    0.00100    0.00360    0.00068      0.00070      
89000   0.00528    0.00100    0.00360    0.00068      0.00070      
89100   0.00528    0.00100    0.00360    0.00068      0.00070      
89200   0.00527    0.00100    0.00359    0.00068      0.00070      
89300   0.00527    0.00100    0.00359    0.00068      0.00070      
89400   0.00527    0.00100    0.00359    0.00068      0.00070      
89500   0.00527    0.00100    0.00359    0.00068      0.00070      
89600   0.00527    0.00100    0.00359    0.00068      0.00070      
89700   0.00527    0.00100    0.00359    0.00068      0.00070      
89800   0.00526    0.00099    0.00359    0.00068      0.00070      
89900   0.00526    0.00099    0.00359    0.00068      0.00070      
90000   0.00526    0.00099    0.00358    0.00068      0.00070      
90100   0.00523    0.00099    0.00357    0.00068      0.00070      
90200   0.00523    0.00099    0.00357    0.00068      0.00070      
90300   0.00523    0.00098    0.00356    0.00068      0.00070      
90400   0.00523    0.00098    0.00356    0.00068      0.00070      
90500   0.00523    0.00098    0.00356    0.00068      0.00070      
90600   0.00523    0.00098    0.00356    0.00068      0.00070      
90700   0.00522    0.00098    0.00356    0.00068      0.00070      
90800   0.00522    0.00098    0.00356    0.00068      0.00070      
90900   0.00522    0.00098    0.00356    0.00068      0.00070      
91000   0.00522    0.00098    0.00356    0.00068      0.00070      
91100   0.00522    0.00098    0.00356    0.00068      0.00070      
91200   0.00522    0.00098    0.00356    0.00068      0.00070      
91300   0.00522    0.00098    0.00356    0.00068      0.00070      
91400   0.00522    0.00098    0.00356    0.00068      0.00070      
91500   0.00522    0.00098    0.00356    0.00068      0.00070      
91600   0.00522    0.00098    0.00356    0.00068      0.00070      
91700   0.00522    0.00098    0.00356    0.00068      0.00070      
91800   0.00521    0.00098    0.00356    0.00068      0.00070      
91900   0.00521    0.00098    0.00356    0.00068      0.00070      
92000   0.00521    0.00098    0.00356    0.00067      0.00070      
92100   0.00521    0.00098    0.00356    0.00067      0.00070      
92200   0.00521    0.00098    0.00356    0.00067      0.00070      
92300   0.00521    0.00098    0.00356    0.00067      0.00070      
92400   0.00521    0.00098    0.00356    0.00067      0.00070      
92500   0.00521    0.00098    0.00356    0.00067      0.00070      
92600   0.00521    0.00098    0.00356    0.00067      0.00070      
92700   0.00521    0.00098    0.00355    0.00067      0.00070      
92800   0.00521    0.00098    0.00355    0.00067      0.00070      
92900   0.00520    0.00098    0.00355    0.00067      0.00070      
93000   0.00520    0.00098    0.00355    0.00067      0.00070      
93100   0.00520    0.00098    0.00355    0.00067      0.00070      
93200   0.00520    0.00098    0.00355    0.00067      0.00070      
93300   0.00520    0.00098    0.00355    0.00067      0.00069      
93400   0.00520    0.00098    0.00355    0.00067      0.00069      
93500   0.00520    0.00097    0.00355    0.00067      0.00069      
93600   0.00520    0.00097    0.00355    0.00067      0.00069      
93700   0.00520    0.00097    0.00355    0.00067      0.00069      
93800   0.00519    0.00097    0.00355    0.00067      0.00069      
93900   0.00519    0.00097    0.00355    0.00067      0.00069      
94000   0.00519    0.00097    0.00355    0.00067      0.00069      
94100   0.00519    0.00097    0.00355    0.00067      0.00069      
94200   0.00519    0.00097    0.00355    0.00067      0.00069      
94300   0.00519    0.00097    0.00355    0.00067      0.00069      
94400   0.00519    0.00097    0.00355    0.00067      0.00069      
94500   0.00518    0.00097    0.00355    0.00067      0.00069      
94600   0.00518    0.00097    0.00354    0.00067      0.00069      
94700   0.00518    0.00097    0.00354    0.00067      0.00069      
94800   0.00518    0.00097    0.00354    0.00067      0.00069      
94900   0.00518    0.00097    0.00354    0.00067      0.00069      
95000   0.00518    0.00097    0.00354    0.00067      0.00069      
95100   0.00518    0.00097    0.00354    0.00067      0.00069      
95200   0.00518    0.00097    0.00354    0.00067      0.00069      
95300   0.00518    0.00097    0.00354    0.00067      0.00069      
95400   0.00518    0.00097    0.00354    0.00067      0.00069      
95500   0.00518    0.00097    0.00354    0.00067      0.00069      
95600   0.00518    0.00097    0.00354    0.00067      0.00069      
95700   0.00518    0.00097    0.00354    0.00067      0.00069      
95800   0.00517    0.00097    0.00354    0.00067      0.00069      
95900   0.00517    0.00097    0.00354    0.00067      0.00069      
96000   0.00517    0.00097    0.00354    0.00067      0.00069      
96100   0.00517    0.00097    0.00354    0.00066      0.00069      
96200   0.00517    0.00097    0.00354    0.00066      0.00069      
96300   0.00517    0.00097    0.00354    0.00066      0.00069      
96400   0.00517    0.00097    0.00354    0.00066      0.00069      
96500   0.00517    0.00097    0.00354    0.00066      0.00069      
96600   0.00517    0.00097    0.00354    0.00066      0.00069      
96700   0.00517    0.00097    0.00354    0.00066      0.00069      
96800   0.00516    0.00096    0.00354    0.00066      0.00068      
96900   0.00516    0.00096    0.00354    0.00066      0.00068      
97000   0.00516    0.00096    0.00354    0.00066      0.00068      
97100   0.00516    0.00096    0.00354    0.00066      0.00068      
97200   0.00516    0.00096    0.00354    0.00066      0.00068      
97300   0.00516    0.00096    0.00353    0.00066      0.00068      
97400   0.00516    0.00096    0.00353    0.00066      0.00068      
97500   0.00516    0.00096    0.00353    0.00066      0.00068      
97600   0.00516    0.00096    0.00353    0.00066      0.00068      
97700   0.00515    0.00096    0.00353    0.00066      0.00068      
97800   0.00515    0.00096    0.00353    0.00066      0.00068      
97900   0.00515    0.00096    0.00353    0.00066      0.00068      
98000   0.00515    0.00096    0.00353    0.00066      0.00068      
98100   0.00515    0.00096    0.00353    0.00066      0.00068      
98200   0.00515    0.00096    0.00353    0.00066      0.00068      
98300   0.00515    0.00096    0.00353    0.00066      0.00068      
98400   0.00515    0.00096    0.00353    0.00066      0.00068      
98500   0.00515    0.00096    0.00353    0.00065      0.00068      
98600   0.00515    0.00096    0.00353    0.00065      0.00068      
98700   0.00515    0.00096    0.00353    0.00065      0.00068      
98800   0.00514    0.00096    0.00353    0.00065      0.00068      
98900   0.00514    0.00096    0.00353    0.00065      0.00068      
99000   0.00514    0.00096    0.00353    0.00065      0.00068      
99100   0.00514    0.00096    0.00353    0.00065      0.00067      
99200   0.00514    0.00096    0.00353    0.00065      0.00067      
99300   0.00514    0.00096    0.00353    0.00065      0.00067      
99400   0.00514    0.00096    0.00353    0.00065      0.00067      
99500   0.00514    0.00096    0.00353    0.00065      0.00067      
99600   0.00514    0.00096    0.00353    0.00065      0.00067      
99700   0.00514    0.00096    0.00353    0.00065      0.00067      
99800   0.00514    0.00096    0.00353    0.00065      0.00067      
99900   0.00513    0.00096    0.00353    0.00065      0.00067      
100000  0.00513    0.00096    0.00353    0.00065      0.00067      
100100  0.00513    0.00096    0.00353    0.00065      0.00067      
100200  0.00513    0.00096    0.00353    0.00065      0.00067      
100300  0.00513    0.00096    0.00353    0.00064      0.00067      
100400  0.00513    0.00096    0.00353    0.00064      0.00067      
100500  0.00513    0.00096    0.00353    0.00064      0.00067      
100600  0.00513    0.00096    0.00353    0.00064      0.00067      
100700  0.00513    0.00096    0.00353    0.00064      0.00066      
100800  0.00513    0.00096    0.00353    0.00064      0.00066      
100900  0.00513    0.00096    0.00353    0.00064      0.00066      
101000  0.00513    0.00096    0.00353    0.00064      0.00066      
101100  0.00512    0.00096    0.00353    0.00064      0.00066      
101200  0.00512    0.00096    0.00353    0.00064      0.00066      
101300  0.00512    0.00096    0.00353    0.00064      0.00066      
101400  0.00512    0.00096    0.00353    0.00064      0.00066      
101500  0.00512    0.00096    0.00353    0.00064      0.00066      
101600  0.00512    0.00096    0.00353    0.00064      0.00066      
101700  0.00512    0.00096    0.00353    0.00064      0.00066      
101800  0.00512    0.00096    0.00353    0.00064      0.00066      
101900  0.00512    0.00096    0.00353    0.00064      0.00066      
102000  0.00512    0.00096    0.00353    0.00064      0.00066      
102100  0.00512    0.00096    0.00353    0.00063      0.00066      
102200  0.00512    0.00096    0.00353    0.00063      0.00066      
102300  0.00512    0.00096    0.00353    0.00063      0.00066      
102400  0.00512    0.00096    0.00353    0.00063      0.00066      
102500  0.00511    0.00096    0.00353    0.00063      0.00066      
102600  0.00511    0.00096    0.00353    0.00063      0.00066      
102700  0.00511    0.00096    0.00353    0.00063      0.00065      
102800  0.00511    0.00096    0.00353    0.00063      0.00065      
102900  0.00511    0.00096    0.00353    0.00063      0.00065      
103000  0.00511    0.00096    0.00353    0.00063      0.00065      
103100  0.00511    0.00096    0.00353    0.00063      0.00065      
103200  0.00511    0.00096    0.00352    0.00063      0.00065      
103300  0.00511    0.00096    0.00352    0.00063      0.00065      
103400  0.00511    0.00096    0.00352    0.00063      0.00065      
103500  0.00511    0.00096    0.00352    0.00063      0.00065      
103600  0.00511    0.00095    0.00352    0.00063      0.00065      
103700  0.00511    0.00095    0.00352    0.00063      0.00065      
103800  0.00511    0.00095    0.00352    0.00063      0.00065      
103900  0.00510    0.00095    0.00352    0.00063      0.00065      
104000  0.00510    0.00095    0.00352    0.00063      0.00065      
104100  0.00510    0.00095    0.00352    0.00063      0.00065      
104200  0.00510    0.00095    0.00352    0.00062      0.00065      
104300  0.00510    0.00095    0.00352    0.00062      0.00065      
104400  0.00510    0.00095    0.00352    0.00062      0.00065      
104500  0.00510    0.00095    0.00352    0.00062      0.00065      
104600  0.00510    0.00095    0.00352    0.00062      0.00065      
104700  0.00510    0.00095    0.00352    0.00062      0.00065      
104800  0.00510    0.00095    0.00352    0.00062      0.00064      
104900  0.00510    0.00095    0.00352    0.00062      0.00064      
105000  0.00510    0.00095    0.00352    0.00062      0.00064      
105100  0.00510    0.00095    0.00352    0.00062      0.00064      
105200  0.00510    0.00095    0.00352    0.00062      0.00064      
105300  0.00510    0.00095    0.00352    0.00062      0.00064      
105400  0.00509    0.00095    0.00352    0.00062      0.00064      
105500  0.00509    0.00095    0.00352    0.00062      0.00064      
105600  0.00509    0.00095    0.00352    0.00062      0.00064      
105700  0.00509    0.00095    0.00352    0.00062      0.00064      
105800  0.00509    0.00095    0.00352    0.00062      0.00064      
105900  0.00509    0.00095    0.00352    0.00062      0.00064      
106000  0.00509    0.00095    0.00352    0.00062      0.00064      
106100  0.00509    0.00095    0.00352    0.00062      0.00064      
106200  0.00509    0.00095    0.00352    0.00062      0.00064      
106300  0.00509    0.00095    0.00352    0.00062      0.00064      
106400  0.00509    0.00095    0.00352    0.00062      0.00064      
106500  0.00509    0.00095    0.00352    0.00062      0.00064      
106600  0.00509    0.00095    0.00352    0.00062      0.00064      
106700  0.00509    0.00095    0.00352    0.00062      0.00064      
106800  0.00509    0.00095    0.00352    0.00062      0.00064      
106900  0.00509    0.00095    0.00352    0.00062      0.00064      
107000  0.00509    0.00095    0.00352    0.00062      0.00064      
107100  0.00509    0.00095    0.00352    0.00062      0.00064      
107200  0.00508    0.00095    0.00352    0.00062      0.00064      
107300  0.00508    0.00095    0.00352    0.00062      0.00064      
107400  0.00508    0.00095    0.00352    0.00061      0.00064      
107500  0.00508    0.00095    0.00352    0.00061      0.00064      
107600  0.00508    0.00095    0.00352    0.00061      0.00064      
107700  0.00508    0.00095    0.00352    0.00061      0.00064      
107800  0.00508    0.00095    0.00352    0.00061      0.00064      
107900  0.00508    0.00095    0.00352    0.00061      0.00064      
108000  0.00508    0.00095    0.00352    0.00061      0.00064      
108100  0.00508    0.00095    0.00352    0.00061      0.00063      
108200  0.00508    0.00095    0.00352    0.00061      0.00063      
108300  0.00508    0.00095    0.00352    0.00061      0.00063      
108400  0.00508    0.00095    0.00352    0.00061      0.00063      
108500  0.00508    0.00095    0.00352    0.00061      0.00063      
108600  0.00508    0.00095    0.00352    0.00061      0.00063      
108700  0.00508    0.00095    0.00352    0.00061      0.00063      
108800  0.00508    0.00095    0.00352    0.00061      0.00063      
108900  0.00508    0.00095    0.00352    0.00061      0.00063      
109000  0.00508    0.00095    0.00352    0.00061      0.00063      
109100  0.00508    0.00095    0.00352    0.00061      0.00063      
109200  0.00508    0.00095    0.00352    0.00061      0.00063      
109300  0.00508    0.00095    0.00352    0.00061      0.00063      
109400  0.00508    0.00095    0.00352    0.00061      0.00063      
109500  0.00508    0.00095    0.00352    0.00061      0.00063      
109600  0.00507    0.00095    0.00352    0.00061      0.00063      
109700  0.00507    0.00095    0.00352    0.00061      0.00063      
109800  0.00507    0.00095    0.00352    0.00061      0.00063      
109900  0.00507    0.00095    0.00351    0.00061      0.00063      
110000  0.00507    0.00095    0.00351    0.00061      0.00063      
110100  0.00506    0.00095    0.00351    0.00061      0.00063      
110200  0.00506    0.00095    0.00351    0.00061      0.00063      
110300  0.00506    0.00095    0.00351    0.00061      0.00063      
110400  0.00506    0.00095    0.00351    0.00061      0.00063      
110500  0.00506    0.00095    0.00351    0.00061      0.00063      
110600  0.00506    0.00095    0.00351    0.00061      0.00063      
110700  0.00506    0.00095    0.00351    0.00061      0.00063      
110800  0.00506    0.00095    0.00351    0.00061      0.00063      
110900  0.00506    0.00095    0.00351    0.00061      0.00063      
111000  0.00506    0.00095    0.00351    0.00061      0.00063      
111100  0.00506    0.00095    0.00351    0.00061      0.00063      
111200  0.00506    0.00095    0.00351    0.00061      0.00063      
111300  0.00506    0.00095    0.00351    0.00061      0.00063      
111400  0.00506    0.00094    0.00351    0.00061      0.00063      
111500  0.00506    0.00094    0.00351    0.00061      0.00063      
111600  0.00506    0.00094    0.00351    0.00061      0.00063      
111700  0.00506    0.00094    0.00351    0.00061      0.00063      
111800  0.00506    0.00094    0.00351    0.00061      0.00063      
111900  0.00506    0.00094    0.00351    0.00061      0.00063      
112000  0.00506    0.00094    0.00351    0.00061      0.00063      
112100  0.00506    0.00094    0.00351    0.00060      0.00063      
112200  0.00505    0.00094    0.00351    0.00060      0.00063      
112300  0.00505    0.00094    0.00351    0.00060      0.00063      
112400  0.00505    0.00094    0.00351    0.00060      0.00063      
112500  0.00505    0.00094    0.00351    0.00060      0.00063      
112600  0.00505    0.00094    0.00351    0.00060      0.00063      
112700  0.00505    0.00094    0.00351    0.00060      0.00063      
112800  0.00505    0.00094    0.00351    0.00060      0.00063      
112900  0.00505    0.00094    0.00350    0.00060      0.00063      
113000  0.00505    0.00094    0.00350    0.00060      0.00062      
113100  0.00505    0.00094    0.00350    0.00060      0.00062      
113200  0.00505    0.00094    0.00350    0.00060      0.00062      
113300  0.00505    0.00094    0.00350    0.00060      0.00062      
113400  0.00505    0.00094    0.00350    0.00060      0.00062      
113500  0.00505    0.00094    0.00350    0.00060      0.00062      
113600  0.00505    0.00094    0.00350    0.00060      0.00062      
113700  0.00505    0.00094    0.00350    0.00060      0.00062      
113800  0.00505    0.00094    0.00350    0.00060      0.00062      
113900  0.00505    0.00094    0.00350    0.00060      0.00062      
114000  0.00505    0.00094    0.00350    0.00060      0.00062      
114100  0.00505    0.00094    0.00350    0.00060      0.00062      
114200  0.00505    0.00094    0.00350    0.00060      0.00062      
114300  0.00505    0.00094    0.00350    0.00060      0.00062      
114400  0.00505    0.00094    0.00350    0.00060      0.00062      
114500  0.00505    0.00094    0.00350    0.00060      0.00062      
114600  0.00505    0.00094    0.00350    0.00060      0.00062      
114700  0.00505    0.00094    0.00350    0.00060      0.00062      
114800  0.00505    0.00094    0.00350    0.00060      0.00062      
114900  0.00505    0.00094    0.00350    0.00060      0.00062      
115000  0.00504    0.00094    0.00350    0.00060      0.00062      
115100  0.00504    0.00094    0.00350    0.00060      0.00062      
115200  0.00504    0.00094    0.00350    0.00060      0.00062      
115300  0.00504    0.00094    0.00350    0.00060      0.00062      
115400  0.00504    0.00094    0.00350    0.00060      0.00062      
115500  0.00504    0.00094    0.00350    0.00060      0.00062      
115600  0.00504    0.00094    0.00350    0.00060      0.00062      
115700  0.00504    0.00094    0.00350    0.00060      0.00062      
115800  0.00504    0.00094    0.00350    0.00060      0.00062      
115900  0.00504    0.00094    0.00350    0.00060      0.00062      
116000  0.00504    0.00094    0.00350    0.00060      0.00062      
116100  0.00504    0.00094    0.00350    0.00060      0.00062      
116200  0.00504    0.00094    0.00350    0.00060      0.00062      
116300  0.00504    0.00094    0.00350    0.00060      0.00062      
116400  0.00504    0.00094    0.00350    0.00060      0.00062      
116500  0.00504    0.00094    0.00350    0.00060      0.00062      
116600  0.00504    0.00094    0.00350    0.00060      0.00062      
116700  0.00504    0.00094    0.00350    0.00060      0.00062      
116800  0.00504    0.00094    0.00350    0.00060      0.00062      
116900  0.00504    0.00094    0.00350    0.00060      0.00062      
117000  0.00504    0.00094    0.00350    0.00060      0.00062      
117100  0.00504    0.00094    0.00350    0.00060      0.00062      
117200  0.00504    0.00094    0.00350    0.00060      0.00062      
117300  0.00504    0.00094    0.00350    0.00060      0.00062      
117400  0.00504    0.00094    0.00350    0.00060      0.00062      
117500  0.00504    0.00094    0.00350    0.00059      0.00062      
117600  0.00503    0.00094    0.00350    0.00059      0.00062      
117700  0.00503    0.00094    0.00350    0.00059      0.00062      
117800  0.00503    0.00094    0.00350    0.00059      0.00062      
117900  0.00503    0.00094    0.00350    0.00059      0.00062      
118000  0.00503    0.00094    0.00350    0.00059      0.00062      
118100  0.00503    0.00094    0.00350    0.00059      0.00062      
118200  0.00503    0.00094    0.00350    0.00059      0.00061      
118300  0.00503    0.00094    0.00350    0.00059      0.00061      
118400  0.00503    0.00094    0.00350    0.00059      0.00061      
118500  0.00503    0.00094    0.00350    0.00059      0.00061      
118600  0.00503    0.00094    0.00350    0.00059      0.00061      
118700  0.00503    0.00094    0.00350    0.00059      0.00061      
118800  0.00503    0.00094    0.00350    0.00059      0.00061      
118900  0.00503    0.00094    0.00350    0.00059      0.00061      
119000  0.00503    0.00094    0.00350    0.00059      0.00061      
119100  0.00503    0.00094    0.00350    0.00059      0.00061      
119200  0.00503    0.00094    0.00350    0.00059      0.00061      
119300  0.00503    0.00094    0.00350    0.00059      0.00061      
119400  0.00503    0.00094    0.00350    0.00059      0.00061      
119500  0.00503    0.00094    0.00350    0.00059      0.00061      
119600  0.00503    0.00094    0.00350    0.00059      0.00061      
119700  0.00503    0.00094    0.00350    0.00059      0.00061      
119800  0.00503    0.00094    0.00350    0.00059      0.00061      
119900  0.00503    0.00094    0.00350    0.00059      0.00061      
120000  0.00503    0.00094    0.00350    0.00059      0.00061      
120100  0.00503    0.00094    0.00350    0.00059      0.00061      
120200  0.00503    0.00094    0.00350    0.00059      0.00061      
120300  0.00502    0.00094    0.00350    0.00059      0.00061      
120400  0.00502    0.00094    0.00350    0.00059      0.00061      
120500  0.00502    0.00094    0.00350    0.00059      0.00061      
120600  0.00502    0.00094    0.00350    0.00059      0.00061      
120700  0.00502    0.00094    0.00350    0.00059      0.00061      
120800  0.00502    0.00094    0.00349    0.00059      0.00061      
120900  0.00502    0.00094    0.00349    0.00059      0.00061      
121000  0.00502    0.00094    0.00349    0.00059      0.00061      
121100  0.00502    0.00094    0.00349    0.00059      0.00061      
121200  0.00502    0.00094    0.00349    0.00059      0.00061      
121300  0.00502    0.00094    0.00349    0.00058      0.00061      
121400  0.00502    0.00094    0.00349    0.00058      0.00061      
121500  0.00502    0.00094    0.00349    0.00058      0.00061      
121600  0.00502    0.00094    0.00349    0.00058      0.00061      
121700  0.00502    0.00094    0.00349    0.00058      0.00061      
121800  0.00502    0.00094    0.00349    0.00058      0.00061      
121900  0.00502    0.00094    0.00349    0.00058      0.00061      
122000  0.00502    0.00094    0.00349    0.00058      0.00061      
122100  0.00502    0.00094    0.00349    0.00058      0.00061      
122200  0.00502    0.00094    0.00349    0.00058      0.00061      
122300  0.00502    0.00094    0.00349    0.00058      0.00060      
122400  0.00501    0.00094    0.00349    0.00058      0.00060      
122500  0.00501    0.00094    0.00349    0.00058      0.00060      
122600  0.00501    0.00094    0.00349    0.00058      0.00060      
122700  0.00501    0.00094    0.00349    0.00058      0.00060      
122800  0.00501    0.00094    0.00349    0.00058      0.00060      
122900  0.00501    0.00094    0.00349    0.00058      0.00060      
123000  0.00501    0.00094    0.00349    0.00058      0.00060      
123100  0.00501    0.00094    0.00349    0.00058      0.00060      
123200  0.00501    0.00094    0.00349    0.00058      0.00060      
123300  0.00501    0.00094    0.00349    0.00058      0.00060      
123400  0.00501    0.00094    0.00349    0.00058      0.00060      
123500  0.00501    0.00094    0.00349    0.00058      0.00060      
123600  0.00501    0.00094    0.00349    0.00058      0.00060      
123700  0.00501    0.00094    0.00349    0.00058      0.00060      
123800  0.00501    0.00094    0.00349    0.00058      0.00060      
123900  0.00501    0.00094    0.00349    0.00058      0.00060      
124000  0.00501    0.00094    0.00349    0.00058      0.00060      
124100  0.00501    0.00094    0.00349    0.00058      0.00060      
124200  0.00501    0.00094    0.00349    0.00058      0.00060      
124300  0.00501    0.00094    0.00349    0.00058      0.00060      
124400  0.00501    0.00094    0.00349    0.00058      0.00060      
124500  0.00501    0.00094    0.00349    0.00058      0.00060      
124600  0.00501    0.00094    0.00349    0.00058      0.00060      
124700  0.00501    0.00094    0.00349    0.00058      0.00060      
124800  0.00501    0.00094    0.00349    0.00058      0.00060      
124900  0.00501    0.00094    0.00349    0.00058      0.00060      
125000  0.00501    0.00094    0.00349    0.00058      0.00060      
125100  0.00501    0.00094    0.00349    0.00058      0.00060      
125200  0.00501    0.00094    0.00349    0.00058      0.00060      
125300  0.00501    0.00094    0.00349    0.00058      0.00060      
125400  0.00501    0.00094    0.00349    0.00058      0.00060      
125500  0.00501    0.00094    0.00349    0.00058      0.00060      
125600  0.00501    0.00094    0.00349    0.00058      0.00060      
125700  0.00501    0.00094    0.00349    0.00058      0.00060      
125800  0.00501    0.00094    0.00349    0.00058      0.00060      
125900  0.00501    0.00094    0.00349    0.00058      0.00060      
126000  0.00501    0.00094    0.00349    0.00058      0.00060      
126100  0.00501    0.00094    0.00349    0.00058      0.00060      
126200  0.00501    0.00094    0.00349    0.00058      0.00060      
126300  0.00501    0.00094    0.00349    0.00058      0.00060      
126400  0.00500    0.00094    0.00349    0.00058      0.00060      
126500  0.00500    0.00094    0.00349    0.00058      0.00060      
126600  0.00500    0.00094    0.00349    0.00058      0.00060      
126700  0.00500    0.00094    0.00349    0.00058      0.00060      
126800  0.00500    0.00094    0.00349    0.00058      0.00060      
126900  0.00500    0.00094    0.00349    0.00058      0.00060      
127000  0.00500    0.00094    0.00349    0.00058      0.00060      
127100  0.00500    0.00094    0.00349    0.00058      0.00060      
127200  0.00500    0.00094    0.00349    0.00058      0.00060      
127300  0.00500    0.00094    0.00349    0.00058      0.00060      
127400  0.00500    0.00094    0.00349    0.00058      0.00060      
127500  0.00500    0.00094    0.00349    0.00058      0.00060      
127600  0.00500    0.00094    0.00349    0.00057      0.00060      
127700  0.00500    0.00094    0.00349    0.00057      0.00060      
127800  0.00500    0.00094    0.00349    0.00057      0.00060      
127900  0.00500    0.00094    0.00349    0.00057      0.00060      
128000  0.00500    0.00094    0.00349    0.00057      0.00060      
128100  0.00500    0.00094    0.00349    0.00057      0.00060      
128200  0.00500    0.00094    0.00349    0.00057      0.00060      
128300  0.00500    0.00094    0.00349    0.00057      0.00060      
128400  0.00500    0.00094    0.00349    0.00057      0.00060      
128500  0.00500    0.00094    0.00349    0.00057      0.00060      
128600  0.00500    0.00094    0.00349    0.00057      0.00060      
128700  0.00500    0.00094    0.00349    0.00057      0.00060      
128800  0.00500    0.00094    0.00349    0.00057      0.00060      
128900  0.00500    0.00094    0.00349    0.00057      0.00060      
129000  0.00500    0.00094    0.00349    0.00057      0.00060      
129100  0.00500    0.00094    0.00349    0.00057      0.00059      
129200  0.00500    0.00094    0.00349    0.00057      0.00060      
129300  0.00500    0.00094    0.00349    0.00057      0.00059      
129400  0.00500    0.00094    0.00349    0.00057      0.00059      
129500  0.00500    0.00094    0.00349    0.00057      0.00059      
129600  0.00500    0.00094    0.00349    0.00057      0.00059      
129700  0.00500    0.00094    0.00349    0.00057      0.00059      
129800  0.00500    0.00094    0.00349    0.00057      0.00059      
129900  0.00500    0.00094    0.00349    0.00057      0.00059      
130000  0.00500    0.00094    0.00349    0.00057      0.00059      
130100  0.00500    0.00094    0.00349    0.00057      0.00059      
130200  0.00500    0.00094    0.00349    0.00057      0.00059      
130300  0.00500    0.00094    0.00349    0.00057      0.00059      
130400  0.00500    0.00094    0.00349    0.00057      0.00059      
130500  0.00500    0.00094    0.00349    0.00057      0.00059      
130600  0.00500    0.00094    0.00349    0.00057      0.00059      
130700  0.00500    0.00094    0.00349    0.00057      0.00059      
130800  0.00500    0.00094    0.00349    0.00057      0.00059      
130900  0.00500    0.00094    0.00349    0.00057      0.00059      
131000  0.00500    0.00094    0.00349    0.00057      0.00059      
131100  0.00500    0.00094    0.00349    0.00057      0.00059      
131200  0.00500    0.00094    0.00349    0.00057      0.00059      
131300  0.00500    0.00094    0.00349    0.00057      0.00059      
131400  0.00500    0.00094    0.00349    0.00057      0.00059      
131500  0.00500    0.00094    0.00349    0.00057      0.00059      
131600  0.00500    0.00094    0.00349    0.00057      0.00059      
131700  0.00500    0.00094    0.00349    0.00057      0.00059      
131800  0.00500    0.00094    0.00349    0.00057      0.00059      
131900  0.00500    0.00094    0.00349    0.00057      0.00059      
132000  0.00500    0.00094    0.00349    0.00057      0.00059      
132100  0.00500    0.00094    0.00349    0.00057      0.00059      
132200  0.00500    0.00094    0.00349    0.00057      0.00059      
132300  0.00499    0.00094    0.00349    0.00057      0.00059      
132400  0.00499    0.00094    0.00349    0.00057      0.00059      
132500  0.00499    0.00094    0.00349    0.00057      0.00059      
132600  0.00499    0.00094    0.00349    0.00057      0.00059      
132700  0.00499    0.00094    0.00349    0.00057      0.00059      
132800  0.00499    0.00094    0.00349    0.00057      0.00059      
132900  0.00499    0.00094    0.00349    0.00057      0.00059      
133000  0.00499    0.00094    0.00349    0.00057      0.00059      
133100  0.00499    0.00094    0.00349    0.00057      0.00059      
133200  0.00499    0.00094    0.00349    0.00057      0.00059      
133300  0.00499    0.00094    0.00349    0.00057      0.00059      
133400  0.00499    0.00094    0.00348    0.00057      0.00059      
133500  0.00499    0.00094    0.00348    0.00057      0.00059      
133600  0.00499    0.00094    0.00348    0.00057      0.00059      
133700  0.00499    0.00094    0.00348    0.00057      0.00059      
133800  0.00499    0.00094    0.00348    0.00057      0.00059      
133900  0.00499    0.00094    0.00348    0.00057      0.00059      
134000  0.00499    0.00094    0.00348    0.00057      0.00059      
134100  0.00499    0.00094    0.00348    0.00057      0.00059      
134200  0.00499    0.00094    0.00348    0.00057      0.00059      
134300  0.00499    0.00094    0.00348    0.00057      0.00059      
134400  0.00499    0.00094    0.00348    0.00057      0.00059      
134500  0.00499    0.00094    0.00348    0.00057      0.00059      
134600  0.00499    0.00094    0.00348    0.00057      0.00059      
134700  0.00499    0.00094    0.00348    0.00057      0.00059      
134800  0.00499    0.00094    0.00348    0.00057      0.00059      
134900  0.00499    0.00094    0.00348    0.00057      0.00059      
135000  0.00499    0.00094    0.00348    0.00057      0.00059      
135100  0.00499    0.00094    0.00348    0.00057      0.00059      
135200  0.00499    0.00093    0.00348    0.00057      0.00059      
135300  0.00499    0.00093    0.00348    0.00057      0.00059      
135400  0.00499    0.00093    0.00348    0.00057      0.00059      
135500  0.00499    0.00093    0.00348    0.00057      0.00059      
135600  0.00499    0.00093    0.00348    0.00057      0.00059      
135700  0.00499    0.00093    0.00348    0.00057      0.00059      
135800  0.00499    0.00093    0.00348    0.00057      0.00059      
135900  0.00499    0.00093    0.00348    0.00057      0.00059      
136000  0.00499    0.00093    0.00348    0.00057      0.00059      
136100  0.00499    0.00093    0.00348    0.00057      0.00059      
136200  0.00499    0.00093    0.00348    0.00057      0.00059      
136300  0.00499    0.00093    0.00348    0.00057      0.00059      
136400  0.00499    0.00093    0.00348    0.00057      0.00059      
136500  0.00499    0.00093    0.00348    0.00057      0.00059      
136600  0.00498    0.00093    0.00348    0.00057      0.00059      
136700  0.00498    0.00093    0.00348    0.00057      0.00059      
136800  0.00498    0.00093    0.00348    0.00057      0.00059      
136900  0.00498    0.00093    0.00348    0.00057      0.00059      
137000  0.00498    0.00093    0.00348    0.00057      0.00059      
137100  0.00498    0.00093    0.00348    0.00057      0.00059      
137200  0.00498    0.00093    0.00348    0.00057      0.00059      
137300  0.00498    0.00093    0.00348    0.00057      0.00059      
137400  0.00498    0.00093    0.00348    0.00057      0.00059      
137500  0.00498    0.00093    0.00348    0.00057      0.00059      
137600  0.00498    0.00093    0.00348    0.00057      0.00059      
137700  0.00498    0.00093    0.00348    0.00057      0.00059      
137800  0.00498    0.00093    0.00348    0.00057      0.00059      
137900  0.00498    0.00093    0.00348    0.00057      0.00059      
138000  0.00498    0.00093    0.00348    0.00057      0.00059      
138100  0.00498    0.00093    0.00348    0.00057      0.00059      
138200  0.00498    0.00093    0.00348    0.00057      0.00059      
138300  0.00498    0.00093    0.00348    0.00057      0.00059      
138400  0.00498    0.00093    0.00348    0.00057      0.00059      
138500  0.00498    0.00093    0.00348    0.00057      0.00059      
138600  0.00498    0.00093    0.00348    0.00057      0.00059      
138700  0.00498    0.00093    0.00348    0.00057      0.00059      
138800  0.00498    0.00093    0.00348    0.00057      0.00059      
138900  0.00498    0.00093    0.00348    0.00057      0.00059      
139000  0.00498    0.00093    0.00348    0.00057      0.00059      
139100  0.00498    0.00093    0.00348    0.00057      0.00059      
139200  0.00498    0.00093    0.00348    0.00057      0.00059      
139300  0.00498    0.00093    0.00348    0.00057      0.00059      
139400  0.00498    0.00093    0.00348    0.00057      0.00059      
139500  0.00498    0.00093    0.00348    0.00057      0.00059      
139600  0.00498    0.00093    0.00348    0.00057      0.00059      
139700  0.00498    0.00093    0.00348    0.00057      0.00059      
139800  0.00498    0.00093    0.00348    0.00057      0.00059      
139900  0.00498    0.00093    0.00348    0.00057      0.00059      
140000  0.00498    0.00093    0.00348    0.00057      0.00059      
140100  0.00498    0.00093    0.00348    0.00057      0.00059      
140200  0.00498    0.00093    0.00348    0.00057      0.00059      
140300  0.00498    0.00093    0.00348    0.00057      0.00059      
140400  0.00498    0.00093    0.00348    0.00057      0.00059      
140500  0.00498    0.00093    0.00348    0.00057      0.00059      
140600  0.00498    0.00093    0.00348    0.00057      0.00059      
140700  0.00498    0.00093    0.00348    0.00057      0.00059      
140800  0.00498    0.00093    0.00348    0.00057      0.00059      
140900  0.00498    0.00093    0.00348    0.00057      0.00059      
141000  0.00498    0.00093    0.00348    0.00057      0.00059      
141100  0.00498    0.00093    0.00348    0.00057      0.00059      
141200  0.00498    0.00093    0.00348    0.00057      0.00059      
141300  0.00498    0.00093    0.00348    0.00057      0.00059      
141400  0.00498    0.00093    0.00348    0.00057      0.00059      
141500  0.00498    0.00093    0.00348    0.00057      0.00059      
141600  0.00498    0.00093    0.00348    0.00057      0.00059      
141700  0.00498    0.00093    0.00348    0.00057      0.00059      
141800  0.00498    0.00093    0.00348    0.00057      0.00059      
141900  0.00498    0.00093    0.00348    0.00057      0.00059      
142000  0.00498    0.00093    0.00348    0.00057      0.00059      
142100  0.00498    0.00093    0.00348    0.00057      0.00059      
142200  0.00498    0.00093    0.00348    0.00057      0.00059      
142300  0.00498    0.00093    0.00348    0.00057      0.00059      
142400  0.00498    0.00093    0.00348    0.00057      0.00059      
142500  0.00498    0.00093    0.00348    0.00057      0.00059      
142600  0.00498    0.00093    0.00348    0.00057      0.00059      
142700  0.00498    0.00093    0.00348    0.00057      0.00059      
142800  0.00498    0.00093    0.00348    0.00057      0.00059      
142900  0.00498    0.00093    0.00348    0.00057      0.00059      
143000  0.00498    0.00093    0.00348    0.00057      0.00059      
143100  0.00498    0.00093    0.00348    0.00057      0.00059      
143200  0.00498    0.00093    0.00348    0.00057      0.00059      
143300  0.00498    0.00093    0.00348    0.00057      0.00059      
143400  0.00498    0.00093    0.00348    0.00057      0.00059      
143500  0.00498    0.00093    0.00348    0.00057      0.00059      
143600  0.00498    0.00093    0.00348    0.00057      0.00059      
143700  0.00498    0.00093    0.00348    0.00057      0.00059      
143800  0.00498    0.00093    0.00348    0.00057      0.00059      
143900  0.00498    0.00093    0.00348    0.00057      0.00059      
144000  0.00498    0.00093    0.00348    0.00057      0.00059      
144100  0.00498    0.00093    0.00348    0.00057      0.00059      
144200  0.00498    0.00093    0.00348    0.00057      0.00059      
144300  0.00498    0.00093    0.00348    0.00057      0.00059      
144400  0.00498    0.00093    0.00348    0.00057      0.00059      
144500  0.00498    0.00093    0.00348    0.00057      0.00059      
144600  0.00498    0.00093    0.00348    0.00057      0.00059      
144700  0.00498    0.00093    0.00348    0.00057      0.00059      
144800  0.00498    0.00093    0.00348    0.00057      0.00059      
144900  0.00498    0.00093    0.00348    0.00057      0.00059      
145000  0.00498    0.00093    0.00348    0.00057      0.00059      
145100  0.00498    0.00093    0.00348    0.00057      0.00059      
145200  0.00498    0.00093    0.00348    0.00057      0.00059      
145300  0.00498    0.00093    0.00348    0.00057      0.00059      
145400  0.00498    0.00093    0.00348    0.00057      0.00059      
145500  0.00498    0.00093    0.00348    0.00057      0.00059      
145600  0.00498    0.00093    0.00348    0.00057      0.00059      
145700  0.00498    0.00093    0.00348    0.00057      0.00059      
145800  0.00498    0.00093    0.00348    0.00057      0.00059      
145900  0.00498    0.00093    0.00348    0.00057      0.00059      
146000  0.00498    0.00093    0.00348    0.00057      0.00059      
146100  0.00498    0.00093    0.00348    0.00057      0.00059      
146200  0.00498    0.00093    0.00348    0.00057      0.00059      
146300  0.00498    0.00093    0.00348    0.00057      0.00059      
146400  0.00498    0.00093    0.00348    0.00057      0.00059      
146500  0.00498    0.00093    0.00348    0.00057      0.00059      
146600  0.00498    0.00093    0.00348    0.00057      0.00059      
146700  0.00498    0.00093    0.00348    0.00057      0.00059      
146800  0.00498    0.00093    0.00348    0.00057      0.00059      
146900  0.00498    0.00093    0.00348    0.00057      0.00059      
147000  0.00498    0.00093    0.00348    0.00057      0.00059      
147100  0.00498    0.00093    0.00348    0.00057      0.00059      
147200  0.00498    0.00093    0.00348    0.00057      0.00059      
147300  0.00498    0.00093    0.00348    0.00057      0.00059      
147400  0.00498    0.00093    0.00348    0.00057      0.00059      
147500  0.00498    0.00093    0.00348    0.00057      0.00059      
147600  0.00498    0.00093    0.00348    0.00057      0.00059      
147700  0.00498    0.00093    0.00348    0.00057      0.00059      
147800  0.00498    0.00093    0.00348    0.00057      0.00059      
147900  0.00498    0.00093    0.00348    0.00057      0.00059      
148000  0.00498    0.00093    0.00348    0.00057      0.00059      
148100  0.00498    0.00093    0.00348    0.00057      0.00059      
148200  0.00498    0.00093    0.00348    0.00057      0.00059      
148300  0.00498    0.00093    0.00348    0.00057      0.00059      
148400  0.00498    0.00093    0.00348    0.00057      0.00059      
148500  0.00498    0.00093    0.00348    0.00056      0.00059      
148600  0.00498    0.00093    0.00348    0.00056      0.00059      
148700  0.00498    0.00093    0.00348    0.00056      0.00059      
148800  0.00498    0.00093    0.00348    0.00056      0.00059      
148900  0.00498    0.00093    0.00348    0.00056      0.00059      
149000  0.00498    0.00093    0.00348    0.00056      0.00059      
149100  0.00498    0.00093    0.00348    0.00056      0.00059      
149200  0.00498    0.00093    0.00348    0.00056      0.00059      
149300  0.00498    0.00093    0.00348    0.00056      0.00059      
149400  0.00498    0.00093    0.00348    0.00056      0.00059      
149500  0.00498    0.00093    0.00348    0.00056      0.00059      
149600  0.00498    0.00093    0.00348    0.00056      0.00059      
149700  0.00498    0.00093    0.00348    0.00056      0.00059      
149800  0.00498    0.00093    0.00348    0.00056      0.00059      
149900  0.00498    0.00093    0.00348    0.00056      0.00059      
150000  0.00498    0.00093    0.00348    0.00056      0.00059      
150100  0.00498    0.00093    0.00348    0.00056      0.00059      
150200  0.00498    0.00093    0.00348    0.00056      0.00059      
150300  0.00498    0.00093    0.00348    0.00056      0.00059      
150400  0.00498    0.00093    0.00348    0.00056      0.00059      
150500  0.00498    0.00093    0.00348    0.00056      0.00059      
150600  0.00498    0.00093    0.00348    0.00056      0.00059      
150700  0.00498    0.00093    0.00348    0.00056      0.00059      
150800  0.00498    0.00093    0.00348    0.00056      0.00059      
150900  0.00498    0.00093    0.00348    0.00056      0.00059      
151000  0.00498    0.00093    0.00348    0.00056      0.00059      
151100  0.00498    0.00093    0.00348    0.00056      0.00058      
151200  0.00498    0.00093    0.00348    0.00056      0.00058      
151300  0.00498    0.00093    0.00348    0.00056      0.00058      
151400  0.00498    0.00093    0.00348    0.00056      0.00058      
151500  0.00498    0.00093    0.00348    0.00056      0.00058      
151600  0.00498    0.00093    0.00348    0.00056      0.00058      
151700  0.00498    0.00093    0.00348    0.00056      0.00058      
151800  0.00498    0.00093    0.00348    0.00056      0.00058      
151900  0.00498    0.00093    0.00348    0.00056      0.00058      
152000  0.00498    0.00093    0.00348    0.00056      0.00058      
152100  0.00498    0.00093    0.00348    0.00056      0.00058      
152200  0.00498    0.00093    0.00348    0.00056      0.00058      
152300  0.00498    0.00093    0.00348    0.00056      0.00058      
152400  0.00498    0.00093    0.00348    0.00056      0.00058      
152500  0.00498    0.00093    0.00348    0.00056      0.00058      
152600  0.00498    0.00093    0.00348    0.00056      0.00058      
152700  0.00498    0.00093    0.00348    0.00056      0.00058      
152800  0.00498    0.00093    0.00348    0.00056      0.00058      
152900  0.00497    0.00093    0.00348    0.00056      0.00058      
153000  0.00497    0.00093    0.00348    0.00056      0.00058      
153100  0.00497    0.00093    0.00348    0.00056      0.00058      
153200  0.00497    0.00093    0.00348    0.00056      0.00058      
153300  0.00497    0.00093    0.00348    0.00056      0.00058      
153400  0.00497    0.00093    0.00348    0.00056      0.00058      
153500  0.00497    0.00093    0.00348    0.00056      0.00058      
153600  0.00497    0.00093    0.00348    0.00056      0.00058      
153700  0.00497    0.00093    0.00348    0.00056      0.00058      
153800  0.00497    0.00093    0.00348    0.00056      0.00058      
153900  0.00497    0.00093    0.00348    0.00056      0.00058      
154000  0.00497    0.00093    0.00348    0.00056      0.00058      
154100  0.00497    0.00093    0.00348    0.00056      0.00058      
154200  0.00497    0.00093    0.00348    0.00056      0.00058      
154300  0.00497    0.00093    0.00348    0.00056      0.00058      
154400  0.00497    0.00093    0.00348    0.00056      0.00058      
154500  0.00497    0.00093    0.00348    0.00056      0.00058      
154600  0.00497    0.00093    0.00348    0.00056      0.00058      
154700  0.00497    0.00093    0.00348    0.00056      0.00058      
154800  0.00497    0.00093    0.00348    0.00056      0.00058      
154900  0.00497    0.00093    0.00348    0.00056      0.00058      
155000  0.00497    0.00093    0.00348    0.00056      0.00058      
155100  0.00497    0.00093    0.00348    0.00056      0.00058      
155200  0.00497    0.00093    0.00348    0.00056      0.00058      
155300  0.00497    0.00093    0.00348    0.00056      0.00058      
155400  0.00497    0.00093    0.00348    0.00056      0.00058      
155500  0.00497    0.00093    0.00348    0.00056      0.00058      
155600  0.00497    0.00093    0.00348    0.00056      0.00058      
155700  0.00497    0.00093    0.00348    0.00056      0.00058      
155800  0.00497    0.00093    0.00348    0.00056      0.00058      
155900  0.00497    0.00093    0.00348    0.00056      0.00058      
156000  0.00497    0.00093    0.00348    0.00056      0.00058      
156100  0.00497    0.00093    0.00348    0.00056      0.00058      
156200  0.00497    0.00093    0.00348    0.00056      0.00058      
156300  0.00497    0.00093    0.00348    0.00056      0.00058      
156400  0.00497    0.00093    0.00348    0.00056      0.00058      
156500  0.00497    0.00093    0.00348    0.00056      0.00058      
156600  0.00497    0.00093    0.00348    0.00056      0.00058      
156700  0.00497    0.00093    0.00348    0.00056      0.00058      
156800  0.00497    0.00093    0.00348    0.00056      0.00058      
156900  0.00497    0.00093    0.00348    0.00056      0.00058      
157000  0.00497    0.00093    0.00348    0.00056      0.00058      
157100  0.00497    0.00093    0.00348    0.00056      0.00058      
157200  0.00497    0.00093    0.00348    0.00056      0.00058      
157300  0.00497    0.00093    0.00348    0.00056      0.00058      
157400  0.00497    0.00093    0.00348    0.00056      0.00058      
157500  0.00497    0.00093    0.00348    0.00056      0.00058      
157600  0.00497    0.00093    0.00348    0.00056      0.00058      
157700  0.00497    0.00093    0.00348    0.00056      0.00058      
157800  0.00497    0.00093    0.00348    0.00056      0.00058      
157900  0.00497    0.00093    0.00348    0.00056      0.00058      
158000  0.00497    0.00093    0.00348    0.00056      0.00058      
158100  0.00497    0.00093    0.00348    0.00056      0.00058      
158200  0.00497    0.00093    0.00348    0.00056      0.00058      
158300  0.00497    0.00093    0.00348    0.00056      0.00058      
158400  0.00497    0.00093    0.00348    0.00056      0.00058      
158500  0.00497    0.00093    0.00348    0.00056      0.00058      
158600  0.00497    0.00093    0.00348    0.00056      0.00058      
158700  0.00497    0.00093    0.00348    0.00056      0.00058      
158800  0.00497    0.00093    0.00348    0.00056      0.00058      
158900  0.00497    0.00093    0.00348    0.00056      0.00058      
159000  0.00497    0.00093    0.00348    0.00056      0.00058      
159100  0.00497    0.00093    0.00348    0.00056      0.00058      
159200  0.00497    0.00093    0.00348    0.00056      0.00058      
159300  0.00497    0.00093    0.00348    0.00056      0.00058      
159400  0.00497    0.00093    0.00348    0.00056      0.00058      
159500  0.00497    0.00093    0.00348    0.00056      0.00058      
159600  0.00497    0.00093    0.00348    0.00056      0.00058      
159700  0.00497    0.00093    0.00348    0.00056      0.00058      
159800  0.00497    0.00093    0.00348    0.00056      0.00058      
159900  0.00497    0.00093    0.00348    0.00056      0.00058      
160000  0.00497    0.00093    0.00348    0.00056      0.00058      
160100  0.00497    0.00093    0.00348    0.00056      0.00058      
160200  0.00497    0.00093    0.00348    0.00056      0.00058      
160300  0.00497    0.00093    0.00348    0.00056      0.00058      
160400  0.00497    0.00093    0.00348    0.00056      0.00058      
160500  0.00497    0.00093    0.00348    0.00056      0.00058      
160600  0.00497    0.00093    0.00348    0.00056      0.00058      
160700  0.00497    0.00093    0.00348    0.00056      0.00058      
160800  0.00497    0.00093    0.00348    0.00056      0.00058      
160900  0.00497    0.00093    0.00348    0.00056      0.00058      
161000  0.00497    0.00093    0.00348    0.00056      0.00058      
161100  0.00497    0.00093    0.00348    0.00056      0.00058      
161200  0.00497    0.00093    0.00348    0.00056      0.00058      
161300  0.00497    0.00093    0.00348    0.00056      0.00058      
161400  0.00497    0.00093    0.00348    0.00056      0.00058      
161500  0.00497    0.00093    0.00348    0.00056      0.00058      
161600  0.00497    0.00093    0.00348    0.00056      0.00058      
161700  0.00497    0.00093    0.00348    0.00056      0.00058      
161800  0.00497    0.00093    0.00348    0.00056      0.00058      
161900  0.00497    0.00093    0.00348    0.00056      0.00058      
162000  0.00497    0.00093    0.00348    0.00056      0.00058      
162100  0.00497    0.00093    0.00348    0.00056      0.00058      
162200  0.00497    0.00093    0.00348    0.00056      0.00058      
162300  0.00497    0.00093    0.00348    0.00056      0.00058      
162400  0.00497    0.00093    0.00348    0.00056      0.00058      
162500  0.00497    0.00093    0.00348    0.00056      0.00058      
162600  0.00497    0.00093    0.00348    0.00056      0.00058      
162700  0.00497    0.00093    0.00348    0.00056      0.00058      
162800  0.00497    0.00093    0.00348    0.00056      0.00058      
162900  0.00497    0.00093    0.00348    0.00056      0.00058      
163000  0.00497    0.00093    0.00348    0.00056      0.00058      
163100  0.00497    0.00093    0.00348    0.00056      0.00058      
163200  0.00497    0.00093    0.00348    0.00056      0.00058      
163300  0.00497    0.00093    0.00348    0.00056      0.00058      
163400  0.00497    0.00093    0.00348    0.00056      0.00058      
163500  0.00497    0.00093    0.00348    0.00056      0.00058      
163600  0.00497    0.00093    0.00348    0.00056      0.00058      
163700  0.00497    0.00093    0.00348    0.00056      0.00058      
163800  0.00497    0.00093    0.00348    0.00056      0.00058      
163900  0.00497    0.00093    0.00348    0.00056      0.00058      
164000  0.00497    0.00093    0.00348    0.00056      0.00058      
164100  0.00497    0.00093    0.00348    0.00056      0.00058      
164200  0.00497    0.00093    0.00348    0.00056      0.00058      
164300  0.00497    0.00093    0.00348    0.00056      0.00058      
164400  0.00497    0.00093    0.00348    0.00056      0.00058      
164500  0.00497    0.00093    0.00348    0.00056      0.00058      
164600  0.00497    0.00093    0.00348    0.00056      0.00058      
164700  0.00497    0.00093    0.00348    0.00056      0.00058      
164800  0.00497    0.00093    0.00348    0.00056      0.00058      
164900  0.00497    0.00093    0.00348    0.00056      0.00058      
165000  0.00497    0.00093    0.00348    0.00056      0.00058      
165100  0.00497    0.00093    0.00348    0.00056      0.00058      
165200  0.00497    0.00093    0.00348    0.00056      0.00058      
165300  0.00497    0.00093    0.00348    0.00056      0.00058      
165400  0.00497    0.00093    0.00348    0.00056      0.00058      
165500  0.00497    0.00093    0.00348    0.00056      0.00058      
165600  0.00497    0.00093    0.00348    0.00056      0.00058      
165700  0.00497    0.00093    0.00348    0.00056      0.00058      
165800  0.00497    0.00093    0.00348    0.00056      0.00058      
165900  0.00497    0.00093    0.00348    0.00056      0.00058      
166000  0.00497    0.00093    0.00348    0.00056      0.00058      
166100  0.00497    0.00093    0.00348    0.00056      0.00058      
166200  0.00497    0.00093    0.00348    0.00056      0.00058      
166300  0.00497    0.00093    0.00348    0.00056      0.00058      
166400  0.00497    0.00093    0.00348    0.00056      0.00058      
166500  0.00497    0.00093    0.00348    0.00056      0.00058      
166600  0.00497    0.00093    0.00348    0.00056      0.00058      
166700  0.00497    0.00093    0.00348    0.00056      0.00058      
166800  0.00497    0.00093    0.00348    0.00056      0.00058      
166900  0.00497    0.00093    0.00348    0.00056      0.00058      
167000  0.00497    0.00093    0.00348    0.00056      0.00058      
167100  0.00497    0.00093    0.00348    0.00056      0.00058      
167200  0.00497    0.00093    0.00348    0.00056      0.00058      
167300  0.00497    0.00093    0.00348    0.00056      0.00058      
167400  0.00497    0.00093    0.00348    0.00056      0.00058      
167500  0.00497    0.00093    0.00348    0.00056      0.00058      
167600  0.00497    0.00093    0.00348    0.00056      0.00058      
167700  0.00497    0.00093    0.00348    0.00056      0.00058      
167800  0.00497    0.00093    0.00348    0.00056      0.00058      
167900  0.00497    0.00093    0.00348    0.00056      0.00058      
168000  0.00497    0.00093    0.00348    0.00056      0.00058      
168100  0.00497    0.00093    0.00348    0.00056      0.00058      
168200  0.00497    0.00093    0.00348    0.00056      0.00058      
168300  0.00497    0.00093    0.00348    0.00056      0.00058      
168400  0.00497    0.00093    0.00348    0.00056      0.00058      
168500  0.00497    0.00093    0.00348    0.00056      0.00058      
168600  0.00497    0.00093    0.00348    0.00056      0.00058      
168700  0.00497    0.00093    0.00348    0.00056      0.00058      
168800  0.00497    0.00093    0.00348    0.00056      0.00058      
168900  0.00497    0.00093    0.00348    0.00056      0.00058      
169000  0.00497    0.00093    0.00348    0.00056      0.00058      
169100  0.00497    0.00093    0.00348    0.00056      0.00058      
169200  0.00497    0.00093    0.00348    0.00056      0.00058      
169300  0.00497    0.00093    0.00348    0.00056      0.00058      
169400  0.00497    0.00093    0.00348    0.00056      0.00058      
169500  0.00497    0.00093    0.00348    0.00056      0.00058      
169600  0.00497    0.00093    0.00348    0.00056      0.00058      
169700  0.00497    0.00093    0.00348    0.00056      0.00058      
169800  0.00497    0.00093    0.00348    0.00056      0.00058      
169900  0.00497    0.00093    0.00348    0.00056      0.00058      
170000  0.00497    0.00093    0.00348    0.00056      0.00058      
170100  0.00497    0.00093    0.00348    0.00056      0.00058      
170200  0.00497    0.00093    0.00348    0.00056      0.00058      
170300  0.00497    0.00093    0.00348    0.00056      0.00058      
170400  0.00497    0.00093    0.00348    0.00056      0.00058      
170500  0.00497    0.00093    0.00348    0.00056      0.00058      
170600  0.00497    0.00093    0.00348    0.00056      0.00058      
170700  0.00497    0.00093    0.00348    0.00056      0.00058      
170800  0.00497    0.00093    0.00348    0.00056      0.00058      
170900  0.00497    0.00093    0.00348    0.00056      0.00058      
171000  0.00497    0.00093    0.00348    0.00056      0.00058      
171100  0.00497    0.00093    0.00348    0.00056      0.00058      
171200  0.00497    0.00093    0.00348    0.00056      0.00058      
171300  0.00497    0.00093    0.00348    0.00056      0.00058      
171400  0.00497    0.00093    0.00348    0.00056      0.00058      
171500  0.00497    0.00093    0.00348    0.00056      0.00058      
171600  0.00497    0.00093    0.00348    0.00056      0.00058      
171700  0.00497    0.00093    0.00348    0.00056      0.00058      
171800  0.00497    0.00093    0.00348    0.00056      0.00058      
171900  0.00497    0.00093    0.00348    0.00056      0.00058      
172000  0.00497    0.00093    0.00348    0.00056      0.00058      
172100  0.00497    0.00093    0.00348    0.00056      0.00058      
172200  0.00497    0.00093    0.00348    0.00056      0.00058      
172300  0.00497    0.00093    0.00348    0.00056      0.00058      
172400  0.00497    0.00093    0.00348    0.00056      0.00058      
172500  0.00497    0.00093    0.00348    0.00056      0.00058      
172600  0.00497    0.00093    0.00348    0.00056      0.00058      
172700  0.00497    0.00093    0.00348    0.00056      0.00058      
172800  0.00497    0.00093    0.00348    0.00056      0.00058      
172900  0.00497    0.00093    0.00348    0.00056      0.00058      
173000  0.00497    0.00093    0.00348    0.00056      0.00058      
173100  0.00497    0.00093    0.00348    0.00056      0.00058      
173200  0.00497    0.00093    0.00348    0.00056      0.00058      
173300  0.00497    0.00093    0.00348    0.00056      0.00058      
173400  0.00497    0.00093    0.00348    0.00056      0.00058      
173500  0.00497    0.00093    0.00348    0.00056      0.00058      
173600  0.00497    0.00093    0.00348    0.00056      0.00058      
173700  0.00497    0.00093    0.00348    0.00056      0.00058      
173800  0.00497    0.00093    0.00348    0.00056      0.00058      
173900  0.00497    0.00093    0.00348    0.00056      0.00058      
174000  0.00497    0.00093    0.00348    0.00056      0.00058      
174100  0.00497    0.00093    0.00348    0.00056      0.00058      
174200  0.00497    0.00093    0.00348    0.00056      0.00058      
174300  0.00497    0.00093    0.00348    0.00056      0.00058      
174400  0.00497    0.00093    0.00348    0.00056      0.00058      
174500  0.00497    0.00093    0.00348    0.00056      0.00058      
174600  0.00497    0.00093    0.00348    0.00056      0.00058      
174700  0.00497    0.00093    0.00348    0.00056      0.00058      
174800  0.00497    0.00093    0.00348    0.00056      0.00058      
174900  0.00497    0.00093    0.00348    0.00056      0.00058      
175000  0.00497    0.00093    0.00348    0.00056      0.00058      
175100  0.00497    0.00093    0.00348    0.00056      0.00058      
175200  0.00497    0.00093    0.00348    0.00056      0.00058      
175300  0.00497    0.00093    0.00348    0.00056      0.00058      
175400  0.00497    0.00093    0.00348    0.00056      0.00058      
175500  0.00497    0.00093    0.00348    0.00056      0.00058      
175600  0.00497    0.00093    0.00348    0.00056      0.00058      
175700  0.00497    0.00093    0.00348    0.00056      0.00058      
175800  0.00497    0.00093    0.00348    0.00056      0.00058      
175900  0.00497    0.00093    0.00348    0.00056      0.00058      
176000  0.00497    0.00093    0.00348    0.00056      0.00058      
176100  0.00497    0.00093    0.00348    0.00056      0.00058      
176200  0.00497    0.00093    0.00348    0.00056      0.00058      
176300  0.00497    0.00093    0.00348    0.00056      0.00058      
176400  0.00497    0.00093    0.00348    0.00056      0.00058      
176500  0.00497    0.00093    0.00348    0.00056      0.00058      
176600  0.00497    0.00093    0.00348    0.00056      0.00058      
176700  0.00497    0.00093    0.00348    0.00056      0.00058      
176800  0.00497    0.00093    0.00348    0.00056      0.00058      
176900  0.00497    0.00093    0.00348    0.00056      0.00058      
177000  0.00497    0.00093    0.00348    0.00056      0.00058      
177100  0.00497    0.00093    0.00348    0.00056      0.00058      
177200  0.00497    0.00093    0.00348    0.00056      0.00058      
177300  0.00497    0.00093    0.00348    0.00056      0.00058      
177400  0.00497    0.00093    0.00348    0.00056      0.00058      
177500  0.00497    0.00093    0.00348    0.00056      0.00058      
177600  0.00497    0.00093    0.00348    0.00056      0.00058      
177700  0.00497    0.00093    0.00348    0.00056      0.00058      
177800  0.00497    0.00093    0.00348    0.00056      0.00058      
177900  0.00497    0.00093    0.00348    0.00056      0.00058      
178000  0.00497    0.00093    0.00348    0.00056      0.00058      
178100  0.00497    0.00093    0.00348    0.00056      0.00058      
178200  0.00497    0.00093    0.00348    0.00056      0.00058      
178300  0.00497    0.00093    0.00348    0.00056      0.00058      
178400  0.00497    0.00093    0.00348    0.00056      0.00058      
178500  0.00497    0.00093    0.00348    0.00056      0.00058      
178600  0.00497    0.00093    0.00348    0.00056      0.00058      
178700  0.00497    0.00093    0.00348    0.00056      0.00058      
178800  0.00497    0.00093    0.00348    0.00056      0.00058      
178900  0.00497    0.00093    0.00348    0.00056      0.00058      
179000  0.00497    0.00093    0.00348    0.00056      0.00058      
179100  0.00497    0.00093    0.00348    0.00056      0.00058      
179200  0.00497    0.00093    0.00348    0.00056      0.00058      
179300  0.00497    0.00093    0.00348    0.00056      0.00058      
179400  0.00497    0.00093    0.00348    0.00056      0.00058      
179500  0.00497    0.00093    0.00348    0.00056      0.00058      
179600  0.00497    0.00093    0.00348    0.00056      0.00058      
179700  0.00497    0.00093    0.00348    0.00056      0.00058      
179800  0.00497    0.00093    0.00348    0.00056      0.00058      
179900  0.00497    0.00093    0.00348    0.00056      0.00058      
180000  0.00497    0.00093    0.00348    0.00056      0.00058      
180100  0.00497    0.00093    0.00348    0.00056      0.00058      
180200  0.00497    0.00093    0.00348    0.00056      0.00058      
180300  0.00497    0.00093    0.00348    0.00056      0.00058      
180400  0.00497    0.00093    0.00348    0.00056      0.00058      
180500  0.00497    0.00093    0.00348    0.00056      0.00058      
180600  0.00497    0.00093    0.00348    0.00056      0.00058      
180700  0.00497    0.00093    0.00348    0.00056      0.00058      
180800  0.00497    0.00093    0.00348    0.00056      0.00058      
180900  0.00497    0.00093    0.00348    0.00056      0.00058      
181000  0.00497    0.00093    0.00348    0.00056      0.00058      
181100  0.00497    0.00093    0.00348    0.00056      0.00058      
181200  0.00497    0.00093    0.00348    0.00056      0.00058      
181300  0.00497    0.00093    0.00348    0.00056      0.00058      
181400  0.00497    0.00093    0.00348    0.00056      0.00058      
181500  0.00497    0.00093    0.00348    0.00056      0.00058      
181600  0.00497    0.00093    0.00348    0.00056      0.00058      
181700  0.00497    0.00093    0.00348    0.00056      0.00058      
181800  0.00497    0.00093    0.00348    0.00056      0.00058      
181900  0.00497    0.00093    0.00348    0.00056      0.00058      
182000  0.00497    0.00093    0.00348    0.00056      0.00058      
182100  0.00497    0.00093    0.00348    0.00056      0.00058      
182200  0.00497    0.00093    0.00348    0.00056      0.00058      
182300  0.00497    0.00093    0.00348    0.00056      0.00058      
182400  0.00497    0.00093    0.00348    0.00056      0.00058      
182500  0.00497    0.00093    0.00348    0.00056      0.00058      
182600  0.00497    0.00093    0.00348    0.00056      0.00058      
182700  0.00497    0.00093    0.00348    0.00056      0.00058      
182800  0.00497    0.00093    0.00348    0.00056      0.00058      
182900  0.00497    0.00093    0.00348    0.00056      0.00058      
183000  0.00497    0.00093    0.00348    0.00056      0.00058      
183100  0.00497    0.00093    0.00348    0.00056      0.00058      
183200  0.00497    0.00093    0.00348    0.00056      0.00058      
183300  0.00497    0.00093    0.00348    0.00056      0.00058      
183400  0.00497    0.00093    0.00348    0.00056      0.00058      
183500  0.00497    0.00093    0.00348    0.00056      0.00058      
183600  0.00497    0.00093    0.00348    0.00056      0.00058      
183700  0.00497    0.00093    0.00348    0.00056      0.00058      
183800  0.00497    0.00093    0.00348    0.00056      0.00058      
183900  0.00497    0.00093    0.00348    0.00056      0.00058      
184000  0.00497    0.00093    0.00348    0.00056      0.00058      
184100  0.00497    0.00093    0.00348    0.00056      0.00058      
184200  0.00497    0.00093    0.00348    0.00056      0.00058      
184300  0.00497    0.00093    0.00348    0.00056      0.00058      
184400  0.00497    0.00093    0.00348    0.00056      0.00058      
184500  0.00497    0.00093    0.00348    0.00056      0.00058      
184600  0.00497    0.00093    0.00348    0.00056      0.00058      
184700  0.00497    0.00093    0.00348    0.00056      0.00058      
184800  0.00497    0.00093    0.00348    0.00056      0.00058      
184900  0.00497    0.00093    0.00348    0.00056      0.00058      
185000  0.00497    0.00093    0.00348    0.00056      0.00058      
185100  0.00497    0.00093    0.00348    0.00056      0.00058      
185200  0.00497    0.00093    0.00348    0.00056      0.00058      
185300  0.00497    0.00093    0.00348    0.00056      0.00058      
185400  0.00497    0.00093    0.00348    0.00056      0.00058      
185500  0.00497    0.00093    0.00348    0.00056      0.00058      
185600  0.00497    0.00093    0.00348    0.00056      0.00058      
185700  0.00497    0.00093    0.00348    0.00056      0.00058      
185800  0.00497    0.00093    0.00348    0.00056      0.00058      
185900  0.00497    0.00093    0.00348    0.00056      0.00058      
186000  0.00497    0.00093    0.00348    0.00056      0.00058      
186100  0.00497    0.00093    0.00348    0.00056      0.00058      
186200  0.00497    0.00093    0.00348    0.00056      0.00058      
186300  0.00497    0.00093    0.00348    0.00056      0.00058      
186400  0.00497    0.00093    0.00348    0.00056      0.00058      
186500  0.00497    0.00093    0.00348    0.00056      0.00058      
186600  0.00497    0.00093    0.00348    0.00056      0.00058      
186700  0.00497    0.00093    0.00348    0.00056      0.00058      
186800  0.00497    0.00093    0.00348    0.00056      0.00058      
186900  0.00497    0.00093    0.00348    0.00056      0.00058      
187000  0.00497    0.00093    0.00348    0.00056      0.00058      
187100  0.00497    0.00093    0.00348    0.00056      0.00058      
187200  0.00497    0.00093    0.00348    0.00056      0.00058      
187300  0.00497    0.00093    0.00348    0.00056      0.00058      
187400  0.00497    0.00093    0.00348    0.00056      0.00058      
187500  0.00497    0.00093    0.00348    0.00056      0.00058      
187600  0.00497    0.00093    0.00348    0.00056      0.00058      
187700  0.00497    0.00093    0.00348    0.00056      0.00058      
187800  0.00497    0.00093    0.00348    0.00056      0.00058      
187900  0.00497    0.00093    0.00348    0.00056      0.00058      
188000  0.00497    0.00093    0.00348    0.00056      0.00058      
188100  0.00497    0.00093    0.00348    0.00056      0.00058      
188200  0.00497    0.00093    0.00348    0.00056      0.00058      
188300  0.00497    0.00093    0.00348    0.00056      0.00058      
188400  0.00497    0.00093    0.00348    0.00056      0.00058      
188500  0.00497    0.00093    0.00348    0.00056      0.00058      
188600  0.00497    0.00093    0.00348    0.00056      0.00058      
188700  0.00497    0.00093    0.00348    0.00056      0.00058      
188800  0.00497    0.00093    0.00348    0.00056      0.00058      
188900  0.00497    0.00093    0.00348    0.00056      0.00058      
189000  0.00497    0.00093    0.00348    0.00056      0.00058      
189100  0.00497    0.00093    0.00348    0.00056      0.00058      
189200  0.00497    0.00093    0.00348    0.00056      0.00058      
189300  0.00497    0.00093    0.00348    0.00056      0.00058      
189400  0.00497    0.00093    0.00348    0.00056      0.00058      
189500  0.00497    0.00093    0.00348    0.00056      0.00058      
189600  0.00497    0.00093    0.00348    0.00056      0.00058      
189700  0.00497    0.00093    0.00348    0.00056      0.00058      
189800  0.00497    0.00093    0.00348    0.00056      0.00058      
189900  0.00497    0.00093    0.00348    0.00056      0.00058      
190000  0.00497    0.00093    0.00348    0.00056      0.00058      
190100  0.00497    0.00093    0.00348    0.00056      0.00058      
190200  0.00497    0.00093    0.00348    0.00056      0.00058      
190300  0.00497    0.00093    0.00348    0.00056      0.00058      
190400  0.00497    0.00093    0.00348    0.00056      0.00058      
190500  0.00497    0.00093    0.00348    0.00056      0.00058      
190600  0.00497    0.00093    0.00348    0.00056      0.00058      
190700  0.00497    0.00093    0.00348    0.00056      0.00058      
190800  0.00497    0.00093    0.00348    0.00056      0.00058      
190900  0.00497    0.00093    0.00348    0.00056      0.00058      
191000  0.00497    0.00093    0.00348    0.00056      0.00058      
191100  0.00497    0.00093    0.00348    0.00056      0.00058      
191200  0.00497    0.00093    0.00348    0.00056      0.00058      
191300  0.00497    0.00093    0.00348    0.00056      0.00058      
191400  0.00497    0.00093    0.00348    0.00056      0.00058      
191500  0.00497    0.00093    0.00348    0.00056      0.00058      
191600  0.00497    0.00093    0.00348    0.00056      0.00058      
191700  0.00497    0.00093    0.00348    0.00056      0.00058      
191800  0.00497    0.00093    0.00348    0.00056      0.00058      
191900  0.00497    0.00093    0.00348    0.00056      0.00058      
192000  0.00497    0.00093    0.00348    0.00056      0.00058      
192100  0.00497    0.00093    0.00348    0.00056      0.00058      
192200  0.00497    0.00093    0.00348    0.00056      0.00058      
192300  0.00497    0.00093    0.00348    0.00056      0.00058      
192400  0.00497    0.00093    0.00348    0.00056      0.00058      
192500  0.00497    0.00093    0.00348    0.00056      0.00058      
192600  0.00497    0.00093    0.00348    0.00056      0.00058      
192700  0.00497    0.00093    0.00348    0.00056      0.00058      
192800  0.00497    0.00093    0.00348    0.00056      0.00058      
192900  0.00497    0.00093    0.00348    0.00056      0.00058      
193000  0.00497    0.00093    0.00348    0.00056      0.00058      
193100  0.00497    0.00093    0.00348    0.00056      0.00058      
193200  0.00497    0.00093    0.00348    0.00056      0.00058      
193300  0.00497    0.00093    0.00348    0.00056      0.00058      
193400  0.00497    0.00093    0.00348    0.00056      0.00058      
193500  0.00497    0.00093    0.00348    0.00056      0.00058      
193600  0.00497    0.00093    0.00348    0.00056      0.00058      
193700  0.00497    0.00093    0.00348    0.00056      0.00058      
193800  0.00497    0.00093    0.00348    0.00056      0.00058      
193900  0.00497    0.00093    0.00348    0.00056      0.00058      
194000  0.00497    0.00093    0.00348    0.00056      0.00058      
194100  0.00497    0.00093    0.00348    0.00056      0.00058      
194200  0.00497    0.00093    0.00348    0.00056      0.00058      
194300  0.00497    0.00093    0.00348    0.00056      0.00058      
194400  0.00497    0.00093    0.00348    0.00056      0.00058      
194500  0.00497    0.00093    0.00348    0.00056      0.00058      
194600  0.00497    0.00093    0.00348    0.00056      0.00058      
194700  0.00497    0.00093    0.00348    0.00056      0.00058      
194800  0.00497    0.00093    0.00348    0.00056      0.00058      
194900  0.00497    0.00093    0.00348    0.00056      0.00058      
195000  0.00497    0.00093    0.00348    0.00056      0.00058      
195100  0.00497    0.00093    0.00348    0.00056      0.00058      
195200  0.00497    0.00093    0.00348    0.00056      0.00058      
195300  0.00497    0.00093    0.00348    0.00056      0.00058      
195400  0.00497    0.00093    0.00348    0.00056      0.00058      
195500  0.00497    0.00093    0.00348    0.00056      0.00058      
195600  0.00497    0.00093    0.00348    0.00056      0.00058      
195700  0.00497    0.00093    0.00348    0.00056      0.00058      
195800  0.00497    0.00093    0.00348    0.00056      0.00058      
195900  0.00497    0.00093    0.00348    0.00056      0.00058      
196000  0.00497    0.00093    0.00348    0.00056      0.00058      
196100  0.00497    0.00093    0.00348    0.00056      0.00058      
196200  0.00497    0.00093    0.00348    0.00056      0.00058      
196300  0.00497    0.00093    0.00348    0.00056      0.00058      
196400  0.00497    0.00093    0.00348    0.00056      0.00058      
196500  0.00497    0.00093    0.00348    0.00056      0.00058      
196600  0.00497    0.00093    0.00348    0.00056      0.00058      
196700  0.00497    0.00093    0.00348    0.00056      0.00058      
196800  0.00497    0.00093    0.00348    0.00056      0.00058      
196900  0.00497    0.00093    0.00348    0.00056      0.00058      
197000  0.00497    0.00093    0.00348    0.00056      0.00058      
197100  0.00497    0.00093    0.00348    0.00056      0.00058      
197200  0.00497    0.00093    0.00348    0.00056      0.00058      
197300  0.00497    0.00093    0.00348    0.00056      0.00058      
197400  0.00497    0.00093    0.00348    0.00056      0.00058      
197500  0.00497    0.00093    0.00348    0.00056      0.00058      
197600  0.00497    0.00093    0.00348    0.00056      0.00058      
197700  0.00497    0.00093    0.00348    0.00056      0.00058      
197800  0.00497    0.00093    0.00348    0.00056      0.00058      
197900  0.00497    0.00093    0.00348    0.00056      0.00058      
198000  0.00497    0.00093    0.00348    0.00056      0.00058      
198100  0.00497    0.00093    0.00348    0.00056      0.00058      
198200  0.00497    0.00093    0.00348    0.00056      0.00058      
198300  0.00497    0.00093    0.00348    0.00056      0.00058      
198400  0.00497    0.00093    0.00348    0.00056      0.00058      
198500  0.00497    0.00093    0.00348    0.00056      0.00058      
198600  0.00497    0.00093    0.00348    0.00056      0.00058      
198700  0.00497    0.00093    0.00348    0.00056      0.00058      
198800  0.00497    0.00093    0.00348    0.00056      0.00058      
198900  0.00497    0.00093    0.00348    0.00056      0.00058      
199000  0.00497    0.00093    0.00348    0.00056      0.00058      
199100  0.00497    0.00093    0.00348    0.00056      0.00058      
199200  0.00497    0.00093    0.00348    0.00056      0.00058      
199300  0.00497    0.00093    0.00348    0.00056      0.00058      
199400  0.00497    0.00093    0.00348    0.00056      0.00058      
199500  0.00497    0.00093    0.00348    0.00056      0.00058      
199600  0.00497    0.00093    0.00348    0.00056      0.00058      
199700  0.00497    0.00093    0.00348    0.00056      0.00058      
199800  0.00497    0.00093    0.00348    0.00056      0.00058      
199900  0.00497    0.00093    0.00348    0.00056      0.00058      
200000  0.00497    0.00093    0.00348    0.00056      0.00058      
200100  0.00497    0.00093    0.00348    0.00056      0.00058      
200200  0.00497    0.00093    0.00348    0.00056      0.00058      
200300  0.00497    0.00093    0.00348    0.00056      0.00058      
200400  0.00497    0.00093    0.00348    0.00056      0.00058      
200500  0.00497    0.00093    0.00348    0.00056      0.00058      
200600  0.00497    0.00093    0.00348    0.00056      0.00058      
200700  0.00497    0.00093    0.00348    0.00056      0.00058      
200800  0.00497    0.00093    0.00348    0.00056      0.00058      
200900  0.00497    0.00093    0.00348    0.00056      0.00058      
201000  0.00497    0.00093    0.00348    0.00056      0.00058      
201100  0.00497    0.00093    0.00348    0.00056      0.00058      
201200  0.00497    0.00093    0.00348    0.00056      0.00058      
201300  0.00497    0.00093    0.00348    0.00056      0.00058      
201400  0.00497    0.00093    0.00348    0.00056      0.00058      
201500  0.00497    0.00093    0.00348    0.00056      0.00058      
201600  0.00497    0.00093    0.00348    0.00056      0.00058      
201700  0.00497    0.00093    0.00348    0.00056      0.00058      
201800  0.00497    0.00093    0.00348    0.00056      0.00058      
201900  0.00497    0.00093    0.00348    0.00056      0.00058      
202000  0.00497    0.00093    0.00348    0.00056      0.00058      
202100  0.00497    0.00093    0.00348    0.00056      0.00058      
202200  0.00497    0.00093    0.00348    0.00056      0.00058      
202300  0.00497    0.00093    0.00348    0.00056      0.00058      
202400  0.00497    0.00093    0.00348    0.00056      0.00058      
202500  0.00497    0.00093    0.00348    0.00056      0.00058      
202600  0.00497    0.00093    0.00348    0.00056      0.00058      
202700  0.00497    0.00093    0.00348    0.00056      0.00058      
202800  0.00497    0.00093    0.00348    0.00056      0.00058      
202900  0.00497    0.00093    0.00348    0.00056      0.00058      
203000  0.00497    0.00093    0.00348    0.00056      0.00058      
203100  0.00497    0.00093    0.00348    0.00056      0.00058      
203200  0.00497    0.00093    0.00348    0.00056      0.00058      
203300  0.00497    0.00093    0.00348    0.00056      0.00058      
203400  0.00497    0.00093    0.00348    0.00056      0.00058      
203500  0.00497    0.00093    0.00348    0.00056      0.00058      
203600  0.00497    0.00093    0.00348    0.00056      0.00058      
203700  0.00497    0.00093    0.00348    0.00056      0.00058      
203800  0.00497    0.00093    0.00348    0.00056      0.00058      
203900  0.00497    0.00093    0.00348    0.00056      0.00058      
204000  0.00497    0.00093    0.00348    0.00056      0.00058      
204100  0.00497    0.00093    0.00348    0.00056      0.00058      
204200  0.00497    0.00093    0.00348    0.00056      0.00058      
204300  0.00497    0.00093    0.00348    0.00056      0.00058      
204400  0.00497    0.00093    0.00348    0.00056      0.00058      
204500  0.00497    0.00093    0.00348    0.00056      0.00058      
204600  0.00497    0.00093    0.00348    0.00056      0.00058      
204700  0.00497    0.00093    0.00348    0.00056      0.00058      
204800  0.00497    0.00093    0.00348    0.00056      0.00058      
204900  0.00497    0.00093    0.00348    0.00056      0.00058      
205000  0.00497    0.00093    0.00348    0.00056      0.00058      
205100  0.00497    0.00093    0.00348    0.00056      0.00058      
205200  0.00497    0.00093    0.00348    0.00056      0.00058      
205300  0.00497    0.00093    0.00348    0.00056      0.00058      
205400  0.00497    0.00093    0.00348    0.00056      0.00058      
205500  0.00497    0.00093    0.00348    0.00056      0.00058      
205600  0.00497    0.00093    0.00348    0.00056      0.00058      
205700  0.00497    0.00093    0.00348    0.00056      0.00058      
205800  0.00497    0.00093    0.00348    0.00056      0.00058      
205900  0.00497    0.00093    0.00348    0.00056      0.00058      
206000  0.00497    0.00093    0.00348    0.00056      0.00058      
206100  0.00497    0.00093    0.00348    0.00056      0.00058      
206200  0.00497    0.00093    0.00348    0.00056      0.00058      
206300  0.00497    0.00093    0.00348    0.00056      0.00058      
206400  0.00497    0.00093    0.00348    0.00056      0.00058      
206500  0.00497    0.00093    0.00348    0.00056      0.00058      
206600  0.00497    0.00093    0.00348    0.00056      0.00058      
206700  0.00497    0.00093    0.00348    0.00056      0.00058      
206800  0.00497    0.00093    0.00348    0.00056      0.00058      
206900  0.00497    0.00093    0.00348    0.00056      0.00058      
207000  0.00497    0.00093    0.00348    0.00056      0.00058      
207100  0.00497    0.00093    0.00348    0.00056      0.00058      
207200  0.00497    0.00093    0.00348    0.00056      0.00058      
207300  0.00497    0.00093    0.00348    0.00056      0.00058      
207400  0.00497    0.00093    0.00348    0.00056      0.00058      
207500  0.00497    0.00093    0.00348    0.00056      0.00058      
207600  0.00497    0.00093    0.00348    0.00056      0.00058      
207700  0.00497    0.00093    0.00348    0.00056      0.00058      
207800  0.00497    0.00093    0.00348    0.00056      0.00058      
207900  0.00497    0.00093    0.00348    0.00056      0.00058      
208000  0.00497    0.00093    0.00348    0.00056      0.00058      
208100  0.00497    0.00093    0.00348    0.00056      0.00058      
208200  0.00497    0.00093    0.00348    0.00056      0.00058      
208300  0.00497    0.00093    0.00348    0.00056      0.00058      
208400  0.00497    0.00093    0.00348    0.00056      0.00058      
208500  0.00497    0.00093    0.00348    0.00056      0.00058      
208600  0.00497    0.00093    0.00348    0.00056      0.00058      
208700  0.00497    0.00093    0.00348    0.00056      0.00058      
208800  0.00497    0.00093    0.00348    0.00056      0.00058      
208900  0.00497    0.00093    0.00348    0.00056      0.00058      
209000  0.00497    0.00093    0.00348    0.00056      0.00058      
209100  0.00497    0.00093    0.00348    0.00056      0.00058      
209200  0.00497    0.00093    0.00348    0.00056      0.00058      
209300  0.00497    0.00093    0.00348    0.00056      0.00058      
209400  0.00497    0.00093    0.00348    0.00056      0.00058      
209500  0.00497    0.00093    0.00348    0.00056      0.00058      
209600  0.00497    0.00093    0.00348    0.00056      0.00058      
209700  0.00497    0.00093    0.00348    0.00056      0.00058      
209800  0.00497    0.00093    0.00348    0.00056      0.00058      
209900  0.00497    0.00093    0.00348    0.00056      0.00058      
210000  0.00497    0.00093    0.00348    0.00056      0.00058      
210100  0.00497    0.00093    0.00348    0.00056      0.00058      
210200  0.00497    0.00093    0.00348    0.00056      0.00058      
210300  0.00497    0.00093    0.00348    0.00056      0.00058      
210400  0.00497    0.00093    0.00348    0.00056      0.00058      
210500  0.00497    0.00093    0.00348    0.00056      0.00058      
210600  0.00497    0.00093    0.00348    0.00056      0.00058      
210700  0.00497    0.00093    0.00348    0.00056      0.00058      
210800  0.00497    0.00093    0.00348    0.00056      0.00058      
210900  0.00497    0.00093    0.00348    0.00056      0.00058      
211000  0.00497    0.00093    0.00348    0.00056      0.00058      
211100  0.00497    0.00093    0.00348    0.00056      0.00058      
211200  0.00497    0.00093    0.00348    0.00056      0.00058      
211300  0.00497    0.00093    0.00348    0.00056      0.00058      
211400  0.00497    0.00093    0.00348    0.00056      0.00058      
211500  0.00497    0.00093    0.00348    0.00056      0.00058      
211600  0.00497    0.00093    0.00348    0.00056      0.00058      
211700  0.00497    0.00093    0.00348    0.00056      0.00058      
211800  0.00497    0.00093    0.00348    0.00056      0.00058      
211900  0.00497    0.00093    0.00348    0.00056      0.00058      
212000  0.00497    0.00093    0.00348    0.00056      0.00058      
212100  0.00497    0.00093    0.00348    0.00056      0.00058      
212200  0.00497    0.00093    0.00348    0.00056      0.00058      
212300  0.00497    0.00093    0.00348    0.00056      0.00058      
212400  0.00497    0.00093    0.00348    0.00056      0.00058      
212500  0.00497    0.00093    0.00348    0.00056      0.00058      
212600  0.00497    0.00093    0.00348    0.00056      0.00058      
212700  0.00497    0.00093    0.00348    0.00056      0.00058      
212800  0.00497    0.00093    0.00348    0.00056      0.00058      
212900  0.00497    0.00093    0.00348    0.00056      0.00058      
213000  0.00497    0.00093    0.00348    0.00056      0.00058      
213100  0.00497    0.00093    0.00348    0.00056      0.00058      
213200  0.00497    0.00093    0.00348    0.00056      0.00058      
213300  0.00497    0.00093    0.00348    0.00056      0.00058      
213400  0.00497    0.00093    0.00348    0.00056      0.00058      
213500  0.00497    0.00093    0.00348    0.00056      0.00058      
213600  0.00497    0.00093    0.00348    0.00056      0.00058      
213700  0.00497    0.00093    0.00348    0.00056      0.00058      
213800  0.00497    0.00093    0.00348    0.00056      0.00058      
213900  0.00497    0.00093    0.00348    0.00056      0.00058      
214000  0.00497    0.00093    0.00348    0.00056      0.00058      
214100  0.00497    0.00093    0.00348    0.00056      0.00058      
214200  0.00497    0.00093    0.00348    0.00056      0.00058      
214300  0.00497    0.00093    0.00348    0.00056      0.00058      
214400  0.00497    0.00093    0.00348    0.00056      0.00058      
214500  0.00497    0.00093    0.00348    0.00056      0.00058      
214600  0.00497    0.00093    0.00348    0.00056      0.00058      
214700  0.00497    0.00093    0.00348    0.00056      0.00058      
214800  0.00497    0.00093    0.00348    0.00056      0.00058      
214900  0.00497    0.00093    0.00348    0.00056      0.00058      
215000  0.00497    0.00093    0.00348    0.00056      0.00058      
215100  0.00497    0.00093    0.00348    0.00056      0.00058      
215200  0.00497    0.00093    0.00348    0.00056      0.00058      
215300  0.00497    0.00093    0.00348    0.00056      0.00058      
215400  0.00497    0.00093    0.00348    0.00056      0.00058      
215500  0.00497    0.00093    0.00348    0.00056      0.00058      
215600  0.00497    0.00093    0.00348    0.00056      0.00058      
215700  0.00497    0.00093    0.00348    0.00056      0.00058      
215800  0.00497    0.00093    0.00348    0.00056      0.00058      
215900  0.00497    0.00093    0.00348    0.00056      0.00058      
216000  0.00497    0.00093    0.00348    0.00056      0.00058      
216100  0.00497    0.00093    0.00348    0.00056      0.00058      
216200  0.00497    0.00093    0.00348    0.00056      0.00058      
216300  0.00497    0.00093    0.00348    0.00056      0.00058      
216400  0.00497    0.00093    0.00348    0.00056      0.00058      
216500  0.00497    0.00093    0.00348    0.00056      0.00058      
216600  0.00497    0.00093    0.00348    0.00056      0.00058      
216700  0.00497    0.00093    0.00348    0.00056      0.00058      
216800  0.00497    0.00093    0.00348    0.00056      0.00058      
216900  0.00497    0.00093    0.00348    0.00056      0.00058      
217000  0.00497    0.00093    0.00348    0.00056      0.00058      
217100  0.00497    0.00093    0.00348    0.00056      0.00058      
217200  0.00497    0.00093    0.00348    0.00056      0.00058      
217300  0.00497    0.00093    0.00348    0.00056      0.00058      
217400  0.00497    0.00093    0.00348    0.00056      0.00058      
217500  0.00497    0.00093    0.00348    0.00056      0.00058      
217600  0.00497    0.00093    0.00348    0.00056      0.00058      
217700  0.00497    0.00093    0.00348    0.00056      0.00058      
217800  0.00497    0.00093    0.00348    0.00056      0.00058      
217900  0.00497    0.00093    0.00348    0.00056      0.00058      
218000  0.00497    0.00093    0.00348    0.00056      0.00058      
218100  0.00497    0.00093    0.00348    0.00056      0.00058      
218200  0.00497    0.00093    0.00348    0.00056      0.00058      
218300  0.00497    0.00093    0.00348    0.00056      0.00058      
218400  0.00497    0.00093    0.00348    0.00056      0.00058      
218500  0.00497    0.00093    0.00348    0.00056      0.00058      
218600  0.00497    0.00093    0.00348    0.00056      0.00058      
218700  0.00497    0.00093    0.00348    0.00056      0.00058      
218800  0.00497    0.00093    0.00348    0.00056      0.00058      
218900  0.00497    0.00093    0.00348    0.00056      0.00058      
219000  0.00497    0.00093    0.00348    0.00056      0.00058      
219100  0.00497    0.00093    0.00348    0.00056      0.00058      
219200  0.00497    0.00093    0.00348    0.00056      0.00058      
219300  0.00497    0.00093    0.00348    0.00056      0.00058      
219400  0.00497    0.00093    0.00348    0.00056      0.00058      
219500  0.00497    0.00093    0.00348    0.00056      0.00058      
219600  0.00497    0.00093    0.00348    0.00056      0.00058      
219700  0.00497    0.00093    0.00348    0.00056      0.00058      
219800  0.00497    0.00093    0.00348    0.00056      0.00058      
219900  0.00497    0.00093    0.00348    0.00056      0.00058      
220000  0.00497    0.00093    0.00348    0.00056      0.00058      
220100  0.00497    0.00093    0.00348    0.00056      0.00058      
220200  0.00497    0.00093    0.00348    0.00056      0.00058      
220300  0.00497    0.00093    0.00348    0.00056      0.00058      
220400  0.00497    0.00093    0.00348    0.00056      0.00058      
220500  0.00497    0.00093    0.00348    0.00056      0.00058      
220600  0.00497    0.00093    0.00348    0.00056      0.00058      
220700  0.00497    0.00093    0.00348    0.00056      0.00058      
220800  0.00497    0.00093    0.00348    0.00056      0.00058      
220900  0.00497    0.00093    0.00348    0.00056      0.00058      
221000  0.00497    0.00093    0.00348    0.00056      0.00058      
221100  0.00497    0.00093    0.00348    0.00056      0.00058      
221200  0.00497    0.00093    0.00348    0.00056      0.00058      
221300  0.00497    0.00093    0.00348    0.00056      0.00058      
221400  0.00497    0.00093    0.00348    0.00056      0.00058      
221500  0.00497    0.00093    0.00348    0.00056      0.00058      
221600  0.00497    0.00093    0.00348    0.00056      0.00058      
221700  0.00497    0.00093    0.00348    0.00056      0.00058      
221800  0.00497    0.00093    0.00348    0.00056      0.00058      
221900  0.00497    0.00093    0.00348    0.00056      0.00058      
222000  0.00497    0.00093    0.00348    0.00056      0.00058      
222100  0.00497    0.00093    0.00348    0.00056      0.00058      
222200  0.00497    0.00093    0.00348    0.00056      0.00058      
222300  0.00497    0.00093    0.00348    0.00056      0.00058      
222400  0.00497    0.00093    0.00348    0.00056      0.00058      
222500  0.00497    0.00093    0.00348    0.00056      0.00058      
222600  0.00497    0.00093    0.00348    0.00056      0.00058      
222700  0.00497    0.00093    0.00348    0.00056      0.00058      
222800  0.00497    0.00093    0.00348    0.00056      0.00058      
222900  0.00497    0.00093    0.00348    0.00056      0.00058      
223000  0.00497    0.00093    0.00348    0.00056      0.00058      
223100  0.00497    0.00093    0.00348    0.00056      0.00058      
223200  0.00497    0.00093    0.00348    0.00056      0.00058      
223300  0.00497    0.00093    0.00348    0.00056      0.00058      
223400  0.00497    0.00093    0.00348    0.00056      0.00058      
223500  0.00497    0.00093    0.00348    0.00056      0.00058      
223600  0.00497    0.00093    0.00348    0.00056      0.00058      
223700  0.00497    0.00093    0.00348    0.00056      0.00058      
223800  0.00497    0.00093    0.00348    0.00056      0.00058      
223900  0.00497    0.00093    0.00348    0.00056      0.00058      
224000  0.00497    0.00093    0.00348    0.00056      0.00058      
224100  0.00497    0.00093    0.00348    0.00056      0.00058      
224200  0.00497    0.00093    0.00348    0.00056      0.00058      
224300  0.00497    0.00093    0.00348    0.00056      0.00058      
224400  0.00497    0.00093    0.00348    0.00056      0.00058      
224500  0.00497    0.00093    0.00348    0.00056      0.00058      
224600  0.00497    0.00093    0.00348    0.00056      0.00058      
224700  0.00497    0.00093    0.00348    0.00056      0.00058      
224800  0.00497    0.00093    0.00348    0.00056      0.00058      
224900  0.00497    0.00093    0.00348    0.00056      0.00058      
225000  0.00497    0.00093    0.00348    0.00056      0.00058      
225100  0.00497    0.00093    0.00348    0.00056      0.00058      
225200  0.00497    0.00093    0.00348    0.00056      0.00058      
225300  0.00497    0.00093    0.00348    0.00056      0.00058      
225400  0.00497    0.00093    0.00348    0.00056      0.00058      
225500  0.00497    0.00093    0.00348    0.00056      0.00058      
225600  0.00497    0.00093    0.00348    0.00056      0.00058      
225700  0.00497    0.00093    0.00348    0.00056      0.00058      
225800  0.00497    0.00093    0.00348    0.00056      0.00058      
225900  0.00497    0.00093    0.00348    0.00056      0.00058      
226000  0.00497    0.00093    0.00348    0.00056      0.00058      
226100  0.00497    0.00093    0.00348    0.00056      0.00058      
226200  0.00497    0.00093    0.00348    0.00056      0.00058      
226300  0.00497    0.00093    0.00348    0.00056      0.00058      
226400  0.00497    0.00093    0.00348    0.00056      0.00058      
226500  0.00497    0.00093    0.00348    0.00056      0.00058      
226600  0.00497    0.00093    0.00348    0.00056      0.00058      
226700  0.00497    0.00093    0.00348    0.00056      0.00058      
226800  0.00497    0.00093    0.00348    0.00056      0.00058      
226900  0.00497    0.00093    0.00348    0.00056      0.00058      
227000  0.00497    0.00093    0.00348    0.00056      0.00058      
227100  0.00497    0.00093    0.00348    0.00056      0.00058      
227200  0.00497    0.00093    0.00348    0.00056      0.00058      
227300  0.00497    0.00093    0.00348    0.00056      0.00058      
227400  0.00497    0.00093    0.00348    0.00056      0.00058      
227500  0.00497    0.00093    0.00348    0.00056      0.00058      
227600  0.00497    0.00093    0.00348    0.00056      0.00058      
227700  0.00497    0.00093    0.00348    0.00056      0.00058      
227800  0.00497    0.00093    0.00348    0.00056      0.00058      
227900  0.00497    0.00093    0.00348    0.00056      0.00058      
228000  0.00497    0.00093    0.00348    0.00056      0.00058      
228100  0.00497    0.00093    0.00348    0.00056      0.00058      
228200  0.00497    0.00093    0.00348    0.00056      0.00058      
228300  0.00497    0.00093    0.00348    0.00056      0.00058      
228400  0.00497    0.00093    0.00348    0.00056      0.00058      
228500  0.00497    0.00093    0.00348    0.00056      0.00058      
228600  0.00497    0.00093    0.00348    0.00056      0.00058      
228700  0.00497    0.00093    0.00348    0.00056      0.00058      
228800  0.00497    0.00093    0.00348    0.00056      0.00058      
228900  0.00497    0.00093    0.00348    0.00056      0.00058      
229000  0.00497    0.00093    0.00348    0.00056      0.00058      
229100  0.00497    0.00093    0.00348    0.00056      0.00058      
229200  0.00497    0.00093    0.00348    0.00056      0.00058      
229300  0.00497    0.00093    0.00348    0.00056      0.00058      
229400  0.00497    0.00093    0.00348    0.00056      0.00058      
229500  0.00497    0.00093    0.00348    0.00056      0.00058      
229600  0.00497    0.00093    0.00348    0.00056      0.00058      
229700  0.00497    0.00093    0.00348    0.00056      0.00058      
229800  0.00497    0.00093    0.00348    0.00056      0.00058      
229900  0.00497    0.00093    0.00348    0.00056      0.00058      
230000  0.00497    0.00093    0.00348    0.00056      0.00058      
230100  0.00497    0.00093    0.00348    0.00056      0.00058      
230200  0.00497    0.00093    0.00348    0.00056      0.00058      
230300  0.00497    0.00093    0.00348    0.00056      0.00058      
230400  0.00497    0.00093    0.00348    0.00056      0.00058      
230500  0.00497    0.00093    0.00348    0.00056      0.00058      
230600  0.00497    0.00093    0.00348    0.00056      0.00058      
230700  0.00497    0.00093    0.00348    0.00056      0.00058      
230800  0.00497    0.00093    0.00348    0.00056      0.00058      
230900  0.00497    0.00093    0.00348    0.00056      0.00058      
231000  0.00497    0.00093    0.00348    0.00056      0.00058      
231100  0.00497    0.00093    0.00348    0.00056      0.00058      
231200  0.00497    0.00093    0.00348    0.00056      0.00058      
231300  0.00497    0.00093    0.00348    0.00056      0.00058      
231400  0.00497    0.00093    0.00348    0.00056      0.00058      
231500  0.00497    0.00093    0.00348    0.00056      0.00058      
231600  0.00497    0.00093    0.00348    0.00056      0.00058      
231700  0.00497    0.00093    0.00348    0.00056      0.00058      
231800  0.00497    0.00093    0.00348    0.00056      0.00058      
231900  0.00497    0.00093    0.00348    0.00056      0.00058      
232000  0.00497    0.00093    0.00348    0.00056      0.00058      
232100  0.00497    0.00093    0.00348    0.00056      0.00058      
232200  0.00497    0.00093    0.00348    0.00056      0.00058      
232300  0.00497    0.00093    0.00348    0.00056      0.00058      
232400  0.00497    0.00093    0.00348    0.00056      0.00058      
232500  0.00497    0.00093    0.00348    0.00056      0.00058      
232600  0.00497    0.00093    0.00348    0.00056      0.00058      
232700  0.00497    0.00093    0.00348    0.00056      0.00058      
232800  0.00497    0.00093    0.00348    0.00056      0.00058      
232900  0.00497    0.00093    0.00348    0.00056      0.00058      
233000  0.00497    0.00093    0.00348    0.00056      0.00058      
233100  0.00497    0.00093    0.00348    0.00056      0.00058      
233200  0.00497    0.00093    0.00348    0.00056      0.00058      
233300  0.00497    0.00093    0.00348    0.00056      0.00058      
233400  0.00497    0.00093    0.00348    0.00056      0.00058      
233500  0.00497    0.00093    0.00348    0.00056      0.00058      
233600  0.00497    0.00093    0.00348    0.00056      0.00058      
233700  0.00497    0.00093    0.00348    0.00056      0.00058      
233800  0.00497    0.00093    0.00348    0.00056      0.00058      
233900  0.00497    0.00093    0.00348    0.00056      0.00058      
234000  0.00497    0.00093    0.00348    0.00056      0.00058      
234100  0.00497    0.00093    0.00348    0.00056      0.00058      
234200  0.00497    0.00093    0.00348    0.00056      0.00058      
234300  0.00497    0.00093    0.00348    0.00056      0.00058      
234400  0.00497    0.00093    0.00348    0.00056      0.00058      
234500  0.00497    0.00093    0.00348    0.00056      0.00058      
234600  0.00497    0.00093    0.00348    0.00056      0.00058      
234700  0.00497    0.00093    0.00348    0.00056      0.00058      
234800  0.00497    0.00093    0.00348    0.00056      0.00058      
234900  0.00497    0.00093    0.00348    0.00056      0.00058      
235000  0.00497    0.00093    0.00348    0.00056      0.00058      
235100  0.00497    0.00093    0.00348    0.00056      0.00058      
235200  0.00497    0.00093    0.00348    0.00056      0.00058      
235300  0.00497    0.00093    0.00348    0.00056      0.00058      
235400  0.00497    0.00093    0.00348    0.00056      0.00058      
235500  0.00497    0.00093    0.00348    0.00056      0.00058      
235600  0.00497    0.00093    0.00348    0.00056      0.00058      
235700  0.00497    0.00093    0.00348    0.00056      0.00058      
235800  0.00497    0.00093    0.00348    0.00056      0.00058      
235900  0.00497    0.00093    0.00348    0.00056      0.00058      
236000  0.00497    0.00093    0.00348    0.00056      0.00058      
236100  0.00497    0.00093    0.00348    0.00056      0.00058      
236200  0.00497    0.00093    0.00348    0.00056      0.00058      
236300  0.00497    0.00093    0.00348    0.00056      0.00058      
236400  0.00497    0.00093    0.00348    0.00056      0.00058      
236500  0.00497    0.00093    0.00348    0.00056      0.00058      
236600  0.00497    0.00093    0.00348    0.00056      0.00058      
236700  0.00497    0.00093    0.00348    0.00056      0.00058      
236800  0.00497    0.00093    0.00348    0.00056      0.00058      
236900  0.00497    0.00093    0.00348    0.00056      0.00058      
237000  0.00497    0.00093    0.00348    0.00056      0.00058      
237100  0.00497    0.00093    0.00348    0.00056      0.00058      
237200  0.00497    0.00093    0.00348    0.00056      0.00058      
237300  0.00497    0.00093    0.00348    0.00056      0.00058      
237400  0.00497    0.00093    0.00348    0.00056      0.00058      
237500  0.00497    0.00093    0.00348    0.00056      0.00058      
237600  0.00497    0.00093    0.00348    0.00056      0.00058      
237700  0.00497    0.00093    0.00348    0.00056      0.00058      
237800  0.00497    0.00093    0.00348    0.00056      0.00058      
237900  0.00497    0.00093    0.00348    0.00056      0.00058      
238000  0.00497    0.00093    0.00348    0.00056      0.00058      
238100  0.00497    0.00093    0.00348    0.00056      0.00058      
238200  0.00497    0.00093    0.00348    0.00056      0.00058      
238300  0.00497    0.00093    0.00348    0.00056      0.00058      
238400  0.00497    0.00093    0.00348    0.00056      0.00058      
238500  0.00497    0.00093    0.00348    0.00056      0.00058      
238600  0.00497    0.00093    0.00348    0.00056      0.00058      
238700  0.00497    0.00093    0.00348    0.00056      0.00058      
238800  0.00497    0.00093    0.00348    0.00056      0.00058      
238900  0.00497    0.00093    0.00348    0.00056      0.00058      
239000  0.00497    0.00093    0.00348    0.00056      0.00058      
239100  0.00497    0.00093    0.00348    0.00056      0.00058      
239200  0.00497    0.00093    0.00348    0.00056      0.00058      
239300  0.00497    0.00093    0.00348    0.00056      0.00058      
239400  0.00497    0.00093    0.00348    0.00056      0.00058      
239500  0.00497    0.00093    0.00348    0.00056      0.00058      
239600  0.00497    0.00093    0.00348    0.00056      0.00058      
239700  0.00497    0.00093    0.00348    0.00056      0.00058      
239800  0.00497    0.00093    0.00348    0.00056      0.00058      
239900  0.00497    0.00093    0.00348    0.00056      0.00058      
240000  0.00497    0.00093    0.00348    0.00056      0.00058      
240100  0.00497    0.00093    0.00348    0.00056      0.00058      
240200  0.00497    0.00093    0.00348    0.00056      0.00058      
240300  0.00497    0.00093    0.00348    0.00056      0.00058      
240400  0.00497    0.00093    0.00348    0.00056      0.00058      
240500  0.00497    0.00093    0.00348    0.00056      0.00058      
240600  0.00497    0.00093    0.00348    0.00056      0.00058      
240700  0.00497    0.00093    0.00348    0.00056      0.00058      
240800  0.00497    0.00093    0.00348    0.00056      0.00058      
240900  0.00497    0.00093    0.00348    0.00056      0.00058      
241000  0.00497    0.00093    0.00348    0.00056      0.00058      
241100  0.00497    0.00093    0.00348    0.00056      0.00058      
241200  0.00497    0.00093    0.00348    0.00056      0.00058      
241300  0.00497    0.00093    0.00348    0.00056      0.00058      
241400  0.00497    0.00093    0.00348    0.00056      0.00058      
241500  0.00497    0.00093    0.00348    0.00056      0.00058      
241600  0.00497    0.00093    0.00348    0.00056      0.00058      
241700  0.00497    0.00093    0.00348    0.00056      0.00058      
241800  0.00497    0.00093    0.00348    0.00056      0.00058      
241900  0.00497    0.00093    0.00348    0.00056      0.00058      
242000  0.00497    0.00093    0.00348    0.00056      0.00058      
242100  0.00497    0.00093    0.00348    0.00056      0.00058      
242200  0.00497    0.00093    0.00348    0.00056      0.00058      
242300  0.00497    0.00093    0.00348    0.00056      0.00058      
242400  0.00497    0.00093    0.00348    0.00056      0.00058      
242500  0.00497    0.00093    0.00348    0.00056      0.00058      
242600  0.00497    0.00093    0.00348    0.00056      0.00058      
242700  0.00497    0.00093    0.00348    0.00056      0.00058      
242800  0.00497    0.00093    0.00348    0.00056      0.00058      
242900  0.00497    0.00093    0.00348    0.00056      0.00058      
243000  0.00497    0.00093    0.00348    0.00056      0.00058      
243100  0.00497    0.00093    0.00348    0.00056      0.00058      
243200  0.00497    0.00093    0.00348    0.00056      0.00058      
243300  0.00497    0.00093    0.00348    0.00056      0.00058      
243400  0.00497    0.00093    0.00348    0.00056      0.00058      
243500  0.00497    0.00093    0.00348    0.00056      0.00058      
243600  0.00497    0.00093    0.00348    0.00056      0.00058      
243700  0.00497    0.00093    0.00348    0.00056      0.00058      
243800  0.00497    0.00093    0.00348    0.00056      0.00058      
243900  0.00497    0.00093    0.00348    0.00056      0.00058      
244000  0.00497    0.00093    0.00348    0.00056      0.00058      
244100  0.00497    0.00093    0.00348    0.00056      0.00058      
244200  0.00497    0.00093    0.00348    0.00056      0.00058      
244300  0.00497    0.00093    0.00348    0.00056      0.00058      
244400  0.00497    0.00093    0.00348    0.00056      0.00058      
244500  0.00497    0.00093    0.00348    0.00056      0.00058      
244600  0.00497    0.00093    0.00348    0.00056      0.00058      
244700  0.00497    0.00093    0.00348    0.00056      0.00058      
244800  0.00497    0.00093    0.00348    0.00056      0.00058      
244900  0.00497    0.00093    0.00348    0.00056      0.00058      
245000  0.00497    0.00093    0.00348    0.00056      0.00058      
245100  0.00497    0.00093    0.00348    0.00056      0.00058      
245200  0.00497    0.00093    0.00348    0.00056      0.00058      
245300  0.00497    0.00093    0.00348    0.00056      0.00058      
245400  0.00497    0.00093    0.00348    0.00056      0.00058      
245500  0.00497    0.00093    0.00348    0.00056      0.00058      
245600  0.00497    0.00093    0.00348    0.00056      0.00058      
245700  0.00497    0.00093    0.00348    0.00056      0.00058      
245800  0.00497    0.00093    0.00348    0.00056      0.00058      
245900  0.00497    0.00093    0.00348    0.00056      0.00058      
246000  0.00497    0.00093    0.00348    0.00056      0.00058      
246100  0.00497    0.00093    0.00348    0.00056      0.00058      
246200  0.00497    0.00093    0.00348    0.00056      0.00058      
246300  0.00497    0.00093    0.00348    0.00056      0.00058      
246400  0.00497    0.00093    0.00348    0.00056      0.00058      
246500  0.00497    0.00093    0.00348    0.00056      0.00058      
246600  0.00497    0.00093    0.00348    0.00056      0.00058      
246700  0.00497    0.00093    0.00348    0.00056      0.00058      
246800  0.00497    0.00093    0.00348    0.00056      0.00058      
246900  0.00497    0.00093    0.00348    0.00056      0.00058      
247000  0.00497    0.00093    0.00348    0.00056      0.00058      
247100  0.00497    0.00093    0.00348    0.00056      0.00058      
247200  0.00497    0.00093    0.00348    0.00056      0.00058      
247300  0.00497    0.00093    0.00348    0.00056      0.00058      
247400  0.00497    0.00093    0.00348    0.00056      0.00058      
247500  0.00497    0.00093    0.00348    0.00056      0.00058      
247600  0.00497    0.00093    0.00348    0.00056      0.00058      
247700  0.00497    0.00093    0.00348    0.00056      0.00058      
247800  0.00497    0.00093    0.00348    0.00056      0.00058      
247900  0.00497    0.00093    0.00348    0.00056      0.00058      
248000  0.00497    0.00093    0.00348    0.00056      0.00058      
248100  0.00497    0.00093    0.00348    0.00056      0.00058      
248200  0.00497    0.00093    0.00348    0.00056      0.00058      
248300  0.00497    0.00093    0.00348    0.00056      0.00058      
248400  0.00497    0.00093    0.00348    0.00056      0.00058      
248500  0.00497    0.00093    0.00348    0.00056      0.00058      
248600  0.00497    0.00093    0.00348    0.00056      0.00058      
248700  0.00497    0.00093    0.00348    0.00056      0.00058      
248800  0.00497    0.00093    0.00348    0.00056      0.00058      
248900  0.00497    0.00093    0.00348    0.00056      0.00058      
249000  0.00497    0.00093    0.00348    0.00056      0.00058      
249100  0.00497    0.00093    0.00348    0.00056      0.00058      
249200  0.00497    0.00093    0.00348    0.00056      0.00058      
249300  0.00497    0.00093    0.00348    0.00056      0.00058      
249400  0.00497    0.00093    0.00348    0.00056      0.00058      
249500  0.00497    0.00093    0.00348    0.00056      0.00058      
249600  0.00497    0.00093    0.00348    0.00056      0.00058      
249700  0.00497    0.00093    0.00348    0.00056      0.00058      
249800  0.00497    0.00093    0.00348    0.00056      0.00058      
249900  0.00497    0.00093    0.00348    0.00056      0.00058      
250000  0.00497    0.00093    0.00348    0.00056      0.00058      
250100  0.00497    0.00093    0.00348    0.00056      0.00058      
250200  0.00497    0.00093    0.00348    0.00056      0.00058      
250300  0.00497    0.00093    0.00348    0.00056      0.00058      
250400  0.00497    0.00093    0.00348    0.00056      0.00058      
250500  0.00497    0.00093    0.00348    0.00056      0.00058      
250600  0.00497    0.00093    0.00348    0.00056      0.00058      
250700  0.00497    0.00093    0.00348    0.00056      0.00058      
250800  0.00497    0.00093    0.00348    0.00056      0.00058      
250900  0.00497    0.00093    0.00348    0.00056      0.00058      
251000  0.00497    0.00093    0.00348    0.00056      0.00058      
251100  0.00497    0.00093    0.00348    0.00056      0.00058      
251200  0.00497    0.00093    0.00348    0.00056      0.00058      
251300  0.00497    0.00093    0.00348    0.00056      0.00058      
251400  0.00497    0.00093    0.00348    0.00056      0.00058      
251500  0.00497    0.00093    0.00348    0.00056      0.00058      
251600  0.00497    0.00093    0.00348    0.00056      0.00058      
251700  0.00497    0.00093    0.00348    0.00056      0.00058      
251800  0.00497    0.00093    0.00348    0.00056      0.00058      
251900  0.00497    0.00093    0.00348    0.00056      0.00058      
252000  0.00497    0.00093    0.00348    0.00056      0.00058      
252100  0.00497    0.00093    0.00348    0.00056      0.00058      
252200  0.00497    0.00093    0.00348    0.00056      0.00058      
252300  0.00497    0.00093    0.00348    0.00056      0.00058      
252400  0.00497    0.00093    0.00348    0.00056      0.00058      
252500  0.00497    0.00093    0.00348    0.00056      0.00058      
252600  0.00497    0.00093    0.00348    0.00056      0.00058      
252700  0.00497    0.00093    0.00348    0.00056      0.00058      
252800  0.00497    0.00093    0.00348    0.00056      0.00058      
252900  0.00497    0.00093    0.00348    0.00056      0.00058      
253000  0.00497    0.00093    0.00348    0.00056      0.00058      
253100  0.00497    0.00093    0.00348    0.00056      0.00058      
253200  0.00497    0.00093    0.00348    0.00056      0.00058      
253300  0.00497    0.00093    0.00348    0.00056      0.00058      
253400  0.00497    0.00093    0.00348    0.00056      0.00058      
253500  0.00497    0.00093    0.00348    0.00056      0.00058      
253600  0.00497    0.00093    0.00348    0.00056      0.00058      
253700  0.00497    0.00093    0.00348    0.00056      0.00058      
253800  0.00497    0.00093    0.00348    0.00056      0.00058      
253900  0.00497    0.00093    0.00348    0.00056      0.00058      
254000  0.00497    0.00093    0.00348    0.00056      0.00058      
254100  0.00497    0.00093    0.00348    0.00056      0.00058      
254200  0.00497    0.00093    0.00348    0.00056      0.00058      
254300  0.00497    0.00093    0.00348    0.00056      0.00058      
254400  0.00497    0.00093    0.00348    0.00056      0.00058      
254500  0.00497    0.00093    0.00348    0.00056      0.00058      
254600  0.00497    0.00093    0.00348    0.00056      0.00058      
254700  0.00497    0.00093    0.00348    0.00056      0.00058      
254800  0.00497    0.00093    0.00348    0.00056      0.00058      
254900  0.00497    0.00093    0.00348    0.00056      0.00058      
255000  0.00497    0.00093    0.00348    0.00056      0.00058      
255100  0.00497    0.00093    0.00348    0.00056      0.00058      
255200  0.00497    0.00093    0.00348    0.00056      0.00058      
255300  0.00497    0.00093    0.00348    0.00056      0.00058      
255400  0.00497    0.00093    0.00348    0.00056      0.00058      
255500  0.00497    0.00093    0.00348    0.00056      0.00058      
255600  0.00497    0.00093    0.00348    0.00056      0.00058      
255700  0.00497    0.00093    0.00348    0.00056      0.00058      
255800  0.00497    0.00093    0.00348    0.00056      0.00058      
255900  0.00497    0.00093    0.00348    0.00056      0.00058      
256000  0.00497    0.00093    0.00348    0.00056      0.00058      
256100  0.00497    0.00093    0.00348    0.00056      0.00058      
256200  0.00497    0.00093    0.00348    0.00056      0.00058      
256300  0.00497    0.00093    0.00348    0.00056      0.00058      
256400  0.00497    0.00093    0.00348    0.00056      0.00058      
256500  0.00497    0.00093    0.00348    0.00056      0.00058      
256600  0.00497    0.00093    0.00348    0.00056      0.00058      
256700  0.00497    0.00093    0.00348    0.00056      0.00058      
256800  0.00497    0.00093    0.00348    0.00056      0.00058      
256900  0.00497    0.00093    0.00348    0.00056      0.00058      
257000  0.00497    0.00093    0.00348    0.00056      0.00058      
257100  0.00497    0.00093    0.00348    0.00056      0.00058      
257200  0.00497    0.00093    0.00348    0.00056      0.00058      
257300  0.00497    0.00093    0.00348    0.00056      0.00058      
257400  0.00497    0.00093    0.00348    0.00056      0.00058      
257500  0.00497    0.00093    0.00348    0.00056      0.00058      
257600  0.00497    0.00093    0.00348    0.00056      0.00058      
257700  0.00497    0.00093    0.00348    0.00056      0.00058      
257800  0.00497    0.00093    0.00348    0.00056      0.00058      
257900  0.00497    0.00093    0.00348    0.00056      0.00058      
258000  0.00497    0.00093    0.00348    0.00056      0.00058      
258100  0.00497    0.00093    0.00348    0.00056      0.00058      
258200  0.00497    0.00093    0.00348    0.00056      0.00058      
258300  0.00497    0.00093    0.00348    0.00056      0.00058      
258400  0.00497    0.00093    0.00348    0.00056      0.00058      
258500  0.00497    0.00093    0.00348    0.00056      0.00058      
258600  0.00497    0.00093    0.00348    0.00056      0.00058      
258700  0.00497    0.00093    0.00348    0.00056      0.00058      
258800  0.00497    0.00093    0.00348    0.00056      0.00058      
258900  0.00497    0.00093    0.00348    0.00056      0.00058      
259000  0.00497    0.00093    0.00348    0.00056      0.00058      
259100  0.00497    0.00093    0.00348    0.00056      0.00058      
259200  0.00497    0.00093    0.00348    0.00056      0.00058      
259300  0.00497    0.00093    0.00348    0.00056      0.00058      
259400  0.00497    0.00093    0.00348    0.00056      0.00058      
259500  0.00497    0.00093    0.00348    0.00056      0.00058      
259600  0.00497    0.00093    0.00348    0.00056      0.00058      
259700  0.00497    0.00093    0.00348    0.00056      0.00058      
259800  0.00497    0.00093    0.00348    0.00056      0.00058      
259900  0.00497    0.00093    0.00348    0.00056      0.00058      
260000  0.00497    0.00093    0.00348    0.00056      0.00058      
260100  0.00497    0.00093    0.00348    0.00056      0.00058      
260200  0.00497    0.00093    0.00348    0.00056      0.00058      
260300  0.00497    0.00093    0.00348    0.00056      0.00058      
260400  0.00497    0.00093    0.00348    0.00056      0.00058      
260500  0.00497    0.00093    0.00348    0.00056      0.00058      
260600  0.00497    0.00093    0.00348    0.00056      0.00058      
260700  0.00497    0.00093    0.00348    0.00056      0.00058      
260800  0.00497    0.00093    0.00348    0.00056      0.00058      
260900  0.00497    0.00093    0.00348    0.00056      0.00058      
261000  0.00497    0.00093    0.00348    0.00056      0.00058      
261100  0.00497    0.00093    0.00348    0.00056      0.00058      
261200  0.00497    0.00093    0.00348    0.00056      0.00058      
261300  0.00497    0.00093    0.00348    0.00056      0.00058      
261400  0.00497    0.00093    0.00348    0.00056      0.00058      
261500  0.00497    0.00093    0.00348    0.00056      0.00058      
261600  0.00497    0.00093    0.00348    0.00056      0.00058      
261700  0.00497    0.00093    0.00348    0.00056      0.00058      
261800  0.00497    0.00093    0.00348    0.00056      0.00058      
261900  0.00497    0.00093    0.00348    0.00056      0.00058      
262000  0.00497    0.00093    0.00348    0.00056      0.00058      
262100  0.00497    0.00093    0.00348    0.00056      0.00058      
262200  0.00497    0.00093    0.00348    0.00056      0.00058      
262300  0.00497    0.00093    0.00348    0.00056      0.00058      
262400  0.00497    0.00093    0.00348    0.00056      0.00058      
262500  0.00497    0.00093    0.00348    0.00056      0.00058      
262600  0.00497    0.00093    0.00348    0.00056      0.00058      
262700  0.00497    0.00093    0.00348    0.00056      0.00058      
262800  0.00497    0.00093    0.00348    0.00056      0.00058      
262900  0.00497    0.00093    0.00348    0.00056      0.00058      
263000  0.00497    0.00093    0.00348    0.00056      0.00058      
263100  0.00497    0.00093    0.00348    0.00056      0.00058      
263200  0.00497    0.00093    0.00348    0.00056      0.00058      
263300  0.00497    0.00093    0.00348    0.00056      0.00058      
263400  0.00497    0.00093    0.00348    0.00056      0.00058      
263500  0.00497    0.00093    0.00348    0.00056      0.00058      
263600  0.00497    0.00093    0.00348    0.00056      0.00058      
263700  0.00497    0.00093    0.00348    0.00056      0.00058      
263800  0.00497    0.00093    0.00348    0.00056      0.00058      
263900  0.00497    0.00093    0.00348    0.00056      0.00058      
264000  0.00497    0.00093    0.00348    0.00056      0.00058      
264100  0.00497    0.00093    0.00348    0.00056      0.00058      
264200  0.00497    0.00093    0.00348    0.00056      0.00058      
264300  0.00497    0.00093    0.00348    0.00056      0.00058      
264400  0.00497    0.00093    0.00348    0.00056      0.00058      
264500  0.00497    0.00093    0.00348    0.00056      0.00058      
264600  0.00497    0.00093    0.00348    0.00056      0.00058      
264700  0.00497    0.00093    0.00348    0.00056      0.00058      
264800  0.00497    0.00093    0.00348    0.00056      0.00058      
264900  0.00497    0.00093    0.00348    0.00056      0.00058      
265000  0.00497    0.00093    0.00348    0.00056      0.00058      
265100  0.00497    0.00093    0.00348    0.00056      0.00058      
265200  0.00497    0.00093    0.00348    0.00056      0.00058      
265300  0.00497    0.00093    0.00348    0.00056      0.00058      
265400  0.00497    0.00093    0.00348    0.00056      0.00058      
265500  0.00497    0.00093    0.00348    0.00056      0.00058      
265600  0.00497    0.00093    0.00348    0.00056      0.00058      
265700  0.00497    0.00093    0.00348    0.00056      0.00058      
265800  0.00497    0.00093    0.00348    0.00056      0.00058      
265900  0.00497    0.00093    0.00348    0.00056      0.00058      
266000  0.00497    0.00093    0.00348    0.00056      0.00058      
266100  0.00497    0.00093    0.00348    0.00056      0.00058      
266200  0.00497    0.00093    0.00348    0.00056      0.00058      
266300  0.00497    0.00093    0.00348    0.00056      0.00058      
266400  0.00497    0.00093    0.00348    0.00056      0.00058      
266500  0.00497    0.00093    0.00348    0.00056      0.00058      
266600  0.00497    0.00093    0.00348    0.00056      0.00058      
266700  0.00497    0.00093    0.00348    0.00056      0.00058      
266800  0.00497    0.00093    0.00348    0.00056      0.00058      
266900  0.00497    0.00093    0.00348    0.00056      0.00058      
267000  0.00497    0.00093    0.00348    0.00056      0.00058      
267100  0.00497    0.00093    0.00348    0.00056      0.00058      
267200  0.00497    0.00093    0.00348    0.00056      0.00058      
267300  0.00497    0.00093    0.00348    0.00056      0.00058      
267400  0.00497    0.00093    0.00348    0.00056      0.00058      
267500  0.00497    0.00093    0.00348    0.00056      0.00058      
267600  0.00497    0.00093    0.00348    0.00056      0.00058      
267700  0.00497    0.00093    0.00348    0.00056      0.00058      
267800  0.00497    0.00093    0.00348    0.00056      0.00058      
267900  0.00497    0.00093    0.00348    0.00056      0.00058      
268000  0.00497    0.00093    0.00348    0.00056      0.00058      
268100  0.00497    0.00093    0.00348    0.00056      0.00058      
268200  0.00497    0.00093    0.00348    0.00056      0.00058      
268300  0.00497    0.00093    0.00348    0.00056      0.00058      
268400  0.00497    0.00093    0.00348    0.00056      0.00058      
268500  0.00497    0.00093    0.00348    0.00056      0.00058      
268600  0.00497    0.00093    0.00348    0.00056      0.00058      
268700  0.00497    0.00093    0.00348    0.00056      0.00058      
268800  0.00497    0.00093    0.00348    0.00056      0.00058      
268900  0.00497    0.00093    0.00348    0.00056      0.00058      
269000  0.00497    0.00093    0.00348    0.00056      0.00058      
269100  0.00497    0.00093    0.00348    0.00056      0.00058      
269200  0.00497    0.00093    0.00348    0.00056      0.00058      
269300  0.00497    0.00093    0.00348    0.00056      0.00058      
269400  0.00497    0.00093    0.00348    0.00056      0.00058      
269500  0.00497    0.00093    0.00348    0.00056      0.00058      
269600  0.00497    0.00093    0.00348    0.00056      0.00058      
269700  0.00497    0.00093    0.00348    0.00056      0.00058      
269800  0.00497    0.00093    0.00348    0.00056      0.00058      
269900  0.00497    0.00093    0.00348    0.00056      0.00058      
270000  0.00497    0.00093    0.00348    0.00056      0.00058      
270100  0.00497    0.00093    0.00348    0.00056      0.00058      
270200  0.00497    0.00093    0.00348    0.00056      0.00058      
270300  0.00497    0.00093    0.00348    0.00056      0.00058      
270400  0.00497    0.00093    0.00348    0.00056      0.00058      
270500  0.00497    0.00093    0.00348    0.00056      0.00058      
270600  0.00497    0.00093    0.00348    0.00056      0.00058      
270700  0.00497    0.00093    0.00348    0.00056      0.00058      
270800  0.00497    0.00093    0.00348    0.00056      0.00058      
270900  0.00497    0.00093    0.00348    0.00056      0.00058      
271000  0.00497    0.00093    0.00348    0.00056      0.00058      
271100  0.00497    0.00093    0.00348    0.00056      0.00058      
271200  0.00497    0.00093    0.00348    0.00056      0.00058      
271300  0.00497    0.00093    0.00348    0.00056      0.00058      
271400  0.00497    0.00093    0.00348    0.00056      0.00058      
271500  0.00497    0.00093    0.00348    0.00056      0.00058      
271600  0.00497    0.00093    0.00348    0.00056      0.00058      
271700  0.00497    0.00093    0.00348    0.00056      0.00058      
271800  0.00497    0.00093    0.00348    0.00056      0.00058      
271900  0.00497    0.00093    0.00348    0.00056      0.00058      
272000  0.00497    0.00093    0.00348    0.00056      0.00058      
272100  0.00497    0.00093    0.00348    0.00056      0.00058      
272200  0.00497    0.00093    0.00348    0.00056      0.00058      
272300  0.00497    0.00093    0.00348    0.00056      0.00058      
272400  0.00497    0.00093    0.00348    0.00056      0.00058      
272500  0.00497    0.00093    0.00348    0.00056      0.00058      
272600  0.00497    0.00093    0.00348    0.00056      0.00058      
272700  0.00497    0.00093    0.00348    0.00056      0.00058      
272800  0.00497    0.00093    0.00348    0.00056      0.00058      
272900  0.00497    0.00093    0.00348    0.00056      0.00058      
273000  0.00497    0.00093    0.00348    0.00056      0.00058      
273100  0.00497    0.00093    0.00348    0.00056      0.00058      
273200  0.00497    0.00093    0.00348    0.00056      0.00058      
273300  0.00497    0.00093    0.00348    0.00056      0.00058      
273400  0.00497    0.00093    0.00348    0.00056      0.00058      
273500  0.00497    0.00093    0.00348    0.00056      0.00058      
273600  0.00497    0.00093    0.00348    0.00056      0.00058      
273700  0.00497    0.00093    0.00348    0.00056      0.00058      
273800  0.00497    0.00093    0.00348    0.00056      0.00058      
273900  0.00497    0.00093    0.00348    0.00056      0.00058      
274000  0.00497    0.00093    0.00348    0.00056      0.00058      
274100  0.00497    0.00093    0.00348    0.00056      0.00058      
274200  0.00497    0.00093    0.00348    0.00056      0.00058      
274300  0.00497    0.00093    0.00348    0.00056      0.00058      
274400  0.00497    0.00093    0.00348    0.00056      0.00058      
274500  0.00497    0.00093    0.00348    0.00056      0.00058      
274600  0.00497    0.00093    0.00348    0.00056      0.00058      
274700  0.00497    0.00093    0.00348    0.00056      0.00058      
274800  0.00497    0.00093    0.00348    0.00056      0.00058      
274900  0.00497    0.00093    0.00348    0.00056      0.00058      
275000  0.00497    0.00093    0.00348    0.00056      0.00058      
275100  0.00497    0.00093    0.00348    0.00056      0.00058      
275200  0.00497    0.00093    0.00348    0.00056      0.00058      
275300  0.00497    0.00093    0.00348    0.00056      0.00058      
275400  0.00497    0.00093    0.00348    0.00056      0.00058      
275500  0.00497    0.00093    0.00348    0.00056      0.00058      
275600  0.00497    0.00093    0.00348    0.00056      0.00058      
275700  0.00497    0.00093    0.00348    0.00056      0.00058      
275800  0.00497    0.00093    0.00348    0.00056      0.00058      
275900  0.00497    0.00093    0.00348    0.00056      0.00058      
276000  0.00497    0.00093    0.00348    0.00056      0.00058      
276100  0.00497    0.00093    0.00348    0.00056      0.00058      
276200  0.00497    0.00093    0.00348    0.00056      0.00058      
276300  0.00497    0.00093    0.00348    0.00056      0.00058      
276400  0.00497    0.00093    0.00348    0.00056      0.00058      
276500  0.00497    0.00093    0.00348    0.00056      0.00058      
276600  0.00497    0.00093    0.00348    0.00056      0.00058      
276700  0.00497    0.00093    0.00348    0.00056      0.00058      
276800  0.00497    0.00093    0.00348    0.00056      0.00058      
276900  0.00497    0.00093    0.00348    0.00056      0.00058      
277000  0.00497    0.00093    0.00348    0.00056      0.00058      
277100  0.00497    0.00093    0.00348    0.00056      0.00058      
277200  0.00497    0.00093    0.00348    0.00056      0.00058      
277300  0.00497    0.00093    0.00348    0.00056      0.00058      
277400  0.00497    0.00093    0.00348    0.00056      0.00058      
277500  0.00497    0.00093    0.00348    0.00056      0.00058      
277600  0.00497    0.00093    0.00348    0.00056      0.00058      
277700  0.00497    0.00093    0.00348    0.00056      0.00058      
277800  0.00497    0.00093    0.00348    0.00056      0.00058      
277900  0.00497    0.00093    0.00348    0.00056      0.00058      
278000  0.00497    0.00093    0.00348    0.00056      0.00058      
278100  0.00497    0.00093    0.00348    0.00056      0.00058      
278200  0.00497    0.00093    0.00348    0.00056      0.00058      
278300  0.00497    0.00093    0.00348    0.00056      0.00058      
278400  0.00497    0.00093    0.00348    0.00056      0.00058      
278500  0.00497    0.00093    0.00348    0.00056      0.00058      
278600  0.00497    0.00093    0.00348    0.00056      0.00058      
278700  0.00497    0.00093    0.00348    0.00056      0.00058      
278800  0.00497    0.00093    0.00348    0.00056      0.00058      
278900  0.00497    0.00093    0.00348    0.00056      0.00058      
279000  0.00497    0.00093    0.00348    0.00056      0.00058      
279100  0.00497    0.00093    0.00348    0.00056      0.00058      
279200  0.00497    0.00093    0.00348    0.00056      0.00058      
279300  0.00497    0.00093    0.00348    0.00056      0.00058      
279400  0.00497    0.00093    0.00348    0.00056      0.00058      
279500  0.00497    0.00093    0.00348    0.00056      0.00058      
279600  0.00497    0.00093    0.00348    0.00056      0.00058      
279700  0.00497    0.00093    0.00348    0.00056      0.00058      
279800  0.00497    0.00093    0.00348    0.00056      0.00058      
279900  0.00497    0.00093    0.00348    0.00056      0.00058      
280000  0.00497    0.00093    0.00348    0.00056      0.00058      
280100  0.00497    0.00093    0.00348    0.00056      0.00058      
280200  0.00497    0.00093    0.00348    0.00056      0.00058      
280300  0.00497    0.00093    0.00348    0.00056      0.00058      
280400  0.00497    0.00093    0.00348    0.00056      0.00058      
280500  0.00497    0.00093    0.00348    0.00056      0.00058      
280600  0.00497    0.00093    0.00348    0.00056      0.00058      
280700  0.00497    0.00093    0.00348    0.00056      0.00058      
280800  0.00497    0.00093    0.00348    0.00056      0.00058      
280900  0.00497    0.00093    0.00348    0.00056      0.00058      
281000  0.00497    0.00093    0.00348    0.00056      0.00058      
281100  0.00497    0.00093    0.00348    0.00056      0.00058      
281200  0.00497    0.00093    0.00348    0.00056      0.00058      
281300  0.00497    0.00093    0.00348    0.00056      0.00058      
281400  0.00497    0.00093    0.00348    0.00056      0.00058      
281500  0.00497    0.00093    0.00348    0.00056      0.00058      
281600  0.00497    0.00093    0.00348    0.00056      0.00058      
281700  0.00497    0.00093    0.00348    0.00056      0.00058      
281800  0.00497    0.00093    0.00348    0.00056      0.00058      
281900  0.00497    0.00093    0.00348    0.00056      0.00058      
282000  0.00497    0.00093    0.00348    0.00056      0.00058      
282100  0.00497    0.00093    0.00348    0.00056      0.00058      
282200  0.00497    0.00093    0.00348    0.00056      0.00058      
282300  0.00497    0.00093    0.00348    0.00056      0.00058      
282400  0.00497    0.00093    0.00348    0.00056      0.00058      
282500  0.00497    0.00093    0.00348    0.00056      0.00058      
282600  0.00497    0.00093    0.00348    0.00056      0.00058      
282700  0.00497    0.00093    0.00348    0.00056      0.00058      
282800  0.00497    0.00093    0.00348    0.00056      0.00058      
282900  0.00497    0.00093    0.00348    0.00056      0.00058      
283000  0.00497    0.00093    0.00348    0.00056      0.00058      
283100  0.00497    0.00093    0.00348    0.00056      0.00058      
283200  0.00497    0.00093    0.00348    0.00056      0.00058      
283300  0.00497    0.00093    0.00348    0.00056      0.00058      
283400  0.00497    0.00093    0.00348    0.00056      0.00058      
283500  0.00497    0.00093    0.00348    0.00056      0.00058      
283600  0.00497    0.00093    0.00348    0.00056      0.00058      
283700  0.00497    0.00093    0.00348    0.00056      0.00058      
283800  0.00497    0.00093    0.00348    0.00056      0.00058      
283900  0.00497    0.00093    0.00348    0.00056      0.00058      
284000  0.00497    0.00093    0.00348    0.00056      0.00058      
284100  0.00497    0.00093    0.00348    0.00056      0.00058      
284200  0.00497    0.00093    0.00348    0.00056      0.00058      
284300  0.00497    0.00093    0.00348    0.00056      0.00058      
284400  0.00497    0.00093    0.00348    0.00056      0.00058      
284500  0.00497    0.00093    0.00348    0.00056      0.00058      
284600  0.00497    0.00093    0.00348    0.00056      0.00058      
284700  0.00497    0.00093    0.00348    0.00056      0.00058      
284800  0.00497    0.00093    0.00348    0.00056      0.00058      
284900  0.00497    0.00093    0.00348    0.00056      0.00058      
285000  0.00497    0.00093    0.00348    0.00056      0.00058      
285100  0.00497    0.00093    0.00348    0.00056      0.00058      
285200  0.00497    0.00093    0.00348    0.00056      0.00058      
285300  0.00497    0.00093    0.00348    0.00056      0.00058      
285400  0.00497    0.00093    0.00348    0.00056      0.00058      
285500  0.00497    0.00093    0.00348    0.00056      0.00058      
285600  0.00497    0.00093    0.00348    0.00056      0.00058      
285700  0.00497    0.00093    0.00348    0.00056      0.00058      
285800  0.00497    0.00093    0.00348    0.00056      0.00058      
285900  0.00497    0.00093    0.00348    0.00056      0.00058      
286000  0.00497    0.00093    0.00348    0.00056      0.00058      
286100  0.00497    0.00093    0.00348    0.00056      0.00058      
286200  0.00497    0.00093    0.00348    0.00056      0.00058      
286300  0.00497    0.00093    0.00348    0.00056      0.00058      
286400  0.00497    0.00093    0.00348    0.00056      0.00058      
286500  0.00497    0.00093    0.00348    0.00056      0.00058      
286600  0.00497    0.00093    0.00348    0.00056      0.00058      
286700  0.00497    0.00093    0.00348    0.00056      0.00058      
286800  0.00497    0.00093    0.00348    0.00056      0.00058      
286900  0.00497    0.00093    0.00348    0.00056      0.00058      
287000  0.00497    0.00093    0.00348    0.00056      0.00058      
287100  0.00497    0.00093    0.00348    0.00056      0.00058      
287200  0.00497    0.00093    0.00348    0.00056      0.00058      
287300  0.00497    0.00093    0.00348    0.00056      0.00058      
287400  0.00497    0.00093    0.00348    0.00056      0.00058      
287500  0.00497    0.00093    0.00348    0.00056      0.00058      
287600  0.00497    0.00093    0.00348    0.00056      0.00058      
287700  0.00497    0.00093    0.00348    0.00056      0.00058      
287800  0.00497    0.00093    0.00348    0.00056      0.00058      
287900  0.00497    0.00093    0.00348    0.00056      0.00058      
288000  0.00497    0.00093    0.00348    0.00056      0.00058      
288100  0.00497    0.00093    0.00348    0.00056      0.00058      
288200  0.00497    0.00093    0.00348    0.00056      0.00058      
288300  0.00497    0.00093    0.00348    0.00056      0.00058      
288400  0.00497    0.00093    0.00348    0.00056      0.00058      
288500  0.00497    0.00093    0.00348    0.00056      0.00058      
288600  0.00497    0.00093    0.00348    0.00056      0.00058      
288700  0.00497    0.00093    0.00348    0.00056      0.00058      
288800  0.00497    0.00093    0.00348    0.00056      0.00058      
288900  0.00497    0.00093    0.00348    0.00056      0.00058      
289000  0.00497    0.00093    0.00348    0.00056      0.00058      
289100  0.00497    0.00093    0.00348    0.00056      0.00058      
289200  0.00497    0.00093    0.00348    0.00056      0.00058      
289300  0.00497    0.00093    0.00348    0.00056      0.00058      
289400  0.00497    0.00093    0.00348    0.00056      0.00058      
289500  0.00497    0.00093    0.00348    0.00056      0.00058      
289600  0.00497    0.00093    0.00348    0.00056      0.00058      
289700  0.00497    0.00093    0.00348    0.00056      0.00058      
289800  0.00497    0.00093    0.00348    0.00056      0.00058      
289900  0.00497    0.00093    0.00348    0.00056      0.00058      
290000  0.00497    0.00093    0.00348    0.00056      0.00058      
290100  0.00497    0.00093    0.00348    0.00056      0.00058      
290200  0.00497    0.00093    0.00348    0.00056      0.00058      
290300  0.00497    0.00093    0.00348    0.00056      0.00058      
290400  0.00497    0.00093    0.00348    0.00056      0.00058      
290500  0.00497    0.00093    0.00348    0.00056      0.00058      
290600  0.00497    0.00093    0.00348    0.00056      0.00058      
290700  0.00497    0.00093    0.00348    0.00056      0.00058      
290800  0.00497    0.00093    0.00348    0.00056      0.00058      
290900  0.00497    0.00093    0.00348    0.00056      0.00058      
291000  0.00497    0.00093    0.00348    0.00056      0.00058      
291100  0.00497    0.00093    0.00348    0.00056      0.00058      
291200  0.00497    0.00093    0.00348    0.00056      0.00058      
291300  0.00497    0.00093    0.00348    0.00056      0.00058      
291400  0.00497    0.00093    0.00348    0.00056      0.00058      
291500  0.00497    0.00093    0.00348    0.00056      0.00058      
291600  0.00497    0.00093    0.00348    0.00056      0.00058      
291700  0.00497    0.00093    0.00348    0.00056      0.00058      
291800  0.00497    0.00093    0.00348    0.00056      0.00058      
291900  0.00497    0.00093    0.00348    0.00056      0.00058      
292000  0.00497    0.00093    0.00348    0.00056      0.00058      
292100  0.00497    0.00093    0.00348    0.00056      0.00058      
292200  0.00497    0.00093    0.00348    0.00056      0.00058      
292300  0.00497    0.00093    0.00348    0.00056      0.00058      
292400  0.00497    0.00093    0.00348    0.00056      0.00058      
292500  0.00497    0.00093    0.00348    0.00056      0.00058      
292600  0.00497    0.00093    0.00348    0.00056      0.00058      
292700  0.00497    0.00093    0.00348    0.00056      0.00058      
292800  0.00497    0.00093    0.00348    0.00056      0.00058      
292900  0.00497    0.00093    0.00348    0.00056      0.00058      
293000  0.00497    0.00093    0.00348    0.00056      0.00058      
293100  0.00497    0.00093    0.00348    0.00056      0.00058      
293200  0.00497    0.00093    0.00348    0.00056      0.00058      
293300  0.00497    0.00093    0.00348    0.00056      0.00058      
293400  0.00497    0.00093    0.00348    0.00056      0.00058      
293500  0.00497    0.00093    0.00348    0.00056      0.00058      
293600  0.00497    0.00093    0.00348    0.00056      0.00058      
293700  0.00497    0.00093    0.00348    0.00056      0.00058      
293800  0.00497    0.00093    0.00348    0.00056      0.00058      
293900  0.00497    0.00093    0.00348    0.00056      0.00058      
294000  0.00497    0.00093    0.00348    0.00056      0.00058      
294100  0.00497    0.00093    0.00348    0.00056      0.00058      
294200  0.00497    0.00093    0.00348    0.00056      0.00058      
294300  0.00497    0.00093    0.00348    0.00056      0.00058      
294400  0.00497    0.00093    0.00348    0.00056      0.00058      
294500  0.00497    0.00093    0.00348    0.00056      0.00058      
294600  0.00497    0.00093    0.00348    0.00056      0.00058      
294700  0.00497    0.00093    0.00348    0.00056      0.00058      
294800  0.00497    0.00093    0.00348    0.00056      0.00058      
294900  0.00497    0.00093    0.00348    0.00056      0.00058      
295000  0.00497    0.00093    0.00348    0.00056      0.00058      
295100  0.00497    0.00093    0.00348    0.00056      0.00058      
295200  0.00497    0.00093    0.00348    0.00056      0.00058      
295300  0.00497    0.00093    0.00348    0.00056      0.00058      
295400  0.00497    0.00093    0.00348    0.00056      0.00058      
295500  0.00497    0.00093    0.00348    0.00056      0.00058      
295600  0.00497    0.00093    0.00348    0.00056      0.00058      
295700  0.00497    0.00093    0.00348    0.00056      0.00058      
295800  0.00497    0.00093    0.00348    0.00056      0.00058      
295900  0.00497    0.00093    0.00348    0.00056      0.00058      
296000  0.00497    0.00093    0.00348    0.00056      0.00058      
296100  0.00497    0.00093    0.00348    0.00056      0.00058      
296200  0.00497    0.00093    0.00348    0.00056      0.00058      
296300  0.00497    0.00093    0.00348    0.00056      0.00058      
296400  0.00497    0.00093    0.00348    0.00056      0.00058      
296500  0.00497    0.00093    0.00348    0.00056      0.00058      
296600  0.00497    0.00093    0.00348    0.00056      0.00058      
296700  0.00497    0.00093    0.00348    0.00056      0.00058      
296800  0.00497    0.00093    0.00348    0.00056      0.00058      
296900  0.00497    0.00093    0.00348    0.00056      0.00058      
297000  0.00497    0.00093    0.00348    0.00056      0.00058      
297100  0.00497    0.00093    0.00348    0.00056      0.00058      
297200  0.00497    0.00093    0.00348    0.00056      0.00058      
297300  0.00497    0.00093    0.00348    0.00056      0.00058      
297400  0.00497    0.00093    0.00348    0.00056      0.00058      
297500  0.00497    0.00093    0.00348    0.00056      0.00058      
297600  0.00497    0.00093    0.00348    0.00056      0.00058      
297700  0.00497    0.00093    0.00348    0.00056      0.00058      
297800  0.00497    0.00093    0.00348    0.00056      0.00058      
297900  0.00497    0.00093    0.00348    0.00056      0.00058      
298000  0.00497    0.00093    0.00348    0.00056      0.00058      
298100  0.00497    0.00093    0.00348    0.00056      0.00058      
298200  0.00497    0.00093    0.00348    0.00056      0.00058      
298300  0.00497    0.00093    0.00348    0.00056      0.00058      
298400  0.00497    0.00093    0.00348    0.00056      0.00058      
298500  0.00497    0.00093    0.00348    0.00056      0.00058      
298600  0.00497    0.00093    0.00348    0.00056      0.00058      
298700  0.00497    0.00093    0.00348    0.00056      0.00058      
298800  0.00497    0.00093    0.00348    0.00056      0.00058      
298900  0.00497    0.00093    0.00348    0.00056      0.00058      
299000  0.00497    0.00093    0.00348    0.00056      0.00058      
299100  0.00497    0.00093    0.00348    0.00056      0.00058      
299200  0.00497    0.00093    0.00348    0.00056      0.00058      
299300  0.00497    0.00093    0.00348    0.00056      0.00058      
299400  0.00497    0.00093    0.00348    0.00056      0.00058      
299500  0.00497    0.00093    0.00348    0.00056      0.00058      
299600  0.00497    0.00093    0.00348    0.00056      0.00058      
299700  0.00497    0.00093    0.00348    0.00056      0.00058      
299800  0.00497    0.00093    0.00348    0.00056      0.00058      
299900  0.00497    0.00093    0.00348    0.00056      0.00058      
300000  0.00497    0.00093    0.00348    0.00056      0.00058      
300100  0.00497    0.00093    0.00348    0.00056      0.00058      
300200  0.00497    0.00093    0.00348    0.00056      0.00058      
300300  0.00497    0.00093    0.00348    0.00056      0.00058      
300400  0.00497    0.00093    0.00348    0.00056      0.00058      
300500  0.00497    0.00093    0.00348    0.00056      0.00058      
300600  0.00497    0.00093    0.00348    0.00056      0.00058      
300700  0.00497    0.00093    0.00348    0.00056      0.00058      
300800  0.00497    0.00093    0.00348    0.00056      0.00058      
300900  0.00497    0.00093    0.00348    0.00056      0.00058      
301000  0.00497    0.00093    0.00348    0.00056      0.00058      
301100  0.00497    0.00093    0.00348    0.00056      0.00058      
301200  0.00497    0.00093    0.00348    0.00056      0.00058      
301300  0.00497    0.00093    0.00348    0.00056      0.00058      
301400  0.00497    0.00093    0.00348    0.00056      0.00058      
301500  0.00497    0.00093    0.00348    0.00056      0.00058      
301600  0.00497    0.00093    0.00348    0.00056      0.00058      
301700  0.00497    0.00093    0.00348    0.00056      0.00058      
301800  0.00497    0.00093    0.00348    0.00056      0.00058      
301900  0.00497    0.00093    0.00348    0.00056      0.00058      
302000  0.00497    0.00093    0.00348    0.00056      0.00058      
302100  0.00497    0.00093    0.00348    0.00056      0.00058      
302200  0.00497    0.00093    0.00348    0.00056      0.00058      
302300  0.00497    0.00093    0.00348    0.00056      0.00058      
302400  0.00497    0.00093    0.00348    0.00056      0.00058      
302500  0.00497    0.00093    0.00348    0.00056      0.00058      
302600  0.00497    0.00093    0.00348    0.00056      0.00058      
302700  0.00497    0.00093    0.00348    0.00056      0.00058      
302800  0.00497    0.00093    0.00348    0.00056      0.00058      
302900  0.00497    0.00093    0.00348    0.00056      0.00058      
303000  0.00497    0.00093    0.00348    0.00056      0.00058      
303100  0.00497    0.00093    0.00348    0.00056      0.00058      
303200  0.00497    0.00093    0.00348    0.00056      0.00058      
303300  0.00497    0.00093    0.00348    0.00056      0.00058      
303400  0.00497    0.00093    0.00348    0.00056      0.00058      
303500  0.00497    0.00093    0.00348    0.00056      0.00058      
303600  0.00497    0.00093    0.00348    0.00056      0.00058      
303700  0.00497    0.00093    0.00348    0.00056      0.00058      
303800  0.00497    0.00093    0.00348    0.00056      0.00058      
303900  0.00497    0.00093    0.00348    0.00056      0.00058      
304000  0.00497    0.00093    0.00348    0.00056      0.00058      
304100  0.00497    0.00093    0.00348    0.00056      0.00058      
304200  0.00497    0.00093    0.00348    0.00056      0.00058      
304300  0.00497    0.00093    0.00348    0.00056      0.00058      
304400  0.00497    0.00093    0.00348    0.00056      0.00058      
304500  0.00497    0.00093    0.00348    0.00056      0.00058      
304600  0.00497    0.00093    0.00348    0.00056      0.00058      
304700  0.00497    0.00093    0.00348    0.00056      0.00058      
304800  0.00497    0.00093    0.00348    0.00056      0.00058      
304900  0.00497    0.00093    0.00348    0.00056      0.00058      
305000  0.00497    0.00093    0.00348    0.00056      0.00058      
305100  0.00497    0.00093    0.00348    0.00056      0.00058      
305200  0.00497    0.00093    0.00348    0.00056      0.00058      
305300  0.00497    0.00093    0.00348    0.00056      0.00058      
305400  0.00497    0.00093    0.00348    0.00056      0.00058      
305500  0.00497    0.00093    0.00348    0.00056      0.00058      
305600  0.00497    0.00093    0.00348    0.00056      0.00058      
305700  0.00497    0.00093    0.00348    0.00056      0.00058      
305800  0.00497    0.00093    0.00348    0.00056      0.00058      
305900  0.00497    0.00093    0.00348    0.00056      0.00058      
306000  0.00497    0.00093    0.00348    0.00056      0.00058      
306100  0.00497    0.00093    0.00348    0.00056      0.00058      
306200  0.00497    0.00093    0.00348    0.00056      0.00058      
306300  0.00497    0.00093    0.00348    0.00056      0.00058      
306400  0.00497    0.00093    0.00348    0.00056      0.00058      
306500  0.00497    0.00093    0.00348    0.00056      0.00058      
306600  0.00497    0.00093    0.00348    0.00056      0.00058      
306700  0.00497    0.00093    0.00348    0.00056      0.00058      
306800  0.00497    0.00093    0.00348    0.00056      0.00058      
306900  0.00497    0.00093    0.00348    0.00056      0.00058      
307000  0.00497    0.00093    0.00348    0.00056      0.00058      
307100  0.00497    0.00093    0.00348    0.00056      0.00058      
307200  0.00497    0.00093    0.00348    0.00056      0.00058      
307300  0.00497    0.00093    0.00348    0.00056      0.00058      
307400  0.00497    0.00093    0.00348    0.00056      0.00058      
307500  0.00497    0.00093    0.00348    0.00056      0.00058      
307600  0.00497    0.00093    0.00348    0.00056      0.00058      
307700  0.00497    0.00093    0.00348    0.00056      0.00058      
307800  0.00497    0.00093    0.00348    0.00056      0.00058      
307900  0.00497    0.00093    0.00348    0.00056      0.00058      
308000  0.00497    0.00093    0.00348    0.00056      0.00058      
308100  0.00497    0.00093    0.00348    0.00056      0.00058      
308200  0.00497    0.00093    0.00348    0.00056      0.00058      
308300  0.00497    0.00093    0.00348    0.00056      0.00058      
308400  0.00497    0.00093    0.00348    0.00056      0.00058      
308500  0.00497    0.00093    0.00348    0.00056      0.00058      
308600  0.00497    0.00093    0.00348    0.00056      0.00058      
308700  0.00497    0.00093    0.00348    0.00056      0.00058      
308800  0.00497    0.00093    0.00348    0.00056      0.00058      
308900  0.00497    0.00093    0.00348    0.00056      0.00058      
309000  0.00497    0.00093    0.00348    0.00056      0.00058      
309100  0.00497    0.00093    0.00348    0.00056      0.00058      
309200  0.00497    0.00093    0.00348    0.00056      0.00058      
309300  0.00497    0.00093    0.00348    0.00056      0.00058      
309400  0.00497    0.00093    0.00348    0.00056      0.00058      
309500  0.00497    0.00093    0.00348    0.00056      0.00058      
309600  0.00497    0.00093    0.00348    0.00056      0.00058      
309700  0.00497    0.00093    0.00348    0.00056      0.00058      
309800  0.00497    0.00093    0.00348    0.00056      0.00058      
309900  0.00497    0.00093    0.00348    0.00056      0.00058      
310000  0.00497    0.00093    0.00348    0.00056      0.00058      
310100  0.00497    0.00093    0.00348    0.00056      0.00058      
310200  0.00497    0.00093    0.00348    0.00056      0.00058      
310300  0.00497    0.00093    0.00348    0.00056      0.00058      
310400  0.00497    0.00093    0.00348    0.00056      0.00058      
310500  0.00497    0.00093    0.00348    0.00056      0.00058      
310600  0.00497    0.00093    0.00348    0.00056      0.00058      
310700  0.00497    0.00093    0.00348    0.00056      0.00058      
310800  0.00497    0.00093    0.00348    0.00056      0.00058      
310900  0.00497    0.00093    0.00348    0.00056      0.00058      
311000  0.00497    0.00093    0.00348    0.00056      0.00058      
311100  0.00497    0.00093    0.00348    0.00056      0.00058      
311200  0.00497    0.00093    0.00348    0.00056      0.00058      
311300  0.00497    0.00093    0.00348    0.00056      0.00058      
311400  0.00497    0.00093    0.00348    0.00056      0.00058      
311500  0.00497    0.00093    0.00348    0.00056      0.00058      
311600  0.00497    0.00093    0.00348    0.00056      0.00058      
311700  0.00497    0.00093    0.00348    0.00056      0.00058      
311800  0.00497    0.00093    0.00348    0.00056      0.00058      
311900  0.00497    0.00093    0.00348    0.00056      0.00058      
312000  0.00497    0.00093    0.00348    0.00056      0.00058      
312100  0.00497    0.00093    0.00348    0.00056      0.00058      
312200  0.00497    0.00093    0.00348    0.00056      0.00058      
312300  0.00497    0.00093    0.00348    0.00056      0.00058      
312400  0.00497    0.00093    0.00348    0.00056      0.00058      
312500  0.00497    0.00093    0.00348    0.00056      0.00058      
312600  0.00497    0.00093    0.00348    0.00056      0.00058      
312700  0.00497    0.00093    0.00348    0.00056      0.00058      
312800  0.00497    0.00093    0.00348    0.00056      0.00058      
312900  0.00497    0.00093    0.00348    0.00056      0.00058      
313000  0.00497    0.00093    0.00348    0.00056      0.00058      
313100  0.00497    0.00093    0.00348    0.00056      0.00058      
313200  0.00497    0.00093    0.00348    0.00056      0.00058      
313300  0.00497    0.00093    0.00348    0.00056      0.00058      
313400  0.00497    0.00093    0.00348    0.00056      0.00058      
313500  0.00497    0.00093    0.00348    0.00056      0.00058      
313600  0.00497    0.00093    0.00348    0.00056      0.00058      
313700  0.00497    0.00093    0.00348    0.00056      0.00058      
313800  0.00497    0.00093    0.00348    0.00056      0.00058      
313900  0.00497    0.00093    0.00348    0.00056      0.00058      
314000  0.00497    0.00093    0.00348    0.00056      0.00058      
314100  0.00497    0.00093    0.00348    0.00056      0.00058      
314200  0.00497    0.00093    0.00348    0.00056      0.00058      
314300  0.00497    0.00093    0.00348    0.00056      0.00058      
314400  0.00497    0.00093    0.00348    0.00056      0.00058      
314500  0.00497    0.00093    0.00348    0.00056      0.00058      
314600  0.00497    0.00093    0.00348    0.00056      0.00058      
314700  0.00497    0.00093    0.00348    0.00056      0.00058      
314800  0.00497    0.00093    0.00348    0.00056      0.00058      
314900  0.00497    0.00093    0.00348    0.00056      0.00058      
315000  0.00497    0.00093    0.00348    0.00056      0.00058      
315100  0.00497    0.00093    0.00348    0.00056      0.00058      
315200  0.00497    0.00093    0.00348    0.00056      0.00058      
315300  0.00497    0.00093    0.00348    0.00056      0.00058      
315400  0.00497    0.00093    0.00348    0.00056      0.00058      
315500  0.00497    0.00093    0.00348    0.00056      0.00058      
315600  0.00497    0.00093    0.00348    0.00056      0.00058      
315700  0.00497    0.00093    0.00348    0.00056      0.00058      
315800  0.00497    0.00093    0.00348    0.00056      0.00058      
315900  0.00497    0.00093    0.00348    0.00056      0.00058      
316000  0.00497    0.00093    0.00348    0.00056      0.00058      
316100  0.00497    0.00093    0.00348    0.00056      0.00058      
316200  0.00497    0.00093    0.00348    0.00056      0.00058      
316300  0.00497    0.00093    0.00348    0.00056      0.00058      
316400  0.00497    0.00093    0.00348    0.00056      0.00058      
316500  0.00497    0.00093    0.00348    0.00056      0.00058      
316600  0.00497    0.00093    0.00348    0.00056      0.00058      
316700  0.00497    0.00093    0.00348    0.00056      0.00058      
316800  0.00497    0.00093    0.00348    0.00056      0.00058      
316900  0.00497    0.00093    0.00348    0.00056      0.00058      
317000  0.00497    0.00093    0.00348    0.00056      0.00058      
317100  0.00497    0.00093    0.00348    0.00056      0.00058      
317200  0.00497    0.00093    0.00348    0.00056      0.00058      
317300  0.00497    0.00093    0.00348    0.00056      0.00058      
317400  0.00497    0.00093    0.00348    0.00056      0.00058      
317500  0.00497    0.00093    0.00348    0.00056      0.00058      
317600  0.00497    0.00093    0.00348    0.00056      0.00058      
317700  0.00497    0.00093    0.00348    0.00056      0.00058      
317800  0.00497    0.00093    0.00348    0.00056      0.00058      
317900  0.00497    0.00093    0.00348    0.00056      0.00058      
318000  0.00497    0.00093    0.00348    0.00056      0.00058      
318100  0.00497    0.00093    0.00348    0.00056      0.00058      
318200  0.00497    0.00093    0.00348    0.00056      0.00058      
318300  0.00497    0.00093    0.00348    0.00056      0.00058      
318400  0.00497    0.00093    0.00348    0.00056      0.00058      
318500  0.00497    0.00093    0.00348    0.00056      0.00058      
318600  0.00497    0.00093    0.00348    0.00056      0.00058      
318700  0.00497    0.00093    0.00348    0.00056      0.00058      
318800  0.00497    0.00093    0.00348    0.00056      0.00058      
318900  0.00497    0.00093    0.00348    0.00056      0.00058      
319000  0.00497    0.00093    0.00348    0.00056      0.00058      
319100  0.00497    0.00093    0.00348    0.00056      0.00058      
319200  0.00497    0.00093    0.00348    0.00056      0.00058      
319300  0.00497    0.00093    0.00348    0.00056      0.00058      
319400  0.00497    0.00093    0.00348    0.00056      0.00058      
319500  0.00497    0.00093    0.00348    0.00056      0.00058      
319600  0.00497    0.00093    0.00348    0.00056      0.00058      
319700  0.00497    0.00093    0.00348    0.00056      0.00058      
319800  0.00497    0.00093    0.00348    0.00056      0.00058      
319900  0.00497    0.00093    0.00348    0.00056      0.00058      
320000  0.00497    0.00093    0.00348    0.00056      0.00058      
320100  0.00497    0.00093    0.00348    0.00056      0.00058      
320200  0.00497    0.00093    0.00348    0.00056      0.00058      
320300  0.00497    0.00093    0.00348    0.00056      0.00058      
320400  0.00497    0.00093    0.00348    0.00056      0.00058      
320500  0.00497    0.00093    0.00348    0.00056      0.00058      
320600  0.00497    0.00093    0.00348    0.00056      0.00058      
320700  0.00497    0.00093    0.00348    0.00056      0.00058      
320800  0.00497    0.00093    0.00348    0.00056      0.00058      
320900  0.00497    0.00093    0.00348    0.00056      0.00058      
321000  0.00497    0.00093    0.00348    0.00056      0.00058      
321100  0.00497    0.00093    0.00348    0.00056      0.00058      
321200  0.00497    0.00093    0.00348    0.00056      0.00058      
321300  0.00497    0.00093    0.00348    0.00056      0.00058      
321400  0.00497    0.00093    0.00348    0.00056      0.00058      
321500  0.00497    0.00093    0.00348    0.00056      0.00058      
321600  0.00497    0.00093    0.00348    0.00056      0.00058      
321700  0.00497    0.00093    0.00348    0.00056      0.00058      
321800  0.00497    0.00093    0.00348    0.00056      0.00058      
321900  0.00497    0.00093    0.00348    0.00056      0.00058      
322000  0.00497    0.00093    0.00348    0.00056      0.00058      
322100  0.00497    0.00093    0.00348    0.00056      0.00058      
322200  0.00497    0.00093    0.00348    0.00056      0.00058      
322300  0.00497    0.00093    0.00348    0.00056      0.00058      
322400  0.00497    0.00093    0.00348    0.00056      0.00058      
322500  0.00497    0.00093    0.00348    0.00056      0.00058      
322600  0.00497    0.00093    0.00348    0.00056      0.00058      
322700  0.00497    0.00093    0.00348    0.00056      0.00058      
322800  0.00497    0.00093    0.00348    0.00056      0.00058      
322900  0.00497    0.00093    0.00348    0.00056      0.00058      
323000  0.00497    0.00093    0.00348    0.00056      0.00058      
323100  0.00497    0.00093    0.00348    0.00056      0.00058      
323200  0.00497    0.00093    0.00348    0.00056      0.00058      
323300  0.00497    0.00093    0.00348    0.00056      0.00058      
323400  0.00497    0.00093    0.00348    0.00056      0.00058      
323500  0.00497    0.00093    0.00348    0.00056      0.00058      
323600  0.00497    0.00093    0.00348    0.00056      0.00058      
323700  0.00497    0.00093    0.00348    0.00056      0.00058      
323800  0.00497    0.00093    0.00348    0.00056      0.00058      
323900  0.00497    0.00093    0.00348    0.00056      0.00058      
324000  0.00497    0.00093    0.00348    0.00056      0.00058      
324100  0.00497    0.00093    0.00348    0.00056      0.00058      
324200  0.00497    0.00093    0.00348    0.00056      0.00058      
324300  0.00497    0.00093    0.00348    0.00056      0.00058      
324400  0.00497    0.00093    0.00348    0.00056      0.00058      
324500  0.00497    0.00093    0.00348    0.00056      0.00058      
324600  0.00497    0.00093    0.00348    0.00056      0.00058      
324700  0.00497    0.00093    0.00348    0.00056      0.00058      
324800  0.00497    0.00093    0.00348    0.00056      0.00058      
324900  0.00497    0.00093    0.00348    0.00056      0.00058      
325000  0.00497    0.00093    0.00348    0.00056      0.00058      
325100  0.00497    0.00093    0.00348    0.00056      0.00058      
325200  0.00497    0.00093    0.00348    0.00056      0.00058      
325300  0.00497    0.00093    0.00348    0.00056      0.00058      
325400  0.00497    0.00093    0.00348    0.00056      0.00058      
325500  0.00497    0.00093    0.00348    0.00056      0.00058      
325600  0.00497    0.00093    0.00348    0.00056      0.00058      
325700  0.00497    0.00093    0.00348    0.00056      0.00058      
325800  0.00497    0.00093    0.00348    0.00056      0.00058      
325900  0.00497    0.00093    0.00348    0.00056      0.00058      
326000  0.00497    0.00093    0.00348    0.00056      0.00058      
326100  0.00497    0.00093    0.00348    0.00056      0.00058      
326200  0.00497    0.00093    0.00348    0.00056      0.00058      
326300  0.00497    0.00093    0.00348    0.00056      0.00058      
326400  0.00497    0.00093    0.00348    0.00056      0.00058      
326500  0.00497    0.00093    0.00348    0.00056      0.00058      
326600  0.00497    0.00093    0.00348    0.00056      0.00058      
326700  0.00497    0.00093    0.00348    0.00056      0.00058      
326800  0.00497    0.00093    0.00348    0.00056      0.00058      
326900  0.00497    0.00093    0.00348    0.00056      0.00058      
327000  0.00497    0.00093    0.00348    0.00056      0.00058      
327100  0.00497    0.00093    0.00348    0.00056      0.00058      
327200  0.00497    0.00093    0.00348    0.00056      0.00058      
327300  0.00497    0.00093    0.00348    0.00056      0.00058      
327400  0.00497    0.00093    0.00348    0.00056      0.00058      
327500  0.00497    0.00093    0.00348    0.00056      0.00058      
327600  0.00497    0.00093    0.00348    0.00056      0.00058      
327700  0.00497    0.00093    0.00348    0.00056      0.00058      
327800  0.00497    0.00093    0.00348    0.00056      0.00058      
327900  0.00497    0.00093    0.00348    0.00056      0.00058      
328000  0.00497    0.00093    0.00348    0.00056      0.00058      
328100  0.00497    0.00093    0.00348    0.00056      0.00058      
328200  0.00497    0.00093    0.00348    0.00056      0.00058      
328300  0.00497    0.00093    0.00348    0.00056      0.00058      
328400  0.00497    0.00093    0.00348    0.00056      0.00058      
328500  0.00497    0.00093    0.00348    0.00056      0.00058      
328600  0.00497    0.00093    0.00348    0.00056      0.00058      
328700  0.00497    0.00093    0.00348    0.00056      0.00058      
328800  0.00497    0.00093    0.00348    0.00056      0.00058      
328900  0.00497    0.00093    0.00348    0.00056      0.00058      
329000  0.00497    0.00093    0.00348    0.00056      0.00058      
329100  0.00497    0.00093    0.00348    0.00056      0.00058      
329200  0.00497    0.00093    0.00348    0.00056      0.00058      
329300  0.00497    0.00093    0.00348    0.00056      0.00058      
329400  0.00497    0.00093    0.00348    0.00056      0.00058      
329500  0.00497    0.00093    0.00348    0.00056      0.00058      
329600  0.00497    0.00093    0.00348    0.00056      0.00058      
329700  0.00497    0.00093    0.00348    0.00056      0.00058      
329800  0.00497    0.00093    0.00348    0.00056      0.00058      
329900  0.00497    0.00093    0.00348    0.00056      0.00058      
330000  0.00497    0.00093    0.00348    0.00056      0.00058      
330100  0.00497    0.00093    0.00348    0.00056      0.00058      
330200  0.00497    0.00093    0.00348    0.00056      0.00058      
330300  0.00497    0.00093    0.00348    0.00056      0.00058      
330400  0.00497    0.00093    0.00348    0.00056      0.00058      
330500  0.00497    0.00093    0.00348    0.00056      0.00058      
330600  0.00497    0.00093    0.00348    0.00056      0.00058      
330700  0.00497    0.00093    0.00348    0.00056      0.00058      
330800  0.00497    0.00093    0.00348    0.00056      0.00058      
330900  0.00497    0.00093    0.00348    0.00056      0.00058      
331000  0.00497    0.00093    0.00348    0.00056      0.00058      
331100  0.00497    0.00093    0.00348    0.00056      0.00058      
331200  0.00497    0.00093    0.00348    0.00056      0.00058      
331300  0.00497    0.00093    0.00348    0.00056      0.00058      
331400  0.00497    0.00093    0.00348    0.00056      0.00058      
331500  0.00497    0.00093    0.00348    0.00056      0.00058      
331600  0.00497    0.00093    0.00348    0.00056      0.00058      
331700  0.00497    0.00093    0.00348    0.00056      0.00058      
331800  0.00497    0.00093    0.00348    0.00056      0.00058      
331900  0.00497    0.00093    0.00348    0.00056      0.00058      
332000  0.00497    0.00093    0.00348    0.00056      0.00058      
332100  0.00497    0.00093    0.00348    0.00056      0.00058      
332200  0.00497    0.00093    0.00348    0.00056      0.00058      
332300  0.00497    0.00093    0.00348    0.00056      0.00058      
332400  0.00497    0.00093    0.00348    0.00056      0.00058      
332500  0.00497    0.00093    0.00348    0.00056      0.00058      
332600  0.00497    0.00093    0.00348    0.00056      0.00058      
332700  0.00497    0.00093    0.00348    0.00056      0.00058      
332800  0.00497    0.00093    0.00348    0.00056      0.00058      
332900  0.00497    0.00093    0.00348    0.00056      0.00058      
333000  0.00497    0.00093    0.00348    0.00056      0.00058      
333100  0.00497    0.00093    0.00348    0.00056      0.00058      
333200  0.00497    0.00093    0.00348    0.00056      0.00058      
333300  0.00497    0.00093    0.00348    0.00056      0.00058      
333400  0.00497    0.00093    0.00348    0.00056      0.00058      
333500  0.00497    0.00093    0.00348    0.00056      0.00058      
333600  0.00497    0.00093    0.00348    0.00056      0.00058      
333700  0.00497    0.00093    0.00348    0.00056      0.00058      
333800  0.00497    0.00093    0.00348    0.00056      0.00058      
333900  0.00497    0.00093    0.00348    0.00056      0.00058      
334000  0.00497    0.00093    0.00348    0.00056      0.00058      
334100  0.00497    0.00093    0.00348    0.00056      0.00058      
334200  0.00497    0.00093    0.00348    0.00056      0.00058      
334300  0.00497    0.00093    0.00348    0.00056      0.00058      
334400  0.00497    0.00093    0.00348    0.00056      0.00058      
334500  0.00497    0.00093    0.00348    0.00056      0.00058      
334600  0.00497    0.00093    0.00348    0.00056      0.00058      
334700  0.00497    0.00093    0.00348    0.00056      0.00058      
334800  0.00497    0.00093    0.00348    0.00056      0.00058      
334900  0.00497    0.00093    0.00348    0.00056      0.00058      
335000  0.00497    0.00093    0.00348    0.00056      0.00058      
335100  0.00497    0.00093    0.00348    0.00056      0.00058      
335200  0.00497    0.00093    0.00348    0.00056      0.00058      
335300  0.00497    0.00093    0.00348    0.00056      0.00058      
335400  0.00497    0.00093    0.00348    0.00056      0.00058      
335500  0.00497    0.00093    0.00348    0.00056      0.00058      
335600  0.00497    0.00093    0.00348    0.00056      0.00058      
335700  0.00497    0.00093    0.00348    0.00056      0.00058      
335800  0.00497    0.00093    0.00348    0.00056      0.00058      
335900  0.00497    0.00093    0.00348    0.00056      0.00058      
336000  0.00497    0.00093    0.00348    0.00056      0.00058      
336100  0.00497    0.00093    0.00348    0.00056      0.00058      
336200  0.00497    0.00093    0.00348    0.00056      0.00058      
336300  0.00497    0.00093    0.00348    0.00056      0.00058      
336400  0.00497    0.00093    0.00348    0.00056      0.00058      
336500  0.00497    0.00093    0.00348    0.00056      0.00058      
336600  0.00497    0.00093    0.00348    0.00056      0.00058      
336700  0.00497    0.00093    0.00348    0.00056      0.00058      
336800  0.00497    0.00093    0.00348    0.00056      0.00058      
336900  0.00497    0.00093    0.00348    0.00056      0.00058      
337000  0.00497    0.00093    0.00348    0.00056      0.00058      
337100  0.00497    0.00093    0.00348    0.00056      0.00058      
337200  0.00497    0.00093    0.00348    0.00056      0.00058      
337300  0.00497    0.00093    0.00348    0.00056      0.00058      
337400  0.00497    0.00093    0.00348    0.00056      0.00058      
337500  0.00497    0.00093    0.00348    0.00056      0.00058      
337600  0.00497    0.00093    0.00348    0.00056      0.00058      
337700  0.00497    0.00093    0.00348    0.00056      0.00058      
337800  0.00497    0.00093    0.00348    0.00056      0.00058      
337900  0.00497    0.00093    0.00348    0.00056      0.00058      
338000  0.00497    0.00093    0.00348    0.00056      0.00058      
338100  0.00497    0.00093    0.00348    0.00056      0.00058      
338200  0.00497    0.00093    0.00348    0.00056      0.00058      
338300  0.00497    0.00093    0.00348    0.00056      0.00058      
338400  0.00497    0.00093    0.00348    0.00056      0.00058      
338500  0.00497    0.00093    0.00348    0.00056      0.00058      
338600  0.00497    0.00093    0.00348    0.00056      0.00058      
338700  0.00497    0.00093    0.00348    0.00056      0.00058      
338800  0.00497    0.00093    0.00348    0.00056      0.00058      
338900  0.00497    0.00093    0.00348    0.00056      0.00058      
339000  0.00497    0.00093    0.00348    0.00056      0.00058      
339100  0.00497    0.00093    0.00348    0.00056      0.00058      
339200  0.00497    0.00093    0.00348    0.00056      0.00058      
339300  0.00497    0.00093    0.00348    0.00056      0.00058      
339400  0.00497    0.00093    0.00348    0.00056      0.00058      
339500  0.00497    0.00093    0.00348    0.00056      0.00058      
339600  0.00497    0.00093    0.00348    0.00056      0.00058      
339700  0.00497    0.00093    0.00348    0.00056      0.00058      
339800  0.00497    0.00093    0.00348    0.00056      0.00058      
339900  0.00497    0.00093    0.00348    0.00056      0.00058      
340000  0.00497    0.00093    0.00348    0.00056      0.00058      
340100  0.00497    0.00093    0.00348    0.00056      0.00058      
340200  0.00497    0.00093    0.00348    0.00056      0.00058      
340300  0.00497    0.00093    0.00348    0.00056      0.00058      
340400  0.00497    0.00093    0.00348    0.00056      0.00058      
340500  0.00497    0.00093    0.00348    0.00056      0.00058      
340600  0.00497    0.00093    0.00348    0.00056      0.00058      
340700  0.00497    0.00093    0.00348    0.00056      0.00058      
340800  0.00497    0.00093    0.00348    0.00056      0.00058      
340900  0.00497    0.00093    0.00348    0.00056      0.00058      
341000  0.00497    0.00093    0.00348    0.00056      0.00058      
341100  0.00497    0.00093    0.00348    0.00056      0.00058      
341200  0.00497    0.00093    0.00348    0.00056      0.00058      
341300  0.00497    0.00093    0.00348    0.00056      0.00058      
341400  0.00497    0.00093    0.00348    0.00056      0.00058      
341500  0.00497    0.00093    0.00348    0.00056      0.00058      
341600  0.00497    0.00093    0.00348    0.00056      0.00058      
341700  0.00497    0.00093    0.00348    0.00056      0.00058      
341800  0.00497    0.00093    0.00348    0.00056      0.00058      
341900  0.00497    0.00093    0.00348    0.00056      0.00058      
342000  0.00497    0.00093    0.00348    0.00056      0.00058      
342100  0.00497    0.00093    0.00348    0.00056      0.00058      
342200  0.00497    0.00093    0.00348    0.00056      0.00058      
342300  0.00497    0.00093    0.00348    0.00056      0.00058      
342400  0.00497    0.00093    0.00348    0.00056      0.00058      
342500  0.00497    0.00093    0.00348    0.00056      0.00058      
342600  0.00497    0.00093    0.00348    0.00056      0.00058      
342700  0.00497    0.00093    0.00348    0.00056      0.00058      
342800  0.00497    0.00093    0.00348    0.00056      0.00058      
342900  0.00497    0.00093    0.00348    0.00056      0.00058      
343000  0.00497    0.00093    0.00348    0.00056      0.00058      
343100  0.00497    0.00093    0.00348    0.00056      0.00058      
343200  0.00497    0.00093    0.00348    0.00056      0.00058      
343300  0.00497    0.00093    0.00348    0.00056      0.00058      
343400  0.00497    0.00093    0.00348    0.00056      0.00058      
343500  0.00497    0.00093    0.00348    0.00056      0.00058      
343600  0.00497    0.00093    0.00348    0.00056      0.00058      
343700  0.00497    0.00093    0.00348    0.00056      0.00058      
343800  0.00497    0.00093    0.00348    0.00056      0.00058      
343900  0.00497    0.00093    0.00348    0.00056      0.00058      
344000  0.00497    0.00093    0.00348    0.00056      0.00058      
344100  0.00497    0.00093    0.00348    0.00056      0.00058      
344200  0.00497    0.00093    0.00348    0.00056      0.00058      
344300  0.00497    0.00093    0.00348    0.00056      0.00058      
344400  0.00497    0.00093    0.00348    0.00056      0.00058      
344500  0.00497    0.00093    0.00348    0.00056      0.00058      
344600  0.00497    0.00093    0.00348    0.00056      0.00058      
344700  0.00497    0.00093    0.00348    0.00056      0.00058      
344800  0.00497    0.00093    0.00348    0.00056      0.00058      
344900  0.00497    0.00093    0.00348    0.00056      0.00058      
345000  0.00497    0.00093    0.00348    0.00056      0.00058      
345100  0.00497    0.00093    0.00348    0.00056      0.00058      
345200  0.00497    0.00093    0.00348    0.00056      0.00058      
345300  0.00497    0.00093    0.00348    0.00056      0.00058      
345400  0.00497    0.00093    0.00348    0.00056      0.00058      
345500  0.00497    0.00093    0.00348    0.00056      0.00058      
345600  0.00497    0.00093    0.00348    0.00056      0.00058      
345700  0.00497    0.00093    0.00348    0.00056      0.00058      
345800  0.00497    0.00093    0.00348    0.00056      0.00058      
345900  0.00497    0.00093    0.00348    0.00056      0.00058      
346000  0.00497    0.00093    0.00348    0.00056      0.00058      
346100  0.00497    0.00093    0.00348    0.00056      0.00058      
346200  0.00497    0.00093    0.00348    0.00056      0.00058      
346300  0.00497    0.00093    0.00348    0.00056      0.00058      
346400  0.00497    0.00093    0.00348    0.00056      0.00058      
346500  0.00497    0.00093    0.00348    0.00056      0.00058      
346600  0.00497    0.00093    0.00348    0.00056      0.00058      
346700  0.00497    0.00093    0.00348    0.00056      0.00058      
346800  0.00497    0.00093    0.00348    0.00056      0.00058      
346900  0.00497    0.00093    0.00348    0.00056      0.00058      
347000  0.00497    0.00093    0.00348    0.00056      0.00058      
347100  0.00497    0.00093    0.00348    0.00056      0.00058      
347200  0.00497    0.00093    0.00348    0.00056      0.00058      
347300  0.00497    0.00093    0.00348    0.00056      0.00058      
347400  0.00497    0.00093    0.00348    0.00056      0.00058      
347500  0.00497    0.00093    0.00348    0.00056      0.00058      
347600  0.00497    0.00093    0.00348    0.00056      0.00058      
347700  0.00497    0.00093    0.00348    0.00056      0.00058      
347800  0.00497    0.00093    0.00348    0.00056      0.00058      
347900  0.00497    0.00093    0.00348    0.00056      0.00058      
348000  0.00497    0.00093    0.00348    0.00056      0.00058      
348100  0.00497    0.00093    0.00348    0.00056      0.00058      
348200  0.00497    0.00093    0.00348    0.00056      0.00058      
348300  0.00497    0.00093    0.00348    0.00056      0.00058      
348400  0.00497    0.00093    0.00348    0.00056      0.00058      
348500  0.00497    0.00093    0.00348    0.00056      0.00058      
348600  0.00497    0.00093    0.00348    0.00056      0.00058      
348700  0.00497    0.00093    0.00348    0.00056      0.00058      
348800  0.00497    0.00093    0.00348    0.00056      0.00058      
348900  0.00497    0.00093    0.00348    0.00056      0.00058      
349000  0.00497    0.00093    0.00348    0.00056      0.00058      
349100  0.00497    0.00093    0.00348    0.00056      0.00058      
349200  0.00497    0.00093    0.00348    0.00056      0.00058      
349300  0.00497    0.00093    0.00348    0.00056      0.00058      
349400  0.00497    0.00093    0.00348    0.00056      0.00058      
349500  0.00497    0.00093    0.00348    0.00056      0.00058      
349600  0.00497    0.00093    0.00348    0.00056      0.00058      
349700  0.00497    0.00093    0.00348    0.00056      0.00058      
349800  0.00497    0.00093    0.00348    0.00056      0.00058      
349900  0.00497    0.00093    0.00348    0.00056      0.00058      
350000  0.00497    0.00093    0.00348    0.00056      0.00058      
350100  0.00497    0.00093    0.00348    0.00056      0.00058      
350200  0.00497    0.00093    0.00348    0.00056      0.00058      
350300  0.00497    0.00093    0.00348    0.00056      0.00058      
350400  0.00497    0.00093    0.00348    0.00056      0.00058      
350500  0.00497    0.00093    0.00348    0.00056      0.00058      
350600  0.00497    0.00093    0.00348    0.00056      0.00058      
350700  0.00497    0.00093    0.00348    0.00056      0.00058      
350800  0.00497    0.00093    0.00348    0.00056      0.00058      
350900  0.00497    0.00093    0.00348    0.00056      0.00058      
351000  0.00497    0.00093    0.00348    0.00056      0.00058      
351100  0.00497    0.00093    0.00348    0.00056      0.00058      
351200  0.00497    0.00093    0.00348    0.00056      0.00058      
351300  0.00497    0.00093    0.00348    0.00056      0.00058      
351400  0.00497    0.00093    0.00348    0.00056      0.00058      
351500  0.00497    0.00093    0.00348    0.00056      0.00058      
351600  0.00497    0.00093    0.00348    0.00056      0.00058      
351700  0.00497    0.00093    0.00348    0.00056      0.00058      
351800  0.00497    0.00093    0.00348    0.00056      0.00058      
351900  0.00497    0.00093    0.00348    0.00056      0.00058      
352000  0.00497    0.00093    0.00348    0.00056      0.00058      
352100  0.00497    0.00093    0.00348    0.00056      0.00058      
352200  0.00497    0.00093    0.00348    0.00056      0.00058      
352300  0.00497    0.00093    0.00348    0.00056      0.00058      
352400  0.00497    0.00093    0.00348    0.00056      0.00058      
352500  0.00497    0.00093    0.00348    0.00056      0.00058      
352600  0.00497    0.00093    0.00348    0.00056      0.00058      
352700  0.00497    0.00093    0.00348    0.00056      0.00058      
352800  0.00497    0.00093    0.00348    0.00056      0.00058      
352900  0.00497    0.00093    0.00348    0.00056      0.00058      
353000  0.00497    0.00093    0.00348    0.00056      0.00058      
353100  0.00497    0.00093    0.00348    0.00056      0.00058      
353200  0.00497    0.00093    0.00348    0.00056      0.00058      
353300  0.00497    0.00093    0.00348    0.00056      0.00058      
353400  0.00497    0.00093    0.00348    0.00056      0.00058      
353500  0.00497    0.00093    0.00348    0.00056      0.00058      
353600  0.00497    0.00093    0.00348    0.00056      0.00058      
353700  0.00497    0.00093    0.00348    0.00056      0.00058      
353800  0.00497    0.00093    0.00348    0.00056      0.00058      
353900  0.00497    0.00093    0.00348    0.00056      0.00058      
354000  0.00497    0.00093    0.00348    0.00056      0.00058      
354100  0.00497    0.00093    0.00348    0.00056      0.00058      
354200  0.00497    0.00093    0.00348    0.00056      0.00058      
354300  0.00497    0.00093    0.00348    0.00056      0.00058      
354400  0.00497    0.00093    0.00348    0.00056      0.00058      
354500  0.00497    0.00093    0.00348    0.00056      0.00058      
354600  0.00497    0.00093    0.00348    0.00056      0.00058      
354700  0.00497    0.00093    0.00348    0.00056      0.00058      
354800  0.00497    0.00093    0.00348    0.00056      0.00058      
354900  0.00497    0.00093    0.00348    0.00056      0.00058      
355000  0.00497    0.00093    0.00348    0.00056      0.00058      
355100  0.00497    0.00093    0.00348    0.00056      0.00058      
355200  0.00497    0.00093    0.00348    0.00056      0.00058      
355300  0.00497    0.00093    0.00348    0.00056      0.00058      
355400  0.00497    0.00093    0.00348    0.00056      0.00058      
355500  0.00497    0.00093    0.00348    0.00056      0.00058      
355600  0.00497    0.00093    0.00348    0.00056      0.00058      
355700  0.00497    0.00093    0.00348    0.00056      0.00058      
355800  0.00497    0.00093    0.00348    0.00056      0.00058      
355900  0.00497    0.00093    0.00348    0.00056      0.00058      
356000  0.00497    0.00093    0.00348    0.00056      0.00058      
356100  0.00497    0.00093    0.00348    0.00056      0.00058      
356200  0.00497    0.00093    0.00348    0.00056      0.00058      
356300  0.00497    0.00093    0.00348    0.00056      0.00058      
356400  0.00497    0.00093    0.00348    0.00056      0.00058      
356500  0.00497    0.00093    0.00348    0.00056      0.00058      
356600  0.00497    0.00093    0.00348    0.00056      0.00058      
356700  0.00497    0.00093    0.00348    0.00056      0.00058      
356800  0.00497    0.00093    0.00348    0.00056      0.00058      
356900  0.00497    0.00093    0.00348    0.00056      0.00058      
357000  0.00497    0.00093    0.00348    0.00056      0.00058      
357100  0.00497    0.00093    0.00348    0.00056      0.00058      
357200  0.00497    0.00093    0.00348    0.00056      0.00058      
357300  0.00497    0.00093    0.00348    0.00056      0.00058      
357400  0.00497    0.00093    0.00348    0.00056      0.00058      
357500  0.00497    0.00093    0.00348    0.00056      0.00058      
357600  0.00497    0.00093    0.00348    0.00056      0.00058      
357700  0.00497    0.00093    0.00348    0.00056      0.00058      
357800  0.00497    0.00093    0.00348    0.00056      0.00058      
357900  0.00497    0.00093    0.00348    0.00056      0.00058      
358000  0.00497    0.00093    0.00348    0.00056      0.00058      
358100  0.00497    0.00093    0.00348    0.00056      0.00058      
358200  0.00497    0.00093    0.00348    0.00056      0.00058      
358300  0.00497    0.00093    0.00348    0.00056      0.00058      
358400  0.00497    0.00093    0.00348    0.00056      0.00058      
358500  0.00497    0.00093    0.00348    0.00056      0.00058      
358600  0.00497    0.00093    0.00348    0.00056      0.00058      
358700  0.00497    0.00093    0.00348    0.00056      0.00058      
358800  0.00497    0.00093    0.00348    0.00056      0.00058      
358900  0.00497    0.00093    0.00348    0.00056      0.00058      
359000  0.00497    0.00093    0.00348    0.00056      0.00058      
359100  0.00497    0.00093    0.00348    0.00056      0.00058      
359200  0.00497    0.00093    0.00348    0.00056      0.00058      
359300  0.00497    0.00093    0.00348    0.00056      0.00058      
359400  0.00497    0.00093    0.00348    0.00056      0.00058      
359500  0.00497    0.00093    0.00348    0.00056      0.00058      
359600  0.00497    0.00093    0.00348    0.00056      0.00058      
359700  0.00497    0.00093    0.00348    0.00056      0.00058      
359800  0.00497    0.00093    0.00348    0.00056      0.00058      
359900  0.00497    0.00093    0.00348    0.00056      0.00058      
360000  0.00497    0.00093    0.00348    0.00056      0.00058      
360100  0.00497    0.00093    0.00348    0.00056      0.00058      
360200  0.00497    0.00093    0.00348    0.00056      0.00058      
360300  0.00497    0.00093    0.00348    0.00056      0.00058      
360400  0.00497    0.00093    0.00348    0.00056      0.00058      
360500  0.00497    0.00093    0.00348    0.00056      0.00058      
360600  0.00497    0.00093    0.00348    0.00056      0.00058      
360700  0.00497    0.00093    0.00348    0.00056      0.00058      
360800  0.00497    0.00093    0.00348    0.00056      0.00058      
360900  0.00497    0.00093    0.00348    0.00056      0.00058      
361000  0.00497    0.00093    0.00348    0.00056      0.00058      
361100  0.00497    0.00093    0.00348    0.00056      0.00058      
361200  0.00497    0.00093    0.00348    0.00056      0.00058      
361300  0.00497    0.00093    0.00348    0.00056      0.00058      
361400  0.00497    0.00093    0.00348    0.00056      0.00058      
361500  0.00497    0.00093    0.00348    0.00056      0.00058      
361600  0.00497    0.00093    0.00348    0.00056      0.00058      
361700  0.00497    0.00093    0.00348    0.00056      0.00058      
361800  0.00497    0.00093    0.00348    0.00056      0.00058      
361900  0.00497    0.00093    0.00348    0.00056      0.00058      
362000  0.00497    0.00093    0.00348    0.00056      0.00058      
362100  0.00497    0.00093    0.00348    0.00056      0.00058      
362200  0.00497    0.00093    0.00348    0.00056      0.00058      
362300  0.00497    0.00093    0.00348    0.00056      0.00058      
362400  0.00497    0.00093    0.00348    0.00056      0.00058      
362500  0.00497    0.00093    0.00348    0.00056      0.00058      
362600  0.00497    0.00093    0.00348    0.00056      0.00058      
362700  0.00497    0.00093    0.00348    0.00056      0.00058      
362800  0.00497    0.00093    0.00348    0.00056      0.00058      
362900  0.00497    0.00093    0.00348    0.00056      0.00058      
363000  0.00497    0.00093    0.00348    0.00056      0.00058      
363100  0.00497    0.00093    0.00348    0.00056      0.00058      
363200  0.00497    0.00093    0.00348    0.00056      0.00058      
363300  0.00497    0.00093    0.00348    0.00056      0.00058      
363400  0.00497    0.00093    0.00348    0.00056      0.00058      
363500  0.00497    0.00093    0.00348    0.00056      0.00058      
363600  0.00497    0.00093    0.00348    0.00056      0.00058      
363700  0.00497    0.00093    0.00348    0.00056      0.00058      
363800  0.00497    0.00093    0.00348    0.00056      0.00058      
363900  0.00497    0.00093    0.00348    0.00056      0.00058      
364000  0.00497    0.00093    0.00348    0.00056      0.00058      
364100  0.00497    0.00093    0.00348    0.00056      0.00058      
364200  0.00497    0.00093    0.00348    0.00056      0.00058      
364300  0.00497    0.00093    0.00348    0.00056      0.00058      
364400  0.00497    0.00093    0.00348    0.00056      0.00058      
364500  0.00497    0.00093    0.00348    0.00056      0.00058      
364600  0.00497    0.00093    0.00348    0.00056      0.00058      
364700  0.00497    0.00093    0.00348    0.00056      0.00058      
364800  0.00497    0.00093    0.00348    0.00056      0.00058      
364900  0.00497    0.00093    0.00348    0.00056      0.00058      
365000  0.00497    0.00093    0.00348    0.00056      0.00058      
365100  0.00497    0.00093    0.00348    0.00056      0.00058      
365200  0.00497    0.00093    0.00348    0.00056      0.00058      
365300  0.00497    0.00093    0.00348    0.00056      0.00058      
365400  0.00497    0.00093    0.00348    0.00056      0.00058      
365500  0.00497    0.00093    0.00348    0.00056      0.00058      
365600  0.00497    0.00093    0.00348    0.00056      0.00058      
365700  0.00497    0.00093    0.00348    0.00056      0.00058      
365800  0.00497    0.00093    0.00348    0.00056      0.00058      
365900  0.00497    0.00093    0.00348    0.00056      0.00058      
366000  0.00497    0.00093    0.00348    0.00056      0.00058      
366100  0.00497    0.00093    0.00348    0.00056      0.00058      
366200  0.00497    0.00093    0.00348    0.00056      0.00058      
366300  0.00497    0.00093    0.00348    0.00056      0.00058      
366400  0.00497    0.00093    0.00348    0.00056      0.00058      
366500  0.00497    0.00093    0.00348    0.00056      0.00058      
366600  0.00497    0.00093    0.00348    0.00056      0.00058      
366700  0.00497    0.00093    0.00348    0.00056      0.00058      
366800  0.00497    0.00093    0.00348    0.00056      0.00058      
366900  0.00497    0.00093    0.00348    0.00056      0.00058      
367000  0.00497    0.00093    0.00348    0.00056      0.00058      
367100  0.00497    0.00093    0.00348    0.00056      0.00058      
367200  0.00497    0.00093    0.00348    0.00056      0.00058      
367300  0.00497    0.00093    0.00348    0.00056      0.00058      
367400  0.00497    0.00093    0.00348    0.00056      0.00058      
367500  0.00497    0.00093    0.00348    0.00056      0.00058      
367600  0.00497    0.00093    0.00348    0.00056      0.00058      
367700  0.00497    0.00093    0.00348    0.00056      0.00058      
367800  0.00497    0.00093    0.00348    0.00056      0.00058      
367900  0.00497    0.00093    0.00348    0.00056      0.00058      
368000  0.00497    0.00093    0.00348    0.00056      0.00058      
368100  0.00497    0.00093    0.00348    0.00056      0.00058      
368200  0.00497    0.00093    0.00348    0.00056      0.00058      
368300  0.00497    0.00093    0.00348    0.00056      0.00058      
368400  0.00497    0.00093    0.00348    0.00056      0.00058      
368500  0.00497    0.00093    0.00348    0.00056      0.00058      
368600  0.00497    0.00093    0.00348    0.00056      0.00058      
368700  0.00497    0.00093    0.00348    0.00056      0.00058      
368800  0.00497    0.00093    0.00348    0.00056      0.00058      
368900  0.00497    0.00093    0.00348    0.00056      0.00058      
369000  0.00497    0.00093    0.00348    0.00056      0.00058      
369100  0.00497    0.00093    0.00348    0.00056      0.00058      
369200  0.00497    0.00093    0.00348    0.00056      0.00058      
369300  0.00497    0.00093    0.00348    0.00056      0.00058      
369400  0.00497    0.00093    0.00348    0.00056      0.00058      
369500  0.00497    0.00093    0.00348    0.00056      0.00058      
369600  0.00497    0.00093    0.00348    0.00056      0.00058      
369700  0.00497    0.00093    0.00348    0.00056      0.00058      
369800  0.00497    0.00093    0.00348    0.00056      0.00058      
369900  0.00497    0.00093    0.00348    0.00056      0.00058      
370000  0.00497    0.00093    0.00348    0.00056      0.00058      
370100  0.00497    0.00093    0.00348    0.00056      0.00058      
370200  0.00497    0.00093    0.00348    0.00056      0.00058      
370300  0.00497    0.00093    0.00348    0.00056      0.00058      
370400  0.00497    0.00093    0.00348    0.00056      0.00058      
370500  0.00497    0.00093    0.00348    0.00056      0.00058      
370600  0.00497    0.00093    0.00348    0.00056      0.00058      
370700  0.00497    0.00093    0.00348    0.00056      0.00058      
370800  0.00497    0.00093    0.00348    0.00056      0.00058      
370900  0.00497    0.00093    0.00348    0.00056      0.00058      
371000  0.00497    0.00093    0.00348    0.00056      0.00058      
371100  0.00497    0.00093    0.00348    0.00056      0.00058      
371200  0.00497    0.00093    0.00348    0.00056      0.00058      
371300  0.00497    0.00093    0.00348    0.00056      0.00058      
371400  0.00497    0.00093    0.00348    0.00056      0.00058      
371500  0.00497    0.00093    0.00348    0.00056      0.00058      
371600  0.00497    0.00093    0.00348    0.00056      0.00058      
371700  0.00497    0.00093    0.00348    0.00056      0.00058      
371800  0.00497    0.00093    0.00348    0.00056      0.00058      
371900  0.00497    0.00093    0.00348    0.00056      0.00058      
372000  0.00497    0.00093    0.00348    0.00056      0.00058      
372100  0.00497    0.00093    0.00348    0.00056      0.00058      
372200  0.00497    0.00093    0.00348    0.00056      0.00058      
372300  0.00497    0.00093    0.00348    0.00056      0.00058      
372400  0.00497    0.00093    0.00348    0.00056      0.00058      
372500  0.00497    0.00093    0.00348    0.00056      0.00058      
372600  0.00497    0.00093    0.00348    0.00056      0.00058      
372700  0.00497    0.00093    0.00348    0.00056      0.00058      
372800  0.00497    0.00093    0.00348    0.00056      0.00058      
372900  0.00497    0.00093    0.00348    0.00056      0.00058      
373000  0.00497    0.00093    0.00348    0.00056      0.00058      
373100  0.00497    0.00093    0.00348    0.00056      0.00058      
373200  0.00497    0.00093    0.00348    0.00056      0.00058      
373300  0.00497    0.00093    0.00348    0.00056      0.00058      
373400  0.00497    0.00093    0.00348    0.00056      0.00058      
373500  0.00497    0.00093    0.00348    0.00056      0.00058      
373600  0.00497    0.00093    0.00348    0.00056      0.00058      
373700  0.00497    0.00093    0.00348    0.00056      0.00058      
373800  0.00497    0.00093    0.00348    0.00056      0.00058      
373900  0.00497    0.00093    0.00348    0.00056      0.00058      
374000  0.00497    0.00093    0.00348    0.00056      0.00058      
374100  0.00497    0.00093    0.00348    0.00056      0.00058      
374200  0.00497    0.00093    0.00348    0.00056      0.00058      
374300  0.00497    0.00093    0.00348    0.00056      0.00058      
374400  0.00497    0.00093    0.00348    0.00056      0.00058      
374500  0.00497    0.00093    0.00348    0.00056      0.00058      
374600  0.00497    0.00093    0.00348    0.00056      0.00058      
374700  0.00497    0.00093    0.00348    0.00056      0.00058      
374800  0.00497    0.00093    0.00348    0.00056      0.00058      
374900  0.00497    0.00093    0.00348    0.00056      0.00058      
375000  0.00497    0.00093    0.00348    0.00056      0.00058      
375100  0.00497    0.00093    0.00348    0.00056      0.00058      
375200  0.00497    0.00093    0.00348    0.00056      0.00058      
375300  0.00497    0.00093    0.00348    0.00056      0.00058      
375400  0.00497    0.00093    0.00348    0.00056      0.00058      
375500  0.00497    0.00093    0.00348    0.00056      0.00058      
375600  0.00497    0.00093    0.00348    0.00056      0.00058      
375700  0.00497    0.00093    0.00348    0.00056      0.00058      
375800  0.00497    0.00093    0.00348    0.00056      0.00058      
375900  0.00497    0.00093    0.00348    0.00056      0.00058      
376000  0.00497    0.00093    0.00348    0.00056      0.00058      
376100  0.00497    0.00093    0.00348    0.00056      0.00058      
376200  0.00497    0.00093    0.00348    0.00056      0.00058      
376300  0.00497    0.00093    0.00348    0.00056      0.00058      
376400  0.00497    0.00093    0.00348    0.00056      0.00058      
376500  0.00497    0.00093    0.00348    0.00056      0.00058      
376600  0.00497    0.00093    0.00348    0.00056      0.00058      
376700  0.00497    0.00093    0.00348    0.00056      0.00058      
376800  0.00497    0.00093    0.00348    0.00056      0.00058      
376900  0.00497    0.00093    0.00348    0.00056      0.00058      
377000  0.00497    0.00093    0.00348    0.00056      0.00058      
377100  0.00497    0.00093    0.00348    0.00056      0.00058      
377200  0.00497    0.00093    0.00348    0.00056      0.00058      
377300  0.00497    0.00093    0.00348    0.00056      0.00058      
377400  0.00497    0.00093    0.00348    0.00056      0.00058      
377500  0.00497    0.00093    0.00348    0.00056      0.00058      
377600  0.00497    0.00093    0.00348    0.00056      0.00058      
377700  0.00497    0.00093    0.00348    0.00056      0.00058      
377800  0.00497    0.00093    0.00348    0.00056      0.00058      
377900  0.00497    0.00093    0.00348    0.00056      0.00058      
378000  0.00497    0.00093    0.00348    0.00056      0.00058      
378100  0.00497    0.00093    0.00348    0.00056      0.00058      
378200  0.00497    0.00093    0.00348    0.00056      0.00058      
378300  0.00497    0.00093    0.00348    0.00056      0.00058      
378400  0.00497    0.00093    0.00348    0.00056      0.00058      
378500  0.00497    0.00093    0.00348    0.00056      0.00058      
378600  0.00497    0.00093    0.00348    0.00056      0.00058      
378700  0.00497    0.00093    0.00348    0.00056      0.00058      
378800  0.00497    0.00093    0.00348    0.00056      0.00058      
378900  0.00497    0.00093    0.00348    0.00056      0.00058      
379000  0.00497    0.00093    0.00348    0.00056      0.00058      
379100  0.00497    0.00093    0.00348    0.00056      0.00058      
379200  0.00497    0.00093    0.00348    0.00056      0.00058      
379300  0.00497    0.00093    0.00348    0.00056      0.00058      
379400  0.00497    0.00093    0.00348    0.00056      0.00058      
379500  0.00497    0.00093    0.00348    0.00056      0.00058      
379600  0.00497    0.00093    0.00348    0.00056      0.00058      
379700  0.00497    0.00093    0.00348    0.00056      0.00058      
379800  0.00497    0.00093    0.00348    0.00056      0.00058      
379900  0.00497    0.00093    0.00348    0.00056      0.00058      
380000  0.00497    0.00093    0.00348    0.00056      0.00058      
380100  0.00497    0.00093    0.00348    0.00056      0.00058      
380200  0.00497    0.00093    0.00348    0.00056      0.00058      
380300  0.00497    0.00093    0.00348    0.00056      0.00058      
380400  0.00497    0.00093    0.00348    0.00056      0.00058      
380500  0.00497    0.00093    0.00348    0.00056      0.00058      
380600  0.00497    0.00093    0.00348    0.00056      0.00058      
380700  0.00497    0.00093    0.00348    0.00056      0.00058      
380800  0.00497    0.00093    0.00348    0.00056      0.00058      
380900  0.00497    0.00093    0.00348    0.00056      0.00058      
381000  0.00497    0.00093    0.00348    0.00056      0.00058      
381100  0.00497    0.00093    0.00348    0.00056      0.00058      
381200  0.00497    0.00093    0.00348    0.00056      0.00058      
381300  0.00497    0.00093    0.00348    0.00056      0.00058      
381400  0.00497    0.00093    0.00348    0.00056      0.00058      
381500  0.00497    0.00093    0.00348    0.00056      0.00058      
381600  0.00497    0.00093    0.00348    0.00056      0.00058      
381700  0.00497    0.00093    0.00348    0.00056      0.00058      
381800  0.00497    0.00093    0.00348    0.00056      0.00058      
381900  0.00497    0.00093    0.00348    0.00056      0.00058      
382000  0.00497    0.00093    0.00348    0.00056      0.00058      
382100  0.00497    0.00093    0.00348    0.00056      0.00058      
382200  0.00497    0.00093    0.00348    0.00056      0.00058      
382300  0.00497    0.00093    0.00348    0.00056      0.00058      
382400  0.00497    0.00093    0.00348    0.00056      0.00058      
382500  0.00497    0.00093    0.00348    0.00056      0.00058      
382600  0.00497    0.00093    0.00348    0.00056      0.00058      
382700  0.00497    0.00093    0.00348    0.00056      0.00058      
382800  0.00497    0.00093    0.00348    0.00056      0.00058      
382900  0.00497    0.00093    0.00348    0.00056      0.00058      
383000  0.00497    0.00093    0.00348    0.00056      0.00058      
383100  0.00497    0.00093    0.00348    0.00056      0.00058      
383200  0.00497    0.00093    0.00348    0.00056      0.00058      
383300  0.00497    0.00093    0.00348    0.00056      0.00058      
383400  0.00497    0.00093    0.00348    0.00056      0.00058      
383500  0.00497    0.00093    0.00348    0.00056      0.00058      
383600  0.00497    0.00093    0.00348    0.00056      0.00058      
383700  0.00497    0.00093    0.00348    0.00056      0.00058      
383800  0.00497    0.00093    0.00348    0.00056      0.00058      
383900  0.00497    0.00093    0.00348    0.00056      0.00058      
384000  0.00497    0.00093    0.00348    0.00056      0.00058      
384100  0.00497    0.00093    0.00348    0.00056      0.00058      
384200  0.00497    0.00093    0.00348    0.00056      0.00058      
384300  0.00497    0.00093    0.00348    0.00056      0.00058      
384400  0.00497    0.00093    0.00348    0.00056      0.00058      
384500  0.00497    0.00093    0.00348    0.00056      0.00058      
384600  0.00497    0.00093    0.00348    0.00056      0.00058      
384700  0.00497    0.00093    0.00348    0.00056      0.00058      
384800  0.00497    0.00093    0.00348    0.00056      0.00058      
384900  0.00497    0.00093    0.00348    0.00056      0.00058      
385000  0.00497    0.00093    0.00348    0.00056      0.00058      
385100  0.00497    0.00093    0.00348    0.00056      0.00058      
385200  0.00497    0.00093    0.00348    0.00056      0.00058      
385300  0.00497    0.00093    0.00348    0.00056      0.00058      
385400  0.00497    0.00093    0.00348    0.00056      0.00058      
385500  0.00497    0.00093    0.00348    0.00056      0.00058      
385600  0.00497    0.00093    0.00348    0.00056      0.00058      
385700  0.00497    0.00093    0.00348    0.00056      0.00058      
385800  0.00497    0.00093    0.00348    0.00056      0.00058      
385900  0.00497    0.00093    0.00348    0.00056      0.00058      
386000  0.00497    0.00093    0.00348    0.00056      0.00058      
386100  0.00497    0.00093    0.00348    0.00056      0.00058      
386200  0.00497    0.00093    0.00348    0.00056      0.00058      
386300  0.00497    0.00093    0.00348    0.00056      0.00058      
386400  0.00497    0.00093    0.00348    0.00056      0.00058      
386500  0.00497    0.00093    0.00348    0.00056      0.00058      
386600  0.00497    0.00093    0.00348    0.00056      0.00058      
386700  0.00497    0.00093    0.00348    0.00056      0.00058      
386800  0.00497    0.00093    0.00348    0.00056      0.00058      
386900  0.00497    0.00093    0.00348    0.00056      0.00058      
387000  0.00497    0.00093    0.00348    0.00056      0.00058      
387100  0.00497    0.00093    0.00348    0.00056      0.00058      
387200  0.00497    0.00093    0.00348    0.00056      0.00058      
387300  0.00497    0.00093    0.00348    0.00056      0.00058      
387400  0.00497    0.00093    0.00348    0.00056      0.00058      
387500  0.00497    0.00093    0.00348    0.00056      0.00058      
387600  0.00497    0.00093    0.00348    0.00056      0.00058      
387700  0.00497    0.00093    0.00348    0.00056      0.00058      
387800  0.00497    0.00093    0.00348    0.00056      0.00058      
387900  0.00497    0.00093    0.00348    0.00056      0.00058      
388000  0.00497    0.00093    0.00348    0.00056      0.00058      
388100  0.00497    0.00093    0.00348    0.00056      0.00058      
388200  0.00497    0.00093    0.00348    0.00056      0.00058      
388300  0.00497    0.00093    0.00348    0.00056      0.00058      
388400  0.00497    0.00093    0.00348    0.00056      0.00058      
388500  0.00497    0.00093    0.00348    0.00056      0.00058      
388600  0.00497    0.00093    0.00348    0.00056      0.00058      
388700  0.00497    0.00093    0.00348    0.00056      0.00058      
388800  0.00497    0.00093    0.00348    0.00056      0.00058      
388900  0.00497    0.00093    0.00348    0.00056      0.00058      
389000  0.00497    0.00093    0.00348    0.00056      0.00058      
389100  0.00497    0.00093    0.00348    0.00056      0.00058      
389200  0.00497    0.00093    0.00348    0.00056      0.00058      
389300  0.00497    0.00093    0.00348    0.00056      0.00058      
389400  0.00497    0.00093    0.00348    0.00056      0.00058      
389500  0.00497    0.00093    0.00348    0.00056      0.00058      
389600  0.00497    0.00093    0.00348    0.00056      0.00058      
389700  0.00497    0.00093    0.00348    0.00056      0.00058      
389800  0.00497    0.00093    0.00348    0.00056      0.00058      
389900  0.00497    0.00093    0.00348    0.00056      0.00058      
390000  0.00497    0.00093    0.00348    0.00056      0.00058      
390100  0.00497    0.00093    0.00348    0.00056      0.00058      
390200  0.00497    0.00093    0.00348    0.00056      0.00058      
390300  0.00497    0.00093    0.00348    0.00056      0.00058      
390400  0.00497    0.00093    0.00348    0.00056      0.00058      
390500  0.00497    0.00093    0.00348    0.00056      0.00058      
390600  0.00497    0.00093    0.00348    0.00056      0.00058      
390700  0.00497    0.00093    0.00348    0.00056      0.00058      
390800  0.00497    0.00093    0.00348    0.00056      0.00058      
390900  0.00497    0.00093    0.00348    0.00056      0.00058      
391000  0.00497    0.00093    0.00348    0.00056      0.00058      
391100  0.00497    0.00093    0.00348    0.00056      0.00058      
391200  0.00497    0.00093    0.00348    0.00056      0.00058      
391300  0.00497    0.00093    0.00348    0.00056      0.00058      
391400  0.00497    0.00093    0.00348    0.00056      0.00058      
391500  0.00497    0.00093    0.00348    0.00056      0.00058      
391600  0.00497    0.00093    0.00348    0.00056      0.00058      
391700  0.00497    0.00093    0.00348    0.00056      0.00058      
391800  0.00497    0.00093    0.00348    0.00056      0.00058      
391900  0.00497    0.00093    0.00348    0.00056      0.00058      
392000  0.00497    0.00093    0.00348    0.00056      0.00058      
392100  0.00497    0.00093    0.00348    0.00056      0.00058      
392200  0.00497    0.00093    0.00348    0.00056      0.00058      
392300  0.00497    0.00093    0.00348    0.00056      0.00058      
392400  0.00497    0.00093    0.00348    0.00056      0.00058      
392500  0.00497    0.00093    0.00348    0.00056      0.00058      
392600  0.00497    0.00093    0.00348    0.00056      0.00058      
392700  0.00497    0.00093    0.00348    0.00056      0.00058      
392800  0.00497    0.00093    0.00348    0.00056      0.00058      
392900  0.00497    0.00093    0.00348    0.00056      0.00058      
393000  0.00497    0.00093    0.00348    0.00056      0.00058      
393100  0.00497    0.00093    0.00348    0.00056      0.00058      
393200  0.00497    0.00093    0.00348    0.00056      0.00058      
393300  0.00497    0.00093    0.00348    0.00056      0.00058      
393400  0.00497    0.00093    0.00348    0.00056      0.00058      
393500  0.00497    0.00093    0.00348    0.00056      0.00058      
393600  0.00497    0.00093    0.00348    0.00056      0.00058      
393700  0.00497    0.00093    0.00348    0.00056      0.00058      
393800  0.00497    0.00093    0.00348    0.00056      0.00058      
393900  0.00497    0.00093    0.00348    0.00056      0.00058      
394000  0.00497    0.00093    0.00348    0.00056      0.00058      
394100  0.00497    0.00093    0.00348    0.00056      0.00058      
394200  0.00497    0.00093    0.00348    0.00056      0.00058      
394300  0.00497    0.00093    0.00348    0.00056      0.00058      
394400  0.00497    0.00093    0.00348    0.00056      0.00058      
394500  0.00497    0.00093    0.00348    0.00056      0.00058      
394600  0.00497    0.00093    0.00348    0.00056      0.00058      
394700  0.00497    0.00093    0.00348    0.00056      0.00058      
394800  0.00497    0.00093    0.00348    0.00056      0.00058      
394900  0.00497    0.00093    0.00348    0.00056      0.00058      
395000  0.00497    0.00093    0.00348    0.00056      0.00058      
395100  0.00497    0.00093    0.00348    0.00056      0.00058      
395200  0.00497    0.00093    0.00348    0.00056      0.00058      
395300  0.00497    0.00093    0.00348    0.00056      0.00058      
395400  0.00497    0.00093    0.00348    0.00056      0.00058      
395500  0.00497    0.00093    0.00348    0.00056      0.00058      
395600  0.00497    0.00093    0.00348    0.00056      0.00058      
395700  0.00497    0.00093    0.00348    0.00056      0.00058      
395800  0.00497    0.00093    0.00348    0.00056      0.00058      
395900  0.00497    0.00093    0.00348    0.00056      0.00058      
396000  0.00497    0.00093    0.00348    0.00056      0.00058      
396100  0.00497    0.00093    0.00348    0.00056      0.00058      
396200  0.00497    0.00093    0.00348    0.00056      0.00058      
396300  0.00497    0.00093    0.00348    0.00056      0.00058      
396400  0.00497    0.00093    0.00348    0.00056      0.00058      
396500  0.00497    0.00093    0.00348    0.00056      0.00058      
396600  0.00497    0.00093    0.00348    0.00056      0.00058      
396700  0.00497    0.00093    0.00348    0.00056      0.00058      
396800  0.00497    0.00093    0.00348    0.00056      0.00058      
396900  0.00497    0.00093    0.00348    0.00056      0.00058      
397000  0.00497    0.00093    0.00348    0.00056      0.00058      
397100  0.00497    0.00093    0.00348    0.00056      0.00058      
397200  0.00497    0.00093    0.00348    0.00056      0.00058      
397300  0.00497    0.00093    0.00348    0.00056      0.00058      
397400  0.00497    0.00093    0.00348    0.00056      0.00058      
397500  0.00497    0.00093    0.00348    0.00056      0.00058      
397600  0.00497    0.00093    0.00348    0.00056      0.00058      
397700  0.00497    0.00093    0.00348    0.00056      0.00058      
397800  0.00497    0.00093    0.00348    0.00056      0.00058      
397900  0.00497    0.00093    0.00348    0.00056      0.00058      
398000  0.00497    0.00093    0.00348    0.00056      0.00058      
398100  0.00497    0.00093    0.00348    0.00056      0.00058      
398200  0.00497    0.00093    0.00348    0.00056      0.00058      
398300  0.00497    0.00093    0.00348    0.00056      0.00058      
398400  0.00497    0.00093    0.00348    0.00056      0.00058      
398500  0.00497    0.00093    0.00348    0.00056      0.00058      
398600  0.00497    0.00093    0.00348    0.00056      0.00058      
398700  0.00497    0.00093    0.00348    0.00056      0.00058      
398800  0.00497    0.00093    0.00348    0.00056      0.00058      
398900  0.00497    0.00093    0.00348    0.00056      0.00058      
399000  0.00497    0.00093    0.00348    0.00056      0.00058      
399100  0.00497    0.00093    0.00348    0.00056      0.00058      
399200  0.00497    0.00093    0.00348    0.00056      0.00058      
399300  0.00497    0.00093    0.00348    0.00056      0.00058      
399400  0.00497    0.00093    0.00348    0.00056      0.00058      
399500  0.00497    0.00093    0.00348    0.00056      0.00058      
399600  0.00497    0.00093    0.00348    0.00056      0.00058      
399700  0.00497    0.00093    0.00348    0.00056      0.00058      
399800  0.00497    0.00093    0.00348    0.00056      0.00058      
399900  0.00497    0.00093    0.00348    0.00056      0.00058      
400000  0.00497    0.00093    0.00348    0.00056      0.00058      
