8.55997 3.994 3.994 8.09593e-17 3.0385e-32 1.0868e-16 8.55962 3.99362 3.99362 1.12985e-10 1.65676e-13 -1.217e-10
8.66066 4.02135 4.02135 -2.5654e-14 -1.46462e-28 2.64797e-14 8.66097 4.02183 4.02183 1.51599e-10 9.15968e-13 -1.38106e-10
8.61849 4.01024 4.01024 -8.4776e-14 -1.44564e-27 7.856e-14 8.61819 4.00984 4.00984 7.96649e-11 2.80631e-13 -2.65477e-10
8.7425 4.04185 4.04185 -1.73897e-13 -5.02645e-27 1.35752e-13 8.74196 4.04367 4.04367 8.91999e-11 -6.62461e-13 -1.88697e-10
8.73205 4.04054 4.04054 -1.19745e-12 -2.36217e-25 9.25483e-13 8.7322 4.04005 4.04005 -6.41485e-11 -7.13632e-14 4.83654e-12
8.74135 4.04283 4.04283 -1.54294e-12 -4.56062e-25 1.3888e-12 8.74129 4.0424 4.0424 1.53062e-10 1.23546e-12 -6.98687e-11
8.5568 3.9931 3.9931 -1.60809e-12 -5.82933e-25 1.65432e-12 8.55651 3.99277 3.99277 -1.20186e-10 -4.26203e-13 -2.18608e-11
8.61419 4.0094 4.0094 -1.63367e-12 -6.2816e-25 1.77059e-12 8.61356 4.00822 4.00822 -1.74426e-10 1.26786e-13 1.19876e-10
8.57209 3.99738 3.99738 -1.59289e-12 -6.55979e-25 1.88394e-12 8.57162 3.99696 3.99696 9.69055e-11 6.59852e-13 1.53463e-10
8.60302 4.00596 4.00596 -1.2131e-12 -5.60293e-25 2.12325e-12 8.60259 4.00556 4.00556 -1.77256e-11 2.10292e-13 -1.91385e-10
8.69754 4.03206 4.03206 -4.36118e-13 -2.26988e-25 2.42821e-12 8.69795 4.03084 4.03084 -6.20605e-11 -1.16313e-12 5.37408e-11
8.67623 4.02514 4.02514 -2.21796e-13 -1.16322e-25 2.43903e-12 8.67668 4.02637 4.02637 -2.03531e-10 8.01296e-13 -5.15871e-11
8.54481 3.98949 3.98949 -1.24298e-12 -5.81179e-25 2.1299e-12 8.54521 3.98994 3.98994 3.35768e-11 -1.25843e-12 1.72938e-10
8.73284 4.04029 4.04029 -1.64972e-12 -7.37012e-25 2.09644e-12 8.73285 4.04061 4.04061 -4.76813e-11 7.94511e-13 -6.52614e-11
8.65419 4.02053 4.02053 -2.02446e-12 -8.55206e-25 1.9575e-12 8.65409 4.01911 4.01911 -1.36435e-10 -7.58126e-13 -1.51664e-10
8.70895 4.03483 4.03483 -2.14684e-12 -8.89542e-25 1.93684e-12 8.70936 4.03399 4.03399 4.70685e-11 6.5731e-13 -8.35316e-11
8.72594 4.03915 4.03915 -2.6048e-12 -9.1899e-25 1.65367e-12 8.72622 4.03839 4.03839 1.56951e-10 -6.68526e-13 -1.28644e-10
8.6273 4.01271 4.01271 -1.92539e-12 2.16645e-25 -5.1889e-13 8.62706 4.01223 4.01223 4.30647e-10 3.30659e-13 -8.43196e-11
8.66259 4.02184 4.02184 -1.81138e-12 3.24865e-25 -8.31693e-13 8.66292 4.02238 4.02238 -1.69745e-10 4.7298e-13 5.46274e-11
8.69358 4.03086 4.03086 -7.1835e-13 2.99287e-25 -1.94206e-12 8.69398 4.02993 4.02993 7.37229e-11 -1.24832e-13 -7.4863e-11
8.5979 4.00449 4.00449 -4.51392e-13 2.0035e-25 -2.03881e-12 8.59748 4.0042 4.0042 -3.36944e-10 -4.93468e-13 1.77654e-10
8.74318 4.04306 4.04306 -1.93424e-13 9.4511e-26 -2.29277e-12 8.743 4.04302 4.04302 -1.441e-11 -2.4175e-14 5.45087e-11
8.59693 4.00453 4.00453 1.11547e-13 -6.48939e-26 -2.67173e-12 8.59621 4.00353 4.00353 -9.30306e-11 -3.79474e-13 -9.06856e-11
8.61361 4.00928 4.00928 8.6115e-13 -5.6616e-25 -3.02763e-12 8.61294 4.00801 4.00801 -2.43899e-12 1.0891e-12 4.95123e-11
8.72322 4.03821 4.03821 1.65578e-12 -1.02387e-24 -2.89722e-12 8.72349 4.03789 4.03789 1.64935e-10 1.03983e-12 -1.43575e-11
8.59496 4.00388 4.00388 1.86986e-12 -1.06382e-24 -2.61207e-12 8.59432 4.00311 4.00311 -9.0784e-11 -2.96121e-13 6.01256e-11
8.70261 4.0327 4.0327 2.05381e-12 -1.07522e-24 -2.44499e-12 8.703 4.03277 4.03277 7.3048e-11 -3.946e-13 3.21836e-12
8.73943 4.04114 4.04114 2.22262e-12 -1.05634e-24 -2.23305e-12 8.73901 4.04288 4.04288 -3.54385e-11 5.92613e-13 1.42651e-10
8.7456 4.04383 4.04383 2.41036e-12 -1.01089e-24 -1.97198e-12 8.74542 4.0435 4.0435 4.3809e-11 -5.11137e-14 -5.01841e-11
8.72656 4.03864 4.03864 2.32322e-12 1.02413e-25 2.06562e-13 8.72668 4.03908 4.03908 -2.28454e-11 -5.82584e-13 1.97936e-10
8.72296 4.03817 4.03817 2.16693e-12 2.65799e-25 5.74501e-13 8.72323 4.0378 4.0378 1.91657e-10 -7.02909e-13 -3.55186e-11
8.58725 4.00168 4.00168 1.84133e-12 6.31839e-25 1.5737e-12 8.58664 4.00104 4.00104 -2.22224e-10 -6.88299e-13 -1.39069e-11
8.55817 3.99345 3.99345 1.70329e-12 6.75877e-25 1.81147e-12 8.55792 3.9932 3.9932 3.49328e-11 5.78884e-13 -8.01741e-11
8.54529 3.98982 3.98982 1.39326e-12 6.59822e-25 2.15785e-12 8.54537 3.98974 3.98974 -2.66325e-10 2.24416e-13 -7.00907e-11
8.70504 4.03303 4.03303 5.64655e-15 3.42057e-27 2.94372e-12 8.70541 4.03367 4.03367 2.3131e-10 5.49454e-13 2.40011e-11
8.55454 3.99247 3.99247 -2.08034e-13 -1.26691e-25 2.77462e-12 8.55431 3.99216 3.99216 -4.97872e-11 4.93102e-13 1.57081e-10
8.68495 4.02738 4.02738 -1.31463e-12 -6.09729e-25 2.15879e-12 8.68541 4.02875 4.02875 -7.98505e-11 4.95232e-13 1.27799e-10
8.73407 4.04097 4.04097 -1.75134e-12 -7.15386e-25 1.91546e-12 8.73416 4.04062 4.04062 -1.25069e-11 -8.42992e-13 -1.5433e-10
8.54503 3.98958 3.98958 -2.01106e-12 -7.03719e-25 1.59406e-12 8.54537 3.98995 3.98995 -2.50416e-11 -3.84245e-13 9.50602e-11
8.74414 4.04311 4.04311 -3.01423e-12 -3.14857e-25 4.90224e-13 8.74386 4.04341 4.04341 -2.43886e-10 3.27996e-13 2.42474e-12
8.54544 3.98984 3.98984 -2.98361e-12 -1.35608e-25 2.0698e-13 8.54555 3.98983 3.98983 -7.17752e-11 -3.05165e-13 -4.89808e-11
8.58729 4.00181 4.00181 -2.52222e-12 -1.59743e-25 2.89752e-13 8.58655 4.0009 4.0009 3.75514e-11 -1.12117e-12 1.16785e-10
8.63665 4.01571 4.01571 -1.76026e-12 -3.45539e-25 9.05884e-13 8.63627 4.01432 4.01432 -7.81959e-11 -4.95753e-13 -1.02904e-10
8.55925 3.99366 3.99366 -7.77307e-13 -2.71917e-25 1.59595e-12 8.55912 3.99363 3.99363 1.73519e-10 1.39302e-13 1.94324e-11
8.74776 4.04339 4.04339 -4.86712e-13 -1.80452e-25 1.74402e-12 8.74713 4.04477 4.04477 -2.11424e-10 4.3665e-13 -1.24307e-10
8.71251 4.03473 4.03473 -1.31129e-13 -4.99101e-26 1.77717e-12 8.71278 4.03578 4.03578 -1.93852e-10 7.1173e-13 -1.5577e-10
8.58728 4.00159 4.00159 1.54792e-13 5.75954e-26 1.71121e-12 8.58678 4.00118 4.00118 -2.03387e-11 -9.54902e-13 -9.32738e-13
8.74102 4.04256 4.04256 1.35599e-12 3.57061e-25 1.23694e-12 8.74091 4.04246 4.04246 -4.98873e-11 8.6679e-13 -5.11825e-11
8.67481 4.02525 4.02525 1.64903e-12 3.22343e-25 9.08687e-13 8.67519 4.02554 4.02554 -8.75673e-11 9.11545e-13 1.30577e-10
8.67386 4.02576 4.02576 1.83296e-12 2.65815e-25 6.74601e-13 8.67408 4.02454 4.02454 1.02843e-10 -7.03565e-13 8.87977e-11
8.69361 4.03081 4.03081 1.95538e-12 2.28116e-25 5.44545e-13 8.69401 4.02999 4.02999 4.25591e-12 3.10097e-13 -1.26458e-10
8.65599 4.02101 4.02101 2.58918e-12 1.02348e-25 1.83131e-13 8.65593 4.01962 4.01962 -1.05818e-10 9.13072e-13 5.42146e-11
8.734 4.04106 4.04106 2.79009e-12 1.21752e-25 2.05463e-13 8.73411 4.04051 4.04051 -1.41803e-10 1.02905e-13 -3.32913e-10
8.74168 4.04284 4.04284 3.06273e-12 3.72732e-25 5.72659e-13 8.74158 4.04253 4.04253 -9.35814e-11 4.66256e-13 -4.45342e-11
8.57982 3.99931 3.99931 2.80924e-12 7.24921e-25 1.18205e-12 8.57958 3.99941 3.99941 -1.26768e-10 4.24208e-13 -1.38277e-10
8.69484 4.03075 4.03075 2.40865e-12 8.69555e-25 1.68552e-12 8.69525 4.03066 4.03066 -1.33972e-11 -1.10817e-12 -1.24153e-10
8.57506 3.99791 3.99791 2.03845e-12 8.01605e-25 1.80028e-12 8.57494 3.99821 3.99821 -2.05036e-10 -2.13112e-13 1.08729e-11
8.72749 4.03938 4.03938 -5.1514e-13 -1.89089e-25 1.71855e-12 8.72771 4.03891 4.03891 2.94131e-11 6.09068e-13 1.86934e-11
8.74285 4.04301 4.04301 -1.69574e-12 -3.79505e-25 1.05081e-12 8.74269 4.04291 4.04291 1.27087e-10 7.54842e-13 -1.0085e-10
8.54556 3.98991 3.98991 -2.06491e-12 -2.79972e-25 6.17381e-13 8.54561 3.9898 3.9898 3.69268e-11 -1.12104e-13 -1.18232e-11
8.71453 4.03635 4.03635 -2.45679e-12 -1.69518e-25 3.22767e-13 8.71493 4.03538 4.03538 1.4013e-11 4.95902e-13 -2.05758e-10
8.59567 4.0042 4.0042 -2.75381e-12 2.65233e-27 -4.80402e-15 8.59491 4.00315 4.00315 -1.12959e-10 3.30911e-13 -1.44686e-10
8.70635 4.03382 4.03382 -2.87124e-12 3.76074e-25 -6.12119e-13 8.70675 4.03361 4.03361 2.06813e-10 -4.42455e-13 -1.65998e-10
8.67594 4.02606 4.02606 -2.75099e-12 5.38566e-25 -9.10525e-13 8.67623 4.02535 4.02535 -3.82662e-12 -6.70276e-13 1.22688e-10
8.54616 3.99001 3.99001 -2.4744e-12 7.18308e-25 -1.32286e-12 8.54629 3.99007 3.99007 -8.04506e-11 9.81306e-14 7.67074e-11
8.74773 4.04367 4.04367 -2.05079e-12 7.86101e-25 -1.80373e-12 8.74721 4.04454 4.04454 -1.67976e-10 -3.47238e-13 -1.66906e-10
8.5814 3.99998 3.99998 -1.76056e-12 6.94006e-25 -1.80597e-12 8.58088 3.99953 3.99953 7.35194e-11 -1.42225e-13 -7.95869e-12
8.5783 3.99884 3.99884 -1.59033e-12 6.1186e-25 -1.76189e-12 8.57812 3.99906 3.99906 4.30885e-11 6.7322e-13 1.23257e-10
8.59402 4.00373 4.00373 -7.96686e-13 2.3972e-25 -1.38326e-12 8.59325 4.0027 4.0027 -1.35902e-10 -4.46795e-13 -1.36375e-10
8.68056 4.02759 4.02759 -3.44456e-13 6.8867e-26 -9.42344e-13 8.68084 4.0263 4.0263 -1.39946e-10 -6.21681e-13 1.64091e-10
8.56064 3.9942 3.9942 4.39494e-13 -2.90719e-26 -3.01702e-13 8.56025 3.99378 3.99378 -5.02233e-11 3.38179e-13 -2.23228e-10
8.63525 4.01534 4.01534 9.08914e-13 -6.13625e-26 -3.09061e-13 8.63484 4.01391 4.01391 -1.62227e-10 2.1462e-14 -1.15739e-10
8.56742 3.9961 3.9961 1.46187e-12 -1.42169e-25 -4.43649e-13 8.56695 3.99563 3.99563 -1.1148e-10 -1.35475e-13 -3.9805e-11
8.70877 4.03439 4.03439 1.88288e-12 -2.90264e-25 -7.19153e-13 8.70915 4.03429 4.03429 -3.9063e-11 9.46601e-13 5.81199e-11
8.71432 4.03601 4.03601 2.19156e-12 -5.1655e-25 -1.10211e-12 8.71467 4.03555 4.03555 -3.96709e-11 3.39861e-15 1.38701e-10
8.59063 4.00202 4.00202 2.61512e-12 -9.44323e-25 -1.65677e-12 8.59067 4.00279 4.00279 1.68838e-10 -2.41456e-13 3.68877e-11
8.57574 3.99836 3.99836 2.45716e-12 -6.88551e-25 -1.28258e-12 8.57529 3.99801 3.99801 3.255e-11 6.39391e-13 2.71423e-10
8.72491 4.03782 4.03782 2.36316e-12 -4.6763e-25 -9.274e-13 8.72497 4.039 4.039 -1.35142e-10 1.05501e-12 -3.14889e-11
8.57646 3.99842 3.99842 2.05706e-12 -1.94507e-25 -4.32526e-13 8.57618 3.99841 3.99841 1.52857e-10 -2.38403e-13 -9.87738e-11
8.66879 4.02438 4.02438 2.01303e-12 -1.48963e-25 -3.43662e-13 8.66894 4.02319 4.02319 4.02145e-11 -2.48138e-13 1.21788e-10
8.71745 4.037 4.037 -2.5524e-17 -1.76572e-33 1.16409e-16 8.71781 4.0362 4.0362 7.80555e-11 2.43872e-14 -2.16183e-12
8.56215 3.99446 3.99446 -7.75685e-15 4.05033e-30 -2.37767e-15 8.56198 3.99445 3.99445 -6.21344e-11 1.59288e-13 1.44187e-10
8.72874 4.03983 4.03983 -3.24963e-14 1.7823e-29 -2.59432e-15 8.72898 4.03912 4.03912 4.72842e-11 6.9052e-13 -1.46564e-11
8.59408 4.00374 4.00374 -1.31377e-12 1.25152e-25 -4.37283e-13 8.59332 4.00272 4.00272 -5.98489e-11 3.84745e-13 -3.21974e-11
8.74301 4.04323 4.04323 -1.59947e-12 2.61915e-25 -7.69593e-13 8.74292 4.04283 4.04283 -2.16996e-11 -4.75392e-13 3.81946e-11
8.73964 4.04243 4.04243 -1.76681e-12 5.59307e-25 -1.48698e-12 8.73964 4.04196 4.04196 -1.10665e-10 3.43088e-14 -1.82274e-10
8.74339 4.04311 4.04311 -1.65708e-12 6.08457e-25 -1.72587e-12 8.74321 4.04308 4.04308 -1.29469e-10 -2.05807e-13 7.35128e-11
8.74446 4.04284 4.04284 -1.24821e-12 4.82899e-25 -1.81901e-12 8.74404 4.04376 4.04376 -1.79764e-10 -2.0471e-13 1.8257e-10
8.58078 3.99971 3.99971 -8.63126e-13 3.21932e-25 -1.70869e-12 8.58037 3.99948 3.99948 -2.01497e-10 3.86684e-13 1.06567e-11
8.62365 4.0121 4.0121 -6.12186e-13 2.14198e-25 -1.61353e-12 8.62308 4.01075 4.01075 5.70621e-11 5.82558e-13 2.85547e-11
8.57816 3.99878 3.99878 -4.69425e-13 1.52455e-25 -1.48767e-12 8.57801 3.99906 3.99906 -7.58095e-11 1.19764e-13 -2.31088e-10
8.70369 4.03218 4.03218 -3.27643e-13 8.51285e-26 -1.21492e-12 8.70403 4.03374 4.03374 3.57966e-11 4.8335e-13 3.08002e-10
8.61046 4.00796 4.00796 -3.54064e-13 4.51063e-26 -5.87301e-13 8.61013 4.0077 4.0077 -1.2667e-10 -3.89508e-13 -4.91918e-11
8.71615 4.03549 4.03549 -4.34905e-13 4.16854e-26 -4.49705e-13 8.71633 4.03686 4.03686 -1.95205e-10 -1.3668e-12 8.29873e-11
8.58669 4.00108 4.00108 -5.76829e-13 3.44981e-26 -2.74943e-13 8.58659 4.00151 4.00151 -3.3833e-11 -5.56156e-13 -2.80964e-10
8.68112 4.02739 4.02739 -7.11963e-13 2.96603e-26 -1.94541e-13 8.68146 4.02678 4.02678 9.80478e-11 1.10991e-12 -5.44374e-11
8.59274 4.00321 4.00321 -9.05522e-13 2.19477e-26 -1.11168e-13 8.59215 4.00256 4.00256 -4.18083e-11 -1.34025e-13 -8.85727e-11
8.62896 4.01318 4.01318 -1.32052e-12 4.48048e-28 -1.57365e-15 8.62873 4.01266 4.01266 2.01575e-11 1.69341e-13 1.68012e-10
8.56004 3.99401 3.99401 -1.57318e-12 -1.07331e-25 3.11395e-13 8.55971 3.99365 3.99365 6.81538e-11 -2.37473e-14 -1.86117e-11
8.54325 3.98925 3.98925 -1.2542e-12 -2.76264e-25 1.00307e-12 8.54337 3.9892 3.9892 2.46828e-10 -5.26485e-13 -3.61455e-11
8.72221 4.03791 4.03791 -2.66732e-13 -1.03019e-25 1.80599e-12 8.72247 4.03767 4.03767 -3.4503e-11 -2.07801e-13 1.9308e-10
8.61844 4.00979 4.00979 6.57859e-14 2.5266e-26 1.77419e-12 8.61845 4.01035 4.01035 -9.11221e-12 4.04122e-13 2.01486e-11
8.5744 3.99718 3.99718 2.45387e-13 8.42642e-26 1.57248e-12 8.57496 3.99881 3.99881 -2.41602e-10 -2.23404e-13 -8.60851e-11
8.74197 4.04227 4.04227 1.26855e-12 1.73444e-25 6.43046e-13 8.74165 4.04311 4.04311 1.73309e-10 -6.93348e-13 -3.15059e-10
8.74267 4.04306 4.04306 1.77009e-12 1.76799e-25 4.69541e-13 8.74254 4.0428 4.0428 -8.50992e-11 -4.48866e-13 4.27892e-13
8.60936 4.00806 4.00806 1.37265e-12 3.33268e-25 1.11745e-12 8.60867 4.00688 4.00688 1.34296e-11 1.28053e-13 -1.16469e-10
8.68975 4.03005 4.03005 3.13297e-13 9.47519e-26 1.40554e-12 8.69011 4.02874 4.02874 -1.56174e-10 3.2662e-13 4.34626e-11
8.71542 4.03618 4.03618 2.79858e-13 5.55652e-26 9.25042e-13 8.71575 4.03594 4.03594 1.40278e-10 -6.28653e-14 2.33325e-12
8.72313 4.03794 4.03794 3.38738e-13 5.77508e-26 7.95478e-13 8.72334 4.03808 4.03808 -1.11698e-10 7.19767e-13 -3.29401e-11
8.60252 4.00541 4.00541 5.08064e-13 6.69616e-26 6.05147e-13 8.60246 4.00594 4.00594 -1.16308e-10 -3.76743e-14 -8.4352e-11
8.68636 4.02783 4.02783 6.6374e-13 8.04947e-26 5.63043e-13 8.68681 4.02906 4.02906 2.80035e-11 -9.62202e-13 -2.22154e-10
8.63899 4.01618 4.01618 8.51338e-13 1.01242e-25 5.48899e-13 8.63875 4.01515 4.01515 4.35402e-11 9.67572e-13 -1.38282e-10
8.74056 4.04148 4.04148 1.39156e-12 2.2001e-25 7.41476e-13 8.74012 4.04311 4.04311 -6.41374e-11 -5.72692e-13 -1.47392e-10
8.68851 4.02972 4.02972 1.54121e-12 3.86117e-25 1.16603e-12 8.68887 4.02841 4.02841 -9.33504e-11 2.4937e-13 9.34329e-13
8.5433 3.98904 3.98904 1.47675e-12 4.16596e-25 1.28472e-12 8.54379 3.98957 3.98957 1.44937e-10 -4.09798e-13 1.42942e-11
8.55314 3.99207 3.99207 1.36101e-12 4.29374e-25 1.43894e-12 8.55294 3.99179 3.99179 1.37977e-11 2.52458e-14 1.75484e-10
8.74066 4.04266 4.04266 9.5613e-13 3.16362e-25 1.55342e-12 8.74062 4.04223 4.04223 1.31166e-10 -3.13821e-14 1.62891e-10
8.73166 4.04036 4.04036 6.08213e-13 1.29604e-25 9.97789e-13 8.73179 4.04001 4.04001 1.5912e-10 1.09907e-12 1.29115e-10
8.54723 3.99039 3.99039 6.5685e-13 9.89753e-26 6.86392e-13 8.54722 3.99025 3.99025 1.67093e-10 2.18827e-13 4.5847e-12
8.74408 4.04313 4.04313 1.17455e-12 1.04698e-25 4.18664e-13 8.74382 4.04336 4.04336 5.73159e-11 -6.71037e-13 -1.21103e-10
8.63385 4.01376 4.01376 1.29959e-12 1.57578e-25 5.60183e-13 8.63412 4.01487 4.01487 -1.26472e-10 -1.96023e-13 1.573e-10
8.56599 3.99516 3.99516 9.75518e-13 2.59899e-25 1.21783e-12 8.56627 3.99605 3.99605 -5.00043e-11 1.6911e-13 1.06283e-10
8.54927 3.99077 3.99077 8.30139e-13 2.51442e-25 1.38078e-12 8.54948 3.99108 3.99108 8.76042e-11 3.26906e-13 -1.69814e-10
8.66506 4.02345 4.02345 7.21616e-13 2.3178e-25 1.49093e-12 8.66513 4.0221 4.0221 1.13803e-10 -3.25573e-13 6.02293e-11
8.65918 4.02181 4.02181 9.3105e-13 2.30418e-25 1.14787e-12 8.65918 4.02055 4.02055 6.62825e-11 7.95311e-13 2.45386e-10
8.54263 3.98907 3.98907 1.22303e-12 2.00342e-25 7.46241e-13 8.54278 3.98904 3.98904 7.78939e-11 5.67716e-15 4.30785e-11
8.58865 4.0022 4.0022 1.29586e-12 1.58376e-25 5.60962e-13 8.58791 4.00126 4.00126 2.323e-11 -3.51633e-13 -1.65577e-12
8.56473 3.99472 3.99472 7.24244e-13 2.01148e-25 1.27006e-12 8.56516 3.99585 3.99585 -3.27947e-11 -1.21909e-12 3.36155e-10
8.6862 4.02826 4.02826 9.89477e-13 3.44184e-25 1.62061e-12 8.68661 4.02858 4.02858 -2.00414e-11 -8.82811e-13 1.61606e-10
8.74605 4.04386 4.04386 1.16403e-12 3.07771e-25 1.24505e-12 8.74581 4.04366 4.04366 -1.06401e-10 -1.07512e-12 -5.91011e-12
8.66584 4.02344 4.02344 1.14901e-12 2.65075e-25 1.0717e-12 8.66599 4.02254 4.02254 2.11627e-11 8.59042e-13 7.04912e-11
8.62342 4.01116 4.01116 1.10449e-12 1.8999e-25 7.93742e-13 8.62347 4.01172 4.01172 -6.69082e-11 -1.0421e-13 1.58825e-11
8.74181 4.04251 4.04251 9.64058e-13 7.56954e-26 3.72887e-13 8.74159 4.04285 4.04285 -1.46147e-10 -3.17121e-13 -1.86904e-10
8.6137 4.00917 4.00917 8.8129e-13 5.44566e-26 2.85575e-13 8.61313 4.0082 4.0082 -7.18268e-11 -7.78388e-14 -2.03192e-10
8.72062 4.03785 4.03785 1.09151e-12 3.87675e-25 1.66518e-12 8.72096 4.03699 4.03699 9.10231e-11 8.95488e-14 7.28275e-11
8.71756 4.03706 4.03706 9.7127e-13 3.79403e-25 1.83116e-12 8.71793 4.03621 4.03621 -3.40469e-10 -6.49025e-13 1.29614e-10
8.7165 4.03592 4.03592 8.50318e-13 3.71991e-25 2.04878e-12 8.71674 4.03666 4.03666 -1.09233e-10 4.86302e-13 -1.70132e-11
8.57433 3.99811 3.99811 8.50309e-13 4.80452e-25 2.58577e-12 8.57371 3.99742 3.99742 -1.27856e-11 -2.71804e-13 6.49976e-11
8.65292 4.01929 4.01929 1.04859e-12 6.3947e-25 2.82563e-12 8.65317 4.01971 4.01971 1.22117e-10 -5.43754e-14 -2.0118e-10
8.72081 4.03791 4.03791 8.02829e-13 3.70265e-25 2.15905e-12 8.72117 4.03704 4.03704 -3.63105e-11 -1.12772e-13 -6.15047e-11
8.68258 4.02814 4.02814 7.78183e-13 3.25473e-25 1.94608e-12 8.68288 4.02683 4.02683 3.03804e-11 2.90542e-13 -3.69498e-11
8.54322 3.98924 3.98924 9.95619e-13 2.29891e-25 1.05212e-12 8.54336 3.98919 3.98919 1.52375e-11 7.21253e-13 7.95824e-11
8.55172 3.99166 3.99166 1.15617e-12 1.26279e-25 4.98437e-13 8.55157 3.99142 3.99142 1.05034e-10 -4.7708e-13 -1.31184e-11
8.58253 3.99989 3.99989 1.04417e-12 -3.96199e-26 -1.73997e-13 8.58248 4.0004 4.0004 1.74159e-11 -9.77808e-13 6.65815e-11
8.59027 4.00191 4.00191 8.99438e-13 -9.36177e-26 -4.77784e-13 8.59032 4.00271 4.00271 2.05845e-10 1.25684e-13 1.41852e-10
8.66048 4.02111 4.02111 8.15454e-13 -1.29055e-25 -7.33043e-13 8.66085 4.02198 4.02198 -1.30932e-10 -1.38201e-12 1.20981e-10
8.62085 4.01121 4.01121 7.09306e-13 -1.99843e-25 -1.29744e-12 8.62032 4.01011 4.01011 -5.06195e-11 -1.4982e-13 -2.67121e-10
8.55809 3.99302 3.99302 1.13529e-12 -5.73501e-25 -2.30534e-12 8.55842 3.9938 3.9938 9.41274e-11 -1.31211e-12 1.54105e-10
8.68375 4.02761 4.02761 1.23233e-12 -6.98006e-25 -2.63695e-12 8.68416 4.02794 4.02794 1.26221e-11 -2.98368e-13 -3.64573e-11
8.73864 4.04206 4.04206 1.13607e-12 -7.19238e-25 -2.97186e-12 8.73862 4.04179 4.04179 -1.56262e-10 2.4597e-14 -8.12797e-11
8.54956 3.99104 3.99104 9.982e-13 -6.45374e-25 -2.94742e-12 8.54948 3.99086 3.99086 8.27151e-11 8.25522e-13 1.61509e-11
8.59292 4.00342 4.00342 6.82791e-13 -3.93148e-25 -2.64163e-12 8.59216 4.00241 4.00241 1.32368e-10 3.44114e-13 8.82016e-11
8.56478 3.99539 3.99539 1.06372e-12 -4.22214e-25 -1.81323e-12 8.56431 3.99487 3.99487 1.1544e-10 -7.65342e-13 -1.25868e-10
8.69355 4.03073 4.03073 1.29323e-12 -3.47435e-25 -1.25178e-12 8.69394 4.03003 4.03003 -1.42487e-11 -1.51739e-12 1.14143e-10
8.74489 4.04328 4.04328 1.22783e-12 -1.17622e-25 -4.49444e-13 8.74458 4.0436 4.0436 -1.13439e-10 5.25966e-13 9.7401e-11
8.55024 3.99047 3.99047 1.01875e-12 -2.23169e-26 -9.97508e-14 8.55132 3.99226 3.99226 -1.49213e-10 -8.22635e-14 -5.21763e-11
8.69781 4.03098 4.03098 8.84198e-13 2.11846e-26 1.12566e-13 8.69821 4.03193 4.03193 -1.56342e-10 -2.50114e-13 -2.40091e-10
8.65484 4.02072 4.02072 6.34175e-13 1.84692e-25 1.34978e-12 8.65474 4.01928 4.01928 3.22219e-10 7.72061e-13 -1.05059e-10
8.67155 4.02485 4.02485 7.34583e-13 2.72695e-25 1.72521e-12 8.67181 4.02421 4.02421 1.39404e-10 -5.58851e-13 4.58866e-11
8.63959 4.01589 4.01589 8.3004e-13 3.47053e-25 1.93337e-12 8.6396 4.01582 4.01582 -5.17307e-11 -5.22187e-14 -6.5646e-12
8.54818 3.99065 3.99065 -5.22087e-14 1.74955e-27 -1.52705e-13 8.54815 3.9905 3.9905 6.3947e-11 8.89528e-13 -1.08095e-10
8.56063 3.99403 3.99403 -1.15325e-13 9.09911e-27 -3.6032e-13 8.56049 3.99403 3.99403 -1.72153e-10 -3.22592e-13 -1.01641e-11
8.55064 3.99135 3.99135 -1.5635e-13 1.59593e-26 -4.65593e-13 8.55053 3.99114 3.99114 -7.6038e-11 -1.64493e-13 -1.30641e-10
8.64288 4.01661 4.01661 -5.65149e-13 1.34099e-25 -1.09774e-12 8.64301 4.01691 4.01691 5.42501e-11 6.06058e-13 2.0082e-10
8.59483 4.0037 4.0037 -1.42791e-12 5.16335e-25 -1.66011e-12 8.59434 4.00326 4.00326 -1.24724e-10 5.26129e-13 5.05995e-11
8.7356 4.04147 4.04147 -1.77041e-12 6.96152e-25 -1.8458e-12 8.7357 4.04091 4.04091 -1.56092e-10 3.21309e-13 -1.31311e-10
8.60859 4.00786 4.00786 -1.85333e-12 7.46855e-25 -1.85396e-12 8.60787 4.00665 4.00665 -2.30692e-10 -2.07915e-13 1.15443e-10
8.69536 4.03101 4.03101 -2.28804e-12 9.17961e-25 -1.87133e-12 8.69577 4.03069 4.03069 2.82803e-11 -7.46082e-13 2.02617e-10
8.60243 4.0059 4.0059 -2.84879e-12 7.4546e-25 -1.20279e-12 8.60189 4.00525 4.00525 -1.52916e-10 -3.08539e-13 -1.12025e-10
8.69668 4.03183 4.03183 -2.93189e-12 5.70451e-25 -9.07627e-13 8.69709 4.03061 4.03061 1.39227e-10 1.42073e-12 -2.11168e-10
8.68129 4.02777 4.02777 -2.87254e-12 3.71887e-25 -6.02454e-13 8.68158 4.02651 4.02651 -2.54591e-10 -3.02022e-13 2.30925e-11
8.56503 3.9949 3.9949 -2.51349e-12 1.49357e-25 -2.71463e-13 8.56532 3.99578 3.99578 -2.47246e-10 -1.37055e-13 -2.20831e-10
8.5756 3.99846 3.99846 -1.81133e-12 4.5937e-26 -1.16023e-13 8.57497 3.99777 3.99777 -2.25006e-10 2.0725e-13 7.23548e-11
8.68461 4.02821 4.02821 -1.46778e-12 5.04695e-26 -1.60226e-13 8.68499 4.02781 4.02781 4.90739e-12 -2.96837e-13 -6.57909e-11
8.68537 4.02862 4.02862 7.08665e-13 -1.89385e-25 -1.24453e-12 8.68573 4.02782 4.02782 6.04424e-11 6.54777e-14 -7.22806e-11
8.64117 4.01697 4.01697 1.58021e-12 -5.19771e-25 -1.52112e-12 8.64085 4.01554 4.01554 -1.25002e-10 7.51424e-13 2.46067e-10
8.67021 4.02483 4.02483 1.93183e-12 -6.41223e-25 -1.54189e-12 8.67036 4.0235 4.0235 -9.54438e-11 9.33301e-13 8.01036e-11
8.67869 4.02591 4.02591 3.09762e-12 -6.28925e-25 -9.44448e-13 8.67915 4.02693 4.02693 8.33317e-11 4.72692e-13 2.60871e-10
8.62143 4.01144 4.01144 3.00232e-12 -4.40626e-25 -6.76431e-13 8.62086 4.01018 4.01018 -1.04115e-10 3.2087e-13 3.6238e-11
8.74244 4.04295 4.04295 2.38909e-12 -5.83686e-25 -1.1479e-12 8.7423 4.04278 4.04278 7.00112e-11 9.89141e-14 1.57815e-10
8.68533 4.02882 4.02882 2.17122e-12 -5.89997e-25 -1.26484e-12 8.68566 4.02761 4.02761 3.59478e-12 4.35761e-15 -6.04665e-11
8.66361 4.02189 4.02189 9.9865e-13 -3.08306e-25 -1.43181e-12 8.66401 4.02288 4.02288 4.01238e-11 -1.71916e-13 3.51119e-12
8.63178 4.0138 4.0138 -1.62197e-12 1.07627e-25 -3.06431e-13 8.63168 4.01363 4.01363 1.32173e-10 -5.80885e-13 -1.98036e-11
8.56406 3.9949 3.9949 -1.90925e-12 1.1524e-25 -2.76084e-13 8.56401 3.99512 3.99512 -9.02452e-12 4.66988e-13 -1.06381e-11
8.64351 4.01688 4.01688 -2.71253e-12 2.64743e-25 -4.51564e-13 8.64361 4.01699 4.01699 -5.29368e-11 5.38545e-13 -7.3089e-11
8.6526 4.01925 4.01925 -2.60107e-12 9.64401e-25 -1.71793e-12 8.65282 4.01957 4.01957 -1.38055e-10 -5.92467e-13 -6.28855e-12
8.57866 3.99926 3.99926 -2.11966e-12 7.55608e-25 -1.63264e-12 8.57809 3.9987 3.9987 -6.65003e-11 3.67514e-13 9.34267e-11
8.55375 3.99217 3.99217 -1.68651e-12 5.25355e-25 -1.4211e-12 8.55365 3.99207 3.99207 1.71756e-10 8.86051e-13 -4.41352e-11
8.74337 4.04331 4.04331 -1.44916e-12 3.94709e-25 -1.28042e-12 8.74326 4.04292 4.04292 1.81188e-10 -3.06472e-13 6.52417e-11
8.57773 3.99907 3.99907 -1.09594e-12 2.51188e-25 -1.04953e-12 8.57709 3.99835 3.99835 6.31243e-11 8.7293e-13 2.84585e-11
8.7242 4.03843 4.03843 -7.41895e-13 1.32524e-25 -8.37907e-13 8.72444 4.03817 4.03817 -1.50966e-10 -2.31218e-13 -2.32147e-11
8.73636 4.04121 4.04121 -5.06079e-13 7.43771e-26 -6.91853e-13 8.7363 4.04145 4.04145 2.76503e-10 -2.6787e-13 -1.23108e-11
8.7434 4.04329 4.04329 -2.97756e-13 3.51697e-26 -5.57866e-13 8.74327 4.04294 4.04294 -4.72422e-11 4.37533e-13 -5.3047e-11
8.61007 4.00761 4.00761 -6.10386e-14 5.26889e-27 -3.97285e-13 8.60994 4.00789 4.00789 2.13923e-10 1.30692e-12 1.61374e-10
8.68637 4.02893 4.02893 4.19107e-13 -1.82408e-26 -2.01537e-13 8.68672 4.02804 4.02804 9.54373e-14 1.46225e-13 1.87577e-10
8.70634 4.03354 4.03354 9.87179e-13 -2.72151e-26 -1.2741e-13 8.70671 4.03385 4.03385 2.76578e-10 -5.13826e-13 4.57347e-11
8.65483 4.01971 4.01971 2.69357e-12 -4.37495e-25 -7.52528e-13 8.65512 4.02032 4.02032 2.00166e-10 1.51824e-12 2.14995e-10
8.69849 4.03216 4.03216 3.20174e-12 -9.83612e-25 -1.43329e-12 8.6989 4.03121 4.03121 -2.13371e-10 -4.78169e-13 6.54286e-12
8.56258 3.99468 3.99468 3.2033e-12 -1.12865e-24 -1.60948e-12 8.56226 3.9944 3.9944 -4.57344e-12 1.11914e-13 -5.58335e-11
8.62224 4.01168 4.01168 3.2264e-12 -1.21151e-24 -1.73116e-12 8.62167 4.01039 4.01039 -4.89528e-11 4.41414e-13 -1.18377e-11
8.54519 3.98968 3.98968 3.09756e-12 -1.25306e-24 -1.84289e-12 8.54545 3.98991 3.98991 1.46866e-10 -1.79101e-13 1.03365e-10
8.57 3.99684 3.99684 2.6829e-12 -1.22176e-24 -2.08248e-12 8.56949 3.99632 3.99632 6.35177e-11 4.58936e-13 8.19443e-11
8.71514 4.03642 4.03642 2.0269e-12 -1.0577e-24 -2.44116e-12 8.71553 4.0356 4.0356 7.11214e-11 -6.28927e-13 -8.70444e-11
8.58813 4.00205 4.00205 7.69421e-13 -4.43048e-25 -2.64039e-12 8.58739 4.00112 4.00112 -3.65319e-13 -2.51954e-13 -3.70153e-11
8.74388 4.04342 4.04342 2.43885e-13 -1.35806e-25 -2.61601e-12 8.74374 4.04306 4.04306 6.17474e-11 -4.22389e-13 7.00586e-11
8.64007 4.01668 4.01668 4.21995e-14 -2.27264e-26 -2.47768e-12 8.63972 4.01523 4.01523 6.71765e-12 1.65345e-13 2.41893e-11
8.65878 4.02177 4.02177 -6.48343e-13 2.89632e-25 -2.07225e-12 8.65875 4.02037 4.02037 1.63377e-10 5.00409e-13 -1.98593e-10
8.6891 4.02977 4.02977 -1.51857e-12 5.10697e-25 -1.56728e-12 8.68946 4.02865 4.02865 2.07135e-10 -7.92221e-15 -5.0473e-11
8.6733 4.02478 4.02478 -1.81299e-12 5.04937e-25 -1.2948e-12 8.67368 4.0252 4.0252 -8.30361e-11 -1.42415e-13 5.47022e-11
8.60343 4.0064 4.0064 -2.72036e-12 1.75041e-25 -2.9584e-13 8.6027 4.00525 4.00525 1.73795e-10 1.86257e-13 1.56028e-10
8.5479 3.99053 3.99053 -3.16173e-12 -1.94226e-25 2.79959e-13 8.54794 3.99049 3.99049 1.9546e-10 -3.74381e-13 1.87809e-10
8.58265 4.00021 4.00021 -3.2295e-12 -6.48266e-25 9.1983e-13 8.58226 4.00004 4.00004 -5.05683e-11 -4.02858e-13 1.72594e-10
8.62447 4.01159 4.01159 -2.95565e-12 -1.13252e-24 1.76741e-12 8.62443 4.01184 4.01184 1.83945e-10 3.29665e-13 1.61667e-10
8.71016 4.0352 4.0352 -2.69358e-12 -1.27521e-24 2.21299e-12 8.71057 4.03425 4.03425 -4.37307e-11 -2.63033e-13 1.02481e-10
8.68139 4.02786 4.02786 -2.4113e-12 -1.29575e-24 2.50035e-12 8.68167 4.02648 4.02648 1.45343e-10 -2.96043e-13 -2.47528e-11
8.74164 4.04248 4.04248 2.07936e-13 1.17068e-25 2.65178e-12 8.74143 4.0428 4.0428 -1.46527e-10 3.7885e-13 2.38759e-10
8.55433 3.99241 3.99241 6.24783e-13 2.84936e-25 2.08051e-12 8.5541 3.99211 3.99211 -9.75624e-11 -7.5956e-13 5.92425e-11
8.74555 4.04324 4.04324 1.40525e-12 4.09415e-25 1.37061e-12 8.74514 4.04392 4.04392 6.7665e-11 4.30697e-13 -4.80806e-11
8.69015 4.03 4.03 1.6969e-12 3.26552e-25 8.96829e-13 8.69053 4.02899 4.02899 6.66045e-11 5.12801e-13 4.18012e-11
8.54733 3.98985 3.98985 2.01488e-12 1.10595e-25 2.50131e-13 8.5482 3.99118 3.99118 1.68645e-10 2.86162e-13 8.81293e-11
8.58919 4.00171 4.00171 2.38417e-12 -1.75539e-25 -3.37538e-13 8.58915 4.00228 4.00228 4.60128e-12 -3.68205e-13 -1.26513e-10
8.54733 3.99037 3.99037 2.59848e-12 -4.91353e-25 -8.6164e-13 8.54738 3.99033 3.99033 7.20512e-11 -3.13244e-13 -2.06536e-10
8.70215 4.03324 4.03324 2.83553e-12 -1.07223e-24 -1.76552e-12 8.70258 4.03207 4.03207 -9.46563e-11 1.1124e-12 2.71662e-10
8.64013 4.01666 4.01666 2.83128e-12 -1.26467e-24 -2.06511e-12 8.63981 4.01527 4.01527 1.20342e-10 -6.78479e-13 -6.01378e-11
8.65389 4.02047 4.02047 1.30348e-12 -9.47842e-25 -3.36934e-12 8.65377 4.01901 4.01901 5.66605e-11 9.28206e-13 4.3203e-11
8.70614 4.03421 4.03421 6.17594e-13 -3.58498e-25 -2.71397e-12 8.70656 4.03316 4.03316 -2.20087e-11 -1.14542e-13 8.64822e-11
8.62747 4.01241 4.01241 3.14261e-14 -1.10664e-26 -1.63577e-12 8.62746 4.01267 4.01267 2.32596e-10 -1.42314e-12 1.63162e-10
8.57782 3.99862 3.99862 -4.08576e-13 6.02373e-26 -6.7416e-13 8.57774 3.99905 3.99905 2.58811e-11 -1.93397e-13 -1.738e-10
8.66361 4.02302 4.02302 -1.45998e-12 -2.54059e-25 8.08131e-13 8.66368 4.02174 4.02174 3.71156e-10 2.33826e-13 -4.3694e-11
8.64967 4.01931 4.01931 -1.93943e-12 -7.57481e-25 1.80864e-12 8.64949 4.01786 4.01786 -4.80977e-11 3.3093e-13 -7.79125e-11
8.67493 4.02538 4.02538 -2.75763e-12 -2.03696e-24 3.43446e-12 8.67529 4.02547 4.02547 2.85222e-10 -1.05367e-12 4.20108e-11
8.63604 4.01502 4.01502 -2.91377e-12 -2.34366e-24 3.71715e-12 8.63596 4.01473 4.01473 4.30576e-11 -5.43307e-13 -2.13043e-10
8.66029 4.02222 4.02222 -3.11082e-12 -2.72112e-24 4.05728e-12 8.66028 4.02075 4.02075 3.14195e-11 7.48073e-13 1.30247e-10
8.54515 3.98957 3.98957 -2.91222e-12 -2.37713e-24 3.71853e-12 8.54557 3.99006 3.99006 -1.0378e-10 -1.11172e-14 1.14273e-10
8.74212 4.04248 4.04248 -2.73684e-12 -1.92787e-24 3.31063e-12 8.74185 4.04301 4.04301 -2.50736e-10 5.45551e-14 3.08515e-11
8.60039 4.00541 4.00541 -1.14873e-12 -2.50698e-26 9.98767e-14 8.59975 4.00458 4.00458 -1.7919e-10 -4.16502e-13 -2.18819e-10
8.72513 4.0387 4.0387 -9.28226e-13 3.42982e-26 -1.74803e-13 8.72537 4.03837 4.03837 -2.65104e-10 2.24884e-13 1.07899e-10
8.64878 4.01778 4.01778 -9.83385e-14 3.52261e-26 -1.66601e-12 8.64914 4.01898 4.01898 -1.9071e-10 -3.38489e-13 -4.68772e-11
8.55325 3.9921 3.9921 7.26125e-13 -5.09818e-25 -3.20158e-12 8.55305 3.99182 3.99182 -7.60985e-11 3.34232e-13 1.94565e-10
8.67091 4.0249 4.0249 9.77397e-13 -7.26736e-25 -3.45414e-12 8.67109 4.0238 4.0238 -1.39621e-10 5.29847e-13 -1.91414e-12
8.71311 4.03443 4.03443 -2.63904e-15 1.14573e-31 1.00484e-15 8.7133 4.03632 4.03632 -1.23444e-10 -4.07142e-13 1.49426e-10
8.74675 4.04335 4.04335 -4.61571e-14 9.56709e-29 -9.45753e-15 8.74624 4.04436 4.04436 -1.10913e-10 -8.53783e-13 -1.95186e-10
8.71313 4.03578 4.03578 -3.13576e-13 -9.8803e-28 1.47434e-14 8.71352 4.03519 4.03519 -9.79701e-11 2.29272e-13 -1.26249e-10
8.606 4.00709 4.00709 -6.68836e-13 -6.02741e-27 4.14553e-14 8.6053 4.00599 4.00599 2.20437e-10 6.03213e-14 -1.12452e-11
8.58535 4.00114 4.00114 -1.22068e-12 -2.91838e-26 1.09661e-13 8.58477 4.00054 4.00054 8.18337e-11 -2.34555e-13 9.70065e-12
8.55553 3.99261 3.99261 -1.4539e-12 -5.69616e-26 1.7882e-13 8.55548 3.99264 3.99264 2.18776e-11 5.01373e-13 2.00246e-11
8.59491 4.00357 4.00357 -1.60135e-12 -8.30428e-26 2.38128e-13 8.59458 4.00349 4.00349 1.46389e-10 -8.33085e-13 8.87507e-12
8.60776 4.0068 4.0068 -2.0541e-12 -6.30598e-25 1.41242e-12 8.60777 4.00746 4.00746 1.92006e-11 5.76316e-13 -7.65555e-11
8.70415 4.03225 4.03225 -2.13801e-12 -7.17526e-25 1.5679e-12 8.70449 4.03391 4.03391 -1.79679e-10 2.87645e-13 1.90523e-10
8.71584 4.03598 4.03598 -2.57257e-12 -1.45817e-24 2.65257e-12 8.71612 4.0363 4.0363 -1.40926e-10 3.3177e-13 3.1746e-11
8.70267 4.03211 4.03211 -2.5048e-12 -1.43748e-24 2.68022e-12 8.70304 4.03331 4.03331 9.67401e-11 8.86247e-14 1.12161e-12
8.57568 3.9984 3.9984 -2.39723e-12 -1.37777e-24 2.63069e-12 8.57516 3.99791 3.99791 1.47099e-10 3.22764e-13 9.23711e-11
8.55726 3.99324 3.99324 -2.10883e-12 -9.71894e-25 2.10342e-12 8.55697 3.99289 3.99289 -9.50782e-11 1.32867e-13 -6.27629e-11
8.70092 4.03199 4.03199 -2.02466e-12 -7.70331e-25 1.77648e-12 8.70131 4.03257 4.03257 5.59638e-11 -3.62829e-13 4.23337e-10
8.70477 4.0334 4.0334 -1.94558e-12 -5.61132e-25 1.34708e-12 8.70516 4.0332 4.0332 1.12068e-10 -5.04217e-13 -8.976e-11
8.74341 4.04257 4.04257 -1.86101e-12 -2.8927e-25 7.30383e-13 8.74303 4.04351 4.04351 2.353e-10 -5.41103e-14 8.00557e-11
8.74038 4.04235 4.04235 -1.1974e-12 -7.64237e-26 2.99855e-13 8.74026 4.04234 4.04234 -2.85544e-11 2.6798e-13 -1.03453e-10
8.63935 4.01647 4.01647 -5.48722e-13 -5.73391e-26 4.82945e-13 8.639 4.01504 4.01504 -4.01842e-11 -4.52664e-14 2.32363e-10
8.74628 4.04372 4.04372 -2.81894e-13 -4.12477e-26 6.87955e-13 8.74597 4.04387 4.04387 7.52614e-11 -5.14299e-13 -6.78434e-12
8.55632 3.99254 3.99254 -7.80045e-14 -1.46704e-26 8.57238e-13 8.55668 3.99331 3.99331 1.65034e-10 -5.47563e-13 6.37084e-11
8.72641 4.03792 4.03792 1.14585e-13 2.70928e-26 1.10715e-12 8.72636 4.0396 4.0396 -7.47797e-11 1.19489e-12 -1.79777e-12
8.72292 4.03838 4.03838 5.7612e-13 1.90125e-25 1.54598e-12 8.72323 4.03761 4.03761 1.51459e-10 -4.61286e-13 -8.97287e-11
8.64316 4.01751 4.01751 1.65009e-12 6.86901e-25 1.92557e-12 8.64288 4.0161 4.0161 5.87833e-11 -3.01942e-13 -6.97816e-11
8.68729 4.02908 4.02908 2.34571e-12 9.99662e-25 1.98516e-12 8.68765 4.02837 4.02837 -9.26954e-11 -3.8002e-13 -7.18596e-11
8.54704 3.98987 3.98987 2.81491e-12 1.17208e-24 1.89753e-12 8.54776 3.99093 3.99093 1.33827e-10 -5.24771e-13 -8.09128e-11
8.57735 3.99879 3.99879 3.10694e-12 1.26739e-24 1.86771e-12 8.57693 3.99849 3.99849 -8.48977e-11 3.55048e-13 -6.97013e-11
8.56265 3.99475 3.99475 2.25619e-12 4.28176e-25 8.66885e-13 8.56226 3.99435 3.99435 -8.38301e-11 1.00831e-12 -7.52748e-11
8.56556 3.99561 3.99561 1.44741e-12 1.17828e-25 3.71989e-13 8.56508 3.99509 3.99509 -1.1783e-10 -8.12787e-13 7.60714e-11
8.55737 3.99326 3.99326 7.55896e-13 4.92648e-26 2.9746e-13 8.55709 3.99293 3.99293 -1.51298e-11 -7.58519e-13 1.0894e-10
8.71912 4.03589 4.03589 -1.01899e-12 -2.41857e-25 1.11153e-12 8.71918 4.03791 4.03791 -1.32412e-10 -6.38892e-13 -1.34789e-10
8.55573 3.99249 3.99249 -1.816e-12 -5.99528e-25 1.50649e-12 8.55594 3.99297 3.99297 2.20626e-10 -1.05554e-12 1.68101e-10
8.57038 3.99698 3.99698 -2.40052e-12 -8.593e-25 1.63711e-12 8.56982 3.99637 3.99637 -1.86108e-11 -7.95052e-13 1.26043e-10
8.73801 4.04203 4.04203 -2.69656e-12 -9.62617e-25 1.67638e-12 8.73804 4.04154 4.04154 -9.40961e-11 1.22725e-13 -2.0373e-12
8.62086 4.01113 4.01113 -2.84162e-12 -9.90007e-25 1.60602e-12 8.62041 4.01022 4.01022 -7.27549e-11 1.14719e-13 2.26144e-10
8.59972 4.0049 4.0049 -3.00531e-12 -9.97698e-25 1.52538e-12 8.59941 4.00483 4.00483 -1.11264e-10 -5.94208e-13 -8.70009e-11
8.5472 3.99015 3.99015 -3.1469e-12 -9.51537e-25 1.37792e-12 8.54756 3.9906 3.9906 1.9169e-10 5.62133e-13 2.01789e-10
8.60733 4.00638 4.00638 -3.26712e-12 -8.5905e-25 1.20975e-12 8.6076 4.00772 4.00772 -1.50731e-10 2.88211e-13 2.5617e-10
8.72156 4.03747 4.03747 -3.16311e-12 -5.01708e-25 7.4296e-13 8.72178 4.03773 4.03773 -9.35162e-11 -1.61171e-13 -2.55983e-10
8.59 4.0024 4.0024 -2.19472e-12 -2.61247e-25 5.46079e-13 8.58944 4.00186 4.00186 8.77123e-11 4.02469e-13 -9.12772e-11
8.69111 4.03006 4.03006 -1.21209e-12 -2.52611e-25 9.71437e-13 8.6915 4.02942 4.02942 4.83325e-11 -2.34799e-13 -7.57742e-11
8.55583 3.99215 3.99215 -6.01673e-13 -1.58824e-25 1.20461e-12 8.55658 3.99357 3.99357 1.66549e-10 -8.00354e-13 7.54597e-11
8.54633 3.98998 3.98998 7.89757e-13 1.88963e-25 1.09015e-12 8.54659 3.99024 3.99024 1.17073e-10 -7.02397e-13 -2.29341e-10
8.72307 4.03809 4.03809 1.74277e-12 2.68433e-25 7.21608e-13 8.72331 4.03793 4.03793 7.05744e-11 9.94054e-13 -7.09095e-11
8.59309 4.00346 4.00346 2.35869e-12 3.31685e-25 6.45315e-13 8.59234 4.00246 4.00246 -1.13565e-10 -4.20198e-13 -2.17533e-12
8.70971 4.03488 4.03488 2.57293e-12 3.95061e-25 7.17734e-13 8.71011 4.03432 4.03432 2.62755e-10 5.9418e-14 -7.31847e-11
8.68679 4.0292 4.0292 2.86711e-12 5.58756e-25 9.0769e-13 8.68714 4.02801 4.02801 3.3629e-11 -6.55044e-13 -9.66639e-11
8.74347 4.0433 4.0433 3.18099e-12 8.41845e-25 1.2439e-12 8.74333 4.04296 4.04296 4.20385e-11 1.87341e-13 -1.12433e-11
8.6058 4.00613 4.00613 3.07895e-12 8.9564e-25 1.33801e-12 8.60592 4.00709 4.00709 2.5477e-10 -1.16258e-13 6.34827e-11
8.56777 3.99624 3.99624 2.63606e-12 6.59004e-25 1.14287e-12 8.56723 3.99567 3.99567 1.04928e-10 2.65786e-13 -4.4227e-11
8.7367 4.0417 4.0417 2.42233e-12 5.14477e-25 9.97151e-13 8.73676 4.04122 4.04122 1.84511e-10 6.27098e-13 -1.81776e-12
8.68009 4.02733 4.02733 1.36516e-12 1.63834e-25 5.58331e-13 8.68038 4.0263 4.0263 -1.03993e-10 -5.60853e-13 -1.55683e-10
8.54584 3.98962 3.98962 1.02035e-13 1.95396e-26 8.72762e-13 8.54647 3.99048 3.99048 1.66305e-10 1.4232e-13 1.60803e-10
8.71394 4.03608 4.03608 -9.62311e-13 -2.866e-25 1.39288e-12 8.71433 4.03531 4.03531 9.99667e-12 4.98673e-13 2.07324e-10
8.64743 4.01868 4.01868 -1.19872e-12 -3.64305e-25 1.40625e-12 8.64722 4.01727 4.01727 2.18377e-11 5.78844e-13 -7.47718e-11
8.54262 3.98906 3.98906 -1.41963e-12 -4.29064e-25 1.3762e-12 8.54278 3.98904 3.98904 -3.97243e-11 1.12826e-12 4.02685e-11
8.70292 4.03279 4.03279 -2.95126e-12 -4.43891e-25 7.02252e-13 8.70331 4.03284 4.03284 -6.67017e-11 4.6816e-13 -1.53629e-10
8.7111 4.03549 4.03549 -3.07212e-12 -5.25672e-25 7.99833e-13 8.71152 4.03446 4.03446 -8.17709e-11 -2.98448e-13 8.731e-11
8.57838 3.99922 3.99922 -2.94725e-12 -6.18956e-25 9.61679e-13 8.57776 3.99856 3.99856 1.33665e-10 -2.82177e-13 -1.0938e-10
8.56047 3.99374 3.99374 -2.7138e-12 -6.94422e-25 1.16853e-12 8.56068 3.99437 3.99437 2.20809e-10 -3.77132e-13 2.01689e-10
8.5536 3.9918 3.9918 -2.01178e-12 -5.57606e-25 1.26438e-12 8.55399 3.99255 3.99255 -1.0788e-11 1.05062e-12 -3.32016e-10
8.71176 4.03476 4.03476 -1.87748e-12 -5.07561e-25 1.26403e-12 8.71207 4.03541 4.03541 5.7969e-11 1.29763e-12 1.98585e-10
8.69804 4.03218 4.03218 -9.25102e-13 -1.90561e-25 9.60604e-13 8.69845 4.03097 4.03097 2.18877e-10 3.39338e-13 -3.81709e-11
8.5714 3.99716 3.99716 -4.38744e-13 -7.61894e-26 7.93999e-13 8.57097 3.9968 3.9968 -1.27958e-11 -7.62536e-13 7.52001e-11
8.54662 3.99011 3.99011 -1.75503e-13 -2.81189e-26 7.30035e-13 8.54678 3.99023 3.99023 1.68664e-10 -3.7377e-13 6.52739e-11
8.74347 4.04207 4.04207 -8.24501e-15 -1.44273e-27 7.47561e-13 8.74289 4.04392 4.04392 2.22022e-10 -8.10146e-13 -7.19615e-11
8.73539 4.03987 4.03987 2.07422e-13 3.48145e-26 7.91711e-13 8.73501 4.04209 4.04209 -7.25082e-11 9.70158e-14 3.80285e-10
8.57781 3.99904 3.99904 9.07767e-13 2.10059e-25 1.05953e-12 8.57722 3.99844 3.99844 8.29493e-11 2.06357e-13 -1.03455e-10
8.54307 3.9892 3.9892 1.71547e-12 4.71305e-25 1.25111e-12 8.54321 3.98915 3.98915 -9.68948e-11 -2.3145e-13 -1.16214e-10
8.73291 4.04035 4.04035 2.0786e-12 5.50727e-25 1.24367e-12 8.73293 4.04059 4.04059 -1.23495e-10 9.09631e-13 1.52437e-10
8.60184 4.0056 4.0056 2.19147e-12 5.52177e-25 1.15818e-12 8.60142 4.00526 4.00526 -2.49909e-10 2.98781e-13 -1.27109e-10
8.70664 4.03392 4.03392 2.43073e-12 5.55225e-25 1.06748e-12 8.70703 4.03365 4.03365 1.42062e-10 6.31876e-13 8.2045e-11
8.59206 4.00214 4.00214 2.56942e-12 5.26933e-25 9.41311e-13 8.59238 4.00356 4.00356 -2.05922e-10 -4.09371e-13 -2.88945e-10
8.59366 4.00356 4.00356 3.01185e-12 6.14691e-25 9.36872e-13 8.59297 4.0027 4.0027 -2.117e-10 1.9632e-13 2.69746e-11
8.58119 3.99914 3.99914 2.16549e-12 5.40841e-25 1.1441e-12 8.58158 4.00056 4.00056 5.45098e-11 -2.01649e-13 -1.75021e-10
8.67994 4.02747 4.02747 1.33843e-12 2.84489e-25 9.87717e-13 8.6802 4.02609 4.02609 4.33935e-11 -4.86321e-13 6.95491e-12
8.54329 3.98926 3.98926 7.3181e-13 1.4348e-25 8.92566e-13 8.54342 3.98921 3.98921 1.26852e-10 -2.46496e-13 9.75103e-11
8.69006 4.03004 4.03004 4.35571e-13 8.48263e-26 9.07004e-13 8.69043 4.0289 4.0289 -5.97967e-12 -3.1008e-14 -5.53e-12
8.55102 3.99129 3.99129 -2.40902e-12 -4.6405e-25 8.78339e-13 8.55115 3.99151 3.99151 -4.3439e-11 4.20155e-13 -1.90886e-10
8.71225 4.03568 4.03568 -3.05006e-12 -5.95109e-25 9.13012e-13 8.71265 4.03485 4.03485 1.22846e-10 1.74025e-12 -1.34168e-10
8.54584 3.98999 3.98999 -2.80589e-12 -6.99551e-25 1.13588e-12 8.54586 3.98988 3.98988 6.45775e-11 2.86548e-14 1.57567e-10
8.69869 4.03223 4.03223 1.33868e-14 -1.83142e-28 -6.35528e-14 8.69911 4.03125 4.03125 -6.71354e-11 -1.26108e-13 -3.92564e-11
8.68716 4.02796 4.02796 3.22673e-14 -9.22363e-28 -1.33299e-13 8.68761 4.02934 4.02934 1.89386e-10 2.29246e-12 -7.1406e-11
8.73845 4.04215 4.04215 1.16222e-13 -1.00632e-26 -4.06737e-13 8.73847 4.04165 4.04165 -8.08623e-11 1.07158e-14 -6.24594e-11
8.6867 4.02831 4.02831 2.33493e-13 -3.29004e-26 -6.56391e-13 8.68712 4.02879 4.02879 -1.37746e-10 1.1273e-12 9.95289e-11
8.73975 4.04243 4.04243 3.7136e-13 -7.26752e-26 -9.19284e-13 8.73973 4.042 4.042 3.8434e-12 1.60242e-13 -1.05518e-10
8.73498 4.04101 4.04101 1.19423e-12 -4.16193e-25 -1.63581e-12 8.735 4.041 4.041 -1.36327e-11 -7.36731e-13 -6.03525e-11
8.74277 4.04306 4.04306 1.44969e-12 -5.3087e-25 -1.72098e-12 8.74263 4.04284 4.04284 -1.61397e-10 -3.39486e-13 8.04469e-11
8.54298 3.98913 3.98913 1.54082e-12 -4.80732e-25 -1.42079e-12 8.54318 3.98919 3.98919 -1.54492e-11 8.97102e-13 -7.20146e-11
8.7325 4.04066 4.04066 1.49822e-12 -4.05503e-25 -1.26981e-12 8.73265 4.04016 4.04016 -1.51919e-10 1.17295e-12 1.0395e-10
8.55636 3.99293 3.99293 1.33756e-12 -3.08633e-25 -1.05295e-12 8.55616 3.99272 3.99272 3.32833e-11 3.52553e-13 3.63298e-11
8.68451 4.02868 4.02868 9.02759e-13 -1.20699e-25 -6.22377e-13 8.68482 4.02732 4.02732 -6.45047e-11 6.01483e-13 -5.47128e-11
8.54504 3.98976 3.98976 3.96098e-13 -3.39806e-26 -3.90501e-13 8.5451 3.98966 3.98966 -9.82979e-11 -3.97723e-13 1.09185e-10
8.56289 3.99443 3.99443 5.25257e-14 -5.68093e-27 -4.92308e-13 8.56303 3.995 3.995 -4.15979e-11 -4.76907e-13 -8.18215e-11
8.63168 4.01421 4.01421 4.10053e-15 -6.25174e-28 -6.14398e-13 8.6313 4.01309 4.01309 4.00935e-11 -2.04805e-13 1.35777e-11
8.71708 4.03698 4.03698 -1.84025e-13 3.99795e-26 -1.01724e-12 8.71746 4.03605 4.03605 -5.30656e-11 3.82516e-13 -1.02819e-10
8.54341 3.98929 3.98929 -2.93854e-13 7.55682e-26 -1.17187e-12 8.54353 3.98924 3.98924 -3.73808e-11 4.29732e-14 1.71726e-10
8.68709 4.02936 4.02936 -1.09207e-12 3.84873e-25 -1.64225e-12 8.68743 4.02802 4.02802 5.20283e-11 -1.02571e-12 1.07681e-10
8.74205 4.04276 4.04276 -1.29852e-12 4.67883e-25 -1.69372e-12 8.74189 4.04276 4.04276 -1.63279e-10 4.50391e-13 -8.13025e-11
8.54557 3.98945 3.98945 -1.65126e-12 2.95438e-25 -8.15129e-13 8.54637 3.99056 3.99056 1.93718e-10 -1.88361e-13 -1.57952e-10
8.57921 3.99947 3.99947 -9.6063e-13 1.08306e-26 -5.18458e-14 8.57856 3.99877 3.99877 1.49428e-10 -5.31742e-13 5.66633e-11
8.54483 3.98934 3.98934 -4.23595e-13 -2.2301e-26 2.39835e-13 8.54548 3.9902 3.9902 -3.26576e-10 1.23433e-12 1.23116e-10
8.74653 4.04384 4.04384 -3.12246e-13 -2.8457e-26 4.24737e-13 8.74623 4.04388 4.04388 1.87252e-10 2.75948e-13 -2.80935e-10
8.56591 3.99571 3.99571 -1.91802e-13 -3.30331e-26 7.85509e-13 8.56542 3.99517 3.99517 1.19478e-10 -6.71776e-13 -1.47866e-11
8.56481 3.99539 3.99539 -2.68587e-13 -9.66954e-26 1.64576e-12 8.56435 3.99489 3.99489 1.31979e-10 2.91071e-14 -7.37676e-11
8.7459 4.04336 4.04336 -4.61029e-13 -1.91629e-25 1.95425e-12 8.7455 4.04398 4.04398 -3.89965e-11 2.58391e-13 1.63249e-10
8.74635 4.04326 4.04326 -8.15387e-13 -3.84734e-25 2.21886e-12 8.74585 4.04426 4.04426 9.74384e-11 1.19137e-12 1.03572e-10
8.6964 4.03171 4.03171 -1.25038e-12 -6.57693e-25 2.45402e-12 8.69681 4.03057 4.03057 1.27137e-10 8.27087e-13 1.97481e-11
8.63085 4.01412 4.01412 -1.40873e-12 -8.02759e-25 2.63092e-12 8.63038 4.01271 4.01271 -5.30367e-11 1.20623e-12 -2.77929e-10
8.54367 3.98909 3.98909 -1.25518e-12 -6.86853e-25 2.49235e-12 8.54424 3.98977 3.98977 -1.31579e-10 4.78232e-13 -8.36481e-11
8.57346 3.99787 3.99787 -6.33506e-13 -2.74888e-25 1.9854e-12 8.57285 3.99718 3.99718 3.37967e-11 5.14698e-13 -1.95582e-10
8.56349 3.99492 3.99492 -4.72083e-13 -1.82906e-25 1.77001e-12 8.56319 3.99469 3.99469 7.31799e-11 1.13607e-13 3.68976e-11
8.54496 3.98899 3.98899 -3.85316e-13 -1.27343e-25 1.50575e-12 8.54622 3.99085 3.99085 2.02646e-11 5.86095e-13 2.56224e-10
8.57585 3.9983 3.9983 -4.0428e-13 -7.26705e-26 8.23908e-13 8.57551 3.99818 3.99818 1.16453e-10 2.09674e-13 -8.42948e-11
8.71634 4.03647 4.03647 -6.21064e-13 -3.89334e-26 2.9641e-13 8.71667 4.03612 4.03612 4.53572e-11 3.30538e-13 3.08954e-11
8.6724 4.02526 4.02526 -1.32839e-12 1.29626e-25 -4.52024e-13 8.67261 4.02425 4.02425 2.12584e-11 -8.27149e-13 1.96941e-10
8.7467 4.04409 4.04409 -1.06197e-12 4.75647e-25 -2.10551e-12 8.74648 4.04378 4.04378 -2.30195e-11 -1.13676e-12 -2.22309e-10
8.61464 4.00952 4.00952 -6.1723e-13 3.14875e-25 -2.34936e-12 8.61402 4.00835 4.00835 7.32124e-11 -5.33153e-14 -3.63318e-11
8.56082 3.99379 3.99379 -4.21165e-13 2.32697e-25 -2.52225e-12 8.56109 3.99454 3.99454 6.53375e-11 -6.9164e-13 8.34852e-11
8.60431 4.0056 4.0056 -1.29072e-12 6.37047e-25 -2.26965e-12 8.60452 4.00683 4.00683 -2.30589e-10 1.44577e-12 1.13435e-11
8.65625 4.02083 4.02083 -1.46901e-12 6.86357e-25 -2.16554e-12 8.65628 4.01995 4.01995 -8.83782e-11 -4.5232e-13 -1.90445e-11
8.62628 4.01284 4.01284 -1.58464e-12 6.94211e-25 -2.02095e-12 8.62574 4.01147 4.01147 9.46494e-11 -8.28997e-14 2.89301e-11
8.57247 3.99759 3.99759 -1.67988e-12 6.27917e-25 -1.70996e-12 8.57188 3.99692 3.99692 -1.48242e-10 6.06961e-14 -4.11993e-11
8.73752 4.0412 4.0412 -1.7261e-12 5.77883e-25 -1.57211e-12 8.73734 4.04199 4.04199 2.1544e-10 7.39634e-13 -1.48069e-10
8.71587 4.03661 4.03661 -1.68742e-12 4.6365e-25 -1.28539e-12 8.71624 4.03578 4.03578 7.07817e-14 2.72838e-13 4.02e-11
8.59705 4.00382 4.00382 -1.40644e-12 2.01851e-25 -6.59158e-13 8.59707 4.00454 4.00454 -5.30595e-11 1.74466e-12 -6.83999e-11
8.56506 3.99538 3.99538 -4.46667e-13 1.44594e-27 -1.27801e-14 8.56471 3.99508 3.99508 1.40013e-12 1.04323e-12 1.80076e-11
8.54973 3.99108 3.99108 -1.46401e-13 -7.03335e-27 2.22819e-13 8.54965 3.99091 3.99091 1.22502e-11 6.06683e-13 1.38655e-11
8.72762 4.03841 4.03841 4.03154e-15 8.85655e-28 5.03693e-13 8.72759 4.03975 4.03975 8.16994e-11 -8.34479e-13 -3.18123e-10
8.70052 4.03191 4.03191 1.06272e-13 1.85827e-26 7.95189e-13 8.70092 4.03244 4.03244 1.66904e-10 7.82059e-13 -4.13887e-11
8.62661 4.01265 4.01265 6.43533e-13 2.19904e-25 1.5761e-12 8.62627 4.01188 4.01188 -5.16832e-11 -4.05175e-13 -4.19151e-11
8.74287 4.04199 4.04199 1.54818e-12 6.28379e-25 1.90671e-12 8.74234 4.04372 4.04372 -2.98255e-10 2.5931e-13 6.02331e-11
8.74563 4.04367 4.04367 1.90122e-12 7.66558e-25 1.89482e-12 8.74538 4.04362 4.04362 -1.80057e-10 7.63847e-13 8.47775e-11
8.71676 4.03691 4.03691 2.06881e-12 6.97653e-25 1.578e-12 8.71715 4.03596 4.03596 2.82272e-11 7.89511e-13 1.68448e-10
8.62329 4.01162 4.01162 2.23764e-12 4.67018e-25 9.62219e-13 8.62299 4.01109 4.01109 2.86193e-11 3.84005e-13 6.45294e-11
8.56356 3.99504 3.99504 2.3186e-12 3.32877e-25 6.55796e-13 8.56311 3.99456 3.99456 -2.53577e-10 7.52183e-13 9.64218e-12
8.60321 4.0058 4.0058 2.58323e-12 1.82222e-25 3.2448e-13 8.60297 4.00588 4.00588 -2.46299e-11 -4.49167e-13 1.49322e-11
8.67345 4.02537 4.02537 2.56014e-12 2.17265e-25 3.94791e-13 8.67371 4.0247 4.0247 1.59613e-10 -1.00374e-12 -1.03401e-10
8.70056 4.03284 4.03284 2.45837e-12 3.0093e-25 5.71557e-13 8.70099 4.03165 4.03165 -6.6477e-11 -1.02644e-12 -7.14146e-11
8.72435 4.03726 4.03726 2.28851e-12 4.62429e-25 9.47425e-13 8.72431 4.0392 4.0392 -7.24366e-11 -6.03546e-14 -7.84825e-11
8.66001 4.02179 4.02179 2.06479e-12 6.16542e-25 1.38554e-12 8.66011 4.02102 4.02102 2.85336e-10 4.38566e-14 -1.46465e-10
8.69512 4.03144 4.03144 1.73878e-12 5.92976e-25 1.59131e-12 8.69552 4.03019 4.03019 2.30902e-11 -5.04279e-13 -1.07256e-11
8.5455 3.98986 3.98986 1.29733e-12 3.89464e-25 1.36755e-12 8.5456 3.98983 3.98983 7.70539e-11 -5.53105e-13 5.70955e-12
8.60432 4.00666 4.00666 -2.84606e-13 -2.68932e-26 4.29996e-13 8.60358 4.00549 4.00549 5.03403e-11 6.12123e-14 9.1257e-11
8.60542 4.00582 4.00582 -9.01658e-13 -1.64464e-25 8.39016e-13 8.60571 4.00723 4.00723 4.13541e-10 -1.10003e-12 2.3588e-10
8.72778 4.03961 4.03961 -1.41498e-12 -3.69115e-25 1.22286e-12 8.72804 4.03887 4.03887 1.93287e-10 5.93057e-14 1.02214e-10
8.55945 3.99366 3.99366 -1.9111e-12 -3.46422e-25 8.27365e-13 8.55939 3.99377 3.99377 -5.32676e-11 4.59862e-14 4.00208e-11
8.55534 3.99229 3.99229 -1.88418e-12 -2.41567e-25 5.84789e-13 8.55569 3.99301 3.99301 2.76531e-10 1.64159e-13 1.04734e-11
8.58018 3.99934 3.99934 -1.79756e-12 -2.79488e-25 7.12052e-13 8.58001 3.9996 3.9996 2.35283e-10 2.62239e-13 1.69702e-10
8.55918 3.99325 3.99325 -1.6772e-12 -3.11855e-25 8.48804e-13 8.55961 3.99422 3.99422 9.82249e-11 9.97894e-14 7.74813e-11
8.54769 3.99038 3.99038 -1.48223e-12 -3.3905e-25 1.04225e-12 8.54787 3.99057 3.99057 6.12166e-11 6.9558e-13 -2.12367e-10
8.72526 4.03894 4.03894 -1.32e-12 -3.43412e-25 1.21911e-12 8.72554 4.03824 4.03824 -1.14611e-10 7.4616e-13 -1.33252e-11
8.61524 4.00947 4.00947 -2.75702e-13 -7.37007e-26 1.23142e-12 8.61479 4.00878 4.00878 -2.00315e-10 -6.4392e-13 -2.78864e-12
8.73802 4.04183 4.04183 -1.69499e-13 -4.12245e-26 1.14225e-12 8.73798 4.0417 4.0417 1.05731e-10 -7.28299e-13 -4.17528e-11
8.58343 4.00003 4.00003 -2.64e-14 -3.93515e-27 6.66129e-13 8.5835 4.0008 4.0008 1.7499e-10 2.40861e-13 1.08247e-10
8.61749 4.00995 4.00995 -5.69754e-15 -7.41848e-28 6.39577e-13 8.61717 4.00957 4.00957 1.63001e-10 -2.36746e-13 -1.49176e-11
8.67785 4.02622 4.02622 2.63617e-14 5.27496e-27 9.66735e-13 8.67821 4.0262 4.0262 -7.66768e-11 4.02621e-13 -2.47299e-10
8.69732 4.03169 4.03169 7.44045e-14 2.14502e-26 1.34585e-12 8.69774 4.03105 4.03105 1.10403e-10 -6.3736e-13 -1.08153e-10
8.54256 3.98905 3.98905 1.57756e-13 4.16554e-26 1.19818e-12 8.54271 3.98902 3.98902 5.4401e-11 2.61959e-13 1.034e-11
8.58901 4.00202 4.00202 3.08756e-13 6.91679e-26 1.02563e-12 8.58858 4.00174 4.00174 1.00444e-10 7.8742e-13 9.6434e-11
8.74158 4.04214 4.04214 6.0258e-13 1.03936e-25 8.10959e-13 8.74126 4.04305 4.04305 -9.06079e-11 1.37102e-14 -2.7908e-10
8.56927 3.99639 3.99639 5.81608e-16 -1.25237e-30 -8.02212e-15 8.56909 3.99648 3.99648 -2.60749e-11 -6.56728e-13 2.78712e-11
8.72372 4.03799 4.03799 5.0118e-15 -4.94671e-29 -4.30818e-14 8.7239 4.03831 4.03831 -9.82912e-11 9.5283e-13 1.22584e-11
8.73031 4.04008 4.04008 4.22568e-14 -1.05221e-27 -1.15946e-13 8.73049 4.03963 4.03963 1.53285e-10 -7.85578e-14 7.79849e-11
8.69545 4.03149 4.03149 6.08326e-14 -2.10705e-27 -1.60853e-13 8.69585 4.0303 4.0303 -9.2645e-11 -2.04302e-13 -7.37014e-11
8.67407 4.02585 4.02585 1.36731e-13 -1.16592e-26 -3.96366e-13 8.67427 4.02456 4.02456 3.6975e-11 9.82301e-13 -8.79391e-11
8.61465 4.00956 4.00956 1.72768e-13 -1.95402e-26 -5.20823e-13 8.614 4.00831 4.00831 2.99009e-11 -3.03293e-13 6.43467e-11
8.54794 3.99012 3.99012 4.87811e-13 -1.27863e-25 -1.19468e-12 8.54863 3.99117 3.99117 -9.33466e-13 -7.20456e-14 -1.05338e-10
8.66329 4.02198 4.02198 8.17996e-13 -2.68575e-25 -1.52389e-12 8.66364 4.02262 4.02262 1.549e-11 2.1571e-13 -1.39571e-10
8.73852 4.04197 4.04197 1.0453e-12 -3.73914e-25 -1.67997e-12 8.73847 4.04181 4.04181 1.15396e-10 -8.25065e-13 1.30538e-10
8.59791 4.00461 4.00461 1.28834e-12 -5.00216e-25 -1.78335e-12 8.59738 4.00404 4.00404 -7.69803e-11 1.32293e-13 -6.79784e-11
8.54698 3.98994 3.98994 1.7404e-12 -8.44503e-25 -2.21125e-12 8.54757 3.99078 3.99078 1.32381e-10 -3.70724e-13 1.32111e-10
8.73678 4.04151 4.04151 1.47804e-12 -8.39407e-25 -2.66669e-12 8.73677 4.0414 4.0414 -5.82432e-11 6.44958e-13 1.55316e-10
8.56984 3.99664 3.99664 4.75394e-13 -2.52038e-25 -2.42428e-12 8.56952 3.99649 3.99649 2.39414e-10 -6.11858e-13 2.40617e-12
8.55379 3.99153 3.99153 2.74393e-13 -1.36709e-25 -2.27308e-12 8.55467 3.9931 3.9931 1.86824e-10 -1.44058e-13 4.17965e-11
8.65108 4.01905 4.01905 -6.87806e-14 2.8477e-26 -1.92318e-12 8.6512 4.01893 4.01893 7.93089e-11 6.22783e-14 3.08058e-10
8.54405 3.98945 3.98945 -4.63528e-13 1.49139e-25 -1.46552e-12 8.54419 3.98944 3.98944 -1.13259e-10 -1.49236e-12 -4.13571e-11
8.63717 4.01568 4.01568 -1.31764e-12 1.72211e-25 -6.04236e-13 8.6369 4.01465 4.01465 -1.11231e-10 -6.17688e-14 7.62956e-11
8.69628 4.03152 4.03152 -1.51485e-12 1.24315e-25 -3.83009e-13 8.69668 4.03069 4.03069 2.77161e-11 -1.21111e-12 1.94594e-10
8.72613 4.0392 4.0392 -1.66502e-12 6.15483e-26 -1.73523e-13 8.72641 4.03844 4.03844 -1.12341e-10 6.7095e-13 9.75443e-11
8.74588 4.04372 4.04372 -1.67915e-12 -1.41652e-25 3.96434e-13 8.74562 4.0437 4.0437 -2.51003e-10 4.67277e-14 -7.48602e-11
8.72353 4.03834 4.03834 -3.50216e-13 -1.48139e-25 1.98183e-12 8.72379 4.03793 4.03793 -3.7379e-10 5.85905e-14 8.10014e-11
8.59986 4.00518 4.00518 -2.61732e-13 -1.18859e-25 2.08653e-12 8.59932 4.00455 4.00455 1.39434e-10 1.06961e-12 1.719e-10
8.57598 3.9985 3.9985 -2.05802e-13 -1.05336e-25 2.34293e-12 8.57543 3.99797 3.99797 -4.71525e-12 3.01383e-14 -8.87657e-11
8.72931 4.03969 4.03969 -2.18053e-13 -1.22464e-25 2.63319e-12 8.72945 4.03948 4.03948 -6.30855e-11 -1.11503e-13 1.38376e-11
8.74064 4.04267 4.04267 -5.93616e-13 -3.8341e-25 3.03409e-12 8.74061 4.04222 4.04222 5.28123e-11 3.86577e-14 1.03155e-10
8.57502 3.99829 3.99829 -1.56735e-12 -8.40155e-25 2.45337e-12 8.57441 3.99763 3.99763 1.48151e-11 -8.65059e-13 1.03501e-10
8.68986 4.02988 4.02988 -1.9726e-12 -7.2779e-25 1.71928e-12 8.69023 4.02895 4.02895 1.16967e-10 -3.31573e-13 2.12238e-10
8.55974 3.99367 3.99367 -2.72817e-12 -7.51738e-27 1.25874e-14 8.55977 3.99396 3.99396 -5.7941e-11 -3.36631e-13 4.21688e-11
8.74514 4.04347 4.04347 -2.71098e-12 5.13539e-25 -8.90635e-13 8.74487 4.04356 4.04356 -2.64214e-10 -4.1107e-13 -3.6075e-11
8.65746 4.02121 4.02121 -2.57994e-12 6.17122e-25 -1.10901e-12 8.6575 4.02022 4.02022 1.38786e-10 1.16146e-12 -8.11793e-11
8.56912 3.99623 3.99623 -2.15142e-12 8.12813e-25 -1.72763e-12 8.56911 3.99662 3.99662 -5.89077e-11 -2.72486e-13 -1.69123e-10
8.63214 4.0143 4.0143 -1.996e-12 8.53726e-25 -1.97515e-12 8.63178 4.01325 4.01325 -6.22678e-11 -2.02231e-13 -1.66732e-10
8.71828 4.03646 4.03646 -1.7525e-12 8.75137e-25 -2.33797e-12 8.71851 4.03705 4.03705 1.26917e-10 -1.78709e-12 1.10852e-11
8.54529 3.98916 3.98916 -9.01391e-13 5.51605e-25 -2.78812e-12 8.54643 3.99083 3.99083 -2.72142e-11 -3.07227e-13 -3.99655e-11
8.59551 4.00405 4.00405 -4.27993e-13 2.71553e-25 -2.91379e-12 8.59485 4.00323 4.00323 1.00927e-11 -6.33723e-13 6.11827e-11
8.72888 4.03961 4.03961 -3.04744e-13 1.92099e-25 -2.95659e-12 8.72904 4.03935 4.03935 -8.92794e-11 -3.56108e-13 -5.55125e-12
8.68194 4.02799 4.02799 1.44881e-12 -2.09769e-25 -6.73519e-13 8.68223 4.02664 4.02664 2.07486e-10 -3.12132e-13 1.18663e-11
8.54538 3.98981 3.98981 1.52147e-12 -1.10741e-25 -3.31703e-13 8.5455 3.98982 3.98982 -3.3653e-11 8.24594e-13 -6.21325e-13
8.73765 4.04122 4.04122 1.59572e-12 3.33569e-26 9.83483e-14 8.73746 4.04202 4.04202 1.26343e-10 -8.02159e-13 -1.27738e-10
8.6259 4.01254 4.01254 1.42234e-12 1.76124e-25 5.71307e-13 8.6255 4.01159 4.01159 2.53306e-11 -9.50792e-14 7.39778e-11
8.59602 4.00407 4.00407 3.80631e-13 2.2712e-25 2.73965e-12 8.59549 4.00355 4.00355 4.52348e-11 3.90555e-13 -2.74418e-10
8.74744 4.04255 4.04255 1.40614e-12 8.21382e-25 2.7483e-12 8.74651 4.04527 4.04527 1.15464e-10 1.02365e-13 2.06348e-10
8.60071 4.00545 4.00545 1.53988e-12 7.66906e-25 2.28858e-12 8.60013 4.00474 4.00474 -4.27419e-11 1.89899e-13 2.44067e-10
8.67108 4.02513 4.02513 1.55066e-12 7.15684e-25 2.14358e-12 8.67123 4.02368 4.02368 -1.66368e-10 2.54203e-13 1.15752e-11
8.71385 4.03564 4.03564 1.53324e-12 6.69056e-25 2.04108e-12 8.71418 4.03564 4.03564 5.35359e-11 -1.34641e-12 3.20484e-11
8.59052 4.0027 4.0027 1.30482e-12 4.79662e-25 1.68608e-12 8.5898 4.0018 4.0018 -3.95916e-11 1.038e-12 5.78226e-11
8.63525 4.01534 4.01534 1.20122e-12 4.03812e-25 1.55272e-12 8.63484 4.01391 4.01391 1.23984e-10 -2.26657e-13 5.04436e-11
8.73814 4.04185 4.04185 4.99806e-13 5.9455e-26 5.55529e-13 8.7381 4.04174 4.04174 1.26949e-10 4.42402e-13 -6.7041e-11
8.65156 4.01985 4.01985 2.90886e-13 3.42229e-27 5.08574e-14 8.6514 4.01836 4.01836 -7.19354e-11 4.44417e-13 9.36142e-11
8.54396 3.98931 3.98931 3.13144e-13 -5.42835e-27 -7.89022e-14 8.54429 3.9896 3.9896 -1.73019e-10 7.25528e-13 -2.50517e-10
8.65013 4.01945 4.01945 5.52596e-13 -4.81378e-26 -4.0571e-13 8.64995 4.01797 4.01797 1.47012e-12 1.05403e-13 -5.82857e-11
8.57922 3.99887 3.99887 1.35163e-12 -3.97285e-25 -1.34693e-12 8.57931 3.99964 3.99964 -1.94754e-10 1.03949e-12 1.52388e-10
8.6672 4.02384 4.02384 1.53921e-12 -5.5285e-25 -1.66787e-12 8.66736 4.02287 4.02287 -8.35771e-12 5.96855e-13 1.13346e-11
8.71534 4.03639 4.03639 1.44258e-12 -6.21481e-25 -2.0156e-12 8.71571 4.03572 4.03572 3.44633e-10 -4.26993e-13 -4.07965e-12
8.59873 4.00403 4.00403 1.00334e-12 -4.76695e-25 -2.1838e-12 8.59898 4.00533 4.00533 -4.54042e-11 -3.57326e-13 2.1558e-10
8.73203 4.04062 4.04062 3.85661e-13 -2.17156e-25 -2.64108e-12 8.7322 4.03998 4.03998 -2.24266e-11 5.36254e-13 -5.79122e-11
8.54781 3.99038 3.99038 2.66853e-13 -1.55265e-25 -2.65443e-12 8.54803 3.99065 3.99065 1.77992e-11 -5.52038e-13 3.20542e-10
8.54338 3.98906 3.98906 8.29898e-13 -3.96323e-25 -2.17578e-12 8.54387 3.9896 3.9896 1.60225e-10 -4.86591e-13 -3.63853e-11
8.6889 4.0297 4.0297 1.44301e-12 -5.93188e-25 -1.91652e-12 8.68927 4.02862 4.02862 9.46233e-11 3.49281e-13 -5.2172e-11
8.73669 4.0415 4.0415 1.54786e-12 -6.03518e-25 -1.83102e-12 8.73669 4.04138 4.04138 -2.43292e-10 8.53422e-14 5.07471e-12
8.73532 4.03969 4.03969 1.65771e-12 -5.50215e-25 -1.55926e-12 8.73488 4.04219 4.04219 -6.92178e-11 6.38219e-13 -2.24292e-10
8.74569 4.04339 4.04339 1.6574e-12 -4.65447e-25 -1.32192e-12 8.74532 4.04387 4.04387 -9.74322e-11 -6.1656e-13 8.92968e-11
8.72387 4.03845 4.03845 9.58509e-13 -6.29362e-26 -3.10208e-13 8.72414 4.038 4.038 -1.59254e-10 3.9704e-13 -4.64515e-11
8.63698 4.01571 4.01571 7.74768e-13 -3.41447e-26 -2.04767e-13 8.63665 4.0145 4.0145 1.6469e-10 -4.14996e-13 -2.65824e-11
8.54419 3.9895 3.9895 3.21394e-13 5.64216e-27 8.0195e-14 8.54432 3.98947 3.98947 2.10807e-11 7.97298e-14 -3.712e-11
8.54527 3.9896 3.9896 2.28231e-13 1.19798e-26 2.38957e-13 8.5457 3.9901 3.9901 1.25563e-10 1.10756e-12 2.17538e-10
8.72281 4.03799 4.03799 3.69575e-13 1.05255e-25 1.32438e-12 8.72305 4.03788 4.03788 1.08772e-10 -3.76061e-13 -1.3881e-11
8.69878 4.03108 4.03108 4.49263e-13 1.43599e-25 1.48612e-12 8.69918 4.03232 4.03232 -1.93089e-11 -3.25243e-13 5.52606e-10
8.54516 3.98928 3.98928 5.53245e-13 1.99325e-25 1.64081e-12 8.54605 3.99054 3.99054 1.04812e-10 -2.64167e-13 3.27536e-12
8.56049 3.99365 3.99365 1.20498e-12 5.72102e-25 2.1675e-12 8.56084 3.99452 3.99452 4.22202e-11 -5.01046e-13 2.09404e-10
8.74654 4.04316 4.04316 1.49556e-12 7.97686e-25 2.50813e-12 8.74597 4.04442 4.04442 -9.58955e-12 6.82862e-13 -3.16679e-11
8.71314 4.0355 4.0355 1.57391e-12 9.66546e-25 2.87233e-12 8.71349 4.03543 4.03543 6.75741e-11 -2.56242e-13 -1.4605e-10
8.54824 3.99001 3.99001 2.78932e-13 1.38521e-25 2.26328e-12 8.54922 3.99157 3.99157 -1.34014e-10 -1.04937e-12 -6.78318e-11
8.73901 4.04199 4.04199 3.06805e-13 1.26016e-25 1.93706e-12 8.73892 4.04202 4.04202 7.63507e-11 4.35151e-13 6.99639e-12
8.5904 4.00179 4.00179 5.0648e-13 1.65626e-25 1.50238e-12 8.5906 4.00294 4.00294 3.22488e-10 2.18102e-13 -1.98029e-10
8.72867 4.03982 4.03982 7.86404e-13 1.84678e-25 1.10289e-12 8.72891 4.0391 4.0391 -2.00065e-11 -3.96762e-13 5.35537e-11
8.68194 4.02713 4.02713 1.32467e-12 1.00202e-25 3.5347e-13 8.68234 4.02745 4.02745 1.3628e-10 -1.11049e-13 2.02824e-11
8.72846 4.03968 4.03968 1.47859e-12 4.44562e-26 1.4167e-13 8.72868 4.03911 4.03911 -3.03369e-11 5.57653e-13 1.43945e-11
8.67167 4.02496 4.02496 1.54088e-12 -2.21002e-26 -6.64197e-14 8.6719 4.02415 4.02415 -2.01864e-11 4.8232e-14 3.33044e-11
8.65277 4.02017 4.02017 1.41163e-12 -1.61194e-25 -5.28952e-13 8.65264 4.0187 4.0187 -1.15299e-12 -9.35201e-14 -3.29779e-11
8.74752 4.04352 4.04352 1.81833e-14 -1.04908e-28 -2.72421e-14 8.74697 4.04457 4.04457 -6.59185e-11 -1.08019e-12 8.49179e-11
8.67905 4.02721 4.02721 3.29044e-14 -2.77903e-28 -3.91303e-14 8.67931 4.02588 4.02588 -1.47315e-10 5.28982e-13 8.77341e-11
8.56186 3.99455 3.99455 1.1064e-13 -5.05721e-27 -2.08756e-13 8.56145 3.9941 3.9941 -1.62621e-10 -2.48085e-13 -9.11868e-11
8.72483 4.03726 4.03726 2.8628e-13 -3.21414e-26 -5.26264e-13 8.72475 4.03941 4.03941 -3.23214e-10 -5.91037e-13 5.1864e-11
8.73816 4.04207 4.04207 6.21808e-13 -1.33554e-25 -1.0087e-12 8.73819 4.04158 4.04158 7.6726e-11 -4.13329e-13 -1.07699e-10
8.74848 4.04311 4.04311 1.11582e-12 -3.43714e-25 -1.44944e-12 8.74763 4.0453 4.0453 3.67818e-10 -1.0988e-12 -5.0711e-11
8.66784 4.02342 4.02342 1.95276e-12 -7.73746e-25 -1.84026e-12 8.66816 4.02363 4.02363 -1.93486e-10 -7.21284e-13 6.16788e-12
8.57676 3.99875 3.99875 2.19056e-12 -7.68376e-25 -1.60581e-12 8.57617 3.99814 3.99814 2.0368e-10 -4.37028e-13 2.07351e-11
8.6891 4.02973 4.02973 2.4832e-12 -6.6372e-25 -1.24548e-12 8.68946 4.0287 4.0287 4.56809e-11 -7.68937e-14 -1.12194e-10
8.59648 4.00423 4.00423 2.65679e-12 -3.17525e-25 -5.48822e-13 8.59592 4.00362 4.00362 6.45645e-11 -3.57346e-13 -1.8662e-10
8.69043 4.03021 4.03021 2.64539e-12 -1.17824e-25 -2.07572e-13 8.69079 4.02893 4.02893 1.19546e-10 -1.23786e-14 1.31383e-10
8.60777 4.0076 4.0076 2.33722e-12 -7.24447e-26 -1.42587e-13 8.60708 4.00646 4.00646 -5.03143e-11 -1.95074e-13 7.86158e-11
8.57026 3.99694 3.99694 2.24378e-12 -8.07313e-26 -1.64757e-13 8.56971 3.99635 3.99635 -2.03355e-11 -6.31835e-13 3.23291e-11
8.61608 4.00973 4.00973 1.87164e-12 -3.2864e-25 -8.09291e-13 8.61562 4.00898 4.00898 -1.50662e-10 -3.05331e-13 -9.50295e-11
8.57283 3.99759 3.99759 1.76963e-12 -4.03619e-25 -1.04351e-12 8.57236 3.99716 3.99716 3.02177e-10 1.02088e-12 -4.9045e-11
8.74414 4.04333 4.04333 1.70146e-12 -4.67447e-25 -1.29225e-12 8.74394 4.04323 4.04323 4.47482e-11 -2.37833e-13 7.02869e-11
8.74156 4.04289 4.04289 1.4886e-12 -4.71714e-25 -1.48979e-12 8.7415 4.04245 4.04245 2.08265e-10 2.32503e-13 5.41593e-11
8.74309 4.04321 4.04321 -2.44838e-13 4.02729e-26 -7.69604e-13 8.74297 4.04287 4.04287 4.19807e-12 -3.58376e-13 1.39488e-10
8.74613 4.043 4.043 -1.41761e-12 1.12028e-25 -3.7101e-13 8.74556 4.04437 4.04437 4.05166e-10 4.2979e-13 -3.3779e-11
8.65912 4.02191 4.02191 -1.9616e-12 1.88235e-25 -4.44723e-13 8.65909 4.02044 4.02044 1.83948e-11 8.61014e-13 -8.77712e-11
8.73381 4.03944 4.03944 -2.74549e-12 5.78614e-25 -9.89146e-13 8.73347 4.04172 4.04172 -1.9376e-10 1.46824e-12 -2.79938e-10
8.55629 3.99272 3.99272 -2.84824e-12 7.39436e-25 -1.1851e-12 8.55637 3.993 3.993 -1.20506e-10 -3.30053e-13 -1.5702e-10
8.74076 4.04242 4.04242 -3.16886e-12 1.19778e-24 -1.77649e-12 8.74063 4.04246 4.04246 -1.21703e-10 -1.28314e-12 -5.91898e-11
8.68109 4.0274 4.0274 -2.96208e-12 1.07268e-24 -1.68549e-12 8.68143 4.02676 4.02676 -1.91902e-10 6.4667e-13 3.10269e-10
8.63718 4.01537 4.01537 -2.61994e-12 8.44085e-25 -1.4895e-12 8.63709 4.01501 4.01501 -5.47201e-11 4.49281e-13 4.02461e-10
8.71683 4.03691 4.03691 1.49406e-13 1.3232e-26 4.26936e-13 8.71722 4.03599 4.03599 -1.97018e-10 -1.85701e-13 -1.23196e-10
8.72294 4.03831 4.03831 4.64721e-13 6.94474e-26 7.03067e-13 8.72324 4.03768 4.03768 -7.89462e-11 -8.44135e-14 2.75317e-11
8.54759 3.98997 3.98997 6.9169e-13 1.37501e-25 9.07042e-13 8.54837 3.99117 3.99117 -1.59224e-11 -1.69732e-13 -2.02057e-10
8.63372 4.01488 4.01488 1.99222e-12 8.72032e-25 2.02185e-12 8.63331 4.01353 4.01353 -2.6011e-12 3.7106e-13 -1.17602e-10
8.68701 4.02932 4.02932 2.10846e-12 9.58666e-25 2.11778e-12 8.68735 4.02801 4.02801 -2.02676e-10 -4.46765e-13 1.1988e-10
8.58171 3.99919 3.99919 2.28866e-12 1.13839e-24 2.27969e-12 8.58221 4.00084 4.00084 -1.57429e-10 -1.03731e-13 -2.80632e-10
8.69679 4.0318 4.0318 2.53299e-12 1.38675e-24 2.55423e-12 8.6972 4.03069 4.03069 1.62972e-10 -6.68121e-13 -8.01456e-11
8.63517 4.01498 4.01498 2.60704e-12 1.50028e-24 2.65881e-12 8.63496 4.01427 4.01427 -1.34162e-10 2.48713e-13 -1.06924e-10
8.60641 4.0071 4.0071 2.50432e-12 1.34377e-24 2.46881e-12 8.60582 4.00625 4.00625 -1.69935e-10 -9.497e-13 3.87754e-11
8.74398 4.04337 4.04337 2.36356e-12 1.08481e-24 2.1585e-12 8.74381 4.04313 4.04313 -1.52884e-10 1.69764e-13 1.48631e-12
8.54746 3.99017 3.99017 2.12473e-12 9.01092e-25 1.93286e-12 8.54787 3.99074 3.99074 1.60185e-10 1.72223e-12 -1.41381e-10
8.7422 4.04231 4.04231 2.11748e-12 8.62772e-25 1.91718e-12 8.74186 4.04318 4.04318 2.87601e-10 -9.66806e-13 1.11957e-10
8.7401 4.04251 4.04251 2.06369e-12 8.18425e-25 1.86473e-12 8.74007 4.04209 4.04209 -1.36626e-10 7.72991e-13 2.41759e-11
8.54972 3.99108 3.99108 1.74554e-12 4.23207e-25 1.10559e-12 8.54965 3.99092 3.99092 2.70288e-11 -4.6827e-13 -8.74418e-11
8.73767 4.04183 4.04183 1.5775e-12 2.26123e-25 6.76712e-13 8.73767 4.04155 4.04155 -3.15942e-10 4.79557e-13 1.81946e-10
8.56769 3.99622 3.99622 1.15551e-12 6.76016e-26 2.68102e-13 8.56716 3.99565 3.99565 -8.33093e-11 1.03102e-13 -2.55482e-10
8.73802 4.04206 4.04206 9.1332e-13 1.5162e-26 8.55559e-14 8.73806 4.04154 4.04154 9.01477e-11 -8.52225e-13 2.27254e-10
8.71464 4.03637 4.03637 7.23718e-13 -8.71425e-27 -4.84887e-14 8.71504 4.0354 4.0354 5.25204e-11 -4.43298e-13 -2.13131e-10
8.68364 4.02818 4.02818 2.61776e-13 -3.11374e-26 -5.43189e-13 8.68398 4.02734 4.02734 1.39023e-10 7.9786e-13 9.56507e-11
8.73481 4.04055 4.04055 1.03085e-13 -2.11939e-26 -9.3233e-13 8.73471 4.04129 4.04129 -2.0603e-10 9.46091e-14 1.59346e-10
8.63011 4.0138 4.0138 -1.06283e-13 3.39656e-26 -1.51088e-12 8.62969 4.01263 4.01263 1.69123e-10 -1.28616e-13 2.92788e-11
8.55837 3.99317 3.99317 -8.68764e-13 4.18014e-25 -2.19899e-12 8.55861 3.99378 3.99378 1.26379e-12 1.02772e-12 -2.59421e-10
8.55128 3.99147 3.99147 -1.38507e-12 7.624e-25 -2.51068e-12 8.55124 3.99141 3.99141 -3.94685e-11 -5.61409e-13 1.618e-10
8.71975 4.03728 4.03728 -1.60144e-12 9.22569e-25 -2.69731e-12 8.72004 4.03705 4.03705 1.26635e-10 4.28007e-13 -1.33067e-10
8.60054 4.00558 4.00558 -2.09044e-12 1.29738e-24 -2.85205e-12 8.59979 4.00447 4.00447 4.02849e-11 -2.50049e-13 -8.20804e-11
8.71531 4.03606 4.03606 -2.33651e-12 1.42905e-24 -2.86164e-12 8.71563 4.03598 4.03598 1.18327e-10 8.10198e-13 4.54924e-11
8.55412 3.99224 3.99224 -2.43523e-12 1.4672e-24 -2.74897e-12 8.55407 3.99223 3.99223 -6.09986e-11 1.13723e-12 3.71659e-11
8.7434 4.04321 4.04321 -2.69739e-12 1.57919e-24 -2.75155e-12 8.74325 4.043 4.043 1.93926e-10 -5.87094e-13 -7.33564e-11
8.61755 4.00994 4.00994 -2.96862e-12 1.35903e-24 -2.1101e-12 8.61726 4.00963 4.00963 -1.28129e-10 9.33695e-13 1.63984e-10
8.61861 4.01069 4.01069 -2.71685e-12 8.69602e-25 -1.47608e-12 8.61798 4.00938 4.00938 -2.20771e-10 -9.99343e-13 2.69427e-10
8.62976 4.01355 4.01355 -2.48906e-12 5.52802e-25 -1.02513e-12 8.62944 4.01272 4.01272 -2.4565e-11 4.51889e-13 2.5651e-11
8.65748 4.02111 4.02111 -2.12388e-12 1.76752e-25 -3.88324e-13 8.65754 4.02033 4.02033 -2.18466e-10 -1.13335e-12 2.08213e-10
8.58949 4.0014 4.0014 -1.07673e-12 -1.75019e-25 7.43806e-13 8.58985 4.00289 4.00289 -7.06964e-11 1.18505e-12 -1.77736e-10
8.62698 4.01303 4.01303 5.99952e-13 3.09735e-25 2.39012e-12 8.62646 4.01166 4.01166 -7.00001e-11 5.42136e-13 -1.38441e-10
8.74305 4.04275 4.04275 1.04505e-12 5.99836e-25 2.70263e-12 8.74277 4.04321 4.04321 4.70864e-11 1.19566e-12 6.96759e-11
8.71138 4.03553 4.03553 1.49069e-12 9.21476e-25 2.89055e-12 8.71178 4.03456 4.03456 1.69014e-10 -8.32049e-13 -2.00092e-11
8.54561 3.98953 3.98953 1.63308e-12 1.02103e-24 2.84898e-12 8.54628 3.99045 3.99045 -3.73006e-11 -1.09132e-14 1.21617e-10
8.71372 4.03528 4.03528 2.11924e-12 1.15873e-24 2.55662e-12 8.71401 4.0359 4.0359 6.78714e-11 3.40925e-13 -2.29825e-10
8.61424 4.00945 4.00945 2.49077e-12 9.82119e-25 1.81487e-12 8.61357 4.0082 4.0082 1.13575e-10 -3.7763e-13 -2.2703e-12
8.54387 3.98908 3.98908 2.62503e-12 5.81538e-25 1.0097e-12 8.54455 3.98994 3.98994 9.96072e-11 -6.64291e-13 7.75503e-11
8.74791 4.04278 4.04278 2.71528e-12 3.06106e-25 5.28527e-13 8.74701 4.0453 4.0453 -8.43832e-11 -8.66453e-13 5.00387e-10
8.63384 4.01493 4.01493 2.63417e-12 1.71548e-25 2.99885e-13 8.63342 4.01354 4.01354 -4.72583e-11 -1.66797e-12 -5.98316e-11
8.74243 4.04308 4.04308 2.24905e-12 -5.95084e-25 -1.24323e-12 8.74234 4.04268 4.04268 1.34134e-10 -6.17852e-13 -1.0711e-10
8.73355 4.04078 4.04078 2.01266e-12 -8.17596e-25 -1.90371e-12 8.73363 4.04054 4.04054 -1.77605e-11 -5.74422e-13 -2.51957e-11
8.71491 4.03617 4.03617 1.72357e-12 -9.05563e-25 -2.45618e-12 8.71527 4.0357 4.0357 -5.71472e-11 6.1129e-13 6.01458e-11
8.67458 4.02603 4.02603 1.07027e-12 -6.73339e-25 -2.91607e-12 8.67477 4.02465 4.02465 -9.09185e-12 5.83966e-13 -8.53327e-12
8.55758 3.99298 3.99298 1.39633e-14 -8.50501e-27 -2.88777e-12 8.55778 3.99351 3.99351 -1.05477e-11 -2.5917e-15 -2.96763e-11
8.61474 4.00955 4.00955 -3.18502e-13 1.76357e-25 -2.54768e-12 8.61411 4.00838 4.00838 2.99135e-10 -8.50134e-13 -9.76822e-11
8.57394 3.99741 3.99741 -1.13599e-12 4.61609e-25 -1.8617e-12 8.57406 3.99817 3.99817 2.09685e-11 6.82481e-13 4.02941e-10
8.54816 3.99062 3.99062 -1.76405e-12 4.61849e-25 -1.19338e-12 8.54816 3.99052 3.99052 1.16056e-10 -1.01577e-12 3.31533e-11
8.56083 3.99394 3.99394 -1.8778e-12 4.00595e-25 -9.72303e-13 8.56091 3.99432 3.99432 -1.20071e-10 8.78308e-13 1.32562e-10
8.68726 4.02925 4.02925 -2.05596e-12 2.93959e-25 -6.66968e-13 8.68761 4.0282 4.0282 3.66561e-11 -1.14461e-13 1.94074e-10
8.69955 4.03132 4.03132 -2.42993e-12 -3.00629e-26 6.22241e-14 8.69994 4.03248 4.03248 3.85339e-11 1.70863e-12 -6.28304e-11
8.69152 4.03036 4.03036 -2.73669e-12 -7.00554e-25 1.19773e-12 8.69191 4.02935 4.02935 2.99004e-10 -6.92532e-14 -9.63054e-11
8.74707 4.04263 4.04263 -2.73912e-12 -8.13756e-25 1.40343e-12 8.74622 4.04505 4.04505 -1.0326e-10 -2.01464e-13 -8.54144e-11
8.55825 3.99293 3.99293 -4.54826e-15 6.59318e-29 -6.61323e-14 8.55878 3.99406 3.99406 2.97613e-10 -7.20822e-13 2.25821e-10
8.71124 4.03551 4.03551 -1.38744e-14 2.86557e-28 -9.65773e-14 8.71166 4.03452 4.03452 -1.01323e-11 -6.54074e-13 -1.28978e-10
8.57275 3.99725 3.99725 -1.17579e-12 4.17875e-25 -1.62607e-12 8.57267 3.99759 3.99759 3.10355e-11 4.7585e-14 -1.43767e-10
8.57879 3.99913 3.99913 -1.90895e-12 7.90132e-25 -1.8956e-12 8.57843 3.99898 3.99898 1.01643e-10 9.32683e-14 8.8626e-11
8.65039 4.01933 4.01933 -2.27741e-12 9.64779e-25 -1.96182e-12 8.6503 4.01824 4.01824 -5.14304e-11 3.39156e-14 -9.59256e-11
8.70143 4.0326 4.0326 -2.81356e-12 1.0847e-24 -1.79998e-12 8.70184 4.03228 4.03228 -6.28142e-11 -5.71404e-13 -2.8225e-11
8.70797 4.03329 4.03329 -2.9135e-12 1.07687e-24 -1.72781e-12 8.70826 4.03485 4.03485 -2.74461e-10 -1.3069e-12 1.20166e-10
8.56176 3.99396 3.99396 -2.90785e-12 1.01728e-24 -1.598e-12 8.56215 3.99494 3.99494 2.9761e-10 -8.56189e-13 -1.82115e-10
8.55857 3.99283 3.99283 -2.9322e-12 8.7988e-25 -1.37007e-12 8.55935 3.99443 3.99443 2.08556e-10 3.14352e-13 2.55657e-10
8.73011 4.03877 4.03877 -2.92904e-12 5.65126e-25 -9.05168e-13 8.72994 4.0406 4.0406 -3.68231e-11 3.98587e-13 -1.5024e-10
8.73357 4.04062 4.04062 -2.79196e-12 3.97297e-25 -6.67847e-13 8.73361 4.04067 4.04067 -1.97538e-10 -5.90536e-13 1.53596e-10
8.54535 3.98952 3.98952 -2.46707e-12 2.52655e-25 -4.66667e-13 8.54592 3.99027 3.99027 -7.69579e-11 -8.91701e-14 7.28384e-11
8.74654 4.04327 4.04327 -1.25613e-12 3.18758e-25 -1.19407e-12 8.74602 4.04433 4.04433 -1.91292e-10 -9.10807e-13 1.42898e-11
8.71753 4.03661 4.03661 -9.40707e-13 2.69476e-25 -1.34178e-12 8.71783 4.03657 4.03657 -1.77053e-10 4.70285e-13 -2.73952e-12
8.73833 4.0417 4.0417 -7.65467e-13 2.2647e-25 -1.39143e-12 8.73822 4.04194 4.04194 -3.57537e-11 2.63338e-13 -1.10107e-10
8.66077 4.02234 4.02234 -4.95382e-13 1.49263e-25 -1.39953e-12 8.66077 4.02088 4.02088 -1.94082e-11 4.42909e-13 -6.78231e-11
8.73077 4.03978 4.03978 -3.66183e-13 1.08436e-25 -1.39165e-12 8.73083 4.04008 4.04008 1.60678e-10 3.56952e-13 9.93425e-11
8.58584 4.00095 4.00095 -2.19117e-13 5.99951e-26 -1.25646e-12 8.58562 4.00112 4.00112 -1.85261e-10 7.02107e-13 -9.06767e-11
8.59824 4.00436 4.00436 -6.9867e-14 1.33078e-26 -8.78801e-13 8.59804 4.00458 4.00458 -6.51084e-12 -5.92038e-13 -1.01828e-10
8.54797 3.99002 3.99002 2.44829e-14 -3.51621e-27 -6.62056e-13 8.54885 3.99136 3.99136 -1.40102e-10 -1.12254e-13 2.0924e-10
8.55031 3.99077 3.99077 2.45329e-13 -4.53816e-26 -8.44816e-13 8.55096 3.99183 3.99183 -7.60729e-11 2.62279e-13 -1.10939e-10
8.69399 4.03017 4.03017 1.53334e-12 -3.41216e-25 -1.03772e-12 8.69442 4.03076 4.03076 1.26398e-10 1.6517e-13 1.16576e-10
8.67766 4.02673 4.02673 1.53367e-12 -2.89821e-25 -8.7882e-13 8.67792 4.02561 4.02561 4.95403e-11 3.67755e-13 -5.66493e-11
8.64911 4.01861 4.01861 1.43937e-12 -2.27736e-25 -7.32576e-13 8.64916 4.01829 4.01829 4.80737e-11 -9.83631e-15 -3.32759e-11
8.70911 4.03446 4.03446 1.34354e-12 -1.93262e-25 -6.73802e-13 8.70948 4.03439 4.03439 5.1592e-11 -1.58237e-14 6.88753e-11
8.74878 4.04324 4.04324 9.85412e-13 -1.46212e-25 -7.00349e-13 8.74794 4.04532 4.04532 8.94028e-11 5.88981e-13 -2.29067e-10
8.55944 3.99339 3.99339 3.87897e-13 -1.06931e-25 -1.26156e-12 8.55977 3.99419 3.99419 -7.08289e-11 -2.89239e-13 5.82051e-11
8.68101 4.02741 4.02741 4.012e-13 -1.13998e-25 -1.33173e-12 8.68133 4.0267 4.0267 6.38012e-11 -2.37839e-13 -1.03871e-10
8.55439 3.99236 3.99236 1.20195e-12 -2.10816e-25 -8.00334e-13 8.55427 3.99223 3.99223 -1.39678e-10 2.39541e-13 1.06224e-10
8.56364 3.99456 3.99456 1.34226e-12 -1.94799e-25 -6.63531e-13 8.56389 3.99533 3.99533 4.41729e-11 -4.35431e-13 -2.23122e-11
8.67598 4.02551 4.02551 1.3565e-12 -1.81217e-25 -6.24317e-13 8.67637 4.0259 4.0259 -1.3286e-10 1.36729e-12 -1.57599e-10
8.54801 3.99027 3.99027 1.11157e-12 -1.76822e-25 -7.25375e-13 8.5485 3.99099 3.99099 2.86308e-11 -8.02407e-13 -1.4516e-10
8.72097 4.0375 4.0375 8.89182e-13 -1.81391e-25 -9.59271e-13 8.72123 4.03744 4.03744 -2.18455e-10 8.4438e-13 -7.7305e-11
8.57896 3.99883 3.99883 6.57064e-13 -1.73637e-25 -1.21044e-12 8.57902 3.99952 3.99952 -1.98158e-10 3.13554e-13 2.19519e-10
8.62533 4.01238 4.01238 5.45849e-13 -1.705e-25 -1.44125e-12 8.62492 4.01143 4.01143 3.22382e-12 -2.48462e-13 -3.79477e-12
8.74928 4.04302 4.04302 7.54349e-13 -2.19834e-25 -1.37324e-12 8.74827 4.0457 4.0457 -5.49583e-11 7.87008e-14 2.38138e-10
8.54464 3.98907 3.98907 1.08019e-12 -2.25401e-25 -9.51491e-13 8.54565 3.9905 3.9905 1.86962e-10 -3.24473e-13 -7.034e-11
8.6947 4.03028 4.03028 1.22671e-12 -2.13692e-25 -8.12254e-13 8.69512 4.03102 4.03102 -2.62771e-10 -1.0745e-13 5.58273e-11
8.57308 3.99776 3.99776 1.23962e-12 -1.0973e-25 -4.05836e-13 8.57247 3.99708 3.99708 7.40186e-11 -3.88183e-13 1.31589e-10
8.57354 3.99761 3.99761 9.64326e-13 -9.44e-26 -4.49406e-13 8.57329 3.99762 3.99762 -1.78508e-11 1.21708e-13 -1.44392e-10
8.74514 4.0436 4.0436 5.65334e-13 -1.06573e-25 -8.85789e-13 8.74492 4.04346 4.04346 2.38249e-10 -3.79283e-13 -2.05722e-10
8.58829 4.00165 4.00165 5.27932e-13 -1.22596e-25 -1.06851e-12 8.58804 4.00177 4.00177 1.3116e-10 7.99445e-14 4.9668e-11
8.73204 4.04061 4.04061 5.48785e-13 -1.45531e-25 -1.24662e-12 8.73221 4.03999 4.03999 6.39221e-11 -7.90491e-13 -3.7593e-11
8.54499 3.98935 3.98935 1.22483e-12 -3.39414e-25 -1.26261e-12 8.54569 3.99029 3.99029 1.53814e-10 -1.9172e-13 2.68886e-10
8.65235 4.01998 4.01998 1.22832e-12 -1.95279e-25 -7.37456e-13 8.65223 4.01866 4.01866 -6.05529e-11 -1.556e-14 2.21952e-10
8.57483 3.99742 3.99742 6.63847e-13 -7.3793e-26 -5.09743e-13 8.57524 3.99876 3.99876 1.98832e-10 -1.25036e-12 -8.32795e-11
8.73229 4.03983 4.03983 5.55112e-13 -9.25947e-26 -7.92378e-13 8.73222 4.04073 4.04073 -4.75859e-11 1.59351e-12 1.11939e-10
8.73286 4.04038 4.04038 6.5967e-13 -2.00368e-25 -1.43278e-12 8.73289 4.04054 4.04054 7.94969e-11 -5.54972e-14 1.21272e-11
8.67806 4.02611 4.02611 1.25623e-12 -2.98755e-25 -1.10839e-12 8.67845 4.02641 4.02641 -1.81936e-10 6.28805e-14 8.25312e-11
8.55853 3.99359 3.99359 1.19617e-12 -2.40994e-25 -9.21065e-13 8.55822 3.99324 3.99324 -4.44749e-11 -2.0446e-14 -8.29462e-11
8.55465 3.99248 3.99248 1.07737e-12 -1.47331e-25 -6.24041e-13 8.55445 3.99222 3.99222 2.25984e-11 1.16183e-12 2.48901e-11
8.6608 4.02234 4.02234 7.25827e-13 -2.64954e-26 -1.6859e-13 8.66079 4.0209 4.0209 -3.18461e-11 -1.23115e-12 8.82139e-11
8.55443 3.99158 3.99158 6.82895e-13 -1.9239e-26 -1.30114e-13 8.55547 3.99347 3.99347 -4.78165e-11 5.24582e-13 2.09458e-10
8.66457 4.02236 4.02236 7.34626e-13 -2.36471e-26 -1.49075e-13 8.66492 4.02293 4.02293 -1.68232e-10 4.8406e-13 2.79524e-10
8.61751 4.00948 4.00948 7.81409e-13 -2.91357e-26 -1.71903e-13 8.61756 4.01016 4.01016 -7.87917e-11 -5.22184e-13 9.86499e-11
8.73714 4.04059 4.04059 1.28688e-12 -2.58107e-25 -9.41549e-13 8.7368 4.04229 4.04229 -2.69441e-10 1.13163e-12 -9.87559e-11
8.58478 4.00036 4.00036 1.15585e-12 -3.96486e-25 -1.57475e-12 8.58488 4.00123 4.00123 -8.66886e-11 4.8152e-13 -1.6194e-10
8.60316 4.00542 4.00542 8.83973e-13 -3.58491e-25 -1.86807e-12 8.60325 4.00633 4.00633 1.67403e-10 -5.20954e-13 -4.38691e-11
8.64794 4.01764 4.01764 6.15966e-13 -2.84913e-25 -2.14372e-12 8.64827 4.01867 4.01867 -1.15366e-10 -8.17195e-13 -1.19172e-10
8.74255 4.0428 4.0428 6.11809e-13 -2.98029e-25 -2.29603e-12 8.74235 4.04295 4.04295 7.30654e-11 -4.62375e-13 1.38023e-10
8.71424 4.03622 4.03622 6.25365e-13 -3.21591e-25 -2.41327e-12 8.71464 4.03534 4.03534 2.55363e-10 -6.16764e-13 -8.65815e-12
8.6154 4.00948 4.00948 1.12776e-12 -6.11758e-25 -2.50031e-12 8.61498 4.00887 4.00887 1.45031e-10 8.4635e-15 -1.47054e-10
8.70926 4.03501 4.03501 1.20014e-12 -6.3451e-25 -2.47561e-12 8.70967 4.03398 4.03398 -8.80866e-12 -1.29079e-12 6.021e-11
8.58475 4.00095 4.00095 1.15534e-12 -5.45666e-25 -2.16578e-12 8.58418 4.00039 4.00039 -1.9521e-10 9.58283e-13 -4.47132e-12
8.58683 4.00139 4.00139 8.73919e-13 -3.48918e-25 -1.83142e-12 8.58643 4.00117 4.00117 -5.83818e-11 -7.89634e-13 2.95792e-11
8.66945 4.02396 4.02396 7.40345e-13 -2.55822e-25 -1.60879e-12 8.66975 4.02396 4.02396 1.83668e-10 3.84325e-13 8.56373e-11
8.68807 4.02957 4.02957 6.87194e-13 -1.8132e-25 -1.23375e-12 8.68842 4.02832 4.02832 -9.61558e-12 4.44325e-13 -8.05141e-11
8.73664 4.04082 4.04082 1.14803e-12 -3.3516e-27 -1.62142e-14 8.73643 4.04189 4.04189 -8.84143e-11 -9.73885e-13 -7.03153e-12
8.7033 4.03284 4.03284 1.28923e-12 2.32832e-25 8.41792e-13 8.70369 4.03298 4.03298 -1.96177e-10 4.89243e-13 2.66709e-11
8.64433 4.01703 4.01703 9.35598e-13 3.46826e-25 1.71567e-12 8.64446 4.01728 4.01728 -1.78094e-10 1.09498e-12 1.17476e-10
8.7071 4.03417 4.03417 7.68524e-13 3.39227e-25 2.06158e-12 8.7075 4.03367 4.03367 -3.82473e-11 -1.8595e-13 -1.92417e-10
8.55196 3.99164 3.99164 6.31731e-13 3.40372e-25 2.45609e-12 8.55195 3.99162 3.99162 -4.08471e-11 -3.18547e-14 1.14606e-10
8.74279 4.04277 4.04277 6.88803e-13 4.11168e-25 2.80647e-12 8.74255 4.04308 4.04308 -5.62263e-11 8.2642e-13 -1.22087e-11
8.57822 3.99878 3.99878 9.11024e-13 5.88655e-25 2.95826e-12 8.57808 3.99909 3.99909 -9.39413e-11 -5.1537e-13 -2.33168e-10
8.65213 4.01967 4.01967 9.6641e-13 3.53631e-25 1.69598e-12 8.65213 4.01887 4.01887 9.23004e-11 -9.33349e-13 -1.2098e-10
8.56455 3.9953 3.9953 8.86954e-13 2.96678e-25 1.52844e-12 8.56411 3.99485 3.99485 -1.06865e-11 -1.68128e-13 -5.45512e-11
8.74861 4.04313 4.04313 7.71257e-13 1.62603e-25 9.89994e-13 8.74776 4.04534 4.04534 2.58779e-10 5.70149e-14 -5.14848e-12
8.62769 4.01258 4.01258 7.45836e-13 6.85161e-26 4.24274e-13 8.6276 4.0126 4.0126 4.84876e-10 1.89409e-12 2.52533e-10
8.58517 4.00028 4.00028 8.03869e-13 5.76006e-26 3.26773e-13 8.58548 4.0016 4.0016 2.50928e-11 -5.05859e-13 -2.06843e-10
8.64928 4.01853 4.01853 9.34646e-13 5.67574e-26 2.78584e-13 8.64939 4.01847 4.01847 9.98892e-11 1.3457e-12 -2.1868e-10
8.63434 4.0147 4.0147 -1.97929e-14 -1.64322e-29 3.53736e-15 8.63415 4.01411 4.01411 -2.10392e-11 -2.61944e-13 2.31287e-11
8.55058 3.99124 3.99124 -7.40482e-14 -5.83121e-28 3.5592e-14 8.55061 3.99127 3.99127 -2.04002e-11 -9.88704e-13 -1.02629e-11
8.74861 4.0434 4.0434 -6.52701e-13 -5.88283e-26 4.24121e-13 8.74787 4.04513 4.04513 -1.3079e-10 3.46133e-14 -3.21359e-12
8.70257 4.03333 4.03333 -8.48497e-13 -1.01037e-25 5.56012e-13 8.703 4.03219 4.03219 2.12424e-10 -3.64869e-13 -1.1551e-10
8.70067 4.03249 4.03249 -2.68544e-12 -1.19861e-24 2.08358e-12 8.70108 4.032 4.032 1.71621e-10 -9.52079e-13 8.89874e-11
8.7302 4.04016 4.04016 -2.88067e-12 -1.34864e-24 2.19571e-12 8.73041 4.03952 4.03952 -7.38994e-13 5.14685e-13 -1.31284e-10
8.68449 4.02791 4.02791 -2.85634e-12 -1.54964e-24 2.5263e-12 8.6849 4.02804 4.02804 -5.24513e-12 -5.45136e-13 -7.36739e-11
8.67118 4.02515 4.02515 -2.50874e-12 -1.36708e-24 2.53175e-12 8.67133 4.02371 4.02371 -1.83208e-10 1.07969e-13 -9.9125e-11
8.64501 4.01802 4.01802 -1.24919e-12 -5.47219e-25 2.02685e-12 8.64476 4.0166 4.0166 -1.06693e-10 -1.10345e-12 -1.46183e-10
8.54733 3.99022 3.99022 -7.64059e-13 -3.07686e-25 1.83517e-12 8.54762 3.99057 3.99057 -1.66419e-10 -8.19281e-13 5.30979e-11
8.73651 4.0417 4.0417 -1.69956e-13 -5.54902e-26 1.53129e-12 8.73658 4.04114 4.04114 7.30597e-11 -5.48324e-13 9.40136e-11
8.659 4.0213 4.0213 2.10029e-13 4.78321e-26 1.05621e-12 8.65917 4.02098 4.02098 -4.32504e-11 7.68531e-14 -1.21932e-10
8.60121 4.00522 4.00522 4.98198e-13 7.48793e-26 6.9083e-13 8.60098 4.00536 4.00536 -3.28809e-11 2.28081e-13 1.85291e-10
8.55361 3.99183 3.99183 1.70746e-12 -5.83272e-26 -1.55832e-13 8.55397 3.99251 3.99251 2.69152e-10 3.21144e-13 2.48044e-10
8.7168 4.03683 4.03683 2.8401e-12 -9.12226e-25 -1.50323e-12 8.71717 4.03604 4.03604 -2.01268e-11 1.8128e-13 -4.0613e-11
8.7225 4.0383 4.0383 2.68055e-12 -1.62509e-24 -2.83988e-12 8.72282 4.03749 4.03749 9.27221e-11 1.63204e-13 -2.12626e-10
8.56031 3.9936 3.9936 2.26666e-12 -1.44776e-24 -2.91683e-12 8.56066 3.99447 3.99447 5.91033e-11 -5.61818e-13 2.17493e-10
8.62918 4.01364 4.01364 2.1313e-12 -1.37465e-24 -2.97691e-12 8.62869 4.01227 4.01227 -4.08971e-11 -9.98968e-14 -2.41327e-11
8.59251 4.00327 4.00327 1.73239e-12 -1.08748e-24 -2.88081e-12 8.59178 4.00233 4.00233 7.44228e-11 5.2025e-13 -1.96443e-10
8.59343 4.00307 4.00307 8.74064e-13 -4.76731e-25 -2.5033e-12 8.59318 4.0032 4.0032 -2.84803e-11 7.24135e-14 -3.51099e-10
8.61058 4.00842 4.00842 5.00872e-13 -2.4874e-25 -2.28487e-12 8.60988 4.00719 4.00719 1.4953e-10 -3.24569e-13 5.99193e-11
8.70832 4.03478 4.03478 5.68232e-14 -2.41581e-26 -1.9871e-12 8.70875 4.03373 4.03373 -3.89525e-11 -4.3834e-13 -9.58623e-11
8.72638 4.03823 4.03823 -1.38546e-12 2.14816e-25 -7.27395e-13 8.72642 4.03934 4.03934 1.22458e-10 -4.66815e-13 -2.39901e-11
8.61986 4.01074 4.01074 -1.84525e-12 1.01431e-25 -2.54053e-13 8.61948 4.01007 4.01007 -1.01424e-10 4.93037e-13 2.14513e-10
8.62409 4.01184 4.01184 -2.12716e-12 -5.56681e-27 1.15151e-14 8.6238 4.01132 4.01132 -3.38496e-11 -1.06904e-12 -1.09957e-10
8.63731 4.01536 4.01536 -2.57934e-12 -2.43141e-25 4.35167e-13 8.63725 4.0151 4.0151 -1.01137e-11 9.47343e-13 -1.53425e-10
8.74033 4.04259 4.04259 -3.13001e-12 -8.11351e-25 1.21705e-12 8.7403 4.04213 4.04213 -1.69595e-10 8.74947e-13 7.34977e-12
8.56966 3.99665 3.99665 -3.18339e-12 -1.27234e-24 1.82744e-12 8.56927 3.99636 3.99636 -5.17487e-11 1.23007e-12 -5.50387e-11
8.63383 4.01494 4.01494 -3.12e-12 -1.37211e-24 2.03103e-12 8.6334 4.01353 4.01353 -1.1534e-10 1.80634e-13 -2.37504e-10
8.7299 4.0385 4.0385 -2.99586e-12 -1.43474e-24 2.24572e-12 8.72967 4.04071 4.04071 -1.60206e-10 -2.19122e-12 -1.46373e-10
8.55257 3.99127 3.99127 -2.40799e-12 -1.32348e-24 2.50693e-12 8.55336 3.99265 3.99265 2.08215e-10 9.12915e-13 8.27508e-12
8.72751 4.03954 4.03954 -2.23974e-12 -1.27167e-24 2.66001e-12 8.72777 4.03879 4.03879 -7.71779e-12 -4.96995e-13 9.43725e-11
8.73837 4.04188 4.04188 -1.6475e-12 -9.40573e-25 2.67861e-12 8.73832 4.04182 4.04182 -1.09375e-10 -2.395e-13 -1.43063e-10
8.54337 3.9892 3.9892 -1.14324e-12 -6.25405e-25 2.49124e-12 8.54362 3.98935 3.98935 -4.67036e-11 1.498e-14 -2.15902e-10
8.68791 4.02912 4.02912 -7.92038e-13 -4.1283e-25 2.42438e-12 8.68829 4.02865 4.02865 -8.61101e-11 -5.06191e-13 -2.27174e-12
8.56622 3.99577 3.99577 -4.98476e-13 -2.46062e-25 2.25597e-12 8.56576 3.99529 3.99529 -1.55224e-12 2.42391e-13 -3.68529e-12
8.55717 3.99282 3.99282 5.21826e-13 1.7405e-25 1.52247e-12 8.55745 3.99347 3.99347 -1.25491e-10 -6.27855e-13 -1.11118e-10
8.73468 4.04119 4.04119 1.23094e-12 2.39741e-25 9.15098e-13 8.73477 4.04072 4.04072 8.23295e-11 8.68555e-14 -4.75961e-11
8.62067 4.01087 4.01087 1.86415e-12 7.73635e-26 1.91128e-13 8.62037 4.01041 4.01041 -2.17658e-11 -8.00113e-13 8.47604e-11
8.56733 3.996 3.996 2.76966e-12 -9.61358e-25 -1.5866e-12 8.56696 3.99572 3.99572 -7.15168e-11 -4.574e-14 -2.89679e-11
8.71139 4.03554 4.03554 2.74745e-12 -1.16552e-24 -1.98373e-12 8.7118 4.03456 4.03456 -5.69567e-11 -1.52184e-12 -2.90738e-11
8.57366 3.99741 3.99741 2.57921e-12 -1.1504e-24 -2.04108e-12 8.57368 3.99798 3.99798 4.06278e-11 -1.37928e-12 3.92379e-10
8.56073 3.99418 3.99418 2.4721e-12 -1.13839e-24 -2.1027e-12 8.56041 3.99387 3.99387 1.30868e-10 5.0061e-13 -4.79752e-12
8.56989 3.99674 3.99674 2.0155e-12 -1.03911e-24 -2.3577e-12 8.56947 3.99639 3.99639 -1.16492e-11 2.01467e-13 2.03679e-10
8.74555 4.04351 4.04351 7.71023e-13 -4.28895e-25 -2.61534e-12 8.74525 4.04371 4.04371 2.63141e-11 6.37167e-13 7.39443e-11
8.74155 4.04287 4.04287 5.57324e-13 -3.06135e-25 -2.58013e-12 8.74149 4.04245 4.04245 2.44104e-10 -3.3333e-13 -4.89816e-11
8.55059 3.99134 3.99134 3.00174e-13 -1.61006e-25 -2.4463e-12 8.55047 3.99112 3.99112 5.13805e-11 -1.9405e-13 -1.05488e-10
8.74134 4.04284 4.04284 -8.09573e-13 3.58038e-25 -2.07957e-12 8.74129 4.04239 4.04239 6.23892e-11 -1.4907e-13 2.02443e-11
8.56392 3.99488 3.99488 -1.30817e-12 5.28293e-25 -1.84522e-12 8.56383 3.99504 3.99504 3.00244e-11 2.07786e-13 8.14839e-11
8.72083 4.0378 4.0378 -2.35436e-12 3.82475e-25 -7.61467e-13 8.72116 4.03712 4.03712 4.28607e-11 -5.39498e-13 6.86152e-11
8.59802 4.00433 4.00433 -2.80717e-12 9.96494e-26 -1.63188e-13 8.5978 4.00448 4.00448 5.18445e-12 1.56463e-12 -4.60762e-11
8.54456 3.98943 3.98943 -2.9261e-12 -4.83482e-25 7.52704e-13 8.54495 3.98985 3.98985 4.72542e-11 4.34535e-13 8.77439e-11
8.54738 3.99043 3.99043 -2.74445e-12 -6.76056e-25 1.12266e-12 8.54736 3.99028 3.99028 -5.38059e-11 2.54109e-13 -2.76501e-11
8.64281 4.01726 4.01726 -2.18219e-12 -8.46895e-25 1.79495e-12 8.64261 4.01617 4.01617 7.38179e-12 6.90425e-13 8.67517e-11
8.54741 3.98989 3.98989 -1.48707e-12 -6.9305e-25 2.12371e-12 8.54826 3.99118 3.99118 -1.75639e-10 -9.9782e-14 2.30938e-10
8.56017 3.99382 3.99382 1.17448e-13 6.84721e-26 2.66193e-12 8.56015 3.99403 3.99403 1.7071e-10 8.28251e-13 1.68838e-10
8.60785 4.00689 4.00689 2.82115e-13 1.64691e-25 2.68427e-12 8.60781 4.00741 4.00741 -6.62527e-11 -6.22448e-13 1.79932e-10
8.71919 4.03738 4.03738 1.15996e-12 6.37713e-25 2.57225e-12 8.71953 4.0367 4.0367 3.62562e-11 -4.68285e-13 2.29286e-11
8.62643 4.01287 4.01287 1.83519e-12 9.14967e-25 2.2992e-12 8.6259 4.01151 4.01151 -5.3135e-11 -1.70267e-13 3.08617e-11
8.60217 4.00574 4.00574 2.21764e-12 1.02225e-24 2.11874e-12 8.60172 4.0053 4.0053 -2.78797e-10 -4.36033e-13 -1.85217e-11
8.71996 4.03738 4.03738 2.67605e-12 1.12962e-24 1.97575e-12 8.72026 4.03707 4.03707 -1.35094e-10 3.82476e-13 2.20743e-10
8.70535 4.03301 4.03301 3.06673e-12 1.14024e-24 1.7368e-12 8.7057 4.03383 4.03383 2.13371e-10 3.20142e-13 -3.02358e-10
8.74522 4.04325 4.04325 3.20897e-12 1.10972e-24 1.62548e-12 8.74486 4.04377 4.04377 -5.35003e-11 -5.14297e-13 7.81084e-12
8.74166 4.04241 4.04241 3.23194e-12 4.80842e-25 6.9897e-13 8.74142 4.04286 4.04286 4.07586e-11 7.64993e-13 6.70146e-11
8.6535 4.02021 4.02021 1.7234e-12 -6.89791e-26 -1.85298e-13 8.65344 4.01906 4.01906 1.59704e-10 -6.84291e-13 6.47495e-11
8.59431 4.00364 4.00364 1.41575e-12 -9.54222e-26 -3.09708e-13 8.59373 4.00301 4.00301 6.74193e-11 -3.43604e-13 4.25772e-11
8.73982 4.04228 4.04228 1.06401e-12 -1.11227e-25 -4.90885e-13 8.73975 4.04215 4.04215 -1.92704e-10 5.37696e-13 -3.34361e-10
8.74663 4.04361 4.04361 5.56465e-13 -9.1916e-26 -7.76506e-13 8.74623 4.0441 4.0441 1.16257e-10 -3.78761e-13 2.62824e-10
8.72205 4.0381 4.0381 -1.61864e-12 7.53188e-25 -2.17952e-12 8.72236 4.03744 4.03744 4.12877e-11 -5.95876e-13 1.90166e-10
8.70425 4.03377 4.03377 -2.00911e-12 1.01673e-24 -2.36345e-12 8.70468 4.03263 4.03263 5.41489e-11 -1.30019e-12 -7.6727e-11
8.66884 4.02437 4.02437 -2.51909e-12 1.40054e-24 -2.58192e-12 8.669 4.02322 4.02322 -1.51178e-10 -5.74645e-13 -7.63126e-11
8.67136 4.02507 4.02507 -3.07218e-12 1.7893e-24 -2.70615e-12 8.67155 4.02388 4.02388 3.28426e-11 5.35223e-13 -1.71716e-11
8.58707 4.00175 4.00175 -2.46385e-12 1.22042e-24 -2.27125e-12 8.58633 4.00083 4.00083 -1.30789e-10 2.51151e-13 -6.87052e-12
8.7077 4.03402 4.03402 -2.19602e-12 9.92991e-25 -2.1131e-12 8.70807 4.03409 4.03409 1.21358e-11 -3.23e-13 -1.19915e-11
8.56854 3.99645 3.99645 -1.91492e-12 7.96631e-25 -1.90179e-12 8.56802 3.99589 3.99589 5.86278e-11 2.58152e-14 -9.07686e-11
8.66131 4.02153 4.02153 -1.75881e-12 6.76418e-25 -1.78339e-12 8.66164 4.02201 4.02201 -2.96827e-10 -5.11164e-13 -1.29274e-10
8.55818 3.99339 3.99339 -9.6829e-13 2.33935e-25 -1.10226e-12 8.55801 3.99329 3.99329 1.59673e-10 9.21768e-13 4.0165e-11
8.73204 4.04063 4.04063 -4.73531e-13 6.20439e-26 -6.11098e-13 8.73222 4.03998 4.03998 1.02751e-10 -3.06523e-13 -7.02153e-12
8.62458 4.01229 4.01229 -1.80271e-13 1.14751e-26 -2.88376e-13 8.62407 4.01108 4.01108 8.34646e-11 -4.87013e-13 1.13689e-10
8.59734 4.00397 4.00397 8.12701e-14 8.70372e-29 2.42037e-15 8.59728 4.00452 4.00452 2.95723e-10 -1.34955e-12 -2.58549e-10
8.74088 4.04166 4.04166 -1.48307e-17 8.76741e-35 -1.24005e-17 8.74047 4.04311 4.04311 -1.23097e-10 7.21472e-13 1.80259e-10
8.57877 3.99896 3.99896 2.12921e-15 3.71175e-30 8.9211e-15 8.5786 3.9992 3.9992 -3.52743e-10 3.45913e-13 -7.01706e-11
8.73392 4.04082 4.04082 -1.52161e-15 -1.26245e-29 3.81683e-14 8.73398 4.04067 4.04067 4.41222e-11 -3.4534e-13 -1.68903e-10
8.60186 4.00555 4.00555 -3.64312e-13 -3.20484e-26 4.0434e-13 8.60149 4.00534 4.00534 5.90087e-11 -4.32682e-13 -1.77061e-10
8.57046 3.99701 3.99701 -7.74803e-13 -1.27416e-25 7.52138e-13 8.56989 3.99639 3.99639 -7.66315e-11 1.47209e-12 1.10306e-10
8.68891 4.02873 4.02873 -1.55295e-12 -4.63658e-25 1.39135e-12 8.68934 4.02952 4.02952 1.94495e-10 1.71984e-12 2.06732e-10
8.62502 4.01234 4.01234 -1.821e-12 -6.16516e-25 1.56168e-12 8.62458 4.0113 4.0113 5.36342e-11 -2.2379e-13 -2.41638e-10
8.55822 3.99297 3.99297 -1.97737e-12 -6.72115e-25 1.55177e-12 8.55868 3.99398 3.99398 -1.59307e-10 4.2552e-14 -3.23037e-10
8.613 4.00892 4.00892 -2.35635e-12 -7.02826e-25 1.37325e-12 8.61248 4.00808 4.00808 -8.40479e-11 2.41984e-13 -9.82921e-11
8.6936 4.03041 4.03041 -2.60244e-12 -6.69807e-25 1.20019e-12 8.69401 4.03035 4.03035 3.32972e-11 -4.1221e-13 3.21494e-11
8.55748 3.9933 3.9933 -2.72391e-12 -5.42443e-25 9.09005e-13 8.55717 3.99294 3.99294 -1.05946e-13 2.88612e-13 4.69299e-11
8.67879 4.02648 4.02648 -2.83927e-12 -4.23627e-25 6.94083e-13 8.67915 4.02644 4.02644 3.46958e-10 -2.2945e-13 6.63836e-11
8.55759 3.99303 3.99303 -2.27712e-12 -4.48112e-25 8.982e-13 8.55774 3.99345 3.99345 2.53429e-10 -1.02707e-12 1.43515e-10
8.68366 4.0279 4.0279 -1.23329e-12 -3.791e-25 1.43105e-12 8.68403 4.02762 4.02762 4.95753e-11 -4.51525e-15 2.88461e-12
8.62085 4.01108 4.01108 -3.40328e-13 -7.95822e-26 1.0774e-12 8.62044 4.01027 4.01027 2.68572e-11 4.34564e-13 -5.4265e-11
8.7467 4.04365 4.04365 -3.24211e-14 -5.22187e-27 7.49258e-13 8.7463 4.04411 4.04411 -1.82246e-10 -3.39799e-13 2.37317e-10
8.71389 4.03521 4.03521 5.69524e-14 8.35548e-27 6.82518e-13 8.71415 4.03603 4.03603 -7.59801e-11 -4.62517e-13 6.80813e-11
8.68522 4.02876 4.02876 1.18612e-13 1.87961e-26 7.38261e-13 8.68555 4.02761 4.02761 -6.69989e-11 2.79791e-13 -8.92636e-13
8.61568 4.00976 4.00976 3.86163e-13 8.90564e-26 1.06283e-12 8.61511 4.0087 4.0087 6.31471e-11 -6.87624e-14 -2.52199e-10
8.73672 4.04168 4.04168 5.91244e-13 1.5559e-25 1.2352e-12 8.73677 4.04124 4.04124 -1.16182e-10 6.17811e-13 1.69894e-10
8.59054 4.00273 4.00273 1.14569e-12 3.31522e-25 1.32792e-12 8.58979 4.00177 4.00177 1.20557e-10 -1.4387e-13 -1.05862e-10
8.56625 3.99555 3.99555 1.38011e-12 3.92925e-25 1.3017e-12 8.56611 3.99566 3.99566 5.46943e-11 4.39222e-13 1.18566e-10
8.71143 4.03522 4.03522 1.56899e-12 4.25427e-25 1.26801e-12 8.7118 4.03485 4.03485 9.8479e-11 2.28849e-13 -9.00767e-11
8.61356 4.00877 4.00877 1.71844e-12 3.83376e-25 1.02761e-12 8.61329 4.00861 4.00861 1.96775e-10 -5.28285e-13 -9.89065e-11
8.58677 4.00135 4.00135 1.70885e-12 2.70457e-25 7.26262e-13 8.58639 4.00119 4.00119 -1.48683e-10 1.94217e-13 -8.01871e-11
8.62892 4.01332 4.01332 1.68114e-12 2.5205e-25 6.92597e-13 8.62859 4.01249 4.01249 1.37531e-10 -8.92855e-13 -1.42569e-11
8.7381 4.04156 4.04156 1.6355e-12 2.43409e-25 6.99043e-13 8.73797 4.04195 4.04195 1.18927e-10 2.91086e-13 -2.43569e-10
8.60866 4.00769 4.00769 1.22495e-12 2.20925e-25 8.3072e-13 8.60812 4.00691 4.00691 7.78033e-13 -1.71662e-13 -1.99307e-10
8.559 3.99306 3.99306 4.7318e-13 1.28377e-25 1.23926e-12 8.55962 3.99438 3.99438 -2.8569e-10 1.27626e-12 3.60373e-11
8.56618 3.99572 3.99572 3.11442e-13 8.70408e-26 1.28037e-12 8.56578 3.99535 3.99535 -7.19628e-12 8.81825e-13 -1.94097e-10
8.57133 3.99697 3.99697 2.84355e-13 7.58265e-26 1.21978e-12 8.57112 3.99703 3.99703 3.24402e-10 1.45783e-12 1.30439e-10
8.73432 4.04116 4.04116 4.51138e-13 8.72558e-26 9.10963e-13 8.73444 4.04058 4.04058 -2.26908e-11 2.26989e-13 -5.64158e-11
8.55447 3.99206 3.99206 7.43244e-13 1.18663e-25 7.28326e-13 8.55481 3.99274 3.99274 -2.56398e-10 -1.423e-12 -1.07047e-10
8.67755 4.02641 4.02641 1.58426e-12 3.76205e-25 1.10539e-12 8.67787 4.02586 4.02586 2.56172e-10 -4.14535e-13 5.68672e-11
8.63736 4.01469 4.01469 1.37898e-12 3.67075e-25 1.23144e-12 8.63767 4.01586 4.01586 3.92313e-11 -4.45221e-13 -1.90985e-10
8.55513 3.99194 3.99194 6.0391e-13 1.15803e-25 8.75318e-13 8.5559 3.9934 3.9934 3.05017e-10 -2.22747e-12 1.1773e-11
8.70266 4.03321 4.03321 4.07071e-13 6.02643e-26 6.94538e-13 8.70308 4.03234 4.03234 -2.69401e-10 -6.42951e-14 -2.7339e-11
8.74572 4.04265 4.04265 5.5958e-13 9.69047e-26 8.13785e-13 8.74506 4.04446 4.04446 6.19362e-11 -2.11135e-12 6.11524e-11
8.61755 4.01027 4.01027 7.03414e-13 1.42294e-25 9.30282e-13 8.617 4.00922 4.00922 8.02702e-11 4.48282e-13 -4.59386e-11
8.72091 4.03696 4.03696 8.45737e-13 1.88816e-25 1.0446e-12 8.72107 4.03786 4.03786 3.12117e-11 -1.19635e-12 3.17544e-10
8.54743 3.99021 3.99021 1.05606e-12 2.37154e-25 1.02343e-12 8.54778 3.99066 3.99066 -8.97999e-11 2.06063e-13 8.86013e-11
8.61063 4.00815 4.00815 7.016e-13 1.06816e-25 6.98792e-13 8.61018 4.00756 4.00756 5.19013e-11 -8.37507e-14 2.39593e-10
8.54639 3.99004 3.99004 7.16591e-13 1.12297e-25 7.14192e-13 8.54656 3.99018 3.99018 1.95231e-11 -1.90352e-13 1.98218e-11
8.59109 4.00213 4.00213 8.87587e-13 1.7608e-25 9.0933e-13 8.59115 4.00295 4.00295 -1.83786e-10 9.679e-13 -2.351e-10
8.56498 3.99468 3.99468 1.12717e-12 2.90292e-25 1.17689e-12 8.56554 3.99607 3.99607 7.81639e-11 3.44088e-14 -6.46095e-11
8.56711 3.99571 3.99571 1.18883e-12 3.34543e-25 1.2864e-12 8.56706 3.996 3.996 2.16992e-10 7.41551e-14 -8.22679e-11
8.59224 4.00304 4.00304 1.17198e-12 3.29364e-25 1.28929e-12 8.59168 4.00247 4.00247 -9.42121e-12 1.38747e-13 -1.71788e-10
8.6836 4.02839 4.02839 1.05886e-12 2.81912e-25 1.23736e-12 8.68392 4.02713 4.02713 4.45135e-12 -4.90556e-13 2.63076e-11
8.6897 4.02957 4.02957 9.58623e-13 2.39978e-25 1.16362e-12 8.6901 4.02915 4.02915 -9.63402e-11 -6.19169e-13 -3.99428e-12
8.57668 3.99847 3.99847 6.82617e-13 1.20221e-25 8.0457e-13 8.57642 3.9985 3.9985 -7.3982e-12 -1.34294e-12 -2.0176e-10
8.61438 4.00923 4.00923 7.1076e-13 1.04811e-25 6.78831e-13 8.61393 4.00855 4.00855 -4.28192e-11 2.19066e-12 6.86468e-11
8.66999 4.02395 4.02395 1.00442e-12 1.87058e-25 8.64998e-13 8.67034 4.02425 4.02425 -4.24872e-11 1.17581e-12 1.3487e-10
8.59915 4.00411 4.00411 1.12873e-12 2.4903e-25 1.01392e-12 8.59943 4.00548 4.00548 -2.19081e-10 -1.17744e-12 1.6695e-10
8.63814 4.01581 4.01581 1.1908e-12 3.38347e-25 1.31346e-12 8.63795 4.01506 4.01506 6.95027e-11 3.53896e-13 2.24367e-10
8.65092 4.01903 4.01903 1.00739e-12 2.78469e-25 1.28069e-12 8.65103 4.01887 4.01887 4.98018e-11 1.96313e-13 2.60892e-11
8.58624 4.00105 4.00105 7.07257e-13 1.55569e-25 1.00849e-12 8.58604 4.00125 4.00125 -5.73904e-11 -2.78089e-13 8.19782e-11
8.62598 4.0125 4.0125 6.50553e-13 1.25722e-25 8.90047e-13 8.62562 4.01169 4.01169 -7.59971e-11 9.95571e-13 3.04973e-11
8.58443 4.00086 4.00086 6.90063e-13 1.14432e-25 7.5897e-13 8.58386 4.00031 4.00031 2.94594e-11 -3.09271e-13 -2.46317e-11
8.58755 4.00144 4.00144 8.46997e-13 1.52792e-25 8.26874e-13 8.5873 4.00157 4.00157 -1.65545e-13 -5.34396e-13 1.96992e-10
8.63982 4.01661 4.01661 1.0545e-12 2.17409e-25 9.52979e-13 8.63947 4.01516 4.01516 -1.43735e-12 -1.00379e-14 -6.8269e-11
8.74679 4.04241 4.04241 1.23375e-12 2.95511e-25 1.12686e-12 8.7459 4.04511 4.04511 4.07447e-10 -1.74672e-14 5.03784e-12
8.65953 4.02118 4.02118 1.28408e-12 3.355e-25 1.21181e-12 8.65978 4.02139 4.02139 -6.37368e-11 9.98422e-13 1.14288e-10
8.71834 4.03599 4.03599 1.00543e-12 2.56923e-25 1.19654e-12 8.71849 4.03747 4.03747 -2.98838e-10 -4.40614e-14 -7.46508e-11
8.71865 4.0361 4.0361 7.40427e-13 1.60306e-25 1.01386e-12 8.71879 4.03752 4.03752 1.71777e-10 4.64455e-14 6.67436e-11
8.58877 4.00193 4.00193 1.29947e-12 3.21896e-25 1.13619e-12 8.58835 4.00169 4.00169 -7.0221e-12 -1.12215e-12 1.13766e-10
8.55587 3.99285 3.99285 5.48657e-13 1.01877e-25 8.47075e-13 8.5556 3.99252 3.99252 1.10809e-10 -4.67852e-13 3.58583e-11
8.55087 3.99065 3.99065 4.3471e-13 7.62562e-26 8.00046e-13 8.55192 3.99242 3.99242 -9.24901e-12 -2.53275e-13 1.52786e-10
8.74314 4.0426 4.0426 5.25665e-13 1.08016e-25 9.62369e-13 8.7428 4.04337 4.04337 8.14872e-11 1.14538e-12 -7.41185e-11
8.74215 4.04299 4.04299 6.77115e-13 1.50901e-25 1.0449e-12 8.74206 4.04263 4.04263 8.43225e-11 1.28801e-13 8.49488e-11
8.66932 4.02462 4.02462 1.27575e-12 3.09817e-25 1.12771e-12 8.66945 4.02323 4.02323 1.01714e-10 8.85083e-13 -9.07814e-11
8.73129 4.03975 4.03975 1.32683e-12 2.97286e-25 1.04981e-12 8.73129 4.04034 4.04034 1.17944e-10 -1.06905e-12 -1.20247e-11
8.64169 4.01692 4.01692 5.27356e-13 1.21385e-25 1.06633e-12 8.64149 4.01589 4.01589 -2.2354e-10 -1.34073e-12 -1.63612e-11
8.65731 4.02064 4.02064 5.55569e-13 1.28544e-25 1.07221e-12 8.65753 4.02073 4.02073 -6.26342e-11 3.73114e-13 -1.56176e-10
8.5562 3.99261 3.99261 6.04536e-13 1.37978e-25 1.0423e-12 8.5564 3.9931 3.9931 9.85269e-11 1.02886e-12 -1.19041e-10
8.72564 4.03854 4.03854 7.98376e-13 1.7436e-25 1.0265e-12 8.7258 4.03875 4.03875 1.04639e-10 -5.38014e-13 5.02716e-11
8.70064 4.03151 4.03151 1.00771e-12 2.06197e-25 9.57988e-13 8.70102 4.03285 4.03285 -9.08103e-11 -2.90719e-13 1.89455e-10
8.54394 3.98908 3.98908 1.3692e-12 2.59044e-25 8.6161e-13 8.54464 3.98998 3.98998 4.84833e-11 4.14595e-13 7.10333e-11
8.59594 4.00349 4.00349 1.44518e-12 2.92535e-25 9.30226e-13 8.59598 4.00426 4.00426 5.65777e-11 -2.54377e-13 2.84898e-10
8.61747 4.00989 4.00989 2.16692e-13 4.00293e-26 8.51927e-13 8.61721 4.00964 4.00964 -5.93633e-11 2.19455e-15 -1.39591e-10
8.63292 4.0147 4.0147 3.34313e-13 6.23942e-26 8.61913e-13 8.63247 4.01328 4.01328 -5.65821e-12 4.6619e-13 1.46685e-10
8.57561 3.99844 3.99844 -1.74833e-14 5.29521e-29 -1.38645e-14 8.57501 3.99781 3.99781 1.21231e-10 -1.77761e-13 1.78201e-10
8.62521 4.01248 4.01248 -3.89357e-14 2.83579e-28 -3.35915e-14 8.62469 4.01124 4.01124 7.49208e-11 1.96228e-13 -7.29684e-12
8.58329 4.00062 4.00062 -6.39247e-14 8.04595e-28 -5.78297e-14 8.58263 3.99988 3.99988 3.35735e-11 -1.29181e-13 -6.98562e-13
8.63288 4.01458 4.01458 -4.60421e-13 3.64072e-26 -3.65226e-13 8.6325 4.01338 4.01338 -5.13843e-11 -4.26958e-13 2.00961e-10
8.70879 4.03398 4.03398 -1.1869e-12 2.73941e-25 -1.07893e-12 8.70912 4.03464 4.03464 1.82655e-10 -9.52225e-13 7.02283e-12
8.57487 3.99782 3.99782 -1.66661e-12 6.81792e-25 -1.87242e-12 8.5748 3.99821 3.99821 3.62251e-11 -4.85584e-13 -2.49842e-10
8.70016 4.03255 4.03255 -1.49967e-12 6.81528e-25 -2.12111e-12 8.70059 4.03169 4.03169 -3.03829e-11 -2.89532e-13 -2.81693e-11
8.58144 4.00012 4.00012 -1.29414e-12 6.15193e-25 -2.17776e-12 8.58076 3.99935 3.99935 -1.17209e-10 -1.7432e-13 6.87199e-11
8.71225 4.03447 4.03447 -7.69897e-13 4.07097e-25 -2.47348e-12 8.7125 4.03588 4.03588 4.72179e-11 9.9988e-13 2.60189e-10
8.56777 3.99611 3.99611 -5.17396e-13 2.86026e-25 -2.52712e-12 8.56742 3.99586 3.99586 1.8543e-10 -1.17046e-13 -8.20678e-11
8.73437 4.04116 4.04116 -5.46101e-13 2.95997e-25 -2.54384e-12 8.73449 4.0406 4.0406 -8.25583e-11 -2.82341e-13 -7.50878e-11
8.61154 4.00836 4.00836 -1.10334e-12 5.33101e-25 -2.22409e-12 8.61113 4.00786 4.00786 -1.91062e-10 5.51499e-13 -2.18025e-10
8.57692 3.99874 3.99874 -1.46021e-12 6.6286e-25 -2.07827e-12 8.5764 3.99827 3.99827 1.2684e-10 1.61096e-13 -2.19451e-11
8.69385 4.03006 4.03006 -6.66621e-13 1.9507e-25 -1.36441e-12 8.69427 4.03079 4.03079 -1.96502e-10 9.85479e-14 -6.31779e-11
8.68298 4.02828 4.02828 -5.56325e-13 3.1464e-26 -2.63242e-13 8.68327 4.02691 4.02691 4.9074e-11 5.27533e-14 1.29405e-10
8.58485 4.00037 4.00037 -6.50006e-13 1.84468e-26 -1.29727e-13 8.58497 4.00127 4.00127 -2.61032e-10 -1.52333e-12 2.13135e-10
8.55105 3.99095 3.99095 -9.30212e-13 -1.70336e-26 8.3343e-14 8.55171 3.99206 3.99206 -1.02129e-10 -5.75913e-13 -3.32449e-10
8.54678 3.99019 3.99019 -1.16286e-12 -7.50648e-26 2.94043e-13 8.54689 3.99023 3.99023 -1.31302e-10 -1.25433e-12 -1.72864e-10
8.65827 4.02165 4.02165 -1.3511e-12 -4.80498e-25 1.64915e-12 8.65823 4.02021 4.02021 -1.0008e-10 -4.02646e-14 4.29276e-12
8.54747 3.99038 3.99038 -1.08528e-12 -4.47625e-25 1.87947e-12 8.54757 3.99042 3.99042 7.17231e-11 7.6451e-14 -1.22972e-10
8.73465 4.04126 4.04126 -5.38646e-13 -2.81874e-25 2.45622e-12 8.73477 4.04067 4.04067 -1.54043e-10 4.35714e-13 -5.91938e-11
8.64817 4.0185 4.0185 -5.05892e-13 -2.79218e-25 2.55547e-12 8.64814 4.01787 4.01787 -1.88217e-12 -9.79168e-15 -1.02478e-10
8.7069 4.03316 4.03316 -8.59834e-13 -5.11101e-25 2.77827e-12 8.70721 4.03444 4.03444 -2.24835e-10 1.99599e-12 -2.31368e-10
8.58003 3.99932 3.99932 -9.97962e-13 -5.90946e-25 2.71213e-12 8.57984 3.99953 3.99953 2.97042e-10 1.01272e-12 5.75695e-11
8.73899 4.04173 4.04173 -1.42912e-12 -8.06703e-25 2.6516e-12 8.73882 4.04221 4.04221 -2.05572e-10 6.7532e-13 4.3335e-10
8.67108 4.02504 4.02504 -1.54653e-12 -8.26977e-25 2.48429e-12 8.67124 4.02376 4.02376 -7.28182e-12 -3.00487e-13 1.15934e-10
8.74699 4.04293 4.04293 -1.59802e-12 -8.09827e-25 2.38395e-12 8.74628 4.04479 4.04479 -3.1677e-10 5.56298e-13 -1.0997e-11
8.60084 4.00537 4.00537 -1.48791e-12 -6.87756e-25 2.12386e-12 8.60038 4.00494 4.00494 -2.87334e-11 -4.08467e-14 -4.24021e-11
8.62292 4.01186 4.01186 -1.32515e-12 -5.77909e-25 2.01063e-12 8.62237 4.01059 4.01059 -3.15076e-11 9.8448e-13 2.20171e-11
8.5861 4.00056 4.00056 -1.08148e-12 -4.43751e-25 1.88106e-12 8.58638 4.00182 4.00182 3.05807e-10 7.66712e-13 -6.33721e-11
8.73699 4.04157 4.04157 -6.63232e-13 -2.36784e-25 1.67622e-12 8.73698 4.04145 4.04145 2.61303e-10 -1.66808e-13 6.11994e-11
8.72019 4.03774 4.03774 -5.3558e-13 -3.63233e-26 3.17065e-13 8.72054 4.03687 4.03687 -1.07155e-10 1.71463e-13 6.82382e-11
8.62575 4.01242 4.01242 -6.88312e-13 -3.27681e-26 2.18289e-13 8.6254 4.01164 4.01164 1.27233e-10 -8.23483e-14 -9.08546e-11
8.73208 4.04037 4.04037 -8.86536e-13 -3.61759e-26 1.90423e-13 8.73218 4.04019 4.04019 -2.19798e-11 3.25578e-13 7.57314e-11
8.55316 3.99193 3.99193 -1.07517e-12 -4.25459e-26 1.80394e-13 8.55318 3.99202 3.99202 4.87305e-11 -1.26847e-14 -1.07379e-10
8.55489 3.99252 3.99252 -1.35928e-12 -6.48595e-26 2.1727e-13 8.55471 3.99232 3.99232 7.84997e-11 2.54069e-13 5.75057e-11
8.59095 4.00192 4.00192 -1.70496e-12 -3.49692e-25 9.40919e-13 8.59119 4.00314 4.00314 7.8148e-11 9.1518e-13 3.16406e-11
8.61899 4.0105 4.0105 -1.63952e-12 -4.95515e-25 1.3926e-12 8.61859 4.00983 4.00983 -6.75923e-13 -8.30801e-13 -1.39801e-10
8.54798 3.99059 3.99059 -1.07835e-12 -4.48966e-25 1.8974e-12 8.54796 3.99045 3.99045 5.91035e-11 4.21279e-13 -6.86997e-11
8.72923 4.03995 4.03995 -8.57878e-13 -3.8202e-25 2.08551e-12 8.72946 4.03925 4.03925 7.89332e-11 1.07499e-12 2.56245e-10
8.54411 3.98942 3.98942 -3.13246e-13 -1.68924e-25 2.45625e-12 8.54432 3.98954 3.98954 6.32512e-11 2.12213e-13 1.754e-10
8.71368 4.03467 4.03467 -6.74709e-13 -4.05146e-25 2.80797e-12 8.71387 4.03638 4.03638 -5.03776e-11 2.48697e-13 -1.92415e-10
8.57012 3.99691 3.99691 -1.18119e-12 -6.62636e-25 2.56564e-12 8.56956 3.99629 3.99629 -1.30535e-10 1.95132e-12 2.38428e-11
8.74165 4.04257 4.04257 -1.61384e-12 -8.01261e-25 2.33286e-12 8.74147 4.04274 4.04274 2.95589e-10 1.3623e-12 -1.10318e-10
8.63002 4.01305 4.01305 -1.74148e-12 -7.81449e-25 2.07125e-12 8.63006 4.01344 4.01344 9.20059e-11 3.45156e-13 9.13252e-11
8.74289 4.04234 4.04234 -1.8856e-12 -7.2528e-25 1.80845e-12 8.74248 4.04347 4.04347 -2.25065e-10 -1.73892e-12 1.45211e-10
8.66715 4.02265 4.02265 -1.9161e-12 -5.99545e-25 1.45331e-12 8.66762 4.02402 4.02402 8.07677e-11 -1.75208e-12 8.05151e-11
8.5886 4.00214 4.00214 -1.9094e-12 -3.30475e-25 7.93979e-13 8.5879 4.0013 4.0013 1.07558e-10 -1.55424e-13 -1.08198e-10
8.58371 4.00019 4.00019 -1.85714e-12 -1.60966e-26 3.9644e-14 8.58369 4.00076 4.00076 -7.91174e-11 1.05843e-12 1.30861e-11
8.55041 3.99099 3.99099 -1.57733e-12 2.24832e-25 -6.5005e-13 8.55076 3.99155 3.99155 1.62169e-10 -1.01804e-12 5.172e-11
8.61107 4.00847 4.00847 -1.33504e-12 2.983e-25 -1.02831e-12 8.61045 4.00743 4.00743 -6.92532e-11 1.61888e-13 -1.01635e-10
8.68054 4.02753 4.02753 -1.1942e-12 3.13192e-25 -1.22004e-12 8.68083 4.02635 4.02635 -2.50601e-10 -3.43799e-13 2.20513e-10
8.60457 4.00657 4.00657 -3.30448e-13 1.27357e-25 -1.77235e-12 8.60397 4.00575 4.00575 -2.06012e-11 8.29636e-13 -5.46168e-11
8.7315 4.04031 4.04031 -2.40719e-13 9.20059e-26 -1.7913e-12 8.73164 4.03998 4.03998 -2.55953e-11 3.26599e-13 3.18353e-12
8.56417 3.99503 3.99503 -2.56134e-13 9.40998e-26 -1.67811e-12 8.56396 3.99498 3.99498 2.34184e-10 -1.10485e-12 1.00778e-10
8.72163 4.03789 4.03789 -3.41898e-13 1.18056e-25 -1.61547e-12 8.72192 4.03742 4.03742 5.5697e-11 -7.51485e-13 -1.30641e-10
8.63143 4.01405 4.01405 -1.52169e-12 1.12884e-25 -3.42518e-13 8.63111 4.01313 4.01313 1.65523e-10 -2.42104e-13 3.08196e-11
8.72574 4.03893 4.03893 -1.64771e-12 9.10199e-26 -2.58863e-13 8.72598 4.03847 4.03847 4.25252e-11 -6.86942e-13 4.66883e-12
8.59299 4.00322 4.00322 -1.45935e-12 7.03824e-26 -2.21346e-13 8.59247 4.00272 4.00272 3.23604e-10 -1.18117e-13 -1.90516e-10
8.7254 4.03899 4.03899 -3.96831e-13 9.82074e-26 -1.15979e-12 8.72568 4.03826 4.03826 -8.93181e-11 -8.72354e-13 1.38863e-11
8.56079 3.99421 3.99421 -1.3488e-13 4.50018e-26 -1.52375e-12 8.56046 3.99388 3.99388 1.64923e-10 -7.18174e-14 6.11403e-11
8.74022 4.04257 4.04257 -3.62454e-14 1.32041e-26 -1.71158e-12 8.7402 4.04211 4.04211 5.93104e-11 -2.80037e-13 7.58094e-11
8.58694 4.00163 4.00163 -6.2162e-14 2.20667e-26 -1.63145e-12 8.5863 4.00091 4.00091 1.74854e-11 5.3725e-13 6.74498e-12
8.59473 4.00386 4.00386 -1.65855e-13 4.60937e-26 -1.27646e-12 8.59405 4.00299 4.00299 -1.62929e-11 8.89525e-13 -2.08722e-11
8.64601 4.01803 4.01803 -6.7349e-13 8.42471e-26 -5.78828e-13 8.6459 4.01716 4.01716 -4.45191e-11 -2.83994e-13 -9.59141e-12
8.6441 4.01766 4.01766 -1.72651e-12 5.14927e-26 -1.37993e-13 8.64388 4.01647 4.01647 8.52804e-11 -1.05658e-12 4.56183e-11
8.58093 3.99979 3.99979 -1.93495e-12 4.79405e-26 -1.13481e-13 8.58048 3.99947 3.99947 -2.35319e-11 -1.50953e-14 1.92788e-11
8.62285 4.01081 4.01081 -2.23667e-12 1.39754e-25 -2.88167e-13 8.62303 4.01179 4.01179 1.41308e-10 8.31304e-13 -1.73261e-10
8.65395 4.02048 4.02048 -2.4942e-12 3.44508e-25 -6.40021e-13 8.65383 4.01903 4.01903 -2.68735e-10 6.22587e-14 1.6808e-10
8.58501 4.00081 4.00081 -2.5414e-12 4.83627e-25 -8.7237e-13 8.58468 4.00076 4.00076 -1.09835e-10 4.32074e-13 1.68267e-10
8.58196 4.00029 4.00029 -2.66434e-12 9.14496e-25 -1.57268e-12 8.58125 3.99946 3.99946 1.43356e-10 -2.54055e-13 2.95633e-11
8.59821 4.00486 4.00486 -2.6091e-12 9.90531e-25 -1.74387e-12 8.59752 4.00392 4.00392 2.58249e-11 6.1303e-13 -1.79558e-11
8.54781 3.99051 3.99051 -2.43505e-12 9.55834e-25 -1.78889e-12 8.54783 3.99044 3.99044 -3.99722e-11 5.20538e-13 1.66396e-10
8.66807 4.02432 4.02432 -2.26411e-12 8.93162e-25 -1.83196e-12 8.66817 4.02286 4.02286 3.14916e-10 5.32061e-13 -1.47113e-11
8.55558 3.99276 3.99276 -1.97713e-12 6.81308e-25 -1.5724e-12 8.55533 3.99243 3.99243 -2.5755e-10 1.43064e-14 -2.24576e-10
8.55177 3.99165 3.99165 -1.84587e-12 5.10742e-25 -1.26177e-12 8.55167 3.99148 3.99148 -1.19817e-10 -3.7359e-13 -2.26056e-11
8.56413 3.99514 3.99514 -1.29329e-12 1.11302e-25 -3.93208e-13 8.56376 3.9948 3.9948 -6.14263e-11 5.45594e-13 5.34625e-11
8.7218 4.03735 4.03735 -1.09986e-12 6.33386e-26 -2.7023e-13 8.72198 4.03795 4.03795 -1.57707e-10 7.71539e-13 8.21983e-11
8.60026 4.00486 4.00486 -4.95763e-13 1.42702e-26 -1.33263e-13 8.60014 4.00523 4.00523 2.38859e-10 -1.45979e-13 -9.54504e-11
8.57172 3.99659 3.99659 -3.28082e-13 2.52686e-26 -3.5336e-13 8.57213 3.99786 3.99786 -2.86054e-10 -3.23337e-13 -7.81485e-11
8.59341 4.00356 4.00356 1.23985e-15 -7.54673e-32 -1.02555e-16 8.59266 4.00254 4.00254 -1.13688e-10 -1.4784e-13 -1.129e-10
8.58848 4.00211 4.00211 -1.04796e-13 2.30262e-27 -1.00864e-13 8.58777 4.00126 4.00126 -9.02609e-11 -7.38918e-13 -1.42188e-11
8.71378 4.03499 4.03499 -2.28286e-13 1.02816e-26 -2.10694e-13 8.71402 4.03616 4.03616 -4.3223e-11 -1.44457e-12 1.23062e-10
8.68588 4.02767 4.02767 -7.57699e-13 1.0364e-25 -6.37164e-13 8.68633 4.02896 4.02896 1.60771e-10 -5.52434e-13 -1.69558e-10
8.67363 4.02525 4.02525 -1.22657e-12 2.77696e-25 -1.05239e-12 8.67393 4.02491 4.02491 -1.72297e-10 -1.04339e-13 -5.95389e-11
8.74881 4.0433 4.0433 -1.44801e-12 3.88694e-25 -1.26309e-12 8.748 4.04529 4.04529 -3.49831e-11 4.75279e-13 1.08588e-10
8.64512 4.01699 4.01699 -1.60842e-12 4.95698e-25 -1.42632e-12 8.64538 4.01778 4.01778 -2.424e-10 -1.12349e-12 1.44776e-11
8.54638 3.98996 3.98996 -2.94777e-12 1.0345e-24 -1.59904e-12 8.54668 3.99031 3.99031 2.8366e-11 -5.25232e-13 -3.81343e-11
8.74804 4.04333 4.04333 -1.81198e-12 -5.34998e-26 1.38821e-13 8.74735 4.04494 4.04494 -1.17509e-10 2.96697e-13 3.92745e-10
8.71863 4.03631 4.03631 -1.44248e-12 -1.42266e-25 4.61792e-13 8.71882 4.03734 4.03734 -9.98927e-11 -2.60179e-13 1.24897e-11
8.64613 4.0181 4.0181 -9.79756e-13 -1.80551e-25 8.52273e-13 8.64602 4.01715 4.01715 5.86527e-11 6.82137e-13 2.25796e-10
8.57798 3.99844 3.99844 -2.5481e-13 -8.84454e-26 1.58783e-12 8.57819 3.99941 3.99941 -5.36504e-11 1.62025e-13 -6.48492e-11
8.73312 4.04019 4.04019 -2.22991e-14 -9.06999e-27 1.88617e-12 8.73306 4.04082 4.04082 -1.23672e-10 5.54962e-13 1.34717e-10
8.56477 3.99527 3.99527 7.22896e-14 3.14002e-26 1.98427e-12 8.56446 3.99504 3.99504 -7.21404e-11 1.75691e-13 -6.70289e-11
8.56041 3.99386 3.99386 2.20046e-13 1.07568e-25 2.23359e-12 8.56042 3.99414 3.99414 -1.24054e-10 -9.48782e-13 -1.3177e-10
8.70252 4.03207 4.03207 3.56282e-13 1.85167e-25 2.42955e-12 8.70289 4.03328 4.03328 -6.06737e-11 1.85298e-12 -2.75612e-11
8.74698 4.04351 4.04351 9.85407e-13 5.89833e-25 2.8167e-12 8.7465 4.04434 4.04434 5.44771e-11 -2.64871e-13 -2.30522e-10
8.56127 3.99425 3.99425 1.52256e-12 9.326e-25 2.79745e-12 8.56106 3.99414 3.99414 -2.25251e-10 3.69958e-13 -1.88711e-10
8.54492 3.98934 3.98934 1.61362e-12 9.2909e-25 2.62288e-12 8.54563 3.99027 3.99027 2.4652e-10 1.53895e-12 -5.43658e-10
8.57815 3.9984 3.9984 6.76344e-13 2.40881e-25 1.63122e-12 8.57846 3.99958 3.99958 3.79078e-13 -6.88239e-13 -1.93796e-10
8.64005 4.0164 4.0164 3.10715e-13 7.89676e-26 1.17519e-12 8.63986 4.01552 4.01552 -3.54795e-10 -2.86699e-13 -1.71149e-10
8.7457 4.04249 4.04249 1.40036e-13 5.184e-27 1.75426e-13 8.74499 4.04457 4.04457 -1.6981e-10 3.33002e-13 1.22553e-10
8.72515 4.03794 4.03794 3.62578e-13 -4.63659e-26 -5.99027e-13 8.72521 4.03901 4.03901 -1.88632e-10 4.36279e-13 2.22384e-11
8.55445 3.99168 3.99168 5.93414e-13 -1.32252e-25 -1.01691e-12 8.55535 3.99333 3.99333 3.60067e-10 1.05889e-12 1.0543e-10
8.74617 4.04388 4.04388 8.2045e-13 -2.25215e-25 -1.29183e-12 8.74593 4.0437 4.0437 -3.51275e-11 4.0035e-13 8.03585e-11
8.55021 3.99048 3.99048 1.04252e-12 -3.31855e-25 -1.45153e-12 8.55125 3.99222 3.99222 1.93425e-10 -5.66121e-13 1.53325e-10
8.57122 3.99645 3.99645 1.36367e-12 -4.91393e-25 -1.64876e-12 8.57163 3.99771 3.99771 1.56245e-10 1.72678e-12 6.99196e-11
8.5542 3.99229 3.99229 1.7006e-12 -7.05509e-25 -1.89253e-12 8.5541 3.9922 3.9922 -1.61891e-10 1.26308e-12 7.55479e-11
8.7443 4.04205 4.04205 1.84764e-12 -8.80884e-25 -2.24291e-12 8.7436 4.0443 4.0443 -1.9228e-10 5.54586e-14 1.4142e-11
8.59967 4.00445 4.00445 1.71418e-12 -8.83645e-25 -2.3689e-12 8.59977 4.00538 4.00538 -8.33781e-11 -4.20667e-13 3.26418e-11
8.56019 3.99341 3.99341 1.37635e-12 -7.64831e-25 -2.53797e-12 8.56077 3.99469 3.99469 1.71312e-10 8.41652e-13 1.64076e-10
8.74623 4.04384 4.04384 9.94675e-13 -5.56053e-25 -2.63003e-12 8.74597 4.04375 4.04375 1.84884e-10 8.25318e-13 1.60067e-10
8.71533 4.03507 4.03507 3.65208e-13 -1.9295e-25 -2.47514e-12 8.7155 4.03683 4.03683 4.65843e-11 1.75437e-13 1.28703e-10
8.68693 4.02897 4.02897 -6.69217e-14 3.17228e-26 -2.19793e-12 8.6873 4.02829 4.02829 -7.2378e-11 1.71871e-13 8.73455e-11
8.63637 4.01559 4.01559 -4.35375e-13 1.92955e-25 -2.04744e-12 8.63601 4.01429 4.01429 1.28276e-10 3.5947e-13 1.40027e-10
8.61289 4.00894 4.00894 -7.07724e-13 3.04862e-25 -1.98214e-12 8.61232 4.00798 4.00798 -1.90451e-10 -4.24278e-13 7.37899e-11
8.55459 3.99173 3.99173 -9.63751e-13 4.06431e-25 -1.92423e-12 8.55546 3.99334 3.99334 -9.68714e-11 9.03491e-13 2.36291e-10
8.63104 4.01415 4.01415 -1.2188e-12 5.03904e-25 -1.9087e-12 8.63059 4.01279 4.01279 1.9932e-10 6.21913e-13 1.17725e-11
8.71315 4.03515 4.03515 -3.02011e-12 4.05734e-25 -6.28383e-13 8.71345 4.03573 4.03573 1.46669e-10 9.07621e-13 3.33834e-11
8.72276 4.03838 4.03838 -3.10111e-12 8.77949e-26 -1.32504e-13 8.72309 4.03755 4.03755 1.48413e-11 1.02862e-12 -8.68664e-11
8.71508 4.03615 4.03615 -2.75785e-12 1.57812e-26 -2.6632e-14 8.71543 4.0358 4.0358 -9.9909e-11 -1.60177e-13 2.5491e-10
8.66625 4.02283 4.02283 -2.46218e-12 -1.6645e-27 3.23574e-15 8.66661 4.02336 4.02336 -1.59534e-10 1.74999e-13 -5.7936e-11
8.60765 4.00684 4.00684 -1.84133e-12 -3.98226e-26 9.95179e-14 8.6076 4.00734 4.00734 1.25552e-10 1.3792e-12 6.12166e-11
8.58289 4.00019 4.00019 -2.93413e-13 -7.25101e-26 1.13283e-12 8.58261 4.00022 4.00022 -2.56653e-10 -2.14084e-13 3.09219e-13
8.56867 3.99623 3.99623 3.98419e-13 1.65388e-25 1.89812e-12 8.56848 3.9963 3.9963 -7.86781e-11 2.56314e-13 -9.84195e-11
8.69555 4.03121 4.03121 6.72314e-13 3.01085e-25 2.08836e-12 8.69595 4.0306 4.0306 2.62596e-11 -8.68513e-13 3.55273e-11
8.55916 3.99378 3.99378 1.25022e-12 6.49376e-25 2.3713e-12 8.55881 3.99339 3.99339 6.13785e-11 5.79043e-13 3.24992e-12
8.69726 4.03129 4.03129 1.71964e-12 9.76893e-25 2.65037e-12 8.69768 4.03138 4.03138 -1.64994e-10 -8.72764e-13 1.6989e-10
8.58029 3.99971 3.99971 2.08988e-12 1.25849e-24 2.75837e-12 8.57972 3.99916 3.99916 -1.22143e-10 -1.38144e-12 3.37523e-11
8.55675 3.99241 3.99241 2.50302e-12 1.43265e-24 2.61238e-12 8.55747 3.99382 3.99382 2.78928e-10 8.31686e-13 -1.9131e-10
8.74849 4.04305 4.04305 2.67583e-12 1.45093e-24 2.55092e-12 8.74762 4.04534 4.04534 2.8494e-10 2.16629e-12 -4.65261e-10
8.63737 4.01592 4.01592 2.21563e-12 1.02203e-24 2.13178e-12 8.63699 4.0145 4.0145 -1.48707e-10 1.82047e-13 1.33686e-11
8.66712 4.02365 4.02365 2.01629e-12 9.50189e-25 2.18803e-12 8.66732 4.02301 4.02301 -1.17674e-11 4.4038e-14 -3.60358e-11
8.58454 4.00057 4.00057 1.55259e-12 7.6997e-25 2.27335e-12 8.58434 4.00079 4.00079 -1.41548e-10 4.78262e-13 9.93887e-11
8.73142 4.0388 4.0388 1.38519e-12 6.99689e-25 2.37012e-12 8.73114 4.04116 4.04116 9.0629e-11 2.98984e-13 -3.89892e-11
8.64341 4.01677 4.01677 1.00611e-12 5.24057e-25 2.41014e-12 8.64354 4.01704 4.01704 -1.46778e-10 -7.88781e-13 -1.47924e-10
8.54972 3.99107 3.99107 6.46153e-13 3.44084e-25 2.42806e-12 8.54965 3.99092 3.99092 -9.99068e-12 7.59353e-13 -5.02777e-11
8.56403 3.99492 3.99492 -6.25266e-14 -3.36967e-26 2.46476e-12 8.56392 3.99505 3.99505 1.95989e-10 -1.93971e-13 -1.12476e-10
8.54662 3.9895 3.9895 -2.23026e-13 -1.19996e-25 2.45027e-12 8.54774 3.99122 3.99122 -3.64323e-12 3.10897e-13 1.0523e-10
8.69609 4.03111 4.03111 -7.20142e-13 -3.77692e-25 2.44692e-12 8.6965 4.03096 4.03096 7.31726e-11 -2.39159e-13 -3.316e-10
8.57104 3.99701 3.99701 -1.64352e-12 -7.90994e-25 2.20085e-12 8.57067 3.99678 3.99678 -1.39848e-11 -2.50661e-13 2.6124e-10
8.55195 3.99099 3.99099 -2.99926e-12 -7.11402e-26 1.08191e-13 8.5529 3.99264 3.99264 -1.32639e-10 -1.39735e-12 -8.51541e-11
8.73183 4.03976 4.03976 -2.8533e-12 5.77474e-26 -9.58409e-14 8.73179 4.04058 4.04058 6.406e-11 4.62029e-14 -2.01206e-10
8.63824 4.01586 4.01586 -2.36569e-12 2.37784e-25 -4.64732e-13 8.63806 4.01508 4.01508 -1.22684e-10 -4.25974e-13 4.72133e-11
8.5999 4.00484 4.00484 -1.60524e-12 4.39063e-25 -1.25739e-12 8.59969 4.00503 4.00503 -2.58588e-10 2.61733e-13 9.54435e-12
8.54734 3.99007 3.99007 -9.5851e-13 3.4954e-25 -1.66187e-12 8.54787 3.99082 3.99082 1.73492e-10 -1.2654e-12 1.13974e-10
8.70439 4.03365 4.03365 -5.07298e-13 2.05525e-25 -1.89268e-12 8.70481 4.0328 4.0328 3.62031e-11 1.01723e-12 2.13177e-10
8.63041 4.01315 4.01315 -6.89354e-14 3.06952e-26 -2.05181e-12 8.63046 4.01356 4.01356 -3.0112e-10 -3.66754e-13 1.88701e-10
8.74031 4.04258 4.04258 3.71508e-13 -1.82137e-25 -2.30185e-12 8.74028 4.04214 4.04214 1.38495e-10 5.0966e-13 -1.59304e-11
8.60401 4.00609 4.00609 9.47759e-13 -5.06422e-25 -2.45631e-12 8.60372 4.00602 4.00602 -7.45369e-11 -8.061e-13 7.8593e-11
8.74332 4.04182 4.04182 1.50793e-12 -8.41862e-25 -2.62476e-12 8.74267 4.04405 4.04405 -1.07377e-11 -4.78402e-13 2.81807e-10
8.71808 4.03575 4.03575 1.66901e-12 -9.43411e-25 -2.64667e-12 8.71819 4.03754 4.03754 -6.5994e-12 7.26915e-13 8.1984e-12
8.59354 4.00346 4.00346 2.32236e-12 -1.22075e-24 -2.41288e-12 8.59292 4.00275 4.00275 6.08e-11 -1.16699e-13 1.9295e-10
8.56871 3.9965 3.9965 2.57425e-12 -1.25165e-24 -2.22291e-12 8.56819 3.99594 3.99594 -3.22605e-11 -2.14321e-13 -1.04457e-10
8.67153 4.02524 4.02524 2.75392e-12 -1.23442e-24 -2.08259e-12 8.67168 4.02381 4.02381 3.29972e-11 1.03813e-12 1.76883e-10
8.66278 4.02249 4.02249 2.80356e-12 -1.06598e-24 -1.76439e-12 8.66294 4.02183 4.02183 -9.97725e-11 9.53904e-13 -1.21378e-10
8.56813 3.99611 3.99611 2.52367e-12 -6.05417e-25 -1.09673e-12 8.5679 3.9961 3.9961 -1.239e-10 -1.11892e-12 -6.8107e-11
8.74856 4.04323 4.04323 2.0673e-12 -1.26003e-25 -2.87172e-13 8.74775 4.04524 4.04524 3.18517e-10 3.47172e-13 -1.89122e-10
8.57571 3.99844 3.99844 1.12043e-12 1.07352e-25 4.38325e-13 8.57515 3.99789 3.99789 -6.27349e-11 3.33476e-13 -4.15316e-11
8.63238 4.01358 4.01358 4.58921e-13 9.68789e-26 9.73988e-13 8.63252 4.01423 4.01423 1.81318e-10 7.17838e-13 2.49096e-11
8.71739 4.03702 4.03702 -1.69595e-16 -1.39356e-33 5.91896e-17 8.71776 4.03615 4.03615 5.5808e-12 -7.18508e-13 6.7403e-11
8.59084 4.00232 4.00232 -4.88374e-15 3.06448e-30 -1.7598e-15 8.59063 4.00253 4.00253 -1.94476e-10 1.47157e-13 4.9946e-11
8.54339 3.98928 3.98928 -3.25364e-15 4.32753e-30 -6.00382e-15 8.54352 3.98924 3.98924 -7.66457e-12 7.42876e-13 6.62092e-11
8.6576 4.02133 4.02133 2.14151e-14 -3.12716e-28 -6.75908e-14 8.6576 4.02017 4.02017 -2.38239e-10 -8.45391e-13 8.47001e-12
8.65655 4.0212 4.0212 4.5303e-14 -1.82858e-27 -1.84533e-13 8.65648 4.01973 4.01973 -1.45221e-10 -9.57527e-13 4.64629e-11
8.55972 3.99378 3.99378 1.91512e-13 -2.65838e-26 -6.33133e-13 8.55959 3.99378 3.99378 6.68197e-12 1.15512e-12 1.39849e-10
8.7075 4.03299 4.03299 6.0337e-13 -1.78669e-25 -1.38367e-12 8.70778 4.03488 4.03488 1.71789e-12 -5.69959e-13 1.78006e-10
8.5812 4.00006 4.00006 1.36803e-12 -5.70614e-25 -1.91053e-12 8.58052 3.99927 3.99927 -7.69358e-11 4.14852e-13 -1.06601e-10
8.6776 4.02593 4.02593 1.63238e-12 -7.73322e-25 -2.20312e-12 8.67799 4.02633 4.02633 -6.28884e-11 -8.40162e-13 -2.54327e-10
8.74488 4.04313 4.04313 1.5519e-12 -8.38189e-25 -2.53875e-12 8.74452 4.04372 4.04372 3.81248e-11 1.45792e-12 -5.55629e-12
8.54628 3.98998 3.98998 8.3829e-13 -4.73855e-25 -2.57554e-12 8.54652 3.99021 3.99021 -3.71851e-11 -1.05032e-12 2.84521e-11
8.72532 4.03871 4.03871 5.88918e-13 -3.25929e-25 -2.59081e-12 8.72554 4.03845 4.03845 -7.18756e-11 -1.44583e-13 4.08781e-12
8.72109 4.03736 4.03736 4.25633e-13 -2.1128e-25 -2.32051e-12 8.72132 4.03762 4.03762 -2.26374e-10 7.28414e-13 -1.09356e-11
8.56798 3.99626 3.99626 5.12363e-13 -2.37652e-25 -2.12024e-12 8.56751 3.99579 3.99579 -2.37419e-10 -7.23724e-13 -1.3872e-10
8.74023 4.04238 4.04238 1.14954e-12 -4.60499e-25 -1.88009e-12 8.74014 4.04225 4.04225 8.54987e-11 5.08067e-13 3.61293e-10
8.7094 4.03502 4.03502 1.47776e-12 -4.86681e-25 -1.53854e-12 8.70982 4.03405 4.03405 -3.93545e-11 -7.54859e-13 1.65807e-10
8.73983 4.04212 4.04212 1.51842e-12 -4.46071e-25 -1.37905e-12 8.7397 4.04228 4.04228 4.62047e-11 1.42399e-12 5.64841e-11
8.60156 4.00534 4.00534 1.48274e-12 -3.67135e-25 -1.13736e-12 8.60132 4.00542 4.00542 -4.67096e-10 8.75571e-13 2.29743e-10
8.67032 4.02489 4.02489 1.46359e-12 -2.76399e-25 -8.77117e-13 8.67046 4.0235 4.0235 -6.61466e-11 -9.61386e-13 -1.30264e-10
8.61849 4.01043 4.01043 8.41081e-13 -2.43425e-26 -1.34212e-13 8.61804 4.00962 4.00962 -2.03283e-10 -2.83898e-13 -6.00157e-11
8.54719 3.98996 3.98996 5.68496e-13 8.51937e-27 6.90501e-14 8.54783 3.99089 3.99089 -1.63258e-10 -1.09005e-12 -1.09635e-10
8.54446 3.98954 3.98954 4.59762e-13 5.21619e-26 5.17874e-13 8.54463 3.98959 3.98959 2.36755e-10 8.71965e-13 1.66937e-11
8.63424 4.0149 4.0149 4.77305e-13 7.54757e-26 7.29576e-13 8.63391 4.01382 4.01382 1.8324e-10 2.16866e-13 -1.61159e-10
8.54749 3.99046 3.99046 1.18811e-12 4.86341e-25 1.8656e-12 8.54747 3.99031 3.99031 -1.0337e-10 2.57356e-14 1.99654e-11
8.7139 4.03601 4.03601 9.93414e-13 6.09515e-25 2.87016e-12 8.71428 4.03536 4.03536 9.48503e-11 9.48397e-13 -4.51049e-11
8.61936 4.01079 4.01079 6.91582e-13 4.27239e-25 2.84634e-12 8.61882 4.00971 4.00971 -2.68319e-10 -1.31175e-13 1.23257e-10
8.5707 3.99678 3.99678 4.46848e-13 2.3331e-25 2.38869e-12 8.5705 3.99688 3.99688 -1.21275e-10 5.42045e-13 -6.29955e-11
8.69231 4.0302 4.0302 6.8892e-13 3.16071e-25 2.13835e-12 8.69271 4.02989 4.02989 1.49426e-10 -1.20987e-12 -1.31627e-10
8.71415 4.03594 4.03594 1.16291e-12 4.6609e-25 1.8749e-12 8.71451 4.03554 4.03554 5.01259e-11 2.40968e-13 2.14967e-10
8.60399 4.0063 4.0063 1.31453e-12 4.82403e-25 1.68702e-12 8.6035 4.00574 4.00574 -2.41746e-11 5.26398e-13 1.2644e-10
8.74073 4.04264 4.04264 1.0571e-12 1.27029e-25 5.65847e-13 8.74068 4.04227 4.04227 2.24246e-10 1.19337e-12 -3.62104e-11
8.74373 4.0434 4.0434 8.5952e-13 6.08704e-26 3.34884e-13 8.74361 4.04301 4.04301 -9.65921e-11 -1.72995e-12 -2.8976e-11
8.59722 4.0046 4.0046 6.46219e-13 1.81987e-26 1.30587e-13 8.5965 4.00361 4.00361 -1.09468e-10 -4.14931e-13 -3.08833e-11
8.74357 4.04314 4.04314 8.77298e-13 5.70816e-26 3.08797e-13 8.74337 4.04313 4.04313 -1.16609e-11 1.97719e-13 3.5068e-11
8.68569 4.02844 4.02844 1.32793e-12 2.73683e-25 9.60619e-13 8.68607 4.02815 4.02815 5.29701e-11 -8.74358e-13 4.11631e-11
8.5788 3.99921 3.99921 1.33305e-12 3.53875e-25 1.21566e-12 8.57835 3.99887 3.99887 6.0962e-11 9.00786e-13 5.89204e-12
8.60691 4.00724 4.00724 1.30359e-12 4.07273e-25 1.43814e-12 8.60633 4.00638 4.00638 -3.89576e-11 4.05382e-13 9.58677e-11
8.59684 4.00443 4.00443 1.09686e-12 4.02366e-25 1.68601e-12 8.59619 4.0036 4.0036 2.46691e-10 1.40831e-13 -5.59065e-11
8.60301 4.00626 4.00626 9.03253e-13 3.43389e-25 1.74927e-12 8.60229 4.00516 4.00516 -1.46568e-10 5.02366e-14 -6.10279e-11
8.57852 3.99902 3.99902 6.04933e-13 2.35684e-25 1.78599e-12 8.5782 3.99895 3.99895 -2.0832e-10 9.93964e-14 -1.52034e-10
8.67526 4.02572 4.02572 6.66853e-13 2.42248e-25 1.68889e-12 8.67557 4.02531 4.02531 -1.90769e-13 -7.22768e-13 1.73251e-10
8.54636 3.99008 3.99008 9.80248e-13 2.99088e-25 1.39083e-12 8.54647 3.9901 3.9901 7.87367e-11 1.61759e-13 -7.29397e-11
8.64175 4.01623 4.01623 1.17666e-12 3.08029e-25 1.21127e-12 8.64191 4.01669 4.01669 -2.97893e-10 -6.52967e-13 1.73127e-10
8.61852 4.01047 4.01047 1.25389e-12 1.13249e-25 4.15812e-13 8.61804 4.00958 4.00958 1.23105e-10 -1.9153e-12 -3.93979e-11
8.71724 4.03702 4.03702 1.18208e-12 1.05609e-25 4.17691e-13 8.71762 4.03609 4.03609 9.98217e-11 4.70402e-13 -5.75797e-12
8.68678 4.02922 4.02922 9.18083e-13 1.06567e-25 5.39577e-13 8.68712 4.02799 4.02799 1.77542e-10 3.88526e-13 -1.03273e-10
8.73351 4.04063 4.04063 6.85302e-13 1.29511e-25 8.84927e-13 8.73355 4.04063 4.04063 -1.19151e-11 6.23513e-14 6.44632e-11
8.58874 4.00223 4.00223 8.088e-13 2.86606e-25 1.62512e-12 8.58799 4.00128 4.00128 9.94344e-11 2.21762e-13 5.62595e-11
8.56943 3.99663 3.99663 1.00162e-12 3.46339e-25 1.58086e-12 8.569 3.99624 3.99624 4.40044e-11 8.18884e-13 7.66718e-12
8.70601 4.03313 4.03313 1.26721e-12 3.29714e-25 1.21539e-12 8.70636 4.03405 4.03405 2.38451e-11 -2.26933e-13 3.25798e-11
8.69841 4.0311 4.0311 8.71361e-13 2.44481e-25 1.30848e-12 8.69881 4.03212 4.03212 -3.75879e-10 7.55642e-13 -6.11141e-11
8.74038 4.0425 4.0425 9.91632e-13 3.06744e-25 1.45211e-12 8.74031 4.04222 4.04222 6.39219e-11 -3.61541e-13 -2.71945e-10
8.74617 4.04383 4.04383 1.15527e-12 3.80453e-25 1.54686e-12 8.74591 4.04373 4.04373 8.21474e-11 5.67202e-13 -1.01017e-10
8.69113 4.02977 4.02977 1.19801e-12 3.22791e-25 1.25543e-12 8.69154 4.02969 4.02969 1.45254e-10 3.4039e-13 -1.80239e-10
8.58942 4.00232 4.00232 9.90002e-13 1.93134e-25 8.95049e-13 8.58878 4.0016 4.0016 4.30056e-11 3.81815e-13 -1.78913e-12
8.55576 3.99193 3.99193 7.43554e-13 7.47005e-26 4.59071e-13 8.55679 3.99386 3.99386 9.05738e-11 -8.90005e-13 1.69692e-10
8.60157 4.00571 4.00571 6.90276e-13 5.25465e-26 3.49631e-13 8.60098 4.00495 4.00495 -1.06342e-11 -7.19879e-13 1.8039e-10
8.72501 4.03888 4.03888 1.0555e-12 1.02835e-25 4.56996e-13 8.72529 4.03817 4.03817 3.44414e-11 8.39558e-13 2.21265e-11
8.65222 4.01959 4.01959 1.18263e-12 1.66559e-25 6.53286e-13 8.65226 4.019 4.019 4.18443e-12 -3.7077e-13 5.28325e-11
8.72341 4.03833 4.03833 1.25214e-12 2.17984e-25 8.16407e-13 8.72368 4.03788 4.03788 -1.02556e-10 1.81867e-12 2.02044e-11
8.73609 4.04089 4.04089 6.68128e-13 2.35852e-25 1.66185e-12 8.73596 4.04159 4.04159 1.90879e-11 -3.75433e-13 -5.33283e-11
8.61877 4.01044 4.01044 6.5126e-13 2.16811e-25 1.53488e-12 8.61837 4.00977 4.00977 -1.19398e-10 3.37823e-13 -7.62844e-11
8.56937 3.99652 3.99652 8.47268e-13 1.7358e-25 9.37616e-13 8.56905 3.99635 3.99635 6.95576e-11 -5.21809e-13 -1.66714e-10
8.67016 4.02487 4.02487 1.00082e-12 1.50832e-25 7.017e-13 8.6703 4.02343 4.02343 -1.45306e-10 1.04783e-12 -5.75347e-11
8.60855 4.00773 4.00773 1.27879e-12 8.77946e-26 3.16541e-13 8.60795 4.00679 4.00679 -1.34586e-10 5.89464e-13 5.99591e-11
8.71328 4.03503 4.03503 8.84525e-13 -8.5961e-26 -4.53184e-13 8.71356 4.0359 4.0359 -1.34676e-10 -7.5961e-13 2.49492e-11
8.74164 4.04171 4.04171 7.79229e-13 -1.01642e-25 -6.11169e-13 8.74116 4.04341 4.04341 -1.85511e-10 -1.18956e-12 1.65041e-10
8.6924 4.0307 4.0307 8.43807e-13 -3.46212e-25 -1.9117e-12 8.69279 4.02948 4.02948 1.54227e-10 2.01727e-13 1.70477e-10
8.72301 4.03845 4.03845 1.14758e-12 -4.7712e-25 -1.94745e-12 8.72334 4.03762 4.03762 7.64339e-11 -8.14281e-13 6.25647e-11
8.60249 4.00546 4.00546 1.22263e-12 -5.08496e-25 -1.91108e-12 8.60238 4.00586 4.00586 -1.72351e-11 -1.32258e-13 -4.90703e-11
8.74721 4.04327 4.04327 1.34332e-12 -5.54899e-25 -1.94406e-12 8.74661 4.04462 4.04462 2.13059e-10 -5.77092e-13 1.49603e-10
8.62352 4.01201 4.01201 1.05354e-12 -3.83897e-25 -1.68037e-12 8.623 4.01078 4.01078 -8.79901e-11 5.61631e-13 -6.86715e-11
8.69203 4.0306 4.0306 5.44301e-13 -1.20837e-25 -1.03498e-12 8.6924 4.02938 4.02938 7.14338e-12 -7.7646e-13 2.7241e-10
8.65984 4.02072 4.02072 4.44904e-13 -6.3816e-26 -6.68341e-13 8.66028 4.02203 4.02203 1.14633e-10 -5.51684e-13 2.24258e-11
8.71558 4.03659 4.03659 4.50489e-13 -3.60997e-26 -3.74125e-13 8.71597 4.03567 4.03567 -6.61142e-11 7.10561e-13 1.8854e-11
8.56426 3.99511 3.99511 5.87902e-13 -2.55467e-26 -1.98926e-13 8.56398 3.99493 3.99493 8.18564e-11 3.48048e-13 -2.61488e-10
8.61019 4.00831 4.00831 8.05111e-13 -2.35356e-26 -1.35897e-13 8.6095 4.00709 4.00709 3.57293e-11 -1.77647e-13 -2.10387e-12
8.59076 4.0022 4.0022 1.46658e-12 -5.63787e-26 -1.77122e-13 8.59066 4.00264 4.00264 4.78651e-11 3.70792e-13 3.48426e-11
8.63948 4.01584 4.01584 1.31925e-12 -1.89411e-25 -6.62537e-13 8.6395 4.01582 4.01582 1.17809e-10 -1.31358e-12 2.25215e-11
8.68444 4.0278 4.0278 1.22594e-12 -2.14231e-25 -8.1212e-13 8.68485 4.02811 4.02811 -2.26077e-10 -8.8271e-13 1.00007e-10
8.62982 4.01347 4.01347 1.81488e-15 -5.74891e-31 -1.55829e-15 8.62956 4.01284 4.01284 -1.03632e-10 2.70148e-13 8.53561e-11
8.54504 3.98975 3.98975 -2.20981e-14 2.17477e-28 -4.43797e-14 8.54511 3.98967 3.98967 -3.16127e-11 3.15597e-13 -2.53657e-11
8.71867 4.03716 4.03716 -6.02274e-14 1.74866e-27 -1.36055e-13 8.719 4.03664 4.03664 3.07142e-11 7.27774e-13 -1.19327e-10
8.54467 3.98962 3.98962 -2.63341e-13 2.81219e-26 -4.86722e-13 8.54479 3.98961 3.98961 9.3611e-12 -6.59469e-13 -3.60481e-11
8.59676 4.00447 4.00447 -4.52069e-13 7.0679e-26 -7.1812e-13 8.59605 4.0035 4.0035 -1.13177e-10 8.85969e-14 -1.97221e-11
8.58631 4.00111 4.00111 -1.34965e-12 4.12521e-25 -1.40143e-12 8.58606 4.00122 4.00122 3.49767e-11 6.17378e-13 -8.00809e-11
8.55027 3.99111 3.99111 -1.62044e-12 5.29975e-25 -1.49106e-12 8.55037 3.99126 3.99126 -9.33527e-11 -4.34678e-13 5.0552e-11
8.55186 3.99085 3.99085 -2.13884e-12 6.70911e-25 -1.43069e-12 8.55301 3.99281 3.99281 -9.096e-11 1.52998e-12 4.68479e-11
8.57852 3.99864 3.99864 -2.51563e-12 5.74945e-25 -1.04668e-12 8.57866 3.99949 3.99949 4.2642e-11 -2.24147e-13 1.17264e-10
8.56989 3.99653 3.99653 -2.65544e-12 4.88439e-25 -8.41218e-13 8.56974 3.9967 3.9967 -7.95079e-11 1.17867e-12 1.16178e-10
8.64968 4.01836 4.01836 -2.7706e-12 4.23524e-25 -7.07746e-13 8.64992 4.01888 4.01888 -5.66398e-11 6.33051e-13 -1.32031e-10
8.56836 3.9964 3.9964 -2.81048e-12 3.17734e-25 -5.16758e-13 8.56784 3.99584 3.99584 -2.22026e-11 -1.57619e-13 -1.40118e-12
8.63834 4.01612 4.01612 -2.84892e-12 2.93844e-25 -4.76537e-13 8.63801 4.01484 4.01484 -2.63034e-11 -4.87258e-13 -1.90889e-10
8.54899 3.99041 3.99041 -2.75909e-12 2.96726e-25 -4.90193e-13 8.54966 3.99146 3.99146 3.02131e-11 -7.8014e-13 2.86893e-12
8.56804 3.99594 3.99594 -2.56849e-12 3.42317e-25 -6.09301e-13 8.56801 3.9963 3.9963 -8.7076e-11 3.93146e-13 2.18534e-10
8.58794 4.00151 4.00151 -2.3125e-12 4.50996e-25 -8.94464e-13 8.58773 4.00172 4.00172 8.01398e-11 -1.3303e-13 -9.16288e-11
8.61279 4.00804 4.00804 -1.87492e-12 6.0297e-25 -1.48065e-12 8.61293 4.00903 4.00903 2.52973e-10 -1.09761e-12 -1.63444e-10
8.74374 4.04316 4.04316 -1.51094e-12 4.95254e-25 -1.53973e-12 8.74352 4.04318 4.04318 -6.10048e-11 -2.01952e-13 -1.89168e-11
8.749 4.04336 4.04336 -6.25289e-13 1.43416e-25 -1.0762e-12 8.74818 4.04533 4.04533 2.39686e-10 3.22233e-13 1.453e-10
8.54879 3.99063 3.99063 -3.42458e-13 5.70665e-26 -7.5947e-13 8.54904 3.99097 3.99097 -1.63978e-10 -1.03333e-12 -2.91374e-12
8.70672 4.03356 4.03356 -1.65413e-13 1.75565e-26 -4.89271e-13 8.70709 4.03402 4.03402 -5.17311e-11 1.63907e-13 2.88989e-11
8.54866 3.99008 3.99008 -2.68245e-13 3.20429e-26 -5.44925e-13 8.5497 3.99175 3.99175 -3.37153e-12 -8.51306e-13 7.42486e-11
8.5992 4.0051 4.0051 -1.43901e-12 3.99122e-25 -1.27421e-12 8.59854 4.00423 4.00423 -3.44099e-11 5.21366e-13 1.86662e-14
8.74631 4.04369 4.04369 -1.78805e-12 5.216e-25 -1.37155e-12 8.74599 4.0439 4.0439 1.50612e-11 -5.57696e-13 6.18991e-11
8.72779 4.03961 4.03961 -2.63636e-12 3.57667e-25 -6.36992e-13 8.72804 4.03887 4.03887 -4.25805e-11 2.33505e-13 -1.3331e-11
8.59479 4.00351 4.00351 -2.77326e-12 3.50255e-25 -5.79841e-13 8.59449 4.0035 4.0035 -3.27845e-10 1.14985e-14 -3.22986e-10
8.69368 4.02986 4.02986 -2.84941e-12 3.98644e-25 -6.53852e-13 8.69411 4.03089 4.03089 -9.03137e-11 -3.43966e-13 2.83417e-11
8.70779 4.03462 4.03462 -2.83508e-12 4.98012e-25 -8.21708e-13 8.70821 4.03361 4.03361 -1.35659e-11 -7.97786e-13 1.30597e-10
8.64944 4.01927 4.01927 -2.74505e-12 5.69333e-25 -9.61715e-13 8.64926 4.01779 4.01779 3.35276e-11 3.88038e-14 1.29693e-10
8.5452 3.98905 3.98905 -2.59465e-12 6.34114e-25 -1.11355e-12 8.54647 3.99094 3.99094 8.57094e-11 -8.47915e-14 1.22692e-10
8.55666 3.99306 3.99306 -2.35846e-12 6.85318e-25 -1.32649e-12 8.55639 3.99274 3.99274 1.25087e-11 2.52124e-13 1.65477e-10
8.71114 4.03423 4.03423 -2.20212e-12 6.60619e-25 -1.40505e-12 8.71141 4.03556 4.03556 1.19176e-10 -2.29945e-13 1.61142e-10
8.74521 4.04239 4.04239 -6.4575e-13 8.45767e-26 -6.22213e-13 8.74453 4.04443 4.04443 1.58386e-10 5.52391e-13 -1.1063e-10
8.68948 4.0295 4.0295 -1.54505e-13 4.37387e-26 -1.32161e-12 8.68987 4.0291 4.0291 8.51608e-11 -1.24407e-13 -4.57908e-11
8.62945 4.01372 4.01372 -3.24983e-13 9.473e-26 -1.34668e-12 8.62895 4.01234 4.01234 -1.45677e-10 -1.61224e-12 1.50914e-11
8.72968 4.03857 4.03857 -8.48542e-13 1.86615e-25 -1.03173e-12 8.7295 4.04056 4.04056 -2.20042e-10 -9.22694e-13 -1.45535e-10
8.66723 4.02301 4.02301 -1.17315e-12 2.10722e-25 -8.34819e-13 8.6676 4.0237 4.0237 1.31115e-10 -1.39457e-12 -1.21962e-10
8.62029 4.01079 4.01079 -1.42601e-12 2.21571e-25 -7.16882e-13 8.61996 4.01027 4.01027 2.02044e-10 -3.73121e-13 -1.68568e-12
8.74205 4.04195 4.04195 -1.97295e-12 2.74618e-25 -6.54264e-13 8.7416 4.0434 4.0434 -1.66148e-10 4.581e-13 -1.06433e-10
8.63458 4.01417 4.01417 -2.19903e-12 3.32839e-25 -6.99345e-13 8.63474 4.01484 4.01484 -2.06364e-10 -1.06884e-12 -1.84685e-10
8.55721 3.99315 3.99315 -2.60242e-12 5.42497e-25 -9.52182e-13 8.55703 3.99299 3.99299 9.74925e-11 2.50227e-13 -8.9645e-11
8.72676 4.03872 4.03872 -2.96506e-12 7.58544e-25 -1.19967e-12 8.72688 4.03911 4.03911 1.48375e-10 1.08391e-12 -1.82325e-10
8.7329 4.03978 4.03978 -3.14645e-12 8.88623e-25 -1.32587e-12 8.73276 4.04104 4.04104 1.08892e-11 -1.91058e-12 8.38742e-12
8.68412 4.0273 4.0273 -3.20043e-12 9.564e-25 -1.39318e-12 8.68457 4.02841 4.02841 -9.56483e-11 1.6963e-12 -1.42898e-10
8.74671 4.04401 4.04401 -3.17649e-12 9.31496e-25 -1.38065e-12 8.74645 4.04383 4.04383 -1.65543e-10 -1.64736e-13 -1.40576e-10
8.70365 4.03358 4.03358 -2.11252e-12 3.0227e-25 -6.70905e-13 8.70408 4.0325 4.0325 -5.44335e-11 1.32769e-13 4.54826e-11
8.74527 4.04289 4.04289 -8.68554e-13 1.50625e-25 -8.26041e-13 8.74477 4.04408 4.04408 1.26269e-10 3.75431e-13 2.2649e-10
8.61093 4.00842 4.00842 -4.80446e-14 1.23264e-26 -1.19932e-12 8.61032 4.00741 4.00741 6.65986e-11 1.33408e-12 -1.03398e-10
8.69607 4.03169 4.03169 8.59913e-13 -2.27214e-25 -1.23063e-12 8.69648 4.03045 4.03045 2.85219e-12 -1.88853e-14 -8.42675e-11
8.73582 4.04105 4.04105 1.24706e-12 -2.92885e-25 -1.10073e-12 8.73576 4.04134 4.04134 5.46355e-11 -1.63888e-13 -9.29535e-11
8.60038 4.00501 4.00501 1.80985e-12 -2.639e-25 -6.70377e-13 8.60014 4.00511 4.00511 3.46269e-11 1.33113e-13 -5.30164e-11
8.72467 4.03838 4.03838 1.89546e-12 -2.78215e-25 -6.87784e-13 8.72487 4.03843 4.03843 6.91937e-11 6.84219e-13 -8.62911e-11
8.64057 4.01662 4.01662 1.92024e-12 -3.03178e-25 -7.28886e-13 8.64034 4.01558 4.01558 -2.36779e-10 -8.69852e-13 8.82911e-11
8.55081 3.99069 3.99069 1.89772e-12 -5.04513e-25 -1.21185e-12 8.55178 3.99231 3.99231 -1.75506e-10 -5.21298e-13 -1.12206e-10
8.57641 3.99797 3.99797 1.88503e-12 -5.02623e-25 -1.22055e-12 8.57666 3.99903 3.99903 -2.54319e-11 6.80241e-14 -2.84755e-11
8.71525 4.03518 4.03518 1.84189e-12 -4.32593e-25 -1.10017e-12 8.71544 4.0367 4.0367 -2.75929e-10 -1.02835e-12 -2.68231e-10
8.74656 4.04342 4.04342 1.80478e-12 -3.98296e-25 -1.03947e-12 8.7461 4.04422 4.04422 8.55603e-11 -2.17319e-13 2.47545e-10
8.73819 4.04095 4.04095 1.39227e-12 -2.36718e-25 -8.00612e-13 8.73785 4.04248 4.04248 5.49294e-11 4.61616e-13 -4.84372e-11
8.69481 4.03013 4.03013 6.12103e-13 -1.0233e-25 -7.80765e-13 8.69523 4.03121 4.03121 8.87823e-11 2.01058e-13 1.32224e-10
8.74738 4.04376 4.04376 4.5398e-13 -7.98643e-26 -8.30771e-13 8.74694 4.04431 4.04431 -1.6784e-10 -1.28141e-12 -8.77864e-11
8.74168 4.04186 4.04186 -5.16063e-14 1.24697e-26 -1.10424e-12 8.74124 4.04331 4.04331 -6.01124e-11 4.56072e-13 8.08129e-11
8.74553 4.04253 4.04253 -9.51192e-13 2.40047e-25 -1.18711e-12 8.74485 4.04447 4.04447 2.12844e-10 1.43327e-12 1.30855e-10
8.60118 4.00488 4.00488 -1.81619e-12 3.36886e-25 -8.51882e-13 8.60127 4.00578 4.00578 -2.00879e-10 -9.15277e-13 2.96867e-13
8.73942 4.04235 4.04235 -1.35278e-12 3.92738e-25 -1.3635e-12 8.7394 4.04191 4.04191 1.02485e-10 9.50266e-13 2.44624e-12
8.64153 4.01611 4.01611 -1.15539e-12 3.35076e-25 -1.34155e-12 8.64172 4.0167 4.0167 -2.9138e-11 -7.77327e-13 -7.61823e-11
8.54844 3.99071 3.99071 -9.64094e-13 2.7455e-25 -1.29713e-12 8.54841 3.99058 3.99058 1.04851e-10 -5.11797e-13 1.2166e-10
8.71223 4.03463 4.03463 -4.95869e-13 1.0353e-25 -9.6999e-13 8.7125 4.03574 4.03574 2.76475e-10 5.06233e-13 1.15503e-10
8.54729 3.98981 3.98981 -3.8337e-13 6.00371e-26 -7.11432e-13 8.5482 3.9912 3.9912 -3.79808e-11 -7.90388e-13 -1.30048e-10
8.67201 4.02412 4.02412 -1.03435e-12 2.20365e-25 -9.87688e-13 8.67245 4.02515 4.02515 2.82355e-10 8.48018e-13 1.75516e-10
8.55684 3.9925 3.9925 -1.29517e-12 3.28399e-25 -1.15715e-12 8.55747 3.99375 3.99375 2.62003e-10 5.36172e-13 2.14305e-10
8.67581 4.02571 4.02571 -1.50407e-12 4.23087e-25 -1.30584e-12 8.67615 4.02561 4.02561 -1.16685e-10 9.37677e-13 2.98074e-10
8.74071 4.04194 4.04194 -1.4218e-12 2.17236e-25 -7.15527e-13 8.74042 4.04281 4.04281 6.37023e-11 -4.38273e-13 -5.86486e-11
8.66566 4.02357 4.02357 -1.26013e-12 1.65538e-25 -6.07186e-13 8.66576 4.0223 4.0223 -8.39546e-11 -9.04732e-13 -3.82235e-10
8.6196 4.01049 4.01049 -6.60202e-13 6.26359e-26 -4.33723e-13 8.61935 4.01022 4.01022 2.17193e-10 -4.3785e-13 -1.72601e-10
8.6586 4.02138 4.02138 -4.17066e-13 4.94732e-26 -5.43891e-13 8.65869 4.02068 4.02068 -1.17563e-10 4.70213e-13 -5.94058e-11
8.72397 4.03843 4.03843 -3.45178e-13 6.43278e-26 -8.71777e-13 8.72423 4.03806 4.03806 -6.83341e-12 -1.20678e-12 5.51447e-11
8.54829 3.9903 3.9903 -4.32505e-13 1.13486e-25 -1.19467e-12 8.54885 3.99114 3.99114 -1.33921e-11 -1.06508e-13 -3.29392e-10
8.54593 3.98988 3.98988 -9.97017e-13 3.2867e-25 -1.50091e-12 8.54617 3.99011 3.99011 1.73583e-10 -1.05023e-12 1.8576e-10
8.68357 4.02776 4.02776 -1.38196e-12 4.4232e-25 -1.48995e-12 8.68396 4.0277 4.0277 5.18909e-11 8.5347e-13 -2.18229e-11
8.65387 4.02045 4.02045 -1.63122e-12 3.56849e-25 -1.0134e-12 8.65375 4.01902 4.01902 -1.795e-11 5.98668e-13 3.36e-11
8.69925 4.0311 4.0311 -8.86465e-15 -2.31834e-29 1.2512e-14 8.69964 4.03254 4.03254 -2.09166e-10 6.67797e-13 3.64354e-11
8.67769 4.02627 4.02627 -2.66726e-13 -5.11243e-27 8.91557e-14 8.67804 4.02606 4.02606 3.65643e-11 -4.51646e-14 -7.38013e-11
8.71981 4.03765 4.03765 -4.90725e-13 -1.74362e-26 1.66358e-13 8.72017 4.03677 4.03677 -4.94728e-11 1.76572e-13 -2.35069e-11
8.63495 4.01496 4.01496 -9.12619e-13 -6.89509e-26 3.4904e-13 8.63471 4.01416 4.01416 -5.73713e-11 3.56854e-13 -2.26818e-10
8.54331 3.98922 3.98922 -1.34967e-12 -2.07834e-25 7.01285e-13 8.54351 3.98929 3.98929 3.74611e-11 7.71868e-13 4.15689e-11
8.72918 4.03931 4.03931 -1.72422e-12 -4.43189e-25 1.20547e-12 8.72925 4.03974 4.03974 -8.11067e-11 -3.51653e-13 -1.16055e-10
8.55987 3.99398 3.99398 -2.29108e-12 -1.01433e-24 2.02145e-12 8.55951 3.99358 3.99358 -9.47579e-11 5.97038e-14 -3.73058e-11
8.67279 4.02479 4.02479 -2.86183e-12 -1.79575e-24 2.91652e-12 8.67313 4.02492 4.02492 6.94194e-11 7.59679e-13 -4.22951e-11
8.55408 3.99234 3.99234 -2.82426e-12 -1.80017e-24 2.90762e-12 8.55387 3.99204 3.99204 1.28301e-10 8.24606e-13 2.37491e-10
8.55633 3.99241 3.99241 -2.70779e-12 -1.70437e-24 2.87261e-12 8.55689 3.99352 3.99352 -1.32394e-10 -4.26688e-13 -1.11933e-11
8.59261 4.00324 4.00324 -2.53281e-12 -1.4777e-24 2.67755e-12 8.59194 4.00243 4.00243 1.91616e-10 3.75582e-13 -2.24014e-10
8.73529 4.04141 4.04141 -2.45744e-12 -1.35393e-24 2.58568e-12 8.7354 4.04083 4.04083 5.21445e-11 5.18299e-14 1.33834e-10
8.59582 4.00419 4.00419 -2.17848e-12 -1.05146e-24 2.21594e-12 8.59511 4.00325 4.00325 -4.08129e-11 5.09982e-14 -9.41358e-12
8.72823 4.0397 4.0397 -1.94232e-12 -6.1018e-25 1.47237e-12 8.72848 4.03899 4.03899 6.93088e-11 7.49747e-13 1.909e-11
8.59046 4.0024 4.0024 -1.78532e-12 -3.8985e-25 1.00184e-12 8.59004 4.00217 4.00217 1.38367e-10 -2.79763e-13 -2.37219e-11
8.7311 4.03976 4.03976 -1.71795e-12 -2.43715e-25 6.64647e-13 8.73112 4.04025 4.04025 1.71665e-10 -9.13118e-13 9.3855e-11
8.55339 3.99207 3.99207 -9.46384e-13 4.80613e-26 -2.31818e-13 8.55329 3.99197 3.99197 -1.01878e-10 3.85929e-13 1.67516e-10
8.68898 4.02982 4.02982 -6.5741e-13 7.7507e-26 -5.517e-13 8.68933 4.02855 4.02855 -2.42247e-10 6.27777e-13 -4.93244e-11
8.73439 4.0409 4.0409 -5.35576e-13 8.29861e-26 -7.31071e-13 8.73443 4.04081 4.04081 -2.62222e-12 -8.39165e-13 1.33185e-10
8.63095 4.01399 4.01399 -1.89216e-13 6.48825e-26 -1.58779e-12 8.63058 4.01292 4.01292 -4.36333e-11 3.72951e-13 4.00043e-11
8.69058 4.03026 4.03026 -9.54005e-13 4.477e-25 -2.18775e-12 8.69095 4.02896 4.02896 -1.47804e-11 -3.1561e-13 -3.08867e-11
8.57343 3.99714 3.99714 -1.42651e-12 7.38841e-25 -2.36992e-12 8.57373 3.99822 3.99822 -2.22716e-10 -3.75067e-13 -3.34424e-11
8.74269 4.04263 4.04263 -1.63294e-12 8.89381e-25 -2.5602e-12 8.74241 4.04315 4.04315 7.54576e-12 -4.49862e-13 -1.20855e-10
8.62582 4.01264 4.01264 -1.68237e-12 9.4855e-25 -2.60077e-12 8.62533 4.01143 4.01143 1.83685e-10 -9.34419e-14 -3.65481e-11
8.56878 3.99644 3.99644 -1.53035e-12 8.14011e-25 -2.43183e-12 8.56835 3.99606 3.99606 2.62655e-11 -5.55753e-13 -2.18037e-10
8.60834 4.00689 4.00689 -1.31276e-12 6.59034e-25 -2.3095e-12 8.6084 4.00771 4.00771 -2.82068e-11 1.69249e-13 8.96107e-11
8.54899 3.9907 3.9907 -8.55743e-13 3.95627e-25 -2.10684e-12 8.54922 3.991 3.991 1.73627e-10 1.04137e-12 1.09656e-10
8.58015 3.99939 3.99939 -5.59823e-13 2.4535e-25 -2.00568e-12 8.57992 3.99952 3.99952 1.58032e-10 4.23775e-13 -1.17344e-10
8.69392 4.03113 4.03113 -4.38264e-13 1.85875e-25 -1.97474e-12 8.69431 4.02987 4.02987 -1.46499e-10 -6.22991e-14 -1.16788e-10
8.57535 3.99825 3.99825 -3.08478e-13 1.23021e-25 -1.82581e-12 8.57491 3.99791 3.99791 1.85802e-10 5.83409e-13 8.13707e-11
8.69595 4.03098 4.03098 -1.73811e-12 -1.09247e-25 2.94384e-13 8.69636 4.031 4.031 3.49813e-10 -1.43362e-13 -2.65723e-10
8.55542 3.99254 3.99254 -1.93159e-12 -2.48037e-25 5.85931e-13 8.55541 3.99266 3.99266 1.25577e-10 7.4277e-13 5.7699e-11
8.56375 3.99504 3.99504 -2.47786e-12 -8.6252e-25 1.59023e-12 8.56338 3.99469 3.99469 -4.19193e-11 4.34559e-13 -3.86912e-11
8.74367 4.04216 4.04216 -2.87649e-12 -1.42597e-24 2.33095e-12 8.7431 4.04394 4.04394 2.59009e-11 -8.69502e-13 -7.38698e-11
8.60237 4.00574 4.00574 -2.83793e-12 -1.58063e-24 2.56052e-12 8.60196 4.00542 4.00542 2.62437e-10 1.04996e-12 -2.60733e-11
8.71288 4.03595 4.03595 -2.78991e-12 -1.72384e-24 2.89015e-12 8.71329 4.03493 4.03493 3.19086e-11 2.87456e-13 -5.52488e-11
8.55685 3.99259 3.99259 -2.63155e-12 -1.67416e-24 2.90385e-12 8.55733 3.9936 3.9936 2.49629e-11 -1.53207e-12 -7.49477e-11
8.73451 4.04093 4.04093 -2.39186e-12 -1.51394e-24 2.97077e-12 8.73454 4.04085 4.04085 1.67443e-10 -1.00935e-12 -1.31538e-10
8.55772 3.99321 3.99321 -2.10268e-12 -1.26888e-24 2.75477e-12 8.55764 3.99325 3.99325 -4.89032e-11 4.10154e-13 -6.31371e-11
8.58047 3.99955 3.99955 -1.92594e-12 -1.03964e-24 2.47313e-12 8.58016 3.9995 3.9995 5.06587e-11 -3.7846e-13 -1.96524e-10
8.57943 3.99951 3.99951 -1.83669e-12 -9.21658e-25 2.29855e-12 8.57882 3.99886 3.99886 -2.45192e-11 -8.25107e-13 5.4493e-11
8.58968 4.00246 4.00246 -1.30503e-12 -5.24182e-25 1.84276e-12 8.58896 4.00157 4.00157 1.96918e-10 6.63862e-13 1.05803e-10
8.73135 4.03962 4.03962 -7.2088e-13 -2.13625e-25 1.39026e-12 8.73131 4.04047 4.04047 6.47821e-11 -8.90648e-13 1.0205e-10
8.55322 3.99208 3.99208 -5.63761e-13 -1.37528e-25 1.11381e-12 8.55305 3.99183 3.99183 1.27319e-10 7.39491e-13 -1.4657e-11
8.61526 4.00969 4.00969 -4.82252e-13 -8.27455e-26 7.91562e-13 8.61464 4.00853 4.00853 -2.03868e-11 -7.13568e-13 1.92694e-10
8.68997 4.02982 4.02982 -7.31825e-13 -5.4817e-26 3.50258e-13 8.69036 4.02906 4.02906 -2.86508e-10 4.42961e-13 -2.67835e-10
8.64031 4.01666 4.01666 -9.6045e-13 -7.38596e-26 3.56849e-13 8.64002 4.01538 4.01538 1.82017e-11 -2.41383e-13 5.54986e-11
8.62472 4.01219 4.01219 -1.23613e-12 -1.16606e-25 4.36411e-13 8.6243 4.01128 4.01128 -2.36253e-11 7.0671e-13 1.84516e-10
8.72129 4.03785 4.03785 -1.69395e-12 -3.80661e-25 1.05294e-12 8.7216 4.0373 4.0373 -3.35753e-11 -5.28169e-13 4.47459e-11
8.5642 3.99522 3.99522 -1.66277e-12 -4.39827e-25 1.20868e-12 8.56373 3.99472 3.99472 -8.31428e-11 2.93542e-13 -1.26044e-11
8.55582 3.99272 3.99272 -1.63954e-12 -4.77199e-25 1.32844e-12 8.55572 3.99268 3.99268 -1.65899e-10 1.66189e-12 1.1344e-10
8.56462 3.9953 3.9953 -1.14073e-12 -4.1401e-25 1.65833e-12 8.56421 3.99489 3.99489 1.73233e-10 3.73753e-13 7.9741e-11
8.6672 4.02371 4.02371 -4.77791e-13 -1.29508e-25 1.26354e-12 8.6674 4.023 4.023 1.00584e-10 -1.32157e-12 1.79181e-10
8.73481 4.04109 4.04109 -4.72182e-13 -3.15272e-26 3.24074e-13 8.73486 4.04085 4.04085 -7.25007e-11 8.01303e-14 -2.32816e-11
8.57526 3.99826 3.99826 -6.63605e-13 -2.14145e-26 1.49644e-13 8.57477 3.99783 3.99783 -4.15806e-11 -1.14968e-12 1.32958e-11
8.59144 4.0029 4.0029 -1.28372e-12 1.62101e-26 -5.62231e-14 8.59079 4.00213 4.00213 -3.84217e-11 -6.00491e-13 -3.21156e-11
8.57316 3.99727 3.99727 -1.55938e-12 6.49995e-26 -1.90788e-13 8.5732 3.99784 3.99784 1.03118e-10 6.54231e-14 3.23431e-10
8.58748 4.00144 4.00144 -1.69872e-12 1.2634e-25 -3.39382e-13 8.58721 4.00153 4.00153 3.57192e-11 1.59558e-13 1.99727e-10
8.68655 4.0291 4.0291 -1.94827e-12 5.51138e-25 -1.31643e-12 8.68689 4.02798 4.02798 -1.11216e-10 2.64652e-13 -4.5174e-11
8.60582 4.00707 4.00707 -2.78991e-12 1.54177e-24 -2.54113e-12 8.60509 4.0059 4.0059 -1.60229e-10 -5.31573e-13 -9.75027e-12
8.64806 4.01877 4.01877 -2.87657e-12 1.71592e-24 -2.76116e-12 8.64789 4.01752 4.01752 2.67448e-10 3.61673e-13 1.89806e-10
8.67941 4.02687 4.02687 -2.80964e-12 1.63998e-24 -2.71592e-12 8.67975 4.02639 4.02639 5.38862e-11 -1.29727e-13 -8.45088e-11
8.72675 4.03861 4.03861 -2.47392e-12 1.2834e-24 -2.43215e-12 8.72684 4.0392 4.0392 9.82149e-11 3.10428e-13 6.8907e-11
8.61569 4.00985 4.00985 -2.27327e-12 1.10485e-24 -2.23723e-12 8.61505 4.00859 4.00859 1.13045e-10 -4.65949e-13 -1.0516e-11
8.69628 4.03167 4.03167 -1.99469e-12 7.91822e-25 -1.84964e-12 8.69668 4.03055 4.03055 1.26841e-10 -6.92725e-13 2.08803e-11
8.66312 4.02296 4.02296 -1.8614e-12 6.54104e-25 -1.62822e-12 8.66315 4.02154 4.02154 3.43116e-11 -2.79087e-13 -7.61541e-12
8.74124 4.04176 4.04176 -1.1818e-12 1.49227e-25 -5.89641e-13 8.74082 4.04319 4.04319 2.26025e-11 -6.7458e-13 2.18895e-10
8.71847 4.03725 4.03725 -6.54113e-14 -2.20913e-26 1.6256e-12 8.71882 4.03647 4.03647 9.49076e-11 8.28875e-13 -1.01043e-10
8.65412 4.02054 4.02054 -1.37957e-13 -6.3702e-26 2.13896e-12 8.654 4.01906 4.01906 -2.50688e-11 -1.88798e-13 -2.1894e-10
8.62344 4.01147 4.01147 -2.08394e-13 -1.05709e-25 2.35173e-12 8.62328 4.01137 4.01137 1.77949e-10 -1.18802e-12 -1.10892e-10
8.61567 4.00986 4.00986 -4.14444e-13 -2.42492e-25 2.69258e-12 8.61502 4.00858 4.00858 1.13648e-11 3.48673e-13 1.42171e-11
8.69584 4.03116 4.03116 -8.90087e-13 -5.92765e-25 3.10566e-12 8.69625 4.03079 4.03079 4.15255e-10 4.44886e-14 -1.16869e-10
8.69507 4.03098 4.03098 -1.11467e-12 -7.67435e-25 3.21254e-12 8.69548 4.03057 4.03057 -9.62185e-11 3.52607e-14 -1.43311e-10
8.59859 4.005 4.005 -1.2817e-12 -9.02681e-25 3.23648e-12 8.59786 4.00397 4.00397 7.79984e-11 -2.35337e-13 4.58232e-11
8.73161 4.03987 4.03987 -1.93101e-12 -1.24579e-24 3.02481e-12 8.73162 4.04039 4.04039 -1.05289e-11 -3.84862e-13 -2.42026e-11
8.72367 4.03819 4.03819 -2.30242e-12 -1.18958e-24 2.41838e-12 8.72389 4.03812 4.03812 -1.01032e-10 7.07251e-13 -3.45358e-11
8.73718 4.04114 4.04114 -2.71346e-12 -9.34876e-25 1.61611e-12 8.73702 4.04188 4.04188 -6.64497e-12 -1.0818e-13 -1.63217e-10
8.55134 3.99134 3.99134 -2.86301e-12 -1.25237e-25 1.99645e-13 8.55153 3.99166 3.99166 -1.7683e-11 1.08611e-13 -1.30615e-10
8.55869 3.99357 3.99357 -2.85493e-12 6.82666e-27 -1.05645e-14 8.55848 3.99339 3.99339 7.00502e-11 -1.15292e-12 -1.79342e-10
8.55118 3.99126 3.99126 -2.39049e-12 8.56684e-25 -1.63423e-12 8.55143 3.99168 3.99168 -8.64448e-11 -4.93924e-13 -5.32554e-11
8.68987 4.02988 4.02988 -3.51899e-15 -2.56813e-30 2.7449e-15 8.69025 4.02895 4.02895 1.48292e-10 -5.95331e-13 -9.73465e-12
8.61056 4.00839 4.00839 -1.04627e-12 -2.72867e-25 1.20027e-12 8.60989 4.00722 4.00722 -6.73559e-12 -2.98283e-13 4.42464e-11
8.74325 4.04295 4.04295 -1.50738e-12 -5.22991e-25 1.63084e-12 8.74302 4.04314 4.04314 3.32184e-11 -4.62954e-13 -5.51594e-11
8.66482 4.0231 4.0231 -1.91768e-12 -7.97997e-25 1.93154e-12 8.66498 4.02232 4.02232 -2.5245e-11 5.09661e-13 -3.27523e-11
8.59854 4.00494 4.00494 -2.05416e-12 -9.00172e-25 2.013e-12 8.59786 4.00402 4.00402 -1.94119e-11 -7.26691e-13 1.74434e-10
8.69472 4.03079 4.03079 -2.32402e-12 -1.09098e-24 2.18943e-12 8.69513 4.03057 4.03057 -2.92127e-11 6.20401e-13 3.41617e-11
8.57817 3.9988 3.9988 -2.93546e-12 -1.60839e-24 2.50917e-12 8.578 3.99903 3.99903 -2.06228e-11 4.36112e-13 2.66629e-10
8.66392 4.02296 4.02296 -3.07694e-12 -1.71286e-24 2.58351e-12 8.66404 4.02197 4.02197 -1.67755e-10 4.22378e-13 -1.35697e-10
8.73626 4.04164 4.04164 -3.01661e-12 -1.66646e-24 2.59344e-12 8.73635 4.04108 4.04108 1.07348e-10 6.29516e-13 -9.5935e-12
8.5897 4.00152 4.00152 -2.74459e-12 -1.47566e-24 2.46695e-12 8.59 4.00286 4.00286 -4.35753e-11 -9.76753e-14 -1.23305e-11
8.55091 3.99089 3.99089 -2.0144e-12 -9.80617e-25 2.21996e-12 8.55163 3.99208 3.99208 2.83565e-11 1.80377e-13 1.80069e-10
8.56973 3.99662 3.99662 -1.76626e-12 -8.19958e-25 2.1231e-12 8.56941 3.99646 3.99646 2.06938e-10 1.15001e-12 -2.00513e-10
8.54603 3.98964 3.98964 -1.57704e-12 -7.24438e-25 2.09318e-12 8.54671 3.99058 3.99058 1.77314e-11 5.16079e-13 -2.24658e-10
8.58613 4.00139 4.00139 -1.33833e-12 -6.1568e-25 2.10917e-12 8.5855 4.0007 4.0007 -1.9434e-10 4.92409e-13 3.05205e-11
8.59059 4.00275 4.00275 -1.1118e-12 -5.1236e-25 2.1145e-12 8.58984 4.00178 4.00178 1.88255e-11 9.19582e-13 2.53916e-10
8.72796 4.03965 4.03965 1.99979e-13 1.05132e-25 2.4635e-12 8.72821 4.03891 4.03891 -7.26385e-11 -2.78866e-13 -1.96808e-10
8.74596 4.04341 4.04341 3.95509e-13 2.10056e-25 2.49604e-12 8.74557 4.04397 4.04397 3.76098e-10 -1.80032e-13 -2.95278e-10
8.64555 4.01696 4.01696 6.80729e-13 3.62398e-25 2.46413e-12 8.64589 4.01805 4.01805 2.93862e-10 8.52528e-13 -1.25725e-10
8.55714 3.99252 3.99252 1.02604e-12 5.46373e-25 2.43075e-12 8.55785 3.99392 3.99392 -2.04079e-10 1.42569e-12 -2.81587e-10
8.72618 4.03822 4.03822 1.41627e-12 6.7458e-25 2.23217e-12 8.72622 4.03926 4.03926 -3.46355e-10 6.31725e-13 -1.77016e-10
8.70908 4.03354 4.03354 1.02868e-12 4.56558e-25 2.0734e-12 8.70935 4.03517 4.03517 1.89456e-11 1.59908e-13 -1.98644e-10
8.74852 4.04295 4.04295 7.01558e-13 2.95989e-25 1.98217e-12 8.74761 4.04543 4.04543 -1.52784e-10 7.86382e-13 -2.49448e-11
8.60124 4.0048 4.0048 3.6006e-13 1.39938e-25 1.78591e-12 8.60142 4.00592 4.00592 -2.44419e-10 6.3226e-13 -1.94742e-11
8.65729 4.02127 4.02127 3.90508e-14 1.13779e-26 1.3361e-12 8.65728 4.02007 4.02007 8.77753e-12 -6.72919e-13 9.62865e-11
8.57343 3.997 3.997 -1.58845e-13 -3.04715e-26 8.76231e-13 8.5739 3.99842 3.99842 3.29148e-11 1.24474e-12 -1.28484e-10
8.73802 4.04178 4.04178 -7.61926e-13 -6.54174e-26 4.04624e-13 8.73797 4.04175 4.04175 -1.05953e-10 1.26199e-12 -1.3692e-10
8.65121 4.01844 4.01844 -9.66104e-13 -6.63086e-26 3.19747e-13 8.6516 4.01964 4.01964 6.97146e-11 1.33355e-12 -4.62186e-11
8.74849 4.04294 4.04294 -1.60669e-12 -9.78309e-26 2.86502e-13 8.74757 4.04542 4.04542 -1.00808e-10 1.03645e-12 1.69985e-10
8.68235 4.02696 4.02696 -1.79499e-12 -1.31566e-25 3.40798e-13 8.68279 4.02782 4.02782 1.99746e-10 1.41288e-12 9.61265e-11
8.70757 4.03306 4.03306 -2.18238e-12 -3.18611e-25 6.82367e-13 8.70785 4.03485 4.03485 1.6785e-10 -6.2438e-13 2.1094e-11
8.64684 4.0184 4.0184 -2.44348e-12 -5.95844e-25 1.12853e-12 8.64667 4.01723 4.01723 -3.32956e-10 3.09498e-13 -6.12425e-11
8.54654 3.98953 3.98953 -2.56974e-12 -8.09796e-25 1.43623e-12 8.5476 3.99113 3.99113 -2.04746e-11 8.86207e-14 1.57508e-10
8.58237 4.00041 4.00041 -2.77767e-12 -1.13758e-24 1.87678e-12 8.58166 3.99957 3.99957 -2.33426e-10 -1.00337e-12 5.09465e-11
8.69883 4.03142 4.03142 -2.87529e-12 -1.4202e-24 2.30557e-12 8.69923 4.03204 4.03204 3.68472e-11 1.47676e-13 -7.49118e-11
8.63818 4.01615 4.01615 -2.63058e-12 -1.57759e-24 2.77246e-12 8.63781 4.01472 4.01472 -3.38043e-12 5.79428e-14 6.64101e-11
8.56861 3.99627 3.99627 -2.48738e-12 -1.54569e-24 2.84142e-12 8.56835 3.9962 3.9962 3.96041e-11 -4.29302e-13 -4.92689e-11
8.69331 4.02996 4.02996 -2.25447e-12 -1.44087e-24 2.98039e-12 8.69374 4.03062 4.03062 8.54545e-11 1.8454e-12 -6.88942e-11
8.54979 3.99106 3.99106 -2.02609e-12 -1.2167e-24 2.73808e-12 8.54978 3.991 3.991 1.25241e-10 1.12493e-12 -7.62766e-11
8.71891 4.03714 4.03714 -1.83922e-12 -8.68473e-25 2.2131e-12 8.71923 4.03677 4.03677 9.90264e-11 -3.34122e-13 9.06645e-11
8.58806 4.00162 4.00162 -1.60939e-12 -6.4531e-25 1.83995e-12 8.58778 4.00167 4.00167 -4.32776e-11 -2.29028e-13 3.31113e-11
8.63028 4.01396 4.01396 -1.27259e-12 -4.22399e-25 1.53307e-12 8.6298 4.01256 4.01256 5.02675e-11 4.63563e-13 1.29527e-11
8.74908 4.04301 4.04301 -4.21069e-13 -5.44939e-26 6.211e-13 8.7481 4.04563 4.04563 2.09155e-10 9.98276e-13 -3.21169e-11
8.67613 4.02626 4.02626 -3.09683e-13 -2.85664e-26 4.39462e-13 8.67638 4.02525 4.02525 -6.22843e-11 9.54204e-13 1.22436e-10
8.67014 4.02357 4.02357 -2.20164e-13 -6.79668e-27 1.52806e-13 8.67058 4.02471 4.02471 -1.04654e-10 3.02854e-12 -5.34961e-11
8.69207 4.02934 4.02934 -5.59044e-13 5.70082e-26 -4.69128e-13 8.69251 4.03056 4.03056 1.91255e-10 1.83197e-12 1.1065e-10
8.66743 4.02277 4.02277 -1.62668e-12 6.23035e-25 -1.77801e-12 8.66788 4.02405 4.02405 6.37969e-11 -4.98154e-13 9.48974e-11
8.59508 4.00366 4.00366 -2.61269e-12 1.604e-24 -2.81839e-12 8.59471 4.00348 4.00348 -2.02595e-10 -2.05308e-13 1.63936e-10
8.6221 4.01148 4.01148 -2.72971e-12 1.58926e-24 -2.68395e-12 8.62166 4.01055 4.01055 -3.67264e-10 -5.92214e-13 5.42881e-11
8.61139 4.00806 4.00806 -2.82675e-12 1.4038e-24 -2.28634e-12 8.6112 4.00815 4.00815 1.09161e-10 -1.59112e-13 8.72154e-12
8.74676 4.04359 4.04359 -2.75618e-12 1.03185e-24 -1.7606e-12 8.74634 4.04418 4.04418 -2.45351e-10 -2.93804e-13 2.02958e-10
8.58305 3.99978 3.99978 -2.51765e-12 7.22538e-25 -1.31569e-12 8.58328 4.00089 4.00089 -5.11315e-11 2.99856e-15 -1.64442e-10
8.54514 3.98913 3.98913 -2.24199e-12 2.97055e-25 -6.03331e-13 8.54624 3.99076 3.99076 1.49511e-10 -2.06324e-14 3.05172e-11
8.69919 4.03227 4.03227 -2.13207e-12 6.4007e-26 -1.38277e-13 8.69961 4.03146 4.03146 -1.85767e-10 8.18688e-14 7.21012e-11
8.72789 4.03963 4.03963 -1.91385e-12 -3.06737e-25 7.52949e-13 8.72813 4.03889 4.03889 2.03895e-10 -2.52028e-14 -2.24519e-10
8.64208 4.01706 4.01706 -1.58716e-12 -6.8824e-25 2.00719e-12 8.64186 4.01597 4.01597 3.57291e-11 -1.06378e-12 1.92597e-10
8.72774 4.03944 4.03944 -8.69142e-13 -5.71206e-25 3.08619e-12 8.72795 4.03897 4.03897 -1.1626e-11 -9.09429e-14 -1.62375e-10
8.54585 3.98922 3.98922 -2.00472e-13 -1.446e-25 3.28372e-12 8.54711 3.99113 3.99113 -8.9511e-11 3.61659e-13 -5.9936e-11
8.60604 4.00663 4.00663 -3.66778e-13 -2.16355e-25 2.71878e-12 8.60578 4.00661 4.00661 -3.16914e-11 1.39802e-12 7.04179e-12
8.74133 4.04195 4.04195 -5.37091e-13 -2.77361e-25 2.43153e-12 8.74097 4.04308 4.04308 -4.19467e-11 -7.2859e-13 -6.89297e-11
8.65317 4.02005 4.02005 -9.78372e-13 -3.60427e-25 1.70915e-12 8.65314 4.01904 4.01904 -1.99097e-11 -1.71256e-13 9.20087e-11
8.54683 3.98949 3.98949 -1.30797e-12 -3.33049e-25 1.16055e-12 8.54806 3.99139 3.99139 -1.76851e-10 7.95399e-13 -1.62722e-10
8.72307 4.0369 4.0369 -1.9216e-12 -7.55008e-27 1.76579e-14 8.72306 4.0389 4.0389 2.67168e-10 1.41983e-12 -7.67037e-11
8.58531 4.00029 4.00029 -2.26823e-12 4.01749e-25 -8.12166e-13 8.58565 4.00167 4.00167 1.21282e-10 -9.68175e-13 1.41292e-10
8.54978 3.99076 3.99076 -2.6863e-12 1.11377e-24 -1.88979e-12 8.55023 3.99147 3.99147 -7.72724e-11 -3.57957e-14 1.39668e-11
8.63627 4.0149 4.0149 -2.83406e-12 1.41534e-24 -2.3087e-12 8.63629 4.015 4.015 3.50451e-10 1.84503e-13 8.86594e-11
8.56145 3.99388 3.99388 -2.8062e-12 1.51702e-24 -2.4684e-12 8.56184 3.99484 3.99484 1.29841e-12 2.19884e-12 -7.84444e-11
8.74103 4.04137 4.04137 -2.77539e-12 1.72594e-24 -2.92351e-12 8.74049 4.0434 4.0434 1.50214e-10 -7.41128e-13 -7.21964e-12
8.71615 4.03538 4.03538 -2.66082e-12 1.73452e-24 -3.05215e-12 8.71632 4.03695 4.03695 3.31671e-11 6.72386e-13 -4.06102e-11
8.66761 4.02303 4.02303 -2.2879e-12 1.45169e-24 -2.9474e-12 8.66801 4.02389 4.02389 -4.08534e-10 -4.00262e-13 -8.12907e-12
8.57566 3.99776 3.99776 -2.15472e-12 1.30642e-24 -2.77431e-12 8.57593 3.99883 3.99883 -2.04542e-10 -4.12049e-13 -8.45181e-11
8.74663 4.04357 4.04357 -2.11519e-12 1.21039e-24 -2.69002e-12 8.74622 4.04414 4.04414 8.97593e-11 5.88329e-13 4.71637e-11
8.71524 4.0359 4.0359 -1.96064e-12 1.02027e-24 -2.43254e-12 8.71554 4.03608 4.03608 -7.00501e-11 -2.96228e-13 -2.98853e-11
8.65674 4.02009 4.02009 -1.69004e-12 7.46546e-25 -2.04491e-12 8.6571 4.02098 4.02098 2.5113e-10 1.1734e-12 -9.32024e-11
8.72839 4.03941 4.03941 -1.59901e-12 6.61751e-25 -1.93668e-12 8.72855 4.03929 4.03929 6.65301e-11 1.5454e-13 1.64342e-10
8.70663 4.03304 4.03304 -1.01624e-12 2.96692e-25 -1.35845e-12 8.70695 4.03442 4.03442 1.03592e-10 -7.65113e-13 -1.28092e-10
8.54541 3.98952 3.98952 -7.1177e-13 1.56202e-25 -1.00083e-12 8.54601 3.99032 3.99032 1.88226e-10 1.92774e-13 -1.462e-10
8.66713 4.02271 4.02271 7.11149e-13 2.3838e-25 1.55283e-12 8.66758 4.02395 4.02395 6.25163e-11 -9.17313e-13 -1.58121e-10
8.61154 4.00765 4.00765 1.20601e-12 5.23588e-25 2.00022e-12 8.61172 4.00874 4.00874 -1.04423e-10 -7.02803e-13 1.52909e-10
8.72771 4.0381 4.0381 1.59157e-12 9.20999e-25 2.7154e-12 8.72759 4.04005 4.04005 5.21168e-11 4.54967e-14 3.19066e-11
8.74656 4.04373 4.04373 8.75192e-13 5.32831e-25 2.86895e-12 8.74622 4.04398 4.04398 3.97965e-11 5.0903e-14 5.42161e-11
8.67913 4.0261 4.0261 2.41405e-14 7.62659e-29 1.4686e-14 8.67956 4.02697 4.02697 -1.04161e-10 7.30448e-13 4.65557e-12
8.62791 4.01268 4.01268 5.18624e-14 3.22029e-28 2.87235e-14 8.6278 4.01262 4.01262 -9.97988e-11 -1.58091e-12 4.65543e-11
8.65906 4.02156 4.02156 2.60837e-13 7.48723e-27 1.33163e-13 8.65914 4.02074 4.02074 6.72128e-11 1.01103e-12 -3.52193e-11
8.7253 4.039 4.039 5.07927e-13 3.50628e-26 3.23448e-13 8.7256 4.03822 4.03822 2.89904e-11 1.2874e-12 1.97622e-11
8.6479 4.01772 4.01772 1.54102e-12 5.13271e-25 1.54215e-12 8.64818 4.01855 4.01855 4.25236e-11 5.46744e-13 -1.03418e-10
8.69436 4.03084 4.03084 1.61414e-12 6.12848e-25 1.77066e-12 8.69477 4.03035 4.03035 2.46644e-10 7.43547e-13 -1.03853e-11
8.58899 4.00229 4.00229 1.47088e-12 6.06093e-25 1.88985e-12 8.58824 4.00135 4.00135 1.68514e-12 -1.24022e-12 7.66306e-11
8.73404 4.04009 4.04009 6.45102e-13 3.18353e-25 2.3163e-12 8.73387 4.04132 4.04132 7.50074e-11 1.46766e-12 6.10018e-11
8.67698 4.02558 4.02558 5.13025e-13 2.65122e-25 2.40377e-12 8.6774 4.02635 4.02635 2.43622e-10 2.9718e-14 7.17514e-11
8.63581 4.01534 4.01534 3.76467e-13 2.06815e-25 2.53758e-12 8.63549 4.01423 4.01423 1.1953e-11 4.25033e-13 1.09395e-10
8.68117 4.02725 4.02725 2.315e-13 1.37329e-25 2.76076e-12 8.68153 4.02694 4.02694 1.25965e-10 9.50067e-13 -4.23903e-10
8.54808 3.99062 3.99062 2.07582e-13 1.3222e-25 2.90204e-12 8.54805 3.99047 3.99047 4.2652e-11 1.38146e-12 2.41521e-11
8.66405 4.02276 4.02276 3.50658e-13 2.15321e-25 2.84792e-12 8.66424 4.02225 4.02225 1.40865e-10 3.83161e-13 2.65088e-10
8.74905 4.04292 4.04292 4.6036e-13 2.7354e-25 2.79569e-12 8.74804 4.04568 4.04568 -9.18417e-11 1.36457e-12 -1.6015e-10
8.68351 4.0277 4.0277 7.21867e-13 3.948e-25 2.5462e-12 8.6839 4.02773 4.02773 1.44953e-10 -1.26153e-13 -9.06852e-11
8.63736 4.01518 4.01518 1.10578e-12 5.39968e-25 2.25639e-12 8.6374 4.01532 4.01532 1.94856e-10 -1.0583e-13 1.29418e-10
8.58959 4.00144 4.00144 1.57521e-12 6.43902e-25 1.87546e-12 8.58994 4.0029 4.0029 -1.88215e-11 -1.18987e-12 1.65423e-10
8.74069 4.04196 4.04196 1.67995e-12 6.3432e-25 1.77357e-12 8.74041 4.04279 4.04279 9.07895e-12 -1.66511e-13 -2.54274e-10
8.60555 4.00601 4.00601 1.66448e-12 5.18549e-25 1.43285e-12 8.60571 4.00708 4.00708 2.47784e-10 9.13335e-14 2.08159e-10
8.54697 3.98989 3.98989 1.60757e-12 3.71801e-25 1.05399e-12 8.54764 3.99086 3.99086 -1.64535e-10 1.52663e-12 6.64893e-11
8.64941 4.01857 4.01857 6.90577e-13 -6.07401e-27 -4.14022e-14 8.64952 4.0185 4.0185 -4.30535e-11 6.47641e-13 8.53616e-11
8.60847 4.00675 4.00675 3.73442e-13 -2.14016e-26 -2.64573e-13 8.60869 4.00797 4.00797 -1.45028e-10 -2.54408e-13 1.86084e-10
8.54577 3.98995 3.98995 -8.59859e-14 2.21808e-26 -1.17908e-12 8.54582 3.98988 3.98988 -1.48878e-10 4.55201e-13 -1.5356e-10
8.55606 3.99208 3.99208 -5.11794e-13 1.92511e-25 -1.71766e-12 8.557 3.99385 3.99385 -1.70965e-12 1.19397e-12 -1.56426e-10
8.59843 4.00433 4.00433 -6.87055e-13 2.71341e-25 -1.81497e-12 8.59832 4.00475 4.00475 -3.13384e-11 -3.76127e-13 5.11644e-11
8.74968 4.04305 4.04305 -1.48986e-12 6.9463e-25 -2.19439e-12 8.74863 4.04585 4.04585 4.02681e-10 1.4669e-13 1.21748e-10
8.65852 4.02038 4.02038 -2.00228e-12 1.07716e-24 -2.49504e-12 8.65895 4.02166 4.02166 1.95196e-11 -2.22502e-13 -3.95422e-11
8.68002 4.02677 4.02677 -2.6588e-12 1.54421e-24 -2.70297e-12 8.68041 4.0268 4.0268 1.48713e-10 -6.55482e-13 1.84557e-10
8.73372 4.04006 4.04006 -2.84393e-12 1.65714e-24 -2.73511e-12 8.73357 4.04119 4.04119 3.03197e-10 -5.56594e-14 1.36963e-10
8.5484 3.98982 3.98982 -3.08471e-12 1.7322e-24 -2.56e-12 8.54974 3.99198 3.99198 5.09739e-11 7.13701e-13 -2.21522e-10
8.62311 4.01153 4.01153 -3.19509e-12 1.69544e-24 -2.44754e-12 8.62284 4.0111 4.0111 2.08549e-10 9.88409e-13 1.26815e-10
8.72828 4.03962 4.03962 -3.24159e-12 1.64451e-24 -2.37886e-12 8.7285 4.03907 4.03907 9.31722e-11 -3.58788e-13 1.20951e-10
8.6479 4.01882 4.01882 -3.12823e-12 1.48702e-24 -2.20109e-12 8.64769 4.01738 4.01738 1.88559e-10 -1.82871e-14 3.97757e-11
8.65076 4.01826 4.01826 -1.28449e-12 1.00909e-25 -3.66002e-13 8.65116 4.01957 4.01957 2.36347e-10 -5.72298e-14 2.27529e-10
8.54516 3.98907 3.98907 -9.28584e-13 3.73913e-26 -1.8346e-13 8.54637 3.99087 3.99087 1.09349e-10 8.15974e-13 1.47009e-10
8.60263 4.00612 4.00612 -4.04354e-13 -7.41217e-27 8.19285e-14 8.60194 4.0051 4.0051 -6.3242e-11 -1.04229e-12 -8.93488e-11
8.72061 4.03763 4.03763 2.09117e-13 3.89654e-26 8.82358e-13 8.72092 4.03716 4.03716 -5.68494e-11 9.24861e-13 1.55763e-10
8.63484 4.01395 4.01395 7.30123e-13 2.49658e-25 1.58015e-12 8.63517 4.01524 4.01524 -8.68624e-11 -8.92243e-14 3.14755e-11
8.74659 4.04406 4.04406 9.64586e-13 3.66568e-25 1.78898e-12 8.74637 4.04375 4.04375 9.23935e-11 -3.3093e-13 -1.72292e-10
8.66366 4.02175 4.02175 1.62763e-12 8.19452e-25 2.33794e-12 8.6641 4.02305 4.02305 -3.39936e-10 2.1221e-13 6.97582e-11
8.73717 4.04017 4.04017 1.79944e-12 1.03036e-24 2.68981e-12 8.73668 4.04264 4.04264 -5.16295e-11 3.57457e-13 3.1992e-10
8.66232 4.02218 4.02218 1.98654e-13 8.66122e-26 2.0226e-12 8.66253 4.0219 4.0219 -3.76961e-11 -5.40085e-13 2.17475e-12
8.73587 4.04069 4.04069 5.85049e-14 2.31668e-26 1.86364e-12 8.7357 4.04166 4.04166 1.94468e-10 -3.23726e-13 5.81078e-11
8.56364 3.99506 3.99506 -1.28513e-13 -4.18614e-26 1.48737e-12 8.56318 3.99457 3.99457 7.61197e-11 7.8822e-13 1.29033e-11
8.58058 3.99894 3.99894 -2.33697e-12 8.92587e-27 -1.75378e-14 8.581 4.00043 4.00043 3.39196e-10 4.02877e-13 3.33468e-10
8.59558 4.00309 4.00309 -3.02499e-12 8.29377e-26 -1.26113e-13 8.5959 4.00455 4.00455 -1.60465e-10 -7.22249e-13 -2.31612e-11
8.54652 3.98929 3.98929 -3.15933e-12 1.21796e-25 -1.75716e-13 8.54793 3.99148 3.99148 -3.38361e-10 4.41338e-13 7.62997e-11
8.54543 3.9893 3.9893 -3.46046e-12 3.74233e-25 -4.92742e-13 8.5464 3.9907 3.9907 2.22599e-11 6.03171e-13 3.90853e-10
8.54513 3.98949 3.98949 -3.45659e-12 5.71561e-25 -7.53314e-13 8.54567 3.99017 3.99017 -1.07427e-10 -1.9122e-13 -1.3585e-10
8.6648 4.02205 4.02205 -3.33292e-12 8.51863e-25 -1.18714e-12 8.66526 4.02336 4.02336 -5.1593e-11 -2.32261e-13 4.71122e-11
8.60634 4.00687 4.00687 -2.9625e-12 9.40198e-25 -1.45979e-12 8.60594 4.00649 4.00649 -2.37015e-10 1.13755e-13 4.81467e-11
8.71389 4.03612 4.03612 -1.88627e-12 6.44525e-25 -1.59863e-12 8.71428 4.03525 4.03525 1.77195e-11 1.35886e-13 -9.80645e-11
8.55873 3.99324 3.99324 -3.72783e-13 6.33883e-26 -7.77493e-13 8.559 3.99392 3.99392 -1.45855e-10 5.38569e-13 -1.17136e-10
8.55158 3.99074 3.99074 4.05721e-13 -3.61774e-26 -4.06283e-13 8.55277 3.99278 3.99278 -1.38933e-10 -5.37991e-13 1.18988e-10
8.60206 4.00593 4.00593 1.42095e-12 -1.65686e-25 -5.35956e-13 8.6014 4.00498 4.00498 -6.1747e-11 -1.39184e-13 7.82058e-11
8.6266 4.01219 4.01219 1.81517e-12 -3.10345e-25 -7.88928e-13 8.62657 4.01241 4.01241 6.80003e-11 -1.18712e-12 -1.30745e-10
8.57708 3.99817 3.99817 2.04884e-12 -4.60021e-25 -1.02814e-12 8.57731 3.99919 3.99919 -2.78681e-10 3.40008e-13 1.49991e-10
8.5741 3.99763 3.99763 2.30849e-12 -6.2859e-25 -1.24623e-12 8.574 3.99795 3.99795 1.91392e-10 -5.83074e-13 -6.77739e-11
8.59345 4.00274 4.00274 2.48033e-12 -7.3552e-25 -1.36139e-12 8.59355 4.00366 4.00366 -4.8865e-11 -3.7481e-13 3.363e-10
8.7454 4.04349 4.04349 3.02941e-12 -9.57898e-25 -1.48675e-12 8.7451 4.04366 4.04366 4.92493e-11 -1.64452e-13 -4.10282e-11
8.57299 3.99701 3.99701 2.5283e-12 -3.78414e-25 -6.84938e-13 8.57331 3.99811 3.99811 1.37813e-10 3.18963e-13 -2.32689e-10
8.73386 4.04076 4.04076 2.10829e-12 -1.38788e-25 -3.09256e-13 8.7339 4.04069 4.04069 -1.03854e-10 2.30266e-13 -2.5462e-10
8.62673 4.01204 4.01204 1.90421e-12 -8.26076e-26 -2.00186e-13 8.62682 4.01266 4.01266 -3.97094e-10 5.0962e-13 -2.36044e-10
8.70664 4.03385 4.03385 -7.09673e-13 -1.15334e-25 7.61361e-13 8.70703 4.03373 4.03373 2.87006e-10 3.4189e-13 2.61931e-11
8.74861 4.04293 4.04293 -2.84979e-12 -1.21648e-24 2.00915e-12 8.74767 4.04548 4.04548 1.17884e-11 3.27158e-13 -9.30725e-11
8.63469 4.01471 4.01471 -3.26686e-12 -1.61651e-24 2.28634e-12 8.63455 4.01429 4.01429 1.83165e-10 -1.34943e-12 -1.88572e-10
8.55545 3.99216 3.99216 -3.44348e-12 -1.85543e-24 2.45882e-12 8.55602 3.99328 3.99328 -8.28856e-11 3.27894e-13 -1.88871e-11
8.60088 4.00495 4.00495 -3.61012e-12 -2.16525e-24 2.75662e-12 8.60082 4.0055 4.0055 6.76391e-11 1.32014e-12 5.57477e-11
8.74095 4.04219 4.04219 -2.86913e-12 -1.74859e-24 2.8641e-12 8.74073 4.04272 4.04272 1.87112e-10 7.62863e-13 -9.52753e-12
8.69817 4.032 4.032 -2.46921e-12 -1.46259e-24 2.76413e-12 8.69858 4.03119 4.03119 -7.52274e-12 1.28786e-12 -4.38679e-11
8.67519 4.02487 4.02487 -1.85366e-12 -1.01806e-24 2.55416e-12 8.67566 4.0261 4.0261 4.30021e-11 1.26278e-14 1.77119e-10
8.54917 3.99005 3.99005 -9.6661e-13 -4.69586e-25 2.2147e-12 8.55047 3.99217 3.99217 -1.48416e-10 -1.47136e-13 -4.13735e-11
8.73778 4.04156 4.04156 -1.47138e-13 -6.33821e-26 2.02352e-12 8.73769 4.04181 4.04181 -1.13582e-10 -9.35461e-13 1.24378e-10
8.67564 4.02608 4.02608 1.3637e-12 3.81828e-25 1.30246e-12 8.6759 4.02517 4.02517 8.91212e-11 4.47514e-14 -1.46915e-10
8.69858 4.03217 4.03217 1.91004e-12 3.10498e-25 7.59083e-13 8.699 4.03125 4.03125 -3.04227e-11 6.56847e-14 2.74854e-11
8.55942 3.99294 3.99294 2.35726e-12 1.13755e-25 2.20447e-13 8.56037 3.99486 3.99486 1.38491e-10 -3.92502e-13 -4.42533e-11
8.74786 4.0437 4.0437 2.95476e-12 -7.2287e-26 -1.14443e-13 8.74734 4.04457 4.04457 5.55652e-12 1.59603e-13 2.45744e-10
8.60992 4.00721 4.00721 3.14639e-12 -2.36003e-25 -3.45232e-13 8.61009 4.00828 4.00828 3.94039e-11 -8.76974e-13 5.63385e-11
8.55782 3.99324 3.99324 3.24457e-12 -4.52597e-25 -6.3677e-13 8.55773 3.99327 3.99327 -1.09895e-10 -6.82948e-13 -9.91588e-11
8.69163 4.03043 4.03043 2.67452e-12 -1.08874e-24 -1.89612e-12 8.69201 4.02934 4.02934 1.07058e-10 -2.90754e-13 -8.57897e-11
