# step       rmse_trn   rmse_lc_trn   lr      
# If there is no available reference data, rmse_*_{val,trn} will print nan
      0      2.22e+01      7.01e-01    1.0e-03
    100      7.83e-01      2.48e-02    1.0e-03
    200      6.39e-01      2.02e-02    1.0e-03
    300      4.41e-01      1.40e-02    1.0e-03
    400      5.25e-01      1.66e-02    1.0e-03
    500      5.72e-01      1.81e-02    1.0e-03
    600      5.56e-01      1.76e-02    1.0e-03
    700      5.13e-01      1.62e-02    1.0e-03
    800      5.17e-01      1.64e-02    1.0e-03
    900      2.49e-01      7.88e-03    1.0e-03
   1000      3.84e-01      1.21e-02    1.0e-03
   1100      3.84e-01      1.21e-02    1.0e-03
   1200      5.00e-01      1.58e-02    1.0e-03
   1300      4.09e-01      1.29e-02    1.0e-03
   1400      5.14e-01      1.62e-02    1.0e-03
   1500      4.54e-01      1.44e-02    1.0e-03
   1600      6.53e-01      2.06e-02    1.0e-03
   1700      5.49e-01      1.74e-02    1.0e-03
   1800      4.28e-01      1.35e-02    1.0e-03
   1900      4.38e-01      1.38e-02    1.0e-03
   2000      4.75e-01      1.50e-02    1.0e-03
   2100      4.94e-01      1.56e-02    1.0e-03
   2200      3.28e-01      1.04e-02    1.0e-03
   2300      6.09e-01      1.93e-02    1.0e-03
   2400      1.04e+00      3.30e-02    1.0e-03
   2500      3.72e-01      1.18e-02    1.0e-03
   2600      3.66e-01      1.16e-02    1.0e-03
   2700      3.28e-01      1.04e-02    1.0e-03
   2800      4.07e-01      1.29e-02    1.0e-03
   2900      4.71e-01      1.49e-02    1.0e-03
   3000      3.92e-01      1.24e-02    1.0e-03
   3100      3.33e-01      1.05e-02    1.0e-03
   3200      3.81e-01      1.21e-02    1.0e-03
   3300      3.33e-01      1.05e-02    1.0e-03
   3400      7.46e-01      2.36e-02    1.0e-03
   3500      4.45e-01      1.41e-02    1.0e-03
   3600      1.05e+00      3.33e-02    1.0e-03
   3700      5.26e-01      1.66e-02    1.0e-03
   3800      4.22e-01      1.33e-02    1.0e-03
   3900      4.49e-01      1.42e-02    1.0e-03
   4000      2.82e-01      8.92e-03    1.0e-03
   4100      5.52e-01      1.75e-02    1.0e-03
   4200      3.95e-01      1.25e-02    1.0e-03
   4300      7.28e-01      2.30e-02    1.0e-03
   4400      4.04e-01      1.28e-02    1.0e-03
   4500      6.03e-01      1.91e-02    1.0e-03
   4600      2.77e-01      8.76e-03    1.0e-03
   4700      4.79e-01      1.51e-02    1.0e-03
   4800      9.31e-01      2.94e-02    1.0e-03
   4900      4.40e-01      1.39e-02    1.0e-03
   5000      3.60e-01      1.14e-02    9.7e-04
   5100      5.04e-01      1.60e-02    9.7e-04
   5200      3.58e-01      1.13e-02    9.7e-04
   5300      3.68e-01      1.16e-02    9.7e-04
   5400      5.82e-01      1.84e-02    9.7e-04
   5500      3.92e-01      1.24e-02    9.7e-04
   5600      4.08e-01      1.29e-02    9.7e-04
   5700      4.20e-01      1.33e-02    9.7e-04
   5800      3.80e-01      1.20e-02    9.7e-04
   5900      7.61e-01      2.41e-02    9.7e-04
   6000      4.58e-01      1.45e-02    9.7e-04
   6100      5.00e-01      1.58e-02    9.7e-04
   6200      3.58e-01      1.13e-02    9.7e-04
   6300      3.46e-01      1.10e-02    9.7e-04
   6400      9.11e-01      2.88e-02    9.7e-04
   6500      2.14e-01      6.78e-03    9.7e-04
   6600      2.86e-01      9.04e-03    9.7e-04
   6700      4.39e-01      1.39e-02    9.7e-04
   6800      3.44e-01      1.09e-02    9.7e-04
   6900      2.30e-01      7.26e-03    9.7e-04
   7000      3.60e-01      1.14e-02    9.7e-04
   7100      4.96e-01      1.57e-02    9.7e-04
   7200      3.55e-01      1.12e-02    9.7e-04
   7300      4.45e-01      1.41e-02    9.7e-04
   7400      2.54e-01      8.03e-03    9.7e-04
   7500      4.51e-01      1.43e-02    9.7e-04
   7600      5.37e-01      1.70e-02    9.7e-04
   7700      2.87e-01      9.08e-03    9.7e-04
   7800      2.02e-01      6.40e-03    9.7e-04
   7900      6.07e-01      1.92e-02    9.7e-04
   8000      3.64e-01      1.15e-02    9.7e-04
   8100      2.44e-01      7.72e-03    9.7e-04
   8200      2.85e-01      9.02e-03    9.7e-04
   8300      3.10e-01      9.80e-03    9.7e-04
   8400      3.32e-01      1.05e-02    9.7e-04
   8500      5.95e-01      1.88e-02    9.7e-04
   8600      2.71e-01      8.57e-03    9.7e-04
   8700      3.27e-01      1.04e-02    9.7e-04
   8800      3.83e-01      1.21e-02    9.7e-04
   8900      4.46e-01      1.41e-02    9.7e-04
   9000      8.16e-01      2.58e-02    9.7e-04
   9100      3.44e-01      1.09e-02    9.7e-04
   9200      3.27e-01      1.04e-02    9.7e-04
   9300      2.88e-01      9.10e-03    9.7e-04
   9400      2.64e-01      8.35e-03    9.7e-04
   9500      5.00e-01      1.58e-02    9.7e-04
   9600      3.55e-01      1.12e-02    9.7e-04
   9700      2.41e-01      7.63e-03    9.7e-04
   9800      3.44e-01      1.09e-02    9.7e-04
   9900      2.10e-01      6.64e-03    9.7e-04
  10000      5.15e-01      1.63e-02    9.4e-04
  10100      3.61e-01      1.14e-02    9.4e-04
  10200      4.33e-01      1.37e-02    9.4e-04
  10300      4.29e-01      1.36e-02    9.4e-04
  10400      2.70e-01      8.55e-03    9.4e-04
  10500      3.90e-01      1.23e-02    9.4e-04
  10600      2.41e-01      7.62e-03    9.4e-04
  10700      2.86e-01      9.05e-03    9.4e-04
  10800      2.78e-01      8.80e-03    9.4e-04
  10900      4.97e-01      1.57e-02    9.4e-04
  11000      3.00e-01      9.50e-03    9.4e-04
  11100      2.82e-01      8.92e-03    9.4e-04
  11200      2.07e-01      6.56e-03    9.4e-04
  11300      3.34e-01      1.06e-02    9.4e-04
  11400      1.85e-01      5.84e-03    9.4e-04
  11500      2.05e-01      6.47e-03    9.4e-04
  11600      3.29e-01      1.04e-02    9.4e-04
  11700      2.79e-01      8.83e-03    9.4e-04
  11800      2.85e-01      9.01e-03    9.4e-04
  11900      2.12e-01      6.71e-03    9.4e-04
  12000      2.70e-01      8.55e-03    9.4e-04
  12100      1.99e-01      6.30e-03    9.4e-04
  12200      2.56e-01      8.11e-03    9.4e-04
  12300      2.51e-01      7.95e-03    9.4e-04
  12400      1.45e-01      4.59e-03    9.4e-04
  12500      3.19e-01      1.01e-02    9.4e-04
  12600      2.39e-01      7.57e-03    9.4e-04
  12700      2.56e-01      8.09e-03    9.4e-04
  12800      1.96e-01      6.21e-03    9.4e-04
  12900      3.71e-01      1.17e-02    9.4e-04
  13000      2.54e-01      8.02e-03    9.4e-04
  13100      2.72e-01      8.60e-03    9.4e-04
  13200      2.25e-01      7.11e-03    9.4e-04
  13300      2.35e-01      7.43e-03    9.4e-04
  13400      1.96e-01      6.21e-03    9.4e-04
  13500      1.71e-01      5.41e-03    9.4e-04
  13600      2.27e-01      7.16e-03    9.4e-04
  13700      2.68e-01      8.47e-03    9.4e-04
  13800      2.40e-01      7.60e-03    9.4e-04
  13900      2.56e-01      8.10e-03    9.4e-04
  14000      2.34e-01      7.40e-03    9.4e-04
  14100      1.89e-01      5.98e-03    9.4e-04
  14200      3.53e-01      1.12e-02    9.4e-04
  14300      2.53e-01      8.02e-03    9.4e-04
  14400      2.01e-01      6.37e-03    9.4e-04
  14500      2.44e-01      7.70e-03    9.4e-04
  14600      2.32e-01      7.34e-03    9.4e-04
  14700      2.20e-01      6.94e-03    9.4e-04
  14800      3.82e-01      1.21e-02    9.4e-04
  14900      2.59e-01      8.19e-03    9.4e-04
  15000      2.02e-01      6.39e-03    9.2e-04
  15100      2.39e-01      7.57e-03    9.2e-04
  15200      2.76e-01      8.73e-03    9.2e-04
  15300      4.28e-01      1.35e-02    9.2e-04
  15400      2.50e-01      7.92e-03    9.2e-04
  15500      1.89e-01      5.98e-03    9.2e-04
  15600      1.53e-01      4.83e-03    9.2e-04
  15700      1.96e-01      6.20e-03    9.2e-04
  15800      2.23e-01      7.06e-03    9.2e-04
  15900      2.40e-01      7.58e-03    9.2e-04
  16000      2.47e-01      7.80e-03    9.2e-04
  16100      2.02e-01      6.40e-03    9.2e-04
  16200      1.83e-01      5.79e-03    9.2e-04
  16300      3.45e-01      1.09e-02    9.2e-04
  16400      1.48e-01      4.67e-03    9.2e-04
  16500      1.61e-01      5.10e-03    9.2e-04
  16600      2.00e-01      6.34e-03    9.2e-04
  16700      1.70e-01      5.36e-03    9.2e-04
  16800      3.38e-01      1.07e-02    9.2e-04
  16900      2.51e-01      7.92e-03    9.2e-04
  17000      1.61e-01      5.08e-03    9.2e-04
  17100      2.00e-01      6.33e-03    9.2e-04
  17200      1.91e-01      6.05e-03    9.2e-04
  17300      2.38e-01      7.52e-03    9.2e-04
  17400      1.94e-01      6.12e-03    9.2e-04
  17500      1.74e-01      5.52e-03    9.2e-04
  17600      2.23e-01      7.07e-03    9.2e-04
  17700      1.74e-01      5.50e-03    9.2e-04
  17800      2.44e-01      7.73e-03    9.2e-04
  17900      1.90e-01      6.01e-03    9.2e-04
  18000      2.01e-01      6.37e-03    9.2e-04
  18100      1.76e-01      5.57e-03    9.2e-04
  18200      3.70e-01      1.17e-02    9.2e-04
  18300      2.49e-01      7.86e-03    9.2e-04
  18400      3.03e-01      9.57e-03    9.2e-04
  18500      2.07e-01      6.53e-03    9.2e-04
  18600      1.95e-01      6.15e-03    9.2e-04
  18700      1.53e-01      4.85e-03    9.2e-04
  18800      3.45e-01      1.09e-02    9.2e-04
  18900      2.70e-01      8.54e-03    9.2e-04
  19000      1.50e-01      4.76e-03    9.2e-04
  19100      2.07e-01      6.56e-03    9.2e-04
  19200      1.92e-01      6.08e-03    9.2e-04
  19300      1.96e-01      6.20e-03    9.2e-04
  19400      1.94e-01      6.14e-03    9.2e-04
  19500      1.61e-01      5.09e-03    9.2e-04
  19600      1.91e-01      6.03e-03    9.2e-04
  19700      2.01e-01      6.37e-03    9.2e-04
  19800      1.36e-01      4.31e-03    9.2e-04
  19900      2.18e-01      6.90e-03    9.2e-04
  20000      1.63e-01      5.14e-03    8.9e-04
  20100      2.10e-01      6.63e-03    8.9e-04
  20200      1.97e-01      6.23e-03    8.9e-04
  20300      1.32e-01      4.17e-03    8.9e-04
  20400      1.66e-01      5.26e-03    8.9e-04
  20500      1.89e-01      5.97e-03    8.9e-04
  20600      1.62e-01      5.13e-03    8.9e-04
  20700      2.05e-01      6.50e-03    8.9e-04
  20800      1.84e-01      5.81e-03    8.9e-04
  20900      1.49e-01      4.72e-03    8.9e-04
  21000      2.49e-01      7.88e-03    8.9e-04
  21100      1.67e-01      5.27e-03    8.9e-04
  21200      2.35e-01      7.43e-03    8.9e-04
  21300      1.98e-01      6.25e-03    8.9e-04
  21400      5.34e-01      1.69e-02    8.9e-04
  21500      1.81e-01      5.72e-03    8.9e-04
  21600      1.62e-01      5.12e-03    8.9e-04
  21700      1.70e-01      5.37e-03    8.9e-04
  21800      2.03e-01      6.41e-03    8.9e-04
  21900      2.11e-01      6.67e-03    8.9e-04
  22000      2.14e-01      6.77e-03    8.9e-04
  22100      2.31e-01      7.31e-03    8.9e-04
  22200      1.59e-01      5.04e-03    8.9e-04
  22300      2.21e-01      6.99e-03    8.9e-04
  22400      1.96e-01      6.19e-03    8.9e-04
  22500      1.66e-01      5.24e-03    8.9e-04
  22600      2.31e-01      7.32e-03    8.9e-04
  22700      2.18e-01      6.88e-03    8.9e-04
  22800      1.44e-01      4.56e-03    8.9e-04
  22900      1.56e-01      4.95e-03    8.9e-04
  23000      1.99e-01      6.28e-03    8.9e-04
  23100      1.92e-01      6.06e-03    8.9e-04
  23200      2.09e-01      6.60e-03    8.9e-04
  23300      3.01e-01      9.51e-03    8.9e-04
  23400      2.15e-01      6.81e-03    8.9e-04
  23500      1.84e-01      5.82e-03    8.9e-04
  23600      1.46e-01      4.60e-03    8.9e-04
  23700      1.49e-01      4.70e-03    8.9e-04
  23800      1.77e-01      5.59e-03    8.9e-04
  23900      2.18e-01      6.90e-03    8.9e-04
  24000      1.87e-01      5.92e-03    8.9e-04
  24100      1.55e-01      4.90e-03    8.9e-04
  24200      1.89e-01      5.99e-03    8.9e-04
  24300      1.64e-01      5.20e-03    8.9e-04
  24400      2.06e-01      6.52e-03    8.9e-04
  24500      1.83e-01      5.80e-03    8.9e-04
  24600      2.60e-01      8.22e-03    8.9e-04
  24700      1.96e-01      6.19e-03    8.9e-04
  24800      1.47e-01      4.64e-03    8.9e-04
  24900      1.74e-01      5.50e-03    8.9e-04
  25000      1.47e-01      4.66e-03    8.7e-04
  25100      1.64e-01      5.19e-03    8.7e-04
  25200      1.51e-01      4.77e-03    8.7e-04
  25300      1.90e-01      6.02e-03    8.7e-04
  25400      1.78e-01      5.62e-03    8.7e-04
  25500      2.07e-01      6.56e-03    8.7e-04
  25600      1.38e-01      4.36e-03    8.7e-04
  25700      1.59e-01      5.03e-03    8.7e-04
  25800      2.03e-01      6.43e-03    8.7e-04
  25900      1.53e-01      4.84e-03    8.7e-04
  26000      2.46e-01      7.78e-03    8.7e-04
  26100      1.64e-01      5.17e-03    8.7e-04
  26200      1.66e-01      5.26e-03    8.7e-04
  26300      1.63e-01      5.16e-03    8.7e-04
  26400      1.76e-01      5.55e-03    8.7e-04
  26500      1.61e-01      5.09e-03    8.7e-04
  26600      1.56e-01      4.92e-03    8.7e-04
  26700      1.63e-01      5.16e-03    8.7e-04
  26800      1.32e-01      4.17e-03    8.7e-04
  26900      1.52e-01      4.81e-03    8.7e-04
  27000      1.49e-01      4.70e-03    8.7e-04
  27100      1.27e-01      4.01e-03    8.7e-04
  27200      1.44e-01      4.54e-03    8.7e-04
  27300      1.42e-01      4.50e-03    8.7e-04
  27400      1.53e-01      4.84e-03    8.7e-04
  27500      1.40e-01      4.42e-03    8.7e-04
  27600      1.37e-01      4.32e-03    8.7e-04
  27700      1.74e-01      5.49e-03    8.7e-04
  27800      1.44e-01      4.55e-03    8.7e-04
  27900      1.67e-01      5.27e-03    8.7e-04
  28000      1.53e-01      4.83e-03    8.7e-04
  28100      1.68e-01      5.31e-03    8.7e-04
  28200      1.60e-01      5.07e-03    8.7e-04
  28300      1.40e-01      4.44e-03    8.7e-04
  28400      1.62e-01      5.11e-03    8.7e-04
  28500      1.54e-01      4.88e-03    8.7e-04
  28600      1.68e-01      5.31e-03    8.7e-04
  28700      1.79e-01      5.67e-03    8.7e-04
  28800      1.61e-01      5.08e-03    8.7e-04
  28900      1.76e-01      5.57e-03    8.7e-04
  29000      1.72e-01      5.45e-03    8.7e-04
  29100      1.77e-01      5.61e-03    8.7e-04
  29200      1.05e-01      3.31e-03    8.7e-04
  29300      1.33e-01      4.22e-03    8.7e-04
  29400      2.05e-01      6.47e-03    8.7e-04
  29500      1.41e-01      4.47e-03    8.7e-04
  29600      1.43e-01      4.52e-03    8.7e-04
  29700      1.54e-01      4.86e-03    8.7e-04
  29800      1.45e-01      4.59e-03    8.7e-04
  29900      1.88e-01      5.94e-03    8.7e-04
  30000      1.80e-01      5.68e-03    8.4e-04
  30100      1.66e-01      5.26e-03    8.4e-04
  30200      1.53e-01      4.83e-03    8.4e-04
  30300      1.29e-01      4.09e-03    8.4e-04
  30400      1.55e-01      4.91e-03    8.4e-04
  30500      2.05e-01      6.49e-03    8.4e-04
  30600      1.56e-01      4.93e-03    8.4e-04
  30700      1.41e-01      4.45e-03    8.4e-04
  30800      1.90e-01      6.02e-03    8.4e-04
  30900      1.56e-01      4.92e-03    8.4e-04
  31000      1.43e-01      4.53e-03    8.4e-04
  31100      1.43e-01      4.53e-03    8.4e-04
  31200      2.65e-01      8.37e-03    8.4e-04
  31300      2.11e-01      6.67e-03    8.4e-04
  31400      1.81e-01      5.73e-03    8.4e-04
  31500      1.64e-01      5.19e-03    8.4e-04
  31600      1.52e-01      4.80e-03    8.4e-04
  31700      1.44e-01      4.56e-03    8.4e-04
  31800      2.24e-01      7.09e-03    8.4e-04
  31900      1.92e-01      6.06e-03    8.4e-04
  32000      1.14e-01      3.62e-03    8.4e-04
  32100      1.97e-01      6.23e-03    8.4e-04
  32200      3.12e-01      9.86e-03    8.4e-04
  32300      1.92e-01      6.08e-03    8.4e-04
  32400      1.66e-01      5.26e-03    8.4e-04
  32500      1.53e-01      4.83e-03    8.4e-04
  32600      1.94e-01      6.12e-03    8.4e-04
  32700      1.96e-01      6.20e-03    8.4e-04
  32800      2.13e-01      6.72e-03    8.4e-04
  32900      1.63e-01      5.15e-03    8.4e-04
  33000      1.94e-01      6.15e-03    8.4e-04
  33100      1.47e-01      4.66e-03    8.4e-04
  33200      1.68e-01      5.33e-03    8.4e-04
  33300      1.35e-01      4.26e-03    8.4e-04
  33400      1.83e-01      5.78e-03    8.4e-04
  33500      1.75e-01      5.52e-03    8.4e-04
  33600      1.64e-01      5.18e-03    8.4e-04
  33700      1.67e-01      5.29e-03    8.4e-04
  33800      1.83e-01      5.79e-03    8.4e-04
  33900      1.70e-01      5.37e-03    8.4e-04
  34000      1.39e-01      4.39e-03    8.4e-04
  34100      1.58e-01      5.00e-03    8.4e-04
  34200      1.59e-01      5.02e-03    8.4e-04
  34300      1.49e-01      4.71e-03    8.4e-04
  34400      1.56e-01      4.94e-03    8.4e-04
  34500      1.38e-01      4.38e-03    8.4e-04
  34600      1.76e-01      5.55e-03    8.4e-04
  34700      1.38e-01      4.38e-03    8.4e-04
  34800      1.47e-01      4.65e-03    8.4e-04
  34900      1.71e-01      5.42e-03    8.4e-04
  35000      1.29e-01      4.09e-03    8.2e-04
  35100      1.31e-01      4.14e-03    8.2e-04
  35200      1.28e-01      4.06e-03    8.2e-04
  35300      1.54e-01      4.87e-03    8.2e-04
  35400      1.39e-01      4.40e-03    8.2e-04
  35500      1.51e-01      4.77e-03    8.2e-04
  35600      1.70e-01      5.38e-03    8.2e-04
  35700      1.86e-01      5.88e-03    8.2e-04
  35800      1.59e-01      5.04e-03    8.2e-04
  35900      1.92e-01      6.07e-03    8.2e-04
  36000      1.69e-01      5.36e-03    8.2e-04
  36100      1.62e-01      5.11e-03    8.2e-04
  36200      1.37e-01      4.33e-03    8.2e-04
  36300      1.56e-01      4.92e-03    8.2e-04
  36400      1.58e-01      4.99e-03    8.2e-04
  36500      1.32e-01      4.18e-03    8.2e-04
  36600      1.44e-01      4.56e-03    8.2e-04
  36700      1.83e-01      5.78e-03    8.2e-04
  36800      1.38e-01      4.36e-03    8.2e-04
  36900      1.56e-01      4.92e-03    8.2e-04
  37000      1.45e-01      4.59e-03    8.2e-04
  37100      1.74e-01      5.50e-03    8.2e-04
  37200      1.56e-01      4.93e-03    8.2e-04
  37300      1.52e-01      4.82e-03    8.2e-04
  37400      1.47e-01      4.66e-03    8.2e-04
  37500      1.81e-01      5.72e-03    8.2e-04
  37600      1.60e-01      5.05e-03    8.2e-04
  37700      1.56e-01      4.92e-03    8.2e-04
  37800      1.79e-01      5.65e-03    8.2e-04
  37900      1.86e-01      5.89e-03    8.2e-04
  38000      1.19e-01      3.76e-03    8.2e-04
  38100      2.24e-01      7.08e-03    8.2e-04
  38200      1.68e-01      5.31e-03    8.2e-04
  38300      1.50e-01      4.73e-03    8.2e-04
  38400      1.92e-01      6.07e-03    8.2e-04
  38500      1.27e-01      4.01e-03    8.2e-04
  38600      2.23e-01      7.06e-03    8.2e-04
  38700      1.48e-01      4.66e-03    8.2e-04
  38800      1.60e-01      5.07e-03    8.2e-04
  38900      1.60e-01      5.07e-03    8.2e-04
  39000      1.37e-01      4.33e-03    8.2e-04
  39100      1.48e-01      4.68e-03    8.2e-04
  39200      1.31e-01      4.15e-03    8.2e-04
  39300      1.28e-01      4.05e-03    8.2e-04
  39400      1.78e-01      5.63e-03    8.2e-04
  39500      1.44e-01      4.56e-03    8.2e-04
  39600      1.62e-01      5.14e-03    8.2e-04
  39700      1.51e-01      4.77e-03    8.2e-04
  39800      1.36e-01      4.30e-03    8.2e-04
  39900      1.97e-01      6.22e-03    8.2e-04
  40000      1.34e-01      4.24e-03    7.9e-04
  40100      1.26e-01      4.00e-03    7.9e-04
  40200      1.26e-01      3.99e-03    7.9e-04
  40300      2.11e-01      6.69e-03    7.9e-04
  40400      1.13e-01      3.56e-03    7.9e-04
  40500      1.36e-01      4.31e-03    7.9e-04
  40600      1.81e-01      5.71e-03    7.9e-04
  40700      1.39e-01      4.41e-03    7.9e-04
  40800      1.55e-01      4.90e-03    7.9e-04
  40900      1.58e-01      5.01e-03    7.9e-04
  41000      2.25e-01      7.11e-03    7.9e-04
  41100      1.66e-01      5.24e-03    7.9e-04
  41200      2.56e-01      8.08e-03    7.9e-04
  41300      1.48e-01      4.69e-03    7.9e-04
  41400      1.56e-01      4.94e-03    7.9e-04
  41500      1.58e-01      5.00e-03    7.9e-04
  41600      1.27e-01      4.02e-03    7.9e-04
  41700      1.53e-01      4.84e-03    7.9e-04
  41800      1.28e-01      4.06e-03    7.9e-04
  41900      1.39e-01      4.40e-03    7.9e-04
  42000      1.60e-01      5.07e-03    7.9e-04
  42100      1.17e-01      3.70e-03    7.9e-04
  42200      1.52e-01      4.81e-03    7.9e-04
  42300      1.33e-01      4.20e-03    7.9e-04
  42400      1.60e-01      5.05e-03    7.9e-04
  42500      1.58e-01      4.98e-03    7.9e-04
  42600      1.52e-01      4.80e-03    7.9e-04
  42700      1.54e-01      4.86e-03    7.9e-04
  42800      1.71e-01      5.40e-03    7.9e-04
  42900      1.48e-01      4.69e-03    7.9e-04
  43000      1.36e-01      4.31e-03    7.9e-04
  43100      1.97e-01      6.22e-03    7.9e-04
  43200      1.39e-01      4.39e-03    7.9e-04
  43300      1.35e-01      4.26e-03    7.9e-04
  43400      1.57e-01      4.96e-03    7.9e-04
  43500      1.16e-01      3.66e-03    7.9e-04
  43600      1.30e-01      4.10e-03    7.9e-04
  43700      1.53e-01      4.82e-03    7.9e-04
  43800      1.14e-01      3.61e-03    7.9e-04
  43900      1.71e-01      5.41e-03    7.9e-04
  44000      1.50e-01      4.75e-03    7.9e-04
  44100      1.33e-01      4.19e-03    7.9e-04
  44200      1.21e-01      3.84e-03    7.9e-04
  44300      1.62e-01      5.12e-03    7.9e-04
  44400      1.62e-01      5.13e-03    7.9e-04
  44500      1.96e-01      6.21e-03    7.9e-04
  44600      1.21e-01      3.84e-03    7.9e-04
  44700      1.78e-01      5.64e-03    7.9e-04
  44800      1.62e-01      5.13e-03    7.9e-04
  44900      1.61e-01      5.10e-03    7.9e-04
  45000      1.52e-01      4.81e-03    7.7e-04
  45100      1.87e-01      5.92e-03    7.7e-04
  45200      1.56e-01      4.92e-03    7.7e-04
  45300      1.77e-01      5.58e-03    7.7e-04
  45400      1.60e-01      5.07e-03    7.7e-04
  45500      1.49e-01      4.72e-03    7.7e-04
  45600      1.89e-01      5.97e-03    7.7e-04
  45700      1.39e-01      4.40e-03    7.7e-04
  45800      1.80e-01      5.71e-03    7.7e-04
  45900      1.88e-01      5.94e-03    7.7e-04
  46000      1.62e-01      5.12e-03    7.7e-04
  46100      1.83e-01      5.79e-03    7.7e-04
  46200      1.49e-01      4.70e-03    7.7e-04
  46300      1.55e-01      4.90e-03    7.7e-04
  46400      1.46e-01      4.63e-03    7.7e-04
  46500      1.43e-01      4.52e-03    7.7e-04
  46600      1.34e-01      4.23e-03    7.7e-04
  46700      1.72e-01      5.44e-03    7.7e-04
  46800      1.42e-01      4.48e-03    7.7e-04
  46900      1.46e-01      4.61e-03    7.7e-04
  47000      1.54e-01      4.88e-03    7.7e-04
  47100      1.57e-01      4.96e-03    7.7e-04
  47200      1.26e-01      3.98e-03    7.7e-04
  47300      1.24e-01      3.93e-03    7.7e-04
  47400      1.36e-01      4.30e-03    7.7e-04
  47500      1.12e-01      3.54e-03    7.7e-04
  47600      1.30e-01      4.11e-03    7.7e-04
  47700      1.55e-01      4.89e-03    7.7e-04
  47800      1.53e-01      4.83e-03    7.7e-04
  47900      1.47e-01      4.66e-03    7.7e-04
  48000      1.49e-01      4.70e-03    7.7e-04
  48100      1.44e-01      4.57e-03    7.7e-04
  48200      1.49e-01      4.71e-03    7.7e-04
  48300      1.14e-01      3.61e-03    7.7e-04
  48400      1.52e-01      4.82e-03    7.7e-04
  48500      1.74e-01      5.49e-03    7.7e-04
  48600      1.46e-01      4.60e-03    7.7e-04
  48700      1.69e-01      5.33e-03    7.7e-04
  48800      1.53e-01      4.85e-03    7.7e-04
  48900      1.61e-01      5.09e-03    7.7e-04
  49000      1.40e-01      4.44e-03    7.7e-04
  49100      1.51e-01      4.78e-03    7.7e-04
  49200      1.23e-01      3.88e-03    7.7e-04
  49300      1.50e-01      4.75e-03    7.7e-04
  49400      1.55e-01      4.90e-03    7.7e-04
  49500      1.60e-01      5.07e-03    7.7e-04
  49600      1.57e-01      4.96e-03    7.7e-04
  49700      1.66e-01      5.26e-03    7.7e-04
  49800      1.28e-01      4.06e-03    7.7e-04
  49900      1.54e-01      4.88e-03    7.7e-04
  50000      1.37e-01      4.33e-03    7.5e-04
  50100      1.42e-01      4.48e-03    7.5e-04
  50200      1.39e-01      4.39e-03    7.5e-04
  50300      1.74e-01      5.50e-03    7.5e-04
  50400      1.61e-01      5.09e-03    7.5e-04
  50500      1.80e-01      5.69e-03    7.5e-04
  50600      1.61e-01      5.09e-03    7.5e-04
  50700      1.83e-01      5.79e-03    7.5e-04
  50800      1.32e-01      4.18e-03    7.5e-04
  50900      1.61e-01      5.09e-03    7.5e-04
  51000      1.56e-01      4.92e-03    7.5e-04
  51100      1.11e-01      3.50e-03    7.5e-04
  51200      1.48e-01      4.67e-03    7.5e-04
  51300      1.19e-01      3.75e-03    7.5e-04
  51400      1.31e-01      4.13e-03    7.5e-04
  51500      1.21e-01      3.83e-03    7.5e-04
  51600      1.36e-01      4.31e-03    7.5e-04
  51700      1.44e-01      4.55e-03    7.5e-04
  51800      1.37e-01      4.35e-03    7.5e-04
  51900      1.53e-01      4.85e-03    7.5e-04
  52000      1.09e-01      3.44e-03    7.5e-04
  52100      1.81e-01      5.72e-03    7.5e-04
  52200      1.58e-01      5.01e-03    7.5e-04
  52300      1.52e-01      4.80e-03    7.5e-04
  52400      1.62e-01      5.13e-03    7.5e-04
  52500      1.34e-01      4.25e-03    7.5e-04
  52600      1.29e-01      4.07e-03    7.5e-04
  52700      1.38e-01      4.37e-03    7.5e-04
  52800      1.26e-01      3.97e-03    7.5e-04
  52900      1.62e-01      5.13e-03    7.5e-04
  53000      1.57e-01      4.96e-03    7.5e-04
  53100      1.41e-01      4.46e-03    7.5e-04
  53200      1.30e-01      4.13e-03    7.5e-04
  53300      1.56e-01      4.94e-03    7.5e-04
  53400      1.35e-01      4.27e-03    7.5e-04
  53500      1.35e-01      4.28e-03    7.5e-04
  53600      1.36e-01      4.30e-03    7.5e-04
  53700      1.61e-01      5.08e-03    7.5e-04
  53800      1.28e-01      4.06e-03    7.5e-04
  53900      1.41e-01      4.44e-03    7.5e-04
  54000      1.10e-01      3.49e-03    7.5e-04
  54100      1.36e-01      4.29e-03    7.5e-04
  54200      1.49e-01      4.72e-03    7.5e-04
  54300      1.60e-01      5.05e-03    7.5e-04
  54400      1.41e-01      4.47e-03    7.5e-04
  54500      1.25e-01      3.97e-03    7.5e-04
  54600      1.63e-01      5.15e-03    7.5e-04
  54700      1.30e-01      4.11e-03    7.5e-04
  54800      1.41e-01      4.44e-03    7.5e-04
  54900      1.95e-01      6.17e-03    7.5e-04
  55000      1.50e-01      4.76e-03    7.3e-04
  55100      1.28e-01      4.04e-03    7.3e-04
  55200      1.58e-01      5.01e-03    7.3e-04
  55300      1.39e-01      4.41e-03    7.3e-04
  55400      1.59e-01      5.02e-03    7.3e-04
  55500      1.38e-01      4.35e-03    7.3e-04
  55600      1.64e-01      5.17e-03    7.3e-04
  55700      1.69e-01      5.33e-03    7.3e-04
  55800      1.20e-01      3.81e-03    7.3e-04
  55900      1.51e-01      4.78e-03    7.3e-04
  56000      1.48e-01      4.69e-03    7.3e-04
  56100      1.17e-01      3.72e-03    7.3e-04
  56200      1.47e-01      4.65e-03    7.3e-04
  56300      1.69e-01      5.35e-03    7.3e-04
  56400      1.48e-01      4.67e-03    7.3e-04
  56500      1.73e-01      5.46e-03    7.3e-04
  56600      1.41e-01      4.45e-03    7.3e-04
  56700      1.35e-01      4.27e-03    7.3e-04
  56800      1.38e-01      4.38e-03    7.3e-04
  56900      1.16e-01      3.68e-03    7.3e-04
  57000      1.51e-01      4.79e-03    7.3e-04
  57100      1.30e-01      4.10e-03    7.3e-04
  57200      1.47e-01      4.64e-03    7.3e-04
  57300      1.25e-01      3.95e-03    7.3e-04
  57400      1.25e-01      3.97e-03    7.3e-04
  57500      1.68e-01      5.32e-03    7.3e-04
  57600      1.28e-01      4.06e-03    7.3e-04
  57700      1.25e-01      3.96e-03    7.3e-04
  57800      1.49e-01      4.72e-03    7.3e-04
  57900      1.55e-01      4.91e-03    7.3e-04
  58000      1.44e-01      4.56e-03    7.3e-04
  58100      1.37e-01      4.34e-03    7.3e-04
  58200      1.24e-01      3.92e-03    7.3e-04
  58300      1.40e-01      4.42e-03    7.3e-04
  58400      1.57e-01      4.98e-03    7.3e-04
  58500      1.50e-01      4.74e-03    7.3e-04
  58600      1.55e-01      4.89e-03    7.3e-04
  58700      1.28e-01      4.06e-03    7.3e-04
  58800      1.48e-01      4.68e-03    7.3e-04
  58900      1.38e-01      4.35e-03    7.3e-04
  59000      1.51e-01      4.76e-03    7.3e-04
  59100      1.48e-01      4.68e-03    7.3e-04
  59200      1.47e-01      4.66e-03    7.3e-04
  59300      1.66e-01      5.26e-03    7.3e-04
  59400      1.41e-01      4.46e-03    7.3e-04
  59500      1.41e-01      4.47e-03    7.3e-04
  59600      1.75e-01      5.52e-03    7.3e-04
  59700      1.74e-01      5.50e-03    7.3e-04
  59800      1.39e-01      4.38e-03    7.3e-04
  59900      1.41e-01      4.44e-03    7.3e-04
  60000      1.48e-01      4.67e-03    7.1e-04
  60100      1.53e-01      4.84e-03    7.1e-04
  60200      1.51e-01      4.76e-03    7.1e-04
  60300      1.43e-01      4.53e-03    7.1e-04
  60400      2.01e-01      6.37e-03    7.1e-04
  60500      1.36e-01      4.30e-03    7.1e-04
  60600      1.15e-01      3.63e-03    7.1e-04
  60700      1.47e-01      4.63e-03    7.1e-04
  60800      1.30e-01      4.12e-03    7.1e-04
  60900      1.38e-01      4.37e-03    7.1e-04
  61000      1.56e-01      4.94e-03    7.1e-04
  61100      1.69e-01      5.35e-03    7.1e-04
  61200      1.68e-01      5.30e-03    7.1e-04
  61300      1.47e-01      4.66e-03    7.1e-04
  61400      1.24e-01      3.91e-03    7.1e-04
  61500      1.58e-01      5.00e-03    7.1e-04
  61600      1.51e-01      4.79e-03    7.1e-04
  61700      1.41e-01      4.45e-03    7.1e-04
  61800      1.61e-01      5.09e-03    7.1e-04
  61900      1.16e-01      3.66e-03    7.1e-04
  62000      1.53e-01      4.85e-03    7.1e-04
  62100      1.10e-01      3.49e-03    7.1e-04
  62200      1.26e-01      3.99e-03    7.1e-04
  62300      1.49e-01      4.72e-03    7.1e-04
  62400      1.52e-01      4.81e-03    7.1e-04
  62500      1.67e-01      5.28e-03    7.1e-04
  62600      1.75e-01      5.53e-03    7.1e-04
  62700      1.58e-01      5.00e-03    7.1e-04
  62800      1.67e-01      5.30e-03    7.1e-04
  62900      1.41e-01      4.45e-03    7.1e-04
  63000      1.64e-01      5.20e-03    7.1e-04
  63100      1.60e-01      5.05e-03    7.1e-04
  63200      1.56e-01      4.93e-03    7.1e-04
  63300      1.38e-01      4.35e-03    7.1e-04
  63400      1.56e-01      4.93e-03    7.1e-04
  63500      1.47e-01      4.65e-03    7.1e-04
  63600      1.21e-01      3.83e-03    7.1e-04
  63700      1.47e-01      4.64e-03    7.1e-04
  63800      1.14e-01      3.59e-03    7.1e-04
  63900      1.48e-01      4.70e-03    7.1e-04
  64000      1.44e-01      4.55e-03    7.1e-04
  64100      1.49e-01      4.71e-03    7.1e-04
  64200      1.36e-01      4.29e-03    7.1e-04
  64300      1.74e-01      5.52e-03    7.1e-04
  64400      1.53e-01      4.83e-03    7.1e-04
  64500      1.56e-01      4.94e-03    7.1e-04
  64600      1.55e-01      4.90e-03    7.1e-04
  64700      1.56e-01      4.92e-03    7.1e-04
  64800      1.61e-01      5.10e-03    7.1e-04
  64900      2.01e-01      6.36e-03    7.1e-04
  65000      1.37e-01      4.32e-03    6.9e-04
  65100      1.27e-01      4.02e-03    6.9e-04
  65200      1.32e-01      4.18e-03    6.9e-04
  65300      1.40e-01      4.44e-03    6.9e-04
  65400      1.60e-01      5.07e-03    6.9e-04
  65500      1.80e-01      5.69e-03    6.9e-04
  65600      1.50e-01      4.75e-03    6.9e-04
  65700      1.57e-01      4.97e-03    6.9e-04
  65800      1.45e-01      4.59e-03    6.9e-04
  65900      1.56e-01      4.93e-03    6.9e-04
  66000      1.57e-01      4.98e-03    6.9e-04
  66100      1.20e-01      3.80e-03    6.9e-04
  66200      1.29e-01      4.09e-03    6.9e-04
  66300      1.13e-01      3.59e-03    6.9e-04
  66400      1.56e-01      4.94e-03    6.9e-04
  66500      1.62e-01      5.11e-03    6.9e-04
  66600      1.28e-01      4.04e-03    6.9e-04
  66700      1.38e-01      4.36e-03    6.9e-04
  66800      1.56e-01      4.95e-03    6.9e-04
  66900      1.49e-01      4.71e-03    6.9e-04
  67000      1.52e-01      4.82e-03    6.9e-04
  67100      1.51e-01      4.76e-03    6.9e-04
  67200      1.33e-01      4.21e-03    6.9e-04
  67300      1.62e-01      5.14e-03    6.9e-04
  67400      1.36e-01      4.29e-03    6.9e-04
  67500      1.51e-01      4.79e-03    6.9e-04
  67600      1.49e-01      4.72e-03    6.9e-04
  67700      1.59e-01      5.03e-03    6.9e-04
  67800      1.62e-01      5.11e-03    6.9e-04
  67900      1.47e-01      4.65e-03    6.9e-04
  68000      1.28e-01      4.06e-03    6.9e-04
  68100      1.59e-01      5.04e-03    6.9e-04
  68200      1.58e-01      5.01e-03    6.9e-04
  68300      1.48e-01      4.67e-03    6.9e-04
  68400      1.55e-01      4.89e-03    6.9e-04
  68500      1.17e-01      3.70e-03    6.9e-04
  68600      1.60e-01      5.06e-03    6.9e-04
  68700      1.39e-01      4.39e-03    6.9e-04
  68800      1.36e-01      4.30e-03    6.9e-04
  68900      1.53e-01      4.84e-03    6.9e-04
  69000      1.37e-01      4.34e-03    6.9e-04
  69100      1.32e-01      4.18e-03    6.9e-04
  69200      1.57e-01      4.98e-03    6.9e-04
  69300      1.48e-01      4.68e-03    6.9e-04
  69400      1.33e-01      4.20e-03    6.9e-04
  69500      1.49e-01      4.70e-03    6.9e-04
  69600      1.63e-01      5.16e-03    6.9e-04
  69700      1.42e-01      4.49e-03    6.9e-04
  69800      1.19e-01      3.76e-03    6.9e-04
  69900      1.17e-01      3.71e-03    6.9e-04
  70000      1.32e-01      4.18e-03    6.7e-04
  70100      1.41e-01      4.45e-03    6.7e-04
  70200      1.63e-01      5.16e-03    6.7e-04
  70300      1.44e-01      4.56e-03    6.7e-04
  70400      1.35e-01      4.27e-03    6.7e-04
  70500      1.25e-01      3.95e-03    6.7e-04
  70600      1.15e-01      3.65e-03    6.7e-04
  70700      1.46e-01      4.62e-03    6.7e-04
  70800      1.34e-01      4.23e-03    6.7e-04
  70900      1.44e-01      4.55e-03    6.7e-04
  71000      1.47e-01      4.66e-03    6.7e-04
  71100      1.42e-01      4.50e-03    6.7e-04
  71200      1.43e-01      4.51e-03    6.7e-04
  71300      1.38e-01      4.37e-03    6.7e-04
  71400      1.46e-01      4.62e-03    6.7e-04
  71500      1.44e-01      4.56e-03    6.7e-04
  71600      1.43e-01      4.51e-03    6.7e-04
  71700      1.19e-01      3.77e-03    6.7e-04
  71800      1.36e-01      4.29e-03    6.7e-04
  71900      1.18e-01      3.73e-03    6.7e-04
  72000      1.31e-01      4.13e-03    6.7e-04
  72100      1.46e-01      4.61e-03    6.7e-04
  72200      1.55e-01      4.89e-03    6.7e-04
  72300      1.40e-01      4.42e-03    6.7e-04
  72400      1.21e-01      3.83e-03    6.7e-04
  72500      1.51e-01      4.77e-03    6.7e-04
  72600      1.56e-01      4.93e-03    6.7e-04
  72700      1.28e-01      4.05e-03    6.7e-04
  72800      1.34e-01      4.24e-03    6.7e-04
  72900      1.29e-01      4.07e-03    6.7e-04
  73000      1.51e-01      4.79e-03    6.7e-04
  73100      1.65e-01      5.21e-03    6.7e-04
  73200      1.39e-01      4.40e-03    6.7e-04
  73300      1.56e-01      4.93e-03    6.7e-04
  73400      1.57e-01      4.96e-03    6.7e-04
  73500      1.48e-01      4.69e-03    6.7e-04
  73600      1.62e-01      5.12e-03    6.7e-04
  73700      1.51e-01      4.78e-03    6.7e-04
  73800      1.37e-01      4.34e-03    6.7e-04
  73900      1.46e-01      4.63e-03    6.7e-04
  74000      1.58e-01      4.99e-03    6.7e-04
  74100      1.33e-01      4.21e-03    6.7e-04
  74200      1.54e-01      4.88e-03    6.7e-04
  74300      1.25e-01      3.96e-03    6.7e-04
  74400      1.42e-01      4.49e-03    6.7e-04
  74500      1.38e-01      4.36e-03    6.7e-04
  74600      1.50e-01      4.74e-03    6.7e-04
  74700      1.25e-01      3.96e-03    6.7e-04
  74800      1.42e-01      4.48e-03    6.7e-04
  74900      1.60e-01      5.06e-03    6.7e-04
  75000      1.49e-01      4.71e-03    6.5e-04
  75100      1.53e-01      4.83e-03    6.5e-04
  75200      1.30e-01      4.11e-03    6.5e-04
  75300      1.57e-01      4.96e-03    6.5e-04
  75400      1.40e-01      4.41e-03    6.5e-04
  75500      1.51e-01      4.77e-03    6.5e-04
  75600      1.21e-01      3.84e-03    6.5e-04
  75700      1.39e-01      4.38e-03    6.5e-04
  75800      1.59e-01      5.04e-03    6.5e-04
  75900      1.36e-01      4.31e-03    6.5e-04
  76000      1.08e-01      3.42e-03    6.5e-04
  76100      1.28e-01      4.04e-03    6.5e-04
  76200      1.32e-01      4.16e-03    6.5e-04
  76300      1.39e-01      4.40e-03    6.5e-04
  76400      1.53e-01      4.84e-03    6.5e-04
  76500      1.32e-01      4.17e-03    6.5e-04
  76600      1.31e-01      4.15e-03    6.5e-04
  76700      1.43e-01      4.51e-03    6.5e-04
  76800      1.59e-01      5.04e-03    6.5e-04
  76900      1.49e-01      4.71e-03    6.5e-04
  77000      1.62e-01      5.13e-03    6.5e-04
  77100      1.40e-01      4.41e-03    6.5e-04
  77200      1.59e-01      5.02e-03    6.5e-04
  77300      1.32e-01      4.19e-03    6.5e-04
  77400      1.44e-01      4.54e-03    6.5e-04
  77500      1.44e-01      4.56e-03    6.5e-04
  77600      1.66e-01      5.25e-03    6.5e-04
  77700      1.34e-01      4.22e-03    6.5e-04
  77800      1.66e-01      5.25e-03    6.5e-04
  77900      1.25e-01      3.97e-03    6.5e-04
  78000      1.39e-01      4.40e-03    6.5e-04
  78100      1.47e-01      4.64e-03    6.5e-04
  78200      1.49e-01      4.70e-03    6.5e-04
  78300      1.60e-01      5.06e-03    6.5e-04
  78400      1.33e-01      4.20e-03    6.5e-04
  78500      1.54e-01      4.86e-03    6.5e-04
  78600      1.54e-01      4.88e-03    6.5e-04
  78700      1.46e-01      4.62e-03    6.5e-04
  78800      1.49e-01      4.72e-03    6.5e-04
  78900      1.49e-01      4.70e-03    6.5e-04
  79000      1.62e-01      5.12e-03    6.5e-04
  79100      1.51e-01      4.76e-03    6.5e-04
  79200      1.24e-01      3.91e-03    6.5e-04
  79300      1.25e-01      3.94e-03    6.5e-04
  79400      1.54e-01      4.86e-03    6.5e-04
  79500      1.19e-01      3.75e-03    6.5e-04
  79600      1.26e-01      4.00e-03    6.5e-04
  79700      1.81e-01      5.72e-03    6.5e-04
  79800      1.54e-01      4.88e-03    6.5e-04
  79900      1.31e-01      4.16e-03    6.5e-04
  80000      1.35e-01      4.28e-03    6.3e-04
  80100      1.34e-01      4.23e-03    6.3e-04
  80200      1.50e-01      4.73e-03    6.3e-04
  80300      1.70e-01      5.37e-03    6.3e-04
  80400      1.50e-01      4.75e-03    6.3e-04
  80500      1.70e-01      5.37e-03    6.3e-04
  80600      1.29e-01      4.07e-03    6.3e-04
  80700      1.57e-01      4.98e-03    6.3e-04
  80800      1.53e-01      4.84e-03    6.3e-04
  80900      1.31e-01      4.16e-03    6.3e-04
  81000      1.47e-01      4.64e-03    6.3e-04
  81100      1.43e-01      4.52e-03    6.3e-04
  81200      1.37e-01      4.34e-03    6.3e-04
  81300      1.06e-01      3.35e-03    6.3e-04
  81400      1.52e-01      4.81e-03    6.3e-04
  81500      1.50e-01      4.73e-03    6.3e-04
  81600      1.37e-01      4.33e-03    6.3e-04
  81700      1.59e-01      5.04e-03    6.3e-04
  81800      1.48e-01      4.69e-03    6.3e-04
  81900      1.63e-01      5.17e-03    6.3e-04
  82000      1.40e-01      4.44e-03    6.3e-04
  82100      1.62e-01      5.13e-03    6.3e-04
  82200      1.34e-01      4.25e-03    6.3e-04
  82300      1.47e-01      4.66e-03    6.3e-04
  82400      1.53e-01      4.85e-03    6.3e-04
  82500      1.25e-01      3.96e-03    6.3e-04
  82600      1.37e-01      4.33e-03    6.3e-04
  82700      1.47e-01      4.63e-03    6.3e-04
  82800      1.30e-01      4.10e-03    6.3e-04
  82900      1.67e-01      5.27e-03    6.3e-04
  83000      1.40e-01      4.44e-03    6.3e-04
  83100      1.45e-01      4.59e-03    6.3e-04
  83200      1.50e-01      4.75e-03    6.3e-04
  83300      1.40e-01      4.42e-03    6.3e-04
  83400      1.51e-01      4.77e-03    6.3e-04
  83500      1.54e-01      4.87e-03    6.3e-04
  83600      1.26e-01      4.00e-03    6.3e-04
  83700      1.41e-01      4.45e-03    6.3e-04
  83800      1.47e-01      4.64e-03    6.3e-04
  83900      1.63e-01      5.15e-03    6.3e-04
  84000      1.47e-01      4.66e-03    6.3e-04
  84100      1.52e-01      4.81e-03    6.3e-04
  84200      1.46e-01      4.63e-03    6.3e-04
  84300      1.25e-01      3.95e-03    6.3e-04
  84400      1.28e-01      4.04e-03    6.3e-04
  84500      1.53e-01      4.85e-03    6.3e-04
  84600      1.12e-01      3.53e-03    6.3e-04
  84700      1.28e-01      4.05e-03    6.3e-04
  84800      1.35e-01      4.28e-03    6.3e-04
  84900      1.58e-01      4.99e-03    6.3e-04
  85000      1.32e-01      4.17e-03    6.1e-04
  85100      1.58e-01      5.00e-03    6.1e-04
  85200      1.46e-01      4.60e-03    6.1e-04
  85300      1.44e-01      4.55e-03    6.1e-04
  85400      1.23e-01      3.88e-03    6.1e-04
  85500      1.24e-01      3.91e-03    6.1e-04
  85600      1.12e-01      3.53e-03    6.1e-04
  85700      1.51e-01      4.79e-03    6.1e-04
  85800      1.42e-01      4.50e-03    6.1e-04
  85900      1.64e-01      5.17e-03    6.1e-04
  86000      1.71e-01      5.42e-03    6.1e-04
  86100      1.45e-01      4.58e-03    6.1e-04
  86200      1.12e-01      3.54e-03    6.1e-04
  86300      1.49e-01      4.71e-03    6.1e-04
  86400      1.61e-01      5.08e-03    6.1e-04
  86500      1.56e-01      4.92e-03    6.1e-04
  86600      1.62e-01      5.13e-03    6.1e-04
  86700      1.50e-01      4.74e-03    6.1e-04
  86800      1.47e-01      4.65e-03    6.1e-04
  86900      1.23e-01      3.89e-03    6.1e-04
  87000      1.17e-01      3.70e-03    6.1e-04
  87100      1.20e-01      3.78e-03    6.1e-04
  87200      1.31e-01      4.13e-03    6.1e-04
  87300      1.72e-01      5.44e-03    6.1e-04
  87400      1.51e-01      4.78e-03    6.1e-04
  87500      1.26e-01      4.00e-03    6.1e-04
  87600      1.45e-01      4.58e-03    6.1e-04
  87700      1.34e-01      4.24e-03    6.1e-04
  87800      1.30e-01      4.10e-03    6.1e-04
  87900      1.24e-01      3.91e-03    6.1e-04
  88000      1.38e-01      4.36e-03    6.1e-04
  88100      1.22e-01      3.86e-03    6.1e-04
  88200      1.55e-01      4.89e-03    6.1e-04
  88300      1.53e-01      4.85e-03    6.1e-04
  88400      1.39e-01      4.40e-03    6.1e-04
  88500      1.54e-01      4.88e-03    6.1e-04
  88600      1.12e-01      3.55e-03    6.1e-04
  88700      1.15e-01      3.65e-03    6.1e-04
  88800      1.08e-01      3.42e-03    6.1e-04
  88900      1.55e-01      4.90e-03    6.1e-04
  89000      1.47e-01      4.65e-03    6.1e-04
  89100      1.21e-01      3.83e-03    6.1e-04
  89200      1.36e-01      4.29e-03    6.1e-04
  89300      1.32e-01      4.18e-03    6.1e-04
  89400      1.26e-01      3.98e-03    6.1e-04
  89500      1.23e-01      3.90e-03    6.1e-04
  89600      1.33e-01      4.22e-03    6.1e-04
  89700      1.63e-01      5.15e-03    6.1e-04
  89800      1.50e-01      4.74e-03    6.1e-04
  89900      1.43e-01      4.52e-03    6.1e-04
  90000      1.39e-01      4.39e-03    6.0e-04
  90100      1.57e-01      4.96e-03    6.0e-04
  90200      1.58e-01      5.00e-03    6.0e-04
  90300      1.30e-01      4.11e-03    6.0e-04
  90400      1.64e-01      5.19e-03    6.0e-04
  90500      1.34e-01      4.22e-03    6.0e-04
  90600      1.53e-01      4.84e-03    6.0e-04
  90700      1.64e-01      5.17e-03    6.0e-04
  90800      1.39e-01      4.40e-03    6.0e-04
  90900      1.05e-01      3.33e-03    6.0e-04
  91000      1.21e-01      3.83e-03    6.0e-04
  91100      1.54e-01      4.88e-03    6.0e-04
  91200      1.52e-01      4.81e-03    6.0e-04
  91300      1.04e-01      3.30e-03    6.0e-04
  91400      1.20e-01      3.79e-03    6.0e-04
  91500      1.41e-01      4.47e-03    6.0e-04
  91600      1.60e-01      5.06e-03    6.0e-04
  91700      1.06e-01      3.36e-03    6.0e-04
  91800      1.33e-01      4.20e-03    6.0e-04
  91900      1.18e-01      3.74e-03    6.0e-04
  92000      1.41e-01      4.47e-03    6.0e-04
  92100      1.45e-01      4.58e-03    6.0e-04
  92200      1.45e-01      4.58e-03    6.0e-04
  92300      1.19e-01      3.78e-03    6.0e-04
  92400      1.51e-01      4.76e-03    6.0e-04
  92500      1.56e-01      4.93e-03    6.0e-04
  92600      1.62e-01      5.14e-03    6.0e-04
  92700      1.23e-01      3.90e-03    6.0e-04
  92800      1.23e-01      3.90e-03    6.0e-04
  92900      1.19e-01      3.77e-03    6.0e-04
  93000      1.53e-01      4.83e-03    6.0e-04
  93100      1.46e-01      4.62e-03    6.0e-04
  93200      1.58e-01      4.99e-03    6.0e-04
  93300      1.64e-01      5.20e-03    6.0e-04
  93400      1.53e-01      4.85e-03    6.0e-04
  93500      1.51e-01      4.79e-03    6.0e-04
  93600      1.14e-01      3.59e-03    6.0e-04
  93700      1.37e-01      4.32e-03    6.0e-04
  93800      1.38e-01      4.36e-03    6.0e-04
  93900      1.30e-01      4.12e-03    6.0e-04
  94000      1.34e-01      4.25e-03    6.0e-04
  94100      1.26e-01      3.99e-03    6.0e-04
  94200      1.23e-01      3.88e-03    6.0e-04
  94300      1.46e-01      4.63e-03    6.0e-04
  94400      1.61e-01      5.09e-03    6.0e-04
  94500      1.32e-01      4.18e-03    6.0e-04
  94600      1.54e-01      4.88e-03    6.0e-04
  94700      1.35e-01      4.26e-03    6.0e-04
  94800      1.55e-01      4.91e-03    6.0e-04
  94900      1.54e-01      4.86e-03    6.0e-04
  95000      1.49e-01      4.71e-03    5.8e-04
  95100      1.24e-01      3.93e-03    5.8e-04
  95200      1.41e-01      4.45e-03    5.8e-04
  95300      1.85e-01      5.85e-03    5.8e-04
  95400      1.35e-01      4.26e-03    5.8e-04
  95500      1.47e-01      4.65e-03    5.8e-04
  95600      1.56e-01      4.94e-03    5.8e-04
  95700      1.46e-01      4.61e-03    5.8e-04
  95800      1.49e-01      4.72e-03    5.8e-04
  95900      1.29e-01      4.07e-03    5.8e-04
  96000      1.42e-01      4.50e-03    5.8e-04
  96100      1.42e-01      4.50e-03    5.8e-04
  96200      1.47e-01      4.65e-03    5.8e-04
  96300      1.36e-01      4.30e-03    5.8e-04
  96400      1.22e-01      3.84e-03    5.8e-04
  96500      1.45e-01      4.59e-03    5.8e-04
  96600      1.50e-01      4.75e-03    5.8e-04
  96700      1.53e-01      4.82e-03    5.8e-04
  96800      1.38e-01      4.35e-03    5.8e-04
  96900      1.40e-01      4.42e-03    5.8e-04
  97000      1.26e-01      4.00e-03    5.8e-04
  97100      1.09e-01      3.43e-03    5.8e-04
  97200      1.31e-01      4.13e-03    5.8e-04
  97300      1.27e-01      4.01e-03    5.8e-04
  97400      1.22e-01      3.85e-03    5.8e-04
  97500      1.48e-01      4.69e-03    5.8e-04
  97600      1.53e-01      4.83e-03    5.8e-04
  97700      1.41e-01      4.46e-03    5.8e-04
  97800      1.36e-01      4.30e-03    5.8e-04
  97900      1.69e-01      5.34e-03    5.8e-04
  98000      1.12e-01      3.53e-03    5.8e-04
  98100      1.60e-01      5.05e-03    5.8e-04
  98200      1.14e-01      3.62e-03    5.8e-04
  98300      1.38e-01      4.37e-03    5.8e-04
  98400      1.43e-01      4.51e-03    5.8e-04
  98500      1.50e-01      4.76e-03    5.8e-04
  98600      1.37e-01      4.35e-03    5.8e-04
  98700      1.44e-01      4.54e-03    5.8e-04
  98800      1.29e-01      4.07e-03    5.8e-04
  98900      1.41e-01      4.47e-03    5.8e-04
  99000      1.57e-01      4.96e-03    5.8e-04
  99100      1.44e-01      4.56e-03    5.8e-04
  99200      1.14e-01      3.60e-03    5.8e-04
  99300      1.56e-01      4.94e-03    5.8e-04
  99400      1.57e-01      4.95e-03    5.8e-04
  99500      1.42e-01      4.50e-03    5.8e-04
  99600      1.61e-01      5.08e-03    5.8e-04
  99700      1.23e-01      3.89e-03    5.8e-04
  99800      1.21e-01      3.84e-03    5.8e-04
  99900      1.19e-01      3.77e-03    5.8e-04
 100000      1.18e-01      3.73e-03    5.6e-04
 100100      1.57e-01      4.97e-03    5.6e-04
 100200      1.28e-01      4.06e-03    5.6e-04
 100300      1.58e-01      5.00e-03    5.6e-04
 100400      1.55e-01      4.89e-03    5.6e-04
 100500      1.49e-01      4.71e-03    5.6e-04
 100600      1.82e-01      5.75e-03    5.6e-04
 100700      1.36e-01      4.30e-03    5.6e-04
 100800      1.18e-01      3.74e-03    5.6e-04
 100900      1.26e-01      3.99e-03    5.6e-04
 101000      1.28e-01      4.05e-03    5.6e-04
 101100      1.55e-01      4.92e-03    5.6e-04
 101200      1.52e-01      4.80e-03    5.6e-04
 101300      1.15e-01      3.63e-03    5.6e-04
 101400      1.09e-01      3.45e-03    5.6e-04
 101500      1.32e-01      4.18e-03    5.6e-04
 101600      1.45e-01      4.60e-03    5.6e-04
 101700      1.06e-01      3.35e-03    5.6e-04
 101800      1.37e-01      4.32e-03    5.6e-04
 101900      1.26e-01      3.98e-03    5.6e-04
 102000      1.41e-01      4.46e-03    5.6e-04
 102100      1.52e-01      4.82e-03    5.6e-04
 102200      1.51e-01      4.78e-03    5.6e-04
 102300      1.37e-01      4.32e-03    5.6e-04
 102400      1.38e-01      4.37e-03    5.6e-04
 102500      9.69e-02      3.07e-03    5.6e-04
 102600      1.41e-01      4.45e-03    5.6e-04
 102700      1.50e-01      4.73e-03    5.6e-04
 102800      1.58e-01      5.00e-03    5.6e-04
 102900      1.61e-01      5.11e-03    5.6e-04
 103000      1.55e-01      4.89e-03    5.6e-04
 103100      1.10e-01      3.47e-03    5.6e-04
 103200      1.59e-01      5.03e-03    5.6e-04
 103300      1.53e-01      4.84e-03    5.6e-04
 103400      1.31e-01      4.14e-03    5.6e-04
 103500      1.55e-01      4.91e-03    5.6e-04
 103600      1.46e-01      4.61e-03    5.6e-04
 103700      1.32e-01      4.19e-03    5.6e-04
 103800      1.39e-01      4.39e-03    5.6e-04
 103900      1.66e-01      5.25e-03    5.6e-04
 104000      1.17e-01      3.71e-03    5.6e-04
 104100      1.53e-01      4.85e-03    5.6e-04
 104200      1.29e-01      4.09e-03    5.6e-04
 104300      1.55e-01      4.90e-03    5.6e-04
 104400      1.58e-01      5.01e-03    5.6e-04
 104500      1.51e-01      4.78e-03    5.6e-04
 104600      1.24e-01      3.92e-03    5.6e-04
 104700      1.45e-01      4.59e-03    5.6e-04
 104800      1.40e-01      4.43e-03    5.6e-04
 104900      1.71e-01      5.40e-03    5.6e-04
 105000      1.49e-01      4.71e-03    5.5e-04
 105100      1.53e-01      4.82e-03    5.5e-04
 105200      1.37e-01      4.34e-03    5.5e-04
 105300      1.49e-01      4.71e-03    5.5e-04
 105400      1.33e-01      4.20e-03    5.5e-04
 105500      1.52e-01      4.80e-03    5.5e-04
 105600      1.25e-01      3.95e-03    5.5e-04
 105700      1.24e-01      3.92e-03    5.5e-04
 105800      1.22e-01      3.86e-03    5.5e-04
 105900      1.76e-01      5.56e-03    5.5e-04
 106000      1.36e-01      4.29e-03    5.5e-04
 106100      1.42e-01      4.48e-03    5.5e-04
 106200      1.82e-01      5.75e-03    5.5e-04
 106300      1.15e-01      3.64e-03    5.5e-04
 106400      1.37e-01      4.33e-03    5.5e-04
 106500      1.46e-01      4.60e-03    5.5e-04
 106600      1.32e-01      4.17e-03    5.5e-04
 106700      1.32e-01      4.17e-03    5.5e-04
 106800      1.20e-01      3.80e-03    5.5e-04
 106900      1.56e-01      4.94e-03    5.5e-04
 107000      1.35e-01      4.25e-03    5.5e-04
 107100      1.39e-01      4.40e-03    5.5e-04
 107200      1.49e-01      4.71e-03    5.5e-04
 107300      1.20e-01      3.80e-03    5.5e-04
 107400      1.36e-01      4.29e-03    5.5e-04
 107500      1.14e-01      3.60e-03    5.5e-04
 107600      1.24e-01      3.91e-03    5.5e-04
 107700      1.32e-01      4.17e-03    5.5e-04
 107800      1.33e-01      4.20e-03    5.5e-04
 107900      1.46e-01      4.61e-03    5.5e-04
 108000      1.28e-01      4.06e-03    5.5e-04
 108100      1.36e-01      4.29e-03    5.5e-04
 108200      1.51e-01      4.77e-03    5.5e-04
 108300      1.48e-01      4.67e-03    5.5e-04
 108400      1.32e-01      4.19e-03    5.5e-04
 108500      1.33e-01      4.21e-03    5.5e-04
 108600      1.22e-01      3.87e-03    5.5e-04
 108700      1.56e-01      4.95e-03    5.5e-04
 108800      1.67e-01      5.28e-03    5.5e-04
 108900      1.18e-01      3.72e-03    5.5e-04
 109000      1.52e-01      4.82e-03    5.5e-04
 109100      1.44e-01      4.55e-03    5.5e-04
 109200      1.32e-01      4.17e-03    5.5e-04
 109300      1.36e-01      4.30e-03    5.5e-04
 109400      1.58e-01      5.00e-03    5.5e-04
 109500      1.26e-01      3.98e-03    5.5e-04
 109600      1.74e-01      5.52e-03    5.5e-04
 109700      1.32e-01      4.17e-03    5.5e-04
 109800      1.38e-01      4.36e-03    5.5e-04
 109900      1.19e-01      3.77e-03    5.5e-04
 110000      1.51e-01      4.76e-03    5.3e-04
 110100      1.37e-01      4.33e-03    5.3e-04
 110200      1.46e-01      4.62e-03    5.3e-04
 110300      1.59e-01      5.04e-03    5.3e-04
 110400      1.30e-01      4.10e-03    5.3e-04
 110500      1.33e-01      4.22e-03    5.3e-04
 110600      1.48e-01      4.67e-03    5.3e-04
 110700      1.45e-01      4.59e-03    5.3e-04
 110800      1.52e-01      4.80e-03    5.3e-04
 110900      1.51e-01      4.77e-03    5.3e-04
 111000      1.35e-01      4.28e-03    5.3e-04
 111100      1.45e-01      4.58e-03    5.3e-04
 111200      1.34e-01      4.24e-03    5.3e-04
 111300      1.48e-01      4.70e-03    5.3e-04
 111400      1.41e-01      4.45e-03    5.3e-04
 111500      1.19e-01      3.76e-03    5.3e-04
 111600      1.12e-01      3.54e-03    5.3e-04
 111700      1.26e-01      3.98e-03    5.3e-04
 111800      1.49e-01      4.71e-03    5.3e-04
 111900      1.36e-01      4.32e-03    5.3e-04
 112000      1.52e-01      4.81e-03    5.3e-04
 112100      1.45e-01      4.58e-03    5.3e-04
 112200      1.61e-01      5.09e-03    5.3e-04
 112300      1.45e-01      4.58e-03    5.3e-04
 112400      1.27e-01      4.00e-03    5.3e-04
 112500      1.35e-01      4.28e-03    5.3e-04
 112600      1.33e-01      4.19e-03    5.3e-04
 112700      1.26e-01      3.97e-03    5.3e-04
 112800      1.30e-01      4.12e-03    5.3e-04
 112900      1.03e-01      3.25e-03    5.3e-04
 113000      1.47e-01      4.64e-03    5.3e-04
 113100      1.49e-01      4.72e-03    5.3e-04
 113200      1.26e-01      3.97e-03    5.3e-04
 113300      1.29e-01      4.09e-03    5.3e-04
 113400      1.48e-01      4.67e-03    5.3e-04
 113500      1.19e-01      3.77e-03    5.3e-04
 113600      1.34e-01      4.23e-03    5.3e-04
 113700      1.16e-01      3.67e-03    5.3e-04
 113800      1.44e-01      4.56e-03    5.3e-04
 113900      1.42e-01      4.48e-03    5.3e-04
 114000      1.30e-01      4.12e-03    5.3e-04
 114100      1.34e-01      4.24e-03    5.3e-04
 114200      1.35e-01      4.27e-03    5.3e-04
 114300      1.40e-01      4.42e-03    5.3e-04
 114400      1.58e-01      4.99e-03    5.3e-04
 114500      1.74e-01      5.51e-03    5.3e-04
 114600      1.42e-01      4.48e-03    5.3e-04
 114700      1.26e-01      3.99e-03    5.3e-04
 114800      1.21e-01      3.82e-03    5.3e-04
 114900      1.36e-01      4.32e-03    5.3e-04
 115000      1.52e-01      4.79e-03    5.2e-04
 115100      1.47e-01      4.64e-03    5.2e-04
 115200      1.42e-01      4.47e-03    5.2e-04
 115300      1.29e-01      4.09e-03    5.2e-04
 115400      1.26e-01      4.00e-03    5.2e-04
 115500      1.18e-01      3.74e-03    5.2e-04
 115600      1.39e-01      4.40e-03    5.2e-04
 115700      1.37e-01      4.35e-03    5.2e-04
 115800      1.62e-01      5.12e-03    5.2e-04
 115900      1.24e-01      3.92e-03    5.2e-04
 116000      1.51e-01      4.78e-03    5.2e-04
 116100      1.44e-01      4.55e-03    5.2e-04
 116200      1.38e-01      4.35e-03    5.2e-04
 116300      1.18e-01      3.74e-03    5.2e-04
 116400      1.48e-01      4.68e-03    5.2e-04
 116500      1.44e-01      4.57e-03    5.2e-04
 116600      1.58e-01      5.00e-03    5.2e-04
 116700      1.44e-01      4.56e-03    5.2e-04
 116800      1.45e-01      4.59e-03    5.2e-04
 116900      1.27e-01      4.01e-03    5.2e-04
 117000      1.17e-01      3.69e-03    5.2e-04
 117100      1.43e-01      4.51e-03    5.2e-04
 117200      1.59e-01      5.04e-03    5.2e-04
 117300      1.20e-01      3.78e-03    5.2e-04
 117400      1.33e-01      4.20e-03    5.2e-04
 117500      1.53e-01      4.84e-03    5.2e-04
 117600      1.49e-01      4.72e-03    5.2e-04
 117700      1.40e-01      4.42e-03    5.2e-04
 117800      1.28e-01      4.03e-03    5.2e-04
 117900      1.21e-01      3.82e-03    5.2e-04
 118000      1.37e-01      4.35e-03    5.2e-04
 118100      1.34e-01      4.22e-03    5.2e-04
 118200      1.45e-01      4.60e-03    5.2e-04
 118300      1.30e-01      4.11e-03    5.2e-04
 118400      1.39e-01      4.38e-03    5.2e-04
 118500      1.43e-01      4.53e-03    5.2e-04
 118600      1.31e-01      4.15e-03    5.2e-04
 118700      1.31e-01      4.14e-03    5.2e-04
 118800      1.47e-01      4.66e-03    5.2e-04
 118900      1.48e-01      4.67e-03    5.2e-04
 119000      1.57e-01      4.98e-03    5.2e-04
 119100      1.45e-01      4.58e-03    5.2e-04
 119200      1.44e-01      4.54e-03    5.2e-04
 119300      1.36e-01      4.30e-03    5.2e-04
 119400      1.37e-01      4.33e-03    5.2e-04
 119500      1.60e-01      5.08e-03    5.2e-04
 119600      1.59e-01      5.02e-03    5.2e-04
 119700      1.46e-01      4.62e-03    5.2e-04
 119800      1.48e-01      4.67e-03    5.2e-04
 119900      1.44e-01      4.56e-03    5.2e-04
 120000      1.50e-01      4.73e-03    5.0e-04
 120100      1.32e-01      4.17e-03    5.0e-04
 120200      1.39e-01      4.39e-03    5.0e-04
 120300      1.27e-01      4.03e-03    5.0e-04
 120400      1.51e-01      4.78e-03    5.0e-04
 120500      1.36e-01      4.29e-03    5.0e-04
 120600      1.20e-01      3.81e-03    5.0e-04
 120700      1.33e-01      4.21e-03    5.0e-04
 120800      1.45e-01      4.57e-03    5.0e-04
 120900      1.52e-01      4.80e-03    5.0e-04
 121000      1.39e-01      4.41e-03    5.0e-04
 121100      1.49e-01      4.72e-03    5.0e-04
 121200      1.07e-01      3.38e-03    5.0e-04
 121300      1.81e-01      5.74e-03    5.0e-04
 121400      1.54e-01      4.88e-03    5.0e-04
 121500      1.28e-01      4.05e-03    5.0e-04
 121600      1.50e-01      4.75e-03    5.0e-04
 121700      1.52e-01      4.81e-03    5.0e-04
 121800      1.40e-01      4.43e-03    5.0e-04
 121900      1.49e-01      4.73e-03    5.0e-04
 122000      1.32e-01      4.17e-03    5.0e-04
 122100      1.40e-01      4.42e-03    5.0e-04
 122200      1.43e-01      4.53e-03    5.0e-04
 122300      1.39e-01      4.39e-03    5.0e-04
 122400      1.33e-01      4.20e-03    5.0e-04
 122500      1.52e-01      4.80e-03    5.0e-04
 122600      1.49e-01      4.71e-03    5.0e-04
 122700      1.43e-01      4.53e-03    5.0e-04
 122800      1.41e-01      4.44e-03    5.0e-04
 122900      1.22e-01      3.86e-03    5.0e-04
 123000      1.43e-01      4.52e-03    5.0e-04
 123100      1.36e-01      4.31e-03    5.0e-04
 123200      1.32e-01      4.19e-03    5.0e-04
 123300      1.41e-01      4.46e-03    5.0e-04
 123400      1.39e-01      4.40e-03    5.0e-04
 123500      1.41e-01      4.47e-03    5.0e-04
 123600      1.50e-01      4.76e-03    5.0e-04
 123700      1.48e-01      4.67e-03    5.0e-04
 123800      1.45e-01      4.59e-03    5.0e-04
 123900      1.30e-01      4.12e-03    5.0e-04
 124000      1.37e-01      4.32e-03    5.0e-04
 124100      1.21e-01      3.83e-03    5.0e-04
 124200      1.45e-01      4.58e-03    5.0e-04
 124300      1.26e-01      3.98e-03    5.0e-04
 124400      1.17e-01      3.69e-03    5.0e-04
 124500      1.41e-01      4.45e-03    5.0e-04
 124600      1.44e-01      4.55e-03    5.0e-04
 124700      1.56e-01      4.92e-03    5.0e-04
 124800      1.57e-01      4.95e-03    5.0e-04
 124900      1.42e-01      4.50e-03    5.0e-04
 125000      1.19e-01      3.77e-03    4.9e-04
 125100      1.47e-01      4.65e-03    4.9e-04
 125200      1.46e-01      4.62e-03    4.9e-04
 125300      1.37e-01      4.33e-03    4.9e-04
 125400      1.62e-01      5.12e-03    4.9e-04
 125500      1.38e-01      4.37e-03    4.9e-04
 125600      1.24e-01      3.93e-03    4.9e-04
 125700      1.59e-01      5.03e-03    4.9e-04
 125800      1.22e-01      3.85e-03    4.9e-04
 125900      1.59e-01      5.02e-03    4.9e-04
 126000      1.40e-01      4.43e-03    4.9e-04
 126100      1.21e-01      3.81e-03    4.9e-04
 126200      1.56e-01      4.95e-03    4.9e-04
 126300      1.23e-01      3.90e-03    4.9e-04
 126400      1.20e-01      3.79e-03    4.9e-04
 126500      1.30e-01      4.10e-03    4.9e-04
 126600      1.61e-01      5.08e-03    4.9e-04
 126700      1.26e-01      3.98e-03    4.9e-04
 126800      1.17e-01      3.69e-03    4.9e-04
 126900      1.18e-01      3.72e-03    4.9e-04
 127000      1.31e-01      4.14e-03    4.9e-04
 127100      1.41e-01      4.46e-03    4.9e-04
 127200      1.61e-01      5.10e-03    4.9e-04
 127300      1.32e-01      4.17e-03    4.9e-04
 127400      1.33e-01      4.19e-03    4.9e-04
 127500      1.03e-01      3.25e-03    4.9e-04
 127600      1.54e-01      4.86e-03    4.9e-04
 127700      1.29e-01      4.07e-03    4.9e-04
 127800      1.39e-01      4.38e-03    4.9e-04
 127900      1.26e-01      3.99e-03    4.9e-04
 128000      1.60e-01      5.06e-03    4.9e-04
 128100      1.59e-01      5.03e-03    4.9e-04
 128200      1.18e-01      3.72e-03    4.9e-04
 128300      1.51e-01      4.77e-03    4.9e-04
 128400      1.75e-01      5.53e-03    4.9e-04
 128500      1.36e-01      4.29e-03    4.9e-04
 128600      1.16e-01      3.67e-03    4.9e-04
 128700      1.33e-01      4.20e-03    4.9e-04
 128800      1.25e-01      3.94e-03    4.9e-04
 128900      1.36e-01      4.30e-03    4.9e-04
 129000      1.50e-01      4.76e-03    4.9e-04
 129100      1.36e-01      4.30e-03    4.9e-04
 129200      1.29e-01      4.08e-03    4.9e-04
 129300      1.50e-01      4.75e-03    4.9e-04
 129400      1.37e-01      4.32e-03    4.9e-04
 129500      1.60e-01      5.05e-03    4.9e-04
 129600      1.22e-01      3.86e-03    4.9e-04
 129700      1.16e-01      3.66e-03    4.9e-04
 129800      1.45e-01      4.60e-03    4.9e-04
 129900      1.23e-01      3.89e-03    4.9e-04
 130000      1.49e-01      4.72e-03    4.7e-04
 130100      1.52e-01      4.80e-03    4.7e-04
 130200      1.15e-01      3.62e-03    4.7e-04
 130300      1.25e-01      3.94e-03    4.7e-04
 130400      1.22e-01      3.86e-03    4.7e-04
 130500      1.20e-01      3.80e-03    4.7e-04
 130600      1.07e-01      3.37e-03    4.7e-04
 130700      1.44e-01      4.57e-03    4.7e-04
 130800      1.23e-01      3.89e-03    4.7e-04
 130900      1.36e-01      4.31e-03    4.7e-04
 131000      1.52e-01      4.82e-03    4.7e-04
 131100      1.59e-01      5.03e-03    4.7e-04
 131200      1.48e-01      4.67e-03    4.7e-04
 131300      1.51e-01      4.79e-03    4.7e-04
 131400      1.24e-01      3.91e-03    4.7e-04
 131500      1.51e-01      4.79e-03    4.7e-04
 131600      1.67e-01      5.29e-03    4.7e-04
 131700      1.38e-01      4.37e-03    4.7e-04
 131800      1.37e-01      4.33e-03    4.7e-04
 131900      1.46e-01      4.62e-03    4.7e-04
 132000      1.52e-01      4.80e-03    4.7e-04
 132100      1.28e-01      4.04e-03    4.7e-04
 132200      1.21e-01      3.82e-03    4.7e-04
 132300      1.59e-01      5.01e-03    4.7e-04
 132400      1.52e-01      4.82e-03    4.7e-04
 132500      1.08e-01      3.41e-03    4.7e-04
 132600      1.28e-01      4.05e-03    4.7e-04
 132700      1.47e-01      4.64e-03    4.7e-04
 132800      1.22e-01      3.85e-03    4.7e-04
 132900      1.61e-01      5.08e-03    4.7e-04
 133000      1.21e-01      3.82e-03    4.7e-04
 133100      1.40e-01      4.41e-03    4.7e-04
 133200      1.31e-01      4.15e-03    4.7e-04
 133300      1.43e-01      4.51e-03    4.7e-04
 133400      1.62e-01      5.12e-03    4.7e-04
 133500      1.63e-01      5.16e-03    4.7e-04
 133600      1.56e-01      4.93e-03    4.7e-04
 133700      1.37e-01      4.34e-03    4.7e-04
 133800      1.28e-01      4.06e-03    4.7e-04
 133900      1.13e-01      3.56e-03    4.7e-04
 134000      1.46e-01      4.63e-03    4.7e-04
 134100      1.13e-01      3.57e-03    4.7e-04
 134200      1.47e-01      4.65e-03    4.7e-04
 134300      1.31e-01      4.13e-03    4.7e-04
 134400      1.12e-01      3.54e-03    4.7e-04
 134500      1.10e-01      3.47e-03    4.7e-04
 134600      1.51e-01      4.78e-03    4.7e-04
 134700      1.38e-01      4.36e-03    4.7e-04
 134800      1.34e-01      4.23e-03    4.7e-04
 134900      1.45e-01      4.58e-03    4.7e-04
 135000      1.18e-01      3.73e-03    4.6e-04
 135100      1.49e-01      4.73e-03    4.6e-04
 135200      1.38e-01      4.35e-03    4.6e-04
 135300      1.65e-01      5.22e-03    4.6e-04
 135400      1.51e-01      4.78e-03    4.6e-04
 135500      1.44e-01      4.54e-03    4.6e-04
 135600      1.33e-01      4.20e-03    4.6e-04
 135700      1.45e-01      4.57e-03    4.6e-04
 135800      1.68e-01      5.32e-03    4.6e-04
 135900      1.38e-01      4.36e-03    4.6e-04
 136000      1.26e-01      4.00e-03    4.6e-04
 136100      1.23e-01      3.90e-03    4.6e-04
 136200      1.29e-01      4.07e-03    4.6e-04
 136300      1.41e-01      4.45e-03    4.6e-04
 136400      1.36e-01      4.29e-03    4.6e-04
 136500      1.19e-01      3.77e-03    4.6e-04
 136600      1.13e-01      3.56e-03    4.6e-04
 136700      1.24e-01      3.92e-03    4.6e-04
 136800      1.38e-01      4.38e-03    4.6e-04
 136900      1.48e-01      4.67e-03    4.6e-04
 137000      1.51e-01      4.77e-03    4.6e-04
 137100      1.13e-01      3.58e-03    4.6e-04
 137200      1.26e-01      3.99e-03    4.6e-04
 137300      1.43e-01      4.51e-03    4.6e-04
 137400      1.42e-01      4.50e-03    4.6e-04
 137500      1.62e-01      5.13e-03    4.6e-04
 137600      1.43e-01      4.52e-03    4.6e-04
 137700      1.14e-01      3.61e-03    4.6e-04
 137800      1.59e-01      5.02e-03    4.6e-04
 137900      1.38e-01      4.35e-03    4.6e-04
 138000      9.78e-02      3.09e-03    4.6e-04
 138100      1.59e-01      5.03e-03    4.6e-04
 138200      1.39e-01      4.40e-03    4.6e-04
 138300      1.31e-01      4.16e-03    4.6e-04
 138400      1.52e-01      4.80e-03    4.6e-04
 138500      1.34e-01      4.22e-03    4.6e-04
 138600      1.35e-01      4.28e-03    4.6e-04
 138700      1.38e-01      4.36e-03    4.6e-04
 138800      1.18e-01      3.74e-03    4.6e-04
 138900      1.29e-01      4.08e-03    4.6e-04
 139000      1.41e-01      4.47e-03    4.6e-04
 139100      1.56e-01      4.93e-03    4.6e-04
 139200      1.39e-01      4.40e-03    4.6e-04
 139300      1.33e-01      4.19e-03    4.6e-04
 139400      1.38e-01      4.37e-03    4.6e-04
 139500      1.37e-01      4.33e-03    4.6e-04
 139600      1.28e-01      4.04e-03    4.6e-04
 139700      1.36e-01      4.30e-03    4.6e-04
 139800      1.57e-01      4.98e-03    4.6e-04
 139900      1.06e-01      3.36e-03    4.6e-04
 140000      1.54e-01      4.87e-03    4.5e-04
 140100      1.49e-01      4.71e-03    4.5e-04
 140200      1.42e-01      4.48e-03    4.5e-04
 140300      1.20e-01      3.80e-03    4.5e-04
 140400      1.38e-01      4.37e-03    4.5e-04
 140500      1.45e-01      4.58e-03    4.5e-04
 140600      1.25e-01      3.94e-03    4.5e-04
 140700      1.21e-01      3.83e-03    4.5e-04
 140800      1.64e-01      5.20e-03    4.5e-04
 140900      1.40e-01      4.42e-03    4.5e-04
 141000      1.43e-01      4.52e-03    4.5e-04
 141100      1.23e-01      3.89e-03    4.5e-04
 141200      1.38e-01      4.36e-03    4.5e-04
 141300      1.51e-01      4.76e-03    4.5e-04
 141400      1.19e-01      3.77e-03    4.5e-04
 141500      1.36e-01      4.29e-03    4.5e-04
 141600      1.55e-01      4.89e-03    4.5e-04
 141700      1.06e-01      3.36e-03    4.5e-04
 141800      1.35e-01      4.26e-03    4.5e-04
 141900      1.34e-01      4.23e-03    4.5e-04
 142000      1.20e-01      3.80e-03    4.5e-04
 142100      1.12e-01      3.54e-03    4.5e-04
 142200      1.46e-01      4.61e-03    4.5e-04
 142300      1.43e-01      4.53e-03    4.5e-04
 142400      1.38e-01      4.36e-03    4.5e-04
 142500      1.39e-01      4.40e-03    4.5e-04
 142600      1.59e-01      5.01e-03    4.5e-04
 142700      1.35e-01      4.27e-03    4.5e-04
 142800      1.41e-01      4.47e-03    4.5e-04
 142900      1.47e-01      4.65e-03    4.5e-04
 143000      1.23e-01      3.88e-03    4.5e-04
 143100      1.35e-01      4.26e-03    4.5e-04
 143200      1.37e-01      4.33e-03    4.5e-04
 143300      1.30e-01      4.10e-03    4.5e-04
 143400      1.40e-01      4.43e-03    4.5e-04
 143500      1.56e-01      4.94e-03    4.5e-04
 143600      1.51e-01      4.78e-03    4.5e-04
 143700      1.43e-01      4.52e-03    4.5e-04
 143800      1.46e-01      4.61e-03    4.5e-04
 143900      1.59e-01      5.02e-03    4.5e-04
 144000      1.06e-01      3.37e-03    4.5e-04
 144100      1.44e-01      4.55e-03    4.5e-04
 144200      1.20e-01      3.80e-03    4.5e-04
 144300      1.44e-01      4.56e-03    4.5e-04
 144400      1.29e-01      4.08e-03    4.5e-04
 144500      1.10e-01      3.48e-03    4.5e-04
 144600      1.20e-01      3.79e-03    4.5e-04
 144700      1.55e-01      4.91e-03    4.5e-04
 144800      1.58e-01      5.01e-03    4.5e-04
 144900      1.58e-01      4.99e-03    4.5e-04
 145000      1.56e-01      4.93e-03    4.3e-04
 145100      1.70e-01      5.39e-03    4.3e-04
 145200      1.37e-01      4.34e-03    4.3e-04
 145300      1.36e-01      4.30e-03    4.3e-04
 145400      1.46e-01      4.63e-03    4.3e-04
 145500      1.36e-01      4.29e-03    4.3e-04
 145600      1.55e-01      4.90e-03    4.3e-04
 145700      1.48e-01      4.68e-03    4.3e-04
 145800      1.46e-01      4.62e-03    4.3e-04
 145900      1.20e-01      3.81e-03    4.3e-04
 146000      1.31e-01      4.13e-03    4.3e-04
 146100      1.58e-01      4.99e-03    4.3e-04
 146200      1.07e-01      3.38e-03    4.3e-04
 146300      1.31e-01      4.14e-03    4.3e-04
 146400      1.33e-01      4.20e-03    4.3e-04
 146500      1.51e-01      4.77e-03    4.3e-04
 146600      1.55e-01      4.90e-03    4.3e-04
 146700      1.30e-01      4.11e-03    4.3e-04
 146800      1.20e-01      3.79e-03    4.3e-04
 146900      1.14e-01      3.60e-03    4.3e-04
 147000      1.27e-01      4.01e-03    4.3e-04
 147100      1.46e-01      4.61e-03    4.3e-04
 147200      1.42e-01      4.49e-03    4.3e-04
 147300      1.47e-01      4.66e-03    4.3e-04
 147400      1.35e-01      4.26e-03    4.3e-04
 147500      1.21e-01      3.83e-03    4.3e-04
 147600      1.21e-01      3.82e-03    4.3e-04
 147700      1.38e-01      4.36e-03    4.3e-04
 147800      1.18e-01      3.74e-03    4.3e-04
 147900      1.13e-01      3.57e-03    4.3e-04
 148000      1.50e-01      4.75e-03    4.3e-04
 148100      1.32e-01      4.16e-03    4.3e-04
 148200      1.45e-01      4.59e-03    4.3e-04
 148300      1.52e-01      4.80e-03    4.3e-04
 148400      1.28e-01      4.06e-03    4.3e-04
 148500      1.34e-01      4.24e-03    4.3e-04
 148600      1.54e-01      4.87e-03    4.3e-04
 148700      1.47e-01      4.65e-03    4.3e-04
 148800      1.45e-01      4.59e-03    4.3e-04
 148900      1.06e-01      3.35e-03    4.3e-04
 149000      9.78e-02      3.09e-03    4.3e-04
 149100      1.57e-01      4.96e-03    4.3e-04
 149200      1.43e-01      4.53e-03    4.3e-04
 149300      1.37e-01      4.34e-03    4.3e-04
 149400      1.18e-01      3.74e-03    4.3e-04
 149500      1.40e-01      4.44e-03    4.3e-04
 149600      1.33e-01      4.20e-03    4.3e-04
 149700      1.23e-01      3.89e-03    4.3e-04
 149800      1.38e-01      4.36e-03    4.3e-04
 149900      1.27e-01      4.03e-03    4.3e-04
 150000      1.24e-01      3.91e-03    4.2e-04
 150100      1.31e-01      4.14e-03    4.2e-04
 150200      1.25e-01      3.96e-03    4.2e-04
 150300      1.43e-01      4.53e-03    4.2e-04
 150400      1.33e-01      4.20e-03    4.2e-04
 150500      1.63e-01      5.17e-03    4.2e-04
 150600      1.60e-01      5.06e-03    4.2e-04
 150700      1.30e-01      4.11e-03    4.2e-04
 150800      1.20e-01      3.80e-03    4.2e-04
 150900      1.33e-01      4.20e-03    4.2e-04
 151000      1.40e-01      4.44e-03    4.2e-04
 151100      1.17e-01      3.71e-03    4.2e-04
 151200      1.41e-01      4.45e-03    4.2e-04
 151300      1.40e-01      4.43e-03    4.2e-04
 151400      1.40e-01      4.43e-03    4.2e-04
 151500      1.28e-01      4.04e-03    4.2e-04
 151600      1.38e-01      4.38e-03    4.2e-04
 151700      1.70e-01      5.39e-03    4.2e-04
 151800      1.40e-01      4.42e-03    4.2e-04
 151900      1.44e-01      4.56e-03    4.2e-04
 152000      1.26e-01      3.99e-03    4.2e-04
 152100      1.31e-01      4.14e-03    4.2e-04
 152200      1.06e-01      3.37e-03    4.2e-04
 152300      1.11e-01      3.52e-03    4.2e-04
 152400      1.39e-01      4.41e-03    4.2e-04
 152500      1.51e-01      4.77e-03    4.2e-04
 152600      1.57e-01      4.95e-03    4.2e-04
 152700      1.47e-01      4.65e-03    4.2e-04
 152800      1.33e-01      4.21e-03    4.2e-04
 152900      1.20e-01      3.80e-03    4.2e-04
 153000      1.42e-01      4.48e-03    4.2e-04
 153100      1.29e-01      4.08e-03    4.2e-04
 153200      1.26e-01      3.99e-03    4.2e-04
 153300      1.07e-01      3.40e-03    4.2e-04
 153400      1.49e-01      4.70e-03    4.2e-04
 153500      1.07e-01      3.40e-03    4.2e-04
 153600      1.21e-01      3.82e-03    4.2e-04
 153700      1.50e-01      4.75e-03    4.2e-04
 153800      1.15e-01      3.64e-03    4.2e-04
 153900      1.60e-01      5.07e-03    4.2e-04
 154000      1.49e-01      4.70e-03    4.2e-04
 154100      1.22e-01      3.84e-03    4.2e-04
 154200      1.16e-01      3.68e-03    4.2e-04
 154300      1.12e-01      3.54e-03    4.2e-04
 154400      1.54e-01      4.87e-03    4.2e-04
 154500      1.56e-01      4.93e-03    4.2e-04
 154600      1.24e-01      3.94e-03    4.2e-04
 154700      1.39e-01      4.39e-03    4.2e-04
 154800      1.23e-01      3.87e-03    4.2e-04
 154900      1.33e-01      4.22e-03    4.2e-04
 155000      1.41e-01      4.47e-03    4.1e-04
 155100      1.26e-01      3.98e-03    4.1e-04
 155200      1.41e-01      4.45e-03    4.1e-04
 155300      1.44e-01      4.55e-03    4.1e-04
 155400      1.22e-01      3.86e-03    4.1e-04
 155500      1.38e-01      4.35e-03    4.1e-04
 155600      1.51e-01      4.76e-03    4.1e-04
 155700      1.35e-01      4.27e-03    4.1e-04
 155800      1.50e-01      4.74e-03    4.1e-04
 155900      1.37e-01      4.33e-03    4.1e-04
 156000      1.20e-01      3.78e-03    4.1e-04
 156100      1.14e-01      3.59e-03    4.1e-04
 156200      1.52e-01      4.81e-03    4.1e-04
 156300      1.38e-01      4.38e-03    4.1e-04
 156400      1.28e-01      4.04e-03    4.1e-04
 156500      1.25e-01      3.96e-03    4.1e-04
 156600      1.41e-01      4.45e-03    4.1e-04
 156700      1.49e-01      4.72e-03    4.1e-04
 156800      1.33e-01      4.22e-03    4.1e-04
 156900      9.61e-02      3.04e-03    4.1e-04
 157000      1.48e-01      4.67e-03    4.1e-04
 157100      1.58e-01      5.00e-03    4.1e-04
 157200      1.32e-01      4.18e-03    4.1e-04
 157300      1.61e-01      5.09e-03    4.1e-04
 157400      1.55e-01      4.91e-03    4.1e-04
 157500      1.17e-01      3.69e-03    4.1e-04
 157600      1.09e-01      3.44e-03    4.1e-04
 157700      1.47e-01      4.66e-03    4.1e-04
 157800      1.56e-01      4.93e-03    4.1e-04
 157900      1.46e-01      4.62e-03    4.1e-04
 158000      1.10e-01      3.47e-03    4.1e-04
 158100      1.48e-01      4.69e-03    4.1e-04
 158200      1.54e-01      4.88e-03    4.1e-04
 158300      1.51e-01      4.78e-03    4.1e-04
 158400      1.37e-01      4.32e-03    4.1e-04
 158500      1.24e-01      3.92e-03    4.1e-04
 158600      1.40e-01      4.44e-03    4.1e-04
 158700      1.44e-01      4.55e-03    4.1e-04
 158800      1.23e-01      3.88e-03    4.1e-04
 158900      1.56e-01      4.94e-03    4.1e-04
 159000      1.26e-01      4.00e-03    4.1e-04
 159100      1.34e-01      4.24e-03    4.1e-04
 159200      1.53e-01      4.85e-03    4.1e-04
 159300      1.40e-01      4.43e-03    4.1e-04
 159400      1.58e-01      4.99e-03    4.1e-04
 159500      1.38e-01      4.37e-03    4.1e-04
 159600      1.24e-01      3.92e-03    4.1e-04
 159700      1.21e-01      3.84e-03    4.1e-04
 159800      1.28e-01      4.05e-03    4.1e-04
 159900      1.43e-01      4.53e-03    4.1e-04
 160000      1.57e-01      4.96e-03    4.0e-04
 160100      1.42e-01      4.49e-03    4.0e-04
 160200      1.09e-01      3.46e-03    4.0e-04
 160300      1.29e-01      4.08e-03    4.0e-04
 160400      1.49e-01      4.72e-03    4.0e-04
 160500      1.06e-01      3.35e-03    4.0e-04
 160600      1.31e-01      4.15e-03    4.0e-04
 160700      1.59e-01      5.04e-03    4.0e-04
 160800      1.36e-01      4.31e-03    4.0e-04
 160900      1.34e-01      4.25e-03    4.0e-04
 161000      1.24e-01      3.93e-03    4.0e-04
 161100      1.42e-01      4.48e-03    4.0e-04
 161200      1.45e-01      4.59e-03    4.0e-04
 161300      1.22e-01      3.87e-03    4.0e-04
 161400      1.23e-01      3.88e-03    4.0e-04
 161500      1.69e-01      5.35e-03    4.0e-04
 161600      1.29e-01      4.08e-03    4.0e-04
 161700      1.68e-01      5.32e-03    4.0e-04
 161800      1.20e-01      3.80e-03    4.0e-04
 161900      1.30e-01      4.12e-03    4.0e-04
 162000      1.04e-01      3.28e-03    4.0e-04
 162100      1.30e-01      4.10e-03    4.0e-04
 162200      1.15e-01      3.65e-03    4.0e-04
 162300      1.35e-01      4.27e-03    4.0e-04
 162400      1.22e-01      3.85e-03    4.0e-04
 162500      1.48e-01      4.67e-03    4.0e-04
 162600      1.54e-01      4.87e-03    4.0e-04
 162700      1.13e-01      3.59e-03    4.0e-04
 162800      1.35e-01      4.27e-03    4.0e-04
 162900      1.27e-01      4.01e-03    4.0e-04
 163000      1.31e-01      4.14e-03    4.0e-04
 163100      1.14e-01      3.62e-03    4.0e-04
 163200      1.70e-01      5.36e-03    4.0e-04
 163300      1.05e-01      3.32e-03    4.0e-04
 163400      1.22e-01      3.85e-03    4.0e-04
 163500      1.39e-01      4.38e-03    4.0e-04
 163600      1.05e-01      3.31e-03    4.0e-04
 163700      1.54e-01      4.86e-03    4.0e-04
 163800      1.20e-01      3.80e-03    4.0e-04
 163900      1.15e-01      3.65e-03    4.0e-04
 164000      1.38e-01      4.35e-03    4.0e-04
 164100      1.62e-01      5.13e-03    4.0e-04
 164200      1.47e-01      4.65e-03    4.0e-04
 164300      1.43e-01      4.52e-03    4.0e-04
 164400      1.45e-01      4.58e-03    4.0e-04
 164500      1.49e-01      4.71e-03    4.0e-04
 164600      1.62e-01      5.13e-03    4.0e-04
 164700      1.35e-01      4.26e-03    4.0e-04
 164800      1.49e-01      4.70e-03    4.0e-04
 164900      1.28e-01      4.03e-03    4.0e-04
 165000      1.55e-01      4.91e-03    3.9e-04
 165100      1.62e-01      5.12e-03    3.9e-04
 165200      1.47e-01      4.63e-03    3.9e-04
 165300      1.52e-01      4.81e-03    3.9e-04
 165400      1.35e-01      4.26e-03    3.9e-04
 165500      1.21e-01      3.82e-03    3.9e-04
 165600      1.38e-01      4.37e-03    3.9e-04
 165700      1.29e-01      4.08e-03    3.9e-04
 165800      1.29e-01      4.07e-03    3.9e-04
 165900      1.13e-01      3.59e-03    3.9e-04
 166000      1.17e-01      3.69e-03    3.9e-04
 166100      1.60e-01      5.05e-03    3.9e-04
 166200      1.22e-01      3.84e-03    3.9e-04
 166300      1.20e-01      3.80e-03    3.9e-04
 166400      1.30e-01      4.13e-03    3.9e-04
 166500      1.30e-01      4.12e-03    3.9e-04
 166600      1.46e-01      4.63e-03    3.9e-04
 166700      1.50e-01      4.75e-03    3.9e-04
 166800      1.31e-01      4.15e-03    3.9e-04
 166900      1.43e-01      4.54e-03    3.9e-04
 167000      1.46e-01      4.62e-03    3.9e-04
 167100      1.43e-01      4.54e-03    3.9e-04
 167200      1.34e-01      4.23e-03    3.9e-04
 167300      1.53e-01      4.84e-03    3.9e-04
 167400      1.03e-01      3.26e-03    3.9e-04
 167500      1.45e-01      4.59e-03    3.9e-04
 167600      1.34e-01      4.24e-03    3.9e-04
 167700      1.17e-01      3.71e-03    3.9e-04
 167800      1.14e-01      3.62e-03    3.9e-04
 167900      1.22e-01      3.86e-03    3.9e-04
 168000      1.48e-01      4.68e-03    3.9e-04
 168100      1.19e-01      3.77e-03    3.9e-04
 168200      1.36e-01      4.29e-03    3.9e-04
 168300      1.14e-01      3.61e-03    3.9e-04
 168400      1.29e-01      4.08e-03    3.9e-04
 168500      1.40e-01      4.43e-03    3.9e-04
 168600      1.50e-01      4.75e-03    3.9e-04
 168700      1.17e-01      3.70e-03    3.9e-04
 168800      1.18e-01      3.74e-03    3.9e-04
 168900      1.09e-01      3.46e-03    3.9e-04
 169000      1.28e-01      4.05e-03    3.9e-04
 169100      1.48e-01      4.69e-03    3.9e-04
 169200      1.34e-01      4.25e-03    3.9e-04
 169300      1.51e-01      4.78e-03    3.9e-04
 169400      1.51e-01      4.78e-03    3.9e-04
 169500      1.28e-01      4.06e-03    3.9e-04
 169600      1.20e-01      3.80e-03    3.9e-04
 169700      1.28e-01      4.04e-03    3.9e-04
 169800      1.08e-01      3.41e-03    3.9e-04
 169900      1.16e-01      3.68e-03    3.9e-04
 170000      1.41e-01      4.45e-03    3.8e-04
 170100      1.50e-01      4.75e-03    3.8e-04
 170200      1.33e-01      4.21e-03    3.8e-04
 170300      1.36e-01      4.30e-03    3.8e-04
 170400      1.48e-01      4.68e-03    3.8e-04
 170500      1.43e-01      4.51e-03    3.8e-04
 170600      1.26e-01      3.97e-03    3.8e-04
 170700      1.34e-01      4.22e-03    3.8e-04
 170800      1.50e-01      4.73e-03    3.8e-04
 170900      1.52e-01      4.79e-03    3.8e-04
 171000      1.04e-01      3.30e-03    3.8e-04
 171100      1.34e-01      4.23e-03    3.8e-04
 171200      1.30e-01      4.10e-03    3.8e-04
 171300      1.24e-01      3.93e-03    3.8e-04
 171400      1.28e-01      4.06e-03    3.8e-04
 171500      1.45e-01      4.58e-03    3.8e-04
 171600      1.64e-01      5.17e-03    3.8e-04
 171700      1.31e-01      4.14e-03    3.8e-04
 171800      1.22e-01      3.87e-03    3.8e-04
 171900      1.44e-01      4.54e-03    3.8e-04
 172000      1.13e-01      3.56e-03    3.8e-04
 172100      1.57e-01      4.97e-03    3.8e-04
 172200      1.38e-01      4.36e-03    3.8e-04
 172300      1.38e-01      4.37e-03    3.8e-04
 172400      1.45e-01      4.57e-03    3.8e-04
 172500      1.22e-01      3.87e-03    3.8e-04
 172600      1.31e-01      4.15e-03    3.8e-04
 172700      1.15e-01      3.62e-03    3.8e-04
 172800      1.36e-01      4.31e-03    3.8e-04
 172900      1.33e-01      4.21e-03    3.8e-04
 173000      1.51e-01      4.79e-03    3.8e-04
 173100      1.28e-01      4.06e-03    3.8e-04
 173200      1.28e-01      4.06e-03    3.8e-04
 173300      1.40e-01      4.42e-03    3.8e-04
 173400      1.51e-01      4.79e-03    3.8e-04
 173500      1.20e-01      3.81e-03    3.8e-04
 173600      1.26e-01      4.00e-03    3.8e-04
 173700      1.25e-01      3.96e-03    3.8e-04
 173800      1.42e-01      4.50e-03    3.8e-04
 173900      1.47e-01      4.64e-03    3.8e-04
 174000      1.33e-01      4.21e-03    3.8e-04
 174100      1.32e-01      4.16e-03    3.8e-04
 174200      1.54e-01      4.88e-03    3.8e-04
 174300      1.58e-01      4.99e-03    3.8e-04
 174400      1.46e-01      4.63e-03    3.8e-04
 174500      1.35e-01      4.28e-03    3.8e-04
 174600      1.64e-01      5.20e-03    3.8e-04
 174700      1.34e-01      4.23e-03    3.8e-04
 174800      1.21e-01      3.82e-03    3.8e-04
 174900      1.62e-01      5.11e-03    3.8e-04
 175000      1.21e-01      3.83e-03    3.7e-04
 175100      1.16e-01      3.68e-03    3.7e-04
 175200      1.03e-01      3.27e-03    3.7e-04
 175300      1.38e-01      4.38e-03    3.7e-04
 175400      1.10e-01      3.47e-03    3.7e-04
 175500      1.32e-01      4.17e-03    3.7e-04
 175600      1.44e-01      4.54e-03    3.7e-04
 175700      1.18e-01      3.72e-03    3.7e-04
 175800      1.05e-01      3.32e-03    3.7e-04
 175900      1.41e-01      4.47e-03    3.7e-04
 176000      1.24e-01      3.93e-03    3.7e-04
 176100      1.36e-01      4.31e-03    3.7e-04
 176200      1.42e-01      4.48e-03    3.7e-04
 176300      1.43e-01      4.53e-03    3.7e-04
 176400      1.05e-01      3.32e-03    3.7e-04
 176500      1.17e-01      3.70e-03    3.7e-04
 176600      1.53e-01      4.84e-03    3.7e-04
 176700      1.54e-01      4.86e-03    3.7e-04
 176800      1.17e-01      3.70e-03    3.7e-04
 176900      1.29e-01      4.09e-03    3.7e-04
 177000      1.42e-01      4.47e-03    3.7e-04
 177100      1.68e-01      5.30e-03    3.7e-04
 177200      1.43e-01      4.51e-03    3.7e-04
 177300      1.27e-01      4.03e-03    3.7e-04
 177400      1.12e-01      3.55e-03    3.7e-04
 177500      1.35e-01      4.26e-03    3.7e-04
 177600      1.37e-01      4.33e-03    3.7e-04
 177700      1.51e-01      4.76e-03    3.7e-04
 177800      1.46e-01      4.61e-03    3.7e-04
 177900      1.57e-01      4.98e-03    3.7e-04
 178000      1.31e-01      4.13e-03    3.7e-04
 178100      1.49e-01      4.72e-03    3.7e-04
 178200      1.43e-01      4.53e-03    3.7e-04
 178300      1.31e-01      4.14e-03    3.7e-04
 178400      1.34e-01      4.23e-03    3.7e-04
 178500      1.49e-01      4.71e-03    3.7e-04
 178600      1.08e-01      3.43e-03    3.7e-04
 178700      1.24e-01      3.92e-03    3.7e-04
 178800      1.11e-01      3.50e-03    3.7e-04
 178900      1.23e-01      3.89e-03    3.7e-04
 179000      1.33e-01      4.22e-03    3.7e-04
 179100      1.27e-01      4.02e-03    3.7e-04
 179200      1.52e-01      4.82e-03    3.7e-04
 179300      1.45e-01      4.59e-03    3.7e-04
 179400      1.52e-01      4.80e-03    3.7e-04
 179500      1.21e-01      3.82e-03    3.7e-04
 179600      1.48e-01      4.68e-03    3.7e-04
 179700      1.55e-01      4.91e-03    3.7e-04
 179800      1.44e-01      4.54e-03    3.7e-04
 179900      1.56e-01      4.95e-03    3.7e-04
 180000      1.16e-01      3.66e-03    3.5e-04
 180100      1.27e-01      4.03e-03    3.5e-04
 180200      1.58e-01      4.98e-03    3.5e-04
 180300      1.27e-01      4.01e-03    3.5e-04
 180400      1.14e-01      3.59e-03    3.5e-04
 180500      1.38e-01      4.37e-03    3.5e-04
 180600      1.46e-01      4.63e-03    3.5e-04
 180700      9.93e-02      3.14e-03    3.5e-04
 180800      1.34e-01      4.23e-03    3.5e-04
 180900      1.15e-01      3.64e-03    3.5e-04
 181000      1.32e-01      4.18e-03    3.5e-04
 181100      1.33e-01      4.22e-03    3.5e-04
 181200      1.64e-01      5.19e-03    3.5e-04
 181300      1.36e-01      4.29e-03    3.5e-04
 181400      1.57e-01      4.98e-03    3.5e-04
 181500      1.09e-01      3.46e-03    3.5e-04
 181600      1.47e-01      4.64e-03    3.5e-04
 181700      1.38e-01      4.35e-03    3.5e-04
 181800      1.28e-01      4.05e-03    3.5e-04
 181900      1.20e-01      3.78e-03    3.5e-04
 182000      1.40e-01      4.42e-03    3.5e-04
 182100      1.09e-01      3.44e-03    3.5e-04
 182200      1.45e-01      4.59e-03    3.5e-04
 182300      1.56e-01      4.93e-03    3.5e-04
 182400      1.42e-01      4.48e-03    3.5e-04
 182500      1.29e-01      4.07e-03    3.5e-04
 182600      1.51e-01      4.77e-03    3.5e-04
 182700      1.24e-01      3.92e-03    3.5e-04
 182800      1.21e-01      3.83e-03    3.5e-04
 182900      1.20e-01      3.80e-03    3.5e-04
 183000      1.27e-01      4.03e-03    3.5e-04
 183100      1.49e-01      4.71e-03    3.5e-04
 183200      1.24e-01      3.91e-03    3.5e-04
 183300      1.43e-01      4.53e-03    3.5e-04
 183400      1.26e-01      4.00e-03    3.5e-04
 183500      1.42e-01      4.49e-03    3.5e-04
 183600      1.56e-01      4.94e-03    3.5e-04
 183700      1.39e-01      4.40e-03    3.5e-04
 183800      1.52e-01      4.82e-03    3.5e-04
 183900      1.13e-01      3.56e-03    3.5e-04
 184000      1.18e-01      3.72e-03    3.5e-04
 184100      1.30e-01      4.11e-03    3.5e-04
 184200      1.16e-01      3.67e-03    3.5e-04
 184300      1.41e-01      4.46e-03    3.5e-04
 184400      1.38e-01      4.37e-03    3.5e-04
 184500      1.40e-01      4.42e-03    3.5e-04
 184600      1.59e-01      5.02e-03    3.5e-04
 184700      1.20e-01      3.79e-03    3.5e-04
 184800      1.18e-01      3.72e-03    3.5e-04
 184900      1.38e-01      4.36e-03    3.5e-04
 185000      1.48e-01      4.67e-03    3.4e-04
 185100      1.33e-01      4.22e-03    3.4e-04
 185200      1.47e-01      4.65e-03    3.4e-04
 185300      1.52e-01      4.81e-03    3.4e-04
 185400      1.17e-01      3.70e-03    3.4e-04
 185500      1.33e-01      4.22e-03    3.4e-04
 185600      1.34e-01      4.25e-03    3.4e-04
 185700      1.09e-01      3.45e-03    3.4e-04
 185800      1.27e-01      4.02e-03    3.4e-04
 185900      1.41e-01      4.46e-03    3.4e-04
 186000      1.53e-01      4.83e-03    3.4e-04
 186100      1.14e-01      3.60e-03    3.4e-04
 186200      1.43e-01      4.53e-03    3.4e-04
 186300      1.15e-01      3.64e-03    3.4e-04
 186400      1.09e-01      3.43e-03    3.4e-04
 186500      1.33e-01      4.21e-03    3.4e-04
 186600      1.19e-01      3.77e-03    3.4e-04
 186700      1.40e-01      4.44e-03    3.4e-04
 186800      1.17e-01      3.71e-03    3.4e-04
 186900      1.52e-01      4.81e-03    3.4e-04
 187000      1.63e-01      5.14e-03    3.4e-04
 187100      1.51e-01      4.79e-03    3.4e-04
 187200      1.09e-01      3.46e-03    3.4e-04
 187300      1.21e-01      3.83e-03    3.4e-04
 187400      9.86e-02      3.12e-03    3.4e-04
 187500      1.48e-01      4.69e-03    3.4e-04
 187600      1.63e-01      5.15e-03    3.4e-04
 187700      1.29e-01      4.08e-03    3.4e-04
 187800      1.24e-01      3.91e-03    3.4e-04
 187900      1.46e-01      4.61e-03    3.4e-04
 188000      1.42e-01      4.48e-03    3.4e-04
 188100      1.31e-01      4.15e-03    3.4e-04
 188200      1.39e-01      4.41e-03    3.4e-04
 188300      1.16e-01      3.67e-03    3.4e-04
 188400      1.23e-01      3.90e-03    3.4e-04
 188500      1.13e-01      3.59e-03    3.4e-04
 188600      1.14e-01      3.59e-03    3.4e-04
 188700      1.10e-01      3.49e-03    3.4e-04
 188800      1.09e-01      3.45e-03    3.4e-04
 188900      1.12e-01      3.53e-03    3.4e-04
 189000      1.38e-01      4.38e-03    3.4e-04
 189100      1.43e-01      4.53e-03    3.4e-04
 189200      1.69e-01      5.35e-03    3.4e-04
 189300      1.08e-01      3.43e-03    3.4e-04
 189400      1.29e-01      4.06e-03    3.4e-04
 189500      1.36e-01      4.29e-03    3.4e-04
 189600      1.21e-01      3.83e-03    3.4e-04
 189700      1.08e-01      3.42e-03    3.4e-04
 189800      1.17e-01      3.69e-03    3.4e-04
 189900      1.40e-01      4.41e-03    3.4e-04
 190000      1.41e-01      4.46e-03    3.3e-04
 190100      1.18e-01      3.75e-03    3.3e-04
 190200      1.49e-01      4.70e-03    3.3e-04
 190300      1.24e-01      3.92e-03    3.3e-04
 190400      1.05e-01      3.33e-03    3.3e-04
 190500      1.12e-01      3.53e-03    3.3e-04
 190600      1.29e-01      4.09e-03    3.3e-04
 190700      1.17e-01      3.71e-03    3.3e-04
 190800      1.39e-01      4.40e-03    3.3e-04
 190900      1.30e-01      4.11e-03    3.3e-04
 191000      1.28e-01      4.05e-03    3.3e-04
 191100      1.43e-01      4.53e-03    3.3e-04
 191200      1.37e-01      4.34e-03    3.3e-04
 191300      1.40e-01      4.44e-03    3.3e-04
 191400      1.09e-01      3.45e-03    3.3e-04
 191500      1.28e-01      4.05e-03    3.3e-04
 191600      1.28e-01      4.03e-03    3.3e-04
 191700      1.46e-01      4.61e-03    3.3e-04
 191800      1.44e-01      4.57e-03    3.3e-04
 191900      1.19e-01      3.76e-03    3.3e-04
 192000      1.37e-01      4.33e-03    3.3e-04
 192100      1.28e-01      4.06e-03    3.3e-04
 192200      1.22e-01      3.87e-03    3.3e-04
 192300      1.42e-01      4.50e-03    3.3e-04
 192400      1.26e-01      3.99e-03    3.3e-04
 192500      1.50e-01      4.74e-03    3.3e-04
 192600      1.22e-01      3.87e-03    3.3e-04
 192700      1.42e-01      4.49e-03    3.3e-04
 192800      1.05e-01      3.33e-03    3.3e-04
 192900      1.12e-01      3.55e-03    3.3e-04
 193000      1.41e-01      4.45e-03    3.3e-04
 193100      1.17e-01      3.71e-03    3.3e-04
 193200      1.45e-01      4.58e-03    3.3e-04
 193300      1.27e-01      4.02e-03    3.3e-04
 193400      1.10e-01      3.48e-03    3.3e-04
 193500      1.24e-01      3.93e-03    3.3e-04
 193600      1.53e-01      4.84e-03    3.3e-04
 193700      1.32e-01      4.17e-03    3.3e-04
 193800      1.37e-01      4.34e-03    3.3e-04
 193900      1.02e-01      3.22e-03    3.3e-04
 194000      1.17e-01      3.70e-03    3.3e-04
 194100      1.62e-01      5.14e-03    3.3e-04
 194200      1.07e-01      3.37e-03    3.3e-04
 194300      1.16e-01      3.68e-03    3.3e-04
 194400      1.35e-01      4.28e-03    3.3e-04
 194500      1.20e-01      3.79e-03    3.3e-04
 194600      1.31e-01      4.15e-03    3.3e-04
 194700      1.48e-01      4.68e-03    3.3e-04
 194800      1.67e-01      5.28e-03    3.3e-04
 194900      1.11e-01      3.51e-03    3.3e-04
 195000      1.38e-01      4.37e-03    3.3e-04
 195100      1.09e-01      3.44e-03    3.3e-04
 195200      1.46e-01      4.63e-03    3.3e-04
 195300      1.20e-01      3.79e-03    3.3e-04
 195400      1.39e-01      4.39e-03    3.3e-04
 195500      1.53e-01      4.85e-03    3.3e-04
 195600      1.43e-01      4.51e-03    3.3e-04
 195700      1.22e-01      3.86e-03    3.3e-04
 195800      1.49e-01      4.71e-03    3.3e-04
 195900      1.02e-01      3.23e-03    3.3e-04
 196000      1.43e-01      4.53e-03    3.3e-04
 196100      1.13e-01      3.56e-03    3.3e-04
 196200      1.52e-01      4.81e-03    3.3e-04
 196300      1.41e-01      4.47e-03    3.3e-04
 196400      1.62e-01      5.12e-03    3.3e-04
 196500      1.45e-01      4.58e-03    3.3e-04
 196600      1.49e-01      4.73e-03    3.3e-04
 196700      1.17e-01      3.71e-03    3.3e-04
 196800      1.43e-01      4.52e-03    3.3e-04
 196900      1.25e-01      3.96e-03    3.3e-04
 197000      1.28e-01      4.04e-03    3.3e-04
 197100      1.27e-01      4.01e-03    3.3e-04
 197200      1.04e-01      3.27e-03    3.3e-04
 197300      1.50e-01      4.74e-03    3.3e-04
 197400      1.54e-01      4.88e-03    3.3e-04
 197500      1.32e-01      4.18e-03    3.3e-04
 197600      1.40e-01      4.44e-03    3.3e-04
 197700      1.19e-01      3.77e-03    3.3e-04
 197800      1.40e-01      4.43e-03    3.3e-04
 197900      1.12e-01      3.54e-03    3.3e-04
 198000      1.30e-01      4.12e-03    3.3e-04
 198100      1.30e-01      4.12e-03    3.3e-04
 198200      1.54e-01      4.88e-03    3.3e-04
 198300      1.53e-01      4.83e-03    3.3e-04
 198400      1.25e-01      3.94e-03    3.3e-04
 198500      1.07e-01      3.39e-03    3.3e-04
 198600      1.42e-01      4.51e-03    3.3e-04
 198700      1.30e-01      4.12e-03    3.3e-04
 198800      1.22e-01      3.87e-03    3.3e-04
 198900      1.19e-01      3.75e-03    3.3e-04
 199000      1.56e-01      4.92e-03    3.3e-04
 199100      1.42e-01      4.48e-03    3.3e-04
 199200      1.52e-01      4.81e-03    3.3e-04
 199300      1.39e-01      4.39e-03    3.3e-04
 199400      1.30e-01      4.10e-03    3.3e-04
 199500      1.12e-01      3.55e-03    3.3e-04
 199600      1.45e-01      4.59e-03    3.3e-04
 199700      1.51e-01      4.78e-03    3.3e-04
 199800      1.48e-01      4.68e-03    3.3e-04
 199900      1.28e-01      4.06e-03    3.3e-04
 200000      1.41e-01      4.46e-03    3.2e-04
 200100      1.28e-01      4.04e-03    3.2e-04
 200200      1.40e-01      4.42e-03    3.2e-04
 200300      1.24e-01      3.93e-03    3.2e-04
 200400      1.28e-01      4.04e-03    3.2e-04
 200500      1.56e-01      4.92e-03    3.2e-04
 200600      1.59e-01      5.01e-03    3.2e-04
 200700      1.32e-01      4.17e-03    3.2e-04
 200800      1.07e-01      3.38e-03    3.2e-04
 200900      1.53e-01      4.83e-03    3.2e-04
 201000      1.16e-01      3.66e-03    3.2e-04
 201100      1.16e-01      3.66e-03    3.2e-04
 201200      1.58e-01      5.00e-03    3.2e-04
 201300      1.55e-01      4.90e-03    3.2e-04
 201400      1.48e-01      4.68e-03    3.2e-04
 201500      1.47e-01      4.65e-03    3.2e-04
 201600      1.51e-01      4.79e-03    3.2e-04
 201700      1.50e-01      4.73e-03    3.2e-04
 201800      1.52e-01      4.80e-03    3.2e-04
 201900      1.32e-01      4.18e-03    3.2e-04
 202000      1.10e-01      3.48e-03    3.2e-04
 202100      1.52e-01      4.81e-03    3.2e-04
 202200      1.44e-01      4.55e-03    3.2e-04
 202300      1.17e-01      3.71e-03    3.2e-04
 202400      1.11e-01      3.50e-03    3.2e-04
 202500      1.28e-01      4.05e-03    3.2e-04
 202600      1.32e-01      4.18e-03    3.2e-04
 202700      1.26e-01      3.98e-03    3.2e-04
 202800      1.54e-01      4.88e-03    3.2e-04
 202900      1.36e-01      4.29e-03    3.2e-04
 203000      1.09e-01      3.46e-03    3.2e-04
 203100      1.19e-01      3.75e-03    3.2e-04
 203200      1.39e-01      4.38e-03    3.2e-04
 203300      1.54e-01      4.86e-03    3.2e-04
 203400      1.15e-01      3.62e-03    3.2e-04
 203500      1.16e-01      3.66e-03    3.2e-04
 203600      1.09e-01      3.43e-03    3.2e-04
 203700      1.24e-01      3.93e-03    3.2e-04
 203800      1.40e-01      4.44e-03    3.2e-04
 203900      1.24e-01      3.94e-03    3.2e-04
 204000      1.31e-01      4.15e-03    3.2e-04
 204100      1.33e-01      4.20e-03    3.2e-04
 204200      1.06e-01      3.35e-03    3.2e-04
 204300      1.14e-01      3.62e-03    3.2e-04
 204400      1.28e-01      4.05e-03    3.2e-04
 204500      1.09e-01      3.43e-03    3.2e-04
 204600      1.14e-01      3.61e-03    3.2e-04
 204700      1.21e-01      3.82e-03    3.2e-04
 204800      1.39e-01      4.38e-03    3.2e-04
 204900      1.08e-01      3.42e-03    3.2e-04
 205000      1.56e-01      4.94e-03    3.1e-04
 205100      1.51e-01      4.78e-03    3.1e-04
 205200      1.49e-01      4.71e-03    3.1e-04
 205300      1.19e-01      3.77e-03    3.1e-04
 205400      1.38e-01      4.35e-03    3.1e-04
 205500      1.26e-01      3.97e-03    3.1e-04
 205600      1.29e-01      4.08e-03    3.1e-04
 205700      1.43e-01      4.52e-03    3.1e-04
 205800      1.42e-01      4.48e-03    3.1e-04
 205900      1.32e-01      4.17e-03    3.1e-04
 206000      1.32e-01      4.16e-03    3.1e-04
 206100      1.43e-01      4.51e-03    3.1e-04
 206200      1.40e-01      4.43e-03    3.1e-04
 206300      1.17e-01      3.70e-03    3.1e-04
 206400      1.39e-01      4.41e-03    3.1e-04
 206500      1.33e-01      4.22e-03    3.1e-04
 206600      1.26e-01      3.98e-03    3.1e-04
 206700      1.43e-01      4.52e-03    3.1e-04
 206800      1.38e-01      4.35e-03    3.1e-04
 206900      1.55e-01      4.90e-03    3.1e-04
 207000      1.30e-01      4.12e-03    3.1e-04
 207100      1.30e-01      4.10e-03    3.1e-04
 207200      1.39e-01      4.39e-03    3.1e-04
 207300      1.43e-01      4.53e-03    3.1e-04
 207400      1.24e-01      3.92e-03    3.1e-04
 207500      1.13e-01      3.58e-03    3.1e-04
 207600      1.49e-01      4.72e-03    3.1e-04
 207700      1.36e-01      4.31e-03    3.1e-04
 207800      1.48e-01      4.67e-03    3.1e-04
 207900      1.21e-01      3.83e-03    3.1e-04
 208000      1.17e-01      3.70e-03    3.1e-04
 208100      1.51e-01      4.76e-03    3.1e-04
 208200      1.44e-01      4.55e-03    3.1e-04
 208300      1.23e-01      3.89e-03    3.1e-04
 208400      1.53e-01      4.83e-03    3.1e-04
 208500      1.06e-01      3.34e-03    3.1e-04
 208600      1.38e-01      4.37e-03    3.1e-04
 208700      1.01e-01      3.21e-03    3.1e-04
 208800      9.95e-02      3.15e-03    3.1e-04
 208900      1.32e-01      4.17e-03    3.1e-04
 209000      1.40e-01      4.44e-03    3.1e-04
 209100      1.54e-01      4.88e-03    3.1e-04
 209200      1.10e-01      3.49e-03    3.1e-04
 209300      1.10e-01      3.48e-03    3.1e-04
 209400      1.36e-01      4.31e-03    3.1e-04
 209500      1.48e-01      4.68e-03    3.1e-04
 209600      1.53e-01      4.84e-03    3.1e-04
 209700      1.53e-01      4.85e-03    3.1e-04
 209800      1.44e-01      4.56e-03    3.1e-04
 209900      1.49e-01      4.70e-03    3.1e-04
 210000      1.25e-01      3.95e-03    3.0e-04
 210100      1.56e-01      4.93e-03    3.0e-04
 210200      1.23e-01      3.90e-03    3.0e-04
 210300      1.51e-01      4.77e-03    3.0e-04
 210400      1.17e-01      3.70e-03    3.0e-04
 210500      1.44e-01      4.56e-03    3.0e-04
 210600      1.48e-01      4.68e-03    3.0e-04
 210700      1.42e-01      4.48e-03    3.0e-04
 210800      1.26e-01      3.97e-03    3.0e-04
 210900      1.46e-01      4.60e-03    3.0e-04
 211000      1.51e-01      4.78e-03    3.0e-04
 211100      1.16e-01      3.66e-03    3.0e-04
 211200      1.39e-01      4.39e-03    3.0e-04
 211300      1.44e-01      4.57e-03    3.0e-04
 211400      1.12e-01      3.55e-03    3.0e-04
 211500      1.32e-01      4.18e-03    3.0e-04
 211600      1.13e-01      3.57e-03    3.0e-04
 211700      1.30e-01      4.11e-03    3.0e-04
 211800      1.16e-01      3.66e-03    3.0e-04
 211900      1.26e-01      3.98e-03    3.0e-04
 212000      1.30e-01      4.11e-03    3.0e-04
 212100      1.61e-01      5.08e-03    3.0e-04
 212200      1.45e-01      4.58e-03    3.0e-04
 212300      1.45e-01      4.60e-03    3.0e-04
 212400      1.47e-01      4.65e-03    3.0e-04
 212500      1.09e-01      3.45e-03    3.0e-04
 212600      1.26e-01      3.99e-03    3.0e-04
 212700      1.43e-01      4.52e-03    3.0e-04
 212800      1.31e-01      4.14e-03    3.0e-04
 212900      1.50e-01      4.75e-03    3.0e-04
 213000      1.43e-01      4.51e-03    3.0e-04
 213100      1.42e-01      4.49e-03    3.0e-04
 213200      1.55e-01      4.89e-03    3.0e-04
 213300      1.42e-01      4.49e-03    3.0e-04
 213400      1.45e-01      4.59e-03    3.0e-04
 213500      1.30e-01      4.10e-03    3.0e-04
 213600      1.25e-01      3.96e-03    3.0e-04
 213700      1.35e-01      4.25e-03    3.0e-04
 213800      1.25e-01      3.96e-03    3.0e-04
 213900      1.60e-01      5.07e-03    3.0e-04
 214000      1.23e-01      3.89e-03    3.0e-04
 214100      1.26e-01      3.98e-03    3.0e-04
 214200      1.23e-01      3.88e-03    3.0e-04
 214300      1.37e-01      4.34e-03    3.0e-04
 214400      1.40e-01      4.42e-03    3.0e-04
 214500      1.37e-01      4.33e-03    3.0e-04
 214600      1.30e-01      4.12e-03    3.0e-04
 214700      1.26e-01      3.98e-03    3.0e-04
 214800      1.42e-01      4.48e-03    3.0e-04
 214900      1.53e-01      4.85e-03    3.0e-04
 215000      1.27e-01      4.03e-03    2.9e-04
 215100      1.16e-01      3.68e-03    2.9e-04
 215200      1.28e-01      4.05e-03    2.9e-04
 215300      1.36e-01      4.29e-03    2.9e-04
 215400      1.47e-01      4.65e-03    2.9e-04
 215500      1.06e-01      3.37e-03    2.9e-04
 215600      1.16e-01      3.68e-03    2.9e-04
 215700      1.36e-01      4.31e-03    2.9e-04
 215800      1.53e-01      4.83e-03    2.9e-04
 215900      1.21e-01      3.82e-03    2.9e-04
 216000      1.24e-01      3.93e-03    2.9e-04
 216100      1.24e-01      3.93e-03    2.9e-04
 216200      1.59e-01      5.01e-03    2.9e-04
 216300      1.51e-01      4.77e-03    2.9e-04
 216400      1.12e-01      3.54e-03    2.9e-04
 216500      1.27e-01      4.01e-03    2.9e-04
 216600      1.19e-01      3.77e-03    2.9e-04
 216700      1.42e-01      4.49e-03    2.9e-04
 216800      1.51e-01      4.77e-03    2.9e-04
 216900      1.59e-01      5.02e-03    2.9e-04
 217000      1.56e-01      4.93e-03    2.9e-04
 217100      1.25e-01      3.96e-03    2.9e-04
 217200      1.06e-01      3.35e-03    2.9e-04
 217300      1.51e-01      4.79e-03    2.9e-04
 217400      1.40e-01      4.44e-03    2.9e-04
 217500      1.35e-01      4.28e-03    2.9e-04
 217600      1.18e-01      3.72e-03    2.9e-04
 217700      1.39e-01      4.41e-03    2.9e-04
 217800      1.53e-01      4.84e-03    2.9e-04
 217900      1.55e-01      4.92e-03    2.9e-04
 218000      1.34e-01      4.25e-03    2.9e-04
 218100      1.27e-01      4.01e-03    2.9e-04
 218200      1.58e-01      5.01e-03    2.9e-04
 218300      1.46e-01      4.61e-03    2.9e-04
 218400      1.26e-01      4.00e-03    2.9e-04
 218500      1.31e-01      4.13e-03    2.9e-04
 218600      1.44e-01      4.55e-03    2.9e-04
 218700      1.53e-01      4.83e-03    2.9e-04
 218800      1.61e-01      5.08e-03    2.9e-04
 218900      1.50e-01      4.74e-03    2.9e-04
 219000      1.06e-01      3.37e-03    2.9e-04
 219100      1.41e-01      4.47e-03    2.9e-04
 219200      1.11e-01      3.52e-03    2.9e-04
 219300      1.36e-01      4.29e-03    2.9e-04
 219400      1.29e-01      4.09e-03    2.9e-04
 219500      1.33e-01      4.21e-03    2.9e-04
 219600      1.18e-01      3.74e-03    2.9e-04
 219700      1.26e-01      3.99e-03    2.9e-04
 219800      1.06e-01      3.34e-03    2.9e-04
 219900      1.44e-01      4.56e-03    2.9e-04
 220000      1.38e-01      4.35e-03    2.8e-04
 220100      1.10e-01      3.47e-03    2.8e-04
 220200      1.07e-01      3.38e-03    2.8e-04
 220300      1.29e-01      4.08e-03    2.8e-04
 220400      1.40e-01      4.44e-03    2.8e-04
 220500      1.47e-01      4.65e-03    2.8e-04
 220600      1.19e-01      3.77e-03    2.8e-04
 220700      1.13e-01      3.57e-03    2.8e-04
 220800      1.20e-01      3.78e-03    2.8e-04
 220900      1.18e-01      3.73e-03    2.8e-04
 221000      1.16e-01      3.67e-03    2.8e-04
 221100      1.43e-01      4.52e-03    2.8e-04
 221200      1.20e-01      3.80e-03    2.8e-04
 221300      1.51e-01      4.78e-03    2.8e-04
 221400      1.53e-01      4.83e-03    2.8e-04
 221500      1.57e-01      4.96e-03    2.8e-04
 221600      1.37e-01      4.34e-03    2.8e-04
 221700      1.44e-01      4.55e-03    2.8e-04
 221800      1.31e-01      4.13e-03    2.8e-04
 221900      1.27e-01      4.01e-03    2.8e-04
 222000      1.43e-01      4.53e-03    2.8e-04
 222100      1.38e-01      4.36e-03    2.8e-04
 222200      1.27e-01      4.01e-03    2.8e-04
 222300      1.61e-01      5.08e-03    2.8e-04
 222400      1.08e-01      3.41e-03    2.8e-04
 222500      1.34e-01      4.24e-03    2.8e-04
 222600      1.23e-01      3.88e-03    2.8e-04
 222700      1.53e-01      4.84e-03    2.8e-04
 222800      1.43e-01      4.52e-03    2.8e-04
 222900      1.45e-01      4.59e-03    2.8e-04
 223000      1.30e-01      4.10e-03    2.8e-04
 223100      1.28e-01      4.04e-03    2.8e-04
 223200      1.22e-01      3.86e-03    2.8e-04
 223300      1.34e-01      4.24e-03    2.8e-04
 223400      1.44e-01      4.55e-03    2.8e-04
 223500      1.32e-01      4.17e-03    2.8e-04
 223600      1.07e-01      3.38e-03    2.8e-04
 223700      1.54e-01      4.86e-03    2.8e-04
 223800      1.58e-01      4.99e-03    2.8e-04
 223900      1.55e-01      4.89e-03    2.8e-04
 224000      1.44e-01      4.54e-03    2.8e-04
 224100      1.24e-01      3.93e-03    2.8e-04
 224200      1.38e-01      4.38e-03    2.8e-04
 224300      1.22e-01      3.85e-03    2.8e-04
 224400      1.49e-01      4.70e-03    2.8e-04
 224500      1.44e-01      4.54e-03    2.8e-04
 224600      1.49e-01      4.70e-03    2.8e-04
 224700      1.47e-01      4.65e-03    2.8e-04
 224800      1.48e-01      4.69e-03    2.8e-04
 224900      1.49e-01      4.71e-03    2.8e-04
 225000      1.54e-01      4.87e-03    2.7e-04
 225100      1.52e-01      4.81e-03    2.7e-04
 225200      1.21e-01      3.83e-03    2.7e-04
 225300      1.35e-01      4.28e-03    2.7e-04
 225400      1.26e-01      3.98e-03    2.7e-04
 225500      1.40e-01      4.42e-03    2.7e-04
 225600      1.43e-01      4.51e-03    2.7e-04
 225700      1.26e-01      3.98e-03    2.7e-04
 225800      1.40e-01      4.43e-03    2.7e-04
 225900      1.36e-01      4.30e-03    2.7e-04
 226000      1.50e-01      4.75e-03    2.7e-04
 226100      9.55e-02      3.02e-03    2.7e-04
 226200      1.27e-01      4.01e-03    2.7e-04
 226300      1.48e-01      4.67e-03    2.7e-04
 226400      1.54e-01      4.86e-03    2.7e-04
 226500      1.40e-01      4.43e-03    2.7e-04
 226600      1.41e-01      4.45e-03    2.7e-04
 226700      1.07e-01      3.39e-03    2.7e-04
 226800      1.51e-01      4.76e-03    2.7e-04
 226900      1.23e-01      3.88e-03    2.7e-04
 227000      1.34e-01      4.24e-03    2.7e-04
 227100      9.89e-02      3.13e-03    2.7e-04
 227200      1.28e-01      4.05e-03    2.7e-04
 227300      1.12e-01      3.55e-03    2.7e-04
 227400      1.51e-01      4.78e-03    2.7e-04
 227500      1.03e-01      3.27e-03    2.7e-04
 227600      1.39e-01      4.38e-03    2.7e-04
 227700      1.29e-01      4.08e-03    2.7e-04
 227800      1.38e-01      4.38e-03    2.7e-04
 227900      1.22e-01      3.87e-03    2.7e-04
 228000      1.40e-01      4.43e-03    2.7e-04
 228100      1.50e-01      4.73e-03    2.7e-04
 228200      1.43e-01      4.53e-03    2.7e-04
 228300      1.19e-01      3.76e-03    2.7e-04
 228400      1.49e-01      4.71e-03    2.7e-04
 228500      1.42e-01      4.49e-03    2.7e-04
 228600      1.40e-01      4.44e-03    2.7e-04
 228700      1.38e-01      4.37e-03    2.7e-04
 228800      1.60e-01      5.06e-03    2.7e-04
 228900      1.12e-01      3.54e-03    2.7e-04
 229000      1.31e-01      4.15e-03    2.7e-04
 229100      1.43e-01      4.51e-03    2.7e-04
 229200      1.25e-01      3.94e-03    2.7e-04
 229300      1.38e-01      4.36e-03    2.7e-04
 229400      1.46e-01      4.63e-03    2.7e-04
 229500      1.35e-01      4.28e-03    2.7e-04
 229600      1.39e-01      4.40e-03    2.7e-04
 229700      1.47e-01      4.65e-03    2.7e-04
 229800      1.35e-01      4.27e-03    2.7e-04
 229900      1.07e-01      3.38e-03    2.7e-04
 230000      1.27e-01      4.01e-03    2.7e-04
 230100      1.45e-01      4.59e-03    2.7e-04
 230200      1.18e-01      3.73e-03    2.7e-04
 230300      1.32e-01      4.19e-03    2.7e-04
 230400      1.34e-01      4.24e-03    2.7e-04
 230500      1.44e-01      4.56e-03    2.7e-04
 230600      1.37e-01      4.32e-03    2.7e-04
 230700      1.29e-01      4.08e-03    2.7e-04
 230800      1.36e-01      4.31e-03    2.7e-04
 230900      1.49e-01      4.72e-03    2.7e-04
 231000      1.27e-01      4.01e-03    2.7e-04
 231100      1.37e-01      4.33e-03    2.7e-04
 231200      1.37e-01      4.33e-03    2.7e-04
 231300      1.47e-01      4.66e-03    2.7e-04
 231400      1.46e-01      4.62e-03    2.7e-04
 231500      1.39e-01      4.38e-03    2.7e-04
 231600      1.24e-01      3.91e-03    2.7e-04
 231700      1.23e-01      3.88e-03    2.7e-04
 231800      1.50e-01      4.75e-03    2.7e-04
 231900      1.37e-01      4.33e-03    2.7e-04
 232000      1.43e-01      4.52e-03    2.7e-04
 232100      1.52e-01      4.81e-03    2.7e-04
 232200      1.33e-01      4.20e-03    2.7e-04
 232300      1.25e-01      3.95e-03    2.7e-04
 232400      1.38e-01      4.36e-03    2.7e-04
 232500      1.26e-01      3.99e-03    2.7e-04
 232600      1.50e-01      4.73e-03    2.7e-04
 232700      1.32e-01      4.16e-03    2.7e-04
 232800      1.02e-01      3.21e-03    2.7e-04
 232900      1.32e-01      4.17e-03    2.7e-04
 233000      1.36e-01      4.30e-03    2.7e-04
 233100      1.43e-01      4.52e-03    2.7e-04
 233200      1.34e-01      4.24e-03    2.7e-04
 233300      1.15e-01      3.63e-03    2.7e-04
 233400      1.36e-01      4.30e-03    2.7e-04
 233500      1.38e-01      4.36e-03    2.7e-04
 233600      1.41e-01      4.45e-03    2.7e-04
 233700      1.39e-01      4.38e-03    2.7e-04
 233800      1.20e-01      3.81e-03    2.7e-04
 233900      1.12e-01      3.54e-03    2.7e-04
 234000      1.34e-01      4.25e-03    2.7e-04
 234100      1.18e-01      3.74e-03    2.7e-04
 234200      1.32e-01      4.17e-03    2.7e-04
 234300      1.28e-01      4.06e-03    2.7e-04
 234400      1.45e-01      4.59e-03    2.7e-04
 234500      1.40e-01      4.42e-03    2.7e-04
 234600      1.25e-01      3.95e-03    2.7e-04
 234700      1.09e-01      3.46e-03    2.7e-04
 234800      1.20e-01      3.81e-03    2.7e-04
 234900      1.25e-01      3.95e-03    2.7e-04
 235000      1.26e-01      3.97e-03    2.6e-04
 235100      1.44e-01      4.54e-03    2.6e-04
 235200      1.13e-01      3.57e-03    2.6e-04
 235300      1.45e-01      4.59e-03    2.6e-04
 235400      1.10e-01      3.49e-03    2.6e-04
 235500      1.45e-01      4.59e-03    2.6e-04
 235600      1.36e-01      4.31e-03    2.6e-04
 235700      1.57e-01      4.97e-03    2.6e-04
 235800      1.50e-01      4.73e-03    2.6e-04
 235900      1.17e-01      3.70e-03    2.6e-04
 236000      1.26e-01      3.99e-03    2.6e-04
 236100      1.46e-01      4.63e-03    2.6e-04
 236200      1.37e-01      4.33e-03    2.6e-04
 236300      1.34e-01      4.24e-03    2.6e-04
 236400      1.41e-01      4.46e-03    2.6e-04
 236500      1.41e-01      4.46e-03    2.6e-04
 236600      1.37e-01      4.34e-03    2.6e-04
 236700      1.24e-01      3.92e-03    2.6e-04
 236800      1.16e-01      3.67e-03    2.6e-04
 236900      1.34e-01      4.23e-03    2.6e-04
 237000      1.18e-01      3.72e-03    2.6e-04
 237100      1.10e-01      3.49e-03    2.6e-04
 237200      1.50e-01      4.76e-03    2.6e-04
 237300      1.33e-01      4.20e-03    2.6e-04
 237400      1.30e-01      4.11e-03    2.6e-04
 237500      1.22e-01      3.87e-03    2.6e-04
 237600      1.01e-01      3.20e-03    2.6e-04
 237700      1.36e-01      4.30e-03    2.6e-04
 237800      1.20e-01      3.78e-03    2.6e-04
 237900      1.26e-01      4.00e-03    2.6e-04
 238000      1.34e-01      4.24e-03    2.6e-04
 238100      1.41e-01      4.47e-03    2.6e-04
 238200      1.25e-01      3.97e-03    2.6e-04
 238300      1.39e-01      4.38e-03    2.6e-04
 238400      1.28e-01      4.06e-03    2.6e-04
 238500      1.58e-01      5.00e-03    2.6e-04
 238600      1.08e-01      3.41e-03    2.6e-04
 238700      1.33e-01      4.19e-03    2.6e-04
 238800      1.42e-01      4.49e-03    2.6e-04
 238900      1.54e-01      4.86e-03    2.6e-04
 239000      1.44e-01      4.57e-03    2.6e-04
 239100      1.24e-01      3.93e-03    2.6e-04
 239200      1.39e-01      4.39e-03    2.6e-04
 239300      1.46e-01      4.61e-03    2.6e-04
 239400      1.30e-01      4.10e-03    2.6e-04
 239500      1.50e-01      4.76e-03    2.6e-04
 239600      1.33e-01      4.22e-03    2.6e-04
 239700      1.48e-01      4.67e-03    2.6e-04
 239800      1.39e-01      4.40e-03    2.6e-04
 239900      1.58e-01      4.99e-03    2.6e-04
 240000      1.44e-01      4.57e-03    2.5e-04
 240100      1.56e-01      4.93e-03    2.5e-04
 240200      1.45e-01      4.57e-03    2.5e-04
 240300      1.46e-01      4.61e-03    2.5e-04
 240400      1.14e-01      3.61e-03    2.5e-04
 240500      1.36e-01      4.29e-03    2.5e-04
 240600      1.56e-01      4.92e-03    2.5e-04
 240700      9.83e-02      3.11e-03    2.5e-04
 240800      1.62e-01      5.11e-03    2.5e-04
 240900      1.38e-01      4.35e-03    2.5e-04
 241000      1.43e-01      4.52e-03    2.5e-04
 241100      1.26e-01      3.99e-03    2.5e-04
 241200      1.21e-01      3.82e-03    2.5e-04
 241300      1.37e-01      4.33e-03    2.5e-04
 241400      1.39e-01      4.39e-03    2.5e-04
 241500      1.39e-01      4.41e-03    2.5e-04
 241600      1.48e-01      4.67e-03    2.5e-04
 241700      1.47e-01      4.65e-03    2.5e-04
 241800      1.49e-01      4.71e-03    2.5e-04
 241900      1.30e-01      4.10e-03    2.5e-04
 242000      1.43e-01      4.53e-03    2.5e-04
 242100      1.54e-01      4.86e-03    2.5e-04
 242200      1.01e-01      3.20e-03    2.5e-04
 242300      1.32e-01      4.17e-03    2.5e-04
 242400      1.37e-01      4.34e-03    2.5e-04
 242500      1.37e-01      4.33e-03    2.5e-04
 242600      1.13e-01      3.59e-03    2.5e-04
 242700      1.46e-01      4.61e-03    2.5e-04
 242800      1.33e-01      4.22e-03    2.5e-04
 242900      1.17e-01      3.70e-03    2.5e-04
 243000      1.22e-01      3.85e-03    2.5e-04
 243100      1.21e-01      3.83e-03    2.5e-04
 243200      1.44e-01      4.57e-03    2.5e-04
 243300      1.20e-01      3.80e-03    2.5e-04
 243400      1.55e-01      4.89e-03    2.5e-04
 243500      1.42e-01      4.50e-03    2.5e-04
 243600      1.36e-01      4.30e-03    2.5e-04
 243700      1.39e-01      4.39e-03    2.5e-04
 243800      1.33e-01      4.21e-03    2.5e-04
 243900      1.41e-01      4.47e-03    2.5e-04
 244000      1.42e-01      4.48e-03    2.5e-04
 244100      1.07e-01      3.38e-03    2.5e-04
 244200      1.41e-01      4.47e-03    2.5e-04
 244300      1.27e-01      4.00e-03    2.5e-04
 244400      1.37e-01      4.32e-03    2.5e-04
 244500      1.26e-01      3.97e-03    2.5e-04
 244600      1.10e-01      3.49e-03    2.5e-04
 244700      1.19e-01      3.78e-03    2.5e-04
 244800      1.38e-01      4.37e-03    2.5e-04
 244900      1.10e-01      3.47e-03    2.5e-04
 245000      1.34e-01      4.25e-03    2.4e-04
 245100      1.45e-01      4.60e-03    2.4e-04
 245200      1.14e-01      3.59e-03    2.4e-04
 245300      1.49e-01      4.70e-03    2.4e-04
 245400      1.03e-01      3.26e-03    2.4e-04
 245500      1.30e-01      4.12e-03    2.4e-04
 245600      1.15e-01      3.63e-03    2.4e-04
 245700      1.48e-01      4.67e-03    2.4e-04
 245800      1.59e-01      5.01e-03    2.4e-04
 245900      1.33e-01      4.20e-03    2.4e-04
 246000      1.18e-01      3.73e-03    2.4e-04
 246100      1.20e-01      3.79e-03    2.4e-04
 246200      1.48e-01      4.69e-03    2.4e-04
 246300      1.39e-01      4.40e-03    2.4e-04
 246400      1.42e-01      4.48e-03    2.4e-04
 246500      1.49e-01      4.73e-03    2.4e-04
 246600      1.44e-01      4.55e-03    2.4e-04
 246700      1.12e-01      3.53e-03    2.4e-04
 246800      1.19e-01      3.77e-03    2.4e-04
 246900      1.27e-01      4.02e-03    2.4e-04
 247000      1.49e-01      4.73e-03    2.4e-04
 247100      1.21e-01      3.82e-03    2.4e-04
 247200      1.36e-01      4.29e-03    2.4e-04
 247300      1.47e-01      4.66e-03    2.4e-04
 247400      1.67e-01      5.27e-03    2.4e-04
 247500      1.35e-01      4.27e-03    2.4e-04
 247600      1.47e-01      4.66e-03    2.4e-04
 247700      1.09e-01      3.45e-03    2.4e-04
 247800      1.20e-01      3.79e-03    2.4e-04
 247900      1.26e-01      3.98e-03    2.4e-04
 248000      1.25e-01      3.94e-03    2.4e-04
 248100      1.36e-01      4.30e-03    2.4e-04
 248200      1.42e-01      4.48e-03    2.4e-04
 248300      1.33e-01      4.22e-03    2.4e-04
 248400      1.42e-01      4.48e-03    2.4e-04
 248500      1.31e-01      4.15e-03    2.4e-04
 248600      1.17e-01      3.70e-03    2.4e-04
 248700      1.40e-01      4.43e-03    2.4e-04
 248800      1.47e-01      4.64e-03    2.4e-04
 248900      1.07e-01      3.38e-03    2.4e-04
 249000      1.37e-01      4.32e-03    2.4e-04
 249100      1.33e-01      4.22e-03    2.4e-04
 249200      1.09e-01      3.45e-03    2.4e-04
 249300      1.43e-01      4.53e-03    2.4e-04
 249400      1.22e-01      3.87e-03    2.4e-04
 249500      1.08e-01      3.40e-03    2.4e-04
 249600      1.26e-01      3.99e-03    2.4e-04
 249700      1.45e-01      4.60e-03    2.4e-04
 249800      1.45e-01      4.59e-03    2.4e-04
 249900      1.62e-01      5.14e-03    2.4e-04
 250000      1.50e-01      4.74e-03    2.4e-04
 250100      1.33e-01      4.20e-03    2.4e-04
 250200      1.21e-01      3.82e-03    2.4e-04
 250300      1.28e-01      4.04e-03    2.4e-04
 250400      1.45e-01      4.58e-03    2.4e-04
 250500      1.54e-01      4.86e-03    2.4e-04
 250600      1.21e-01      3.82e-03    2.4e-04
 250700      1.30e-01      4.11e-03    2.4e-04
 250800      1.32e-01      4.17e-03    2.4e-04
 250900      1.47e-01      4.66e-03    2.4e-04
 251000      1.31e-01      4.15e-03    2.4e-04
 251100      1.59e-01      5.02e-03    2.4e-04
 251200      1.49e-01      4.73e-03    2.4e-04
 251300      1.14e-01      3.59e-03    2.4e-04
 251400      1.18e-01      3.75e-03    2.4e-04
 251500      1.46e-01      4.61e-03    2.4e-04
 251600      1.47e-01      4.65e-03    2.4e-04
 251700      1.41e-01      4.46e-03    2.4e-04
 251800      1.08e-01      3.42e-03    2.4e-04
 251900      1.37e-01      4.33e-03    2.4e-04
 252000      1.20e-01      3.78e-03    2.4e-04
 252100      1.07e-01      3.37e-03    2.4e-04
 252200      1.51e-01      4.78e-03    2.4e-04
 252300      1.39e-01      4.38e-03    2.4e-04
 252400      1.65e-01      5.20e-03    2.4e-04
 252500      1.40e-01      4.42e-03    2.4e-04
 252600      1.45e-01      4.59e-03    2.4e-04
 252700      1.30e-01      4.12e-03    2.4e-04
 252800      1.22e-01      3.85e-03    2.4e-04
 252900      1.23e-01      3.87e-03    2.4e-04
 253000      1.47e-01      4.65e-03    2.4e-04
 253100      1.22e-01      3.85e-03    2.4e-04
 253200      1.32e-01      4.17e-03    2.4e-04
 253300      1.37e-01      4.33e-03    2.4e-04
 253400      1.19e-01      3.75e-03    2.4e-04
 253500      1.57e-01      4.96e-03    2.4e-04
 253600      1.27e-01      4.02e-03    2.4e-04
 253700      1.27e-01      4.01e-03    2.4e-04
 253800      1.41e-01      4.46e-03    2.4e-04
 253900      1.12e-01      3.53e-03    2.4e-04
 254000      1.15e-01      3.64e-03    2.4e-04
 254100      1.46e-01      4.63e-03    2.4e-04
 254200      1.38e-01      4.36e-03    2.4e-04
 254300      1.40e-01      4.43e-03    2.4e-04
 254400      1.31e-01      4.13e-03    2.4e-04
 254500      1.00e-01      3.17e-03    2.4e-04
 254600      1.28e-01      4.04e-03    2.4e-04
 254700      1.19e-01      3.75e-03    2.4e-04
 254800      1.39e-01      4.38e-03    2.4e-04
 254900      1.25e-01      3.95e-03    2.4e-04
 255000      1.54e-01      4.86e-03    2.3e-04
 255100      1.57e-01      4.96e-03    2.3e-04
 255200      1.45e-01      4.59e-03    2.3e-04
 255300      1.59e-01      5.03e-03    2.3e-04
 255400      1.38e-01      4.35e-03    2.3e-04
 255500      1.16e-01      3.67e-03    2.3e-04
 255600      1.42e-01      4.50e-03    2.3e-04
 255700      1.18e-01      3.74e-03    2.3e-04
 255800      1.38e-01      4.35e-03    2.3e-04
 255900      1.56e-01      4.94e-03    2.3e-04
 256000      1.42e-01      4.48e-03    2.3e-04
 256100      1.42e-01      4.51e-03    2.3e-04
 256200      1.23e-01      3.90e-03    2.3e-04
 256300      1.26e-01      3.99e-03    2.3e-04
 256400      1.48e-01      4.68e-03    2.3e-04
 256500      1.53e-01      4.85e-03    2.3e-04
 256600      1.46e-01      4.61e-03    2.3e-04
 256700      1.53e-01      4.83e-03    2.3e-04
 256800      1.42e-01      4.50e-03    2.3e-04
 256900      1.22e-01      3.84e-03    2.3e-04
 257000      1.22e-01      3.87e-03    2.3e-04
 257100      1.45e-01      4.57e-03    2.3e-04
 257200      1.29e-01      4.08e-03    2.3e-04
 257300      1.00e-01      3.18e-03    2.3e-04
 257400      1.39e-01      4.40e-03    2.3e-04
 257500      1.24e-01      3.93e-03    2.3e-04
 257600      1.54e-01      4.88e-03    2.3e-04
 257700      1.40e-01      4.43e-03    2.3e-04
 257800      1.05e-01      3.32e-03    2.3e-04
 257900      1.02e-01      3.23e-03    2.3e-04
 258000      1.51e-01      4.77e-03    2.3e-04
 258100      1.31e-01      4.15e-03    2.3e-04
 258200      1.25e-01      3.97e-03    2.3e-04
 258300      1.56e-01      4.95e-03    2.3e-04
 258400      1.29e-01      4.08e-03    2.3e-04
 258500      1.34e-01      4.24e-03    2.3e-04
 258600      1.44e-01      4.57e-03    2.3e-04
 258700      1.18e-01      3.72e-03    2.3e-04
 258800      1.09e-01      3.44e-03    2.3e-04
 258900      1.17e-01      3.70e-03    2.3e-04
 259000      1.23e-01      3.90e-03    2.3e-04
 259100      1.14e-01      3.62e-03    2.3e-04
 259200      1.02e-01      3.23e-03    2.3e-04
 259300      1.33e-01      4.21e-03    2.3e-04
 259400      1.47e-01      4.64e-03    2.3e-04
 259500      1.07e-01      3.39e-03    2.3e-04
 259600      1.13e-01      3.59e-03    2.3e-04
 259700      1.12e-01      3.54e-03    2.3e-04
 259800      1.37e-01      4.32e-03    2.3e-04
 259900      1.44e-01      4.55e-03    2.3e-04
 260000      1.30e-01      4.10e-03    2.2e-04
 260100      1.42e-01      4.50e-03    2.2e-04
 260200      1.11e-01      3.52e-03    2.2e-04
 260300      1.16e-01      3.68e-03    2.2e-04
 260400      1.13e-01      3.56e-03    2.2e-04
 260500      1.43e-01      4.51e-03    2.2e-04
 260600      1.39e-01      4.38e-03    2.2e-04
 260700      1.43e-01      4.53e-03    2.2e-04
 260800      1.34e-01      4.23e-03    2.2e-04
 260900      1.22e-01      3.87e-03    2.2e-04
 261000      1.24e-01      3.93e-03    2.2e-04
 261100      1.35e-01      4.28e-03    2.2e-04
 261200      1.32e-01      4.19e-03    2.2e-04
 261300      1.55e-01      4.91e-03    2.2e-04
 261400      1.33e-01      4.19e-03    2.2e-04
 261500      1.03e-01      3.25e-03    2.2e-04
 261600      1.13e-01      3.58e-03    2.2e-04
 261700      1.10e-01      3.48e-03    2.2e-04
 261800      1.17e-01      3.71e-03    2.2e-04
 261900      1.59e-01      5.03e-03    2.2e-04
 262000      1.50e-01      4.74e-03    2.2e-04
 262100      1.29e-01      4.07e-03    2.2e-04
 262200      1.27e-01      4.02e-03    2.2e-04
 262300      1.25e-01      3.96e-03    2.2e-04
 262400      1.17e-01      3.69e-03    2.2e-04
 262500      1.33e-01      4.21e-03    2.2e-04
 262600      1.42e-01      4.49e-03    2.2e-04
 262700      1.47e-01      4.66e-03    2.2e-04
 262800      1.40e-01      4.43e-03    2.2e-04
 262900      1.46e-01      4.62e-03    2.2e-04
 263000      1.21e-01      3.84e-03    2.2e-04
 263100      1.30e-01      4.10e-03    2.2e-04
 263200      1.38e-01      4.36e-03    2.2e-04
 263300      1.13e-01      3.56e-03    2.2e-04
 263400      1.38e-01      4.37e-03    2.2e-04
 263500      1.40e-01      4.43e-03    2.2e-04
 263600      1.43e-01      4.52e-03    2.2e-04
 263700      1.38e-01      4.37e-03    2.2e-04
 263800      1.32e-01      4.16e-03    2.2e-04
 263900      1.42e-01      4.48e-03    2.2e-04
 264000      1.52e-01      4.79e-03    2.2e-04
 264100      1.22e-01      3.87e-03    2.2e-04
 264200      1.19e-01      3.75e-03    2.2e-04
 264300      1.13e-01      3.58e-03    2.2e-04
 264400      1.51e-01      4.79e-03    2.2e-04
 264500      1.15e-01      3.65e-03    2.2e-04
 264600      1.37e-01      4.34e-03    2.2e-04
 264700      1.34e-01      4.23e-03    2.2e-04
 264800      1.24e-01      3.92e-03    2.2e-04
 264900      1.58e-01      4.99e-03    2.2e-04
 265000      1.41e-01      4.45e-03    2.2e-04
 265100      1.05e-01      3.32e-03    2.2e-04
 265200      1.55e-01      4.91e-03    2.2e-04
 265300      1.45e-01      4.59e-03    2.2e-04
 265400      1.18e-01      3.72e-03    2.2e-04
 265500      1.27e-01      4.01e-03    2.2e-04
 265600      1.46e-01      4.60e-03    2.2e-04
 265700      1.43e-01      4.51e-03    2.2e-04
 265800      1.57e-01      4.98e-03    2.2e-04
 265900      1.33e-01      4.20e-03    2.2e-04
 266000      1.31e-01      4.14e-03    2.2e-04
 266100      1.28e-01      4.04e-03    2.2e-04
 266200      1.08e-01      3.41e-03    2.2e-04
 266300      1.30e-01      4.11e-03    2.2e-04
 266400      1.24e-01      3.92e-03    2.2e-04
 266500      1.29e-01      4.07e-03    2.2e-04
 266600      1.18e-01      3.72e-03    2.2e-04
 266700      1.52e-01      4.81e-03    2.2e-04
 266800      1.28e-01      4.06e-03    2.2e-04
 266900      1.29e-01      4.07e-03    2.2e-04
 267000      1.42e-01      4.50e-03    2.2e-04
 267100      1.08e-01      3.43e-03    2.2e-04
 267200      1.47e-01      4.63e-03    2.2e-04
 267300      1.48e-01      4.68e-03    2.2e-04
 267400      1.44e-01      4.56e-03    2.2e-04
 267500      1.46e-01      4.63e-03    2.2e-04
 267600      1.03e-01      3.26e-03    2.2e-04
 267700      1.22e-01      3.85e-03    2.2e-04
 267800      1.17e-01      3.70e-03    2.2e-04
 267900      1.54e-01      4.88e-03    2.2e-04
 268000      1.43e-01      4.54e-03    2.2e-04
 268100      1.42e-01      4.48e-03    2.2e-04
 268200      1.24e-01      3.93e-03    2.2e-04
 268300      1.02e-01      3.24e-03    2.2e-04
 268400      1.44e-01      4.54e-03    2.2e-04
 268500      1.45e-01      4.58e-03    2.2e-04
 268600      1.51e-01      4.79e-03    2.2e-04
 268700      1.38e-01      4.36e-03    2.2e-04
 268800      1.39e-01      4.38e-03    2.2e-04
 268900      1.17e-01      3.71e-03    2.2e-04
 269000      1.29e-01      4.09e-03    2.2e-04
 269100      1.47e-01      4.65e-03    2.2e-04
 269200      1.30e-01      4.11e-03    2.2e-04
 269300      1.12e-01      3.53e-03    2.2e-04
 269400      1.19e-01      3.78e-03    2.2e-04
 269500      1.45e-01      4.57e-03    2.2e-04
 269600      1.60e-01      5.06e-03    2.2e-04
 269700      1.39e-01      4.40e-03    2.2e-04
 269800      1.53e-01      4.84e-03    2.2e-04
 269900      1.36e-01      4.30e-03    2.2e-04
 270000      1.18e-01      3.74e-03    2.1e-04
 270100      1.20e-01      3.79e-03    2.1e-04
 270200      1.54e-01      4.88e-03    2.1e-04
 270300      1.10e-01      3.48e-03    2.1e-04
 270400      1.46e-01      4.63e-03    2.1e-04
 270500      1.26e-01      3.98e-03    2.1e-04
 270600      1.48e-01      4.68e-03    2.1e-04
 270700      1.23e-01      3.88e-03    2.1e-04
 270800      1.35e-01      4.26e-03    2.1e-04
 270900      9.60e-02      3.04e-03    2.1e-04
 271000      1.01e-01      3.19e-03    2.1e-04
 271100      1.63e-01      5.14e-03    2.1e-04
 271200      1.38e-01      4.36e-03    2.1e-04
 271300      1.37e-01      4.34e-03    2.1e-04
 271400      1.40e-01      4.42e-03    2.1e-04
 271500      1.22e-01      3.86e-03    2.1e-04
 271600      1.45e-01      4.60e-03    2.1e-04
 271700      1.61e-01      5.08e-03    2.1e-04
 271800      1.57e-01      4.97e-03    2.1e-04
 271900      1.44e-01      4.55e-03    2.1e-04
 272000      1.34e-01      4.24e-03    2.1e-04
 272100      1.35e-01      4.27e-03    2.1e-04
 272200      1.24e-01      3.92e-03    2.1e-04
 272300      1.34e-01      4.23e-03    2.1e-04
 272400      1.52e-01      4.79e-03    2.1e-04
 272500      1.21e-01      3.81e-03    2.1e-04
 272600      1.45e-01      4.58e-03    2.1e-04
 272700      1.11e-01      3.52e-03    2.1e-04
 272800      1.20e-01      3.80e-03    2.1e-04
 272900      1.06e-01      3.34e-03    2.1e-04
 273000      1.25e-01      3.94e-03    2.1e-04
 273100      1.13e-01      3.59e-03    2.1e-04
 273200      1.28e-01      4.06e-03    2.1e-04
 273300      1.29e-01      4.07e-03    2.1e-04
 273400      1.45e-01      4.59e-03    2.1e-04
 273500      1.18e-01      3.72e-03    2.1e-04
 273600      1.09e-01      3.45e-03    2.1e-04
 273700      1.32e-01      4.17e-03    2.1e-04
 273800      1.25e-01      3.96e-03    2.1e-04
 273900      1.38e-01      4.35e-03    2.1e-04
 274000      1.21e-01      3.82e-03    2.1e-04
 274100      1.34e-01      4.25e-03    2.1e-04
 274200      1.19e-01      3.77e-03    2.1e-04
 274300      1.39e-01      4.39e-03    2.1e-04
 274400      1.33e-01      4.20e-03    2.1e-04
 274500      1.07e-01      3.37e-03    2.1e-04
 274600      1.35e-01      4.26e-03    2.1e-04
 274700      1.27e-01      4.00e-03    2.1e-04
 274800      1.21e-01      3.82e-03    2.1e-04
 274900      1.29e-01      4.09e-03    2.1e-04
 275000      1.35e-01      4.28e-03    2.1e-04
 275100      1.01e-01      3.21e-03    2.1e-04
 275200      1.63e-01      5.14e-03    2.1e-04
 275300      1.54e-01      4.86e-03    2.1e-04
 275400      1.20e-01      3.79e-03    2.1e-04
 275500      1.13e-01      3.58e-03    2.1e-04
 275600      1.53e-01      4.83e-03    2.1e-04
 275700      1.47e-01      4.65e-03    2.1e-04
 275800      1.45e-01      4.59e-03    2.1e-04
 275900      1.35e-01      4.28e-03    2.1e-04
 276000      1.56e-01      4.94e-03    2.1e-04
 276100      1.24e-01      3.91e-03    2.1e-04
 276200      1.18e-01      3.74e-03    2.1e-04
 276300      1.40e-01      4.41e-03    2.1e-04
 276400      1.52e-01      4.81e-03    2.1e-04
 276500      1.34e-01      4.23e-03    2.1e-04
 276600      1.27e-01      4.01e-03    2.1e-04
 276700      1.43e-01      4.51e-03    2.1e-04
 276800      1.38e-01      4.35e-03    2.1e-04
 276900      1.25e-01      3.95e-03    2.1e-04
 277000      1.07e-01      3.39e-03    2.1e-04
 277100      1.18e-01      3.72e-03    2.1e-04
 277200      1.32e-01      4.18e-03    2.1e-04
 277300      1.09e-01      3.44e-03    2.1e-04
 277400      1.00e-01      3.17e-03    2.1e-04
 277500      1.29e-01      4.09e-03    2.1e-04
 277600      1.35e-01      4.28e-03    2.1e-04
 277700      1.28e-01      4.04e-03    2.1e-04
 277800      1.23e-01      3.90e-03    2.1e-04
 277900      1.06e-01      3.36e-03    2.1e-04
 278000      1.40e-01      4.44e-03    2.1e-04
 278100      1.46e-01      4.61e-03    2.1e-04
 278200      1.44e-01      4.57e-03    2.1e-04
 278300      1.50e-01      4.75e-03    2.1e-04
 278400      1.06e-01      3.35e-03    2.1e-04
 278500      1.56e-01      4.93e-03    2.1e-04
 278600      1.06e-01      3.34e-03    2.1e-04
 278700      1.29e-01      4.07e-03    2.1e-04
 278800      1.24e-01      3.93e-03    2.1e-04
 278900      1.17e-01      3.71e-03    2.1e-04
 279000      1.17e-01      3.69e-03    2.1e-04
 279100      1.35e-01      4.26e-03    2.1e-04
 279200      1.39e-01      4.40e-03    2.1e-04
 279300      1.41e-01      4.47e-03    2.1e-04
 279400      1.09e-01      3.46e-03    2.1e-04
 279500      1.22e-01      3.84e-03    2.1e-04
 279600      1.38e-01      4.35e-03    2.1e-04
 279700      1.44e-01      4.54e-03    2.1e-04
 279800      1.39e-01      4.40e-03    2.1e-04
 279900      1.29e-01      4.07e-03    2.1e-04
 280000      1.49e-01      4.70e-03    2.0e-04
 280100      1.46e-01      4.61e-03    2.0e-04
 280200      1.51e-01      4.76e-03    2.0e-04
 280300      1.10e-01      3.48e-03    2.0e-04
 280400      1.35e-01      4.28e-03    2.0e-04
 280500      1.39e-01      4.38e-03    2.0e-04
 280600      1.27e-01      4.03e-03    2.0e-04
 280700      9.59e-02      3.03e-03    2.0e-04
 280800      1.23e-01      3.90e-03    2.0e-04
 280900      1.31e-01      4.14e-03    2.0e-04
 281000      1.30e-01      4.12e-03    2.0e-04
 281100      1.45e-01      4.60e-03    2.0e-04
 281200      1.07e-01      3.38e-03    2.0e-04
 281300      1.50e-01      4.74e-03    2.0e-04
 281400      1.47e-01      4.65e-03    2.0e-04
 281500      1.45e-01      4.58e-03    2.0e-04
 281600      1.17e-01      3.70e-03    2.0e-04
 281700      1.23e-01      3.88e-03    2.0e-04
 281800      1.43e-01      4.52e-03    2.0e-04
 281900      1.67e-01      5.27e-03    2.0e-04
 282000      1.28e-01      4.03e-03    2.0e-04
 282100      1.28e-01      4.05e-03    2.0e-04
 282200      1.21e-01      3.83e-03    2.0e-04
 282300      1.26e-01      4.00e-03    2.0e-04
 282400      1.24e-01      3.93e-03    2.0e-04
 282500      1.51e-01      4.76e-03    2.0e-04
 282600      1.17e-01      3.71e-03    2.0e-04
 282700      1.48e-01      4.66e-03    2.0e-04
 282800      1.44e-01      4.55e-03    2.0e-04
 282900      1.12e-01      3.53e-03    2.0e-04
 283000      1.22e-01      3.87e-03    2.0e-04
 283100      1.53e-01      4.85e-03    2.0e-04
 283200      1.47e-01      4.66e-03    2.0e-04
 283300      1.39e-01      4.40e-03    2.0e-04
 283400      1.35e-01      4.26e-03    2.0e-04
 283500      1.53e-01      4.84e-03    2.0e-04
 283600      1.61e-01      5.10e-03    2.0e-04
 283700      1.39e-01      4.38e-03    2.0e-04
 283800      1.49e-01      4.72e-03    2.0e-04
 283900      1.04e-01      3.29e-03    2.0e-04
 284000      1.41e-01      4.45e-03    2.0e-04
 284100      1.22e-01      3.84e-03    2.0e-04
 284200      1.29e-01      4.09e-03    2.0e-04
 284300      1.35e-01      4.28e-03    2.0e-04
 284400      1.39e-01      4.39e-03    2.0e-04
 284500      1.37e-01      4.33e-03    2.0e-04
 284600      1.33e-01      4.19e-03    2.0e-04
 284700      1.11e-01      3.52e-03    2.0e-04
 284800      1.64e-01      5.19e-03    2.0e-04
 284900      1.25e-01      3.97e-03    2.0e-04
 285000      1.07e-01      3.39e-03    1.9e-04
 285100      1.25e-01      3.95e-03    1.9e-04
 285200      1.25e-01      3.95e-03    1.9e-04
 285300      1.19e-01      3.76e-03    1.9e-04
 285400      1.30e-01      4.11e-03    1.9e-04
 285500      1.11e-01      3.50e-03    1.9e-04
 285600      1.51e-01      4.77e-03    1.9e-04
 285700      1.43e-01      4.51e-03    1.9e-04
 285800      1.54e-01      4.87e-03    1.9e-04
 285900      1.11e-01      3.51e-03    1.9e-04
 286000      1.18e-01      3.73e-03    1.9e-04
 286100      1.28e-01      4.05e-03    1.9e-04
 286200      1.50e-01      4.76e-03    1.9e-04
 286300      1.53e-01      4.85e-03    1.9e-04
 286400      1.67e-01      5.30e-03    1.9e-04
 286500      1.10e-01      3.48e-03    1.9e-04
 286600      1.08e-01      3.40e-03    1.9e-04
 286700      1.64e-01      5.19e-03    1.9e-04
 286800      1.38e-01      4.37e-03    1.9e-04
 286900      1.13e-01      3.58e-03    1.9e-04
 287000      1.42e-01      4.49e-03    1.9e-04
 287100      1.54e-01      4.86e-03    1.9e-04
 287200      1.32e-01      4.17e-03    1.9e-04
 287300      1.45e-01      4.59e-03    1.9e-04
 287400      1.47e-01      4.65e-03    1.9e-04
 287500      1.39e-01      4.39e-03    1.9e-04
 287600      1.30e-01      4.12e-03    1.9e-04
 287700      1.03e-01      3.24e-03    1.9e-04
 287800      1.42e-01      4.49e-03    1.9e-04
 287900      1.08e-01      3.42e-03    1.9e-04
 288000      1.24e-01      3.92e-03    1.9e-04
 288100      1.39e-01      4.39e-03    1.9e-04
 288200      1.27e-01      4.01e-03    1.9e-04
 288300      1.17e-01      3.71e-03    1.9e-04
 288400      1.09e-01      3.45e-03    1.9e-04
 288500      1.50e-01      4.76e-03    1.9e-04
 288600      1.45e-01      4.59e-03    1.9e-04
 288700      1.51e-01      4.77e-03    1.9e-04
 288800      1.44e-01      4.54e-03    1.9e-04
 288900      1.17e-01      3.70e-03    1.9e-04
 289000      1.06e-01      3.34e-03    1.9e-04
 289100      1.29e-01      4.09e-03    1.9e-04
 289200      1.49e-01      4.70e-03    1.9e-04
 289300      1.44e-01      4.56e-03    1.9e-04
 289400      1.29e-01      4.08e-03    1.9e-04
 289500      1.45e-01      4.59e-03    1.9e-04
 289600      1.36e-01      4.30e-03    1.9e-04
 289700      1.41e-01      4.45e-03    1.9e-04
 289800      1.49e-01      4.72e-03    1.9e-04
 289900      1.38e-01      4.38e-03    1.9e-04
 290000      1.08e-01      3.42e-03    1.9e-04
 290100      1.42e-01      4.49e-03    1.9e-04
 290200      1.09e-01      3.46e-03    1.9e-04
 290300      1.27e-01      4.00e-03    1.9e-04
 290400      1.44e-01      4.55e-03    1.9e-04
 290500      1.38e-01      4.37e-03    1.9e-04
 290600      1.25e-01      3.94e-03    1.9e-04
 290700      1.58e-01      4.98e-03    1.9e-04
 290800      1.29e-01      4.09e-03    1.9e-04
 290900      1.64e-01      5.19e-03    1.9e-04
 291000      1.07e-01      3.39e-03    1.9e-04
 291100      1.29e-01      4.09e-03    1.9e-04
 291200      1.36e-01      4.29e-03    1.9e-04
 291300      1.27e-01      4.02e-03    1.9e-04
 291400      1.22e-01      3.86e-03    1.9e-04
 291500      1.36e-01      4.29e-03    1.9e-04
 291600      1.13e-01      3.56e-03    1.9e-04
 291700      1.04e-01      3.27e-03    1.9e-04
 291800      1.34e-01      4.24e-03    1.9e-04
 291900      1.38e-01      4.38e-03    1.9e-04
 292000      1.12e-01      3.53e-03    1.9e-04
 292100      1.47e-01      4.65e-03    1.9e-04
 292200      1.05e-01      3.33e-03    1.9e-04
 292300      1.49e-01      4.73e-03    1.9e-04
 292400      1.37e-01      4.32e-03    1.9e-04
 292500      1.48e-01      4.67e-03    1.9e-04
 292600      1.34e-01      4.25e-03    1.9e-04
 292700      1.41e-01      4.45e-03    1.9e-04
 292800      1.08e-01      3.42e-03    1.9e-04
 292900      1.24e-01      3.91e-03    1.9e-04
 293000      1.46e-01      4.61e-03    1.9e-04
 293100      1.23e-01      3.88e-03    1.9e-04
 293200      1.55e-01      4.91e-03    1.9e-04
 293300      1.23e-01      3.90e-03    1.9e-04
 293400      1.16e-01      3.68e-03    1.9e-04
 293500      1.17e-01      3.70e-03    1.9e-04
 293600      1.55e-01      4.90e-03    1.9e-04
 293700      1.36e-01      4.29e-03    1.9e-04
 293800      1.09e-01      3.45e-03    1.9e-04
 293900      1.13e-01      3.56e-03    1.9e-04
 294000      1.47e-01      4.66e-03    1.9e-04
 294100      1.38e-01      4.37e-03    1.9e-04
 294200      1.18e-01      3.74e-03    1.9e-04
 294300      1.41e-01      4.46e-03    1.9e-04
 294400      1.58e-01      5.01e-03    1.9e-04
 294500      1.44e-01      4.56e-03    1.9e-04
 294600      1.10e-01      3.49e-03    1.9e-04
 294700      1.38e-01      4.37e-03    1.9e-04
 294800      1.10e-01      3.47e-03    1.9e-04
 294900      1.31e-01      4.14e-03    1.9e-04
 295000      1.58e-01      4.99e-03    1.8e-04
 295100      1.35e-01      4.26e-03    1.8e-04
 295200      1.24e-01      3.92e-03    1.8e-04
 295300      1.14e-01      3.61e-03    1.8e-04
 295400      1.35e-01      4.26e-03    1.8e-04
 295500      1.24e-01      3.92e-03    1.8e-04
 295600      1.25e-01      3.96e-03    1.8e-04
 295700      1.27e-01      4.03e-03    1.8e-04
 295800      1.16e-01      3.66e-03    1.8e-04
 295900      1.51e-01      4.79e-03    1.8e-04
 296000      1.02e-01      3.24e-03    1.8e-04
 296100      1.35e-01      4.26e-03    1.8e-04
 296200      1.58e-01      5.00e-03    1.8e-04
 296300      1.47e-01      4.65e-03    1.8e-04
 296400      1.50e-01      4.75e-03    1.8e-04
 296500      1.41e-01      4.45e-03    1.8e-04
 296600      1.43e-01      4.51e-03    1.8e-04
 296700      1.50e-01      4.75e-03    1.8e-04
 296800      1.11e-01      3.52e-03    1.8e-04
 296900      1.09e-01      3.46e-03    1.8e-04
 297000      1.48e-01      4.67e-03    1.8e-04
 297100      1.31e-01      4.16e-03    1.8e-04
 297200      1.36e-01      4.31e-03    1.8e-04
 297300      1.25e-01      3.95e-03    1.8e-04
 297400      1.25e-01      3.97e-03    1.8e-04
 297500      1.45e-01      4.58e-03    1.8e-04
 297600      1.45e-01      4.59e-03    1.8e-04
 297700      1.31e-01      4.14e-03    1.8e-04
 297800      1.50e-01      4.75e-03    1.8e-04
 297900      1.11e-01      3.51e-03    1.8e-04
 298000      1.29e-01      4.07e-03    1.8e-04
 298100      1.29e-01      4.07e-03    1.8e-04
 298200      1.49e-01      4.70e-03    1.8e-04
 298300      1.40e-01      4.42e-03    1.8e-04
 298400      1.42e-01      4.49e-03    1.8e-04
 298500      1.39e-01      4.40e-03    1.8e-04
 298600      1.42e-01      4.50e-03    1.8e-04
 298700      1.27e-01      4.02e-03    1.8e-04
 298800      1.47e-01      4.66e-03    1.8e-04
 298900      1.47e-01      4.65e-03    1.8e-04
 299000      1.09e-01      3.46e-03    1.8e-04
 299100      1.49e-01      4.72e-03    1.8e-04
 299200      1.02e-01      3.23e-03    1.8e-04
 299300      1.25e-01      3.94e-03    1.8e-04
 299400      1.50e-01      4.75e-03    1.8e-04
 299500      1.51e-01      4.76e-03    1.8e-04
 299600      1.32e-01      4.16e-03    1.8e-04
 299700      1.32e-01      4.17e-03    1.8e-04
 299800      1.44e-01      4.57e-03    1.8e-04
 299900      1.23e-01      3.88e-03    1.8e-04
 300000      1.48e-01      4.69e-03    1.8e-04
 300100      1.12e-01      3.54e-03    1.8e-04
 300200      1.23e-01      3.90e-03    1.8e-04
 300300      1.15e-01      3.64e-03    1.8e-04
 300400      1.14e-01      3.60e-03    1.8e-04
 300500      1.26e-01      3.99e-03    1.8e-04
 300600      1.60e-01      5.07e-03    1.8e-04
 300700      1.57e-01      4.97e-03    1.8e-04
 300800      1.40e-01      4.41e-03    1.8e-04
 300900      1.01e-01      3.20e-03    1.8e-04
 301000      1.39e-01      4.40e-03    1.8e-04
 301100      1.48e-01      4.67e-03    1.8e-04
 301200      1.49e-01      4.72e-03    1.8e-04
 301300      1.23e-01      3.88e-03    1.8e-04
 301400      1.22e-01      3.87e-03    1.8e-04
 301500      1.06e-01      3.36e-03    1.8e-04
 301600      1.75e-01      5.54e-03    1.8e-04
 301700      1.54e-01      4.87e-03    1.8e-04
 301800      1.06e-01      3.34e-03    1.8e-04
 301900      1.21e-01      3.83e-03    1.8e-04
 302000      1.42e-01      4.48e-03    1.8e-04
 302100      1.26e-01      3.99e-03    1.8e-04
 302200      1.34e-01      4.25e-03    1.8e-04
 302300      1.41e-01      4.45e-03    1.8e-04
 302400      1.07e-01      3.38e-03    1.8e-04
 302500      1.41e-01      4.44e-03    1.8e-04
 302600      1.05e-01      3.34e-03    1.8e-04
 302700      1.26e-01      3.98e-03    1.8e-04
 302800      1.02e-01      3.23e-03    1.8e-04
 302900      1.67e-01      5.29e-03    1.8e-04
 303000      1.20e-01      3.79e-03    1.8e-04
 303100      1.22e-01      3.85e-03    1.8e-04
 303200      1.58e-01      5.01e-03    1.8e-04
 303300      1.46e-01      4.61e-03    1.8e-04
 303400      1.20e-01      3.78e-03    1.8e-04
 303500      1.38e-01      4.35e-03    1.8e-04
 303600      1.24e-01      3.91e-03    1.8e-04
 303700      1.36e-01      4.29e-03    1.8e-04
 303800      1.48e-01      4.69e-03    1.8e-04
 303900      1.46e-01      4.61e-03    1.8e-04
 304000      1.45e-01      4.59e-03    1.8e-04
 304100      1.28e-01      4.06e-03    1.8e-04
 304200      1.40e-01      4.42e-03    1.8e-04
 304300      1.58e-01      5.01e-03    1.8e-04
 304400      1.52e-01      4.81e-03    1.8e-04
 304500      1.31e-01      4.14e-03    1.8e-04
 304600      1.38e-01      4.37e-03    1.8e-04
 304700      1.13e-01      3.59e-03    1.8e-04
 304800      1.49e-01      4.71e-03    1.8e-04
 304900      9.90e-02      3.13e-03    1.8e-04
 305000      1.11e-01      3.50e-03    1.7e-04
 305100      1.57e-01      4.96e-03    1.7e-04
 305200      1.09e-01      3.43e-03    1.7e-04
 305300      1.42e-01      4.50e-03    1.7e-04
 305400      1.22e-01      3.86e-03    1.7e-04
 305500      1.45e-01      4.58e-03    1.7e-04
 305600      1.28e-01      4.04e-03    1.7e-04
 305700      1.47e-01      4.64e-03    1.7e-04
 305800      1.48e-01      4.67e-03    1.7e-04
 305900      1.26e-01      3.99e-03    1.7e-04
 306000      1.17e-01      3.70e-03    1.7e-04
 306100      1.41e-01      4.47e-03    1.7e-04
 306200      1.31e-01      4.14e-03    1.7e-04
 306300      1.35e-01      4.28e-03    1.7e-04
 306400      1.40e-01      4.43e-03    1.7e-04
 306500      1.44e-01      4.54e-03    1.7e-04
 306600      1.36e-01      4.29e-03    1.7e-04
 306700      1.33e-01      4.20e-03    1.7e-04
 306800      1.02e-01      3.22e-03    1.7e-04
 306900      1.48e-01      4.68e-03    1.7e-04
 307000      1.10e-01      3.48e-03    1.7e-04
 307100      1.36e-01      4.31e-03    1.7e-04
 307200      1.22e-01      3.87e-03    1.7e-04
 307300      1.38e-01      4.38e-03    1.7e-04
 307400      1.12e-01      3.54e-03    1.7e-04
 307500      1.31e-01      4.14e-03    1.7e-04
 307600      1.36e-01      4.31e-03    1.7e-04
 307700      1.26e-01      3.99e-03    1.7e-04
 307800      1.09e-01      3.45e-03    1.7e-04
 307900      8.30e-02      2.63e-03    1.7e-04
 308000      1.29e-01      4.06e-03    1.7e-04
 308100      1.02e-01      3.21e-03    1.7e-04
 308200      1.51e-01      4.78e-03    1.7e-04
 308300      1.11e-01      3.50e-03    1.7e-04
 308400      1.38e-01      4.35e-03    1.7e-04
 308500      1.27e-01      4.03e-03    1.7e-04
 308600      1.15e-01      3.64e-03    1.7e-04
 308700      1.40e-01      4.43e-03    1.7e-04
 308800      1.29e-01      4.07e-03    1.7e-04
 308900      1.42e-01      4.49e-03    1.7e-04
 309000      1.38e-01      4.35e-03    1.7e-04
 309100      1.23e-01      3.90e-03    1.7e-04
 309200      1.29e-01      4.07e-03    1.7e-04
 309300      1.47e-01      4.66e-03    1.7e-04
 309400      1.28e-01      4.06e-03    1.7e-04
 309500      1.22e-01      3.85e-03    1.7e-04
 309600      1.37e-01      4.35e-03    1.7e-04
 309700      1.47e-01      4.65e-03    1.7e-04
 309800      1.41e-01      4.47e-03    1.7e-04
 309900      1.37e-01      4.34e-03    1.7e-04
 310000      9.71e-02      3.07e-03    1.7e-04
 310100      1.39e-01      4.41e-03    1.7e-04
 310200      1.38e-01      4.36e-03    1.7e-04
 310300      1.44e-01      4.54e-03    1.7e-04
 310400      1.02e-01      3.23e-03    1.7e-04
 310500      1.51e-01      4.78e-03    1.7e-04
 310600      1.45e-01      4.58e-03    1.7e-04
 310700      1.46e-01      4.61e-03    1.7e-04
 310800      1.22e-01      3.86e-03    1.7e-04
 310900      1.36e-01      4.31e-03    1.7e-04
 311000      1.35e-01      4.27e-03    1.7e-04
 311100      1.43e-01      4.51e-03    1.7e-04
 311200      1.32e-01      4.19e-03    1.7e-04
 311300      1.19e-01      3.76e-03    1.7e-04
 311400      1.31e-01      4.14e-03    1.7e-04
 311500      1.41e-01      4.46e-03    1.7e-04
 311600      1.60e-01      5.07e-03    1.7e-04
 311700      1.09e-01      3.45e-03    1.7e-04
 311800      1.35e-01      4.26e-03    1.7e-04
 311900      1.44e-01      4.56e-03    1.7e-04
 312000      1.36e-01      4.29e-03    1.7e-04
 312100      1.28e-01      4.04e-03    1.7e-04
 312200      1.23e-01      3.90e-03    1.7e-04
 312300      1.42e-01      4.49e-03    1.7e-04
 312400      1.45e-01      4.57e-03    1.7e-04
 312500      1.45e-01      4.60e-03    1.7e-04
 312600      1.26e-01      3.98e-03    1.7e-04
 312700      1.48e-01      4.67e-03    1.7e-04
 312800      1.49e-01      4.72e-03    1.7e-04
 312900      1.22e-01      3.85e-03    1.7e-04
 313000      1.39e-01      4.38e-03    1.7e-04
 313100      1.25e-01      3.96e-03    1.7e-04
 313200      1.49e-01      4.73e-03    1.7e-04
 313300      1.35e-01      4.27e-03    1.7e-04
 313400      1.34e-01      4.23e-03    1.7e-04
 313500      1.39e-01      4.39e-03    1.7e-04
 313600      1.45e-01      4.58e-03    1.7e-04
 313700      1.25e-01      3.94e-03    1.7e-04
 313800      1.61e-01      5.11e-03    1.7e-04
 313900      1.47e-01      4.63e-03    1.7e-04
 314000      1.53e-01      4.85e-03    1.7e-04
 314100      1.67e-01      5.28e-03    1.7e-04
 314200      1.43e-01      4.52e-03    1.7e-04
 314300      1.26e-01      4.00e-03    1.7e-04
 314400      1.49e-01      4.72e-03    1.7e-04
 314500      1.32e-01      4.17e-03    1.7e-04
 314600      1.61e-01      5.10e-03    1.7e-04
 314700      1.34e-01      4.25e-03    1.7e-04
 314800      1.13e-01      3.58e-03    1.7e-04
 314900      1.35e-01      4.26e-03    1.7e-04
 315000      1.49e-01      4.71e-03    1.6e-04
 315100      1.51e-01      4.78e-03    1.6e-04
 315200      9.86e-02      3.12e-03    1.6e-04
 315300      1.35e-01      4.26e-03    1.6e-04
 315400      1.67e-01      5.29e-03    1.6e-04
 315500      1.12e-01      3.55e-03    1.6e-04
 315600      1.34e-01      4.23e-03    1.6e-04
 315700      1.25e-01      3.96e-03    1.6e-04
 315800      1.49e-01      4.71e-03    1.6e-04
 315900      1.32e-01      4.17e-03    1.6e-04
 316000      1.04e-01      3.30e-03    1.6e-04
 316100      1.52e-01      4.79e-03    1.6e-04
 316200      1.53e-01      4.83e-03    1.6e-04
 316300      1.12e-01      3.54e-03    1.6e-04
 316400      1.25e-01      3.95e-03    1.6e-04
 316500      1.45e-01      4.59e-03    1.6e-04
 316600      1.23e-01      3.88e-03    1.6e-04
 316700      1.43e-01      4.51e-03    1.6e-04
 316800      1.25e-01      3.95e-03    1.6e-04
 316900      9.45e-02      2.99e-03    1.6e-04
 317000      1.30e-01      4.10e-03    1.6e-04
 317100      1.04e-01      3.30e-03    1.6e-04
 317200      1.16e-01      3.68e-03    1.6e-04
 317300      1.14e-01      3.61e-03    1.6e-04
 317400      1.37e-01      4.34e-03    1.6e-04
 317500      1.46e-01      4.63e-03    1.6e-04
 317600      1.31e-01      4.15e-03    1.6e-04
 317700      1.32e-01      4.16e-03    1.6e-04
 317800      1.61e-01      5.09e-03    1.6e-04
 317900      1.38e-01      4.37e-03    1.6e-04
 318000      1.55e-01      4.90e-03    1.6e-04
 318100      1.51e-01      4.78e-03    1.6e-04
 318200      1.38e-01      4.36e-03    1.6e-04
 318300      1.33e-01      4.20e-03    1.6e-04
 318400      1.24e-01      3.91e-03    1.6e-04
 318500      1.21e-01      3.83e-03    1.6e-04
 318600      1.25e-01      3.96e-03    1.6e-04
 318700      1.33e-01      4.20e-03    1.6e-04
 318800      1.52e-01      4.80e-03    1.6e-04
 318900      1.36e-01      4.32e-03    1.6e-04
 319000      1.36e-01      4.30e-03    1.6e-04
 319100      1.47e-01      4.64e-03    1.6e-04
 319200      1.20e-01      3.81e-03    1.6e-04
 319300      1.38e-01      4.36e-03    1.6e-04
 319400      1.62e-01      5.11e-03    1.6e-04
 319500      1.29e-01      4.07e-03    1.6e-04
 319600      1.27e-01      4.02e-03    1.6e-04
 319700      1.37e-01      4.33e-03    1.6e-04
 319800      1.36e-01      4.31e-03    1.6e-04
 319900      1.31e-01      4.16e-03    1.6e-04
 320000      1.47e-01      4.64e-03    1.6e-04
 320100      1.46e-01      4.61e-03    1.6e-04
 320200      1.11e-01      3.51e-03    1.6e-04
 320300      1.29e-01      4.07e-03    1.6e-04
 320400      1.55e-01      4.91e-03    1.6e-04
 320500      1.42e-01      4.50e-03    1.6e-04
 320600      1.42e-01      4.50e-03    1.6e-04
 320700      1.38e-01      4.37e-03    1.6e-04
 320800      1.54e-01      4.86e-03    1.6e-04
 320900      1.51e-01      4.77e-03    1.6e-04
 321000      1.27e-01      4.02e-03    1.6e-04
 321100      1.16e-01      3.68e-03    1.6e-04
 321200      1.12e-01      3.54e-03    1.6e-04
 321300      1.23e-01      3.87e-03    1.6e-04
 321400      1.18e-01      3.72e-03    1.6e-04
 321500      1.34e-01      4.22e-03    1.6e-04
 321600      1.34e-01      4.22e-03    1.6e-04
 321700      1.18e-01      3.72e-03    1.6e-04
 321800      1.22e-01      3.84e-03    1.6e-04
 321900      1.48e-01      4.69e-03    1.6e-04
 322000      1.16e-01      3.67e-03    1.6e-04
 322100      1.13e-01      3.58e-03    1.6e-04
 322200      1.23e-01      3.88e-03    1.6e-04
 322300      1.18e-01      3.73e-03    1.6e-04
 322400      1.55e-01      4.90e-03    1.6e-04
 322500      1.38e-01      4.38e-03    1.6e-04
 322600      1.44e-01      4.55e-03    1.6e-04
 322700      1.60e-01      5.06e-03    1.6e-04
 322800      1.44e-01      4.56e-03    1.6e-04
 322900      1.00e-01      3.17e-03    1.6e-04
 323000      1.56e-01      4.93e-03    1.6e-04
 323100      1.41e-01      4.45e-03    1.6e-04
 323200      1.51e-01      4.77e-03    1.6e-04
 323300      1.46e-01      4.60e-03    1.6e-04
 323400      1.12e-01      3.53e-03    1.6e-04
 323500      1.36e-01      4.29e-03    1.6e-04
 323600      1.42e-01      4.49e-03    1.6e-04
 323700      1.50e-01      4.75e-03    1.6e-04
 323800      1.45e-01      4.58e-03    1.6e-04
 323900      1.48e-01      4.67e-03    1.6e-04
 324000      1.21e-01      3.82e-03    1.6e-04
 324100      1.36e-01      4.30e-03    1.6e-04
 324200      1.23e-01      3.88e-03    1.6e-04
 324300      1.41e-01      4.46e-03    1.6e-04
 324400      1.51e-01      4.77e-03    1.6e-04
 324500      1.10e-01      3.48e-03    1.6e-04
 324600      1.43e-01      4.53e-03    1.6e-04
 324700      1.46e-01      4.60e-03    1.6e-04
 324800      1.45e-01      4.58e-03    1.6e-04
 324900      1.37e-01      4.34e-03    1.6e-04
 325000      1.24e-01      3.93e-03    1.5e-04
 325100      1.30e-01      4.12e-03    1.5e-04
 325200      1.54e-01      4.86e-03    1.5e-04
 325300      1.55e-01      4.91e-03    1.5e-04
 325400      1.21e-01      3.83e-03    1.5e-04
 325500      1.14e-01      3.61e-03    1.5e-04
 325600      1.30e-01      4.10e-03    1.5e-04
 325700      1.12e-01      3.53e-03    1.5e-04
 325800      1.10e-01      3.49e-03    1.5e-04
 325900      1.27e-01      4.01e-03    1.5e-04
 326000      1.38e-01      4.35e-03    1.5e-04
 326100      1.32e-01      4.16e-03    1.5e-04
 326200      1.43e-01      4.52e-03    1.5e-04
 326300      1.34e-01      4.22e-03    1.5e-04
 326400      1.28e-01      4.05e-03    1.5e-04
 326500      1.36e-01      4.30e-03    1.5e-04
 326600      1.55e-01      4.89e-03    1.5e-04
 326700      1.38e-01      4.36e-03    1.5e-04
 326800      1.37e-01      4.33e-03    1.5e-04
 326900      1.49e-01      4.72e-03    1.5e-04
 327000      1.52e-01      4.80e-03    1.5e-04
 327100      1.46e-01      4.62e-03    1.5e-04
 327200      1.28e-01      4.04e-03    1.5e-04
 327300      1.50e-01      4.74e-03    1.5e-04
 327400      1.37e-01      4.32e-03    1.5e-04
 327500      1.23e-01      3.89e-03    1.5e-04
 327600      1.35e-01      4.26e-03    1.5e-04
 327700      1.40e-01      4.44e-03    1.5e-04
 327800      1.54e-01      4.86e-03    1.5e-04
 327900      1.43e-01      4.52e-03    1.5e-04
 328000      1.52e-01      4.81e-03    1.5e-04
 328100      1.22e-01      3.85e-03    1.5e-04
 328200      1.40e-01      4.44e-03    1.5e-04
 328300      1.04e-01      3.28e-03    1.5e-04
 328400      1.21e-01      3.83e-03    1.5e-04
 328500      1.26e-01      3.99e-03    1.5e-04
 328600      1.49e-01      4.73e-03    1.5e-04
 328700      1.39e-01      4.41e-03    1.5e-04
 328800      1.18e-01      3.72e-03    1.5e-04
 328900      1.17e-01      3.70e-03    1.5e-04
 329000      1.24e-01      3.93e-03    1.5e-04
 329100      1.57e-01      4.98e-03    1.5e-04
 329200      1.25e-01      3.95e-03    1.5e-04
 329300      1.45e-01      4.58e-03    1.5e-04
 329400      1.41e-01      4.45e-03    1.5e-04
 329500      1.40e-01      4.44e-03    1.5e-04
 329600      1.20e-01      3.80e-03    1.5e-04
 329700      1.36e-01      4.31e-03    1.5e-04
 329800      1.48e-01      4.68e-03    1.5e-04
 329900      1.14e-01      3.60e-03    1.5e-04
 330000      1.56e-01      4.94e-03    1.5e-04
 330100      1.29e-01      4.09e-03    1.5e-04
 330200      1.42e-01      4.48e-03    1.5e-04
 330300      1.37e-01      4.34e-03    1.5e-04
 330400      1.06e-01      3.36e-03    1.5e-04
 330500      1.27e-01      4.01e-03    1.5e-04
 330600      1.35e-01      4.28e-03    1.5e-04
 330700      1.52e-01      4.82e-03    1.5e-04
 330800      1.08e-01      3.41e-03    1.5e-04
 330900      1.20e-01      3.79e-03    1.5e-04
 331000      1.18e-01      3.73e-03    1.5e-04
 331100      9.45e-02      2.99e-03    1.5e-04
 331200      1.39e-01      4.40e-03    1.5e-04
 331300      1.39e-01      4.40e-03    1.5e-04
 331400      1.10e-01      3.49e-03    1.5e-04
 331500      1.26e-01      3.97e-03    1.5e-04
 331600      1.06e-01      3.35e-03    1.5e-04
 331700      1.21e-01      3.82e-03    1.5e-04
 331800      1.52e-01      4.80e-03    1.5e-04
 331900      1.29e-01      4.08e-03    1.5e-04
 332000      1.23e-01      3.88e-03    1.5e-04
 332100      1.21e-01      3.82e-03    1.5e-04
 332200      1.09e-01      3.45e-03    1.5e-04
 332300      1.06e-01      3.36e-03    1.5e-04
 332400      1.35e-01      4.26e-03    1.5e-04
 332500      1.29e-01      4.09e-03    1.5e-04
 332600      1.57e-01      4.97e-03    1.5e-04
 332700      1.57e-01      4.97e-03    1.5e-04
 332800      1.44e-01      4.54e-03    1.5e-04
 332900      1.41e-01      4.47e-03    1.5e-04
 333000      1.40e-01      4.42e-03    1.5e-04
 333100      1.17e-01      3.69e-03    1.5e-04
 333200      1.31e-01      4.13e-03    1.5e-04
 333300      1.09e-01      3.43e-03    1.5e-04
 333400      1.72e-01      5.44e-03    1.5e-04
 333500      1.30e-01      4.10e-03    1.5e-04
 333600      1.09e-01      3.45e-03    1.5e-04
 333700      1.46e-01      4.63e-03    1.5e-04
 333800      1.27e-01      4.00e-03    1.5e-04
 333900      1.20e-01      3.80e-03    1.5e-04
 334000      1.38e-01      4.35e-03    1.5e-04
 334100      1.29e-01      4.09e-03    1.5e-04
 334200      1.01e-01      3.20e-03    1.5e-04
 334300      1.34e-01      4.22e-03    1.5e-04
 334400      1.32e-01      4.18e-03    1.5e-04
 334500      1.41e-01      4.47e-03    1.5e-04
 334600      1.43e-01      4.53e-03    1.5e-04
 334700      9.99e-02      3.16e-03    1.5e-04
 334800      1.30e-01      4.12e-03    1.5e-04
 334900      1.37e-01      4.33e-03    1.5e-04
 335000      1.46e-01      4.62e-03    1.5e-04
 335100      1.23e-01      3.90e-03    1.5e-04
 335200      1.52e-01      4.80e-03    1.5e-04
 335300      1.17e-01      3.69e-03    1.5e-04
 335400      1.35e-01      4.27e-03    1.5e-04
 335500      1.32e-01      4.17e-03    1.5e-04
 335600      1.17e-01      3.71e-03    1.5e-04
 335700      1.21e-01      3.82e-03    1.5e-04
 335800      1.49e-01      4.72e-03    1.5e-04
 335900      1.21e-01      3.82e-03    1.5e-04
 336000      1.25e-01      3.95e-03    1.5e-04
 336100      1.02e-01      3.21e-03    1.5e-04
 336200      1.42e-01      4.48e-03    1.5e-04
 336300      1.52e-01      4.79e-03    1.5e-04
 336400      1.13e-01      3.59e-03    1.5e-04
 336500      1.42e-01      4.50e-03    1.5e-04
 336600      1.31e-01      4.13e-03    1.5e-04
 336700      1.06e-01      3.36e-03    1.5e-04
 336800      1.38e-01      4.38e-03    1.5e-04
 336900      1.42e-01      4.48e-03    1.5e-04
 337000      1.35e-01      4.26e-03    1.5e-04
 337100      1.40e-01      4.44e-03    1.5e-04
 337200      1.23e-01      3.90e-03    1.5e-04
 337300      9.52e-02      3.01e-03    1.5e-04
 337400      1.45e-01      4.57e-03    1.5e-04
 337500      1.57e-01      4.98e-03    1.5e-04
 337600      1.23e-01      3.88e-03    1.5e-04
 337700      1.36e-01      4.30e-03    1.5e-04
 337800      1.35e-01      4.27e-03    1.5e-04
 337900      1.48e-01      4.68e-03    1.5e-04
 338000      1.05e-01      3.32e-03    1.5e-04
 338100      1.39e-01      4.39e-03    1.5e-04
 338200      1.24e-01      3.91e-03    1.5e-04
 338300      1.23e-01      3.88e-03    1.5e-04
 338400      1.21e-01      3.82e-03    1.5e-04
 338500      1.24e-01      3.94e-03    1.5e-04
 338600      1.26e-01      3.99e-03    1.5e-04
 338700      1.43e-01      4.54e-03    1.5e-04
 338800      1.49e-01      4.72e-03    1.5e-04
 338900      1.43e-01      4.54e-03    1.5e-04
 339000      1.47e-01      4.64e-03    1.5e-04
 339100      1.35e-01      4.27e-03    1.5e-04
 339200      1.57e-01      4.95e-03    1.5e-04
 339300      1.29e-01      4.07e-03    1.5e-04
 339400      1.38e-01      4.37e-03    1.5e-04
 339500      1.37e-01      4.32e-03    1.5e-04
 339600      1.36e-01      4.31e-03    1.5e-04
 339700      1.38e-01      4.35e-03    1.5e-04
 339800      1.57e-01      4.96e-03    1.5e-04
 339900      1.44e-01      4.54e-03    1.5e-04
 340000      1.21e-01      3.82e-03    1.4e-04
 340100      1.46e-01      4.60e-03    1.4e-04
 340200      1.47e-01      4.65e-03    1.4e-04
 340300      1.35e-01      4.27e-03    1.4e-04
 340400      1.19e-01      3.75e-03    1.4e-04
 340500      1.40e-01      4.42e-03    1.4e-04
 340600      1.03e-01      3.26e-03    1.4e-04
 340700      1.08e-01      3.41e-03    1.4e-04
 340800      1.50e-01      4.73e-03    1.4e-04
 340900      1.03e-01      3.27e-03    1.4e-04
 341000      1.22e-01      3.86e-03    1.4e-04
 341100      9.40e-02      2.97e-03    1.4e-04
 341200      1.47e-01      4.64e-03    1.4e-04
 341300      1.40e-01      4.44e-03    1.4e-04
 341400      1.25e-01      3.96e-03    1.4e-04
 341500      1.44e-01      4.54e-03    1.4e-04
 341600      1.21e-01      3.82e-03    1.4e-04
 341700      1.61e-01      5.10e-03    1.4e-04
 341800      1.51e-01      4.77e-03    1.4e-04
 341900      1.39e-01      4.39e-03    1.4e-04
 342000      1.21e-01      3.81e-03    1.4e-04
 342100      1.49e-01      4.72e-03    1.4e-04
 342200      1.35e-01      4.27e-03    1.4e-04
 342300      1.60e-01      5.07e-03    1.4e-04
 342400      1.28e-01      4.03e-03    1.4e-04
 342500      1.36e-01      4.31e-03    1.4e-04
 342600      1.39e-01      4.40e-03    1.4e-04
 342700      1.40e-01      4.43e-03    1.4e-04
 342800      1.48e-01      4.68e-03    1.4e-04
 342900      1.53e-01      4.84e-03    1.4e-04
 343000      1.42e-01      4.50e-03    1.4e-04
 343100      1.59e-01      5.01e-03    1.4e-04
 343200      1.25e-01      3.94e-03    1.4e-04
 343300      1.20e-01      3.81e-03    1.4e-04
 343400      1.55e-01      4.89e-03    1.4e-04
 343500      1.30e-01      4.11e-03    1.4e-04
 343600      1.37e-01      4.32e-03    1.4e-04
 343700      1.20e-01      3.79e-03    1.4e-04
 343800      1.30e-01      4.10e-03    1.4e-04
 343900      1.45e-01      4.59e-03    1.4e-04
 344000      1.47e-01      4.66e-03    1.4e-04
 344100      1.42e-01      4.48e-03    1.4e-04
 344200      1.37e-01      4.33e-03    1.4e-04
 344300      1.32e-01      4.17e-03    1.4e-04
 344400      1.37e-01      4.34e-03    1.4e-04
 344500      1.44e-01      4.55e-03    1.4e-04
 344600      1.32e-01      4.17e-03    1.4e-04
 344700      9.88e-02      3.12e-03    1.4e-04
 344800      1.69e-01      5.36e-03    1.4e-04
 344900      1.55e-01      4.89e-03    1.4e-04
 345000      1.49e-01      4.72e-03    1.4e-04
 345100      1.43e-01      4.53e-03    1.4e-04
 345200      1.13e-01      3.58e-03    1.4e-04
 345300      1.37e-01      4.34e-03    1.4e-04
 345400      1.20e-01      3.81e-03    1.4e-04
 345500      1.17e-01      3.69e-03    1.4e-04
 345600      1.56e-01      4.93e-03    1.4e-04
 345700      1.15e-01      3.62e-03    1.4e-04
 345800      1.30e-01      4.12e-03    1.4e-04
 345900      1.43e-01      4.52e-03    1.4e-04
 346000      1.26e-01      3.98e-03    1.4e-04
 346100      1.29e-01      4.08e-03    1.4e-04
 346200      1.53e-01      4.85e-03    1.4e-04
 346300      1.51e-01      4.78e-03    1.4e-04
 346400      1.17e-01      3.69e-03    1.4e-04
 346500      1.01e-01      3.19e-03    1.4e-04
 346600      1.35e-01      4.25e-03    1.4e-04
 346700      1.55e-01      4.89e-03    1.4e-04
 346800      1.49e-01      4.72e-03    1.4e-04
 346900      1.46e-01      4.63e-03    1.4e-04
 347000      1.34e-01      4.24e-03    1.4e-04
 347100      1.30e-01      4.11e-03    1.4e-04
 347200      1.32e-01      4.18e-03    1.4e-04
 347300      1.52e-01      4.80e-03    1.4e-04
 347400      1.24e-01      3.91e-03    1.4e-04
 347500      1.57e-01      4.96e-03    1.4e-04
 347600      1.15e-01      3.63e-03    1.4e-04
 347700      1.27e-01      4.03e-03    1.4e-04
 347800      1.09e-01      3.45e-03    1.4e-04
 347900      1.45e-01      4.59e-03    1.4e-04
 348000      1.39e-01      4.39e-03    1.4e-04
 348100      1.46e-01      4.63e-03    1.4e-04
 348200      1.32e-01      4.16e-03    1.4e-04
 348300      1.51e-01      4.77e-03    1.4e-04
 348400      1.29e-01      4.08e-03    1.4e-04
 348500      1.09e-01      3.46e-03    1.4e-04
 348600      1.52e-01      4.80e-03    1.4e-04
 348700      1.41e-01      4.45e-03    1.4e-04
 348800      1.48e-01      4.67e-03    1.4e-04
 348900      1.42e-01      4.49e-03    1.4e-04
 349000      1.31e-01      4.13e-03    1.4e-04
 349100      1.32e-01      4.16e-03    1.4e-04
 349200      1.53e-01      4.84e-03    1.4e-04
 349300      1.39e-01      4.41e-03    1.4e-04
 349400      1.13e-01      3.59e-03    1.4e-04
 349500      1.51e-01      4.78e-03    1.4e-04
 349600      1.49e-01      4.71e-03    1.4e-04
 349700      1.17e-01      3.70e-03    1.4e-04
 349800      1.33e-01      4.22e-03    1.4e-04
 349900      1.03e-01      3.26e-03    1.4e-04
 350000      1.36e-01      4.30e-03    1.3e-04
 350100      1.35e-01      4.28e-03    1.3e-04
 350200      1.33e-01      4.20e-03    1.3e-04
 350300      1.60e-01      5.05e-03    1.3e-04
 350400      1.21e-01      3.82e-03    1.3e-04
 350500      1.30e-01      4.13e-03    1.3e-04
 350600      1.36e-01      4.30e-03    1.3e-04
 350700      1.43e-01      4.51e-03    1.3e-04
 350800      1.11e-01      3.52e-03    1.3e-04
 350900      1.57e-01      4.96e-03    1.3e-04
 351000      1.34e-01      4.24e-03    1.3e-04
 351100      1.03e-01      3.27e-03    1.3e-04
 351200      1.18e-01      3.74e-03    1.3e-04
 351300      1.12e-01      3.55e-03    1.3e-04
 351400      1.18e-01      3.72e-03    1.3e-04
 351500      1.25e-01      3.96e-03    1.3e-04
 351600      1.39e-01      4.40e-03    1.3e-04
 351700      1.11e-01      3.52e-03    1.3e-04
 351800      1.56e-01      4.94e-03    1.3e-04
 351900      1.37e-01      4.34e-03    1.3e-04
 352000      1.14e-01      3.59e-03    1.3e-04
 352100      1.20e-01      3.79e-03    1.3e-04
 352200      1.19e-01      3.75e-03    1.3e-04
 352300      1.55e-01      4.90e-03    1.3e-04
 352400      1.23e-01      3.89e-03    1.3e-04
 352500      1.29e-01      4.07e-03    1.3e-04
 352600      1.25e-01      3.95e-03    1.3e-04
 352700      1.38e-01      4.36e-03    1.3e-04
 352800      1.45e-01      4.60e-03    1.3e-04
 352900      1.31e-01      4.15e-03    1.3e-04
 353000      1.24e-01      3.92e-03    1.3e-04
 353100      1.44e-01      4.55e-03    1.3e-04
 353200      1.25e-01      3.95e-03    1.3e-04
 353300      1.59e-01      5.03e-03    1.3e-04
 353400      1.47e-01      4.65e-03    1.3e-04
 353500      1.28e-01      4.05e-03    1.3e-04
 353600      9.58e-02      3.03e-03    1.3e-04
 353700      1.27e-01      4.01e-03    1.3e-04
 353800      1.51e-01      4.76e-03    1.3e-04
 353900      1.26e-01      3.97e-03    1.3e-04
 354000      1.46e-01      4.60e-03    1.3e-04
 354100      1.33e-01      4.20e-03    1.3e-04
 354200      1.26e-01      3.98e-03    1.3e-04
 354300      1.29e-01      4.09e-03    1.3e-04
 354400      1.22e-01      3.85e-03    1.3e-04
 354500      1.46e-01      4.60e-03    1.3e-04
 354600      1.18e-01      3.74e-03    1.3e-04
 354700      1.28e-01      4.04e-03    1.3e-04
 354800      1.47e-01      4.65e-03    1.3e-04
 354900      1.26e-01      4.00e-03    1.3e-04
 355000      1.49e-01      4.72e-03    1.3e-04
 355100      1.16e-01      3.66e-03    1.3e-04
 355200      1.40e-01      4.42e-03    1.3e-04
 355300      1.11e-01      3.51e-03    1.3e-04
 355400      1.32e-01      4.17e-03    1.3e-04
 355500      1.16e-01      3.67e-03    1.3e-04
 355600      1.05e-01      3.31e-03    1.3e-04
 355700      1.42e-01      4.50e-03    1.3e-04
 355800      1.39e-01      4.40e-03    1.3e-04
 355900      1.08e-01      3.42e-03    1.3e-04
 356000      1.55e-01      4.89e-03    1.3e-04
 356100      1.08e-01      3.41e-03    1.3e-04
 356200      1.40e-01      4.43e-03    1.3e-04
 356300      1.44e-01      4.56e-03    1.3e-04
 356400      1.18e-01      3.72e-03    1.3e-04
 356500      1.26e-01      4.00e-03    1.3e-04
 356600      1.11e-01      3.51e-03    1.3e-04
 356700      1.01e-01      3.20e-03    1.3e-04
 356800      1.44e-01      4.56e-03    1.3e-04
 356900      1.26e-01      3.98e-03    1.3e-04
 357000      1.45e-01      4.60e-03    1.3e-04
 357100      1.46e-01      4.61e-03    1.3e-04
 357200      1.45e-01      4.59e-03    1.3e-04
 357300      1.52e-01      4.80e-03    1.3e-04
 357400      1.21e-01      3.82e-03    1.3e-04
 357500      1.23e-01      3.90e-03    1.3e-04
 357600      1.03e-01      3.27e-03    1.3e-04
 357700      1.48e-01      4.69e-03    1.3e-04
 357800      1.50e-01      4.75e-03    1.3e-04
 357900      1.43e-01      4.53e-03    1.3e-04
 358000      1.32e-01      4.19e-03    1.3e-04
 358100      1.23e-01      3.89e-03    1.3e-04
 358200      1.39e-01      4.40e-03    1.3e-04
 358300      1.25e-01      3.96e-03    1.3e-04
 358400      1.19e-01      3.76e-03    1.3e-04
 358500      1.41e-01      4.46e-03    1.3e-04
 358600      1.17e-01      3.70e-03    1.3e-04
 358700      1.62e-01      5.13e-03    1.3e-04
 358800      1.20e-01      3.80e-03    1.3e-04
 358900      1.38e-01      4.35e-03    1.3e-04
 359000      1.29e-01      4.06e-03    1.3e-04
 359100      1.50e-01      4.75e-03    1.3e-04
 359200      1.48e-01      4.68e-03    1.3e-04
 359300      1.21e-01      3.83e-03    1.3e-04
 359400      1.04e-01      3.29e-03    1.3e-04
 359500      1.51e-01      4.76e-03    1.3e-04
 359600      1.22e-01      3.87e-03    1.3e-04
 359700      1.47e-01      4.63e-03    1.3e-04
 359800      1.23e-01      3.90e-03    1.3e-04
 359900      1.20e-01      3.80e-03    1.3e-04
 360000      1.17e-01      3.70e-03    1.3e-04
 360100      1.47e-01      4.64e-03    1.3e-04
 360200      9.49e-02      3.00e-03    1.3e-04
 360300      1.51e-01      4.79e-03    1.3e-04
 360400      1.42e-01      4.49e-03    1.3e-04
 360500      1.33e-01      4.19e-03    1.3e-04
 360600      1.38e-01      4.36e-03    1.3e-04
 360700      1.39e-01      4.38e-03    1.3e-04
 360800      1.47e-01      4.65e-03    1.3e-04
 360900      1.17e-01      3.70e-03    1.3e-04
 361000      1.21e-01      3.83e-03    1.3e-04
 361100      1.60e-01      5.07e-03    1.3e-04
 361200      1.14e-01      3.61e-03    1.3e-04
 361300      1.48e-01      4.67e-03    1.3e-04
 361400      1.01e-01      3.21e-03    1.3e-04
 361500      1.43e-01      4.53e-03    1.3e-04
 361600      1.30e-01      4.11e-03    1.3e-04
 361700      1.38e-01      4.37e-03    1.3e-04
 361800      1.38e-01      4.35e-03    1.3e-04
 361900      1.43e-01      4.53e-03    1.3e-04
 362000      1.21e-01      3.82e-03    1.3e-04
 362100      1.17e-01      3.71e-03    1.3e-04
 362200      1.61e-01      5.08e-03    1.3e-04
 362300      1.38e-01      4.36e-03    1.3e-04
 362400      1.21e-01      3.82e-03    1.3e-04
 362500      1.51e-01      4.77e-03    1.3e-04
 362600      1.48e-01      4.67e-03    1.3e-04
 362700      1.28e-01      4.05e-03    1.3e-04
 362800      1.29e-01      4.07e-03    1.3e-04
 362900      1.36e-01      4.29e-03    1.3e-04
 363000      1.27e-01      4.02e-03    1.3e-04
 363100      1.19e-01      3.75e-03    1.3e-04
 363200      1.28e-01      4.06e-03    1.3e-04
 363300      1.33e-01      4.20e-03    1.3e-04
 363400      1.64e-01      5.17e-03    1.3e-04
 363500      1.25e-01      3.96e-03    1.3e-04
 363600      1.09e-01      3.44e-03    1.3e-04
 363700      1.40e-01      4.41e-03    1.3e-04
 363800      1.02e-01      3.23e-03    1.3e-04
 363900      1.16e-01      3.68e-03    1.3e-04
 364000      1.40e-01      4.43e-03    1.3e-04
 364100      1.39e-01      4.38e-03    1.3e-04
 364200      1.32e-01      4.17e-03    1.3e-04
 364300      1.54e-01      4.88e-03    1.3e-04
 364400      1.12e-01      3.54e-03    1.3e-04
 364500      1.32e-01      4.17e-03    1.3e-04
 364600      1.26e-01      3.99e-03    1.3e-04
 364700      1.10e-01      3.49e-03    1.3e-04
 364800      1.13e-01      3.56e-03    1.3e-04
 364900      1.26e-01      3.99e-03    1.3e-04
 365000      1.54e-01      4.87e-03    1.2e-04
 365100      1.44e-01      4.54e-03    1.2e-04
 365200      1.33e-01      4.21e-03    1.2e-04
 365300      1.34e-01      4.23e-03    1.2e-04
 365400      1.34e-01      4.24e-03    1.2e-04
 365500      1.27e-01      4.02e-03    1.2e-04
 365600      1.18e-01      3.75e-03    1.2e-04
 365700      1.16e-01      3.67e-03    1.2e-04
 365800      1.15e-01      3.63e-03    1.2e-04
 365900      1.21e-01      3.82e-03    1.2e-04
 366000      1.22e-01      3.85e-03    1.2e-04
 366100      1.44e-01      4.55e-03    1.2e-04
 366200      1.13e-01      3.57e-03    1.2e-04
 366300      1.17e-01      3.71e-03    1.2e-04
 366400      1.47e-01      4.66e-03    1.2e-04
 366500      1.41e-01      4.47e-03    1.2e-04
 366600      1.24e-01      3.93e-03    1.2e-04
 366700      1.51e-01      4.78e-03    1.2e-04
 366800      1.12e-01      3.55e-03    1.2e-04
 366900      1.38e-01      4.35e-03    1.2e-04
 367000      1.06e-01      3.36e-03    1.2e-04
 367100      1.21e-01      3.82e-03    1.2e-04
 367200      1.29e-01      4.09e-03    1.2e-04
 367300      1.42e-01      4.48e-03    1.2e-04
 367400      1.46e-01      4.62e-03    1.2e-04
 367500      1.51e-01      4.79e-03    1.2e-04
 367600      1.16e-01      3.66e-03    1.2e-04
 367700      1.30e-01      4.12e-03    1.2e-04
 367800      1.18e-01      3.72e-03    1.2e-04
 367900      1.42e-01      4.49e-03    1.2e-04
 368000      1.02e-01      3.24e-03    1.2e-04
 368100      1.34e-01      4.23e-03    1.2e-04
 368200      1.30e-01      4.12e-03    1.2e-04
 368300      1.62e-01      5.13e-03    1.2e-04
 368400      1.37e-01      4.33e-03    1.2e-04
 368500      1.42e-01      4.49e-03    1.2e-04
 368600      1.28e-01      4.04e-03    1.2e-04
 368700      1.11e-01      3.50e-03    1.2e-04
 368800      1.33e-01      4.21e-03    1.2e-04
 368900      1.06e-01      3.36e-03    1.2e-04
 369000      1.47e-01      4.64e-03    1.2e-04
 369100      1.47e-01      4.66e-03    1.2e-04
 369200      1.09e-01      3.46e-03    1.2e-04
 369300      1.18e-01      3.72e-03    1.2e-04
 369400      1.48e-01      4.68e-03    1.2e-04
 369500      1.20e-01      3.81e-03    1.2e-04
 369600      1.44e-01      4.56e-03    1.2e-04
 369700      1.32e-01      4.16e-03    1.2e-04
 369800      1.29e-01      4.09e-03    1.2e-04
 369900      1.17e-01      3.71e-03    1.2e-04
 370000      1.44e-01      4.56e-03    1.2e-04
 370100      1.04e-01      3.28e-03    1.2e-04
 370200      1.30e-01      4.10e-03    1.2e-04
 370300      1.20e-01      3.79e-03    1.2e-04
 370400      1.39e-01      4.40e-03    1.2e-04
 370500      1.25e-01      3.95e-03    1.2e-04
 370600      1.40e-01      4.43e-03    1.2e-04
 370700      1.41e-01      4.47e-03    1.2e-04
 370800      1.43e-01      4.52e-03    1.2e-04
 370900      1.15e-01      3.63e-03    1.2e-04
 371000      1.10e-01      3.49e-03    1.2e-04
 371100      1.00e-01      3.17e-03    1.2e-04
 371200      1.23e-01      3.89e-03    1.2e-04
 371300      1.57e-01      4.96e-03    1.2e-04
 371400      1.21e-01      3.84e-03    1.2e-04
 371500      1.14e-01      3.60e-03    1.2e-04
 371600      1.46e-01      4.62e-03    1.2e-04
 371700      1.15e-01      3.63e-03    1.2e-04
 371800      1.07e-01      3.40e-03    1.2e-04
 371900      1.45e-01      4.57e-03    1.2e-04
 372000      1.40e-01      4.42e-03    1.2e-04
 372100      1.06e-01      3.36e-03    1.2e-04
 372200      1.38e-01      4.38e-03    1.2e-04
 372300      1.49e-01      4.70e-03    1.2e-04
 372400      1.05e-01      3.31e-03    1.2e-04
 372500      1.36e-01      4.31e-03    1.2e-04
 372600      1.43e-01      4.52e-03    1.2e-04
 372700      1.51e-01      4.76e-03    1.2e-04
 372800      1.26e-01      3.97e-03    1.2e-04
 372900      1.40e-01      4.42e-03    1.2e-04
 373000      1.39e-01      4.39e-03    1.2e-04
 373100      1.50e-01      4.75e-03    1.2e-04
 373200      1.46e-01      4.61e-03    1.2e-04
 373300      1.42e-01      4.50e-03    1.2e-04
 373400      9.99e-02      3.16e-03    1.2e-04
 373500      1.51e-01      4.78e-03    1.2e-04
 373600      1.11e-01      3.50e-03    1.2e-04
 373700      1.48e-01      4.68e-03    1.2e-04
 373800      1.29e-01      4.08e-03    1.2e-04
 373900      1.25e-01      3.96e-03    1.2e-04
 374000      1.21e-01      3.81e-03    1.2e-04
 374100      1.17e-01      3.69e-03    1.2e-04
 374200      1.41e-01      4.46e-03    1.2e-04
 374300      1.63e-01      5.17e-03    1.2e-04
 374400      1.41e-01      4.47e-03    1.2e-04
 374500      1.52e-01      4.82e-03    1.2e-04
 374600      1.35e-01      4.28e-03    1.2e-04
 374700      1.63e-01      5.14e-03    1.2e-04
 374800      1.37e-01      4.32e-03    1.2e-04
 374900      1.11e-01      3.52e-03    1.2e-04
 375000      1.33e-01      4.20e-03    1.2e-04
 375100      1.27e-01      4.02e-03    1.2e-04
 375200      1.50e-01      4.76e-03    1.2e-04
 375300      1.16e-01      3.67e-03    1.2e-04
 375400      1.23e-01      3.89e-03    1.2e-04
 375500      1.15e-01      3.63e-03    1.2e-04
 375600      1.15e-01      3.62e-03    1.2e-04
 375700      1.30e-01      4.12e-03    1.2e-04
 375800      1.26e-01      4.00e-03    1.2e-04
 375900      1.50e-01      4.75e-03    1.2e-04
 376000      1.20e-01      3.81e-03    1.2e-04
 376100      1.34e-01      4.24e-03    1.2e-04
 376200      1.20e-01      3.78e-03    1.2e-04
 376300      1.53e-01      4.84e-03    1.2e-04
 376400      1.10e-01      3.48e-03    1.2e-04
 376500      1.27e-01      4.03e-03    1.2e-04
 376600      1.49e-01      4.70e-03    1.2e-04
 376700      1.43e-01      4.52e-03    1.2e-04
 376800      1.46e-01      4.63e-03    1.2e-04
 376900      1.43e-01      4.52e-03    1.2e-04
 377000      1.30e-01      4.12e-03    1.2e-04
 377100      1.54e-01      4.86e-03    1.2e-04
 377200      1.43e-01      4.51e-03    1.2e-04
 377300      1.38e-01      4.37e-03    1.2e-04
 377400      1.42e-01      4.48e-03    1.2e-04
 377500      1.32e-01      4.17e-03    1.2e-04
 377600      1.14e-01      3.61e-03    1.2e-04
 377700      1.46e-01      4.62e-03    1.2e-04
 377800      1.47e-01      4.65e-03    1.2e-04
 377900      1.63e-01      5.15e-03    1.2e-04
 378000      1.07e-01      3.37e-03    1.2e-04
 378100      1.43e-01      4.52e-03    1.2e-04
 378200      1.08e-01      3.42e-03    1.2e-04
 378300      1.06e-01      3.34e-03    1.2e-04
 378400      1.36e-01      4.31e-03    1.2e-04
 378500      1.06e-01      3.34e-03    1.2e-04
 378600      1.12e-01      3.55e-03    1.2e-04
 378700      1.50e-01      4.75e-03    1.2e-04
 378800      1.24e-01      3.94e-03    1.2e-04
 378900      1.28e-01      4.06e-03    1.2e-04
 379000      1.49e-01      4.71e-03    1.2e-04
 379100      1.58e-01      5.00e-03    1.2e-04
 379200      1.28e-01      4.04e-03    1.2e-04
 379300      1.36e-01      4.30e-03    1.2e-04
 379400      1.12e-01      3.55e-03    1.2e-04
 379500      1.17e-01      3.72e-03    1.2e-04
 379600      1.23e-01      3.89e-03    1.2e-04
 379700      1.06e-01      3.36e-03    1.2e-04
 379800      1.41e-01      4.46e-03    1.2e-04
 379900      1.26e-01      3.98e-03    1.2e-04
 380000      1.33e-01      4.22e-03    1.1e-04
 380100      1.36e-01      4.30e-03    1.1e-04
 380200      1.38e-01      4.38e-03    1.1e-04
 380300      1.17e-01      3.69e-03    1.1e-04
 380400      1.29e-01      4.07e-03    1.1e-04
 380500      1.37e-01      4.34e-03    1.1e-04
 380600      1.21e-01      3.81e-03    1.1e-04
 380700      1.33e-01      4.22e-03    1.1e-04
 380800      1.50e-01      4.74e-03    1.1e-04
 380900      1.08e-01      3.42e-03    1.1e-04
 381000      1.37e-01      4.34e-03    1.1e-04
 381100      1.27e-01      4.03e-03    1.1e-04
 381200      1.20e-01      3.79e-03    1.1e-04
 381300      1.31e-01      4.15e-03    1.1e-04
 381400      1.19e-01      3.76e-03    1.1e-04
 381500      1.23e-01      3.89e-03    1.1e-04
 381600      1.29e-01      4.08e-03    1.1e-04
 381700      1.34e-01      4.25e-03    1.1e-04
 381800      1.35e-01      4.25e-03    1.1e-04
 381900      1.26e-01      3.98e-03    1.1e-04
 382000      1.40e-01      4.43e-03    1.1e-04
 382100      1.34e-01      4.24e-03    1.1e-04
 382200      1.31e-01      4.15e-03    1.1e-04
 382300      1.14e-01      3.59e-03    1.1e-04
 382400      1.54e-01      4.88e-03    1.1e-04
 382500      1.11e-01      3.52e-03    1.1e-04
 382600      1.19e-01      3.75e-03    1.1e-04
 382700      1.40e-01      4.44e-03    1.1e-04
 382800      1.41e-01      4.45e-03    1.1e-04
 382900      1.31e-01      4.14e-03    1.1e-04
 383000      1.39e-01      4.40e-03    1.1e-04
 383100      1.37e-01      4.32e-03    1.1e-04
 383200      1.19e-01      3.77e-03    1.1e-04
 383300      1.32e-01      4.16e-03    1.1e-04
 383400      1.16e-01      3.66e-03    1.1e-04
 383500      1.41e-01      4.45e-03    1.1e-04
 383600      1.30e-01      4.13e-03    1.1e-04
 383700      1.51e-01      4.78e-03    1.1e-04
 383800      1.10e-01      3.49e-03    1.1e-04
 383900      1.10e-01      3.47e-03    1.1e-04
 384000      1.48e-01      4.67e-03    1.1e-04
 384100      1.16e-01      3.67e-03    1.1e-04
 384200      1.44e-01      4.54e-03    1.1e-04
 384300      1.21e-01      3.83e-03    1.1e-04
 384400      1.43e-01      4.51e-03    1.1e-04
 384500      1.07e-01      3.39e-03    1.1e-04
 384600      1.30e-01      4.12e-03    1.1e-04
 384700      1.15e-01      3.63e-03    1.1e-04
 384800      1.02e-01      3.23e-03    1.1e-04
 384900      1.33e-01      4.19e-03    1.1e-04
 385000      1.44e-01      4.55e-03    1.1e-04
 385100      1.41e-01      4.47e-03    1.1e-04
 385200      1.04e-01      3.28e-03    1.1e-04
 385300      1.32e-01      4.17e-03    1.1e-04
 385400      1.35e-01      4.27e-03    1.1e-04
 385500      1.10e-01      3.48e-03    1.1e-04
 385600      1.33e-01      4.19e-03    1.1e-04
 385700      1.04e-01      3.28e-03    1.1e-04
 385800      1.16e-01      3.65e-03    1.1e-04
 385900      1.10e-01      3.48e-03    1.1e-04
 386000      1.36e-01      4.32e-03    1.1e-04
 386100      1.48e-01      4.69e-03    1.1e-04
 386200      1.47e-01      4.64e-03    1.1e-04
 386300      1.27e-01      4.02e-03    1.1e-04
 386400      1.37e-01      4.34e-03    1.1e-04
 386500      1.08e-01      3.41e-03    1.1e-04
 386600      1.42e-01      4.48e-03    1.1e-04
 386700      1.27e-01      4.03e-03    1.1e-04
 386800      1.44e-01      4.56e-03    1.1e-04
 386900      1.44e-01      4.54e-03    1.1e-04
 387000      9.97e-02      3.15e-03    1.1e-04
 387100      1.20e-01      3.80e-03    1.1e-04
 387200      1.14e-01      3.60e-03    1.1e-04
 387300      1.42e-01      4.49e-03    1.1e-04
 387400      1.22e-01      3.87e-03    1.1e-04
 387500      1.36e-01      4.29e-03    1.1e-04
 387600      1.22e-01      3.87e-03    1.1e-04
 387700      1.29e-01      4.10e-03    1.1e-04
 387800      1.12e-01      3.55e-03    1.1e-04
 387900      1.58e-01      4.99e-03    1.1e-04
 388000      1.44e-01      4.57e-03    1.1e-04
 388100      1.37e-01      4.34e-03    1.1e-04
 388200      1.16e-01      3.68e-03    1.1e-04
 388300      1.45e-01      4.59e-03    1.1e-04
 388400      1.14e-01      3.61e-03    1.1e-04
 388500      1.35e-01      4.27e-03    1.1e-04
 388600      1.48e-01      4.67e-03    1.1e-04
 388700      1.07e-01      3.38e-03    1.1e-04
 388800      1.26e-01      3.99e-03    1.1e-04
 388900      1.26e-01      3.97e-03    1.1e-04
 389000      1.16e-01      3.66e-03    1.1e-04
 389100      1.34e-01      4.22e-03    1.1e-04
 389200      1.22e-01      3.85e-03    1.1e-04
 389300      1.54e-01      4.88e-03    1.1e-04
 389400      1.18e-01      3.74e-03    1.1e-04
 389500      1.03e-01      3.26e-03    1.1e-04
 389600      1.33e-01      4.22e-03    1.1e-04
 389700      1.05e-01      3.33e-03    1.1e-04
 389800      9.44e-02      2.99e-03    1.1e-04
 389900      1.58e-01      4.98e-03    1.1e-04
 390000      1.25e-01      3.97e-03    1.1e-04
 390100      1.54e-01      4.88e-03    1.1e-04
 390200      1.29e-01      4.09e-03    1.1e-04
 390300      1.56e-01      4.92e-03    1.1e-04
 390400      1.26e-01      3.98e-03    1.1e-04
 390500      1.41e-01      4.47e-03    1.1e-04
 390600      1.65e-01      5.23e-03    1.1e-04
 390700      1.54e-01      4.86e-03    1.1e-04
 390800      1.44e-01      4.54e-03    1.1e-04
 390900      1.43e-01      4.52e-03    1.1e-04
 391000      1.16e-01      3.66e-03    1.1e-04
 391100      1.51e-01      4.77e-03    1.1e-04
 391200      1.29e-01      4.09e-03    1.1e-04
 391300      1.65e-01      5.22e-03    1.1e-04
 391400      1.16e-01      3.66e-03    1.1e-04
 391500      9.84e-02      3.11e-03    1.1e-04
 391600      1.46e-01      4.62e-03    1.1e-04
 391700      1.25e-01      3.96e-03    1.1e-04
 391800      1.31e-01      4.15e-03    1.1e-04
 391900      1.20e-01      3.81e-03    1.1e-04
 392000      1.67e-01      5.27e-03    1.1e-04
 392100      1.44e-01      4.54e-03    1.1e-04
 392200      1.43e-01      4.54e-03    1.1e-04
 392300      1.23e-01      3.90e-03    1.1e-04
 392400      1.25e-01      3.95e-03    1.1e-04
 392500      1.54e-01      4.86e-03    1.1e-04
 392600      9.91e-02      3.14e-03    1.1e-04
 392700      1.47e-01      4.65e-03    1.1e-04
 392800      1.34e-01      4.23e-03    1.1e-04
 392900      1.25e-01      3.97e-03    1.1e-04
 393000      1.45e-01      4.59e-03    1.1e-04
 393100      1.38e-01      4.35e-03    1.1e-04
 393200      1.09e-01      3.46e-03    1.1e-04
 393300      1.18e-01      3.72e-03    1.1e-04
 393400      1.27e-01      4.02e-03    1.1e-04
 393500      1.31e-01      4.15e-03    1.1e-04
 393600      1.19e-01      3.76e-03    1.1e-04
 393700      1.44e-01      4.54e-03    1.1e-04
 393800      1.13e-01      3.57e-03    1.1e-04
 393900      1.35e-01      4.27e-03    1.1e-04
 394000      1.25e-01      3.95e-03    1.1e-04
 394100      1.36e-01      4.31e-03    1.1e-04
 394200      1.24e-01      3.91e-03    1.1e-04
 394300      1.16e-01      3.68e-03    1.1e-04
 394400      1.50e-01      4.74e-03    1.1e-04
 394500      1.14e-01      3.59e-03    1.1e-04
 394600      1.44e-01      4.56e-03    1.1e-04
 394700      9.73e-02      3.08e-03    1.1e-04
 394800      1.14e-01      3.60e-03    1.1e-04
 394900      1.32e-01      4.16e-03    1.1e-04
 395000      1.17e-01      3.70e-03    1.0e-04
 395100      1.13e-01      3.58e-03    1.0e-04
 395200      1.48e-01      4.67e-03    1.0e-04
 395300      1.08e-01      3.41e-03    1.0e-04
 395400      1.29e-01      4.07e-03    1.0e-04
 395500      1.42e-01      4.50e-03    1.0e-04
 395600      1.31e-01      4.13e-03    1.0e-04
 395700      1.40e-01      4.41e-03    1.0e-04
 395800      1.41e-01      4.45e-03    1.0e-04
 395900      1.26e-01      3.97e-03    1.0e-04
 396000      1.26e-01      3.98e-03    1.0e-04
 396100      1.28e-01      4.05e-03    1.0e-04
 396200      1.16e-01      3.68e-03    1.0e-04
 396300      1.43e-01      4.54e-03    1.0e-04
 396400      1.08e-01      3.40e-03    1.0e-04
 396500      1.08e-01      3.43e-03    1.0e-04
 396600      1.40e-01      4.42e-03    1.0e-04
 396700      1.53e-01      4.85e-03    1.0e-04
 396800      1.55e-01      4.89e-03    1.0e-04
 396900      1.42e-01      4.50e-03    1.0e-04
 397000      1.22e-01      3.87e-03    1.0e-04
 397100      1.40e-01      4.44e-03    1.0e-04
 397200      1.51e-01      4.78e-03    1.0e-04
 397300      1.20e-01      3.78e-03    1.0e-04
 397400      1.33e-01      4.20e-03    1.0e-04
 397500      1.48e-01      4.67e-03    1.0e-04
 397600      1.49e-01      4.70e-03    1.0e-04
 397700      1.36e-01      4.30e-03    1.0e-04
 397800      1.22e-01      3.85e-03    1.0e-04
 397900      1.10e-01      3.48e-03    1.0e-04
 398000      1.15e-01      3.63e-03    1.0e-04
 398100      1.20e-01      3.80e-03    1.0e-04
 398200      1.04e-01      3.29e-03    1.0e-04
 398300      1.58e-01      5.00e-03    1.0e-04
 398400      1.41e-01      4.46e-03    1.0e-04
 398500      1.07e-01      3.38e-03    1.0e-04
 398600      1.12e-01      3.55e-03    1.0e-04
 398700      1.46e-01      4.62e-03    1.0e-04
 398800      1.40e-01      4.43e-03    1.0e-04
 398900      1.46e-01      4.62e-03    1.0e-04
 399000      1.40e-01      4.43e-03    1.0e-04
 399100      1.31e-01      4.13e-03    1.0e-04
 399200      1.55e-01      4.90e-03    1.0e-04
 399300      1.28e-01      4.04e-03    1.0e-04
 399400      1.24e-01      3.92e-03    1.0e-04
 399500      1.27e-01      4.02e-03    1.0e-04
 399600      1.47e-01      4.65e-03    1.0e-04
 399700      1.41e-01      4.45e-03    1.0e-04
 399800      1.40e-01      4.42e-03    1.0e-04
 399900      1.41e-01      4.46e-03    1.0e-04
 400000      1.27e-01      4.03e-03    1.0e-04
 400100      1.11e-01      3.52e-03    1.0e-04
 400200      1.43e-01      4.51e-03    1.0e-04
 400300      1.02e-01      3.23e-03    1.0e-04
 400400      1.45e-01      4.59e-03    1.0e-04
 400500      1.49e-01      4.70e-03    1.0e-04
 400600      1.51e-01      4.79e-03    1.0e-04
 400700      1.52e-01      4.79e-03    1.0e-04
 400800      1.39e-01      4.38e-03    1.0e-04
 400900      1.13e-01      3.56e-03    1.0e-04
 401000      1.39e-01      4.39e-03    1.0e-04
 401100      1.19e-01      3.76e-03    1.0e-04
 401200      1.14e-01      3.60e-03    1.0e-04
 401300      1.14e-01      3.59e-03    1.0e-04
 401400      1.14e-01      3.60e-03    1.0e-04
 401500      1.10e-01      3.49e-03    1.0e-04
 401600      1.43e-01      4.53e-03    1.0e-04
 401700      1.18e-01      3.72e-03    1.0e-04
 401800      1.46e-01      4.62e-03    1.0e-04
 401900      1.23e-01      3.89e-03    1.0e-04
 402000      1.28e-01      4.04e-03    1.0e-04
 402100      1.36e-01      4.31e-03    1.0e-04
 402200      1.33e-01      4.20e-03    1.0e-04
 402300      1.01e-01      3.19e-03    1.0e-04
 402400      1.45e-01      4.60e-03    1.0e-04
 402500      1.17e-01      3.71e-03    1.0e-04
 402600      1.53e-01      4.83e-03    1.0e-04
 402700      1.40e-01      4.42e-03    1.0e-04
 402800      1.41e-01      4.46e-03    1.0e-04
 402900      1.46e-01      4.62e-03    1.0e-04
 403000      1.34e-01      4.23e-03    1.0e-04
 403100      1.06e-01      3.35e-03    1.0e-04
 403200      1.43e-01      4.53e-03    1.0e-04
 403300      1.40e-01      4.44e-03    1.0e-04
 403400      1.50e-01      4.74e-03    1.0e-04
 403500      1.20e-01      3.78e-03    1.0e-04
 403600      1.40e-01      4.42e-03    1.0e-04
 403700      1.45e-01      4.60e-03    1.0e-04
 403800      1.24e-01      3.91e-03    1.0e-04
 403900      1.28e-01      4.05e-03    1.0e-04
 404000      1.45e-01      4.60e-03    1.0e-04
 404100      1.49e-01      4.71e-03    1.0e-04
 404200      1.01e-01      3.20e-03    1.0e-04
 404300      1.63e-01      5.17e-03    1.0e-04
 404400      9.99e-02      3.16e-03    1.0e-04
 404500      1.18e-01      3.72e-03    1.0e-04
 404600      1.35e-01      4.26e-03    1.0e-04
 404700      1.10e-01      3.48e-03    1.0e-04
 404800      1.30e-01      4.11e-03    1.0e-04
 404900      1.05e-01      3.33e-03    1.0e-04
 405000      1.18e-01      3.72e-03    9.7e-05
 405100      1.12e-01      3.55e-03    9.7e-05
 405200      1.42e-01      4.50e-03    9.7e-05
 405300      1.49e-01      4.70e-03    9.7e-05
 405400      1.24e-01      3.93e-03    9.7e-05
 405500      1.23e-01      3.89e-03    9.7e-05
 405600      1.11e-01      3.51e-03    9.7e-05
 405700      1.43e-01      4.53e-03    9.7e-05
 405800      1.36e-01      4.31e-03    9.7e-05
 405900      1.48e-01      4.70e-03    9.7e-05
 406000      1.31e-01      4.14e-03    9.7e-05
 406100      1.28e-01      4.06e-03    9.7e-05
 406200      1.48e-01      4.68e-03    9.7e-05
 406300      1.01e-01      3.19e-03    9.7e-05
 406400      1.44e-01      4.55e-03    9.7e-05
 406500      1.34e-01      4.23e-03    9.7e-05
 406600      1.33e-01      4.19e-03    9.7e-05
 406700      1.63e-01      5.17e-03    9.7e-05
 406800      1.10e-01      3.47e-03    9.7e-05
 406900      1.56e-01      4.92e-03    9.7e-05
 407000      1.33e-01      4.20e-03    9.7e-05
 407100      1.33e-01      4.22e-03    9.7e-05
 407200      1.61e-01      5.10e-03    9.7e-05
 407300      1.33e-01      4.22e-03    9.7e-05
 407400      1.36e-01      4.29e-03    9.7e-05
 407500      1.09e-01      3.43e-03    9.7e-05
 407600      1.31e-01      4.13e-03    9.7e-05
 407700      1.15e-01      3.63e-03    9.7e-05
 407800      1.37e-01      4.35e-03    9.7e-05
 407900      1.33e-01      4.20e-03    9.7e-05
 408000      1.25e-01      3.95e-03    9.7e-05
 408100      1.28e-01      4.06e-03    9.7e-05
 408200      1.35e-01      4.26e-03    9.7e-05
 408300      9.69e-02      3.06e-03    9.7e-05
 408400      1.32e-01      4.16e-03    9.7e-05
 408500      1.45e-01      4.59e-03    9.7e-05
 408600      1.48e-01      4.69e-03    9.7e-05
 408700      1.34e-01      4.24e-03    9.7e-05
 408800      1.58e-01      4.98e-03    9.7e-05
 408900      1.13e-01      3.57e-03    9.7e-05
 409000      1.07e-01      3.39e-03    9.7e-05
 409100      1.50e-01      4.75e-03    9.7e-05
 409200      1.17e-01      3.71e-03    9.7e-05
 409300      1.19e-01      3.76e-03    9.7e-05
 409400      1.32e-01      4.18e-03    9.7e-05
 409500      1.65e-01      5.21e-03    9.7e-05
 409600      1.00e-01      3.16e-03    9.7e-05
 409700      1.13e-01      3.58e-03    9.7e-05
 409800      1.33e-01      4.20e-03    9.7e-05
 409900      1.13e-01      3.58e-03    9.7e-05
 410000      9.99e-02      3.16e-03    9.4e-05
 410100      1.22e-01      3.87e-03    9.4e-05
 410200      1.42e-01      4.49e-03    9.4e-05
 410300      1.31e-01      4.14e-03    9.4e-05
 410400      1.47e-01      4.65e-03    9.4e-05
 410500      1.55e-01      4.90e-03    9.4e-05
 410600      1.07e-01      3.39e-03    9.4e-05
 410700      1.23e-01      3.89e-03    9.4e-05
 410800      1.42e-01      4.48e-03    9.4e-05
 410900      1.44e-01      4.56e-03    9.4e-05
 411000      1.47e-01      4.64e-03    9.4e-05
 411100      1.20e-01      3.80e-03    9.4e-05
 411200      1.47e-01      4.64e-03    9.4e-05
 411300      1.16e-01      3.68e-03    9.4e-05
 411400      1.16e-01      3.66e-03    9.4e-05
 411500      1.43e-01      4.51e-03    9.4e-05
 411600      1.35e-01      4.27e-03    9.4e-05
 411700      1.25e-01      3.95e-03    9.4e-05
 411800      1.35e-01      4.26e-03    9.4e-05
 411900      1.20e-01      3.80e-03    9.4e-05
 412000      1.36e-01      4.30e-03    9.4e-05
 412100      1.22e-01      3.85e-03    9.4e-05
 412200      1.49e-01      4.70e-03    9.4e-05
 412300      1.04e-01      3.30e-03    9.4e-05
 412400      1.23e-01      3.89e-03    9.4e-05
 412500      1.42e-01      4.50e-03    9.4e-05
 412600      1.28e-01      4.04e-03    9.4e-05
 412700      1.36e-01      4.29e-03    9.4e-05
 412800      1.34e-01      4.24e-03    9.4e-05
 412900      1.30e-01      4.12e-03    9.4e-05
 413000      1.58e-01      4.99e-03    9.4e-05
 413100      1.12e-01      3.54e-03    9.4e-05
 413200      1.49e-01      4.70e-03    9.4e-05
 413300      1.06e-01      3.34e-03    9.4e-05
 413400      1.10e-01      3.49e-03    9.4e-05
 413500      1.41e-01      4.46e-03    9.4e-05
 413600      1.57e-01      4.96e-03    9.4e-05
 413700      1.35e-01      4.26e-03    9.4e-05
 413800      1.22e-01      3.87e-03    9.4e-05
 413900      1.22e-01      3.84e-03    9.4e-05
 414000      1.39e-01      4.39e-03    9.4e-05
 414100      1.49e-01      4.70e-03    9.4e-05
 414200      1.32e-01      4.18e-03    9.4e-05
 414300      1.27e-01      4.01e-03    9.4e-05
 414400      1.49e-01      4.72e-03    9.4e-05
 414500      1.37e-01      4.32e-03    9.4e-05
 414600      1.42e-01      4.47e-03    9.4e-05
 414700      1.40e-01      4.42e-03    9.4e-05
 414800      1.54e-01      4.87e-03    9.4e-05
 414900      1.17e-01      3.70e-03    9.4e-05
 415000      1.49e-01      4.71e-03    9.2e-05
 415100      1.28e-01      4.06e-03    9.2e-05
 415200      1.21e-01      3.83e-03    9.2e-05
 415300      1.26e-01      3.99e-03    9.2e-05
 415400      1.22e-01      3.85e-03    9.2e-05
 415500      1.38e-01      4.38e-03    9.2e-05
 415600      1.22e-01      3.85e-03    9.2e-05
 415700      1.29e-01      4.09e-03    9.2e-05
 415800      1.29e-01      4.09e-03    9.2e-05
 415900      1.28e-01      4.05e-03    9.2e-05
 416000      1.23e-01      3.88e-03    9.2e-05
 416100      1.28e-01      4.06e-03    9.2e-05
 416200      1.07e-01      3.40e-03    9.2e-05
 416300      1.40e-01      4.42e-03    9.2e-05
 416400      1.31e-01      4.13e-03    9.2e-05
 416500      1.25e-01      3.95e-03    9.2e-05
 416600      1.20e-01      3.78e-03    9.2e-05
 416700      1.38e-01      4.37e-03    9.2e-05
 416800      1.09e-01      3.44e-03    9.2e-05
 416900      1.11e-01      3.50e-03    9.2e-05
 417000      1.26e-01      3.98e-03    9.2e-05
 417100      1.57e-01      4.98e-03    9.2e-05
 417200      1.47e-01      4.66e-03    9.2e-05
 417300      1.38e-01      4.36e-03    9.2e-05
 417400      1.40e-01      4.41e-03    9.2e-05
 417500      1.25e-01      3.94e-03    9.2e-05
 417600      1.49e-01      4.71e-03    9.2e-05
 417700      1.37e-01      4.34e-03    9.2e-05
 417800      1.30e-01      4.11e-03    9.2e-05
 417900      1.38e-01      4.35e-03    9.2e-05
 418000      1.49e-01      4.72e-03    9.2e-05
 418100      1.18e-01      3.72e-03    9.2e-05
 418200      1.45e-01      4.57e-03    9.2e-05
 418300      1.27e-01      4.01e-03    9.2e-05
 418400      1.30e-01      4.13e-03    9.2e-05
 418500      1.16e-01      3.68e-03    9.2e-05
 418600      1.31e-01      4.13e-03    9.2e-05
 418700      1.38e-01      4.36e-03    9.2e-05
 418800      1.27e-01      4.03e-03    9.2e-05
 418900      1.34e-01      4.23e-03    9.2e-05
 419000      1.18e-01      3.74e-03    9.2e-05
 419100      1.18e-01      3.75e-03    9.2e-05
 419200      1.29e-01      4.09e-03    9.2e-05
 419300      1.50e-01      4.75e-03    9.2e-05
 419400      1.16e-01      3.67e-03    9.2e-05
 419500      1.20e-01      3.78e-03    9.2e-05
 419600      1.04e-01      3.30e-03    9.2e-05
 419700      1.23e-01      3.88e-03    9.2e-05
 419800      1.17e-01      3.70e-03    9.2e-05
 419900      1.19e-01      3.75e-03    9.2e-05
 420000      1.06e-01      3.34e-03    8.9e-05
 420100      1.46e-01      4.61e-03    8.9e-05
 420200      1.59e-01      5.03e-03    8.9e-05
 420300      1.48e-01      4.69e-03    8.9e-05
 420400      1.07e-01      3.37e-03    8.9e-05
 420500      1.02e-01      3.23e-03    8.9e-05
 420600      1.49e-01      4.72e-03    8.9e-05
 420700      1.26e-01      3.98e-03    8.9e-05
 420800      1.51e-01      4.76e-03    8.9e-05
 420900      9.99e-02      3.16e-03    8.9e-05
 421000      1.40e-01      4.42e-03    8.9e-05
 421100      1.21e-01      3.82e-03    8.9e-05
 421200      1.25e-01      3.94e-03    8.9e-05
 421300      1.18e-01      3.73e-03    8.9e-05
 421400      1.52e-01      4.82e-03    8.9e-05
 421500      1.37e-01      4.34e-03    8.9e-05
 421600      1.06e-01      3.36e-03    8.9e-05
 421700      1.59e-01      5.01e-03    8.9e-05
 421800      1.44e-01      4.54e-03    8.9e-05
 421900      1.41e-01      4.47e-03    8.9e-05
 422000      1.49e-01      4.70e-03    8.9e-05
 422100      1.15e-01      3.64e-03    8.9e-05
 422200      1.05e-01      3.31e-03    8.9e-05
 422300      1.29e-01      4.08e-03    8.9e-05
 422400      1.36e-01      4.32e-03    8.9e-05
 422500      1.28e-01      4.04e-03    8.9e-05
 422600      1.52e-01      4.81e-03    8.9e-05
 422700      1.14e-01      3.60e-03    8.9e-05
 422800      1.19e-01      3.75e-03    8.9e-05
 422900      1.38e-01      4.36e-03    8.9e-05
 423000      1.44e-01      4.54e-03    8.9e-05
 423100      1.50e-01      4.75e-03    8.9e-05
 423200      1.44e-01      4.56e-03    8.9e-05
 423300      1.39e-01      4.40e-03    8.9e-05
 423400      1.09e-01      3.44e-03    8.9e-05
 423500      1.44e-01      4.54e-03    8.9e-05
 423600      1.17e-01      3.70e-03    8.9e-05
 423700      1.51e-01      4.79e-03    8.9e-05
 423800      1.40e-01      4.42e-03    8.9e-05
 423900      1.20e-01      3.78e-03    8.9e-05
 424000      1.13e-01      3.56e-03    8.9e-05
 424100      9.46e-02      2.99e-03    8.9e-05
 424200      1.16e-01      3.67e-03    8.9e-05
 424300      1.24e-01      3.91e-03    8.9e-05
 424400      1.06e-01      3.37e-03    8.9e-05
 424500      1.32e-01      4.19e-03    8.9e-05
 424600      1.37e-01      4.35e-03    8.9e-05
 424700      1.24e-01      3.91e-03    8.9e-05
 424800      1.08e-01      3.42e-03    8.9e-05
 424900      1.18e-01      3.74e-03    8.9e-05
 425000      1.43e-01      4.52e-03    8.7e-05
 425100      1.35e-01      4.25e-03    8.7e-05
 425200      1.43e-01      4.53e-03    8.7e-05
 425300      1.33e-01      4.22e-03    8.7e-05
 425400      1.18e-01      3.72e-03    8.7e-05
 425500      1.37e-01      4.32e-03    8.7e-05
 425600      1.48e-01      4.69e-03    8.7e-05
 425700      1.64e-01      5.19e-03    8.7e-05
 425800      1.10e-01      3.47e-03    8.7e-05
 425900      1.46e-01      4.62e-03    8.7e-05
 426000      1.24e-01      3.92e-03    8.7e-05
 426100      1.39e-01      4.40e-03    8.7e-05
 426200      1.35e-01      4.27e-03    8.7e-05
 426300      1.55e-01      4.92e-03    8.7e-05
 426400      1.45e-01      4.59e-03    8.7e-05
 426500      1.47e-01      4.64e-03    8.7e-05
 426600      1.06e-01      3.35e-03    8.7e-05
 426700      1.43e-01      4.51e-03    8.7e-05
 426800      1.47e-01      4.64e-03    8.7e-05
 426900      1.23e-01      3.89e-03    8.7e-05
 427000      1.59e-01      5.02e-03    8.7e-05
 427100      1.22e-01      3.85e-03    8.7e-05
 427200      1.14e-01      3.61e-03    8.7e-05
 427300      1.17e-01      3.70e-03    8.7e-05
 427400      1.14e-01      3.60e-03    8.7e-05
 427500      1.51e-01      4.79e-03    8.7e-05
 427600      1.32e-01      4.19e-03    8.7e-05
 427700      1.34e-01      4.24e-03    8.7e-05
 427800      1.13e-01      3.57e-03    8.7e-05
 427900      1.14e-01      3.60e-03    8.7e-05
 428000      1.37e-01      4.35e-03    8.7e-05
 428100      1.39e-01      4.40e-03    8.7e-05
 428200      1.29e-01      4.08e-03    8.7e-05
 428300      1.16e-01      3.66e-03    8.7e-05
 428400      1.08e-01      3.43e-03    8.7e-05
 428500      1.14e-01      3.61e-03    8.7e-05
 428600      1.47e-01      4.66e-03    8.7e-05
 428700      1.43e-01      4.53e-03    8.7e-05
 428800      1.29e-01      4.07e-03    8.7e-05
 428900      1.28e-01      4.05e-03    8.7e-05
 429000      1.29e-01      4.07e-03    8.7e-05
 429100      1.18e-01      3.72e-03    8.7e-05
 429200      1.44e-01      4.56e-03    8.7e-05
 429300      1.03e-01      3.26e-03    8.7e-05
 429400      1.33e-01      4.21e-03    8.7e-05
 429500      1.43e-01      4.51e-03    8.7e-05
 429600      1.18e-01      3.75e-03    8.7e-05
 429700      1.25e-01      3.94e-03    8.7e-05
 429800      1.40e-01      4.42e-03    8.7e-05
 429900      1.08e-01      3.40e-03    8.7e-05
 430000      1.31e-01      4.14e-03    8.4e-05
 430100      1.36e-01      4.30e-03    8.4e-05
 430200      1.46e-01      4.62e-03    8.4e-05
 430300      1.06e-01      3.35e-03    8.4e-05
 430400      1.35e-01      4.26e-03    8.4e-05
 430500      1.37e-01      4.34e-03    8.4e-05
 430600      1.31e-01      4.14e-03    8.4e-05
 430700      1.00e-01      3.17e-03    8.4e-05
 430800      1.10e-01      3.48e-03    8.4e-05
 430900      1.13e-01      3.57e-03    8.4e-05
 431000      1.34e-01      4.25e-03    8.4e-05
 431100      1.15e-01      3.62e-03    8.4e-05
 431200      1.41e-01      4.47e-03    8.4e-05
 431300      1.11e-01      3.50e-03    8.4e-05
 431400      1.19e-01      3.76e-03    8.4e-05
 431500      1.22e-01      3.86e-03    8.4e-05
 431600      1.11e-01      3.51e-03    8.4e-05
 431700      1.17e-01      3.69e-03    8.4e-05
 431800      1.13e-01      3.57e-03    8.4e-05
 431900      1.16e-01      3.68e-03    8.4e-05
 432000      1.38e-01      4.37e-03    8.4e-05
 432100      1.26e-01      4.00e-03    8.4e-05
 432200      1.16e-01      3.68e-03    8.4e-05
 432300      1.33e-01      4.19e-03    8.4e-05
 432400      1.04e-01      3.30e-03    8.4e-05
 432500      1.48e-01      4.67e-03    8.4e-05
 432600      1.19e-01      3.75e-03    8.4e-05
 432700      1.19e-01      3.77e-03    8.4e-05
 432800      1.37e-01      4.34e-03    8.4e-05
 432900      1.13e-01      3.56e-03    8.4e-05
 433000      1.58e-01      4.99e-03    8.4e-05
 433100      1.12e-01      3.54e-03    8.4e-05
 433200      1.38e-01      4.35e-03    8.4e-05
 433300      1.27e-01      4.02e-03    8.4e-05
 433400      1.45e-01      4.59e-03    8.4e-05
 433500      1.04e-01      3.30e-03    8.4e-05
 433600      1.14e-01      3.62e-03    8.4e-05
 433700      1.32e-01      4.17e-03    8.4e-05
 433800      1.42e-01      4.50e-03    8.4e-05
 433900      1.50e-01      4.73e-03    8.4e-05
 434000      1.18e-01      3.73e-03    8.4e-05
 434100      1.22e-01      3.85e-03    8.4e-05
 434200      1.40e-01      4.41e-03    8.4e-05
 434300      1.21e-01      3.84e-03    8.4e-05
 434400      1.47e-01      4.65e-03    8.4e-05
 434500      1.16e-01      3.65e-03    8.4e-05
 434600      1.40e-01      4.43e-03    8.4e-05
 434700      1.30e-01      4.13e-03    8.4e-05
 434800      1.35e-01      4.27e-03    8.4e-05
 434900      1.15e-01      3.63e-03    8.4e-05
 435000      1.23e-01      3.89e-03    8.2e-05
 435100      1.27e-01      4.03e-03    8.2e-05
 435200      1.21e-01      3.83e-03    8.2e-05
 435300      1.46e-01      4.63e-03    8.2e-05
 435400      1.49e-01      4.71e-03    8.2e-05
 435500      1.41e-01      4.44e-03    8.2e-05
 435600      1.27e-01      4.02e-03    8.2e-05
 435700      1.58e-01      4.98e-03    8.2e-05
 435800      1.16e-01      3.68e-03    8.2e-05
 435900      1.40e-01      4.41e-03    8.2e-05
 436000      1.36e-01      4.30e-03    8.2e-05
 436100      1.40e-01      4.44e-03    8.2e-05
 436200      1.02e-01      3.23e-03    8.2e-05
 436300      1.08e-01      3.41e-03    8.2e-05
 436400      1.37e-01      4.33e-03    8.2e-05
 436500      1.15e-01      3.64e-03    8.2e-05
 436600      1.46e-01      4.62e-03    8.2e-05
 436700      1.11e-01      3.51e-03    8.2e-05
 436800      1.53e-01      4.83e-03    8.2e-05
 436900      1.26e-01      4.00e-03    8.2e-05
 437000      1.12e-01      3.55e-03    8.2e-05
 437100      1.32e-01      4.17e-03    8.2e-05
 437200      1.39e-01      4.40e-03    8.2e-05
 437300      1.17e-01      3.69e-03    8.2e-05
 437400      1.50e-01      4.74e-03    8.2e-05
 437500      1.19e-01      3.77e-03    8.2e-05
 437600      1.46e-01      4.60e-03    8.2e-05
 437700      1.49e-01      4.71e-03    8.2e-05
 437800      1.47e-01      4.65e-03    8.2e-05
 437900      1.45e-01      4.58e-03    8.2e-05
 438000      1.06e-01      3.36e-03    8.2e-05
 438100      1.31e-01      4.13e-03    8.2e-05
 438200      1.03e-01      3.26e-03    8.2e-05
 438300      1.41e-01      4.46e-03    8.2e-05
 438400      1.59e-01      5.03e-03    8.2e-05
 438500      1.35e-01      4.26e-03    8.2e-05
 438600      1.38e-01      4.35e-03    8.2e-05
 438700      1.42e-01      4.50e-03    8.2e-05
 438800      1.37e-01      4.32e-03    8.2e-05
 438900      1.59e-01      5.02e-03    8.2e-05
 439000      1.25e-01      3.95e-03    8.2e-05
 439100      1.03e-01      3.26e-03    8.2e-05
 439200      1.22e-01      3.85e-03    8.2e-05
 439300      1.53e-01      4.83e-03    8.2e-05
 439400      1.16e-01      3.66e-03    8.2e-05
 439500      1.36e-01      4.29e-03    8.2e-05
 439600      1.17e-01      3.71e-03    8.2e-05
 439700      1.26e-01      3.98e-03    8.2e-05
 439800      1.60e-01      5.05e-03    8.2e-05
 439900      1.44e-01      4.57e-03    8.2e-05
 440000      1.45e-01      4.59e-03    7.9e-05
 440100      1.09e-01      3.45e-03    7.9e-05
 440200      1.54e-01      4.88e-03    7.9e-05
 440300      1.37e-01      4.32e-03    7.9e-05
 440400      1.32e-01      4.16e-03    7.9e-05
 440500      1.46e-01      4.63e-03    7.9e-05
 440600      1.43e-01      4.51e-03    7.9e-05
 440700      1.34e-01      4.24e-03    7.9e-05
 440800      1.39e-01      4.39e-03    7.9e-05
 440900      1.42e-01      4.49e-03    7.9e-05
 441000      1.56e-01      4.94e-03    7.9e-05
 441100      1.14e-01      3.61e-03    7.9e-05
 441200      9.93e-02      3.14e-03    7.9e-05
 441300      1.03e-01      3.24e-03    7.9e-05
 441400      1.24e-01      3.93e-03    7.9e-05
 441500      1.32e-01      4.19e-03    7.9e-05
 441600      1.33e-01      4.19e-03    7.9e-05
 441700      1.26e-01      3.99e-03    7.9e-05
 441800      1.39e-01      4.41e-03    7.9e-05
 441900      1.19e-01      3.77e-03    7.9e-05
 442000      1.48e-01      4.70e-03    7.9e-05
 442100      1.41e-01      4.45e-03    7.9e-05
 442200      1.22e-01      3.86e-03    7.9e-05
 442300      1.15e-01      3.65e-03    7.9e-05
 442400      1.16e-01      3.67e-03    7.9e-05
 442500      1.40e-01      4.43e-03    7.9e-05
 442600      1.32e-01      4.16e-03    7.9e-05
 442700      1.34e-01      4.23e-03    7.9e-05
 442800      1.38e-01      4.37e-03    7.9e-05
 442900      1.38e-01      4.35e-03    7.9e-05
 443000      1.17e-01      3.70e-03    7.9e-05
 443100      1.20e-01      3.81e-03    7.9e-05
 443200      1.43e-01      4.53e-03    7.9e-05
 443300      1.35e-01      4.28e-03    7.9e-05
 443400      1.01e-01      3.21e-03    7.9e-05
 443500      1.31e-01      4.15e-03    7.9e-05
 443600      1.34e-01      4.25e-03    7.9e-05
 443700      1.24e-01      3.92e-03    7.9e-05
 443800      1.50e-01      4.75e-03    7.9e-05
 443900      1.55e-01      4.89e-03    7.9e-05
 444000      1.38e-01      4.35e-03    7.9e-05
 444100      1.50e-01      4.73e-03    7.9e-05
 444200      9.86e-02      3.12e-03    7.9e-05
 444300      1.40e-01      4.43e-03    7.9e-05
 444400      1.37e-01      4.35e-03    7.9e-05
 444500      1.17e-01      3.69e-03    7.9e-05
 444600      1.19e-01      3.76e-03    7.9e-05
 444700      1.18e-01      3.72e-03    7.9e-05
 444800      1.23e-01      3.89e-03    7.9e-05
 444900      1.55e-01      4.91e-03    7.9e-05
 445000      1.53e-01      4.84e-03    7.7e-05
 445100      1.25e-01      3.95e-03    7.7e-05
 445200      1.06e-01      3.36e-03    7.7e-05
 445300      1.50e-01      4.74e-03    7.7e-05
 445400      1.24e-01      3.93e-03    7.7e-05
 445500      1.37e-01      4.34e-03    7.7e-05
 445600      1.05e-01      3.33e-03    7.7e-05
 445700      1.39e-01      4.41e-03    7.7e-05
 445800      1.09e-01      3.46e-03    7.7e-05
 445900      1.39e-01      4.38e-03    7.7e-05
 446000      1.24e-01      3.91e-03    7.7e-05
 446100      1.26e-01      3.99e-03    7.7e-05
 446200      1.46e-01      4.62e-03    7.7e-05
 446300      1.08e-01      3.41e-03    7.7e-05
 446400      1.14e-01      3.59e-03    7.7e-05
 446500      1.40e-01      4.44e-03    7.7e-05
 446600      1.23e-01      3.90e-03    7.7e-05
 446700      1.28e-01      4.04e-03    7.7e-05
 446800      1.47e-01      4.66e-03    7.7e-05
 446900      1.23e-01      3.90e-03    7.7e-05
 447000      1.11e-01      3.52e-03    7.7e-05
 447100      1.26e-01      3.97e-03    7.7e-05
 447200      1.41e-01      4.47e-03    7.7e-05
 447300      1.48e-01      4.69e-03    7.7e-05
 447400      1.51e-01      4.79e-03    7.7e-05
 447500      1.29e-01      4.07e-03    7.7e-05
 447600      1.22e-01      3.87e-03    7.7e-05
 447700      1.37e-01      4.34e-03    7.7e-05
 447800      1.64e-01      5.17e-03    7.7e-05
 447900      1.24e-01      3.91e-03    7.7e-05
 448000      1.25e-01      3.97e-03    7.7e-05
 448100      1.27e-01      4.01e-03    7.7e-05
 448200      1.36e-01      4.31e-03    7.7e-05
 448300      1.52e-01      4.82e-03    7.7e-05
 448400      1.36e-01      4.30e-03    7.7e-05
 448500      1.48e-01      4.67e-03    7.7e-05
 448600      1.21e-01      3.83e-03    7.7e-05
 448700      1.39e-01      4.41e-03    7.7e-05
 448800      1.29e-01      4.08e-03    7.7e-05
 448900      1.50e-01      4.73e-03    7.7e-05
 449000      1.31e-01      4.15e-03    7.7e-05
 449100      1.33e-01      4.21e-03    7.7e-05
 449200      1.44e-01      4.55e-03    7.7e-05
 449300      1.50e-01      4.75e-03    7.7e-05
 449400      1.38e-01      4.36e-03    7.7e-05
 449500      1.29e-01      4.08e-03    7.7e-05
 449600      1.51e-01      4.77e-03    7.7e-05
 449700      1.03e-01      3.25e-03    7.7e-05
 449800      1.31e-01      4.14e-03    7.7e-05
 449900      1.42e-01      4.50e-03    7.7e-05
 450000      1.11e-01      3.51e-03    7.5e-05
 450100      1.36e-01      4.29e-03    7.5e-05
 450200      1.39e-01      4.40e-03    7.5e-05
 450300      1.34e-01      4.23e-03    7.5e-05
 450400      1.53e-01      4.82e-03    7.5e-05
 450500      1.10e-01      3.49e-03    7.5e-05
 450600      1.18e-01      3.72e-03    7.5e-05
 450700      1.44e-01      4.54e-03    7.5e-05
 450800      1.47e-01      4.64e-03    7.5e-05
 450900      1.21e-01      3.81e-03    7.5e-05
 451000      1.09e-01      3.43e-03    7.5e-05
 451100      1.24e-01      3.92e-03    7.5e-05
 451200      1.37e-01      4.34e-03    7.5e-05
 451300      1.58e-01      5.00e-03    7.5e-05
 451400      1.52e-01      4.80e-03    7.5e-05
 451500      1.10e-01      3.47e-03    7.5e-05
 451600      1.07e-01      3.39e-03    7.5e-05
 451700      1.40e-01      4.43e-03    7.5e-05
 451800      1.19e-01      3.77e-03    7.5e-05
 451900      1.35e-01      4.27e-03    7.5e-05
 452000      1.46e-01      4.60e-03    7.5e-05
 452100      1.44e-01      4.57e-03    7.5e-05
 452200      1.32e-01      4.19e-03    7.5e-05
 452300      1.55e-01      4.92e-03    7.5e-05
 452400      1.17e-01      3.71e-03    7.5e-05
 452500      1.48e-01      4.68e-03    7.5e-05
 452600      1.39e-01      4.38e-03    7.5e-05
 452700      1.09e-01      3.44e-03    7.5e-05
 452800      1.44e-01      4.56e-03    7.5e-05
 452900      1.17e-01      3.69e-03    7.5e-05
 453000      1.36e-01      4.30e-03    7.5e-05
 453100      1.53e-01      4.83e-03    7.5e-05
 453200      1.20e-01      3.79e-03    7.5e-05
 453300      1.34e-01      4.23e-03    7.5e-05
 453400      1.35e-01      4.27e-03    7.5e-05
 453500      1.05e-01      3.33e-03    7.5e-05
 453600      1.11e-01      3.50e-03    7.5e-05
 453700      1.31e-01      4.14e-03    7.5e-05
 453800      1.27e-01      4.00e-03    7.5e-05
 453900      1.19e-01      3.76e-03    7.5e-05
 454000      1.29e-01      4.09e-03    7.5e-05
 454100      1.33e-01      4.22e-03    7.5e-05
 454200      1.38e-01      4.36e-03    7.5e-05
 454300      1.36e-01      4.29e-03    7.5e-05
 454400      1.33e-01      4.19e-03    7.5e-05
 454500      1.09e-01      3.43e-03    7.5e-05
 454600      9.81e-02      3.10e-03    7.5e-05
 454700      1.10e-01      3.49e-03    7.5e-05
 454800      1.27e-01      4.02e-03    7.5e-05
 454900      1.50e-01      4.73e-03    7.5e-05
 455000      1.32e-01      4.18e-03    7.3e-05
 455100      1.28e-01      4.05e-03    7.3e-05
 455200      1.10e-01      3.48e-03    7.3e-05
 455300      1.55e-01      4.91e-03    7.3e-05
 455400      1.22e-01      3.85e-03    7.3e-05
 455500      1.38e-01      4.37e-03    7.3e-05
 455600      1.17e-01      3.70e-03    7.3e-05
 455700      1.30e-01      4.13e-03    7.3e-05
 455800      1.26e-01      3.99e-03    7.3e-05
 455900      1.33e-01      4.21e-03    7.3e-05
 456000      1.42e-01      4.48e-03    7.3e-05
 456100      1.45e-01      4.60e-03    7.3e-05
 456200      1.45e-01      4.59e-03    7.3e-05
 456300      1.08e-01      3.42e-03    7.3e-05
 456400      1.27e-01      4.01e-03    7.3e-05
 456500      1.13e-01      3.59e-03    7.3e-05
 456600      1.41e-01      4.45e-03    7.3e-05
 456700      1.36e-01      4.29e-03    7.3e-05
 456800      1.03e-01      3.27e-03    7.3e-05
 456900      1.44e-01      4.56e-03    7.3e-05
 457000      1.38e-01      4.38e-03    7.3e-05
 457100      1.19e-01      3.77e-03    7.3e-05
 457200      1.36e-01      4.30e-03    7.3e-05
 457300      1.47e-01      4.63e-03    7.3e-05
 457400      1.34e-01      4.24e-03    7.3e-05
 457500      1.40e-01      4.42e-03    7.3e-05
 457600      9.94e-02      3.14e-03    7.3e-05
 457700      9.91e-02      3.13e-03    7.3e-05
 457800      1.46e-01      4.62e-03    7.3e-05
 457900      1.44e-01      4.56e-03    7.3e-05
 458000      1.47e-01      4.66e-03    7.3e-05
 458100      1.52e-01      4.80e-03    7.3e-05
 458200      1.21e-01      3.81e-03    7.3e-05
 458300      1.32e-01      4.18e-03    7.3e-05
 458400      1.33e-01      4.21e-03    7.3e-05
 458500      1.42e-01      4.48e-03    7.3e-05
 458600      1.35e-01      4.28e-03    7.3e-05
 458700      1.43e-01      4.52e-03    7.3e-05
 458800      1.20e-01      3.79e-03    7.3e-05
 458900      1.49e-01      4.72e-03    7.3e-05
 459000      1.37e-01      4.32e-03    7.3e-05
 459100      1.19e-01      3.78e-03    7.3e-05
 459200      1.40e-01      4.42e-03    7.3e-05
 459300      1.51e-01      4.78e-03    7.3e-05
 459400      1.06e-01      3.36e-03    7.3e-05
 459500      1.39e-01      4.40e-03    7.3e-05
 459600      1.49e-01      4.71e-03    7.3e-05
 459700      1.19e-01      3.76e-03    7.3e-05
 459800      1.45e-01      4.58e-03    7.3e-05
 459900      1.46e-01      4.63e-03    7.3e-05
 460000      1.36e-01      4.31e-03    7.1e-05
 460100      1.29e-01      4.09e-03    7.1e-05
 460200      1.37e-01      4.32e-03    7.1e-05
 460300      1.44e-01      4.57e-03    7.1e-05
 460400      1.21e-01      3.83e-03    7.1e-05
 460500      1.26e-01      3.97e-03    7.1e-05
 460600      1.36e-01      4.31e-03    7.1e-05
 460700      1.03e-01      3.25e-03    7.1e-05
 460800      1.30e-01      4.12e-03    7.1e-05
 460900      1.40e-01      4.42e-03    7.1e-05
 461000      1.12e-01      3.56e-03    7.1e-05
 461100      1.22e-01      3.87e-03    7.1e-05
 461200      1.28e-01      4.04e-03    7.1e-05
 461300      1.39e-01      4.38e-03    7.1e-05
 461400      1.59e-01      5.04e-03    7.1e-05
 461500      1.39e-01      4.40e-03    7.1e-05
 461600      1.19e-01      3.76e-03    7.1e-05
 461700      1.31e-01      4.14e-03    7.1e-05
 461800      1.44e-01      4.56e-03    7.1e-05
 461900      1.35e-01      4.28e-03    7.1e-05
 462000      1.21e-01      3.84e-03    7.1e-05
 462100      1.09e-01      3.44e-03    7.1e-05
 462200      1.06e-01      3.36e-03    7.1e-05
 462300      1.35e-01      4.25e-03    7.1e-05
 462400      1.29e-01      4.07e-03    7.1e-05
 462500      1.23e-01      3.90e-03    7.1e-05
 462600      1.50e-01      4.73e-03    7.1e-05
 462700      1.47e-01      4.64e-03    7.1e-05
 462800      1.46e-01      4.62e-03    7.1e-05
 462900      1.09e-01      3.45e-03    7.1e-05
 463000      1.15e-01      3.63e-03    7.1e-05
 463100      1.36e-01      4.31e-03    7.1e-05
 463200      1.31e-01      4.14e-03    7.1e-05
 463300      1.54e-01      4.88e-03    7.1e-05
 463400      1.15e-01      3.64e-03    7.1e-05
 463500      9.99e-02      3.16e-03    7.1e-05
 463600      1.35e-01      4.26e-03    7.1e-05
 463700      8.76e-02      2.77e-03    7.1e-05
 463800      1.07e-01      3.37e-03    7.1e-05
 463900      1.31e-01      4.15e-03    7.1e-05
 464000      1.43e-01      4.52e-03    7.1e-05
 464100      1.16e-01      3.68e-03    7.1e-05
 464200      1.13e-01      3.59e-03    7.1e-05
 464300      1.52e-01      4.81e-03    7.1e-05
 464400      1.06e-01      3.36e-03    7.1e-05
 464500      1.24e-01      3.93e-03    7.1e-05
 464600      1.24e-01      3.92e-03    7.1e-05
 464700      1.42e-01      4.50e-03    7.1e-05
 464800      1.28e-01      4.06e-03    7.1e-05
 464900      1.52e-01      4.82e-03    7.1e-05
 465000      1.17e-01      3.70e-03    6.9e-05
 465100      1.18e-01      3.72e-03    6.9e-05
 465200      1.45e-01      4.58e-03    6.9e-05
 465300      1.39e-01      4.40e-03    6.9e-05
 465400      1.31e-01      4.15e-03    6.9e-05
 465500      1.07e-01      3.39e-03    6.9e-05
 465600      1.34e-01      4.25e-03    6.9e-05
 465700      1.45e-01      4.58e-03    6.9e-05
 465800      1.42e-01      4.49e-03    6.9e-05
 465900      1.04e-01      3.27e-03    6.9e-05
 466000      1.18e-01      3.74e-03    6.9e-05
 466100      1.43e-01      4.51e-03    6.9e-05
 466200      1.18e-01      3.72e-03    6.9e-05
 466300      1.44e-01      4.55e-03    6.9e-05
 466400      1.13e-01      3.59e-03    6.9e-05
 466500      1.14e-01      3.62e-03    6.9e-05
 466600      1.46e-01      4.61e-03    6.9e-05
 466700      1.48e-01      4.69e-03    6.9e-05
 466800      1.45e-01      4.59e-03    6.9e-05
 466900      1.51e-01      4.78e-03    6.9e-05
 467000      1.08e-01      3.42e-03    6.9e-05
 467100      1.44e-01      4.55e-03    6.9e-05
 467200      1.46e-01      4.62e-03    6.9e-05
 467300      1.24e-01      3.91e-03    6.9e-05
 467400      1.47e-01      4.64e-03    6.9e-05
 467500      1.37e-01      4.34e-03    6.9e-05
 467600      1.03e-01      3.25e-03    6.9e-05
 467700      1.23e-01      3.89e-03    6.9e-05
 467800      1.30e-01      4.12e-03    6.9e-05
 467900      1.16e-01      3.66e-03    6.9e-05
 468000      1.03e-01      3.25e-03    6.9e-05
 468100      1.16e-01      3.68e-03    6.9e-05
 468200      1.39e-01      4.39e-03    6.9e-05
 468300      1.33e-01      4.20e-03    6.9e-05
 468400      1.46e-01      4.63e-03    6.9e-05
 468500      1.36e-01      4.31e-03    6.9e-05
 468600      1.37e-01      4.34e-03    6.9e-05
 468700      1.40e-01      4.41e-03    6.9e-05
 468800      1.33e-01      4.22e-03    6.9e-05
 468900      1.37e-01      4.34e-03    6.9e-05
 469000      1.20e-01      3.81e-03    6.9e-05
 469100      1.47e-01      4.64e-03    6.9e-05
 469200      1.53e-01      4.85e-03    6.9e-05
 469300      1.11e-01      3.51e-03    6.9e-05
 469400      1.32e-01      4.17e-03    6.9e-05
 469500      1.42e-01      4.48e-03    6.9e-05
 469600      1.40e-01      4.42e-03    6.9e-05
 469700      1.07e-01      3.38e-03    6.9e-05
 469800      1.24e-01      3.93e-03    6.9e-05
 469900      1.41e-01      4.45e-03    6.9e-05
 470000      1.53e-01      4.82e-03    6.7e-05
 470100      1.48e-01      4.67e-03    6.7e-05
 470200      1.33e-01      4.22e-03    6.7e-05
 470300      1.45e-01      4.58e-03    6.7e-05
 470400      9.89e-02      3.13e-03    6.7e-05
 470500      1.03e-01      3.24e-03    6.7e-05
 470600      1.36e-01      4.29e-03    6.7e-05
 470700      1.46e-01      4.62e-03    6.7e-05
 470800      1.45e-01      4.58e-03    6.7e-05
 470900      1.26e-01      3.99e-03    6.7e-05
 471000      1.45e-01      4.59e-03    6.7e-05
 471100      1.24e-01      3.93e-03    6.7e-05
 471200      1.22e-01      3.84e-03    6.7e-05
 471300      1.26e-01      3.99e-03    6.7e-05
 471400      1.08e-01      3.42e-03    6.7e-05
 471500      1.37e-01      4.32e-03    6.7e-05
 471600      9.96e-02      3.15e-03    6.7e-05
 471700      1.26e-01      3.97e-03    6.7e-05
 471800      1.30e-01      4.11e-03    6.7e-05
 471900      1.56e-01      4.94e-03    6.7e-05
 472000      1.27e-01      4.00e-03    6.7e-05
 472100      1.34e-01      4.23e-03    6.7e-05
 472200      1.01e-01      3.20e-03    6.7e-05
 472300      1.16e-01      3.67e-03    6.7e-05
 472400      1.41e-01      4.47e-03    6.7e-05
 472500      1.25e-01      3.96e-03    6.7e-05
 472600      1.09e-01      3.43e-03    6.7e-05
 472700      1.15e-01      3.62e-03    6.7e-05
 472800      1.11e-01      3.51e-03    6.7e-05
 472900      1.13e-01      3.56e-03    6.7e-05
 473000      1.13e-01      3.58e-03    6.7e-05
 473100      1.48e-01      4.68e-03    6.7e-05
 473200      1.07e-01      3.40e-03    6.7e-05
 473300      1.29e-01      4.07e-03    6.7e-05
 473400      1.03e-01      3.26e-03    6.7e-05
 473500      1.09e-01      3.46e-03    6.7e-05
 473600      1.34e-01      4.23e-03    6.7e-05
 473700      1.26e-01      4.00e-03    6.7e-05
 473800      1.12e-01      3.55e-03    6.7e-05
 473900      1.45e-01      4.59e-03    6.7e-05
 474000      1.50e-01      4.75e-03    6.7e-05
 474100      1.38e-01      4.37e-03    6.7e-05
 474200      1.26e-01      3.98e-03    6.7e-05
 474300      1.50e-01      4.74e-03    6.7e-05
 474400      1.11e-01      3.50e-03    6.7e-05
 474500      1.37e-01      4.33e-03    6.7e-05
 474600      1.04e-01      3.28e-03    6.7e-05
 474700      1.59e-01      5.02e-03    6.7e-05
 474800      1.12e-01      3.54e-03    6.7e-05
 474900      1.37e-01      4.34e-03    6.7e-05
 475000      1.41e-01      4.45e-03    6.5e-05
 475100      1.05e-01      3.33e-03    6.5e-05
 475200      1.48e-01      4.69e-03    6.5e-05
 475300      1.38e-01      4.35e-03    6.5e-05
 475400      1.42e-01      4.48e-03    6.5e-05
 475500      1.43e-01      4.52e-03    6.5e-05
 475600      1.27e-01      4.01e-03    6.5e-05
 475700      1.32e-01      4.18e-03    6.5e-05
 475800      1.06e-01      3.34e-03    6.5e-05
 475900      1.28e-01      4.06e-03    6.5e-05
 476000      1.20e-01      3.80e-03    6.5e-05
 476100      1.46e-01      4.63e-03    6.5e-05
 476200      1.33e-01      4.19e-03    6.5e-05
 476300      1.33e-01      4.21e-03    6.5e-05
 476400      1.48e-01      4.69e-03    6.5e-05
 476500      1.56e-01      4.92e-03    6.5e-05
 476600      1.33e-01      4.22e-03    6.5e-05
 476700      1.60e-01      5.06e-03    6.5e-05
 476800      1.41e-01      4.47e-03    6.5e-05
 476900      1.56e-01      4.93e-03    6.5e-05
 477000      1.28e-01      4.04e-03    6.5e-05
 477100      1.39e-01      4.39e-03    6.5e-05
 477200      1.08e-01      3.43e-03    6.5e-05
 477300      1.17e-01      3.69e-03    6.5e-05
 477400      1.47e-01      4.66e-03    6.5e-05
 477500      1.25e-01      3.97e-03    6.5e-05
 477600      1.46e-01      4.63e-03    6.5e-05
 477700      1.24e-01      3.92e-03    6.5e-05
 477800      1.55e-01      4.90e-03    6.5e-05
 477900      1.31e-01      4.14e-03    6.5e-05
 478000      1.23e-01      3.89e-03    6.5e-05
 478100      1.29e-01      4.07e-03    6.5e-05
 478200      1.43e-01      4.54e-03    6.5e-05
 478300      1.48e-01      4.66e-03    6.5e-05
 478400      1.48e-01      4.67e-03    6.5e-05
 478500      1.38e-01      4.37e-03    6.5e-05
 478600      1.01e-01      3.20e-03    6.5e-05
 478700      1.42e-01      4.48e-03    6.5e-05
 478800      1.39e-01      4.39e-03    6.5e-05
 478900      1.45e-01      4.60e-03    6.5e-05
 479000      1.43e-01      4.52e-03    6.5e-05
 479100      1.22e-01      3.87e-03    6.5e-05
 479200      1.43e-01      4.53e-03    6.5e-05
 479300      1.28e-01      4.05e-03    6.5e-05
 479400      1.59e-01      5.03e-03    6.5e-05
 479500      1.32e-01      4.18e-03    6.5e-05
 479600      1.18e-01      3.74e-03    6.5e-05
 479700      1.39e-01      4.41e-03    6.5e-05
 479800      1.39e-01      4.39e-03    6.5e-05
 479900      1.11e-01      3.51e-03    6.5e-05
 480000      1.33e-01      4.20e-03    6.3e-05
 480100      1.27e-01      4.01e-03    6.3e-05
 480200      1.16e-01      3.66e-03    6.3e-05
 480300      1.52e-01      4.82e-03    6.3e-05
 480400      1.02e-01      3.24e-03    6.3e-05
 480500      1.48e-01      4.68e-03    6.3e-05
 480600      1.39e-01      4.40e-03    6.3e-05
 480700      1.48e-01      4.69e-03    6.3e-05
 480800      1.43e-01      4.53e-03    6.3e-05
 480900      1.50e-01      4.75e-03    6.3e-05
 481000      1.38e-01      4.38e-03    6.3e-05
 481100      1.23e-01      3.89e-03    6.3e-05
 481200      1.55e-01      4.91e-03    6.3e-05
 481300      1.38e-01      4.37e-03    6.3e-05
 481400      1.10e-01      3.47e-03    6.3e-05
 481500      1.37e-01      4.35e-03    6.3e-05
 481600      1.04e-01      3.28e-03    6.3e-05
 481700      1.41e-01      4.46e-03    6.3e-05
 481800      1.47e-01      4.64e-03    6.3e-05
 481900      1.23e-01      3.90e-03    6.3e-05
 482000      1.09e-01      3.46e-03    6.3e-05
 482100      1.20e-01      3.78e-03    6.3e-05
 482200      1.22e-01      3.84e-03    6.3e-05
 482300      1.31e-01      4.13e-03    6.3e-05
 482400      1.21e-01      3.82e-03    6.3e-05
 482500      1.63e-01      5.15e-03    6.3e-05
 482600      1.26e-01      3.99e-03    6.3e-05
 482700      1.26e-01      3.99e-03    6.3e-05
 482800      1.24e-01      3.91e-03    6.3e-05
 482900      1.37e-01      4.34e-03    6.3e-05
 483000      1.05e-01      3.32e-03    6.3e-05
 483100      1.29e-01      4.08e-03    6.3e-05
 483200      1.40e-01      4.42e-03    6.3e-05
 483300      1.43e-01      4.52e-03    6.3e-05
 483400      1.42e-01      4.49e-03    6.3e-05
 483500      1.03e-01      3.24e-03    6.3e-05
 483600      1.43e-01      4.51e-03    6.3e-05
 483700      1.28e-01      4.06e-03    6.3e-05
 483800      1.52e-01      4.80e-03    6.3e-05
 483900      9.90e-02      3.13e-03    6.3e-05
 484000      1.38e-01      4.37e-03    6.3e-05
 484100      1.09e-01      3.45e-03    6.3e-05
 484200      1.46e-01      4.60e-03    6.3e-05
 484300      1.19e-01      3.76e-03    6.3e-05
 484400      1.48e-01      4.70e-03    6.3e-05
 484500      1.33e-01      4.22e-03    6.3e-05
 484600      1.56e-01      4.94e-03    6.3e-05
 484700      1.19e-01      3.77e-03    6.3e-05
 484800      1.57e-01      4.96e-03    6.3e-05
 484900      1.18e-01      3.73e-03    6.3e-05
 485000      1.39e-01      4.38e-03    6.1e-05
 485100      1.44e-01      4.57e-03    6.1e-05
 485200      1.36e-01      4.29e-03    6.1e-05
 485300      1.36e-01      4.30e-03    6.1e-05
 485400      1.40e-01      4.42e-03    6.1e-05
 485500      1.37e-01      4.32e-03    6.1e-05
 485600      1.30e-01      4.11e-03    6.1e-05
 485700      1.18e-01      3.74e-03    6.1e-05
 485800      1.47e-01      4.65e-03    6.1e-05
 485900      1.49e-01      4.72e-03    6.1e-05
 486000      1.23e-01      3.88e-03    6.1e-05
 486100      1.20e-01      3.80e-03    6.1e-05
 486200      1.28e-01      4.04e-03    6.1e-05
 486300      1.03e-01      3.25e-03    6.1e-05
 486400      1.32e-01      4.18e-03    6.1e-05
 486500      1.21e-01      3.83e-03    6.1e-05
 486600      1.44e-01      4.55e-03    6.1e-05
 486700      1.43e-01      4.51e-03    6.1e-05
 486800      1.42e-01      4.50e-03    6.1e-05
 486900      1.39e-01      4.40e-03    6.1e-05
 487000      1.42e-01      4.48e-03    6.1e-05
 487100      1.37e-01      4.32e-03    6.1e-05
 487200      9.17e-02      2.90e-03    6.1e-05
 487300      1.46e-01      4.62e-03    6.1e-05
 487400      1.08e-01      3.40e-03    6.1e-05
 487500      1.19e-01      3.76e-03    6.1e-05
 487600      1.02e-01      3.21e-03    6.1e-05
 487700      1.24e-01      3.92e-03    6.1e-05
 487800      1.07e-01      3.38e-03    6.1e-05
 487900      1.24e-01      3.94e-03    6.1e-05
 488000      1.44e-01      4.55e-03    6.1e-05
 488100      1.49e-01      4.72e-03    6.1e-05
 488200      1.41e-01      4.46e-03    6.1e-05
 488300      1.36e-01      4.29e-03    6.1e-05
 488400      1.24e-01      3.91e-03    6.1e-05
 488500      1.16e-01      3.66e-03    6.1e-05
 488600      1.47e-01      4.63e-03    6.1e-05
 488700      1.24e-01      3.93e-03    6.1e-05
 488800      1.31e-01      4.16e-03    6.1e-05
 488900      1.54e-01      4.85e-03    6.1e-05
 489000      1.44e-01      4.56e-03    6.1e-05
 489100      1.10e-01      3.47e-03    6.1e-05
 489200      1.33e-01      4.20e-03    6.1e-05
 489300      1.47e-01      4.65e-03    6.1e-05
 489400      1.32e-01      4.17e-03    6.1e-05
 489500      1.29e-01      4.09e-03    6.1e-05
 489600      1.32e-01      4.17e-03    6.1e-05
 489700      1.21e-01      3.84e-03    6.1e-05
 489800      1.36e-01      4.31e-03    6.1e-05
 489900      1.13e-01      3.56e-03    6.1e-05
 490000      1.21e-01      3.83e-03    6.0e-05
 490100      1.37e-01      4.34e-03    6.0e-05
 490200      1.10e-01      3.49e-03    6.0e-05
 490300      1.37e-01      4.35e-03    6.0e-05
 490400      1.03e-01      3.26e-03    6.0e-05
 490500      1.45e-01      4.59e-03    6.0e-05
 490600      1.26e-01      3.99e-03    6.0e-05
 490700      1.27e-01      4.03e-03    6.0e-05
 490800      1.43e-01      4.52e-03    6.0e-05
 490900      1.42e-01      4.49e-03    6.0e-05
 491000      1.49e-01      4.72e-03    6.0e-05
 491100      1.22e-01      3.85e-03    6.0e-05
 491200      1.34e-01      4.24e-03    6.0e-05
 491300      1.05e-01      3.31e-03    6.0e-05
 491400      1.57e-01      4.98e-03    6.0e-05
 491500      1.40e-01      4.43e-03    6.0e-05
 491600      1.45e-01      4.60e-03    6.0e-05
 491700      1.43e-01      4.52e-03    6.0e-05
 491800      1.49e-01      4.72e-03    6.0e-05
 491900      1.21e-01      3.83e-03    6.0e-05
 492000      1.40e-01      4.41e-03    6.0e-05
 492100      1.34e-01      4.22e-03    6.0e-05
 492200      1.32e-01      4.18e-03    6.0e-05
 492300      9.83e-02      3.11e-03    6.0e-05
 492400      1.39e-01      4.39e-03    6.0e-05
 492500      1.17e-01      3.70e-03    6.0e-05
 492600      1.38e-01      4.36e-03    6.0e-05
 492700      1.18e-01      3.74e-03    6.0e-05
 492800      1.38e-01      4.35e-03    6.0e-05
 492900      1.36e-01      4.31e-03    6.0e-05
 493000      1.32e-01      4.19e-03    6.0e-05
 493100      1.32e-01      4.18e-03    6.0e-05
 493200      1.43e-01      4.51e-03    6.0e-05
 493300      1.39e-01      4.38e-03    6.0e-05
 493400      1.27e-01      4.03e-03    6.0e-05
 493500      1.28e-01      4.05e-03    6.0e-05
 493600      1.28e-01      4.04e-03    6.0e-05
 493700      1.52e-01      4.80e-03    6.0e-05
 493800      1.24e-01      3.91e-03    6.0e-05
 493900      1.52e-01      4.81e-03    6.0e-05
 494000      1.34e-01      4.23e-03    6.0e-05
 494100      1.24e-01      3.93e-03    6.0e-05
 494200      1.51e-01      4.79e-03    6.0e-05
 494300      1.50e-01      4.74e-03    6.0e-05
 494400      1.48e-01      4.68e-03    6.0e-05
 494500      1.23e-01      3.87e-03    6.0e-05
 494600      1.13e-01      3.57e-03    6.0e-05
 494700      1.52e-01      4.81e-03    6.0e-05
 494800      1.44e-01      4.56e-03    6.0e-05
 494900      1.39e-01      4.38e-03    6.0e-05
 495000      1.04e-01      3.30e-03    5.8e-05
 495100      1.50e-01      4.74e-03    5.8e-05
 495200      1.46e-01      4.61e-03    5.8e-05
 495300      1.29e-01      4.08e-03    5.8e-05
 495400      1.34e-01      4.23e-03    5.8e-05
 495500      1.04e-01      3.30e-03    5.8e-05
 495600      1.49e-01      4.72e-03    5.8e-05
 495700      1.14e-01      3.60e-03    5.8e-05
 495800      1.38e-01      4.38e-03    5.8e-05
 495900      1.20e-01      3.78e-03    5.8e-05
 496000      9.87e-02      3.12e-03    5.8e-05
 496100      1.22e-01      3.87e-03    5.8e-05
 496200      1.13e-01      3.59e-03    5.8e-05
 496300      1.02e-01      3.21e-03    5.8e-05
 496400      1.49e-01      4.72e-03    5.8e-05
 496500      1.31e-01      4.13e-03    5.8e-05
 496600      1.55e-01      4.91e-03    5.8e-05
 496700      1.35e-01      4.27e-03    5.8e-05
 496800      1.49e-01      4.70e-03    5.8e-05
 496900      1.45e-01      4.58e-03    5.8e-05
 497000      1.01e-01      3.19e-03    5.8e-05
 497100      1.39e-01      4.40e-03    5.8e-05
 497200      1.45e-01      4.58e-03    5.8e-05
 497300      1.48e-01      4.69e-03    5.8e-05
 497400      1.36e-01      4.31e-03    5.8e-05
 497500      1.36e-01      4.31e-03    5.8e-05
 497600      1.01e-01      3.19e-03    5.8e-05
 497700      1.15e-01      3.63e-03    5.8e-05
 497800      1.53e-01      4.83e-03    5.8e-05
 497900      1.25e-01      3.95e-03    5.8e-05
 498000      1.26e-01      3.99e-03    5.8e-05
 498100      1.47e-01      4.65e-03    5.8e-05
 498200      1.28e-01      4.05e-03    5.8e-05
 498300      1.31e-01      4.14e-03    5.8e-05
 498400      1.43e-01      4.51e-03    5.8e-05
 498500      1.42e-01      4.48e-03    5.8e-05
 498600      1.30e-01      4.11e-03    5.8e-05
 498700      1.53e-01      4.83e-03    5.8e-05
 498800      1.25e-01      3.95e-03    5.8e-05
 498900      1.33e-01      4.21e-03    5.8e-05
 499000      1.38e-01      4.36e-03    5.8e-05
 499100      1.24e-01      3.94e-03    5.8e-05
 499200      9.92e-02      3.14e-03    5.8e-05
 499300      1.21e-01      3.81e-03    5.8e-05
 499400      1.11e-01      3.50e-03    5.8e-05
 499500      1.42e-01      4.50e-03    5.8e-05
 499600      1.37e-01      4.34e-03    5.8e-05
 499700      1.32e-01      4.18e-03    5.8e-05
 499800      1.10e-01      3.49e-03    5.8e-05
 499900      1.15e-01      3.64e-03    5.8e-05
 500000      1.12e-01      3.54e-03    5.6e-05
 500100      1.42e-01      4.50e-03    5.6e-05
 500200      1.43e-01      4.51e-03    5.6e-05
 500300      1.15e-01      3.65e-03    5.6e-05
 500400      1.36e-01      4.30e-03    5.6e-05
 500500      1.32e-01      4.18e-03    5.6e-05
 500600      1.43e-01      4.51e-03    5.6e-05
 500700      1.13e-01      3.58e-03    5.6e-05
 500800      1.45e-01      4.57e-03    5.6e-05
 500900      1.29e-01      4.09e-03    5.6e-05
 501000      1.43e-01      4.52e-03    5.6e-05
 501100      1.30e-01      4.10e-03    5.6e-05
 501200      1.33e-01      4.19e-03    5.6e-05
 501300      1.29e-01      4.08e-03    5.6e-05
 501400      1.15e-01      3.62e-03    5.6e-05
 501500      1.15e-01      3.63e-03    5.6e-05
 501600      1.48e-01      4.67e-03    5.6e-05
 501700      1.12e-01      3.56e-03    5.6e-05
 501800      1.43e-01      4.51e-03    5.6e-05
 501900      1.37e-01      4.34e-03    5.6e-05
 502000      1.46e-01      4.60e-03    5.6e-05
 502100      1.52e-01      4.81e-03    5.6e-05
 502200      9.88e-02      3.12e-03    5.6e-05
 502300      1.32e-01      4.18e-03    5.6e-05
 502400      1.48e-01      4.67e-03    5.6e-05
 502500      1.33e-01      4.19e-03    5.6e-05
 502600      1.20e-01      3.80e-03    5.6e-05
 502700      1.41e-01      4.46e-03    5.6e-05
 502800      1.06e-01      3.35e-03    5.6e-05
 502900      1.38e-01      4.36e-03    5.6e-05
 503000      1.67e-01      5.29e-03    5.6e-05
 503100      1.01e-01      3.19e-03    5.6e-05
 503200      1.39e-01      4.40e-03    5.6e-05
 503300      1.04e-01      3.29e-03    5.6e-05
 503400      1.54e-01      4.86e-03    5.6e-05
 503500      1.11e-01      3.52e-03    5.6e-05
 503600      1.19e-01      3.75e-03    5.6e-05
 503700      1.31e-01      4.13e-03    5.6e-05
 503800      1.19e-01      3.77e-03    5.6e-05
 503900      1.17e-01      3.71e-03    5.6e-05
 504000      1.49e-01      4.71e-03    5.6e-05
 504100      1.17e-01      3.71e-03    5.6e-05
 504200      1.15e-01      3.65e-03    5.6e-05
 504300      1.12e-01      3.54e-03    5.6e-05
 504400      1.42e-01      4.48e-03    5.6e-05
 504500      1.17e-01      3.71e-03    5.6e-05
 504600      1.18e-01      3.73e-03    5.6e-05
 504700      1.43e-01      4.53e-03    5.6e-05
 504800      1.45e-01      4.58e-03    5.6e-05
 504900      1.22e-01      3.86e-03    5.6e-05
 505000      1.15e-01      3.65e-03    5.5e-05
 505100      1.48e-01      4.69e-03    5.5e-05
 505200      1.38e-01      4.37e-03    5.5e-05
 505300      1.28e-01      4.06e-03    5.5e-05
 505400      1.40e-01      4.44e-03    5.5e-05
 505500      1.52e-01      4.79e-03    5.5e-05
 505600      1.36e-01      4.31e-03    5.5e-05
 505700      1.43e-01      4.51e-03    5.5e-05
 505800      1.67e-01      5.27e-03    5.5e-05
 505900      9.96e-02      3.15e-03    5.5e-05
 506000      1.29e-01      4.07e-03    5.5e-05
 506100      1.31e-01      4.14e-03    5.5e-05
 506200      1.41e-01      4.47e-03    5.5e-05
 506300      1.26e-01      3.98e-03    5.5e-05
 506400      1.46e-01      4.60e-03    5.5e-05
 506500      1.44e-01      4.55e-03    5.5e-05
 506600      1.35e-01      4.27e-03    5.5e-05
 506700      1.44e-01      4.56e-03    5.5e-05
 506800      1.58e-01      5.01e-03    5.5e-05
 506900      1.07e-01      3.37e-03    5.5e-05
 507000      1.41e-01      4.45e-03    5.5e-05
 507100      1.41e-01      4.44e-03    5.5e-05
 507200      1.37e-01      4.34e-03    5.5e-05
 507300      1.42e-01      4.48e-03    5.5e-05
 507400      1.34e-01      4.24e-03    5.5e-05
 507500      1.31e-01      4.15e-03    5.5e-05
 507600      1.13e-01      3.57e-03    5.5e-05
 507700      9.88e-02      3.12e-03    5.5e-05
 507800      1.25e-01      3.95e-03    5.5e-05
 507900      1.27e-01      4.01e-03    5.5e-05
 508000      1.56e-01      4.94e-03    5.5e-05
 508100      1.56e-01      4.93e-03    5.5e-05
 508200      1.07e-01      3.38e-03    5.5e-05
 508300      1.37e-01      4.33e-03    5.5e-05
 508400      1.26e-01      3.99e-03    5.5e-05
 508500      1.38e-01      4.37e-03    5.5e-05
 508600      1.53e-01      4.84e-03    5.5e-05
 508700      1.25e-01      3.95e-03    5.5e-05
 508800      1.23e-01      3.89e-03    5.5e-05
 508900      1.46e-01      4.62e-03    5.5e-05
 509000      1.59e-01      5.02e-03    5.5e-05
 509100      1.40e-01      4.44e-03    5.5e-05
 509200      1.36e-01      4.31e-03    5.5e-05
 509300      1.28e-01      4.05e-03    5.5e-05
 509400      1.35e-01      4.25e-03    5.5e-05
 509500      1.14e-01      3.62e-03    5.5e-05
 509600      1.28e-01      4.05e-03    5.5e-05
 509700      1.47e-01      4.66e-03    5.5e-05
 509800      1.48e-01      4.67e-03    5.5e-05
 509900      9.27e-02      2.93e-03    5.5e-05
 510000      1.35e-01      4.26e-03    5.3e-05
 510100      1.54e-01      4.88e-03    5.3e-05
 510200      1.39e-01      4.39e-03    5.3e-05
 510300      1.20e-01      3.81e-03    5.3e-05
 510400      1.03e-01      3.26e-03    5.3e-05
 510500      1.27e-01      4.02e-03    5.3e-05
 510600      1.44e-01      4.55e-03    5.3e-05
 510700      1.72e-01      5.43e-03    5.3e-05
 510800      1.50e-01      4.75e-03    5.3e-05
 510900      1.11e-01      3.52e-03    5.3e-05
 511000      1.12e-01      3.55e-03    5.3e-05
 511100      1.41e-01      4.44e-03    5.3e-05
 511200      1.51e-01      4.77e-03    5.3e-05
 511300      1.21e-01      3.84e-03    5.3e-05
 511400      1.15e-01      3.65e-03    5.3e-05
 511500      1.25e-01      3.96e-03    5.3e-05
 511600      1.03e-01      3.26e-03    5.3e-05
 511700      1.12e-01      3.53e-03    5.3e-05
 511800      1.45e-01      4.59e-03    5.3e-05
 511900      1.34e-01      4.22e-03    5.3e-05
 512000      1.45e-01      4.59e-03    5.3e-05
 512100      1.21e-01      3.83e-03    5.3e-05
 512200      1.10e-01      3.47e-03    5.3e-05
 512300      1.50e-01      4.76e-03    5.3e-05
 512400      1.54e-01      4.88e-03    5.3e-05
 512500      1.61e-01      5.10e-03    5.3e-05
 512600      1.47e-01      4.66e-03    5.3e-05
 512700      1.31e-01      4.15e-03    5.3e-05
 512800      1.45e-01      4.59e-03    5.3e-05
 512900      1.30e-01      4.10e-03    5.3e-05
 513000      1.40e-01      4.43e-03    5.3e-05
 513100      1.27e-01      4.01e-03    5.3e-05
 513200      1.09e-01      3.44e-03    5.3e-05
 513300      1.19e-01      3.76e-03    5.3e-05
 513400      1.38e-01      4.37e-03    5.3e-05
 513500      1.00e-01      3.17e-03    5.3e-05
 513600      1.03e-01      3.26e-03    5.3e-05
 513700      1.20e-01      3.79e-03    5.3e-05
 513800      1.14e-01      3.59e-03    5.3e-05
 513900      1.24e-01      3.93e-03    5.3e-05
 514000      1.53e-01      4.85e-03    5.3e-05
 514100      1.47e-01      4.64e-03    5.3e-05
 514200      1.49e-01      4.72e-03    5.3e-05
 514300      1.27e-01      4.01e-03    5.3e-05
 514400      1.40e-01      4.43e-03    5.3e-05
 514500      1.12e-01      3.54e-03    5.3e-05
 514600      1.21e-01      3.82e-03    5.3e-05
 514700      1.34e-01      4.24e-03    5.3e-05
 514800      1.41e-01      4.45e-03    5.3e-05
 514900      1.45e-01      4.59e-03    5.3e-05
 515000      1.47e-01      4.66e-03    5.2e-05
 515100      1.46e-01      4.60e-03    5.2e-05
 515200      1.41e-01      4.47e-03    5.2e-05
 515300      1.07e-01      3.38e-03    5.2e-05
 515400      1.43e-01      4.54e-03    5.2e-05
 515500      1.41e-01      4.47e-03    5.2e-05
 515600      1.42e-01      4.48e-03    5.2e-05
 515700      1.33e-01      4.19e-03    5.2e-05
 515800      1.16e-01      3.67e-03    5.2e-05
 515900      1.24e-01      3.91e-03    5.2e-05
 516000      1.32e-01      4.19e-03    5.2e-05
 516100      1.49e-01      4.72e-03    5.2e-05
 516200      1.47e-01      4.64e-03    5.2e-05
 516300      1.22e-01      3.87e-03    5.2e-05
 516400      1.13e-01      3.56e-03    5.2e-05
 516500      1.32e-01      4.18e-03    5.2e-05
 516600      1.12e-01      3.54e-03    5.2e-05
 516700      1.44e-01      4.56e-03    5.2e-05
 516800      1.11e-01      3.52e-03    5.2e-05
 516900      1.43e-01      4.52e-03    5.2e-05
 517000      1.25e-01      3.94e-03    5.2e-05
 517100      1.02e-01      3.24e-03    5.2e-05
 517200      1.06e-01      3.34e-03    5.2e-05
 517300      1.10e-01      3.47e-03    5.2e-05
 517400      1.18e-01      3.74e-03    5.2e-05
 517500      1.42e-01      4.51e-03    5.2e-05
 517600      1.42e-01      4.49e-03    5.2e-05
 517700      1.29e-01      4.09e-03    5.2e-05
 517800      1.10e-01      3.47e-03    5.2e-05
 517900      1.57e-01      4.95e-03    5.2e-05
 518000      1.25e-01      3.95e-03    5.2e-05
 518100      1.26e-01      4.00e-03    5.2e-05
 518200      1.29e-01      4.08e-03    5.2e-05
 518300      1.18e-01      3.72e-03    5.2e-05
 518400      1.52e-01      4.81e-03    5.2e-05
 518500      1.45e-01      4.60e-03    5.2e-05
 518600      1.33e-01      4.20e-03    5.2e-05
 518700      1.51e-01      4.76e-03    5.2e-05
 518800      1.25e-01      3.96e-03    5.2e-05
 518900      1.21e-01      3.82e-03    5.2e-05
 519000      1.26e-01      3.98e-03    5.2e-05
 519100      1.39e-01      4.39e-03    5.2e-05
 519200      1.21e-01      3.84e-03    5.2e-05
 519300      1.35e-01      4.28e-03    5.2e-05
 519400      1.34e-01      4.23e-03    5.2e-05
 519500      1.41e-01      4.45e-03    5.2e-05
 519600      1.23e-01      3.88e-03    5.2e-05
 519700      1.51e-01      4.78e-03    5.2e-05
 519800      1.33e-01      4.22e-03    5.2e-05
 519900      1.10e-01      3.47e-03    5.2e-05
 520000      1.45e-01      4.59e-03    5.0e-05
 520100      1.43e-01      4.51e-03    5.0e-05
 520200      1.18e-01      3.72e-03    5.0e-05
 520300      1.45e-01      4.59e-03    5.0e-05
 520400      1.36e-01      4.30e-03    5.0e-05
 520500      1.27e-01      4.01e-03    5.0e-05
 520600      1.58e-01      4.98e-03    5.0e-05
 520700      1.35e-01      4.25e-03    5.0e-05
 520800      1.47e-01      4.66e-03    5.0e-05
 520900      1.53e-01      4.85e-03    5.0e-05
 521000      1.45e-01      4.58e-03    5.0e-05
 521100      1.28e-01      4.05e-03    5.0e-05
 521200      1.37e-01      4.32e-03    5.0e-05
 521300      1.05e-01      3.31e-03    5.0e-05
 521400      1.12e-01      3.54e-03    5.0e-05
 521500      1.40e-01      4.42e-03    5.0e-05
 521600      1.47e-01      4.65e-03    5.0e-05
 521700      1.53e-01      4.82e-03    5.0e-05
 521800      1.07e-01      3.39e-03    5.0e-05
 521900      1.01e-01      3.21e-03    5.0e-05
 522000      1.22e-01      3.85e-03    5.0e-05
 522100      1.17e-01      3.69e-03    5.0e-05
 522200      1.44e-01      4.56e-03    5.0e-05
 522300      1.13e-01      3.58e-03    5.0e-05
 522400      1.34e-01      4.25e-03    5.0e-05
 522500      1.40e-01      4.43e-03    5.0e-05
 522600      1.17e-01      3.69e-03    5.0e-05
 522700      1.36e-01      4.32e-03    5.0e-05
 522800      1.30e-01      4.12e-03    5.0e-05
 522900      1.36e-01      4.31e-03    5.0e-05
 523000      1.42e-01      4.48e-03    5.0e-05
 523100      1.47e-01      4.65e-03    5.0e-05
 523200      1.44e-01      4.55e-03    5.0e-05
 523300      1.32e-01      4.17e-03    5.0e-05
 523400      1.16e-01      3.66e-03    5.0e-05
 523500      1.37e-01      4.34e-03    5.0e-05
 523600      1.24e-01      3.93e-03    5.0e-05
 523700      1.25e-01      3.94e-03    5.0e-05
 523800      1.31e-01      4.15e-03    5.0e-05
 523900      1.15e-01      3.62e-03    5.0e-05
 524000      1.43e-01      4.53e-03    5.0e-05
 524100      1.25e-01      3.95e-03    5.0e-05
 524200      1.16e-01      3.67e-03    5.0e-05
 524300      1.31e-01      4.16e-03    5.0e-05
 524400      1.28e-01      4.06e-03    5.0e-05
 524500      1.19e-01      3.77e-03    5.0e-05
 524600      1.46e-01      4.62e-03    5.0e-05
 524700      1.48e-01      4.68e-03    5.0e-05
 524800      1.42e-01      4.50e-03    5.0e-05
 524900      1.00e-01      3.17e-03    5.0e-05
 525000      8.37e-02      2.65e-03    4.9e-05
 525100      1.47e-01      4.65e-03    4.9e-05
 525200      1.26e-01      3.98e-03    4.9e-05
 525300      1.63e-01      5.17e-03    4.9e-05
 525400      1.42e-01      4.49e-03    4.9e-05
 525500      1.16e-01      3.66e-03    4.9e-05
 525600      1.39e-01      4.40e-03    4.9e-05
 525700      1.33e-01      4.19e-03    4.9e-05
 525800      1.18e-01      3.73e-03    4.9e-05
 525900      1.17e-01      3.68e-03    4.9e-05
 526000      1.34e-01      4.24e-03    4.9e-05
 526100      1.63e-01      5.15e-03    4.9e-05
 526200      1.11e-01      3.50e-03    4.9e-05
 526300      1.02e-01      3.22e-03    4.9e-05
 526400      1.30e-01      4.10e-03    4.9e-05
 526500      1.38e-01      4.37e-03    4.9e-05
 526600      1.19e-01      3.76e-03    4.9e-05
 526700      1.17e-01      3.69e-03    4.9e-05
 526800      1.24e-01      3.92e-03    4.9e-05
 526900      1.02e-01      3.24e-03    4.9e-05
 527000      1.34e-01      4.22e-03    4.9e-05
 527100      1.31e-01      4.14e-03    4.9e-05
 527200      1.46e-01      4.62e-03    4.9e-05
 527300      1.24e-01      3.93e-03    4.9e-05
 527400      1.39e-01      4.40e-03    4.9e-05
 527500      1.17e-01      3.71e-03    4.9e-05
 527600      1.43e-01      4.51e-03    4.9e-05
 527700      1.39e-01      4.41e-03    4.9e-05
 527800      1.18e-01      3.74e-03    4.9e-05
 527900      1.31e-01      4.16e-03    4.9e-05
 528000      1.52e-01      4.80e-03    4.9e-05
 528100      1.31e-01      4.14e-03    4.9e-05
 528200      1.37e-01      4.34e-03    4.9e-05
 528300      1.57e-01      4.98e-03    4.9e-05
 528400      1.40e-01      4.42e-03    4.9e-05
 528500      1.13e-01      3.56e-03    4.9e-05
 528600      1.04e-01      3.30e-03    4.9e-05
 528700      1.36e-01      4.32e-03    4.9e-05
 528800      1.18e-01      3.72e-03    4.9e-05
 528900      1.27e-01      4.03e-03    4.9e-05
 529000      1.37e-01      4.35e-03    4.9e-05
 529100      1.25e-01      3.96e-03    4.9e-05
 529200      1.52e-01      4.82e-03    4.9e-05
 529300      1.44e-01      4.56e-03    4.9e-05
 529400      1.30e-01      4.13e-03    4.9e-05
 529500      1.27e-01      4.03e-03    4.9e-05
 529600      1.08e-01      3.41e-03    4.9e-05
 529700      1.21e-01      3.82e-03    4.9e-05
 529800      1.36e-01      4.31e-03    4.9e-05
 529900      1.37e-01      4.32e-03    4.9e-05
 530000      1.42e-01      4.49e-03    4.7e-05
 530100      1.03e-01      3.25e-03    4.7e-05
 530200      1.12e-01      3.56e-03    4.7e-05
 530300      1.19e-01      3.76e-03    4.7e-05
 530400      1.38e-01      4.38e-03    4.7e-05
 530500      1.37e-01      4.33e-03    4.7e-05
 530600      1.28e-01      4.04e-03    4.7e-05
 530700      1.38e-01      4.36e-03    4.7e-05
 530800      1.39e-01      4.41e-03    4.7e-05
 530900      1.33e-01      4.20e-03    4.7e-05
 531000      1.25e-01      3.96e-03    4.7e-05
 531100      1.36e-01      4.30e-03    4.7e-05
 531200      1.51e-01      4.79e-03    4.7e-05
 531300      1.36e-01      4.29e-03    4.7e-05
 531400      1.24e-01      3.93e-03    4.7e-05
 531500      1.03e-01      3.25e-03    4.7e-05
 531600      1.31e-01      4.15e-03    4.7e-05
 531700      1.50e-01      4.74e-03    4.7e-05
 531800      1.16e-01      3.67e-03    4.7e-05
 531900      1.43e-01      4.53e-03    4.7e-05
 532000      1.47e-01      4.66e-03    4.7e-05
 532100      1.39e-01      4.39e-03    4.7e-05
 532200      1.23e-01      3.90e-03    4.7e-05
 532300      1.10e-01      3.46e-03    4.7e-05
 532400      1.07e-01      3.39e-03    4.7e-05
 532500      1.52e-01      4.80e-03    4.7e-05
 532600      1.09e-01      3.46e-03    4.7e-05
 532700      1.30e-01      4.12e-03    4.7e-05
 532800      1.48e-01      4.69e-03    4.7e-05
 532900      1.51e-01      4.77e-03    4.7e-05
 533000      1.06e-01      3.37e-03    4.7e-05
 533100      1.46e-01      4.61e-03    4.7e-05
 533200      1.14e-01      3.60e-03    4.7e-05
 533300      1.41e-01      4.47e-03    4.7e-05
 533400      1.32e-01      4.17e-03    4.7e-05
 533500      1.26e-01      3.98e-03    4.7e-05
 533600      1.45e-01      4.59e-03    4.7e-05
 533700      1.05e-01      3.31e-03    4.7e-05
 533800      1.03e-01      3.27e-03    4.7e-05
 533900      1.32e-01      4.16e-03    4.7e-05
 534000      1.17e-01      3.70e-03    4.7e-05
 534100      1.07e-01      3.40e-03    4.7e-05
 534200      1.38e-01      4.38e-03    4.7e-05
 534300      1.38e-01      4.36e-03    4.7e-05
 534400      1.30e-01      4.13e-03    4.7e-05
 534500      1.13e-01      3.57e-03    4.7e-05
 534600      1.13e-01      3.59e-03    4.7e-05
 534700      1.39e-01      4.40e-03    4.7e-05
 534800      1.49e-01      4.71e-03    4.7e-05
 534900      1.34e-01      4.24e-03    4.7e-05
 535000      1.41e-01      4.45e-03    4.6e-05
 535100      1.31e-01      4.15e-03    4.6e-05
 535200      1.28e-01      4.06e-03    4.6e-05
 535300      1.37e-01      4.32e-03    4.6e-05
 535400      1.11e-01      3.51e-03    4.6e-05
 535500      1.45e-01      4.57e-03    4.6e-05
 535600      1.32e-01      4.17e-03    4.6e-05
 535700      1.40e-01      4.41e-03    4.6e-05
 535800      1.50e-01      4.75e-03    4.6e-05
 535900      1.32e-01      4.19e-03    4.6e-05
 536000      1.30e-01      4.11e-03    4.6e-05
 536100      1.09e-01      3.46e-03    4.6e-05
 536200      1.31e-01      4.13e-03    4.6e-05
 536300      1.42e-01      4.50e-03    4.6e-05
 536400      1.05e-01      3.31e-03    4.6e-05
 536500      1.18e-01      3.74e-03    4.6e-05
 536600      1.36e-01      4.30e-03    4.6e-05
 536700      1.49e-01      4.72e-03    4.6e-05
 536800      1.17e-01      3.70e-03    4.6e-05
 536900      1.44e-01      4.56e-03    4.6e-05
 537000      1.18e-01      3.73e-03    4.6e-05
 537100      1.02e-01      3.21e-03    4.6e-05
 537200      1.39e-01      4.40e-03    4.6e-05
 537300      1.13e-01      3.57e-03    4.6e-05
 537400      1.13e-01      3.58e-03    4.6e-05
 537500      1.08e-01      3.41e-03    4.6e-05
 537600      1.19e-01      3.77e-03    4.6e-05
 537700      1.39e-01      4.40e-03    4.6e-05
 537800      1.25e-01      3.96e-03    4.6e-05
 537900      1.46e-01      4.63e-03    4.6e-05
 538000      1.39e-01      4.39e-03    4.6e-05
 538100      1.16e-01      3.66e-03    4.6e-05
 538200      1.34e-01      4.24e-03    4.6e-05
 538300      1.57e-01      4.96e-03    4.6e-05
 538400      1.13e-01      3.58e-03    4.6e-05
 538500      1.10e-01      3.49e-03    4.6e-05
 538600      1.24e-01      3.93e-03    4.6e-05
 538700      1.07e-01      3.39e-03    4.6e-05
 538800      1.20e-01      3.81e-03    4.6e-05
 538900      1.39e-01      4.40e-03    4.6e-05
 539000      1.64e-01      5.19e-03    4.6e-05
 539100      1.50e-01      4.76e-03    4.6e-05
 539200      1.53e-01      4.84e-03    4.6e-05
 539300      1.14e-01      3.59e-03    4.6e-05
 539400      1.40e-01      4.42e-03    4.6e-05
 539500      1.22e-01      3.87e-03    4.6e-05
 539600      1.38e-01      4.38e-03    4.6e-05
 539700      1.33e-01      4.20e-03    4.6e-05
 539800      1.50e-01      4.75e-03    4.6e-05
 539900      1.49e-01      4.70e-03    4.6e-05
 540000      1.08e-01      3.43e-03    4.5e-05
 540100      1.19e-01      3.76e-03    4.5e-05
 540200      1.30e-01      4.11e-03    4.5e-05
 540300      9.85e-02      3.11e-03    4.5e-05
 540400      1.17e-01      3.71e-03    4.5e-05
 540500      1.05e-01      3.34e-03    4.5e-05
 540600      1.19e-01      3.77e-03    4.5e-05
 540700      1.24e-01      3.92e-03    4.5e-05
 540800      1.38e-01      4.36e-03    4.5e-05
 540900      1.02e-01      3.23e-03    4.5e-05
 541000      1.22e-01      3.86e-03    4.5e-05
 541100      1.20e-01      3.79e-03    4.5e-05
 541200      1.25e-01      3.97e-03    4.5e-05
 541300      1.40e-01      4.44e-03    4.5e-05
 541400      1.46e-01      4.60e-03    4.5e-05
 541500      1.19e-01      3.75e-03    4.5e-05
 541600      1.35e-01      4.28e-03    4.5e-05
 541700      1.39e-01      4.39e-03    4.5e-05
 541800      1.02e-01      3.23e-03    4.5e-05
 541900      1.26e-01      3.99e-03    4.5e-05
 542000      1.52e-01      4.81e-03    4.5e-05
 542100      1.14e-01      3.61e-03    4.5e-05
 542200      1.08e-01      3.42e-03    4.5e-05
 542300      1.36e-01      4.29e-03    4.5e-05
 542400      1.07e-01      3.39e-03    4.5e-05
 542500      1.28e-01      4.04e-03    4.5e-05
 542600      1.30e-01      4.12e-03    4.5e-05
 542700      1.48e-01      4.67e-03    4.5e-05
 542800      1.25e-01      3.94e-03    4.5e-05
 542900      1.13e-01      3.59e-03    4.5e-05
 543000      1.26e-01      3.99e-03    4.5e-05
 543100      1.30e-01      4.12e-03    4.5e-05
 543200      1.26e-01      3.99e-03    4.5e-05
 543300      1.29e-01      4.09e-03    4.5e-05
 543400      1.19e-01      3.78e-03    4.5e-05
 543500      1.38e-01      4.37e-03    4.5e-05
 543600      1.42e-01      4.50e-03    4.5e-05
 543700      1.41e-01      4.46e-03    4.5e-05
 543800      1.17e-01      3.69e-03    4.5e-05
 543900      1.27e-01      4.03e-03    4.5e-05
 544000      1.51e-01      4.77e-03    4.5e-05
 544100      1.13e-01      3.57e-03    4.5e-05
 544200      1.53e-01      4.83e-03    4.5e-05
 544300      1.44e-01      4.56e-03    4.5e-05
 544400      1.39e-01      4.39e-03    4.5e-05
 544500      1.16e-01      3.67e-03    4.5e-05
 544600      1.50e-01      4.74e-03    4.5e-05
 544700      1.42e-01      4.49e-03    4.5e-05
 544800      1.33e-01      4.20e-03    4.5e-05
 544900      1.17e-01      3.69e-03    4.5e-05
 545000      1.22e-01      3.85e-03    4.3e-05
 545100      1.18e-01      3.72e-03    4.3e-05
 545200      1.19e-01      3.78e-03    4.3e-05
 545300      1.42e-01      4.49e-03    4.3e-05
 545400      1.12e-01      3.54e-03    4.3e-05
 545500      1.40e-01      4.42e-03    4.3e-05
 545600      1.23e-01      3.90e-03    4.3e-05
 545700      1.47e-01      4.65e-03    4.3e-05
 545800      1.30e-01      4.11e-03    4.3e-05
 545900      1.34e-01      4.23e-03    4.3e-05
 546000      1.40e-01      4.42e-03    4.3e-05
 546100      1.12e-01      3.55e-03    4.3e-05
 546200      1.49e-01      4.71e-03    4.3e-05
 546300      1.37e-01      4.34e-03    4.3e-05
 546400      1.08e-01      3.42e-03    4.3e-05
 546500      1.37e-01      4.33e-03    4.3e-05
 546600      1.44e-01      4.56e-03    4.3e-05
 546700      1.38e-01      4.38e-03    4.3e-05
 546800      1.26e-01      3.99e-03    4.3e-05
 546900      1.36e-01      4.29e-03    4.3e-05
 547000      1.43e-01      4.53e-03    4.3e-05
 547100      1.17e-01      3.69e-03    4.3e-05
 547200      1.52e-01      4.79e-03    4.3e-05
 547300      1.22e-01      3.86e-03    4.3e-05
 547400      1.03e-01      3.25e-03    4.3e-05
 547500      1.28e-01      4.05e-03    4.3e-05
 547600      1.20e-01      3.80e-03    4.3e-05
 547700      1.31e-01      4.14e-03    4.3e-05
 547800      1.38e-01      4.36e-03    4.3e-05
 547900      1.42e-01      4.50e-03    4.3e-05
 548000      1.38e-01      4.35e-03    4.3e-05
 548100      1.50e-01      4.76e-03    4.3e-05
 548200      1.35e-01      4.26e-03    4.3e-05
 548300      1.50e-01      4.76e-03    4.3e-05
 548400      1.54e-01      4.87e-03    4.3e-05
 548500      1.54e-01      4.86e-03    4.3e-05
 548600      1.18e-01      3.73e-03    4.3e-05
 548700      1.07e-01      3.39e-03    4.3e-05
 548800      1.24e-01      3.91e-03    4.3e-05
 548900      1.03e-01      3.25e-03    4.3e-05
 549000      1.28e-01      4.06e-03    4.3e-05
 549100      1.31e-01      4.16e-03    4.3e-05
 549200      1.21e-01      3.82e-03    4.3e-05
 549300      1.25e-01      3.94e-03    4.3e-05
 549400      1.18e-01      3.72e-03    4.3e-05
 549500      1.32e-01      4.18e-03    4.3e-05
 549600      1.10e-01      3.47e-03    4.3e-05
 549700      1.25e-01      3.94e-03    4.3e-05
 549800      1.14e-01      3.62e-03    4.3e-05
 549900      1.29e-01      4.09e-03    4.3e-05
 550000      1.30e-01      4.10e-03    4.2e-05
 550100      1.01e-01      3.21e-03    4.2e-05
 550200      1.27e-01      4.00e-03    4.2e-05
 550300      1.24e-01      3.93e-03    4.2e-05
 550400      1.50e-01      4.74e-03    4.2e-05
 550500      9.97e-02      3.15e-03    4.2e-05
 550600      1.13e-01      3.56e-03    4.2e-05
 550700      1.07e-01      3.38e-03    4.2e-05
 550800      1.47e-01      4.65e-03    4.2e-05
 550900      1.38e-01      4.36e-03    4.2e-05
 551000      1.11e-01      3.52e-03    4.2e-05
 551100      1.06e-01      3.34e-03    4.2e-05
 551200      1.10e-01      3.48e-03    4.2e-05
 551300      1.10e-01      3.47e-03    4.2e-05
 551400      1.49e-01      4.71e-03    4.2e-05
 551500      1.11e-01      3.51e-03    4.2e-05
 551600      1.28e-01      4.04e-03    4.2e-05
 551700      1.02e-01      3.24e-03    4.2e-05
 551800      1.37e-01      4.35e-03    4.2e-05
 551900      1.37e-01      4.32e-03    4.2e-05
 552000      1.30e-01      4.11e-03    4.2e-05
 552100      1.17e-01      3.71e-03    4.2e-05
 552200      1.27e-01      4.02e-03    4.2e-05
 552300      1.13e-01      3.58e-03    4.2e-05
 552400      1.20e-01      3.80e-03    4.2e-05
 552500      1.46e-01      4.61e-03    4.2e-05
 552600      1.02e-01      3.21e-03    4.2e-05
 552700      1.33e-01      4.20e-03    4.2e-05
 552800      1.20e-01      3.79e-03    4.2e-05
 552900      1.28e-01      4.04e-03    4.2e-05
 553000      1.43e-01      4.53e-03    4.2e-05
 553100      1.20e-01      3.80e-03    4.2e-05
 553200      1.36e-01      4.31e-03    4.2e-05
 553300      1.56e-01      4.95e-03    4.2e-05
 553400      1.29e-01      4.07e-03    4.2e-05
 553500      1.43e-01      4.51e-03    4.2e-05
 553600      1.25e-01      3.94e-03    4.2e-05
 553700      1.53e-01      4.84e-03    4.2e-05
 553800      1.38e-01      4.38e-03    4.2e-05
 553900      1.50e-01      4.75e-03    4.2e-05
 554000      1.52e-01      4.79e-03    4.2e-05
 554100      1.34e-01      4.23e-03    4.2e-05
 554200      1.39e-01      4.39e-03    4.2e-05
 554300      1.29e-01      4.09e-03    4.2e-05
 554400      1.44e-01      4.56e-03    4.2e-05
 554500      1.04e-01      3.30e-03    4.2e-05
 554600      1.05e-01      3.33e-03    4.2e-05
 554700      1.34e-01      4.23e-03    4.2e-05
 554800      1.17e-01      3.71e-03    4.2e-05
 554900      1.06e-01      3.36e-03    4.2e-05
 555000      1.26e-01      3.99e-03    4.1e-05
 555100      1.53e-01      4.83e-03    4.1e-05
 555200      1.24e-01      3.92e-03    4.1e-05
 555300      1.47e-01      4.65e-03    4.1e-05
 555400      1.38e-01      4.37e-03    4.1e-05
 555500      9.54e-02      3.02e-03    4.1e-05
 555600      1.31e-01      4.16e-03    4.1e-05
 555700      1.29e-01      4.08e-03    4.1e-05
 555800      1.26e-01      4.00e-03    4.1e-05
 555900      1.12e-01      3.55e-03    4.1e-05
 556000      1.22e-01      3.87e-03    4.1e-05
 556100      9.88e-02      3.12e-03    4.1e-05
 556200      1.31e-01      4.13e-03    4.1e-05
 556300      1.25e-01      3.95e-03    4.1e-05
 556400      1.41e-01      4.44e-03    4.1e-05
 556500      1.24e-01      3.93e-03    4.1e-05
 556600      1.44e-01      4.56e-03    4.1e-05
 556700      1.41e-01      4.45e-03    4.1e-05
 556800      1.17e-01      3.69e-03    4.1e-05
 556900      1.19e-01      3.76e-03    4.1e-05
 557000      1.17e-01      3.71e-03    4.1e-05
 557100      1.33e-01      4.21e-03    4.1e-05
 557200      1.45e-01      4.59e-03    4.1e-05
 557300      1.26e-01      4.00e-03    4.1e-05
 557400      1.14e-01      3.59e-03    4.1e-05
 557500      1.25e-01      3.96e-03    4.1e-05
 557600      1.31e-01      4.15e-03    4.1e-05
 557700      1.52e-01      4.80e-03    4.1e-05
 557800      1.42e-01      4.49e-03    4.1e-05
 557900      1.43e-01      4.53e-03    4.1e-05
 558000      1.43e-01      4.51e-03    4.1e-05
 558100      1.32e-01      4.17e-03    4.1e-05
 558200      1.00e-01      3.17e-03    4.1e-05
 558300      1.06e-01      3.34e-03    4.1e-05
 558400      1.14e-01      3.61e-03    4.1e-05
 558500      1.37e-01      4.34e-03    4.1e-05
 558600      1.52e-01      4.81e-03    4.1e-05
 558700      1.58e-01      4.99e-03    4.1e-05
 558800      1.50e-01      4.74e-03    4.1e-05
 558900      1.10e-01      3.49e-03    4.1e-05
 559000      1.46e-01      4.60e-03    4.1e-05
 559100      1.49e-01      4.72e-03    4.1e-05
 559200      1.14e-01      3.61e-03    4.1e-05
 559300      1.57e-01      4.96e-03    4.1e-05
 559400      1.41e-01      4.45e-03    4.1e-05
 559500      1.16e-01      3.66e-03    4.1e-05
 559600      1.37e-01      4.32e-03    4.1e-05
 559700      1.38e-01      4.37e-03    4.1e-05
 559800      9.99e-02      3.16e-03    4.1e-05
 559900      1.35e-01      4.26e-03    4.1e-05
 560000      1.41e-01      4.45e-03    4.0e-05
 560100      1.31e-01      4.13e-03    4.0e-05
 560200      1.31e-01      4.15e-03    4.0e-05
 560300      1.20e-01      3.79e-03    4.0e-05
 560400      1.32e-01      4.18e-03    4.0e-05
 560500      1.24e-01      3.92e-03    4.0e-05
 560600      1.17e-01      3.70e-03    4.0e-05
 560700      1.57e-01      4.96e-03    4.0e-05
 560800      1.42e-01      4.50e-03    4.0e-05
 560900      1.40e-01      4.41e-03    4.0e-05
 561000      1.42e-01      4.47e-03    4.0e-05
 561100      1.28e-01      4.04e-03    4.0e-05
 561200      1.63e-01      5.16e-03    4.0e-05
 561300      1.26e-01      3.98e-03    4.0e-05
 561400      1.17e-01      3.70e-03    4.0e-05
 561500      1.25e-01      3.94e-03    4.0e-05
 561600      1.44e-01      4.56e-03    4.0e-05
 561700      1.50e-01      4.73e-03    4.0e-05
 561800      1.18e-01      3.74e-03    4.0e-05
 561900      1.43e-01      4.52e-03    4.0e-05
 562000      1.45e-01      4.60e-03    4.0e-05
 562100      1.37e-01      4.32e-03    4.0e-05
 562200      1.40e-01      4.43e-03    4.0e-05
 562300      1.56e-01      4.93e-03    4.0e-05
 562400      1.48e-01      4.69e-03    4.0e-05
 562500      1.33e-01      4.19e-03    4.0e-05
 562600      1.05e-01      3.32e-03    4.0e-05
 562700      1.62e-01      5.12e-03    4.0e-05
 562800      1.34e-01      4.24e-03    4.0e-05
 562900      1.24e-01      3.93e-03    4.0e-05
 563000      1.09e-01      3.44e-03    4.0e-05
 563100      1.36e-01      4.30e-03    4.0e-05
 563200      1.40e-01      4.42e-03    4.0e-05
 563300      1.55e-01      4.92e-03    4.0e-05
 563400      1.36e-01      4.31e-03    4.0e-05
 563500      1.32e-01      4.18e-03    4.0e-05
 563600      1.40e-01      4.41e-03    4.0e-05
 563700      1.00e-01      3.16e-03    4.0e-05
 563800      1.56e-01      4.92e-03    4.0e-05
 563900      1.44e-01      4.55e-03    4.0e-05
 564000      1.37e-01      4.33e-03    4.0e-05
 564100      1.31e-01      4.14e-03    4.0e-05
 564200      1.08e-01      3.42e-03    4.0e-05
 564300      8.34e-02      2.64e-03    4.0e-05
 564400      1.38e-01      4.35e-03    4.0e-05
 564500      1.18e-01      3.74e-03    4.0e-05
 564600      1.43e-01      4.53e-03    4.0e-05
 564700      1.13e-01      3.58e-03    4.0e-05
 564800      1.25e-01      3.96e-03    4.0e-05
 564900      1.28e-01      4.06e-03    4.0e-05
 565000      1.51e-01      4.77e-03    3.9e-05
 565100      1.43e-01      4.51e-03    3.9e-05
 565200      1.49e-01      4.71e-03    3.9e-05
 565300      1.23e-01      3.90e-03    3.9e-05
 565400      1.33e-01      4.21e-03    3.9e-05
 565500      1.31e-01      4.13e-03    3.9e-05
 565600      1.28e-01      4.06e-03    3.9e-05
 565700      1.39e-01      4.41e-03    3.9e-05
 565800      1.05e-01      3.32e-03    3.9e-05
 565900      1.09e-01      3.44e-03    3.9e-05
 566000      1.18e-01      3.74e-03    3.9e-05
 566100      1.42e-01      4.49e-03    3.9e-05
 566200      1.23e-01      3.88e-03    3.9e-05
 566300      1.47e-01      4.64e-03    3.9e-05
 566400      1.36e-01      4.30e-03    3.9e-05
 566500      1.37e-01      4.32e-03    3.9e-05
 566600      1.08e-01      3.41e-03    3.9e-05
 566700      1.58e-01      4.98e-03    3.9e-05
 566800      1.40e-01      4.43e-03    3.9e-05
 566900      1.15e-01      3.64e-03    3.9e-05
 567000      1.18e-01      3.73e-03    3.9e-05
 567100      1.39e-01      4.39e-03    3.9e-05
 567200      1.33e-01      4.19e-03    3.9e-05
 567300      1.31e-01      4.14e-03    3.9e-05
 567400      1.24e-01      3.94e-03    3.9e-05
 567500      1.47e-01      4.66e-03    3.9e-05
 567600      1.24e-01      3.93e-03    3.9e-05
 567700      1.46e-01      4.62e-03    3.9e-05
 567800      1.23e-01      3.90e-03    3.9e-05
 567900      1.46e-01      4.62e-03    3.9e-05
 568000      1.22e-01      3.86e-03    3.9e-05
 568100      1.26e-01      3.99e-03    3.9e-05
 568200      1.15e-01      3.64e-03    3.9e-05
 568300      1.35e-01      4.28e-03    3.9e-05
 568400      1.32e-01      4.17e-03    3.9e-05
 568500      1.47e-01      4.65e-03    3.9e-05
 568600      1.29e-01      4.09e-03    3.9e-05
 568700      1.35e-01      4.25e-03    3.9e-05
 568800      1.35e-01      4.26e-03    3.9e-05
 568900      1.46e-01      4.62e-03    3.9e-05
 569000      1.38e-01      4.35e-03    3.9e-05
 569100      1.04e-01      3.29e-03    3.9e-05
 569200      1.39e-01      4.41e-03    3.9e-05
 569300      1.21e-01      3.81e-03    3.9e-05
 569400      1.43e-01      4.53e-03    3.9e-05
 569500      1.30e-01      4.11e-03    3.9e-05
 569600      1.26e-01      3.98e-03    3.9e-05
 569700      1.34e-01      4.24e-03    3.9e-05
 569800      1.44e-01      4.56e-03    3.9e-05
 569900      1.37e-01      4.32e-03    3.9e-05
 570000      1.31e-01      4.16e-03    3.8e-05
 570100      9.54e-02      3.02e-03    3.8e-05
 570200      1.27e-01      4.00e-03    3.8e-05
 570300      1.54e-01      4.88e-03    3.8e-05
 570400      1.03e-01      3.24e-03    3.8e-05
 570500      1.11e-01      3.51e-03    3.8e-05
 570600      1.45e-01      4.60e-03    3.8e-05
 570700      1.19e-01      3.75e-03    3.8e-05
 570800      1.14e-01      3.61e-03    3.8e-05
 570900      1.56e-01      4.93e-03    3.8e-05
 571000      1.04e-01      3.29e-03    3.8e-05
 571100      1.37e-01      4.33e-03    3.8e-05
 571200      1.11e-01      3.50e-03    3.8e-05
 571300      1.44e-01      4.56e-03    3.8e-05
 571400      1.20e-01      3.79e-03    3.8e-05
 571500      1.27e-01      4.02e-03    3.8e-05
 571600      1.49e-01      4.71e-03    3.8e-05
 571700      1.47e-01      4.65e-03    3.8e-05
 571800      1.23e-01      3.90e-03    3.8e-05
 571900      9.33e-02      2.95e-03    3.8e-05
 572000      1.33e-01      4.20e-03    3.8e-05
 572100      1.26e-01      4.00e-03    3.8e-05
 572200      1.40e-01      4.43e-03    3.8e-05
 572300      1.16e-01      3.67e-03    3.8e-05
 572400      1.46e-01      4.63e-03    3.8e-05
 572500      1.30e-01      4.11e-03    3.8e-05
 572600      1.50e-01      4.73e-03    3.8e-05
 572700      1.52e-01      4.81e-03    3.8e-05
 572800      1.28e-01      4.05e-03    3.8e-05
 572900      1.44e-01      4.55e-03    3.8e-05
 573000      1.25e-01      3.96e-03    3.8e-05
 573100      1.37e-01      4.32e-03    3.8e-05
 573200      1.49e-01      4.72e-03    3.8e-05
 573300      1.04e-01      3.27e-03    3.8e-05
 573400      1.11e-01      3.52e-03    3.8e-05
 573500      1.16e-01      3.67e-03    3.8e-05
 573600      1.26e-01      3.97e-03    3.8e-05
 573700      1.36e-01      4.32e-03    3.8e-05
 573800      1.15e-01      3.63e-03    3.8e-05
 573900      1.49e-01      4.71e-03    3.8e-05
 574000      1.51e-01      4.78e-03    3.8e-05
 574100      1.22e-01      3.86e-03    3.8e-05
 574200      1.32e-01      4.18e-03    3.8e-05
 574300      1.25e-01      3.96e-03    3.8e-05
 574400      1.45e-01      4.58e-03    3.8e-05
 574500      1.43e-01      4.53e-03    3.8e-05
 574600      1.11e-01      3.53e-03    3.8e-05
 574700      1.07e-01      3.38e-03    3.8e-05
 574800      1.17e-01      3.70e-03    3.8e-05
 574900      1.40e-01      4.41e-03    3.8e-05
 575000      1.43e-01      4.54e-03    3.7e-05
 575100      1.22e-01      3.86e-03    3.7e-05
 575200      1.36e-01      4.31e-03    3.7e-05
 575300      1.10e-01      3.48e-03    3.7e-05
 575400      1.39e-01      4.39e-03    3.7e-05
 575500      1.28e-01      4.03e-03    3.7e-05
 575600      1.36e-01      4.30e-03    3.7e-05
 575700      1.20e-01      3.80e-03    3.7e-05
 575800      1.20e-01      3.80e-03    3.7e-05
 575900      1.10e-01      3.47e-03    3.7e-05
 576000      1.40e-01      4.44e-03    3.7e-05
 576100      1.43e-01      4.52e-03    3.7e-05
 576200      1.39e-01      4.38e-03    3.7e-05
 576300      1.16e-01      3.67e-03    3.7e-05
 576400      1.10e-01      3.47e-03    3.7e-05
 576500      1.52e-01      4.82e-03    3.7e-05
 576600      1.45e-01      4.58e-03    3.7e-05
 576700      1.34e-01      4.24e-03    3.7e-05
 576800      1.43e-01      4.51e-03    3.7e-05
 576900      1.55e-01      4.89e-03    3.7e-05
 577000      1.25e-01      3.94e-03    3.7e-05
 577100      1.32e-01      4.16e-03    3.7e-05
 577200      1.32e-01      4.18e-03    3.7e-05
 577300      1.32e-01      4.17e-03    3.7e-05
 577400      1.10e-01      3.47e-03    3.7e-05
 577500      1.46e-01      4.63e-03    3.7e-05
 577600      1.34e-01      4.25e-03    3.7e-05
 577700      1.20e-01      3.80e-03    3.7e-05
 577800      1.30e-01      4.11e-03    3.7e-05
 577900      1.26e-01      3.99e-03    3.7e-05
 578000      1.39e-01      4.39e-03    3.7e-05
 578100      1.36e-01      4.30e-03    3.7e-05
 578200      1.36e-01      4.31e-03    3.7e-05
 578300      1.33e-01      4.21e-03    3.7e-05
 578400      1.36e-01      4.30e-03    3.7e-05
 578500      1.09e-01      3.43e-03    3.7e-05
 578600      1.01e-01      3.20e-03    3.7e-05
 578700      1.45e-01      4.59e-03    3.7e-05
 578800      1.46e-01      4.62e-03    3.7e-05
 578900      1.49e-01      4.72e-03    3.7e-05
 579000      1.19e-01      3.76e-03    3.7e-05
 579100      1.30e-01      4.12e-03    3.7e-05
 579200      1.20e-01      3.78e-03    3.7e-05
 579300      1.39e-01      4.40e-03    3.7e-05
 579400      1.10e-01      3.47e-03    3.7e-05
 579500      1.42e-01      4.48e-03    3.7e-05
 579600      1.38e-01      4.37e-03    3.7e-05
 579700      1.22e-01      3.84e-03    3.7e-05
 579800      1.48e-01      4.67e-03    3.7e-05
 579900      1.15e-01      3.65e-03    3.7e-05
 580000      1.24e-01      3.91e-03    3.5e-05
 580100      1.37e-01      4.32e-03    3.5e-05
 580200      1.18e-01      3.74e-03    3.5e-05
 580300      1.23e-01      3.88e-03    3.5e-05
 580400      1.53e-01      4.85e-03    3.5e-05
 580500      1.36e-01      4.29e-03    3.5e-05
 580600      1.30e-01      4.12e-03    3.5e-05
 580700      1.40e-01      4.44e-03    3.5e-05
 580800      1.29e-01      4.09e-03    3.5e-05
 580900      1.28e-01      4.04e-03    3.5e-05
 581000      1.06e-01      3.35e-03    3.5e-05
 581100      1.09e-01      3.46e-03    3.5e-05
 581200      1.35e-01      4.26e-03    3.5e-05
 581300      1.24e-01      3.93e-03    3.5e-05
 581400      1.40e-01      4.43e-03    3.5e-05
 581500      1.29e-01      4.09e-03    3.5e-05
 581600      1.42e-01      4.48e-03    3.5e-05
 581700      1.57e-01      4.96e-03    3.5e-05
 581800      1.42e-01      4.50e-03    3.5e-05
 581900      1.37e-01      4.34e-03    3.5e-05
 582000      1.05e-01      3.31e-03    3.5e-05
 582100      1.25e-01      3.95e-03    3.5e-05
 582200      1.20e-01      3.80e-03    3.5e-05
 582300      1.24e-01      3.91e-03    3.5e-05
 582400      1.08e-01      3.40e-03    3.5e-05
 582500      1.35e-01      4.26e-03    3.5e-05
 582600      1.30e-01      4.10e-03    3.5e-05
 582700      1.06e-01      3.35e-03    3.5e-05
 582800      1.44e-01      4.57e-03    3.5e-05
 582900      1.09e-01      3.43e-03    3.5e-05
 583000      1.27e-01      4.01e-03    3.5e-05
 583100      1.10e-01      3.47e-03    3.5e-05
 583200      1.46e-01      4.63e-03    3.5e-05
 583300      1.41e-01      4.46e-03    3.5e-05
 583400      1.17e-01      3.69e-03    3.5e-05
 583500      1.24e-01      3.92e-03    3.5e-05
 583600      1.39e-01      4.38e-03    3.5e-05
 583700      1.22e-01      3.87e-03    3.5e-05
 583800      1.16e-01      3.68e-03    3.5e-05
 583900      1.59e-01      5.03e-03    3.5e-05
 584000      1.26e-01      4.00e-03    3.5e-05
 584100      1.29e-01      4.07e-03    3.5e-05
 584200      1.43e-01      4.53e-03    3.5e-05
 584300      1.23e-01      3.88e-03    3.5e-05
 584400      1.39e-01      4.40e-03    3.5e-05
 584500      1.54e-01      4.87e-03    3.5e-05
 584600      9.57e-02      3.03e-03    3.5e-05
 584700      1.58e-01      5.00e-03    3.5e-05
 584800      1.18e-01      3.72e-03    3.5e-05
 584900      1.47e-01      4.65e-03    3.5e-05
 585000      1.36e-01      4.31e-03    3.4e-05
 585100      1.21e-01      3.84e-03    3.4e-05
 585200      1.38e-01      4.37e-03    3.4e-05
 585300      1.31e-01      4.15e-03    3.4e-05
 585400      1.35e-01      4.26e-03    3.4e-05
 585500      1.50e-01      4.75e-03    3.4e-05
 585600      1.20e-01      3.78e-03    3.4e-05
 585700      9.71e-02      3.07e-03    3.4e-05
 585800      1.42e-01      4.49e-03    3.4e-05
 585900      1.20e-01      3.79e-03    3.4e-05
 586000      1.13e-01      3.56e-03    3.4e-05
 586100      1.15e-01      3.63e-03    3.4e-05
 586200      1.33e-01      4.21e-03    3.4e-05
 586300      1.10e-01      3.48e-03    3.4e-05
 586400      1.12e-01      3.53e-03    3.4e-05
 586500      1.31e-01      4.15e-03    3.4e-05
 586600      1.28e-01      4.04e-03    3.4e-05
 586700      1.29e-01      4.09e-03    3.4e-05
 586800      1.32e-01      4.16e-03    3.4e-05
 586900      1.33e-01      4.21e-03    3.4e-05
 587000      1.36e-01      4.29e-03    3.4e-05
 587100      1.31e-01      4.15e-03    3.4e-05
 587200      9.58e-02      3.03e-03    3.4e-05
 587300      1.22e-01      3.84e-03    3.4e-05
 587400      1.33e-01      4.20e-03    3.4e-05
 587500      1.23e-01      3.90e-03    3.4e-05
 587600      9.84e-02      3.11e-03    3.4e-05
 587700      1.21e-01      3.84e-03    3.4e-05
 587800      1.04e-01      3.30e-03    3.4e-05
 587900      1.38e-01      4.36e-03    3.4e-05
 588000      1.37e-01      4.32e-03    3.4e-05
 588100      1.08e-01      3.43e-03    3.4e-05
 588200      1.23e-01      3.90e-03    3.4e-05
 588300      1.29e-01      4.06e-03    3.4e-05
 588400      1.37e-01      4.34e-03    3.4e-05
 588500      1.11e-01      3.52e-03    3.4e-05
 588600      1.38e-01      4.36e-03    3.4e-05
 588700      1.34e-01      4.23e-03    3.4e-05
 588800      1.41e-01      4.45e-03    3.4e-05
 588900      1.15e-01      3.63e-03    3.4e-05
 589000      1.04e-01      3.30e-03    3.4e-05
 589100      1.14e-01      3.60e-03    3.4e-05
 589200      1.13e-01      3.56e-03    3.4e-05
 589300      1.32e-01      4.18e-03    3.4e-05
 589400      1.51e-01      4.78e-03    3.4e-05
 589500      1.41e-01      4.45e-03    3.4e-05
 589600      1.42e-01      4.49e-03    3.4e-05
 589700      1.38e-01      4.35e-03    3.4e-05
 589800      1.51e-01      4.77e-03    3.4e-05
 589900      1.42e-01      4.49e-03    3.4e-05
 590000      1.23e-01      3.89e-03    3.3e-05
 590100      1.35e-01      4.28e-03    3.3e-05
 590200      1.12e-01      3.55e-03    3.3e-05
 590300      1.21e-01      3.82e-03    3.3e-05
 590400      1.20e-01      3.79e-03    3.3e-05
 590500      1.38e-01      4.35e-03    3.3e-05
 590600      1.37e-01      4.33e-03    3.3e-05
 590700      1.41e-01      4.46e-03    3.3e-05
 590800      1.02e-01      3.21e-03    3.3e-05
 590900      1.41e-01      4.46e-03    3.3e-05
 591000      1.36e-01      4.31e-03    3.3e-05
 591100      1.11e-01      3.50e-03    3.3e-05
 591200      1.17e-01      3.71e-03    3.3e-05
 591300      1.22e-01      3.86e-03    3.3e-05
 591400      1.48e-01      4.67e-03    3.3e-05
 591500      1.42e-01      4.48e-03    3.3e-05
 591600      1.31e-01      4.13e-03    3.3e-05
 591700      1.10e-01      3.49e-03    3.3e-05
 591800      1.39e-01      4.38e-03    3.3e-05
 591900      1.07e-01      3.39e-03    3.3e-05
 592000      1.22e-01      3.87e-03    3.3e-05
 592100      1.38e-01      4.38e-03    3.3e-05
 592200      1.36e-01      4.29e-03    3.3e-05
 592300      1.34e-01      4.25e-03    3.3e-05
 592400      1.24e-01      3.92e-03    3.3e-05
 592500      1.05e-01      3.31e-03    3.3e-05
 592600      1.14e-01      3.59e-03    3.3e-05
 592700      1.02e-01      3.22e-03    3.3e-05
 592800      1.09e-01      3.45e-03    3.3e-05
 592900      1.26e-01      3.99e-03    3.3e-05
 593000      1.42e-01      4.48e-03    3.3e-05
 593100      1.23e-01      3.89e-03    3.3e-05
 593200      1.07e-01      3.37e-03    3.3e-05
 593300      1.50e-01      4.74e-03    3.3e-05
 593400      1.45e-01      4.58e-03    3.3e-05
 593500      1.09e-01      3.44e-03    3.3e-05
 593600      1.47e-01      4.65e-03    3.3e-05
 593700      1.30e-01      4.10e-03    3.3e-05
 593800      1.36e-01      4.32e-03    3.3e-05
 593900      1.47e-01      4.66e-03    3.3e-05
 594000      1.45e-01      4.60e-03    3.3e-05
 594100      9.67e-02      3.06e-03    3.3e-05
 594200      1.52e-01      4.80e-03    3.3e-05
 594300      1.55e-01      4.90e-03    3.3e-05
 594400      9.87e-02      3.12e-03    3.3e-05
 594500      1.27e-01      4.02e-03    3.3e-05
 594600      1.23e-01      3.88e-03    3.3e-05
 594700      1.50e-01      4.75e-03    3.3e-05
 594800      1.44e-01      4.57e-03    3.3e-05
 594900      1.36e-01      4.30e-03    3.3e-05
 595000      1.15e-01      3.62e-03    3.3e-05
 595100      1.05e-01      3.33e-03    3.3e-05
 595200      1.16e-01      3.67e-03    3.3e-05
 595300      1.15e-01      3.62e-03    3.3e-05
 595400      1.32e-01      4.16e-03    3.3e-05
 595500      1.36e-01      4.30e-03    3.3e-05
 595600      9.90e-02      3.13e-03    3.3e-05
 595700      1.03e-01      3.24e-03    3.3e-05
 595800      1.38e-01      4.36e-03    3.3e-05
 595900      1.18e-01      3.72e-03    3.3e-05
 596000      1.46e-01      4.61e-03    3.3e-05
 596100      1.06e-01      3.36e-03    3.3e-05
 596200      1.47e-01      4.64e-03    3.3e-05
 596300      1.30e-01      4.11e-03    3.3e-05
 596400      1.05e-01      3.33e-03    3.3e-05
 596500      1.12e-01      3.55e-03    3.3e-05
 596600      1.38e-01      4.36e-03    3.3e-05
 596700      1.36e-01      4.30e-03    3.3e-05
 596800      1.32e-01      4.18e-03    3.3e-05
 596900      1.02e-01      3.22e-03    3.3e-05
 597000      1.46e-01      4.62e-03    3.3e-05
 597100      1.51e-01      4.77e-03    3.3e-05
 597200      1.55e-01      4.90e-03    3.3e-05
 597300      1.26e-01      3.99e-03    3.3e-05
 597400      1.30e-01      4.10e-03    3.3e-05
 597500      1.14e-01      3.60e-03    3.3e-05
 597600      1.57e-01      4.97e-03    3.3e-05
 597700      1.41e-01      4.45e-03    3.3e-05
 597800      1.40e-01      4.42e-03    3.3e-05
 597900      1.32e-01      4.17e-03    3.3e-05
 598000      1.50e-01      4.74e-03    3.3e-05
 598100      1.45e-01      4.59e-03    3.3e-05
 598200      1.39e-01      4.41e-03    3.3e-05
 598300      1.50e-01      4.75e-03    3.3e-05
 598400      1.47e-01      4.66e-03    3.3e-05
 598500      1.12e-01      3.54e-03    3.3e-05
 598600      1.23e-01      3.88e-03    3.3e-05
 598700      1.40e-01      4.44e-03    3.3e-05
 598800      1.09e-01      3.44e-03    3.3e-05
 598900      1.07e-01      3.39e-03    3.3e-05
 599000      1.26e-01      3.99e-03    3.3e-05
 599100      1.30e-01      4.10e-03    3.3e-05
 599200      1.52e-01      4.79e-03    3.3e-05
 599300      1.53e-01      4.83e-03    3.3e-05
 599400      1.14e-01      3.61e-03    3.3e-05
 599500      1.15e-01      3.63e-03    3.3e-05
 599600      1.34e-01      4.24e-03    3.3e-05
 599700      1.18e-01      3.73e-03    3.3e-05
 599800      1.33e-01      4.22e-03    3.3e-05
 599900      1.46e-01      4.60e-03    3.3e-05
 600000      1.53e-01      4.83e-03    3.2e-05
 600100      1.51e-01      4.78e-03    3.2e-05
 600200      1.41e-01      4.47e-03    3.2e-05
 600300      1.03e-01      3.24e-03    3.2e-05
 600400      1.26e-01      4.00e-03    3.2e-05
 600500      1.51e-01      4.78e-03    3.2e-05
 600600      1.12e-01      3.54e-03    3.2e-05
 600700      1.38e-01      4.37e-03    3.2e-05
 600800      1.09e-01      3.45e-03    3.2e-05
 600900      1.41e-01      4.45e-03    3.2e-05
 601000      1.14e-01      3.59e-03    3.2e-05
 601100      1.30e-01      4.11e-03    3.2e-05
 601200      1.29e-01      4.09e-03    3.2e-05
 601300      1.49e-01      4.72e-03    3.2e-05
 601400      1.12e-01      3.54e-03    3.2e-05
 601500      1.19e-01      3.76e-03    3.2e-05
 601600      1.67e-01      5.28e-03    3.2e-05
 601700      1.55e-01      4.90e-03    3.2e-05
 601800      1.15e-01      3.65e-03    3.2e-05
 601900      1.24e-01      3.94e-03    3.2e-05
 602000      1.44e-01      4.55e-03    3.2e-05
 602100      1.17e-01      3.71e-03    3.2e-05
 602200      1.38e-01      4.36e-03    3.2e-05
 602300      1.52e-01      4.80e-03    3.2e-05
 602400      1.27e-01      4.01e-03    3.2e-05
 602500      1.32e-01      4.17e-03    3.2e-05
 602600      1.36e-01      4.29e-03    3.2e-05
 602700      1.34e-01      4.25e-03    3.2e-05
 602800      1.26e-01      4.00e-03    3.2e-05
 602900      1.07e-01      3.40e-03    3.2e-05
 603000      1.33e-01      4.21e-03    3.2e-05
 603100      1.41e-01      4.46e-03    3.2e-05
 603200      1.07e-01      3.39e-03    3.2e-05
 603300      1.15e-01      3.64e-03    3.2e-05
 603400      1.31e-01      4.14e-03    3.2e-05
 603500      1.51e-01      4.79e-03    3.2e-05
 603600      1.38e-01      4.36e-03    3.2e-05
 603700      1.29e-01      4.09e-03    3.2e-05
 603800      1.11e-01      3.53e-03    3.2e-05
 603900      1.44e-01      4.57e-03    3.2e-05
 604000      1.35e-01      4.26e-03    3.2e-05
 604100      1.42e-01      4.49e-03    3.2e-05
 604200      1.21e-01      3.84e-03    3.2e-05
 604300      1.16e-01      3.66e-03    3.2e-05
 604400      1.24e-01      3.93e-03    3.2e-05
 604500      1.30e-01      4.12e-03    3.2e-05
 604600      1.28e-01      4.04e-03    3.2e-05
 604700      1.44e-01      4.55e-03    3.2e-05
 604800      1.29e-01      4.08e-03    3.2e-05
 604900      1.46e-01      4.62e-03    3.2e-05
 605000      1.37e-01      4.33e-03    3.1e-05
 605100      1.09e-01      3.46e-03    3.1e-05
 605200      1.32e-01      4.16e-03    3.1e-05
 605300      1.30e-01      4.11e-03    3.1e-05
 605400      1.30e-01      4.10e-03    3.1e-05
 605500      1.15e-01      3.64e-03    3.1e-05
 605600      1.37e-01      4.34e-03    3.1e-05
 605700      1.23e-01      3.88e-03    3.1e-05
 605800      1.22e-01      3.87e-03    3.1e-05
 605900      1.38e-01      4.37e-03    3.1e-05
 606000      1.58e-01      5.00e-03    3.1e-05
 606100      1.27e-01      4.03e-03    3.1e-05
 606200      1.22e-01      3.86e-03    3.1e-05
 606300      1.04e-01      3.28e-03    3.1e-05
 606400      1.51e-01      4.77e-03    3.1e-05
 606500      1.42e-01      4.51e-03    3.1e-05
 606600      1.39e-01      4.38e-03    3.1e-05
 606700      1.09e-01      3.44e-03    3.1e-05
 606800      1.41e-01      4.47e-03    3.1e-05
 606900      1.47e-01      4.65e-03    3.1e-05
 607000      1.34e-01      4.25e-03    3.1e-05
 607100      1.18e-01      3.72e-03    3.1e-05
 607200      1.24e-01      3.92e-03    3.1e-05
 607300      1.23e-01      3.88e-03    3.1e-05
 607400      1.58e-01      4.99e-03    3.1e-05
 607500      1.42e-01      4.48e-03    3.1e-05
 607600      1.06e-01      3.35e-03    3.1e-05
 607700      1.37e-01      4.32e-03    3.1e-05
 607800      1.31e-01      4.13e-03    3.1e-05
 607900      1.36e-01      4.29e-03    3.1e-05
 608000      1.04e-01      3.30e-03    3.1e-05
 608100      1.42e-01      4.50e-03    3.1e-05
 608200      1.20e-01      3.78e-03    3.1e-05
 608300      1.37e-01      4.33e-03    3.1e-05
 608400      1.21e-01      3.83e-03    3.1e-05
 608500      1.36e-01      4.30e-03    3.1e-05
 608600      1.39e-01      4.39e-03    3.1e-05
 608700      1.36e-01      4.29e-03    3.1e-05
 608800      1.48e-01      4.67e-03    3.1e-05
 608900      1.51e-01      4.77e-03    3.1e-05
 609000      1.16e-01      3.67e-03    3.1e-05
 609100      1.32e-01      4.17e-03    3.1e-05
 609200      1.27e-01      4.02e-03    3.1e-05
 609300      1.45e-01      4.57e-03    3.1e-05
 609400      1.50e-01      4.74e-03    3.1e-05
 609500      1.46e-01      4.62e-03    3.1e-05
 609600      1.34e-01      4.25e-03    3.1e-05
 609700      1.46e-01      4.63e-03    3.1e-05
 609800      1.25e-01      3.94e-03    3.1e-05
 609900      1.44e-01      4.56e-03    3.1e-05
 610000      1.45e-01      4.59e-03    3.0e-05
 610100      1.58e-01      5.00e-03    3.0e-05
 610200      1.12e-01      3.54e-03    3.0e-05
 610300      1.51e-01      4.78e-03    3.0e-05
 610400      1.28e-01      4.05e-03    3.0e-05
 610500      9.80e-02      3.10e-03    3.0e-05
 610600      1.50e-01      4.74e-03    3.0e-05
 610700      1.36e-01      4.30e-03    3.0e-05
 610800      1.29e-01      4.08e-03    3.0e-05
 610900      1.34e-01      4.24e-03    3.0e-05
 611000      1.42e-01      4.50e-03    3.0e-05
 611100      1.47e-01      4.66e-03    3.0e-05
 611200      1.50e-01      4.75e-03    3.0e-05
 611300      1.26e-01      3.98e-03    3.0e-05
 611400      1.43e-01      4.53e-03    3.0e-05
 611500      1.34e-01      4.25e-03    3.0e-05
 611600      1.48e-01      4.69e-03    3.0e-05
 611700      1.50e-01      4.74e-03    3.0e-05
 611800      1.37e-01      4.33e-03    3.0e-05
 611900      1.20e-01      3.78e-03    3.0e-05
 612000      1.35e-01      4.28e-03    3.0e-05
 612100      1.40e-01      4.43e-03    3.0e-05
 612200      1.47e-01      4.66e-03    3.0e-05
 612300      1.33e-01      4.21e-03    3.0e-05
 612400      1.52e-01      4.79e-03    3.0e-05
 612500      1.24e-01      3.93e-03    3.0e-05
 612600      1.25e-01      3.96e-03    3.0e-05
 612700      1.28e-01      4.05e-03    3.0e-05
 612800      1.02e-01      3.22e-03    3.0e-05
 612900      1.09e-01      3.44e-03    3.0e-05
 613000      1.21e-01      3.84e-03    3.0e-05
 613100      1.42e-01      4.49e-03    3.0e-05
 613200      9.52e-02      3.01e-03    3.0e-05
 613300      1.36e-01      4.30e-03    3.0e-05
 613400      1.32e-01      4.18e-03    3.0e-05
 613500      1.37e-01      4.34e-03    3.0e-05
 613600      1.45e-01      4.60e-03    3.0e-05
 613700      1.08e-01      3.42e-03    3.0e-05
 613800      1.34e-01      4.24e-03    3.0e-05
 613900      1.07e-01      3.37e-03    3.0e-05
 614000      1.48e-01      4.68e-03    3.0e-05
 614100      1.15e-01      3.63e-03    3.0e-05
 614200      1.33e-01      4.21e-03    3.0e-05
 614300      1.01e-01      3.20e-03    3.0e-05
 614400      1.22e-01      3.85e-03    3.0e-05
 614500      1.41e-01      4.45e-03    3.0e-05
 614600      1.34e-01      4.25e-03    3.0e-05
 614700      1.27e-01      4.01e-03    3.0e-05
 614800      1.27e-01      4.00e-03    3.0e-05
 614900      1.52e-01      4.79e-03    3.0e-05
 615000      1.32e-01      4.17e-03    2.9e-05
 615100      1.07e-01      3.37e-03    2.9e-05
 615200      1.38e-01      4.38e-03    2.9e-05
 615300      1.35e-01      4.26e-03    2.9e-05
 615400      1.35e-01      4.28e-03    2.9e-05
 615500      1.30e-01      4.12e-03    2.9e-05
 615600      1.01e-01      3.20e-03    2.9e-05
 615700      1.46e-01      4.62e-03    2.9e-05
 615800      1.13e-01      3.58e-03    2.9e-05
 615900      1.42e-01      4.49e-03    2.9e-05
 616000      1.42e-01      4.50e-03    2.9e-05
 616100      1.39e-01      4.39e-03    2.9e-05
 616200      1.60e-01      5.06e-03    2.9e-05
 616300      1.18e-01      3.74e-03    2.9e-05
 616400      1.26e-01      3.98e-03    2.9e-05
 616500      1.29e-01      4.07e-03    2.9e-05
 616600      1.34e-01      4.23e-03    2.9e-05
 616700      1.27e-01      4.02e-03    2.9e-05
 616800      1.25e-01      3.95e-03    2.9e-05
 616900      1.45e-01      4.58e-03    2.9e-05
 617000      1.23e-01      3.89e-03    2.9e-05
 617100      1.20e-01      3.79e-03    2.9e-05
 617200      1.39e-01      4.40e-03    2.9e-05
 617300      1.52e-01      4.80e-03    2.9e-05
 617400      1.45e-01      4.57e-03    2.9e-05
 617500      1.35e-01      4.28e-03    2.9e-05
 617600      1.21e-01      3.81e-03    2.9e-05
 617700      1.40e-01      4.43e-03    2.9e-05
 617800      1.07e-01      3.37e-03    2.9e-05
 617900      1.26e-01      3.99e-03    2.9e-05
 618000      1.27e-01      4.03e-03    2.9e-05
 618100      1.41e-01      4.45e-03    2.9e-05
 618200      1.38e-01      4.35e-03    2.9e-05
 618300      1.41e-01      4.45e-03    2.9e-05
 618400      1.56e-01      4.93e-03    2.9e-05
 618500      1.47e-01      4.65e-03    2.9e-05
 618600      1.21e-01      3.83e-03    2.9e-05
 618700      1.12e-01      3.53e-03    2.9e-05
 618800      1.65e-01      5.21e-03    2.9e-05
 618900      1.10e-01      3.48e-03    2.9e-05
 619000      1.34e-01      4.22e-03    2.9e-05
 619100      1.13e-01      3.57e-03    2.9e-05
 619200      1.40e-01      4.44e-03    2.9e-05
 619300      1.36e-01      4.31e-03    2.9e-05
 619400      1.06e-01      3.36e-03    2.9e-05
 619500      1.34e-01      4.24e-03    2.9e-05
 619600      1.16e-01      3.67e-03    2.9e-05
 619700      1.36e-01      4.31e-03    2.9e-05
 619800      1.25e-01      3.96e-03    2.9e-05
 619900      1.46e-01      4.63e-03    2.9e-05
 620000      1.42e-01      4.49e-03    2.8e-05
 620100      1.17e-01      3.71e-03    2.8e-05
 620200      1.35e-01      4.25e-03    2.8e-05
 620300      1.54e-01      4.87e-03    2.8e-05
 620400      1.31e-01      4.16e-03    2.8e-05
 620500      1.27e-01      4.03e-03    2.8e-05
 620600      1.43e-01      4.52e-03    2.8e-05
 620700      1.37e-01      4.35e-03    2.8e-05
 620800      1.11e-01      3.50e-03    2.8e-05
 620900      1.53e-01      4.83e-03    2.8e-05
 621000      1.39e-01      4.40e-03    2.8e-05
 621100      1.43e-01      4.52e-03    2.8e-05
 621200      1.28e-01      4.05e-03    2.8e-05
 621300      1.38e-01      4.36e-03    2.8e-05
 621400      1.48e-01      4.69e-03    2.8e-05
 621500      1.25e-01      3.95e-03    2.8e-05
 621600      1.32e-01      4.17e-03    2.8e-05
 621700      1.57e-01      4.98e-03    2.8e-05
 621800      1.19e-01      3.77e-03    2.8e-05
 621900      1.18e-01      3.73e-03    2.8e-05
 622000      1.40e-01      4.43e-03    2.8e-05
 622100      1.34e-01      4.24e-03    2.8e-05
 622200      1.46e-01      4.62e-03    2.8e-05
 622300      1.34e-01      4.25e-03    2.8e-05
 622400      1.10e-01      3.48e-03    2.8e-05
 622500      9.87e-02      3.12e-03    2.8e-05
 622600      1.39e-01      4.38e-03    2.8e-05
 622700      1.36e-01      4.31e-03    2.8e-05
 622800      1.23e-01      3.89e-03    2.8e-05
 622900      1.34e-01      4.24e-03    2.8e-05
 623000      1.19e-01      3.78e-03    2.8e-05
 623100      1.33e-01      4.20e-03    2.8e-05
 623200      1.15e-01      3.64e-03    2.8e-05
 623300      1.28e-01      4.06e-03    2.8e-05
 623400      1.13e-01      3.57e-03    2.8e-05
 623500      1.16e-01      3.67e-03    2.8e-05
 623600      1.39e-01      4.38e-03    2.8e-05
 623700      1.47e-01      4.64e-03    2.8e-05
 623800      1.48e-01      4.68e-03    2.8e-05
 623900      1.05e-01      3.33e-03    2.8e-05
 624000      1.14e-01      3.60e-03    2.8e-05
 624100      1.23e-01      3.88e-03    2.8e-05
 624200      1.36e-01      4.30e-03    2.8e-05
 624300      1.30e-01      4.10e-03    2.8e-05
 624400      1.09e-01      3.44e-03    2.8e-05
 624500      1.35e-01      4.27e-03    2.8e-05
 624600      1.16e-01      3.66e-03    2.8e-05
 624700      1.32e-01      4.18e-03    2.8e-05
 624800      1.40e-01      4.41e-03    2.8e-05
 624900      1.28e-01      4.05e-03    2.8e-05
 625000      1.32e-01      4.17e-03    2.7e-05
 625100      1.18e-01      3.73e-03    2.7e-05
 625200      1.41e-01      4.45e-03    2.7e-05
 625300      1.35e-01      4.27e-03    2.7e-05
 625400      1.69e-01      5.33e-03    2.7e-05
 625500      1.25e-01      3.96e-03    2.7e-05
 625600      1.09e-01      3.43e-03    2.7e-05
 625700      1.25e-01      3.95e-03    2.7e-05
 625800      1.15e-01      3.64e-03    2.7e-05
 625900      1.33e-01      4.22e-03    2.7e-05
 626000      1.41e-01      4.47e-03    2.7e-05
 626100      1.08e-01      3.42e-03    2.7e-05
 626200      1.08e-01      3.41e-03    2.7e-05
 626300      1.33e-01      4.21e-03    2.7e-05
 626400      1.31e-01      4.14e-03    2.7e-05
 626500      1.29e-01      4.07e-03    2.7e-05
 626600      1.12e-01      3.54e-03    2.7e-05
 626700      1.11e-01      3.50e-03    2.7e-05
 626800      1.47e-01      4.66e-03    2.7e-05
 626900      1.16e-01      3.65e-03    2.7e-05
 627000      1.22e-01      3.86e-03    2.7e-05
 627100      1.21e-01      3.82e-03    2.7e-05
 627200      1.01e-01      3.20e-03    2.7e-05
 627300      1.36e-01      4.30e-03    2.7e-05
 627400      1.30e-01      4.11e-03    2.7e-05
 627500      1.36e-01      4.31e-03    2.7e-05
 627600      1.42e-01      4.50e-03    2.7e-05
 627700      1.40e-01      4.44e-03    2.7e-05
 627800      1.39e-01      4.40e-03    2.7e-05
 627900      1.28e-01      4.03e-03    2.7e-05
 628000      1.30e-01      4.10e-03    2.7e-05
 628100      1.42e-01      4.48e-03    2.7e-05
 628200      1.28e-01      4.05e-03    2.7e-05
 628300      1.16e-01      3.68e-03    2.7e-05
 628400      1.11e-01      3.50e-03    2.7e-05
 628500      1.32e-01      4.16e-03    2.7e-05
 628600      1.54e-01      4.86e-03    2.7e-05
 628700      1.45e-01      4.58e-03    2.7e-05
 628800      1.45e-01      4.59e-03    2.7e-05
 628900      1.45e-01      4.59e-03    2.7e-05
 629000      1.28e-01      4.06e-03    2.7e-05
 629100      1.50e-01      4.75e-03    2.7e-05
 629200      1.40e-01      4.44e-03    2.7e-05
 629300      1.36e-01      4.30e-03    2.7e-05
 629400      1.00e-01      3.17e-03    2.7e-05
 629500      1.15e-01      3.64e-03    2.7e-05
 629600      1.38e-01      4.36e-03    2.7e-05
 629700      1.06e-01      3.34e-03    2.7e-05
 629800      1.36e-01      4.29e-03    2.7e-05
 629900      1.32e-01      4.19e-03    2.7e-05
 630000      1.29e-01      4.07e-03    2.7e-05
 630100      1.23e-01      3.88e-03    2.7e-05
 630200      1.42e-01      4.50e-03    2.7e-05
 630300      1.07e-01      3.40e-03    2.7e-05
 630400      1.33e-01      4.20e-03    2.7e-05
 630500      1.04e-01      3.30e-03    2.7e-05
 630600      1.35e-01      4.26e-03    2.7e-05
 630700      1.54e-01      4.88e-03    2.7e-05
 630800      1.37e-01      4.33e-03    2.7e-05
 630900      1.28e-01      4.05e-03    2.7e-05
 631000      1.38e-01      4.36e-03    2.7e-05
 631100      1.51e-01      4.78e-03    2.7e-05
 631200      1.41e-01      4.45e-03    2.7e-05
 631300      1.36e-01      4.29e-03    2.7e-05
 631400      1.48e-01      4.67e-03    2.7e-05
 631500      1.15e-01      3.62e-03    2.7e-05
 631600      1.47e-01      4.66e-03    2.7e-05
 631700      1.39e-01      4.38e-03    2.7e-05
 631800      1.39e-01      4.41e-03    2.7e-05
 631900      1.49e-01      4.72e-03    2.7e-05
 632000      1.02e-01      3.24e-03    2.7e-05
 632100      1.50e-01      4.73e-03    2.7e-05
 632200      1.56e-01      4.94e-03    2.7e-05
 632300      1.10e-01      3.49e-03    2.7e-05
 632400      1.39e-01      4.39e-03    2.7e-05
 632500      1.49e-01      4.72e-03    2.7e-05
 632600      1.49e-01      4.73e-03    2.7e-05
 632700      1.48e-01      4.69e-03    2.7e-05
 632800      1.41e-01      4.45e-03    2.7e-05
 632900      1.13e-01      3.57e-03    2.7e-05
 633000      1.16e-01      3.66e-03    2.7e-05
 633100      1.01e-01      3.21e-03    2.7e-05
 633200      1.46e-01      4.63e-03    2.7e-05
 633300      1.38e-01      4.36e-03    2.7e-05
 633400      1.32e-01      4.16e-03    2.7e-05
 633500      1.35e-01      4.28e-03    2.7e-05
 633600      9.91e-02      3.14e-03    2.7e-05
 633700      1.07e-01      3.39e-03    2.7e-05
 633800      1.14e-01      3.59e-03    2.7e-05
 633900      1.51e-01      4.78e-03    2.7e-05
 634000      1.50e-01      4.74e-03    2.7e-05
 634100      1.21e-01      3.81e-03    2.7e-05
 634200      1.25e-01      3.96e-03    2.7e-05
 634300      1.42e-01      4.48e-03    2.7e-05
 634400      1.18e-01      3.72e-03    2.7e-05
 634500      1.06e-01      3.34e-03    2.7e-05
 634600      1.00e-01      3.17e-03    2.7e-05
 634700      1.48e-01      4.67e-03    2.7e-05
 634800      1.39e-01      4.39e-03    2.7e-05
 634900      1.44e-01      4.54e-03    2.7e-05
 635000      1.31e-01      4.14e-03    2.6e-05
 635100      1.52e-01      4.79e-03    2.6e-05
 635200      1.17e-01      3.69e-03    2.6e-05
 635300      1.33e-01      4.22e-03    2.6e-05
 635400      1.38e-01      4.36e-03    2.6e-05
 635500      1.38e-01      4.36e-03    2.6e-05
 635600      1.46e-01      4.63e-03    2.6e-05
 635700      1.27e-01      4.01e-03    2.6e-05
 635800      1.15e-01      3.63e-03    2.6e-05
 635900      1.43e-01      4.53e-03    2.6e-05
 636000      1.14e-01      3.60e-03    2.6e-05
 636100      1.03e-01      3.26e-03    2.6e-05
 636200      1.43e-01      4.54e-03    2.6e-05
 636300      1.35e-01      4.27e-03    2.6e-05
 636400      1.51e-01      4.77e-03    2.6e-05
 636500      1.44e-01      4.55e-03    2.6e-05
 636600      1.58e-01      4.98e-03    2.6e-05
 636700      1.21e-01      3.82e-03    2.6e-05
 636800      1.32e-01      4.17e-03    2.6e-05
 636900      1.10e-01      3.48e-03    2.6e-05
 637000      1.43e-01      4.51e-03    2.6e-05
 637100      1.44e-01      4.54e-03    2.6e-05
 637200      1.33e-01      4.22e-03    2.6e-05
 637300      1.38e-01      4.36e-03    2.6e-05
 637400      1.08e-01      3.41e-03    2.6e-05
 637500      1.42e-01      4.48e-03    2.6e-05
 637600      1.07e-01      3.40e-03    2.6e-05
 637700      1.21e-01      3.82e-03    2.6e-05
 637800      1.23e-01      3.89e-03    2.6e-05
 637900      1.48e-01      4.67e-03    2.6e-05
 638000      1.29e-01      4.08e-03    2.6e-05
 638100      1.15e-01      3.65e-03    2.6e-05
 638200      1.39e-01      4.40e-03    2.6e-05
 638300      1.43e-01      4.51e-03    2.6e-05
 638400      1.30e-01      4.10e-03    2.6e-05
 638500      1.15e-01      3.64e-03    2.6e-05
 638600      1.17e-01      3.71e-03    2.6e-05
 638700      1.03e-01      3.25e-03    2.6e-05
 638800      1.32e-01      4.18e-03    2.6e-05
 638900      1.23e-01      3.89e-03    2.6e-05
 639000      1.49e-01      4.72e-03    2.6e-05
 639100      1.51e-01      4.77e-03    2.6e-05
 639200      1.45e-01      4.59e-03    2.6e-05
 639300      1.19e-01      3.76e-03    2.6e-05
 639400      1.57e-01      4.98e-03    2.6e-05
 639500      1.17e-01      3.71e-03    2.6e-05
 639600      1.54e-01      4.86e-03    2.6e-05
 639700      1.38e-01      4.35e-03    2.6e-05
 639800      1.18e-01      3.74e-03    2.6e-05
 639900      1.47e-01      4.65e-03    2.6e-05
 640000      1.16e-01      3.66e-03    2.5e-05
 640100      1.29e-01      4.07e-03    2.5e-05
 640200      1.17e-01      3.68e-03    2.5e-05
 640300      1.35e-01      4.28e-03    2.5e-05
 640400      1.48e-01      4.66e-03    2.5e-05
 640500      1.47e-01      4.65e-03    2.5e-05
 640600      1.23e-01      3.89e-03    2.5e-05
 640700      1.37e-01      4.34e-03    2.5e-05
 640800      9.68e-02      3.06e-03    2.5e-05
 640900      1.57e-01      4.96e-03    2.5e-05
 641000      1.49e-01      4.72e-03    2.5e-05
 641100      9.81e-02      3.10e-03    2.5e-05
 641200      1.46e-01      4.60e-03    2.5e-05
 641300      1.36e-01      4.30e-03    2.5e-05
 641400      1.35e-01      4.25e-03    2.5e-05
 641500      1.21e-01      3.81e-03    2.5e-05
 641600      1.39e-01      4.39e-03    2.5e-05
 641700      1.31e-01      4.13e-03    2.5e-05
 641800      1.24e-01      3.92e-03    2.5e-05
 641900      1.36e-01      4.30e-03    2.5e-05
 642000      1.43e-01      4.53e-03    2.5e-05
 642100      1.28e-01      4.06e-03    2.5e-05
 642200      1.21e-01      3.83e-03    2.5e-05
 642300      1.40e-01      4.44e-03    2.5e-05
 642400      1.42e-01      4.49e-03    2.5e-05
 642500      1.29e-01      4.08e-03    2.5e-05
 642600      1.39e-01      4.38e-03    2.5e-05
 642700      1.03e-01      3.27e-03    2.5e-05
 642800      1.13e-01      3.56e-03    2.5e-05
 642900      1.33e-01      4.20e-03    2.5e-05
 643000      1.37e-01      4.33e-03    2.5e-05
 643100      1.52e-01      4.81e-03    2.5e-05
 643200      1.55e-01      4.91e-03    2.5e-05
 643300      1.32e-01      4.17e-03    2.5e-05
 643400      1.12e-01      3.54e-03    2.5e-05
 643500      1.22e-01      3.84e-03    2.5e-05
 643600      1.33e-01      4.20e-03    2.5e-05
 643700      1.06e-01      3.37e-03    2.5e-05
 643800      1.50e-01      4.73e-03    2.5e-05
 643900      1.26e-01      3.99e-03    2.5e-05
 644000      1.31e-01      4.13e-03    2.5e-05
 644100      1.60e-01      5.07e-03    2.5e-05
 644200      1.19e-01      3.77e-03    2.5e-05
 644300      1.38e-01      4.36e-03    2.5e-05
 644400      1.55e-01      4.89e-03    2.5e-05
 644500      1.58e-01      4.99e-03    2.5e-05
 644600      1.47e-01      4.65e-03    2.5e-05
 644700      1.41e-01      4.45e-03    2.5e-05
 644800      1.04e-01      3.29e-03    2.5e-05
 644900      1.27e-01      4.02e-03    2.5e-05
 645000      1.41e-01      4.46e-03    2.4e-05
 645100      1.24e-01      3.93e-03    2.4e-05
 645200      1.50e-01      4.74e-03    2.4e-05
 645300      1.25e-01      3.95e-03    2.4e-05
 645400      1.18e-01      3.74e-03    2.4e-05
 645500      1.33e-01      4.19e-03    2.4e-05
 645600      1.37e-01      4.34e-03    2.4e-05
 645700      1.26e-01      3.99e-03    2.4e-05
 645800      1.16e-01      3.67e-03    2.4e-05
 645900      1.16e-01      3.67e-03    2.4e-05
 646000      1.26e-01      3.98e-03    2.4e-05
 646100      1.17e-01      3.70e-03    2.4e-05
 646200      1.40e-01      4.44e-03    2.4e-05
 646300      1.09e-01      3.46e-03    2.4e-05
 646400      1.33e-01      4.21e-03    2.4e-05
 646500      1.45e-01      4.58e-03    2.4e-05
 646600      1.50e-01      4.74e-03    2.4e-05
 646700      1.23e-01      3.89e-03    2.4e-05
 646800      1.28e-01      4.05e-03    2.4e-05
 646900      1.34e-01      4.24e-03    2.4e-05
 647000      9.88e-02      3.12e-03    2.4e-05
 647100      1.51e-01      4.78e-03    2.4e-05
 647200      1.34e-01      4.24e-03    2.4e-05
 647300      1.36e-01      4.30e-03    2.4e-05
 647400      1.41e-01      4.45e-03    2.4e-05
 647500      1.30e-01      4.11e-03    2.4e-05
 647600      1.48e-01      4.67e-03    2.4e-05
 647700      1.16e-01      3.68e-03    2.4e-05
 647800      1.35e-01      4.26e-03    2.4e-05
 647900      1.26e-01      3.99e-03    2.4e-05
 648000      1.47e-01      4.66e-03    2.4e-05
 648100      1.11e-01      3.52e-03    2.4e-05
 648200      1.44e-01      4.54e-03    2.4e-05
 648300      1.43e-01      4.52e-03    2.4e-05
 648400      1.37e-01      4.33e-03    2.4e-05
 648500      1.41e-01      4.46e-03    2.4e-05
 648600      1.70e-01      5.38e-03    2.4e-05
 648700      1.34e-01      4.24e-03    2.4e-05
 648800      1.50e-01      4.75e-03    2.4e-05
 648900      1.13e-01      3.58e-03    2.4e-05
 649000      1.37e-01      4.32e-03    2.4e-05
 649100      1.58e-01      4.99e-03    2.4e-05
 649200      1.13e-01      3.58e-03    2.4e-05
 649300      1.47e-01      4.66e-03    2.4e-05
 649400      1.46e-01      4.63e-03    2.4e-05
 649500      1.42e-01      4.49e-03    2.4e-05
 649600      1.49e-01      4.70e-03    2.4e-05
 649700      1.30e-01      4.12e-03    2.4e-05
 649800      1.09e-01      3.44e-03    2.4e-05
 649900      1.14e-01      3.61e-03    2.4e-05
 650000      1.32e-01      4.19e-03    2.4e-05
 650100      1.12e-01      3.53e-03    2.4e-05
 650200      1.15e-01      3.62e-03    2.4e-05
 650300      1.34e-01      4.23e-03    2.4e-05
 650400      1.18e-01      3.73e-03    2.4e-05
 650500      1.16e-01      3.66e-03    2.4e-05
 650600      1.31e-01      4.16e-03    2.4e-05
 650700      1.11e-01      3.52e-03    2.4e-05
 650800      1.22e-01      3.85e-03    2.4e-05
 650900      9.90e-02      3.13e-03    2.4e-05
 651000      1.08e-01      3.42e-03    2.4e-05
 651100      1.54e-01      4.87e-03    2.4e-05
 651200      1.25e-01      3.94e-03    2.4e-05
 651300      1.15e-01      3.62e-03    2.4e-05
 651400      1.17e-01      3.68e-03    2.4e-05
 651500      1.54e-01      4.88e-03    2.4e-05
 651600      1.52e-01      4.81e-03    2.4e-05
 651700      1.13e-01      3.57e-03    2.4e-05
 651800      1.11e-01      3.50e-03    2.4e-05
 651900      9.17e-02      2.90e-03    2.4e-05
 652000      1.22e-01      3.87e-03    2.4e-05
 652100      1.23e-01      3.87e-03    2.4e-05
 652200      1.28e-01      4.04e-03    2.4e-05
 652300      1.39e-01      4.40e-03    2.4e-05
 652400      1.32e-01      4.17e-03    2.4e-05
 652500      1.45e-01      4.60e-03    2.4e-05
 652600      1.19e-01      3.75e-03    2.4e-05
 652700      1.23e-01      3.89e-03    2.4e-05
 652800      1.31e-01      4.13e-03    2.4e-05
 652900      1.31e-01      4.14e-03    2.4e-05
 653000      1.16e-01      3.67e-03    2.4e-05
 653100      1.21e-01      3.83e-03    2.4e-05
 653200      1.23e-01      3.89e-03    2.4e-05
 653300      1.61e-01      5.09e-03    2.4e-05
 653400      1.33e-01      4.22e-03    2.4e-05
 653500      1.41e-01      4.47e-03    2.4e-05
 653600      1.16e-01      3.67e-03    2.4e-05
 653700      1.41e-01      4.46e-03    2.4e-05
 653800      1.42e-01      4.50e-03    2.4e-05
 653900      1.62e-01      5.11e-03    2.4e-05
 654000      1.30e-01      4.11e-03    2.4e-05
 654100      1.44e-01      4.56e-03    2.4e-05
 654200      1.18e-01      3.74e-03    2.4e-05
 654300      1.49e-01      4.71e-03    2.4e-05
 654400      1.29e-01      4.08e-03    2.4e-05
 654500      1.46e-01      4.63e-03    2.4e-05
 654600      1.54e-01      4.88e-03    2.4e-05
 654700      1.01e-01      3.20e-03    2.4e-05
 654800      1.37e-01      4.34e-03    2.4e-05
 654900      1.36e-01      4.29e-03    2.4e-05
 655000      1.47e-01      4.64e-03    2.3e-05
 655100      1.25e-01      3.94e-03    2.3e-05
 655200      1.25e-01      3.96e-03    2.3e-05
 655300      1.35e-01      4.26e-03    2.3e-05
 655400      1.14e-01      3.61e-03    2.3e-05
 655500      1.37e-01      4.35e-03    2.3e-05
 655600      1.54e-01      4.86e-03    2.3e-05
 655700      1.12e-01      3.56e-03    2.3e-05
 655800      1.07e-01      3.38e-03    2.3e-05
 655900      1.43e-01      4.53e-03    2.3e-05
 656000      1.07e-01      3.40e-03    2.3e-05
 656100      1.31e-01      4.13e-03    2.3e-05
 656200      1.21e-01      3.83e-03    2.3e-05
 656300      1.11e-01      3.51e-03    2.3e-05
 656400      1.56e-01      4.94e-03    2.3e-05
 656500      1.61e-01      5.11e-03    2.3e-05
 656600      1.16e-01      3.66e-03    2.3e-05
 656700      1.22e-01      3.86e-03    2.3e-05
 656800      1.29e-01      4.09e-03    2.3e-05
 656900      1.39e-01      4.40e-03    2.3e-05
 657000      1.13e-01      3.56e-03    2.3e-05
 657100      1.49e-01      4.71e-03    2.3e-05
 657200      1.39e-01      4.38e-03    2.3e-05
 657300      1.21e-01      3.81e-03    2.3e-05
 657400      1.60e-01      5.07e-03    2.3e-05
 657500      1.42e-01      4.50e-03    2.3e-05
 657600      9.90e-02      3.13e-03    2.3e-05
 657700      1.30e-01      4.10e-03    2.3e-05
 657800      1.52e-01      4.82e-03    2.3e-05
 657900      1.43e-01      4.52e-03    2.3e-05
 658000      1.35e-01      4.26e-03    2.3e-05
 658100      1.09e-01      3.46e-03    2.3e-05
 658200      1.07e-01      3.38e-03    2.3e-05
 658300      1.36e-01      4.31e-03    2.3e-05
 658400      1.28e-01      4.04e-03    2.3e-05
 658500      1.21e-01      3.83e-03    2.3e-05
 658600      1.61e-01      5.10e-03    2.3e-05
 658700      1.27e-01      4.00e-03    2.3e-05
 658800      1.40e-01      4.42e-03    2.3e-05
 658900      1.43e-01      4.52e-03    2.3e-05
 659000      1.13e-01      3.58e-03    2.3e-05
 659100      1.27e-01      4.02e-03    2.3e-05
 659200      1.33e-01      4.19e-03    2.3e-05
 659300      1.05e-01      3.31e-03    2.3e-05
 659400      1.46e-01      4.63e-03    2.3e-05
 659500      9.88e-02      3.13e-03    2.3e-05
 659600      1.65e-01      5.23e-03    2.3e-05
 659700      1.43e-01      4.51e-03    2.3e-05
 659800      1.43e-01      4.52e-03    2.3e-05
 659900      1.12e-01      3.53e-03    2.3e-05
 660000      1.25e-01      3.95e-03    2.2e-05
 660100      1.45e-01      4.60e-03    2.2e-05
 660200      1.18e-01      3.73e-03    2.2e-05
 660300      1.18e-01      3.72e-03    2.2e-05
 660400      1.43e-01      4.53e-03    2.2e-05
 660500      1.24e-01      3.93e-03    2.2e-05
 660600      1.46e-01      4.61e-03    2.2e-05
 660700      1.36e-01      4.28e-03    2.2e-05
 660800      1.28e-01      4.05e-03    2.2e-05
 660900      1.17e-01      3.70e-03    2.2e-05
 661000      1.04e-01      3.29e-03    2.2e-05
 661100      1.15e-01      3.64e-03    2.2e-05
 661200      1.11e-01      3.52e-03    2.2e-05
 661300      1.37e-01      4.32e-03    2.2e-05
 661400      1.20e-01      3.79e-03    2.2e-05
 661500      1.21e-01      3.82e-03    2.2e-05
 661600      1.33e-01      4.19e-03    2.2e-05
 661700      9.18e-02      2.90e-03    2.2e-05
 661800      1.52e-01      4.81e-03    2.2e-05
 661900      1.10e-01      3.49e-03    2.2e-05
 662000      1.34e-01      4.24e-03    2.2e-05
 662100      1.07e-01      3.37e-03    2.2e-05
 662200      1.09e-01      3.46e-03    2.2e-05
 662300      1.03e-01      3.26e-03    2.2e-05
 662400      1.16e-01      3.68e-03    2.2e-05
 662500      1.47e-01      4.64e-03    2.2e-05
 662600      1.43e-01      4.54e-03    2.2e-05
 662700      1.03e-01      3.26e-03    2.2e-05
 662800      1.27e-01      4.02e-03    2.2e-05
 662900      1.33e-01      4.20e-03    2.2e-05
 663000      1.21e-01      3.83e-03    2.2e-05
 663100      1.26e-01      3.98e-03    2.2e-05
 663200      1.30e-01      4.12e-03    2.2e-05
 663300      1.14e-01      3.60e-03    2.2e-05
 663400      1.33e-01      4.20e-03    2.2e-05
 663500      1.31e-01      4.15e-03    2.2e-05
 663600      1.07e-01      3.39e-03    2.2e-05
 663700      1.29e-01      4.08e-03    2.2e-05
 663800      9.70e-02      3.07e-03    2.2e-05
 663900      1.55e-01      4.89e-03    2.2e-05
 664000      1.39e-01      4.39e-03    2.2e-05
 664100      1.38e-01      4.36e-03    2.2e-05
 664200      1.38e-01      4.37e-03    2.2e-05
 664300      1.37e-01      4.33e-03    2.2e-05
 664400      1.37e-01      4.32e-03    2.2e-05
 664500      1.28e-01      4.05e-03    2.2e-05
 664600      1.63e-01      5.17e-03    2.2e-05
 664700      1.27e-01      4.00e-03    2.2e-05
 664800      1.24e-01      3.93e-03    2.2e-05
 664900      1.30e-01      4.12e-03    2.2e-05
 665000      1.50e-01      4.74e-03    2.2e-05
 665100      1.37e-01      4.33e-03    2.2e-05
 665200      1.01e-01      3.20e-03    2.2e-05
 665300      1.29e-01      4.09e-03    2.2e-05
 665400      1.50e-01      4.75e-03    2.2e-05
 665500      1.45e-01      4.60e-03    2.2e-05
 665600      1.34e-01      4.23e-03    2.2e-05
 665700      1.24e-01      3.93e-03    2.2e-05
 665800      1.25e-01      3.96e-03    2.2e-05
 665900      1.03e-01      3.25e-03    2.2e-05
 666000      1.43e-01      4.52e-03    2.2e-05
 666100      1.24e-01      3.91e-03    2.2e-05
 666200      1.35e-01      4.26e-03    2.2e-05
 666300      1.29e-01      4.07e-03    2.2e-05
 666400      1.17e-01      3.70e-03    2.2e-05
 666500      9.53e-02      3.01e-03    2.2e-05
 666600      1.20e-01      3.78e-03    2.2e-05
 666700      1.29e-01      4.07e-03    2.2e-05
 666800      1.47e-01      4.65e-03    2.2e-05
 666900      1.32e-01      4.19e-03    2.2e-05
 667000      1.38e-01      4.37e-03    2.2e-05
 667100      1.18e-01      3.73e-03    2.2e-05
 667200      1.57e-01      4.95e-03    2.2e-05
 667300      1.00e-01      3.17e-03    2.2e-05
 667400      1.30e-01      4.12e-03    2.2e-05
 667500      1.26e-01      3.99e-03    2.2e-05
 667600      1.36e-01      4.29e-03    2.2e-05
 667700      1.41e-01      4.46e-03    2.2e-05
 667800      1.43e-01      4.53e-03    2.2e-05
 667900      1.01e-01      3.18e-03    2.2e-05
 668000      1.21e-01      3.83e-03    2.2e-05
 668100      1.38e-01      4.37e-03    2.2e-05
 668200      1.20e-01      3.79e-03    2.2e-05
 668300      1.07e-01      3.38e-03    2.2e-05
 668400      1.24e-01      3.93e-03    2.2e-05
 668500      1.47e-01      4.66e-03    2.2e-05
 668600      1.26e-01      3.98e-03    2.2e-05
 668700      1.39e-01      4.40e-03    2.2e-05
 668800      1.36e-01      4.29e-03    2.2e-05
 668900      1.41e-01      4.45e-03    2.2e-05
 669000      1.14e-01      3.61e-03    2.2e-05
 669100      1.24e-01      3.92e-03    2.2e-05
 669200      1.38e-01      4.35e-03    2.2e-05
 669300      9.70e-02      3.07e-03    2.2e-05
 669400      1.46e-01      4.62e-03    2.2e-05
 669500      1.18e-01      3.72e-03    2.2e-05
 669600      1.52e-01      4.81e-03    2.2e-05
 669700      1.41e-01      4.46e-03    2.2e-05
 669800      1.21e-01      3.84e-03    2.2e-05
 669900      1.41e-01      4.46e-03    2.2e-05
 670000      1.40e-01      4.43e-03    2.1e-05
 670100      1.20e-01      3.80e-03    2.1e-05
 670200      1.14e-01      3.60e-03    2.1e-05
 670300      1.25e-01      3.95e-03    2.1e-05
 670400      1.52e-01      4.80e-03    2.1e-05
 670500      1.34e-01      4.25e-03    2.1e-05
 670600      1.43e-01      4.51e-03    2.1e-05
 670700      1.39e-01      4.38e-03    2.1e-05
 670800      1.14e-01      3.60e-03    2.1e-05
 670900      1.36e-01      4.31e-03    2.1e-05
 671000      1.41e-01      4.45e-03    2.1e-05
 671100      1.45e-01      4.58e-03    2.1e-05
 671200      1.44e-01      4.56e-03    2.1e-05
 671300      1.20e-01      3.79e-03    2.1e-05
 671400      1.42e-01      4.47e-03    2.1e-05
 671500      1.45e-01      4.58e-03    2.1e-05
 671600      1.15e-01      3.63e-03    2.1e-05
 671700      1.36e-01      4.29e-03    2.1e-05
 671800      1.35e-01      4.26e-03    2.1e-05
 671900      1.38e-01      4.37e-03    2.1e-05
 672000      9.86e-02      3.12e-03    2.1e-05
 672100      1.22e-01      3.84e-03    2.1e-05
 672200      1.29e-01      4.07e-03    2.1e-05
 672300      1.51e-01      4.77e-03    2.1e-05
 672400      9.38e-02      2.97e-03    2.1e-05
 672500      1.34e-01      4.23e-03    2.1e-05
 672600      1.43e-01      4.51e-03    2.1e-05
 672700      1.43e-01      4.51e-03    2.1e-05
 672800      1.46e-01      4.63e-03    2.1e-05
 672900      1.37e-01      4.33e-03    2.1e-05
 673000      1.06e-01      3.35e-03    2.1e-05
 673100      1.17e-01      3.70e-03    2.1e-05
 673200      1.22e-01      3.87e-03    2.1e-05
 673300      1.26e-01      3.97e-03    2.1e-05
 673400      1.12e-01      3.53e-03    2.1e-05
 673500      1.58e-01      5.00e-03    2.1e-05
 673600      1.25e-01      3.94e-03    2.1e-05
 673700      1.28e-01      4.03e-03    2.1e-05
 673800      1.49e-01      4.72e-03    2.1e-05
 673900      1.40e-01      4.42e-03    2.1e-05
 674000      1.43e-01      4.52e-03    2.1e-05
 674100      1.42e-01      4.48e-03    2.1e-05
 674200      1.40e-01      4.42e-03    2.1e-05
 674300      1.21e-01      3.84e-03    2.1e-05
 674400      1.26e-01      3.98e-03    2.1e-05
 674500      1.15e-01      3.65e-03    2.1e-05
 674600      1.25e-01      3.95e-03    2.1e-05
 674700      1.23e-01      3.88e-03    2.1e-05
 674800      1.29e-01      4.09e-03    2.1e-05
 674900      1.27e-01      4.00e-03    2.1e-05
 675000      1.32e-01      4.17e-03    2.1e-05
 675100      1.32e-01      4.18e-03    2.1e-05
 675200      1.12e-01      3.56e-03    2.1e-05
 675300      1.14e-01      3.59e-03    2.1e-05
 675400      1.03e-01      3.27e-03    2.1e-05
 675500      1.57e-01      4.98e-03    2.1e-05
 675600      1.38e-01      4.35e-03    2.1e-05
 675700      1.06e-01      3.36e-03    2.1e-05
 675800      1.17e-01      3.70e-03    2.1e-05
 675900      1.11e-01      3.50e-03    2.1e-05
 676000      1.53e-01      4.83e-03    2.1e-05
 676100      1.10e-01      3.48e-03    2.1e-05
 676200      1.43e-01      4.53e-03    2.1e-05
 676300      1.20e-01      3.80e-03    2.1e-05
 676400      1.27e-01      4.02e-03    2.1e-05
 676500      1.52e-01      4.80e-03    2.1e-05
 676600      1.52e-01      4.81e-03    2.1e-05
 676700      1.24e-01      3.92e-03    2.1e-05
 676800      1.34e-01      4.24e-03    2.1e-05
 676900      1.51e-01      4.78e-03    2.1e-05
 677000      1.21e-01      3.83e-03    2.1e-05
 677100      1.02e-01      3.24e-03    2.1e-05
 677200      1.00e-01      3.18e-03    2.1e-05
 677300      1.30e-01      4.12e-03    2.1e-05
 677400      1.19e-01      3.77e-03    2.1e-05
 677500      1.19e-01      3.75e-03    2.1e-05
 677600      1.11e-01      3.52e-03    2.1e-05
 677700      1.55e-01      4.90e-03    2.1e-05
 677800      1.50e-01      4.74e-03    2.1e-05
 677900      1.47e-01      4.65e-03    2.1e-05
 678000      1.36e-01      4.31e-03    2.1e-05
 678100      1.35e-01      4.28e-03    2.1e-05
 678200      1.37e-01      4.33e-03    2.1e-05
 678300      1.17e-01      3.70e-03    2.1e-05
 678400      1.52e-01      4.80e-03    2.1e-05
 678500      1.19e-01      3.76e-03    2.1e-05
 678600      1.29e-01      4.09e-03    2.1e-05
 678700      1.21e-01      3.82e-03    2.1e-05
 678800      1.45e-01      4.59e-03    2.1e-05
 678900      1.38e-01      4.36e-03    2.1e-05
 679000      1.12e-01      3.55e-03    2.1e-05
 679100      1.01e-01      3.19e-03    2.1e-05
 679200      1.05e-01      3.32e-03    2.1e-05
 679300      1.26e-01      3.99e-03    2.1e-05
 679400      1.32e-01      4.19e-03    2.1e-05
 679500      1.37e-01      4.34e-03    2.1e-05
 679600      1.33e-01      4.19e-03    2.1e-05
 679700      1.41e-01      4.45e-03    2.1e-05
 679800      1.54e-01      4.87e-03    2.1e-05
 679900      1.11e-01      3.52e-03    2.1e-05
 680000      1.30e-01      4.12e-03    2.0e-05
 680100      1.54e-01      4.87e-03    2.0e-05
 680200      1.44e-01      4.55e-03    2.0e-05
 680300      1.13e-01      3.58e-03    2.0e-05
 680400      1.26e-01      3.98e-03    2.0e-05
 680500      1.32e-01      4.18e-03    2.0e-05
 680600      1.45e-01      4.58e-03    2.0e-05
 680700      1.43e-01      4.52e-03    2.0e-05
 680800      1.45e-01      4.58e-03    2.0e-05
 680900      1.09e-01      3.45e-03    2.0e-05
 681000      1.28e-01      4.05e-03    2.0e-05
 681100      1.34e-01      4.25e-03    2.0e-05
 681200      1.36e-01      4.29e-03    2.0e-05
 681300      9.36e-02      2.96e-03    2.0e-05
 681400      1.38e-01      4.37e-03    2.0e-05
 681500      1.45e-01      4.59e-03    2.0e-05
 681600      1.50e-01      4.75e-03    2.0e-05
 681700      1.29e-01      4.07e-03    2.0e-05
 681800      9.60e-02      3.04e-03    2.0e-05
 681900      1.30e-01      4.13e-03    2.0e-05
 682000      1.28e-01      4.06e-03    2.0e-05
 682100      1.17e-01      3.70e-03    2.0e-05
 682200      1.42e-01      4.48e-03    2.0e-05
 682300      1.09e-01      3.43e-03    2.0e-05
 682400      1.38e-01      4.37e-03    2.0e-05
 682500      1.49e-01      4.70e-03    2.0e-05
 682600      1.29e-01      4.09e-03    2.0e-05
 682700      1.20e-01      3.80e-03    2.0e-05
 682800      1.25e-01      3.97e-03    2.0e-05
 682900      1.27e-01      4.02e-03    2.0e-05
 683000      1.46e-01      4.61e-03    2.0e-05
 683100      1.32e-01      4.19e-03    2.0e-05
 683200      1.37e-01      4.33e-03    2.0e-05
 683300      1.17e-01      3.69e-03    2.0e-05
 683400      8.52e-02      2.70e-03    2.0e-05
 683500      1.32e-01      4.18e-03    2.0e-05
 683600      1.35e-01      4.26e-03    2.0e-05
 683700      1.33e-01      4.20e-03    2.0e-05
 683800      1.46e-01      4.61e-03    2.0e-05
 683900      1.37e-01      4.32e-03    2.0e-05
 684000      1.31e-01      4.15e-03    2.0e-05
 684100      1.27e-01      4.03e-03    2.0e-05
 684200      1.38e-01      4.37e-03    2.0e-05
 684300      1.45e-01      4.59e-03    2.0e-05
 684400      1.26e-01      3.99e-03    2.0e-05
 684500      1.27e-01      4.02e-03    2.0e-05
 684600      1.37e-01      4.33e-03    2.0e-05
 684700      1.21e-01      3.84e-03    2.0e-05
 684800      1.34e-01      4.25e-03    2.0e-05
 684900      1.24e-01      3.92e-03    2.0e-05
 685000      1.47e-01      4.66e-03    1.9e-05
 685100      1.09e-01      3.46e-03    1.9e-05
 685200      1.12e-01      3.53e-03    1.9e-05
 685300      1.16e-01      3.68e-03    1.9e-05
 685400      1.27e-01      4.02e-03    1.9e-05
 685500      1.37e-01      4.35e-03    1.9e-05
 685600      1.23e-01      3.89e-03    1.9e-05
 685700      1.21e-01      3.83e-03    1.9e-05
 685800      1.35e-01      4.28e-03    1.9e-05
 685900      1.36e-01      4.30e-03    1.9e-05
 686000      1.15e-01      3.65e-03    1.9e-05
 686100      1.45e-01      4.57e-03    1.9e-05
 686200      1.30e-01      4.11e-03    1.9e-05
 686300      1.08e-01      3.43e-03    1.9e-05
 686400      1.16e-01      3.66e-03    1.9e-05
 686500      1.16e-01      3.67e-03    1.9e-05
 686600      1.67e-01      5.27e-03    1.9e-05
 686700      1.12e-01      3.55e-03    1.9e-05
 686800      1.47e-01      4.63e-03    1.9e-05
 686900      1.33e-01      4.19e-03    1.9e-05
 687000      1.13e-01      3.57e-03    1.9e-05
 687100      1.07e-01      3.38e-03    1.9e-05
 687200      1.35e-01      4.28e-03    1.9e-05
 687300      1.24e-01      3.92e-03    1.9e-05
 687400      1.32e-01      4.16e-03    1.9e-05
 687500      1.17e-01      3.69e-03    1.9e-05
 687600      1.44e-01      4.57e-03    1.9e-05
 687700      1.30e-01      4.11e-03    1.9e-05
 687800      1.26e-01      3.97e-03    1.9e-05
 687900      1.06e-01      3.34e-03    1.9e-05
 688000      1.36e-01      4.31e-03    1.9e-05
 688100      1.51e-01      4.77e-03    1.9e-05
 688200      1.43e-01      4.51e-03    1.9e-05
 688300      1.18e-01      3.72e-03    1.9e-05
 688400      9.25e-02      2.92e-03    1.9e-05
 688500      1.18e-01      3.72e-03    1.9e-05
 688600      1.21e-01      3.84e-03    1.9e-05
 688700      1.06e-01      3.35e-03    1.9e-05
 688800      1.17e-01      3.71e-03    1.9e-05
 688900      1.09e-01      3.46e-03    1.9e-05
 689000      1.45e-01      4.58e-03    1.9e-05
 689100      1.31e-01      4.14e-03    1.9e-05
 689200      1.31e-01      4.15e-03    1.9e-05
 689300      1.46e-01      4.62e-03    1.9e-05
 689400      1.59e-01      5.03e-03    1.9e-05
 689500      1.07e-01      3.38e-03    1.9e-05
 689600      1.29e-01      4.09e-03    1.9e-05
 689700      1.26e-01      3.97e-03    1.9e-05
 689800      1.28e-01      4.04e-03    1.9e-05
 689900      1.33e-01      4.21e-03    1.9e-05
 690000      1.49e-01      4.71e-03    1.9e-05
 690100      1.45e-01      4.60e-03    1.9e-05
 690200      1.38e-01      4.36e-03    1.9e-05
 690300      1.42e-01      4.49e-03    1.9e-05
 690400      1.42e-01      4.50e-03    1.9e-05
 690500      1.20e-01      3.81e-03    1.9e-05
 690600      1.28e-01      4.03e-03    1.9e-05
 690700      1.53e-01      4.84e-03    1.9e-05
 690800      1.51e-01      4.78e-03    1.9e-05
 690900      1.25e-01      3.95e-03    1.9e-05
 691000      1.07e-01      3.39e-03    1.9e-05
 691100      1.11e-01      3.52e-03    1.9e-05
 691200      1.34e-01      4.24e-03    1.9e-05
 691300      1.41e-01      4.44e-03    1.9e-05
 691400      1.41e-01      4.45e-03    1.9e-05
 691500      1.47e-01      4.66e-03    1.9e-05
 691600      1.05e-01      3.32e-03    1.9e-05
 691700      1.26e-01      3.97e-03    1.9e-05
 691800      1.35e-01      4.26e-03    1.9e-05
 691900      1.36e-01      4.31e-03    1.9e-05
 692000      1.09e-01      3.45e-03    1.9e-05
 692100      1.03e-01      3.27e-03    1.9e-05
 692200      1.45e-01      4.60e-03    1.9e-05
 692300      1.15e-01      3.63e-03    1.9e-05
 692400      1.37e-01      4.32e-03    1.9e-05
 692500      1.24e-01      3.91e-03    1.9e-05
 692600      1.47e-01      4.66e-03    1.9e-05
 692700      1.18e-01      3.72e-03    1.9e-05
 692800      1.41e-01      4.45e-03    1.9e-05
 692900      1.32e-01      4.18e-03    1.9e-05
 693000      1.30e-01      4.12e-03    1.9e-05
 693100      1.59e-01      5.03e-03    1.9e-05
 693200      1.18e-01      3.73e-03    1.9e-05
 693300      1.41e-01      4.44e-03    1.9e-05
 693400      1.34e-01      4.25e-03    1.9e-05
 693500      1.09e-01      3.44e-03    1.9e-05
 693600      1.14e-01      3.61e-03    1.9e-05
 693700      1.21e-01      3.83e-03    1.9e-05
 693800      1.19e-01      3.76e-03    1.9e-05
 693900      1.43e-01      4.52e-03    1.9e-05
 694000      1.17e-01      3.71e-03    1.9e-05
 694100      1.33e-01      4.20e-03    1.9e-05
 694200      1.53e-01      4.83e-03    1.9e-05
 694300      1.35e-01      4.27e-03    1.9e-05
 694400      1.40e-01      4.44e-03    1.9e-05
 694500      1.01e-01      3.19e-03    1.9e-05
 694600      1.31e-01      4.16e-03    1.9e-05
 694700      1.24e-01      3.92e-03    1.9e-05
 694800      1.02e-01      3.22e-03    1.9e-05
 694900      1.56e-01      4.93e-03    1.9e-05
 695000      1.36e-01      4.30e-03    1.8e-05
 695100      1.48e-01      4.67e-03    1.8e-05
 695200      1.15e-01      3.64e-03    1.8e-05
 695300      1.15e-01      3.64e-03    1.8e-05
 695400      1.47e-01      4.64e-03    1.8e-05
 695500      1.50e-01      4.73e-03    1.8e-05
 695600      1.44e-01      4.54e-03    1.8e-05
 695700      1.17e-01      3.72e-03    1.8e-05
 695800      1.50e-01      4.75e-03    1.8e-05
 695900      1.46e-01      4.61e-03    1.8e-05
 696000      1.31e-01      4.14e-03    1.8e-05
 696100      1.41e-01      4.44e-03    1.8e-05
 696200      1.42e-01      4.47e-03    1.8e-05
 696300      1.12e-01      3.56e-03    1.8e-05
 696400      1.21e-01      3.81e-03    1.8e-05
 696500      1.32e-01      4.18e-03    1.8e-05
 696600      1.36e-01      4.31e-03    1.8e-05
 696700      1.28e-01      4.03e-03    1.8e-05
 696800      1.16e-01      3.68e-03    1.8e-05
 696900      1.38e-01      4.36e-03    1.8e-05
 697000      1.27e-01      4.01e-03    1.8e-05
 697100      1.43e-01      4.52e-03    1.8e-05
 697200      1.15e-01      3.63e-03    1.8e-05
 697300      1.37e-01      4.33e-03    1.8e-05
 697400      1.35e-01      4.27e-03    1.8e-05
 697500      1.25e-01      3.95e-03    1.8e-05
 697600      1.37e-01      4.33e-03    1.8e-05
 697700      1.23e-01      3.90e-03    1.8e-05
 697800      1.34e-01      4.23e-03    1.8e-05
 697900      1.49e-01      4.72e-03    1.8e-05
 698000      1.30e-01      4.10e-03    1.8e-05
 698100      1.16e-01      3.68e-03    1.8e-05
 698200      1.17e-01      3.70e-03    1.8e-05
 698300      1.28e-01      4.06e-03    1.8e-05
 698400      1.39e-01      4.38e-03    1.8e-05
 698500      1.37e-01      4.34e-03    1.8e-05
 698600      1.49e-01      4.70e-03    1.8e-05
 698700      1.39e-01      4.41e-03    1.8e-05
 698800      1.24e-01      3.94e-03    1.8e-05
 698900      1.10e-01      3.49e-03    1.8e-05
 699000      1.39e-01      4.39e-03    1.8e-05
 699100      1.17e-01      3.70e-03    1.8e-05
 699200      1.30e-01      4.10e-03    1.8e-05
 699300      1.39e-01      4.39e-03    1.8e-05
 699400      1.56e-01      4.93e-03    1.8e-05
 699500      1.18e-01      3.72e-03    1.8e-05
 699600      1.25e-01      3.96e-03    1.8e-05
 699700      1.31e-01      4.16e-03    1.8e-05
 699800      1.41e-01      4.47e-03    1.8e-05
 699900      1.41e-01      4.47e-03    1.8e-05
 700000      1.26e-01      3.98e-03    1.8e-05
 700100      1.06e-01      3.34e-03    1.8e-05
 700200      1.39e-01      4.38e-03    1.8e-05
 700300      1.31e-01      4.15e-03    1.8e-05
 700400      1.45e-01      4.58e-03    1.8e-05
 700500      1.45e-01      4.58e-03    1.8e-05
 700600      1.56e-01      4.94e-03    1.8e-05
 700700      9.90e-02      3.13e-03    1.8e-05
 700800      1.51e-01      4.78e-03    1.8e-05
 700900      1.37e-01      4.32e-03    1.8e-05
 701000      1.04e-01      3.30e-03    1.8e-05
 701100      1.42e-01      4.50e-03    1.8e-05
 701200      1.16e-01      3.67e-03    1.8e-05
 701300      1.15e-01      3.64e-03    1.8e-05
 701400      1.05e-01      3.32e-03    1.8e-05
 701500      1.53e-01      4.82e-03    1.8e-05
 701600      1.32e-01      4.18e-03    1.8e-05
 701700      1.67e-01      5.28e-03    1.8e-05
 701800      1.37e-01      4.34e-03    1.8e-05
 701900      1.03e-01      3.27e-03    1.8e-05
 702000      1.29e-01      4.07e-03    1.8e-05
 702100      1.42e-01      4.48e-03    1.8e-05
 702200      1.12e-01      3.54e-03    1.8e-05
 702300      1.51e-01      4.79e-03    1.8e-05
 702400      1.33e-01      4.22e-03    1.8e-05
 702500      1.29e-01      4.07e-03    1.8e-05
 702600      1.19e-01      3.76e-03    1.8e-05
 702700      1.13e-01      3.58e-03    1.8e-05
 702800      1.38e-01      4.37e-03    1.8e-05
 702900      1.19e-01      3.77e-03    1.8e-05
 703000      1.22e-01      3.86e-03    1.8e-05
 703100      1.02e-01      3.22e-03    1.8e-05
 703200      1.35e-01      4.28e-03    1.8e-05
 703300      1.21e-01      3.83e-03    1.8e-05
 703400      1.01e-01      3.18e-03    1.8e-05
 703500      1.40e-01      4.41e-03    1.8e-05
 703600      1.42e-01      4.50e-03    1.8e-05
 703700      1.20e-01      3.79e-03    1.8e-05
 703800      1.18e-01      3.75e-03    1.8e-05
 703900      1.21e-01      3.84e-03    1.8e-05
 704000      1.22e-01      3.86e-03    1.8e-05
 704100      1.41e-01      4.46e-03    1.8e-05
 704200      1.36e-01      4.30e-03    1.8e-05
 704300      1.33e-01      4.20e-03    1.8e-05
 704400      1.14e-01      3.60e-03    1.8e-05
 704500      1.30e-01      4.11e-03    1.8e-05
 704600      1.54e-01      4.86e-03    1.8e-05
 704700      1.40e-01      4.43e-03    1.8e-05
 704800      1.33e-01      4.22e-03    1.8e-05
 704900      1.08e-01      3.40e-03    1.8e-05
 705000      1.41e-01      4.47e-03    1.7e-05
 705100      1.33e-01      4.20e-03    1.7e-05
 705200      1.37e-01      4.32e-03    1.7e-05
 705300      1.36e-01      4.30e-03    1.7e-05
 705400      1.25e-01      3.95e-03    1.7e-05
 705500      1.51e-01      4.77e-03    1.7e-05
 705600      1.29e-01      4.07e-03    1.7e-05
 705700      1.48e-01      4.69e-03    1.7e-05
 705800      1.36e-01      4.32e-03    1.7e-05
 705900      1.31e-01      4.13e-03    1.7e-05
 706000      1.32e-01      4.19e-03    1.7e-05
 706100      1.40e-01      4.43e-03    1.7e-05
 706200      1.23e-01      3.90e-03    1.7e-05
 706300      1.20e-01      3.79e-03    1.7e-05
 706400      1.37e-01      4.34e-03    1.7e-05
 706500      1.19e-01      3.77e-03    1.7e-05
 706600      1.09e-01      3.43e-03    1.7e-05
 706700      1.23e-01      3.87e-03    1.7e-05
 706800      1.16e-01      3.67e-03    1.7e-05
 706900      1.36e-01      4.30e-03    1.7e-05
 707000      1.27e-01      4.03e-03    1.7e-05
 707100      1.48e-01      4.67e-03    1.7e-05
 707200      1.49e-01      4.71e-03    1.7e-05
 707300      1.22e-01      3.87e-03    1.7e-05
 707400      1.10e-01      3.49e-03    1.7e-05
 707500      1.06e-01      3.36e-03    1.7e-05
 707600      1.44e-01      4.57e-03    1.7e-05
 707700      1.17e-01      3.70e-03    1.7e-05
 707800      1.10e-01      3.49e-03    1.7e-05
 707900      1.31e-01      4.15e-03    1.7e-05
 708000      1.14e-01      3.60e-03    1.7e-05
 708100      1.50e-01      4.74e-03    1.7e-05
 708200      1.08e-01      3.41e-03    1.7e-05
 708300      1.48e-01      4.67e-03    1.7e-05
 708400      1.37e-01      4.35e-03    1.7e-05
 708500      1.16e-01      3.66e-03    1.7e-05
 708600      1.21e-01      3.82e-03    1.7e-05
 708700      1.03e-01      3.25e-03    1.7e-05
 708800      1.11e-01      3.50e-03    1.7e-05
 708900      1.46e-01      4.62e-03    1.7e-05
 709000      1.28e-01      4.06e-03    1.7e-05
 709100      1.58e-01      4.98e-03    1.7e-05
 709200      1.22e-01      3.87e-03    1.7e-05
 709300      1.44e-01      4.56e-03    1.7e-05
 709400      1.50e-01      4.75e-03    1.7e-05
 709500      1.45e-01      4.59e-03    1.7e-05
 709600      1.46e-01      4.62e-03    1.7e-05
 709700      1.38e-01      4.37e-03    1.7e-05
 709800      1.36e-01      4.29e-03    1.7e-05
 709900      1.43e-01      4.52e-03    1.7e-05
 710000      1.26e-01      3.98e-03    1.7e-05
 710100      1.22e-01      3.86e-03    1.7e-05
 710200      1.65e-01      5.22e-03    1.7e-05
 710300      1.23e-01      3.88e-03    1.7e-05
 710400      1.16e-01      3.68e-03    1.7e-05
 710500      1.37e-01      4.34e-03    1.7e-05
 710600      1.16e-01      3.67e-03    1.7e-05
 710700      1.35e-01      4.28e-03    1.7e-05
 710800      1.57e-01      4.96e-03    1.7e-05
 710900      1.24e-01      3.91e-03    1.7e-05
 711000      1.18e-01      3.73e-03    1.7e-05
 711100      1.30e-01      4.12e-03    1.7e-05
 711200      1.16e-01      3.66e-03    1.7e-05
 711300      1.46e-01      4.61e-03    1.7e-05
 711400      1.40e-01      4.41e-03    1.7e-05
 711500      1.39e-01      4.38e-03    1.7e-05
 711600      1.33e-01      4.20e-03    1.7e-05
 711700      1.42e-01      4.49e-03    1.7e-05
 711800      1.59e-01      5.01e-03    1.7e-05
 711900      1.34e-01      4.23e-03    1.7e-05
 712000      1.38e-01      4.38e-03    1.7e-05
 712100      1.41e-01      4.46e-03    1.7e-05
 712200      1.31e-01      4.15e-03    1.7e-05
 712300      1.32e-01      4.16e-03    1.7e-05
 712400      1.43e-01      4.52e-03    1.7e-05
 712500      1.41e-01      4.46e-03    1.7e-05
 712600      1.41e-01      4.47e-03    1.7e-05
 712700      1.08e-01      3.41e-03    1.7e-05
 712800      9.78e-02      3.09e-03    1.7e-05
 712900      1.17e-01      3.69e-03    1.7e-05
 713000      1.28e-01      4.04e-03    1.7e-05
 713100      1.32e-01      4.17e-03    1.7e-05
 713200      9.32e-02      2.95e-03    1.7e-05
 713300      1.37e-01      4.33e-03    1.7e-05
 713400      1.04e-01      3.30e-03    1.7e-05
 713500      1.03e-01      3.26e-03    1.7e-05
 713600      1.35e-01      4.28e-03    1.7e-05
 713700      1.35e-01      4.26e-03    1.7e-05
 713800      1.32e-01      4.18e-03    1.7e-05
 713900      1.21e-01      3.84e-03    1.7e-05
 714000      1.50e-01      4.73e-03    1.7e-05
 714100      1.09e-01      3.44e-03    1.7e-05
 714200      1.42e-01      4.48e-03    1.7e-05
 714300      1.40e-01      4.42e-03    1.7e-05
 714400      1.47e-01      4.63e-03    1.7e-05
 714500      1.12e-01      3.53e-03    1.7e-05
 714600      1.18e-01      3.72e-03    1.7e-05
 714700      1.17e-01      3.69e-03    1.7e-05
 714800      1.45e-01      4.59e-03    1.7e-05
 714900      1.40e-01      4.43e-03    1.7e-05
 715000      1.47e-01      4.66e-03    1.6e-05
 715100      1.13e-01      3.58e-03    1.6e-05
 715200      1.36e-01      4.31e-03    1.6e-05
 715300      1.43e-01      4.53e-03    1.6e-05
 715400      1.26e-01      3.99e-03    1.6e-05
 715500      1.35e-01      4.28e-03    1.6e-05
 715600      1.17e-01      3.71e-03    1.6e-05
 715700      1.06e-01      3.34e-03    1.6e-05
 715800      1.32e-01      4.17e-03    1.6e-05
 715900      1.06e-01      3.36e-03    1.6e-05
 716000      1.07e-01      3.40e-03    1.6e-05
 716100      1.40e-01      4.43e-03    1.6e-05
 716200      1.23e-01      3.89e-03    1.6e-05
 716300      1.28e-01      4.03e-03    1.6e-05
 716400      1.26e-01      3.97e-03    1.6e-05
 716500      1.56e-01      4.93e-03    1.6e-05
 716600      1.50e-01      4.73e-03    1.6e-05
 716700      1.16e-01      3.67e-03    1.6e-05
 716800      1.25e-01      3.94e-03    1.6e-05
 716900      1.38e-01      4.35e-03    1.6e-05
 717000      1.53e-01      4.83e-03    1.6e-05
 717100      1.56e-01      4.93e-03    1.6e-05
 717200      1.47e-01      4.65e-03    1.6e-05
 717300      1.38e-01      4.35e-03    1.6e-05
 717400      1.32e-01      4.19e-03    1.6e-05
 717500      1.16e-01      3.67e-03    1.6e-05
 717600      1.49e-01      4.72e-03    1.6e-05
 717700      1.12e-01      3.54e-03    1.6e-05
 717800      1.49e-01      4.73e-03    1.6e-05
 717900      1.46e-01      4.63e-03    1.6e-05
 718000      1.14e-01      3.60e-03    1.6e-05
 718100      1.40e-01      4.41e-03    1.6e-05
 718200      1.03e-01      3.27e-03    1.6e-05
 718300      1.42e-01      4.49e-03    1.6e-05
 718400      1.16e-01      3.68e-03    1.6e-05
 718500      1.44e-01      4.54e-03    1.6e-05
 718600      1.12e-01      3.55e-03    1.6e-05
 718700      1.48e-01      4.67e-03    1.6e-05
 718800      1.26e-01      3.97e-03    1.6e-05
 718900      1.49e-01      4.70e-03    1.6e-05
 719000      1.20e-01      3.80e-03    1.6e-05
 719100      1.33e-01      4.20e-03    1.6e-05
 719200      1.43e-01      4.52e-03    1.6e-05
 719300      1.33e-01      4.19e-03    1.6e-05
 719400      1.15e-01      3.63e-03    1.6e-05
 719500      1.45e-01      4.59e-03    1.6e-05
 719600      1.39e-01      4.38e-03    1.6e-05
 719700      1.14e-01      3.60e-03    1.6e-05
 719800      1.01e-01      3.18e-03    1.6e-05
 719900      1.12e-01      3.55e-03    1.6e-05
 720000      1.12e-01      3.53e-03    1.6e-05
 720100      1.27e-01      4.01e-03    1.6e-05
 720200      1.38e-01      4.37e-03    1.6e-05
 720300      1.31e-01      4.13e-03    1.6e-05
 720400      1.18e-01      3.73e-03    1.6e-05
 720500      1.41e-01      4.45e-03    1.6e-05
 720600      1.23e-01      3.89e-03    1.6e-05
 720700      1.29e-01      4.07e-03    1.6e-05
 720800      1.31e-01      4.15e-03    1.6e-05
 720900      1.37e-01      4.32e-03    1.6e-05
 721000      1.41e-01      4.46e-03    1.6e-05
 721100      9.67e-02      3.06e-03    1.6e-05
 721200      1.69e-01      5.35e-03    1.6e-05
 721300      1.41e-01      4.47e-03    1.6e-05
 721400      1.49e-01      4.71e-03    1.6e-05
 721500      1.30e-01      4.11e-03    1.6e-05
 721600      1.00e-01      3.17e-03    1.6e-05
 721700      1.45e-01      4.57e-03    1.6e-05
 721800      1.25e-01      3.95e-03    1.6e-05
 721900      1.26e-01      3.99e-03    1.6e-05
 722000      1.14e-01      3.60e-03    1.6e-05
 722100      1.32e-01      4.16e-03    1.6e-05
 722200      1.14e-01      3.61e-03    1.6e-05
 722300      1.25e-01      3.96e-03    1.6e-05
 722400      1.52e-01      4.79e-03    1.6e-05
 722500      1.22e-01      3.87e-03    1.6e-05
 722600      1.25e-01      3.95e-03    1.6e-05
 722700      1.18e-01      3.73e-03    1.6e-05
 722800      1.12e-01      3.53e-03    1.6e-05
 722900      1.01e-01      3.20e-03    1.6e-05
 723000      1.49e-01      4.70e-03    1.6e-05
 723100      1.17e-01      3.70e-03    1.6e-05
 723200      1.36e-01      4.30e-03    1.6e-05
 723300      1.20e-01      3.80e-03    1.6e-05
 723400      1.25e-01      3.96e-03    1.6e-05
 723500      1.32e-01      4.19e-03    1.6e-05
 723600      1.30e-01      4.10e-03    1.6e-05
 723700      1.51e-01      4.78e-03    1.6e-05
 723800      1.41e-01      4.44e-03    1.6e-05
 723900      1.13e-01      3.56e-03    1.6e-05
 724000      1.36e-01      4.31e-03    1.6e-05
 724100      1.29e-01      4.07e-03    1.6e-05
 724200      1.00e-01      3.16e-03    1.6e-05
 724300      1.16e-01      3.65e-03    1.6e-05
 724400      1.31e-01      4.15e-03    1.6e-05
 724500      1.16e-01      3.67e-03    1.6e-05
 724600      1.18e-01      3.72e-03    1.6e-05
 724700      1.17e-01      3.70e-03    1.6e-05
 724800      1.24e-01      3.92e-03    1.6e-05
 724900      1.43e-01      4.54e-03    1.6e-05
 725000      1.38e-01      4.36e-03    1.5e-05
 725100      1.61e-01      5.10e-03    1.5e-05
 725200      1.44e-01      4.55e-03    1.5e-05
 725300      1.36e-01      4.31e-03    1.5e-05
 725400      1.30e-01      4.10e-03    1.5e-05
 725500      1.41e-01      4.47e-03    1.5e-05
 725600      1.33e-01      4.21e-03    1.5e-05
 725700      1.09e-01      3.46e-03    1.5e-05
 725800      1.52e-01      4.82e-03    1.5e-05
 725900      1.29e-01      4.09e-03    1.5e-05
 726000      1.43e-01      4.52e-03    1.5e-05
 726100      1.49e-01      4.70e-03    1.5e-05
 726200      1.42e-01      4.48e-03    1.5e-05
 726300      1.40e-01      4.42e-03    1.5e-05
 726400      1.36e-01      4.31e-03    1.5e-05
 726500      1.36e-01      4.30e-03    1.5e-05
 726600      1.32e-01      4.19e-03    1.5e-05
 726700      1.33e-01      4.22e-03    1.5e-05
 726800      1.42e-01      4.48e-03    1.5e-05
 726900      1.27e-01      4.00e-03    1.5e-05
 727000      1.11e-01      3.53e-03    1.5e-05
 727100      1.14e-01      3.61e-03    1.5e-05
 727200      1.07e-01      3.37e-03    1.5e-05
 727300      1.31e-01      4.15e-03    1.5e-05
 727400      1.36e-01      4.30e-03    1.5e-05
 727500      1.39e-01      4.40e-03    1.5e-05
 727600      1.39e-01      4.40e-03    1.5e-05
 727700      1.38e-01      4.37e-03    1.5e-05
 727800      1.20e-01      3.78e-03    1.5e-05
 727900      1.28e-01      4.06e-03    1.5e-05
 728000      1.21e-01      3.83e-03    1.5e-05
 728100      1.39e-01      4.38e-03    1.5e-05
 728200      1.17e-01      3.70e-03    1.5e-05
 728300      1.40e-01      4.42e-03    1.5e-05
 728400      1.34e-01      4.23e-03    1.5e-05
 728500      1.46e-01      4.63e-03    1.5e-05
 728600      1.01e-01      3.21e-03    1.5e-05
 728700      1.47e-01      4.66e-03    1.5e-05
 728800      1.34e-01      4.23e-03    1.5e-05
 728900      1.31e-01      4.15e-03    1.5e-05
 729000      1.44e-01      4.56e-03    1.5e-05
 729100      1.51e-01      4.79e-03    1.5e-05
 729200      1.38e-01      4.37e-03    1.5e-05
 729300      1.43e-01      4.52e-03    1.5e-05
 729400      1.41e-01      4.46e-03    1.5e-05
 729500      1.19e-01      3.77e-03    1.5e-05
 729600      1.45e-01      4.58e-03    1.5e-05
 729700      1.31e-01      4.14e-03    1.5e-05
 729800      1.13e-01      3.56e-03    1.5e-05
 729900      1.36e-01      4.30e-03    1.5e-05
 730000      1.45e-01      4.59e-03    1.5e-05
 730100      1.49e-01      4.70e-03    1.5e-05
 730200      1.34e-01      4.23e-03    1.5e-05
 730300      1.44e-01      4.54e-03    1.5e-05
 730400      1.43e-01      4.53e-03    1.5e-05
 730500      1.32e-01      4.18e-03    1.5e-05
 730600      1.41e-01      4.46e-03    1.5e-05
 730700      1.04e-01      3.28e-03    1.5e-05
 730800      1.42e-01      4.49e-03    1.5e-05
 730900      1.03e-01      3.26e-03    1.5e-05
 731000      1.15e-01      3.65e-03    1.5e-05
 731100      1.30e-01      4.10e-03    1.5e-05
 731200      1.22e-01      3.85e-03    1.5e-05
 731300      1.51e-01      4.76e-03    1.5e-05
 731400      1.55e-01      4.90e-03    1.5e-05
 731500      1.18e-01      3.73e-03    1.5e-05
 731600      1.35e-01      4.28e-03    1.5e-05
 731700      1.24e-01      3.91e-03    1.5e-05
 731800      1.13e-01      3.57e-03    1.5e-05
 731900      1.46e-01      4.63e-03    1.5e-05
 732000      1.39e-01      4.40e-03    1.5e-05
 732100      1.07e-01      3.37e-03    1.5e-05
 732200      1.35e-01      4.27e-03    1.5e-05
 732300      1.63e-01      5.15e-03    1.5e-05
 732400      1.16e-01      3.65e-03    1.5e-05
 732500      1.26e-01      3.98e-03    1.5e-05
 732600      1.38e-01      4.35e-03    1.5e-05
 732700      1.03e-01      3.25e-03    1.5e-05
 732800      1.23e-01      3.88e-03    1.5e-05
 732900      1.31e-01      4.15e-03    1.5e-05
 733000      1.13e-01      3.58e-03    1.5e-05
 733100      1.12e-01      3.53e-03    1.5e-05
 733200      1.45e-01      4.59e-03    1.5e-05
 733300      1.28e-01      4.04e-03    1.5e-05
 733400      1.48e-01      4.68e-03    1.5e-05
 733500      1.44e-01      4.56e-03    1.5e-05
 733600      1.57e-01      4.96e-03    1.5e-05
 733700      1.38e-01      4.37e-03    1.5e-05
 733800      1.32e-01      4.18e-03    1.5e-05
 733900      1.17e-01      3.70e-03    1.5e-05
 734000      9.85e-02      3.12e-03    1.5e-05
 734100      1.30e-01      4.12e-03    1.5e-05
 734200      1.16e-01      3.66e-03    1.5e-05
 734300      1.37e-01      4.33e-03    1.5e-05
 734400      1.04e-01      3.28e-03    1.5e-05
 734500      1.30e-01      4.10e-03    1.5e-05
 734600      1.33e-01      4.22e-03    1.5e-05
 734700      1.44e-01      4.56e-03    1.5e-05
 734800      1.17e-01      3.71e-03    1.5e-05
 734900      1.13e-01      3.57e-03    1.5e-05
 735000      1.37e-01      4.34e-03    1.5e-05
 735100      1.05e-01      3.31e-03    1.5e-05
 735200      1.23e-01      3.88e-03    1.5e-05
 735300      1.46e-01      4.63e-03    1.5e-05
 735400      1.23e-01      3.89e-03    1.5e-05
 735500      1.45e-01      4.59e-03    1.5e-05
 735600      1.37e-01      4.33e-03    1.5e-05
 735700      1.49e-01      4.72e-03    1.5e-05
 735800      1.47e-01      4.66e-03    1.5e-05
 735900      1.61e-01      5.09e-03    1.5e-05
 736000      1.16e-01      3.65e-03    1.5e-05
 736100      1.63e-01      5.16e-03    1.5e-05
 736200      1.15e-01      3.62e-03    1.5e-05
 736300      1.13e-01      3.59e-03    1.5e-05
 736400      1.12e-01      3.53e-03    1.5e-05
 736500      1.32e-01      4.18e-03    1.5e-05
 736600      1.38e-01      4.38e-03    1.5e-05
 736700      1.57e-01      4.97e-03    1.5e-05
 736800      1.31e-01      4.15e-03    1.5e-05
 736900      1.44e-01      4.56e-03    1.5e-05
 737000      1.43e-01      4.53e-03    1.5e-05
 737100      1.44e-01      4.57e-03    1.5e-05
 737200      1.53e-01      4.82e-03    1.5e-05
 737300      1.24e-01      3.92e-03    1.5e-05
 737400      1.23e-01      3.90e-03    1.5e-05
 737500      1.51e-01      4.77e-03    1.5e-05
 737600      1.26e-01      3.97e-03    1.5e-05
 737700      1.35e-01      4.28e-03    1.5e-05
 737800      1.28e-01      4.05e-03    1.5e-05
 737900      1.42e-01      4.49e-03    1.5e-05
 738000      1.20e-01      3.80e-03    1.5e-05
 738100      1.28e-01      4.05e-03    1.5e-05
 738200      1.56e-01      4.93e-03    1.5e-05
 738300      1.19e-01      3.76e-03    1.5e-05
 738400      1.05e-01      3.34e-03    1.5e-05
 738500      1.25e-01      3.95e-03    1.5e-05
 738600      1.36e-01      4.31e-03    1.5e-05
 738700      1.45e-01      4.58e-03    1.5e-05
 738800      1.41e-01      4.45e-03    1.5e-05
 738900      1.42e-01      4.48e-03    1.5e-05
 739000      1.42e-01      4.50e-03    1.5e-05
 739100      1.15e-01      3.63e-03    1.5e-05
 739200      1.16e-01      3.67e-03    1.5e-05
 739300      1.41e-01      4.45e-03    1.5e-05
 739400      1.56e-01      4.93e-03    1.5e-05
 739500      1.15e-01      3.64e-03    1.5e-05
 739600      1.49e-01      4.71e-03    1.5e-05
 739700      1.12e-01      3.55e-03    1.5e-05
 739800      1.25e-01      3.96e-03    1.5e-05
 739900      1.40e-01      4.44e-03    1.5e-05
 740000      1.42e-01      4.49e-03    1.4e-05
 740100      1.33e-01      4.20e-03    1.4e-05
 740200      1.16e-01      3.68e-03    1.4e-05
 740300      1.20e-01      3.80e-03    1.4e-05
 740400      1.05e-01      3.33e-03    1.4e-05
 740500      1.23e-01      3.89e-03    1.4e-05
 740600      1.28e-01      4.05e-03    1.4e-05
 740700      1.37e-01      4.32e-03    1.4e-05
 740800      1.37e-01      4.34e-03    1.4e-05
 740900      1.47e-01      4.65e-03    1.4e-05
 741000      1.30e-01      4.10e-03    1.4e-05
 741100      1.39e-01      4.41e-03    1.4e-05
 741200      1.09e-01      3.46e-03    1.4e-05
 741300      1.12e-01      3.54e-03    1.4e-05
 741400      1.34e-01      4.23e-03    1.4e-05
 741500      1.38e-01      4.38e-03    1.4e-05
 741600      1.16e-01      3.66e-03    1.4e-05
 741700      1.39e-01      4.40e-03    1.4e-05
 741800      1.14e-01      3.60e-03    1.4e-05
 741900      1.36e-01      4.29e-03    1.4e-05
 742000      1.38e-01      4.35e-03    1.4e-05
 742100      1.47e-01      4.66e-03    1.4e-05
 742200      1.32e-01      4.16e-03    1.4e-05
 742300      1.15e-01      3.65e-03    1.4e-05
 742400      1.29e-01      4.09e-03    1.4e-05
 742500      1.27e-01      4.01e-03    1.4e-05
 742600      1.23e-01      3.89e-03    1.4e-05
 742700      1.40e-01      4.42e-03    1.4e-05
 742800      1.29e-01      4.08e-03    1.4e-05
 742900      1.03e-01      3.24e-03    1.4e-05
 743000      1.08e-01      3.43e-03    1.4e-05
 743100      9.87e-02      3.12e-03    1.4e-05
 743200      1.50e-01      4.75e-03    1.4e-05
 743300      1.10e-01      3.48e-03    1.4e-05
 743400      1.18e-01      3.72e-03    1.4e-05
 743500      1.30e-01      4.12e-03    1.4e-05
 743600      1.22e-01      3.87e-03    1.4e-05
 743700      1.52e-01      4.79e-03    1.4e-05
 743800      1.21e-01      3.84e-03    1.4e-05
 743900      1.07e-01      3.38e-03    1.4e-05
 744000      1.47e-01      4.64e-03    1.4e-05
 744100      1.33e-01      4.21e-03    1.4e-05
 744200      1.22e-01      3.87e-03    1.4e-05
 744300      1.44e-01      4.56e-03    1.4e-05
 744400      1.17e-01      3.71e-03    1.4e-05
 744500      1.52e-01      4.80e-03    1.4e-05
 744600      1.44e-01      4.56e-03    1.4e-05
 744700      9.81e-02      3.10e-03    1.4e-05
 744800      1.49e-01      4.72e-03    1.4e-05
 744900      1.43e-01      4.53e-03    1.4e-05
 745000      1.33e-01      4.21e-03    1.4e-05
 745100      1.11e-01      3.50e-03    1.4e-05
 745200      1.39e-01      4.38e-03    1.4e-05
 745300      1.11e-01      3.51e-03    1.4e-05
 745400      1.43e-01      4.54e-03    1.4e-05
 745500      1.27e-01      4.01e-03    1.4e-05
 745600      1.34e-01      4.22e-03    1.4e-05
 745700      1.16e-01      3.67e-03    1.4e-05
 745800      1.41e-01      4.44e-03    1.4e-05
 745900      1.03e-01      3.26e-03    1.4e-05
 746000      1.41e-01      4.46e-03    1.4e-05
 746100      1.40e-01      4.43e-03    1.4e-05
 746200      1.36e-01      4.30e-03    1.4e-05
 746300      1.46e-01      4.62e-03    1.4e-05
 746400      1.32e-01      4.17e-03    1.4e-05
 746500      1.32e-01      4.17e-03    1.4e-05
 746600      1.31e-01      4.14e-03    1.4e-05
 746700      1.52e-01      4.82e-03    1.4e-05
 746800      1.41e-01      4.47e-03    1.4e-05
 746900      1.38e-01      4.38e-03    1.4e-05
 747000      1.47e-01      4.66e-03    1.4e-05
 747100      1.52e-01      4.81e-03    1.4e-05
 747200      1.13e-01      3.56e-03    1.4e-05
 747300      1.38e-01      4.38e-03    1.4e-05
 747400      1.36e-01      4.29e-03    1.4e-05
 747500      1.24e-01      3.92e-03    1.4e-05
 747600      1.39e-01      4.40e-03    1.4e-05
 747700      1.50e-01      4.74e-03    1.4e-05
 747800      1.50e-01      4.75e-03    1.4e-05
 747900      1.27e-01      4.02e-03    1.4e-05
 748000      1.33e-01      4.21e-03    1.4e-05
 748100      1.49e-01      4.70e-03    1.4e-05
 748200      1.20e-01      3.79e-03    1.4e-05
 748300      1.44e-01      4.54e-03    1.4e-05
 748400      1.11e-01      3.52e-03    1.4e-05
 748500      1.06e-01      3.34e-03    1.4e-05
 748600      1.55e-01      4.92e-03    1.4e-05
 748700      1.19e-01      3.75e-03    1.4e-05
 748800      1.21e-01      3.81e-03    1.4e-05
 748900      1.09e-01      3.44e-03    1.4e-05
 749000      1.31e-01      4.13e-03    1.4e-05
 749100      1.29e-01      4.08e-03    1.4e-05
 749200      1.10e-01      3.47e-03    1.4e-05
 749300      1.04e-01      3.30e-03    1.4e-05
 749400      1.28e-01      4.06e-03    1.4e-05
 749500      1.34e-01      4.22e-03    1.4e-05
 749600      1.19e-01      3.78e-03    1.4e-05
 749700      1.32e-01      4.17e-03    1.4e-05
 749800      1.17e-01      3.70e-03    1.4e-05
 749900      1.14e-01      3.59e-03    1.4e-05
 750000      1.17e-01      3.70e-03    1.3e-05
 750100      1.30e-01      4.11e-03    1.3e-05
 750200      1.28e-01      4.06e-03    1.3e-05
 750300      1.16e-01      3.66e-03    1.3e-05
 750400      1.39e-01      4.39e-03    1.3e-05
 750500      1.40e-01      4.42e-03    1.3e-05
 750600      1.34e-01      4.25e-03    1.3e-05
 750700      1.24e-01      3.93e-03    1.3e-05
 750800      1.13e-01      3.57e-03    1.3e-05
 750900      1.47e-01      4.64e-03    1.3e-05
 751000      1.25e-01      3.94e-03    1.3e-05
 751100      1.17e-01      3.71e-03    1.3e-05
 751200      1.24e-01      3.91e-03    1.3e-05
 751300      1.47e-01      4.66e-03    1.3e-05
 751400      1.33e-01      4.21e-03    1.3e-05
 751500      1.40e-01      4.42e-03    1.3e-05
 751600      1.27e-01      4.02e-03    1.3e-05
 751700      9.98e-02      3.16e-03    1.3e-05
 751800      1.08e-01      3.41e-03    1.3e-05
 751900      1.51e-01      4.79e-03    1.3e-05
 752000      1.34e-01      4.22e-03    1.3e-05
 752100      1.01e-01      3.18e-03    1.3e-05
 752200      1.34e-01      4.23e-03    1.3e-05
 752300      1.44e-01      4.57e-03    1.3e-05
 752400      1.46e-01      4.62e-03    1.3e-05
 752500      1.36e-01      4.31e-03    1.3e-05
 752600      1.36e-01      4.30e-03    1.3e-05
 752700      1.18e-01      3.72e-03    1.3e-05
 752800      1.15e-01      3.63e-03    1.3e-05
 752900      1.45e-01      4.59e-03    1.3e-05
 753000      1.48e-01      4.67e-03    1.3e-05
 753100      1.41e-01      4.46e-03    1.3e-05
 753200      1.29e-01      4.07e-03    1.3e-05
 753300      1.25e-01      3.95e-03    1.3e-05
 753400      1.38e-01      4.36e-03    1.3e-05
 753500      1.11e-01      3.51e-03    1.3e-05
 753600      1.25e-01      3.94e-03    1.3e-05
 753700      1.39e-01      4.40e-03    1.3e-05
 753800      1.52e-01      4.81e-03    1.3e-05
 753900      1.21e-01      3.83e-03    1.3e-05
 754000      1.49e-01      4.70e-03    1.3e-05
 754100      1.36e-01      4.30e-03    1.3e-05
 754200      1.29e-01      4.07e-03    1.3e-05
 754300      1.34e-01      4.24e-03    1.3e-05
 754400      1.40e-01      4.44e-03    1.3e-05
 754500      1.43e-01      4.51e-03    1.3e-05
 754600      1.29e-01      4.07e-03    1.3e-05
 754700      1.13e-01      3.56e-03    1.3e-05
 754800      1.09e-01      3.45e-03    1.3e-05
 754900      1.25e-01      3.96e-03    1.3e-05
 755000      1.42e-01      4.50e-03    1.3e-05
 755100      1.47e-01      4.66e-03    1.3e-05
 755200      1.36e-01      4.30e-03    1.3e-05
 755300      1.50e-01      4.76e-03    1.3e-05
 755400      1.28e-01      4.06e-03    1.3e-05
 755500      1.21e-01      3.84e-03    1.3e-05
 755600      1.45e-01      4.60e-03    1.3e-05
 755700      1.32e-01      4.18e-03    1.3e-05
 755800      1.24e-01      3.93e-03    1.3e-05
 755900      1.32e-01      4.16e-03    1.3e-05
 756000      1.39e-01      4.39e-03    1.3e-05
 756100      1.51e-01      4.77e-03    1.3e-05
 756200      1.37e-01      4.34e-03    1.3e-05
 756300      1.49e-01      4.72e-03    1.3e-05
 756400      1.45e-01      4.60e-03    1.3e-05
 756500      1.40e-01      4.44e-03    1.3e-05
 756600      1.45e-01      4.58e-03    1.3e-05
 756700      1.07e-01      3.39e-03    1.3e-05
 756800      1.39e-01      4.40e-03    1.3e-05
 756900      1.56e-01      4.92e-03    1.3e-05
 757000      1.36e-01      4.29e-03    1.3e-05
 757100      1.47e-01      4.65e-03    1.3e-05
 757200      1.14e-01      3.60e-03    1.3e-05
 757300      1.09e-01      3.45e-03    1.3e-05
 757400      1.38e-01      4.35e-03    1.3e-05
 757500      1.24e-01      3.91e-03    1.3e-05
 757600      1.39e-01      4.38e-03    1.3e-05
 757700      1.11e-01      3.50e-03    1.3e-05
 757800      1.26e-01      3.99e-03    1.3e-05
 757900      1.36e-01      4.30e-03    1.3e-05
 758000      1.46e-01      4.61e-03    1.3e-05
 758100      1.41e-01      4.45e-03    1.3e-05
 758200      1.16e-01      3.66e-03    1.3e-05
 758300      1.09e-01      3.46e-03    1.3e-05
 758400      1.31e-01      4.14e-03    1.3e-05
 758500      1.27e-01      4.02e-03    1.3e-05
 758600      1.22e-01      3.87e-03    1.3e-05
 758700      1.10e-01      3.47e-03    1.3e-05
 758800      1.10e-01      3.48e-03    1.3e-05
 758900      1.46e-01      4.62e-03    1.3e-05
 759000      1.21e-01      3.83e-03    1.3e-05
 759100      1.17e-01      3.71e-03    1.3e-05
 759200      1.57e-01      4.97e-03    1.3e-05
 759300      1.25e-01      3.94e-03    1.3e-05
 759400      1.04e-01      3.29e-03    1.3e-05
 759500      1.57e-01      4.95e-03    1.3e-05
 759600      1.35e-01      4.28e-03    1.3e-05
 759700      1.16e-01      3.67e-03    1.3e-05
 759800      1.35e-01      4.26e-03    1.3e-05
 759900      1.41e-01      4.45e-03    1.3e-05
 760000      1.35e-01      4.28e-03    1.3e-05
 760100      1.38e-01      4.36e-03    1.3e-05
 760200      1.42e-01      4.48e-03    1.3e-05
 760300      1.40e-01      4.41e-03    1.3e-05
 760400      1.11e-01      3.52e-03    1.3e-05
 760500      1.10e-01      3.48e-03    1.3e-05
 760600      1.57e-01      4.95e-03    1.3e-05
 760700      1.35e-01      4.26e-03    1.3e-05
 760800      1.36e-01      4.29e-03    1.3e-05
 760900      1.47e-01      4.65e-03    1.3e-05
 761000      1.26e-01      4.00e-03    1.3e-05
 761100      1.26e-01      3.97e-03    1.3e-05
 761200      1.46e-01      4.61e-03    1.3e-05
 761300      1.30e-01      4.11e-03    1.3e-05
 761400      1.29e-01      4.09e-03    1.3e-05
 761500      1.39e-01      4.39e-03    1.3e-05
 761600      1.51e-01      4.76e-03    1.3e-05
 761700      1.20e-01      3.80e-03    1.3e-05
 761800      1.46e-01      4.63e-03    1.3e-05
 761900      1.23e-01      3.88e-03    1.3e-05
 762000      1.40e-01      4.42e-03    1.3e-05
 762100      1.16e-01      3.65e-03    1.3e-05
 762200      1.46e-01      4.63e-03    1.3e-05
 762300      1.35e-01      4.28e-03    1.3e-05
 762400      1.18e-01      3.73e-03    1.3e-05
 762500      1.18e-01      3.74e-03    1.3e-05
 762600      1.22e-01      3.87e-03    1.3e-05
 762700      1.10e-01      3.48e-03    1.3e-05
 762800      1.47e-01      4.66e-03    1.3e-05
 762900      1.38e-01      4.35e-03    1.3e-05
 763000      1.37e-01      4.32e-03    1.3e-05
 763100      1.12e-01      3.53e-03    1.3e-05
 763200      1.51e-01      4.76e-03    1.3e-05
 763300      1.16e-01      3.66e-03    1.3e-05
 763400      1.49e-01      4.72e-03    1.3e-05
 763500      1.32e-01      4.18e-03    1.3e-05
 763600      1.23e-01      3.90e-03    1.3e-05
 763700      1.17e-01      3.71e-03    1.3e-05
 763800      1.22e-01      3.85e-03    1.3e-05
 763900      1.27e-01      4.02e-03    1.3e-05
 764000      1.27e-01      4.00e-03    1.3e-05
 764100      1.56e-01      4.92e-03    1.3e-05
 764200      1.36e-01      4.31e-03    1.3e-05
 764300      1.32e-01      4.17e-03    1.3e-05
 764400      1.04e-01      3.30e-03    1.3e-05
 764500      1.10e-01      3.46e-03    1.3e-05
 764600      1.47e-01      4.64e-03    1.3e-05
 764700      1.07e-01      3.37e-03    1.3e-05
 764800      1.27e-01      4.02e-03    1.3e-05
 764900      1.41e-01      4.45e-03    1.3e-05
 765000      1.16e-01      3.68e-03    1.2e-05
 765100      1.38e-01      4.37e-03    1.2e-05
 765200      1.15e-01      3.64e-03    1.2e-05
 765300      1.38e-01      4.35e-03    1.2e-05
 765400      1.12e-01      3.54e-03    1.2e-05
 765500      1.34e-01      4.22e-03    1.2e-05
 765600      9.82e-02      3.11e-03    1.2e-05
 765700      1.36e-01      4.29e-03    1.2e-05
 765800      1.01e-01      3.20e-03    1.2e-05
 765900      1.37e-01      4.32e-03    1.2e-05
 766000      1.33e-01      4.21e-03    1.2e-05
 766100      1.09e-01      3.43e-03    1.2e-05
 766200      1.21e-01      3.84e-03    1.2e-05
 766300      1.43e-01      4.52e-03    1.2e-05
 766400      1.36e-01      4.31e-03    1.2e-05
 766500      1.44e-01      4.56e-03    1.2e-05
 766600      1.40e-01      4.43e-03    1.2e-05
 766700      1.43e-01      4.51e-03    1.2e-05
 766800      1.00e-01      3.17e-03    1.2e-05
 766900      1.27e-01      4.00e-03    1.2e-05
 767000      1.51e-01      4.78e-03    1.2e-05
 767100      1.21e-01      3.81e-03    1.2e-05
 767200      1.09e-01      3.44e-03    1.2e-05
 767300      1.44e-01      4.56e-03    1.2e-05
 767400      1.47e-01      4.64e-03    1.2e-05
 767500      1.21e-01      3.81e-03    1.2e-05
 767600      1.16e-01      3.68e-03    1.2e-05
 767700      1.30e-01      4.10e-03    1.2e-05
 767800      1.30e-01      4.10e-03    1.2e-05
 767900      1.34e-01      4.24e-03    1.2e-05
 768000      1.12e-01      3.54e-03    1.2e-05
 768100      1.05e-01      3.31e-03    1.2e-05
 768200      1.36e-01      4.31e-03    1.2e-05
 768300      1.14e-01      3.59e-03    1.2e-05
 768400      1.39e-01      4.38e-03    1.2e-05
 768500      1.31e-01      4.14e-03    1.2e-05
 768600      1.51e-01      4.78e-03    1.2e-05
 768700      1.17e-01      3.71e-03    1.2e-05
 768800      1.52e-01      4.81e-03    1.2e-05
 768900      1.42e-01      4.48e-03    1.2e-05
 769000      1.31e-01      4.14e-03    1.2e-05
 769100      1.13e-01      3.58e-03    1.2e-05
 769200      1.24e-01      3.93e-03    1.2e-05
 769300      1.10e-01      3.47e-03    1.2e-05
 769400      1.13e-01      3.57e-03    1.2e-05
 769500      1.45e-01      4.59e-03    1.2e-05
 769600      1.41e-01      4.45e-03    1.2e-05
 769700      1.40e-01      4.43e-03    1.2e-05
 769800      9.93e-02      3.14e-03    1.2e-05
 769900      1.41e-01      4.46e-03    1.2e-05
 770000      1.19e-01      3.78e-03    1.2e-05
 770100      1.31e-01      4.14e-03    1.2e-05
 770200      1.17e-01      3.71e-03    1.2e-05
 770300      1.39e-01      4.41e-03    1.2e-05
 770400      1.16e-01      3.66e-03    1.2e-05
 770500      1.39e-01      4.40e-03    1.2e-05
 770600      1.33e-01      4.21e-03    1.2e-05
 770700      1.50e-01      4.73e-03    1.2e-05
 770800      1.30e-01      4.10e-03    1.2e-05
 770900      1.13e-01      3.56e-03    1.2e-05
 771000      1.50e-01      4.73e-03    1.2e-05
 771100      1.40e-01      4.43e-03    1.2e-05
 771200      1.05e-01      3.33e-03    1.2e-05
 771300      1.41e-01      4.46e-03    1.2e-05
 771400      1.10e-01      3.47e-03    1.2e-05
 771500      1.36e-01      4.31e-03    1.2e-05
 771600      1.37e-01      4.34e-03    1.2e-05
 771700      1.21e-01      3.83e-03    1.2e-05
 771800      1.18e-01      3.74e-03    1.2e-05
 771900      1.24e-01      3.92e-03    1.2e-05
 772000      1.44e-01      4.55e-03    1.2e-05
 772100      1.40e-01      4.42e-03    1.2e-05
 772200      1.32e-01      4.19e-03    1.2e-05
 772300      1.52e-01      4.81e-03    1.2e-05
 772400      1.29e-01      4.09e-03    1.2e-05
 772500      1.51e-01      4.78e-03    1.2e-05
 772600      1.36e-01      4.31e-03    1.2e-05
 772700      1.36e-01      4.29e-03    1.2e-05
 772800      1.33e-01      4.21e-03    1.2e-05
 772900      1.13e-01      3.57e-03    1.2e-05
 773000      1.49e-01      4.71e-03    1.2e-05
 773100      1.48e-01      4.69e-03    1.2e-05
 773200      1.43e-01      4.52e-03    1.2e-05
 773300      1.40e-01      4.43e-03    1.2e-05
 773400      1.39e-01      4.39e-03    1.2e-05
 773500      1.38e-01      4.35e-03    1.2e-05
 773600      1.13e-01      3.57e-03    1.2e-05
 773700      1.11e-01      3.50e-03    1.2e-05
 773800      1.46e-01      4.60e-03    1.2e-05
 773900      1.36e-01      4.31e-03    1.2e-05
 774000      1.15e-01      3.63e-03    1.2e-05
 774100      1.25e-01      3.97e-03    1.2e-05
 774200      1.29e-01      4.07e-03    1.2e-05
 774300      1.33e-01      4.21e-03    1.2e-05
 774400      1.11e-01      3.50e-03    1.2e-05
 774500      1.15e-01      3.64e-03    1.2e-05
 774600      1.33e-01      4.20e-03    1.2e-05
 774700      1.12e-01      3.56e-03    1.2e-05
 774800      1.23e-01      3.89e-03    1.2e-05
 774900      1.24e-01      3.92e-03    1.2e-05
 775000      1.09e-01      3.44e-03    1.2e-05
 775100      1.36e-01      4.29e-03    1.2e-05
 775200      1.42e-01      4.48e-03    1.2e-05
 775300      1.41e-01      4.46e-03    1.2e-05
 775400      1.51e-01      4.78e-03    1.2e-05
 775500      1.29e-01      4.07e-03    1.2e-05
 775600      1.25e-01      3.96e-03    1.2e-05
 775700      1.19e-01      3.76e-03    1.2e-05
 775800      1.21e-01      3.84e-03    1.2e-05
 775900      1.04e-01      3.30e-03    1.2e-05
 776000      1.25e-01      3.96e-03    1.2e-05
 776100      1.39e-01      4.39e-03    1.2e-05
 776200      1.16e-01      3.66e-03    1.2e-05
 776300      1.10e-01      3.48e-03    1.2e-05
 776400      1.37e-01      4.35e-03    1.2e-05
 776500      1.47e-01      4.64e-03    1.2e-05
 776600      1.39e-01      4.38e-03    1.2e-05
 776700      1.49e-01      4.70e-03    1.2e-05
 776800      1.37e-01      4.32e-03    1.2e-05
 776900      1.45e-01      4.57e-03    1.2e-05
 777000      1.49e-01      4.71e-03    1.2e-05
 777100      1.51e-01      4.79e-03    1.2e-05
 777200      1.19e-01      3.78e-03    1.2e-05
 777300      1.59e-01      5.04e-03    1.2e-05
 777400      1.20e-01      3.79e-03    1.2e-05
 777500      1.37e-01      4.32e-03    1.2e-05
 777600      1.25e-01      3.96e-03    1.2e-05
 777700      1.15e-01      3.63e-03    1.2e-05
 777800      1.51e-01      4.77e-03    1.2e-05
 777900      1.10e-01      3.48e-03    1.2e-05
 778000      1.05e-01      3.33e-03    1.2e-05
 778100      1.33e-01      4.19e-03    1.2e-05
 778200      1.14e-01      3.59e-03    1.2e-05
 778300      1.55e-01      4.90e-03    1.2e-05
 778400      1.35e-01      4.26e-03    1.2e-05
 778500      1.51e-01      4.78e-03    1.2e-05
 778600      1.54e-01      4.87e-03    1.2e-05
 778700      1.38e-01      4.37e-03    1.2e-05
 778800      1.26e-01      3.98e-03    1.2e-05
 778900      1.48e-01      4.67e-03    1.2e-05
 779000      1.32e-01      4.16e-03    1.2e-05
 779100      1.45e-01      4.58e-03    1.2e-05
 779200      1.20e-01      3.81e-03    1.2e-05
 779300      1.42e-01      4.50e-03    1.2e-05
 779400      9.82e-02      3.10e-03    1.2e-05
 779500      1.06e-01      3.37e-03    1.2e-05
 779600      1.21e-01      3.84e-03    1.2e-05
 779700      1.39e-01      4.40e-03    1.2e-05
 779800      1.27e-01      4.01e-03    1.2e-05
 779900      1.53e-01      4.85e-03    1.2e-05
 780000      1.15e-01      3.64e-03    1.1e-05
 780100      1.05e-01      3.33e-03    1.1e-05
 780200      1.64e-01      5.17e-03    1.1e-05
 780300      1.31e-01      4.15e-03    1.1e-05
 780400      1.36e-01      4.31e-03    1.1e-05
 780500      1.46e-01      4.62e-03    1.1e-05
 780600      1.36e-01      4.31e-03    1.1e-05
 780700      1.53e-01      4.83e-03    1.1e-05
 780800      1.18e-01      3.75e-03    1.1e-05
 780900      1.38e-01      4.36e-03    1.1e-05
 781000      1.43e-01      4.52e-03    1.1e-05
 781100      1.34e-01      4.25e-03    1.1e-05
 781200      1.11e-01      3.50e-03    1.1e-05
 781300      1.25e-01      3.97e-03    1.1e-05
 781400      1.34e-01      4.24e-03    1.1e-05
 781500      1.35e-01      4.28e-03    1.1e-05
 781600      1.17e-01      3.71e-03    1.1e-05
 781700      1.20e-01      3.80e-03    1.1e-05
 781800      1.38e-01      4.37e-03    1.1e-05
 781900      1.10e-01      3.48e-03    1.1e-05
 782000      1.43e-01      4.52e-03    1.1e-05
 782100      1.20e-01      3.81e-03    1.1e-05
 782200      1.15e-01      3.63e-03    1.1e-05
 782300      1.04e-01      3.30e-03    1.1e-05
 782400      1.15e-01      3.63e-03    1.1e-05
 782500      1.02e-01      3.24e-03    1.1e-05
 782600      1.23e-01      3.89e-03    1.1e-05
 782700      1.36e-01      4.31e-03    1.1e-05
 782800      1.11e-01      3.51e-03    1.1e-05
 782900      1.42e-01      4.48e-03    1.1e-05
 783000      1.22e-01      3.86e-03    1.1e-05
 783100      1.12e-01      3.55e-03    1.1e-05
 783200      1.56e-01      4.93e-03    1.1e-05
 783300      1.43e-01      4.52e-03    1.1e-05
 783400      1.21e-01      3.83e-03    1.1e-05
 783500      1.01e-01      3.19e-03    1.1e-05
 783600      1.13e-01      3.57e-03    1.1e-05
 783700      1.05e-01      3.31e-03    1.1e-05
 783800      1.31e-01      4.14e-03    1.1e-05
 783900      1.14e-01      3.59e-03    1.1e-05
 784000      1.33e-01      4.22e-03    1.1e-05
 784100      1.17e-01      3.72e-03    1.1e-05
 784200      1.19e-01      3.78e-03    1.1e-05
 784300      1.51e-01      4.79e-03    1.1e-05
 784400      1.43e-01      4.52e-03    1.1e-05
 784500      1.19e-01      3.77e-03    1.1e-05
 784600      1.47e-01      4.65e-03    1.1e-05
 784700      1.27e-01      4.03e-03    1.1e-05
 784800      1.19e-01      3.75e-03    1.1e-05
 784900      1.45e-01      4.57e-03    1.1e-05
 785000      1.29e-01      4.07e-03    1.1e-05
 785100      1.68e-01      5.31e-03    1.1e-05
 785200      1.43e-01      4.52e-03    1.1e-05
 785300      1.29e-01      4.08e-03    1.1e-05
 785400      1.02e-01      3.24e-03    1.1e-05
 785500      1.39e-01      4.38e-03    1.1e-05
 785600      1.15e-01      3.65e-03    1.1e-05
 785700      1.10e-01      3.49e-03    1.1e-05
 785800      1.15e-01      3.62e-03    1.1e-05
 785900      1.46e-01      4.63e-03    1.1e-05
 786000      1.49e-01      4.72e-03    1.1e-05
 786100      1.26e-01      3.98e-03    1.1e-05
 786200      1.22e-01      3.86e-03    1.1e-05
 786300      1.12e-01      3.53e-03    1.1e-05
 786400      1.19e-01      3.76e-03    1.1e-05
 786500      1.39e-01      4.39e-03    1.1e-05
 786600      1.30e-01      4.11e-03    1.1e-05
 786700      1.17e-01      3.70e-03    1.1e-05
 786800      1.05e-01      3.32e-03    1.1e-05
 786900      1.33e-01      4.22e-03    1.1e-05
 787000      1.42e-01      4.50e-03    1.1e-05
 787100      1.18e-01      3.73e-03    1.1e-05
 787200      1.12e-01      3.54e-03    1.1e-05
 787300      1.49e-01      4.70e-03    1.1e-05
 787400      1.02e-01      3.24e-03    1.1e-05
 787500      1.37e-01      4.33e-03    1.1e-05
 787600      1.21e-01      3.81e-03    1.1e-05
 787700      1.16e-01      3.67e-03    1.1e-05
 787800      1.30e-01      4.11e-03    1.1e-05
 787900      1.25e-01      3.94e-03    1.1e-05
 788000      1.34e-01      4.23e-03    1.1e-05
 788100      1.40e-01      4.42e-03    1.1e-05
 788200      1.55e-01      4.91e-03    1.1e-05
 788300      1.33e-01      4.22e-03    1.1e-05
 788400      1.34e-01      4.23e-03    1.1e-05
 788500      1.44e-01      4.54e-03    1.1e-05
 788600      1.11e-01      3.53e-03    1.1e-05
 788700      1.09e-01      3.46e-03    1.1e-05
 788800      1.38e-01      4.36e-03    1.1e-05
 788900      1.26e-01      3.99e-03    1.1e-05
 789000      1.33e-01      4.20e-03    1.1e-05
 789100      1.50e-01      4.74e-03    1.1e-05
 789200      1.22e-01      3.86e-03    1.1e-05
 789300      1.26e-01      3.99e-03    1.1e-05
 789400      1.15e-01      3.65e-03    1.1e-05
 789500      1.55e-01      4.89e-03    1.1e-05
 789600      1.18e-01      3.74e-03    1.1e-05
 789700      1.12e-01      3.53e-03    1.1e-05
 789800      1.35e-01      4.27e-03    1.1e-05
 789900      1.47e-01      4.64e-03    1.1e-05
 790000      1.51e-01      4.79e-03    1.1e-05
 790100      1.35e-01      4.28e-03    1.1e-05
 790200      1.06e-01      3.35e-03    1.1e-05
 790300      1.33e-01      4.21e-03    1.1e-05
 790400      1.15e-01      3.63e-03    1.1e-05
 790500      1.33e-01      4.20e-03    1.1e-05
 790600      1.38e-01      4.36e-03    1.1e-05
 790700      1.29e-01      4.08e-03    1.1e-05
 790800      1.25e-01      3.96e-03    1.1e-05
 790900      1.49e-01      4.72e-03    1.1e-05
 791000      1.45e-01      4.59e-03    1.1e-05
 791100      1.15e-01      3.64e-03    1.1e-05
 791200      1.47e-01      4.64e-03    1.1e-05
 791300      1.43e-01      4.51e-03    1.1e-05
 791400      1.49e-01      4.72e-03    1.1e-05
 791500      1.35e-01      4.28e-03    1.1e-05
 791600      1.03e-01      3.26e-03    1.1e-05
 791700      1.22e-01      3.85e-03    1.1e-05
 791800      1.32e-01      4.17e-03    1.1e-05
 791900      1.21e-01      3.82e-03    1.1e-05
 792000      1.05e-01      3.34e-03    1.1e-05
 792100      1.40e-01      4.44e-03    1.1e-05
 792200      1.36e-01      4.30e-03    1.1e-05
 792300      1.31e-01      4.14e-03    1.1e-05
 792400      1.33e-01      4.22e-03    1.1e-05
 792500      1.22e-01      3.86e-03    1.1e-05
 792600      1.41e-01      4.47e-03    1.1e-05
 792700      1.16e-01      3.68e-03    1.1e-05
 792800      1.46e-01      4.60e-03    1.1e-05
 792900      1.13e-01      3.59e-03    1.1e-05
 793000      9.93e-02      3.14e-03    1.1e-05
 793100      1.37e-01      4.32e-03    1.1e-05
 793200      1.26e-01      3.98e-03    1.1e-05
 793300      1.17e-01      3.72e-03    1.1e-05
 793400      1.26e-01      3.98e-03    1.1e-05
 793500      1.04e-01      3.28e-03    1.1e-05
 793600      1.47e-01      4.64e-03    1.1e-05
 793700      1.34e-01      4.24e-03    1.1e-05
 793800      1.43e-01      4.51e-03    1.1e-05
 793900      1.34e-01      4.24e-03    1.1e-05
 794000      1.59e-01      5.02e-03    1.1e-05
 794100      1.14e-01      3.60e-03    1.1e-05
 794200      1.42e-01      4.49e-03    1.1e-05
 794300      1.40e-01      4.43e-03    1.1e-05
 794400      1.43e-01      4.51e-03    1.1e-05
 794500      1.36e-01      4.32e-03    1.1e-05
 794600      1.18e-01      3.74e-03    1.1e-05
 794700      1.28e-01      4.05e-03    1.1e-05
 794800      1.23e-01      3.90e-03    1.1e-05
 794900      1.44e-01      4.56e-03    1.1e-05
 795000      1.34e-01      4.23e-03    1.0e-05
 795100      1.23e-01      3.90e-03    1.0e-05
 795200      1.18e-01      3.73e-03    1.0e-05
 795300      1.33e-01      4.21e-03    1.0e-05
 795400      1.17e-01      3.69e-03    1.0e-05
 795500      1.43e-01      4.52e-03    1.0e-05
 795600      1.51e-01      4.79e-03    1.0e-05
 795700      1.45e-01      4.59e-03    1.0e-05
 795800      1.50e-01      4.75e-03    1.0e-05
 795900      1.38e-01      4.36e-03    1.0e-05
 796000      1.16e-01      3.67e-03    1.0e-05
 796100      1.38e-01      4.37e-03    1.0e-05
 796200      1.03e-01      3.27e-03    1.0e-05
 796300      1.09e-01      3.44e-03    1.0e-05
 796400      9.93e-02      3.14e-03    1.0e-05
 796500      1.18e-01      3.74e-03    1.0e-05
 796600      1.03e-01      3.25e-03    1.0e-05
 796700      1.01e-01      3.18e-03    1.0e-05
 796800      1.47e-01      4.65e-03    1.0e-05
 796900      1.37e-01      4.32e-03    1.0e-05
 797000      1.33e-01      4.21e-03    1.0e-05
 797100      1.25e-01      3.96e-03    1.0e-05
 797200      1.24e-01      3.92e-03    1.0e-05
 797300      1.13e-01      3.56e-03    1.0e-05
 797400      1.45e-01      4.60e-03    1.0e-05
 797500      1.35e-01      4.27e-03    1.0e-05
 797600      1.66e-01      5.26e-03    1.0e-05
 797700      1.64e-01      5.17e-03    1.0e-05
 797800      1.49e-01      4.71e-03    1.0e-05
 797900      1.44e-01      4.57e-03    1.0e-05
 798000      1.10e-01      3.49e-03    1.0e-05
 798100      1.42e-01      4.50e-03    1.0e-05
 798200      1.00e-01      3.17e-03    1.0e-05
 798300      1.29e-01      4.08e-03    1.0e-05
 798400      1.36e-01      4.32e-03    1.0e-05
 798500      1.51e-01      4.77e-03    1.0e-05
 798600      1.10e-01      3.46e-03    1.0e-05
 798700      1.22e-01      3.85e-03    1.0e-05
 798800      1.51e-01      4.76e-03    1.0e-05
 798900      1.34e-01      4.25e-03    1.0e-05
 799000      1.36e-01      4.30e-03    1.0e-05
 799100      1.28e-01      4.06e-03    1.0e-05
 799200      1.51e-01      4.77e-03    1.0e-05
 799300      1.12e-01      3.55e-03    1.0e-05
 799400      1.18e-01      3.73e-03    1.0e-05
 799500      1.57e-01      4.97e-03    1.0e-05
 799600      1.25e-01      3.95e-03    1.0e-05
 799700      1.21e-01      3.82e-03    1.0e-05
 799800      1.43e-01      4.53e-03    1.0e-05
 799900      1.21e-01      3.82e-03    1.0e-05
 800000      1.19e-01      3.75e-03    1.0e-05
 800100      1.46e-01      4.62e-03    1.0e-05
 800200      1.33e-01      4.19e-03    1.0e-05
 800300      1.31e-01      4.13e-03    1.0e-05
 800400      1.43e-01      4.51e-03    1.0e-05
 800500      1.25e-01      3.94e-03    1.0e-05
 800600      1.31e-01      4.13e-03    1.0e-05
 800700      1.31e-01      4.14e-03    1.0e-05
 800800      1.41e-01      4.45e-03    1.0e-05
 800900      1.19e-01      3.76e-03    1.0e-05
 801000      1.25e-01      3.96e-03    1.0e-05
 801100      1.43e-01      4.53e-03    1.0e-05
 801200      1.10e-01      3.49e-03    1.0e-05
 801300      1.20e-01      3.80e-03    1.0e-05
 801400      1.52e-01      4.79e-03    1.0e-05
 801500      1.60e-01      5.05e-03    1.0e-05
 801600      1.14e-01      3.62e-03    1.0e-05
 801700      1.22e-01      3.84e-03    1.0e-05
 801800      1.18e-01      3.72e-03    1.0e-05
 801900      1.34e-01      4.23e-03    1.0e-05
 802000      1.13e-01      3.56e-03    1.0e-05
 802100      1.34e-01      4.25e-03    1.0e-05
 802200      1.20e-01      3.81e-03    1.0e-05
 802300      1.31e-01      4.13e-03    1.0e-05
 802400      1.12e-01      3.54e-03    1.0e-05
 802500      1.58e-01      4.99e-03    1.0e-05
 802600      1.48e-01      4.67e-03    1.0e-05
 802700      1.38e-01      4.37e-03    1.0e-05
 802800      1.44e-01      4.57e-03    1.0e-05
 802900      1.25e-01      3.97e-03    1.0e-05
 803000      1.21e-01      3.82e-03    1.0e-05
 803100      1.15e-01      3.64e-03    1.0e-05
 803200      1.19e-01      3.75e-03    1.0e-05
 803300      1.29e-01      4.09e-03    1.0e-05
 803400      1.39e-01      4.41e-03    1.0e-05
 803500      1.38e-01      4.36e-03    1.0e-05
 803600      1.40e-01      4.42e-03    1.0e-05
 803700      1.14e-01      3.59e-03    1.0e-05
 803800      1.53e-01      4.84e-03    1.0e-05
 803900      1.34e-01      4.22e-03    1.0e-05
 804000      1.53e-01      4.83e-03    1.0e-05
 804100      1.33e-01      4.19e-03    1.0e-05
 804200      1.52e-01      4.81e-03    1.0e-05
 804300      1.41e-01      4.45e-03    1.0e-05
 804400      1.22e-01      3.87e-03    1.0e-05
 804500      1.23e-01      3.90e-03    1.0e-05
 804600      1.29e-01      4.07e-03    1.0e-05
 804700      1.21e-01      3.83e-03    1.0e-05
 804800      1.06e-01      3.37e-03    1.0e-05
 804900      1.24e-01      3.93e-03    1.0e-05
 805000      1.39e-01      4.38e-03    9.7e-06
 805100      1.37e-01      4.34e-03    9.7e-06
 805200      1.18e-01      3.72e-03    9.7e-06
 805300      1.37e-01      4.33e-03    9.7e-06
 805400      1.07e-01      3.37e-03    9.7e-06
 805500      1.44e-01      4.55e-03    9.7e-06
 805600      1.30e-01      4.12e-03    9.7e-06
 805700      1.21e-01      3.82e-03    9.7e-06
 805800      1.51e-01      4.78e-03    9.7e-06
 805900      1.51e-01      4.76e-03    9.7e-06
 806000      1.45e-01      4.58e-03    9.7e-06
 806100      1.42e-01      4.49e-03    9.7e-06
 806200      1.39e-01      4.39e-03    9.7e-06
 806300      1.42e-01      4.48e-03    9.7e-06
 806400      1.15e-01      3.65e-03    9.7e-06
 806500      1.44e-01      4.55e-03    9.7e-06
 806600      1.52e-01      4.80e-03    9.7e-06
 806700      1.14e-01      3.60e-03    9.7e-06
 806800      1.41e-01      4.47e-03    9.7e-06
 806900      1.09e-01      3.45e-03    9.7e-06
 807000      1.36e-01      4.30e-03    9.7e-06
 807100      1.19e-01      3.77e-03    9.7e-06
 807200      1.05e-01      3.31e-03    9.7e-06
 807300      1.32e-01      4.17e-03    9.7e-06
 807400      1.56e-01      4.93e-03    9.7e-06
 807500      1.42e-01      4.48e-03    9.7e-06
 807600      1.28e-01      4.04e-03    9.7e-06
 807700      1.45e-01      4.57e-03    9.7e-06
 807800      1.43e-01      4.52e-03    9.7e-06
 807900      1.50e-01      4.76e-03    9.7e-06
 808000      1.36e-01      4.31e-03    9.7e-06
 808100      1.22e-01      3.85e-03    9.7e-06
 808200      1.44e-01      4.57e-03    9.7e-06
 808300      1.32e-01      4.18e-03    9.7e-06
 808400      1.27e-01      4.00e-03    9.7e-06
 808500      1.46e-01      4.62e-03    9.7e-06
 808600      1.32e-01      4.16e-03    9.7e-06
 808700      1.52e-01      4.81e-03    9.7e-06
 808800      1.17e-01      3.70e-03    9.7e-06
 808900      1.15e-01      3.65e-03    9.7e-06
 809000      1.16e-01      3.67e-03    9.7e-06
 809100      1.29e-01      4.09e-03    9.7e-06
 809200      1.50e-01      4.74e-03    9.7e-06
 809300      1.29e-01      4.09e-03    9.7e-06
 809400      1.32e-01      4.16e-03    9.7e-06
 809500      1.51e-01      4.77e-03    9.7e-06
 809600      1.44e-01      4.55e-03    9.7e-06
 809700      1.48e-01      4.69e-03    9.7e-06
 809800      1.50e-01      4.73e-03    9.7e-06
 809900      1.34e-01      4.25e-03    9.7e-06
 810000      1.26e-01      3.99e-03    9.4e-06
 810100      1.22e-01      3.87e-03    9.4e-06
 810200      1.24e-01      3.93e-03    9.4e-06
 810300      1.13e-01      3.58e-03    9.4e-06
 810400      1.37e-01      4.34e-03    9.4e-06
 810500      1.45e-01      4.59e-03    9.4e-06
 810600      1.24e-01      3.94e-03    9.4e-06
 810700      1.33e-01      4.21e-03    9.4e-06
 810800      1.61e-01      5.09e-03    9.4e-06
 810900      1.30e-01      4.11e-03    9.4e-06
 811000      1.24e-01      3.94e-03    9.4e-06
 811100      1.04e-01      3.27e-03    9.4e-06
 811200      1.19e-01      3.77e-03    9.4e-06
 811300      1.40e-01      4.43e-03    9.4e-06
 811400      1.37e-01      4.33e-03    9.4e-06
 811500      1.43e-01      4.52e-03    9.4e-06
 811600      1.47e-01      4.64e-03    9.4e-06
 811700      1.56e-01      4.93e-03    9.4e-06
 811800      1.31e-01      4.16e-03    9.4e-06
 811900      1.45e-01      4.58e-03    9.4e-06
 812000      1.21e-01      3.83e-03    9.4e-06
 812100      1.37e-01      4.34e-03    9.4e-06
 812200      1.24e-01      3.91e-03    9.4e-06
 812300      1.37e-01      4.33e-03    9.4e-06
 812400      1.13e-01      3.57e-03    9.4e-06
 812500      1.19e-01      3.75e-03    9.4e-06
 812600      1.12e-01      3.53e-03    9.4e-06
 812700      1.43e-01      4.52e-03    9.4e-06
 812800      1.40e-01      4.42e-03    9.4e-06
 812900      1.48e-01      4.66e-03    9.4e-06
 813000      1.30e-01      4.10e-03    9.4e-06
 813100      1.32e-01      4.16e-03    9.4e-06
 813200      1.45e-01      4.59e-03    9.4e-06
 813300      1.31e-01      4.14e-03    9.4e-06
 813400      1.42e-01      4.50e-03    9.4e-06
 813500      1.09e-01      3.46e-03    9.4e-06
 813600      1.39e-01      4.40e-03    9.4e-06
 813700      1.39e-01      4.39e-03    9.4e-06
 813800      1.35e-01      4.28e-03    9.4e-06
 813900      1.42e-01      4.48e-03    9.4e-06
 814000      1.36e-01      4.31e-03    9.4e-06
 814100      1.18e-01      3.73e-03    9.4e-06
 814200      1.51e-01      4.76e-03    9.4e-06
 814300      1.01e-01      3.20e-03    9.4e-06
 814400      1.07e-01      3.37e-03    9.4e-06
 814500      1.38e-01      4.35e-03    9.4e-06
 814600      1.42e-01      4.51e-03    9.4e-06
 814700      1.04e-01      3.29e-03    9.4e-06
 814800      1.47e-01      4.66e-03    9.4e-06
 814900      1.08e-01      3.43e-03    9.4e-06
 815000      1.23e-01      3.87e-03    9.2e-06
 815100      1.46e-01      4.62e-03    9.2e-06
 815200      1.46e-01      4.63e-03    9.2e-06
 815300      1.23e-01      3.90e-03    9.2e-06
 815400      1.25e-01      3.96e-03    9.2e-06
 815500      1.22e-01      3.86e-03    9.2e-06
 815600      1.19e-01      3.75e-03    9.2e-06
 815700      1.36e-01      4.31e-03    9.2e-06
 815800      1.32e-01      4.19e-03    9.2e-06
 815900      9.52e-02      3.01e-03    9.2e-06
 816000      1.52e-01      4.81e-03    9.2e-06
 816100      9.52e-02      3.01e-03    9.2e-06
 816200      1.33e-01      4.21e-03    9.2e-06
 816300      1.09e-01      3.45e-03    9.2e-06
 816400      1.51e-01      4.77e-03    9.2e-06
 816500      1.11e-01      3.50e-03    9.2e-06
 816600      1.30e-01      4.10e-03    9.2e-06
 816700      1.33e-01      4.22e-03    9.2e-06
 816800      1.44e-01      4.55e-03    9.2e-06
 816900      1.32e-01      4.16e-03    9.2e-06
 817000      1.24e-01      3.92e-03    9.2e-06
 817100      1.14e-01      3.60e-03    9.2e-06
 817200      1.38e-01      4.37e-03    9.2e-06
 817300      1.33e-01      4.21e-03    9.2e-06
 817400      1.49e-01      4.72e-03    9.2e-06
 817500      1.02e-01      3.24e-03    9.2e-06
 817600      1.36e-01      4.30e-03    9.2e-06
 817700      1.51e-01      4.76e-03    9.2e-06
 817800      1.43e-01      4.54e-03    9.2e-06
 817900      1.57e-01      4.97e-03    9.2e-06
 818000      1.40e-01      4.43e-03    9.2e-06
 818100      1.38e-01      4.35e-03    9.2e-06
 818200      1.42e-01      4.48e-03    9.2e-06
 818300      1.52e-01      4.81e-03    9.2e-06
 818400      1.35e-01      4.28e-03    9.2e-06
 818500      1.16e-01      3.67e-03    9.2e-06
 818600      1.22e-01      3.87e-03    9.2e-06
 818700      1.19e-01      3.77e-03    9.2e-06
 818800      1.20e-01      3.80e-03    9.2e-06
 818900      1.29e-01      4.09e-03    9.2e-06
 819000      1.37e-01      4.33e-03    9.2e-06
 819100      1.24e-01      3.92e-03    9.2e-06
 819200      1.32e-01      4.17e-03    9.2e-06
 819300      1.20e-01      3.80e-03    9.2e-06
 819400      1.22e-01      3.86e-03    9.2e-06
 819500      1.27e-01      4.02e-03    9.2e-06
 819600      1.38e-01      4.35e-03    9.2e-06
 819700      1.14e-01      3.62e-03    9.2e-06
 819800      1.51e-01      4.78e-03    9.2e-06
 819900      1.16e-01      3.68e-03    9.2e-06
 820000      1.36e-01      4.29e-03    8.9e-06
 820100      1.26e-01      3.99e-03    8.9e-06
 820200      1.68e-01      5.32e-03    8.9e-06
 820300      1.29e-01      4.07e-03    8.9e-06
 820400      1.33e-01      4.19e-03    8.9e-06
 820500      1.02e-01      3.23e-03    8.9e-06
 820600      1.35e-01      4.27e-03    8.9e-06
 820700      1.43e-01      4.52e-03    8.9e-06
 820800      1.46e-01      4.61e-03    8.9e-06
 820900      1.44e-01      4.56e-03    8.9e-06
 821000      1.06e-01      3.35e-03    8.9e-06
 821100      1.44e-01      4.54e-03    8.9e-06
 821200      1.36e-01      4.29e-03    8.9e-06
 821300      1.33e-01      4.21e-03    8.9e-06
 821400      1.40e-01      4.42e-03    8.9e-06
 821500      1.12e-01      3.55e-03    8.9e-06
 821600      1.22e-01      3.87e-03    8.9e-06
 821700      1.14e-01      3.61e-03    8.9e-06
 821800      1.17e-01      3.69e-03    8.9e-06
 821900      1.47e-01      4.66e-03    8.9e-06
 822000      1.15e-01      3.64e-03    8.9e-06
 822100      1.26e-01      3.99e-03    8.9e-06
 822200      1.31e-01      4.16e-03    8.9e-06
 822300      1.34e-01      4.25e-03    8.9e-06
 822400      1.27e-01      4.00e-03    8.9e-06
 822500      1.14e-01      3.62e-03    8.9e-06
 822600      1.51e-01      4.78e-03    8.9e-06
 822700      1.11e-01      3.52e-03    8.9e-06
 822800      1.42e-01      4.49e-03    8.9e-06
 822900      1.48e-01      4.68e-03    8.9e-06
 823000      1.01e-01      3.20e-03    8.9e-06
 823100      1.17e-01      3.69e-03    8.9e-06
 823200      1.44e-01      4.55e-03    8.9e-06
 823300      1.51e-01      4.76e-03    8.9e-06
 823400      1.29e-01      4.09e-03    8.9e-06
 823500      1.12e-01      3.54e-03    8.9e-06
 823600      1.37e-01      4.33e-03    8.9e-06
 823700      1.46e-01      4.61e-03    8.9e-06
 823800      1.23e-01      3.90e-03    8.9e-06
 823900      1.38e-01      4.37e-03    8.9e-06
 824000      1.28e-01      4.06e-03    8.9e-06
 824100      1.50e-01      4.76e-03    8.9e-06
 824200      1.19e-01      3.77e-03    8.9e-06
 824300      1.39e-01      4.41e-03    8.9e-06
 824400      1.35e-01      4.28e-03    8.9e-06
 824500      1.02e-01      3.23e-03    8.9e-06
 824600      1.11e-01      3.50e-03    8.9e-06
 824700      1.37e-01      4.32e-03    8.9e-06
 824800      1.19e-01      3.78e-03    8.9e-06
 824900      1.35e-01      4.28e-03    8.9e-06
 825000      1.16e-01      3.67e-03    8.7e-06
 825100      1.36e-01      4.31e-03    8.7e-06
 825200      1.44e-01      4.55e-03    8.7e-06
 825300      1.54e-01      4.87e-03    8.7e-06
 825400      1.40e-01      4.43e-03    8.7e-06
 825500      9.23e-02      2.92e-03    8.7e-06
 825600      1.39e-01      4.39e-03    8.7e-06
 825700      1.37e-01      4.33e-03    8.7e-06
 825800      1.28e-01      4.05e-03    8.7e-06
 825900      1.43e-01      4.52e-03    8.7e-06
 826000      1.30e-01      4.11e-03    8.7e-06
 826100      1.35e-01      4.26e-03    8.7e-06
 826200      1.36e-01      4.31e-03    8.7e-06
 826300      1.15e-01      3.65e-03    8.7e-06
 826400      1.46e-01      4.60e-03    8.7e-06
 826500      1.38e-01      4.37e-03    8.7e-06
 826600      1.47e-01      4.66e-03    8.7e-06
 826700      1.12e-01      3.54e-03    8.7e-06
 826800      1.41e-01      4.46e-03    8.7e-06
 826900      1.37e-01      4.32e-03    8.7e-06
 827000      1.46e-01      4.60e-03    8.7e-06
 827100      1.49e-01      4.71e-03    8.7e-06
 827200      1.32e-01      4.17e-03    8.7e-06
 827300      1.18e-01      3.74e-03    8.7e-06
 827400      1.36e-01      4.29e-03    8.7e-06
 827500      1.36e-01      4.31e-03    8.7e-06
 827600      1.13e-01      3.57e-03    8.7e-06
 827700      1.05e-01      3.31e-03    8.7e-06
 827800      1.39e-01      4.39e-03    8.7e-06
 827900      1.25e-01      3.97e-03    8.7e-06
 828000      1.50e-01      4.74e-03    8.7e-06
 828100      1.20e-01      3.78e-03    8.7e-06
 828200      1.50e-01      4.76e-03    8.7e-06
 828300      1.07e-01      3.40e-03    8.7e-06
 828400      1.30e-01      4.11e-03    8.7e-06
 828500      1.17e-01      3.70e-03    8.7e-06
 828600      1.36e-01      4.30e-03    8.7e-06
 828700      1.12e-01      3.55e-03    8.7e-06
 828800      1.43e-01      4.52e-03    8.7e-06
 828900      1.30e-01      4.12e-03    8.7e-06
 829000      1.30e-01      4.11e-03    8.7e-06
 829100      1.14e-01      3.60e-03    8.7e-06
 829200      1.07e-01      3.37e-03    8.7e-06
 829300      1.24e-01      3.92e-03    8.7e-06
 829400      1.34e-01      4.24e-03    8.7e-06
 829500      1.39e-01      4.39e-03    8.7e-06
 829600      9.96e-02      3.15e-03    8.7e-06
 829700      1.37e-01      4.33e-03    8.7e-06
 829800      1.26e-01      3.98e-03    8.7e-06
 829900      1.23e-01      3.89e-03    8.7e-06
 830000      1.36e-01      4.30e-03    8.4e-06
 830100      1.44e-01      4.56e-03    8.4e-06
 830200      1.20e-01      3.80e-03    8.4e-06
 830300      1.10e-01      3.48e-03    8.4e-06
 830400      1.02e-01      3.23e-03    8.4e-06
 830500      1.02e-01      3.22e-03    8.4e-06
 830600      1.15e-01      3.63e-03    8.4e-06
 830700      1.39e-01      4.39e-03    8.4e-06
 830800      1.15e-01      3.63e-03    8.4e-06
 830900      1.37e-01      4.34e-03    8.4e-06
 831000      1.15e-01      3.65e-03    8.4e-06
 831100      1.46e-01      4.63e-03    8.4e-06
 831200      1.15e-01      3.63e-03    8.4e-06
 831300      1.11e-01      3.50e-03    8.4e-06
 831400      1.52e-01      4.80e-03    8.4e-06
 831500      1.44e-01      4.56e-03    8.4e-06
 831600      1.29e-01      4.09e-03    8.4e-06
 831700      1.11e-01      3.51e-03    8.4e-06
 831800      1.49e-01      4.70e-03    8.4e-06
 831900      1.29e-01      4.09e-03    8.4e-06
 832000      1.12e-01      3.55e-03    8.4e-06
 832100      9.90e-02      3.13e-03    8.4e-06
 832200      1.17e-01      3.71e-03    8.4e-06
 832300      1.42e-01      4.48e-03    8.4e-06
 832400      1.29e-01      4.08e-03    8.4e-06
 832500      1.25e-01      3.94e-03    8.4e-06
 832600      1.53e-01      4.83e-03    8.4e-06
 832700      1.08e-01      3.42e-03    8.4e-06
 832800      1.21e-01      3.82e-03    8.4e-06
 832900      1.07e-01      3.39e-03    8.4e-06
 833000      1.22e-01      3.84e-03    8.4e-06
 833100      1.23e-01      3.90e-03    8.4e-06
 833200      1.30e-01      4.11e-03    8.4e-06
 833300      1.35e-01      4.27e-03    8.4e-06
 833400      1.20e-01      3.81e-03    8.4e-06
 833500      1.38e-01      4.38e-03    8.4e-06
 833600      1.15e-01      3.64e-03    8.4e-06
 833700      1.36e-01      4.30e-03    8.4e-06
 833800      1.53e-01      4.83e-03    8.4e-06
 833900      1.20e-01      3.80e-03    8.4e-06
 834000      1.15e-01      3.62e-03    8.4e-06
 834100      1.38e-01      4.36e-03    8.4e-06
 834200      1.26e-01      3.99e-03    8.4e-06
 834300      1.21e-01      3.82e-03    8.4e-06
 834400      1.27e-01      4.02e-03    8.4e-06
 834500      1.21e-01      3.83e-03    8.4e-06
 834600      1.11e-01      3.51e-03    8.4e-06
 834700      1.42e-01      4.49e-03    8.4e-06
 834800      1.06e-01      3.37e-03    8.4e-06
 834900      1.47e-01      4.66e-03    8.4e-06
 835000      1.61e-01      5.09e-03    8.2e-06
 835100      1.48e-01      4.69e-03    8.2e-06
 835200      1.35e-01      4.26e-03    8.2e-06
 835300      1.24e-01      3.92e-03    8.2e-06
 835400      1.47e-01      4.64e-03    8.2e-06
 835500      1.41e-01      4.45e-03    8.2e-06
 835600      1.18e-01      3.74e-03    8.2e-06
 835700      1.32e-01      4.17e-03    8.2e-06
 835800      1.46e-01      4.61e-03    8.2e-06
 835900      1.25e-01      3.95e-03    8.2e-06
 836000      1.31e-01      4.13e-03    8.2e-06
 836100      1.05e-01      3.31e-03    8.2e-06
 836200      1.43e-01      4.53e-03    8.2e-06
 836300      1.50e-01      4.75e-03    8.2e-06
 836400      1.47e-01      4.65e-03    8.2e-06
 836500      1.07e-01      3.37e-03    8.2e-06
 836600      1.07e-01      3.38e-03    8.2e-06
 836700      1.26e-01      4.00e-03    8.2e-06
 836800      1.38e-01      4.36e-03    8.2e-06
 836900      1.38e-01      4.36e-03    8.2e-06
 837000      1.20e-01      3.78e-03    8.2e-06
 837100      1.31e-01      4.13e-03    8.2e-06
 837200      1.38e-01      4.38e-03    8.2e-06
 837300      1.40e-01      4.41e-03    8.2e-06
 837400      1.50e-01      4.74e-03    8.2e-06
 837500      1.08e-01      3.42e-03    8.2e-06
 837600      1.42e-01      4.49e-03    8.2e-06
 837700      1.41e-01      4.45e-03    8.2e-06
 837800      1.34e-01      4.25e-03    8.2e-06
 837900      1.36e-01      4.31e-03    8.2e-06
 838000      1.58e-01      5.00e-03    8.2e-06
 838100      1.45e-01      4.59e-03    8.2e-06
 838200      1.35e-01      4.26e-03    8.2e-06
 838300      1.16e-01      3.68e-03    8.2e-06
 838400      1.33e-01      4.21e-03    8.2e-06
 838500      1.09e-01      3.46e-03    8.2e-06
 838600      1.42e-01      4.49e-03    8.2e-06
 838700      1.34e-01      4.23e-03    8.2e-06
 838800      1.34e-01      4.25e-03    8.2e-06
 838900      1.40e-01      4.44e-03    8.2e-06
 839000      1.29e-01      4.07e-03    8.2e-06
 839100      1.32e-01      4.16e-03    8.2e-06
 839200      1.05e-01      3.32e-03    8.2e-06
 839300      1.36e-01      4.31e-03    8.2e-06
 839400      1.26e-01      3.97e-03    8.2e-06
 839500      1.20e-01      3.78e-03    8.2e-06
 839600      1.45e-01      4.59e-03    8.2e-06
 839700      1.13e-01      3.57e-03    8.2e-06
 839800      1.21e-01      3.81e-03    8.2e-06
 839900      1.40e-01      4.43e-03    8.2e-06
 840000      1.23e-01      3.89e-03    7.9e-06
 840100      1.32e-01      4.17e-03    7.9e-06
 840200      1.34e-01      4.23e-03    7.9e-06
 840300      1.24e-01      3.91e-03    7.9e-06
 840400      1.52e-01      4.81e-03    7.9e-06
 840500      1.34e-01      4.25e-03    7.9e-06
 840600      1.21e-01      3.83e-03    7.9e-06
 840700      1.41e-01      4.47e-03    7.9e-06
 840800      1.52e-01      4.81e-03    7.9e-06
 840900      1.35e-01      4.27e-03    7.9e-06
 841000      1.20e-01      3.78e-03    7.9e-06
 841100      1.30e-01      4.11e-03    7.9e-06
 841200      1.39e-01      4.38e-03    7.9e-06
 841300      1.40e-01      4.42e-03    7.9e-06
 841400      1.35e-01      4.26e-03    7.9e-06
 841500      1.48e-01      4.68e-03    7.9e-06
 841600      1.41e-01      4.46e-03    7.9e-06
 841700      1.35e-01      4.28e-03    7.9e-06
 841800      1.04e-01      3.30e-03    7.9e-06
 841900      1.43e-01      4.51e-03    7.9e-06
 842000      1.63e-01      5.15e-03    7.9e-06
 842100      1.32e-01      4.18e-03    7.9e-06
 842200      1.04e-01      3.27e-03    7.9e-06
 842300      1.01e-01      3.18e-03    7.9e-06
 842400      1.33e-01      4.22e-03    7.9e-06
 842500      1.30e-01      4.11e-03    7.9e-06
 842600      1.42e-01      4.49e-03    7.9e-06
 842700      1.13e-01      3.56e-03    7.9e-06
 842800      1.04e-01      3.28e-03    7.9e-06
 842900      1.41e-01      4.47e-03    7.9e-06
 843000      1.19e-01      3.76e-03    7.9e-06
 843100      1.31e-01      4.14e-03    7.9e-06
 843200      1.38e-01      4.37e-03    7.9e-06
 843300      1.46e-01      4.62e-03    7.9e-06
 843400      1.07e-01      3.38e-03    7.9e-06
 843500      1.31e-01      4.15e-03    7.9e-06
 843600      1.29e-01      4.09e-03    7.9e-06
 843700      1.49e-01      4.70e-03    7.9e-06
 843800      1.45e-01      4.58e-03    7.9e-06
 843900      1.52e-01      4.80e-03    7.9e-06
 844000      1.35e-01      4.25e-03    7.9e-06
 844100      1.41e-01      4.46e-03    7.9e-06
 844200      1.10e-01      3.47e-03    7.9e-06
 844300      1.08e-01      3.40e-03    7.9e-06
 844400      1.05e-01      3.32e-03    7.9e-06
 844500      1.31e-01      4.14e-03    7.9e-06
 844600      1.16e-01      3.66e-03    7.9e-06
 844700      1.15e-01      3.64e-03    7.9e-06
 844800      1.48e-01      4.69e-03    7.9e-06
 844900      1.27e-01      4.03e-03    7.9e-06
 845000      1.20e-01      3.79e-03    7.7e-06
 845100      1.34e-01      4.25e-03    7.7e-06
 845200      1.27e-01      4.02e-03    7.7e-06
 845300      1.15e-01      3.63e-03    7.7e-06
 845400      1.07e-01      3.37e-03    7.7e-06
 845500      1.15e-01      3.64e-03    7.7e-06
 845600      1.63e-01      5.15e-03    7.7e-06
 845700      1.04e-01      3.29e-03    7.7e-06
 845800      1.38e-01      4.36e-03    7.7e-06
 845900      1.43e-01      4.52e-03    7.7e-06
 846000      1.37e-01      4.32e-03    7.7e-06
 846100      1.56e-01      4.94e-03    7.7e-06
 846200      1.38e-01      4.36e-03    7.7e-06
 846300      1.47e-01      4.66e-03    7.7e-06
 846400      1.32e-01      4.18e-03    7.7e-06
 846500      1.19e-01      3.77e-03    7.7e-06
 846600      1.35e-01      4.28e-03    7.7e-06
 846700      1.53e-01      4.83e-03    7.7e-06
 846800      1.43e-01      4.53e-03    7.7e-06
 846900      1.09e-01      3.46e-03    7.7e-06
 847000      1.26e-01      3.98e-03    7.7e-06
 847100      1.40e-01      4.43e-03    7.7e-06
 847200      1.46e-01      4.63e-03    7.7e-06
 847300      1.36e-01      4.29e-03    7.7e-06
 847400      1.26e-01      3.98e-03    7.7e-06
 847500      1.33e-01      4.20e-03    7.7e-06
 847600      1.48e-01      4.69e-03    7.7e-06
 847700      1.37e-01      4.35e-03    7.7e-06
 847800      1.46e-01      4.61e-03    7.7e-06
 847900      1.42e-01      4.49e-03    7.7e-06
 848000      1.48e-01      4.70e-03    7.7e-06
 848100      1.36e-01      4.29e-03    7.7e-06
 848200      1.27e-01      4.01e-03    7.7e-06
 848300      1.59e-01      5.02e-03    7.7e-06
 848400      1.47e-01      4.64e-03    7.7e-06
 848500      1.18e-01      3.72e-03    7.7e-06
 848600      1.38e-01      4.36e-03    7.7e-06
 848700      1.20e-01      3.79e-03    7.7e-06
 848800      1.49e-01      4.71e-03    7.7e-06
 848900      1.04e-01      3.28e-03    7.7e-06
 849000      1.46e-01      4.62e-03    7.7e-06
 849100      1.33e-01      4.20e-03    7.7e-06
 849200      1.03e-01      3.27e-03    7.7e-06
 849300      1.23e-01      3.90e-03    7.7e-06
 849400      1.40e-01      4.42e-03    7.7e-06
 849500      1.50e-01      4.74e-03    7.7e-06
 849600      1.43e-01      4.52e-03    7.7e-06
 849700      1.29e-01      4.08e-03    7.7e-06
 849800      1.33e-01      4.19e-03    7.7e-06
 849900      1.07e-01      3.38e-03    7.7e-06
 850000      1.54e-01      4.86e-03    7.5e-06
 850100      1.10e-01      3.49e-03    7.5e-06
 850200      1.44e-01      4.55e-03    7.5e-06
 850300      1.13e-01      3.58e-03    7.5e-06
 850400      1.17e-01      3.71e-03    7.5e-06
 850500      1.30e-01      4.10e-03    7.5e-06
 850600      1.35e-01      4.26e-03    7.5e-06
 850700      1.39e-01      4.39e-03    7.5e-06
 850800      1.35e-01      4.26e-03    7.5e-06
 850900      1.11e-01      3.52e-03    7.5e-06
 851000      1.22e-01      3.85e-03    7.5e-06
 851100      1.42e-01      4.49e-03    7.5e-06
 851200      1.07e-01      3.39e-03    7.5e-06
 851300      1.55e-01      4.89e-03    7.5e-06
 851400      1.38e-01      4.35e-03    7.5e-06
 851500      1.36e-01      4.30e-03    7.5e-06
 851600      1.13e-01      3.59e-03    7.5e-06
 851700      1.28e-01      4.06e-03    7.5e-06
 851800      1.40e-01      4.43e-03    7.5e-06
 851900      1.29e-01      4.07e-03    7.5e-06
 852000      1.36e-01      4.30e-03    7.5e-06
 852100      1.49e-01      4.70e-03    7.5e-06
 852200      1.18e-01      3.73e-03    7.5e-06
 852300      1.32e-01      4.17e-03    7.5e-06
 852400      1.35e-01      4.27e-03    7.5e-06
 852500      1.50e-01      4.74e-03    7.5e-06
 852600      1.36e-01      4.30e-03    7.5e-06
 852700      1.45e-01      4.59e-03    7.5e-06
 852800      1.08e-01      3.42e-03    7.5e-06
 852900      1.44e-01      4.57e-03    7.5e-06
 853000      1.32e-01      4.18e-03    7.5e-06
 853100      1.45e-01      4.60e-03    7.5e-06
 853200      1.52e-01      4.82e-03    7.5e-06
 853300      1.18e-01      3.74e-03    7.5e-06
 853400      1.25e-01      3.97e-03    7.5e-06
 853500      1.37e-01      4.33e-03    7.5e-06
 853600      1.42e-01      4.49e-03    7.5e-06
 853700      1.18e-01      3.72e-03    7.5e-06
 853800      1.19e-01      3.75e-03    7.5e-06
 853900      1.05e-01      3.33e-03    7.5e-06
 854000      1.33e-01      4.22e-03    7.5e-06
 854100      9.26e-02      2.93e-03    7.5e-06
 854200      1.49e-01      4.71e-03    7.5e-06
 854300      1.48e-01      4.67e-03    7.5e-06
 854400      1.15e-01      3.64e-03    7.5e-06
 854500      1.31e-01      4.15e-03    7.5e-06
 854600      1.41e-01      4.45e-03    7.5e-06
 854700      1.23e-01      3.89e-03    7.5e-06
 854800      1.65e-01      5.21e-03    7.5e-06
 854900      1.38e-01      4.37e-03    7.5e-06
 855000      1.44e-01      4.54e-03    7.3e-06
 855100      1.16e-01      3.66e-03    7.3e-06
 855200      1.04e-01      3.28e-03    7.3e-06
 855300      1.38e-01      4.35e-03    7.3e-06
 855400      1.09e-01      3.44e-03    7.3e-06
 855500      1.46e-01      4.60e-03    7.3e-06
 855600      1.16e-01      3.67e-03    7.3e-06
 855700      1.41e-01      4.46e-03    7.3e-06
 855800      1.22e-01      3.86e-03    7.3e-06
 855900      1.34e-01      4.24e-03    7.3e-06
 856000      1.26e-01      3.97e-03    7.3e-06
 856100      1.05e-01      3.32e-03    7.3e-06
 856200      1.41e-01      4.46e-03    7.3e-06
 856300      1.19e-01      3.75e-03    7.3e-06
 856400      1.14e-01      3.61e-03    7.3e-06
 856500      1.28e-01      4.03e-03    7.3e-06
 856600      1.39e-01      4.40e-03    7.3e-06
 856700      1.26e-01      3.98e-03    7.3e-06
 856800      1.47e-01      4.65e-03    7.3e-06
 856900      1.51e-01      4.77e-03    7.3e-06
 857000      1.45e-01      4.57e-03    7.3e-06
 857100      1.36e-01      4.31e-03    7.3e-06
 857200      1.29e-01      4.07e-03    7.3e-06
 857300      1.51e-01      4.76e-03    7.3e-06
 857400      1.42e-01      4.49e-03    7.3e-06
 857500      1.23e-01      3.89e-03    7.3e-06
 857600      1.45e-01      4.59e-03    7.3e-06
 857700      1.39e-01      4.41e-03    7.3e-06
 857800      1.25e-01      3.96e-03    7.3e-06
 857900      1.16e-01      3.67e-03    7.3e-06
 858000      1.23e-01      3.90e-03    7.3e-06
 858100      1.20e-01      3.79e-03    7.3e-06
 858200      1.42e-01      4.47e-03    7.3e-06
 858300      1.14e-01      3.62e-03    7.3e-06
 858400      1.12e-01      3.54e-03    7.3e-06
 858500      1.15e-01      3.63e-03    7.3e-06
 858600      1.43e-01      4.51e-03    7.3e-06
 858700      1.71e-01      5.40e-03    7.3e-06
 858800      1.33e-01      4.22e-03    7.3e-06
 858900      1.24e-01      3.93e-03    7.3e-06
 859000      1.11e-01      3.51e-03    7.3e-06
 859100      1.37e-01      4.34e-03    7.3e-06
 859200      1.35e-01      4.27e-03    7.3e-06
 859300      1.34e-01      4.23e-03    7.3e-06
 859400      1.36e-01      4.29e-03    7.3e-06
 859500      1.16e-01      3.66e-03    7.3e-06
 859600      1.17e-01      3.68e-03    7.3e-06
 859700      1.63e-01      5.17e-03    7.3e-06
 859800      1.11e-01      3.51e-03    7.3e-06
 859900      1.53e-01      4.84e-03    7.3e-06
 860000      1.02e-01      3.22e-03    7.1e-06
 860100      1.40e-01      4.43e-03    7.1e-06
 860200      1.48e-01      4.69e-03    7.1e-06
 860300      1.24e-01      3.93e-03    7.1e-06
 860400      1.15e-01      3.64e-03    7.1e-06
 860500      1.37e-01      4.33e-03    7.1e-06
 860600      1.32e-01      4.18e-03    7.1e-06
 860700      9.66e-02      3.05e-03    7.1e-06
 860800      1.44e-01      4.54e-03    7.1e-06
 860900      1.14e-01      3.59e-03    7.1e-06
 861000      1.28e-01      4.05e-03    7.1e-06
 861100      1.33e-01      4.19e-03    7.1e-06
 861200      1.45e-01      4.59e-03    7.1e-06
 861300      1.00e-01      3.17e-03    7.1e-06
 861400      1.35e-01      4.26e-03    7.1e-06
 861500      1.48e-01      4.68e-03    7.1e-06
 861600      1.16e-01      3.66e-03    7.1e-06
 861700      1.27e-01      4.02e-03    7.1e-06
 861800      1.20e-01      3.78e-03    7.1e-06
 861900      1.40e-01      4.43e-03    7.1e-06
 862000      1.11e-01      3.50e-03    7.1e-06
 862100      1.50e-01      4.76e-03    7.1e-06
 862200      9.75e-02      3.08e-03    7.1e-06
 862300      1.42e-01      4.49e-03    7.1e-06
 862400      1.44e-01      4.54e-03    7.1e-06
 862500      1.47e-01      4.66e-03    7.1e-06
 862600      1.30e-01      4.11e-03    7.1e-06
 862700      1.36e-01      4.30e-03    7.1e-06
 862800      1.31e-01      4.13e-03    7.1e-06
 862900      1.11e-01      3.50e-03    7.1e-06
 863000      1.59e-01      5.02e-03    7.1e-06
 863100      1.45e-01      4.58e-03    7.1e-06
 863200      1.46e-01      4.63e-03    7.1e-06
 863300      1.10e-01      3.47e-03    7.1e-06
 863400      1.33e-01      4.19e-03    7.1e-06
 863500      1.42e-01      4.49e-03    7.1e-06
 863600      1.19e-01      3.77e-03    7.1e-06
 863700      1.38e-01      4.37e-03    7.1e-06
 863800      1.36e-01      4.31e-03    7.1e-06
 863900      1.51e-01      4.77e-03    7.1e-06
 864000      1.09e-01      3.46e-03    7.1e-06
 864100      1.20e-01      3.80e-03    7.1e-06
 864200      1.04e-01      3.30e-03    7.1e-06
 864300      1.30e-01      4.11e-03    7.1e-06
 864400      1.27e-01      4.01e-03    7.1e-06
 864500      1.18e-01      3.73e-03    7.1e-06
 864600      1.32e-01      4.18e-03    7.1e-06
 864700      1.49e-01      4.70e-03    7.1e-06
 864800      1.38e-01      4.35e-03    7.1e-06
 864900      1.54e-01      4.88e-03    7.1e-06
 865000      1.44e-01      4.55e-03    6.9e-06
 865100      1.41e-01      4.47e-03    6.9e-06
 865200      1.23e-01      3.89e-03    6.9e-06
 865300      1.21e-01      3.81e-03    6.9e-06
 865400      1.21e-01      3.81e-03    6.9e-06
 865500      1.22e-01      3.86e-03    6.9e-06
 865600      1.24e-01      3.92e-03    6.9e-06
 865700      1.34e-01      4.22e-03    6.9e-06
 865800      1.35e-01      4.28e-03    6.9e-06
 865900      1.47e-01      4.65e-03    6.9e-06
 866000      1.48e-01      4.69e-03    6.9e-06
 866100      1.10e-01      3.49e-03    6.9e-06
 866200      9.85e-02      3.12e-03    6.9e-06
 866300      1.40e-01      4.41e-03    6.9e-06
 866400      1.28e-01      4.04e-03    6.9e-06
 866500      1.38e-01      4.35e-03    6.9e-06
 866600      1.42e-01      4.49e-03    6.9e-06
 866700      1.31e-01      4.15e-03    6.9e-06
 866800      1.28e-01      4.05e-03    6.9e-06
 866900      1.11e-01      3.52e-03    6.9e-06
 867000      1.39e-01      4.40e-03    6.9e-06
 867100      1.01e-01      3.20e-03    6.9e-06
 867200      1.04e-01      3.30e-03    6.9e-06
 867300      1.11e-01      3.52e-03    6.9e-06
 867400      1.15e-01      3.64e-03    6.9e-06
 867500      1.31e-01      4.13e-03    6.9e-06
 867600      1.35e-01      4.27e-03    6.9e-06
 867700      1.38e-01      4.38e-03    6.9e-06
 867800      1.37e-01      4.34e-03    6.9e-06
 867900      1.22e-01      3.86e-03    6.9e-06
 868000      1.46e-01      4.61e-03    6.9e-06
 868100      1.47e-01      4.65e-03    6.9e-06
 868200      1.05e-01      3.33e-03    6.9e-06
 868300      1.49e-01      4.72e-03    6.9e-06
 868400      1.49e-01      4.73e-03    6.9e-06
 868500      1.11e-01      3.50e-03    6.9e-06
 868600      1.22e-01      3.85e-03    6.9e-06
 868700      1.56e-01      4.93e-03    6.9e-06
 868800      1.47e-01      4.65e-03    6.9e-06
 868900      1.37e-01      4.33e-03    6.9e-06
 869000      1.30e-01      4.11e-03    6.9e-06
 869100      1.57e-01      4.97e-03    6.9e-06
 869200      1.38e-01      4.37e-03    6.9e-06
 869300      1.44e-01      4.57e-03    6.9e-06
 869400      1.25e-01      3.94e-03    6.9e-06
 869500      1.01e-01      3.18e-03    6.9e-06
 869600      1.48e-01      4.67e-03    6.9e-06
 869700      1.38e-01      4.36e-03    6.9e-06
 869800      1.39e-01      4.39e-03    6.9e-06
 869900      1.40e-01      4.43e-03    6.9e-06
 870000      1.20e-01      3.80e-03    6.7e-06
 870100      1.39e-01      4.40e-03    6.7e-06
 870200      1.15e-01      3.65e-03    6.7e-06
 870300      1.42e-01      4.50e-03    6.7e-06
 870400      1.18e-01      3.73e-03    6.7e-06
 870500      1.44e-01      4.56e-03    6.7e-06
 870600      1.50e-01      4.75e-03    6.7e-06
 870700      1.49e-01      4.72e-03    6.7e-06
 870800      1.45e-01      4.59e-03    6.7e-06
 870900      1.03e-01      3.25e-03    6.7e-06
 871000      1.46e-01      4.62e-03    6.7e-06
 871100      1.42e-01      4.48e-03    6.7e-06
 871200      1.11e-01      3.49e-03    6.7e-06
 871300      1.22e-01      3.87e-03    6.7e-06
 871400      1.38e-01      4.37e-03    6.7e-06
 871500      1.42e-01      4.49e-03    6.7e-06
 871600      1.16e-01      3.65e-03    6.7e-06
 871700      1.18e-01      3.74e-03    6.7e-06
 871800      1.48e-01      4.69e-03    6.7e-06
 871900      1.10e-01      3.49e-03    6.7e-06
 872000      1.47e-01      4.66e-03    6.7e-06
 872100      1.45e-01      4.59e-03    6.7e-06
 872200      1.53e-01      4.85e-03    6.7e-06
 872300      1.35e-01      4.26e-03    6.7e-06
 872400      1.44e-01      4.57e-03    6.7e-06
 872500      1.28e-01      4.05e-03    6.7e-06
 872600      1.22e-01      3.86e-03    6.7e-06
 872700      1.17e-01      3.69e-03    6.7e-06
 872800      1.05e-01      3.32e-03    6.7e-06
 872900      1.53e-01      4.85e-03    6.7e-06
 873000      1.51e-01      4.79e-03    6.7e-06
 873100      1.40e-01      4.42e-03    6.7e-06
 873200      1.66e-01      5.25e-03    6.7e-06
 873300      1.24e-01      3.94e-03    6.7e-06
 873400      1.42e-01      4.47e-03    6.7e-06
 873500      1.35e-01      4.27e-03    6.7e-06
 873600      1.42e-01      4.48e-03    6.7e-06
 873700      1.07e-01      3.38e-03    6.7e-06
 873800      1.15e-01      3.64e-03    6.7e-06
 873900      1.05e-01      3.32e-03    6.7e-06
 874000      1.11e-01      3.52e-03    6.7e-06
 874100      1.22e-01      3.86e-03    6.7e-06
 874200      1.36e-01      4.29e-03    6.7e-06
 874300      1.57e-01      4.96e-03    6.7e-06
 874400      1.32e-01      4.17e-03    6.7e-06
 874500      1.39e-01      4.38e-03    6.7e-06
 874600      1.25e-01      3.95e-03    6.7e-06
 874700      1.06e-01      3.35e-03    6.7e-06
 874800      1.42e-01      4.49e-03    6.7e-06
 874900      1.30e-01      4.10e-03    6.7e-06
 875000      1.56e-01      4.94e-03    6.5e-06
 875100      1.42e-01      4.48e-03    6.5e-06
 875200      1.44e-01      4.55e-03    6.5e-06
 875300      1.47e-01      4.64e-03    6.5e-06
 875400      1.45e-01      4.59e-03    6.5e-06
 875500      1.18e-01      3.73e-03    6.5e-06
 875600      1.40e-01      4.41e-03    6.5e-06
 875700      1.36e-01      4.30e-03    6.5e-06
 875800      1.10e-01      3.49e-03    6.5e-06
 875900      1.00e-01      3.17e-03    6.5e-06
 876000      1.46e-01      4.62e-03    6.5e-06
 876100      1.10e-01      3.47e-03    6.5e-06
 876200      1.47e-01      4.66e-03    6.5e-06
 876300      1.70e-01      5.37e-03    6.5e-06
 876400      9.30e-02      2.94e-03    6.5e-06
 876500      9.91e-02      3.13e-03    6.5e-06
 876600      1.35e-01      4.26e-03    6.5e-06
 876700      1.04e-01      3.30e-03    6.5e-06
 876800      1.16e-01      3.67e-03    6.5e-06
 876900      1.31e-01      4.15e-03    6.5e-06
 877000      1.22e-01      3.85e-03    6.5e-06
 877100      1.06e-01      3.36e-03    6.5e-06
 877200      1.45e-01      4.60e-03    6.5e-06
 877300      1.30e-01      4.12e-03    6.5e-06
 877400      1.36e-01      4.30e-03    6.5e-06
 877500      1.12e-01      3.53e-03    6.5e-06
 877600      1.28e-01      4.06e-03    6.5e-06
 877700      1.41e-01      4.45e-03    6.5e-06
 877800      1.23e-01      3.90e-03    6.5e-06
 877900      1.47e-01      4.64e-03    6.5e-06
 878000      1.15e-01      3.65e-03    6.5e-06
 878100      1.41e-01      4.46e-03    6.5e-06
 878200      1.34e-01      4.24e-03    6.5e-06
 878300      1.49e-01      4.72e-03    6.5e-06
 878400      1.09e-01      3.46e-03    6.5e-06
 878500      1.57e-01      4.98e-03    6.5e-06
 878600      1.34e-01      4.23e-03    6.5e-06
 878700      1.29e-01      4.09e-03    6.5e-06
 878800      1.16e-01      3.68e-03    6.5e-06
 878900      1.08e-01      3.42e-03    6.5e-06
 879000      1.50e-01      4.76e-03    6.5e-06
 879100      1.38e-01      4.37e-03    6.5e-06
 879200      1.28e-01      4.06e-03    6.5e-06
 879300      1.33e-01      4.21e-03    6.5e-06
 879400      1.42e-01      4.49e-03    6.5e-06
 879500      1.20e-01      3.79e-03    6.5e-06
 879600      1.11e-01      3.53e-03    6.5e-06
 879700      1.29e-01      4.07e-03    6.5e-06
 879800      1.18e-01      3.74e-03    6.5e-06
 879900      1.24e-01      3.92e-03    6.5e-06
 880000      1.43e-01      4.52e-03    6.3e-06
 880100      1.42e-01      4.50e-03    6.3e-06
 880200      1.15e-01      3.64e-03    6.3e-06
 880300      1.24e-01      3.91e-03    6.3e-06
 880400      1.05e-01      3.31e-03    6.3e-06
 880500      1.18e-01      3.73e-03    6.3e-06
 880600      1.06e-01      3.37e-03    6.3e-06
 880700      1.06e-01      3.34e-03    6.3e-06
 880800      1.08e-01      3.40e-03    6.3e-06
 880900      1.33e-01      4.19e-03    6.3e-06
 881000      1.32e-01      4.17e-03    6.3e-06
 881100      1.13e-01      3.58e-03    6.3e-06
 881200      1.21e-01      3.83e-03    6.3e-06
 881300      1.39e-01      4.38e-03    6.3e-06
 881400      1.43e-01      4.51e-03    6.3e-06
 881500      1.33e-01      4.20e-03    6.3e-06
 881600      1.11e-01      3.50e-03    6.3e-06
 881700      1.45e-01      4.57e-03    6.3e-06
 881800      1.43e-01      4.52e-03    6.3e-06
 881900      1.43e-01      4.51e-03    6.3e-06
 882000      1.45e-01      4.59e-03    6.3e-06
 882100      1.56e-01      4.93e-03    6.3e-06
 882200      1.45e-01      4.58e-03    6.3e-06
 882300      1.27e-01      4.01e-03    6.3e-06
 882400      1.33e-01      4.22e-03    6.3e-06
 882500      1.35e-01      4.26e-03    6.3e-06
 882600      1.16e-01      3.66e-03    6.3e-06
 882700      1.05e-01      3.33e-03    6.3e-06
 882800      1.18e-01      3.72e-03    6.3e-06
 882900      1.37e-01      4.32e-03    6.3e-06
 883000      1.38e-01      4.37e-03    6.3e-06
 883100      1.48e-01      4.69e-03    6.3e-06
 883200      1.57e-01      4.96e-03    6.3e-06
 883300      1.46e-01      4.62e-03    6.3e-06
 883400      1.49e-01      4.72e-03    6.3e-06
 883500      9.61e-02      3.04e-03    6.3e-06
 883600      1.45e-01      4.58e-03    6.3e-06
 883700      1.53e-01      4.83e-03    6.3e-06
 883800      1.32e-01      4.16e-03    6.3e-06
 883900      1.38e-01      4.36e-03    6.3e-06
 884000      1.01e-01      3.20e-03    6.3e-06
 884100      1.45e-01      4.58e-03    6.3e-06
 884200      1.47e-01      4.66e-03    6.3e-06
 884300      1.36e-01      4.29e-03    6.3e-06
 884400      1.21e-01      3.82e-03    6.3e-06
 884500      1.17e-01      3.69e-03    6.3e-06
 884600      1.22e-01      3.86e-03    6.3e-06
 884700      1.20e-01      3.79e-03    6.3e-06
 884800      1.27e-01      4.02e-03    6.3e-06
 884900      1.11e-01      3.52e-03    6.3e-06
 885000      1.28e-01      4.06e-03    6.1e-06
 885100      9.85e-02      3.11e-03    6.1e-06
 885200      1.27e-01      4.03e-03    6.1e-06
 885300      1.44e-01      4.54e-03    6.1e-06
 885400      1.33e-01      4.21e-03    6.1e-06
 885500      1.34e-01      4.24e-03    6.1e-06
 885600      1.12e-01      3.56e-03    6.1e-06
 885700      1.53e-01      4.82e-03    6.1e-06
 885800      1.26e-01      4.00e-03    6.1e-06
 885900      1.04e-01      3.30e-03    6.1e-06
 886000      1.26e-01      4.00e-03    6.1e-06
 886100      1.50e-01      4.74e-03    6.1e-06
 886200      1.53e-01      4.82e-03    6.1e-06
 886300      1.47e-01      4.66e-03    6.1e-06
 886400      1.52e-01      4.82e-03    6.1e-06
 886500      1.18e-01      3.73e-03    6.1e-06
 886600      1.39e-01      4.39e-03    6.1e-06
 886700      1.13e-01      3.58e-03    6.1e-06
 886800      1.19e-01      3.76e-03    6.1e-06
 886900      1.14e-01      3.60e-03    6.1e-06
 887000      1.36e-01      4.31e-03    6.1e-06
 887100      1.31e-01      4.14e-03    6.1e-06
 887200      1.34e-01      4.25e-03    6.1e-06
 887300      1.61e-01      5.10e-03    6.1e-06
 887400      1.14e-01      3.60e-03    6.1e-06
 887500      9.93e-02      3.14e-03    6.1e-06
 887600      1.54e-01      4.86e-03    6.1e-06
 887700      1.36e-01      4.30e-03    6.1e-06
 887800      1.11e-01      3.51e-03    6.1e-06
 887900      1.12e-01      3.54e-03    6.1e-06
 888000      1.46e-01      4.62e-03    6.1e-06
 888100      1.36e-01      4.29e-03    6.1e-06
 888200      1.36e-01      4.29e-03    6.1e-06
 888300      1.15e-01      3.63e-03    6.1e-06
 888400      1.37e-01      4.33e-03    6.1e-06
 888500      1.48e-01      4.67e-03    6.1e-06
 888600      1.48e-01      4.69e-03    6.1e-06
 888700      1.21e-01      3.84e-03    6.1e-06
 888800      1.08e-01      3.43e-03    6.1e-06
 888900      1.01e-01      3.20e-03    6.1e-06
 889000      1.04e-01      3.29e-03    6.1e-06
 889100      1.49e-01      4.71e-03    6.1e-06
 889200      1.55e-01      4.91e-03    6.1e-06
 889300      1.08e-01      3.42e-03    6.1e-06
 889400      1.13e-01      3.56e-03    6.1e-06
 889500      1.15e-01      3.63e-03    6.1e-06
 889600      1.50e-01      4.75e-03    6.1e-06
 889700      1.29e-01      4.09e-03    6.1e-06
 889800      1.20e-01      3.80e-03    6.1e-06
 889900      1.36e-01      4.29e-03    6.1e-06
 890000      1.48e-01      4.68e-03    6.0e-06
 890100      1.24e-01      3.92e-03    6.0e-06
 890200      1.38e-01      4.37e-03    6.0e-06
 890300      1.43e-01      4.52e-03    6.0e-06
 890400      1.30e-01      4.12e-03    6.0e-06
 890500      1.33e-01      4.22e-03    6.0e-06
 890600      1.13e-01      3.58e-03    6.0e-06
 890700      1.37e-01      4.34e-03    6.0e-06
 890800      1.17e-01      3.69e-03    6.0e-06
 890900      1.29e-01      4.06e-03    6.0e-06
 891000      1.46e-01      4.63e-03    6.0e-06
 891100      1.13e-01      3.57e-03    6.0e-06
 891200      1.37e-01      4.34e-03    6.0e-06
 891300      1.45e-01      4.58e-03    6.0e-06
 891400      1.05e-01      3.33e-03    6.0e-06
 891500      1.22e-01      3.86e-03    6.0e-06
 891600      1.14e-01      3.61e-03    6.0e-06
 891700      1.50e-01      4.73e-03    6.0e-06
 891800      1.36e-01      4.29e-03    6.0e-06
 891900      1.14e-01      3.62e-03    6.0e-06
 892000      1.30e-01      4.10e-03    6.0e-06
 892100      1.26e-01      3.99e-03    6.0e-06
 892200      1.51e-01      4.77e-03    6.0e-06
 892300      1.32e-01      4.19e-03    6.0e-06
 892400      9.84e-02      3.11e-03    6.0e-06
 892500      1.14e-01      3.60e-03    6.0e-06
 892600      1.40e-01      4.42e-03    6.0e-06
 892700      1.30e-01      4.11e-03    6.0e-06
 892800      1.44e-01      4.56e-03    6.0e-06
 892900      1.06e-01      3.35e-03    6.0e-06
 893000      1.02e-01      3.22e-03    6.0e-06
 893100      1.11e-01      3.50e-03    6.0e-06
 893200      1.28e-01      4.05e-03    6.0e-06
 893300      1.28e-01      4.05e-03    6.0e-06
 893400      1.21e-01      3.82e-03    6.0e-06
 893500      1.42e-01      4.51e-03    6.0e-06
 893600      1.41e-01      4.47e-03    6.0e-06
 893700      1.39e-01      4.39e-03    6.0e-06
 893800      1.16e-01      3.66e-03    6.0e-06
 893900      1.12e-01      3.56e-03    6.0e-06
 894000      1.33e-01      4.21e-03    6.0e-06
 894100      1.43e-01      4.51e-03    6.0e-06
 894200      1.43e-01      4.52e-03    6.0e-06
 894300      1.35e-01      4.28e-03    6.0e-06
 894400      1.48e-01      4.69e-03    6.0e-06
 894500      1.42e-01      4.49e-03    6.0e-06
 894600      1.33e-01      4.21e-03    6.0e-06
 894700      1.27e-01      4.01e-03    6.0e-06
 894800      1.34e-01      4.24e-03    6.0e-06
 894900      1.32e-01      4.19e-03    6.0e-06
 895000      1.29e-01      4.06e-03    5.8e-06
 895100      1.26e-01      3.98e-03    5.8e-06
 895200      1.22e-01      3.85e-03    5.8e-06
 895300      9.97e-02      3.15e-03    5.8e-06
 895400      1.40e-01      4.41e-03    5.8e-06
 895500      1.28e-01      4.05e-03    5.8e-06
 895600      1.05e-01      3.31e-03    5.8e-06
 895700      1.18e-01      3.75e-03    5.8e-06
 895800      1.24e-01      3.93e-03    5.8e-06
 895900      1.42e-01      4.48e-03    5.8e-06
 896000      1.30e-01      4.10e-03    5.8e-06
 896100      1.30e-01      4.12e-03    5.8e-06
 896200      1.43e-01      4.51e-03    5.8e-06
 896300      1.12e-01      3.54e-03    5.8e-06
 896400      1.27e-01      4.02e-03    5.8e-06
 896500      1.39e-01      4.40e-03    5.8e-06
 896600      9.87e-02      3.12e-03    5.8e-06
 896700      1.35e-01      4.27e-03    5.8e-06
 896800      1.09e-01      3.44e-03    5.8e-06
 896900      1.03e-01      3.25e-03    5.8e-06
 897000      9.67e-02      3.06e-03    5.8e-06
 897100      1.07e-01      3.38e-03    5.8e-06
 897200      1.40e-01      4.43e-03    5.8e-06
 897300      1.01e-01      3.21e-03    5.8e-06
 897400      1.42e-01      4.49e-03    5.8e-06
 897500      1.27e-01      4.03e-03    5.8e-06
 897600      1.65e-01      5.23e-03    5.8e-06
 897700      1.32e-01      4.19e-03    5.8e-06
 897800      1.40e-01      4.42e-03    5.8e-06
 897900      1.23e-01      3.89e-03    5.8e-06
 898000      1.53e-01      4.84e-03    5.8e-06
 898100      1.52e-01      4.82e-03    5.8e-06
 898200      1.44e-01      4.54e-03    5.8e-06
 898300      1.12e-01      3.55e-03    5.8e-06
 898400      1.40e-01      4.42e-03    5.8e-06
 898500      1.30e-01      4.11e-03    5.8e-06
 898600      1.29e-01      4.07e-03    5.8e-06
 898700      1.15e-01      3.65e-03    5.8e-06
 898800      1.35e-01      4.28e-03    5.8e-06
 898900      1.08e-01      3.42e-03    5.8e-06
 899000      1.20e-01      3.80e-03    5.8e-06
 899100      1.56e-01      4.93e-03    5.8e-06
 899200      1.22e-01      3.85e-03    5.8e-06
 899300      1.22e-01      3.84e-03    5.8e-06
 899400      1.34e-01      4.23e-03    5.8e-06
 899500      1.21e-01      3.82e-03    5.8e-06
 899600      1.33e-01      4.21e-03    5.8e-06
 899700      1.24e-01      3.93e-03    5.8e-06
 899800      1.50e-01      4.75e-03    5.8e-06
 899900      1.16e-01      3.68e-03    5.8e-06
 900000      1.30e-01      4.13e-03    5.6e-06
 900100      1.42e-01      4.49e-03    5.6e-06
 900200      1.08e-01      3.41e-03    5.6e-06
 900300      1.08e-01      3.43e-03    5.6e-06
 900400      1.20e-01      3.79e-03    5.6e-06
 900500      1.47e-01      4.66e-03    5.6e-06
 900600      1.28e-01      4.04e-03    5.6e-06
 900700      1.38e-01      4.37e-03    5.6e-06
 900800      1.42e-01      4.48e-03    5.6e-06
 900900      1.20e-01      3.80e-03    5.6e-06
 901000      1.32e-01      4.18e-03    5.6e-06
 901100      1.20e-01      3.78e-03    5.6e-06
 901200      1.35e-01      4.26e-03    5.6e-06
 901300      1.36e-01      4.30e-03    5.6e-06
 901400      1.20e-01      3.79e-03    5.6e-06
 901500      1.33e-01      4.21e-03    5.6e-06
 901600      1.13e-01      3.56e-03    5.6e-06
 901700      1.33e-01      4.20e-03    5.6e-06
 901800      1.50e-01      4.74e-03    5.6e-06
 901900      1.26e-01      3.97e-03    5.6e-06
 902000      1.18e-01      3.73e-03    5.6e-06
 902100      1.36e-01      4.31e-03    5.6e-06
 902200      1.04e-01      3.29e-03    5.6e-06
 902300      1.44e-01      4.55e-03    5.6e-06
 902400      1.25e-01      3.96e-03    5.6e-06
 902500      1.39e-01      4.40e-03    5.6e-06
 902600      1.51e-01      4.79e-03    5.6e-06
 902700      1.37e-01      4.33e-03    5.6e-06
 902800      9.95e-02      3.15e-03    5.6e-06
 902900      1.23e-01      3.89e-03    5.6e-06
 903000      1.39e-01      4.39e-03    5.6e-06
 903100      1.07e-01      3.38e-03    5.6e-06
 903200      1.45e-01      4.59e-03    5.6e-06
 903300      1.12e-01      3.53e-03    5.6e-06
 903400      1.53e-01      4.83e-03    5.6e-06
 903500      1.40e-01      4.43e-03    5.6e-06
 903600      1.45e-01      4.58e-03    5.6e-06
 903700      1.36e-01      4.31e-03    5.6e-06
 903800      1.42e-01      4.50e-03    5.6e-06
 903900      1.28e-01      4.04e-03    5.6e-06
 904000      9.75e-02      3.08e-03    5.6e-06
 904100      1.18e-01      3.73e-03    5.6e-06
 904200      1.28e-01      4.03e-03    5.6e-06
 904300      1.22e-01      3.86e-03    5.6e-06
 904400      1.07e-01      3.37e-03    5.6e-06
 904500      1.45e-01      4.58e-03    5.6e-06
 904600      1.26e-01      3.97e-03    5.6e-06
 904700      1.47e-01      4.65e-03    5.6e-06
 904800      1.46e-01      4.62e-03    5.6e-06
 904900      1.20e-01      3.79e-03    5.6e-06
 905000      1.41e-01      4.47e-03    5.5e-06
 905100      1.40e-01      4.42e-03    5.5e-06
 905200      1.53e-01      4.83e-03    5.5e-06
 905300      1.21e-01      3.83e-03    5.5e-06
 905400      1.44e-01      4.57e-03    5.5e-06
 905500      1.15e-01      3.63e-03    5.5e-06
 905600      1.35e-01      4.28e-03    5.5e-06
 905700      1.31e-01      4.14e-03    5.5e-06
 905800      1.28e-01      4.06e-03    5.5e-06
 905900      1.46e-01      4.61e-03    5.5e-06
 906000      1.06e-01      3.35e-03    5.5e-06
 906100      1.49e-01      4.70e-03    5.5e-06
 906200      1.35e-01      4.27e-03    5.5e-06
 906300      1.27e-01      4.03e-03    5.5e-06
 906400      1.36e-01      4.31e-03    5.5e-06
 906500      1.03e-01      3.26e-03    5.5e-06
 906600      1.51e-01      4.77e-03    5.5e-06
 906700      1.43e-01      4.54e-03    5.5e-06
 906800      1.58e-01      5.01e-03    5.5e-06
 906900      1.21e-01      3.82e-03    5.5e-06
 907000      1.29e-01      4.07e-03    5.5e-06
 907100      1.30e-01      4.11e-03    5.5e-06
 907200      1.14e-01      3.61e-03    5.5e-06
 907300      1.37e-01      4.33e-03    5.5e-06
 907400      1.40e-01      4.42e-03    5.5e-06
 907500      1.48e-01      4.67e-03    5.5e-06
 907600      1.06e-01      3.35e-03    5.5e-06
 907700      1.13e-01      3.58e-03    5.5e-06
 907800      1.30e-01      4.12e-03    5.5e-06
 907900      1.17e-01      3.71e-03    5.5e-06
 908000      1.09e-01      3.45e-03    5.5e-06
 908100      1.32e-01      4.18e-03    5.5e-06
 908200      1.16e-01      3.67e-03    5.5e-06
 908300      1.32e-01      4.16e-03    5.5e-06
 908400      1.06e-01      3.34e-03    5.5e-06
 908500      1.15e-01      3.63e-03    5.5e-06
 908600      1.13e-01      3.58e-03    5.5e-06
 908700      1.43e-01      4.52e-03    5.5e-06
 908800      1.38e-01      4.38e-03    5.5e-06
 908900      1.03e-01      3.27e-03    5.5e-06
 909000      1.31e-01      4.14e-03    5.5e-06
 909100      1.37e-01      4.32e-03    5.5e-06
 909200      1.53e-01      4.83e-03    5.5e-06
 909300      1.20e-01      3.80e-03    5.5e-06
 909400      1.34e-01      4.25e-03    5.5e-06
 909500      1.45e-01      4.59e-03    5.5e-06
 909600      1.28e-01      4.04e-03    5.5e-06
 909700      1.48e-01      4.69e-03    5.5e-06
 909800      1.41e-01      4.47e-03    5.5e-06
 909900      1.46e-01      4.62e-03    5.5e-06
 910000      1.37e-01      4.33e-03    5.3e-06
 910100      1.26e-01      4.00e-03    5.3e-06
 910200      1.47e-01      4.65e-03    5.3e-06
 910300      1.26e-01      3.98e-03    5.3e-06
 910400      1.41e-01      4.46e-03    5.3e-06
 910500      1.24e-01      3.92e-03    5.3e-06
 910600      1.37e-01      4.32e-03    5.3e-06
 910700      1.14e-01      3.59e-03    5.3e-06
 910800      1.45e-01      4.60e-03    5.3e-06
 910900      1.57e-01      4.95e-03    5.3e-06
 911000      1.38e-01      4.35e-03    5.3e-06
 911100      1.15e-01      3.62e-03    5.3e-06
 911200      1.40e-01      4.42e-03    5.3e-06
 911300      1.06e-01      3.35e-03    5.3e-06
 911400      1.29e-01      4.07e-03    5.3e-06
 911500      1.24e-01      3.93e-03    5.3e-06
 911600      1.31e-01      4.14e-03    5.3e-06
 911700      1.38e-01      4.36e-03    5.3e-06
 911800      1.38e-01      4.35e-03    5.3e-06
 911900      1.17e-01      3.70e-03    5.3e-06
 912000      1.24e-01      3.92e-03    5.3e-06
 912100      1.43e-01      4.52e-03    5.3e-06
 912200      1.12e-01      3.54e-03    5.3e-06
 912300      1.28e-01      4.05e-03    5.3e-06
 912400      1.42e-01      4.48e-03    5.3e-06
 912500      1.44e-01      4.57e-03    5.3e-06
 912600      1.21e-01      3.83e-03    5.3e-06
 912700      1.06e-01      3.36e-03    5.3e-06
 912800      1.27e-01      4.02e-03    5.3e-06
 912900      1.26e-01      3.99e-03    5.3e-06
 913000      1.24e-01      3.91e-03    5.3e-06
 913100      1.30e-01      4.10e-03    5.3e-06
 913200      1.24e-01      3.92e-03    5.3e-06
 913300      1.41e-01      4.45e-03    5.3e-06
 913400      1.49e-01      4.71e-03    5.3e-06
 913500      1.12e-01      3.54e-03    5.3e-06
 913600      1.40e-01      4.42e-03    5.3e-06
 913700      1.42e-01      4.49e-03    5.3e-06
 913800      1.39e-01      4.40e-03    5.3e-06
 913900      1.26e-01      3.97e-03    5.3e-06
 914000      9.89e-02      3.13e-03    5.3e-06
 914100      1.31e-01      4.15e-03    5.3e-06
 914200      1.40e-01      4.43e-03    5.3e-06
 914300      1.01e-01      3.19e-03    5.3e-06
 914400      1.37e-01      4.33e-03    5.3e-06
 914500      1.53e-01      4.83e-03    5.3e-06
 914600      1.43e-01      4.54e-03    5.3e-06
 914700      1.12e-01      3.55e-03    5.3e-06
 914800      1.47e-01      4.66e-03    5.3e-06
 914900      1.45e-01      4.60e-03    5.3e-06
 915000      1.32e-01      4.17e-03    5.2e-06
 915100      1.46e-01      4.63e-03    5.2e-06
 915200      1.46e-01      4.62e-03    5.2e-06
 915300      1.34e-01      4.22e-03    5.2e-06
 915400      9.11e-02      2.88e-03    5.2e-06
 915500      1.33e-01      4.22e-03    5.2e-06
 915600      1.46e-01      4.62e-03    5.2e-06
 915700      1.24e-01      3.93e-03    5.2e-06
 915800      1.05e-01      3.32e-03    5.2e-06
 915900      1.25e-01      3.96e-03    5.2e-06
 916000      1.16e-01      3.67e-03    5.2e-06
 916100      1.43e-01      4.52e-03    5.2e-06
 916200      1.16e-01      3.66e-03    5.2e-06
 916300      1.50e-01      4.75e-03    5.2e-06
 916400      1.21e-01      3.82e-03    5.2e-06
 916500      1.32e-01      4.19e-03    5.2e-06
 916600      1.60e-01      5.07e-03    5.2e-06
 916700      1.15e-01      3.65e-03    5.2e-06
 916800      1.31e-01      4.15e-03    5.2e-06
 916900      1.17e-01      3.69e-03    5.2e-06
 917000      1.41e-01      4.45e-03    5.2e-06
 917100      1.35e-01      4.28e-03    5.2e-06
 917200      1.47e-01      4.66e-03    5.2e-06
 917300      1.41e-01      4.45e-03    5.2e-06
 917400      1.28e-01      4.06e-03    5.2e-06
 917500      1.28e-01      4.04e-03    5.2e-06
 917600      1.42e-01      4.50e-03    5.2e-06
 917700      1.31e-01      4.14e-03    5.2e-06
 917800      1.57e-01      4.96e-03    5.2e-06
 917900      1.48e-01      4.68e-03    5.2e-06
 918000      1.23e-01      3.88e-03    5.2e-06
 918100      1.21e-01      3.82e-03    5.2e-06
 918200      1.33e-01      4.20e-03    5.2e-06
 918300      9.53e-02      3.01e-03    5.2e-06
 918400      1.43e-01      4.52e-03    5.2e-06
 918500      1.45e-01      4.59e-03    5.2e-06
 918600      1.13e-01      3.56e-03    5.2e-06
 918700      1.51e-01      4.78e-03    5.2e-06
 918800      1.11e-01      3.51e-03    5.2e-06
 918900      1.51e-01      4.77e-03    5.2e-06
 919000      1.31e-01      4.15e-03    5.2e-06
 919100      1.25e-01      3.94e-03    5.2e-06
 919200      1.45e-01      4.57e-03    5.2e-06
 919300      1.09e-01      3.45e-03    5.2e-06
 919400      1.48e-01      4.69e-03    5.2e-06
 919500      1.25e-01      3.94e-03    5.2e-06
 919600      1.12e-01      3.53e-03    5.2e-06
 919700      1.57e-01      4.95e-03    5.2e-06
 919800      1.10e-01      3.47e-03    5.2e-06
 919900      1.52e-01      4.80e-03    5.2e-06
 920000      1.40e-01      4.43e-03    5.0e-06
 920100      1.46e-01      4.62e-03    5.0e-06
 920200      1.07e-01      3.38e-03    5.0e-06
 920300      1.60e-01      5.06e-03    5.0e-06
 920400      1.33e-01      4.22e-03    5.0e-06
 920500      1.45e-01      4.59e-03    5.0e-06
 920600      1.44e-01      4.56e-03    5.0e-06
 920700      1.41e-01      4.47e-03    5.0e-06
 920800      1.26e-01      3.98e-03    5.0e-06
 920900      1.25e-01      3.95e-03    5.0e-06
 921000      1.44e-01      4.57e-03    5.0e-06
 921100      1.38e-01      4.38e-03    5.0e-06
 921200      1.24e-01      3.93e-03    5.0e-06
 921300      1.32e-01      4.17e-03    5.0e-06
 921400      1.36e-01      4.30e-03    5.0e-06
 921500      1.40e-01      4.42e-03    5.0e-06
 921600      1.05e-01      3.33e-03    5.0e-06
 921700      1.06e-01      3.34e-03    5.0e-06
 921800      1.14e-01      3.61e-03    5.0e-06
 921900      1.12e-01      3.53e-03    5.0e-06
 922000      1.34e-01      4.24e-03    5.0e-06
 922100      1.42e-01      4.48e-03    5.0e-06
 922200      1.24e-01      3.93e-03    5.0e-06
 922300      1.32e-01      4.17e-03    5.0e-06
 922400      1.40e-01      4.44e-03    5.0e-06
 922500      1.37e-01      4.32e-03    5.0e-06
 922600      1.44e-01      4.55e-03    5.0e-06
 922700      1.29e-01      4.07e-03    5.0e-06
 922800      1.37e-01      4.32e-03    5.0e-06
 922900      1.40e-01      4.41e-03    5.0e-06
 923000      1.50e-01      4.74e-03    5.0e-06
 923100      1.04e-01      3.28e-03    5.0e-06
 923200      1.11e-01      3.51e-03    5.0e-06
 923300      1.33e-01      4.22e-03    5.0e-06
 923400      1.25e-01      3.95e-03    5.0e-06
 923500      1.49e-01      4.72e-03    5.0e-06
 923600      1.24e-01      3.93e-03    5.0e-06
 923700      1.35e-01      4.27e-03    5.0e-06
 923800      1.47e-01      4.65e-03    5.0e-06
 923900      1.48e-01      4.69e-03    5.0e-06
 924000      1.46e-01      4.61e-03    5.0e-06
 924100      1.48e-01      4.68e-03    5.0e-06
 924200      1.40e-01      4.44e-03    5.0e-06
 924300      1.49e-01      4.71e-03    5.0e-06
 924400      1.51e-01      4.79e-03    5.0e-06
 924500      1.30e-01      4.12e-03    5.0e-06
 924600      1.29e-01      4.07e-03    5.0e-06
 924700      1.40e-01      4.44e-03    5.0e-06
 924800      1.37e-01      4.33e-03    5.0e-06
 924900      1.03e-01      3.24e-03    5.0e-06
 925000      1.28e-01      4.04e-03    4.9e-06
 925100      1.15e-01      3.62e-03    4.9e-06
 925200      1.52e-01      4.81e-03    4.9e-06
 925300      1.10e-01      3.49e-03    4.9e-06
 925400      1.21e-01      3.84e-03    4.9e-06
 925500      1.41e-01      4.45e-03    4.9e-06
 925600      1.12e-01      3.53e-03    4.9e-06
 925700      1.38e-01      4.35e-03    4.9e-06
 925800      1.35e-01      4.27e-03    4.9e-06
 925900      1.36e-01      4.30e-03    4.9e-06
 926000      1.50e-01      4.75e-03    4.9e-06
 926100      1.19e-01      3.76e-03    4.9e-06
 926200      1.47e-01      4.66e-03    4.9e-06
 926300      1.50e-01      4.74e-03    4.9e-06
 926400      1.16e-01      3.65e-03    4.9e-06
 926500      1.43e-01      4.52e-03    4.9e-06
 926600      1.14e-01      3.62e-03    4.9e-06
 926700      1.33e-01      4.21e-03    4.9e-06
 926800      1.33e-01      4.19e-03    4.9e-06
 926900      1.14e-01      3.60e-03    4.9e-06
 927000      1.48e-01      4.69e-03    4.9e-06
 927100      1.49e-01      4.73e-03    4.9e-06
 927200      1.45e-01      4.59e-03    4.9e-06
 927300      1.12e-01      3.54e-03    4.9e-06
 927400      1.12e-01      3.54e-03    4.9e-06
 927500      1.37e-01      4.32e-03    4.9e-06
 927600      1.02e-01      3.23e-03    4.9e-06
 927700      1.29e-01      4.09e-03    4.9e-06
 927800      1.06e-01      3.36e-03    4.9e-06
 927900      1.04e-01      3.30e-03    4.9e-06
 928000      1.41e-01      4.47e-03    4.9e-06
 928100      1.40e-01      4.42e-03    4.9e-06
 928200      1.08e-01      3.42e-03    4.9e-06
 928300      1.42e-01      4.48e-03    4.9e-06
 928400      1.36e-01      4.31e-03    4.9e-06
 928500      1.21e-01      3.82e-03    4.9e-06
 928600      1.32e-01      4.16e-03    4.9e-06
 928700      9.75e-02      3.08e-03    4.9e-06
 928800      1.34e-01      4.23e-03    4.9e-06
 928900      1.49e-01      4.70e-03    4.9e-06
 929000      1.29e-01      4.09e-03    4.9e-06
 929100      1.13e-01      3.57e-03    4.9e-06
 929200      1.36e-01      4.31e-03    4.9e-06
 929300      1.21e-01      3.81e-03    4.9e-06
 929400      1.38e-01      4.37e-03    4.9e-06
 929500      1.35e-01      4.28e-03    4.9e-06
 929600      1.54e-01      4.87e-03    4.9e-06
 929700      1.29e-01      4.08e-03    4.9e-06
 929800      1.22e-01      3.84e-03    4.9e-06
 929900      1.02e-01      3.24e-03    4.9e-06
 930000      1.14e-01      3.60e-03    4.7e-06
 930100      1.45e-01      4.58e-03    4.7e-06
 930200      1.02e-01      3.23e-03    4.7e-06
 930300      1.32e-01      4.17e-03    4.7e-06
 930400      1.60e-01      5.07e-03    4.7e-06
 930500      1.18e-01      3.74e-03    4.7e-06
 930600      1.44e-01      4.57e-03    4.7e-06
 930700      1.25e-01      3.96e-03    4.7e-06
 930800      9.91e-02      3.13e-03    4.7e-06
 930900      1.35e-01      4.28e-03    4.7e-06
 931000      1.27e-01      4.02e-03    4.7e-06
 931100      1.55e-01      4.91e-03    4.7e-06
 931200      1.09e-01      3.46e-03    4.7e-06
 931300      1.09e-01      3.44e-03    4.7e-06
 931400      1.27e-01      4.01e-03    4.7e-06
 931500      1.27e-01      4.02e-03    4.7e-06
 931600      1.17e-01      3.70e-03    4.7e-06
 931700      1.16e-01      3.68e-03    4.7e-06
 931800      1.15e-01      3.64e-03    4.7e-06
 931900      1.45e-01      4.59e-03    4.7e-06
 932000      1.03e-01      3.25e-03    4.7e-06
 932100      1.48e-01      4.67e-03    4.7e-06
 932200      1.56e-01      4.94e-03    4.7e-06
 932300      1.29e-01      4.09e-03    4.7e-06
 932400      1.37e-01      4.34e-03    4.7e-06
 932500      1.10e-01      3.47e-03    4.7e-06
 932600      1.22e-01      3.85e-03    4.7e-06
 932700      1.30e-01      4.11e-03    4.7e-06
 932800      1.24e-01      3.93e-03    4.7e-06
 932900      1.32e-01      4.16e-03    4.7e-06
 933000      1.18e-01      3.72e-03    4.7e-06
 933100      1.02e-01      3.22e-03    4.7e-06
 933200      1.22e-01      3.87e-03    4.7e-06
 933300      1.10e-01      3.48e-03    4.7e-06
 933400      1.41e-01      4.46e-03    4.7e-06
 933500      1.12e-01      3.54e-03    4.7e-06
 933600      1.33e-01      4.22e-03    4.7e-06
 933700      1.47e-01      4.65e-03    4.7e-06
 933800      1.31e-01      4.13e-03    4.7e-06
 933900      1.26e-01      4.00e-03    4.7e-06
 934000      1.13e-01      3.58e-03    4.7e-06
 934100      1.55e-01      4.91e-03    4.7e-06
 934200      1.37e-01      4.34e-03    4.7e-06
 934300      1.60e-01      5.05e-03    4.7e-06
 934400      1.05e-01      3.33e-03    4.7e-06
 934500      1.43e-01      4.52e-03    4.7e-06
 934600      1.03e-01      3.27e-03    4.7e-06
 934700      1.45e-01      4.57e-03    4.7e-06
 934800      1.54e-01      4.87e-03    4.7e-06
 934900      1.08e-01      3.41e-03    4.7e-06
 935000      1.37e-01      4.33e-03    4.6e-06
 935100      1.24e-01      3.93e-03    4.6e-06
 935200      1.38e-01      4.35e-03    4.6e-06
 935300      9.44e-02      2.99e-03    4.6e-06
 935400      1.09e-01      3.46e-03    4.6e-06
 935500      1.32e-01      4.18e-03    4.6e-06
 935600      1.03e-01      3.25e-03    4.6e-06
 935700      1.02e-01      3.21e-03    4.6e-06
 935800      1.10e-01      3.48e-03    4.6e-06
 935900      1.31e-01      4.15e-03    4.6e-06
 936000      9.27e-02      2.93e-03    4.6e-06
 936100      1.44e-01      4.55e-03    4.6e-06
 936200      1.40e-01      4.44e-03    4.6e-06
 936300      1.43e-01      4.53e-03    4.6e-06
 936400      1.46e-01      4.60e-03    4.6e-06
 936500      1.05e-01      3.31e-03    4.6e-06
 936600      1.32e-01      4.17e-03    4.6e-06
 936700      1.38e-01      4.36e-03    4.6e-06
 936800      1.31e-01      4.14e-03    4.6e-06
 936900      1.16e-01      3.68e-03    4.6e-06
 937000      1.32e-01      4.19e-03    4.6e-06
 937100      1.21e-01      3.83e-03    4.6e-06
 937200      1.10e-01      3.48e-03    4.6e-06
 937300      1.32e-01      4.19e-03    4.6e-06
 937400      1.09e-01      3.45e-03    4.6e-06
 937500      1.51e-01      4.79e-03    4.6e-06
 937600      1.44e-01      4.54e-03    4.6e-06
 937700      1.51e-01      4.76e-03    4.6e-06
 937800      1.50e-01      4.75e-03    4.6e-06
 937900      1.43e-01      4.51e-03    4.6e-06
 938000      1.39e-01      4.40e-03    4.6e-06
 938100      1.09e-01      3.46e-03    4.6e-06
 938200      1.46e-01      4.62e-03    4.6e-06
 938300      1.07e-01      3.39e-03    4.6e-06
 938400      1.25e-01      3.94e-03    4.6e-06
 938500      1.12e-01      3.56e-03    4.6e-06
 938600      1.44e-01      4.56e-03    4.6e-06
 938700      1.04e-01      3.29e-03    4.6e-06
 938800      1.32e-01      4.17e-03    4.6e-06
 938900      1.36e-01      4.29e-03    4.6e-06
 939000      1.00e-01      3.17e-03    4.6e-06
 939100      1.20e-01      3.79e-03    4.6e-06
 939200      1.39e-01      4.41e-03    4.6e-06
 939300      1.43e-01      4.52e-03    4.6e-06
 939400      1.46e-01      4.61e-03    4.6e-06
 939500      1.31e-01      4.15e-03    4.6e-06
 939600      1.15e-01      3.64e-03    4.6e-06
 939700      1.15e-01      3.62e-03    4.6e-06
 939800      1.22e-01      3.87e-03    4.6e-06
 939900      1.26e-01      3.99e-03    4.6e-06
 940000      1.47e-01      4.63e-03    4.5e-06
 940100      1.47e-01      4.64e-03    4.5e-06
 940200      1.18e-01      3.73e-03    4.5e-06
 940300      1.08e-01      3.40e-03    4.5e-06
 940400      1.29e-01      4.08e-03    4.5e-06
 940500      1.43e-01      4.51e-03    4.5e-06
 940600      1.38e-01      4.37e-03    4.5e-06
 940700      1.30e-01      4.10e-03    4.5e-06
 940800      1.17e-01      3.70e-03    4.5e-06
 940900      1.17e-01      3.69e-03    4.5e-06
 941000      1.26e-01      3.99e-03    4.5e-06
 941100      1.22e-01      3.86e-03    4.5e-06
 941200      1.09e-01      3.43e-03    4.5e-06
 941300      1.10e-01      3.47e-03    4.5e-06
 941400      1.30e-01      4.12e-03    4.5e-06
 941500      1.18e-01      3.73e-03    4.5e-06
 941600      1.54e-01      4.87e-03    4.5e-06
 941700      1.28e-01      4.06e-03    4.5e-06
 941800      1.47e-01      4.64e-03    4.5e-06
 941900      1.26e-01      3.98e-03    4.5e-06
 942000      1.13e-01      3.58e-03    4.5e-06
 942100      9.35e-02      2.96e-03    4.5e-06
 942200      1.50e-01      4.74e-03    4.5e-06
 942300      1.40e-01      4.42e-03    4.5e-06
 942400      1.11e-01      3.50e-03    4.5e-06
 942500      1.07e-01      3.39e-03    4.5e-06
 942600      1.52e-01      4.81e-03    4.5e-06
 942700      1.13e-01      3.58e-03    4.5e-06
 942800      1.15e-01      3.64e-03    4.5e-06
 942900      1.49e-01      4.71e-03    4.5e-06
 943000      1.07e-01      3.38e-03    4.5e-06
 943100      1.20e-01      3.80e-03    4.5e-06
 943200      1.12e-01      3.56e-03    4.5e-06
 943300      1.31e-01      4.13e-03    4.5e-06
 943400      1.02e-01      3.23e-03    4.5e-06
 943500      1.30e-01      4.12e-03    4.5e-06
 943600      1.36e-01      4.31e-03    4.5e-06
 943700      1.41e-01      4.47e-03    4.5e-06
 943800      1.22e-01      3.86e-03    4.5e-06
 943900      1.10e-01      3.49e-03    4.5e-06
 944000      1.33e-01      4.21e-03    4.5e-06
 944100      1.13e-01      3.57e-03    4.5e-06
 944200      1.17e-01      3.68e-03    4.5e-06
 944300      1.02e-01      3.21e-03    4.5e-06
 944400      1.38e-01      4.37e-03    4.5e-06
 944500      1.17e-01      3.69e-03    4.5e-06
 944600      1.29e-01      4.09e-03    4.5e-06
 944700      1.24e-01      3.92e-03    4.5e-06
 944800      1.38e-01      4.37e-03    4.5e-06
 944900      1.33e-01      4.22e-03    4.5e-06
 945000      1.45e-01      4.58e-03    4.3e-06
 945100      1.39e-01      4.41e-03    4.3e-06
 945200      1.18e-01      3.72e-03    4.3e-06
 945300      1.07e-01      3.39e-03    4.3e-06
 945400      1.46e-01      4.62e-03    4.3e-06
 945500      1.20e-01      3.80e-03    4.3e-06
 945600      1.32e-01      4.17e-03    4.3e-06
 945700      1.48e-01      4.67e-03    4.3e-06
 945800      1.30e-01      4.13e-03    4.3e-06
 945900      1.21e-01      3.82e-03    4.3e-06
 946000      9.88e-02      3.12e-03    4.3e-06
 946100      1.10e-01      3.49e-03    4.3e-06
 946200      1.50e-01      4.76e-03    4.3e-06
 946300      1.39e-01      4.39e-03    4.3e-06
 946400      9.79e-02      3.10e-03    4.3e-06
 946500      1.15e-01      3.63e-03    4.3e-06
 946600      1.39e-01      4.39e-03    4.3e-06
 946700      1.12e-01      3.55e-03    4.3e-06
 946800      1.38e-01      4.37e-03    4.3e-06
 946900      1.47e-01      4.65e-03    4.3e-06
 947000      1.51e-01      4.76e-03    4.3e-06
 947100      1.42e-01      4.48e-03    4.3e-06
 947200      1.19e-01      3.76e-03    4.3e-06
 947300      1.34e-01      4.24e-03    4.3e-06
 947400      1.53e-01      4.82e-03    4.3e-06
 947500      1.60e-01      5.06e-03    4.3e-06
 947600      1.24e-01      3.93e-03    4.3e-06
 947700      1.19e-01      3.75e-03    4.3e-06
 947800      1.21e-01      3.82e-03    4.3e-06
 947900      1.25e-01      3.94e-03    4.3e-06
 948000      1.50e-01      4.75e-03    4.3e-06
 948100      1.52e-01      4.81e-03    4.3e-06
 948200      1.42e-01      4.50e-03    4.3e-06
 948300      1.32e-01      4.17e-03    4.3e-06
 948400      1.10e-01      3.48e-03    4.3e-06
 948500      1.42e-01      4.49e-03    4.3e-06
 948600      1.33e-01      4.19e-03    4.3e-06
 948700      1.41e-01      4.46e-03    4.3e-06
 948800      1.12e-01      3.55e-03    4.3e-06
 948900      1.27e-01      4.01e-03    4.3e-06
 949000      1.39e-01      4.40e-03    4.3e-06
 949100      1.42e-01      4.50e-03    4.3e-06
 949200      1.37e-01      4.33e-03    4.3e-06
 949300      1.39e-01      4.40e-03    4.3e-06
 949400      1.18e-01      3.73e-03    4.3e-06
 949500      1.20e-01      3.78e-03    4.3e-06
 949600      1.21e-01      3.83e-03    4.3e-06
 949700      1.53e-01      4.85e-03    4.3e-06
 949800      1.14e-01      3.60e-03    4.3e-06
 949900      1.19e-01      3.77e-03    4.3e-06
 950000      1.51e-01      4.76e-03    4.2e-06
 950100      1.18e-01      3.73e-03    4.2e-06
 950200      1.16e-01      3.65e-03    4.2e-06
 950300      1.29e-01      4.08e-03    4.2e-06
 950400      1.46e-01      4.62e-03    4.2e-06
 950500      1.12e-01      3.54e-03    4.2e-06
 950600      1.01e-01      3.21e-03    4.2e-06
 950700      1.31e-01      4.13e-03    4.2e-06
 950800      1.41e-01      4.46e-03    4.2e-06
 950900      1.41e-01      4.47e-03    4.2e-06
 951000      1.31e-01      4.15e-03    4.2e-06
 951100      1.44e-01      4.54e-03    4.2e-06
 951200      1.26e-01      3.97e-03    4.2e-06
 951300      1.43e-01      4.51e-03    4.2e-06
 951400      1.17e-01      3.68e-03    4.2e-06
 951500      1.21e-01      3.83e-03    4.2e-06
 951600      1.39e-01      4.38e-03    4.2e-06
 951700      1.31e-01      4.14e-03    4.2e-06
 951800      1.35e-01      4.28e-03    4.2e-06
 951900      1.36e-01      4.30e-03    4.2e-06
 952000      1.31e-01      4.13e-03    4.2e-06
 952100      1.23e-01      3.91e-03    4.2e-06
 952200      1.25e-01      3.95e-03    4.2e-06
 952300      1.40e-01      4.44e-03    4.2e-06
 952400      1.59e-01      5.01e-03    4.2e-06
 952500      1.29e-01      4.07e-03    4.2e-06
 952600      1.49e-01      4.72e-03    4.2e-06
 952700      1.17e-01      3.70e-03    4.2e-06
 952800      1.56e-01      4.94e-03    4.2e-06
 952900      1.05e-01      3.32e-03    4.2e-06
 953000      1.35e-01      4.28e-03    4.2e-06
 953100      1.41e-01      4.47e-03    4.2e-06
 953200      1.20e-01      3.78e-03    4.2e-06
 953300      1.35e-01      4.28e-03    4.2e-06
 953400      9.86e-02      3.12e-03    4.2e-06
 953500      1.42e-01      4.50e-03    4.2e-06
 953600      1.41e-01      4.44e-03    4.2e-06
 953700      1.41e-01      4.47e-03    4.2e-06
 953800      1.20e-01      3.80e-03    4.2e-06
 953900      1.56e-01      4.95e-03    4.2e-06
 954000      1.44e-01      4.55e-03    4.2e-06
 954100      1.21e-01      3.83e-03    4.2e-06
 954200      1.52e-01      4.80e-03    4.2e-06
 954300      1.13e-01      3.57e-03    4.2e-06
 954400      1.14e-01      3.59e-03    4.2e-06
 954500      1.27e-01      4.01e-03    4.2e-06
 954600      1.36e-01      4.31e-03    4.2e-06
 954700      1.51e-01      4.77e-03    4.2e-06
 954800      1.48e-01      4.67e-03    4.2e-06
 954900      1.51e-01      4.76e-03    4.2e-06
 955000      1.35e-01      4.25e-03    4.1e-06
 955100      1.09e-01      3.44e-03    4.1e-06
 955200      1.41e-01      4.47e-03    4.1e-06
 955300      1.39e-01      4.38e-03    4.1e-06
 955400      1.17e-01      3.70e-03    4.1e-06
 955500      1.22e-01      3.86e-03    4.1e-06
 955600      1.48e-01      4.67e-03    4.1e-06
 955700      1.06e-01      3.37e-03    4.1e-06
 955800      1.37e-01      4.33e-03    4.1e-06
 955900      1.34e-01      4.24e-03    4.1e-06
 956000      1.51e-01      4.78e-03    4.1e-06
 956100      1.44e-01      4.55e-03    4.1e-06
 956200      1.27e-01      4.01e-03    4.1e-06
 956300      1.29e-01      4.08e-03    4.1e-06
 956400      1.43e-01      4.53e-03    4.1e-06
 956500      1.15e-01      3.65e-03    4.1e-06
 956600      1.35e-01      4.26e-03    4.1e-06
 956700      1.33e-01      4.20e-03    4.1e-06
 956800      1.21e-01      3.82e-03    4.1e-06
 956900      1.14e-01      3.59e-03    4.1e-06
 957000      1.36e-01      4.30e-03    4.1e-06
 957100      1.56e-01      4.95e-03    4.1e-06
 957200      1.42e-01      4.48e-03    4.1e-06
 957300      1.25e-01      3.95e-03    4.1e-06
 957400      1.41e-01      4.45e-03    4.1e-06
 957500      1.44e-01      4.56e-03    4.1e-06
 957600      1.35e-01      4.26e-03    4.1e-06
 957700      1.42e-01      4.49e-03    4.1e-06
 957800      1.10e-01      3.48e-03    4.1e-06
 957900      1.11e-01      3.49e-03    4.1e-06
 958000      1.30e-01      4.12e-03    4.1e-06
 958100      1.32e-01      4.19e-03    4.1e-06
 958200      1.34e-01      4.23e-03    4.1e-06
 958300      1.06e-01      3.35e-03    4.1e-06
 958400      1.43e-01      4.51e-03    4.1e-06
 958500      1.45e-01      4.60e-03    4.1e-06
 958600      1.37e-01      4.32e-03    4.1e-06
 958700      1.58e-01      5.00e-03    4.1e-06
 958800      1.25e-01      3.95e-03    4.1e-06
 958900      1.05e-01      3.32e-03    4.1e-06
 959000      1.35e-01      4.28e-03    4.1e-06
 959100      1.45e-01      4.60e-03    4.1e-06
 959200      1.28e-01      4.03e-03    4.1e-06
 959300      1.30e-01      4.12e-03    4.1e-06
 959400      1.21e-01      3.84e-03    4.1e-06
 959500      1.49e-01      4.71e-03    4.1e-06
 959600      1.40e-01      4.43e-03    4.1e-06
 959700      1.43e-01      4.51e-03    4.1e-06
 959800      1.35e-01      4.26e-03    4.1e-06
 959900      1.12e-01      3.55e-03    4.1e-06
 960000      1.12e-01      3.53e-03    4.0e-06
 960100      1.13e-01      3.59e-03    4.0e-06
 960200      1.36e-01      4.29e-03    4.0e-06
 960300      1.25e-01      3.96e-03    4.0e-06
 960400      1.11e-01      3.51e-03    4.0e-06
 960500      1.18e-01      3.72e-03    4.0e-06
 960600      1.12e-01      3.55e-03    4.0e-06
 960700      1.37e-01      4.33e-03    4.0e-06
 960800      1.03e-01      3.25e-03    4.0e-06
 960900      1.09e-01      3.46e-03    4.0e-06
 961000      1.19e-01      3.75e-03    4.0e-06
 961100      1.47e-01      4.65e-03    4.0e-06
 961200      1.15e-01      3.62e-03    4.0e-06
 961300      1.32e-01      4.16e-03    4.0e-06
 961400      1.47e-01      4.64e-03    4.0e-06
 961500      1.32e-01      4.19e-03    4.0e-06
 961600      1.22e-01      3.84e-03    4.0e-06
 961700      1.21e-01      3.82e-03    4.0e-06
 961800      1.32e-01      4.19e-03    4.0e-06
 961900      1.32e-01      4.19e-03    4.0e-06
 962000      1.37e-01      4.34e-03    4.0e-06
 962100      1.32e-01      4.18e-03    4.0e-06
 962200      1.28e-01      4.05e-03    4.0e-06
 962300      1.33e-01      4.22e-03    4.0e-06
 962400      1.18e-01      3.74e-03    4.0e-06
 962500      1.36e-01      4.29e-03    4.0e-06
 962600      1.12e-01      3.55e-03    4.0e-06
 962700      1.41e-01      4.46e-03    4.0e-06
 962800      1.35e-01      4.27e-03    4.0e-06
 962900      1.26e-01      3.98e-03    4.0e-06
 963000      1.29e-01      4.09e-03    4.0e-06
 963100      1.15e-01      3.65e-03    4.0e-06
 963200      1.38e-01      4.37e-03    4.0e-06
 963300      1.13e-01      3.56e-03    4.0e-06
 963400      1.30e-01      4.10e-03    4.0e-06
 963500      1.30e-01      4.10e-03    4.0e-06
 963600      1.32e-01      4.17e-03    4.0e-06
 963700      1.12e-01      3.55e-03    4.0e-06
 963800      1.17e-01      3.70e-03    4.0e-06
 963900      1.36e-01      4.30e-03    4.0e-06
 964000      1.14e-01      3.61e-03    4.0e-06
 964100      1.32e-01      4.17e-03    4.0e-06
 964200      1.17e-01      3.70e-03    4.0e-06
 964300      1.35e-01      4.25e-03    4.0e-06
 964400      1.47e-01      4.64e-03    4.0e-06
 964500      1.16e-01      3.68e-03    4.0e-06
 964600      1.46e-01      4.61e-03    4.0e-06
 964700      1.33e-01      4.19e-03    4.0e-06
 964800      1.27e-01      4.02e-03    4.0e-06
 964900      1.22e-01      3.86e-03    4.0e-06
 965000      1.45e-01      4.60e-03    3.9e-06
 965100      1.37e-01      4.34e-03    3.9e-06
 965200      1.36e-01      4.31e-03    3.9e-06
 965300      1.26e-01      3.98e-03    3.9e-06
 965400      1.36e-01      4.29e-03    3.9e-06
 965500      1.41e-01      4.44e-03    3.9e-06
 965600      1.10e-01      3.48e-03    3.9e-06
 965700      1.01e-01      3.21e-03    3.9e-06
 965800      1.34e-01      4.23e-03    3.9e-06
 965900      1.34e-01      4.24e-03    3.9e-06
 966000      1.40e-01      4.43e-03    3.9e-06
 966100      1.27e-01      4.01e-03    3.9e-06
 966200      1.39e-01      4.39e-03    3.9e-06
 966300      1.35e-01      4.27e-03    3.9e-06
 966400      1.20e-01      3.79e-03    3.9e-06
 966500      1.29e-01      4.09e-03    3.9e-06
 966600      1.36e-01      4.30e-03    3.9e-06
 966700      1.04e-01      3.28e-03    3.9e-06
 966800      1.36e-01      4.31e-03    3.9e-06
 966900      1.42e-01      4.51e-03    3.9e-06
 967000      1.45e-01      4.58e-03    3.9e-06
 967100      1.08e-01      3.40e-03    3.9e-06
 967200      1.41e-01      4.47e-03    3.9e-06
 967300      1.37e-01      4.35e-03    3.9e-06
 967400      1.32e-01      4.16e-03    3.9e-06
 967500      1.37e-01      4.32e-03    3.9e-06
 967600      1.07e-01      3.38e-03    3.9e-06
 967700      1.44e-01      4.54e-03    3.9e-06
 967800      9.77e-02      3.09e-03    3.9e-06
 967900      9.89e-02      3.13e-03    3.9e-06
 968000      1.53e-01      4.84e-03    3.9e-06
 968100      1.12e-01      3.54e-03    3.9e-06
 968200      1.19e-01      3.78e-03    3.9e-06
 968300      1.30e-01      4.13e-03    3.9e-06
 968400      1.03e-01      3.24e-03    3.9e-06
 968500      1.17e-01      3.70e-03    3.9e-06
 968600      1.09e-01      3.43e-03    3.9e-06
 968700      1.00e-01      3.17e-03    3.9e-06
 968800      1.14e-01      3.62e-03    3.9e-06
 968900      1.52e-01      4.81e-03    3.9e-06
 969000      1.13e-01      3.57e-03    3.9e-06
 969100      1.42e-01      4.50e-03    3.9e-06
 969200      1.35e-01      4.28e-03    3.9e-06
 969300      1.27e-01      4.03e-03    3.9e-06
 969400      1.32e-01      4.18e-03    3.9e-06
 969500      1.07e-01      3.38e-03    3.9e-06
 969600      1.24e-01      3.92e-03    3.9e-06
 969700      1.12e-01      3.55e-03    3.9e-06
 969800      1.35e-01      4.28e-03    3.9e-06
 969900      1.12e-01      3.55e-03    3.9e-06
 970000      1.63e-01      5.17e-03    3.8e-06
 970100      1.27e-01      4.02e-03    3.8e-06
 970200      1.39e-01      4.38e-03    3.8e-06
 970300      1.27e-01      4.03e-03    3.8e-06
 970400      1.39e-01      4.38e-03    3.8e-06
 970500      1.45e-01      4.58e-03    3.8e-06
 970600      9.78e-02      3.09e-03    3.8e-06
 970700      1.10e-01      3.48e-03    3.8e-06
 970800      1.36e-01      4.29e-03    3.8e-06
 970900      1.35e-01      4.28e-03    3.8e-06
 971000      1.33e-01      4.22e-03    3.8e-06
 971100      1.06e-01      3.35e-03    3.8e-06
 971200      1.14e-01      3.61e-03    3.8e-06
 971300      1.27e-01      4.00e-03    3.8e-06
 971400      1.14e-01      3.60e-03    3.8e-06
 971500      1.22e-01      3.85e-03    3.8e-06
 971600      1.12e-01      3.56e-03    3.8e-06
 971700      1.49e-01      4.72e-03    3.8e-06
 971800      1.16e-01      3.68e-03    3.8e-06
 971900      1.45e-01      4.60e-03    3.8e-06
 972000      1.20e-01      3.81e-03    3.8e-06
 972100      1.18e-01      3.73e-03    3.8e-06
 972200      1.44e-01      4.55e-03    3.8e-06
 972300      1.44e-01      4.54e-03    3.8e-06
 972400      1.09e-01      3.45e-03    3.8e-06
 972500      1.36e-01      4.32e-03    3.8e-06
 972600      1.26e-01      3.97e-03    3.8e-06
 972700      1.50e-01      4.75e-03    3.8e-06
 972800      1.13e-01      3.58e-03    3.8e-06
 972900      1.42e-01      4.49e-03    3.8e-06
 973000      1.38e-01      4.37e-03    3.8e-06
 973100      1.35e-01      4.26e-03    3.8e-06
 973200      1.26e-01      3.98e-03    3.8e-06
 973300      1.42e-01      4.50e-03    3.8e-06
 973400      1.23e-01      3.89e-03    3.8e-06
 973500      1.07e-01      3.38e-03    3.8e-06
 973600      1.38e-01      4.35e-03    3.8e-06
 973700      1.33e-01      4.20e-03    3.8e-06
 973800      1.48e-01      4.67e-03    3.8e-06
 973900      1.15e-01      3.64e-03    3.8e-06
 974000      1.16e-01      3.66e-03    3.8e-06
 974100      1.54e-01      4.86e-03    3.8e-06
 974200      1.17e-01      3.70e-03    3.8e-06
 974300      1.28e-01      4.05e-03    3.8e-06
 974400      1.00e-01      3.17e-03    3.8e-06
 974500      1.30e-01      4.11e-03    3.8e-06
 974600      1.28e-01      4.04e-03    3.8e-06
 974700      1.36e-01      4.30e-03    3.8e-06
 974800      1.07e-01      3.39e-03    3.8e-06
 974900      1.07e-01      3.37e-03    3.8e-06
 975000      1.45e-01      4.58e-03    3.7e-06
 975100      1.02e-01      3.22e-03    3.7e-06
 975200      1.42e-01      4.49e-03    3.7e-06
 975300      1.09e-01      3.43e-03    3.7e-06
 975400      9.89e-02      3.13e-03    3.7e-06
 975500      1.45e-01      4.57e-03    3.7e-06
 975600      1.23e-01      3.88e-03    3.7e-06
 975700      1.35e-01      4.27e-03    3.7e-06
 975800      1.20e-01      3.79e-03    3.7e-06
 975900      1.49e-01      4.70e-03    3.7e-06
 976000      1.43e-01      4.53e-03    3.7e-06
 976100      1.51e-01      4.77e-03    3.7e-06
 976200      1.36e-01      4.30e-03    3.7e-06
 976300      1.35e-01      4.27e-03    3.7e-06
 976400      1.09e-01      3.44e-03    3.7e-06
 976500      1.32e-01      4.18e-03    3.7e-06
 976600      1.17e-01      3.69e-03    3.7e-06
 976700      1.17e-01      3.70e-03    3.7e-06
 976800      1.46e-01      4.62e-03    3.7e-06
 976900      1.23e-01      3.88e-03    3.7e-06
 977000      1.36e-01      4.31e-03    3.7e-06
 977100      1.24e-01      3.92e-03    3.7e-06
 977200      1.08e-01      3.42e-03    3.7e-06
 977300      1.27e-01      4.03e-03    3.7e-06
 977400      1.12e-01      3.55e-03    3.7e-06
 977500      1.16e-01      3.67e-03    3.7e-06
 977600      1.25e-01      3.95e-03    3.7e-06
 977700      1.34e-01      4.22e-03    3.7e-06
 977800      1.28e-01      4.05e-03    3.7e-06
 977900      1.52e-01      4.80e-03    3.7e-06
 978000      1.21e-01      3.83e-03    3.7e-06
 978100      1.36e-01      4.32e-03    3.7e-06
 978200      1.48e-01      4.67e-03    3.7e-06
 978300      1.56e-01      4.94e-03    3.7e-06
 978400      1.30e-01      4.10e-03    3.7e-06
 978500      1.31e-01      4.15e-03    3.7e-06
 978600      1.37e-01      4.33e-03    3.7e-06
 978700      1.29e-01      4.09e-03    3.7e-06
 978800      1.19e-01      3.77e-03    3.7e-06
 978900      1.32e-01      4.18e-03    3.7e-06
 979000      1.41e-01      4.47e-03    3.7e-06
 979100      1.51e-01      4.78e-03    3.7e-06
 979200      1.48e-01      4.69e-03    3.7e-06
 979300      1.50e-01      4.75e-03    3.7e-06
 979400      1.35e-01      4.26e-03    3.7e-06
 979500      1.35e-01      4.28e-03    3.7e-06
 979600      1.12e-01      3.55e-03    3.7e-06
 979700      1.37e-01      4.34e-03    3.7e-06
 979800      1.32e-01      4.18e-03    3.7e-06
 979900      1.38e-01      4.38e-03    3.7e-06
 980000      1.60e-01      5.06e-03    3.5e-06
 980100      1.32e-01      4.16e-03    3.5e-06
 980200      1.26e-01      3.99e-03    3.5e-06
 980300      1.57e-01      4.97e-03    3.5e-06
 980400      1.42e-01      4.48e-03    3.5e-06
 980500      1.20e-01      3.81e-03    3.5e-06
 980600      1.28e-01      4.03e-03    3.5e-06
 980700      1.02e-01      3.21e-03    3.5e-06
 980800      1.17e-01      3.69e-03    3.5e-06
 980900      1.12e-01      3.54e-03    3.5e-06
 981000      1.08e-01      3.43e-03    3.5e-06
 981100      1.34e-01      4.24e-03    3.5e-06
 981200      1.29e-01      4.09e-03    3.5e-06
 981300      1.14e-01      3.59e-03    3.5e-06
 981400      1.14e-01      3.62e-03    3.5e-06
 981500      1.26e-01      4.00e-03    3.5e-06
 981600      1.09e-01      3.46e-03    3.5e-06
 981700      1.43e-01      4.53e-03    3.5e-06
 981800      1.57e-01      4.96e-03    3.5e-06
 981900      1.29e-01      4.08e-03    3.5e-06
 982000      1.41e-01      4.46e-03    3.5e-06
 982100      1.45e-01      4.59e-03    3.5e-06
 982200      1.52e-01      4.81e-03    3.5e-06
 982300      1.13e-01      3.57e-03    3.5e-06
 982400      1.42e-01      4.48e-03    3.5e-06
 982500      1.19e-01      3.76e-03    3.5e-06
 982600      1.16e-01      3.68e-03    3.5e-06
 982700      1.15e-01      3.63e-03    3.5e-06
 982800      1.57e-01      4.97e-03    3.5e-06
 982900      1.25e-01      3.96e-03    3.5e-06
 983000      1.26e-01      3.97e-03    3.5e-06
 983100      1.17e-01      3.69e-03    3.5e-06
 983200      1.38e-01      4.37e-03    3.5e-06
 983300      1.44e-01      4.54e-03    3.5e-06
 983400      1.17e-01      3.70e-03    3.5e-06
 983500      1.13e-01      3.58e-03    3.5e-06
 983600      1.22e-01      3.86e-03    3.5e-06
 983700      1.42e-01      4.49e-03    3.5e-06
 983800      9.79e-02      3.10e-03    3.5e-06
 983900      1.29e-01      4.09e-03    3.5e-06
 984000      1.35e-01      4.27e-03    3.5e-06
 984100      9.92e-02      3.14e-03    3.5e-06
 984200      1.36e-01      4.31e-03    3.5e-06
 984300      1.15e-01      3.63e-03    3.5e-06
 984400      1.21e-01      3.82e-03    3.5e-06
 984500      1.16e-01      3.68e-03    3.5e-06
 984600      1.45e-01      4.59e-03    3.5e-06
 984700      1.40e-01      4.44e-03    3.5e-06
 984800      1.26e-01      4.00e-03    3.5e-06
 984900      1.10e-01      3.48e-03    3.5e-06
 985000      1.02e-01      3.24e-03    3.4e-06
 985100      1.14e-01      3.62e-03    3.4e-06
 985200      1.07e-01      3.39e-03    3.4e-06
 985300      1.16e-01      3.65e-03    3.4e-06
 985400      1.38e-01      4.35e-03    3.4e-06
 985500      1.36e-01      4.29e-03    3.4e-06
 985600      1.20e-01      3.80e-03    3.4e-06
 985700      1.13e-01      3.58e-03    3.4e-06
 985800      1.19e-01      3.77e-03    3.4e-06
 985900      1.52e-01      4.82e-03    3.4e-06
 986000      1.17e-01      3.70e-03    3.4e-06
 986100      1.28e-01      4.04e-03    3.4e-06
 986200      1.44e-01      4.54e-03    3.4e-06
 986300      1.34e-01      4.25e-03    3.4e-06
 986400      1.29e-01      4.07e-03    3.4e-06
 986500      1.34e-01      4.23e-03    3.4e-06
 986600      1.54e-01      4.87e-03    3.4e-06
 986700      1.42e-01      4.48e-03    3.4e-06
 986800      1.37e-01      4.33e-03    3.4e-06
 986900      1.45e-01      4.58e-03    3.4e-06
 987000      1.56e-01      4.93e-03    3.4e-06
 987100      1.39e-01      4.39e-03    3.4e-06
 987200      1.28e-01      4.06e-03    3.4e-06
 987300      1.24e-01      3.93e-03    3.4e-06
 987400      1.38e-01      4.35e-03    3.4e-06
 987500      1.39e-01      4.40e-03    3.4e-06
 987600      1.42e-01      4.50e-03    3.4e-06
 987700      1.20e-01      3.80e-03    3.4e-06
 987800      1.09e-01      3.44e-03    3.4e-06
 987900      1.30e-01      4.10e-03    3.4e-06
 988000      1.24e-01      3.92e-03    3.4e-06
 988100      1.33e-01      4.22e-03    3.4e-06
 988200      1.30e-01      4.13e-03    3.4e-06
 988300      1.19e-01      3.77e-03    3.4e-06
 988400      1.21e-01      3.84e-03    3.4e-06
 988500      1.08e-01      3.41e-03    3.4e-06
 988600      1.35e-01      4.27e-03    3.4e-06
 988700      1.08e-01      3.41e-03    3.4e-06
 988800      1.48e-01      4.68e-03    3.4e-06
 988900      1.36e-01      4.29e-03    3.4e-06
 989000      1.12e-01      3.53e-03    3.4e-06
 989100      1.20e-01      3.79e-03    3.4e-06
 989200      1.43e-01      4.52e-03    3.4e-06
 989300      1.42e-01      4.50e-03    3.4e-06
 989400      1.25e-01      3.95e-03    3.4e-06
 989500      1.48e-01      4.68e-03    3.4e-06
 989600      1.51e-01      4.79e-03    3.4e-06
 989700      1.31e-01      4.13e-03    3.4e-06
 989800      1.10e-01      3.48e-03    3.4e-06
 989900      1.35e-01      4.28e-03    3.4e-06
 990000      1.44e-01      4.54e-03    3.3e-06
 990100      1.52e-01      4.79e-03    3.3e-06
 990200      1.62e-01      5.11e-03    3.3e-06
 990300      1.56e-01      4.94e-03    3.3e-06
 990400      1.09e-01      3.45e-03    3.3e-06
 990500      1.18e-01      3.72e-03    3.3e-06
 990600      1.57e-01      4.95e-03    3.3e-06
 990700      1.29e-01      4.09e-03    3.3e-06
 990800      1.14e-01      3.62e-03    3.3e-06
 990900      1.12e-01      3.55e-03    3.3e-06
 991000      1.41e-01      4.45e-03    3.3e-06
 991100      1.14e-01      3.59e-03    3.3e-06
 991200      1.05e-01      3.31e-03    3.3e-06
 991300      1.30e-01      4.12e-03    3.3e-06
 991400      1.57e-01      4.98e-03    3.3e-06
 991500      1.27e-01      4.02e-03    3.3e-06
 991600      1.50e-01      4.74e-03    3.3e-06
 991700      1.18e-01      3.74e-03    3.3e-06
 991800      1.39e-01      4.40e-03    3.3e-06
 991900      1.18e-01      3.73e-03    3.3e-06
 992000      1.48e-01      4.68e-03    3.3e-06
 992100      1.25e-01      3.95e-03    3.3e-06
 992200      1.48e-01      4.68e-03    3.3e-06
 992300      1.43e-01      4.53e-03    3.3e-06
 992400      1.22e-01      3.85e-03    3.3e-06
 992500      1.45e-01      4.58e-03    3.3e-06
 992600      1.52e-01      4.81e-03    3.3e-06
 992700      1.22e-01      3.87e-03    3.3e-06
 992800      1.42e-01      4.48e-03    3.3e-06
 992900      1.37e-01      4.33e-03    3.3e-06
 993000      1.11e-01      3.52e-03    3.3e-06
 993100      1.43e-01      4.52e-03    3.3e-06
 993200      1.44e-01      4.54e-03    3.3e-06
 993300      1.03e-01      3.26e-03    3.3e-06
 993400      1.38e-01      4.36e-03    3.3e-06
 993500      1.21e-01      3.83e-03    3.3e-06
 993600      1.32e-01      4.18e-03    3.3e-06
 993700      1.11e-01      3.50e-03    3.3e-06
 993800      1.18e-01      3.72e-03    3.3e-06
 993900      9.33e-02      2.95e-03    3.3e-06
 994000      1.35e-01      4.28e-03    3.3e-06
 994100      1.34e-01      4.25e-03    3.3e-06
 994200      1.31e-01      4.14e-03    3.3e-06
 994300      9.58e-02      3.03e-03    3.3e-06
 994400      1.35e-01      4.27e-03    3.3e-06
 994500      1.30e-01      4.11e-03    3.3e-06
 994600      1.45e-01      4.57e-03    3.3e-06
 994700      1.23e-01      3.89e-03    3.3e-06
 994800      1.36e-01      4.30e-03    3.3e-06
 994900      1.33e-01      4.22e-03    3.3e-06
 995000      1.30e-01      4.12e-03    3.3e-06
 995100      1.15e-01      3.62e-03    3.3e-06
 995200      1.30e-01      4.12e-03    3.3e-06
 995300      1.03e-01      3.25e-03    3.3e-06
 995400      1.26e-01      4.00e-03    3.3e-06
 995500      1.41e-01      4.47e-03    3.3e-06
 995600      1.15e-01      3.65e-03    3.3e-06
 995700      1.26e-01      3.97e-03    3.3e-06
 995800      9.67e-02      3.06e-03    3.3e-06
 995900      1.18e-01      3.73e-03    3.3e-06
 996000      1.56e-01      4.94e-03    3.3e-06
 996100      1.47e-01      4.64e-03    3.3e-06
 996200      1.40e-01      4.43e-03    3.3e-06
 996300      1.14e-01      3.59e-03    3.3e-06
 996400      1.13e-01      3.58e-03    3.3e-06
 996500      1.24e-01      3.92e-03    3.3e-06
 996600      1.38e-01      4.36e-03    3.3e-06
 996700      1.41e-01      4.46e-03    3.3e-06
 996800      1.35e-01      4.27e-03    3.3e-06
 996900      1.37e-01      4.33e-03    3.3e-06
 997000      1.34e-01      4.25e-03    3.3e-06
 997100      1.47e-01      4.64e-03    3.3e-06
 997200      1.23e-01      3.89e-03    3.3e-06
 997300      1.37e-01      4.32e-03    3.3e-06
 997400      1.32e-01      4.17e-03    3.3e-06
 997500      1.02e-01      3.21e-03    3.3e-06
 997600      1.06e-01      3.34e-03    3.3e-06
 997700      1.41e-01      4.45e-03    3.3e-06
 997800      1.39e-01      4.40e-03    3.3e-06
 997900      1.20e-01      3.79e-03    3.3e-06
 998000      1.02e-01      3.24e-03    3.3e-06
 998100      1.13e-01      3.56e-03    3.3e-06
 998200      1.51e-01      4.77e-03    3.3e-06
 998300      1.03e-01      3.26e-03    3.3e-06
 998400      1.28e-01      4.05e-03    3.3e-06
 998500      1.28e-01      4.05e-03    3.3e-06
 998600      1.44e-01      4.55e-03    3.3e-06
 998700      1.17e-01      3.72e-03    3.3e-06
 998800      1.43e-01      4.52e-03    3.3e-06
 998900      1.51e-01      4.76e-03    3.3e-06
 999000      9.51e-02      3.01e-03    3.3e-06
 999100      1.39e-01      4.40e-03    3.3e-06
 999200      1.42e-01      4.49e-03    3.3e-06
 999300      1.51e-01      4.78e-03    3.3e-06
 999400      1.37e-01      4.33e-03    3.3e-06
 999500      1.24e-01      3.93e-03    3.3e-06
 999600      1.31e-01      4.14e-03    3.3e-06
 999700      1.45e-01      4.59e-03    3.3e-06
 999800      1.19e-01      3.75e-03    3.3e-06
 999900      1.35e-01      4.28e-03    3.3e-06
1000000      1.13e-01      3.59e-03    3.2e-06
1000100      1.18e-01      3.72e-03    3.2e-06
1000200      1.32e-01      4.19e-03    3.2e-06
1000300      1.47e-01      4.66e-03    3.2e-06
1000400      1.61e-01      5.08e-03    3.2e-06
1000500      1.62e-01      5.14e-03    3.2e-06
1000600      1.26e-01      3.99e-03    3.2e-06
1000700      1.42e-01      4.48e-03    3.2e-06
1000800      1.51e-01      4.79e-03    3.2e-06
1000900      1.30e-01      4.11e-03    3.2e-06
1001000      1.30e-01      4.11e-03    3.2e-06
1001100      1.42e-01      4.50e-03    3.2e-06
1001200      1.32e-01      4.18e-03    3.2e-06
1001300      9.87e-02      3.12e-03    3.2e-06
1001400      1.46e-01      4.62e-03    3.2e-06
1001500      1.13e-01      3.58e-03    3.2e-06
1001600      1.49e-01      4.72e-03    3.2e-06
1001700      1.34e-01      4.23e-03    3.2e-06
1001800      1.02e-01      3.22e-03    3.2e-06
1001900      1.03e-01      3.27e-03    3.2e-06
1002000      1.38e-01      4.37e-03    3.2e-06
1002100      1.53e-01      4.83e-03    3.2e-06
1002200      1.18e-01      3.73e-03    3.2e-06
1002300      1.33e-01      4.21e-03    3.2e-06
1002400      1.04e-01      3.29e-03    3.2e-06
1002500      1.24e-01      3.92e-03    3.2e-06
1002600      1.46e-01      4.62e-03    3.2e-06
1002700      1.33e-01      4.19e-03    3.2e-06
1002800      1.14e-01      3.60e-03    3.2e-06
1002900      1.48e-01      4.66e-03    3.2e-06
1003000      1.40e-01      4.41e-03    3.2e-06
1003100      1.10e-01      3.47e-03    3.2e-06
1003200      1.32e-01      4.19e-03    3.2e-06
1003300      1.15e-01      3.64e-03    3.2e-06
1003400      1.52e-01      4.79e-03    3.2e-06
1003500      1.29e-01      4.08e-03    3.2e-06
1003600      1.09e-01      3.45e-03    3.2e-06
1003700      1.40e-01      4.43e-03    3.2e-06
1003800      1.18e-01      3.73e-03    3.2e-06
1003900      1.58e-01      5.01e-03    3.2e-06
1004000      1.28e-01      4.04e-03    3.2e-06
1004100      1.07e-01      3.37e-03    3.2e-06
1004200      1.34e-01      4.23e-03    3.2e-06
1004300      1.51e-01      4.78e-03    3.2e-06
1004400      1.32e-01      4.17e-03    3.2e-06
1004500      1.36e-01      4.30e-03    3.2e-06
1004600      1.47e-01      4.64e-03    3.2e-06
1004700      1.46e-01      4.61e-03    3.2e-06
1004800      1.12e-01      3.53e-03    3.2e-06
1004900      1.10e-01      3.47e-03    3.2e-06
1005000      1.35e-01      4.26e-03    3.1e-06
1005100      1.16e-01      3.65e-03    3.1e-06
1005200      1.06e-01      3.34e-03    3.1e-06
1005300      1.30e-01      4.11e-03    3.1e-06
1005400      1.31e-01      4.14e-03    3.1e-06
1005500      1.28e-01      4.04e-03    3.1e-06
1005600      1.22e-01      3.85e-03    3.1e-06
1005700      1.36e-01      4.30e-03    3.1e-06
1005800      1.20e-01      3.80e-03    3.1e-06
1005900      1.67e-01      5.30e-03    3.1e-06
1006000      1.47e-01      4.64e-03    3.1e-06
1006100      1.21e-01      3.83e-03    3.1e-06
1006200      1.51e-01      4.79e-03    3.1e-06
1006300      1.22e-01      3.87e-03    3.1e-06
1006400      1.12e-01      3.55e-03    3.1e-06
1006500      1.42e-01      4.50e-03    3.1e-06
1006600      1.06e-01      3.35e-03    3.1e-06
1006700      1.35e-01      4.26e-03    3.1e-06
1006800      1.49e-01      4.73e-03    3.1e-06
1006900      1.14e-01      3.60e-03    3.1e-06
1007000      1.01e-01      3.20e-03    3.1e-06
1007100      1.48e-01      4.67e-03    3.1e-06
1007200      1.36e-01      4.29e-03    3.1e-06
1007300      1.16e-01      3.65e-03    3.1e-06
1007400      1.19e-01      3.75e-03    3.1e-06
1007500      1.37e-01      4.35e-03    3.1e-06
1007600      1.20e-01      3.81e-03    3.1e-06
1007700      1.30e-01      4.10e-03    3.1e-06
1007800      1.37e-01      4.34e-03    3.1e-06
1007900      1.14e-01      3.61e-03    3.1e-06
1008000      1.20e-01      3.80e-03    3.1e-06
1008100      1.06e-01      3.34e-03    3.1e-06
1008200      1.20e-01      3.78e-03    3.1e-06
1008300      1.43e-01      4.51e-03    3.1e-06
1008400      1.26e-01      3.97e-03    3.1e-06
1008500      9.97e-02      3.15e-03    3.1e-06
1008600      1.07e-01      3.39e-03    3.1e-06
1008700      1.58e-01      5.01e-03    3.1e-06
1008800      1.41e-01      4.45e-03    3.1e-06
1008900      1.38e-01      4.35e-03    3.1e-06
1009000      1.21e-01      3.83e-03    3.1e-06
1009100      1.32e-01      4.18e-03    3.1e-06
1009200      1.02e-01      3.22e-03    3.1e-06
1009300      1.27e-01      4.00e-03    3.1e-06
1009400      1.00e-01      3.18e-03    3.1e-06
1009500      1.30e-01      4.12e-03    3.1e-06
1009600      1.48e-01      4.67e-03    3.1e-06
1009700      1.42e-01      4.50e-03    3.1e-06
1009800      1.42e-01      4.50e-03    3.1e-06
1009900      1.33e-01      4.20e-03    3.1e-06
1010000      1.38e-01      4.37e-03    3.0e-06
1010100      1.19e-01      3.76e-03    3.0e-06
1010200      1.35e-01      4.27e-03    3.0e-06
1010300      9.85e-02      3.12e-03    3.0e-06
1010400      1.42e-01      4.49e-03    3.0e-06
1010500      1.07e-01      3.37e-03    3.0e-06
1010600      1.56e-01      4.94e-03    3.0e-06
1010700      1.44e-01      4.54e-03    3.0e-06
1010800      1.44e-01      4.57e-03    3.0e-06
1010900      1.26e-01      3.99e-03    3.0e-06
1011000      1.47e-01      4.63e-03    3.0e-06
1011100      1.19e-01      3.78e-03    3.0e-06
1011200      1.38e-01      4.35e-03    3.0e-06
1011300      1.30e-01      4.12e-03    3.0e-06
1011400      1.14e-01      3.61e-03    3.0e-06
1011500      1.21e-01      3.81e-03    3.0e-06
1011600      1.15e-01      3.65e-03    3.0e-06
1011700      1.24e-01      3.93e-03    3.0e-06
1011800      1.11e-01      3.52e-03    3.0e-06
1011900      1.33e-01      4.21e-03    3.0e-06
1012000      1.44e-01      4.56e-03    3.0e-06
1012100      1.03e-01      3.27e-03    3.0e-06
1012200      1.18e-01      3.74e-03    3.0e-06
1012300      1.37e-01      4.34e-03    3.0e-06
1012400      1.25e-01      3.96e-03    3.0e-06
1012500      1.36e-01      4.29e-03    3.0e-06
1012600      1.52e-01      4.82e-03    3.0e-06
1012700      1.33e-01      4.22e-03    3.0e-06
1012800      1.14e-01      3.61e-03    3.0e-06
1012900      1.32e-01      4.17e-03    3.0e-06
1013000      1.18e-01      3.72e-03    3.0e-06
1013100      1.35e-01      4.28e-03    3.0e-06
1013200      1.05e-01      3.32e-03    3.0e-06
1013300      1.56e-01      4.93e-03    3.0e-06
1013400      1.57e-01      4.97e-03    3.0e-06
1013500      1.31e-01      4.13e-03    3.0e-06
1013600      1.02e-01      3.23e-03    3.0e-06
1013700      1.34e-01      4.24e-03    3.0e-06
1013800      1.46e-01      4.62e-03    3.0e-06
1013900      1.04e-01      3.30e-03    3.0e-06
1014000      1.02e-01      3.22e-03    3.0e-06
1014100      1.12e-01      3.54e-03    3.0e-06
1014200      1.41e-01      4.47e-03    3.0e-06
1014300      1.25e-01      3.95e-03    3.0e-06
1014400      1.58e-01      5.00e-03    3.0e-06
1014500      1.06e-01      3.34e-03    3.0e-06
1014600      1.24e-01      3.91e-03    3.0e-06
1014700      1.36e-01      4.30e-03    3.0e-06
1014800      1.25e-01      3.96e-03    3.0e-06
1014900      1.39e-01      4.39e-03    3.0e-06
1015000      1.32e-01      4.19e-03    2.9e-06
1015100      1.53e-01      4.85e-03    2.9e-06
1015200      1.04e-01      3.29e-03    2.9e-06
1015300      1.43e-01      4.51e-03    2.9e-06
1015400      9.51e-02      3.01e-03    2.9e-06
1015500      1.25e-01      3.94e-03    2.9e-06
1015600      1.19e-01      3.78e-03    2.9e-06
1015700      1.26e-01      3.98e-03    2.9e-06
1015800      1.49e-01      4.70e-03    2.9e-06
1015900      1.20e-01      3.79e-03    2.9e-06
1016000      1.44e-01      4.55e-03    2.9e-06
1016100      1.53e-01      4.83e-03    2.9e-06
1016200      1.01e-01      3.21e-03    2.9e-06
1016300      1.40e-01      4.44e-03    2.9e-06
1016400      1.07e-01      3.38e-03    2.9e-06
1016500      1.28e-01      4.06e-03    2.9e-06
1016600      1.35e-01      4.27e-03    2.9e-06
1016700      1.48e-01      4.67e-03    2.9e-06
1016800      1.49e-01      4.72e-03    2.9e-06
1016900      1.41e-01      4.45e-03    2.9e-06
1017000      1.13e-01      3.58e-03    2.9e-06
1017100      1.30e-01      4.10e-03    2.9e-06
1017200      1.29e-01      4.09e-03    2.9e-06
1017300      1.53e-01      4.82e-03    2.9e-06
1017400      9.88e-02      3.13e-03    2.9e-06
1017500      1.31e-01      4.16e-03    2.9e-06
1017600      1.39e-01      4.40e-03    2.9e-06
1017700      1.39e-01      4.40e-03    2.9e-06
1017800      1.24e-01      3.93e-03    2.9e-06
1017900      1.42e-01      4.49e-03    2.9e-06
1018000      1.40e-01      4.42e-03    2.9e-06
1018100      1.26e-01      3.99e-03    2.9e-06
1018200      1.34e-01      4.25e-03    2.9e-06
1018300      1.26e-01      3.98e-03    2.9e-06
1018400      1.46e-01      4.62e-03    2.9e-06
1018500      1.58e-01      5.00e-03    2.9e-06
1018600      1.23e-01      3.90e-03    2.9e-06
1018700      1.22e-01      3.85e-03    2.9e-06
1018800      1.49e-01      4.71e-03    2.9e-06
1018900      1.27e-01      4.01e-03    2.9e-06
1019000      1.43e-01      4.53e-03    2.9e-06
1019100      1.20e-01      3.79e-03    2.9e-06
1019200      1.32e-01      4.18e-03    2.9e-06
1019300      9.56e-02      3.02e-03    2.9e-06
1019400      9.90e-02      3.13e-03    2.9e-06
1019500      1.44e-01      4.55e-03    2.9e-06
1019600      1.15e-01      3.63e-03    2.9e-06
1019700      1.27e-01      4.02e-03    2.9e-06
1019800      1.39e-01      4.40e-03    2.9e-06
1019900      1.39e-01      4.41e-03    2.9e-06
1020000      1.17e-01      3.69e-03    2.8e-06
1020100      1.42e-01      4.49e-03    2.8e-06
1020200      1.22e-01      3.87e-03    2.8e-06
1020300      1.29e-01      4.08e-03    2.8e-06
1020400      1.57e-01      4.97e-03    2.8e-06
1020500      1.54e-01      4.89e-03    2.8e-06
1020600      1.30e-01      4.12e-03    2.8e-06
1020700      1.48e-01      4.69e-03    2.8e-06
1020800      1.42e-01      4.48e-03    2.8e-06
1020900      1.51e-01      4.77e-03    2.8e-06
1021000      1.27e-01      4.02e-03    2.8e-06
1021100      1.27e-01      4.02e-03    2.8e-06
1021200      1.37e-01      4.34e-03    2.8e-06
1021300      1.30e-01      4.10e-03    2.8e-06
1021400      1.34e-01      4.25e-03    2.8e-06
1021500      1.52e-01      4.82e-03    2.8e-06
1021600      1.22e-01      3.86e-03    2.8e-06
1021700      1.18e-01      3.72e-03    2.8e-06
1021800      1.48e-01      4.67e-03    2.8e-06
1021900      1.24e-01      3.93e-03    2.8e-06
1022000      1.35e-01      4.27e-03    2.8e-06
1022100      1.24e-01      3.93e-03    2.8e-06
1022200      1.31e-01      4.13e-03    2.8e-06
1022300      1.19e-01      3.77e-03    2.8e-06
1022400      1.31e-01      4.15e-03    2.8e-06
1022500      1.01e-01      3.20e-03    2.8e-06
1022600      1.53e-01      4.82e-03    2.8e-06
1022700      1.02e-01      3.22e-03    2.8e-06
1022800      1.44e-01      4.54e-03    2.8e-06
1022900      1.00e-01      3.16e-03    2.8e-06
1023000      1.10e-01      3.48e-03    2.8e-06
1023100      1.20e-01      3.79e-03    2.8e-06
1023200      1.14e-01      3.62e-03    2.8e-06
1023300      1.46e-01      4.63e-03    2.8e-06
1023400      1.46e-01      4.60e-03    2.8e-06
1023500      1.41e-01      4.44e-03    2.8e-06
1023600      1.42e-01      4.49e-03    2.8e-06
1023700      1.31e-01      4.14e-03    2.8e-06
1023800      1.33e-01      4.21e-03    2.8e-06
1023900      1.30e-01      4.10e-03    2.8e-06
1024000      1.44e-01      4.56e-03    2.8e-06
1024100      1.51e-01      4.76e-03    2.8e-06
1024200      1.44e-01      4.55e-03    2.8e-06
1024300      1.31e-01      4.15e-03    2.8e-06
1024400      1.42e-01      4.48e-03    2.8e-06
1024500      1.15e-01      3.62e-03    2.8e-06
1024600      1.21e-01      3.82e-03    2.8e-06
1024700      1.18e-01      3.73e-03    2.8e-06
1024800      1.12e-01      3.56e-03    2.8e-06
1024900      1.28e-01      4.06e-03    2.8e-06
1025000      1.25e-01      3.95e-03    2.7e-06
1025100      1.19e-01      3.77e-03    2.7e-06
1025200      1.44e-01      4.54e-03    2.7e-06
1025300      1.30e-01      4.12e-03    2.7e-06
1025400      1.50e-01      4.75e-03    2.7e-06
1025500      1.21e-01      3.82e-03    2.7e-06
1025600      1.45e-01      4.58e-03    2.7e-06
1025700      1.27e-01      4.01e-03    2.7e-06
1025800      1.41e-01      4.47e-03    2.7e-06
1025900      1.23e-01      3.90e-03    2.7e-06
1026000      1.47e-01      4.63e-03    2.7e-06
1026100      1.31e-01      4.16e-03    2.7e-06
1026200      1.49e-01      4.71e-03    2.7e-06
1026300      1.48e-01      4.68e-03    2.7e-06
1026400      1.06e-01      3.35e-03    2.7e-06
1026500      1.56e-01      4.94e-03    2.7e-06
1026600      1.44e-01      4.57e-03    2.7e-06
1026700      1.31e-01      4.15e-03    2.7e-06
1026800      1.44e-01      4.56e-03    2.7e-06
1026900      1.17e-01      3.71e-03    2.7e-06
1027000      1.63e-01      5.15e-03    2.7e-06
1027100      1.38e-01      4.35e-03    2.7e-06
1027200      1.13e-01      3.57e-03    2.7e-06
1027300      1.50e-01      4.73e-03    2.7e-06
1027400      1.17e-01      3.69e-03    2.7e-06
1027500      1.04e-01      3.29e-03    2.7e-06
1027600      1.42e-01      4.48e-03    2.7e-06
1027700      1.45e-01      4.59e-03    2.7e-06
1027800      1.22e-01      3.86e-03    2.7e-06
1027900      1.30e-01      4.10e-03    2.7e-06
1028000      1.24e-01      3.94e-03    2.7e-06
1028100      1.30e-01      4.10e-03    2.7e-06
1028200      1.32e-01      4.19e-03    2.7e-06
1028300      1.60e-01      5.06e-03    2.7e-06
1028400      1.51e-01      4.77e-03    2.7e-06
1028500      1.31e-01      4.14e-03    2.7e-06
1028600      1.38e-01      4.37e-03    2.7e-06
1028700      1.27e-01      4.01e-03    2.7e-06
1028800      1.42e-01      4.48e-03    2.7e-06
1028900      1.28e-01      4.06e-03    2.7e-06
1029000      1.05e-01      3.32e-03    2.7e-06
1029100      1.06e-01      3.36e-03    2.7e-06
1029200      1.26e-01      3.98e-03    2.7e-06
1029300      1.40e-01      4.42e-03    2.7e-06
1029400      1.48e-01      4.68e-03    2.7e-06
1029500      1.19e-01      3.76e-03    2.7e-06
1029600      1.47e-01      4.64e-03    2.7e-06
1029700      1.09e-01      3.44e-03    2.7e-06
1029800      1.17e-01      3.69e-03    2.7e-06
1029900      1.35e-01      4.26e-03    2.7e-06
1030000      1.41e-01      4.45e-03    2.7e-06
1030100      1.14e-01      3.60e-03    2.7e-06
1030200      1.04e-01      3.27e-03    2.7e-06
1030300      1.13e-01      3.59e-03    2.7e-06
1030400      1.46e-01      4.61e-03    2.7e-06
1030500      1.13e-01      3.58e-03    2.7e-06
1030600      1.28e-01      4.06e-03    2.7e-06
1030700      1.00e-01      3.17e-03    2.7e-06
1030800      1.42e-01      4.49e-03    2.7e-06
1030900      1.17e-01      3.70e-03    2.7e-06
1031000      1.46e-01      4.62e-03    2.7e-06
1031100      1.24e-01      3.92e-03    2.7e-06
1031200      1.30e-01      4.12e-03    2.7e-06
1031300      1.10e-01      3.48e-03    2.7e-06
1031400      1.20e-01      3.80e-03    2.7e-06
1031500      1.19e-01      3.76e-03    2.7e-06
1031600      1.40e-01      4.42e-03    2.7e-06
1031700      1.58e-01      5.00e-03    2.7e-06
1031800      1.10e-01      3.48e-03    2.7e-06
1031900      1.39e-01      4.41e-03    2.7e-06
1032000      1.24e-01      3.92e-03    2.7e-06
1032100      1.20e-01      3.79e-03    2.7e-06
1032200      1.12e-01      3.55e-03    2.7e-06
1032300      1.27e-01      4.01e-03    2.7e-06
1032400      1.01e-01      3.21e-03    2.7e-06
1032500      1.18e-01      3.72e-03    2.7e-06
1032600      1.37e-01      4.34e-03    2.7e-06
1032700      1.15e-01      3.62e-03    2.7e-06
1032800      1.29e-01      4.09e-03    2.7e-06
1032900      1.10e-01      3.49e-03    2.7e-06
1033000      1.14e-01      3.62e-03    2.7e-06
1033100      1.08e-01      3.42e-03    2.7e-06
1033200      1.15e-01      3.64e-03    2.7e-06
1033300      1.41e-01      4.47e-03    2.7e-06
1033400      1.32e-01      4.17e-03    2.7e-06
1033500      1.36e-01      4.29e-03    2.7e-06
1033600      1.36e-01      4.29e-03    2.7e-06
1033700      1.18e-01      3.73e-03    2.7e-06
1033800      1.13e-01      3.59e-03    2.7e-06
1033900      1.27e-01      4.03e-03    2.7e-06
1034000      1.37e-01      4.34e-03    2.7e-06
1034100      1.41e-01      4.47e-03    2.7e-06
1034200      1.15e-01      3.64e-03    2.7e-06
1034300      1.40e-01      4.44e-03    2.7e-06
1034400      1.41e-01      4.45e-03    2.7e-06
1034500      1.25e-01      3.95e-03    2.7e-06
1034600      1.43e-01      4.53e-03    2.7e-06
1034700      1.37e-01      4.32e-03    2.7e-06
1034800      1.47e-01      4.66e-03    2.7e-06
1034900      1.16e-01      3.67e-03    2.7e-06
1035000      1.03e-01      3.24e-03    2.6e-06
1035100      1.52e-01      4.80e-03    2.6e-06
1035200      1.35e-01      4.27e-03    2.6e-06
1035300      1.42e-01      4.48e-03    2.6e-06
1035400      1.38e-01      4.38e-03    2.6e-06
1035500      1.48e-01      4.67e-03    2.6e-06
1035600      1.51e-01      4.78e-03    2.6e-06
1035700      1.51e-01      4.76e-03    2.6e-06
1035800      1.45e-01      4.60e-03    2.6e-06
1035900      1.53e-01      4.83e-03    2.6e-06
1036000      1.34e-01      4.24e-03    2.6e-06
1036100      1.47e-01      4.65e-03    2.6e-06
1036200      1.49e-01      4.71e-03    2.6e-06
1036300      1.05e-01      3.31e-03    2.6e-06
1036400      1.34e-01      4.25e-03    2.6e-06
1036500      1.30e-01      4.10e-03    2.6e-06
1036600      1.24e-01      3.91e-03    2.6e-06
1036700      1.30e-01      4.13e-03    2.6e-06
1036800      1.35e-01      4.27e-03    2.6e-06
1036900      1.15e-01      3.64e-03    2.6e-06
1037000      1.38e-01      4.38e-03    2.6e-06
1037100      1.46e-01      4.62e-03    2.6e-06
1037200      1.12e-01      3.55e-03    2.6e-06
1037300      1.20e-01      3.78e-03    2.6e-06
1037400      1.23e-01      3.88e-03    2.6e-06
1037500      1.48e-01      4.67e-03    2.6e-06
1037600      1.39e-01      4.39e-03    2.6e-06
1037700      1.42e-01      4.49e-03    2.6e-06
1037800      1.42e-01      4.48e-03    2.6e-06
1037900      1.29e-01      4.07e-03    2.6e-06
1038000      1.51e-01      4.76e-03    2.6e-06
1038100      1.26e-01      3.98e-03    2.6e-06
1038200      1.34e-01      4.24e-03    2.6e-06
1038300      1.43e-01      4.52e-03    2.6e-06
1038400      1.04e-01      3.29e-03    2.6e-06
1038500      1.08e-01      3.41e-03    2.6e-06
1038600      1.18e-01      3.72e-03    2.6e-06
1038700      1.26e-01      4.00e-03    2.6e-06
1038800      1.50e-01      4.75e-03    2.6e-06
1038900      1.18e-01      3.74e-03    2.6e-06
1039000      1.03e-01      3.26e-03    2.6e-06
1039100      1.21e-01      3.82e-03    2.6e-06
1039200      1.17e-01      3.69e-03    2.6e-06
1039300      1.21e-01      3.82e-03    2.6e-06
1039400      1.29e-01      4.07e-03    2.6e-06
1039500      1.41e-01      4.46e-03    2.6e-06
1039600      1.26e-01      4.00e-03    2.6e-06
1039700      1.09e-01      3.44e-03    2.6e-06
1039800      1.17e-01      3.71e-03    2.6e-06
1039900      1.38e-01      4.37e-03    2.6e-06
1040000      1.28e-01      4.05e-03    2.5e-06
1040100      1.53e-01      4.83e-03    2.5e-06
1040200      1.46e-01      4.60e-03    2.5e-06
1040300      1.02e-01      3.24e-03    2.5e-06
1040400      1.03e-01      3.25e-03    2.5e-06
1040500      1.12e-01      3.53e-03    2.5e-06
1040600      1.48e-01      4.68e-03    2.5e-06
1040700      1.08e-01      3.40e-03    2.5e-06
1040800      1.43e-01      4.52e-03    2.5e-06
1040900      1.25e-01      3.95e-03    2.5e-06
1041000      1.34e-01      4.23e-03    2.5e-06
1041100      1.28e-01      4.04e-03    2.5e-06
1041200      1.64e-01      5.19e-03    2.5e-06
1041300      1.14e-01      3.60e-03    2.5e-06
1041400      1.34e-01      4.22e-03    2.5e-06
1041500      1.13e-01      3.59e-03    2.5e-06
1041600      1.28e-01      4.06e-03    2.5e-06
1041700      1.18e-01      3.74e-03    2.5e-06
1041800      1.46e-01      4.61e-03    2.5e-06
1041900      1.20e-01      3.79e-03    2.5e-06
1042000      1.41e-01      4.45e-03    2.5e-06
1042100      1.22e-01      3.87e-03    2.5e-06
1042200      1.25e-01      3.95e-03    2.5e-06
1042300      1.07e-01      3.38e-03    2.5e-06
1042400      1.38e-01      4.37e-03    2.5e-06
1042500      9.94e-02      3.14e-03    2.5e-06
1042600      1.30e-01      4.11e-03    2.5e-06
1042700      1.30e-01      4.10e-03    2.5e-06
1042800      1.51e-01      4.77e-03    2.5e-06
1042900      1.46e-01      4.60e-03    2.5e-06
1043000      1.26e-01      3.97e-03    2.5e-06
1043100      1.28e-01      4.04e-03    2.5e-06
1043200      1.44e-01      4.55e-03    2.5e-06
1043300      1.38e-01      4.36e-03    2.5e-06
1043400      1.20e-01      3.79e-03    2.5e-06
1043500      1.16e-01      3.68e-03    2.5e-06
1043600      1.50e-01      4.75e-03    2.5e-06
1043700      1.52e-01      4.79e-03    2.5e-06
1043800      1.38e-01      4.37e-03    2.5e-06
1043900      1.27e-01      4.03e-03    2.5e-06
1044000      1.37e-01      4.32e-03    2.5e-06
1044100      1.15e-01      3.63e-03    2.5e-06
1044200      1.32e-01      4.19e-03    2.5e-06
1044300      1.02e-01      3.22e-03    2.5e-06
1044400      1.35e-01      4.26e-03    2.5e-06
1044500      1.12e-01      3.53e-03    2.5e-06
1044600      1.52e-01      4.82e-03    2.5e-06
1044700      1.20e-01      3.81e-03    2.5e-06
1044800      1.35e-01      4.28e-03    2.5e-06
1044900      1.52e-01      4.80e-03    2.5e-06
1045000      1.44e-01      4.56e-03    2.4e-06
1045100      1.18e-01      3.74e-03    2.4e-06
1045200      1.51e-01      4.76e-03    2.4e-06
1045300      1.29e-01      4.09e-03    2.4e-06
1045400      1.42e-01      4.49e-03    2.4e-06
1045500      1.34e-01      4.24e-03    2.4e-06
1045600      1.07e-01      3.38e-03    2.4e-06
1045700      1.32e-01      4.17e-03    2.4e-06
1045800      1.33e-01      4.19e-03    2.4e-06
1045900      1.35e-01      4.27e-03    2.4e-06
1046000      1.28e-01      4.05e-03    2.4e-06
1046100      1.26e-01      3.98e-03    2.4e-06
1046200      1.23e-01      3.89e-03    2.4e-06
1046300      1.19e-01      3.77e-03    2.4e-06
1046400      1.34e-01      4.23e-03    2.4e-06
1046500      1.41e-01      4.47e-03    2.4e-06
1046600      1.36e-01      4.29e-03    2.4e-06
1046700      1.34e-01      4.24e-03    2.4e-06
1046800      1.25e-01      3.94e-03    2.4e-06
1046900      1.18e-01      3.74e-03    2.4e-06
1047000      1.38e-01      4.36e-03    2.4e-06
1047100      1.20e-01      3.78e-03    2.4e-06
1047200      1.10e-01      3.48e-03    2.4e-06
1047300      1.49e-01      4.70e-03    2.4e-06
1047400      1.09e-01      3.45e-03    2.4e-06
1047500      1.42e-01      4.48e-03    2.4e-06
1047600      1.24e-01      3.93e-03    2.4e-06
1047700      1.35e-01      4.26e-03    2.4e-06
1047800      1.50e-01      4.73e-03    2.4e-06
1047900      1.40e-01      4.43e-03    2.4e-06
1048000      1.14e-01      3.61e-03    2.4e-06
1048100      1.26e-01      3.97e-03    2.4e-06
1048200      1.35e-01      4.27e-03    2.4e-06
1048300      1.22e-01      3.87e-03    2.4e-06
1048400      1.47e-01      4.66e-03    2.4e-06
1048500      1.12e-01      3.53e-03    2.4e-06
1048600      1.02e-01      3.22e-03    2.4e-06
1048700      1.27e-01      4.00e-03    2.4e-06
1048800      1.13e-01      3.57e-03    2.4e-06
1048900      1.38e-01      4.37e-03    2.4e-06
1049000      1.29e-01      4.07e-03    2.4e-06
1049100      1.04e-01      3.28e-03    2.4e-06
1049200      1.47e-01      4.63e-03    2.4e-06
1049300      1.33e-01      4.22e-03    2.4e-06
1049400      1.16e-01      3.66e-03    2.4e-06
1049500      1.27e-01      4.01e-03    2.4e-06
1049600      1.21e-01      3.81e-03    2.4e-06
1049700      1.34e-01      4.24e-03    2.4e-06
1049800      1.47e-01      4.65e-03    2.4e-06
1049900      1.48e-01      4.68e-03    2.4e-06
1050000      1.56e-01      4.95e-03    2.4e-06
1050100      1.34e-01      4.24e-03    2.4e-06
1050200      1.32e-01      4.18e-03    2.4e-06
1050300      1.23e-01      3.90e-03    2.4e-06
1050400      1.35e-01      4.27e-03    2.4e-06
1050500      1.31e-01      4.15e-03    2.4e-06
1050600      1.16e-01      3.68e-03    2.4e-06
1050700      1.39e-01      4.41e-03    2.4e-06
1050800      1.42e-01      4.50e-03    2.4e-06
1050900      1.32e-01      4.18e-03    2.4e-06
1051000      1.30e-01      4.12e-03    2.4e-06
1051100      1.41e-01      4.46e-03    2.4e-06
1051200      1.18e-01      3.74e-03    2.4e-06
1051300      1.34e-01      4.25e-03    2.4e-06
1051400      9.42e-02      2.98e-03    2.4e-06
1051500      1.33e-01      4.21e-03    2.4e-06
1051600      1.49e-01      4.71e-03    2.4e-06
1051700      1.43e-01      4.52e-03    2.4e-06
1051800      1.33e-01      4.20e-03    2.4e-06
1051900      1.11e-01      3.51e-03    2.4e-06
1052000      1.37e-01      4.33e-03    2.4e-06
1052100      1.23e-01      3.90e-03    2.4e-06
1052200      1.38e-01      4.38e-03    2.4e-06
1052300      1.04e-01      3.29e-03    2.4e-06
1052400      1.43e-01      4.51e-03    2.4e-06
1052500      9.91e-02      3.13e-03    2.4e-06
1052600      1.49e-01      4.71e-03    2.4e-06
1052700      1.07e-01      3.39e-03    2.4e-06
1052800      1.54e-01      4.86e-03    2.4e-06
1052900      1.17e-01      3.69e-03    2.4e-06
1053000      1.04e-01      3.29e-03    2.4e-06
1053100      1.45e-01      4.59e-03    2.4e-06
1053200      1.24e-01      3.92e-03    2.4e-06
1053300      1.28e-01      4.05e-03    2.4e-06
1053400      1.61e-01      5.08e-03    2.4e-06
1053500      1.36e-01      4.29e-03    2.4e-06
1053600      1.40e-01      4.42e-03    2.4e-06
1053700      1.35e-01      4.27e-03    2.4e-06
1053800      1.40e-01      4.43e-03    2.4e-06
1053900      1.56e-01      4.95e-03    2.4e-06
1054000      1.45e-01      4.60e-03    2.4e-06
1054100      1.15e-01      3.63e-03    2.4e-06
1054200      1.27e-01      4.03e-03    2.4e-06
1054300      1.55e-01      4.90e-03    2.4e-06
1054400      1.22e-01      3.86e-03    2.4e-06
1054500      1.27e-01      4.02e-03    2.4e-06
1054600      1.19e-01      3.78e-03    2.4e-06
1054700      1.10e-01      3.48e-03    2.4e-06
1054800      1.15e-01      3.65e-03    2.4e-06
1054900      1.37e-01      4.34e-03    2.4e-06
1055000      1.27e-01      4.02e-03    2.3e-06
1055100      1.38e-01      4.37e-03    2.3e-06
1055200      1.09e-01      3.43e-03    2.3e-06
1055300      1.17e-01      3.70e-03    2.3e-06
1055400      1.33e-01      4.20e-03    2.3e-06
1055500      1.02e-01      3.24e-03    2.3e-06
1055600      1.32e-01      4.16e-03    2.3e-06
1055700      1.20e-01      3.80e-03    2.3e-06
1055800      1.11e-01      3.51e-03    2.3e-06
1055900      1.30e-01      4.11e-03    2.3e-06
1056000      1.27e-01      4.02e-03    2.3e-06
1056100      1.43e-01      4.53e-03    2.3e-06
1056200      1.36e-01      4.31e-03    2.3e-06
1056300      1.22e-01      3.87e-03    2.3e-06
1056400      1.10e-01      3.49e-03    2.3e-06
1056500      1.41e-01      4.46e-03    2.3e-06
1056600      1.04e-01      3.30e-03    2.3e-06
1056700      1.45e-01      4.59e-03    2.3e-06
1056800      1.47e-01      4.65e-03    2.3e-06
1056900      1.51e-01      4.78e-03    2.3e-06
1057000      1.02e-01      3.22e-03    2.3e-06
1057100      1.15e-01      3.64e-03    2.3e-06
1057200      1.40e-01      4.44e-03    2.3e-06
1057300      1.53e-01      4.85e-03    2.3e-06
1057400      1.12e-01      3.55e-03    2.3e-06
1057500      1.42e-01      4.49e-03    2.3e-06
1057600      1.25e-01      3.95e-03    2.3e-06
1057700      1.30e-01      4.11e-03    2.3e-06
1057800      1.08e-01      3.40e-03    2.3e-06
1057900      1.45e-01      4.57e-03    2.3e-06
1058000      1.18e-01      3.75e-03    2.3e-06
1058100      1.45e-01      4.60e-03    2.3e-06
1058200      1.48e-01      4.69e-03    2.3e-06
1058300      1.35e-01      4.27e-03    2.3e-06
1058400      1.09e-01      3.46e-03    2.3e-06
1058500      1.27e-01      4.03e-03    2.3e-06
1058600      1.08e-01      3.41e-03    2.3e-06
1058700      1.35e-01      4.26e-03    2.3e-06
1058800      1.27e-01      4.02e-03    2.3e-06
1058900      1.34e-01      4.23e-03    2.3e-06
1059000      1.47e-01      4.66e-03    2.3e-06
1059100      1.47e-01      4.66e-03    2.3e-06
1059200      1.34e-01      4.22e-03    2.3e-06
1059300      1.22e-01      3.86e-03    2.3e-06
1059400      1.32e-01      4.16e-03    2.3e-06
1059500      1.21e-01      3.82e-03    2.3e-06
1059600      1.29e-01      4.09e-03    2.3e-06
1059700      1.27e-01      4.03e-03    2.3e-06
1059800      1.07e-01      3.37e-03    2.3e-06
1059900      1.01e-01      3.19e-03    2.3e-06
1060000      1.22e-01      3.87e-03    2.2e-06
1060100      1.11e-01      3.51e-03    2.2e-06
1060200      1.32e-01      4.19e-03    2.2e-06
1060300      1.07e-01      3.38e-03    2.2e-06
1060400      1.22e-01      3.85e-03    2.2e-06
1060500      1.37e-01      4.35e-03    2.2e-06
1060600      1.42e-01      4.50e-03    2.2e-06
1060700      1.32e-01      4.16e-03    2.2e-06
1060800      1.16e-01      3.67e-03    2.2e-06
1060900      1.20e-01      3.79e-03    2.2e-06
1061000      1.47e-01      4.64e-03    2.2e-06
1061100      1.21e-01      3.82e-03    2.2e-06
1061200      1.40e-01      4.44e-03    2.2e-06
1061300      1.43e-01      4.52e-03    2.2e-06
1061400      1.36e-01      4.29e-03    2.2e-06
1061500      1.35e-01      4.27e-03    2.2e-06
1061600      1.27e-01      4.01e-03    2.2e-06
1061700      1.06e-01      3.34e-03    2.2e-06
1061800      1.22e-01      3.86e-03    2.2e-06
1061900      1.07e-01      3.37e-03    2.2e-06
1062000      1.20e-01      3.79e-03    2.2e-06
1062100      1.34e-01      4.23e-03    2.2e-06
1062200      1.20e-01      3.78e-03    2.2e-06
1062300      1.27e-01      4.00e-03    2.2e-06
1062400      1.09e-01      3.45e-03    2.2e-06
1062500      1.12e-01      3.55e-03    2.2e-06
1062600      1.15e-01      3.64e-03    2.2e-06
1062700      1.45e-01      4.58e-03    2.2e-06
1062800      9.58e-02      3.03e-03    2.2e-06
1062900      1.41e-01      4.46e-03    2.2e-06
1063000      1.25e-01      3.97e-03    2.2e-06
1063100      1.49e-01      4.71e-03    2.2e-06
1063200      1.36e-01      4.31e-03    2.2e-06
1063300      1.38e-01      4.37e-03    2.2e-06
1063400      1.17e-01      3.70e-03    2.2e-06
1063500      1.16e-01      3.68e-03    2.2e-06
1063600      1.30e-01      4.10e-03    2.2e-06
1063700      1.35e-01      4.27e-03    2.2e-06
1063800      1.18e-01      3.73e-03    2.2e-06
1063900      1.13e-01      3.56e-03    2.2e-06
1064000      1.10e-01      3.46e-03    2.2e-06
1064100      1.30e-01      4.13e-03    2.2e-06
1064200      1.31e-01      4.16e-03    2.2e-06
1064300      1.17e-01      3.69e-03    2.2e-06
1064400      1.47e-01      4.64e-03    2.2e-06
1064500      1.33e-01      4.21e-03    2.2e-06
1064600      1.27e-01      4.02e-03    2.2e-06
1064700      1.33e-01      4.21e-03    2.2e-06
1064800      9.91e-02      3.13e-03    2.2e-06
1064900      1.45e-01      4.59e-03    2.2e-06
1065000      1.03e-01      3.27e-03    2.2e-06
1065100      1.22e-01      3.85e-03    2.2e-06
1065200      1.57e-01      4.95e-03    2.2e-06
1065300      1.42e-01      4.50e-03    2.2e-06
1065400      1.19e-01      3.77e-03    2.2e-06
1065500      1.39e-01      4.38e-03    2.2e-06
1065600      1.54e-01      4.87e-03    2.2e-06
1065700      1.37e-01      4.33e-03    2.2e-06
1065800      1.42e-01      4.50e-03    2.2e-06
1065900      1.49e-01      4.72e-03    2.2e-06
1066000      1.34e-01      4.25e-03    2.2e-06
1066100      1.31e-01      4.14e-03    2.2e-06
1066200      1.31e-01      4.15e-03    2.2e-06
1066300      1.21e-01      3.84e-03    2.2e-06
1066400      1.27e-01      4.00e-03    2.2e-06
1066500      1.39e-01      4.40e-03    2.2e-06
1066600      9.43e-02      2.98e-03    2.2e-06
1066700      1.25e-01      3.95e-03    2.2e-06
1066800      1.20e-01      3.79e-03    2.2e-06
1066900      1.16e-01      3.66e-03    2.2e-06
1067000      1.15e-01      3.63e-03    2.2e-06
1067100      1.36e-01      4.29e-03    2.2e-06
1067200      1.38e-01      4.37e-03    2.2e-06
1067300      1.56e-01      4.93e-03    2.2e-06
1067400      1.16e-01      3.68e-03    2.2e-06
1067500      1.37e-01      4.35e-03    2.2e-06
1067600      1.41e-01      4.47e-03    2.2e-06
1067700      1.51e-01      4.78e-03    2.2e-06
1067800      1.44e-01      4.56e-03    2.2e-06
1067900      1.20e-01      3.80e-03    2.2e-06
1068000      1.18e-01      3.72e-03    2.2e-06
1068100      1.39e-01      4.39e-03    2.2e-06
1068200      1.48e-01      4.69e-03    2.2e-06
1068300      1.30e-01      4.11e-03    2.2e-06
1068400      1.23e-01      3.89e-03    2.2e-06
1068500      1.38e-01      4.37e-03    2.2e-06
1068600      1.04e-01      3.29e-03    2.2e-06
1068700      1.41e-01      4.47e-03    2.2e-06
1068800      1.43e-01      4.54e-03    2.2e-06
1068900      1.12e-01      3.53e-03    2.2e-06
1069000      1.29e-01      4.09e-03    2.2e-06
1069100      1.51e-01      4.76e-03    2.2e-06
1069200      1.46e-01      4.62e-03    2.2e-06
1069300      1.28e-01      4.04e-03    2.2e-06
1069400      1.31e-01      4.13e-03    2.2e-06
1069500      1.07e-01      3.37e-03    2.2e-06
1069600      1.32e-01      4.17e-03    2.2e-06
1069700      1.15e-01      3.63e-03    2.2e-06
1069800      1.13e-01      3.57e-03    2.2e-06
1069900      1.04e-01      3.28e-03    2.2e-06
1070000      1.42e-01      4.48e-03    2.1e-06
1070100      1.32e-01      4.18e-03    2.1e-06
1070200      1.26e-01      3.99e-03    2.1e-06
1070300      1.36e-01      4.30e-03    2.1e-06
1070400      1.18e-01      3.73e-03    2.1e-06
1070500      1.18e-01      3.73e-03    2.1e-06
1070600      1.10e-01      3.48e-03    2.1e-06
1070700      1.31e-01      4.14e-03    2.1e-06
1070800      1.52e-01      4.81e-03    2.1e-06
1070900      9.97e-02      3.15e-03    2.1e-06
1071000      1.44e-01      4.54e-03    2.1e-06
1071100      1.33e-01      4.22e-03    2.1e-06
1071200      1.41e-01      4.46e-03    2.1e-06
1071300      1.14e-01      3.62e-03    2.1e-06
1071400      1.51e-01      4.77e-03    2.1e-06
1071500      1.23e-01      3.90e-03    2.1e-06
1071600      1.25e-01      3.96e-03    2.1e-06
1071700      1.47e-01      4.66e-03    2.1e-06
1071800      1.53e-01      4.82e-03    2.1e-06
1071900      1.48e-01      4.68e-03    2.1e-06
1072000      1.38e-01      4.36e-03    2.1e-06
1072100      1.15e-01      3.65e-03    2.1e-06
1072200      1.54e-01      4.86e-03    2.1e-06
1072300      1.21e-01      3.84e-03    2.1e-06
1072400      1.48e-01      4.66e-03    2.1e-06
1072500      1.41e-01      4.47e-03    2.1e-06
1072600      1.24e-01      3.91e-03    2.1e-06
1072700      1.13e-01      3.57e-03    2.1e-06
1072800      1.34e-01      4.24e-03    2.1e-06
1072900      1.39e-01      4.40e-03    2.1e-06
1073000      1.50e-01      4.73e-03    2.1e-06
1073100      1.33e-01      4.20e-03    2.1e-06
1073200      1.42e-01      4.49e-03    2.1e-06
1073300      1.07e-01      3.37e-03    2.1e-06
1073400      1.04e-01      3.28e-03    2.1e-06
1073500      1.55e-01      4.91e-03    2.1e-06
1073600      1.47e-01      4.66e-03    2.1e-06
1073700      1.48e-01      4.67e-03    2.1e-06
1073800      1.09e-01      3.44e-03    2.1e-06
1073900      1.07e-01      3.39e-03    2.1e-06
1074000      1.19e-01      3.78e-03    2.1e-06
1074100      1.42e-01      4.49e-03    2.1e-06
1074200      1.36e-01      4.30e-03    2.1e-06
1074300      1.33e-01      4.21e-03    2.1e-06
1074400      1.27e-01      4.00e-03    2.1e-06
1074500      1.44e-01      4.55e-03    2.1e-06
1074600      1.54e-01      4.86e-03    2.1e-06
1074700      1.29e-01      4.07e-03    2.1e-06
1074800      1.35e-01      4.27e-03    2.1e-06
1074900      1.48e-01      4.67e-03    2.1e-06
1075000      1.43e-01      4.52e-03    2.1e-06
1075100      1.25e-01      3.97e-03    2.1e-06
1075200      1.19e-01      3.77e-03    2.1e-06
1075300      1.42e-01      4.50e-03    2.1e-06
1075400      1.02e-01      3.22e-03    2.1e-06
1075500      1.52e-01      4.79e-03    2.1e-06
1075600      1.20e-01      3.78e-03    2.1e-06
1075700      1.45e-01      4.58e-03    2.1e-06
1075800      1.42e-01      4.48e-03    2.1e-06
1075900      1.28e-01      4.04e-03    2.1e-06
1076000      1.03e-01      3.26e-03    2.1e-06
1076100      1.39e-01      4.40e-03    2.1e-06
1076200      1.42e-01      4.50e-03    2.1e-06
1076300      1.16e-01      3.67e-03    2.1e-06
1076400      1.15e-01      3.65e-03    2.1e-06
1076500      1.24e-01      3.92e-03    2.1e-06
1076600      1.13e-01      3.56e-03    2.1e-06
1076700      1.15e-01      3.64e-03    2.1e-06
1076800      1.38e-01      4.36e-03    2.1e-06
1076900      1.04e-01      3.30e-03    2.1e-06
1077000      1.43e-01      4.53e-03    2.1e-06
1077100      1.47e-01      4.65e-03    2.1e-06
1077200      1.40e-01      4.42e-03    2.1e-06
1077300      1.48e-01      4.70e-03    2.1e-06
1077400      1.34e-01      4.25e-03    2.1e-06
1077500      1.45e-01      4.58e-03    2.1e-06
1077600      1.23e-01      3.90e-03    2.1e-06
1077700      1.03e-01      3.26e-03    2.1e-06
1077800      1.65e-01      5.21e-03    2.1e-06
1077900      1.15e-01      3.64e-03    2.1e-06
1078000      1.42e-01      4.49e-03    2.1e-06
1078100      1.01e-01      3.21e-03    2.1e-06
1078200      1.36e-01      4.29e-03    2.1e-06
1078300      1.31e-01      4.15e-03    2.1e-06
1078400      1.26e-01      3.98e-03    2.1e-06
1078500      9.64e-02      3.05e-03    2.1e-06
1078600      1.57e-01      4.96e-03    2.1e-06
1078700      1.02e-01      3.22e-03    2.1e-06
1078800      1.45e-01      4.60e-03    2.1e-06
1078900      1.24e-01      3.91e-03    2.1e-06
1079000      1.22e-01      3.85e-03    2.1e-06
1079100      1.40e-01      4.44e-03    2.1e-06
1079200      1.14e-01      3.61e-03    2.1e-06
1079300      1.09e-01      3.44e-03    2.1e-06
1079400      1.11e-01      3.51e-03    2.1e-06
1079500      1.25e-01      3.96e-03    2.1e-06
1079600      1.67e-01      5.27e-03    2.1e-06
1079700      1.14e-01      3.60e-03    2.1e-06
1079800      1.20e-01      3.80e-03    2.1e-06
1079900      1.52e-01      4.81e-03    2.1e-06
1080000      1.36e-01      4.29e-03    2.0e-06
1080100      1.07e-01      3.38e-03    2.0e-06
1080200      1.02e-01      3.23e-03    2.0e-06
1080300      1.39e-01      4.39e-03    2.0e-06
1080400      1.37e-01      4.33e-03    2.0e-06
1080500      1.06e-01      3.34e-03    2.0e-06
1080600      1.33e-01      4.22e-03    2.0e-06
1080700      1.33e-01      4.20e-03    2.0e-06
1080800      1.45e-01      4.59e-03    2.0e-06
1080900      1.16e-01      3.67e-03    2.0e-06
1081000      1.32e-01      4.17e-03    2.0e-06
1081100      1.24e-01      3.92e-03    2.0e-06
1081200      1.32e-01      4.16e-03    2.0e-06
1081300      1.32e-01      4.18e-03    2.0e-06
1081400      1.01e-01      3.19e-03    2.0e-06
1081500      1.41e-01      4.45e-03    2.0e-06
1081600      1.37e-01      4.33e-03    2.0e-06
1081700      1.23e-01      3.88e-03    2.0e-06
1081800      1.42e-01      4.49e-03    2.0e-06
1081900      1.28e-01      4.05e-03    2.0e-06
1082000      1.15e-01      3.64e-03    2.0e-06
1082100      1.33e-01      4.20e-03    2.0e-06
1082200      1.53e-01      4.84e-03    2.0e-06
1082300      1.35e-01      4.27e-03    2.0e-06
1082400      1.28e-01      4.04e-03    2.0e-06
1082500      1.12e-01      3.54e-03    2.0e-06
1082600      1.43e-01      4.51e-03    2.0e-06
1082700      1.56e-01      4.93e-03    2.0e-06
1082800      1.41e-01      4.46e-03    2.0e-06
1082900      9.28e-02      2.93e-03    2.0e-06
1083000      1.11e-01      3.51e-03    2.0e-06
1083100      1.26e-01      3.99e-03    2.0e-06
1083200      1.23e-01      3.90e-03    2.0e-06
1083300      1.31e-01      4.14e-03    2.0e-06
1083400      1.44e-01      4.54e-03    2.0e-06
1083500      1.29e-01      4.08e-03    2.0e-06
1083600      1.53e-01      4.83e-03    2.0e-06
1083700      1.18e-01      3.73e-03    2.0e-06
1083800      1.15e-01      3.65e-03    2.0e-06
1083900      1.13e-01      3.57e-03    2.0e-06
1084000      1.40e-01      4.42e-03    2.0e-06
1084100      1.40e-01      4.43e-03    2.0e-06
1084200      1.39e-01      4.38e-03    2.0e-06
1084300      1.48e-01      4.69e-03    2.0e-06
1084400      1.44e-01      4.54e-03    2.0e-06
1084500      1.53e-01      4.84e-03    2.0e-06
1084600      1.25e-01      3.94e-03    2.0e-06
1084700      1.38e-01      4.37e-03    2.0e-06
1084800      1.39e-01      4.39e-03    2.0e-06
1084900      1.18e-01      3.72e-03    2.0e-06
1085000      1.16e-01      3.67e-03    1.9e-06
1085100      1.17e-01      3.69e-03    1.9e-06
1085200      1.36e-01      4.29e-03    1.9e-06
1085300      1.40e-01      4.43e-03    1.9e-06
1085400      1.48e-01      4.67e-03    1.9e-06
1085500      1.06e-01      3.36e-03    1.9e-06
1085600      1.51e-01      4.78e-03    1.9e-06
1085700      1.43e-01      4.52e-03    1.9e-06
1085800      1.42e-01      4.48e-03    1.9e-06
1085900      1.10e-01      3.48e-03    1.9e-06
1086000      1.22e-01      3.85e-03    1.9e-06
1086100      1.39e-01      4.40e-03    1.9e-06
1086200      1.09e-01      3.44e-03    1.9e-06
1086300      1.31e-01      4.16e-03    1.9e-06
1086400      1.37e-01      4.33e-03    1.9e-06
1086500      1.20e-01      3.81e-03    1.9e-06
1086600      1.38e-01      4.37e-03    1.9e-06
1086700      1.17e-01      3.69e-03    1.9e-06
1086800      1.07e-01      3.37e-03    1.9e-06
1086900      1.37e-01      4.34e-03    1.9e-06
1087000      1.15e-01      3.65e-03    1.9e-06
1087100      1.37e-01      4.32e-03    1.9e-06
1087200      1.45e-01      4.59e-03    1.9e-06
1087300      1.49e-01      4.72e-03    1.9e-06
1087400      1.11e-01      3.51e-03    1.9e-06
1087500      1.13e-01      3.56e-03    1.9e-06
1087600      1.29e-01      4.07e-03    1.9e-06
1087700      1.42e-01      4.48e-03    1.9e-06
1087800      1.17e-01      3.69e-03    1.9e-06
1087900      1.30e-01      4.12e-03    1.9e-06
1088000      1.23e-01      3.89e-03    1.9e-06
1088100      1.21e-01      3.82e-03    1.9e-06
1088200      1.49e-01      4.72e-03    1.9e-06
1088300      1.25e-01      3.94e-03    1.9e-06
1088400      9.99e-02      3.16e-03    1.9e-06
1088500      1.32e-01      4.17e-03    1.9e-06
1088600      1.24e-01      3.93e-03    1.9e-06
1088700      1.46e-01      4.63e-03    1.9e-06
1088800      1.43e-01      4.51e-03    1.9e-06
1088900      1.58e-01      5.00e-03    1.9e-06
1089000      1.07e-01      3.38e-03    1.9e-06
1089100      1.35e-01      4.28e-03    1.9e-06
1089200      1.42e-01      4.48e-03    1.9e-06
1089300      1.39e-01      4.39e-03    1.9e-06
1089400      1.14e-01      3.62e-03    1.9e-06
1089500      1.12e-01      3.54e-03    1.9e-06
1089600      1.16e-01      3.66e-03    1.9e-06
1089700      1.21e-01      3.83e-03    1.9e-06
1089800      1.18e-01      3.73e-03    1.9e-06
1089900      1.42e-01      4.48e-03    1.9e-06
1090000      1.40e-01      4.42e-03    1.9e-06
1090100      1.37e-01      4.32e-03    1.9e-06
1090200      1.32e-01      4.17e-03    1.9e-06
1090300      1.45e-01      4.58e-03    1.9e-06
1090400      1.46e-01      4.62e-03    1.9e-06
1090500      1.50e-01      4.75e-03    1.9e-06
1090600      1.52e-01      4.80e-03    1.9e-06
1090700      1.28e-01      4.06e-03    1.9e-06
1090800      1.68e-01      5.30e-03    1.9e-06
1090900      1.16e-01      3.67e-03    1.9e-06
1091000      1.20e-01      3.79e-03    1.9e-06
1091100      1.12e-01      3.54e-03    1.9e-06
1091200      1.37e-01      4.32e-03    1.9e-06
1091300      1.32e-01      4.18e-03    1.9e-06
1091400      1.15e-01      3.63e-03    1.9e-06
1091500      1.42e-01      4.49e-03    1.9e-06
1091600      1.24e-01      3.93e-03    1.9e-06
1091700      1.45e-01      4.59e-03    1.9e-06
1091800      1.37e-01      4.33e-03    1.9e-06
1091900      1.23e-01      3.89e-03    1.9e-06
1092000      1.01e-01      3.20e-03    1.9e-06
1092100      1.35e-01      4.27e-03    1.9e-06
1092200      1.38e-01      4.38e-03    1.9e-06
1092300      1.17e-01      3.71e-03    1.9e-06
1092400      1.22e-01      3.85e-03    1.9e-06
1092500      1.43e-01      4.52e-03    1.9e-06
1092600      9.87e-02      3.12e-03    1.9e-06
1092700      1.21e-01      3.84e-03    1.9e-06
1092800      1.16e-01      3.68e-03    1.9e-06
1092900      1.52e-01      4.79e-03    1.9e-06
1093000      1.19e-01      3.75e-03    1.9e-06
1093100      1.50e-01      4.75e-03    1.9e-06
1093200      1.19e-01      3.75e-03    1.9e-06
1093300      1.58e-01      5.00e-03    1.9e-06
1093400      1.51e-01      4.79e-03    1.9e-06
1093500      1.14e-01      3.59e-03    1.9e-06
1093600      1.34e-01      4.25e-03    1.9e-06
1093700      1.15e-01      3.64e-03    1.9e-06
1093800      1.36e-01      4.31e-03    1.9e-06
1093900      1.52e-01      4.82e-03    1.9e-06
1094000      1.21e-01      3.83e-03    1.9e-06
1094100      1.10e-01      3.47e-03    1.9e-06
1094200      1.22e-01      3.87e-03    1.9e-06
1094300      1.24e-01      3.93e-03    1.9e-06
1094400      1.37e-01      4.32e-03    1.9e-06
1094500      1.25e-01      3.95e-03    1.9e-06
1094600      1.42e-01      4.50e-03    1.9e-06
1094700      1.34e-01      4.25e-03    1.9e-06
1094800      1.15e-01      3.63e-03    1.9e-06
1094900      1.19e-01      3.75e-03    1.9e-06
1095000      1.20e-01      3.80e-03    1.8e-06
1095100      1.24e-01      3.91e-03    1.8e-06
1095200      1.05e-01      3.32e-03    1.8e-06
1095300      1.44e-01      4.54e-03    1.8e-06
1095400      1.37e-01      4.33e-03    1.8e-06
1095500      1.36e-01      4.29e-03    1.8e-06
1095600      1.20e-01      3.81e-03    1.8e-06
1095700      1.41e-01      4.45e-03    1.8e-06
1095800      1.57e-01      4.97e-03    1.8e-06
1095900      1.30e-01      4.12e-03    1.8e-06
1096000      1.12e-01      3.53e-03    1.8e-06
1096100      1.39e-01      4.40e-03    1.8e-06
1096200      1.37e-01      4.34e-03    1.8e-06
1096300      1.13e-01      3.56e-03    1.8e-06
1096400      1.03e-01      3.27e-03    1.8e-06
1096500      1.04e-01      3.30e-03    1.8e-06
1096600      1.33e-01      4.20e-03    1.8e-06
1096700      1.24e-01      3.92e-03    1.8e-06
1096800      1.12e-01      3.54e-03    1.8e-06
1096900      1.31e-01      4.13e-03    1.8e-06
1097000      1.45e-01      4.58e-03    1.8e-06
1097100      1.24e-01      3.92e-03    1.8e-06
1097200      1.20e-01      3.80e-03    1.8e-06
1097300      1.47e-01      4.64e-03    1.8e-06
1097400      1.49e-01      4.71e-03    1.8e-06
1097500      1.38e-01      4.37e-03    1.8e-06
1097600      1.52e-01      4.79e-03    1.8e-06
1097700      9.66e-02      3.05e-03    1.8e-06
1097800      1.19e-01      3.78e-03    1.8e-06
1097900      1.29e-01      4.08e-03    1.8e-06
1098000      1.33e-01      4.21e-03    1.8e-06
1098100      1.17e-01      3.71e-03    1.8e-06
1098200      1.31e-01      4.14e-03    1.8e-06
1098300      1.27e-01      4.01e-03    1.8e-06
1098400      1.10e-01      3.48e-03    1.8e-06
1098500      1.34e-01      4.23e-03    1.8e-06
1098600      1.29e-01      4.07e-03    1.8e-06
1098700      1.33e-01      4.21e-03    1.8e-06
1098800      1.32e-01      4.18e-03    1.8e-06
1098900      1.15e-01      3.64e-03    1.8e-06
1099000      1.47e-01      4.65e-03    1.8e-06
1099100      1.13e-01      3.59e-03    1.8e-06
1099200      1.20e-01      3.81e-03    1.8e-06
1099300      1.14e-01      3.59e-03    1.8e-06
1099400      1.17e-01      3.70e-03    1.8e-06
1099500      1.46e-01      4.61e-03    1.8e-06
1099600      1.22e-01      3.86e-03    1.8e-06
1099700      1.14e-01      3.59e-03    1.8e-06
1099800      1.50e-01      4.75e-03    1.8e-06
1099900      1.35e-01      4.28e-03    1.8e-06
1100000      1.23e-01      3.89e-03    1.8e-06
1100100      1.38e-01      4.38e-03    1.8e-06
1100200      1.34e-01      4.25e-03    1.8e-06
1100300      1.36e-01      4.30e-03    1.8e-06
1100400      1.48e-01      4.70e-03    1.8e-06
1100500      1.22e-01      3.87e-03    1.8e-06
1100600      1.37e-01      4.33e-03    1.8e-06
1100700      1.43e-01      4.53e-03    1.8e-06
1100800      1.12e-01      3.53e-03    1.8e-06
1100900      1.31e-01      4.14e-03    1.8e-06
1101000      1.35e-01      4.26e-03    1.8e-06
1101100      1.56e-01      4.95e-03    1.8e-06
1101200      1.21e-01      3.82e-03    1.8e-06
1101300      1.35e-01      4.27e-03    1.8e-06
1101400      1.50e-01      4.74e-03    1.8e-06
1101500      1.34e-01      4.24e-03    1.8e-06
1101600      1.40e-01      4.41e-03    1.8e-06
1101700      1.24e-01      3.94e-03    1.8e-06
1101800      1.10e-01      3.47e-03    1.8e-06
1101900      1.05e-01      3.33e-03    1.8e-06
1102000      1.15e-01      3.65e-03    1.8e-06
1102100      1.47e-01      4.65e-03    1.8e-06
1102200      1.44e-01      4.55e-03    1.8e-06
1102300      1.36e-01      4.31e-03    1.8e-06
1102400      1.38e-01      4.35e-03    1.8e-06
1102500      1.09e-01      3.45e-03    1.8e-06
1102600      1.43e-01      4.52e-03    1.8e-06
1102700      1.37e-01      4.34e-03    1.8e-06
1102800      1.47e-01      4.66e-03    1.8e-06
1102900      1.26e-01      3.97e-03    1.8e-06
1103000      1.32e-01      4.18e-03    1.8e-06
1103100      1.35e-01      4.26e-03    1.8e-06
1103200      1.48e-01      4.69e-03    1.8e-06
1103300      1.08e-01      3.41e-03    1.8e-06
1103400      1.21e-01      3.81e-03    1.8e-06
1103500      1.33e-01      4.20e-03    1.8e-06
1103600      1.50e-01      4.74e-03    1.8e-06
1103700      1.14e-01      3.60e-03    1.8e-06
1103800      1.39e-01      4.41e-03    1.8e-06
1103900      1.29e-01      4.09e-03    1.8e-06
1104000      1.11e-01      3.50e-03    1.8e-06
1104100      1.51e-01      4.77e-03    1.8e-06
1104200      1.45e-01      4.58e-03    1.8e-06
1104300      1.44e-01      4.56e-03    1.8e-06
1104400      1.47e-01      4.65e-03    1.8e-06
1104500      1.45e-01      4.60e-03    1.8e-06
1104600      1.20e-01      3.81e-03    1.8e-06
1104700      1.41e-01      4.47e-03    1.8e-06
1104800      1.13e-01      3.59e-03    1.8e-06
1104900      1.45e-01      4.57e-03    1.8e-06
1105000      1.30e-01      4.12e-03    1.7e-06
1105100      1.33e-01      4.21e-03    1.7e-06
1105200      1.44e-01      4.56e-03    1.7e-06
1105300      1.20e-01      3.80e-03    1.7e-06
1105400      1.42e-01      4.48e-03    1.7e-06
1105500      1.43e-01      4.53e-03    1.7e-06
1105600      1.42e-01      4.48e-03    1.7e-06
1105700      1.28e-01      4.05e-03    1.7e-06
1105800      1.45e-01      4.59e-03    1.7e-06
1105900      1.36e-01      4.29e-03    1.7e-06
1106000      1.15e-01      3.63e-03    1.7e-06
1106100      1.20e-01      3.80e-03    1.7e-06
1106200      1.24e-01      3.92e-03    1.7e-06
1106300      1.42e-01      4.49e-03    1.7e-06
1106400      1.38e-01      4.38e-03    1.7e-06
1106500      1.30e-01      4.11e-03    1.7e-06
1106600      1.26e-01      3.98e-03    1.7e-06
1106700      1.37e-01      4.35e-03    1.7e-06
1106800      1.37e-01      4.33e-03    1.7e-06
1106900      1.15e-01      3.63e-03    1.7e-06
1107000      1.39e-01      4.38e-03    1.7e-06
1107100      1.28e-01      4.03e-03    1.7e-06
1107200      1.31e-01      4.15e-03    1.7e-06
1107300      1.26e-01      3.98e-03    1.7e-06
1107400      1.51e-01      4.79e-03    1.7e-06
1107500      1.16e-01      3.65e-03    1.7e-06
1107600      1.32e-01      4.16e-03    1.7e-06
1107700      1.16e-01      3.66e-03    1.7e-06
1107800      1.32e-01      4.17e-03    1.7e-06
1107900      1.13e-01      3.56e-03    1.7e-06
1108000      1.28e-01      4.05e-03    1.7e-06
1108100      1.42e-01      4.48e-03    1.7e-06
1108200      1.48e-01      4.66e-03    1.7e-06
1108300      1.03e-01      3.27e-03    1.7e-06
1108400      1.05e-01      3.33e-03    1.7e-06
1108500      1.31e-01      4.15e-03    1.7e-06
1108600      1.53e-01      4.83e-03    1.7e-06
1108700      1.28e-01      4.04e-03    1.7e-06
1108800      1.20e-01      3.80e-03    1.7e-06
1108900      1.36e-01      4.31e-03    1.7e-06
1109000      1.22e-01      3.86e-03    1.7e-06
1109100      1.25e-01      3.94e-03    1.7e-06
1109200      1.22e-01      3.85e-03    1.7e-06
1109300      1.32e-01      4.17e-03    1.7e-06
1109400      1.22e-01      3.85e-03    1.7e-06
1109500      1.50e-01      4.74e-03    1.7e-06
1109600      1.10e-01      3.48e-03    1.7e-06
1109700      1.32e-01      4.16e-03    1.7e-06
1109800      1.11e-01      3.51e-03    1.7e-06
1109900      1.40e-01      4.44e-03    1.7e-06
1110000      1.32e-01      4.17e-03    1.7e-06
1110100      1.28e-01      4.06e-03    1.7e-06
1110200      1.56e-01      4.94e-03    1.7e-06
1110300      1.32e-01      4.19e-03    1.7e-06
1110400      1.09e-01      3.44e-03    1.7e-06
1110500      1.61e-01      5.09e-03    1.7e-06
1110600      1.37e-01      4.34e-03    1.7e-06
1110700      1.20e-01      3.80e-03    1.7e-06
1110800      1.50e-01      4.74e-03    1.7e-06
1110900      1.29e-01      4.07e-03    1.7e-06
1111000      1.30e-01      4.12e-03    1.7e-06
1111100      1.40e-01      4.43e-03    1.7e-06
1111200      1.34e-01      4.23e-03    1.7e-06
1111300      1.15e-01      3.63e-03    1.7e-06
1111400      1.29e-01      4.08e-03    1.7e-06
1111500      1.37e-01      4.33e-03    1.7e-06
1111600      1.15e-01      3.64e-03    1.7e-06
1111700      1.57e-01      4.96e-03    1.7e-06
1111800      1.26e-01      3.98e-03    1.7e-06
1111900      1.22e-01      3.86e-03    1.7e-06
1112000      1.57e-01      4.97e-03    1.7e-06
1112100      1.46e-01      4.62e-03    1.7e-06
1112200      1.37e-01      4.32e-03    1.7e-06
1112300      1.05e-01      3.32e-03    1.7e-06
1112400      1.10e-01      3.47e-03    1.7e-06
1112500      1.50e-01      4.73e-03    1.7e-06
1112600      1.38e-01      4.36e-03    1.7e-06
1112700      1.58e-01      5.00e-03    1.7e-06
1112800      1.07e-01      3.40e-03    1.7e-06
1112900      1.45e-01      4.59e-03    1.7e-06
1113000      1.36e-01      4.29e-03    1.7e-06
1113100      1.48e-01      4.69e-03    1.7e-06
1113200      1.45e-01      4.58e-03    1.7e-06
1113300      1.47e-01      4.66e-03    1.7e-06
1113400      1.33e-01      4.19e-03    1.7e-06
1113500      1.63e-01      5.14e-03    1.7e-06
1113600      1.35e-01      4.26e-03    1.7e-06
1113700      1.38e-01      4.36e-03    1.7e-06
1113800      1.44e-01      4.56e-03    1.7e-06
1113900      1.26e-01      3.97e-03    1.7e-06
1114000      1.50e-01      4.75e-03    1.7e-06
1114100      1.06e-01      3.34e-03    1.7e-06
1114200      1.40e-01      4.43e-03    1.7e-06
1114300      1.27e-01      4.02e-03    1.7e-06
1114400      1.43e-01      4.52e-03    1.7e-06
1114500      1.14e-01      3.60e-03    1.7e-06
1114600      1.08e-01      3.43e-03    1.7e-06
1114700      1.30e-01      4.12e-03    1.7e-06
1114800      1.51e-01      4.77e-03    1.7e-06
1114900      1.07e-01      3.39e-03    1.7e-06
1115000      1.39e-01      4.41e-03    1.6e-06
1115100      1.14e-01      3.61e-03    1.6e-06
1115200      1.38e-01      4.38e-03    1.6e-06
1115300      1.03e-01      3.27e-03    1.6e-06
1115400      1.37e-01      4.33e-03    1.6e-06
1115500      9.97e-02      3.15e-03    1.6e-06
1115600      1.17e-01      3.70e-03    1.6e-06
1115700      1.12e-01      3.54e-03    1.6e-06
1115800      1.17e-01      3.69e-03    1.6e-06
1115900      1.53e-01      4.85e-03    1.6e-06
1116000      1.36e-01      4.30e-03    1.6e-06
1116100      1.32e-01      4.17e-03    1.6e-06
1116200      1.17e-01      3.71e-03    1.6e-06
1116300      1.30e-01      4.11e-03    1.6e-06
1116400      1.32e-01      4.16e-03    1.6e-06
1116500      1.15e-01      3.63e-03    1.6e-06
1116600      1.13e-01      3.58e-03    1.6e-06
1116700      1.27e-01      4.02e-03    1.6e-06
1116800      1.33e-01      4.19e-03    1.6e-06
1116900      1.37e-01      4.34e-03    1.6e-06
1117000      1.34e-01      4.24e-03    1.6e-06
1117100      1.05e-01      3.31e-03    1.6e-06
1117200      1.21e-01      3.84e-03    1.6e-06
1117300      1.17e-01      3.69e-03    1.6e-06
1117400      1.33e-01      4.20e-03    1.6e-06
1117500      9.28e-02      2.93e-03    1.6e-06
1117600      1.28e-01      4.04e-03    1.6e-06
1117700      1.29e-01      4.07e-03    1.6e-06
1117800      1.05e-01      3.31e-03    1.6e-06
1117900      1.24e-01      3.93e-03    1.6e-06
1118000      1.16e-01      3.66e-03    1.6e-06
1118100      1.53e-01      4.84e-03    1.6e-06
1118200      1.19e-01      3.78e-03    1.6e-06
1118300      1.52e-01      4.81e-03    1.6e-06
1118400      1.46e-01      4.63e-03    1.6e-06
1118500      1.49e-01      4.72e-03    1.6e-06
1118600      1.49e-01      4.70e-03    1.6e-06
1118700      1.47e-01      4.66e-03    1.6e-06
1118800      1.13e-01      3.57e-03    1.6e-06
1118900      1.16e-01      3.67e-03    1.6e-06
1119000      1.39e-01      4.40e-03    1.6e-06
1119100      1.26e-01      3.97e-03    1.6e-06
1119200      1.16e-01      3.66e-03    1.6e-06
1119300      1.11e-01      3.51e-03    1.6e-06
1119400      1.35e-01      4.27e-03    1.6e-06
1119500      1.49e-01      4.70e-03    1.6e-06
1119600      1.10e-01      3.49e-03    1.6e-06
1119700      9.90e-02      3.13e-03    1.6e-06
1119800      1.41e-01      4.45e-03    1.6e-06
1119900      1.31e-01      4.14e-03    1.6e-06
1120000      1.51e-01      4.76e-03    1.6e-06
1120100      1.67e-01      5.30e-03    1.6e-06
1120200      1.09e-01      3.44e-03    1.6e-06
1120300      1.28e-01      4.06e-03    1.6e-06
1120400      1.30e-01      4.11e-03    1.6e-06
1120500      1.15e-01      3.63e-03    1.6e-06
1120600      1.33e-01      4.21e-03    1.6e-06
1120700      1.20e-01      3.81e-03    1.6e-06
1120800      1.23e-01      3.89e-03    1.6e-06
1120900      1.46e-01      4.62e-03    1.6e-06
1121000      1.31e-01      4.15e-03    1.6e-06
1121100      1.22e-01      3.87e-03    1.6e-06
1121200      1.50e-01      4.74e-03    1.6e-06
1121300      1.10e-01      3.49e-03    1.6e-06
1121400      1.16e-01      3.68e-03    1.6e-06
1121500      1.15e-01      3.64e-03    1.6e-06
1121600      1.44e-01      4.56e-03    1.6e-06
1121700      1.26e-01      3.99e-03    1.6e-06
1121800      1.16e-01      3.67e-03    1.6e-06
1121900      1.48e-01      4.69e-03    1.6e-06
1122000      1.33e-01      4.20e-03    1.6e-06
1122100      1.02e-01      3.21e-03    1.6e-06
1122200      1.25e-01      3.96e-03    1.6e-06
1122300      1.45e-01      4.58e-03    1.6e-06
1122400      1.12e-01      3.56e-03    1.6e-06
1122500      1.07e-01      3.38e-03    1.6e-06
1122600      1.43e-01      4.53e-03    1.6e-06
1122700      1.22e-01      3.87e-03    1.6e-06
1122800      1.48e-01      4.69e-03    1.6e-06
1122900      1.14e-01      3.59e-03    1.6e-06
1123000      1.20e-01      3.78e-03    1.6e-06
1123100      1.21e-01      3.82e-03    1.6e-06
1123200      1.05e-01      3.32e-03    1.6e-06
1123300      1.40e-01      4.44e-03    1.6e-06
1123400      1.35e-01      4.26e-03    1.6e-06
1123500      1.14e-01      3.61e-03    1.6e-06
1123600      1.20e-01      3.80e-03    1.6e-06
1123700      1.26e-01      3.97e-03    1.6e-06
1123800      1.27e-01      4.01e-03    1.6e-06
1123900      1.28e-01      4.04e-03    1.6e-06
1124000      1.37e-01      4.34e-03    1.6e-06
1124100      1.45e-01      4.59e-03    1.6e-06
1124200      1.33e-01      4.21e-03    1.6e-06
1124300      1.29e-01      4.08e-03    1.6e-06
1124400      1.18e-01      3.74e-03    1.6e-06
1124500      1.23e-01      3.89e-03    1.6e-06
1124600      1.36e-01      4.29e-03    1.6e-06
1124700      1.63e-01      5.14e-03    1.6e-06
1124800      1.22e-01      3.86e-03    1.6e-06
1124900      1.36e-01      4.30e-03    1.6e-06
1125000      1.41e-01      4.45e-03    1.5e-06
1125100      1.28e-01      4.06e-03    1.5e-06
1125200      1.26e-01      3.98e-03    1.5e-06
1125300      1.03e-01      3.25e-03    1.5e-06
1125400      1.35e-01      4.27e-03    1.5e-06
1125500      1.20e-01      3.80e-03    1.5e-06
1125600      1.32e-01      4.16e-03    1.5e-06
1125700      1.11e-01      3.51e-03    1.5e-06
1125800      1.39e-01      4.39e-03    1.5e-06
1125900      1.31e-01      4.15e-03    1.5e-06
1126000      1.16e-01      3.67e-03    1.5e-06
1126100      1.49e-01      4.70e-03    1.5e-06
1126200      1.50e-01      4.74e-03    1.5e-06
1126300      1.46e-01      4.63e-03    1.5e-06
1126400      1.32e-01      4.16e-03    1.5e-06
1126500      1.37e-01      4.33e-03    1.5e-06
1126600      1.14e-01      3.62e-03    1.5e-06
1126700      1.44e-01      4.54e-03    1.5e-06
1126800      1.16e-01      3.68e-03    1.5e-06
1126900      1.26e-01      3.99e-03    1.5e-06
1127000      1.43e-01      4.51e-03    1.5e-06
1127100      1.39e-01      4.39e-03    1.5e-06
1127200      1.40e-01      4.43e-03    1.5e-06
1127300      1.28e-01      4.04e-03    1.5e-06
1127400      1.48e-01      4.68e-03    1.5e-06
1127500      1.43e-01      4.51e-03    1.5e-06
1127600      1.37e-01      4.33e-03    1.5e-06
1127700      1.29e-01      4.08e-03    1.5e-06
1127800      1.06e-01      3.37e-03    1.5e-06
1127900      1.29e-01      4.07e-03    1.5e-06
1128000      1.32e-01      4.17e-03    1.5e-06
1128100      1.39e-01      4.40e-03    1.5e-06
1128200      1.23e-01      3.90e-03    1.5e-06
1128300      1.19e-01      3.78e-03    1.5e-06
1128400      1.48e-01      4.68e-03    1.5e-06
1128500      1.22e-01      3.86e-03    1.5e-06
1128600      9.68e-02      3.06e-03    1.5e-06
1128700      1.37e-01      4.32e-03    1.5e-06
1128800      1.39e-01      4.39e-03    1.5e-06
1128900      1.56e-01      4.94e-03    1.5e-06
1129000      1.00e-01      3.17e-03    1.5e-06
1129100      1.46e-01      4.60e-03    1.5e-06
1129200      1.40e-01      4.44e-03    1.5e-06
1129300      1.54e-01      4.86e-03    1.5e-06
1129400      1.49e-01      4.70e-03    1.5e-06
1129500      1.31e-01      4.14e-03    1.5e-06
1129600      1.33e-01      4.21e-03    1.5e-06
1129700      1.44e-01      4.56e-03    1.5e-06
1129800      1.49e-01      4.70e-03    1.5e-06
1129900      1.14e-01      3.61e-03    1.5e-06
1130000      1.37e-01      4.33e-03    1.5e-06
1130100      1.40e-01      4.42e-03    1.5e-06
1130200      1.22e-01      3.86e-03    1.5e-06
1130300      1.46e-01      4.61e-03    1.5e-06
1130400      1.38e-01      4.37e-03    1.5e-06
1130500      1.14e-01      3.62e-03    1.5e-06
1130600      1.39e-01      4.39e-03    1.5e-06
1130700      1.45e-01      4.59e-03    1.5e-06
1130800      1.35e-01      4.26e-03    1.5e-06
1130900      1.28e-01      4.04e-03    1.5e-06
1131000      1.17e-01      3.71e-03    1.5e-06
1131100      1.45e-01      4.58e-03    1.5e-06
1131200      1.47e-01      4.66e-03    1.5e-06
1131300      1.50e-01      4.76e-03    1.5e-06
1131400      1.44e-01      4.55e-03    1.5e-06
1131500      1.32e-01      4.18e-03    1.5e-06
1131600      1.10e-01      3.47e-03    1.5e-06
1131700      1.33e-01      4.20e-03    1.5e-06
1131800      9.88e-02      3.12e-03    1.5e-06
1131900      1.18e-01      3.73e-03    1.5e-06
1132000      1.43e-01      4.51e-03    1.5e-06
1132100      1.54e-01      4.86e-03    1.5e-06
1132200      1.38e-01      4.37e-03    1.5e-06
1132300      1.29e-01      4.09e-03    1.5e-06
1132400      1.38e-01      4.38e-03    1.5e-06
1132500      1.21e-01      3.84e-03    1.5e-06
1132600      1.32e-01      4.18e-03    1.5e-06
1132700      1.46e-01      4.62e-03    1.5e-06
1132800      1.17e-01      3.70e-03    1.5e-06
1132900      1.37e-01      4.33e-03    1.5e-06
1133000      1.36e-01      4.30e-03    1.5e-06
1133100      1.22e-01      3.86e-03    1.5e-06
1133200      1.20e-01      3.80e-03    1.5e-06
1133300      1.13e-01      3.58e-03    1.5e-06
1133400      1.18e-01      3.73e-03    1.5e-06
1133500      1.07e-01      3.37e-03    1.5e-06
1133600      1.44e-01      4.56e-03    1.5e-06
1133700      1.14e-01      3.61e-03    1.5e-06
1133800      1.51e-01      4.76e-03    1.5e-06
1133900      1.14e-01      3.61e-03    1.5e-06
1134000      1.32e-01      4.17e-03    1.5e-06
1134100      1.11e-01      3.51e-03    1.5e-06
1134200      1.52e-01      4.79e-03    1.5e-06
1134300      1.28e-01      4.05e-03    1.5e-06
1134400      1.16e-01      3.67e-03    1.5e-06
1134500      1.55e-01      4.91e-03    1.5e-06
1134600      1.18e-01      3.73e-03    1.5e-06
1134700      1.29e-01      4.08e-03    1.5e-06
1134800      1.30e-01      4.11e-03    1.5e-06
1134900      1.37e-01      4.33e-03    1.5e-06
1135000      1.26e-01      3.97e-03    1.5e-06
1135100      1.01e-01      3.19e-03    1.5e-06
1135200      1.38e-01      4.37e-03    1.5e-06
1135300      1.49e-01      4.71e-03    1.5e-06
1135400      1.13e-01      3.56e-03    1.5e-06
1135500      1.36e-01      4.31e-03    1.5e-06
1135600      1.42e-01      4.49e-03    1.5e-06
1135700      1.47e-01      4.66e-03    1.5e-06
1135800      1.34e-01      4.24e-03    1.5e-06
1135900      1.26e-01      3.98e-03    1.5e-06
1136000      1.41e-01      4.45e-03    1.5e-06
1136100      1.40e-01      4.42e-03    1.5e-06
1136200      1.09e-01      3.46e-03    1.5e-06
1136300      1.30e-01      4.12e-03    1.5e-06
1136400      1.26e-01      4.00e-03    1.5e-06
1136500      1.37e-01      4.33e-03    1.5e-06
1136600      1.35e-01      4.26e-03    1.5e-06
1136700      1.01e-01      3.21e-03    1.5e-06
1136800      1.34e-01      4.23e-03    1.5e-06
1136900      1.34e-01      4.23e-03    1.5e-06
1137000      1.15e-01      3.63e-03    1.5e-06
1137100      1.22e-01      3.87e-03    1.5e-06
1137200      1.34e-01      4.23e-03    1.5e-06
1137300      1.49e-01      4.72e-03    1.5e-06
1137400      1.34e-01      4.23e-03    1.5e-06
1137500      1.03e-01      3.24e-03    1.5e-06
1137600      1.42e-01      4.48e-03    1.5e-06
1137700      1.36e-01      4.29e-03    1.5e-06
1137800      1.35e-01      4.25e-03    1.5e-06
1137900      1.43e-01      4.51e-03    1.5e-06
1138000      1.24e-01      3.92e-03    1.5e-06
1138100      1.45e-01      4.59e-03    1.5e-06
1138200      1.30e-01      4.11e-03    1.5e-06
1138300      1.23e-01      3.89e-03    1.5e-06
1138400      1.06e-01      3.36e-03    1.5e-06
1138500      1.16e-01      3.67e-03    1.5e-06
1138600      1.16e-01      3.67e-03    1.5e-06
1138700      1.32e-01      4.18e-03    1.5e-06
1138800      1.32e-01      4.18e-03    1.5e-06
1138900      1.30e-01      4.11e-03    1.5e-06
1139000      1.46e-01      4.62e-03    1.5e-06
1139100      1.15e-01      3.65e-03    1.5e-06
1139200      1.47e-01      4.65e-03    1.5e-06
1139300      1.04e-01      3.30e-03    1.5e-06
1139400      1.20e-01      3.78e-03    1.5e-06
1139500      1.10e-01      3.49e-03    1.5e-06
1139600      1.05e-01      3.32e-03    1.5e-06
1139700      1.09e-01      3.44e-03    1.5e-06
1139800      1.17e-01      3.70e-03    1.5e-06
1139900      1.45e-01      4.58e-03    1.5e-06
1140000      1.38e-01      4.35e-03    1.4e-06
1140100      1.43e-01      4.51e-03    1.4e-06
1140200      1.28e-01      4.05e-03    1.4e-06
1140300      1.47e-01      4.64e-03    1.4e-06
1140400      1.15e-01      3.65e-03    1.4e-06
1140500      1.47e-01      4.64e-03    1.4e-06
1140600      1.16e-01      3.67e-03    1.4e-06
1140700      1.53e-01      4.83e-03    1.4e-06
1140800      1.43e-01      4.53e-03    1.4e-06
1140900      1.56e-01      4.92e-03    1.4e-06
1141000      1.16e-01      3.67e-03    1.4e-06
1141100      1.51e-01      4.77e-03    1.4e-06
1141200      1.45e-01      4.58e-03    1.4e-06
1141300      1.32e-01      4.18e-03    1.4e-06
1141400      1.22e-01      3.86e-03    1.4e-06
1141500      1.33e-01      4.21e-03    1.4e-06
1141600      1.20e-01      3.81e-03    1.4e-06
1141700      1.12e-01      3.54e-03    1.4e-06
1141800      1.39e-01      4.38e-03    1.4e-06
1141900      1.40e-01      4.43e-03    1.4e-06
1142000      1.21e-01      3.84e-03    1.4e-06
1142100      1.46e-01      4.60e-03    1.4e-06
1142200      1.48e-01      4.68e-03    1.4e-06
1142300      1.50e-01      4.76e-03    1.4e-06
1142400      1.33e-01      4.21e-03    1.4e-06
1142500      1.12e-01      3.53e-03    1.4e-06
1142600      1.24e-01      3.92e-03    1.4e-06
1142700      1.19e-01      3.77e-03    1.4e-06
1142800      1.40e-01      4.42e-03    1.4e-06
1142900      1.04e-01      3.30e-03    1.4e-06
1143000      1.17e-01      3.69e-03    1.4e-06
1143100      1.15e-01      3.65e-03    1.4e-06
1143200      1.39e-01      4.38e-03    1.4e-06
1143300      1.13e-01      3.57e-03    1.4e-06
1143400      1.27e-01      4.01e-03    1.4e-06
1143500      1.49e-01      4.71e-03    1.4e-06
1143600      1.35e-01      4.27e-03    1.4e-06
1143700      1.19e-01      3.75e-03    1.4e-06
1143800      1.13e-01      3.59e-03    1.4e-06
1143900      1.09e-01      3.45e-03    1.4e-06
1144000      1.16e-01      3.66e-03    1.4e-06
1144100      1.20e-01      3.80e-03    1.4e-06
1144200      1.30e-01      4.11e-03    1.4e-06
1144300      1.22e-01      3.85e-03    1.4e-06
1144400      1.58e-01      5.01e-03    1.4e-06
1144500      1.32e-01      4.19e-03    1.4e-06
1144600      1.67e-01      5.29e-03    1.4e-06
1144700      9.67e-02      3.06e-03    1.4e-06
1144800      1.28e-01      4.04e-03    1.4e-06
1144900      1.36e-01      4.31e-03    1.4e-06
1145000      1.25e-01      3.95e-03    1.4e-06
1145100      1.31e-01      4.15e-03    1.4e-06
1145200      1.33e-01      4.21e-03    1.4e-06
1145300      1.15e-01      3.64e-03    1.4e-06
1145400      1.45e-01      4.57e-03    1.4e-06
1145500      1.44e-01      4.56e-03    1.4e-06
1145600      1.45e-01      4.60e-03    1.4e-06
1145700      1.20e-01      3.78e-03    1.4e-06
1145800      1.38e-01      4.37e-03    1.4e-06
1145900      1.63e-01      5.15e-03    1.4e-06
1146000      1.15e-01      3.62e-03    1.4e-06
1146100      1.20e-01      3.80e-03    1.4e-06
1146200      1.24e-01      3.93e-03    1.4e-06
1146300      1.17e-01      3.69e-03    1.4e-06
1146400      1.15e-01      3.64e-03    1.4e-06
1146500      1.26e-01      3.97e-03    1.4e-06
1146600      1.38e-01      4.37e-03    1.4e-06
1146700      1.17e-01      3.71e-03    1.4e-06
1146800      1.46e-01      4.61e-03    1.4e-06
1146900      1.62e-01      5.11e-03    1.4e-06
1147000      1.08e-01      3.42e-03    1.4e-06
1147100      9.96e-02      3.15e-03    1.4e-06
1147200      1.46e-01      4.61e-03    1.4e-06
1147300      1.13e-01      3.57e-03    1.4e-06
1147400      1.40e-01      4.43e-03    1.4e-06
1147500      1.17e-01      3.69e-03    1.4e-06
1147600      1.45e-01      4.59e-03    1.4e-06
1147700      1.52e-01      4.81e-03    1.4e-06
1147800      1.10e-01      3.47e-03    1.4e-06
1147900      1.43e-01      4.53e-03    1.4e-06
1148000      1.31e-01      4.13e-03    1.4e-06
1148100      1.45e-01      4.60e-03    1.4e-06
1148200      1.58e-01      5.00e-03    1.4e-06
1148300      1.30e-01      4.13e-03    1.4e-06
1148400      1.49e-01      4.71e-03    1.4e-06
1148500      1.26e-01      3.98e-03    1.4e-06
1148600      1.11e-01      3.50e-03    1.4e-06
1148700      1.32e-01      4.19e-03    1.4e-06
1148800      1.27e-01      4.03e-03    1.4e-06
1148900      1.32e-01      4.19e-03    1.4e-06
1149000      1.16e-01      3.66e-03    1.4e-06
1149100      1.42e-01      4.49e-03    1.4e-06
1149200      1.38e-01      4.35e-03    1.4e-06
1149300      1.21e-01      3.83e-03    1.4e-06
1149400      1.17e-01      3.70e-03    1.4e-06
1149500      1.41e-01      4.46e-03    1.4e-06
1149600      1.22e-01      3.87e-03    1.4e-06
1149700      1.36e-01      4.30e-03    1.4e-06
1149800      1.55e-01      4.90e-03    1.4e-06
1149900      1.05e-01      3.31e-03    1.4e-06
1150000      1.45e-01      4.59e-03    1.3e-06
1150100      1.06e-01      3.35e-03    1.3e-06
1150200      1.20e-01      3.79e-03    1.3e-06
1150300      1.47e-01      4.64e-03    1.3e-06
1150400      1.33e-01      4.21e-03    1.3e-06
1150500      1.30e-01      4.11e-03    1.3e-06
1150600      1.24e-01      3.92e-03    1.3e-06
1150700      1.10e-01      3.48e-03    1.3e-06
1150800      1.16e-01      3.67e-03    1.3e-06
1150900      1.09e-01      3.46e-03    1.3e-06
1151000      1.13e-01      3.58e-03    1.3e-06
1151100      1.38e-01      4.37e-03    1.3e-06
1151200      9.77e-02      3.09e-03    1.3e-06
1151300      1.03e-01      3.25e-03    1.3e-06
1151400      1.10e-01      3.49e-03    1.3e-06
1151500      1.19e-01      3.77e-03    1.3e-06
1151600      1.23e-01      3.89e-03    1.3e-06
1151700      1.46e-01      4.62e-03    1.3e-06
1151800      1.10e-01      3.48e-03    1.3e-06
1151900      1.37e-01      4.33e-03    1.3e-06
1152000      1.43e-01      4.53e-03    1.3e-06
1152100      1.30e-01      4.10e-03    1.3e-06
1152200      1.37e-01      4.34e-03    1.3e-06
1152300      1.26e-01      3.99e-03    1.3e-06
1152400      1.17e-01      3.71e-03    1.3e-06
1152500      1.51e-01      4.78e-03    1.3e-06
1152600      1.52e-01      4.79e-03    1.3e-06
1152700      1.53e-01      4.84e-03    1.3e-06
1152800      1.38e-01      4.38e-03    1.3e-06
1152900      1.05e-01      3.31e-03    1.3e-06
1153000      1.33e-01      4.19e-03    1.3e-06
1153100      1.27e-01      4.01e-03    1.3e-06
1153200      1.25e-01      3.94e-03    1.3e-06
1153300      1.34e-01      4.24e-03    1.3e-06
1153400      1.04e-01      3.28e-03    1.3e-06
1153500      1.23e-01      3.88e-03    1.3e-06
1153600      1.36e-01      4.31e-03    1.3e-06
1153700      1.29e-01      4.08e-03    1.3e-06
1153800      1.54e-01      4.87e-03    1.3e-06
1153900      1.14e-01      3.61e-03    1.3e-06
1154000      1.08e-01      3.43e-03    1.3e-06
1154100      1.45e-01      4.58e-03    1.3e-06
1154200      1.26e-01      3.98e-03    1.3e-06
1154300      1.41e-01      4.47e-03    1.3e-06
1154400      1.40e-01      4.43e-03    1.3e-06
1154500      1.41e-01      4.47e-03    1.3e-06
1154600      1.16e-01      3.67e-03    1.3e-06
1154700      1.31e-01      4.14e-03    1.3e-06
1154800      1.08e-01      3.43e-03    1.3e-06
1154900      1.17e-01      3.71e-03    1.3e-06
1155000      1.35e-01      4.26e-03    1.3e-06
1155100      1.35e-01      4.27e-03    1.3e-06
1155200      1.28e-01      4.04e-03    1.3e-06
1155300      1.36e-01      4.29e-03    1.3e-06
1155400      1.04e-01      3.30e-03    1.3e-06
1155500      1.06e-01      3.35e-03    1.3e-06
1155600      1.09e-01      3.45e-03    1.3e-06
1155700      1.19e-01      3.75e-03    1.3e-06
1155800      1.24e-01      3.92e-03    1.3e-06
1155900      1.36e-01      4.31e-03    1.3e-06
1156000      1.25e-01      3.95e-03    1.3e-06
1156100      1.45e-01      4.59e-03    1.3e-06
1156200      9.51e-02      3.01e-03    1.3e-06
1156300      1.39e-01      4.40e-03    1.3e-06
1156400      9.78e-02      3.09e-03    1.3e-06
1156500      1.03e-01      3.26e-03    1.3e-06
1156600      1.06e-01      3.37e-03    1.3e-06
1156700      1.31e-01      4.14e-03    1.3e-06
1156800      1.51e-01      4.77e-03    1.3e-06
1156900      1.26e-01      3.99e-03    1.3e-06
1157000      1.08e-01      3.40e-03    1.3e-06
1157100      1.30e-01      4.12e-03    1.3e-06
1157200      1.23e-01      3.90e-03    1.3e-06
1157300      1.26e-01      4.00e-03    1.3e-06
1157400      1.21e-01      3.81e-03    1.3e-06
1157500      1.44e-01      4.55e-03    1.3e-06
1157600      1.53e-01      4.83e-03    1.3e-06
1157700      1.34e-01      4.25e-03    1.3e-06
1157800      1.28e-01      4.04e-03    1.3e-06
1157900      1.14e-01      3.61e-03    1.3e-06
1158000      1.47e-01      4.66e-03    1.3e-06
1158100      1.64e-01      5.18e-03    1.3e-06
1158200      1.32e-01      4.18e-03    1.3e-06
1158300      1.21e-01      3.83e-03    1.3e-06
1158400      1.31e-01      4.16e-03    1.3e-06
1158500      1.26e-01      3.97e-03    1.3e-06
1158600      1.22e-01      3.85e-03    1.3e-06
1158700      1.20e-01      3.81e-03    1.3e-06
1158800      1.33e-01      4.20e-03    1.3e-06
1158900      1.17e-01      3.69e-03    1.3e-06
1159000      1.55e-01      4.89e-03    1.3e-06
1159100      1.06e-01      3.36e-03    1.3e-06
1159200      1.43e-01      4.51e-03    1.3e-06
1159300      1.49e-01      4.71e-03    1.3e-06
1159400      1.06e-01      3.36e-03    1.3e-06
1159500      1.50e-01      4.73e-03    1.3e-06
1159600      1.15e-01      3.63e-03    1.3e-06
1159700      1.53e-01      4.85e-03    1.3e-06
1159800      1.08e-01      3.43e-03    1.3e-06
1159900      1.39e-01      4.40e-03    1.3e-06
1160000      1.49e-01      4.70e-03    1.3e-06
1160100      1.25e-01      3.94e-03    1.3e-06
1160200      1.19e-01      3.76e-03    1.3e-06
1160300      1.43e-01      4.52e-03    1.3e-06
1160400      1.30e-01      4.12e-03    1.3e-06
1160500      1.24e-01      3.92e-03    1.3e-06
1160600      1.38e-01      4.37e-03    1.3e-06
1160700      1.47e-01      4.64e-03    1.3e-06
1160800      1.16e-01      3.68e-03    1.3e-06
1160900      1.06e-01      3.34e-03    1.3e-06
1161000      1.62e-01      5.12e-03    1.3e-06
1161100      1.18e-01      3.73e-03    1.3e-06
1161200      1.20e-01      3.81e-03    1.3e-06
1161300      9.43e-02      2.98e-03    1.3e-06
1161400      1.04e-01      3.30e-03    1.3e-06
1161500      1.43e-01      4.53e-03    1.3e-06
1161600      1.20e-01      3.79e-03    1.3e-06
1161700      1.19e-01      3.76e-03    1.3e-06
1161800      1.40e-01      4.41e-03    1.3e-06
1161900      1.23e-01      3.88e-03    1.3e-06
1162000      1.08e-01      3.43e-03    1.3e-06
1162100      1.23e-01      3.89e-03    1.3e-06
1162200      1.04e-01      3.28e-03    1.3e-06
1162300      1.21e-01      3.83e-03    1.3e-06
1162400      1.12e-01      3.55e-03    1.3e-06
1162500      1.11e-01      3.50e-03    1.3e-06
1162600      1.42e-01      4.49e-03    1.3e-06
1162700      1.24e-01      3.92e-03    1.3e-06
1162800      1.24e-01      3.92e-03    1.3e-06
1162900      1.19e-01      3.77e-03    1.3e-06
1163000      1.44e-01      4.56e-03    1.3e-06
1163100      1.06e-01      3.36e-03    1.3e-06
1163200      1.13e-01      3.58e-03    1.3e-06
1163300      1.32e-01      4.16e-03    1.3e-06
1163400      1.31e-01      4.13e-03    1.3e-06
1163500      1.58e-01      5.00e-03    1.3e-06
1163600      1.09e-01      3.44e-03    1.3e-06
1163700      1.46e-01      4.60e-03    1.3e-06
1163800      9.78e-02      3.09e-03    1.3e-06
1163900      1.23e-01      3.89e-03    1.3e-06
1164000      1.07e-01      3.38e-03    1.3e-06
1164100      1.23e-01      3.88e-03    1.3e-06
1164200      1.33e-01      4.21e-03    1.3e-06
1164300      1.15e-01      3.65e-03    1.3e-06
1164400      1.56e-01      4.94e-03    1.3e-06
1164500      1.18e-01      3.72e-03    1.3e-06
1164600      1.43e-01      4.51e-03    1.3e-06
1164700      1.29e-01      4.06e-03    1.3e-06
1164800      1.36e-01      4.30e-03    1.3e-06
1164900      1.34e-01      4.22e-03    1.3e-06
1165000      1.46e-01      4.62e-03    1.2e-06
1165100      1.40e-01      4.41e-03    1.2e-06
1165200      1.54e-01      4.86e-03    1.2e-06
1165300      1.29e-01      4.07e-03    1.2e-06
1165400      1.02e-01      3.23e-03    1.2e-06
1165500      1.44e-01      4.54e-03    1.2e-06
1165600      1.08e-01      3.43e-03    1.2e-06
1165700      1.36e-01      4.29e-03    1.2e-06
1165800      1.40e-01      4.41e-03    1.2e-06
1165900      1.24e-01      3.93e-03    1.2e-06
1166000      1.37e-01      4.33e-03    1.2e-06
1166100      1.38e-01      4.36e-03    1.2e-06
1166200      1.02e-01      3.21e-03    1.2e-06
1166300      1.42e-01      4.50e-03    1.2e-06
1166400      1.05e-01      3.31e-03    1.2e-06
1166500      1.35e-01      4.26e-03    1.2e-06
1166600      1.41e-01      4.47e-03    1.2e-06
1166700      1.27e-01      4.02e-03    1.2e-06
1166800      1.45e-01      4.60e-03    1.2e-06
1166900      1.26e-01      3.98e-03    1.2e-06
1167000      1.38e-01      4.37e-03    1.2e-06
1167100      1.35e-01      4.25e-03    1.2e-06
1167200      1.32e-01      4.18e-03    1.2e-06
1167300      1.24e-01      3.91e-03    1.2e-06
1167400      1.44e-01      4.54e-03    1.2e-06
1167500      1.25e-01      3.97e-03    1.2e-06
1167600      1.38e-01      4.36e-03    1.2e-06
1167700      1.26e-01      3.98e-03    1.2e-06
1167800      1.06e-01      3.36e-03    1.2e-06
1167900      1.36e-01      4.30e-03    1.2e-06
1168000      1.40e-01      4.43e-03    1.2e-06
1168100      1.20e-01      3.78e-03    1.2e-06
1168200      1.47e-01      4.64e-03    1.2e-06
1168300      1.26e-01      3.98e-03    1.2e-06
1168400      1.47e-01      4.64e-03    1.2e-06
1168500      1.21e-01      3.84e-03    1.2e-06
1168600      1.30e-01      4.10e-03    1.2e-06
1168700      9.58e-02      3.03e-03    1.2e-06
1168800      1.42e-01      4.49e-03    1.2e-06
1168900      1.43e-01      4.53e-03    1.2e-06
1169000      1.17e-01      3.69e-03    1.2e-06
1169100      1.39e-01      4.40e-03    1.2e-06
1169200      1.58e-01      5.01e-03    1.2e-06
1169300      1.22e-01      3.86e-03    1.2e-06
1169400      1.56e-01      4.94e-03    1.2e-06
1169500      1.15e-01      3.65e-03    1.2e-06
1169600      1.21e-01      3.84e-03    1.2e-06
1169700      1.05e-01      3.32e-03    1.2e-06
1169800      1.35e-01      4.28e-03    1.2e-06
1169900      1.33e-01      4.22e-03    1.2e-06
1170000      1.39e-01      4.40e-03    1.2e-06
1170100      1.37e-01      4.32e-03    1.2e-06
1170200      1.27e-01      4.00e-03    1.2e-06
1170300      1.49e-01      4.72e-03    1.2e-06
1170400      1.12e-01      3.54e-03    1.2e-06
1170500      1.45e-01      4.60e-03    1.2e-06
1170600      1.38e-01      4.35e-03    1.2e-06
1170700      9.91e-02      3.13e-03    1.2e-06
1170800      1.30e-01      4.12e-03    1.2e-06
1170900      1.02e-01      3.22e-03    1.2e-06
1171000      1.32e-01      4.19e-03    1.2e-06
1171100      1.11e-01      3.52e-03    1.2e-06
1171200      1.33e-01      4.22e-03    1.2e-06
1171300      1.14e-01      3.61e-03    1.2e-06
1171400      1.50e-01      4.75e-03    1.2e-06
1171500      1.32e-01      4.16e-03    1.2e-06
1171600      1.44e-01      4.55e-03    1.2e-06
1171700      1.26e-01      3.97e-03    1.2e-06
1171800      1.59e-01      5.02e-03    1.2e-06
1171900      1.31e-01      4.14e-03    1.2e-06
1172000      1.24e-01      3.93e-03    1.2e-06
1172100      1.22e-01      3.87e-03    1.2e-06
1172200      1.46e-01      4.63e-03    1.2e-06
1172300      1.18e-01      3.72e-03    1.2e-06
1172400      1.37e-01      4.32e-03    1.2e-06
1172500      1.36e-01      4.29e-03    1.2e-06
1172600      1.35e-01      4.27e-03    1.2e-06
1172700      1.45e-01      4.58e-03    1.2e-06
1172800      1.07e-01      3.39e-03    1.2e-06
1172900      1.06e-01      3.36e-03    1.2e-06
1173000      1.36e-01      4.32e-03    1.2e-06
1173100      1.16e-01      3.68e-03    1.2e-06
1173200      1.21e-01      3.83e-03    1.2e-06
1173300      1.03e-01      3.26e-03    1.2e-06
1173400      1.33e-01      4.20e-03    1.2e-06
1173500      1.04e-01      3.30e-03    1.2e-06
1173600      1.18e-01      3.74e-03    1.2e-06
1173700      1.40e-01      4.44e-03    1.2e-06
1173800      1.21e-01      3.82e-03    1.2e-06
1173900      1.31e-01      4.16e-03    1.2e-06
1174000      1.47e-01      4.66e-03    1.2e-06
1174100      1.42e-01      4.47e-03    1.2e-06
1174200      1.18e-01      3.72e-03    1.2e-06
1174300      1.38e-01      4.38e-03    1.2e-06
1174400      1.33e-01      4.19e-03    1.2e-06
1174500      1.40e-01      4.43e-03    1.2e-06
1174600      1.41e-01      4.45e-03    1.2e-06
1174700      1.32e-01      4.16e-03    1.2e-06
1174800      1.28e-01      4.05e-03    1.2e-06
1174900      1.45e-01      4.58e-03    1.2e-06
1175000      1.16e-01      3.68e-03    1.2e-06
1175100      1.31e-01      4.14e-03    1.2e-06
1175200      1.12e-01      3.55e-03    1.2e-06
1175300      1.44e-01      4.55e-03    1.2e-06
1175400      1.16e-01      3.67e-03    1.2e-06
1175500      1.17e-01      3.71e-03    1.2e-06
1175600      1.39e-01      4.40e-03    1.2e-06
1175700      1.49e-01      4.70e-03    1.2e-06
1175800      1.17e-01      3.70e-03    1.2e-06
1175900      1.46e-01      4.61e-03    1.2e-06
1176000      1.07e-01      3.37e-03    1.2e-06
1176100      1.15e-01      3.64e-03    1.2e-06
1176200      1.23e-01      3.89e-03    1.2e-06
1176300      1.27e-01      4.02e-03    1.2e-06
1176400      1.30e-01      4.13e-03    1.2e-06
1176500      1.39e-01      4.39e-03    1.2e-06
1176600      1.13e-01      3.58e-03    1.2e-06
1176700      1.27e-01      4.03e-03    1.2e-06
1176800      1.19e-01      3.78e-03    1.2e-06
1176900      1.49e-01      4.71e-03    1.2e-06
1177000      1.39e-01      4.38e-03    1.2e-06
1177100      1.34e-01      4.25e-03    1.2e-06
1177200      1.14e-01      3.59e-03    1.2e-06
1177300      9.96e-02      3.15e-03    1.2e-06
1177400      1.43e-01      4.53e-03    1.2e-06
1177500      1.14e-01      3.60e-03    1.2e-06
1177600      1.53e-01      4.83e-03    1.2e-06
1177700      1.03e-01      3.25e-03    1.2e-06
1177800      1.26e-01      3.98e-03    1.2e-06
1177900      1.20e-01      3.81e-03    1.2e-06
1178000      1.35e-01      4.26e-03    1.2e-06
1178100      1.25e-01      3.95e-03    1.2e-06
1178200      1.22e-01      3.85e-03    1.2e-06
1178300      1.33e-01      4.20e-03    1.2e-06
1178400      1.44e-01      4.55e-03    1.2e-06
1178500      1.25e-01      3.96e-03    1.2e-06
1178600      1.12e-01      3.53e-03    1.2e-06
1178700      1.35e-01      4.26e-03    1.2e-06
1178800      1.14e-01      3.62e-03    1.2e-06
1178900      1.34e-01      4.22e-03    1.2e-06
1179000      1.40e-01      4.42e-03    1.2e-06
1179100      1.41e-01      4.47e-03    1.2e-06
1179200      1.33e-01      4.21e-03    1.2e-06
1179300      1.15e-01      3.63e-03    1.2e-06
1179400      1.30e-01      4.12e-03    1.2e-06
1179500      1.49e-01      4.72e-03    1.2e-06
1179600      1.51e-01      4.76e-03    1.2e-06
1179700      1.34e-01      4.23e-03    1.2e-06
1179800      1.41e-01      4.45e-03    1.2e-06
1179900      1.35e-01      4.26e-03    1.2e-06
1180000      1.15e-01      3.65e-03    1.1e-06
1180100      1.42e-01      4.49e-03    1.1e-06
1180200      1.20e-01      3.79e-03    1.1e-06
1180300      1.28e-01      4.05e-03    1.1e-06
1180400      1.46e-01      4.62e-03    1.1e-06
1180500      1.31e-01      4.16e-03    1.1e-06
1180600      1.10e-01      3.48e-03    1.1e-06
1180700      1.45e-01      4.58e-03    1.1e-06
1180800      1.32e-01      4.18e-03    1.1e-06
1180900      1.24e-01      3.92e-03    1.1e-06
1181000      1.18e-01      3.73e-03    1.1e-06
1181100      1.48e-01      4.69e-03    1.1e-06
1181200      1.11e-01      3.50e-03    1.1e-06
1181300      1.29e-01      4.06e-03    1.1e-06
1181400      1.27e-01      4.03e-03    1.1e-06
1181500      1.28e-01      4.04e-03    1.1e-06
1181600      1.42e-01      4.50e-03    1.1e-06
1181700      1.40e-01      4.43e-03    1.1e-06
1181800      1.08e-01      3.42e-03    1.1e-06
1181900      1.41e-01      4.45e-03    1.1e-06
1182000      1.43e-01      4.51e-03    1.1e-06
1182100      1.36e-01      4.31e-03    1.1e-06
1182200      1.55e-01      4.91e-03    1.1e-06
1182300      1.35e-01      4.27e-03    1.1e-06
1182400      1.38e-01      4.37e-03    1.1e-06
1182500      1.42e-01      4.48e-03    1.1e-06
1182600      1.07e-01      3.39e-03    1.1e-06
1182700      1.13e-01      3.58e-03    1.1e-06
1182800      1.33e-01      4.22e-03    1.1e-06
1182900      1.34e-01      4.22e-03    1.1e-06
1183000      1.25e-01      3.96e-03    1.1e-06
1183100      1.41e-01      4.46e-03    1.1e-06
1183200      1.49e-01      4.70e-03    1.1e-06
1183300      1.34e-01      4.23e-03    1.1e-06
1183400      1.27e-01      4.03e-03    1.1e-06
1183500      1.21e-01      3.82e-03    1.1e-06
1183600      1.34e-01      4.24e-03    1.1e-06
1183700      1.42e-01      4.50e-03    1.1e-06
1183800      1.37e-01      4.33e-03    1.1e-06
1183900      1.62e-01      5.11e-03    1.1e-06
1184000      1.28e-01      4.06e-03    1.1e-06
1184100      1.44e-01      4.56e-03    1.1e-06
1184200      1.30e-01      4.11e-03    1.1e-06
1184300      1.46e-01      4.63e-03    1.1e-06
1184400      1.47e-01      4.66e-03    1.1e-06
1184500      1.58e-01      5.00e-03    1.1e-06
1184600      1.29e-01      4.09e-03    1.1e-06
1184700      1.42e-01      4.49e-03    1.1e-06
1184800      1.52e-01      4.82e-03    1.1e-06
1184900      1.16e-01      3.67e-03    1.1e-06
1185000      1.32e-01      4.19e-03    1.1e-06
1185100      1.43e-01      4.52e-03    1.1e-06
1185200      1.32e-01      4.17e-03    1.1e-06
1185300      1.36e-01      4.30e-03    1.1e-06
1185400      1.24e-01      3.93e-03    1.1e-06
1185500      1.36e-01      4.29e-03    1.1e-06
1185600      1.12e-01      3.54e-03    1.1e-06
1185700      1.52e-01      4.80e-03    1.1e-06
1185800      1.41e-01      4.46e-03    1.1e-06
1185900      1.33e-01      4.20e-03    1.1e-06
1186000      1.46e-01      4.63e-03    1.1e-06
1186100      1.42e-01      4.50e-03    1.1e-06
1186200      1.14e-01      3.60e-03    1.1e-06
1186300      1.35e-01      4.26e-03    1.1e-06
1186400      1.20e-01      3.81e-03    1.1e-06
1186500      1.30e-01      4.11e-03    1.1e-06
1186600      1.30e-01      4.10e-03    1.1e-06
1186700      1.30e-01      4.10e-03    1.1e-06
1186800      1.37e-01      4.34e-03    1.1e-06
1186900      1.15e-01      3.65e-03    1.1e-06
1187000      1.01e-01      3.21e-03    1.1e-06
1187100      1.01e-01      3.19e-03    1.1e-06
1187200      1.40e-01      4.44e-03    1.1e-06
1187300      1.34e-01      4.24e-03    1.1e-06
1187400      1.40e-01      4.42e-03    1.1e-06
1187500      1.17e-01      3.70e-03    1.1e-06
1187600      1.27e-01      4.03e-03    1.1e-06
1187700      1.28e-01      4.05e-03    1.1e-06
1187800      1.44e-01      4.55e-03    1.1e-06
1187900      1.41e-01      4.45e-03    1.1e-06
1188000      1.42e-01      4.50e-03    1.1e-06
1188100      1.20e-01      3.80e-03    1.1e-06
1188200      1.57e-01      4.98e-03    1.1e-06
1188300      1.23e-01      3.88e-03    1.1e-06
1188400      1.33e-01      4.21e-03    1.1e-06
1188500      1.31e-01      4.15e-03    1.1e-06
1188600      1.33e-01      4.22e-03    1.1e-06
1188700      1.35e-01      4.27e-03    1.1e-06
1188800      1.32e-01      4.18e-03    1.1e-06
1188900      1.57e-01      4.95e-03    1.1e-06
1189000      1.01e-01      3.18e-03    1.1e-06
1189100      1.37e-01      4.32e-03    1.1e-06
1189200      1.36e-01      4.30e-03    1.1e-06
1189300      1.16e-01      3.68e-03    1.1e-06
1189400      1.53e-01      4.84e-03    1.1e-06
1189500      1.41e-01      4.46e-03    1.1e-06
1189600      1.02e-01      3.23e-03    1.1e-06
1189700      1.19e-01      3.78e-03    1.1e-06
1189800      1.30e-01      4.10e-03    1.1e-06
1189900      1.38e-01      4.35e-03    1.1e-06
1190000      1.25e-01      3.94e-03    1.1e-06
1190100      1.29e-01      4.07e-03    1.1e-06
1190200      1.40e-01      4.43e-03    1.1e-06
1190300      1.13e-01      3.58e-03    1.1e-06
1190400      1.11e-01      3.52e-03    1.1e-06
1190500      1.55e-01      4.90e-03    1.1e-06
1190600      1.38e-01      4.37e-03    1.1e-06
1190700      1.27e-01      4.00e-03    1.1e-06
1190800      1.53e-01      4.85e-03    1.1e-06
1190900      9.60e-02      3.03e-03    1.1e-06
1191000      1.35e-01      4.26e-03    1.1e-06
1191100      1.04e-01      3.29e-03    1.1e-06
1191200      1.52e-01      4.79e-03    1.1e-06
1191300      1.61e-01      5.09e-03    1.1e-06
1191400      1.38e-01      4.35e-03    1.1e-06
1191500      1.38e-01      4.36e-03    1.1e-06
1191600      1.58e-01      4.99e-03    1.1e-06
1191700      1.05e-01      3.31e-03    1.1e-06
1191800      1.15e-01      3.65e-03    1.1e-06
1191900      1.26e-01      4.00e-03    1.1e-06
1192000      9.90e-02      3.13e-03    1.1e-06
1192100      1.40e-01      4.43e-03    1.1e-06
1192200      1.32e-01      4.18e-03    1.1e-06
1192300      1.15e-01      3.63e-03    1.1e-06
1192400      1.21e-01      3.83e-03    1.1e-06
1192500      1.15e-01      3.64e-03    1.1e-06
1192600      1.53e-01      4.85e-03    1.1e-06
1192700      1.26e-01      3.97e-03    1.1e-06
1192800      1.22e-01      3.87e-03    1.1e-06
1192900      1.22e-01      3.85e-03    1.1e-06
1193000      1.47e-01      4.64e-03    1.1e-06
1193100      1.42e-01      4.48e-03    1.1e-06
1193200      1.35e-01      4.28e-03    1.1e-06
1193300      1.29e-01      4.09e-03    1.1e-06
1193400      1.28e-01      4.05e-03    1.1e-06
1193500      1.39e-01      4.39e-03    1.1e-06
1193600      1.05e-01      3.33e-03    1.1e-06
1193700      1.35e-01      4.28e-03    1.1e-06
1193800      1.44e-01      4.57e-03    1.1e-06
1193900      1.30e-01      4.10e-03    1.1e-06
1194000      1.29e-01      4.07e-03    1.1e-06
1194100      1.42e-01      4.49e-03    1.1e-06
1194200      1.51e-01      4.76e-03    1.1e-06
1194300      1.54e-01      4.86e-03    1.1e-06
1194400      1.37e-01      4.33e-03    1.1e-06
1194500      1.51e-01      4.78e-03    1.1e-06
1194600      1.28e-01      4.04e-03    1.1e-06
1194700      1.49e-01      4.71e-03    1.1e-06
1194800      1.18e-01      3.74e-03    1.1e-06
1194900      1.50e-01      4.75e-03    1.1e-06
1195000      1.16e-01      3.67e-03    1.0e-06
1195100      1.32e-01      4.17e-03    1.0e-06
1195200      1.32e-01      4.18e-03    1.0e-06
1195300      1.24e-01      3.93e-03    1.0e-06
1195400      1.39e-01      4.41e-03    1.0e-06
1195500      1.48e-01      4.68e-03    1.0e-06
1195600      1.40e-01      4.42e-03    1.0e-06
1195700      1.47e-01      4.64e-03    1.0e-06
1195800      1.17e-01      3.69e-03    1.0e-06
1195900      9.92e-02      3.14e-03    1.0e-06
1196000      1.33e-01      4.19e-03    1.0e-06
1196100      1.23e-01      3.88e-03    1.0e-06
1196200      1.50e-01      4.75e-03    1.0e-06
1196300      1.27e-01      4.03e-03    1.0e-06
1196400      1.20e-01      3.80e-03    1.0e-06
1196500      1.38e-01      4.37e-03    1.0e-06
1196600      1.35e-01      4.27e-03    1.0e-06
1196700      1.04e-01      3.28e-03    1.0e-06
1196800      1.17e-01      3.70e-03    1.0e-06
1196900      1.57e-01      4.96e-03    1.0e-06
1197000      1.16e-01      3.66e-03    1.0e-06
1197100      1.21e-01      3.84e-03    1.0e-06
1197200      1.26e-01      3.98e-03    1.0e-06
1197300      1.61e-01      5.09e-03    1.0e-06
1197400      1.33e-01      4.20e-03    1.0e-06
1197500      1.17e-01      3.69e-03    1.0e-06
1197600      1.40e-01      4.43e-03    1.0e-06
1197700      1.07e-01      3.37e-03    1.0e-06
1197800      1.09e-01      3.44e-03    1.0e-06
1197900      1.16e-01      3.66e-03    1.0e-06
1198000      1.52e-01      4.80e-03    1.0e-06
1198100      1.51e-01      4.77e-03    1.0e-06
1198200      1.62e-01      5.13e-03    1.0e-06
1198300      1.32e-01      4.17e-03    1.0e-06
1198400      1.56e-01      4.95e-03    1.0e-06
1198500      1.09e-01      3.44e-03    1.0e-06
1198600      1.28e-01      4.06e-03    1.0e-06
1198700      1.15e-01      3.64e-03    1.0e-06
1198800      1.46e-01      4.61e-03    1.0e-06
1198900      1.41e-01      4.44e-03    1.0e-06
1199000      1.17e-01      3.71e-03    1.0e-06
1199100      1.37e-01      4.34e-03    1.0e-06
1199200      1.50e-01      4.75e-03    1.0e-06
1199300      1.02e-01      3.23e-03    1.0e-06
1199400      1.16e-01      3.66e-03    1.0e-06
1199500      1.36e-01      4.29e-03    1.0e-06
1199600      1.18e-01      3.72e-03    1.0e-06
1199700      1.21e-01      3.82e-03    1.0e-06
1199800      1.31e-01      4.14e-03    1.0e-06
1199900      1.54e-01      4.88e-03    1.0e-06
1200000      1.30e-01      4.12e-03    1.0e-06
1200100      1.53e-01      4.83e-03    1.0e-06
1200200      1.22e-01      3.85e-03    1.0e-06
1200300      1.06e-01      3.35e-03    1.0e-06
1200400      1.27e-01      4.02e-03    1.0e-06
1200500      1.52e-01      4.80e-03    1.0e-06
1200600      1.31e-01      4.15e-03    1.0e-06
1200700      1.23e-01      3.88e-03    1.0e-06
1200800      1.41e-01      4.46e-03    1.0e-06
1200900      1.24e-01      3.91e-03    1.0e-06
1201000      1.29e-01      4.09e-03    1.0e-06
1201100      1.40e-01      4.43e-03    1.0e-06
1201200      1.30e-01      4.10e-03    1.0e-06
1201300      1.09e-01      3.45e-03    1.0e-06
1201400      1.37e-01      4.34e-03    1.0e-06
1201500      1.46e-01      4.61e-03    1.0e-06
1201600      1.10e-01      3.47e-03    1.0e-06
1201700      1.29e-01      4.08e-03    1.0e-06
1201800      1.40e-01      4.44e-03    1.0e-06
1201900      1.32e-01      4.16e-03    1.0e-06
1202000      1.39e-01      4.39e-03    1.0e-06
1202100      1.48e-01      4.68e-03    1.0e-06
1202200      1.06e-01      3.34e-03    1.0e-06
1202300      1.21e-01      3.82e-03    1.0e-06
1202400      1.34e-01      4.23e-03    1.0e-06
1202500      1.26e-01      3.99e-03    1.0e-06
1202600      1.32e-01      4.19e-03    1.0e-06
1202700      1.09e-01      3.46e-03    1.0e-06
1202800      1.32e-01      4.18e-03    1.0e-06
1202900      1.54e-01      4.88e-03    1.0e-06
1203000      1.22e-01      3.84e-03    1.0e-06
1203100      1.29e-01      4.09e-03    1.0e-06
1203200      1.41e-01      4.47e-03    1.0e-06
1203300      1.50e-01      4.76e-03    1.0e-06
1203400      1.30e-01      4.10e-03    1.0e-06
1203500      1.41e-01      4.45e-03    1.0e-06
1203600      1.26e-01      3.99e-03    1.0e-06
1203700      1.45e-01      4.59e-03    1.0e-06
1203800      1.45e-01      4.58e-03    1.0e-06
1203900      1.14e-01      3.59e-03    1.0e-06
1204000      1.50e-01      4.75e-03    1.0e-06
1204100      1.02e-01      3.21e-03    1.0e-06
1204200      1.17e-01      3.71e-03    1.0e-06
1204300      1.51e-01      4.77e-03    1.0e-06
1204400      1.24e-01      3.94e-03    1.0e-06
1204500      1.42e-01      4.50e-03    1.0e-06
1204600      1.10e-01      3.48e-03    1.0e-06
1204700      1.30e-01      4.12e-03    1.0e-06
1204800      9.94e-02      3.14e-03    1.0e-06
1204900      1.01e-01      3.18e-03    1.0e-06
1205000      1.04e-01      3.29e-03    9.7e-07
1205100      1.38e-01      4.36e-03    9.7e-07
1205200      1.43e-01      4.51e-03    9.7e-07
1205300      1.46e-01      4.61e-03    9.7e-07
1205400      1.44e-01      4.55e-03    9.7e-07
1205500      1.15e-01      3.63e-03    9.7e-07
1205600      1.29e-01      4.07e-03    9.7e-07
1205700      1.35e-01      4.28e-03    9.7e-07
1205800      1.50e-01      4.75e-03    9.7e-07
1205900      1.08e-01      3.43e-03    9.7e-07
1206000      1.30e-01      4.12e-03    9.7e-07
1206100      1.11e-01      3.50e-03    9.7e-07
1206200      1.22e-01      3.85e-03    9.7e-07
1206300      1.42e-01      4.50e-03    9.7e-07
1206400      1.26e-01      3.98e-03    9.7e-07
1206500      1.26e-01      3.98e-03    9.7e-07
1206600      1.35e-01      4.27e-03    9.7e-07
1206700      1.16e-01      3.67e-03    9.7e-07
1206800      1.20e-01      3.81e-03    9.7e-07
1206900      1.32e-01      4.17e-03    9.7e-07
1207000      1.19e-01      3.78e-03    9.7e-07
1207100      1.38e-01      4.35e-03    9.7e-07
1207200      1.48e-01      4.69e-03    9.7e-07
1207300      1.34e-01      4.25e-03    9.7e-07
1207400      1.39e-01      4.38e-03    9.7e-07
1207500      1.41e-01      4.45e-03    9.7e-07
1207600      1.21e-01      3.83e-03    9.7e-07
1207700      1.37e-01      4.33e-03    9.7e-07
1207800      1.26e-01      3.97e-03    9.7e-07
1207900      1.39e-01      4.39e-03    9.7e-07
1208000      1.36e-01      4.29e-03    9.7e-07
1208100      1.36e-01      4.30e-03    9.7e-07
1208200      1.13e-01      3.56e-03    9.7e-07
1208300      1.49e-01      4.70e-03    9.7e-07
1208400      1.24e-01      3.92e-03    9.7e-07
1208500      1.14e-01      3.62e-03    9.7e-07
1208600      1.05e-01      3.33e-03    9.7e-07
1208700      1.42e-01      4.50e-03    9.7e-07
1208800      1.20e-01      3.79e-03    9.7e-07
1208900      1.06e-01      3.36e-03    9.7e-07
1209000      1.38e-01      4.36e-03    9.7e-07
1209100      1.50e-01      4.75e-03    9.7e-07
1209200      1.15e-01      3.65e-03    9.7e-07
1209300      1.01e-01      3.19e-03    9.7e-07
1209400      1.26e-01      3.97e-03    9.7e-07
1209500      1.36e-01      4.31e-03    9.7e-07
1209600      1.24e-01      3.93e-03    9.7e-07
1209700      1.36e-01      4.32e-03    9.7e-07
1209800      1.42e-01      4.48e-03    9.7e-07
1209900      1.42e-01      4.50e-03    9.7e-07
1210000      1.38e-01      4.38e-03    9.4e-07
1210100      1.10e-01      3.49e-03    9.4e-07
1210200      1.33e-01      4.22e-03    9.4e-07
1210300      1.05e-01      3.32e-03    9.4e-07
1210400      1.27e-01      4.02e-03    9.4e-07
1210500      1.41e-01      4.47e-03    9.4e-07
1210600      1.20e-01      3.80e-03    9.4e-07
1210700      1.41e-01      4.47e-03    9.4e-07
1210800      1.22e-01      3.85e-03    9.4e-07
1210900      1.49e-01      4.70e-03    9.4e-07
1211000      1.38e-01      4.38e-03    9.4e-07
1211100      1.13e-01      3.58e-03    9.4e-07
1211200      1.35e-01      4.25e-03    9.4e-07
1211300      1.47e-01      4.63e-03    9.4e-07
1211400      1.45e-01      4.57e-03    9.4e-07
1211500      1.04e-01      3.30e-03    9.4e-07
1211600      1.22e-01      3.87e-03    9.4e-07
1211700      1.27e-01      4.01e-03    9.4e-07
1211800      1.31e-01      4.13e-03    9.4e-07
1211900      1.53e-01      4.85e-03    9.4e-07
1212000      1.13e-01      3.56e-03    9.4e-07
1212100      1.07e-01      3.39e-03    9.4e-07
1212200      1.41e-01      4.47e-03    9.4e-07
1212300      1.24e-01      3.92e-03    9.4e-07
1212400      1.38e-01      4.37e-03    9.4e-07
1212500      1.17e-01      3.69e-03    9.4e-07
1212600      1.21e-01      3.82e-03    9.4e-07
1212700      1.36e-01      4.29e-03    9.4e-07
1212800      1.13e-01      3.59e-03    9.4e-07
1212900      1.50e-01      4.75e-03    9.4e-07
1213000      1.09e-01      3.45e-03    9.4e-07
1213100      1.32e-01      4.17e-03    9.4e-07
1213200      1.36e-01      4.30e-03    9.4e-07
1213300      1.23e-01      3.88e-03    9.4e-07
1213400      1.08e-01      3.43e-03    9.4e-07
1213500      1.17e-01      3.69e-03    9.4e-07
1213600      1.42e-01      4.48e-03    9.4e-07
1213700      1.41e-01      4.47e-03    9.4e-07
1213800      1.31e-01      4.13e-03    9.4e-07
1213900      1.42e-01      4.49e-03    9.4e-07
1214000      1.21e-01      3.82e-03    9.4e-07
1214100      1.24e-01      3.92e-03    9.4e-07
1214200      1.22e-01      3.87e-03    9.4e-07
1214300      1.22e-01      3.87e-03    9.4e-07
1214400      1.18e-01      3.74e-03    9.4e-07
1214500      1.46e-01      4.63e-03    9.4e-07
1214600      1.30e-01      4.13e-03    9.4e-07
1214700      1.21e-01      3.83e-03    9.4e-07
1214800      1.32e-01      4.18e-03    9.4e-07
1214900      1.24e-01      3.93e-03    9.4e-07
1215000      1.02e-01      3.22e-03    9.2e-07
1215100      1.44e-01      4.54e-03    9.2e-07
1215200      1.22e-01      3.86e-03    9.2e-07
1215300      1.35e-01      4.27e-03    9.2e-07
1215400      1.10e-01      3.47e-03    9.2e-07
1215500      1.26e-01      3.99e-03    9.2e-07
1215600      1.20e-01      3.79e-03    9.2e-07
1215700      1.18e-01      3.73e-03    9.2e-07
1215800      1.60e-01      5.05e-03    9.2e-07
1215900      1.11e-01      3.51e-03    9.2e-07
1216000      1.40e-01      4.43e-03    9.2e-07
1216100      1.40e-01      4.44e-03    9.2e-07
1216200      1.35e-01      4.26e-03    9.2e-07
1216300      1.13e-01      3.57e-03    9.2e-07
1216400      1.22e-01      3.86e-03    9.2e-07
1216500      1.46e-01      4.61e-03    9.2e-07
1216600      1.35e-01      4.27e-03    9.2e-07
1216700      1.35e-01      4.27e-03    9.2e-07
1216800      1.09e-01      3.45e-03    9.2e-07
1216900      1.05e-01      3.32e-03    9.2e-07
1217000      1.45e-01      4.58e-03    9.2e-07
1217100      1.18e-01      3.73e-03    9.2e-07
1217200      1.37e-01      4.34e-03    9.2e-07
1217300      1.55e-01      4.91e-03    9.2e-07
1217400      1.22e-01      3.86e-03    9.2e-07
1217500      1.45e-01      4.58e-03    9.2e-07
1217600      1.09e-01      3.45e-03    9.2e-07
1217700      1.05e-01      3.32e-03    9.2e-07
1217800      1.34e-01      4.22e-03    9.2e-07
1217900      1.26e-01      3.97e-03    9.2e-07
1218000      1.07e-01      3.39e-03    9.2e-07
1218100      1.19e-01      3.78e-03    9.2e-07
1218200      1.06e-01      3.36e-03    9.2e-07
1218300      1.44e-01      4.56e-03    9.2e-07
1218400      1.04e-01      3.29e-03    9.2e-07
1218500      1.28e-01      4.05e-03    9.2e-07
1218600      1.23e-01      3.89e-03    9.2e-07
1218700      1.48e-01      4.67e-03    9.2e-07
1218800      1.26e-01      3.99e-03    9.2e-07
1218900      1.40e-01      4.43e-03    9.2e-07
1219000      1.45e-01      4.60e-03    9.2e-07
1219100      1.30e-01      4.11e-03    9.2e-07
1219200      1.53e-01      4.85e-03    9.2e-07
1219300      1.37e-01      4.33e-03    9.2e-07
1219400      1.08e-01      3.40e-03    9.2e-07
1219500      1.45e-01      4.60e-03    9.2e-07
1219600      1.39e-01      4.40e-03    9.2e-07
1219700      1.09e-01      3.44e-03    9.2e-07
1219800      1.28e-01      4.04e-03    9.2e-07
1219900      1.46e-01      4.63e-03    9.2e-07
1220000      1.18e-01      3.74e-03    8.9e-07
1220100      1.22e-01      3.87e-03    8.9e-07
1220200      1.36e-01      4.30e-03    8.9e-07
1220300      1.40e-01      4.42e-03    8.9e-07
1220400      1.43e-01      4.54e-03    8.9e-07
1220500      1.07e-01      3.38e-03    8.9e-07
1220600      1.34e-01      4.25e-03    8.9e-07
1220700      9.64e-02      3.05e-03    8.9e-07
1220800      1.67e-01      5.29e-03    8.9e-07
1220900      1.46e-01      4.61e-03    8.9e-07
1221000      1.30e-01      4.11e-03    8.9e-07
1221100      1.45e-01      4.59e-03    8.9e-07
1221200      1.15e-01      3.65e-03    8.9e-07
1221300      1.03e-01      3.25e-03    8.9e-07
1221400      1.41e-01      4.46e-03    8.9e-07
1221500      1.61e-01      5.08e-03    8.9e-07
1221600      1.01e-01      3.18e-03    8.9e-07
1221700      1.10e-01      3.47e-03    8.9e-07
1221800      1.41e-01      4.47e-03    8.9e-07
1221900      1.37e-01      4.34e-03    8.9e-07
1222000      1.37e-01      4.34e-03    8.9e-07
1222100      1.25e-01      3.94e-03    8.9e-07
1222200      1.41e-01      4.47e-03    8.9e-07
1222300      1.10e-01      3.48e-03    8.9e-07
1222400      1.41e-01      4.46e-03    8.9e-07
1222500      9.96e-02      3.15e-03    8.9e-07
1222600      1.07e-01      3.38e-03    8.9e-07
1222700      1.42e-01      4.50e-03    8.9e-07
1222800      1.14e-01      3.60e-03    8.9e-07
1222900      1.13e-01      3.58e-03    8.9e-07
1223000      1.29e-01      4.07e-03    8.9e-07
1223100      1.22e-01      3.86e-03    8.9e-07
1223200      1.45e-01      4.57e-03    8.9e-07
1223300      1.16e-01      3.66e-03    8.9e-07
1223400      1.18e-01      3.74e-03    8.9e-07
1223500      1.15e-01      3.63e-03    8.9e-07
1223600      1.29e-01      4.09e-03    8.9e-07
1223700      1.40e-01      4.44e-03    8.9e-07
1223800      1.38e-01      4.36e-03    8.9e-07
1223900      1.26e-01      3.98e-03    8.9e-07
1224000      1.18e-01      3.73e-03    8.9e-07
1224100      1.43e-01      4.51e-03    8.9e-07
1224200      1.17e-01      3.70e-03    8.9e-07
1224300      1.13e-01      3.59e-03    8.9e-07
1224400      1.44e-01      4.55e-03    8.9e-07
1224500      1.23e-01      3.89e-03    8.9e-07
1224600      1.30e-01      4.12e-03    8.9e-07
1224700      1.44e-01      4.56e-03    8.9e-07
1224800      1.42e-01      4.49e-03    8.9e-07
1224900      9.82e-02      3.11e-03    8.9e-07
1225000      1.43e-01      4.52e-03    8.7e-07
1225100      1.48e-01      4.67e-03    8.7e-07
1225200      1.31e-01      4.15e-03    8.7e-07
1225300      1.38e-01      4.37e-03    8.7e-07
1225400      1.10e-01      3.49e-03    8.7e-07
1225500      1.07e-01      3.37e-03    8.7e-07
1225600      1.18e-01      3.73e-03    8.7e-07
1225700      1.51e-01      4.76e-03    8.7e-07
1225800      1.38e-01      4.35e-03    8.7e-07
1225900      1.14e-01      3.61e-03    8.7e-07
1226000      1.46e-01      4.60e-03    8.7e-07
1226100      1.52e-01      4.82e-03    8.7e-07
1226200      1.34e-01      4.23e-03    8.7e-07
1226300      1.10e-01      3.48e-03    8.7e-07
1226400      1.09e-01      3.46e-03    8.7e-07
1226500      1.35e-01      4.25e-03    8.7e-07
1226600      1.14e-01      3.62e-03    8.7e-07
1226700      1.33e-01      4.21e-03    8.7e-07
1226800      1.33e-01      4.22e-03    8.7e-07
1226900      1.26e-01      3.99e-03    8.7e-07
1227000      1.26e-01      3.99e-03    8.7e-07
1227100      1.07e-01      3.39e-03    8.7e-07
1227200      1.46e-01      4.62e-03    8.7e-07
1227300      1.23e-01      3.89e-03    8.7e-07
1227400      1.22e-01      3.85e-03    8.7e-07
1227500      1.20e-01      3.80e-03    8.7e-07
1227600      1.35e-01      4.28e-03    8.7e-07
1227700      1.40e-01      4.43e-03    8.7e-07
1227800      1.38e-01      4.35e-03    8.7e-07
1227900      9.57e-02      3.03e-03    8.7e-07
1228000      1.03e-01      3.27e-03    8.7e-07
1228100      1.24e-01      3.92e-03    8.7e-07
1228200      1.16e-01      3.68e-03    8.7e-07
1228300      1.64e-01      5.17e-03    8.7e-07
1228400      1.57e-01      4.96e-03    8.7e-07
1228500      1.31e-01      4.15e-03    8.7e-07
1228600      1.34e-01      4.23e-03    8.7e-07
1228700      1.14e-01      3.59e-03    8.7e-07
1228800      1.47e-01      4.64e-03    8.7e-07
1228900      1.36e-01      4.29e-03    8.7e-07
1229000      1.46e-01      4.62e-03    8.7e-07
1229100      1.38e-01      4.35e-03    8.7e-07
1229200      1.33e-01      4.21e-03    8.7e-07
1229300      1.29e-01      4.09e-03    8.7e-07
1229400      1.03e-01      3.25e-03    8.7e-07
1229500      1.54e-01      4.87e-03    8.7e-07
1229600      1.41e-01      4.47e-03    8.7e-07
1229700      1.13e-01      3.57e-03    8.7e-07
1229800      1.44e-01      4.54e-03    8.7e-07
1229900      1.38e-01      4.36e-03    8.7e-07
1230000      1.38e-01      4.37e-03    8.4e-07
1230100      1.50e-01      4.75e-03    8.4e-07
1230200      1.28e-01      4.04e-03    8.4e-07
1230300      1.35e-01      4.28e-03    8.4e-07
1230400      1.45e-01      4.58e-03    8.4e-07
1230500      1.44e-01      4.55e-03    8.4e-07
1230600      1.27e-01      4.01e-03    8.4e-07
1230700      1.27e-01      4.03e-03    8.4e-07
1230800      1.62e-01      5.13e-03    8.4e-07
1230900      1.16e-01      3.68e-03    8.4e-07
1231000      1.44e-01      4.55e-03    8.4e-07
1231100      1.07e-01      3.39e-03    8.4e-07
1231200      1.09e-01      3.45e-03    8.4e-07
1231300      1.52e-01      4.81e-03    8.4e-07
1231400      1.50e-01      4.76e-03    8.4e-07
1231500      1.35e-01      4.27e-03    8.4e-07
1231600      1.16e-01      3.65e-03    8.4e-07
1231700      1.15e-01      3.63e-03    8.4e-07
1231800      1.15e-01      3.64e-03    8.4e-07
1231900      1.22e-01      3.85e-03    8.4e-07
1232000      1.48e-01      4.69e-03    8.4e-07
1232100      1.42e-01      4.50e-03    8.4e-07
1232200      1.09e-01      3.45e-03    8.4e-07
1232300      1.32e-01      4.18e-03    8.4e-07
1232400      1.38e-01      4.37e-03    8.4e-07
1232500      1.44e-01      4.55e-03    8.4e-07
1232600      1.49e-01      4.71e-03    8.4e-07
1232700      1.44e-01      4.56e-03    8.4e-07
1232800      1.03e-01      3.27e-03    8.4e-07
1232900      1.19e-01      3.75e-03    8.4e-07
1233000      1.44e-01      4.57e-03    8.4e-07
1233100      1.15e-01      3.62e-03    8.4e-07
1233200      1.44e-01      4.56e-03    8.4e-07
1233300      1.09e-01      3.45e-03    8.4e-07
1233400      1.35e-01      4.28e-03    8.4e-07
1233500      1.36e-01      4.31e-03    8.4e-07
1233600      1.07e-01      3.38e-03    8.4e-07
1233700      1.29e-01      4.09e-03    8.4e-07
1233800      1.38e-01      4.38e-03    8.4e-07
1233900      1.22e-01      3.86e-03    8.4e-07
1234000      1.46e-01      4.62e-03    8.4e-07
1234100      1.31e-01      4.15e-03    8.4e-07
1234200      1.37e-01      4.35e-03    8.4e-07
1234300      1.31e-01      4.15e-03    8.4e-07
1234400      1.20e-01      3.80e-03    8.4e-07
1234500      1.36e-01      4.29e-03    8.4e-07
1234600      1.31e-01      4.13e-03    8.4e-07
1234700      1.20e-01      3.79e-03    8.4e-07
1234800      1.23e-01      3.88e-03    8.4e-07
1234900      1.02e-01      3.24e-03    8.4e-07
1235000      1.27e-01      4.01e-03    8.2e-07
1235100      1.42e-01      4.50e-03    8.2e-07
1235200      1.36e-01      4.30e-03    8.2e-07
1235300      1.20e-01      3.80e-03    8.2e-07
1235400      1.37e-01      4.32e-03    8.2e-07
1235500      1.32e-01      4.18e-03    8.2e-07
1235600      1.43e-01      4.53e-03    8.2e-07
1235700      1.16e-01      3.65e-03    8.2e-07
1235800      1.32e-01      4.19e-03    8.2e-07
1235900      1.18e-01      3.73e-03    8.2e-07
1236000      1.27e-01      4.01e-03    8.2e-07
1236100      1.51e-01      4.77e-03    8.2e-07
1236200      1.47e-01      4.65e-03    8.2e-07
1236300      1.23e-01      3.88e-03    8.2e-07
1236400      1.43e-01      4.51e-03    8.2e-07
1236500      1.39e-01      4.38e-03    8.2e-07
1236600      1.13e-01      3.56e-03    8.2e-07
1236700      1.20e-01      3.80e-03    8.2e-07
1236800      1.37e-01      4.33e-03    8.2e-07
1236900      1.14e-01      3.61e-03    8.2e-07
1237000      1.15e-01      3.65e-03    8.2e-07
1237100      1.18e-01      3.74e-03    8.2e-07
1237200      1.38e-01      4.37e-03    8.2e-07
1237300      1.49e-01      4.71e-03    8.2e-07
1237400      1.27e-01      4.02e-03    8.2e-07
1237500      1.31e-01      4.13e-03    8.2e-07
1237600      1.23e-01      3.88e-03    8.2e-07
1237700      1.56e-01      4.93e-03    8.2e-07
1237800      1.30e-01      4.12e-03    8.2e-07
1237900      1.41e-01      4.46e-03    8.2e-07
1238000      1.46e-01      4.62e-03    8.2e-07
1238100      1.55e-01      4.89e-03    8.2e-07
1238200      1.45e-01      4.58e-03    8.2e-07
1238300      1.46e-01      4.61e-03    8.2e-07
1238400      1.50e-01      4.76e-03    8.2e-07
1238500      1.43e-01      4.51e-03    8.2e-07
1238600      1.13e-01      3.56e-03    8.2e-07
1238700      1.37e-01      4.33e-03    8.2e-07
1238800      9.11e-02      2.88e-03    8.2e-07
1238900      1.36e-01      4.30e-03    8.2e-07
1239000      1.30e-01      4.10e-03    8.2e-07
1239100      1.38e-01      4.36e-03    8.2e-07
1239200      1.25e-01      3.94e-03    8.2e-07
1239300      1.36e-01      4.31e-03    8.2e-07
1239400      1.34e-01      4.24e-03    8.2e-07
1239500      1.03e-01      3.25e-03    8.2e-07
1239600      1.32e-01      4.19e-03    8.2e-07
1239700      1.12e-01      3.55e-03    8.2e-07
1239800      1.28e-01      4.06e-03    8.2e-07
1239900      1.35e-01      4.26e-03    8.2e-07
1240000      1.31e-01      4.13e-03    7.9e-07
1240100      1.48e-01      4.68e-03    7.9e-07
1240200      1.52e-01      4.80e-03    7.9e-07
1240300      1.31e-01      4.13e-03    7.9e-07
1240400      1.24e-01      3.91e-03    7.9e-07
1240500      1.46e-01      4.62e-03    7.9e-07
1240600      1.19e-01      3.78e-03    7.9e-07
1240700      1.41e-01      4.45e-03    7.9e-07
1240800      1.04e-01      3.30e-03    7.9e-07
1240900      1.26e-01      3.98e-03    7.9e-07
1241000      1.46e-01      4.61e-03    7.9e-07
1241100      1.32e-01      4.17e-03    7.9e-07
1241200      1.15e-01      3.64e-03    7.9e-07
1241300      1.32e-01      4.16e-03    7.9e-07
1241400      1.30e-01      4.11e-03    7.9e-07
1241500      1.37e-01      4.34e-03    7.9e-07
1241600      1.37e-01      4.34e-03    7.9e-07
1241700      1.06e-01      3.35e-03    7.9e-07
1241800      1.42e-01      4.48e-03    7.9e-07
1241900      1.30e-01      4.11e-03    7.9e-07
1242000      1.48e-01      4.67e-03    7.9e-07
1242100      1.30e-01      4.12e-03    7.9e-07
1242200      1.45e-01      4.59e-03    7.9e-07
1242300      1.39e-01      4.38e-03    7.9e-07
1242400      1.05e-01      3.33e-03    7.9e-07
1242500      1.49e-01      4.70e-03    7.9e-07
1242600      1.47e-01      4.66e-03    7.9e-07
1242700      1.44e-01      4.55e-03    7.9e-07
1242800      1.37e-01      4.35e-03    7.9e-07
1242900      1.32e-01      4.16e-03    7.9e-07
1243000      1.46e-01      4.62e-03    7.9e-07
1243100      1.36e-01      4.30e-03    7.9e-07
1243200      1.47e-01      4.65e-03    7.9e-07
1243300      1.35e-01      4.27e-03    7.9e-07
1243400      1.24e-01      3.93e-03    7.9e-07
1243500      1.23e-01      3.90e-03    7.9e-07
1243600      1.54e-01      4.86e-03    7.9e-07
1243700      1.16e-01      3.67e-03    7.9e-07
1243800      1.45e-01      4.58e-03    7.9e-07
1243900      1.27e-01      4.01e-03    7.9e-07
1244000      1.34e-01      4.22e-03    7.9e-07
1244100      1.43e-01      4.53e-03    7.9e-07
1244200      1.28e-01      4.04e-03    7.9e-07
1244300      1.19e-01      3.77e-03    7.9e-07
1244400      1.51e-01      4.78e-03    7.9e-07
1244500      1.13e-01      3.57e-03    7.9e-07
1244600      1.18e-01      3.72e-03    7.9e-07
1244700      1.32e-01      4.18e-03    7.9e-07
1244800      9.38e-02      2.97e-03    7.9e-07
1244900      1.49e-01      4.70e-03    7.9e-07
1245000      1.20e-01      3.81e-03    7.7e-07
1245100      1.03e-01      3.27e-03    7.7e-07
1245200      1.17e-01      3.72e-03    7.7e-07
1245300      1.43e-01      4.51e-03    7.7e-07
1245400      1.27e-01      4.01e-03    7.7e-07
1245500      1.24e-01      3.92e-03    7.7e-07
1245600      1.10e-01      3.46e-03    7.7e-07
1245700      1.32e-01      4.18e-03    7.7e-07
1245800      1.25e-01      3.94e-03    7.7e-07
1245900      1.24e-01      3.91e-03    7.7e-07
1246000      1.35e-01      4.27e-03    7.7e-07
1246100      1.40e-01      4.43e-03    7.7e-07
1246200      1.26e-01      4.00e-03    7.7e-07
1246300      1.34e-01      4.23e-03    7.7e-07
1246400      1.37e-01      4.34e-03    7.7e-07
1246500      1.10e-01      3.47e-03    7.7e-07
1246600      1.09e-01      3.44e-03    7.7e-07
1246700      1.26e-01      3.99e-03    7.7e-07
1246800      1.62e-01      5.11e-03    7.7e-07
1246900      1.52e-01      4.82e-03    7.7e-07
1247000      1.38e-01      4.35e-03    7.7e-07
1247100      1.26e-01      3.99e-03    7.7e-07
1247200      1.23e-01      3.88e-03    7.7e-07
1247300      1.38e-01      4.37e-03    7.7e-07
1247400      1.43e-01      4.51e-03    7.7e-07
1247500      1.20e-01      3.78e-03    7.7e-07
1247600      1.17e-01      3.69e-03    7.7e-07
1247700      1.33e-01      4.22e-03    7.7e-07
1247800      1.38e-01      4.36e-03    7.7e-07
1247900      1.37e-01      4.33e-03    7.7e-07
1248000      1.46e-01      4.62e-03    7.7e-07
1248100      1.06e-01      3.35e-03    7.7e-07
1248200      1.62e-01      5.13e-03    7.7e-07
1248300      1.28e-01      4.06e-03    7.7e-07
1248400      1.37e-01      4.34e-03    7.7e-07
1248500      1.45e-01      4.59e-03    7.7e-07
1248600      1.43e-01      4.51e-03    7.7e-07
1248700      1.02e-01      3.22e-03    7.7e-07
1248800      1.52e-01      4.81e-03    7.7e-07
1248900      1.48e-01      4.68e-03    7.7e-07
1249000      1.12e-01      3.55e-03    7.7e-07
1249100      1.44e-01      4.56e-03    7.7e-07
1249200      1.18e-01      3.73e-03    7.7e-07
1249300      1.24e-01      3.94e-03    7.7e-07
1249400      1.42e-01      4.50e-03    7.7e-07
1249500      1.31e-01      4.14e-03    7.7e-07
1249600      1.40e-01      4.44e-03    7.7e-07
1249700      1.16e-01      3.67e-03    7.7e-07
1249800      1.21e-01      3.83e-03    7.7e-07
1249900      1.20e-01      3.81e-03    7.7e-07
1250000      1.40e-01      4.43e-03    7.5e-07
1250100      1.08e-01      3.43e-03    7.5e-07
1250200      1.46e-01      4.61e-03    7.5e-07
1250300      1.30e-01      4.12e-03    7.5e-07
1250400      1.21e-01      3.84e-03    7.5e-07
1250500      1.43e-01      4.51e-03    7.5e-07
1250600      1.24e-01      3.94e-03    7.5e-07
1250700      1.34e-01      4.24e-03    7.5e-07
1250800      1.37e-01      4.33e-03    7.5e-07
1250900      1.31e-01      4.15e-03    7.5e-07
1251000      1.29e-01      4.09e-03    7.5e-07
1251100      1.22e-01      3.86e-03    7.5e-07
1251200      1.10e-01      3.49e-03    7.5e-07
1251300      1.51e-01      4.77e-03    7.5e-07
1251400      1.32e-01      4.19e-03    7.5e-07
1251500      1.22e-01      3.85e-03    7.5e-07
1251600      1.45e-01      4.59e-03    7.5e-07
1251700      9.77e-02      3.09e-03    7.5e-07
1251800      1.17e-01      3.69e-03    7.5e-07
1251900      1.18e-01      3.74e-03    7.5e-07
1252000      1.36e-01      4.31e-03    7.5e-07
1252100      1.29e-01      4.09e-03    7.5e-07
1252200      1.27e-01      4.01e-03    7.5e-07
1252300      1.32e-01      4.16e-03    7.5e-07
1252400      1.00e-01      3.18e-03    7.5e-07
1252500      1.03e-01      3.25e-03    7.5e-07
1252600      1.53e-01      4.82e-03    7.5e-07
1252700      1.16e-01      3.66e-03    7.5e-07
1252800      1.36e-01      4.30e-03    7.5e-07
1252900      1.25e-01      3.96e-03    7.5e-07
1253000      1.61e-01      5.09e-03    7.5e-07
1253100      1.21e-01      3.81e-03    7.5e-07
1253200      1.35e-01      4.28e-03    7.5e-07
1253300      1.56e-01      4.94e-03    7.5e-07
1253400      1.28e-01      4.04e-03    7.5e-07
1253500      1.38e-01      4.37e-03    7.5e-07
1253600      1.21e-01      3.84e-03    7.5e-07
1253700      1.35e-01      4.27e-03    7.5e-07
1253800      1.36e-01      4.29e-03    7.5e-07
1253900      1.25e-01      3.94e-03    7.5e-07
1254000      1.31e-01      4.13e-03    7.5e-07
1254100      1.05e-01      3.33e-03    7.5e-07
1254200      1.19e-01      3.78e-03    7.5e-07
1254300      1.10e-01      3.48e-03    7.5e-07
1254400      1.36e-01      4.32e-03    7.5e-07
1254500      9.65e-02      3.05e-03    7.5e-07
1254600      1.28e-01      4.06e-03    7.5e-07
1254700      1.29e-01      4.08e-03    7.5e-07
1254800      1.21e-01      3.81e-03    7.5e-07
1254900      1.29e-01      4.08e-03    7.5e-07
1255000      1.37e-01      4.32e-03    7.3e-07
1255100      1.42e-01      4.48e-03    7.3e-07
1255200      1.09e-01      3.46e-03    7.3e-07
1255300      9.91e-02      3.13e-03    7.3e-07
1255400      1.39e-01      4.40e-03    7.3e-07
1255500      9.40e-02      2.97e-03    7.3e-07
1255600      1.25e-01      3.94e-03    7.3e-07
1255700      1.18e-01      3.73e-03    7.3e-07
1255800      1.08e-01      3.43e-03    7.3e-07
1255900      1.36e-01      4.31e-03    7.3e-07
1256000      1.31e-01      4.15e-03    7.3e-07
1256100      1.15e-01      3.65e-03    7.3e-07
1256200      1.35e-01      4.26e-03    7.3e-07
1256300      1.11e-01      3.51e-03    7.3e-07
1256400      1.30e-01      4.12e-03    7.3e-07
1256500      1.38e-01      4.38e-03    7.3e-07
1256600      1.44e-01      4.56e-03    7.3e-07
1256700      1.21e-01      3.84e-03    7.3e-07
1256800      1.55e-01      4.92e-03    7.3e-07
1256900      1.12e-01      3.54e-03    7.3e-07
1257000      1.22e-01      3.87e-03    7.3e-07
1257100      1.25e-01      3.95e-03    7.3e-07
1257200      1.33e-01      4.20e-03    7.3e-07
1257300      1.42e-01      4.49e-03    7.3e-07
1257400      1.48e-01      4.67e-03    7.3e-07
1257500      1.06e-01      3.36e-03    7.3e-07
1257600      1.12e-01      3.55e-03    7.3e-07
1257700      1.46e-01      4.60e-03    7.3e-07
1257800      1.16e-01      3.66e-03    7.3e-07
1257900      1.35e-01      4.27e-03    7.3e-07
1258000      1.32e-01      4.19e-03    7.3e-07
1258100      1.42e-01      4.48e-03    7.3e-07
1258200      1.01e-01      3.18e-03    7.3e-07
1258300      1.59e-01      5.01e-03    7.3e-07
1258400      1.44e-01      4.56e-03    7.3e-07
1258500      1.22e-01      3.87e-03    7.3e-07
1258600      1.18e-01      3.74e-03    7.3e-07
1258700      1.35e-01      4.26e-03    7.3e-07
1258800      1.03e-01      3.27e-03    7.3e-07
1258900      1.36e-01      4.31e-03    7.3e-07
1259000      1.44e-01      4.56e-03    7.3e-07
1259100      1.41e-01      4.46e-03    7.3e-07
1259200      1.28e-01      4.05e-03    7.3e-07
1259300      1.42e-01      4.49e-03    7.3e-07
1259400      1.21e-01      3.81e-03    7.3e-07
1259500      1.11e-01      3.51e-03    7.3e-07
1259600      1.51e-01      4.76e-03    7.3e-07
1259700      1.42e-01      4.47e-03    7.3e-07
1259800      1.10e-01      3.46e-03    7.3e-07
1259900      1.30e-01      4.12e-03    7.3e-07
1260000      1.13e-01      3.56e-03    7.1e-07
1260100      1.42e-01      4.50e-03    7.1e-07
1260200      1.45e-01      4.57e-03    7.1e-07
1260300      1.56e-01      4.94e-03    7.1e-07
1260400      1.21e-01      3.82e-03    7.1e-07
1260500      1.39e-01      4.41e-03    7.1e-07
1260600      1.14e-01      3.61e-03    7.1e-07
1260700      1.39e-01      4.40e-03    7.1e-07
1260800      1.01e-01      3.19e-03    7.1e-07
1260900      1.27e-01      4.02e-03    7.1e-07
1261000      1.21e-01      3.83e-03    7.1e-07
1261100      1.22e-01      3.86e-03    7.1e-07
1261200      1.18e-01      3.72e-03    7.1e-07
1261300      9.79e-02      3.09e-03    7.1e-07
1261400      1.17e-01      3.72e-03    7.1e-07
1261500      1.06e-01      3.34e-03    7.1e-07
1261600      1.61e-01      5.09e-03    7.1e-07
1261700      1.42e-01      4.48e-03    7.1e-07
1261800      1.14e-01      3.62e-03    7.1e-07
1261900      1.34e-01      4.25e-03    7.1e-07
1262000      1.21e-01      3.82e-03    7.1e-07
1262100      1.25e-01      3.95e-03    7.1e-07
1262200      1.36e-01      4.29e-03    7.1e-07
1262300      1.37e-01      4.33e-03    7.1e-07
1262400      1.48e-01      4.69e-03    7.1e-07
1262500      1.15e-01      3.63e-03    7.1e-07
1262600      1.35e-01      4.27e-03    7.1e-07
1262700      1.26e-01      3.98e-03    7.1e-07
1262800      1.38e-01      4.37e-03    7.1e-07
1262900      1.16e-01      3.68e-03    7.1e-07
1263000      1.30e-01      4.10e-03    7.1e-07
1263100      1.31e-01      4.15e-03    7.1e-07
1263200      1.44e-01      4.55e-03    7.1e-07
1263300      1.06e-01      3.34e-03    7.1e-07
1263400      1.23e-01      3.90e-03    7.1e-07
1263500      1.32e-01      4.17e-03    7.1e-07
1263600      1.50e-01      4.76e-03    7.1e-07
1263700      1.04e-01      3.30e-03    7.1e-07
1263800      1.38e-01      4.36e-03    7.1e-07
1263900      1.12e-01      3.55e-03    7.1e-07
1264000      1.32e-01      4.16e-03    7.1e-07
1264100      1.50e-01      4.73e-03    7.1e-07
1264200      1.35e-01      4.27e-03    7.1e-07
1264300      1.46e-01      4.62e-03    7.1e-07
1264400      1.40e-01      4.43e-03    7.1e-07
1264500      1.10e-01      3.46e-03    7.1e-07
1264600      1.12e-01      3.54e-03    7.1e-07
1264700      1.47e-01      4.65e-03    7.1e-07
1264800      1.17e-01      3.71e-03    7.1e-07
1264900      1.53e-01      4.83e-03    7.1e-07
1265000      1.43e-01      4.52e-03    6.9e-07
1265100      1.46e-01      4.62e-03    6.9e-07
1265200      1.37e-01      4.34e-03    6.9e-07
1265300      1.42e-01      4.50e-03    6.9e-07
1265400      1.23e-01      3.90e-03    6.9e-07
1265500      1.17e-01      3.70e-03    6.9e-07
1265600      1.02e-01      3.21e-03    6.9e-07
1265700      1.45e-01      4.60e-03    6.9e-07
1265800      1.48e-01      4.69e-03    6.9e-07
1265900      1.24e-01      3.94e-03    6.9e-07
1266000      1.13e-01      3.59e-03    6.9e-07
1266100      1.11e-01      3.50e-03    6.9e-07
1266200      1.26e-01      3.98e-03    6.9e-07
1266300      1.56e-01      4.94e-03    6.9e-07
1266400      1.21e-01      3.82e-03    6.9e-07
1266500      1.35e-01      4.26e-03    6.9e-07
1266600      1.09e-01      3.45e-03    6.9e-07
1266700      1.13e-01      3.56e-03    6.9e-07
1266800      1.38e-01      4.37e-03    6.9e-07
1266900      1.32e-01      4.17e-03    6.9e-07
1267000      1.44e-01      4.54e-03    6.9e-07
1267100      1.39e-01      4.40e-03    6.9e-07
1267200      1.20e-01      3.79e-03    6.9e-07
1267300      1.30e-01      4.12e-03    6.9e-07
1267400      1.13e-01      3.58e-03    6.9e-07
1267500      1.49e-01      4.70e-03    6.9e-07
1267600      1.46e-01      4.63e-03    6.9e-07
1267700      1.15e-01      3.64e-03    6.9e-07
1267800      1.37e-01      4.33e-03    6.9e-07
1267900      1.23e-01      3.90e-03    6.9e-07
1268000      1.30e-01      4.12e-03    6.9e-07
1268100      1.25e-01      3.94e-03    6.9e-07
1268200      1.14e-01      3.61e-03    6.9e-07
1268300      9.42e-02      2.98e-03    6.9e-07
1268400      1.52e-01      4.82e-03    6.9e-07
1268500      1.35e-01      4.28e-03    6.9e-07
1268600      1.32e-01      4.16e-03    6.9e-07
1268700      1.37e-01      4.33e-03    6.9e-07
1268800      1.30e-01      4.11e-03    6.9e-07
1268900      1.29e-01      4.09e-03    6.9e-07
1269000      1.20e-01      3.81e-03    6.9e-07
1269100      1.03e-01      3.25e-03    6.9e-07
1269200      1.37e-01      4.32e-03    6.9e-07
1269300      1.27e-01      4.02e-03    6.9e-07
1269400      1.09e-01      3.44e-03    6.9e-07
1269500      1.27e-01      4.01e-03    6.9e-07
1269600      1.20e-01      3.80e-03    6.9e-07
1269700      1.46e-01      4.61e-03    6.9e-07
1269800      1.25e-01      3.96e-03    6.9e-07
1269900      1.18e-01      3.75e-03    6.9e-07
1270000      1.45e-01      4.57e-03    6.7e-07
1270100      1.32e-01      4.17e-03    6.7e-07
1270200      1.16e-01      3.68e-03    6.7e-07
1270300      1.04e-01      3.27e-03    6.7e-07
1270400      1.45e-01      4.60e-03    6.7e-07
1270500      1.14e-01      3.61e-03    6.7e-07
1270600      1.47e-01      4.65e-03    6.7e-07
1270700      1.42e-01      4.48e-03    6.7e-07
1270800      1.36e-01      4.29e-03    6.7e-07
1270900      1.35e-01      4.26e-03    6.7e-07
1271000      1.30e-01      4.12e-03    6.7e-07
1271100      1.32e-01      4.16e-03    6.7e-07
1271200      1.45e-01      4.58e-03    6.7e-07
1271300      1.43e-01      4.53e-03    6.7e-07
1271400      1.63e-01      5.14e-03    6.7e-07
1271500      1.45e-01      4.58e-03    6.7e-07
1271600      1.52e-01      4.80e-03    6.7e-07
1271700      1.46e-01      4.60e-03    6.7e-07
1271800      1.32e-01      4.17e-03    6.7e-07
1271900      1.45e-01      4.60e-03    6.7e-07
1272000      1.16e-01      3.66e-03    6.7e-07
1272100      1.40e-01      4.42e-03    6.7e-07
1272200      1.41e-01      4.47e-03    6.7e-07
1272300      1.43e-01      4.53e-03    6.7e-07
1272400      1.38e-01      4.37e-03    6.7e-07
1272500      1.50e-01      4.75e-03    6.7e-07
1272600      1.10e-01      3.47e-03    6.7e-07
1272700      1.27e-01      4.02e-03    6.7e-07
1272800      1.42e-01      4.50e-03    6.7e-07
1272900      1.00e-01      3.17e-03    6.7e-07
1273000      1.40e-01      4.42e-03    6.7e-07
1273100      1.19e-01      3.75e-03    6.7e-07
1273200      1.60e-01      5.06e-03    6.7e-07
1273300      1.26e-01      3.97e-03    6.7e-07
1273400      1.44e-01      4.55e-03    6.7e-07
1273500      1.26e-01      3.99e-03    6.7e-07
1273600      1.40e-01      4.43e-03    6.7e-07
1273700      1.18e-01      3.74e-03    6.7e-07
1273800      1.54e-01      4.88e-03    6.7e-07
1273900      1.48e-01      4.68e-03    6.7e-07
1274000      1.44e-01      4.57e-03    6.7e-07
1274100      1.39e-01      4.41e-03    6.7e-07
1274200      1.36e-01      4.29e-03    6.7e-07
1274300      1.26e-01      4.00e-03    6.7e-07
1274400      1.62e-01      5.12e-03    6.7e-07
1274500      1.06e-01      3.36e-03    6.7e-07
1274600      1.23e-01      3.89e-03    6.7e-07
1274700      1.43e-01      4.52e-03    6.7e-07
1274800      1.40e-01      4.42e-03    6.7e-07
1274900      1.09e-01      3.45e-03    6.7e-07
1275000      1.06e-01      3.34e-03    6.5e-07
1275100      1.42e-01      4.49e-03    6.5e-07
1275200      1.40e-01      4.42e-03    6.5e-07
1275300      1.25e-01      3.95e-03    6.5e-07
1275400      1.30e-01      4.11e-03    6.5e-07
1275500      1.62e-01      5.13e-03    6.5e-07
1275600      1.16e-01      3.66e-03    6.5e-07
1275700      1.10e-01      3.48e-03    6.5e-07
1275800      1.14e-01      3.60e-03    6.5e-07
1275900      1.39e-01      4.41e-03    6.5e-07
1276000      1.44e-01      4.55e-03    6.5e-07
1276100      1.33e-01      4.19e-03    6.5e-07
1276200      1.29e-01      4.08e-03    6.5e-07
1276300      1.30e-01      4.12e-03    6.5e-07
1276400      1.31e-01      4.15e-03    6.5e-07
1276500      1.47e-01      4.66e-03    6.5e-07
1276600      9.76e-02      3.09e-03    6.5e-07
1276700      1.18e-01      3.73e-03    6.5e-07
1276800      1.22e-01      3.86e-03    6.5e-07
1276900      1.08e-01      3.40e-03    6.5e-07
1277000      1.56e-01      4.92e-03    6.5e-07
1277100      1.51e-01      4.78e-03    6.5e-07
1277200      1.49e-01      4.70e-03    6.5e-07
1277300      1.34e-01      4.25e-03    6.5e-07
1277400      1.46e-01      4.61e-03    6.5e-07
1277500      1.24e-01      3.92e-03    6.5e-07
1277600      1.29e-01      4.08e-03    6.5e-07
1277700      1.35e-01      4.27e-03    6.5e-07
1277800      1.26e-01      3.97e-03    6.5e-07
1277900      1.00e-01      3.18e-03    6.5e-07
1278000      1.39e-01      4.38e-03    6.5e-07
1278100      1.38e-01      4.38e-03    6.5e-07
1278200      1.06e-01      3.34e-03    6.5e-07
1278300      1.10e-01      3.48e-03    6.5e-07
1278400      1.52e-01      4.80e-03    6.5e-07
1278500      1.19e-01      3.76e-03    6.5e-07
1278600      1.33e-01      4.22e-03    6.5e-07
1278700      1.16e-01      3.67e-03    6.5e-07
1278800      1.56e-01      4.95e-03    6.5e-07
1278900      1.15e-01      3.62e-03    6.5e-07
1279000      1.40e-01      4.41e-03    6.5e-07
1279100      1.25e-01      3.96e-03    6.5e-07
1279200      1.26e-01      3.98e-03    6.5e-07
1279300      1.46e-01      4.63e-03    6.5e-07
1279400      1.53e-01      4.85e-03    6.5e-07
1279500      1.29e-01      4.09e-03    6.5e-07
1279600      1.54e-01      4.86e-03    6.5e-07
1279700      1.13e-01      3.57e-03    6.5e-07
1279800      1.43e-01      4.51e-03    6.5e-07
1279900      1.18e-01      3.72e-03    6.5e-07
1280000      1.51e-01      4.76e-03    6.3e-07
1280100      1.33e-01      4.21e-03    6.3e-07
1280200      1.44e-01      4.56e-03    6.3e-07
1280300      1.45e-01      4.59e-03    6.3e-07
1280400      9.36e-02      2.96e-03    6.3e-07
1280500      1.53e-01      4.83e-03    6.3e-07
1280600      1.38e-01      4.36e-03    6.3e-07
1280700      1.10e-01      3.47e-03    6.3e-07
1280800      1.40e-01      4.42e-03    6.3e-07
1280900      1.29e-01      4.08e-03    6.3e-07
1281000      1.20e-01      3.78e-03    6.3e-07
1281100      1.38e-01      4.36e-03    6.3e-07
1281200      1.48e-01      4.68e-03    6.3e-07
1281300      1.22e-01      3.85e-03    6.3e-07
1281400      1.56e-01      4.95e-03    6.3e-07
1281500      1.36e-01      4.30e-03    6.3e-07
1281600      1.08e-01      3.41e-03    6.3e-07
1281700      1.39e-01      4.39e-03    6.3e-07
1281800      1.37e-01      4.33e-03    6.3e-07
1281900      1.13e-01      3.58e-03    6.3e-07
1282000      1.32e-01      4.17e-03    6.3e-07
1282100      1.31e-01      4.14e-03    6.3e-07
1282200      1.41e-01      4.45e-03    6.3e-07
1282300      1.40e-01      4.43e-03    6.3e-07
1282400      1.37e-01      4.33e-03    6.3e-07
1282500      1.09e-01      3.45e-03    6.3e-07
1282600      9.95e-02      3.15e-03    6.3e-07
1282700      1.50e-01      4.76e-03    6.3e-07
1282800      1.47e-01      4.65e-03    6.3e-07
1282900      1.06e-01      3.36e-03    6.3e-07
1283000      1.21e-01      3.83e-03    6.3e-07
1283100      1.38e-01      4.37e-03    6.3e-07
1283200      1.03e-01      3.24e-03    6.3e-07
1283300      1.49e-01      4.72e-03    6.3e-07
1283400      1.09e-01      3.44e-03    6.3e-07
1283500      1.03e-01      3.27e-03    6.3e-07
1283600      1.43e-01      4.53e-03    6.3e-07
1283700      1.47e-01      4.64e-03    6.3e-07
1283800      1.26e-01      3.97e-03    6.3e-07
1283900      1.17e-01      3.68e-03    6.3e-07
1284000      1.16e-01      3.68e-03    6.3e-07
1284100      1.23e-01      3.88e-03    6.3e-07
1284200      1.17e-01      3.70e-03    6.3e-07
1284300      1.14e-01      3.61e-03    6.3e-07
1284400      1.51e-01      4.77e-03    6.3e-07
1284500      1.32e-01      4.17e-03    6.3e-07
1284600      1.29e-01      4.09e-03    6.3e-07
1284700      1.13e-01      3.56e-03    6.3e-07
1284800      1.30e-01      4.12e-03    6.3e-07
1284900      1.26e-01      3.98e-03    6.3e-07
1285000      1.35e-01      4.26e-03    6.1e-07
1285100      1.33e-01      4.20e-03    6.1e-07
1285200      1.07e-01      3.38e-03    6.1e-07
1285300      1.32e-01      4.18e-03    6.1e-07
1285400      1.46e-01      4.60e-03    6.1e-07
1285500      1.07e-01      3.38e-03    6.1e-07
1285600      1.24e-01      3.93e-03    6.1e-07
1285700      1.52e-01      4.81e-03    6.1e-07
1285800      1.16e-01      3.67e-03    6.1e-07
1285900      1.36e-01      4.29e-03    6.1e-07
1286000      1.07e-01      3.37e-03    6.1e-07
1286100      1.34e-01      4.25e-03    6.1e-07
1286200      1.13e-01      3.57e-03    6.1e-07
1286300      1.22e-01      3.84e-03    6.1e-07
1286400      1.45e-01      4.57e-03    6.1e-07
1286500      1.07e-01      3.38e-03    6.1e-07
1286600      1.15e-01      3.64e-03    6.1e-07
1286700      1.25e-01      3.96e-03    6.1e-07
1286800      1.38e-01      4.36e-03    6.1e-07
1286900      1.22e-01      3.86e-03    6.1e-07
1287000      1.42e-01      4.48e-03    6.1e-07
1287100      1.50e-01      4.73e-03    6.1e-07
1287200      1.52e-01      4.81e-03    6.1e-07
1287300      1.41e-01      4.45e-03    6.1e-07
1287400      1.20e-01      3.79e-03    6.1e-07
1287500      1.26e-01      3.98e-03    6.1e-07
1287600      1.47e-01      4.64e-03    6.1e-07
1287700      1.53e-01      4.85e-03    6.1e-07
1287800      1.34e-01      4.24e-03    6.1e-07
1287900      1.07e-01      3.38e-03    6.1e-07
1288000      1.33e-01      4.21e-03    6.1e-07
1288100      1.29e-01      4.09e-03    6.1e-07
1288200      1.05e-01      3.31e-03    6.1e-07
1288300      1.26e-01      4.00e-03    6.1e-07
1288400      1.38e-01      4.37e-03    6.1e-07
1288500      1.16e-01      3.67e-03    6.1e-07
1288600      1.44e-01      4.55e-03    6.1e-07
1288700      1.36e-01      4.30e-03    6.1e-07
1288800      1.22e-01      3.84e-03    6.1e-07
1288900      1.24e-01      3.94e-03    6.1e-07
1289000      1.31e-01      4.13e-03    6.1e-07
1289100      1.41e-01      4.45e-03    6.1e-07
1289200      1.40e-01      4.43e-03    6.1e-07
1289300      1.58e-01      4.98e-03    6.1e-07
1289400      1.10e-01      3.49e-03    6.1e-07
1289500      1.37e-01      4.33e-03    6.1e-07
1289600      1.26e-01      3.97e-03    6.1e-07
1289700      1.18e-01      3.73e-03    6.1e-07
1289800      1.26e-01      3.99e-03    6.1e-07
1289900      1.20e-01      3.78e-03    6.1e-07
1290000      1.22e-01      3.85e-03    6.0e-07
1290100      1.39e-01      4.38e-03    6.0e-07
1290200      1.09e-01      3.45e-03    6.0e-07
1290300      1.17e-01      3.69e-03    6.0e-07
1290400      1.32e-01      4.16e-03    6.0e-07
1290500      1.25e-01      3.96e-03    6.0e-07
1290600      1.49e-01      4.70e-03    6.0e-07
1290700      1.33e-01      4.21e-03    6.0e-07
1290800      1.32e-01      4.16e-03    6.0e-07
1290900      1.15e-01      3.65e-03    6.0e-07
1291000      1.44e-01      4.56e-03    6.0e-07
1291100      1.25e-01      3.94e-03    6.0e-07
1291200      1.17e-01      3.71e-03    6.0e-07
1291300      1.35e-01      4.25e-03    6.0e-07
1291400      1.44e-01      4.56e-03    6.0e-07
1291500      1.17e-01      3.70e-03    6.0e-07
1291600      1.36e-01      4.32e-03    6.0e-07
1291700      1.53e-01      4.83e-03    6.0e-07
1291800      1.32e-01      4.19e-03    6.0e-07
1291900      1.32e-01      4.17e-03    6.0e-07
1292000      1.20e-01      3.78e-03    6.0e-07
1292100      1.18e-01      3.74e-03    6.0e-07
1292200      1.12e-01      3.56e-03    6.0e-07
1292300      1.44e-01      4.56e-03    6.0e-07
1292400      1.33e-01      4.21e-03    6.0e-07
1292500      1.48e-01      4.67e-03    6.0e-07
1292600      1.03e-01      3.26e-03    6.0e-07
1292700      1.31e-01      4.16e-03    6.0e-07
1292800      1.23e-01      3.88e-03    6.0e-07
1292900      1.43e-01      4.51e-03    6.0e-07
1293000      1.04e-01      3.30e-03    6.0e-07
1293100      1.44e-01      4.55e-03    6.0e-07
1293200      1.49e-01      4.70e-03    6.0e-07
1293300      1.20e-01      3.78e-03    6.0e-07
1293400      1.08e-01      3.42e-03    6.0e-07
1293500      1.13e-01      3.57e-03    6.0e-07
1293600      1.44e-01      4.55e-03    6.0e-07
1293700      1.34e-01      4.22e-03    6.0e-07
1293800      1.53e-01      4.85e-03    6.0e-07
1293900      1.39e-01      4.40e-03    6.0e-07
1294000      1.48e-01      4.69e-03    6.0e-07
1294100      1.26e-01      3.98e-03    6.0e-07
1294200      1.40e-01      4.44e-03    6.0e-07
1294300      1.37e-01      4.33e-03    6.0e-07
1294400      1.06e-01      3.35e-03    6.0e-07
1294500      1.26e-01      3.99e-03    6.0e-07
1294600      1.47e-01      4.65e-03    6.0e-07
1294700      1.34e-01      4.25e-03    6.0e-07
1294800      1.36e-01      4.29e-03    6.0e-07
1294900      1.48e-01      4.68e-03    6.0e-07
1295000      1.52e-01      4.79e-03    5.8e-07
1295100      1.03e-01      3.24e-03    5.8e-07
1295200      1.36e-01      4.31e-03    5.8e-07
1295300      1.29e-01      4.07e-03    5.8e-07
1295400      1.35e-01      4.28e-03    5.8e-07
1295500      1.68e-01      5.31e-03    5.8e-07
1295600      1.32e-01      4.19e-03    5.8e-07
1295700      1.14e-01      3.59e-03    5.8e-07
1295800      1.09e-01      3.45e-03    5.8e-07
1295900      1.12e-01      3.55e-03    5.8e-07
1296000      1.35e-01      4.27e-03    5.8e-07
1296100      1.34e-01      4.24e-03    5.8e-07
1296200      1.37e-01      4.33e-03    5.8e-07
1296300      1.17e-01      3.71e-03    5.8e-07
1296400      1.46e-01      4.61e-03    5.8e-07
1296500      1.30e-01      4.11e-03    5.8e-07
1296600      1.43e-01      4.52e-03    5.8e-07
1296700      1.14e-01      3.60e-03    5.8e-07
1296800      1.63e-01      5.14e-03    5.8e-07
1296900      1.32e-01      4.16e-03    5.8e-07
1297000      1.25e-01      3.94e-03    5.8e-07
1297100      1.24e-01      3.92e-03    5.8e-07
1297200      1.28e-01      4.05e-03    5.8e-07
1297300      1.24e-01      3.91e-03    5.8e-07
1297400      1.31e-01      4.15e-03    5.8e-07
1297500      1.41e-01      4.45e-03    5.8e-07
1297600      1.25e-01      3.95e-03    5.8e-07
1297700      1.40e-01      4.44e-03    5.8e-07
1297800      1.37e-01      4.32e-03    5.8e-07
1297900      1.31e-01      4.15e-03    5.8e-07
1298000      1.39e-01      4.39e-03    5.8e-07
1298100      1.57e-01      4.96e-03    5.8e-07
1298200      1.05e-01      3.33e-03    5.8e-07
1298300      1.15e-01      3.65e-03    5.8e-07
1298400      1.44e-01      4.56e-03    5.8e-07
1298500      1.39e-01      4.40e-03    5.8e-07
1298600      1.15e-01      3.65e-03    5.8e-07
1298700      1.26e-01      3.97e-03    5.8e-07
1298800      1.28e-01      4.04e-03    5.8e-07
1298900      1.53e-01      4.82e-03    5.8e-07
1299000      1.34e-01      4.23e-03    5.8e-07
1299100      1.19e-01      3.78e-03    5.8e-07
1299200      1.06e-01      3.36e-03    5.8e-07
1299300      1.45e-01      4.59e-03    5.8e-07
1299400      1.25e-01      3.95e-03    5.8e-07
1299500      1.29e-01      4.08e-03    5.8e-07
1299600      1.40e-01      4.43e-03    5.8e-07
1299700      1.45e-01      4.57e-03    5.8e-07
1299800      1.27e-01      4.02e-03    5.8e-07
1299900      1.54e-01      4.86e-03    5.8e-07
1300000      1.25e-01      3.97e-03    5.6e-07
1300100      1.14e-01      3.62e-03    5.6e-07
1300200      1.35e-01      4.28e-03    5.6e-07
1300300      1.20e-01      3.79e-03    5.6e-07
1300400      1.33e-01      4.21e-03    5.6e-07
1300500      1.24e-01      3.93e-03    5.6e-07
1300600      1.39e-01      4.41e-03    5.6e-07
1300700      1.02e-01      3.24e-03    5.6e-07
1300800      1.31e-01      4.15e-03    5.6e-07
1300900      1.31e-01      4.15e-03    5.6e-07
1301000      1.23e-01      3.88e-03    5.6e-07
1301100      1.57e-01      4.95e-03    5.6e-07
1301200      1.38e-01      4.36e-03    5.6e-07
1301300      1.15e-01      3.64e-03    5.6e-07
1301400      1.35e-01      4.28e-03    5.6e-07
1301500      1.38e-01      4.36e-03    5.6e-07
1301600      1.10e-01      3.48e-03    5.6e-07
1301700      1.40e-01      4.43e-03    5.6e-07
1301800      1.39e-01      4.41e-03    5.6e-07
1301900      1.32e-01      4.17e-03    5.6e-07
1302000      1.37e-01      4.33e-03    5.6e-07
1302100      1.31e-01      4.14e-03    5.6e-07
1302200      1.24e-01      3.92e-03    5.6e-07
1302300      1.35e-01      4.28e-03    5.6e-07
1302400      1.45e-01      4.57e-03    5.6e-07
1302500      1.09e-01      3.45e-03    5.6e-07
1302600      1.54e-01      4.87e-03    5.6e-07
1302700      1.21e-01      3.83e-03    5.6e-07
1302800      1.44e-01      4.56e-03    5.6e-07
1302900      1.12e-01      3.54e-03    5.6e-07
1303000      1.13e-01      3.58e-03    5.6e-07
1303100      1.38e-01      4.35e-03    5.6e-07
1303200      1.18e-01      3.74e-03    5.6e-07
1303300      1.29e-01      4.09e-03    5.6e-07
1303400      1.16e-01      3.67e-03    5.6e-07
1303500      1.49e-01      4.70e-03    5.6e-07
1303600      1.49e-01      4.70e-03    5.6e-07
1303700      1.46e-01      4.61e-03    5.6e-07
1303800      1.24e-01      3.92e-03    5.6e-07
1303900      1.38e-01      4.37e-03    5.6e-07
1304000      1.43e-01      4.53e-03    5.6e-07
1304100      1.20e-01      3.78e-03    5.6e-07
1304200      1.42e-01      4.49e-03    5.6e-07
1304300      1.28e-01      4.06e-03    5.6e-07
1304400      1.18e-01      3.73e-03    5.6e-07
1304500      9.68e-02      3.06e-03    5.6e-07
1304600      1.31e-01      4.13e-03    5.6e-07
1304700      1.48e-01      4.70e-03    5.6e-07
1304800      1.17e-01      3.69e-03    5.6e-07
1304900      1.22e-01      3.87e-03    5.6e-07
1305000      1.47e-01      4.66e-03    5.5e-07
1305100      1.35e-01      4.28e-03    5.5e-07
1305200      1.57e-01      4.96e-03    5.5e-07
1305300      1.18e-01      3.74e-03    5.5e-07
1305400      1.47e-01      4.65e-03    5.5e-07
1305500      1.51e-01      4.77e-03    5.5e-07
1305600      1.04e-01      3.30e-03    5.5e-07
1305700      1.36e-01      4.31e-03    5.5e-07
1305800      1.41e-01      4.44e-03    5.5e-07
1305900      1.33e-01      4.20e-03    5.5e-07
1306000      1.23e-01      3.89e-03    5.5e-07
1306100      1.33e-01      4.21e-03    5.5e-07
1306200      1.35e-01      4.27e-03    5.5e-07
1306300      1.39e-01      4.40e-03    5.5e-07
1306400      1.07e-01      3.38e-03    5.5e-07
1306500      1.08e-01      3.43e-03    5.5e-07
1306600      1.42e-01      4.48e-03    5.5e-07
1306700      1.52e-01      4.81e-03    5.5e-07
1306800      1.17e-01      3.69e-03    5.5e-07
1306900      1.24e-01      3.94e-03    5.5e-07
1307000      1.14e-01      3.62e-03    5.5e-07
1307100      1.30e-01      4.12e-03    5.5e-07
1307200      1.45e-01      4.60e-03    5.5e-07
1307300      1.14e-01      3.60e-03    5.5e-07
1307400      1.42e-01      4.48e-03    5.5e-07
1307500      1.13e-01      3.57e-03    5.5e-07
1307600      1.41e-01      4.46e-03    5.5e-07
1307700      1.46e-01      4.61e-03    5.5e-07
1307800      1.33e-01      4.19e-03    5.5e-07
1307900      1.40e-01      4.41e-03    5.5e-07
1308000      1.34e-01      4.22e-03    5.5e-07
1308100      1.49e-01      4.72e-03    5.5e-07
1308200      1.10e-01      3.49e-03    5.5e-07
1308300      1.16e-01      3.68e-03    5.5e-07
1308400      1.31e-01      4.15e-03    5.5e-07
1308500      1.41e-01      4.47e-03    5.5e-07
1308600      1.46e-01      4.62e-03    5.5e-07
1308700      1.38e-01      4.37e-03    5.5e-07
1308800      1.24e-01      3.93e-03    5.5e-07
1308900      1.43e-01      4.53e-03    5.5e-07
1309000      1.22e-01      3.87e-03    5.5e-07
1309100      1.10e-01      3.48e-03    5.5e-07
1309200      1.08e-01      3.43e-03    5.5e-07
1309300      1.05e-01      3.33e-03    5.5e-07
1309400      1.49e-01      4.70e-03    5.5e-07
1309500      1.29e-01      4.08e-03    5.5e-07
1309600      1.33e-01      4.22e-03    5.5e-07
1309700      1.33e-01      4.22e-03    5.5e-07
1309800      1.37e-01      4.32e-03    5.5e-07
1309900      1.39e-01      4.39e-03    5.5e-07
1310000      1.16e-01      3.67e-03    5.3e-07
1310100      1.34e-01      4.25e-03    5.3e-07
1310200      1.32e-01      4.17e-03    5.3e-07
1310300      1.29e-01      4.09e-03    5.3e-07
1310400      1.30e-01      4.12e-03    5.3e-07
1310500      1.10e-01      3.47e-03    5.3e-07
1310600      1.43e-01      4.52e-03    5.3e-07
1310700      1.18e-01      3.74e-03    5.3e-07
1310800      1.21e-01      3.84e-03    5.3e-07
1310900      1.05e-01      3.32e-03    5.3e-07
1311000      1.52e-01      4.79e-03    5.3e-07
1311100      1.13e-01      3.58e-03    5.3e-07
1311200      1.12e-01      3.56e-03    5.3e-07
1311300      1.06e-01      3.35e-03    5.3e-07
1311400      1.37e-01      4.35e-03    5.3e-07
1311500      1.39e-01      4.40e-03    5.3e-07
1311600      1.12e-01      3.54e-03    5.3e-07
1311700      1.46e-01      4.61e-03    5.3e-07
1311800      1.51e-01      4.77e-03    5.3e-07
1311900      1.27e-01      4.03e-03    5.3e-07
1312000      1.16e-01      3.68e-03    5.3e-07
1312100      1.27e-01      4.01e-03    5.3e-07
1312200      1.26e-01      4.00e-03    5.3e-07
1312300      9.50e-02      3.00e-03    5.3e-07
1312400      1.28e-01      4.05e-03    5.3e-07
1312500      1.45e-01      4.58e-03    5.3e-07
1312600      1.50e-01      4.75e-03    5.3e-07
1312700      1.13e-01      3.58e-03    5.3e-07
1312800      1.20e-01      3.79e-03    5.3e-07
1312900      1.24e-01      3.93e-03    5.3e-07
1313000      1.30e-01      4.12e-03    5.3e-07
1313100      1.33e-01      4.22e-03    5.3e-07
1313200      1.52e-01      4.80e-03    5.3e-07
1313300      1.44e-01      4.56e-03    5.3e-07
1313400      1.43e-01      4.53e-03    5.3e-07
1313500      1.22e-01      3.84e-03    5.3e-07
1313600      1.09e-01      3.46e-03    5.3e-07
1313700      1.32e-01      4.16e-03    5.3e-07
1313800      1.20e-01      3.79e-03    5.3e-07
1313900      1.18e-01      3.73e-03    5.3e-07
1314000      1.25e-01      3.96e-03    5.3e-07
1314100      1.36e-01      4.31e-03    5.3e-07
1314200      1.42e-01      4.50e-03    5.3e-07
1314300      1.22e-01      3.86e-03    5.3e-07
1314400      1.28e-01      4.04e-03    5.3e-07
1314500      1.10e-01      3.47e-03    5.3e-07
1314600      1.52e-01      4.82e-03    5.3e-07
1314700      1.21e-01      3.83e-03    5.3e-07
1314800      1.44e-01      4.55e-03    5.3e-07
1314900      1.35e-01      4.27e-03    5.3e-07
1315000      1.21e-01      3.82e-03    5.2e-07
1315100      1.17e-01      3.71e-03    5.2e-07
1315200      1.03e-01      3.25e-03    5.2e-07
1315300      1.31e-01      4.13e-03    5.2e-07
1315400      1.32e-01      4.19e-03    5.2e-07
1315500      1.15e-01      3.64e-03    5.2e-07
1315600      9.82e-02      3.10e-03    5.2e-07
1315700      1.50e-01      4.74e-03    5.2e-07
1315800      1.30e-01      4.11e-03    5.2e-07
1315900      1.12e-01      3.55e-03    5.2e-07
1316000      1.06e-01      3.35e-03    5.2e-07
1316100      1.11e-01      3.50e-03    5.2e-07
1316200      1.21e-01      3.83e-03    5.2e-07
1316300      1.37e-01      4.34e-03    5.2e-07
1316400      1.62e-01      5.12e-03    5.2e-07
1316500      1.45e-01      4.59e-03    5.2e-07
1316600      1.05e-01      3.32e-03    5.2e-07
1316700      1.18e-01      3.73e-03    5.2e-07
1316800      1.09e-01      3.46e-03    5.2e-07
1316900      1.18e-01      3.72e-03    5.2e-07
1317000      1.38e-01      4.36e-03    5.2e-07
1317100      1.28e-01      4.06e-03    5.2e-07
1317200      1.01e-01      3.19e-03    5.2e-07
1317300      1.25e-01      3.94e-03    5.2e-07
1317400      1.20e-01      3.79e-03    5.2e-07
1317500      1.40e-01      4.42e-03    5.2e-07
1317600      1.22e-01      3.85e-03    5.2e-07
1317700      1.15e-01      3.65e-03    5.2e-07
1317800      1.24e-01      3.91e-03    5.2e-07
1317900      1.44e-01      4.54e-03    5.2e-07
1318000      1.01e-01      3.18e-03    5.2e-07
1318100      1.29e-01      4.08e-03    5.2e-07
1318200      1.16e-01      3.67e-03    5.2e-07
1318300      1.20e-01      3.81e-03    5.2e-07
1318400      1.60e-01      5.05e-03    5.2e-07
1318500      1.42e-01      4.48e-03    5.2e-07
1318600      1.05e-01      3.33e-03    5.2e-07
1318700      1.21e-01      3.83e-03    5.2e-07
1318800      1.35e-01      4.27e-03    5.2e-07
1318900      1.21e-01      3.83e-03    5.2e-07
1319000      1.58e-01      5.00e-03    5.2e-07
1319100      1.49e-01      4.70e-03    5.2e-07
1319200      1.53e-01      4.83e-03    5.2e-07
1319300      1.41e-01      4.45e-03    5.2e-07
1319400      1.09e-01      3.45e-03    5.2e-07
1319500      1.40e-01      4.44e-03    5.2e-07
1319600      1.18e-01      3.74e-03    5.2e-07
1319700      1.49e-01      4.72e-03    5.2e-07
1319800      1.01e-01      3.20e-03    5.2e-07
1319900      1.42e-01      4.49e-03    5.2e-07
1320000      1.38e-01      4.37e-03    5.0e-07
1320100      1.45e-01      4.57e-03    5.0e-07
1320200      1.21e-01      3.84e-03    5.0e-07
1320300      1.12e-01      3.55e-03    5.0e-07
1320400      1.47e-01      4.66e-03    5.0e-07
1320500      1.43e-01      4.53e-03    5.0e-07
1320600      1.39e-01      4.38e-03    5.0e-07
1320700      1.06e-01      3.35e-03    5.0e-07
1320800      1.18e-01      3.73e-03    5.0e-07
1320900      1.05e-01      3.31e-03    5.0e-07
1321000      1.04e-01      3.30e-03    5.0e-07
1321100      1.39e-01      4.40e-03    5.0e-07
1321200      1.24e-01      3.92e-03    5.0e-07
1321300      1.20e-01      3.80e-03    5.0e-07
1321400      1.47e-01      4.65e-03    5.0e-07
1321500      1.18e-01      3.74e-03    5.0e-07
1321600      1.18e-01      3.72e-03    5.0e-07
1321700      1.42e-01      4.50e-03    5.0e-07
1321800      1.31e-01      4.15e-03    5.0e-07
1321900      1.38e-01      4.36e-03    5.0e-07
1322000      1.15e-01      3.65e-03    5.0e-07
1322100      1.51e-01      4.76e-03    5.0e-07
1322200      1.04e-01      3.30e-03    5.0e-07
1322300      1.30e-01      4.11e-03    5.0e-07
1322400      1.29e-01      4.07e-03    5.0e-07
1322500      1.43e-01      4.51e-03    5.0e-07
1322600      1.26e-01      3.99e-03    5.0e-07
1322700      1.19e-01      3.75e-03    5.0e-07
1322800      9.87e-02      3.12e-03    5.0e-07
1322900      1.37e-01      4.35e-03    5.0e-07
1323000      1.06e-01      3.35e-03    5.0e-07
1323100      1.38e-01      4.37e-03    5.0e-07
1323200      1.06e-01      3.35e-03    5.0e-07
1323300      1.07e-01      3.38e-03    5.0e-07
1323400      1.23e-01      3.88e-03    5.0e-07
1323500      1.44e-01      4.55e-03    5.0e-07
1323600      1.26e-01      3.97e-03    5.0e-07
1323700      1.30e-01      4.10e-03    5.0e-07
1323800      1.48e-01      4.67e-03    5.0e-07
1323900      1.17e-01      3.71e-03    5.0e-07
1324000      1.38e-01      4.36e-03    5.0e-07
1324100      1.49e-01      4.72e-03    5.0e-07
1324200      1.47e-01      4.65e-03    5.0e-07
1324300      1.11e-01      3.52e-03    5.0e-07
1324400      9.75e-02      3.08e-03    5.0e-07
1324500      1.41e-01      4.46e-03    5.0e-07
1324600      1.03e-01      3.25e-03    5.0e-07
1324700      1.48e-01      4.67e-03    5.0e-07
1324800      1.36e-01      4.29e-03    5.0e-07
1324900      1.22e-01      3.84e-03    5.0e-07
1325000      1.43e-01      4.51e-03    4.9e-07
1325100      1.48e-01      4.68e-03    4.9e-07
1325200      1.17e-01      3.70e-03    4.9e-07
1325300      1.16e-01      3.66e-03    4.9e-07
1325400      1.14e-01      3.59e-03    4.9e-07
1325500      1.20e-01      3.78e-03    4.9e-07
1325600      1.18e-01      3.73e-03    4.9e-07
1325700      1.22e-01      3.84e-03    4.9e-07
1325800      1.34e-01      4.23e-03    4.9e-07
1325900      1.05e-01      3.33e-03    4.9e-07
1326000      1.32e-01      4.17e-03    4.9e-07
1326100      1.28e-01      4.04e-03    4.9e-07
1326200      1.29e-01      4.09e-03    4.9e-07
1326300      1.33e-01      4.21e-03    4.9e-07
1326400      1.34e-01      4.22e-03    4.9e-07
1326500      1.50e-01      4.76e-03    4.9e-07
1326600      1.43e-01      4.51e-03    4.9e-07
1326700      1.40e-01      4.42e-03    4.9e-07
1326800      1.10e-01      3.46e-03    4.9e-07
1326900      1.44e-01      4.57e-03    4.9e-07
1327000      1.30e-01      4.12e-03    4.9e-07
1327100      1.17e-01      3.71e-03    4.9e-07
1327200      1.13e-01      3.58e-03    4.9e-07
1327300      1.34e-01      4.25e-03    4.9e-07
1327400      1.36e-01      4.30e-03    4.9e-07
1327500      1.19e-01      3.78e-03    4.9e-07
1327600      1.21e-01      3.83e-03    4.9e-07
1327700      1.46e-01      4.61e-03    4.9e-07
1327800      1.19e-01      3.77e-03    4.9e-07
1327900      1.50e-01      4.75e-03    4.9e-07
1328000      1.35e-01      4.27e-03    4.9e-07
1328100      1.31e-01      4.13e-03    4.9e-07
1328200      1.44e-01      4.55e-03    4.9e-07
1328300      1.51e-01      4.77e-03    4.9e-07
1328400      1.19e-01      3.77e-03    4.9e-07
1328500      1.09e-01      3.44e-03    4.9e-07
1328600      1.20e-01      3.79e-03    4.9e-07
1328700      1.10e-01      3.48e-03    4.9e-07
1328800      1.44e-01      4.57e-03    4.9e-07
1328900      1.30e-01      4.12e-03    4.9e-07
1329000      9.66e-02      3.05e-03    4.9e-07
1329100      1.05e-01      3.32e-03    4.9e-07
1329200      1.16e-01      3.67e-03    4.9e-07
1329300      1.46e-01      4.61e-03    4.9e-07
1329400      1.25e-01      3.94e-03    4.9e-07
1329500      1.30e-01      4.11e-03    4.9e-07
1329600      1.35e-01      4.28e-03    4.9e-07
1329700      1.62e-01      5.13e-03    4.9e-07
1329800      1.25e-01      3.96e-03    4.9e-07
1329900      1.23e-01      3.88e-03    4.9e-07
1330000      1.24e-01      3.92e-03    4.7e-07
1330100      1.42e-01      4.50e-03    4.7e-07
1330200      1.49e-01      4.70e-03    4.7e-07
1330300      1.43e-01      4.53e-03    4.7e-07
1330400      1.13e-01      3.56e-03    4.7e-07
1330500      1.32e-01      4.18e-03    4.7e-07
1330600      1.60e-01      5.06e-03    4.7e-07
1330700      1.45e-01      4.58e-03    4.7e-07
1330800      1.52e-01      4.80e-03    4.7e-07
1330900      1.35e-01      4.27e-03    4.7e-07
1331000      1.55e-01      4.89e-03    4.7e-07
1331100      8.46e-02      2.68e-03    4.7e-07
1331200      1.33e-01      4.20e-03    4.7e-07
1331300      1.49e-01      4.71e-03    4.7e-07
1331400      1.35e-01      4.26e-03    4.7e-07
1331500      1.05e-01      3.31e-03    4.7e-07
1331600      9.89e-02      3.13e-03    4.7e-07
1331700      1.13e-01      3.58e-03    4.7e-07
1331800      1.29e-01      4.08e-03    4.7e-07
1331900      1.08e-01      3.40e-03    4.7e-07
1332000      1.22e-01      3.86e-03    4.7e-07
1332100      1.47e-01      4.66e-03    4.7e-07
1332200      1.43e-01      4.52e-03    4.7e-07
1332300      1.18e-01      3.74e-03    4.7e-07
1332400      1.68e-01      5.31e-03    4.7e-07
1332500      1.50e-01      4.75e-03    4.7e-07
1332600      1.06e-01      3.36e-03    4.7e-07
1332700      1.18e-01      3.72e-03    4.7e-07
1332800      1.31e-01      4.15e-03    4.7e-07
1332900      1.51e-01      4.77e-03    4.7e-07
1333000      1.42e-01      4.48e-03    4.7e-07
1333100      1.37e-01      4.35e-03    4.7e-07
1333200      1.39e-01      4.39e-03    4.7e-07
1333300      1.16e-01      3.66e-03    4.7e-07
1333400      1.09e-01      3.44e-03    4.7e-07
1333500      1.34e-01      4.22e-03    4.7e-07
1333600      1.12e-01      3.53e-03    4.7e-07
1333700      1.50e-01      4.75e-03    4.7e-07
1333800      1.27e-01      4.03e-03    4.7e-07
1333900      1.32e-01      4.16e-03    4.7e-07
1334000      1.28e-01      4.06e-03    4.7e-07
1334100      1.38e-01      4.37e-03    4.7e-07
1334200      1.10e-01      3.46e-03    4.7e-07
1334300      1.35e-01      4.28e-03    4.7e-07
1334400      1.20e-01      3.79e-03    4.7e-07
1334500      1.35e-01      4.28e-03    4.7e-07
1334600      1.36e-01      4.31e-03    4.7e-07
1334700      1.08e-01      3.42e-03    4.7e-07
1334800      1.08e-01      3.40e-03    4.7e-07
1334900      1.43e-01      4.52e-03    4.7e-07
1335000      1.33e-01      4.20e-03    4.6e-07
1335100      1.56e-01      4.95e-03    4.6e-07
1335200      1.43e-01      4.51e-03    4.6e-07
1335300      1.24e-01      3.93e-03    4.6e-07
1335400      1.44e-01      4.56e-03    4.6e-07
1335500      1.49e-01      4.70e-03    4.6e-07
1335600      1.42e-01      4.50e-03    4.6e-07
1335700      1.12e-01      3.53e-03    4.6e-07
1335800      1.15e-01      3.64e-03    4.6e-07
1335900      1.23e-01      3.89e-03    4.6e-07
1336000      1.37e-01      4.34e-03    4.6e-07
1336100      1.48e-01      4.69e-03    4.6e-07
1336200      1.17e-01      3.70e-03    4.6e-07
1336300      1.35e-01      4.26e-03    4.6e-07
1336400      1.22e-01      3.86e-03    4.6e-07
1336500      1.45e-01      4.57e-03    4.6e-07
1336600      1.20e-01      3.81e-03    4.6e-07
1336700      1.42e-01      4.49e-03    4.6e-07
1336800      1.10e-01      3.48e-03    4.6e-07
1336900      1.32e-01      4.17e-03    4.6e-07
1337000      1.59e-01      5.02e-03    4.6e-07
1337100      1.43e-01      4.51e-03    4.6e-07
1337200      1.54e-01      4.87e-03    4.6e-07
1337300      1.01e-01      3.20e-03    4.6e-07
1337400      1.15e-01      3.65e-03    4.6e-07
1337500      9.38e-02      2.97e-03    4.6e-07
1337600      9.93e-02      3.14e-03    4.6e-07
1337700      1.16e-01      3.68e-03    4.6e-07
1337800      9.96e-02      3.15e-03    4.6e-07
1337900      1.58e-01      4.98e-03    4.6e-07
1338000      1.20e-01      3.80e-03    4.6e-07
1338100      1.09e-01      3.46e-03    4.6e-07
1338200      1.24e-01      3.94e-03    4.6e-07
1338300      1.09e-01      3.45e-03    4.6e-07
1338400      1.49e-01      4.70e-03    4.6e-07
1338500      1.30e-01      4.10e-03    4.6e-07
1338600      1.27e-01      4.01e-03    4.6e-07
1338700      1.09e-01      3.44e-03    4.6e-07
1338800      1.17e-01      3.69e-03    4.6e-07
1338900      1.20e-01      3.79e-03    4.6e-07
1339000      1.24e-01      3.93e-03    4.6e-07
1339100      1.19e-01      3.75e-03    4.6e-07
1339200      1.16e-01      3.68e-03    4.6e-07
1339300      1.34e-01      4.25e-03    4.6e-07
1339400      1.42e-01      4.48e-03    4.6e-07
1339500      1.45e-01      4.58e-03    4.6e-07
1339600      1.57e-01      4.97e-03    4.6e-07
1339700      1.34e-01      4.24e-03    4.6e-07
1339800      1.08e-01      3.43e-03    4.6e-07
1339900      1.11e-01      3.51e-03    4.6e-07
1340000      1.41e-01      4.46e-03    4.5e-07
1340100      1.39e-01      4.40e-03    4.5e-07
1340200      1.43e-01      4.52e-03    4.5e-07
1340300      1.44e-01      4.56e-03    4.5e-07
1340400      1.40e-01      4.42e-03    4.5e-07
1340500      1.43e-01      4.53e-03    4.5e-07
1340600      1.49e-01      4.70e-03    4.5e-07
1340700      1.48e-01      4.70e-03    4.5e-07
1340800      1.47e-01      4.65e-03    4.5e-07
1340900      1.05e-01      3.33e-03    4.5e-07
1341000      1.46e-01      4.61e-03    4.5e-07
1341100      1.05e-01      3.32e-03    4.5e-07
1341200      1.42e-01      4.50e-03    4.5e-07
1341300      1.43e-01      4.53e-03    4.5e-07
1341400      1.09e-01      3.44e-03    4.5e-07
1341500      1.37e-01      4.33e-03    4.5e-07
1341600      1.34e-01      4.25e-03    4.5e-07
1341700      1.49e-01      4.73e-03    4.5e-07
1341800      1.19e-01      3.78e-03    4.5e-07
1341900      1.40e-01      4.43e-03    4.5e-07
1342000      9.83e-02      3.11e-03    4.5e-07
1342100      1.01e-01      3.19e-03    4.5e-07
1342200      1.58e-01      5.00e-03    4.5e-07
1342300      1.11e-01      3.51e-03    4.5e-07
1342400      1.14e-01      3.61e-03    4.5e-07
1342500      1.49e-01      4.71e-03    4.5e-07
1342600      1.35e-01      4.28e-03    4.5e-07
1342700      1.38e-01      4.36e-03    4.5e-07
1342800      1.42e-01      4.50e-03    4.5e-07
1342900      1.16e-01      3.67e-03    4.5e-07
1343000      1.41e-01      4.47e-03    4.5e-07
1343100      1.46e-01      4.61e-03    4.5e-07
1343200      1.12e-01      3.53e-03    4.5e-07
1343300      1.04e-01      3.30e-03    4.5e-07
1343400      1.39e-01      4.40e-03    4.5e-07
1343500      1.26e-01      3.99e-03    4.5e-07
1343600      1.35e-01      4.26e-03    4.5e-07
1343700      1.32e-01      4.16e-03    4.5e-07
1343800      1.44e-01      4.55e-03    4.5e-07
1343900      1.61e-01      5.09e-03    4.5e-07
1344000      1.37e-01      4.33e-03    4.5e-07
1344100      1.34e-01      4.23e-03    4.5e-07
1344200      1.16e-01      3.68e-03    4.5e-07
1344300      1.48e-01      4.67e-03    4.5e-07
1344400      1.09e-01      3.44e-03    4.5e-07
1344500      1.45e-01      4.60e-03    4.5e-07
1344600      1.35e-01      4.27e-03    4.5e-07
1344700      1.48e-01      4.69e-03    4.5e-07
1344800      1.34e-01      4.23e-03    4.5e-07
1344900      1.50e-01      4.75e-03    4.5e-07
1345000      1.27e-01      4.00e-03    4.3e-07
1345100      1.28e-01      4.04e-03    4.3e-07
1345200      1.60e-01      5.06e-03    4.3e-07
1345300      1.11e-01      3.51e-03    4.3e-07
1345400      1.37e-01      4.33e-03    4.3e-07
1345500      1.32e-01      4.16e-03    4.3e-07
1345600      1.48e-01      4.68e-03    4.3e-07
1345700      1.28e-01      4.04e-03    4.3e-07
1345800      1.37e-01      4.33e-03    4.3e-07
1345900      1.23e-01      3.89e-03    4.3e-07
1346000      1.42e-01      4.50e-03    4.3e-07
1346100      1.20e-01      3.79e-03    4.3e-07
1346200      1.04e-01      3.28e-03    4.3e-07
1346300      1.04e-01      3.28e-03    4.3e-07
1346400      1.14e-01      3.60e-03    4.3e-07
1346500      1.14e-01      3.59e-03    4.3e-07
1346600      1.07e-01      3.39e-03    4.3e-07
1346700      1.33e-01      4.19e-03    4.3e-07
1346800      1.08e-01      3.43e-03    4.3e-07
1346900      1.48e-01      4.68e-03    4.3e-07
1347000      1.28e-01      4.06e-03    4.3e-07
1347100      1.30e-01      4.10e-03    4.3e-07
1347200      1.39e-01      4.40e-03    4.3e-07
1347300      1.00e-01      3.17e-03    4.3e-07
1347400      1.15e-01      3.64e-03    4.3e-07
1347500      1.07e-01      3.37e-03    4.3e-07
1347600      1.30e-01      4.12e-03    4.3e-07
1347700      1.21e-01      3.82e-03    4.3e-07
1347800      1.53e-01      4.85e-03    4.3e-07
1347900      1.27e-01      4.02e-03    4.3e-07
1348000      1.28e-01      4.06e-03    4.3e-07
1348100      1.09e-01      3.43e-03    4.3e-07
1348200      1.14e-01      3.62e-03    4.3e-07
1348300      1.03e-01      3.25e-03    4.3e-07
1348400      8.45e-02      2.67e-03    4.3e-07
1348500      1.11e-01      3.51e-03    4.3e-07
1348600      1.26e-01      3.99e-03    4.3e-07
1348700      1.31e-01      4.15e-03    4.3e-07
1348800      1.48e-01      4.68e-03    4.3e-07
1348900      1.33e-01      4.19e-03    4.3e-07
1349000      1.11e-01      3.51e-03    4.3e-07
1349100      1.15e-01      3.65e-03    4.3e-07
1349200      1.15e-01      3.65e-03    4.3e-07
1349300      1.40e-01      4.43e-03    4.3e-07
1349400      1.45e-01      4.58e-03    4.3e-07
1349500      1.39e-01      4.40e-03    4.3e-07
1349600      1.19e-01      3.78e-03    4.3e-07
1349700      1.40e-01      4.43e-03    4.3e-07
1349800      1.44e-01      4.54e-03    4.3e-07
1349900      1.47e-01      4.64e-03    4.3e-07
1350000      1.15e-01      3.65e-03    4.2e-07
1350100      1.42e-01      4.48e-03    4.2e-07
1350200      1.50e-01      4.75e-03    4.2e-07
1350300      1.01e-01      3.18e-03    4.2e-07
1350400      1.49e-01      4.70e-03    4.2e-07
1350500      1.46e-01      4.63e-03    4.2e-07
1350600      1.42e-01      4.50e-03    4.2e-07
1350700      1.16e-01      3.67e-03    4.2e-07
1350800      1.22e-01      3.87e-03    4.2e-07
1350900      1.06e-01      3.35e-03    4.2e-07
1351000      1.06e-01      3.36e-03    4.2e-07
1351100      1.48e-01      4.68e-03    4.2e-07
1351200      1.35e-01      4.28e-03    4.2e-07
1351300      1.19e-01      3.77e-03    4.2e-07
1351400      1.47e-01      4.64e-03    4.2e-07
1351500      1.16e-01      3.68e-03    4.2e-07
1351600      1.15e-01      3.64e-03    4.2e-07
1351700      1.31e-01      4.15e-03    4.2e-07
1351800      1.21e-01      3.83e-03    4.2e-07
1351900      1.28e-01      4.04e-03    4.2e-07
1352000      1.24e-01      3.92e-03    4.2e-07
1352100      1.44e-01      4.56e-03    4.2e-07
1352200      1.39e-01      4.38e-03    4.2e-07
1352300      1.06e-01      3.35e-03    4.2e-07
1352400      1.36e-01      4.31e-03    4.2e-07
1352500      1.31e-01      4.15e-03    4.2e-07
1352600      1.11e-01      3.51e-03    4.2e-07
1352700      1.44e-01      4.56e-03    4.2e-07
1352800      1.38e-01      4.37e-03    4.2e-07
1352900      1.06e-01      3.34e-03    4.2e-07
1353000      1.35e-01      4.27e-03    4.2e-07
1353100      1.57e-01      4.95e-03    4.2e-07
1353200      1.42e-01      4.48e-03    4.2e-07
1353300      1.35e-01      4.26e-03    4.2e-07
1353400      1.14e-01      3.60e-03    4.2e-07
1353500      1.50e-01      4.76e-03    4.2e-07
1353600      1.34e-01      4.22e-03    4.2e-07
1353700      1.33e-01      4.22e-03    4.2e-07
1353800      1.46e-01      4.62e-03    4.2e-07
1353900      1.05e-01      3.31e-03    4.2e-07
1354000      1.30e-01      4.11e-03    4.2e-07
1354100      1.27e-01      4.01e-03    4.2e-07
1354200      1.28e-01      4.04e-03    4.2e-07
1354300      1.41e-01      4.46e-03    4.2e-07
1354400      1.03e-01      3.27e-03    4.2e-07
1354500      1.42e-01      4.48e-03    4.2e-07
1354600      1.34e-01      4.25e-03    4.2e-07
1354700      1.49e-01      4.70e-03    4.2e-07
1354800      1.14e-01      3.61e-03    4.2e-07
1354900      1.14e-01      3.59e-03    4.2e-07
1355000      1.20e-01      3.80e-03    4.1e-07
1355100      1.44e-01      4.56e-03    4.1e-07
1355200      1.37e-01      4.34e-03    4.1e-07
1355300      1.05e-01      3.34e-03    4.1e-07
1355400      1.50e-01      4.74e-03    4.1e-07
1355500      1.36e-01      4.31e-03    4.1e-07
1355600      1.28e-01      4.04e-03    4.1e-07
1355700      1.52e-01      4.81e-03    4.1e-07
1355800      1.61e-01      5.09e-03    4.1e-07
1355900      1.24e-01      3.92e-03    4.1e-07
1356000      1.29e-01      4.09e-03    4.1e-07
1356100      1.32e-01      4.18e-03    4.1e-07
1356200      1.32e-01      4.17e-03    4.1e-07
1356300      1.21e-01      3.82e-03    4.1e-07
1356400      1.32e-01      4.17e-03    4.1e-07
1356500      1.30e-01      4.10e-03    4.1e-07
1356600      1.52e-01      4.81e-03    4.1e-07
1356700      1.25e-01      3.97e-03    4.1e-07
1356800      1.37e-01      4.34e-03    4.1e-07
1356900      1.04e-01      3.28e-03    4.1e-07
1357000      1.57e-01      4.96e-03    4.1e-07
1357100      1.50e-01      4.74e-03    4.1e-07
1357200      1.41e-01      4.47e-03    4.1e-07
1357300      1.03e-01      3.27e-03    4.1e-07
1357400      1.10e-01      3.47e-03    4.1e-07
1357500      1.29e-01      4.09e-03    4.1e-07
1357600      1.39e-01      4.40e-03    4.1e-07
1357700      9.84e-02      3.11e-03    4.1e-07
1357800      1.45e-01      4.57e-03    4.1e-07
1357900      1.29e-01      4.08e-03    4.1e-07
1358000      1.27e-01      4.00e-03    4.1e-07
1358100      1.45e-01      4.58e-03    4.1e-07
1358200      1.34e-01      4.23e-03    4.1e-07
1358300      1.21e-01      3.81e-03    4.1e-07
1358400      1.05e-01      3.32e-03    4.1e-07
1358500      1.37e-01      4.33e-03    4.1e-07
1358600      1.54e-01      4.86e-03    4.1e-07
1358700      1.26e-01      3.98e-03    4.1e-07
1358800      1.26e-01      3.97e-03    4.1e-07
1358900      1.29e-01      4.09e-03    4.1e-07
1359000      1.42e-01      4.48e-03    4.1e-07
1359100      1.37e-01      4.33e-03    4.1e-07
1359200      1.26e-01      3.98e-03    4.1e-07
1359300      1.35e-01      4.27e-03    4.1e-07
1359400      1.46e-01      4.62e-03    4.1e-07
1359500      1.41e-01      4.45e-03    4.1e-07
1359600      1.38e-01      4.37e-03    4.1e-07
1359700      1.32e-01      4.18e-03    4.1e-07
1359800      1.01e-01      3.21e-03    4.1e-07
1359900      1.22e-01      3.87e-03    4.1e-07
1360000      1.43e-01      4.53e-03    4.0e-07
1360100      1.48e-01      4.67e-03    4.0e-07
1360200      1.37e-01      4.34e-03    4.0e-07
1360300      1.14e-01      3.61e-03    4.0e-07
1360400      1.32e-01      4.16e-03    4.0e-07
1360500      1.40e-01      4.44e-03    4.0e-07
1360600      1.38e-01      4.36e-03    4.0e-07
1360700      1.41e-01      4.45e-03    4.0e-07
1360800      1.25e-01      3.94e-03    4.0e-07
1360900      1.41e-01      4.47e-03    4.0e-07
1361000      1.13e-01      3.56e-03    4.0e-07
1361100      1.36e-01      4.32e-03    4.0e-07
1361200      1.39e-01      4.38e-03    4.0e-07
1361300      1.14e-01      3.61e-03    4.0e-07
1361400      1.53e-01      4.85e-03    4.0e-07
1361500      1.36e-01      4.29e-03    4.0e-07
1361600      1.42e-01      4.48e-03    4.0e-07
1361700      1.09e-01      3.45e-03    4.0e-07
1361800      1.27e-01      4.01e-03    4.0e-07
1361900      1.06e-01      3.34e-03    4.0e-07
1362000      1.40e-01      4.43e-03    4.0e-07
1362100      1.24e-01      3.94e-03    4.0e-07
1362200      1.49e-01      4.72e-03    4.0e-07
1362300      1.39e-01      4.39e-03    4.0e-07
1362400      1.27e-01      4.02e-03    4.0e-07
1362500      1.31e-01      4.15e-03    4.0e-07
1362600      1.26e-01      4.00e-03    4.0e-07
1362700      1.03e-01      3.26e-03    4.0e-07
1362800      1.05e-01      3.32e-03    4.0e-07
1362900      1.38e-01      4.36e-03    4.0e-07
1363000      1.28e-01      4.06e-03    4.0e-07
1363100      1.42e-01      4.50e-03    4.0e-07
1363200      1.22e-01      3.86e-03    4.0e-07
1363300      1.42e-01      4.49e-03    4.0e-07
1363400      1.24e-01      3.92e-03    4.0e-07
1363500      1.07e-01      3.38e-03    4.0e-07
1363600      1.38e-01      4.37e-03    4.0e-07
1363700      1.17e-01      3.69e-03    4.0e-07
1363800      1.38e-01      4.37e-03    4.0e-07
1363900      1.24e-01      3.91e-03    4.0e-07
1364000      1.29e-01      4.08e-03    4.0e-07
1364100      1.18e-01      3.73e-03    4.0e-07
1364200      1.31e-01      4.15e-03    4.0e-07
1364300      1.17e-01      3.69e-03    4.0e-07
1364400      1.37e-01      4.33e-03    4.0e-07
1364500      1.40e-01      4.43e-03    4.0e-07
1364600      1.47e-01      4.64e-03    4.0e-07
1364700      1.12e-01      3.53e-03    4.0e-07
1364800      1.09e-01      3.44e-03    4.0e-07
1364900      1.18e-01      3.72e-03    4.0e-07
1365000      1.25e-01      3.96e-03    3.9e-07
1365100      1.13e-01      3.58e-03    3.9e-07
1365200      1.47e-01      4.65e-03    3.9e-07
1365300      1.31e-01      4.15e-03    3.9e-07
1365400      1.50e-01      4.75e-03    3.9e-07
1365500      1.35e-01      4.28e-03    3.9e-07
1365600      1.09e-01      3.46e-03    3.9e-07
1365700      1.36e-01      4.32e-03    3.9e-07
1365800      1.15e-01      3.64e-03    3.9e-07
1365900      1.40e-01      4.43e-03    3.9e-07
1366000      1.17e-01      3.70e-03    3.9e-07
1366100      1.50e-01      4.74e-03    3.9e-07
1366200      1.12e-01      3.55e-03    3.9e-07
1366300      1.32e-01      4.19e-03    3.9e-07
1366400      1.47e-01      4.65e-03    3.9e-07
1366500      1.23e-01      3.89e-03    3.9e-07
1366600      1.30e-01      4.11e-03    3.9e-07
1366700      1.06e-01      3.34e-03    3.9e-07
1366800      1.13e-01      3.58e-03    3.9e-07
1366900      1.21e-01      3.82e-03    3.9e-07
1367000      1.26e-01      3.98e-03    3.9e-07
1367100      1.13e-01      3.59e-03    3.9e-07
1367200      1.46e-01      4.62e-03    3.9e-07
1367300      1.09e-01      3.44e-03    3.9e-07
1367400      1.34e-01      4.22e-03    3.9e-07
1367500      9.84e-02      3.11e-03    3.9e-07
1367600      1.39e-01      4.39e-03    3.9e-07
1367700      1.30e-01      4.11e-03    3.9e-07
1367800      1.41e-01      4.45e-03    3.9e-07
1367900      1.27e-01      4.02e-03    3.9e-07
1368000      1.34e-01      4.25e-03    3.9e-07
1368100      1.37e-01      4.33e-03    3.9e-07
1368200      1.28e-01      4.04e-03    3.9e-07
1368300      1.46e-01      4.61e-03    3.9e-07
1368400      1.42e-01      4.49e-03    3.9e-07
1368500      1.42e-01      4.49e-03    3.9e-07
1368600      1.41e-01      4.46e-03    3.9e-07
1368700      1.48e-01      4.67e-03    3.9e-07
1368800      1.04e-01      3.30e-03    3.9e-07
1368900      1.45e-01      4.60e-03    3.9e-07
1369000      9.91e-02      3.13e-03    3.9e-07
1369100      1.23e-01      3.90e-03    3.9e-07
1369200      1.26e-01      3.97e-03    3.9e-07
1369300      1.26e-01      3.99e-03    3.9e-07
1369400      1.33e-01      4.19e-03    3.9e-07
1369500      1.33e-01      4.21e-03    3.9e-07
1369600      1.35e-01      4.28e-03    3.9e-07
1369700      1.05e-01      3.32e-03    3.9e-07
1369800      1.47e-01      4.64e-03    3.9e-07
1369900      1.20e-01      3.80e-03    3.9e-07
1370000      1.42e-01      4.50e-03    3.8e-07
1370100      1.21e-01      3.82e-03    3.8e-07
1370200      1.28e-01      4.05e-03    3.8e-07
1370300      1.29e-01      4.08e-03    3.8e-07
1370400      1.12e-01      3.53e-03    3.8e-07
1370500      1.31e-01      4.14e-03    3.8e-07
1370600      1.33e-01      4.20e-03    3.8e-07
1370700      1.11e-01      3.52e-03    3.8e-07
1370800      1.24e-01      3.93e-03    3.8e-07
1370900      1.33e-01      4.22e-03    3.8e-07
1371000      1.28e-01      4.06e-03    3.8e-07
1371100      1.28e-01      4.04e-03    3.8e-07
1371200      1.42e-01      4.48e-03    3.8e-07
1371300      1.10e-01      3.48e-03    3.8e-07
1371400      1.31e-01      4.15e-03    3.8e-07
1371500      1.21e-01      3.83e-03    3.8e-07
1371600      1.50e-01      4.76e-03    3.8e-07
1371700      1.18e-01      3.72e-03    3.8e-07
1371800      1.14e-01      3.60e-03    3.8e-07
1371900      1.00e-01      3.17e-03    3.8e-07
1372000      1.06e-01      3.34e-03    3.8e-07
1372100      1.20e-01      3.79e-03    3.8e-07
1372200      1.18e-01      3.72e-03    3.8e-07
1372300      1.45e-01      4.60e-03    3.8e-07
1372400      1.15e-01      3.63e-03    3.8e-07
1372500      1.07e-01      3.38e-03    3.8e-07
1372600      1.45e-01      4.58e-03    3.8e-07
1372700      1.41e-01      4.45e-03    3.8e-07
1372800      1.23e-01      3.89e-03    3.8e-07
1372900      1.23e-01      3.88e-03    3.8e-07
1373000      1.39e-01      4.40e-03    3.8e-07
1373100      1.35e-01      4.27e-03    3.8e-07
1373200      1.17e-01      3.69e-03    3.8e-07
1373300      1.45e-01      4.60e-03    3.8e-07
1373400      1.26e-01      3.97e-03    3.8e-07
1373500      1.26e-01      3.97e-03    3.8e-07
1373600      9.94e-02      3.14e-03    3.8e-07
1373700      1.09e-01      3.46e-03    3.8e-07
1373800      1.39e-01      4.39e-03    3.8e-07
1373900      1.50e-01      4.75e-03    3.8e-07
1374000      1.24e-01      3.92e-03    3.8e-07
1374100      1.42e-01      4.49e-03    3.8e-07
1374200      1.42e-01      4.48e-03    3.8e-07
1374300      1.41e-01      4.47e-03    3.8e-07
1374400      1.36e-01      4.31e-03    3.8e-07
1374500      1.20e-01      3.79e-03    3.8e-07
1374600      1.21e-01      3.81e-03    3.8e-07
1374700      9.87e-02      3.12e-03    3.8e-07
1374800      1.30e-01      4.11e-03    3.8e-07
1374900      1.30e-01      4.10e-03    3.8e-07
1375000      1.21e-01      3.84e-03    3.7e-07
1375100      1.46e-01      4.61e-03    3.7e-07
1375200      1.07e-01      3.39e-03    3.7e-07
1375300      1.21e-01      3.81e-03    3.7e-07
1375400      1.49e-01      4.70e-03    3.7e-07
1375500      1.43e-01      4.51e-03    3.7e-07
1375600      1.14e-01      3.59e-03    3.7e-07
1375700      1.33e-01      4.19e-03    3.7e-07
1375800      1.36e-01      4.30e-03    3.7e-07
1375900      1.54e-01      4.86e-03    3.7e-07
1376000      1.46e-01      4.61e-03    3.7e-07
1376100      1.41e-01      4.45e-03    3.7e-07
1376200      1.57e-01      4.96e-03    3.7e-07
1376300      1.15e-01      3.62e-03    3.7e-07
1376400      1.26e-01      3.97e-03    3.7e-07
1376500      1.42e-01      4.49e-03    3.7e-07
1376600      9.83e-02      3.11e-03    3.7e-07
1376700      1.37e-01      4.33e-03    3.7e-07
1376800      1.12e-01      3.54e-03    3.7e-07
1376900      1.54e-01      4.87e-03    3.7e-07
1377000      1.29e-01      4.08e-03    3.7e-07
1377100      9.64e-02      3.05e-03    3.7e-07
1377200      1.03e-01      3.24e-03    3.7e-07
1377300      1.17e-01      3.69e-03    3.7e-07
1377400      1.39e-01      4.39e-03    3.7e-07
1377500      1.58e-01      4.98e-03    3.7e-07
1377600      1.22e-01      3.85e-03    3.7e-07
1377700      1.35e-01      4.26e-03    3.7e-07
1377800      1.41e-01      4.45e-03    3.7e-07
1377900      1.01e-01      3.19e-03    3.7e-07
1378000      1.45e-01      4.58e-03    3.7e-07
1378100      1.13e-01      3.57e-03    3.7e-07
1378200      1.40e-01      4.43e-03    3.7e-07
1378300      9.86e-02      3.12e-03    3.7e-07
1378400      1.06e-01      3.37e-03    3.7e-07
1378500      1.03e-01      3.26e-03    3.7e-07
1378600      1.17e-01      3.69e-03    3.7e-07
1378700      1.34e-01      4.23e-03    3.7e-07
1378800      1.36e-01      4.29e-03    3.7e-07
1378900      1.45e-01      4.59e-03    3.7e-07
1379000      1.29e-01      4.08e-03    3.7e-07
1379100      1.01e-01      3.21e-03    3.7e-07
1379200      1.22e-01      3.85e-03    3.7e-07
1379300      1.51e-01      4.77e-03    3.7e-07
1379400      1.12e-01      3.54e-03    3.7e-07
1379500      1.27e-01      4.01e-03    3.7e-07
1379600      1.20e-01      3.81e-03    3.7e-07
1379700      1.07e-01      3.37e-03    3.7e-07
1379800      1.10e-01      3.49e-03    3.7e-07
1379900      1.39e-01      4.40e-03    3.7e-07
1380000      1.29e-01      4.08e-03    3.5e-07
1380100      1.14e-01      3.62e-03    3.5e-07
1380200      1.32e-01      4.19e-03    3.5e-07
1380300      1.48e-01      4.69e-03    3.5e-07
1380400      1.21e-01      3.81e-03    3.5e-07
1380500      1.43e-01      4.52e-03    3.5e-07
1380600      1.36e-01      4.29e-03    3.5e-07
1380700      1.23e-01      3.90e-03    3.5e-07
1380800      1.26e-01      3.99e-03    3.5e-07
1380900      1.18e-01      3.74e-03    3.5e-07
1381000      1.36e-01      4.31e-03    3.5e-07
1381100      1.00e-01      3.17e-03    3.5e-07
1381200      1.15e-01      3.65e-03    3.5e-07
1381300      1.40e-01      4.43e-03    3.5e-07
1381400      1.10e-01      3.48e-03    3.5e-07
1381500      1.18e-01      3.73e-03    3.5e-07
1381600      1.22e-01      3.85e-03    3.5e-07
1381700      1.14e-01      3.61e-03    3.5e-07
1381800      1.32e-01      4.16e-03    3.5e-07
1381900      1.35e-01      4.26e-03    3.5e-07
1382000      1.42e-01      4.48e-03    3.5e-07
1382100      1.14e-01      3.62e-03    3.5e-07
1382200      1.15e-01      3.64e-03    3.5e-07
1382300      1.15e-01      3.64e-03    3.5e-07
1382400      1.15e-01      3.63e-03    3.5e-07
1382500      1.27e-01      4.02e-03    3.5e-07
1382600      1.26e-01      3.99e-03    3.5e-07
1382700      1.15e-01      3.65e-03    3.5e-07
1382800      1.22e-01      3.86e-03    3.5e-07
1382900      1.06e-01      3.35e-03    3.5e-07
1383000      1.18e-01      3.73e-03    3.5e-07
1383100      1.38e-01      4.37e-03    3.5e-07
1383200      1.29e-01      4.09e-03    3.5e-07
1383300      9.76e-02      3.09e-03    3.5e-07
1383400      1.35e-01      4.25e-03    3.5e-07
1383500      1.25e-01      3.95e-03    3.5e-07
1383600      1.36e-01      4.29e-03    3.5e-07
1383700      1.35e-01      4.26e-03    3.5e-07
1383800      1.34e-01      4.22e-03    3.5e-07
1383900      1.05e-01      3.32e-03    3.5e-07
1384000      1.50e-01      4.75e-03    3.5e-07
1384100      1.15e-01      3.63e-03    3.5e-07
1384200      1.16e-01      3.68e-03    3.5e-07
1384300      1.47e-01      4.65e-03    3.5e-07
1384400      1.13e-01      3.58e-03    3.5e-07
1384500      1.45e-01      4.60e-03    3.5e-07
1384600      1.09e-01      3.44e-03    3.5e-07
1384700      1.46e-01      4.61e-03    3.5e-07
1384800      1.08e-01      3.43e-03    3.5e-07
1384900      1.45e-01      4.60e-03    3.5e-07
1385000      1.41e-01      4.46e-03    3.4e-07
1385100      1.12e-01      3.56e-03    3.4e-07
1385200      1.25e-01      3.96e-03    3.4e-07
1385300      1.40e-01      4.43e-03    3.4e-07
1385400      1.43e-01      4.51e-03    3.4e-07
1385500      1.13e-01      3.57e-03    3.4e-07
1385600      1.44e-01      4.57e-03    3.4e-07
1385700      1.54e-01      4.86e-03    3.4e-07
1385800      1.38e-01      4.37e-03    3.4e-07
1385900      1.13e-01      3.56e-03    3.4e-07
1386000      1.43e-01      4.52e-03    3.4e-07
1386100      1.38e-01      4.38e-03    3.4e-07
1386200      1.21e-01      3.84e-03    3.4e-07
1386300      1.24e-01      3.93e-03    3.4e-07
1386400      1.06e-01      3.34e-03    3.4e-07
1386500      1.15e-01      3.65e-03    3.4e-07
1386600      1.60e-01      5.06e-03    3.4e-07
1386700      1.20e-01      3.78e-03    3.4e-07
1386800      1.17e-01      3.71e-03    3.4e-07
1386900      1.35e-01      4.26e-03    3.4e-07
1387000      1.22e-01      3.85e-03    3.4e-07
1387100      1.19e-01      3.78e-03    3.4e-07
1387200      1.27e-01      4.01e-03    3.4e-07
1387300      1.37e-01      4.32e-03    3.4e-07
1387400      1.28e-01      4.06e-03    3.4e-07
1387500      1.41e-01      4.46e-03    3.4e-07
1387600      1.03e-01      3.25e-03    3.4e-07
1387700      1.41e-01      4.44e-03    3.4e-07
1387800      1.34e-01      4.25e-03    3.4e-07
1387900      1.46e-01      4.62e-03    3.4e-07
1388000      1.36e-01      4.30e-03    3.4e-07
1388100      1.19e-01      3.77e-03    3.4e-07
1388200      1.17e-01      3.68e-03    3.4e-07
1388300      1.17e-01      3.70e-03    3.4e-07
1388400      1.43e-01      4.53e-03    3.4e-07
1388500      1.07e-01      3.38e-03    3.4e-07
1388600      1.13e-01      3.56e-03    3.4e-07
1388700      1.26e-01      3.99e-03    3.4e-07
1388800      1.43e-01      4.52e-03    3.4e-07
1388900      1.34e-01      4.25e-03    3.4e-07
1389000      1.08e-01      3.42e-03    3.4e-07
1389100      1.44e-01      4.55e-03    3.4e-07
1389200      1.45e-01      4.59e-03    3.4e-07
1389300      1.24e-01      3.92e-03    3.4e-07
1389400      1.61e-01      5.08e-03    3.4e-07
1389500      1.06e-01      3.35e-03    3.4e-07
1389600      1.50e-01      4.74e-03    3.4e-07
1389700      1.34e-01      4.23e-03    3.4e-07
1389800      1.36e-01      4.32e-03    3.4e-07
1389900      1.27e-01      4.02e-03    3.4e-07
1390000      1.06e-01      3.35e-03    3.3e-07
1390100      1.49e-01      4.72e-03    3.3e-07
1390200      1.38e-01      4.35e-03    3.3e-07
1390300      1.20e-01      3.79e-03    3.3e-07
1390400      1.43e-01      4.52e-03    3.3e-07
1390500      1.42e-01      4.48e-03    3.3e-07
1390600      1.40e-01      4.41e-03    3.3e-07
1390700      1.40e-01      4.41e-03    3.3e-07
1390800      1.28e-01      4.06e-03    3.3e-07
1390900      1.31e-01      4.14e-03    3.3e-07
1391000      1.33e-01      4.22e-03    3.3e-07
1391100      1.40e-01      4.43e-03    3.3e-07
1391200      1.37e-01      4.34e-03    3.3e-07
1391300      1.42e-01      4.48e-03    3.3e-07
1391400      1.36e-01      4.30e-03    3.3e-07
1391500      9.64e-02      3.05e-03    3.3e-07
1391600      1.32e-01      4.17e-03    3.3e-07
1391700      1.39e-01      4.41e-03    3.3e-07
1391800      1.37e-01      4.33e-03    3.3e-07
1391900      1.17e-01      3.70e-03    3.3e-07
1392000      1.33e-01      4.21e-03    3.3e-07
1392100      1.35e-01      4.28e-03    3.3e-07
1392200      1.34e-01      4.23e-03    3.3e-07
1392300      1.06e-01      3.36e-03    3.3e-07
1392400      1.36e-01      4.31e-03    3.3e-07
1392500      1.30e-01      4.10e-03    3.3e-07
1392600      1.17e-01      3.69e-03    3.3e-07
1392700      1.24e-01      3.92e-03    3.3e-07
1392800      1.21e-01      3.82e-03    3.3e-07
1392900      1.50e-01      4.75e-03    3.3e-07
1393000      1.37e-01      4.34e-03    3.3e-07
1393100      1.28e-01      4.04e-03    3.3e-07
1393200      1.52e-01      4.81e-03    3.3e-07
1393300      1.26e-01      4.00e-03    3.3e-07
1393400      1.34e-01      4.24e-03    3.3e-07
1393500      1.32e-01      4.16e-03    3.3e-07
1393600      1.42e-01      4.48e-03    3.3e-07
1393700      1.24e-01      3.92e-03    3.3e-07
1393800      1.46e-01      4.61e-03    3.3e-07
1393900      9.38e-02      2.97e-03    3.3e-07
1394000      1.55e-01      4.90e-03    3.3e-07
1394100      1.26e-01      4.00e-03    3.3e-07
1394200      1.20e-01      3.79e-03    3.3e-07
1394300      1.47e-01      4.65e-03    3.3e-07
1394400      1.30e-01      4.11e-03    3.3e-07
1394500      1.42e-01      4.49e-03    3.3e-07
1394600      1.52e-01      4.81e-03    3.3e-07
1394700      1.52e-01      4.80e-03    3.3e-07
1394800      9.56e-02      3.02e-03    3.3e-07
1394900      1.41e-01      4.47e-03    3.3e-07
1395000      1.24e-01      3.92e-03    3.3e-07
1395100      1.22e-01      3.87e-03    3.3e-07
1395200      1.36e-01      4.32e-03    3.3e-07
1395300      1.20e-01      3.80e-03    3.3e-07
1395400      1.34e-01      4.22e-03    3.3e-07
1395500      1.38e-01      4.37e-03    3.3e-07
1395600      1.03e-01      3.25e-03    3.3e-07
1395700      1.30e-01      4.10e-03    3.3e-07
1395800      1.35e-01      4.27e-03    3.3e-07
1395900      1.30e-01      4.12e-03    3.3e-07
1396000      1.40e-01      4.43e-03    3.3e-07
1396100      1.21e-01      3.81e-03    3.3e-07
1396200      1.29e-01      4.07e-03    3.3e-07
1396300      1.20e-01      3.79e-03    3.3e-07
1396400      1.20e-01      3.78e-03    3.3e-07
1396500      1.18e-01      3.73e-03    3.3e-07
1396600      1.27e-01      4.03e-03    3.3e-07
1396700      1.15e-01      3.62e-03    3.3e-07
1396800      1.42e-01      4.48e-03    3.3e-07
1396900      1.13e-01      3.58e-03    3.3e-07
1397000      1.14e-01      3.61e-03    3.3e-07
1397100      1.27e-01      4.02e-03    3.3e-07
1397200      1.55e-01      4.91e-03    3.3e-07
1397300      1.41e-01      4.45e-03    3.3e-07
1397400      1.44e-01      4.55e-03    3.3e-07
1397500      1.26e-01      3.98e-03    3.3e-07
1397600      1.43e-01      4.51e-03    3.3e-07
1397700      1.41e-01      4.46e-03    3.3e-07
1397800      1.42e-01      4.49e-03    3.3e-07
1397900      1.38e-01      4.38e-03    3.3e-07
1398000      1.41e-01      4.46e-03    3.3e-07
1398100      1.36e-01      4.30e-03    3.3e-07
1398200      1.48e-01      4.68e-03    3.3e-07
1398300      1.47e-01      4.64e-03    3.3e-07
1398400      1.50e-01      4.75e-03    3.3e-07
1398500      1.06e-01      3.34e-03    3.3e-07
1398600      9.38e-02      2.97e-03    3.3e-07
1398700      1.33e-01      4.22e-03    3.3e-07
1398800      1.29e-01      4.09e-03    3.3e-07
1398900      1.32e-01      4.17e-03    3.3e-07
1399000      1.49e-01      4.71e-03    3.3e-07
1399100      1.27e-01      4.03e-03    3.3e-07
1399200      1.06e-01      3.36e-03    3.3e-07
1399300      1.20e-01      3.79e-03    3.3e-07
1399400      1.05e-01      3.32e-03    3.3e-07
1399500      1.21e-01      3.82e-03    3.3e-07
1399600      1.40e-01      4.43e-03    3.3e-07
1399700      9.87e-02      3.12e-03    3.3e-07
1399800      1.12e-01      3.54e-03    3.3e-07
1399900      1.37e-01      4.34e-03    3.3e-07
1400000      1.50e-01      4.74e-03    3.2e-07
1400100      1.42e-01      4.48e-03    3.2e-07
1400200      1.44e-01      4.55e-03    3.2e-07
1400300      1.46e-01      4.61e-03    3.2e-07
1400400      1.47e-01      4.64e-03    3.2e-07
1400500      1.35e-01      4.26e-03    3.2e-07
1400600      1.30e-01      4.12e-03    3.2e-07
1400700      1.03e-01      3.25e-03    3.2e-07
1400800      1.51e-01      4.77e-03    3.2e-07
1400900      1.26e-01      4.00e-03    3.2e-07
1401000      1.62e-01      5.13e-03    3.2e-07
1401100      1.36e-01      4.31e-03    3.2e-07
1401200      1.22e-01      3.85e-03    3.2e-07
1401300      1.32e-01      4.18e-03    3.2e-07
1401400      1.49e-01      4.71e-03    3.2e-07
1401500      1.27e-01      4.03e-03    3.2e-07
1401600      1.32e-01      4.19e-03    3.2e-07
1401700      1.31e-01      4.14e-03    3.2e-07
1401800      1.42e-01      4.47e-03    3.2e-07
1401900      1.16e-01      3.67e-03    3.2e-07
1402000      1.03e-01      3.27e-03    3.2e-07
1402100      1.29e-01      4.07e-03    3.2e-07
1402200      1.40e-01      4.41e-03    3.2e-07
1402300      1.15e-01      3.64e-03    3.2e-07
1402400      1.49e-01      4.72e-03    3.2e-07
1402500      1.48e-01      4.68e-03    3.2e-07
1402600      1.20e-01      3.81e-03    3.2e-07
1402700      1.06e-01      3.35e-03    3.2e-07
1402800      1.18e-01      3.74e-03    3.2e-07
1402900      1.42e-01      4.51e-03    3.2e-07
1403000      1.18e-01      3.73e-03    3.2e-07
1403100      9.24e-02      2.92e-03    3.2e-07
1403200      1.21e-01      3.83e-03    3.2e-07
1403300      1.09e-01      3.46e-03    3.2e-07
1403400      1.12e-01      3.55e-03    3.2e-07
1403500      1.51e-01      4.76e-03    3.2e-07
1403600      1.07e-01      3.39e-03    3.2e-07
1403700      1.37e-01      4.34e-03    3.2e-07
1403800      1.32e-01      4.18e-03    3.2e-07
1403900      1.12e-01      3.54e-03    3.2e-07
1404000      1.33e-01      4.22e-03    3.2e-07
1404100      1.51e-01      4.77e-03    3.2e-07
1404200      1.19e-01      3.76e-03    3.2e-07
1404300      1.17e-01      3.70e-03    3.2e-07
1404400      1.07e-01      3.38e-03    3.2e-07
1404500      1.44e-01      4.55e-03    3.2e-07
1404600      1.30e-01      4.13e-03    3.2e-07
1404700      1.39e-01      4.41e-03    3.2e-07
1404800      1.25e-01      3.96e-03    3.2e-07
1404900      1.31e-01      4.14e-03    3.2e-07
1405000      1.39e-01      4.40e-03    3.1e-07
1405100      1.26e-01      3.98e-03    3.1e-07
1405200      1.17e-01      3.69e-03    3.1e-07
1405300      1.47e-01      4.65e-03    3.1e-07
1405400      1.08e-01      3.41e-03    3.1e-07
1405500      1.16e-01      3.67e-03    3.1e-07
1405600      1.49e-01      4.71e-03    3.1e-07
1405700      1.25e-01      3.97e-03    3.1e-07
1405800      1.23e-01      3.88e-03    3.1e-07
1405900      1.40e-01      4.41e-03    3.1e-07
1406000      1.18e-01      3.72e-03    3.1e-07
1406100      1.24e-01      3.93e-03    3.1e-07
1406200      1.21e-01      3.81e-03    3.1e-07
1406300      1.17e-01      3.69e-03    3.1e-07
1406400      1.18e-01      3.72e-03    3.1e-07
1406500      1.41e-01      4.46e-03    3.1e-07
1406600      1.30e-01      4.10e-03    3.1e-07
1406700      1.15e-01      3.64e-03    3.1e-07
1406800      1.44e-01      4.56e-03    3.1e-07
1406900      1.49e-01      4.72e-03    3.1e-07
1407000      1.42e-01      4.50e-03    3.1e-07
1407100      1.42e-01      4.50e-03    3.1e-07
1407200      1.53e-01      4.83e-03    3.1e-07
1407300      1.33e-01      4.20e-03    3.1e-07
1407400      1.17e-01      3.70e-03    3.1e-07
1407500      1.17e-01      3.69e-03    3.1e-07
1407600      1.31e-01      4.15e-03    3.1e-07
1407700      1.36e-01      4.30e-03    3.1e-07
1407800      1.30e-01      4.10e-03    3.1e-07
1407900      1.39e-01      4.39e-03    3.1e-07
1408000      1.36e-01      4.29e-03    3.1e-07
1408100      1.32e-01      4.18e-03    3.1e-07
1408200      1.27e-01      4.03e-03    3.1e-07
1408300      1.44e-01      4.55e-03    3.1e-07
1408400      1.39e-01      4.38e-03    3.1e-07
1408500      1.05e-01      3.33e-03    3.1e-07
1408600      1.32e-01      4.19e-03    3.1e-07
1408700      1.47e-01      4.66e-03    3.1e-07
1408800      1.05e-01      3.31e-03    3.1e-07
1408900      1.13e-01      3.58e-03    3.1e-07
1409000      1.57e-01      4.96e-03    3.1e-07
1409100      1.48e-01      4.67e-03    3.1e-07
1409200      1.23e-01      3.89e-03    3.1e-07
1409300      1.27e-01      4.03e-03    3.1e-07
1409400      1.47e-01      4.66e-03    3.1e-07
1409500      1.14e-01      3.61e-03    3.1e-07
1409600      1.44e-01      4.56e-03    3.1e-07
1409700      1.17e-01      3.71e-03    3.1e-07
1409800      1.07e-01      3.37e-03    3.1e-07
1409900      1.47e-01      4.65e-03    3.1e-07
1410000      1.33e-01      4.21e-03    3.0e-07
1410100      1.15e-01      3.65e-03    3.0e-07
1410200      1.43e-01      4.51e-03    3.0e-07
1410300      9.97e-02      3.15e-03    3.0e-07
1410400      1.50e-01      4.75e-03    3.0e-07
1410500      1.57e-01      4.96e-03    3.0e-07
1410600      1.12e-01      3.54e-03    3.0e-07
1410700      1.50e-01      4.75e-03    3.0e-07
1410800      1.33e-01      4.19e-03    3.0e-07
1410900      1.10e-01      3.48e-03    3.0e-07
1411000      1.12e-01      3.54e-03    3.0e-07
1411100      1.57e-01      4.96e-03    3.0e-07
1411200      1.28e-01      4.05e-03    3.0e-07
1411300      1.31e-01      4.13e-03    3.0e-07
1411400      1.11e-01      3.51e-03    3.0e-07
1411500      1.39e-01      4.40e-03    3.0e-07
1411600      1.52e-01      4.81e-03    3.0e-07
1411700      1.40e-01      4.42e-03    3.0e-07
1411800      1.13e-01      3.58e-03    3.0e-07
1411900      1.19e-01      3.78e-03    3.0e-07
1412000      1.37e-01      4.32e-03    3.0e-07
1412100      1.22e-01      3.86e-03    3.0e-07
1412200      1.40e-01      4.41e-03    3.0e-07
1412300      1.33e-01      4.20e-03    3.0e-07
1412400      1.19e-01      3.78e-03    3.0e-07
1412500      1.30e-01      4.11e-03    3.0e-07
1412600      1.41e-01      4.45e-03    3.0e-07
1412700      1.50e-01      4.75e-03    3.0e-07
1412800      1.02e-01      3.21e-03    3.0e-07
1412900      1.42e-01      4.50e-03    3.0e-07
1413000      1.58e-01      5.00e-03    3.0e-07
1413100      9.27e-02      2.93e-03    3.0e-07
1413200      1.34e-01      4.25e-03    3.0e-07
1413300      1.09e-01      3.45e-03    3.0e-07
1413400      1.55e-01      4.89e-03    3.0e-07
1413500      1.37e-01      4.34e-03    3.0e-07
1413600      1.21e-01      3.81e-03    3.0e-07
1413700      1.21e-01      3.83e-03    3.0e-07
1413800      1.41e-01      4.46e-03    3.0e-07
1413900      1.32e-01      4.18e-03    3.0e-07
1414000      1.49e-01      4.70e-03    3.0e-07
1414100      1.40e-01      4.43e-03    3.0e-07
1414200      1.47e-01      4.64e-03    3.0e-07
1414300      1.44e-01      4.55e-03    3.0e-07
1414400      1.04e-01      3.28e-03    3.0e-07
1414500      1.21e-01      3.82e-03    3.0e-07
1414600      1.26e-01      3.99e-03    3.0e-07
1414700      1.05e-01      3.33e-03    3.0e-07
1414800      9.38e-02      2.97e-03    3.0e-07
1414900      1.63e-01      5.15e-03    3.0e-07
1415000      1.50e-01      4.74e-03    2.9e-07
1415100      1.51e-01      4.77e-03    2.9e-07
1415200      1.00e-01      3.18e-03    2.9e-07
1415300      1.36e-01      4.30e-03    2.9e-07
1415400      1.20e-01      3.79e-03    2.9e-07
1415500      1.52e-01      4.80e-03    2.9e-07
1415600      1.02e-01      3.22e-03    2.9e-07
1415700      1.46e-01      4.61e-03    2.9e-07
1415800      1.37e-01      4.35e-03    2.9e-07
1415900      1.41e-01      4.47e-03    2.9e-07
1416000      1.46e-01      4.62e-03    2.9e-07
1416100      1.13e-01      3.56e-03    2.9e-07
1416200      1.51e-01      4.76e-03    2.9e-07
1416300      1.47e-01      4.65e-03    2.9e-07
1416400      9.97e-02      3.15e-03    2.9e-07
1416500      1.11e-01      3.49e-03    2.9e-07
1416600      1.41e-01      4.45e-03    2.9e-07
1416700      1.29e-01      4.09e-03    2.9e-07
1416800      1.14e-01      3.60e-03    2.9e-07
1416900      1.40e-01      4.43e-03    2.9e-07
1417000      1.33e-01      4.22e-03    2.9e-07
1417100      1.39e-01      4.39e-03    2.9e-07
1417200      1.25e-01      3.96e-03    2.9e-07
1417300      1.32e-01      4.16e-03    2.9e-07
1417400      1.25e-01      3.96e-03    2.9e-07
1417500      1.38e-01      4.36e-03    2.9e-07
1417600      1.33e-01      4.20e-03    2.9e-07
1417700      1.30e-01      4.10e-03    2.9e-07
1417800      1.15e-01      3.65e-03    2.9e-07
1417900      1.41e-01      4.45e-03    2.9e-07
1418000      9.90e-02      3.13e-03    2.9e-07
1418100      1.29e-01      4.06e-03    2.9e-07
1418200      1.47e-01      4.65e-03    2.9e-07
1418300      1.08e-01      3.40e-03    2.9e-07
1418400      1.40e-01      4.43e-03    2.9e-07
1418500      1.29e-01      4.08e-03    2.9e-07
1418600      1.24e-01      3.93e-03    2.9e-07
1418700      1.06e-01      3.34e-03    2.9e-07
1418800      1.05e-01      3.33e-03    2.9e-07
1418900      1.22e-01      3.86e-03    2.9e-07
1419000      1.03e-01      3.24e-03    2.9e-07
1419100      1.15e-01      3.65e-03    2.9e-07
1419200      1.45e-01      4.59e-03    2.9e-07
1419300      1.38e-01      4.37e-03    2.9e-07
1419400      1.24e-01      3.93e-03    2.9e-07
1419500      1.08e-01      3.41e-03    2.9e-07
1419600      1.11e-01      3.52e-03    2.9e-07
1419700      1.23e-01      3.90e-03    2.9e-07
1419800      1.16e-01      3.67e-03    2.9e-07
1419900      1.27e-01      4.02e-03    2.9e-07
1420000      1.54e-01      4.87e-03    2.8e-07
1420100      1.07e-01      3.38e-03    2.8e-07
1420200      1.45e-01      4.58e-03    2.8e-07
1420300      1.39e-01      4.41e-03    2.8e-07
1420400      1.23e-01      3.88e-03    2.8e-07
1420500      1.01e-01      3.21e-03    2.8e-07
1420600      1.06e-01      3.36e-03    2.8e-07
1420700      1.40e-01      4.43e-03    2.8e-07
1420800      1.16e-01      3.68e-03    2.8e-07
1420900      1.41e-01      4.45e-03    2.8e-07
1421000      1.36e-01      4.31e-03    2.8e-07
1421100      1.34e-01      4.25e-03    2.8e-07
1421200      1.22e-01      3.87e-03    2.8e-07
1421300      1.42e-01      4.50e-03    2.8e-07
1421400      1.45e-01      4.58e-03    2.8e-07
1421500      1.21e-01      3.84e-03    2.8e-07
1421600      1.07e-01      3.39e-03    2.8e-07
1421700      1.26e-01      3.98e-03    2.8e-07
1421800      1.32e-01      4.18e-03    2.8e-07
1421900      1.21e-01      3.82e-03    2.8e-07
1422000      1.43e-01      4.51e-03    2.8e-07
1422100      1.08e-01      3.41e-03    2.8e-07
1422200      1.30e-01      4.12e-03    2.8e-07
1422300      1.25e-01      3.95e-03    2.8e-07
1422400      1.34e-01      4.23e-03    2.8e-07
1422500      1.05e-01      3.33e-03    2.8e-07
1422600      1.49e-01      4.71e-03    2.8e-07
1422700      1.21e-01      3.82e-03    2.8e-07
1422800      1.21e-01      3.82e-03    2.8e-07
1422900      1.32e-01      4.16e-03    2.8e-07
1423000      1.45e-01      4.57e-03    2.8e-07
1423100      1.33e-01      4.19e-03    2.8e-07
1423200      1.42e-01      4.48e-03    2.8e-07
1423300      1.45e-01      4.58e-03    2.8e-07
1423400      1.36e-01      4.31e-03    2.8e-07
1423500      1.16e-01      3.67e-03    2.8e-07
1423600      1.28e-01      4.05e-03    2.8e-07
1423700      1.02e-01      3.23e-03    2.8e-07
1423800      1.39e-01      4.41e-03    2.8e-07
1423900      1.56e-01      4.94e-03    2.8e-07
1424000      1.33e-01      4.20e-03    2.8e-07
1424100      1.42e-01      4.50e-03    2.8e-07
1424200      1.11e-01      3.51e-03    2.8e-07
1424300      1.14e-01      3.61e-03    2.8e-07
1424400      1.60e-01      5.05e-03    2.8e-07
1424500      1.45e-01      4.60e-03    2.8e-07
1424600      1.29e-01      4.08e-03    2.8e-07
1424700      1.17e-01      3.69e-03    2.8e-07
1424800      1.11e-01      3.51e-03    2.8e-07
1424900      1.01e-01      3.21e-03    2.8e-07
1425000      1.46e-01      4.63e-03    2.7e-07
1425100      1.47e-01      4.66e-03    2.7e-07
1425200      1.48e-01      4.67e-03    2.7e-07
1425300      1.18e-01      3.72e-03    2.7e-07
1425400      1.14e-01      3.62e-03    2.7e-07
1425500      9.90e-02      3.13e-03    2.7e-07
1425600      1.13e-01      3.58e-03    2.7e-07
1425700      1.24e-01      3.93e-03    2.7e-07
1425800      1.49e-01      4.71e-03    2.7e-07
1425900      1.24e-01      3.93e-03    2.7e-07
1426000      1.04e-01      3.29e-03    2.7e-07
1426100      1.50e-01      4.74e-03    2.7e-07
1426200      1.17e-01      3.71e-03    2.7e-07
1426300      1.50e-01      4.73e-03    2.7e-07
1426400      1.49e-01      4.72e-03    2.7e-07
1426500      1.51e-01      4.79e-03    2.7e-07
1426600      1.24e-01      3.93e-03    2.7e-07
1426700      1.30e-01      4.10e-03    2.7e-07
1426800      9.81e-02      3.10e-03    2.7e-07
1426900      1.38e-01      4.37e-03    2.7e-07
1427000      1.50e-01      4.75e-03    2.7e-07
1427100      1.15e-01      3.62e-03    2.7e-07
1427200      1.20e-01      3.79e-03    2.7e-07
1427300      1.40e-01      4.43e-03    2.7e-07
1427400      1.22e-01      3.87e-03    2.7e-07
1427500      1.11e-01      3.51e-03    2.7e-07
1427600      1.22e-01      3.87e-03    2.7e-07
1427700      1.28e-01      4.05e-03    2.7e-07
1427800      1.25e-01      3.95e-03    2.7e-07
1427900      1.07e-01      3.39e-03    2.7e-07
1428000      9.22e-02      2.91e-03    2.7e-07
1428100      1.32e-01      4.19e-03    2.7e-07
1428200      9.82e-02      3.11e-03    2.7e-07
1428300      1.02e-01      3.21e-03    2.7e-07
1428400      1.51e-01      4.78e-03    2.7e-07
1428500      1.23e-01      3.88e-03    2.7e-07
1428600      1.40e-01      4.43e-03    2.7e-07
1428700      1.48e-01      4.69e-03    2.7e-07
1428800      1.50e-01      4.74e-03    2.7e-07
1428900      1.11e-01      3.52e-03    2.7e-07
1429000      1.24e-01      3.92e-03    2.7e-07
1429100      1.36e-01      4.29e-03    2.7e-07
1429200      1.45e-01      4.58e-03    2.7e-07
1429300      1.28e-01      4.05e-03    2.7e-07
1429400      1.19e-01      3.76e-03    2.7e-07
1429500      1.53e-01      4.82e-03    2.7e-07
1429600      1.17e-01      3.69e-03    2.7e-07
1429700      1.36e-01      4.29e-03    2.7e-07
1429800      1.28e-01      4.03e-03    2.7e-07
1429900      1.33e-01      4.20e-03    2.7e-07
1430000      1.54e-01      4.87e-03    2.7e-07
1430100      1.30e-01      4.12e-03    2.7e-07
1430200      1.01e-01      3.19e-03    2.7e-07
1430300      1.29e-01      4.08e-03    2.7e-07
1430400      1.27e-01      4.03e-03    2.7e-07
1430500      1.61e-01      5.09e-03    2.7e-07
1430600      1.45e-01      4.59e-03    2.7e-07
1430700      1.31e-01      4.14e-03    2.7e-07
1430800      1.20e-01      3.80e-03    2.7e-07
1430900      1.41e-01      4.46e-03    2.7e-07
1431000      1.04e-01      3.28e-03    2.7e-07
1431100      1.39e-01      4.40e-03    2.7e-07
1431200      1.27e-01      4.01e-03    2.7e-07
1431300      1.12e-01      3.53e-03    2.7e-07
1431400      9.91e-02      3.13e-03    2.7e-07
1431500      1.56e-01      4.93e-03    2.7e-07
1431600      1.37e-01      4.33e-03    2.7e-07
1431700      1.17e-01      3.69e-03    2.7e-07
1431800      1.14e-01      3.59e-03    2.7e-07
1431900      1.09e-01      3.45e-03    2.7e-07
1432000      1.04e-01      3.30e-03    2.7e-07
1432100      1.23e-01      3.88e-03    2.7e-07
1432200      1.26e-01      3.97e-03    2.7e-07
1432300      1.24e-01      3.93e-03    2.7e-07
1432400      1.23e-01      3.90e-03    2.7e-07
1432500      1.03e-01      3.25e-03    2.7e-07
1432600      1.34e-01      4.25e-03    2.7e-07
1432700      1.35e-01      4.28e-03    2.7e-07
1432800      1.33e-01      4.22e-03    2.7e-07
1432900      1.47e-01      4.65e-03    2.7e-07
1433000      1.46e-01      4.63e-03    2.7e-07
1433100      1.18e-01      3.75e-03    2.7e-07
1433200      1.38e-01      4.38e-03    2.7e-07
1433300      1.35e-01      4.26e-03    2.7e-07
1433400      1.38e-01      4.36e-03    2.7e-07
1433500      1.23e-01      3.89e-03    2.7e-07
1433600      1.47e-01      4.64e-03    2.7e-07
1433700      1.52e-01      4.79e-03    2.7e-07
1433800      1.37e-01      4.32e-03    2.7e-07
1433900      1.41e-01      4.45e-03    2.7e-07
1434000      1.26e-01      4.00e-03    2.7e-07
1434100      1.22e-01      3.84e-03    2.7e-07
1434200      1.42e-01      4.48e-03    2.7e-07
1434300      1.20e-01      3.78e-03    2.7e-07
1434400      1.37e-01      4.33e-03    2.7e-07
1434500      1.10e-01      3.47e-03    2.7e-07
1434600      1.20e-01      3.80e-03    2.7e-07
1434700      1.40e-01      4.43e-03    2.7e-07
1434800      1.56e-01      4.92e-03    2.7e-07
1434900      1.45e-01      4.60e-03    2.7e-07
1435000      1.10e-01      3.48e-03    2.6e-07
1435100      1.60e-01      5.05e-03    2.6e-07
1435200      1.43e-01      4.51e-03    2.6e-07
1435300      1.22e-01      3.86e-03    2.6e-07
1435400      1.27e-01      4.01e-03    2.6e-07
1435500      1.41e-01      4.45e-03    2.6e-07
1435600      9.92e-02      3.14e-03    2.6e-07
1435700      1.04e-01      3.29e-03    2.6e-07
1435800      1.16e-01      3.66e-03    2.6e-07
1435900      1.41e-01      4.46e-03    2.6e-07
1436000      1.26e-01      3.98e-03    2.6e-07
1436100      1.36e-01      4.29e-03    2.6e-07
1436200      1.17e-01      3.71e-03    2.6e-07
1436300      1.17e-01      3.70e-03    2.6e-07
1436400      1.12e-01      3.54e-03    2.6e-07
1436500      1.29e-01      4.09e-03    2.6e-07
1436600      1.28e-01      4.05e-03    2.6e-07
1436700      1.03e-01      3.25e-03    2.6e-07
1436800      9.93e-02      3.14e-03    2.6e-07
1436900      1.16e-01      3.68e-03    2.6e-07
1437000      1.40e-01      4.42e-03    2.6e-07
1437100      1.35e-01      4.26e-03    2.6e-07
1437200      1.37e-01      4.33e-03    2.6e-07
1437300      1.41e-01      4.47e-03    2.6e-07
1437400      1.35e-01      4.27e-03    2.6e-07
1437500      1.14e-01      3.59e-03    2.6e-07
1437600      1.01e-01      3.19e-03    2.6e-07
1437700      1.40e-01      4.44e-03    2.6e-07
1437800      1.47e-01      4.65e-03    2.6e-07
1437900      1.36e-01      4.29e-03    2.6e-07
1438000      1.21e-01      3.84e-03    2.6e-07
1438100      1.21e-01      3.83e-03    2.6e-07
1438200      1.36e-01      4.29e-03    2.6e-07
1438300      1.05e-01      3.33e-03    2.6e-07
1438400      1.43e-01      4.52e-03    2.6e-07
1438500      1.07e-01      3.38e-03    2.6e-07
1438600      1.23e-01      3.88e-03    2.6e-07
1438700      1.26e-01      4.00e-03    2.6e-07
1438800      1.45e-01      4.59e-03    2.6e-07
1438900      1.45e-01      4.60e-03    2.6e-07
1439000      1.30e-01      4.10e-03    2.6e-07
1439100      1.34e-01      4.25e-03    2.6e-07
1439200      1.15e-01      3.65e-03    2.6e-07
1439300      1.34e-01      4.22e-03    2.6e-07
1439400      1.34e-01      4.25e-03    2.6e-07
1439500      1.31e-01      4.14e-03    2.6e-07
1439600      1.43e-01      4.52e-03    2.6e-07
1439700      1.53e-01      4.85e-03    2.6e-07
1439800      1.49e-01      4.70e-03    2.6e-07
1439900      1.52e-01      4.82e-03    2.6e-07
1440000      1.28e-01      4.03e-03    2.5e-07
1440100      1.01e-01      3.19e-03    2.5e-07
1440200      1.43e-01      4.51e-03    2.5e-07
1440300      1.24e-01      3.92e-03    2.5e-07
1440400      1.36e-01      4.31e-03    2.5e-07
1440500      1.16e-01      3.68e-03    2.5e-07
1440600      1.09e-01      3.45e-03    2.5e-07
1440700      1.18e-01      3.74e-03    2.5e-07
1440800      1.11e-01      3.51e-03    2.5e-07
1440900      1.09e-01      3.46e-03    2.5e-07
1441000      1.51e-01      4.78e-03    2.5e-07
1441100      1.30e-01      4.10e-03    2.5e-07
1441200      1.21e-01      3.81e-03    2.5e-07
1441300      1.25e-01      3.97e-03    2.5e-07
1441400      1.33e-01      4.20e-03    2.5e-07
1441500      1.45e-01      4.58e-03    2.5e-07
1441600      1.37e-01      4.34e-03    2.5e-07
1441700      1.14e-01      3.61e-03    2.5e-07
1441800      1.07e-01      3.37e-03    2.5e-07
1441900      1.14e-01      3.59e-03    2.5e-07
1442000      1.33e-01      4.21e-03    2.5e-07
1442100      1.41e-01      4.47e-03    2.5e-07
1442200      1.13e-01      3.57e-03    2.5e-07
1442300      1.02e-01      3.23e-03    2.5e-07
1442400      1.19e-01      3.78e-03    2.5e-07
1442500      1.45e-01      4.59e-03    2.5e-07
1442600      1.29e-01      4.08e-03    2.5e-07
1442700      1.23e-01      3.89e-03    2.5e-07
1442800      1.32e-01      4.18e-03    2.5e-07
1442900      1.52e-01      4.82e-03    2.5e-07
1443000      1.27e-01      4.03e-03    2.5e-07
1443100      1.45e-01      4.59e-03    2.5e-07
1443200      1.43e-01      4.53e-03    2.5e-07
1443300      1.43e-01      4.52e-03    2.5e-07
1443400      1.16e-01      3.68e-03    2.5e-07
1443500      1.47e-01      4.65e-03    2.5e-07
1443600      1.37e-01      4.33e-03    2.5e-07
1443700      1.22e-01      3.87e-03    2.5e-07
1443800      1.35e-01      4.26e-03    2.5e-07
1443900      1.37e-01      4.33e-03    2.5e-07
1444000      1.08e-01      3.41e-03    2.5e-07
1444100      1.35e-01      4.27e-03    2.5e-07
1444200      1.45e-01      4.58e-03    2.5e-07
1444300      1.39e-01      4.38e-03    2.5e-07
1444400      1.32e-01      4.16e-03    2.5e-07
1444500      1.29e-01      4.07e-03    2.5e-07
1444600      1.40e-01      4.43e-03    2.5e-07
1444700      1.44e-01      4.57e-03    2.5e-07
1444800      1.32e-01      4.18e-03    2.5e-07
1444900      1.51e-01      4.77e-03    2.5e-07
1445000      1.16e-01      3.68e-03    2.4e-07
1445100      1.32e-01      4.16e-03    2.4e-07
1445200      1.01e-01      3.18e-03    2.4e-07
1445300      1.46e-01      4.61e-03    2.4e-07
1445400      1.42e-01      4.48e-03    2.4e-07
1445500      1.50e-01      4.75e-03    2.4e-07
1445600      1.39e-01      4.39e-03    2.4e-07
1445700      1.13e-01      3.56e-03    2.4e-07
1445800      1.42e-01      4.48e-03    2.4e-07
1445900      1.42e-01      4.48e-03    2.4e-07
1446000      1.22e-01      3.86e-03    2.4e-07
1446100      1.26e-01      3.97e-03    2.4e-07
1446200      1.27e-01      4.02e-03    2.4e-07
1446300      1.30e-01      4.10e-03    2.4e-07
1446400      1.09e-01      3.44e-03    2.4e-07
1446500      1.21e-01      3.84e-03    2.4e-07
1446600      1.41e-01      4.45e-03    2.4e-07
1446700      1.32e-01      4.18e-03    2.4e-07
1446800      1.39e-01      4.40e-03    2.4e-07
1446900      1.40e-01      4.44e-03    2.4e-07
1447000      1.46e-01      4.60e-03    2.4e-07
1447100      1.45e-01      4.59e-03    2.4e-07
1447200      1.54e-01      4.86e-03    2.4e-07
1447300      1.41e-01      4.47e-03    2.4e-07
1447400      1.14e-01      3.61e-03    2.4e-07
1447500      1.32e-01      4.16e-03    2.4e-07
1447600      1.39e-01      4.40e-03    2.4e-07
1447700      1.46e-01      4.61e-03    2.4e-07
1447800      1.06e-01      3.34e-03    2.4e-07
1447900      1.30e-01      4.11e-03    2.4e-07
1448000      1.17e-01      3.69e-03    2.4e-07
1448100      1.01e-01      3.21e-03    2.4e-07
1448200      1.56e-01      4.95e-03    2.4e-07
1448300      1.41e-01      4.44e-03    2.4e-07
1448400      1.35e-01      4.27e-03    2.4e-07
1448500      1.07e-01      3.37e-03    2.4e-07
1448600      1.37e-01      4.33e-03    2.4e-07
1448700      1.28e-01      4.04e-03    2.4e-07
1448800      1.52e-01      4.81e-03    2.4e-07
1448900      1.37e-01      4.32e-03    2.4e-07
1449000      1.20e-01      3.79e-03    2.4e-07
1449100      1.14e-01      3.62e-03    2.4e-07
1449200      1.23e-01      3.89e-03    2.4e-07
1449300      1.35e-01      4.27e-03    2.4e-07
1449400      1.31e-01      4.16e-03    2.4e-07
1449500      1.20e-01      3.81e-03    2.4e-07
1449600      1.16e-01      3.67e-03    2.4e-07
1449700      1.15e-01      3.62e-03    2.4e-07
1449800      1.44e-01      4.55e-03    2.4e-07
1449900      1.02e-01      3.23e-03    2.4e-07
1450000      1.27e-01      4.02e-03    2.4e-07
1450100      1.15e-01      3.64e-03    2.4e-07
1450200      1.55e-01      4.90e-03    2.4e-07
1450300      1.42e-01      4.48e-03    2.4e-07
1450400      1.44e-01      4.55e-03    2.4e-07
1450500      1.44e-01      4.57e-03    2.4e-07
1450600      1.43e-01      4.52e-03    2.4e-07
1450700      1.31e-01      4.15e-03    2.4e-07
1450800      1.39e-01      4.41e-03    2.4e-07
1450900      1.31e-01      4.13e-03    2.4e-07
1451000      1.40e-01      4.43e-03    2.4e-07
1451100      1.47e-01      4.63e-03    2.4e-07
1451200      1.16e-01      3.68e-03    2.4e-07
1451300      1.16e-01      3.67e-03    2.4e-07
1451400      1.33e-01      4.21e-03    2.4e-07
1451500      1.39e-01      4.38e-03    2.4e-07
1451600      1.39e-01      4.40e-03    2.4e-07
1451700      1.43e-01      4.52e-03    2.4e-07
1451800      1.14e-01      3.61e-03    2.4e-07
1451900      1.15e-01      3.65e-03    2.4e-07
1452000      1.47e-01      4.66e-03    2.4e-07
1452100      1.15e-01      3.63e-03    2.4e-07
1452200      1.33e-01      4.20e-03    2.4e-07
1452300      1.36e-01      4.29e-03    2.4e-07
1452400      1.24e-01      3.91e-03    2.4e-07
1452500      1.47e-01      4.66e-03    2.4e-07
1452600      1.43e-01      4.51e-03    2.4e-07
1452700      1.35e-01      4.28e-03    2.4e-07
1452800      1.30e-01      4.12e-03    2.4e-07
1452900      1.09e-01      3.46e-03    2.4e-07
1453000      1.34e-01      4.25e-03    2.4e-07
1453100      1.11e-01      3.52e-03    2.4e-07
1453200      1.51e-01      4.77e-03    2.4e-07
1453300      1.29e-01      4.08e-03    2.4e-07
1453400      1.24e-01      3.91e-03    2.4e-07
1453500      1.47e-01      4.66e-03    2.4e-07
1453600      1.32e-01      4.17e-03    2.4e-07
1453700      1.31e-01      4.15e-03    2.4e-07
1453800      1.41e-01      4.46e-03    2.4e-07
1453900      1.12e-01      3.54e-03    2.4e-07
1454000      1.50e-01      4.74e-03    2.4e-07
1454100      1.45e-01      4.59e-03    2.4e-07
1454200      1.58e-01      5.00e-03    2.4e-07
1454300      1.07e-01      3.38e-03    2.4e-07
1454400      1.51e-01      4.76e-03    2.4e-07
1454500      1.33e-01      4.19e-03    2.4e-07
1454600      1.50e-01      4.75e-03    2.4e-07
1454700      1.42e-01      4.50e-03    2.4e-07
1454800      1.44e-01      4.56e-03    2.4e-07
1454900      1.52e-01      4.79e-03    2.4e-07
1455000      1.20e-01      3.79e-03    2.3e-07
1455100      1.59e-01      5.01e-03    2.3e-07
1455200      1.23e-01      3.90e-03    2.3e-07
1455300      1.30e-01      4.11e-03    2.3e-07
1455400      1.44e-01      4.56e-03    2.3e-07
1455500      1.44e-01      4.55e-03    2.3e-07
1455600      1.46e-01      4.61e-03    2.3e-07
1455700      1.35e-01      4.28e-03    2.3e-07
1455800      1.58e-01      5.01e-03    2.3e-07
1455900      1.13e-01      3.57e-03    2.3e-07
1456000      1.47e-01      4.64e-03    2.3e-07
1456100      1.47e-01      4.65e-03    2.3e-07
1456200      1.35e-01      4.27e-03    2.3e-07
1456300      9.91e-02      3.13e-03    2.3e-07
1456400      1.36e-01      4.29e-03    2.3e-07
1456500      1.45e-01      4.57e-03    2.3e-07
1456600      1.57e-01      4.97e-03    2.3e-07
1456700      1.12e-01      3.54e-03    2.3e-07
1456800      1.41e-01      4.45e-03    2.3e-07
1456900      1.37e-01      4.32e-03    2.3e-07
1457000      1.08e-01      3.42e-03    2.3e-07
1457100      1.39e-01      4.39e-03    2.3e-07
1457200      1.18e-01      3.74e-03    2.3e-07
1457300      1.58e-01      5.00e-03    2.3e-07
1457400      1.17e-01      3.69e-03    2.3e-07
1457500      1.36e-01      4.29e-03    2.3e-07
1457600      1.45e-01      4.57e-03    2.3e-07
1457700      1.37e-01      4.32e-03    2.3e-07
1457800      1.45e-01      4.59e-03    2.3e-07
1457900      1.24e-01      3.93e-03    2.3e-07
1458000      1.17e-01      3.71e-03    2.3e-07
1458100      1.56e-01      4.93e-03    2.3e-07
1458200      1.24e-01      3.92e-03    2.3e-07
1458300      1.13e-01      3.57e-03    2.3e-07
1458400      1.10e-01      3.46e-03    2.3e-07
1458500      1.25e-01      3.96e-03    2.3e-07
1458600      1.21e-01      3.81e-03    2.3e-07
1458700      1.31e-01      4.15e-03    2.3e-07
1458800      1.10e-01      3.48e-03    2.3e-07
1458900      1.30e-01      4.12e-03    2.3e-07
1459000      1.52e-01      4.81e-03    2.3e-07
1459100      1.06e-01      3.36e-03    2.3e-07
1459200      1.20e-01      3.80e-03    2.3e-07
1459300      1.45e-01      4.59e-03    2.3e-07
1459400      1.15e-01      3.65e-03    2.3e-07
1459500      1.43e-01      4.52e-03    2.3e-07
1459600      1.32e-01      4.17e-03    2.3e-07
1459700      1.38e-01      4.37e-03    2.3e-07
1459800      1.12e-01      3.53e-03    2.3e-07
1459900      1.17e-01      3.69e-03    2.3e-07
1460000      1.05e-01      3.31e-03    2.2e-07
1460100      1.22e-01      3.85e-03    2.2e-07
1460200      1.30e-01      4.11e-03    2.2e-07
1460300      1.16e-01      3.66e-03    2.2e-07
1460400      1.31e-01      4.14e-03    2.2e-07
1460500      1.32e-01      4.17e-03    2.2e-07
1460600      1.01e-01      3.19e-03    2.2e-07
1460700      1.14e-01      3.59e-03    2.2e-07
1460800      1.05e-01      3.33e-03    2.2e-07
1460900      1.20e-01      3.78e-03    2.2e-07
1461000      1.50e-01      4.75e-03    2.2e-07
1461100      1.47e-01      4.65e-03    2.2e-07
1461200      1.34e-01      4.23e-03    2.2e-07
1461300      1.27e-01      4.02e-03    2.2e-07
1461400      1.23e-01      3.88e-03    2.2e-07
1461500      1.33e-01      4.20e-03    2.2e-07
1461600      1.38e-01      4.35e-03    2.2e-07
1461700      1.29e-01      4.09e-03    2.2e-07
1461800      1.25e-01      3.96e-03    2.2e-07
1461900      1.13e-01      3.59e-03    2.2e-07
1462000      1.24e-01      3.91e-03    2.2e-07
1462100      1.56e-01      4.92e-03    2.2e-07
1462200      1.30e-01      4.11e-03    2.2e-07
1462300      1.33e-01      4.20e-03    2.2e-07
1462400      9.91e-02      3.13e-03    2.2e-07
1462500      1.43e-01      4.51e-03    2.2e-07
1462600      1.38e-01      4.37e-03    2.2e-07
1462700      1.19e-01      3.77e-03    2.2e-07
1462800      1.44e-01      4.56e-03    2.2e-07
1462900      1.41e-01      4.47e-03    2.2e-07
1463000      1.28e-01      4.05e-03    2.2e-07
1463100      1.16e-01      3.66e-03    2.2e-07
1463200      1.19e-01      3.76e-03    2.2e-07
1463300      1.32e-01      4.16e-03    2.2e-07
1463400      1.08e-01      3.43e-03    2.2e-07
1463500      1.41e-01      4.45e-03    2.2e-07
1463600      1.30e-01      4.10e-03    2.2e-07
1463700      1.52e-01      4.80e-03    2.2e-07
1463800      1.33e-01      4.22e-03    2.2e-07
1463900      1.49e-01      4.70e-03    2.2e-07
1464000      1.44e-01      4.55e-03    2.2e-07
1464100      1.07e-01      3.38e-03    2.2e-07
1464200      1.38e-01      4.35e-03    2.2e-07
1464300      1.45e-01      4.59e-03    2.2e-07
1464400      1.25e-01      3.94e-03    2.2e-07
1464500      1.18e-01      3.72e-03    2.2e-07
1464600      1.27e-01      4.01e-03    2.2e-07
1464700      1.49e-01      4.71e-03    2.2e-07
1464800      1.37e-01      4.32e-03    2.2e-07
1464900      1.09e-01      3.46e-03    2.2e-07
1465000      1.09e-01      3.44e-03    2.2e-07
1465100      1.37e-01      4.33e-03    2.2e-07
1465200      1.39e-01      4.40e-03    2.2e-07
1465300      1.15e-01      3.64e-03    2.2e-07
1465400      1.25e-01      3.94e-03    2.2e-07
1465500      1.07e-01      3.39e-03    2.2e-07
1465600      1.35e-01      4.27e-03    2.2e-07
1465700      1.29e-01      4.09e-03    2.2e-07
1465800      1.01e-01      3.19e-03    2.2e-07
1465900      1.34e-01      4.22e-03    2.2e-07
1466000      1.57e-01      4.97e-03    2.2e-07
1466100      1.04e-01      3.28e-03    2.2e-07
1466200      1.38e-01      4.35e-03    2.2e-07
1466300      1.10e-01      3.48e-03    2.2e-07
1466400      1.16e-01      3.66e-03    2.2e-07
1466500      1.27e-01      4.02e-03    2.2e-07
1466600      1.15e-01      3.65e-03    2.2e-07
1466700      1.37e-01      4.34e-03    2.2e-07
1466800      1.26e-01      4.00e-03    2.2e-07
1466900      1.12e-01      3.54e-03    2.2e-07
1467000      1.28e-01      4.06e-03    2.2e-07
1467100      1.44e-01      4.56e-03    2.2e-07
1467200      1.43e-01      4.53e-03    2.2e-07
1467300      9.65e-02      3.05e-03    2.2e-07
1467400      1.37e-01      4.33e-03    2.2e-07
1467500      1.43e-01      4.51e-03    2.2e-07
1467600      1.45e-01      4.58e-03    2.2e-07
1467700      1.37e-01      4.33e-03    2.2e-07
1467800      1.51e-01      4.77e-03    2.2e-07
1467900      1.38e-01      4.37e-03    2.2e-07
1468000      1.24e-01      3.92e-03    2.2e-07
1468100      1.49e-01      4.72e-03    2.2e-07
1468200      9.64e-02      3.05e-03    2.2e-07
1468300      1.34e-01      4.25e-03    2.2e-07
1468400      1.04e-01      3.30e-03    2.2e-07
1468500      1.21e-01      3.82e-03    2.2e-07
1468600      1.47e-01      4.64e-03    2.2e-07
1468700      1.50e-01      4.75e-03    2.2e-07
1468800      1.14e-01      3.60e-03    2.2e-07
1468900      1.35e-01      4.27e-03    2.2e-07
1469000      1.27e-01      4.02e-03    2.2e-07
1469100      1.17e-01      3.70e-03    2.2e-07
1469200      1.35e-01      4.28e-03    2.2e-07
1469300      1.15e-01      3.63e-03    2.2e-07
1469400      1.35e-01      4.26e-03    2.2e-07
1469500      1.21e-01      3.82e-03    2.2e-07
1469600      1.27e-01      4.03e-03    2.2e-07
1469700      1.24e-01      3.92e-03    2.2e-07
1469800      1.42e-01      4.51e-03    2.2e-07
1469900      1.49e-01      4.72e-03    2.2e-07
1470000      1.32e-01      4.16e-03    2.1e-07
1470100      1.18e-01      3.73e-03    2.1e-07
1470200      1.14e-01      3.62e-03    2.1e-07
1470300      1.22e-01      3.87e-03    2.1e-07
1470400      1.38e-01      4.37e-03    2.1e-07
1470500      1.30e-01      4.13e-03    2.1e-07
1470600      1.04e-01      3.28e-03    2.1e-07
1470700      1.08e-01      3.41e-03    2.1e-07
1470800      1.46e-01      4.62e-03    2.1e-07
1470900      1.34e-01      4.24e-03    2.1e-07
1471000      1.36e-01      4.31e-03    2.1e-07
1471100      1.17e-01      3.69e-03    2.1e-07
1471200      1.20e-01      3.80e-03    2.1e-07
1471300      1.23e-01      3.89e-03    2.1e-07
1471400      1.25e-01      3.95e-03    2.1e-07
1471500      1.39e-01      4.41e-03    2.1e-07
1471600      1.14e-01      3.62e-03    2.1e-07
1471700      1.39e-01      4.40e-03    2.1e-07
1471800      1.05e-01      3.32e-03    2.1e-07
1471900      1.10e-01      3.49e-03    2.1e-07
1472000      1.44e-01      4.56e-03    2.1e-07
1472100      1.28e-01      4.04e-03    2.1e-07
1472200      1.15e-01      3.63e-03    2.1e-07
1472300      1.47e-01      4.63e-03    2.1e-07
1472400      1.32e-01      4.18e-03    2.1e-07
1472500      1.02e-01      3.22e-03    2.1e-07
1472600      1.14e-01      3.61e-03    2.1e-07
1472700      1.43e-01      4.53e-03    2.1e-07
1472800      1.12e-01      3.56e-03    2.1e-07
1472900      1.16e-01      3.65e-03    2.1e-07
1473000      1.28e-01      4.06e-03    2.1e-07
1473100      1.31e-01      4.13e-03    2.1e-07
1473200      1.06e-01      3.35e-03    2.1e-07
1473300      1.32e-01      4.16e-03    2.1e-07
1473400      9.64e-02      3.05e-03    2.1e-07
1473500      1.04e-01      3.28e-03    2.1e-07
1473600      1.51e-01      4.77e-03    2.1e-07
1473700      1.28e-01      4.06e-03    2.1e-07
1473800      1.03e-01      3.25e-03    2.1e-07
1473900      9.85e-02      3.11e-03    2.1e-07
1474000      1.23e-01      3.90e-03    2.1e-07
1474100      1.36e-01      4.30e-03    2.1e-07
1474200      1.13e-01      3.57e-03    2.1e-07
1474300      1.42e-01      4.48e-03    2.1e-07
1474400      1.05e-01      3.32e-03    2.1e-07
1474500      1.41e-01      4.46e-03    2.1e-07
1474600      1.21e-01      3.84e-03    2.1e-07
1474700      1.42e-01      4.51e-03    2.1e-07
1474800      1.39e-01      4.40e-03    2.1e-07
1474900      1.22e-01      3.85e-03    2.1e-07
1475000      1.40e-01      4.44e-03    2.1e-07
1475100      1.32e-01      4.18e-03    2.1e-07
1475200      1.56e-01      4.94e-03    2.1e-07
1475300      1.30e-01      4.12e-03    2.1e-07
1475400      1.36e-01      4.31e-03    2.1e-07
1475500      1.40e-01      4.42e-03    2.1e-07
1475600      1.42e-01      4.49e-03    2.1e-07
1475700      1.09e-01      3.44e-03    2.1e-07
1475800      1.33e-01      4.22e-03    2.1e-07
1475900      1.51e-01      4.77e-03    2.1e-07
1476000      1.11e-01      3.52e-03    2.1e-07
1476100      1.24e-01      3.92e-03    2.1e-07
1476200      1.37e-01      4.32e-03    2.1e-07
1476300      1.50e-01      4.74e-03    2.1e-07
1476400      1.14e-01      3.62e-03    2.1e-07
1476500      1.46e-01      4.63e-03    2.1e-07
1476600      1.52e-01      4.81e-03    2.1e-07
1476700      1.40e-01      4.42e-03    2.1e-07
1476800      1.35e-01      4.27e-03    2.1e-07
1476900      1.26e-01      3.98e-03    2.1e-07
1477000      1.38e-01      4.37e-03    2.1e-07
1477100      1.20e-01      3.78e-03    2.1e-07
1477200      1.09e-01      3.44e-03    2.1e-07
1477300      1.57e-01      4.98e-03    2.1e-07
1477400      1.46e-01      4.61e-03    2.1e-07
1477500      1.18e-01      3.72e-03    2.1e-07
1477600      1.36e-01      4.30e-03    2.1e-07
1477700      1.15e-01      3.65e-03    2.1e-07
1477800      1.17e-01      3.72e-03    2.1e-07
1477900      1.36e-01      4.29e-03    2.1e-07
1478000      1.44e-01      4.56e-03    2.1e-07
1478100      1.35e-01      4.27e-03    2.1e-07
1478200      1.03e-01      3.27e-03    2.1e-07
1478300      1.18e-01      3.72e-03    2.1e-07
1478400      1.40e-01      4.44e-03    2.1e-07
1478500      1.25e-01      3.95e-03    2.1e-07
1478600      1.17e-01      3.69e-03    2.1e-07
1478700      1.10e-01      3.47e-03    2.1e-07
1478800      1.07e-01      3.40e-03    2.1e-07
1478900      9.86e-02      3.12e-03    2.1e-07
1479000      1.32e-01      4.19e-03    2.1e-07
1479100      1.18e-01      3.75e-03    2.1e-07
1479200      1.56e-01      4.92e-03    2.1e-07
1479300      1.28e-01      4.05e-03    2.1e-07
1479400      1.51e-01      4.77e-03    2.1e-07
1479500      1.52e-01      4.81e-03    2.1e-07
1479600      1.12e-01      3.54e-03    2.1e-07
1479700      1.19e-01      3.77e-03    2.1e-07
1479800      1.26e-01      3.99e-03    2.1e-07
1479900      1.29e-01      4.09e-03    2.1e-07
1480000      1.48e-01      4.67e-03    2.0e-07
1480100      1.41e-01      4.47e-03    2.0e-07
1480200      1.19e-01      3.78e-03    2.0e-07
1480300      1.31e-01      4.14e-03    2.0e-07
1480400      1.45e-01      4.59e-03    2.0e-07
1480500      1.42e-01      4.50e-03    2.0e-07
1480600      1.35e-01      4.27e-03    2.0e-07
1480700      1.24e-01      3.92e-03    2.0e-07
1480800      1.41e-01      4.47e-03    2.0e-07
1480900      1.38e-01      4.35e-03    2.0e-07
1481000      1.27e-01      4.02e-03    2.0e-07
1481100      1.25e-01      3.95e-03    2.0e-07
1481200      1.51e-01      4.76e-03    2.0e-07
1481300      1.29e-01      4.09e-03    2.0e-07
1481400      1.36e-01      4.31e-03    2.0e-07
1481500      1.42e-01      4.49e-03    2.0e-07
1481600      1.50e-01      4.74e-03    2.0e-07
1481700      1.45e-01      4.58e-03    2.0e-07
1481800      1.03e-01      3.25e-03    2.0e-07
1481900      1.06e-01      3.35e-03    2.0e-07
1482000      1.05e-01      3.32e-03    2.0e-07
1482100      1.07e-01      3.38e-03    2.0e-07
1482200      1.42e-01      4.50e-03    2.0e-07
1482300      1.37e-01      4.33e-03    2.0e-07
1482400      1.53e-01      4.83e-03    2.0e-07
1482500      1.29e-01      4.09e-03    2.0e-07
1482600      1.30e-01      4.12e-03    2.0e-07
1482700      1.28e-01      4.06e-03    2.0e-07
1482800      1.12e-01      3.53e-03    2.0e-07
1482900      1.37e-01      4.33e-03    2.0e-07
1483000      1.56e-01      4.94e-03    2.0e-07
1483100      1.14e-01      3.61e-03    2.0e-07
1483200      1.41e-01      4.47e-03    2.0e-07
1483300      1.27e-01      4.01e-03    2.0e-07
1483400      1.46e-01      4.61e-03    2.0e-07
1483500      1.33e-01      4.22e-03    2.0e-07
1483600      1.27e-01      4.02e-03    2.0e-07
1483700      1.15e-01      3.65e-03    2.0e-07
1483800      1.20e-01      3.81e-03    2.0e-07
1483900      1.20e-01      3.79e-03    2.0e-07
1484000      1.26e-01      3.97e-03    2.0e-07
1484100      1.10e-01      3.48e-03    2.0e-07
1484200      1.03e-01      3.26e-03    2.0e-07
1484300      1.28e-01      4.04e-03    2.0e-07
1484400      1.36e-01      4.29e-03    2.0e-07
1484500      9.97e-02      3.15e-03    2.0e-07
1484600      1.27e-01      4.01e-03    2.0e-07
1484700      1.30e-01      4.12e-03    2.0e-07
1484800      1.47e-01      4.66e-03    2.0e-07
1484900      1.60e-01      5.06e-03    2.0e-07
1485000      1.06e-01      3.35e-03    1.9e-07
1485100      1.18e-01      3.73e-03    1.9e-07
1485200      1.09e-01      3.45e-03    1.9e-07
1485300      1.27e-01      4.03e-03    1.9e-07
1485400      1.14e-01      3.59e-03    1.9e-07
1485500      1.07e-01      3.38e-03    1.9e-07
1485600      1.20e-01      3.78e-03    1.9e-07
1485700      1.42e-01      4.49e-03    1.9e-07
1485800      1.22e-01      3.85e-03    1.9e-07
1485900      1.55e-01      4.92e-03    1.9e-07
1486000      1.14e-01      3.59e-03    1.9e-07
1486100      1.20e-01      3.80e-03    1.9e-07
1486200      1.43e-01      4.53e-03    1.9e-07
1486300      1.05e-01      3.31e-03    1.9e-07
1486400      1.05e-01      3.33e-03    1.9e-07
1486500      1.20e-01      3.79e-03    1.9e-07
1486600      1.44e-01      4.55e-03    1.9e-07
1486700      1.46e-01      4.63e-03    1.9e-07
1486800      1.01e-01      3.19e-03    1.9e-07
1486900      1.23e-01      3.89e-03    1.9e-07
1487000      1.19e-01      3.77e-03    1.9e-07
1487100      1.18e-01      3.72e-03    1.9e-07
1487200      1.02e-01      3.21e-03    1.9e-07
1487300      1.15e-01      3.63e-03    1.9e-07
1487400      1.42e-01      4.49e-03    1.9e-07
1487500      1.10e-01      3.49e-03    1.9e-07
1487600      1.49e-01      4.70e-03    1.9e-07
1487700      1.18e-01      3.73e-03    1.9e-07
1487800      1.49e-01      4.71e-03    1.9e-07
1487900      1.36e-01      4.29e-03    1.9e-07
1488000      1.32e-01      4.18e-03    1.9e-07
1488100      1.08e-01      3.41e-03    1.9e-07
1488200      1.54e-01      4.87e-03    1.9e-07
1488300      1.31e-01      4.15e-03    1.9e-07
1488400      1.34e-01      4.23e-03    1.9e-07
1488500      1.41e-01      4.45e-03    1.9e-07
1488600      1.33e-01      4.20e-03    1.9e-07
1488700      1.37e-01      4.32e-03    1.9e-07
1488800      1.44e-01      4.55e-03    1.9e-07
1488900      1.21e-01      3.82e-03    1.9e-07
1489000      1.03e-01      3.25e-03    1.9e-07
1489100      1.35e-01      4.26e-03    1.9e-07
1489200      1.33e-01      4.20e-03    1.9e-07
1489300      1.31e-01      4.13e-03    1.9e-07
1489400      1.30e-01      4.12e-03    1.9e-07
1489500      1.35e-01      4.26e-03    1.9e-07
1489600      1.12e-01      3.54e-03    1.9e-07
1489700      1.41e-01      4.47e-03    1.9e-07
1489800      1.45e-01      4.58e-03    1.9e-07
1489900      1.36e-01      4.29e-03    1.9e-07
1490000      1.32e-01      4.16e-03    1.9e-07
1490100      1.24e-01      3.91e-03    1.9e-07
1490200      1.09e-01      3.46e-03    1.9e-07
1490300      1.18e-01      3.74e-03    1.9e-07
1490400      1.46e-01      4.63e-03    1.9e-07
1490500      1.47e-01      4.66e-03    1.9e-07
1490600      1.07e-01      3.38e-03    1.9e-07
1490700      1.12e-01      3.54e-03    1.9e-07
1490800      1.31e-01      4.16e-03    1.9e-07
1490900      1.21e-01      3.82e-03    1.9e-07
1491000      1.38e-01      4.37e-03    1.9e-07
1491100      1.45e-01      4.57e-03    1.9e-07
1491200      1.15e-01      3.64e-03    1.9e-07
1491300      1.50e-01      4.75e-03    1.9e-07
1491400      1.45e-01      4.59e-03    1.9e-07
1491500      1.33e-01      4.22e-03    1.9e-07
1491600      1.11e-01      3.51e-03    1.9e-07
1491700      1.36e-01      4.29e-03    1.9e-07
1491800      1.42e-01      4.50e-03    1.9e-07
1491900      1.32e-01      4.16e-03    1.9e-07
1492000      1.09e-01      3.44e-03    1.9e-07
1492100      1.25e-01      3.95e-03    1.9e-07
1492200      1.26e-01      4.00e-03    1.9e-07
1492300      1.51e-01      4.77e-03    1.9e-07
1492400      1.38e-01      4.37e-03    1.9e-07
1492500      1.21e-01      3.83e-03    1.9e-07
1492600      1.13e-01      3.57e-03    1.9e-07
1492700      1.21e-01      3.84e-03    1.9e-07
1492800      1.24e-01      3.93e-03    1.9e-07
1492900      1.10e-01      3.47e-03    1.9e-07
1493000      1.30e-01      4.12e-03    1.9e-07
1493100      1.15e-01      3.63e-03    1.9e-07
1493200      1.54e-01      4.86e-03    1.9e-07
1493300      1.30e-01      4.10e-03    1.9e-07
1493400      1.52e-01      4.81e-03    1.9e-07
1493500      1.27e-01      4.01e-03    1.9e-07
1493600      1.31e-01      4.14e-03    1.9e-07
1493700      1.07e-01      3.39e-03    1.9e-07
1493800      1.38e-01      4.37e-03    1.9e-07
1493900      1.52e-01      4.82e-03    1.9e-07
1494000      1.02e-01      3.23e-03    1.9e-07
1494100      1.27e-01      4.02e-03    1.9e-07
1494200      1.19e-01      3.77e-03    1.9e-07
1494300      1.44e-01      4.55e-03    1.9e-07
1494400      1.15e-01      3.64e-03    1.9e-07
1494500      1.20e-01      3.80e-03    1.9e-07
1494600      1.34e-01      4.22e-03    1.9e-07
1494700      1.08e-01      3.40e-03    1.9e-07
1494800      1.25e-01      3.96e-03    1.9e-07
1494900      1.17e-01      3.69e-03    1.9e-07
1495000      1.09e-01      3.46e-03    1.8e-07
1495100      1.36e-01      4.32e-03    1.8e-07
1495200      1.29e-01      4.07e-03    1.8e-07
1495300      1.08e-01      3.42e-03    1.8e-07
1495400      1.21e-01      3.81e-03    1.8e-07
1495500      1.38e-01      4.37e-03    1.8e-07
1495600      1.26e-01      4.00e-03    1.8e-07
1495700      1.24e-01      3.93e-03    1.8e-07
1495800      1.15e-01      3.63e-03    1.8e-07
1495900      1.35e-01      4.27e-03    1.8e-07
1496000      1.30e-01      4.13e-03    1.8e-07
1496100      1.03e-01      3.25e-03    1.8e-07
1496200      9.16e-02      2.90e-03    1.8e-07
1496300      1.30e-01      4.11e-03    1.8e-07
1496400      1.09e-01      3.45e-03    1.8e-07
1496500      1.50e-01      4.75e-03    1.8e-07
1496600      1.10e-01      3.48e-03    1.8e-07
1496700      1.40e-01      4.41e-03    1.8e-07
1496800      1.37e-01      4.32e-03    1.8e-07
1496900      1.50e-01      4.75e-03    1.8e-07
1497000      1.35e-01      4.27e-03    1.8e-07
1497100      1.03e-01      3.26e-03    1.8e-07
1497200      1.02e-01      3.22e-03    1.8e-07
1497300      1.38e-01      4.37e-03    1.8e-07
1497400      1.18e-01      3.73e-03    1.8e-07
1497500      1.29e-01      4.08e-03    1.8e-07
1497600      1.43e-01      4.52e-03    1.8e-07
1497700      1.50e-01      4.75e-03    1.8e-07
1497800      1.19e-01      3.77e-03    1.8e-07
1497900      1.13e-01      3.58e-03    1.8e-07
1498000      1.31e-01      4.13e-03    1.8e-07
1498100      1.30e-01      4.11e-03    1.8e-07
1498200      1.33e-01      4.22e-03    1.8e-07
1498300      1.11e-01      3.52e-03    1.8e-07
1498400      1.03e-01      3.26e-03    1.8e-07
1498500      1.42e-01      4.49e-03    1.8e-07
1498600      1.27e-01      4.02e-03    1.8e-07
1498700      1.42e-01      4.48e-03    1.8e-07
1498800      1.36e-01      4.30e-03    1.8e-07
1498900      1.35e-01      4.26e-03    1.8e-07
1499000      1.01e-01      3.19e-03    1.8e-07
1499100      1.07e-01      3.40e-03    1.8e-07
1499200      1.41e-01      4.47e-03    1.8e-07
1499300      1.45e-01      4.59e-03    1.8e-07
1499400      1.26e-01      3.99e-03    1.8e-07
1499500      1.04e-01      3.30e-03    1.8e-07
1499600      1.41e-01      4.45e-03    1.8e-07
1499700      1.24e-01      3.93e-03    1.8e-07
1499800      1.43e-01      4.53e-03    1.8e-07
1499900      1.41e-01      4.46e-03    1.8e-07
1500000      1.27e-01      4.01e-03    1.8e-07
1500100      1.44e-01      4.54e-03    1.8e-07
1500200      1.58e-01      4.99e-03    1.8e-07
1500300      1.35e-01      4.27e-03    1.8e-07
1500400      1.36e-01      4.31e-03    1.8e-07
1500500      1.33e-01      4.19e-03    1.8e-07
1500600      1.41e-01      4.45e-03    1.8e-07
1500700      1.52e-01      4.81e-03    1.8e-07
1500800      1.07e-01      3.38e-03    1.8e-07
1500900      1.34e-01      4.22e-03    1.8e-07
1501000      1.30e-01      4.12e-03    1.8e-07
1501100      1.58e-01      5.00e-03    1.8e-07
1501200      1.49e-01      4.70e-03    1.8e-07
1501300      1.15e-01      3.65e-03    1.8e-07
1501400      1.24e-01      3.92e-03    1.8e-07
1501500      1.18e-01      3.72e-03    1.8e-07
1501600      1.25e-01      3.95e-03    1.8e-07
1501700      1.49e-01      4.70e-03    1.8e-07
1501800      1.30e-01      4.11e-03    1.8e-07
1501900      1.30e-01      4.12e-03    1.8e-07
1502000      1.35e-01      4.27e-03    1.8e-07
1502100      1.39e-01      4.40e-03    1.8e-07
1502200      1.45e-01      4.60e-03    1.8e-07
1502300      1.31e-01      4.13e-03    1.8e-07
1502400      1.60e-01      5.06e-03    1.8e-07
1502500      1.22e-01      3.85e-03    1.8e-07
1502600      1.43e-01      4.51e-03    1.8e-07
1502700      1.04e-01      3.30e-03    1.8e-07
1502800      1.50e-01      4.73e-03    1.8e-07
1502900      1.20e-01      3.79e-03    1.8e-07
1503000      1.09e-01      3.45e-03    1.8e-07
1503100      1.32e-01      4.18e-03    1.8e-07
1503200      1.07e-01      3.38e-03    1.8e-07
1503300      1.48e-01      4.68e-03    1.8e-07
1503400      1.28e-01      4.04e-03    1.8e-07
1503500      1.48e-01      4.67e-03    1.8e-07
1503600      1.35e-01      4.27e-03    1.8e-07
1503700      1.56e-01      4.94e-03    1.8e-07
1503800      1.37e-01      4.34e-03    1.8e-07
1503900      1.46e-01      4.60e-03    1.8e-07
1504000      1.25e-01      3.94e-03    1.8e-07
1504100      1.16e-01      3.67e-03    1.8e-07
1504200      1.02e-01      3.22e-03    1.8e-07
1504300      1.29e-01      4.09e-03    1.8e-07
1504400      1.31e-01      4.14e-03    1.8e-07
1504500      1.36e-01      4.31e-03    1.8e-07
1504600      1.23e-01      3.90e-03    1.8e-07
1504700      1.13e-01      3.57e-03    1.8e-07
1504800      1.07e-01      3.39e-03    1.8e-07
1504900      1.33e-01      4.20e-03    1.8e-07
1505000      1.16e-01      3.67e-03    1.7e-07
1505100      1.42e-01      4.49e-03    1.7e-07
1505200      1.07e-01      3.39e-03    1.7e-07
1505300      1.41e-01      4.47e-03    1.7e-07
1505400      1.05e-01      3.32e-03    1.7e-07
1505500      1.60e-01      5.06e-03    1.7e-07
1505600      9.42e-02      2.98e-03    1.7e-07
1505700      1.26e-01      3.97e-03    1.7e-07
1505800      1.24e-01      3.91e-03    1.7e-07
1505900      1.39e-01      4.38e-03    1.7e-07
1506000      1.02e-01      3.24e-03    1.7e-07
1506100      1.35e-01      4.26e-03    1.7e-07
1506200      1.37e-01      4.32e-03    1.7e-07
1506300      1.17e-01      3.71e-03    1.7e-07
1506400      1.26e-01      4.00e-03    1.7e-07
1506500      1.13e-01      3.58e-03    1.7e-07
1506600      1.41e-01      4.46e-03    1.7e-07
1506700      1.34e-01      4.23e-03    1.7e-07
1506800      1.25e-01      3.95e-03    1.7e-07
1506900      1.40e-01      4.43e-03    1.7e-07
1507000      9.96e-02      3.15e-03    1.7e-07
1507100      1.05e-01      3.32e-03    1.7e-07
1507200      1.21e-01      3.82e-03    1.7e-07
1507300      1.15e-01      3.65e-03    1.7e-07
1507400      1.34e-01      4.24e-03    1.7e-07
1507500      1.11e-01      3.52e-03    1.7e-07
1507600      1.32e-01      4.16e-03    1.7e-07
1507700      1.41e-01      4.46e-03    1.7e-07
1507800      1.49e-01      4.72e-03    1.7e-07
1507900      1.37e-01      4.33e-03    1.7e-07
1508000      1.26e-01      4.00e-03    1.7e-07
1508100      1.43e-01      4.53e-03    1.7e-07
1508200      1.17e-01      3.71e-03    1.7e-07
1508300      1.47e-01      4.64e-03    1.7e-07
1508400      1.31e-01      4.16e-03    1.7e-07
1508500      1.49e-01      4.70e-03    1.7e-07
1508600      1.25e-01      3.94e-03    1.7e-07
1508700      1.00e-01      3.17e-03    1.7e-07
1508800      1.44e-01      4.56e-03    1.7e-07
1508900      1.37e-01      4.32e-03    1.7e-07
1509000      1.36e-01      4.30e-03    1.7e-07
1509100      1.10e-01      3.48e-03    1.7e-07
1509200      1.43e-01      4.54e-03    1.7e-07
1509300      1.16e-01      3.68e-03    1.7e-07
1509400      1.46e-01      4.62e-03    1.7e-07
1509500      1.28e-01      4.04e-03    1.7e-07
1509600      1.31e-01      4.14e-03    1.7e-07
1509700      1.38e-01      4.37e-03    1.7e-07
1509800      1.39e-01      4.40e-03    1.7e-07
1509900      1.13e-01      3.59e-03    1.7e-07
1510000      1.20e-01      3.80e-03    1.7e-07
1510100      1.43e-01      4.51e-03    1.7e-07
1510200      1.21e-01      3.84e-03    1.7e-07
1510300      9.88e-02      3.13e-03    1.7e-07
1510400      1.03e-01      3.24e-03    1.7e-07
1510500      1.16e-01      3.66e-03    1.7e-07
1510600      1.16e-01      3.68e-03    1.7e-07
1510700      1.50e-01      4.74e-03    1.7e-07
1510800      1.03e-01      3.25e-03    1.7e-07
1510900      1.41e-01      4.44e-03    1.7e-07
1511000      1.21e-01      3.83e-03    1.7e-07
1511100      1.06e-01      3.36e-03    1.7e-07
1511200      1.41e-01      4.47e-03    1.7e-07
1511300      1.33e-01      4.21e-03    1.7e-07
1511400      1.37e-01      4.32e-03    1.7e-07
1511500      1.25e-01      3.94e-03    1.7e-07
1511600      1.14e-01      3.61e-03    1.7e-07
1511700      1.42e-01      4.50e-03    1.7e-07
1511800      1.37e-01      4.32e-03    1.7e-07
1511900      1.42e-01      4.49e-03    1.7e-07
1512000      1.19e-01      3.77e-03    1.7e-07
1512100      1.35e-01      4.28e-03    1.7e-07
1512200      1.52e-01      4.80e-03    1.7e-07
1512300      1.12e-01      3.53e-03    1.7e-07
1512400      1.50e-01      4.76e-03    1.7e-07
1512500      1.36e-01      4.31e-03    1.7e-07
1512600      1.30e-01      4.12e-03    1.7e-07
1512700      1.29e-01      4.07e-03    1.7e-07
1512800      1.53e-01      4.82e-03    1.7e-07
1512900      1.27e-01      4.00e-03    1.7e-07
1513000      1.33e-01      4.19e-03    1.7e-07
1513100      1.46e-01      4.63e-03    1.7e-07
1513200      1.18e-01      3.73e-03    1.7e-07
1513300      1.04e-01      3.28e-03    1.7e-07
1513400      1.35e-01      4.26e-03    1.7e-07
1513500      1.49e-01      4.70e-03    1.7e-07
1513600      1.04e-01      3.30e-03    1.7e-07
1513700      1.33e-01      4.22e-03    1.7e-07
1513800      1.28e-01      4.04e-03    1.7e-07
1513900      1.35e-01      4.27e-03    1.7e-07
1514000      1.05e-01      3.31e-03    1.7e-07
1514100      1.42e-01      4.49e-03    1.7e-07
1514200      9.81e-02      3.10e-03    1.7e-07
1514300      9.95e-02      3.15e-03    1.7e-07
1514400      1.36e-01      4.31e-03    1.7e-07
1514500      1.23e-01      3.89e-03    1.7e-07
1514600      1.22e-01      3.85e-03    1.7e-07
1514700      1.23e-01      3.89e-03    1.7e-07
1514800      1.17e-01      3.71e-03    1.7e-07
1514900      1.31e-01      4.13e-03    1.7e-07
1515000      1.49e-01      4.72e-03    1.6e-07
1515100      1.32e-01      4.17e-03    1.6e-07
1515200      1.24e-01      3.92e-03    1.6e-07
1515300      1.40e-01      4.42e-03    1.6e-07
1515400      1.30e-01      4.10e-03    1.6e-07
1515500      1.20e-01      3.79e-03    1.6e-07
1515600      1.10e-01      3.48e-03    1.6e-07
1515700      1.18e-01      3.73e-03    1.6e-07
1515800      1.38e-01      4.37e-03    1.6e-07
1515900      9.83e-02      3.11e-03    1.6e-07
1516000      1.31e-01      4.16e-03    1.6e-07
1516100      1.41e-01      4.47e-03    1.6e-07
1516200      1.45e-01      4.59e-03    1.6e-07
1516300      1.16e-01      3.68e-03    1.6e-07
1516400      1.23e-01      3.90e-03    1.6e-07
1516500      1.32e-01      4.18e-03    1.6e-07
1516600      1.02e-01      3.22e-03    1.6e-07
1516700      1.29e-01      4.08e-03    1.6e-07
1516800      1.50e-01      4.73e-03    1.6e-07
1516900      1.08e-01      3.40e-03    1.6e-07
1517000      1.18e-01      3.74e-03    1.6e-07
1517100      1.37e-01      4.32e-03    1.6e-07
1517200      9.37e-02      2.96e-03    1.6e-07
1517300      1.42e-01      4.48e-03    1.6e-07
1517400      1.47e-01      4.66e-03    1.6e-07
1517500      9.27e-02      2.93e-03    1.6e-07
1517600      1.12e-01      3.54e-03    1.6e-07
1517700      1.36e-01      4.30e-03    1.6e-07
1517800      1.04e-01      3.28e-03    1.6e-07
1517900      1.32e-01      4.18e-03    1.6e-07
1518000      9.92e-02      3.14e-03    1.6e-07
1518100      1.40e-01      4.43e-03    1.6e-07
1518200      1.50e-01      4.74e-03    1.6e-07
1518300      1.49e-01      4.71e-03    1.6e-07
1518400      1.24e-01      3.93e-03    1.6e-07
1518500      1.24e-01      3.93e-03    1.6e-07
1518600      1.44e-01      4.56e-03    1.6e-07
1518700      1.36e-01      4.31e-03    1.6e-07
1518800      1.46e-01      4.62e-03    1.6e-07
1518900      9.27e-02      2.93e-03    1.6e-07
1519000      1.21e-01      3.83e-03    1.6e-07
1519100      1.21e-01      3.81e-03    1.6e-07
1519200      1.21e-01      3.83e-03    1.6e-07
1519300      1.38e-01      4.37e-03    1.6e-07
1519400      1.28e-01      4.05e-03    1.6e-07
1519500      1.06e-01      3.36e-03    1.6e-07
1519600      1.57e-01      4.96e-03    1.6e-07
1519700      1.11e-01      3.51e-03    1.6e-07
1519800      1.43e-01      4.52e-03    1.6e-07
1519900      1.57e-01      4.98e-03    1.6e-07
1520000      1.31e-01      4.13e-03    1.6e-07
1520100      1.38e-01      4.37e-03    1.6e-07
1520200      1.45e-01      4.58e-03    1.6e-07
1520300      9.65e-02      3.05e-03    1.6e-07
1520400      1.36e-01      4.29e-03    1.6e-07
1520500      1.31e-01      4.14e-03    1.6e-07
1520600      1.23e-01      3.90e-03    1.6e-07
1520700      1.20e-01      3.78e-03    1.6e-07
1520800      1.35e-01      4.27e-03    1.6e-07
1520900      1.57e-01      4.95e-03    1.6e-07
1521000      1.36e-01      4.30e-03    1.6e-07
1521100      1.44e-01      4.55e-03    1.6e-07
1521200      1.23e-01      3.88e-03    1.6e-07
1521300      1.44e-01      4.55e-03    1.6e-07
1521400      1.25e-01      3.97e-03    1.6e-07
1521500      1.36e-01      4.29e-03    1.6e-07
1521600      1.18e-01      3.72e-03    1.6e-07
1521700      1.45e-01      4.57e-03    1.6e-07
1521800      1.51e-01      4.77e-03    1.6e-07
1521900      1.53e-01      4.83e-03    1.6e-07
1522000      1.38e-01      4.36e-03    1.6e-07
1522100      1.31e-01      4.15e-03    1.6e-07
1522200      1.23e-01      3.88e-03    1.6e-07
1522300      1.02e-01      3.23e-03    1.6e-07
1522400      1.33e-01      4.21e-03    1.6e-07
1522500      1.23e-01      3.89e-03    1.6e-07
1522600      1.46e-01      4.63e-03    1.6e-07
1522700      1.36e-01      4.31e-03    1.6e-07
1522800      1.51e-01      4.77e-03    1.6e-07
1522900      1.39e-01      4.38e-03    1.6e-07
1523000      1.23e-01      3.89e-03    1.6e-07
1523100      1.30e-01      4.10e-03    1.6e-07
1523200      9.96e-02      3.15e-03    1.6e-07
1523300      1.60e-01      5.06e-03    1.6e-07
1523400      1.62e-01      5.11e-03    1.6e-07
1523500      1.41e-01      4.45e-03    1.6e-07
1523600      1.42e-01      4.50e-03    1.6e-07
1523700      1.50e-01      4.75e-03    1.6e-07
1523800      1.46e-01      4.60e-03    1.6e-07
1523900      1.03e-01      3.25e-03    1.6e-07
1524000      1.47e-01      4.66e-03    1.6e-07
1524100      1.47e-01      4.66e-03    1.6e-07
1524200      9.75e-02      3.08e-03    1.6e-07
1524300      1.10e-01      3.47e-03    1.6e-07
1524400      1.21e-01      3.83e-03    1.6e-07
1524500      1.40e-01      4.43e-03    1.6e-07
1524600      1.04e-01      3.28e-03    1.6e-07
1524700      1.14e-01      3.61e-03    1.6e-07
1524800      1.49e-01      4.73e-03    1.6e-07
1524900      1.11e-01      3.51e-03    1.6e-07
1525000      9.76e-02      3.09e-03    1.5e-07
1525100      1.42e-01      4.48e-03    1.5e-07
1525200      1.49e-01      4.70e-03    1.5e-07
1525300      1.15e-01      3.65e-03    1.5e-07
1525400      1.53e-01      4.85e-03    1.5e-07
1525500      1.28e-01      4.06e-03    1.5e-07
1525600      1.43e-01      4.53e-03    1.5e-07
1525700      1.43e-01      4.52e-03    1.5e-07
1525800      1.16e-01      3.66e-03    1.5e-07
1525900      1.22e-01      3.86e-03    1.5e-07
1526000      1.38e-01      4.37e-03    1.5e-07
1526100      1.51e-01      4.79e-03    1.5e-07
1526200      1.06e-01      3.34e-03    1.5e-07
1526300      1.49e-01      4.72e-03    1.5e-07
1526400      1.14e-01      3.59e-03    1.5e-07
1526500      1.22e-01      3.85e-03    1.5e-07
1526600      1.19e-01      3.77e-03    1.5e-07
1526700      1.07e-01      3.38e-03    1.5e-07
1526800      1.17e-01      3.69e-03    1.5e-07
1526900      1.38e-01      4.35e-03    1.5e-07
1527000      1.44e-01      4.56e-03    1.5e-07
1527100      1.21e-01      3.82e-03    1.5e-07
1527200      1.52e-01      4.81e-03    1.5e-07
1527300      1.35e-01      4.25e-03    1.5e-07
1527400      1.34e-01      4.23e-03    1.5e-07
1527500      1.35e-01      4.26e-03    1.5e-07
1527600      1.15e-01      3.64e-03    1.5e-07
1527700      1.18e-01      3.72e-03    1.5e-07
1527800      1.18e-01      3.72e-03    1.5e-07
1527900      1.49e-01      4.70e-03    1.5e-07
1528000      1.58e-01      4.98e-03    1.5e-07
1528100      1.27e-01      4.00e-03    1.5e-07
1528200      1.09e-01      3.44e-03    1.5e-07
1528300      1.31e-01      4.15e-03    1.5e-07
1528400      1.35e-01      4.27e-03    1.5e-07
1528500      1.22e-01      3.87e-03    1.5e-07
1528600      1.34e-01      4.23e-03    1.5e-07
1528700      1.53e-01      4.85e-03    1.5e-07
1528800      1.40e-01      4.43e-03    1.5e-07
1528900      1.42e-01      4.48e-03    1.5e-07
1529000      1.16e-01      3.66e-03    1.5e-07
1529100      1.45e-01      4.58e-03    1.5e-07
1529200      1.42e-01      4.50e-03    1.5e-07
1529300      1.41e-01      4.47e-03    1.5e-07
1529400      1.29e-01      4.09e-03    1.5e-07
1529500      1.40e-01      4.43e-03    1.5e-07
1529600      1.21e-01      3.82e-03    1.5e-07
1529700      1.17e-01      3.70e-03    1.5e-07
1529800      1.51e-01      4.79e-03    1.5e-07
1529900      1.44e-01      4.55e-03    1.5e-07
1530000      1.43e-01      4.53e-03    1.5e-07
1530100      1.13e-01      3.58e-03    1.5e-07
1530200      1.54e-01      4.86e-03    1.5e-07
1530300      1.46e-01      4.62e-03    1.5e-07
1530400      1.33e-01      4.22e-03    1.5e-07
1530500      1.43e-01      4.53e-03    1.5e-07
1530600      1.48e-01      4.67e-03    1.5e-07
1530700      1.27e-01      4.03e-03    1.5e-07
1530800      1.30e-01      4.12e-03    1.5e-07
1530900      1.02e-01      3.21e-03    1.5e-07
1531000      1.29e-01      4.07e-03    1.5e-07
1531100      1.28e-01      4.04e-03    1.5e-07
1531200      1.11e-01      3.50e-03    1.5e-07
1531300      1.14e-01      3.62e-03    1.5e-07
1531400      1.62e-01      5.13e-03    1.5e-07
1531500      1.19e-01      3.78e-03    1.5e-07
1531600      1.43e-01      4.52e-03    1.5e-07
1531700      1.04e-01      3.30e-03    1.5e-07
1531800      1.26e-01      3.98e-03    1.5e-07
1531900      1.43e-01      4.53e-03    1.5e-07
1532000      1.51e-01      4.77e-03    1.5e-07
1532100      1.06e-01      3.36e-03    1.5e-07
1532200      1.04e-01      3.29e-03    1.5e-07
1532300      1.16e-01      3.66e-03    1.5e-07
1532400      1.32e-01      4.19e-03    1.5e-07
1532500      1.05e-01      3.32e-03    1.5e-07
1532600      1.18e-01      3.74e-03    1.5e-07
1532700      1.32e-01      4.17e-03    1.5e-07
1532800      1.09e-01      3.44e-03    1.5e-07
1532900      1.27e-01      4.03e-03    1.5e-07
1533000      1.40e-01      4.42e-03    1.5e-07
1533100      1.15e-01      3.65e-03    1.5e-07
1533200      1.38e-01      4.35e-03    1.5e-07
1533300      1.32e-01      4.16e-03    1.5e-07
1533400      1.49e-01      4.72e-03    1.5e-07
1533500      1.13e-01      3.58e-03    1.5e-07
1533600      1.55e-01      4.89e-03    1.5e-07
1533700      1.52e-01      4.82e-03    1.5e-07
1533800      1.50e-01      4.74e-03    1.5e-07
1533900      1.17e-01      3.70e-03    1.5e-07
1534000      1.45e-01      4.58e-03    1.5e-07
1534100      1.22e-01      3.86e-03    1.5e-07
1534200      1.30e-01      4.13e-03    1.5e-07
1534300      1.45e-01      4.59e-03    1.5e-07
1534400      1.33e-01      4.21e-03    1.5e-07
1534500      1.11e-01      3.52e-03    1.5e-07
1534600      1.42e-01      4.50e-03    1.5e-07
1534700      1.37e-01      4.34e-03    1.5e-07
1534800      1.38e-01      4.37e-03    1.5e-07
1534900      1.42e-01      4.49e-03    1.5e-07
1535000      1.18e-01      3.74e-03    1.5e-07
1535100      1.41e-01      4.46e-03    1.5e-07
1535200      1.52e-01      4.79e-03    1.5e-07
1535300      1.44e-01      4.55e-03    1.5e-07
1535400      1.38e-01      4.36e-03    1.5e-07
1535500      1.30e-01      4.10e-03    1.5e-07
1535600      1.18e-01      3.72e-03    1.5e-07
1535700      1.43e-01      4.53e-03    1.5e-07
1535800      1.25e-01      3.94e-03    1.5e-07
1535900      1.35e-01      4.27e-03    1.5e-07
1536000      1.36e-01      4.31e-03    1.5e-07
1536100      1.23e-01      3.88e-03    1.5e-07
1536200      1.43e-01      4.51e-03    1.5e-07
1536300      1.17e-01      3.71e-03    1.5e-07
1536400      1.42e-01      4.49e-03    1.5e-07
1536500      1.32e-01      4.17e-03    1.5e-07
1536600      1.06e-01      3.35e-03    1.5e-07
1536700      1.15e-01      3.65e-03    1.5e-07
1536800      1.47e-01      4.65e-03    1.5e-07
1536900      1.31e-01      4.13e-03    1.5e-07
1537000      1.16e-01      3.67e-03    1.5e-07
1537100      1.24e-01      3.93e-03    1.5e-07
1537200      1.17e-01      3.69e-03    1.5e-07
1537300      1.41e-01      4.47e-03    1.5e-07
1537400      1.16e-01      3.67e-03    1.5e-07
1537500      1.45e-01      4.59e-03    1.5e-07
1537600      1.38e-01      4.36e-03    1.5e-07
1537700      1.20e-01      3.79e-03    1.5e-07
1537800      1.01e-01      3.19e-03    1.5e-07
1537900      1.27e-01      4.02e-03    1.5e-07
1538000      1.36e-01      4.29e-03    1.5e-07
1538100      1.48e-01      4.68e-03    1.5e-07
1538200      1.14e-01      3.60e-03    1.5e-07
1538300      1.41e-01      4.45e-03    1.5e-07
1538400      1.25e-01      3.97e-03    1.5e-07
1538500      1.13e-01      3.56e-03    1.5e-07
1538600      1.30e-01      4.11e-03    1.5e-07
1538700      1.35e-01      4.28e-03    1.5e-07
1538800      1.25e-01      3.96e-03    1.5e-07
1538900      1.45e-01      4.59e-03    1.5e-07
1539000      1.07e-01      3.37e-03    1.5e-07
1539100      1.42e-01      4.49e-03    1.5e-07
1539200      1.13e-01      3.56e-03    1.5e-07
1539300      1.36e-01      4.31e-03    1.5e-07
1539400      1.48e-01      4.68e-03    1.5e-07
1539500      1.49e-01      4.71e-03    1.5e-07
1539600      1.34e-01      4.24e-03    1.5e-07
1539700      1.51e-01      4.78e-03    1.5e-07
1539800      1.45e-01      4.58e-03    1.5e-07
1539900      1.44e-01      4.55e-03    1.5e-07
1540000      1.28e-01      4.06e-03    1.4e-07
1540100      1.18e-01      3.73e-03    1.4e-07
1540200      1.26e-01      3.97e-03    1.4e-07
1540300      1.27e-01      4.02e-03    1.4e-07
1540400      1.20e-01      3.81e-03    1.4e-07
1540500      1.32e-01      4.17e-03    1.4e-07
1540600      1.50e-01      4.74e-03    1.4e-07
1540700      1.23e-01      3.90e-03    1.4e-07
1540800      1.38e-01      4.37e-03    1.4e-07
1540900      1.37e-01      4.33e-03    1.4e-07
1541000      1.47e-01      4.63e-03    1.4e-07
1541100      1.34e-01      4.25e-03    1.4e-07
1541200      1.50e-01      4.74e-03    1.4e-07
1541300      1.48e-01      4.69e-03    1.4e-07
1541400      1.23e-01      3.89e-03    1.4e-07
1541500      1.26e-01      3.98e-03    1.4e-07
1541600      1.42e-01      4.48e-03    1.4e-07
1541700      1.02e-01      3.23e-03    1.4e-07
1541800      1.51e-01      4.77e-03    1.4e-07
1541900      9.59e-02      3.03e-03    1.4e-07
1542000      1.53e-01      4.85e-03    1.4e-07
1542100      1.58e-01      4.99e-03    1.4e-07
1542200      1.31e-01      4.13e-03    1.4e-07
1542300      1.41e-01      4.47e-03    1.4e-07
1542400      1.21e-01      3.81e-03    1.4e-07
1542500      1.33e-01      4.22e-03    1.4e-07
1542600      1.31e-01      4.16e-03    1.4e-07
1542700      1.23e-01      3.88e-03    1.4e-07
1542800      1.06e-01      3.35e-03    1.4e-07
1542900      1.24e-01      3.93e-03    1.4e-07
1543000      1.40e-01      4.43e-03    1.4e-07
1543100      1.13e-01      3.57e-03    1.4e-07
1543200      1.04e-01      3.28e-03    1.4e-07
1543300      1.24e-01      3.91e-03    1.4e-07
1543400      1.21e-01      3.81e-03    1.4e-07
1543500      1.21e-01      3.84e-03    1.4e-07
1543600      1.11e-01      3.52e-03    1.4e-07
1543700      1.49e-01      4.72e-03    1.4e-07
1543800      1.09e-01      3.46e-03    1.4e-07
1543900      1.24e-01      3.93e-03    1.4e-07
1544000      1.41e-01      4.45e-03    1.4e-07
1544100      1.36e-01      4.30e-03    1.4e-07
1544200      1.15e-01      3.63e-03    1.4e-07
1544300      1.39e-01      4.40e-03    1.4e-07
1544400      1.33e-01      4.20e-03    1.4e-07
1544500      1.27e-01      4.00e-03    1.4e-07
1544600      1.21e-01      3.81e-03    1.4e-07
1544700      1.34e-01      4.25e-03    1.4e-07
1544800      1.27e-01      4.03e-03    1.4e-07
1544900      1.42e-01      4.50e-03    1.4e-07
1545000      1.43e-01      4.51e-03    1.4e-07
1545100      1.15e-01      3.64e-03    1.4e-07
1545200      1.34e-01      4.23e-03    1.4e-07
1545300      1.35e-01      4.26e-03    1.4e-07
1545400      1.23e-01      3.88e-03    1.4e-07
1545500      1.55e-01      4.89e-03    1.4e-07
1545600      1.29e-01      4.07e-03    1.4e-07
1545700      9.75e-02      3.08e-03    1.4e-07
1545800      1.24e-01      3.93e-03    1.4e-07
1545900      1.20e-01      3.81e-03    1.4e-07
1546000      1.45e-01      4.58e-03    1.4e-07
1546100      1.33e-01      4.21e-03    1.4e-07
1546200      1.47e-01      4.66e-03    1.4e-07
1546300      1.15e-01      3.64e-03    1.4e-07
1546400      1.39e-01      4.40e-03    1.4e-07
1546500      1.35e-01      4.28e-03    1.4e-07
1546600      1.25e-01      3.95e-03    1.4e-07
1546700      1.47e-01      4.65e-03    1.4e-07
1546800      1.33e-01      4.20e-03    1.4e-07
1546900      1.16e-01      3.67e-03    1.4e-07
1547000      1.04e-01      3.29e-03    1.4e-07
1547100      1.58e-01      5.00e-03    1.4e-07
1547200      1.45e-01      4.58e-03    1.4e-07
1547300      1.04e-01      3.28e-03    1.4e-07
1547400      1.53e-01      4.82e-03    1.4e-07
1547500      1.33e-01      4.20e-03    1.4e-07
1547600      1.45e-01      4.58e-03    1.4e-07
1547700      1.37e-01      4.32e-03    1.4e-07
1547800      1.36e-01      4.30e-03    1.4e-07
1547900      1.24e-01      3.93e-03    1.4e-07
1548000      1.47e-01      4.66e-03    1.4e-07
1548100      1.26e-01      3.98e-03    1.4e-07
1548200      1.36e-01      4.31e-03    1.4e-07
1548300      1.56e-01      4.94e-03    1.4e-07
1548400      1.40e-01      4.42e-03    1.4e-07
1548500      1.31e-01      4.15e-03    1.4e-07
1548600      1.36e-01      4.30e-03    1.4e-07
1548700      1.14e-01      3.60e-03    1.4e-07
1548800      1.43e-01      4.53e-03    1.4e-07
1548900      1.09e-01      3.45e-03    1.4e-07
1549000      1.31e-01      4.15e-03    1.4e-07
1549100      1.51e-01      4.79e-03    1.4e-07
1549200      1.47e-01      4.65e-03    1.4e-07
1549300      1.31e-01      4.13e-03    1.4e-07
1549400      1.29e-01      4.09e-03    1.4e-07
1549500      9.55e-02      3.02e-03    1.4e-07
1549600      1.19e-01      3.76e-03    1.4e-07
1549700      1.32e-01      4.16e-03    1.4e-07
1549800      1.50e-01      4.75e-03    1.4e-07
1549900      1.39e-01      4.40e-03    1.4e-07
1550000      1.43e-01      4.52e-03    1.3e-07
1550100      1.34e-01      4.24e-03    1.3e-07
1550200      1.51e-01      4.77e-03    1.3e-07
1550300      1.49e-01      4.72e-03    1.3e-07
1550400      1.41e-01      4.47e-03    1.3e-07
1550500      1.45e-01      4.58e-03    1.3e-07
1550600      1.48e-01      4.68e-03    1.3e-07
1550700      1.23e-01      3.89e-03    1.3e-07
1550800      1.35e-01      4.27e-03    1.3e-07
1550900      1.39e-01      4.41e-03    1.3e-07
1551000      1.26e-01      3.97e-03    1.3e-07
1551100      1.27e-01      4.03e-03    1.3e-07
1551200      1.30e-01      4.12e-03    1.3e-07
1551300      1.42e-01      4.49e-03    1.3e-07
1551400      1.13e-01      3.57e-03    1.3e-07
1551500      1.19e-01      3.76e-03    1.3e-07
1551600      1.09e-01      3.45e-03    1.3e-07
1551700      1.13e-01      3.58e-03    1.3e-07
1551800      1.32e-01      4.16e-03    1.3e-07
1551900      1.47e-01      4.65e-03    1.3e-07
1552000      1.41e-01      4.46e-03    1.3e-07
1552100      1.38e-01      4.37e-03    1.3e-07
1552200      1.33e-01      4.22e-03    1.3e-07
1552300      1.40e-01      4.43e-03    1.3e-07
1552400      1.19e-01      3.77e-03    1.3e-07
1552500      1.12e-01      3.54e-03    1.3e-07
1552600      1.22e-01      3.86e-03    1.3e-07
1552700      1.14e-01      3.59e-03    1.3e-07
1552800      1.45e-01      4.60e-03    1.3e-07
1552900      1.40e-01      4.41e-03    1.3e-07
1553000      1.37e-01      4.33e-03    1.3e-07
1553100      1.15e-01      3.65e-03    1.3e-07
1553200      1.11e-01      3.51e-03    1.3e-07
1553300      1.41e-01      4.46e-03    1.3e-07
1553400      1.48e-01      4.67e-03    1.3e-07
1553500      1.06e-01      3.36e-03    1.3e-07
1553600      1.31e-01      4.15e-03    1.3e-07
1553700      1.05e-01      3.33e-03    1.3e-07
1553800      1.16e-01      3.68e-03    1.3e-07
1553900      1.52e-01      4.81e-03    1.3e-07
1554000      1.15e-01      3.62e-03    1.3e-07
1554100      1.02e-01      3.23e-03    1.3e-07
1554200      9.50e-02      3.00e-03    1.3e-07
1554300      1.37e-01      4.33e-03    1.3e-07
1554400      1.14e-01      3.62e-03    1.3e-07
1554500      1.53e-01      4.83e-03    1.3e-07
1554600      1.11e-01      3.51e-03    1.3e-07
1554700      1.32e-01      4.16e-03    1.3e-07
1554800      1.44e-01      4.57e-03    1.3e-07
1554900      1.29e-01      4.08e-03    1.3e-07
1555000      1.04e-01      3.28e-03    1.3e-07
1555100      1.39e-01      4.40e-03    1.3e-07
1555200      1.45e-01      4.57e-03    1.3e-07
1555300      1.18e-01      3.74e-03    1.3e-07
1555400      1.18e-01      3.73e-03    1.3e-07
1555500      1.38e-01      4.38e-03    1.3e-07
1555600      1.46e-01      4.61e-03    1.3e-07
1555700      1.46e-01      4.62e-03    1.3e-07
1555800      1.45e-01      4.58e-03    1.3e-07
1555900      1.05e-01      3.34e-03    1.3e-07
1556000      1.34e-01      4.24e-03    1.3e-07
1556100      1.50e-01      4.75e-03    1.3e-07
1556200      1.30e-01      4.12e-03    1.3e-07
1556300      1.40e-01      4.43e-03    1.3e-07
1556400      1.16e-01      3.66e-03    1.3e-07
1556500      1.14e-01      3.61e-03    1.3e-07
1556600      1.23e-01      3.88e-03    1.3e-07
1556700      1.08e-01      3.41e-03    1.3e-07
1556800      1.39e-01      4.38e-03    1.3e-07
1556900      1.29e-01      4.07e-03    1.3e-07
1557000      1.45e-01      4.60e-03    1.3e-07
1557100      1.23e-01      3.89e-03    1.3e-07
1557200      1.28e-01      4.03e-03    1.3e-07
1557300      1.18e-01      3.72e-03    1.3e-07
1557400      1.31e-01      4.13e-03    1.3e-07
1557500      1.46e-01      4.61e-03    1.3e-07
1557600      1.30e-01      4.10e-03    1.3e-07
1557700      1.24e-01      3.93e-03    1.3e-07
1557800      1.61e-01      5.09e-03    1.3e-07
1557900      1.27e-01      4.02e-03    1.3e-07
1558000      1.15e-01      3.63e-03    1.3e-07
1558100      1.52e-01      4.80e-03    1.3e-07
1558200      1.48e-01      4.67e-03    1.3e-07
1558300      1.38e-01      4.36e-03    1.3e-07
1558400      1.30e-01      4.12e-03    1.3e-07
1558500      1.20e-01      3.80e-03    1.3e-07
1558600      1.38e-01      4.36e-03    1.3e-07
1558700      1.31e-01      4.16e-03    1.3e-07
1558800      1.49e-01      4.72e-03    1.3e-07
1558900      1.04e-01      3.30e-03    1.3e-07
1559000      1.40e-01      4.43e-03    1.3e-07
1559100      1.03e-01      3.25e-03    1.3e-07
1559200      1.38e-01      4.37e-03    1.3e-07
1559300      1.37e-01      4.33e-03    1.3e-07
1559400      1.46e-01      4.61e-03    1.3e-07
1559500      1.16e-01      3.68e-03    1.3e-07
1559600      1.24e-01      3.93e-03    1.3e-07
1559700      1.54e-01      4.86e-03    1.3e-07
1559800      1.18e-01      3.73e-03    1.3e-07
1559900      1.28e-01      4.05e-03    1.3e-07
1560000      1.30e-01      4.12e-03    1.3e-07
1560100      1.44e-01      4.56e-03    1.3e-07
1560200      1.20e-01      3.79e-03    1.3e-07
1560300      1.30e-01      4.10e-03    1.3e-07
1560400      1.19e-01      3.76e-03    1.3e-07
1560500      1.28e-01      4.06e-03    1.3e-07
1560600      1.05e-01      3.32e-03    1.3e-07
1560700      1.33e-01      4.21e-03    1.3e-07
1560800      1.47e-01      4.66e-03    1.3e-07
1560900      1.31e-01      4.15e-03    1.3e-07
1561000      1.11e-01      3.50e-03    1.3e-07
1561100      1.38e-01      4.37e-03    1.3e-07
1561200      1.30e-01      4.11e-03    1.3e-07
1561300      1.37e-01      4.33e-03    1.3e-07
1561400      1.45e-01      4.59e-03    1.3e-07
1561500      1.36e-01      4.29e-03    1.3e-07
1561600      1.49e-01      4.70e-03    1.3e-07
1561700      1.26e-01      3.99e-03    1.3e-07
1561800      1.31e-01      4.14e-03    1.3e-07
1561900      1.21e-01      3.83e-03    1.3e-07
1562000      1.31e-01      4.15e-03    1.3e-07
1562100      1.33e-01      4.19e-03    1.3e-07
1562200      1.37e-01      4.32e-03    1.3e-07
1562300      1.37e-01      4.33e-03    1.3e-07
1562400      1.13e-01      3.57e-03    1.3e-07
1562500      1.39e-01      4.40e-03    1.3e-07
1562600      1.07e-01      3.39e-03    1.3e-07
1562700      1.49e-01      4.70e-03    1.3e-07
1562800      1.09e-01      3.45e-03    1.3e-07
1562900      1.26e-01      3.99e-03    1.3e-07
1563000      9.56e-02      3.02e-03    1.3e-07
1563100      1.55e-01      4.89e-03    1.3e-07
1563200      1.10e-01      3.47e-03    1.3e-07
1563300      1.39e-01      4.39e-03    1.3e-07
1563400      1.33e-01      4.20e-03    1.3e-07
1563500      1.44e-01      4.56e-03    1.3e-07
1563600      1.24e-01      3.93e-03    1.3e-07
1563700      1.38e-01      4.35e-03    1.3e-07
1563800      1.11e-01      3.49e-03    1.3e-07
1563900      1.35e-01      4.26e-03    1.3e-07
1564000      1.14e-01      3.62e-03    1.3e-07
1564100      1.47e-01      4.64e-03    1.3e-07
1564200      1.45e-01      4.59e-03    1.3e-07
1564300      1.44e-01      4.56e-03    1.3e-07
1564400      1.43e-01      4.53e-03    1.3e-07
1564500      1.17e-01      3.69e-03    1.3e-07
1564600      1.30e-01      4.12e-03    1.3e-07
1564700      1.38e-01      4.38e-03    1.3e-07
1564800      1.42e-01      4.48e-03    1.3e-07
1564900      1.48e-01      4.69e-03    1.3e-07
1565000      1.18e-01      3.72e-03    1.2e-07
1565100      1.42e-01      4.49e-03    1.2e-07
1565200      1.05e-01      3.32e-03    1.2e-07
1565300      1.20e-01      3.78e-03    1.2e-07
1565400      1.38e-01      4.37e-03    1.2e-07
1565500      1.51e-01      4.77e-03    1.2e-07
1565600      1.30e-01      4.12e-03    1.2e-07
1565700      1.35e-01      4.27e-03    1.2e-07
1565800      1.46e-01      4.61e-03    1.2e-07
1565900      1.29e-01      4.08e-03    1.2e-07
1566000      1.29e-01      4.09e-03    1.2e-07
1566100      1.17e-01      3.70e-03    1.2e-07
1566200      1.48e-01      4.67e-03    1.2e-07
1566300      1.39e-01      4.40e-03    1.2e-07
1566400      1.05e-01      3.32e-03    1.2e-07
1566500      1.27e-01      4.02e-03    1.2e-07
1566600      1.17e-01      3.69e-03    1.2e-07
1566700      1.49e-01      4.70e-03    1.2e-07
1566800      1.14e-01      3.60e-03    1.2e-07
1566900      1.39e-01      4.40e-03    1.2e-07
1567000      1.13e-01      3.58e-03    1.2e-07
1567100      1.18e-01      3.73e-03    1.2e-07
1567200      1.37e-01      4.32e-03    1.2e-07
1567300      1.26e-01      3.97e-03    1.2e-07
1567400      1.05e-01      3.32e-03    1.2e-07
1567500      1.51e-01      4.76e-03    1.2e-07
1567600      9.36e-02      2.96e-03    1.2e-07
1567700      1.12e-01      3.54e-03    1.2e-07
1567800      1.15e-01      3.64e-03    1.2e-07
1567900      1.10e-01      3.49e-03    1.2e-07
1568000      1.29e-01      4.09e-03    1.2e-07
1568100      1.20e-01      3.78e-03    1.2e-07
1568200      1.27e-01      4.02e-03    1.2e-07
1568300      1.55e-01      4.89e-03    1.2e-07
1568400      1.25e-01      3.96e-03    1.2e-07
1568500      1.31e-01      4.14e-03    1.2e-07
1568600      1.25e-01      3.96e-03    1.2e-07
1568700      1.52e-01      4.81e-03    1.2e-07
1568800      1.07e-01      3.39e-03    1.2e-07
1568900      1.31e-01      4.15e-03    1.2e-07
1569000      1.47e-01      4.66e-03    1.2e-07
1569100      1.21e-01      3.83e-03    1.2e-07
1569200      1.35e-01      4.28e-03    1.2e-07
1569300      1.41e-01      4.47e-03    1.2e-07
1569400      1.48e-01      4.69e-03    1.2e-07
1569500      1.21e-01      3.82e-03    1.2e-07
1569600      1.29e-01      4.07e-03    1.2e-07
1569700      1.07e-01      3.39e-03    1.2e-07
1569800      1.24e-01      3.92e-03    1.2e-07
1569900      9.39e-02      2.97e-03    1.2e-07
1570000      1.30e-01      4.12e-03    1.2e-07
1570100      9.98e-02      3.16e-03    1.2e-07
1570200      1.49e-01      4.72e-03    1.2e-07
1570300      1.18e-01      3.73e-03    1.2e-07
1570400      1.33e-01      4.20e-03    1.2e-07
1570500      1.20e-01      3.80e-03    1.2e-07
1570600      1.17e-01      3.69e-03    1.2e-07
1570700      1.28e-01      4.06e-03    1.2e-07
1570800      1.42e-01      4.48e-03    1.2e-07
1570900      1.50e-01      4.75e-03    1.2e-07
1571000      1.56e-01      4.94e-03    1.2e-07
1571100      1.26e-01      3.98e-03    1.2e-07
1571200      1.48e-01      4.70e-03    1.2e-07
1571300      1.37e-01      4.33e-03    1.2e-07
1571400      1.31e-01      4.13e-03    1.2e-07
1571500      1.58e-01      4.99e-03    1.2e-07
1571600      1.55e-01      4.90e-03    1.2e-07
1571700      1.41e-01      4.46e-03    1.2e-07
1571800      1.52e-01      4.82e-03    1.2e-07
1571900      1.42e-01      4.48e-03    1.2e-07
1572000      1.07e-01      3.38e-03    1.2e-07
1572100      1.08e-01      3.43e-03    1.2e-07
1572200      1.27e-01      4.01e-03    1.2e-07
1572300      1.28e-01      4.05e-03    1.2e-07
1572400      1.15e-01      3.64e-03    1.2e-07
1572500      1.33e-01      4.20e-03    1.2e-07
1572600      1.31e-01      4.15e-03    1.2e-07
1572700      1.25e-01      3.95e-03    1.2e-07
1572800      1.30e-01      4.12e-03    1.2e-07
1572900      1.05e-01      3.33e-03    1.2e-07
1573000      1.33e-01      4.20e-03    1.2e-07
1573100      1.35e-01      4.28e-03    1.2e-07
1573200      1.18e-01      3.73e-03    1.2e-07
1573300      1.40e-01      4.43e-03    1.2e-07
1573400      1.19e-01      3.78e-03    1.2e-07
1573500      1.46e-01      4.60e-03    1.2e-07
1573600      1.35e-01      4.28e-03    1.2e-07
1573700      1.02e-01      3.23e-03    1.2e-07
1573800      1.13e-01      3.57e-03    1.2e-07
1573900      1.44e-01      4.57e-03    1.2e-07
1574000      1.45e-01      4.59e-03    1.2e-07
1574100      9.85e-02      3.12e-03    1.2e-07
1574200      1.36e-01      4.30e-03    1.2e-07
1574300      1.41e-01      4.47e-03    1.2e-07
1574400      1.42e-01      4.48e-03    1.2e-07
1574500      1.23e-01      3.89e-03    1.2e-07
1574600      1.48e-01      4.68e-03    1.2e-07
1574700      1.15e-01      3.64e-03    1.2e-07
1574800      1.14e-01      3.61e-03    1.2e-07
1574900      1.51e-01      4.77e-03    1.2e-07
1575000      1.19e-01      3.76e-03    1.2e-07
1575100      1.11e-01      3.51e-03    1.2e-07
1575200      1.46e-01      4.63e-03    1.2e-07
1575300      1.44e-01      4.56e-03    1.2e-07
1575400      1.36e-01      4.31e-03    1.2e-07
1575500      1.24e-01      3.93e-03    1.2e-07
1575600      1.34e-01      4.25e-03    1.2e-07
1575700      1.36e-01      4.30e-03    1.2e-07
1575800      1.54e-01      4.86e-03    1.2e-07
1575900      1.48e-01      4.70e-03    1.2e-07
1576000      1.37e-01      4.33e-03    1.2e-07
1576100      1.20e-01      3.80e-03    1.2e-07
1576200      1.26e-01      3.98e-03    1.2e-07
1576300      1.12e-01      3.55e-03    1.2e-07
1576400      1.33e-01      4.20e-03    1.2e-07
1576500      1.25e-01      3.97e-03    1.2e-07
1576600      1.35e-01      4.25e-03    1.2e-07
1576700      1.05e-01      3.32e-03    1.2e-07
1576800      1.25e-01      3.97e-03    1.2e-07
1576900      1.15e-01      3.64e-03    1.2e-07
1577000      1.49e-01      4.71e-03    1.2e-07
1577100      1.56e-01      4.92e-03    1.2e-07
1577200      1.32e-01      4.17e-03    1.2e-07
1577300      1.11e-01      3.50e-03    1.2e-07
1577400      1.17e-01      3.71e-03    1.2e-07
1577500      1.37e-01      4.34e-03    1.2e-07
1577600      1.09e-01      3.45e-03    1.2e-07
1577700      1.41e-01      4.44e-03    1.2e-07
1577800      1.40e-01      4.42e-03    1.2e-07
1577900      1.20e-01      3.79e-03    1.2e-07
1578000      1.39e-01      4.39e-03    1.2e-07
1578100      1.22e-01      3.85e-03    1.2e-07
1578200      1.04e-01      3.30e-03    1.2e-07
1578300      1.13e-01      3.57e-03    1.2e-07
1578400      1.19e-01      3.77e-03    1.2e-07
1578500      1.60e-01      5.04e-03    1.2e-07
1578600      1.46e-01      4.62e-03    1.2e-07
1578700      1.24e-01      3.91e-03    1.2e-07
1578800      1.27e-01      4.01e-03    1.2e-07
1578900      1.21e-01      3.82e-03    1.2e-07
1579000      1.49e-01      4.71e-03    1.2e-07
1579100      1.04e-01      3.28e-03    1.2e-07
1579200      1.39e-01      4.40e-03    1.2e-07
1579300      1.33e-01      4.20e-03    1.2e-07
1579400      1.21e-01      3.81e-03    1.2e-07
1579500      1.26e-01      3.99e-03    1.2e-07
1579600      1.18e-01      3.72e-03    1.2e-07
1579700      1.34e-01      4.24e-03    1.2e-07
1579800      1.15e-01      3.64e-03    1.2e-07
1579900      1.35e-01      4.27e-03    1.2e-07
1580000      1.11e-01      3.51e-03    1.1e-07
1580100      1.20e-01      3.79e-03    1.1e-07
1580200      1.19e-01      3.77e-03    1.1e-07
1580300      1.34e-01      4.24e-03    1.1e-07
1580400      1.21e-01      3.84e-03    1.1e-07
1580500      1.24e-01      3.91e-03    1.1e-07
1580600      1.35e-01      4.26e-03    1.1e-07
1580700      1.41e-01      4.47e-03    1.1e-07
1580800      1.15e-01      3.65e-03    1.1e-07
1580900      1.54e-01      4.88e-03    1.1e-07
1581000      1.15e-01      3.63e-03    1.1e-07
1581100      1.32e-01      4.18e-03    1.1e-07
1581200      1.28e-01      4.06e-03    1.1e-07
1581300      9.92e-02      3.14e-03    1.1e-07
1581400      1.50e-01      4.74e-03    1.1e-07
1581500      1.31e-01      4.15e-03    1.1e-07
1581600      1.36e-01      4.31e-03    1.1e-07
1581700      9.89e-02      3.13e-03    1.1e-07
1581800      1.21e-01      3.83e-03    1.1e-07
1581900      1.14e-01      3.60e-03    1.1e-07
1582000      1.34e-01      4.25e-03    1.1e-07
1582100      1.28e-01      4.06e-03    1.1e-07
1582200      1.28e-01      4.05e-03    1.1e-07
1582300      1.22e-01      3.87e-03    1.1e-07
1582400      1.03e-01      3.25e-03    1.1e-07
1582500      1.45e-01      4.58e-03    1.1e-07
1582600      1.19e-01      3.78e-03    1.1e-07
1582700      1.31e-01      4.16e-03    1.1e-07
1582800      1.47e-01      4.63e-03    1.1e-07
1582900      1.33e-01      4.21e-03    1.1e-07
1583000      1.03e-01      3.25e-03    1.1e-07
1583100      1.35e-01      4.28e-03    1.1e-07
1583200      1.34e-01      4.22e-03    1.1e-07
1583300      1.08e-01      3.43e-03    1.1e-07
1583400      1.17e-01      3.69e-03    1.1e-07
1583500      1.32e-01      4.17e-03    1.1e-07
1583600      1.55e-01      4.90e-03    1.1e-07
1583700      1.47e-01      4.63e-03    1.1e-07
1583800      1.15e-01      3.63e-03    1.1e-07
1583900      1.30e-01      4.11e-03    1.1e-07
1584000      1.22e-01      3.86e-03    1.1e-07
1584100      1.31e-01      4.15e-03    1.1e-07
1584200      1.44e-01      4.57e-03    1.1e-07
1584300      1.52e-01      4.82e-03    1.1e-07
1584400      1.32e-01      4.17e-03    1.1e-07
1584500      1.31e-01      4.13e-03    1.1e-07
1584600      1.70e-01      5.37e-03    1.1e-07
1584700      9.79e-02      3.10e-03    1.1e-07
1584800      1.17e-01      3.70e-03    1.1e-07
1584900      1.09e-01      3.43e-03    1.1e-07
1585000      1.12e-01      3.53e-03    1.1e-07
1585100      1.49e-01      4.70e-03    1.1e-07
1585200      1.56e-01      4.94e-03    1.1e-07
1585300      1.49e-01      4.71e-03    1.1e-07
1585400      1.35e-01      4.27e-03    1.1e-07
1585500      1.41e-01      4.45e-03    1.1e-07
1585600      1.09e-01      3.44e-03    1.1e-07
1585700      1.12e-01      3.55e-03    1.1e-07
1585800      1.41e-01      4.44e-03    1.1e-07
1585900      1.41e-01      4.46e-03    1.1e-07
1586000      1.35e-01      4.28e-03    1.1e-07
1586100      1.60e-01      5.05e-03    1.1e-07
1586200      1.31e-01      4.15e-03    1.1e-07
1586300      1.30e-01      4.10e-03    1.1e-07
1586400      1.03e-01      3.26e-03    1.1e-07
1586500      1.24e-01      3.92e-03    1.1e-07
1586600      1.27e-01      4.00e-03    1.1e-07
1586700      1.46e-01      4.62e-03    1.1e-07
1586800      1.19e-01      3.76e-03    1.1e-07
1586900      1.26e-01      3.99e-03    1.1e-07
1587000      1.35e-01      4.27e-03    1.1e-07
1587100      1.45e-01      4.59e-03    1.1e-07
1587200      1.32e-01      4.17e-03    1.1e-07
1587300      1.12e-01      3.54e-03    1.1e-07
1587400      1.56e-01      4.94e-03    1.1e-07
1587500      1.17e-01      3.68e-03    1.1e-07
1587600      1.49e-01      4.72e-03    1.1e-07
1587700      1.35e-01      4.28e-03    1.1e-07
1587800      1.09e-01      3.44e-03    1.1e-07
1587900      1.02e-01      3.22e-03    1.1e-07
1588000      1.41e-01      4.45e-03    1.1e-07
1588100      1.30e-01      4.11e-03    1.1e-07
1588200      1.30e-01      4.10e-03    1.1e-07
1588300      1.36e-01      4.29e-03    1.1e-07
1588400      1.15e-01      3.65e-03    1.1e-07
1588500      1.38e-01      4.36e-03    1.1e-07
1588600      1.35e-01      4.26e-03    1.1e-07
1588700      1.16e-01      3.67e-03    1.1e-07
1588800      1.44e-01      4.54e-03    1.1e-07
1588900      1.49e-01      4.70e-03    1.1e-07
1589000      1.39e-01      4.41e-03    1.1e-07
1589100      1.43e-01      4.52e-03    1.1e-07
1589200      1.19e-01      3.78e-03    1.1e-07
1589300      1.18e-01      3.74e-03    1.1e-07
1589400      1.34e-01      4.23e-03    1.1e-07
1589500      1.45e-01      4.59e-03    1.1e-07
1589600      1.03e-01      3.24e-03    1.1e-07
1589700      1.17e-01      3.69e-03    1.1e-07
1589800      1.22e-01      3.85e-03    1.1e-07
1589900      1.16e-01      3.68e-03    1.1e-07
1590000      1.62e-01      5.13e-03    1.1e-07
1590100      1.29e-01      4.08e-03    1.1e-07
1590200      1.47e-01      4.64e-03    1.1e-07
1590300      1.49e-01      4.71e-03    1.1e-07
1590400      1.15e-01      3.64e-03    1.1e-07
1590500      1.21e-01      3.83e-03    1.1e-07
1590600      1.08e-01      3.43e-03    1.1e-07
1590700      9.65e-02      3.05e-03    1.1e-07
1590800      1.27e-01      4.01e-03    1.1e-07
1590900      1.22e-01      3.86e-03    1.1e-07
1591000      1.03e-01      3.26e-03    1.1e-07
1591100      1.14e-01      3.62e-03    1.1e-07
1591200      1.44e-01      4.55e-03    1.1e-07
1591300      1.52e-01      4.81e-03    1.1e-07
1591400      1.27e-01      4.01e-03    1.1e-07
1591500      1.48e-01      4.67e-03    1.1e-07
1591600      1.32e-01      4.17e-03    1.1e-07
1591700      1.34e-01      4.24e-03    1.1e-07
1591800      1.49e-01      4.71e-03    1.1e-07
1591900      9.83e-02      3.11e-03    1.1e-07
1592000      1.49e-01      4.72e-03    1.1e-07
1592100      1.13e-01      3.56e-03    1.1e-07
1592200      1.05e-01      3.34e-03    1.1e-07
1592300      1.45e-01      4.59e-03    1.1e-07
1592400      1.15e-01      3.62e-03    1.1e-07
1592500      1.30e-01      4.11e-03    1.1e-07
1592600      1.24e-01      3.93e-03    1.1e-07
1592700      1.50e-01      4.75e-03    1.1e-07
1592800      1.29e-01      4.09e-03    1.1e-07
1592900      1.07e-01      3.38e-03    1.1e-07
1593000      1.53e-01      4.83e-03    1.1e-07
1593100      1.36e-01      4.31e-03    1.1e-07
1593200      1.03e-01      3.24e-03    1.1e-07
1593300      1.41e-01      4.45e-03    1.1e-07
1593400      1.43e-01      4.52e-03    1.1e-07
1593500      1.01e-01      3.19e-03    1.1e-07
1593600      1.03e-01      3.25e-03    1.1e-07
1593700      1.33e-01      4.21e-03    1.1e-07
1593800      1.49e-01      4.72e-03    1.1e-07
1593900      1.39e-01      4.40e-03    1.1e-07
1594000      1.30e-01      4.12e-03    1.1e-07
1594100      1.37e-01      4.33e-03    1.1e-07
1594200      1.33e-01      4.21e-03    1.1e-07
1594300      1.23e-01      3.89e-03    1.1e-07
1594400      1.24e-01      3.92e-03    1.1e-07
1594500      1.30e-01      4.10e-03    1.1e-07
1594600      1.46e-01      4.61e-03    1.1e-07
1594700      1.32e-01      4.18e-03    1.1e-07
1594800      1.39e-01      4.41e-03    1.1e-07
1594900      1.30e-01      4.11e-03    1.1e-07
1595000      1.46e-01      4.63e-03    1.0e-07
1595100      1.31e-01      4.15e-03    1.0e-07
1595200      1.18e-01      3.73e-03    1.0e-07
1595300      1.41e-01      4.47e-03    1.0e-07
1595400      1.29e-01      4.07e-03    1.0e-07
1595500      1.52e-01      4.79e-03    1.0e-07
1595600      1.16e-01      3.66e-03    1.0e-07
1595700      1.06e-01      3.36e-03    1.0e-07
1595800      1.24e-01      3.91e-03    1.0e-07
1595900      1.14e-01      3.61e-03    1.0e-07
1596000      1.19e-01      3.78e-03    1.0e-07
1596100      1.05e-01      3.33e-03    1.0e-07
1596200      1.37e-01      4.33e-03    1.0e-07
1596300      1.42e-01      4.48e-03    1.0e-07
1596400      1.08e-01      3.40e-03    1.0e-07
1596500      1.17e-01      3.70e-03    1.0e-07
1596600      1.18e-01      3.72e-03    1.0e-07
1596700      1.29e-01      4.08e-03    1.0e-07
1596800      1.50e-01      4.74e-03    1.0e-07
1596900      1.41e-01      4.45e-03    1.0e-07
1597000      1.17e-01      3.71e-03    1.0e-07
1597100      1.34e-01      4.22e-03    1.0e-07
1597200      1.21e-01      3.83e-03    1.0e-07
1597300      1.30e-01      4.12e-03    1.0e-07
1597400      1.27e-01      4.02e-03    1.0e-07
1597500      1.33e-01      4.20e-03    1.0e-07
1597600      1.22e-01      3.85e-03    1.0e-07
1597700      1.12e-01      3.55e-03    1.0e-07
1597800      1.08e-01      3.43e-03    1.0e-07
1597900      1.34e-01      4.25e-03    1.0e-07
1598000      1.09e-01      3.45e-03    1.0e-07
1598100      1.42e-01      4.50e-03    1.0e-07
1598200      1.28e-01      4.04e-03    1.0e-07
1598300      1.10e-01      3.48e-03    1.0e-07
1598400      1.17e-01      3.69e-03    1.0e-07
1598500      1.03e-01      3.27e-03    1.0e-07
1598600      1.07e-01      3.38e-03    1.0e-07
1598700      1.09e-01      3.45e-03    1.0e-07
1598800      1.49e-01      4.71e-03    1.0e-07
1598900      1.33e-01      4.21e-03    1.0e-07
1599000      1.21e-01      3.81e-03    1.0e-07
1599100      1.41e-01      4.47e-03    1.0e-07
1599200      1.26e-01      3.99e-03    1.0e-07
1599300      1.20e-01      3.80e-03    1.0e-07
1599400      1.36e-01      4.29e-03    1.0e-07
1599500      1.23e-01      3.90e-03    1.0e-07
1599600      1.40e-01      4.43e-03    1.0e-07
1599700      1.50e-01      4.75e-03    1.0e-07
1599800      1.29e-01      4.07e-03    1.0e-07
1599900      1.28e-01      4.04e-03    1.0e-07
1600000      1.50e-01      4.76e-03    1.0e-07
1600100      1.35e-01      4.27e-03    1.0e-07
1600200      1.48e-01      4.69e-03    1.0e-07
1600300      1.35e-01      4.27e-03    1.0e-07
1600400      1.06e-01      3.35e-03    1.0e-07
1600500      1.47e-01      4.65e-03    1.0e-07
1600600      1.42e-01      4.48e-03    1.0e-07
1600700      1.18e-01      3.74e-03    1.0e-07
1600800      1.36e-01      4.29e-03    1.0e-07
1600900      1.09e-01      3.45e-03    1.0e-07
1601000      1.45e-01      4.58e-03    1.0e-07
1601100      1.06e-01      3.34e-03    1.0e-07
1601200      1.43e-01      4.51e-03    1.0e-07
1601300      1.24e-01      3.93e-03    1.0e-07
1601400      1.02e-01      3.21e-03    1.0e-07
1601500      1.16e-01      3.67e-03    1.0e-07
1601600      1.36e-01      4.31e-03    1.0e-07
1601700      1.11e-01      3.52e-03    1.0e-07
1601800      1.37e-01      4.34e-03    1.0e-07
1601900      1.04e-01      3.28e-03    1.0e-07
1602000      1.28e-01      4.04e-03    1.0e-07
1602100      1.26e-01      3.98e-03    1.0e-07
1602200      1.47e-01      4.66e-03    1.0e-07
1602300      1.25e-01      3.96e-03    1.0e-07
1602400      1.15e-01      3.64e-03    1.0e-07
1602500      1.30e-01      4.12e-03    1.0e-07
1602600      1.19e-01      3.78e-03    1.0e-07
1602700      1.43e-01      4.53e-03    1.0e-07
1602800      1.14e-01      3.61e-03    1.0e-07
1602900      1.03e-01      3.24e-03    1.0e-07
1603000      1.57e-01      4.96e-03    1.0e-07
1603100      1.50e-01      4.75e-03    1.0e-07
1603200      1.24e-01      3.92e-03    1.0e-07
1603300      1.21e-01      3.82e-03    1.0e-07
1603400      1.06e-01      3.36e-03    1.0e-07
1603500      1.39e-01      4.40e-03    1.0e-07
1603600      1.18e-01      3.72e-03    1.0e-07
1603700      1.17e-01      3.68e-03    1.0e-07
1603800      1.49e-01      4.70e-03    1.0e-07
1603900      1.14e-01      3.61e-03    1.0e-07
1604000      1.22e-01      3.86e-03    1.0e-07
1604100      1.33e-01      4.20e-03    1.0e-07
1604200      1.21e-01      3.82e-03    1.0e-07
1604300      1.22e-01      3.86e-03    1.0e-07
1604400      9.98e-02      3.15e-03    1.0e-07
1604500      1.30e-01      4.10e-03    1.0e-07
1604600      1.39e-01      4.40e-03    1.0e-07
1604700      1.14e-01      3.61e-03    1.0e-07
1604800      1.40e-01      4.43e-03    1.0e-07
1604900      1.31e-01      4.15e-03    1.0e-07
1605000      1.10e-01      3.49e-03    9.7e-08
1605100      1.30e-01      4.12e-03    9.7e-08
1605200      1.34e-01      4.25e-03    9.7e-08
1605300      1.37e-01      4.33e-03    9.7e-08
1605400      1.17e-01      3.69e-03    9.7e-08
1605500      1.18e-01      3.72e-03    9.7e-08
1605600      1.18e-01      3.73e-03    9.7e-08
1605700      1.29e-01      4.07e-03    9.7e-08
1605800      1.31e-01      4.13e-03    9.7e-08
1605900      1.13e-01      3.57e-03    9.7e-08
1606000      1.21e-01      3.82e-03    9.7e-08
1606100      1.12e-01      3.54e-03    9.7e-08
1606200      1.36e-01      4.29e-03    9.7e-08
1606300      1.53e-01      4.83e-03    9.7e-08
1606400      1.30e-01      4.13e-03    9.7e-08
1606500      1.01e-01      3.18e-03    9.7e-08
1606600      1.44e-01      4.56e-03    9.7e-08
1606700      1.47e-01      4.65e-03    9.7e-08
1606800      1.39e-01      4.41e-03    9.7e-08
1606900      1.05e-01      3.31e-03    9.7e-08
1607000      1.14e-01      3.61e-03    9.7e-08
1607100      1.42e-01      4.48e-03    9.7e-08
1607200      1.52e-01      4.81e-03    9.7e-08
1607300      1.03e-01      3.25e-03    9.7e-08
1607400      1.16e-01      3.68e-03    9.7e-08
1607500      1.18e-01      3.72e-03    9.7e-08
1607600      1.36e-01      4.32e-03    9.7e-08
1607700      1.20e-01      3.80e-03    9.7e-08
1607800      1.43e-01      4.53e-03    9.7e-08
1607900      1.40e-01      4.44e-03    9.7e-08
1608000      1.30e-01      4.11e-03    9.7e-08
1608100      1.13e-01      3.56e-03    9.7e-08
1608200      1.11e-01      3.51e-03    9.7e-08
1608300      1.32e-01      4.17e-03    9.7e-08
1608400      1.16e-01      3.65e-03    9.7e-08
1608500      1.27e-01      4.00e-03    9.7e-08
1608600      1.23e-01      3.88e-03    9.7e-08
1608700      1.52e-01      4.80e-03    9.7e-08
1608800      1.36e-01      4.29e-03    9.7e-08
1608900      1.37e-01      4.32e-03    9.7e-08
1609000      9.63e-02      3.05e-03    9.7e-08
1609100      1.31e-01      4.14e-03    9.7e-08
1609200      1.46e-01      4.63e-03    9.7e-08
1609300      1.15e-01      3.64e-03    9.7e-08
1609400      1.42e-01      4.49e-03    9.7e-08
1609500      1.35e-01      4.26e-03    9.7e-08
1609600      1.35e-01      4.28e-03    9.7e-08
1609700      1.02e-01      3.22e-03    9.7e-08
1609800      1.33e-01      4.21e-03    9.7e-08
1609900      1.41e-01      4.45e-03    9.7e-08
1610000      1.13e-01      3.58e-03    9.4e-08
1610100      1.45e-01      4.60e-03    9.4e-08
1610200      1.14e-01      3.60e-03    9.4e-08
1610300      1.16e-01      3.66e-03    9.4e-08
1610400      1.18e-01      3.73e-03    9.4e-08
1610500      1.41e-01      4.46e-03    9.4e-08
1610600      1.31e-01      4.14e-03    9.4e-08
1610700      1.10e-01      3.47e-03    9.4e-08
1610800      1.35e-01      4.27e-03    9.4e-08
1610900      1.51e-01      4.78e-03    9.4e-08
1611000      1.30e-01      4.11e-03    9.4e-08
1611100      1.17e-01      3.69e-03    9.4e-08
1611200      1.34e-01      4.24e-03    9.4e-08
1611300      1.39e-01      4.41e-03    9.4e-08
1611400      1.35e-01      4.26e-03    9.4e-08
1611500      1.33e-01      4.20e-03    9.4e-08
1611600      1.47e-01      4.64e-03    9.4e-08
1611700      1.48e-01      4.67e-03    9.4e-08
1611800      1.41e-01      4.45e-03    9.4e-08
1611900      1.36e-01      4.30e-03    9.4e-08
1612000      1.28e-01      4.04e-03    9.4e-08
1612100      1.27e-01      4.01e-03    9.4e-08
1612200      1.39e-01      4.40e-03    9.4e-08
1612300      1.15e-01      3.62e-03    9.4e-08
1612400      1.39e-01      4.38e-03    9.4e-08
1612500      1.52e-01      4.80e-03    9.4e-08
1612600      1.40e-01      4.43e-03    9.4e-08
1612700      1.47e-01      4.64e-03    9.4e-08
1612800      1.44e-01      4.55e-03    9.4e-08
1612900      1.39e-01      4.41e-03    9.4e-08
1613000      1.28e-01      4.06e-03    9.4e-08
1613100      1.52e-01      4.81e-03    9.4e-08
1613200      1.26e-01      3.99e-03    9.4e-08
1613300      1.24e-01      3.93e-03    9.4e-08
1613400      1.38e-01      4.36e-03    9.4e-08
1613500      1.17e-01      3.71e-03    9.4e-08
1613600      1.39e-01      4.40e-03    9.4e-08
1613700      1.32e-01      4.19e-03    9.4e-08
1613800      1.28e-01      4.04e-03    9.4e-08
1613900      1.18e-01      3.73e-03    9.4e-08
1614000      1.18e-01      3.74e-03    9.4e-08
1614100      1.28e-01      4.05e-03    9.4e-08
1614200      1.44e-01      4.55e-03    9.4e-08
1614300      9.85e-02      3.11e-03    9.4e-08
1614400      1.28e-01      4.05e-03    9.4e-08
1614500      1.20e-01      3.79e-03    9.4e-08
1614600      1.15e-01      3.65e-03    9.4e-08
1614700      1.53e-01      4.83e-03    9.4e-08
1614800      1.22e-01      3.87e-03    9.4e-08
1614900      1.41e-01      4.45e-03    9.4e-08
1615000      1.43e-01      4.51e-03    9.2e-08
1615100      1.24e-01      3.92e-03    9.2e-08
1615200      1.15e-01      3.65e-03    9.2e-08
1615300      1.52e-01      4.81e-03    9.2e-08
1615400      1.10e-01      3.48e-03    9.2e-08
1615500      1.36e-01      4.31e-03    9.2e-08
1615600      1.43e-01      4.53e-03    9.2e-08
1615700      1.37e-01      4.33e-03    9.2e-08
1615800      1.03e-01      3.25e-03    9.2e-08
1615900      1.12e-01      3.55e-03    9.2e-08
1616000      1.45e-01      4.58e-03    9.2e-08
1616100      1.27e-01      4.02e-03    9.2e-08
1616200      1.13e-01      3.58e-03    9.2e-08
1616300      1.33e-01      4.22e-03    9.2e-08
1616400      1.20e-01      3.78e-03    9.2e-08
1616500      1.07e-01      3.38e-03    9.2e-08
1616600      1.22e-01      3.86e-03    9.2e-08
1616700      1.16e-01      3.67e-03    9.2e-08
1616800      1.42e-01      4.48e-03    9.2e-08
1616900      1.07e-01      3.39e-03    9.2e-08
1617000      1.33e-01      4.20e-03    9.2e-08
1617100      1.28e-01      4.05e-03    9.2e-08
1617200      1.18e-01      3.73e-03    9.2e-08
1617300      1.03e-01      3.25e-03    9.2e-08
1617400      1.23e-01      3.90e-03    9.2e-08
1617500      1.51e-01      4.78e-03    9.2e-08
1617600      1.38e-01      4.37e-03    9.2e-08
1617700      1.21e-01      3.81e-03    9.2e-08
1617800      1.12e-01      3.54e-03    9.2e-08
1617900      1.45e-01      4.59e-03    9.2e-08
1618000      1.45e-01      4.60e-03    9.2e-08
1618100      1.24e-01      3.92e-03    9.2e-08
1618200      1.15e-01      3.65e-03    9.2e-08
1618300      1.46e-01      4.61e-03    9.2e-08
1618400      1.21e-01      3.84e-03    9.2e-08
1618500      1.23e-01      3.88e-03    9.2e-08
1618600      1.47e-01      4.65e-03    9.2e-08
1618700      1.15e-01      3.63e-03    9.2e-08
1618800      1.09e-01      3.44e-03    9.2e-08
1618900      1.34e-01      4.24e-03    9.2e-08
1619000      1.37e-01      4.33e-03    9.2e-08
1619100      9.85e-02      3.11e-03    9.2e-08
1619200      1.45e-01      4.57e-03    9.2e-08
1619300      1.25e-01      3.97e-03    9.2e-08
1619400      1.38e-01      4.38e-03    9.2e-08
1619500      1.39e-01      4.41e-03    9.2e-08
1619600      1.07e-01      3.37e-03    9.2e-08
1619700      1.52e-01      4.82e-03    9.2e-08
1619800      1.21e-01      3.82e-03    9.2e-08
1619900      1.13e-01      3.56e-03    9.2e-08
1620000      1.43e-01      4.52e-03    8.9e-08
1620100      1.40e-01      4.41e-03    8.9e-08
1620200      1.23e-01      3.90e-03    8.9e-08
1620300      1.07e-01      3.37e-03    8.9e-08
1620400      1.48e-01      4.69e-03    8.9e-08
1620500      1.34e-01      4.24e-03    8.9e-08
1620600      1.10e-01      3.48e-03    8.9e-08
1620700      1.10e-01      3.47e-03    8.9e-08
1620800      1.22e-01      3.86e-03    8.9e-08
1620900      1.20e-01      3.79e-03    8.9e-08
1621000      1.21e-01      3.81e-03    8.9e-08
1621100      1.44e-01      4.57e-03    8.9e-08
1621200      1.46e-01      4.62e-03    8.9e-08
1621300      1.12e-01      3.55e-03    8.9e-08
1621400      1.43e-01      4.52e-03    8.9e-08
1621500      1.10e-01      3.47e-03    8.9e-08
1621600      1.34e-01      4.24e-03    8.9e-08
1621700      1.12e-01      3.54e-03    8.9e-08
1621800      1.34e-01      4.24e-03    8.9e-08
1621900      1.48e-01      4.68e-03    8.9e-08
1622000      1.41e-01      4.45e-03    8.9e-08
1622100      1.03e-01      3.26e-03    8.9e-08
1622200      1.23e-01      3.88e-03    8.9e-08
1622300      1.36e-01      4.29e-03    8.9e-08
1622400      1.26e-01      3.99e-03    8.9e-08
1622500      1.14e-01      3.62e-03    8.9e-08
1622600      1.49e-01      4.70e-03    8.9e-08
1622700      1.27e-01      4.02e-03    8.9e-08
1622800      1.49e-01      4.71e-03    8.9e-08
1622900      1.28e-01      4.04e-03    8.9e-08
1623000      1.33e-01      4.21e-03    8.9e-08
1623100      1.17e-01      3.70e-03    8.9e-08
1623200      1.35e-01      4.28e-03    8.9e-08
1623300      1.47e-01      4.66e-03    8.9e-08
1623400      1.37e-01      4.34e-03    8.9e-08
1623500      1.13e-01      3.57e-03    8.9e-08
1623600      1.17e-01      3.71e-03    8.9e-08
1623700      1.32e-01      4.16e-03    8.9e-08
1623800      1.34e-01      4.24e-03    8.9e-08
1623900      1.27e-01      4.03e-03    8.9e-08
1624000      1.49e-01      4.70e-03    8.9e-08
1624100      1.45e-01      4.59e-03    8.9e-08
1624200      1.37e-01      4.33e-03    8.9e-08
1624300      1.25e-01      3.95e-03    8.9e-08
1624400      1.08e-01      3.41e-03    8.9e-08
1624500      1.48e-01      4.68e-03    8.9e-08
1624600      1.50e-01      4.74e-03    8.9e-08
1624700      1.41e-01      4.47e-03    8.9e-08
1624800      1.15e-01      3.64e-03    8.9e-08
1624900      1.35e-01      4.27e-03    8.9e-08
1625000      1.30e-01      4.11e-03    8.7e-08
1625100      1.24e-01      3.91e-03    8.7e-08
1625200      1.31e-01      4.14e-03    8.7e-08
1625300      1.55e-01      4.90e-03    8.7e-08
1625400      1.37e-01      4.34e-03    8.7e-08
1625500      1.33e-01      4.20e-03    8.7e-08
1625600      1.07e-01      3.37e-03    8.7e-08
1625700      1.29e-01      4.09e-03    8.7e-08
1625800      1.18e-01      3.75e-03    8.7e-08
1625900      1.26e-01      3.99e-03    8.7e-08
1626000      1.41e-01      4.46e-03    8.7e-08
1626100      1.07e-01      3.38e-03    8.7e-08
1626200      1.21e-01      3.82e-03    8.7e-08
1626300      1.50e-01      4.73e-03    8.7e-08
1626400      1.39e-01      4.39e-03    8.7e-08
1626500      9.37e-02      2.96e-03    8.7e-08
1626600      1.24e-01      3.92e-03    8.7e-08
1626700      1.56e-01      4.94e-03    8.7e-08
1626800      1.26e-01      3.97e-03    8.7e-08
1626900      1.38e-01      4.37e-03    8.7e-08
1627000      1.45e-01      4.60e-03    8.7e-08
1627100      1.35e-01      4.26e-03    8.7e-08
1627200      1.22e-01      3.85e-03    8.7e-08
1627300      1.39e-01      4.38e-03    8.7e-08
1627400      1.33e-01      4.21e-03    8.7e-08
1627500      1.45e-01      4.58e-03    8.7e-08
1627600      1.33e-01      4.22e-03    8.7e-08
1627700      1.21e-01      3.83e-03    8.7e-08
1627800      1.21e-01      3.84e-03    8.7e-08
1627900      1.07e-01      3.39e-03    8.7e-08
1628000      1.32e-01      4.18e-03    8.7e-08
1628100      1.24e-01      3.93e-03    8.7e-08
1628200      1.43e-01      4.53e-03    8.7e-08
1628300      1.45e-01      4.57e-03    8.7e-08
1628400      1.36e-01      4.31e-03    8.7e-08
1628500      1.15e-01      3.64e-03    8.7e-08
1628600      1.34e-01      4.25e-03    8.7e-08
1628700      1.11e-01      3.51e-03    8.7e-08
1628800      1.57e-01      4.96e-03    8.7e-08
1628900      1.16e-01      3.68e-03    8.7e-08
1629000      1.17e-01      3.69e-03    8.7e-08
1629100      1.27e-01      4.01e-03    8.7e-08
1629200      1.48e-01      4.67e-03    8.7e-08
1629300      1.13e-01      3.59e-03    8.7e-08
1629400      1.60e-01      5.06e-03    8.7e-08
1629500      1.15e-01      3.64e-03    8.7e-08
1629600      1.41e-01      4.46e-03    8.7e-08
1629700      1.37e-01      4.33e-03    8.7e-08
1629800      1.23e-01      3.89e-03    8.7e-08
1629900      1.31e-01      4.15e-03    8.7e-08
1630000      1.37e-01      4.34e-03    8.4e-08
1630100      1.12e-01      3.53e-03    8.4e-08
1630200      1.11e-01      3.50e-03    8.4e-08
1630300      1.15e-01      3.65e-03    8.4e-08
1630400      1.37e-01      4.33e-03    8.4e-08
1630500      1.25e-01      3.96e-03    8.4e-08
1630600      1.25e-01      3.95e-03    8.4e-08
1630700      1.36e-01      4.30e-03    8.4e-08
1630800      1.14e-01      3.59e-03    8.4e-08
1630900      1.19e-01      3.75e-03    8.4e-08
1631000      1.20e-01      3.79e-03    8.4e-08
1631100      1.12e-01      3.53e-03    8.4e-08
1631200      1.23e-01      3.88e-03    8.4e-08
1631300      1.46e-01      4.60e-03    8.4e-08
1631400      1.15e-01      3.65e-03    8.4e-08
1631500      1.49e-01      4.72e-03    8.4e-08
1631600      1.31e-01      4.16e-03    8.4e-08
1631700      1.17e-01      3.70e-03    8.4e-08
1631800      1.32e-01      4.18e-03    8.4e-08
1631900      1.13e-01      3.58e-03    8.4e-08
1632000      1.30e-01      4.10e-03    8.4e-08
1632100      1.21e-01      3.81e-03    8.4e-08
1632200      1.19e-01      3.77e-03    8.4e-08
1632300      1.20e-01      3.78e-03    8.4e-08
1632400      1.53e-01      4.83e-03    8.4e-08
1632500      1.41e-01      4.45e-03    8.4e-08
1632600      1.54e-01      4.86e-03    8.4e-08
1632700      1.48e-01      4.68e-03    8.4e-08
1632800      1.42e-01      4.48e-03    8.4e-08
1632900      1.57e-01      4.96e-03    8.4e-08
1633000      1.49e-01      4.70e-03    8.4e-08
1633100      1.30e-01      4.10e-03    8.4e-08
1633200      1.23e-01      3.88e-03    8.4e-08
1633300      1.46e-01      4.61e-03    8.4e-08
1633400      1.21e-01      3.84e-03    8.4e-08
1633500      1.23e-01      3.88e-03    8.4e-08
1633600      1.47e-01      4.64e-03    8.4e-08
1633700      1.52e-01      4.82e-03    8.4e-08
1633800      1.30e-01      4.10e-03    8.4e-08
1633900      1.48e-01      4.67e-03    8.4e-08
1634000      1.33e-01      4.22e-03    8.4e-08
1634100      1.17e-01      3.69e-03    8.4e-08
1634200      1.22e-01      3.86e-03    8.4e-08
1634300      1.56e-01      4.94e-03    8.4e-08
1634400      1.34e-01      4.24e-03    8.4e-08
1634500      1.45e-01      4.59e-03    8.4e-08
1634600      1.07e-01      3.39e-03    8.4e-08
1634700      1.29e-01      4.07e-03    8.4e-08
1634800      1.31e-01      4.15e-03    8.4e-08
1634900      1.15e-01      3.63e-03    8.4e-08
1635000      1.09e-01      3.46e-03    8.2e-08
1635100      1.12e-01      3.55e-03    8.2e-08
1635200      1.34e-01      4.23e-03    8.2e-08
1635300      1.31e-01      4.15e-03    8.2e-08
1635400      1.49e-01      4.72e-03    8.2e-08
1635500      1.04e-01      3.29e-03    8.2e-08
1635600      1.09e-01      3.45e-03    8.2e-08
1635700      1.38e-01      4.36e-03    8.2e-08
1635800      1.34e-01      4.25e-03    8.2e-08
1635900      1.20e-01      3.80e-03    8.2e-08
1636000      1.50e-01      4.75e-03    8.2e-08
1636100      1.42e-01      4.50e-03    8.2e-08
1636200      1.15e-01      3.62e-03    8.2e-08
1636300      1.16e-01      3.66e-03    8.2e-08
1636400      1.20e-01      3.80e-03    8.2e-08
1636500      1.35e-01      4.27e-03    8.2e-08
1636600      1.17e-01      3.70e-03    8.2e-08
1636700      1.26e-01      3.98e-03    8.2e-08
1636800      1.40e-01      4.43e-03    8.2e-08
1636900      1.47e-01      4.65e-03    8.2e-08
1637000      1.16e-01      3.66e-03    8.2e-08
1637100      1.45e-01      4.58e-03    8.2e-08
1637200      1.42e-01      4.49e-03    8.2e-08
1637300      1.36e-01      4.30e-03    8.2e-08
1637400      1.40e-01      4.44e-03    8.2e-08
1637500      1.16e-01      3.68e-03    8.2e-08
1637600      1.18e-01      3.72e-03    8.2e-08
1637700      1.36e-01      4.31e-03    8.2e-08
1637800      1.37e-01      4.33e-03    8.2e-08
1637900      1.15e-01      3.65e-03    8.2e-08
1638000      1.03e-01      3.24e-03    8.2e-08
1638100      1.31e-01      4.15e-03    8.2e-08
1638200      9.90e-02      3.13e-03    8.2e-08
1638300      1.64e-01      5.18e-03    8.2e-08
1638400      1.19e-01      3.77e-03    8.2e-08
1638500      1.63e-01      5.15e-03    8.2e-08
1638600      1.38e-01      4.37e-03    8.2e-08
1638700      1.50e-01      4.75e-03    8.2e-08
1638800      1.17e-01      3.71e-03    8.2e-08
1638900      1.33e-01      4.20e-03    8.2e-08
1639000      1.31e-01      4.13e-03    8.2e-08
1639100      1.01e-01      3.21e-03    8.2e-08
1639200      1.21e-01      3.83e-03    8.2e-08
1639300      1.32e-01      4.16e-03    8.2e-08
1639400      1.27e-01      4.03e-03    8.2e-08
1639500      1.43e-01      4.53e-03    8.2e-08
1639600      1.34e-01      4.24e-03    8.2e-08
1639700      1.46e-01      4.61e-03    8.2e-08
1639800      1.06e-01      3.35e-03    8.2e-08
1639900      1.36e-01      4.31e-03    8.2e-08
1640000      1.17e-01      3.69e-03    7.9e-08
1640100      1.30e-01      4.12e-03    7.9e-08
1640200      1.01e-01      3.18e-03    7.9e-08
1640300      1.19e-01      3.77e-03    7.9e-08
1640400      1.26e-01      4.00e-03    7.9e-08
1640500      1.56e-01      4.94e-03    7.9e-08
1640600      1.39e-01      4.40e-03    7.9e-08
1640700      1.28e-01      4.04e-03    7.9e-08
1640800      1.18e-01      3.73e-03    7.9e-08
1640900      1.36e-01      4.29e-03    7.9e-08
1641000      1.24e-01      3.93e-03    7.9e-08
1641100      1.40e-01      4.44e-03    7.9e-08
1641200      1.46e-01      4.62e-03    7.9e-08
1641300      1.18e-01      3.72e-03    7.9e-08
1641400      1.10e-01      3.47e-03    7.9e-08
1641500      9.93e-02      3.14e-03    7.9e-08
1641600      1.26e-01      3.97e-03    7.9e-08
1641700      1.42e-01      4.48e-03    7.9e-08
1641800      1.30e-01      4.11e-03    7.9e-08
1641900      1.49e-01      4.70e-03    7.9e-08
1642000      1.33e-01      4.20e-03    7.9e-08
1642100      1.42e-01      4.49e-03    7.9e-08
1642200      1.36e-01      4.31e-03    7.9e-08
1642300      1.15e-01      3.64e-03    7.9e-08
1642400      9.58e-02      3.03e-03    7.9e-08
1642500      1.32e-01      4.17e-03    7.9e-08
1642600      1.31e-01      4.15e-03    7.9e-08
1642700      1.40e-01      4.43e-03    7.9e-08
1642800      9.84e-02      3.11e-03    7.9e-08
1642900      1.10e-01      3.48e-03    7.9e-08
1643000      1.21e-01      3.83e-03    7.9e-08
1643100      1.20e-01      3.78e-03    7.9e-08
1643200      1.34e-01      4.25e-03    7.9e-08
1643300      1.04e-01      3.28e-03    7.9e-08
1643400      1.35e-01      4.26e-03    7.9e-08
1643500      1.22e-01      3.85e-03    7.9e-08
1643600      1.59e-01      5.02e-03    7.9e-08
1643700      1.11e-01      3.51e-03    7.9e-08
1643800      1.25e-01      3.94e-03    7.9e-08
1643900      1.33e-01      4.19e-03    7.9e-08
1644000      1.32e-01      4.16e-03    7.9e-08
1644100      1.37e-01      4.33e-03    7.9e-08
1644200      1.27e-01      4.03e-03    7.9e-08
1644300      9.37e-02      2.96e-03    7.9e-08
1644400      1.17e-01      3.72e-03    7.9e-08
1644500      1.30e-01      4.12e-03    7.9e-08
1644600      1.25e-01      3.95e-03    7.9e-08
1644700      1.15e-01      3.63e-03    7.9e-08
1644800      1.49e-01      4.71e-03    7.9e-08
1644900      1.34e-01      4.22e-03    7.9e-08
1645000      1.42e-01      4.50e-03    7.7e-08
1645100      9.66e-02      3.06e-03    7.7e-08
1645200      1.35e-01      4.27e-03    7.7e-08
1645300      1.33e-01      4.21e-03    7.7e-08
1645400      1.54e-01      4.86e-03    7.7e-08
1645500      1.45e-01      4.58e-03    7.7e-08
1645600      1.03e-01      3.25e-03    7.7e-08
1645700      1.12e-01      3.53e-03    7.7e-08
1645800      1.16e-01      3.65e-03    7.7e-08
1645900      1.21e-01      3.84e-03    7.7e-08
1646000      1.03e-01      3.26e-03    7.7e-08
1646100      1.49e-01      4.70e-03    7.7e-08
1646200      1.39e-01      4.40e-03    7.7e-08
1646300      1.26e-01      3.99e-03    7.7e-08
1646400      1.08e-01      3.43e-03    7.7e-08
1646500      1.45e-01      4.60e-03    7.7e-08
1646600      9.95e-02      3.15e-03    7.7e-08
1646700      1.30e-01      4.11e-03    7.7e-08
1646800      1.32e-01      4.17e-03    7.7e-08
1646900      1.36e-01      4.31e-03    7.7e-08
1647000      1.01e-01      3.21e-03    7.7e-08
1647100      1.04e-01      3.29e-03    7.7e-08
1647200      1.42e-01      4.50e-03    7.7e-08
1647300      1.34e-01      4.24e-03    7.7e-08
1647400      1.16e-01      3.67e-03    7.7e-08
1647500      1.22e-01      3.87e-03    7.7e-08
1647600      1.12e-01      3.56e-03    7.7e-08
1647700      1.49e-01      4.71e-03    7.7e-08
1647800      1.31e-01      4.13e-03    7.7e-08
1647900      1.24e-01      3.93e-03    7.7e-08
1648000      1.43e-01      4.51e-03    7.7e-08
1648100      1.31e-01      4.15e-03    7.7e-08
1648200      1.61e-01      5.09e-03    7.7e-08
1648300      1.29e-01      4.07e-03    7.7e-08
1648400      1.43e-01      4.53e-03    7.7e-08
1648500      1.24e-01      3.91e-03    7.7e-08
1648600      1.17e-01      3.69e-03    7.7e-08
1648700      1.43e-01      4.53e-03    7.7e-08
1648800      9.95e-02      3.15e-03    7.7e-08
1648900      1.37e-01      4.32e-03    7.7e-08
1649000      1.07e-01      3.38e-03    7.7e-08
1649100      1.29e-01      4.08e-03    7.7e-08
1649200      1.21e-01      3.84e-03    7.7e-08
1649300      1.41e-01      4.47e-03    7.7e-08
1649400      1.49e-01      4.72e-03    7.7e-08
1649500      1.19e-01      3.78e-03    7.7e-08
1649600      1.17e-01      3.70e-03    7.7e-08
1649700      1.37e-01      4.34e-03    7.7e-08
1649800      1.07e-01      3.38e-03    7.7e-08
1649900      1.32e-01      4.16e-03    7.7e-08
1650000      1.48e-01      4.68e-03    7.5e-08
1650100      1.20e-01      3.79e-03    7.5e-08
1650200      1.07e-01      3.37e-03    7.5e-08
1650300      1.08e-01      3.41e-03    7.5e-08
1650400      1.24e-01      3.91e-03    7.5e-08
1650500      1.27e-01      4.02e-03    7.5e-08
1650600      1.26e-01      3.98e-03    7.5e-08
1650700      1.21e-01      3.81e-03    7.5e-08
1650800      1.28e-01      4.06e-03    7.5e-08
1650900      1.50e-01      4.74e-03    7.5e-08
1651000      1.43e-01      4.52e-03    7.5e-08
1651100      1.21e-01      3.81e-03    7.5e-08
1651200      1.18e-01      3.73e-03    7.5e-08
1651300      1.20e-01      3.79e-03    7.5e-08
1651400      1.22e-01      3.87e-03    7.5e-08
1651500      1.38e-01      4.37e-03    7.5e-08
1651600      1.32e-01      4.16e-03    7.5e-08
1651700      1.55e-01      4.90e-03    7.5e-08
1651800      1.18e-01      3.73e-03    7.5e-08
1651900      1.26e-01      4.00e-03    7.5e-08
1652000      1.21e-01      3.83e-03    7.5e-08
1652100      1.39e-01      4.40e-03    7.5e-08
1652200      1.45e-01      4.58e-03    7.5e-08
1652300      1.37e-01      4.33e-03    7.5e-08
1652400      1.44e-01      4.56e-03    7.5e-08
1652500      1.23e-01      3.88e-03    7.5e-08
1652600      1.01e-01      3.18e-03    7.5e-08
1652700      1.14e-01      3.59e-03    7.5e-08
1652800      1.36e-01      4.31e-03    7.5e-08
1652900      1.19e-01      3.78e-03    7.5e-08
1653000      1.05e-01      3.32e-03    7.5e-08
1653100      1.39e-01      4.40e-03    7.5e-08
1653200      1.56e-01      4.95e-03    7.5e-08
1653300      1.52e-01      4.79e-03    7.5e-08
1653400      1.50e-01      4.75e-03    7.5e-08
1653500      1.37e-01      4.33e-03    7.5e-08
1653600      1.31e-01      4.14e-03    7.5e-08
1653700      1.12e-01      3.54e-03    7.5e-08
1653800      1.23e-01      3.90e-03    7.5e-08
1653900      1.68e-01      5.30e-03    7.5e-08
1654000      1.16e-01      3.68e-03    7.5e-08
1654100      1.06e-01      3.35e-03    7.5e-08
1654200      1.46e-01      4.62e-03    7.5e-08
1654300      1.16e-01      3.67e-03    7.5e-08
1654400      1.43e-01      4.51e-03    7.5e-08
1654500      1.18e-01      3.72e-03    7.5e-08
1654600      1.40e-01      4.44e-03    7.5e-08
1654700      1.53e-01      4.83e-03    7.5e-08
1654800      1.36e-01      4.29e-03    7.5e-08
1654900      9.87e-02      3.12e-03    7.5e-08
1655000      1.17e-01      3.69e-03    7.3e-08
1655100      1.19e-01      3.77e-03    7.3e-08
1655200      1.27e-01      4.00e-03    7.3e-08
1655300      1.24e-01      3.91e-03    7.3e-08
1655400      1.46e-01      4.60e-03    7.3e-08
1655500      1.14e-01      3.59e-03    7.3e-08
1655600      1.15e-01      3.65e-03    7.3e-08
1655700      1.46e-01      4.61e-03    7.3e-08
1655800      1.48e-01      4.67e-03    7.3e-08
1655900      1.33e-01      4.21e-03    7.3e-08
1656000      1.42e-01      4.49e-03    7.3e-08
1656100      1.19e-01      3.75e-03    7.3e-08
1656200      1.07e-01      3.38e-03    7.3e-08
1656300      1.41e-01      4.44e-03    7.3e-08
1656400      1.21e-01      3.82e-03    7.3e-08
1656500      1.07e-01      3.39e-03    7.3e-08
1656600      1.44e-01      4.55e-03    7.3e-08
1656700      1.25e-01      3.97e-03    7.3e-08
1656800      1.42e-01      4.48e-03    7.3e-08
1656900      1.40e-01      4.43e-03    7.3e-08
1657000      1.16e-01      3.68e-03    7.3e-08
1657100      1.53e-01      4.85e-03    7.3e-08
1657200      1.56e-01      4.94e-03    7.3e-08
1657300      1.24e-01      3.93e-03    7.3e-08
1657400      1.33e-01      4.21e-03    7.3e-08
1657500      1.06e-01      3.36e-03    7.3e-08
1657600      1.45e-01      4.59e-03    7.3e-08
1657700      1.36e-01      4.29e-03    7.3e-08
1657800      1.24e-01      3.93e-03    7.3e-08
1657900      1.41e-01      4.45e-03    7.3e-08
1658000      1.47e-01      4.64e-03    7.3e-08
1658100      1.30e-01      4.10e-03    7.3e-08
1658200      1.37e-01      4.33e-03    7.3e-08
1658300      1.41e-01      4.45e-03    7.3e-08
1658400      1.21e-01      3.83e-03    7.3e-08
1658500      1.13e-01      3.56e-03    7.3e-08
1658600      1.39e-01      4.39e-03    7.3e-08
1658700      1.21e-01      3.83e-03    7.3e-08
1658800      1.37e-01      4.33e-03    7.3e-08
1658900      1.46e-01      4.62e-03    7.3e-08
1659000      9.92e-02      3.14e-03    7.3e-08
1659100      1.25e-01      3.95e-03    7.3e-08
1659200      1.62e-01      5.13e-03    7.3e-08
1659300      1.43e-01      4.52e-03    7.3e-08
1659400      9.90e-02      3.13e-03    7.3e-08
1659500      1.34e-01      4.24e-03    7.3e-08
1659600      1.30e-01      4.12e-03    7.3e-08
1659700      1.46e-01      4.62e-03    7.3e-08
1659800      1.04e-01      3.28e-03    7.3e-08
1659900      1.34e-01      4.24e-03    7.3e-08
1660000      1.30e-01      4.11e-03    7.1e-08
1660100      1.49e-01      4.72e-03    7.1e-08
1660200      1.50e-01      4.75e-03    7.1e-08
1660300      1.47e-01      4.64e-03    7.1e-08
1660400      1.22e-01      3.86e-03    7.1e-08
1660500      1.27e-01      4.02e-03    7.1e-08
1660600      1.07e-01      3.38e-03    7.1e-08
1660700      1.26e-01      3.99e-03    7.1e-08
1660800      1.25e-01      3.96e-03    7.1e-08
1660900      1.12e-01      3.56e-03    7.1e-08
1661000      1.51e-01      4.77e-03    7.1e-08
1661100      1.04e-01      3.30e-03    7.1e-08
1661200      1.06e-01      3.34e-03    7.1e-08
1661300      1.03e-01      3.26e-03    7.1e-08
1661400      1.40e-01      4.43e-03    7.1e-08
1661500      1.22e-01      3.85e-03    7.1e-08
1661600      1.38e-01      4.35e-03    7.1e-08
1661700      1.21e-01      3.84e-03    7.1e-08
1661800      1.24e-01      3.92e-03    7.1e-08
1661900      1.35e-01      4.26e-03    7.1e-08
1662000      1.36e-01      4.31e-03    7.1e-08
1662100      1.51e-01      4.78e-03    7.1e-08
1662200      1.41e-01      4.45e-03    7.1e-08
1662300      1.01e-01      3.20e-03    7.1e-08
1662400      1.41e-01      4.45e-03    7.1e-08
1662500      1.21e-01      3.84e-03    7.1e-08
1662600      1.24e-01      3.92e-03    7.1e-08
1662700      1.54e-01      4.87e-03    7.1e-08
1662800      1.08e-01      3.42e-03    7.1e-08
1662900      1.46e-01      4.62e-03    7.1e-08
1663000      1.22e-01      3.85e-03    7.1e-08
1663100      1.41e-01      4.45e-03    7.1e-08
1663200      1.17e-01      3.69e-03    7.1e-08
1663300      1.38e-01      4.35e-03    7.1e-08
1663400      1.47e-01      4.64e-03    7.1e-08
1663500      1.28e-01      4.06e-03    7.1e-08
1663600      1.21e-01      3.84e-03    7.1e-08
1663700      1.13e-01      3.58e-03    7.1e-08
1663800      1.16e-01      3.67e-03    7.1e-08
1663900      1.09e-01      3.45e-03    7.1e-08
1664000      1.42e-01      4.50e-03    7.1e-08
1664100      1.31e-01      4.15e-03    7.1e-08
1664200      1.39e-01      4.41e-03    7.1e-08
1664300      1.57e-01      4.96e-03    7.1e-08
1664400      9.94e-02      3.14e-03    7.1e-08
1664500      1.52e-01      4.79e-03    7.1e-08
1664600      1.35e-01      4.27e-03    7.1e-08
1664700      1.28e-01      4.06e-03    7.1e-08
1664800      1.52e-01      4.81e-03    7.1e-08
1664900      1.31e-01      4.15e-03    7.1e-08
1665000      1.05e-01      3.32e-03    6.9e-08
1665100      1.43e-01      4.52e-03    6.9e-08
1665200      1.08e-01      3.41e-03    6.9e-08
1665300      1.19e-01      3.78e-03    6.9e-08
1665400      1.33e-01      4.21e-03    6.9e-08
1665500      1.38e-01      4.35e-03    6.9e-08
1665600      1.10e-01      3.48e-03    6.9e-08
1665700      1.35e-01      4.28e-03    6.9e-08
1665800      1.44e-01      4.56e-03    6.9e-08
1665900      1.29e-01      4.08e-03    6.9e-08
1666000      1.46e-01      4.60e-03    6.9e-08
1666100      1.26e-01      3.99e-03    6.9e-08
1666200      1.33e-01      4.21e-03    6.9e-08
1666300      9.82e-02      3.11e-03    6.9e-08
1666400      1.50e-01      4.75e-03    6.9e-08
1666500      1.30e-01      4.12e-03    6.9e-08
1666600      1.30e-01      4.12e-03    6.9e-08
1666700      1.20e-01      3.81e-03    6.9e-08
1666800      1.62e-01      5.13e-03    6.9e-08
1666900      9.78e-02      3.09e-03    6.9e-08
1667000      1.41e-01      4.47e-03    6.9e-08
1667100      1.24e-01      3.92e-03    6.9e-08
1667200      1.36e-01      4.31e-03    6.9e-08
1667300      1.18e-01      3.72e-03    6.9e-08
1667400      1.22e-01      3.85e-03    6.9e-08
1667500      1.34e-01      4.24e-03    6.9e-08
1667600      1.19e-01      3.76e-03    6.9e-08
1667700      1.26e-01      3.99e-03    6.9e-08
1667800      1.42e-01      4.51e-03    6.9e-08
1667900      1.15e-01      3.62e-03    6.9e-08
1668000      1.23e-01      3.88e-03    6.9e-08
1668100      1.34e-01      4.24e-03    6.9e-08
1668200      1.36e-01      4.31e-03    6.9e-08
1668300      1.49e-01      4.72e-03    6.9e-08
1668400      1.47e-01      4.64e-03    6.9e-08
1668500      1.22e-01      3.85e-03    6.9e-08
1668600      9.37e-02      2.96e-03    6.9e-08
1668700      1.21e-01      3.83e-03    6.9e-08
1668800      1.05e-01      3.34e-03    6.9e-08
1668900      1.34e-01      4.25e-03    6.9e-08
1669000      1.29e-01      4.07e-03    6.9e-08
1669100      1.44e-01      4.55e-03    6.9e-08
1669200      1.09e-01      3.44e-03    6.9e-08
1669300      1.46e-01      4.61e-03    6.9e-08
1669400      1.32e-01      4.17e-03    6.9e-08
1669500      1.31e-01      4.13e-03    6.9e-08
1669600      1.18e-01      3.73e-03    6.9e-08
1669700      1.16e-01      3.67e-03    6.9e-08
1669800      1.08e-01      3.41e-03    6.9e-08
1669900      1.28e-01      4.06e-03    6.9e-08
1670000      1.21e-01      3.81e-03    6.7e-08
1670100      1.25e-01      3.95e-03    6.7e-08
1670200      1.35e-01      4.28e-03    6.7e-08
1670300      1.50e-01      4.75e-03    6.7e-08
1670400      9.63e-02      3.05e-03    6.7e-08
1670500      1.38e-01      4.36e-03    6.7e-08
1670600      1.35e-01      4.28e-03    6.7e-08
1670700      1.02e-01      3.21e-03    6.7e-08
1670800      1.13e-01      3.58e-03    6.7e-08
1670900      1.23e-01      3.88e-03    6.7e-08
1671000      1.09e-01      3.46e-03    6.7e-08
1671100      1.20e-01      3.80e-03    6.7e-08
1671200      1.17e-01      3.71e-03    6.7e-08
1671300      1.20e-01      3.79e-03    6.7e-08
1671400      1.24e-01      3.93e-03    6.7e-08
1671500      1.19e-01      3.77e-03    6.7e-08
1671600      1.14e-01      3.61e-03    6.7e-08
1671700      1.34e-01      4.24e-03    6.7e-08
1671800      1.54e-01      4.86e-03    6.7e-08
1671900      1.15e-01      3.62e-03    6.7e-08
1672000      9.50e-02      3.01e-03    6.7e-08
1672100      1.45e-01      4.58e-03    6.7e-08
1672200      1.14e-01      3.62e-03    6.7e-08
1672300      1.28e-01      4.04e-03    6.7e-08
1672400      1.26e-01      3.99e-03    6.7e-08
1672500      1.19e-01      3.78e-03    6.7e-08
1672600      1.27e-01      4.03e-03    6.7e-08
1672700      1.23e-01      3.88e-03    6.7e-08
1672800      1.44e-01      4.56e-03    6.7e-08
1672900      1.38e-01      4.36e-03    6.7e-08
1673000      1.52e-01      4.79e-03    6.7e-08
1673100      1.48e-01      4.68e-03    6.7e-08
1673200      1.18e-01      3.75e-03    6.7e-08
1673300      1.56e-01      4.94e-03    6.7e-08
1673400      1.39e-01      4.41e-03    6.7e-08
1673500      1.56e-01      4.94e-03    6.7e-08
1673600      1.41e-01      4.44e-03    6.7e-08
1673700      1.20e-01      3.81e-03    6.7e-08
1673800      1.40e-01      4.44e-03    6.7e-08
1673900      1.27e-01      4.02e-03    6.7e-08
1674000      1.23e-01      3.89e-03    6.7e-08
1674100      9.57e-02      3.03e-03    6.7e-08
1674200      1.22e-01      3.86e-03    6.7e-08
1674300      1.38e-01      4.37e-03    6.7e-08
1674400      1.20e-01      3.79e-03    6.7e-08
1674500      1.19e-01      3.77e-03    6.7e-08
1674600      1.45e-01      4.58e-03    6.7e-08
1674700      1.52e-01      4.81e-03    6.7e-08
1674800      1.28e-01      4.04e-03    6.7e-08
1674900      1.16e-01      3.65e-03    6.7e-08
1675000      1.31e-01      4.14e-03    6.5e-08
1675100      1.36e-01      4.29e-03    6.5e-08
1675200      1.32e-01      4.16e-03    6.5e-08
1675300      1.03e-01      3.26e-03    6.5e-08
1675400      1.45e-01      4.59e-03    6.5e-08
1675500      1.26e-01      3.98e-03    6.5e-08
1675600      1.36e-01      4.31e-03    6.5e-08
1675700      1.44e-01      4.56e-03    6.5e-08
1675800      1.43e-01      4.51e-03    6.5e-08
1675900      1.45e-01      4.60e-03    6.5e-08
1676000      9.50e-02      3.00e-03    6.5e-08
1676100      9.51e-02      3.01e-03    6.5e-08
1676200      1.56e-01      4.93e-03    6.5e-08
1676300      1.21e-01      3.84e-03    6.5e-08
1676400      1.45e-01      4.60e-03    6.5e-08
1676500      1.18e-01      3.73e-03    6.5e-08
1676600      1.24e-01      3.93e-03    6.5e-08
1676700      1.36e-01      4.29e-03    6.5e-08
1676800      1.43e-01      4.52e-03    6.5e-08
1676900      1.51e-01      4.79e-03    6.5e-08
1677000      1.42e-01      4.49e-03    6.5e-08
1677100      1.40e-01      4.43e-03    6.5e-08
1677200      1.32e-01      4.18e-03    6.5e-08
1677300      1.51e-01      4.77e-03    6.5e-08
1677400      1.22e-01      3.86e-03    6.5e-08
1677500      1.04e-01      3.29e-03    6.5e-08
1677600      1.43e-01      4.53e-03    6.5e-08
1677700      1.35e-01      4.26e-03    6.5e-08
1677800      1.16e-01      3.68e-03    6.5e-08
1677900      1.35e-01      4.28e-03    6.5e-08
1678000      1.44e-01      4.55e-03    6.5e-08
1678100      1.26e-01      3.99e-03    6.5e-08
1678200      1.13e-01      3.56e-03    6.5e-08
1678300      1.10e-01      3.48e-03    6.5e-08
1678400      1.42e-01      4.48e-03    6.5e-08
1678500      1.32e-01      4.18e-03    6.5e-08
1678600      1.14e-01      3.59e-03    6.5e-08
1678700      1.48e-01      4.68e-03    6.5e-08
1678800      9.18e-02      2.90e-03    6.5e-08
1678900      1.34e-01      4.25e-03    6.5e-08
1679000      1.24e-01      3.92e-03    6.5e-08
1679100      1.30e-01      4.11e-03    6.5e-08
1679200      1.36e-01      4.30e-03    6.5e-08
1679300      1.27e-01      4.01e-03    6.5e-08
1679400      1.52e-01      4.81e-03    6.5e-08
1679500      1.13e-01      3.57e-03    6.5e-08
1679600      1.10e-01      3.47e-03    6.5e-08
1679700      1.55e-01      4.91e-03    6.5e-08
1679800      1.38e-01      4.36e-03    6.5e-08
1679900      1.41e-01      4.45e-03    6.5e-08
1680000      1.22e-01      3.86e-03    6.3e-08
1680100      1.16e-01      3.67e-03    6.3e-08
1680200      1.31e-01      4.13e-03    6.3e-08
1680300      1.15e-01      3.64e-03    6.3e-08
1680400      1.21e-01      3.81e-03    6.3e-08
1680500      1.02e-01      3.21e-03    6.3e-08
1680600      1.30e-01      4.10e-03    6.3e-08
1680700      1.08e-01      3.41e-03    6.3e-08
1680800      1.20e-01      3.80e-03    6.3e-08
1680900      1.27e-01      4.03e-03    6.3e-08
1681000      1.58e-01      5.00e-03    6.3e-08
1681100      1.56e-01      4.93e-03    6.3e-08
1681200      1.15e-01      3.63e-03    6.3e-08
1681300      1.36e-01      4.29e-03    6.3e-08
1681400      1.38e-01      4.37e-03    6.3e-08
1681500      9.12e-02      2.88e-03    6.3e-08
1681600      1.05e-01      3.33e-03    6.3e-08
1681700      1.29e-01      4.07e-03    6.3e-08
1681800      1.40e-01      4.43e-03    6.3e-08
1681900      1.25e-01      3.97e-03    6.3e-08
1682000      1.16e-01      3.68e-03    6.3e-08
1682100      1.39e-01      4.41e-03    6.3e-08
1682200      1.03e-01      3.25e-03    6.3e-08
1682300      1.06e-01      3.36e-03    6.3e-08
1682400      1.27e-01      4.00e-03    6.3e-08
1682500      1.05e-01      3.32e-03    6.3e-08
1682600      1.41e-01      4.47e-03    6.3e-08
1682700      1.46e-01      4.62e-03    6.3e-08
1682800      1.04e-01      3.30e-03    6.3e-08
1682900      1.47e-01      4.65e-03    6.3e-08
1683000      1.36e-01      4.30e-03    6.3e-08
1683100      1.40e-01      4.44e-03    6.3e-08
1683200      1.46e-01      4.63e-03    6.3e-08
1683300      1.34e-01      4.25e-03    6.3e-08
1683400      1.10e-01      3.48e-03    6.3e-08
1683500      1.15e-01      3.64e-03    6.3e-08
1683600      1.50e-01      4.74e-03    6.3e-08
1683700      1.60e-01      5.06e-03    6.3e-08
1683800      1.17e-01      3.69e-03    6.3e-08
1683900      9.64e-02      3.05e-03    6.3e-08
1684000      1.48e-01      4.70e-03    6.3e-08
1684100      1.40e-01      4.43e-03    6.3e-08
1684200      1.32e-01      4.17e-03    6.3e-08
1684300      1.40e-01      4.42e-03    6.3e-08
1684400      1.07e-01      3.38e-03    6.3e-08
1684500      1.20e-01      3.80e-03    6.3e-08
1684600      1.62e-01      5.11e-03    6.3e-08
1684700      8.48e-02      2.68e-03    6.3e-08
1684800      1.14e-01      3.60e-03    6.3e-08
1684900      1.11e-01      3.51e-03    6.3e-08
1685000      1.43e-01      4.53e-03    6.1e-08
1685100      1.05e-01      3.33e-03    6.1e-08
1685200      1.29e-01      4.08e-03    6.1e-08
1685300      1.37e-01      4.33e-03    6.1e-08
1685400      1.46e-01      4.61e-03    6.1e-08
1685500      1.11e-01      3.51e-03    6.1e-08
1685600      1.39e-01      4.39e-03    6.1e-08
1685700      1.35e-01      4.28e-03    6.1e-08
1685800      9.65e-02      3.05e-03    6.1e-08
1685900      1.56e-01      4.93e-03    6.1e-08
1686000      1.48e-01      4.67e-03    6.1e-08
1686100      1.47e-01      4.64e-03    6.1e-08
1686200      1.30e-01      4.11e-03    6.1e-08
1686300      1.09e-01      3.45e-03    6.1e-08
1686400      1.42e-01      4.48e-03    6.1e-08
1686500      1.35e-01      4.28e-03    6.1e-08
1686600      1.03e-01      3.26e-03    6.1e-08
1686700      1.21e-01      3.84e-03    6.1e-08
1686800      1.45e-01      4.58e-03    6.1e-08
1686900      1.33e-01      4.21e-03    6.1e-08
1687000      1.41e-01      4.45e-03    6.1e-08
1687100      1.15e-01      3.64e-03    6.1e-08
1687200      1.16e-01      3.66e-03    6.1e-08
1687300      1.30e-01      4.11e-03    6.1e-08
1687400      1.38e-01      4.36e-03    6.1e-08
1687500      1.04e-01      3.28e-03    6.1e-08
1687600      1.32e-01      4.17e-03    6.1e-08
1687700      1.39e-01      4.40e-03    6.1e-08
1687800      1.21e-01      3.83e-03    6.1e-08
1687900      1.06e-01      3.36e-03    6.1e-08
1688000      1.40e-01      4.42e-03    6.1e-08
1688100      9.85e-02      3.12e-03    6.1e-08
1688200      1.34e-01      4.25e-03    6.1e-08
1688300      1.06e-01      3.35e-03    6.1e-08
1688400      1.44e-01      4.55e-03    6.1e-08
1688500      1.61e-01      5.08e-03    6.1e-08
1688600      1.23e-01      3.89e-03    6.1e-08
1688700      1.32e-01      4.16e-03    6.1e-08
1688800      1.51e-01      4.77e-03    6.1e-08
1688900      1.02e-01      3.21e-03    6.1e-08
1689000      1.11e-01      3.50e-03    6.1e-08
1689100      1.27e-01      4.03e-03    6.1e-08
1689200      1.29e-01      4.09e-03    6.1e-08
1689300      1.52e-01      4.79e-03    6.1e-08
1689400      1.42e-01      4.49e-03    6.1e-08
1689500      1.34e-01      4.23e-03    6.1e-08
1689600      1.33e-01      4.22e-03    6.1e-08
1689700      1.48e-01      4.68e-03    6.1e-08
1689800      1.35e-01      4.27e-03    6.1e-08
1689900      1.39e-01      4.41e-03    6.1e-08
1690000      1.17e-01      3.69e-03    6.0e-08
1690100      1.29e-01      4.09e-03    6.0e-08
1690200      1.20e-01      3.81e-03    6.0e-08
1690300      1.39e-01      4.39e-03    6.0e-08
1690400      1.43e-01      4.51e-03    6.0e-08
1690500      1.36e-01      4.31e-03    6.0e-08
1690600      1.22e-01      3.87e-03    6.0e-08
1690700      1.28e-01      4.04e-03    6.0e-08
1690800      1.46e-01      4.61e-03    6.0e-08
1690900      1.28e-01      4.06e-03    6.0e-08
1691000      1.38e-01      4.37e-03    6.0e-08
1691100      1.41e-01      4.47e-03    6.0e-08
1691200      9.40e-02      2.97e-03    6.0e-08
1691300      1.13e-01      3.57e-03    6.0e-08
1691400      1.26e-01      3.99e-03    6.0e-08
1691500      1.35e-01      4.27e-03    6.0e-08
1691600      1.47e-01      4.65e-03    6.0e-08
1691700      1.36e-01      4.29e-03    6.0e-08
1691800      1.38e-01      4.35e-03    6.0e-08
1691900      1.38e-01      4.37e-03    6.0e-08
1692000      1.27e-01      4.02e-03    6.0e-08
1692100      1.44e-01      4.55e-03    6.0e-08
1692200      1.29e-01      4.08e-03    6.0e-08
1692300      1.58e-01      4.98e-03    6.0e-08
1692400      1.51e-01      4.77e-03    6.0e-08
1692500      1.36e-01      4.31e-03    6.0e-08
1692600      1.14e-01      3.60e-03    6.0e-08
1692700      1.48e-01      4.68e-03    6.0e-08
1692800      1.34e-01      4.23e-03    6.0e-08
1692900      1.48e-01      4.68e-03    6.0e-08
1693000      1.43e-01      4.52e-03    6.0e-08
1693100      1.32e-01      4.18e-03    6.0e-08
1693200      1.17e-01      3.69e-03    6.0e-08
1693300      1.27e-01      4.00e-03    6.0e-08
1693400      1.21e-01      3.82e-03    6.0e-08
1693500      1.30e-01      4.11e-03    6.0e-08
1693600      1.32e-01      4.16e-03    6.0e-08
1693700      1.49e-01      4.70e-03    6.0e-08
1693800      1.22e-01      3.85e-03    6.0e-08
1693900      1.28e-01      4.05e-03    6.0e-08
1694000      1.03e-01      3.25e-03    6.0e-08
1694100      1.38e-01      4.36e-03    6.0e-08
1694200      1.43e-01      4.51e-03    6.0e-08
1694300      1.33e-01      4.20e-03    6.0e-08
1694400      1.16e-01      3.67e-03    6.0e-08
1694500      1.04e-01      3.28e-03    6.0e-08
1694600      1.21e-01      3.84e-03    6.0e-08
1694700      1.42e-01      4.48e-03    6.0e-08
1694800      1.44e-01      4.57e-03    6.0e-08
1694900      1.34e-01      4.25e-03    6.0e-08
1695000      1.50e-01      4.75e-03    5.8e-08
1695100      1.41e-01      4.47e-03    5.8e-08
1695200      1.11e-01      3.51e-03    5.8e-08
1695300      1.40e-01      4.43e-03    5.8e-08
1695400      1.36e-01      4.29e-03    5.8e-08
1695500      1.02e-01      3.23e-03    5.8e-08
1695600      1.46e-01      4.63e-03    5.8e-08
1695700      1.38e-01      4.37e-03    5.8e-08
1695800      1.03e-01      3.26e-03    5.8e-08
1695900      1.23e-01      3.88e-03    5.8e-08
1696000      1.32e-01      4.19e-03    5.8e-08
1696100      1.35e-01      4.27e-03    5.8e-08
1696200      1.22e-01      3.87e-03    5.8e-08
1696300      1.49e-01      4.70e-03    5.8e-08
1696400      1.23e-01      3.88e-03    5.8e-08
1696500      1.28e-01      4.06e-03    5.8e-08
1696600      1.03e-01      3.26e-03    5.8e-08
1696700      1.45e-01      4.60e-03    5.8e-08
1696800      9.86e-02      3.12e-03    5.8e-08
1696900      1.41e-01      4.45e-03    5.8e-08
1697000      1.47e-01      4.65e-03    5.8e-08
1697100      1.13e-01      3.58e-03    5.8e-08
1697200      1.12e-01      3.56e-03    5.8e-08
1697300      1.04e-01      3.28e-03    5.8e-08
1697400      1.36e-01      4.29e-03    5.8e-08
1697500      1.44e-01      4.57e-03    5.8e-08
1697600      1.42e-01      4.49e-03    5.8e-08
1697700      1.25e-01      3.96e-03    5.8e-08
1697800      1.35e-01      4.27e-03    5.8e-08
1697900      1.36e-01      4.31e-03    5.8e-08
1698000      1.40e-01      4.43e-03    5.8e-08
1698100      1.21e-01      3.84e-03    5.8e-08
1698200      1.06e-01      3.36e-03    5.8e-08
1698300      1.20e-01      3.79e-03    5.8e-08
1698400      1.38e-01      4.37e-03    5.8e-08
1698500      1.43e-01      4.52e-03    5.8e-08
1698600      1.20e-01      3.81e-03    5.8e-08
1698700      1.09e-01      3.44e-03    5.8e-08
1698800      1.42e-01      4.49e-03    5.8e-08
1698900      1.29e-01      4.08e-03    5.8e-08
1699000      1.41e-01      4.44e-03    5.8e-08
1699100      1.36e-01      4.29e-03    5.8e-08
1699200      1.57e-01      4.96e-03    5.8e-08
1699300      1.28e-01      4.06e-03    5.8e-08
1699400      1.43e-01      4.52e-03    5.8e-08
1699500      1.46e-01      4.62e-03    5.8e-08
1699600      1.25e-01      3.97e-03    5.8e-08
1699700      1.43e-01      4.54e-03    5.8e-08
1699800      1.50e-01      4.75e-03    5.8e-08
1699900      1.31e-01      4.15e-03    5.8e-08
1700000      1.30e-01      4.11e-03    5.6e-08
1700100      1.27e-01      4.02e-03    5.6e-08
1700200      1.19e-01      3.78e-03    5.6e-08
1700300      1.42e-01      4.49e-03    5.6e-08
1700400      1.30e-01      4.12e-03    5.6e-08
1700500      1.48e-01      4.69e-03    5.6e-08
1700600      1.52e-01      4.80e-03    5.6e-08
1700700      1.58e-01      4.98e-03    5.6e-08
1700800      1.55e-01      4.90e-03    5.6e-08
1700900      1.45e-01      4.58e-03    5.6e-08
1701000      1.57e-01      4.96e-03    5.6e-08
1701100      1.25e-01      3.96e-03    5.6e-08
1701200      1.37e-01      4.33e-03    5.6e-08
1701300      1.21e-01      3.81e-03    5.6e-08
1701400      1.48e-01      4.67e-03    5.6e-08
1701500      1.52e-01      4.79e-03    5.6e-08
1701600      1.27e-01      4.00e-03    5.6e-08
1701700      1.05e-01      3.33e-03    5.6e-08
1701800      1.49e-01      4.71e-03    5.6e-08
1701900      1.39e-01      4.41e-03    5.6e-08
1702000      1.30e-01      4.12e-03    5.6e-08
1702100      1.51e-01      4.78e-03    5.6e-08
1702200      1.33e-01      4.22e-03    5.6e-08
1702300      1.32e-01      4.18e-03    5.6e-08
1702400      1.20e-01      3.81e-03    5.6e-08
1702500      1.07e-01      3.39e-03    5.6e-08
1702600      1.44e-01      4.56e-03    5.6e-08
1702700      1.18e-01      3.74e-03    5.6e-08
1702800      1.41e-01      4.46e-03    5.6e-08
1702900      1.24e-01      3.92e-03    5.6e-08
1703000      9.80e-02      3.10e-03    5.6e-08
1703100      1.31e-01      4.15e-03    5.6e-08
1703200      1.27e-01      4.03e-03    5.6e-08
1703300      1.24e-01      3.91e-03    5.6e-08
1703400      1.25e-01      3.94e-03    5.6e-08
1703500      1.15e-01      3.65e-03    5.6e-08
1703600      1.45e-01      4.60e-03    5.6e-08
1703700      1.41e-01      4.45e-03    5.6e-08
1703800      1.48e-01      4.69e-03    5.6e-08
1703900      1.36e-01      4.29e-03    5.6e-08
1704000      1.03e-01      3.25e-03    5.6e-08
1704100      1.32e-01      4.16e-03    5.6e-08
1704200      1.40e-01      4.43e-03    5.6e-08
1704300      1.22e-01      3.85e-03    5.6e-08
1704400      1.14e-01      3.61e-03    5.6e-08
1704500      1.44e-01      4.56e-03    5.6e-08
1704600      1.02e-01      3.23e-03    5.6e-08
1704700      1.49e-01      4.71e-03    5.6e-08
1704800      1.32e-01      4.17e-03    5.6e-08
1704900      1.20e-01      3.80e-03    5.6e-08
1705000      1.15e-01      3.63e-03    5.5e-08
1705100      1.01e-01      3.19e-03    5.5e-08
1705200      1.39e-01      4.41e-03    5.5e-08
1705300      1.18e-01      3.72e-03    5.5e-08
1705400      1.16e-01      3.67e-03    5.5e-08
1705500      1.46e-01      4.62e-03    5.5e-08
1705600      1.09e-01      3.44e-03    5.5e-08
1705700      1.10e-01      3.48e-03    5.5e-08
1705800      1.57e-01      4.96e-03    5.5e-08
1705900      1.30e-01      4.10e-03    5.5e-08
1706000      1.03e-01      3.25e-03    5.5e-08
1706100      1.30e-01      4.11e-03    5.5e-08
1706200      1.34e-01      4.25e-03    5.5e-08
1706300      1.31e-01      4.15e-03    5.5e-08
1706400      1.44e-01      4.55e-03    5.5e-08
1706500      1.50e-01      4.75e-03    5.5e-08
1706600      1.51e-01      4.76e-03    5.5e-08
1706700      1.29e-01      4.08e-03    5.5e-08
1706800      1.51e-01      4.77e-03    5.5e-08
1706900      1.36e-01      4.30e-03    5.5e-08
1707000      1.35e-01      4.28e-03    5.5e-08
1707100      1.13e-01      3.58e-03    5.5e-08
1707200      1.14e-01      3.61e-03    5.5e-08
1707300      1.21e-01      3.84e-03    5.5e-08
1707400      1.23e-01      3.88e-03    5.5e-08
1707500      1.07e-01      3.40e-03    5.5e-08
1707600      1.37e-01      4.34e-03    5.5e-08
1707700      1.14e-01      3.60e-03    5.5e-08
1707800      1.18e-01      3.73e-03    5.5e-08
1707900      1.35e-01      4.27e-03    5.5e-08
1708000      1.14e-01      3.61e-03    5.5e-08
1708100      1.04e-01      3.29e-03    5.5e-08
1708200      1.08e-01      3.40e-03    5.5e-08
1708300      1.04e-01      3.28e-03    5.5e-08
1708400      1.36e-01      4.29e-03    5.5e-08
1708500      1.33e-01      4.22e-03    5.5e-08
1708600      1.17e-01      3.70e-03    5.5e-08
1708700      1.39e-01      4.40e-03    5.5e-08
1708800      1.41e-01      4.47e-03    5.5e-08
1708900      1.13e-01      3.56e-03    5.5e-08
1709000      1.50e-01      4.74e-03    5.5e-08
1709100      1.21e-01      3.82e-03    5.5e-08
1709200      1.34e-01      4.24e-03    5.5e-08
1709300      1.37e-01      4.33e-03    5.5e-08
1709400      1.11e-01      3.50e-03    5.5e-08
1709500      1.50e-01      4.74e-03    5.5e-08
1709600      1.23e-01      3.90e-03    5.5e-08
1709700      1.35e-01      4.27e-03    5.5e-08
1709800      1.40e-01      4.42e-03    5.5e-08
1709900      1.07e-01      3.39e-03    5.5e-08
1710000      1.39e-01      4.40e-03    5.3e-08
1710100      1.15e-01      3.63e-03    5.3e-08
1710200      1.48e-01      4.68e-03    5.3e-08
1710300      1.35e-01      4.28e-03    5.3e-08
1710400      1.19e-01      3.78e-03    5.3e-08
1710500      1.03e-01      3.27e-03    5.3e-08
1710600      1.18e-01      3.74e-03    5.3e-08
1710700      1.16e-01      3.65e-03    5.3e-08
1710800      1.35e-01      4.25e-03    5.3e-08
1710900      1.38e-01      4.37e-03    5.3e-08
1711000      1.08e-01      3.43e-03    5.3e-08
1711100      1.28e-01      4.04e-03    5.3e-08
1711200      1.49e-01      4.71e-03    5.3e-08
1711300      1.45e-01      4.60e-03    5.3e-08
1711400      9.40e-02      2.97e-03    5.3e-08
1711500      1.49e-01      4.73e-03    5.3e-08
1711600      1.10e-01      3.46e-03    5.3e-08
1711700      1.58e-01      4.99e-03    5.3e-08
1711800      1.51e-01      4.79e-03    5.3e-08
1711900      1.07e-01      3.38e-03    5.3e-08
1712000      1.11e-01      3.52e-03    5.3e-08
1712100      1.48e-01      4.70e-03    5.3e-08
1712200      1.13e-01      3.56e-03    5.3e-08
1712300      1.25e-01      3.94e-03    5.3e-08
1712400      1.31e-01      4.16e-03    5.3e-08
1712500      1.31e-01      4.15e-03    5.3e-08
1712600      1.29e-01      4.09e-03    5.3e-08
1712700      1.06e-01      3.37e-03    5.3e-08
1712800      1.15e-01      3.62e-03    5.3e-08
1712900      1.30e-01      4.11e-03    5.3e-08
1713000      1.39e-01      4.40e-03    5.3e-08
1713100      1.21e-01      3.81e-03    5.3e-08
1713200      1.17e-01      3.70e-03    5.3e-08
1713300      1.35e-01      4.27e-03    5.3e-08
1713400      1.24e-01      3.93e-03    5.3e-08
1713500      1.52e-01      4.80e-03    5.3e-08
1713600      1.38e-01      4.37e-03    5.3e-08
1713700      1.51e-01      4.77e-03    5.3e-08
1713800      1.09e-01      3.44e-03    5.3e-08
1713900      1.36e-01      4.29e-03    5.3e-08
1714000      1.20e-01      3.80e-03    5.3e-08
1714100      1.19e-01      3.76e-03    5.3e-08
1714200      1.51e-01      4.77e-03    5.3e-08
1714300      1.30e-01      4.11e-03    5.3e-08
1714400      1.51e-01      4.79e-03    5.3e-08
1714500      1.25e-01      3.95e-03    5.3e-08
1714600      1.16e-01      3.67e-03    5.3e-08
1714700      1.37e-01      4.32e-03    5.3e-08
1714800      1.20e-01      3.78e-03    5.3e-08
1714900      1.29e-01      4.08e-03    5.3e-08
1715000      1.37e-01      4.34e-03    5.2e-08
1715100      1.38e-01      4.36e-03    5.2e-08
1715200      1.34e-01      4.23e-03    5.2e-08
1715300      1.40e-01      4.42e-03    5.2e-08
1715400      1.53e-01      4.82e-03    5.2e-08
1715500      1.23e-01      3.88e-03    5.2e-08
1715600      1.46e-01      4.62e-03    5.2e-08
1715700      1.41e-01      4.47e-03    5.2e-08
1715800      1.34e-01      4.23e-03    5.2e-08
1715900      1.32e-01      4.19e-03    5.2e-08
1716000      1.41e-01      4.47e-03    5.2e-08
1716100      1.35e-01      4.26e-03    5.2e-08
1716200      1.40e-01      4.43e-03    5.2e-08
1716300      1.50e-01      4.76e-03    5.2e-08
1716400      1.24e-01      3.93e-03    5.2e-08
1716500      1.37e-01      4.33e-03    5.2e-08
1716600      1.02e-01      3.21e-03    5.2e-08
1716700      1.35e-01      4.28e-03    5.2e-08
1716800      1.15e-01      3.65e-03    5.2e-08
1716900      1.36e-01      4.29e-03    5.2e-08
1717000      1.20e-01      3.78e-03    5.2e-08
1717100      1.17e-01      3.69e-03    5.2e-08
1717200      1.14e-01      3.59e-03    5.2e-08
1717300      1.18e-01      3.74e-03    5.2e-08
1717400      1.23e-01      3.90e-03    5.2e-08
1717500      1.18e-01      3.75e-03    5.2e-08
1717600      1.23e-01      3.88e-03    5.2e-08
1717700      1.21e-01      3.83e-03    5.2e-08
1717800      1.49e-01      4.70e-03    5.2e-08
1717900      1.37e-01      4.33e-03    5.2e-08
1718000      1.20e-01      3.79e-03    5.2e-08
1718100      1.27e-01      4.01e-03    5.2e-08
1718200      1.38e-01      4.37e-03    5.2e-08
1718300      1.17e-01      3.70e-03    5.2e-08
1718400      1.42e-01      4.48e-03    5.2e-08
1718500      1.25e-01      3.94e-03    5.2e-08
1718600      1.35e-01      4.27e-03    5.2e-08
1718700      1.42e-01      4.49e-03    5.2e-08
1718800      1.37e-01      4.33e-03    5.2e-08
1718900      1.37e-01      4.32e-03    5.2e-08
1719000      1.21e-01      3.84e-03    5.2e-08
1719100      1.16e-01      3.67e-03    5.2e-08
1719200      1.17e-01      3.70e-03    5.2e-08
1719300      1.19e-01      3.78e-03    5.2e-08
1719400      1.25e-01      3.97e-03    5.2e-08
1719500      1.36e-01      4.29e-03    5.2e-08
1719600      1.22e-01      3.87e-03    5.2e-08
1719700      1.33e-01      4.22e-03    5.2e-08
1719800      1.33e-01      4.20e-03    5.2e-08
1719900      1.46e-01      4.61e-03    5.2e-08
1720000      1.19e-01      3.75e-03    5.0e-08
1720100      1.24e-01      3.93e-03    5.0e-08
1720200      1.35e-01      4.28e-03    5.0e-08
1720300      1.35e-01      4.27e-03    5.0e-08
1720400      1.25e-01      3.96e-03    5.0e-08
1720500      1.16e-01      3.67e-03    5.0e-08
1720600      9.86e-02      3.12e-03    5.0e-08
1720700      1.10e-01      3.48e-03    5.0e-08
1720800      1.44e-01      4.57e-03    5.0e-08
1720900      1.11e-01      3.51e-03    5.0e-08
1721000      1.41e-01      4.45e-03    5.0e-08
1721100      1.34e-01      4.22e-03    5.0e-08
1721200      1.33e-01      4.22e-03    5.0e-08
1721300      1.07e-01      3.38e-03    5.0e-08
1721400      1.07e-01      3.38e-03    5.0e-08
1721500      1.58e-01      4.99e-03    5.0e-08
1721600      1.37e-01      4.34e-03    5.0e-08
1721700      1.38e-01      4.36e-03    5.0e-08
1721800      1.43e-01      4.51e-03    5.0e-08
1721900      1.29e-01      4.09e-03    5.0e-08
1722000      1.36e-01      4.30e-03    5.0e-08
1722100      1.18e-01      3.74e-03    5.0e-08
1722200      1.07e-01      3.39e-03    5.0e-08
1722300      1.23e-01      3.88e-03    5.0e-08
1722400      1.20e-01      3.80e-03    5.0e-08
1722500      1.27e-01      4.00e-03    5.0e-08
1722600      1.32e-01      4.18e-03    5.0e-08
1722700      1.03e-01      3.26e-03    5.0e-08
1722800      1.39e-01      4.41e-03    5.0e-08
1722900      1.32e-01      4.19e-03    5.0e-08
1723000      1.51e-01      4.78e-03    5.0e-08
1723100      1.35e-01      4.27e-03    5.0e-08
1723200      1.45e-01      4.59e-03    5.0e-08
1723300      1.42e-01      4.49e-03    5.0e-08
1723400      1.49e-01      4.72e-03    5.0e-08
1723500      1.42e-01      4.48e-03    5.0e-08
1723600      1.31e-01      4.13e-03    5.0e-08
1723700      1.47e-01      4.65e-03    5.0e-08
1723800      1.42e-01      4.48e-03    5.0e-08
1723900      1.38e-01      4.37e-03    5.0e-08
1724000      1.39e-01      4.39e-03    5.0e-08
1724100      1.27e-01      4.01e-03    5.0e-08
1724200      1.46e-01      4.62e-03    5.0e-08
1724300      1.50e-01      4.73e-03    5.0e-08
1724400      1.29e-01      4.08e-03    5.0e-08
1724500      1.35e-01      4.27e-03    5.0e-08
1724600      1.20e-01      3.79e-03    5.0e-08
1724700      1.19e-01      3.78e-03    5.0e-08
1724800      1.23e-01      3.88e-03    5.0e-08
1724900      1.52e-01      4.79e-03    5.0e-08
1725000      1.23e-01      3.88e-03    4.9e-08
1725100      1.14e-01      3.61e-03    4.9e-08
1725200      1.18e-01      3.74e-03    4.9e-08
1725300      1.48e-01      4.68e-03    4.9e-08
1725400      1.30e-01      4.12e-03    4.9e-08
1725500      1.36e-01      4.32e-03    4.9e-08
1725600      1.11e-01      3.51e-03    4.9e-08
1725700      1.46e-01      4.63e-03    4.9e-08
1725800      1.36e-01      4.31e-03    4.9e-08
1725900      1.57e-01      4.96e-03    4.9e-08
1726000      1.61e-01      5.09e-03    4.9e-08
1726100      1.57e-01      4.95e-03    4.9e-08
1726200      1.40e-01      4.42e-03    4.9e-08
1726300      1.20e-01      3.80e-03    4.9e-08
1726400      1.36e-01      4.29e-03    4.9e-08
1726500      1.54e-01      4.87e-03    4.9e-08
1726600      1.13e-01      3.58e-03    4.9e-08
1726700      1.27e-01      4.02e-03    4.9e-08
1726800      1.15e-01      3.64e-03    4.9e-08
1726900      1.35e-01      4.26e-03    4.9e-08
1727000      1.26e-01      3.99e-03    4.9e-08
1727100      1.14e-01      3.62e-03    4.9e-08
1727200      1.34e-01      4.22e-03    4.9e-08
1727300      1.52e-01      4.81e-03    4.9e-08
1727400      1.44e-01      4.56e-03    4.9e-08
1727500      1.27e-01      4.00e-03    4.9e-08
1727600      1.58e-01      5.00e-03    4.9e-08
1727700      1.41e-01      4.46e-03    4.9e-08
1727800      1.31e-01      4.15e-03    4.9e-08
1727900      1.34e-01      4.25e-03    4.9e-08
1728000      1.09e-01      3.45e-03    4.9e-08
1728100      1.38e-01      4.36e-03    4.9e-08
1728200      1.13e-01      3.58e-03    4.9e-08
1728300      1.31e-01      4.15e-03    4.9e-08
1728400      1.26e-01      3.98e-03    4.9e-08
1728500      1.27e-01      4.01e-03    4.9e-08
1728600      1.31e-01      4.15e-03    4.9e-08
1728700      1.38e-01      4.35e-03    4.9e-08
1728800      1.21e-01      3.83e-03    4.9e-08
1728900      1.33e-01      4.19e-03    4.9e-08
1729000      1.24e-01      3.92e-03    4.9e-08
1729100      1.26e-01      3.99e-03    4.9e-08
1729200      1.35e-01      4.26e-03    4.9e-08
1729300      1.41e-01      4.47e-03    4.9e-08
1729400      1.43e-01      4.53e-03    4.9e-08
1729500      1.24e-01      3.92e-03    4.9e-08
1729600      1.25e-01      3.94e-03    4.9e-08
1729700      1.32e-01      4.16e-03    4.9e-08
1729800      1.36e-01      4.29e-03    4.9e-08
1729900      1.21e-01      3.82e-03    4.9e-08
1730000      1.18e-01      3.72e-03    4.7e-08
1730100      1.21e-01      3.83e-03    4.7e-08
1730200      1.44e-01      4.55e-03    4.7e-08
1730300      1.09e-01      3.46e-03    4.7e-08
1730400      9.85e-02      3.11e-03    4.7e-08
1730500      1.12e-01      3.54e-03    4.7e-08
1730600      1.42e-01      4.49e-03    4.7e-08
1730700      1.12e-01      3.54e-03    4.7e-08
1730800      1.32e-01      4.17e-03    4.7e-08
1730900      1.27e-01      4.00e-03    4.7e-08
1731000      1.21e-01      3.83e-03    4.7e-08
1731100      1.32e-01      4.19e-03    4.7e-08
1731200      1.11e-01      3.51e-03    4.7e-08
1731300      1.01e-01      3.19e-03    4.7e-08
1731400      1.12e-01      3.54e-03    4.7e-08
1731500      1.27e-01      4.02e-03    4.7e-08
1731600      1.04e-01      3.29e-03    4.7e-08
1731700      1.56e-01      4.95e-03    4.7e-08
1731800      1.39e-01      4.40e-03    4.7e-08
1731900      1.18e-01      3.72e-03    4.7e-08
1732000      1.13e-01      3.58e-03    4.7e-08
1732100      1.36e-01      4.31e-03    4.7e-08
1732200      1.20e-01      3.80e-03    4.7e-08
1732300      9.85e-02      3.11e-03    4.7e-08
1732400      1.32e-01      4.19e-03    4.7e-08
1732500      1.29e-01      4.09e-03    4.7e-08
1732600      1.38e-01      4.38e-03    4.7e-08
1732700      1.27e-01      4.03e-03    4.7e-08
1732800      9.86e-02      3.12e-03    4.7e-08
1732900      1.21e-01      3.81e-03    4.7e-08
1733000      1.41e-01      4.47e-03    4.7e-08
1733100      1.31e-01      4.15e-03    4.7e-08
1733200      1.33e-01      4.19e-03    4.7e-08
1733300      1.34e-01      4.23e-03    4.7e-08
1733400      1.20e-01      3.79e-03    4.7e-08
1733500      1.34e-01      4.23e-03    4.7e-08
1733600      1.18e-01      3.73e-03    4.7e-08
1733700      1.04e-01      3.29e-03    4.7e-08
1733800      1.12e-01      3.54e-03    4.7e-08
1733900      1.52e-01      4.80e-03    4.7e-08
1734000      1.32e-01      4.16e-03    4.7e-08
1734100      1.06e-01      3.35e-03    4.7e-08
1734200      1.41e-01      4.47e-03    4.7e-08
1734300      1.32e-01      4.17e-03    4.7e-08
1734400      1.45e-01      4.58e-03    4.7e-08
1734500      1.35e-01      4.27e-03    4.7e-08
1734600      1.40e-01      4.44e-03    4.7e-08
1734700      1.32e-01      4.17e-03    4.7e-08
1734800      1.36e-01      4.31e-03    4.7e-08
1734900      1.30e-01      4.12e-03    4.7e-08
1735000      1.41e-01      4.45e-03    4.6e-08
1735100      1.45e-01      4.60e-03    4.6e-08
1735200      1.47e-01      4.64e-03    4.6e-08
1735300      1.15e-01      3.64e-03    4.6e-08
1735400      1.35e-01      4.26e-03    4.6e-08
1735500      1.44e-01      4.56e-03    4.6e-08
1735600      1.50e-01      4.74e-03    4.6e-08
1735700      1.19e-01      3.76e-03    4.6e-08
1735800      1.56e-01      4.94e-03    4.6e-08
1735900      1.37e-01      4.35e-03    4.6e-08
1736000      1.17e-01      3.71e-03    4.6e-08
1736100      1.51e-01      4.77e-03    4.6e-08
1736200      1.39e-01      4.39e-03    4.6e-08
1736300      1.57e-01      4.96e-03    4.6e-08
1736400      1.46e-01      4.62e-03    4.6e-08
1736500      1.41e-01      4.45e-03    4.6e-08
1736600      1.28e-01      4.06e-03    4.6e-08
1736700      1.55e-01      4.90e-03    4.6e-08
1736800      1.27e-01      4.03e-03    4.6e-08
1736900      1.49e-01      4.71e-03    4.6e-08
1737000      1.54e-01      4.86e-03    4.6e-08
1737100      1.39e-01      4.40e-03    4.6e-08
1737200      1.50e-01      4.73e-03    4.6e-08
1737300      1.45e-01      4.57e-03    4.6e-08
1737400      1.60e-01      5.05e-03    4.6e-08
1737500      1.10e-01      3.48e-03    4.6e-08
1737600      1.42e-01      4.49e-03    4.6e-08
1737700      1.17e-01      3.71e-03    4.6e-08
1737800      1.11e-01      3.51e-03    4.6e-08
1737900      1.34e-01      4.22e-03    4.6e-08
1738000      1.52e-01      4.79e-03    4.6e-08
1738100      1.09e-01      3.44e-03    4.6e-08
1738200      1.17e-01      3.69e-03    4.6e-08
1738300      1.44e-01      4.55e-03    4.6e-08
1738400      1.10e-01      3.46e-03    4.6e-08
1738500      1.38e-01      4.37e-03    4.6e-08
1738600      1.24e-01      3.91e-03    4.6e-08
1738700      1.64e-01      5.18e-03    4.6e-08
1738800      1.24e-01      3.92e-03    4.6e-08
1738900      1.43e-01      4.52e-03    4.6e-08
1739000      1.43e-01      4.52e-03    4.6e-08
1739100      1.15e-01      3.64e-03    4.6e-08
1739200      1.28e-01      4.04e-03    4.6e-08
1739300      1.34e-01      4.22e-03    4.6e-08
1739400      1.21e-01      3.83e-03    4.6e-08
1739500      1.48e-01      4.69e-03    4.6e-08
1739600      1.48e-01      4.68e-03    4.6e-08
1739700      1.20e-01      3.80e-03    4.6e-08
1739800      1.57e-01      4.98e-03    4.6e-08
1739900      1.06e-01      3.35e-03    4.6e-08
1740000      1.37e-01      4.33e-03    4.5e-08
1740100      1.36e-01      4.31e-03    4.5e-08
1740200      1.32e-01      4.18e-03    4.5e-08
1740300      1.18e-01      3.74e-03    4.5e-08
1740400      1.19e-01      3.78e-03    4.5e-08
1740500      1.37e-01      4.32e-03    4.5e-08
1740600      1.42e-01      4.48e-03    4.5e-08
1740700      1.49e-01      4.73e-03    4.5e-08
1740800      1.39e-01      4.38e-03    4.5e-08
1740900      1.18e-01      3.73e-03    4.5e-08
1741000      1.12e-01      3.53e-03    4.5e-08
1741100      1.44e-01      4.56e-03    4.5e-08
1741200      1.30e-01      4.10e-03    4.5e-08
1741300      1.17e-01      3.71e-03    4.5e-08
1741400      1.15e-01      3.62e-03    4.5e-08
1741500      1.18e-01      3.72e-03    4.5e-08
1741600      1.46e-01      4.61e-03    4.5e-08
1741700      1.36e-01      4.31e-03    4.5e-08
1741800      1.20e-01      3.80e-03    4.5e-08
1741900      1.35e-01      4.28e-03    4.5e-08
1742000      1.40e-01      4.43e-03    4.5e-08
1742100      1.35e-01      4.25e-03    4.5e-08
1742200      1.28e-01      4.05e-03    4.5e-08
1742300      1.54e-01      4.86e-03    4.5e-08
1742400      1.42e-01      4.49e-03    4.5e-08
1742500      1.55e-01      4.92e-03    4.5e-08
1742600      1.49e-01      4.71e-03    4.5e-08
1742700      1.47e-01      4.65e-03    4.5e-08
1742800      1.21e-01      3.82e-03    4.5e-08
1742900      1.15e-01      3.63e-03    4.5e-08
1743000      1.23e-01      3.88e-03    4.5e-08
1743100      1.14e-01      3.59e-03    4.5e-08
1743200      1.41e-01      4.46e-03    4.5e-08
1743300      1.05e-01      3.31e-03    4.5e-08
1743400      1.21e-01      3.84e-03    4.5e-08
1743500      1.18e-01      3.75e-03    4.5e-08
1743600      1.49e-01      4.72e-03    4.5e-08
1743700      1.39e-01      4.39e-03    4.5e-08
1743800      1.44e-01      4.56e-03    4.5e-08
1743900      1.03e-01      3.25e-03    4.5e-08
1744000      1.28e-01      4.06e-03    4.5e-08
1744100      1.31e-01      4.13e-03    4.5e-08
1744200      1.29e-01      4.09e-03    4.5e-08
1744300      1.51e-01      4.77e-03    4.5e-08
1744400      1.46e-01      4.60e-03    4.5e-08
1744500      1.28e-01      4.06e-03    4.5e-08
1744600      1.24e-01      3.92e-03    4.5e-08
1744700      1.14e-01      3.61e-03    4.5e-08
1744800      1.54e-01      4.85e-03    4.5e-08
1744900      1.42e-01      4.50e-03    4.5e-08
1745000      1.09e-01      3.45e-03    4.3e-08
1745100      1.06e-01      3.36e-03    4.3e-08
1745200      1.19e-01      3.75e-03    4.3e-08
1745300      1.43e-01      4.51e-03    4.3e-08
1745400      1.45e-01      4.58e-03    4.3e-08
1745500      1.31e-01      4.16e-03    4.3e-08
1745600      1.33e-01      4.21e-03    4.3e-08
1745700      1.09e-01      3.45e-03    4.3e-08
1745800      1.51e-01      4.76e-03    4.3e-08
1745900      1.11e-01      3.52e-03    4.3e-08
1746000      1.29e-01      4.08e-03    4.3e-08
1746100      1.42e-01      4.48e-03    4.3e-08
1746200      1.44e-01      4.56e-03    4.3e-08
1746300      1.10e-01      3.48e-03    4.3e-08
1746400      1.45e-01      4.59e-03    4.3e-08
1746500      1.24e-01      3.93e-03    4.3e-08
1746600      1.41e-01      4.46e-03    4.3e-08
1746700      1.47e-01      4.63e-03    4.3e-08
1746800      1.13e-01      3.56e-03    4.3e-08
1746900      1.49e-01      4.71e-03    4.3e-08
1747000      1.42e-01      4.48e-03    4.3e-08
1747100      1.23e-01      3.88e-03    4.3e-08
1747200      1.21e-01      3.83e-03    4.3e-08
1747300      1.29e-01      4.09e-03    4.3e-08
1747400      1.26e-01      3.98e-03    4.3e-08
1747500      1.14e-01      3.62e-03    4.3e-08
1747600      1.24e-01      3.91e-03    4.3e-08
1747700      1.45e-01      4.60e-03    4.3e-08
1747800      1.04e-01      3.28e-03    4.3e-08
1747900      1.22e-01      3.86e-03    4.3e-08
1748000      1.41e-01      4.44e-03    4.3e-08
1748100      1.49e-01      4.72e-03    4.3e-08
1748200      1.38e-01      4.36e-03    4.3e-08
1748300      1.34e-01      4.24e-03    4.3e-08
1748400      1.36e-01      4.29e-03    4.3e-08
1748500      1.21e-01      3.82e-03    4.3e-08
1748600      1.50e-01      4.76e-03    4.3e-08
1748700      1.28e-01      4.04e-03    4.3e-08
1748800      1.14e-01      3.62e-03    4.3e-08
1748900      1.21e-01      3.83e-03    4.3e-08
1749000      1.32e-01      4.19e-03    4.3e-08
1749100      1.45e-01      4.58e-03    4.3e-08
1749200      1.09e-01      3.45e-03    4.3e-08
1749300      1.43e-01      4.51e-03    4.3e-08
1749400      1.21e-01      3.83e-03    4.3e-08
1749500      1.25e-01      3.94e-03    4.3e-08
1749600      1.37e-01      4.33e-03    4.3e-08
1749700      9.84e-02      3.11e-03    4.3e-08
1749800      1.15e-01      3.65e-03    4.3e-08
1749900      1.25e-01      3.97e-03    4.3e-08
1750000      1.23e-01      3.90e-03    4.2e-08
1750100      1.42e-01      4.49e-03    4.2e-08
1750200      1.56e-01      4.94e-03    4.2e-08
1750300      1.26e-01      3.98e-03    4.2e-08
1750400      1.55e-01      4.92e-03    4.2e-08
1750500      1.10e-01      3.46e-03    4.2e-08
1750600      1.30e-01      4.10e-03    4.2e-08
1750700      1.28e-01      4.06e-03    4.2e-08
1750800      1.27e-01      4.03e-03    4.2e-08
1750900      1.29e-01      4.07e-03    4.2e-08
1751000      1.15e-01      3.63e-03    4.2e-08
1751100      1.43e-01      4.52e-03    4.2e-08
1751200      1.27e-01      4.02e-03    4.2e-08
1751300      1.30e-01      4.12e-03    4.2e-08
1751400      1.11e-01      3.50e-03    4.2e-08
1751500      1.20e-01      3.78e-03    4.2e-08
1751600      1.45e-01      4.57e-03    4.2e-08
1751700      1.00e-01      3.17e-03    4.2e-08
1751800      1.27e-01      4.01e-03    4.2e-08
1751900      1.38e-01      4.38e-03    4.2e-08
1752000      1.36e-01      4.31e-03    4.2e-08
1752100      1.34e-01      4.25e-03    4.2e-08
1752200      1.37e-01      4.34e-03    4.2e-08
1752300      1.32e-01      4.17e-03    4.2e-08
1752400      1.06e-01      3.36e-03    4.2e-08
1752500      1.51e-01      4.79e-03    4.2e-08
1752600      1.20e-01      3.79e-03    4.2e-08
1752700      1.24e-01      3.92e-03    4.2e-08
1752800      1.36e-01      4.31e-03    4.2e-08
1752900      1.19e-01      3.76e-03    4.2e-08
1753000      1.10e-01      3.48e-03    4.2e-08
1753100      1.07e-01      3.39e-03    4.2e-08
1753200      1.34e-01      4.23e-03    4.2e-08
1753300      1.42e-01      4.48e-03    4.2e-08
1753400      1.09e-01      3.44e-03    4.2e-08
1753500      1.37e-01      4.33e-03    4.2e-08
1753600      1.31e-01      4.14e-03    4.2e-08
1753700      1.41e-01      4.47e-03    4.2e-08
1753800      1.06e-01      3.34e-03    4.2e-08
1753900      1.35e-01      4.28e-03    4.2e-08
1754000      1.38e-01      4.37e-03    4.2e-08
1754100      9.82e-02      3.11e-03    4.2e-08
1754200      1.52e-01      4.79e-03    4.2e-08
1754300      1.39e-01      4.40e-03    4.2e-08
1754400      1.33e-01      4.21e-03    4.2e-08
1754500      1.18e-01      3.73e-03    4.2e-08
1754600      1.43e-01      4.52e-03    4.2e-08
1754700      1.35e-01      4.27e-03    4.2e-08
1754800      1.42e-01      4.48e-03    4.2e-08
1754900      1.16e-01      3.66e-03    4.2e-08
1755000      1.46e-01      4.62e-03    4.1e-08
1755100      1.60e-01      5.06e-03    4.1e-08
1755200      1.39e-01      4.39e-03    4.1e-08
1755300      1.23e-01      3.89e-03    4.1e-08
1755400      1.33e-01      4.19e-03    4.1e-08
1755500      1.02e-01      3.21e-03    4.1e-08
1755600      1.40e-01      4.44e-03    4.1e-08
1755700      1.20e-01      3.79e-03    4.1e-08
1755800      1.50e-01      4.74e-03    4.1e-08
1755900      1.35e-01      4.27e-03    4.1e-08
1756000      1.37e-01      4.32e-03    4.1e-08
1756100      1.09e-01      3.45e-03    4.1e-08
1756200      1.01e-01      3.21e-03    4.1e-08
1756300      1.16e-01      3.68e-03    4.1e-08
1756400      1.19e-01      3.78e-03    4.1e-08
1756500      1.23e-01      3.88e-03    4.1e-08
1756600      1.34e-01      4.22e-03    4.1e-08
1756700      1.09e-01      3.46e-03    4.1e-08
1756800      1.11e-01      3.53e-03    4.1e-08
1756900      1.49e-01      4.71e-03    4.1e-08
1757000      1.18e-01      3.73e-03    4.1e-08
1757100      1.21e-01      3.82e-03    4.1e-08
1757200      1.19e-01      3.77e-03    4.1e-08
1757300      1.44e-01      4.56e-03    4.1e-08
1757400      1.56e-01      4.94e-03    4.1e-08
1757500      1.38e-01      4.37e-03    4.1e-08
1757600      1.49e-01      4.70e-03    4.1e-08
1757700      9.87e-02      3.12e-03    4.1e-08
1757800      1.18e-01      3.74e-03    4.1e-08
1757900      1.37e-01      4.32e-03    4.1e-08
1758000      1.26e-01      3.99e-03    4.1e-08
1758100      1.20e-01      3.79e-03    4.1e-08
1758200      1.67e-01      5.29e-03    4.1e-08
1758300      1.32e-01      4.16e-03    4.1e-08
1758400      1.35e-01      4.28e-03    4.1e-08
1758500      1.05e-01      3.32e-03    4.1e-08
1758600      1.13e-01      3.58e-03    4.1e-08
1758700      1.42e-01      4.50e-03    4.1e-08
1758800      1.40e-01      4.43e-03    4.1e-08
1758900      1.23e-01      3.89e-03    4.1e-08
1759000      1.01e-01      3.21e-03    4.1e-08
1759100      1.28e-01      4.05e-03    4.1e-08
1759200      1.46e-01      4.63e-03    4.1e-08
1759300      1.26e-01      3.98e-03    4.1e-08
1759400      1.11e-01      3.51e-03    4.1e-08
1759500      1.04e-01      3.29e-03    4.1e-08
1759600      1.40e-01      4.43e-03    4.1e-08
1759700      1.26e-01      3.99e-03    4.1e-08
1759800      1.62e-01      5.11e-03    4.1e-08
1759900      1.24e-01      3.93e-03    4.1e-08
1760000      1.54e-01      4.86e-03    4.0e-08
1760100      1.28e-01      4.06e-03    4.0e-08
1760200      1.20e-01      3.79e-03    4.0e-08
1760300      1.31e-01      4.13e-03    4.0e-08
1760400      1.33e-01      4.21e-03    4.0e-08
1760500      1.61e-01      5.09e-03    4.0e-08
1760600      1.51e-01      4.77e-03    4.0e-08
1760700      9.95e-02      3.15e-03    4.0e-08
1760800      1.26e-01      3.99e-03    4.0e-08
1760900      1.56e-01      4.92e-03    4.0e-08
1761000      1.55e-01      4.89e-03    4.0e-08
1761100      1.20e-01      3.80e-03    4.0e-08
1761200      1.11e-01      3.52e-03    4.0e-08
1761300      1.31e-01      4.16e-03    4.0e-08
1761400      1.47e-01      4.64e-03    4.0e-08
1761500      1.07e-01      3.37e-03    4.0e-08
1761600      1.33e-01      4.20e-03    4.0e-08
1761700      1.28e-01      4.04e-03    4.0e-08
1761800      9.68e-02      3.06e-03    4.0e-08
1761900      1.43e-01      4.53e-03    4.0e-08
1762000      1.46e-01      4.62e-03    4.0e-08
1762100      1.24e-01      3.92e-03    4.0e-08
1762200      1.51e-01      4.79e-03    4.0e-08
1762300      1.49e-01      4.71e-03    4.0e-08
1762400      1.52e-01      4.82e-03    4.0e-08
1762500      1.28e-01      4.06e-03    4.0e-08
1762600      1.51e-01      4.77e-03    4.0e-08
1762700      1.60e-01      5.05e-03    4.0e-08
1762800      1.21e-01      3.84e-03    4.0e-08
1762900      1.32e-01      4.18e-03    4.0e-08
1763000      1.39e-01      4.39e-03    4.0e-08
1763100      1.42e-01      4.48e-03    4.0e-08
1763200      1.45e-01      4.59e-03    4.0e-08
1763300      1.35e-01      4.26e-03    4.0e-08
1763400      1.51e-01      4.78e-03    4.0e-08
1763500      1.43e-01      4.51e-03    4.0e-08
1763600      1.23e-01      3.88e-03    4.0e-08
1763700      1.29e-01      4.09e-03    4.0e-08
1763800      1.53e-01      4.85e-03    4.0e-08
1763900      1.43e-01      4.51e-03    4.0e-08
1764000      1.07e-01      3.37e-03    4.0e-08
1764100      1.63e-01      5.14e-03    4.0e-08
1764200      1.52e-01      4.81e-03    4.0e-08
1764300      1.36e-01      4.30e-03    4.0e-08
1764400      1.45e-01      4.58e-03    4.0e-08
1764500      1.10e-01      3.47e-03    4.0e-08
1764600      1.36e-01      4.30e-03    4.0e-08
1764700      1.44e-01      4.55e-03    4.0e-08
1764800      1.26e-01      3.97e-03    4.0e-08
1764900      1.56e-01      4.93e-03    4.0e-08
1765000      1.38e-01      4.37e-03    3.9e-08
1765100      1.17e-01      3.69e-03    3.9e-08
1765200      1.20e-01      3.80e-03    3.9e-08
1765300      1.23e-01      3.89e-03    3.9e-08
1765400      1.20e-01      3.78e-03    3.9e-08
1765500      1.16e-01      3.68e-03    3.9e-08
1765600      1.26e-01      3.99e-03    3.9e-08
1765700      1.42e-01      4.49e-03    3.9e-08
1765800      1.13e-01      3.56e-03    3.9e-08
1765900      1.31e-01      4.15e-03    3.9e-08
1766000      1.40e-01      4.43e-03    3.9e-08
1766100      1.21e-01      3.83e-03    3.9e-08
1766200      1.53e-01      4.83e-03    3.9e-08
1766300      1.15e-01      3.64e-03    3.9e-08
1766400      1.15e-01      3.65e-03    3.9e-08
1766500      1.19e-01      3.78e-03    3.9e-08
1766600      1.34e-01      4.23e-03    3.9e-08
1766700      1.32e-01      4.19e-03    3.9e-08
1766800      1.30e-01      4.11e-03    3.9e-08
1766900      1.44e-01      4.56e-03    3.9e-08
1767000      1.11e-01      3.52e-03    3.9e-08
1767100      1.22e-01      3.86e-03    3.9e-08
1767200      1.30e-01      4.11e-03    3.9e-08
1767300      1.35e-01      4.26e-03    3.9e-08
1767400      1.39e-01      4.40e-03    3.9e-08
1767500      1.17e-01      3.71e-03    3.9e-08
1767600      1.33e-01      4.21e-03    3.9e-08
1767700      1.05e-01      3.30e-03    3.9e-08
1767800      1.27e-01      4.02e-03    3.9e-08
1767900      1.22e-01      3.87e-03    3.9e-08
1768000      1.44e-01      4.55e-03    3.9e-08
1768100      1.23e-01      3.88e-03    3.9e-08
1768200      1.41e-01      4.46e-03    3.9e-08
1768300      9.58e-02      3.03e-03    3.9e-08
1768400      1.17e-01      3.69e-03    3.9e-08
1768500      1.21e-01      3.81e-03    3.9e-08
1768600      1.53e-01      4.83e-03    3.9e-08
1768700      1.42e-01      4.50e-03    3.9e-08
1768800      1.25e-01      3.95e-03    3.9e-08
1768900      1.34e-01      4.23e-03    3.9e-08
1769000      1.42e-01      4.50e-03    3.9e-08
1769100      1.17e-01      3.71e-03    3.9e-08
1769200      1.32e-01      4.19e-03    3.9e-08
1769300      1.40e-01      4.43e-03    3.9e-08
1769400      1.45e-01      4.60e-03    3.9e-08
1769500      1.02e-01      3.22e-03    3.9e-08
1769600      1.50e-01      4.74e-03    3.9e-08
1769700      1.15e-01      3.65e-03    3.9e-08
1769800      1.04e-01      3.29e-03    3.9e-08
1769900      1.07e-01      3.39e-03    3.9e-08
1770000      1.35e-01      4.26e-03    3.8e-08
1770100      1.17e-01      3.69e-03    3.8e-08
1770200      1.13e-01      3.57e-03    3.8e-08
1770300      1.19e-01      3.76e-03    3.8e-08
1770400      1.37e-01      4.33e-03    3.8e-08
1770500      1.51e-01      4.76e-03    3.8e-08
1770600      1.38e-01      4.37e-03    3.8e-08
1770700      1.45e-01      4.60e-03    3.8e-08
1770800      1.27e-01      4.02e-03    3.8e-08
1770900      1.26e-01      4.00e-03    3.8e-08
1771000      1.45e-01      4.59e-03    3.8e-08
1771100      1.38e-01      4.37e-03    3.8e-08
1771200      1.31e-01      4.14e-03    3.8e-08
1771300      1.44e-01      4.55e-03    3.8e-08
1771400      1.20e-01      3.80e-03    3.8e-08
1771500      1.29e-01      4.07e-03    3.8e-08
1771600      1.09e-01      3.44e-03    3.8e-08
1771700      1.09e-01      3.44e-03    3.8e-08
1771800      1.19e-01      3.76e-03    3.8e-08
1771900      1.28e-01      4.05e-03    3.8e-08
1772000      1.21e-01      3.81e-03    3.8e-08
1772100      1.44e-01      4.57e-03    3.8e-08
1772200      1.36e-01      4.30e-03    3.8e-08
1772300      1.10e-01      3.46e-03    3.8e-08
1772400      1.44e-01      4.55e-03    3.8e-08
1772500      1.31e-01      4.15e-03    3.8e-08
1772600      1.23e-01      3.90e-03    3.8e-08
1772700      1.44e-01      4.57e-03    3.8e-08
1772800      1.02e-01      3.24e-03    3.8e-08
1772900      1.18e-01      3.72e-03    3.8e-08
1773000      9.85e-02      3.12e-03    3.8e-08
1773100      1.04e-01      3.28e-03    3.8e-08
1773200      1.51e-01      4.79e-03    3.8e-08
1773300      1.41e-01      4.47e-03    3.8e-08
1773400      1.14e-01      3.59e-03    3.8e-08
1773500      1.26e-01      4.00e-03    3.8e-08
1773600      1.19e-01      3.77e-03    3.8e-08
1773700      1.33e-01      4.20e-03    3.8e-08
1773800      1.27e-01      4.01e-03    3.8e-08
1773900      1.23e-01      3.88e-03    3.8e-08
1774000      1.43e-01      4.54e-03    3.8e-08
1774100      1.22e-01      3.86e-03    3.8e-08
1774200      1.49e-01      4.72e-03    3.8e-08
1774300      1.25e-01      3.97e-03    3.8e-08
1774400      1.28e-01      4.04e-03    3.8e-08
1774500      1.34e-01      4.25e-03    3.8e-08
1774600      1.36e-01      4.30e-03    3.8e-08
1774700      1.41e-01      4.47e-03    3.8e-08
1774800      1.09e-01      3.46e-03    3.8e-08
1774900      1.28e-01      4.04e-03    3.8e-08
1775000      1.40e-01      4.43e-03    3.7e-08
1775100      1.15e-01      3.64e-03    3.7e-08
1775200      1.28e-01      4.04e-03    3.7e-08
1775300      1.29e-01      4.09e-03    3.7e-08
1775400      1.20e-01      3.79e-03    3.7e-08
1775500      1.49e-01      4.70e-03    3.7e-08
1775600      1.10e-01      3.48e-03    3.7e-08
1775700      1.16e-01      3.67e-03    3.7e-08
1775800      1.35e-01      4.28e-03    3.7e-08
1775900      1.24e-01      3.92e-03    3.7e-08
1776000      1.43e-01      4.54e-03    3.7e-08
1776100      1.30e-01      4.11e-03    3.7e-08
1776200      1.15e-01      3.65e-03    3.7e-08
1776300      1.10e-01      3.46e-03    3.7e-08
1776400      1.47e-01      4.64e-03    3.7e-08
1776500      1.51e-01      4.77e-03    3.7e-08
1776600      1.42e-01      4.50e-03    3.7e-08
1776700      1.56e-01      4.94e-03    3.7e-08
1776800      1.08e-01      3.43e-03    3.7e-08
1776900      1.24e-01      3.91e-03    3.7e-08
1777000      9.27e-02      2.93e-03    3.7e-08
1777100      1.30e-01      4.11e-03    3.7e-08
1777200      1.38e-01      4.36e-03    3.7e-08
1777300      1.22e-01      3.87e-03    3.7e-08
1777400      1.46e-01      4.62e-03    3.7e-08
1777500      1.12e-01      3.56e-03    3.7e-08
1777600      1.23e-01      3.89e-03    3.7e-08
1777700      1.48e-01      4.67e-03    3.7e-08
1777800      1.42e-01      4.49e-03    3.7e-08
1777900      1.24e-01      3.93e-03    3.7e-08
1778000      1.05e-01      3.30e-03    3.7e-08
1778100      1.46e-01      4.63e-03    3.7e-08
1778200      1.54e-01      4.86e-03    3.7e-08
1778300      1.40e-01      4.43e-03    3.7e-08
1778400      1.16e-01      3.65e-03    3.7e-08
1778500      1.37e-01      4.32e-03    3.7e-08
1778600      1.45e-01      4.59e-03    3.7e-08
1778700      1.32e-01      4.19e-03    3.7e-08
1778800      1.43e-01      4.52e-03    3.7e-08
1778900      1.25e-01      3.96e-03    3.7e-08
1779000      1.07e-01      3.39e-03    3.7e-08
1779100      1.21e-01      3.82e-03    3.7e-08
1779200      1.29e-01      4.09e-03    3.7e-08
1779300      1.26e-01      3.99e-03    3.7e-08
1779400      1.24e-01      3.93e-03    3.7e-08
1779500      1.31e-01      4.14e-03    3.7e-08
1779600      1.48e-01      4.68e-03    3.7e-08
1779700      1.50e-01      4.75e-03    3.7e-08
1779800      1.13e-01      3.57e-03    3.7e-08
1779900      1.35e-01      4.27e-03    3.7e-08
1780000      1.36e-01      4.31e-03    3.5e-08
1780100      1.47e-01      4.65e-03    3.5e-08
1780200      1.35e-01      4.27e-03    3.5e-08
1780300      1.18e-01      3.74e-03    3.5e-08
1780400      1.18e-01      3.73e-03    3.5e-08
1780500      1.15e-01      3.64e-03    3.5e-08
1780600      1.24e-01      3.93e-03    3.5e-08
1780700      1.25e-01      3.95e-03    3.5e-08
1780800      1.39e-01      4.40e-03    3.5e-08
1780900      1.17e-01      3.69e-03    3.5e-08
1781000      1.43e-01      4.52e-03    3.5e-08
1781100      1.30e-01      4.12e-03    3.5e-08
1781200      1.36e-01      4.30e-03    3.5e-08
1781300      1.31e-01      4.16e-03    3.5e-08
1781400      1.47e-01      4.64e-03    3.5e-08
1781500      1.36e-01      4.31e-03    3.5e-08
1781600      1.42e-01      4.48e-03    3.5e-08
1781700      9.86e-02      3.12e-03    3.5e-08
1781800      1.38e-01      4.35e-03    3.5e-08
1781900      1.13e-01      3.57e-03    3.5e-08
1782000      1.11e-01      3.51e-03    3.5e-08
1782100      1.37e-01      4.35e-03    3.5e-08
1782200      1.24e-01      3.94e-03    3.5e-08
1782300      1.33e-01      4.22e-03    3.5e-08
1782400      1.35e-01      4.28e-03    3.5e-08
1782500      1.49e-01      4.72e-03    3.5e-08
1782600      1.41e-01      4.45e-03    3.5e-08
1782700      1.46e-01      4.62e-03    3.5e-08
1782800      1.04e-01      3.30e-03    3.5e-08
1782900      1.27e-01      4.01e-03    3.5e-08
1783000      1.38e-01      4.36e-03    3.5e-08
1783100      1.39e-01      4.40e-03    3.5e-08
1783200      1.11e-01      3.50e-03    3.5e-08
1783300      1.09e-01      3.44e-03    3.5e-08
1783400      1.43e-01      4.51e-03    3.5e-08
1783500      1.41e-01      4.44e-03    3.5e-08
1783600      1.51e-01      4.77e-03    3.5e-08
1783700      1.17e-01      3.71e-03    3.5e-08
1783800      1.44e-01      4.56e-03    3.5e-08
1783900      1.42e-01      4.48e-03    3.5e-08
1784000      1.32e-01      4.19e-03    3.5e-08
1784100      1.43e-01      4.53e-03    3.5e-08
1784200      1.45e-01      4.60e-03    3.5e-08
1784300      1.43e-01      4.53e-03    3.5e-08
1784400      1.46e-01      4.62e-03    3.5e-08
1784500      1.37e-01      4.34e-03    3.5e-08
1784600      1.51e-01      4.77e-03    3.5e-08
1784700      1.33e-01      4.22e-03    3.5e-08
1784800      1.50e-01      4.76e-03    3.5e-08
1784900      1.15e-01      3.63e-03    3.5e-08
1785000      1.54e-01      4.86e-03    3.4e-08
1785100      1.22e-01      3.85e-03    3.4e-08
1785200      1.02e-01      3.23e-03    3.4e-08
1785300      1.26e-01      3.99e-03    3.4e-08
1785400      1.31e-01      4.14e-03    3.4e-08
1785500      1.25e-01      3.97e-03    3.4e-08
1785600      1.07e-01      3.37e-03    3.4e-08
1785700      1.58e-01      5.00e-03    3.4e-08
1785800      1.16e-01      3.67e-03    3.4e-08
1785900      1.21e-01      3.82e-03    3.4e-08
1786000      1.05e-01      3.32e-03    3.4e-08
1786100      1.35e-01      4.25e-03    3.4e-08
1786200      1.26e-01      3.97e-03    3.4e-08
1786300      1.52e-01      4.79e-03    3.4e-08
1786400      9.40e-02      2.97e-03    3.4e-08
1786500      1.42e-01      4.50e-03    3.4e-08
1786600      1.32e-01      4.16e-03    3.4e-08
1786700      1.38e-01      4.37e-03    3.4e-08
1786800      1.53e-01      4.83e-03    3.4e-08
1786900      1.24e-01      3.92e-03    3.4e-08
1787000      1.38e-01      4.37e-03    3.4e-08
1787100      1.43e-01      4.53e-03    3.4e-08
1787200      1.16e-01      3.66e-03    3.4e-08
1787300      1.41e-01      4.47e-03    3.4e-08
1787400      1.35e-01      4.26e-03    3.4e-08
1787500      1.15e-01      3.63e-03    3.4e-08
1787600      1.31e-01      4.13e-03    3.4e-08
1787700      1.15e-01      3.64e-03    3.4e-08
1787800      1.04e-01      3.28e-03    3.4e-08
1787900      1.26e-01      3.98e-03    3.4e-08
1788000      1.08e-01      3.41e-03    3.4e-08
1788100      1.50e-01      4.75e-03    3.4e-08
1788200      1.37e-01      4.33e-03    3.4e-08
1788300      1.46e-01      4.62e-03    3.4e-08
1788400      1.53e-01      4.85e-03    3.4e-08
1788500      1.41e-01      4.45e-03    3.4e-08
1788600      1.28e-01      4.04e-03    3.4e-08
1788700      9.45e-02      2.99e-03    3.4e-08
1788800      1.40e-01      4.41e-03    3.4e-08
1788900      1.40e-01      4.43e-03    3.4e-08
1789000      1.19e-01      3.77e-03    3.4e-08
1789100      1.31e-01      4.14e-03    3.4e-08
1789200      1.45e-01      4.58e-03    3.4e-08
1789300      1.32e-01      4.19e-03    3.4e-08
1789400      9.64e-02      3.05e-03    3.4e-08
1789500      1.14e-01      3.62e-03    3.4e-08
1789600      1.41e-01      4.47e-03    3.4e-08
1789700      1.41e-01      4.46e-03    3.4e-08
1789800      1.50e-01      4.74e-03    3.4e-08
1789900      1.10e-01      3.47e-03    3.4e-08
1790000      1.56e-01      4.94e-03    3.3e-08
1790100      1.52e-01      4.80e-03    3.3e-08
1790200      1.30e-01      4.12e-03    3.3e-08
1790300      1.30e-01      4.12e-03    3.3e-08
1790400      1.47e-01      4.64e-03    3.3e-08
1790500      1.18e-01      3.75e-03    3.3e-08
1790600      1.27e-01      4.03e-03    3.3e-08
1790700      1.46e-01      4.61e-03    3.3e-08
1790800      1.13e-01      3.56e-03    3.3e-08
1790900      1.42e-01      4.50e-03    3.3e-08
1791000      1.50e-01      4.74e-03    3.3e-08
1791100      1.32e-01      4.19e-03    3.3e-08
1791200      1.26e-01      3.99e-03    3.3e-08
1791300      1.08e-01      3.43e-03    3.3e-08
1791400      1.44e-01      4.56e-03    3.3e-08
1791500      1.28e-01      4.04e-03    3.3e-08
1791600      1.14e-01      3.61e-03    3.3e-08
1791700      1.39e-01      4.40e-03    3.3e-08
1791800      1.41e-01      4.47e-03    3.3e-08
1791900      1.04e-01      3.28e-03    3.3e-08
1792000      1.15e-01      3.63e-03    3.3e-08
1792100      1.04e-01      3.29e-03    3.3e-08
1792200      1.49e-01      4.71e-03    3.3e-08
1792300      1.49e-01      4.70e-03    3.3e-08
1792400      1.27e-01      4.02e-03    3.3e-08
1792500      1.58e-01      5.00e-03    3.3e-08
1792600      1.32e-01      4.16e-03    3.3e-08
1792700      1.28e-01      4.04e-03    3.3e-08
1792800      1.27e-01      4.03e-03    3.3e-08
1792900      1.60e-01      5.05e-03    3.3e-08
1793000      1.45e-01      4.60e-03    3.3e-08
1793100      1.04e-01      3.29e-03    3.3e-08
1793200      1.35e-01      4.27e-03    3.3e-08
1793300      1.05e-01      3.31e-03    3.3e-08
1793400      1.64e-01      5.19e-03    3.3e-08
1793500      1.32e-01      4.19e-03    3.3e-08
1793600      1.22e-01      3.87e-03    3.3e-08
1793700      1.27e-01      4.01e-03    3.3e-08
1793800      9.93e-02      3.14e-03    3.3e-08
1793900      1.16e-01      3.67e-03    3.3e-08
1794000      1.40e-01      4.43e-03    3.3e-08
1794100      1.55e-01      4.90e-03    3.3e-08
1794200      1.49e-01      4.71e-03    3.3e-08
1794300      1.11e-01      3.52e-03    3.3e-08
1794400      1.32e-01      4.16e-03    3.3e-08
1794500      1.32e-01      4.17e-03    3.3e-08
1794600      1.24e-01      3.93e-03    3.3e-08
1794700      1.09e-01      3.44e-03    3.3e-08
1794800      1.33e-01      4.21e-03    3.3e-08
1794900      1.22e-01      3.87e-03    3.3e-08
1795000      1.33e-01      4.21e-03    3.3e-08
1795100      1.49e-01      4.70e-03    3.3e-08
1795200      1.48e-01      4.67e-03    3.3e-08
1795300      1.31e-01      4.16e-03    3.3e-08
1795400      1.07e-01      3.38e-03    3.3e-08
1795500      1.44e-01      4.56e-03    3.3e-08
1795600      1.52e-01      4.80e-03    3.3e-08
1795700      1.57e-01      4.96e-03    3.3e-08
1795800      1.16e-01      3.67e-03    3.3e-08
1795900      1.26e-01      3.98e-03    3.3e-08
1796000      1.13e-01      3.59e-03    3.3e-08
1796100      1.20e-01      3.80e-03    3.3e-08
1796200      1.15e-01      3.65e-03    3.3e-08
1796300      1.37e-01      4.33e-03    3.3e-08
1796400      1.18e-01      3.74e-03    3.3e-08
1796500      1.10e-01      3.47e-03    3.3e-08
1796600      1.40e-01      4.44e-03    3.3e-08
1796700      1.45e-01      4.57e-03    3.3e-08
1796800      1.24e-01      3.93e-03    3.3e-08
1796900      1.14e-01      3.61e-03    3.3e-08
1797000      1.16e-01      3.67e-03    3.3e-08
1797100      1.11e-01      3.52e-03    3.3e-08
1797200      1.49e-01      4.72e-03    3.3e-08
1797300      1.18e-01      3.73e-03    3.3e-08
1797400      1.21e-01      3.84e-03    3.3e-08
1797500      1.42e-01      4.50e-03    3.3e-08
1797600      1.06e-01      3.35e-03    3.3e-08
1797700      1.17e-01      3.71e-03    3.3e-08
1797800      1.56e-01      4.94e-03    3.3e-08
1797900      1.18e-01      3.72e-03    3.3e-08
1798000      1.31e-01      4.13e-03    3.3e-08
1798100      1.43e-01      4.53e-03    3.3e-08
1798200      1.30e-01      4.11e-03    3.3e-08
1798300      1.55e-01      4.90e-03    3.3e-08
1798400      1.46e-01      4.60e-03    3.3e-08
1798500      1.48e-01      4.68e-03    3.3e-08
1798600      1.39e-01      4.41e-03    3.3e-08
1798700      1.02e-01      3.22e-03    3.3e-08
1798800      1.32e-01      4.16e-03    3.3e-08
1798900      1.45e-01      4.60e-03    3.3e-08
1799000      1.51e-01      4.77e-03    3.3e-08
1799100      1.36e-01      4.30e-03    3.3e-08
1799200      1.39e-01      4.39e-03    3.3e-08
1799300      1.11e-01      3.51e-03    3.3e-08
1799400      1.06e-01      3.34e-03    3.3e-08
1799500      1.31e-01      4.13e-03    3.3e-08
1799600      1.33e-01      4.21e-03    3.3e-08
1799700      1.37e-01      4.33e-03    3.3e-08
1799800      1.33e-01      4.21e-03    3.3e-08
1799900      1.05e-01      3.32e-03    3.3e-08
1800000      1.42e-01      4.51e-03    3.2e-08
1800100      1.36e-01      4.31e-03    3.2e-08
1800200      1.35e-01      4.28e-03    3.2e-08
1800300      1.41e-01      4.46e-03    3.2e-08
1800400      9.97e-02      3.15e-03    3.2e-08
1800500      9.91e-02      3.14e-03    3.2e-08
1800600      1.13e-01      3.57e-03    3.2e-08
1800700      1.42e-01      4.49e-03    3.2e-08
1800800      1.20e-01      3.79e-03    3.2e-08
1800900      1.25e-01      3.96e-03    3.2e-08
1801000      1.40e-01      4.44e-03    3.2e-08
1801100      1.27e-01      4.02e-03    3.2e-08
1801200      1.36e-01      4.29e-03    3.2e-08
1801300      1.39e-01      4.41e-03    3.2e-08
1801400      1.07e-01      3.40e-03    3.2e-08
1801500      1.16e-01      3.65e-03    3.2e-08
1801600      1.34e-01      4.24e-03    3.2e-08
1801700      1.27e-01      4.02e-03    3.2e-08
1801800      1.08e-01      3.41e-03    3.2e-08
1801900      1.47e-01      4.66e-03    3.2e-08
1802000      1.38e-01      4.37e-03    3.2e-08
1802100      1.19e-01      3.75e-03    3.2e-08
1802200      1.41e-01      4.47e-03    3.2e-08
1802300      1.31e-01      4.13e-03    3.2e-08
1802400      1.39e-01      4.40e-03    3.2e-08
1802500      1.54e-01      4.86e-03    3.2e-08
1802600      1.50e-01      4.75e-03    3.2e-08
1802700      1.15e-01      3.64e-03    3.2e-08
1802800      1.17e-01      3.69e-03    3.2e-08
1802900      1.42e-01      4.50e-03    3.2e-08
1803000      1.18e-01      3.75e-03    3.2e-08
1803100      1.29e-01      4.07e-03    3.2e-08
1803200      1.33e-01      4.20e-03    3.2e-08
1803300      1.19e-01      3.77e-03    3.2e-08
1803400      1.29e-01      4.09e-03    3.2e-08
1803500      1.49e-01      4.70e-03    3.2e-08
1803600      1.43e-01      4.53e-03    3.2e-08
1803700      1.16e-01      3.67e-03    3.2e-08
1803800      1.41e-01      4.45e-03    3.2e-08
1803900      1.23e-01      3.88e-03    3.2e-08
1804000      1.14e-01      3.61e-03    3.2e-08
1804100      1.51e-01      4.77e-03    3.2e-08
1804200      1.15e-01      3.65e-03    3.2e-08
1804300      1.25e-01      3.95e-03    3.2e-08
1804400      1.52e-01      4.81e-03    3.2e-08
1804500      1.44e-01      4.56e-03    3.2e-08
1804600      1.42e-01      4.48e-03    3.2e-08
1804700      1.43e-01      4.51e-03    3.2e-08
1804800      1.15e-01      3.64e-03    3.2e-08
1804900      1.35e-01      4.26e-03    3.2e-08
1805000      1.36e-01      4.29e-03    3.1e-08
1805100      1.46e-01      4.63e-03    3.1e-08
1805200      1.45e-01      4.57e-03    3.1e-08
1805300      1.24e-01      3.92e-03    3.1e-08
1805400      1.36e-01      4.29e-03    3.1e-08
1805500      1.57e-01      4.97e-03    3.1e-08
1805600      1.13e-01      3.56e-03    3.1e-08
1805700      1.53e-01      4.83e-03    3.1e-08
1805800      1.46e-01      4.61e-03    3.1e-08
1805900      1.29e-01      4.09e-03    3.1e-08
1806000      1.30e-01      4.11e-03    3.1e-08
1806100      1.07e-01      3.37e-03    3.1e-08
1806200      1.47e-01      4.66e-03    3.1e-08
1806300      1.40e-01      4.43e-03    3.1e-08
1806400      1.45e-01      4.59e-03    3.1e-08
1806500      1.39e-01      4.41e-03    3.1e-08
1806600      1.19e-01      3.75e-03    3.1e-08
1806700      1.12e-01      3.54e-03    3.1e-08
1806800      1.15e-01      3.62e-03    3.1e-08
1806900      1.05e-01      3.31e-03    3.1e-08
1807000      1.58e-01      4.98e-03    3.1e-08
1807100      1.07e-01      3.38e-03    3.1e-08
1807200      1.24e-01      3.91e-03    3.1e-08
1807300      1.31e-01      4.13e-03    3.1e-08
1807400      1.15e-01      3.63e-03    3.1e-08
1807500      1.23e-01      3.90e-03    3.1e-08
1807600      1.41e-01      4.47e-03    3.1e-08
1807700      1.16e-01      3.67e-03    3.1e-08
1807800      1.42e-01      4.50e-03    3.1e-08
1807900      1.33e-01      4.19e-03    3.1e-08
1808000      1.33e-01      4.19e-03    3.1e-08
1808100      1.02e-01      3.24e-03    3.1e-08
1808200      1.52e-01      4.79e-03    3.1e-08
1808300      1.17e-01      3.71e-03    3.1e-08
1808400      1.48e-01      4.67e-03    3.1e-08
1808500      1.36e-01      4.31e-03    3.1e-08
1808600      1.15e-01      3.65e-03    3.1e-08
1808700      1.34e-01      4.24e-03    3.1e-08
1808800      1.53e-01      4.83e-03    3.1e-08
1808900      9.40e-02      2.97e-03    3.1e-08
1809000      1.38e-01      4.35e-03    3.1e-08
1809100      1.38e-01      4.35e-03    3.1e-08
1809200      1.41e-01      4.46e-03    3.1e-08
1809300      1.33e-01      4.20e-03    3.1e-08
1809400      1.01e-01      3.21e-03    3.1e-08
1809500      1.29e-01      4.09e-03    3.1e-08
1809600      1.30e-01      4.12e-03    3.1e-08
1809700      1.41e-01      4.46e-03    3.1e-08
1809800      1.48e-01      4.69e-03    3.1e-08
1809900      1.14e-01      3.61e-03    3.1e-08
1810000      1.37e-01      4.33e-03    3.0e-08
1810100      1.29e-01      4.09e-03    3.0e-08
1810200      1.22e-01      3.87e-03    3.0e-08
1810300      1.18e-01      3.72e-03    3.0e-08
1810400      1.13e-01      3.58e-03    3.0e-08
1810500      1.32e-01      4.18e-03    3.0e-08
1810600      1.31e-01      4.14e-03    3.0e-08
1810700      1.30e-01      4.12e-03    3.0e-08
1810800      1.39e-01      4.40e-03    3.0e-08
1810900      1.09e-01      3.44e-03    3.0e-08
1811000      1.40e-01      4.43e-03    3.0e-08
1811100      1.05e-01      3.32e-03    3.0e-08
1811200      1.04e-01      3.28e-03    3.0e-08
1811300      1.41e-01      4.46e-03    3.0e-08
1811400      1.09e-01      3.46e-03    3.0e-08
1811500      1.42e-01      4.50e-03    3.0e-08
1811600      1.35e-01      4.28e-03    3.0e-08
1811700      1.47e-01      4.64e-03    3.0e-08
1811800      1.45e-01      4.59e-03    3.0e-08
1811900      1.19e-01      3.78e-03    3.0e-08
1812000      1.40e-01      4.44e-03    3.0e-08
1812100      1.23e-01      3.88e-03    3.0e-08
1812200      1.32e-01      4.19e-03    3.0e-08
1812300      9.97e-02      3.15e-03    3.0e-08
1812400      1.21e-01      3.84e-03    3.0e-08
1812500      1.36e-01      4.29e-03    3.0e-08
1812600      1.37e-01      4.32e-03    3.0e-08
1812700      1.42e-01      4.49e-03    3.0e-08
1812800      1.03e-01      3.25e-03    3.0e-08
1812900      1.40e-01      4.43e-03    3.0e-08
1813000      1.22e-01      3.85e-03    3.0e-08
1813100      1.31e-01      4.14e-03    3.0e-08
1813200      1.32e-01      4.17e-03    3.0e-08
1813300      1.47e-01      4.64e-03    3.0e-08
1813400      1.37e-01      4.34e-03    3.0e-08
1813500      1.14e-01      3.61e-03    3.0e-08
1813600      1.44e-01      4.56e-03    3.0e-08
1813700      1.16e-01      3.67e-03    3.0e-08
1813800      1.15e-01      3.62e-03    3.0e-08
1813900      1.27e-01      4.01e-03    3.0e-08
1814000      1.43e-01      4.51e-03    3.0e-08
1814100      1.19e-01      3.76e-03    3.0e-08
1814200      1.13e-01      3.58e-03    3.0e-08
1814300      1.17e-01      3.70e-03    3.0e-08
1814400      1.62e-01      5.12e-03    3.0e-08
1814500      1.46e-01      4.63e-03    3.0e-08
1814600      1.28e-01      4.05e-03    3.0e-08
1814700      1.37e-01      4.34e-03    3.0e-08
1814800      1.34e-01      4.25e-03    3.0e-08
1814900      1.16e-01      3.67e-03    3.0e-08
1815000      1.41e-01      4.44e-03    2.9e-08
1815100      1.51e-01      4.76e-03    2.9e-08
1815200      1.51e-01      4.78e-03    2.9e-08
1815300      1.34e-01      4.24e-03    2.9e-08
1815400      1.10e-01      3.47e-03    2.9e-08
1815500      1.37e-01      4.33e-03    2.9e-08
1815600      1.49e-01      4.71e-03    2.9e-08
1815700      1.38e-01      4.36e-03    2.9e-08
1815800      1.34e-01      4.22e-03    2.9e-08
1815900      8.46e-02      2.68e-03    2.9e-08
1816000      1.44e-01      4.54e-03    2.9e-08
1816100      1.37e-01      4.32e-03    2.9e-08
1816200      1.39e-01      4.40e-03    2.9e-08
1816300      1.39e-01      4.38e-03    2.9e-08
1816400      1.31e-01      4.15e-03    2.9e-08
1816500      1.37e-01      4.34e-03    2.9e-08
1816600      1.34e-01      4.23e-03    2.9e-08
1816700      9.91e-02      3.13e-03    2.9e-08
1816800      1.45e-01      4.57e-03    2.9e-08
1816900      1.45e-01      4.59e-03    2.9e-08
1817000      1.30e-01      4.12e-03    2.9e-08
1817100      1.36e-01      4.30e-03    2.9e-08
1817200      1.20e-01      3.78e-03    2.9e-08
1817300      1.25e-01      3.94e-03    2.9e-08
1817400      1.50e-01      4.74e-03    2.9e-08
1817500      1.25e-01      3.97e-03    2.9e-08
1817600      1.24e-01      3.93e-03    2.9e-08
1817700      1.30e-01      4.11e-03    2.9e-08
1817800      1.19e-01      3.78e-03    2.9e-08
1817900      1.38e-01      4.35e-03    2.9e-08
1818000      1.14e-01      3.59e-03    2.9e-08
1818100      1.43e-01      4.51e-03    2.9e-08
1818200      1.18e-01      3.73e-03    2.9e-08
1818300      1.45e-01      4.57e-03    2.9e-08
1818400      1.10e-01      3.49e-03    2.9e-08
1818500      1.51e-01      4.77e-03    2.9e-08
1818600      1.22e-01      3.85e-03    2.9e-08
1818700      1.33e-01      4.22e-03    2.9e-08
1818800      1.43e-01      4.52e-03    2.9e-08
1818900      1.19e-01      3.78e-03    2.9e-08
1819000      1.51e-01      4.76e-03    2.9e-08
1819100      1.19e-01      3.77e-03    2.9e-08
1819200      1.37e-01      4.33e-03    2.9e-08
1819300      1.14e-01      3.59e-03    2.9e-08
1819400      1.47e-01      4.65e-03    2.9e-08
1819500      1.20e-01      3.80e-03    2.9e-08
1819600      1.35e-01      4.28e-03    2.9e-08
1819700      1.44e-01      4.57e-03    2.9e-08
1819800      1.41e-01      4.46e-03    2.9e-08
1819900      1.52e-01      4.81e-03    2.9e-08
1820000      1.20e-01      3.79e-03    2.8e-08
1820100      1.16e-01      3.65e-03    2.8e-08
1820200      1.41e-01      4.47e-03    2.8e-08
1820300      1.17e-01      3.68e-03    2.8e-08
1820400      1.26e-01      3.98e-03    2.8e-08
1820500      1.31e-01      4.13e-03    2.8e-08
1820600      1.12e-01      3.55e-03    2.8e-08
1820700      1.26e-01      3.99e-03    2.8e-08
1820800      1.08e-01      3.40e-03    2.8e-08
1820900      1.47e-01      4.64e-03    2.8e-08
1821000      1.12e-01      3.54e-03    2.8e-08
1821100      1.10e-01      3.49e-03    2.8e-08
1821200      1.44e-01      4.56e-03    2.8e-08
1821300      1.12e-01      3.54e-03    2.8e-08
1821400      1.49e-01      4.70e-03    2.8e-08
1821500      1.34e-01      4.25e-03    2.8e-08
1821600      1.48e-01      4.67e-03    2.8e-08
1821700      1.31e-01      4.16e-03    2.8e-08
1821800      9.58e-02      3.03e-03    2.8e-08
1821900      1.22e-01      3.86e-03    2.8e-08
1822000      1.28e-01      4.04e-03    2.8e-08
1822100      1.47e-01      4.64e-03    2.8e-08
1822200      1.48e-01      4.69e-03    2.8e-08
1822300      1.18e-01      3.74e-03    2.8e-08
1822400      1.45e-01      4.60e-03    2.8e-08
1822500      1.23e-01      3.90e-03    2.8e-08
1822600      1.27e-01      4.01e-03    2.8e-08
1822700      1.06e-01      3.35e-03    2.8e-08
1822800      1.42e-01      4.48e-03    2.8e-08
1822900      1.26e-01      3.99e-03    2.8e-08
1823000      1.38e-01      4.35e-03    2.8e-08
1823100      1.44e-01      4.56e-03    2.8e-08
1823200      1.05e-01      3.31e-03    2.8e-08
1823300      1.15e-01      3.65e-03    2.8e-08
1823400      1.21e-01      3.81e-03    2.8e-08
1823500      1.36e-01      4.30e-03    2.8e-08
1823600      1.11e-01      3.51e-03    2.8e-08
1823700      1.25e-01      3.97e-03    2.8e-08
1823800      1.29e-01      4.09e-03    2.8e-08
1823900      1.25e-01      3.95e-03    2.8e-08
1824000      1.36e-01      4.29e-03    2.8e-08
1824100      1.37e-01      4.32e-03    2.8e-08
1824200      1.04e-01      3.29e-03    2.8e-08
1824300      1.22e-01      3.87e-03    2.8e-08
1824400      1.37e-01      4.32e-03    2.8e-08
1824500      1.36e-01      4.31e-03    2.8e-08
1824600      1.40e-01      4.43e-03    2.8e-08
1824700      1.52e-01      4.80e-03    2.8e-08
1824800      1.51e-01      4.77e-03    2.8e-08
1824900      1.49e-01      4.72e-03    2.8e-08
1825000      1.46e-01      4.61e-03    2.7e-08
1825100      1.38e-01      4.37e-03    2.7e-08
1825200      1.20e-01      3.79e-03    2.7e-08
1825300      1.41e-01      4.45e-03    2.7e-08
1825400      1.22e-01      3.87e-03    2.7e-08
1825500      9.18e-02      2.90e-03    2.7e-08
1825600      1.41e-01      4.46e-03    2.7e-08
1825700      1.34e-01      4.23e-03    2.7e-08
1825800      1.04e-01      3.28e-03    2.7e-08
1825900      1.11e-01      3.51e-03    2.7e-08
1826000      1.01e-01      3.19e-03    2.7e-08
1826100      1.48e-01      4.68e-03    2.7e-08
1826200      1.49e-01      4.71e-03    2.7e-08
1826300      1.06e-01      3.36e-03    2.7e-08
1826400      1.30e-01      4.11e-03    2.7e-08
1826500      1.25e-01      3.94e-03    2.7e-08
1826600      1.11e-01      3.51e-03    2.7e-08
1826700      1.35e-01      4.26e-03    2.7e-08
1826800      1.45e-01      4.57e-03    2.7e-08
1826900      1.31e-01      4.14e-03    2.7e-08
1827000      1.18e-01      3.72e-03    2.7e-08
1827100      1.51e-01      4.77e-03    2.7e-08
1827200      1.51e-01      4.78e-03    2.7e-08
1827300      1.58e-01      4.98e-03    2.7e-08
1827400      1.12e-01      3.54e-03    2.7e-08
1827500      1.32e-01      4.17e-03    2.7e-08
1827600      1.41e-01      4.47e-03    2.7e-08
1827700      1.38e-01      4.37e-03    2.7e-08
1827800      1.05e-01      3.31e-03    2.7e-08
1827900      1.31e-01      4.13e-03    2.7e-08
1828000      1.19e-01      3.75e-03    2.7e-08
1828100      1.41e-01      4.46e-03    2.7e-08
1828200      1.24e-01      3.92e-03    2.7e-08
1828300      1.37e-01      4.32e-03    2.7e-08
1828400      1.08e-01      3.43e-03    2.7e-08
1828500      1.34e-01      4.25e-03    2.7e-08
1828600      1.39e-01      4.39e-03    2.7e-08
1828700      1.39e-01      4.40e-03    2.7e-08
1828800      1.37e-01      4.33e-03    2.7e-08
1828900      1.01e-01      3.19e-03    2.7e-08
1829000      1.30e-01      4.10e-03    2.7e-08
1829100      1.37e-01      4.32e-03    2.7e-08
1829200      1.01e-01      3.19e-03    2.7e-08
1829300      1.25e-01      3.96e-03    2.7e-08
1829400      1.03e-01      3.25e-03    2.7e-08
1829500      1.54e-01      4.87e-03    2.7e-08
1829600      1.18e-01      3.72e-03    2.7e-08
1829700      1.23e-01      3.88e-03    2.7e-08
1829800      1.26e-01      3.99e-03    2.7e-08
1829900      1.11e-01      3.51e-03    2.7e-08
1830000      1.06e-01      3.35e-03    2.7e-08
1830100      1.45e-01      4.58e-03    2.7e-08
1830200      1.20e-01      3.80e-03    2.7e-08
1830300      1.25e-01      3.97e-03    2.7e-08
1830400      1.30e-01      4.12e-03    2.7e-08
1830500      1.05e-01      3.31e-03    2.7e-08
1830600      1.51e-01      4.77e-03    2.7e-08
1830700      1.30e-01      4.12e-03    2.7e-08
1830800      1.47e-01      4.65e-03    2.7e-08
1830900      1.29e-01      4.08e-03    2.7e-08
1831000      1.23e-01      3.88e-03    2.7e-08
1831100      1.53e-01      4.83e-03    2.7e-08
1831200      1.38e-01      4.37e-03    2.7e-08
1831300      1.29e-01      4.09e-03    2.7e-08
1831400      1.15e-01      3.65e-03    2.7e-08
1831500      1.41e-01      4.46e-03    2.7e-08
1831600      1.44e-01      4.55e-03    2.7e-08
1831700      1.35e-01      4.28e-03    2.7e-08
1831800      1.34e-01      4.25e-03    2.7e-08
1831900      1.09e-01      3.44e-03    2.7e-08
1832000      1.32e-01      4.17e-03    2.7e-08
1832100      1.13e-01      3.57e-03    2.7e-08
1832200      1.30e-01      4.11e-03    2.7e-08
1832300      1.33e-01      4.21e-03    2.7e-08
1832400      1.07e-01      3.39e-03    2.7e-08
1832500      9.92e-02      3.14e-03    2.7e-08
1832600      1.23e-01      3.88e-03    2.7e-08
1832700      1.40e-01      4.41e-03    2.7e-08
1832800      1.15e-01      3.65e-03    2.7e-08
1832900      1.24e-01      3.93e-03    2.7e-08
1833000      1.13e-01      3.58e-03    2.7e-08
1833100      1.18e-01      3.73e-03    2.7e-08
1833200      1.44e-01      4.55e-03    2.7e-08
1833300      1.29e-01      4.09e-03    2.7e-08
1833400      1.32e-01      4.16e-03    2.7e-08
1833500      1.18e-01      3.74e-03    2.7e-08
1833600      1.27e-01      4.00e-03    2.7e-08
1833700      1.16e-01      3.67e-03    2.7e-08
1833800      1.33e-01      4.21e-03    2.7e-08
1833900      1.51e-01      4.77e-03    2.7e-08
1834000      1.26e-01      4.00e-03    2.7e-08
1834100      1.45e-01      4.59e-03    2.7e-08
1834200      1.09e-01      3.44e-03    2.7e-08
1834300      1.14e-01      3.59e-03    2.7e-08
1834400      1.33e-01      4.21e-03    2.7e-08
1834500      1.38e-01      4.37e-03    2.7e-08
1834600      1.31e-01      4.16e-03    2.7e-08
1834700      1.33e-01      4.20e-03    2.7e-08
1834800      1.46e-01      4.60e-03    2.7e-08
1834900      1.29e-01      4.09e-03    2.7e-08
1835000      1.01e-01      3.19e-03    2.6e-08
1835100      1.45e-01      4.58e-03    2.6e-08
1835200      1.41e-01      4.47e-03    2.6e-08
1835300      1.43e-01      4.51e-03    2.6e-08
1835400      1.32e-01      4.16e-03    2.6e-08
1835500      1.50e-01      4.74e-03    2.6e-08
1835600      1.33e-01      4.19e-03    2.6e-08
1835700      1.42e-01      4.48e-03    2.6e-08
1835800      1.37e-01      4.32e-03    2.6e-08
1835900      1.39e-01      4.40e-03    2.6e-08
1836000      1.26e-01      3.98e-03    2.6e-08
1836100      1.26e-01      3.98e-03    2.6e-08
1836200      1.09e-01      3.44e-03    2.6e-08
1836300      1.47e-01      4.66e-03    2.6e-08
1836400      1.49e-01      4.70e-03    2.6e-08
1836500      1.35e-01      4.28e-03    2.6e-08
1836600      1.49e-01      4.70e-03    2.6e-08
1836700      1.51e-01      4.76e-03    2.6e-08
1836800      1.36e-01      4.31e-03    2.6e-08
1836900      1.15e-01      3.63e-03    2.6e-08
1837000      1.27e-01      4.03e-03    2.6e-08
1837100      1.41e-01      4.45e-03    2.6e-08
1837200      1.31e-01      4.15e-03    2.6e-08
1837300      1.30e-01      4.10e-03    2.6e-08
1837400      1.32e-01      4.17e-03    2.6e-08
1837500      1.33e-01      4.22e-03    2.6e-08
1837600      1.35e-01      4.28e-03    2.6e-08
1837700      1.17e-01      3.71e-03    2.6e-08
1837800      1.05e-01      3.30e-03    2.6e-08
1837900      1.47e-01      4.65e-03    2.6e-08
1838000      1.19e-01      3.77e-03    2.6e-08
1838100      1.32e-01      4.16e-03    2.6e-08
1838200      1.39e-01      4.40e-03    2.6e-08
1838300      1.42e-01      4.50e-03    2.6e-08
1838400      1.43e-01      4.54e-03    2.6e-08
1838500      1.42e-01      4.50e-03    2.6e-08
1838600      1.12e-01      3.55e-03    2.6e-08
1838700      9.95e-02      3.15e-03    2.6e-08
1838800      1.32e-01      4.19e-03    2.6e-08
1838900      1.34e-01      4.23e-03    2.6e-08
1839000      1.44e-01      4.55e-03    2.6e-08
1839100      1.08e-01      3.42e-03    2.6e-08
1839200      1.45e-01      4.59e-03    2.6e-08
1839300      1.50e-01      4.74e-03    2.6e-08
1839400      1.30e-01      4.11e-03    2.6e-08
1839500      1.42e-01      4.50e-03    2.6e-08
1839600      1.14e-01      3.60e-03    2.6e-08
1839700      1.31e-01      4.15e-03    2.6e-08
1839800      1.31e-01      4.15e-03    2.6e-08
1839900      1.11e-01      3.50e-03    2.6e-08
1840000      1.23e-01      3.88e-03    2.5e-08
1840100      1.20e-01      3.79e-03    2.5e-08
1840200      1.35e-01      4.26e-03    2.5e-08
1840300      1.18e-01      3.73e-03    2.5e-08
1840400      1.10e-01      3.47e-03    2.5e-08
1840500      1.32e-01      4.18e-03    2.5e-08
1840600      1.21e-01      3.84e-03    2.5e-08
1840700      1.12e-01      3.55e-03    2.5e-08
1840800      1.29e-01      4.08e-03    2.5e-08
1840900      1.50e-01      4.74e-03    2.5e-08
1841000      1.10e-01      3.48e-03    2.5e-08
1841100      1.42e-01      4.48e-03    2.5e-08
1841200      1.43e-01      4.51e-03    2.5e-08
1841300      1.40e-01      4.43e-03    2.5e-08
1841400      1.28e-01      4.06e-03    2.5e-08
1841500      1.19e-01      3.78e-03    2.5e-08
1841600      1.51e-01      4.76e-03    2.5e-08
1841700      1.37e-01      4.32e-03    2.5e-08
1841800      1.15e-01      3.64e-03    2.5e-08
1841900      1.24e-01      3.93e-03    2.5e-08
1842000      1.25e-01      3.97e-03    2.5e-08
1842100      1.29e-01      4.09e-03    2.5e-08
1842200      1.30e-01      4.10e-03    2.5e-08
1842300      1.52e-01      4.81e-03    2.5e-08
1842400      1.27e-01      4.03e-03    2.5e-08
1842500      1.22e-01      3.85e-03    2.5e-08
1842600      1.08e-01      3.43e-03    2.5e-08
1842700      1.14e-01      3.61e-03    2.5e-08
1842800      1.48e-01      4.67e-03    2.5e-08
1842900      1.24e-01      3.93e-03    2.5e-08
1843000      1.16e-01      3.67e-03    2.5e-08
1843100      1.26e-01      4.00e-03    2.5e-08
1843200      1.30e-01      4.12e-03    2.5e-08
1843300      1.07e-01      3.40e-03    2.5e-08
1843400      1.08e-01      3.43e-03    2.5e-08
1843500      1.45e-01      4.58e-03    2.5e-08
1843600      1.42e-01      4.49e-03    2.5e-08
1843700      1.17e-01      3.69e-03    2.5e-08
1843800      1.29e-01      4.09e-03    2.5e-08
1843900      1.48e-01      4.68e-03    2.5e-08
1844000      1.31e-01      4.13e-03    2.5e-08
1844100      9.78e-02      3.09e-03    2.5e-08
1844200      1.44e-01      4.57e-03    2.5e-08
1844300      1.35e-01      4.27e-03    2.5e-08
1844400      1.11e-01      3.52e-03    2.5e-08
1844500      1.32e-01      4.19e-03    2.5e-08
1844600      1.30e-01      4.11e-03    2.5e-08
1844700      1.30e-01      4.11e-03    2.5e-08
1844800      1.36e-01      4.29e-03    2.5e-08
1844900      1.37e-01      4.32e-03    2.5e-08
1845000      1.13e-01      3.56e-03    2.4e-08
1845100      1.24e-01      3.91e-03    2.4e-08
1845200      1.62e-01      5.11e-03    2.4e-08
1845300      1.39e-01      4.39e-03    2.4e-08
1845400      1.47e-01      4.66e-03    2.4e-08
1845500      1.31e-01      4.15e-03    2.4e-08
1845600      1.41e-01      4.47e-03    2.4e-08
1845700      1.22e-01      3.84e-03    2.4e-08
1845800      1.46e-01      4.60e-03    2.4e-08
1845900      1.38e-01      4.37e-03    2.4e-08
1846000      1.37e-01      4.35e-03    2.4e-08
1846100      1.22e-01      3.85e-03    2.4e-08
1846200      1.47e-01      4.66e-03    2.4e-08
1846300      1.21e-01      3.83e-03    2.4e-08
1846400      1.40e-01      4.41e-03    2.4e-08
1846500      1.33e-01      4.20e-03    2.4e-08
1846600      1.50e-01      4.74e-03    2.4e-08
1846700      1.13e-01      3.56e-03    2.4e-08
1846800      1.22e-01      3.87e-03    2.4e-08
1846900      1.47e-01      4.65e-03    2.4e-08
1847000      1.38e-01      4.37e-03    2.4e-08
1847100      1.43e-01      4.53e-03    2.4e-08
1847200      1.43e-01      4.52e-03    2.4e-08
1847300      9.78e-02      3.09e-03    2.4e-08
1847400      1.29e-01      4.09e-03    2.4e-08
1847500      1.09e-01      3.45e-03    2.4e-08
1847600      1.11e-01      3.51e-03    2.4e-08
1847700      1.37e-01      4.32e-03    2.4e-08
1847800      1.38e-01      4.35e-03    2.4e-08
1847900      1.14e-01      3.59e-03    2.4e-08
1848000      1.02e-01      3.21e-03    2.4e-08
1848100      9.84e-02      3.11e-03    2.4e-08
1848200      1.16e-01      3.66e-03    2.4e-08
1848300      1.26e-01      3.99e-03    2.4e-08
1848400      1.48e-01      4.68e-03    2.4e-08
1848500      1.32e-01      4.16e-03    2.4e-08
1848600      1.46e-01      4.60e-03    2.4e-08
1848700      1.21e-01      3.82e-03    2.4e-08
1848800      1.25e-01      3.94e-03    2.4e-08
1848900      1.40e-01      4.42e-03    2.4e-08
1849000      1.26e-01      3.99e-03    2.4e-08
1849100      1.43e-01      4.52e-03    2.4e-08
1849200      1.24e-01      3.91e-03    2.4e-08
1849300      1.28e-01      4.04e-03    2.4e-08
1849400      1.29e-01      4.08e-03    2.4e-08
1849500      1.53e-01      4.83e-03    2.4e-08
1849600      1.34e-01      4.23e-03    2.4e-08
1849700      1.45e-01      4.58e-03    2.4e-08
1849800      1.39e-01      4.41e-03    2.4e-08
1849900      1.12e-01      3.55e-03    2.4e-08
1850000      1.41e-01      4.46e-03    2.4e-08
1850100      1.67e-01      5.29e-03    2.4e-08
1850200      1.38e-01      4.35e-03    2.4e-08
1850300      1.33e-01      4.21e-03    2.4e-08
1850400      1.25e-01      3.94e-03    2.4e-08
1850500      1.34e-01      4.25e-03    2.4e-08
1850600      1.02e-01      3.21e-03    2.4e-08
1850700      1.25e-01      3.94e-03    2.4e-08
1850800      1.43e-01      4.52e-03    2.4e-08
1850900      1.14e-01      3.61e-03    2.4e-08
1851000      1.27e-01      4.01e-03    2.4e-08
1851100      1.32e-01      4.18e-03    2.4e-08
1851200      1.36e-01      4.29e-03    2.4e-08
1851300      1.05e-01      3.32e-03    2.4e-08
1851400      1.33e-01      4.20e-03    2.4e-08
1851500      1.36e-01      4.31e-03    2.4e-08
1851600      1.37e-01      4.33e-03    2.4e-08
1851700      1.35e-01      4.26e-03    2.4e-08
1851800      1.08e-01      3.43e-03    2.4e-08
1851900      1.51e-01      4.76e-03    2.4e-08
1852000      1.25e-01      3.95e-03    2.4e-08
1852100      1.42e-01      4.48e-03    2.4e-08
1852200      1.23e-01      3.89e-03    2.4e-08
1852300      1.13e-01      3.56e-03    2.4e-08
1852400      1.36e-01      4.30e-03    2.4e-08
1852500      1.12e-01      3.53e-03    2.4e-08
1852600      1.08e-01      3.41e-03    2.4e-08
1852700      1.06e-01      3.34e-03    2.4e-08
1852800      1.16e-01      3.67e-03    2.4e-08
1852900      1.47e-01      4.64e-03    2.4e-08
1853000      1.09e-01      3.44e-03    2.4e-08
1853100      1.22e-01      3.86e-03    2.4e-08
1853200      1.45e-01      4.59e-03    2.4e-08
1853300      1.21e-01      3.84e-03    2.4e-08
1853400      1.37e-01      4.32e-03    2.4e-08
1853500      1.44e-01      4.54e-03    2.4e-08
1853600      1.67e-01      5.29e-03    2.4e-08
1853700      1.17e-01      3.71e-03    2.4e-08
1853800      1.14e-01      3.60e-03    2.4e-08
1853900      1.27e-01      4.01e-03    2.4e-08
1854000      1.31e-01      4.13e-03    2.4e-08
1854100      1.47e-01      4.65e-03    2.4e-08
1854200      1.40e-01      4.42e-03    2.4e-08
1854300      1.13e-01      3.56e-03    2.4e-08
1854400      1.53e-01      4.83e-03    2.4e-08
1854500      1.29e-01      4.07e-03    2.4e-08
1854600      1.32e-01      4.17e-03    2.4e-08
1854700      1.58e-01      5.00e-03    2.4e-08
1854800      1.45e-01      4.60e-03    2.4e-08
1854900      1.24e-01      3.93e-03    2.4e-08
1855000      1.28e-01      4.04e-03    2.3e-08
1855100      1.19e-01      3.75e-03    2.3e-08
1855200      1.62e-01      5.13e-03    2.3e-08
1855300      1.19e-01      3.75e-03    2.3e-08
1855400      1.20e-01      3.80e-03    2.3e-08
1855500      1.43e-01      4.52e-03    2.3e-08
1855600      1.46e-01      4.61e-03    2.3e-08
1855700      1.51e-01      4.76e-03    2.3e-08
1855800      1.49e-01      4.73e-03    2.3e-08
1855900      1.13e-01      3.57e-03    2.3e-08
1856000      1.04e-01      3.29e-03    2.3e-08
1856100      1.17e-01      3.71e-03    2.3e-08
1856200      1.18e-01      3.73e-03    2.3e-08
1856300      1.03e-01      3.27e-03    2.3e-08
1856400      1.43e-01      4.53e-03    2.3e-08
1856500      1.43e-01      4.53e-03    2.3e-08
1856600      1.48e-01      4.67e-03    2.3e-08
1856700      1.34e-01      4.23e-03    2.3e-08
1856800      1.38e-01      4.37e-03    2.3e-08
1856900      1.51e-01      4.76e-03    2.3e-08
1857000      1.22e-01      3.84e-03    2.3e-08
1857100      1.17e-01      3.70e-03    2.3e-08
1857200      1.33e-01      4.22e-03    2.3e-08
1857300      1.44e-01      4.55e-03    2.3e-08
1857400      1.25e-01      3.96e-03    2.3e-08
1857500      1.38e-01      4.36e-03    2.3e-08
1857600      1.38e-01      4.38e-03    2.3e-08
1857700      1.50e-01      4.74e-03    2.3e-08
1857800      1.18e-01      3.72e-03    2.3e-08
1857900      1.22e-01      3.87e-03    2.3e-08
1858000      1.27e-01      4.03e-03    2.3e-08
1858100      1.41e-01      4.47e-03    2.3e-08
1858200      1.46e-01      4.61e-03    2.3e-08
1858300      1.05e-01      3.32e-03    2.3e-08
1858400      1.09e-01      3.45e-03    2.3e-08
1858500      1.35e-01      4.27e-03    2.3e-08
1858600      1.39e-01      4.40e-03    2.3e-08
1858700      1.53e-01      4.83e-03    2.3e-08
1858800      1.17e-01      3.71e-03    2.3e-08
1858900      1.40e-01      4.43e-03    2.3e-08
1859000      1.11e-01      3.51e-03    2.3e-08
1859100      1.16e-01      3.67e-03    2.3e-08
1859200      1.16e-01      3.68e-03    2.3e-08
1859300      1.16e-01      3.67e-03    2.3e-08
1859400      1.14e-01      3.60e-03    2.3e-08
1859500      1.33e-01      4.22e-03    2.3e-08
1859600      1.24e-01      3.91e-03    2.3e-08
1859700      1.38e-01      4.37e-03    2.3e-08
1859800      1.43e-01      4.52e-03    2.3e-08
1859900      1.41e-01      4.46e-03    2.3e-08
1860000      1.45e-01      4.60e-03    2.2e-08
1860100      1.50e-01      4.75e-03    2.2e-08
1860200      1.42e-01      4.49e-03    2.2e-08
1860300      1.10e-01      3.47e-03    2.2e-08
1860400      1.09e-01      3.45e-03    2.2e-08
1860500      1.50e-01      4.74e-03    2.2e-08
1860600      1.15e-01      3.64e-03    2.2e-08
1860700      1.54e-01      4.86e-03    2.2e-08
1860800      1.31e-01      4.13e-03    2.2e-08
1860900      1.30e-01      4.10e-03    2.2e-08
1861000      9.90e-02      3.13e-03    2.2e-08
1861100      1.33e-01      4.20e-03    2.2e-08
1861200      1.24e-01      3.92e-03    2.2e-08
1861300      1.11e-01      3.51e-03    2.2e-08
1861400      1.34e-01      4.23e-03    2.2e-08
1861500      1.24e-01      3.92e-03    2.2e-08
1861600      1.26e-01      3.97e-03    2.2e-08
1861700      1.17e-01      3.68e-03    2.2e-08
1861800      1.46e-01      4.63e-03    2.2e-08
1861900      1.15e-01      3.63e-03    2.2e-08
1862000      1.31e-01      4.14e-03    2.2e-08
1862100      1.28e-01      4.04e-03    2.2e-08
1862200      1.50e-01      4.74e-03    2.2e-08
1862300      1.20e-01      3.79e-03    2.2e-08
1862400      1.50e-01      4.75e-03    2.2e-08
1862500      1.20e-01      3.79e-03    2.2e-08
1862600      1.20e-01      3.80e-03    2.2e-08
1862700      1.29e-01      4.07e-03    2.2e-08
1862800      1.02e-01      3.21e-03    2.2e-08
1862900      1.14e-01      3.59e-03    2.2e-08
1863000      9.37e-02      2.96e-03    2.2e-08
1863100      1.37e-01      4.32e-03    2.2e-08
1863200      1.49e-01      4.71e-03    2.2e-08
1863300      1.06e-01      3.34e-03    2.2e-08
1863400      1.52e-01      4.82e-03    2.2e-08
1863500      1.32e-01      4.18e-03    2.2e-08
1863600      1.23e-01      3.88e-03    2.2e-08
1863700      1.34e-01      4.25e-03    2.2e-08
1863800      1.58e-01      5.01e-03    2.2e-08
1863900      1.24e-01      3.93e-03    2.2e-08
1864000      1.41e-01      4.47e-03    2.2e-08
1864100      1.45e-01      4.59e-03    2.2e-08
1864200      1.05e-01      3.32e-03    2.2e-08
1864300      1.14e-01      3.59e-03    2.2e-08
1864400      1.20e-01      3.79e-03    2.2e-08
1864500      1.34e-01      4.24e-03    2.2e-08
1864600      1.04e-01      3.28e-03    2.2e-08
1864700      1.27e-01      4.01e-03    2.2e-08
1864800      1.39e-01      4.39e-03    2.2e-08
1864900      9.19e-02      2.90e-03    2.2e-08
1865000      1.43e-01      4.52e-03    2.2e-08
1865100      1.39e-01      4.39e-03    2.2e-08
1865200      1.37e-01      4.33e-03    2.2e-08
1865300      1.33e-01      4.21e-03    2.2e-08
1865400      1.37e-01      4.33e-03    2.2e-08
1865500      1.23e-01      3.88e-03    2.2e-08
1865600      1.47e-01      4.64e-03    2.2e-08
1865700      1.47e-01      4.66e-03    2.2e-08
1865800      1.19e-01      3.78e-03    2.2e-08
1865900      1.29e-01      4.07e-03    2.2e-08
1866000      1.47e-01      4.65e-03    2.2e-08
1866100      1.47e-01      4.66e-03    2.2e-08
1866200      1.07e-01      3.38e-03    2.2e-08
1866300      1.39e-01      4.41e-03    2.2e-08
1866400      1.41e-01      4.47e-03    2.2e-08
1866500      1.36e-01      4.31e-03    2.2e-08
1866600      1.40e-01      4.44e-03    2.2e-08
1866700      1.04e-01      3.28e-03    2.2e-08
1866800      1.03e-01      3.24e-03    2.2e-08
1866900      1.51e-01      4.77e-03    2.2e-08
1867000      1.11e-01      3.52e-03    2.2e-08
1867100      1.09e-01      3.45e-03    2.2e-08
1867200      1.49e-01      4.71e-03    2.2e-08
1867300      1.26e-01      3.98e-03    2.2e-08
1867400      1.04e-01      3.28e-03    2.2e-08
1867500      1.22e-01      3.85e-03    2.2e-08
1867600      1.50e-01      4.74e-03    2.2e-08
1867700      1.12e-01      3.54e-03    2.2e-08
1867800      1.09e-01      3.45e-03    2.2e-08
1867900      1.17e-01      3.69e-03    2.2e-08
1868000      1.37e-01      4.32e-03    2.2e-08
1868100      1.32e-01      4.19e-03    2.2e-08
1868200      1.24e-01      3.93e-03    2.2e-08
1868300      1.14e-01      3.62e-03    2.2e-08
1868400      1.43e-01      4.52e-03    2.2e-08
1868500      1.38e-01      4.37e-03    2.2e-08
1868600      1.42e-01      4.50e-03    2.2e-08
1868700      1.47e-01      4.66e-03    2.2e-08
1868800      9.96e-02      3.15e-03    2.2e-08
1868900      1.40e-01      4.42e-03    2.2e-08
1869000      1.27e-01      4.02e-03    2.2e-08
1869100      1.41e-01      4.47e-03    2.2e-08
1869200      1.52e-01      4.80e-03    2.2e-08
1869300      1.23e-01      3.89e-03    2.2e-08
1869400      1.25e-01      3.95e-03    2.2e-08
1869500      1.21e-01      3.83e-03    2.2e-08
1869600      1.58e-01      5.00e-03    2.2e-08
1869700      1.17e-01      3.71e-03    2.2e-08
1869800      1.42e-01      4.48e-03    2.2e-08
1869900      1.38e-01      4.35e-03    2.2e-08
1870000      1.33e-01      4.21e-03    2.1e-08
1870100      1.16e-01      3.67e-03    2.1e-08
1870200      1.37e-01      4.33e-03    2.1e-08
1870300      1.53e-01      4.83e-03    2.1e-08
1870400      1.35e-01      4.28e-03    2.1e-08
1870500      1.15e-01      3.65e-03    2.1e-08
1870600      1.39e-01      4.41e-03    2.1e-08
1870700      1.33e-01      4.22e-03    2.1e-08
1870800      1.05e-01      3.32e-03    2.1e-08
1870900      1.44e-01      4.54e-03    2.1e-08
1871000      1.31e-01      4.16e-03    2.1e-08
1871100      1.13e-01      3.57e-03    2.1e-08
1871200      1.10e-01      3.49e-03    2.1e-08
1871300      1.13e-01      3.59e-03    2.1e-08
1871400      1.42e-01      4.48e-03    2.1e-08
1871500      1.33e-01      4.20e-03    2.1e-08
1871600      1.50e-01      4.74e-03    2.1e-08
1871700      1.12e-01      3.55e-03    2.1e-08
1871800      1.45e-01      4.57e-03    2.1e-08
1871900      1.42e-01      4.50e-03    2.1e-08
1872000      1.04e-01      3.30e-03    2.1e-08
1872100      1.16e-01      3.68e-03    2.1e-08
1872200      1.45e-01      4.60e-03    2.1e-08
1872300      1.34e-01      4.24e-03    2.1e-08
1872400      1.45e-01      4.59e-03    2.1e-08
1872500      1.07e-01      3.37e-03    2.1e-08
1872600      1.41e-01      4.46e-03    2.1e-08
1872700      1.44e-01      4.55e-03    2.1e-08
1872800      1.31e-01      4.15e-03    2.1e-08
1872900      1.40e-01      4.42e-03    2.1e-08
1873000      1.35e-01      4.28e-03    2.1e-08
1873100      1.23e-01      3.88e-03    2.1e-08
1873200      1.36e-01      4.31e-03    2.1e-08
1873300      1.38e-01      4.36e-03    2.1e-08
1873400      1.26e-01      3.99e-03    2.1e-08
1873500      1.62e-01      5.11e-03    2.1e-08
1873600      1.25e-01      3.96e-03    2.1e-08
1873700      1.41e-01      4.46e-03    2.1e-08
1873800      1.25e-01      3.96e-03    2.1e-08
1873900      1.20e-01      3.78e-03    2.1e-08
1874000      1.31e-01      4.15e-03    2.1e-08
1874100      1.34e-01      4.25e-03    2.1e-08
1874200      1.54e-01      4.87e-03    2.1e-08
1874300      1.48e-01      4.69e-03    2.1e-08
1874400      1.17e-01      3.69e-03    2.1e-08
1874500      1.05e-01      3.31e-03    2.1e-08
1874600      1.07e-01      3.38e-03    2.1e-08
1874700      1.43e-01      4.51e-03    2.1e-08
1874800      1.18e-01      3.72e-03    2.1e-08
1874900      1.15e-01      3.62e-03    2.1e-08
1875000      1.25e-01      3.95e-03    2.1e-08
1875100      1.40e-01      4.42e-03    2.1e-08
1875200      1.29e-01      4.07e-03    2.1e-08
1875300      1.36e-01      4.29e-03    2.1e-08
1875400      1.22e-01      3.84e-03    2.1e-08
1875500      1.32e-01      4.16e-03    2.1e-08
1875600      1.62e-01      5.12e-03    2.1e-08
1875700      1.37e-01      4.32e-03    2.1e-08
1875800      1.36e-01      4.30e-03    2.1e-08
1875900      1.18e-01      3.73e-03    2.1e-08
1876000      1.20e-01      3.80e-03    2.1e-08
1876100      1.58e-01      4.98e-03    2.1e-08
1876200      1.48e-01      4.68e-03    2.1e-08
1876300      1.38e-01      4.37e-03    2.1e-08
1876400      1.38e-01      4.37e-03    2.1e-08
1876500      1.28e-01      4.04e-03    2.1e-08
1876600      1.07e-01      3.39e-03    2.1e-08
1876700      1.40e-01      4.42e-03    2.1e-08
1876800      1.12e-01      3.55e-03    2.1e-08
1876900      1.52e-01      4.81e-03    2.1e-08
1877000      1.27e-01      4.03e-03    2.1e-08
1877100      1.20e-01      3.80e-03    2.1e-08
1877200      1.41e-01      4.47e-03    2.1e-08
1877300      1.29e-01      4.07e-03    2.1e-08
1877400      1.32e-01      4.16e-03    2.1e-08
1877500      1.38e-01      4.37e-03    2.1e-08
1877600      1.42e-01      4.48e-03    2.1e-08
1877700      1.28e-01      4.06e-03    2.1e-08
1877800      1.23e-01      3.88e-03    2.1e-08
1877900      1.17e-01      3.71e-03    2.1e-08
1878000      1.05e-01      3.30e-03    2.1e-08
1878100      1.07e-01      3.39e-03    2.1e-08
1878200      1.34e-01      4.24e-03    2.1e-08
1878300      9.27e-02      2.93e-03    2.1e-08
1878400      1.45e-01      4.59e-03    2.1e-08
1878500      1.19e-01      3.76e-03    2.1e-08
1878600      1.06e-01      3.36e-03    2.1e-08
1878700      1.32e-01      4.18e-03    2.1e-08
1878800      1.52e-01      4.81e-03    2.1e-08
1878900      1.42e-01      4.50e-03    2.1e-08
1879000      1.20e-01      3.79e-03    2.1e-08
1879100      1.56e-01      4.94e-03    2.1e-08
1879200      1.02e-01      3.21e-03    2.1e-08
1879300      1.46e-01      4.63e-03    2.1e-08
1879400      1.43e-01      4.52e-03    2.1e-08
1879500      1.14e-01      3.60e-03    2.1e-08
1879600      1.57e-01      4.96e-03    2.1e-08
1879700      1.24e-01      3.93e-03    2.1e-08
1879800      1.17e-01      3.71e-03    2.1e-08
1879900      1.26e-01      3.97e-03    2.1e-08
1880000      1.43e-01      4.52e-03    2.0e-08
1880100      1.30e-01      4.11e-03    2.0e-08
1880200      1.50e-01      4.74e-03    2.0e-08
1880300      1.23e-01      3.89e-03    2.0e-08
1880400      1.08e-01      3.41e-03    2.0e-08
1880500      1.13e-01      3.58e-03    2.0e-08
1880600      1.52e-01      4.82e-03    2.0e-08
1880700      1.41e-01      4.47e-03    2.0e-08
1880800      1.52e-01      4.79e-03    2.0e-08
1880900      1.62e-01      5.12e-03    2.0e-08
1881000      1.07e-01      3.38e-03    2.0e-08
1881100      1.19e-01      3.75e-03    2.0e-08
1881200      1.20e-01      3.78e-03    2.0e-08
1881300      1.33e-01      4.22e-03    2.0e-08
1881400      1.34e-01      4.22e-03    2.0e-08
1881500      1.04e-01      3.28e-03    2.0e-08
1881600      1.13e-01      3.57e-03    2.0e-08
1881700      1.45e-01      4.59e-03    2.0e-08
1881800      1.05e-01      3.30e-03    2.0e-08
1881900      1.35e-01      4.28e-03    2.0e-08
1882000      1.30e-01      4.12e-03    2.0e-08
1882100      1.26e-01      3.99e-03    2.0e-08
1882200      1.29e-01      4.09e-03    2.0e-08
1882300      1.09e-01      3.44e-03    2.0e-08
1882400      1.13e-01      3.57e-03    2.0e-08
1882500      1.54e-01      4.86e-03    2.0e-08
1882600      1.45e-01      4.58e-03    2.0e-08
1882700      1.43e-01      4.53e-03    2.0e-08
1882800      1.48e-01      4.68e-03    2.0e-08
1882900      1.52e-01      4.79e-03    2.0e-08
1883000      1.54e-01      4.86e-03    2.0e-08
1883100      1.37e-01      4.35e-03    2.0e-08
1883200      1.20e-01      3.80e-03    2.0e-08
1883300      1.24e-01      3.93e-03    2.0e-08
1883400      1.25e-01      3.95e-03    2.0e-08
1883500      1.05e-01      3.33e-03    2.0e-08
1883600      1.23e-01      3.89e-03    2.0e-08
1883700      1.34e-01      4.24e-03    2.0e-08
1883800      1.37e-01      4.35e-03    2.0e-08
1883900      1.39e-01      4.40e-03    2.0e-08
1884000      1.06e-01      3.35e-03    2.0e-08
1884100      1.46e-01      4.61e-03    2.0e-08
1884200      1.33e-01      4.22e-03    2.0e-08
1884300      1.47e-01      4.64e-03    2.0e-08
1884400      1.01e-01      3.18e-03    2.0e-08
1884500      1.42e-01      4.48e-03    2.0e-08
1884600      1.34e-01      4.23e-03    2.0e-08
1884700      1.27e-01      4.03e-03    2.0e-08
1884800      1.24e-01      3.91e-03    2.0e-08
1884900      1.17e-01      3.69e-03    2.0e-08
1885000      1.10e-01      3.48e-03    1.9e-08
1885100      1.40e-01      4.43e-03    1.9e-08
1885200      1.06e-01      3.34e-03    1.9e-08
1885300      1.33e-01      4.20e-03    1.9e-08
1885400      1.49e-01      4.71e-03    1.9e-08
1885500      1.36e-01      4.29e-03    1.9e-08
1885600      1.16e-01      3.67e-03    1.9e-08
1885700      1.16e-01      3.67e-03    1.9e-08
1885800      9.95e-02      3.15e-03    1.9e-08
1885900      1.46e-01      4.63e-03    1.9e-08
1886000      1.15e-01      3.64e-03    1.9e-08
1886100      1.26e-01      4.00e-03    1.9e-08
1886200      1.32e-01      4.18e-03    1.9e-08
1886300      1.12e-01      3.54e-03    1.9e-08
1886400      1.54e-01      4.87e-03    1.9e-08
1886500      1.31e-01      4.13e-03    1.9e-08
1886600      1.67e-01      5.29e-03    1.9e-08
1886700      1.32e-01      4.16e-03    1.9e-08
1886800      1.19e-01      3.75e-03    1.9e-08
1886900      1.01e-01      3.18e-03    1.9e-08
1887000      1.38e-01      4.36e-03    1.9e-08
1887100      1.41e-01      4.47e-03    1.9e-08
1887200      1.26e-01      3.98e-03    1.9e-08
1887300      1.32e-01      4.17e-03    1.9e-08
1887400      1.56e-01      4.94e-03    1.9e-08
1887500      1.09e-01      3.46e-03    1.9e-08
1887600      1.16e-01      3.67e-03    1.9e-08
1887700      1.04e-01      3.30e-03    1.9e-08
1887800      1.27e-01      4.02e-03    1.9e-08
1887900      1.12e-01      3.54e-03    1.9e-08
1888000      1.44e-01      4.56e-03    1.9e-08
1888100      1.18e-01      3.72e-03    1.9e-08
1888200      1.35e-01      4.26e-03    1.9e-08
1888300      1.44e-01      4.55e-03    1.9e-08
1888400      1.35e-01      4.26e-03    1.9e-08
1888500      1.48e-01      4.68e-03    1.9e-08
1888600      1.30e-01      4.12e-03    1.9e-08
1888700      1.14e-01      3.61e-03    1.9e-08
1888800      1.19e-01      3.77e-03    1.9e-08
1888900      1.32e-01      4.19e-03    1.9e-08
1889000      1.55e-01      4.91e-03    1.9e-08
1889100      1.12e-01      3.54e-03    1.9e-08
1889200      1.38e-01      4.38e-03    1.9e-08
1889300      1.47e-01      4.64e-03    1.9e-08
1889400      1.44e-01      4.57e-03    1.9e-08
1889500      1.18e-01      3.74e-03    1.9e-08
1889600      1.27e-01      4.00e-03    1.9e-08
1889700      1.19e-01      3.76e-03    1.9e-08
1889800      1.10e-01      3.47e-03    1.9e-08
1889900      1.33e-01      4.19e-03    1.9e-08
1890000      1.36e-01      4.30e-03    1.9e-08
1890100      1.15e-01      3.63e-03    1.9e-08
1890200      1.28e-01      4.05e-03    1.9e-08
1890300      1.51e-01      4.77e-03    1.9e-08
1890400      1.47e-01      4.64e-03    1.9e-08
1890500      1.30e-01      4.12e-03    1.9e-08
1890600      1.29e-01      4.07e-03    1.9e-08
1890700      1.34e-01      4.24e-03    1.9e-08
1890800      1.30e-01      4.11e-03    1.9e-08
1890900      1.49e-01      4.71e-03    1.9e-08
1891000      1.31e-01      4.14e-03    1.9e-08
1891100      1.25e-01      3.94e-03    1.9e-08
1891200      1.05e-01      3.30e-03    1.9e-08
1891300      1.06e-01      3.34e-03    1.9e-08
1891400      1.24e-01      3.93e-03    1.9e-08
1891500      1.42e-01      4.48e-03    1.9e-08
1891600      1.01e-01      3.18e-03    1.9e-08
1891700      1.42e-01      4.50e-03    1.9e-08
1891800      1.36e-01      4.30e-03    1.9e-08
1891900      1.36e-01      4.31e-03    1.9e-08
1892000      1.28e-01      4.06e-03    1.9e-08
1892100      1.09e-01      3.44e-03    1.9e-08
1892200      1.34e-01      4.25e-03    1.9e-08
1892300      1.37e-01      4.32e-03    1.9e-08
1892400      1.28e-01      4.04e-03    1.9e-08
1892500      1.14e-01      3.60e-03    1.9e-08
1892600      1.30e-01      4.12e-03    1.9e-08
1892700      1.14e-01      3.59e-03    1.9e-08
1892800      1.10e-01      3.48e-03    1.9e-08
1892900      1.29e-01      4.07e-03    1.9e-08
1893000      1.18e-01      3.74e-03    1.9e-08
1893100      1.23e-01      3.89e-03    1.9e-08
1893200      1.06e-01      3.36e-03    1.9e-08
1893300      1.21e-01      3.84e-03    1.9e-08
1893400      1.15e-01      3.64e-03    1.9e-08
1893500      1.42e-01      4.48e-03    1.9e-08
1893600      1.08e-01      3.43e-03    1.9e-08
1893700      1.12e-01      3.55e-03    1.9e-08
1893800      1.33e-01      4.21e-03    1.9e-08
1893900      1.14e-01      3.61e-03    1.9e-08
1894000      1.32e-01      4.19e-03    1.9e-08
1894100      1.16e-01      3.68e-03    1.9e-08
1894200      1.46e-01      4.62e-03    1.9e-08
1894300      1.37e-01      4.32e-03    1.9e-08
1894400      1.49e-01      4.71e-03    1.9e-08
1894500      1.50e-01      4.74e-03    1.9e-08
1894600      1.37e-01      4.33e-03    1.9e-08
1894700      1.15e-01      3.65e-03    1.9e-08
1894800      1.43e-01      4.54e-03    1.9e-08
1894900      1.16e-01      3.65e-03    1.9e-08
1895000      1.42e-01      4.50e-03    1.8e-08
1895100      1.15e-01      3.64e-03    1.8e-08
1895200      1.22e-01      3.85e-03    1.8e-08
1895300      1.35e-01      4.26e-03    1.8e-08
1895400      1.39e-01      4.41e-03    1.8e-08
1895500      1.29e-01      4.09e-03    1.8e-08
1895600      1.36e-01      4.30e-03    1.8e-08
1895700      1.32e-01      4.17e-03    1.8e-08
1895800      1.22e-01      3.86e-03    1.8e-08
1895900      1.66e-01      5.24e-03    1.8e-08
1896000      1.44e-01      4.54e-03    1.8e-08
1896100      1.32e-01      4.17e-03    1.8e-08
1896200      1.09e-01      3.45e-03    1.8e-08
1896300      1.34e-01      4.23e-03    1.8e-08
1896400      1.45e-01      4.58e-03    1.8e-08
1896500      1.50e-01      4.74e-03    1.8e-08
1896600      1.45e-01      4.59e-03    1.8e-08
1896700      1.47e-01      4.64e-03    1.8e-08
1896800      1.48e-01      4.70e-03    1.8e-08
1896900      1.43e-01      4.52e-03    1.8e-08
1897000      1.22e-01      3.87e-03    1.8e-08
1897100      1.40e-01      4.42e-03    1.8e-08
1897200      1.26e-01      3.99e-03    1.8e-08
1897300      1.03e-01      3.26e-03    1.8e-08
1897400      1.34e-01      4.25e-03    1.8e-08
1897500      1.31e-01      4.14e-03    1.8e-08
1897600      1.55e-01      4.90e-03    1.8e-08
1897700      1.23e-01      3.88e-03    1.8e-08
1897800      1.38e-01      4.37e-03    1.8e-08
1897900      1.31e-01      4.14e-03    1.8e-08
1898000      1.27e-01      4.03e-03    1.8e-08
1898100      1.18e-01      3.72e-03    1.8e-08
1898200      1.41e-01      4.47e-03    1.8e-08
1898300      1.50e-01      4.74e-03    1.8e-08
1898400      1.32e-01      4.18e-03    1.8e-08
1898500      1.40e-01      4.43e-03    1.8e-08
1898600      1.12e-01      3.53e-03    1.8e-08
1898700      1.18e-01      3.72e-03    1.8e-08
1898800      1.25e-01      3.95e-03    1.8e-08
1898900      1.44e-01      4.54e-03    1.8e-08
1899000      1.30e-01      4.10e-03    1.8e-08
1899100      1.15e-01      3.64e-03    1.8e-08
1899200      1.49e-01      4.71e-03    1.8e-08
1899300      1.33e-01      4.19e-03    1.8e-08
1899400      1.38e-01      4.35e-03    1.8e-08
1899500      1.12e-01      3.55e-03    1.8e-08
1899600      1.24e-01      3.92e-03    1.8e-08
1899700      1.47e-01      4.66e-03    1.8e-08
1899800      1.08e-01      3.43e-03    1.8e-08
1899900      1.12e-01      3.53e-03    1.8e-08
1900000      1.07e-01      3.39e-03    1.8e-08
1900100      1.50e-01      4.74e-03    1.8e-08
1900200      1.49e-01      4.71e-03    1.8e-08
1900300      1.20e-01      3.79e-03    1.8e-08
1900400      9.92e-02      3.14e-03    1.8e-08
1900500      1.47e-01      4.65e-03    1.8e-08
1900600      1.13e-01      3.56e-03    1.8e-08
1900700      1.54e-01      4.88e-03    1.8e-08
1900800      1.30e-01      4.12e-03    1.8e-08
1900900      1.03e-01      3.25e-03    1.8e-08
1901000      1.14e-01      3.59e-03    1.8e-08
1901100      1.38e-01      4.35e-03    1.8e-08
1901200      1.47e-01      4.63e-03    1.8e-08
1901300      1.11e-01      3.52e-03    1.8e-08
1901400      1.30e-01      4.11e-03    1.8e-08
1901500      1.37e-01      4.34e-03    1.8e-08
1901600      1.18e-01      3.73e-03    1.8e-08
1901700      1.22e-01      3.86e-03    1.8e-08
1901800      1.43e-01      4.51e-03    1.8e-08
1901900      1.60e-01      5.05e-03    1.8e-08
1902000      1.19e-01      3.77e-03    1.8e-08
1902100      1.25e-01      3.95e-03    1.8e-08
1902200      1.34e-01      4.24e-03    1.8e-08
1902300      1.35e-01      4.26e-03    1.8e-08
1902400      1.32e-01      4.19e-03    1.8e-08
1902500      1.05e-01      3.32e-03    1.8e-08
1902600      1.45e-01      4.57e-03    1.8e-08
1902700      1.34e-01      4.25e-03    1.8e-08
1902800      1.45e-01      4.59e-03    1.8e-08
1902900      1.52e-01      4.79e-03    1.8e-08
1903000      1.18e-01      3.72e-03    1.8e-08
1903100      1.25e-01      3.94e-03    1.8e-08
1903200      1.50e-01      4.75e-03    1.8e-08
1903300      1.35e-01      4.28e-03    1.8e-08
1903400      1.09e-01      3.46e-03    1.8e-08
1903500      1.24e-01      3.92e-03    1.8e-08
1903600      1.21e-01      3.82e-03    1.8e-08
1903700      1.42e-01      4.48e-03    1.8e-08
1903800      1.36e-01      4.29e-03    1.8e-08
1903900      1.25e-01      3.96e-03    1.8e-08
1904000      1.24e-01      3.93e-03    1.8e-08
1904100      1.64e-01      5.18e-03    1.8e-08
1904200      1.17e-01      3.70e-03    1.8e-08
1904300      1.53e-01      4.83e-03    1.8e-08
1904400      1.20e-01      3.80e-03    1.8e-08
1904500      1.34e-01      4.23e-03    1.8e-08
1904600      1.30e-01      4.11e-03    1.8e-08
1904700      1.42e-01      4.50e-03    1.8e-08
1904800      1.30e-01      4.12e-03    1.8e-08
1904900      1.12e-01      3.54e-03    1.8e-08
1905000      1.06e-01      3.36e-03    1.7e-08
1905100      1.39e-01      4.39e-03    1.7e-08
1905200      1.34e-01      4.25e-03    1.7e-08
1905300      1.41e-01      4.45e-03    1.7e-08
1905400      1.30e-01      4.11e-03    1.7e-08
1905500      1.22e-01      3.87e-03    1.7e-08
1905600      1.45e-01      4.60e-03    1.7e-08
1905700      1.17e-01      3.69e-03    1.7e-08
1905800      1.17e-01      3.70e-03    1.7e-08
1905900      1.40e-01      4.42e-03    1.7e-08
1906000      1.18e-01      3.73e-03    1.7e-08
1906100      1.10e-01      3.46e-03    1.7e-08
1906200      1.50e-01      4.75e-03    1.7e-08
1906300      1.26e-01      3.98e-03    1.7e-08
1906400      1.37e-01      4.33e-03    1.7e-08
1906500      1.30e-01      4.12e-03    1.7e-08
1906600      1.22e-01      3.87e-03    1.7e-08
1906700      1.48e-01      4.68e-03    1.7e-08
1906800      1.13e-01      3.57e-03    1.7e-08
1906900      1.38e-01      4.37e-03    1.7e-08
1907000      1.18e-01      3.72e-03    1.7e-08
1907100      1.20e-01      3.79e-03    1.7e-08
1907200      1.04e-01      3.30e-03    1.7e-08
1907300      1.57e-01      4.95e-03    1.7e-08
1907400      1.04e-01      3.28e-03    1.7e-08
1907500      1.29e-01      4.08e-03    1.7e-08
1907600      1.27e-01      4.02e-03    1.7e-08
1907700      1.42e-01      4.48e-03    1.7e-08
1907800      1.30e-01      4.11e-03    1.7e-08
1907900      1.22e-01      3.86e-03    1.7e-08
1908000      1.24e-01      3.92e-03    1.7e-08
1908100      1.09e-01      3.45e-03    1.7e-08
1908200      1.15e-01      3.63e-03    1.7e-08
1908300      1.54e-01      4.86e-03    1.7e-08
1908400      1.49e-01      4.71e-03    1.7e-08
1908500      1.53e-01      4.83e-03    1.7e-08
1908600      1.47e-01      4.65e-03    1.7e-08
1908700      1.44e-01      4.56e-03    1.7e-08
1908800      1.27e-01      4.03e-03    1.7e-08
1908900      1.39e-01      4.38e-03    1.7e-08
1909000      1.43e-01      4.52e-03    1.7e-08
1909100      1.42e-01      4.49e-03    1.7e-08
1909200      9.95e-02      3.15e-03    1.7e-08
1909300      1.45e-01      4.58e-03    1.7e-08
1909400      1.19e-01      3.77e-03    1.7e-08
1909500      1.29e-01      4.07e-03    1.7e-08
1909600      1.44e-01      4.55e-03    1.7e-08
1909700      1.22e-01      3.86e-03    1.7e-08
1909800      1.16e-01      3.65e-03    1.7e-08
1909900      1.37e-01      4.32e-03    1.7e-08
1910000      1.34e-01      4.23e-03    1.7e-08
1910100      1.34e-01      4.24e-03    1.7e-08
1910200      1.27e-01      4.03e-03    1.7e-08
1910300      1.11e-01      3.51e-03    1.7e-08
1910400      1.11e-01      3.50e-03    1.7e-08
1910500      1.11e-01      3.51e-03    1.7e-08
1910600      1.45e-01      4.59e-03    1.7e-08
1910700      1.34e-01      4.23e-03    1.7e-08
1910800      1.12e-01      3.53e-03    1.7e-08
1910900      1.49e-01      4.71e-03    1.7e-08
1911000      1.47e-01      4.64e-03    1.7e-08
1911100      1.25e-01      3.97e-03    1.7e-08
1911200      1.24e-01      3.92e-03    1.7e-08
1911300      1.44e-01      4.56e-03    1.7e-08
1911400      1.33e-01      4.19e-03    1.7e-08
1911500      1.42e-01      4.49e-03    1.7e-08
1911600      1.31e-01      4.13e-03    1.7e-08
1911700      1.49e-01      4.71e-03    1.7e-08
1911800      1.39e-01      4.40e-03    1.7e-08
1911900      1.54e-01      4.86e-03    1.7e-08
1912000      1.40e-01      4.43e-03    1.7e-08
1912100      1.14e-01      3.61e-03    1.7e-08
1912200      1.27e-01      4.01e-03    1.7e-08
1912300      1.17e-01      3.70e-03    1.7e-08
1912400      1.14e-01      3.59e-03    1.7e-08
1912500      1.29e-01      4.09e-03    1.7e-08
1912600      1.18e-01      3.72e-03    1.7e-08
1912700      1.05e-01      3.32e-03    1.7e-08
1912800      1.27e-01      4.03e-03    1.7e-08
1912900      1.06e-01      3.35e-03    1.7e-08
1913000      1.21e-01      3.83e-03    1.7e-08
1913100      1.49e-01      4.70e-03    1.7e-08
1913200      1.29e-01      4.09e-03    1.7e-08
1913300      1.24e-01      3.91e-03    1.7e-08
1913400      1.42e-01      4.50e-03    1.7e-08
1913500      1.13e-01      3.56e-03    1.7e-08
1913600      1.36e-01      4.29e-03    1.7e-08
1913700      1.34e-01      4.23e-03    1.7e-08
1913800      1.30e-01      4.10e-03    1.7e-08
1913900      1.48e-01      4.67e-03    1.7e-08
1914000      1.27e-01      4.01e-03    1.7e-08
1914100      1.16e-01      3.68e-03    1.7e-08
1914200      1.08e-01      3.41e-03    1.7e-08
1914300      9.85e-02      3.11e-03    1.7e-08
1914400      1.31e-01      4.13e-03    1.7e-08
1914500      1.52e-01      4.79e-03    1.7e-08
1914600      1.28e-01      4.04e-03    1.7e-08
1914700      1.34e-01      4.25e-03    1.7e-08
1914800      1.22e-01      3.85e-03    1.7e-08
1914900      1.34e-01      4.25e-03    1.7e-08
1915000      1.40e-01      4.43e-03    1.6e-08
1915100      1.36e-01      4.30e-03    1.6e-08
1915200      1.46e-01      4.61e-03    1.6e-08
1915300      1.20e-01      3.79e-03    1.6e-08
1915400      1.30e-01      4.11e-03    1.6e-08
1915500      1.44e-01      4.56e-03    1.6e-08
1915600      1.13e-01      3.59e-03    1.6e-08
1915700      1.21e-01      3.81e-03    1.6e-08
1915800      1.35e-01      4.27e-03    1.6e-08
1915900      1.44e-01      4.54e-03    1.6e-08
1916000      1.41e-01      4.46e-03    1.6e-08
1916100      1.18e-01      3.73e-03    1.6e-08
1916200      1.20e-01      3.81e-03    1.6e-08
1916300      1.34e-01      4.24e-03    1.6e-08
1916400      1.13e-01      3.58e-03    1.6e-08
1916500      1.03e-01      3.27e-03    1.6e-08
1916600      8.47e-02      2.68e-03    1.6e-08
1916700      1.31e-01      4.13e-03    1.6e-08
1916800      1.43e-01      4.53e-03    1.6e-08
1916900      1.47e-01      4.66e-03    1.6e-08
1917000      1.36e-01      4.31e-03    1.6e-08
1917100      1.02e-01      3.22e-03    1.6e-08
1917200      1.45e-01      4.59e-03    1.6e-08
1917300      1.19e-01      3.77e-03    1.6e-08
1917400      1.14e-01      3.61e-03    1.6e-08
1917500      1.41e-01      4.47e-03    1.6e-08
1917600      1.20e-01      3.81e-03    1.6e-08
1917700      1.06e-01      3.37e-03    1.6e-08
1917800      1.53e-01      4.85e-03    1.6e-08
1917900      1.33e-01      4.20e-03    1.6e-08
1918000      1.53e-01      4.85e-03    1.6e-08
1918100      1.26e-01      3.98e-03    1.6e-08
1918200      1.38e-01      4.35e-03    1.6e-08
1918300      1.04e-01      3.28e-03    1.6e-08
1918400      1.20e-01      3.80e-03    1.6e-08
1918500      1.32e-01      4.17e-03    1.6e-08
1918600      1.16e-01      3.68e-03    1.6e-08
1918700      1.52e-01      4.82e-03    1.6e-08
1918800      1.27e-01      4.03e-03    1.6e-08
1918900      1.34e-01      4.25e-03    1.6e-08
1919000      1.35e-01      4.28e-03    1.6e-08
1919100      1.08e-01      3.43e-03    1.6e-08
1919200      1.35e-01      4.28e-03    1.6e-08
1919300      1.45e-01      4.58e-03    1.6e-08
1919400      1.50e-01      4.75e-03    1.6e-08
1919500      1.50e-01      4.74e-03    1.6e-08
1919600      1.16e-01      3.67e-03    1.6e-08
1919700      1.10e-01      3.48e-03    1.6e-08
1919800      1.70e-01      5.37e-03    1.6e-08
1919900      1.32e-01      4.18e-03    1.6e-08
1920000      1.51e-01      4.76e-03    1.6e-08
1920100      1.59e-01      5.02e-03    1.6e-08
1920200      9.97e-02      3.15e-03    1.6e-08
1920300      1.33e-01      4.21e-03    1.6e-08
1920400      1.04e-01      3.30e-03    1.6e-08
1920500      1.13e-01      3.58e-03    1.6e-08
1920600      1.39e-01      4.40e-03    1.6e-08
1920700      1.14e-01      3.61e-03    1.6e-08
1920800      1.01e-01      3.19e-03    1.6e-08
1920900      1.50e-01      4.74e-03    1.6e-08
1921000      1.15e-01      3.64e-03    1.6e-08
1921100      1.38e-01      4.35e-03    1.6e-08
1921200      1.26e-01      4.00e-03    1.6e-08
1921300      1.13e-01      3.56e-03    1.6e-08
1921400      1.37e-01      4.33e-03    1.6e-08
1921500      1.13e-01      3.59e-03    1.6e-08
1921600      1.44e-01      4.55e-03    1.6e-08
1921700      1.20e-01      3.79e-03    1.6e-08
1921800      1.45e-01      4.58e-03    1.6e-08
1921900      1.26e-01      3.97e-03    1.6e-08
1922000      1.41e-01      4.46e-03    1.6e-08
1922100      1.41e-01      4.45e-03    1.6e-08
1922200      1.34e-01      4.22e-03    1.6e-08
1922300      1.40e-01      4.43e-03    1.6e-08
1922400      1.54e-01      4.88e-03    1.6e-08
1922500      1.20e-01      3.80e-03    1.6e-08
1922600      1.49e-01      4.71e-03    1.6e-08
1922700      1.26e-01      3.99e-03    1.6e-08
1922800      1.34e-01      4.24e-03    1.6e-08
1922900      1.46e-01      4.62e-03    1.6e-08
1923000      1.05e-01      3.32e-03    1.6e-08
1923100      1.03e-01      3.25e-03    1.6e-08
1923200      1.50e-01      4.74e-03    1.6e-08
1923300      1.32e-01      4.18e-03    1.6e-08
1923400      1.31e-01      4.15e-03    1.6e-08
1923500      1.13e-01      3.58e-03    1.6e-08
1923600      1.24e-01      3.92e-03    1.6e-08
1923700      1.17e-01      3.71e-03    1.6e-08
1923800      1.23e-01      3.88e-03    1.6e-08
1923900      1.34e-01      4.24e-03    1.6e-08
1924000      1.51e-01      4.79e-03    1.6e-08
1924100      1.18e-01      3.74e-03    1.6e-08
1924200      1.33e-01      4.21e-03    1.6e-08
1924300      1.24e-01      3.93e-03    1.6e-08
1924400      1.55e-01      4.92e-03    1.6e-08
1924500      1.24e-01      3.94e-03    1.6e-08
1924600      1.35e-01      4.26e-03    1.6e-08
1924700      1.30e-01      4.10e-03    1.6e-08
1924800      1.03e-01      3.26e-03    1.6e-08
1924900      1.41e-01      4.46e-03    1.6e-08
1925000      1.51e-01      4.77e-03    1.5e-08
1925100      1.50e-01      4.75e-03    1.5e-08
1925200      1.32e-01      4.17e-03    1.5e-08
1925300      1.43e-01      4.51e-03    1.5e-08
1925400      1.52e-01      4.81e-03    1.5e-08
1925500      1.27e-01      4.01e-03    1.5e-08
1925600      1.30e-01      4.12e-03    1.5e-08
1925700      1.57e-01      4.96e-03    1.5e-08
1925800      1.14e-01      3.61e-03    1.5e-08
1925900      1.20e-01      3.78e-03    1.5e-08
1926000      1.43e-01      4.54e-03    1.5e-08
1926100      1.33e-01      4.21e-03    1.5e-08
1926200      1.38e-01      4.35e-03    1.5e-08
1926300      1.07e-01      3.38e-03    1.5e-08
1926400      1.23e-01      3.89e-03    1.5e-08
1926500      1.33e-01      4.22e-03    1.5e-08
1926600      1.08e-01      3.43e-03    1.5e-08
1926700      1.02e-01      3.23e-03    1.5e-08
1926800      1.37e-01      4.33e-03    1.5e-08
1926900      1.18e-01      3.72e-03    1.5e-08
1927000      1.22e-01      3.86e-03    1.5e-08
1927100      1.30e-01      4.11e-03    1.5e-08
1927200      1.25e-01      3.96e-03    1.5e-08
1927300      1.16e-01      3.67e-03    1.5e-08
1927400      1.05e-01      3.30e-03    1.5e-08
1927500      1.37e-01      4.33e-03    1.5e-08
1927600      1.40e-01      4.41e-03    1.5e-08
1927700      1.06e-01      3.35e-03    1.5e-08
1927800      1.46e-01      4.61e-03    1.5e-08
1927900      1.13e-01      3.58e-03    1.5e-08
1928000      1.56e-01      4.93e-03    1.5e-08
1928100      1.16e-01      3.66e-03    1.5e-08
1928200      1.36e-01      4.31e-03    1.5e-08
1928300      9.97e-02      3.15e-03    1.5e-08
1928400      1.33e-01      4.22e-03    1.5e-08
1928500      1.44e-01      4.54e-03    1.5e-08
1928600      9.80e-02      3.10e-03    1.5e-08
1928700      1.49e-01      4.72e-03    1.5e-08
1928800      1.01e-01      3.19e-03    1.5e-08
1928900      1.12e-01      3.54e-03    1.5e-08
1929000      1.53e-01      4.83e-03    1.5e-08
1929100      1.51e-01      4.78e-03    1.5e-08
1929200      1.52e-01      4.81e-03    1.5e-08
1929300      1.46e-01      4.61e-03    1.5e-08
1929400      1.20e-01      3.80e-03    1.5e-08
1929500      1.13e-01      3.58e-03    1.5e-08
1929600      1.11e-01      3.50e-03    1.5e-08
1929700      1.43e-01      4.53e-03    1.5e-08
1929800      1.42e-01      4.48e-03    1.5e-08
1929900      1.32e-01      4.18e-03    1.5e-08
1930000      1.34e-01      4.23e-03    1.5e-08
1930100      1.26e-01      3.97e-03    1.5e-08
1930200      1.35e-01      4.28e-03    1.5e-08
1930300      1.53e-01      4.82e-03    1.5e-08
1930400      1.45e-01      4.60e-03    1.5e-08
1930500      1.41e-01      4.46e-03    1.5e-08
1930600      1.35e-01      4.28e-03    1.5e-08
1930700      1.39e-01      4.41e-03    1.5e-08
1930800      1.29e-01      4.09e-03    1.5e-08
1930900      1.30e-01      4.11e-03    1.5e-08
1931000      9.65e-02      3.05e-03    1.5e-08
1931100      1.43e-01      4.54e-03    1.5e-08
1931200      1.24e-01      3.92e-03    1.5e-08
1931300      1.44e-01      4.55e-03    1.5e-08
1931400      1.38e-01      4.37e-03    1.5e-08
1931500      1.45e-01      4.58e-03    1.5e-08
1931600      1.18e-01      3.72e-03    1.5e-08
1931700      1.17e-01      3.70e-03    1.5e-08
1931800      1.17e-01      3.69e-03    1.5e-08
1931900      1.58e-01      4.99e-03    1.5e-08
1932000      1.26e-01      3.98e-03    1.5e-08
1932100      1.43e-01      4.52e-03    1.5e-08
1932200      1.32e-01      4.19e-03    1.5e-08
1932300      1.51e-01      4.77e-03    1.5e-08
1932400      1.45e-01      4.58e-03    1.5e-08
1932500      1.14e-01      3.61e-03    1.5e-08
1932600      1.35e-01      4.27e-03    1.5e-08
1932700      1.49e-01      4.70e-03    1.5e-08
1932800      1.18e-01      3.73e-03    1.5e-08
1932900      1.35e-01      4.27e-03    1.5e-08
1933000      1.25e-01      3.95e-03    1.5e-08
1933100      1.46e-01      4.61e-03    1.5e-08
1933200      1.13e-01      3.57e-03    1.5e-08
1933300      9.89e-02      3.13e-03    1.5e-08
1933400      1.41e-01      4.46e-03    1.5e-08
1933500      1.32e-01      4.17e-03    1.5e-08
1933600      1.33e-01      4.22e-03    1.5e-08
1933700      1.09e-01      3.45e-03    1.5e-08
1933800      1.04e-01      3.30e-03    1.5e-08
1933900      1.38e-01      4.35e-03    1.5e-08
1934000      1.43e-01      4.51e-03    1.5e-08
1934100      1.24e-01      3.92e-03    1.5e-08
1934200      1.16e-01      3.66e-03    1.5e-08
1934300      1.52e-01      4.80e-03    1.5e-08
1934400      9.64e-02      3.05e-03    1.5e-08
1934500      1.36e-01      4.31e-03    1.5e-08
1934600      1.49e-01      4.71e-03    1.5e-08
1934700      1.35e-01      4.28e-03    1.5e-08
1934800      1.47e-01      4.64e-03    1.5e-08
1934900      1.09e-01      3.45e-03    1.5e-08
1935000      1.33e-01      4.20e-03    1.5e-08
1935100      1.17e-01      3.71e-03    1.5e-08
1935200      1.40e-01      4.43e-03    1.5e-08
1935300      1.36e-01      4.29e-03    1.5e-08
1935400      1.31e-01      4.13e-03    1.5e-08
1935500      1.17e-01      3.71e-03    1.5e-08
1935600      1.36e-01      4.29e-03    1.5e-08
1935700      1.47e-01      4.66e-03    1.5e-08
1935800      1.44e-01      4.55e-03    1.5e-08
1935900      1.38e-01      4.37e-03    1.5e-08
1936000      1.13e-01      3.58e-03    1.5e-08
1936100      1.20e-01      3.79e-03    1.5e-08
1936200      1.07e-01      3.38e-03    1.5e-08
1936300      1.40e-01      4.43e-03    1.5e-08
1936400      1.38e-01      4.37e-03    1.5e-08
1936500      1.44e-01      4.57e-03    1.5e-08
1936600      1.32e-01      4.18e-03    1.5e-08
1936700      1.06e-01      3.36e-03    1.5e-08
1936800      1.31e-01      4.13e-03    1.5e-08
1936900      1.42e-01      4.50e-03    1.5e-08
1937000      1.07e-01      3.39e-03    1.5e-08
1937100      1.04e-01      3.30e-03    1.5e-08
1937200      1.18e-01      3.72e-03    1.5e-08
1937300      1.21e-01      3.83e-03    1.5e-08
1937400      1.43e-01      4.51e-03    1.5e-08
1937500      1.31e-01      4.15e-03    1.5e-08
1937600      1.07e-01      3.37e-03    1.5e-08
1937700      1.17e-01      3.69e-03    1.5e-08
1937800      1.27e-01      4.00e-03    1.5e-08
1937900      1.34e-01      4.24e-03    1.5e-08
1938000      1.17e-01      3.69e-03    1.5e-08
1938100      1.16e-01      3.68e-03    1.5e-08
1938200      1.36e-01      4.31e-03    1.5e-08
1938300      1.13e-01      3.57e-03    1.5e-08
1938400      1.24e-01      3.92e-03    1.5e-08
1938500      1.11e-01      3.51e-03    1.5e-08
1938600      1.52e-01      4.81e-03    1.5e-08
1938700      1.51e-01      4.79e-03    1.5e-08
1938800      1.14e-01      3.59e-03    1.5e-08
1938900      1.44e-01      4.57e-03    1.5e-08
1939000      1.11e-01      3.52e-03    1.5e-08
1939100      1.36e-01      4.31e-03    1.5e-08
1939200      1.05e-01      3.32e-03    1.5e-08
1939300      1.40e-01      4.43e-03    1.5e-08
1939400      1.05e-01      3.33e-03    1.5e-08
1939500      1.33e-01      4.20e-03    1.5e-08
1939600      1.24e-01      3.93e-03    1.5e-08
1939700      1.07e-01      3.38e-03    1.5e-08
1939800      1.26e-01      3.99e-03    1.5e-08
1939900      1.21e-01      3.82e-03    1.5e-08
1940000      1.30e-01      4.12e-03    1.4e-08
1940100      1.11e-01      3.51e-03    1.4e-08
1940200      1.32e-01      4.18e-03    1.4e-08
1940300      1.38e-01      4.37e-03    1.4e-08
1940400      1.42e-01      4.49e-03    1.4e-08
1940500      1.43e-01      4.52e-03    1.4e-08
1940600      1.45e-01      4.58e-03    1.4e-08
1940700      1.13e-01      3.57e-03    1.4e-08
1940800      1.41e-01      4.47e-03    1.4e-08
1940900      1.40e-01      4.43e-03    1.4e-08
1941000      1.02e-01      3.23e-03    1.4e-08
1941100      1.33e-01      4.21e-03    1.4e-08
1941200      1.41e-01      4.46e-03    1.4e-08
1941300      1.27e-01      4.03e-03    1.4e-08
1941400      1.45e-01      4.57e-03    1.4e-08
1941500      1.22e-01      3.86e-03    1.4e-08
1941600      1.39e-01      4.40e-03    1.4e-08
1941700      1.15e-01      3.65e-03    1.4e-08
1941800      1.18e-01      3.72e-03    1.4e-08
1941900      1.42e-01      4.48e-03    1.4e-08
1942000      1.00e-01      3.17e-03    1.4e-08
1942100      1.11e-01      3.50e-03    1.4e-08
1942200      1.24e-01      3.91e-03    1.4e-08
1942300      1.49e-01      4.71e-03    1.4e-08
1942400      1.23e-01      3.90e-03    1.4e-08
1942500      1.19e-01      3.77e-03    1.4e-08
1942600      1.32e-01      4.19e-03    1.4e-08
1942700      1.44e-01      4.55e-03    1.4e-08
1942800      1.12e-01      3.55e-03    1.4e-08
1942900      1.44e-01      4.56e-03    1.4e-08
1943000      1.36e-01      4.31e-03    1.4e-08
1943100      1.45e-01      4.59e-03    1.4e-08
1943200      1.42e-01      4.48e-03    1.4e-08
1943300      1.19e-01      3.78e-03    1.4e-08
1943400      1.43e-01      4.52e-03    1.4e-08
1943500      1.25e-01      3.94e-03    1.4e-08
1943600      1.25e-01      3.94e-03    1.4e-08
1943700      1.17e-01      3.71e-03    1.4e-08
1943800      1.27e-01      4.03e-03    1.4e-08
1943900      1.36e-01      4.29e-03    1.4e-08
1944000      1.42e-01      4.50e-03    1.4e-08
1944100      1.04e-01      3.28e-03    1.4e-08
1944200      1.45e-01      4.58e-03    1.4e-08
1944300      1.31e-01      4.15e-03    1.4e-08
1944400      1.10e-01      3.49e-03    1.4e-08
1944500      1.41e-01      4.47e-03    1.4e-08
1944600      1.09e-01      3.45e-03    1.4e-08
1944700      1.14e-01      3.61e-03    1.4e-08
1944800      1.21e-01      3.82e-03    1.4e-08
1944900      1.45e-01      4.58e-03    1.4e-08
1945000      1.18e-01      3.72e-03    1.4e-08
1945100      1.41e-01      4.47e-03    1.4e-08
1945200      1.06e-01      3.36e-03    1.4e-08
1945300      1.25e-01      3.96e-03    1.4e-08
1945400      1.35e-01      4.26e-03    1.4e-08
1945500      1.42e-01      4.49e-03    1.4e-08
1945600      1.22e-01      3.85e-03    1.4e-08
1945700      1.05e-01      3.33e-03    1.4e-08
1945800      1.13e-01      3.56e-03    1.4e-08
1945900      1.19e-01      3.78e-03    1.4e-08
1946000      1.35e-01      4.26e-03    1.4e-08
1946100      1.24e-01      3.93e-03    1.4e-08
1946200      1.38e-01      4.36e-03    1.4e-08
1946300      1.16e-01      3.66e-03    1.4e-08
1946400      1.16e-01      3.67e-03    1.4e-08
1946500      1.43e-01      4.51e-03    1.4e-08
1946600      1.08e-01      3.41e-03    1.4e-08
1946700      1.43e-01      4.52e-03    1.4e-08
1946800      1.12e-01      3.54e-03    1.4e-08
1946900      1.08e-01      3.41e-03    1.4e-08
1947000      1.47e-01      4.66e-03    1.4e-08
1947100      1.34e-01      4.23e-03    1.4e-08
1947200      1.13e-01      3.58e-03    1.4e-08
1947300      1.49e-01      4.70e-03    1.4e-08
1947400      1.21e-01      3.84e-03    1.4e-08
1947500      1.39e-01      4.40e-03    1.4e-08
1947600      1.45e-01      4.59e-03    1.4e-08
1947700      1.26e-01      3.97e-03    1.4e-08
1947800      1.55e-01      4.92e-03    1.4e-08
1947900      1.10e-01      3.47e-03    1.4e-08
1948000      1.38e-01      4.36e-03    1.4e-08
1948100      1.07e-01      3.38e-03    1.4e-08
1948200      1.19e-01      3.76e-03    1.4e-08
1948300      1.16e-01      3.68e-03    1.4e-08
1948400      1.35e-01      4.26e-03    1.4e-08
1948500      1.18e-01      3.73e-03    1.4e-08
1948600      1.25e-01      3.96e-03    1.4e-08
1948700      1.09e-01      3.45e-03    1.4e-08
1948800      1.34e-01      4.24e-03    1.4e-08
1948900      1.33e-01      4.22e-03    1.4e-08
1949000      1.26e-01      3.98e-03    1.4e-08
1949100      1.42e-01      4.49e-03    1.4e-08
1949200      1.30e-01      4.11e-03    1.4e-08
1949300      1.31e-01      4.14e-03    1.4e-08
1949400      1.06e-01      3.37e-03    1.4e-08
1949500      1.29e-01      4.09e-03    1.4e-08
1949600      1.21e-01      3.82e-03    1.4e-08
1949700      1.41e-01      4.45e-03    1.4e-08
1949800      1.54e-01      4.86e-03    1.4e-08
1949900      1.52e-01      4.80e-03    1.4e-08
1950000      1.15e-01      3.64e-03    1.3e-08
1950100      1.27e-01      4.01e-03    1.3e-08
1950200      1.39e-01      4.40e-03    1.3e-08
1950300      1.35e-01      4.28e-03    1.3e-08
1950400      1.38e-01      4.37e-03    1.3e-08
1950500      1.51e-01      4.78e-03    1.3e-08
1950600      1.44e-01      4.56e-03    1.3e-08
1950700      1.43e-01      4.53e-03    1.3e-08
1950800      1.09e-01      3.44e-03    1.3e-08
1950900      1.21e-01      3.83e-03    1.3e-08
1951000      1.27e-01      4.03e-03    1.3e-08
1951100      1.43e-01      4.54e-03    1.3e-08
1951200      1.13e-01      3.59e-03    1.3e-08
1951300      1.36e-01      4.30e-03    1.3e-08
1951400      1.32e-01      4.17e-03    1.3e-08
1951500      1.21e-01      3.82e-03    1.3e-08
1951600      1.03e-01      3.26e-03    1.3e-08
1951700      1.49e-01      4.73e-03    1.3e-08
1951800      1.02e-01      3.24e-03    1.3e-08
1951900      1.48e-01      4.67e-03    1.3e-08
1952000      1.32e-01      4.16e-03    1.3e-08
1952100      1.38e-01      4.37e-03    1.3e-08
1952200      1.42e-01      4.50e-03    1.3e-08
1952300      1.25e-01      3.96e-03    1.3e-08
1952400      1.27e-01      4.02e-03    1.3e-08
1952500      1.31e-01      4.16e-03    1.3e-08
1952600      1.37e-01      4.33e-03    1.3e-08
1952700      1.30e-01      4.10e-03    1.3e-08
1952800      1.24e-01      3.93e-03    1.3e-08
1952900      1.24e-01      3.92e-03    1.3e-08
1953000      1.08e-01      3.41e-03    1.3e-08
1953100      1.28e-01      4.06e-03    1.3e-08
1953200      1.28e-01      4.06e-03    1.3e-08
1953300      1.45e-01      4.59e-03    1.3e-08
1953400      1.27e-01      4.02e-03    1.3e-08
1953500      1.16e-01      3.68e-03    1.3e-08
1953600      1.51e-01      4.76e-03    1.3e-08
1953700      1.26e-01      3.97e-03    1.3e-08
1953800      1.06e-01      3.36e-03    1.3e-08
1953900      1.62e-01      5.13e-03    1.3e-08
1954000      1.20e-01      3.79e-03    1.3e-08
1954100      1.50e-01      4.75e-03    1.3e-08
1954200      1.25e-01      3.95e-03    1.3e-08
1954300      1.34e-01      4.23e-03    1.3e-08
1954400      1.14e-01      3.61e-03    1.3e-08
1954500      1.12e-01      3.54e-03    1.3e-08
1954600      1.45e-01      4.58e-03    1.3e-08
1954700      1.37e-01      4.35e-03    1.3e-08
1954800      1.37e-01      4.32e-03    1.3e-08
1954900      1.45e-01      4.59e-03    1.3e-08
1955000      1.26e-01      4.00e-03    1.3e-08
1955100      1.05e-01      3.33e-03    1.3e-08
1955200      1.37e-01      4.34e-03    1.3e-08
1955300      1.06e-01      3.35e-03    1.3e-08
1955400      1.42e-01      4.50e-03    1.3e-08
1955500      1.43e-01      4.51e-03    1.3e-08
1955600      1.45e-01      4.59e-03    1.3e-08
1955700      1.50e-01      4.74e-03    1.3e-08
1955800      1.10e-01      3.47e-03    1.3e-08
1955900      1.14e-01      3.62e-03    1.3e-08
1956000      1.12e-01      3.55e-03    1.3e-08
1956100      1.20e-01      3.79e-03    1.3e-08
1956200      1.47e-01      4.66e-03    1.3e-08
1956300      1.40e-01      4.42e-03    1.3e-08
1956400      1.23e-01      3.89e-03    1.3e-08
1956500      1.42e-01      4.49e-03    1.3e-08
1956600      1.02e-01      3.21e-03    1.3e-08
1956700      1.47e-01      4.66e-03    1.3e-08
1956800      1.12e-01      3.54e-03    1.3e-08
1956900      1.45e-01      4.60e-03    1.3e-08
1957000      1.14e-01      3.59e-03    1.3e-08
1957100      1.55e-01      4.91e-03    1.3e-08
1957200      1.10e-01      3.49e-03    1.3e-08
1957300      1.29e-01      4.08e-03    1.3e-08
1957400      1.39e-01      4.40e-03    1.3e-08
1957500      1.28e-01      4.04e-03    1.3e-08
1957600      1.37e-01      4.34e-03    1.3e-08
1957700      1.14e-01      3.61e-03    1.3e-08
1957800      1.18e-01      3.74e-03    1.3e-08
1957900      1.06e-01      3.34e-03    1.3e-08
1958000      1.25e-01      3.97e-03    1.3e-08
1958100      1.52e-01      4.81e-03    1.3e-08
1958200      1.34e-01      4.25e-03    1.3e-08
1958300      1.35e-01      4.26e-03    1.3e-08
1958400      1.10e-01      3.46e-03    1.3e-08
1958500      1.35e-01      4.27e-03    1.3e-08
1958600      1.48e-01      4.67e-03    1.3e-08
1958700      1.12e-01      3.54e-03    1.3e-08
1958800      1.30e-01      4.12e-03    1.3e-08
1958900      1.20e-01      3.80e-03    1.3e-08
1959000      1.49e-01      4.70e-03    1.3e-08
1959100      1.34e-01      4.23e-03    1.3e-08
1959200      1.11e-01      3.51e-03    1.3e-08
1959300      1.43e-01      4.53e-03    1.3e-08
1959400      1.02e-01      3.24e-03    1.3e-08
1959500      1.51e-01      4.77e-03    1.3e-08
1959600      1.53e-01      4.83e-03    1.3e-08
1959700      1.12e-01      3.54e-03    1.3e-08
1959800      1.38e-01      4.37e-03    1.3e-08
1959900      1.30e-01      4.11e-03    1.3e-08
1960000      1.14e-01      3.61e-03    1.3e-08
1960100      1.20e-01      3.80e-03    1.3e-08
1960200      1.25e-01      3.95e-03    1.3e-08
1960300      1.39e-01      4.39e-03    1.3e-08
1960400      1.08e-01      3.43e-03    1.3e-08
1960500      1.14e-01      3.62e-03    1.3e-08
1960600      1.29e-01      4.09e-03    1.3e-08
1960700      1.51e-01      4.79e-03    1.3e-08
1960800      1.17e-01      3.70e-03    1.3e-08
1960900      1.29e-01      4.09e-03    1.3e-08
1961000      1.47e-01      4.65e-03    1.3e-08
1961100      1.34e-01      4.22e-03    1.3e-08
1961200      1.44e-01      4.56e-03    1.3e-08
1961300      1.34e-01      4.22e-03    1.3e-08
1961400      1.17e-01      3.69e-03    1.3e-08
1961500      1.40e-01      4.43e-03    1.3e-08
1961600      1.43e-01      4.51e-03    1.3e-08
1961700      1.34e-01      4.22e-03    1.3e-08
1961800      1.24e-01      3.93e-03    1.3e-08
1961900      1.47e-01      4.66e-03    1.3e-08
1962000      1.22e-01      3.86e-03    1.3e-08
1962100      1.41e-01      4.47e-03    1.3e-08
1962200      1.43e-01      4.53e-03    1.3e-08
1962300      1.39e-01      4.41e-03    1.3e-08
1962400      1.34e-01      4.23e-03    1.3e-08
1962500      1.12e-01      3.53e-03    1.3e-08
1962600      1.51e-01      4.77e-03    1.3e-08
1962700      1.11e-01      3.53e-03    1.3e-08
1962800      1.08e-01      3.41e-03    1.3e-08
1962900      1.01e-01      3.19e-03    1.3e-08
1963000      1.47e-01      4.66e-03    1.3e-08
1963100      1.40e-01      4.43e-03    1.3e-08
1963200      1.26e-01      4.00e-03    1.3e-08
1963300      1.47e-01      4.65e-03    1.3e-08
1963400      1.39e-01      4.38e-03    1.3e-08
1963500      1.39e-01      4.41e-03    1.3e-08
1963600      1.26e-01      4.00e-03    1.3e-08
1963700      9.64e-02      3.05e-03    1.3e-08
1963800      1.19e-01      3.77e-03    1.3e-08
1963900      1.21e-01      3.84e-03    1.3e-08
1964000      1.31e-01      4.13e-03    1.3e-08
1964100      1.36e-01      4.30e-03    1.3e-08
1964200      1.45e-01      4.58e-03    1.3e-08
1964300      1.28e-01      4.05e-03    1.3e-08
1964400      1.40e-01      4.44e-03    1.3e-08
1964500      9.45e-02      2.99e-03    1.3e-08
1964600      1.35e-01      4.27e-03    1.3e-08
1964700      1.05e-01      3.33e-03    1.3e-08
1964800      1.11e-01      3.51e-03    1.3e-08
1964900      1.45e-01      4.58e-03    1.3e-08
1965000      1.20e-01      3.80e-03    1.2e-08
1965100      1.36e-01      4.29e-03    1.2e-08
1965200      1.41e-01      4.46e-03    1.2e-08
1965300      1.49e-01      4.70e-03    1.2e-08
1965400      1.49e-01      4.72e-03    1.2e-08
1965500      9.85e-02      3.12e-03    1.2e-08
1965600      1.28e-01      4.04e-03    1.2e-08
1965700      1.16e-01      3.65e-03    1.2e-08
1965800      1.10e-01      3.49e-03    1.2e-08
1965900      1.41e-01      4.46e-03    1.2e-08
1966000      1.25e-01      3.94e-03    1.2e-08
1966100      1.01e-01      3.19e-03    1.2e-08
1966200      1.37e-01      4.33e-03    1.2e-08
1966300      1.26e-01      3.99e-03    1.2e-08
1966400      1.17e-01      3.69e-03    1.2e-08
1966500      1.37e-01      4.33e-03    1.2e-08
1966600      1.22e-01      3.85e-03    1.2e-08
1966700      1.39e-01      4.41e-03    1.2e-08
1966800      1.46e-01      4.62e-03    1.2e-08
1966900      1.21e-01      3.84e-03    1.2e-08
1967000      1.25e-01      3.95e-03    1.2e-08
1967100      1.49e-01      4.72e-03    1.2e-08
1967200      1.31e-01      4.13e-03    1.2e-08
1967300      1.29e-01      4.08e-03    1.2e-08
1967400      1.08e-01      3.42e-03    1.2e-08
1967500      1.54e-01      4.86e-03    1.2e-08
1967600      1.03e-01      3.25e-03    1.2e-08
1967700      1.30e-01      4.12e-03    1.2e-08
1967800      1.16e-01      3.67e-03    1.2e-08
1967900      1.13e-01      3.57e-03    1.2e-08
1968000      1.47e-01      4.63e-03    1.2e-08
1968100      1.04e-01      3.29e-03    1.2e-08
1968200      1.24e-01      3.93e-03    1.2e-08
1968300      1.41e-01      4.46e-03    1.2e-08
1968400      9.19e-02      2.91e-03    1.2e-08
1968500      1.47e-01      4.64e-03    1.2e-08
1968600      1.37e-01      4.32e-03    1.2e-08
1968700      1.39e-01      4.38e-03    1.2e-08
1968800      1.64e-01      5.19e-03    1.2e-08
1968900      1.41e-01      4.46e-03    1.2e-08
1969000      1.47e-01      4.65e-03    1.2e-08
1969100      1.53e-01      4.83e-03    1.2e-08
1969200      1.41e-01      4.46e-03    1.2e-08
1969300      1.20e-01      3.79e-03    1.2e-08
1969400      1.16e-01      3.66e-03    1.2e-08
1969500      1.31e-01      4.15e-03    1.2e-08
1969600      1.34e-01      4.25e-03    1.2e-08
1969700      1.42e-01      4.48e-03    1.2e-08
1969800      1.51e-01      4.76e-03    1.2e-08
1969900      1.24e-01      3.91e-03    1.2e-08
1970000      1.17e-01      3.69e-03    1.2e-08
1970100      1.12e-01      3.54e-03    1.2e-08
1970200      1.14e-01      3.59e-03    1.2e-08
1970300      1.32e-01      4.19e-03    1.2e-08
1970400      1.44e-01      4.54e-03    1.2e-08
1970500      1.46e-01      4.63e-03    1.2e-08
1970600      1.44e-01      4.56e-03    1.2e-08
1970700      1.40e-01      4.41e-03    1.2e-08
1970800      1.20e-01      3.80e-03    1.2e-08
1970900      1.10e-01      3.47e-03    1.2e-08
1971000      1.31e-01      4.15e-03    1.2e-08
1971100      1.38e-01      4.36e-03    1.2e-08
1971200      1.26e-01      4.00e-03    1.2e-08
1971300      1.21e-01      3.82e-03    1.2e-08
1971400      1.35e-01      4.27e-03    1.2e-08
1971500      1.31e-01      4.15e-03    1.2e-08
1971600      1.03e-01      3.27e-03    1.2e-08
1971700      1.52e-01      4.80e-03    1.2e-08
1971800      1.28e-01      4.06e-03    1.2e-08
1971900      1.08e-01      3.42e-03    1.2e-08
1972000      1.47e-01      4.64e-03    1.2e-08
1972100      1.44e-01      4.56e-03    1.2e-08
1972200      1.19e-01      3.77e-03    1.2e-08
1972300      1.12e-01      3.55e-03    1.2e-08
1972400      1.40e-01      4.43e-03    1.2e-08
1972500      1.34e-01      4.25e-03    1.2e-08
1972600      1.38e-01      4.37e-03    1.2e-08
1972700      1.56e-01      4.94e-03    1.2e-08
1972800      1.07e-01      3.39e-03    1.2e-08
1972900      1.47e-01      4.65e-03    1.2e-08
1973000      1.38e-01      4.37e-03    1.2e-08
1973100      1.43e-01      4.51e-03    1.2e-08
1973200      1.45e-01      4.59e-03    1.2e-08
1973300      1.23e-01      3.88e-03    1.2e-08
1973400      1.18e-01      3.72e-03    1.2e-08
1973500      1.07e-01      3.38e-03    1.2e-08
1973600      1.34e-01      4.25e-03    1.2e-08
1973700      1.23e-01      3.88e-03    1.2e-08
1973800      1.14e-01      3.59e-03    1.2e-08
1973900      1.42e-01      4.49e-03    1.2e-08
1974000      1.26e-01      3.97e-03    1.2e-08
1974100      1.37e-01      4.34e-03    1.2e-08
1974200      1.42e-01      4.50e-03    1.2e-08
1974300      1.22e-01      3.86e-03    1.2e-08
1974400      1.31e-01      4.15e-03    1.2e-08
1974500      1.42e-01      4.49e-03    1.2e-08
1974600      1.53e-01      4.83e-03    1.2e-08
1974700      1.15e-01      3.64e-03    1.2e-08
1974800      1.22e-01      3.87e-03    1.2e-08
1974900      1.19e-01      3.75e-03    1.2e-08
1975000      1.06e-01      3.34e-03    1.2e-08
1975100      1.43e-01      4.51e-03    1.2e-08
1975200      1.29e-01      4.09e-03    1.2e-08
1975300      1.20e-01      3.80e-03    1.2e-08
1975400      1.51e-01      4.76e-03    1.2e-08
1975500      1.49e-01      4.70e-03    1.2e-08
1975600      1.37e-01      4.33e-03    1.2e-08
1975700      1.07e-01      3.39e-03    1.2e-08
1975800      1.11e-01      3.51e-03    1.2e-08
1975900      1.47e-01      4.64e-03    1.2e-08
1976000      1.43e-01      4.51e-03    1.2e-08
1976100      1.27e-01      4.02e-03    1.2e-08
1976200      1.33e-01      4.19e-03    1.2e-08
1976300      1.35e-01      4.27e-03    1.2e-08
1976400      1.52e-01      4.79e-03    1.2e-08
1976500      1.20e-01      3.78e-03    1.2e-08
1976600      1.01e-01      3.20e-03    1.2e-08
1976700      1.05e-01      3.32e-03    1.2e-08
1976800      1.13e-01      3.56e-03    1.2e-08
1976900      1.49e-01      4.71e-03    1.2e-08
1977000      1.43e-01      4.51e-03    1.2e-08
1977100      1.09e-01      3.44e-03    1.2e-08
1977200      1.42e-01      4.50e-03    1.2e-08
1977300      1.27e-01      4.03e-03    1.2e-08
1977400      1.21e-01      3.83e-03    1.2e-08
1977500      9.92e-02      3.14e-03    1.2e-08
1977600      1.21e-01      3.82e-03    1.2e-08
1977700      1.10e-01      3.46e-03    1.2e-08
1977800      1.34e-01      4.25e-03    1.2e-08
1977900      1.02e-01      3.21e-03    1.2e-08
1978000      1.22e-01      3.86e-03    1.2e-08
1978100      1.42e-01      4.48e-03    1.2e-08
1978200      1.21e-01      3.84e-03    1.2e-08
1978300      1.41e-01      4.46e-03    1.2e-08
1978400      1.21e-01      3.82e-03    1.2e-08
1978500      1.44e-01      4.55e-03    1.2e-08
1978600      1.32e-01      4.18e-03    1.2e-08
1978700      1.30e-01      4.12e-03    1.2e-08
1978800      1.31e-01      4.16e-03    1.2e-08
1978900      1.11e-01      3.51e-03    1.2e-08
1979000      1.51e-01      4.77e-03    1.2e-08
1979100      1.16e-01      3.66e-03    1.2e-08
1979200      1.22e-01      3.86e-03    1.2e-08
1979300      1.32e-01      4.17e-03    1.2e-08
1979400      1.56e-01      4.92e-03    1.2e-08
1979500      1.53e-01      4.85e-03    1.2e-08
1979600      1.29e-01      4.08e-03    1.2e-08
1979700      1.28e-01      4.05e-03    1.2e-08
1979800      1.22e-01      3.86e-03    1.2e-08
1979900      1.37e-01      4.34e-03    1.2e-08
1980000      1.09e-01      3.45e-03    1.1e-08
1980100      1.46e-01      4.62e-03    1.1e-08
1980200      1.11e-01      3.51e-03    1.1e-08
1980300      1.34e-01      4.23e-03    1.1e-08
1980400      1.31e-01      4.13e-03    1.1e-08
1980500      1.43e-01      4.52e-03    1.1e-08
1980600      1.34e-01      4.23e-03    1.1e-08
1980700      1.36e-01      4.30e-03    1.1e-08
1980800      1.41e-01      4.46e-03    1.1e-08
1980900      1.32e-01      4.17e-03    1.1e-08
1981000      1.40e-01      4.43e-03    1.1e-08
1981100      1.44e-01      4.57e-03    1.1e-08
1981200      1.40e-01      4.43e-03    1.1e-08
1981300      1.51e-01      4.77e-03    1.1e-08
1981400      1.54e-01      4.88e-03    1.1e-08
1981500      1.35e-01      4.28e-03    1.1e-08
1981600      1.45e-01      4.58e-03    1.1e-08
1981700      1.34e-01      4.24e-03    1.1e-08
1981800      1.45e-01      4.59e-03    1.1e-08
1981900      1.40e-01      4.43e-03    1.1e-08
1982000      1.45e-01      4.57e-03    1.1e-08
1982100      1.21e-01      3.82e-03    1.1e-08
1982200      1.57e-01      4.98e-03    1.1e-08
1982300      1.04e-01      3.30e-03    1.1e-08
1982400      1.09e-01      3.44e-03    1.1e-08
1982500      1.52e-01      4.80e-03    1.1e-08
1982600      1.25e-01      3.94e-03    1.1e-08
1982700      1.30e-01      4.11e-03    1.1e-08
1982800      1.37e-01      4.33e-03    1.1e-08
1982900      1.07e-01      3.38e-03    1.1e-08
1983000      1.38e-01      4.36e-03    1.1e-08
1983100      1.23e-01      3.88e-03    1.1e-08
1983200      1.46e-01      4.60e-03    1.1e-08
1983300      1.24e-01      3.91e-03    1.1e-08
1983400      1.19e-01      3.76e-03    1.1e-08
1983500      1.38e-01      4.36e-03    1.1e-08
1983600      1.25e-01      3.95e-03    1.1e-08
1983700      1.23e-01      3.89e-03    1.1e-08
1983800      1.17e-01      3.69e-03    1.1e-08
1983900      1.48e-01      4.68e-03    1.1e-08
1984000      1.37e-01      4.33e-03    1.1e-08
1984100      1.20e-01      3.79e-03    1.1e-08
1984200      1.42e-01      4.50e-03    1.1e-08
1984300      1.31e-01      4.15e-03    1.1e-08
1984400      1.39e-01      4.40e-03    1.1e-08
1984500      1.41e-01      4.45e-03    1.1e-08
1984600      1.20e-01      3.80e-03    1.1e-08
1984700      1.21e-01      3.83e-03    1.1e-08
1984800      1.39e-01      4.39e-03    1.1e-08
1984900      1.42e-01      4.49e-03    1.1e-08
1985000      1.04e-01      3.28e-03    1.1e-08
1985100      1.32e-01      4.16e-03    1.1e-08
1985200      1.22e-01      3.85e-03    1.1e-08
1985300      1.03e-01      3.25e-03    1.1e-08
1985400      1.08e-01      3.41e-03    1.1e-08
1985500      1.35e-01      4.27e-03    1.1e-08
1985600      1.44e-01      4.57e-03    1.1e-08
1985700      1.39e-01      4.39e-03    1.1e-08
1985800      9.36e-02      2.96e-03    1.1e-08
1985900      1.54e-01      4.87e-03    1.1e-08
1986000      9.81e-02      3.10e-03    1.1e-08
1986100      1.23e-01      3.88e-03    1.1e-08
1986200      1.03e-01      3.26e-03    1.1e-08
1986300      1.30e-01      4.10e-03    1.1e-08
1986400      1.28e-01      4.04e-03    1.1e-08
1986500      1.53e-01      4.85e-03    1.1e-08
1986600      1.35e-01      4.27e-03    1.1e-08
1986700      1.17e-01      3.71e-03    1.1e-08
1986800      1.24e-01      3.93e-03    1.1e-08
1986900      1.25e-01      3.97e-03    1.1e-08
1987000      1.17e-01      3.71e-03    1.1e-08
1987100      1.17e-01      3.70e-03    1.1e-08
1987200      1.22e-01      3.84e-03    1.1e-08
1987300      1.33e-01      4.20e-03    1.1e-08
1987400      1.30e-01      4.11e-03    1.1e-08
1987500      1.41e-01      4.45e-03    1.1e-08
1987600      1.13e-01      3.56e-03    1.1e-08
1987700      1.31e-01      4.14e-03    1.1e-08
1987800      1.56e-01      4.94e-03    1.1e-08
1987900      1.42e-01      4.48e-03    1.1e-08
1988000      1.38e-01      4.35e-03    1.1e-08
1988100      1.06e-01      3.35e-03    1.1e-08
1988200      1.32e-01      4.16e-03    1.1e-08
1988300      1.31e-01      4.15e-03    1.1e-08
1988400      1.39e-01      4.41e-03    1.1e-08
1988500      1.45e-01      4.59e-03    1.1e-08
1988600      1.13e-01      3.59e-03    1.1e-08
1988700      9.27e-02      2.93e-03    1.1e-08
1988800      1.17e-01      3.69e-03    1.1e-08
1988900      1.53e-01      4.83e-03    1.1e-08
1989000      1.44e-01      4.57e-03    1.1e-08
1989100      1.17e-01      3.71e-03    1.1e-08
1989200      1.43e-01      4.51e-03    1.1e-08
1989300      1.35e-01      4.27e-03    1.1e-08
1989400      1.54e-01      4.86e-03    1.1e-08
1989500      1.46e-01      4.63e-03    1.1e-08
1989600      1.24e-01      3.92e-03    1.1e-08
1989700      1.15e-01      3.63e-03    1.1e-08
1989800      1.27e-01      4.01e-03    1.1e-08
1989900      1.50e-01      4.75e-03    1.1e-08
1990000      1.23e-01      3.89e-03    1.1e-08
1990100      1.11e-01      3.51e-03    1.1e-08
1990200      1.15e-01      3.64e-03    1.1e-08
1990300      1.15e-01      3.64e-03    1.1e-08
1990400      1.24e-01      3.93e-03    1.1e-08
1990500      1.38e-01      4.38e-03    1.1e-08
1990600      1.13e-01      3.57e-03    1.1e-08
1990700      1.30e-01      4.12e-03    1.1e-08
1990800      1.19e-01      3.76e-03    1.1e-08
1990900      1.01e-01      3.18e-03    1.1e-08
1991000      1.18e-01      3.73e-03    1.1e-08
1991100      1.35e-01      4.26e-03    1.1e-08
1991200      1.39e-01      4.38e-03    1.1e-08
1991300      1.62e-01      5.13e-03    1.1e-08
1991400      1.62e-01      5.12e-03    1.1e-08
1991500      1.03e-01      3.25e-03    1.1e-08
1991600      1.47e-01      4.65e-03    1.1e-08
1991700      1.11e-01      3.51e-03    1.1e-08
1991800      1.48e-01      4.67e-03    1.1e-08
1991900      1.43e-01      4.51e-03    1.1e-08
1992000      1.21e-01      3.81e-03    1.1e-08
1992100      1.12e-01      3.56e-03    1.1e-08
1992200      1.17e-01      3.69e-03    1.1e-08
1992300      1.11e-01      3.51e-03    1.1e-08
1992400      1.53e-01      4.85e-03    1.1e-08
1992500      1.51e-01      4.79e-03    1.1e-08
1992600      1.30e-01      4.11e-03    1.1e-08
1992700      1.29e-01      4.08e-03    1.1e-08
1992800      1.25e-01      3.97e-03    1.1e-08
1992900      1.22e-01      3.84e-03    1.1e-08
1993000      1.58e-01      5.01e-03    1.1e-08
1993100      1.49e-01      4.71e-03    1.1e-08
1993200      1.33e-01      4.20e-03    1.1e-08
1993300      1.20e-01      3.80e-03    1.1e-08
1993400      1.32e-01      4.19e-03    1.1e-08
1993500      1.25e-01      3.94e-03    1.1e-08
1993600      1.29e-01      4.08e-03    1.1e-08
1993700      1.52e-01      4.82e-03    1.1e-08
1993800      1.29e-01      4.09e-03    1.1e-08
1993900      1.46e-01      4.61e-03    1.1e-08
1994000      1.24e-01      3.93e-03    1.1e-08
1994100      1.23e-01      3.90e-03    1.1e-08
1994200      1.43e-01      4.53e-03    1.1e-08
1994300      1.36e-01      4.29e-03    1.1e-08
1994400      1.15e-01      3.63e-03    1.1e-08
1994500      9.88e-02      3.12e-03    1.1e-08
1994600      9.75e-02      3.08e-03    1.1e-08
1994700      1.10e-01      3.47e-03    1.1e-08
1994800      1.17e-01      3.70e-03    1.1e-08
1994900      1.21e-01      3.83e-03    1.1e-08
1995000      1.44e-01      4.54e-03    1.0e-08
1995100      1.25e-01      3.95e-03    1.0e-08
1995200      1.15e-01      3.64e-03    1.0e-08
1995300      1.17e-01      3.70e-03    1.0e-08
1995400      1.50e-01      4.74e-03    1.0e-08
1995500      1.13e-01      3.57e-03    1.0e-08
1995600      1.17e-01      3.69e-03    1.0e-08
1995700      1.44e-01      4.54e-03    1.0e-08
1995800      1.45e-01      4.60e-03    1.0e-08
1995900      1.41e-01      4.47e-03    1.0e-08
1996000      1.09e-01      3.44e-03    1.0e-08
1996100      1.31e-01      4.14e-03    1.0e-08
1996200      1.45e-01      4.59e-03    1.0e-08
1996300      1.07e-01      3.38e-03    1.0e-08
1996400      1.48e-01      4.68e-03    1.0e-08
1996500      1.32e-01      4.16e-03    1.0e-08
1996600      1.06e-01      3.35e-03    1.0e-08
1996700      1.09e-01      3.45e-03    1.0e-08
1996800      1.45e-01      4.60e-03    1.0e-08
1996900      1.52e-01      4.81e-03    1.0e-08
1997000      1.20e-01      3.79e-03    1.0e-08
1997100      1.24e-01      3.92e-03    1.0e-08
1997200      1.20e-01      3.81e-03    1.0e-08
1997300      1.49e-01      4.72e-03    1.0e-08
1997400      1.50e-01      4.74e-03    1.0e-08
1997500      1.18e-01      3.72e-03    1.0e-08
1997600      1.18e-01      3.72e-03    1.0e-08
1997700      1.43e-01      4.53e-03    1.0e-08
1997800      1.44e-01      4.55e-03    1.0e-08
1997900      1.09e-01      3.44e-03    1.0e-08
1998000      1.43e-01      4.53e-03    1.0e-08
1998100      1.25e-01      3.97e-03    1.0e-08
1998200      1.08e-01      3.43e-03    1.0e-08
1998300      1.34e-01      4.23e-03    1.0e-08
1998400      1.21e-01      3.83e-03    1.0e-08
1998500      9.92e-02      3.14e-03    1.0e-08
1998600      1.11e-01      3.50e-03    1.0e-08
1998700      1.35e-01      4.26e-03    1.0e-08
1998800      1.33e-01      4.21e-03    1.0e-08
1998900      1.14e-01      3.59e-03    1.0e-08
1999000      1.32e-01      4.19e-03    1.0e-08
1999100      1.23e-01      3.90e-03    1.0e-08
1999200      1.45e-01      4.59e-03    1.0e-08
1999300      1.34e-01      4.25e-03    1.0e-08
1999400      1.38e-01      4.37e-03    1.0e-08
1999500      1.40e-01      4.44e-03    1.0e-08
1999600      1.13e-01      3.57e-03    1.0e-08
1999700      1.46e-01      4.62e-03    1.0e-08
1999800      1.02e-01      3.21e-03    1.0e-08
1999900      1.45e-01      4.58e-03    1.0e-08
2000000      1.42e-01      4.50e-03    1.0e-08
